tx_id,timestamp,direction,peer_address,amount_sompi,cex_label
46b1f780d1713f9ac43dea98e7f81e9944683298174c22d0eba7c96e1ceb7ae7,2023-12-16T04:44:29.953000,sent,kaspa:qzslgwenzu78t6tldlng383g7ruu4enaljmnkgaulyrscjp7ldt26x8gfxck5,171940000,
46b1f780d1713f9ac43dea98e7f81e9944683298174c22d0eba7c96e1ceb7ae7,2023-12-16T04:44:29.953000,sent,kaspa:qzslgwenzu78t6tldlng383g7ruu4enaljmnkgaulyrscjp7ldt26x8gfxck5,171940000,
49b1e112b9094881a47a936cafa915de9889680e920792a2780818d908762547,2023-12-13T02:24:11.240000,received,kaspa:qypswxtcrv4ssyjaswy5w9387vq73mkuyq85tl34cee6qn5uexqy0csgnafnjx7,171000000,
fa60ffd67baf0d1f866c2ec8e1de6e31dda617fe875184bef87bc1dd801c8dc5,2023-11-29T17:49:04.588000,sent,kaspa:qypwe9d4vyhyfzkqceaaqa2rg84p4hm3rh3fun492a7qr6pluxt3jjsgj26jgt3,18000000,
a7bd4557d07c9f8100665b0cdcec7912275b29064dfe3cf8be79084bba2609cc,2023-11-27T21:10:51.220000,received,kaspa:qrh7hg99wa55cem920u9ctccq9xec25rsh55pp4t0gzqtls6nusrc4m4z5ddx,19000000,
