tx_id,timestamp,direction,peer_address,amount_sompi,cex_label
afdadbe849c682157abf6bb6bf3ffb106bcbd2f964bf99641caa8acc5a7abbfd,2024-02-17T11:08:23.509000,sent,kaspa:qqd463qjk795l7x06el7qjdh4hjtprah8mtnxx8exg8wz43fla4djkghheu25,172980000,
afdadbe849c682157abf6bb6bf3ffb106bcbd2f964bf99641caa8acc5a7abbfd,2024-02-17T11:08:23.509000,sent,kaspa:qqd463qjk795l7x06el7qjdh4hjtprah8mtnxx8exg8wz43fla4djkghheu25,172980000,
784a007decd802efb3050b726369f5e248170d661e24b8b464da704340005a6c,2023-12-12T22:22:58.633000,received,kaspa:qypswxtcrv4ssyjaswy5w9387vq73mkuyq85tl34cee6qn5uexqy0csgnafnjx7,171000000,
dc8b4dc2909d519916508009b57e7c0431805c9c3ce4777f709d2a8eb236f051,2023-11-29T14:00:05.872000,sent,kaspa:qypkuyankm59agzlrl30w444s0crvcc32p5mh7yhru9m5x20y02pjxcevpxrx85,18000000,
994c335218f6918e863c44f80924737e2b8222ed840e9704422f1187d8dc0a7f,2023-11-27T21:07:29.696000,received,kaspa:qyp8vk4us67xk78zu9yc3x4ptl9xff3vg820vvqzx7gec6nk62jl3pgfp3h7hy4,20000000,
