tx_id,timestamp,direction,peer_address,amount_sompi,cex_label
5e1ffa5017a7287d5aa84d4bbae1b6ffdf037b333d5222bec303542f1df29bb4,2023-12-16T03:16:07.884000,sent,kaspa:qzslgwenzu78t6tldlng383g7ruu4enaljmnkgaulyrscjp7ldt26x8gfxck5,171940000,
5e1ffa5017a7287d5aa84d4bbae1b6ffdf037b333d5222bec303542f1df29bb4,2023-12-16T03:16:07.884000,sent,kaspa:qzslgwenzu78t6tldlng383g7ruu4enaljmnkgaulyrscjp7ldt26x8gfxck5,171940000,
ec08f7ff561bbc9ed409c527dd1b51cef52ddedc6bd01a0f2ec74d7a1b6f9a97,2023-12-12T00:20:10.224000,received,kaspa:qypswxtcrv4ssyjaswy5w9387vq73mkuyq85tl34cee6qn5uexqy0csgnafnjx7,171000000,
b16f6d85b40bd9ffe50b626eb631a3f83cebdc08842da1f325d83b589c240866,2023-11-27T14:24:29.301000,sent,kaspa:qypn9ju9puzqdpn043ljt7rdmtm9av344xjtqynjgal5kmm37k0f77q0ulelv6c,18000000,
2f24cfe2b3da3b8bc13dbd582a938d628fd98dd9cbaef5dc872fe68e9b55394e,2023-11-27T09:38:49.965000,received,kaspa:qzgjznhauul6ynlssnt804gj3g8z0yyenwf9jya9cmjfmlseg3h76gy5urjdy,19000000,
