tx_id,timestamp,direction,peer_address,amount_sompi,cex_label
29fe55abc99dd714dbb8f4226841b800100dfa84a1dd721c4244445752d410ef,2024-11-18T11:33:17.109000,sent,kaspa:qqnqv3rvnctfyrjteurqm0gmqfu7yjg3949yxpyxxfa4rgm9nt2zxauwq8xvs,600000000000,
29fe55abc99dd714dbb8f4226841b800100dfa84a1dd721c4244445752d410ef,2024-11-18T11:33:17.109000,sent,kaspa:qz25z37qmngrx2xdvzyfna0n045pv3mg8y769eq3zft4ja58p8wxwxdms5q5p,7667268032,
990f0adf7f85d4781be548cfb58957fea3ab421115bb2db8b5329dbffbaf6d9d,2024-11-18T11:21:54.824000,received,kaspa:qzgtduqyccg66ms6crgpgnnn802c7drpevy4fsq8069lpzhdwfxhy4079jsrp,199588197795,
990f0adf7f85d4781be548cfb58957fea3ab421115bb2db8b5329dbffbaf6d9d,2024-11-18T11:21:54.824000,received,kaspa:qzgtduqyccg66ms6crgpgnnn802c7drpevy4fsq8069lpzhdwfxhy4079jsrp,199588197795,
990f0adf7f85d4781be548cfb58957fea3ab421115bb2db8b5329dbffbaf6d9d,2024-11-18T11:21:54.824000,received,kaspa:qzgtduqyccg66ms6crgpgnnn802c7drpevy4fsq8069lpzhdwfxhy4079jsrp,199588197795,
45b53ea853b09bb663009ab102d19fda78b0adb53c17e04ec12aec1dc2b65d42,2023-08-21T11:15:44.716000,sent,kaspa:qypyvgc69vavkwu390gaay2hyt07fzcmpn3wljj9r2ummqjp4tpdhhgs7dthv47,79999996769,
45b53ea853b09bb663009ab102d19fda78b0adb53c17e04ec12aec1dc2b65d42,2023-08-21T11:15:44.716000,sent,kaspa:qp6hsjn80zrshzgq2uezzps35ktckr5qzjs0wsz3dmdwm7ydd9gf242se3am8,10351058697,
ebccbf13a78a2a3a4bec4659cfc6d791ef1d1ff1a7263c4808dab8dad8a6c21f,2023-08-21T11:14:23.068000,received,kaspa:qqwvnkp47wsj6n4hkdlgj8dsauyx0xvefunnwvvsmpq2udd0ka8ckmpuqw3k5,50000000000,
