tx_id,timestamp,direction,peer_address,amount_sompi,cex_label
b1987b9edbc1ee13dc276530e0878ba36e9425f6f0b87440ff4a1df3b64ce525,2024-11-17T16:17:07.356000,sent,kaspa:qqnqv3rvnctfyrjteurqm0gmqfu7yjg3949yxpyxxfa4rgm9nt2zxauwq8xvs,4480000000000,
b1987b9edbc1ee13dc276530e0878ba36e9425f6f0b87440ff4a1df3b64ce525,2024-11-17T16:17:07.356000,sent,kaspa:qrvesfle0aw784e7zwhcshrscqls9f5a9d90wegwa3y4lzfhm8mmxzt9prfy7,15677555347,
618535c464f9975a1b11219883361271fae37f161fd476d38f25351807c0cdb1,2024-11-17T15:25:00.176000,received,kaspa:qz4f880tpt24h08e0ycqxual4yga60547lzzlht50ekpvr5msls6zu6v63n5q,4495677557416,
618535c464f9975a1b11219883361271fae37f161fd476d38f25351807c0cdb1,2024-11-17T15:25:00.176000,received,kaspa:qqmdrrlznz7cgax9jvefm4g4fwtsnnz8r96574qduyjakmyd5rtgc3a4rx0qr,4495677557416,
