tx_id,timestamp,direction,peer_address,amount_sompi,cex_label
8441644cc5a617eb3c9bb569002b68ba2034a538d8bf5c656d04be97b3c8d24d,2023-11-03T17:26:45.971000,sent,kaspa:qyp7tpr782mcamgj6hhsn6r5zz9zc0mzwh89l807xekmsmzrwmmm8ngax395h7p,10000000000000,
8441644cc5a617eb3c9bb569002b68ba2034a538d8bf5c656d04be97b3c8d24d,2023-11-03T17:26:45.971000,sent,kaspa:qrlhnhy9eef02gsqpc3hxpu5tukw0elam67269uakc3wrkx9mzad2agfrt0wc,3039428509491,
7418a87db2be2878a043eb8eb45cb958d97fb02feee56fdde15792cb45278f51,2023-10-16T19:30:54.817000,received,kaspa:qyp7tpr782mcamgj6hhsn6r5zz9zc0mzwh89l807xekmsmzrwmmm8ngax395h7p,10000000000,
7418a87db2be2878a043eb8eb45cb958d97fb02feee56fdde15792cb45278f51,2023-10-16T19:30:54.817000,received,kaspa:qyp7tpr782mcamgj6hhsn6r5zz9zc0mzwh89l807xekmsmzrwmmm8ngax395h7p,10000000000,
7418a87db2be2878a043eb8eb45cb958d97fb02feee56fdde15792cb45278f51,2023-10-16T19:30:54.817000,received,kaspa:qyp7tpr782mcamgj6hhsn6r5zz9zc0mzwh89l807xekmsmzrwmmm8ngax395h7p,10000000000,
7418a87db2be2878a043eb8eb45cb958d97fb02feee56fdde15792cb45278f51,2023-10-16T19:30:54.817000,received,kaspa:qyp7tpr782mcamgj6hhsn6r5zz9zc0mzwh89l807xekmsmzrwmmm8ngax395h7p,10000000000,
7418a87db2be2878a043eb8eb45cb958d97fb02feee56fdde15792cb45278f51,2023-10-16T19:30:54.817000,received,kaspa:qyp7tpr782mcamgj6hhsn6r5zz9zc0mzwh89l807xekmsmzrwmmm8ngax395h7p,10000000000,
7418a87db2be2878a043eb8eb45cb958d97fb02feee56fdde15792cb45278f51,2023-10-16T19:30:54.817000,received,kaspa:qyp7tpr782mcamgj6hhsn6r5zz9zc0mzwh89l807xekmsmzrwmmm8ngax395h7p,10000000000,
7418a87db2be2878a043eb8eb45cb958d97fb02feee56fdde15792cb45278f51,2023-10-16T19:30:54.817000,received,kaspa:qyp7tpr782mcamgj6hhsn6r5zz9zc0mzwh89l807xekmsmzrwmmm8ngax395h7p,10000000000,
7418a87db2be2878a043eb8eb45cb958d97fb02feee56fdde15792cb45278f51,2023-10-16T19:30:54.817000,received,kaspa:qyp7tpr782mcamgj6hhsn6r5zz9zc0mzwh89l807xekmsmzrwmmm8ngax395h7p,10000000000,
b2a9e1b43fc46635c8bdb4084830d020567a6a0157333dae09accdbbd6d3640d,2023-10-16T17:42:35.110000,sent,kaspa:qzxf9y9pnpd3s9px9dctcjt09uugms282qsx3hue8turt4dfkccecuh07m06a,10532428522193,
af2196a68c1030426906346fdc8160360be1a10370ca46f9d2659dec31b15754,2023-08-17T11:39:06.938000,received,kaspa:qz5ej4z3xhe6tr7k64j8zxglnucryjqkpxrs4aqk6u7q603y90k0zgnvxf3xv,3211328531674,
af2196a68c1030426906346fdc8160360be1a10370ca46f9d2659dec31b15754,2023-08-17T11:39:06.938000,received,kaspa:qz5ej4z3xhe6tr7k64j8zxglnucryjqkpxrs4aqk6u7q603y90k0zgnvxf3xv,3211328531674,
ffafa4beeea352ae627107d5ec2aec1ebb232b7c6912714735b31eaf775084d3,2023-08-16T09:44:25.716000,sent,kaspa:qz5ej4z3xhe6tr7k64j8zxglnucryjqkpxrs4aqk6u7q603y90k0zgnvxf3xv,2899997931,
ffafa4beeea352ae627107d5ec2aec1ebb232b7c6912714735b31eaf775084d3,2023-08-16T09:44:25.716000,sent,kaspa:qpsa9gx7x4d69x2jtqw9ejftfgz020vsjh6fzczph8csm4quwdgev2ckpj2k6,7000000000,
77569fd83bd6a9fc0cd3b952756b335b7ed9a373a6f02bc0e9fe7c2a6f9ab93a,2023-07-29T11:49:03.603000,received,kaspa:qz5ej4z3xhe6tr7k64j8zxglnucryjqkpxrs4aqk6u7q603y90k0zgnvxf3xv,10000000000,
77569fd83bd6a9fc0cd3b952756b335b7ed9a373a6f02bc0e9fe7c2a6f9ab93a,2023-07-29T11:49:03.603000,received,kaspa:qz5ej4z3xhe6tr7k64j8zxglnucryjqkpxrs4aqk6u7q603y90k0zgnvxf3xv,10000000000,
