tx_id,timestamp,direction,peer_address,amount_sompi,cex_label
3f4d0978d08b875a6664f82cdf571ae17d73cd829eaf6f733095397ea2206115,2023-12-16T04:34:29.542000,sent,kaspa:qzslgwenzu78t6tldlng383g7ruu4enaljmnkgaulyrscjp7ldt26x8gfxck5,171940000,
3f4d0978d08b875a6664f82cdf571ae17d73cd829eaf6f733095397ea2206115,2023-12-16T04:34:29.542000,sent,kaspa:qzslgwenzu78t6tldlng383g7ruu4enaljmnkgaulyrscjp7ldt26x8gfxck5,171940000,
ba61dcf2c9547acf116b996cf9c748fe00942b3216e0fe07560a6cb4ee1a0724,2023-12-12T18:54:17.122000,received,kaspa:qypswxtcrv4ssyjaswy5w9387vq73mkuyq85tl34cee6qn5uexqy0csgnafnjx7,171000000,
9a87272fb2ed24c3f72e5f1a8812ac54e8af22b04e362d213beb39bc4b0d69d0,2023-11-29T08:08:52.196000,sent,kaspa:qyp762ap488ket7e49d99ak3yezjy732egdjdu35h0q32u64fxzq9qgkfr900u4,18000000,
59b1e1558232b2d2bcd160dda8ab627f6c7b010d5419ebf4c2645456572692c7,2023-11-29T01:59:30.636000,received,kaspa:qzggq9ds6xs7x9t3mxufu45te89sadcut2jre2pedc3llas0z8xxs36wcnlup,19000000,
