tx_id,timestamp,direction,peer_address,amount_sompi,cex_label
6a03337dd1a145add2b75cda217927a57336141fdb3c6c454b1ec69af5a71986,2025-04-01T13:44:45.592000,sent,kaspa:qz8sx4kz82sxxtq7dh0yrvadmt45akspg9kq796n4cx7a0g34yt65aqj7peal,500000147271,
6a03337dd1a145add2b75cda217927a57336141fdb3c6c454b1ec69af5a71986,2025-04-01T13:44:45.592000,sent,kaspa:qz8sx4kz82sxxtq7dh0yrvadmt45akspg9kq796n4cx7a0g34yt65aqj7peal,500000147271,
f1a555a07f31e35d0b830a8d298e9e60350a60630901250170343c7f6275d48a,2023-07-10T18:42:05.794000,received,kaspa:qqetp7ct8kqss99fxmymyz5t3fezppxp0t58wl6pawp27elqd46uudme00cl0,10000000000,
c9b22037f89de72b6e400aa18f9ccf1cbb02c029af825752cdb57a3e915b6144,2023-07-08T21:34:03.161000,received,kaspa:qqetp7ct8kqss99fxmymyz5t3fezppxp0t58wl6pawp27elqd46uudme00cl0,3000000000,
43677a9af3aafa9f7ba621eebb6cb944cbb9c6e0fbe9e77c002a6478f32edf47,2023-06-17T14:30:21.745000,sent,kaspa:qrf46klp3ud5d7m4cuxcs6uqmf2jq5emt9dxg2736mgyq40rzp0xvjh9alwyt,500000000000,
43677a9af3aafa9f7ba621eebb6cb944cbb9c6e0fbe9e77c002a6478f32edf47,2023-06-17T14:30:21.745000,sent,kaspa:qzkxt24rzzn3uqlqxwmwc287dhx2tht4q6calu63myxs7eh923tdz6pr5puz4,101910491,
43677a9af3aafa9f7ba621eebb6cb944cbb9c6e0fbe9e77c002a6478f32edf47,2023-06-17T14:30:21.745000,sent,kaspa:qrf46klp3ud5d7m4cuxcs6uqmf2jq5emt9dxg2736mgyq40rzp0xvjh9alwyt,500000000000,
43677a9af3aafa9f7ba621eebb6cb944cbb9c6e0fbe9e77c002a6478f32edf47,2023-06-17T14:30:21.745000,sent,kaspa:qzkxt24rzzn3uqlqxwmwc287dhx2tht4q6calu63myxs7eh923tdz6pr5puz4,101910491,
43677a9af3aafa9f7ba621eebb6cb944cbb9c6e0fbe9e77c002a6478f32edf47,2023-06-17T14:30:21.745000,sent,kaspa:qrf46klp3ud5d7m4cuxcs6uqmf2jq5emt9dxg2736mgyq40rzp0xvjh9alwyt,500000000000,
43677a9af3aafa9f7ba621eebb6cb944cbb9c6e0fbe9e77c002a6478f32edf47,2023-06-17T14:30:21.745000,sent,kaspa:qzkxt24rzzn3uqlqxwmwc287dhx2tht4q6calu63myxs7eh923tdz6pr5puz4,101910491,
43677a9af3aafa9f7ba621eebb6cb944cbb9c6e0fbe9e77c002a6478f32edf47,2023-06-17T14:30:21.745000,sent,kaspa:qrf46klp3ud5d7m4cuxcs6uqmf2jq5emt9dxg2736mgyq40rzp0xvjh9alwyt,500000000000,
43677a9af3aafa9f7ba621eebb6cb944cbb9c6e0fbe9e77c002a6478f32edf47,2023-06-17T14:30:21.745000,sent,kaspa:qzkxt24rzzn3uqlqxwmwc287dhx2tht4q6calu63myxs7eh923tdz6pr5puz4,101910491,
43677a9af3aafa9f7ba621eebb6cb944cbb9c6e0fbe9e77c002a6478f32edf47,2023-06-17T14:30:21.745000,sent,kaspa:qrf46klp3ud5d7m4cuxcs6uqmf2jq5emt9dxg2736mgyq40rzp0xvjh9alwyt,500000000000,
43677a9af3aafa9f7ba621eebb6cb944cbb9c6e0fbe9e77c002a6478f32edf47,2023-06-17T14:30:21.745000,sent,kaspa:qzkxt24rzzn3uqlqxwmwc287dhx2tht4q6calu63myxs7eh923tdz6pr5puz4,101910491,
43677a9af3aafa9f7ba621eebb6cb944cbb9c6e0fbe9e77c002a6478f32edf47,2023-06-17T14:30:21.745000,sent,kaspa:qrf46klp3ud5d7m4cuxcs6uqmf2jq5emt9dxg2736mgyq40rzp0xvjh9alwyt,500000000000,
43677a9af3aafa9f7ba621eebb6cb944cbb9c6e0fbe9e77c002a6478f32edf47,2023-06-17T14:30:21.745000,sent,kaspa:qzkxt24rzzn3uqlqxwmwc287dhx2tht4q6calu63myxs7eh923tdz6pr5puz4,101910491,
43677a9af3aafa9f7ba621eebb6cb944cbb9c6e0fbe9e77c002a6478f32edf47,2023-06-17T14:30:21.745000,sent,kaspa:qrf46klp3ud5d7m4cuxcs6uqmf2jq5emt9dxg2736mgyq40rzp0xvjh9alwyt,500000000000,
43677a9af3aafa9f7ba621eebb6cb944cbb9c6e0fbe9e77c002a6478f32edf47,2023-06-17T14:30:21.745000,sent,kaspa:qzkxt24rzzn3uqlqxwmwc287dhx2tht4q6calu63myxs7eh923tdz6pr5puz4,101910491,
43677a9af3aafa9f7ba621eebb6cb944cbb9c6e0fbe9e77c002a6478f32edf47,2023-06-17T14:30:21.745000,sent,kaspa:qrf46klp3ud5d7m4cuxcs6uqmf2jq5emt9dxg2736mgyq40rzp0xvjh9alwyt,500000000000,
43677a9af3aafa9f7ba621eebb6cb944cbb9c6e0fbe9e77c002a6478f32edf47,2023-06-17T14:30:21.745000,sent,kaspa:qzkxt24rzzn3uqlqxwmwc287dhx2tht4q6calu63myxs7eh923tdz6pr5puz4,101910491,
3ed4bcfd5e4376c92b883dad7017cf574a9706c4fcfa88aa0499bb00e48a215d,2023-05-29T21:05:49.364000,sent,kaspa:qrf46klp3ud5d7m4cuxcs6uqmf2jq5emt9dxg2736mgyq40rzp0xvjh9alwyt,503000000000,
3ed4bcfd5e4376c92b883dad7017cf574a9706c4fcfa88aa0499bb00e48a215d,2023-05-29T21:05:49.364000,sent,kaspa:qq9fqxpfqexjyayz8n6ythr8ym22fdc7e5uzss90f55y9ym0nppd5ajpxhrzc,5180924711,
3ed4bcfd5e4376c92b883dad7017cf574a9706c4fcfa88aa0499bb00e48a215d,2023-05-29T21:05:49.364000,sent,kaspa:qrf46klp3ud5d7m4cuxcs6uqmf2jq5emt9dxg2736mgyq40rzp0xvjh9alwyt,503000000000,
3ed4bcfd5e4376c92b883dad7017cf574a9706c4fcfa88aa0499bb00e48a215d,2023-05-29T21:05:49.364000,sent,kaspa:qq9fqxpfqexjyayz8n6ythr8ym22fdc7e5uzss90f55y9ym0nppd5ajpxhrzc,5180924711,
a94499b538ff0f62f60e9318cee737fff4902c12c85ba55d10f82127e2b2f3ff,2023-05-21T08:52:05.216000,received,kaspa:qqetp7ct8kqss99fxmymyz5t3fezppxp0t58wl6pawp27elqd46uudme00cl0,52610000000,
b51827ae2ef2672edc341c978a7a4bd784bf07221fc3eb4e8dbe1e69d43d1408,2023-05-20T11:52:26.311000,received,kaspa:qq3k4du6wf2g26j7ds6fqmgtgavgm3zy676wntp2e52nsuns2n4s6xkndmx0y,78610750000,
2a5994df2f774bd412f2cefbfe7b43a3134f5a77f3641cf02d7bbf43b0a3fa42,2023-05-20T11:46:14.918000,sent,kaspa:qp0qnczz5jc8vpujuyqrjw5eey73paqfgxks7505pqdz9eqwmwftxg44gu00z,4700000000,
2a5994df2f774bd412f2cefbfe7b43a3134f5a77f3641cf02d7bbf43b0a3fa42,2023-05-20T11:46:14.918000,sent,kaspa:qqlt5w6lw899d53ys6x82fdtkc767mxqm0jfqenr0r4t6dhz069l53883mag7,498299986780,
c2ba087f2a533bcdcbd07ba7d187aa0f082d8f66ef38b8f195ce5a4520953db6,2023-05-20T11:41:30.614000,received,kaspa:qqetp7ct8kqss99fxmymyz5t3fezppxp0t58wl6pawp27elqd46uudme00cl0,104780997931,
a73627b2967611155f69916b6743678e64548ea92f8e865c626c9d457f072fd5,2023-05-19T13:13:36.380000,received,kaspa:qr6ascak69rknvy4xpshlw6cufacjhplzhg5whtx95pzhldsfpn9ca5flt944,502999996780,
a73627b2967611155f69916b6743678e64548ea92f8e865c626c9d457f072fd5,2023-05-19T13:13:36.380000,received,kaspa:qq7g2vsfnmu7w92jdqtgq8q4f38ea0c70nv82nepveqy3wqjv6935r06zf9yd,502999996780,
93c9bf186b7e2285cd240d55e74375d52010f2caa7e57b083d5b91cda029dff8,2023-05-19T11:48:02.484000,received,kaspa:qqetp7ct8kqss99fxmymyz5t3fezppxp0t58wl6pawp27elqd46uudme00cl0,103000000000,
1da191fb8ef96e427b7c35116974b6da1506206c549159aeb3ff663c81186cfa,2023-05-19T11:30:03.513000,received,kaspa:qqetp7ct8kqss99fxmymyz5t3fezppxp0t58wl6pawp27elqd46uudme00cl0,66700000000,
d6c3a97122da62dd6c6e5e795356cd5243725c5dcbea9fbbbfac42d651dd3614,2023-05-19T11:24:01.670000,received,kaspa:qqetp7ct8kqss99fxmymyz5t3fezppxp0t58wl6pawp27elqd46uudme00cl0,139300000000,
3c7254ffecbcd67de96dbc7d59374db78998138aeae68cb725d5bf114fc4794c,2023-05-19T11:02:28.605000,received,kaspa:qpq94ntnvy8p9q6wrdwtn37xtspgashrydc0kuu8ctpyxulmh0wlxh2807zdh,50890320000,
4ca6065dfa0960784dcb7445d6edd1a1647d6ad382512a259ec2611621902023,2023-05-19T10:51:05.959000,received,kaspa:qqetp7ct8kqss99fxmymyz5t3fezppxp0t58wl6pawp27elqd46uudme00cl0,63110000000,
ff4f4d76beae3ba482cde0d82d9fbdf851d992ab74b270f8cb184b7f71d00f0c,2023-05-19T10:47:17.565000,received,kaspa:qzddgjpklrye66x54s4zkj6wru9m02je9rg9x92ywlv7n5y9fk28xsm8xq2uc,30000009000,
ff4f4d76beae3ba482cde0d82d9fbdf851d992ab74b270f8cb184b7f71d00f0c,2023-05-19T10:47:17.565000,received,kaspa:qq37zaymrry3e70jzl7et7nalqga4nu86mkck8pey5ts70kakm0uqqjgam7ns,30000009000,
d675f8104617afed7e66a2956329d204476f0ab08ebef1276d5f7bebf1ecf297,2023-05-19T09:39:41.992000,received,kaspa:qzddgjpklrye66x54s4zkj6wru9m02je9rg9x92ywlv7n5y9fk28xsm8xq2uc,49999996780,
d675f8104617afed7e66a2956329d204476f0ab08ebef1276d5f7bebf1ecf297,2023-05-19T09:39:41.992000,received,kaspa:qzddgjpklrye66x54s4zkj6wru9m02je9rg9x92ywlv7n5y9fk28xsm8xq2uc,49999996780,
