tx_id,timestamp,direction,peer_address,amount_sompi,cex_label
0382fda423833ef642a61a8beb1a0e22fc87896baa8ebb1f27ee2a8043276294,2023-12-16T04:50:23.337000,sent,kaspa:qzslgwenzu78t6tldlng383g7ruu4enaljmnkgaulyrscjp7ldt26x8gfxck5,171940000,
0382fda423833ef642a61a8beb1a0e22fc87896baa8ebb1f27ee2a8043276294,2023-12-16T04:50:23.337000,sent,kaspa:qzslgwenzu78t6tldlng383g7ruu4enaljmnkgaulyrscjp7ldt26x8gfxck5,171940000,
723d777b34de1f293dc9b46bbffbdd243e59ba39c014f949db14a93c46ad4e14,2023-12-12T19:31:39.532000,received,kaspa:qypswxtcrv4ssyjaswy5w9387vq73mkuyq85tl34cee6qn5uexqy0csgnafnjx7,171000000,
24a56c9116c9ccd03e6015fa35b4103969be7fb663f4ae6cf5c1c72f1ab9b104,2023-11-29T09:16:46.980000,sent,kaspa:qyp0w4eaw0yrkkxu46r6qj4kceew0d6jlhqfx2xu8azl83cp346evus053wy8em,18000000,
58253082b51944dabcf0ae4190da6d05681fea39bfa8a342c8ef4e45ab5bf2fc,2023-11-28T23:06:37.004000,received,kaspa:qzgd6ztyczzv7rxjwyxt9amzufaazt8tj7z8uyy6kw5hcsx89h8pwdrly4z0u,19000000,
