tx_id,timestamp,direction,peer_address,amount_sompi,cex_label
d62a787fd0577af9cc3821a31d4830315a524fe96873a5968463f082740e30ed,2023-12-16T05:02:18.612000,sent,kaspa:qzslgwenzu78t6tldlng383g7ruu4enaljmnkgaulyrscjp7ldt26x8gfxck5,171940000,
d62a787fd0577af9cc3821a31d4830315a524fe96873a5968463f082740e30ed,2023-12-16T05:02:18.612000,sent,kaspa:qzslgwenzu78t6tldlng383g7ruu4enaljmnkgaulyrscjp7ldt26x8gfxck5,171940000,
bb432c46524d1f3c272ad30bdaf52aa96e4d16dc0eb4ce9541eddcca58487680,2023-12-13T02:25:04.995000,received,kaspa:qypswxtcrv4ssyjaswy5w9387vq73mkuyq85tl34cee6qn5uexqy0csgnafnjx7,171000000,
3073a1b50c7adc1098bc5397f26ff2a15997b9a2db6d5a7a92491b1327552368,2023-11-29T17:49:46.578000,sent,kaspa:qypau4j295ut3emr6e7fue5p95dretm9utuc2jva5s3qwh0t35xzyjgan2qxnak,18000000,
884c3a56940932a3582d078235f06d1a33cb9a64c2f00bb6d90501307d92d112,2023-11-28T12:19:23.550000,received,kaspa:qzfhng7k890n0fpqrslnjzdayz6uqaljmh9adqymkw4qefte587s27k3n95kl,19000000,
