tx_id,timestamp,direction,peer_address,amount_sompi,cex_label
efa22a20b1420b54892cad7f8109d8d4dd3d63b12e6b1bbd793d5dedec5b1d81,2023-12-16T04:05:01.981000,sent,kaspa:qzslgwenzu78t6tldlng383g7ruu4enaljmnkgaulyrscjp7ldt26x8gfxck5,171940000,
efa22a20b1420b54892cad7f8109d8d4dd3d63b12e6b1bbd793d5dedec5b1d81,2023-12-16T04:05:01.981000,sent,kaspa:qzslgwenzu78t6tldlng383g7ruu4enaljmnkgaulyrscjp7ldt26x8gfxck5,171940000,
cb90bd44999ecf4832fd4b7b350c83de833abdce66aa99289aab7f63e09395f3,2023-12-12T01:19:43.912000,received,kaspa:qypswxtcrv4ssyjaswy5w9387vq73mkuyq85tl34cee6qn5uexqy0csgnafnjx7,171000000,
15f89a8a5bac812f9bf512d79bb2535f10d58707954e56ec9e266dfe8034292e,2023-11-27T16:02:17.495000,sent,kaspa:qyp3vrsje43tsyvdffew04n9ujz7kanwnq8s6ujcnmeyt7zdxl27mugvpya9ad7,18000000,
9b57fea15ba0a06f21cbc802453c1a536d49425def68edefcbab1b49e4698eb1,2023-11-27T12:52:22.635000,received,kaspa:qpdey2edmc9jv748tf7cm5kzdqmvw5jv73p2htah8g3mu4x8amu0qylp5xc8q,19000000,
