tx_id,timestamp,direction,peer_address,amount_sompi,cex_label
a1eb5181b0056130ee2067d8e987626e9ca9cbab1b476683ef3fc15be1f5c81d,2023-12-16T04:28:02.202000,sent,kaspa:qzslgwenzu78t6tldlng383g7ruu4enaljmnkgaulyrscjp7ldt26x8gfxck5,171940000,
a1eb5181b0056130ee2067d8e987626e9ca9cbab1b476683ef3fc15be1f5c81d,2023-12-16T04:28:02.202000,sent,kaspa:qzslgwenzu78t6tldlng383g7ruu4enaljmnkgaulyrscjp7ldt26x8gfxck5,171940000,
d828aba5320b1eb165f7f8e91f997fc82d0132e74bc8a8c9404ef884c252ed4e,2023-12-12T12:38:01.857000,received,kaspa:qypswxtcrv4ssyjaswy5w9387vq73mkuyq85tl34cee6qn5uexqy0csgnafnjx7,171000000,
aed96dd81790dd7b6899b48ec4fdb6291e8ca0d0731d4ad1f17b786c24b598c7,2023-11-28T17:11:52.100000,sent,kaspa:qypw2jw2hxjwfl55gfwvn82w9nrp7aqvfzee9x7vcd79sgh8a9kuagc3jdjpv0c,18000000,
657d512619d3a27e247f806ce1ebf4dc3db5bb78dd501fd2e370a259064f8d42,2023-11-28T06:28:01.119000,received,kaspa:qpt4rs4dse5l4ane0e0tv6nc2m9eu9gd33t5rkm6dtu8dpvxatuajce59z4ea,19000000,
