tx_id,timestamp,direction,peer_address,amount_sompi,cex_label
2b1eed18e21ac955ee88b4007caa2969f012c2bc9f15c5cb87c01eee2f583ca6,2023-12-17T03:37:45.745000,sent,kaspa:qrkaxvl2tw6pq6zx9xrr9lqnt9x72upf0hsrp3cvgcmfz77m50ycua35nz200,172940000,
2b1eed18e21ac955ee88b4007caa2969f012c2bc9f15c5cb87c01eee2f583ca6,2023-12-17T03:37:45.745000,sent,kaspa:qrkaxvl2tw6pq6zx9xrr9lqnt9x72upf0hsrp3cvgcmfz77m50ycua35nz200,172940000,
8e16f7c7b8f6cdc3b21d21109a5f92ce257f790b155938a5027d727b20deb8b5,2023-12-12T11:31:24.224000,received,kaspa:qypswxtcrv4ssyjaswy5w9387vq73mkuyq85tl34cee6qn5uexqy0csgnafnjx7,171000000,
2a51482191019033653300c4e8add26ad1d0277439a375733dcc3617fb03d05b,2023-11-28T15:57:56.906000,sent,kaspa:qypg5jss07jqwrlwekd03kd9n2j6wyjv799vthkgwc03thpzr96a2zqj5fgdsgh,18000000,
66ab107c33301b4f172d1324b6e2c5c06db8b40f2f0091b169680859584077fa,2023-11-28T09:56:15.112000,sent,kaspa:qpd7epvu3s9nm0w97z4zhfdhd8c8643uplc02fh664xaf8lk9rvcs5k4mflgy,20000000,
f4d0c4f428d5bf1337c412c6cb71cff8bec9f22606c4b5b7b10bc538f10388c5,2023-11-28T09:22:02.756000,sent,kaspa:qzdwrkxu30vxpjkw2zfsd3f5y3cam8l3ndxgvst8emcyhssutqje29knxt969,20000000,
5a2c9993d7411a530e363c62d062a797abb470c153abfcd7b08aa29696b1a472,2023-11-28T08:44:04.525000,sent,kaspa:qqteumwdjps8lus7htjd6xl0efrpqwsjkq5smyvqah580cg8ge97xvzcy3tcf,20000000,
f23c9b1cef6875748d12028c3ecac439b88df9f03bd9b822fa54b96c8c7f30ce,2023-11-28T06:56:12.581000,received,kaspa:qq5f4u9qtw6esa8k2c6gcu2lthazdehlq2tx6s8j3upq9akjgpfl2ud8ucg26,80000000,
