tx_id,timestamp,direction,peer_address,amount_sompi,cex_label
84f1a71afb9702f0eb557064295c582cbc7111c3506c09f2e3edc36903f5cc3d,2023-12-16T05:06:11.408000,sent,kaspa:qzslgwenzu78t6tldlng383g7ruu4enaljmnkgaulyrscjp7ldt26x8gfxck5,171940000,
84f1a71afb9702f0eb557064295c582cbc7111c3506c09f2e3edc36903f5cc3d,2023-12-16T05:06:11.408000,sent,kaspa:qzslgwenzu78t6tldlng383g7ruu4enaljmnkgaulyrscjp7ldt26x8gfxck5,171940000,
6fdd8f1d6e56e4fbe5975ca1989f3bd282e79acc8a13dabeccd808b8f4bb2164,2023-12-13T04:09:35.243000,received,kaspa:qypswxtcrv4ssyjaswy5w9387vq73mkuyq85tl34cee6qn5uexqy0csgnafnjx7,171000000,
083fbf8f9b3b7b519d8f4da49109b17c9bd32225854589c3778c1b5590d1afd4,2023-11-29T19:24:48.334000,sent,kaspa:qyp4vdmftfn7d275tchwvw2g3cjtehfj6rpsc7uq5ykjdx4khzjx6vgkeuuglv3,18000000,
b8a9102c9c1fabedd2b9936a164a03fcf655535dd93f7b828ab56d79ea6122de,2023-11-29T01:22:37.986000,received,kaspa:qzx39q2av8c4pcf9a2dccc0escyhhy4zx09de3cagwkeme9c325kymvu2sdhq,19000000,
