tx_id,timestamp,direction,peer_address,amount_sompi,cex_label
dc537e1ce555a6eb5a8964462c034a8b2a9b9b7652f6fa559719505a865529d5,2024-05-17T17:16:23.081000,sent,kaspa:qq69kajfguu9rwhpkquzq2y35lkdhtqy8376qsfcmkgd2y38z73tjd2ta6erh,100000000000,
c42cf217c08825d0e4e93ab214fc3a322f0aa4bcd20a2d0cfa0faed00713e99c,2024-05-11T01:02:05.747000,sent,kaspa:qq69kajfguu9rwhpkquzq2y35lkdhtqy8376qsfcmkgd2y38z73tjd2ta6erh,220000000000,
b67125da1147050838e2ba7c6d71c15e02a51d49963490d5f4559adc0e8aab78,2024-05-10T23:56:07.511000,sent,kaspa:qq9zagcza4jt76eev9jl5z0nqhe0thcu7js8larktj4sle7lvgnw7sfcewlty,200000000000,
b67125da1147050838e2ba7c6d71c15e02a51d49963490d5f4559adc0e8aab78,2024-05-10T23:56:07.511000,sent,kaspa:qq9zagcza4jt76eev9jl5z0nqhe0thcu7js8larktj4sle7lvgnw7sfcewlty,200000000000,
db45bf8d2c9f249985daa024da7033355addd0961220170dc4838c46682fb534,2024-05-06T11:18:03.065000,received,kaspa:qqetp7ct8kqss99fxmymyz5t3fezppxp0t58wl6pawp27elqd46uudme00cl0,223854000000,
db45bf8d2c9f249985daa024da7033355addd0961220170dc4838c46682fb534,2024-05-06T11:18:03.065000,received,kaspa:qpzpfwcsqsxhxwup26r55fd0ghqlhyugz8cp6y3wxuddc02vcxtjg75pspnwz,223854000000,MEXC
7d37eb901027ab8f2b7246039c99f12acf29ca916c5f3815183f65ef144537db,2024-05-03T23:26:02.122000,received,kaspa:qqetp7ct8kqss99fxmymyz5t3fezppxp0t58wl6pawp27elqd46uudme00cl0,300000000000,
7d37eb901027ab8f2b7246039c99f12acf29ca916c5f3815183f65ef144537db,2024-05-03T23:26:02.122000,received,kaspa:qpzpfwcsqsxhxwup26r55fd0ghqlhyugz8cp6y3wxuddc02vcxtjg75pspnwz,300000000000,MEXC
