tx_id,timestamp,direction,peer_address,amount_sompi,cex_label
b8668c6196d2b475bc91819a9f691a73b9e0175dc1b468ab1f0ce3ca31565d39,2025-01-11T01:08:46.415000,sent,kaspa:qrswalc7ex3eejzataqxh33vku8zecppmcw7m4yjmdkkl9gfxhtmu97hws6ms,331700000000,
f8e7989f10acac7e6250f683c3fdc99df5750adfd50ca84fc70e134dddc60d94,2024-12-14T10:39:11.722000,sent,kaspa:qrswalc7ex3eejzataqxh33vku8zecppmcw7m4yjmdkkl9gfxhtmu97hws6ms,10000000000000,
ba3d8abdf48f8750cc03530cb51f0849a7e15edaa91443d48cd1b9e761704ea2,2024-12-14T08:04:38.395000,sent,kaspa:qrswalc7ex3eejzataqxh33vku8zecppmcw7m4yjmdkkl9gfxhtmu97hws6ms,10000000000000,
3008b96d54b8fcba2e73cd6e68d279574d3101003e7af5d02b18d5ac24a52738,2024-12-14T01:53:09.820000,sent,kaspa:qrswalc7ex3eejzataqxh33vku8zecppmcw7m4yjmdkkl9gfxhtmu97hws6ms,10000000000000,
3008b96d54b8fcba2e73cd6e68d279574d3101003e7af5d02b18d5ac24a52738,2024-12-14T01:53:09.820000,sent,kaspa:qrswalc7ex3eejzataqxh33vku8zecppmcw7m4yjmdkkl9gfxhtmu97hws6ms,10000000000000,
28f53b94d8826d779007aacde1c21bc823b3e90b03cfbad5c524eed75fadd8ba,2024-12-13T09:02:45.041000,received,kaspa:qrelgny7sr3vahq69yykxx36m65gvmhryxrlwngfzgu8xkdslum2yxjp3ap8m,29999710000000,Gate.io
d857ea6c7e4b6981541615d50cf851e39a1d3e94a6c1b672bb9522bf043ce1d1,2024-12-01T15:45:03.640000,sent,kaspa:qrswalc7ex3eejzataqxh33vku8zecppmcw7m4yjmdkkl9gfxhtmu97hws6ms,10000000000000,
4e7f273e922230d7a802465c358fceaa90f3860f959868528b3357967adb89ac,2024-11-30T23:25:40.125000,sent,kaspa:qrswalc7ex3eejzataqxh33vku8zecppmcw7m4yjmdkkl9gfxhtmu97hws6ms,10000000000000,
8c4e7d419639544d62bbbb218b684de5e497342ca4be2a2a6606e517d9534a6a,2024-11-30T22:30:26.759000,sent,kaspa:qrswalc7ex3eejzataqxh33vku8zecppmcw7m4yjmdkkl9gfxhtmu97hws6ms,10000000000000,
fdc59586367146ce23aa7d5b7192137a434f288e987d27bb816ee34d3861ade1,2024-11-30T09:40:27.462000,sent,kaspa:qrswalc7ex3eejzataqxh33vku8zecppmcw7m4yjmdkkl9gfxhtmu97hws6ms,10000000000000,
fdc59586367146ce23aa7d5b7192137a434f288e987d27bb816ee34d3861ade1,2024-11-30T09:40:27.462000,sent,kaspa:qrswalc7ex3eejzataqxh33vku8zecppmcw7m4yjmdkkl9gfxhtmu97hws6ms,10000000000000,
93d2b9a008234376c25268f3ce693650cdebc81de39a9b9471eb5edcfe0b4660,2024-11-30T06:08:04.574000,sent,kaspa:qrswalc7ex3eejzataqxh33vku8zecppmcw7m4yjmdkkl9gfxhtmu97hws6ms,4000000000000,
93d2b9a008234376c25268f3ce693650cdebc81de39a9b9471eb5edcfe0b4660,2024-11-30T06:08:04.574000,sent,kaspa:qrswalc7ex3eejzataqxh33vku8zecppmcw7m4yjmdkkl9gfxhtmu97hws6ms,4000000000000,
93d2b9a008234376c25268f3ce693650cdebc81de39a9b9471eb5edcfe0b4660,2024-11-30T06:08:04.574000,sent,kaspa:qrswalc7ex3eejzataqxh33vku8zecppmcw7m4yjmdkkl9gfxhtmu97hws6ms,4000000000000,
93d2b9a008234376c25268f3ce693650cdebc81de39a9b9471eb5edcfe0b4660,2024-11-30T06:08:04.574000,sent,kaspa:qrswalc7ex3eejzataqxh33vku8zecppmcw7m4yjmdkkl9gfxhtmu97hws6ms,4000000000000,
5d6f619bdec06e6b8bbc95b49c34c63c3296afb3576ee56493c03354288fb869,2024-11-30T05:35:15.717000,received,kaspa:qrelgny7sr3vahq69yykxx36m65gvmhryxrlwngfzgu8xkdslum2yxjp3ap8m,1909689102600,Gate.io
32a7d4d3507ceccf108e1028dc97c2f874cdd687c9477774ceed4145aa1ceb8e,2024-11-30T05:20:34.491000,received,kaspa:qrelgny7sr3vahq69yykxx36m65gvmhryxrlwngfzgu8xkdslum2yxjp3ap8m,40986528098750,Gate.io
033fba8cb2642aed9fa9c1af149a7ad9585040ef61767f3e35d70b71f1bf4f6c,2024-11-29T10:18:42.525000,received,kaspa:qpmrnc0r9n5ptv8wcplvk4nnrgw2ngyyyjjfwvt4h7krnn6maxvgyr6jfh6ww,204999998156,
df5bac5237924c2630110cf57636f8d93c60b6d78ea6fd16a6ef5dcdc67f07d6,2024-11-28T01:46:47.939000,sent,kaspa:qrswalc7ex3eejzataqxh33vku8zecppmcw7m4yjmdkkl9gfxhtmu97hws6ms,20000000000000,
b45d4a3f92c6c7a1dfad9ec9b8c841506fefd482047b2d45ee090c2e58c0806b,2024-11-27T22:55:26.935000,sent,kaspa:qrswalc7ex3eejzataqxh33vku8zecppmcw7m4yjmdkkl9gfxhtmu97hws6ms,10000000000000,
5fb4717629f0df72f21bc08a5a3dbe39ced8de83fd992338608568b0c9fc29af,2024-11-27T22:24:12.287000,received,kaspa:qrelgny7sr3vahq69yykxx36m65gvmhryxrlwngfzgu8xkdslum2yxjp3ap8m,20682348142550,Gate.io
847f4626a941c59b1d788fe91d67a3b73554d71754f97853d8dfdc5d76dcddb7,2024-11-27T22:18:38.374000,received,kaspa:qrelgny7sr3vahq69yykxx36m65gvmhryxrlwngfzgu8xkdslum2yxjp3ap8m,10548674517952,Gate.io
6a12aaa29fce9a4aafc203b834fe5ede1ab3bd054c7dc70cb930bc92224c3257,2024-11-24T15:29:46.121000,sent,kaspa:qrswalc7ex3eejzataqxh33vku8zecppmcw7m4yjmdkkl9gfxhtmu97hws6ms,5082952963364,
3a750d39c0d44e0bceab163e409aa3441b54470e4b3d215057a5326bfbd1dfe6,2024-11-24T02:11:04.352000,sent,kaspa:qrswalc7ex3eejzataqxh33vku8zecppmcw7m4yjmdkkl9gfxhtmu97hws6ms,5000000000000,
e875b5652f50e64007ca08e7bbdc1e4df41dc87152b0773c4652e6a4e39855ab,2024-11-23T07:00:17.626000,sent,kaspa:qrswalc7ex3eejzataqxh33vku8zecppmcw7m4yjmdkkl9gfxhtmu97hws6ms,5000000000000,
5f277e391d136c6ae2f4d3cc49b327531b715ba1ba34a56a268c4f590a73dbd9,2024-11-23T06:57:24.943000,sent,kaspa:qrswalc7ex3eejzataqxh33vku8zecppmcw7m4yjmdkkl9gfxhtmu97hws6ms,7900000000000,
2cb6f20cb50df22139530f75a0b037352908651549238755b5e5e6d293291fda,2024-11-22T14:17:10.733000,received,kaspa:qrelgny7sr3vahq69yykxx36m65gvmhryxrlwngfzgu8xkdslum2yxjp3ap8m,22982992834237,Gate.io
9db832bf82ace987dc90267c68e9ae6165b285837558b3d0650e19accbb997d0,2024-11-22T08:32:28.470000,sent,kaspa:qrswalc7ex3eejzataqxh33vku8zecppmcw7m4yjmdkkl9gfxhtmu97hws6ms,20096545483087,
9db832bf82ace987dc90267c68e9ae6165b285837558b3d0650e19accbb997d0,2024-11-22T08:32:28.470000,sent,kaspa:qrswalc7ex3eejzataqxh33vku8zecppmcw7m4yjmdkkl9gfxhtmu97hws6ms,20096545483087,
4afa216c47a875b63301c87e02559b99a87ec9e852ea975300c221db6a086f93,2024-11-22T07:37:14.338000,received,kaspa:qrelgny7sr3vahq69yykxx36m65gvmhryxrlwngfzgu8xkdslum2yxjp3ap8m,19854072184000,Gate.io
4f4a6e92de17557a77d5211782562deeb8999f5f37a0be3da820e2aa7e52e5a3,2024-11-22T06:32:30.907000,sent,kaspa:qrswalc7ex3eejzataqxh33vku8zecppmcw7m4yjmdkkl9gfxhtmu97hws6ms,20000000000000,
4f4a6e92de17557a77d5211782562deeb8999f5f37a0be3da820e2aa7e52e5a3,2024-11-22T06:32:30.907000,sent,kaspa:qrswalc7ex3eejzataqxh33vku8zecppmcw7m4yjmdkkl9gfxhtmu97hws6ms,20000000000000,
c184b731fadc869a07a60dd9c93dc775834a738919fea853328fc3f7ff2c86be,2024-11-16T03:12:05.598000,sent,kaspa:qq00qhg8ezzgrc78edtrcry293a93xkpmjg0qkyjxwkugqdzf0u3gafggnnm7,20000000000000,
c184b731fadc869a07a60dd9c93dc775834a738919fea853328fc3f7ff2c86be,2024-11-16T03:12:05.598000,sent,kaspa:qq00qhg8ezzgrc78edtrcry293a93xkpmjg0qkyjxwkugqdzf0u3gafggnnm7,20000000000000,
c184b731fadc869a07a60dd9c93dc775834a738919fea853328fc3f7ff2c86be,2024-11-16T03:12:05.598000,sent,kaspa:qq00qhg8ezzgrc78edtrcry293a93xkpmjg0qkyjxwkugqdzf0u3gafggnnm7,20000000000000,
493e92427899e1a6b5e58c8dea10aab6bd83d301847097f7551db0078441c11e,2024-11-08T10:23:25.686000,received,kaspa:qrelgny7sr3vahq69yykxx36m65gvmhryxrlwngfzgu8xkdslum2yxjp3ap8m,19999554000000,Gate.io
94c5247859079bb1503e94c39ec86884bdb7c7a670b4e1c562a3f379603f3e46,2024-11-07T23:56:30.356000,sent,kaspa:qrswalc7ex3eejzataqxh33vku8zecppmcw7m4yjmdkkl9gfxhtmu97hws6ms,10000000000000,
94c5247859079bb1503e94c39ec86884bdb7c7a670b4e1c562a3f379603f3e46,2024-11-07T23:56:30.356000,sent,kaspa:qrswalc7ex3eejzataqxh33vku8zecppmcw7m4yjmdkkl9gfxhtmu97hws6ms,10000000000000,
3439ba72de7ff78f3809791e4f25d0dac8ed95cf5c7536287d2d011c7d98bb48,2024-11-02T14:41:49.336000,sent,kaspa:qrswalc7ex3eejzataqxh33vku8zecppmcw7m4yjmdkkl9gfxhtmu97hws6ms,10000000000000,
3439ba72de7ff78f3809791e4f25d0dac8ed95cf5c7536287d2d011c7d98bb48,2024-11-02T14:41:49.336000,sent,kaspa:qrswalc7ex3eejzataqxh33vku8zecppmcw7m4yjmdkkl9gfxhtmu97hws6ms,10000000000000,
f7ec51569b25ff8a0f7ef0e8c9ac8f563dab34623d57ea4385286e642665b19f,2024-10-31T22:18:30.339000,sent,kaspa:qrswalc7ex3eejzataqxh33vku8zecppmcw7m4yjmdkkl9gfxhtmu97hws6ms,10000000000000,
f7ec51569b25ff8a0f7ef0e8c9ac8f563dab34623d57ea4385286e642665b19f,2024-10-31T22:18:30.339000,sent,kaspa:qrswalc7ex3eejzataqxh33vku8zecppmcw7m4yjmdkkl9gfxhtmu97hws6ms,10000000000000,
69d3f914a1235fa53d6f096321f36d0a530ceceaa8c27eae3c4b55c9e1972878,2024-10-30T10:32:10.385000,received,kaspa:qrelgny7sr3vahq69yykxx36m65gvmhryxrlwngfzgu8xkdslum2yxjp3ap8m,9702695305750,Gate.io
b7a649f2ec369e36a54afb3b0ee4bb2d2391d45049bdc2eb75a934388a8af029,2024-10-30T08:49:28.907000,received,kaspa:qrelgny7sr3vahq69yykxx36m65gvmhryxrlwngfzgu8xkdslum2yxjp3ap8m,9991045924650,Gate.io
e64d80ad0c9547c1cee22a03e8041c8a2ee7d66e363fe49f28791101e10387f4,2024-10-30T08:27:02.407000,received,kaspa:qz5z55rw6vxzlapjqwxxe69rtqpfsgvhs3ysjjv8hep678l3e9meuw0my89lj,15000000000000,
9e524e51beb16ccee88927f2662c3e4251358659ceef0286a66c7fd40683ff36,2024-10-29T16:26:57.293000,sent,kaspa:qrswalc7ex3eejzataqxh33vku8zecppmcw7m4yjmdkkl9gfxhtmu97hws6ms,5000000000000,
9e524e51beb16ccee88927f2662c3e4251358659ceef0286a66c7fd40683ff36,2024-10-29T16:26:57.293000,sent,kaspa:qrswalc7ex3eejzataqxh33vku8zecppmcw7m4yjmdkkl9gfxhtmu97hws6ms,5000000000000,
b40ba95a8195090d1c3066f1dd6e3d22445d9a7d14ccd4d0087bfb270d754198,2024-10-29T13:11:59.418000,received,kaspa:qrelgny7sr3vahq69yykxx36m65gvmhryxrlwngfzgu8xkdslum2yxjp3ap8m,10466336536150,Gate.io
f178e3ae2bdb82f76ab3a25795c023923040114702c814a11509e33d18545d12,2024-10-24T03:01:32.861000,sent,kaspa:qrswalc7ex3eejzataqxh33vku8zecppmcw7m4yjmdkkl9gfxhtmu97hws6ms,5000000000000,
d501d883dc489c9313ea33eece714ee969979df1290cba4398e23ce7cf0cbda8,2024-10-22T09:11:38.837000,received,kaspa:qzancsrxjkjfre6n9avsqdjut6g5wu0yqkd2uvdfayl2avcdhkar6lrap6q58,5000000000000,
135f08e7a1c0614c6b9c981880e90f53aca24ba2597e2db6763dc68b4e589799,2024-10-20T07:04:29.485000,sent,kaspa:qrswalc7ex3eejzataqxh33vku8zecppmcw7m4yjmdkkl9gfxhtmu97hws6ms,2000000000000,
135f08e7a1c0614c6b9c981880e90f53aca24ba2597e2db6763dc68b4e589799,2024-10-20T07:04:29.485000,sent,kaspa:qrswalc7ex3eejzataqxh33vku8zecppmcw7m4yjmdkkl9gfxhtmu97hws6ms,2000000000000,
135f08e7a1c0614c6b9c981880e90f53aca24ba2597e2db6763dc68b4e589799,2024-10-20T07:04:29.485000,sent,kaspa:qrswalc7ex3eejzataqxh33vku8zecppmcw7m4yjmdkkl9gfxhtmu97hws6ms,2000000000000,
7ea1dc5dcaeb84f429ef8baccb102608e329bcb566b7ec9d427ba83457a9681b,2024-10-20T07:02:57.049000,sent,kaspa:qrswalc7ex3eejzataqxh33vku8zecppmcw7m4yjmdkkl9gfxhtmu97hws6ms,3000000000000,
f9deb5ef889898ee32b25b29286b273aa7a9a842f187408773e47c84a5333502,2024-10-18T03:58:59.013000,sent,kaspa:qrswalc7ex3eejzataqxh33vku8zecppmcw7m4yjmdkkl9gfxhtmu97hws6ms,5000000000000,
8aa3fe49a8bb4ecec5e10c606b51289d4317c6bdbbe96dccf06075db4a7bece9,2024-10-17T15:53:52.050000,sent,kaspa:qrswalc7ex3eejzataqxh33vku8zecppmcw7m4yjmdkkl9gfxhtmu97hws6ms,5100000000000,
372a203c67b088ba651863e1f37597f02513c920749aede76a2ea3b594856fba,2024-10-17T13:11:18.356000,sent,kaspa:qrhl0rsfdguag34dw4a9w7ulu2rmzl6amuev472rp4x5ut7rm95fkd6r5kp34,30000000000000,
372a203c67b088ba651863e1f37597f02513c920749aede76a2ea3b594856fba,2024-10-17T13:11:18.356000,sent,kaspa:qrhl0rsfdguag34dw4a9w7ulu2rmzl6amuev472rp4x5ut7rm95fkd6r5kp34,30000000000000,
372a203c67b088ba651863e1f37597f02513c920749aede76a2ea3b594856fba,2024-10-17T13:11:18.356000,sent,kaspa:qrhl0rsfdguag34dw4a9w7ulu2rmzl6amuev472rp4x5ut7rm95fkd6r5kp34,30000000000000,
372a203c67b088ba651863e1f37597f02513c920749aede76a2ea3b594856fba,2024-10-17T13:11:18.356000,sent,kaspa:qrhl0rsfdguag34dw4a9w7ulu2rmzl6amuev472rp4x5ut7rm95fkd6r5kp34,30000000000000,
e2b91f0819392a7005a57f41bf24c9dc92362563d61f6bf39e2a4edfe64afeab,2024-10-17T12:13:14.904000,received,kaspa:qrelgny7sr3vahq69yykxx36m65gvmhryxrlwngfzgu8xkdslum2yxjp3ap8m,8792722714000,Gate.io
9abafd0404909afda38a20edb024cee90fe060601f5954110eec629718d34b86,2024-10-17T05:12:38.424000,received,kaspa:qrelgny7sr3vahq69yykxx36m65gvmhryxrlwngfzgu8xkdslum2yxjp3ap8m,9999631000000,Gate.io
71b1f732d574f598a5032911031aa12d76c15176ca51d72458e5ae9c92c924f4,2024-10-17T04:50:16.157000,received,kaspa:qrelgny7sr3vahq69yykxx36m65gvmhryxrlwngfzgu8xkdslum2yxjp3ap8m,6337243006850,Gate.io
3d86b39dfcbb67407478e8ed125c27169fc46a496a53110a0149868a1802ce63,2024-10-16T14:19:00.339000,sent,kaspa:qrswalc7ex3eejzataqxh33vku8zecppmcw7m4yjmdkkl9gfxhtmu97hws6ms,5000000000000,
76b1d87c9cce6f18c608952543ae426b4442efdc0f94549efd53c068b15cdf2b,2024-10-14T16:06:45.552000,sent,kaspa:qrswalc7ex3eejzataqxh33vku8zecppmcw7m4yjmdkkl9gfxhtmu97hws6ms,5000000000000,
76b1d87c9cce6f18c608952543ae426b4442efdc0f94549efd53c068b15cdf2b,2024-10-14T16:06:45.552000,sent,kaspa:qrswalc7ex3eejzataqxh33vku8zecppmcw7m4yjmdkkl9gfxhtmu97hws6ms,5000000000000,
df4c63adebf3dcb83ece0286ceaa79a4a4b09c655d42e30956f7e66cda88362d,2024-10-13T07:35:07.363000,received,kaspa:qrelgny7sr3vahq69yykxx36m65gvmhryxrlwngfzgu8xkdslum2yxjp3ap8m,9999620000000,Gate.io
5da4226f4754244250ddf94c509aacfb97f342c8339befeef840686ae3ca430c,2024-10-12T13:52:59.669000,sent,kaspa:qrswalc7ex3eejzataqxh33vku8zecppmcw7m4yjmdkkl9gfxhtmu97hws6ms,5000000000000,
e16e7a2d94e2d9f6269bdd5e5a72f56426d7fad3fec303ef4ebb02a4af27834e,2024-10-12T10:30:45.294000,sent,kaspa:qrswalc7ex3eejzataqxh33vku8zecppmcw7m4yjmdkkl9gfxhtmu97hws6ms,5000000000000,
e77af3d16d7cdda19672a1e6558fd765e92cfcb3dd57a036d4fd42218c7f6623,2024-10-12T07:59:41.022000,sent,kaspa:qrswalc7ex3eejzataqxh33vku8zecppmcw7m4yjmdkkl9gfxhtmu97hws6ms,3600000000000,
e77af3d16d7cdda19672a1e6558fd765e92cfcb3dd57a036d4fd42218c7f6623,2024-10-12T07:59:41.022000,sent,kaspa:qrswalc7ex3eejzataqxh33vku8zecppmcw7m4yjmdkkl9gfxhtmu97hws6ms,3600000000000,
af95363a70a6bb07c9ceb30bdcb734fe17a4d9249abba3669f1076d079130510,2024-10-12T05:46:16.684000,received,kaspa:qrelgny7sr3vahq69yykxx36m65gvmhryxrlwngfzgu8xkdslum2yxjp3ap8m,3588467283350,Gate.io
b91e3cab223b6041b0bd371a419440d120ff34f4b64ddb8bb9477dbb68f80d72,2024-10-12T04:47:38.458000,received,kaspa:qrelgny7sr3vahq69yykxx36m65gvmhryxrlwngfzgu8xkdslum2yxjp3ap8m,9999620000000,Gate.io
9353770c1ed699ed1e979336c9078db0a73a4cf0657ff34970f9e7e98206f985,2024-10-11T12:21:04.913000,sent,kaspa:qrswalc7ex3eejzataqxh33vku8zecppmcw7m4yjmdkkl9gfxhtmu97hws6ms,6000000000000,
9353770c1ed699ed1e979336c9078db0a73a4cf0657ff34970f9e7e98206f985,2024-10-11T12:21:04.913000,sent,kaspa:qrswalc7ex3eejzataqxh33vku8zecppmcw7m4yjmdkkl9gfxhtmu97hws6ms,6000000000000,
9353770c1ed699ed1e979336c9078db0a73a4cf0657ff34970f9e7e98206f985,2024-10-11T12:21:04.913000,sent,kaspa:qrswalc7ex3eejzataqxh33vku8zecppmcw7m4yjmdkkl9gfxhtmu97hws6ms,6000000000000,
e4c0611451872414cfe87c9a079644276a490d260b0f4dd67e9c53b59c35fb0f,2024-10-11T04:05:12.827000,received,kaspa:qrelgny7sr3vahq69yykxx36m65gvmhryxrlwngfzgu8xkdslum2yxjp3ap8m,10939876097750,Gate.io
73a50356e4a9d2fc0bdf06208caa01454af66dce9f00fcf05ecc4dd4b4e02be7,2024-10-10T16:48:05.209000,sent,kaspa:qrswalc7ex3eejzataqxh33vku8zecppmcw7m4yjmdkkl9gfxhtmu97hws6ms,5000000000000,
73a50356e4a9d2fc0bdf06208caa01454af66dce9f00fcf05ecc4dd4b4e02be7,2024-10-10T16:48:05.209000,sent,kaspa:qrswalc7ex3eejzataqxh33vku8zecppmcw7m4yjmdkkl9gfxhtmu97hws6ms,5000000000000,
00efa5c5c1f31db4f219c11d6804f3ef49cc248318e3b1f399bb66aec4e27856,2024-10-08T11:17:07.096000,received,kaspa:qpy2c07sxqu6dcxkud8vwastvz45t67yme6jttf7x8vw2kj66hgtsa2tzhqlj,20000000000000,
d07266d5059721a9ce3085c9a817f97794788f247b1830eec76de55b390b63c7,2024-10-08T07:35:17.085000,sent,kaspa:qrswalc7ex3eejzataqxh33vku8zecppmcw7m4yjmdkkl9gfxhtmu97hws6ms,10000000000000,
d07266d5059721a9ce3085c9a817f97794788f247b1830eec76de55b390b63c7,2024-10-08T07:35:17.085000,sent,kaspa:qrswalc7ex3eejzataqxh33vku8zecppmcw7m4yjmdkkl9gfxhtmu97hws6ms,10000000000000,
2a1182461023d0233941fbb45a10248da446b8472c31e4f720c4844cd4081cc0,2024-10-07T01:58:15.179000,received,kaspa:qrelgny7sr3vahq69yykxx36m65gvmhryxrlwngfzgu8xkdslum2yxjp3ap8m,99657000000,Gate.io
3e84779e83d42d7ccc8d38fff33a185cc9234ebb4cb59fbc803cb5b102d0b240,2024-10-06T01:20:15.541000,sent,kaspa:qrswalc7ex3eejzataqxh33vku8zecppmcw7m4yjmdkkl9gfxhtmu97hws6ms,10000000000000,
3e84779e83d42d7ccc8d38fff33a185cc9234ebb4cb59fbc803cb5b102d0b240,2024-10-06T01:20:15.541000,sent,kaspa:qrswalc7ex3eejzataqxh33vku8zecppmcw7m4yjmdkkl9gfxhtmu97hws6ms,10000000000000,
ad2df03bc863d71cbc5e447d3bf8f80c329587b2261445d0f82e7489b660c1b0,2024-10-06T00:59:36.694000,sent,kaspa:qrswalc7ex3eejzataqxh33vku8zecppmcw7m4yjmdkkl9gfxhtmu97hws6ms,5400000000000,
4f9bdc0785ed9b35b76c51125ab834f4177033ee105bb7a207b0a12c049eb49d,2024-10-06T00:52:13.021000,sent,kaspa:qrswalc7ex3eejzataqxh33vku8zecppmcw7m4yjmdkkl9gfxhtmu97hws6ms,7000000000000,
4f9bdc0785ed9b35b76c51125ab834f4177033ee105bb7a207b0a12c049eb49d,2024-10-06T00:52:13.021000,sent,kaspa:qrswalc7ex3eejzataqxh33vku8zecppmcw7m4yjmdkkl9gfxhtmu97hws6ms,7000000000000,
e0662d8b35537d5ea9dd4e080070181f7ca5c08f94a3acc2744bf5b526b4d86b,2024-10-04T08:35:13.118000,received,kaspa:qrelgny7sr3vahq69yykxx36m65gvmhryxrlwngfzgu8xkdslum2yxjp3ap8m,326674038400,Gate.io
0b4d871c334f6bb0a9913f861eb8aaa366c38f743bc08c191401ae555fc9eb25,2024-10-03T06:03:16.402000,received,kaspa:qrelgny7sr3vahq69yykxx36m65gvmhryxrlwngfzgu8xkdslum2yxjp3ap8m,7005205326900,Gate.io
a79e0ba4b7ffe836e4a89c9c4d53cdcbf25de25c882f8ca5854a72b6cc93964a,2024-10-01T06:14:15.443000,received,kaspa:qrelgny7sr3vahq69yykxx36m65gvmhryxrlwngfzgu8xkdslum2yxjp3ap8m,7467234775400,Gate.io
52d4be1c39bebd48bfee8ec31bb507d82d0fe3adc1dbeed15b77b0280cb4e058,2024-09-29T06:35:34.396000,received,kaspa:qrelgny7sr3vahq69yykxx36m65gvmhryxrlwngfzgu8xkdslum2yxjp3ap8m,7927639482000,Gate.io
246948dbb1a3fc6a4e0c0e19377ca734bdcd2c87deb53c4f6c958fb1dff638ab,2024-09-29T05:34:03.136000,received,kaspa:qz95s3nqzfmqs3e8hfy7k2djfueusxt2j302jedjfvwaeehnx3v62zk8hkcem,19689250888849,
246948dbb1a3fc6a4e0c0e19377ca734bdcd2c87deb53c4f6c958fb1dff638ab,2024-09-29T05:34:03.136000,received,kaspa:qrr3r3qpxcapsenpt3v8swa43x8jwh723tfft9k9czzxthksrj3hkzykmd6pn,19689250888849,
246948dbb1a3fc6a4e0c0e19377ca734bdcd2c87deb53c4f6c958fb1dff638ab,2024-09-29T05:34:03.136000,received,kaspa:qp0kw4v3m5kv854g7j0l9v4lhugfkmwun2r43cfg69qaah8344heu4zjr3lsc,19689250888849,
246948dbb1a3fc6a4e0c0e19377ca734bdcd2c87deb53c4f6c958fb1dff638ab,2024-09-29T05:34:03.136000,received,kaspa:qqkzfuufdrfpnrn8l8klsc4ycczeczhtckmd4x6q8220ysllyyhtvpa2h3z23,19689250888849,
246948dbb1a3fc6a4e0c0e19377ca734bdcd2c87deb53c4f6c958fb1dff638ab,2024-09-29T05:34:03.136000,received,kaspa:qqgcme62ku7dnrvk7p0hxws6pk254jljacq2spnf8pvzt5tc4zdfca379k556,19689250888849,
246948dbb1a3fc6a4e0c0e19377ca734bdcd2c87deb53c4f6c958fb1dff638ab,2024-09-29T05:34:03.136000,received,kaspa:qz8nc0mxdmf9a4e65vu9ymwjh3yqyxa58t78rv29sscf4wj22j4pv4d4numlt,19689250888849,
246948dbb1a3fc6a4e0c0e19377ca734bdcd2c87deb53c4f6c958fb1dff638ab,2024-09-29T05:34:03.136000,received,kaspa:qp0kw4v3m5kv854g7j0l9v4lhugfkmwun2r43cfg69qaah8344heu4zjr3lsc,19689250888849,
246948dbb1a3fc6a4e0c0e19377ca734bdcd2c87deb53c4f6c958fb1dff638ab,2024-09-29T05:34:03.136000,received,kaspa:qrr3r3qpxcapsenpt3v8swa43x8jwh723tfft9k9czzxthksrj3hkzykmd6pn,19689250888849,
246948dbb1a3fc6a4e0c0e19377ca734bdcd2c87deb53c4f6c958fb1dff638ab,2024-09-29T05:34:03.136000,received,kaspa:qpr8h9ac86cqm4tj9xrutv2efe9d560fv3xg54vhxq34k5fymvtws8j6upfz3,19689250888849,
246948dbb1a3fc6a4e0c0e19377ca734bdcd2c87deb53c4f6c958fb1dff638ab,2024-09-29T05:34:03.136000,received,kaspa:qzmscxmhg5v98w43y7p0v8ynkxmrskw3ny67fdt9nmryrd3jdxq2ur3twdd7e,19689250888849,
246948dbb1a3fc6a4e0c0e19377ca734bdcd2c87deb53c4f6c958fb1dff638ab,2024-09-29T05:34:03.136000,received,kaspa:qq34u44fwlahaywmrfutadqx5trtu8hxqy0ddthpwfh8vsmzgzpqgdumxz6er,19689250888849,
246948dbb1a3fc6a4e0c0e19377ca734bdcd2c87deb53c4f6c958fb1dff638ab,2024-09-29T05:34:03.136000,received,kaspa:qp5pnsg4k0c43r2pqz0945n46dfw306xh0qlfwn3fr0ft7flka86q5ztrsmfd,19689250888849,
30af6afe6a94db019e89041c6b3b8029ef013359f342d4b5ee02412e9e41bb6a,2024-09-29T05:32:16.415000,received,kaspa:qq5g58lv0xkf08mvag3znltp3r5mnugcu6k8s8rm29as0gdx9s7jyz0g3c8vl,10000000000,
30af6afe6a94db019e89041c6b3b8029ef013359f342d4b5ee02412e9e41bb6a,2024-09-29T05:32:16.415000,received,kaspa:qz0ns07snwnyj0x23ju45kdxajl8ep9utnvqcr7xjkej9e48dhjfu92y7m0g4,10000000000,
cbd19a8e0885aaf0b2d763cc0bd0e5c4c6184343356c73d234ee980ac974a4fd,2024-09-22T12:52:37.390000,sent,kaspa:qrswalc7ex3eejzataqxh33vku8zecppmcw7m4yjmdkkl9gfxhtmu97hws6ms,20035576759229,
cbd19a8e0885aaf0b2d763cc0bd0e5c4c6184343356c73d234ee980ac974a4fd,2024-09-22T12:52:37.390000,sent,kaspa:qrswalc7ex3eejzataqxh33vku8zecppmcw7m4yjmdkkl9gfxhtmu97hws6ms,20035576759229,
cbd19a8e0885aaf0b2d763cc0bd0e5c4c6184343356c73d234ee980ac974a4fd,2024-09-22T12:52:37.390000,sent,kaspa:qrswalc7ex3eejzataqxh33vku8zecppmcw7m4yjmdkkl9gfxhtmu97hws6ms,20035576759229,
cbd19a8e0885aaf0b2d763cc0bd0e5c4c6184343356c73d234ee980ac974a4fd,2024-09-22T12:52:37.390000,sent,kaspa:qrswalc7ex3eejzataqxh33vku8zecppmcw7m4yjmdkkl9gfxhtmu97hws6ms,20035576759229,
cbd19a8e0885aaf0b2d763cc0bd0e5c4c6184343356c73d234ee980ac974a4fd,2024-09-22T12:52:37.390000,sent,kaspa:qrswalc7ex3eejzataqxh33vku8zecppmcw7m4yjmdkkl9gfxhtmu97hws6ms,20035576759229,
ec6b9a1d5b3e4901ed1ab468745576c7e9bff37987eb85037833a5a459d4f1e2,2024-09-09T09:07:31.967000,sent,kaspa:qrswalc7ex3eejzataqxh33vku8zecppmcw7m4yjmdkkl9gfxhtmu97hws6ms,5000000000000,
a6f30199872b5b0c3a6ec83995cd949b3b6a3b4b1a363fbab59fdd05d77622e6,2024-09-09T01:14:07.878000,sent,kaspa:qrswalc7ex3eejzataqxh33vku8zecppmcw7m4yjmdkkl9gfxhtmu97hws6ms,5000000000000,
a6f30199872b5b0c3a6ec83995cd949b3b6a3b4b1a363fbab59fdd05d77622e6,2024-09-09T01:14:07.878000,sent,kaspa:qrswalc7ex3eejzataqxh33vku8zecppmcw7m4yjmdkkl9gfxhtmu97hws6ms,5000000000000,
10ebe9af7b496e85d67421662c5f9750d640afe1bd690d221a379dc2c7756598,2024-09-06T08:03:21.394000,received,kaspa:qrelgny7sr3vahq69yykxx36m65gvmhryxrlwngfzgu8xkdslum2yxjp3ap8m,7999680000000,Gate.io
e1849d0dc12d459f86c8ce922e34c6b8d92eafb95db779374795a992a641a60b,2024-09-03T03:29:19.897000,received,kaspa:qrelgny7sr3vahq69yykxx36m65gvmhryxrlwngfzgu8xkdslum2yxjp3ap8m,2000313877150,Gate.io
e070882c6416a0d01a518c38b1a40ddcc62ba3c839dffb93a362d962ccb9c0b0,2024-09-01T03:47:41.983000,sent,kaspa:qrswalc7ex3eejzataqxh33vku8zecppmcw7m4yjmdkkl9gfxhtmu97hws6ms,5600000000000,
f01520a30c6616b98087aef648a2998a07b13a63d4be94a48efcc89ccfa119af,2024-08-31T10:15:17.685000,received,kaspa:qrelgny7sr3vahq69yykxx36m65gvmhryxrlwngfzgu8xkdslum2yxjp3ap8m,5581917067000,Gate.io
114ab8797763c4bc8962024d2e233d24874cc3d47bbeb2dac8281b06b402cae8,2024-08-30T00:44:32.842000,sent,kaspa:qrswalc7ex3eejzataqxh33vku8zecppmcw7m4yjmdkkl9gfxhtmu97hws6ms,5000000000000,
114ab8797763c4bc8962024d2e233d24874cc3d47bbeb2dac8281b06b402cae8,2024-08-30T00:44:32.842000,sent,kaspa:qrswalc7ex3eejzataqxh33vku8zecppmcw7m4yjmdkkl9gfxhtmu97hws6ms,5000000000000,
8a4f677c4ff4b288f1f677815fe89a8af0e21a75ebaab756b676323553105930,2024-08-29T16:09:44.340000,sent,kaspa:qrswalc7ex3eejzataqxh33vku8zecppmcw7m4yjmdkkl9gfxhtmu97hws6ms,3500000000000,
8a4f677c4ff4b288f1f677815fe89a8af0e21a75ebaab756b676323553105930,2024-08-29T16:09:44.340000,sent,kaspa:qrswalc7ex3eejzataqxh33vku8zecppmcw7m4yjmdkkl9gfxhtmu97hws6ms,3500000000000,
6df5e088b6f29e2d27d1420d8f7b0ef49677c7d6d53c3703b653f596f2d5b307,2024-08-26T15:07:02.686000,received,kaspa:qrelgny7sr3vahq69yykxx36m65gvmhryxrlwngfzgu8xkdslum2yxjp3ap8m,8276584678200,Gate.io
56878bdb3e1da1ef87b413218253f2e7219c05234c399a1997bf15e548b01705,2024-08-26T08:01:40.778000,sent,kaspa:qrswalc7ex3eejzataqxh33vku8zecppmcw7m4yjmdkkl9gfxhtmu97hws6ms,6000000000000,
56878bdb3e1da1ef87b413218253f2e7219c05234c399a1997bf15e548b01705,2024-08-26T08:01:40.778000,sent,kaspa:qrswalc7ex3eejzataqxh33vku8zecppmcw7m4yjmdkkl9gfxhtmu97hws6ms,6000000000000,
d064eb031eb9120f9267b081f577510e1bd346ebda5e6f8308b72e498c9a3135,2024-08-25T02:09:20.586000,received,kaspa:qrelgny7sr3vahq69yykxx36m65gvmhryxrlwngfzgu8xkdslum2yxjp3ap8m,1098039832750,Gate.io
48bcc22f23e8551b0c2cee46e2bdcfef77bb0fa6d723dac697d2b548f963f205,2024-08-20T11:18:19.795000,received,kaspa:qrelgny7sr3vahq69yykxx36m65gvmhryxrlwngfzgu8xkdslum2yxjp3ap8m,1598042261800,Gate.io
a37cbd1540a7fd1a3553d61412fc070e630e8276a051f58650a4617c419a9221,2024-08-20T10:40:21.979000,received,kaspa:qrelgny7sr3vahq69yykxx36m65gvmhryxrlwngfzgu8xkdslum2yxjp3ap8m,2672124515200,Gate.io
e7f38d5e9b81f4706ae43e802404b51bf1a31701c03555b2f6a46e51d309b9a6,2024-08-20T10:27:55.813000,received,kaspa:qq4zuhujjv5qk48tkaagrf3tp0nhuyv93fmln5w4lr0s0gud963huyzp9j4dg,20000000000000,
e7f38d5e9b81f4706ae43e802404b51bf1a31701c03555b2f6a46e51d309b9a6,2024-08-20T10:27:55.813000,received,kaspa:qz7jvy9y74mvedk27gjl6kz2gx3lmdvy2p29rmeup3duwqhhy058s65zvnyvy,20000000000000,
e7f38d5e9b81f4706ae43e802404b51bf1a31701c03555b2f6a46e51d309b9a6,2024-08-20T10:27:55.813000,received,kaspa:qr9rrw06fnu4vkeqky82wpra4k3g3urw0n3lna875aghq05lcawxsgh60kxec,20000000000000,
e7f38d5e9b81f4706ae43e802404b51bf1a31701c03555b2f6a46e51d309b9a6,2024-08-20T10:27:55.813000,received,kaspa:qzudv7xam7eg6kqck30te9a8cjvngs329lsfhx2msnhjh06x9krqvd0cd27ng,20000000000000,
059b76f31d4c370f92f818ac280d4aab3a26cc9f3d27241116c973c150c28313,2024-08-20T10:22:10.860000,received,kaspa:qrelgny7sr3vahq69yykxx36m65gvmhryxrlwngfzgu8xkdslum2yxjp3ap8m,908874552700,Gate.io
fd17a8ec6b8a448a83d86a6e85eb611f397184ee2c34bed877c874a2abb35109,2024-08-07T06:37:58.486000,sent,kaspa:qrswalc7ex3eejzataqxh33vku8zecppmcw7m4yjmdkkl9gfxhtmu97hws6ms,9598447125489,
fd17a8ec6b8a448a83d86a6e85eb611f397184ee2c34bed877c874a2abb35109,2024-08-07T06:37:58.486000,sent,kaspa:qrswalc7ex3eejzataqxh33vku8zecppmcw7m4yjmdkkl9gfxhtmu97hws6ms,9598447125489,
c71b8a1edc2e7a9516e24c435009084467abf959a4478305c7ed71fff518688c,2024-08-06T15:28:34.680000,received,kaspa:qrelgny7sr3vahq69yykxx36m65gvmhryxrlwngfzgu8xkdslum2yxjp3ap8m,9589997390150,Gate.io
62aef0956ef014d4d012e2cf10ff8ccb1d0ba6b01c8276d7c44d62c82cf72ff6,2024-08-06T13:36:09.697000,sent,kaspa:qrswalc7ex3eejzataqxh33vku8zecppmcw7m4yjmdkkl9gfxhtmu97hws6ms,10000000000000,
4003c6c3dc179734df57140e880dc1b49b3478fe222de21e957a54cb501fd9ea,2024-08-06T03:19:30.671000,sent,kaspa:qrswalc7ex3eejzataqxh33vku8zecppmcw7m4yjmdkkl9gfxhtmu97hws6ms,5000000000000,
4003c6c3dc179734df57140e880dc1b49b3478fe222de21e957a54cb501fd9ea,2024-08-06T03:19:30.671000,sent,kaspa:qrswalc7ex3eejzataqxh33vku8zecppmcw7m4yjmdkkl9gfxhtmu97hws6ms,5000000000000,
1485ede3eb14ac2bc32ec419600e8dfce1b93a1fd772b5c0801f475d47933185,2024-07-29T04:29:29.472000,received,kaspa:qqfuvw9369rdfl90dsg4c7wdttmvd2wqtr0mrw0yz7jd3e7gt9vzk3w4n94as,15000000000000,
1485ede3eb14ac2bc32ec419600e8dfce1b93a1fd772b5c0801f475d47933185,2024-07-29T04:29:29.472000,received,kaspa:qp4nhp2znd7ykf6rckl6js9a48376d3lg6c6frr00el3g6sfflkhgjl49d9az,15000000000000,
691920aea8c1b2473e52eb7333e1df14728e1f61dec1122c0a41ba538aa52b6e,2024-07-01T14:33:38.524000,sent,kaspa:qzudv7xam7eg6kqck30te9a8cjvngs329lsfhx2msnhjh06x9krqvd0cd27ng,5000000000000,
882a21b3030b3a756b5c483790399a4b043d62c46ab08d2d573d25cd0179eb1c,2024-07-01T14:29:13.268000,sent,kaspa:qzxw2pqy8dudazp5506rk40jx0gf9nvvccnwn3spcaae4yj2ylplguv2etl5w,20000000000000,
882a21b3030b3a756b5c483790399a4b043d62c46ab08d2d573d25cd0179eb1c,2024-07-01T14:29:13.268000,sent,kaspa:qzxw2pqy8dudazp5506rk40jx0gf9nvvccnwn3spcaae4yj2ylplguv2etl5w,20000000000000,
bf296cbbc641b7909801c40ac192c4912c414be9efa90b71708c93a41c1bd9b2,2024-07-01T14:19:29.210000,sent,kaspa:qrswalc7ex3eejzataqxh33vku8zecppmcw7m4yjmdkkl9gfxhtmu97hws6ms,5000000000000,
8851f3239e1be1ed4497bad3035c4a4610fa8f1ee942fbd41a8483041f6769d1,2024-05-19T01:17:11.986000,sent,kaspa:qzxqhhu5pugklgfgje208utxge7me5x2jh58hvrs4zpf4dsldd9s6rxfveuew,7540000000000,
8851f3239e1be1ed4497bad3035c4a4610fa8f1ee942fbd41a8483041f6769d1,2024-05-19T01:17:11.986000,sent,kaspa:qzxqhhu5pugklgfgje208utxge7me5x2jh58hvrs4zpf4dsldd9s6rxfveuew,7540000000000,
82d97c5e91290043ee908b7466850131a358a0e61c13f4e54793bcbe9af83df9,2024-04-05T05:12:25.376000,received,kaspa:qrelgny7sr3vahq69yykxx36m65gvmhryxrlwngfzgu8xkdslum2yxjp3ap8m,12890162226900,Gate.io
3e2cd37a9814dc9d687a494acc6cb85f900d25041a346ec4304e73c0923e6681,2024-03-22T01:30:39.882000,sent,kaspa:qpmrnc0r9n5ptv8wcplvk4nnrgw2ngyyyjjfwvt4h7krnn6maxvgyr6jfh6ww,205000000000,
3e2cd37a9814dc9d687a494acc6cb85f900d25041a346ec4304e73c0923e6681,2024-03-22T01:30:39.882000,sent,kaspa:qpmrnc0r9n5ptv8wcplvk4nnrgw2ngyyyjjfwvt4h7krnn6maxvgyr6jfh6ww,205000000000,
a02e4af1e74f21dbb490395fc9405f8a85e4997d32e4673f84d85523f2d316a4,2024-03-03T14:01:17.834000,sent,kaspa:qrctzxz8yu3taph070zyuyzf3zhmkey7kdpqhlnc25phd8ghx7445afyqss5c,205000000000,
d18cb13dd2e6095b4499c2ffe75191e95758f32ea53e35613456ee156ca68e9e,2024-03-01T03:21:08.434000,received,kaspa:qzpc2s27q32ns5l5tl79xx5f5d3nhcrhd9rjqh3ce6w3257allr2ultr6pd42,20466300000000,
74911da25e18c9b8c11c0f7cbfbd284df3b9f946bfa7c38472d1d4a6475aced2,2024-02-29T23:13:34.761000,received,kaspa:qpdl30n64ydyhqplengzjq6g44r4wg8amh9aeyddgym0c30gjkljg4ygwtx06,100000000000,
e18347199635007cc20690c335a8275edfe17c268a2a63bdc940e2b0385dca2b,2024-02-29T10:15:32.276000,received,kaspa:qrelgny7sr3vahq69yykxx36m65gvmhryxrlwngfzgu8xkdslum2yxjp3ap8m,4501987534800,Gate.io
0e9289fd540677444b0155fd2ae78c68b193e25bf04a3fc0c2ea0b04643a3536,2024-01-11T06:45:45.271000,sent,kaspa:qzev0gkpwr27me5t5car50mmadzhmd55fkkymrzea9p7rkx6lxwjglzdp7gku,19990095365481,
0e9289fd540677444b0155fd2ae78c68b193e25bf04a3fc0c2ea0b04643a3536,2024-01-11T06:45:45.271000,sent,kaspa:qzev0gkpwr27me5t5car50mmadzhmd55fkkymrzea9p7rkx6lxwjglzdp7gku,19990095365481,
0e9289fd540677444b0155fd2ae78c68b193e25bf04a3fc0c2ea0b04643a3536,2024-01-11T06:45:45.271000,sent,kaspa:qzev0gkpwr27me5t5car50mmadzhmd55fkkymrzea9p7rkx6lxwjglzdp7gku,19990095365481,
0e9289fd540677444b0155fd2ae78c68b193e25bf04a3fc0c2ea0b04643a3536,2024-01-11T06:45:45.271000,sent,kaspa:qzev0gkpwr27me5t5car50mmadzhmd55fkkymrzea9p7rkx6lxwjglzdp7gku,19990095365481,
8e3f251330d066f2f4068cd43ffff8d652d9efcdc1e1e3c220251fb4f1eda39b,2024-01-11T04:56:09.347000,sent,kaspa:qp7nu4dhuyrt0un3nnnlvavqezdh3gsh4kcy3wukdhjldvdrnpry697pke2en,10000000000000,
3fe581424eee20f29b6254d057b28fe79ab537b06e831ce2d2ee2b634af38470,2024-01-11T04:50:33.218000,sent,kaspa:qp5pnsg4k0c43r2pqz0945n46dfw306xh0qlfwn3fr0ft7flka86q5ztrsmfd,5000000000000,
63e902c092214e4a31453d71027982f2631f1a22e86c9b2b8ca6c34ce69bb06d,2024-01-11T04:49:51.546000,sent,kaspa:qp5pnsg4k0c43r2pqz0945n46dfw306xh0qlfwn3fr0ft7flka86q5ztrsmfd,10000000000,
fd1122ec3b46ec0feca4b03439f2466441d8c63793e1f0447114c3fdd8cce8f9,2024-01-09T10:09:38.417000,sent,kaspa:qrswalc7ex3eejzataqxh33vku8zecppmcw7m4yjmdkkl9gfxhtmu97hws6ms,1967300000000,
5dc247e060691211281d7cb60a772e0cdd7062d08687123037eb6951c665f966,2024-01-06T00:58:31.243000,sent,kaspa:qpc9hkpldu98vxxehrva52jlewpcglg0ztzzyrcycdyctcf37qajshh8jtfrh,3000000000000,
5dc247e060691211281d7cb60a772e0cdd7062d08687123037eb6951c665f966,2024-01-06T00:58:31.243000,sent,kaspa:qpc9hkpldu98vxxehrva52jlewpcglg0ztzzyrcycdyctcf37qajshh8jtfrh,3000000000000,
e05f1cb1b89adb34e29a001d48516705ea7f33556199e2870250f999e7c7e9c4,2024-01-05T07:25:08.872000,received,kaspa:qrelgny7sr3vahq69yykxx36m65gvmhryxrlwngfzgu8xkdslum2yxjp3ap8m,9983396774100,Gate.io
30e4ce5e2be9d056c9988d51c45dbcbe2036a474cc7d503e7ca8f8ee9cb2e259,2024-01-05T01:29:26.833000,received,kaspa:qrelgny7sr3vahq69yykxx36m65gvmhryxrlwngfzgu8xkdslum2yxjp3ap8m,9983995489700,Gate.io
c57d3df4f038b17895ce3fca1defca50cd4bba6e20cdde417f0dd5bf7d016fce,2024-01-04T07:26:18.313000,sent,kaspa:qqruujz7vn846mcz0sqsvmp82mj3epra77zce6rm307dv0j5230tqs6swclwc,4149500000000,
cb420427b12016c64ce9c91b88815e0950a1891e0b62e193164a7f2224010a3b,2024-01-04T00:54:28.679000,received,kaspa:qrelgny7sr3vahq69yykxx36m65gvmhryxrlwngfzgu8xkdslum2yxjp3ap8m,11798207001300,Gate.io
0cf32fcbbc71c0d503e5f6089e73be82a3dfe3fd01a677dea3c31ca5c5b5a588,2024-01-03T02:20:49.229000,sent,kaspa:qrswalc7ex3eejzataqxh33vku8zecppmcw7m4yjmdkkl9gfxhtmu97hws6ms,5000000000000,
cc53fdbf34d440fe5dc27d646e3c0fd47d256da02e5452e93b9e0c1c33822001,2024-01-01T03:25:40.794000,received,kaspa:qrelgny7sr3vahq69yykxx36m65gvmhryxrlwngfzgu8xkdslum2yxjp3ap8m,9983055001700,Gate.io
06250758d5fef9859e842ba2d599d70f2febede10ae6b893fadf86bd3942b13f,2023-12-30T02:06:16.350000,received,kaspa:qrelgny7sr3vahq69yykxx36m65gvmhryxrlwngfzgu8xkdslum2yxjp3ap8m,7368241121500,Gate.io
b8976867f37aa81ef3ad69b0f36a58a000d0690e7e23bbb7aacb93c3221619a1,2023-12-16T03:33:05.593000,sent,kaspa:qqty8njveh97vsdg5ev6v4tc2hrhvll6fap6c60ect8j394svcghgcytm2khp,86999995901,
a9b26ab000c3c8c032dc07b43f5b301263d2afeebd0f04118b9f179ead80e8d5,2023-11-16T15:30:19.682000,sent,kaspa:qrswalc7ex3eejzataqxh33vku8zecppmcw7m4yjmdkkl9gfxhtmu97hws6ms,10000000000,
c3e91c55f3a0b3a525b17100ec4dd36073a99ceb785bfb81c997f5307df8ff8b,2023-11-16T15:19:10.086000,received,kaspa:qrelgny7sr3vahq69yykxx36m65gvmhryxrlwngfzgu8xkdslum2yxjp3ap8m,97000000000,Gate.io
