tx_id,timestamp,direction,peer_address,amount_sompi,cex_label
aec397159396f38ca1cb3f371a84f886bee17a4ab10b7d02d2031cea78403261,2023-12-16T03:17:39.016000,sent,kaspa:qzslgwenzu78t6tldlng383g7ruu4enaljmnkgaulyrscjp7ldt26x8gfxck5,171940000,
aec397159396f38ca1cb3f371a84f886bee17a4ab10b7d02d2031cea78403261,2023-12-16T03:17:39.016000,sent,kaspa:qzslgwenzu78t6tldlng383g7ruu4enaljmnkgaulyrscjp7ldt26x8gfxck5,171940000,
eaf8ae23968087282c2de2aaeeb0c7e909e7f4d27a5a93f743bd48c746d66d1b,2023-12-12T00:42:13.522000,received,kaspa:qypswxtcrv4ssyjaswy5w9387vq73mkuyq85tl34cee6qn5uexqy0csgnafnjx7,171000000,
6f70abbbf1656a7d2d66f018e5405f6acd643b7c0ad45c3039d8a268a160127b,2023-11-27T14:52:01.447000,sent,kaspa:qyp8ndysw5x0qx4qxsqagx3mx5ew2qr2yhe0q99re4nhulur8sg42usugarj2yh,18000000,
b534b0e81253a5d2a25fc2a14e4e94670420b8e1c4c2d4242609e134ce926417,2023-11-27T12:35:25.750000,received,kaspa:qqeyly5kcha7xxm6c6vy78m4le9jwx6tdwdeuxx60khd9pr9h37n7rhwsfj9p,19000000,
