tx_id,timestamp,direction,peer_address,amount_sompi,cex_label
51d01e62f7f265d4a2d61839239bdced02a815b11639dbb02479250c31cc9fb9,2023-12-16T04:55:40.627000,sent,kaspa:qzslgwenzu78t6tldlng383g7ruu4enaljmnkgaulyrscjp7ldt26x8gfxck5,171940000,
51d01e62f7f265d4a2d61839239bdced02a815b11639dbb02479250c31cc9fb9,2023-12-16T04:55:40.627000,sent,kaspa:qzslgwenzu78t6tldlng383g7ruu4enaljmnkgaulyrscjp7ldt26x8gfxck5,171940000,
b3814334d6b530eb55dff9534dc7eed877ed7c208b667baf72afd6c045bd1392,2023-12-13T02:16:40.868000,received,kaspa:qypswxtcrv4ssyjaswy5w9387vq73mkuyq85tl34cee6qn5uexqy0csgnafnjx7,171000000,
9844a0482b2bfbc6b4d4d2b530b2f16497ac5c595981f3b9f870de1f46377a14,2023-11-29T17:48:20.982000,sent,kaspa:qypj4qxmxw2y78f4gpsy342l7p55h3cje0g7v8ayremfrw5kwstf9ncnfqpa5jc,18000000,
7af7339d26cf10a2a9e9e0407aacee83e12ca47d7199f57e40f673fe7ecf6c67,2023-11-29T10:51:58.348000,received,kaspa:qqshwyxdqnef5w786j5s9uutek3an7ns3rt5hwfza7frfrxp6yx5w34ld2707,19000000,
