tx_id,timestamp,direction,peer_address,amount_sompi,cex_label
8de1253b8eb4664c3f3d2e667f59b313ca3c7fe817ad48f2d213ac1ba31bc904,2023-12-16T04:41:01.542000,sent,kaspa:qzslgwenzu78t6tldlng383g7ruu4enaljmnkgaulyrscjp7ldt26x8gfxck5,171940000,
8de1253b8eb4664c3f3d2e667f59b313ca3c7fe817ad48f2d213ac1ba31bc904,2023-12-16T04:41:01.542000,sent,kaspa:qzslgwenzu78t6tldlng383g7ruu4enaljmnkgaulyrscjp7ldt26x8gfxck5,171940000,
4a27012faf799aa40441cf96a662472761a39d53492e804cf5e13191c2b652df,2023-12-12T11:52:32.229000,received,kaspa:qypswxtcrv4ssyjaswy5w9387vq73mkuyq85tl34cee6qn5uexqy0csgnafnjx7,171000000,
acd3a0e30f250b6c8d7665cb0cd270b51674fff114504731556a207bccbd723d,2023-11-28T16:21:40.719000,sent,kaspa:qyp4s3y9psq830ffhcpls0u0gdlrwcfs9d9tuljgz3ldflnd7cdw35q67znjzse,18000000,
15f4a1f75bce902353323d7cf9ca304ad56cff9887095ae8d3e192bed6103da1,2023-11-27T16:38:45.680000,received,kaspa:qz7mrcld5f5vpeek48ge2wctl94jf8jucstag3fsdk3jz9ftn35v2g42c5gf0,19000000,
