tx_id,timestamp,direction,peer_address,amount_sompi,cex_label
0a3ae8b1bc44843504bfadd8694f474a8ee274f7532d269fd284007b1009c405,2024-11-18T11:18:13.632000,sent,kaspa:qqnqv3rvnctfyrjteurqm0gmqfu7yjg3949yxpyxxfa4rgm9nt2zxauwq8xvs,800000000000,
0a3ae8b1bc44843504bfadd8694f474a8ee274f7532d269fd284007b1009c405,2024-11-18T11:18:13.632000,sent,kaspa:qp23mxlyyy3ys39ew2j0q5ttn5sw90dg5kdqft7jmsxdv00mzl2kjdjcm5wj3,8902687564,
caff035d2997caa353bc3a9495359954201e14b9acb123b19200f6424afd6452,2024-11-18T11:01:19.207000,received,kaspa:qzgtduqyccg66ms6crgpgnnn802c7drpevy4fsq8069lpzhdwfxhy4079jsrp,199588526987,
caff035d2997caa353bc3a9495359954201e14b9acb123b19200f6424afd6452,2024-11-18T11:01:19.207000,received,kaspa:qzgtduqyccg66ms6crgpgnnn802c7drpevy4fsq8069lpzhdwfxhy4079jsrp,199588526987,
90057a6e2893279a1d2a6b570de64dbb768ce3a5598a49a258e5de455f274ea2,2023-11-14T20:59:40.971000,sent,kaspa:qpv7m2v9dw2676w9m8t5dtjkgvdag65rdp9p25jsehcyglm3dxn5yavl7huf6,125500000000,
90057a6e2893279a1d2a6b570de64dbb768ce3a5598a49a258e5de455f274ea2,2023-11-14T20:59:40.971000,sent,kaspa:qru0zqrvrwacwh3pqpt0e8jqs3h8anrmhz0vwtc8que4duuz88w82a00np4g8,34362153403,
ecaf0f88d45d5be0b7a90741a7dcd5657d24853e71671688f4297e28fad2f244,2023-11-14T20:59:00.451000,received,kaspa:qptct2r0a80sf6ta43u4dte8d2m3eqg9p8xc7qxq76ds89da43yzu7m0sqr75,125500000000,
