tx_id,timestamp,direction,peer_address,amount_sompi,cex_label
98bc79ad49117a314e4c4fac4ab019a43f63352f249e819e68fdc1107fb7d418,2023-12-16T04:55:56.521000,sent,kaspa:qzslgwenzu78t6tldlng383g7ruu4enaljmnkgaulyrscjp7ldt26x8gfxck5,171940000,
98bc79ad49117a314e4c4fac4ab019a43f63352f249e819e68fdc1107fb7d418,2023-12-16T04:55:56.521000,sent,kaspa:qzslgwenzu78t6tldlng383g7ruu4enaljmnkgaulyrscjp7ldt26x8gfxck5,171940000,
884c6958ee83690b4b9cbc858acbc4ac2f572f9b88b1911a09ace311857a8f93,2023-12-13T00:30:13.263000,received,kaspa:qypswxtcrv4ssyjaswy5w9387vq73mkuyq85tl34cee6qn5uexqy0csgnafnjx7,171000000,
434e0948f766d4378b36c06de2c17b2945ee6b987fa4df93959e3d659cbd386c,2023-11-29T16:12:27.439000,sent,kaspa:qypwuwc9dvjy5kvxp2xchxrw2zs3w3ry39aznfk86vqklttp4j8kxwc0shu4ask,18000000,
b3ccf3b7935afc94c767831d41aef5fcf2525e704dbc6afbc9363614a1c2fdf8,2023-11-29T03:06:43.982000,received,kaspa:qz93n5nxf7a8s0swqvdhxs8v6dqel9yqdzy4ypkxhjmevkrl478yugutafnmr,19000000,
