tx_id,timestamp,direction,peer_address,amount_sompi,cex_label
aa0b8ee27a11dbf0640aa6d6d5c590b70be7dd157a28e6b819fb07d6b6151605,2023-12-12T08:32:30.444000,sent,kaspa:qp92sksuw950mlmvgewt8hufgwwnrr2n9y27l9p9cp8626n4t6jq7jxgwcntr,171070000,
aa0b8ee27a11dbf0640aa6d6d5c590b70be7dd157a28e6b819fb07d6b6151605,2023-12-12T08:32:30.444000,sent,kaspa:qp92sksuw950mlmvgewt8hufgwwnrr2n9y27l9p9cp8626n4t6jq7jxgwcntr,171070000,
d96d0fea7f29fe6fec3d9ce806d64cde46703fdb99372e9da7f992390b8852bf,2023-12-12T07:34:03.345000,received,kaspa:qypswxtcrv4ssyjaswy5w9387vq73mkuyq85tl34cee6qn5uexqy0csgnafnjx7,171000000,
bbd5ce8ac5b65ff1d70bae6c4c742f1c63e288b9e81604397fcf12182f7821ac,2023-11-28T09:22:45.395000,sent,kaspa:qyprvyhju3u22f6dsvyj8uvsc2w3lv8m7jqw27crghhtl57q8d7cv6ccmcq0hn8,18000000,
7e906d4b40f25a3d7d7d5307f70bf9ca81582968f057efa218f8fe1eb33f2fcc,2023-11-28T05:02:57.113000,received,kaspa:qp9cyfxeewcnpfd9cf6fey5m9ummzhzxfv299t6slt77kr8u9me7ugcywgvu6,18100000,
