tx_id,timestamp,direction,peer_address,amount_sompi,cex_label
1d1d0764a66a6be0f8ec52d7fce8f39b7fa570216f9584a05b6f978166dff96a,2023-12-16T04:20:41.175000,sent,kaspa:qzslgwenzu78t6tldlng383g7ruu4enaljmnkgaulyrscjp7ldt26x8gfxck5,171940000,
1d1d0764a66a6be0f8ec52d7fce8f39b7fa570216f9584a05b6f978166dff96a,2023-12-16T04:20:41.175000,sent,kaspa:qzslgwenzu78t6tldlng383g7ruu4enaljmnkgaulyrscjp7ldt26x8gfxck5,171940000,
6e208ce459ca3737ee9d0a1c44d73149345ac32278ad2d54140b67e0684028b1,2023-12-12T15:28:32.256000,received,kaspa:qypswxtcrv4ssyjaswy5w9387vq73mkuyq85tl34cee6qn5uexqy0csgnafnjx7,171000000,
2599206a9e554c7281d9078bdbb0dadf180b8f87a7b013e3d54f3f8310009759,2023-11-29T01:40:22.984000,sent,kaspa:qypzfsyqv6zkpfk2qk0t2uvcyy8qft2e7uavjm2qqgj36087chp3sasg955hqmt,18000000,
5feadb0a6791fd2d18f27d95b057b0ff49891db56ad8c6939a81e40fcc68c43f,2023-11-28T13:03:59.376000,received,kaspa:qqxrda0n7wx2zyhkxu2gx3hc5mraf7l7h90szkz8vrs4sa9cf0hvc6ysg6shy,19000000,
