tx_id,timestamp,direction,peer_address,amount_sompi,cex_label
d56b71760e1c109637bf4001279b6cadb3d3aa8447e704e0d6e85e21a4488df1,2023-12-16T03:12:15.480000,sent,kaspa:qzslgwenzu78t6tldlng383g7ruu4enaljmnkgaulyrscjp7ldt26x8gfxck5,171940000,
d56b71760e1c109637bf4001279b6cadb3d3aa8447e704e0d6e85e21a4488df1,2023-12-16T03:12:15.480000,sent,kaspa:qzslgwenzu78t6tldlng383g7ruu4enaljmnkgaulyrscjp7ldt26x8gfxck5,171940000,
a8c4393e047d829884eae9614f6d2637886ed212eec6b58242ee5a6186a579c4,2023-12-12T00:50:58.642000,received,kaspa:qypswxtcrv4ssyjaswy5w9387vq73mkuyq85tl34cee6qn5uexqy0csgnafnjx7,171000000,
dcdbb8b22c7e6371b201d9fcb4080e0b3e2ae03861acd8486eebbfb1a23d3c95,2023-11-27T15:07:39.150000,sent,kaspa:qypv860wz3whxa4grcqc4tk4vsupa52ug6nzslr7e9vgsq6flpfn5us5lkyvpam,18000000,
203507d7d8ec749729d3e3409756a1cfda505d61870aca0d260897dde6ac9375,2023-11-27T14:36:03.771000,received,kaspa:qrvhmu7g3ykxqglvqnr3nqx22rs6fq2dz3mf5n25qlwz5ytpksv3q4lju593m,19000000,
