tx_id,timestamp,direction,peer_address,amount_sompi,cex_label
f242d94b7e629062f2889c1eec2c9c0fc39008fee0e7786aca13f13d0b00faf0,2024-09-06T22:56:21.442000,sent,kaspa:qqnqv3rvnctfyrjteurqm0gmqfu7yjg3949yxpyxxfa4rgm9nt2zxauwq8xvs,2600000000000,
f242d94b7e629062f2889c1eec2c9c0fc39008fee0e7786aca13f13d0b00faf0,2024-09-06T22:56:21.442000,sent,kaspa:qrgf6psurvc94kh5kwp7a70wqdpf8ptdav0ph7pf0ajetfheuvhej6jn8v7ak,2388444440364,
5aa7dd0af97d53ea6a0eb413658db43ac2656b501bbd87a7ac3d3c5f4ef4b407,2024-09-06T17:07:29.935000,received,kaspa:qpcqfsguztv6v0c8hphp6p9dg5ssk89rnmjmjw9aswgptvlq8uqr7a825nsuz,8444443584,
5aa7dd0af97d53ea6a0eb413658db43ac2656b501bbd87a7ac3d3c5f4ef4b407,2024-09-06T17:07:29.935000,received,kaspa:qqmdrrlznz7cgax9jvefm4g4fwtsnnz8r96574qduyjakmyd5rtgc3a4rx0qr,8444443584,
