tx_id,timestamp,direction,peer_address,amount_sompi,cex_label
511b443813b2a78d0aa9841297ec9c7cebf92a8c8f9a2cb8577e8bf3e55b1f45,2023-12-16T04:16:20.483000,sent,kaspa:qzslgwenzu78t6tldlng383g7ruu4enaljmnkgaulyrscjp7ldt26x8gfxck5,171940000,
511b443813b2a78d0aa9841297ec9c7cebf92a8c8f9a2cb8577e8bf3e55b1f45,2023-12-16T04:16:20.483000,sent,kaspa:qzslgwenzu78t6tldlng383g7ruu4enaljmnkgaulyrscjp7ldt26x8gfxck5,171940000,
19b573a788b208639a37f19b3f43a29557200361c333204ed986e3b807d68208,2023-12-12T11:03:04.817000,received,kaspa:qypswxtcrv4ssyjaswy5w9387vq73mkuyq85tl34cee6qn5uexqy0csgnafnjx7,171000000,
fb52003aa239800a536ce4e2175adb67caf6c94620a272fda326871f03a39948,2023-11-28T15:19:08.121000,sent,kaspa:qypw4r0gczycljynk2zsz62u5y4ddhghwv36znw9mjqtjcsnzd8sgesta0cvys8,18000000,
ee007e27bedaa58ee02c264450a6462d1298f8aae58e8f218e5a58d25f21e9ea,2023-11-27T21:48:15.301000,received,kaspa:qqxrda0n7wx2zyhkxu2gx3hc5mraf7l7h90szkz8vrs4sa9cf0hvc6ysg6shy,19000000,
