tx_id,timestamp,direction,peer_address,amount_sompi,cex_label
90e29e1d8c3230c7848bdc92e68b51acca498860e2c7f5272048257f450390cd,2023-12-16T04:45:28.778000,sent,kaspa:qzslgwenzu78t6tldlng383g7ruu4enaljmnkgaulyrscjp7ldt26x8gfxck5,171940000,
90e29e1d8c3230c7848bdc92e68b51acca498860e2c7f5272048257f450390cd,2023-12-16T04:45:28.778000,sent,kaspa:qzslgwenzu78t6tldlng383g7ruu4enaljmnkgaulyrscjp7ldt26x8gfxck5,171940000,
8edf936f40489684fecd1ea1fe36f4d4ef8a859b592e6b4dee2f6cf8e63ee7e4,2023-12-12T20:48:43.899000,received,kaspa:qypswxtcrv4ssyjaswy5w9387vq73mkuyq85tl34cee6qn5uexqy0csgnafnjx7,171000000,
26fcdbb5c8ed07670a6fffc4b6720ec020ac68e2d74abe5980f4d99b6a922c2f,2023-11-29T11:25:27.716000,sent,kaspa:qypax0yxv6vhhrvkdyapq9gdf7gfncx9mz8s77pyqkshdqc0ecgt5nguxgm6tj0,18000000,
3dc79535e3d0bc9ee78eaed2b6b11fa9ed184e3ef61737b3a3703da0c8318d98,2023-11-27T22:41:48.407000,received,kaspa:qz2mfwckqf336hmfsmq2wesgv3up3emyec0yvszzk8g03pj05qr5u7pet9th0,19000000,
