tx_id,timestamp,direction,peer_address,amount_sompi,cex_label
8a6a97a4dacf5b6cefb481554cc4869fdc84d481c9219408779389fdc18f4144,2023-12-18T15:22:54.418000,sent,kaspa:qrkaxvl2tw6pq6zx9xrr9lqnt9x72upf0hsrp3cvgcmfz77m50ycua35nz200,172970000,
8a6a97a4dacf5b6cefb481554cc4869fdc84d481c9219408779389fdc18f4144,2023-12-18T15:22:54.418000,sent,kaspa:qrkaxvl2tw6pq6zx9xrr9lqnt9x72upf0hsrp3cvgcmfz77m50ycua35nz200,172970000,
a6bcc8b2746e0d2922d41c0e5cfccc0545d683ef1e4d5ecad10357f07964ed33,2023-12-12T17:55:39.878000,received,kaspa:qypswxtcrv4ssyjaswy5w9387vq73mkuyq85tl34cee6qn5uexqy0csgnafnjx7,171000000,
403fb3b6f2bc5d5b0ec49373ce64d8e8e8658a1f6694a95d2c89f7400a32d78e,2023-11-29T06:30:48.158000,sent,kaspa:qypzrwqcuf84r35u0nuuz5ytuwz9w9kj4t70g5es2g6lm4ru5uhvz3chs6mhpj3,18000000,
7039909b77377dea71a738cb4309fdfe8511ed6498240d9a7723df84136bd5ec,2023-11-28T09:50:55.976000,received,kaspa:qz8lesghcuxpq2zu6x9xjfkjtlrqrzn8p4pp6kxh0xekd4l0fetj7nr6zahf8,20000000,
