tx_id,timestamp,direction,peer_address,amount_sompi,cex_label
7553d316c6ca3e37feed6804721380d7c2f98fa12b34a2d70869eb53fe8b5e8d,2023-12-16T04:28:57.664000,sent,kaspa:qzslgwenzu78t6tldlng383g7ruu4enaljmnkgaulyrscjp7ldt26x8gfxck5,171940000,
7553d316c6ca3e37feed6804721380d7c2f98fa12b34a2d70869eb53fe8b5e8d,2023-12-16T04:28:57.664000,sent,kaspa:qzslgwenzu78t6tldlng383g7ruu4enaljmnkgaulyrscjp7ldt26x8gfxck5,171940000,
9a2a2d66fc6bdbade8ac80fdadd8a6fd2119cc356b746c648359ea00f540014f,2023-12-12T13:18:37.528000,received,kaspa:qypswxtcrv4ssyjaswy5w9387vq73mkuyq85tl34cee6qn5uexqy0csgnafnjx7,171000000,
90f4af7963faedb534e97f9910705f83838b84e35e8f7fac86aaa4160eea8c9e,2023-11-28T18:10:24.493000,sent,kaspa:qyp95wwx5uclrtpzma5sy53h6c4au4zn4r4gxw4elvfhg6zcuj34czq70styq8q,18000000,
2f7baf54ad217c78fa9771ef5362d074dc8eecaf10df083296de9406f2b65c53,2023-11-28T07:30:54.023000,received,kaspa:qr5fd84m2hrt4lkqt6s5gjc2lwlsve5vd4eqyvtz3uagvau68w5d2zkljale4,19000000,
