tx_id,timestamp,direction,peer_address,amount_sompi,cex_label
e4fa4a90b4a0644d7542ee1fb45dec6b425e647ede3e86d19ca65419cabb0766,2023-12-16T03:42:48.838000,sent,kaspa:qzslgwenzu78t6tldlng383g7ruu4enaljmnkgaulyrscjp7ldt26x8gfxck5,171940000,
e4fa4a90b4a0644d7542ee1fb45dec6b425e647ede3e86d19ca65419cabb0766,2023-12-16T03:42:48.838000,sent,kaspa:qzslgwenzu78t6tldlng383g7ruu4enaljmnkgaulyrscjp7ldt26x8gfxck5,171940000,
ebd54dd04285eb922f2e0599d1142d7d5a97f427855802c550abf1433cc49f4a,2023-12-12T03:02:50.494000,received,kaspa:qypswxtcrv4ssyjaswy5w9387vq73mkuyq85tl34cee6qn5uexqy0csgnafnjx7,171000000,
b7f357bd646df70ca52c7d37317ef6e9fad0530d5c8f27ee484ec0c059c063c6,2023-11-28T00:56:52,sent,kaspa:qypcne92hh9qjsvq46ln86w3fqp33cmz7rwjmkym7v8m8heurgehxssdkpd8f4j,18000000,
9380fd7575db692820e45bbd7b88e82ed0536df82f84929aa999ebb5ea69ad9e,2023-11-27T20:14:47.221000,received,kaspa:qpmp7s9we4nmtuq7fahr68pkxddehqer4r278q8wwtrgp4p5cqqj7e08uvv05,19000000,
