tx_id,timestamp,direction,peer_address,amount_sompi,cex_label
a6ab5bd7990c85d38d661cc9e84445fcfaf6228667bc2ce4b7869e955c3a096d,2023-12-16T03:14:37.998000,sent,kaspa:qzslgwenzu78t6tldlng383g7ruu4enaljmnkgaulyrscjp7ldt26x8gfxck5,171940000,
a6ab5bd7990c85d38d661cc9e84445fcfaf6228667bc2ce4b7869e955c3a096d,2023-12-16T03:14:37.998000,sent,kaspa:qzslgwenzu78t6tldlng383g7ruu4enaljmnkgaulyrscjp7ldt26x8gfxck5,171940000,
f987dea8c2072dd83ad96c0ac945dbf96f34383d2e8d71502f0bce2553c7a9f3,2023-12-11T23:54:15.479000,received,kaspa:qypswxtcrv4ssyjaswy5w9387vq73mkuyq85tl34cee6qn5uexqy0csgnafnjx7,171000000,
1693ea4033670e7419666e1bf541b341cbd43af8fb31b4d1e335182b23f04f00,2023-11-27T14:04:04.751000,sent,kaspa:qyp8e55ujmymupwagc63q7s6s2vvy2l58jnwfttq6tnjdrfx9ksm59gstmhftre,18000000,
a239380bf13ec74d3ac82ae69f768a34f0be7f1d0a0a2991c9f3576496dc79a2,2023-11-27T06:10:19.439000,received,kaspa:qpe7n3hm27lszp3hh5974245t8a0mvahp6q820e44vs29sl0xljpg8f42mmlf,19000000,
