tx_id,timestamp,direction,peer_address,amount_sompi,cex_label
559bac1f26342ffaed0f220607ae647bd2a34614f9e73e0dec2173c39c8833a3,2023-06-15T16:37:19.339000,sent,kaspa:qq2yjlz4zvskzavnw2dun4ru3l9w084skd8454l3828avx8a0rdwvk2vwdajc,1038342820625,
b805472fdae3216483edd7576d2efb52af607e8a5ed1bf81fc2357a216665718,2023-06-04T10:24:13.217000,sent,kaspa:qqrp9vacellxa2gcu9e0rq6wsz6hwrw0ux03nv9ymh8gksaz9h6xu0pmj3vpj,1214439360681,
069f9f3a79dc0db9f8a99ace27d85fa026c839e8f04f4a520e6e18880f274a5a,2023-05-19T21:11:08.635000,sent,kaspa:qz2q0wd2yz4xdmcu4uvzfg8t0f88ujmhz2g0l36ggg5wuc5cxfekqv3ws724f,1567969165891,
2e5be3d3a243466b3fd8f006085e1ad554e0d863f85bab377c3d74703dbbb901,2023-05-19T18:25:18.746000,sent,kaspa:qqywcsq75x0feq5ywag6hs5qu4mw8lunmxfurpqpdearfr5x935hg88a64x2v,1883102010195,
4475caa2f732a0391db239a9d3124e91aab48410a9f9c3b664f0c7f851e4fe46,2023-05-18T18:01:33.084000,sent,kaspa:qq0pn6nmfl9h4amwqrazhgr2a2y3c00xz7vcpu663w7535g6u2lcjm7pmxkd2,2442808946499,
bb7873f20792195e4e47eb7d01ec026efa8a18339992d290fec6a71d75fc2484,2023-05-18T18:01:28.063000,sent,kaspa:qq0pn6nmfl9h4amwqrazhgr2a2y3c00xz7vcpu663w7535g6u2lcjm7pmxkd2,2270940234666,
9e3d25853e73653cc4398108f55229344f23170729594cc78d1798754a26f156,2023-05-12T06:31:46.830000,sent,kaspa:qzvra454vx89gu8l90wm58mqa2y0avltpv38m00wnkvsy725df5ssgvu40u4a,2630104046642,
009716ad85d66cd64250791fe3f96ce08d2366ffd11395a4b267f4d1862d936c,2023-05-12T06:31:46.660000,sent,kaspa:qzvra454vx89gu8l90wm58mqa2y0avltpv38m00wnkvsy725df5ssgvu40u4a,2602651963365,
f3718cc49e28f9aae7ef6c523895a7540df5dd0a35045ac3342429df61354055,2023-05-11T08:06:27.137000,sent,kaspa:qqsykh2z56x0jcq34ujywpvf4s5q5x5tu08z295zd69ntve82u2ju23znv6xh,2820293092669,
f68ed88e4a90acdd95ff2d4ad8f048fc4e1d15571df155a46e7febd6d3d07903,2023-05-11T08:06:24.235000,sent,kaspa:qqsykh2z56x0jcq34ujywpvf4s5q5x5tu08z295zd69ntve82u2ju23znv6xh,2811902202693,
064df7997f8d367dfcc05febe1184cd379a9c707b3ad82551ec1fd275fc7b630,2023-05-11T07:24:01.196000,sent,kaspa:qzp0qd52jl73yd8ra7mlggt3yzh0pzl8r8vvkhfvjdkw3wwqjnrl6z3lr6fvx,3171614930996,
37d62d7a379c2f06db1b1c2de1b79f341ce85f05939080e9c27fdfa65be7c8c7,2023-05-11T07:23:56.750000,sent,kaspa:qzp0qd52jl73yd8ra7mlggt3yzh0pzl8r8vvkhfvjdkw3wwqjnrl6z3lr6fvx,3041903088007,
04485d29e38d4c3abac49948db6d2752214256a4601eda290dd32db31cd60cdd,2023-05-11T07:23:56.230000,sent,kaspa:qzp0qd52jl73yd8ra7mlggt3yzh0pzl8r8vvkhfvjdkw3wwqjnrl6z3lr6fvx,2925860451884,
04485d29e38d4c3abac49948db6d2752214256a4601eda290dd32db31cd60cdd,2023-05-11T07:23:56.230000,sent,kaspa:qzp0qd52jl73yd8ra7mlggt3yzh0pzl8r8vvkhfvjdkw3wwqjnrl6z3lr6fvx,2925860451884,
22606903ec4122f25b7fa82c7815f4e784d8c87fc0170e993930c30c41d2dea3,2023-05-11T07:23:53.243000,sent,kaspa:qzp0qd52jl73yd8ra7mlggt3yzh0pzl8r8vvkhfvjdkw3wwqjnrl6z3lr6fvx,2912277982412,
02e5e7eaf0641770f819160d99307b167eb4d81383f13057d209438c723b3c94,2023-05-11T07:23:50.746000,sent,kaspa:qzp0qd52jl73yd8ra7mlggt3yzh0pzl8r8vvkhfvjdkw3wwqjnrl6z3lr6fvx,3029312095584,
aa9c4f0f438997ce2f41630e30d75c3a7bb96f5831159165d08fffe45c927b08,2023-05-10T05:50:15.042000,sent,kaspa:qzz927eqgmzkmn64s6st9cak2trf8lk408wy4jmdq8n3qxgcwzxejvjy24yq9,3081672841219,
aa9c4f0f438997ce2f41630e30d75c3a7bb96f5831159165d08fffe45c927b08,2023-05-10T05:50:15.042000,sent,kaspa:qzz927eqgmzkmn64s6st9cak2trf8lk408wy4jmdq8n3qxgcwzxejvjy24yq9,3081672841219,
4670ae4f903a960c219775f87f2a3408bef4cec4ceb6d9d34f65978bfa31e2c1,2023-05-09T17:00:37.065000,sent,kaspa:qqyenf6eg2mancfl59v97pxx8t504m4le52plad8ejnpus5avdgwkv7yxxusg,3569066976797,
a4b1fa8b2fb446876a0519c122a79bb5a798a6a0a7a8b0b8b7638293ab1e91a4,2023-02-21T09:38:02.153000,sent,kaspa:qqmsusrmr7q3p4u2pg952zdpjf37a3x8sjwhnzjgu529yu406pqqcks7mqj8a,3663350545459,
7f5aa1790968f89537a92e3dae503bf7ec593aa92a97a03866beb62f7a529b92,2023-02-20T12:28:27.625000,sent,kaspa:qpnx8feu4w84vhyleauk8d6qyjf3x8qjtd08juc3jgcm542frc3p7t8ts6edz,4376216025314,
c9132ceb5c391d5ea1f16cc96ab1ae1a781a8da0ffc137b6bdfe587bf11f5247,2023-02-19T17:08:51.095000,sent,kaspa:qpedlch5zjfd0jqfd206kh3g74aw334lphmc77knce2wqnn5fsskqv9w5vupw,606714400000,
c9132ceb5c391d5ea1f16cc96ab1ae1a781a8da0ffc137b6bdfe587bf11f5247,2023-02-19T17:08:51.095000,sent,kaspa:qzq2fjy76asgx960h2uxxd4jrqs8l5wftlyfd38yyw2r6dknmplnqenrw2z7g,11874083800,
c91302e96a3d62639e6337d542d974f0f5db6b310669834be6755b7c9a3f32d1,2023-02-18T20:55:19.377000,sent,kaspa:qrqxwp0nhqqhmj3cncgck5cq58v857r2eml4zty436p4wkg8fhkyz6qes6rxj,4053606768720,
73231a16555f8700cd2e40e4178952a651581a87e55faf4fdd74105a11132cc1,2023-02-18T20:55:16.179000,sent,kaspa:qrqxwp0nhqqhmj3cncgck5cq58v857r2eml4zty436p4wkg8fhkyz6qes6rxj,4016440229265,
4b4d655f4e7471d6c6611aa9eff52fda5d0e7e31152d7e36b1d4fc67eb7f1f10,2023-02-18T15:46:50.133000,sent,kaspa:qzncyg4qec22a240tpvramf5qflepqqdsrd59qsfkmv2l86fxcqsuuf3ks9t0,4100297272844,
5b3270f0e97dabdda9a860d47986c6b8118838ad87a1fc82bd6d906052a528c5,2023-02-18T07:54:45.634000,sent,kaspa:qragt994tp3vre2y63j7e785ys02xhjqe5cgy7787mtsg4e7wu7zctxnzx50v,305118800000,
5b3270f0e97dabdda9a860d47986c6b8118838ad87a1fc82bd6d906052a528c5,2023-02-18T07:54:45.634000,sent,kaspa:qq4a9tu4h8jqqvwjuvrpsewh9uyu77eym3ajl4l20dhryau5tmtrsxqasuvqp,5388714135,
9788784d2bf8b4f66a19b5ea34d613b4449312c1275ae272cd123c80037dde5b,2023-02-17T20:23:32.621000,sent,kaspa:qq3upnxthg9vz5kwexw3c9ac437akv4hx6lw4l57dqj8dhgvhxdtwxylhj62a,1999722000000,
9788784d2bf8b4f66a19b5ea34d613b4449312c1275ae272cd123c80037dde5b,2023-02-17T20:23:32.621000,sent,kaspa:qqfhc0pelw7pp8hpt3w6ful9nz5c8vcdnd40zkklk0x6cg8ag5udjgv6s78k6,38884830385,
e111cf45505215f969833496ab40b813f37b50e8b30892c5e414944e158b2cc9,2023-02-16T04:37:02.800000,sent,kaspa:qrha0k0yaaa2cgrnvgw6x78ty7egellw3n45r5j8d0px3exlwsaf6h3u85th7,4621262147786,
e111cf45505215f969833496ab40b813f37b50e8b30892c5e414944e158b2cc9,2023-02-16T04:37:02.800000,sent,kaspa:qrha0k0yaaa2cgrnvgw6x78ty7egellw3n45r5j8d0px3exlwsaf6h3u85th7,4621262147786,
f41ccb804540bebb8b146eb7c17ab5afa06f0c97727db0bab5639e0a1f0b7cc2,2023-02-14T20:00:17.121000,sent,kaspa:qpyk259l5ny6r8re39dsmy23cuvws00gununf2mle2fdwtez03qhqpchavdpu,4643885600000,
f41ccb804540bebb8b146eb7c17ab5afa06f0c97727db0bab5639e0a1f0b7cc2,2023-02-14T20:00:17.121000,sent,kaspa:qru888yywxjp3aqxnr3ugs84d0flyjpuj3fqzmtr4dc3v0tdjh0cqvkvlj8na,573843329,
5aab46686c1de56a4d6480b1ed621c4953271fb64281e12ea9f2a4a9903f386f,2023-02-14T08:31:03.192000,sent,kaspa:qzecrh3chhvx2xwcuwfx2shtn0wcdl87u5n5q4ewfnazv747pr9yqxnqaw4mx,5214158810972,
d9cd82338038c5ec4b23e485cde3bed550d2af8d7bb0ed685b8ba91825b48c4d,2023-02-14T08:12:44.922000,sent,kaspa:qq78r8r7gxm6wteznt32wglwayqz58kp0h2tlv0xrfh0k382a0edqx6nj4msa,5303675600469,
9abf5836f0b2effc260aff831a7357b0c9b8ec81beb78697c94b03a44bbbde1f,2023-02-12T19:00:45.185000,sent,kaspa:qqzfsf5gzc0tgkynsks40zl27pctkngdypyp24k4mmdaq0ur23ksg0n2q7h6y,5372650033528,
9abf5836f0b2effc260aff831a7357b0c9b8ec81beb78697c94b03a44bbbde1f,2023-02-12T19:00:45.185000,sent,kaspa:qqzfsf5gzc0tgkynsks40zl27pctkngdypyp24k4mmdaq0ur23ksg0n2q7h6y,5372650033528,
d39a22d0afb94df4ee4e85378a6f389c3b91ef8d40c2673c7ebc814b25444b90,2023-02-10T18:41:11.713000,sent,kaspa:qz3rgmx239frsrutfhh4trulhk0n3n4ntw5l0p7ahygx3ekhwmecsy9c80364,5653817761612,
68ff62a6a1d4560195dcbaae5aabf5706d692a233be248a6bd3249129dd0f59a,2023-02-10T18:41:11.713000,sent,kaspa:qz3rgmx239frsrutfhh4trulhk0n3n4ntw5l0p7ahygx3ekhwmecsy9c80364,5572161549803,
a4b2d2361a7cbb083a7738b2607a5fe8030f36d4788763de1fce7b3aa84c86a0,2023-02-09T17:43:57.893000,sent,kaspa:qqvkjgl7ha75euj29lue7z6ze0ytexy9muj4s6q95yuh7maj0uu3kz2dlpwpu,5747033796988,
a4b2d2361a7cbb083a7738b2607a5fe8030f36d4788763de1fce7b3aa84c86a0,2023-02-09T17:43:57.893000,sent,kaspa:qqvkjgl7ha75euj29lue7z6ze0ytexy9muj4s6q95yuh7maj0uu3kz2dlpwpu,5747033796988,
a4b2d2361a7cbb083a7738b2607a5fe8030f36d4788763de1fce7b3aa84c86a0,2023-02-09T17:43:57.893000,sent,kaspa:qqvkjgl7ha75euj29lue7z6ze0ytexy9muj4s6q95yuh7maj0uu3kz2dlpwpu,5747033796988,
292ccf0131a2ad7975d3a970d9ce9d0615542d30c27ba623d2ce4aec548a6625,2023-02-09T17:43:56.751000,sent,kaspa:qqvkjgl7ha75euj29lue7z6ze0ytexy9muj4s6q95yuh7maj0uu3kz2dlpwpu,4737467064214,
2f4a2c17121a4c332e4dba34e701fa093648edd7677c5f275f8f369abf617f45,2023-02-09T14:51:48.679000,sent,kaspa:qq4gujc2lk6z8uxn8a02wswxnj38dx9hlclpce6yhn4jadaxqqcd57rcqdjcy,5177036727300,
2f4a2c17121a4c332e4dba34e701fa093648edd7677c5f275f8f369abf617f45,2023-02-09T14:51:48.679000,sent,kaspa:qppdd5dkx904u3q9kkc0szc75pg3zytl384pt82ep6v494gdhuwqwjrf4gtal,16047694597,
05c863e40228329a9e0eea33d1d00bea516892739b3a1e0909585927c1c809b8,2023-02-08T22:03:00.158000,sent,kaspa:qraj2cclta6xhz8jl5f9f0vdt2upclfzwldpz28yl2jnvsesru69y2qfpwhkr,1892000000000,
05c863e40228329a9e0eea33d1d00bea516892739b3a1e0909585927c1c809b8,2023-02-08T22:03:00.158000,sent,kaspa:qqnqg354q68t7fs6y33tvmlrqq0g66nxshdpe9glxxexx2c70gd6zv509939m,21397691158,
da3936e9a377bf50e10ee9ee0e172a0eccca5f3398182932c3316cc5745a80a2,2023-02-07T19:28:03.407000,sent,kaspa:qpcneh7dggcz6jz64mux74nm0urnele5xqw479ptkadyjwks60qlx9duutxxk,6988090800063,
ab3dd6e5ae03bd410dae268bf0d28cf9235e382cba6a0163d8826308fc199d05,2023-02-07T11:32:55.048000,sent,kaspa:qzer8ej0m3qguhha6pz097xfnxa4xayq4capfmz40cnekyj2az48gfwy2268h,2373931305000,
ab3dd6e5ae03bd410dae268bf0d28cf9235e382cba6a0163d8826308fc199d05,2023-02-07T11:32:55.048000,sent,kaspa:qr4u6fnju3jxzzxgacncrny4ugawmk6d30405vf0e7659ylyce8q7xn4xqegz,76090076308,
b714d45430e8b24993083f71ae0987a18adc8528654d914be5f0b7de19c4ebbf,2023-02-07T10:55:53.703000,sent,kaspa:qz4y0nqftezvhxd2j3f026r0rczgj6wanw34ffjvt5elw4y3hh2dzqlcz44lh,6800917807361,
a5cbedcb78b05a1d580cf745be73972f1e837567a3692d79f3719d63df109268,2023-02-06T19:34:46.206000,sent,kaspa:qq7fsxmhx4pu30x4j3mkjtww0tw7xdlvtw5f0tqx3f96k6ae7kuk2lvkhq03y,2823612686026,
6eab7c6220a0de1476b120b79c3f0054c18681d69def02e867dd58828098bdaf,2023-02-06T18:58:47.811000,sent,kaspa:qz46tw83ltp2crcm6ee0269fsl83y898q5nmwq5s4umw02hhqkzawn8t7eyjq,3315666399999,
6eab7c6220a0de1476b120b79c3f0054c18681d69def02e867dd58828098bdaf,2023-02-06T18:58:47.811000,sent,kaspa:qzs0wvx73l3wtfk9jtfs48933sxgj32zt9zfsawdaqj7wrp4my4fcfcymjzus,878891471,
aff6c74c06de19cfc743b10e2b8bccf919dd715035fb8df6eacd9e569959571c,2023-02-02T00:44:56.047000,sent,kaspa:qzrc7686cpzuxyn369c0xp07lzj3rglesz6vca2w34kl9uul3742u94wx4k8u,2308987245800,
aff6c74c06de19cfc743b10e2b8bccf919dd715035fb8df6eacd9e569959571c,2023-02-02T00:44:56.047000,sent,kaspa:qq2qvgs9prjuyk8w6jpqjzqpmu3hkvhyx38y9ga4h2ez7sculfg57sqww5xyc,57673964547,
5093d378b6787791d1477029958aa552c0f26bf8c899e238cbec37cf7ea588ba,2023-02-01T07:41:55.626000,sent,kaspa:qp87pd4sg3zd9d874ty0ukfls7g7jwgsdw2lha5urhwzxefx70dj7mc7s3ld3,4453240245800,
5093d378b6787791d1477029958aa552c0f26bf8c899e238cbec37cf7ea588ba,2023-02-01T07:41:55.626000,sent,kaspa:qqzsq2htale855num8w2479e38er2tjwm8gnvqhlx9vcqs9p0pxzvzpw6l58c,152497151057,
aa0663146267777aa85c8e987f67153090f31b6657588be593e2d635adc4827b,2023-02-01T04:28:33.231000,sent,kaspa:qzwp47np5ux2sv3jtfq4mjw8839xac54rnrskac8xvtkd95tcuql6mastjmd0,9375485125397,
fc1ea5e0346df02ff1a9eba104434fca443ac71a035f179f45d110f20fd7b36c,2022-11-25T18:03:51.537000,sent,kaspa:qz5nk3yv76ccdxw5m66furtj2cauv9ydg7eguh6zq4r3zvede2rm2ah9vkaqe,21604835723600,
fc1ea5e0346df02ff1a9eba104434fca443ac71a035f179f45d110f20fd7b36c,2022-11-25T18:03:51.537000,sent,kaspa:qqjrh6hu2zenpfu7skly8vjmkt6qq09tj755kxrt829c7s0zyqayve8qrpjl4,413256773617,
5588fbe9996bd7ed0dd6e139253f78d4f3e3b088027e59b66b3ce5ab31f51431,2022-11-08T13:21:31.800000,sent,kaspa:qr9an9yexar997uz4jzqkk5m7nc96sq98wpyedl5hru7rjhnw0dr6x0z9l2yk,99500000000,
5588fbe9996bd7ed0dd6e139253f78d4f3e3b088027e59b66b3ce5ab31f51431,2022-11-08T13:21:31.800000,sent,kaspa:qpxthyjsmgp3kfwn0dpcytp8ae7rvzm7rxsqrt9ent27qw9822uas7re3xq92,1914899990000,
03579f06b73eb03a9d252d4e9d3febd77635c5c7d05fc2699517af400fa9f412,2022-09-19T14:12:39.422000,received,kaspa:qpkr70ut8ua5sfmvkmxx724u8pqe70d47gp72gktq7acpz4s3f4xu5lwe7n8l,2014400000000,
03579f06b73eb03a9d252d4e9d3febd77635c5c7d05fc2699517af400fa9f412,2022-09-19T14:12:39.422000,received,kaspa:qq6klx2quggcnzx88r7ak3pk8l056sq56wqcmfrjc6579e6ytcw2kzvxmwrdt,2014400000000,
03579f06b73eb03a9d252d4e9d3febd77635c5c7d05fc2699517af400fa9f412,2022-09-19T14:12:39.422000,received,kaspa:qqyn2whrfdys732uz7qyawagxp277s4t873crkm4u9f7qh37jwcjgcsfsejcu,2014400000000,
03579f06b73eb03a9d252d4e9d3febd77635c5c7d05fc2699517af400fa9f412,2022-09-19T14:12:39.422000,received,kaspa:qqyn2whrfdys732uz7qyawagxp277s4t873crkm4u9f7qh37jwcjgcsfsejcu,2014400000000,
03579f06b73eb03a9d252d4e9d3febd77635c5c7d05fc2699517af400fa9f412,2022-09-19T14:12:39.422000,received,kaspa:qqyn2whrfdys732uz7qyawagxp277s4t873crkm4u9f7qh37jwcjgcsfsejcu,2014400000000,
80d3fc8a1028dcf52b0f74c14c47ea1786daf4e9fc997a2fd6d24a3b84423190,2022-09-17T07:59:16.564000,received,kaspa:qz8pf8ftjwf8tpp3fgm7eptpd4szwcfs35cdzwlkgrjrs7v4qcdt5wrq9f045,37500000000,
80d3fc8a1028dcf52b0f74c14c47ea1786daf4e9fc997a2fd6d24a3b84423190,2022-09-17T07:59:16.564000,received,kaspa:qqyn2whrfdys732uz7qyawagxp277s4t873crkm4u9f7qh37jwcjgcsfsejcu,37500000000,
b23847bb2179f187a47b17d3526c6fce88f7a9aeb1c94de5a23737603bba7892,2022-09-16T07:03:40.170000,received,kaspa:qp6r3pjch6c0rcq62dw35p7k9d2uugqzm6zj3kzhnenevwnxs5gd262t48dcq,43400000000,
b23847bb2179f187a47b17d3526c6fce88f7a9aeb1c94de5a23737603bba7892,2022-09-16T07:03:40.170000,received,kaspa:qqyn2whrfdys732uz7qyawagxp277s4t873crkm4u9f7qh37jwcjgcsfsejcu,43400000000,
b23847bb2179f187a47b17d3526c6fce88f7a9aeb1c94de5a23737603bba7892,2022-09-16T07:03:40.170000,received,kaspa:qqyn2whrfdys732uz7qyawagxp277s4t873crkm4u9f7qh37jwcjgcsfsejcu,43400000000,
d8deb76e8e1b636f6196297dcb1a49f84147554a11cf5fbca23db53f46d02b5f,2022-09-15T09:05:13.426000,received,kaspa:qrzn3fapnxdvgd2n0xg3n2ux73kfx7ar6cf5yvrtvtgrj4ntzj032kerf4wpn,33100000000,
d8deb76e8e1b636f6196297dcb1a49f84147554a11cf5fbca23db53f46d02b5f,2022-09-15T09:05:13.426000,received,kaspa:qqyn2whrfdys732uz7qyawagxp277s4t873crkm4u9f7qh37jwcjgcsfsejcu,33100000000,
9b596047f2d2a99568303ce84c543579f3a2a925c4250e8731be82018de977ee,2022-09-14T08:27:08.126000,received,kaspa:qp0hw3hwqvesrr4dwa9x0csmf98fmsq7hmdfjnp7xjjv76ac2zvnjvma6rgd5,40600000000,
9b596047f2d2a99568303ce84c543579f3a2a925c4250e8731be82018de977ee,2022-09-14T08:27:08.126000,received,kaspa:qqyn2whrfdys732uz7qyawagxp277s4t873crkm4u9f7qh37jwcjgcsfsejcu,40600000000,
9b596047f2d2a99568303ce84c543579f3a2a925c4250e8731be82018de977ee,2022-09-14T08:27:08.126000,received,kaspa:qqyn2whrfdys732uz7qyawagxp277s4t873crkm4u9f7qh37jwcjgcsfsejcu,40600000000,
9091ee69d35e42d454488d6ba3bbe85f517cf8f938c43bf5b5a53934fba1a749,2022-09-13T08:17:30.151000,received,kaspa:qpaf2lkafn2wyudhz4lpqmgryvvqmlt0kdpesvv3ytekk9fhsc04zx7sfd8hj,74100000000,
9091ee69d35e42d454488d6ba3bbe85f517cf8f938c43bf5b5a53934fba1a749,2022-09-13T08:17:30.151000,received,kaspa:qqyn2whrfdys732uz7qyawagxp277s4t873crkm4u9f7qh37jwcjgcsfsejcu,74100000000,
9091ee69d35e42d454488d6ba3bbe85f517cf8f938c43bf5b5a53934fba1a749,2022-09-13T08:17:30.151000,received,kaspa:qqyn2whrfdys732uz7qyawagxp277s4t873crkm4u9f7qh37jwcjgcsfsejcu,74100000000,
9091ee69d35e42d454488d6ba3bbe85f517cf8f938c43bf5b5a53934fba1a749,2022-09-13T08:17:30.151000,received,kaspa:qqyn2whrfdys732uz7qyawagxp277s4t873crkm4u9f7qh37jwcjgcsfsejcu,74100000000,
9091ee69d35e42d454488d6ba3bbe85f517cf8f938c43bf5b5a53934fba1a749,2022-09-13T08:17:30.151000,received,kaspa:qqyn2whrfdys732uz7qyawagxp277s4t873crkm4u9f7qh37jwcjgcsfsejcu,74100000000,
dedba5694251f2a9189391169fb9e53b4b478bcce1751556eb03b786f65b4706,2022-09-11T08:53:45.533000,received,kaspa:qz57ne960kxp7mthswq0cearny3dhuayr0qwyjs57a79ul8kykueup7hl6u0p,33200000000,
dedba5694251f2a9189391169fb9e53b4b478bcce1751556eb03b786f65b4706,2022-09-11T08:53:45.533000,received,kaspa:qqyn2whrfdys732uz7qyawagxp277s4t873crkm4u9f7qh37jwcjgcsfsejcu,33200000000,
00ecf2154ddd1543a47ef17e2324dda233b9c768dc2f7a476aa8a04225fda2fe,2022-09-10T07:43:09.668000,received,kaspa:qpjkw5062fp4627htcasvvuuzzunlfxte8vn0nlhr6z0v06gdgf879hplmdyc,65400000000,
00ecf2154ddd1543a47ef17e2324dda233b9c768dc2f7a476aa8a04225fda2fe,2022-09-10T07:43:09.668000,received,kaspa:qqyn2whrfdys732uz7qyawagxp277s4t873crkm4u9f7qh37jwcjgcsfsejcu,65400000000,
00ecf2154ddd1543a47ef17e2324dda233b9c768dc2f7a476aa8a04225fda2fe,2022-09-10T07:43:09.668000,received,kaspa:qqyn2whrfdys732uz7qyawagxp277s4t873crkm4u9f7qh37jwcjgcsfsejcu,65400000000,
00ecf2154ddd1543a47ef17e2324dda233b9c768dc2f7a476aa8a04225fda2fe,2022-09-10T07:43:09.668000,received,kaspa:qqyn2whrfdys732uz7qyawagxp277s4t873crkm4u9f7qh37jwcjgcsfsejcu,65400000000,
6ecea23e3e6ab714d673deaa79b4e85661731d773ad1147bf82b25697814612f,2022-09-08T21:09:46.826000,received,kaspa:qpyh92e0u2uelffu77k6lt8vcaer9l99cx4sxqu0cfdmx6fxwsmdw9c36x8qe,21400000000,
6ecea23e3e6ab714d673deaa79b4e85661731d773ad1147bf82b25697814612f,2022-09-08T21:09:46.826000,received,kaspa:qqyn2whrfdys732uz7qyawagxp277s4t873crkm4u9f7qh37jwcjgcsfsejcu,21400000000,
2811f5d06475c4be61ee6443716d13a0e52ef9fd9e760cf7f4baf836ab3f4fc9,2022-09-08T07:40:09.810000,received,kaspa:qqkkmtpcymvh7psjgaand93jv698sls95alhhls98qtc6u059yxuzwpw94eks,77100000000,
2811f5d06475c4be61ee6443716d13a0e52ef9fd9e760cf7f4baf836ab3f4fc9,2022-09-08T07:40:09.810000,received,kaspa:qqyn2whrfdys732uz7qyawagxp277s4t873crkm4u9f7qh37jwcjgcsfsejcu,77100000000,
2811f5d06475c4be61ee6443716d13a0e52ef9fd9e760cf7f4baf836ab3f4fc9,2022-09-08T07:40:09.810000,received,kaspa:qqyn2whrfdys732uz7qyawagxp277s4t873crkm4u9f7qh37jwcjgcsfsejcu,77100000000,
2811f5d06475c4be61ee6443716d13a0e52ef9fd9e760cf7f4baf836ab3f4fc9,2022-09-08T07:40:09.810000,received,kaspa:qqyn2whrfdys732uz7qyawagxp277s4t873crkm4u9f7qh37jwcjgcsfsejcu,77100000000,
7961476f11447c73a818064e233a2f41ef9d6411abe4d123f0a1af02b76c91f4,2022-09-06T18:10:50.612000,received,kaspa:qz70sfhl0qfjpgs6ehd20y9lrusq05yxcv8tttshdvlsve6y6z8mcp0jr0zdq,25800000000,
7961476f11447c73a818064e233a2f41ef9d6411abe4d123f0a1af02b76c91f4,2022-09-06T18:10:50.612000,received,kaspa:qqyn2whrfdys732uz7qyawagxp277s4t873crkm4u9f7qh37jwcjgcsfsejcu,25800000000,
a6f9e5f9e3a23f5c1a6f6b139f418d0af503181961287d27d03415a422c59958,2022-09-06T06:56:24.395000,received,kaspa:qpm2j7n8s5l6qyrzk5fjkv09f29tkmavl9g2zn9jrtn4u7mfs0rwj94hhjl3r,164400000000,
a6f9e5f9e3a23f5c1a6f6b139f418d0af503181961287d27d03415a422c59958,2022-09-06T06:56:24.395000,received,kaspa:qqyn2whrfdys732uz7qyawagxp277s4t873crkm4u9f7qh37jwcjgcsfsejcu,164400000000,
a6f9e5f9e3a23f5c1a6f6b139f418d0af503181961287d27d03415a422c59958,2022-09-06T06:56:24.395000,received,kaspa:qqyn2whrfdys732uz7qyawagxp277s4t873crkm4u9f7qh37jwcjgcsfsejcu,164400000000,
a6f9e5f9e3a23f5c1a6f6b139f418d0af503181961287d27d03415a422c59958,2022-09-06T06:56:24.395000,received,kaspa:qqyn2whrfdys732uz7qyawagxp277s4t873crkm4u9f7qh37jwcjgcsfsejcu,164400000000,
a6f9e5f9e3a23f5c1a6f6b139f418d0af503181961287d27d03415a422c59958,2022-09-06T06:56:24.395000,received,kaspa:qqyn2whrfdys732uz7qyawagxp277s4t873crkm4u9f7qh37jwcjgcsfsejcu,164400000000,
a6f9e5f9e3a23f5c1a6f6b139f418d0af503181961287d27d03415a422c59958,2022-09-06T06:56:24.395000,received,kaspa:qqyn2whrfdys732uz7qyawagxp277s4t873crkm4u9f7qh37jwcjgcsfsejcu,164400000000,
a6f9e5f9e3a23f5c1a6f6b139f418d0af503181961287d27d03415a422c59958,2022-09-06T06:56:24.395000,received,kaspa:qqyn2whrfdys732uz7qyawagxp277s4t873crkm4u9f7qh37jwcjgcsfsejcu,164400000000,
750ff279645cc897d24fd5e6a6509c5c5c23450b9edabed2908d4bffe3265edb,2022-09-03T06:31:53.457000,received,kaspa:qrzwv8eaq7kxxaqmgjhuq8zfl2emp4pr7klwea4hfz4myrr5pae9gwcnvatg0,56600000000,
750ff279645cc897d24fd5e6a6509c5c5c23450b9edabed2908d4bffe3265edb,2022-09-03T06:31:53.457000,received,kaspa:qqyn2whrfdys732uz7qyawagxp277s4t873crkm4u9f7qh37jwcjgcsfsejcu,56600000000,
750ff279645cc897d24fd5e6a6509c5c5c23450b9edabed2908d4bffe3265edb,2022-09-03T06:31:53.457000,received,kaspa:qqyn2whrfdys732uz7qyawagxp277s4t873crkm4u9f7qh37jwcjgcsfsejcu,56600000000,
8c87fc731c0c368f9bbc4c31ff01ca383a4e84a68bfa07189bb90e9fbd797035,2022-09-02T12:15:01.115000,received,kaspa:qqjgzw8qq536qypk9uh65w4ycttrnxykwrksp938fwdcdr4pldawgrfl6k6t2,176700000000,
8c87fc731c0c368f9bbc4c31ff01ca383a4e84a68bfa07189bb90e9fbd797035,2022-09-02T12:15:01.115000,received,kaspa:qqyn2whrfdys732uz7qyawagxp277s4t873crkm4u9f7qh37jwcjgcsfsejcu,176700000000,
8c87fc731c0c368f9bbc4c31ff01ca383a4e84a68bfa07189bb90e9fbd797035,2022-09-02T12:15:01.115000,received,kaspa:qqyn2whrfdys732uz7qyawagxp277s4t873crkm4u9f7qh37jwcjgcsfsejcu,176700000000,
8c87fc731c0c368f9bbc4c31ff01ca383a4e84a68bfa07189bb90e9fbd797035,2022-09-02T12:15:01.115000,received,kaspa:qqyn2whrfdys732uz7qyawagxp277s4t873crkm4u9f7qh37jwcjgcsfsejcu,176700000000,
8c87fc731c0c368f9bbc4c31ff01ca383a4e84a68bfa07189bb90e9fbd797035,2022-09-02T12:15:01.115000,received,kaspa:qqyn2whrfdys732uz7qyawagxp277s4t873crkm4u9f7qh37jwcjgcsfsejcu,176700000000,
8c87fc731c0c368f9bbc4c31ff01ca383a4e84a68bfa07189bb90e9fbd797035,2022-09-02T12:15:01.115000,received,kaspa:qqyn2whrfdys732uz7qyawagxp277s4t873crkm4u9f7qh37jwcjgcsfsejcu,176700000000,
8c87fc731c0c368f9bbc4c31ff01ca383a4e84a68bfa07189bb90e9fbd797035,2022-09-02T12:15:01.115000,received,kaspa:qqyn2whrfdys732uz7qyawagxp277s4t873crkm4u9f7qh37jwcjgcsfsejcu,176700000000,
ba613a491962819c5ea0318fe28a7db16cfaabc6075b993956403d5fbcf5a324,2022-08-30T07:27:12.352000,received,kaspa:qpfehq2u689zjr2zt7tcqfkhfq5gk3ahfhft45t9vdvehcn7e9v7kf3f97vsk,61100000000,
ba613a491962819c5ea0318fe28a7db16cfaabc6075b993956403d5fbcf5a324,2022-08-30T07:27:12.352000,received,kaspa:qqyn2whrfdys732uz7qyawagxp277s4t873crkm4u9f7qh37jwcjgcsfsejcu,61100000000,
ba613a491962819c5ea0318fe28a7db16cfaabc6075b993956403d5fbcf5a324,2022-08-30T07:27:12.352000,received,kaspa:qqyn2whrfdys732uz7qyawagxp277s4t873crkm4u9f7qh37jwcjgcsfsejcu,61100000000,
bdaffaba68f57959d4e06a5adbf18fa18717a4f57e3c5d763e067e1e4919ace9,2022-08-29T07:10:03.090000,received,kaspa:qpw7grs0uphclkqsafkhh9hvd8pdyuasts8g5s96rjwdtd0wxyprup4mf6p99,29600000000,
bdaffaba68f57959d4e06a5adbf18fa18717a4f57e3c5d763e067e1e4919ace9,2022-08-29T07:10:03.090000,received,kaspa:qqyn2whrfdys732uz7qyawagxp277s4t873crkm4u9f7qh37jwcjgcsfsejcu,29600000000,
66ae48b875e5f7ede15db260a6f20145a886d873121af2d3ebc719238fbc3e0c,2022-08-28T17:54:06.419000,received,kaspa:qzqway9kyjdtxwq3xwxrvwyxectjpvntgccratll9t2rexm2tkxkgx8nsr2rv,29900000000,
66ae48b875e5f7ede15db260a6f20145a886d873121af2d3ebc719238fbc3e0c,2022-08-28T17:54:06.419000,received,kaspa:qqyn2whrfdys732uz7qyawagxp277s4t873crkm4u9f7qh37jwcjgcsfsejcu,29900000000,
0e9b680e70664a60bcf07cfd8cb8a2086bcbe11947c0243db6ff08a5c5ca440f,2022-08-28T06:43:39.816000,received,kaspa:qqyk6tp7z06uy5506dvgjcyyxssq2nsd7g3ycmc4r0243hq63wwsx2u8672tj,31900000000,
0e9b680e70664a60bcf07cfd8cb8a2086bcbe11947c0243db6ff08a5c5ca440f,2022-08-28T06:43:39.816000,received,kaspa:qqyn2whrfdys732uz7qyawagxp277s4t873crkm4u9f7qh37jwcjgcsfsejcu,31900000000,
ea02fc1256bdf8725c5bb487e94898e446167d26a05f0e3f7fe23e6c533bb318,2022-08-28T00:10:14.181000,received,kaspa:qqcp9q8fu6hulyzvq6l89sh2nmlq6c7qmcnxgvd6am5dh85nuqfaqz2ahxu8h,78900000000,
ea02fc1256bdf8725c5bb487e94898e446167d26a05f0e3f7fe23e6c533bb318,2022-08-28T00:10:14.181000,received,kaspa:qqyn2whrfdys732uz7qyawagxp277s4t873crkm4u9f7qh37jwcjgcsfsejcu,78900000000,
ea02fc1256bdf8725c5bb487e94898e446167d26a05f0e3f7fe23e6c533bb318,2022-08-28T00:10:14.181000,received,kaspa:qqyn2whrfdys732uz7qyawagxp277s4t873crkm4u9f7qh37jwcjgcsfsejcu,78900000000,
ea02fc1256bdf8725c5bb487e94898e446167d26a05f0e3f7fe23e6c533bb318,2022-08-28T00:10:14.181000,received,kaspa:qqyn2whrfdys732uz7qyawagxp277s4t873crkm4u9f7qh37jwcjgcsfsejcu,78900000000,
c9991e2854e8df84c5c9964de0ca4184bc1d7dfa4bbd67494f131ab02a0875be,2022-08-26T05:54:41.144000,received,kaspa:qpj8s3vl8ga5la6rnch7gcwqmykylje5r64ud3dxwt8lgvyaexpl2z37j360f,27800000000,
c9991e2854e8df84c5c9964de0ca4184bc1d7dfa4bbd67494f131ab02a0875be,2022-08-26T05:54:41.144000,received,kaspa:qqyn2whrfdys732uz7qyawagxp277s4t873crkm4u9f7qh37jwcjgcsfsejcu,27800000000,
f2cb259f22fd045c3051bef60b771d34a329406aade51804b7256f437d01adce,2022-08-25T17:07:58.012000,received,kaspa:qr7sgj4nl3wpjjexka7lw0ad9rpky9n5mj99n3h79rz78ak64lwncyrq4gknu,32000000000,
f2cb259f22fd045c3051bef60b771d34a329406aade51804b7256f437d01adce,2022-08-25T17:07:58.012000,received,kaspa:qqyn2whrfdys732uz7qyawagxp277s4t873crkm4u9f7qh37jwcjgcsfsejcu,32000000000,
a7d7a8d1229b81102a49a2a38575c4da9c9f6ab267eaaab7f99731cca1ad29d4,2022-08-25T05:59:32.448000,received,kaspa:qz96hdh5lh0nqxfehwlhqxvukg2hfwqsfc9fetrsgyxmvh0prk78u83c732wl,36100000000,
a7d7a8d1229b81102a49a2a38575c4da9c9f6ab267eaaab7f99731cca1ad29d4,2022-08-25T05:59:32.448000,received,kaspa:qqyn2whrfdys732uz7qyawagxp277s4t873crkm4u9f7qh37jwcjgcsfsejcu,36100000000,
9bd1ccb4399b70c07fe1ee3419041c11d84af391c8b82305833cec09b8df4a4b,2022-08-24T19:44:23.877000,received,kaspa:qzg03ypd7t2mmse2292caecq8jpvey73srvt37v798whgch796vgwn54vfy58,33200000000,
9bd1ccb4399b70c07fe1ee3419041c11d84af391c8b82305833cec09b8df4a4b,2022-08-24T19:44:23.877000,received,kaspa:qqyn2whrfdys732uz7qyawagxp277s4t873crkm4u9f7qh37jwcjgcsfsejcu,33200000000,
ba40fec4c17c55fd15df2b0c6cc7198704d65dc629fc41ebe09f3a225ee7542f,2022-08-24T06:00:52.567000,received,kaspa:qrcprdpdx7t20vj8s3zqxna7ffwaxf6wxzt9vz3z5sz524u4tz6jxkzgkxzt7,41699996780,
ba40fec4c17c55fd15df2b0c6cc7198704d65dc629fc41ebe09f3a225ee7542f,2022-08-24T06:00:52.567000,received,kaspa:qqyn2whrfdys732uz7qyawagxp277s4t873crkm4u9f7qh37jwcjgcsfsejcu,41699996780,
7fb0696b30b2c54dc3a3311ab91c4b92ec0ad617171527b7dc8455ec5ed4234c,2022-08-23T14:53:20.060000,received,kaspa:qpqwdw4s8m50u2fhcxefny6qwr2cwnx504mp0ft5a2dfd3atkgjrxjmnh8mgy,13800000000,
7fb0696b30b2c54dc3a3311ab91c4b92ec0ad617171527b7dc8455ec5ed4234c,2022-08-23T14:53:20.060000,received,kaspa:qqyn2whrfdys732uz7qyawagxp277s4t873crkm4u9f7qh37jwcjgcsfsejcu,13800000000,
a0ae31284db39f35db4bc5b4c313d5fec3f2b95f0a10adf661498fad0d1d7e79,2022-08-23T06:05:36.054000,received,kaspa:qq9f86lykflhyy74mecug29zecewhk66yr8myc4vy7g5z3787ze8sff20988k,65300000000,
a0ae31284db39f35db4bc5b4c313d5fec3f2b95f0a10adf661498fad0d1d7e79,2022-08-23T06:05:36.054000,received,kaspa:qqyn2whrfdys732uz7qyawagxp277s4t873crkm4u9f7qh37jwcjgcsfsejcu,65300000000,
a0ae31284db39f35db4bc5b4c313d5fec3f2b95f0a10adf661498fad0d1d7e79,2022-08-23T06:05:36.054000,received,kaspa:qqyn2whrfdys732uz7qyawagxp277s4t873crkm4u9f7qh37jwcjgcsfsejcu,65300000000,
215e87f19b47b994973b59a2ebd4650bb373b1061fa0c934cf8ada745778b7c3,2022-08-22T07:17:19.881000,received,kaspa:qqm2s4ecgvw8lhjxhtgtw54l6w5sp3akdcuyfzs6pzkfsaawr2f6xp4vw4j9m,34400000000,
215e87f19b47b994973b59a2ebd4650bb373b1061fa0c934cf8ada745778b7c3,2022-08-22T07:17:19.881000,received,kaspa:qqyn2whrfdys732uz7qyawagxp277s4t873crkm4u9f7qh37jwcjgcsfsejcu,34400000000,
986b8766bc4106aa13b992b417435928249008d4ee410489760874e67675033f,2022-08-21T17:55:58.116000,received,kaspa:qzmxqle5fk79la0deu9vh292u30ldusedndsna65m78xuaxcz0aaq5rpxq0fz,46100000000,
986b8766bc4106aa13b992b417435928249008d4ee410489760874e67675033f,2022-08-21T17:55:58.116000,received,kaspa:qqyn2whrfdys732uz7qyawagxp277s4t873crkm4u9f7qh37jwcjgcsfsejcu,46100000000,
1b1ab769b5e5299fedc0c93e091c6d71931e7d70f9e43063d4b13ddd74f585d8,2022-08-21T07:13:35.590000,received,kaspa:qr7uvx3g9numh0672fxt40l236w6ch8wqgdspa77u96q68tecrpqxmt3wgc2e,11800000000,
1b1ab769b5e5299fedc0c93e091c6d71931e7d70f9e43063d4b13ddd74f585d8,2022-08-21T07:13:35.590000,received,kaspa:qqyn2whrfdys732uz7qyawagxp277s4t873crkm4u9f7qh37jwcjgcsfsejcu,11800000000,
5a8da60b871fdf534576712b2c802cbe78075c8e6994cf8a91508174738bde44,2022-08-20T22:30:36.978000,received,kaspa:qp0m8gyasr0a253lpdxkh3m0gwsq7gvq57g7m5vapvpjgttkg8twvqhj2n4jc,17800000000,
5a8da60b871fdf534576712b2c802cbe78075c8e6994cf8a91508174738bde44,2022-08-20T22:30:36.978000,received,kaspa:qqyn2whrfdys732uz7qyawagxp277s4t873crkm4u9f7qh37jwcjgcsfsejcu,17800000000,
588e40b55683c198b6cec9a3661819fdc503a820de5463acd2a3d03bf45bb1c2,2022-08-20T18:46:00.359000,received,kaspa:qpsr9mgn27xp2jj2mmsc5hpj7wrw5plkre9rt808ppp3vz3jugg5s72nfr5pl,63200000000,
588e40b55683c198b6cec9a3661819fdc503a820de5463acd2a3d03bf45bb1c2,2022-08-20T18:46:00.359000,received,kaspa:qqyn2whrfdys732uz7qyawagxp277s4t873crkm4u9f7qh37jwcjgcsfsejcu,63200000000,
abb1333f96a72c7c8e5c57d915a6a7a0cf97ca4f7ab49b870b3307aa8fa3f68d,2022-08-20T06:08:28.730000,received,kaspa:qrlckh7jfj9q44jg98xm27907xzqnrpkj585rkqljjdvs5lgee426z7hm4v6w,78400000000,
abb1333f96a72c7c8e5c57d915a6a7a0cf97ca4f7ab49b870b3307aa8fa3f68d,2022-08-20T06:08:28.730000,received,kaspa:qqyn2whrfdys732uz7qyawagxp277s4t873crkm4u9f7qh37jwcjgcsfsejcu,78400000000,
186bac6682eeca888ad931eada7bdd8c4f14ed4e7cb04ee4392602572de77020,2022-08-19T06:29:48.586000,received,kaspa:qqfj5j78se4evj32ncuhnx5je397ut8s32qmcmwerltw9d54a98dcpnl72elp,112700000000,
186bac6682eeca888ad931eada7bdd8c4f14ed4e7cb04ee4392602572de77020,2022-08-19T06:29:48.586000,received,kaspa:qqyn2whrfdys732uz7qyawagxp277s4t873crkm4u9f7qh37jwcjgcsfsejcu,112700000000,
dddda6a55085a4361ae90dff3304f9eda35906cd386c64dc7e66783ee9b0fe6b,2022-08-18T12:28:53.390000,received,kaspa:qz6g7plpqacazyt72p23pahtswsu44wfqatq86hczn40pz8qd8l7xu24zpm44,47900000000,
dddda6a55085a4361ae90dff3304f9eda35906cd386c64dc7e66783ee9b0fe6b,2022-08-18T12:28:53.390000,received,kaspa:qqyn2whrfdys732uz7qyawagxp277s4t873crkm4u9f7qh37jwcjgcsfsejcu,47900000000,
dddda6a55085a4361ae90dff3304f9eda35906cd386c64dc7e66783ee9b0fe6b,2022-08-18T12:28:53.390000,received,kaspa:qqyn2whrfdys732uz7qyawagxp277s4t873crkm4u9f7qh37jwcjgcsfsejcu,47900000000,
6b99c4428d7397f6c8480280894c8310da781ef8a6ecf5ed7c005e04544d44cc,2022-08-18T06:32:44.161000,received,kaspa:qpfcr906cpryugus0vn7x2tuvknzmawanzad3hlu0lf6ma7y0r6my3v0cpg88,46600000000,
6b99c4428d7397f6c8480280894c8310da781ef8a6ecf5ed7c005e04544d44cc,2022-08-18T06:32:44.161000,received,kaspa:qqyn2whrfdys732uz7qyawagxp277s4t873crkm4u9f7qh37jwcjgcsfsejcu,46600000000,
b7d8f8c3959cdff94674a91001733362bd7e55b983d2e85917b7c58dc97ebf33,2022-08-17T10:42:05.451000,received,kaspa:qrn07z3apzeuvcsjxss5w2uzemkf98e90axfzkzn8ur4fu0au8ufq7dkmu7l2,52500000000,
b7d8f8c3959cdff94674a91001733362bd7e55b983d2e85917b7c58dc97ebf33,2022-08-17T10:42:05.451000,received,kaspa:qqyn2whrfdys732uz7qyawagxp277s4t873crkm4u9f7qh37jwcjgcsfsejcu,52500000000,
4bafee5beacaa9228499539911c21a704b51dfaa22124ab7aeae396655b4bab4,2022-08-17T01:19:58.886000,received,kaspa:qq9e4pzakh9gv5u48hfcsswn742e6p7ecgrp9ecz7mz6q8cdyencj35hlurj3,59200000000,
4bafee5beacaa9228499539911c21a704b51dfaa22124ab7aeae396655b4bab4,2022-08-17T01:19:58.886000,received,kaspa:qqyn2whrfdys732uz7qyawagxp277s4t873crkm4u9f7qh37jwcjgcsfsejcu,59200000000,
ff5855eb92c9688e9094096a8856e2a7df427c0c8ad4f2f557806e72b8293e90,2022-08-16T09:43:03.769000,received,kaspa:qq4yv6x26k6ym4f5hanhxdmhvqqxl4w8lncyxn7r7lj06dzq9emj6eprak9ms,60300000000,
ff5855eb92c9688e9094096a8856e2a7df427c0c8ad4f2f557806e72b8293e90,2022-08-16T09:43:03.769000,received,kaspa:qqyn2whrfdys732uz7qyawagxp277s4t873crkm4u9f7qh37jwcjgcsfsejcu,60300000000,
273e78f650a9e6a570d61c63553c23ec7ad1cd0376c571e81fa6dac04c0850b7,2022-08-15T21:15:24.169000,received,kaspa:qprevtg6kusz5k7puqq4g0y2599e08sdpmm3wfv0gsq0rfyjvtpfzch5mzh7n,64300000000,
273e78f650a9e6a570d61c63553c23ec7ad1cd0376c571e81fa6dac04c0850b7,2022-08-15T21:15:24.169000,received,kaspa:qqyn2whrfdys732uz7qyawagxp277s4t873crkm4u9f7qh37jwcjgcsfsejcu,64300000000,
90ae3ff1e0ff0bbd461f2203a726f18ede7a840a7c2b46d7bbae2a3db2184d23,2022-08-15T08:30:03.810000,received,kaspa:qq3ee3cvp5gx488s9ysmjfc64k7hgku0768vfdpt6296at7r4v3t5gj4h0y2m,61100000000,
90ae3ff1e0ff0bbd461f2203a726f18ede7a840a7c2b46d7bbae2a3db2184d23,2022-08-15T08:30:03.810000,received,kaspa:qqyn2whrfdys732uz7qyawagxp277s4t873crkm4u9f7qh37jwcjgcsfsejcu,61100000000,
f21d1fd61b07a0f8402b3cd9f3990b6f3a5612e0d89e8b30dc2765d98c7986ca,2022-08-14T20:29:59.173000,received,kaspa:qr45cnczgmq0670pmt2k53mrqjs678qew3encz8xlxax340uc3pdgpv0sdn6r,67400000000,
f21d1fd61b07a0f8402b3cd9f3990b6f3a5612e0d89e8b30dc2765d98c7986ca,2022-08-14T20:29:59.173000,received,kaspa:qqyn2whrfdys732uz7qyawagxp277s4t873crkm4u9f7qh37jwcjgcsfsejcu,67400000000,
f3f30bfbad26bde761426407828767073ee9cb40642ac5e7d86e2dd1ff374eb1,2022-08-14T09:46:50.420000,received,kaspa:qqt5qkmuj4067fwh7d29t7zhkuy3f4rm5ddnwhyxje39uxv5v27hwnsm8709c,70900000000,
f3f30bfbad26bde761426407828767073ee9cb40642ac5e7d86e2dd1ff374eb1,2022-08-14T09:46:50.420000,received,kaspa:qqyn2whrfdys732uz7qyawagxp277s4t873crkm4u9f7qh37jwcjgcsfsejcu,70900000000,
f198482bfc673df8ff8caf5cbc52668159b00713a5e770214748070cf5af9a64,2022-08-13T20:46:22.634000,received,kaspa:qpkne3dkerdl60c4lfwlnhl8azg93s48qneu6fqlt5m9xrx3wh2e5ex5udjgf,65300000000,
f198482bfc673df8ff8caf5cbc52668159b00713a5e770214748070cf5af9a64,2022-08-13T20:46:22.634000,received,kaspa:qqyn2whrfdys732uz7qyawagxp277s4t873crkm4u9f7qh37jwcjgcsfsejcu,65300000000,
f198482bfc673df8ff8caf5cbc52668159b00713a5e770214748070cf5af9a64,2022-08-13T20:46:22.634000,received,kaspa:qqyn2whrfdys732uz7qyawagxp277s4t873crkm4u9f7qh37jwcjgcsfsejcu,65300000000,
7e07942031fe6760911ef3576c446a3be04555f8f7ce5c4c0d70021385737c6f,2022-08-13T09:49:02.246000,received,kaspa:qzk0uefvlnl7ghgy2sjgal6yz8nkmqqgpy4y0p3lpd2l4j3z6ng328u2ynkcr,64800000000,
7e07942031fe6760911ef3576c446a3be04555f8f7ce5c4c0d70021385737c6f,2022-08-13T09:49:02.246000,received,kaspa:qqyn2whrfdys732uz7qyawagxp277s4t873crkm4u9f7qh37jwcjgcsfsejcu,64800000000,
555440fc001cf9975782f38acdb82bea6efc03b2c5ce4d11549c7bd5233125bf,2022-08-12T20:16:24.644000,received,kaspa:qr0vd8rxrn9tad043rkp6agmc5d0h8xywvx5hechw79qwc6pcxcqkh09n2499,34600000000,
555440fc001cf9975782f38acdb82bea6efc03b2c5ce4d11549c7bd5233125bf,2022-08-12T20:16:24.644000,received,kaspa:qqyn2whrfdys732uz7qyawagxp277s4t873crkm4u9f7qh37jwcjgcsfsejcu,34600000000,
b8f218fdcd2ae4b23ff50549eca815cfeaac763fb0534cbefa4da750a43b5d0c,2022-08-12T12:20:29.893000,received,kaspa:qq0cvukdylwc7cck2nhj0pw7sae5qlz05wf6psql6m884uy8x30r2hkcwhcda,76600000000,
b8f218fdcd2ae4b23ff50549eca815cfeaac763fb0534cbefa4da750a43b5d0c,2022-08-12T12:20:29.893000,received,kaspa:qqyn2whrfdys732uz7qyawagxp277s4t873crkm4u9f7qh37jwcjgcsfsejcu,76600000000,
d2c7763c0d55fc5bd60e8af688504b4e30d0c19add4b728bfc79aaf7e74d3335,2022-08-11T20:51:18.011000,received,kaspa:qzwjjrcgcy7l4m2ewrrz0wj8r855lt29njtfjlfql3n3j7djtk5sksqxkkhwh,52500000000,
d2c7763c0d55fc5bd60e8af688504b4e30d0c19add4b728bfc79aaf7e74d3335,2022-08-11T20:51:18.011000,received,kaspa:qqyn2whrfdys732uz7qyawagxp277s4t873crkm4u9f7qh37jwcjgcsfsejcu,52500000000,
bf089c0e350a631d132211d2850250dcdd1531482ae428109d830aaf31c30ac7,2022-08-11T11:02:43.255000,received,kaspa:qp7gs06eun4rrzghj7e8ks08hk2w09a3s5lp42ma8e4fl0gy6z9fvwj4txpv6,49700000000,
bf089c0e350a631d132211d2850250dcdd1531482ae428109d830aaf31c30ac7,2022-08-11T11:02:43.255000,received,kaspa:qqyn2whrfdys732uz7qyawagxp277s4t873crkm4u9f7qh37jwcjgcsfsejcu,49700000000,
6883318daa3d1ffa4a1ccc1230c02959b667101503bb1afbc682adde07da854d,2022-08-10T20:08:22.171000,received,kaspa:qr30fl9y600rpxrc46udw7ykl97x0z7g46ajcxamasxlhrmql0h560daj5gmr,44200000000,
6883318daa3d1ffa4a1ccc1230c02959b667101503bb1afbc682adde07da854d,2022-08-10T20:08:22.171000,received,kaspa:qqyn2whrfdys732uz7qyawagxp277s4t873crkm4u9f7qh37jwcjgcsfsejcu,44200000000,
d8bbba9e7eb4786ad63d97f16deb53b02afa8dbc1d6f1d067075fe1aeb5871e3,2022-08-10T09:22:44.007000,received,kaspa:qpmydasmzca7jndthpz7gqx4tm9sks9vg30y0jjakgu9gqm7mexgxvv4545lc,37600000000,
d8bbba9e7eb4786ad63d97f16deb53b02afa8dbc1d6f1d067075fe1aeb5871e3,2022-08-10T09:22:44.007000,received,kaspa:qqyn2whrfdys732uz7qyawagxp277s4t873crkm4u9f7qh37jwcjgcsfsejcu,37600000000,
d7f734c4765f365ef1b074190a136b98dc6f86d98ce28dbcd144f1c92a1681c6,2022-08-09T21:11:50.592000,received,kaspa:qplrh8kwgcj0kuj9xv9vk8nfn7jvqcdlm88ph23yenjscn7a92m4kxkxp2kq2,45700000000,
d7f734c4765f365ef1b074190a136b98dc6f86d98ce28dbcd144f1c92a1681c6,2022-08-09T21:11:50.592000,received,kaspa:qqyn2whrfdys732uz7qyawagxp277s4t873crkm4u9f7qh37jwcjgcsfsejcu,45700000000,
e95c5a691c28f2199f83ebe4890b2b58e6ccd370278bb20ada1497a8baa4818a,2022-08-09T09:37:08.758000,received,kaspa:qzrhz7crlcql4qpzupzah9fj3mhs06d03hyzwdefhwzy9ckqfvmvgksmcf6n7,448900000000,
e95c5a691c28f2199f83ebe4890b2b58e6ccd370278bb20ada1497a8baa4818a,2022-08-09T09:37:08.758000,received,kaspa:qqyn2whrfdys732uz7qyawagxp277s4t873crkm4u9f7qh37jwcjgcsfsejcu,448900000000,
e95c5a691c28f2199f83ebe4890b2b58e6ccd370278bb20ada1497a8baa4818a,2022-08-09T09:37:08.758000,received,kaspa:qqyn2whrfdys732uz7qyawagxp277s4t873crkm4u9f7qh37jwcjgcsfsejcu,448900000000,
e95c5a691c28f2199f83ebe4890b2b58e6ccd370278bb20ada1497a8baa4818a,2022-08-09T09:37:08.758000,received,kaspa:qqyn2whrfdys732uz7qyawagxp277s4t873crkm4u9f7qh37jwcjgcsfsejcu,448900000000,
e95c5a691c28f2199f83ebe4890b2b58e6ccd370278bb20ada1497a8baa4818a,2022-08-09T09:37:08.758000,received,kaspa:qqyn2whrfdys732uz7qyawagxp277s4t873crkm4u9f7qh37jwcjgcsfsejcu,448900000000,
e95c5a691c28f2199f83ebe4890b2b58e6ccd370278bb20ada1497a8baa4818a,2022-08-09T09:37:08.758000,received,kaspa:qzaf4tjp4cfyvxr0wqyqz846ac5hg3amzs6y9hn3vqkyrhlyu7rcjqdgaj4j4,448900000000,
e95c5a691c28f2199f83ebe4890b2b58e6ccd370278bb20ada1497a8baa4818a,2022-08-09T09:37:08.758000,received,kaspa:qqyn2whrfdys732uz7qyawagxp277s4t873crkm4u9f7qh37jwcjgcsfsejcu,448900000000,
e95c5a691c28f2199f83ebe4890b2b58e6ccd370278bb20ada1497a8baa4818a,2022-08-09T09:37:08.758000,received,kaspa:qqyn2whrfdys732uz7qyawagxp277s4t873crkm4u9f7qh37jwcjgcsfsejcu,448900000000,
e95c5a691c28f2199f83ebe4890b2b58e6ccd370278bb20ada1497a8baa4818a,2022-08-09T09:37:08.758000,received,kaspa:qqyn2whrfdys732uz7qyawagxp277s4t873crkm4u9f7qh37jwcjgcsfsejcu,448900000000,
e95c5a691c28f2199f83ebe4890b2b58e6ccd370278bb20ada1497a8baa4818a,2022-08-09T09:37:08.758000,received,kaspa:qqyn2whrfdys732uz7qyawagxp277s4t873crkm4u9f7qh37jwcjgcsfsejcu,448900000000,
e95c5a691c28f2199f83ebe4890b2b58e6ccd370278bb20ada1497a8baa4818a,2022-08-09T09:37:08.758000,received,kaspa:qqyn2whrfdys732uz7qyawagxp277s4t873crkm4u9f7qh37jwcjgcsfsejcu,448900000000,
