tx_id,timestamp,direction,peer_address,amount_sompi,cex_label
c8ee91b78d9a0214464ff3297adfec63f922755309a18f35da6ae72935cef50e,2023-12-16T03:16:24.708000,sent,kaspa:qzslgwenzu78t6tldlng383g7ruu4enaljmnkgaulyrscjp7ldt26x8gfxck5,171940000,
c8ee91b78d9a0214464ff3297adfec63f922755309a18f35da6ae72935cef50e,2023-12-16T03:16:24.708000,sent,kaspa:qzslgwenzu78t6tldlng383g7ruu4enaljmnkgaulyrscjp7ldt26x8gfxck5,171940000,
986a741f8003a5e4cd06774a8838461c8deabf5479c938679afc529bf1c4eeb1,2023-12-12T00:30:51.039000,received,kaspa:qypswxtcrv4ssyjaswy5w9387vq73mkuyq85tl34cee6qn5uexqy0csgnafnjx7,171000000,
4a57486f0847c6a63a4397cd28f753659ac8e321233ecc332b2289ed2ec37c2d,2023-11-27T14:38:36.283000,sent,kaspa:qypqca32jcg9rj2sl66nlq277rd9gvdd9vxpnkns79kf28l9nvlysuqf5khl59a,18000000,
79f64d6e27ec407e662aead6745ef998c41d4f96a67cf3bbebf989c8583ab584,2023-11-27T11:27:39.824000,received,kaspa:qrc956nv7nwrvsqvyx5cy2atwh87q59znuht45j0xn67zsg6xqmnj40rwj425,19000000,
