tx_id,timestamp,direction,peer_address,amount_sompi,cex_label
1449f6b93cc2ddd61d7a7079654eee19ed94a9b4217f07eb2795bee8a874329c,2025-02-07T20:14:22.178000,sent,kaspa:qrfwxhm7uq264jxfa2f96vn23qptynr246274jnk8m4tq37qy3uj53xm97d0f,350000000000,
1449f6b93cc2ddd61d7a7079654eee19ed94a9b4217f07eb2795bee8a874329c,2025-02-07T20:14:22.178000,sent,kaspa:qrch947nrya8c2tcppr0c0ykc6w50exy05vqcpkjr2fe7zzalnryu3ylzyrp9,523567960000,
8da93940aeb10275b0eb005f49f35ae3cca73df5ffd6f548de2a05e1c2cd0cef,2024-02-08T19:52:42.416000,received,kaspa:qpfsdcfgf7amxxa7xnffl74gw6a9mmw6ppww7lyalldx24ve0m75xwjm2w9pc,28601000000,
8da93940aeb10275b0eb005f49f35ae3cca73df5ffd6f548de2a05e1c2cd0cef,2024-02-08T19:52:42.416000,received,kaspa:qpfsdcfgf7amxxa7xnffl74gw6a9mmw6ppww7lyalldx24ve0m75xwjm2w9pc,28601000000,
