tx_id,timestamp,direction,peer_address,amount_sompi,cex_label
a92673a8b7730565e610d9d75a92ac813ecdffa7dde1e6c44f0ab2a730c4fab4,2023-12-16T04:13:01.240000,sent,kaspa:qzslgwenzu78t6tldlng383g7ruu4enaljmnkgaulyrscjp7ldt26x8gfxck5,171940000,
a92673a8b7730565e610d9d75a92ac813ecdffa7dde1e6c44f0ab2a730c4fab4,2023-12-16T04:13:01.240000,sent,kaspa:qzslgwenzu78t6tldlng383g7ruu4enaljmnkgaulyrscjp7ldt26x8gfxck5,171940000,
763a1b0f91055035269aa4b9543b50905ff39a4512fc0e91c1d6b07fb9cf7cac,2023-12-12T09:38:29.574000,received,kaspa:qypswxtcrv4ssyjaswy5w9387vq73mkuyq85tl34cee6qn5uexqy0csgnafnjx7,171000000,
92048bc14a9b49e33daafdf9904fb9b743cb8c2707c1cd92913830928da18d1c,2023-11-28T13:41:31.996000,sent,kaspa:qyp2e2nrks2zxynur5ghpdf7kv2calulxa5ts8ceen9wzup07z48xagesge0dzv,18000000,
b4f088d644a891622af7e5071e1eecbd3aba2e7cb4d5fcff0efba9b627047092,2023-11-27T12:55:26.587000,received,kaspa:qqxrda0n7wx2zyhkxu2gx3hc5mraf7l7h90szkz8vrs4sa9cf0hvc6ysg6shy,19000000,
