tx_id,timestamp,direction,peer_address,amount_sompi,cex_label
8ef623817f929277422011b05220cef1c407f3d147f6d6e8c547aeb0bec124fe,2023-12-17T12:25:46.184000,sent,kaspa:qpu9nje8fud7sxlt9nahq9g3395s9yy3en7y8smk5whl0zyz2qsd7xfq3uqp5,172970000,
8ef623817f929277422011b05220cef1c407f3d147f6d6e8c547aeb0bec124fe,2023-12-17T12:25:46.184000,sent,kaspa:qpu9nje8fud7sxlt9nahq9g3395s9yy3en7y8smk5whl0zyz2qsd7xfq3uqp5,172970000,
ae79e8e397cd2d87543a2956169ad47b0012e932f13e49aa6b6f749907657bdd,2023-12-11T23:10:12.368000,received,kaspa:qypswxtcrv4ssyjaswy5w9387vq73mkuyq85tl34cee6qn5uexqy0csgnafnjx7,171000000,
7ba2bc1dfa34c0cd62f96b806d4dc9c4ce8bac943679571a79ecfb108d50d635,2023-11-27T12:39:53.554000,sent,kaspa:qypr4m5w76h6q28nyxuznucc5pmgeumnf3v60255wk2kpnqkr57nw6sz846a0ay,18000000,
9b5ff48bc93cdd3ddc16c09e4004e581a5d09bd7916dec260312534af08f6486,2023-11-27T09:35:35.018000,received,kaspa:qyp9pslfu0q8wn2h0psl2k0dnexe5n68ydj72dl76ws6xslaxp475zgp2323uud,20000000,
