tx_id,timestamp,direction,peer_address,amount_sompi,cex_label
9ba85426f248dcbef380c68087698b58facf825338e2d6c64f82c427070af8a1,2024-06-04T21:35:08.337000,sent,kaspa:qq9zagcza4jt76eev9jl5z0nqhe0thcu7js8larktj4sle7lvgnw7sfcewlty,29999000000,
9ba85426f248dcbef380c68087698b58facf825338e2d6c64f82c427070af8a1,2024-06-04T21:35:08.337000,sent,kaspa:qq9zagcza4jt76eev9jl5z0nqhe0thcu7js8larktj4sle7lvgnw7sfcewlty,29999000000,
4cd8e3860806e46cad54c2cd59d45079f718ffed4c14c8f2e0bb2e4af596b844,2024-06-04T20:38:13.904000,received,kaspa:qpsnczhx4zz533v6mnqc3agt32fyzhsluuhu6k9ryd2z8sz9sqvswsplkttu9,29999996780,
4cd8e3860806e46cad54c2cd59d45079f718ffed4c14c8f2e0bb2e4af596b844,2024-06-04T20:38:13.904000,received,kaspa:qqk3hx28jgyrvskmzafnwq7gc68vgruvu66lljskdf565p39h08vyegsdvvs6,29999996780,
0844e5e5f0dd129c43376820b2d800ed8d21c387c4daa6517376529a9f40034e,2024-05-24T11:35:42.494000,sent,kaspa:qq9zagcza4jt76eev9jl5z0nqhe0thcu7js8larktj4sle7lvgnw7sfcewlty,499800000000,
0844e5e5f0dd129c43376820b2d800ed8d21c387c4daa6517376529a9f40034e,2024-05-24T11:35:42.494000,sent,kaspa:qq9zagcza4jt76eev9jl5z0nqhe0thcu7js8larktj4sle7lvgnw7sfcewlty,499800000000,
ababddc80d54da99f840fb68bec1162bb878ac16928a9ee4748f562332add627,2024-05-24T11:28:41.919000,received,kaspa:qzyfm5lvdm3trvyvsghhjxtdqgjylagyp6a8ftw5u2j34jp6xxm9sd08kr4z9,500000000000,
5e2187196f1ae1d5cdde1a76a483b598e4b25d6f17ace6a4ec71075d56eedb9a,2024-03-15T22:34:32.015000,sent,kaspa:qq9zagcza4jt76eev9jl5z0nqhe0thcu7js8larktj4sle7lvgnw7sfcewlty,200000000000,
5e2187196f1ae1d5cdde1a76a483b598e4b25d6f17ace6a4ec71075d56eedb9a,2024-03-15T22:34:32.015000,sent,kaspa:qq9zagcza4jt76eev9jl5z0nqhe0thcu7js8larktj4sle7lvgnw7sfcewlty,200000000000,
595151d6442a3c3602ed3a8037b0b72b3f70aa3962f4d30d2074f532f0b8ba86,2024-03-15T22:29:06.158000,received,kaspa:qp5nmdrwjc5ee2gldjz924z6ygpx8a4ky83lp43y352vuyaeyccfzm4d60ywm,200000000000,
e7fd6ecf971b5a046c6503a4c2340c1d54ce476321c5a3bfacf8c5f3ea4eaeb0,2024-03-14T08:59:28.408000,sent,kaspa:qq9zagcza4jt76eev9jl5z0nqhe0thcu7js8larktj4sle7lvgnw7sfcewlty,50099000000,
a8b451ca658a44184c4920c1b50dff85f9365dc6575180c249e9f8bff86653c8,2024-03-14T00:19:58.767000,sent,kaspa:qq9zagcza4jt76eev9jl5z0nqhe0thcu7js8larktj4sle7lvgnw7sfcewlty,48900000000,
ae6813d5bbc54e955525824f2d34c19ec0b9d19d61236f2f891e258437e50b50,2024-03-14T00:06:34.798000,sent,kaspa:qq9zagcza4jt76eev9jl5z0nqhe0thcu7js8larktj4sle7lvgnw7sfcewlty,1000000000,
080595b1c084b984af5e2cb8cc91d931bb58a8017faed197e8130d2d8ef3cc53,2024-03-13T23:55:01.364000,received,kaspa:qqq55vgxf9xsjrtd84jfdaehvshf743jk5df47ged5g5y5pn9a6njwhpmh5z7,100000000000,
