tx_id,timestamp,direction,peer_address,amount_sompi,cex_label
4360fc300f7c41962d3a0e8e424e7e0f0a251cd4bf42da30fff95b0f897c56af,2024-02-17T21:02:31.958000,sent,kaspa:qqyrl8sham25c7pvdxlzw5ev4lrfm80k8deymkwrz4kta0w5mma0g67pnq3f2,172980000,
4360fc300f7c41962d3a0e8e424e7e0f0a251cd4bf42da30fff95b0f897c56af,2024-02-17T21:02:31.958000,sent,kaspa:qqyrl8sham25c7pvdxlzw5ev4lrfm80k8deymkwrz4kta0w5mma0g67pnq3f2,172980000,
6071aab9c959e02f72ce5581766266896ad0c6e8f82028728a8f38d476a6ca3f,2023-12-13T05:27:26.645000,received,kaspa:qypswxtcrv4ssyjaswy5w9387vq73mkuyq85tl34cee6qn5uexqy0csgnafnjx7,171000000,
16700b139470142b2d90d2ab924b58b42716bcf770c7518d0979b0d04e1957fd,2023-11-29T21:26:04.419000,sent,kaspa:qyp4cz6nzkrwth33526qecy6al8kmkp2f7c6q9xxqfgznyf52r9xjrcjy7xq4v0,18000000,
ccbe44c43b811968db89479f9c632cff18b03d021e44595f6c60f86b815e3ec3,2023-11-27T19:16:11.689000,received,kaspa:qyp09jwvzzyp0g4fdep2d2fekeh7gss2cd4mnug4jc5uel6xflyzw8csmlsjrqg,20000000,
