tx_id,timestamp,direction,peer_address,amount_sompi,cex_label
dfa5462878600d2565aaadfc7132421e8411d29f2d4e40edf4b6104b7c96f56b,2023-12-16T04:49:01.547000,sent,kaspa:qzslgwenzu78t6tldlng383g7ruu4enaljmnkgaulyrscjp7ldt26x8gfxck5,171940000,
dfa5462878600d2565aaadfc7132421e8411d29f2d4e40edf4b6104b7c96f56b,2023-12-16T04:49:01.547000,sent,kaspa:qzslgwenzu78t6tldlng383g7ruu4enaljmnkgaulyrscjp7ldt26x8gfxck5,171940000,
0a06b74aefef31da079df9489c60abfe90f8815ecb9d8f29b96dc7d7fbbfd251,2023-12-12T19:28:03.319000,received,kaspa:qypswxtcrv4ssyjaswy5w9387vq73mkuyq85tl34cee6qn5uexqy0csgnafnjx7,171000000,
bca65a642d1f87ff1e1bd19a320ac60268801240463848fe44202cde945396d4,2023-11-29T09:07:54.199000,sent,kaspa:qypf2n24s5rqdp9hpgszyeksxxnhuushuwlde2vwuj8qa6ghh5p25xsgsdgp77t,18000000,
771a2ca43a5bb28ae8df7e714dd717fa972570af46f166fecf45d2ddd10f5c82,2023-11-28T19:42:29.952000,received,kaspa:qz7mrcld5f5vpeek48ge2wctl94jf8jucstag3fsdk3jz9ftn35v2g42c5gf0,19000000,
