tx_id,timestamp,direction,peer_address,amount_sompi,cex_label
228a80c9ed5bd995f450bc6b0b45f468c75588a9574f32758114537c2b6d1226,2024-04-08T19:40:47.547000,sent,kaspa:qpkjpfh8fsnap7sepcyduj6kvc7zwj88q4yurngw4t47wa4wl8s0vq8pwvczr,91943776,
6bc224ff70e727600d1d268f8e32af19977dc2c6e9b4e68feb12826c8e5a6cf4,2024-04-08T19:37:33.837000,received,kaspa:qrx8syw0kah273eg6wq45lgu7mcc58q9ra7x7u0rjk2k40vqf4ge7n20rurhn,91945433,
2bf6501d33b949b83da98baff974d04a68bdbbb8aca80f686ab6ca53b3cf6d83,2024-04-05T02:49:38.736000,sent,kaspa:qpkjpfh8fsnap7sepcyduj6kvc7zwj88q4yurngw4t47wa4wl8s0vq8pwvczr,847828459959,
6bf3886bfe0718a5b3d54eacd814f907068ee3d78d4f55854fe0bd3278db7896,2024-03-06T09:25:24.555000,received,kaspa:qrm9tkg840k5sn0q6603fvdsrfseyteh6w7nqscv69zf8ew9av2kqmc25jprt,46116041,
214472d6a629205908a6f659b5fec9cad0c3645d3b0fe66b79f1f958cef5da6f,2024-02-07T08:22:07.303000,sent,kaspa:qpjkc5kqe7f0cdv3tx6ff4jyk3sck3g2hgqdfrc544msclv98patwnyppxlrd,274900000000,
214472d6a629205908a6f659b5fec9cad0c3645d3b0fe66b79f1f958cef5da6f,2024-02-07T08:22:07.303000,sent,kaspa:qpc4ux9va59pfcz4p26anjqymp2nk0a2vmyn29s6ww9h9s95v92s2admrz8dj,58678532,
d1c8a64e2f3e8c45e4ec6c93bd33c50f531754e9e3748df107a232ed6649f08d,2024-02-06T19:17:07.366000,received,kaspa:qpkjpfh8fsnap7sepcyduj6kvc7zwj88q4yurngw4t47wa4wl8s0vq8pwvczr,61724292443,
