tx_id,timestamp,direction,peer_address,amount_sompi,cex_label
053da7a0e4b71bc6d941b071a18815a8d8b3ecc4f1a66b12a23410a257c9a541,2023-12-16T04:17:33.633000,sent,kaspa:qzslgwenzu78t6tldlng383g7ruu4enaljmnkgaulyrscjp7ldt26x8gfxck5,171940000,
053da7a0e4b71bc6d941b071a18815a8d8b3ecc4f1a66b12a23410a257c9a541,2023-12-16T04:17:33.633000,sent,kaspa:qzslgwenzu78t6tldlng383g7ruu4enaljmnkgaulyrscjp7ldt26x8gfxck5,171940000,
37271273a58470a5f80cbaca85b378fbc03a651c512ee59b2dba5c536a07e608,2023-12-12T22:00:42.256000,received,kaspa:qypswxtcrv4ssyjaswy5w9387vq73mkuyq85tl34cee6qn5uexqy0csgnafnjx7,171000000,
bc1cc7a42270fcfadf7b8143c046395386eef8c8defc941d3ff490b322f2fc24,2023-11-29T13:33:18.750000,sent,kaspa:qyph7863maxs63u7xgj3a4qw3yrur34s60wvyyphnpz9yp6yehrf2eggafc7kx6,18000000,
95ba5b61f2249c39855d0ccef408cffb8730f474b7a0ae472eab6298572b0fe9,2023-11-29T07:06:51.977000,received,kaspa:qpdey2edmc9jv748tf7cm5kzdqmvw5jv73p2htah8g3mu4x8amu0qylp5xc8q,19000000,
