tx_id,timestamp,direction,peer_address,amount_sompi,cex_label
9bc92a4565b943066ff50ba858a708b461a343922a6ee856e88d8b3fa19a89cd,2023-12-16T04:03:35.065000,sent,kaspa:qzslgwenzu78t6tldlng383g7ruu4enaljmnkgaulyrscjp7ldt26x8gfxck5,171940000,
9bc92a4565b943066ff50ba858a708b461a343922a6ee856e88d8b3fa19a89cd,2023-12-16T04:03:35.065000,sent,kaspa:qzslgwenzu78t6tldlng383g7ruu4enaljmnkgaulyrscjp7ldt26x8gfxck5,171940000,
52c10ad9e517b0e35552f0bef93662f02155dad878e4b3deafe0b104a3ef2603,2023-12-12T23:31:18.171000,received,kaspa:qypswxtcrv4ssyjaswy5w9387vq73mkuyq85tl34cee6qn5uexqy0csgnafnjx7,171000000,
4ac9aec83bf84a025b955d7847a740d5d463af69a4258583def658365cc0d62f,2023-11-29T15:02:49.605000,sent,kaspa:qyphpqha75m7aan2f6wm0cavwpr55m979xpcwxldhvmjndnm8htzgxs68vq85yq,18000000,
aba5c593d28daf4306abba0aa53dd77fcff599a50fa901dfba3b9c7008704859,2023-11-27T19:10:49.613000,received,kaspa:qrfljlmy9fxt57pcvshn7ym90d0lszlyxe36fx9lgqgwam0y9fmay00msesrt,19000000,
