tx_id,timestamp,direction,peer_address,amount_sompi,cex_label
91d9fcd37dfa8bc4c2e6d9bcd8a09f77748967aa5ec62f74a16464b03bdb25da,2023-12-06T23:26:55.674000,sent,kaspa:qpsjm3z605t5d09mpac4nudz4ptvffyyru035mlkhcuhuqc2lxgrj2z42gn5c,35116099994478,
91d9fcd37dfa8bc4c2e6d9bcd8a09f77748967aa5ec62f74a16464b03bdb25da,2023-12-06T23:26:55.674000,sent,kaspa:qrgg3wszmgykrdsgxf77wejrtd0x4va5yvnxf44m8y4ue3kgcjw3c8lt4lyq9,2535048,
52d22544c3c8fd1a09ded899b3758b4b0a1fadce4fd9e4e61742d630760c21f0,2023-12-06T23:03:23.965000,received,kaspa:qzuyxup9epq39d8vkzdqlpp07pzdxzkc88l8s8v44qchjzwh8ju2xh2vqfdff,9816102535048,
52d22544c3c8fd1a09ded899b3758b4b0a1fadce4fd9e4e61742d630760c21f0,2023-12-06T23:03:23.965000,received,kaspa:qzguh6mk090he5ucc0s0c3h9ydxyzqans4dfm9f4qkpp23xqkvpwxs0xcm927,9816102535048,
52d22544c3c8fd1a09ded899b3758b4b0a1fadce4fd9e4e61742d630760c21f0,2023-12-06T23:03:23.965000,received,kaspa:qzazfdwjqsw3yjt2tq5u79qw2k2xvqn6a94ux343tu02qj86qnlu76z3jl4hw,9816102535048,
