tx_id,timestamp,direction,peer_address,amount_sompi,cex_label
e5cc8f17ac5b209b67f351bebbbe1499de2a9dc9edc76fd5da44fbdb1cadeeff,2023-12-16T05:13:07.377000,sent,kaspa:qzslgwenzu78t6tldlng383g7ruu4enaljmnkgaulyrscjp7ldt26x8gfxck5,171940000,
e5cc8f17ac5b209b67f351bebbbe1499de2a9dc9edc76fd5da44fbdb1cadeeff,2023-12-16T05:13:07.377000,sent,kaspa:qzslgwenzu78t6tldlng383g7ruu4enaljmnkgaulyrscjp7ldt26x8gfxck5,171940000,
48410df7fb6841ec07656a8892dd10e729e858722ed3a1f237cae8ede4f5f949,2023-12-13T04:28:37.415000,received,kaspa:qypswxtcrv4ssyjaswy5w9387vq73mkuyq85tl34cee6qn5uexqy0csgnafnjx7,171000000,
2584da91b37bf9f8de5547ea886d8522663fb286fc7504b2cbc53ddfa7b7d945,2023-11-29T19:42:11.861000,sent,kaspa:qypz4rn3qw7gwa8qu2r5hlvq867zgls2mqyr554ms3atz27hcuul7kghhf0tggv,18000000,
631bedd225e356fd23b5b97ff74be75037a603c05cff95bf9348e1ff62034977,2023-11-28T22:58:12.244000,received,kaspa:qpw309ql97qqj6zc80wuq0pw64sw4n2l0jhq3lpx7amn38z4s02tj0dhumqnq,19000000,
