tx_id,timestamp,direction,peer_address,amount_sompi,cex_label
513e358fae009b2bb4f2369eda7528bfa736fce5a0e464728b914be4d384b07f,2023-12-16T05:03:43.740000,sent,kaspa:qzslgwenzu78t6tldlng383g7ruu4enaljmnkgaulyrscjp7ldt26x8gfxck5,171940000,
513e358fae009b2bb4f2369eda7528bfa736fce5a0e464728b914be4d384b07f,2023-12-16T05:03:43.740000,sent,kaspa:qzslgwenzu78t6tldlng383g7ruu4enaljmnkgaulyrscjp7ldt26x8gfxck5,171940000,
7ea1929e10abf25856fe93bd906623148685140ce0e442cdbfc0d765bc3017c5,2023-12-13T03:04:31.332000,received,kaspa:qypswxtcrv4ssyjaswy5w9387vq73mkuyq85tl34cee6qn5uexqy0csgnafnjx7,171000000,
0c0f887794d3351892fa0b9fd1d3fb647a85fac28c2b1ae76eebbb6e77cbefd6,2023-11-29T18:22:06.662000,sent,kaspa:qypaewn7c4rxhhknj7ceuqeuhcq8c8h9mz4phyjseqs8uxran6xhsagpwmrudt6,18000000,
5a20d6f6851e80b74afe945e530be9437d9d40e260e8409ad45a4337494a5f86,2023-11-28T19:36:00.902000,received,kaspa:qr4l6ccrnequlsgxdtfmc748wfv0dlcywwh86sweqrn68kve6kptwajp8fk3g,19000000,
