tx_id,timestamp,direction,peer_address,amount_sompi,cex_label
5555e5b8c76ae2ea87971038d1ba055234d13bad4915eedd063d338cfd92301c,2023-12-16T04:08:55.289000,sent,kaspa:qzslgwenzu78t6tldlng383g7ruu4enaljmnkgaulyrscjp7ldt26x8gfxck5,171940000,
5555e5b8c76ae2ea87971038d1ba055234d13bad4915eedd063d338cfd92301c,2023-12-16T04:08:55.289000,sent,kaspa:qzslgwenzu78t6tldlng383g7ruu4enaljmnkgaulyrscjp7ldt26x8gfxck5,171940000,
5b282d5beb4365b245c70d10f6a56f97adfd592cc80ae9b1a084a3af4279ce7a,2023-12-12T16:30:55.176000,received,kaspa:qypswxtcrv4ssyjaswy5w9387vq73mkuyq85tl34cee6qn5uexqy0csgnafnjx7,171000000,
3a7a4a60f26492f2e36ef53fdb24e969776fcf25fefa1b1c9c3bc7864353dcf6,2023-11-29T04:14:19.952000,sent,kaspa:qypl74m9fppusl8fjc3lph7wmkhc3kar2unl25z6gg6wxnsmk068z5sc9jkdy8a,18000000,
d09bb13fc0893c0d8e03b0a989f8c5085e1ffb1519759a633882291df33ab79a,2023-11-28T19:50:44.938000,received,kaspa:qrfljlmy9fxt57pcvshn7ym90d0lszlyxe36fx9lgqgwam0y9fmay00msesrt,19000000,
