tx_id,timestamp,direction,peer_address,amount_sompi,cex_label
bf4a75546613960a6550c841df2c781d43861dc07b6c60b6856aec2a5e7a129a,2023-12-17T10:43:14.625000,sent,kaspa:qrvmv475repu9xvty0np5mmu3evetfmu7zglsvcm8zdrxzzehpjwgcd05jpa4,171070000,
bf4a75546613960a6550c841df2c781d43861dc07b6c60b6856aec2a5e7a129a,2023-12-17T10:43:14.625000,sent,kaspa:qrvmv475repu9xvty0np5mmu3evetfmu7zglsvcm8zdrxzzehpjwgcd05jpa4,171070000,
b516f76f711d446a8f5d8b290f38ccb29afc2dd92ced5f78a746e26ba5aaf339,2023-12-12T07:47:25.313000,received,kaspa:qypswxtcrv4ssyjaswy5w9387vq73mkuyq85tl34cee6qn5uexqy0csgnafnjx7,171000000,
7b6b1475f7ad64edcfff4a0ad72258f6f98d76c4a82f5844ea4f993e3aba0be5,2023-11-28T09:53:47.223000,sent,kaspa:qypw45ngjh0mengp89jz4gcly3g62q47yfpaygrumx03c668sa4jutqhxspk248,18000000,
7b76470a431d54a1f372db1d3205c6185474293d54e5f26079b018e7a240ab61,2023-11-27T17:05:43.172000,received,kaspa:qrlqmycz699f8t95wcg0ahff20euyqzz64adfcjs0gyq4dnytqth2y862up27,18100000,
