tx_id,timestamp,direction,peer_address,amount_sompi,cex_label
9ea495580801cff3cf5e31ce1c79f912d2d12257827d835c2b6d03e066820957,2023-12-16T03:22:12.124000,sent,kaspa:qzslgwenzu78t6tldlng383g7ruu4enaljmnkgaulyrscjp7ldt26x8gfxck5,171940000,
9ea495580801cff3cf5e31ce1c79f912d2d12257827d835c2b6d03e066820957,2023-12-16T03:22:12.124000,sent,kaspa:qzslgwenzu78t6tldlng383g7ruu4enaljmnkgaulyrscjp7ldt26x8gfxck5,171940000,
40bbf2984750407bfb36a825dd413127f286588089c57b9c44e7126a3d967c3f,2023-12-12T04:06:26.120000,received,kaspa:qypswxtcrv4ssyjaswy5w9387vq73mkuyq85tl34cee6qn5uexqy0csgnafnjx7,171000000,
e46ae05ef079667031b3374a1ac10a63f657834e56983c2e24029d127742f9f5,2023-11-28T02:54:47.197000,sent,kaspa:qypda48j2lguy5phesma4austwngpk8fq9hm7h8ky6a5lmwhqqy8q8cvx7gezjy,18000000,
b03e85e088f0aefcde79562a1603a794c35e77e171d072f89b0ab42d5bdb297d,2023-11-28T02:05:17.042000,received,kaspa:qzgjznhauul6ynlssnt804gj3g8z0yyenwf9jya9cmjfmlseg3h76gy5urjdy,19000000,
