tx_id,timestamp,direction,peer_address,amount_sompi,cex_label
3688582b68bfdffb9b52376d67f1c641ac5ae9353a103dedf9ea45e66eec4c8b,2023-12-16T04:07:09.412000,sent,kaspa:qzslgwenzu78t6tldlng383g7ruu4enaljmnkgaulyrscjp7ldt26x8gfxck5,171940000,
3688582b68bfdffb9b52376d67f1c641ac5ae9353a103dedf9ea45e66eec4c8b,2023-12-16T04:07:09.412000,sent,kaspa:qzslgwenzu78t6tldlng383g7ruu4enaljmnkgaulyrscjp7ldt26x8gfxck5,171940000,
928aed807ea1033de4e4882abaac0c3eefc1a2374caba4ce18d169c21b01142f,2023-12-12T07:08:14.627000,received,kaspa:qypswxtcrv4ssyjaswy5w9387vq73mkuyq85tl34cee6qn5uexqy0csgnafnjx7,171000000,
95c188bfaed0ace425abd93d3f2e7c0db6ced80c49af27c13cb024e1e083bb48,2023-11-28T08:35:22.104000,sent,kaspa:qypce3j82pry97ktaxnmnynvpl97kxxhcjmjr7t4tp2jctxuxm3ncdsde53lsl6,18000000,
d8f6a2a551a44ad12297bd36f055497ae225a1aa7dc8207b22133204a7d9d22e,2023-11-28T07:26:23.142000,received,kaspa:qq9lyhkvtjr628ps724afyqk9n83d0tljqhleedzrmqvmlhldaunut5739sg7,19000000,
