tx_id,timestamp,direction,peer_address,amount_sompi,cex_label
8f90375399f4e11376b037ba021fb9acebfd08cc50c4c92a6ebf28e5154d4b46,2023-12-16T03:21:58.592000,sent,kaspa:qzslgwenzu78t6tldlng383g7ruu4enaljmnkgaulyrscjp7ldt26x8gfxck5,171940000,
8f90375399f4e11376b037ba021fb9acebfd08cc50c4c92a6ebf28e5154d4b46,2023-12-16T03:21:58.592000,sent,kaspa:qzslgwenzu78t6tldlng383g7ruu4enaljmnkgaulyrscjp7ldt26x8gfxck5,171940000,
d069b9adc43489d0c44c6176cd33bdbc3e25c71808f0ea02d9b06eab8b42cc64,2023-12-12T04:14:40.586000,received,kaspa:qypswxtcrv4ssyjaswy5w9387vq73mkuyq85tl34cee6qn5uexqy0csgnafnjx7,171000000,
106451e634c334b3f79d9cd34c24f60ac4dc9ceeb6cc6d3870abdb3279f6b71d,2023-11-28T03:12:57.732000,sent,kaspa:qyp3e08dmdvz7p5849u83vcyyvwmjrtvmw2865tvkukc099smp92t9gljwdwl9y,18000000,
08fbd6f4297afe2bb50fb94b7ae6a7a4310b3ed2a2fa33343c528504a0ff69ea,2023-11-27T23:31:05.491000,received,kaspa:qpcj4v4l03pdcs68wsrv79zzsuucmvvvf5989w79ey4mjfgskn9qgl20lyc7y,19000000,
