tx_id,timestamp,direction,peer_address,amount_sompi,cex_label
0a9eda160de6dbdc7e040a259f28ff509f7a5d2899be1bbb50980c57cc1d6e50,2024-03-14T02:03:39.906000,sent,kaspa:qqnqv3rvnctfyrjteurqm0gmqfu7yjg3949yxpyxxfa4rgm9nt2zxauwq8xvs,1000000000000,
0a9eda160de6dbdc7e040a259f28ff509f7a5d2899be1bbb50980c57cc1d6e50,2024-03-14T02:03:39.906000,sent,kaspa:qpdqr0rq5jzhnyxgky5lpcxqt0cf4s2s8fcht9j37ytceqq0gjys6r0gtejug,3414223120025,
68a9e4482f2a67391b762d0118308dc1f8d38627693f206fbc9ac3478815264f,2024-03-13T23:26:24.848000,received,kaspa:qzpdxpe92dkq8shsp9lqmhdmv0x45u5sw0c53uzqa7nsnpg35tf0xycax2f0j,4414223122094,
68a9e4482f2a67391b762d0118308dc1f8d38627693f206fbc9ac3478815264f,2024-03-13T23:26:24.848000,received,kaspa:qqmdrrlznz7cgax9jvefm4g4fwtsnnz8r96574qduyjakmyd5rtgc3a4rx0qr,4414223122094,
