tx_id,timestamp,direction,peer_address,amount_sompi,cex_label
0e3a8487f15e01f3c0917d2ec971614a93355036d7b8d92088b7cd5f16e4906f,2023-12-16T04:44:40.084000,sent,kaspa:qzslgwenzu78t6tldlng383g7ruu4enaljmnkgaulyrscjp7ldt26x8gfxck5,171940000,
0e3a8487f15e01f3c0917d2ec971614a93355036d7b8d92088b7cd5f16e4906f,2023-12-16T04:44:40.084000,sent,kaspa:qzslgwenzu78t6tldlng383g7ruu4enaljmnkgaulyrscjp7ldt26x8gfxck5,171940000,
451f29213152fe9efe7d10063e9fb56649276ded252f4016d5062d8acdb99600,2023-12-12T20:34:53.107000,received,kaspa:qypswxtcrv4ssyjaswy5w9387vq73mkuyq85tl34cee6qn5uexqy0csgnafnjx7,171000000,
aaf565218737c1df389972dde7599e8e3ab45d1c49b044c1f22b9e0866849c94,2023-11-29T11:09:26.520000,sent,kaspa:qypg2c9zku4awwvqhg40etz0ljz2m3vqlcnlyqmtkg0yvzn0a4x2d6sv4rnvn29,18000000,
fc7ae1e8ebead9a2620b1b04e884d6388cc62420c819101efeb2a021b664d26e,2023-11-27T18:48:30.383000,received,kaspa:qqshwyxdqnef5w786j5s9uutek3an7ns3rt5hwfza7frfrxp6yx5w34ld2707,19000000,
