tx_id,timestamp,direction,peer_address,amount_sompi,cex_label
0de9749a2c80ca12a09ddac0bb6d97d97ed4f682f03ba54d936be22a53dfa0dd,2023-12-16T05:16:53.956000,sent,kaspa:qzslgwenzu78t6tldlng383g7ruu4enaljmnkgaulyrscjp7ldt26x8gfxck5,171940000,
0de9749a2c80ca12a09ddac0bb6d97d97ed4f682f03ba54d936be22a53dfa0dd,2023-12-16T05:16:53.956000,sent,kaspa:qzslgwenzu78t6tldlng383g7ruu4enaljmnkgaulyrscjp7ldt26x8gfxck5,171940000,
f8ebf7708c6a9450e28a7504f674f0b86211f8817971121443310d7419f350af,2023-12-13T03:57:09.655000,received,kaspa:qypswxtcrv4ssyjaswy5w9387vq73mkuyq85tl34cee6qn5uexqy0csgnafnjx7,171000000,
82bf6d2b92bb9a2226f08d5a529b92567ea2c1345fd81987e97afd80dd7a860d,2023-11-29T19:12:17.414000,sent,kaspa:qyp8ct7r5cgfycyu0vz4tgmr8tky7lk05j4cxcevnsn70t46hyyh4ns80r5vka7,18000000,
caf6e7e711139b0c3a41831896b1c660bc4f4bba74f0a7cf79e62f343eb620a0,2023-11-28T17:50:19.363000,received,kaspa:qrqvcaxkmjun497mycnm9jmf8ntgdzm6dafyrguhtu352azffryc2yeypjtms,19000000,
