tx_id,timestamp,direction,peer_address,amount_sompi,cex_label
b58db1faebfb69aa689ddaae9a859f4a0fafc412d74131b24834d4566ad9e09f,2023-12-16T04:09:04.245000,sent,kaspa:qzslgwenzu78t6tldlng383g7ruu4enaljmnkgaulyrscjp7ldt26x8gfxck5,171940000,
b58db1faebfb69aa689ddaae9a859f4a0fafc412d74131b24834d4566ad9e09f,2023-12-16T04:09:04.245000,sent,kaspa:qzslgwenzu78t6tldlng383g7ruu4enaljmnkgaulyrscjp7ldt26x8gfxck5,171940000,
0b480ca0f92e4d5fca9ac81b678ed7f3346c889ca57f2e02246a5a077e013e5a,2023-12-12T07:35:58.401000,received,kaspa:qypswxtcrv4ssyjaswy5w9387vq73mkuyq85tl34cee6qn5uexqy0csgnafnjx7,171000000,
700dc6f03347ac9d535578c0bdac08906d41801179e2ea9ced0d215f2e0e36aa,2023-11-28T09:26:11.728000,sent,kaspa:qypn9dur4hqce8xeva0d2s3whpqy4scnajj65dg9r8dpc4jc3tqz3qcth80m5t0,18000000,
8b78ed50accd790231d790fad1d549ddda770322272474f69ec1077d1307d800,2023-11-27T22:53:14.305000,received,kaspa:qpj4z7muxq5rzynfd4ku407v4x4v4w7pxykpd92m370v8zpg4ywsz4n5r9cju,19000000,
