tx_id,timestamp,direction,peer_address,amount_sompi,cex_label
56b987a406f3211379582643f777a18c5d76e5e1669a2c737d77ba9e082ff08c,2025-05-23T14:03:32.048000,sent,kaspa:qr3c888td3cps8xq4ny9tdeuw8r4wety5tv4v9g8h9dqyrvkawd7qxj2wrxqx,2100000000,
56b987a406f3211379582643f777a18c5d76e5e1669a2c737d77ba9e082ff08c,2025-05-23T14:03:32.048000,sent,kaspa:qqcppezhl9v7p9hkxyezeessfj583s4wayjtl4lw5t6gqxxv88ds27harh770,310309697,
5bfd5274150e78a815b40139ec8a360adf32cd52958921769d997450d0973a66,2025-05-23T03:31:57.329000,received,kaspa:qr590lsl5fhz3mj3frqnx55tqc9qvqap43v0v5q6j3kz2yphmzgmw4q85l3fy,2360235978,
cfa25d1ede3e8197ae96390ad84a0205e8152a7a202970884a866cd091cc67ab,2025-05-18T06:42:09.620000,sent,kaspa:qr3c888td3cps8xq4ny9tdeuw8r4wety5tv4v9g8h9dqyrvkawd7qxj2wrxqx,2450000000,
cfa25d1ede3e8197ae96390ad84a0205e8152a7a202970884a866cd091cc67ab,2025-05-18T06:42:09.620000,sent,kaspa:qp0grzl4dh99cel0vphl5qnxcqlv6zqywxmhrhtetkxxw882838gstjrj597w,50076939,
a6cbb7a23035a0a1ead57b4ec76df7bc5e80b5fedbc664d8cb6bcd29f008fcda,2025-05-18T04:03:37.092000,received,kaspa:qr590lsl5fhz3mj3frqnx55tqc9qvqap43v0v5q6j3kz2yphmzgmw4q85l3fy,2489555539,
83086b4a9a653eb306f049c21eec6ae11c9844cc24278a6d7a211093dd3fccf6,2025-05-15T07:57:15.504000,sent,kaspa:qr3c888td3cps8xq4ny9tdeuw8r4wety5tv4v9g8h9dqyrvkawd7qxj2wrxqx,2600000000,
83086b4a9a653eb306f049c21eec6ae11c9844cc24278a6d7a211093dd3fccf6,2025-05-15T07:57:15.504000,sent,kaspa:qzwx5a27dj5q3ll4jdrpr4480z6k660ah72fcz7v0spjfq7ym8mr724vglfdj,10524620,
8f958e67607f47180ac7521c6350a3d3059407b12b93af1522a180eeca1d07b5,2025-05-15T03:18:25.863000,received,kaspa:qr590lsl5fhz3mj3frqnx55tqc9qvqap43v0v5q6j3kz2yphmzgmw4q85l3fy,2536661177,
7110bd0844cbc94fbafb5930e881cebe4b021e7c4adb404e43764284833af6b1,2025-05-12T17:56:46.069000,sent,kaspa:qr3c888td3cps8xq4ny9tdeuw8r4wety5tv4v9g8h9dqyrvkawd7qxj2wrxqx,2600000000,
7110bd0844cbc94fbafb5930e881cebe4b021e7c4adb404e43764284833af6b1,2025-05-12T17:56:46.069000,sent,kaspa:qplp5n50dutsnk490mdp6whqfvvz4j6q0nq4vdzp5c2qeauteke9vy2zsujky,73866663,
47190a27bf7d6e488fed7b6557c8eb7c0e3ce34fbeb4d1ee42717778fa710d4e,2025-05-12T03:22:21.816000,received,kaspa:qr590lsl5fhz3mj3frqnx55tqc9qvqap43v0v5q6j3kz2yphmzgmw4q85l3fy,2600351583,
65e4aaff25738eebbc8108ada68831182b08e51ae8be7e9b4db9f71dd62c0d1a,2025-05-09T15:52:45.666000,sent,kaspa:qr3c888td3cps8xq4ny9tdeuw8r4wety5tv4v9g8h9dqyrvkawd7qxj2wrxqx,2800000000,
65e4aaff25738eebbc8108ada68831182b08e51ae8be7e9b4db9f71dd62c0d1a,2025-05-09T15:52:45.666000,sent,kaspa:qqlq2cl2ee8xda7yqfll8avzmtutxg2p4uk70rtd42u8ehvuj9jyqmn9cn339,73518300,
287d9bd272caee263194f6e6ea0a4cabf02a47143e22ec12c797e83758484f98,2025-05-09T03:25:51.409000,received,kaspa:qr590lsl5fhz3mj3frqnx55tqc9qvqap43v0v5q6j3kz2yphmzgmw4q85l3fy,2823719437,
554bf4d02e81852692dafc31a461d68be47ed7809733e60683005aaf7aada908,2025-05-04T15:43:30.288000,sent,kaspa:qp66keaky7tqpk3vlpxg68pv4lmzcyaxxnpslavsp9eu86jpwjvlkz8jr238j,2300000000,
554bf4d02e81852692dafc31a461d68be47ed7809733e60683005aaf7aada908,2025-05-04T15:43:30.288000,sent,kaspa:qqxsp7eqwky9g9wpdl5c4q8t0v4u9z4tfus73vcwhnqpgr6jj70z52cn8ap2s,49802083,
60c32e479e920d86a876d1b8f326f544218b7a1724cf1a2eefb71bbbb4e36b7d,2025-05-04T03:22:32.101000,received,kaspa:qr590lsl5fhz3mj3frqnx55tqc9qvqap43v0v5q6j3kz2yphmzgmw4q85l3fy,2272209729,
b51c59e0240c5082d4c93a555436efe5233065198196ac696d2d350363e2432f,2025-05-01T21:41:09.912000,sent,kaspa:qp66keaky7tqpk3vlpxg68pv4lmzcyaxxnpslavsp9eu86jpwjvlkz8jr238j,3000000000,
b51c59e0240c5082d4c93a555436efe5233065198196ac696d2d350363e2432f,2025-05-01T21:41:09.912000,sent,kaspa:qq56z7p0vx4ay2ukk9e45v95m3z609n3z770lrfafztwnv82heh8u9f07wd35,77595574,
85fb64128aade49b79d2d614fd533294858a3f4b563acd1fd87eb711969e470e,2025-05-01T04:06:14.250000,received,kaspa:qr590lsl5fhz3mj3frqnx55tqc9qvqap43v0v5q6j3kz2yphmzgmw4q85l3fy,3057830799,
cbfd947f9d59397997d63bcec13174af188ad312f68e8393d25383c8863e2e55,2025-04-28T19:36:52.350000,sent,kaspa:qp66keaky7tqpk3vlpxg68pv4lmzcyaxxnpslavsp9eu86jpwjvlkz8jr238j,2900000000,
cbfd947f9d59397997d63bcec13174af188ad312f68e8393d25383c8863e2e55,2025-04-28T19:36:52.350000,sent,kaspa:qpe33lasqwensys6kqcx6v2gckmmmse8rs72lpr3am3s2r3fhvrculprru2d4,19767995,
c45ff740000d9b2beff0b461526a87483f7b29bfcc1ea3bb003b56b03d8a044a,2025-04-28T04:52:56.946000,received,kaspa:qr590lsl5fhz3mj3frqnx55tqc9qvqap43v0v5q6j3kz2yphmzgmw4q85l3fy,2854611331,
14e8db9a7c9d248371cce0f59bca53a3d908ae2f425e6d7e5e89fef589acd96d,2025-04-24T10:58:14.315000,sent,kaspa:qp66keaky7tqpk3vlpxg68pv4lmzcyaxxnpslavsp9eu86jpwjvlkz8jr238j,2200000000,
14e8db9a7c9d248371cce0f59bca53a3d908ae2f425e6d7e5e89fef589acd96d,2025-04-24T10:58:14.315000,sent,kaspa:qz8npgy2p0zqq3s33epl55xzrht32espwp888cpf3sf8yaep5l5mvd4ap9czx,65159884,
cea645d635e9c73f98c618e8929c60248fb29251d66ba2da74ce0c4c30c37a99,2025-04-24T03:29:11.191000,received,kaspa:qr590lsl5fhz3mj3frqnx55tqc9qvqap43v0v5q6j3kz2yphmzgmw4q85l3fy,2255171754,
db3a174a686f3f57915cde1c9b52ff6aa1e581740baa4d3ecce5f44965e534e8,2025-04-21T05:38:38.501000,sent,kaspa:qp66keaky7tqpk3vlpxg68pv4lmzcyaxxnpslavsp9eu86jpwjvlkz8jr238j,2400000000,
db3a174a686f3f57915cde1c9b52ff6aa1e581740baa4d3ecce5f44965e534e8,2025-04-21T05:38:38.501000,sent,kaspa:qzfja56x6uut28w47jrxjcdgdl8273pur5mlrxly4fezajkt8gu0zq3fnxt32,9991350,
4ac3295d5df1648c08634f126f2e61335ec7ec25167514313f730d62f8b90304,2025-04-21T03:20:40.411000,received,kaspa:qr590lsl5fhz3mj3frqnx55tqc9qvqap43v0v5q6j3kz2yphmzgmw4q85l3fy,2282503722,
5570b3b44a7bd3fad649bc7d2d7603712cb2034a33033548715d377e2c8bbbe5,2025-04-19T08:07:55.530000,sent,kaspa:qp66keaky7tqpk3vlpxg68pv4lmzcyaxxnpslavsp9eu86jpwjvlkz8jr238j,2700000000,
5570b3b44a7bd3fad649bc7d2d7603712cb2034a33033548715d377e2c8bbbe5,2025-04-19T08:07:55.530000,sent,kaspa:qq6jg50qvgehdpf6q3gpuh985rfc02u5x2r7wdt9paalklq2a96wy43shmdh6,127490848,
5ab6a906f52488fefc0651d0a9c4b98a84f2076426ca0b52c99a117f1eed8c3b,2025-04-19T06:48:58.971000,received,kaspa:qr590lsl5fhz3mj3frqnx55tqc9qvqap43v0v5q6j3kz2yphmzgmw4q85l3fy,2735192257,
8f376743e66a68e1233a1591e9da0b435823bae0f958e35f3fd47639df876033,2025-04-17T15:55:54.521000,sent,kaspa:qp66keaky7tqpk3vlpxg68pv4lmzcyaxxnpslavsp9eu86jpwjvlkz8jr238j,2500000000,
8f376743e66a68e1233a1591e9da0b435823bae0f958e35f3fd47639df876033,2025-04-17T15:55:54.521000,sent,kaspa:qqk7spnvxsq09e84dwhv3a8ckng3uftg2k74tnk5mzh4rlz0rc3cu5dnyqcta,92301811,
0d9b5bb58addd86f083616c62281ca1461c5ef0c5c9ea9834eca8993a2cf8a09,2025-04-15T03:21:02.212000,received,kaspa:qr590lsl5fhz3mj3frqnx55tqc9qvqap43v0v5q6j3kz2yphmzgmw4q85l3fy,2513529795,
3c7dceeff6a32b6bbd1884b8269b498c2bcccd2e1406a7ae87759b467525eb0b,2025-04-12T19:29:25.945000,sent,kaspa:qp66keaky7tqpk3vlpxg68pv4lmzcyaxxnpslavsp9eu86jpwjvlkz8jr238j,6900000000,
3c7dceeff6a32b6bbd1884b8269b498c2bcccd2e1406a7ae87759b467525eb0b,2025-04-12T19:29:25.945000,sent,kaspa:qz79yn2mhvlq2ajysyygzulpm30d6egzqka4ppk6z6q357pku6zzcf6jw4epg,78775236,
3c7dceeff6a32b6bbd1884b8269b498c2bcccd2e1406a7ae87759b467525eb0b,2025-04-12T19:29:25.945000,sent,kaspa:qp66keaky7tqpk3vlpxg68pv4lmzcyaxxnpslavsp9eu86jpwjvlkz8jr238j,6900000000,
3c7dceeff6a32b6bbd1884b8269b498c2bcccd2e1406a7ae87759b467525eb0b,2025-04-12T19:29:25.945000,sent,kaspa:qz79yn2mhvlq2ajysyygzulpm30d6egzqka4ppk6z6q357pku6zzcf6jw4epg,78775236,
3c7dceeff6a32b6bbd1884b8269b498c2bcccd2e1406a7ae87759b467525eb0b,2025-04-12T19:29:25.945000,sent,kaspa:qp66keaky7tqpk3vlpxg68pv4lmzcyaxxnpslavsp9eu86jpwjvlkz8jr238j,6900000000,
3c7dceeff6a32b6bbd1884b8269b498c2bcccd2e1406a7ae87759b467525eb0b,2025-04-12T19:29:25.945000,sent,kaspa:qz79yn2mhvlq2ajysyygzulpm30d6egzqka4ppk6z6q357pku6zzcf6jw4epg,78775236,
03f99ba5da704d137b011a63611563c71701205117a6f55150d695f213b9ee31,2025-04-11T05:42:03.654000,received,kaspa:qr590lsl5fhz3mj3frqnx55tqc9qvqap43v0v5q6j3kz2yphmzgmw4q85l3fy,2831261300,
6ede5d1fcd5284bb2d4c76ae79f3e88af530ce5aee164b60c54b71c376f56245,2025-04-07T02:56:23.342000,received,kaspa:qr590lsl5fhz3mj3frqnx55tqc9qvqap43v0v5q6j3kz2yphmzgmw4q85l3fy,2021219357,
ecbb9ab740d87d252ebacfbfa20331fc6fc354020a6184cdd6cb7065ae175b76,2025-04-03T03:00:40.096000,received,kaspa:qr590lsl5fhz3mj3frqnx55tqc9qvqap43v0v5q6j3kz2yphmzgmw4q85l3fy,2074396897,
ea728733ec392deba934341a26f0f79c3af733a1e76e49df421837e1be3e212d,2025-03-30T07:27:08.424000,sent,kaspa:qp66keaky7tqpk3vlpxg68pv4lmzcyaxxnpslavsp9eu86jpwjvlkz8jr238j,2100000000,
ea728733ec392deba934341a26f0f79c3af733a1e76e49df421837e1be3e212d,2025-03-30T07:27:08.424000,sent,kaspa:qqz6jcsdntdamcqx3ghn7gw7a3f7njapzkf65yqej3qq2q9pkeh87pcavesqd,51903204,
408b0dd0cc4de0ea04d82f792ee08fa06373144e4699df28a9be8529a00916de,2025-03-30T03:50:14.902000,received,kaspa:qr590lsl5fhz3mj3frqnx55tqc9qvqap43v0v5q6j3kz2yphmzgmw4q85l3fy,2118278277,
1f2b42c0f780628fa60e340a21cac331c9f1aec66146a73f4863dbeead22741a,2025-03-29T16:51:03.390000,sent,kaspa:qp66keaky7tqpk3vlpxg68pv4lmzcyaxxnpslavsp9eu86jpwjvlkz8jr238j,2800000000,
1f2b42c0f780628fa60e340a21cac331c9f1aec66146a73f4863dbeead22741a,2025-03-29T16:51:03.390000,sent,kaspa:qz8m8vcl4xw03rdgl2tk6at2h49e7k6s3hddgtlvvagsfgjm44wfzrtpfacve,33628147,
a3a3f14024b406aaa6043918f3953f84161b2b60de0821262d36eed9c6706fb6,2025-03-22T03:00:59.202000,received,kaspa:qr590lsl5fhz3mj3frqnx55tqc9qvqap43v0v5q6j3kz2yphmzgmw4q85l3fy,2253140241,
03321340f5d751a63ccb2064fd1105a5262d60207ea04c085fbe2108a061dbd9,2025-03-16T10:09:26.517000,sent,kaspa:qp66keaky7tqpk3vlpxg68pv4lmzcyaxxnpslavsp9eu86jpwjvlkz8jr238j,9999992176,
03321340f5d751a63ccb2064fd1105a5262d60207ea04c085fbe2108a061dbd9,2025-03-16T10:09:26.517000,sent,kaspa:qrwzm8eqj44m7w6tn2lyfcxte2zkerdj350jeppcfr5r5l52fx87jlzes2suj,580491126,
03321340f5d751a63ccb2064fd1105a5262d60207ea04c085fbe2108a061dbd9,2025-03-16T10:09:26.517000,sent,kaspa:qp66keaky7tqpk3vlpxg68pv4lmzcyaxxnpslavsp9eu86jpwjvlkz8jr238j,9999992176,
03321340f5d751a63ccb2064fd1105a5262d60207ea04c085fbe2108a061dbd9,2025-03-16T10:09:26.517000,sent,kaspa:qrwzm8eqj44m7w6tn2lyfcxte2zkerdj350jeppcfr5r5l52fx87jlzes2suj,580491126,
03321340f5d751a63ccb2064fd1105a5262d60207ea04c085fbe2108a061dbd9,2025-03-16T10:09:26.517000,sent,kaspa:qp66keaky7tqpk3vlpxg68pv4lmzcyaxxnpslavsp9eu86jpwjvlkz8jr238j,9999992176,
03321340f5d751a63ccb2064fd1105a5262d60207ea04c085fbe2108a061dbd9,2025-03-16T10:09:26.517000,sent,kaspa:qrwzm8eqj44m7w6tn2lyfcxte2zkerdj350jeppcfr5r5l52fx87jlzes2suj,580491126,
03321340f5d751a63ccb2064fd1105a5262d60207ea04c085fbe2108a061dbd9,2025-03-16T10:09:26.517000,sent,kaspa:qp66keaky7tqpk3vlpxg68pv4lmzcyaxxnpslavsp9eu86jpwjvlkz8jr238j,9999992176,
03321340f5d751a63ccb2064fd1105a5262d60207ea04c085fbe2108a061dbd9,2025-03-16T10:09:26.517000,sent,kaspa:qrwzm8eqj44m7w6tn2lyfcxte2zkerdj350jeppcfr5r5l52fx87jlzes2suj,580491126,
03321340f5d751a63ccb2064fd1105a5262d60207ea04c085fbe2108a061dbd9,2025-03-16T10:09:26.517000,sent,kaspa:qp66keaky7tqpk3vlpxg68pv4lmzcyaxxnpslavsp9eu86jpwjvlkz8jr238j,9999992176,
03321340f5d751a63ccb2064fd1105a5262d60207ea04c085fbe2108a061dbd9,2025-03-16T10:09:26.517000,sent,kaspa:qrwzm8eqj44m7w6tn2lyfcxte2zkerdj350jeppcfr5r5l52fx87jlzes2suj,580491126,
4d7c82b44f11c9eacc069e89d06be763f67acb1cd635150d2738d52af112472b,2025-03-15T02:54:49.309000,received,kaspa:qr590lsl5fhz3mj3frqnx55tqc9qvqap43v0v5q6j3kz2yphmzgmw4q85l3fy,2215061095,
9625739ae8cca1b30f3a2edf18a7b95dcae27357f800d1a975290774013130ad,2025-03-05T03:19:45.926000,received,kaspa:qr590lsl5fhz3mj3frqnx55tqc9qvqap43v0v5q6j3kz2yphmzgmw4q85l3fy,2029725976,
42898d17695de20baf93e6ba4a8189a0b43386907a3679adbeaa618706516146,2025-02-24T06:29:28.998000,received,kaspa:qr590lsl5fhz3mj3frqnx55tqc9qvqap43v0v5q6j3kz2yphmzgmw4q85l3fy,2079716184,
5b3c0c890bb4531966a2b4a02be732a1b34392262ebc3859c10f79b0a5f6ea72,2025-02-15T02:59:29.400000,received,kaspa:qr590lsl5fhz3mj3frqnx55tqc9qvqap43v0v5q6j3kz2yphmzgmw4q85l3fy,2101639119,
f8c5c47548a3b9fdcf662bcb5e5f799e3066da5d26d29180b9c820fb6cde7d40,2025-02-10T03:23:45.856000,received,kaspa:qr590lsl5fhz3mj3frqnx55tqc9qvqap43v0v5q6j3kz2yphmzgmw4q85l3fy,2141082642,
f3912e01b27c27d2d75d8710d08e46781c966478d21e692cd11cdbb86f9b7780,2025-01-23T15:53:50.611000,sent,kaspa:qp66keaky7tqpk3vlpxg68pv4lmzcyaxxnpslavsp9eu86jpwjvlkz8jr238j,2400000000,
f3912e01b27c27d2d75d8710d08e46781c966478d21e692cd11cdbb86f9b7780,2025-01-23T15:53:50.611000,sent,kaspa:qqnep9eqs3vtcas6pgnfe237k0u6h2ez9n08cxy2fw8nfmtesaxjs684vlac9,13266110,
642a1fa7f123526e1695f648248db973c944f6077cef50a92760d0b866e0021d,2025-01-19T02:35:12.418000,received,kaspa:qr590lsl5fhz3mj3frqnx55tqc9qvqap43v0v5q6j3kz2yphmzgmw4q85l3fy,2329904146,
fc01f1f81b3d6fa4e8eed8b6de99cbd3a598d8c28fb22b7f905f0bcf5c8b8987,2025-01-18T08:19:44.455000,sent,kaspa:qp66keaky7tqpk3vlpxg68pv4lmzcyaxxnpslavsp9eu86jpwjvlkz8jr238j,6500000000,
fc01f1f81b3d6fa4e8eed8b6de99cbd3a598d8c28fb22b7f905f0bcf5c8b8987,2025-01-18T08:19:44.455000,sent,kaspa:qzzcrvd4ncqw5fndrghk5rgket9smhc64qwllcjd6pv0egffjadgjpscp5wqg,83365184,
fc01f1f81b3d6fa4e8eed8b6de99cbd3a598d8c28fb22b7f905f0bcf5c8b8987,2025-01-18T08:19:44.455000,sent,kaspa:qp66keaky7tqpk3vlpxg68pv4lmzcyaxxnpslavsp9eu86jpwjvlkz8jr238j,6500000000,
fc01f1f81b3d6fa4e8eed8b6de99cbd3a598d8c28fb22b7f905f0bcf5c8b8987,2025-01-18T08:19:44.455000,sent,kaspa:qzzcrvd4ncqw5fndrghk5rgket9smhc64qwllcjd6pv0egffjadgjpscp5wqg,83365184,
fc01f1f81b3d6fa4e8eed8b6de99cbd3a598d8c28fb22b7f905f0bcf5c8b8987,2025-01-18T08:19:44.455000,sent,kaspa:qp66keaky7tqpk3vlpxg68pv4lmzcyaxxnpslavsp9eu86jpwjvlkz8jr238j,6500000000,
fc01f1f81b3d6fa4e8eed8b6de99cbd3a598d8c28fb22b7f905f0bcf5c8b8987,2025-01-18T08:19:44.455000,sent,kaspa:qzzcrvd4ncqw5fndrghk5rgket9smhc64qwllcjd6pv0egffjadgjpscp5wqg,83365184,
d1024464d548f216b17374e0b92f371265458ce4d8aad51acf8b0309fc6be056,2025-01-09T02:43:32.379000,received,kaspa:qr590lsl5fhz3mj3frqnx55tqc9qvqap43v0v5q6j3kz2yphmzgmw4q85l3fy,2107512267,
7181ffee4210ba4117caf0eb71fba2ed1379e003706e4afffe2ba20d8e4b9f6a,2024-12-30T03:28:55.810000,received,kaspa:qr590lsl5fhz3mj3frqnx55tqc9qvqap43v0v5q6j3kz2yphmzgmw4q85l3fy,2178503246,
2c147d3b38ee753bebba857a3af0de619d9b4e0e6c243478263732c78c8e2491,2024-12-20T02:39:38.428000,received,kaspa:qr590lsl5fhz3mj3frqnx55tqc9qvqap43v0v5q6j3kz2yphmzgmw4q85l3fy,2138652597,
81aab068e0929a438421965d2df0a8ec199f6a269e9765f06089b8b3bf1decca,2024-12-15T09:06:32.267000,sent,kaspa:qp66keaky7tqpk3vlpxg68pv4lmzcyaxxnpslavsp9eu86jpwjvlkz8jr238j,2200000000,
81aab068e0929a438421965d2df0a8ec199f6a269e9765f06089b8b3bf1decca,2024-12-15T09:06:32.267000,sent,kaspa:qqz4jac37p898n57v7vu9z7y7q3y4hqgs0yyy6myq570ntd7cquvqsg278sxy,158702596,
5f855f3a057acff19412499c3aa2d748234913460ada2a62cecde3bf7ba1b383,2024-12-13T03:58:09.622000,received,kaspa:qr590lsl5fhz3mj3frqnx55tqc9qvqap43v0v5q6j3kz2yphmzgmw4q85l3fy,2294601406,
f69ed5616ef0a7c989867d7545fcc1074c7562f5721745000dda13aaf96f64b5,2024-12-06T21:06:17.465000,sent,kaspa:qp66keaky7tqpk3vlpxg68pv4lmzcyaxxnpslavsp9eu86jpwjvlkz8jr238j,2100000000,
f69ed5616ef0a7c989867d7545fcc1074c7562f5721745000dda13aaf96f64b5,2024-12-06T21:06:17.465000,sent,kaspa:qptvmhr66plwu3nms46xk3dwdjvg29j39wlf6tkcpzqx6yagzr8m65xktc5nm,64104410,
de4d159ffb6e0b3225d4d9d73ee42c82f6660d83ca8c14793221b1b01eca8ff3,2024-12-06T03:01:09.290000,received,kaspa:qr590lsl5fhz3mj3frqnx55tqc9qvqap43v0v5q6j3kz2yphmzgmw4q85l3fy,2077351817,
81e395476b7a93df49b78a13e814537a5f0624a287f3bd76a7c157762355be05,2024-11-30T07:58:06.930000,sent,kaspa:qp66keaky7tqpk3vlpxg68pv4lmzcyaxxnpslavsp9eu86jpwjvlkz8jr238j,2100000000,
81e395476b7a93df49b78a13e814537a5f0624a287f3bd76a7c157762355be05,2024-11-30T07:58:06.930000,sent,kaspa:qrtvegjtsn822srtxun23vl0m5p69xycwzf7z0m4vc55ygwcuvcjqpkazsz59,86755813,
0a5929f1f288c8de96e219655ac8858a9996f551e873fa007044061b89d499a4,2024-11-29T04:03:14.471000,received,kaspa:qr590lsl5fhz3mj3frqnx55tqc9qvqap43v0v5q6j3kz2yphmzgmw4q85l3fy,2099876663,
19f32b9f00a0d5fffd864782c7c644b504633a4b56ef7d48991695a2e77580fa,2024-11-23T13:19:41.687000,sent,kaspa:qp66keaky7tqpk3vlpxg68pv4lmzcyaxxnpslavsp9eu86jpwjvlkz8jr238j,2100000000,
19f32b9f00a0d5fffd864782c7c644b504633a4b56ef7d48991695a2e77580fa,2024-11-23T13:19:41.687000,sent,kaspa:qzgq6zhqlh55mcmww3jtwcntx9ygyedl9g8w3teu2v0nnjp6t8e4j2x63t2zx,86882370,
90d7679ba38a2234b9012a11755e4c19abde77fc4f932a178e64ea2081dbb8df,2024-11-23T03:25:37.380000,received,kaspa:qr590lsl5fhz3mj3frqnx55tqc9qvqap43v0v5q6j3kz2yphmzgmw4q85l3fy,2166657364,
20ea83c8dc9c3dc79ad48a556c30c1b04c68e481c34f850c03424ee44272cbd5,2024-11-16T09:23:41.251000,sent,kaspa:qp66keaky7tqpk3vlpxg68pv4lmzcyaxxnpslavsp9eu86jpwjvlkz8jr238j,4400000000,
20ea83c8dc9c3dc79ad48a556c30c1b04c68e481c34f850c03424ee44272cbd5,2024-11-16T09:23:41.251000,sent,kaspa:qrvwjke5u8qlelavncmzvyj6alkc4rcv4h3eg8tze9hfkxef9ul82d6gpnrez,20228226,
20ea83c8dc9c3dc79ad48a556c30c1b04c68e481c34f850c03424ee44272cbd5,2024-11-16T09:23:41.251000,sent,kaspa:qp66keaky7tqpk3vlpxg68pv4lmzcyaxxnpslavsp9eu86jpwjvlkz8jr238j,4400000000,
20ea83c8dc9c3dc79ad48a556c30c1b04c68e481c34f850c03424ee44272cbd5,2024-11-16T09:23:41.251000,sent,kaspa:qrvwjke5u8qlelavncmzvyj6alkc4rcv4h3eg8tze9hfkxef9ul82d6gpnrez,20228226,
0b3d82ca08794ad5a26acf3b05ced8693216f1af9d79ecdc65a65ffb77416124,2024-11-16T03:20:50.966000,received,kaspa:qr590lsl5fhz3mj3frqnx55tqc9qvqap43v0v5q6j3kz2yphmzgmw4q85l3fy,2203964743,
807cb15cf29b26900c9327473d8292ad5e8049e799d3eff7a0fdc6bc67b177bc,2024-11-08T03:24:15.642000,received,kaspa:qr590lsl5fhz3mj3frqnx55tqc9qvqap43v0v5q6j3kz2yphmzgmw4q85l3fy,2175695880,
99efe6eefac181d497d70678441cd857505db097aedcf08fd6460cf3c0d65621,2024-11-03T10:00:49.526000,sent,kaspa:qp66keaky7tqpk3vlpxg68pv4lmzcyaxxnpslavsp9eu86jpwjvlkz8jr238j,2500000000,
99efe6eefac181d497d70678441cd857505db097aedcf08fd6460cf3c0d65621,2024-11-03T10:00:49.526000,sent,kaspa:qpgpqjh2j2l34f3cceh42yrjsqtf7d4npy0wre67r4r5mcy7h9geqvde4mjcy,40571974,
6d7aadd722601c3b6d04092ba5f51ae30b66fa7ffa03da8b8d79361f820a171c,2024-11-03T03:39:51.839000,received,kaspa:qr590lsl5fhz3mj3frqnx55tqc9qvqap43v0v5q6j3kz2yphmzgmw4q85l3fy,2512113177,
3508f003ea05ff1f5f7e353b2d29f981e045a25b46c614c31935e5f6fffaa073,2024-10-28T05:20:05.186000,sent,kaspa:qp66keaky7tqpk3vlpxg68pv4lmzcyaxxnpslavsp9eu86jpwjvlkz8jr238j,2400000000,
3508f003ea05ff1f5f7e353b2d29f981e045a25b46c614c31935e5f6fffaa073,2024-10-28T05:20:05.186000,sent,kaspa:qqtzgwxmcsknn6yf8telutxav98nr2t438cvcle2unxd9wlaygfust9h45cuf,28462017,
5c2201f628642bfd40193d59d28a47937564da9009b35f3be1ff9ad60794b271,2024-10-28T05:05:06.209000,received,kaspa:qr590lsl5fhz3mj3frqnx55tqc9qvqap43v0v5q6j3kz2yphmzgmw4q85l3fy,2270392931,
34df17e455151ea673706f0faaf5d71ae99806011b2862198e740b024d095667,2024-10-24T05:04:51.443000,sent,kaspa:qp66keaky7tqpk3vlpxg68pv4lmzcyaxxnpslavsp9eu86jpwjvlkz8jr238j,2300000000,
34df17e455151ea673706f0faaf5d71ae99806011b2862198e740b024d095667,2024-10-24T05:04:51.443000,sent,kaspa:qqwaqexgd8gs68jhf75jjr6sxv6q752ng28mtjauc0z46kee654fvm268zke8,158072306,
e600c01f9f8beff50916501a94deeb16756da9bfd58c14a357eb83e27e66910b,2024-10-23T05:39:31.652000,received,kaspa:qr590lsl5fhz3mj3frqnx55tqc9qvqap43v0v5q6j3kz2yphmzgmw4q85l3fy,2345605036,
e600c01f9f8beff50916501a94deeb16756da9bfd58c14a357eb83e27e66910b,2024-10-23T05:39:31.652000,received,kaspa:qr590lsl5fhz3mj3frqnx55tqc9qvqap43v0v5q6j3kz2yphmzgmw4q85l3fy,2345605036,
2f1b636011d2eaa1927e1cb12cb000a7886725b7013d93eb4bc8a91584631be9,2024-10-21T16:44:10.494000,sent,kaspa:qp66keaky7tqpk3vlpxg68pv4lmzcyaxxnpslavsp9eu86jpwjvlkz8jr238j,2400000000,
2f1b636011d2eaa1927e1cb12cb000a7886725b7013d93eb4bc8a91584631be9,2024-10-21T16:44:10.494000,sent,kaspa:qzc8wjpx8felw38expu680v7eg6mnlfwue8yx9kwpgxg7mxfpqsyj9gqy8qvv,112470490,
fed06cb5ec7bd1b64d9ceb1b6393a5ad66d322e43828d0cb8a94ccd79fbf96c7,2024-10-21T03:09:12,received,kaspa:qr590lsl5fhz3mj3frqnx55tqc9qvqap43v0v5q6j3kz2yphmzgmw4q85l3fy,2416451334,
4335e04b35b00acf37470d5267515c9ac5e93b8ec51befeadf9fc0985db42879,2024-10-17T17:41:04.599000,sent,kaspa:qp66keaky7tqpk3vlpxg68pv4lmzcyaxxnpslavsp9eu86jpwjvlkz8jr238j,4800000000,
4335e04b35b00acf37470d5267515c9ac5e93b8ec51befeadf9fc0985db42879,2024-10-17T17:41:04.599000,sent,kaspa:qzvnz4jqtxawcfcrkjwwapxnf8n4t3drxv7twmv5dmq3asrcj6l6y3gt5asav,96022376,
4335e04b35b00acf37470d5267515c9ac5e93b8ec51befeadf9fc0985db42879,2024-10-17T17:41:04.599000,sent,kaspa:qp66keaky7tqpk3vlpxg68pv4lmzcyaxxnpslavsp9eu86jpwjvlkz8jr238j,4800000000,
4335e04b35b00acf37470d5267515c9ac5e93b8ec51befeadf9fc0985db42879,2024-10-17T17:41:04.599000,sent,kaspa:qzvnz4jqtxawcfcrkjwwapxnf8n4t3drxv7twmv5dmq3asrcj6l6y3gt5asav,96022376,
f8b5dbb3e803f23e0cdf390f2f9fa71eabaa90d8bb3b2531d0c6c1bb55c52a60,2024-10-17T02:38:44.321000,received,kaspa:qr590lsl5fhz3mj3frqnx55tqc9qvqap43v0v5q6j3kz2yphmzgmw4q85l3fy,2070222423,
fe0fe27736ddc35375425e28fa8ee1ff2be974e365da1b1a908a080c665ee092,2024-10-12T03:09:13.649000,received,kaspa:qr590lsl5fhz3mj3frqnx55tqc9qvqap43v0v5q6j3kz2yphmzgmw4q85l3fy,2424417659,
c560771fab00685164f5fa54d2e2620241346ed8bdda7824780feca6a9354ff9,2024-10-08T05:00:15.571000,sent,kaspa:qp66keaky7tqpk3vlpxg68pv4lmzcyaxxnpslavsp9eu86jpwjvlkz8jr238j,2000000000,
c560771fab00685164f5fa54d2e2620241346ed8bdda7824780feca6a9354ff9,2024-10-08T05:00:15.571000,sent,kaspa:qqfxt4gfzrnhvf7tlf6uctf5ttyzmua0l2fzj3s989y8q2r8hzsh7jap4vtt5,401386665,
297762d94bfe70560c08d5e416c4268a9009aff95c368cb7c33327b51ad76c89,2024-10-07T02:39:41.271000,received,kaspa:qr590lsl5fhz3mj3frqnx55tqc9qvqap43v0v5q6j3kz2yphmzgmw4q85l3fy,2191852521,
f2eb3e959356c01fc6c10ee105436dcf57a1d932d6c7e4bd4c19a56718003b4c,2024-10-05T01:30:59.957000,sent,kaspa:qp66keaky7tqpk3vlpxg68pv4lmzcyaxxnpslavsp9eu86jpwjvlkz8jr238j,4499995629,
f2eb3e959356c01fc6c10ee105436dcf57a1d932d6c7e4bd4c19a56718003b4c,2024-10-05T01:30:59.957000,sent,kaspa:qzx690uzaradd53pjdk23gj0jlu74t7t3sfa0ph5f29wg3d754s4vrlf329z3,209537364,
f2eb3e959356c01fc6c10ee105436dcf57a1d932d6c7e4bd4c19a56718003b4c,2024-10-05T01:30:59.957000,sent,kaspa:qp66keaky7tqpk3vlpxg68pv4lmzcyaxxnpslavsp9eu86jpwjvlkz8jr238j,4499995629,
f2eb3e959356c01fc6c10ee105436dcf57a1d932d6c7e4bd4c19a56718003b4c,2024-10-05T01:30:59.957000,sent,kaspa:qzx690uzaradd53pjdk23gj0jlu74t7t3sfa0ph5f29wg3d754s4vrlf329z3,209537364,
eff2b837f774ddeb8fd0cdec73f0f38c93dc9881c46ccf838eed252a3bccfa53,2024-10-04T03:33:06.775000,received,kaspa:qr590lsl5fhz3mj3frqnx55tqc9qvqap43v0v5q6j3kz2yphmzgmw4q85l3fy,2244237988,
8afc7757dff13ec57044c4b7130de40ed06085569f8039eecf5f599287bc31b1,2024-09-30T03:43:55.624000,received,kaspa:qr590lsl5fhz3mj3frqnx55tqc9qvqap43v0v5q6j3kz2yphmzgmw4q85l3fy,2424549344,
e73fe635afac579c1a5ebf479f70b541a2a270422e534814d2ca6755cecbd4fb,2024-09-28T06:01:26.358000,sent,kaspa:qp66keaky7tqpk3vlpxg68pv4lmzcyaxxnpslavsp9eu86jpwjvlkz8jr238j,12499993327,
e73fe635afac579c1a5ebf479f70b541a2a270422e534814d2ca6755cecbd4fb,2024-09-28T06:01:26.358000,sent,kaspa:qpp5yapsgcsvknepz0xayd09x0wqa4l44flt2yyy8hnp28yh7mgk65z4dwqfy,40750032,
e73fe635afac579c1a5ebf479f70b541a2a270422e534814d2ca6755cecbd4fb,2024-09-28T06:01:26.358000,sent,kaspa:qp66keaky7tqpk3vlpxg68pv4lmzcyaxxnpslavsp9eu86jpwjvlkz8jr238j,12499993327,
e73fe635afac579c1a5ebf479f70b541a2a270422e534814d2ca6755cecbd4fb,2024-09-28T06:01:26.358000,sent,kaspa:qpp5yapsgcsvknepz0xayd09x0wqa4l44flt2yyy8hnp28yh7mgk65z4dwqfy,40750032,
e73fe635afac579c1a5ebf479f70b541a2a270422e534814d2ca6755cecbd4fb,2024-09-28T06:01:26.358000,sent,kaspa:qp66keaky7tqpk3vlpxg68pv4lmzcyaxxnpslavsp9eu86jpwjvlkz8jr238j,12499993327,
e73fe635afac579c1a5ebf479f70b541a2a270422e534814d2ca6755cecbd4fb,2024-09-28T06:01:26.358000,sent,kaspa:qpp5yapsgcsvknepz0xayd09x0wqa4l44flt2yyy8hnp28yh7mgk65z4dwqfy,40750032,
e73fe635afac579c1a5ebf479f70b541a2a270422e534814d2ca6755cecbd4fb,2024-09-28T06:01:26.358000,sent,kaspa:qp66keaky7tqpk3vlpxg68pv4lmzcyaxxnpslavsp9eu86jpwjvlkz8jr238j,12499993327,
e73fe635afac579c1a5ebf479f70b541a2a270422e534814d2ca6755cecbd4fb,2024-09-28T06:01:26.358000,sent,kaspa:qpp5yapsgcsvknepz0xayd09x0wqa4l44flt2yyy8hnp28yh7mgk65z4dwqfy,40750032,
7e9355e8e60f80ad9d50fe783d3cc51de317bd9545652e398d3a57a4a53bab76,2024-09-28T03:14:44.786000,received,kaspa:qr590lsl5fhz3mj3frqnx55tqc9qvqap43v0v5q6j3kz2yphmzgmw4q85l3fy,2256639233,
fe18d0c8bf558c3d721ed3e840e5a1fba80463a2445e6a131369162968cbe8ab,2024-09-27T04:09:28.127000,received,kaspa:qr590lsl5fhz3mj3frqnx55tqc9qvqap43v0v5q6j3kz2yphmzgmw4q85l3fy,2879287136,
b0606b7ca4c1d79b9e09081329c50152e87b9899ae1839faf6b1cff0d537c3a5,2024-09-26T05:13:11.068000,received,kaspa:qr590lsl5fhz3mj3frqnx55tqc9qvqap43v0v5q6j3kz2yphmzgmw4q85l3fy,2195921994,
1796962ba6e0312ed561d8559934355e0f54afc65555e98c022c4f820e05f837,2024-09-25T03:20:15.712000,received,kaspa:qr590lsl5fhz3mj3frqnx55tqc9qvqap43v0v5q6j3kz2yphmzgmw4q85l3fy,3055434318,
18e0080ea462ccc8e03262ffd215a4ca8de8eae833d945a05f6a14e9811b8187,2024-09-24T05:06:26.971000,sent,kaspa:qp66keaky7tqpk3vlpxg68pv4lmzcyaxxnpslavsp9eu86jpwjvlkz8jr238j,20000000000,
18e0080ea462ccc8e03262ffd215a4ca8de8eae833d945a05f6a14e9811b8187,2024-09-24T05:06:26.971000,sent,kaspa:qr23kvj2nsru8c3xwz5t8aqpt2xzkzjzjsw4dxta8j427n0epre22uq9xcc5f,2153467351,
18e0080ea462ccc8e03262ffd215a4ca8de8eae833d945a05f6a14e9811b8187,2024-09-24T05:06:26.971000,sent,kaspa:qp66keaky7tqpk3vlpxg68pv4lmzcyaxxnpslavsp9eu86jpwjvlkz8jr238j,20000000000,
18e0080ea462ccc8e03262ffd215a4ca8de8eae833d945a05f6a14e9811b8187,2024-09-24T05:06:26.971000,sent,kaspa:qr23kvj2nsru8c3xwz5t8aqpt2xzkzjzjsw4dxta8j427n0epre22uq9xcc5f,2153467351,
18e0080ea462ccc8e03262ffd215a4ca8de8eae833d945a05f6a14e9811b8187,2024-09-24T05:06:26.971000,sent,kaspa:qp66keaky7tqpk3vlpxg68pv4lmzcyaxxnpslavsp9eu86jpwjvlkz8jr238j,20000000000,
18e0080ea462ccc8e03262ffd215a4ca8de8eae833d945a05f6a14e9811b8187,2024-09-24T05:06:26.971000,sent,kaspa:qr23kvj2nsru8c3xwz5t8aqpt2xzkzjzjsw4dxta8j427n0epre22uq9xcc5f,2153467351,
18e0080ea462ccc8e03262ffd215a4ca8de8eae833d945a05f6a14e9811b8187,2024-09-24T05:06:26.971000,sent,kaspa:qp66keaky7tqpk3vlpxg68pv4lmzcyaxxnpslavsp9eu86jpwjvlkz8jr238j,20000000000,
18e0080ea462ccc8e03262ffd215a4ca8de8eae833d945a05f6a14e9811b8187,2024-09-24T05:06:26.971000,sent,kaspa:qr23kvj2nsru8c3xwz5t8aqpt2xzkzjzjsw4dxta8j427n0epre22uq9xcc5f,2153467351,
18e0080ea462ccc8e03262ffd215a4ca8de8eae833d945a05f6a14e9811b8187,2024-09-24T05:06:26.971000,sent,kaspa:qp66keaky7tqpk3vlpxg68pv4lmzcyaxxnpslavsp9eu86jpwjvlkz8jr238j,20000000000,
18e0080ea462ccc8e03262ffd215a4ca8de8eae833d945a05f6a14e9811b8187,2024-09-24T05:06:26.971000,sent,kaspa:qr23kvj2nsru8c3xwz5t8aqpt2xzkzjzjsw4dxta8j427n0epre22uq9xcc5f,2153467351,
18e0080ea462ccc8e03262ffd215a4ca8de8eae833d945a05f6a14e9811b8187,2024-09-24T05:06:26.971000,sent,kaspa:qp66keaky7tqpk3vlpxg68pv4lmzcyaxxnpslavsp9eu86jpwjvlkz8jr238j,20000000000,
18e0080ea462ccc8e03262ffd215a4ca8de8eae833d945a05f6a14e9811b8187,2024-09-24T05:06:26.971000,sent,kaspa:qr23kvj2nsru8c3xwz5t8aqpt2xzkzjzjsw4dxta8j427n0epre22uq9xcc5f,2153467351,
18e0080ea462ccc8e03262ffd215a4ca8de8eae833d945a05f6a14e9811b8187,2024-09-24T05:06:26.971000,sent,kaspa:qp66keaky7tqpk3vlpxg68pv4lmzcyaxxnpslavsp9eu86jpwjvlkz8jr238j,20000000000,
18e0080ea462ccc8e03262ffd215a4ca8de8eae833d945a05f6a14e9811b8187,2024-09-24T05:06:26.971000,sent,kaspa:qr23kvj2nsru8c3xwz5t8aqpt2xzkzjzjsw4dxta8j427n0epre22uq9xcc5f,2153467351,
669f4e4ff1896d522975ed267b0ecb3793ab40340f2125639f8c09eca8ef7c84,2024-09-24T03:19:05.948000,received,kaspa:qr590lsl5fhz3mj3frqnx55tqc9qvqap43v0v5q6j3kz2yphmzgmw4q85l3fy,2282568130,
2d8ea1f6192b5a2ddce9e49e26f54301f12cac49801af3bd82aef3d8d5a75de2,2024-09-23T03:07:22.523000,received,kaspa:qr590lsl5fhz3mj3frqnx55tqc9qvqap43v0v5q6j3kz2yphmzgmw4q85l3fy,2304693367,
c40d63499d0270d81c6a4cec6529ca6a0717c6c38bec5738c0218e4d0c2a6f6e,2024-09-22T05:08:34.520000,received,kaspa:qr590lsl5fhz3mj3frqnx55tqc9qvqap43v0v5q6j3kz2yphmzgmw4q85l3fy,2923018406,
7e80b4260979379c19f50ccd4a796b81235fa1dafc0d5b7c4ed9a7b41ee892a4,2024-09-21T04:55:53.117000,received,kaspa:qr590lsl5fhz3mj3frqnx55tqc9qvqap43v0v5q6j3kz2yphmzgmw4q85l3fy,2892215311,
e9dec990f26f23fcaec4187b80eada1ef13d3c97b8bce91779c376a021df5d6f,2024-09-20T08:20:29.978000,received,kaspa:qr590lsl5fhz3mj3frqnx55tqc9qvqap43v0v5q6j3kz2yphmzgmw4q85l3fy,2757299072,
4506d25520ffcd0255c5220df294d88335f89db94fd5f25cd1336b451a3d21d7,2024-09-19T07:14:24.022000,received,kaspa:qr590lsl5fhz3mj3frqnx55tqc9qvqap43v0v5q6j3kz2yphmzgmw4q85l3fy,2582211641,
07df386a3549fa99ba4ef1ae5ba29f15638af4b9254d08a4586955d87db93f93,2024-09-19T02:09:37.246000,received,kaspa:qr590lsl5fhz3mj3frqnx55tqc9qvqap43v0v5q6j3kz2yphmzgmw4q85l3fy,6328481998,
3a92d29f20ce28d0b4cd03b016ec8943e69fbb2283970efd3ccb3b9b84884e64,2024-08-24T10:38:10.460000,sent,kaspa:qp66keaky7tqpk3vlpxg68pv4lmzcyaxxnpslavsp9eu86jpwjvlkz8jr238j,2700000000,
3a92d29f20ce28d0b4cd03b016ec8943e69fbb2283970efd3ccb3b9b84884e64,2024-08-24T10:38:10.460000,sent,kaspa:qrlw0m4zfjmcpqezukn9k76m0fmmyrsxpptdtqvq2tvm4ckcgwmczkhnhahdz,82989552,
d3cf1b086eddd5b832a0e0606319cdd2e9110126fe8c05110f6f3d3772a0e9ec,2024-08-24T03:48:49.875000,received,kaspa:qr590lsl5fhz3mj3frqnx55tqc9qvqap43v0v5q6j3kz2yphmzgmw4q85l3fy,2622021419,
e37e5cf6bc504a7d3f666490fac8a6390a12c6c801c4b409b19874de7038d7ee,2024-08-23T04:06:37.804000,sent,kaspa:qp66keaky7tqpk3vlpxg68pv4lmzcyaxxnpslavsp9eu86jpwjvlkz8jr238j,2599996780,
e37e5cf6bc504a7d3f666490fac8a6390a12c6c801c4b409b19874de7038d7ee,2024-08-23T04:06:37.804000,sent,kaspa:qzu03t6rfmv72u9wr9kjzcnxfpe3z54htdumvsmj6y9y5jrlxal0u7weyjec2,160971353,
accd95953e3d1c58ac7f41ef7f4b6a133b5689af9f185f24a93abd24985b29c7,2024-08-23T02:41:45.924000,received,kaspa:qr590lsl5fhz3mj3frqnx55tqc9qvqap43v0v5q6j3kz2yphmzgmw4q85l3fy,2693374511,
7c5fe719254203d87b25c31781d87bac5f369c3fdd7d8463405b10eaa5d8640f,2024-08-22T03:50:29.917000,sent,kaspa:qp66keaky7tqpk3vlpxg68pv4lmzcyaxxnpslavsp9eu86jpwjvlkz8jr238j,10099996780,
7c5fe719254203d87b25c31781d87bac5f369c3fdd7d8463405b10eaa5d8640f,2024-08-22T03:50:29.917000,sent,kaspa:qrj9k3cakdjfjdct3yuwrf08ucyzwlg24pglu794ergjanzq5axeqkgsz8g0n,67596842,
2759f8dc2fbc40077c471ab9d3f6f476736ba84a77c5b2b11d603d2006f30a4c,2024-08-22T02:42:03.727000,received,kaspa:qr590lsl5fhz3mj3frqnx55tqc9qvqap43v0v5q6j3kz2yphmzgmw4q85l3fy,10120394848,
cc51976301f9156ced551139074089e00f64dab46d6d5332b70b2e5f340b9272,2024-08-16T05:38:37.800000,sent,kaspa:qp66keaky7tqpk3vlpxg68pv4lmzcyaxxnpslavsp9eu86jpwjvlkz8jr238j,3100000000,
cc51976301f9156ced551139074089e00f64dab46d6d5332b70b2e5f340b9272,2024-08-16T05:38:37.800000,sent,kaspa:qrvdmnj6yuyncwsv5enk99tezg0rxzjex2qjk2qf8j645efxstzgqes4alsz6,47201994,
83ac17c2ac0dc5038357467b28d194b882552c8c932acf8ccc17bf14eb78582e,2024-08-16T03:12:05.261000,received,kaspa:qr590lsl5fhz3mj3frqnx55tqc9qvqap43v0v5q6j3kz2yphmzgmw4q85l3fy,3132573599,
3db85b80e912ad20cb117b0a7898609ac9da2c8aa0e628a87db8ef8e4374dc5b,2024-08-14T19:39:54,sent,kaspa:qp66keaky7tqpk3vlpxg68pv4lmzcyaxxnpslavsp9eu86jpwjvlkz8jr238j,2889996780,
3db85b80e912ad20cb117b0a7898609ac9da2c8aa0e628a87db8ef8e4374dc5b,2024-08-14T19:39:54,sent,kaspa:qrdced9j0szfh874nn6ayjw7g7duuh9sgj8hzyqp4xl63gn6kyyk5p465fqxz,14631615,
8611cf6f268187aa150a7948612fbbaee46ea9ab9578b7ea1c88ec00ae59758b,2024-08-14T04:21:57.832000,received,kaspa:qr590lsl5fhz3mj3frqnx55tqc9qvqap43v0v5q6j3kz2yphmzgmw4q85l3fy,2892669636,
caf436735017ca7cfbc9f58d0789554f2ddb27af5be567ea400bde4fdf3eb0fa,2024-08-12T06:00:44.107000,sent,kaspa:qp66keaky7tqpk3vlpxg68pv4lmzcyaxxnpslavsp9eu86jpwjvlkz8jr238j,3999996780,
caf436735017ca7cfbc9f58d0789554f2ddb27af5be567ea400bde4fdf3eb0fa,2024-08-12T06:00:44.107000,sent,kaspa:qpzguadqze3s998ph33vc4nuyzld0puvheadqklypf528d6evg792hstxxgty,11961979,
dce955ec685cfcf215c1c2029437331c8ef4e8a0504a95d3e08eed867d6a808d,2024-08-12T03:09:50.332000,received,kaspa:qr590lsl5fhz3mj3frqnx55tqc9qvqap43v0v5q6j3kz2yphmzgmw4q85l3fy,3144714379,
ea996b6c6d753032d62dba6d693d96ecd5fa43979a985e3cecda2c2c083e7cff,2024-08-10T15:25:21.810000,sent,kaspa:qp66keaky7tqpk3vlpxg68pv4lmzcyaxxnpslavsp9eu86jpwjvlkz8jr238j,2000002069,
ea996b6c6d753032d62dba6d693d96ecd5fa43979a985e3cecda2c2c083e7cff,2024-08-10T15:25:21.810000,sent,kaspa:qrkw86qghqk06psdtr8tymrwylxjd7qgv5wymx5g4wj4wre5p5z96ahye3ca2,867247600,
5982641808798ae841407b39b93062832767f0087aa1bd1fe6c7b9ac94db2793,2024-08-09T02:48:10.752000,received,kaspa:qr590lsl5fhz3mj3frqnx55tqc9qvqap43v0v5q6j3kz2yphmzgmw4q85l3fy,2867251738,
