tx_id,timestamp,direction,peer_address,amount_sompi,cex_label
c9d0bb5f0793d8cbf94c04852c8ccf7631fe60e2c1c397ef0296a73d508dd5a0,2023-12-16T05:46:14.446000,sent,kaspa:qqql6ng9zt4s46k9d6jeen6fyq498jj6mqampkfsmvrxhnwp6wek65qnjv7a0,170990000,
8686501af4d716cdcc6fb9f18489a02433491f0cc67e71264e8ab746f1de4e14,2023-12-16T05:34:04.735000,received,kaspa:qyp8vk4us67xk78zu9yc3x4ptl9xff3vg820vvqzx7gec6nk62jl3pgfp3h7hy4,171000000,
abe44807ac1eae051ae591884e3b15bfbd052a4148e40df629d1b339b90d45cb,2023-12-16T05:15:13.759000,sent,kaspa:qqql6ng9zt4s46k9d6jeen6fyq498jj6mqampkfsmvrxhnwp6wek65qnjv7a0,512970000,
abe44807ac1eae051ae591884e3b15bfbd052a4148e40df629d1b339b90d45cb,2023-12-16T05:15:13.759000,sent,kaspa:qqql6ng9zt4s46k9d6jeen6fyq498jj6mqampkfsmvrxhnwp6wek65qnjv7a0,512970000,
abe44807ac1eae051ae591884e3b15bfbd052a4148e40df629d1b339b90d45cb,2023-12-16T05:15:13.759000,sent,kaspa:qqql6ng9zt4s46k9d6jeen6fyq498jj6mqampkfsmvrxhnwp6wek65qnjv7a0,512970000,
f7d0fafb63e199e3636847aa6e21f8dfeea1dc45060222c8717708da8efb1942,2023-12-16T03:35:35.097000,received,kaspa:qyp8vk4us67xk78zu9yc3x4ptl9xff3vg820vvqzx7gec6nk62jl3pgfp3h7hy4,171000000,
ac2e8abafe51094d508b913dfd0c2c856cb3109f66d2e523200ac8694e04d3de,2023-12-16T02:58:00.486000,received,kaspa:qyp8vk4us67xk78zu9yc3x4ptl9xff3vg820vvqzx7gec6nk62jl3pgfp3h7hy4,171000000,
4eca7bb15753f08ac65aec45b1693829bb7030ba55095afde27a1b158e8c6e35,2023-12-16T02:31:42.870000,received,kaspa:qyp8vk4us67xk78zu9yc3x4ptl9xff3vg820vvqzx7gec6nk62jl3pgfp3h7hy4,171000000,
9ca4efe51749b490042742dcf912be5276617a04b5a59ca18a8206c221dae259,2023-12-16T01:22:16.591000,sent,kaspa:qqql6ng9zt4s46k9d6jeen6fyq498jj6mqampkfsmvrxhnwp6wek65qnjv7a0,3077820000,
9ca4efe51749b490042742dcf912be5276617a04b5a59ca18a8206c221dae259,2023-12-16T01:22:16.591000,sent,kaspa:qqql6ng9zt4s46k9d6jeen6fyq498jj6mqampkfsmvrxhnwp6wek65qnjv7a0,3077820000,
9ca4efe51749b490042742dcf912be5276617a04b5a59ca18a8206c221dae259,2023-12-16T01:22:16.591000,sent,kaspa:qqql6ng9zt4s46k9d6jeen6fyq498jj6mqampkfsmvrxhnwp6wek65qnjv7a0,3077820000,
9ca4efe51749b490042742dcf912be5276617a04b5a59ca18a8206c221dae259,2023-12-16T01:22:16.591000,sent,kaspa:qqql6ng9zt4s46k9d6jeen6fyq498jj6mqampkfsmvrxhnwp6wek65qnjv7a0,3077820000,
9ca4efe51749b490042742dcf912be5276617a04b5a59ca18a8206c221dae259,2023-12-16T01:22:16.591000,sent,kaspa:qqql6ng9zt4s46k9d6jeen6fyq498jj6mqampkfsmvrxhnwp6wek65qnjv7a0,3077820000,
9ca4efe51749b490042742dcf912be5276617a04b5a59ca18a8206c221dae259,2023-12-16T01:22:16.591000,sent,kaspa:qqql6ng9zt4s46k9d6jeen6fyq498jj6mqampkfsmvrxhnwp6wek65qnjv7a0,3077820000,
9ca4efe51749b490042742dcf912be5276617a04b5a59ca18a8206c221dae259,2023-12-16T01:22:16.591000,sent,kaspa:qqql6ng9zt4s46k9d6jeen6fyq498jj6mqampkfsmvrxhnwp6wek65qnjv7a0,3077820000,
9ca4efe51749b490042742dcf912be5276617a04b5a59ca18a8206c221dae259,2023-12-16T01:22:16.591000,sent,kaspa:qqql6ng9zt4s46k9d6jeen6fyq498jj6mqampkfsmvrxhnwp6wek65qnjv7a0,3077820000,
9ca4efe51749b490042742dcf912be5276617a04b5a59ca18a8206c221dae259,2023-12-16T01:22:16.591000,sent,kaspa:qqql6ng9zt4s46k9d6jeen6fyq498jj6mqampkfsmvrxhnwp6wek65qnjv7a0,3077820000,
9ca4efe51749b490042742dcf912be5276617a04b5a59ca18a8206c221dae259,2023-12-16T01:22:16.591000,sent,kaspa:qqql6ng9zt4s46k9d6jeen6fyq498jj6mqampkfsmvrxhnwp6wek65qnjv7a0,3077820000,
9ca4efe51749b490042742dcf912be5276617a04b5a59ca18a8206c221dae259,2023-12-16T01:22:16.591000,sent,kaspa:qqql6ng9zt4s46k9d6jeen6fyq498jj6mqampkfsmvrxhnwp6wek65qnjv7a0,3077820000,
9ca4efe51749b490042742dcf912be5276617a04b5a59ca18a8206c221dae259,2023-12-16T01:22:16.591000,sent,kaspa:qqql6ng9zt4s46k9d6jeen6fyq498jj6mqampkfsmvrxhnwp6wek65qnjv7a0,3077820000,
9ca4efe51749b490042742dcf912be5276617a04b5a59ca18a8206c221dae259,2023-12-16T01:22:16.591000,sent,kaspa:qqql6ng9zt4s46k9d6jeen6fyq498jj6mqampkfsmvrxhnwp6wek65qnjv7a0,3077820000,
9ca4efe51749b490042742dcf912be5276617a04b5a59ca18a8206c221dae259,2023-12-16T01:22:16.591000,sent,kaspa:qqql6ng9zt4s46k9d6jeen6fyq498jj6mqampkfsmvrxhnwp6wek65qnjv7a0,3077820000,
9ca4efe51749b490042742dcf912be5276617a04b5a59ca18a8206c221dae259,2023-12-16T01:22:16.591000,sent,kaspa:qqql6ng9zt4s46k9d6jeen6fyq498jj6mqampkfsmvrxhnwp6wek65qnjv7a0,3077820000,
9ca4efe51749b490042742dcf912be5276617a04b5a59ca18a8206c221dae259,2023-12-16T01:22:16.591000,sent,kaspa:qqql6ng9zt4s46k9d6jeen6fyq498jj6mqampkfsmvrxhnwp6wek65qnjv7a0,3077820000,
9ca4efe51749b490042742dcf912be5276617a04b5a59ca18a8206c221dae259,2023-12-16T01:22:16.591000,sent,kaspa:qqql6ng9zt4s46k9d6jeen6fyq498jj6mqampkfsmvrxhnwp6wek65qnjv7a0,3077820000,
9ca4efe51749b490042742dcf912be5276617a04b5a59ca18a8206c221dae259,2023-12-16T01:22:16.591000,sent,kaspa:qqql6ng9zt4s46k9d6jeen6fyq498jj6mqampkfsmvrxhnwp6wek65qnjv7a0,3077820000,
e48360f3ba767f2889062ccac5cde6aaa7618ce50259e5d2d9a5f8a48c0dca43,2023-12-16T00:20:35.996000,received,kaspa:qyp8vk4us67xk78zu9yc3x4ptl9xff3vg820vvqzx7gec6nk62jl3pgfp3h7hy4,171000000,
373842505b72a2064ee68573cb8303252902b03c7ce32c372d7fe44fffa8cf59,2023-12-16T00:03:10.560000,received,kaspa:qyp8vk4us67xk78zu9yc3x4ptl9xff3vg820vvqzx7gec6nk62jl3pgfp3h7hy4,171000000,
7a30c1f0447a2e3906f643ff1c33f90dda46cb4fcd087ddb36c0028b5a26a9d9,2023-12-15T20:26:39.766000,received,kaspa:qyp8vk4us67xk78zu9yc3x4ptl9xff3vg820vvqzx7gec6nk62jl3pgfp3h7hy4,171000000,
5c90e5d2e2bdad7215189f70c8fcde88c8aaa026384b134eecac5e7cbbea8a0d,2023-12-15T20:24:40.625000,received,kaspa:qyp8vk4us67xk78zu9yc3x4ptl9xff3vg820vvqzx7gec6nk62jl3pgfp3h7hy4,171000000,
8ed4881d314861246083df06e8533d9601973d2d91a43a52b3c8c5feac9c92bd,2023-12-15T20:09:07.414000,received,kaspa:qyp8vk4us67xk78zu9yc3x4ptl9xff3vg820vvqzx7gec6nk62jl3pgfp3h7hy4,171000000,
11ac91490e04b4b5a8117fb4301e5a9e314dd08b15c62e50e33cef98c41bc9bc,2023-12-15T19:34:59.994000,received,kaspa:qyp8vk4us67xk78zu9yc3x4ptl9xff3vg820vvqzx7gec6nk62jl3pgfp3h7hy4,171000000,
778973596d272aa6682cfffa2abe6c19b2e91da14babf83decadded185713edd,2023-12-15T17:44:40.957000,received,kaspa:qyp8vk4us67xk78zu9yc3x4ptl9xff3vg820vvqzx7gec6nk62jl3pgfp3h7hy4,171000000,
dbdac8d38eb0985ed37897f50b5dcad47211f386461084009d15e15d1ddda05b,2023-12-15T17:41:40.011000,received,kaspa:qyp8vk4us67xk78zu9yc3x4ptl9xff3vg820vvqzx7gec6nk62jl3pgfp3h7hy4,171000000,
f529e10167c2931c2210cc70aa3d03a51804a53f5bf5e4a15d361996ec9378a4,2023-12-15T16:44:09.541000,received,kaspa:qyp8vk4us67xk78zu9yc3x4ptl9xff3vg820vvqzx7gec6nk62jl3pgfp3h7hy4,171000000,
8b4148d98c62899243a2f01c5203c37bb89fa9e000c05d280572321a34712b40,2023-12-15T15:47:04.803000,received,kaspa:qyp8vk4us67xk78zu9yc3x4ptl9xff3vg820vvqzx7gec6nk62jl3pgfp3h7hy4,171000000,
7202823b05691412ece43d41a3562141176662f4eaa743200ea76074b593f7bd,2023-12-15T15:35:15.214000,received,kaspa:qyp8vk4us67xk78zu9yc3x4ptl9xff3vg820vvqzx7gec6nk62jl3pgfp3h7hy4,171000000,
6d9f1b88c442e6525c118ae1a7ee1e82aaf1977c2a86f8e2864fefcc894b6da8,2023-12-15T14:57:34.140000,received,kaspa:qyp8vk4us67xk78zu9yc3x4ptl9xff3vg820vvqzx7gec6nk62jl3pgfp3h7hy4,171000000,
57b1227e9f6478ab20a72c6da92a5810fc3461aaf85ed67c16e012088a06885c,2023-12-15T14:01:48.398000,received,kaspa:qyp8vk4us67xk78zu9yc3x4ptl9xff3vg820vvqzx7gec6nk62jl3pgfp3h7hy4,171000000,
245891befc336d374d6268bb155c8fcccbafd6fb46094b21a99f64e6e7fa6422,2023-12-15T13:09:15.122000,received,kaspa:qyp8vk4us67xk78zu9yc3x4ptl9xff3vg820vvqzx7gec6nk62jl3pgfp3h7hy4,171000000,
56c81a006a4576f33881d0bf3f5405fab9f7512c45763adea48106034ec6952a,2023-12-15T13:07:50.973000,received,kaspa:qyp8vk4us67xk78zu9yc3x4ptl9xff3vg820vvqzx7gec6nk62jl3pgfp3h7hy4,171000000,
1b84b7661235c0c9d48676dfe87e09b0d32806d3ec43f5e0207b1d29a3b227b5,2023-12-15T12:21:59.051000,received,kaspa:qyp8vk4us67xk78zu9yc3x4ptl9xff3vg820vvqzx7gec6nk62jl3pgfp3h7hy4,171000000,
8a606c74e2f2796768f2bc72418fcb5ef3a38147f67382299cab51e166fd5325,2023-12-15T11:02:23.936000,received,kaspa:qyp8vk4us67xk78zu9yc3x4ptl9xff3vg820vvqzx7gec6nk62jl3pgfp3h7hy4,171000000,
deaf43ac59187243c71fe771e831ece2489b3d4735c6e1c52e683cfb8cc7fd62,2023-12-15T10:35:50.351000,received,kaspa:qyp8vk4us67xk78zu9yc3x4ptl9xff3vg820vvqzx7gec6nk62jl3pgfp3h7hy4,171000000,
8a426555e6e7cf45655b90184ad7da46f107b1b185d8cacb1051622a8295a356,2023-12-15T09:54:20.513000,sent,kaspa:qrtthu48p0xm24d2pdhee2zmuyphrljfz33da5gdpgk5v7xarcar5el4vg690,854950000,
8a426555e6e7cf45655b90184ad7da46f107b1b185d8cacb1051622a8295a356,2023-12-15T09:54:20.513000,sent,kaspa:qrtthu48p0xm24d2pdhee2zmuyphrljfz33da5gdpgk5v7xarcar5el4vg690,854950000,
8a426555e6e7cf45655b90184ad7da46f107b1b185d8cacb1051622a8295a356,2023-12-15T09:54:20.513000,sent,kaspa:qrtthu48p0xm24d2pdhee2zmuyphrljfz33da5gdpgk5v7xarcar5el4vg690,854950000,
8a426555e6e7cf45655b90184ad7da46f107b1b185d8cacb1051622a8295a356,2023-12-15T09:54:20.513000,sent,kaspa:qrtthu48p0xm24d2pdhee2zmuyphrljfz33da5gdpgk5v7xarcar5el4vg690,854950000,
8a426555e6e7cf45655b90184ad7da46f107b1b185d8cacb1051622a8295a356,2023-12-15T09:54:20.513000,sent,kaspa:qrtthu48p0xm24d2pdhee2zmuyphrljfz33da5gdpgk5v7xarcar5el4vg690,854950000,
0f539675a6c937b5737b97f8819a5daff97df1a66930542d17a191e9c20420ff,2023-12-15T08:16:25.972000,received,kaspa:qyp8vk4us67xk78zu9yc3x4ptl9xff3vg820vvqzx7gec6nk62jl3pgfp3h7hy4,171000000,
968c02a6a62c6374ea946cc8a8239f661558847586afc4d1f8e65b8315030225,2023-12-15T07:51:39.668000,received,kaspa:qyp8vk4us67xk78zu9yc3x4ptl9xff3vg820vvqzx7gec6nk62jl3pgfp3h7hy4,171000000,
8be35771aed1a9b5f8ed9e7f7236a1813ee6b775d7c6500ef4e41fa1ec6df23c,2023-12-15T05:08:15.879000,received,kaspa:qyp8vk4us67xk78zu9yc3x4ptl9xff3vg820vvqzx7gec6nk62jl3pgfp3h7hy4,171000000,
fd82dd1987a3c74e33837805c27c7dd7b18d99c83b48a43619b3eb6904c7ef60,2023-12-15T03:37:03.370000,received,kaspa:qyp8vk4us67xk78zu9yc3x4ptl9xff3vg820vvqzx7gec6nk62jl3pgfp3h7hy4,171000000,
ac9946e8026a335aedf090add404ed4ae081ae824e1c4b3547743a80fc8d9207,2023-12-15T01:44:54.771000,received,kaspa:qyp8vk4us67xk78zu9yc3x4ptl9xff3vg820vvqzx7gec6nk62jl3pgfp3h7hy4,171000000,
59753fb813f5d2bbac5f8866c5b3466f781bf0a4e39de3b9140b8401f765b95d,2023-12-15T00:51:22.465000,sent,kaspa:qrtthu48p0xm24d2pdhee2zmuyphrljfz33da5gdpgk5v7xarcar5el4vg690,2051880000,
59753fb813f5d2bbac5f8866c5b3466f781bf0a4e39de3b9140b8401f765b95d,2023-12-15T00:51:22.465000,sent,kaspa:qrtthu48p0xm24d2pdhee2zmuyphrljfz33da5gdpgk5v7xarcar5el4vg690,2051880000,
59753fb813f5d2bbac5f8866c5b3466f781bf0a4e39de3b9140b8401f765b95d,2023-12-15T00:51:22.465000,sent,kaspa:qrtthu48p0xm24d2pdhee2zmuyphrljfz33da5gdpgk5v7xarcar5el4vg690,2051880000,
59753fb813f5d2bbac5f8866c5b3466f781bf0a4e39de3b9140b8401f765b95d,2023-12-15T00:51:22.465000,sent,kaspa:qrtthu48p0xm24d2pdhee2zmuyphrljfz33da5gdpgk5v7xarcar5el4vg690,2051880000,
59753fb813f5d2bbac5f8866c5b3466f781bf0a4e39de3b9140b8401f765b95d,2023-12-15T00:51:22.465000,sent,kaspa:qrtthu48p0xm24d2pdhee2zmuyphrljfz33da5gdpgk5v7xarcar5el4vg690,2051880000,
59753fb813f5d2bbac5f8866c5b3466f781bf0a4e39de3b9140b8401f765b95d,2023-12-15T00:51:22.465000,sent,kaspa:qrtthu48p0xm24d2pdhee2zmuyphrljfz33da5gdpgk5v7xarcar5el4vg690,2051880000,
59753fb813f5d2bbac5f8866c5b3466f781bf0a4e39de3b9140b8401f765b95d,2023-12-15T00:51:22.465000,sent,kaspa:qrtthu48p0xm24d2pdhee2zmuyphrljfz33da5gdpgk5v7xarcar5el4vg690,2051880000,
59753fb813f5d2bbac5f8866c5b3466f781bf0a4e39de3b9140b8401f765b95d,2023-12-15T00:51:22.465000,sent,kaspa:qrtthu48p0xm24d2pdhee2zmuyphrljfz33da5gdpgk5v7xarcar5el4vg690,2051880000,
59753fb813f5d2bbac5f8866c5b3466f781bf0a4e39de3b9140b8401f765b95d,2023-12-15T00:51:22.465000,sent,kaspa:qrtthu48p0xm24d2pdhee2zmuyphrljfz33da5gdpgk5v7xarcar5el4vg690,2051880000,
59753fb813f5d2bbac5f8866c5b3466f781bf0a4e39de3b9140b8401f765b95d,2023-12-15T00:51:22.465000,sent,kaspa:qrtthu48p0xm24d2pdhee2zmuyphrljfz33da5gdpgk5v7xarcar5el4vg690,2051880000,
59753fb813f5d2bbac5f8866c5b3466f781bf0a4e39de3b9140b8401f765b95d,2023-12-15T00:51:22.465000,sent,kaspa:qrtthu48p0xm24d2pdhee2zmuyphrljfz33da5gdpgk5v7xarcar5el4vg690,2051880000,
59753fb813f5d2bbac5f8866c5b3466f781bf0a4e39de3b9140b8401f765b95d,2023-12-15T00:51:22.465000,sent,kaspa:qrtthu48p0xm24d2pdhee2zmuyphrljfz33da5gdpgk5v7xarcar5el4vg690,2051880000,
2900a96ec73b06709d83535031f1319aa489b3df927d68f8006f0b6b6b592bda,2023-12-15T00:29:10.084000,received,kaspa:qyp8vk4us67xk78zu9yc3x4ptl9xff3vg820vvqzx7gec6nk62jl3pgfp3h7hy4,171000000,
d23cdf332bdca049b8b6d836dc02a97a04b1a887e14c4e6f2cc756afa904a0c6,2023-12-14T23:45:39.564000,received,kaspa:qyp8vk4us67xk78zu9yc3x4ptl9xff3vg820vvqzx7gec6nk62jl3pgfp3h7hy4,171000000,
685afac89abe78d48533649ce6e39854ceab63400726a9c85fb62719c8cde61e,2023-12-14T22:24:44.050000,received,kaspa:qyp8vk4us67xk78zu9yc3x4ptl9xff3vg820vvqzx7gec6nk62jl3pgfp3h7hy4,171000000,
2363f77f58cebb571cb076ef5f0df5f1458a1db9881657df5054f25fa1bfe548,2023-12-14T21:36:20.876000,received,kaspa:qyp8vk4us67xk78zu9yc3x4ptl9xff3vg820vvqzx7gec6nk62jl3pgfp3h7hy4,171000000,
203e15e8b5fabfada4dbc65c49f34a8d8e5184d4196a42f0907dcd2eb36cf6b1,2023-12-14T21:12:20.249000,received,kaspa:qyp8vk4us67xk78zu9yc3x4ptl9xff3vg820vvqzx7gec6nk62jl3pgfp3h7hy4,171000000,
e9c433ec13cf1bb9f22c6ce5131885243fa27a1ea30e46008c50fe27c9fd2bd3,2023-12-14T21:11:54.666000,received,kaspa:qyp8vk4us67xk78zu9yc3x4ptl9xff3vg820vvqzx7gec6nk62jl3pgfp3h7hy4,171000000,
6fd0a9ce56d75982335caff7a700e106f1c70a8bac4a70c79d3c4826a7e1078d,2023-12-14T20:34:21.721000,received,kaspa:qyp8vk4us67xk78zu9yc3x4ptl9xff3vg820vvqzx7gec6nk62jl3pgfp3h7hy4,171000000,
cadc5a970c94403b18d142316e17bb773ef8cb5b969f846eb9468faa2b78b6b5,2023-12-14T19:53:15.729000,received,kaspa:qyp8vk4us67xk78zu9yc3x4ptl9xff3vg820vvqzx7gec6nk62jl3pgfp3h7hy4,171000000,
3799a6cca462fb0d191634815ed02a99de55a8ce1a72627dbcc711d414e0cbeb,2023-12-14T19:19:36.022000,received,kaspa:qyp8vk4us67xk78zu9yc3x4ptl9xff3vg820vvqzx7gec6nk62jl3pgfp3h7hy4,171000000,
523dfb5aefb486a19b5745bbe084cd97ed0d60bad3d6d790ef2437494d46e5a0,2023-12-14T19:07:47.142000,received,kaspa:qyp8vk4us67xk78zu9yc3x4ptl9xff3vg820vvqzx7gec6nk62jl3pgfp3h7hy4,171000000,
34f67b07a5a2bc60cd5a92f7967bd7a5063218dc37ba1d8cd57a087acc009a8f,2023-12-14T18:33:02.455000,received,kaspa:qyp8vk4us67xk78zu9yc3x4ptl9xff3vg820vvqzx7gec6nk62jl3pgfp3h7hy4,171000000,
3e4d724650390eb4b7ded25679c5f00505acef2ff3983fffba5f048a1bf75107,2023-12-14T16:08:37.585000,received,kaspa:qyp8vk4us67xk78zu9yc3x4ptl9xff3vg820vvqzx7gec6nk62jl3pgfp3h7hy4,171000000,
a6191dfa517ae02bb45fe0abf2c1acb58a3aa8e0aa76dcbcf73a8cc798652a36,2023-12-14T14:53:23.610000,sent,kaspa:qrtthu48p0xm24d2pdhee2zmuyphrljfz33da5gdpgk5v7xarcar5el4vg690,1025940000,
a6191dfa517ae02bb45fe0abf2c1acb58a3aa8e0aa76dcbcf73a8cc798652a36,2023-12-14T14:53:23.610000,sent,kaspa:qrtthu48p0xm24d2pdhee2zmuyphrljfz33da5gdpgk5v7xarcar5el4vg690,1025940000,
a6191dfa517ae02bb45fe0abf2c1acb58a3aa8e0aa76dcbcf73a8cc798652a36,2023-12-14T14:53:23.610000,sent,kaspa:qrtthu48p0xm24d2pdhee2zmuyphrljfz33da5gdpgk5v7xarcar5el4vg690,1025940000,
a6191dfa517ae02bb45fe0abf2c1acb58a3aa8e0aa76dcbcf73a8cc798652a36,2023-12-14T14:53:23.610000,sent,kaspa:qrtthu48p0xm24d2pdhee2zmuyphrljfz33da5gdpgk5v7xarcar5el4vg690,1025940000,
a6191dfa517ae02bb45fe0abf2c1acb58a3aa8e0aa76dcbcf73a8cc798652a36,2023-12-14T14:53:23.610000,sent,kaspa:qrtthu48p0xm24d2pdhee2zmuyphrljfz33da5gdpgk5v7xarcar5el4vg690,1025940000,
a6191dfa517ae02bb45fe0abf2c1acb58a3aa8e0aa76dcbcf73a8cc798652a36,2023-12-14T14:53:23.610000,sent,kaspa:qrtthu48p0xm24d2pdhee2zmuyphrljfz33da5gdpgk5v7xarcar5el4vg690,1025940000,
0a04dc1cf9fa4d72c20b16f51a3379a1e93ee1b216a08225759aa0213150cd03,2023-12-14T13:23:35.295000,received,kaspa:qyp8vk4us67xk78zu9yc3x4ptl9xff3vg820vvqzx7gec6nk62jl3pgfp3h7hy4,171000000,
b4279d0aff97bd9eab9e30febaf5af647d543608f320aa90eab773358584b3fd,2023-12-14T12:55:14.689000,received,kaspa:qyp8vk4us67xk78zu9yc3x4ptl9xff3vg820vvqzx7gec6nk62jl3pgfp3h7hy4,171000000,
ae9a15e06f75b61c13cd8d8134f68a8e098cfd9530813066afbacc682cbef3cd,2023-12-14T12:37:52.842000,received,kaspa:qyp8vk4us67xk78zu9yc3x4ptl9xff3vg820vvqzx7gec6nk62jl3pgfp3h7hy4,171000000,
ab4fc0dea6142bf95e7b0161334efbb319f7e8a6919365350e90d9f884cd3d38,2023-12-14T11:03:22.065000,received,kaspa:qyp8vk4us67xk78zu9yc3x4ptl9xff3vg820vvqzx7gec6nk62jl3pgfp3h7hy4,171000000,
ee6f5a900e8bfafa843850db42c40105a3f3754718ce3dad440daa0b6c6ebcb1,2023-12-14T10:52:45.317000,received,kaspa:qyp8vk4us67xk78zu9yc3x4ptl9xff3vg820vvqzx7gec6nk62jl3pgfp3h7hy4,171000000,
06c57551fa84cca804c5abaf8a9934fac2d536dbf2f09a1163c41654964a852f,2023-12-14T09:34:14.496000,received,kaspa:qyp8vk4us67xk78zu9yc3x4ptl9xff3vg820vvqzx7gec6nk62jl3pgfp3h7hy4,171000000,
15b5ab9341a2c2de242e3623bd88556e2df4b66e1b1a4a785ffa78a43edcdc7e,2023-12-14T08:16:41.190000,sent,kaspa:qrtthu48p0xm24d2pdhee2zmuyphrljfz33da5gdpgk5v7xarcar5el4vg690,512970000,
15b5ab9341a2c2de242e3623bd88556e2df4b66e1b1a4a785ffa78a43edcdc7e,2023-12-14T08:16:41.190000,sent,kaspa:qrtthu48p0xm24d2pdhee2zmuyphrljfz33da5gdpgk5v7xarcar5el4vg690,512970000,
15b5ab9341a2c2de242e3623bd88556e2df4b66e1b1a4a785ffa78a43edcdc7e,2023-12-14T08:16:41.190000,sent,kaspa:qrtthu48p0xm24d2pdhee2zmuyphrljfz33da5gdpgk5v7xarcar5el4vg690,512970000,
f9451df2dc7886f02eac3ca7f79176028fea72686b008e31f60d5717198a7328,2023-12-14T08:01:29.143000,received,kaspa:qyp8vk4us67xk78zu9yc3x4ptl9xff3vg820vvqzx7gec6nk62jl3pgfp3h7hy4,171000000,
5201922b6725aabe85a8d5771bb099eda4c3205adb1ab80580d5e727e1c8504d,2023-12-14T07:46:03.394000,received,kaspa:qyp8vk4us67xk78zu9yc3x4ptl9xff3vg820vvqzx7gec6nk62jl3pgfp3h7hy4,171000000,
df6cea8f7b38e922f1510c77e42c695d21835a4a1887b92d84c7214b21c7a325,2023-12-14T05:46:09.303000,received,kaspa:qyp8vk4us67xk78zu9yc3x4ptl9xff3vg820vvqzx7gec6nk62jl3pgfp3h7hy4,171000000,
cfa2a515bb5d4194fba656347521f4b61e4646fd9e5cf4ebfeae2de616ca6878,2023-12-14T03:48:31.490000,sent,kaspa:qrtthu48p0xm24d2pdhee2zmuyphrljfz33da5gdpgk5v7xarcar5el4vg690,1709900000,
cfa2a515bb5d4194fba656347521f4b61e4646fd9e5cf4ebfeae2de616ca6878,2023-12-14T03:48:31.490000,sent,kaspa:qrtthu48p0xm24d2pdhee2zmuyphrljfz33da5gdpgk5v7xarcar5el4vg690,1709900000,
cfa2a515bb5d4194fba656347521f4b61e4646fd9e5cf4ebfeae2de616ca6878,2023-12-14T03:48:31.490000,sent,kaspa:qrtthu48p0xm24d2pdhee2zmuyphrljfz33da5gdpgk5v7xarcar5el4vg690,1709900000,
cfa2a515bb5d4194fba656347521f4b61e4646fd9e5cf4ebfeae2de616ca6878,2023-12-14T03:48:31.490000,sent,kaspa:qrtthu48p0xm24d2pdhee2zmuyphrljfz33da5gdpgk5v7xarcar5el4vg690,1709900000,
cfa2a515bb5d4194fba656347521f4b61e4646fd9e5cf4ebfeae2de616ca6878,2023-12-14T03:48:31.490000,sent,kaspa:qrtthu48p0xm24d2pdhee2zmuyphrljfz33da5gdpgk5v7xarcar5el4vg690,1709900000,
cfa2a515bb5d4194fba656347521f4b61e4646fd9e5cf4ebfeae2de616ca6878,2023-12-14T03:48:31.490000,sent,kaspa:qrtthu48p0xm24d2pdhee2zmuyphrljfz33da5gdpgk5v7xarcar5el4vg690,1709900000,
cfa2a515bb5d4194fba656347521f4b61e4646fd9e5cf4ebfeae2de616ca6878,2023-12-14T03:48:31.490000,sent,kaspa:qrtthu48p0xm24d2pdhee2zmuyphrljfz33da5gdpgk5v7xarcar5el4vg690,1709900000,
cfa2a515bb5d4194fba656347521f4b61e4646fd9e5cf4ebfeae2de616ca6878,2023-12-14T03:48:31.490000,sent,kaspa:qrtthu48p0xm24d2pdhee2zmuyphrljfz33da5gdpgk5v7xarcar5el4vg690,1709900000,
cfa2a515bb5d4194fba656347521f4b61e4646fd9e5cf4ebfeae2de616ca6878,2023-12-14T03:48:31.490000,sent,kaspa:qrtthu48p0xm24d2pdhee2zmuyphrljfz33da5gdpgk5v7xarcar5el4vg690,1709900000,
cfa2a515bb5d4194fba656347521f4b61e4646fd9e5cf4ebfeae2de616ca6878,2023-12-14T03:48:31.490000,sent,kaspa:qrtthu48p0xm24d2pdhee2zmuyphrljfz33da5gdpgk5v7xarcar5el4vg690,1709900000,
725c9676c383dee6e47d4e4898c85317cb210f3a577d5372ccd4d1e62f7d708a,2023-12-14T03:14:38.956000,received,kaspa:qyp8vk4us67xk78zu9yc3x4ptl9xff3vg820vvqzx7gec6nk62jl3pgfp3h7hy4,171000000,
eae28d512768ab979264f82fa11cc43f65d9bca93ef5d457630267f5ad09853d,2023-12-14T02:57:36.888000,received,kaspa:qyp8vk4us67xk78zu9yc3x4ptl9xff3vg820vvqzx7gec6nk62jl3pgfp3h7hy4,171000000,
467cfa32727395c3b470262e3a5c87d3d4c2c9b4f4528e075c6dd72b4f92a778,2023-12-14T02:24:57.245000,received,kaspa:qyp8vk4us67xk78zu9yc3x4ptl9xff3vg820vvqzx7gec6nk62jl3pgfp3h7hy4,171000000,
e9cafba18735a34a81eca29c38d0ed6d4f7d00d787afd8a792e57fc838139d12,2023-12-14T02:01:13.093000,received,kaspa:qyp8vk4us67xk78zu9yc3x4ptl9xff3vg820vvqzx7gec6nk62jl3pgfp3h7hy4,171000000,
8e6fcb18aba1911025fbc272d41c8db48aaae34613d85328c9fb90fd9753c198,2023-12-14T01:25:50.730000,received,kaspa:qyp8vk4us67xk78zu9yc3x4ptl9xff3vg820vvqzx7gec6nk62jl3pgfp3h7hy4,171000000,
4d7f950d488fc09ad167d250102f4a03e8ee1115a9bba42f1a4ffab7a40ef396,2023-12-14T01:21:55.977000,received,kaspa:qyp8vk4us67xk78zu9yc3x4ptl9xff3vg820vvqzx7gec6nk62jl3pgfp3h7hy4,171000000,
2c2a66f23f070f75810705f2de7dfd8d157aed1578300f35c11ca2e18a7ac5db,2023-12-14T01:13:32.631000,received,kaspa:qyp8vk4us67xk78zu9yc3x4ptl9xff3vg820vvqzx7gec6nk62jl3pgfp3h7hy4,171000000,
c1882364fea58de496393456889b1603fccb3036e42d43946b4a33c70377453c,2023-12-14T00:08:49.881000,received,kaspa:qyp8vk4us67xk78zu9yc3x4ptl9xff3vg820vvqzx7gec6nk62jl3pgfp3h7hy4,171000000,
f65ce901747c817ccda6f27f835bc505cd3119a074f147e48ce651007f79c27c,2023-12-14T00:07:47.791000,received,kaspa:qyp8vk4us67xk78zu9yc3x4ptl9xff3vg820vvqzx7gec6nk62jl3pgfp3h7hy4,171000000,
34536ef38550716e130d8163fa2f1030e17fe3c9c973808d11d01e7ae001e234,2023-12-13T23:02:34.307000,received,kaspa:qyp8vk4us67xk78zu9yc3x4ptl9xff3vg820vvqzx7gec6nk62jl3pgfp3h7hy4,171000000,
325079c23f9ecb96454f9f160da76a94291119b702c3a42e36538d73882a4a9f,2023-12-13T22:47:52.338000,sent,kaspa:qrtthu48p0xm24d2pdhee2zmuyphrljfz33da5gdpgk5v7xarcar5el4vg690,854950000,
325079c23f9ecb96454f9f160da76a94291119b702c3a42e36538d73882a4a9f,2023-12-13T22:47:52.338000,sent,kaspa:qrtthu48p0xm24d2pdhee2zmuyphrljfz33da5gdpgk5v7xarcar5el4vg690,854950000,
325079c23f9ecb96454f9f160da76a94291119b702c3a42e36538d73882a4a9f,2023-12-13T22:47:52.338000,sent,kaspa:qrtthu48p0xm24d2pdhee2zmuyphrljfz33da5gdpgk5v7xarcar5el4vg690,854950000,
325079c23f9ecb96454f9f160da76a94291119b702c3a42e36538d73882a4a9f,2023-12-13T22:47:52.338000,sent,kaspa:qrtthu48p0xm24d2pdhee2zmuyphrljfz33da5gdpgk5v7xarcar5el4vg690,854950000,
325079c23f9ecb96454f9f160da76a94291119b702c3a42e36538d73882a4a9f,2023-12-13T22:47:52.338000,sent,kaspa:qrtthu48p0xm24d2pdhee2zmuyphrljfz33da5gdpgk5v7xarcar5el4vg690,854950000,
4b21e1ca44355f0025eab4f8bf1dfee86a551d51601a38866f6f98a5788fa34a,2023-12-13T21:29:00.853000,received,kaspa:qyp8vk4us67xk78zu9yc3x4ptl9xff3vg820vvqzx7gec6nk62jl3pgfp3h7hy4,171000000,
a0bf929d9d3f1c02a9fa51d33f81416a7bc2c7d4460a7559783292fbd648e0a1,2023-12-13T19:55:53.444000,received,kaspa:qyp8vk4us67xk78zu9yc3x4ptl9xff3vg820vvqzx7gec6nk62jl3pgfp3h7hy4,171000000,
39be7d1682e4e05c0433b2ec9e57e128f695115ef1ed1217a06434f00237a713,2023-12-13T19:12:37.405000,received,kaspa:qyp8vk4us67xk78zu9yc3x4ptl9xff3vg820vvqzx7gec6nk62jl3pgfp3h7hy4,171000000,
635e3ff23a5e9df35f3107e46fabf73ea65c6d1772340aa40087ec83a5f2537f,2023-12-13T18:24:31.029000,received,kaspa:qyp8vk4us67xk78zu9yc3x4ptl9xff3vg820vvqzx7gec6nk62jl3pgfp3h7hy4,171000000,
6fabbe898dc0c10c9474af31916058c14c17044b1f125715933db692cbc11b92,2023-12-13T17:02:52.180000,received,kaspa:qyp8vk4us67xk78zu9yc3x4ptl9xff3vg820vvqzx7gec6nk62jl3pgfp3h7hy4,171000000,
a9696ed8cd472868fdb5d60a6de1bc3896e3a221d27ec6443074b510b4933a19,2023-12-13T16:12:50.063000,sent,kaspa:qrtthu48p0xm24d2pdhee2zmuyphrljfz33da5gdpgk5v7xarcar5el4vg690,170990000,
d7275b02fa822edd325f93be0af1d513c94ed748dadecae1c70668bd675ba084,2023-12-13T15:34:03.658000,received,kaspa:qyp8vk4us67xk78zu9yc3x4ptl9xff3vg820vvqzx7gec6nk62jl3pgfp3h7hy4,171000000,
2abb340f7d4ea6c7a236088731122f64430d579e2882c3ebbe0249056aa37f7b,2023-12-13T14:58:20.597000,sent,kaspa:qrtthu48p0xm24d2pdhee2zmuyphrljfz33da5gdpgk5v7xarcar5el4vg690,2222870000,
2abb340f7d4ea6c7a236088731122f64430d579e2882c3ebbe0249056aa37f7b,2023-12-13T14:58:20.597000,sent,kaspa:qrtthu48p0xm24d2pdhee2zmuyphrljfz33da5gdpgk5v7xarcar5el4vg690,2222870000,
2abb340f7d4ea6c7a236088731122f64430d579e2882c3ebbe0249056aa37f7b,2023-12-13T14:58:20.597000,sent,kaspa:qrtthu48p0xm24d2pdhee2zmuyphrljfz33da5gdpgk5v7xarcar5el4vg690,2222870000,
2abb340f7d4ea6c7a236088731122f64430d579e2882c3ebbe0249056aa37f7b,2023-12-13T14:58:20.597000,sent,kaspa:qrtthu48p0xm24d2pdhee2zmuyphrljfz33da5gdpgk5v7xarcar5el4vg690,2222870000,
2abb340f7d4ea6c7a236088731122f64430d579e2882c3ebbe0249056aa37f7b,2023-12-13T14:58:20.597000,sent,kaspa:qrtthu48p0xm24d2pdhee2zmuyphrljfz33da5gdpgk5v7xarcar5el4vg690,2222870000,
2abb340f7d4ea6c7a236088731122f64430d579e2882c3ebbe0249056aa37f7b,2023-12-13T14:58:20.597000,sent,kaspa:qrtthu48p0xm24d2pdhee2zmuyphrljfz33da5gdpgk5v7xarcar5el4vg690,2222870000,
2abb340f7d4ea6c7a236088731122f64430d579e2882c3ebbe0249056aa37f7b,2023-12-13T14:58:20.597000,sent,kaspa:qrtthu48p0xm24d2pdhee2zmuyphrljfz33da5gdpgk5v7xarcar5el4vg690,2222870000,
2abb340f7d4ea6c7a236088731122f64430d579e2882c3ebbe0249056aa37f7b,2023-12-13T14:58:20.597000,sent,kaspa:qrtthu48p0xm24d2pdhee2zmuyphrljfz33da5gdpgk5v7xarcar5el4vg690,2222870000,
2abb340f7d4ea6c7a236088731122f64430d579e2882c3ebbe0249056aa37f7b,2023-12-13T14:58:20.597000,sent,kaspa:qrtthu48p0xm24d2pdhee2zmuyphrljfz33da5gdpgk5v7xarcar5el4vg690,2222870000,
2abb340f7d4ea6c7a236088731122f64430d579e2882c3ebbe0249056aa37f7b,2023-12-13T14:58:20.597000,sent,kaspa:qrtthu48p0xm24d2pdhee2zmuyphrljfz33da5gdpgk5v7xarcar5el4vg690,2222870000,
2abb340f7d4ea6c7a236088731122f64430d579e2882c3ebbe0249056aa37f7b,2023-12-13T14:58:20.597000,sent,kaspa:qrtthu48p0xm24d2pdhee2zmuyphrljfz33da5gdpgk5v7xarcar5el4vg690,2222870000,
2abb340f7d4ea6c7a236088731122f64430d579e2882c3ebbe0249056aa37f7b,2023-12-13T14:58:20.597000,sent,kaspa:qrtthu48p0xm24d2pdhee2zmuyphrljfz33da5gdpgk5v7xarcar5el4vg690,2222870000,
2abb340f7d4ea6c7a236088731122f64430d579e2882c3ebbe0249056aa37f7b,2023-12-13T14:58:20.597000,sent,kaspa:qrtthu48p0xm24d2pdhee2zmuyphrljfz33da5gdpgk5v7xarcar5el4vg690,2222870000,
78809786396c885d7fd4ed893328921ef212410d5ca37df9796c94926a0b44b0,2023-12-13T14:12:03.436000,received,kaspa:qyp8vk4us67xk78zu9yc3x4ptl9xff3vg820vvqzx7gec6nk62jl3pgfp3h7hy4,171000000,
4f345e23745e8c97e0cf36e678d1582c8e6b2fbf5156419c95987ab3c2cec1fd,2023-12-13T13:57:13.464000,received,kaspa:qyp8vk4us67xk78zu9yc3x4ptl9xff3vg820vvqzx7gec6nk62jl3pgfp3h7hy4,171000000,
c941ce89577502ff0b53f0ffd1eb464ac043b565ef743a3bd2d5b9c5e168123c,2023-12-13T13:05:31.450000,received,kaspa:qyp8vk4us67xk78zu9yc3x4ptl9xff3vg820vvqzx7gec6nk62jl3pgfp3h7hy4,171000000,
2b029970117579312198bedebf98d6d601998ff46756a1ab0deeb27fa992768f,2023-12-13T12:06:25.070000,received,kaspa:qyp0m9genxg0q72e6ejem4nhu6nv8mya886g76ays3s8q9499nnj0dc0wepjlw5,171000000,
6f9cd1a1e70d0729dd647a91c2df94625bd51f2af188002967efa01cc8fcde25,2023-12-13T12:02:19.009000,received,kaspa:qyp0m9genxg0q72e6ejem4nhu6nv8mya886g76ays3s8q9499nnj0dc0wepjlw5,171000000,
0981540ed768b8c305282823c561fb32c4fe5a8111bae367ed3dda01cbed8ead,2023-12-13T12:00:55.795000,received,kaspa:qyp8vk4us67xk78zu9yc3x4ptl9xff3vg820vvqzx7gec6nk62jl3pgfp3h7hy4,171000000,
3fa82215e58254f1c7332490fe37d8f3bcddee49071f23989e3043ed5a7e9ca6,2023-12-13T11:16:38.568000,received,kaspa:qyp0m9genxg0q72e6ejem4nhu6nv8mya886g76ays3s8q9499nnj0dc0wepjlw5,171000000,
c40943de4c3a72df9c0ef76a7cf5090296613f6b1c952f3224bb60a9e6fc19b2,2023-12-13T11:13:31.235000,received,kaspa:qyp9pslfu0q8wn2h0psl2k0dnexe5n68ydj72dl76ws6xslaxp475zgp2323uud,171000000,
b0ee2e81ef3ae6eb16e8908deac919fe68917010d6d4b442f8421aea7d23a7d1,2023-12-13T10:30:12.806000,received,kaspa:qyp0m9genxg0q72e6ejem4nhu6nv8mya886g76ays3s8q9499nnj0dc0wepjlw5,171000000,
79ce340e988df749de94c7d1c0a1830f8c2d80b7d33965540ce43d902ea6e557,2023-12-13T10:23:23.659000,received,kaspa:qypwcme2wrftxsx5v9j6gtqcdt6lekdmlgny7uy2c65g58usa2pknqch006uh92,171000000,
b8b25c3853f564fcf3bffd2e26bc832beaed96d7680a8592aecf835f71d10846,2023-12-13T10:18:16.770000,received,kaspa:qypdv6v6mdm8sme0ryuw06axg22uqz3szzrs3jdadje2z2uqszhgm2q6rvux8k8,171000000,
eaebeb8c59d7ddbac63384e4c8ec20a8b729d7707339b7925c9ab0c961394bf0,2023-12-13T09:37:00.415000,received,kaspa:qypxh795z50lqe9u3fqnmlwyw7fjgw5xsd0ey6ltg0t3qwvhfpuqakgrgux5h9d,171000000,
e3f4dbdd2e7b514676b74b2136301b6a0367a609ac26ca4e611b4c23addb86bb,2023-12-13T09:29:03.043000,received,kaspa:qyp2y2afskgrk04gsaktpgcwqs50g3ucp9k6yw3gzq383zlggeqm7dgpuu0kdj9,171000000,
c7f1381e2851206d72462c1637da946dca81c5e6f7dfe6c62fcd539167b0a8f2,2023-12-13T07:49:24.648000,sent,kaspa:qp2n8m859p79cdutmrjhafn92sw77xz30wz6s8vh440hrd2qrsvxjcwzlla2p,9062470000,
c7f1381e2851206d72462c1637da946dca81c5e6f7dfe6c62fcd539167b0a8f2,2023-12-13T07:49:24.648000,sent,kaspa:qp2n8m859p79cdutmrjhafn92sw77xz30wz6s8vh440hrd2qrsvxjcwzlla2p,9062470000,
c7f1381e2851206d72462c1637da946dca81c5e6f7dfe6c62fcd539167b0a8f2,2023-12-13T07:49:24.648000,sent,kaspa:qp2n8m859p79cdutmrjhafn92sw77xz30wz6s8vh440hrd2qrsvxjcwzlla2p,9062470000,
c7f1381e2851206d72462c1637da946dca81c5e6f7dfe6c62fcd539167b0a8f2,2023-12-13T07:49:24.648000,sent,kaspa:qp2n8m859p79cdutmrjhafn92sw77xz30wz6s8vh440hrd2qrsvxjcwzlla2p,9062470000,
c7f1381e2851206d72462c1637da946dca81c5e6f7dfe6c62fcd539167b0a8f2,2023-12-13T07:49:24.648000,sent,kaspa:qp2n8m859p79cdutmrjhafn92sw77xz30wz6s8vh440hrd2qrsvxjcwzlla2p,9062470000,
c7f1381e2851206d72462c1637da946dca81c5e6f7dfe6c62fcd539167b0a8f2,2023-12-13T07:49:24.648000,sent,kaspa:qp2n8m859p79cdutmrjhafn92sw77xz30wz6s8vh440hrd2qrsvxjcwzlla2p,9062470000,
c7f1381e2851206d72462c1637da946dca81c5e6f7dfe6c62fcd539167b0a8f2,2023-12-13T07:49:24.648000,sent,kaspa:qp2n8m859p79cdutmrjhafn92sw77xz30wz6s8vh440hrd2qrsvxjcwzlla2p,9062470000,
c7f1381e2851206d72462c1637da946dca81c5e6f7dfe6c62fcd539167b0a8f2,2023-12-13T07:49:24.648000,sent,kaspa:qp2n8m859p79cdutmrjhafn92sw77xz30wz6s8vh440hrd2qrsvxjcwzlla2p,9062470000,
c7f1381e2851206d72462c1637da946dca81c5e6f7dfe6c62fcd539167b0a8f2,2023-12-13T07:49:24.648000,sent,kaspa:qp2n8m859p79cdutmrjhafn92sw77xz30wz6s8vh440hrd2qrsvxjcwzlla2p,9062470000,
c7f1381e2851206d72462c1637da946dca81c5e6f7dfe6c62fcd539167b0a8f2,2023-12-13T07:49:24.648000,sent,kaspa:qp2n8m859p79cdutmrjhafn92sw77xz30wz6s8vh440hrd2qrsvxjcwzlla2p,9062470000,
c7f1381e2851206d72462c1637da946dca81c5e6f7dfe6c62fcd539167b0a8f2,2023-12-13T07:49:24.648000,sent,kaspa:qp2n8m859p79cdutmrjhafn92sw77xz30wz6s8vh440hrd2qrsvxjcwzlla2p,9062470000,
c7f1381e2851206d72462c1637da946dca81c5e6f7dfe6c62fcd539167b0a8f2,2023-12-13T07:49:24.648000,sent,kaspa:qp2n8m859p79cdutmrjhafn92sw77xz30wz6s8vh440hrd2qrsvxjcwzlla2p,9062470000,
c7f1381e2851206d72462c1637da946dca81c5e6f7dfe6c62fcd539167b0a8f2,2023-12-13T07:49:24.648000,sent,kaspa:qp2n8m859p79cdutmrjhafn92sw77xz30wz6s8vh440hrd2qrsvxjcwzlla2p,9062470000,
c7f1381e2851206d72462c1637da946dca81c5e6f7dfe6c62fcd539167b0a8f2,2023-12-13T07:49:24.648000,sent,kaspa:qp2n8m859p79cdutmrjhafn92sw77xz30wz6s8vh440hrd2qrsvxjcwzlla2p,9062470000,
c7f1381e2851206d72462c1637da946dca81c5e6f7dfe6c62fcd539167b0a8f2,2023-12-13T07:49:24.648000,sent,kaspa:qp2n8m859p79cdutmrjhafn92sw77xz30wz6s8vh440hrd2qrsvxjcwzlla2p,9062470000,
c7f1381e2851206d72462c1637da946dca81c5e6f7dfe6c62fcd539167b0a8f2,2023-12-13T07:49:24.648000,sent,kaspa:qp2n8m859p79cdutmrjhafn92sw77xz30wz6s8vh440hrd2qrsvxjcwzlla2p,9062470000,
c7f1381e2851206d72462c1637da946dca81c5e6f7dfe6c62fcd539167b0a8f2,2023-12-13T07:49:24.648000,sent,kaspa:qp2n8m859p79cdutmrjhafn92sw77xz30wz6s8vh440hrd2qrsvxjcwzlla2p,9062470000,
c7f1381e2851206d72462c1637da946dca81c5e6f7dfe6c62fcd539167b0a8f2,2023-12-13T07:49:24.648000,sent,kaspa:qp2n8m859p79cdutmrjhafn92sw77xz30wz6s8vh440hrd2qrsvxjcwzlla2p,9062470000,
c7f1381e2851206d72462c1637da946dca81c5e6f7dfe6c62fcd539167b0a8f2,2023-12-13T07:49:24.648000,sent,kaspa:qp2n8m859p79cdutmrjhafn92sw77xz30wz6s8vh440hrd2qrsvxjcwzlla2p,9062470000,
c7f1381e2851206d72462c1637da946dca81c5e6f7dfe6c62fcd539167b0a8f2,2023-12-13T07:49:24.648000,sent,kaspa:qp2n8m859p79cdutmrjhafn92sw77xz30wz6s8vh440hrd2qrsvxjcwzlla2p,9062470000,
c7f1381e2851206d72462c1637da946dca81c5e6f7dfe6c62fcd539167b0a8f2,2023-12-13T07:49:24.648000,sent,kaspa:qp2n8m859p79cdutmrjhafn92sw77xz30wz6s8vh440hrd2qrsvxjcwzlla2p,9062470000,
c7f1381e2851206d72462c1637da946dca81c5e6f7dfe6c62fcd539167b0a8f2,2023-12-13T07:49:24.648000,sent,kaspa:qp2n8m859p79cdutmrjhafn92sw77xz30wz6s8vh440hrd2qrsvxjcwzlla2p,9062470000,
c7f1381e2851206d72462c1637da946dca81c5e6f7dfe6c62fcd539167b0a8f2,2023-12-13T07:49:24.648000,sent,kaspa:qp2n8m859p79cdutmrjhafn92sw77xz30wz6s8vh440hrd2qrsvxjcwzlla2p,9062470000,
c7f1381e2851206d72462c1637da946dca81c5e6f7dfe6c62fcd539167b0a8f2,2023-12-13T07:49:24.648000,sent,kaspa:qp2n8m859p79cdutmrjhafn92sw77xz30wz6s8vh440hrd2qrsvxjcwzlla2p,9062470000,
c7f1381e2851206d72462c1637da946dca81c5e6f7dfe6c62fcd539167b0a8f2,2023-12-13T07:49:24.648000,sent,kaspa:qp2n8m859p79cdutmrjhafn92sw77xz30wz6s8vh440hrd2qrsvxjcwzlla2p,9062470000,
c7f1381e2851206d72462c1637da946dca81c5e6f7dfe6c62fcd539167b0a8f2,2023-12-13T07:49:24.648000,sent,kaspa:qp2n8m859p79cdutmrjhafn92sw77xz30wz6s8vh440hrd2qrsvxjcwzlla2p,9062470000,
c7f1381e2851206d72462c1637da946dca81c5e6f7dfe6c62fcd539167b0a8f2,2023-12-13T07:49:24.648000,sent,kaspa:qp2n8m859p79cdutmrjhafn92sw77xz30wz6s8vh440hrd2qrsvxjcwzlla2p,9062470000,
c7f1381e2851206d72462c1637da946dca81c5e6f7dfe6c62fcd539167b0a8f2,2023-12-13T07:49:24.648000,sent,kaspa:qp2n8m859p79cdutmrjhafn92sw77xz30wz6s8vh440hrd2qrsvxjcwzlla2p,9062470000,
c7f1381e2851206d72462c1637da946dca81c5e6f7dfe6c62fcd539167b0a8f2,2023-12-13T07:49:24.648000,sent,kaspa:qp2n8m859p79cdutmrjhafn92sw77xz30wz6s8vh440hrd2qrsvxjcwzlla2p,9062470000,
c7f1381e2851206d72462c1637da946dca81c5e6f7dfe6c62fcd539167b0a8f2,2023-12-13T07:49:24.648000,sent,kaspa:qp2n8m859p79cdutmrjhafn92sw77xz30wz6s8vh440hrd2qrsvxjcwzlla2p,9062470000,
c7f1381e2851206d72462c1637da946dca81c5e6f7dfe6c62fcd539167b0a8f2,2023-12-13T07:49:24.648000,sent,kaspa:qp2n8m859p79cdutmrjhafn92sw77xz30wz6s8vh440hrd2qrsvxjcwzlla2p,9062470000,
c7f1381e2851206d72462c1637da946dca81c5e6f7dfe6c62fcd539167b0a8f2,2023-12-13T07:49:24.648000,sent,kaspa:qp2n8m859p79cdutmrjhafn92sw77xz30wz6s8vh440hrd2qrsvxjcwzlla2p,9062470000,
c7f1381e2851206d72462c1637da946dca81c5e6f7dfe6c62fcd539167b0a8f2,2023-12-13T07:49:24.648000,sent,kaspa:qp2n8m859p79cdutmrjhafn92sw77xz30wz6s8vh440hrd2qrsvxjcwzlla2p,9062470000,
c7f1381e2851206d72462c1637da946dca81c5e6f7dfe6c62fcd539167b0a8f2,2023-12-13T07:49:24.648000,sent,kaspa:qp2n8m859p79cdutmrjhafn92sw77xz30wz6s8vh440hrd2qrsvxjcwzlla2p,9062470000,
c7f1381e2851206d72462c1637da946dca81c5e6f7dfe6c62fcd539167b0a8f2,2023-12-13T07:49:24.648000,sent,kaspa:qp2n8m859p79cdutmrjhafn92sw77xz30wz6s8vh440hrd2qrsvxjcwzlla2p,9062470000,
c7f1381e2851206d72462c1637da946dca81c5e6f7dfe6c62fcd539167b0a8f2,2023-12-13T07:49:24.648000,sent,kaspa:qp2n8m859p79cdutmrjhafn92sw77xz30wz6s8vh440hrd2qrsvxjcwzlla2p,9062470000,
c7f1381e2851206d72462c1637da946dca81c5e6f7dfe6c62fcd539167b0a8f2,2023-12-13T07:49:24.648000,sent,kaspa:qp2n8m859p79cdutmrjhafn92sw77xz30wz6s8vh440hrd2qrsvxjcwzlla2p,9062470000,
c7f1381e2851206d72462c1637da946dca81c5e6f7dfe6c62fcd539167b0a8f2,2023-12-13T07:49:24.648000,sent,kaspa:qp2n8m859p79cdutmrjhafn92sw77xz30wz6s8vh440hrd2qrsvxjcwzlla2p,9062470000,
c7f1381e2851206d72462c1637da946dca81c5e6f7dfe6c62fcd539167b0a8f2,2023-12-13T07:49:24.648000,sent,kaspa:qp2n8m859p79cdutmrjhafn92sw77xz30wz6s8vh440hrd2qrsvxjcwzlla2p,9062470000,
c7f1381e2851206d72462c1637da946dca81c5e6f7dfe6c62fcd539167b0a8f2,2023-12-13T07:49:24.648000,sent,kaspa:qp2n8m859p79cdutmrjhafn92sw77xz30wz6s8vh440hrd2qrsvxjcwzlla2p,9062470000,
c7f1381e2851206d72462c1637da946dca81c5e6f7dfe6c62fcd539167b0a8f2,2023-12-13T07:49:24.648000,sent,kaspa:qp2n8m859p79cdutmrjhafn92sw77xz30wz6s8vh440hrd2qrsvxjcwzlla2p,9062470000,
c7f1381e2851206d72462c1637da946dca81c5e6f7dfe6c62fcd539167b0a8f2,2023-12-13T07:49:24.648000,sent,kaspa:qp2n8m859p79cdutmrjhafn92sw77xz30wz6s8vh440hrd2qrsvxjcwzlla2p,9062470000,
c7f1381e2851206d72462c1637da946dca81c5e6f7dfe6c62fcd539167b0a8f2,2023-12-13T07:49:24.648000,sent,kaspa:qp2n8m859p79cdutmrjhafn92sw77xz30wz6s8vh440hrd2qrsvxjcwzlla2p,9062470000,
c7f1381e2851206d72462c1637da946dca81c5e6f7dfe6c62fcd539167b0a8f2,2023-12-13T07:49:24.648000,sent,kaspa:qp2n8m859p79cdutmrjhafn92sw77xz30wz6s8vh440hrd2qrsvxjcwzlla2p,9062470000,
c7f1381e2851206d72462c1637da946dca81c5e6f7dfe6c62fcd539167b0a8f2,2023-12-13T07:49:24.648000,sent,kaspa:qp2n8m859p79cdutmrjhafn92sw77xz30wz6s8vh440hrd2qrsvxjcwzlla2p,9062470000,
c7f1381e2851206d72462c1637da946dca81c5e6f7dfe6c62fcd539167b0a8f2,2023-12-13T07:49:24.648000,sent,kaspa:qp2n8m859p79cdutmrjhafn92sw77xz30wz6s8vh440hrd2qrsvxjcwzlla2p,9062470000,
c7f1381e2851206d72462c1637da946dca81c5e6f7dfe6c62fcd539167b0a8f2,2023-12-13T07:49:24.648000,sent,kaspa:qp2n8m859p79cdutmrjhafn92sw77xz30wz6s8vh440hrd2qrsvxjcwzlla2p,9062470000,
c7f1381e2851206d72462c1637da946dca81c5e6f7dfe6c62fcd539167b0a8f2,2023-12-13T07:49:24.648000,sent,kaspa:qp2n8m859p79cdutmrjhafn92sw77xz30wz6s8vh440hrd2qrsvxjcwzlla2p,9062470000,
c7f1381e2851206d72462c1637da946dca81c5e6f7dfe6c62fcd539167b0a8f2,2023-12-13T07:49:24.648000,sent,kaspa:qp2n8m859p79cdutmrjhafn92sw77xz30wz6s8vh440hrd2qrsvxjcwzlla2p,9062470000,
c7f1381e2851206d72462c1637da946dca81c5e6f7dfe6c62fcd539167b0a8f2,2023-12-13T07:49:24.648000,sent,kaspa:qp2n8m859p79cdutmrjhafn92sw77xz30wz6s8vh440hrd2qrsvxjcwzlla2p,9062470000,
c7f1381e2851206d72462c1637da946dca81c5e6f7dfe6c62fcd539167b0a8f2,2023-12-13T07:49:24.648000,sent,kaspa:qp2n8m859p79cdutmrjhafn92sw77xz30wz6s8vh440hrd2qrsvxjcwzlla2p,9062470000,
c7f1381e2851206d72462c1637da946dca81c5e6f7dfe6c62fcd539167b0a8f2,2023-12-13T07:49:24.648000,sent,kaspa:qp2n8m859p79cdutmrjhafn92sw77xz30wz6s8vh440hrd2qrsvxjcwzlla2p,9062470000,
c7f1381e2851206d72462c1637da946dca81c5e6f7dfe6c62fcd539167b0a8f2,2023-12-13T07:49:24.648000,sent,kaspa:qp2n8m859p79cdutmrjhafn92sw77xz30wz6s8vh440hrd2qrsvxjcwzlla2p,9062470000,
0936d16df740ce43b835c16f04416469b0b484a2e83353a8d955567166fa9927,2023-12-13T06:57:21.080000,received,kaspa:qyp9pslfu0q8wn2h0psl2k0dnexe5n68ydj72dl76ws6xslaxp475zgp2323uud,171000000,
42f9ff8f0703a6e8ec959510416b80651d2bbcbc1a425ae019327a03956dc59d,2023-12-13T06:55:27.268000,received,kaspa:qyp8vk4us67xk78zu9yc3x4ptl9xff3vg820vvqzx7gec6nk62jl3pgfp3h7hy4,171000000,
3a9e130bd269d64ff4bf9479723e229b33b3156c463950f526c9147abc3c5a09,2023-12-13T06:54:00.644000,received,kaspa:qyp8vk4us67xk78zu9yc3x4ptl9xff3vg820vvqzx7gec6nk62jl3pgfp3h7hy4,171000000,
5b95d5d7eaf208161be62fc9cb37ac4f88e9c9cc81f894751f8d12e0412057a3,2023-12-13T06:48:35.937000,received,kaspa:qypl6a6nm0hqlpqz5k628yrc59vl9gpx5ulqwxsr36pua75u9gevxhgq8nrc0km,171000000,
cd089b946c2adbc970e454a3ebba71878f451eec1b455bc02496c3ca0f321a5a,2023-12-13T06:43:07.313000,received,kaspa:qyp2y2afskgrk04gsaktpgcwqs50g3ucp9k6yw3gzq383zlggeqm7dgpuu0kdj9,171000000,
ad39ad761bc45f797cd07518d0ba5165dfc4043c422ddc5225a3cb1395f65214,2023-12-13T06:41:06.873000,received,kaspa:qypwcme2wrftxsx5v9j6gtqcdt6lekdmlgny7uy2c65g58usa2pknqch006uh92,171000000,
1772fcb171390c38487f20786592de5998565c7d81966a885808e4e6c5846e25,2023-12-13T06:39:34.663000,received,kaspa:qyp7pdnl7lcvupjaqrq07jgytn27yctey22a0l4hj6yy6w8ujauzzeg3wyd5jt4,171000000,
546f1a4e2f97c6bf5a1e8ef1c3b413876acde917ccd9eef26de0d09b6a3ff066,2023-12-13T06:37:29.791000,received,kaspa:qyp09jwvzzyp0g4fdep2d2fekeh7gss2cd4mnug4jc5uel6xflyzw8csmlsjrqg,171000000,
ed6e71b3205f160e78e3b0168422476f1ca0be6ae336aedc01d8a5e88c2c5c0f,2023-12-13T06:36:34.194000,received,kaspa:qyp8vk4us67xk78zu9yc3x4ptl9xff3vg820vvqzx7gec6nk62jl3pgfp3h7hy4,171000000,
4e2d30a35aa318d601f72bd80ec004cd5cc955e6563a8c495bcb596598641263,2023-12-13T06:35:36.946000,received,kaspa:qypamkqlgmq5vuvdg4q6wghkecpvfd5y7yfmmgy4xz09hfgrajla6tg5xqdffl8,171000000,
4ee12e3d9bbbcd11331534fe6bab58b8cefb81e9b5e9fbde0705582d8b7d2b15,2023-12-13T06:33:16.041000,received,kaspa:qypxh795z50lqe9u3fqnmlwyw7fjgw5xsd0ey6ltg0t3qwvhfpuqakgrgux5h9d,171000000,
ad099f6a861ff42bfba810c138567bbf599749c584342127d01133d202522910,2023-12-13T06:31:16.667000,received,kaspa:qypl86lat3lsadpv20ywkl4he24sj5klmvdsm4k30ndlmyq63g8fcaqgn725vdv,171000000,
3c5d6418806d4ffb28bd633595fb7f6591bc887973f3b5b1057f79b286fc9e83,2023-12-13T06:28:54.234000,received,kaspa:qyprcjlnm6na4u2gkg476zv2qyl0vqvwssyj8zqrfxsvk0k8vyaha5stj42hf4h,171000000,
b880ff8b258064dace78a634ecc4400d3feae0e619263ce5066d0a50b8346640,2023-12-13T06:27:14.996000,received,kaspa:qypl6a6nm0hqlpqz5k628yrc59vl9gpx5ulqwxsr36pua75u9gevxhgq8nrc0km,171000000,
02d1006239ff3ba31deef3643d6a5e03da28058e4122b8046b9eefc9f52b6b88,2023-12-13T06:24:46.724000,received,kaspa:qyp0jd37dhx6sqrr682y6cme89gjn4quzpeuuu3y9c82drvcpnecjjcssx3qp4x,171000000,
0b44e2341ba251d5169e5ff180a0f1c3fae414c31de2100d95e8b394a5f23e2f,2023-12-13T06:22:17.909000,received,kaspa:qypqhwaag39ahn934e9njgp5uuzr7zxgcwtqpzwrkehmxrgl608urmg4e9n5dh0,171000000,
e8aa235a56d3f889150ed675909243242ae0e3c3a02b5bfc2cffd2bca5acbab8,2023-12-13T06:11:54.820000,received,kaspa:qypwcme2wrftxsx5v9j6gtqcdt6lekdmlgny7uy2c65g58usa2pknqch006uh92,171000000,
948d46f8910360122f9deeacf3ddbe0ee36e40337ec25bae27b85f82d15ed512,2023-12-13T06:03:15.659000,received,kaspa:qyp0jd37dhx6sqrr682y6cme89gjn4quzpeuuu3y9c82drvcpnecjjcssx3qp4x,171000000,
6e09947269477438c9a9e54c4e64f714c64b7bb64ae1f3f35fc3e5471c983708,2023-12-13T05:59:36.917000,received,kaspa:qyp3tqm6gwk4ysnttvtq2haz8ffmpd62mcjj5dcz9jqg3lm58jpxrrqya7l88kj,171000000,
9024f1a3f0b7e4ea110f5989b65a6c5e5a5794e08e85d49b1d9e61efbf9fd4a6,2023-12-13T01:01:09.925000,received,kaspa:qypamkqlgmq5vuvdg4q6wghkecpvfd5y7yfmmgy4xz09hfgrajla6tg5xqdffl8,171000000,
98b8fda7945605718e8120f3417b22e94f4a3705e2ab40e351f071a7264b6f13,2023-12-13T00:18:54.828000,received,kaspa:qyprcjlnm6na4u2gkg476zv2qyl0vqvwssyj8zqrfxsvk0k8vyaha5stj42hf4h,171000000,
f5ca8aa8e0ccb00a9dac7beddc4b9a3dbedbf54aa3ee78bfd317db71313a93e4,2023-12-13T00:07:51.332000,received,kaspa:qyp4shc2j2r2dvsn2kqplylp5dkjav6s89yr5096wfyjr75h5y4q6uq2rg3x5c8,171000000,
94a8555cd4ea3d5dad3350a20fb2f428f6bc87dcbab2646ad617d7fa3bab816b,2023-12-12T22:09:09.695000,received,kaspa:qyp4shc2j2r2dvsn2kqplylp5dkjav6s89yr5096wfyjr75h5y4q6uq2rg3x5c8,171000000,
98913abc0c46a2e07aaba7da3872d108a20add396e7208323c59d5bbbc8eeab6,2023-12-12T21:20:03.329000,received,kaspa:qypswxtcrv4ssyjaswy5w9387vq73mkuyq85tl34cee6qn5uexqy0csgnafnjx7,171000000,
d63af922637151a7402a8853f33a21669efdc21d54da07abd2b76fcaa2f4c53b,2023-12-12T21:18:05.882000,received,kaspa:qypkgqkmfhc6flcfwlh05dep6cgx686vnuszmee3sm262t808k2eazcjmalx6k8,171000000,
00c50e879c4a060f1ae96458873f5aeba0aeb5eef2cf8849751d58f42780a514,2023-12-12T21:15:52.920000,received,kaspa:qyp09jwvzzyp0g4fdep2d2fekeh7gss2cd4mnug4jc5uel6xflyzw8csmlsjrqg,171000000,
a42b2e9d45fd2cf48c417c382543cb84a7fc0dd37d0e84ebe716d2666594bc26,2023-12-12T21:14:18.340000,received,kaspa:qypxh795z50lqe9u3fqnmlwyw7fjgw5xsd0ey6ltg0t3qwvhfpuqakgrgux5h9d,171000000,
121b479015c0665b7dd4073d1557b61da28b30b742f242430f59a98a43569e17,2023-12-12T21:12:56.694000,received,kaspa:qypkgqkmfhc6flcfwlh05dep6cgx686vnuszmee3sm262t808k2eazcjmalx6k8,171000000,
34f8190bd3a0e67a6e88c1c96faa4b942ee65984cc6164f3050fe9a77c7d1b9a,2023-12-12T21:09:09.638000,received,kaspa:qyp09jwvzzyp0g4fdep2d2fekeh7gss2cd4mnug4jc5uel6xflyzw8csmlsjrqg,171000000,
e78844f9cfe3582990b512ec3a339d8dda0c3cb69c2626bbb4bc8eead0f8c9d5,2023-12-12T20:50:00.180000,received,kaspa:qypqhwaag39ahn934e9njgp5uuzr7zxgcwtqpzwrkehmxrgl608urmg4e9n5dh0,171000000,
d1a1ec1a23d0e11b05aa12af23d79f61476b0282f3a1bed3b97ed05afce627ca,2023-12-12T20:44:37.252000,received,kaspa:qyp8vk4us67xk78zu9yc3x4ptl9xff3vg820vvqzx7gec6nk62jl3pgfp3h7hy4,171000000,
23aa0315363bfc048fa19f421368ee028e6483ab0ab93ee156bd1cd1580a79ad,2023-12-12T20:34:21.823000,received,kaspa:qyp4shc2j2r2dvsn2kqplylp5dkjav6s89yr5096wfyjr75h5y4q6uq2rg3x5c8,171000000,
2c2eb6dd782825d78ed1dfb59c1dda5f2d03a1e7b8e02d64d8eecc7fa28c8a78,2023-12-12T20:28:25.183000,received,kaspa:qypamkqlgmq5vuvdg4q6wghkecpvfd5y7yfmmgy4xz09hfgrajla6tg5xqdffl8,171000000,
6a44eb43bf2b0f5dccddefbd61b93f231057e00acdc28a2f78bc2775bde744ed,2023-12-12T20:24:15.248000,received,kaspa:qypl86lat3lsadpv20ywkl4he24sj5klmvdsm4k30ndlmyq63g8fcaqgn725vdv,171000000,
335f888c391119ece04938ee2bf794f276c9c64eb7ddf7f88b342013eb5977f7,2023-12-12T20:15:32.853000,received,kaspa:qypqhwaag39ahn934e9njgp5uuzr7zxgcwtqpzwrkehmxrgl608urmg4e9n5dh0,171000000,
9708cafafc84cb2511d527f099f94a1ed710c2b2eb534237553cc809414381a0,2023-12-12T20:08:29.765000,received,kaspa:qypswxtcrv4ssyjaswy5w9387vq73mkuyq85tl34cee6qn5uexqy0csgnafnjx7,171000000,
9d6bc6f1b1c0c7a6a83f6dacaf33fd2c713759519d2338be58925a3be2914a63,2023-12-12T20:03:07.717000,received,kaspa:qyp09jwvzzyp0g4fdep2d2fekeh7gss2cd4mnug4jc5uel6xflyzw8csmlsjrqg,171000000,
050ceca427589a523814f958e374e066abb8889097403f55c430330484f40413,2023-12-12T19:58:10.289000,received,kaspa:qypdv6v6mdm8sme0ryuw06axg22uqz3szzrs3jdadje2z2uqszhgm2q6rvux8k8,171000000,
498b2e04abf26385bd815bb6dabaa6bcd2b93b89ae18d0aca7377c522514d916,2023-12-12T19:55:51.782000,received,kaspa:qyp7pdnl7lcvupjaqrq07jgytn27yctey22a0l4hj6yy6w8ujauzzeg3wyd5jt4,171000000,
1fe67c1d6f1736ad7ac164ce5f81a7e7485d8e9445f9fae82e2d930e54a12620,2023-12-12T19:53:43.559000,received,kaspa:qypqhwaag39ahn934e9njgp5uuzr7zxgcwtqpzwrkehmxrgl608urmg4e9n5dh0,171000000,
d10370d8bb5e28d9fa1ec57a13cf711a9f2f09de7458b046f932d13b2c4f9c7a,2023-12-12T19:50:45.664000,received,kaspa:qypdv6v6mdm8sme0ryuw06axg22uqz3szzrs3jdadje2z2uqszhgm2q6rvux8k8,171000000,
824dba325104b8508e0d6cdfa2dbb634a12bd11411022910fd2d9293d721d262,2023-12-12T19:47:19.137000,received,kaspa:qyp2y2afskgrk04gsaktpgcwqs50g3ucp9k6yw3gzq383zlggeqm7dgpuu0kdj9,171000000,
af90264b82d374206201a58a2f228d5c61a761b81ce9e93093b8b42825b1229b,2023-12-12T19:44:47.876000,received,kaspa:qyp3tqm6gwk4ysnttvtq2haz8ffmpd62mcjj5dcz9jqg3lm58jpxrrqya7l88kj,171000000,
c51a6e60a7a521496fae8e9ab6390767818903a73ce248bfec65a17ec6e4a92d,2023-12-12T18:05:50.512000,received,kaspa:qyphjdfspkrm9wh3vhcwrjvgkcp9m8magzyjnrchf54yez3ht9p2rzgf26qpgxz,171000000,
4f63bb8ee43ed4214d24f234167e4e098a03835b244d5ebefcf93a4b6e397cba,2023-12-12T18:00:07.676000,received,kaspa:qyp09jwvzzyp0g4fdep2d2fekeh7gss2cd4mnug4jc5uel6xflyzw8csmlsjrqg,171000000,
0d7417fbf3f8c46bc0762c6a67b31562e9c3a282dc9f8d6bfa7cd25b77757789,2023-12-12T17:54:21.200000,received,kaspa:qyp09jwvzzyp0g4fdep2d2fekeh7gss2cd4mnug4jc5uel6xflyzw8csmlsjrqg,171000000,
d22ab5b64bfb5e8fcf5119086356fc76ad20f97b044fb4b180b1473bcbb0b00e,2023-12-12T17:47:18.972000,received,kaspa:qyplygdysxukhd27ua75kjvmvs8j04dz0apehqpgudgez74zym5jauqpt8f52gc,171000000,
aa61fe7d80ef3787e447f5af7d112d1705f58c61eb59f957d6b8ae7671ee4717,2023-12-12T17:41:25.698000,received,kaspa:qyp7pdnl7lcvupjaqrq07jgytn27yctey22a0l4hj6yy6w8ujauzzeg3wyd5jt4,171000000,
7107595a49a3c5d3a96829cdb303f2d93d37db17d3e4e291c9debd4ac68fbe9e,2023-12-12T17:33:25.167000,received,kaspa:qypdv6v6mdm8sme0ryuw06axg22uqz3szzrs3jdadje2z2uqszhgm2q6rvux8k8,171000000,
7695da92bc3b9d9aa6613bd84e86d341f22fa3b4d8b319edd8919a02e9cc36d4,2023-12-12T17:27:59.389000,received,kaspa:qyp4shc2j2r2dvsn2kqplylp5dkjav6s89yr5096wfyjr75h5y4q6uq2rg3x5c8,171000000,
596d4549fc59282d306114c42264bbec6e244afad6e00b40fa288164877989c5,2023-12-12T17:22:36.250000,received,kaspa:qypswxtcrv4ssyjaswy5w9387vq73mkuyq85tl34cee6qn5uexqy0csgnafnjx7,171000000,
81a5f7abffb21c616737d1cf0e7c33a27f5329ead93f986db0821f8fb21ffcdb,2023-12-12T17:17:34.882000,received,kaspa:qypxznxgupa8eac5m4a9tyzuaja0eguaas4q5aje0378z4yypf3u3rc34prk2qn,171000000,
558a0270353618ecb665cc710ed14e93a76a29f6daf09b8de29e83d59f8575f2,2023-12-12T17:14:27.288000,received,kaspa:qypswxtcrv4ssyjaswy5w9387vq73mkuyq85tl34cee6qn5uexqy0csgnafnjx7,171000000,
a7bfe7ea0dd1456569e90be9c764c33d65629ef1708a6f65830085f96ef2657e,2023-12-12T15:11:37.952000,sent,kaspa:qp2n8m859p79cdutmrjhafn92sw77xz30wz6s8vh440hrd2qrsvxjcwzlla2p,1367920000,
a7bfe7ea0dd1456569e90be9c764c33d65629ef1708a6f65830085f96ef2657e,2023-12-12T15:11:37.952000,sent,kaspa:qp2n8m859p79cdutmrjhafn92sw77xz30wz6s8vh440hrd2qrsvxjcwzlla2p,1367920000,
a7bfe7ea0dd1456569e90be9c764c33d65629ef1708a6f65830085f96ef2657e,2023-12-12T15:11:37.952000,sent,kaspa:qp2n8m859p79cdutmrjhafn92sw77xz30wz6s8vh440hrd2qrsvxjcwzlla2p,1367920000,
a7bfe7ea0dd1456569e90be9c764c33d65629ef1708a6f65830085f96ef2657e,2023-12-12T15:11:37.952000,sent,kaspa:qp2n8m859p79cdutmrjhafn92sw77xz30wz6s8vh440hrd2qrsvxjcwzlla2p,1367920000,
a7bfe7ea0dd1456569e90be9c764c33d65629ef1708a6f65830085f96ef2657e,2023-12-12T15:11:37.952000,sent,kaspa:qp2n8m859p79cdutmrjhafn92sw77xz30wz6s8vh440hrd2qrsvxjcwzlla2p,1367920000,
a7bfe7ea0dd1456569e90be9c764c33d65629ef1708a6f65830085f96ef2657e,2023-12-12T15:11:37.952000,sent,kaspa:qp2n8m859p79cdutmrjhafn92sw77xz30wz6s8vh440hrd2qrsvxjcwzlla2p,1367920000,
a7bfe7ea0dd1456569e90be9c764c33d65629ef1708a6f65830085f96ef2657e,2023-12-12T15:11:37.952000,sent,kaspa:qp2n8m859p79cdutmrjhafn92sw77xz30wz6s8vh440hrd2qrsvxjcwzlla2p,1367920000,
a7bfe7ea0dd1456569e90be9c764c33d65629ef1708a6f65830085f96ef2657e,2023-12-12T15:11:37.952000,sent,kaspa:qp2n8m859p79cdutmrjhafn92sw77xz30wz6s8vh440hrd2qrsvxjcwzlla2p,1367920000,
912753cd6f3e383353aaddd0927318b944e2541b750d4ae7800fbd9b6fbd095e,2023-12-12T11:31:06.895000,received,kaspa:qype3mfd4s9y9lvc9qfprut60upxh2p2d424sq3ahymsg40m3yyhnfgpgyqxkn7,171000000,
561386dafeffef09c33ac987dcb76de4b4e48f4e9a60ded293638a319a1ca029,2023-12-12T11:13:45.686000,received,kaspa:qyp4shc2j2r2dvsn2kqplylp5dkjav6s89yr5096wfyjr75h5y4q6uq2rg3x5c8,171000000,
1947ebd4f7d7560577573e12daa6a291b0f9cad002f05414ca20bfdeb4c8cddf,2023-12-12T10:58:48.678000,received,kaspa:qypwcme2wrftxsx5v9j6gtqcdt6lekdmlgny7uy2c65g58usa2pknqch006uh92,171000000,
0b0ceacb25bb09f7ed4b5f7b5c4cf614d7fc25e666d618c40bb11bdc8c486117,2023-12-12T10:18:22.480000,received,kaspa:qypl6a6nm0hqlpqz5k628yrc59vl9gpx5ulqwxsr36pua75u9gevxhgq8nrc0km,171000000,
354cd921e309e8f6e3630df27879dda0891bfb096ad32e17a7fb5c76d8d41059,2023-12-12T10:11:33.590000,received,kaspa:qypxh795z50lqe9u3fqnmlwyw7fjgw5xsd0ey6ltg0t3qwvhfpuqakgrgux5h9d,171000000,
76f2aa5fff3c8331c55ac60a0d62ffc8736f0ac157de837c82fe93ad36199a98,2023-12-12T10:00:04.061000,received,kaspa:qyp09jwvzzyp0g4fdep2d2fekeh7gss2cd4mnug4jc5uel6xflyzw8csmlsjrqg,171000000,
228ed7d9554b2f5e5e983b23f8ffc3bcbd9d7968abf7ea6db0a46f23f677b0ab,2023-12-12T09:41:45.629000,received,kaspa:qyp0jd37dhx6sqrr682y6cme89gjn4quzpeuuu3y9c82drvcpnecjjcssx3qp4x,171000000,
101addf1076775d556c616ba4fdf9cf2c2b49d1c1e6699b264b0f493f6f936e6,2023-12-12T09:34:08.606000,received,kaspa:qypl86lat3lsadpv20ywkl4he24sj5klmvdsm4k30ndlmyq63g8fcaqgn725vdv,171000000,
47a75d111ea103a7d509291632f3332123b301f124566f97bdc874aa06fedb70,2023-12-07T07:09:46.704000,sent,kaspa:qp2n8m859p79cdutmrjhafn92sw77xz30wz6s8vh440hrd2qrsvxjcwzlla2p,36169980000,
47a75d111ea103a7d509291632f3332123b301f124566f97bdc874aa06fedb70,2023-12-07T07:09:46.704000,sent,kaspa:qp2n8m859p79cdutmrjhafn92sw77xz30wz6s8vh440hrd2qrsvxjcwzlla2p,36169980000,
cce7ae2b70e80b32cdcdb03f1591d41775d1d62c8aa229b2ef67c782967ca1b7,2023-12-06T11:55:10.148000,received,kaspa:qr6ke2ccl3e2h336wvpy2tveu75uez685ndtggykz7qsqgucpqqk6mc6mpfyz,18085000000,
29012376fdf48be45ede7364ec48d6bbb4878821d987523a9d84a6b97739ff97,2023-12-06T07:51:14.933000,received,kaspa:qyp09jwvzzyp0g4fdep2d2fekeh7gss2cd4mnug4jc5uel6xflyzw8csmlsjrqg,18085000000,
11d00ca345d0bed93726a650dccca466b28eb191b4787736a69a6f23a5260296,2023-12-01T06:51:20.437000,sent,kaspa:qp0p3xyg009w5qghp0p84lq92s8zq0vq0672zxjz6w6gtw8halfsvzm5cfyg9,344530000,
cb8078aaf277df9d2e744921ebc879937c4f24c117836820cc71721c45da331f,2023-12-01T02:27:44.926000,sent,kaspa:qypr4muf2f7ns8truw8qreavv6zx2ay97mx4nk86ly44ccjys3u6qwgtshkq7q2,18000000,
6d6a6629b6b42002fcae8945dda78c378fa7f83b976aa60c454681122d5a00ca,2023-12-01T02:21:41.015000,sent,kaspa:qypulwjq0c39czenmne8rqa20255hw9ay5qfd3a2qmfgaqk070eulngsulv8m4p,18000000,
3a7c91f7751edf78aa0af3d0e7ca22369d93c2652293ace43b5fe7c4ae4213fd,2023-12-01T02:16:20.038000,sent,kaspa:qypspad0a53a79awxxeah9qen5dxrcxkpffptvacxjhyql6cucc6x5gmk6tx3j5,18000000,
cbb32f49216d687cfe984fd90d1727b5282eb9a416658dca58d47e4dd6e9a86e,2023-12-01T02:10:51.358000,sent,kaspa:qyprk7vmq2rk22vqe9vjr3yxmcvl6sdfug63ndxv6w7s8crljgecf9g8y6cg52j,18000000,
96afbc0ab62d0f6aa740dde357bd4deedcd49e92969b3857ef820550255c90ad,2023-12-01T02:06:23.777000,sent,kaspa:qyphy8g6tzpeez4ds0cngmljn2ekv77zj8ezvdzury4990usu7ctm3qk5gm2xf7,18000000,
d40acea933e6891f8a6e2338c7cecb3f22d4baf8bf8f1370452df0976725d93a,2023-12-01T02:01:32.446000,sent,kaspa:qypcrtdx244rz7z4vjvrgp7l9smggp6l9309klj7nkqsftz9y6euyhsx4xfawju,18000000,
0a590dadca12942fe792647c352826cf288d878679e20ac223dee0026cb8640a,2023-12-01T01:56:20.486000,sent,kaspa:qypn5qzn39aga223c0zgmktwgurk38993h5v4mefatzfq7c0kpnwvkghy63el89,18000000,
44dee8f7213cd170b0e21012ceead500763f01c68434b60ab8a780e97a8e1dd6,2023-12-01T01:50:49.865000,sent,kaspa:qypgmahvye2h00z0sgv9ezrk5zy6sh222hvk3fmtrsmfd7sl8c8ettquscjfg7f,18000000,
df8e7560664b5b6a6e375e65b5501177b4537c28827b30168ac0ed3f50031529,2023-12-01T01:45:24.230000,sent,kaspa:qypd43jt48dl64nvfsa5x5g5dtzvkdd5vwwky8gqwxspygldhdfpt9qr5mm8u9v,18000000,
45a2db98c68323b926787fc2ecb5c2edbd9ab1fcf5b208df28ea3ee92e5bfd77,2023-12-01T01:40:24.263000,sent,kaspa:qypd9m4y95w6zhd3qcsyxp7cxgfpn7flug3t43rl6xme85q5v256seqsvhuech8,18000000,
5775023b8ed35d026bbbf7f2e860f33bac02ae82462b995c2058808781a0a437,2023-12-01T00:22:24.502000,sent,kaspa:qyp6d9l9v7t7m74z5ya3vegapg06kq9latjwm70u23w20n9r9mrgvxcsfasl3z8,18000000,
4ce915f705b7430fb7125e75d1041918e47c2889a16a4b94486eb8945724a8e9,2023-12-01T00:16:40.091000,sent,kaspa:qypkdv2g7md00dfeq3qk2fgv0d9004zv44smvyccg7vrzshlxcfhmpg538wwsh9,18000000,
e6a84cf8079b33ff9840013110a6d149cde369de488e0de7d0704fa67d9c40e0,2023-12-01T00:09:30.290000,sent,kaspa:qypvuddx7qhu45wwfllftsvqup9v3mg76r5y3ksfppx0fsu8w6m4xpgrvc3gqw2,18000000,
706acce894ef3e61a7a323e12610999333d4e40d6f60b33d289c80fc0d33607e,2023-12-01T00:01:24.637000,sent,kaspa:qypdjrph8jyxmdw0wtcrtdas7jd8v0a4w9lyuk705nhqvap82jzsgjged6c8w8v,18000000,
7c6a9ad2bde08127a258d542d2e692116c22202d132f097ca28cdeb53dae5204,2023-11-30T23:42:13.035000,sent,kaspa:qypt4ujmra6hkj80ptys5hfm6qnl3jh63sdfas5w639qvnj8k27zzcgdkdq2qex,18000000,
efd1aac4b34637688386ac4b258f17bed0413581b1381d6fba8a93288a4a1b98,2023-11-30T23:34:10.592000,sent,kaspa:qyp53xgwwgc8kg356kf2ymlqlt47gqja4ynxl5vswda3mrw9nqqmhrgdpngx5yr,18000000,
8fada8493c5faa90e0d5a97e58265ce19dfd03dae0f0fba66fee444a826fc5ed,2023-11-30T23:28:55.699000,sent,kaspa:qypgxvwzyrgqpceua0ah8d9lhcmfvces4fmrmaf2v6entstdheuehpggjaa2yvt,18000000,
3f75085515ddb86ae027db0ea4a35a88111d3d34826c116fd78fadef8e9c95cf,2023-11-30T22:19:19.487000,sent,kaspa:qypypprlcjshjlp8n752g76le0mmqh0v920uahdqcnk7rjr0k30fa5c7h3mg8cz,18000000,
d7749e026e967cdf4bc66ef9ed699347f634c402c99aaa142545aa4296c4fd24,2023-11-30T21:41:37.147000,sent,kaspa:qypzvs54uxz8q82f2yjgx8s4yf672g8zw5c9qkncjcktlypdu24hmvqnec4r926,18000000,
31e9578869e8ac9c7eea78366fe43695855eb1e7c5b438ad871ce96b3fd352ef,2023-11-30T21:34:27.962000,sent,kaspa:qypv59dh92d8mnar3s7zpwmxnzsun8ll53syskghgluj6ggrx2cq3lqqgf9yqtm,18000000,
731203c217d766e088b764abc9251ad9eae25f5e4d058c0142da7ddf9357d886,2023-11-30T21:29:40.863000,sent,kaspa:qypacv26k5vdrmddsj302t6vhgpxsaja3ls7e2xcax7glfc0zk6jykq9xw4dnv6,18000000,
9299ec0adcd0641f9ec619969667d1a10aa8b434adf146d039159cc5bd798871,2023-11-30T21:22:14.188000,sent,kaspa:qyp4dcc6jf6dm6qsxjzc4tt5ne6qzlkjpn3f90gugkdj4sr4rtnwq8c0kjgxl4d,18000000,
47d86f3d15201c140f99b708c76f6f37770878812903f5665961c3d3ecd65a25,2023-11-30T21:16:56.308000,sent,kaspa:qyp4pr0vl0agd5h4lex7q6zgh747a7fhgmt76a4g0767ssmr58pav5qv2usyq79,18000000,
c827cc5ef220522edd078c3e7d33239a601ca326b9407af7de655f8b5bb69f4f,2023-11-30T21:12:27.329000,sent,kaspa:qypz79yfjf57rx8dmdmd00euyqu88hlgjf4px892ryu0r7s6yyvgpmgdxpc88fd,18000000,
72f74c6854dd77c770e23ecf996592fe3cb2c45f1b1d57279695efbf7dcc31f7,2023-11-30T21:07:31.157000,sent,kaspa:qypkufxur7ee5rg4jtaxralsv509a6dzharxet0yngxzlyradet8a9gnr8585kh,18000000,
0e0cb5093f83bedba4bfe2054a8d7a7544464f1f2724c32ef486c8c7b64965e0,2023-11-30T17:37:40.620000,sent,kaspa:qyphuzynx7tmmksa5u4uhr6jkpzgx75mdw0u24hm9pnrwwgds2wc4sgvmtlazhf,18000000,
988b4786f7836c2182778e29ce02d19fa4fd2177c8e2eb255e529e5c8304f73c,2023-11-30T17:31:58.033000,sent,kaspa:qypsr8h8xu4uuhf7cv08c3tzdq62hf0tzhc8p96mcj2w9uzhkzkn5uglypwct2r,18000000,
6cd04e31aa577e6d63edc08dfa73efa78144870b95932310b67859312cecd5ad,2023-11-30T17:26:49.301000,sent,kaspa:qypr4c2effz4ftknu2myrryn9mjfatnnhgvs5ew75kwlsmw4pqfy37cux325w2e,18000000,
a8f88d0da1eb2325a826d4c4ddf79a4524ccdf5257576d2143478c0b6e057b4b,2023-11-30T17:20:49.041000,sent,kaspa:qyplxrygy9tlk4vkj4t08vtuvp2h5eemyqjvdaxnkcjczt5w2nmvn2g4rv7ykxf,18000000,
9405e147746c825a5a3da51ea09cad6d49aa53eb07772c849f8bb017d06745fb,2023-11-30T17:13:21.307000,sent,kaspa:qypt4xky7wv2t7tvjuwm5g6x8s9klwy2g4psvtyj5wjawkf9urqcldcm6r7rvsj,18000000,
6b22ff34eb5f65de06a5e5432816f2b74db206413b6a66c89319d7e135a04f57,2023-11-30T17:06:14.790000,sent,kaspa:qyp27psulp4zj6e4dy4ammg34eevq2ar7hxm4ca02lpgevca6xnwd7s37p6lnuk,18000000,
14d897772be661eb9f78795994e2589600b0bab0bad2be2f5df0dc36e264113f,2023-11-30T16:50:24.517000,sent,kaspa:qypvvtev9h8hk9x5c3qczt6vrrrtsculn0gv9hqv5c4m04ruks09xzgc4x6la2a,18000000,
44977ca29770ab7b59867dcf049eed706688dc5bf86e63fad518d8b61b34eb41,2023-11-30T16:42:34.415000,sent,kaspa:qyptkuwg9w8da2k6je9h9jemehlnm5pcrjkld0damxgfz6uajf7nu2sj05dp29c,18000000,
ababf552254ff70382e7a3e5cd167de1f4e7048c96add8ebf43ca5ccdc57edaf,2023-11-30T16:35:58.001000,sent,kaspa:qyp4fzj3a7pmdke53jnk7s28jvwczdlprukjadytu65um355ku597tqfggvevnj,18000000,
093e3f14f6c4946de665acf3b3785b14889ee9f5a1108363b0e4ff0e4587d04f,2023-11-30T16:29:53.185000,sent,kaspa:qypd7rtpurcpduls9xgyquhvhwamzgd0mgnqnrz9m0zt5f0a8g3p54q2ewnp9v5,18000000,
43b0b6b34145dd6ba3a35110086549806e99a088d88a60bbf5cd6c283db84e2b,2023-11-30T16:24:50.186000,sent,kaspa:qypt3fxvfzwhts320xdu5kjh6p0zssqp6rm27smr0kz5e8s9muejcrclwt8xdcd,18000000,
f1ce69408f9adc8996d27c363d103d0c67e751af536b63a352d351060c9118bb,2023-11-30T16:20:18.203000,sent,kaspa:qypj3m9635fk37tks6lujpau42pwpz6ee8f485fgzeqy06sc8zrzf6s4n24w2ne,18000000,
b51be3963742c243e80f03a1a6e19f2fef8d6def301fb4e226afb12d5fb3fcaa,2023-11-30T16:15:36.871000,sent,kaspa:qyp5rhgcdj7wkvup62xf3dvwfp0c6pxpyc6c8mdzkvv5kr8ax87f4fssuuen3ty,18000000,
60e253ac3eaf34a4da1178a6852b557512704621ed135863e1f6e0bccf7e7fa8,2023-11-30T16:10:06.406000,sent,kaspa:qyp5cvfe0t5ncdpp2pyeg6wm643l65lhvsne7e2vzswuvlpltk77dtg5x4phjfq,18000000,
50ba5ef3a2eef9fdecba1bf6b403731a739a7a46427f38217e37b7d278977b18,2023-11-30T16:02:43.052000,sent,kaspa:qypk80v2dd23gxvw2sssh4tahl4v4c0ew3ct338fxsegw9w9uptfa2s2m9rfghs,18000000,
50ba5ef3a2eef9fdecba1bf6b403731a739a7a46427f38217e37b7d278977b18,2023-11-30T16:02:43.052000,sent,kaspa:qypk80v2dd23gxvw2sssh4tahl4v4c0ew3ct338fxsegw9w9uptfa2s2m9rfghs,18000000,
69099eef32dc5fa6a165e986f84afc429383767d34b02f9bc95a8ccc66946f67,2023-11-30T15:57:32.051000,received,kaspa:qp0p3xyg009w5qghp0p84lq92s8zq0vq0672zxjz6w6gtw8halfsvzm5cfyg9,700000000,
9376447fd15d00e0218276db1b66efd8de6ed6b2c68d1753cf185de410908b05,2023-11-30T13:18:22.947000,sent,kaspa:qypkp9xlk4nndpkauyq0e5smvjf45ekvpfjkg0lfatadh8u4ak6584skmusdqz8,18000000,
5e0339eeee7a1ea1c1b5856c1696250e8d90640f4ecb38cb937841d6a6ed6155,2023-11-30T13:12:27.685000,sent,kaspa:qypv6u5auyudkvnh234ttqxez3etz7902rcsyvlxeljj8cutu5qn8vs9j6d0w49,18000000,
8e3bcce44d8c852ad1938483fb1789e2005376071a907ae5df741902319b9d64,2023-11-30T13:07:41.110000,sent,kaspa:qyp2gh3032uclxy285stegc7zhfk7lf4ylq4k5l3vzx0l9tcsp44uxg0pzk2kdr,18000000,
20627bea47eddf01d79ef5990b3e3d8ef733fbc33c79fcf3d35378f9321d1250,2023-11-30T13:01:56.601000,sent,kaspa:qyp77q33xqhzjvh85eha8zgkcnfux7s39mg5gjr457p0ez0ndqyss5s5awvt80r,18000000,
870baf2e76de0f16e825bfcf26c40a83dead3e0ec40b0d6c0cafbf2d0cd84cf4,2023-11-30T12:57:00.572000,sent,kaspa:qyp7vdcfqnkd7qxk520gxd2zl4jqnntfpnquxjv40f0w8svhwvpn2mq409gmd9d,18000000,
5d0fe17fb28ef35751e7d14619a7b6219023748972400f6ef5a694f9aa279f97,2023-11-30T12:47:56.313000,sent,kaspa:qypndqmf9cxvax59xkpt7tlzxy3f7c0lh8wu9jesjt2lp7vahqe9u2cf3zk0dtz,18000000,
b9ea79e4e4d4d46eeda5a196dc9ff71b6e3c416379e7be47eef8b8295485e5b0,2023-11-30T12:41:19.601000,sent,kaspa:qypadfjfppe853v6akwwkc58tj8nqsem6rltm0pkze8k29w558xpgagf4zy2uy0,18000000,
386e403818dd04c47aa7416d4d6e4ce9d701a13df417ccc6e4f9f722da10fccb,2023-11-30T12:35:59.789000,sent,kaspa:qypm7dw8vpjqjthmplg8ww3447khpdcxfv98u3aw6fu7w7ef7f4zlzqeza2rx82,18000000,
99c114bc4b74a9c42a25e3b404b0b22a865947970cfae62ea5a2392458692f8d,2023-11-30T12:30:34.533000,sent,kaspa:qyp8nmjfkk8c3w7muvt4tclttaf530lzt4dycxlxkvxxfjtapg8ny8qxl740tcv,18000000,
ed3419819611dfb0a17ba4f8d3cb51fa9e1ff0d28fe2b9bc0a494d6e28767830,2023-11-30T12:24:05.224000,sent,kaspa:qypstzwcd8zcsyt4ry98fzcmjnq775pt4g7w9pqrhec3t4cle733plcszp3txgl,18000000,
8def7533dc704d3269c0596eb26668755c63458f805b38c708daf73df229dba6,2023-11-30T12:18:09.064000,sent,kaspa:qypwknep78pa0qptwwtdnuyutl5qtz0fw8d9am90jl2h2ldgg2mjnds28z5hnk3,18000000,
a266e6376f97574fff21b389eab68de6dc4c85d5b508398863301433a6ccff4c,2023-11-30T12:12:12.625000,sent,kaspa:qypdxaaw6u99ku5ljpfyxzye3g4x6lls63v5ux6698jxtlqvcxzfgqg5m968p65,18000000,
9b23dadedfb16889f02489c0e632f33378afc551d7b5331ae0c2889fb360e422,2023-11-30T12:05:03.019000,sent,kaspa:qypcn4kahdrjfz5cqrp6h0tl32rdvuklk5sv0y3ple63dwv05t8qhasz894aasw,18000000,
5c1b824b284908bfbba98e13cd86799b71c22a17bb5f4257163600df17e76ba3,2023-11-30T11:55:12.916000,sent,kaspa:qypyl8jpanwcjvxn2ml7awa9csrltvmkndd8stpj6kr6zxtnjwf6kmsasrqvezs,18000000,
8c86354ffb7de483fb5f8dea5bf87eec2ad2950d961981d7a5b7a7e1b2f36d0a,2023-11-30T11:46:03.002000,sent,kaspa:qypujw8jytlqncenrlrew8pf4pvlaz8da2ll4n9l82d5u5wmk7y0q8sqzj8cuqx,18000000,
009e08e9bb7dfb6cd8e911c9a342067184efe0ba463fd823384e105aa2f2df24,2023-11-30T11:39:50.250000,sent,kaspa:qypzpg3kjeshnlwgux3j989trmeveukkedv5nqmf5slpelynsana8rgzuwrl65n,18000000,
a3646f3cab1bdeb4236aac4ca96f656142c035e13e42da634a559ffd7d7fa217,2023-11-30T11:34:57.435000,sent,kaspa:qypupx3ejqfa5mnatwetulf0zamrczy4ucvha3vt42s746utzjsuxacfkegn3cn,18000000,
47fc0137540c8703fb5211caeabe30ce2b01a6182aed9f6185174e5269c94ae1,2023-11-30T11:27:57.815000,sent,kaspa:qypah8mg73eq8jqfsxfhf3qt2mg4ch049sr9eefdp6ek6xfrgs48prgaxuny6lt,18000000,
96c115750b8f040105711d70bde02aa6cb3c120e0e9ebbddcc421b70751081c0,2023-11-30T11:20:18.422000,sent,kaspa:qypes56cfkey8rlhys3d26770jfq52tvvrtgtg66mkh3ufvuzfcf4rscsnhrzx7,18000000,
898962b316e35a60ef14db2a6fbc74df92e556db68ba84c4a41ad117adc6c6fc,2023-11-30T11:14:13.669000,sent,kaspa:qyp23xv6ac6p5yqzz4paatve94xpg2rfmvtntphgvaasad6zt29nfygfmsp26x6,18000000,
7872a8b054b484c71e33be3c9a17e7ce86bee9ab62d3c122bb820e59b34177f9,2023-11-30T11:08:59.660000,sent,kaspa:qypsq5tq4gzp3xcd9s4j9l5rsww4hwjdaw6665nq7zqst8uknw65h3c2jvuk5hz,18000000,
88fdf204f913d1793799094fb5a481c9928d3f5de6fe5938be4c48db869e2122,2023-11-30T11:02:44.726000,sent,kaspa:qyp9vs6q48fm7ks2sa0735s882ptmrhqya2q4q677hp0ejjye79ym0cgm4v5pzf,18000000,
ea60fbc69fa53eb4fe85d8bf28b573a2e2fff122d14cfb8d781827b63b792fe0,2023-11-30T10:55:39.836000,sent,kaspa:qypyq6ndy5mdv98ghhy6na6wzkv5mrrevgtyurzvwpzqpdx4s98a4ugkma8h55e,18000000,
b92adbf5c07d82352fe0067dd8ec1dee96319041fe86cd7859a6c0308d412147,2023-11-30T08:48:33.547000,sent,kaspa:qypeapnvyr5luuhe43j46uc3m7jq07yjrlnymgh47v6t8w3sh3uuh2s52802f7k,18000000,
0085d045ff1561dc46c8dd6f8c0b3a27e12db2ebc39ca38feebebf929ddfafb1,2023-11-30T08:36:19.953000,sent,kaspa:qypyqr0tfc09x0kcej7crqaxpq8cznlm20mft7457tdd9wext6xq2hgth09vpdh,18000000,
3fc8da3f221459aeb87ef286b3fb4839f4d9212321b65de76b3c580d01ad5101,2023-11-30T08:22:40.939000,sent,kaspa:qyp908flyujwqc7rzndfm6gcdvwuu7nknwa38jme2vvc6gxncjcxnkq34vv6w7f,18000000,
854ae61e928b612205d1a4490fb31211d61b451c03d97034552e7ef4a3504f56,2023-11-30T08:10:41.880000,sent,kaspa:qypgeqgrgdenq27vrwwrwlutnml8nqmfcal894key85flfs0xr5lnkc99edhl6g,18000000,
d7e5d35a52323c024ab34701192e72d5c13dd11054ac11730cb1d112a17fe574,2023-11-30T07:58:20.718000,sent,kaspa:qypne5p7mwr4vq44a5gpr3c8ahdjvms8vus52tq45s4wqmyz9gnprfckwufed6q,18000000,
6eba0090606ef345582cecddfd49f27089894eccaf0da413850c4ff23c96e6b3,2023-11-30T07:48:48.179000,sent,kaspa:qyp9gpu5g0ajrq2fmxjt64y04nq6p3as4cmcvvqz4h6vdtjlzuu475q4z7h6xh4,18000000,
1b282014263816b9d0b4e5e59ce7abe0d83ed65f29ff99480d3efb9e727b35df,2023-11-30T06:53:18.204000,sent,kaspa:qypf8z4l3tju0usvpy3mldxmvef7m06egz0fnj9u7frdt9e8hv4zm4sccalhfff,18000000,
b55a44ae115a056ec015a24fa4319b835c148a9a3e4c85e903fc85fd3ee409ef,2023-11-30T06:37:13.177000,sent,kaspa:qypju89ndsrw48vlnsmxvhnjuexl7zpulhq9k36vx05yyt8jvjd7jmsknuhx3lx,18000000,
794ca2e6e3e1dc021d468d9d1fc1f5bf084000b3fd9a6cfbeaaf87c250adb375,2023-11-30T06:23:30.123000,sent,kaspa:qypsjjej2v7zd7ge3h07q87dl5s5azs4gfjdkt0s7zx3g4ee99vfgeqxyc8qwqg,18000000,
bbb056ab7aae6c4f793cf922fff5d1a36d5d3cc4067491c3e7fab4acd4342371,2023-11-30T06:05:35.333000,sent,kaspa:qyp56s5m606mnp55u9amznedlzpzuvmmfmdfz7lla30lcktc0w5tnzs9rpthrgp,18000000,
af6f901f93a3c485ddfffc3cda0fe31a3607e3576e103b4ffc1c177af6263945,2023-11-30T04:33:43.247000,sent,kaspa:qypf50kx7nz76qseez7gv88e7qlrp6v2lrv63ek5naqxdfgc2f74pjst8c79al6,18000000,
dc3492ab3ce6235b867cf91a6166152ddef59b31fe8999b5813354881c984860,2023-11-30T04:26:34.346000,sent,kaspa:qypccvah8t8sjm38eqdkxqeqm6w2qen246k89sqnt9x7vlenhlz2qlqm4zajjda,18000000,
bf16c4b4a1898bda3a5583b0016c17a27e2197438501120add3ffd0383e99a83,2023-11-30T04:15:21.166000,sent,kaspa:qyp5avqlf4ud63ywy3cutwtdmqgrkfk0g8s5nerc08lw8pyfcd4yexs3fn3kad3,18000000,
bf16c4b4a1898bda3a5583b0016c17a27e2197438501120add3ffd0383e99a83,2023-11-30T04:15:21.166000,sent,kaspa:qyp5avqlf4ud63ywy3cutwtdmqgrkfk0g8s5nerc08lw8pyfcd4yexs3fn3kad3,18000000,
e9615899ac9321fc30b5992b818727a98e6dc3ae15dc6e31838dbfe47d0e3568,2023-11-30T03:25:44.578000,received,kaspa:qp0p3xyg009w5qghp0p84lq92s8zq0vq0672zxjz6w6gtw8halfsvzm5cfyg9,600000000,
946679be27370b3ed42d779d298fb4cb9094a141d91c754da2fc87bb8ff85e18,2023-11-30T02:04:31.117000,sent,kaspa:qypr9dyvg9aa8qdzku8k8pyf47gclcd3v308jtqw20a5stuwxr25p6qvfqsvkwv,18000000,
ac365bf93c8f77420190e9020debac4f3c27151911c05c49cb49c1c99d18f494,2023-11-30T00:29:35.376000,sent,kaspa:qypxr236w5wxj03hxg8lfj800zwxjr53rksxxtag6w7085dz4akn37sqa4zrp4q,18000000,
430f277a1e0107fb5d2910d143fa6ffbdd1d3c88dab4dfdfbff465b34563bf4b,2023-11-30T00:24:34.669000,sent,kaspa:qypzmk9k4jyk2um8eqmwpz6uhydt5rdcy4zeehr06zhszjkm8nhepyg4x9qc4y3,18000000,
d9fdf13b722288aa11f6b2a30fd2529d2d6f4bbe1de1a0692f7775eae4ce6de3,2023-11-30T00:11:35.199000,sent,kaspa:qypw3cfcdw6th8pkh7rwujpcyxge45mf2ztfuuu9r4lk3s9s7hecazc0rjfrma2,18000000,
5d8d4658f4c807852da2416fdae78d0474e33faad919e614a1816ab7f84afab8,2023-11-30T00:00:47.585000,sent,kaspa:qypd8329jtqdphl0y2arhtmuxphw0mq3d75a6uzwmf48euzdhu3up6cd49amssp,18000000,
f282fbd744ec16ba3b7e8fb9d80a754c86ebd8d2af96042a72fb3648e98f2628,2023-11-29T23:55:18.269000,sent,kaspa:qypmd4u95pnvzrwtgfmpaehz97k88m33dyztl0n5kq57yczr8v6a9tcww2eflsa,18000000,
a550c638215b69f8e53f16eb13eac717f31fc751186a69bb8a8e9a5805928214,2023-11-29T23:50:17.265000,sent,kaspa:qypndtnm9z9qf93g0mx4mc4kw2feqhyk6yx3vgt5hwm2pmxg635n8ssze8p0u8u,18000000,
94d6c1d88b54d2c95ad498b1b2aae7310a5058bda61761613dd6826778770fe7,2023-11-29T23:44:58.477000,sent,kaspa:qyperklz6rtjlpm4uf3jn76wrfx4uwjx7evw9xlzajttu9xy4f6fxls4xd2h36v,18000000,
dac9beec7dd2f38c95b166ecf52a73f8d866c4808f40a27f5aa49b9f2b3d2a01,2023-11-29T23:40:02.193000,sent,kaspa:qyprl4y652lvw58tuh20zzfd7dmz069jtgaw87y5gsvcfa5vkra50nqr8xeptdq,18000000,
2dbf6972187acb077dbb951d3bb8d2aa1b3cac46516bef5f1331f4c3e5ee4313,2023-11-29T23:35:17.650000,sent,kaspa:qypnv5ut0kgn5xwf7hz9dpl87h5zsqq7sne6q74d4yhzez4whzrpqws0dgwvdxz,18000000,
c99503c393f019474fadcc1597f868c85dd4f8340a436c0d4042ce394adaf1a5,2023-11-29T23:30:59.586000,sent,kaspa:qypmkvmxmt6zdem6acvtqrk5jnznfdgfttmrpxwvh0rkpmf5eshsfsgqav007n0,18000000,
df654b39fda42c3257ef082a18602ab2714a46c8835dea9989a0170d1adc50ce,2023-11-29T23:25:50.081000,sent,kaspa:qypzreeru66cga3n4g3twvrzlr0g0gzq8t5fhsfaplh5mv8p9l5r4cg8rpjf8kr,18000000,
3035e6d0816be9ca4b9538c2419c83b44302cdee3d99b715608a799db7869b95,2023-11-29T23:20:44.795000,sent,kaspa:qypep629m9ad6k8atf3kcn5d3rlxm5rk6jfqwvwj29ajm25cw95c5zqu35lwz56,18000000,
1e9e7adc2c338c93d4591e19584c16131eeb66a7e22bba298c414de14c45d4c7,2023-11-29T23:14:56.538000,sent,kaspa:qyprdt5fj68r98zxxutswpg8lgpvj7mypfn752t89vsrq2wqyqj0fuqxla6d69c,18000000,
338fa30100a3221c7ad381036af0bb44a288d0ac93196127e2b158d2e035f312,2023-11-29T23:09:48.048000,sent,kaspa:qyph6fuyjnj539xp0mk37tq0vqfqn93yffqlgqjt37q4f9r52q9nhngxaxpqru8,18000000,
9be169a4d156e3b2b8142f22f19138b7366768f47399fe837598ab699394ea8e,2023-11-29T23:04:50.728000,sent,kaspa:qyp726v9paenkngtfgy7usx6gzcnau9xj4793qw85lf0syav25ejwtgtzazcld4,18000000,
a022e8a9b13d259c8b2dc3e73fbe569d1cc89006601d15e0c6982cc08523560a,2023-11-29T23:00:07.823000,sent,kaspa:qyp9h8jvvw0w95egh7elzl94lnk3lunvgqqq3kdg6lzlsl0kamxtezcr7u9ntxv,18000000,
00c67f30fdbdd7e15bf3b1d996f450194632e6c686cc685ac923244d45855a9e,2023-11-29T22:53:51.286000,sent,kaspa:qyp0n6m4trhfr3x063p9jnpap2c07xnmwt3zxzujd2m39s20ve98pls58u4ydll,18000000,
df26040be745e030f876c18c22dfcf79bb7e8741fb8a2d13f4d99a10ffc07e19,2023-11-29T22:46:42.272000,sent,kaspa:qyp2u2fjnm630zqdmxjar22muvp4k6ny68jqt7ll3pkh4qpv28zye5sffqzupyr,18000000,
3fcac6e532992f3a70b3066b8ee3da8a9ec389a092440f53b76fa0e7758ec1a6,2023-11-29T22:39:53.106000,sent,kaspa:qypq8czyy0s3z7emsjrmwm77nth7t7wak5snaqtcm274hrkryu0jy0qpmsffcvq,18000000,
d8747f202e045207f4fc531ebb587d999262db3e93da6982352ac46fb4b1ff88,2023-11-29T22:34:55.347000,sent,kaspa:qypeeqeze9gvanwgscnjnpktdqzn4z7x0savtkya6dxpnmjlz7a749cgxla8wpz,18000000,
4a9f3c1545f37cf3a0a9b1545a421df83b3ad4d3b8c2ec9793f027e79dedb556,2023-11-29T22:27:00.453000,sent,kaspa:qypdthd3p64z0a6jdk6l8mt8j996k668udcy98es5zxhkj9tzelkq7qdpx8g8fe,18000000,
ed1bfd8e02e196aea1bca7e53adf87225e246282a4ff10e9746121cb0ab25bc6,2023-11-29T22:15:28.784000,sent,kaspa:qypgxdvrlwsne5qhwy4qls3uwzm9spkx0s8fw9y8accr3krmz33y02sz6q4acn3,18000000,
d416a1db8592325d789e756ee0f41967b4022d986d6480532895e16ea8a230bb,2023-11-29T22:07:18.353000,sent,kaspa:qypgxrv3g20wv90ru4trfz5qzsdpylj4zslctkrux637u00qdlf8ucqzzdpja3s,18000000,
82c401580ea0d688bc8245f82e780699a6e435f31d9fa699d329d9f8c58f3226,2023-11-29T16:43:24.068000,sent,kaspa:qypywwkgz732d83hxa25qs8npd02t4tk6etlf6mu4tqr583rdd7qg5sskw2zfxd,18000000,
f2b0e7f175f911a07dd97e1032cd3f7c8924b11c047c900b8d9daddc2488e076,2023-11-29T16:02:04.493000,sent,kaspa:qypr855kzttf309wmng0cqmyldzs5hfunyznkqc5xpt9x09g6r93s9q047567fx,18000000,
39291b80d4cb3c0fcbf1a297467095be99aa0a01ec98c68cecde28237b074322,2023-11-29T15:50:02.618000,sent,kaspa:qyp6zuf34yfa2qa4lx2v8f3ds2m2wgrx2qu8drsknp38dxx7y65dczgaq2qqma2,18000000,
ab0c528f8ac000e586032b7f154a280cde3eb350d8d0da165a30c371a6b1dfc9,2023-11-29T13:43:50.935000,sent,kaspa:qypvlk4sxckqhan80tpxjlla2jsgl4mcd2aawmr20efkqwwx3y79gpc7vxeg4t2,18000000,
d05eb76afb4f4b3f3971b12af4d64bcd5f01e26186c780ef047af8e6a462ea24,2023-11-29T12:33:03.669000,sent,kaspa:qypj5akzkvygcnsacxlzl7m2c00v9e8wal2djn03du8xvx4dunrxlecu5p9xfnp,18000000,
5772ebe6479362a4bafdae527cedaf41d92059af5ce487390a03150a131d494f,2023-11-29T12:26:00.615000,sent,kaspa:qyp7er32ggxr0ustdpu8qte9fyqncdducvzqsg94ymmmce26f3d0akcnfqf7y6c,18000000,
6dc115398b7a941b363c4d41d7be80d2c3331de9a7aa28c0b30a1bbae70b974a,2023-11-29T12:18:56.538000,sent,kaspa:qyphv740pwq7awp2t0fanu29avlug77hz6vf8qe5uz9swmgq35pzdeqrpp58wgr,18000000,
66d456afab73e2ad4904232b1cd657a315dbfa55cfb8e1c25f60e60a60a5b51a,2023-11-29T12:13:02.553000,sent,kaspa:qypx53eseu20sjmsexfm290rqw8z4umnp4mpjrvcn96mhmyqpajex2sk3jmehpn,18000000,
21b5117b0d94d626bf9caaf96aae2e46c323198abb9d113552d01c7bc0d6aafc,2023-11-29T12:07:32.829000,sent,kaspa:qypywmkpmrtqd5g34j6j5mtx48jc8cm8nl0meu90pxgufsvl3awszts5wh3kct8,18000000,
6fce10f198e4fe91ae57e1629e7b753be32b228763c54f2321b5971a5335f028,2023-11-29T11:59:38.683000,sent,kaspa:qypndyc2ylxztxjcqlcfe83ernmm53dvk9axeylpvz73k2km5mcj84g3vaxhqwx,18000000,
2838afc06fc7ebfc817bd43a9eeb4160b286f46be6a214ce8c1516590b9559bd,2023-11-29T11:29:25.832000,sent,kaspa:qyph6em6xrdresdj8er3nhtucye9ycennjlrafpjvf6pc06nndhr7hcm7mmjd6e,18000000,
c539355da5f210ea8c210e92c6e382a974bf23f0781af81630d6afb339d38e37,2023-11-29T11:19:30.198000,sent,kaspa:qyp3zfqfvtezsa72dp82zg82nancwnwktk82m5g5tlf96ggfesu9xwgry8ljuzm,18000000,
c539355da5f210ea8c210e92c6e382a974bf23f0781af81630d6afb339d38e37,2023-11-29T11:19:30.198000,sent,kaspa:qyp3zfqfvtezsa72dp82zg82nancwnwktk82m5g5tlf96ggfesu9xwgry8ljuzm,18000000,
3eec2bf154fc379d96416c709de5944300e805ddcc4ba1f899e94c63d4ae121a,2023-11-29T11:10:49.528000,sent,kaspa:qyp9pmhdetjrxkfmys7nfrl34j7lc5hle4mc220ynp4c0sm5vpev5qgumn4ssem,18000000,
6e6d4b022711da35527514d9716de49d5f38af2c808ff4c61d95dd67a5326f66,2023-11-29T11:10:21.544000,received,kaspa:qp0p3xyg009w5qghp0p84lq92s8zq0vq0672zxjz6w6gtw8halfsvzm5cfyg9,800000000,
ccc4dbe960fc5f3430320959bb6b2998fe04676c34d01b85e9ad82d8e5449a70,2023-11-29T10:59:06.952000,sent,kaspa:qypd254jajpwq7hlv8exft5g9lafpv83ypnk89v33efex38d64x4aqqw4s60czp,18000000,
ff4e6de9f45b174ef945a2cdb39cefdbab83d611ef649d8e2ececb5e69aaf9e1,2023-11-29T10:50:49.067000,sent,kaspa:qyp5k9c02v39x72qx0vu9z9uxj4gr7cruts9aqcver9kyyc874qlqqc3cpn6k72,18000000,
a9b9303562a32f2d2c4f89134d90d9af92000658dc0c08c01e837a50aadc032a,2023-11-29T10:39:45.184000,sent,kaspa:qypfknvmyus8zk2gf8skj5p3ay908z6ccgxzpn3tru6mwuctgsv3ndcyhqnd4h8,18000000,
2e33ee9843e6b09ddae8a1a49758c458ab9ee1c04d9838b3aa6810e5e9888a2c,2023-11-29T10:30:24.974000,sent,kaspa:qypa6kd7wxzleh02xe3d26gdfp505samck8yyghucy8u8s372524mcs53fnxh22,18000000,
0549af1efe164050cdea45e2ea4882f8a7d5a44180f852afd0f0e0fbc4c0b509,2023-11-29T10:20:30.758000,sent,kaspa:qypyhwstedleuyzltx0d8t7dvp543z5vqrq5dd8lhrhvq7006f25k0spyrfxtm9,18000000,
f65e8b2fee72cab0d90fb8893335a1f44cbc0c84be2837eef0b184df3b2e4af1,2023-11-29T10:11:24.188000,sent,kaspa:qyp0t6pn26m89pdqkajwuk6dc3jtxqwr25lm37ymnt750s4adf26fygf383addk,18000000,
9c5fb73fcddb8b6150b818eadf80d4e2858e4e71715e664519fadfa2e3619090,2023-11-29T10:04:08.168000,sent,kaspa:qypxt2s5a9ynu5u5eq0vej0zdngfpg6sj0prwzpu3x44sc78ljnd56qtxfcrfr8,18000000,
9b94c8e3efd38156e512d3bd92a28ddb0d31ef97d75e7bae2cbf6948e8989e3d,2023-11-29T09:58:51.474000,sent,kaspa:qypflycvvkf24s4yq0tte79xqandl9hg4079dz8pdew7wljsexzpglshlwy2k5c,18000000,
3ead892ece16c7c9b87f4207e94145d70e31b57e53ab306bd01cb9dedb6b561b,2023-11-29T09:53:39.350000,sent,kaspa:qypcqhgxu3yxxl4fzw4l8hcdjpn8c59x3wyhgfx3zqfeaphun9hm6tqz08pn0q9,18000000,
e5d0423dc1746583289fd88430ac738733b6ec0af772069ad4168315c4a85f67,2023-11-29T09:47:30.124000,sent,kaspa:qyp0avcw2u7w00x37l756kv3x0dfjc3p994ugtsp8jxs754rrngzp8geyy79ueq,18000000,
07a2184c589e6bfc3ed53e350befabfa7d541fa6e77aedece9b5f4d9c44f5105,2023-11-29T09:42:46.941000,sent,kaspa:qyp25gk2kt20st2e3geday0wsm3mt20pzrgfyh7c3q00pq329zgr3cs5fwwfa8v,18000000,
85643ce026c29a5d7f3ed29bcd9cd2dfff89a137f523a40f2a7f1c6d9bee7fa5,2023-11-29T06:48:48.454000,sent,kaspa:qyp40t0uxqmwp2akkah36ulwhgu6s8sxclvmwtvsuhcjpa5jwtj97vqcp4prwth,18000000,
118a33206fd7dc280d0d06f23d76f495f20ba73319b449689637626e2bea908b,2023-11-29T06:38:13.498000,sent,kaspa:qypgf3p3m8jmvgaw3vnap9ctpdrmcua4jxfhh7mgl7zlj89j9qpppvc7zv20lkh,18000000,
18ae326e5ae783eea9ae73479f6f19c5360190730fa25903ab5a4099a5d9959e,2023-11-29T06:28:33.418000,sent,kaspa:qypqvs05kcr2qsqctfa5wzftggr8q52rjwksq5xtqu0fmm50tyw23nqp2sun5af,18000000,
837584b50942d7531eb430889186617887848c639eebe3cceabb23dc14f311fa,2023-11-29T06:17:44.476000,sent,kaspa:qypv4ht5ezhgl2fnan40ca96q4q3ev7c44va90l45jjlgsuym6ycftq456atld0,18000000,
803a34d7fc5f12ec43ae73dac4b35cfab49dfb360e93fd4ae4c53638d02f7e0e,2023-11-29T06:08:44.571000,sent,kaspa:qyp5auhpfqkln9pg6aram6jwac0jvhcr2r8zr0jrzycy7lh0zsy5r8g4uxed6vd,18000000,
f65ea2900c89f363ec776db5a206faa004a8854959409b93e17d936469f493ab,2023-11-29T05:58:09.092000,sent,kaspa:qyp6zh86vurynvv0wys4yx9d38fg852up0ukucet0g9hvmtnve6lqus8lsqzhff,18000000,
347b19be9518f0bdc2166f2fff892130041bba5bbcf6ee74356caed7f80998bf,2023-11-29T05:49:31.007000,sent,kaspa:qypmnfr46ku3fdnhaq65f2y3halt58u5gehj9c7ekqcjmvv0rtwgues99pl78ge,18000000,
434a1e53cbb85fca0930ea94ab2be11a0197ff9667768142589befd4a91dece4,2023-11-29T05:39:47.205000,sent,kaspa:qypnnm7ral0klll8rmtph50cf56g7rxa3j85777sjd3nzvls3yjkaggq4k5lr2u,18000000,
a72326624b174ba8b40dd38896c0d59f9b5cefa93913948ecf8b2771aced728c,2023-11-29T05:30:28.615000,sent,kaspa:qyp6hckf20frwneuf3k7p9s7e075qcljedhz09lka8enegv2rnzrdvc7zy5qjs2,18000000,
71a49b1f40b60b94e26f2084698026381672e26c5523e9e29f5ebee47c7d40c6,2023-11-29T05:24:02.689000,sent,kaspa:qypltefzglungc7fpjtw9xkmza08fczrz4m2tkr34ngwgq23fy7z59c58pxdmy6,18000000,
96e392e54a7de89274940e109e2ac1dbf4eb6959a2735b90be9de05494415307,2023-11-28T15:57:19.539000,sent,kaspa:qypk87f9yevaehj8cmjr5r3fhxr0wd47wylmas5clalkztnz9xj3npsaks74qhs,18000000,
a77c2eca5e297bc8c6fa7ea238cdaf75f765103a2902a5e55962ce9c6b1fb048,2023-11-28T15:35:09.149000,sent,kaspa:qypxxhe0qkjzvjvxsd6cz2rg9ndz0fwgv4vwhp9l53z0qkll2h6n4agsysxk9rq,18000000,
4ebab05d6699eb82d32965e0151357f08fb616359ebcae70d005a5cb8b6a0ffd,2023-11-28T15:14:38.309000,sent,kaspa:qypp4a5yrnmrj8wtrqsu0zmvqpaz34q308yzeae6hg0gcmytm4yktsgw0pumjmg,18000000,
f918d03b8d055a766c58660b8e0f7b47d2417ec9dac53cdd1e0e12ab7720a56c,2023-11-28T14:35:45.655000,sent,kaspa:qype9wqpuyy40s43tkp2lplq58p07reqctzyp0nhvsn8kzlna8ug0rcuy2fhg85,18000000,
67a7e8ee5486942912e3e6ccd35f0c535c39152ff95b7d04359a92361ef27c5c,2023-11-28T14:27:16.345000,sent,kaspa:qypvhtqe7l77d6zngg70ynwk02l4gfzwt5yyn6hdv47vufz068ejagcuf80d2a4,18000000,
de3f9cd3847544cb10972d3e2b8e67a1bd4c7a0ceae590c5415cc5ca2986f4bd,2023-11-28T14:08:48.809000,sent,kaspa:qyp6a78dwwsh9evwe8c4fu0djz3zz23k8yyhcuw6fhq5f4rxj4fwxfsa0knaeup,18000000,
e3ef06eceb6c51a4d898240ef01d794f8acabb8580673347d02cf7a7ca43d9af,2023-11-28T13:45:20.511000,sent,kaspa:qypx9a0qz327nqxd928af2y9zxkzujhaj8urlf5apx5cp3gzmu5pezsnem3mkmp,18000000,
23d20f1695f075a3923cb27fea948351828ad0aa4e44dfaf9a52c4126b26e8c8,2023-11-28T13:36:20.274000,sent,kaspa:qypq9pawesvj784lmyvw6tmvq7szvv9jl463l6cancayz6qvx5j6l0qktjlzmyq,18000000,
7e795a83ef4ecfb1a8af9f387baea34bb325d96a20bdda9a953968a2e74dbd6d,2023-11-28T13:22:51.778000,sent,kaspa:qypxnhe4k38xxyqr6xey4ld63rzqvszsayd4a7pfnju6dc0228tlczgpcnhrn8z,18000000,
55360e45793aa5b832397e7829d83adbc75d7c0e3a54728dae8f393b456476b1,2023-11-28T12:00:08.107000,received,kaspa:qp0p3xyg009w5qghp0p84lq92s8zq0vq0672zxjz6w6gtw8halfsvzm5cfyg9,820000000,
