tx_id,timestamp,direction,peer_address,amount_sompi,cex_label
29449242efc1fca86d84f5d94b290a428a8d796ab91735634f36c0b1836f72eb,2023-12-16T04:55:40.627000,sent,kaspa:qzslgwenzu78t6tldlng383g7ruu4enaljmnkgaulyrscjp7ldt26x8gfxck5,171940000,
29449242efc1fca86d84f5d94b290a428a8d796ab91735634f36c0b1836f72eb,2023-12-16T04:55:40.627000,sent,kaspa:qzslgwenzu78t6tldlng383g7ruu4enaljmnkgaulyrscjp7ldt26x8gfxck5,171940000,
1e252fb1bd4791970c349dd3cd188936e68d642c379542f86397a26fd286fb9d,2023-12-13T00:42:29.444000,received,kaspa:qypswxtcrv4ssyjaswy5w9387vq73mkuyq85tl34cee6qn5uexqy0csgnafnjx7,171000000,
da284438b357491069da9fb06bf5cb6d5c6de6d16b41503f245541aa02fa93cd,2023-11-29T16:23:14.907000,sent,kaspa:qypm9yzd5agpnyqvtd6fqm0454675j7lq96v4t79s3ycmtrggpqqa6cqx2kag9t,18000000,
ca072c954aa3199eb924b5f0c56e940c4eca0e0eb1ea5f200cf95380941ccdd5,2023-11-28T05:59:05.323000,received,kaspa:qqrcr5cggyyldclcetquafmfz382dt6zft83pg3sz20wm2zegdceku03tecys,19000000,
