tx_id,timestamp,direction,peer_address,amount_sompi,cex_label
287ee737f3e9d53378d00dd7e06d3f3ab7a486915f470fb32bbf0fd59bf382be,2023-12-19T08:44:39.195000,sent,kaspa:qqsslpr5gst3y2s87k402r9yt7ajmak63vkgmathj8ys5qx4273jg40nngrd2,172970000,
287ee737f3e9d53378d00dd7e06d3f3ab7a486915f470fb32bbf0fd59bf382be,2023-12-19T08:44:39.195000,sent,kaspa:qqsslpr5gst3y2s87k402r9yt7ajmak63vkgmathj8ys5qx4273jg40nngrd2,172970000,
92dad561a08e573a40d134c45f0bbbfc3d53aaeed8620b1d983fb86ca77c8bcb,2023-12-12T13:07:39.517000,received,kaspa:qypswxtcrv4ssyjaswy5w9387vq73mkuyq85tl34cee6qn5uexqy0csgnafnjx7,171000000,
369d71f16485e95607575ea8cb0778aa3e3b30b5d8e38126c616e7fd54004839,2023-11-28T17:52:35.009000,sent,kaspa:qypfdntnr6a0z888q7h5atr56dw73rcqlj0zztatmxw68m6md382s5cyv7x34cd,18000000,
12b6497ab6e09492064e47b5abd0a44af3add7298f6e24b7484955c74f5a8812,2023-11-27T05:15:41.926000,received,kaspa:qypj4mpmfnmte39866f8ttexwhf0z3vql0qnz3agfmtgjdqjrfdg6mq6dfv0rpk,20000000,
