tx_id,timestamp,direction,peer_address,amount_sompi,cex_label
4fbbb10fe968b1c208650069134c207b8821e24588198c049b2f11f558c603e9,2023-12-16T04:18:11.201000,sent,kaspa:qzslgwenzu78t6tldlng383g7ruu4enaljmnkgaulyrscjp7ldt26x8gfxck5,171940000,
4fbbb10fe968b1c208650069134c207b8821e24588198c049b2f11f558c603e9,2023-12-16T04:18:11.201000,sent,kaspa:qzslgwenzu78t6tldlng383g7ruu4enaljmnkgaulyrscjp7ldt26x8gfxck5,171940000,
5c24fc3abe7c86827af54ada8088008ff1d2750e72c702bb28a9d07da4777e93,2023-12-12T07:37:56.690000,received,kaspa:qypswxtcrv4ssyjaswy5w9387vq73mkuyq85tl34cee6qn5uexqy0csgnafnjx7,171000000,
c7ac85a8ee7c51504dd6ff31d6f6a6a3092df0fab36cee50570bcd4b9506ab52,2023-11-28T09:31:10.978000,sent,kaspa:qyptllg7j5wzgzeewtdtllqmrrlammvmt4f3vmruvq72fhwxv8dfkasytv0en5p,18000000,
cfa75cbf5a9b71d3058fc62fafbe30535a2e35f65c1565da9f493b177d20c60c,2023-11-28T09:09:14.194000,received,kaspa:qrxpy6wkrhpm9an2vzqs6n4d0nerxzy74gqhtgx0hm778stfw8y4szhmvdp4s,19000000,
