tx_id,timestamp,direction,peer_address,amount_sompi,cex_label
5fdaf309cdcd231881fba2cd4334389381bb1addfcc5f6e5a1d2a13d8d4eb2f0,2023-12-16T04:35:46.881000,sent,kaspa:qzslgwenzu78t6tldlng383g7ruu4enaljmnkgaulyrscjp7ldt26x8gfxck5,171940000,
5fdaf309cdcd231881fba2cd4334389381bb1addfcc5f6e5a1d2a13d8d4eb2f0,2023-12-16T04:35:46.881000,sent,kaspa:qzslgwenzu78t6tldlng383g7ruu4enaljmnkgaulyrscjp7ldt26x8gfxck5,171940000,
f42c78131002be4a9aad62a700f9530088def0d69bda520628fef643904353df,2023-12-12T19:08:09.585000,received,kaspa:qypswxtcrv4ssyjaswy5w9387vq73mkuyq85tl34cee6qn5uexqy0csgnafnjx7,171000000,
465b7610cb4ffc9547865e2cc2d55814a02e452a42cfd45c2d745552c6e84d30,2023-11-29T08:29:28.943000,sent,kaspa:qypkd3tdnzmc3d33h32mpxp9dtchfujk3em73wjyvueufpvzckhx3gqp5hsf090,18000000,
1dc77a15d8cff3ff561510617b3d37058e0bb9b1468a64a215d6a5b470431615,2023-11-29T03:19:32.701000,received,kaspa:qr5fd84m2hrt4lkqt6s5gjc2lwlsve5vd4eqyvtz3uagvau68w5d2zkljale4,19000000,
