tx_id,timestamp,direction,peer_address,amount_sompi,cex_label
52b6f9da776c78ad92722a1d24446cecd1812794e95eeaf4ac928c6ae6ca0985,2023-12-07T09:47:52.708000,sent,kaspa:qpsjm3z605t5d09mpac4nudz4ptvffyyru035mlkhcuhuqc2lxgrj2z42gn5c,81933200000000,
52b6f9da776c78ad92722a1d24446cecd1812794e95eeaf4ac928c6ae6ca0985,2023-12-07T09:47:52.708000,sent,kaspa:qr0u6hqr0xnsyj9vv6vufrs86784ctfwj77m9d0g89z7rmwnrs4rghed3kk7f,29531828,
91d9fcd37dfa8bc4c2e6d9bcd8a09f77748967aa5ec62f74a16464b03bdb25da,2023-12-06T23:26:55.674000,received,kaspa:qzazfdwjqsw3yjt2tq5u79qw2k2xvqn6a94ux343tu02qj86qnlu76z3jl4hw,2535048,
91d9fcd37dfa8bc4c2e6d9bcd8a09f77748967aa5ec62f74a16464b03bdb25da,2023-12-06T23:26:55.674000,received,kaspa:qzazfdwjqsw3yjt2tq5u79qw2k2xvqn6a94ux343tu02qj86qnlu76z3jl4hw,2535048,
91d9fcd37dfa8bc4c2e6d9bcd8a09f77748967aa5ec62f74a16464b03bdb25da,2023-12-06T23:26:55.674000,received,kaspa:qzazfdwjqsw3yjt2tq5u79qw2k2xvqn6a94ux343tu02qj86qnlu76z3jl4hw,2535048,
91d9fcd37dfa8bc4c2e6d9bcd8a09f77748967aa5ec62f74a16464b03bdb25da,2023-12-06T23:26:55.674000,received,kaspa:qr7kxpqtleeh7q50xggcn9mp7wa4jrdxp8s48xwquamk0h70qsz2vuc6keg97,2535048,
