tx_id,timestamp,direction,peer_address,amount_sompi,cex_label
cb0cd49a5524499ac764d6280ead588d82efcdcc2edce619e0451d6f4c1e1c9a,2023-12-16T04:03:50.405000,sent,kaspa:qzslgwenzu78t6tldlng383g7ruu4enaljmnkgaulyrscjp7ldt26x8gfxck5,171940000,
cb0cd49a5524499ac764d6280ead588d82efcdcc2edce619e0451d6f4c1e1c9a,2023-12-16T04:03:50.405000,sent,kaspa:qzslgwenzu78t6tldlng383g7ruu4enaljmnkgaulyrscjp7ldt26x8gfxck5,171940000,
4b4964132385e0b37cb431173b2569d6a259125126681a171f5e5e518e4b69af,2023-12-12T04:42:30.226000,received,kaspa:qypswxtcrv4ssyjaswy5w9387vq73mkuyq85tl34cee6qn5uexqy0csgnafnjx7,171000000,
3af1b6ade2d7b52304510bb95385ef88bcd3e7ee197056f6e5e7ddd9120e7aca,2023-11-28T04:25:13.420000,sent,kaspa:qypxezzd5gaqx6d0rk7g27jzplcucdgmhux6szd2vgqshvarn0zjauqu4hv0656,18000000,
3c4bdafa6a38705cc3569c4b28c535b6ac87f9ee4566eeff13d67ddf25d0e15e,2023-11-27T20:19:33.298000,received,kaspa:qpw309ql97qqj6zc80wuq0pw64sw4n2l0jhq3lpx7amn38z4s02tj0dhumqnq,19000000,
