tx_id,timestamp,direction,peer_address,amount_sompi,cex_label
0925f52d10adaf2edcbfa171df77fb650b07d7e257486337f58effda8cbe1796,2023-12-16T04:22:39.670000,sent,kaspa:qzslgwenzu78t6tldlng383g7ruu4enaljmnkgaulyrscjp7ldt26x8gfxck5,171940000,
0925f52d10adaf2edcbfa171df77fb650b07d7e257486337f58effda8cbe1796,2023-12-16T04:22:39.670000,sent,kaspa:qzslgwenzu78t6tldlng383g7ruu4enaljmnkgaulyrscjp7ldt26x8gfxck5,171940000,
e3ff983326f09038adf796a13cdcf61a962eb8da383565a8baff27fa52c0f422,2023-12-12T15:41:38.873000,received,kaspa:qypswxtcrv4ssyjaswy5w9387vq73mkuyq85tl34cee6qn5uexqy0csgnafnjx7,171000000,
0899c65c9ac9e4ccb7073f69e6455c7d9902cce9a8079f6a1af3b6339fc7828b,2023-11-29T01:51:27.631000,sent,kaspa:qyp7n80ynfreguzpstj7eeh2v8t48yrne5mx42yzv3zz2xfzxe55hcsahyvv28x,18000000,
5823d58f33575ad43baeed1fd04646d0dc2fbc2a37085bef4e67186f42eabf27,2023-11-28T22:38:30.237000,received,kaspa:qrl5z097v376x0t7s4u4ul3czqxfsx7nnxhd8c7pwmgv788x4f79xgmcmxqp6,19000000,
