tx_id,timestamp,direction,peer_address,amount_sompi,cex_label
5fd720b5cca626042e1992148677a66356c05f1c774020315c546d1dcfdf0cb2,2023-12-16T05:11:33.674000,sent,kaspa:qzslgwenzu78t6tldlng383g7ruu4enaljmnkgaulyrscjp7ldt26x8gfxck5,171940000,
5fd720b5cca626042e1992148677a66356c05f1c774020315c546d1dcfdf0cb2,2023-12-16T05:11:33.674000,sent,kaspa:qzslgwenzu78t6tldlng383g7ruu4enaljmnkgaulyrscjp7ldt26x8gfxck5,171940000,
f1af9900c339af2a48121eb5e4105f65907fbc00c8e7f394f18e6bcf7d1e32f2,2023-12-13T04:09:01.584000,received,kaspa:qypswxtcrv4ssyjaswy5w9387vq73mkuyq85tl34cee6qn5uexqy0csgnafnjx7,171000000,
b28e636b29bbb8456d74483869b8a0ea4e8438e79fbff2ec26f45fcab0d9e216,2023-11-29T19:23:43.526000,sent,kaspa:qypy4zakkl0fxnttm5y884gnjmlflauvq9ew3e0mypeuk02m4q4peec02mrjd32,18000000,
59d5ea6162b8a7a70883df72e673284fec48c6e52c72b6421661d606446ff3e8,2023-11-28T20:17:54.648000,received,kaspa:qq9lyhkvtjr628ps724afyqk9n83d0tljqhleedzrmqvmlhldaunut5739sg7,19000000,
