tx_id,timestamp,direction,peer_address,amount_sompi,cex_label
f2399e4b19a3fde372a7e1e59be91dfd82459764c0d378469730ec9b8b7e1f90,2023-12-16T04:13:46.133000,sent,kaspa:qzslgwenzu78t6tldlng383g7ruu4enaljmnkgaulyrscjp7ldt26x8gfxck5,171940000,
f2399e4b19a3fde372a7e1e59be91dfd82459764c0d378469730ec9b8b7e1f90,2023-12-16T04:13:46.133000,sent,kaspa:qzslgwenzu78t6tldlng383g7ruu4enaljmnkgaulyrscjp7ldt26x8gfxck5,171940000,
a41ec3ecd3b7203d5d71283d786bc80908d5241d28ea423f93be254def9cb522,2023-12-12T10:44:40.196000,received,kaspa:qypswxtcrv4ssyjaswy5w9387vq73mkuyq85tl34cee6qn5uexqy0csgnafnjx7,171000000,
0451b1fc6d3ad12e97f6a60b222cbdc6158d1be337ef6f1f0680b237d78753e3,2023-11-28T14:58:40.112000,sent,kaspa:qypghs8hwzjthgurj3w2458js4v2dag28gq6mm5mw9twk0sxpz8twxcjw6d5und,18000000,
c8a425b50d9f8ec176cf7818ac8676a9c439b54efcfa6f69c86dba8cf9cdefa3,2023-11-27T19:01:03,received,kaspa:qznsqyf0c6lpntrap2url6fu7vjep5qcq6q47lg25zhv5d3dpkv5wjejk2su4,19000000,
