tx_id,timestamp,direction,peer_address,amount_sompi,cex_label
67b940fe5c02e14a773a2764c65f1823688100c821bf6ce56342a1271b022ed4,2023-12-16T04:59:26.089000,sent,kaspa:qzslgwenzu78t6tldlng383g7ruu4enaljmnkgaulyrscjp7ldt26x8gfxck5,171940000,
67b940fe5c02e14a773a2764c65f1823688100c821bf6ce56342a1271b022ed4,2023-12-16T04:59:26.089000,sent,kaspa:qzslgwenzu78t6tldlng383g7ruu4enaljmnkgaulyrscjp7ldt26x8gfxck5,171940000,
446ab222e093a7998f451e630e2a73d8d31a4c7ac9f47769048689f983f91b19,2023-12-12T22:52:28.438000,received,kaspa:qypswxtcrv4ssyjaswy5w9387vq73mkuyq85tl34cee6qn5uexqy0csgnafnjx7,171000000,
7cf529efb36b56b4c31fd5149ff435398e18cf4700f86783b8a72caddf2e641e,2023-11-29T14:25:59.480000,sent,kaspa:qyp27ey3d72qnhsrrxxvacg29c7fdy9wng5a4vslu9mmyl92r60hccgy9m2zc8n,18000000,
e85fe129bcf597f6367f1f69a4f6604e0a7414cca216fd9b0638947f80e79161,2023-11-27T17:07:22.659000,received,kaspa:qpcvrxpn8vncvdd735y5nramkyrjxv6pk5vg0utf007fukd0trn0xqeze3gw7,19000000,
