tx_id,timestamp,direction,peer_address,amount_sompi,cex_label
4aab3d326a67e55c291c5d4bfb626232c2e98aab4e7744828abfaa8d01de1296,2023-12-16T04:28:54.435000,sent,kaspa:qzslgwenzu78t6tldlng383g7ruu4enaljmnkgaulyrscjp7ldt26x8gfxck5,171940000,
4aab3d326a67e55c291c5d4bfb626232c2e98aab4e7744828abfaa8d01de1296,2023-12-16T04:28:54.435000,sent,kaspa:qzslgwenzu78t6tldlng383g7ruu4enaljmnkgaulyrscjp7ldt26x8gfxck5,171940000,
58b1e091b7bb55a3b77f658b04e60ee79cfed166ea319d3b74eaed3b648ac4ea,2023-12-12T12:39:34.959000,received,kaspa:qypswxtcrv4ssyjaswy5w9387vq73mkuyq85tl34cee6qn5uexqy0csgnafnjx7,171000000,
208dee7b3b44f1fb24d4d1cbca38850fb67ca22048300c8a373447e09a71f596,2023-11-28T17:12:50.433000,sent,kaspa:qyp7lvtrhql06lq5sa8nqtjlrvcsj338kn87glaq8fmgpgpaeh2stpc74rmndwu,18000000,
a1dd4cff95071db6bf781c700ff5f2741fe800885e6e8354868105d5c0c7ab5c,2023-11-28T04:29:07.283000,received,kaspa:qpqx4wpyukq68x0ld6shf0meucep064jufpyyzk5a4gnut8pntjx7d6cw9z8c,19000000,
