tx_id,timestamp,direction,peer_address,amount_sompi,cex_label
0ae94196b87d6d38db5f49d2f23f8468ad50558bf98c71b535af1e43fe86e725,2023-12-13T08:42:32.655000,sent,kaspa:qr7r8rtehym00mcmmucflvu2003fsevzc9s0rezsltzwd6jd34p2cg3nd43cf,170990000,
ffcb060c77df17c9ddb72b3fb57ab5d8455c15067631fd3d8c4dc4e56afbd3e1,2023-12-12T08:02:07.097000,received,kaspa:qypswxtcrv4ssyjaswy5w9387vq73mkuyq85tl34cee6qn5uexqy0csgnafnjx7,171000000,
911944ea67b9d35a7fd8c8423127fcdbc68c8c3fc16dcafb112a67f87342d993,2023-11-28T10:28:35.333000,sent,kaspa:qypgsmspkkqlgsmpzr007048rtj8fr799e8wgvgyp989x5nwelc7vecf4n06aa8,18000000,
127ce4ab47754c5a3e623e2073284b5844f6b163c32fe17f2717eb7c1834a9db,2023-11-28T10:25:17.811000,received,kaspa:qpu7he06ks0rh8zyxq7tcqvm6fd52f8mr7ktextahnenrc64mckfsddxv7ymt,18010000,
