tx_id,timestamp,direction,peer_address,amount_sompi,cex_label
87330cb85d2dd283f8ca9a19fd8fa0853764727760f5f683f2a0ebc2bebcbe69,2023-03-11T17:35:22.933000,received,kaspa:qpjunp39ssazf4rzfxxu0hd35xggfxn6lq0ls9u9q6peevzcmcv4xmv9q4njd,737188000000,
a6a71dfa32b3143f7e5c1182455cafac6dd34eca465076dc5471eec3148bf592,2023-03-10T11:56:29.403000,received,kaspa:qzsvasyvpve53z3f055w357qjthkqetgy8wmy5ulya55j2gzz8r0kpl8f99x7,3651759000000,
b766a47cb6805e85bcf894e108f87a32faf84d8dfd66c8b30ee491558d44c17a,2023-03-10T07:17:37.535000,received,kaspa:qpjunp39ssazf4rzfxxu0hd35xggfxn6lq0ls9u9q6peevzcmcv4xmv9q4njd,1505925000000,
c9f18d1b508ed9c2aaf57ee71ef0a25e3e9bdf4c0be73a4fb4c7e6c9b64eeda8,2023-03-08T12:50:46.332000,received,kaspa:qpjunp39ssazf4rzfxxu0hd35xggfxn6lq0ls9u9q6peevzcmcv4xmv9q4njd,1065020000000,
593e61d54b350a30f20b2cfc90f40e746f82b17f845525caecbd0ae23a1ab8a6,2023-03-06T15:24:08.616000,received,kaspa:qzf75a9af0shvkyd0zzptftc0j2dskkfwkme6q7cpw0u3v69d5klgyl0zfl58,1802791892682,
36348375a928c659d0bdadae63311781aa5a069a21cb6feeeb82274547059c08,2023-03-06T06:52:07.277000,received,kaspa:qz2cnupnfhwzue9zr4udawlmkza76fydazfx430pcnwcvmadztlmxsmlmk3a5,2301801608407,
67fdcaf65769ef10a3a25147c81705c34b95d2b01a4e6a0b33ee0f96502c1155,2023-03-05T06:04:09.070000,received,kaspa:qqk4nl23nsj3xyy530hmw3ctg8fafdy9eduj8f40j4wceueucd4puhz4uz99h,3265789057750,
dab805e658948071274febb3481c59e54b975571155f0d4ea14abe7f293d44be,2023-03-04T02:44:05.857000,received,kaspa:qzkz8vgqqzjq2uc75hcw7rnj8c76mu2c39lg9ca0t3tcv282fm94jyadynj6j,1505650112298,
2b7c1d04e7545c2a362cece61124258b1e8e3afb163b2173cdfbeffc1eab665c,2023-03-02T16:44:06.216000,received,kaspa:qpjl9enelzcjq2j65jd8hhe02tv6xz5we6e0v596s5k2l07wrtkpwg278hrnx,3152383187267,
52d59a0654aec559eb40b21387a825a3a51dd00623c98626c8cddf64f692bc25,2023-03-02T02:26:05.733000,received,kaspa:qrx8mr2w5t92lqqt49dq0p9ehsgllcjj5m4fxeehv23896ersty8wgfkmnp9x,2034537260702,
