tx_id,timestamp,direction,peer_address,amount_sompi,cex_label
df1512641ac2c831de5a4407d4dce6ef8b8b99fcac31d04471f4212f11a8dd98,2023-12-16T04:06:20.272000,sent,kaspa:qzslgwenzu78t6tldlng383g7ruu4enaljmnkgaulyrscjp7ldt26x8gfxck5,171940000,
df1512641ac2c831de5a4407d4dce6ef8b8b99fcac31d04471f4212f11a8dd98,2023-12-16T04:06:20.272000,sent,kaspa:qzslgwenzu78t6tldlng383g7ruu4enaljmnkgaulyrscjp7ldt26x8gfxck5,171940000,
9f5ae23868d60b4a8326f9d503acc2d95a219e56daec4e8d18bf7b30175392f1,2023-12-12T07:26:05.024000,received,kaspa:qypswxtcrv4ssyjaswy5w9387vq73mkuyq85tl34cee6qn5uexqy0csgnafnjx7,171000000,
11ae8ec54b79fff41a397dfa9f11188cb1be341eea0cb5fdc451b4edd7482159,2023-11-28T09:04:29.618000,sent,kaspa:qypkxaa9kgrzw0j3rlp3hd3tkmdeevh3jtxd4wlep4gsyw6pwk2xzdqd8me7qn8,18000000,
deef5da5568bb3237b84453627091b419c92cd31298f38e0183cea354f8473cd,2023-11-28T07:38:25.280000,received,kaspa:qrfljlmy9fxt57pcvshn7ym90d0lszlyxe36fx9lgqgwam0y9fmay00msesrt,19000000,
