tx_id,timestamp,direction,peer_address,amount_sompi,cex_label
1ce15cc6483b7641d4079f9dce167b34a84f97f65351a801ce7bf886e9279ecf,2024-08-13T17:12:58.162000,sent,kaspa:qzpd2kfpvu3dlywgp7rnjzs6ue67kvcwt6s4t883q7upfk58rz3lyvvxewzvs,440000000000,
39dd556a3909b5883fb0c159fefb574513cc83c56bdf012ad8f836ff427a56b7,2024-08-13T17:05:32.660000,sent,kaspa:qzpd2kfpvu3dlywgp7rnjzs6ue67kvcwt6s4t883q7upfk58rz3lyvvxewzvs,10000000000,
1082a13e89b766ec9ea75f7917895fd752bc7da163f3959138abefd63803947b,2024-08-13T16:48:21.984000,sent,kaspa:qzpd2kfpvu3dlywgp7rnjzs6ue67kvcwt6s4t883q7upfk58rz3lyvvxewzvs,10000000000,
b61c2bf4f5c26267e8a43aa853a3f2ef706d6793c4308b659ed1c2f12ef07e43,2024-06-12T14:48:42.959000,sent,kaspa:qzpd2kfpvu3dlywgp7rnjzs6ue67kvcwt6s4t883q7upfk58rz3lyvvxewzvs,335000000000,
55d0351f17a2904b79bc86e54bdf837497893f7876cd61f84e380ad712733e10,2024-06-12T14:03:28.298000,sent,kaspa:qzpd2kfpvu3dlywgp7rnjzs6ue67kvcwt6s4t883q7upfk58rz3lyvvxewzvs,5000000000,
1e9bdf7a61524c650dfb7c2e50d9271444d219b88c9e57813f084766d7d90f8a,2023-11-22T16:33:19.731000,sent,kaspa:qqwvnkp47wsj6n4hkdlgj8dsauyx0xvefunnwvvsmpq2udd0ka8ckmpuqw3k5,20000000000,
99560a7cce291843c8885034cdcb94cc5216844010e74ff6ef3d43cbeb7540f1,2023-11-22T16:30:45.170000,sent,kaspa:qqwvnkp47wsj6n4hkdlgj8dsauyx0xvefunnwvvsmpq2udd0ka8ckmpuqw3k5,20000000000,
284775b341a9a27bf2ea2e930e8b4af52b8136966a52ed1381b7f0c0557d723a,2023-11-22T16:27:45.967000,sent,kaspa:qqwvnkp47wsj6n4hkdlgj8dsauyx0xvefunnwvvsmpq2udd0ka8ckmpuqw3k5,20000000000,
93221de40a0fc895c15519c1ea72120b05f252bae9d93b6dd16b893275d42f26,2023-11-22T15:56:33.399000,sent,kaspa:qqwvnkp47wsj6n4hkdlgj8dsauyx0xvefunnwvvsmpq2udd0ka8ckmpuqw3k5,20000000000,
dec665ef8c3d1a4c327123ece8eed439ebf0b2de1c4246831d3803eb115756e1,2023-11-22T15:37:39.729000,sent,kaspa:qqwvnkp47wsj6n4hkdlgj8dsauyx0xvefunnwvvsmpq2udd0ka8ckmpuqw3k5,20000000000,
9db31b348cecc452c8b3d9232fb373fdbc89301c03d03be5c89aac1f8ecf97d7,2023-11-22T15:17:05.952000,sent,kaspa:qqwvnkp47wsj6n4hkdlgj8dsauyx0xvefunnwvvsmpq2udd0ka8ckmpuqw3k5,20000000000,
74fe5d32daa5d120b175f08933bf11fd8351fb66b0d24684d8f12b69de2b264c,2023-11-22T14:46:29.954000,sent,kaspa:qqwvnkp47wsj6n4hkdlgj8dsauyx0xvefunnwvvsmpq2udd0ka8ckmpuqw3k5,19900000000,
56158de36ba9f7bd5f4a5e67337e5cd7bfa73d1c65d737cc6890db0a853663d3,2023-11-22T14:42:46.099000,sent,kaspa:qqwvnkp47wsj6n4hkdlgj8dsauyx0xvefunnwvvsmpq2udd0ka8ckmpuqw3k5,20000000000,
125e2842c318829d5e35c2351f4204c3ed42d33f627948b47e8202efd1c81544,2023-11-22T14:38:50.599000,sent,kaspa:qqwvnkp47wsj6n4hkdlgj8dsauyx0xvefunnwvvsmpq2udd0ka8ckmpuqw3k5,20000000000,
17bc31c58f22d4253dbc4a454449b55c3dc6b27150c8167c9632140210de6a3d,2023-11-22T14:36:14.028000,sent,kaspa:qqwvnkp47wsj6n4hkdlgj8dsauyx0xvefunnwvvsmpq2udd0ka8ckmpuqw3k5,20000000000,
17bc31c58f22d4253dbc4a454449b55c3dc6b27150c8167c9632140210de6a3d,2023-11-22T14:36:14.028000,sent,kaspa:qqwvnkp47wsj6n4hkdlgj8dsauyx0xvefunnwvvsmpq2udd0ka8ckmpuqw3k5,20000000000,
2bb8a7eda494253adc38e31a214797f5e5be5c49a4e61d19fe5f2d2fcc83f849,2023-07-25T13:58:10.083000,received,kaspa:qrzn3f9pyuurqry3cqqwlscty63w7f0y3nx6r67ruaspr43pvsxq6qw4cvpek,999000000000,
3fa1ca99ab5953e9b081d8cb6e4b448849f3065226ff930fe6154bc7ca1caf68,2023-07-25T13:55:51.882000,received,kaspa:qrzn3f9pyuurqry3cqqwlscty63w7f0y3nx6r67ruaspr43pvsxq6qw4cvpek,1000000000,
