tx_id,timestamp,direction,peer_address,amount_sompi,cex_label
94758865a372bb65c4237cbdabd68e724779fc79a77bd21455a715a0ec5d54f1,2023-12-16T04:16:46.284000,sent,kaspa:qzslgwenzu78t6tldlng383g7ruu4enaljmnkgaulyrscjp7ldt26x8gfxck5,171940000,
94758865a372bb65c4237cbdabd68e724779fc79a77bd21455a715a0ec5d54f1,2023-12-16T04:16:46.284000,sent,kaspa:qzslgwenzu78t6tldlng383g7ruu4enaljmnkgaulyrscjp7ldt26x8gfxck5,171940000,
776401514cd49873748670ee9a810eb3016420c390fb2e761732c395e109bdc9,2023-12-12T06:24:53.569000,received,kaspa:qypswxtcrv4ssyjaswy5w9387vq73mkuyq85tl34cee6qn5uexqy0csgnafnjx7,171000000,
0c54c0bfbb87e8a330b01165350a6929d10e602e21ab86feb585084cd2393379,2023-11-28T07:12:46.058000,sent,kaspa:qyp7xwdt3n63wtcynhs4mvsxaz9remwdpacts9kvda8c0gqh43sxe5cfpd0vepg,18000000,
f1d61fe4be7cd2af574f1b8ab9cb0cc63b552b4c397b4d3b09ed6463443c291b,2023-11-28T00:00:58.588000,received,kaspa:qpzwgfxxerkaexvudhula82mzdutl5kqg80ehnhlzfh56n9gwfqgwgyn0m3fd,19000000,
