tx_id,timestamp,direction,peer_address,amount_sompi,cex_label
7d36cb1fe87eede69a26e78f2b3ffbf92e9d180c92912b395c30cb4d5f201ce9,2023-12-16T03:39:20.539000,sent,kaspa:qzslgwenzu78t6tldlng383g7ruu4enaljmnkgaulyrscjp7ldt26x8gfxck5,171940000,
7d36cb1fe87eede69a26e78f2b3ffbf92e9d180c92912b395c30cb4d5f201ce9,2023-12-16T03:39:20.539000,sent,kaspa:qzslgwenzu78t6tldlng383g7ruu4enaljmnkgaulyrscjp7ldt26x8gfxck5,171940000,
6a76b29dad03106d5baa700667824221044155db2b2a371cee4fd40f4e08d0b1,2023-12-12T00:12:14.894000,received,kaspa:qypswxtcrv4ssyjaswy5w9387vq73mkuyq85tl34cee6qn5uexqy0csgnafnjx7,171000000,
8132d7bbabb558a041efcc61c1d45efac7e8b3ce3fb373a1ea0c323abd14ca3e,2023-11-27T14:17:40.456000,sent,kaspa:qypckqdg6a9hmax2hm88et6sqe6nqgjnjwfafk6673vv68hfv85rmtcgxkkv2l5,18000000,
410d81f0026d1d9a19fcf611e1bf22ead742607fa6619967a744b70781b23877,2023-11-27T08:23:23.381000,received,kaspa:qrx394nm44ft5mxqxg7z5pgt7rt73l0usfrpm8kz3srqlqww5rmfc3tm8kplr,19000000,
