tx_id,timestamp,direction,peer_address,amount_sompi,cex_label
a33f497925f705e1d51a15955c00562e1f1d69e6d1874c413507b429643de48f,2023-12-17T16:40:05.639000,sent,kaspa:qp68q70l56ya3zc0lf8st2h6nwl7r9pqr7zn0wapy62fl3hemklyk9leynqmv,171070000,
a33f497925f705e1d51a15955c00562e1f1d69e6d1874c413507b429643de48f,2023-12-17T16:40:05.639000,sent,kaspa:qp68q70l56ya3zc0lf8st2h6nwl7r9pqr7zn0wapy62fl3hemklyk9leynqmv,171070000,
a1bd5afb0f0bb819aa6a1c76180c05ac1f09f6e1f8baee53fbd5cfa1c411a072,2023-12-12T06:07:52.874000,received,kaspa:qypswxtcrv4ssyjaswy5w9387vq73mkuyq85tl34cee6qn5uexqy0csgnafnjx7,171000000,
f0080240830953babe9bc3137cdf3baaeb1734bfe78b4929e8f92568099a9924,2023-11-28T06:42:00.455000,sent,kaspa:qypafhajarsru8e8w0e478whj3l64u7ra7xtwvsf6zv7f0l7glslyssk6qntrvg,18000000,
c89638c85aff3ab5b4c928cb71bcd232f3c783c98a150a321c099b5343c1ba95,2023-11-27T16:22:53.662000,received,kaspa:qqk4aevcgge5gz75mdc3z7ugc3r5j9zlqdsxhcacwm5edxgsd3f5k87dctlgj,18100000,
