tx_id,timestamp,direction,peer_address,amount_sompi,cex_label
f31b92d2a1ab8ede32ad2be6f164f5a22c855fd321b2df074228c14a401aaae8,2023-11-22T14:43:02.911000,sent,kaspa:qqfkuxs7qpcykg4xc386skgue9xzgyufe6u7wluvk8jtvnmtfwz0xfwysz3xp,10000000000,
f31b92d2a1ab8ede32ad2be6f164f5a22c855fd321b2df074228c14a401aaae8,2023-11-22T14:43:02.911000,sent,kaspa:qp8hy7wgkrl4hy7gphevtvh3z70tzfngpvedh6l3ncfs70u24m6dj8d03u5ny,789999990000,
9a4965b231efac01ed505fdf141af870c9844063cd863d0ed1f8f10a93114762,2023-10-26T13:10:53.581000,received,kaspa:qrtmqvar68kcc545v329q6xrzcmqyhm4zvs05sulhnwe2kk9p7p9wngvtxy28,800000000000,
e2c3e4d7759900225af4c6533bba40ae858aef439477a1fbc442a9073cb7e12d,2023-10-26T13:04:07.045000,received,kaspa:qqetp7ct8kqss99fxmymyz5t3fezppxp0t58wl6pawp27elqd46uudme00cl0,134738000000,
