tx_id,timestamp,direction,peer_address,amount_sompi,cex_label
d2a30c2f36cfcb9bee8292b00fac79029648cca735be6f9225b0683aaec35a38,2023-12-16T05:03:41.274000,sent,kaspa:qzslgwenzu78t6tldlng383g7ruu4enaljmnkgaulyrscjp7ldt26x8gfxck5,171940000,
d2a30c2f36cfcb9bee8292b00fac79029648cca735be6f9225b0683aaec35a38,2023-12-16T05:03:41.274000,sent,kaspa:qzslgwenzu78t6tldlng383g7ruu4enaljmnkgaulyrscjp7ldt26x8gfxck5,171940000,
bde799a436951cc32bee6da0a2201bddc170269cfd92f1e83b7718ca178f9480,2023-12-13T00:44:15.919000,received,kaspa:qypswxtcrv4ssyjaswy5w9387vq73mkuyq85tl34cee6qn5uexqy0csgnafnjx7,171000000,
8608d50634e1cc740e3ae918f444a812f4ee7ea2adb63d8d044312bf2b4f9aab,2023-11-29T16:25:00.807000,sent,kaspa:qypwecu8su7nztvancsqf8m789qvtt098pxesp8vl3g06l9j6t8ek6qdpcj6anv,18000000,
aba9e9ae4590f094e66454999b77823e407bf1df34107b20fdd36f0631fd3c28,2023-11-28T03:24:58.297000,received,kaspa:qpcvrxpn8vncvdd735y5nramkyrjxv6pk5vg0utf007fukd0trn0xqeze3gw7,19000000,
