tx_id,timestamp,direction,peer_address,amount_sompi,cex_label
e3a8e1c818c4fd0aeda01625fcbd685c109f37fe92ca642030b2aec449723f1b,2023-12-17T06:43:19.070000,sent,kaspa:qrkaxvl2tw6pq6zx9xrr9lqnt9x72upf0hsrp3cvgcmfz77m50ycua35nz200,172940000,
e3a8e1c818c4fd0aeda01625fcbd685c109f37fe92ca642030b2aec449723f1b,2023-12-17T06:43:19.070000,sent,kaspa:qrkaxvl2tw6pq6zx9xrr9lqnt9x72upf0hsrp3cvgcmfz77m50ycua35nz200,172940000,
24e1b7f366c4e6c622523a8204f956c0c7b96cf717c168a605c3426516674bea,2023-12-12T10:29:22.371000,received,kaspa:qypswxtcrv4ssyjaswy5w9387vq73mkuyq85tl34cee6qn5uexqy0csgnafnjx7,171000000,
bb8ea06437e251e1b6ef6294548c64403b0f7767b2c1d85cb75ccf68df44d568,2023-11-28T14:46:14.347000,sent,kaspa:qypylfyzzaq0v2v4xra6unklsgaygmj90lyykzay3fqwnnaw90qcuacf469v66a,18000000,
e6be7beb1d72a3dffe0828a040ed82f8cd1bed8f6073ada53b4de5127b14be0a,2023-11-28T12:55:53.683000,sent,kaspa:qp8kf7uegyvnpd309qp8ppcmlh304t2j6pwg74kqy2vlf39vzqjtxj7sdauu2,20000000,
0933ac5d4c42abdb34c6b3750bba5b2970080e401909586057ecb5ea5450bf6d,2023-11-28T09:34:10.666000,sent,kaspa:qqumysnl3r9erjxjkhdn6gmrj55p6k0qf55z5mw9j8s8xk9t36lt7jnltt8ed,20000000,
03ea28ecd4f22c923733267595ee0a9f18a7e415d92b3ef6ef5380a8d8ae962a,2023-11-28T08:41:46.907000,sent,kaspa:qr7tlkwqm6zly4fjuca797rx9dqrdlvqrd69vk536zzna2kj8k6hcrm0ysudy,20000000,
82f1f26734f9a033c3317963e9e06e82e14d5f081cb7f4a8f721636cf459f8c4,2023-11-28T05:44:40.017000,received,kaspa:qpdsnwqzj3cl4mtk87t0r3zhxyq5xv7z2jpd7ndfw8su7s9pw4x8qugje80fa,80000000,
