tx_id,timestamp,direction,peer_address,amount_sompi,cex_label
8c840026fe935c642404867ddd6b14c0ad39d64c059e48a45386b033684db48a,2023-12-16T03:39:15.580000,sent,kaspa:qzslgwenzu78t6tldlng383g7ruu4enaljmnkgaulyrscjp7ldt26x8gfxck5,171940000,
8c840026fe935c642404867ddd6b14c0ad39d64c059e48a45386b033684db48a,2023-12-16T03:39:15.580000,sent,kaspa:qzslgwenzu78t6tldlng383g7ruu4enaljmnkgaulyrscjp7ldt26x8gfxck5,171940000,
559b337cfc391eba84c684ab35228a2ebd12970c0b7303b0d39d1358ac65d6ca,2023-12-11T23:59:16.305000,received,kaspa:qypswxtcrv4ssyjaswy5w9387vq73mkuyq85tl34cee6qn5uexqy0csgnafnjx7,171000000,
02cb053ec8a613eb8d3f82f95447a837ae0aef6b8544621b7d6b1e5c2a2521ed,2023-11-27T14:08:58.077000,sent,kaspa:qypl360m5ef58qn44wmx80ymj4qqg30a32qdq26cz2z90zp0k4hw3qgxaaxhm55,18000000,
8890cca025ab613e20c5d25db7369359279b25a8275b9dd46a26e4ad59fa4949,2023-11-27T07:35:28.751000,received,kaspa:qp4u3g6z0559q488y8qx8eq7kxhtqlx5kveyphtskn5zdgrtlx02vrjhcj6e2,19000000,
