tx_id,timestamp,direction,peer_address,amount_sompi,cex_label
6ba4cb070f164be1f2d1bf32a97e69cd2fc3fe255dad8e2462bec22c0d1c644f,2024-03-07T06:56:14.178000,sent,kaspa:qrlkgr4e24n9v8z8lvg30gu2dfd3fzk0sn9n7galr9gzht00qztyj7s5svupm,750000000000,
6ba4cb070f164be1f2d1bf32a97e69cd2fc3fe255dad8e2462bec22c0d1c644f,2024-03-07T06:56:14.178000,sent,kaspa:qqxrsycy465ycap9m56f4253g7lh9guwgt5nmahf8s3p5cu0exh2zm3vje6m4,5080047827,
0548f8099462d3f6adb98d4b3629cfb2f38bcf7d50cd8d63a14538767310eedd,2024-03-01T05:44:56.746000,received,kaspa:qz9rtkc65a3n0f2ylemp25sn2cuy440h4x26ksyu7hwc6ea8272gsf6hpgz6q,6981532580,
0548f8099462d3f6adb98d4b3629cfb2f38bcf7d50cd8d63a14538767310eedd,2024-03-01T05:44:56.746000,received,kaspa:qz9rtkc65a3n0f2ylemp25sn2cuy440h4x26ksyu7hwc6ea8272gsf6hpgz6q,6981532580,
0548f8099462d3f6adb98d4b3629cfb2f38bcf7d50cd8d63a14538767310eedd,2024-03-01T05:44:56.746000,received,kaspa:qz9rtkc65a3n0f2ylemp25sn2cuy440h4x26ksyu7hwc6ea8272gsf6hpgz6q,6981532580,
0548f8099462d3f6adb98d4b3629cfb2f38bcf7d50cd8d63a14538767310eedd,2024-03-01T05:44:56.746000,received,kaspa:qz9rtkc65a3n0f2ylemp25sn2cuy440h4x26ksyu7hwc6ea8272gsf6hpgz6q,6981532580,
0548f8099462d3f6adb98d4b3629cfb2f38bcf7d50cd8d63a14538767310eedd,2024-03-01T05:44:56.746000,received,kaspa:qz9rtkc65a3n0f2ylemp25sn2cuy440h4x26ksyu7hwc6ea8272gsf6hpgz6q,6981532580,
0548f8099462d3f6adb98d4b3629cfb2f38bcf7d50cd8d63a14538767310eedd,2024-03-01T05:44:56.746000,received,kaspa:qz9rtkc65a3n0f2ylemp25sn2cuy440h4x26ksyu7hwc6ea8272gsf6hpgz6q,6981532580,
0548f8099462d3f6adb98d4b3629cfb2f38bcf7d50cd8d63a14538767310eedd,2024-03-01T05:44:56.746000,received,kaspa:qz9rtkc65a3n0f2ylemp25sn2cuy440h4x26ksyu7hwc6ea8272gsf6hpgz6q,6981532580,
0548f8099462d3f6adb98d4b3629cfb2f38bcf7d50cd8d63a14538767310eedd,2024-03-01T05:44:56.746000,received,kaspa:qz9rtkc65a3n0f2ylemp25sn2cuy440h4x26ksyu7hwc6ea8272gsf6hpgz6q,6981532580,
0548f8099462d3f6adb98d4b3629cfb2f38bcf7d50cd8d63a14538767310eedd,2024-03-01T05:44:56.746000,received,kaspa:qz9rtkc65a3n0f2ylemp25sn2cuy440h4x26ksyu7hwc6ea8272gsf6hpgz6q,6981532580,
0548f8099462d3f6adb98d4b3629cfb2f38bcf7d50cd8d63a14538767310eedd,2024-03-01T05:44:56.746000,received,kaspa:qz9rtkc65a3n0f2ylemp25sn2cuy440h4x26ksyu7hwc6ea8272gsf6hpgz6q,6981532580,
0548f8099462d3f6adb98d4b3629cfb2f38bcf7d50cd8d63a14538767310eedd,2024-03-01T05:44:56.746000,received,kaspa:qz9rtkc65a3n0f2ylemp25sn2cuy440h4x26ksyu7hwc6ea8272gsf6hpgz6q,6981532580,
0548f8099462d3f6adb98d4b3629cfb2f38bcf7d50cd8d63a14538767310eedd,2024-03-01T05:44:56.746000,received,kaspa:qz9rtkc65a3n0f2ylemp25sn2cuy440h4x26ksyu7hwc6ea8272gsf6hpgz6q,6981532580,
0548f8099462d3f6adb98d4b3629cfb2f38bcf7d50cd8d63a14538767310eedd,2024-03-01T05:44:56.746000,received,kaspa:qz9rtkc65a3n0f2ylemp25sn2cuy440h4x26ksyu7hwc6ea8272gsf6hpgz6q,6981532580,
0548f8099462d3f6adb98d4b3629cfb2f38bcf7d50cd8d63a14538767310eedd,2024-03-01T05:44:56.746000,received,kaspa:qz9rtkc65a3n0f2ylemp25sn2cuy440h4x26ksyu7hwc6ea8272gsf6hpgz6q,6981532580,
0548f8099462d3f6adb98d4b3629cfb2f38bcf7d50cd8d63a14538767310eedd,2024-03-01T05:44:56.746000,received,kaspa:qz9rtkc65a3n0f2ylemp25sn2cuy440h4x26ksyu7hwc6ea8272gsf6hpgz6q,6981532580,
0548f8099462d3f6adb98d4b3629cfb2f38bcf7d50cd8d63a14538767310eedd,2024-03-01T05:44:56.746000,received,kaspa:qz9rtkc65a3n0f2ylemp25sn2cuy440h4x26ksyu7hwc6ea8272gsf6hpgz6q,6981532580,
0548f8099462d3f6adb98d4b3629cfb2f38bcf7d50cd8d63a14538767310eedd,2024-03-01T05:44:56.746000,received,kaspa:qz9rtkc65a3n0f2ylemp25sn2cuy440h4x26ksyu7hwc6ea8272gsf6hpgz6q,6981532580,
0548f8099462d3f6adb98d4b3629cfb2f38bcf7d50cd8d63a14538767310eedd,2024-03-01T05:44:56.746000,received,kaspa:qz9rtkc65a3n0f2ylemp25sn2cuy440h4x26ksyu7hwc6ea8272gsf6hpgz6q,6981532580,
0548f8099462d3f6adb98d4b3629cfb2f38bcf7d50cd8d63a14538767310eedd,2024-03-01T05:44:56.746000,received,kaspa:qz9rtkc65a3n0f2ylemp25sn2cuy440h4x26ksyu7hwc6ea8272gsf6hpgz6q,6981532580,
0548f8099462d3f6adb98d4b3629cfb2f38bcf7d50cd8d63a14538767310eedd,2024-03-01T05:44:56.746000,received,kaspa:qptwl5t8jqspjxn24l3esafykmu0ll6mxklsl8fjm0az3df45lqxyy68aepy2,6981532580,
0548f8099462d3f6adb98d4b3629cfb2f38bcf7d50cd8d63a14538767310eedd,2024-03-01T05:44:56.746000,received,kaspa:qz9rtkc65a3n0f2ylemp25sn2cuy440h4x26ksyu7hwc6ea8272gsf6hpgz6q,6981532580,
0548f8099462d3f6adb98d4b3629cfb2f38bcf7d50cd8d63a14538767310eedd,2024-03-01T05:44:56.746000,received,kaspa:qz9rtkc65a3n0f2ylemp25sn2cuy440h4x26ksyu7hwc6ea8272gsf6hpgz6q,6981532580,
0548f8099462d3f6adb98d4b3629cfb2f38bcf7d50cd8d63a14538767310eedd,2024-03-01T05:44:56.746000,received,kaspa:qz9rtkc65a3n0f2ylemp25sn2cuy440h4x26ksyu7hwc6ea8272gsf6hpgz6q,6981532580,
0548f8099462d3f6adb98d4b3629cfb2f38bcf7d50cd8d63a14538767310eedd,2024-03-01T05:44:56.746000,received,kaspa:qz9rtkc65a3n0f2ylemp25sn2cuy440h4x26ksyu7hwc6ea8272gsf6hpgz6q,6981532580,
0548f8099462d3f6adb98d4b3629cfb2f38bcf7d50cd8d63a14538767310eedd,2024-03-01T05:44:56.746000,received,kaspa:qpdez870t65hy66k8c3ejpfdgsl2k42epa25uhfhlncwnq86fp7hutshpvaq4,6981532580,
0548f8099462d3f6adb98d4b3629cfb2f38bcf7d50cd8d63a14538767310eedd,2024-03-01T05:44:56.746000,received,kaspa:qz9rtkc65a3n0f2ylemp25sn2cuy440h4x26ksyu7hwc6ea8272gsf6hpgz6q,6981532580,
0548f8099462d3f6adb98d4b3629cfb2f38bcf7d50cd8d63a14538767310eedd,2024-03-01T05:44:56.746000,received,kaspa:qz9rtkc65a3n0f2ylemp25sn2cuy440h4x26ksyu7hwc6ea8272gsf6hpgz6q,6981532580,
0548f8099462d3f6adb98d4b3629cfb2f38bcf7d50cd8d63a14538767310eedd,2024-03-01T05:44:56.746000,received,kaspa:qz9rtkc65a3n0f2ylemp25sn2cuy440h4x26ksyu7hwc6ea8272gsf6hpgz6q,6981532580,
0548f8099462d3f6adb98d4b3629cfb2f38bcf7d50cd8d63a14538767310eedd,2024-03-01T05:44:56.746000,received,kaspa:qz9rtkc65a3n0f2ylemp25sn2cuy440h4x26ksyu7hwc6ea8272gsf6hpgz6q,6981532580,
0548f8099462d3f6adb98d4b3629cfb2f38bcf7d50cd8d63a14538767310eedd,2024-03-01T05:44:56.746000,received,kaspa:qpdez870t65hy66k8c3ejpfdgsl2k42epa25uhfhlncwnq86fp7hutshpvaq4,6981532580,
0548f8099462d3f6adb98d4b3629cfb2f38bcf7d50cd8d63a14538767310eedd,2024-03-01T05:44:56.746000,received,kaspa:qpdez870t65hy66k8c3ejpfdgsl2k42epa25uhfhlncwnq86fp7hutshpvaq4,6981532580,
0548f8099462d3f6adb98d4b3629cfb2f38bcf7d50cd8d63a14538767310eedd,2024-03-01T05:44:56.746000,received,kaspa:qpdez870t65hy66k8c3ejpfdgsl2k42epa25uhfhlncwnq86fp7hutshpvaq4,6981532580,
0548f8099462d3f6adb98d4b3629cfb2f38bcf7d50cd8d63a14538767310eedd,2024-03-01T05:44:56.746000,received,kaspa:qpdez870t65hy66k8c3ejpfdgsl2k42epa25uhfhlncwnq86fp7hutshpvaq4,6981532580,
0548f8099462d3f6adb98d4b3629cfb2f38bcf7d50cd8d63a14538767310eedd,2024-03-01T05:44:56.746000,received,kaspa:qpdez870t65hy66k8c3ejpfdgsl2k42epa25uhfhlncwnq86fp7hutshpvaq4,6981532580,
0548f8099462d3f6adb98d4b3629cfb2f38bcf7d50cd8d63a14538767310eedd,2024-03-01T05:44:56.746000,received,kaspa:qpdez870t65hy66k8c3ejpfdgsl2k42epa25uhfhlncwnq86fp7hutshpvaq4,6981532580,
0548f8099462d3f6adb98d4b3629cfb2f38bcf7d50cd8d63a14538767310eedd,2024-03-01T05:44:56.746000,received,kaspa:qpdez870t65hy66k8c3ejpfdgsl2k42epa25uhfhlncwnq86fp7hutshpvaq4,6981532580,
0548f8099462d3f6adb98d4b3629cfb2f38bcf7d50cd8d63a14538767310eedd,2024-03-01T05:44:56.746000,received,kaspa:qpdez870t65hy66k8c3ejpfdgsl2k42epa25uhfhlncwnq86fp7hutshpvaq4,6981532580,
0548f8099462d3f6adb98d4b3629cfb2f38bcf7d50cd8d63a14538767310eedd,2024-03-01T05:44:56.746000,received,kaspa:qpdez870t65hy66k8c3ejpfdgsl2k42epa25uhfhlncwnq86fp7hutshpvaq4,6981532580,
0548f8099462d3f6adb98d4b3629cfb2f38bcf7d50cd8d63a14538767310eedd,2024-03-01T05:44:56.746000,received,kaspa:qz9rtkc65a3n0f2ylemp25sn2cuy440h4x26ksyu7hwc6ea8272gsf6hpgz6q,6981532580,
0548f8099462d3f6adb98d4b3629cfb2f38bcf7d50cd8d63a14538767310eedd,2024-03-01T05:44:56.746000,received,kaspa:qpdez870t65hy66k8c3ejpfdgsl2k42epa25uhfhlncwnq86fp7hutshpvaq4,6981532580,
0548f8099462d3f6adb98d4b3629cfb2f38bcf7d50cd8d63a14538767310eedd,2024-03-01T05:44:56.746000,received,kaspa:qpdez870t65hy66k8c3ejpfdgsl2k42epa25uhfhlncwnq86fp7hutshpvaq4,6981532580,
0548f8099462d3f6adb98d4b3629cfb2f38bcf7d50cd8d63a14538767310eedd,2024-03-01T05:44:56.746000,received,kaspa:qpdez870t65hy66k8c3ejpfdgsl2k42epa25uhfhlncwnq86fp7hutshpvaq4,6981532580,
0548f8099462d3f6adb98d4b3629cfb2f38bcf7d50cd8d63a14538767310eedd,2024-03-01T05:44:56.746000,received,kaspa:qpdez870t65hy66k8c3ejpfdgsl2k42epa25uhfhlncwnq86fp7hutshpvaq4,6981532580,
0548f8099462d3f6adb98d4b3629cfb2f38bcf7d50cd8d63a14538767310eedd,2024-03-01T05:44:56.746000,received,kaspa:qpdez870t65hy66k8c3ejpfdgsl2k42epa25uhfhlncwnq86fp7hutshpvaq4,6981532580,
0548f8099462d3f6adb98d4b3629cfb2f38bcf7d50cd8d63a14538767310eedd,2024-03-01T05:44:56.746000,received,kaspa:qpdez870t65hy66k8c3ejpfdgsl2k42epa25uhfhlncwnq86fp7hutshpvaq4,6981532580,
0548f8099462d3f6adb98d4b3629cfb2f38bcf7d50cd8d63a14538767310eedd,2024-03-01T05:44:56.746000,received,kaspa:qpdez870t65hy66k8c3ejpfdgsl2k42epa25uhfhlncwnq86fp7hutshpvaq4,6981532580,
0548f8099462d3f6adb98d4b3629cfb2f38bcf7d50cd8d63a14538767310eedd,2024-03-01T05:44:56.746000,received,kaspa:qzjwpk8xkwdsggpmhqfp9smm3ecgxpfhaurvdtutfkrmvzqg7hmljdmldxgk9,6981532580,
0548f8099462d3f6adb98d4b3629cfb2f38bcf7d50cd8d63a14538767310eedd,2024-03-01T05:44:56.746000,received,kaspa:qpdez870t65hy66k8c3ejpfdgsl2k42epa25uhfhlncwnq86fp7hutshpvaq4,6981532580,
0548f8099462d3f6adb98d4b3629cfb2f38bcf7d50cd8d63a14538767310eedd,2024-03-01T05:44:56.746000,received,kaspa:qpdez870t65hy66k8c3ejpfdgsl2k42epa25uhfhlncwnq86fp7hutshpvaq4,6981532580,
0548f8099462d3f6adb98d4b3629cfb2f38bcf7d50cd8d63a14538767310eedd,2024-03-01T05:44:56.746000,received,kaspa:qpdez870t65hy66k8c3ejpfdgsl2k42epa25uhfhlncwnq86fp7hutshpvaq4,6981532580,
