tx_id,timestamp,direction,peer_address,amount_sompi,cex_label
ef6698ec2c3661642eb1992ae6b05032091f1229f7cc08473a1be5e4b131fab2,2023-12-16T03:42:39.111000,sent,kaspa:qzslgwenzu78t6tldlng383g7ruu4enaljmnkgaulyrscjp7ldt26x8gfxck5,171940000,
ef6698ec2c3661642eb1992ae6b05032091f1229f7cc08473a1be5e4b131fab2,2023-12-16T03:42:39.111000,sent,kaspa:qzslgwenzu78t6tldlng383g7ruu4enaljmnkgaulyrscjp7ldt26x8gfxck5,171940000,
e719394ed491bde5a8197560cb13f78d23119f7b067d7635253af136c387feb0,2023-12-12T02:50:22.850000,received,kaspa:qypswxtcrv4ssyjaswy5w9387vq73mkuyq85tl34cee6qn5uexqy0csgnafnjx7,171000000,
0d117454fe722dead0ecc120828895364f017be9ba8dd06c4d5601649ae32f43,2023-11-28T00:46:26.318000,sent,kaspa:qyp0sgpne8l85dsk32dsz0584j7qj6tpvns9j9ywnxgtatnh4nj5ghsjgllr0d8,18000000,
35116d05d4e185e9b18e42ef94326a625362cdafcee8417e4743c2ed1ff28cfb,2023-11-27T18:31:20.828000,received,kaspa:qrx394nm44ft5mxqxg7z5pgt7rt73l0usfrpm8kz3srqlqww5rmfc3tm8kplr,19000000,
