tx_id,timestamp,direction,peer_address,amount_sompi,cex_label
c61461b9f4b5b46faed5f2269d9085c69ede6ddaf40da35f4947073ad01051d6,2024-04-10T05:10:13.496000,sent,kaspa:qzc8lepy28qd78k37390jusecl4w6wpvsufscrcshg40ncd08hz0v49atwyeh,600000000000,
6191f43c2703d6c3174180ec1fd3f5ea1d5f6740bc0ca7b48b9c428017bd39c1,2023-11-29T09:30:58.749000,sent,kaspa:qzc8lepy28qd78k37390jusecl4w6wpvsufscrcshg40ncd08hz0v49atwyeh,80000000000,
6191f43c2703d6c3174180ec1fd3f5ea1d5f6740bc0ca7b48b9c428017bd39c1,2023-11-29T09:30:58.749000,sent,kaspa:qzf2njtad5ssh6c4e74y4gle7qdx6vkwc89u5st2n26lrqc9mxakxul4dxvc9,1244315106733,
56f080e02eed60f4fabbe7bf817d2c39af60c0355e096d5210c8b27398ad35be,2023-11-19T06:35:21.262000,sent,kaspa:qqfkuxs7qpcykg4xc386skgue9xzgyufe6u7wluvk8jtvnmtfwz0xfwysz3xp,5000000000,
c424de4618fb6a1560b140270079009b6a943101c0911f9db963d1b5cac6ff1b,2023-10-10T04:13:28.478000,received,kaspa:qrelgny7sr3vahq69yykxx36m65gvmhryxrlwngfzgu8xkdslum2yxjp3ap8m,1054017000000,Gate.io
fa3efba2b15982902b8ebc8ac68b91d4c8bd335cd96f17738f16cad07b1795e0,2023-10-04T07:08:15.551000,received,kaspa:qq3k4du6wf2g26j7ds6fqmgtgavgm3zy676wntp2e52nsuns2n4s6xkndmx0y,1329315126733,
00b81b8a3d17337017c0ab2a0de2cff7bdbb313c80c990ad78db4898e4115b3b,2023-10-04T03:45:33.622000,received,kaspa:qq3k4du6wf2g26j7ds6fqmgtgavgm3zy676wntp2e52nsuns2n4s6xkndmx0y,120212359523,
