tx_id,timestamp,direction,peer_address,amount_sompi,cex_label
1cc3db9b4a73ac7cb054ec1f493527e882f34aacaec5412e4760197d597df3c4,2023-12-19T05:41:27.003000,sent,kaspa:qrkaxvl2tw6pq6zx9xrr9lqnt9x72upf0hsrp3cvgcmfz77m50ycua35nz200,172970000,
1cc3db9b4a73ac7cb054ec1f493527e882f34aacaec5412e4760197d597df3c4,2023-12-19T05:41:27.003000,sent,kaspa:qrkaxvl2tw6pq6zx9xrr9lqnt9x72upf0hsrp3cvgcmfz77m50ycua35nz200,172970000,
067b24607e62c8ad325c71bfaaea78ad11d883a8f31d86dd47e6f644afa36b75,2023-12-12T20:27:47.937000,received,kaspa:qypswxtcrv4ssyjaswy5w9387vq73mkuyq85tl34cee6qn5uexqy0csgnafnjx7,171000000,
0c186407a04b0cc884032ed44041b67cfd10e0d0e7b552aac3f3d42b3d24ec8b,2023-11-29T10:57:19.939000,sent,kaspa:qypkp2t5pk9dkuf829cdka5f7rxcj2wv03carfc50g7wzve98f2mddq7jjc45r9,18000000,
4c72314efa4d1136d3e49b8b0fa6aede91685e0cbf55c8ef67ba1bc39324b2bb,2023-11-28T09:49:37.114000,received,kaspa:qqrk26tfqq0j2durxkgp4wmdpvtthgz2r6j22zmlpw4u433xtgeej7a8pajqm,20000000,
