tx_id,timestamp,direction,peer_address,amount_sompi,cex_label
aa6747fa7439998ec55dce171caaef76c91d0b57ab0e27a54d968268415f7639,2023-12-16T04:32:04.766000,sent,kaspa:qzslgwenzu78t6tldlng383g7ruu4enaljmnkgaulyrscjp7ldt26x8gfxck5,171940000,
aa6747fa7439998ec55dce171caaef76c91d0b57ab0e27a54d968268415f7639,2023-12-16T04:32:04.766000,sent,kaspa:qzslgwenzu78t6tldlng383g7ruu4enaljmnkgaulyrscjp7ldt26x8gfxck5,171940000,
cefb8e55bfcaa51ad1b8f4bb66cef469497e720c211e1823eea88877aade1544,2023-12-12T13:12:31.834000,received,kaspa:qypswxtcrv4ssyjaswy5w9387vq73mkuyq85tl34cee6qn5uexqy0csgnafnjx7,171000000,
662606cd5617f9f67aa13123d0ab143fc337ec97dbda75b6c7ad568548986723,2023-11-28T17:59:59.517000,sent,kaspa:qyp9qk0plkk8pd7vcx57nffpru96p0p3qumafw8906j8spvpcuvrmucj699epkg,18000000,
d15ffbfba7b68651d71c1a7ae93573f30ef011c263c6f2b43723d594ad6dcc95,2023-11-28T14:38:13.629000,received,kaspa:qznguj27925ujdf0xgxstsdzhd6hge2yls4q4wwk9nlhgtewm26h7djkxmafl,19000000,
