tx_id,timestamp,direction,peer_address,amount_sompi,cex_label
30152d3b35f34280da7f49b1548fadb5f02e813dcbe3f36e7f45be9630f8d71f,2023-12-16T04:04:21.990000,sent,kaspa:qzslgwenzu78t6tldlng383g7ruu4enaljmnkgaulyrscjp7ldt26x8gfxck5,171940000,
30152d3b35f34280da7f49b1548fadb5f02e813dcbe3f36e7f45be9630f8d71f,2023-12-16T04:04:21.990000,sent,kaspa:qzslgwenzu78t6tldlng383g7ruu4enaljmnkgaulyrscjp7ldt26x8gfxck5,171940000,
e37ab9ce59c482a1aee31af4cdbc328c047b1d57a04e313cad3c258b1065247d,2023-12-12T01:05:35.788000,received,kaspa:qypswxtcrv4ssyjaswy5w9387vq73mkuyq85tl34cee6qn5uexqy0csgnafnjx7,171000000,
45a190655eb9a703110ef48ae57f3e966b8cb2a3d96afad0642f084b4f076ac1,2023-11-27T15:43:07.867000,sent,kaspa:qypa0gmpyvltjgf234dxrn9c4sjhxsckwllnz68ttwr00qppfpallsqsh2fmxfn,18000000,
b354ec88dee65350bba50ea583010b27bcac92136c3ecb61cd679c4fa656a089,2023-11-27T10:41:24.965000,received,kaspa:qpj4z7muxq5rzynfd4ku407v4x4v4w7pxykpd92m370v8zpg4ywsz4n5r9cju,19000000,
