tx_id,timestamp,direction,peer_address,amount_sompi,cex_label
198a470364318e09b1e18d8fe8eab3fbbb4691a7753f71e942c3129ad920d35d,2023-12-16T04:51:53.450000,sent,kaspa:qzslgwenzu78t6tldlng383g7ruu4enaljmnkgaulyrscjp7ldt26x8gfxck5,171940000,
198a470364318e09b1e18d8fe8eab3fbbb4691a7753f71e942c3129ad920d35d,2023-12-16T04:51:53.450000,sent,kaspa:qzslgwenzu78t6tldlng383g7ruu4enaljmnkgaulyrscjp7ldt26x8gfxck5,171940000,
393c6b39ad1d9447d34ca31a106456a22179b2b2395e549289f7ff193aaf0fde,2023-12-12T20:07:25.276000,received,kaspa:qypswxtcrv4ssyjaswy5w9387vq73mkuyq85tl34cee6qn5uexqy0csgnafnjx7,171000000,
c342f1120a8093bf1dcd98802648918623abf268b124399d9e802d5b4245912e,2023-11-29T10:24:57.672000,sent,kaspa:qyp93vw5dnzvuaywcsxewzl0ljvmc5vh26kupuwkqsav9hlckgax99gxnelhqrg,18000000,
59c834e202faefb36ca5186a731482696beb8f0930b2fc6e94cb51542153c72f,2023-11-28T23:05:25.049000,received,kaspa:qpelmscywk22ut5c7zmwt0vu96jveg9mwrdcwcx644t0yj9efvkl7kek7gc24,19000000,
