tx_id,timestamp,direction,peer_address,amount_sompi,cex_label
e1e2aaca90562b6c8da6870465e8486013d1bb2da14a3186eca12993d376da1e,2023-12-16T05:12:32.802000,sent,kaspa:qzslgwenzu78t6tldlng383g7ruu4enaljmnkgaulyrscjp7ldt26x8gfxck5,171940000,
e1e2aaca90562b6c8da6870465e8486013d1bb2da14a3186eca12993d376da1e,2023-12-16T05:12:32.802000,sent,kaspa:qzslgwenzu78t6tldlng383g7ruu4enaljmnkgaulyrscjp7ldt26x8gfxck5,171940000,
3ebb4faf3cf5b13afbf0d67fa5cbe204b6a1d1bf5e418a1985ce2103a07c6fcf,2023-12-13T04:19:59.906000,received,kaspa:qypswxtcrv4ssyjaswy5w9387vq73mkuyq85tl34cee6qn5uexqy0csgnafnjx7,171000000,
7d6c6dc52d98060c24ea8c0ed0e9a100aa0cec6398862253d6379e7066c3825c,2023-11-29T19:34:14.085000,sent,kaspa:qyprcf3vswnjsep9xuuzgjl4wnru5z5s02ycyeh6tjfpryclspsfaps6hmh2cxt,18000000,
b36a67587893fccab716fb5907f7448c13234bae0dee0e6793f0d41686cf9345,2023-11-28T21:50:34.936000,received,kaspa:qpw309ql97qqj6zc80wuq0pw64sw4n2l0jhq3lpx7amn38z4s02tj0dhumqnq,19000000,
