tx_id,timestamp,direction,peer_address,amount_sompi,cex_label
246500ca1784772bf5a3adeedf125caebc08f627a0f0c7cfc449f0864e549822,2023-12-13T13:34:04.923000,sent,kaspa:qzx5vv06jz6fnm743d4x8l7vh5lczhcrtqc2hl65kyfs8c4x3mzt6jal8zdft,170990000,
d803ffdc1cfbde60590f7ffd39c67717c7c831cea9e8847c1918ee9df490291c,2023-12-12T04:11:48.710000,received,kaspa:qypswxtcrv4ssyjaswy5w9387vq73mkuyq85tl34cee6qn5uexqy0csgnafnjx7,171000000,
07d8ab8a3bab5addb5e88db9d01d3ec7f067a2e55719d68c3ef6ebc62487caab,2023-11-28T03:09:25.941000,sent,kaspa:qrcta9hz0sm3mqchtjdqvw9k9jjt3vnu8e6mgu4umpe654rl705luzt87s08f,480000,
84e22c3fa4ce2c2cbd91aea0f698664751349d71027c0e118660b05dd53f6614,2023-11-28T03:08:01.628000,sent,kaspa:qypg6fq763xrwfyx3ms8prgq6evtvx7pzzfrs5d66y3gecavg36479qsr4q5qdk,18000000,
18da7bbcf9c1054386a519e114b2df06234d32cce7cd1ba929b11cd5ff7398e0,2023-11-28T02:57:20.981000,received,kaspa:qrx4rzkatqzlue8sdakz8ndpudh9v2u9zss7cel4h6fs4q45erurjy7hqn8gu,18500000,
