tx_id,timestamp,direction,peer_address,amount_sompi,cex_label
1b13f5bfbcdc9b8fd29ece3d5e26110bd85a84ee4f97484581aca0dc9d56ea4e,2023-12-12T21:38:53.273000,sent,kaspa:qrh89qsx6s7nkhxga4taagedwhy56cq0fw5w47zaphdfa6ch32fn2v3frzxgz,171070000,
1b13f5bfbcdc9b8fd29ece3d5e26110bd85a84ee4f97484581aca0dc9d56ea4e,2023-12-12T21:38:53.273000,sent,kaspa:qrh89qsx6s7nkhxga4taagedwhy56cq0fw5w47zaphdfa6ch32fn2v3frzxgz,171070000,
334872ec5623a5909eb189f5a3b9dad5957b49925544c3678bbc6a033ef93873,2023-12-12T14:20:28.690000,received,kaspa:qypswxtcrv4ssyjaswy5w9387vq73mkuyq85tl34cee6qn5uexqy0csgnafnjx7,171000000,
d6f04dd238fa44650ba049648df9ee9425628ea68fb468c9d27df25568f2b23d,2023-11-28T22:05:20.773000,sent,kaspa:qyp9j0632e4qgf0unzmp6zxch34hwc5r09ujtw3fnrqqryqnnkcqaagt0v8fqmc,18000000,
a578c15f1b4dfaa899f13bc8d4a1ad8af99c8011073e01104c24f8d200681882,2023-11-28T14:21:00.770000,received,kaspa:qz0qzdkep2t4m7qe7x05a9sengfwdwr59pz3ye8ln42ltw0vu0095w77d6008,18100000,
