tx_id,timestamp,direction,peer_address,amount_sompi,cex_label
0b6e0e7ee299484094bf93381d56eae0ab284886fdda3f1d822e42d28feec0ae,2023-12-18T12:39:46.626000,sent,kaspa:qr57zzheyw9nke602g9j5h90vd9k777k3p6clp5xv76ppqnxrtwajv8082m7x,11286720000,
98079f81ea0ea0978cfa499746da4a440c369bb90038bccd8cf5119754d5d3fe,2023-12-12T07:56:14.654000,received,kaspa:qypswxtcrv4ssyjaswy5w9387vq73mkuyq85tl34cee6qn5uexqy0csgnafnjx7,171000000,
0990923897d2ca3613bb4ceac3e589402f11f06abbd4fc4d11be54a2026e2043,2023-11-28T10:16:46.203000,sent,kaspa:qypwxyg6xh5qn6yxwtxel30shzexxmzpuxqggpk2ruzpwr8egdkzq0g7zmgmj54,18000000,
0990923897d2ca3613bb4ceac3e589402f11f06abbd4fc4d11be54a2026e2043,2023-11-28T10:16:46.203000,sent,kaspa:qrt8w3vgdl5wzgyn36gmctky6rxaucq93h52g7rhxqmew8sne7pnq2pf5nc08,937910000,
5e20de2bc1cbb164370ba6c92bf2cce8efe2285dc80c1454d1217e3d3ac063d5,2023-11-28T10:08:23.734000,received,kaspa:qq35gf965fqxsry3mv6xt9z2nvnmcdkx89depw06c436nhcv2wkuu6wfpyfz2,955920000,
