tx_id,timestamp,direction,peer_address,amount_sompi,cex_label
ecd643990449124cc64eaf5a310bc9cee139d32f41ebb1fc3d936d61b995dd2c,2025-03-16T09:03:06.422000,sent,kaspa:qqcppe5qyle43ezwxtpu4lyvmgdyxy0d6rz6zg3wp97kk2p4wtxjg2s3mq5mc,10000000000,
ecd643990449124cc64eaf5a310bc9cee139d32f41ebb1fc3d936d61b995dd2c,2025-03-16T09:03:06.422000,sent,kaspa:qp9extk8mj9xu5qw9pa60243zuf7lkhvmrnswua929y999nxwwrmy3axp0syc,148899810000,
d369e46a5e7a279b617df0c6a0cd3048ee56d0c37aa6a4fca3bf28aff68a87ef,2025-03-14T08:50:09.809000,received,kaspa:qz9yq3ex0q20lqzs0ksmc9622380pk2k3yvrs3lpauerqxjzyv29qwatcvhdu,138899830000,
d369e46a5e7a279b617df0c6a0cd3048ee56d0c37aa6a4fca3bf28aff68a87ef,2025-03-14T08:50:09.809000,received,kaspa:qrqg0gztfc6a7754qcn4xrqtlj9pr2wm33qlskfpm6kvpvgd6ghsv0kzjsf04,138899830000,
