tx_id,timestamp,direction,peer_address,amount_sompi,cex_label
876cb773bd6024cf4c30c74a8415f61f275bbe7245bb03039f2a35b661e19b93,2023-12-01T16:27:20.126000,sent,kaspa:qqwvnkp47wsj6n4hkdlgj8dsauyx0xvefunnwvvsmpq2udd0ka8ckmpuqw3k5,24999900000,
f9cdd7772e353cdb6e6b6dd311a3b1d816f9adcce356e38f10fb24b6d59d43b7,2023-12-01T16:26:13.292000,received,kaspa:qz3vpp6uedp5ggymlczvhd2fxs944q3mvvjfz2h8f4kpxgh33yxcxjmv2h024,25000000000,
cd80913bbeed4f445bb690618345342c408c99bbbd799994c9524dc81526cc4c,2023-12-01T06:41:50.899000,sent,kaspa:qqwvnkp47wsj6n4hkdlgj8dsauyx0xvefunnwvvsmpq2udd0ka8ckmpuqw3k5,25000000000,
cd80913bbeed4f445bb690618345342c408c99bbbd799994c9524dc81526cc4c,2023-12-01T06:41:50.899000,sent,kaspa:qqwvnkp47wsj6n4hkdlgj8dsauyx0xvefunnwvvsmpq2udd0ka8ckmpuqw3k5,25000000000,
04067b67c2a98f8db8358114c5c9a9f764dbae00ab4bf3f225965859876a9b4e,2023-12-01T06:41:03.489000,received,kaspa:qpwu55rt0vkfh2nsvhsfpny8xvskc2tycnl4632dkmm03evrr8qvu339hhr5g,25000000000,
15fe574501b59881ac7e0100267fc45fcb37197934b0d272b7eceb0d125f9846,2023-12-01T06:39:18.691000,received,kaspa:qr97hx74pl6thjmyrscxy42zckt4sjz5epv9te0sm7ng6ekqc5zmsfedsvmvp,100000,
cbefc8dea224254e48c3adea5a76147e43f77c76c7298977cd65d272537ffaac,2023-11-22T06:20:03.730000,sent,kaspa:qqwvnkp47wsj6n4hkdlgj8dsauyx0xvefunnwvvsmpq2udd0ka8ckmpuqw3k5,19999900000,
00b7bdfc426a1338f706986475e2d0fc28c5c365c1c904c559cc174d49a78a3c,2023-11-22T06:19:18.913000,received,kaspa:qrenncn9s6xc5x8fl0z3kvpnfeerqsrknptwqhfdsackpc0wn4r8jghqvje8e,20000000000,
2e6b44091c727fd3b60b6c70931f8b2c524f9983421fbfa637f424dd166cf19e,2023-11-22T02:12:47.945000,sent,kaspa:qqwvnkp47wsj6n4hkdlgj8dsauyx0xvefunnwvvsmpq2udd0ka8ckmpuqw3k5,9999800000,
79c5c345a5a2531358276a5f87de70904f2696d2383344d930f3bdaa2267d631,2023-11-22T02:10:58.315000,sent,kaspa:qqwvnkp47wsj6n4hkdlgj8dsauyx0xvefunnwvvsmpq2udd0ka8ckmpuqw3k5,10000000000,
04e72e67ef0219b8f197db687160d588779b3c9c088baff808726e66c4c8fee2,2023-11-22T02:09:48.186000,received,kaspa:qp4wqlaussty2yadyfxdqflrktqgu3l22nftxyc3rxuqnuzpawkfc72x92mem,20000000000,
6d75c2c472510dee07aa3b9c222f2f5694be82b2274b60eb3265eee6c7848624,2023-11-18T12:02:27.128000,sent,kaspa:qqwvnkp47wsj6n4hkdlgj8dsauyx0xvefunnwvvsmpq2udd0ka8ckmpuqw3k5,5099562748,
8806040d163de882d8c08a9046a093efb703f1f7e9627a48995b0adadefc8e95,2023-11-18T12:01:27.667000,received,kaspa:qqvxl5vrfsnfdv3pwk0w7swcg8ctyrn9jrymu9m0prr5c9rclvnwqc5yz8nnl,5099662748,
8806040d163de882d8c08a9046a093efb703f1f7e9627a48995b0adadefc8e95,2023-11-18T12:01:27.667000,received,kaspa:qpt2j33jvp7cns2hrkx8tj44u9ldgpm0gm6zvuwsrcutwhryak84zhfnfmlj3,5099662748,
8806040d163de882d8c08a9046a093efb703f1f7e9627a48995b0adadefc8e95,2023-11-18T12:01:27.667000,received,kaspa:qqr330y4dpux5r76khkdrfcngfyxexqnjk4ysxsykv9qmw6fyzgauncknen5k,5099662748,
8806040d163de882d8c08a9046a093efb703f1f7e9627a48995b0adadefc8e95,2023-11-18T12:01:27.667000,received,kaspa:qpwzmtvjaaagk7u7m0tryrfarcs3ym3zxkua5mzzhunkxfz4x5ezck8p64cd2,5099662748,
8806040d163de882d8c08a9046a093efb703f1f7e9627a48995b0adadefc8e95,2023-11-18T12:01:27.667000,received,kaspa:qzfu78r7tuqssnlhgj5k9tdxsfl6qqnht9pmqvzr9ucwzljtfzqwyajdmcjll,5099662748,
8806040d163de882d8c08a9046a093efb703f1f7e9627a48995b0adadefc8e95,2023-11-18T12:01:27.667000,received,kaspa:qrt2llj0mxglurnw9u0rfp68xhjxhcvxyy342e8dmal2spka004pwr9k9zk7q,5099662748,
3bc5e536c6d3061b61356e1d42e28f0d09617807765aaf91beae9ea4d7275573,2023-11-18T12:00:38.255000,sent,kaspa:qqwvnkp47wsj6n4hkdlgj8dsauyx0xvefunnwvvsmpq2udd0ka8ckmpuqw3k5,9999900000,
f7b48ceb878a3f5e5e1ee6ed235e24bd438a6ed85959934df0723d570ab0a6b1,2023-11-18T11:59:51.869000,received,kaspa:qpt6vu6nm8x3f2tvz7u09plc4el5q7aasw4nh7yznfqyav832hu0jlf3fl6dh,10000000000,
f7b48ceb878a3f5e5e1ee6ed235e24bd438a6ed85959934df0723d570ab0a6b1,2023-11-18T11:59:51.869000,received,kaspa:qqnf4d9jz37s36lf6cas8gmdwxwmcep4d39n0u2ahrxv2s7kypaek83kdxr25,10000000000,
ec5ab071b1eb2a0f9eb48b70a460c871bb7f12ae5ca9f69c23b8a7c10ef9e349,2023-10-25T00:20:50.381000,sent,kaspa:qqwvnkp47wsj6n4hkdlgj8dsauyx0xvefunnwvvsmpq2udd0ka8ckmpuqw3k5,54200800000,
ec5ab071b1eb2a0f9eb48b70a460c871bb7f12ae5ca9f69c23b8a7c10ef9e349,2023-10-25T00:20:50.381000,sent,kaspa:qqwvnkp47wsj6n4hkdlgj8dsauyx0xvefunnwvvsmpq2udd0ka8ckmpuqw3k5,54200800000,
0629376161d72099393a80f2ff817cb28549bfc31792c60335fe99b40f6603d3,2023-10-25T00:20:05.829000,received,kaspa:qpc8kr5j9kvhdy26x5gtlec6885t69u4c0j76sr339asdz0y30gjyrgr40e80,54200000000,
0629376161d72099393a80f2ff817cb28549bfc31792c60335fe99b40f6603d3,2023-10-25T00:20:05.829000,received,kaspa:qzwhq7g3jzkpmuk4u4vaj5hv9auf06vkkt8nd85922tp4zw8atw5vqwspy6xa,54200000000,
c9db136a4e2c8132ddfac9ecb881809cedfe49b5de55e6427287195c96ca27ad,2023-10-22T01:59:48.265000,received,kaspa:qzacs3vl34sswlmalkwkrc53c0kexrtnjxx3a6mkvs60r0qt7lauglmn08307,900000,
a6e1d577bee780d29cf2457ed70febae82a2d1281282fcbc772d0a31a3e8368a,2023-10-10T05:07:10.327000,sent,kaspa:qqwvnkp47wsj6n4hkdlgj8dsauyx0xvefunnwvvsmpq2udd0ka8ckmpuqw3k5,800000,
a43702b4b9d48cd03d650d17db40b6525db955b023efb4735faeac337f880845,2023-10-08T18:00:58.197000,received,kaspa:qzacs3vl34sswlmalkwkrc53c0kexrtnjxx3a6mkvs60r0qt7lauglmn08307,900000,
a2c4da50fe02eec4fce8937de31762dd2f18fee37149abba2b29f4f82ad500e2,2023-09-29T15:51:59.018000,sent,kaspa:qqwvnkp47wsj6n4hkdlgj8dsauyx0xvefunnwvvsmpq2udd0ka8ckmpuqw3k5,2600000,
a2c4da50fe02eec4fce8937de31762dd2f18fee37149abba2b29f4f82ad500e2,2023-09-29T15:51:59.018000,sent,kaspa:qqwvnkp47wsj6n4hkdlgj8dsauyx0xvefunnwvvsmpq2udd0ka8ckmpuqw3k5,2600000,
a2c4da50fe02eec4fce8937de31762dd2f18fee37149abba2b29f4f82ad500e2,2023-09-29T15:51:59.018000,sent,kaspa:qqwvnkp47wsj6n4hkdlgj8dsauyx0xvefunnwvvsmpq2udd0ka8ckmpuqw3k5,2600000,
4ab2ca07024d9fc5aab8f1e2a72734b3e823ab97f29c9334e8bb4983970d45ef,2023-09-19T23:24:35.120000,received,kaspa:qzacs3vl34sswlmalkwkrc53c0kexrtnjxx3a6mkvs60r0qt7lauglmn08307,900000,
b8cd898597e244a25f877afccafd958e269ad5f759746407119f98ef620b61b5,2023-09-17T15:46:11.603000,received,kaspa:qzacs3vl34sswlmalkwkrc53c0kexrtnjxx3a6mkvs60r0qt7lauglmn08307,900000,
8794a6d3fb961e461a6c8ad02ed8c0f2b8592905caa99919d3702a30d1596f7b,2023-09-15T04:58:27.175000,received,kaspa:qzacs3vl34sswlmalkwkrc53c0kexrtnjxx3a6mkvs60r0qt7lauglmn08307,900000,
6b8c02cfb2693baa067bd93b451136b785bfdbffe4395af82271b79aecc4a6db,2023-09-10T03:57:17.610000,sent,kaspa:qqwvnkp47wsj6n4hkdlgj8dsauyx0xvefunnwvvsmpq2udd0ka8ckmpuqw3k5,8900000,
6b8c02cfb2693baa067bd93b451136b785bfdbffe4395af82271b79aecc4a6db,2023-09-10T03:57:17.610000,sent,kaspa:qqwvnkp47wsj6n4hkdlgj8dsauyx0xvefunnwvvsmpq2udd0ka8ckmpuqw3k5,8900000,
6b8c02cfb2693baa067bd93b451136b785bfdbffe4395af82271b79aecc4a6db,2023-09-10T03:57:17.610000,sent,kaspa:qqwvnkp47wsj6n4hkdlgj8dsauyx0xvefunnwvvsmpq2udd0ka8ckmpuqw3k5,8900000,
6b8c02cfb2693baa067bd93b451136b785bfdbffe4395af82271b79aecc4a6db,2023-09-10T03:57:17.610000,sent,kaspa:qqwvnkp47wsj6n4hkdlgj8dsauyx0xvefunnwvvsmpq2udd0ka8ckmpuqw3k5,8900000,
6b8c02cfb2693baa067bd93b451136b785bfdbffe4395af82271b79aecc4a6db,2023-09-10T03:57:17.610000,sent,kaspa:qqwvnkp47wsj6n4hkdlgj8dsauyx0xvefunnwvvsmpq2udd0ka8ckmpuqw3k5,8900000,
6b8c02cfb2693baa067bd93b451136b785bfdbffe4395af82271b79aecc4a6db,2023-09-10T03:57:17.610000,sent,kaspa:qqwvnkp47wsj6n4hkdlgj8dsauyx0xvefunnwvvsmpq2udd0ka8ckmpuqw3k5,8900000,
6b8c02cfb2693baa067bd93b451136b785bfdbffe4395af82271b79aecc4a6db,2023-09-10T03:57:17.610000,sent,kaspa:qqwvnkp47wsj6n4hkdlgj8dsauyx0xvefunnwvvsmpq2udd0ka8ckmpuqw3k5,8900000,
6b8c02cfb2693baa067bd93b451136b785bfdbffe4395af82271b79aecc4a6db,2023-09-10T03:57:17.610000,sent,kaspa:qqwvnkp47wsj6n4hkdlgj8dsauyx0xvefunnwvvsmpq2udd0ka8ckmpuqw3k5,8900000,
6b8c02cfb2693baa067bd93b451136b785bfdbffe4395af82271b79aecc4a6db,2023-09-10T03:57:17.610000,sent,kaspa:qqwvnkp47wsj6n4hkdlgj8dsauyx0xvefunnwvvsmpq2udd0ka8ckmpuqw3k5,8900000,
6b8c02cfb2693baa067bd93b451136b785bfdbffe4395af82271b79aecc4a6db,2023-09-10T03:57:17.610000,sent,kaspa:qqwvnkp47wsj6n4hkdlgj8dsauyx0xvefunnwvvsmpq2udd0ka8ckmpuqw3k5,8900000,
f446f7568dcabcb46836797101ae700ceda00340ceba90695c0afa7faf520d3b,2023-09-10T03:51:43.146000,received,kaspa:qzacs3vl34sswlmalkwkrc53c0kexrtnjxx3a6mkvs60r0qt7lauglmn08307,900000,
1adee7cbd647a40ab2f51b7fb090b9871e658d49a6fecac27d2e5c35f593c45f,2023-09-08T00:36:45.120000,received,kaspa:qzacs3vl34sswlmalkwkrc53c0kexrtnjxx3a6mkvs60r0qt7lauglmn08307,900000,
d68710324214e48d40da913a3dc85fc0c0aa71603d19d26cff3ce51f6137007e,2023-09-05T22:06:04.224000,received,kaspa:qzacs3vl34sswlmalkwkrc53c0kexrtnjxx3a6mkvs60r0qt7lauglmn08307,900000,
336fcedbe60f4ea10a2201b9a46de3314f98148d47d162a6d5694a646518c609,2023-09-03T01:33:03.454000,received,kaspa:qzacs3vl34sswlmalkwkrc53c0kexrtnjxx3a6mkvs60r0qt7lauglmn08307,900000,
2ec6a4331ffab7c55b7a7fba9ef1f4f90f002d537e30ff82e5e0a0f499448732,2023-08-31T04:54:05.753000,received,kaspa:qzacs3vl34sswlmalkwkrc53c0kexrtnjxx3a6mkvs60r0qt7lauglmn08307,900000,
c92f440af4db3a4acf8d4a258898be46163feae8dee52cb505716cf1ffd2ccd0,2023-08-30T04:52:22.796000,received,kaspa:qzacs3vl34sswlmalkwkrc53c0kexrtnjxx3a6mkvs60r0qt7lauglmn08307,900000,
b44541ea00f9cf27a543152099410ace9f87fda8d0ee0b1885836ec374137bd1,2023-08-27T04:35:28.800000,received,kaspa:qzacs3vl34sswlmalkwkrc53c0kexrtnjxx3a6mkvs60r0qt7lauglmn08307,900000,
89516d6d1abf177591e9a790a501f475c78e0e6d98f4ce4eae39894688ec9c75,2023-08-25T20:11:04.138000,received,kaspa:qzacs3vl34sswlmalkwkrc53c0kexrtnjxx3a6mkvs60r0qt7lauglmn08307,900000,
c4dce972f69d6c61a0a4e53eaabb3c8e188b6432e90db526851b7f83ac8a87e8,2023-08-23T04:43:03.344000,received,kaspa:qzacs3vl34sswlmalkwkrc53c0kexrtnjxx3a6mkvs60r0qt7lauglmn08307,900000,
b94dacf3a241b597ee1895bd1733271c5cc553d490ddcd3890d09dce88822def,2023-08-21T17:08:19.706000,received,kaspa:qzacs3vl34sswlmalkwkrc53c0kexrtnjxx3a6mkvs60r0qt7lauglmn08307,900000,
35cba2ddc6497c6a15ae26a1c0ab147dc63cabf1b5757d3b9904e921b4c058ab,2023-08-17T00:14:05.712000,sent,kaspa:qqwvnkp47wsj6n4hkdlgj8dsauyx0xvefunnwvvsmpq2udd0ka8ckmpuqw3k5,674830000,
2864382352986c3a2402f50ac0d35fe25bc6ef323f79b63489932175509fca2b,2023-08-17T00:11:02.267000,sent,kaspa:qyp5quwpgufmuty9uq3n25awgxjlvxk7pkfqlarsvquwr5glgzdguhq5z0k7fsc,700000000000,
aa5a6650b2c85caa284473fdb027906877e2f17ea2aca58aa050a794cd3d3817,2023-08-17T00:09:46.230000,sent,kaspa:qyp5quwpgufmuty9uq3n25awgxjlvxk7pkfqlarsvquwr5glgzdguhq5z0k7fsc,50000000000,
aa5a6650b2c85caa284473fdb027906877e2f17ea2aca58aa050a794cd3d3817,2023-08-17T00:09:46.230000,sent,kaspa:qyp5quwpgufmuty9uq3n25awgxjlvxk7pkfqlarsvquwr5glgzdguhq5z0k7fsc,50000000000,
aa5a6650b2c85caa284473fdb027906877e2f17ea2aca58aa050a794cd3d3817,2023-08-17T00:09:46.230000,sent,kaspa:qyp5quwpgufmuty9uq3n25awgxjlvxk7pkfqlarsvquwr5glgzdguhq5z0k7fsc,50000000000,
aa5a6650b2c85caa284473fdb027906877e2f17ea2aca58aa050a794cd3d3817,2023-08-17T00:09:46.230000,sent,kaspa:qyp5quwpgufmuty9uq3n25awgxjlvxk7pkfqlarsvquwr5glgzdguhq5z0k7fsc,50000000000,
aa5a6650b2c85caa284473fdb027906877e2f17ea2aca58aa050a794cd3d3817,2023-08-17T00:09:46.230000,sent,kaspa:qyp5quwpgufmuty9uq3n25awgxjlvxk7pkfqlarsvquwr5glgzdguhq5z0k7fsc,50000000000,
1afecd4dc25101aae27fe47cfc260b9b78edd35346ee8a2e672a34bac54cdd74,2023-08-15T22:23:54.866000,received,kaspa:qzacs3vl34sswlmalkwkrc53c0kexrtnjxx3a6mkvs60r0qt7lauglmn08307,900000,
a8bad0df998d480afc7754475083a34fbfb928d7eb8975753b2d624363d9118e,2023-08-14T00:32:56.539000,received,kaspa:qzacs3vl34sswlmalkwkrc53c0kexrtnjxx3a6mkvs60r0qt7lauglmn08307,900000,
3821bc2c86d3dbeec8721c3f686b9268127e829e4dd250e32161aee8a1d333ae,2023-08-11T04:47:38.482000,received,kaspa:qzacs3vl34sswlmalkwkrc53c0kexrtnjxx3a6mkvs60r0qt7lauglmn08307,900000,
1a962a7dc9870c04db16c8573ff1fffe14c93fdb0e5d9007ff9715c790765b62,2023-08-10T04:46:04.473000,received,kaspa:qqetp7ct8kqss99fxmymyz5t3fezppxp0t58wl6pawp27elqd46uudme00cl0,745231000000,
4493d86beeb3955320551be8c8c780e88923a7945475b4a301343657c8c8e335,2023-08-10T04:26:23.467000,sent,kaspa:qr7a3536azaejvtva3z8ecrt73c9qds7urxvkackmzrz4yv8sfjpxlv7yjru2,50000000000,
4493d86beeb3955320551be8c8c780e88923a7945475b4a301343657c8c8e335,2023-08-10T04:26:23.467000,sent,kaspa:qr7a3536azaejvtva3z8ecrt73c9qds7urxvkackmzrz4yv8sfjpxlv7yjru2,50000000000,
4493d86beeb3955320551be8c8c780e88923a7945475b4a301343657c8c8e335,2023-08-10T04:26:23.467000,sent,kaspa:qr7a3536azaejvtva3z8ecrt73c9qds7urxvkackmzrz4yv8sfjpxlv7yjru2,50000000000,
4493d86beeb3955320551be8c8c780e88923a7945475b4a301343657c8c8e335,2023-08-10T04:26:23.467000,sent,kaspa:qr7a3536azaejvtva3z8ecrt73c9qds7urxvkackmzrz4yv8sfjpxlv7yjru2,50000000000,
2fc87b33107cce91e4e248e0f84e1d7c4671ac8ca66aa905835a8cfd94e54732,2023-08-10T04:20:43.127000,received,kaspa:qzacs3vl34sswlmalkwkrc53c0kexrtnjxx3a6mkvs60r0qt7lauglmn08307,900000,
35649838122a69bcffdaf85a3ecae2e285681aaaeaf5fce5072b6cf2f41cb1f5,2023-08-07T02:46:52.073000,received,kaspa:qzacs3vl34sswlmalkwkrc53c0kexrtnjxx3a6mkvs60r0qt7lauglmn08307,900000,
31b6ff55932c972bd0822e426a371815f14a088b87c5809aebb4ec6d8a14b339,2023-08-06T00:22:04.670000,received,kaspa:qzacs3vl34sswlmalkwkrc53c0kexrtnjxx3a6mkvs60r0qt7lauglmn08307,900000,
c0275a94c592adcdd6e9e9e4c873aa4cae3816d44f77fa4b6a65672e6a35cdfd,2023-08-05T05:46:27.905000,sent,kaspa:qz0pt4a6nc55tj0avh9q7mr26u5mm6ahfh94qpctplqfp22v4amqjjpztrpy9,1800000000000,
4c3fd6cf4f2b6258e847ba7dd8c584caedd82e2a8076daeb4ecdef42744abd41,2023-08-05T05:41:07.166000,sent,kaspa:qpnwdcqx03c48kr3d7ya2jucdetsszvusxezr79z68v5u5tue0mzwpllu3n9r,3500000000000,
6bd13b75b8ce42276291d23e3d3e8d8fdf7beb69c5673cb9dba63a4e0350998a,2023-08-05T05:39:40.125000,sent,kaspa:qpt33fm0ynnympp4mzgc7tkpyfak257wqtnhndncg573npelkafyv7w08fceg,100000000000,
6bd13b75b8ce42276291d23e3d3e8d8fdf7beb69c5673cb9dba63a4e0350998a,2023-08-05T05:39:40.125000,sent,kaspa:qpt33fm0ynnympp4mzgc7tkpyfak257wqtnhndncg573npelkafyv7w08fceg,100000000000,
6bd13b75b8ce42276291d23e3d3e8d8fdf7beb69c5673cb9dba63a4e0350998a,2023-08-05T05:39:40.125000,sent,kaspa:qpt33fm0ynnympp4mzgc7tkpyfak257wqtnhndncg573npelkafyv7w08fceg,100000000000,
afadff114a3c5dbde073bd38c5a8095a9c9cad8d0756cecc71ec036b97ad0f65,2023-07-31T04:30:02.873000,received,kaspa:qzacs3vl34sswlmalkwkrc53c0kexrtnjxx3a6mkvs60r0qt7lauglmn08307,900000,
36fece72dc6164602726ff23d04cc6ba23f3048ac8ca67389b1af6240b7d2f0e,2023-07-30T02:38:31.409000,received,kaspa:qzacs3vl34sswlmalkwkrc53c0kexrtnjxx3a6mkvs60r0qt7lauglmn08307,900000,
b0ea01441ae3b3cba6996b37db96e6e23e06bcc7a14356e434ad3d942903d4a2,2023-07-30T01:45:50.138000,sent,kaspa:qzgranawalr2apfz2pzq7rle20gnw37u0yfqew3nsm0acsanf0mjcehzgqc5d,50000000000,
b0ea01441ae3b3cba6996b37db96e6e23e06bcc7a14356e434ad3d942903d4a2,2023-07-30T01:45:50.138000,sent,kaspa:qzgranawalr2apfz2pzq7rle20gnw37u0yfqew3nsm0acsanf0mjcehzgqc5d,50000000000,
21883cd58c1b16d873523c8d24ce7d5cdbb0cc9a5a764488e80d02eb347c6ac5,2023-07-27T06:34:37.869000,received,kaspa:qzacs3vl34sswlmalkwkrc53c0kexrtnjxx3a6mkvs60r0qt7lauglmn08307,900000,
86154ec3f2b61ed73619e257d3d9e247ccbeca6a09230d64da6b20104dca3b05,2023-07-27T04:18:49.193000,sent,kaspa:qzcywcpymwj5heg6qje85rval3ap288x6rzrrhxngc7q8g5f5hskqptl4ehmh,210000000000,
86154ec3f2b61ed73619e257d3d9e247ccbeca6a09230d64da6b20104dca3b05,2023-07-27T04:18:49.193000,sent,kaspa:qzcywcpymwj5heg6qje85rval3ap288x6rzrrhxngc7q8g5f5hskqptl4ehmh,210000000000,
86154ec3f2b61ed73619e257d3d9e247ccbeca6a09230d64da6b20104dca3b05,2023-07-27T04:18:49.193000,sent,kaspa:qzcywcpymwj5heg6qje85rval3ap288x6rzrrhxngc7q8g5f5hskqptl4ehmh,210000000000,
86154ec3f2b61ed73619e257d3d9e247ccbeca6a09230d64da6b20104dca3b05,2023-07-27T04:18:49.193000,sent,kaspa:qzcywcpymwj5heg6qje85rval3ap288x6rzrrhxngc7q8g5f5hskqptl4ehmh,210000000000,
86154ec3f2b61ed73619e257d3d9e247ccbeca6a09230d64da6b20104dca3b05,2023-07-27T04:18:49.193000,sent,kaspa:qzcywcpymwj5heg6qje85rval3ap288x6rzrrhxngc7q8g5f5hskqptl4ehmh,210000000000,
86154ec3f2b61ed73619e257d3d9e247ccbeca6a09230d64da6b20104dca3b05,2023-07-27T04:18:49.193000,sent,kaspa:qzcywcpymwj5heg6qje85rval3ap288x6rzrrhxngc7q8g5f5hskqptl4ehmh,210000000000,
86154ec3f2b61ed73619e257d3d9e247ccbeca6a09230d64da6b20104dca3b05,2023-07-27T04:18:49.193000,sent,kaspa:qzcywcpymwj5heg6qje85rval3ap288x6rzrrhxngc7q8g5f5hskqptl4ehmh,210000000000,
4a9570177ec38226cda63e515d32f794c7598b21b952115fbebfa4750e2ae108,2023-07-25T03:31:04.173000,received,kaspa:qqetp7ct8kqss99fxmymyz5t3fezppxp0t58wl6pawp27elqd46uudme00cl0,902429000000,
33a3cb054ab530152965a5febe7e66f1f06d06f8c10e87f811d66430539a9d2b,2023-07-25T01:28:02.943000,received,kaspa:qqetp7ct8kqss99fxmymyz5t3fezppxp0t58wl6pawp27elqd46uudme00cl0,1831999000000,
ae1fe453ca650e447641f4d971633af9f4496264a37648ab91712d3e2c33e324,2023-07-23T19:52:52.699000,received,kaspa:qzacs3vl34sswlmalkwkrc53c0kexrtnjxx3a6mkvs60r0qt7lauglmn08307,900000,
a3538b585af779ec960c9d47b5411cd29b82e045a2672ee590bcf2b17891856e,2023-07-23T05:39:06.236000,received,kaspa:qqetp7ct8kqss99fxmymyz5t3fezppxp0t58wl6pawp27elqd46uudme00cl0,1152820000000,
8485e67d2971f3189342310ec6ad449271aeda1404c2ae4bca42202e22ac934b,2023-07-22T22:31:03.743000,received,kaspa:qpzpfwcsqsxhxwup26r55fd0ghqlhyugz8cp6y3wxuddc02vcxtjg75pspnwz,1205708000000,MEXC
f6b64de5bfc7956106c89a149c9fc069c29698782e3cffa8c7adea6d4afd09e7,2023-07-22T17:04:41.973000,received,kaspa:qzacs3vl34sswlmalkwkrc53c0kexrtnjxx3a6mkvs60r0qt7lauglmn08307,900000,
c265359e8cb9b0aaad319d2cfb10f8b5ebb3c87ae94fee722ec4bf8ecfc6d793,2023-07-21T00:58:20.906000,sent,kaspa:qqtpmll3hwa90qyxwrswfnsssfzhg87je9rqgmuas3cux8dc3kva267l4zxcp,2999999900000,
8a23a49d9f54c0302d8e33b14847d13dede35004e8fddea5f672a79ad8c00046,2023-07-21T00:56:31.863000,sent,kaspa:qpjgs2p2splhnvgytzx48edqm02jmzd7mkn3n99s3tg3kmqpswpugeatdt34s,2999999900000,
2f7b173e84602346a14b8a66d34aff6aaf014ccf63aac189d1f2dc1a2a38c38d,2023-07-21T00:54:27.044000,sent,kaspa:qzvv28qx4j9uq6pd48z368wlgw555gz46qp8mxnf5knqaygrzvts793s45qtq,999999270000,
07a2d46da4593d16f95eb7a88809f8b11ec89c82033a95de40c1d6830c843f28,2023-07-21T00:48:55.763000,sent,kaspa:qr63efjszt5dmh65dvc8xgkcc4a7wq6lz2hnzp66yw0refg2n004qvq5m4dx7,318168700000,
e4585f3c081ab5957f19e644e0d3887c5fc9bf7c2c48a84685113e66c0c162b3,2023-07-21T00:47:15.924000,sent,kaspa:qrftsgtvtnlc639tdht94tq93xgvkxsqz2c09qkz42lsc7gkwr6jzyj0sx8jn,50000000000,
e4585f3c081ab5957f19e644e0d3887c5fc9bf7c2c48a84685113e66c0c162b3,2023-07-21T00:47:15.924000,sent,kaspa:qrftsgtvtnlc639tdht94tq93xgvkxsqz2c09qkz42lsc7gkwr6jzyj0sx8jn,50000000000,
e4585f3c081ab5957f19e644e0d3887c5fc9bf7c2c48a84685113e66c0c162b3,2023-07-21T00:47:15.924000,sent,kaspa:qrftsgtvtnlc639tdht94tq93xgvkxsqz2c09qkz42lsc7gkwr6jzyj0sx8jn,50000000000,
e4585f3c081ab5957f19e644e0d3887c5fc9bf7c2c48a84685113e66c0c162b3,2023-07-21T00:47:15.924000,sent,kaspa:qrftsgtvtnlc639tdht94tq93xgvkxsqz2c09qkz42lsc7gkwr6jzyj0sx8jn,50000000000,
e4585f3c081ab5957f19e644e0d3887c5fc9bf7c2c48a84685113e66c0c162b3,2023-07-21T00:47:15.924000,sent,kaspa:qrftsgtvtnlc639tdht94tq93xgvkxsqz2c09qkz42lsc7gkwr6jzyj0sx8jn,50000000000,
e4585f3c081ab5957f19e644e0d3887c5fc9bf7c2c48a84685113e66c0c162b3,2023-07-21T00:47:15.924000,sent,kaspa:qrftsgtvtnlc639tdht94tq93xgvkxsqz2c09qkz42lsc7gkwr6jzyj0sx8jn,50000000000,
e4585f3c081ab5957f19e644e0d3887c5fc9bf7c2c48a84685113e66c0c162b3,2023-07-21T00:47:15.924000,sent,kaspa:qrftsgtvtnlc639tdht94tq93xgvkxsqz2c09qkz42lsc7gkwr6jzyj0sx8jn,50000000000,
c25495532dc5094727b89b1bb4b4fc0ee49c81757f7722d8ada871af69983b06,2023-07-21T00:30:03.962000,received,kaspa:qqetp7ct8kqss99fxmymyz5t3fezppxp0t58wl6pawp27elqd46uudme00cl0,1464720000000,
1843e1c8a46f3d020ff10568dbff4ee7d5cd3fc2b2cc2ada29388129e59be58e,2023-07-20T15:51:02.674000,received,kaspa:qqetp7ct8kqss99fxmymyz5t3fezppxp0t58wl6pawp27elqd46uudme00cl0,292085000000,
ec5cb51a4d8fdb605ada47ba97e9a396096e680c1ac40381d1b92b41edf4112c,2023-07-19T15:38:02.900000,received,kaspa:qqetp7ct8kqss99fxmymyz5t3fezppxp0t58wl6pawp27elqd46uudme00cl0,293771000000,
17af1c8213bac9b3de7e00bae81dd2916030317a6487503a97f2b2a5d23b24b2,2023-07-19T05:39:02.213000,received,kaspa:qqetp7ct8kqss99fxmymyz5t3fezppxp0t58wl6pawp27elqd46uudme00cl0,570901000000,
f72538acb742d6abfee3cddc5216020e2d184b0d751268b5aadf16515c81f8da,2023-07-18T20:43:37.122000,received,kaspa:qzacs3vl34sswlmalkwkrc53c0kexrtnjxx3a6mkvs60r0qt7lauglmn08307,900000,
8e8d2c869e47a60ad3fe5dfbb779726ffabc3623981a3328dde7e202e6c40c38,2023-07-17T07:32:05.933000,received,kaspa:qqetp7ct8kqss99fxmymyz5t3fezppxp0t58wl6pawp27elqd46uudme00cl0,413240000000,
0289b3489aefcb2f64eb46bb86a391870d526d2475ffe394136c46b6ec7c9e04,2023-07-17T03:33:17.458000,sent,kaspa:qzacs3vl34sswlmalkwkrc53c0kexrtnjxx3a6mkvs60r0qt7lauglmn08307,13800000000,
bfdb1c7d75b8a13da4557674245f796353e517b523a46cf14a7ccc96e5322dcd,2023-07-17T03:31:57.305000,sent,kaspa:qzacs3vl34sswlmalkwkrc53c0kexrtnjxx3a6mkvs60r0qt7lauglmn08307,38100000000,
fea8cd696fadc8ddf00929128d132e5c0d1cc8afe774c50cf8375beb671f229f,2023-07-17T03:31:00.377000,sent,kaspa:qzacs3vl34sswlmalkwkrc53c0kexrtnjxx3a6mkvs60r0qt7lauglmn08307,2500000000,
fea8cd696fadc8ddf00929128d132e5c0d1cc8afe774c50cf8375beb671f229f,2023-07-17T03:31:00.377000,sent,kaspa:qzacs3vl34sswlmalkwkrc53c0kexrtnjxx3a6mkvs60r0qt7lauglmn08307,2500000000,
fea8cd696fadc8ddf00929128d132e5c0d1cc8afe774c50cf8375beb671f229f,2023-07-17T03:31:00.377000,sent,kaspa:qzacs3vl34sswlmalkwkrc53c0kexrtnjxx3a6mkvs60r0qt7lauglmn08307,2500000000,
fea8cd696fadc8ddf00929128d132e5c0d1cc8afe774c50cf8375beb671f229f,2023-07-17T03:31:00.377000,sent,kaspa:qzacs3vl34sswlmalkwkrc53c0kexrtnjxx3a6mkvs60r0qt7lauglmn08307,2500000000,
fea8cd696fadc8ddf00929128d132e5c0d1cc8afe774c50cf8375beb671f229f,2023-07-17T03:31:00.377000,sent,kaspa:qzacs3vl34sswlmalkwkrc53c0kexrtnjxx3a6mkvs60r0qt7lauglmn08307,2500000000,
ebbc65a6418dde0c777901ebec85c95a2cb23cf0d0be137482ec77d4f49c6fbc,2023-07-17T03:27:59.319000,received,kaspa:qzacs3vl34sswlmalkwkrc53c0kexrtnjxx3a6mkvs60r0qt7lauglmn08307,900000,
30adfeff41d7df289b8085785e51a34268e2cd08e7c60f7f3156d46bd243f81c,2023-07-15T01:40:01.041000,received,kaspa:qzacs3vl34sswlmalkwkrc53c0kexrtnjxx3a6mkvs60r0qt7lauglmn08307,900000,
500b19873a777056212da4a38cfb109654d0b9ef211eaf7c83ce98bf73611c7a,2023-07-14T04:23:03.318000,received,kaspa:qqetp7ct8kqss99fxmymyz5t3fezppxp0t58wl6pawp27elqd46uudme00cl0,474368000000,
48566bf163908b97444d6bf189d5ed42ea7ee33a46226d0657853dfb4e52fd3f,2023-07-14T02:31:03.446000,received,kaspa:qqetp7ct8kqss99fxmymyz5t3fezppxp0t58wl6pawp27elqd46uudme00cl0,712251000000,
002bf61775cc5e1a25bc595a24450e33964669bf749c7e53dc4702c6026978c9,2023-07-14T00:10:19.097000,sent,kaspa:qrqrjcuywnmx804s4ym0euej27hv76kdlcedwsxdfnxqaucy92w3645409c3l,50000000000,
002bf61775cc5e1a25bc595a24450e33964669bf749c7e53dc4702c6026978c9,2023-07-14T00:10:19.097000,sent,kaspa:qrqrjcuywnmx804s4ym0euej27hv76kdlcedwsxdfnxqaucy92w3645409c3l,50000000000,
002bf61775cc5e1a25bc595a24450e33964669bf749c7e53dc4702c6026978c9,2023-07-14T00:10:19.097000,sent,kaspa:qrqrjcuywnmx804s4ym0euej27hv76kdlcedwsxdfnxqaucy92w3645409c3l,50000000000,
002bf61775cc5e1a25bc595a24450e33964669bf749c7e53dc4702c6026978c9,2023-07-14T00:10:19.097000,sent,kaspa:qrqrjcuywnmx804s4ym0euej27hv76kdlcedwsxdfnxqaucy92w3645409c3l,50000000000,
002bf61775cc5e1a25bc595a24450e33964669bf749c7e53dc4702c6026978c9,2023-07-14T00:10:19.097000,sent,kaspa:qrqrjcuywnmx804s4ym0euej27hv76kdlcedwsxdfnxqaucy92w3645409c3l,50000000000,
002bf61775cc5e1a25bc595a24450e33964669bf749c7e53dc4702c6026978c9,2023-07-14T00:10:19.097000,sent,kaspa:qrqrjcuywnmx804s4ym0euej27hv76kdlcedwsxdfnxqaucy92w3645409c3l,50000000000,
002bf61775cc5e1a25bc595a24450e33964669bf749c7e53dc4702c6026978c9,2023-07-14T00:10:19.097000,sent,kaspa:qrqrjcuywnmx804s4ym0euej27hv76kdlcedwsxdfnxqaucy92w3645409c3l,50000000000,
002bf61775cc5e1a25bc595a24450e33964669bf749c7e53dc4702c6026978c9,2023-07-14T00:10:19.097000,sent,kaspa:qrqrjcuywnmx804s4ym0euej27hv76kdlcedwsxdfnxqaucy92w3645409c3l,50000000000,
002bf61775cc5e1a25bc595a24450e33964669bf749c7e53dc4702c6026978c9,2023-07-14T00:10:19.097000,sent,kaspa:qrqrjcuywnmx804s4ym0euej27hv76kdlcedwsxdfnxqaucy92w3645409c3l,50000000000,
002bf61775cc5e1a25bc595a24450e33964669bf749c7e53dc4702c6026978c9,2023-07-14T00:10:19.097000,sent,kaspa:qrqrjcuywnmx804s4ym0euej27hv76kdlcedwsxdfnxqaucy92w3645409c3l,50000000000,
002bf61775cc5e1a25bc595a24450e33964669bf749c7e53dc4702c6026978c9,2023-07-14T00:10:19.097000,sent,kaspa:qrqrjcuywnmx804s4ym0euej27hv76kdlcedwsxdfnxqaucy92w3645409c3l,50000000000,
002bf61775cc5e1a25bc595a24450e33964669bf749c7e53dc4702c6026978c9,2023-07-14T00:10:19.097000,sent,kaspa:qrqrjcuywnmx804s4ym0euej27hv76kdlcedwsxdfnxqaucy92w3645409c3l,50000000000,
9763766402192cedb1dd7d3bd2131d2db60cf9f9d93b91923263a16df93d32b0,2023-07-13T23:08:35.418000,received,kaspa:qqetp7ct8kqss99fxmymyz5t3fezppxp0t58wl6pawp27elqd46uudme00cl0,459192000000,
ae3fdad12fa9504a0984d62f244b5caefc0cf95526c44668f81e1385a6f92dc4,2023-07-13T16:29:01.660000,received,kaspa:qzacs3vl34sswlmalkwkrc53c0kexrtnjxx3a6mkvs60r0qt7lauglmn08307,900000,
e7d5952f0f53596548daecd8a80bd6a34bdf168c89e1363125c11b5e4c377947,2023-07-11T03:32:43.404000,received,kaspa:qzacs3vl34sswlmalkwkrc53c0kexrtnjxx3a6mkvs60r0qt7lauglmn08307,900000,
c4d42235434814a58b0e6e8393c04853136e217b852dcd25e7e0f1a5abe28a09,2023-07-10T20:16:04.900000,received,kaspa:qqetp7ct8kqss99fxmymyz5t3fezppxp0t58wl6pawp27elqd46uudme00cl0,445147000000,
723741c8fe60145a8c8d0a1627e42bb852cc27cf09c200db6627e9efdcb1357b,2023-07-10T20:14:02.409000,received,kaspa:qqetp7ct8kqss99fxmymyz5t3fezppxp0t58wl6pawp27elqd46uudme00cl0,398347000000,
72ecf40364b736422969431faa7be2035766db9d50d0b1faf78a7f2cc67a2c84,2023-07-10T01:53:10.066000,received,kaspa:qqetp7ct8kqss99fxmymyz5t3fezppxp0t58wl6pawp27elqd46uudme00cl0,149130000000,
2627435e5a3ac5376d5db436d63b9148d60f737b5abac2c0c359d122633cd423,2023-07-10T00:07:02.822000,received,kaspa:qqetp7ct8kqss99fxmymyz5t3fezppxp0t58wl6pawp27elqd46uudme00cl0,1561297000000,
5d9b158c6ecd272cfd1c57ae596093b5e7e62c497402e3b49d92b211a9d25bc3,2023-07-10T00:04:01.466000,received,kaspa:qqetp7ct8kqss99fxmymyz5t3fezppxp0t58wl6pawp27elqd46uudme00cl0,47000000000,
de54d3e7356dc585a55524346a3b57ef7ce060f8fd0bf2f7cf3868f90f55d5a9,2023-07-09T22:16:09.362000,received,kaspa:qpzpfwcsqsxhxwup26r55fd0ghqlhyugz8cp6y3wxuddc02vcxtjg75pspnwz,154590000000,MEXC
a7e1d84c14876510b019ea601cba0f92c532589a92f4f4ccdf439114d00233e7,2023-07-03T18:10:02.090000,received,kaspa:qqetp7ct8kqss99fxmymyz5t3fezppxp0t58wl6pawp27elqd46uudme00cl0,651904000000,
7be58225fe329f84e1d1e3cdde032c5a3b3b4c334609dffa48c7fe963eef2d5c,2023-07-03T18:06:01.800000,received,kaspa:qqetp7ct8kqss99fxmymyz5t3fezppxp0t58wl6pawp27elqd46uudme00cl0,7000000000,
a2380f3d9eb342d582bca8dd43ca3e91e5c79480221886bad81c25e51cba0b63,2023-07-03T01:29:57.545000,received,kaspa:qqwvnkp47wsj6n4hkdlgj8dsauyx0xvefunnwvvsmpq2udd0ka8ckmpuqw3k5,100000000,
a2380f3d9eb342d582bca8dd43ca3e91e5c79480221886bad81c25e51cba0b63,2023-07-03T01:29:57.545000,received,kaspa:qqwvnkp47wsj6n4hkdlgj8dsauyx0xvefunnwvvsmpq2udd0ka8ckmpuqw3k5,100000000,
a2380f3d9eb342d582bca8dd43ca3e91e5c79480221886bad81c25e51cba0b63,2023-07-03T01:29:57.545000,received,kaspa:qqwvnkp47wsj6n4hkdlgj8dsauyx0xvefunnwvvsmpq2udd0ka8ckmpuqw3k5,100000000,
a2380f3d9eb342d582bca8dd43ca3e91e5c79480221886bad81c25e51cba0b63,2023-07-03T01:29:57.545000,received,kaspa:qqwvnkp47wsj6n4hkdlgj8dsauyx0xvefunnwvvsmpq2udd0ka8ckmpuqw3k5,100000000,
a2380f3d9eb342d582bca8dd43ca3e91e5c79480221886bad81c25e51cba0b63,2023-07-03T01:29:57.545000,received,kaspa:qqwvnkp47wsj6n4hkdlgj8dsauyx0xvefunnwvvsmpq2udd0ka8ckmpuqw3k5,100000000,
a2380f3d9eb342d582bca8dd43ca3e91e5c79480221886bad81c25e51cba0b63,2023-07-03T01:29:57.545000,received,kaspa:qqwvnkp47wsj6n4hkdlgj8dsauyx0xvefunnwvvsmpq2udd0ka8ckmpuqw3k5,100000000,
a2380f3d9eb342d582bca8dd43ca3e91e5c79480221886bad81c25e51cba0b63,2023-07-03T01:29:57.545000,received,kaspa:qqwvnkp47wsj6n4hkdlgj8dsauyx0xvefunnwvvsmpq2udd0ka8ckmpuqw3k5,100000000,
537041bb7e0826be0f0a90b07f9de6c5602d609c791565484b23b418c6fd6aec,2023-06-23T05:56:28.528000,sent,kaspa:qqwvnkp47wsj6n4hkdlgj8dsauyx0xvefunnwvvsmpq2udd0ka8ckmpuqw3k5,22346800000,
35e210c22315df978ee264077a2f46f0d59b92593f1236d9767f33acd09916e7,2023-06-12T00:23:44.664000,sent,kaspa:qqwvnkp47wsj6n4hkdlgj8dsauyx0xvefunnwvvsmpq2udd0ka8ckmpuqw3k5,10000000000,
ad23ee40e2afd6c5036d4151a49dbfb81138e0fb21763160f7d4f5025409a184,2023-06-12T00:19:04.863000,received,kaspa:qqetp7ct8kqss99fxmymyz5t3fezppxp0t58wl6pawp27elqd46uudme00cl0,32347000000,
