tx_id,timestamp,direction,peer_address,amount_sompi,cex_label
292854e32489983461da7e7ebfbd06bc8be5ddc1f5d36b6da8e393f371939a72,2024-02-06T23:33:21.063000,sent,kaspa:qqvt43dmz7qjaftt6524w00zkps8y7j884skmgfudg7hulrgtj9es0hdncvyg,1807000000,
fe2537198cce7233a4f6242f46f4a93bd39662f8b255ea0403d83b7b75a5f64f,2024-02-06T16:51:33.883000,received,kaspa:qq9zagcza4jt76eev9jl5z0nqhe0thcu7js8larktj4sle7lvgnw7sfcewlty,1809370486,
324d861c4b15416d545841d16a875f95b5299228bfd28d29639e6e12b3ea8779,2024-01-16T06:51:11.889000,sent,kaspa:qqwvnkp47wsj6n4hkdlgj8dsauyx0xvefunnwvvsmpq2udd0ka8ckmpuqw3k5,100000000000,
324d861c4b15416d545841d16a875f95b5299228bfd28d29639e6e12b3ea8779,2024-01-16T06:51:11.889000,sent,kaspa:qqwvnkp47wsj6n4hkdlgj8dsauyx0xvefunnwvvsmpq2udd0ka8ckmpuqw3k5,100000000000,
81b4d2ab1cc8ea676029ad7b0a56b29f82ffe9af665ab5ceb4f03b801f21dfe1,2024-01-16T06:48:00.125000,received,kaspa:qypuz2pcy6d0d0wkmysx250s3wh7xdynqjd35mzalxcljxg4g235krq552p7rsf,100000000000,
1595283c447103abf99f469be365970512aa5d775fed728bcb166c61ff4509e4,2024-01-14T12:03:52.732000,received,kaspa:qypuz2pcy6d0d0wkmysx250s3wh7xdynqjd35mzalxcljxg4g235krq552p7rsf,100000,
1595283c447103abf99f469be365970512aa5d775fed728bcb166c61ff4509e4,2024-01-14T12:03:52.732000,received,kaspa:qypuz2pcy6d0d0wkmysx250s3wh7xdynqjd35mzalxcljxg4g235krq552p7rsf,100000,
1595283c447103abf99f469be365970512aa5d775fed728bcb166c61ff4509e4,2024-01-14T12:03:52.732000,received,kaspa:qypuz2pcy6d0d0wkmysx250s3wh7xdynqjd35mzalxcljxg4g235krq552p7rsf,100000,
1595283c447103abf99f469be365970512aa5d775fed728bcb166c61ff4509e4,2024-01-14T12:03:52.732000,received,kaspa:qypuz2pcy6d0d0wkmysx250s3wh7xdynqjd35mzalxcljxg4g235krq552p7rsf,100000,
1595283c447103abf99f469be365970512aa5d775fed728bcb166c61ff4509e4,2024-01-14T12:03:52.732000,received,kaspa:qypuz2pcy6d0d0wkmysx250s3wh7xdynqjd35mzalxcljxg4g235krq552p7rsf,100000,
1595283c447103abf99f469be365970512aa5d775fed728bcb166c61ff4509e4,2024-01-14T12:03:52.732000,received,kaspa:qypuz2pcy6d0d0wkmysx250s3wh7xdynqjd35mzalxcljxg4g235krq552p7rsf,100000,
1595283c447103abf99f469be365970512aa5d775fed728bcb166c61ff4509e4,2024-01-14T12:03:52.732000,received,kaspa:qypuz2pcy6d0d0wkmysx250s3wh7xdynqjd35mzalxcljxg4g235krq552p7rsf,100000,
cd642dd02c3d99f39b7f3de505f50918637a830f9d1a6dbaccc0a893f86b4f8e,2023-12-10T12:22:38.180000,sent,kaspa:qqwvnkp47wsj6n4hkdlgj8dsauyx0xvefunnwvvsmpq2udd0ka8ckmpuqw3k5,83999900000,
a47f94fbaa8f90f5e3d6b33892668c548ac37ed82e36b715e5f8e28cc13692d7,2023-12-10T12:20:11.676000,received,kaspa:qypuz2pcy6d0d0wkmysx250s3wh7xdynqjd35mzalxcljxg4g235krq552p7rsf,84000000000,
a47f94fbaa8f90f5e3d6b33892668c548ac37ed82e36b715e5f8e28cc13692d7,2023-12-10T12:20:11.676000,received,kaspa:qypuz2pcy6d0d0wkmysx250s3wh7xdynqjd35mzalxcljxg4g235krq552p7rsf,84000000000,
a47f94fbaa8f90f5e3d6b33892668c548ac37ed82e36b715e5f8e28cc13692d7,2023-12-10T12:20:11.676000,received,kaspa:qypuz2pcy6d0d0wkmysx250s3wh7xdynqjd35mzalxcljxg4g235krq552p7rsf,84000000000,
a47f94fbaa8f90f5e3d6b33892668c548ac37ed82e36b715e5f8e28cc13692d7,2023-12-10T12:20:11.676000,received,kaspa:qypuz2pcy6d0d0wkmysx250s3wh7xdynqjd35mzalxcljxg4g235krq552p7rsf,84000000000,
cd9c2e3712974e1b05dca38ec6bc535bab7b6b09f782e315b41674700e1847ec,2023-12-09T12:38:28.532000,sent,kaspa:qypuz2pcy6d0d0wkmysx250s3wh7xdynqjd35mzalxcljxg4g235krq552p7rsf,1862935000,
973258f9a06f0535920253d51e10d09ba7b932dfc34babbcd95e570bad0eb241,2023-12-09T12:12:44.162000,received,kaspa:qrvum29vk365g0zcd5gx3c7h829etfq2ytdmscjzw4zw04fjfnprcg9c3tges,1863035000,
1c788e7c819b3afddbda3dacaf482fe29a60572523a69d1125c43694cd0e0b00,2023-12-01T05:28:30.333000,sent,kaspa:qqwvnkp47wsj6n4hkdlgj8dsauyx0xvefunnwvvsmpq2udd0ka8ckmpuqw3k5,660139000,
90ea72d9ad07dee1f5094028ac04daf9ae904b82dbce2ef68961cf03a68ca637,2023-12-01T05:06:53.319000,received,kaspa:qrvum29vk365g0zcd5gx3c7h829etfq2ytdmscjzw4zw04fjfnprcg9c3tges,660239000,
3dfeb757622711c61c104f037d2a199116d437c9d4f90f9eb1582c5e1f38df4d,2023-11-25T11:23:34.371000,sent,kaspa:qqwvnkp47wsj6n4hkdlgj8dsauyx0xvefunnwvvsmpq2udd0ka8ckmpuqw3k5,656143000,
59a32f2ae9c10a45daf6bcb4f97b25017a19ec1a5f40572a4c1f1f61e4c565a8,2023-11-24T16:42:35.221000,received,kaspa:qrvum29vk365g0zcd5gx3c7h829etfq2ytdmscjzw4zw04fjfnprcg9c3tges,656243000,
78383da43fd76457c6f6fc2aa639bfe176e6ba6d13bfbc0d8ca07856ab97e185,2023-11-23T05:01:50.661000,sent,kaspa:qqwvnkp47wsj6n4hkdlgj8dsauyx0xvefunnwvvsmpq2udd0ka8ckmpuqw3k5,2027770000,
bbf0e455b41ecb962e4dd2966ecac104dfe1b563fcffc0a98d55757b01c9f630,2023-11-22T14:09:28.551000,received,kaspa:qrvum29vk365g0zcd5gx3c7h829etfq2ytdmscjzw4zw04fjfnprcg9c3tges,2027870000,
4741c2253643770cf9aa3e9bfedd75fb34d2d0a2aed6073cad613d2e1aab1f32,2023-11-22T11:58:51.532000,sent,kaspa:qqwvnkp47wsj6n4hkdlgj8dsauyx0xvefunnwvvsmpq2udd0ka8ckmpuqw3k5,197332692893,
4741c2253643770cf9aa3e9bfedd75fb34d2d0a2aed6073cad613d2e1aab1f32,2023-11-22T11:58:51.532000,sent,kaspa:qqwvnkp47wsj6n4hkdlgj8dsauyx0xvefunnwvvsmpq2udd0ka8ckmpuqw3k5,197332692893,
4741c2253643770cf9aa3e9bfedd75fb34d2d0a2aed6073cad613d2e1aab1f32,2023-11-22T11:58:51.532000,sent,kaspa:qqwvnkp47wsj6n4hkdlgj8dsauyx0xvefunnwvvsmpq2udd0ka8ckmpuqw3k5,197332692893,
4741c2253643770cf9aa3e9bfedd75fb34d2d0a2aed6073cad613d2e1aab1f32,2023-11-22T11:58:51.532000,sent,kaspa:qqwvnkp47wsj6n4hkdlgj8dsauyx0xvefunnwvvsmpq2udd0ka8ckmpuqw3k5,197332692893,
52538cb7f91ec2e28d7fcc04bc77713d8f681a7f0065457b7f6277ae94fb6405,2023-11-22T11:44:12.251000,received,kaspa:qrvum29vk365g0zcd5gx3c7h829etfq2ytdmscjzw4zw04fjfnprcg9c3tges,197213508313,
f81d2bc6efe362ab08b7fd255201cc28e8f6ae98e91e4639473eebdb194100ca,2023-11-21T07:11:10.860000,received,kaspa:qrvum29vk365g0zcd5gx3c7h829etfq2ytdmscjzw4zw04fjfnprcg9c3tges,110000000,
4f8ad690646d14ebc0b1742242a10624f0dd28931aa28f1feb28bc2dac806dfc,2023-11-17T16:36:50.585000,received,kaspa:qz2jrjt7uvhyv8n59za08ggnevmumfnxx692j0utn6pyjtaymt56jzmctzxm3,2998177,
e159599abb0ec32791b20462ee434da4980a8f959230c0a4a59f8b3baad78db1,2023-11-17T16:34:57.435000,sent,kaspa:qz2jrjt7uvhyv8n59za08ggnevmumfnxx692j0utn6pyjtaymt56jzmctzxm3,3000000,
e159599abb0ec32791b20462ee434da4980a8f959230c0a4a59f8b3baad78db1,2023-11-17T16:34:57.435000,sent,kaspa:qz2jrjt7uvhyv8n59za08ggnevmumfnxx692j0utn6pyjtaymt56jzmctzxm3,3000000,
1bf8bb13a29ce0672e0728912cecd0d61aa02e3e782dc4c65ea63159cc23d231,2023-11-17T15:41:40.726000,received,kaspa:qruavvwy5wlh7kqa0rrvyl22grjd5ygxqsl0u5wg48zkwzrchzll60y2400dt,1990000,
281bc165a7b93f0af7373cdf79d650ef78962575824c5acc6f00e0b1a33f3031,2023-11-17T15:37:21.307000,sent,kaspa:qruavvwy5wlh7kqa0rrvyl22grjd5ygxqsl0u5wg48zkwzrchzll60y2400dt,2000000,
281bc165a7b93f0af7373cdf79d650ef78962575824c5acc6f00e0b1a33f3031,2023-11-17T15:37:21.307000,sent,kaspa:qruavvwy5wlh7kqa0rrvyl22grjd5ygxqsl0u5wg48zkwzrchzll60y2400dt,2000000,
5b43f1a1dbec49e31b000aca560ab0f6183ce60c96066cc8d213609ae461ee66,2023-11-16T23:09:38.645000,received,kaspa:qqtvyzckkpspzu4gxxen7t2ejgast73th2l50rpg037pv9sscxrr6aut9j4yk,500000,
5efefb1e6703a10e46c021670f31ef5df806cafa737354949e613ce65506c2e7,2023-11-16T23:02:10.067000,sent,kaspa:qqtvyzckkpspzu4gxxen7t2ejgast73th2l50rpg037pv9sscxrr6aut9j4yk,1000000,
bdee5fffabe90a9548b67399ef32cf47ffeb0c5256c8106051df3cce8ac4c09c,2023-11-15T05:03:52.750000,sent,kaspa:qqwvnkp47wsj6n4hkdlgj8dsauyx0xvefunnwvvsmpq2udd0ka8ckmpuqw3k5,23209585,
efc7cd110e746d66171a118b6b347c88d7cae7e3d085dff0b13a7dddd2e729e9,2023-11-13T05:11:22.795000,sent,kaspa:qqwvnkp47wsj6n4hkdlgj8dsauyx0xvefunnwvvsmpq2udd0ka8ckmpuqw3k5,5000000000,
efc7cd110e746d66171a118b6b347c88d7cae7e3d085dff0b13a7dddd2e729e9,2023-11-13T05:11:22.795000,sent,kaspa:qqwvnkp47wsj6n4hkdlgj8dsauyx0xvefunnwvvsmpq2udd0ka8ckmpuqw3k5,5000000000,
efc7cd110e746d66171a118b6b347c88d7cae7e3d085dff0b13a7dddd2e729e9,2023-11-13T05:11:22.795000,sent,kaspa:qqwvnkp47wsj6n4hkdlgj8dsauyx0xvefunnwvvsmpq2udd0ka8ckmpuqw3k5,5000000000,
974c61bd079bb2242ab9d58d437b3ca26cb862a51f34d5071f77782162ef0e49,2023-11-13T04:57:39.062000,received,kaspa:qrvum29vk365g0zcd5gx3c7h829etfq2ytdmscjzw4zw04fjfnprcg9c3tges,2620277000,
f829de102dce2291f38cfdb60697ad3da309e997dd259a7ccffd579225c275b7,2023-11-12T22:50:41.299000,received,kaspa:qrvum29vk365g0zcd5gx3c7h829etfq2ytdmscjzw4zw04fjfnprcg9c3tges,2400000000,
a594f213db382f54a8ff52be9d441c37a3cd72c840cbbff9ee6784c37d2eedba,2023-11-12T16:09:05.527000,sent,kaspa:qqwvnkp47wsj6n4hkdlgj8dsauyx0xvefunnwvvsmpq2udd0ka8ckmpuqw3k5,65842688,
7a7cffb00b43d18ab3885d11380370f2b2cb8763af602ba9a820d66198a2a52d,2023-11-10T05:10:39.967000,sent,kaspa:qqwvnkp47wsj6n4hkdlgj8dsauyx0xvefunnwvvsmpq2udd0ka8ckmpuqw3k5,4700000000,
7a7cffb00b43d18ab3885d11380370f2b2cb8763af602ba9a820d66198a2a52d,2023-11-10T05:10:39.967000,sent,kaspa:qqwvnkp47wsj6n4hkdlgj8dsauyx0xvefunnwvvsmpq2udd0ka8ckmpuqw3k5,4700000000,
7a7cffb00b43d18ab3885d11380370f2b2cb8763af602ba9a820d66198a2a52d,2023-11-10T05:10:39.967000,sent,kaspa:qqwvnkp47wsj6n4hkdlgj8dsauyx0xvefunnwvvsmpq2udd0ka8ckmpuqw3k5,4700000000,
8a1020774d689f298b431ae9496775cc3e5466d6efb5f977731966e4bdaa5e40,2023-11-09T16:32:59.670000,received,kaspa:qrvum29vk365g0zcd5gx3c7h829etfq2ytdmscjzw4zw04fjfnprcg9c3tges,3332564000,
0f1abb9347f512ffa79b8496d5a08f587130d7e5fb3af02955a1e5e42c97bacc,2023-11-09T05:04:56.233000,received,kaspa:qrvum29vk365g0zcd5gx3c7h829etfq2ytdmscjzw4zw04fjfnprcg9c3tges,1444454000,
19d02d7aca5cd15b403b95af4294c469be87b345ceefc28944c6697226991a86,2023-11-08T05:07:34.338000,sent,kaspa:qqwvnkp47wsj6n4hkdlgj8dsauyx0xvefunnwvvsmpq2udd0ka8ckmpuqw3k5,1536219282,
19d02d7aca5cd15b403b95af4294c469be87b345ceefc28944c6697226991a86,2023-11-08T05:07:34.338000,sent,kaspa:qqwvnkp47wsj6n4hkdlgj8dsauyx0xvefunnwvvsmpq2udd0ka8ckmpuqw3k5,1536219282,
fec0a023c9c2dfe168d623eaf1d33cb466a13a9592066016233ce1ebb9756a58,2023-11-08T03:06:48.577000,received,kaspa:qrvum29vk365g0zcd5gx3c7h829etfq2ytdmscjzw4zw04fjfnprcg9c3tges,1537361000,
45da33efc370e85d3887762a476ab9368a7b35189a0f56915e94d9741c24a36b,2023-10-27T05:05:59.558000,sent,kaspa:qqwvnkp47wsj6n4hkdlgj8dsauyx0xvefunnwvvsmpq2udd0ka8ckmpuqw3k5,3688042,
97ded762418d8fa7871c00f3fdd7a8b49302758f335c3c8dbaa0a0ecef673761,2023-10-23T13:49:02.944000,received,kaspa:qqwvnkp47wsj6n4hkdlgj8dsauyx0xvefunnwvvsmpq2udd0ka8ckmpuqw3k5,5000000,
97ded762418d8fa7871c00f3fdd7a8b49302758f335c3c8dbaa0a0ecef673761,2023-10-23T13:49:02.944000,received,kaspa:qqwvnkp47wsj6n4hkdlgj8dsauyx0xvefunnwvvsmpq2udd0ka8ckmpuqw3k5,5000000,
97ded762418d8fa7871c00f3fdd7a8b49302758f335c3c8dbaa0a0ecef673761,2023-10-23T13:49:02.944000,received,kaspa:qqwvnkp47wsj6n4hkdlgj8dsauyx0xvefunnwvvsmpq2udd0ka8ckmpuqw3k5,5000000,
97ded762418d8fa7871c00f3fdd7a8b49302758f335c3c8dbaa0a0ecef673761,2023-10-23T13:49:02.944000,received,kaspa:qqwvnkp47wsj6n4hkdlgj8dsauyx0xvefunnwvvsmpq2udd0ka8ckmpuqw3k5,5000000,
97ded762418d8fa7871c00f3fdd7a8b49302758f335c3c8dbaa0a0ecef673761,2023-10-23T13:49:02.944000,received,kaspa:qqwvnkp47wsj6n4hkdlgj8dsauyx0xvefunnwvvsmpq2udd0ka8ckmpuqw3k5,5000000,
