tx_id,timestamp,direction,peer_address,amount_sompi,cex_label
9b4f902e2c27059279fc7d88341c5c5e71ae58a692b72a10588fcd2a05efc4cd,2023-12-16T05:08:24.419000,sent,kaspa:qzslgwenzu78t6tldlng383g7ruu4enaljmnkgaulyrscjp7ldt26x8gfxck5,171940000,
9b4f902e2c27059279fc7d88341c5c5e71ae58a692b72a10588fcd2a05efc4cd,2023-12-16T05:08:24.419000,sent,kaspa:qzslgwenzu78t6tldlng383g7ruu4enaljmnkgaulyrscjp7ldt26x8gfxck5,171940000,
1fedf6240914330e6aea6886e8e86df7e8133ace894fcf8b4ab6480a08088135,2023-12-13T04:51:07.700000,received,kaspa:qypswxtcrv4ssyjaswy5w9387vq73mkuyq85tl34cee6qn5uexqy0csgnafnjx7,171000000,
c4bd7a1d4c229abf0381094fc21831e98f0f742c9be68d8af36865c7ef41db45,2023-11-29T20:05:16.211000,sent,kaspa:qypuhxnl8cprz07we4v45d27f3lpk8klq3qtk3qtzmktuc9sxmtm9dcnwsmfcs8,18000000,
0e24fd575b1633b8b7d34c0a171a2cab1b4fc8266977fe980deec5db1c43e2bf,2023-11-29T19:26:03.034000,received,kaspa:qrx394nm44ft5mxqxg7z5pgt7rt73l0usfrpm8kz3srqlqww5rmfc3tm8kplr,19000000,
