tx_id,timestamp,direction,peer_address,amount_sompi,cex_label
b800ed57d609b1f5e1aa763515cd8f9e17478be49342624cea329afef9809dbb,2023-12-17T08:01:14.283000,sent,kaspa:qrkaxvl2tw6pq6zx9xrr9lqnt9x72upf0hsrp3cvgcmfz77m50ycua35nz200,172940000,
b800ed57d609b1f5e1aa763515cd8f9e17478be49342624cea329afef9809dbb,2023-12-17T08:01:14.283000,sent,kaspa:qrkaxvl2tw6pq6zx9xrr9lqnt9x72upf0hsrp3cvgcmfz77m50ycua35nz200,172940000,
e780e385f06a63ce404fdc2e613537aec15f691c4377ba1147d897d8f6bd416e,2023-12-12T10:40:08.324000,received,kaspa:qypswxtcrv4ssyjaswy5w9387vq73mkuyq85tl34cee6qn5uexqy0csgnafnjx7,171000000,
2a3e54d64b8f9b4958505437c7800785707de95d09bba13d34fc42481b35f5f6,2023-11-28T14:55:39.265000,sent,kaspa:qyp8hw3hku809ccs457xvyg8jkf563pnpslhvhfrrx96nyjy5hnqzes8t7vge9q,18000000,
cf65f9c524089ea65aa78794d0b881a325217c20458100440498d8cc05d87657,2023-11-28T10:55:27.179000,sent,kaspa:qrt5t688supad07gn8vqf6j5v2w76wxljrcu329lpv0sdwe7n74tjxzjmxyqk,20000000,
c80690d8dba01b3722d99359d83690d512c081cc62af14d67198fb7676c0c4e8,2023-11-28T09:54:11.316000,sent,kaspa:qrsn46e3xp2gjdumpemuh3ke5tx7r7x36g7jvzp80qu86pcvlct6ywkhffwsm,20000000,
8832ce22519ad26235ba19656ff17cbc36c13d66d175cce0fff048d882de8324,2023-11-28T08:50:29.020000,sent,kaspa:qz6e408sm25507amn8ssuhnvpkp59kvp0pjh6jpqt8njwz3xjzp4sn335ru8n,20000000,
da1636e5e5e9b9e623eacc97e1fc6aaf57ec76f4fd4393749ba49a8bab3b10df,2023-11-28T06:25:48.605000,received,kaspa:qqw3gamhg33y5xp64p2wfrr9lue9nuuycddgggm50k4ex4fhylnfgvc7v8dj2,80000000,
