tx_id,timestamp,direction,peer_address,amount_sompi,cex_label
a116b85eb86cf58aea4ba169f0ed1fddaff85bc7811494c5154ddab468df23bd,2025-05-07T22:53:46.372000,received,kaspa:qp9rv9jvx2kyf6wu4lupuruunq5zsuszyxs0dr3l89ej7wsgs48jqkewy6xtl,10001997251,
a116b85eb86cf58aea4ba169f0ed1fddaff85bc7811494c5154ddab468df23bd,2025-05-07T22:53:46.372000,received,kaspa:qp9rv9jvx2kyf6wu4lupuruunq5zsuszyxs0dr3l89ej7wsgs48jqkewy6xtl,10001997251,
a116b85eb86cf58aea4ba169f0ed1fddaff85bc7811494c5154ddab468df23bd,2025-05-07T22:53:46.372000,received,kaspa:qp9rv9jvx2kyf6wu4lupuruunq5zsuszyxs0dr3l89ej7wsgs48jqkewy6xtl,10001997251,
a116b85eb86cf58aea4ba169f0ed1fddaff85bc7811494c5154ddab468df23bd,2025-05-07T22:53:46.372000,received,kaspa:qp9rv9jvx2kyf6wu4lupuruunq5zsuszyxs0dr3l89ej7wsgs48jqkewy6xtl,10001997251,
a116b85eb86cf58aea4ba169f0ed1fddaff85bc7811494c5154ddab468df23bd,2025-05-07T22:53:46.372000,received,kaspa:qp9rv9jvx2kyf6wu4lupuruunq5zsuszyxs0dr3l89ej7wsgs48jqkewy6xtl,10001997251,
a116b85eb86cf58aea4ba169f0ed1fddaff85bc7811494c5154ddab468df23bd,2025-05-07T22:53:46.372000,received,kaspa:qp9rv9jvx2kyf6wu4lupuruunq5zsuszyxs0dr3l89ej7wsgs48jqkewy6xtl,10001997251,
a116b85eb86cf58aea4ba169f0ed1fddaff85bc7811494c5154ddab468df23bd,2025-05-07T22:53:46.372000,received,kaspa:qp9rv9jvx2kyf6wu4lupuruunq5zsuszyxs0dr3l89ej7wsgs48jqkewy6xtl,10001997251,
a116b85eb86cf58aea4ba169f0ed1fddaff85bc7811494c5154ddab468df23bd,2025-05-07T22:53:46.372000,received,kaspa:qp9rv9jvx2kyf6wu4lupuruunq5zsuszyxs0dr3l89ej7wsgs48jqkewy6xtl,10001997251,
a116b85eb86cf58aea4ba169f0ed1fddaff85bc7811494c5154ddab468df23bd,2025-05-07T22:53:46.372000,received,kaspa:qp9rv9jvx2kyf6wu4lupuruunq5zsuszyxs0dr3l89ej7wsgs48jqkewy6xtl,10001997251,
a116b85eb86cf58aea4ba169f0ed1fddaff85bc7811494c5154ddab468df23bd,2025-05-07T22:53:46.372000,received,kaspa:qp9rv9jvx2kyf6wu4lupuruunq5zsuszyxs0dr3l89ej7wsgs48jqkewy6xtl,10001997251,
a116b85eb86cf58aea4ba169f0ed1fddaff85bc7811494c5154ddab468df23bd,2025-05-07T22:53:46.372000,received,kaspa:qp9rv9jvx2kyf6wu4lupuruunq5zsuszyxs0dr3l89ej7wsgs48jqkewy6xtl,10001997251,
a116b85eb86cf58aea4ba169f0ed1fddaff85bc7811494c5154ddab468df23bd,2025-05-07T22:53:46.372000,received,kaspa:qp9rv9jvx2kyf6wu4lupuruunq5zsuszyxs0dr3l89ej7wsgs48jqkewy6xtl,10001997251,
a116b85eb86cf58aea4ba169f0ed1fddaff85bc7811494c5154ddab468df23bd,2025-05-07T22:53:46.372000,received,kaspa:qp9rv9jvx2kyf6wu4lupuruunq5zsuszyxs0dr3l89ej7wsgs48jqkewy6xtl,10001997251,
a116b85eb86cf58aea4ba169f0ed1fddaff85bc7811494c5154ddab468df23bd,2025-05-07T22:53:46.372000,received,kaspa:qp9rv9jvx2kyf6wu4lupuruunq5zsuszyxs0dr3l89ej7wsgs48jqkewy6xtl,10001997251,
a116b85eb86cf58aea4ba169f0ed1fddaff85bc7811494c5154ddab468df23bd,2025-05-07T22:53:46.372000,received,kaspa:qp9rv9jvx2kyf6wu4lupuruunq5zsuszyxs0dr3l89ej7wsgs48jqkewy6xtl,10001997251,
a116b85eb86cf58aea4ba169f0ed1fddaff85bc7811494c5154ddab468df23bd,2025-05-07T22:53:46.372000,received,kaspa:qp9rv9jvx2kyf6wu4lupuruunq5zsuszyxs0dr3l89ej7wsgs48jqkewy6xtl,10001997251,
a116b85eb86cf58aea4ba169f0ed1fddaff85bc7811494c5154ddab468df23bd,2025-05-07T22:53:46.372000,received,kaspa:qp9rv9jvx2kyf6wu4lupuruunq5zsuszyxs0dr3l89ej7wsgs48jqkewy6xtl,10001997251,
a116b85eb86cf58aea4ba169f0ed1fddaff85bc7811494c5154ddab468df23bd,2025-05-07T22:53:46.372000,received,kaspa:qp9rv9jvx2kyf6wu4lupuruunq5zsuszyxs0dr3l89ej7wsgs48jqkewy6xtl,10001997251,
a116b85eb86cf58aea4ba169f0ed1fddaff85bc7811494c5154ddab468df23bd,2025-05-07T22:53:46.372000,received,kaspa:qp9rv9jvx2kyf6wu4lupuruunq5zsuszyxs0dr3l89ej7wsgs48jqkewy6xtl,10001997251,
96b2973020f32366d289f38af5a904a839c1d6965d5ed7eacd294d8da245b7f6,2025-04-20T08:37:11.729000,received,kaspa:qzptk8av4p5jmvdrnacrg36jxc2nhwmhcmu4093l8pcc93hxd3tj5f3eaxzqz,10000036299,
96b2973020f32366d289f38af5a904a839c1d6965d5ed7eacd294d8da245b7f6,2025-04-20T08:37:11.729000,received,kaspa:qzptk8av4p5jmvdrnacrg36jxc2nhwmhcmu4093l8pcc93hxd3tj5f3eaxzqz,10000036299,
96b2973020f32366d289f38af5a904a839c1d6965d5ed7eacd294d8da245b7f6,2025-04-20T08:37:11.729000,received,kaspa:qzptk8av4p5jmvdrnacrg36jxc2nhwmhcmu4093l8pcc93hxd3tj5f3eaxzqz,10000036299,
96b2973020f32366d289f38af5a904a839c1d6965d5ed7eacd294d8da245b7f6,2025-04-20T08:37:11.729000,received,kaspa:qzptk8av4p5jmvdrnacrg36jxc2nhwmhcmu4093l8pcc93hxd3tj5f3eaxzqz,10000036299,
aaed17618efa053c92e7f4d2c01352822c83bcc9027c77c83dfe9e8e4271554b,2025-04-03T22:43:04.396000,received,kaspa:qzptk8av4p5jmvdrnacrg36jxc2nhwmhcmu4093l8pcc93hxd3tj5f3eaxzqz,10000601079,
aaed17618efa053c92e7f4d2c01352822c83bcc9027c77c83dfe9e8e4271554b,2025-04-03T22:43:04.396000,received,kaspa:qzptk8av4p5jmvdrnacrg36jxc2nhwmhcmu4093l8pcc93hxd3tj5f3eaxzqz,10000601079,
aaed17618efa053c92e7f4d2c01352822c83bcc9027c77c83dfe9e8e4271554b,2025-04-03T22:43:04.396000,received,kaspa:qzptk8av4p5jmvdrnacrg36jxc2nhwmhcmu4093l8pcc93hxd3tj5f3eaxzqz,10000601079,
6124be9275bd2a69f89647893b27dda3f9f4ab06b16e1ddbb8312c173b5fdca5,2025-03-17T01:46:11.695000,sent,kaspa:qpjunp39ssazf4rzfxxu0hd35xggfxn6lq0ls9u9q6peevzcmcv4xmv9q4njd,667690975547,
57360a285be95407a9751516250c3e01f419cdd5227e67473e4c13da94899a55,2025-03-16T11:27:38.923000,received,kaspa:qp9rv9jvx2kyf6wu4lupuruunq5zsuszyxs0dr3l89ej7wsgs48jqkewy6xtl,10000642930,
57360a285be95407a9751516250c3e01f419cdd5227e67473e4c13da94899a55,2025-03-16T11:27:38.923000,received,kaspa:qp9rv9jvx2kyf6wu4lupuruunq5zsuszyxs0dr3l89ej7wsgs48jqkewy6xtl,10000642930,
a7e839e5ea21676f2370e601ec8c1ba53dc74cbb7429ec41009b5350e58bca29,2025-02-24T20:27:13.864000,sent,kaspa:qpjunp39ssazf4rzfxxu0hd35xggfxn6lq0ls9u9q6peevzcmcv4xmv9q4njd,563094217420,
82965a9f952793a1e89e20e7db9b808e3fd32f818a52e182a7d07025a1cf3a03,2025-02-23T11:15:49.128000,received,kaspa:qp9rv9jvx2kyf6wu4lupuruunq5zsuszyxs0dr3l89ej7wsgs48jqkewy6xtl,10000040705,
82965a9f952793a1e89e20e7db9b808e3fd32f818a52e182a7d07025a1cf3a03,2025-02-23T11:15:49.128000,received,kaspa:qp9rv9jvx2kyf6wu4lupuruunq5zsuszyxs0dr3l89ej7wsgs48jqkewy6xtl,10000040705,
f50607f708fb8409f113d84ae7e464db8d1b4ac58af157e65412e736761f1174,2025-02-04T17:49:19.935000,sent,kaspa:qpjunp39ssazf4rzfxxu0hd35xggfxn6lq0ls9u9q6peevzcmcv4xmv9q4njd,880156122855,
bb449e7f9f65c9cf6dc00a1b913e5f08f5fe8b27c6b666f70f0af84ed8f33b67,2025-02-03T03:20:47.228000,received,kaspa:qzptk8av4p5jmvdrnacrg36jxc2nhwmhcmu4093l8pcc93hxd3tj5f3eaxzqz,10000418808,
bb449e7f9f65c9cf6dc00a1b913e5f08f5fe8b27c6b666f70f0af84ed8f33b67,2025-02-03T03:20:47.228000,received,kaspa:qzptk8av4p5jmvdrnacrg36jxc2nhwmhcmu4093l8pcc93hxd3tj5f3eaxzqz,10000418808,
bb449e7f9f65c9cf6dc00a1b913e5f08f5fe8b27c6b666f70f0af84ed8f33b67,2025-02-03T03:20:47.228000,received,kaspa:qzptk8av4p5jmvdrnacrg36jxc2nhwmhcmu4093l8pcc93hxd3tj5f3eaxzqz,10000418808,
bb449e7f9f65c9cf6dc00a1b913e5f08f5fe8b27c6b666f70f0af84ed8f33b67,2025-02-03T03:20:47.228000,received,kaspa:qzptk8av4p5jmvdrnacrg36jxc2nhwmhcmu4093l8pcc93hxd3tj5f3eaxzqz,10000418808,
bb449e7f9f65c9cf6dc00a1b913e5f08f5fe8b27c6b666f70f0af84ed8f33b67,2025-02-03T03:20:47.228000,received,kaspa:qzptk8av4p5jmvdrnacrg36jxc2nhwmhcmu4093l8pcc93hxd3tj5f3eaxzqz,10000418808,
d5e022e2d81e846f2663ce200d2e1da8df8b303b088bdbfd58762dc7422a5076,2025-01-16T18:15:48.346000,sent,kaspa:qpjunp39ssazf4rzfxxu0hd35xggfxn6lq0ls9u9q6peevzcmcv4xmv9q4njd,854452195104,
7831faffc821df42239ac0c944e2c8bdf8fd7ee137581fc3e1d842f62f79a273,2025-01-14T13:10:19.524000,received,kaspa:qp9rv9jvx2kyf6wu4lupuruunq5zsuszyxs0dr3l89ej7wsgs48jqkewy6xtl,10000192652,
7831faffc821df42239ac0c944e2c8bdf8fd7ee137581fc3e1d842f62f79a273,2025-01-14T13:10:19.524000,received,kaspa:qp9rv9jvx2kyf6wu4lupuruunq5zsuszyxs0dr3l89ej7wsgs48jqkewy6xtl,10000192652,
b25b408075aa7e7e19a63ef1853661c0a942492f255f9b6eb1e2bbe2ec803c77,2024-12-31T21:10:35.028000,sent,kaspa:qpjunp39ssazf4rzfxxu0hd35xggfxn6lq0ls9u9q6peevzcmcv4xmv9q4njd,880067658712,
ca596965ae4b1cf0e45bd5657df942d023ee3a78d8d047b5ff5eec2edaeefb40,2024-12-25T22:28:18.360000,received,kaspa:qp9rv9jvx2kyf6wu4lupuruunq5zsuszyxs0dr3l89ej7wsgs48jqkewy6xtl,10000628732,
ca596965ae4b1cf0e45bd5657df942d023ee3a78d8d047b5ff5eec2edaeefb40,2024-12-25T22:28:18.360000,received,kaspa:qp9rv9jvx2kyf6wu4lupuruunq5zsuszyxs0dr3l89ej7wsgs48jqkewy6xtl,10000628732,
e2d1f931e15ea8df4ea0e844237616f4ded13b089eef8c6d58bbc86517aae823,2024-12-09T08:22:37.937000,sent,kaspa:qpjunp39ssazf4rzfxxu0hd35xggfxn6lq0ls9u9q6peevzcmcv4xmv9q4njd,880159816261,
4af6cc5163ff789cd5999ab3fec35750fa705195d06cdfe8d10f6db468f23630,2024-12-08T02:53:26.612000,received,kaspa:qp9rv9jvx2kyf6wu4lupuruunq5zsuszyxs0dr3l89ej7wsgs48jqkewy6xtl,10000148758,
4af6cc5163ff789cd5999ab3fec35750fa705195d06cdfe8d10f6db468f23630,2024-12-08T02:53:26.612000,received,kaspa:qp9rv9jvx2kyf6wu4lupuruunq5zsuszyxs0dr3l89ej7wsgs48jqkewy6xtl,10000148758,
98bf1bec36d4bb8799f4ee3f553d200d0ce728018d590b3e45e9a660952aeb1c,2024-11-19T07:03:23.689000,sent,kaspa:qpjunp39ssazf4rzfxxu0hd35xggfxn6lq0ls9u9q6peevzcmcv4xmv9q4njd,670052212979,
66c1f9ee7d3532529e783e4aaa78ec9fd7ec2c65d5ad839a1ddf0531937f4cd1,2024-11-18T14:20:02.998000,received,kaspa:qzptk8av4p5jmvdrnacrg36jxc2nhwmhcmu4093l8pcc93hxd3tj5f3eaxzqz,10000125412,
66c1f9ee7d3532529e783e4aaa78ec9fd7ec2c65d5ad839a1ddf0531937f4cd1,2024-11-18T14:20:02.998000,received,kaspa:qzptk8av4p5jmvdrnacrg36jxc2nhwmhcmu4093l8pcc93hxd3tj5f3eaxzqz,10000125412,
68da4a31bfdb55171a5d2ccdc0049fdedc67fdecc081a6c2d26881a30a5b4a40,2024-11-04T18:05:46.900000,sent,kaspa:qpjunp39ssazf4rzfxxu0hd35xggfxn6lq0ls9u9q6peevzcmcv4xmv9q4njd,880067333402,
bb43c9c16c6d8026e0e1b03f664c1bb0173622b24d1866e569efd89d7475a871,2024-11-02T21:27:40.146000,received,kaspa:qp9rv9jvx2kyf6wu4lupuruunq5zsuszyxs0dr3l89ej7wsgs48jqkewy6xtl,10000316907,
bb43c9c16c6d8026e0e1b03f664c1bb0173622b24d1866e569efd89d7475a871,2024-11-02T21:27:40.146000,received,kaspa:qp9rv9jvx2kyf6wu4lupuruunq5zsuszyxs0dr3l89ej7wsgs48jqkewy6xtl,10000316907,
d715f6f4d48a20e1843384f8dc608710f052baae3931b3990b045baaa8dfdfbe,2024-10-17T06:31:36.293000,sent,kaspa:qpjunp39ssazf4rzfxxu0hd35xggfxn6lq0ls9u9q6peevzcmcv4xmv9q4njd,374443983722,
95ec1056819360e24076b57ec99b88c0220a06fa2a005d4bb94d5ebba7c32187,2024-10-17T04:30:08.648000,received,kaspa:qp9rv9jvx2kyf6wu4lupuruunq5zsuszyxs0dr3l89ej7wsgs48jqkewy6xtl,10000251422,
95ec1056819360e24076b57ec99b88c0220a06fa2a005d4bb94d5ebba7c32187,2024-10-17T04:30:08.648000,received,kaspa:qp9rv9jvx2kyf6wu4lupuruunq5zsuszyxs0dr3l89ej7wsgs48jqkewy6xtl,10000251422,
04c518cdacba3c339232d63a5dcf1ffbc46bccc86bb23d1b557bdba2fdde3743,2024-10-04T04:05:34.998000,sent,kaspa:qpzpfwcsqsxhxwup26r55fd0ghqlhyugz8cp6y3wxuddc02vcxtjg75pspnwz,2000000000000,MEXC
04c518cdacba3c339232d63a5dcf1ffbc46bccc86bb23d1b557bdba2fdde3743,2024-10-04T04:05:34.998000,sent,kaspa:qpjunp39ssazf4rzfxxu0hd35xggfxn6lq0ls9u9q6peevzcmcv4xmv9q4njd,3923451398822274,
6ee96eeadfdd674d12eebfc1de1f94fc299f318a0760cec9ba85284dcbba6fb9,2024-10-04T02:39:32.132000,received,kaspa:qp9rv9jvx2kyf6wu4lupuruunq5zsuszyxs0dr3l89ej7wsgs48jqkewy6xtl,10000568053,
6ee96eeadfdd674d12eebfc1de1f94fc299f318a0760cec9ba85284dcbba6fb9,2024-10-04T02:39:32.132000,received,kaspa:qp9rv9jvx2kyf6wu4lupuruunq5zsuszyxs0dr3l89ej7wsgs48jqkewy6xtl,10000568053,
72c6a0b97729ca278994d57ee6733c3917a2ef00904bd6461b347513c4ab154a,2024-09-23T18:44:34.211000,sent,kaspa:qpjunp39ssazf4rzfxxu0hd35xggfxn6lq0ls9u9q6peevzcmcv4xmv9q4njd,880060581554,
fd041006521acda909488c337c9b7bed656c3a6997b6520dfc211cc39bcd3cc1,2024-09-22T20:37:30.405000,received,kaspa:qzptk8av4p5jmvdrnacrg36jxc2nhwmhcmu4093l8pcc93hxd3tj5f3eaxzqz,10000496818,
fd041006521acda909488c337c9b7bed656c3a6997b6520dfc211cc39bcd3cc1,2024-09-22T20:37:30.405000,received,kaspa:qzptk8av4p5jmvdrnacrg36jxc2nhwmhcmu4093l8pcc93hxd3tj5f3eaxzqz,10000496818,
3f1cf60b1e4ca89b869904f0c8f6ac909f1156e303ca601fc423a26d64704b29,2024-08-30T14:45:07.444000,sent,kaspa:qpzpfwcsqsxhxwup26r55fd0ghqlhyugz8cp6y3wxuddc02vcxtjg75pspnwz,2000000000000,MEXC
3f1cf60b1e4ca89b869904f0c8f6ac909f1156e303ca601fc423a26d64704b29,2024-08-30T14:45:07.444000,sent,kaspa:qpjunp39ssazf4rzfxxu0hd35xggfxn6lq0ls9u9q6peevzcmcv4xmv9q4njd,76174143978797925,
fc50d74337a80bf4d6ab61f4b67ef703813b9a220b0ad7cee2a23918cc08c271,2024-08-30T14:42:51.696000,received,kaspa:qp9rv9jvx2kyf6wu4lupuruunq5zsuszyxs0dr3l89ej7wsgs48jqkewy6xtl,10000091089,
fc50d74337a80bf4d6ab61f4b67ef703813b9a220b0ad7cee2a23918cc08c271,2024-08-30T14:42:51.696000,received,kaspa:qp9rv9jvx2kyf6wu4lupuruunq5zsuszyxs0dr3l89ej7wsgs48jqkewy6xtl,10000091089,
51696b672d01ee835f57a4ae0f695482657d1d3095f2a868c9ec2cb74066be50,2024-08-30T01:18:38.404000,sent,kaspa:qpjunp39ssazf4rzfxxu0hd35xggfxn6lq0ls9u9q6peevzcmcv4xmv9q4njd,240007819904,
aace178c9a3f3bc9346071b0c32d068fad410d5b730670dc31ec01b408659204,2024-08-30T01:07:35.907000,sent,kaspa:qpjunp39ssazf4rzfxxu0hd35xggfxn6lq0ls9u9q6peevzcmcv4xmv9q4njd,880099525026,
4d775d1d8f21e56f8620d07ef605d564054ebfe5ddbad56745efa88421471790,2024-08-30T01:07:35.907000,sent,kaspa:qpjunp39ssazf4rzfxxu0hd35xggfxn6lq0ls9u9q6peevzcmcv4xmv9q4njd,240025975224,
f78f60f16ee12a670d162d55871e780dd0acde661faa7f8af2ca73cd1b89cccd,2024-08-30T01:06:08.317000,sent,kaspa:qpjunp39ssazf4rzfxxu0hd35xggfxn6lq0ls9u9q6peevzcmcv4xmv9q4njd,880115516564,
f884eff9fcd154db5eb524912783220a46289765ad1160631ca7b95d604249a6,2024-08-30T01:01:04.050000,sent,kaspa:qpjunp39ssazf4rzfxxu0hd35xggfxn6lq0ls9u9q6peevzcmcv4xmv9q4njd,880170357246,
ac1fd633b41c439a2c4cad18ef97495928b5ffc338bec770a3814a5c968bdfbd,2024-08-30T01:01:04.050000,sent,kaspa:qpjunp39ssazf4rzfxxu0hd35xggfxn6lq0ls9u9q6peevzcmcv4xmv9q4njd,880179213888,
d1563f08fd8c582767833af797feee30b9302d362021527cecd5606d1d81f3c8,2024-08-30T00:52:06.211000,sent,kaspa:qpjunp39ssazf4rzfxxu0hd35xggfxn6lq0ls9u9q6peevzcmcv4xmv9q4njd,880284767683,
ce36dacd8ae07a83b1c2abc8ef0b1b1391b057acf6e5db810b3131d20f68b4fa,2024-08-30T00:47:06.610000,sent,kaspa:qpjunp39ssazf4rzfxxu0hd35xggfxn6lq0ls9u9q6peevzcmcv4xmv9q4njd,880346457689,
7e80ed3b3b9f72096bd2666a1e656b749ff333942d2847ccedea4c2c62687693,2024-08-30T00:33:33.600000,sent,kaspa:qpjunp39ssazf4rzfxxu0hd35xggfxn6lq0ls9u9q6peevzcmcv4xmv9q4njd,880526367332,
6f0fed91cac9d0858c3717bda3036dd7fb34ebe4f9a7b3ec6b35f88b4af0d83e,2024-08-16T11:13:25.025000,received,kaspa:qzptk8av4p5jmvdrnacrg36jxc2nhwmhcmu4093l8pcc93hxd3tj5f3eaxzqz,10001174178,
6f0fed91cac9d0858c3717bda3036dd7fb34ebe4f9a7b3ec6b35f88b4af0d83e,2024-08-16T11:13:25.025000,received,kaspa:qp9rv9jvx2kyf6wu4lupuruunq5zsuszyxs0dr3l89ej7wsgs48jqkewy6xtl,10001174178,
8217d6e1e2faf7db4c55e44d61de6913aa2f17984095ef1a1fa26ef71b991980,2024-08-06T22:46:37.247000,received,kaspa:qp9rv9jvx2kyf6wu4lupuruunq5zsuszyxs0dr3l89ej7wsgs48jqkewy6xtl,10000329864,
8217d6e1e2faf7db4c55e44d61de6913aa2f17984095ef1a1fa26ef71b991980,2024-08-06T22:46:37.247000,received,kaspa:qp9rv9jvx2kyf6wu4lupuruunq5zsuszyxs0dr3l89ej7wsgs48jqkewy6xtl,10000329864,
a348a82f9661e3a45dd79908ce9dcc06e30ffc4b54cc4601dcf88177fcdcc7c6,2024-07-30T10:31:23.710000,received,kaspa:qzptk8av4p5jmvdrnacrg36jxc2nhwmhcmu4093l8pcc93hxd3tj5f3eaxzqz,10001093785,
a348a82f9661e3a45dd79908ce9dcc06e30ffc4b54cc4601dcf88177fcdcc7c6,2024-07-30T10:31:23.710000,received,kaspa:qzptk8av4p5jmvdrnacrg36jxc2nhwmhcmu4093l8pcc93hxd3tj5f3eaxzqz,10001093785,
a348a82f9661e3a45dd79908ce9dcc06e30ffc4b54cc4601dcf88177fcdcc7c6,2024-07-30T10:31:23.710000,received,kaspa:qzptk8av4p5jmvdrnacrg36jxc2nhwmhcmu4093l8pcc93hxd3tj5f3eaxzqz,10001093785,
0af96f0008004e02613bbd5a5de4b4efec0bdfaa3135fba830b9c42e6d1f41d9,2024-07-22T02:54:48.426000,received,kaspa:qp9rv9jvx2kyf6wu4lupuruunq5zsuszyxs0dr3l89ej7wsgs48jqkewy6xtl,10002069800,
0af96f0008004e02613bbd5a5de4b4efec0bdfaa3135fba830b9c42e6d1f41d9,2024-07-22T02:54:48.426000,received,kaspa:qp9rv9jvx2kyf6wu4lupuruunq5zsuszyxs0dr3l89ej7wsgs48jqkewy6xtl,10002069800,
e66265975108e046022a1613faed9ae79b51ddb4a669df86a5a3d21ebd1f5555,2024-07-17T06:21:24.566000,received,kaspa:qp9rv9jvx2kyf6wu4lupuruunq5zsuszyxs0dr3l89ej7wsgs48jqkewy6xtl,10001928744,
e66265975108e046022a1613faed9ae79b51ddb4a669df86a5a3d21ebd1f5555,2024-07-17T06:21:24.566000,received,kaspa:qp9rv9jvx2kyf6wu4lupuruunq5zsuszyxs0dr3l89ej7wsgs48jqkewy6xtl,10001928744,
e475123c64ef72ed954b4144594706c61b3bab951efd34dc27712c0856bff7ce,2024-07-13T01:16:47.661000,received,kaspa:qzptk8av4p5jmvdrnacrg36jxc2nhwmhcmu4093l8pcc93hxd3tj5f3eaxzqz,10004001268,
e475123c64ef72ed954b4144594706c61b3bab951efd34dc27712c0856bff7ce,2024-07-13T01:16:47.661000,received,kaspa:qzptk8av4p5jmvdrnacrg36jxc2nhwmhcmu4093l8pcc93hxd3tj5f3eaxzqz,10004001268,
346db2c4fdd38b292e64b3b1bab1a9c91bdc355509d83b61908e37f71e6a49b7,2024-07-09T01:53:21.261000,received,kaspa:qp9rv9jvx2kyf6wu4lupuruunq5zsuszyxs0dr3l89ej7wsgs48jqkewy6xtl,10001364015,
346db2c4fdd38b292e64b3b1bab1a9c91bdc355509d83b61908e37f71e6a49b7,2024-07-09T01:53:21.261000,received,kaspa:qp9rv9jvx2kyf6wu4lupuruunq5zsuszyxs0dr3l89ej7wsgs48jqkewy6xtl,10001364015,
a84a41aefc75814ac786ff1d71852bee4485bcb98f558eea0ba59a87073f3c4e,2024-07-05T03:47:27.727000,received,kaspa:qp9rv9jvx2kyf6wu4lupuruunq5zsuszyxs0dr3l89ej7wsgs48jqkewy6xtl,10003197572,
0df6e049c4b36a646e3d22a2597d88f5ffa7a70e7d8d735205897f62ee8087cd,2024-07-01T15:23:10.723000,received,kaspa:qp9rv9jvx2kyf6wu4lupuruunq5zsuszyxs0dr3l89ej7wsgs48jqkewy6xtl,10006035784,
fd240fa1f85fc70f2259d28f7c12c0355af43b5bee270f8d50383c86769465c8,2024-06-28T10:00:10.540000,sent,kaspa:qpzpfwcsqsxhxwup26r55fd0ghqlhyugz8cp6y3wxuddc02vcxtjg75pspnwz,2000000000000,MEXC
fd240fa1f85fc70f2259d28f7c12c0355af43b5bee270f8d50383c86769465c8,2024-06-28T10:00:10.540000,sent,kaspa:qpjunp39ssazf4rzfxxu0hd35xggfxn6lq0ls9u9q6peevzcmcv4xmv9q4njd,2256884629,
91f65ddf822613c2fb747c352c9be2d38022b7c413a4d4b6675091ac2d2650ba,2024-06-28T09:40:57.241000,received,kaspa:qp9rv9jvx2kyf6wu4lupuruunq5zsuszyxs0dr3l89ej7wsgs48jqkewy6xtl,10004478173,
49eac0e29b23ded36185a30d627175c4bba80710b767e95346e49270bac96d74,2024-06-25T01:38:12.173000,sent,kaspa:qpjunp39ssazf4rzfxxu0hd35xggfxn6lq0ls9u9q6peevzcmcv4xmv9q4njd,1668209029214,
7cc3412a4d7977845e6ee3ea44ebd1f6b42c011b62817bf866c62b08a9d7aefe,2024-06-25T00:22:07.204000,received,kaspa:qzptk8av4p5jmvdrnacrg36jxc2nhwmhcmu4093l8pcc93hxd3tj5f3eaxzqz,10000493782,
7cc3412a4d7977845e6ee3ea44ebd1f6b42c011b62817bf866c62b08a9d7aefe,2024-06-25T00:22:07.204000,received,kaspa:qp9rv9jvx2kyf6wu4lupuruunq5zsuszyxs0dr3l89ej7wsgs48jqkewy6xtl,10000493782,
e13be588ba3c7849ba03a2f62baf7db990f8db80fa8c8e235b6ccacfc9cf0e78,2024-06-21T16:09:13.209000,sent,kaspa:qpzpfwcsqsxhxwup26r55fd0ghqlhyugz8cp6y3wxuddc02vcxtjg75pspnwz,2000000000000,MEXC
e13be588ba3c7849ba03a2f62baf7db990f8db80fa8c8e235b6ccacfc9cf0e78,2024-06-21T16:09:13.209000,sent,kaspa:qpjunp39ssazf4rzfxxu0hd35xggfxn6lq0ls9u9q6peevzcmcv4xmv9q4njd,2721745479,
abf6cadcc90e5d3be20817f15c1e1c5789d88d3ab098b7af9555e6b9428b36b3,2024-06-21T15:58:30.076000,received,kaspa:qzptk8av4p5jmvdrnacrg36jxc2nhwmhcmu4093l8pcc93hxd3tj5f3eaxzqz,10001672440,
abf6cadcc90e5d3be20817f15c1e1c5789d88d3ab098b7af9555e6b9428b36b3,2024-06-21T15:58:30.076000,received,kaspa:qzptk8av4p5jmvdrnacrg36jxc2nhwmhcmu4093l8pcc93hxd3tj5f3eaxzqz,10001672440,
abf6cadcc90e5d3be20817f15c1e1c5789d88d3ab098b7af9555e6b9428b36b3,2024-06-21T15:58:30.076000,received,kaspa:qp9rv9jvx2kyf6wu4lupuruunq5zsuszyxs0dr3l89ej7wsgs48jqkewy6xtl,10001672440,
5034485667f6cce2bf7b9e0590bbf35e756a64bf8f007e5bcd5dd257acbb2527,2024-06-18T10:03:07.222000,sent,kaspa:qpjunp39ssazf4rzfxxu0hd35xggfxn6lq0ls9u9q6peevzcmcv4xmv9q4njd,1817124810868,
7ae069880d3c8afb881a710d7821e1ec53cb2b115dcc710306ac6bf36d234210,2024-06-18T08:18:49.634000,received,kaspa:qp9rv9jvx2kyf6wu4lupuruunq5zsuszyxs0dr3l89ej7wsgs48jqkewy6xtl,10000024928,
b3274855b91093472cc66b6e0a1961c3c209a48e874994ede2e627b6859e5b12,2024-06-07T16:42:34.695000,sent,kaspa:qpjunp39ssazf4rzfxxu0hd35xggfxn6lq0ls9u9q6peevzcmcv4xmv9q4njd,1448293960163,
9497497dbe67ada03c1f2b50675802ccfbbe1d7feefbe50dcdd633379c1306f0,2024-06-07T15:18:46.372000,received,kaspa:qp9rv9jvx2kyf6wu4lupuruunq5zsuszyxs0dr3l89ej7wsgs48jqkewy6xtl,10000342357,
6ba194a54cc4a381287151914a43bcda3c5a67386b921b58fc2fc4878abc5b29,2024-06-04T16:02:07.738000,sent,kaspa:qpjunp39ssazf4rzfxxu0hd35xggfxn6lq0ls9u9q6peevzcmcv4xmv9q4njd,1376446653401,
4a7f2805b23ad9d280a047c05e3af07c618ceaa0f47d00e3b537d673e4932be5,2024-06-04T14:49:09.881000,received,kaspa:qp9rv9jvx2kyf6wu4lupuruunq5zsuszyxs0dr3l89ej7wsgs48jqkewy6xtl,10002620422,
61ed41ec15baa35163c6042439034e2922c56fe20f6e667e8363d636fd64b9d1,2024-06-01T20:01:06.291000,sent,kaspa:qpjunp39ssazf4rzfxxu0hd35xggfxn6lq0ls9u9q6peevzcmcv4xmv9q4njd,1233932250376,
159859a194f67bffe32a63aa0391b210436ac669e99e9028835d00003a287353,2024-06-01T17:59:12.510000,received,kaspa:qzptk8av4p5jmvdrnacrg36jxc2nhwmhcmu4093l8pcc93hxd3tj5f3eaxzqz,10005970107,
159859a194f67bffe32a63aa0391b210436ac669e99e9028835d00003a287353,2024-06-01T17:59:12.510000,received,kaspa:qzptk8av4p5jmvdrnacrg36jxc2nhwmhcmu4093l8pcc93hxd3tj5f3eaxzqz,10005970107,
159859a194f67bffe32a63aa0391b210436ac669e99e9028835d00003a287353,2024-06-01T17:59:12.510000,received,kaspa:qzptk8av4p5jmvdrnacrg36jxc2nhwmhcmu4093l8pcc93hxd3tj5f3eaxzqz,10005970107,
159859a194f67bffe32a63aa0391b210436ac669e99e9028835d00003a287353,2024-06-01T17:59:12.510000,received,kaspa:qzptk8av4p5jmvdrnacrg36jxc2nhwmhcmu4093l8pcc93hxd3tj5f3eaxzqz,10005970107,
159859a194f67bffe32a63aa0391b210436ac669e99e9028835d00003a287353,2024-06-01T17:59:12.510000,received,kaspa:qzptk8av4p5jmvdrnacrg36jxc2nhwmhcmu4093l8pcc93hxd3tj5f3eaxzqz,10005970107,
4558cbd72a9fa80333eb410b1b03e91537e1b47b82e50c35e40656339084e20e,2024-05-30T00:25:06.382000,sent,kaspa:qpjunp39ssazf4rzfxxu0hd35xggfxn6lq0ls9u9q6peevzcmcv4xmv9q4njd,1565644005833,
cc5a00750b143515e1810736b89a68f46ac529baccfd3a97df61e4c28909093a,2024-05-29T23:25:22.630000,received,kaspa:qp9rv9jvx2kyf6wu4lupuruunq5zsuszyxs0dr3l89ej7wsgs48jqkewy6xtl,10002288711,
99aca1f3c158ff50b6c4d65e590852bbf562eda76386c31a2e23d260c9efda50,2024-01-25T03:59:40.694000,sent,kaspa:qpjunp39ssazf4rzfxxu0hd35xggfxn6lq0ls9u9q6peevzcmcv4xmv9q4njd,16167777911,
95347b52a2a88f6c2fc9198c328db55f2d7f2a41463cf2c831b3a6d0590fe75b,2024-01-25T03:51:19.646000,sent,kaspa:qpjunp39ssazf4rzfxxu0hd35xggfxn6lq0ls9u9q6peevzcmcv4xmv9q4njd,27757580888,
78f128a2bbb7fbfc19cb00cf2a2825b589b4e93f8a2b5d7eab6c2de70628e42c,2024-01-25T03:51:18.265000,sent,kaspa:qpjunp39ssazf4rzfxxu0hd35xggfxn6lq0ls9u9q6peevzcmcv4xmv9q4njd,28462801352,
4886b4bcd27de1a7727a5ae5008a75be2824c7d19dee101de6e5af467d88be5c,2024-01-25T03:40:16.664000,sent,kaspa:qpjunp39ssazf4rzfxxu0hd35xggfxn6lq0ls9u9q6peevzcmcv4xmv9q4njd,40720569187,
8431afb35624d368e421a84d22c84efaafb7adef0692aee0fcd3be5bfe3ac72d,2024-01-25T03:37:19.566000,sent,kaspa:qpjunp39ssazf4rzfxxu0hd35xggfxn6lq0ls9u9q6peevzcmcv4xmv9q4njd,44445399376,
c1de7d7cb485ea97564511c661326c7a8931c02e61f1f2b20b40866e59fb5b2d,2024-01-25T03:15:18.190000,sent,kaspa:qpjunp39ssazf4rzfxxu0hd35xggfxn6lq0ls9u9q6peevzcmcv4xmv9q4njd,70042709560,
33837c2f58032f72de14655e31eaa564c50f6c8a40d5ef7b2f1027b79a8a5adf,2024-01-25T03:15:13.004000,sent,kaspa:qpjunp39ssazf4rzfxxu0hd35xggfxn6lq0ls9u9q6peevzcmcv4xmv9q4njd,69365061272,
e0e8019ff84b0e0b28f7673f77a9c6ccf5425179c64b375ed1a656896a53f016,2024-01-25T03:14:17.052000,sent,kaspa:qpjunp39ssazf4rzfxxu0hd35xggfxn6lq0ls9u9q6peevzcmcv4xmv9q4njd,70440995387,
bd863e33e1ee62981d5c49fca341af3264f12aec12f591dc078bf6f29629a6f7,2024-01-25T03:14:15.793000,sent,kaspa:qpjunp39ssazf4rzfxxu0hd35xggfxn6lq0ls9u9q6peevzcmcv4xmv9q4njd,70359739670,
0a7867f90c467ef06a8e1f83283088ac35c768b9965d5f88e61d101e92f1b8ac,2024-01-25T03:13:20.680000,sent,kaspa:qpjunp39ssazf4rzfxxu0hd35xggfxn6lq0ls9u9q6peevzcmcv4xmv9q4njd,72941415411,
0a7867f90c467ef06a8e1f83283088ac35c768b9965d5f88e61d101e92f1b8ac,2024-01-25T03:13:20.680000,sent,kaspa:qpjunp39ssazf4rzfxxu0hd35xggfxn6lq0ls9u9q6peevzcmcv4xmv9q4njd,72941415411,
98c3a91f42f7113efea9e0f5fa2b924066e8426f953f16f453ac16be6b32c536,2024-01-25T03:13:15.162000,sent,kaspa:qpjunp39ssazf4rzfxxu0hd35xggfxn6lq0ls9u9q6peevzcmcv4xmv9q4njd,71896082274,
6a4f7cae27c4c2e2a23100e262ee7464f9dd46c8ff4dd2699eca6668e3ba7998,2024-01-25T03:13:10.831000,sent,kaspa:qpjunp39ssazf4rzfxxu0hd35xggfxn6lq0ls9u9q6peevzcmcv4xmv9q4njd,72665292820,
8e461ce9e5bac2b07d52b16db37ebb75077e71eb7f4bdbd62f0a48ea4f773468,2024-01-25T03:13:08.673000,sent,kaspa:qpjunp39ssazf4rzfxxu0hd35xggfxn6lq0ls9u9q6peevzcmcv4xmv9q4njd,170004340615,
7f3862ac11dc6df25dc656eb3021640dce20e54028f22b432838b47f17634797,2024-01-25T03:11:48.847000,sent,kaspa:qpjunp39ssazf4rzfxxu0hd35xggfxn6lq0ls9u9q6peevzcmcv4xmv9q4njd,73307279267,
ff5c3d9a2a1786ebdf0d8103af3a0c950fecd9387f28f6afbb62759be51c8d19,2024-01-25T03:11:47.879000,sent,kaspa:qpjunp39ssazf4rzfxxu0hd35xggfxn6lq0ls9u9q6peevzcmcv4xmv9q4njd,266642709020,
c6e8a46156c7ac44182ed4e8180b4f7f27029df2964376e0d9fb310dca37fbc8,2024-01-25T03:11:47.879000,sent,kaspa:qpjunp39ssazf4rzfxxu0hd35xggfxn6lq0ls9u9q6peevzcmcv4xmv9q4njd,73254866074,
c6e8a46156c7ac44182ed4e8180b4f7f27029df2964376e0d9fb310dca37fbc8,2024-01-25T03:11:47.879000,sent,kaspa:qpjunp39ssazf4rzfxxu0hd35xggfxn6lq0ls9u9q6peevzcmcv4xmv9q4njd,73254866074,
ca770942e119dd9578b706a1ecdeac9e55df60efdbb29172cae886748c0fb510,2024-01-25T03:11:44.414000,sent,kaspa:qpjunp39ssazf4rzfxxu0hd35xggfxn6lq0ls9u9q6peevzcmcv4xmv9q4njd,73833515326,
9126e6290451898b3c3fff9607664952278b9d9cc93682a4a6e039cddf7a3e17,2024-01-25T03:11:42.313000,sent,kaspa:qpjunp39ssazf4rzfxxu0hd35xggfxn6lq0ls9u9q6peevzcmcv4xmv9q4njd,74186342929,
bce19716bd3261c333b978f626470d345acfd94e8dd35690445804f27d69de6a,2024-01-25T03:11:42.053000,sent,kaspa:qpjunp39ssazf4rzfxxu0hd35xggfxn6lq0ls9u9q6peevzcmcv4xmv9q4njd,74299660935,
2c326bbdda653011be1d6e38a68b7812e73f777ae10cf0b49f5fe99ad548ea2b,2024-01-25T03:11:16.979000,sent,kaspa:qpjunp39ssazf4rzfxxu0hd35xggfxn6lq0ls9u9q6peevzcmcv4xmv9q4njd,72777937938,
21bf81e91cdaa5462b251ff629ebc344ce6ffd3b0e79f089490b42fe9092cfbb,2024-01-25T03:10:11.794000,sent,kaspa:qpjunp39ssazf4rzfxxu0hd35xggfxn6lq0ls9u9q6peevzcmcv4xmv9q4njd,75562285234,
557d1f1c9444eb5a35f48b5ddf5ccfbf5d47ccbd26375c72eba936c84be6c6f3,2024-01-25T03:10:08.517000,sent,kaspa:qpjunp39ssazf4rzfxxu0hd35xggfxn6lq0ls9u9q6peevzcmcv4xmv9q4njd,75728248607,
a17f063ab079ae887429947633c830eac50d957bd5ab87a2d1d99a5bf2d1541d,2024-01-25T03:10:08.517000,sent,kaspa:qpjunp39ssazf4rzfxxu0hd35xggfxn6lq0ls9u9q6peevzcmcv4xmv9q4njd,76110856130,
f8339e6456106d41d8dfd54b748af48ecf775466fca129421108d7a13e060da4,2024-01-25T03:10:07.387000,sent,kaspa:qpjunp39ssazf4rzfxxu0hd35xggfxn6lq0ls9u9q6peevzcmcv4xmv9q4njd,75786926552,
0d542e8ca32571665df0dd660146ab01582878cbcf421628523444837eab0a02,2024-01-25T03:09:18.653000,sent,kaspa:qpjunp39ssazf4rzfxxu0hd35xggfxn6lq0ls9u9q6peevzcmcv4xmv9q4njd,35501351069,
0140a19a27606ece37dfcf456bbf08ef953654bf76e5eae29a8bb1ab3c29c2ed,2024-01-25T03:09:11.396000,sent,kaspa:qpjunp39ssazf4rzfxxu0hd35xggfxn6lq0ls9u9q6peevzcmcv4xmv9q4njd,77087936944,
0d6795030a0c27e0ea5d09aa31bade8b54883b754c2ab64d23e4e32e18c7e695,2024-01-25T03:07:45.430000,sent,kaspa:qpjunp39ssazf4rzfxxu0hd35xggfxn6lq0ls9u9q6peevzcmcv4xmv9q4njd,78550665946,
bf865edb3fb3ba1a1219afa2b296759b9eeafd00b74cb075b43c021797cba21b,2024-01-25T03:07:45.430000,sent,kaspa:qpjunp39ssazf4rzfxxu0hd35xggfxn6lq0ls9u9q6peevzcmcv4xmv9q4njd,78303278553,
0296f269e4d76cbdd05e35424d6bb6503c0262a86360395f51a63b34f02a9b1f,2024-01-25T03:07:44.482000,sent,kaspa:qpjunp39ssazf4rzfxxu0hd35xggfxn6lq0ls9u9q6peevzcmcv4xmv9q4njd,78240089688,
fbd64c44dbe883365a5296b6a5b22f8c801d7f3fa3457d38439940d4c0560101,2024-01-25T03:07:42.917000,sent,kaspa:qpjunp39ssazf4rzfxxu0hd35xggfxn6lq0ls9u9q6peevzcmcv4xmv9q4njd,77530696488,
f4b293102e30038f95e03bacbccc5dd6e01429a72c864d40298608fb011d66f6,2024-01-25T03:07:39.288000,sent,kaspa:qpjunp39ssazf4rzfxxu0hd35xggfxn6lq0ls9u9q6peevzcmcv4xmv9q4njd,78141266976,
f1fa3f5db5ec550712492c01109d6ce5af6c1e9120c1540045f5301a5d1c3526,2024-01-25T03:06:42.557000,sent,kaspa:qpjunp39ssazf4rzfxxu0hd35xggfxn6lq0ls9u9q6peevzcmcv4xmv9q4njd,79582892092,
76177dd9830b12e84260e8bf769d139f781efaaa58447e440c30fc128e3b2cdd,2024-01-25T03:06:41.046000,sent,kaspa:qpjunp39ssazf4rzfxxu0hd35xggfxn6lq0ls9u9q6peevzcmcv4xmv9q4njd,79646449650,
aea7293f098600ff46d738c0eab4ffd0192557372d4062aed3834ee3e04aec3f,2024-01-25T03:06:12.331000,sent,kaspa:qpjunp39ssazf4rzfxxu0hd35xggfxn6lq0ls9u9q6peevzcmcv4xmv9q4njd,80950877617,
1aa914e34602c5830bad9ae11fc7ba59620f37543a1c030b66280571bc853892,2024-01-25T03:06:10.502000,sent,kaspa:qpjunp39ssazf4rzfxxu0hd35xggfxn6lq0ls9u9q6peevzcmcv4xmv9q4njd,81721242633,
20c4e3899ab5974e433615e63a83bc91cdc9cf34d150ddfaf0d06ac4e47b8aaf,2024-01-25T03:04:47.622000,sent,kaspa:qpjunp39ssazf4rzfxxu0hd35xggfxn6lq0ls9u9q6peevzcmcv4xmv9q4njd,82454649985,
ed4dbaffcb4bbc04e235716521b764d48c5ba832182d80d37972fed538354a12,2024-01-25T03:04:47.622000,sent,kaspa:qpjunp39ssazf4rzfxxu0hd35xggfxn6lq0ls9u9q6peevzcmcv4xmv9q4njd,82086001466,
a2daff2d481199f309d3813091282af6cb9517c8262b423676ea02dd9492089b,2024-01-25T03:04:42.793000,sent,kaspa:qpjunp39ssazf4rzfxxu0hd35xggfxn6lq0ls9u9q6peevzcmcv4xmv9q4njd,82878469753,
3bd7fba6d875afe8c25c175d5d9ea91c0d2b4f0b8c99581755b6048f3d8d26ed,2024-01-25T03:03:10.730000,sent,kaspa:qpjunp39ssazf4rzfxxu0hd35xggfxn6lq0ls9u9q6peevzcmcv4xmv9q4njd,84366652650,
b21ff2b0b04acd07f28669cf3f9754f65b47bfd0b0acf26fe7fe2bd16cc4e3eb,2024-01-25T03:03:08.301000,sent,kaspa:qpjunp39ssazf4rzfxxu0hd35xggfxn6lq0ls9u9q6peevzcmcv4xmv9q4njd,84572820063,
6056d5e21a1a40e96213245adcfe47aabc6ebd7fd02d1865a8192feb6ea548e5,2024-01-25T03:02:20.172000,sent,kaspa:qpjunp39ssazf4rzfxxu0hd35xggfxn6lq0ls9u9q6peevzcmcv4xmv9q4njd,84980583768,
0919d896b9a6e6b0a7b7ac9dd99c295ae29ad01e5ce616bd9776aed3ee2be296,2024-01-25T03:02:18.550000,sent,kaspa:qpjunp39ssazf4rzfxxu0hd35xggfxn6lq0ls9u9q6peevzcmcv4xmv9q4njd,85531053604,
d74eb1ff8e939ab91479b1203ae8bf10e02c0e617e8d35bc5fb94c95f9dd363a,2024-01-25T03:00:43.422000,sent,kaspa:qpjunp39ssazf4rzfxxu0hd35xggfxn6lq0ls9u9q6peevzcmcv4xmv9q4njd,86174744508,
c71812fa4c4e66bf19dc0e2d9413cba68a8f1288a64a891c146f384e105c8167,2024-01-25T03:00:43.422000,sent,kaspa:qpjunp39ssazf4rzfxxu0hd35xggfxn6lq0ls9u9q6peevzcmcv4xmv9q4njd,86300459344,
81ce3481bf3216d9ee5e002915ededc2d8ef0a3c97bec3810aa5b55ef3e0b76c,2024-01-25T03:00:39.393000,sent,kaspa:qpjunp39ssazf4rzfxxu0hd35xggfxn6lq0ls9u9q6peevzcmcv4xmv9q4njd,86414958745,
28b1dcdd753e2f82d60170d37194c599cb779ef80331fd514756dd404a7fa7e3,2024-01-25T02:59:14.593000,sent,kaspa:qpjunp39ssazf4rzfxxu0hd35xggfxn6lq0ls9u9q6peevzcmcv4xmv9q4njd,49409560458,
816d7a0304344d7492e82a8bd8908d3db98d233cd56a7d8436170f62a4fc18a9,2024-01-25T00:03:39.616000,sent,kaspa:qpjunp39ssazf4rzfxxu0hd35xggfxn6lq0ls9u9q6peevzcmcv4xmv9q4njd,88168330388,
185f188fad2146b1d908acc8dc70d07bee3f9c0191dd06c3a8b5f927cf16dfab,2024-01-24T23:20:10.191000,sent,kaspa:qpjunp39ssazf4rzfxxu0hd35xggfxn6lq0ls9u9q6peevzcmcv4xmv9q4njd,88516215029,
4f88f336dc2c638b2b53507ae49394e43330eef648822ce5d4fab415787788b8,2024-01-24T22:48:46.231000,sent,kaspa:qpjunp39ssazf4rzfxxu0hd35xggfxn6lq0ls9u9q6peevzcmcv4xmv9q4njd,90281057479,
032fc2cf3bd6577e2ff3104358da414197b5b69c3de5204829c0f204015e1124,2024-01-24T21:33:41.616000,sent,kaspa:qpjunp39ssazf4rzfxxu0hd35xggfxn6lq0ls9u9q6peevzcmcv4xmv9q4njd,92364156705,
527e2fe61ed7f7b209096141c6044aedcdc8f77431a13afd69dd3c2212d0bc09,2024-01-24T21:06:08.094000,sent,kaspa:qpjunp39ssazf4rzfxxu0hd35xggfxn6lq0ls9u9q6peevzcmcv4xmv9q4njd,93137152933,
179a7817a39e6627e4d056a0bd73837fa1529ed25a617bcbd317e95034e4dd39,2024-01-24T21:02:11.179000,sent,kaspa:qpjunp39ssazf4rzfxxu0hd35xggfxn6lq0ls9u9q6peevzcmcv4xmv9q4njd,93564235895,
d321dc1dfdd3ab8e2fbde16902a2c122d418c2962bf7bb3e1bd7823c841019ec,2024-01-24T21:00:41.202000,sent,kaspa:qpjunp39ssazf4rzfxxu0hd35xggfxn6lq0ls9u9q6peevzcmcv4xmv9q4njd,93927044729,
56697ab92cd8ca809980fe82f52cef3b1c20bb08727671de20a8845afe2aeedc,2024-01-24T13:23:11.959000,sent,kaspa:qpjunp39ssazf4rzfxxu0hd35xggfxn6lq0ls9u9q6peevzcmcv4xmv9q4njd,106567613034,
d5104157655c254a0afdab364f00c4ff9e45e478df27453a2d3a0b7f677ee0e8,2024-01-24T07:07:09.248000,sent,kaspa:qpjunp39ssazf4rzfxxu0hd35xggfxn6lq0ls9u9q6peevzcmcv4xmv9q4njd,116774610696,
3692f61a8eaa32bf337b48386188b1c8549a8c405ecae09dfe815692bbacf04c,2024-01-24T05:44:11.965000,sent,kaspa:qpjunp39ssazf4rzfxxu0hd35xggfxn6lq0ls9u9q6peevzcmcv4xmv9q4njd,128923819294,
021bf7afe5d708c20544940916212b65e5f96bf16e91b6e334f4153bc251b0e9,2024-01-23T14:19:07.304000,sent,kaspa:qpjunp39ssazf4rzfxxu0hd35xggfxn6lq0ls9u9q6peevzcmcv4xmv9q4njd,205694785796,
18ffea90c29cccfc314fb174887691b3708db69bcdc44297bfd6ccb0f5dc83ed,2024-01-18T19:13:35.961000,sent,kaspa:qpjunp39ssazf4rzfxxu0hd35xggfxn6lq0ls9u9q6peevzcmcv4xmv9q4njd,880177396159,
b158fa8f2ff9c8d210b80743a2bd881dbb4fef082de38270076508e5de6ea1a6,2024-01-18T06:15:39.067000,sent,kaspa:qpjunp39ssazf4rzfxxu0hd35xggfxn6lq0ls9u9q6peevzcmcv4xmv9q4njd,200096438943,
8ca1979b4144941e52f8a12139420a64e299e98e1a13b83dc8b09b02654bc2f3,2024-01-18T02:03:07.353000,sent,kaspa:qpzpfwcsqsxhxwup26r55fd0ghqlhyugz8cp6y3wxuddc02vcxtjg75pspnwz,2000000000000,MEXC
8ca1979b4144941e52f8a12139420a64e299e98e1a13b83dc8b09b02654bc2f3,2024-01-18T02:03:07.353000,sent,kaspa:qpjunp39ssazf4rzfxxu0hd35xggfxn6lq0ls9u9q6peevzcmcv4xmv9q4njd,1560591145,
fe7d4cb0a03c78685eae9cd42ce3ab86cdc1fe1f2321f8df762fdd12a9d02dac,2024-01-17T23:02:35.490000,sent,kaspa:qpjunp39ssazf4rzfxxu0hd35xggfxn6lq0ls9u9q6peevzcmcv4xmv9q4njd,830475996759,
56600026c8a2dfda34791175f8dbeec7b72cde80cb32116888335b42d5e11ade,2024-01-17T21:31:39.145000,sent,kaspa:qpjunp39ssazf4rzfxxu0hd35xggfxn6lq0ls9u9q6peevzcmcv4xmv9q4njd,880555361863,
0222af6037e05acbda98064f1c41726c04cd6f4b54d6f91337ec2176d53a8325,2024-01-17T16:19:10.015000,sent,kaspa:qpjunp39ssazf4rzfxxu0hd35xggfxn6lq0ls9u9q6peevzcmcv4xmv9q4njd,240182369378,
3d9be9a288cd8cae343f0a74d9095d20d912c4b7c69c498c95837f121bab3de3,2024-01-17T11:32:06.854000,sent,kaspa:qpjunp39ssazf4rzfxxu0hd35xggfxn6lq0ls9u9q6peevzcmcv4xmv9q4njd,880724757937,
4706a593c8779a68b01732d3ded6c97d94d1a2fe79cab2db653feb17bd6921c1,2024-01-17T11:25:06.562000,sent,kaspa:qpjunp39ssazf4rzfxxu0hd35xggfxn6lq0ls9u9q6peevzcmcv4xmv9q4njd,1335464665327,
c975533bb0377f9397a99516593feb9800d2915d214a6e806349038621276e5b,2024-01-17T08:52:36.472000,sent,kaspa:qpjunp39ssazf4rzfxxu0hd35xggfxn6lq0ls9u9q6peevzcmcv4xmv9q4njd,880812944133,
cf1a6ec6e2c97451f77c03ddd90f041dfe513502d3d4691d466410387a5be659,2024-01-17T05:40:05.404000,sent,kaspa:qpjunp39ssazf4rzfxxu0hd35xggfxn6lq0ls9u9q6peevzcmcv4xmv9q4njd,959603030411,
b99e9c05fcdaea76bc766419f3c239c36ec79fedaeb780f959fbaeddb9a94152,2024-01-17T05:13:08.843000,sent,kaspa:qpjunp39ssazf4rzfxxu0hd35xggfxn6lq0ls9u9q6peevzcmcv4xmv9q4njd,700868156796,
6b1127c9ea26a3974faf3c9f561120d877061a2d0fb5c24b0512bde0cc0be809,2024-01-17T03:06:05.839000,sent,kaspa:qpjunp39ssazf4rzfxxu0hd35xggfxn6lq0ls9u9q6peevzcmcv4xmv9q4njd,940284935059,
e6542d9f411d8f5aca7549f8ed3a9083d481ec4aa7ef620cde8d5c3d65b10b9a,2024-01-17T00:36:06.184000,sent,kaspa:qpjunp39ssazf4rzfxxu0hd35xggfxn6lq0ls9u9q6peevzcmcv4xmv9q4njd,882165979594,
f44a53650141a7d6fd441eb6b5d11b3b9359a1d44ca42a1ef79dbf466de9010e,2024-01-16T23:16:06.698000,sent,kaspa:qpjunp39ssazf4rzfxxu0hd35xggfxn6lq0ls9u9q6peevzcmcv4xmv9q4njd,945793206070,
7fba41228ecd08ec67b23138faca4e418b5d443ce308f693b7f46eec1f51ec86,2024-01-16T22:12:39.979000,sent,kaspa:qpjunp39ssazf4rzfxxu0hd35xggfxn6lq0ls9u9q6peevzcmcv4xmv9q4njd,861634836512,
bc6aedea49aacfa940d9705d03ffc43617ae1341d714800582496522ee131924,2024-01-16T20:35:10.841000,sent,kaspa:qpjunp39ssazf4rzfxxu0hd35xggfxn6lq0ls9u9q6peevzcmcv4xmv9q4njd,881826986549,
28499b543b38c469c581d2efe4ef7692079dd70063dc2430f1b8109bfa579ab0,2024-01-16T20:08:37.237000,sent,kaspa:qpjunp39ssazf4rzfxxu0hd35xggfxn6lq0ls9u9q6peevzcmcv4xmv9q4njd,881872236772,
f8be7a1bbb1be84c4a9ff5339696ed3b5d6fad055dff7904746ef266a6d7c0b5,2024-01-13T08:04:38.009000,sent,kaspa:qpjunp39ssazf4rzfxxu0hd35xggfxn6lq0ls9u9q6peevzcmcv4xmv9q4njd,1772550259575,
4b00a3a6c9b211f85cf1dcc2cdf3b70b32a3255bd9fe71dafb0ee481cdbefa07,2024-01-13T06:44:09.256000,sent,kaspa:qpjunp39ssazf4rzfxxu0hd35xggfxn6lq0ls9u9q6peevzcmcv4xmv9q4njd,882005592881,
015eefa01572afd7b10a199ee3726d330ff75c57ab8c59f22348facc502d5256,2024-01-12T22:46:39.338000,sent,kaspa:qpjunp39ssazf4rzfxxu0hd35xggfxn6lq0ls9u9q6peevzcmcv4xmv9q4njd,882185453749,
3d15406c88606429002dccb2027987a7cad321709d213930f5eb12a98ee6fd8d,2024-01-12T22:34:40.576000,sent,kaspa:qpjunp39ssazf4rzfxxu0hd35xggfxn6lq0ls9u9q6peevzcmcv4xmv9q4njd,882206705173,
8dda263f3e7fbc5cade4a6f9884f12380d4d21a6d0300b9ec3894254f3154883,2024-01-12T17:28:03.697000,sent,kaspa:qpjunp39ssazf4rzfxxu0hd35xggfxn6lq0ls9u9q6peevzcmcv4xmv9q4njd,882318934922,
1f31e6f254064951d90c16a3bc9b713b0462ca3912be24716c696eabb8af4bc6,2024-01-12T15:41:38.621000,sent,kaspa:qpjunp39ssazf4rzfxxu0hd35xggfxn6lq0ls9u9q6peevzcmcv4xmv9q4njd,882386142643,
a05a49704271f6af915297226b696c4fa1a851513824373cd2b9f550631819d3,2024-01-12T09:53:06.858000,sent,kaspa:qpjunp39ssazf4rzfxxu0hd35xggfxn6lq0ls9u9q6peevzcmcv4xmv9q4njd,882499136844,
116b08e242cf23da0add1ca2f4fd9aa099e466657a0320d5c0fd29aeed9da99b,2024-01-12T05:26:06.677000,sent,kaspa:qpjunp39ssazf4rzfxxu0hd35xggfxn6lq0ls9u9q6peevzcmcv4xmv9q4njd,882536285228,
0f6b54cdb3da23ec1c0e3b698599d32280ca574684d2fccb01dbb2f1955f50f2,2024-01-12T04:39:07.628000,sent,kaspa:qpjunp39ssazf4rzfxxu0hd35xggfxn6lq0ls9u9q6peevzcmcv4xmv9q4njd,882554486443,
5b08995e708acb2e3ee1e006f3658f64a7e0f547b59a1dd0bcf61c4088f58f51,2024-01-11T22:05:36.009000,sent,kaspa:qpzpfwcsqsxhxwup26r55fd0ghqlhyugz8cp6y3wxuddc02vcxtjg75pspnwz,2000000000000,MEXC
5b08995e708acb2e3ee1e006f3658f64a7e0f547b59a1dd0bcf61c4088f58f51,2024-01-11T22:05:36.009000,sent,kaspa:qpjunp39ssazf4rzfxxu0hd35xggfxn6lq0ls9u9q6peevzcmcv4xmv9q4njd,5326559972,
f4de01e5c0de448ac39955028db7bcabde81ac762a5187b3219fc3689e3f9ea7,2024-01-11T10:49:36.093000,sent,kaspa:qpjunp39ssazf4rzfxxu0hd35xggfxn6lq0ls9u9q6peevzcmcv4xmv9q4njd,883067805700,
4054a02179fe4ffce504da8fdc24e70d2d599e7c6e2c00864c334d1cdb98474b,2024-01-11T00:41:36.426000,sent,kaspa:qpjunp39ssazf4rzfxxu0hd35xggfxn6lq0ls9u9q6peevzcmcv4xmv9q4njd,883227539146,
9155f05dde1d68b718e3420d33a68479377229c83dbe9772cd6ae5664e763d69,2024-01-11T00:19:39.599000,sent,kaspa:qpjunp39ssazf4rzfxxu0hd35xggfxn6lq0ls9u9q6peevzcmcv4xmv9q4njd,883275260550,
411190d3a06680e0d869a45461fa3af9c421fe90da50b60b85453043e1797dba,2024-01-10T21:58:12.189000,sent,kaspa:qpjunp39ssazf4rzfxxu0hd35xggfxn6lq0ls9u9q6peevzcmcv4xmv9q4njd,895556018184,
126bbbd60129f89b9f45e952ec40052606606cd0528129749741811377d12144,2024-01-10T21:21:39.555000,sent,kaspa:qpjunp39ssazf4rzfxxu0hd35xggfxn6lq0ls9u9q6peevzcmcv4xmv9q4njd,883577849386,
97ae42495763a367f25ad4eb398c92f6117737ee17f06c1bb19564383812f565,2024-01-10T18:29:35.739000,sent,kaspa:qpjunp39ssazf4rzfxxu0hd35xggfxn6lq0ls9u9q6peevzcmcv4xmv9q4njd,883623801619,
f4033c4d37e2bbf88ceec976d00e59463783cc8c6a860835154d69ee08c0daac,2024-01-10T16:48:07.613000,sent,kaspa:qpjunp39ssazf4rzfxxu0hd35xggfxn6lq0ls9u9q6peevzcmcv4xmv9q4njd,883756445096,
c41663d7298c155307f9b896bdf0feef6f2ffedd68ef5bf6da5192fc4970fd6a,2024-01-10T13:40:43.284000,sent,kaspa:qpjunp39ssazf4rzfxxu0hd35xggfxn6lq0ls9u9q6peevzcmcv4xmv9q4njd,883852723384,
e0f01f27026ed9e8a379e23a7c1a4face82e4d6e0bf28f3a57941d3326be6b4b,2024-01-10T12:11:05.715000,sent,kaspa:qpjunp39ssazf4rzfxxu0hd35xggfxn6lq0ls9u9q6peevzcmcv4xmv9q4njd,884768221579,
3964b6ccd542cdda6b070b470002709f2b2942ae0ced61342c9c3912c5bb9f8f,2024-01-10T12:04:23.281000,sent,kaspa:qpjunp39ssazf4rzfxxu0hd35xggfxn6lq0ls9u9q6peevzcmcv4xmv9q4njd,883998376734,
d22e072545d8b6dd7cd10b82b1bb237ba2c10873d2c7cb72522e39039947aac3,2024-01-10T11:26:40.766000,sent,kaspa:qpjunp39ssazf4rzfxxu0hd35xggfxn6lq0ls9u9q6peevzcmcv4xmv9q4njd,241100661990,
29c30aede2c105d55504433c23a4a479781f7ee40134ba116ddfd1dcf2453dd0,2024-01-10T11:19:41.375000,sent,kaspa:qpjunp39ssazf4rzfxxu0hd35xggfxn6lq0ls9u9q6peevzcmcv4xmv9q4njd,884057149963,
1adb4f3877399a1d1ee7e1126fc404f788c54a74448b33ff276d5f4cecad52ce,2024-01-10T11:13:06.461000,sent,kaspa:qpjunp39ssazf4rzfxxu0hd35xggfxn6lq0ls9u9q6peevzcmcv4xmv9q4njd,884074678575,
6212597b132d87f8a746c54e419f87bc67f32d08bce0f84a05c473d1e7c9ed32,2024-01-09T16:18:07.459000,sent,kaspa:qpjunp39ssazf4rzfxxu0hd35xggfxn6lq0ls9u9q6peevzcmcv4xmv9q4njd,231260750190,
4a82ecfd207d6126a54008c6ae009125b6193396c5f0bfbc2cebed3bd6660827,2024-01-09T14:45:36.036000,sent,kaspa:qpjunp39ssazf4rzfxxu0hd35xggfxn6lq0ls9u9q6peevzcmcv4xmv9q4njd,885104542110,
bb47241f5e659683224596085a7efe83339b7c548645d580f297d48364ef79d4,2024-01-09T13:29:38.088000,sent,kaspa:qpjunp39ssazf4rzfxxu0hd35xggfxn6lq0ls9u9q6peevzcmcv4xmv9q4njd,885341877222,
9e36f23561eb24d61c23c4ffa8f82a8b1b9aa457666c9fdfc7cd52ee635fed42,2024-01-09T11:54:40.370000,sent,kaspa:qpzpfwcsqsxhxwup26r55fd0ghqlhyugz8cp6y3wxuddc02vcxtjg75pspnwz,2000000000000,MEXC
9e36f23561eb24d61c23c4ffa8f82a8b1b9aa457666c9fdfc7cd52ee635fed42,2024-01-09T11:54:40.370000,sent,kaspa:qpjunp39ssazf4rzfxxu0hd35xggfxn6lq0ls9u9q6peevzcmcv4xmv9q4njd,8771580579,
e0adca3823992013fb24038060e27af0653ffd8860b3c8a8134dad9e802fac7a,2024-01-08T15:21:38.450000,sent,kaspa:qpjunp39ssazf4rzfxxu0hd35xggfxn6lq0ls9u9q6peevzcmcv4xmv9q4njd,890262908355,
5e81cffd6c5cb7e4a7fa91856a1d94016c10c39ba7cdba6670d5216c159fcdd9,2024-01-08T12:46:07.297000,sent,kaspa:qpjunp39ssazf4rzfxxu0hd35xggfxn6lq0ls9u9q6peevzcmcv4xmv9q4njd,886628217286,
d45b9faee0be3eab1e326de09486b7f13dfadcecaf316b961078d43b253dab3c,2024-01-05T10:37:12.347000,sent,kaspa:qpjunp39ssazf4rzfxxu0hd35xggfxn6lq0ls9u9q6peevzcmcv4xmv9q4njd,894549874652,
0c2067cf997176748dd9baa9651102a3d2f094f985f0d1e3a95b10637f540dbf,2023-12-27T03:03:09.021000,sent,kaspa:qpjunp39ssazf4rzfxxu0hd35xggfxn6lq0ls9u9q6peevzcmcv4xmv9q4njd,5765839754474,
82bfb371149fcc54b8ec488e7f807b017d4d8231a859a6bc207f60a65eb56788,2023-12-26T09:50:03.830000,sent,kaspa:qpjunp39ssazf4rzfxxu0hd35xggfxn6lq0ls9u9q6peevzcmcv4xmv9q4njd,9280941914428,
dcaf2b208c1f28600a069beac4f621a398ae9549c9ac230f0b720f2c5da3687f,2023-12-26T08:25:26.843000,sent,kaspa:qpjunp39ssazf4rzfxxu0hd35xggfxn6lq0ls9u9q6peevzcmcv4xmv9q4njd,17599999120000,
a3e631afea8c972a0a96c68ea2654032f214cc47f7993b346f4fe602b34caec5,2023-12-26T08:05:30.946000,sent,kaspa:qpjunp39ssazf4rzfxxu0hd35xggfxn6lq0ls9u9q6peevzcmcv4xmv9q4njd,17908637637808,
c8c2ee480b5e26917a15bc5df4ef9c6ce712d6289b09156c219f82453b1ec00e,2023-12-25T19:34:08.513000,sent,kaspa:qpjunp39ssazf4rzfxxu0hd35xggfxn6lq0ls9u9q6peevzcmcv4xmv9q4njd,3356289647161,
953db5826095ec0e0873bb7a5bf4b6e4851a043c305bcd67186375204b492838,2023-07-04T09:51:16.895000,received,kaspa:qp9z8a0w7jedatvpr3l0knc6l0vdlpz7sp9kcd4yqq0up9hp87q4zyzr5ave9,2337285775,
ff54b3fc33f6023fb190444fa5342278a86d25c4899aa37cc5a0d85ceb8cc391,2023-06-13T07:10:27.648000,received,kaspa:qpy827u4r43hp36nu2w78dphwgzjr3e9xdwwvm7k7dalyhpfkr84qucn4ecud,10060717473,
29de6f3310b0b873b5368c3fe95ffef5a41491c45eaacdca79ddc332a4d0eedb,2023-05-06T05:12:16.335000,received,kaspa:qpy827u4r43hp36nu2w78dphwgzjr3e9xdwwvm7k7dalyhpfkr84qucn4ecud,10165340730,
cbf1d39ca7b749f325ddb4d608aa91c7aeda905b6e3d4bfc7f81957fce0e4a4e,2023-05-04T09:26:46.069000,received,kaspa:qp9z8a0w7jedatvpr3l0knc6l0vdlpz7sp9kcd4yqq0up9hp87q4zyzr5ave9,10022797514,
fa74c0d3cca1a73b9c0005f980ebd9b99011ac8a0be578377c57cea93d4ea123,2023-04-12T11:12:15.192000,received,kaspa:qpy827u4r43hp36nu2w78dphwgzjr3e9xdwwvm7k7dalyhpfkr84qucn4ecud,10045284153,
86fa76a491d7cbae6ffdc927766c54e04bb906c80eb5c8865ac1cfea5209595b,2023-03-29T18:59:59.182000,received,kaspa:qp9z8a0w7jedatvpr3l0knc6l0vdlpz7sp9kcd4yqq0up9hp87q4zyzr5ave9,462740997,
c84c75f66746a9ee1dabf2015af3e479afc6da0067aaf07e8154142004c17fda,2023-03-29T17:12:33.602000,received,kaspa:qpy827u4r43hp36nu2w78dphwgzjr3e9xdwwvm7k7dalyhpfkr84qucn4ecud,788091827,
3ff5f8ff218550d60545fd6556ab0b44900a51fccc563972d7126da4fe2b33b8,2023-03-29T15:21:43.747000,received,kaspa:qp9z8a0w7jedatvpr3l0knc6l0vdlpz7sp9kcd4yqq0up9hp87q4zyzr5ave9,323408573,
c7edbc91224302998fe389130b04b48d419d12f09c4f362a6148a9bf948a5df4,2023-03-29T12:49:30.802000,received,kaspa:qp9z8a0w7jedatvpr3l0knc6l0vdlpz7sp9kcd4yqq0up9hp87q4zyzr5ave9,315355541,
cc454a2e55b4ac370164be5a6d314ff44ee8d960333442253ce94b996a3be4da,2023-03-29T11:00:28.317000,received,kaspa:qp9z8a0w7jedatvpr3l0knc6l0vdlpz7sp9kcd4yqq0up9hp87q4zyzr5ave9,816949929,
3d76feca2ba09e60f20abd5615090b0a4c80b51e5ea21eaa02301843201836b9,2023-03-29T09:07:10.636000,received,kaspa:qp9z8a0w7jedatvpr3l0knc6l0vdlpz7sp9kcd4yqq0up9hp87q4zyzr5ave9,800329495,
73143edcf1fb5a50e6239b895ac1d5ca2f361e1e2b39500036b3219ea17e9df7,2023-03-29T07:20:15.592000,received,kaspa:qp9z8a0w7jedatvpr3l0knc6l0vdlpz7sp9kcd4yqq0up9hp87q4zyzr5ave9,183763287,
5fa8becd0de551017b844d5f1f5dbf0d18b7c468e1a6b84e18af860d97f58e49,2023-03-28T20:32:20.155000,received,kaspa:qpy827u4r43hp36nu2w78dphwgzjr3e9xdwwvm7k7dalyhpfkr84qucn4ecud,505126080,
188c919c4ca5f0c41245022c684f094baa25a54ea780be67dad62c723478ad0b,2023-03-28T19:05:59.192000,received,kaspa:qp9z8a0w7jedatvpr3l0knc6l0vdlpz7sp9kcd4yqq0up9hp87q4zyzr5ave9,825659169,
32add90c992364aaa810f51945b1bb0d9afd67b591e6361639f1e936b9ce834a,2023-03-28T17:22:37.960000,received,kaspa:qp9z8a0w7jedatvpr3l0knc6l0vdlpz7sp9kcd4yqq0up9hp87q4zyzr5ave9,1464882359,
9c9536f75327eadc71e93854b65721c56e6b25b5cce6bdb74b9f3126b3c9fff9,2023-03-28T13:45:37.718000,received,kaspa:qp9z8a0w7jedatvpr3l0knc6l0vdlpz7sp9kcd4yqq0up9hp87q4zyzr5ave9,981047137,
d30e1b5dced4efb730ce39d0fb2ee4f4a575cb8381d8dbcd85ce3cc86cdf5933,2023-03-28T11:39:35.244000,received,kaspa:qp9z8a0w7jedatvpr3l0knc6l0vdlpz7sp9kcd4yqq0up9hp87q4zyzr5ave9,972067833,
881bf418e43632de59bb30d30958856ee94d67afd06e86309e9ecba5a75af942,2023-03-28T09:35:20.584000,received,kaspa:qp9z8a0w7jedatvpr3l0knc6l0vdlpz7sp9kcd4yqq0up9hp87q4zyzr5ave9,1063191530,
3cae0ffbe998c136f5efc7df847db696acd46ae2a05e9d61e89faf38a8a93879,2023-03-28T07:36:42.838000,received,kaspa:qpy827u4r43hp36nu2w78dphwgzjr3e9xdwwvm7k7dalyhpfkr84qucn4ecud,880851412,
fab63288e8510829c99889d00c8ec510a20f60cdc10214717cb92c7141b5ad46,2023-03-28T06:10:49.714000,received,kaspa:qpy827u4r43hp36nu2w78dphwgzjr3e9xdwwvm7k7dalyhpfkr84qucn4ecud,828844105,
87cac2c929339de7c6fbeb4af7e2b971d30dce60798cbf8f85ccd0fb85b3cc9e,2023-03-28T02:23:27.525000,received,kaspa:qp9z8a0w7jedatvpr3l0knc6l0vdlpz7sp9kcd4yqq0up9hp87q4zyzr5ave9,799360239,
e1e5a2e5bf386bd70763cb99b9cd017daf641b1319548a78a4305170b1129c69,2023-03-28T00:21:45.839000,received,kaspa:qp9z8a0w7jedatvpr3l0knc6l0vdlpz7sp9kcd4yqq0up9hp87q4zyzr5ave9,860648952,
6776ead8569f41d1f5581f9609a35ed08e8e61d88c95a8a48cc423961a46b9e0,2023-03-27T22:22:27.055000,received,kaspa:qp9z8a0w7jedatvpr3l0knc6l0vdlpz7sp9kcd4yqq0up9hp87q4zyzr5ave9,842861581,
83d2b71040e7b214f71efb77704d4ae13864307d91f26c3f62ffc4610f2a9e17,2023-03-27T20:22:07.979000,received,kaspa:qp9z8a0w7jedatvpr3l0knc6l0vdlpz7sp9kcd4yqq0up9hp87q4zyzr5ave9,795904204,
517fc24e2982506c31db0e47a39837b9a36bdf932ee30679513a8aa4c3a4fa83,2023-03-27T18:22:48.462000,received,kaspa:qpy827u4r43hp36nu2w78dphwgzjr3e9xdwwvm7k7dalyhpfkr84qucn4ecud,832712764,
7258cbed1b5ce832892d3d9fadbb5b82ae99c87053fdbf975ffd5118c7d1b67f,2023-03-27T16:23:37.194000,received,kaspa:qp9z8a0w7jedatvpr3l0knc6l0vdlpz7sp9kcd4yqq0up9hp87q4zyzr5ave9,1058446406,
68d41ecf85e1e7970d070fdc17a1f92b545f23ccbcb889667029b38e0cf0aea7,2023-03-27T14:24:11.379000,received,kaspa:qp9z8a0w7jedatvpr3l0knc6l0vdlpz7sp9kcd4yqq0up9hp87q4zyzr5ave9,965583818,
aa4c542d54a1734e66604d7eabda9aecc315ddc6c69619229388ba2987d6b194,2023-03-27T12:25:02.617000,received,kaspa:qp9z8a0w7jedatvpr3l0knc6l0vdlpz7sp9kcd4yqq0up9hp87q4zyzr5ave9,858899352,
1a581440a3ed6c9c808b88f30a0a04bf0c698dd2c3eb4443fcb4927f34d6c88a,2023-03-27T10:26:22.799000,received,kaspa:qp9z8a0w7jedatvpr3l0knc6l0vdlpz7sp9kcd4yqq0up9hp87q4zyzr5ave9,958614764,
ec66fa7c3d572157723e7586d0576ff79823360cc051afa49b2068644cce15a0,2023-03-27T08:26:11.179000,received,kaspa:qp9z8a0w7jedatvpr3l0knc6l0vdlpz7sp9kcd4yqq0up9hp87q4zyzr5ave9,833255637,
b251b0b9b1176b2edf1f147fef2e982a60f3ca1b44b4dcf1fbe49519947041de,2023-03-27T06:27:10.519000,received,kaspa:qp9z8a0w7jedatvpr3l0knc6l0vdlpz7sp9kcd4yqq0up9hp87q4zyzr5ave9,1001940865,
dea7ff1e9e2bb1de275fbc05d3ecc866a6440234b0935f76a13d7735923ae528,2023-03-27T04:27:12.486000,received,kaspa:qp9z8a0w7jedatvpr3l0knc6l0vdlpz7sp9kcd4yqq0up9hp87q4zyzr5ave9,831233834,
cca56e4643fc6bf1f452d991e4c6949f6fc8bdba425f33f44a28499520f541ed,2023-03-27T02:28:32.089000,received,kaspa:qpy827u4r43hp36nu2w78dphwgzjr3e9xdwwvm7k7dalyhpfkr84qucn4ecud,961349662,
885dcbb0521833b3898fae79df41b1196fbc953c550f2dfeb3ec3585593a7783,2023-03-27T00:29:34.614000,received,kaspa:qp9z8a0w7jedatvpr3l0knc6l0vdlpz7sp9kcd4yqq0up9hp87q4zyzr5ave9,864656672,
5206dd8c5122cbb475f1ea98f335cf8e09108cc6106c9d25d8340f29fa558517,2023-03-26T22:28:49.027000,received,kaspa:qp9z8a0w7jedatvpr3l0knc6l0vdlpz7sp9kcd4yqq0up9hp87q4zyzr5ave9,889026997,
26bc8b636844cb5f7d0b782d71825291b19cc657733ac6aefcaf97c4119ce455,2023-03-26T20:30:52.571000,received,kaspa:qp9z8a0w7jedatvpr3l0knc6l0vdlpz7sp9kcd4yqq0up9hp87q4zyzr5ave9,838796342,
28417bf4944d7560d25e9f178c29e937b51c8ba579f60f46302ce476918bd002,2023-03-26T18:30:29.977000,received,kaspa:qp9z8a0w7jedatvpr3l0knc6l0vdlpz7sp9kcd4yqq0up9hp87q4zyzr5ave9,861340575,
2d1c329b0a8a8e191aa1c2084f4f9f1d6ff7b8042f298b98b349215f88fca145,2023-03-26T16:31:41.425000,received,kaspa:qp9z8a0w7jedatvpr3l0knc6l0vdlpz7sp9kcd4yqq0up9hp87q4zyzr5ave9,919871319,
19c1cf638b54f125e42bea462827777d08a68d3150b370cd4fbd29d58351830e,2023-03-26T14:33:10.592000,received,kaspa:qp9z8a0w7jedatvpr3l0knc6l0vdlpz7sp9kcd4yqq0up9hp87q4zyzr5ave9,847609004,
56773d129a54a15668cee8dd9637d154e591a46f1ef92b3a8b007c3589a3ef9f,2023-03-26T12:34:07.778000,received,kaspa:qp9z8a0w7jedatvpr3l0knc6l0vdlpz7sp9kcd4yqq0up9hp87q4zyzr5ave9,829171488,
91ba0ace85cdc32baa0aef0ab00097fd4dd55476af66028692ef37f7f1204aab,2023-03-26T10:34:47.764000,received,kaspa:qp9z8a0w7jedatvpr3l0knc6l0vdlpz7sp9kcd4yqq0up9hp87q4zyzr5ave9,865900886,
74f93dd612be34225a8a4941e00cce556c69e03a7ae780b11cb3abca68c06e95,2023-03-26T08:36:38.118000,received,kaspa:qp9z8a0w7jedatvpr3l0knc6l0vdlpz7sp9kcd4yqq0up9hp87q4zyzr5ave9,936958584,
61ae0d68c4bb7c89e2bddc6fc2051838045666f20b2807b6fc612ff2f41380c1,2023-03-26T06:37:24.067000,received,kaspa:qp9z8a0w7jedatvpr3l0knc6l0vdlpz7sp9kcd4yqq0up9hp87q4zyzr5ave9,832603645,
4009801ddaee55a414d2e4707098b0e5c2957df32c34533ef2b2b1da46f9c6b5,2023-03-26T04:39:27.524000,received,kaspa:qp9z8a0w7jedatvpr3l0knc6l0vdlpz7sp9kcd4yqq0up9hp87q4zyzr5ave9,892387512,
ca5fb0856eceddf5f5714aa895c64bc824d609416798d996aab3c3f56879d857,2023-03-26T02:40:14.247000,received,kaspa:qp9z8a0w7jedatvpr3l0knc6l0vdlpz7sp9kcd4yqq0up9hp87q4zyzr5ave9,941693703,
9657b56edf4b1b4084cd307e5ef2f897391424206a8d651cc7980897c1be55d3,2023-03-26T00:43:59.838000,received,kaspa:qp9z8a0w7jedatvpr3l0knc6l0vdlpz7sp9kcd4yqq0up9hp87q4zyzr5ave9,827334836,
5038902695fb2e492aea65fce91522ab82fbc2cc907ad731404adda2cb07d472,2023-03-25T22:44:52.795000,received,kaspa:qp9z8a0w7jedatvpr3l0knc6l0vdlpz7sp9kcd4yqq0up9hp87q4zyzr5ave9,979305035,
55add325a901fe0b5e6200525d91808f5c66edc6886925ea7f6b72dd753db1bb,2023-03-25T20:49:19.957000,received,kaspa:qp9z8a0w7jedatvpr3l0knc6l0vdlpz7sp9kcd4yqq0up9hp87q4zyzr5ave9,1049662546,
b6cb878336363bc6a5e585e27e1c8564f7f472171c73072c9d22c24f07617356,2023-03-25T18:58:36.329000,received,kaspa:qpy827u4r43hp36nu2w78dphwgzjr3e9xdwwvm7k7dalyhpfkr84qucn4ecud,1327073250,
71f09747cf0c70581aa098df471ec87f54f3b495213d0999a739c89d8dd15a14,2023-03-25T15:33:00.923000,received,kaspa:qp9z8a0w7jedatvpr3l0knc6l0vdlpz7sp9kcd4yqq0up9hp87q4zyzr5ave9,982128048,
3143e14e04fdf1c0129984820d162b6974d8d572d93bcbea13e2342c36782835,2023-03-25T13:33:21.384000,received,kaspa:qpy827u4r43hp36nu2w78dphwgzjr3e9xdwwvm7k7dalyhpfkr84qucn4ecud,890107591,
553b1661f11d79863f4f947fdb94a0b4a2fe8c7a81cd79adf0440175fd8ece81,2023-03-25T11:32:57.942000,received,kaspa:qpy827u4r43hp36nu2w78dphwgzjr3e9xdwwvm7k7dalyhpfkr84qucn4ecud,1067410992,
db65295472447ceede8bd294ad95ead5d7468dada55ab03d1e20bec13f04b3e6,2023-03-25T09:32:57.053000,received,kaspa:qpy827u4r43hp36nu2w78dphwgzjr3e9xdwwvm7k7dalyhpfkr84qucn4ecud,1210889471,
ec9bb64f9a59041b6c1f529c3c93023cc522344b5c1a597fdc41d1d632c0e10b,2023-03-25T07:32:36.730000,received,kaspa:qpy827u4r43hp36nu2w78dphwgzjr3e9xdwwvm7k7dalyhpfkr84qucn4ecud,928526019,
a610462f64575a46cd5bb8957ba27b56751aaeae1913f5100543f13abd16142d,2023-03-25T05:32:50.250000,received,kaspa:qpy827u4r43hp36nu2w78dphwgzjr3e9xdwwvm7k7dalyhpfkr84qucn4ecud,1025860430,
75107967496d5cb52cb545365b073916429267becaa2626482e7993e0a7b159c,2023-03-25T03:32:46.889000,received,kaspa:qpy827u4r43hp36nu2w78dphwgzjr3e9xdwwvm7k7dalyhpfkr84qucn4ecud,904615156,
e174d592460f95326205edd4781d1f8573935cf00b6b485cab9f4eee8f3f5def,2023-03-25T01:32:44.434000,received,kaspa:qpy827u4r43hp36nu2w78dphwgzjr3e9xdwwvm7k7dalyhpfkr84qucn4ecud,844497240,
5b425380e71afe9175a156aa5172e8868aa34f87eba3ae054a4f3b2c47bc172f,2023-03-24T23:32:46.959000,received,kaspa:qp9z8a0w7jedatvpr3l0knc6l0vdlpz7sp9kcd4yqq0up9hp87q4zyzr5ave9,904815120,
360799de4cb76830ecfe68578f8e93896090368fafd7d92682a12c1b173ed111,2023-03-24T21:33:58.743000,received,kaspa:qp9z8a0w7jedatvpr3l0knc6l0vdlpz7sp9kcd4yqq0up9hp87q4zyzr5ave9,1005856139,
cb16c3a737e19bf7d829a7e359b6d90490f9be16fba2e9f63c2489aac0272475,2023-03-24T19:33:53.900000,received,kaspa:qp9z8a0w7jedatvpr3l0knc6l0vdlpz7sp9kcd4yqq0up9hp87q4zyzr5ave9,932688323,
b751907a371556e83b215f2d5dc9329212bcb07c99079845bdc2ca4b6cd0134c,2023-03-24T17:33:27.897000,received,kaspa:qp9z8a0w7jedatvpr3l0knc6l0vdlpz7sp9kcd4yqq0up9hp87q4zyzr5ave9,887998501,
57798701c10116c4aab28e341357e470f9df36c166b851a505c368d21391a080,2023-03-24T15:33:48.026000,received,kaspa:qp9z8a0w7jedatvpr3l0knc6l0vdlpz7sp9kcd4yqq0up9hp87q4zyzr5ave9,988357511,
dc2c215369bba40a260f19f0b45807c2d91116c1857660e31618eec57f099a1a,2023-03-24T13:33:41.057000,received,kaspa:qp9z8a0w7jedatvpr3l0knc6l0vdlpz7sp9kcd4yqq0up9hp87q4zyzr5ave9,876205620,
c755fd14285e72873f6e0c5b74c5bf284eac9fa41f72c2c9aaede83df647c9f1,2023-03-19T20:53:27.653000,received,kaspa:qrsatq67p8eu8kkjp80tedanhulmpcxevsj8rawmxmy75kpn3vrtuqyg7447h,10034876289,
c755fd14285e72873f6e0c5b74c5bf284eac9fa41f72c2c9aaede83df647c9f1,2023-03-19T20:53:27.653000,received,kaspa:qrsatq67p8eu8kkjp80tedanhulmpcxevsj8rawmxmy75kpn3vrtuqyg7447h,10034876289,
2e2b79358f46d1c926b05d8777580727d842799305b0a5519dda3cc5647cc6d4,2023-03-19T00:47:51.796000,received,kaspa:qrrzeucwfetuty3qserqydw4z4ax9unxd23zwp7tndvg7cs3ls8dvwldeayv5,10019020455,
e5e31107a05d6b30e1021fbb38608fe807110b135e69faac75c5fb77b78458d6,2023-03-17T22:42:55.628000,received,kaspa:qrsatq67p8eu8kkjp80tedanhulmpcxevsj8rawmxmy75kpn3vrtuqyg7447h,10014335516,
d44122fe4532fc02bd693462273ecc2391ed50fd185ae925b949070c53fb5c5e,2023-03-16T13:00:38.849000,received,kaspa:qrrzeucwfetuty3qserqydw4z4ax9unxd23zwp7tndvg7cs3ls8dvwldeayv5,10028826935,
771950449a11bb9118ef6bffb3df79e20b8a8ba65d4ae41309188df1cabeb7c7,2023-03-14T04:04:23.774000,received,kaspa:qrrzeucwfetuty3qserqydw4z4ax9unxd23zwp7tndvg7cs3ls8dvwldeayv5,10006323096,
b8241f86e47b6dadc17923b045ffb3a3207bf5deb478e48a4a8ea9a6a2365f75,2023-03-10T20:37:57.588000,received,kaspa:qrsatq67p8eu8kkjp80tedanhulmpcxevsj8rawmxmy75kpn3vrtuqyg7447h,10028409585,
db6e0fb0ec0ddb26aca449cbf71bcecce761bf67cac159505418988a8b693ae0,2023-03-08T16:40:55.452000,received,kaspa:qrsatq67p8eu8kkjp80tedanhulmpcxevsj8rawmxmy75kpn3vrtuqyg7447h,10012413137,
a6e6925526540e2df440c9acb3a68218ee61669b9a2444a3c316592820af9be6,2023-03-07T23:15:51.391000,received,kaspa:qrsatq67p8eu8kkjp80tedanhulmpcxevsj8rawmxmy75kpn3vrtuqyg7447h,10030233323,
a6e6925526540e2df440c9acb3a68218ee61669b9a2444a3c316592820af9be6,2023-03-07T23:15:51.391000,received,kaspa:qrsatq67p8eu8kkjp80tedanhulmpcxevsj8rawmxmy75kpn3vrtuqyg7447h,10030233323,
3dbc0e2761603ca3cc0568eaf9c25316088c97ea22bbbe09a1050c85c1e09650,2023-03-01T23:14:23.897000,received,kaspa:qrsatq67p8eu8kkjp80tedanhulmpcxevsj8rawmxmy75kpn3vrtuqyg7447h,10046116686,
fbca39451f1cc9b8b383b08cab7bdb95ec56ac4e8245151b703ec75a0b44920f,2023-03-01T06:58:45.020000,received,kaspa:qrrzeucwfetuty3qserqydw4z4ax9unxd23zwp7tndvg7cs3ls8dvwldeayv5,10016663134,
026697044659749b2e40825b261cbdc0346cd8ee225ee0b01d7487a9007c801e,2023-02-28T15:59:56.220000,received,kaspa:qrsatq67p8eu8kkjp80tedanhulmpcxevsj8rawmxmy75kpn3vrtuqyg7447h,10045870560,
026697044659749b2e40825b261cbdc0346cd8ee225ee0b01d7487a9007c801e,2023-02-28T15:59:56.220000,received,kaspa:qrsatq67p8eu8kkjp80tedanhulmpcxevsj8rawmxmy75kpn3vrtuqyg7447h,10045870560,
5b3270f0e97dabdda9a860d47986c6b8118838ad87a1fc82bd6d906052a528c5,2023-02-18T07:54:45.634000,received,kaspa:qpuu0nk0nefls40d0jcsqh662knvxpzvpcaey200ehhxmzhnk3pswjvctjcrt,305118800000,
5b3270f0e97dabdda9a860d47986c6b8118838ad87a1fc82bd6d906052a528c5,2023-02-18T07:54:45.634000,received,kaspa:qpvean9kyrm5kdr4xw38adkxqszz8vrvgjrh0lrak232067pvpjnzylp5auwm,305118800000,
5b3270f0e97dabdda9a860d47986c6b8118838ad87a1fc82bd6d906052a528c5,2023-02-18T07:54:45.634000,received,kaspa:qq2senx6tj9a032xa9nn9awtn0tnlywsf4dv6jl60uyuap6xkvyy75uwu4csv,305118800000,
5b3270f0e97dabdda9a860d47986c6b8118838ad87a1fc82bd6d906052a528c5,2023-02-18T07:54:45.634000,received,kaspa:qq2senx6tj9a032xa9nn9awtn0tnlywsf4dv6jl60uyuap6xkvyy75uwu4csv,305118800000,
5b3270f0e97dabdda9a860d47986c6b8118838ad87a1fc82bd6d906052a528c5,2023-02-18T07:54:45.634000,received,kaspa:qrcz7zlzx0xtaqcm9nmvvxcemm3h7m690afmv8a7csymjaz79q4zg4cxyxjut,305118800000,
aed3a15ac608f63dee5fd3d0a932d985875fcd0eb1ca0c21374f7402debe261c,2023-01-18T04:41:40.529000,received,kaspa:qrl3w335a6stnp2xykvtluylu0d2a5cljp5l96kkmu6rdm34k4segg93xg8j2,105474399999,
1069bbd3e34c3a617c97a5c90e10f58e13d0834d2d08b76579ab207e8c719e17,2023-01-17T19:21:11.748000,received,kaspa:qplftnp4syrd5dq6vlez84egdcu22k0ms78ws93957p9vjj7kjwwcmzpxm6k6,65534799999,
a7c106dd6a0c627edabefbd25b287f37c84efd1b15ad0f214eefe833cbe0291a,2023-01-08T10:20:48.383000,received,kaspa:qrrzeucwfetuty3qserqydw4z4ax9unxd23zwp7tndvg7cs3ls8dvwldeayv5,10002027502,
ccba2359977b891045cc13c399e121493364844ed88e0a3a59d5ceced3751c70,2023-01-07T18:50:25.384000,received,kaspa:qrrzeucwfetuty3qserqydw4z4ax9unxd23zwp7tndvg7cs3ls8dvwldeayv5,10017988547,
e02aae9b8d8599cce743c436fb8ebd05406d37b9910f730f85e3d0f9dbcbf6ac,2023-01-07T02:04:40.677000,received,kaspa:qrsatq67p8eu8kkjp80tedanhulmpcxevsj8rawmxmy75kpn3vrtuqyg7447h,10073614929,
95695f3a37c5fa034755a2c694fb602967c1cbc0ac72b8981b49d502eafe2bc2,2023-01-06T09:45:03.825000,received,kaspa:qrsatq67p8eu8kkjp80tedanhulmpcxevsj8rawmxmy75kpn3vrtuqyg7447h,10046317508,
4841daaa0b14aff2f0c34b690e9545aebbc7f8774b97fb4a7396ad060515960a,2023-01-05T17:41:22.137000,received,kaspa:qrsatq67p8eu8kkjp80tedanhulmpcxevsj8rawmxmy75kpn3vrtuqyg7447h,10008335155,
339bdceb05d4c208000cb9cffb4fc0a2b1867ae48dfa4187bdfe25ca0eb7973c,2023-01-05T01:51:43.368000,received,kaspa:qrsatq67p8eu8kkjp80tedanhulmpcxevsj8rawmxmy75kpn3vrtuqyg7447h,10036684385,
339bdceb05d4c208000cb9cffb4fc0a2b1867ae48dfa4187bdfe25ca0eb7973c,2023-01-05T01:51:43.368000,received,kaspa:qrsatq67p8eu8kkjp80tedanhulmpcxevsj8rawmxmy75kpn3vrtuqyg7447h,10036684385,
8d926fe3b9b434ed6796c6439d0fb7a1d9a27df25e27fb58802eb26059f4e76b,2023-01-04T09:54:48.543000,received,kaspa:qrrzeucwfetuty3qserqydw4z4ax9unxd23zwp7tndvg7cs3ls8dvwldeayv5,10024841708,
11a10b734c8e04a62ba09d69b2ad5a95b52f34c7ad9649438c04f153a8e8dad5,2023-01-03T18:00:41.940000,received,kaspa:qrsatq67p8eu8kkjp80tedanhulmpcxevsj8rawmxmy75kpn3vrtuqyg7447h,10005423525,
cc0e2744f12a7eaaea44b5ba0539c03174533735cf6b6b9ebafbfd53c8608ccc,2023-01-03T01:56:02.984000,received,kaspa:qrsatq67p8eu8kkjp80tedanhulmpcxevsj8rawmxmy75kpn3vrtuqyg7447h,10020770744,
2024e340f0ef5ad09e6f16cac417d7f9de30f133dfdcd4d5e3d82c85745eddfb,2023-01-02T09:40:00.523000,received,kaspa:qrrzeucwfetuty3qserqydw4z4ax9unxd23zwp7tndvg7cs3ls8dvwldeayv5,10040666298,
066b9469edac95be57188edf27a9d6c9c253dff4216696f1d318198356364402,2023-01-01T17:21:13.364000,received,kaspa:qrsatq67p8eu8kkjp80tedanhulmpcxevsj8rawmxmy75kpn3vrtuqyg7447h,10027128440,
695397ccc5e54156e36e12849c1e57a308ede97b159704100822ce964940cc54,2023-01-01T00:46:45.977000,received,kaspa:qrsatq67p8eu8kkjp80tedanhulmpcxevsj8rawmxmy75kpn3vrtuqyg7447h,10025084065,
695397ccc5e54156e36e12849c1e57a308ede97b159704100822ce964940cc54,2023-01-01T00:46:45.977000,received,kaspa:qrsatq67p8eu8kkjp80tedanhulmpcxevsj8rawmxmy75kpn3vrtuqyg7447h,10025084065,
bc92bf393d2035f2377b88a6f75bf11dc3d4ac870aefec98df6b40eb328e8d5f,2022-12-31T08:16:46.474000,received,kaspa:qrsatq67p8eu8kkjp80tedanhulmpcxevsj8rawmxmy75kpn3vrtuqyg7447h,10026359242,
0f3e6a564b29402279a7d967c5642802fa147ad53f9e5d4422353024dddd0962,2022-12-30T15:48:16.561000,received,kaspa:qrsatq67p8eu8kkjp80tedanhulmpcxevsj8rawmxmy75kpn3vrtuqyg7447h,10042695280,
0f3e6a564b29402279a7d967c5642802fa147ad53f9e5d4422353024dddd0962,2022-12-30T15:48:16.561000,received,kaspa:qrsatq67p8eu8kkjp80tedanhulmpcxevsj8rawmxmy75kpn3vrtuqyg7447h,10042695280,
ea274360a0686634dc7ec2e259064bf9d24d94ec72db0c342c0ac2bb6ce773be,2022-12-29T23:29:08.358000,received,kaspa:qrsatq67p8eu8kkjp80tedanhulmpcxevsj8rawmxmy75kpn3vrtuqyg7447h,10043787209,
3084bfbb28a0e384e2dbe3c3db6795e3e4552e1bc08f179a01bebe59b592f39d,2022-12-29T07:23:07.826000,received,kaspa:qrsatq67p8eu8kkjp80tedanhulmpcxevsj8rawmxmy75kpn3vrtuqyg7447h,10009247424,
1d95d84b99de269063d22c6425dc984b630f3f6f774d9668e18e8f666c70213a,2022-12-28T14:37:37.565000,received,kaspa:qrsatq67p8eu8kkjp80tedanhulmpcxevsj8rawmxmy75kpn3vrtuqyg7447h,10008243645,
c23a2d07fe8eae2e8bfbf94ec6fb6f74f1845b3457085c0655bd084a14fb17dc,2022-12-27T22:18:30.521000,received,kaspa:qrsatq67p8eu8kkjp80tedanhulmpcxevsj8rawmxmy75kpn3vrtuqyg7447h,10005746346,
a7ad4f447e4ecb70dfc55c59f790b13e3f497da8d245c214e8226d7c2cb10230,2022-12-27T05:28:53.370000,received,kaspa:qrsatq67p8eu8kkjp80tedanhulmpcxevsj8rawmxmy75kpn3vrtuqyg7447h,10063900018,
b31ceccb89ecfc58a205b8c6cfa0cb55cb6bd9e0ad74c0aef91c7d8f17d9d4e6,2022-12-26T12:37:40.806000,received,kaspa:qrrzeucwfetuty3qserqydw4z4ax9unxd23zwp7tndvg7cs3ls8dvwldeayv5,10007608956,
762fa2c8ff0928424e8b5ecc72275f2e690eff1896df7cc0d187398ef971986f,2022-12-25T20:53:33.700000,received,kaspa:qrsatq67p8eu8kkjp80tedanhulmpcxevsj8rawmxmy75kpn3vrtuqyg7447h,10040145281,
762fa2c8ff0928424e8b5ecc72275f2e690eff1896df7cc0d187398ef971986f,2022-12-25T20:53:33.700000,received,kaspa:qrrzeucwfetuty3qserqydw4z4ax9unxd23zwp7tndvg7cs3ls8dvwldeayv5,10040145281,
5a28fb9ee48f92d306e47c56d0baa6aaec97d682071922c7e50014dd676f60d9,2022-12-25T05:09:45.308000,received,kaspa:qrsatq67p8eu8kkjp80tedanhulmpcxevsj8rawmxmy75kpn3vrtuqyg7447h,10075336519,
f240c154f3483c92f77b214aa9463580861e4b24a32b83eb37a332eb73f37b46,2022-12-24T12:57:53.421000,received,kaspa:qrrzeucwfetuty3qserqydw4z4ax9unxd23zwp7tndvg7cs3ls8dvwldeayv5,10011986124,
1cb0db7034eadd0a1b914b0294f2cfa2ec324ba2b2729a965f2bbc96e8b7c949,2022-12-23T20:13:07.693000,received,kaspa:qrsatq67p8eu8kkjp80tedanhulmpcxevsj8rawmxmy75kpn3vrtuqyg7447h,10022249156,
1cb0db7034eadd0a1b914b0294f2cfa2ec324ba2b2729a965f2bbc96e8b7c949,2022-12-23T20:13:07.693000,received,kaspa:qrsatq67p8eu8kkjp80tedanhulmpcxevsj8rawmxmy75kpn3vrtuqyg7447h,10022249156,
c687daf3ed2cd757751944d1f32949214c067c6ab8b202f2adc7f90a86c290dd,2022-12-23T03:58:38.813000,received,kaspa:qrsatq67p8eu8kkjp80tedanhulmpcxevsj8rawmxmy75kpn3vrtuqyg7447h,10037231325,
c687daf3ed2cd757751944d1f32949214c067c6ab8b202f2adc7f90a86c290dd,2022-12-23T03:58:38.813000,received,kaspa:qrsatq67p8eu8kkjp80tedanhulmpcxevsj8rawmxmy75kpn3vrtuqyg7447h,10037231325,
7ca708a2cb151bd2929172857e21a6fba7ebe461960653f46f7c8d1bb919a067,2022-12-22T10:46:44.039000,received,kaspa:qrrzeucwfetuty3qserqydw4z4ax9unxd23zwp7tndvg7cs3ls8dvwldeayv5,10045441203,
fc554de7eda3e10e8ca553410e422349ed23ee1587c655f4c470f4911fd9f37b,2022-12-21T17:16:32.439000,received,kaspa:qrrzeucwfetuty3qserqydw4z4ax9unxd23zwp7tndvg7cs3ls8dvwldeayv5,10054823605,
eb33ef7098bda2749eac52bd71a6e36a0d6cd6ccc26cbdb0627fba39f815aed2,2022-12-21T00:50:15.841000,received,kaspa:qrsatq67p8eu8kkjp80tedanhulmpcxevsj8rawmxmy75kpn3vrtuqyg7447h,10004832058,
9845fd72e0b56ebaa05ace9a2c870491a2ebaeb3fa23efc9acc148ea8a32ec8a,2022-12-20T08:13:43.957000,received,kaspa:qrsatq67p8eu8kkjp80tedanhulmpcxevsj8rawmxmy75kpn3vrtuqyg7447h,10029034547,
9845fd72e0b56ebaa05ace9a2c870491a2ebaeb3fa23efc9acc148ea8a32ec8a,2022-12-20T08:13:43.957000,received,kaspa:qrsatq67p8eu8kkjp80tedanhulmpcxevsj8rawmxmy75kpn3vrtuqyg7447h,10029034547,
50c381191aea5282cbd8e6d2f1fa46cb19452c106bb67142e8e1a17b23d57efb,2022-12-19T16:01:05.992000,received,kaspa:qrsatq67p8eu8kkjp80tedanhulmpcxevsj8rawmxmy75kpn3vrtuqyg7447h,10041192303,
50c381191aea5282cbd8e6d2f1fa46cb19452c106bb67142e8e1a17b23d57efb,2022-12-19T16:01:05.992000,received,kaspa:qrsatq67p8eu8kkjp80tedanhulmpcxevsj8rawmxmy75kpn3vrtuqyg7447h,10041192303,
1667675c0c5867110f20d258ca89c900dc6f345fe1ddda1fac455ceb713f54ee,2022-12-18T22:55:56.438000,received,kaspa:qrsatq67p8eu8kkjp80tedanhulmpcxevsj8rawmxmy75kpn3vrtuqyg7447h,10058013577,
1667675c0c5867110f20d258ca89c900dc6f345fe1ddda1fac455ceb713f54ee,2022-12-18T22:55:56.438000,received,kaspa:qrsatq67p8eu8kkjp80tedanhulmpcxevsj8rawmxmy75kpn3vrtuqyg7447h,10058013577,
4eb4f401bc204dda88ade5a9cc601a70ca350d4d7b6096c6da513cbf29afeb51,2022-12-18T05:45:14.517000,received,kaspa:qrsatq67p8eu8kkjp80tedanhulmpcxevsj8rawmxmy75kpn3vrtuqyg7447h,10021286829,
2e553e37a585492d12bed874116d153789b3c30c964a987e2ee74af92a32165d,2022-12-17T16:18:38.457000,received,kaspa:qrw5387v6wq5txl2xxn58qkzln8vqppnvva2ggy9tdczg7ufwggrydap55mmk,203500000000,
2e553e37a585492d12bed874116d153789b3c30c964a987e2ee74af92a32165d,2022-12-17T16:18:38.457000,received,kaspa:qqvn5mydxkc89vjrel7l29tcjyxj09tjta3aaqsagxthpw5097mnw5ruv6u83,203500000000,
2e553e37a585492d12bed874116d153789b3c30c964a987e2ee74af92a32165d,2022-12-17T16:18:38.457000,received,kaspa:qqvn5mydxkc89vjrel7l29tcjyxj09tjta3aaqsagxthpw5097mnw5ruv6u83,203500000000,
2e553e37a585492d12bed874116d153789b3c30c964a987e2ee74af92a32165d,2022-12-17T16:18:38.457000,received,kaspa:qqvn5mydxkc89vjrel7l29tcjyxj09tjta3aaqsagxthpw5097mnw5ruv6u83,203500000000,
d0f5eb4483940f52cea10a9f96af6384c5e97583b73fcfbaecd836838d755058,2022-12-14T18:25:59.547000,received,kaspa:qqvn5mydxkc89vjrel7l29tcjyxj09tjta3aaqsagxthpw5097mnw5ruv6u83,200000000000,
d0f5eb4483940f52cea10a9f96af6384c5e97583b73fcfbaecd836838d755058,2022-12-14T18:25:59.547000,received,kaspa:qqvn5mydxkc89vjrel7l29tcjyxj09tjta3aaqsagxthpw5097mnw5ruv6u83,200000000000,
d0f5eb4483940f52cea10a9f96af6384c5e97583b73fcfbaecd836838d755058,2022-12-14T18:25:59.547000,received,kaspa:qqvn5mydxkc89vjrel7l29tcjyxj09tjta3aaqsagxthpw5097mnw5ruv6u83,200000000000,
d0f5eb4483940f52cea10a9f96af6384c5e97583b73fcfbaecd836838d755058,2022-12-14T18:25:59.547000,received,kaspa:qqvn5mydxkc89vjrel7l29tcjyxj09tjta3aaqsagxthpw5097mnw5ruv6u83,200000000000,
d0f5eb4483940f52cea10a9f96af6384c5e97583b73fcfbaecd836838d755058,2022-12-14T18:25:59.547000,received,kaspa:qqvn5mydxkc89vjrel7l29tcjyxj09tjta3aaqsagxthpw5097mnw5ruv6u83,200000000000,
d0f5eb4483940f52cea10a9f96af6384c5e97583b73fcfbaecd836838d755058,2022-12-14T18:25:59.547000,received,kaspa:qqvn5mydxkc89vjrel7l29tcjyxj09tjta3aaqsagxthpw5097mnw5ruv6u83,200000000000,
d0f5eb4483940f52cea10a9f96af6384c5e97583b73fcfbaecd836838d755058,2022-12-14T18:25:59.547000,received,kaspa:qqvn5mydxkc89vjrel7l29tcjyxj09tjta3aaqsagxthpw5097mnw5ruv6u83,200000000000,
d0f5eb4483940f52cea10a9f96af6384c5e97583b73fcfbaecd836838d755058,2022-12-14T18:25:59.547000,received,kaspa:qqvn5mydxkc89vjrel7l29tcjyxj09tjta3aaqsagxthpw5097mnw5ruv6u83,200000000000,
d0f5eb4483940f52cea10a9f96af6384c5e97583b73fcfbaecd836838d755058,2022-12-14T18:25:59.547000,received,kaspa:qqvn5mydxkc89vjrel7l29tcjyxj09tjta3aaqsagxthpw5097mnw5ruv6u83,200000000000,
d0f5eb4483940f52cea10a9f96af6384c5e97583b73fcfbaecd836838d755058,2022-12-14T18:25:59.547000,received,kaspa:qqvn5mydxkc89vjrel7l29tcjyxj09tjta3aaqsagxthpw5097mnw5ruv6u83,200000000000,
d0f5eb4483940f52cea10a9f96af6384c5e97583b73fcfbaecd836838d755058,2022-12-14T18:25:59.547000,received,kaspa:qqvn5mydxkc89vjrel7l29tcjyxj09tjta3aaqsagxthpw5097mnw5ruv6u83,200000000000,
d0f5eb4483940f52cea10a9f96af6384c5e97583b73fcfbaecd836838d755058,2022-12-14T18:25:59.547000,received,kaspa:qqvn5mydxkc89vjrel7l29tcjyxj09tjta3aaqsagxthpw5097mnw5ruv6u83,200000000000,
d0f5eb4483940f52cea10a9f96af6384c5e97583b73fcfbaecd836838d755058,2022-12-14T18:25:59.547000,received,kaspa:qqvn5mydxkc89vjrel7l29tcjyxj09tjta3aaqsagxthpw5097mnw5ruv6u83,200000000000,
d0f5eb4483940f52cea10a9f96af6384c5e97583b73fcfbaecd836838d755058,2022-12-14T18:25:59.547000,received,kaspa:qqvn5mydxkc89vjrel7l29tcjyxj09tjta3aaqsagxthpw5097mnw5ruv6u83,200000000000,
d0f5eb4483940f52cea10a9f96af6384c5e97583b73fcfbaecd836838d755058,2022-12-14T18:25:59.547000,received,kaspa:qqvn5mydxkc89vjrel7l29tcjyxj09tjta3aaqsagxthpw5097mnw5ruv6u83,200000000000,
d0f5eb4483940f52cea10a9f96af6384c5e97583b73fcfbaecd836838d755058,2022-12-14T18:25:59.547000,received,kaspa:qqvn5mydxkc89vjrel7l29tcjyxj09tjta3aaqsagxthpw5097mnw5ruv6u83,200000000000,
d0f5eb4483940f52cea10a9f96af6384c5e97583b73fcfbaecd836838d755058,2022-12-14T18:25:59.547000,received,kaspa:qqvn5mydxkc89vjrel7l29tcjyxj09tjta3aaqsagxthpw5097mnw5ruv6u83,200000000000,
d0f5eb4483940f52cea10a9f96af6384c5e97583b73fcfbaecd836838d755058,2022-12-14T18:25:59.547000,received,kaspa:qqvn5mydxkc89vjrel7l29tcjyxj09tjta3aaqsagxthpw5097mnw5ruv6u83,200000000000,
d0f5eb4483940f52cea10a9f96af6384c5e97583b73fcfbaecd836838d755058,2022-12-14T18:25:59.547000,received,kaspa:qqvn5mydxkc89vjrel7l29tcjyxj09tjta3aaqsagxthpw5097mnw5ruv6u83,200000000000,
d0f5eb4483940f52cea10a9f96af6384c5e97583b73fcfbaecd836838d755058,2022-12-14T18:25:59.547000,received,kaspa:qqvn5mydxkc89vjrel7l29tcjyxj09tjta3aaqsagxthpw5097mnw5ruv6u83,200000000000,
