tx_id,timestamp,direction,peer_address,amount_sompi,cex_label
3fe6ed1a22f366c005f1fea5fe158cc37f542ece93ad7a2c172392bf48fe41a0,2023-11-12T16:32:42.333000,sent,kaspa:qqwvnkp47wsj6n4hkdlgj8dsauyx0xvefunnwvvsmpq2udd0ka8ckmpuqw3k5,50250271193,
92431d1716e61ee55f6ff08437dfaa0b5873f878265bc7581953d43e118b8f5c,2023-11-12T16:21:30.753000,sent,kaspa:qqwvnkp47wsj6n4hkdlgj8dsauyx0xvefunnwvvsmpq2udd0ka8ckmpuqw3k5,1000000000,
44ac75603c53977c1a4a080c78ebc66539d4ca5d463d46ad3ab5160c1d74449a,2023-11-12T16:15:13.693000,sent,kaspa:qqwvnkp47wsj6n4hkdlgj8dsauyx0xvefunnwvvsmpq2udd0ka8ckmpuqw3k5,100000000,
530d98aa35a1c93eb67531861b8f00648619e9fc78a271406acde851521a592c,2023-11-12T15:57:21.475000,received,kaspa:qq8pwprvy8xpq8yg5hzt0ewrq47j2wa3pzz0w847lm4s0yj6vyffxx03y7cdp,51350571193,
