tx_id,timestamp,direction,peer_address,amount_sompi,cex_label
0b7677581c614beeb5b57ce81b7fed9203d4cdec36a51ba2b783eb5660eaa8d4,2023-12-16T04:20:18.645000,sent,kaspa:qzslgwenzu78t6tldlng383g7ruu4enaljmnkgaulyrscjp7ldt26x8gfxck5,171940000,
0b7677581c614beeb5b57ce81b7fed9203d4cdec36a51ba2b783eb5660eaa8d4,2023-12-16T04:20:18.645000,sent,kaspa:qzslgwenzu78t6tldlng383g7ruu4enaljmnkgaulyrscjp7ldt26x8gfxck5,171940000,
af3028693423f1620121c74244308ba0f2d526f99a0b864a3c0ebd8ce6705fd5,2023-12-12T15:23:12.780000,received,kaspa:qypswxtcrv4ssyjaswy5w9387vq73mkuyq85tl34cee6qn5uexqy0csgnafnjx7,171000000,
9f1ac650965682fe174ee5a9c87b204bb8de7684ecb115c13ced0ba1ffd6f235,2023-11-29T01:35:38.127000,sent,kaspa:qypg44egsthl2we59rmvpg53k8h7avshn9u30xkwwdphjkwv8dfzp7sk2c6t4mq,18000000,
50179d390b4ae16d03a124663b37fe811ea1014cda3ec0422b55a530cbfd017f,2023-11-28T12:19:36.118000,received,kaspa:qqxrda0n7wx2zyhkxu2gx3hc5mraf7l7h90szkz8vrs4sa9cf0hvc6ysg6shy,19000000,
