tx_id,timestamp,direction,peer_address,amount_sompi,cex_label
bbc2b57e83ea5fbe2af7d5121ef09be696f375feac1bb47162b699de168f2b27,2023-12-16T04:47:49.725000,sent,kaspa:qzslgwenzu78t6tldlng383g7ruu4enaljmnkgaulyrscjp7ldt26x8gfxck5,171940000,
bbc2b57e83ea5fbe2af7d5121ef09be696f375feac1bb47162b699de168f2b27,2023-12-16T04:47:49.725000,sent,kaspa:qzslgwenzu78t6tldlng383g7ruu4enaljmnkgaulyrscjp7ldt26x8gfxck5,171940000,
2e092aba6aa0787cb8ac6ae30eb6c6e88ec5aa8d6687c889077741a358a353ab,2023-12-12T13:33:36.095000,received,kaspa:qypswxtcrv4ssyjaswy5w9387vq73mkuyq85tl34cee6qn5uexqy0csgnafnjx7,171000000,
85b333c23d6b381f5df186dae78aa6c77ac940d951cd5d8ee72a9883c5fbe1a3,2023-11-28T18:40:25.304000,sent,kaspa:qypr5peqyw3amk5v9x3ag0e80nqjrh9zmskru903h4h6pw5n6vxh6mgpffht5q7,18000000,
242a56affd837ee67ce68ab15d03ad261e3911d34cebf460d49ca44666348a91,2023-11-28T13:08:06.100000,received,kaspa:qz6l8tgf857xsthzey5323llrrazwwjguaza9ahgna75apjuczwac56pn4plh,19000000,
