tx_id,timestamp,direction,peer_address,amount_sompi,cex_label
4347c56170f4cdf870cf9a583f7204eac62a8f279971ae5eab5cebd3e3256497,2023-12-16T04:14:46.730000,sent,kaspa:qzslgwenzu78t6tldlng383g7ruu4enaljmnkgaulyrscjp7ldt26x8gfxck5,171940000,
4347c56170f4cdf870cf9a583f7204eac62a8f279971ae5eab5cebd3e3256497,2023-12-16T04:14:46.730000,sent,kaspa:qzslgwenzu78t6tldlng383g7ruu4enaljmnkgaulyrscjp7ldt26x8gfxck5,171940000,
5fcbda7d7be30379fb0db605d52f19c45dea34852f7cc7529801d5d2acd2d762,2023-12-12T09:51:49.430000,received,kaspa:qypswxtcrv4ssyjaswy5w9387vq73mkuyq85tl34cee6qn5uexqy0csgnafnjx7,171000000,
f5bfca8d79691e4ebea9efca99a0822ee7b86ef6d3786253a3ddd2070c439d51,2023-11-28T13:58:03.194000,sent,kaspa:qyp5flspu9qunrl5evmwxj90cxxlcg7alu6nzk6ejs8nqk62cn72hlq03kcj8ad,18000000,
42760e821f759d17db04e2110fe0b87eba6738d4127f22cca909948fc1146a92,2023-11-27T20:21:44.084000,received,kaspa:qqu3y9zclllm6ldy3fkthve4f96p2xez7c28fya96vp3kh34ulnvy8fldmvve,19000000,
