tx_id,timestamp,direction,peer_address,amount_sompi,cex_label
6a49f7a656cce893ffedffc3795bdeb67cc1682509091ae18de3d62e6730e4e7,2024-04-10T12:56:55.672000,sent,kaspa:qq9zagcza4jt76eev9jl5z0nqhe0thcu7js8larktj4sle7lvgnw7sfcewlty,140090600000,
6a49f7a656cce893ffedffc3795bdeb67cc1682509091ae18de3d62e6730e4e7,2024-04-10T12:56:55.672000,sent,kaspa:qq9zagcza4jt76eev9jl5z0nqhe0thcu7js8larktj4sle7lvgnw7sfcewlty,140090600000,
59a175756282bc9fa4fd37af7cb97a15ebcea4d5dbb2137522a9676f96b3b61f,2024-04-10T12:54:48.085000,received,kaspa:qr5094p7rx5kqllwrzq7nwyz37wycpd6teahslpzkkk2zr7e40k6g03u4nyam,140086660773,
59a175756282bc9fa4fd37af7cb97a15ebcea4d5dbb2137522a9676f96b3b61f,2024-04-10T12:54:48.085000,received,kaspa:qrykjt9jmwmuwrjtqrc83cyzsmxrawahxj26l8qjq8t8jtds3q7l5rjlnltss,140086660773,
59a175756282bc9fa4fd37af7cb97a15ebcea4d5dbb2137522a9676f96b3b61f,2024-04-10T12:54:48.085000,received,kaspa:qrykjt9jmwmuwrjtqrc83cyzsmxrawahxj26l8qjq8t8jtds3q7l5rjlnltss,140086660773,
59a175756282bc9fa4fd37af7cb97a15ebcea4d5dbb2137522a9676f96b3b61f,2024-04-10T12:54:48.085000,received,kaspa:qrykjt9jmwmuwrjtqrc83cyzsmxrawahxj26l8qjq8t8jtds3q7l5rjlnltss,140086660773,
59a175756282bc9fa4fd37af7cb97a15ebcea4d5dbb2137522a9676f96b3b61f,2024-04-10T12:54:48.085000,received,kaspa:qrykjt9jmwmuwrjtqrc83cyzsmxrawahxj26l8qjq8t8jtds3q7l5rjlnltss,140086660773,
59a175756282bc9fa4fd37af7cb97a15ebcea4d5dbb2137522a9676f96b3b61f,2024-04-10T12:54:48.085000,received,kaspa:qrykjt9jmwmuwrjtqrc83cyzsmxrawahxj26l8qjq8t8jtds3q7l5rjlnltss,140086660773,
59a175756282bc9fa4fd37af7cb97a15ebcea4d5dbb2137522a9676f96b3b61f,2024-04-10T12:54:48.085000,received,kaspa:qr5094p7rx5kqllwrzq7nwyz37wycpd6teahslpzkkk2zr7e40k6g03u4nyam,140086660773,
59a175756282bc9fa4fd37af7cb97a15ebcea4d5dbb2137522a9676f96b3b61f,2024-04-10T12:54:48.085000,received,kaspa:qr5094p7rx5kqllwrzq7nwyz37wycpd6teahslpzkkk2zr7e40k6g03u4nyam,140086660773,
59a175756282bc9fa4fd37af7cb97a15ebcea4d5dbb2137522a9676f96b3b61f,2024-04-10T12:54:48.085000,received,kaspa:qrykjt9jmwmuwrjtqrc83cyzsmxrawahxj26l8qjq8t8jtds3q7l5rjlnltss,140086660773,
59a175756282bc9fa4fd37af7cb97a15ebcea4d5dbb2137522a9676f96b3b61f,2024-04-10T12:54:48.085000,received,kaspa:qrykjt9jmwmuwrjtqrc83cyzsmxrawahxj26l8qjq8t8jtds3q7l5rjlnltss,140086660773,
59a175756282bc9fa4fd37af7cb97a15ebcea4d5dbb2137522a9676f96b3b61f,2024-04-10T12:54:48.085000,received,kaspa:qrykjt9jmwmuwrjtqrc83cyzsmxrawahxj26l8qjq8t8jtds3q7l5rjlnltss,140086660773,
59a175756282bc9fa4fd37af7cb97a15ebcea4d5dbb2137522a9676f96b3b61f,2024-04-10T12:54:48.085000,received,kaspa:qr5094p7rx5kqllwrzq7nwyz37wycpd6teahslpzkkk2zr7e40k6g03u4nyam,140086660773,
59a175756282bc9fa4fd37af7cb97a15ebcea4d5dbb2137522a9676f96b3b61f,2024-04-10T12:54:48.085000,received,kaspa:qr5094p7rx5kqllwrzq7nwyz37wycpd6teahslpzkkk2zr7e40k6g03u4nyam,140086660773,
59a175756282bc9fa4fd37af7cb97a15ebcea4d5dbb2137522a9676f96b3b61f,2024-04-10T12:54:48.085000,received,kaspa:qr5094p7rx5kqllwrzq7nwyz37wycpd6teahslpzkkk2zr7e40k6g03u4nyam,140086660773,
315e9eb4d3c47a286d649516d4f752006f009f67561773d86e8cc282c14c48cd,2024-04-01T11:54:44.016000,sent,kaspa:qq9zagcza4jt76eev9jl5z0nqhe0thcu7js8larktj4sle7lvgnw7sfcewlty,80040000000,
8a80e561ef7768ef910d032bf8cc5a747d6691eb2e0b0a98af5a4d78d9d8de8d,2024-04-01T11:51:51.953000,received,kaspa:qrykjt9jmwmuwrjtqrc83cyzsmxrawahxj26l8qjq8t8jtds3q7l5rjlnltss,80044230377,
8a80e561ef7768ef910d032bf8cc5a747d6691eb2e0b0a98af5a4d78d9d8de8d,2024-04-01T11:51:51.953000,received,kaspa:qrykjt9jmwmuwrjtqrc83cyzsmxrawahxj26l8qjq8t8jtds3q7l5rjlnltss,80044230377,
8a80e561ef7768ef910d032bf8cc5a747d6691eb2e0b0a98af5a4d78d9d8de8d,2024-04-01T11:51:51.953000,received,kaspa:qr5094p7rx5kqllwrzq7nwyz37wycpd6teahslpzkkk2zr7e40k6g03u4nyam,80044230377,
8a80e561ef7768ef910d032bf8cc5a747d6691eb2e0b0a98af5a4d78d9d8de8d,2024-04-01T11:51:51.953000,received,kaspa:qr5094p7rx5kqllwrzq7nwyz37wycpd6teahslpzkkk2zr7e40k6g03u4nyam,80044230377,
8a80e561ef7768ef910d032bf8cc5a747d6691eb2e0b0a98af5a4d78d9d8de8d,2024-04-01T11:51:51.953000,received,kaspa:qrykjt9jmwmuwrjtqrc83cyzsmxrawahxj26l8qjq8t8jtds3q7l5rjlnltss,80044230377,
8a80e561ef7768ef910d032bf8cc5a747d6691eb2e0b0a98af5a4d78d9d8de8d,2024-04-01T11:51:51.953000,received,kaspa:qrykjt9jmwmuwrjtqrc83cyzsmxrawahxj26l8qjq8t8jtds3q7l5rjlnltss,80044230377,
8a80e561ef7768ef910d032bf8cc5a747d6691eb2e0b0a98af5a4d78d9d8de8d,2024-04-01T11:51:51.953000,received,kaspa:qr5094p7rx5kqllwrzq7nwyz37wycpd6teahslpzkkk2zr7e40k6g03u4nyam,80044230377,
8a80e561ef7768ef910d032bf8cc5a747d6691eb2e0b0a98af5a4d78d9d8de8d,2024-04-01T11:51:51.953000,received,kaspa:qr5094p7rx5kqllwrzq7nwyz37wycpd6teahslpzkkk2zr7e40k6g03u4nyam,80044230377,
edba2c7169c7ef75a75fc6b84c726be14bdba808da5ee94ab94d36206138b009,2024-03-28T07:55:24.585000,sent,kaspa:qq9zagcza4jt76eev9jl5z0nqhe0thcu7js8larktj4sle7lvgnw7sfcewlty,190128826413,
edba2c7169c7ef75a75fc6b84c726be14bdba808da5ee94ab94d36206138b009,2024-03-28T07:55:24.585000,sent,kaspa:qq9zagcza4jt76eev9jl5z0nqhe0thcu7js8larktj4sle7lvgnw7sfcewlty,190128826413,
89a478c5d998bfff0d3359356c57c5497137912352bd58d5c308a634b151f4df,2024-03-28T07:49:29.352000,received,kaspa:qr5094p7rx5kqllwrzq7nwyz37wycpd6teahslpzkkk2zr7e40k6g03u4nyam,190128872231,
89a478c5d998bfff0d3359356c57c5497137912352bd58d5c308a634b151f4df,2024-03-28T07:49:29.352000,received,kaspa:qrykjt9jmwmuwrjtqrc83cyzsmxrawahxj26l8qjq8t8jtds3q7l5rjlnltss,190128872231,
89a478c5d998bfff0d3359356c57c5497137912352bd58d5c308a634b151f4df,2024-03-28T07:49:29.352000,received,kaspa:qrykjt9jmwmuwrjtqrc83cyzsmxrawahxj26l8qjq8t8jtds3q7l5rjlnltss,190128872231,
89a478c5d998bfff0d3359356c57c5497137912352bd58d5c308a634b151f4df,2024-03-28T07:49:29.352000,received,kaspa:qrykjt9jmwmuwrjtqrc83cyzsmxrawahxj26l8qjq8t8jtds3q7l5rjlnltss,190128872231,
89a478c5d998bfff0d3359356c57c5497137912352bd58d5c308a634b151f4df,2024-03-28T07:49:29.352000,received,kaspa:qrykjt9jmwmuwrjtqrc83cyzsmxrawahxj26l8qjq8t8jtds3q7l5rjlnltss,190128872231,
89a478c5d998bfff0d3359356c57c5497137912352bd58d5c308a634b151f4df,2024-03-28T07:49:29.352000,received,kaspa:qr5094p7rx5kqllwrzq7nwyz37wycpd6teahslpzkkk2zr7e40k6g03u4nyam,190128872231,
89a478c5d998bfff0d3359356c57c5497137912352bd58d5c308a634b151f4df,2024-03-28T07:49:29.352000,received,kaspa:qrykjt9jmwmuwrjtqrc83cyzsmxrawahxj26l8qjq8t8jtds3q7l5rjlnltss,190128872231,
89a478c5d998bfff0d3359356c57c5497137912352bd58d5c308a634b151f4df,2024-03-28T07:49:29.352000,received,kaspa:qr5094p7rx5kqllwrzq7nwyz37wycpd6teahslpzkkk2zr7e40k6g03u4nyam,190128872231,
89a478c5d998bfff0d3359356c57c5497137912352bd58d5c308a634b151f4df,2024-03-28T07:49:29.352000,received,kaspa:qrykjt9jmwmuwrjtqrc83cyzsmxrawahxj26l8qjq8t8jtds3q7l5rjlnltss,190128872231,
89a478c5d998bfff0d3359356c57c5497137912352bd58d5c308a634b151f4df,2024-03-28T07:49:29.352000,received,kaspa:qr5094p7rx5kqllwrzq7nwyz37wycpd6teahslpzkkk2zr7e40k6g03u4nyam,190128872231,
89a478c5d998bfff0d3359356c57c5497137912352bd58d5c308a634b151f4df,2024-03-28T07:49:29.352000,received,kaspa:qr5094p7rx5kqllwrzq7nwyz37wycpd6teahslpzkkk2zr7e40k6g03u4nyam,190128872231,
89a478c5d998bfff0d3359356c57c5497137912352bd58d5c308a634b151f4df,2024-03-28T07:49:29.352000,received,kaspa:qr5094p7rx5kqllwrzq7nwyz37wycpd6teahslpzkkk2zr7e40k6g03u4nyam,190128872231,
89a478c5d998bfff0d3359356c57c5497137912352bd58d5c308a634b151f4df,2024-03-28T07:49:29.352000,received,kaspa:qr5094p7rx5kqllwrzq7nwyz37wycpd6teahslpzkkk2zr7e40k6g03u4nyam,190128872231,
89a478c5d998bfff0d3359356c57c5497137912352bd58d5c308a634b151f4df,2024-03-28T07:49:29.352000,received,kaspa:qrykjt9jmwmuwrjtqrc83cyzsmxrawahxj26l8qjq8t8jtds3q7l5rjlnltss,190128872231,
89a478c5d998bfff0d3359356c57c5497137912352bd58d5c308a634b151f4df,2024-03-28T07:49:29.352000,received,kaspa:qrykjt9jmwmuwrjtqrc83cyzsmxrawahxj26l8qjq8t8jtds3q7l5rjlnltss,190128872231,
89a478c5d998bfff0d3359356c57c5497137912352bd58d5c308a634b151f4df,2024-03-28T07:49:29.352000,received,kaspa:qrykjt9jmwmuwrjtqrc83cyzsmxrawahxj26l8qjq8t8jtds3q7l5rjlnltss,190128872231,
89a478c5d998bfff0d3359356c57c5497137912352bd58d5c308a634b151f4df,2024-03-28T07:49:29.352000,received,kaspa:qr5094p7rx5kqllwrzq7nwyz37wycpd6teahslpzkkk2zr7e40k6g03u4nyam,190128872231,
89a478c5d998bfff0d3359356c57c5497137912352bd58d5c308a634b151f4df,2024-03-28T07:49:29.352000,received,kaspa:qrykjt9jmwmuwrjtqrc83cyzsmxrawahxj26l8qjq8t8jtds3q7l5rjlnltss,190128872231,
89a478c5d998bfff0d3359356c57c5497137912352bd58d5c308a634b151f4df,2024-03-28T07:49:29.352000,received,kaspa:qrykjt9jmwmuwrjtqrc83cyzsmxrawahxj26l8qjq8t8jtds3q7l5rjlnltss,190128872231,
cc181887ab7a769d0ed5933e7c52e394264fa89a0374414bd5fb1c492b17b301,2024-03-16T16:44:01.831000,sent,kaspa:qq9zagcza4jt76eev9jl5z0nqhe0thcu7js8larktj4sle7lvgnw7sfcewlty,30063400000,
cc181887ab7a769d0ed5933e7c52e394264fa89a0374414bd5fb1c492b17b301,2024-03-16T16:44:01.831000,sent,kaspa:qq9zagcza4jt76eev9jl5z0nqhe0thcu7js8larktj4sle7lvgnw7sfcewlty,30063400000,
a7c2d3d135a30af6b78157651ab4aae478284f7e0c003fa7a90aaf31b90df30e,2024-03-16T16:40:33.128000,received,kaspa:qrykjt9jmwmuwrjtqrc83cyzsmxrawahxj26l8qjq8t8jtds3q7l5rjlnltss,30063467686,
a7c2d3d135a30af6b78157651ab4aae478284f7e0c003fa7a90aaf31b90df30e,2024-03-16T16:40:33.128000,received,kaspa:qrykjt9jmwmuwrjtqrc83cyzsmxrawahxj26l8qjq8t8jtds3q7l5rjlnltss,30063467686,
a7c2d3d135a30af6b78157651ab4aae478284f7e0c003fa7a90aaf31b90df30e,2024-03-16T16:40:33.128000,received,kaspa:qrykjt9jmwmuwrjtqrc83cyzsmxrawahxj26l8qjq8t8jtds3q7l5rjlnltss,30063467686,
01ca9401feccf2a1e55ec2e05bb6e23b68cff883367e624141b6c3f70dbc61ae,2024-03-16T10:41:09.697000,sent,kaspa:qq9zagcza4jt76eev9jl5z0nqhe0thcu7js8larktj4sle7lvgnw7sfcewlty,28904000000,
01ca9401feccf2a1e55ec2e05bb6e23b68cff883367e624141b6c3f70dbc61ae,2024-03-16T10:41:09.697000,sent,kaspa:qq9zagcza4jt76eev9jl5z0nqhe0thcu7js8larktj4sle7lvgnw7sfcewlty,28904000000,
01ca9401feccf2a1e55ec2e05bb6e23b68cff883367e624141b6c3f70dbc61ae,2024-03-16T10:41:09.697000,sent,kaspa:qq9zagcza4jt76eev9jl5z0nqhe0thcu7js8larktj4sle7lvgnw7sfcewlty,28904000000,
01ca9401feccf2a1e55ec2e05bb6e23b68cff883367e624141b6c3f70dbc61ae,2024-03-16T10:41:09.697000,sent,kaspa:qq9zagcza4jt76eev9jl5z0nqhe0thcu7js8larktj4sle7lvgnw7sfcewlty,28904000000,
01ca9401feccf2a1e55ec2e05bb6e23b68cff883367e624141b6c3f70dbc61ae,2024-03-16T10:41:09.697000,sent,kaspa:qq9zagcza4jt76eev9jl5z0nqhe0thcu7js8larktj4sle7lvgnw7sfcewlty,28904000000,
01ca9401feccf2a1e55ec2e05bb6e23b68cff883367e624141b6c3f70dbc61ae,2024-03-16T10:41:09.697000,sent,kaspa:qq9zagcza4jt76eev9jl5z0nqhe0thcu7js8larktj4sle7lvgnw7sfcewlty,28904000000,
01ca9401feccf2a1e55ec2e05bb6e23b68cff883367e624141b6c3f70dbc61ae,2024-03-16T10:41:09.697000,sent,kaspa:qq9zagcza4jt76eev9jl5z0nqhe0thcu7js8larktj4sle7lvgnw7sfcewlty,28904000000,
99f0101b06622c04ae6ca68ca1cf0ce487a10ca3e1f5a70d2c6a111b448d70ec,2024-03-14T12:06:15.969000,received,kaspa:qq3wrlkeustmu5uuh6r3mrmkly88x3mg4wajc7ktxmqfnqptkfxaqgu47jq8n,3624807541,
51bfeeaeb44a5987eb0f8d4c8559c2234a1fdcd4b1f322559337313ddcdbb160,2024-03-14T01:04:28.527000,received,kaspa:qq3wrlkeustmu5uuh6r3mrmkly88x3mg4wajc7ktxmqfnqptkfxaqgu47jq8n,3710860789,
1e5fd3df4ee87882c545910618cf50686d0d522a7fec05a912d3c4cc2fd2d1bc,2024-03-13T14:37:18.134000,received,kaspa:qrykjt9jmwmuwrjtqrc83cyzsmxrawahxj26l8qjq8t8jtds3q7l5rjlnltss,10011769334,
dbd37efcb0e4c206773849163fba94a98e1dbef2e6eb45f883192e5a699d6c69,2024-03-13T14:16:46.829000,received,kaspa:qq3wrlkeustmu5uuh6r3mrmkly88x3mg4wajc7ktxmqfnqptkfxaqgu47jq8n,4227380191,
87dbd214652e274ef401bbc59eef8c0ada57fb816c61265d4ab7741174c3f81d,2024-03-13T02:48:28.290000,received,kaspa:qq3wrlkeustmu5uuh6r3mrmkly88x3mg4wajc7ktxmqfnqptkfxaqgu47jq8n,3476165480,
a1ea9f62f8123c8f2e286b27ec9e4a628fa8aed975ce6065aef082ce5b29e7b7,2024-03-12T17:24:52.417000,received,kaspa:qq3wrlkeustmu5uuh6r3mrmkly88x3mg4wajc7ktxmqfnqptkfxaqgu47jq8n,3853032711,
e51b2e055e93ec3ec1fa9520613af858bfb1d3e92136f39fc102f3c19fbc6a3f,2024-03-12T14:36:33.157000,sent,kaspa:qq9zagcza4jt76eev9jl5z0nqhe0thcu7js8larktj4sle7lvgnw7sfcewlty,3886000000,
e51b2e055e93ec3ec1fa9520613af858bfb1d3e92136f39fc102f3c19fbc6a3f,2024-03-12T14:36:33.157000,sent,kaspa:qq9zagcza4jt76eev9jl5z0nqhe0thcu7js8larktj4sle7lvgnw7sfcewlty,3886000000,
06f09cb1673c807fd1c76891576fd8dac3f886d6a09a4845af3f627f3d2295e9,2024-03-12T06:26:34.560000,received,kaspa:qq3wrlkeustmu5uuh6r3mrmkly88x3mg4wajc7ktxmqfnqptkfxaqgu47jq8n,3886241551,
4df7e45e972d25413e9b994771e6613531a22ba8882f2c0be5b021d1b1404cea,2024-03-10T18:34:43.473000,sent,kaspa:qq9zagcza4jt76eev9jl5z0nqhe0thcu7js8larktj4sle7lvgnw7sfcewlty,12415000000,
4df7e45e972d25413e9b994771e6613531a22ba8882f2c0be5b021d1b1404cea,2024-03-10T18:34:43.473000,sent,kaspa:qq9zagcza4jt76eev9jl5z0nqhe0thcu7js8larktj4sle7lvgnw7sfcewlty,12415000000,
4df7e45e972d25413e9b994771e6613531a22ba8882f2c0be5b021d1b1404cea,2024-03-10T18:34:43.473000,sent,kaspa:qq9zagcza4jt76eev9jl5z0nqhe0thcu7js8larktj4sle7lvgnw7sfcewlty,12415000000,
4df7e45e972d25413e9b994771e6613531a22ba8882f2c0be5b021d1b1404cea,2024-03-10T18:34:43.473000,sent,kaspa:qq9zagcza4jt76eev9jl5z0nqhe0thcu7js8larktj4sle7lvgnw7sfcewlty,12415000000,
0a63b9f900408a25d02e02c6d21b119f9d8b63d13c5568546797a2a7e0bec65f,2024-03-10T06:51:14.180000,received,kaspa:qq3wrlkeustmu5uuh6r3mrmkly88x3mg4wajc7ktxmqfnqptkfxaqgu47jq8n,4323045146,
482bbb6bc81d397ae33530fd317066147bcc180c4c5d922c0f5e1e4dd2037f15,2024-03-09T19:32:05.461000,received,kaspa:qq3wrlkeustmu5uuh6r3mrmkly88x3mg4wajc7ktxmqfnqptkfxaqgu47jq8n,4318633436,
4e6e3a56bf696e48d79a87c4acc66b91027e425af9409457ea5b32516e215384,2024-03-09T09:40:23.020000,received,kaspa:qq3wrlkeustmu5uuh6r3mrmkly88x3mg4wajc7ktxmqfnqptkfxaqgu47jq8n,3773448885,
2f39cf5e511810f46da32d5547d81a48201c0c8d590092c346234bc1606f0edd,2024-03-08T23:25:01.856000,sent,kaspa:qq9zagcza4jt76eev9jl5z0nqhe0thcu7js8larktj4sle7lvgnw7sfcewlty,3739130000,
2f39cf5e511810f46da32d5547d81a48201c0c8d590092c346234bc1606f0edd,2024-03-08T23:25:01.856000,sent,kaspa:qq9zagcza4jt76eev9jl5z0nqhe0thcu7js8larktj4sle7lvgnw7sfcewlty,3739130000,
c3cf0788c3024ccb84cf27fc065ca0ba42fa15a6fc3ce017eca29e65e88e9c8b,2024-03-08T23:11:00.769000,received,kaspa:qq3wrlkeustmu5uuh6r3mrmkly88x3mg4wajc7ktxmqfnqptkfxaqgu47jq8n,3739225712,
d1e009985711d4333967b5df0d743d527c7513cfb43465ae8f1a0f54fbc1c1b3,2024-03-08T15:49:53.654000,sent,kaspa:qqhvg5047qvp60emashpwn2slcgncv5sw3ejfpxtjh266y6d009227rqey428,74202910000,
d1e009985711d4333967b5df0d743d527c7513cfb43465ae8f1a0f54fbc1c1b3,2024-03-08T15:49:53.654000,sent,kaspa:qqhvg5047qvp60emashpwn2slcgncv5sw3ejfpxtjh266y6d009227rqey428,74202910000,
d1e009985711d4333967b5df0d743d527c7513cfb43465ae8f1a0f54fbc1c1b3,2024-03-08T15:49:53.654000,sent,kaspa:qqhvg5047qvp60emashpwn2slcgncv5sw3ejfpxtjh266y6d009227rqey428,74202910000,
d1e009985711d4333967b5df0d743d527c7513cfb43465ae8f1a0f54fbc1c1b3,2024-03-08T15:49:53.654000,sent,kaspa:qqhvg5047qvp60emashpwn2slcgncv5sw3ejfpxtjh266y6d009227rqey428,74202910000,
d1e009985711d4333967b5df0d743d527c7513cfb43465ae8f1a0f54fbc1c1b3,2024-03-08T15:49:53.654000,sent,kaspa:qqhvg5047qvp60emashpwn2slcgncv5sw3ejfpxtjh266y6d009227rqey428,74202910000,
d1e009985711d4333967b5df0d743d527c7513cfb43465ae8f1a0f54fbc1c1b3,2024-03-08T15:49:53.654000,sent,kaspa:qqhvg5047qvp60emashpwn2slcgncv5sw3ejfpxtjh266y6d009227rqey428,74202910000,
d1e009985711d4333967b5df0d743d527c7513cfb43465ae8f1a0f54fbc1c1b3,2024-03-08T15:49:53.654000,sent,kaspa:qqhvg5047qvp60emashpwn2slcgncv5sw3ejfpxtjh266y6d009227rqey428,74202910000,
d1e009985711d4333967b5df0d743d527c7513cfb43465ae8f1a0f54fbc1c1b3,2024-03-08T15:49:53.654000,sent,kaspa:qqhvg5047qvp60emashpwn2slcgncv5sw3ejfpxtjh266y6d009227rqey428,74202910000,
d1e009985711d4333967b5df0d743d527c7513cfb43465ae8f1a0f54fbc1c1b3,2024-03-08T15:49:53.654000,sent,kaspa:qqhvg5047qvp60emashpwn2slcgncv5sw3ejfpxtjh266y6d009227rqey428,74202910000,
d1e009985711d4333967b5df0d743d527c7513cfb43465ae8f1a0f54fbc1c1b3,2024-03-08T15:49:53.654000,sent,kaspa:qqhvg5047qvp60emashpwn2slcgncv5sw3ejfpxtjh266y6d009227rqey428,74202910000,
d1e009985711d4333967b5df0d743d527c7513cfb43465ae8f1a0f54fbc1c1b3,2024-03-08T15:49:53.654000,sent,kaspa:qqhvg5047qvp60emashpwn2slcgncv5sw3ejfpxtjh266y6d009227rqey428,74202910000,
d1e009985711d4333967b5df0d743d527c7513cfb43465ae8f1a0f54fbc1c1b3,2024-03-08T15:49:53.654000,sent,kaspa:qqhvg5047qvp60emashpwn2slcgncv5sw3ejfpxtjh266y6d009227rqey428,74202910000,
d1e009985711d4333967b5df0d743d527c7513cfb43465ae8f1a0f54fbc1c1b3,2024-03-08T15:49:53.654000,sent,kaspa:qqhvg5047qvp60emashpwn2slcgncv5sw3ejfpxtjh266y6d009227rqey428,74202910000,
d1e009985711d4333967b5df0d743d527c7513cfb43465ae8f1a0f54fbc1c1b3,2024-03-08T15:49:53.654000,sent,kaspa:qqhvg5047qvp60emashpwn2slcgncv5sw3ejfpxtjh266y6d009227rqey428,74202910000,
d1e009985711d4333967b5df0d743d527c7513cfb43465ae8f1a0f54fbc1c1b3,2024-03-08T15:49:53.654000,sent,kaspa:qqhvg5047qvp60emashpwn2slcgncv5sw3ejfpxtjh266y6d009227rqey428,74202910000,
d1e009985711d4333967b5df0d743d527c7513cfb43465ae8f1a0f54fbc1c1b3,2024-03-08T15:49:53.654000,sent,kaspa:qqhvg5047qvp60emashpwn2slcgncv5sw3ejfpxtjh266y6d009227rqey428,74202910000,
d1e009985711d4333967b5df0d743d527c7513cfb43465ae8f1a0f54fbc1c1b3,2024-03-08T15:49:53.654000,sent,kaspa:qqhvg5047qvp60emashpwn2slcgncv5sw3ejfpxtjh266y6d009227rqey428,74202910000,
d1e009985711d4333967b5df0d743d527c7513cfb43465ae8f1a0f54fbc1c1b3,2024-03-08T15:49:53.654000,sent,kaspa:qqhvg5047qvp60emashpwn2slcgncv5sw3ejfpxtjh266y6d009227rqey428,74202910000,
d1e009985711d4333967b5df0d743d527c7513cfb43465ae8f1a0f54fbc1c1b3,2024-03-08T15:49:53.654000,sent,kaspa:qqhvg5047qvp60emashpwn2slcgncv5sw3ejfpxtjh266y6d009227rqey428,74202910000,
a0493546329dd71bcf37061193bade4798942e6e870c63ee5d4b996325ec347c,2024-03-08T13:04:44.502000,received,kaspa:qq3wrlkeustmu5uuh6r3mrmkly88x3mg4wajc7ktxmqfnqptkfxaqgu47jq8n,3815739241,
5492fbb6a6b32bb987e9152d4bcb148f33dbbe27956d4621ea96ecec1c0e8546,2024-03-08T07:13:57.441000,received,kaspa:qq3wrlkeustmu5uuh6r3mrmkly88x3mg4wajc7ktxmqfnqptkfxaqgu47jq8n,3601334915,
2ad4be1c03c1d1f2e95962fd63d130340f076a0f6f234ed10b032c12c4672727,2024-03-08T02:31:30.190000,received,kaspa:qq3wrlkeustmu5uuh6r3mrmkly88x3mg4wajc7ktxmqfnqptkfxaqgu47jq8n,4206587602,
7e7dc368f0ded561b087a2fff6cc76e9bb10ace0da7b220200be8677bcca1b07,2024-03-07T20:53:26.781000,received,kaspa:qq3wrlkeustmu5uuh6r3mrmkly88x3mg4wajc7ktxmqfnqptkfxaqgu47jq8n,4108829027,
f68233e4ed2bddf2b0f91972826f4b0666abe2487af875f10ad74f2f43393d08,2024-03-07T15:30:04.357000,received,kaspa:qq3wrlkeustmu5uuh6r3mrmkly88x3mg4wajc7ktxmqfnqptkfxaqgu47jq8n,4023470376,
a27a5cb491a4ffbe19377c0e071d3302c5fbb8875465f5c09115ce1661f55fc0,2024-03-07T10:07:08.862000,received,kaspa:qq3wrlkeustmu5uuh6r3mrmkly88x3mg4wajc7ktxmqfnqptkfxaqgu47jq8n,3734167939,
863362f2030299035634fd9f91d71764d5ff5661dc45743c4b23efbba3f3e077,2024-03-07T05:17:41.524000,received,kaspa:qq3wrlkeustmu5uuh6r3mrmkly88x3mg4wajc7ktxmqfnqptkfxaqgu47jq8n,4023236331,
c0dbce18253f1e4548ff8f61dc2685b0cab30dc9935bef7a05f5a45d64d1e655,2024-03-07T00:17:38.920000,received,kaspa:qq3wrlkeustmu5uuh6r3mrmkly88x3mg4wajc7ktxmqfnqptkfxaqgu47jq8n,5954935273,
22e110f60e66f732fb5383e1964a55eb062526a3426adba295f3deb531da62ec,2024-03-06T12:45:20.200000,received,kaspa:qq3wrlkeustmu5uuh6r3mrmkly88x3mg4wajc7ktxmqfnqptkfxaqgu47jq8n,3716326528,
0932911687ff4ea2f193f537058c56cdbc5340e8362406bffa41e5cb55f2ee39,2024-03-06T07:50:27.526000,received,kaspa:qq3wrlkeustmu5uuh6r3mrmkly88x3mg4wajc7ktxmqfnqptkfxaqgu47jq8n,3614147354,
22b93a5917287928a2d5166815e1d17def28a0b304ab9ddcf4babe8cb441e349,2024-03-06T03:04:57.678000,received,kaspa:qq3wrlkeustmu5uuh6r3mrmkly88x3mg4wajc7ktxmqfnqptkfxaqgu47jq8n,4460971246,
deb4f4b540d475e376be27f35db495a39039d91937d8b61967d47a924dda6b50,2024-03-05T21:25:57.959000,received,kaspa:qq3wrlkeustmu5uuh6r3mrmkly88x3mg4wajc7ktxmqfnqptkfxaqgu47jq8n,4544959182,
2d0163b6bf774bc7db78dc8d3a9d42c8d963282dda81ab243bcabf22c44b0122,2024-03-05T15:33:34.728000,received,kaspa:qq3wrlkeustmu5uuh6r3mrmkly88x3mg4wajc7ktxmqfnqptkfxaqgu47jq8n,3978752329,
bb73dd9525362d4c0436125b58c82d5bfa21c832a5fd625514e65e381cb721c4,2024-03-05T10:38:05.329000,received,kaspa:qq3wrlkeustmu5uuh6r3mrmkly88x3mg4wajc7ktxmqfnqptkfxaqgu47jq8n,4732140461,
0ad39ba3c0ce04905cbbaf7a86b4b3059a81d6cedff601af122f070456493a21,2024-03-05T04:41:58.569000,received,kaspa:qq3wrlkeustmu5uuh6r3mrmkly88x3mg4wajc7ktxmqfnqptkfxaqgu47jq8n,4420034609,
429998dd85ba087891c97a7d0624adc5c647f3f95bc40e5ee9eeedb3a1edb66a,2024-03-04T23:16:27.896000,received,kaspa:qq3wrlkeustmu5uuh6r3mrmkly88x3mg4wajc7ktxmqfnqptkfxaqgu47jq8n,4052742077,
fed70f6d4765e4a67599352f998f0bb34d4d1a1c73841a931c4226a4284c6cca,2024-03-04T17:56:57.345000,received,kaspa:qq3wrlkeustmu5uuh6r3mrmkly88x3mg4wajc7ktxmqfnqptkfxaqgu47jq8n,4181126043,
574c21ca976f41587e88a07f5dbf75130e86f764ded4cf5a8cd51feb27c9a916,2024-03-04T12:29:56.568000,received,kaspa:qq3wrlkeustmu5uuh6r3mrmkly88x3mg4wajc7ktxmqfnqptkfxaqgu47jq8n,3033510316,
97ec2236442546df04d4dad8731515a28982e35a38d1a3cf39f0298bbd480464,2024-03-04T11:30:48.523000,sent,kaspa:qq9zagcza4jt76eev9jl5z0nqhe0thcu7js8larktj4sle7lvgnw7sfcewlty,45131800000,
97ec2236442546df04d4dad8731515a28982e35a38d1a3cf39f0298bbd480464,2024-03-04T11:30:48.523000,sent,kaspa:qq9zagcza4jt76eev9jl5z0nqhe0thcu7js8larktj4sle7lvgnw7sfcewlty,45131800000,
97ec2236442546df04d4dad8731515a28982e35a38d1a3cf39f0298bbd480464,2024-03-04T11:30:48.523000,sent,kaspa:qq9zagcza4jt76eev9jl5z0nqhe0thcu7js8larktj4sle7lvgnw7sfcewlty,45131800000,
97ec2236442546df04d4dad8731515a28982e35a38d1a3cf39f0298bbd480464,2024-03-04T11:30:48.523000,sent,kaspa:qq9zagcza4jt76eev9jl5z0nqhe0thcu7js8larktj4sle7lvgnw7sfcewlty,45131800000,
97ec2236442546df04d4dad8731515a28982e35a38d1a3cf39f0298bbd480464,2024-03-04T11:30:48.523000,sent,kaspa:qq9zagcza4jt76eev9jl5z0nqhe0thcu7js8larktj4sle7lvgnw7sfcewlty,45131800000,
97ec2236442546df04d4dad8731515a28982e35a38d1a3cf39f0298bbd480464,2024-03-04T11:30:48.523000,sent,kaspa:qq9zagcza4jt76eev9jl5z0nqhe0thcu7js8larktj4sle7lvgnw7sfcewlty,45131800000,
97ec2236442546df04d4dad8731515a28982e35a38d1a3cf39f0298bbd480464,2024-03-04T11:30:48.523000,sent,kaspa:qq9zagcza4jt76eev9jl5z0nqhe0thcu7js8larktj4sle7lvgnw7sfcewlty,45131800000,
97ec2236442546df04d4dad8731515a28982e35a38d1a3cf39f0298bbd480464,2024-03-04T11:30:48.523000,sent,kaspa:qq9zagcza4jt76eev9jl5z0nqhe0thcu7js8larktj4sle7lvgnw7sfcewlty,45131800000,
97ec2236442546df04d4dad8731515a28982e35a38d1a3cf39f0298bbd480464,2024-03-04T11:30:48.523000,sent,kaspa:qq9zagcza4jt76eev9jl5z0nqhe0thcu7js8larktj4sle7lvgnw7sfcewlty,45131800000,
97ec2236442546df04d4dad8731515a28982e35a38d1a3cf39f0298bbd480464,2024-03-04T11:30:48.523000,sent,kaspa:qq9zagcza4jt76eev9jl5z0nqhe0thcu7js8larktj4sle7lvgnw7sfcewlty,45131800000,
97ec2236442546df04d4dad8731515a28982e35a38d1a3cf39f0298bbd480464,2024-03-04T11:30:48.523000,sent,kaspa:qq9zagcza4jt76eev9jl5z0nqhe0thcu7js8larktj4sle7lvgnw7sfcewlty,45131800000,
97ec2236442546df04d4dad8731515a28982e35a38d1a3cf39f0298bbd480464,2024-03-04T11:30:48.523000,sent,kaspa:qq9zagcza4jt76eev9jl5z0nqhe0thcu7js8larktj4sle7lvgnw7sfcewlty,45131800000,
9eed37d89120401d1736963414088b41a201ca3083229727ff6779cdb7c742ee,2024-03-04T08:27:28.609000,received,kaspa:qq3wrlkeustmu5uuh6r3mrmkly88x3mg4wajc7ktxmqfnqptkfxaqgu47jq8n,4984939881,
32765942a0ae2b6f2e6be18fac9228a12e7ea217abe9fe9c919139194f55307f,2024-03-04T02:19:19.762000,received,kaspa:qq3wrlkeustmu5uuh6r3mrmkly88x3mg4wajc7ktxmqfnqptkfxaqgu47jq8n,4143054964,
7410f55d8196b0043382660124794cdae1b2c6233a04207baf1e88c4124b493e,2024-03-03T20:57:39.103000,received,kaspa:qq3wrlkeustmu5uuh6r3mrmkly88x3mg4wajc7ktxmqfnqptkfxaqgu47jq8n,3402208348,
163bb48f67fc2dc84f8722af4af213cf02d2cb65037f20842c31a4949a3d04cd,2024-03-03T16:18:14.419000,received,kaspa:qq3wrlkeustmu5uuh6r3mrmkly88x3mg4wajc7ktxmqfnqptkfxaqgu47jq8n,3903463484,
20fe59fdd15d5124df060ce4cd63f7cb62c4fd832ab9c4c67065894e03f3bf9d,2024-03-03T11:12:25.705000,received,kaspa:qq3wrlkeustmu5uuh6r3mrmkly88x3mg4wajc7ktxmqfnqptkfxaqgu47jq8n,4657631008,
a3c774329f929d035033c4d5ccd55e81e3ad62b0bb0abe30fbd4aaa9c879a7d7,2024-03-03T05:33:37.235000,received,kaspa:qq3wrlkeustmu5uuh6r3mrmkly88x3mg4wajc7ktxmqfnqptkfxaqgu47jq8n,4658588063,
a4139e65ec15ec0efb00eaa5dd618ca4c99b2f51f07631656f5d39a02348f84c,2024-03-03T00:00:41.970000,received,kaspa:qq3wrlkeustmu5uuh6r3mrmkly88x3mg4wajc7ktxmqfnqptkfxaqgu47jq8n,3758152235,
904fd9912a0c13e0c3cabe190eceb2e5835a9965b68acbb8125219d4cb3de79f,2024-03-02T19:13:39.222000,received,kaspa:qq3wrlkeustmu5uuh6r3mrmkly88x3mg4wajc7ktxmqfnqptkfxaqgu47jq8n,3912007507,
a40b96603ec36a01a2c340a6aed0bc4f456eb64322125fa7db4a8fec259e3509,2024-03-02T13:57:34.144000,received,kaspa:qq3wrlkeustmu5uuh6r3mrmkly88x3mg4wajc7ktxmqfnqptkfxaqgu47jq8n,3773215888,
51b6c142a4e3c63b463c67ef252066d8333b74b9da668956ac6bb718947f29f1,2024-03-02T09:03:39.794000,received,kaspa:qq3wrlkeustmu5uuh6r3mrmkly88x3mg4wajc7ktxmqfnqptkfxaqgu47jq8n,4001974207,
7d238c7443cf11d09bb4d78f63f6930f299c9999c8cd54efab7b20eb1d803c6a,2024-03-02T04:00:43.204000,received,kaspa:qq3wrlkeustmu5uuh6r3mrmkly88x3mg4wajc7ktxmqfnqptkfxaqgu47jq8n,3936625691,
e3454359c7d89c9f4bdbb9978699dc0af8fe1a7d4b47508730236242da18cc7d,2024-03-01T23:15:50.858000,sent,kaspa:qq9zagcza4jt76eev9jl5z0nqhe0thcu7js8larktj4sle7lvgnw7sfcewlty,6593000000,
e3454359c7d89c9f4bdbb9978699dc0af8fe1a7d4b47508730236242da18cc7d,2024-03-01T23:15:50.858000,sent,kaspa:qq9zagcza4jt76eev9jl5z0nqhe0thcu7js8larktj4sle7lvgnw7sfcewlty,6593000000,
71b713dfa9cd7bb54ca22028810304fdf7419f47bb01149e1679d655be22e5e6,2024-03-01T22:43:54.090000,received,kaspa:qq3wrlkeustmu5uuh6r3mrmkly88x3mg4wajc7ktxmqfnqptkfxaqgu47jq8n,6593072625,
d1f10f55e510f4b43498e9b0bf07ea84e7c427f42a5beee818b4c399118d8416,2024-03-01T12:07:25.199000,sent,kaspa:qq9zagcza4jt76eev9jl5z0nqhe0thcu7js8larktj4sle7lvgnw7sfcewlty,6224400000,
d1f10f55e510f4b43498e9b0bf07ea84e7c427f42a5beee818b4c399118d8416,2024-03-01T12:07:25.199000,sent,kaspa:qq9zagcza4jt76eev9jl5z0nqhe0thcu7js8larktj4sle7lvgnw7sfcewlty,6224400000,
9c5af3719841d4ddb647e68f405c4a6f281c5dfeb5d1548e77aca674c0f9d4f1,2024-03-01T11:59:21.040000,received,kaspa:qq3wrlkeustmu5uuh6r3mrmkly88x3mg4wajc7ktxmqfnqptkfxaqgu47jq8n,6153746030,
3269e9ff817c6f70750a3e2d98d74ee63ae44a4a517286666b930d4e36d1fcdf,2024-03-01T06:54:05.932000,sent,kaspa:qq9zagcza4jt76eev9jl5z0nqhe0thcu7js8larktj4sle7lvgnw7sfcewlty,5800000000,
3269e9ff817c6f70750a3e2d98d74ee63ae44a4a517286666b930d4e36d1fcdf,2024-03-01T06:54:05.932000,sent,kaspa:qq9zagcza4jt76eev9jl5z0nqhe0thcu7js8larktj4sle7lvgnw7sfcewlty,5800000000,
f1b35c419adcdbd7ed4983d12e5e8dd067a339e096cf2b6d18638f7cc7bc3c19,2024-03-01T01:37:48.978000,received,kaspa:qq3wrlkeustmu5uuh6r3mrmkly88x3mg4wajc7ktxmqfnqptkfxaqgu47jq8n,5870274437,
d1c10298fddddbb7c04f06eaf0cc445bd75cfacdf2f23ce5d3f9edee13dea82d,2024-02-29T23:16:06.271000,sent,kaspa:qq9zagcza4jt76eev9jl5z0nqhe0thcu7js8larktj4sle7lvgnw7sfcewlty,12379000000,
d1c10298fddddbb7c04f06eaf0cc445bd75cfacdf2f23ce5d3f9edee13dea82d,2024-02-29T23:16:06.271000,sent,kaspa:qq9zagcza4jt76eev9jl5z0nqhe0thcu7js8larktj4sle7lvgnw7sfcewlty,12379000000,
d4db5799c5c39b788e6bd205a7aae847a5cbbe2536e9fff96ceb5cb6803c50c2,2024-02-29T15:37:16.713000,received,kaspa:qq3wrlkeustmu5uuh6r3mrmkly88x3mg4wajc7ktxmqfnqptkfxaqgu47jq8n,6417735670,
2adb0de5dc340a3d0ae16ca93b985b599309fc44a46b4e52d1af037de9cb65c2,2024-02-29T07:22:10.321000,sent,kaspa:qq9zagcza4jt76eev9jl5z0nqhe0thcu7js8larktj4sle7lvgnw7sfcewlty,30390172216,
2adb0de5dc340a3d0ae16ca93b985b599309fc44a46b4e52d1af037de9cb65c2,2024-02-29T07:22:10.321000,sent,kaspa:qq9zagcza4jt76eev9jl5z0nqhe0thcu7js8larktj4sle7lvgnw7sfcewlty,30390172216,
2adb0de5dc340a3d0ae16ca93b985b599309fc44a46b4e52d1af037de9cb65c2,2024-02-29T07:22:10.321000,sent,kaspa:qq9zagcza4jt76eev9jl5z0nqhe0thcu7js8larktj4sle7lvgnw7sfcewlty,30390172216,
2adb0de5dc340a3d0ae16ca93b985b599309fc44a46b4e52d1af037de9cb65c2,2024-02-29T07:22:10.321000,sent,kaspa:qq9zagcza4jt76eev9jl5z0nqhe0thcu7js8larktj4sle7lvgnw7sfcewlty,30390172216,
2970ab5b42b0a01afa35c47fa8eecc63845e6621ab08036648aacd2511644983,2024-02-29T04:37:22.716000,received,kaspa:qq3wrlkeustmu5uuh6r3mrmkly88x3mg4wajc7ktxmqfnqptkfxaqgu47jq8n,5962114833,
e67f31d744573bb4babbc248107b0a367467f3e5465acb7773dea277701e1b4c,2024-02-28T18:17:20.150000,received,kaspa:qq3wrlkeustmu5uuh6r3mrmkly88x3mg4wajc7ktxmqfnqptkfxaqgu47jq8n,5890921340,
2a09236ef75fb15d2d3e6ccbb0062b71a384a30841852e0a6b6e962c9fbee538,2024-02-28T14:36:04.990000,received,kaspa:qz3vn4m5ma0ncsmzyds9zrsdhlfgdenxp7d033gpp69le5wyxg2j7q20qvqtj,24498446577,
57bc1ed491ca8c5bb77d64d3111a330a91f61b1289473cd484d738425374331f,2024-02-25T22:47:47.010000,sent,kaspa:qqxmh2me3tlkvgkeum2msp4sqanhgx3y9fjdesezt4nf83w46l356flge9wa2,12040000000,
57bc1ed491ca8c5bb77d64d3111a330a91f61b1289473cd484d738425374331f,2024-02-25T22:47:47.010000,sent,kaspa:qqxmh2me3tlkvgkeum2msp4sqanhgx3y9fjdesezt4nf83w46l356flge9wa2,12040000000,
57bc1ed491ca8c5bb77d64d3111a330a91f61b1289473cd484d738425374331f,2024-02-25T22:47:47.010000,sent,kaspa:qqxmh2me3tlkvgkeum2msp4sqanhgx3y9fjdesezt4nf83w46l356flge9wa2,12040000000,
97f384fab5ef6fcb0abfe8e08fa2d44df560f4d4302bb6ffc55463906a661c73,2024-02-25T14:16:13.731000,received,kaspa:qq3wrlkeustmu5uuh6r3mrmkly88x3mg4wajc7ktxmqfnqptkfxaqgu47jq8n,5932336205,
e2b8971fb17ef4e2e5567dfbc01fd60de7442bad6fd6c4ef93071726a82c1674,2024-02-25T04:14:03.460000,received,kaspa:qq3wrlkeustmu5uuh6r3mrmkly88x3mg4wajc7ktxmqfnqptkfxaqgu47jq8n,6108558254,
5d2872ded5403034e5f63050dbe4fab9ec0d3d5ebd3bb97e004b45d18a7ee37d,2024-02-24T20:54:14.910000,sent,kaspa:qq9zagcza4jt76eev9jl5z0nqhe0thcu7js8larktj4sle7lvgnw7sfcewlty,6544070000,
5d2872ded5403034e5f63050dbe4fab9ec0d3d5ebd3bb97e004b45d18a7ee37d,2024-02-24T20:54:14.910000,sent,kaspa:qq9zagcza4jt76eev9jl5z0nqhe0thcu7js8larktj4sle7lvgnw7sfcewlty,6544070000,
ac47b714e1e9fad9c19356448345a168f95f2d6c86ba3cb0c39b9a28d6f1dee9,2024-02-24T20:50:05.943000,received,kaspa:qz9awuxx5f3fyuld57nv0mqy3f93ffprapx2ph20d69e29jpz4n2uuczxe3am,6542939145,
da4c67888a337c1336bc6e3a7be5d1ff744c26ce1e2014bdcdbab421fdde2e06,2024-02-24T10:45:14.752000,sent,kaspa:qqxmh2me3tlkvgkeum2msp4sqanhgx3y9fjdesezt4nf83w46l356flge9wa2,1008000000,
60589dafb9454ff30c25d3919e31dcd752c2594fac647c479100ec67ff95603e,2024-02-24T09:17:31.589000,sent,kaspa:qqxmh2me3tlkvgkeum2msp4sqanhgx3y9fjdesezt4nf83w46l356flge9wa2,84000000000,
60589dafb9454ff30c25d3919e31dcd752c2594fac647c479100ec67ff95603e,2024-02-24T09:17:31.589000,sent,kaspa:qqxmh2me3tlkvgkeum2msp4sqanhgx3y9fjdesezt4nf83w46l356flge9wa2,84000000000,
60589dafb9454ff30c25d3919e31dcd752c2594fac647c479100ec67ff95603e,2024-02-24T09:17:31.589000,sent,kaspa:qqxmh2me3tlkvgkeum2msp4sqanhgx3y9fjdesezt4nf83w46l356flge9wa2,84000000000,
60589dafb9454ff30c25d3919e31dcd752c2594fac647c479100ec67ff95603e,2024-02-24T09:17:31.589000,sent,kaspa:qqxmh2me3tlkvgkeum2msp4sqanhgx3y9fjdesezt4nf83w46l356flge9wa2,84000000000,
60589dafb9454ff30c25d3919e31dcd752c2594fac647c479100ec67ff95603e,2024-02-24T09:17:31.589000,sent,kaspa:qqxmh2me3tlkvgkeum2msp4sqanhgx3y9fjdesezt4nf83w46l356flge9wa2,84000000000,
60589dafb9454ff30c25d3919e31dcd752c2594fac647c479100ec67ff95603e,2024-02-24T09:17:31.589000,sent,kaspa:qqxmh2me3tlkvgkeum2msp4sqanhgx3y9fjdesezt4nf83w46l356flge9wa2,84000000000,
0e029d54bf49f61fc600329040cf6219cb5a108efb82522368be1bfbc3434d9f,2024-02-24T09:08:04.722000,received,kaspa:qppc4zw0wuek0dtr8qsza44t03x692y0528zu6wevh3y3lmv7uapyn3j9hy8d,55269401606,
821c3fcb7e1361e0679297f695f0d08efff5da856dc85304d4dfab214708d538,2024-02-23T21:52:38.703000,received,kaspa:qq3wrlkeustmu5uuh6r3mrmkly88x3mg4wajc7ktxmqfnqptkfxaqgu47jq8n,6260314515,
f3b3da0962ebbd37f5bf81b1c4539c1d5b585ef31006b5332272cf85973577d6,2024-02-23T11:35:35.437000,received,kaspa:qq3wrlkeustmu5uuh6r3mrmkly88x3mg4wajc7ktxmqfnqptkfxaqgu47jq8n,5663398398,
05893d6513408daf285a9102aa6ecd9ea3ab6262796d68af1356efc75ed5ba87,2024-02-23T01:56:28.084000,received,kaspa:qq3wrlkeustmu5uuh6r3mrmkly88x3mg4wajc7ktxmqfnqptkfxaqgu47jq8n,6082031646,
61270090f3527eb7909af7977e8813ebe75c09143f75f82347416c24cd93ac71,2024-02-22T19:28:03.326000,received,kaspa:qrc9y6tx8m7zcfsxlfxehzra408k49jvhhjaamkk96qtyr93we9x5nd4jez0m,5701459959,
38f2baf9d09171a8c62e8c0e9dd54363ea594887ce6456a7ad10f21be62b4827,2024-02-21T21:44:58.990000,sent,kaspa:qq9zagcza4jt76eev9jl5z0nqhe0thcu7js8larktj4sle7lvgnw7sfcewlty,81500000000,
38f2baf9d09171a8c62e8c0e9dd54363ea594887ce6456a7ad10f21be62b4827,2024-02-21T21:44:58.990000,sent,kaspa:qq9zagcza4jt76eev9jl5z0nqhe0thcu7js8larktj4sle7lvgnw7sfcewlty,81500000000,
38f2baf9d09171a8c62e8c0e9dd54363ea594887ce6456a7ad10f21be62b4827,2024-02-21T21:44:58.990000,sent,kaspa:qq9zagcza4jt76eev9jl5z0nqhe0thcu7js8larktj4sle7lvgnw7sfcewlty,81500000000,
38f2baf9d09171a8c62e8c0e9dd54363ea594887ce6456a7ad10f21be62b4827,2024-02-21T21:44:58.990000,sent,kaspa:qq9zagcza4jt76eev9jl5z0nqhe0thcu7js8larktj4sle7lvgnw7sfcewlty,81500000000,
38f2baf9d09171a8c62e8c0e9dd54363ea594887ce6456a7ad10f21be62b4827,2024-02-21T21:44:58.990000,sent,kaspa:qq9zagcza4jt76eev9jl5z0nqhe0thcu7js8larktj4sle7lvgnw7sfcewlty,81500000000,
2dfb52d2893676750d8a799f3d8a58fce75a5cb4b5d04def8550d94aeabce380,2024-02-21T18:50:19.743000,received,kaspa:qq3wrlkeustmu5uuh6r3mrmkly88x3mg4wajc7ktxmqfnqptkfxaqgu47jq8n,5873394197,
0632370c6141fc83ba64337f99c294890f7e49fb2193cea7e8ae949adebb199f,2024-02-21T08:47:07.474000,received,kaspa:qq3wrlkeustmu5uuh6r3mrmkly88x3mg4wajc7ktxmqfnqptkfxaqgu47jq8n,6378316779,
2485b6c6cc47095b664e26055c19fb955ad5a774dd9c1ab75b37da099df06e80,2024-02-20T22:29:22.976000,received,kaspa:qq3wrlkeustmu5uuh6r3mrmkly88x3mg4wajc7ktxmqfnqptkfxaqgu47jq8n,6034133320,
08068dfac0bf60d218cfba692bb8391e633cb258f93cc81c69c1224a659479f1,2024-02-20T12:05:26.720000,received,kaspa:qq3wrlkeustmu5uuh6r3mrmkly88x3mg4wajc7ktxmqfnqptkfxaqgu47jq8n,5606759971,
f05b18cb342728632a846220e8f637cb92956d2f1fef4b9999b8a52af25fa9ad,2024-02-18T18:58:04.012000,received,kaspa:qzmwm85655kfr59tnh4efp0z59eac63cvedt0farjdtj85dax3s2kk9ernqzv,63640330304,
