tx_id,timestamp,direction,peer_address,amount_sompi,cex_label
53c58074e7c22efc94a3b14bda85f68fd9a9058acdbea7e7ed53fe951e3a56a7,2023-12-13T05:22:17.716000,sent,kaspa:qr7r8rtehym00mcmmucflvu2003fsevzc9s0rezsltzwd6jd34p2cg3nd43cf,170990000,
993a8638c59167c273e5a8f152d53371c0bef297e28914472f4827e9f5606c60,2023-12-12T01:53:13.351000,received,kaspa:qypswxtcrv4ssyjaswy5w9387vq73mkuyq85tl34cee6qn5uexqy0csgnafnjx7,171000000,
22fce55f33cf3756b0a6ca710d699cee556120a072256f278fd2ff8dc71b6ab3,2023-11-27T18:31:38.886000,sent,kaspa:qypty6y0wy2hvucf9fdvuatlfgxl2nprekjxewkcek5an8zv3z45s9sqvgl88na,18000000,
f334fc386cc0903936b89e7a465c51082b816f4ae83b846d53c1c3e0e8e44d76,2023-11-27T15:36:18.114000,received,kaspa:qppsztan2697sg3slah2qsxzwn6d3wmrjp565d7p8a5xqmwl6lk2yvwts3trk,18010000,
