tx_id,timestamp,direction,peer_address,amount_sompi,cex_label
0fdc0225e5b9483c155f1a97818d41c117ea2267a6abe1aa859fd08d5986e387,2023-12-16T04:58:16.010000,sent,kaspa:qzslgwenzu78t6tldlng383g7ruu4enaljmnkgaulyrscjp7ldt26x8gfxck5,171940000,
0fdc0225e5b9483c155f1a97818d41c117ea2267a6abe1aa859fd08d5986e387,2023-12-16T04:58:16.010000,sent,kaspa:qzslgwenzu78t6tldlng383g7ruu4enaljmnkgaulyrscjp7ldt26x8gfxck5,171940000,
b142bf5a8172e43f58d87521cd8e50fceb4bb9b78dd8f9e989b4acb5ddbd6a79,2023-12-13T01:27:28.426000,received,kaspa:qypswxtcrv4ssyjaswy5w9387vq73mkuyq85tl34cee6qn5uexqy0csgnafnjx7,171000000,
9a610962a4518136cb631a8fb62c4c157d0a1aefa34ccdc9c6e59361762f30dd,2023-11-29T17:06:49.169000,sent,kaspa:qyp4hymdcuyex597lh6nw4cr4kkfxm4stccqzrjjux76zsmcpfm6djq654efreq,18000000,
35962da0ab2dd045a4f34d56636790842b5e4b794758bfde9f66f0e145acd4f4,2023-11-29T11:48:51.236000,received,kaspa:qz93n5nxf7a8s0swqvdhxs8v6dqel9yqdzy4ypkxhjmevkrl478yugutafnmr,19000000,
