tx_id,timestamp,direction,peer_address,amount_sompi,cex_label
0dfc1c202b996355cd521f5564fe46a0e20bf8bad2665e2021ead24ecfc87388,2024-03-16T20:17:46.024000,sent,kaspa:qq9zagcza4jt76eev9jl5z0nqhe0thcu7js8larktj4sle7lvgnw7sfcewlty,626400000000,
17b98addd5717838d373a40db96258b5c946ce731a8dc8f092aca3360289d926,2024-02-23T17:01:57.314000,sent,kaspa:qpw8aplphc4jzs8wq0s089dlta0yvm59xm4eszk0ham2fhnvd30fcp8je97wz,260000000000,
bc78707c77d771fa47556f20757a895a0ef0708abdb6810e023e0759b9893174,2024-02-13T19:26:28.552000,sent,kaspa:qpw8aplphc4jzs8wq0s089dlta0yvm59xm4eszk0ham2fhnvd30fcp8je97wz,750000000000,
bc78707c77d771fa47556f20757a895a0ef0708abdb6810e023e0759b9893174,2024-02-13T19:26:28.552000,sent,kaspa:qpw8aplphc4jzs8wq0s089dlta0yvm59xm4eszk0ham2fhnvd30fcp8je97wz,750000000000,
697d2d8d7c81a29c6e10f9f71e6ce7859d3ecf7c65fba77a60f9e206f55266d6,2024-02-13T19:03:03.644000,received,kaspa:qq9zagcza4jt76eev9jl5z0nqhe0thcu7js8larktj4sle7lvgnw7sfcewlty,1637529473174,
697d2d8d7c81a29c6e10f9f71e6ce7859d3ecf7c65fba77a60f9e206f55266d6,2024-02-13T19:03:03.644000,received,kaspa:qq9zagcza4jt76eev9jl5z0nqhe0thcu7js8larktj4sle7lvgnw7sfcewlty,1637529473174,
697d2d8d7c81a29c6e10f9f71e6ce7859d3ecf7c65fba77a60f9e206f55266d6,2024-02-13T19:03:03.644000,received,kaspa:qq9zagcza4jt76eev9jl5z0nqhe0thcu7js8larktj4sle7lvgnw7sfcewlty,1637529473174,
697d2d8d7c81a29c6e10f9f71e6ce7859d3ecf7c65fba77a60f9e206f55266d6,2024-02-13T19:03:03.644000,received,kaspa:qq9zagcza4jt76eev9jl5z0nqhe0thcu7js8larktj4sle7lvgnw7sfcewlty,1637529473174,
697d2d8d7c81a29c6e10f9f71e6ce7859d3ecf7c65fba77a60f9e206f55266d6,2024-02-13T19:03:03.644000,received,kaspa:qq9zagcza4jt76eev9jl5z0nqhe0thcu7js8larktj4sle7lvgnw7sfcewlty,1637529473174,
697d2d8d7c81a29c6e10f9f71e6ce7859d3ecf7c65fba77a60f9e206f55266d6,2024-02-13T19:03:03.644000,received,kaspa:qq9zagcza4jt76eev9jl5z0nqhe0thcu7js8larktj4sle7lvgnw7sfcewlty,1637529473174,
697d2d8d7c81a29c6e10f9f71e6ce7859d3ecf7c65fba77a60f9e206f55266d6,2024-02-13T19:03:03.644000,received,kaspa:qq9zagcza4jt76eev9jl5z0nqhe0thcu7js8larktj4sle7lvgnw7sfcewlty,1637529473174,
697d2d8d7c81a29c6e10f9f71e6ce7859d3ecf7c65fba77a60f9e206f55266d6,2024-02-13T19:03:03.644000,received,kaspa:qq9zagcza4jt76eev9jl5z0nqhe0thcu7js8larktj4sle7lvgnw7sfcewlty,1637529473174,
697d2d8d7c81a29c6e10f9f71e6ce7859d3ecf7c65fba77a60f9e206f55266d6,2024-02-13T19:03:03.644000,received,kaspa:qq9zagcza4jt76eev9jl5z0nqhe0thcu7js8larktj4sle7lvgnw7sfcewlty,1637529473174,
697d2d8d7c81a29c6e10f9f71e6ce7859d3ecf7c65fba77a60f9e206f55266d6,2024-02-13T19:03:03.644000,received,kaspa:qq9zagcza4jt76eev9jl5z0nqhe0thcu7js8larktj4sle7lvgnw7sfcewlty,1637529473174,
697d2d8d7c81a29c6e10f9f71e6ce7859d3ecf7c65fba77a60f9e206f55266d6,2024-02-13T19:03:03.644000,received,kaspa:qq9zagcza4jt76eev9jl5z0nqhe0thcu7js8larktj4sle7lvgnw7sfcewlty,1637529473174,
697d2d8d7c81a29c6e10f9f71e6ce7859d3ecf7c65fba77a60f9e206f55266d6,2024-02-13T19:03:03.644000,received,kaspa:qq9zagcza4jt76eev9jl5z0nqhe0thcu7js8larktj4sle7lvgnw7sfcewlty,1637529473174,
697d2d8d7c81a29c6e10f9f71e6ce7859d3ecf7c65fba77a60f9e206f55266d6,2024-02-13T19:03:03.644000,received,kaspa:qq9zagcza4jt76eev9jl5z0nqhe0thcu7js8larktj4sle7lvgnw7sfcewlty,1637529473174,
697d2d8d7c81a29c6e10f9f71e6ce7859d3ecf7c65fba77a60f9e206f55266d6,2024-02-13T19:03:03.644000,received,kaspa:qq9zagcza4jt76eev9jl5z0nqhe0thcu7js8larktj4sle7lvgnw7sfcewlty,1637529473174,
697d2d8d7c81a29c6e10f9f71e6ce7859d3ecf7c65fba77a60f9e206f55266d6,2024-02-13T19:03:03.644000,received,kaspa:qq9zagcza4jt76eev9jl5z0nqhe0thcu7js8larktj4sle7lvgnw7sfcewlty,1637529473174,
697d2d8d7c81a29c6e10f9f71e6ce7859d3ecf7c65fba77a60f9e206f55266d6,2024-02-13T19:03:03.644000,received,kaspa:qq9zagcza4jt76eev9jl5z0nqhe0thcu7js8larktj4sle7lvgnw7sfcewlty,1637529473174,
697d2d8d7c81a29c6e10f9f71e6ce7859d3ecf7c65fba77a60f9e206f55266d6,2024-02-13T19:03:03.644000,received,kaspa:qq9zagcza4jt76eev9jl5z0nqhe0thcu7js8larktj4sle7lvgnw7sfcewlty,1637529473174,
697d2d8d7c81a29c6e10f9f71e6ce7859d3ecf7c65fba77a60f9e206f55266d6,2024-02-13T19:03:03.644000,received,kaspa:qq9zagcza4jt76eev9jl5z0nqhe0thcu7js8larktj4sle7lvgnw7sfcewlty,1637529473174,
697d2d8d7c81a29c6e10f9f71e6ce7859d3ecf7c65fba77a60f9e206f55266d6,2024-02-13T19:03:03.644000,received,kaspa:qq9zagcza4jt76eev9jl5z0nqhe0thcu7js8larktj4sle7lvgnw7sfcewlty,1637529473174,
697d2d8d7c81a29c6e10f9f71e6ce7859d3ecf7c65fba77a60f9e206f55266d6,2024-02-13T19:03:03.644000,received,kaspa:qq9zagcza4jt76eev9jl5z0nqhe0thcu7js8larktj4sle7lvgnw7sfcewlty,1637529473174,
697d2d8d7c81a29c6e10f9f71e6ce7859d3ecf7c65fba77a60f9e206f55266d6,2024-02-13T19:03:03.644000,received,kaspa:qq9zagcza4jt76eev9jl5z0nqhe0thcu7js8larktj4sle7lvgnw7sfcewlty,1637529473174,
697d2d8d7c81a29c6e10f9f71e6ce7859d3ecf7c65fba77a60f9e206f55266d6,2024-02-13T19:03:03.644000,received,kaspa:qq9zagcza4jt76eev9jl5z0nqhe0thcu7js8larktj4sle7lvgnw7sfcewlty,1637529473174,
697d2d8d7c81a29c6e10f9f71e6ce7859d3ecf7c65fba77a60f9e206f55266d6,2024-02-13T19:03:03.644000,received,kaspa:qq9zagcza4jt76eev9jl5z0nqhe0thcu7js8larktj4sle7lvgnw7sfcewlty,1637529473174,
697d2d8d7c81a29c6e10f9f71e6ce7859d3ecf7c65fba77a60f9e206f55266d6,2024-02-13T19:03:03.644000,received,kaspa:qq9zagcza4jt76eev9jl5z0nqhe0thcu7js8larktj4sle7lvgnw7sfcewlty,1637529473174,
9353e2bc7f70a6137b8e54c7883e88199385db782ea85a8f075b98715abbbfa4,2024-02-09T01:13:52.177000,sent,kaspa:qpw8aplphc4jzs8wq0s089dlta0yvm59xm4eszk0ham2fhnvd30fcp8je97wz,284800000000,
80036db70c801d59cb9b3138be5903ee4831220ba1359acda7618167579de4c3,2023-07-19T16:36:47.169000,sent,kaspa:qpw8aplphc4jzs8wq0s089dlta0yvm59xm4eszk0ham2fhnvd30fcp8je97wz,300000000000,
a36b6dd83297567953b6e2a8f730fee6dee3607123996d69aae0ff8e5811bd56,2023-05-08T10:01:40.483000,sent,kaspa:qqwvnkp47wsj6n4hkdlgj8dsauyx0xvefunnwvvsmpq2udd0ka8ckmpuqw3k5,500000000000,
eb6308ba1009706a37387a0bbba0e6a8c8c0408ae8012ff78130dbf5095fc5db,2023-04-17T20:56:44.379000,sent,kaspa:qr6jsawgzm5ljfptl70rw57sg537gkqcjsjsfde9lpyym9sqanagxaq2a5ffv,17300000000,
eb6308ba1009706a37387a0bbba0e6a8c8c0408ae8012ff78130dbf5095fc5db,2023-04-17T20:56:44.379000,sent,kaspa:qr6jsawgzm5ljfptl70rw57sg537gkqcjsjsfde9lpyym9sqanagxaq2a5ffv,17300000000,
bdf76440a52244ae866bf0f0391518a717e3eef22454ece6ed22f5ff06defd9c,2023-04-02T16:26:08.834000,received,kaspa:qpzpfwcsqsxhxwup26r55fd0ghqlhyugz8cp6y3wxuddc02vcxtjg75pspnwz,1095300000000,MEXC
cd2d4ec8255dce361aa4610a7a35387860cfb3216fe91a5b2e496c64dd88d9cd,2023-04-02T16:01:01.461000,received,kaspa:qqetp7ct8kqss99fxmymyz5t3fezppxp0t58wl6pawp27elqd46uudme00cl0,7000000000,
