tx_id,timestamp,direction,peer_address,amount_sompi,cex_label
8eedc48694c3bb2630e4a28d2d3001ce13c36e7f52a06affcbb08758b648ae57,2024-07-24T09:29:38.406000,sent,kaspa:qqnqv3rvnctfyrjteurqm0gmqfu7yjg3949yxpyxxfa4rgm9nt2zxauwq8xvs,3500000000000,
8eedc48694c3bb2630e4a28d2d3001ce13c36e7f52a06affcbb08758b648ae57,2024-07-24T09:29:38.406000,sent,kaspa:qq00q74tzl5w3cdyre5jsf6w54npcycg3q3xm6vtgrq4y04w3lwpylungm92j,15214653527,
2c698492e809ab7119704bb2a2266665e7301b988f334bbf2a0e0777cb3d1c33,2024-07-23T23:01:05.700000,received,kaspa:qp3p5aurs3nx4nxvhlj6w3n0jku75ccn4khdns99unj2pxwvyqyw6u6efvszr,3515214655596,
2c698492e809ab7119704bb2a2266665e7301b988f334bbf2a0e0777cb3d1c33,2024-07-23T23:01:05.700000,received,kaspa:qqmdrrlznz7cgax9jvefm4g4fwtsnnz8r96574qduyjakmyd5rtgc3a4rx0qr,3515214655596,
