tx_id,timestamp,direction,peer_address,amount_sompi,cex_label
be0de58bf9e5c73d2c824aa2a7eed9cc80b0df7d1db63e077aa9f32a0fde4291,2023-12-12T09:29:09.837000,sent,kaspa:qqephdkcq0jg3g38sehzpz2v45s0mn8smq4ew8zxnxncxsfwhqn0jjfyeaz0q,172500000,
be0de58bf9e5c73d2c824aa2a7eed9cc80b0df7d1db63e077aa9f32a0fde4291,2023-12-12T09:29:09.837000,sent,kaspa:qqephdkcq0jg3g38sehzpz2v45s0mn8smq4ew8zxnxncxsfwhqn0jjfyeaz0q,172500000,
28d900ef03b5ab6df2605979226f18b304fd9bfd1a340de53ed8c256e3875789,2023-12-12T04:24:51.487000,received,kaspa:qypswxtcrv4ssyjaswy5w9387vq73mkuyq85tl34cee6qn5uexqy0csgnafnjx7,171000000,
0403b7da7c6acd4b56851062a6b5d5aad62ac930182dbb7aaaf055dad340a73d,2023-11-28T03:58:58.464000,sent,kaspa:qypyystwxcqmq7vvfq2tzka4mvlm8eqkjpt7fezxk2k73ptdphqjzws9psqw4m8,18000000,
9abe8cf68af4aa5aff361de74bd27792ed5fe76d32f9197a13696680481b6e91,2023-11-27T05:58:50.274000,received,kaspa:qyphjdfspkrm9wh3vhcwrjvgkcp9m8magzyjnrchf54yez3ht9p2rzgf26qpgxz,20000000,
