tx_id,timestamp,direction,peer_address,amount_sompi,cex_label
46cee3b1a27a8f17741a2c682d95cc2775f394ab0b97a62ea314f1b9b04be919,2024-02-17T10:06:06.491000,sent,kaspa:qqsslpr5gst3y2s87k402r9yt7ajmak63vkgmathj8ys5qx4273jg40nngrd2,172980000,
46cee3b1a27a8f17741a2c682d95cc2775f394ab0b97a62ea314f1b9b04be919,2024-02-17T10:06:06.491000,sent,kaspa:qqsslpr5gst3y2s87k402r9yt7ajmak63vkgmathj8ys5qx4273jg40nngrd2,172980000,
e1ea21f8705d426f58b83778a4a1eb15b6a9814cb55b0305dd68dd3e50090c64,2023-12-12T11:18:29.236000,received,kaspa:qypswxtcrv4ssyjaswy5w9387vq73mkuyq85tl34cee6qn5uexqy0csgnafnjx7,171000000,
6a94af8dbf7b82189765a4aea00952005ab6eb8028e2ac345c3c813ccca90927,2023-11-28T15:41:23.192000,sent,kaspa:qypw08e2gr83lj80r74qduu0m96qgf4te8szw5lry495pjf9lry75scpslvg2rw,18000000,
6cae3fe82a43bb51913b32d09b739a49bc6051c0278ad5cecd7b8243b1adfc23,2023-11-27T04:56:22.976000,received,kaspa:qypqhwaag39ahn934e9njgp5uuzr7zxgcwtqpzwrkehmxrgl608urmg4e9n5dh0,20000000,
