tx_id,timestamp,direction,peer_address,amount_sompi,cex_label
4493d86beeb3955320551be8c8c780e88923a7945475b4a301343657c8c8e335,2023-08-10T04:26:23.467000,received,kaspa:qrfvvayrlcf89lg6xr55m034p2dvljswzg8h0gdsrvrx4ulzyhp7k3kpdutzf,50000000000,
4493d86beeb3955320551be8c8c780e88923a7945475b4a301343657c8c8e335,2023-08-10T04:26:23.467000,received,kaspa:qrfvvayrlcf89lg6xr55m034p2dvljswzg8h0gdsrvrx4ulzyhp7k3kpdutzf,50000000000,
4493d86beeb3955320551be8c8c780e88923a7945475b4a301343657c8c8e335,2023-08-10T04:26:23.467000,received,kaspa:qrfvvayrlcf89lg6xr55m034p2dvljswzg8h0gdsrvrx4ulzyhp7k3kpdutzf,50000000000,
4493d86beeb3955320551be8c8c780e88923a7945475b4a301343657c8c8e335,2023-08-10T04:26:23.467000,received,kaspa:qrfvvayrlcf89lg6xr55m034p2dvljswzg8h0gdsrvrx4ulzyhp7k3kpdutzf,50000000000,
