tx_id,timestamp,direction,peer_address,amount_sompi,cex_label
b4194a026becefcf15a32221bf1350b2955d7b259120d4089f5773377ea6dd1b,2023-12-13T08:38:57.091000,sent,kaspa:qqh06puhtgsu5utuakvv88ewhppn4dtp0k4a2df0xxga6ytg5p7vzcs0tuml5,14363160000,
015c23dfc0b3157f02e9f13445b123679060352948568e0b44ad7d2617e9f121,2023-12-12T01:55:39.824000,received,kaspa:qypswxtcrv4ssyjaswy5w9387vq73mkuyq85tl34cee6qn5uexqy0csgnafnjx7,171000000,
4035a88fc64ac50d52499d76ed496a8039f1bb7fa2233bb5c8592e9bfcdf2f00,2023-11-27T18:45:55.008000,sent,kaspa:qypw7evd2jac9t9ckadhggx73vjh3cg2yu4esvcjkx97hkkfxmnry7gw880ku50,18000000,
4035a88fc64ac50d52499d76ed496a8039f1bb7fa2233bb5c8592e9bfcdf2f00,2023-11-27T18:45:55.008000,sent,kaspa:qp7yencztyxt7yajduvkd578jgls077cep857zgjnvfrf3t033435jthzsmsm,455420000,
ee2611b60d0cdab19913b7c7bba93fe24501248d56091a1b48ac28e83403229f,2023-11-27T18:40:26.972000,received,kaspa:qqx2kjjyjshdcjd7eegjw0my66hq2qa9vaa8kzxln97g6jqhw500xlzfme2n3,473430000,
