tx_id,timestamp,direction,peer_address,amount_sompi,cex_label
c5090f2b55ee5d4a0c905b10d458cd449812c8af9ffee864bfda564992f2c05f,2023-02-28T01:24:38.689000,sent,kaspa:qzsvasyvpve53z3f055w357qjthkqetgy8wmy5ulya55j2gzz8r0kpl8f99x7,26900000000000,
c5090f2b55ee5d4a0c905b10d458cd449812c8af9ffee864bfda564992f2c05f,2023-02-28T01:24:38.689000,sent,kaspa:qzeas7sglgz74x5298mg58nfax2m4d2cetcu5cxvfexc8eynf47qv937drcv7,61231988862,
de56a9a2ea17c261439ec3639a3080b09f3c92f14cc0eb09f1254d1eca8ed8a4,2023-01-24T09:18:27.122000,received,kaspa:qrhwwgfqxzgptjp6kp7wetcfx5yp0rcta9ll4pnch3adp07s08wx67vf9gfrt,20225380993233,
51404cb99496f4e4db2456b67fa453ea3b5546a1c4a33ec6b6b33d86631a0235,2023-01-09T06:09:39.068000,received,kaspa:qrhwwgfqxzgptjp6kp7wetcfx5yp0rcta9ll4pnch3adp07s08wx67vf9gfrt,14702117996041,
51404cb99496f4e4db2456b67fa453ea3b5546a1c4a33ec6b6b33d86631a0235,2023-01-09T06:09:39.068000,received,kaspa:qpr7hkpvtym9tlr5m8fhpf568yzusfsmfsh0f7elsf4ydg4y8jt3s6rn273dq,14702117996041,
51404cb99496f4e4db2456b67fa453ea3b5546a1c4a33ec6b6b33d86631a0235,2023-01-09T06:09:39.068000,received,kaspa:qze3qtjmcrxr4efmwwt7fnm3fwdz6h69ccs3gfuzraczldjnzcftue3p4gall,14702117996041,
