tx_id,timestamp,direction,peer_address,amount_sompi,cex_label
506dc156f64145a80476f2a5ac1ded2fa63b770f4c5cb59048d9fc2d977235dd,2023-12-13T08:42:41.446000,sent,kaspa:qqh06puhtgsu5utuakvv88ewhppn4dtp0k4a2df0xxga6ytg5p7vzcs0tuml5,14363160000,
43b8c0239738bf948400c0b6fd9071ca8e840a9ca18111c9cdf02ee094d792cf,2023-12-12T18:45:30.986000,received,kaspa:qypswxtcrv4ssyjaswy5w9387vq73mkuyq85tl34cee6qn5uexqy0csgnafnjx7,171000000,
8214d4dff278b39ab6fd5b2b7f07d857d717c0d86adf97fc826d39f9d370f708,2023-11-29T07:55:57.024000,sent,kaspa:qypx494wgrtqlgjdeu6nefjzd5z3wp40e0xh6agequy4pk0wgqjgj3sw3nufd32,18000000,
8214d4dff278b39ab6fd5b2b7f07d857d717c0d86adf97fc826d39f9d370f708,2023-11-29T07:55:57.024000,sent,kaspa:qqankphzem8r6knfsm5ks35ywnp9fzpg9shwq9xdrzxyaqhystfmg9ue4whvx,1588370000,
8e99be2df89140d4069d95988c8c3da99c9fb370c8d5f160bfb58745d6ebe3ff,2023-11-29T07:07:55.136000,received,kaspa:qrylm2xxyy78qsafp3zp446lwq5nzjzq2lcg45kuxwuxtjlyes97593pw86fw,1606380000,
