tx_id,timestamp,direction,peer_address,amount_sompi,cex_label
7a0af39965d2f956b437bdd17422e8abdc6eafe7f9af40d353a930a1bed9b2aa,2024-06-29T21:54:23.536000,sent,kaspa:qq9zagcza4jt76eev9jl5z0nqhe0thcu7js8larktj4sle7lvgnw7sfcewlty,1052000000000,
3bdc9f5fd750f994e9cdd31d6c1fa84d433cc6a54c7115b42b80f25ebf9b4def,2024-06-29T21:49:10.774000,sent,kaspa:qq9zagcza4jt76eev9jl5z0nqhe0thcu7js8larktj4sle7lvgnw7sfcewlty,10000000000,
2d9d98d20bf6931d2518aa47732067b0194cfc9b0aab9e81330e96aeccbe5aff,2023-12-10T12:32:04.978000,sent,kaspa:qq9xsjnnmq3csxcwxmr8qedakr5urxf6vaxxpqqjm45ms2ye63hsvv0mraujj,800000000000,
5f04f90853d0f256e182c5a59cca8efb84bd3b7a564540b4441e2f759cb8f3b7,2023-06-05T10:21:28.742000,received,kaspa:qq3k4du6wf2g26j7ds6fqmgtgavgm3zy676wntp2e52nsuns2n4s6xkndmx0y,1862090650000,
