tx_id,timestamp,direction,peer_address,amount_sompi,cex_label
b4a2a29b43c22ff85095261c32a27b656151fb30a67e08e417c28cd2fbb55611,2023-12-16T03:39:44.918000,sent,kaspa:qzslgwenzu78t6tldlng383g7ruu4enaljmnkgaulyrscjp7ldt26x8gfxck5,171940000,
b4a2a29b43c22ff85095261c32a27b656151fb30a67e08e417c28cd2fbb55611,2023-12-16T03:39:44.918000,sent,kaspa:qzslgwenzu78t6tldlng383g7ruu4enaljmnkgaulyrscjp7ldt26x8gfxck5,171940000,
9e0eb961658dc0588572e06fed162978b00cab3c84cc50a31f0186d088a40513,2023-12-12T00:28:58.248000,received,kaspa:qypswxtcrv4ssyjaswy5w9387vq73mkuyq85tl34cee6qn5uexqy0csgnafnjx7,171000000,
a1076ff688f33822d55a7047b4b8a55a80b2a98d0ab45753bda9ffb89d35d195,2023-11-27T14:35:17.714000,sent,kaspa:qyprmyxn4h5243dwzmngdasskcn957le67sa9tzn900k0qs2wjt0dqgf0e8tf8h,18000000,
9971e5d8d85f44d5ddc84a50fe4bf8fbcd03f850df080fcdf8eb8abff51fe1b2,2023-11-27T11:00:41.474000,received,kaspa:qpmp7s9we4nmtuq7fahr68pkxddehqer4r278q8wwtrgp4p5cqqj7e08uvv05,19000000,
