tx_id,timestamp,direction,peer_address,amount_sompi,cex_label
8dde3e5121ab18ef072c6d2ab47e8f6bf5b92f5a4352ea17b8d119a38ca2d77d,2023-12-12T23:48:14.473000,sent,kaspa:qqucay7eet20htwzjznry63eajufgv76h3qh00zq022g7t5rl3n57s4mytcgz,170990000,
5e43c92aa6ef3218b3bdaabb7253bbb6a2cb809f81143dd1fb7b80432c3f72f6,2023-12-12T01:58:18.955000,received,kaspa:qypswxtcrv4ssyjaswy5w9387vq73mkuyq85tl34cee6qn5uexqy0csgnafnjx7,171000000,
fc97f8bcee1ea2e73a87399dd0847e744579869bc026594a709109e0a30dd089,2023-11-27T19:11:02.798000,sent,kaspa:qr92dw53rn3ua6qwczh0a52z5tc06mnxsaj9kyx93lw2ccfx3qeykttj4366v,963960000,
6a129f50fa83dd8538fd81c10c694a30808acc03798dc6fc9f93c966a3cc3ebd,2023-11-27T19:09:48.777000,sent,kaspa:qyppnfe96d9guan7tygtv40a6t66c49azq2zqpgrza57n9r5cq02elcllx3n6pm,18000000,
d28419ac06d63a044a3e1a548dfe78bafa643c59baad660ea08d846f570bc7d6,2023-11-27T19:04:50.637000,received,kaspa:qp6eal4zshvau5fka5clnrratyhwz6u38n2u9judpxhgy6y9q23y7t2v0jr35,981980000,
