tx_id,timestamp,direction,peer_address,amount_sompi,cex_label
f175a3484a7462cfef27bd7a0fa1d0adbcbecea7013d5864b9410cdfbb1914e6,2024-02-22T14:29:11.855000,sent,kaspa:qpzr9emwsq0ckgx2tlngycjah926atytxutk7c7wrur4jeuhzjzgvq42mye3r,160999990000,
7824b413452927929a6ec50479a167f1782afe8671f06f18c310ca91f8911902,2023-11-21T13:59:30.186000,received,kaspa:qqwvnkp47wsj6n4hkdlgj8dsauyx0xvefunnwvvsmpq2udd0ka8ckmpuqw3k5,161000000000,
7824b413452927929a6ec50479a167f1782afe8671f06f18c310ca91f8911902,2023-11-21T13:59:30.186000,received,kaspa:qqwvnkp47wsj6n4hkdlgj8dsauyx0xvefunnwvvsmpq2udd0ka8ckmpuqw3k5,161000000000,
7824b413452927929a6ec50479a167f1782afe8671f06f18c310ca91f8911902,2023-11-21T13:59:30.186000,received,kaspa:qqwvnkp47wsj6n4hkdlgj8dsauyx0xvefunnwvvsmpq2udd0ka8ckmpuqw3k5,161000000000,
7824b413452927929a6ec50479a167f1782afe8671f06f18c310ca91f8911902,2023-11-21T13:59:30.186000,received,kaspa:qqwvnkp47wsj6n4hkdlgj8dsauyx0xvefunnwvvsmpq2udd0ka8ckmpuqw3k5,161000000000,
7824b413452927929a6ec50479a167f1782afe8671f06f18c310ca91f8911902,2023-11-21T13:59:30.186000,received,kaspa:qqwvnkp47wsj6n4hkdlgj8dsauyx0xvefunnwvvsmpq2udd0ka8ckmpuqw3k5,161000000000,
