tx_id,timestamp,direction,peer_address,amount_sompi,cex_label
314193fb867dab511065dd00c08909ccb3c6bb72814108ac5a597e76a10b9904,2023-12-16T04:14:17.906000,sent,kaspa:qzslgwenzu78t6tldlng383g7ruu4enaljmnkgaulyrscjp7ldt26x8gfxck5,171940000,
314193fb867dab511065dd00c08909ccb3c6bb72814108ac5a597e76a10b9904,2023-12-16T04:14:17.906000,sent,kaspa:qzslgwenzu78t6tldlng383g7ruu4enaljmnkgaulyrscjp7ldt26x8gfxck5,171940000,
20d2677ed4b49df923fa348b928b3c4ba01bd5395394049a511511ca05432a64,2023-12-12T09:49:09.565000,received,kaspa:qypswxtcrv4ssyjaswy5w9387vq73mkuyq85tl34cee6qn5uexqy0csgnafnjx7,171000000,
f34d24e76df05d64121562199ed69564cf369b62830f579e1433d85de78f669b,2023-11-28T13:55:46.615000,sent,kaspa:qypuwx85x5vwqm9m04u0nq9zy7jf426e28htjv2wu52svl9dkyda0msegyrsstu,18000000,
3c8b2cfd6e6bbbfd7f880144ad6f6a9bb6077210b3f255c522d289c1e35050cc,2023-11-27T19:26:48.647000,received,kaspa:qp8a2fcu2cxaltk6t2uh0m0pgx8jxydj5wsd66gept78s8x68n98qdvhh8tzp,19000000,
