tx_id,timestamp,direction,peer_address,amount_sompi,cex_label
16a6fcf229a9e838322f0d66ff32cd1668efadb2fda6688af572bcc022519467,2023-12-15T18:31:39.618000,sent,kaspa:qqsslpr5gst3y2s87k402r9yt7ajmak63vkgmathj8ys5qx4273jg40nngrd2,172970000,
16a6fcf229a9e838322f0d66ff32cd1668efadb2fda6688af572bcc022519467,2023-12-15T18:31:39.618000,sent,kaspa:qqsslpr5gst3y2s87k402r9yt7ajmak63vkgmathj8ys5qx4273jg40nngrd2,172970000,
4f22a9a47fda70e93fff80598765a0c43a3f619ceba6ee2545d7395297729f94,2023-12-12T08:49:09.004000,received,kaspa:qypswxtcrv4ssyjaswy5w9387vq73mkuyq85tl34cee6qn5uexqy0csgnafnjx7,171000000,
16ecf1daa60e7a47f490fcf53a3bf1159af04ba3d6ca09914e98751aac1e229a,2023-11-28T11:40:51.010000,sent,kaspa:qyplm0sa4hf0rhgnxv06u77zew8a7envxzp4xqq7uk44s7uj2q503ucgmepkpgp,18000000,
5c9e4ed8a8a117692af2ca308de159c8d872caaaa94497ec82f5cef1cccaa1df,2023-11-26T18:29:12.049000,received,kaspa:qyp09jwvzzyp0g4fdep2d2fekeh7gss2cd4mnug4jc5uel6xflyzw8csmlsjrqg,20000000,
