tx_id,timestamp,direction,peer_address,amount_sompi,cex_label
838b1b95ffeb9bca578f9e4b28d7a4fa8f1eed858670bb680296a205763f1630,2023-12-16T04:33:58.516000,sent,kaspa:qzslgwenzu78t6tldlng383g7ruu4enaljmnkgaulyrscjp7ldt26x8gfxck5,171940000,
838b1b95ffeb9bca578f9e4b28d7a4fa8f1eed858670bb680296a205763f1630,2023-12-16T04:33:58.516000,sent,kaspa:qzslgwenzu78t6tldlng383g7ruu4enaljmnkgaulyrscjp7ldt26x8gfxck5,171940000,
81c221572c383849d5d089365ac9536e55f9135a77d03ae8a919ee6b3b23c59f,2023-12-12T18:00:27.792000,received,kaspa:qypswxtcrv4ssyjaswy5w9387vq73mkuyq85tl34cee6qn5uexqy0csgnafnjx7,171000000,
b0b5bd091e1199455a264f8f6a4df50cd1115f9475080d4e614580e54e739253,2023-11-29T06:38:10.090000,sent,kaspa:qypvgxqvugd9jpfvasnz6dyhaawa7g9ymf987cgrc99kckj47gpam6gukeawl4g,18000000,
b06956a1b9362a57f64887bd0acc4b42dab1070517af782e610741e42e43df9a,2023-11-28T22:35:53.531000,received,kaspa:qqaugwf5jw2eagnzq0ncvce6p8n8nwyxzwxmyxwqx7uast3nnv6q6xd4qglxr,19000000,
