tx_id,timestamp,direction,peer_address,amount_sompi,cex_label
8e24993aba94a04620405d74ddfb9034b2f05d9d5a19c2c79c66b47c1360c55a,2023-12-16T04:50:12.504000,sent,kaspa:qzslgwenzu78t6tldlng383g7ruu4enaljmnkgaulyrscjp7ldt26x8gfxck5,171940000,
8e24993aba94a04620405d74ddfb9034b2f05d9d5a19c2c79c66b47c1360c55a,2023-12-16T04:50:12.504000,sent,kaspa:qzslgwenzu78t6tldlng383g7ruu4enaljmnkgaulyrscjp7ldt26x8gfxck5,171940000,
3b42ee2eab9abb6ad9891e9a53aef21f97d77db66ae69a935cc3d8434fe14a18,2023-12-12T13:56:41.115000,received,kaspa:qypswxtcrv4ssyjaswy5w9387vq73mkuyq85tl34cee6qn5uexqy0csgnafnjx7,171000000,
9395c00beaf8907fa12abbd58b667e7e445853d1b2ace46d7bd8d555bca79f17,2023-11-28T19:44:47.307000,sent,kaspa:qyp4fnehysdnpl52txqtvf4qfzy2ftk94fdyz7varsa952gprwfyjcg7hm9rgdu,18000000,
85797d2f16ff1637c81ce88a65732b5c861c965d96fb060a3955206fb6f8dadb,2023-11-28T19:39:48.498000,received,kaspa:qpelmscywk22ut5c7zmwt0vu96jveg9mwrdcwcx644t0yj9efvkl7kek7gc24,19000000,
