tx_id,timestamp,direction,peer_address,amount_sompi,cex_label
63e4775d8a3f2186a004ab3a0f20b51731226c4795a582bf9cdc81528a08c129,2024-06-08T22:53:34.447000,sent,kaspa:qq3k4du6wf2g26j7ds6fqmgtgavgm3zy676wntp2e52nsuns2n4s6xkndmx0y,16999890000,
125b744b25f8565994ea29ad27a9f3ba8fd212eb24bbdfeb1d71042e12bacdfa,2024-06-08T22:49:16.148000,received,kaspa:qzvcvmrr2zqkr9hza4556yj8ht0803gcx9y57ncxfgyuvcslnxhw566amcqgf,17000000000,
125b744b25f8565994ea29ad27a9f3ba8fd212eb24bbdfeb1d71042e12bacdfa,2024-06-08T22:49:16.148000,received,kaspa:qzvcvmrr2zqkr9hza4556yj8ht0803gcx9y57ncxfgyuvcslnxhw566amcqgf,17000000000,
957699e214d696c2f81ff3e4436a3056c8836cc86de7599cab04df6effe69473,2024-06-08T22:22:33.281000,sent,kaspa:qq3k4du6wf2g26j7ds6fqmgtgavgm3zy676wntp2e52nsuns2n4s6xkndmx0y,199999890000,
0cadd977bb42ebc60fc95be19b54711eef080cfe62d4a1099d8097fe981fdda8,2024-06-08T22:21:33.729000,sent,kaspa:qq3k4du6wf2g26j7ds6fqmgtgavgm3zy676wntp2e52nsuns2n4s6xkndmx0y,99999890000,
23038326c86e8d6917ef696269edce963caad75fc3d9622e0da40bb06ac3dca8,2024-06-08T22:17:54.208000,received,kaspa:qzvcvmrr2zqkr9hza4556yj8ht0803gcx9y57ncxfgyuvcslnxhw566amcqgf,200000000000,
23038326c86e8d6917ef696269edce963caad75fc3d9622e0da40bb06ac3dca8,2024-06-08T22:17:54.208000,received,kaspa:qzvcvmrr2zqkr9hza4556yj8ht0803gcx9y57ncxfgyuvcslnxhw566amcqgf,200000000000,
25ea9ee1fdd45955eb695c407b5b366014471a2f69dad5e57d11e63de1879e2e,2024-06-08T22:16:36.200000,received,kaspa:qzwuy6ga9dfd9002z8vyq7pqy6mz3g8p3k9jaacrv4u587h033jlzthzrgxxj,100000000000,
25ea9ee1fdd45955eb695c407b5b366014471a2f69dad5e57d11e63de1879e2e,2024-06-08T22:16:36.200000,received,kaspa:qqfjseewcpal22hfudwhrcjgdchvuquffphll6qgjtayecjaezqn2k88sk2cl,100000000000,
9be3a4b0562cd03bdb41ea5bacfa9ba83ac799c75a3910a6e106ad18d7c3cce2,2024-06-08T13:54:36.965000,sent,kaspa:qq3k4du6wf2g26j7ds6fqmgtgavgm3zy676wntp2e52nsuns2n4s6xkndmx0y,899999890000,
ec0edb574f582fa878061e1aa3f2ebca2aa624e50d8da5f5ece88de6c05b3491,2024-06-08T13:49:19.852000,received,kaspa:qpkp8l2uk5f30shuyr9fm6uv2wjq0rgf7ddqtl98973k7kkmp840cllsgjngc,900000000000,
ec0edb574f582fa878061e1aa3f2ebca2aa624e50d8da5f5ece88de6c05b3491,2024-06-08T13:49:19.852000,received,kaspa:qz8sxjvw09rx8v8r7x63m4fwcz8pncawk34wjntgna5eu3pvh3pg5yf9wmuv5,900000000000,
ec0edb574f582fa878061e1aa3f2ebca2aa624e50d8da5f5ece88de6c05b3491,2024-06-08T13:49:19.852000,received,kaspa:qzwuy6ga9dfd9002z8vyq7pqy6mz3g8p3k9jaacrv4u587h033jlzthzrgxxj,900000000000,
ec0edb574f582fa878061e1aa3f2ebca2aa624e50d8da5f5ece88de6c05b3491,2024-06-08T13:49:19.852000,received,kaspa:qzwuy6ga9dfd9002z8vyq7pqy6mz3g8p3k9jaacrv4u587h033jlzthzrgxxj,900000000000,
f1a569f1e9e1037f68be0aee49ff6076ecc3d750107475fe5b02d3ef98702144,2024-06-08T12:47:35.427000,sent,kaspa:qq3k4du6wf2g26j7ds6fqmgtgavgm3zy676wntp2e52nsuns2n4s6xkndmx0y,999999890000,
f14d633dacbaea9cbd77319dbeb68038665533077766db5cb1f6cf66e3f6309a,2024-06-08T12:42:57.304000,received,kaspa:qpeh8e36pypvsf2kdwyk26px5pnakydtq4xzhk6q06raq2x9uegwk056kz5yc,1000000000000,
f14d633dacbaea9cbd77319dbeb68038665533077766db5cb1f6cf66e3f6309a,2024-06-08T12:42:57.304000,received,kaspa:qzq76r0mhg2ntsthkmf20rsn9cgf0plh8astmxf0e4rk24xxcj4e67av60wrv,1000000000000,
a3ec7e3785b9bfba42f2b6d25320d06d09132bdbacc0702922ee6c3dd30422c1,2024-06-07T13:50:25.440000,sent,kaspa:qq3k4du6wf2g26j7ds6fqmgtgavgm3zy676wntp2e52nsuns2n4s6xkndmx0y,799999890000,
cebd184077c724b7cf2f7da88254d8925273283c862d51d11c71f0d12bbde2f6,2024-06-07T13:47:44.075000,sent,kaspa:qq3k4du6wf2g26j7ds6fqmgtgavgm3zy676wntp2e52nsuns2n4s6xkndmx0y,99999890000,
987a76f557422d24bde7f44f75d1f3cf2946224201ebdf53d62d20895343eed1,2024-06-07T13:45:44.531000,received,kaspa:qpg25uytzxjvch9qsq4jrqg4cqqx7a3dret3kz0f8d48gkfw3heyq3jckz9p6,800000000000,
4b045774c8e0928232283345d77fb1f08f2d4d93526a8475cb659e10aa847c39,2024-06-07T13:43:39.643000,received,kaspa:qpp7uaw4uqpjtcvxl2mqsvpfvjrqkgcwlhsa0vfwywnasz0z690tk6tfl42yk,100000000000,
23973b9a3903b3f9928873d33d6b6e81ac208ce09abcf54232f6d05e5cc3d9d1,2024-04-25T22:49:31.329000,sent,kaspa:qq3k4du6wf2g26j7ds6fqmgtgavgm3zy676wntp2e52nsuns2n4s6xkndmx0y,899999890000,
cf5c73234e0345ee72a80ed0a1e27f49e177896de7e1276075924f9d7c058fbd,2024-04-25T22:47:09.241000,sent,kaspa:qq3k4du6wf2g26j7ds6fqmgtgavgm3zy676wntp2e52nsuns2n4s6xkndmx0y,99999890000,
3afdb89774203fa2d3435916a51e682ee01b361cb57a5b88bf2a16da6ea4ed44,2024-04-25T22:44:04.306000,received,kaspa:qzmaj8nl20tv7wltaw82v4a67gajrfdjl7twgckejxjlhh7fjuuz6mzfjhkd4,900000000000,
f006e84ac13818031e6fd8f82cf821de94fdd5f77c9ced1f998caf8df8b0308e,2024-04-25T22:42:46.793000,received,kaspa:qz2wwwh6h7akrmdfugezjdln8tkw7p268a7c78s0jd2s8ueatj36k6gu6zfmf,100000000000,
6fac0cf0e43386cbe817b291afd9ec7c6c0befd89e28a6d738dee57d59998e80,2024-04-25T16:15:08.682000,sent,kaspa:qq3k4du6wf2g26j7ds6fqmgtgavgm3zy676wntp2e52nsuns2n4s6xkndmx0y,4399999890000,
a60a40e53a31e65e57f1c055ae5887d9083a0989a9970e52db820428ac8d46e7,2024-04-25T16:12:06.570000,sent,kaspa:qq3k4du6wf2g26j7ds6fqmgtgavgm3zy676wntp2e52nsuns2n4s6xkndmx0y,99890000,
df442da14125402ff8becab84a0a4590fe1fcf85084e0b2babb87eea99387a18,2024-04-25T16:10:35.948000,received,kaspa:qq06erhgrgafn76z27cl5hkvc6gtytzhdntx0da8phmapz2awzqcs0qdtfnnq,4400000000000,
df442da14125402ff8becab84a0a4590fe1fcf85084e0b2babb87eea99387a18,2024-04-25T16:10:35.948000,received,kaspa:qp0hs6ddxpcftz5f92k4setar0ymaa3zcuuktkraceez7rkc86twkh6ynax2h,4400000000000,
6a9cad260f423c15dc4f69b3f40e71fd52350e84a7617c6798dff7571be3f79e,2024-04-25T16:07:23.156000,received,kaspa:qqkgksse8xtphzp83k9pf7p5khpzwdj4ntfv3tp5qj2qud5d5t6sjew2snj7l,100000000,
dcffedcbbc2f48dcf8ef0fb956fc433dd02ea4eff72e8adf7cffb8faaed2835d,2024-04-18T14:33:18.360000,sent,kaspa:qq3k4du6wf2g26j7ds6fqmgtgavgm3zy676wntp2e52nsuns2n4s6xkndmx0y,999999890000,
4fdb2e2d663ca646fbd93fef4a3633844b324d96e829fdc4de429a55f77d8bfa,2024-04-18T14:29:14.173000,received,kaspa:qqxkxps6c36928zhy2lt9sr8fnutwhw20dq5c5khv5hyfu9ycq85qxjwsprzm,1000000000000,
9e480ad96f4c2592f7353d73d613cfdd367e1aa0fd09005daea1aefdfbf75c42,2024-04-18T13:42:16.732000,sent,kaspa:qq3k4du6wf2g26j7ds6fqmgtgavgm3zy676wntp2e52nsuns2n4s6xkndmx0y,999999890000,
b6f0f2f0bb95ede59e68595ae5b62a61b6197569559ed5abac9628cbbbecdca7,2024-04-18T13:37:30.504000,received,kaspa:qpwm28z365mjczdugg40ex5tavth3hfwm7j0mf7xly33afm5kljh67w2j0rup,1000000000000,
674bfe83c1b2595d37355391bf6831b2e5bc7d4da4b287b1d88346f08d2e8658,2024-04-18T08:38:20.877000,sent,kaspa:qq3k4du6wf2g26j7ds6fqmgtgavgm3zy676wntp2e52nsuns2n4s6xkndmx0y,169899890000,
8868f36d44d9677c997226d7d07900f82eefa83dfe6cd8c9079fbeb73754bcdf,2024-04-18T08:33:55.986000,received,kaspa:qpqgvc8f0urk3n7j8p2rcu4wk88dt6ts6nukx2h7mzkpmwmrjzve5g6lk0eph,169900000000,
24b3693f8d22b2f9357d0c17a1349841c6e6f40313a75a39eb3faeffe346b3c9,2024-04-03T13:58:49.275000,sent,kaspa:qq3k4du6wf2g26j7ds6fqmgtgavgm3zy676wntp2e52nsuns2n4s6xkndmx0y,999999890000,
1e113219dff3a7b8d202111d0b58c07ce1bac8e718200be99dec8e2b72713136,2024-04-03T13:53:57.191000,received,kaspa:qzsuhw7w6eymyzq4dt07w498a3zp3t7j7vf7ec4n5yzgdjfcjs2z2hhtmr6at,1000000000000,
e2985b4705a0cff61fa7bd99e113c7f016e5d8af193219b6436320ca9db5c8ca,2023-12-18T23:43:48.374000,sent,kaspa:qq3k4du6wf2g26j7ds6fqmgtgavgm3zy676wntp2e52nsuns2n4s6xkndmx0y,4599890000,
c98aaed3b3adc2c2f5a1f35ce6bdb2fb72b8f0026a14f37716ccdf3d4bba8a39,2023-12-18T23:38:59.678000,received,kaspa:qqwvnkp47wsj6n4hkdlgj8dsauyx0xvefunnwvvsmpq2udd0ka8ckmpuqw3k5,4600000000,
859680069cad51b044af948a2fdf2cf0069846aa80435aec8f3780ecf5f6ae9d,2023-12-18T23:26:42.674000,sent,kaspa:qq3k4du6wf2g26j7ds6fqmgtgavgm3zy676wntp2e52nsuns2n4s6xkndmx0y,13145890000,
9ee69e9058ac32ac961682b053b2a0068c37fbd78323e8bd2f624d6750a0f6af,2023-12-18T23:22:07.056000,received,kaspa:qqetp7ct8kqss99fxmymyz5t3fezppxp0t58wl6pawp27elqd46uudme00cl0,13146000000,
6703e940ed78aab0d438e6905f5234bc5ab0a7667e217e81a53aae34d2193548,2023-12-18T23:14:25.424000,sent,kaspa:qq3k4du6wf2g26j7ds6fqmgtgavgm3zy676wntp2e52nsuns2n4s6xkndmx0y,7499890000,
5f57ebde3c9670e98e1af5e57a8a0a01111914de58ed6279e1f5263e9f9aa479,2023-12-18T23:09:39.189000,received,kaspa:qqwvnkp47wsj6n4hkdlgj8dsauyx0xvefunnwvvsmpq2udd0ka8ckmpuqw3k5,7500000000,
7858cf284abdf908093f7ede57f302b2da9b868a61e4a0eb99615308496ec3dc,2023-12-11T11:58:43.881000,sent,kaspa:qq3k4du6wf2g26j7ds6fqmgtgavgm3zy676wntp2e52nsuns2n4s6xkndmx0y,39979890188,
a5cbd030fc4dd4885436d9b62c121830ed8af4cdd4cea1a5dd32a921f537804a,2023-12-11T11:53:44.393000,received,kaspa:qqwvnkp47wsj6n4hkdlgj8dsauyx0xvefunnwvvsmpq2udd0ka8ckmpuqw3k5,39980000188,
a87df9cb6aec549c4319b74dbd2d95fc7d4797f150d61a51880aed732792aec2,2023-12-11T11:37:44.676000,sent,kaspa:qq3k4du6wf2g26j7ds6fqmgtgavgm3zy676wntp2e52nsuns2n4s6xkndmx0y,401499686000,
a73ffb88ad678592945978d2b56522eea160aef071832cc78650c677d8027eb8,2023-12-11T11:33:10.344000,received,kaspa:qrelgny7sr3vahq69yykxx36m65gvmhryxrlwngfzgu8xkdslum2yxjp3ap8m,401499796000,Gate.io
