tx_id,timestamp,direction,peer_address,amount_sompi,cex_label
0a3ae8b1bc44843504bfadd8694f474a8ee274f7532d269fd284007b1009c405,2024-11-18T11:18:13.632000,sent,kaspa:qqnqv3rvnctfyrjteurqm0gmqfu7yjg3949yxpyxxfa4rgm9nt2zxauwq8xvs,800000000000,
0a3ae8b1bc44843504bfadd8694f474a8ee274f7532d269fd284007b1009c405,2024-11-18T11:18:13.632000,sent,kaspa:qp23mxlyyy3ys39ew2j0q5ttn5sw90dg5kdqft7jmsxdv00mzl2kjdjcm5wj3,8902687564,
6b293aeb3573e9a096f27ee2499951592df8212d48a2b94106b4bffd1057a5b5,2024-11-18T10:56:25.736000,received,kaspa:qqps8elt5dww5dqn95cc2sw32jkwv89rvsegcdkgzwwjp7c0z3hmy0nmfar7q,10548644076,
6b293aeb3573e9a096f27ee2499951592df8212d48a2b94106b4bffd1057a5b5,2024-11-18T10:56:25.736000,received,kaspa:qpymwr6dw3xltzw589w6k5nleajy7wmya6zrtfjwrjr7rzd4eyvexrryf7cvu,10548644076,
6b293aeb3573e9a096f27ee2499951592df8212d48a2b94106b4bffd1057a5b5,2024-11-18T10:56:25.736000,received,kaspa:qqpd6qxve963pae06fh27dx40eckruu8fglhfuzr2tauas9zaam0gaeg3sypp,10548644076,
