tx_id,timestamp,direction,peer_address,amount_sompi,cex_label
3ffd8e2b9cf1f9ea91ee33b608617fbd4499d914032a6e1d54b5be4e951b9618,2023-12-20T03:58:54.610000,sent,kaspa:qreqsngaxxapnz8p4l7yey3a784pm4z6fladx838j9v6neh0jjgeu8y0057wp,172970000,
3ffd8e2b9cf1f9ea91ee33b608617fbd4499d914032a6e1d54b5be4e951b9618,2023-12-20T03:58:54.610000,sent,kaspa:qreqsngaxxapnz8p4l7yey3a784pm4z6fladx838j9v6neh0jjgeu8y0057wp,172970000,
c929d75053a630f7cd204a685bcb0ba285b4837c6106e1a40ae35894b2513c1c,2023-12-12T03:46:04.622000,received,kaspa:qypswxtcrv4ssyjaswy5w9387vq73mkuyq85tl34cee6qn5uexqy0csgnafnjx7,171000000,
89b554a0423c3a60b663e7795a4a5a3f4dfcb9ad47b30d72948a6cea8303e5b2,2023-11-28T01:34:50.255000,sent,kaspa:qyplvd3ayl2yurkm7m4j0kdnw67qqt4ghedvpdmxappejwxv70syzxgy79ye65h,18000000,
56af41c688c84e03ccca24612bba5250ad71746e935b4084678356e48f988a91,2023-11-27T20:10:45.101000,received,kaspa:qypamkqlgmq5vuvdg4q6wghkecpvfd5y7yfmmgy4xz09hfgrajla6tg5xqdffl8,20000000,
