tx_id,timestamp,direction,peer_address,amount_sompi,cex_label
6b20e3d37bbf5cea8dc4e43489c207d1f0c08763714037b3689184ec974fda55,2023-12-16T04:51:43.809000,sent,kaspa:qzslgwenzu78t6tldlng383g7ruu4enaljmnkgaulyrscjp7ldt26x8gfxck5,171940000,
6b20e3d37bbf5cea8dc4e43489c207d1f0c08763714037b3689184ec974fda55,2023-12-16T04:51:43.809000,sent,kaspa:qzslgwenzu78t6tldlng383g7ruu4enaljmnkgaulyrscjp7ldt26x8gfxck5,171940000,
f4aaf837d3569c544a501bb72e51e9dfa3eaaa45d1f878d005f72300f4b280c5,2023-12-12T21:09:17.443000,received,kaspa:qypswxtcrv4ssyjaswy5w9387vq73mkuyq85tl34cee6qn5uexqy0csgnafnjx7,171000000,
fd507450e739d8a9c2231dd5980907033ec6aee845e1df401d7b24377e294c06,2023-11-29T11:59:16.001000,sent,kaspa:qypccahg0ch6sw46574qkwucumvra4vgxufcd6ajnadfp6thk9tuh4gd0lpp45f,18000000,
94e22e9a4c24933e03e6e75f6ffd9cbe041dcc20cae29c8dada490eccd6fc9d1,2023-11-27T18:27:56.754000,received,kaspa:qr00szcfm9lqrrz4zhrls9l8uhvdez5xl4wytlfmfjz9gy4g9eneqn90c9aer,19000000,
