tx_id,timestamp,direction,peer_address,amount_sompi,cex_label
d7cd4731b9b6243851c6d565426d5c5a3f66046051d6927ba25b6fdfb910211a,2023-12-16T04:52:39.123000,sent,kaspa:qzslgwenzu78t6tldlng383g7ruu4enaljmnkgaulyrscjp7ldt26x8gfxck5,171940000,
d7cd4731b9b6243851c6d565426d5c5a3f66046051d6927ba25b6fdfb910211a,2023-12-16T04:52:39.123000,sent,kaspa:qzslgwenzu78t6tldlng383g7ruu4enaljmnkgaulyrscjp7ldt26x8gfxck5,171940000,
c3510f9359bf1f22d44036910abc8beabf4765f3e2b7045b0178af99674826d1,2023-12-12T23:14:42.928000,received,kaspa:qypswxtcrv4ssyjaswy5w9387vq73mkuyq85tl34cee6qn5uexqy0csgnafnjx7,171000000,
7e6bdf44d6a5c8568ea2532226c3acd0aae187dbd2076a2aa2002015363807e1,2023-11-29T14:47:47.983000,sent,kaspa:qyp2armm2exfhm5k2xges2eevg8qyxrf8g9a3mgzhuwt6sht9elmers8g9knu0p,18000000,
f7e91809e0755729a975013a44849e50fb89fd19d5f6874c15c7718653241927,2023-11-27T19:59:47.398000,received,kaspa:qqwsmgw49jlnngfsqmtfxnu9e95hdwznezawzwvdfpjtc2rxj5a5gzzqujd0e,19000000,
