tx_id,timestamp,direction,peer_address,amount_sompi,cex_label
2ee03cec722e32edaf90baca1343ee46bcbe1400f9bb954365ba7bb0a7d947fe,2024-02-07T18:58:21.985000,sent,kaspa:qqnqv3rvnctfyrjteurqm0gmqfu7yjg3949yxpyxxfa4rgm9nt2zxauwq8xvs,590000000000,
2ee03cec722e32edaf90baca1343ee46bcbe1400f9bb954365ba7bb0a7d947fe,2024-02-07T18:58:21.985000,sent,kaspa:qqkrhaecyw0nm7un523xn4yh8cql0pd6mkhncq405mjlhvww6xmfj5cmasdae,22681716596,
f7156d622e4abbd30387c7174ea206fc6bc35da0e27609e854e842712c40d66a,2024-02-07T18:46:41.427000,received,kaspa:qq64xn3wskgsjnnyzn8aasn556egyrsjz6r4ktdqp9tjvdnvgam6sl0fqvxrw,612681718665,
f7156d622e4abbd30387c7174ea206fc6bc35da0e27609e854e842712c40d66a,2024-02-07T18:46:41.427000,received,kaspa:qr26rj66v8jceaxp0g7kjrhg5utd4422ydjwkjak54cy25e8s22tz0r5nvuph,612681718665,
