tx_id,timestamp,direction,peer_address,amount_sompi,cex_label
939a1acd9d5ee129fbd0278f5728fbfff66c70fc2624a829ff240a6326aca6b2,2023-12-19T09:25:09.339000,sent,kaspa:qrkaxvl2tw6pq6zx9xrr9lqnt9x72upf0hsrp3cvgcmfz77m50ycua35nz200,172940000,
939a1acd9d5ee129fbd0278f5728fbfff66c70fc2624a829ff240a6326aca6b2,2023-12-19T09:25:09.339000,sent,kaspa:qrkaxvl2tw6pq6zx9xrr9lqnt9x72upf0hsrp3cvgcmfz77m50ycua35nz200,172940000,
3ecae7d4bed087d95eeecc288b18ea5f13acd68760f081537db22e6ac37e2c98,2023-12-12T09:44:49.728000,received,kaspa:qypswxtcrv4ssyjaswy5w9387vq73mkuyq85tl34cee6qn5uexqy0csgnafnjx7,171000000,
ab315eb75019917b1edd5536177816b04a2574631e4eb7a0b1c17bb4519e16c0,2023-11-28T13:49:58.409000,sent,kaspa:qypr856x7r3nsru443u6ed6twgklgz6k8jz6yze2gzwg59th2yapy2c7w0dmsga,18000000,
6076031f31ce87ef631612b7f56f2b9016513d78600e1c724bdf47bfa484bd22,2023-11-28T11:16:19.340000,sent,kaspa:qrgc5kswdv6khc7shpuru2gjnmgn60j7q7zsud5l8cvu2jk53vhe77hp280h6,20000000,
3351df75f4bdf5acf13b3f5228889e978be29bac8c5d5a70e65fb66835b869d1,2023-11-28T10:10:47.308000,sent,kaspa:qpfsfnrp2s64a9ap45rdjdd8u8jyr7hv5vl3n53565cyvusfk5x4sgtghj0ka,20000000,
91db3a9eb0ba86e8c393ab6a1952e47402009896a87a6d44037cda0499ba34a6,2023-11-28T08:33:24.952000,sent,kaspa:qqvfu9urdwxmjsf8pppcx6g3dj4c9lvg4f8p3azyvreuscwlump96dyjv95jz,20000000,
a90678e3ad498217ad4a152e00962bb7c15333dd34114b474dbdb786c3b415c5,2023-11-28T06:10:56.598000,received,kaspa:qzl5jyea8nrkw0qhh2tvgr85tn8mkcvjhn7qxyqvd0flvl8h3r4x5gegkprp2,80000000,
