tx_id,timestamp,direction,peer_address,amount_sompi,cex_label
ab11f0adaf2a86aacf53c3bf939482e4a64c8b7dda4f638e5b555c8c77329580,2023-12-16T04:03:04.034000,sent,kaspa:qzslgwenzu78t6tldlng383g7ruu4enaljmnkgaulyrscjp7ldt26x8gfxck5,171940000,
ab11f0adaf2a86aacf53c3bf939482e4a64c8b7dda4f638e5b555c8c77329580,2023-12-16T04:03:04.034000,sent,kaspa:qzslgwenzu78t6tldlng383g7ruu4enaljmnkgaulyrscjp7ldt26x8gfxck5,171940000,
3a8d54b4d797038b4d982d66247fc71c77a3fb504957cc6b07395c49f717f1b8,2023-12-12T23:24:58.079000,received,kaspa:qypswxtcrv4ssyjaswy5w9387vq73mkuyq85tl34cee6qn5uexqy0csgnafnjx7,171000000,
3912ddbb1689b36713850567a812026c8827c30fbb76a0aa81f305bbba24fbfd,2023-11-29T14:56:44.902000,sent,kaspa:qypsn6rx2w9dyg6vtpd38wzd3akcp99wegee6wlweyy6jfjerz53hfgqrnq377f,18000000,
ce49259a445050df0139deeff229667341077bfa04eb0fb934e4c98cb43d9abb,2023-11-27T18:28:20.154000,received,kaspa:qrfljlmy9fxt57pcvshn7ym90d0lszlyxe36fx9lgqgwam0y9fmay00msesrt,19000000,
