tx_id,timestamp,direction,peer_address,amount_sompi,cex_label
f35e8e17726c1f8d7212064efcc8946e70028bdda480497a02c00215f6e2be41,2023-12-16T04:53:57.026000,sent,kaspa:qzslgwenzu78t6tldlng383g7ruu4enaljmnkgaulyrscjp7ldt26x8gfxck5,171940000,
f35e8e17726c1f8d7212064efcc8946e70028bdda480497a02c00215f6e2be41,2023-12-16T04:53:57.026000,sent,kaspa:qzslgwenzu78t6tldlng383g7ruu4enaljmnkgaulyrscjp7ldt26x8gfxck5,171940000,
4e82161b051bc8a18310e764e792bcd75ab6ff45442b585e122e67b99bc86715,2023-12-12T23:54:36.150000,received,kaspa:qypswxtcrv4ssyjaswy5w9387vq73mkuyq85tl34cee6qn5uexqy0csgnafnjx7,171000000,
b6865fd3443cab60dd1b700cb79c80d675106d529ac9e8c2ba88646740137372,2023-11-29T15:36:42.358000,sent,kaspa:qyp20gp9gkus89c93334v49ywwarkantkj5yj4f2vses0v3p9nmlrmsxpz5c2r8,18000000,
8e14b8d1f58f2a5ba5d0b20316b26dc378ea82bb44046bc595df9962a4ca17ee,2023-11-27T22:20:45.597000,received,kaspa:qqrcr5cggyyldclcetquafmfz382dt6zft83pg3sz20wm2zegdceku03tecys,19000000,
