tx_id,timestamp,direction,peer_address,amount_sompi,cex_label
d2110daedf611f92ecd372c151dfa32ffdc62cb614c73f95c37e3863c069ce0f,2023-12-23T13:06:21.752000,sent,kaspa:qr095jq82pcssva3evn7wqxsgl8gp0e9970rckwdqm7u2tez80p8jd4y48tz5,172970000,
d2110daedf611f92ecd372c151dfa32ffdc62cb614c73f95c37e3863c069ce0f,2023-12-23T13:06:21.752000,sent,kaspa:qr095jq82pcssva3evn7wqxsgl8gp0e9970rckwdqm7u2tez80p8jd4y48tz5,172970000,
91a7030693f7dfa754463235aa254ec96caf05b72af34df61a2621a1633a27b7,2023-12-12T21:30:06.279000,received,kaspa:qypswxtcrv4ssyjaswy5w9387vq73mkuyq85tl34cee6qn5uexqy0csgnafnjx7,171000000,
2762516214b67632928b96d451b95e802b8eedcb7c7b7632050f29fb192ca1c5,2023-11-29T13:02:24.546000,sent,kaspa:qypnfe5yshp6yx96nfzpm4r9hc9h3v3yn6yq6sulq5m2jhgvqp3vfgsfwa8grvj,18000000,
f7597091379576fdac8ecfa514ef08bf037b70b250cc4f4490b7982774be7c14,2023-11-28T18:45:20.479000,received,kaspa:qypamkqlgmq5vuvdg4q6wghkecpvfd5y7yfmmgy4xz09hfgrajla6tg5xqdffl8,20000000,
