tx_id,timestamp,direction,peer_address,amount_sompi,cex_label
0fc36911ad524caa75193d7628d8811ee0ff4b495b5c174bccab05d41d5fb0c8,2023-12-16T03:20:18.400000,sent,kaspa:qzslgwenzu78t6tldlng383g7ruu4enaljmnkgaulyrscjp7ldt26x8gfxck5,171940000,
0fc36911ad524caa75193d7628d8811ee0ff4b495b5c174bccab05d41d5fb0c8,2023-12-16T03:20:18.400000,sent,kaspa:qzslgwenzu78t6tldlng383g7ruu4enaljmnkgaulyrscjp7ldt26x8gfxck5,171940000,
cce6932f2c11c9b1c75e75c760c7ce8808f0c3ec66d5b487b6ffdfaf2e7daeb6,2023-12-12T03:05:37.332000,received,kaspa:qypswxtcrv4ssyjaswy5w9387vq73mkuyq85tl34cee6qn5uexqy0csgnafnjx7,171000000,
7fc1595d42f13fcd62d62388a02b458ff14d5adff338f540db19e0cb1f64092e,2023-11-28T00:59:09.740000,sent,kaspa:qyp9s0v62fmz0qn74p726um9prlzpmp0mklky59plj8k9tmdgm6ntvstfhc0vdn,18000000,
0196814b61c65cad600a8a486f83fe1785f541dd22408404fdcefa836aa90267,2023-11-27T20:29:27.814000,received,kaspa:qzhn0fpgvamcv6yxpr84knuekx80cs79lnen896delml7wpj76rn6mv5d3669,19000000,
