tx_id,timestamp,direction,peer_address,amount_sompi,cex_label
f799a9c201f8818cc4c639d8dd3dcb47449420672127f62434179bce6fb562a8,2023-12-16T04:03:21.593000,sent,kaspa:qzslgwenzu78t6tldlng383g7ruu4enaljmnkgaulyrscjp7ldt26x8gfxck5,171940000,
f799a9c201f8818cc4c639d8dd3dcb47449420672127f62434179bce6fb562a8,2023-12-16T04:03:21.593000,sent,kaspa:qzslgwenzu78t6tldlng383g7ruu4enaljmnkgaulyrscjp7ldt26x8gfxck5,171940000,
8adc2128f20ad7dd0c7b69da1ec3b99c84d0c048dfbbf54dec915837093a6658,2023-12-12T09:19:18.002000,received,kaspa:qypswxtcrv4ssyjaswy5w9387vq73mkuyq85tl34cee6qn5uexqy0csgnafnjx7,171000000,
5c5adcf880627839b95da4e5e19f53a4d08f5491412f6b679f0a2ae37336e592,2023-11-28T13:17:12.558000,sent,kaspa:qypl7nvc9w6uacqasv49tmnlqvgp9dnhcl9s3hnep6nlrkjw4c22gksmh0cnhdt,18000000,
cc763e28cfd6f8ca3838ed6d37373f50a0fee1a99fefbad8d6cb8fd965fcaa69,2023-11-28T09:03:41.570000,received,kaspa:qzs93uy8lgftjy8s3hy4k4hdawca232l0j597rufq8m626hl8tk7q7cynjhdl,19000000,
