tx_id,timestamp,direction,peer_address,amount_sompi,cex_label
d409b6411b993114f606c204ac86a16aa43667dd78a1e01bbfbd58875fbfeb86,2024-11-12T21:49:56.723000,sent,kaspa:qqfdh0y6c57v990huwkck8gumham7y7he42zpzxlyftfg9ch4z6mu8my9ru3u,4035300000000,
7f5d922cc365bbe5f1f1e0caf6cb66837bfb46ca52843b25155133f415636fc0,2024-11-10T19:58:18.174000,sent,kaspa:qpqxad9wwh3ppe8zshllf4sj9d7sys0tut07xl0fz5p7um9td8acglh8y66h0,10000000000000,
78ab5b259047629c2ba5b830a55f9a6789b093b07fa8e711a6d8499cc0b07b15,2024-11-10T19:54:00.206000,sent,kaspa:qqk0anwj8mfea527fcecekfddpe78q6808pr5th56pcqe5z63mglcwxvh8m26,1000000000000,
f51743cc519bf082b07121bd2dfa5ca0514d23092fd4d9f44432ca3306851119,2024-10-09T21:12:15.723000,sent,kaspa:qqfdh0y6c57v990huwkck8gumham7y7he42zpzxlyftfg9ch4z6mu8my9ru3u,3000000000000,
2e21d045e5ea43cb95b1d0af940f1527330d6690e7239c784f07fe9a9388277b,2024-10-03T17:28:54.257000,sent,kaspa:qqfdh0y6c57v990huwkck8gumham7y7he42zpzxlyftfg9ch4z6mu8my9ru3u,2000000000000,
9784056e9535fb47aa42b4e8f73e3957f9baa87cc118ea8cb0203dad88cd17a8,2024-09-14T16:49:42.956000,sent,kaspa:qqfdh0y6c57v990huwkck8gumham7y7he42zpzxlyftfg9ch4z6mu8my9ru3u,5000000000000,
5b4de11551683609f7dc84c23231be8db7995b15af4dc37e026d0eeaa663d59f,2024-09-11T14:01:47.200000,sent,kaspa:qqfdh0y6c57v990huwkck8gumham7y7he42zpzxlyftfg9ch4z6mu8my9ru3u,2500000000000,
5b4de11551683609f7dc84c23231be8db7995b15af4dc37e026d0eeaa663d59f,2024-09-11T14:01:47.200000,sent,kaspa:qqfdh0y6c57v990huwkck8gumham7y7he42zpzxlyftfg9ch4z6mu8my9ru3u,2500000000000,
5b4de11551683609f7dc84c23231be8db7995b15af4dc37e026d0eeaa663d59f,2024-09-11T14:01:47.200000,sent,kaspa:qqfdh0y6c57v990huwkck8gumham7y7he42zpzxlyftfg9ch4z6mu8my9ru3u,2500000000000,
5b4de11551683609f7dc84c23231be8db7995b15af4dc37e026d0eeaa663d59f,2024-09-11T14:01:47.200000,sent,kaspa:qqfdh0y6c57v990huwkck8gumham7y7he42zpzxlyftfg9ch4z6mu8my9ru3u,2500000000000,
5b4de11551683609f7dc84c23231be8db7995b15af4dc37e026d0eeaa663d59f,2024-09-11T14:01:47.200000,sent,kaspa:qqfdh0y6c57v990huwkck8gumham7y7he42zpzxlyftfg9ch4z6mu8my9ru3u,2500000000000,
7d66d98d3edc4aaeaee09dbf1ce90b732c2d2b9a33bc09048e0fa2d291ba52a9,2024-08-06T05:50:15.081000,received,kaspa:qq9zagcza4jt76eev9jl5z0nqhe0thcu7js8larktj4sle7lvgnw7sfcewlty,4538893588300,
fc4519d4556e919300395ca4e3b74150e16721869aad058886bb70663f74d706,2024-08-05T16:08:29.705000,received,kaspa:qq9zagcza4jt76eev9jl5z0nqhe0thcu7js8larktj4sle7lvgnw7sfcewlty,1823086762490,
a4a870e5252780beb6ee85dd5aa700b3d7fed2550526c19df83f875d537410cf,2024-08-05T15:23:32.622000,received,kaspa:qq9zagcza4jt76eev9jl5z0nqhe0thcu7js8larktj4sle7lvgnw7sfcewlty,1600935525885,
753825320b587dc9f5e51ff376cd68df3699211769c5b1650d642fd9d2f7f752,2024-08-05T15:02:30.525000,received,kaspa:qq9zagcza4jt76eev9jl5z0nqhe0thcu7js8larktj4sle7lvgnw7sfcewlty,4554664362448,
9ada56d97fe01db83c3f0ff3e7a1287b788cf9f33ebf1514f1e1bc9f01e2ce14,2024-08-05T13:43:21.111000,sent,kaspa:qq9zagcza4jt76eev9jl5z0nqhe0thcu7js8larktj4sle7lvgnw7sfcewlty,5000000000000,
66ab94ba6879f98444a38932b334c1a241a16df10159a4ec00bbeacd33bbed6b,2024-08-05T11:47:00.860000,sent,kaspa:qq9zagcza4jt76eev9jl5z0nqhe0thcu7js8larktj4sle7lvgnw7sfcewlty,7500000000000,
367eca0662e034a84315d630437a3991872fba8ef210a865d0ce062f986ab6d5,2024-08-05T11:29:25.002000,sent,kaspa:qq9zagcza4jt76eev9jl5z0nqhe0thcu7js8larktj4sle7lvgnw7sfcewlty,10000000000000,
b0f5594b2722640114a80f639ead82a22fe62c95d87ce793630d35e3a9967cad,2024-07-24T18:36:37.909000,sent,kaspa:qqfdh0y6c57v990huwkck8gumham7y7he42zpzxlyftfg9ch4z6mu8my9ru3u,1900000000000,
25599513ded21f7cbc9c3a3dd0653836fbdf2224b72a7d66eb17e840f6e5d0fb,2024-06-01T18:11:52.269000,sent,kaspa:qq9zagcza4jt76eev9jl5z0nqhe0thcu7js8larktj4sle7lvgnw7sfcewlty,1500000000000,
25599513ded21f7cbc9c3a3dd0653836fbdf2224b72a7d66eb17e840f6e5d0fb,2024-06-01T18:11:52.269000,sent,kaspa:qq9zagcza4jt76eev9jl5z0nqhe0thcu7js8larktj4sle7lvgnw7sfcewlty,1500000000000,
25599513ded21f7cbc9c3a3dd0653836fbdf2224b72a7d66eb17e840f6e5d0fb,2024-06-01T18:11:52.269000,sent,kaspa:qq9zagcza4jt76eev9jl5z0nqhe0thcu7js8larktj4sle7lvgnw7sfcewlty,1500000000000,
25599513ded21f7cbc9c3a3dd0653836fbdf2224b72a7d66eb17e840f6e5d0fb,2024-06-01T18:11:52.269000,sent,kaspa:qq9zagcza4jt76eev9jl5z0nqhe0thcu7js8larktj4sle7lvgnw7sfcewlty,1500000000000,
25599513ded21f7cbc9c3a3dd0653836fbdf2224b72a7d66eb17e840f6e5d0fb,2024-06-01T18:11:52.269000,sent,kaspa:qq9zagcza4jt76eev9jl5z0nqhe0thcu7js8larktj4sle7lvgnw7sfcewlty,1500000000000,
29cabf58b0cc2b98bd28d00c01cf407273e921332cd79caa7a2d3936bf2ea1a4,2024-05-25T22:30:03.754000,received,kaspa:qqetp7ct8kqss99fxmymyz5t3fezppxp0t58wl6pawp27elqd46uudme00cl0,898359000000,
29cabf58b0cc2b98bd28d00c01cf407273e921332cd79caa7a2d3936bf2ea1a4,2024-05-25T22:30:03.754000,received,kaspa:qpzpfwcsqsxhxwup26r55fd0ghqlhyugz8cp6y3wxuddc02vcxtjg75pspnwz,898359000000,MEXC
9dc0975e6654d35021fa25fb3576424ce3036166d8b1d90d6660228755d36ed2,2024-05-18T20:12:06.159000,received,kaspa:qpzpfwcsqsxhxwup26r55fd0ghqlhyugz8cp6y3wxuddc02vcxtjg75pspnwz,603197000000,MEXC
9dc0975e6654d35021fa25fb3576424ce3036166d8b1d90d6660228755d36ed2,2024-05-18T20:12:06.159000,received,kaspa:qpzpfwcsqsxhxwup26r55fd0ghqlhyugz8cp6y3wxuddc02vcxtjg75pspnwz,603197000000,MEXC
c145aab2b20242ef728f4ff71695b26f00e88e89e275bab461ad8a61e90a2d7e,2024-05-18T20:12:03.075000,received,kaspa:qqetp7ct8kqss99fxmymyz5t3fezppxp0t58wl6pawp27elqd46uudme00cl0,1199000000000,
c145aab2b20242ef728f4ff71695b26f00e88e89e275bab461ad8a61e90a2d7e,2024-05-18T20:12:03.075000,received,kaspa:qpzpfwcsqsxhxwup26r55fd0ghqlhyugz8cp6y3wxuddc02vcxtjg75pspnwz,1199000000000,MEXC
14eb776924fca2a29118ab3e2c602a986701079a55fcf3c4cc1be719fe2daf17,2024-05-18T20:11:04.392000,received,kaspa:qqetp7ct8kqss99fxmymyz5t3fezppxp0t58wl6pawp27elqd46uudme00cl0,1199000000000,
14eb776924fca2a29118ab3e2c602a986701079a55fcf3c4cc1be719fe2daf17,2024-05-18T20:11:04.392000,received,kaspa:qpzpfwcsqsxhxwup26r55fd0ghqlhyugz8cp6y3wxuddc02vcxtjg75pspnwz,1199000000000,MEXC
fd2ed07448f043ec248f80649a8f673d9cabe0462a5628ee60941ece7b8e3451,2024-05-12T11:45:14.577000,sent,kaspa:qq9zagcza4jt76eev9jl5z0nqhe0thcu7js8larktj4sle7lvgnw7sfcewlty,1000000000000,
c89d9c4ac91f4c0956bac8de0c29441e2e54c404efb1a0710eb366e713c0ca94,2024-04-06T11:51:41.478000,sent,kaspa:qq4hek9rychev2p379jf3mn79mlq3k5nqyf2jyj3g9z0xe4ku3rxz7fxr38ru,900000000000,
c89d9c4ac91f4c0956bac8de0c29441e2e54c404efb1a0710eb366e713c0ca94,2024-04-06T11:51:41.478000,sent,kaspa:qq4hek9rychev2p379jf3mn79mlq3k5nqyf2jyj3g9z0xe4ku3rxz7fxr38ru,900000000000,
c89d9c4ac91f4c0956bac8de0c29441e2e54c404efb1a0710eb366e713c0ca94,2024-04-06T11:51:41.478000,sent,kaspa:qq4hek9rychev2p379jf3mn79mlq3k5nqyf2jyj3g9z0xe4ku3rxz7fxr38ru,900000000000,
c89d9c4ac91f4c0956bac8de0c29441e2e54c404efb1a0710eb366e713c0ca94,2024-04-06T11:51:41.478000,sent,kaspa:qq4hek9rychev2p379jf3mn79mlq3k5nqyf2jyj3g9z0xe4ku3rxz7fxr38ru,900000000000,
c89d9c4ac91f4c0956bac8de0c29441e2e54c404efb1a0710eb366e713c0ca94,2024-04-06T11:51:41.478000,sent,kaspa:qq4hek9rychev2p379jf3mn79mlq3k5nqyf2jyj3g9z0xe4ku3rxz7fxr38ru,900000000000,
c89d9c4ac91f4c0956bac8de0c29441e2e54c404efb1a0710eb366e713c0ca94,2024-04-06T11:51:41.478000,sent,kaspa:qq4hek9rychev2p379jf3mn79mlq3k5nqyf2jyj3g9z0xe4ku3rxz7fxr38ru,900000000000,
c89d9c4ac91f4c0956bac8de0c29441e2e54c404efb1a0710eb366e713c0ca94,2024-04-06T11:51:41.478000,sent,kaspa:qq4hek9rychev2p379jf3mn79mlq3k5nqyf2jyj3g9z0xe4ku3rxz7fxr38ru,900000000000,
c89d9c4ac91f4c0956bac8de0c29441e2e54c404efb1a0710eb366e713c0ca94,2024-04-06T11:51:41.478000,sent,kaspa:qq4hek9rychev2p379jf3mn79mlq3k5nqyf2jyj3g9z0xe4ku3rxz7fxr38ru,900000000000,
c89d9c4ac91f4c0956bac8de0c29441e2e54c404efb1a0710eb366e713c0ca94,2024-04-06T11:51:41.478000,sent,kaspa:qq4hek9rychev2p379jf3mn79mlq3k5nqyf2jyj3g9z0xe4ku3rxz7fxr38ru,900000000000,
3813266d1990bbe5e32d7ed3d1810fcffffc2b784f1fddfcf0576fa994fa008c,2024-03-27T12:02:28.418000,received,kaspa:qpq94ntnvy8p9q6wrdwtn37xtspgashrydc0kuu8ctpyxulmh0wlxh2807zdh,2310251790000,
b3d4d5d5062a5296c3c089b119300639342dc60e0e07c5cdea0ceb6f79f55658,2024-03-15T21:40:02.478000,received,kaspa:qqetp7ct8kqss99fxmymyz5t3fezppxp0t58wl6pawp27elqd46uudme00cl0,949000000000,
b3d4d5d5062a5296c3c089b119300639342dc60e0e07c5cdea0ceb6f79f55658,2024-03-15T21:40:02.478000,received,kaspa:qqetp7ct8kqss99fxmymyz5t3fezppxp0t58wl6pawp27elqd46uudme00cl0,949000000000,
63c09883bcc8cc3892b274088067ca69b35ff31d0af09a54c73713de25b7ebc2,2024-03-15T21:40:02.478000,received,kaspa:qpzpfwcsqsxhxwup26r55fd0ghqlhyugz8cp6y3wxuddc02vcxtjg75pspnwz,960269000000,MEXC
63c09883bcc8cc3892b274088067ca69b35ff31d0af09a54c73713de25b7ebc2,2024-03-15T21:40:02.478000,received,kaspa:qpzpfwcsqsxhxwup26r55fd0ghqlhyugz8cp6y3wxuddc02vcxtjg75pspnwz,960269000000,MEXC
557ed52b4f81c01f3bd47b920ebeaa1ce39d722d51d0739ad24b7c92adc0364b,2024-03-13T11:27:05.026000,received,kaspa:qqetp7ct8kqss99fxmymyz5t3fezppxp0t58wl6pawp27elqd46uudme00cl0,699000000000,
557ed52b4f81c01f3bd47b920ebeaa1ce39d722d51d0739ad24b7c92adc0364b,2024-03-13T11:27:05.026000,received,kaspa:qqetp7ct8kqss99fxmymyz5t3fezppxp0t58wl6pawp27elqd46uudme00cl0,699000000000,
9103017e6d53208e81b589737559d261cfe9871e771bfe67b05b7d0ef848d711,2024-03-13T11:27:05.026000,received,kaspa:qpzpfwcsqsxhxwup26r55fd0ghqlhyugz8cp6y3wxuddc02vcxtjg75pspnwz,566628000000,MEXC
9103017e6d53208e81b589737559d261cfe9871e771bfe67b05b7d0ef848d711,2024-03-13T11:27:05.026000,received,kaspa:qpzpfwcsqsxhxwup26r55fd0ghqlhyugz8cp6y3wxuddc02vcxtjg75pspnwz,566628000000,MEXC
93ad6c5412205ea60c22ec074e04eeadeff1a6d274483e421887d1c60c218e71,2024-03-13T11:26:03.404000,received,kaspa:qqetp7ct8kqss99fxmymyz5t3fezppxp0t58wl6pawp27elqd46uudme00cl0,599000000000,
93ad6c5412205ea60c22ec074e04eeadeff1a6d274483e421887d1c60c218e71,2024-03-13T11:26:03.404000,received,kaspa:qpzpfwcsqsxhxwup26r55fd0ghqlhyugz8cp6y3wxuddc02vcxtjg75pspnwz,599000000000,MEXC
3713aa2063cf83dadb30d4946ddb6a020e4c389862d595b242dbe7d25e943183,2024-03-11T20:54:05.797000,received,kaspa:qqetp7ct8kqss99fxmymyz5t3fezppxp0t58wl6pawp27elqd46uudme00cl0,399000000000,
3713aa2063cf83dadb30d4946ddb6a020e4c389862d595b242dbe7d25e943183,2024-03-11T20:54:05.797000,received,kaspa:qqetp7ct8kqss99fxmymyz5t3fezppxp0t58wl6pawp27elqd46uudme00cl0,399000000000,
405d7dd7cdbc84d22ccbb1dcb76d1d786acfcb83bf4509e8af1dd8c91f06c3a9,2024-03-11T20:53:06.570000,received,kaspa:qqetp7ct8kqss99fxmymyz5t3fezppxp0t58wl6pawp27elqd46uudme00cl0,899000000000,
405d7dd7cdbc84d22ccbb1dcb76d1d786acfcb83bf4509e8af1dd8c91f06c3a9,2024-03-11T20:53:06.570000,received,kaspa:qqetp7ct8kqss99fxmymyz5t3fezppxp0t58wl6pawp27elqd46uudme00cl0,899000000000,
525f05b8cdb917d21394e19289441cb079ace9eefdba7001c5e3fa1fa655aefd,2024-02-22T19:42:46.551000,sent,kaspa:qqfdh0y6c57v990huwkck8gumham7y7he42zpzxlyftfg9ch4z6mu8my9ru3u,3500000000000,
873e79a91ed98516c2a7c86d7ea9b05330b3eab156c6377af7ad0b33dc442907,2024-02-20T16:05:28.381000,sent,kaspa:qqfdh0y6c57v990huwkck8gumham7y7he42zpzxlyftfg9ch4z6mu8my9ru3u,1600000000000,
ad3404dfc0af2028cc13846cadfadfb59b2939f2d220c821d2f5d8114f03682e,2024-02-18T17:51:40.965000,sent,kaspa:qqfdh0y6c57v990huwkck8gumham7y7he42zpzxlyftfg9ch4z6mu8my9ru3u,1800000000000,
ebb90946b17dc33bb681a24312a2b65c7c9768443e2c30d52acc4b481a05763c,2024-01-07T14:58:24.314000,sent,kaspa:qqwvnkp47wsj6n4hkdlgj8dsauyx0xvefunnwvvsmpq2udd0ka8ckmpuqw3k5,1000000000000,
ebb90946b17dc33bb681a24312a2b65c7c9768443e2c30d52acc4b481a05763c,2024-01-07T14:58:24.314000,sent,kaspa:qqwvnkp47wsj6n4hkdlgj8dsauyx0xvefunnwvvsmpq2udd0ka8ckmpuqw3k5,1000000000000,
ede85e2a89f49a8b676de7a98deece19f98e431aff068124789e2cb90def430d,2024-01-03T23:36:10.741000,received,kaspa:qq3k4du6wf2g26j7ds6fqmgtgavgm3zy676wntp2e52nsuns2n4s6xkndmx0y,1361728260000,
105662bba26295863deb5349edcae521171bdba01d70beae337527748505ab12,2023-12-29T22:10:58.650000,sent,kaspa:qqfdh0y6c57v990huwkck8gumham7y7he42zpzxlyftfg9ch4z6mu8my9ru3u,1450000000000,
105662bba26295863deb5349edcae521171bdba01d70beae337527748505ab12,2023-12-29T22:10:58.650000,sent,kaspa:qqfdh0y6c57v990huwkck8gumham7y7he42zpzxlyftfg9ch4z6mu8my9ru3u,1450000000000,
105662bba26295863deb5349edcae521171bdba01d70beae337527748505ab12,2023-12-29T22:10:58.650000,sent,kaspa:qqfdh0y6c57v990huwkck8gumham7y7he42zpzxlyftfg9ch4z6mu8my9ru3u,1450000000000,
105662bba26295863deb5349edcae521171bdba01d70beae337527748505ab12,2023-12-29T22:10:58.650000,sent,kaspa:qqfdh0y6c57v990huwkck8gumham7y7he42zpzxlyftfg9ch4z6mu8my9ru3u,1450000000000,
5c2246af9ade458de88f76004fac3ecced4e0905af4d75101d085d2a9050fc7b,2023-12-25T16:10:05.173000,received,kaspa:qqetp7ct8kqss99fxmymyz5t3fezppxp0t58wl6pawp27elqd46uudme00cl0,1020408288856,
5c2246af9ade458de88f76004fac3ecced4e0905af4d75101d085d2a9050fc7b,2023-12-25T16:10:05.173000,received,kaspa:qqetp7ct8kqss99fxmymyz5t3fezppxp0t58wl6pawp27elqd46uudme00cl0,1020408288856,
decebaa401ec7505a49c96279f8cf09888f00b92b9e49f4c5819b9c68493a16b,2023-12-25T15:51:08.973000,received,kaspa:qqetp7ct8kqss99fxmymyz5t3fezppxp0t58wl6pawp27elqd46uudme00cl0,1223700000000,
decebaa401ec7505a49c96279f8cf09888f00b92b9e49f4c5819b9c68493a16b,2023-12-25T15:51:08.973000,received,kaspa:qqetp7ct8kqss99fxmymyz5t3fezppxp0t58wl6pawp27elqd46uudme00cl0,1223700000000,
7e730cb7cfd3424166b98101842162404b8da095eba243d517bbf221171b3249,2023-12-25T10:30:07.385000,received,kaspa:qqetp7ct8kqss99fxmymyz5t3fezppxp0t58wl6pawp27elqd46uudme00cl0,1199000000000,
7e730cb7cfd3424166b98101842162404b8da095eba243d517bbf221171b3249,2023-12-25T10:30:07.385000,received,kaspa:qqetp7ct8kqss99fxmymyz5t3fezppxp0t58wl6pawp27elqd46uudme00cl0,1199000000000,
661d77bc447b7ef585ca5698342fc772f391be973fca0b2864c8b6f95fa94fc7,2023-12-08T19:19:12.583000,sent,kaspa:qqwvnkp47wsj6n4hkdlgj8dsauyx0xvefunnwvvsmpq2udd0ka8ckmpuqw3k5,4000000000000,
6c3de13063c9b789a28d0777374245f0e5a9fb591971a19eeda32bbb9d3bdcbe,2023-11-25T13:40:34.008000,sent,kaspa:qqfdh0y6c57v990huwkck8gumham7y7he42zpzxlyftfg9ch4z6mu8my9ru3u,5000000000000,
d9e4f899513322792a10a5e8f05f3e1c5bdf9bdbe0833b81457652d6f1b572d6,2023-11-18T21:19:57.151000,sent,kaspa:qqwvnkp47wsj6n4hkdlgj8dsauyx0xvefunnwvvsmpq2udd0ka8ckmpuqw3k5,4800000000000,
d9e4f899513322792a10a5e8f05f3e1c5bdf9bdbe0833b81457652d6f1b572d6,2023-11-18T21:19:57.151000,sent,kaspa:qqwvnkp47wsj6n4hkdlgj8dsauyx0xvefunnwvvsmpq2udd0ka8ckmpuqw3k5,4800000000000,
d9e4f899513322792a10a5e8f05f3e1c5bdf9bdbe0833b81457652d6f1b572d6,2023-11-18T21:19:57.151000,sent,kaspa:qqwvnkp47wsj6n4hkdlgj8dsauyx0xvefunnwvvsmpq2udd0ka8ckmpuqw3k5,4800000000000,
d9e4f899513322792a10a5e8f05f3e1c5bdf9bdbe0833b81457652d6f1b572d6,2023-11-18T21:19:57.151000,sent,kaspa:qqwvnkp47wsj6n4hkdlgj8dsauyx0xvefunnwvvsmpq2udd0ka8ckmpuqw3k5,4800000000000,
d9e4f899513322792a10a5e8f05f3e1c5bdf9bdbe0833b81457652d6f1b572d6,2023-11-18T21:19:57.151000,sent,kaspa:qqwvnkp47wsj6n4hkdlgj8dsauyx0xvefunnwvvsmpq2udd0ka8ckmpuqw3k5,4800000000000,
d9e4f899513322792a10a5e8f05f3e1c5bdf9bdbe0833b81457652d6f1b572d6,2023-11-18T21:19:57.151000,sent,kaspa:qqwvnkp47wsj6n4hkdlgj8dsauyx0xvefunnwvvsmpq2udd0ka8ckmpuqw3k5,4800000000000,
3bd35ac589adf4eedd44789c342112fa8c6d09e553f4d26bb001503307446f6d,2023-11-18T08:40:23.742000,received,kaspa:qq3k4du6wf2g26j7ds6fqmgtgavgm3zy676wntp2e52nsuns2n4s6xkndmx0y,3220393140000,
687b7304e941736ae49db37dc18f1c4b5ab13479dce5bac32108d2bd416ea8b6,2023-11-05T15:57:15.007000,received,kaspa:qq3k4du6wf2g26j7ds6fqmgtgavgm3zy676wntp2e52nsuns2n4s6xkndmx0y,1553961520000,
2e9062db94b9b89e0005260e5c7ac891838d71a048847be6f9c89e93cc544c3b,2023-10-13T10:51:35.275000,received,kaspa:qq3k4du6wf2g26j7ds6fqmgtgavgm3zy676wntp2e52nsuns2n4s6xkndmx0y,1701081310000,
0d2738449e1e4889759120b848b60fe2fb84f7fcf891e6291faabdda9d83066e,2023-10-12T16:49:17.661000,received,kaspa:qq3k4du6wf2g26j7ds6fqmgtgavgm3zy676wntp2e52nsuns2n4s6xkndmx0y,3227233010000,
deb5a0736eb1f09c11cd6efa76c1ce329843fd0b767daecd9cbe33318dc1c27d,2023-09-01T15:43:34.559000,received,kaspa:qq3k4du6wf2g26j7ds6fqmgtgavgm3zy676wntp2e52nsuns2n4s6xkndmx0y,4997000000000,
d254fddf7bfe7ef8316e8abcbcff986bfe0603a0c89e768b6978c84fd2978a27,2023-08-30T20:38:17.117000,sent,kaspa:qqfdh0y6c57v990huwkck8gumham7y7he42zpzxlyftfg9ch4z6mu8my9ru3u,10000000000000,
d254fddf7bfe7ef8316e8abcbcff986bfe0603a0c89e768b6978c84fd2978a27,2023-08-30T20:38:17.117000,sent,kaspa:qqfdh0y6c57v990huwkck8gumham7y7he42zpzxlyftfg9ch4z6mu8my9ru3u,10000000000000,
96c0fc5f4eafce6d229d5e6eba388adb726edcde82f433ebbeb1cef25d0afd8c,2023-08-28T20:06:37.798000,received,kaspa:qq3k4du6wf2g26j7ds6fqmgtgavgm3zy676wntp2e52nsuns2n4s6xkndmx0y,3997000000000,
a0f8c2165e8ec9d87c17e41bd136de17988ae3b0ce16b504ece189f568242744,2023-08-28T16:11:51.201000,sent,kaspa:qqfdh0y6c57v990huwkck8gumham7y7he42zpzxlyftfg9ch4z6mu8my9ru3u,9000000000000,
92848d00f94e9d7d9872bd909991964fe47bbc8d1448bbcdd32e1cfb7301ea2b,2023-08-17T20:29:39.741000,sent,kaspa:qqfdh0y6c57v990huwkck8gumham7y7he42zpzxlyftfg9ch4z6mu8my9ru3u,6000000000000,
92848d00f94e9d7d9872bd909991964fe47bbc8d1448bbcdd32e1cfb7301ea2b,2023-08-17T20:29:39.741000,sent,kaspa:qqfdh0y6c57v990huwkck8gumham7y7he42zpzxlyftfg9ch4z6mu8my9ru3u,6000000000000,
92848d00f94e9d7d9872bd909991964fe47bbc8d1448bbcdd32e1cfb7301ea2b,2023-08-17T20:29:39.741000,sent,kaspa:qqfdh0y6c57v990huwkck8gumham7y7he42zpzxlyftfg9ch4z6mu8my9ru3u,6000000000000,
a57cd34661a2d3d349a16a761e3dcc0143d1ce444d2a8d98dbb73699f1e3099d,2023-08-17T05:58:01.401000,received,kaspa:qq3k4du6wf2g26j7ds6fqmgtgavgm3zy676wntp2e52nsuns2n4s6xkndmx0y,8012486450000,
562180136007bdb8534b1492cde9f349122ef04634e1dfc85f52f64d13f062a5,2023-08-10T19:30:37.559000,received,kaspa:qq3k4du6wf2g26j7ds6fqmgtgavgm3zy676wntp2e52nsuns2n4s6xkndmx0y,8092268580000,
cf44cca5e5d52ee0f4bfe771ae6bd7a289a2c34d7d44e3fcfe440dfce1264c83,2023-07-29T18:50:49.175000,sent,kaspa:qqwvnkp47wsj6n4hkdlgj8dsauyx0xvefunnwvvsmpq2udd0ka8ckmpuqw3k5,1100000000000,
cf44cca5e5d52ee0f4bfe771ae6bd7a289a2c34d7d44e3fcfe440dfce1264c83,2023-07-29T18:50:49.175000,sent,kaspa:qqwvnkp47wsj6n4hkdlgj8dsauyx0xvefunnwvvsmpq2udd0ka8ckmpuqw3k5,1100000000000,
cf44cca5e5d52ee0f4bfe771ae6bd7a289a2c34d7d44e3fcfe440dfce1264c83,2023-07-29T18:50:49.175000,sent,kaspa:qqwvnkp47wsj6n4hkdlgj8dsauyx0xvefunnwvvsmpq2udd0ka8ckmpuqw3k5,1100000000000,
57eca889a24886f899993a57e6fd08cb6908e71823f2f8b6490fffae28817465,2023-07-22T21:11:15.949000,received,kaspa:qq3k4du6wf2g26j7ds6fqmgtgavgm3zy676wntp2e52nsuns2n4s6xkndmx0y,12126391380000,
eb9cc472c8acb7e3b0cfd1f5604075d1301a1e8fb4b375080b392377f0e9a8d8,2023-07-09T16:17:11.041000,received,kaspa:qq3k4du6wf2g26j7ds6fqmgtgavgm3zy676wntp2e52nsuns2n4s6xkndmx0y,12534250940000,
459c285b0b6b28481a171a554aa5e9f77957dbf7d1a41e4715a79590d070f5ec,2023-07-04T17:59:46.862000,sent,kaspa:qqfdh0y6c57v990huwkck8gumham7y7he42zpzxlyftfg9ch4z6mu8my9ru3u,6000000000000,
459c285b0b6b28481a171a554aa5e9f77957dbf7d1a41e4715a79590d070f5ec,2023-07-04T17:59:46.862000,sent,kaspa:qqfdh0y6c57v990huwkck8gumham7y7he42zpzxlyftfg9ch4z6mu8my9ru3u,6000000000000,
459c285b0b6b28481a171a554aa5e9f77957dbf7d1a41e4715a79590d070f5ec,2023-07-04T17:59:46.862000,sent,kaspa:qqfdh0y6c57v990huwkck8gumham7y7he42zpzxlyftfg9ch4z6mu8my9ru3u,6000000000000,
b954b40efc5657c3d70e741741cc74407b1295dec7f69503fc61c006c4acd47b,2023-06-18T18:42:30.769000,received,kaspa:qq3k4du6wf2g26j7ds6fqmgtgavgm3zy676wntp2e52nsuns2n4s6xkndmx0y,2856610290000,
14688a8b088d1dbb477a2d327d3039a012cf19acde1bdfb321059717b1f3d9c1,2023-06-18T10:10:28.996000,received,kaspa:qq3k4du6wf2g26j7ds6fqmgtgavgm3zy676wntp2e52nsuns2n4s6xkndmx0y,11375408200000,
ee9472673bed5bfeaeb43c39009180c3a2025da8ccc1f0bfb00062b7e9602c5e,2023-06-09T05:30:28.938000,received,kaspa:qq3k4du6wf2g26j7ds6fqmgtgavgm3zy676wntp2e52nsuns2n4s6xkndmx0y,8287455270000,
e784380e5a32ed31ce1ea34cb2399fdfdab19b4b7a06233ad193631702abb41e,2023-04-09T18:43:02.185000,sent,kaspa:qq4hek9rychev2p379jf3mn79mlq3k5nqyf2jyj3g9z0xe4ku3rxz7fxr38ru,10560222288856,
e784380e5a32ed31ce1ea34cb2399fdfdab19b4b7a06233ad193631702abb41e,2023-04-09T18:43:02.185000,sent,kaspa:qq4hek9rychev2p379jf3mn79mlq3k5nqyf2jyj3g9z0xe4ku3rxz7fxr38ru,10560222288856,
e14e748831f4cd628d18201a35b31ed1a527f97bc3852ddb0a1a1c1c745ec61e,2023-04-09T16:17:03.652000,received,kaspa:qqetp7ct8kqss99fxmymyz5t3fezppxp0t58wl6pawp27elqd46uudme00cl0,10364342000000,
7f7e943060b63b2c7a02ff09dda6e80529d2166fe0687abff846145d1d79abf3,2023-04-02T22:09:10.095000,sent,kaspa:qq4hek9rychev2p379jf3mn79mlq3k5nqyf2jyj3g9z0xe4ku3rxz7fxr38ru,17000000000000,
7f7e943060b63b2c7a02ff09dda6e80529d2166fe0687abff846145d1d79abf3,2023-04-02T22:09:10.095000,sent,kaspa:qq4hek9rychev2p379jf3mn79mlq3k5nqyf2jyj3g9z0xe4ku3rxz7fxr38ru,17000000000000,
b76aff9746a663f03cdac29b3769dd2a6ef3f09a1ecb08b68308586e9db55ce4,2023-03-30T19:32:03.611000,received,kaspa:qqetp7ct8kqss99fxmymyz5t3fezppxp0t58wl6pawp27elqd46uudme00cl0,2142329000000,
666c62d5606288904206ccb2f472272ff1c539aaa1472a78ea29f76254fc5461,2023-03-29T19:08:29.691000,sent,kaspa:qq4hek9rychev2p379jf3mn79mlq3k5nqyf2jyj3g9z0xe4ku3rxz7fxr38ru,3000000000000,
5e06d439e82ecda1b65723719895849f69a3a708ceec6875c9332d6e04995f62,2023-03-27T20:45:33.460000,sent,kaspa:qq4hek9rychev2p379jf3mn79mlq3k5nqyf2jyj3g9z0xe4ku3rxz7fxr38ru,17700000000000,
5e06d439e82ecda1b65723719895849f69a3a708ceec6875c9332d6e04995f62,2023-03-27T20:45:33.460000,sent,kaspa:qq4hek9rychev2p379jf3mn79mlq3k5nqyf2jyj3g9z0xe4ku3rxz7fxr38ru,17700000000000,
5e06d439e82ecda1b65723719895849f69a3a708ceec6875c9332d6e04995f62,2023-03-27T20:45:33.460000,sent,kaspa:qq4hek9rychev2p379jf3mn79mlq3k5nqyf2jyj3g9z0xe4ku3rxz7fxr38ru,17700000000000,
d5c07dd43c38c367bae8bb09009bfd804f2755081edddd1535ccee74a3465a39,2023-03-26T17:49:02.216000,received,kaspa:qqetp7ct8kqss99fxmymyz5t3fezppxp0t58wl6pawp27elqd46uudme00cl0,8391251000000,
63cf7fba6d252828c28b1962885888d150d9c19043146d7056865a825df884ac,2023-03-20T21:04:04.152000,received,kaspa:qpzpfwcsqsxhxwup26r55fd0ghqlhyugz8cp6y3wxuddc02vcxtjg75pspnwz,4488338000000,MEXC
eb48d42d00c713d09a2781928c71db6adfa660be9bdf442ef617b356b459abd6,2023-03-17T19:04:12.998000,received,kaspa:qqetp7ct8kqss99fxmymyz5t3fezppxp0t58wl6pawp27elqd46uudme00cl0,22873962688856,
003dbe20bb2d007d8d003baafa3b66fff8416abf4807ad09a9d3b351b4d7fe56,2023-03-17T15:51:41.253000,sent,kaspa:qqwvnkp47wsj6n4hkdlgj8dsauyx0xvefunnwvvsmpq2udd0ka8ckmpuqw3k5,17675416800000,
3595153932571356993a851dfe603182c45eb7710400954072c82dc4767f3956,2023-03-16T20:13:32.517000,sent,kaspa:qq4hek9rychev2p379jf3mn79mlq3k5nqyf2jyj3g9z0xe4ku3rxz7fxr38ru,10000000000000,
d006095d703c752ad53714766961510ddd0b31ace86ade978a00e6493a96bb96,2023-03-12T11:28:28.393000,received,kaspa:qpjunp39ssazf4rzfxxu0hd35xggfxn6lq0ls9u9q6peevzcmcv4xmv9q4njd,27675417000000,
