tx_id,timestamp,direction,peer_address,amount_sompi,cex_label
57926228be72c6d51699430ae5fba2bc20194a5c2753bfc1c2fdc4327ccf8a88,2024-11-18T12:11:00.046000,sent,kaspa:qqnqv3rvnctfyrjteurqm0gmqfu7yjg3949yxpyxxfa4rgm9nt2zxauwq8xvs,400000000000,
57926228be72c6d51699430ae5fba2bc20194a5c2753bfc1c2fdc4327ccf8a88,2024-11-18T12:11:00.046000,sent,kaspa:qrrzg3khy4tj84za75kdjg7x98mmqe0hrvjhzaaqswxztqqv36huqy378rrxk,8959327769,
b9ceca0f2f25d68b1f477791163df155df6d53b5b8914be17a592144f8cc99f3,2024-11-18T12:02:21.182000,received,kaspa:qrlne3erkjry7anwrgltrnq3f9lcea9wsqku20y2g3dmcra8ghxawkzvxw4ck,9783328736,
b9ceca0f2f25d68b1f477791163df155df6d53b5b8914be17a592144f8cc99f3,2024-11-18T12:02:21.182000,received,kaspa:qq3njdkx6gx2p26aaaypnujhjs2329l3gqerrdmfy6m4hpvm2vkf5qj6hzyeg,9783328736,
b9ceca0f2f25d68b1f477791163df155df6d53b5b8914be17a592144f8cc99f3,2024-11-18T12:02:21.182000,received,kaspa:qrsdrxu5qd32s05snsfnygntwmtyn67ch58y5j27sawnj90yvn8a6ya78e2kz,9783328736,
b9ceca0f2f25d68b1f477791163df155df6d53b5b8914be17a592144f8cc99f3,2024-11-18T12:02:21.182000,received,kaspa:qqlzj36kj2p3mg9997v8drce3myt07efpfta0zgtj28gvxn90t7zwmp2dl4ke,9783328736,
b9ceca0f2f25d68b1f477791163df155df6d53b5b8914be17a592144f8cc99f3,2024-11-18T12:02:21.182000,received,kaspa:qq8qam78tx6p26sdeezkawk9wg26edv790ncauc0k8s7zmp4pvrzwvxemk89r,9783328736,
