tx_id,timestamp,direction,peer_address,amount_sompi,cex_label
7eb109ce5c2cbd9368170f6b774581c683d30bc65ae9dbb1ef8f3975a2a5a8c0,2023-12-16T03:58:39.387000,sent,kaspa:qzslgwenzu78t6tldlng383g7ruu4enaljmnkgaulyrscjp7ldt26x8gfxck5,171940000,
7eb109ce5c2cbd9368170f6b774581c683d30bc65ae9dbb1ef8f3975a2a5a8c0,2023-12-16T03:58:39.387000,sent,kaspa:qzslgwenzu78t6tldlng383g7ruu4enaljmnkgaulyrscjp7ldt26x8gfxck5,171940000,
17d230ae684f1f5881d9da9d63be7fa2969e5fdeda8e44a8d26f518c8833d1a0,2023-12-12T00:54:40.562000,received,kaspa:qypswxtcrv4ssyjaswy5w9387vq73mkuyq85tl34cee6qn5uexqy0csgnafnjx7,171000000,
0268e9e13a72a87fc51db00cfd824489283f34aa7830cb81bcceb9bf054fc872,2023-11-27T15:23:30.434000,sent,kaspa:qyp0gsj636f4px454537cjfkyvj4ugxl65pve8x95ffsu39km62fyjcaskvrx2q,18000000,
4539647ac8c87c583aff576274bfdc39f3e5b41125b4e32d0dabb2b541bcb495,2023-11-27T07:20:41.583000,received,kaspa:qq9lyhkvtjr628ps724afyqk9n83d0tljqhleedzrmqvmlhldaunut5739sg7,19000000,
