tx_id,timestamp,direction,peer_address,amount_sompi,cex_label
61873a58e10ae0e36036a6d0d6df58b90e7130333b28ab0d104cf35c22032a15,2024-04-09T02:19:12.634000,sent,kaspa:qqqq32a5krvnpz3xyyfpu3vahvup0ranjk7q2mrv8gtk4xs0xu7dycq2pu934,618637129949,
baf98b033406a759f804ceb7425689c6b583b63de80d537226136276f2dcdbf9,2024-04-03T14:26:55.927000,sent,kaspa:qq9zagcza4jt76eev9jl5z0nqhe0thcu7js8larktj4sle7lvgnw7sfcewlty,50000000000,
b199c0e1a85fc77a8ead40caef053629f5318d8b002eebcb2d36d3354af26132,2024-04-03T14:17:28.262000,sent,kaspa:qq9zagcza4jt76eev9jl5z0nqhe0thcu7js8larktj4sle7lvgnw7sfcewlty,30000000000,
98c5131eae3927b78579302b5b176847a108eaa08779b981fa20b73cd269a318,2024-04-03T14:14:07.793000,sent,kaspa:qq9zagcza4jt76eev9jl5z0nqhe0thcu7js8larktj4sle7lvgnw7sfcewlty,10000000000,
98c5131eae3927b78579302b5b176847a108eaa08779b981fa20b73cd269a318,2024-04-03T14:14:07.793000,sent,kaspa:qq9zagcza4jt76eev9jl5z0nqhe0thcu7js8larktj4sle7lvgnw7sfcewlty,10000000000,
91ff392bce57d7055365a150f8e0c304ca223d949c6f5caa0266ad3f046c1727,2024-04-01T14:44:02.282000,received,kaspa:qqetp7ct8kqss99fxmymyz5t3fezppxp0t58wl6pawp27elqd46uudme00cl0,708636629949,
91ff392bce57d7055365a150f8e0c304ca223d949c6f5caa0266ad3f046c1727,2024-04-01T14:44:02.282000,received,kaspa:qpzpfwcsqsxhxwup26r55fd0ghqlhyugz8cp6y3wxuddc02vcxtjg75pspnwz,708636629949,MEXC
f4b0ffce263cf15918d40d17b89cff8ae12d7627e905a4f1d0bbd87694f8cfdb,2024-03-07T18:26:23.126000,sent,kaspa:qqqq32a5krvnpz3xyyfpu3vahvup0ranjk7q2mrv8gtk4xs0xu7dycq2pu934,2999998000000,
d0980e6eb376b7cb40f109d781bb0343e5b8bed30d7592f3b67a3ee5c4c85258,2024-03-07T18:19:03.650000,sent,kaspa:qqqq32a5krvnpz3xyyfpu3vahvup0ranjk7q2mrv8gtk4xs0xu7dycq2pu934,100000000000,
8f2af4bce949c54655f4a9d0331fa41b72d4c45dd895f2186d15021e09cd315a,2024-02-07T14:37:05.069000,received,kaspa:qqetp7ct8kqss99fxmymyz5t3fezppxp0t58wl6pawp27elqd46uudme00cl0,3100000000000,
8f2af4bce949c54655f4a9d0331fa41b72d4c45dd895f2186d15021e09cd315a,2024-02-07T14:37:05.069000,received,kaspa:qqetp7ct8kqss99fxmymyz5t3fezppxp0t58wl6pawp27elqd46uudme00cl0,3100000000000,
