tx_id,timestamp,direction,peer_address,amount_sompi,cex_label
d68d8b20e8a53cc9c4bf963878d4bfaabec14c77edb16a3416471a6b3dc526ea,2023-12-16T03:41:03.715000,sent,kaspa:qzslgwenzu78t6tldlng383g7ruu4enaljmnkgaulyrscjp7ldt26x8gfxck5,171940000,
d68d8b20e8a53cc9c4bf963878d4bfaabec14c77edb16a3416471a6b3dc526ea,2023-12-16T03:41:03.715000,sent,kaspa:qzslgwenzu78t6tldlng383g7ruu4enaljmnkgaulyrscjp7ldt26x8gfxck5,171940000,
98da24f6213ed1e871646ae286ba013a4bca90b8986ec7745b3bcf625629bea1,2023-12-12T00:43:21.443000,received,kaspa:qypswxtcrv4ssyjaswy5w9387vq73mkuyq85tl34cee6qn5uexqy0csgnafnjx7,171000000,
9704b714553abd8c4f82e8b474795cc1a45299f3cf8d0dccc26088589e615ef4,2023-11-27T14:54:06.533000,sent,kaspa:qypgqt2508pkg6sm3p3hrkyet6mptvm5xeakqkxlfpnrr0h72ssg69semekmm4l,18000000,
7887622f233a20da90b361230615ff2700c7e42cc29dd2ff534056357697717e,2023-11-27T13:26:18.311000,received,kaspa:qpwhru0ycq9aqhmkwzwsz5q888cxytn6pjlhang56rff0m2ysh727vazd7ejt,19000000,
