tx_id,timestamp,direction,peer_address,amount_sompi,cex_label
526bde298fe2d4dab9c9757b7a841ff654d1e1c8a3c672b456b725038764e8bf,2023-12-16T04:33:17.967000,sent,kaspa:qzslgwenzu78t6tldlng383g7ruu4enaljmnkgaulyrscjp7ldt26x8gfxck5,171940000,
526bde298fe2d4dab9c9757b7a841ff654d1e1c8a3c672b456b725038764e8bf,2023-12-16T04:33:17.967000,sent,kaspa:qzslgwenzu78t6tldlng383g7ruu4enaljmnkgaulyrscjp7ldt26x8gfxck5,171940000,
b8d9cba3c71ef10206fcb6b083105e25861d44fdd2e59edaf76812586a817a12,2023-12-12T18:24:35.975000,received,kaspa:qypswxtcrv4ssyjaswy5w9387vq73mkuyq85tl34cee6qn5uexqy0csgnafnjx7,171000000,
8013be0aa50fce5acdee0bd23d08ab0102991047f85f9cfee9d31aea9de22f6b,2023-11-29T07:20:33.690000,sent,kaspa:qyp3t5hw0rfezhqq5s5z5jd9wwx5f3ycqf28y9wqcrdse3z3mlqq5uqgy7g5alf,18000000,
124ee4bfba81743abd5076577fa03b7f5fe2c5e4cbf99b29861ce9aa01913379,2023-11-28T20:15:01.972000,received,kaspa:qr5fd84m2hrt4lkqt6s5gjc2lwlsve5vd4eqyvtz3uagvau68w5d2zkljale4,19000000,
