tx_id,timestamp,direction,peer_address,amount_sompi,cex_label
50cac69a59ad436577d1f3a16263ea5af3afddb1126e8fad925b3e57a03ad269,2024-04-06T08:58:53.309000,sent,kaspa:qzl3qvd0sxf2a3xc2jzf8hvvm4w4ma68m2hs0vl4pnllnwqxuvzece9xhnsk8,478967414340,
50cac69a59ad436577d1f3a16263ea5af3afddb1126e8fad925b3e57a03ad269,2024-04-06T08:58:53.309000,sent,kaspa:qq7750ph7etxfkrnagjr6gh7t980xkhd5hq8jlc2r93pmaledrjdwldml93gh,4114585575,
f3c0668e4c4befc526cd318fafb4b3989da40c5b1bb5b5b5dcaafed75d60a356,2024-03-29T16:33:06.670000,received,kaspa:qqg74q6kcmhxgvs6kj8jql63pvw9kfeqehav738mkc3c53k7cq5eyts9a4zc0,4714565657,
f3c0668e4c4befc526cd318fafb4b3989da40c5b1bb5b5b5dcaafed75d60a356,2024-03-29T16:33:06.670000,received,kaspa:qrkr5se7ydg07wzs03r7lzyees07rtmv4tkahs3nxgwesff540v9ykxgvpnt5,4714565657,
f3c0668e4c4befc526cd318fafb4b3989da40c5b1bb5b5b5dcaafed75d60a356,2024-03-29T16:33:06.670000,received,kaspa:qrluqadew8yepc69uw53g2hyjd46p3044rlrnl9rlu6gvjn8ch235vrkedj09,4714565657,
f3c0668e4c4befc526cd318fafb4b3989da40c5b1bb5b5b5dcaafed75d60a356,2024-03-29T16:33:06.670000,received,kaspa:qr9kgg3aml4kmwhrdt6nd2awn3u60zkhl6xa37gss7cathk4syqks3s6funs3,4714565657,
f3c0668e4c4befc526cd318fafb4b3989da40c5b1bb5b5b5dcaafed75d60a356,2024-03-29T16:33:06.670000,received,kaspa:qplaxydlmtujqstxk54edy6s7zqgzhjwweqrxde8qshgfmmugayxj2hhmudd3,4714565657,
f3c0668e4c4befc526cd318fafb4b3989da40c5b1bb5b5b5dcaafed75d60a356,2024-03-29T16:33:06.670000,received,kaspa:qpp6rs69dwxprx6mxasxnr6pkht9eanrs4xfe9swa08va4uqthgkyg2kfz7g9,4714565657,
f3c0668e4c4befc526cd318fafb4b3989da40c5b1bb5b5b5dcaafed75d60a356,2024-03-29T16:33:06.670000,received,kaspa:qr49wdq33x9qt4zs458l58hw46tksttwklw4nnc7n326vas88axvsudfmg48f,4714565657,
f3c0668e4c4befc526cd318fafb4b3989da40c5b1bb5b5b5dcaafed75d60a356,2024-03-29T16:33:06.670000,received,kaspa:qr4yvukpx4ks0vne7c0lsc6x0vxc64ekpmnflgn0df5ah6plz85f2pcudx6af,4714565657,
f3c0668e4c4befc526cd318fafb4b3989da40c5b1bb5b5b5dcaafed75d60a356,2024-03-29T16:33:06.670000,received,kaspa:qzjlej8hgwyd448guq5pjw57z4tdh9wvxyy8rf7nndexz8z94crksrj3m483e,4714565657,
f3c0668e4c4befc526cd318fafb4b3989da40c5b1bb5b5b5dcaafed75d60a356,2024-03-29T16:33:06.670000,received,kaspa:qqen2zxqn7hcus2l4dndlye6e8n646l9qcclqshu3aqsmjwv64rfqv5407dlp,4714565657,
f3c0668e4c4befc526cd318fafb4b3989da40c5b1bb5b5b5dcaafed75d60a356,2024-03-29T16:33:06.670000,received,kaspa:qrez6rjk0wm2twwymady60wksne20u43e0a3hwjjfxg3hp8zncnajlkl0yv3v,4714565657,
f3c0668e4c4befc526cd318fafb4b3989da40c5b1bb5b5b5dcaafed75d60a356,2024-03-29T16:33:06.670000,received,kaspa:qqrd97xs0c3k3854a8ng87sdl8tq0z3eu8l8vya2xe9pksyllledjucefduc9,4714565657,
f3c0668e4c4befc526cd318fafb4b3989da40c5b1bb5b5b5dcaafed75d60a356,2024-03-29T16:33:06.670000,received,kaspa:qp3sk89narnthczkqss9dqpvhhn3nupclwd39h3lm2vj39ugec35utkqsjp55,4714565657,
f3c0668e4c4befc526cd318fafb4b3989da40c5b1bb5b5b5dcaafed75d60a356,2024-03-29T16:33:06.670000,received,kaspa:qpf6tgz6gmgpy9mgxs6w52e72desw54zg4fe0z5frgu976gr33pn26efrz5h0,4714565657,
f3c0668e4c4befc526cd318fafb4b3989da40c5b1bb5b5b5dcaafed75d60a356,2024-03-29T16:33:06.670000,received,kaspa:qzgmngzr48kjfl3lfhtexulsj26t553cqh5t63zsjl9wt3yhc88q6ps7vrr46,4714565657,
f3c0668e4c4befc526cd318fafb4b3989da40c5b1bb5b5b5dcaafed75d60a356,2024-03-29T16:33:06.670000,received,kaspa:qqv2jz2q4qqhjap2qh6huv4f63eaayrh0zqyhsnuyd5qjx7ljtcexluaaxhwe,4714565657,
f3c0668e4c4befc526cd318fafb4b3989da40c5b1bb5b5b5dcaafed75d60a356,2024-03-29T16:33:06.670000,received,kaspa:qr9qc8gzgx54ufuah3n9sr7cgndgjdk74u7lpqr6przf0spaqcd6yyjuzfhkj,4714565657,
f3c0668e4c4befc526cd318fafb4b3989da40c5b1bb5b5b5dcaafed75d60a356,2024-03-29T16:33:06.670000,received,kaspa:qql7fa9puzhcdjt0zytl39s55hjjdgr9xu724hcxwrkwwzu2mzcfkqgh5uws0,4714565657,
f3c0668e4c4befc526cd318fafb4b3989da40c5b1bb5b5b5dcaafed75d60a356,2024-03-29T16:33:06.670000,received,kaspa:qqgxcqwt507pd8xfmlrf73tgj5m40gswzm2lwxw0l6ly77vnv2hcwajn62lv5,4714565657,
f3c0668e4c4befc526cd318fafb4b3989da40c5b1bb5b5b5dcaafed75d60a356,2024-03-29T16:33:06.670000,received,kaspa:qzy6n4c5h5rkyyw93g06gs25vfcr8eeh3h8cf0ee09qqgfj8xqe6scujrkh37,4714565657,
f3c0668e4c4befc526cd318fafb4b3989da40c5b1bb5b5b5dcaafed75d60a356,2024-03-29T16:33:06.670000,received,kaspa:qqp8fzpxqejmz75hytz8jr34qv4vzynurm8jfze90k4cngjyx4p26chm66yha,4714565657,
f3c0668e4c4befc526cd318fafb4b3989da40c5b1bb5b5b5dcaafed75d60a356,2024-03-29T16:33:06.670000,received,kaspa:qp5v4475j3943ntgnzfjlj2etaqa7z9ga40cvpyt4rq0zddkrkckgpxurgksq,4714565657,
f3c0668e4c4befc526cd318fafb4b3989da40c5b1bb5b5b5dcaafed75d60a356,2024-03-29T16:33:06.670000,received,kaspa:qznpngpydrd8fvgs0j7zkszdga2eczhh9hhzqur6cakpvsn86ncncv4ljx9aj,4714565657,
f3c0668e4c4befc526cd318fafb4b3989da40c5b1bb5b5b5dcaafed75d60a356,2024-03-29T16:33:06.670000,received,kaspa:qqxurmm26zs7zvcztnd4t9geudgg8phymhf3srqp8p37r8e2wd4yv7vrlp4xr,4714565657,
f3c0668e4c4befc526cd318fafb4b3989da40c5b1bb5b5b5dcaafed75d60a356,2024-03-29T16:33:06.670000,received,kaspa:qr6dktp0t0avjz0almu88sssyakkx0xvvdtg9fzvep3apug9cnkf7fc85lrv7,4714565657,
f3c0668e4c4befc526cd318fafb4b3989da40c5b1bb5b5b5dcaafed75d60a356,2024-03-29T16:33:06.670000,received,kaspa:qqmud685ghhfx48jtwcsyalrwp8efl5nvyldprs6p4kk94np4jnmke7qyjzze,4714565657,
f3c0668e4c4befc526cd318fafb4b3989da40c5b1bb5b5b5dcaafed75d60a356,2024-03-29T16:33:06.670000,received,kaspa:qzyrn3xf2gy2sgtwqj4haze3lc0nyhzfhle9mm6f9ehhfg7ydzwuzafmmdrrs,4714565657,
f3c0668e4c4befc526cd318fafb4b3989da40c5b1bb5b5b5dcaafed75d60a356,2024-03-29T16:33:06.670000,received,kaspa:qq2uz3uekgzq3kmavg8mr4ks7jt3wvc26sw8uzryke6w57gd7v8pxachhf7rt,4714565657,
f3c0668e4c4befc526cd318fafb4b3989da40c5b1bb5b5b5dcaafed75d60a356,2024-03-29T16:33:06.670000,received,kaspa:qrpf52lghzp3jl9uly0enuc49z4rxfa4wm4wep7q7q20lzfzvsvwg2s5gd5zp,4714565657,
f3c0668e4c4befc526cd318fafb4b3989da40c5b1bb5b5b5dcaafed75d60a356,2024-03-29T16:33:06.670000,received,kaspa:qr673mpmwrjh8jcr8s093c3wxupn6whpsd7l8xcfstuatf26wzxezc6p7tl2m,4714565657,
f3c0668e4c4befc526cd318fafb4b3989da40c5b1bb5b5b5dcaafed75d60a356,2024-03-29T16:33:06.670000,received,kaspa:qq8sdcxq9r043hvge06wrzr7vpvwazzm85yl244urs83jpuvqv33zt2unrqua,4714565657,
