tx_id,timestamp,direction,peer_address,amount_sompi,cex_label
cda81f5cc9bd887d6b811cfd08edcecca9a702b6eacd273c967b4f74a49e0444,2024-03-26T08:42:46.618000,sent,kaspa:qq9zagcza4jt76eev9jl5z0nqhe0thcu7js8larktj4sle7lvgnw7sfcewlty,1499999800000,
2933a3fecf2f44154dfe694a278bd2a72d4c94384936b9f07ce591f6b30ad147,2024-03-24T16:52:32.062000,sent,kaspa:qq9zagcza4jt76eev9jl5z0nqhe0thcu7js8larktj4sle7lvgnw7sfcewlty,449416100000,
2933a3fecf2f44154dfe694a278bd2a72d4c94384936b9f07ce591f6b30ad147,2024-03-24T16:52:32.062000,sent,kaspa:qq9zagcza4jt76eev9jl5z0nqhe0thcu7js8larktj4sle7lvgnw7sfcewlty,449416100000,
2933a3fecf2f44154dfe694a278bd2a72d4c94384936b9f07ce591f6b30ad147,2024-03-24T16:52:32.062000,sent,kaspa:qq9zagcza4jt76eev9jl5z0nqhe0thcu7js8larktj4sle7lvgnw7sfcewlty,449416100000,
2933a3fecf2f44154dfe694a278bd2a72d4c94384936b9f07ce591f6b30ad147,2024-03-24T16:52:32.062000,sent,kaspa:qq9zagcza4jt76eev9jl5z0nqhe0thcu7js8larktj4sle7lvgnw7sfcewlty,449416100000,
2933a3fecf2f44154dfe694a278bd2a72d4c94384936b9f07ce591f6b30ad147,2024-03-24T16:52:32.062000,sent,kaspa:qq9zagcza4jt76eev9jl5z0nqhe0thcu7js8larktj4sle7lvgnw7sfcewlty,449416100000,
2933a3fecf2f44154dfe694a278bd2a72d4c94384936b9f07ce591f6b30ad147,2024-03-24T16:52:32.062000,sent,kaspa:qq9zagcza4jt76eev9jl5z0nqhe0thcu7js8larktj4sle7lvgnw7sfcewlty,449416100000,
2933a3fecf2f44154dfe694a278bd2a72d4c94384936b9f07ce591f6b30ad147,2024-03-24T16:52:32.062000,sent,kaspa:qq9zagcza4jt76eev9jl5z0nqhe0thcu7js8larktj4sle7lvgnw7sfcewlty,449416100000,
2933a3fecf2f44154dfe694a278bd2a72d4c94384936b9f07ce591f6b30ad147,2024-03-24T16:52:32.062000,sent,kaspa:qq9zagcza4jt76eev9jl5z0nqhe0thcu7js8larktj4sle7lvgnw7sfcewlty,449416100000,
e6e1fa653a96f1163bdbb7b7cb1aef4fb836c0def051bb0c639cc01bab368cea,2024-02-22T09:35:22.491000,received,kaspa:qq9zagcza4jt76eev9jl5z0nqhe0thcu7js8larktj4sle7lvgnw7sfcewlty,139152742051,
e6e1fa653a96f1163bdbb7b7cb1aef4fb836c0def051bb0c639cc01bab368cea,2024-02-22T09:35:22.491000,received,kaspa:qq9zagcza4jt76eev9jl5z0nqhe0thcu7js8larktj4sle7lvgnw7sfcewlty,139152742051,
e6e1fa653a96f1163bdbb7b7cb1aef4fb836c0def051bb0c639cc01bab368cea,2024-02-22T09:35:22.491000,received,kaspa:qq9zagcza4jt76eev9jl5z0nqhe0thcu7js8larktj4sle7lvgnw7sfcewlty,139152742051,
e6e1fa653a96f1163bdbb7b7cb1aef4fb836c0def051bb0c639cc01bab368cea,2024-02-22T09:35:22.491000,received,kaspa:qq9zagcza4jt76eev9jl5z0nqhe0thcu7js8larktj4sle7lvgnw7sfcewlty,139152742051,
e6e1fa653a96f1163bdbb7b7cb1aef4fb836c0def051bb0c639cc01bab368cea,2024-02-22T09:35:22.491000,received,kaspa:qq9zagcza4jt76eev9jl5z0nqhe0thcu7js8larktj4sle7lvgnw7sfcewlty,139152742051,
e6e1fa653a96f1163bdbb7b7cb1aef4fb836c0def051bb0c639cc01bab368cea,2024-02-22T09:35:22.491000,received,kaspa:qq9zagcza4jt76eev9jl5z0nqhe0thcu7js8larktj4sle7lvgnw7sfcewlty,139152742051,
e6e1fa653a96f1163bdbb7b7cb1aef4fb836c0def051bb0c639cc01bab368cea,2024-02-22T09:35:22.491000,received,kaspa:qq9zagcza4jt76eev9jl5z0nqhe0thcu7js8larktj4sle7lvgnw7sfcewlty,139152742051,
e6e1fa653a96f1163bdbb7b7cb1aef4fb836c0def051bb0c639cc01bab368cea,2024-02-22T09:35:22.491000,received,kaspa:qq9zagcza4jt76eev9jl5z0nqhe0thcu7js8larktj4sle7lvgnw7sfcewlty,139152742051,
e6e1fa653a96f1163bdbb7b7cb1aef4fb836c0def051bb0c639cc01bab368cea,2024-02-22T09:35:22.491000,received,kaspa:qq9zagcza4jt76eev9jl5z0nqhe0thcu7js8larktj4sle7lvgnw7sfcewlty,139152742051,
f817704db98e4dd10ecb474b6fbb5113fc7cc6759901ec90f77d1b5d42ec958c,2024-02-18T14:23:38.500000,received,kaspa:qq9zagcza4jt76eev9jl5z0nqhe0thcu7js8larktj4sle7lvgnw7sfcewlty,71905367699,
f817704db98e4dd10ecb474b6fbb5113fc7cc6759901ec90f77d1b5d42ec958c,2024-02-18T14:23:38.500000,received,kaspa:qq9zagcza4jt76eev9jl5z0nqhe0thcu7js8larktj4sle7lvgnw7sfcewlty,71905367699,
f817704db98e4dd10ecb474b6fbb5113fc7cc6759901ec90f77d1b5d42ec958c,2024-02-18T14:23:38.500000,received,kaspa:qq9zagcza4jt76eev9jl5z0nqhe0thcu7js8larktj4sle7lvgnw7sfcewlty,71905367699,
291a1656b925f34b4fa4462560a56eea70f7e3e3c00252716ce3edf699e2bdbe,2024-01-16T06:48:02.962000,received,kaspa:qqetp7ct8kqss99fxmymyz5t3fezppxp0t58wl6pawp27elqd46uudme00cl0,16427000000,
291a1656b925f34b4fa4462560a56eea70f7e3e3c00252716ce3edf699e2bdbe,2024-01-16T06:48:02.962000,received,kaspa:qpzpfwcsqsxhxwup26r55fd0ghqlhyugz8cp6y3wxuddc02vcxtjg75pspnwz,16427000000,MEXC
a0dd81bea91a4e7be3debc2651c7a5598b020ce4be48a01c6eeeda340beea2a9,2023-11-06T07:35:08.661000,received,kaspa:qqetp7ct8kqss99fxmymyz5t3fezppxp0t58wl6pawp27elqd46uudme00cl0,100852000000,
198db87b2aa001b2684810bc5e88ce8d0599c6246230a2a2ec77aef3846e271f,2023-05-12T01:30:04.822000,received,kaspa:qqetp7ct8kqss99fxmymyz5t3fezppxp0t58wl6pawp27elqd46uudme00cl0,244550000000,
61d9d911bbef90e75044965a7f31022d29316e0087f88f204060435b8a2c4446,2023-04-21T23:40:02.753000,received,kaspa:qqetp7ct8kqss99fxmymyz5t3fezppxp0t58wl6pawp27elqd46uudme00cl0,93388000000,
3b494c609b392a9f96d022e2404e124096653738073c29a4c74163d45be3cb34,2023-03-19T23:07:02.634000,received,kaspa:qpzpfwcsqsxhxwup26r55fd0ghqlhyugz8cp6y3wxuddc02vcxtjg75pspnwz,115425000000,MEXC
cb52669996abfe09829f3e95b12921402e3d397e145c00bd93659ebf184ba13f,2023-03-11T23:29:35.517000,received,kaspa:qpjunp39ssazf4rzfxxu0hd35xggfxn6lq0ls9u9q6peevzcmcv4xmv9q4njd,1167716000000,
