tx_id,timestamp,direction,peer_address,amount_sompi,cex_label
29ff950c6af9c49d1ce1497490558f6670a57b1f0aa485c311c0a26f30b6f755,2023-12-18T21:26:51.392000,sent,kaspa:qqsslpr5gst3y2s87k402r9yt7ajmak63vkgmathj8ys5qx4273jg40nngrd2,172970000,
29ff950c6af9c49d1ce1497490558f6670a57b1f0aa485c311c0a26f30b6f755,2023-12-18T21:26:51.392000,sent,kaspa:qqsslpr5gst3y2s87k402r9yt7ajmak63vkgmathj8ys5qx4273jg40nngrd2,172970000,
d88c765b20b6653190682bbf8a04de4d7f92e6614ecfd83a533d513e0c50ec23,2023-12-12T06:40:05.463000,received,kaspa:qypswxtcrv4ssyjaswy5w9387vq73mkuyq85tl34cee6qn5uexqy0csgnafnjx7,171000000,
01e19638b8144710ac8e6bbe8730b3f3b34741d96dc90ecb4a1d460ab4382ca3,2023-11-28T07:45:41.481000,sent,kaspa:qyptxylrd4swq34jpctkwzzseyxgduaz7229l3yuv268c9u9j5pqxvgsskdkwpl,18000000,
c7027e039cfa7f3d4ef92f226a4d57cae4fd91be87ddd9783456dc8c14d0d3c8,2023-11-27T01:51:45.382000,received,kaspa:qyp7pdnl7lcvupjaqrq07jgytn27yctey22a0l4hj6yy6w8ujauzzeg3wyd5jt4,20000000,
