tx_id,timestamp,direction,peer_address,amount_sompi,cex_label
7c318b335e8afec5f2861dd0d1c2bbc52e582780b194c14e750a7c5ffa3a14c8,2024-08-30T20:02:04.608000,sent,kaspa:qqntm2vw03se96g82wjmw53n0ptepd5cz77lxscsrq5e3smvu3ezkmvfy376r,899900000000,
3fd53088cbde85fcae903c4711d577e8fa22988b87b1ddcb43e9f39a4efa7174,2024-08-30T19:25:45.448000,sent,kaspa:qqntm2vw03se96g82wjmw53n0ptepd5cz77lxscsrq5e3smvu3ezkmvfy376r,100000000000,
1c8f7d8883d0fb97f284450cef5f3f3785851eefa1a2558fe206afcdc3fae7d8,2024-08-02T21:39:45.682000,sent,kaspa:qqntm2vw03se96g82wjmw53n0ptepd5cz77lxscsrq5e3smvu3ezkmvfy376r,1000000000000,
d7e065321acbdeee10ccedeef508f074610d113aadc2d22b1a05fb9f99d9f2b6,2024-08-01T04:57:33.658000,sent,kaspa:qqntm2vw03se96g82wjmw53n0ptepd5cz77lxscsrq5e3smvu3ezkmvfy376r,990000000000,
90f92f2b14d9a73d6352c8ded85e40fc751de228eb76e69a8736d162c1e268e1,2024-08-01T04:33:25.291000,sent,kaspa:qqntm2vw03se96g82wjmw53n0ptepd5cz77lxscsrq5e3smvu3ezkmvfy376r,10000000000,
e52337d7c33ca3da4212b7eaa1562c4ec86b17dd8b6ac0d9ab6712b46382a2b7,2023-11-10T06:28:27.114000,sent,kaspa:qqwvnkp47wsj6n4hkdlgj8dsauyx0xvefunnwvvsmpq2udd0ka8ckmpuqw3k5,344097000000,
372b84674b023a971b9ca9fbffa3d2744d607f1965cb718c963c80c99b303fee,2023-06-05T16:48:05.104000,received,kaspa:qqetp7ct8kqss99fxmymyz5t3fezppxp0t58wl6pawp27elqd46uudme00cl0,3944097000000,
