tx_id,timestamp,direction,peer_address,amount_sompi,cex_label
a334f00812fb0f6a77ae740f3cbd38d824dec5336fcff53d2aae6e56fcc9fa28,2023-12-16T03:16:59.200000,sent,kaspa:qzslgwenzu78t6tldlng383g7ruu4enaljmnkgaulyrscjp7ldt26x8gfxck5,171940000,
a334f00812fb0f6a77ae740f3cbd38d824dec5336fcff53d2aae6e56fcc9fa28,2023-12-16T03:16:59.200000,sent,kaspa:qzslgwenzu78t6tldlng383g7ruu4enaljmnkgaulyrscjp7ldt26x8gfxck5,171940000,
ef1d228992960bc93f9bdf05d177fd77933d89407ce70838d1eef141888b8633,2023-12-12T00:32:46.014000,received,kaspa:qypswxtcrv4ssyjaswy5w9387vq73mkuyq85tl34cee6qn5uexqy0csgnafnjx7,171000000,
a19225382d35a116566a590d82c69e3ba372260a544bbe7c9429ffd6f85d2d02,2023-11-27T14:41:01.045000,sent,kaspa:qyph4e2jmnhkujwajxsnjjrnmw2hueh8pa8t39qj3zumlvf8kgg7uxqr7hh5akq,18000000,
71b7c9c0e85b5b14aee5a5f575b08e5e0e466feb2c6e689980cf5d6de6bdd65d,2023-11-27T11:42:25.125000,received,kaspa:qzhn0fpgvamcv6yxpr84knuekx80cs79lnen896delml7wpj76rn6mv5d3669,19000000,
