tx_id,timestamp,direction,peer_address,amount_sompi,cex_label
86199e6d0d4f377e514b01222985db9b4651294301d3551c7c026586a29ae55b,2023-11-12T08:45:43.475000,sent,kaspa:qqwvnkp47wsj6n4hkdlgj8dsauyx0xvefunnwvvsmpq2udd0ka8ckmpuqw3k5,195717552,
8a063db110770f89f731604801c1c734b861f1c48b1a21e05f97d11a592254c7,2023-11-12T08:42:41.481000,received,kaspa:qqwvnkp47wsj6n4hkdlgj8dsauyx0xvefunnwvvsmpq2udd0ka8ckmpuqw3k5,195817552,
8a063db110770f89f731604801c1c734b861f1c48b1a21e05f97d11a592254c7,2023-11-12T08:42:41.481000,received,kaspa:qqwvnkp47wsj6n4hkdlgj8dsauyx0xvefunnwvvsmpq2udd0ka8ckmpuqw3k5,195817552,
43e567f6e55c6aa2c2edb35b8a236aaf54eeed8aecf5142885525ed2ea36c9c9,2023-05-10T12:54:04.157000,sent,kaspa:qqwvnkp47wsj6n4hkdlgj8dsauyx0xvefunnwvvsmpq2udd0ka8ckmpuqw3k5,71999800000,
b526ed43d4ea667f059c97243c28a92c16b5aa20dba255f66d9736dd16af4db0,2023-05-10T11:41:59.161000,sent,kaspa:qqntvyjm5aanl6j25g0hakmm4c0v367e6rfglu36pfp2st67q2nkv3mucgrc6,25000000000,
071a86d0816a4dee59f383c2d2d0a46a2122a70f6efe3cffe2c6bf8d2ee10864,2023-04-18T19:51:03.209000,received,kaspa:qpzpfwcsqsxhxwup26r55fd0ghqlhyugz8cp6y3wxuddc02vcxtjg75pspnwz,97000000000,MEXC
