tx_id,timestamp,direction,peer_address,amount_sompi,cex_label
7e86c00a1eeeacf2dcf8eab8e02499b5efd7ce1bbe797cc5b1d6fc9afce98424,2025-02-06T23:47:20.965000,received,kaspa:qypzz32y5vev6hmtqm6a5mz7e73an0952zryc6fzgndd9fuqd3d4j2sa7z9gryr,8383131473972,
bce074450519bffbcef26bd17c751d9b42aca49903905fab4f0ac8c8915e4233,2025-02-06T23:35:10.839000,received,kaspa:qypzz32y5vev6hmtqm6a5mz7e73an0952zryc6fzgndd9fuqd3d4j2sa7z9gryr,12092308706,
7e6300b2944e8d16a8be8a465ce28f3c263adcdbb8c26d6c871ed18096b2a056,2024-07-31T04:11:15.484000,sent,kaspa:qr6cjpfaydu3x3af2v6c0ytursva6pzqswwx3lugrer5u760y27v6t7nkq4dz,487647533901,
7e6300b2944e8d16a8be8a465ce28f3c263adcdbb8c26d6c871ed18096b2a056,2024-07-31T04:11:15.484000,sent,kaspa:qr6cjpfaydu3x3af2v6c0ytursva6pzqswwx3lugrer5u760y27v6t7nkq4dz,487647533901,
84dde9e61c1942f9de936bdc0c5a7a0b893a13869a1d80a85686017f5afcf5a5,2024-07-31T02:20:17.784000,received,kaspa:qyphdq8nhr735t7k25tthnjrzk6wlc59fhwrwspc57as24es2cgq49c5v5xud8s,485102733039,
0dac375927053a5357b5340b48de2c84c15aa86fac26182b0ab7c5921a098fef,2024-07-31T02:14:29.403000,received,kaspa:qyphdq8nhr735t7k25tthnjrzk6wlc59fhwrwspc57as24es2cgq49c5v5xud8s,2544814572,
