tx_id,timestamp,direction,peer_address,amount_sompi,cex_label
47d9b4cd4d4034dd69e20c99b3a8949494caf6c08b2d0d0b2c5e55115be1afc5,2024-01-11T22:13:39.588000,sent,kaspa:qqwvnkp47wsj6n4hkdlgj8dsauyx0xvefunnwvvsmpq2udd0ka8ckmpuqw3k5,109999900000,
7449cb7000672096f94eb14ef62b07e9217f8cb5923d58de21c58566f5d2b1a7,2024-01-11T22:09:03.402000,received,kaspa:qp2ew398lgjxl2aw5zztna2wv8t2efe88l5zq60d62v3zeaxvg6wknnkpap8k,110000000000,
7449cb7000672096f94eb14ef62b07e9217f8cb5923d58de21c58566f5d2b1a7,2024-01-11T22:09:03.402000,received,kaspa:qq2e88nrkp3hfrp2sg839rf3qj934wxra7q05xeeht5ve60f5x7cc3rvmwag6,110000000000,
7449cb7000672096f94eb14ef62b07e9217f8cb5923d58de21c58566f5d2b1a7,2024-01-11T22:09:03.402000,received,kaspa:qq2e88nrkp3hfrp2sg839rf3qj934wxra7q05xeeht5ve60f5x7cc3rvmwag6,110000000000,
7449cb7000672096f94eb14ef62b07e9217f8cb5923d58de21c58566f5d2b1a7,2024-01-11T22:09:03.402000,received,kaspa:qq2e88nrkp3hfrp2sg839rf3qj934wxra7q05xeeht5ve60f5x7cc3rvmwag6,110000000000,
7449cb7000672096f94eb14ef62b07e9217f8cb5923d58de21c58566f5d2b1a7,2024-01-11T22:09:03.402000,received,kaspa:qq2e88nrkp3hfrp2sg839rf3qj934wxra7q05xeeht5ve60f5x7cc3rvmwag6,110000000000,
7449cb7000672096f94eb14ef62b07e9217f8cb5923d58de21c58566f5d2b1a7,2024-01-11T22:09:03.402000,received,kaspa:qq2e88nrkp3hfrp2sg839rf3qj934wxra7q05xeeht5ve60f5x7cc3rvmwag6,110000000000,
7449cb7000672096f94eb14ef62b07e9217f8cb5923d58de21c58566f5d2b1a7,2024-01-11T22:09:03.402000,received,kaspa:qq2e88nrkp3hfrp2sg839rf3qj934wxra7q05xeeht5ve60f5x7cc3rvmwag6,110000000000,
7449cb7000672096f94eb14ef62b07e9217f8cb5923d58de21c58566f5d2b1a7,2024-01-11T22:09:03.402000,received,kaspa:qq2e88nrkp3hfrp2sg839rf3qj934wxra7q05xeeht5ve60f5x7cc3rvmwag6,110000000000,
7449cb7000672096f94eb14ef62b07e9217f8cb5923d58de21c58566f5d2b1a7,2024-01-11T22:09:03.402000,received,kaspa:qq2e88nrkp3hfrp2sg839rf3qj934wxra7q05xeeht5ve60f5x7cc3rvmwag6,110000000000,
7449cb7000672096f94eb14ef62b07e9217f8cb5923d58de21c58566f5d2b1a7,2024-01-11T22:09:03.402000,received,kaspa:qq2e88nrkp3hfrp2sg839rf3qj934wxra7q05xeeht5ve60f5x7cc3rvmwag6,110000000000,
7449cb7000672096f94eb14ef62b07e9217f8cb5923d58de21c58566f5d2b1a7,2024-01-11T22:09:03.402000,received,kaspa:qq2e88nrkp3hfrp2sg839rf3qj934wxra7q05xeeht5ve60f5x7cc3rvmwag6,110000000000,
7449cb7000672096f94eb14ef62b07e9217f8cb5923d58de21c58566f5d2b1a7,2024-01-11T22:09:03.402000,received,kaspa:qq2e88nrkp3hfrp2sg839rf3qj934wxra7q05xeeht5ve60f5x7cc3rvmwag6,110000000000,
9790e4a49c7ce513643ab6dd21e98008b3d78f6bffec9f1e36c34fe14eef2d27,2024-01-11T02:39:49.602000,sent,kaspa:qqwvnkp47wsj6n4hkdlgj8dsauyx0xvefunnwvvsmpq2udd0ka8ckmpuqw3k5,269999900000,
12845ae2e4312f4fa0a913796acb75a51b4ed5507c9164b13aaa8f2b86b96951,2024-01-11T02:35:49.386000,received,kaspa:qrzuw6khycn90l05k50xh8mjyynf43jfzkef2jf0rzyj89n3erzjj68tmrvrj,270000000000,
12845ae2e4312f4fa0a913796acb75a51b4ed5507c9164b13aaa8f2b86b96951,2024-01-11T02:35:49.386000,received,kaspa:qp0u3a6dgpm6j3j94v0wtgpcqm89cdy2cxm5jlrykuqgc4j2gl3qxlysxvrtl,270000000000,
12845ae2e4312f4fa0a913796acb75a51b4ed5507c9164b13aaa8f2b86b96951,2024-01-11T02:35:49.386000,received,kaspa:qq2e88nrkp3hfrp2sg839rf3qj934wxra7q05xeeht5ve60f5x7cc3rvmwag6,270000000000,
12845ae2e4312f4fa0a913796acb75a51b4ed5507c9164b13aaa8f2b86b96951,2024-01-11T02:35:49.386000,received,kaspa:qq2e88nrkp3hfrp2sg839rf3qj934wxra7q05xeeht5ve60f5x7cc3rvmwag6,270000000000,
12845ae2e4312f4fa0a913796acb75a51b4ed5507c9164b13aaa8f2b86b96951,2024-01-11T02:35:49.386000,received,kaspa:qq2e88nrkp3hfrp2sg839rf3qj934wxra7q05xeeht5ve60f5x7cc3rvmwag6,270000000000,
12845ae2e4312f4fa0a913796acb75a51b4ed5507c9164b13aaa8f2b86b96951,2024-01-11T02:35:49.386000,received,kaspa:qq2e88nrkp3hfrp2sg839rf3qj934wxra7q05xeeht5ve60f5x7cc3rvmwag6,270000000000,
12845ae2e4312f4fa0a913796acb75a51b4ed5507c9164b13aaa8f2b86b96951,2024-01-11T02:35:49.386000,received,kaspa:qq2e88nrkp3hfrp2sg839rf3qj934wxra7q05xeeht5ve60f5x7cc3rvmwag6,270000000000,
12845ae2e4312f4fa0a913796acb75a51b4ed5507c9164b13aaa8f2b86b96951,2024-01-11T02:35:49.386000,received,kaspa:qq2e88nrkp3hfrp2sg839rf3qj934wxra7q05xeeht5ve60f5x7cc3rvmwag6,270000000000,
12845ae2e4312f4fa0a913796acb75a51b4ed5507c9164b13aaa8f2b86b96951,2024-01-11T02:35:49.386000,received,kaspa:qq2e88nrkp3hfrp2sg839rf3qj934wxra7q05xeeht5ve60f5x7cc3rvmwag6,270000000000,
12845ae2e4312f4fa0a913796acb75a51b4ed5507c9164b13aaa8f2b86b96951,2024-01-11T02:35:49.386000,received,kaspa:qq2e88nrkp3hfrp2sg839rf3qj934wxra7q05xeeht5ve60f5x7cc3rvmwag6,270000000000,
12845ae2e4312f4fa0a913796acb75a51b4ed5507c9164b13aaa8f2b86b96951,2024-01-11T02:35:49.386000,received,kaspa:qq2e88nrkp3hfrp2sg839rf3qj934wxra7q05xeeht5ve60f5x7cc3rvmwag6,270000000000,
12845ae2e4312f4fa0a913796acb75a51b4ed5507c9164b13aaa8f2b86b96951,2024-01-11T02:35:49.386000,received,kaspa:qq2e88nrkp3hfrp2sg839rf3qj934wxra7q05xeeht5ve60f5x7cc3rvmwag6,270000000000,
12845ae2e4312f4fa0a913796acb75a51b4ed5507c9164b13aaa8f2b86b96951,2024-01-11T02:35:49.386000,received,kaspa:qq2e88nrkp3hfrp2sg839rf3qj934wxra7q05xeeht5ve60f5x7cc3rvmwag6,270000000000,
12845ae2e4312f4fa0a913796acb75a51b4ed5507c9164b13aaa8f2b86b96951,2024-01-11T02:35:49.386000,received,kaspa:qq2e88nrkp3hfrp2sg839rf3qj934wxra7q05xeeht5ve60f5x7cc3rvmwag6,270000000000,
12845ae2e4312f4fa0a913796acb75a51b4ed5507c9164b13aaa8f2b86b96951,2024-01-11T02:35:49.386000,received,kaspa:qq2e88nrkp3hfrp2sg839rf3qj934wxra7q05xeeht5ve60f5x7cc3rvmwag6,270000000000,
12845ae2e4312f4fa0a913796acb75a51b4ed5507c9164b13aaa8f2b86b96951,2024-01-11T02:35:49.386000,received,kaspa:qq2e88nrkp3hfrp2sg839rf3qj934wxra7q05xeeht5ve60f5x7cc3rvmwag6,270000000000,
12845ae2e4312f4fa0a913796acb75a51b4ed5507c9164b13aaa8f2b86b96951,2024-01-11T02:35:49.386000,received,kaspa:qq2e88nrkp3hfrp2sg839rf3qj934wxra7q05xeeht5ve60f5x7cc3rvmwag6,270000000000,
12845ae2e4312f4fa0a913796acb75a51b4ed5507c9164b13aaa8f2b86b96951,2024-01-11T02:35:49.386000,received,kaspa:qq2e88nrkp3hfrp2sg839rf3qj934wxra7q05xeeht5ve60f5x7cc3rvmwag6,270000000000,
12845ae2e4312f4fa0a913796acb75a51b4ed5507c9164b13aaa8f2b86b96951,2024-01-11T02:35:49.386000,received,kaspa:qq2e88nrkp3hfrp2sg839rf3qj934wxra7q05xeeht5ve60f5x7cc3rvmwag6,270000000000,
12845ae2e4312f4fa0a913796acb75a51b4ed5507c9164b13aaa8f2b86b96951,2024-01-11T02:35:49.386000,received,kaspa:qq2e88nrkp3hfrp2sg839rf3qj934wxra7q05xeeht5ve60f5x7cc3rvmwag6,270000000000,
12845ae2e4312f4fa0a913796acb75a51b4ed5507c9164b13aaa8f2b86b96951,2024-01-11T02:35:49.386000,received,kaspa:qq2e88nrkp3hfrp2sg839rf3qj934wxra7q05xeeht5ve60f5x7cc3rvmwag6,270000000000,
12845ae2e4312f4fa0a913796acb75a51b4ed5507c9164b13aaa8f2b86b96951,2024-01-11T02:35:49.386000,received,kaspa:qq2e88nrkp3hfrp2sg839rf3qj934wxra7q05xeeht5ve60f5x7cc3rvmwag6,270000000000,
12845ae2e4312f4fa0a913796acb75a51b4ed5507c9164b13aaa8f2b86b96951,2024-01-11T02:35:49.386000,received,kaspa:qq2e88nrkp3hfrp2sg839rf3qj934wxra7q05xeeht5ve60f5x7cc3rvmwag6,270000000000,
12845ae2e4312f4fa0a913796acb75a51b4ed5507c9164b13aaa8f2b86b96951,2024-01-11T02:35:49.386000,received,kaspa:qq2e88nrkp3hfrp2sg839rf3qj934wxra7q05xeeht5ve60f5x7cc3rvmwag6,270000000000,
12845ae2e4312f4fa0a913796acb75a51b4ed5507c9164b13aaa8f2b86b96951,2024-01-11T02:35:49.386000,received,kaspa:qq2e88nrkp3hfrp2sg839rf3qj934wxra7q05xeeht5ve60f5x7cc3rvmwag6,270000000000,
12845ae2e4312f4fa0a913796acb75a51b4ed5507c9164b13aaa8f2b86b96951,2024-01-11T02:35:49.386000,received,kaspa:qq2e88nrkp3hfrp2sg839rf3qj934wxra7q05xeeht5ve60f5x7cc3rvmwag6,270000000000,
12845ae2e4312f4fa0a913796acb75a51b4ed5507c9164b13aaa8f2b86b96951,2024-01-11T02:35:49.386000,received,kaspa:qq2e88nrkp3hfrp2sg839rf3qj934wxra7q05xeeht5ve60f5x7cc3rvmwag6,270000000000,
12845ae2e4312f4fa0a913796acb75a51b4ed5507c9164b13aaa8f2b86b96951,2024-01-11T02:35:49.386000,received,kaspa:qq2e88nrkp3hfrp2sg839rf3qj934wxra7q05xeeht5ve60f5x7cc3rvmwag6,270000000000,
12845ae2e4312f4fa0a913796acb75a51b4ed5507c9164b13aaa8f2b86b96951,2024-01-11T02:35:49.386000,received,kaspa:qq2e88nrkp3hfrp2sg839rf3qj934wxra7q05xeeht5ve60f5x7cc3rvmwag6,270000000000,
