tx_id,timestamp,direction,peer_address,amount_sompi,cex_label
5f02a19f31085a61cb4fe40004b3d21c83f7127912760feac7e45179e3f12e66,2023-12-16T04:40:45.046000,sent,kaspa:qzslgwenzu78t6tldlng383g7ruu4enaljmnkgaulyrscjp7ldt26x8gfxck5,171940000,
5f02a19f31085a61cb4fe40004b3d21c83f7127912760feac7e45179e3f12e66,2023-12-16T04:40:45.046000,sent,kaspa:qzslgwenzu78t6tldlng383g7ruu4enaljmnkgaulyrscjp7ldt26x8gfxck5,171940000,
af5043c631874921cf84a1b5c4ee774f283fe6d525fc54c483fa54c2ea4570ee,2023-12-12T12:04:33.243000,received,kaspa:qypswxtcrv4ssyjaswy5w9387vq73mkuyq85tl34cee6qn5uexqy0csgnafnjx7,171000000,
423d720bc4e5a910cca696d310762030e57bc41b767cfdc5569d0664dedacc11,2023-11-28T16:34:49.752000,sent,kaspa:qypv5g2w388yzjl8kr2jhszefypvvymvs934wwud6pvkklymsraf9vgdjnew4wl,18000000,
59dfc9fa3261757afa298c9e741d13de6937180403854d72853be3c6d4b75d42,2023-11-27T18:36:43.841000,received,kaspa:qrzmwv9ya7t77u8njg2y99nrzwqamfcm2uv6aur9e7w7dpcf0sgru0kz3f2df,19000000,
