tx_id,timestamp,direction,peer_address,amount_sompi,cex_label
10ae0802fbfa87f58a42596c1657ca4cc3d6626f8b668bf33d5d8c3b72059876,2023-12-16T04:53:26.377000,sent,kaspa:qzslgwenzu78t6tldlng383g7ruu4enaljmnkgaulyrscjp7ldt26x8gfxck5,171940000,
10ae0802fbfa87f58a42596c1657ca4cc3d6626f8b668bf33d5d8c3b72059876,2023-12-16T04:53:26.377000,sent,kaspa:qzslgwenzu78t6tldlng383g7ruu4enaljmnkgaulyrscjp7ldt26x8gfxck5,171940000,
7e5f5acca8b1cb742551bb4ecfd74e3230ab1d0e89a92e580c6b33a2d263eb5d,2023-12-12T20:32:01.218000,received,kaspa:qypswxtcrv4ssyjaswy5w9387vq73mkuyq85tl34cee6qn5uexqy0csgnafnjx7,171000000,
06ceebaa401121caf022592d0d14bc4d854d4a666cab52673583e735745f2ca5,2023-11-29T11:03:59.851000,sent,kaspa:qyp5s07jwxtwlqt4hzmmc07xvuah64suz3pkh22guknzgxca8hh9dyg4ldjrwsq,18000000,
d3259d8c11708cbf6c40e8ddd49fcf87a3508a2616f1d310f3808995ed29ed61,2023-11-29T02:17:36.512000,received,kaspa:qpelmscywk22ut5c7zmwt0vu96jveg9mwrdcwcx644t0yj9efvkl7kek7gc24,19000000,
