tx_id,timestamp,direction,peer_address,amount_sompi,cex_label
4553db56184777c8d52f584f240d5588d1a19f7f8c4668d0bdf61329cc5795ae,2023-12-16T03:20:57.859000,sent,kaspa:qzslgwenzu78t6tldlng383g7ruu4enaljmnkgaulyrscjp7ldt26x8gfxck5,171940000,
4553db56184777c8d52f584f240d5588d1a19f7f8c4668d0bdf61329cc5795ae,2023-12-16T03:20:57.859000,sent,kaspa:qzslgwenzu78t6tldlng383g7ruu4enaljmnkgaulyrscjp7ldt26x8gfxck5,171940000,
cf7b0fe9ddec6b9febbd7bd9c25132b82dbd759e6910485306880d60d2906f90,2023-12-12T03:34:22.862000,received,kaspa:qypswxtcrv4ssyjaswy5w9387vq73mkuyq85tl34cee6qn5uexqy0csgnafnjx7,171000000,
eba2929d8fce2baebbd3d45fae7562ed4c6d0563916fae8848bc1f08f5a86f73,2023-11-28T01:24:38.874000,sent,kaspa:qypylj62wtp57yh8fre3zgzzrmxk4s56avjrqr2tfvlh27pah36h4rqyusnuryw,18000000,
a63424c3964e14379671e4e3d1f3fe403f952001bc87c2df1916617ec9425b58,2023-11-27T23:01:11.688000,received,kaspa:qrc956nv7nwrvsqvyx5cy2atwh87q59znuht45j0xn67zsg6xqmnj40rwj425,19000000,
