tx_id,timestamp,direction,peer_address,amount_sompi,cex_label
4f52c91546fed1e7b49e6f511c00dcc79fd11c92623bb7a343f59a9c5ca427ab,2023-12-16T04:48:45.130000,sent,kaspa:qzslgwenzu78t6tldlng383g7ruu4enaljmnkgaulyrscjp7ldt26x8gfxck5,171940000,
4f52c91546fed1e7b49e6f511c00dcc79fd11c92623bb7a343f59a9c5ca427ab,2023-12-16T04:48:45.130000,sent,kaspa:qzslgwenzu78t6tldlng383g7ruu4enaljmnkgaulyrscjp7ldt26x8gfxck5,171940000,
be78f04e1c91b690e8069c3f6d2f582b7cf4947e7dc11efac797921752589ce6,2023-12-12T13:47:13.883000,received,kaspa:qypswxtcrv4ssyjaswy5w9387vq73mkuyq85tl34cee6qn5uexqy0csgnafnjx7,171000000,
15cbb541e1cb6679ee62686653a441e4f45508bbeaf3b5dc680d6dad901046f3,2023-11-28T19:03:56.080000,sent,kaspa:qypg956vzy30r56y59m46extahagmvqu80pflqaqxdcgmmhaeckrlhg2lyrksvx,18000000,
b4ad3234817953c217077d2c5167b6ac2dd1be927c637f745b1e6ef0d10b0aab,2023-11-28T18:52:09.319000,received,kaspa:qz7mrcld5f5vpeek48ge2wctl94jf8jucstag3fsdk3jz9ftn35v2g42c5gf0,19000000,
