tx_id,timestamp,direction,peer_address,amount_sompi,cex_label
45c42af726f7d755246ff89495f50c752b782614bfc7508f91d747538315fb4f,2024-11-18T06:50:10.316000,sent,kaspa:qqnqv3rvnctfyrjteurqm0gmqfu7yjg3949yxpyxxfa4rgm9nt2zxauwq8xvs,900000000000,
45c42af726f7d755246ff89495f50c752b782614bfc7508f91d747538315fb4f,2024-11-18T06:50:10.316000,sent,kaspa:qrx25chlfw24qqh92un0wpjmsr7rxllqjuvzyy9aqwaczwvzg4ghkw9lcn22l,106396304672,
8486a44d6a2708972f36a042e48cef476f94f76494e71fde905623c18a2167a6,2024-11-18T06:29:48.936000,received,kaspa:qqtvuz96zf5d5mnj0uwv0apmye3h4ltzhkne5j3gftajg30m4ya5w5awvpcnx,8408550419,
8486a44d6a2708972f36a042e48cef476f94f76494e71fde905623c18a2167a6,2024-11-18T06:29:48.936000,received,kaspa:qz7ddpa7hx67gjwlsexg5ah7lej3e7lg9dawznawy349npkz7r2wydq2aegtc,8408550419,
