tx_id,timestamp,direction,peer_address,amount_sompi,cex_label
a8fab05176fdfb1b4f9b7487f79d2d82e1fe6b8160cdeb9d9dcfdcb812fb2302,2024-03-24T08:54:33.750000,sent,kaspa:qpmuyp96dwrzkt7e3cvkjzplwvz6kt6ac39djtj8fn8m6kddywpnz0jqamuly,172980000,
a8fab05176fdfb1b4f9b7487f79d2d82e1fe6b8160cdeb9d9dcfdcb812fb2302,2024-03-24T08:54:33.750000,sent,kaspa:qpmuyp96dwrzkt7e3cvkjzplwvz6kt6ac39djtj8fn8m6kddywpnz0jqamuly,172980000,
78084916a2fb9a59d18c9ca2c660ba3f15bde9f880a8820047b7c3cf01213faf,2023-12-12T18:38:32.133000,received,kaspa:qypswxtcrv4ssyjaswy5w9387vq73mkuyq85tl34cee6qn5uexqy0csgnafnjx7,171000000,
761b373cea5824554cc0dfb98f2435ed0a00548b3980ddd0818fe542ac07d42f,2023-11-29T07:43:15.024000,sent,kaspa:qypwyz56ggvzs00p7luz85ew9685zl8jxhxkyl3ftqszqsw3pcgj05c6mju7c6q,18000000,
1ea2e7bec30f2f65989ce7fe068a0ad5c5569abd2242c118249ee7040c9258e8,2023-11-27T09:24:31.262000,received,kaspa:qypamkqlgmq5vuvdg4q6wghkecpvfd5y7yfmmgy4xz09hfgrajla6tg5xqdffl8,20000000,
