tx_id,timestamp,direction,peer_address,amount_sompi,cex_label
5a8bc9d97494ae652e032897a05f7d35233f5b7309cdcdf8a6cced2148935357,2023-12-16T03:39:58.837000,sent,kaspa:qzslgwenzu78t6tldlng383g7ruu4enaljmnkgaulyrscjp7ldt26x8gfxck5,171940000,
5a8bc9d97494ae652e032897a05f7d35233f5b7309cdcdf8a6cced2148935357,2023-12-16T03:39:58.837000,sent,kaspa:qzslgwenzu78t6tldlng383g7ruu4enaljmnkgaulyrscjp7ldt26x8gfxck5,171940000,
e9b7df29718e893a7da60262031063471624d421660a84424dc2cd56940fe01a,2023-12-12T00:27:33.444000,received,kaspa:qypswxtcrv4ssyjaswy5w9387vq73mkuyq85tl34cee6qn5uexqy0csgnafnjx7,171000000,
524888dcfadca8299f0fd5fae90c585b4a90d980a67ea735128afae2d05844d5,2023-11-27T14:33:16.915000,sent,kaspa:qyphhx4zhh8wl4acy2nq3gdfcj7eg8azqdf5vqgz3wcv8m2p77mdamcvtvcgnl2,18000000,
95df71924e8d5cd56ce0b0338be1da02a996df473338e5c9b4b29ee6d632d268,2023-11-27T10:28:44.031000,received,kaspa:qrx394nm44ft5mxqxg7z5pgt7rt73l0usfrpm8kz3srqlqww5rmfc3tm8kplr,19000000,
