tx_id,timestamp,direction,peer_address,amount_sompi,cex_label
19be2882c0e7167194f02c453c57bd40285a3bb0c71864528ceb7febe4fe0c78,2024-03-16T10:38:11.399000,sent,kaspa:qrljgsw9crp869nysdvh76xpey93va78e23jcvtyyjushxh0qynn56lhc4hjw,172980000,
19be2882c0e7167194f02c453c57bd40285a3bb0c71864528ceb7febe4fe0c78,2024-03-16T10:38:11.399000,sent,kaspa:qrljgsw9crp869nysdvh76xpey93va78e23jcvtyyjushxh0qynn56lhc4hjw,172980000,
b919f5191371a4b6fb97a1229e192d3a0720fad3fde0455691f9ec930611179b,2023-12-12T14:30:41.877000,received,kaspa:qypswxtcrv4ssyjaswy5w9387vq73mkuyq85tl34cee6qn5uexqy0csgnafnjx7,171000000,
e3968dc79ff133db245c7cce188eb8bc53182c407f032dc9c6cb3bf87c5dec43,2023-11-28T23:20:34.036000,sent,kaspa:qyp28ql2lfwpcyy6twpexsg2e539dhvf3gxa9caxgwlp4wkqdln80ygy2k8cl6p,18000000,
4859ed11ce75b7ebb85baec230fcf4e623ae25a7dd356e1415358f57ad2bf4af,2023-11-28T22:38:23.891000,received,kaspa:qq26xhf9jc62g0n8wlazdzc3jpw8jymyhns4uwr0r3l2xc4p5m3jwc65yuc7m,20000000,
