tx_id,timestamp,direction,peer_address,amount_sompi,cex_label
2e4045370276bdadd46c1f00a14bed1c92c160db0a794755da657080ec537835,2025-02-16T09:40:07.272000,sent,kaspa:qrvum29vk365g0zcd5gx3c7h829etfq2ytdmscjzw4zw04fjfnprcg9c3tges,20099036657712,
5d83aaf4455ae6cfd8552e5a17a13836dd96b5d213e030237465a9b79c692e9a,2024-12-17T01:08:48.840000,sent,kaspa:qrvum29vk365g0zcd5gx3c7h829etfq2ytdmscjzw4zw04fjfnprcg9c3tges,117737398375,
ba637272c533a17af2da24d3ae2456ff212a3846a24f7c474736143265144df9,2023-11-29T06:56:12.772000,received,kaspa:qqwvnkp47wsj6n4hkdlgj8dsauyx0xvefunnwvvsmpq2udd0ka8ckmpuqw3k5,281896981746,
ba637272c533a17af2da24d3ae2456ff212a3846a24f7c474736143265144df9,2023-11-29T06:56:12.772000,received,kaspa:qqwvnkp47wsj6n4hkdlgj8dsauyx0xvefunnwvvsmpq2udd0ka8ckmpuqw3k5,281896981746,
ba637272c533a17af2da24d3ae2456ff212a3846a24f7c474736143265144df9,2023-11-29T06:56:12.772000,received,kaspa:qqwvnkp47wsj6n4hkdlgj8dsauyx0xvefunnwvvsmpq2udd0ka8ckmpuqw3k5,281896981746,
20a5adf2011a0e918f1cd8c9336c2964c96f7801c9d27b11da8feebf4a2be136,2023-11-29T00:55:06.702000,received,kaspa:qqwvnkp47wsj6n4hkdlgj8dsauyx0xvefunnwvvsmpq2udd0ka8ckmpuqw3k5,3000000000,
20a5adf2011a0e918f1cd8c9336c2964c96f7801c9d27b11da8feebf4a2be136,2023-11-29T00:55:06.702000,received,kaspa:qqwvnkp47wsj6n4hkdlgj8dsauyx0xvefunnwvvsmpq2udd0ka8ckmpuqw3k5,3000000000,
20a5adf2011a0e918f1cd8c9336c2964c96f7801c9d27b11da8feebf4a2be136,2023-11-29T00:55:06.702000,received,kaspa:qqwvnkp47wsj6n4hkdlgj8dsauyx0xvefunnwvvsmpq2udd0ka8ckmpuqw3k5,3000000000,
20a5adf2011a0e918f1cd8c9336c2964c96f7801c9d27b11da8feebf4a2be136,2023-11-29T00:55:06.702000,received,kaspa:qqwvnkp47wsj6n4hkdlgj8dsauyx0xvefunnwvvsmpq2udd0ka8ckmpuqw3k5,3000000000,
20a5adf2011a0e918f1cd8c9336c2964c96f7801c9d27b11da8feebf4a2be136,2023-11-29T00:55:06.702000,received,kaspa:qqwvnkp47wsj6n4hkdlgj8dsauyx0xvefunnwvvsmpq2udd0ka8ckmpuqw3k5,3000000000,
20a5adf2011a0e918f1cd8c9336c2964c96f7801c9d27b11da8feebf4a2be136,2023-11-29T00:55:06.702000,received,kaspa:qqwvnkp47wsj6n4hkdlgj8dsauyx0xvefunnwvvsmpq2udd0ka8ckmpuqw3k5,3000000000,
