tx_id,timestamp,direction,peer_address,amount_sompi,cex_label
b93ad668da5d81eb373955c5051ded043b7d180d7f30f7a534c0b521c8690bef,2024-07-26T22:54:49.856000,sent,kaspa:qq9zagcza4jt76eev9jl5z0nqhe0thcu7js8larktj4sle7lvgnw7sfcewlty,1985000000000,
4c45241fb9c40023b5da83a0244ce76f072978aa11644d7a4a6c31d03cc804f3,2024-07-14T16:49:21.292000,sent,kaspa:qq9zagcza4jt76eev9jl5z0nqhe0thcu7js8larktj4sle7lvgnw7sfcewlty,700000000000,
7c524bb1273fcccb47eb5ae645277fa42ceed5099ea1433cbbffb358007db87e,2024-06-29T12:51:06.455000,received,kaspa:qqetp7ct8kqss99fxmymyz5t3fezppxp0t58wl6pawp27elqd46uudme00cl0,2687736000000,
7c524bb1273fcccb47eb5ae645277fa42ceed5099ea1433cbbffb358007db87e,2024-06-29T12:51:06.455000,received,kaspa:qqetp7ct8kqss99fxmymyz5t3fezppxp0t58wl6pawp27elqd46uudme00cl0,2687736000000,
