tx_id,timestamp,direction,peer_address,amount_sompi,cex_label
8773acba5ae0a25dceb3d06643ac6a3cd8e16b8cae76aa8b5489209804319f0e,2023-12-16T05:10:10.047000,sent,kaspa:qzslgwenzu78t6tldlng383g7ruu4enaljmnkgaulyrscjp7ldt26x8gfxck5,171940000,
8773acba5ae0a25dceb3d06643ac6a3cd8e16b8cae76aa8b5489209804319f0e,2023-12-16T05:10:10.047000,sent,kaspa:qzslgwenzu78t6tldlng383g7ruu4enaljmnkgaulyrscjp7ldt26x8gfxck5,171940000,
ac7ff9606a718c7f77a9195c5df9ac8a00cadec7a54edcea49f3612c0b48c0d6,2023-12-13T03:33:24.987000,received,kaspa:qypswxtcrv4ssyjaswy5w9387vq73mkuyq85tl34cee6qn5uexqy0csgnafnjx7,171000000,
6e47cc328c6b9a0e6870cab11f47c81a1c0198d95a7b1d48382d46e39f59d852,2023-11-29T18:48:39.017000,sent,kaspa:qypv4suua08mrgs5dd6w8w83jljxgppm6wcatszql2smcy3rsew3efsf7v37tv9,18000000,
f8ba18bf1f8b4022597a0469bc5562a1c081e2ba1cca6fc028863fec707112a7,2023-11-28T12:36:56.810000,received,kaspa:qp4u3g6z0559q488y8qx8eq7kxhtqlx5kveyphtskn5zdgrtlx02vrjhcj6e2,19000000,
