tx_id,timestamp,direction,peer_address,amount_sompi,cex_label
807bdb6a36cac32570aaa855cf28fca7d39dddba2adf4120cc84f3d995b867ea,2023-12-16T03:18:36.249000,sent,kaspa:qzslgwenzu78t6tldlng383g7ruu4enaljmnkgaulyrscjp7ldt26x8gfxck5,171940000,
807bdb6a36cac32570aaa855cf28fca7d39dddba2adf4120cc84f3d995b867ea,2023-12-16T03:18:36.249000,sent,kaspa:qzslgwenzu78t6tldlng383g7ruu4enaljmnkgaulyrscjp7ldt26x8gfxck5,171940000,
6dad54c84d17b7dcc67df69931aa56db090333f1f286dfbc31d4755877ed72b4,2023-12-12T09:17:17.837000,received,kaspa:qypswxtcrv4ssyjaswy5w9387vq73mkuyq85tl34cee6qn5uexqy0csgnafnjx7,171000000,
15c597b4ae1d5aeca63d6a54627229c061491b3f0a62095662a39eafb67068cc,2023-11-28T13:15:18.637000,sent,kaspa:qyp3rk0ecevzwq9x69n5mf56f657ftuhpce5msgav2qc0379xhv9adskar5yc5u,18000000,
4e53ab126a9bf8693ac9209af7c6b457815cb03072a0d6f34fcabc00db27077a,2023-11-28T09:11:29.626000,received,kaspa:qrvhmu7g3ykxqglvqnr3nqx22rs6fq2dz3mf5n25qlwz5ytpksv3q4lju593m,19000000,
