tx_id,timestamp,direction,peer_address,amount_sompi,cex_label
e054a9c4cbb17ca8995095fad088f656e0c3f42f67e5ce5b5fa0eb2b2fc8b5c9,2023-10-22T20:04:34.106000,sent,kaspa:qrf46klp3ud5d7m4cuxcs6uqmf2jq5emt9dxg2736mgyq40rzp0xvjh9alwyt,50589430000,
e054a9c4cbb17ca8995095fad088f656e0c3f42f67e5ce5b5fa0eb2b2fc8b5c9,2023-10-22T20:04:34.106000,sent,kaspa:qrf46klp3ud5d7m4cuxcs6uqmf2jq5emt9dxg2736mgyq40rzp0xvjh9alwyt,50589430000,
a456dd8c4b96b8482759f895bacf151591b89063a3637bfc2f5f4eb3760e7ad8,2023-09-27T10:06:38.360000,received,kaspa:qrh0cfgzz4523vtwdqjlel3qyfqkmpeehkad9a438nn3nz2sjnkeyv0p94yn8,30099600000,
8ecb7db5e335f364a87e9fc2fc2762a074c795770f7a7fec2fc6b34c3582e43b,2023-09-26T21:23:52.051000,received,kaspa:qrh0cfgzz4523vtwdqjlel3qyfqkmpeehkad9a438nn3nz2sjnkeyv0p94yn8,3400000000,
