tx_id,timestamp,direction,peer_address,amount_sompi,cex_label
0d12e0e236888ca08b4632ba3810612bc81c50cc21689f042ebbbe7452c87e02,2023-12-16T04:07:11.434000,sent,kaspa:qzslgwenzu78t6tldlng383g7ruu4enaljmnkgaulyrscjp7ldt26x8gfxck5,171940000,
0d12e0e236888ca08b4632ba3810612bc81c50cc21689f042ebbbe7452c87e02,2023-12-16T04:07:11.434000,sent,kaspa:qzslgwenzu78t6tldlng383g7ruu4enaljmnkgaulyrscjp7ldt26x8gfxck5,171940000,
5f2e06e966ed78181c380213a8a41285a5769f5d8fe39643e47e5a777ea25422,2023-12-12T09:29:20.009000,received,kaspa:qypswxtcrv4ssyjaswy5w9387vq73mkuyq85tl34cee6qn5uexqy0csgnafnjx7,171000000,
81c447d98be94045730d300a88b715469a443a14a7a0a1e8d4b6487fc95e9494,2023-11-28T13:30:13.901000,sent,kaspa:qyp8ec3jys35pgl6gd5ll95sn6wy9fzc7n5zastlyssepjp7z6wh7jg2zytd2kw,18000000,
41b2265a9230c3c68bfa6537e33f33d4f680178dc0b03956a0f2516a2fc5e4b4,2023-11-28T12:04:54.511000,received,kaspa:qrfljlmy9fxt57pcvshn7ym90d0lszlyxe36fx9lgqgwam0y9fmay00msesrt,19000000,
