tx_id,timestamp,direction,peer_address,amount_sompi,cex_label
470263ce43d8d027500a8a90bbeee3ad82100fd5a0cfbcecf8303bedc0ba13de,2023-12-19T02:43:56.865000,sent,kaspa:qrkaxvl2tw6pq6zx9xrr9lqnt9x72upf0hsrp3cvgcmfz77m50ycua35nz200,172970000,
470263ce43d8d027500a8a90bbeee3ad82100fd5a0cfbcecf8303bedc0ba13de,2023-12-19T02:43:56.865000,sent,kaspa:qrkaxvl2tw6pq6zx9xrr9lqnt9x72upf0hsrp3cvgcmfz77m50ycua35nz200,172970000,
8e098e8aa140faa3a25d14e88bb01819b2ee7f57591a0d18d64c02334787e84a,2023-12-12T18:23:45.059000,received,kaspa:qypswxtcrv4ssyjaswy5w9387vq73mkuyq85tl34cee6qn5uexqy0csgnafnjx7,171000000,
0cec870cbec3255f7c7663b827e7648dc7f7c454636827218b530fa2a0736bf9,2023-11-29T07:19:47.943000,sent,kaspa:qyp2gky89nc6r06qu0k9e4el9nhahyga0lg990tw5ckrmz4dvdemwps72fdydl7,18000000,
8625f193dce114cbe75378f2de247234f08686af319bb5a753fed096d198d6a0,2023-11-28T09:42:36.122000,received,kaspa:qpde6q9k85geqt84jfkwqz9p6c6c5s9ev924k25q9vlm0k6g0zr5uk3m2k7gk,20000000,
