tx_id,timestamp,direction,peer_address,amount_sompi,cex_label
71b470a5f26b40bf9c678eecf3fbab874fc46356cc872d90acb17bb9616b0067,2023-12-16T04:29:32.488000,sent,kaspa:qzslgwenzu78t6tldlng383g7ruu4enaljmnkgaulyrscjp7ldt26x8gfxck5,171940000,
71b470a5f26b40bf9c678eecf3fbab874fc46356cc872d90acb17bb9616b0067,2023-12-16T04:29:32.488000,sent,kaspa:qzslgwenzu78t6tldlng383g7ruu4enaljmnkgaulyrscjp7ldt26x8gfxck5,171940000,
4e7a232fc3a33de6ca69f4bc7d41f4a9001a4ff00ef0a329cd3e3566e827e429,2023-12-12T12:31:45.597000,received,kaspa:qypswxtcrv4ssyjaswy5w9387vq73mkuyq85tl34cee6qn5uexqy0csgnafnjx7,171000000,
e5338cb3c4d78e30e5ff737609bd6036aec0727aaf4e4dd2cd8ccbc3f146c705,2023-11-28T17:05:36.533000,sent,kaspa:qyppqt9wde03klxpl00vaen3p6ngzgzxk3kn3v3rw5wl4vqs3hxyq8stclwf0zf,18000000,
ab648dffe328be3534786b83790b6e5bda464d19dd812ae0e3e3887df9fc2de9,2023-11-28T06:43:47.921000,received,kaspa:qpdjqjhljgwecx97gmu3ppt82k6utc6sqn6t9wv53y3gqxj7vk6e53az8qzhz,19000000,
