tx_id,timestamp,direction,peer_address,amount_sompi,cex_label
a6f9556bea5fce6d33fa1d78f933c463e44bdd01fff6dd4b62bc2b48d32000f2,2023-12-16T04:09:23.481000,sent,kaspa:qzslgwenzu78t6tldlng383g7ruu4enaljmnkgaulyrscjp7ldt26x8gfxck5,171940000,
a6f9556bea5fce6d33fa1d78f933c463e44bdd01fff6dd4b62bc2b48d32000f2,2023-12-16T04:09:23.481000,sent,kaspa:qzslgwenzu78t6tldlng383g7ruu4enaljmnkgaulyrscjp7ldt26x8gfxck5,171940000,
415fa11fcd6edf04402a3483f8b9e90efbfbc8d8976f450ffe7c9aadba493064,2023-12-12T08:14:47.421000,received,kaspa:qypswxtcrv4ssyjaswy5w9387vq73mkuyq85tl34cee6qn5uexqy0csgnafnjx7,171000000,
288fd1a0d09c188917b46f1b46a9a496618211ddc73841c184b988e7d0a0c804,2023-11-28T10:53:39.563000,sent,kaspa:qyplajvawursghncdg5rcrna6673c4qkwzwrt5k3tcvxmn7mnfpsqwcl55c7vrv,18000000,
9d0e0abf3777a8c1d1599d66fc4c7752c12a201d74fbf26f1f83b1e5e5a4deb2,2023-11-27T02:59:33.865000,received,kaspa:qqxrda0n7wx2zyhkxu2gx3hc5mraf7l7h90szkz8vrs4sa9cf0hvc6ysg6shy,19000000,
