tx_id,timestamp,direction,peer_address,amount_sompi,cex_label
b5473962de459e95308a9bb38509fb0548c1bf10c38cfe1fc729d45b581b12ff,2024-09-21T04:04:30.867000,sent,kaspa:qqpkdqlptnkpp32szvq8vvak4522349l5kqh38zekj3qxzahqq0fq3vp3pdmx,14900000000,
b5473962de459e95308a9bb38509fb0548c1bf10c38cfe1fc729d45b581b12ff,2024-09-21T04:04:30.867000,sent,kaspa:qqpkdqlptnkpp32szvq8vvak4522349l5kqh38zekj3qxzahqq0fq3vp3pdmx,14900000000,
799a6cb875672713cd3fcb5161f803488805c5df4f76f5a7f64aab1826cc7943,2024-09-20T12:46:46.959000,received,kaspa:qq2g84fyvkhw7dag5rexreugr0njzzx4c0usnnzwjfj09hx99rwk27w0fkduj,11259471000,
799a6cb875672713cd3fcb5161f803488805c5df4f76f5a7f64aab1826cc7943,2024-09-20T12:46:46.959000,received,kaspa:qq2g84fyvkhw7dag5rexreugr0njzzx4c0usnnzwjfj09hx99rwk27w0fkduj,11259471000,
0b200a4794667715b842b46f7bfcab9443d69d97f052ec65ad27414d03eba9a0,2024-09-20T06:58:56.240000,sent,kaspa:qq9zagcza4jt76eev9jl5z0nqhe0thcu7js8larktj4sle7lvgnw7sfcewlty,11259471000,
0b200a4794667715b842b46f7bfcab9443d69d97f052ec65ad27414d03eba9a0,2024-09-20T06:58:56.240000,sent,kaspa:qq9zagcza4jt76eev9jl5z0nqhe0thcu7js8larktj4sle7lvgnw7sfcewlty,11259471000,
5a353463c6468680df7cf9b079c57d0127fc7052b033d2afa13533152d8d630c,2024-09-20T06:56:23.388000,received,kaspa:qpus83f0mh2dzc8x6p8mjdvfr42z9m9jql8um9sfskgsxkrkf8v42va7m5lrx,10000000000,
5a353463c6468680df7cf9b079c57d0127fc7052b033d2afa13533152d8d630c,2024-09-20T06:56:23.388000,received,kaspa:qpus83f0mh2dzc8x6p8mjdvfr42z9m9jql8um9sfskgsxkrkf8v42va7m5lrx,10000000000,
97eb7c06744b099d4526c1e46a428ce375e681003b9b7f9a66bbf7cadb6eb306,2024-09-19T18:02:40.324000,sent,kaspa:qq9zagcza4jt76eev9jl5z0nqhe0thcu7js8larktj4sle7lvgnw7sfcewlty,5012631500,
97eb7c06744b099d4526c1e46a428ce375e681003b9b7f9a66bbf7cadb6eb306,2024-09-19T18:02:40.324000,sent,kaspa:qq9zagcza4jt76eev9jl5z0nqhe0thcu7js8larktj4sle7lvgnw7sfcewlty,5012631500,
4531ae3c43744bae1788e279ece2f83b34e87e91269fbd3b0fda8fbd2d59f0db,2024-09-19T17:57:15.259000,received,kaspa:qpus83f0mh2dzc8x6p8mjdvfr42z9m9jql8um9sfskgsxkrkf8v42va7m5lrx,10000000000,
4531ae3c43744bae1788e279ece2f83b34e87e91269fbd3b0fda8fbd2d59f0db,2024-09-19T17:57:15.259000,received,kaspa:qpus83f0mh2dzc8x6p8mjdvfr42z9m9jql8um9sfskgsxkrkf8v42va7m5lrx,10000000000,
4bdd736377b6dade61a46c672942f17bff51d0f6bb9a9e983cbf71e53c043348,2024-09-19T14:43:45.752000,sent,kaspa:qpus83f0mh2dzc8x6p8mjdvfr42z9m9jql8um9sfskgsxkrkf8v42va7m5lrx,4130000000,
4bdd736377b6dade61a46c672942f17bff51d0f6bb9a9e983cbf71e53c043348,2024-09-19T14:43:45.752000,sent,kaspa:qpus83f0mh2dzc8x6p8mjdvfr42z9m9jql8um9sfskgsxkrkf8v42va7m5lrx,4130000000,
4bdd736377b6dade61a46c672942f17bff51d0f6bb9a9e983cbf71e53c043348,2024-09-19T14:43:45.752000,sent,kaspa:qpus83f0mh2dzc8x6p8mjdvfr42z9m9jql8um9sfskgsxkrkf8v42va7m5lrx,4130000000,
d1488510b04f0e55f4e07493d8c44b58cef99a2080e5c954244c49af666b9249,2024-09-19T14:41:32.600000,received,kaspa:ppuhpsaxhfpj7gs3s6qj0rw8haddlagtlt6lkztjkwf7tvzlefy8qwl9dt8fa,1999994917,
43acf5a42fcabb9721ce2a7659c1d7a28860c27cb6bcdd142d70e3a143886cf8,2024-09-19T14:41:28.061000,sent,kaspa:ppuhpsaxhfpj7gs3s6qj0rw8haddlagtlt6lkztjkwf7tvzlefy8qwl9dt8fa,2000004917,
43acf5a42fcabb9721ce2a7659c1d7a28860c27cb6bcdd142d70e3a143886cf8,2024-09-19T14:41:28.061000,sent,kaspa:ppuhpsaxhfpj7gs3s6qj0rw8haddlagtlt6lkztjkwf7tvzlefy8qwl9dt8fa,2000004917,
773ebe9802a36943f66cbdf6f7b0a1db0e3ff6294249574cd2a405cce232e014,2024-09-19T14:39:01.229000,received,kaspa:prlwzgfdsnruddt7c636pu9x3swjnv3pwujtqa7xy97v8c0kwlcsv00vkry4y,1999994917,
50bd9941b99fbd446873e4c729b55b6835d0b6c9979f8c0563df285efdfbe1db,2024-09-19T14:38:59.270000,sent,kaspa:prlwzgfdsnruddt7c636pu9x3swjnv3pwujtqa7xy97v8c0kwlcsv00vkry4y,2000004917,
50bd9941b99fbd446873e4c729b55b6835d0b6c9979f8c0563df285efdfbe1db,2024-09-19T14:38:59.270000,sent,kaspa:prlwzgfdsnruddt7c636pu9x3swjnv3pwujtqa7xy97v8c0kwlcsv00vkry4y,2000004917,
a75cae501d986e204cee1f0a09d1499fc6c04aa3b15d6a39270e22818ea07aa8,2024-09-19T14:35:34.430000,received,kaspa:ppm9czsxs3vzyrtmuyelggpjertqqpgx69safwyg83u0c4jywdx72e2cafv5x,1999994918,
2c555132da16956f774aea4b51d750587aea120a834f9ec3da9e18de466a479b,2024-09-19T14:35:31.963000,sent,kaspa:ppm9czsxs3vzyrtmuyelggpjertqqpgx69safwyg83u0c4jywdx72e2cafv5x,2000004918,
2c555132da16956f774aea4b51d750587aea120a834f9ec3da9e18de466a479b,2024-09-19T14:35:31.963000,sent,kaspa:ppm9czsxs3vzyrtmuyelggpjertqqpgx69safwyg83u0c4jywdx72e2cafv5x,2000004918,
4c9a97bc50fa277d9a544b7cb66589e78d5b51741befb0c526a5275283bfa663,2024-09-19T14:34:22.400000,received,kaspa:qzvyfg90vn86kzrq7gf58708xj3xk7mm3lckp95ejmr3p9l64jylw9mpjax0k,2000000000,
4e6e1be8d8b44f74d4250e36d246f16e9ac29cab4d6c437881c83b20587f9eb9,2024-09-15T18:44:00.869000,received,kaspa:pzg69ng45tfpnw4stxfsquqhfwl4cs640cv636na2r59mkj0kdwtqp6vlknh6,1894979931,
3c78edc2d0b0047f99fa3db9a86b95bd7e302315419eb54f7d75374571e22dfb,2024-09-15T18:31:51.500000,sent,kaspa:pzg69ng45tfpnw4stxfsquqhfwl4cs640cv636na2r59mkj0kdwtqp6vlknh6,2099996835,
3c78edc2d0b0047f99fa3db9a86b95bd7e302315419eb54f7d75374571e22dfb,2024-09-15T18:31:51.500000,sent,kaspa:pzg69ng45tfpnw4stxfsquqhfwl4cs640cv636na2r59mkj0kdwtqp6vlknh6,2099996835,
5be485bffb8486e89b97384a4c8588ebb65cbbc0253e0648fbd3e4954a5dbcc1,2024-09-15T17:04:15.096000,received,kaspa:pqdwjqy9l24t0u76nhr7ga7352h07kjtnd734uct6ezk3l34da222p75whvac,1828381216,
91799ab4555f7bcd2add153fbd42ffbbe27741ba60fdf7868c9573912e114a9e,2024-09-15T17:03:59.782000,sent,kaspa:pqdwjqy9l24t0u76nhr7ga7352h07kjtnd734uct6ezk3l34da222p75whvac,2099996835,
91799ab4555f7bcd2add153fbd42ffbbe27741ba60fdf7868c9573912e114a9e,2024-09-15T17:03:59.782000,sent,kaspa:pqdwjqy9l24t0u76nhr7ga7352h07kjtnd734uct6ezk3l34da222p75whvac,2099996835,
352bd2a9dd5e1295babe0aa87fd591232fcd843b4b10bcc6f9b1457a94885ac0,2024-09-15T17:03:40.827000,received,kaspa:pqdwjqy9l24t0u76nhr7ga7352h07kjtnd734uct6ezk3l34da222p75whvac,1828381216,
9a0be2307bf37dc2b2e5521dde582aef688ee0fd866526a629cc23a704a1833b,2024-09-15T17:03:28.397000,sent,kaspa:pqdwjqy9l24t0u76nhr7ga7352h07kjtnd734uct6ezk3l34da222p75whvac,2099996835,
9a0be2307bf37dc2b2e5521dde582aef688ee0fd866526a629cc23a704a1833b,2024-09-15T17:03:28.397000,sent,kaspa:pqdwjqy9l24t0u76nhr7ga7352h07kjtnd734uct6ezk3l34da222p75whvac,2099996835,
4bfe42fca97ccaf8dc94bd815ffb47b237e84fd1aa119ea847446e19dccc271b,2024-09-15T17:02:58.408000,received,kaspa:pqdwjqy9l24t0u76nhr7ga7352h07kjtnd734uct6ezk3l34da222p75whvac,1828377489,
76afba3bd3bb91952d8e54bf1dfdea5149e37b90cdb20ae3b0a4e5b974534ead,2024-09-15T17:02:25.055000,sent,kaspa:pqdwjqy9l24t0u76nhr7ga7352h07kjtnd734uct6ezk3l34da222p75whvac,2099993108,
76afba3bd3bb91952d8e54bf1dfdea5149e37b90cdb20ae3b0a4e5b974534ead,2024-09-15T17:02:25.055000,sent,kaspa:pqdwjqy9l24t0u76nhr7ga7352h07kjtnd734uct6ezk3l34da222p75whvac,2099993108,
76afba3bd3bb91952d8e54bf1dfdea5149e37b90cdb20ae3b0a4e5b974534ead,2024-09-15T17:02:25.055000,sent,kaspa:pqdwjqy9l24t0u76nhr7ga7352h07kjtnd734uct6ezk3l34da222p75whvac,2099993108,
76afba3bd3bb91952d8e54bf1dfdea5149e37b90cdb20ae3b0a4e5b974534ead,2024-09-15T17:02:25.055000,sent,kaspa:pqdwjqy9l24t0u76nhr7ga7352h07kjtnd734uct6ezk3l34da222p75whvac,2099993108,
b9196d63959ffdb0ea4a4788553f0a42c126c45e6af96cf0921d0c420cc5da5a,2024-09-15T17:01:19.538000,received,kaspa:pqdwjqy9l24t0u76nhr7ga7352h07kjtnd734uct6ezk3l34da222p75whvac,1724597093,
02a38922306c3947c83aeff4250e5efab930f96ffef083289473fcf33bc3027e,2024-09-15T17:01:16.379000,sent,kaspa:pqdwjqy9l24t0u76nhr7ga7352h07kjtnd734uct6ezk3l34da222p75whvac,1996212712,
2c79c1c0a3d4720d0e8f77dbc2279718dc6659a6221eea176678a34bf4de33e8,2024-09-15T16:55:45.484000,received,kaspa:pqdwjqy9l24t0u76nhr7ga7352h07kjtnd734uct6ezk3l34da222p75whvac,1629357249,
d0c677dac58b5dff9223b36c55a4ebbc2df1c083272f6de8aa6d4f6a16a3a4ea,2024-09-15T16:55:40.078000,sent,kaspa:pqdwjqy9l24t0u76nhr7ga7352h07kjtnd734uct6ezk3l34da222p75whvac,1922339504,
d0c677dac58b5dff9223b36c55a4ebbc2df1c083272f6de8aa6d4f6a16a3a4ea,2024-09-15T16:55:40.078000,sent,kaspa:pqdwjqy9l24t0u76nhr7ga7352h07kjtnd734uct6ezk3l34da222p75whvac,1922339504,
39276e252c4e6f6b4a1b457c6bbbe39d8d0e008ff75d6635a8ab8dc84be31110,2024-09-15T16:40:50.392000,received,kaspa:pqdwjqy9l24t0u76nhr7ga7352h07kjtnd734uct6ezk3l34da222p75whvac,1917955276,
70e67bd3ef548f7b0c2b5c6e4a3b2ee646a1e7737faffe12ab7ee1c8e4d3ab11,2024-09-15T16:39:50.936000,sent,kaspa:pqdwjqy9l24t0u76nhr7ga7352h07kjtnd734uct6ezk3l34da222p75whvac,2099996835,
70e67bd3ef548f7b0c2b5c6e4a3b2ee646a1e7737faffe12ab7ee1c8e4d3ab11,2024-09-15T16:39:50.936000,sent,kaspa:pqdwjqy9l24t0u76nhr7ga7352h07kjtnd734uct6ezk3l34da222p75whvac,2099996835,
3c6ec2fac025578276edbff43b5eb24881bdf01ff239869f02b2be89766b7c6f,2024-09-15T16:36:12.760000,received,kaspa:pqdwjqy9l24t0u76nhr7ga7352h07kjtnd734uct6ezk3l34da222p75whvac,1917955276,
1dd3d3fa91acd967576d13268b0cf4d759b189d2f48def088275e2156f05fabc,2024-09-15T16:35:15.585000,sent,kaspa:pqdwjqy9l24t0u76nhr7ga7352h07kjtnd734uct6ezk3l34da222p75whvac,2099996835,
1dd3d3fa91acd967576d13268b0cf4d759b189d2f48def088275e2156f05fabc,2024-09-15T16:35:15.585000,sent,kaspa:pqdwjqy9l24t0u76nhr7ga7352h07kjtnd734uct6ezk3l34da222p75whvac,2099996835,
ef6b42676aef41ceafc56351baa9297be0f2abeb4258ea5a8b69ff7bbe047ad3,2024-09-15T16:34:51.291000,received,kaspa:pqdwjqy9l24t0u76nhr7ga7352h07kjtnd734uct6ezk3l34da222p75whvac,1905837767,
652062c5fc1d2b3254630eda1bfe54b5bcd2e8b54f2766aa50f09ddea29d3066,2024-09-15T16:34:20.157000,sent,kaspa:pqdwjqy9l24t0u76nhr7ga7352h07kjtnd734uct6ezk3l34da222p75whvac,2087879326,
652062c5fc1d2b3254630eda1bfe54b5bcd2e8b54f2766aa50f09ddea29d3066,2024-09-15T16:34:20.157000,sent,kaspa:pqdwjqy9l24t0u76nhr7ga7352h07kjtnd734uct6ezk3l34da222p75whvac,2087879326,
aaaccee2dee632f819cc4cf1e44100dcc5632da14713661b197ed6a7c732b699,2024-09-15T16:31:41.803000,received,kaspa:pqdwjqy9l24t0u76nhr7ga7352h07kjtnd734uct6ezk3l34da222p75whvac,1933388646,
cc5ec91c7850920ccbf17e35ae890d6380b62a803a6ec60e1b31461177506d91,2024-09-15T16:31:18.446000,sent,kaspa:pqdwjqy9l24t0u76nhr7ga7352h07kjtnd734uct6ezk3l34da222p75whvac,2099995829,
cc5ec91c7850920ccbf17e35ae890d6380b62a803a6ec60e1b31461177506d91,2024-09-15T16:31:18.446000,sent,kaspa:pqdwjqy9l24t0u76nhr7ga7352h07kjtnd734uct6ezk3l34da222p75whvac,2099995829,
cc5ec91c7850920ccbf17e35ae890d6380b62a803a6ec60e1b31461177506d91,2024-09-15T16:31:18.446000,sent,kaspa:pqdwjqy9l24t0u76nhr7ga7352h07kjtnd734uct6ezk3l34da222p75whvac,2099995829,
e3c6f3bf74b72f92c7d86a8d63da8325da9da1d55c356c67f915e63a4a6ec1ac,2024-09-15T16:30:05.632000,received,kaspa:pqdwjqy9l24t0u76nhr7ga7352h07kjtnd734uct6ezk3l34da222p75whvac,1914782943,
2aefe63f8855dd58cb4f4b839ee333d1b3b49bcd09e50f640b549a2772eec4ef,2024-09-15T16:29:42.864000,sent,kaspa:pqdwjqy9l24t0u76nhr7ga7352h07kjtnd734uct6ezk3l34da222p75whvac,2081390126,
2aefe63f8855dd58cb4f4b839ee333d1b3b49bcd09e50f640b549a2772eec4ef,2024-09-15T16:29:42.864000,sent,kaspa:pqdwjqy9l24t0u76nhr7ga7352h07kjtnd734uct6ezk3l34da222p75whvac,2081390126,
89bababaf90330d623c1bc2ddd22d1bc532694490c5e2ec0667e65037017218d,2024-09-15T16:26:31.249000,received,kaspa:pqdwjqy9l24t0u76nhr7ga7352h07kjtnd734uct6ezk3l34da222p75whvac,1616211583,
0614460c0852103d8bdda353199f1b212de490099afa4e41f73b28818cf98b46,2024-09-15T16:25:16.550000,sent,kaspa:pqdwjqy9l24t0u76nhr7ga7352h07kjtnd734uct6ezk3l34da222p75whvac,2099996835,
0614460c0852103d8bdda353199f1b212de490099afa4e41f73b28818cf98b46,2024-09-15T16:25:16.550000,sent,kaspa:pqdwjqy9l24t0u76nhr7ga7352h07kjtnd734uct6ezk3l34da222p75whvac,2099996835,
674bea9e9ddafd942bf1c01f4e3a0fa82c8e5ba1598e79af75f312338c6ec325,2024-09-15T16:24:38.662000,received,kaspa:pqdwjqy9l24t0u76nhr7ga7352h07kjtnd734uct6ezk3l34da222p75whvac,1920055166,
012e720972c7f2275ae2d0742a365f916eb9a2f5588570a3f64dc10118a77f4d,2024-09-15T16:24:26.410000,sent,kaspa:pqdwjqy9l24t0u76nhr7ga7352h07kjtnd734uct6ezk3l34da222p75whvac,2099995717,
012e720972c7f2275ae2d0742a365f916eb9a2f5588570a3f64dc10118a77f4d,2024-09-15T16:24:26.410000,sent,kaspa:pqdwjqy9l24t0u76nhr7ga7352h07kjtnd734uct6ezk3l34da222p75whvac,2099995717,
012e720972c7f2275ae2d0742a365f916eb9a2f5588570a3f64dc10118a77f4d,2024-09-15T16:24:26.410000,sent,kaspa:pqdwjqy9l24t0u76nhr7ga7352h07kjtnd734uct6ezk3l34da222p75whvac,2099995717,
8814b7930df2e2ab9b2ceb42ad82c859e799fdbd3bdc08cd65c2ceb4f6d666cd,2024-09-15T16:14:25.711000,received,kaspa:pqdwjqy9l24t0u76nhr7ga7352h07kjtnd734uct6ezk3l34da222p75whvac,1959998871,
70b483f0c4bb40072f6b2c47a4f892dfceb4fcc8364800c54a9234a582821bf6,2024-09-15T16:14:05.878000,received,kaspa:pqdwjqy9l24t0u76nhr7ga7352h07kjtnd734uct6ezk3l34da222p75whvac,1930002036,
bec803f198ec0eabe5d834d02e0a3df2ab90b0f145e77c552fcea5f892e5cf79,2024-09-15T16:13:51.795000,sent,kaspa:pqdwjqy9l24t0u76nhr7ga7352h07kjtnd734uct6ezk3l34da222p75whvac,2099996835,
bec803f198ec0eabe5d834d02e0a3df2ab90b0f145e77c552fcea5f892e5cf79,2024-09-15T16:13:51.795000,sent,kaspa:pqdwjqy9l24t0u76nhr7ga7352h07kjtnd734uct6ezk3l34da222p75whvac,2099996835,
8318fd83aee15b3ff9bd7cfd5ef82f44f5294ab56930f398e2adfad71cdddfcd,2024-09-15T16:13:24.401000,sent,kaspa:pqdwjqy9l24t0u76nhr7ga7352h07kjtnd734uct6ezk3l34da222p75whvac,2070000000,
8318fd83aee15b3ff9bd7cfd5ef82f44f5294ab56930f398e2adfad71cdddfcd,2024-09-15T16:13:24.401000,sent,kaspa:pqdwjqy9l24t0u76nhr7ga7352h07kjtnd734uct6ezk3l34da222p75whvac,2070000000,
4ea1c079511565cd8f21efa5c10b6b9d23d11ddc9771abb459cf747bb560a31d,2024-09-15T15:58:05.129000,received,kaspa:pqdwjqy9l24t0u76nhr7ga7352h07kjtnd734uct6ezk3l34da222p75whvac,1989998871,
d805fef38f2b3f1280fa13c25476449c995af9cbbec483eb6ba558fd164f4bf7,2024-09-15T15:55:01.917000,sent,kaspa:pqdwjqy9l24t0u76nhr7ga7352h07kjtnd734uct6ezk3l34da222p75whvac,2099996835,
d805fef38f2b3f1280fa13c25476449c995af9cbbec483eb6ba558fd164f4bf7,2024-09-15T15:55:01.917000,sent,kaspa:pqdwjqy9l24t0u76nhr7ga7352h07kjtnd734uct6ezk3l34da222p75whvac,2099996835,
89834ebd0dc33aceef0875aad9d06c91ebf2d8625d55dabe4522a7277242b58a,2024-09-15T15:53:50.914000,received,kaspa:pqdwjqy9l24t0u76nhr7ga7352h07kjtnd734uct6ezk3l34da222p75whvac,1989998871,
86496852a16501cf3849d68b9bbca365dafa1956352a496ee44db4fccb567f82,2024-09-15T15:49:46.382000,sent,kaspa:pqdwjqy9l24t0u76nhr7ga7352h07kjtnd734uct6ezk3l34da222p75whvac,2099996835,
86496852a16501cf3849d68b9bbca365dafa1956352a496ee44db4fccb567f82,2024-09-15T15:49:46.382000,sent,kaspa:pqdwjqy9l24t0u76nhr7ga7352h07kjtnd734uct6ezk3l34da222p75whvac,2099996835,
da807414f53df8f5816027b1f8534feee0c0dc7decf93a0e0b597c4395add463,2024-09-15T15:44:04.968000,received,kaspa:pqdwjqy9l24t0u76nhr7ga7352h07kjtnd734uct6ezk3l34da222p75whvac,1960002036,
794ec8c80b737565088f220e5d72e1bc08f2924f71e7c4fe1523ad3266576008,2024-09-15T15:42:18.360000,sent,kaspa:pqdwjqy9l24t0u76nhr7ga7352h07kjtnd734uct6ezk3l34da222p75whvac,2070000000,
794ec8c80b737565088f220e5d72e1bc08f2924f71e7c4fe1523ad3266576008,2024-09-15T15:42:18.360000,sent,kaspa:pqdwjqy9l24t0u76nhr7ga7352h07kjtnd734uct6ezk3l34da222p75whvac,2070000000,
69d8006d49571b5813e71ab7d58794161fd02f4d78c0bc5b0cdcb5b1667f2b13,2024-09-15T15:33:13.542000,received,kaspa:pqdwjqy9l24t0u76nhr7ga7352h07kjtnd734uct6ezk3l34da222p75whvac,1999996835,
22b0bcdef85fa0ec689e63b5db82dde220137d30bb4c93242fb0fe323f78d346,2024-09-15T15:32:55.236000,sent,kaspa:pqdwjqy9l24t0u76nhr7ga7352h07kjtnd734uct6ezk3l34da222p75whvac,2099996835,
22b0bcdef85fa0ec689e63b5db82dde220137d30bb4c93242fb0fe323f78d346,2024-09-15T15:32:55.236000,sent,kaspa:pqdwjqy9l24t0u76nhr7ga7352h07kjtnd734uct6ezk3l34da222p75whvac,2099996835,
069b0e78e84f5d966527a258eb3f18d056f91104bd042d307293cf03dfafb798,2024-09-15T15:29:29.543000,received,kaspa:pqdwjqy9l24t0u76nhr7ga7352h07kjtnd734uct6ezk3l34da222p75whvac,1930995038,
24d59bafbf69e01c0c39176c09aca37eccc4d7d1729f429433ce14400122bc77,2024-09-15T15:29:18.952000,sent,kaspa:pqdwjqy9l24t0u76nhr7ga7352h07kjtnd734uct6ezk3l34da222p75whvac,2099996835,
24d59bafbf69e01c0c39176c09aca37eccc4d7d1729f429433ce14400122bc77,2024-09-15T15:29:18.952000,sent,kaspa:pqdwjqy9l24t0u76nhr7ga7352h07kjtnd734uct6ezk3l34da222p75whvac,2099996835,
d29ab9f78d6f22c9bf356aceb3a0907988a50585c11e740bb7a6564218bcc650,2024-09-15T15:27:34.086000,received,kaspa:pqdwjqy9l24t0u76nhr7ga7352h07kjtnd734uct6ezk3l34da222p75whvac,1930995038,
bf4f61c862cb0f2f4944c99a3ebda25635c9996bd5ef1b5e0e64cf82538730ac,2024-09-15T15:27:30.465000,received,kaspa:pqdwjqy9l24t0u76nhr7ga7352h07kjtnd734uct6ezk3l34da222p75whvac,1930992429,
c8e22015760ed24e31f395807d50acbc21e0bfd1029d30af1875998a3be0c1d5,2024-09-15T15:27:15.395000,sent,kaspa:pqdwjqy9l24t0u76nhr7ga7352h07kjtnd734uct6ezk3l34da222p75whvac,2099996835,
c8e22015760ed24e31f395807d50acbc21e0bfd1029d30af1875998a3be0c1d5,2024-09-15T15:27:15.395000,sent,kaspa:pqdwjqy9l24t0u76nhr7ga7352h07kjtnd734uct6ezk3l34da222p75whvac,2099996835,
c58fe93539c41c8e33a21d0385022800f975bca0ca1d573ba676769278b54a1f,2024-09-15T15:27:13.111000,sent,kaspa:pqdwjqy9l24t0u76nhr7ga7352h07kjtnd734uct6ezk3l34da222p75whvac,2099994226,
c58fe93539c41c8e33a21d0385022800f975bca0ca1d573ba676769278b54a1f,2024-09-15T15:27:13.111000,sent,kaspa:pqdwjqy9l24t0u76nhr7ga7352h07kjtnd734uct6ezk3l34da222p75whvac,2099994226,
c58fe93539c41c8e33a21d0385022800f975bca0ca1d573ba676769278b54a1f,2024-09-15T15:27:13.111000,sent,kaspa:pqdwjqy9l24t0u76nhr7ga7352h07kjtnd734uct6ezk3l34da222p75whvac,2099994226,
119ef88bcae1ef2a449a7c8fe3b69a0a62f03fa8077701a5ab487d3af131c894,2024-09-15T15:25:00.942000,received,kaspa:pqdwjqy9l24t0u76nhr7ga7352h07kjtnd734uct6ezk3l34da222p75whvac,1930995038,
dfd2598b8732b22df74ca9849d9228cddbaad1900a44b3c2740201bd43ae97fc,2024-09-15T15:24:52.346000,sent,kaspa:pqdwjqy9l24t0u76nhr7ga7352h07kjtnd734uct6ezk3l34da222p75whvac,2099996835,
dfd2598b8732b22df74ca9849d9228cddbaad1900a44b3c2740201bd43ae97fc,2024-09-15T15:24:52.346000,sent,kaspa:pqdwjqy9l24t0u76nhr7ga7352h07kjtnd734uct6ezk3l34da222p75whvac,2099996835,
f34b58adc6920b1bca797eb251297e964c7b275696bb95ee1ec9864c470e394a,2024-09-15T15:24:13.428000,received,kaspa:pqdwjqy9l24t0u76nhr7ga7352h07kjtnd734uct6ezk3l34da222p75whvac,1930995038,
b0039eda9d3ce2a384e1b1d5bf48446949cb59f61d5e6dc37db841217b9ce75e,2024-09-15T15:23:47.037000,sent,kaspa:pqdwjqy9l24t0u76nhr7ga7352h07kjtnd734uct6ezk3l34da222p75whvac,2099996835,
b0039eda9d3ce2a384e1b1d5bf48446949cb59f61d5e6dc37db841217b9ce75e,2024-09-15T15:23:47.037000,sent,kaspa:pqdwjqy9l24t0u76nhr7ga7352h07kjtnd734uct6ezk3l34da222p75whvac,2099996835,
3390a82a7fbb7ac862c9d00a3ca836de1ae26dd0f285894579cf23df9533df60,2024-09-15T15:21:09.282000,received,kaspa:pqdwjqy9l24t0u76nhr7ga7352h07kjtnd734uct6ezk3l34da222p75whvac,1930995038,
4da9566b2ff0d6c08562f78bace91e78652edd9c18c553f3d80980188d31595a,2024-09-15T15:20:15.262000,sent,kaspa:pqdwjqy9l24t0u76nhr7ga7352h07kjtnd734uct6ezk3l34da222p75whvac,2099996835,
4da9566b2ff0d6c08562f78bace91e78652edd9c18c553f3d80980188d31595a,2024-09-15T15:20:15.262000,sent,kaspa:pqdwjqy9l24t0u76nhr7ga7352h07kjtnd734uct6ezk3l34da222p75whvac,2099996835,
c84883d49b9f293bf893ef802814ec31769f609dee6c367f2ca63f63d323671f,2024-09-15T15:18:35.993000,received,kaspa:pqdwjqy9l24t0u76nhr7ga7352h07kjtnd734uct6ezk3l34da222p75whvac,1930995038,
5fcd0e2d8577b2e969d4e6654fc6f98924b8d547a499c7b9af0e5dd40e7bd7ef,2024-09-15T15:18:13.357000,sent,kaspa:pqdwjqy9l24t0u76nhr7ga7352h07kjtnd734uct6ezk3l34da222p75whvac,2099996835,
5fcd0e2d8577b2e969d4e6654fc6f98924b8d547a499c7b9af0e5dd40e7bd7ef,2024-09-15T15:18:13.357000,sent,kaspa:pqdwjqy9l24t0u76nhr7ga7352h07kjtnd734uct6ezk3l34da222p75whvac,2099996835,
c30f8b2a22e3ea16700f01e1d86fb8dc4ee3989dfe44b67b16d215bbd1ea25cb,2024-09-15T15:15:10.270000,received,kaspa:pqdwjqy9l24t0u76nhr7ga7352h07kjtnd734uct6ezk3l34da222p75whvac,1930996156,
98f2150f4c3603a902088d44ead27429ac9b7a9403835d4ee276e52e07c83fb9,2024-09-15T15:15:01.966000,received,kaspa:pqdwjqy9l24t0u76nhr7ga7352h07kjtnd734uct6ezk3l34da222p75whvac,1930995038,
060cbcd7fdebdd39fd43a59d11f3d5dae0647c18831ecb241a98cc11b1ad32db,2024-09-15T15:14:28.179000,sent,kaspa:pqdwjqy9l24t0u76nhr7ga7352h07kjtnd734uct6ezk3l34da222p75whvac,2099997953,
971930f2a83dfdd91e78d79988deed747e3beef68db450f4112cf1e9252d171c,2024-09-15T15:14:27.394000,received,kaspa:pqdwjqy9l24t0u76nhr7ga7352h07kjtnd734uct6ezk3l34da222p75whvac,1930995038,
c3362cb0b6a2e966884e172d1bddf8988f5667fcb8c66ea93f82e40c00e700f4,2024-09-15T15:14:20.353000,sent,kaspa:pqdwjqy9l24t0u76nhr7ga7352h07kjtnd734uct6ezk3l34da222p75whvac,2099996835,
c3362cb0b6a2e966884e172d1bddf8988f5667fcb8c66ea93f82e40c00e700f4,2024-09-15T15:14:20.353000,sent,kaspa:pqdwjqy9l24t0u76nhr7ga7352h07kjtnd734uct6ezk3l34da222p75whvac,2099996835,
ceb0f2b39baaf194b130a66b7f6a402e4b7af757cc0ae19c859888f332dd4523,2024-09-15T15:14:18.418000,sent,kaspa:pqdwjqy9l24t0u76nhr7ga7352h07kjtnd734uct6ezk3l34da222p75whvac,2099996835,
ceb0f2b39baaf194b130a66b7f6a402e4b7af757cc0ae19c859888f332dd4523,2024-09-15T15:14:18.418000,sent,kaspa:pqdwjqy9l24t0u76nhr7ga7352h07kjtnd734uct6ezk3l34da222p75whvac,2099996835,
59c356d9bcfbba1444f26d1b723279f07019e2f02728510869242e1fb80554c4,2024-09-15T15:13:55.316000,received,kaspa:pqdwjqy9l24t0u76nhr7ga7352h07kjtnd734uct6ezk3l34da222p75whvac,1851994370,
69f9bd78b577a57c2dfbd42b868335fed974137cb375a10a973207c6b973d835,2024-09-15T15:13:33.710000,sent,kaspa:pqdwjqy9l24t0u76nhr7ga7352h07kjtnd734uct6ezk3l34da222p75whvac,2020996167,
14467e2d69ee5abe5295201d411a94e9e8146ec7ac3a0e2c634b453862a9636e,2024-09-15T15:10:59.033000,received,kaspa:pqdwjqy9l24t0u76nhr7ga7352h07kjtnd734uct6ezk3l34da222p75whvac,1829065657,
242b4349c048940024ad694e10b680f4d2165e7a3277fa7aab1c9a0ed3fdd58e,2024-09-15T15:10:33.704000,sent,kaspa:pqdwjqy9l24t0u76nhr7ga7352h07kjtnd734uct6ezk3l34da222p75whvac,2022243708,
242b4349c048940024ad694e10b680f4d2165e7a3277fa7aab1c9a0ed3fdd58e,2024-09-15T15:10:33.704000,sent,kaspa:pqdwjqy9l24t0u76nhr7ga7352h07kjtnd734uct6ezk3l34da222p75whvac,2022243708,
9d3b1d2a4149cc79f8d5ed6f03f682c4d1b05be1c53e77b0046c4a5af94cbb94,2024-09-15T15:02:07.924000,received,kaspa:pqdwjqy9l24t0u76nhr7ga7352h07kjtnd734uct6ezk3l34da222p75whvac,1984576194,
22714313857c6444d57270983d5d19f06a0fd6bd19fa2307c3958e208d764f99,2024-09-15T15:01:47.380000,received,kaspa:pqdwjqy9l24t0u76nhr7ga7352h07kjtnd734uct6ezk3l34da222p75whvac,1984576194,
789c7da397ef5c22f3c3b4acfe281379872c2ab27b32a88804867482861385ac,2024-09-15T15:01:29.033000,sent,kaspa:pqdwjqy9l24t0u76nhr7ga7352h07kjtnd734uct6ezk3l34da222p75whvac,2099997953,
9657d94754a1e0e8febef6b0e6059023c5542200450ec58ebbb69691a7789c6b,2024-09-15T15:01:24.546000,received,kaspa:pqdwjqy9l24t0u76nhr7ga7352h07kjtnd734uct6ezk3l34da222p75whvac,1984576194,
17ff67815f43a643b59a6e63992d7121ed8c5378d7d3c446c24870ee11a8eb61,2024-09-15T15:01:14.557000,sent,kaspa:pqdwjqy9l24t0u76nhr7ga7352h07kjtnd734uct6ezk3l34da222p75whvac,2099997953,
ed8f9bd1ab23204b1479f2fee36ce2fc64d94a4f4d27433da83065d0b8281953,2024-09-15T15:01:03.113000,sent,kaspa:pqdwjqy9l24t0u76nhr7ga7352h07kjtnd734uct6ezk3l34da222p75whvac,2099997953,
e6e4920ca4ea1bd6efc7f97fb23e408830ef494213b6179ed1cd39e1273b9134,2024-06-30T15:26:17.025000,sent,kaspa:pzg69ng45tfpnw4stxfsquqhfwl4cs640cv636na2r59mkj0kdwtqp6vlknh6,150000000,
e6e4920ca4ea1bd6efc7f97fb23e408830ef494213b6179ed1cd39e1273b9134,2024-06-30T15:26:17.025000,sent,kaspa:pzg69ng45tfpnw4stxfsquqhfwl4cs640cv636na2r59mkj0kdwtqp6vlknh6,150000000,
b7763371e409adb709297668a2712bb2883745cc9c83a5855e2f79ab11085847,2024-06-30T08:09:44.861000,received,kaspa:qpq94ntnvy8p9q6wrdwtn37xtspgashrydc0kuu8ctpyxulmh0wlxh2807zdh,9447130000,
b7867a43b4f4746bc4636f0e40cf61e16517c5b8e34f035d32bfb80518bffc3a,2024-06-30T05:33:17.344000,received,kaspa:qpe4wxhdj7rg7jpqu6ywg5j40nrtlqffxfdjypm7a6smtzxthr8qwn0gmvpn8,5015886000,
