tx_id,timestamp,direction,peer_address,amount_sompi,cex_label
cf8ab40b7ed40eb4075c793569f3341909e0536bc230beac7b0960b499658ca8,2023-12-14T07:58:40.580000,sent,kaspa:qr7r8rtehym00mcmmucflvu2003fsevzc9s0rezsltzwd6jd34p2cg3nd43cf,341980000,
cf8ab40b7ed40eb4075c793569f3341909e0536bc230beac7b0960b499658ca8,2023-12-14T07:58:40.580000,sent,kaspa:qr7r8rtehym00mcmmucflvu2003fsevzc9s0rezsltzwd6jd34p2cg3nd43cf,341980000,
2f01275af01deac5230e8970cfb45a5c8626139fda05fef0e594dfd946438b54,2023-12-12T17:42:05.949000,received,kaspa:qyprcjlnm6na4u2gkg476zv2qyl0vqvwssyj8zqrfxsvk0k8vyaha5stj42hf4h,171000000,
d03404f6f5cbb85fdfe64f3bfd7a0fe4646489ac0286643528332fb481e78de5,2023-12-12T16:28:21.017000,received,kaspa:qypswxtcrv4ssyjaswy5w9387vq73mkuyq85tl34cee6qn5uexqy0csgnafnjx7,171000000,
c6511579f2d4bbd6a98788d540db326852db305145e236bc8621f3ef699f1a69,2023-11-29T06:08:13.969000,sent,kaspa:qyp528u7gh4splfwgfuz2znqy8nq4xq5tnl9afugcrv3txj0k5s44ygx25favpc,18001111,
320d62ff2b9eaf8de9b0785d8fa1d0cb8a1ae675a08764bc0fbcc72285511d77,2023-11-29T06:02:32.891000,received,kaspa:qppsztan2697sg3slah2qsxzwn6d3wmrjp565d7p8a5xqmwl6lk2yvwts3trk,18011111,
c6dc40b82adc5937a8e6b184946bec0764eda0533dba85efc6a6cf5495d78649,2023-11-29T04:10:39.624000,sent,kaspa:qypdcwmv0vunzl5uv7l8pqtup772pkyuk66a6unzuunvp33jqtt74gqww0zz5q5,18000000,
081fc8f0eaf175f41f27e33413f09e73c676d3704818131864da6c50bdcc4b37,2023-11-29T03:57:43.777000,received,kaspa:qppsztan2697sg3slah2qsxzwn6d3wmrjp565d7p8a5xqmwl6lk2yvwts3trk,18010000,
