tx_id,timestamp,direction,peer_address,amount_sompi,cex_label
d5e098044d968cc541444a936a4a5792a45a20cf62e8de7779a44d86350c3d59,2023-12-13T08:42:41.446000,sent,kaspa:qqh06puhtgsu5utuakvv88ewhppn4dtp0k4a2df0xxga6ytg5p7vzcs0tuml5,14363160000,
ae98f3ba3b37280af7dee4361075e31f9e18d8c7a2e84a99ade99666b2da57c0,2023-12-12T13:50:16.110000,received,kaspa:qypswxtcrv4ssyjaswy5w9387vq73mkuyq85tl34cee6qn5uexqy0csgnafnjx7,171000000,
7984d8ab397e894e3f29fc7a284d90aa7305bec1d24cae5c8dd39c0506bf2450,2023-11-28T19:17:14.633000,sent,kaspa:qyp3zp6wwtzlvwzlldv0xccm87qfljurkhdcl6pwvv4g05af69xur2c53w57y53,18000000,
7984d8ab397e894e3f29fc7a284d90aa7305bec1d24cae5c8dd39c0506bf2450,2023-11-28T19:17:14.633000,sent,kaspa:qzkysytrlxf5jmcex4dufr69px20quytgvrw626jwuvzn2prawd8qkasylzsz,2516810000,
e591044e3d3f2d02815d207eba27ec683b70db494b491e470a026907e0c7682a,2023-11-28T19:10:46.292000,received,kaspa:qqdjq4ra2689cmw6wttm8dauy0crtsjczgsvqww86xewyl3j00xxqxzqz8gku,2534820000,
