tx_id,timestamp,direction,peer_address,amount_sompi,cex_label
01026bb60929ba0e066f3f70684c0225cc333480992f7332632002b9c247c7b7,2023-03-23T06:06:15.150000,sent,kaspa:qp943e9zc7rqdwcy7xu5ykc4qmmnnhmecn8ml2d788u6ez3t3d4uudv0x22m5,5075999993327,
01026bb60929ba0e066f3f70684c0225cc333480992f7332632002b9c247c7b7,2023-03-23T06:06:15.150000,sent,kaspa:qr2h8hl0cl3tre0evgx4pjrapj9tgnss06gel0dvnukgaaz74xwck9quzkf59,2268000000,
9d5304651ef6927d7c69ab54021ba573b767f6c9881245b86df074c211200268,2023-03-23T06:01:47.926000,received,kaspa:qpl3k0n4z4ja4vhpc2srg22al8c0fe33xvmm9c03k3hcpq66a74wjy2hxpvnw,1517928000000,
9d5304651ef6927d7c69ab54021ba573b767f6c9881245b86df074c211200268,2023-03-23T06:01:47.926000,received,kaspa:qz7c663jdtvlvth8lj9g0wtnkm3ea5tnqynapyxnsreft573sy4fkv8t2pmum,1517928000000,
9d5304651ef6927d7c69ab54021ba573b767f6c9881245b86df074c211200268,2023-03-23T06:01:47.926000,received,kaspa:qrlw6hf3h9zsg90xfchee3zkk55netmmyva3npem75y40gmnvuafu9gqqr759,1517928000000,
9d5304651ef6927d7c69ab54021ba573b767f6c9881245b86df074c211200268,2023-03-23T06:01:47.926000,received,kaspa:qzkd46d39vzlvzzsz4gev0fvhhx2jwj97jygumr3h7qh6ygevv00s3u7xkane,1517928000000,
9d5304651ef6927d7c69ab54021ba573b767f6c9881245b86df074c211200268,2023-03-23T06:01:47.926000,received,kaspa:qpvq3h2u8qy46yzjwvrcazrdk9u82mh5nym462t5efu03j58t5v4jmmryyttd,1517928000000,
9d5304651ef6927d7c69ab54021ba573b767f6c9881245b86df074c211200268,2023-03-23T06:01:47.926000,received,kaspa:qrhdvlvc8t85894ut76wguf7nfqwfywp3prsa9hrjltf0r57aw90uf64uzdke,1517928000000,
