tx_id,timestamp,direction,peer_address,amount_sompi,cex_label
ad9607f60abcde525e72e8ed9ba3f0985a647c8478b5ff1cb289d84ef202c529,2024-02-20T04:43:15.846000,sent,kaspa:qq6unnf8p62vkudx94u4t90ruxma7zad8wew463l5dhgnyjtrt0sc82lc5ykw,170990000,
b516f865e044edb18bb6016614c4a55c1677ffad92c721663d37e211f8a88982,2023-12-12T14:45:46.819000,received,kaspa:qypswxtcrv4ssyjaswy5w9387vq73mkuyq85tl34cee6qn5uexqy0csgnafnjx7,171000000,
3775161e6cc8f9d72c572807a3f29b7d1e4a92159c9dd7130437c51f10986ca5,2023-11-29T00:46:30.734000,sent,kaspa:qqpeyst7s4yys8dwwlqc050lass8svt0hdj04y05ezypjz0gkjgju5q4pgq70,704680000,
db2e5a9dbd642bc204f5b11d99b6c1fd354044a2df1a09af4994e3e6ed8f0c75,2023-11-29T00:45:07.042000,sent,kaspa:qypdmc79cq9cmcm7ffpp2cxspj4zvm6q5fmg9em0emuajmvav5yantqy7lrucz3,18000000,
503a10c90cb769c7efff031816483f672a0da0577f34df53232963a7a584317c,2023-11-29T00:40:46.859000,received,kaspa:qr6tdg2hv39tttrhwvq9x2pcu2dqrl4lzt06ajxwm7tfkz0dz9y45dryg5af0,722700000,
