tx_id,timestamp,direction,peer_address,amount_sompi,cex_label
992ec7bf4873d7b68d7405722364c42e70125042843f385d3bd73afa059b6d1e,2024-02-17T21:02:20.135000,sent,kaspa:qqyrl8sham25c7pvdxlzw5ev4lrfm80k8deymkwrz4kta0w5mma0g67pnq3f2,172980000,
992ec7bf4873d7b68d7405722364c42e70125042843f385d3bd73afa059b6d1e,2024-02-17T21:02:20.135000,sent,kaspa:qqyrl8sham25c7pvdxlzw5ev4lrfm80k8deymkwrz4kta0w5mma0g67pnq3f2,172980000,
c1d0e3bb20d7ec2fb177317b0f300abfbd206b36e7dea7c923739e50aad5f212,2023-12-12T20:16:45.455000,received,kaspa:qypswxtcrv4ssyjaswy5w9387vq73mkuyq85tl34cee6qn5uexqy0csgnafnjx7,171000000,
a30ef2643a3617eb0cb98d91e324931f4a27ee6a22849e004b5663b7b4b21384,2023-11-29T10:40:49.270000,sent,kaspa:qypnwth8xzgdxqvjwe6jcz4jmd6nhlgf8xg4hwgu9407ckn7y03gnqgupmztqac,18000000,
712953b86a33d5f478a6922447311b7488075f3dea4ab863ddb0e789d29beec6,2023-11-27T10:18:22.675000,received,kaspa:qyp2y2afskgrk04gsaktpgcwqs50g3ucp9k6yw3gzq383zlggeqm7dgpuu0kdj9,20000000,
