tx_id,timestamp,direction,peer_address,amount_sompi,cex_label
88dc544de7f62120dc8af736eb2c33a750dab39ab024a06fba799542407fc4a8,2023-09-05T03:22:51.683000,sent,kaspa:qpvseq3hjzjtyctvlpe4csv6qeler8x576y9d3cwlhnruuamcvcyggqzeqn6u,46474909947,
d4b69a738178df372b8ce0efc5fcdff5008226a800a8f36d96619c868990b643,2023-09-05T02:41:05.541000,received,kaspa:qpsl3w8l3zc9at870pkp4ufr32g55umt3yaa4qf3n2zw6xjv86lnjvjpkvdcy,4813993307,
d4b69a738178df372b8ce0efc5fcdff5008226a800a8f36d96619c868990b643,2023-09-05T02:41:05.541000,received,kaspa:qpsl3w8l3zc9at870pkp4ufr32g55umt3yaa4qf3n2zw6xjv86lnjvjpkvdcy,4813993307,
d4b69a738178df372b8ce0efc5fcdff5008226a800a8f36d96619c868990b643,2023-09-05T02:41:05.541000,received,kaspa:qpsl3w8l3zc9at870pkp4ufr32g55umt3yaa4qf3n2zw6xjv86lnjvjpkvdcy,4813993307,
d4b69a738178df372b8ce0efc5fcdff5008226a800a8f36d96619c868990b643,2023-09-05T02:41:05.541000,received,kaspa:qpsl3w8l3zc9at870pkp4ufr32g55umt3yaa4qf3n2zw6xjv86lnjvjpkvdcy,4813993307,
d4b69a738178df372b8ce0efc5fcdff5008226a800a8f36d96619c868990b643,2023-09-05T02:41:05.541000,received,kaspa:qpsl3w8l3zc9at870pkp4ufr32g55umt3yaa4qf3n2zw6xjv86lnjvjpkvdcy,4813993307,
d4b69a738178df372b8ce0efc5fcdff5008226a800a8f36d96619c868990b643,2023-09-05T02:41:05.541000,received,kaspa:qpsl3w8l3zc9at870pkp4ufr32g55umt3yaa4qf3n2zw6xjv86lnjvjpkvdcy,4813993307,
d4b69a738178df372b8ce0efc5fcdff5008226a800a8f36d96619c868990b643,2023-09-05T02:41:05.541000,received,kaspa:qpsl3w8l3zc9at870pkp4ufr32g55umt3yaa4qf3n2zw6xjv86lnjvjpkvdcy,4813993307,
d4b69a738178df372b8ce0efc5fcdff5008226a800a8f36d96619c868990b643,2023-09-05T02:41:05.541000,received,kaspa:qpsl3w8l3zc9at870pkp4ufr32g55umt3yaa4qf3n2zw6xjv86lnjvjpkvdcy,4813993307,
d4b69a738178df372b8ce0efc5fcdff5008226a800a8f36d96619c868990b643,2023-09-05T02:41:05.541000,received,kaspa:qpsl3w8l3zc9at870pkp4ufr32g55umt3yaa4qf3n2zw6xjv86lnjvjpkvdcy,4813993307,
d4b69a738178df372b8ce0efc5fcdff5008226a800a8f36d96619c868990b643,2023-09-05T02:41:05.541000,received,kaspa:qpsl3w8l3zc9at870pkp4ufr32g55umt3yaa4qf3n2zw6xjv86lnjvjpkvdcy,4813993307,
d4b69a738178df372b8ce0efc5fcdff5008226a800a8f36d96619c868990b643,2023-09-05T02:41:05.541000,received,kaspa:qpsl3w8l3zc9at870pkp4ufr32g55umt3yaa4qf3n2zw6xjv86lnjvjpkvdcy,4813993307,
d4b69a738178df372b8ce0efc5fcdff5008226a800a8f36d96619c868990b643,2023-09-05T02:41:05.541000,received,kaspa:qpsl3w8l3zc9at870pkp4ufr32g55umt3yaa4qf3n2zw6xjv86lnjvjpkvdcy,4813993307,
d4b69a738178df372b8ce0efc5fcdff5008226a800a8f36d96619c868990b643,2023-09-05T02:41:05.541000,received,kaspa:qpsl3w8l3zc9at870pkp4ufr32g55umt3yaa4qf3n2zw6xjv86lnjvjpkvdcy,4813993307,
d4b69a738178df372b8ce0efc5fcdff5008226a800a8f36d96619c868990b643,2023-09-05T02:41:05.541000,received,kaspa:qpsl3w8l3zc9at870pkp4ufr32g55umt3yaa4qf3n2zw6xjv86lnjvjpkvdcy,4813993307,
d4b69a738178df372b8ce0efc5fcdff5008226a800a8f36d96619c868990b643,2023-09-05T02:41:05.541000,received,kaspa:qpsl3w8l3zc9at870pkp4ufr32g55umt3yaa4qf3n2zw6xjv86lnjvjpkvdcy,4813993307,
d4b69a738178df372b8ce0efc5fcdff5008226a800a8f36d96619c868990b643,2023-09-05T02:41:05.541000,received,kaspa:qpsl3w8l3zc9at870pkp4ufr32g55umt3yaa4qf3n2zw6xjv86lnjvjpkvdcy,4813993307,
