tx_id,timestamp,direction,peer_address,amount_sompi,cex_label
5705b8dbab659e0b8f6091b7ee2d084e3a0cad56c26d06408bcfff68f8f4b2c4,2023-12-13T08:38:57.091000,sent,kaspa:qqh06puhtgsu5utuakvv88ewhppn4dtp0k4a2df0xxga6ytg5p7vzcs0tuml5,14363160000,
1705a0fc75f55ebd656673b6689637daa616d169efea4e75dc76f2738989ca5b,2023-12-12T01:59:11.920000,received,kaspa:qypswxtcrv4ssyjaswy5w9387vq73mkuyq85tl34cee6qn5uexqy0csgnafnjx7,171000000,
375d1f2405127d1bfb3edec1346009b6e8946329d93309483776114fd6bca2d8,2023-11-27T19:14:40.797000,sent,kaspa:qypjfhznj5j429vcqhnpwdeumdxlkht3h6dtv6pqmx6h3ehyrq2m36qre4v7fjc,18000000,
375d1f2405127d1bfb3edec1346009b6e8946329d93309483776114fd6bca2d8,2023-11-27T19:14:40.797000,sent,kaspa:qrn3gzsn8uf3lcnshv45v9g4c8fccjt30w3kmzcafavrhw8kj66qy2frdxdjc,365370000,
24c6b7ca4c4be5e3adf2cd87cb92141ce290f2d61b7981510837f26f4e58fc30,2023-11-27T19:09:07.929000,received,kaspa:qzxy9r9gvp3pvdl5qn95gd042342knhmrrprymld08htxed5xztvctg9g67gq,383380000,
