tx_id,timestamp,direction,peer_address,amount_sompi,cex_label
38f5a5267f3f6815df70053e31b448eea290124d8af72486cd4a15e344b5ebe6,2023-12-16T04:17:18.957000,sent,kaspa:qzslgwenzu78t6tldlng383g7ruu4enaljmnkgaulyrscjp7ldt26x8gfxck5,171940000,
38f5a5267f3f6815df70053e31b448eea290124d8af72486cd4a15e344b5ebe6,2023-12-16T04:17:18.957000,sent,kaspa:qzslgwenzu78t6tldlng383g7ruu4enaljmnkgaulyrscjp7ldt26x8gfxck5,171940000,
bf8c6b72b5f581f271eba5614b3a254eda74d4a9e622adb8412063383623c4ad,2023-12-12T12:12:33.556000,received,kaspa:qypswxtcrv4ssyjaswy5w9387vq73mkuyq85tl34cee6qn5uexqy0csgnafnjx7,171000000,
22abe315db5a92957467e1ab2a2d43009f113f9fcc44c655e4b1db21cdd5d23d,2023-11-28T16:42:48.158000,sent,kaspa:qypkmgd9j05jh8rtyw0wvm3azyqnplzddzzzrs9srzjc5d7ye5wfsssll7u407q,18000000,
ddc6bc19fe01e687f6084b7502e9147b4c57b02862ec7c7d95892bc42aa51326,2023-11-28T06:22:47.427000,received,kaspa:qznsqyf0c6lpntrap2url6fu7vjep5qcq6q47lg25zhv5d3dpkv5wjejk2su4,19000000,
