tx_id,timestamp,direction,peer_address,amount_sompi,cex_label
2f17f7b3ff9b8cbf2bf9adb0855d5043ecba27441c76ad10678671241c0be6da,2023-12-22T03:04:09.596000,sent,kaspa:qqsslpr5gst3y2s87k402r9yt7ajmak63vkgmathj8ys5qx4273jg40nngrd2,172970000,
2f17f7b3ff9b8cbf2bf9adb0855d5043ecba27441c76ad10678671241c0be6da,2023-12-22T03:04:09.596000,sent,kaspa:qqsslpr5gst3y2s87k402r9yt7ajmak63vkgmathj8ys5qx4273jg40nngrd2,172970000,
a2d8cae7f615d59c22ff82c37dddfc0f5280f3f091b5c4596fd5911dfd206555,2023-12-12T10:00:03.422000,received,kaspa:qypswxtcrv4ssyjaswy5w9387vq73mkuyq85tl34cee6qn5uexqy0csgnafnjx7,171000000,
7e264c3d021a2f5ad9ef78c6f2d4a12d760b860f0a94bf7c371d3903c75cfaa7,2023-11-28T14:09:24.099000,sent,kaspa:qypt8m3k9x35n9r6wx2pek8k6c2qfkf3ujhr4vxqtah0hlf4hlaq5wga7dchudg,18000000,
26e8fa9db28d5deae06d6fee58c52808670dbdf9934e2687746dfb2b7607370b,2023-11-27T02:48:58.985000,received,kaspa:qyprcjlnm6na4u2gkg476zv2qyl0vqvwssyj8zqrfxsvk0k8vyaha5stj42hf4h,20000000,
