tx_id,timestamp,direction,peer_address,amount_sompi,cex_label
a3a48aa499788ef7fb5cdfee858f0a6feed0b4441c4dfc90edc8caa63d856318,2024-11-18T17:56:40.762000,sent,kaspa:qqnqv3rvnctfyrjteurqm0gmqfu7yjg3949yxpyxxfa4rgm9nt2zxauwq8xvs,7480000000000,
a3a48aa499788ef7fb5cdfee858f0a6feed0b4441c4dfc90edc8caa63d856318,2024-11-18T17:56:40.762000,sent,kaspa:qz4fx9nlqgffnnhs8zzcxfzw2un0dkxz0xxnmyq28yweaf07unnu696eyvl5y,12752172226,
8fe80a85e68bf8d414f728485179ed20e9884b66a624a2d1424fa8698cdeaeb0,2024-11-18T17:29:02.846000,received,kaspa:qqv7mxrxcrqutmvwfz7qeuvr3jd44sshruqwf65txr44lwh66g2ewvm3zvhnc,7764092273,
8fe80a85e68bf8d414f728485179ed20e9884b66a624a2d1424fa8698cdeaeb0,2024-11-18T17:29:02.846000,received,kaspa:qqmdrrlznz7cgax9jvefm4g4fwtsnnz8r96574qduyjakmyd5rtgc3a4rx0qr,7764092273,
