tx_id,timestamp,direction,peer_address,amount_sompi,cex_label
973c856e508f32441275b341ba0b43a62611c6a64a00e6aabcaf4637a69dcdc3,2023-12-16T03:44:47.523000,sent,kaspa:qzslgwenzu78t6tldlng383g7ruu4enaljmnkgaulyrscjp7ldt26x8gfxck5,171940000,
973c856e508f32441275b341ba0b43a62611c6a64a00e6aabcaf4637a69dcdc3,2023-12-16T03:44:47.523000,sent,kaspa:qzslgwenzu78t6tldlng383g7ruu4enaljmnkgaulyrscjp7ldt26x8gfxck5,171940000,
34c847b43d2ff39d073db6995162df2fc0747508e0fce96026ad3e00b3e32b70,2023-12-12T03:43:17.273000,received,kaspa:qypswxtcrv4ssyjaswy5w9387vq73mkuyq85tl34cee6qn5uexqy0csgnafnjx7,171000000,
1b6d503048cdcf93e3833e4c5a716a38e9d817b182c2b6b7b0ef7cfd7b741158,2023-11-28T01:30:12.998000,sent,kaspa:qyp2w7ygszskc7ppthm8w8a6udgtcgn3a4jq08uzmf3z9kg6sgwx97q6ul8ew3n,18000000,
753f5ed5b8dd3989be81959bc92898d750f5c4a00b5d8a268915fae7ff01f1c3,2023-11-28T00:05:42.279000,received,kaspa:qpmp7s9we4nmtuq7fahr68pkxddehqer4r278q8wwtrgp4p5cqqj7e08uvv05,19000000,
