tx_id,timestamp,direction,peer_address,amount_sompi,cex_label
05e544913f0eb9046fc338c9fb323a2bae5de7c2ba6b60bacdee192b0795f9bd,2023-12-16T03:44:45.500000,sent,kaspa:qzslgwenzu78t6tldlng383g7ruu4enaljmnkgaulyrscjp7ldt26x8gfxck5,171940000,
05e544913f0eb9046fc338c9fb323a2bae5de7c2ba6b60bacdee192b0795f9bd,2023-12-16T03:44:45.500000,sent,kaspa:qzslgwenzu78t6tldlng383g7ruu4enaljmnkgaulyrscjp7ldt26x8gfxck5,171940000,
0b1439b56fe6ccc4e274fd8a3f0e0979b39d3f913d63fbd246c08bd737f69beb,2023-12-12T03:28:26.916000,received,kaspa:qypswxtcrv4ssyjaswy5w9387vq73mkuyq85tl34cee6qn5uexqy0csgnafnjx7,171000000,
436f29688a25f581c56efde85927e599347bfdf2b28dac658999d14dfec06a2b,2023-11-28T01:19:06.606000,sent,kaspa:qypg00eudg0dr0g9d0a5mhh7nny3ygnvkudla43mjrnuncjs0yc6wvcydx64qzn,18000000,
14571c0d10dcc367332787e6f890f5b43e9cfc29f8d0496afb2511c055f0aad5,2023-11-27T22:20:57.938000,received,kaspa:qrjsf4py4h49sth5efpjmqe0tvde5pj2j35rvkkrpzaqhdsrlrn0zfa0rje7h,19000000,
