tx_id,timestamp,direction,peer_address,amount_sompi,cex_label
c787a9d700e4be34ea181ef54a8e3e8752133b94a453ab343572bd2499b2126f,2024-06-28T19:34:41.106000,sent,kaspa:qq9zagcza4jt76eev9jl5z0nqhe0thcu7js8larktj4sle7lvgnw7sfcewlty,50000000000,
c787a9d700e4be34ea181ef54a8e3e8752133b94a453ab343572bd2499b2126f,2024-06-28T19:34:41.106000,sent,kaspa:qq9zagcza4jt76eev9jl5z0nqhe0thcu7js8larktj4sle7lvgnw7sfcewlty,50000000000,
c787a9d700e4be34ea181ef54a8e3e8752133b94a453ab343572bd2499b2126f,2024-06-28T19:34:41.106000,sent,kaspa:qq9zagcza4jt76eev9jl5z0nqhe0thcu7js8larktj4sle7lvgnw7sfcewlty,50000000000,
c787a9d700e4be34ea181ef54a8e3e8752133b94a453ab343572bd2499b2126f,2024-06-28T19:34:41.106000,sent,kaspa:qq9zagcza4jt76eev9jl5z0nqhe0thcu7js8larktj4sle7lvgnw7sfcewlty,50000000000,
c787a9d700e4be34ea181ef54a8e3e8752133b94a453ab343572bd2499b2126f,2024-06-28T19:34:41.106000,sent,kaspa:qq9zagcza4jt76eev9jl5z0nqhe0thcu7js8larktj4sle7lvgnw7sfcewlty,50000000000,
c787a9d700e4be34ea181ef54a8e3e8752133b94a453ab343572bd2499b2126f,2024-06-28T19:34:41.106000,sent,kaspa:qq9zagcza4jt76eev9jl5z0nqhe0thcu7js8larktj4sle7lvgnw7sfcewlty,50000000000,
7e995ff359c19bc9ea097de1789777b4ac4130ded25633a5b0bdbf812e71370d,2024-01-06T00:34:04.635000,received,kaspa:qqetp7ct8kqss99fxmymyz5t3fezppxp0t58wl6pawp27elqd46uudme00cl0,599000000000,
7e995ff359c19bc9ea097de1789777b4ac4130ded25633a5b0bdbf812e71370d,2024-01-06T00:34:04.635000,received,kaspa:qpzpfwcsqsxhxwup26r55fd0ghqlhyugz8cp6y3wxuddc02vcxtjg75pspnwz,599000000000,MEXC
7716f44004508133ef925eedd6a49307438b5a9492a1daa30600cfd3451f9940,2023-12-25T15:24:03.544000,received,kaspa:qqetp7ct8kqss99fxmymyz5t3fezppxp0t58wl6pawp27elqd46uudme00cl0,7999000000000,
7716f44004508133ef925eedd6a49307438b5a9492a1daa30600cfd3451f9940,2023-12-25T15:24:03.544000,received,kaspa:qqetp7ct8kqss99fxmymyz5t3fezppxp0t58wl6pawp27elqd46uudme00cl0,7999000000000,
0526549f0357db0ce35ea6ea420991a854fc939bbbcad0998dcd8717eb05f398,2023-12-25T06:00:50.058000,received,kaspa:qrelgny7sr3vahq69yykxx36m65gvmhryxrlwngfzgu8xkdslum2yxjp3ap8m,57455739290000,Gate.io
46a73a80cb41e2d3a48e2412816fe457fc9edb1a7aa756ff772b9cb7b7875dbc,2023-12-24T19:42:05.502000,received,kaspa:qqetp7ct8kqss99fxmymyz5t3fezppxp0t58wl6pawp27elqd46uudme00cl0,24999000000000,
46a73a80cb41e2d3a48e2412816fe457fc9edb1a7aa756ff772b9cb7b7875dbc,2023-12-24T19:42:05.502000,received,kaspa:qqetp7ct8kqss99fxmymyz5t3fezppxp0t58wl6pawp27elqd46uudme00cl0,24999000000000,
c02ddd89a53b252d4d6d1c9bb50da30face968012b951d32fb8a54943d1dd082,2023-11-18T13:02:17.599000,received,kaspa:qqetp7ct8kqss99fxmymyz5t3fezppxp0t58wl6pawp27elqd46uudme00cl0,898500000000,
951e81361b478002310a1f37ec1518c4fc78cc1380e8262193755f2a3a7e493f,2023-06-10T23:56:16.132000,received,kaspa:qzs0a9zm30h0nuzedg4vc4eka5ch5y7xa3kjt0la69rkw2zuahhkg58jvx7ya,159104364260000,
951e81361b478002310a1f37ec1518c4fc78cc1380e8262193755f2a3a7e493f,2023-06-10T23:56:16.132000,received,kaspa:qzs0a9zm30h0nuzedg4vc4eka5ch5y7xa3kjt0la69rkw2zuahhkg58jvx7ya,159104364260000,
951e81361b478002310a1f37ec1518c4fc78cc1380e8262193755f2a3a7e493f,2023-06-10T23:56:16.132000,received,kaspa:qzs0a9zm30h0nuzedg4vc4eka5ch5y7xa3kjt0la69rkw2zuahhkg58jvx7ya,159104364260000,
951e81361b478002310a1f37ec1518c4fc78cc1380e8262193755f2a3a7e493f,2023-06-10T23:56:16.132000,received,kaspa:qzs0a9zm30h0nuzedg4vc4eka5ch5y7xa3kjt0la69rkw2zuahhkg58jvx7ya,159104364260000,
