tx_id,timestamp,direction,peer_address,amount_sompi,cex_label
14f55ca6e94188d8ddef46a7e57466bfd0b75c208a7133e3c111afa8e0be4b20,2024-11-01T15:10:04.268000,sent,kaspa:qpzpfwcsqsxhxwup26r55fd0ghqlhyugz8cp6y3wxuddc02vcxtjg75pspnwz,10000000000000,MEXC
14f55ca6e94188d8ddef46a7e57466bfd0b75c208a7133e3c111afa8e0be4b20,2024-11-01T15:10:04.268000,sent,kaspa:qpjunp39ssazf4rzfxxu0hd35xggfxn6lq0ls9u9q6peevzcmcv4xmv9q4njd,421130487424283,
0fb31fbc6d1dd79461e0ce78eb8d14d8af18b420963e1cabb52f3389c4a04b69,2024-11-01T13:33:04.920000,sent,kaspa:qpzpfwcsqsxhxwup26r55fd0ghqlhyugz8cp6y3wxuddc02vcxtjg75pspnwz,10000000000000,MEXC
0fb31fbc6d1dd79461e0ce78eb8d14d8af18b420963e1cabb52f3389c4a04b69,2024-11-01T13:33:04.920000,sent,kaspa:qpjunp39ssazf4rzfxxu0hd35xggfxn6lq0ls9u9q6peevzcmcv4xmv9q4njd,723696062672317,
33e3c11c2993350b3399fa42e53de1348b0a853bfdc6135f7890d68fdb6e4987,2024-11-01T12:57:12.298000,received,kaspa:qz5kpd3fz746ehtdvdae2e5h9d77hg4lsut0y2q0vfxfk0rkgnqkstdccf550,100000000000,
33e3c11c2993350b3399fa42e53de1348b0a853bfdc6135f7890d68fdb6e4987,2024-11-01T12:57:12.298000,received,kaspa:qz5kpd3fz746ehtdvdae2e5h9d77hg4lsut0y2q0vfxfk0rkgnqkstdccf550,100000000000,
84544b97bc995ac8bb7e6c74db2ea271a78f98d66d8f8e891ab1cb8643510b6f,2024-11-01T12:33:05.693000,received,kaspa:qqxrm2kv8swrjy0p9rtq4j3efxxkgl9vnxu037fa6n84rwvfkufayy54gpznz,200000000000,
84544b97bc995ac8bb7e6c74db2ea271a78f98d66d8f8e891ab1cb8643510b6f,2024-11-01T12:33:05.693000,received,kaspa:qqshnzn60adera0646rrnnkwaqm5aqm237e7fwlrjhnfuwv67pgds5u6mw3vj,200000000000,
248270aa219bb8785c31caf9286b37f82da37742091f8fd0415b62ea9383973c,2024-10-01T13:18:03.993000,sent,kaspa:qpzpfwcsqsxhxwup26r55fd0ghqlhyugz8cp6y3wxuddc02vcxtjg75pspnwz,2000000000000,MEXC
248270aa219bb8785c31caf9286b37f82da37742091f8fd0415b62ea9383973c,2024-10-01T13:18:03.993000,sent,kaspa:qpjunp39ssazf4rzfxxu0hd35xggfxn6lq0ls9u9q6peevzcmcv4xmv9q4njd,11779163122694218,
fbb55dbbce83da77a83313a026d4964dd93b64fb94700b97095baec21edefe5a,2024-10-01T13:17:31.687000,received,kaspa:qz5kpd3fz746ehtdvdae2e5h9d77hg4lsut0y2q0vfxfk0rkgnqkstdccf550,500000000000,
fbb55dbbce83da77a83313a026d4964dd93b64fb94700b97095baec21edefe5a,2024-10-01T13:17:31.687000,received,kaspa:qqg9aajj5dqxhqdq0q8s24ugy249chfuxun9tdd7fqwh9sl2gl3gjhl08p07c,500000000000,
fbb55dbbce83da77a83313a026d4964dd93b64fb94700b97095baec21edefe5a,2024-10-01T13:17:31.687000,received,kaspa:qz5kpd3fz746ehtdvdae2e5h9d77hg4lsut0y2q0vfxfk0rkgnqkstdccf550,500000000000,
fbb55dbbce83da77a83313a026d4964dd93b64fb94700b97095baec21edefe5a,2024-10-01T13:17:31.687000,received,kaspa:qqxark3a4mcqdrwtj0gejhl2cw9wncf45v5umd69e8muv8z3ut22yckeava97,500000000000,
73cd1e0ce0769fe0b4a2627b4abc9846e1c6e7b0a6c4cb4d2fe32289eb59e2d2,2024-09-03T15:12:35.572000,sent,kaspa:qpzpfwcsqsxhxwup26r55fd0ghqlhyugz8cp6y3wxuddc02vcxtjg75pspnwz,2000000000000,MEXC
73cd1e0ce0769fe0b4a2627b4abc9846e1c6e7b0a6c4cb4d2fe32289eb59e2d2,2024-09-03T15:12:35.572000,sent,kaspa:qpjunp39ssazf4rzfxxu0hd35xggfxn6lq0ls9u9q6peevzcmcv4xmv9q4njd,66460007071896013,
fbfbc96e1d487c4822cbb4e5df4b8be1a27eea4fd00939a7d40030d057e3bfb1,2024-09-03T15:11:26.745000,received,kaspa:qz5kpd3fz746ehtdvdae2e5h9d77hg4lsut0y2q0vfxfk0rkgnqkstdccf550,500000000000,
fbfbc96e1d487c4822cbb4e5df4b8be1a27eea4fd00939a7d40030d057e3bfb1,2024-09-03T15:11:26.745000,received,kaspa:qz5kpd3fz746ehtdvdae2e5h9d77hg4lsut0y2q0vfxfk0rkgnqkstdccf550,500000000000,
4881f9a2d9fbe553cc1be35e7a75bd76a24390ef39bceef0a1c536631860937c,2024-08-28T12:51:02.923000,sent,kaspa:qpzpfwcsqsxhxwup26r55fd0ghqlhyugz8cp6y3wxuddc02vcxtjg75pspnwz,2000000000000,MEXC
4881f9a2d9fbe553cc1be35e7a75bd76a24390ef39bceef0a1c536631860937c,2024-08-28T12:51:02.923000,sent,kaspa:qpjunp39ssazf4rzfxxu0hd35xggfxn6lq0ls9u9q6peevzcmcv4xmv9q4njd,199999890000,
4881f9a2d9fbe553cc1be35e7a75bd76a24390ef39bceef0a1c536631860937c,2024-08-28T12:51:02.923000,sent,kaspa:qpzpfwcsqsxhxwup26r55fd0ghqlhyugz8cp6y3wxuddc02vcxtjg75pspnwz,2000000000000,MEXC
4881f9a2d9fbe553cc1be35e7a75bd76a24390ef39bceef0a1c536631860937c,2024-08-28T12:51:02.923000,sent,kaspa:qpjunp39ssazf4rzfxxu0hd35xggfxn6lq0ls9u9q6peevzcmcv4xmv9q4njd,199999890000,
a4aa922da670d6a6a604497b1c7bd55315282cd4e8441b1c12c7cfaeea9bcdb0,2024-08-28T07:53:36.844000,sent,kaspa:qpzpfwcsqsxhxwup26r55fd0ghqlhyugz8cp6y3wxuddc02vcxtjg75pspnwz,2000000000000,MEXC
a4aa922da670d6a6a604497b1c7bd55315282cd4e8441b1c12c7cfaeea9bcdb0,2024-08-28T07:53:36.844000,sent,kaspa:qpjunp39ssazf4rzfxxu0hd35xggfxn6lq0ls9u9q6peevzcmcv4xmv9q4njd,80913453408038182,
eda1586a698f42d2f851238e3ea9ddcfb6bda96e4dc8a1549bf068a181614fc4,2024-08-28T07:48:06.229000,sent,kaspa:qpzpfwcsqsxhxwup26r55fd0ghqlhyugz8cp6y3wxuddc02vcxtjg75pspnwz,2000000000000,MEXC
eda1586a698f42d2f851238e3ea9ddcfb6bda96e4dc8a1549bf068a181614fc4,2024-08-28T07:48:06.229000,sent,kaspa:qpjunp39ssazf4rzfxxu0hd35xggfxn6lq0ls9u9q6peevzcmcv4xmv9q4njd,80919181518388810,
cda65ba6ad52f50bbe1ff17a04eb71dd3f17838e30ea20c873067c623b35ece1,2024-08-28T04:43:03.923000,sent,kaspa:qpzpfwcsqsxhxwup26r55fd0ghqlhyugz8cp6y3wxuddc02vcxtjg75pspnwz,2000000000000,MEXC
cda65ba6ad52f50bbe1ff17a04eb71dd3f17838e30ea20c873067c623b35ece1,2024-08-28T04:43:03.923000,sent,kaspa:qpjunp39ssazf4rzfxxu0hd35xggfxn6lq0ls9u9q6peevzcmcv4xmv9q4njd,81293608735796130,
07e9117484c58764c3292ee4bbc5ac207d6f958eb18fa788806d52cb980bef70,2024-08-28T04:04:34.434000,sent,kaspa:qpzpfwcsqsxhxwup26r55fd0ghqlhyugz8cp6y3wxuddc02vcxtjg75pspnwz,2000000000000,MEXC
07e9117484c58764c3292ee4bbc5ac207d6f958eb18fa788806d52cb980bef70,2024-08-28T04:04:34.434000,sent,kaspa:qpjunp39ssazf4rzfxxu0hd35xggfxn6lq0ls9u9q6peevzcmcv4xmv9q4njd,116471727888,
bf0c790cadf77e299cf34e42a276f42c164e739b4eacf20e4b9eb2862e266437,2024-08-26T14:58:25.360000,received,kaspa:qz5kpd3fz746ehtdvdae2e5h9d77hg4lsut0y2q0vfxfk0rkgnqkstdccf550,200000000000,
7f742f752ad5ea49df0bb7348e6b736f3aca2799942222f29ed00e08899171b4,2024-08-21T08:40:47.156000,received,kaspa:qprw6pfadggmee2hartwfttg6fmdpap30q97gxgxsuzpfl9amkw8uugk7yk6q,300000000000,
78545692272b5417298478864500ca8267aeb7c6b72fef7a7ff3abf939ce86e0,2024-08-09T07:15:56.194000,received,kaspa:qrwaec3hm2nnjcmyjgj6yevkp2rz2tcdnrretn74hstrtv5n8rq8q753h46qr,250000000000,
c3fff00c0e74f30f318806f8be379b45dbdcd7d1335d208b59edb41d58c4af80,2024-08-01T17:15:34.657000,received,kaspa:qrvsthdf379nlajl6kcm3v5z8q3gqzdw77txlrnmmcfs5xvn2f89x65pv5dtm,250000000000,
f3ef351e39188dd4460345e4696d0d7ed707edec3d502fdeb5584b9552d0c269,2024-07-25T10:34:17.084000,received,kaspa:qrm2ayumv4hm0hcglwv6wypnh482888qr8k99ghwkgst3glg5afuv3wpgvmen,200000000000,
04425e469d9b5a726200e7f76beadf05e2c72d6d68533b887736236546703205,2024-07-13T16:45:02.331000,received,kaspa:qze76vczcu8v0g7kpqqq22k87f0m7nffmj257ecevtj7ukq9kv3fx5fclpccm,302264947629,
04425e469d9b5a726200e7f76beadf05e2c72d6d68533b887736236546703205,2024-07-13T16:45:02.331000,received,kaspa:qqxlt5e9z425j6xsz2zr62g32qazxm4l7tmhcdjhwkytd4mjp3ruv5qvq93zr,302264947629,
04425e469d9b5a726200e7f76beadf05e2c72d6d68533b887736236546703205,2024-07-13T16:45:02.331000,received,kaspa:qzgwvg4r5a9mml5mr0xc0yplvx83qyk5mwyqxcjt7hu3f79fmyjczec9est7m,302264947629,
04425e469d9b5a726200e7f76beadf05e2c72d6d68533b887736236546703205,2024-07-13T16:45:02.331000,received,kaspa:qrmc3uje9080vkaa80yyq0l79ewpn69st0dva9x4j4pvxfl9l6s5c55ng2h2a,302264947629,
04425e469d9b5a726200e7f76beadf05e2c72d6d68533b887736236546703205,2024-07-13T16:45:02.331000,received,kaspa:qzghnfp4dmdz75zcnl36qw3lcjsufu6hlyd5mzevvfsgzwxwlzafkcar7vmte,302264947629,
04425e469d9b5a726200e7f76beadf05e2c72d6d68533b887736236546703205,2024-07-13T16:45:02.331000,received,kaspa:qrj25mwfwjwlgwdaphrvqpg8qdmv9f3ws09vtgy0qm4t9e0443auwfyw6szau,302264947629,
04425e469d9b5a726200e7f76beadf05e2c72d6d68533b887736236546703205,2024-07-13T16:45:02.331000,received,kaspa:qzghnfp4dmdz75zcnl36qw3lcjsufu6hlyd5mzevvfsgzwxwlzafkcar7vmte,302264947629,
04425e469d9b5a726200e7f76beadf05e2c72d6d68533b887736236546703205,2024-07-13T16:45:02.331000,received,kaspa:qzghnfp4dmdz75zcnl36qw3lcjsufu6hlyd5mzevvfsgzwxwlzafkcar7vmte,302264947629,
7ac398cb17fe6a26fc3e72eb631be1403332d69d8861a26f19f151e38e0645fd,2024-06-22T10:04:11.546000,sent,kaspa:qpzpfwcsqsxhxwup26r55fd0ghqlhyugz8cp6y3wxuddc02vcxtjg75pspnwz,2000000000000,MEXC
7ac398cb17fe6a26fc3e72eb631be1403332d69d8861a26f19f151e38e0645fd,2024-06-22T10:04:11.546000,sent,kaspa:qpjunp39ssazf4rzfxxu0hd35xggfxn6lq0ls9u9q6peevzcmcv4xmv9q4njd,126483930000,
cf78d3db064b5277a9b6259f3867c1ed9033f7fcbc9fbdc2d2b0d6ba3dabb9d1,2024-06-22T09:52:45.881000,received,kaspa:qqq57a7e6ethsjuqs9ud63w6w9yslrdsnyu9gka6gw30em0ry943guk9p8d2q,430000000000,
e56665433c9586990d6ac73aa3ab57c34cce27b1f677fbf85104f77164f51834,2024-06-11T14:23:06.004000,sent,kaspa:qpzpfwcsqsxhxwup26r55fd0ghqlhyugz8cp6y3wxuddc02vcxtjg75pspnwz,2000000000000,MEXC
e56665433c9586990d6ac73aa3ab57c34cce27b1f677fbf85104f77164f51834,2024-06-11T14:23:06.004000,sent,kaspa:qpjunp39ssazf4rzfxxu0hd35xggfxn6lq0ls9u9q6peevzcmcv4xmv9q4njd,19997680032135515,
f83ff249c086f31656474daa59c07b777866d17566b7ddd299b2e69acbd7d366,2024-06-11T14:14:49.119000,received,kaspa:qzw8uhhhsdj98hxkwwdsqpl50n8xqpsk8cqwvhxe4dencpy8rystuznzt9z9h,70000000000,
02f63df574bd3a89c2c1b2747291457f996b7b3cccc78219da27546d9cb7a6c2,2024-06-06T14:14:05.056000,sent,kaspa:qpjunp39ssazf4rzfxxu0hd35xggfxn6lq0ls9u9q6peevzcmcv4xmv9q4njd,806567367956,
d5808911a5999be90f46566295a904d89d33a3c89cce0eb10b78523c6f3550e8,2024-06-06T11:42:41.248000,received,kaspa:qq4gnmj9g9clwn9n9jrdlr5v2djhklkvt3m5p7acvm6vlgs25tccqg85svfdm,9900000000,
d5808911a5999be90f46566295a904d89d33a3c89cce0eb10b78523c6f3550e8,2024-06-06T11:42:41.248000,received,kaspa:qzeter8gg82w8mw55xz7cdlnae4u88avc9gc5aj4qkzk0hmrql2qsyp6sl8vm,9900000000,
d5808911a5999be90f46566295a904d89d33a3c89cce0eb10b78523c6f3550e8,2024-06-06T11:42:41.248000,received,kaspa:qqzsf302n9k3v0vltfchajtz63eqnydxgcu3ju2sqvewypcq3956kgh6wjfvv,9900000000,
d5808911a5999be90f46566295a904d89d33a3c89cce0eb10b78523c6f3550e8,2024-06-06T11:42:41.248000,received,kaspa:qp8yzu9t69xfatthr9fl6k93mqa9ftmhx8wv7a7m5vcq0at6km89qk7aagrky,9900000000,
44758e45f2872fe0c0b701e4ec34c75fe458d0904ed60d8b52ef07d3842efdf2,2024-05-18T18:28:36.308000,sent,kaspa:qpjunp39ssazf4rzfxxu0hd35xggfxn6lq0ls9u9q6peevzcmcv4xmv9q4njd,1963576155674,
22630929d26703e07ff07d27c86e10270a9c8a548774a2a1927d5d99edd8b796,2024-05-18T18:03:07.282000,received,kaspa:qzuz7u9jelm7whvmnju9tf06l2r6k53xk0j5auqm9hkkn0eze7v078hahlhlk,40000000000,
22630929d26703e07ff07d27c86e10270a9c8a548774a2a1927d5d99edd8b796,2024-05-18T18:03:07.282000,received,kaspa:qrj9689pyqxlrzdamsjnrdft38gywy05r20ljv7w06fqsn23mjad2zp4gc5gr,40000000000,
22630929d26703e07ff07d27c86e10270a9c8a548774a2a1927d5d99edd8b796,2024-05-18T18:03:07.282000,received,kaspa:qr8wlm844jvwqtv7pm6kltkxm63h7xakmzth7t3z7amwldx5xxdhuvenqcx96,40000000000,
22630929d26703e07ff07d27c86e10270a9c8a548774a2a1927d5d99edd8b796,2024-05-18T18:03:07.282000,received,kaspa:qpxfs92czufkwdgvle59duzmzwxf2vqyr9nuezzpfu4ce0ajhfvng7h4vynxl,40000000000,
22630929d26703e07ff07d27c86e10270a9c8a548774a2a1927d5d99edd8b796,2024-05-18T18:03:07.282000,received,kaspa:qqkpjc9ag8lvy49xsvqwsrmn6275xz2yajmff6nlm2gwf5sqmd6gglefk7zca,40000000000,
e354f87e1cec81a2d70cbe0aaac7c67ece981790216f412f8fb43f0067f77335,2024-05-14T20:28:35.083000,sent,kaspa:qpjunp39ssazf4rzfxxu0hd35xggfxn6lq0ls9u9q6peevzcmcv4xmv9q4njd,1839966637068,
d50dff58fbdfedd2e2c6c4000c1b2eaa71da6ffa86d8e50294be3ee255b906fd,2024-05-14T20:02:22.824000,received,kaspa:qq3jv5lh75a0klsp0w3xs8ucpt355w996uhz03l46axtnjcjctkaueazcn42u,53000000000,
d50dff58fbdfedd2e2c6c4000c1b2eaa71da6ffa86d8e50294be3ee255b906fd,2024-05-14T20:02:22.824000,received,kaspa:qpt3c95s27a6809dtzlz6dx4esnyd40rsu7dwefa66xpuqsjwpcw62fnpfclm,53000000000,
d50dff58fbdfedd2e2c6c4000c1b2eaa71da6ffa86d8e50294be3ee255b906fd,2024-05-14T20:02:22.824000,received,kaspa:qpag7z0k00unvzh075rzslexfy6dr0vgzfkfy7tdz7hyuwrsd4crzzef3c6zl,53000000000,
1adabd76fadf26e644da33db4a9ebdc18a077e4b9c041bf930c2b9e31ad0dc42,2024-05-10T10:13:04.156000,sent,kaspa:qpzpfwcsqsxhxwup26r55fd0ghqlhyugz8cp6y3wxuddc02vcxtjg75pspnwz,2000000000000,MEXC
1adabd76fadf26e644da33db4a9ebdc18a077e4b9c041bf930c2b9e31ad0dc42,2024-05-10T10:13:04.156000,sent,kaspa:qpjunp39ssazf4rzfxxu0hd35xggfxn6lq0ls9u9q6peevzcmcv4xmv9q4njd,20018234270189205,
891221b13015d0b3f2cd2526b8c389b054ac617f67456fdf16c54a6a668057ca,2024-05-10T10:06:39.281000,received,kaspa:qphttgkynx5aemz8rsurg34srknay79w00nel80a3lmdperdpgnxjm8rwsk2t,136792930000,
891221b13015d0b3f2cd2526b8c389b054ac617f67456fdf16c54a6a668057ca,2024-05-10T10:06:39.281000,received,kaspa:qr56r4d334fyyjsc24d5l89d7k3tgtnwywpmrdatpa8xdpdzpfn4jw7ufmpsr,136792930000,
891221b13015d0b3f2cd2526b8c389b054ac617f67456fdf16c54a6a668057ca,2024-05-10T10:06:39.281000,received,kaspa:qphttgkynx5aemz8rsurg34srknay79w00nel80a3lmdperdpgnxjm8rwsk2t,136792930000,
891221b13015d0b3f2cd2526b8c389b054ac617f67456fdf16c54a6a668057ca,2024-05-10T10:06:39.281000,received,kaspa:qphttgkynx5aemz8rsurg34srknay79w00nel80a3lmdperdpgnxjm8rwsk2t,136792930000,
891221b13015d0b3f2cd2526b8c389b054ac617f67456fdf16c54a6a668057ca,2024-05-10T10:06:39.281000,received,kaspa:qrycaq3vfkmt4cyehmhgxpmve8f3peq75hecgmv89p8drt8xqtaq6muswmra5,136792930000,
891221b13015d0b3f2cd2526b8c389b054ac617f67456fdf16c54a6a668057ca,2024-05-10T10:06:39.281000,received,kaspa:qphttgkynx5aemz8rsurg34srknay79w00nel80a3lmdperdpgnxjm8rwsk2t,136792930000,
891221b13015d0b3f2cd2526b8c389b054ac617f67456fdf16c54a6a668057ca,2024-05-10T10:06:39.281000,received,kaspa:qphttgkynx5aemz8rsurg34srknay79w00nel80a3lmdperdpgnxjm8rwsk2t,136792930000,
891221b13015d0b3f2cd2526b8c389b054ac617f67456fdf16c54a6a668057ca,2024-05-10T10:06:39.281000,received,kaspa:qphttgkynx5aemz8rsurg34srknay79w00nel80a3lmdperdpgnxjm8rwsk2t,136792930000,
891221b13015d0b3f2cd2526b8c389b054ac617f67456fdf16c54a6a668057ca,2024-05-10T10:06:39.281000,received,kaspa:qphttgkynx5aemz8rsurg34srknay79w00nel80a3lmdperdpgnxjm8rwsk2t,136792930000,
891221b13015d0b3f2cd2526b8c389b054ac617f67456fdf16c54a6a668057ca,2024-05-10T10:06:39.281000,received,kaspa:qphttgkynx5aemz8rsurg34srknay79w00nel80a3lmdperdpgnxjm8rwsk2t,136792930000,
891221b13015d0b3f2cd2526b8c389b054ac617f67456fdf16c54a6a668057ca,2024-05-10T10:06:39.281000,received,kaspa:qphttgkynx5aemz8rsurg34srknay79w00nel80a3lmdperdpgnxjm8rwsk2t,136792930000,
891221b13015d0b3f2cd2526b8c389b054ac617f67456fdf16c54a6a668057ca,2024-05-10T10:06:39.281000,received,kaspa:qphttgkynx5aemz8rsurg34srknay79w00nel80a3lmdperdpgnxjm8rwsk2t,136792930000,
891221b13015d0b3f2cd2526b8c389b054ac617f67456fdf16c54a6a668057ca,2024-05-10T10:06:39.281000,received,kaspa:qphttgkynx5aemz8rsurg34srknay79w00nel80a3lmdperdpgnxjm8rwsk2t,136792930000,
891221b13015d0b3f2cd2526b8c389b054ac617f67456fdf16c54a6a668057ca,2024-05-10T10:06:39.281000,received,kaspa:qphttgkynx5aemz8rsurg34srknay79w00nel80a3lmdperdpgnxjm8rwsk2t,136792930000,
891221b13015d0b3f2cd2526b8c389b054ac617f67456fdf16c54a6a668057ca,2024-05-10T10:06:39.281000,received,kaspa:qphttgkynx5aemz8rsurg34srknay79w00nel80a3lmdperdpgnxjm8rwsk2t,136792930000,
891221b13015d0b3f2cd2526b8c389b054ac617f67456fdf16c54a6a668057ca,2024-05-10T10:06:39.281000,received,kaspa:qphttgkynx5aemz8rsurg34srknay79w00nel80a3lmdperdpgnxjm8rwsk2t,136792930000,
891221b13015d0b3f2cd2526b8c389b054ac617f67456fdf16c54a6a668057ca,2024-05-10T10:06:39.281000,received,kaspa:qphttgkynx5aemz8rsurg34srknay79w00nel80a3lmdperdpgnxjm8rwsk2t,136792930000,
449aa3298c3755b95ad3a1df7059196ba3faedbadc69494bf9d6823c1c5ffde0,2024-05-05T08:13:03.261000,sent,kaspa:qpzpfwcsqsxhxwup26r55fd0ghqlhyugz8cp6y3wxuddc02vcxtjg75pspnwz,2000000000000,MEXC
449aa3298c3755b95ad3a1df7059196ba3faedbadc69494bf9d6823c1c5ffde0,2024-05-05T08:13:03.261000,sent,kaspa:qpjunp39ssazf4rzfxxu0hd35xggfxn6lq0ls9u9q6peevzcmcv4xmv9q4njd,20268717712242813,
85a4d07f891d50a8906b862dd3c5a7b4435f3fe5ff1e87086a6588076efbd52a,2024-05-05T08:12:36.927000,received,kaspa:qpuvcxmhycaxxygxucr9xswg4sakr9s0vxwaglj2cttke3dslw64sp2xjgxzf,33700000000,
85a4d07f891d50a8906b862dd3c5a7b4435f3fe5ff1e87086a6588076efbd52a,2024-05-05T08:12:36.927000,received,kaspa:qr4mw0afx2hry6cw8q9pf4s26td50ncwz05v663snugvv9ls9v53udhcmkr9t,33700000000,
91e7daa2f3c593e6824d45a25b9700b5744bb0da7035e6510fe5c821e19e26a9,2024-05-04T13:13:39.820000,sent,kaspa:qpjunp39ssazf4rzfxxu0hd35xggfxn6lq0ls9u9q6peevzcmcv4xmv9q4njd,1258062036077,
c50836dfc3b7e5ed6be144dcc86090b58ad21ae71c5ac1cf7a49b1acc082de90,2024-05-04T13:02:28.861000,received,kaspa:qzy8he8ypkz3kmuln8st450m0m5q4ur29fevumdrhgpx2wzsgea7stspqeezs,63300000000,
c50836dfc3b7e5ed6be144dcc86090b58ad21ae71c5ac1cf7a49b1acc082de90,2024-05-04T13:02:28.861000,received,kaspa:qry098f9zf4qcaznlrn8054lszs44cwmwewfl6upmvkhvzdyp6dly9ymwxfzk,63300000000,
b1903d996eb3d4d35c7b5e438cc513dea49d1b2d3025f648d80191f8df21cbad,2024-05-04T12:17:35.254000,sent,kaspa:qpzpfwcsqsxhxwup26r55fd0ghqlhyugz8cp6y3wxuddc02vcxtjg75pspnwz,2000000000000,MEXC
b1903d996eb3d4d35c7b5e438cc513dea49d1b2d3025f648d80191f8df21cbad,2024-05-04T12:17:35.254000,sent,kaspa:qpjunp39ssazf4rzfxxu0hd35xggfxn6lq0ls9u9q6peevzcmcv4xmv9q4njd,20067177610889319,
fdf407ab62906a5e5cfd96f600f8809606df696616453a3ed7eb29ddb39088f9,2024-05-04T12:17:10.473000,received,kaspa:qptnx4vuslckrhtjf53xl7gn26rnp7wd0exgjk3fc5vjh7ez2d585wlkntfmg,87000000000,
fdf407ab62906a5e5cfd96f600f8809606df696616453a3ed7eb29ddb39088f9,2024-05-04T12:17:10.473000,received,kaspa:qzvy9n0mju6d943cjphslzudacc92nts8upd88jtun7wf3ytrsprzrq6n9ycu,87000000000,
632d870f95083d2cf2ffb9896bc29ada5be4c7c7a9f2632eceedfe0d1b00ab87,2024-05-03T13:54:07.016000,sent,kaspa:qpjunp39ssazf4rzfxxu0hd35xggfxn6lq0ls9u9q6peevzcmcv4xmv9q4njd,610484756984,
f2adc12380375b02cdac6f139c958e632cf04e8d7e49c8416a62e9a0e170ae1c,2024-05-03T13:25:03.757000,received,kaspa:qqpmrnlelrr7akxh6l3wts2x2dxd4f2tjcpprwd9tz22xxm9k627kzj8xa93j,13000000000,
e95037ea5b91946562d1ff46e69e02439ba8f04bd3690405f9cadca9feccd021,2024-05-02T12:55:05.960000,sent,kaspa:qpjunp39ssazf4rzfxxu0hd35xggfxn6lq0ls9u9q6peevzcmcv4xmv9q4njd,1171063743587,
d42eb09eb656bb91ebda937091d6ce43ba4f59b69a25d32dfb17cc5a10a119fa,2024-05-02T12:50:34.192000,received,kaspa:qpvd57gzq77rqyep9vqwuseqq65x30mertqyrd60702z03uvnyym6h976d6f3,20000000000,
5d72fecc23a59ed30dd24b0d526dece55726ed8bc6eac0ecf60b3016a3cfecfe,2024-05-01T17:15:38.314000,sent,kaspa:qpzpfwcsqsxhxwup26r55fd0ghqlhyugz8cp6y3wxuddc02vcxtjg75pspnwz,2000000000000,MEXC
5d72fecc23a59ed30dd24b0d526dece55726ed8bc6eac0ecf60b3016a3cfecfe,2024-05-01T17:15:38.314000,sent,kaspa:qpjunp39ssazf4rzfxxu0hd35xggfxn6lq0ls9u9q6peevzcmcv4xmv9q4njd,2541831426,
cf709321a5b1fc37ae5f79c01a9e1ceee332faf200599fd2c9ac41c9049e0a2e,2024-05-01T16:48:33.071000,received,kaspa:qrpdgm696fnrxa93x895p8aatls092de58g0l6hg8r275nw8n7pxgqxasevjq,40000000000,
45a046ea4141a38dcb43314e60f34b20d63fc0f558e1c0f0f07a2c71af48e862,2024-03-21T18:41:35.614000,sent,kaspa:qpjunp39ssazf4rzfxxu0hd35xggfxn6lq0ls9u9q6peevzcmcv4xmv9q4njd,1491830689740,
8a7fd1eb79dc21992a9b439406bc242a42986980b0a7d266c3dc83a5d9b1f6ac,2024-03-21T18:28:22.143000,received,kaspa:qqujclfj8d729l0chp9fzmqr4w3dt3tnmqrvlmtaf0ayk2aadt6djqwtpmpar,10000000000,
18ffb71a9577ecf651afd9076cc790238e8a45bed575ef5a8d35c8267a696df1,2024-03-05T16:51:04.629000,sent,kaspa:qpzpfwcsqsxhxwup26r55fd0ghqlhyugz8cp6y3wxuddc02vcxtjg75pspnwz,2000000000000,MEXC
18ffb71a9577ecf651afd9076cc790238e8a45bed575ef5a8d35c8267a696df1,2024-03-05T16:51:04.629000,sent,kaspa:qpjunp39ssazf4rzfxxu0hd35xggfxn6lq0ls9u9q6peevzcmcv4xmv9q4njd,20514936173372925,
58b669d1a21df97546fffd94080bdd32603fef35bc70be6649fe9170d74353cd,2024-03-05T16:45:55.722000,received,kaspa:qq7szlxjs9nmphlfzq9ukz57fysx0kznxqnzpa74d7czshk36sjpj087ywsad,9000000000,
58b669d1a21df97546fffd94080bdd32603fef35bc70be6649fe9170d74353cd,2024-03-05T16:45:55.722000,received,kaspa:qzghnfp4dmdz75zcnl36qw3lcjsufu6hlyd5mzevvfsgzwxwlzafkcar7vmte,9000000000,
a7b7537d86b49430b394a4c3efad88064e608256dcd13de18122fac7eebf18b4,2024-01-24T01:23:36.496000,sent,kaspa:qpjunp39ssazf4rzfxxu0hd35xggfxn6lq0ls9u9q6peevzcmcv4xmv9q4njd,131999101568,
6fd22b018f59a96436a8089154018501e3d12ed1588e5bde43680eae09083995,2024-01-22T14:29:10.557000,sent,kaspa:qpjunp39ssazf4rzfxxu0hd35xggfxn6lq0ls9u9q6peevzcmcv4xmv9q4njd,406239521654,
dab8ddf051817522c69324414ac3b841cf131356e07772bb3832c39e06b7fe8a,2024-01-19T06:55:05.302000,sent,kaspa:qpjunp39ssazf4rzfxxu0hd35xggfxn6lq0ls9u9q6peevzcmcv4xmv9q4njd,591993741030,
59e4f4553f6e76e5ef9d12b8b9e7e8c9f234723133c75754fca37955220272a6,2024-01-19T02:26:15.849000,sent,kaspa:qpjunp39ssazf4rzfxxu0hd35xggfxn6lq0ls9u9q6peevzcmcv4xmv9q4njd,777905545752,
9277fccfe3f3cfdae9efa033281a8fa815ae976cc6a32eb2b6ce74c63ffdfe7e,2024-01-19T01:57:05.700000,sent,kaspa:qpjunp39ssazf4rzfxxu0hd35xggfxn6lq0ls9u9q6peevzcmcv4xmv9q4njd,422985920356,
b58cf79e9f58bd5af342e62135c67eac9145c819fb133443f2de760e658b289a,2024-01-18T23:15:12.240000,sent,kaspa:qpjunp39ssazf4rzfxxu0hd35xggfxn6lq0ls9u9q6peevzcmcv4xmv9q4njd,969910524803,
bfb27cdc43cbafa576029a0183e7780482ed1d89776300a09d6763854a933827,2023-12-30T16:44:40.048000,sent,kaspa:qpjunp39ssazf4rzfxxu0hd35xggfxn6lq0ls9u9q6peevzcmcv4xmv9q4njd,1214429400052,
e61df899b8ab97f396bafe51164d63ef57dcb0d507fa5df218056a6a386a80b4,2023-12-30T06:59:36.244000,sent,kaspa:qpjunp39ssazf4rzfxxu0hd35xggfxn6lq0ls9u9q6peevzcmcv4xmv9q4njd,1364054004566,
d5f6a1b1dc3f2fa1bb994aa9a9bf676fd5bfa8b5faa25e3dc20deb14b6eff3b8,2023-12-27T18:54:39.562000,sent,kaspa:qpjunp39ssazf4rzfxxu0hd35xggfxn6lq0ls9u9q6peevzcmcv4xmv9q4njd,1244951120116,
de37fcdf2bd01a80ab43d28646e43c4c2a9400c5286a5254b5f8f3091c2495b1,2023-12-27T18:48:38.734000,sent,kaspa:qpjunp39ssazf4rzfxxu0hd35xggfxn6lq0ls9u9q6peevzcmcv4xmv9q4njd,2208646859060,
fed821ef1ca0be2a0cad31eb2441c1e151b9312eb526820b4af70f11b4cfc21c,2023-12-27T17:10:11.722000,sent,kaspa:qpjunp39ssazf4rzfxxu0hd35xggfxn6lq0ls9u9q6peevzcmcv4xmv9q4njd,2552263840243,
7248941c44a29a3c4be06162e2aba97e0e2bdd06d0c622e54e9d451820e98c65,2023-12-27T14:11:40.712000,sent,kaspa:qpjunp39ssazf4rzfxxu0hd35xggfxn6lq0ls9u9q6peevzcmcv4xmv9q4njd,3079894933043,
30b56541fbd92a299343e5b3f4641a4a7f90647fd75f5804a67ebc4a163528fe,2023-12-27T13:04:08.872000,sent,kaspa:qpjunp39ssazf4rzfxxu0hd35xggfxn6lq0ls9u9q6peevzcmcv4xmv9q4njd,2999999250000,
30b56541fbd92a299343e5b3f4641a4a7f90647fd75f5804a67ebc4a163528fe,2023-12-27T13:04:08.872000,sent,kaspa:qpjunp39ssazf4rzfxxu0hd35xggfxn6lq0ls9u9q6peevzcmcv4xmv9q4njd,2999999250000,
a10763f7d2a03264be7a4a2f460b9bb0bde6bee418f7fc4ca9b5f04f16bc6eff,2023-12-27T11:53:12.863000,sent,kaspa:qpjunp39ssazf4rzfxxu0hd35xggfxn6lq0ls9u9q6peevzcmcv4xmv9q4njd,4004548875320,
1579a0499b2fb6111e98d3199f2e6fda7814677b99b57a081944729e9415c222,2023-12-27T07:41:43.615000,sent,kaspa:qpjunp39ssazf4rzfxxu0hd35xggfxn6lq0ls9u9q6peevzcmcv4xmv9q4njd,4399999049233,
3ae08dff759c5e0e428380e78b4d867e31c761fd5b1a3b9457d754cdca84d2f6,2023-12-27T05:57:11.023000,sent,kaspa:qpjunp39ssazf4rzfxxu0hd35xggfxn6lq0ls9u9q6peevzcmcv4xmv9q4njd,1161500594000,
dc9fb570ebbb7803bae14095a8576adc48a194ff0a13eba627e4756f56237382,2023-12-27T05:53:09.728000,sent,kaspa:qpjunp39ssazf4rzfxxu0hd35xggfxn6lq0ls9u9q6peevzcmcv4xmv9q4njd,4452015992601,
74c845ea322afd30cd34b5a4152a19d380eb338ab51c25f608c209260ba38a6c,2023-12-27T02:33:40.138000,sent,kaspa:qpjunp39ssazf4rzfxxu0hd35xggfxn6lq0ls9u9q6peevzcmcv4xmv9q4njd,6469198414310,
7266b5ab101a5b73bf12aa98cac71477b3ef966f71c7676af6c168eb19fd776a,2023-12-27T02:29:38.484000,sent,kaspa:qpjunp39ssazf4rzfxxu0hd35xggfxn6lq0ls9u9q6peevzcmcv4xmv9q4njd,6546694566278,
9574f9a7a70bd49e9c4cbb8783642b8a91b170d278016e322ba37a0f2c2c9547,2023-12-27T02:06:11.608000,sent,kaspa:qpjunp39ssazf4rzfxxu0hd35xggfxn6lq0ls9u9q6peevzcmcv4xmv9q4njd,7039999120000,
9574f9a7a70bd49e9c4cbb8783642b8a91b170d278016e322ba37a0f2c2c9547,2023-12-27T02:06:11.608000,sent,kaspa:qpjunp39ssazf4rzfxxu0hd35xggfxn6lq0ls9u9q6peevzcmcv4xmv9q4njd,7039999120000,
a92dff99d2189c0bb097d4c94af54585d4316da15c53e27cff725bd6a074dbdd,2023-12-26T10:24:07.563000,sent,kaspa:qpjunp39ssazf4rzfxxu0hd35xggfxn6lq0ls9u9q6peevzcmcv4xmv9q4njd,8799999525072,
a92dff99d2189c0bb097d4c94af54585d4316da15c53e27cff725bd6a074dbdd,2023-12-26T10:24:07.563000,sent,kaspa:qpjunp39ssazf4rzfxxu0hd35xggfxn6lq0ls9u9q6peevzcmcv4xmv9q4njd,8799999525072,
a92dff99d2189c0bb097d4c94af54585d4316da15c53e27cff725bd6a074dbdd,2023-12-26T10:24:07.563000,sent,kaspa:qpjunp39ssazf4rzfxxu0hd35xggfxn6lq0ls9u9q6peevzcmcv4xmv9q4njd,8799999525072,
3272939268584f670b3e36aea992b718ea1b8a927bc4806400daa5365e5aad5a,2023-12-26T09:52:18.811000,sent,kaspa:qpjunp39ssazf4rzfxxu0hd35xggfxn6lq0ls9u9q6peevzcmcv4xmv9q4njd,9072410201925,
52eeb692a2bf4f8ffee49b14ed343cee72b17c1ab79c2b224bf6fa9df6c742c5,2023-12-26T09:39:55.876000,sent,kaspa:qpjunp39ssazf4rzfxxu0hd35xggfxn6lq0ls9u9q6peevzcmcv4xmv9q4njd,10120603282305,
e38e4a37986e80b00c3bd0a5578c8e7a55eec57da74b1cf6b1f8886d9f255a31,2023-12-26T08:47:37.462000,sent,kaspa:qpjunp39ssazf4rzfxxu0hd35xggfxn6lq0ls9u9q6peevzcmcv4xmv9q4njd,14959999120000,
556281ac11f6ff24cef04d89d86b242afa83250d416560b40e908a07cb6c959a,2023-12-26T08:28:21.356000,sent,kaspa:qpjunp39ssazf4rzfxxu0hd35xggfxn6lq0ls9u9q6peevzcmcv4xmv9q4njd,17593291660982,
f2ba7426d896b119fe630fafc16facb2d6c7d946f0cd045e0e80a1a983e01677,2023-12-26T08:25:28.287000,sent,kaspa:qpjunp39ssazf4rzfxxu0hd35xggfxn6lq0ls9u9q6peevzcmcv4xmv9q4njd,17599998884655,
9c64df8ac77ae6cc1105e111773e2bcf9578bbf5cee87ef962602f8cb3b5ab4e,2023-12-25T23:42:39.590000,sent,kaspa:qpjunp39ssazf4rzfxxu0hd35xggfxn6lq0ls9u9q6peevzcmcv4xmv9q4njd,26329361470073,
d383c791756b72664609e866314c6d0514be66170cc9bd3d361506123eda84bc,2023-12-25T19:26:16.579000,sent,kaspa:qpjunp39ssazf4rzfxxu0hd35xggfxn6lq0ls9u9q6peevzcmcv4xmv9q4njd,26906849928449,
5290f3d2f40eef6d9c9fb44c13d2b215148ba389bdfc8072ae2a9d7f4f499e05,2023-12-02T11:30:57.543000,received,kaspa:qzmxwpeafrdxg392c8gh74lzmkec027d454f4ge7at39d7y8gs53zvt3gxm97,8000000000,
c924fc59cc88761f890b12f86b369b0cac6ed3988a0e20f4ee8ef9d9cef0a7d8,2023-11-22T12:14:30.013000,received,kaspa:qqwvnkp47wsj6n4hkdlgj8dsauyx0xvefunnwvvsmpq2udd0ka8ckmpuqw3k5,4616939286,
c924fc59cc88761f890b12f86b369b0cac6ed3988a0e20f4ee8ef9d9cef0a7d8,2023-11-22T12:14:30.013000,received,kaspa:qqwvnkp47wsj6n4hkdlgj8dsauyx0xvefunnwvvsmpq2udd0ka8ckmpuqw3k5,4616939286,
c924fc59cc88761f890b12f86b369b0cac6ed3988a0e20f4ee8ef9d9cef0a7d8,2023-11-22T12:14:30.013000,received,kaspa:qqwvnkp47wsj6n4hkdlgj8dsauyx0xvefunnwvvsmpq2udd0ka8ckmpuqw3k5,4616939286,
c924fc59cc88761f890b12f86b369b0cac6ed3988a0e20f4ee8ef9d9cef0a7d8,2023-11-22T12:14:30.013000,received,kaspa:qqwvnkp47wsj6n4hkdlgj8dsauyx0xvefunnwvvsmpq2udd0ka8ckmpuqw3k5,4616939286,
c924fc59cc88761f890b12f86b369b0cac6ed3988a0e20f4ee8ef9d9cef0a7d8,2023-11-22T12:14:30.013000,received,kaspa:qqwvnkp47wsj6n4hkdlgj8dsauyx0xvefunnwvvsmpq2udd0ka8ckmpuqw3k5,4616939286,
c924fc59cc88761f890b12f86b369b0cac6ed3988a0e20f4ee8ef9d9cef0a7d8,2023-11-22T12:14:30.013000,received,kaspa:qqwvnkp47wsj6n4hkdlgj8dsauyx0xvefunnwvvsmpq2udd0ka8ckmpuqw3k5,4616939286,
62f94a7c8a3c4f64b92b1517f9310df2fe1b5e8ce50ee1f2248856669d39f9dc,2023-11-20T18:11:01.904000,received,kaspa:qpzw9dxpxnujfp93knam2t6jnzdh42xtw82krus6vmhnh2paaq7es7exxeykc,8999990000,
62f94a7c8a3c4f64b92b1517f9310df2fe1b5e8ce50ee1f2248856669d39f9dc,2023-11-20T18:11:01.904000,received,kaspa:qp8yzu9t69xfatthr9fl6k93mqa9ftmhx8wv7a7m5vcq0at6km89qk7aagrky,8999990000,
cbea3b03ab1d6e2295a67becc53133d6d1363b69fc924565e94f1a18417ff147,2023-11-18T15:57:05.234000,received,kaspa:qzghnfp4dmdz75zcnl36qw3lcjsufu6hlyd5mzevvfsgzwxwlzafkcar7vmte,13799780000,
cbea3b03ab1d6e2295a67becc53133d6d1363b69fc924565e94f1a18417ff147,2023-11-18T15:57:05.234000,received,kaspa:qql7duwafxdq9x4a0g2j5mf9rjgecskmgc8xff6gnq9753klaykgccfn4juq2,13799780000,
cbea3b03ab1d6e2295a67becc53133d6d1363b69fc924565e94f1a18417ff147,2023-11-18T15:57:05.234000,received,kaspa:qztglvjj5tq8khx0er7ykv29fxtg2xy4c2q6hxza9mm7j4hhh9rlsxajrtgx4,13799780000,
cd992b3386d865770218164d2fa2cb10e54e889993be7b88ab0a46ac471d4805,2023-11-06T13:29:41.835000,received,kaspa:qzghnfp4dmdz75zcnl36qw3lcjsufu6hlyd5mzevvfsgzwxwlzafkcar7vmte,25099840000,
cd992b3386d865770218164d2fa2cb10e54e889993be7b88ab0a46ac471d4805,2023-11-06T13:29:41.835000,received,kaspa:qzghnfp4dmdz75zcnl36qw3lcjsufu6hlyd5mzevvfsgzwxwlzafkcar7vmte,25099840000,
cd992b3386d865770218164d2fa2cb10e54e889993be7b88ab0a46ac471d4805,2023-11-06T13:29:41.835000,received,kaspa:qzghnfp4dmdz75zcnl36qw3lcjsufu6hlyd5mzevvfsgzwxwlzafkcar7vmte,25099840000,
cd992b3386d865770218164d2fa2cb10e54e889993be7b88ab0a46ac471d4805,2023-11-06T13:29:41.835000,received,kaspa:qzghnfp4dmdz75zcnl36qw3lcjsufu6hlyd5mzevvfsgzwxwlzafkcar7vmte,25099840000,
cd992b3386d865770218164d2fa2cb10e54e889993be7b88ab0a46ac471d4805,2023-11-06T13:29:41.835000,received,kaspa:qzghnfp4dmdz75zcnl36qw3lcjsufu6hlyd5mzevvfsgzwxwlzafkcar7vmte,25099840000,
cd992b3386d865770218164d2fa2cb10e54e889993be7b88ab0a46ac471d4805,2023-11-06T13:29:41.835000,received,kaspa:qzghnfp4dmdz75zcnl36qw3lcjsufu6hlyd5mzevvfsgzwxwlzafkcar7vmte,25099840000,
cd992b3386d865770218164d2fa2cb10e54e889993be7b88ab0a46ac471d4805,2023-11-06T13:29:41.835000,received,kaspa:qzghnfp4dmdz75zcnl36qw3lcjsufu6hlyd5mzevvfsgzwxwlzafkcar7vmte,25099840000,
77deb1e8b4df183f41e5a478311e1118ca5d131fd582207d5b98e4f9916a6415,2023-10-24T04:02:06.015000,sent,kaspa:qpjunp39ssazf4rzfxxu0hd35xggfxn6lq0ls9u9q6peevzcmcv4xmv9q4njd,29985808238539,
db909808ce1850ba778c6b1d83e5b83b22ca45f833ccd37aa3fae7775e8f40cd,2023-10-22T22:39:10.596000,received,kaspa:qpue82w0ggs00fhvsaemdm95ymeq7a4ckushql8w28aqz8ke7jp62wy0gdw0u,80000000000,
284d4b6d1861b0f45fcc79707384dbd9ee25f81bf0a9a4270979a8629345ce1a,2023-10-22T22:34:14.360000,received,kaspa:qzfjzzp4efj05uejsztlnfsd8yk3e268nwhrtcy4pflgr4cepex57rllnl6h5,100000000000,
34de67b0dab1baa6514e1ab831552d15f527e527f6b1acdd97dad6fbb1f25d74,2023-10-22T21:43:56.602000,received,kaspa:qqzgafh6z82u3x4p4ln2t5e3qkmdfxf3w6wzsulk00vvhykt4v9e5sk9a3f5s,40000000000,
3dc26da4e727ac43e6d1a2c24bd2c891184f5b8261f8059d51e3e6fd7b61715a,2023-10-22T20:59:26.666000,received,kaspa:qp0ta3sm6jpxsc2wn2sy4839rf65f7850v7apchzntzeu3j7fcmk67vcv2p9z,45500000000,
340ca38d90988e361799c2ebb1bdea255a710cefa634ea5f09a3c986fb6d066c,2023-10-22T20:55:40.131000,received,kaspa:qq0yfwkn509pv7s3zrglq7jyqgpp9gdhq954ffcrdt9my02lekju7xsmzldp7,115000000000,
0008d83755d205e99a7e7a99ae0f0d08bc0eabe5691eecaf5749cfba442c74dd,2023-10-22T20:06:03.004000,received,kaspa:qpdcw94znlqdxay8qz6w6ulra5n6u6e86z7c4pf3ungrtnvpzph2y2dg8ksak,100000000000,
e054a9c4cbb17ca8995095fad088f656e0c3f42f67e5ce5b5fa0eb2b2fc8b5c9,2023-10-22T20:04:34.106000,received,kaspa:qr5efuam3rafaspgshfs6azfsk0kdke2kazrjhf9z9ffr96385tduny4hvkkz,50589430000,
e054a9c4cbb17ca8995095fad088f656e0c3f42f67e5ce5b5fa0eb2b2fc8b5c9,2023-10-22T20:04:34.106000,received,kaspa:qrc04lgyucy4tuptly28awdhus9pudjn9ysjsfd6eas98e79ky3wcycwd2ws2,50589430000,
e054a9c4cbb17ca8995095fad088f656e0c3f42f67e5ce5b5fa0eb2b2fc8b5c9,2023-10-22T20:04:34.106000,received,kaspa:qr5efuam3rafaspgshfs6azfsk0kdke2kazrjhf9z9ffr96385tduny4hvkkz,50589430000,
e054a9c4cbb17ca8995095fad088f656e0c3f42f67e5ce5b5fa0eb2b2fc8b5c9,2023-10-22T20:04:34.106000,received,kaspa:qp8yzu9t69xfatthr9fl6k93mqa9ftmhx8wv7a7m5vcq0at6km89qk7aagrky,50589430000,
e054a9c4cbb17ca8995095fad088f656e0c3f42f67e5ce5b5fa0eb2b2fc8b5c9,2023-10-22T20:04:34.106000,received,kaspa:qp8yzu9t69xfatthr9fl6k93mqa9ftmhx8wv7a7m5vcq0at6km89qk7aagrky,50589430000,
e054a9c4cbb17ca8995095fad088f656e0c3f42f67e5ce5b5fa0eb2b2fc8b5c9,2023-10-22T20:04:34.106000,received,kaspa:qp8yzu9t69xfatthr9fl6k93mqa9ftmhx8wv7a7m5vcq0at6km89qk7aagrky,50589430000,
e054a9c4cbb17ca8995095fad088f656e0c3f42f67e5ce5b5fa0eb2b2fc8b5c9,2023-10-22T20:04:34.106000,received,kaspa:qp8yzu9t69xfatthr9fl6k93mqa9ftmhx8wv7a7m5vcq0at6km89qk7aagrky,50589430000,
4fc330e784b58562dfe8a0cee9457730dbfa0aa759f7e04693784328e5a197c3,2023-10-05T07:28:14.009000,received,kaspa:qr9ct5wgyhfxvqku0ypu7zeygxl22fw8fw9zlh2ccar5d5xgsjk26c296a2d3,50000000000,
4fc330e784b58562dfe8a0cee9457730dbfa0aa759f7e04693784328e5a197c3,2023-10-05T07:28:14.009000,received,kaspa:qp5e4kdys2ncr64ahnmjukyk23n92kz7zj35zgqzkw7h2524ulsk55m6xradd,50000000000,
ee0f5514e2c06e78e7abf86520a26775ee0c502204bb2cc5573eaec121a74ef8,2023-10-02T09:13:54.736000,received,kaspa:qr94fw5ydhgzcxrdksxtd0xjhqzgt7z000fw6c0mlenksgk8ywm3v2elsh9r3,15500000000,
014a98fdf0d7342a583ff598f1943647af130008b8d3ac5e663c679b99bf61d2,2023-09-30T11:31:06.881000,received,kaspa:qrhp86jpgneqfrljj54s6vh3pq4xfhkxa3gecrs44s5jfp49wwm2k80kp3d93,296900000000,
faa58d95b1a3324e5ec7e370fea3096f3606020b701653c8b9eecd6eef5c0bb9,2023-09-26T20:36:16.248000,received,kaspa:qp5e6ww47au75t0tfe0rzhh507sfdm9ldwxn28sjt9slzzym8ku6z0yc07h7u,100000000000,
86fd0025a549ac8e9538fe934d5da236c030c7af2535375f0b00527982ebda86,2023-09-26T20:24:35.559000,received,kaspa:qpf3w8ce3m7ku69ss8m7u2h76wjla69ccm3ms0usen0phhw5s05rzchte49u3,1500000000,
5a6aa402c5cae89207023191ba7a7c467294d7725385a1dc41c6e5f95a14ca69,2023-09-26T20:23:22.164000,received,kaspa:qz5kpd3fz746ehtdvdae2e5h9d77hg4lsut0y2q0vfxfk0rkgnqkstdccf550,10000000000,
8281915deec3e1cc651e811d77ef2e4243b60ac54e089c38091bcee074b30f46,2023-09-25T20:15:57.533000,received,kaspa:qza96c0mv5g3qar9kk3v63apspghh4uy63w7ax9lf0fax9d3thjjjz8g5rwr0,34999990000,
02160ffb23350bf973a7c5b07ce64abb24c90a6bde36e4b159f2ec107125c3a8,2023-09-20T08:22:22.587000,received,kaspa:qzy2c4urpv37hlehgusf9xe6p0ajddncp30dvnq0dz072ekgexynw5j8v4064,8838920000,
c4717873104f4795b36b9a726e2f057750b028906fbdc03fbb80e7d013821841,2023-09-19T08:19:06.325000,received,kaspa:qr8k8rmmwn3dc2d64dhwx2vzg6lqcp3wc9du94gfzz3sjckhjj9ruvxuc2efu,170000000000,
a3c4f0e9a39f9887a9e13d31d81d48f3e6b17b4c65d9e30a22a410cb1279d256,2023-09-12T09:53:36.180000,received,kaspa:qz8fjvpejgv3v6leah83ajm3m25jpqhkh47ggufmsp5at76rkxv5csnr34spg,50500000000,
59851113b392629e8ecaae13cf60322dff337b52491dd5a6bab6ff58fe4e6588,2023-09-11T07:53:12.227000,received,kaspa:qrhj4ccd7khh9s5aw7ryaxleu9u2tp7fc3yf3qsj3yvun2n0j7ps2k8hacxyp,73500000000,
b3701ae352724d8b9942f53826061c3f2929406655fbbb644b0342b739db0682,2023-08-23T18:06:05.747000,sent,kaspa:qpjunp39ssazf4rzfxxu0hd35xggfxn6lq0ls9u9q6peevzcmcv4xmv9q4njd,43999999120000,
42eac450224611593028bf12c43ff2d2357d4c03638fb64454655b8a9de2365f,2023-08-23T17:51:01.271000,sent,kaspa:qpjunp39ssazf4rzfxxu0hd35xggfxn6lq0ls9u9q6peevzcmcv4xmv9q4njd,44265983313812,
a24328441c3a4fda228a314f5ab1a21c7071eb2b8e80765ec048e142aebda7a0,2023-08-01T06:04:39.274000,received,kaspa:qz5kpd3fz746ehtdvdae2e5h9d77hg4lsut0y2q0vfxfk0rkgnqkstdccf550,80000000000,
d881c4787f3a399f185bbdd19592b50a063ccbe19567b34850d555b5903167d7,2023-07-09T09:34:36.580000,received,kaspa:qqlsxq0l5tcc2uerpz80dc634rnr9z565dasz947sa9zcqslmzfkgalnz2ev2,40000000000,
d657926a2e3776a577907d34a5ef790a93134c02f1310114902785a6107ea264,2023-07-09T01:02:43.571000,received,kaspa:qq0gtzqh8x5az5z09t4tsmjsjk4qwu435ezefqza3aclj2epf8rs6lflq9za9,24900000000,
76e802043a59f30776ec988c7497d09c04a0168a4563e73fa98dd0e256f73706,2023-07-08T11:41:36.971000,received,kaspa:qpn38lhc2t62fwql0l3psgsg7qu7mc24s7avtdxdjwjwgxmzufxyjdrk30ylc,29000000000,
fa4c5c129690de554dc37aa51a0c92b256a408cfdc7ba572e79b859663b4fb8e,2023-07-03T15:26:55.271000,received,kaspa:qqhv045zyrshtzc8pkjjhc6s2man5cmrqtafcjtv843wvulthpa6x09r4ekcu,305800000000,
6d83e0da8f92363220e9e48369b09c9597e3e2f1a2fa3f04aabe95e07372c7d9,2023-06-29T19:15:32.046000,received,kaspa:qq4gx5w33zx0a06wyexr5uhfsnh6td4853j6grytthew0rydsz6mg7ragq7wk,199999996780,
6d83e0da8f92363220e9e48369b09c9597e3e2f1a2fa3f04aabe95e07372c7d9,2023-06-29T19:15:32.046000,received,kaspa:qrrt6d6f2022ksycprpykd3elkvs3gvx2e3w0a8zhdukult2g0ug6yd803eh7,199999996780,
43677a9af3aafa9f7ba621eebb6cb944cbb9c6e0fbe9e77c002a6478f32edf47,2023-06-17T14:30:21.745000,received,kaspa:qrgndf6gr79l3dczafcxgmndd2rasshjuz0spczl7rxlu23y5hh02m578elfp,500000000000,
43677a9af3aafa9f7ba621eebb6cb944cbb9c6e0fbe9e77c002a6478f32edf47,2023-06-17T14:30:21.745000,received,kaspa:qrgndf6gr79l3dczafcxgmndd2rasshjuz0spczl7rxlu23y5hh02m578elfp,500000000000,
43677a9af3aafa9f7ba621eebb6cb944cbb9c6e0fbe9e77c002a6478f32edf47,2023-06-17T14:30:21.745000,received,kaspa:qrgndf6gr79l3dczafcxgmndd2rasshjuz0spczl7rxlu23y5hh02m578elfp,500000000000,
43677a9af3aafa9f7ba621eebb6cb944cbb9c6e0fbe9e77c002a6478f32edf47,2023-06-17T14:30:21.745000,received,kaspa:qrgndf6gr79l3dczafcxgmndd2rasshjuz0spczl7rxlu23y5hh02m578elfp,500000000000,
43677a9af3aafa9f7ba621eebb6cb944cbb9c6e0fbe9e77c002a6478f32edf47,2023-06-17T14:30:21.745000,received,kaspa:qrgndf6gr79l3dczafcxgmndd2rasshjuz0spczl7rxlu23y5hh02m578elfp,500000000000,
43677a9af3aafa9f7ba621eebb6cb944cbb9c6e0fbe9e77c002a6478f32edf47,2023-06-17T14:30:21.745000,received,kaspa:qrgndf6gr79l3dczafcxgmndd2rasshjuz0spczl7rxlu23y5hh02m578elfp,500000000000,
43677a9af3aafa9f7ba621eebb6cb944cbb9c6e0fbe9e77c002a6478f32edf47,2023-06-17T14:30:21.745000,received,kaspa:qrgndf6gr79l3dczafcxgmndd2rasshjuz0spczl7rxlu23y5hh02m578elfp,500000000000,
43677a9af3aafa9f7ba621eebb6cb944cbb9c6e0fbe9e77c002a6478f32edf47,2023-06-17T14:30:21.745000,received,kaspa:qrgndf6gr79l3dczafcxgmndd2rasshjuz0spczl7rxlu23y5hh02m578elfp,500000000000,
43677a9af3aafa9f7ba621eebb6cb944cbb9c6e0fbe9e77c002a6478f32edf47,2023-06-17T14:30:21.745000,received,kaspa:qq9fqxpfqexjyayz8n6ythr8ym22fdc7e5uzss90f55y9ym0nppd5ajpxhrzc,500000000000,
3ed4bcfd5e4376c92b883dad7017cf574a9706c4fcfa88aa0499bb00e48a215d,2023-05-29T21:05:49.364000,received,kaspa:qz70rfhdlu7jtv492pc6cvfdarsshzxu3v34tzvpahav9cd2r0ta67dxhz7g2,503000000000,
3ed4bcfd5e4376c92b883dad7017cf574a9706c4fcfa88aa0499bb00e48a215d,2023-05-29T21:05:49.364000,received,kaspa:qrgndf6gr79l3dczafcxgmndd2rasshjuz0spczl7rxlu23y5hh02m578elfp,503000000000,
3ed4bcfd5e4376c92b883dad7017cf574a9706c4fcfa88aa0499bb00e48a215d,2023-05-29T21:05:49.364000,received,kaspa:qrgndf6gr79l3dczafcxgmndd2rasshjuz0spczl7rxlu23y5hh02m578elfp,503000000000,
cebf2d90f2fa033e48385c1e26f9eb60eb902fbee925c2d35e8abd03e77de980,2023-05-29T13:27:22.021000,received,kaspa:qrjepfwxvcjp269qhz4n64s3rhl8r2mgahqe7x6gjew0qe7em4ef2kt0la7n2,199900000000,
f76f74440eaab9706b91739b23d68e3df3d604739ce83d580b08db2195f0e29a,2023-05-19T16:38:20.200000,received,kaspa:qpye3p9vwkm8muutsx947tecxypy40ypax3jxn2jxq8xznxlgvfnkmt9mmqmn,399899997931,
621f113e1e46f61ccb532ec602ba93ec7b3ba11cfee7984fce145834e9b31061,2023-05-01T10:59:23.863000,received,kaspa:qqxmg7f4qa05ketk35hygc9eergeztn6qvn2m0ptmtx7k4yr5mz4uc0wn69ea,103100000000,
621f113e1e46f61ccb532ec602ba93ec7b3ba11cfee7984fce145834e9b31061,2023-05-01T10:59:23.863000,received,kaspa:qztl9treyjme9njrry9y4t4hupry7kcswgkg2906dlny7k3g3h8wg0cj2kcxj,103100000000,
f89513e01c37a75889fa908d9db5e80e84078ac9798eee6ba2aa6e1c4e995fe6,2023-04-09T17:22:47.486000,received,kaspa:qr48wwu0d60adxh8nevjjc6mmefje55dpq0092yhrxzcgnekhqpr6w95388xw,74399997931,
