tx_id,timestamp,direction,peer_address,amount_sompi,cex_label
76421c8e9a05b61cc8449f6f9b9466961a1eb5b6f9a8e32f68b568194809b6e3,2023-12-13T00:49:24.872000,sent,kaspa:qqucay7eet20htwzjznry63eajufgv76h3qh00zq022g7t5rl3n57s4mytcgz,170990000,
80bf79a463fc5cb0ea672f835e246ff0fc4ab77b1cdb27440998ec5193f88ce9,2023-12-12T14:05:22.543000,received,kaspa:qypswxtcrv4ssyjaswy5w9387vq73mkuyq85tl34cee6qn5uexqy0csgnafnjx7,171000000,
2b4ec994825a3d78dff1b9fb08072974117e85899555302bc0aafeba5133ae3f,2023-11-28T20:38:44.134000,sent,kaspa:qpdveq2mp4ty47pdcygt8radenfmg8qh855qvqwnpxl8m628un50v4d7tule2,909900000,
0981bf5063b3969d343bd04b3c00ab3bce09e76ed757bb251054e125669278dd,2023-11-28T20:37:54.386000,sent,kaspa:qypr4nkzvzypakwzlvc0x7pqzp99l2ms45sz2ut0v7xqud5vnkwsaac2yejdj3f,18000000,
ce12e1ea2456c31314a2bc13f7c856c239e1afd96f6edc87ad69420d912951b9,2023-11-28T20:31:18.587000,received,kaspa:qrc3jp4p4h4jx5u05qx8jzqj3j2lh4u5h7urjs3j0j0eneesmmztywp9n8myf,927920000,
