tx_id,timestamp,direction,peer_address,amount_sompi,cex_label
a0b892d8e284946328c8d5f444e32cf654f50b8962ba00d8185a4071954d27c9,2024-02-12T00:56:48.129000,sent,kaspa:qypgcmd8ac44n9prvspkpwe9rnvsc5m82g6q8m2vvyaerzjy4xwxjzgdzl2yas5,30000000000,
a0b892d8e284946328c8d5f444e32cf654f50b8962ba00d8185a4071954d27c9,2024-02-12T00:56:48.129000,sent,kaspa:qp565m3ql4ysxfmw884k2mz8sfyhwkxvjs7qpmf2zmytkmw690zd5p2d5lx0w,469999990000,
be54739953c9a8410c6eaad66eca412a5a985f5ae274f316061e0c286e359dc7,2024-01-02T01:36:44.021000,received,kaspa:qqwvnkp47wsj6n4hkdlgj8dsauyx0xvefunnwvvsmpq2udd0ka8ckmpuqw3k5,500000000000,
be54739953c9a8410c6eaad66eca412a5a985f5ae274f316061e0c286e359dc7,2024-01-02T01:36:44.021000,received,kaspa:qqwvnkp47wsj6n4hkdlgj8dsauyx0xvefunnwvvsmpq2udd0ka8ckmpuqw3k5,500000000000,
