tx_id,timestamp,direction,peer_address,amount_sompi,cex_label
a8b38e898924d685e509971cc2e3844c3d9974e2e5339f3263639241a71c0545,2023-12-16T05:02:39.528000,sent,kaspa:qzslgwenzu78t6tldlng383g7ruu4enaljmnkgaulyrscjp7ldt26x8gfxck5,171940000,
a8b38e898924d685e509971cc2e3844c3d9974e2e5339f3263639241a71c0545,2023-12-16T05:02:39.528000,sent,kaspa:qzslgwenzu78t6tldlng383g7ruu4enaljmnkgaulyrscjp7ldt26x8gfxck5,171940000,
5c81f29d88548eb4f01e8858d6fcb719fb5a1588cd2270242e4c8a77cd4f9f4a,2023-12-13T00:10:30.984000,received,kaspa:qypswxtcrv4ssyjaswy5w9387vq73mkuyq85tl34cee6qn5uexqy0csgnafnjx7,171000000,
6cafc469c246b09486ca8594c9e27d701d6a2458e94b94cb8bce1fcd82a075ab,2023-11-29T15:52:54.155000,sent,kaspa:qypvcftz26nuh6j7w7zfrpzgw4dprp8mdh833r0uwp9jhw9my7tacaszuc63sy6,18000000,
56ac70bef70d098565032642d00ca3c9f63f229f11a34792ad7e1b555984f070,2023-11-28T02:59:19.333000,received,kaspa:qpy942kygd8zc5u3w0cc3jjnf29ttsednx3p0fmyq4yd2rcxpx35vgu4hl9w4,19000000,
