tx_id,timestamp,direction,peer_address,amount_sompi,cex_label
fcef8cc0949b0e3936388aae38b917f7a21302ba4e19c61070734eda7778c322,2024-11-26T16:24:37.241000,sent,kaspa:qzz6f6szndnp9hyux5m77gaqyu5k7jund86tca7dtdl9q02mnf37wgcfgp46u,172970000,
fcef8cc0949b0e3936388aae38b917f7a21302ba4e19c61070734eda7778c322,2024-11-26T16:24:37.241000,sent,kaspa:qzz6f6szndnp9hyux5m77gaqyu5k7jund86tca7dtdl9q02mnf37wgcfgp46u,172970000,
4a424ad6ce96abc6a44a8efec31578a6384d9ee33ebf5d8208d5528064684ae0,2023-12-12T20:51:14.495000,received,kaspa:qypswxtcrv4ssyjaswy5w9387vq73mkuyq85tl34cee6qn5uexqy0csgnafnjx7,171000000,
d634d3de6453748f2abf3eaed977fe436072d2d5b7568772f35e82d2b51af3e2,2023-11-29T11:31:59.010000,sent,kaspa:qype6m9ucum72t6snxfz5q92rrv54adzcvv9al0un7hscrzaprhckjcmt7kmmz0,18000000,
bdc20d3ef32b6ea3c90b41b861e519d53a47be9f09a220ca06cbbe366842efa0,2023-11-29T05:55:19.518000,received,kaspa:qz67xfw4crxzu7l8g4eg50z3m698pwqtzgqmfdhxnr2wdrtczm76jvwq533ry,20000000,
