tx_id,timestamp,direction,peer_address,amount_sompi,cex_label
f8ecb4b504cc6536cb3c27c3287229074d4e1fe77b6a5e6c056817115d69bdef,2024-07-13T00:29:42.858000,sent,kaspa:qzl3qvd0sxf2a3xc2jzf8hvvm4w4ma68m2hs0vl4pnllnwqxuvzece9xhnsk8,31730572434,
f8ecb4b504cc6536cb3c27c3287229074d4e1fe77b6a5e6c056817115d69bdef,2024-07-13T00:29:42.858000,sent,kaspa:qpmkdq43792nuq9vtqw32cwague2gm0r4577y5m0jjtp4z4gwkdjx9qefjkal,1603317700,
80ad7024f15c7f8ffdff2a11a15e6ee46b3ebcdd3feadc9cde2cc4a774c3f221,2024-03-29T02:01:27.981000,received,kaspa:qznmuw4qkwne7g33pjfsh047km649fyp9j3j0uypd0x8u4d8eaduxmnf92d97,3219716165,
80ad7024f15c7f8ffdff2a11a15e6ee46b3ebcdd3feadc9cde2cc4a774c3f221,2024-03-29T02:01:27.981000,received,kaspa:qpk0f4srtsfsx8xuh7thwczh8l6rk2fupaj63s33lc7egnl4sl42vuc605j2a,3219716165,
80ad7024f15c7f8ffdff2a11a15e6ee46b3ebcdd3feadc9cde2cc4a774c3f221,2024-03-29T02:01:27.981000,received,kaspa:qpc0k57f5kef3mwqncw8har5ngn8k4nazz5pkc3js80msdt5plqcyl0um7cn8,3219716165,
80ad7024f15c7f8ffdff2a11a15e6ee46b3ebcdd3feadc9cde2cc4a774c3f221,2024-03-29T02:01:27.981000,received,kaspa:qqxurmm26zs7zvcztnd4t9geudgg8phymhf3srqp8p37r8e2wd4yv7vrlp4xr,3219716165,
80ad7024f15c7f8ffdff2a11a15e6ee46b3ebcdd3feadc9cde2cc4a774c3f221,2024-03-29T02:01:27.981000,received,kaspa:qqk8c6mvj55ujjruwtm22gw5cfmgvzn9c8jvrp795ealfkr6nasw64rdmn0xe,3219716165,
80ad7024f15c7f8ffdff2a11a15e6ee46b3ebcdd3feadc9cde2cc4a774c3f221,2024-03-29T02:01:27.981000,received,kaspa:qrtql8eykm7u70nwltxtfde7gvlcqenled595wqa60wp3lx4zqgzy2d6sma6s,3219716165,
