tx_id,timestamp,direction,peer_address,amount_sompi,cex_label
7977340d3d38443564a5d82b0268e5541d3b22afc1b3552332b6113abb7275e0,2024-03-07T09:20:07.542000,sent,kaspa:qrxjrv2yrwezxefg6dzjxdt0jlpfuv7g8qprpeaurzega3dck5yhzkmnl0gl4,6340000000000,
7977340d3d38443564a5d82b0268e5541d3b22afc1b3552332b6113abb7275e0,2024-03-07T09:20:07.542000,sent,kaspa:qprzenwmmak5f6asucwrpndmzcule66e90q6nwfcuyc67s60n33x2shm8u7ml,11268911985969,
67bd2962b00c505bfd56618e497a322fe4624637a545babd8cfd6577a1fabe4e,2023-11-22T07:14:43.139000,received,kaspa:qrp660kqg348uss0j454jt637h2cg57ze5demqm0scpzq9w53sh8crm690hzm,12584311996780,
67bd2962b00c505bfd56618e497a322fe4624637a545babd8cfd6577a1fabe4e,2023-11-22T07:14:43.139000,received,kaspa:qpe73w2zf0sxjlkqjaygy46k0fwp8n9475h5k475zmhxts47nwv26wsju70ja,12584311996780,
