tx_id,timestamp,direction,peer_address,amount_sompi,cex_label
3c859661c48cfde954385813c419cebd10eb3676b261fa05c7fdfc148f87e91e,2023-12-16T05:45:58.041000,sent,kaspa:qqql6ng9zt4s46k9d6jeen6fyq498jj6mqampkfsmvrxhnwp6wek65qnjv7a0,170990000,
af585837ca86801f94859080bacc470542c08399353f47f9868dcbb253e985a4,2023-12-16T05:33:15.253000,received,kaspa:qyp8vk4us67xk78zu9yc3x4ptl9xff3vg820vvqzx7gec6nk62jl3pgfp3h7hy4,171000000,
9eda5a6979dd136a5d610a7a7f412f8fc45553344c59c178a0986e66673ae43e,2023-12-16T05:10:24.727000,sent,kaspa:qqql6ng9zt4s46k9d6jeen6fyq498jj6mqampkfsmvrxhnwp6wek65qnjv7a0,170990000,
7b52042b123098b691abcec9c7a4ac1cf9c99ceb3e19c5313eb3dce013fdfcdf,2023-12-16T05:05:42.399000,sent,kaspa:qqql6ng9zt4s46k9d6jeen6fyq498jj6mqampkfsmvrxhnwp6wek65qnjv7a0,512970000,
7b52042b123098b691abcec9c7a4ac1cf9c99ceb3e19c5313eb3dce013fdfcdf,2023-12-16T05:05:42.399000,sent,kaspa:qqql6ng9zt4s46k9d6jeen6fyq498jj6mqampkfsmvrxhnwp6wek65qnjv7a0,512970000,
7b52042b123098b691abcec9c7a4ac1cf9c99ceb3e19c5313eb3dce013fdfcdf,2023-12-16T05:05:42.399000,sent,kaspa:qqql6ng9zt4s46k9d6jeen6fyq498jj6mqampkfsmvrxhnwp6wek65qnjv7a0,512970000,
887bc33519c540faddd71c7580f0471d5c830e9927f3cc6aa084c1ad0564df6b,2023-12-16T05:05:31.944000,received,kaspa:qyp8vk4us67xk78zu9yc3x4ptl9xff3vg820vvqzx7gec6nk62jl3pgfp3h7hy4,171000000,
453cb784f06418c968a5ad2c8cda5d7be4213469534a6083cd609b633bad11f9,2023-12-16T04:58:53.218000,received,kaspa:qyp8vk4us67xk78zu9yc3x4ptl9xff3vg820vvqzx7gec6nk62jl3pgfp3h7hy4,171000000,
6dec633419b9e9087ac57e07bafe7faabfa0edd8048f628d51a9955df51d01cd,2023-12-16T03:47:07.109000,received,kaspa:qyp8vk4us67xk78zu9yc3x4ptl9xff3vg820vvqzx7gec6nk62jl3pgfp3h7hy4,171000000,
968682d7f43898c3f33512c466ff4d1bcbf1bf2b401d91e6075aeb205dbdbd53,2023-12-16T03:10:42.771000,received,kaspa:qyp8vk4us67xk78zu9yc3x4ptl9xff3vg820vvqzx7gec6nk62jl3pgfp3h7hy4,171000000,
aa5a9e25042625ed7a24f6cb3499cdf2cb02782c7debd2d0c6a6d31c1efa06b7,2023-12-16T01:19:53.067000,sent,kaspa:qrtthu48p0xm24d2pdhee2zmuyphrljfz33da5gdpgk5v7xarcar5el4vg690,1880890000,
aa5a9e25042625ed7a24f6cb3499cdf2cb02782c7debd2d0c6a6d31c1efa06b7,2023-12-16T01:19:53.067000,sent,kaspa:qrtthu48p0xm24d2pdhee2zmuyphrljfz33da5gdpgk5v7xarcar5el4vg690,1880890000,
aa5a9e25042625ed7a24f6cb3499cdf2cb02782c7debd2d0c6a6d31c1efa06b7,2023-12-16T01:19:53.067000,sent,kaspa:qrtthu48p0xm24d2pdhee2zmuyphrljfz33da5gdpgk5v7xarcar5el4vg690,1880890000,
aa5a9e25042625ed7a24f6cb3499cdf2cb02782c7debd2d0c6a6d31c1efa06b7,2023-12-16T01:19:53.067000,sent,kaspa:qrtthu48p0xm24d2pdhee2zmuyphrljfz33da5gdpgk5v7xarcar5el4vg690,1880890000,
aa5a9e25042625ed7a24f6cb3499cdf2cb02782c7debd2d0c6a6d31c1efa06b7,2023-12-16T01:19:53.067000,sent,kaspa:qrtthu48p0xm24d2pdhee2zmuyphrljfz33da5gdpgk5v7xarcar5el4vg690,1880890000,
aa5a9e25042625ed7a24f6cb3499cdf2cb02782c7debd2d0c6a6d31c1efa06b7,2023-12-16T01:19:53.067000,sent,kaspa:qrtthu48p0xm24d2pdhee2zmuyphrljfz33da5gdpgk5v7xarcar5el4vg690,1880890000,
aa5a9e25042625ed7a24f6cb3499cdf2cb02782c7debd2d0c6a6d31c1efa06b7,2023-12-16T01:19:53.067000,sent,kaspa:qrtthu48p0xm24d2pdhee2zmuyphrljfz33da5gdpgk5v7xarcar5el4vg690,1880890000,
aa5a9e25042625ed7a24f6cb3499cdf2cb02782c7debd2d0c6a6d31c1efa06b7,2023-12-16T01:19:53.067000,sent,kaspa:qrtthu48p0xm24d2pdhee2zmuyphrljfz33da5gdpgk5v7xarcar5el4vg690,1880890000,
aa5a9e25042625ed7a24f6cb3499cdf2cb02782c7debd2d0c6a6d31c1efa06b7,2023-12-16T01:19:53.067000,sent,kaspa:qrtthu48p0xm24d2pdhee2zmuyphrljfz33da5gdpgk5v7xarcar5el4vg690,1880890000,
aa5a9e25042625ed7a24f6cb3499cdf2cb02782c7debd2d0c6a6d31c1efa06b7,2023-12-16T01:19:53.067000,sent,kaspa:qrtthu48p0xm24d2pdhee2zmuyphrljfz33da5gdpgk5v7xarcar5el4vg690,1880890000,
aa5a9e25042625ed7a24f6cb3499cdf2cb02782c7debd2d0c6a6d31c1efa06b7,2023-12-16T01:19:53.067000,sent,kaspa:qrtthu48p0xm24d2pdhee2zmuyphrljfz33da5gdpgk5v7xarcar5el4vg690,1880890000,
a428008a508952e9f0e7f6318532f76dbf0f55f8501d9750f1457503517c5960,2023-12-15T23:17:24.071000,received,kaspa:qyp8vk4us67xk78zu9yc3x4ptl9xff3vg820vvqzx7gec6nk62jl3pgfp3h7hy4,171000000,
f176e69ed4636f78de608be9d01180e2459c06f1b6326d45568386d5b328bf96,2023-12-15T23:11:05.017000,received,kaspa:qyp8vk4us67xk78zu9yc3x4ptl9xff3vg820vvqzx7gec6nk62jl3pgfp3h7hy4,171000000,
3b2f6cb66f26d822748d30ec6db87c80eb1d59ac62dbf3e9b0661fb69344dbb0,2023-12-15T23:01:44.394000,received,kaspa:qyp8vk4us67xk78zu9yc3x4ptl9xff3vg820vvqzx7gec6nk62jl3pgfp3h7hy4,171000000,
ae1488db286beb812eb7532bc9b00ff09b59f59082ab1a80424de9641e2f3868,2023-12-15T22:28:56.166000,received,kaspa:qyp8vk4us67xk78zu9yc3x4ptl9xff3vg820vvqzx7gec6nk62jl3pgfp3h7hy4,171000000,
82696e8d6f591442dcee99ef2cc26d5d90aae6e264df428a7c1fb5780e85f749,2023-12-15T21:49:35.835000,received,kaspa:qyp8vk4us67xk78zu9yc3x4ptl9xff3vg820vvqzx7gec6nk62jl3pgfp3h7hy4,171000000,
7ee8c644d34e3c676fe6b8c6af3c4d3cbafa9925aabf90f282f333a0839c359b,2023-12-15T17:38:17.257000,received,kaspa:qyp8vk4us67xk78zu9yc3x4ptl9xff3vg820vvqzx7gec6nk62jl3pgfp3h7hy4,171000000,
318f82721908e346d2e563a9604e8094e30f38075a59cf018918792a605077e5,2023-12-15T15:55:54.488000,received,kaspa:qyp8vk4us67xk78zu9yc3x4ptl9xff3vg820vvqzx7gec6nk62jl3pgfp3h7hy4,171000000,
7386defb2ccb3eb234af64d55e26eb36097cb4087580b07363e3c26f9aecf2e4,2023-12-15T15:27:59.658000,received,kaspa:qyp8vk4us67xk78zu9yc3x4ptl9xff3vg820vvqzx7gec6nk62jl3pgfp3h7hy4,171000000,
fb68f65240cacb53a4679db3a10c3b5a69c08f0b283466f497ac39d1a1cb7f50,2023-12-15T13:21:07.385000,received,kaspa:qyp8vk4us67xk78zu9yc3x4ptl9xff3vg820vvqzx7gec6nk62jl3pgfp3h7hy4,171000000,
070d96fb1e92eff7d36d081dafe8ef9bb24a5fb200542c68d6974b06fef07976,2023-12-15T13:19:30.577000,received,kaspa:qyp8vk4us67xk78zu9yc3x4ptl9xff3vg820vvqzx7gec6nk62jl3pgfp3h7hy4,171000000,
464b2af9e039575aa3de303a0e7c77e0a8c3e249599a08eb529f49928720fc1c,2023-12-15T12:44:04.321000,received,kaspa:qyp8vk4us67xk78zu9yc3x4ptl9xff3vg820vvqzx7gec6nk62jl3pgfp3h7hy4,171000000,
fed3ccd3d709a2f28defb7fb02639bf629b7bb0f449fc2492bb36993e2192de2,2023-12-15T09:54:41.965000,sent,kaspa:qrtthu48p0xm24d2pdhee2zmuyphrljfz33da5gdpgk5v7xarcar5el4vg690,1196930000,
fed3ccd3d709a2f28defb7fb02639bf629b7bb0f449fc2492bb36993e2192de2,2023-12-15T09:54:41.965000,sent,kaspa:qrtthu48p0xm24d2pdhee2zmuyphrljfz33da5gdpgk5v7xarcar5el4vg690,1196930000,
fed3ccd3d709a2f28defb7fb02639bf629b7bb0f449fc2492bb36993e2192de2,2023-12-15T09:54:41.965000,sent,kaspa:qrtthu48p0xm24d2pdhee2zmuyphrljfz33da5gdpgk5v7xarcar5el4vg690,1196930000,
fed3ccd3d709a2f28defb7fb02639bf629b7bb0f449fc2492bb36993e2192de2,2023-12-15T09:54:41.965000,sent,kaspa:qrtthu48p0xm24d2pdhee2zmuyphrljfz33da5gdpgk5v7xarcar5el4vg690,1196930000,
fed3ccd3d709a2f28defb7fb02639bf629b7bb0f449fc2492bb36993e2192de2,2023-12-15T09:54:41.965000,sent,kaspa:qrtthu48p0xm24d2pdhee2zmuyphrljfz33da5gdpgk5v7xarcar5el4vg690,1196930000,
fed3ccd3d709a2f28defb7fb02639bf629b7bb0f449fc2492bb36993e2192de2,2023-12-15T09:54:41.965000,sent,kaspa:qrtthu48p0xm24d2pdhee2zmuyphrljfz33da5gdpgk5v7xarcar5el4vg690,1196930000,
fed3ccd3d709a2f28defb7fb02639bf629b7bb0f449fc2492bb36993e2192de2,2023-12-15T09:54:41.965000,sent,kaspa:qrtthu48p0xm24d2pdhee2zmuyphrljfz33da5gdpgk5v7xarcar5el4vg690,1196930000,
6cc5b193dc038d707e01cdedce16d4220a7eb961c85cd16f67242502bc6b2b19,2023-12-15T09:24:20.156000,received,kaspa:qyp8vk4us67xk78zu9yc3x4ptl9xff3vg820vvqzx7gec6nk62jl3pgfp3h7hy4,171000000,
c1858a083e77df644e204390d7092708df25b505743866a8978da50bd9513ae0,2023-12-15T05:43:29.219000,received,kaspa:qyp8vk4us67xk78zu9yc3x4ptl9xff3vg820vvqzx7gec6nk62jl3pgfp3h7hy4,171000000,
d2f6f102aa88cdcf0080ab932eb69599fffe0664dd93bd51be5170adf38f1db6,2023-12-15T05:05:52.462000,received,kaspa:qyp8vk4us67xk78zu9yc3x4ptl9xff3vg820vvqzx7gec6nk62jl3pgfp3h7hy4,171000000,
7db4a61cdc09a3a05601232aee7fdda9a0edc841557839d73ea072bd0f7d7c39,2023-12-15T04:44:26.610000,received,kaspa:qyp8vk4us67xk78zu9yc3x4ptl9xff3vg820vvqzx7gec6nk62jl3pgfp3h7hy4,171000000,
f998a745c6f37b69ab2d46d3817d5e8bfeecb3a440947b0c7ba08a3e92279e39,2023-12-15T03:37:34.293000,received,kaspa:qyp8vk4us67xk78zu9yc3x4ptl9xff3vg820vvqzx7gec6nk62jl3pgfp3h7hy4,171000000,
8f99f6e1ee3e5243f30d1dc3e3ba24344bc5563ce4fc9741c0f8756f700cb859,2023-12-15T02:57:42.818000,received,kaspa:qyp8vk4us67xk78zu9yc3x4ptl9xff3vg820vvqzx7gec6nk62jl3pgfp3h7hy4,171000000,
91d42a56a849dd46aee7253545de9885fde9ab2fee44fe7b08b5cacde2fd9a93,2023-12-15T02:31:37.030000,received,kaspa:qyp8vk4us67xk78zu9yc3x4ptl9xff3vg820vvqzx7gec6nk62jl3pgfp3h7hy4,171000000,
5a5ca6e745074a25665927ccd446ceea4118b5b49f5755472154b820e4579040,2023-12-15T00:50:53.735000,sent,kaspa:qrtthu48p0xm24d2pdhee2zmuyphrljfz33da5gdpgk5v7xarcar5el4vg690,1709900000,
5a5ca6e745074a25665927ccd446ceea4118b5b49f5755472154b820e4579040,2023-12-15T00:50:53.735000,sent,kaspa:qrtthu48p0xm24d2pdhee2zmuyphrljfz33da5gdpgk5v7xarcar5el4vg690,1709900000,
5a5ca6e745074a25665927ccd446ceea4118b5b49f5755472154b820e4579040,2023-12-15T00:50:53.735000,sent,kaspa:qrtthu48p0xm24d2pdhee2zmuyphrljfz33da5gdpgk5v7xarcar5el4vg690,1709900000,
5a5ca6e745074a25665927ccd446ceea4118b5b49f5755472154b820e4579040,2023-12-15T00:50:53.735000,sent,kaspa:qrtthu48p0xm24d2pdhee2zmuyphrljfz33da5gdpgk5v7xarcar5el4vg690,1709900000,
5a5ca6e745074a25665927ccd446ceea4118b5b49f5755472154b820e4579040,2023-12-15T00:50:53.735000,sent,kaspa:qrtthu48p0xm24d2pdhee2zmuyphrljfz33da5gdpgk5v7xarcar5el4vg690,1709900000,
5a5ca6e745074a25665927ccd446ceea4118b5b49f5755472154b820e4579040,2023-12-15T00:50:53.735000,sent,kaspa:qrtthu48p0xm24d2pdhee2zmuyphrljfz33da5gdpgk5v7xarcar5el4vg690,1709900000,
5a5ca6e745074a25665927ccd446ceea4118b5b49f5755472154b820e4579040,2023-12-15T00:50:53.735000,sent,kaspa:qrtthu48p0xm24d2pdhee2zmuyphrljfz33da5gdpgk5v7xarcar5el4vg690,1709900000,
5a5ca6e745074a25665927ccd446ceea4118b5b49f5755472154b820e4579040,2023-12-15T00:50:53.735000,sent,kaspa:qrtthu48p0xm24d2pdhee2zmuyphrljfz33da5gdpgk5v7xarcar5el4vg690,1709900000,
5a5ca6e745074a25665927ccd446ceea4118b5b49f5755472154b820e4579040,2023-12-15T00:50:53.735000,sent,kaspa:qrtthu48p0xm24d2pdhee2zmuyphrljfz33da5gdpgk5v7xarcar5el4vg690,1709900000,
5a5ca6e745074a25665927ccd446ceea4118b5b49f5755472154b820e4579040,2023-12-15T00:50:53.735000,sent,kaspa:qrtthu48p0xm24d2pdhee2zmuyphrljfz33da5gdpgk5v7xarcar5el4vg690,1709900000,
256531d4b6a483cd488949fccc5ff5298df071092bad3a3beef08f3c425f7b95,2023-12-15T00:32:23.240000,received,kaspa:qyp8vk4us67xk78zu9yc3x4ptl9xff3vg820vvqzx7gec6nk62jl3pgfp3h7hy4,171000000,
520cf9456240e20ea9fd5c77d63fb9ed049d3fc976e2a56728f6c3745afbc06b,2023-12-14T23:14:50.662000,received,kaspa:qyp8vk4us67xk78zu9yc3x4ptl9xff3vg820vvqzx7gec6nk62jl3pgfp3h7hy4,171000000,
c4c5b487ea8f5774aa077f4778805f98e1edbde4e283bfd0870439a7830a3200,2023-12-14T21:38:37.879000,received,kaspa:qyp8vk4us67xk78zu9yc3x4ptl9xff3vg820vvqzx7gec6nk62jl3pgfp3h7hy4,171000000,
b8ceefd27bbee9bb1b25ede543c211ec835c018af00f367f06f482cfc144d63f,2023-12-14T20:35:36.285000,received,kaspa:qyp8vk4us67xk78zu9yc3x4ptl9xff3vg820vvqzx7gec6nk62jl3pgfp3h7hy4,171000000,
d0fbfde9335cbb4f238c08845e8b27a3469236eaf2d7205a42dfd0abf97fc592,2023-12-14T20:34:05.652000,received,kaspa:qyp8vk4us67xk78zu9yc3x4ptl9xff3vg820vvqzx7gec6nk62jl3pgfp3h7hy4,171000000,
10508afd03f1ab12c669e38e989eed23528e2a97ff858a393da3940674950e6d,2023-12-14T20:29:04.303000,received,kaspa:qyp8vk4us67xk78zu9yc3x4ptl9xff3vg820vvqzx7gec6nk62jl3pgfp3h7hy4,171000000,
d0632644c0d6d3c55c5c8c5aeb24506c6cafe8a603860281c2dc69f042be8698,2023-12-14T19:34:44.974000,received,kaspa:qyp8vk4us67xk78zu9yc3x4ptl9xff3vg820vvqzx7gec6nk62jl3pgfp3h7hy4,171000000,
ab88a8d29369813e015f0771a99aea966ac63e29668d0654e2267f0801f08b81,2023-12-14T16:33:46.132000,received,kaspa:qyp8vk4us67xk78zu9yc3x4ptl9xff3vg820vvqzx7gec6nk62jl3pgfp3h7hy4,171000000,
a434b915160eb3507f6e3d37ece91bb6e8459be6f658a852501b41698c04d35d,2023-12-14T16:27:49.338000,received,kaspa:qyp8vk4us67xk78zu9yc3x4ptl9xff3vg820vvqzx7gec6nk62jl3pgfp3h7hy4,171000000,
af4cd1ff295745a8ff79c0cc7085edc3444c7f5d8d9cc164befdd0300ea49f90,2023-12-14T15:28:00.725000,received,kaspa:qyp8vk4us67xk78zu9yc3x4ptl9xff3vg820vvqzx7gec6nk62jl3pgfp3h7hy4,171000000,
9c5a957bc4307e360d5dc58723dcf2eb722bd358751f8e154462402f6586a8a5,2023-12-14T14:53:43.565000,sent,kaspa:qrtthu48p0xm24d2pdhee2zmuyphrljfz33da5gdpgk5v7xarcar5el4vg690,512970000,
9c5a957bc4307e360d5dc58723dcf2eb722bd358751f8e154462402f6586a8a5,2023-12-14T14:53:43.565000,sent,kaspa:qrtthu48p0xm24d2pdhee2zmuyphrljfz33da5gdpgk5v7xarcar5el4vg690,512970000,
9c5a957bc4307e360d5dc58723dcf2eb722bd358751f8e154462402f6586a8a5,2023-12-14T14:53:43.565000,sent,kaspa:qrtthu48p0xm24d2pdhee2zmuyphrljfz33da5gdpgk5v7xarcar5el4vg690,512970000,
3d22a4b5d8b6918c254f25955ecaff742318d3ebf4f553f63731e3954fa7be13,2023-12-14T13:34:24.967000,received,kaspa:qyp8vk4us67xk78zu9yc3x4ptl9xff3vg820vvqzx7gec6nk62jl3pgfp3h7hy4,171000000,
85aacd30d6ee47441e70546353e4bdf40420a6c6c0c918a7da0df215c3cfc3f5,2023-12-14T12:06:59.144000,received,kaspa:qyp8vk4us67xk78zu9yc3x4ptl9xff3vg820vvqzx7gec6nk62jl3pgfp3h7hy4,171000000,
7d21e57c3fb89f9369e2b147c55218b39dcb2d451138778041e0dfbf7f4645e1,2023-12-14T11:33:47.930000,received,kaspa:qyp8vk4us67xk78zu9yc3x4ptl9xff3vg820vvqzx7gec6nk62jl3pgfp3h7hy4,171000000,
42ed7a266b7027daeb68a8038baa0d68fd93254d6e16da2e7c03a8c4fcfb979a,2023-12-14T08:17:07.679000,sent,kaspa:qrtthu48p0xm24d2pdhee2zmuyphrljfz33da5gdpgk5v7xarcar5el4vg690,1025940000,
42ed7a266b7027daeb68a8038baa0d68fd93254d6e16da2e7c03a8c4fcfb979a,2023-12-14T08:17:07.679000,sent,kaspa:qrtthu48p0xm24d2pdhee2zmuyphrljfz33da5gdpgk5v7xarcar5el4vg690,1025940000,
42ed7a266b7027daeb68a8038baa0d68fd93254d6e16da2e7c03a8c4fcfb979a,2023-12-14T08:17:07.679000,sent,kaspa:qrtthu48p0xm24d2pdhee2zmuyphrljfz33da5gdpgk5v7xarcar5el4vg690,1025940000,
42ed7a266b7027daeb68a8038baa0d68fd93254d6e16da2e7c03a8c4fcfb979a,2023-12-14T08:17:07.679000,sent,kaspa:qrtthu48p0xm24d2pdhee2zmuyphrljfz33da5gdpgk5v7xarcar5el4vg690,1025940000,
42ed7a266b7027daeb68a8038baa0d68fd93254d6e16da2e7c03a8c4fcfb979a,2023-12-14T08:17:07.679000,sent,kaspa:qrtthu48p0xm24d2pdhee2zmuyphrljfz33da5gdpgk5v7xarcar5el4vg690,1025940000,
42ed7a266b7027daeb68a8038baa0d68fd93254d6e16da2e7c03a8c4fcfb979a,2023-12-14T08:17:07.679000,sent,kaspa:qrtthu48p0xm24d2pdhee2zmuyphrljfz33da5gdpgk5v7xarcar5el4vg690,1025940000,
e6ac2d2c47b3422b8a1889212343029996c1582687ac126a7dc685ff2d90b2f0,2023-12-14T08:02:16.443000,received,kaspa:qyp8vk4us67xk78zu9yc3x4ptl9xff3vg820vvqzx7gec6nk62jl3pgfp3h7hy4,171000000,
c8d7535820a585040e1a79144334b378e53ea583686972a7bb7c7c06401ef353,2023-12-14T07:11:23.780000,received,kaspa:qyp8vk4us67xk78zu9yc3x4ptl9xff3vg820vvqzx7gec6nk62jl3pgfp3h7hy4,171000000,
17f8f1873268b166a2b4beb90253c7b1c6acc7c569ef59e9745c8096ec19dc5a,2023-12-14T07:09:53.151000,received,kaspa:qyp8vk4us67xk78zu9yc3x4ptl9xff3vg820vvqzx7gec6nk62jl3pgfp3h7hy4,171000000,
e23e967bad9ba3ece89445319629761f77545764561d8ca5a2fe37c37b7ba977,2023-12-14T07:03:34.982000,received,kaspa:qyp8vk4us67xk78zu9yc3x4ptl9xff3vg820vvqzx7gec6nk62jl3pgfp3h7hy4,171000000,
ae9c62b5d5d335de83979292ee9d4e802cc2233329c6455a7076e53db99dcc5a,2023-12-14T04:52:22.362000,received,kaspa:qyp8vk4us67xk78zu9yc3x4ptl9xff3vg820vvqzx7gec6nk62jl3pgfp3h7hy4,171000000,
1d07433a6f2e532fd33de28b483b421ddca4e5590ce79bb0a161549d0d3c017c,2023-12-14T04:09:48.919000,received,kaspa:qyp8vk4us67xk78zu9yc3x4ptl9xff3vg820vvqzx7gec6nk62jl3pgfp3h7hy4,171000000,
229ecee462d4034e4fc0f2f68b6a79999750b73e439091b7f367788ef7532ccb,2023-12-14T03:48:58.371000,sent,kaspa:qrtthu48p0xm24d2pdhee2zmuyphrljfz33da5gdpgk5v7xarcar5el4vg690,683960000,
229ecee462d4034e4fc0f2f68b6a79999750b73e439091b7f367788ef7532ccb,2023-12-14T03:48:58.371000,sent,kaspa:qrtthu48p0xm24d2pdhee2zmuyphrljfz33da5gdpgk5v7xarcar5el4vg690,683960000,
229ecee462d4034e4fc0f2f68b6a79999750b73e439091b7f367788ef7532ccb,2023-12-14T03:48:58.371000,sent,kaspa:qrtthu48p0xm24d2pdhee2zmuyphrljfz33da5gdpgk5v7xarcar5el4vg690,683960000,
229ecee462d4034e4fc0f2f68b6a79999750b73e439091b7f367788ef7532ccb,2023-12-14T03:48:58.371000,sent,kaspa:qrtthu48p0xm24d2pdhee2zmuyphrljfz33da5gdpgk5v7xarcar5el4vg690,683960000,
3d7c7bd7207e10a10dc56cd61519f2ad8eccc60f156a501671ae27bfc5cca6ff,2023-12-14T02:59:13.968000,received,kaspa:qyp8vk4us67xk78zu9yc3x4ptl9xff3vg820vvqzx7gec6nk62jl3pgfp3h7hy4,171000000,
a5517e5e5bb36cfa0af8dddf68133f40fcff647729ddcd0fcf381ab327eb3707,2023-12-14T02:51:13.746000,received,kaspa:qyp8vk4us67xk78zu9yc3x4ptl9xff3vg820vvqzx7gec6nk62jl3pgfp3h7hy4,171000000,
fd23dd60161977f1c241100c6db6acbc0cf8a8f79493fa8f635e7f5d7172fea4,2023-12-14T02:02:47.787000,received,kaspa:qyp8vk4us67xk78zu9yc3x4ptl9xff3vg820vvqzx7gec6nk62jl3pgfp3h7hy4,171000000,
75b72da181157ed4565feb2339b0dfa1fc94340cc4b05dfa4e23baec8c1e1199,2023-12-14T01:26:02.329000,received,kaspa:qyp8vk4us67xk78zu9yc3x4ptl9xff3vg820vvqzx7gec6nk62jl3pgfp3h7hy4,171000000,
62d5dd848c6ae141943afbeaa5584acf16477c836ba934cb5a8bbcc0bb66a375,2023-12-13T22:48:21.256000,sent,kaspa:qrtthu48p0xm24d2pdhee2zmuyphrljfz33da5gdpgk5v7xarcar5el4vg690,1880890000,
62d5dd848c6ae141943afbeaa5584acf16477c836ba934cb5a8bbcc0bb66a375,2023-12-13T22:48:21.256000,sent,kaspa:qrtthu48p0xm24d2pdhee2zmuyphrljfz33da5gdpgk5v7xarcar5el4vg690,1880890000,
62d5dd848c6ae141943afbeaa5584acf16477c836ba934cb5a8bbcc0bb66a375,2023-12-13T22:48:21.256000,sent,kaspa:qrtthu48p0xm24d2pdhee2zmuyphrljfz33da5gdpgk5v7xarcar5el4vg690,1880890000,
62d5dd848c6ae141943afbeaa5584acf16477c836ba934cb5a8bbcc0bb66a375,2023-12-13T22:48:21.256000,sent,kaspa:qrtthu48p0xm24d2pdhee2zmuyphrljfz33da5gdpgk5v7xarcar5el4vg690,1880890000,
62d5dd848c6ae141943afbeaa5584acf16477c836ba934cb5a8bbcc0bb66a375,2023-12-13T22:48:21.256000,sent,kaspa:qrtthu48p0xm24d2pdhee2zmuyphrljfz33da5gdpgk5v7xarcar5el4vg690,1880890000,
62d5dd848c6ae141943afbeaa5584acf16477c836ba934cb5a8bbcc0bb66a375,2023-12-13T22:48:21.256000,sent,kaspa:qrtthu48p0xm24d2pdhee2zmuyphrljfz33da5gdpgk5v7xarcar5el4vg690,1880890000,
62d5dd848c6ae141943afbeaa5584acf16477c836ba934cb5a8bbcc0bb66a375,2023-12-13T22:48:21.256000,sent,kaspa:qrtthu48p0xm24d2pdhee2zmuyphrljfz33da5gdpgk5v7xarcar5el4vg690,1880890000,
62d5dd848c6ae141943afbeaa5584acf16477c836ba934cb5a8bbcc0bb66a375,2023-12-13T22:48:21.256000,sent,kaspa:qrtthu48p0xm24d2pdhee2zmuyphrljfz33da5gdpgk5v7xarcar5el4vg690,1880890000,
62d5dd848c6ae141943afbeaa5584acf16477c836ba934cb5a8bbcc0bb66a375,2023-12-13T22:48:21.256000,sent,kaspa:qrtthu48p0xm24d2pdhee2zmuyphrljfz33da5gdpgk5v7xarcar5el4vg690,1880890000,
62d5dd848c6ae141943afbeaa5584acf16477c836ba934cb5a8bbcc0bb66a375,2023-12-13T22:48:21.256000,sent,kaspa:qrtthu48p0xm24d2pdhee2zmuyphrljfz33da5gdpgk5v7xarcar5el4vg690,1880890000,
62d5dd848c6ae141943afbeaa5584acf16477c836ba934cb5a8bbcc0bb66a375,2023-12-13T22:48:21.256000,sent,kaspa:qrtthu48p0xm24d2pdhee2zmuyphrljfz33da5gdpgk5v7xarcar5el4vg690,1880890000,
a3b919e8a3ac99f7c33707fa43365f3abff719270ecf024c6d638640d90a7131,2023-12-13T22:22:57.628000,received,kaspa:qyp8vk4us67xk78zu9yc3x4ptl9xff3vg820vvqzx7gec6nk62jl3pgfp3h7hy4,171000000,
2bb777392e9f4238ada704dfeba63bfa744f72568f4dcfb2af1bb94048905e07,2023-12-13T22:12:51.340000,received,kaspa:qyp8vk4us67xk78zu9yc3x4ptl9xff3vg820vvqzx7gec6nk62jl3pgfp3h7hy4,171000000,
202ddd40518503eafd07133fc34590d71f5d6b5739285458bfe38a86340d6ead,2023-12-13T20:17:50.807000,received,kaspa:qyp8vk4us67xk78zu9yc3x4ptl9xff3vg820vvqzx7gec6nk62jl3pgfp3h7hy4,171000000,
9f7bacfe803ab20267e170026736e2602f547b7b01f3c673ed4ae022113d694a,2023-12-13T19:59:11.991000,received,kaspa:qyp8vk4us67xk78zu9yc3x4ptl9xff3vg820vvqzx7gec6nk62jl3pgfp3h7hy4,171000000,
d226d8a99988e684a3f3fe7cea628d127a2794cec2fb8e5db014f7b0075c6e64,2023-12-13T19:48:45.667000,received,kaspa:qyp8vk4us67xk78zu9yc3x4ptl9xff3vg820vvqzx7gec6nk62jl3pgfp3h7hy4,171000000,
c5ba59898e9001fcc0bfb5a00977233d751386de84b3bddaa4c4d17efaca396c,2023-12-13T19:00:46.575000,received,kaspa:qyp8vk4us67xk78zu9yc3x4ptl9xff3vg820vvqzx7gec6nk62jl3pgfp3h7hy4,171000000,
1f40f86b7054518323116cbd138d2cd19d3b010a0ecf6e03b07ec2603016982e,2023-12-13T17:46:58.358000,received,kaspa:qyp8vk4us67xk78zu9yc3x4ptl9xff3vg820vvqzx7gec6nk62jl3pgfp3h7hy4,171000000,
a5843adfe4fdf76495d57d2fb445dda78bdc8e3490aeb2ef6ac5b62cbfe811be,2023-12-13T17:39:29.024000,received,kaspa:qyp8vk4us67xk78zu9yc3x4ptl9xff3vg820vvqzx7gec6nk62jl3pgfp3h7hy4,171000000,
f43946e99a95274a6fc54b20cfafa866ccc009953cc3abe27ec2355587390bd5,2023-12-13T17:29:25.480000,received,kaspa:qyp8vk4us67xk78zu9yc3x4ptl9xff3vg820vvqzx7gec6nk62jl3pgfp3h7hy4,171000000,
9c7f19aa1c470480e6872000e3e76759a4260e99c4295d2dfc576f60485f9ae8,2023-12-13T16:58:39.396000,received,kaspa:qyp8vk4us67xk78zu9yc3x4ptl9xff3vg820vvqzx7gec6nk62jl3pgfp3h7hy4,171000000,
f7fbcad2ed6a1b5beba785ebcc5b6f9309013f9afb9e984b87d767e1bcefb58b,2023-12-13T16:30:40.727000,received,kaspa:qyp8vk4us67xk78zu9yc3x4ptl9xff3vg820vvqzx7gec6nk62jl3pgfp3h7hy4,171000000,
c89db3df49fe279646a3b1cdc0037e43b482515623b4a87e88e4277472f06bd5,2023-12-13T14:57:56.122000,sent,kaspa:qrtthu48p0xm24d2pdhee2zmuyphrljfz33da5gdpgk5v7xarcar5el4vg690,2222870000,
c89db3df49fe279646a3b1cdc0037e43b482515623b4a87e88e4277472f06bd5,2023-12-13T14:57:56.122000,sent,kaspa:qrtthu48p0xm24d2pdhee2zmuyphrljfz33da5gdpgk5v7xarcar5el4vg690,2222870000,
c89db3df49fe279646a3b1cdc0037e43b482515623b4a87e88e4277472f06bd5,2023-12-13T14:57:56.122000,sent,kaspa:qrtthu48p0xm24d2pdhee2zmuyphrljfz33da5gdpgk5v7xarcar5el4vg690,2222870000,
c89db3df49fe279646a3b1cdc0037e43b482515623b4a87e88e4277472f06bd5,2023-12-13T14:57:56.122000,sent,kaspa:qrtthu48p0xm24d2pdhee2zmuyphrljfz33da5gdpgk5v7xarcar5el4vg690,2222870000,
c89db3df49fe279646a3b1cdc0037e43b482515623b4a87e88e4277472f06bd5,2023-12-13T14:57:56.122000,sent,kaspa:qrtthu48p0xm24d2pdhee2zmuyphrljfz33da5gdpgk5v7xarcar5el4vg690,2222870000,
c89db3df49fe279646a3b1cdc0037e43b482515623b4a87e88e4277472f06bd5,2023-12-13T14:57:56.122000,sent,kaspa:qrtthu48p0xm24d2pdhee2zmuyphrljfz33da5gdpgk5v7xarcar5el4vg690,2222870000,
c89db3df49fe279646a3b1cdc0037e43b482515623b4a87e88e4277472f06bd5,2023-12-13T14:57:56.122000,sent,kaspa:qrtthu48p0xm24d2pdhee2zmuyphrljfz33da5gdpgk5v7xarcar5el4vg690,2222870000,
c89db3df49fe279646a3b1cdc0037e43b482515623b4a87e88e4277472f06bd5,2023-12-13T14:57:56.122000,sent,kaspa:qrtthu48p0xm24d2pdhee2zmuyphrljfz33da5gdpgk5v7xarcar5el4vg690,2222870000,
c89db3df49fe279646a3b1cdc0037e43b482515623b4a87e88e4277472f06bd5,2023-12-13T14:57:56.122000,sent,kaspa:qrtthu48p0xm24d2pdhee2zmuyphrljfz33da5gdpgk5v7xarcar5el4vg690,2222870000,
c89db3df49fe279646a3b1cdc0037e43b482515623b4a87e88e4277472f06bd5,2023-12-13T14:57:56.122000,sent,kaspa:qrtthu48p0xm24d2pdhee2zmuyphrljfz33da5gdpgk5v7xarcar5el4vg690,2222870000,
c89db3df49fe279646a3b1cdc0037e43b482515623b4a87e88e4277472f06bd5,2023-12-13T14:57:56.122000,sent,kaspa:qrtthu48p0xm24d2pdhee2zmuyphrljfz33da5gdpgk5v7xarcar5el4vg690,2222870000,
c89db3df49fe279646a3b1cdc0037e43b482515623b4a87e88e4277472f06bd5,2023-12-13T14:57:56.122000,sent,kaspa:qrtthu48p0xm24d2pdhee2zmuyphrljfz33da5gdpgk5v7xarcar5el4vg690,2222870000,
c89db3df49fe279646a3b1cdc0037e43b482515623b4a87e88e4277472f06bd5,2023-12-13T14:57:56.122000,sent,kaspa:qrtthu48p0xm24d2pdhee2zmuyphrljfz33da5gdpgk5v7xarcar5el4vg690,2222870000,
7b6c7309e337cfee29fd5cef9fc217590d5bf4898e44f55316995af410f61da7,2023-12-13T14:15:35.313000,received,kaspa:qyp8vk4us67xk78zu9yc3x4ptl9xff3vg820vvqzx7gec6nk62jl3pgfp3h7hy4,171000000,
442d118d4c1f152a38f43dcb144b65e92e0c130956df0a4c291fbd993fbd2ee2,2023-12-13T13:04:05.828000,received,kaspa:qyp8vk4us67xk78zu9yc3x4ptl9xff3vg820vvqzx7gec6nk62jl3pgfp3h7hy4,171000000,
150e7686e67b1874170657837eb4b673fe96c61f3cea5b2835434e802c5bf6e1,2023-12-13T12:56:41.979000,received,kaspa:qyp8vk4us67xk78zu9yc3x4ptl9xff3vg820vvqzx7gec6nk62jl3pgfp3h7hy4,171000000,
a9c40c7b76d1b6b8003a59a5c0d552310bfc6f7b73a0ad9c68cd3b0591f2dd00,2023-12-13T11:58:52.471000,received,kaspa:qyp8vk4us67xk78zu9yc3x4ptl9xff3vg820vvqzx7gec6nk62jl3pgfp3h7hy4,171000000,
16dd28e2b0a602bf793e864a7b71b7de23a85b69c54df9073a89756a737fc735,2023-12-13T10:40:34.437000,received,kaspa:qypkgqkmfhc6flcfwlh05dep6cgx686vnuszmee3sm262t808k2eazcjmalx6k8,171000000,
4b7129d6c13f306897b01f3dcdd496c1b89c01348f3e35620b8863aa234f8368,2023-12-13T10:25:32.044000,received,kaspa:qypkgqkmfhc6flcfwlh05dep6cgx686vnuszmee3sm262t808k2eazcjmalx6k8,171000000,
47d9e2e36c4898e4639b5d7c41ee52a3b7900826564cd27852b6587281a37e9f,2023-12-13T10:21:04.691000,received,kaspa:qypdv6v6mdm8sme0ryuw06axg22uqz3szzrs3jdadje2z2uqszhgm2q6rvux8k8,171000000,
0b9053a9798cb55708114fb8f6c92113049ad3493cedf95d5a7a1ab6cfa5d58c,2023-12-13T10:17:40.145000,received,kaspa:qyp70qht6pjqk2yl6cwl2n296pgcnwmtj8w0clcle08m5p8yu4tg7kgvv4n0qrg,171000000,
dbe2c80062cb9fa73ec65f0ed4584a7d9a2356ffdc106e4ec5a10d9ae69227ef,2023-12-13T10:06:36.393000,received,kaspa:qyp4shc2j2r2dvsn2kqplylp5dkjav6s89yr5096wfyjr75h5y4q6uq2rg3x5c8,171000000,
882c98d323fde7dd53cb9d166e5e208985a71e50e19393e602097cbfd15532db,2023-12-13T09:40:01.768000,received,kaspa:qyp8vk4us67xk78zu9yc3x4ptl9xff3vg820vvqzx7gec6nk62jl3pgfp3h7hy4,171000000,
9cfc424c5609dd3e11bb9d808c19737e40db5625bebd2b00ddbd083e743acc76,2023-12-13T09:37:43.222000,received,kaspa:qypkgqkmfhc6flcfwlh05dep6cgx686vnuszmee3sm262t808k2eazcjmalx6k8,171000000,
fa9accd56f3ca9349067de91c32e1d49efc56da9318b684135c032459a157fe9,2023-12-13T09:34:20.103000,received,kaspa:qyprcjlnm6na4u2gkg476zv2qyl0vqvwssyj8zqrfxsvk0k8vyaha5stj42hf4h,171000000,
706e0620fafee7a54b04ad56cd8640cd923f8f057ce2646ed14dbbbf14495672,2023-12-13T09:29:10.182000,received,kaspa:qypwcme2wrftxsx5v9j6gtqcdt6lekdmlgny7uy2c65g58usa2pknqch006uh92,171000000,
936d77169e17fbd20e73c7c60a3053773a2b0002efcd66b0cfcc3050dd6340af,2023-12-13T07:49:50.638000,sent,kaspa:qp2n8m859p79cdutmrjhafn92sw77xz30wz6s8vh440hrd2qrsvxjcwzlla2p,8549500000,
936d77169e17fbd20e73c7c60a3053773a2b0002efcd66b0cfcc3050dd6340af,2023-12-13T07:49:50.638000,sent,kaspa:qp2n8m859p79cdutmrjhafn92sw77xz30wz6s8vh440hrd2qrsvxjcwzlla2p,8549500000,
936d77169e17fbd20e73c7c60a3053773a2b0002efcd66b0cfcc3050dd6340af,2023-12-13T07:49:50.638000,sent,kaspa:qp2n8m859p79cdutmrjhafn92sw77xz30wz6s8vh440hrd2qrsvxjcwzlla2p,8549500000,
936d77169e17fbd20e73c7c60a3053773a2b0002efcd66b0cfcc3050dd6340af,2023-12-13T07:49:50.638000,sent,kaspa:qp2n8m859p79cdutmrjhafn92sw77xz30wz6s8vh440hrd2qrsvxjcwzlla2p,8549500000,
936d77169e17fbd20e73c7c60a3053773a2b0002efcd66b0cfcc3050dd6340af,2023-12-13T07:49:50.638000,sent,kaspa:qp2n8m859p79cdutmrjhafn92sw77xz30wz6s8vh440hrd2qrsvxjcwzlla2p,8549500000,
936d77169e17fbd20e73c7c60a3053773a2b0002efcd66b0cfcc3050dd6340af,2023-12-13T07:49:50.638000,sent,kaspa:qp2n8m859p79cdutmrjhafn92sw77xz30wz6s8vh440hrd2qrsvxjcwzlla2p,8549500000,
936d77169e17fbd20e73c7c60a3053773a2b0002efcd66b0cfcc3050dd6340af,2023-12-13T07:49:50.638000,sent,kaspa:qp2n8m859p79cdutmrjhafn92sw77xz30wz6s8vh440hrd2qrsvxjcwzlla2p,8549500000,
936d77169e17fbd20e73c7c60a3053773a2b0002efcd66b0cfcc3050dd6340af,2023-12-13T07:49:50.638000,sent,kaspa:qp2n8m859p79cdutmrjhafn92sw77xz30wz6s8vh440hrd2qrsvxjcwzlla2p,8549500000,
936d77169e17fbd20e73c7c60a3053773a2b0002efcd66b0cfcc3050dd6340af,2023-12-13T07:49:50.638000,sent,kaspa:qp2n8m859p79cdutmrjhafn92sw77xz30wz6s8vh440hrd2qrsvxjcwzlla2p,8549500000,
936d77169e17fbd20e73c7c60a3053773a2b0002efcd66b0cfcc3050dd6340af,2023-12-13T07:49:50.638000,sent,kaspa:qp2n8m859p79cdutmrjhafn92sw77xz30wz6s8vh440hrd2qrsvxjcwzlla2p,8549500000,
936d77169e17fbd20e73c7c60a3053773a2b0002efcd66b0cfcc3050dd6340af,2023-12-13T07:49:50.638000,sent,kaspa:qp2n8m859p79cdutmrjhafn92sw77xz30wz6s8vh440hrd2qrsvxjcwzlla2p,8549500000,
936d77169e17fbd20e73c7c60a3053773a2b0002efcd66b0cfcc3050dd6340af,2023-12-13T07:49:50.638000,sent,kaspa:qp2n8m859p79cdutmrjhafn92sw77xz30wz6s8vh440hrd2qrsvxjcwzlla2p,8549500000,
936d77169e17fbd20e73c7c60a3053773a2b0002efcd66b0cfcc3050dd6340af,2023-12-13T07:49:50.638000,sent,kaspa:qp2n8m859p79cdutmrjhafn92sw77xz30wz6s8vh440hrd2qrsvxjcwzlla2p,8549500000,
936d77169e17fbd20e73c7c60a3053773a2b0002efcd66b0cfcc3050dd6340af,2023-12-13T07:49:50.638000,sent,kaspa:qp2n8m859p79cdutmrjhafn92sw77xz30wz6s8vh440hrd2qrsvxjcwzlla2p,8549500000,
936d77169e17fbd20e73c7c60a3053773a2b0002efcd66b0cfcc3050dd6340af,2023-12-13T07:49:50.638000,sent,kaspa:qp2n8m859p79cdutmrjhafn92sw77xz30wz6s8vh440hrd2qrsvxjcwzlla2p,8549500000,
936d77169e17fbd20e73c7c60a3053773a2b0002efcd66b0cfcc3050dd6340af,2023-12-13T07:49:50.638000,sent,kaspa:qp2n8m859p79cdutmrjhafn92sw77xz30wz6s8vh440hrd2qrsvxjcwzlla2p,8549500000,
936d77169e17fbd20e73c7c60a3053773a2b0002efcd66b0cfcc3050dd6340af,2023-12-13T07:49:50.638000,sent,kaspa:qp2n8m859p79cdutmrjhafn92sw77xz30wz6s8vh440hrd2qrsvxjcwzlla2p,8549500000,
936d77169e17fbd20e73c7c60a3053773a2b0002efcd66b0cfcc3050dd6340af,2023-12-13T07:49:50.638000,sent,kaspa:qp2n8m859p79cdutmrjhafn92sw77xz30wz6s8vh440hrd2qrsvxjcwzlla2p,8549500000,
936d77169e17fbd20e73c7c60a3053773a2b0002efcd66b0cfcc3050dd6340af,2023-12-13T07:49:50.638000,sent,kaspa:qp2n8m859p79cdutmrjhafn92sw77xz30wz6s8vh440hrd2qrsvxjcwzlla2p,8549500000,
936d77169e17fbd20e73c7c60a3053773a2b0002efcd66b0cfcc3050dd6340af,2023-12-13T07:49:50.638000,sent,kaspa:qp2n8m859p79cdutmrjhafn92sw77xz30wz6s8vh440hrd2qrsvxjcwzlla2p,8549500000,
936d77169e17fbd20e73c7c60a3053773a2b0002efcd66b0cfcc3050dd6340af,2023-12-13T07:49:50.638000,sent,kaspa:qp2n8m859p79cdutmrjhafn92sw77xz30wz6s8vh440hrd2qrsvxjcwzlla2p,8549500000,
936d77169e17fbd20e73c7c60a3053773a2b0002efcd66b0cfcc3050dd6340af,2023-12-13T07:49:50.638000,sent,kaspa:qp2n8m859p79cdutmrjhafn92sw77xz30wz6s8vh440hrd2qrsvxjcwzlla2p,8549500000,
936d77169e17fbd20e73c7c60a3053773a2b0002efcd66b0cfcc3050dd6340af,2023-12-13T07:49:50.638000,sent,kaspa:qp2n8m859p79cdutmrjhafn92sw77xz30wz6s8vh440hrd2qrsvxjcwzlla2p,8549500000,
936d77169e17fbd20e73c7c60a3053773a2b0002efcd66b0cfcc3050dd6340af,2023-12-13T07:49:50.638000,sent,kaspa:qp2n8m859p79cdutmrjhafn92sw77xz30wz6s8vh440hrd2qrsvxjcwzlla2p,8549500000,
936d77169e17fbd20e73c7c60a3053773a2b0002efcd66b0cfcc3050dd6340af,2023-12-13T07:49:50.638000,sent,kaspa:qp2n8m859p79cdutmrjhafn92sw77xz30wz6s8vh440hrd2qrsvxjcwzlla2p,8549500000,
936d77169e17fbd20e73c7c60a3053773a2b0002efcd66b0cfcc3050dd6340af,2023-12-13T07:49:50.638000,sent,kaspa:qp2n8m859p79cdutmrjhafn92sw77xz30wz6s8vh440hrd2qrsvxjcwzlla2p,8549500000,
936d77169e17fbd20e73c7c60a3053773a2b0002efcd66b0cfcc3050dd6340af,2023-12-13T07:49:50.638000,sent,kaspa:qp2n8m859p79cdutmrjhafn92sw77xz30wz6s8vh440hrd2qrsvxjcwzlla2p,8549500000,
936d77169e17fbd20e73c7c60a3053773a2b0002efcd66b0cfcc3050dd6340af,2023-12-13T07:49:50.638000,sent,kaspa:qp2n8m859p79cdutmrjhafn92sw77xz30wz6s8vh440hrd2qrsvxjcwzlla2p,8549500000,
936d77169e17fbd20e73c7c60a3053773a2b0002efcd66b0cfcc3050dd6340af,2023-12-13T07:49:50.638000,sent,kaspa:qp2n8m859p79cdutmrjhafn92sw77xz30wz6s8vh440hrd2qrsvxjcwzlla2p,8549500000,
936d77169e17fbd20e73c7c60a3053773a2b0002efcd66b0cfcc3050dd6340af,2023-12-13T07:49:50.638000,sent,kaspa:qp2n8m859p79cdutmrjhafn92sw77xz30wz6s8vh440hrd2qrsvxjcwzlla2p,8549500000,
936d77169e17fbd20e73c7c60a3053773a2b0002efcd66b0cfcc3050dd6340af,2023-12-13T07:49:50.638000,sent,kaspa:qp2n8m859p79cdutmrjhafn92sw77xz30wz6s8vh440hrd2qrsvxjcwzlla2p,8549500000,
936d77169e17fbd20e73c7c60a3053773a2b0002efcd66b0cfcc3050dd6340af,2023-12-13T07:49:50.638000,sent,kaspa:qp2n8m859p79cdutmrjhafn92sw77xz30wz6s8vh440hrd2qrsvxjcwzlla2p,8549500000,
936d77169e17fbd20e73c7c60a3053773a2b0002efcd66b0cfcc3050dd6340af,2023-12-13T07:49:50.638000,sent,kaspa:qp2n8m859p79cdutmrjhafn92sw77xz30wz6s8vh440hrd2qrsvxjcwzlla2p,8549500000,
936d77169e17fbd20e73c7c60a3053773a2b0002efcd66b0cfcc3050dd6340af,2023-12-13T07:49:50.638000,sent,kaspa:qp2n8m859p79cdutmrjhafn92sw77xz30wz6s8vh440hrd2qrsvxjcwzlla2p,8549500000,
936d77169e17fbd20e73c7c60a3053773a2b0002efcd66b0cfcc3050dd6340af,2023-12-13T07:49:50.638000,sent,kaspa:qp2n8m859p79cdutmrjhafn92sw77xz30wz6s8vh440hrd2qrsvxjcwzlla2p,8549500000,
936d77169e17fbd20e73c7c60a3053773a2b0002efcd66b0cfcc3050dd6340af,2023-12-13T07:49:50.638000,sent,kaspa:qp2n8m859p79cdutmrjhafn92sw77xz30wz6s8vh440hrd2qrsvxjcwzlla2p,8549500000,
936d77169e17fbd20e73c7c60a3053773a2b0002efcd66b0cfcc3050dd6340af,2023-12-13T07:49:50.638000,sent,kaspa:qp2n8m859p79cdutmrjhafn92sw77xz30wz6s8vh440hrd2qrsvxjcwzlla2p,8549500000,
936d77169e17fbd20e73c7c60a3053773a2b0002efcd66b0cfcc3050dd6340af,2023-12-13T07:49:50.638000,sent,kaspa:qp2n8m859p79cdutmrjhafn92sw77xz30wz6s8vh440hrd2qrsvxjcwzlla2p,8549500000,
936d77169e17fbd20e73c7c60a3053773a2b0002efcd66b0cfcc3050dd6340af,2023-12-13T07:49:50.638000,sent,kaspa:qp2n8m859p79cdutmrjhafn92sw77xz30wz6s8vh440hrd2qrsvxjcwzlla2p,8549500000,
936d77169e17fbd20e73c7c60a3053773a2b0002efcd66b0cfcc3050dd6340af,2023-12-13T07:49:50.638000,sent,kaspa:qp2n8m859p79cdutmrjhafn92sw77xz30wz6s8vh440hrd2qrsvxjcwzlla2p,8549500000,
936d77169e17fbd20e73c7c60a3053773a2b0002efcd66b0cfcc3050dd6340af,2023-12-13T07:49:50.638000,sent,kaspa:qp2n8m859p79cdutmrjhafn92sw77xz30wz6s8vh440hrd2qrsvxjcwzlla2p,8549500000,
936d77169e17fbd20e73c7c60a3053773a2b0002efcd66b0cfcc3050dd6340af,2023-12-13T07:49:50.638000,sent,kaspa:qp2n8m859p79cdutmrjhafn92sw77xz30wz6s8vh440hrd2qrsvxjcwzlla2p,8549500000,
936d77169e17fbd20e73c7c60a3053773a2b0002efcd66b0cfcc3050dd6340af,2023-12-13T07:49:50.638000,sent,kaspa:qp2n8m859p79cdutmrjhafn92sw77xz30wz6s8vh440hrd2qrsvxjcwzlla2p,8549500000,
936d77169e17fbd20e73c7c60a3053773a2b0002efcd66b0cfcc3050dd6340af,2023-12-13T07:49:50.638000,sent,kaspa:qp2n8m859p79cdutmrjhafn92sw77xz30wz6s8vh440hrd2qrsvxjcwzlla2p,8549500000,
936d77169e17fbd20e73c7c60a3053773a2b0002efcd66b0cfcc3050dd6340af,2023-12-13T07:49:50.638000,sent,kaspa:qp2n8m859p79cdutmrjhafn92sw77xz30wz6s8vh440hrd2qrsvxjcwzlla2p,8549500000,
936d77169e17fbd20e73c7c60a3053773a2b0002efcd66b0cfcc3050dd6340af,2023-12-13T07:49:50.638000,sent,kaspa:qp2n8m859p79cdutmrjhafn92sw77xz30wz6s8vh440hrd2qrsvxjcwzlla2p,8549500000,
936d77169e17fbd20e73c7c60a3053773a2b0002efcd66b0cfcc3050dd6340af,2023-12-13T07:49:50.638000,sent,kaspa:qp2n8m859p79cdutmrjhafn92sw77xz30wz6s8vh440hrd2qrsvxjcwzlla2p,8549500000,
936d77169e17fbd20e73c7c60a3053773a2b0002efcd66b0cfcc3050dd6340af,2023-12-13T07:49:50.638000,sent,kaspa:qp2n8m859p79cdutmrjhafn92sw77xz30wz6s8vh440hrd2qrsvxjcwzlla2p,8549500000,
936d77169e17fbd20e73c7c60a3053773a2b0002efcd66b0cfcc3050dd6340af,2023-12-13T07:49:50.638000,sent,kaspa:qp2n8m859p79cdutmrjhafn92sw77xz30wz6s8vh440hrd2qrsvxjcwzlla2p,8549500000,
936d77169e17fbd20e73c7c60a3053773a2b0002efcd66b0cfcc3050dd6340af,2023-12-13T07:49:50.638000,sent,kaspa:qp2n8m859p79cdutmrjhafn92sw77xz30wz6s8vh440hrd2qrsvxjcwzlla2p,8549500000,
c4ba395c1fac547e394a49a1751832f7f7c90703a9db682de98bb4580cd20db5,2023-12-13T06:56:42.358000,received,kaspa:qyp0jd37dhx6sqrr682y6cme89gjn4quzpeuuu3y9c82drvcpnecjjcssx3qp4x,171000000,
4e930406e370e6e261a5ebf0e90966dc9e34eb106c6cdf48b5d895f92014816a,2023-12-13T06:55:00.565000,received,kaspa:qypj4mpmfnmte39866f8ttexwhf0z3vql0qnz3agfmtgjdqjrfdg6mq6dfv0rpk,171000000,
d12e8f40d99dddcdc8cda262f5d24c2a4a426dfac116c360ffb5ed7b6dadf869,2023-12-13T06:53:07.590000,received,kaspa:qypwcme2wrftxsx5v9j6gtqcdt6lekdmlgny7uy2c65g58usa2pknqch006uh92,171000000,
9c2421fbc364cdf04571f047a043dad6f7609eabcfd2ffe7e11afcb4c063fe02,2023-12-13T06:50:52.470000,received,kaspa:qyp3tqm6gwk4ysnttvtq2haz8ffmpd62mcjj5dcz9jqg3lm58jpxrrqya7l88kj,171000000,
2dcfd5a49ff32246fa1861ca27d96f40bbd58d4d7fb2d2c87532a6a99b3690e5,2023-12-13T06:48:39.902000,received,kaspa:qypxznxgupa8eac5m4a9tyzuaja0eguaas4q5aje0378z4yypf3u3rc34prk2qn,171000000,
4c3a17d57ad94cb90a7e8675f4e56ffa813e2c3db73bee68ba4135aa621a4717,2023-12-13T06:46:42.905000,received,kaspa:qypamkqlgmq5vuvdg4q6wghkecpvfd5y7yfmmgy4xz09hfgrajla6tg5xqdffl8,171000000,
12b077372f6ef3f21eea4617eb4c2b31f8428ee6f8c9bdd2bef4af40c03f61f5,2023-12-13T06:44:01.592000,received,kaspa:qypxznxgupa8eac5m4a9tyzuaja0eguaas4q5aje0378z4yypf3u3rc34prk2qn,171000000,
c7846c9270070e370e611f23bd3fdcc1fb79da1555347f08463341e44a2fabe5,2023-12-13T06:41:16.952000,received,kaspa:qypamkqlgmq5vuvdg4q6wghkecpvfd5y7yfmmgy4xz09hfgrajla6tg5xqdffl8,171000000,
8929ebf095a5cefae85118b455488a6c414214d63800c7fa599570f94f677c3e,2023-12-13T06:39:58.595000,received,kaspa:qyplygdysxukhd27ua75kjvmvs8j04dz0apehqpgudgez74zym5jauqpt8f52gc,171000000,
a5ca566cc70d3da0574fecd87f66469cbbfc2abb3ffb8fc2e2ff9993a3b8cb8f,2023-12-13T06:37:27.652000,received,kaspa:qyp8vk4us67xk78zu9yc3x4ptl9xff3vg820vvqzx7gec6nk62jl3pgfp3h7hy4,171000000,
cf403ea95ac25e3fa9eb78ff2ed14a7aa02b16e9b3b0fd0c0154782fa639a329,2023-12-13T06:36:25.432000,received,kaspa:qyp9pslfu0q8wn2h0psl2k0dnexe5n68ydj72dl76ws6xslaxp475zgp2323uud,171000000,
7844540edc5405043d88171922eb3f26b9be45c8bddd1a143cb3d631518880b5,2023-12-13T06:34:13.755000,received,kaspa:qyp0m9genxg0q72e6ejem4nhu6nv8mya886g76ays3s8q9499nnj0dc0wepjlw5,171000000,
6078ed6502c0ff6146b89af436cf3a45b63a1d7e04311677bff82fa8ab2bbd65,2023-12-13T06:32:43.637000,received,kaspa:qyp2y2afskgrk04gsaktpgcwqs50g3ucp9k6yw3gzq383zlggeqm7dgpuu0kdj9,171000000,
5d183f96c85df2365d02e077560ee24d50ed2f84099b9a8d905907f778b3ca26,2023-12-13T06:31:10.037000,received,kaspa:qype3mfd4s9y9lvc9qfprut60upxh2p2d424sq3ahymsg40m3yyhnfgpgyqxkn7,171000000,
9552ad547d7b41a086e935747ff5c90a986f472c0be2e265e164657db71d640d,2023-12-13T06:28:43.610000,received,kaspa:qypl86lat3lsadpv20ywkl4he24sj5klmvdsm4k30ndlmyq63g8fcaqgn725vdv,171000000,
37ed0808f64f8084763e6a4b99371fd0acd0f3f957580ca864f9f8271e3a63ed,2023-12-13T06:25:53.872000,received,kaspa:qyp7pdnl7lcvupjaqrq07jgytn27yctey22a0l4hj6yy6w8ujauzzeg3wyd5jt4,171000000,
a302682239431f54641059918d96c61726442df09f4731194f7f9712aaf207ca,2023-12-13T06:21:36.676000,received,kaspa:qyp3tqm6gwk4ysnttvtq2haz8ffmpd62mcjj5dcz9jqg3lm58jpxrrqya7l88kj,171000000,
9851705693d0e05e88e80f16384ed4cddf5dbbbebd821f0c107a40170737d2bb,2023-12-13T06:18:12.641000,received,kaspa:qypl86lat3lsadpv20ywkl4he24sj5klmvdsm4k30ndlmyq63g8fcaqgn725vdv,171000000,
1e1093c716b177639ad7268ee0b9a4db167c4e7754eb77e70c5ac578d33b0efb,2023-12-13T06:15:02.164000,received,kaspa:qypxh795z50lqe9u3fqnmlwyw7fjgw5xsd0ey6ltg0t3qwvhfpuqakgrgux5h9d,171000000,
79c9e993f1912412380720721d1163374a1c787e23cd15ddf819091d54a1d275,2023-12-13T06:09:42.360000,received,kaspa:qyp8vk4us67xk78zu9yc3x4ptl9xff3vg820vvqzx7gec6nk62jl3pgfp3h7hy4,171000000,
0a3de5649af71e81795965fa916261056f514f591ba67c3bcc6284c532a5ac3f,2023-12-13T06:06:55.325000,received,kaspa:qypwcme2wrftxsx5v9j6gtqcdt6lekdmlgny7uy2c65g58usa2pknqch006uh92,171000000,
f0942eb52667f11f5c89d85b503539b0e81e7fb607fdea1e570458a54aefba28,2023-12-13T06:03:17.031000,received,kaspa:qypqhwaag39ahn934e9njgp5uuzr7zxgcwtqpzwrkehmxrgl608urmg4e9n5dh0,171000000,
72347bd61d13589dcf350d92ab937b4a5def440b77c9deac790e99571a51ffec,2023-12-13T00:22:49.487000,received,kaspa:qypamkqlgmq5vuvdg4q6wghkecpvfd5y7yfmmgy4xz09hfgrajla6tg5xqdffl8,171000000,
30f66cbbac541f0c5a40ce6bdecf020b48647bda04c4346fdab24fd949f74455,2023-12-13T00:10:45.660000,received,kaspa:qyp9pslfu0q8wn2h0psl2k0dnexe5n68ydj72dl76ws6xslaxp475zgp2323uud,171000000,
2a288da02e2183933e6351b0356efb1c0fba34dd8e3272fcaa9304dde160b903,2023-12-12T23:45:12.371000,received,kaspa:qypamkqlgmq5vuvdg4q6wghkecpvfd5y7yfmmgy4xz09hfgrajla6tg5xqdffl8,171000000,
d52f52ba17ed23cb2b1ef8475587b35dd3b6722f36cdc524815df42a6f483134,2023-12-12T23:41:28.034000,received,kaspa:qyp7pdnl7lcvupjaqrq07jgytn27yctey22a0l4hj6yy6w8ujauzzeg3wyd5jt4,171000000,
fb7575c48d17255fcf0e8224f193b3c415854dcc49267ec4ba87872a5cfb72e7,2023-12-12T23:38:22.532000,received,kaspa:qyp7pdnl7lcvupjaqrq07jgytn27yctey22a0l4hj6yy6w8ujauzzeg3wyd5jt4,171000000,
6e4f57d859cac95d7dec0a2042fcbbadc4a5765ea63aea1fc74d7a0701d13192,2023-12-12T23:08:37.115000,received,kaspa:qyplygdysxukhd27ua75kjvmvs8j04dz0apehqpgudgez74zym5jauqpt8f52gc,171000000,
c19cb0313030974effc18429dba287b1f2da04fa7e04a72e946700d80c5e085c,2023-12-12T22:43:10.380000,received,kaspa:qypkgqkmfhc6flcfwlh05dep6cgx686vnuszmee3sm262t808k2eazcjmalx6k8,171000000,
fa7156428b6d2a22a332262b1c14f196e9e4272f8a3a1ac0d8f358099551394a,2023-12-12T22:16:02.649000,received,kaspa:qypxznxgupa8eac5m4a9tyzuaja0eguaas4q5aje0378z4yypf3u3rc34prk2qn,171000000,
f3d836168d7a332c5478377075c2defc0598160cbdccedf8d266e1d18ec72042,2023-12-12T22:00:01.241000,received,kaspa:qyprcjlnm6na4u2gkg476zv2qyl0vqvwssyj8zqrfxsvk0k8vyaha5stj42hf4h,171000000,
6934271556d39e7bbcfedbbef1bf6736139cec569de003bc5271f9196e2a916c,2023-12-12T19:04:58.788000,received,kaspa:qyp2y2afskgrk04gsaktpgcwqs50g3ucp9k6yw3gzq383zlggeqm7dgpuu0kdj9,171000000,
872573795ce1a2193b008884d9a6f4d41c5d7435363545aa3380ae26cb82ef70,2023-12-12T19:01:59.871000,received,kaspa:qyplygdysxukhd27ua75kjvmvs8j04dz0apehqpgudgez74zym5jauqpt8f52gc,171000000,
c45767796be860c87c73f36170f6df32ebdc76909d82a84e617fd809e764cb83,2023-12-12T18:56:11.674000,received,kaspa:qypl86lat3lsadpv20ywkl4he24sj5klmvdsm4k30ndlmyq63g8fcaqgn725vdv,171000000,
6d6c84293dbf40dd4284c65e3faa9957a30b9605fa7511ded70d53393b6dafb7,2023-12-12T18:51:11.537000,received,kaspa:qype3mfd4s9y9lvc9qfprut60upxh2p2d424sq3ahymsg40m3yyhnfgpgyqxkn7,171000000,
d8169bbae1d13ea0da63e11546f8b06de58815ab3494f7dcf04407af0acc5899,2023-12-12T18:44:44.700000,received,kaspa:qype3mfd4s9y9lvc9qfprut60upxh2p2d424sq3ahymsg40m3yyhnfgpgyqxkn7,171000000,
35933b76595e6405e980ebaf3fd211b0e45004220a6bfa018ecd90b1e2bc43c0,2023-12-12T18:36:50.035000,received,kaspa:qypxh795z50lqe9u3fqnmlwyw7fjgw5xsd0ey6ltg0t3qwvhfpuqakgrgux5h9d,171000000,
23df75f395ee3f57126b7fa782019936ace41919c43958f610e1c38c18f89015,2023-12-12T18:29:48.699000,received,kaspa:qyp9pslfu0q8wn2h0psl2k0dnexe5n68ydj72dl76ws6xslaxp475zgp2323uud,171000000,
195429c2b3b12ad03d2f9246031b3d5fc5d41b1f66e0a0e7c2ef6150e0ce1f39,2023-12-12T18:26:10.226000,received,kaspa:qyp8vk4us67xk78zu9yc3x4ptl9xff3vg820vvqzx7gec6nk62jl3pgfp3h7hy4,171000000,
25fda44a85b4b78f2b0cc339e3fbdc1869fc2d7f0183720af4b28fcd4d9154c3,2023-12-12T18:21:23.458000,received,kaspa:qypxh795z50lqe9u3fqnmlwyw7fjgw5xsd0ey6ltg0t3qwvhfpuqakgrgux5h9d,171000000,
41680cbc73cd1dabac80b37e5734f034833c3dd9fa82f1b2bc3f2263942a971f,2023-12-12T18:04:31.877000,received,kaspa:qypwcme2wrftxsx5v9j6gtqcdt6lekdmlgny7uy2c65g58usa2pknqch006uh92,171000000,
066801ae37573053b7f1efe4ca6461550d93c961b6e4aa181dd520cb984ed51b,2023-12-12T17:59:12.643000,received,kaspa:qypl86lat3lsadpv20ywkl4he24sj5klmvdsm4k30ndlmyq63g8fcaqgn725vdv,171000000,
6a378e26b9bc6bc266bad0a516f0b7b318c40ea4af6c602fec425d3fe951e352,2023-12-12T17:53:12.309000,received,kaspa:qyp7pdnl7lcvupjaqrq07jgytn27yctey22a0l4hj6yy6w8ujauzzeg3wyd5jt4,171000000,
b09413a7e97008c3aa6faeca622e1a5faf3bf327873bd7fc2d251e4d2b0ec9e7,2023-12-12T17:46:24.145000,received,kaspa:qyphjdfspkrm9wh3vhcwrjvgkcp9m8magzyjnrchf54yez3ht9p2rzgf26qpgxz,171000000,
3fe87305843da18f258d88e59155b15f092f19bc17f58cb4a871a97d1e07e291,2023-12-12T17:40:35.128000,received,kaspa:qypl86lat3lsadpv20ywkl4he24sj5klmvdsm4k30ndlmyq63g8fcaqgn725vdv,171000000,
11634a3c8807dc4b9f1f64a26685290bb2bd43ee99b22efebf3d9adfc3f60084,2023-12-12T17:32:28.346000,received,kaspa:qyp0jd37dhx6sqrr682y6cme89gjn4quzpeuuu3y9c82drvcpnecjjcssx3qp4x,171000000,
2ef9f4f03888eb856732ad28e5163f1b08879acd0c9bac243399bb4c3a5d1d2a,2023-12-12T17:27:17.474000,received,kaspa:qyprcjlnm6na4u2gkg476zv2qyl0vqvwssyj8zqrfxsvk0k8vyaha5stj42hf4h,171000000,
3890dd53e38a392d0759844bfc518e165f3323b18a8b24f2b0e2fb517c194838,2023-12-12T17:21:08.704000,received,kaspa:qyp9pslfu0q8wn2h0psl2k0dnexe5n68ydj72dl76ws6xslaxp475zgp2323uud,171000000,
df97f0d3ea75fe5671f057459956f36628a624dc8c13b16e5c635b430a03d55f,2023-12-12T17:17:07.957000,received,kaspa:qyp0jd37dhx6sqrr682y6cme89gjn4quzpeuuu3y9c82drvcpnecjjcssx3qp4x,171000000,
d5e261811d97a10aac95eb18c98a5fe600807050a494c1fb1db9688ec41e785b,2023-12-12T17:13:32.752000,received,kaspa:qyp0m9genxg0q72e6ejem4nhu6nv8mya886g76ays3s8q9499nnj0dc0wepjlw5,171000000,
16a649f5308c348a8b52c217db22be575ff998a1095db807f2a98b05d0b20cd0,2023-12-12T15:11:14.695000,sent,kaspa:qp2n8m859p79cdutmrjhafn92sw77xz30wz6s8vh440hrd2qrsvxjcwzlla2p,1709900000,
16a649f5308c348a8b52c217db22be575ff998a1095db807f2a98b05d0b20cd0,2023-12-12T15:11:14.695000,sent,kaspa:qp2n8m859p79cdutmrjhafn92sw77xz30wz6s8vh440hrd2qrsvxjcwzlla2p,1709900000,
16a649f5308c348a8b52c217db22be575ff998a1095db807f2a98b05d0b20cd0,2023-12-12T15:11:14.695000,sent,kaspa:qp2n8m859p79cdutmrjhafn92sw77xz30wz6s8vh440hrd2qrsvxjcwzlla2p,1709900000,
16a649f5308c348a8b52c217db22be575ff998a1095db807f2a98b05d0b20cd0,2023-12-12T15:11:14.695000,sent,kaspa:qp2n8m859p79cdutmrjhafn92sw77xz30wz6s8vh440hrd2qrsvxjcwzlla2p,1709900000,
16a649f5308c348a8b52c217db22be575ff998a1095db807f2a98b05d0b20cd0,2023-12-12T15:11:14.695000,sent,kaspa:qp2n8m859p79cdutmrjhafn92sw77xz30wz6s8vh440hrd2qrsvxjcwzlla2p,1709900000,
16a649f5308c348a8b52c217db22be575ff998a1095db807f2a98b05d0b20cd0,2023-12-12T15:11:14.695000,sent,kaspa:qp2n8m859p79cdutmrjhafn92sw77xz30wz6s8vh440hrd2qrsvxjcwzlla2p,1709900000,
16a649f5308c348a8b52c217db22be575ff998a1095db807f2a98b05d0b20cd0,2023-12-12T15:11:14.695000,sent,kaspa:qp2n8m859p79cdutmrjhafn92sw77xz30wz6s8vh440hrd2qrsvxjcwzlla2p,1709900000,
16a649f5308c348a8b52c217db22be575ff998a1095db807f2a98b05d0b20cd0,2023-12-12T15:11:14.695000,sent,kaspa:qp2n8m859p79cdutmrjhafn92sw77xz30wz6s8vh440hrd2qrsvxjcwzlla2p,1709900000,
16a649f5308c348a8b52c217db22be575ff998a1095db807f2a98b05d0b20cd0,2023-12-12T15:11:14.695000,sent,kaspa:qp2n8m859p79cdutmrjhafn92sw77xz30wz6s8vh440hrd2qrsvxjcwzlla2p,1709900000,
16a649f5308c348a8b52c217db22be575ff998a1095db807f2a98b05d0b20cd0,2023-12-12T15:11:14.695000,sent,kaspa:qp2n8m859p79cdutmrjhafn92sw77xz30wz6s8vh440hrd2qrsvxjcwzlla2p,1709900000,
59ecd5f4ba9f1ba5a23bc6f7597951a25a892254025ca0a26f7ca63498c1c14f,2023-12-12T11:37:12.398000,received,kaspa:qyp8vk4us67xk78zu9yc3x4ptl9xff3vg820vvqzx7gec6nk62jl3pgfp3h7hy4,171000000,
3e9cef85c690e882763784ff4caa30b029fbf6ec5ee40edd04de0c49f851415d,2023-12-12T11:18:11.808000,received,kaspa:qypxznxgupa8eac5m4a9tyzuaja0eguaas4q5aje0378z4yypf3u3rc34prk2qn,171000000,
05fbd181b8a4c0cbe2a91b8bbaabc656f03668a65bb38dc5c26e7756381a4981,2023-12-12T11:09:24.628000,received,kaspa:qyp3tqm6gwk4ysnttvtq2haz8ffmpd62mcjj5dcz9jqg3lm58jpxrrqya7l88kj,171000000,
ccfa93c173892f0722ee192bd5f1c860e34c0f93c782b0fb3ee8de4cc90ef562,2023-12-12T10:20:35.988000,received,kaspa:qyp8vk4us67xk78zu9yc3x4ptl9xff3vg820vvqzx7gec6nk62jl3pgfp3h7hy4,171000000,
4b8f526ad7911704ec664cf2f281f26099c1d403c168d4f6c6ca5645a7dd38aa,2023-12-12T10:16:27.665000,received,kaspa:qypl6a6nm0hqlpqz5k628yrc59vl9gpx5ulqwxsr36pua75u9gevxhgq8nrc0km,171000000,
588e518095b98e7bc3857e621aa0a7693c47957a2741440ec6e49df8baa4fb94,2023-12-12T10:01:58.963000,received,kaspa:qyphjdfspkrm9wh3vhcwrjvgkcp9m8magzyjnrchf54yez3ht9p2rzgf26qpgxz,171000000,
a8f98a641495a484e6d0fed164362758d9391c872dafdb8f686152725c7f4f3b,2023-12-12T09:43:37.129000,received,kaspa:qypamkqlgmq5vuvdg4q6wghkecpvfd5y7yfmmgy4xz09hfgrajla6tg5xqdffl8,171000000,
91b5e775c36bcf72cccde6510c5ff98bf93c208f1a45826281a1225c6fe82eb1,2023-12-12T09:37:54.578000,received,kaspa:qyp0jd37dhx6sqrr682y6cme89gjn4quzpeuuu3y9c82drvcpnecjjcssx3qp4x,171000000,
d35f35f733c72f0316ac6d897f24171c8634880eb6004a9835ec618d7db2bfa4,2023-12-12T09:24:40.086000,received,kaspa:qyp2y2afskgrk04gsaktpgcwqs50g3ucp9k6yw3gzq383zlggeqm7dgpuu0kdj9,171000000,
41446ed2ca8e6097e0aac13b7a34e2a3d56077fcd7356b5ce87e142afe04c7ea,2023-12-12T09:20:23.375000,received,kaspa:qypxh795z50lqe9u3fqnmlwyw7fjgw5xsd0ey6ltg0t3qwvhfpuqakgrgux5h9d,171000000,
ce0386b189e44c2bf0b42c387f18cf86a2a28fbf6a0d138023240b2859e61dad,2023-12-12T08:21:37.610000,sent,kaspa:qp2n8m859p79cdutmrjhafn92sw77xz30wz6s8vh440hrd2qrsvxjcwzlla2p,3590790000,
ce0386b189e44c2bf0b42c387f18cf86a2a28fbf6a0d138023240b2859e61dad,2023-12-12T08:21:37.610000,sent,kaspa:qp2n8m859p79cdutmrjhafn92sw77xz30wz6s8vh440hrd2qrsvxjcwzlla2p,3590790000,
ce0386b189e44c2bf0b42c387f18cf86a2a28fbf6a0d138023240b2859e61dad,2023-12-12T08:21:37.610000,sent,kaspa:qp2n8m859p79cdutmrjhafn92sw77xz30wz6s8vh440hrd2qrsvxjcwzlla2p,3590790000,
ce0386b189e44c2bf0b42c387f18cf86a2a28fbf6a0d138023240b2859e61dad,2023-12-12T08:21:37.610000,sent,kaspa:qp2n8m859p79cdutmrjhafn92sw77xz30wz6s8vh440hrd2qrsvxjcwzlla2p,3590790000,
ce0386b189e44c2bf0b42c387f18cf86a2a28fbf6a0d138023240b2859e61dad,2023-12-12T08:21:37.610000,sent,kaspa:qp2n8m859p79cdutmrjhafn92sw77xz30wz6s8vh440hrd2qrsvxjcwzlla2p,3590790000,
ce0386b189e44c2bf0b42c387f18cf86a2a28fbf6a0d138023240b2859e61dad,2023-12-12T08:21:37.610000,sent,kaspa:qp2n8m859p79cdutmrjhafn92sw77xz30wz6s8vh440hrd2qrsvxjcwzlla2p,3590790000,
ce0386b189e44c2bf0b42c387f18cf86a2a28fbf6a0d138023240b2859e61dad,2023-12-12T08:21:37.610000,sent,kaspa:qp2n8m859p79cdutmrjhafn92sw77xz30wz6s8vh440hrd2qrsvxjcwzlla2p,3590790000,
ce0386b189e44c2bf0b42c387f18cf86a2a28fbf6a0d138023240b2859e61dad,2023-12-12T08:21:37.610000,sent,kaspa:qp2n8m859p79cdutmrjhafn92sw77xz30wz6s8vh440hrd2qrsvxjcwzlla2p,3590790000,
ce0386b189e44c2bf0b42c387f18cf86a2a28fbf6a0d138023240b2859e61dad,2023-12-12T08:21:37.610000,sent,kaspa:qp2n8m859p79cdutmrjhafn92sw77xz30wz6s8vh440hrd2qrsvxjcwzlla2p,3590790000,
ce0386b189e44c2bf0b42c387f18cf86a2a28fbf6a0d138023240b2859e61dad,2023-12-12T08:21:37.610000,sent,kaspa:qp2n8m859p79cdutmrjhafn92sw77xz30wz6s8vh440hrd2qrsvxjcwzlla2p,3590790000,
ce0386b189e44c2bf0b42c387f18cf86a2a28fbf6a0d138023240b2859e61dad,2023-12-12T08:21:37.610000,sent,kaspa:qp2n8m859p79cdutmrjhafn92sw77xz30wz6s8vh440hrd2qrsvxjcwzlla2p,3590790000,
ce0386b189e44c2bf0b42c387f18cf86a2a28fbf6a0d138023240b2859e61dad,2023-12-12T08:21:37.610000,sent,kaspa:qp2n8m859p79cdutmrjhafn92sw77xz30wz6s8vh440hrd2qrsvxjcwzlla2p,3590790000,
ce0386b189e44c2bf0b42c387f18cf86a2a28fbf6a0d138023240b2859e61dad,2023-12-12T08:21:37.610000,sent,kaspa:qp2n8m859p79cdutmrjhafn92sw77xz30wz6s8vh440hrd2qrsvxjcwzlla2p,3590790000,
ce0386b189e44c2bf0b42c387f18cf86a2a28fbf6a0d138023240b2859e61dad,2023-12-12T08:21:37.610000,sent,kaspa:qp2n8m859p79cdutmrjhafn92sw77xz30wz6s8vh440hrd2qrsvxjcwzlla2p,3590790000,
ce0386b189e44c2bf0b42c387f18cf86a2a28fbf6a0d138023240b2859e61dad,2023-12-12T08:21:37.610000,sent,kaspa:qp2n8m859p79cdutmrjhafn92sw77xz30wz6s8vh440hrd2qrsvxjcwzlla2p,3590790000,
ce0386b189e44c2bf0b42c387f18cf86a2a28fbf6a0d138023240b2859e61dad,2023-12-12T08:21:37.610000,sent,kaspa:qp2n8m859p79cdutmrjhafn92sw77xz30wz6s8vh440hrd2qrsvxjcwzlla2p,3590790000,
ce0386b189e44c2bf0b42c387f18cf86a2a28fbf6a0d138023240b2859e61dad,2023-12-12T08:21:37.610000,sent,kaspa:qp2n8m859p79cdutmrjhafn92sw77xz30wz6s8vh440hrd2qrsvxjcwzlla2p,3590790000,
ce0386b189e44c2bf0b42c387f18cf86a2a28fbf6a0d138023240b2859e61dad,2023-12-12T08:21:37.610000,sent,kaspa:qp2n8m859p79cdutmrjhafn92sw77xz30wz6s8vh440hrd2qrsvxjcwzlla2p,3590790000,
ce0386b189e44c2bf0b42c387f18cf86a2a28fbf6a0d138023240b2859e61dad,2023-12-12T08:21:37.610000,sent,kaspa:qp2n8m859p79cdutmrjhafn92sw77xz30wz6s8vh440hrd2qrsvxjcwzlla2p,3590790000,
ce0386b189e44c2bf0b42c387f18cf86a2a28fbf6a0d138023240b2859e61dad,2023-12-12T08:21:37.610000,sent,kaspa:qp2n8m859p79cdutmrjhafn92sw77xz30wz6s8vh440hrd2qrsvxjcwzlla2p,3590790000,
ce0386b189e44c2bf0b42c387f18cf86a2a28fbf6a0d138023240b2859e61dad,2023-12-12T08:21:37.610000,sent,kaspa:qp2n8m859p79cdutmrjhafn92sw77xz30wz6s8vh440hrd2qrsvxjcwzlla2p,3590790000,
c2053fd746cff61cff7a2f2d18f68936f54ea96154f4c09cd626e36d1c110984,2023-12-12T07:41:16.223000,received,kaspa:qyp09jwvzzyp0g4fdep2d2fekeh7gss2cd4mnug4jc5uel6xflyzw8csmlsjrqg,171000000,
23513a9b0609f2025bf5174aa2b96062ec38036cc54fbe98a0066b02568573b7,2023-12-12T07:28:10.366000,received,kaspa:qypxh795z50lqe9u3fqnmlwyw7fjgw5xsd0ey6ltg0t3qwvhfpuqakgrgux5h9d,171000000,
9228853d5b1b71c96487d3bf9342ff9ef676f2775a40dc39abf8bcf3bbb62b93,2023-12-12T07:17:43.055000,received,kaspa:qyp0jd37dhx6sqrr682y6cme89gjn4quzpeuuu3y9c82drvcpnecjjcssx3qp4x,171000000,
ce7882d8d97e95c15789ee35dc0f7283af557b03aaf46485dd9ca27e3b89142c,2023-12-12T07:04:33.043000,received,kaspa:qypwcme2wrftxsx5v9j6gtqcdt6lekdmlgny7uy2c65g58usa2pknqch006uh92,171000000,
f1bc82acac170cdc68f5bfd34671dce1f20c092e09912c3aecf395ac73b65cda,2023-12-12T06:58:53.870000,received,kaspa:qypxh795z50lqe9u3fqnmlwyw7fjgw5xsd0ey6ltg0t3qwvhfpuqakgrgux5h9d,171000000,
b4260132dfa3f63ee52e759b6a061fa262fafa1743f13b1b286d00f0889b1939,2023-12-12T06:52:08.785000,received,kaspa:qyp9pslfu0q8wn2h0psl2k0dnexe5n68ydj72dl76ws6xslaxp475zgp2323uud,171000000,
e275f4e79f9365d517152d8618b191accffb14263af031ff0f4317371aa6a4ea,2023-12-12T06:44:20.501000,received,kaspa:qypxh795z50lqe9u3fqnmlwyw7fjgw5xsd0ey6ltg0t3qwvhfpuqakgrgux5h9d,171000000,
ffc2c266497dcad18a401b39235f894eb89d274fc4fcc82c4d7d247a24408607,2023-12-12T06:36:51.901000,received,kaspa:qypxznxgupa8eac5m4a9tyzuaja0eguaas4q5aje0378z4yypf3u3rc34prk2qn,171000000,
468973caf67704a8ea2570ee759a25a50587667009fc0a3cbd9e7e9d1418c14b,2023-12-12T05:57:44.999000,received,kaspa:qyp0m9genxg0q72e6ejem4nhu6nv8mya886g76ays3s8q9499nnj0dc0wepjlw5,171000000,
c93654637ca4da5ec0f3cae44faf641c8acdfe654df0a475c987167ea71cb82e,2023-12-12T05:52:21.973000,received,kaspa:qypqhwaag39ahn934e9njgp5uuzr7zxgcwtqpzwrkehmxrgl608urmg4e9n5dh0,171000000,
5a74fd3fffe1271afbaf652446ab12468194d56fe98078834a5af795d1ad6ac2,2023-12-12T05:47:21.738000,received,kaspa:qyplygdysxukhd27ua75kjvmvs8j04dz0apehqpgudgez74zym5jauqpt8f52gc,171000000,
eb22f5e0c9667f54a7b7ae821a64d05b8e15d71ca8a793250b69a77809094b32,2023-12-12T05:42:37.325000,received,kaspa:qypl86lat3lsadpv20ywkl4he24sj5klmvdsm4k30ndlmyq63g8fcaqgn725vdv,171000000,
a3376e68827413931e462ea2520464f511ceffa93a6b699af67e6912492c01fc,2023-12-12T05:33:04.722000,received,kaspa:qypswxtcrv4ssyjaswy5w9387vq73mkuyq85tl34cee6qn5uexqy0csgnafnjx7,171000000,
18f3eee74078969dc83d7152fd73bed9d192daa96880c5cb60c8b6944f7a9f9f,2023-12-12T05:26:46.199000,received,kaspa:qyprcjlnm6na4u2gkg476zv2qyl0vqvwssyj8zqrfxsvk0k8vyaha5stj42hf4h,171000000,
6648eeff74616b0178d0d0a417ae924b023d49882bd2dd823dbff0efb706da3e,2023-12-12T05:20:28.167000,received,kaspa:qyp2y2afskgrk04gsaktpgcwqs50g3ucp9k6yw3gzq383zlggeqm7dgpuu0kdj9,171000000,
14162ae21166b84ab8a39ac51a371b1b61c5ed77967327623917f55e7f58f687,2023-12-12T05:07:03.936000,received,kaspa:qyp9pslfu0q8wn2h0psl2k0dnexe5n68ydj72dl76ws6xslaxp475zgp2323uud,171000000,
d64341dbdf325c7ae76d97300ac562404a8c720792401dcd5c53ac08da4db990,2023-12-12T04:59:35.363000,received,kaspa:qypamkqlgmq5vuvdg4q6wghkecpvfd5y7yfmmgy4xz09hfgrajla6tg5xqdffl8,171000000,
c96b84db8071f81e4eda98ac7c4e125f2869dcd48b332a5b7a5bb8be057c749a,2023-12-12T04:45:43.126000,received,kaspa:qypwcme2wrftxsx5v9j6gtqcdt6lekdmlgny7uy2c65g58usa2pknqch006uh92,171000000,
fbdc20d865595d08e7069a406473d2e8a32741970935f96959ed60c08f553662,2023-12-12T04:37:25.429000,received,kaspa:qypswxtcrv4ssyjaswy5w9387vq73mkuyq85tl34cee6qn5uexqy0csgnafnjx7,171000000,
014114155fd9e40ba550bb031a1346165a9185e5b4da88bb884ee03e04edcb22,2023-12-12T04:31:30.964000,received,kaspa:qypj4mpmfnmte39866f8ttexwhf0z3vql0qnz3agfmtgjdqjrfdg6mq6dfv0rpk,171000000,
7d5f27414fbe427e450118952c31f7029f22a5fdd0c9f2992d92742fe40e06ab,2023-12-12T04:26:39.865000,received,kaspa:qypl86lat3lsadpv20ywkl4he24sj5klmvdsm4k30ndlmyq63g8fcaqgn725vdv,171000000,
1589738c0855cd4e3e9f08c2eb7aefb5bca47262b62cbfe4bd4eba7c789aab3a,2023-12-12T02:12:18.151000,sent,kaspa:qp2n8m859p79cdutmrjhafn92sw77xz30wz6s8vh440hrd2qrsvxjcwzlla2p,854950000,
1589738c0855cd4e3e9f08c2eb7aefb5bca47262b62cbfe4bd4eba7c789aab3a,2023-12-12T02:12:18.151000,sent,kaspa:qp2n8m859p79cdutmrjhafn92sw77xz30wz6s8vh440hrd2qrsvxjcwzlla2p,854950000,
1589738c0855cd4e3e9f08c2eb7aefb5bca47262b62cbfe4bd4eba7c789aab3a,2023-12-12T02:12:18.151000,sent,kaspa:qp2n8m859p79cdutmrjhafn92sw77xz30wz6s8vh440hrd2qrsvxjcwzlla2p,854950000,
1589738c0855cd4e3e9f08c2eb7aefb5bca47262b62cbfe4bd4eba7c789aab3a,2023-12-12T02:12:18.151000,sent,kaspa:qp2n8m859p79cdutmrjhafn92sw77xz30wz6s8vh440hrd2qrsvxjcwzlla2p,854950000,
1589738c0855cd4e3e9f08c2eb7aefb5bca47262b62cbfe4bd4eba7c789aab3a,2023-12-12T02:12:18.151000,sent,kaspa:qp2n8m859p79cdutmrjhafn92sw77xz30wz6s8vh440hrd2qrsvxjcwzlla2p,854950000,
941156a1f007ad5ef6d24a8ea59bd0e1fb3190278792c7d94601313dd7a17efd,2023-12-12T01:01:25.129000,received,kaspa:qyp0m9genxg0q72e6ejem4nhu6nv8mya886g76ays3s8q9499nnj0dc0wepjlw5,171000000,
61d01432355767cec430c99f74db2569c02a618c6ce0ada2529a9029f08392fb,2023-12-12T00:56:58.032000,received,kaspa:qypxh795z50lqe9u3fqnmlwyw7fjgw5xsd0ey6ltg0t3qwvhfpuqakgrgux5h9d,171000000,
7fbcc5e73c1fb8c07bc8314a7f3e9b4bc3925cb82ebaecd9c273dbab210c4a4f,2023-12-12T00:53:01.754000,received,kaspa:qyplygdysxukhd27ua75kjvmvs8j04dz0apehqpgudgez74zym5jauqpt8f52gc,171000000,
6c26aecba8f515f975298d301285cf96e048b4f6024383e45c2b76c07ba37c3e,2023-12-12T00:52:19.978000,received,kaspa:qyp2y2afskgrk04gsaktpgcwqs50g3ucp9k6yw3gzq383zlggeqm7dgpuu0kdj9,171000000,
85fc5f48c39c528a957aed9cb391e30af13fecb1fad3597cb575fccc04a992ab,2023-12-12T00:50:24.508000,received,kaspa:qyprcjlnm6na4u2gkg476zv2qyl0vqvwssyj8zqrfxsvk0k8vyaha5stj42hf4h,171000000,
6c53c7f51d45cacd214a36ab4e51a257089db58fc39f4bb8b23f406f4f52c3d2,2023-12-07T07:10:21.383000,sent,kaspa:qp2n8m859p79cdutmrjhafn92sw77xz30wz6s8vh440hrd2qrsvxjcwzlla2p,18597960000,
6c53c7f51d45cacd214a36ab4e51a257089db58fc39f4bb8b23f406f4f52c3d2,2023-12-07T07:10:21.383000,sent,kaspa:qp2n8m859p79cdutmrjhafn92sw77xz30wz6s8vh440hrd2qrsvxjcwzlla2p,18597960000,
6c53c7f51d45cacd214a36ab4e51a257089db58fc39f4bb8b23f406f4f52c3d2,2023-12-07T07:10:21.383000,sent,kaspa:qp2n8m859p79cdutmrjhafn92sw77xz30wz6s8vh440hrd2qrsvxjcwzlla2p,18597960000,
6c53c7f51d45cacd214a36ab4e51a257089db58fc39f4bb8b23f406f4f52c3d2,2023-12-07T07:10:21.383000,sent,kaspa:qp2n8m859p79cdutmrjhafn92sw77xz30wz6s8vh440hrd2qrsvxjcwzlla2p,18597960000,
fa47fb214f1da8743a77a374fd117ac469579f69270cea4c09c03ceb2cb9f1c8,2023-12-07T06:43:01.008000,received,kaspa:qyp8vk4us67xk78zu9yc3x4ptl9xff3vg820vvqzx7gec6nk62jl3pgfp3h7hy4,171000000,
fa8ee438d6e935d7e6229c04f1e13c56dcf69140696d88a2ebf4a9a0dee8eea8,2023-12-07T06:35:40.265000,received,kaspa:qyp09jwvzzyp0g4fdep2d2fekeh7gss2cd4mnug4jc5uel6xflyzw8csmlsjrqg,171000000,
50979d81b7dede564dbc88c06f9958b431110299bcfc927e4cd97002cd84d50b,2023-12-07T06:29:25.765000,received,kaspa:qype3mfd4s9y9lvc9qfprut60upxh2p2d424sq3ahymsg40m3yyhnfgpgyqxkn7,171000000,
4e0649fc096b6d766f8982ab9d13a698ce2cbf962f7f2f4f68682d7ee28ca091,2023-12-06T07:51:16.142000,received,kaspa:qyp3tqm6gwk4ysnttvtq2haz8ffmpd62mcjj5dcz9jqg3lm58jpxrrqya7l88kj,18085000000,
1736f3bddb8119ee439e54aebc4fe59cdf66c9a702d90b1e8ef5081ba2df8863,2023-12-01T06:53:19.261000,sent,kaspa:qp0p3xyg009w5qghp0p84lq92s8zq0vq0672zxjz6w6gtw8halfsvzm5cfyg9,148610000,
22813669ec564eca4f2d749bd08b321158f72c22ddb5f50b9852ac4eb6a936ad,2023-12-01T03:48:27.961000,sent,kaspa:qyp60g6srdzydlrmqetdurpyp27t4jn3hekqp2gl5n2mfwwuqq03eqcua50yu83,18000000,
f392f0c17d269ce897f596a7a839d73cdf4f57f14b0b07e5c869a68eaeea3168,2023-12-01T03:37:02.750000,sent,kaspa:qypxcgydcnu8gkdemzzayezvq585kg0k98wpnjrqff4wt4rdx7a4c0sjqrwn0w2,18000000,
d5a49e36c5550ee9cf93812471d41e7dfbc8d8f1d946821dd8df5b0aba39f38f,2023-12-01T03:25:15.302000,sent,kaspa:qyprw8ftdxkuye0seqm7z8fj8updv3awrqt3pxqk5xjxjes0uz37lngjktzkcv3,18000000,
5b2b9079f438a327ecee79f836a00c5dd593aa0658857a1e941ee508e8f81286,2023-12-01T03:16:53.574000,sent,kaspa:qypjm4levzppdwam39eqtw36nqelryjcarn5325lj736drtqessyjkcqgfvckjl,18000000,
47a1196d8d46ccaea5f44ecde8f764a6febdc365b52dd1b73f7eeae33bb44835,2023-12-01T03:10:36.943000,sent,kaspa:qyphp0hwx6pnwsshj8we5h37ezxc4fgehktreny0pzm9cm8f0kherlcpuvgr88v,18000000,
a3f77bc0b2dfbe9a648834e7e3b7287bc761cefb044e52878df95f0824bcf6f1,2023-12-01T02:51:10.625000,sent,kaspa:qyprrv6qvuwx4342pgqc39g03l3ahlhmtfh2d4fzvj52xjn6g9he9sq8ru05n75,18000000,
fee351b82c7ae77fbe906e3fc200be0211adb5c72a655588fd0f2794f203f2b7,2023-12-01T02:42:15.152000,sent,kaspa:qyppfp5jlsrq6hcp7s75cpjlvm6ln28h3edx67qk4tmk9de39f0d2wcwznudj2m,18000000,
b97754dfd2313e928e1c046723427ee7838704ebb592f59ccf53d672ec070a0f,2023-12-01T02:35:11.504000,sent,kaspa:qypewy2fxcpaullla7gh99yvdl93zrxckvhgmc4vwvn0eg44zkuzt0qr6tr0rg7,18000000,
d3027cd29d1612dbe5c0eaca9f5bcfc10db8f4de24e43bdb545addfb96153a6d,2023-12-01T02:26:23.648000,sent,kaspa:qypgy9hulfqk65jlz8qgzp7vp50pdru5ac7d65g30wc53hx4k7yrw0qg6j6qyt6,18000000,
e9edaad924defba068a910030f98fc837d389eb0678f7b2055e30ff9eb111c6f,2023-12-01T02:19:33.657000,sent,kaspa:qypsy2v4p8qnwdpgpek40nwdg48cegmmu32x0a5ektycfl8tk06tt5grccuev8s,18000000,
5ed5d81089091cd9917714199b361c86b03a87bfcbeab99d0b2ebc300863f0f4,2023-12-01T02:06:13.492000,sent,kaspa:qyp3gqf8338h7yckftf55scn46vgr93tafmp03zaeejp974323rkmqs8nw8ehq4,18000000,
f9b7138e89bc307895efacc9919401112059e115bbf5b15010d82d13cf0d0178,2023-12-01T01:59:38.255000,sent,kaspa:qypjucqnd2utgk8nec4r9ltyffv7c3p0k7dl8stve7ckh9zzxmezsfqwqanztqn,18000000,
a3a1cfbc2c2b1b11a4acf95dac3ca15897d9e4f8a67d5e151b856bd9ba0f20ab,2023-12-01T01:51:17.738000,sent,kaspa:qyp4qw49kangxcyz7mqzngw86l5z6nv7myguuq2aau3v22z0zvp7l8gmmmw6wg9,18000000,
74cef18fbd5a23d1d5c743f534a198739f1ff3f3ca7cc497ce97bd2260885894,2023-12-01T00:28:52.294000,sent,kaspa:qypjpeflf3e8vryuujj9v7ve5zfcxh9558qr3z94xgnch0yg5vzkl7cjpt9sgu3,18000000,
74564c2ad0eac9f62d93c358633c0ffe76e270e16b5b0cc01fc78a37e05139b7,2023-12-01T00:22:24.816000,sent,kaspa:qyplevea3r9jr5jvzgr9l9g7hw6r8casnzlxx2rnq9c5vrxlwjsqqcc83zdekar,18000000,
6ffcb05073d40ae4c52033156ead23e484d0c4c7ac63436bbea557c8f34d4dfe,2023-12-01T00:16:41.142000,sent,kaspa:qypaluv0lq7nsg542nqdekd4vajuk72jgctryxwmuxnw5h3nhmme98sgvaaxvln,18000000,
087f3cb580cbbbb3b278f55a7555c4e0de7eafce1ff4941bd889557faf7cec61,2023-12-01T00:09:33.190000,sent,kaspa:qypqfjfmnjag0jauh69ym5v9c02c6wed8z29fdr8ypxltvcfnyp8rrcjfpjjvx4,18000000,
d9b2d78154398f380fb490e200890c809d3aba2d3e5600103c5607dca85f9eb7,2023-12-01T00:01:32.124000,sent,kaspa:qyptmajukckygg4g5qpg9q23g9uqcvrv2p0exnq2ntk6zhpmp5szxeskaph38zj,18000000,
8d0375984e1a780ccfea24188f8ab209df44c0d31636f21833d08f5f6625e7a1,2023-11-30T23:54:05.787000,sent,kaspa:qypdu2kx4883ngtrpn357dfqdaes0gcxh5sknyhjs8yn3j9e2rrs52cl3ulz6af,18000000,
d7b04448267908d40d84de773cedecd5d9263457712acb5dc505c7b40819f813,2023-11-30T23:45:02.518000,sent,kaspa:qyp5e8utvsl6yvl3x0r78ec0r4hr4lk6t0jmudzgj83qe865vvjs6ycslnl252x,18000000,
6e06573b4e8602f655f20cdb92ab3163d0e462711cea2703f967b53a2af82e0d,2023-11-30T23:36:59.779000,sent,kaspa:qyp6ad3t25cxr46qedrpvuxurlacar5mymw7maegsjmjmu2rxnlmd2q30vnaqx3,18000000,
5e407d691c237832e917653709261a1e449e0e647a539a3506a9efbbc523b5d5,2023-11-30T21:34:59.234000,sent,kaspa:qyp68j684hmq0qh3e8vkxcn6qa3nkan6qzjh3fd9f22jcnvdyzwnueq4pfn4qwg,18000000,
b8b56dbd79554a72da7ca576edfd31e2100bed0c1e631c0257bcd3dc6c6a11e1,2023-11-30T21:29:42.398000,sent,kaspa:qypvyky6dujt0xnz73yzep7xf4kqug9rr4fw6x4e8mdcumgvctg9ffqwlwt6j37,18000000,
e12013808adaefa525c469aef9bb6bdc0a1f0997574406b4a7fde57099ff899e,2023-11-30T21:24:05.315000,sent,kaspa:qyp53sph2juptaaxzk3207rfahklk77w2egxvu26zgxa8nn6hrgqvqgc8p0ctg7,18000000,
a76ebf9c3a854fbffeb1d3268a674859dac7568dc4323d198db6b5b429f8eed7,2023-11-30T21:18:09.390000,sent,kaspa:qypu506jqrcz45xmxpeh8euex2tf3x2757ncszsqep83zh2dg3wfkvqppnjmukw,18000000,
c62257b4bb902fe255faf326c5da97fcab10a4598229351c638d4716ab50a7a8,2023-11-30T17:47:33.214000,sent,kaspa:qypal57m2t6v7fexnxucn2cspvds0qhcdtaemg802zmdgymukwtf2ycwlpurje2,18000000,
df35660bca333bf2fe52c21f83e8c7a8851c6474572450c7a7be64ef7a6f6943,2023-11-30T17:41:08.413000,sent,kaspa:qypdpxpku729yt50awkc5khnezj0whzz77w8s4d5j49mlx0ec6v5kwg3s2knzr6,18000000,
e7a450bd133cb92614c0f98e37c6b022b41a59d83f70fe011a678765725c2bf3,2023-11-30T17:35:04.039000,sent,kaspa:qypm2wz9vghy72jeg7rf74d24r7ux9dpvulqlravd7jxpelze0qafsgrlea6t0l,18000000,
684a8c5f406e7b29f9787e50fa91fd19d73f942caf410a98ee44c3c29760ffe0,2023-11-30T17:28:29.691000,sent,kaspa:qyps0gmzx7spdy3mmas4h2jgxq0y9wc96lyre7z35padvk44p3xdjdc8ksqdka3,18000000,
2413caa5c91203810c386b7d95723e713cb899ea7fc76ae93b4ba155d35c5e2e,2023-11-30T17:22:20.530000,sent,kaspa:qypxheypsdvz6lfaep3svre4cjfhej75vazj8zyd0h5jjqyr4hv62ggzgj23jgf,18000000,
5ee5cd1560579002d01062a06e3301db2b71e5fa27ad94d9b6f1ad95dae8e050,2023-11-30T17:15:16.002000,sent,kaspa:qypcdzvw3eysumqf3ga8vn5nhkezs55ed0vfdt7d8e7w3pfvjnjjtug35g86lgn,18000000,
2b098e8dbe305bce09da080a1f330c2934cfddb10e8311fd55d6c539f4623f51,2023-11-30T16:50:54.303000,sent,kaspa:qypahj5574y5u50emm6k526ktdn8e970sa3nqdvlt8rj45dy992ndgc8u8u6njn,18000000,
5a0dded959ebacffb4140b7ff460a22d4bb6f8b0c544f27073439ae8fc3a0a2a,2023-11-30T16:42:22.278000,sent,kaspa:qypycgdfp9t6tucf2ad072wqgcd2a69yc89vldwnkswqxks4cgnza4gwpc6t6n0,18000000,
e6c46f5ee2806ccd957fe08435721bc90b79a901bebf7c3ad0c962faaf32add9,2023-11-30T16:35:52.204000,sent,kaspa:qypsl54ajdl8gammrqxz9kxv6nj8xcgckwg5t3p5m74e0luxcqd2w7clkx8jhl6,18000000,
ba17b9c65072388368fced40f1f489dfe15534b6729b64c161a7c7bbb000120c,2023-11-30T16:29:33.937000,sent,kaspa:qypk336z0mjfnma0cy5vvm99dw64g9lyu76azjlxunvq9l6wf59w6zsdhftzxdc,18000000,
c6ab50378d6d624935043efe7547871cb05db46cfff0f449684e15294e9c19db,2023-11-30T16:24:34.078000,sent,kaspa:qypw262wuk8ay3zsvqqcyvwyxrzw73kzs2pw7nzad5u8sp8q6pgpkvgn3zqpmpc,18000000,
f43e7e16e54258397ed2f0ba0d07a9b57fe0c43c9856062a232779693991cd9a,2023-11-30T16:19:32.742000,sent,kaspa:qypq0ev94d40yawk7e4sj6huat8jg7qxmz0rrc5jyu3hlm2gr8k6t7s3vl33u3h,18000000,
6630114219a235de4890694125efc7c41bdda8e4ca301386bb377aa9444ca20f,2023-11-30T16:14:06.620000,sent,kaspa:qypt0sehqqa2xhrzrt95yp8smns8u2zm0fy6mj2qg45234jar8a0a2g3jd79nuz,18000000,
40406b1d4ac7d9e2e96c716c0d20824aba5a4d6bf640cbc73b247b9f4fe3b7ad,2023-11-30T16:07:50.223000,sent,kaspa:qypfcjdknuuva0253rt8aa84eg3lm9h0ahp92ajksamp97a6ydd6tyqgd3h23gv,18000000,
ced8bd7589aa23909e70c553040ebdff9002e8a0a672f3cc258e243147bb23c6,2023-11-30T16:02:41.266000,sent,kaspa:qyph64v6g29r0m73hmz3qlncrayg2eml2uvmmm9fe4a20r8pr4dhpmgvyxpnsuy,18000000,
fe02b057624af006e901e53e0febe0f159bde5fc042ad4cd25216c68158782c8,2023-11-30T15:59:14.207000,sent,kaspa:qyp696nlxsur76qu4gn289l7jkhraxnxgpxupwwgned57p7fuhdjj9cm7gxf7n7,18000000,
12e2e9f36bc1a8fc27e883df33bbb7d4b535c2b7182afd92eed843663a3c6b35,2023-11-30T15:53:42.431000,sent,kaspa:qypsxw4wyklxkzjdzf7k2uk5jr080xzkssng2v6v33qlz0nejkmd6ycw03drqz4,18000000,
1aa832f4b1f0175f6a3597183f226e4e5c7dcccb1673c17eaab75b40991fd40f,2023-11-30T15:47:50.582000,sent,kaspa:qypc8etmtkkst5faqqpka84axh5cdljpd4thgmg2mnvj5jqvmuwguwge24df2la,18000000,
1f3fe4647da7219be0ef5b78d6ad7847502b7c27ce405d12d2f9e250d7f31414,2023-11-30T13:01:40.747000,sent,kaspa:qypvjtw9u3pkfcc03xfwny3gtspjnuqjq8nthrnvlky0w8a2ac28kpg3lp6tzck,18000000,
aa4b2935fda15b089f478a75a10328a046d148eb097d9143fb7ede23eb026a0d,2023-11-30T12:54:44.734000,sent,kaspa:qyp29k39wq6ptywku33ge5r6kz2ydcvswuz56rg0fycfl0j5q4cahvg8relqz0y,18000000,
e38324cc33096d8895d77336b0a457a4fec4ccc577d81dcc4cd3870f2bfdaa2a,2023-11-30T12:49:15.315000,sent,kaspa:qyp8jxhpuw0lgqn2chjt4sqxjpr2ffacmuweahhxywncevd9d5g2wsssm8a86te,18000000,
5d1e1c843deda55f810e7ba79590ef50d38f1be7d5744368f9fcf15f9d2c6264,2023-11-30T12:44:03.766000,sent,kaspa:qypuadqu90ylw89jwqf9pk0n0uqjgjm9uwujn58f2rtzlxvf8ufxt3cj4cv7udx,18000000,
95c631af7a3b08f10b52a30a030eb8fbce9d3198ff71235d4a48a68263eedc0b,2023-11-30T12:37:05.918000,sent,kaspa:qypxjrejf07gclt37vq5cnv9jcrnmsccgtndsk5ysq57spjs0dedqvsmwp7l9yw,18000000,
c191cad83b86c43f5b648b1d6f50fb6299b588a15adaf89ea2cf25ec890a45e9,2023-11-30T12:31:52.387000,sent,kaspa:qypqrtcp00z9p9ejtqpns6vkyz9xet0lpff8en69z7vamfwck7u863sz5663rql,18000000,
5136157972bec9d7f7c76c4a75e7d7e1b17f546a49192448fa63146ca895769d,2023-11-30T12:22:28.012000,sent,kaspa:qyp79rc9sj0n4hxexyxmy8dykdp93vmsk4d7ncy6t7j6uw5vfm0ncdstdm4fmya,18000000,
065918f28422b85ac522cd1d953ccc7d0be6284b67c55046aa16dfc47508321c,2023-11-30T12:16:43.624000,sent,kaspa:qyp0xwzhpfmdk8mttcpr2hzx2p9tdqrzkumqz4kfcsgphjzktpxpezsqgz3dzg5,18000000,
876a4aada347b967cf0181f004704bed90bef299427d6f02668b236f75b49988,2023-11-30T12:10:10.590000,sent,kaspa:qyp502rm0mntr89d9macaldeaewvwkt55gywnmfpcakryugxmet7rvqp6js2t0n,18000000,
1847deed07b72461fc3011522f120e4e7bb7ccc2aeae0f222a554997b53e2447,2023-11-30T12:01:33.183000,sent,kaspa:qypr0k2du5prhr7y4ph9g65fq2sa8yj365lgul2rcnmkxm26c7rax7q72k3wlhc,18000000,
ac1caf1d9094018d668f7274d99428669091de5abd638fd62dfee0ef8cae17a3,2023-11-30T11:50:57.906000,sent,kaspa:qyp9rju60ewghj0kespzvr66xjqurxllufjev3pasdwudgfcxkfs7rcfzkvxxg9,18000000,
029a395b97deffceaefe5f47551d202911a49a6441d6d6b0b47859be46fb2fb2,2023-11-30T11:42:10.349000,sent,kaspa:qyputdw8a6dkc7kvz6ehawrjf7ml5sn5qn0cfv4933nkgh4wqyvxv9s6lq79rrn,18000000,
458f86ba4b540ee528be5e86fdcf1f181218c87ee79542b9ad07f576eaa328a0,2023-11-30T11:37:12.997000,sent,kaspa:qypk2sarczx3pf8gtr3ewsz2dmndeglrkmk7udsqp0h4ujmjfr9zlvg4pru2l4u,18000000,
01527d248bfb7eee8a63b64481e1fcfd994c265d6847f1e5b588b8a77cc91b1d,2023-11-30T11:29:01.648000,sent,kaspa:qypfx0jlcaz8w34rl0x4390ry0krjat9ukyasfdphwundvqhlfkauys8htkz9sc,18000000,
5c469b32c7c3e081396201e09221a3543042bb0e2e5f3c19620cd0cf18268d54,2023-11-30T11:20:55.732000,sent,kaspa:qyp04r266cnedyh8ws4pvk7dhsvm7qsvggjjpc03jdd7anpp5s6ze8qx68ag9s8,18000000,
989720f26a2bcb45f097d567a8639b796d3cf3969a8537dbe028da9cd3d4b8d9,2023-11-30T11:14:54.790000,sent,kaspa:qyp3cmencf429wgapa89at6xcy5rhgxjfljsg3htuzrwahxsqah7vesn9q42pu5,18000000,
1b1a75fc151576787c5144520539b6aa93e33a02e1d71b08298843b8efcae413,2023-11-30T11:09:09.453000,sent,kaspa:qypjy48zldfxkt4ve6v4r59mvtu5xl2x77a60emkc70pxp6jxs908mcnum6ltm8,18000000,
7ff02f37a8ab9c90dd450c4a1836b05ab6c44c397bdfe451eaba38b6461413d8,2023-11-30T11:02:30.747000,sent,kaspa:qypyxrl6ktrsnsz770pmn36uh9kpgtezv3z93zwg395sxjdhwf8g8pg30pexh7x,18000000,
7ff02f37a8ab9c90dd450c4a1836b05ab6c44c397bdfe451eaba38b6461413d8,2023-11-30T11:02:30.747000,sent,kaspa:qypyxrl6ktrsnsz770pmn36uh9kpgtezv3z93zwg395sxjdhwf8g8pg30pexh7x,18000000,
5b508ab659f75e878154542e79df20a910edc095d7f518c5a439899c71b82691,2023-11-30T09:31:43.413000,received,kaspa:qr5w2aytdcwnq4f0auee3p4uegpmkajyet4w9924tqc3uh0zsnn8k27l0ndks,1000000000,
5b508ab659f75e878154542e79df20a910edc095d7f518c5a439899c71b82691,2023-11-30T09:31:43.413000,received,kaspa:qr5w2aytdcwnq4f0auee3p4uegpmkajyet4w9924tqc3uh0zsnn8k27l0ndks,1000000000,
5b508ab659f75e878154542e79df20a910edc095d7f518c5a439899c71b82691,2023-11-30T09:31:43.413000,received,kaspa:qr5w2aytdcwnq4f0auee3p4uegpmkajyet4w9924tqc3uh0zsnn8k27l0ndks,1000000000,
62b1aac80ceb592319e16ecbd4a62e8c7e62f79ea78447ab7fc94d9199480b63,2023-11-30T07:48:12.383000,sent,kaspa:qypmp6h9wrrynjqs2sgevue4kxxsra9rjvcycaplrlmy7l7fhzgjllsgssa3y40,18000000,
fa7fcda7e85c96141e830e0ccab68efaee2d078ea5767990bba875962afa41f5,2023-11-30T07:28:17.117000,sent,kaspa:qypatva0ge7te8jtn5f66t3mmtue8vc4ceeqyees6lta8d50wlwapwqf09nnke4,18000000,
be2ddc3bd2a7d27df0968d0c2941f5f732a669650325ab4dfc0ec78acbf04e0a,2023-11-30T07:13:02.573000,sent,kaspa:qyp26zsfuhqrmhdkjgahht4cln6yt5a8q2ujpqg7dttec2elgtwy3yc60ddy46f,18000000,
731a12a0c0d444228935e8e334c4ae11300da93ee83b0fea939d8dd48ee7aeb6,2023-11-30T06:56:45.196000,sent,kaspa:qypgm2ueqgeu9l3cw7xqnmsagyrd83t99jun4maz4jsg6v7tus44prcrsqeszra,18000000,
f9e445e6885748caed359b08a4881b4559f96b62c338c94a37fbfb66c4540ddd,2023-11-30T06:47:48.593000,sent,kaspa:qypk0385qv7al0653fyrg93hmec4hy2er50eq8ll5glyktmfnw96kxgtk3lqwxz,18000000,
7699d72d15260378c964e7c34e542790b296870047c4ccace5e05d920b055760,2023-11-30T06:32:05.872000,sent,kaspa:qypqg0mhv2wa5u6p6d08wx0sh5pkxsuwcyjt2ca80ytlex02ez6zzdge43p7t7m,18000000,
0db357910eded4277aeae47b61fec7a30803eab6852f5ca3f95162cc553f0aad,2023-11-30T06:22:01.154000,sent,kaspa:qypkecjwt94ga374f9lypq3m02ec4z7chs2cq5qg5lrut5mamnsh49g59r4gk32,18000000,
19581332e1cdd9716d8ae97ff10cbdf179978b707ea01587b560ba6e367be58f,2023-11-30T06:01:43.775000,sent,kaspa:qyp24pffpj8pqtu2wf6waaeq268eu6xggnkgd4cuhwp7uwm5sql9hzcsazqurlz,18000000,
2618a3c2ecceea2c33b44531d4ad5ecff4459125ea42c7135430c07c6a3b0a25,2023-11-30T04:42:51.336000,sent,kaspa:qyp20tsg0wxaklg8xnj5p55ds905cavsnqptw0xers028ceh40fsdqcuqu2tcuy,18000000,
bdc186297b12a19f1f48287bca3212c6dc0b347c9c4fa6f09e556f14de15c5d8,2023-11-30T04:34:39.804000,sent,kaspa:qypg4s6p8k2r8k59mx92njphrxdpu495dt23md6wag22yj8l9xz4hwsl0pfjsj9,18000000,
bef17917a7777049af80712ee2b1824c34450e9473db060388af19ba7fd70282,2023-11-30T04:25:50.035000,sent,kaspa:qyp2aa5q0g49pj828lcff5w9w49vlkeqvfgu3yj78n60pssfvmrg94gyhy9hv8x,18000000,
94fed70dff1f3a450becb957d41586adb6594cff7638798d57c66a8e7e4a0401,2023-11-30T04:15:16.378000,sent,kaspa:qypl2t2vdfnzt3tt363dhm27vnf3marcyxr624lyttf8z3yejaum7vcnyljy0ww,18000000,
45e56599790732a13f8533c31b9d8416900d631bb940b4e03c638b772c84411c,2023-11-30T00:33:04.228000,sent,kaspa:qypz6uxdgkd89wy4lxvvqfgat4yalu6me2mvmew5thym4hn7p904yssuy3g829e,18000000,
ebaa8da3a7d7b3802f1b625a62ea7ebd8da1340ad1ab120b6f7f264d4b9dcf8c,2023-11-30T00:26:45.619000,sent,kaspa:qyppuer577wvj5xyn50r8w8g9xelrqg4xwhqm3a0s93764wlxlnscdgz20dlv8q,18000000,
4abb8519bc3353b68472a80bc50e16861f4af5abd4efe2097e15652b47afcebd,2023-11-30T00:21:52.710000,sent,kaspa:qyp72f2qwmte6nr60yspfkgpemqq6r3hnm9afghgr3l2v9xacmp9x5sqsqmy65d,18000000,
d9f423c4937cfe7b6dca547c89374dbae8fe036884cbec674d252c67dfef2f7e,2023-11-30T00:15:59.086000,sent,kaspa:qyphtkr949e09nruw50vpyapn56ksq9zapspnp9rjf6f3s9rsvu7zxqwavm32y3,18000000,
d21788285a8371496c6d5dd7e2ed737c6e733362ec22a49b508e91eb1979a855,2023-11-30T00:09:48.259000,sent,kaspa:qyptn59n22a5e7fkqlm57udqusm4e4957vpflq5y05f9aj0s4urc50ceee3hdhq,18000000,
707773c0d7463106a8d82a9ef250adb0be198135a07f6709ce8d50e4175b3783,2023-11-30T00:03:58.397000,sent,kaspa:qyprg2vu5jzdjel4st39wwr3avspung6xslwjnd250zr6v96aayer8qguk6dpp8,18000000,
d0181f1d1c8d2180de8945ada54b60f2ecac0e7205842325ef9b2d0c181a54ca,2023-11-29T23:57:42.689000,sent,kaspa:qyplazx9vyg902f236jqqmvpg7z84rqfgdu3x0gard0fyg9g4jm0wzsu69d885d,18000000,
a48e6c6a49aac0b35441bc74dbae459f7c33252823a2ec0cf7b06388d57ee161,2023-11-29T23:51:56.083000,sent,kaspa:qyp2fszvjmnveepg74ndtty280t36nes32g7gnyl7xkgcgggyyvsgcs7e7l6d9m,18000000,
efb88f99ea26c82b180c2a52ff86890ca043da6c4a7ae3ca5ccfd0e345e804ed,2023-11-29T23:45:34.104000,sent,kaspa:qypjnhtxf3ul344lh8trp4cynt7v3n8a0ys6vcgu9jalvp2dvhf564cynjals89,18000000,
03094f08faf4a636a7b809df24997a5bd7df1fc21f56973d2763fc059371fa6c,2023-11-29T23:38:46.436000,sent,kaspa:qypvxrqs4z4nhn08yj8vlvzmh3cr2ns38fqtka69avygeffnemwluccdtyrtd5k,18000000,
844c799ae25100689a77864b6e81f425810b0f6f7a5e7f12e59b334cb4b0a7e6,2023-11-29T23:33:42.323000,sent,kaspa:qyptx256va26kkpaxekzzk0m9gryf4jtvh8hm2282skk3cy4nyq32xgqj2stjtv,18000000,
3124de389da73c7ac6d544a2e0582f8ea36a113395504557f593bd575e318198,2023-11-29T23:24:46.344000,sent,kaspa:qyppzzm4l6576dt6fpg7dr03a9htdxus7xnq8dg44uvhlqjvj6y872s30pdkuse,18000000,
8a60a702c1ecacdba265b48c63aded2db6fe41a5a9476a0b5eeeb190e28e0270,2023-11-29T23:19:03.339000,sent,kaspa:qyprjzs86lp6s94vehx7wn7jhz46gjy7c93h05mgskzgdmn6fwwcfesr2d8vw7k,18000000,
5ac4b1b356cd64a2a026dd80f1f66bebfc949dc703288fe7aa2415b83d724011,2023-11-29T23:13:22.700000,sent,kaspa:qypznpna9jz4ch77ffvxy5hjch49ls90dhjpyx3cxx8f7249undl9ms0pmu92nu,18000000,
606f31bde61aedd4333d6ea65c86bdb936e913fbc16669473454218868fe0581,2023-11-29T23:07:39.281000,sent,kaspa:qypjzl5vh8hur5uv5937eq2vfw7p5ke3lnxxutemnr5nvtrsgz57y3s4d3j20me,18000000,
b4d2bfc7766e5b2f098b732ae643b213636ea313a31365c7c50d5d59f1cf21c6,2023-11-29T23:01:53.510000,sent,kaspa:qyp0rczzh564ja6kyk5h5q0xdl25qnux8e4x2vze47qfcyqt9096jfgn25rpd9p,18000000,
88dc6b0a8571b3129974c00767ccc2858dfd0c7929d427b8e58655d97088c7f3,2023-11-29T22:51:44.077000,sent,kaspa:qypy7hf4jfp85ael23r7tsslhx0m79wqa8hhg0cqx6uqxalck9pcfscfwduxtmc,18000000,
f9eca750610e6b065c468b9ac3f5391fb26ef7b77d66a55bff8e25eb8a663bfe,2023-11-29T22:44:40.166000,sent,kaspa:qyp8ndv05cxyc2euqafkxte699wvh3k5wa69u70jgwl3rddu6mkmqsgwtu60da7,18000000,
135160b3873214a493f42bbf25f5bf44ab06cc4a2dfc8bcb4e80914a3b1bea95,2023-11-29T22:37:55.530000,sent,kaspa:qyp7nhkjj4k5qmvgvsf5cllfcavjve4wectkkcec5gtnx4s8zqxdkhqfp0ysanf,18000000,
7acc9ba2e348c2c4391e9bf09f13d81a5a44bcc2c4d9cf2f8fadc4d73fc9e3a4,2023-11-29T22:30:20.888000,sent,kaspa:qypc0ghuu0s6shpprweszplwc7uj4cjv6lm5eddpaq87un7553g7wkc5z4hlsmx,18000000,
c3ff7ccf2b0f64458f0284250c04523cbcab0c0064ee793d3c6aeb851dc19d6c,2023-11-29T22:21:52.315000,sent,kaspa:qypm926tezpvr7anp2r224v4e0p9tpydcnusrwc3w60vul3dz67xn3sq4g2dhaj,18000000,
6e3702c0da2e1c51cee752676b0ebc0167bfdd1988454b9bf8d41ff79a9afa88,2023-11-29T22:13:58.965000,sent,kaspa:qypqy6u87km4gewfxxqv7up5q88s4eev5q4esl6h9cl8lucpp48qt0qxrhxfegs,18000000,
94bc36bf67bd7f87fbfd1521f781c4bc7091f84534dcc50310e579c7abf4c58a,2023-11-29T16:04:58.252000,sent,kaspa:qypp5w5jgmcw8avtuz837p0uvs55rhk909gg89d7hdpj0xr8u3tyujszux6u98g,18000000,
849b058ea9ccfff04d2d3b825db89f7546c6446c26e5d11a584e3036f464c105,2023-11-29T15:53:52.832000,sent,kaspa:qyphjud2mzzmq7vd8q7kk4d9xqqzqerme6zpdlrjdfhg2fvpqwlc3kc8nwa4dl7,18000000,
e79801102dc77caa99c8730187d636c4d42e6f8d67b882ac649a760231ebbd48,2023-11-29T15:38:17.254000,sent,kaspa:qyp4xjfjzgs6wma34qpkpt3036vpvewuvc2wwfkv8n0ggpghz0jnhhs7hs7nda5,18000000,
8129861f9fb9951d73c9adcba4650d89adf150c8c085a437a878937c8bf1cdfc,2023-11-29T15:26:32.556000,sent,kaspa:qypvvprjca9khj2hjtsc6vcyaxfjssamzxw5nv35my9nqrl37zrgr0gwzjykd3g,18000000,
f0a27eaf015766113d88535dd4ed0e2b58fff35c559fd8e3a7bc46148dd71cdb,2023-11-29T15:19:39.931000,sent,kaspa:qypwxu0vwav5x5wsruj6kgy4dmqwek8y98waespfnyujdpevhpqzxncjz879nkx,18000000,
c3ebcd60d1482500095b7d7fe7fa53d4a38f5652e0666e5323c7f264035d35ca,2023-11-29T15:12:35.438000,sent,kaspa:qypvkang8dcfcvz96vst6ltgjk2e4djqcewry62u7vy0xpykjl2wvns8nq5pd9k,18010000,
bfb4ce735428d482a1affcd1081b7a850eef18e253d511b1bf7a2d9846611e61,2023-11-29T14:44:27.453000,sent,kaspa:qypz57pfk36cehcrtqp9ns6sah5jreu8arp36hqp92dwud9ezm0y9zge568v0q3,18000000,
6d05e9ccb200ae52869868ca51890a75cb00102358128ea75774bfb424930a98,2023-11-29T14:24:26.688000,sent,kaspa:qypu467fkh0tyekrax8m5nnx4fatrjxjygakkqh6nhlkrqv2mw2eevswplr02mr,18000000,
6e454f3999c9fb0ccfbf4afb5589515d20218e6ddd4eeb18cb27c8df719dc980,2023-11-29T13:51:15.382000,sent,kaspa:qyp9yh9la4w5gjyqd0wyecv66kpx79esrdn8mgccg698ryarqe9lmaqeuekhrr7,18000000,
f6e5637455efda528ccf3d1599243e40456ea0802d914ca0eee45806950f1ac7,2023-11-29T13:32:28.864000,sent,kaspa:qyppxzgvzjsrkyyuur7ftn6ct093dqdu7qm852hwntavhlzln0hgwaqc99eevy8,18000000,
f6e5637455efda528ccf3d1599243e40456ea0802d914ca0eee45806950f1ac7,2023-11-29T13:32:28.864000,sent,kaspa:qyppxzgvzjsrkyyuur7ftn6ct093dqdu7qm852hwntavhlzln0hgwaqc99eevy8,18000000,
1cab8bc1c1d01e033962dc9d52c0de3a8ed46fffd95e23a6fc9aa14566b80629,2023-11-29T11:58:22.669000,received,kaspa:qp0p3xyg009w5qghp0p84lq92s8zq0vq0672zxjz6w6gtw8halfsvzm5cfyg9,700000000,
42f7d8d345722b8f690ededfd00c2617f2b1d1f00203f77f16f1048193aff564,2023-11-29T08:26:14.097000,sent,kaspa:qypydyyae3jvdryghhn7zeewjnt4g7xp9e66l53ycmks9f5vn908lnsadn8a448,18000000,
5d9045f0ccf55b0cfff12671d0d1d892150362f1cf8df49b39fe772a1b2c8347,2023-11-29T08:19:04.264000,sent,kaspa:qyph9k9696cmqa2fjhpkjchk6dvw7fat9rungx5gmkcu8w9twmsz38gr2umerhr,18000000,
943dae95c23dea27e31ad79aaca6a3cb27dfc2b066cb4f92df98933e958a9707,2023-11-29T08:11:48.076000,sent,kaspa:qyplzvz07ah70ny4fhafzxacjuv9myujzz75src8n0se4nfezfv2xdqtk6whux5,18000000,
63b9afbf9eb01b5d72c277353e579c20bc3858075a67cd375876de772b0f968b,2023-11-29T08:02:46.273000,sent,kaspa:qyph6u0gg958arfry7vfqzqj296jyny3wt43h6xkzr924r6hrwllaycphjeuma2,18000000,
25bf3c30ae17c4eb8ccf5a5158a35a388322b49bfd14fee8ffa89407642e7ed5,2023-11-29T07:52:51.474000,sent,kaspa:qyp72tdlgs6fry7kf3f3n642pmh8lavzt0frqkmqxq5j8qxz672zweshlyxy3nx,18000000,
697587146d76a47d7824d8a7efdb1edac0573fe9458f26c91b312931339c80ff,2023-11-29T07:41:58.630000,sent,kaspa:qypqsp898tywvlhpnfxqa8zu6j4lgy0wc3dvc03gspq7lqv9rx0p00cntt807h5,18000000,
2227b6a5093a3f3937603db4a7aab2585586bbd5b59d26d3665c259a120bb605,2023-11-29T07:31:01.269000,sent,kaspa:qypum58kmtyqhfun3rw24jgewxgj28crep2g6qfh7ad9w50vh8qaasc8p0alh3x,18000000,
019a005325f14ae5a428f5bbb4963cdbb6062697fcefcc21dd2edbdcc018db63,2023-11-29T07:22:45.394000,sent,kaspa:qyp9py43kv96ys3ezev07r08m0nzu006xrv4u8fpj0egj8ar68e2mgs8xtn766d,18000000,
bb65af92b3a73e3fefe67b0bd2c77693d530a5d37091f09b81f6ffc5dc8fa040,2023-11-29T07:15:48.998000,sent,kaspa:qyppcgmf0msakekyzc6me2pdq7sh5rrp7lrq4hfjk5cql0jjawwxdtqzjq47d7t,18000000,
cf1bfe8d1da9834bb439caa77ccfbc07c00f723665305b01644df544008f9d0d,2023-11-29T06:46:07.236000,sent,kaspa:qypxstr0ayusm3r9a6cz2gxusz82l34pwmsu3mslqzmu5v5tkd2ayzqkd5sytd8,18000000,
2caa7f4fa409a6eb286bf4f57442a6496966b90a017324697ba8317690ae99c5,2023-11-29T06:36:08.074000,sent,kaspa:qyp56rydnaekl8769q7tvyhpghyz7ykhmjylsws73ktpugz0xvlpuxsccmazqus,18000000,
791ae2b907bd4394392e7f2e38273523e1d5ba742cb6547cf8c44f9055194e01,2023-11-29T06:26:26.848000,sent,kaspa:qyp7qqnj2t9c9nzmx3lr6ptdppt95w4mga6a2zatjv0tzljhelqy4jsl7dk95hu,18000000,
7da5b05cba9ada2044dab97cb958d65fd4607c19714e23f891fbc9f487eac112,2023-11-29T06:15:20.778000,sent,kaspa:qypuxpzh3vmkmdhhlqzw0avvl95jsx57lex2f7ayygtygttzuzrp3nc47snka90,18000000,
74b1cb45b0eaa802ed7395f5db7a9b8289f5cbb8b663c66f69bde1bb65281c53,2023-11-29T06:05:56.809000,sent,kaspa:qyplllhp7hvysdpwcgmphxezve42vcrhmkksuhkvhfle5llgye7hvys9vh7dwlw,18000000,
fea313c9515c918d376abf709d451a161c4302f569b25b9d1ffc1e6cf5b216e3,2023-11-29T05:55:42.257000,sent,kaspa:qypv9twqxuckshn2926t9r0spzlm7sshevzq8hkdv9vzngrx7axf24q0hqlmjsa,18000000,
15fc9132d14e02a8577297a8e283935c59040e7dd74885517b1363f4e51b61bb,2023-11-29T05:46:08.851000,sent,kaspa:qypsyh4v0wg2cn8r6x4p8fe7sq97yl926tmra7almu63fpwvexg2e5s5nhtd8yq,18000000,
a16eca3ee12b23c52e9ee732b9a8f86b5abdb0b10eda2a0d24d6decd910a2af9,2023-11-29T05:36:47.470000,sent,kaspa:qypdz6yzuqyfk5fa4fdt3nsz0ymenf8ex96rjtqwqmanjx96ujwzcmqfuzwkr3s,18000000,
c77dc14a63d4c0da58ea7a3b897f226a943ff64c6ead082c63faecec31ab183d,2023-11-29T05:28:26.408000,sent,kaspa:qypleen80nqqaqxus7mv8u0k8aerpkmcerj0gawu4z0q45vspytzmlqhfhvxtrm,18000000,
65d97ceda2b68c5339fe392c1bf9e4591ab912bd298f23b7ed4c01df863a4ed9,2023-11-29T05:21:50.149000,sent,kaspa:qyp055qguauls52ld8zzgfwctmepwt098h53jznlcu7lm0rsky0j3cg7f663992,18000000,
0d8f2f08686b8320b4c5b28fee8d4b4c051f04abdf24e59c4ad65adb3e481389,2023-11-28T16:06:35.946000,sent,kaspa:qyp5v9uae3kqduxeqkqcy3tdw8sll0q5r5zyntgmtl6qrz2erwuregcvm0w0v2u,18000000,
827636c93126ff1e049ecfffaaacdd0e5cb370b25d3388ef92588c0a3e8401db,2023-11-28T15:46:38.883000,sent,kaspa:qypnaux4lkshw9mwdtypzmpensnnxvwq5dgp4x9vtwyfl4dumsw7n8cl94e6w0w,18000000,
4b24fff1e790da8de68997009906724de9043e2f08173658eff41d998cea5e9e,2023-11-28T15:29:04.460000,sent,kaspa:qyp4xx7azt60ykjlal28gavn2a53cdeey6uyzvpc30fe84xqy5nheusq0u5uaax,18000000,
f7b0a462dee7bdf35081936bad1826df0cf189bcad3c404642eb1e46ee3f2324,2023-11-28T15:03:35.786000,sent,kaspa:qypxw35n08j44w82ay906qfkw20h8u65y7t4elml9r8t930fyj8cr7sfvnx7j5v,18000000,
109a57d7e05b52e978058805a09cb2ebc0b71bd83a7514eb99754379943305b0,2023-11-28T14:30:53.592000,sent,kaspa:qyps8vf8lfuc5kklaar4k2pwktpz9yrsd20rxjcuurl3y7t87gvmt2qet30ywg9,18000000,
a9de44330c2320e409ae3b273287aeff820921f5571167d63a7a287088c5c5dd,2023-11-28T14:17:18.448000,sent,kaspa:qyplpakqd72ml59zx4r6e4amzr0kq0ma2vk6p9tgqla3ywpw9me7juc9zhy3vwh,18000000,
73d238d0fdd75a60d7e3782142f2a06cbe7c863f02b9464187cd178efcbd2c63,2023-11-28T13:55:53.762000,sent,kaspa:qypqr7e6pue6aytwygmrztn4fjmw9k4g0gnh76jqehguzx24za5u59suxz9dxvg,18000000,
e1f25c486445219bd8d04b6d8cd99f671ef8ba2d140728458b5ff822c46735d6,2023-11-28T13:41:57.518000,sent,kaspa:qypaw0pf7mul2w9f9x7p3xgjh5x2mw47gmr9e77z5wgzwjq3wzwekrghdn0aj0x,18000000,
2cb1a09353489002b65e91ac5d9b466c343e69102d3945fb8e33027073288188,2023-11-28T13:27:42.967000,sent,kaspa:qyp20kv8naemsqx4crwktyec39q4ywk7cjfxv8w04yv2lm8mg6v350q765dwjhx,18000000,
f10af2575ddbd585204618602ff446fb82cbdb38f98080893a50b785f1d20b78,2023-11-28T13:19:52.587000,sent,kaspa:qyp4kqucpnhykmhf3xrlpy59fq9vdvdww9v7pjeuqgexnlghgn4r6tcgxm8dqxd,18000000,
f10af2575ddbd585204618602ff446fb82cbdb38f98080893a50b785f1d20b78,2023-11-28T13:19:52.587000,sent,kaspa:qyp4kqucpnhykmhf3xrlpy59fq9vdvdww9v7pjeuqgexnlghgn4r6tcgxm8dqxd,18000000,
6445f761c13483eb7e57677ea6c9c221a11507f4cf5e82640cde017ed56e5be3,2023-11-28T11:04:05.590000,received,kaspa:qp0p3xyg009w5qghp0p84lq92s8zq0vq0672zxjz6w6gtw8halfsvzm5cfyg9,800000000,
6445f761c13483eb7e57677ea6c9c221a11507f4cf5e82640cde017ed56e5be3,2023-11-28T11:04:05.590000,received,kaspa:qp0p3xyg009w5qghp0p84lq92s8zq0vq0672zxjz6w6gtw8halfsvzm5cfyg9,800000000,
d463e6b177b1376aa447780d163a4a6afbc81b285a13ed0b3efc3e6c219dae0a,2023-11-28T09:35:50.334000,sent,kaspa:qyppmhkg2l4l43h0ljaydyhve9stg0w05fc6cwr2ms28uec4cw4j4yq3z0dumkc,18000000,
309a2d9f7b429d58fc504755d6fb7a5180f475bdc529818c2b03bfea3d4181ca,2023-11-28T09:11:45.123000,sent,kaspa:qyphljtuyn9kqphmfxymxshkae43x9xvdm8m6fh0ad29x8kv4zh9hccsqvunwye,18000000,
c8b3be8489295082caf835f1da86ed8cfa8894383342f4798cc582fe1a0d0a68,2023-11-28T08:50:39.920000,sent,kaspa:qypekwze4ex6mpurn8fy3hkjqvka4lrhuzq22qev82llppr42pyl02swwuvl0ng,18000000,
88bca007b832f8e25165059bd7fcf368fb6426e914b8da76b0b3cb5b3f58541f,2023-11-28T08:42:32.518000,sent,kaspa:qyplqt73tkhaqzmhazye9p4vq74kuszkkmxge8vfh55pe6f8x3kjcag22g2l03a,18000000,
433285ea870f82bb136d44512543065ffbce0d0922c80929c498ad1b5e1d7af1,2023-11-28T08:21:11.604000,sent,kaspa:qyp65d9drxan7jn4d567gx4nljr8j5x6g6ex2myxq4e0rxs5w60x4jsu8rsz6y9,18000000,
48d642b2c29e163ab07527dc2cc56a378bbf1776a32cada3c5784d642145f608,2023-11-28T08:05:12.176000,sent,kaspa:qypyuhyxvv0s4uf6xhcj6h08a8wyls27n8hwxrtnt7fyzgl8jsjwdncpnp2yqrh,18000000,
5ebfd54e6fdfa7e8a76d8ff5cb951b1794c0ba1ae10303b80b0c6f61794538ac,2023-11-28T07:57:53.140000,sent,kaspa:qypl09hhuwgce8eg6lsedtrdappsdseeh4pacmplqsw7f6d00vr8qqq8m9qucll,18000000,
c43634062028fbc8fe3bd5771efb4c7aa44790127bd38bfc1a957b1c457d53da,2023-11-28T07:49:05.692000,sent,kaspa:qyprsqkp0spx0hqdfqs82puegzf9k9zakf0r9v2a4yyauag6szvzvzsg7nxdrs2,18000000,
a4947391e1c08317a8ee876f5f8e848a0d1f8520c1b82c5e8efceb2be8872fef,2023-11-28T07:38:48.266000,sent,kaspa:qyp5g0khjmhsq05drl8mnyq67cz0zdr6lh7v8wtzq2sx3xc8xjkmqzgdg5vh0tr,18000000,
a07e89bce7801b636f34ffd1caeab485cf90e65bc7e3c63adedd0780f852670a,2023-11-28T06:22:07.626000,sent,kaspa:qypfktew3379k0ptm8zptnzsuph690ejg6tq0swqrn0pkp9afy0ze5gdsfdrlvz,18000000,
ebe734e657d625721c8f74c92f3e7d6c7ef35ac820dd0279bedd9c2e10635363,2023-11-28T06:13:24.332000,sent,kaspa:qypu0hqyas6erzznywq2xedw7slul02fmcj54u0av4ses7zdjkmt6xqd6scjgft,18000000,
c8094c98cb65af6d81ed9c30e3aa3b5dc47042070851fe5e36063c9dc3c3c52f,2023-11-28T06:03:39.958000,sent,kaspa:qyp30cu3qkaa659ldzpz2luwvvltrpx8s0alzl6lemqm4gz0dvw9tksnuxjg2px,18000000,
440e31f40c9d45b3b2d2728da4e63efd3b7cbbc4bb160ad4e4775634457ade45,2023-11-28T05:53:55.300000,sent,kaspa:qypk35hmmzl0exrfdswqeujfq63cajsxhg5dujaawtljfkl478v3ewqu6tu574n,18000000,
dc4ad6f163d46514d6791fef4bc58ba732c58f62429b7badc1fb226ba9134279,2023-11-28T05:41:14.854000,sent,kaspa:qypang655ycqzq2tafap56jahjmws7w8m3xnwakesrtrftv3vk8g5vg6y7fvg4g,18000000,
35d81fdfcb19e460d65f2017201f8a321256aa74327ea5c10a29e85a4f085cdc,2023-11-28T05:30:17.203000,sent,kaspa:qypmmf78zhvuruasn623x6wp0kmn7hzjwg8l37tg2rwukffy05jz4vcg0cfptpv,18000000,
35a19a3246fd132ecfaa5bd8fd49e131a4dc30a5feeade5913e8cfbc22351f37,2023-11-28T05:20:16.355000,sent,kaspa:qypch7nhxs8vwzdqkvvffurnd9zg2zyjl4mz6gv5rgyaspx4dh6c8kqlw7ncnjz,18000000,
335761c7fd9fe759be550891826b587f0aae32bb37c183f241496104d6ed7520,2023-11-28T05:04:51.476000,sent,kaspa:qypq7avna9hkxyzggjwpp0l2spwx2wh2jeez5xd4q6jukmkh75s28mckluhy8gu,18000000,
437fd8995023612749f38ce5c04c01b287d6c991d16471bf0146c7d6d4750807,2023-11-28T04:53:51.242000,sent,kaspa:qyp5mg3rpj2u8xrnpsrekcm07zskej05r3h0zan3s2e6maucxlhhtqggr4q3yl0,18000000,
3403040b281c1925f8c5ddbf0dcd23381d41efa5d61617ca39c5aff87dca1e84,2023-11-28T04:43:04.857000,sent,kaspa:qqcnqesn2zlspyvrk38mzaq7uav8ra3a89n4cc6cw0qk9u63q9ea5c6j34uya,19000000,
905428846b08719ac1b136382e41a1fdb494159515d03e80e20a84a0ef8b60ce,2023-11-28T04:31:43.777000,sent,kaspa:qyp2zphp9d6xz6qcae0fvf5apdlnksny7p6hnhszr96eehkwe9287rqsfndjm5l,18000000,
e9956b0d472bbc52f0b744d8b22bb821be29eef20077cf748466dc3484741671,2023-11-28T04:22:45.027000,sent,kaspa:qypg48cgu8tn3kpf5skl8582urtvjd7ghhr008ld7fps84exzjt7lgqrrvgjsat,18000000,
9438658ebb7fbba64940411ff9e3b0eca33c68ea1df090eb38e603e756416e1e,2023-11-28T04:11:09.697000,sent,kaspa:qypc0mppam2ft7z05a8nhu3k5tlhqur03u9sfn0ljgcwgvcfskk7yfsm9e7pdnd,18000000,
2fe0049100b31d24aa7e23b93fea150e73a3dc1cf0725ed96a8e9cea45772d82,2023-11-28T04:01:17.736000,sent,kaspa:qypmha98nk5p5e4g8jkeqmp6qsmm2pwxvy58cn4xxw2kcgr2754fmjcvzr4pdpj,18000000,
a4adf78f0eeb802ad3ab648a337cf5d5e3c08b4378460347eefd779a30c9e51c,2023-11-27T15:43:39.373000,sent,kaspa:qypcsxl0wuhafdra7jq8rcxrf7r5twr2qx4q5n5chrhnv8dftpcq5as90hvtnc4,18000000,
2b0700a70e098620052b9e9b7eab7c7360a8c23a54f1a4599f9eb2dc0ffba458,2023-11-27T15:29:15.897000,sent,kaspa:qyplgkz020utcr3cyaf7zkuvx67ex80ku7w8kz8sptxpe6njw24cr4c5p2dk87r,18000000,
0d4cf1325796db22f6834a08ba31c1240970c8f75f1ad5cef0679e158a87fa14,2023-11-27T15:20:16.847000,sent,kaspa:qyp6xm8xxgah2fz30rcp7anlgl79hcj9jz6tskak2vedwcsgtr45v5q8sw7ucva,18000000,
15c164f20c17c0b3b2e2b7dc70d48429dc5025caff4b8235293db5100761bd00,2023-11-27T15:13:53.814000,sent,kaspa:qypqnsrptqd6eh73d2cszaypnlh6pecl732svtsp26kr4wjtp64rk0gas7svn6h,18000000,
2a5c660592e480df8a6961b3fcdc8963315bcfe81b975c528e65125deaa49daf,2023-11-27T15:06:32.022000,sent,kaspa:qypt80y8rjps2f5fh0mlx0w085f0sn95unsqts2xrrdard06r5cqqegjts0kdgu,18000000,
7cfc74310c1dd0bae96c1c2155b81019938cc72d931ccab0beabb1493c0e3815,2023-11-27T14:53:53.989000,received,kaspa:qp9fdnfy6k4qxedx6km7wdryd0t80h2kf3a6c44nrvx22legr2v9v5ax3sgz6,567280000,
