tx_id,timestamp,direction,peer_address,amount_sompi,cex_label
777da8ae30efc9b8aee24e751d9222c255183c026ca6cfe16cbfb03ba6eee6b0,2023-11-27T15:07:12.792000,sent,kaspa:qqwvnkp47wsj6n4hkdlgj8dsauyx0xvefunnwvvsmpq2udd0ka8ckmpuqw3k5,6404862750000,
3622a9eb3fecf32382d1e77c4868fdc95e32c73492b675233148b0eae53c011e,2023-11-27T15:05:12.247000,sent,kaspa:qq7hfzy0fzp0f3k0qg6q7tzxen93qm8v598kfuddlksq2873n9g7gpq8jjszz,10000000000,
7423e36bf4419f8f13e6140ec1bcdfdde06dcdc61dc2a3c82a202ae6cb56d59f,2023-11-07T15:14:26.999000,sent,kaspa:qph07c6sgz3tnt6qq2rq3nr97mcrw0rrffj0un86fttmt4927uenjt83e8cy4,13000000000000,
7423e36bf4419f8f13e6140ec1bcdfdde06dcdc61dc2a3c82a202ae6cb56d59f,2023-11-07T15:14:26.999000,sent,kaspa:qph07c6sgz3tnt6qq2rq3nr97mcrw0rrffj0un86fttmt4927uenjt83e8cy4,13000000000000,
7423e36bf4419f8f13e6140ec1bcdfdde06dcdc61dc2a3c82a202ae6cb56d59f,2023-11-07T15:14:26.999000,sent,kaspa:qph07c6sgz3tnt6qq2rq3nr97mcrw0rrffj0un86fttmt4927uenjt83e8cy4,13000000000000,
b6b60d3146fb65b6ee0eebb336d59ddba58a9ce0e0a603c49676edf44dd29ce6,2023-07-09T16:25:28.258000,received,kaspa:qplhlzzsjvd6wtfuwh50hpwu5jkl0geqpwtqsg76p0ddd46a2ltgvyq30a2cd,100000000000,
3b2cff7fb8bfa97bac0fdfdfb56c11e6f764a3c77ee13596cb5fba950ec5d2fd,2023-07-01T12:52:30.523000,received,kaspa:qq3k4du6wf2g26j7ds6fqmgtgavgm3zy676wntp2e52nsuns2n4s6xkndmx0y,19304863050000,
c797ca13596295fb44c3847f56db0060bd5ca565e0108bd87154c741f129384a,2023-07-01T12:49:30.449000,received,kaspa:qq3k4du6wf2g26j7ds6fqmgtgavgm3zy676wntp2e52nsuns2n4s6xkndmx0y,10000000000,
