tx_id,timestamp,direction,peer_address,amount_sompi,cex_label
ce9fd1cffae9ff01ff622094c66c26884104fcf54ab229c4d7c4dc91ce99403c,2024-06-30T08:01:39.846000,sent,kaspa:qq9zagcza4jt76eev9jl5z0nqhe0thcu7js8larktj4sle7lvgnw7sfcewlty,2800000000000,
3f9c202923f05e98cbc5827f05469013a019602475547ab9a55a70c62c75a85e,2024-06-30T07:58:51.602000,sent,kaspa:qq9zagcza4jt76eev9jl5z0nqhe0thcu7js8larktj4sle7lvgnw7sfcewlty,2000000000000,
c336343a1250494f6e885a851fe19c294fc9675e94794e55a047977ad0b24ebb,2024-06-30T07:55:20.661000,sent,kaspa:qq9zagcza4jt76eev9jl5z0nqhe0thcu7js8larktj4sle7lvgnw7sfcewlty,1000000000000,
f5d8c494bfda562201cbea09f549db5813666381a276d20bb50c575f7e39002e,2024-06-30T07:52:57.900000,sent,kaspa:qq9zagcza4jt76eev9jl5z0nqhe0thcu7js8larktj4sle7lvgnw7sfcewlty,500000000000,
6d33c5b55a9b548c0c4f71a3bb9b8d548c662c2bd4f1d210c8ae35154f6a89a5,2024-06-30T07:50:35.946000,sent,kaspa:qq9zagcza4jt76eev9jl5z0nqhe0thcu7js8larktj4sle7lvgnw7sfcewlty,100000000000,
a4b3d6bfbb465b35f44c98c56256602ab742cdcba37e3e35c34057e25d149975,2024-06-30T07:28:25.533000,sent,kaspa:qq9zagcza4jt76eev9jl5z0nqhe0thcu7js8larktj4sle7lvgnw7sfcewlty,10000000000,
a4b3d6bfbb465b35f44c98c56256602ab742cdcba37e3e35c34057e25d149975,2024-06-30T07:28:25.533000,sent,kaspa:qq9zagcza4jt76eev9jl5z0nqhe0thcu7js8larktj4sle7lvgnw7sfcewlty,10000000000,
6504b0445a97b86dfd8dd4ee0426ed4c913e38e4b40cdd387b65e4aa821e9557,2024-06-30T07:24:56.371000,received,kaspa:qq9zagcza4jt76eev9jl5z0nqhe0thcu7js8larktj4sle7lvgnw7sfcewlty,5490310516,
6504b0445a97b86dfd8dd4ee0426ed4c913e38e4b40cdd387b65e4aa821e9557,2024-06-30T07:24:56.371000,received,kaspa:qq9zagcza4jt76eev9jl5z0nqhe0thcu7js8larktj4sle7lvgnw7sfcewlty,5490310516,
4947c35d04f29d70224221e427791148222b8244d2ac0075ecb13b3f9d18abff,2024-06-30T07:21:24.608000,sent,kaspa:qq9zagcza4jt76eev9jl5z0nqhe0thcu7js8larktj4sle7lvgnw7sfcewlty,1000000000,
1a9b32c5e76dfe32ade8f655189033abafb559f5136316219b6a0497c76c7ded,2024-06-15T19:16:36.408000,sent,kaspa:qpkc8ttp7e2sfzlvsun2k3msxwq0fqgdrc2nh8f28qw2y9z4reyl6l38tntys,50000000000,
7be6281d667ca7f5a7085c47b278147b09d7baf23aa26c80f3427edd3a01dbfb,2024-06-15T18:49:53.306000,sent,kaspa:qpkc8ttp7e2sfzlvsun2k3msxwq0fqgdrc2nh8f28qw2y9z4reyl6l38tntys,10000000000,
825a76215eee9039fc9929457d9af9ef5a2aa570582d8a7375e974a1ca6c141f,2024-06-13T17:39:28.608000,sent,kaspa:qpkc8ttp7e2sfzlvsun2k3msxwq0fqgdrc2nh8f28qw2y9z4reyl6l38tntys,10000000000,
c1aee474f33b9b67c5dad975d114c0dfcf60ffe2608e0012bf0649f6217db432,2024-03-28T19:23:08.776000,sent,kaspa:qzft8erzr45famxx39gquc457ydd4lkm0uqpfsu6xrsululg52umwshywq4p5,145000000000,
559fec0ec7405550d308f98bdebf1a564787d2a393a2c6a2a731a39899502d8e,2024-03-13T05:24:46.098000,sent,kaspa:qpkc8ttp7e2sfzlvsun2k3msxwq0fqgdrc2nh8f28qw2y9z4reyl6l38tntys,700000000000,
b8c9c355a35d0af9c932d27651b9c9cf8455a67386c83e823b31ebec8b42ca75,2024-03-13T05:01:57.193000,sent,kaspa:qpkc8ttp7e2sfzlvsun2k3msxwq0fqgdrc2nh8f28qw2y9z4reyl6l38tntys,1000000000,
4bca005be62790743199291ac683371abdbbba9ed381772052a7713fb73e0fc2,2024-03-12T18:23:40.423000,sent,kaspa:qqk4y9mn6vsvjt6lkcs3x5hgn927jmmz03t9jz5ck0f260ywcxvkz2e3qatle,350000000000,
ca02699acabf970b066ef882b88826a76921bbb87d7485a3fcb4aef0af5941f5,2024-03-12T16:06:47.685000,sent,kaspa:qqk4y9mn6vsvjt6lkcs3x5hgn927jmmz03t9jz5ck0f260ywcxvkz2e3qatle,100000000000,
578281769220221413db193b03b9fbc522f762fc005a2d78098c4bc6632675ae,2024-03-12T11:36:42.354000,sent,kaspa:qqk4y9mn6vsvjt6lkcs3x5hgn927jmmz03t9jz5ck0f260ywcxvkz2e3qatle,200000000000,
f99d3313061f654d61f8d0149771f2bb38c68b15cb718bcd92e33a6edb49dc4a,2024-03-12T11:18:07.801000,sent,kaspa:qqk4y9mn6vsvjt6lkcs3x5hgn927jmmz03t9jz5ck0f260ywcxvkz2e3qatle,10000000000,
6c81ed3fc88b7f7e6af0f2f7c0510ea3e0891087b6c929c0dc25e522d5fa8246,2024-03-12T05:20:27.878000,sent,kaspa:qqk4y9mn6vsvjt6lkcs3x5hgn927jmmz03t9jz5ck0f260ywcxvkz2e3qatle,1000000000,
6c81ed3fc88b7f7e6af0f2f7c0510ea3e0891087b6c929c0dc25e522d5fa8246,2024-03-12T05:20:27.878000,sent,kaspa:qqk4y9mn6vsvjt6lkcs3x5hgn927jmmz03t9jz5ck0f260ywcxvkz2e3qatle,1000000000,
6c81ed3fc88b7f7e6af0f2f7c0510ea3e0891087b6c929c0dc25e522d5fa8246,2024-03-12T05:20:27.878000,sent,kaspa:qqk4y9mn6vsvjt6lkcs3x5hgn927jmmz03t9jz5ck0f260ywcxvkz2e3qatle,1000000000,
6c81ed3fc88b7f7e6af0f2f7c0510ea3e0891087b6c929c0dc25e522d5fa8246,2024-03-12T05:20:27.878000,sent,kaspa:qqk4y9mn6vsvjt6lkcs3x5hgn927jmmz03t9jz5ck0f260ywcxvkz2e3qatle,1000000000,
6c81ed3fc88b7f7e6af0f2f7c0510ea3e0891087b6c929c0dc25e522d5fa8246,2024-03-12T05:20:27.878000,sent,kaspa:qqk4y9mn6vsvjt6lkcs3x5hgn927jmmz03t9jz5ck0f260ywcxvkz2e3qatle,1000000000,
42fe27ce6a2a0dcda05860dc4f324aa8f5567d01cc8866f4df6271712827001b,2023-09-04T18:52:03.634000,received,kaspa:qp22gvc64zfftenpdj9gljr5m50hlq0eypvj297kq5l3k0apcy5fqtxh7j5em,934484340000,
377b4055cbde1aed0053a63b9e49d7fb1fc3bba53f970dc73e13fcc71abf4c3d,2023-08-02T08:00:04.434000,received,kaspa:qp7jed7una07f5mgkkhvsr2045pcmsl2pwyecwea7svw30ajktkv56nxfl9sh,2855236940000,
5e2adf9750036fb801bbbe70535d79ffe0f23a064d41415f26be225560e58da7,2023-08-02T07:52:05.122000,received,kaspa:qpp74s5fq7etnsyyl34fmc7fydh6fcgaxrv55gzpezafwh5rv5d3u03g9la7h,2495000000000,
1554353292edf56250f654107329243903b1d81f1a8a4eb4eb976d27e19501d6,2023-08-02T07:26:04.279000,received,kaspa:qzndj0dmhp0m2f32r72psjd6alvlljc7n7j9222g43pgtnaeqrwyqlsc6akvy,995000000000,
606008fedef8f27a4fb04117b0b9335b8255c387916abb81aad2bb35c646d4b4,2023-08-02T07:13:34.037000,sent,kaspa:qp48jevhh87ts739z3wu98qzygmr3amhzew79rwrj90x7g98jdyy2kp2fukjp,10000000000,
606008fedef8f27a4fb04117b0b9335b8255c387916abb81aad2bb35c646d4b4,2023-08-02T07:13:34.037000,sent,kaspa:qp48jevhh87ts739z3wu98qzygmr3amhzew79rwrj90x7g98jdyy2kp2fukjp,10000000000,
606008fedef8f27a4fb04117b0b9335b8255c387916abb81aad2bb35c646d4b4,2023-08-02T07:13:34.037000,sent,kaspa:qp48jevhh87ts739z3wu98qzygmr3amhzew79rwrj90x7g98jdyy2kp2fukjp,10000000000,
606008fedef8f27a4fb04117b0b9335b8255c387916abb81aad2bb35c646d4b4,2023-08-02T07:13:34.037000,sent,kaspa:qp48jevhh87ts739z3wu98qzygmr3amhzew79rwrj90x7g98jdyy2kp2fukjp,10000000000,
606008fedef8f27a4fb04117b0b9335b8255c387916abb81aad2bb35c646d4b4,2023-08-02T07:13:34.037000,sent,kaspa:qp48jevhh87ts739z3wu98qzygmr3amhzew79rwrj90x7g98jdyy2kp2fukjp,10000000000,
606008fedef8f27a4fb04117b0b9335b8255c387916abb81aad2bb35c646d4b4,2023-08-02T07:13:34.037000,sent,kaspa:qp48jevhh87ts739z3wu98qzygmr3amhzew79rwrj90x7g98jdyy2kp2fukjp,10000000000,
606008fedef8f27a4fb04117b0b9335b8255c387916abb81aad2bb35c646d4b4,2023-08-02T07:13:34.037000,sent,kaspa:qp48jevhh87ts739z3wu98qzygmr3amhzew79rwrj90x7g98jdyy2kp2fukjp,10000000000,
606008fedef8f27a4fb04117b0b9335b8255c387916abb81aad2bb35c646d4b4,2023-08-02T07:13:34.037000,sent,kaspa:qp48jevhh87ts739z3wu98qzygmr3amhzew79rwrj90x7g98jdyy2kp2fukjp,10000000000,
b9b8fdd4493a52e1094fe226afe6853848129174a92be67112f8abf8afa31239,2023-08-02T07:00:06.308000,received,kaspa:qp69t7p3rl0cxkxyg6sjlm3s43j8v6n5jhzcw80x8a9988wmqmgc6etce49xp,95000000000,
9c9f98c30dc632c1c0dddd3229b5e25a75d9c69eec5071ae03fa1f4543b54a75,2023-08-02T06:52:05.147000,received,kaspa:qptau4sqljzjrdzawpmdrgyr0p73jqfpfsrzvux85wa8ezj454sy229fqt597,5000000000,
8701f664deaa8e611223c07f303ba6aee15beca9b0481f8ecfb54a32ed92e80e,2023-08-02T01:00:05.763000,received,kaspa:qq6ktkdr7e5gdp0fpyde36jhps7f0c8a9ch33a7qj6ld50tmg3z9y82a9q8tj,5000000000,
359370103b424343a148424bf4c3aea5db0f5f94868112727999c7132d3344c9,2023-08-01T07:26:03.575000,received,kaspa:qqcsrq34p3et5g2yzrzn2xwn8wpmxku59aa89v3yul2fc8jg5msyzylxelmld,5000000000,
dc42abebdeb27d648d8681401700b03b7b2d0b8773df7bb9f0a680b0f453d8f2,2023-05-03T06:52:03.280000,received,kaspa:qp95z59x8ft02pa0khhrh6rtuqnhyxe96wxfxkh2z8p84ch5ww6777068kzm5,95000000000,
af7e8e21534fe1649f710176ace0ebacf22b063df4fe9546692c8de88945cb50,2023-05-01T14:59:57.228000,received,kaspa:qq62nghr2nj0ehyu5tz86x7hpp45nma73kt45hssxgwmrdtqt5uj604xvvarh,5000000000,
53fe537f38d13cb621a38921fadcb3bec6b31814843c5a92f718eeb932b3bf0c,2023-04-30T22:47:26.176000,received,kaspa:qzp8uwfautv8pyzkhvl4rjaes2w0y22j7wzaa4mfrfs4n5069xvnxhtm922ep,5000000000,
dc130afc8e3a7d11a2fedbcc7584f45b13ba19e36a6d323c94a6891230d532da,2023-04-30T14:30:12.030000,received,kaspa:qzdrxfay2ywxe6srtmamjm30yegdw76nnf05axnnze8ezhca4mrkcqgvxrhl4,500000000000,
