tx_id,timestamp,direction,peer_address,amount_sompi,cex_label
01cb8c115edabb2042a5442ee93d121ad064a250351e679154cb7b374259f0b1,2023-12-16T05:05:07.840000,sent,kaspa:qzslgwenzu78t6tldlng383g7ruu4enaljmnkgaulyrscjp7ldt26x8gfxck5,171940000,
01cb8c115edabb2042a5442ee93d121ad064a250351e679154cb7b374259f0b1,2023-12-16T05:05:07.840000,sent,kaspa:qzslgwenzu78t6tldlng383g7ruu4enaljmnkgaulyrscjp7ldt26x8gfxck5,171940000,
e9bd4fb820670a80038c9cc44044a121d83ea322fec74994fba12e0207443cef,2023-12-13T03:52:40.596000,received,kaspa:qypswxtcrv4ssyjaswy5w9387vq73mkuyq85tl34cee6qn5uexqy0csgnafnjx7,171000000,
117e6f2863ecb39d2000b0eb775dbb471f299bbb5e63b0f2a5ed46aa953b5df5,2023-11-29T19:07:52.792000,sent,kaspa:qypshfvz20upg329ynlfgsqmzzyeldn9t6gc4veqsrdmcuqqq89pdyc4r2g5ffz,18000000,
e53b08814ba8ff82024ed99e3a1fd85928b37d562e142e4b578a1a7d7679bf1d,2023-11-29T07:01:07.153000,received,kaspa:qpwhru0ycq9aqhmkwzwsz5q888cxytn6pjlhang56rff0m2ysh727vazd7ejt,19000000,
