tx_id,timestamp,direction,peer_address,amount_sompi,cex_label
cd87f2d7d9447bc336653374b4811493acb718fbc697ddc1f399fc34aceb31c7,2023-12-18T11:26:57.525000,sent,kaspa:qq8w5g7qdh7qm0lgrdt5mnr874h9p3594lt9qj7t2drlfaf0sfpc6sh8ykx2x,47603280000,
6182078331a7b5d6f1e097e604bd730520232ee70a43dcb11d8ae7b5b0f83e6a,2023-12-13T00:45:08.113000,received,kaspa:qypswxtcrv4ssyjaswy5w9387vq73mkuyq85tl34cee6qn5uexqy0csgnafnjx7,171000000,
84bd622e41b7bedbbe6e6adc333833306c4cec7886d5c854877a787b8cfe2ce9,2023-11-29T16:26:37.046000,sent,kaspa:qyp2qcstkq87gypy3akj22tex4pyke7lhn5ql4zxdyl8076k7slm3vcfmu3wqvm,18000000,
84bd622e41b7bedbbe6e6adc333833306c4cec7886d5c854877a787b8cfe2ce9,2023-11-29T16:26:37.046000,sent,kaspa:qznk7j7j7qj3zyyx3qk6kqx7f67vk2max9d0n6e7e7fskkqq6ejdk99dsy2hw,4250130000,
862c6b5a2c2e7cada3208651cc2bca05ff872652a4ce39c71fab754c2cd118a2,2023-11-29T16:03:59.304000,received,kaspa:qrfrrhf3tkpjk2anhhtslzylnn3c26uxv3e9lr8yt8qzl73824a5qafx3qmwc,4268140000,
