tx_id,timestamp,direction,peer_address,amount_sompi,cex_label
fd0cc9e0f189f19d8e8e8e24dd22dd59980d8bcea0af24de76e5f9f88a6870cd,2023-12-16T03:35:16.856000,sent,kaspa:qzslgwenzu78t6tldlng383g7ruu4enaljmnkgaulyrscjp7ldt26x8gfxck5,171940000,
fd0cc9e0f189f19d8e8e8e24dd22dd59980d8bcea0af24de76e5f9f88a6870cd,2023-12-16T03:35:16.856000,sent,kaspa:qzslgwenzu78t6tldlng383g7ruu4enaljmnkgaulyrscjp7ldt26x8gfxck5,171940000,
96d73916fec49a6a3536bfdd633f2730f1dc0ecbb4d389fccae9e15a7c2b9b62,2023-12-11T23:45:23.671000,received,kaspa:qypswxtcrv4ssyjaswy5w9387vq73mkuyq85tl34cee6qn5uexqy0csgnafnjx7,171000000,
2cb31a7f6ebe0bd4e0b2d53b9ed3618db110a35a290ec29935f6ba869262beaa,2023-11-27T13:54:30.331000,sent,kaspa:qypgpyhcywz72m4630a8q4ujf842cfnawrxqanf9l77tgzq58u98wlgafl56v5r,18000000,
9a10093f22c59a664c38192cf6c4ad076f7587dbd6da29f341656df7adb9ad08,2023-11-27T05:00:42.375000,received,kaspa:qr4l6ccrnequlsgxdtfmc748wfv0dlcywwh86sweqrn68kve6kptwajp8fk3g,19000000,
