tx_id,timestamp,direction,peer_address,amount_sompi,cex_label
8ee8d2b7fa5cba72134c97303b89c7690fccec6768ca8e16d62e09275894fe52,2023-12-16T03:22:33.700000,sent,kaspa:qzslgwenzu78t6tldlng383g7ruu4enaljmnkgaulyrscjp7ldt26x8gfxck5,171940000,
8ee8d2b7fa5cba72134c97303b89c7690fccec6768ca8e16d62e09275894fe52,2023-12-16T03:22:33.700000,sent,kaspa:qzslgwenzu78t6tldlng383g7ruu4enaljmnkgaulyrscjp7ldt26x8gfxck5,171940000,
0af3895ccfc557558145dabddc4ac97fba5331a7185019babdc8ad6b87ed85e3,2023-12-12T03:53:25.105000,received,kaspa:qypswxtcrv4ssyjaswy5w9387vq73mkuyq85tl34cee6qn5uexqy0csgnafnjx7,171000000,
dc94dfd5f3b26d8b464fbf5f8b4cceadfc53e65aad27b8512307056c9eec0799,2023-11-28T01:43:32.679000,sent,kaspa:qypucjzcy5hcktfd5nwqjzc8rw75yc008stldy4mcs2gwhsvd7rdzxqxspv8n69,18000000,
b6b45210afb8ccbb24cadfb7a49c37c36892ed10446cda0c5fcf4741adb8567b,2023-11-28T01:07:41.483000,received,kaspa:qqeyly5kcha7xxm6c6vy78m4le9jwx6tdwdeuxx60khd9pr9h37n7rhwsfj9p,19000000,
