tx_id,timestamp,direction,peer_address,amount_sompi,cex_label
6dfefe063f33771d7eb5b8fb4ea96583c5764c87fec1952d9500ec2793e477ff,2025-03-15T12:17:35.186000,sent,kaspa:qpzpfwcsqsxhxwup26r55fd0ghqlhyugz8cp6y3wxuddc02vcxtjg75pspnwz,10000000000000,MEXC
6dfefe063f33771d7eb5b8fb4ea96583c5764c87fec1952d9500ec2793e477ff,2025-03-15T12:17:35.186000,sent,kaspa:qpjunp39ssazf4rzfxxu0hd35xggfxn6lq0ls9u9q6peevzcmcv4xmv9q4njd,73008657411,
6dfefe063f33771d7eb5b8fb4ea96583c5764c87fec1952d9500ec2793e477ff,2025-03-15T12:17:35.186000,sent,kaspa:qpzpfwcsqsxhxwup26r55fd0ghqlhyugz8cp6y3wxuddc02vcxtjg75pspnwz,10000000000000,MEXC
6dfefe063f33771d7eb5b8fb4ea96583c5764c87fec1952d9500ec2793e477ff,2025-03-15T12:17:35.186000,sent,kaspa:qpjunp39ssazf4rzfxxu0hd35xggfxn6lq0ls9u9q6peevzcmcv4xmv9q4njd,73008657411,
8e3e100ad9a41cc7d26c3340582dbaa9e0dbccc934eee2cca9e9f805a0157e4a,2025-03-14T15:42:33.426000,received,kaspa:qqwtulqr0er6szhvdwyevj68pu404wde7u7ddnwphy8np69ccq46zt7x64ncg,499999990000,
d3bd5749f463e8a596d46e173a7db639c53e470cdc9ffa255b33429bb701f8e2,2025-03-14T09:14:53.801000,received,kaspa:qpnyu5cynnw2nysx3kdy0e0e59rf4m68878mxjlak225nl59spctjs5zaxkv8,499999990000,
bbe39fe74c5bee60d8d7de2fd1a58be4d5f0f83c9e0dda9935eda44a95515656,2025-03-11T20:02:43.218000,sent,kaspa:qpjunp39ssazf4rzfxxu0hd35xggfxn6lq0ls9u9q6peevzcmcv4xmv9q4njd,5789179781040,
5cfbdf6e33f962e2faf7c8ab16c554939834e66e7fdf6e90dd1fbbfac0991691,2025-03-11T19:58:32.135000,sent,kaspa:qpzpfwcsqsxhxwup26r55fd0ghqlhyugz8cp6y3wxuddc02vcxtjg75pspnwz,10000000000000,MEXC
5cfbdf6e33f962e2faf7c8ab16c554939834e66e7fdf6e90dd1fbbfac0991691,2025-03-11T19:58:32.135000,sent,kaspa:qpjunp39ssazf4rzfxxu0hd35xggfxn6lq0ls9u9q6peevzcmcv4xmv9q4njd,217790720860,
5cfbdf6e33f962e2faf7c8ab16c554939834e66e7fdf6e90dd1fbbfac0991691,2025-03-11T19:58:32.135000,sent,kaspa:qpzpfwcsqsxhxwup26r55fd0ghqlhyugz8cp6y3wxuddc02vcxtjg75pspnwz,10000000000000,MEXC
5cfbdf6e33f962e2faf7c8ab16c554939834e66e7fdf6e90dd1fbbfac0991691,2025-03-11T19:58:32.135000,sent,kaspa:qpjunp39ssazf4rzfxxu0hd35xggfxn6lq0ls9u9q6peevzcmcv4xmv9q4njd,217790720860,
781491224b9921f8926ea35feda3df8533244a74f810f4730870e281ebcd4bac,2025-03-11T19:56:03.795000,sent,kaspa:qpzpfwcsqsxhxwup26r55fd0ghqlhyugz8cp6y3wxuddc02vcxtjg75pspnwz,10000000000000,MEXC
781491224b9921f8926ea35feda3df8533244a74f810f4730870e281ebcd4bac,2025-03-11T19:56:03.795000,sent,kaspa:qpjunp39ssazf4rzfxxu0hd35xggfxn6lq0ls9u9q6peevzcmcv4xmv9q4njd,522116763134,
a87c3a656e126249ca6fd2083a4fcb3513a618fea84c52f326066c824702e11c,2025-03-11T19:49:38.859000,sent,kaspa:qpzpfwcsqsxhxwup26r55fd0ghqlhyugz8cp6y3wxuddc02vcxtjg75pspnwz,10000000000000,MEXC
a87c3a656e126249ca6fd2083a4fcb3513a618fea84c52f326066c824702e11c,2025-03-11T19:49:38.859000,sent,kaspa:qpjunp39ssazf4rzfxxu0hd35xggfxn6lq0ls9u9q6peevzcmcv4xmv9q4njd,432290097040,
1a97d5affa550b57d3a6b303f72e7f4d183963c8c562b8eb14a82044f75adaa6,2025-03-11T17:52:39.798000,received,kaspa:qz747ty6dl5td0gmu0p5nk7ww78ay36n27642u0nv8qar49vx9wdzlhxsc3ht,1499999990000,
6f74ec4d80b7652337533154bb6b8365a1a6c0e40a985c83b5bf68564f38fbc7,2025-03-11T17:06:39.048000,received,kaspa:qzgnjeyuhar3jxekvf6nuqmhwupzpqwh3h9lzsx620hpyv94rn4zsn8tfwjns,499999990000,
a873fc131c5ed402baf49db2f70883f7d5f4f77f951fcb08fb03d0da0b04b77d,2025-03-11T16:14:21.913000,received,kaspa:qrw3f4nry426wekj538ra7umghgr6sd5p8wmjlm678tr8x2mk4sg6aphe373v,499999990000,
5623fadbfaee6e237d95c5328cb2e64a89ed15ddd8cb4d8d690f89e352c37661,2025-03-11T13:52:05.694000,received,kaspa:qqypa2ecleg0vztqa8m5d2myx3djk6xytk3ehua3wfxq2tmhxv0yqh4fr20lk,649999990000,
c6a7c83719441fcd2ddb556c09f30080e4e2e8b75df36a088a03a44050f17e60,2025-03-11T05:32:26.185000,received,kaspa:qzmekhyn95shn2eprs564efckyapcmfslw3xtn83pzvtf6pl2p5syj7xww5jw,79117970000,
39801853ec02f189ca69531c30d19de1261e17fc968ad0f6ff1162042f026715,2025-03-03T00:49:34.795000,sent,kaspa:qpzpfwcsqsxhxwup26r55fd0ghqlhyugz8cp6y3wxuddc02vcxtjg75pspnwz,10000000000000,MEXC
39801853ec02f189ca69531c30d19de1261e17fc968ad0f6ff1162042f026715,2025-03-03T00:49:34.795000,sent,kaspa:qpjunp39ssazf4rzfxxu0hd35xggfxn6lq0ls9u9q6peevzcmcv4xmv9q4njd,278752343742,
ff626cae7efb21924e437e6b87591c6ebcd7f1631873999247068be75a931895,2025-03-02T16:38:43.789000,received,kaspa:qztkux6g9kujwpqeqf5k7qdgxy25xgmlz6ghnmj96wymqd4ha3ssj4nzd268r,499999990000,
11dc68938c22f05073e17cc5e76068461705c786a51e774f3d57d167472e6b4c,2025-02-13T21:55:09.514000,sent,kaspa:qpzpfwcsqsxhxwup26r55fd0ghqlhyugz8cp6y3wxuddc02vcxtjg75pspnwz,10000000000000,MEXC
11dc68938c22f05073e17cc5e76068461705c786a51e774f3d57d167472e6b4c,2025-02-13T21:55:09.514000,sent,kaspa:qpjunp39ssazf4rzfxxu0hd35xggfxn6lq0ls9u9q6peevzcmcv4xmv9q4njd,116761995280,
ab924ab88ea0c839190305c26e5800cb3860900ca332a2d896412c8cd5609ffa,2025-02-13T21:24:00.364000,received,kaspa:qztd5846xrr0z4aduc65vvvu6ssj0496dy2xtuztwr6rt5t30pugx582ng67t,495849980000,
496a9c853aa6873a4e21a151e20b914f02ca95e60129693be756ee7cb8077aee,2025-01-16T17:25:04.534000,sent,kaspa:qpjunp39ssazf4rzfxxu0hd35xggfxn6lq0ls9u9q6peevzcmcv4xmv9q4njd,8352082842421,
59b3ca14e0a2be14758db8fc7d54579bfbef3fd75c348284ffc69028151bb820,2025-01-16T17:10:04.617000,sent,kaspa:qpzpfwcsqsxhxwup26r55fd0ghqlhyugz8cp6y3wxuddc02vcxtjg75pspnwz,10000000000000,MEXC
59b3ca14e0a2be14758db8fc7d54579bfbef3fd75c348284ffc69028151bb820,2025-01-16T17:10:04.617000,sent,kaspa:qpjunp39ssazf4rzfxxu0hd35xggfxn6lq0ls9u9q6peevzcmcv4xmv9q4njd,127176840204,
202dbfd875f25aad8266eb52b44d1e268209c5aa2037149e5317265e9ea94440,2025-01-16T16:53:05.535000,sent,kaspa:qpzpfwcsqsxhxwup26r55fd0ghqlhyugz8cp6y3wxuddc02vcxtjg75pspnwz,10000000000000,MEXC
202dbfd875f25aad8266eb52b44d1e268209c5aa2037149e5317265e9ea94440,2025-01-16T16:53:05.535000,sent,kaspa:qpjunp39ssazf4rzfxxu0hd35xggfxn6lq0ls9u9q6peevzcmcv4xmv9q4njd,58636631472,
ded78a61b5551cda413fccf5e6989ac703814f9effaf8f0aeb606f1c9b12fdfe,2025-01-16T16:48:03.993000,sent,kaspa:qpzpfwcsqsxhxwup26r55fd0ghqlhyugz8cp6y3wxuddc02vcxtjg75pspnwz,10000000000000,MEXC
ded78a61b5551cda413fccf5e6989ac703814f9effaf8f0aeb606f1c9b12fdfe,2025-01-16T16:48:03.993000,sent,kaspa:qpjunp39ssazf4rzfxxu0hd35xggfxn6lq0ls9u9q6peevzcmcv4xmv9q4njd,354591625137,
890ddd3b2efac55753bab2d7d98c07151bc390ef2067be6676ae9fd37b1a9c64,2025-01-16T07:39:59.576000,received,kaspa:qpplzwyxj5cwtrk0l2rw9vuyfn733czncx567ztfw6ct0ywddmjw2w3qd02e6,399999990000,
9c35fc6af92f21d69eb695a08c9f8b41371264f421cb96747ee7be4652abb1ef,2025-01-14T18:37:56.838000,received,kaspa:qp7mtq7t6m2ynemd9lqxw34xwem708weewvzkj0xpskja6lke0tvjlz6ed0je,299999990000,
3dd829775b27f8cb7b402dcdba967c50c4ddef403c222e9a0a6f4661f313a256,2025-01-14T07:14:12.256000,received,kaspa:qz6j4aq07rc4h6x7tn5cpnckxl67f6j7j84lm65ahnx7sgnrm30j5k6t26vuc,199999990000,
28c3a0e80ff79a6fc25fb503a0842a4f081c82b53de79124062f1c58ad6f992b,2025-01-13T23:13:54.675000,received,kaspa:qppfjn6c86j23xus7jlk6havt83enl37u37umpsqnl098fdn2d6ccg6l453pv,99999990000,
f857e27d2b9bc00f7d78871d45abc52e7f4a3e52f609e76e11302efbb1bb27c0,2024-11-17T18:51:33.484000,sent,kaspa:qpzpfwcsqsxhxwup26r55fd0ghqlhyugz8cp6y3wxuddc02vcxtjg75pspnwz,10000000000000,MEXC
f857e27d2b9bc00f7d78871d45abc52e7f4a3e52f609e76e11302efbb1bb27c0,2024-11-17T18:51:33.484000,sent,kaspa:qpjunp39ssazf4rzfxxu0hd35xggfxn6lq0ls9u9q6peevzcmcv4xmv9q4njd,23242612773,
9cd9ad2427bbe262da6660aca98060cb7bfdfffdf3a737093af1acf212a3fd7d,2024-11-17T18:39:00.758000,received,kaspa:qr8pumengrt43el7dd7y57qlx4qm5j3m3f9czlngn635npxqxr4hy2u98lnfs,400000000000,
62e1ac76e1097c5acf50c4d89cfba2be632cd6ac96cbf496b0203d9499595150,2024-11-17T14:04:05.440000,sent,kaspa:qpzpfwcsqsxhxwup26r55fd0ghqlhyugz8cp6y3wxuddc02vcxtjg75pspnwz,10000000000000,MEXC
62e1ac76e1097c5acf50c4d89cfba2be632cd6ac96cbf496b0203d9499595150,2024-11-17T14:04:05.440000,sent,kaspa:qpjunp39ssazf4rzfxxu0hd35xggfxn6lq0ls9u9q6peevzcmcv4xmv9q4njd,100127206626,
15067f5330441201704e8cb5bb19243e8f76dfbfe2e159bd8fa6f1fca9c5e1df,2024-11-17T07:41:35.208000,sent,kaspa:qpzpfwcsqsxhxwup26r55fd0ghqlhyugz8cp6y3wxuddc02vcxtjg75pspnwz,10000000000000,MEXC
15067f5330441201704e8cb5bb19243e8f76dfbfe2e159bd8fa6f1fca9c5e1df,2024-11-17T07:41:35.208000,sent,kaspa:qpjunp39ssazf4rzfxxu0hd35xggfxn6lq0ls9u9q6peevzcmcv4xmv9q4njd,115102619864,
4a2716a8fb7b00515d25d0995852b0554f31d3feb7dc6b0797458b9cfcd8fa33,2024-11-17T07:29:51.924000,received,kaspa:qr8pumengrt43el7dd7y57qlx4qm5j3m3f9czlngn635npxqxr4hy2u98lnfs,124944000000,
4032bc36aed0885d053b642302b22c8ea24751c9407d0b991a23866ec018af2a,2024-11-16T08:40:38.135000,received,kaspa:qr8pumengrt43el7dd7y57qlx4qm5j3m3f9czlngn635npxqxr4hy2u98lnfs,100000000000,
3f03a5dd1ef16004861725761dbe9777fff1e3125c56a91bc223f80b466d2400,2024-06-22T08:34:11.185000,sent,kaspa:qpzpfwcsqsxhxwup26r55fd0ghqlhyugz8cp6y3wxuddc02vcxtjg75pspnwz,2000000000000,MEXC
3f03a5dd1ef16004861725761dbe9777fff1e3125c56a91bc223f80b466d2400,2024-06-22T08:34:11.185000,sent,kaspa:qpjunp39ssazf4rzfxxu0hd35xggfxn6lq0ls9u9q6peevzcmcv4xmv9q4njd,3206346925829,
5a14994e5828e5f59a28f4e2f29e69cf6bf78953949805d1141dcd34ffe86217,2024-06-22T08:31:04.080000,received,kaspa:qpv63tttldxcugks7vymg4ddgwxw7rtdfqr53npwcx6qfl82mvxq70sh2m3m6,829999997931,
4dca50f9bb40aa316035a6102b3587714486388907f62bcd89db942a5e4bd13a,2024-06-22T05:48:39.660000,sent,kaspa:qpzpfwcsqsxhxwup26r55fd0ghqlhyugz8cp6y3wxuddc02vcxtjg75pspnwz,2000000000000,MEXC
4dca50f9bb40aa316035a6102b3587714486388907f62bcd89db942a5e4bd13a,2024-06-22T05:48:39.660000,sent,kaspa:qpjunp39ssazf4rzfxxu0hd35xggfxn6lq0ls9u9q6peevzcmcv4xmv9q4njd,2923250218,
c07338c98e116274bcba9b4cfc7f85d6ed61fd328b91d410a41cb4ef7ddc7f16,2024-06-22T05:29:15.296000,received,kaspa:qz4dha78kcvvlxh7qpe40zzkp83hvmj6qx9lky2ut8negrd9yn8svvw3s45zl,30116980000,
56fe294e80cf0e4b13bbfe84b8d495ee6c563a82ee9695a3034a89528b021624,2024-06-21T16:33:41.896000,sent,kaspa:qpzpfwcsqsxhxwup26r55fd0ghqlhyugz8cp6y3wxuddc02vcxtjg75pspnwz,2000000000000,MEXC
56fe294e80cf0e4b13bbfe84b8d495ee6c563a82ee9695a3034a89528b021624,2024-06-21T16:33:41.896000,sent,kaspa:qpjunp39ssazf4rzfxxu0hd35xggfxn6lq0ls9u9q6peevzcmcv4xmv9q4njd,20014927833432889,
3109973ac10ab72dd65c2f4e2a66f4efbf5fb2d44cd5947cfbb3de389120f130,2024-06-21T16:32:44.385000,received,kaspa:qr7yfv7d6cyz0uhj6mpfe7h9jv2zunaacv72x2gphhfupuwzhjnmgahn0lamk,85500000000,
ac4c0d4b35a143ca188c1e8693cd150f6e1eec076d641e5378dfbd9d7474982e,2024-04-27T22:05:05.267000,sent,kaspa:qpjunp39ssazf4rzfxxu0hd35xggfxn6lq0ls9u9q6peevzcmcv4xmv9q4njd,1534224086049,
62471828af8d95fe41fce3b569a0abc523d3d23a4bac206cd46b18c8d9c355a7,2024-04-27T19:54:52.552000,received,kaspa:qqdpfvwyux4k269s2r5d7vq0tl9faxd7cnwh7d4u6g3repg3ykyujv9kygc3s,5000000000,
dd26c025620274c213328753a1ea13312ab72509b8ba0ab5d8447b566d6ffbb0,2024-04-16T20:03:39.004000,sent,kaspa:qpjunp39ssazf4rzfxxu0hd35xggfxn6lq0ls9u9q6peevzcmcv4xmv9q4njd,1953568658576,
851850edd600531dd1d10121e55c59d6d34cba8abf1925dee6c0d5624f6a3963,2024-04-16T16:48:47.505000,received,kaspa:qzmlyd3uayfemh2q9h2z6l3cgylv6aqu4ffnlyq3q02td2k7gclpq2d84c2pw,4620000000,
eba431fdb2f762fa9e68edf2c7058b61ec24970967b3c1b7fca29780315bb8b8,2024-03-30T12:23:36.945000,sent,kaspa:qpzpfwcsqsxhxwup26r55fd0ghqlhyugz8cp6y3wxuddc02vcxtjg75pspnwz,2000000000000,MEXC
eba431fdb2f762fa9e68edf2c7058b61ec24970967b3c1b7fca29780315bb8b8,2024-03-30T12:23:36.945000,sent,kaspa:qpjunp39ssazf4rzfxxu0hd35xggfxn6lq0ls9u9q6peevzcmcv4xmv9q4njd,20058864498250211,
7be07cc06d2b454ab99a15da0161a8d84a971f86d7975de6df46ec4228004169,2024-03-30T12:22:22.352000,received,kaspa:qqy9yze88wywrnw77l82cg6wzvr45h9u73f7ghafvexd4d8qr4mqgsdvjcmal,1000000000000,
3644d2973d942a32f4d2788ad3d9eb3cf913a05e9afa9cc2f57cce631130683e,2024-03-18T08:43:05.177000,sent,kaspa:qpzpfwcsqsxhxwup26r55fd0ghqlhyugz8cp6y3wxuddc02vcxtjg75pspnwz,2000000000000,MEXC
3644d2973d942a32f4d2788ad3d9eb3cf913a05e9afa9cc2f57cce631130683e,2024-03-18T08:43:05.177000,sent,kaspa:qpjunp39ssazf4rzfxxu0hd35xggfxn6lq0ls9u9q6peevzcmcv4xmv9q4njd,11478508807,
01c6a655284dcf3613ada98c94d28899ba5a90ab89c143e10fc55a8bcd891d6a,2024-03-18T08:42:32.421000,received,kaspa:qqp9esdq9fq5ruc3jar38atc9sgy6f5p4d2gdgrmd5secxa23r8qs3veu8xes,2000000000000,
49354cf436fba1c593195c4a567dbf536e254c1e045f62f968e0f998c4edbe92,2024-03-18T07:50:05.919000,sent,kaspa:qpzpfwcsqsxhxwup26r55fd0ghqlhyugz8cp6y3wxuddc02vcxtjg75pspnwz,2000000000000,MEXC
49354cf436fba1c593195c4a567dbf536e254c1e045f62f968e0f998c4edbe92,2024-03-18T07:50:05.919000,sent,kaspa:qpjunp39ssazf4rzfxxu0hd35xggfxn6lq0ls9u9q6peevzcmcv4xmv9q4njd,20103833624071599,
37ecbed4e89fa42d4687d82b268c48217206f453febbd7deee39312fb3581b52,2024-03-18T07:49:01.967000,received,kaspa:qpls43sdytdtt07gwpnm04v877485l5jrf78swmsnruhmrltc3qjwfmuml6zt,1045592800000,
b1011a6ecc55ccf1337024b6da7bb5bff3ca3543b66aa84f7e295f1cceca187b,2024-03-13T12:12:05.576000,sent,kaspa:qpzpfwcsqsxhxwup26r55fd0ghqlhyugz8cp6y3wxuddc02vcxtjg75pspnwz,2000000000000,MEXC
b1011a6ecc55ccf1337024b6da7bb5bff3ca3543b66aa84f7e295f1cceca187b,2024-03-13T12:12:05.576000,sent,kaspa:qpjunp39ssazf4rzfxxu0hd35xggfxn6lq0ls9u9q6peevzcmcv4xmv9q4njd,21124621591937247,
1edb9d4c4bed44f3dca6a3017152840c4f2ec9cc69b47abb4f9aa55f53c825d2,2024-03-13T12:11:31.066000,received,kaspa:qqj3ja4krlcpwfykvg79mazjnla3l77rth8c7m5kpza97qffpt7m72de6rzck,100000000000,
dce0d1df5358acf5f785a1fe913c1cd2b5f225c0de92097c1624fac85336fc13,2024-03-11T21:16:07.299000,sent,kaspa:qpzpfwcsqsxhxwup26r55fd0ghqlhyugz8cp6y3wxuddc02vcxtjg75pspnwz,2000000000000,MEXC
dce0d1df5358acf5f785a1fe913c1cd2b5f225c0de92097c1624fac85336fc13,2024-03-11T21:16:07.299000,sent,kaspa:qpjunp39ssazf4rzfxxu0hd35xggfxn6lq0ls9u9q6peevzcmcv4xmv9q4njd,20028713502297143,
198e3b66170fca7052c9773ef575ba17ad0cbb5f4c8391a5b7a09365f1b60671,2024-03-11T21:13:41.492000,received,kaspa:qrwkqsj2u7nr2s7wqw3ddzjp5rsw3hqz7ea2hmk47xmj80q4f6jk7s7lkupm9,29999958000,
9d0c0966abe6cc489debe835b333f6afcd018e389a3432aa7238d3f9667c1b4f,2024-03-11T21:11:04.259000,sent,kaspa:qpzpfwcsqsxhxwup26r55fd0ghqlhyugz8cp6y3wxuddc02vcxtjg75pspnwz,2000000000000,MEXC
9d0c0966abe6cc489debe835b333f6afcd018e389a3432aa7238d3f9667c1b4f,2024-03-11T21:11:04.259000,sent,kaspa:qpjunp39ssazf4rzfxxu0hd35xggfxn6lq0ls9u9q6peevzcmcv4xmv9q4njd,20041314708709498,
724c69a37422a7fa2c8e47d34004d4dd59f9b5889462af59d3c23e42fc75ee57,2024-03-11T21:10:28.079000,received,kaspa:qplj6snfdf6yj8x299pmqt208wm8j5klla8ypefg6j3jdptesss02ptgpt5lr,983055900000,
49eec282646bbc1eaa71f7ed5827179f871d786ae2f9ef3419974af879dfe5af,2024-03-05T21:43:05.232000,sent,kaspa:qpzpfwcsqsxhxwup26r55fd0ghqlhyugz8cp6y3wxuddc02vcxtjg75pspnwz,2000000000000,MEXC
49eec282646bbc1eaa71f7ed5827179f871d786ae2f9ef3419974af879dfe5af,2024-03-05T21:43:05.232000,sent,kaspa:qpjunp39ssazf4rzfxxu0hd35xggfxn6lq0ls9u9q6peevzcmcv4xmv9q4njd,21127710677497147,
7c0ebc84558f8d538bd6adb911e237db068e27d352e7b5a762a18e28a082f20e,2024-03-05T21:42:00.808000,received,kaspa:qp4f2lt2g00gv7dkxdzmzakarv4w2pyn6tlswn7k2mcjm54ukfp6v6wedzaeu,13715582830000,
7c0ebc84558f8d538bd6adb911e237db068e27d352e7b5a762a18e28a082f20e,2024-03-05T21:42:00.808000,received,kaspa:qp4f2lt2g00gv7dkxdzmzakarv4w2pyn6tlswn7k2mcjm54ukfp6v6wedzaeu,13715582830000,
7c0ebc84558f8d538bd6adb911e237db068e27d352e7b5a762a18e28a082f20e,2024-03-05T21:42:00.808000,received,kaspa:qryt7nyhxfyrwnr8295zurz60wlaeaw8s9088c7fhexrjleqadfty82mytvqe,13715582830000,
7c0ebc84558f8d538bd6adb911e237db068e27d352e7b5a762a18e28a082f20e,2024-03-05T21:42:00.808000,received,kaspa:qqhx2ffjhsc977lrhc0x4t58pszwmflc3l2kvk09kmt7anw95xazze6wrqxs0,13715582830000,
7c0ebc84558f8d538bd6adb911e237db068e27d352e7b5a762a18e28a082f20e,2024-03-05T21:42:00.808000,received,kaspa:qp4f2lt2g00gv7dkxdzmzakarv4w2pyn6tlswn7k2mcjm54ukfp6v6wedzaeu,13715582830000,
7c0ebc84558f8d538bd6adb911e237db068e27d352e7b5a762a18e28a082f20e,2024-03-05T21:42:00.808000,received,kaspa:qp4f2lt2g00gv7dkxdzmzakarv4w2pyn6tlswn7k2mcjm54ukfp6v6wedzaeu,13715582830000,
3be3ed6bce7d79df6ac50ebeb00d0891099815e0e50eb1095b01be0be5602b1b,2024-03-05T09:03:22.854000,sent,kaspa:qpzpfwcsqsxhxwup26r55fd0ghqlhyugz8cp6y3wxuddc02vcxtjg75pspnwz,2000000000000,MEXC
3be3ed6bce7d79df6ac50ebeb00d0891099815e0e50eb1095b01be0be5602b1b,2024-03-05T09:03:22.854000,sent,kaspa:qpjunp39ssazf4rzfxxu0hd35xggfxn6lq0ls9u9q6peevzcmcv4xmv9q4njd,754535544590,
27c50de8399840d1fc6313d4637237e82bf3feb3694c19cb830719f0caae11a2,2024-03-05T09:01:33.241000,received,kaspa:qq6yydaygzjzvqnwc3s0may5hqg96x9k4qtxj664g9zxrlzqppx7vtkcqzwnj,2754400000000,
8f8373f36674a26af7fd5c72b5a34b9f9d4c9357f1097d9e780e5a8e4f099009,2024-03-04T20:24:34.829000,sent,kaspa:qpzpfwcsqsxhxwup26r55fd0ghqlhyugz8cp6y3wxuddc02vcxtjg75pspnwz,2000000000000,MEXC
8f8373f36674a26af7fd5c72b5a34b9f9d4c9357f1097d9e780e5a8e4f099009,2024-03-04T20:24:34.829000,sent,kaspa:qpjunp39ssazf4rzfxxu0hd35xggfxn6lq0ls9u9q6peevzcmcv4xmv9q4njd,21567710041885926,
503a98a1213dca27ce4bd0d605733ed4aec54f5669d4685522e6062f1bbd991f,2024-03-04T20:24:01.858000,received,kaspa:qp4f2lt2g00gv7dkxdzmzakarv4w2pyn6tlswn7k2mcjm54ukfp6v6wedzaeu,2820000000000,
7efe998d4e6b1d97951cbb44da9d929c9b330b8a0b296cd3a3cf7ab782ba8335,2024-03-02T17:51:05.371000,sent,kaspa:qpzpfwcsqsxhxwup26r55fd0ghqlhyugz8cp6y3wxuddc02vcxtjg75pspnwz,2000000000000,MEXC
7efe998d4e6b1d97951cbb44da9d929c9b330b8a0b296cd3a3cf7ab782ba8335,2024-03-02T17:51:05.371000,sent,kaspa:qpjunp39ssazf4rzfxxu0hd35xggfxn6lq0ls9u9q6peevzcmcv4xmv9q4njd,20008692207291875,
6f94a5884dc64d3faf14d064c5d988edf3c98220e690b436ab517ecffe41f3dd,2024-03-02T17:50:15.096000,received,kaspa:qpkeyt5r5p6pq3t2fyn74e80q7ejtl6yq9x2j4v39mzjpvcu47pyscln6588p,10000000000000,
c0c0e97289f91b91039918225a86290eae91c6e8036666e6209045cecc209640,2024-03-02T16:47:05.106000,sent,kaspa:qpjunp39ssazf4rzfxxu0hd35xggfxn6lq0ls9u9q6peevzcmcv4xmv9q4njd,1227671300336,
059d45bea62b4a8dee4d679619960fcd12f464a472cf3d5f5054167d95c87eeb,2024-03-02T16:39:25.347000,received,kaspa:qp29wt4j4h0durcfkp2le6rc2zp27h9d0h7jl37knr2y4yd93xgkq2v30dfwg,138100000000,
8a979b5cc902a65f6c48701cee2e824dacbf49f57a363fd31220d05a89a4b475,2024-03-02T09:13:34.639000,sent,kaspa:qpzpfwcsqsxhxwup26r55fd0ghqlhyugz8cp6y3wxuddc02vcxtjg75pspnwz,2000000000000,MEXC
8a979b5cc902a65f6c48701cee2e824dacbf49f57a363fd31220d05a89a4b475,2024-03-02T09:13:34.639000,sent,kaspa:qpjunp39ssazf4rzfxxu0hd35xggfxn6lq0ls9u9q6peevzcmcv4xmv9q4njd,20001582372358955,
93f9a8c027505355177f21b09bcace401e4085d35831748fff8e0d386fabd1e0,2024-03-02T09:12:14.508000,received,kaspa:qrudd707m5dfm8qkwekucpr7ya7eeq8kn5rfdluagvfz3clapvcfkup76w6uk,6052545700000,
7eb70b989157295610dc189083091b76c15c25d28bf5974db4b14f6b2ca2a9ca,2024-03-02T08:50:39.771000,sent,kaspa:qpzpfwcsqsxhxwup26r55fd0ghqlhyugz8cp6y3wxuddc02vcxtjg75pspnwz,2000000000000,MEXC
7eb70b989157295610dc189083091b76c15c25d28bf5974db4b14f6b2ca2a9ca,2024-03-02T08:50:39.771000,sent,kaspa:qpjunp39ssazf4rzfxxu0hd35xggfxn6lq0ls9u9q6peevzcmcv4xmv9q4njd,20043300215565776,
c3b88b3ca3b2e1b109b2280240c1e6cb8d33355fc0af10127aa479acea832e82,2024-03-02T08:50:08.801000,received,kaspa:qr0w2d9lp2pplclsehf6d565ewrs2w8tpau5l20ekma4j55tku35xdgf4wj44,1099999900000,
0676a60f26939ed8440103e7a322d4299e518e0f4bca9a327137e657f2398b74,2024-03-02T00:20:35.010000,sent,kaspa:qpzpfwcsqsxhxwup26r55fd0ghqlhyugz8cp6y3wxuddc02vcxtjg75pspnwz,2000000000000,MEXC
0676a60f26939ed8440103e7a322d4299e518e0f4bca9a327137e657f2398b74,2024-03-02T00:20:35.010000,sent,kaspa:qpjunp39ssazf4rzfxxu0hd35xggfxn6lq0ls9u9q6peevzcmcv4xmv9q4njd,19997288973708077,
0b3168ceb4b43473c228cefa229d5d4c188f510f6642b8193829f4f717c52d79,2024-03-02T00:20:06.128000,received,kaspa:qp4f2lt2g00gv7dkxdzmzakarv4w2pyn6tlswn7k2mcjm54ukfp6v6wedzaeu,1908714280000,
8936b849d54984b25813df1b64df0216fec84ab0a809b53767d8452c8659945a,2024-02-28T16:59:38.691000,sent,kaspa:qpzpfwcsqsxhxwup26r55fd0ghqlhyugz8cp6y3wxuddc02vcxtjg75pspnwz,2000000000000,MEXC
8936b849d54984b25813df1b64df0216fec84ab0a809b53767d8452c8659945a,2024-02-28T16:59:38.691000,sent,kaspa:qpjunp39ssazf4rzfxxu0hd35xggfxn6lq0ls9u9q6peevzcmcv4xmv9q4njd,20019974545134421,
64fbf1e0d5f5c81371975bd22e14310918b42d9f816468fd0edc20a5b4681bf6,2024-02-28T16:58:38.838000,received,kaspa:qp4f2lt2g00gv7dkxdzmzakarv4w2pyn6tlswn7k2mcjm54ukfp6v6wedzaeu,24574044960000,
c7a14ce0041fcb029cb0c7cb01b56d3f8af543cedfdf105932ae61e230b3caed,2024-02-26T14:03:39.106000,sent,kaspa:qpzpfwcsqsxhxwup26r55fd0ghqlhyugz8cp6y3wxuddc02vcxtjg75pspnwz,2000000000000,MEXC
c7a14ce0041fcb029cb0c7cb01b56d3f8af543cedfdf105932ae61e230b3caed,2024-02-26T14:03:39.106000,sent,kaspa:qpjunp39ssazf4rzfxxu0hd35xggfxn6lq0ls9u9q6peevzcmcv4xmv9q4njd,20312925019052316,
0719e9d0d58f83370be70d0bc5ac5b3c400f74efebd0c4a136b10245e51c364e,2024-02-26T14:03:00.300000,received,kaspa:qp4f2lt2g00gv7dkxdzmzakarv4w2pyn6tlswn7k2mcjm54ukfp6v6wedzaeu,40933282970000,
bdfa50c98719ddbebabd911f8b665aca704b629f7541dc121043ffa90a8a668f,2024-02-23T11:32:04.900000,sent,kaspa:qpzpfwcsqsxhxwup26r55fd0ghqlhyugz8cp6y3wxuddc02vcxtjg75pspnwz,2000000000000,MEXC
bdfa50c98719ddbebabd911f8b665aca704b629f7541dc121043ffa90a8a668f,2024-02-23T11:32:04.900000,sent,kaspa:qpjunp39ssazf4rzfxxu0hd35xggfxn6lq0ls9u9q6peevzcmcv4xmv9q4njd,20036070001257811,
98e17845ea688ca4bd7825abc2fa529e8d1077897c89a1cdff5dc9b0aeb671b0,2024-02-23T11:31:11.297000,received,kaspa:qp2tqpn6u57spn0v9ds44g2ptslw826cy9rccl0hhh88c763sv8yu6nuhe7uc,36888931980000,
739e29a95371df7726443ba44b5fdf48480bc0e04ba692ad45eaafc5b67a2b00,2024-02-19T06:52:07.931000,sent,kaspa:qpzpfwcsqsxhxwup26r55fd0ghqlhyugz8cp6y3wxuddc02vcxtjg75pspnwz,2000000000000,MEXC
739e29a95371df7726443ba44b5fdf48480bc0e04ba692ad45eaafc5b67a2b00,2024-02-19T06:52:07.931000,sent,kaspa:qpjunp39ssazf4rzfxxu0hd35xggfxn6lq0ls9u9q6peevzcmcv4xmv9q4njd,19992219504889762,
f4ba21355155ec8970854cb0bcb99fe0b43fa74cf80bc674e0375e88b222988f,2024-02-19T06:47:12.846000,received,kaspa:qp4f2lt2g00gv7dkxdzmzakarv4w2pyn6tlswn7k2mcjm54ukfp6v6wedzaeu,2200000000000,
ea6459cae1839bd2098e7b499326a7b5dff5f87999d652a67a930671739fac6e,2024-02-15T14:55:05.093000,sent,kaspa:qpzpfwcsqsxhxwup26r55fd0ghqlhyugz8cp6y3wxuddc02vcxtjg75pspnwz,2000000000000,MEXC
ea6459cae1839bd2098e7b499326a7b5dff5f87999d652a67a930671739fac6e,2024-02-15T14:55:05.093000,sent,kaspa:qpjunp39ssazf4rzfxxu0hd35xggfxn6lq0ls9u9q6peevzcmcv4xmv9q4njd,20042417999406604,
86068bb69008eb94529faf1f3a07da57d3aa1941c1652094dae61e6a53d14de9,2024-02-15T14:53:55.811000,received,kaspa:qp4f2lt2g00gv7dkxdzmzakarv4w2pyn6tlswn7k2mcjm54ukfp6v6wedzaeu,46759464700000,
86068bb69008eb94529faf1f3a07da57d3aa1941c1652094dae61e6a53d14de9,2024-02-15T14:53:55.811000,received,kaspa:qzzaekf7k2z9g7s46c0g80a9pxwwnsye39satrxnlwz963vtjcptze2s97t8e,46759464700000,
86068bb69008eb94529faf1f3a07da57d3aa1941c1652094dae61e6a53d14de9,2024-02-15T14:53:55.811000,received,kaspa:qzuesatez7jfrng2cpvz7t679jjwr7kzdqlk06ee8ddj5spvvsvc77jftlra4,46759464700000,
86068bb69008eb94529faf1f3a07da57d3aa1941c1652094dae61e6a53d14de9,2024-02-15T14:53:55.811000,received,kaspa:qrxvsdfz40jmucajvmr60q0mfqsxtzac8f7k5snj0ues8txcuw6n7vvux3k72,46759464700000,
86068bb69008eb94529faf1f3a07da57d3aa1941c1652094dae61e6a53d14de9,2024-02-15T14:53:55.811000,received,kaspa:qp4f2lt2g00gv7dkxdzmzakarv4w2pyn6tlswn7k2mcjm54ukfp6v6wedzaeu,46759464700000,
86068bb69008eb94529faf1f3a07da57d3aa1941c1652094dae61e6a53d14de9,2024-02-15T14:53:55.811000,received,kaspa:qp4f2lt2g00gv7dkxdzmzakarv4w2pyn6tlswn7k2mcjm54ukfp6v6wedzaeu,46759464700000,
86068bb69008eb94529faf1f3a07da57d3aa1941c1652094dae61e6a53d14de9,2024-02-15T14:53:55.811000,received,kaspa:qphdtanq5hjmp8pc5jge6zwhyvwa6sk2c2exwdddsjmvhhjz6zaywqm9nylqh,46759464700000,
86068bb69008eb94529faf1f3a07da57d3aa1941c1652094dae61e6a53d14de9,2024-02-15T14:53:55.811000,received,kaspa:qqx8m6cekxryd3uecax60jrkrhdcynfq0493wg0psvhp2yu527yc6j6tjku3y,46759464700000,
0ef630c1ecc1a6efd92cc93d7fc7267604697aebfccdd91049530cbbf4f288a7,2024-02-15T12:18:04.879000,sent,kaspa:qpzpfwcsqsxhxwup26r55fd0ghqlhyugz8cp6y3wxuddc02vcxtjg75pspnwz,2000000000000,MEXC
0ef630c1ecc1a6efd92cc93d7fc7267604697aebfccdd91049530cbbf4f288a7,2024-02-15T12:18:04.879000,sent,kaspa:qpjunp39ssazf4rzfxxu0hd35xggfxn6lq0ls9u9q6peevzcmcv4xmv9q4njd,20000392591240346,
0fa40bd6059306d1f920f753918374acd98ccae79156417836d220209bdeb4b4,2024-02-15T12:17:12.630000,received,kaspa:qpg7naczcqnrat0ntsnxlk49xp6q7zgwssjfa26g6rlljljs8emrw0aaqyzs5,5000000000000,
abd5a44091b6d880c43db8520283b03eabf6542d9109fdf88bbdba29bf03c964,2024-02-12T00:07:04.906000,sent,kaspa:qpzpfwcsqsxhxwup26r55fd0ghqlhyugz8cp6y3wxuddc02vcxtjg75pspnwz,2000000000000,MEXC
abd5a44091b6d880c43db8520283b03eabf6542d9109fdf88bbdba29bf03c964,2024-02-12T00:07:04.906000,sent,kaspa:qpjunp39ssazf4rzfxxu0hd35xggfxn6lq0ls9u9q6peevzcmcv4xmv9q4njd,20033319774644408,
7aa4c0a43b892461d141d260f7144386de986fca66253b8288d9b406aab515f2,2024-02-12T00:05:51.290000,received,kaspa:qz3k8zqw4wlrwtwyhdxpg6utuv2wl9jvh79a7p9pcy37tzpxu2puct2rsnee3,10000000000000,
7aa4c0a43b892461d141d260f7144386de986fca66253b8288d9b406aab515f2,2024-02-12T00:05:51.290000,received,kaspa:qrs399cdltgnm0g7cx0v5se72sxddehj04rzxjt2nwa42cywju3qs5kf566ny,10000000000000,
a6982a0bead18c9580dfe3c80002460d0e9fd51d6b7025610c6514bc2a02c933,2024-01-23T03:43:37.646000,sent,kaspa:qpjunp39ssazf4rzfxxu0hd35xggfxn6lq0ls9u9q6peevzcmcv4xmv9q4njd,338797137503,
118e15d454e55353717143ac783ca4674316456b105a2aa95213e77f5048359a,2023-12-29T01:21:09.296000,sent,kaspa:qpjunp39ssazf4rzfxxu0hd35xggfxn6lq0ls9u9q6peevzcmcv4xmv9q4njd,1804009710638,
9a1cd4b1e41936206653b540e3d604da1438b2a8db97237f79493b2d7e1ecfca,2023-11-24T11:03:44.929000,received,kaspa:qzwluyc4056y28aw6scurvuvkyy4h2487f07fckkhtz0nml50l6ayck0h6hux,3850000000,
01df5996157c2340ee6363dbe330dcdaa907e219cd0d24fcc2f7354df35706ec,2023-10-30T14:32:02.789000,received,kaspa:qz8clksumutcyc6qg7hmay2v6p8g4xv5y5lx9yzcth56hcpjlmvh6e0p37znv,20500000000,
