tx_id,timestamp,direction,peer_address,amount_sompi,cex_label
dd87a3e063efd5e2e820708cb6359efb1819e7d20219dce2da332286f60ff36a,2024-07-27T11:55:52.538000,sent,kaspa:qqnqv3rvnctfyrjteurqm0gmqfu7yjg3949yxpyxxfa4rgm9nt2zxauwq8xvs,2450000000000,
dd87a3e063efd5e2e820708cb6359efb1819e7d20219dce2da332286f60ff36a,2024-07-27T11:55:52.538000,sent,kaspa:qrkdg8cu8hq3pyvmgl40wh3uq7wgt3gejyzqyd4ldtav9z0v5y6959da5n40p,15214647087,
07df79d8e40b44f1a0a2ce053e8ca7246bc15e2fd441c7ff4f2f1272fd9e13f5,2024-07-25T03:41:10.565000,received,kaspa:qq00q74tzl5w3cdyre5jsf6w54npcycg3q3xm6vtgrq4y04w3lwpylungm92j,15214650307,
07df79d8e40b44f1a0a2ce053e8ca7246bc15e2fd441c7ff4f2f1272fd9e13f5,2024-07-25T03:41:10.565000,received,kaspa:qqmdrrlznz7cgax9jvefm4g4fwtsnnz8r96574qduyjakmyd5rtgc3a4rx0qr,15214650307,
