tx_id,timestamp,direction,peer_address,amount_sompi,cex_label
69dd7f7b790111b23322fa9beb852395dfa22327e833bbe5ba5d5104b08e7595,2024-04-19T05:43:11.813000,sent,kaspa:qqrvd7eaz7wqgg9fxfj395jsxkdnet9lh6w3skpepu8xldjzu9z8x8ae05m3m,100000000,
69dd7f7b790111b23322fa9beb852395dfa22327e833bbe5ba5d5104b08e7595,2024-04-19T05:43:11.813000,sent,kaspa:qql3lwr3tvsthn4w30flr3j8st79q3rnz6n0fsd9g2yvhqletv0mwafalczwu,13634552270,
0f6314ef1b784443d5043e6c5e9d8aaf5a545b742738075ea93f2a436fb01497,2024-01-13T22:44:03.371000,received,kaspa:qptknxcppu4fe299ev57wf3aarjcjgerwyn927phrr2nzz0j6s8ky960t77w8,100000,
793d0b0ed9eebaae15730ff1e9892d0b2659d600a1b8d53459f705d1251ca870,2023-10-04T03:55:09.298000,sent,kaspa:qyp5quwpgufmuty9uq3n25awgxjlvxk7pkfqlarsvquwr5glgzdguhq5z0k7fsc,999997920,
793d0b0ed9eebaae15730ff1e9892d0b2659d600a1b8d53459f705d1251ca870,2023-10-04T03:55:09.298000,sent,kaspa:qphuwyhshteexfpvane4l2e9gm9mlp4fhc457gcrml8468mtsvnlg22am3kfj,49000000000,
e4585f3c081ab5957f19e644e0d3887c5fc9bf7c2c48a84685113e66c0c162b3,2023-07-21T00:47:15.924000,received,kaspa:qrfvvayrlcf89lg6xr55m034p2dvljswzg8h0gdsrvrx4ulzyhp7k3kpdutzf,50000000000,
e4585f3c081ab5957f19e644e0d3887c5fc9bf7c2c48a84685113e66c0c162b3,2023-07-21T00:47:15.924000,received,kaspa:qrfvvayrlcf89lg6xr55m034p2dvljswzg8h0gdsrvrx4ulzyhp7k3kpdutzf,50000000000,
e4585f3c081ab5957f19e644e0d3887c5fc9bf7c2c48a84685113e66c0c162b3,2023-07-21T00:47:15.924000,received,kaspa:qrfvvayrlcf89lg6xr55m034p2dvljswzg8h0gdsrvrx4ulzyhp7k3kpdutzf,50000000000,
e4585f3c081ab5957f19e644e0d3887c5fc9bf7c2c48a84685113e66c0c162b3,2023-07-21T00:47:15.924000,received,kaspa:qrfvvayrlcf89lg6xr55m034p2dvljswzg8h0gdsrvrx4ulzyhp7k3kpdutzf,50000000000,
e4585f3c081ab5957f19e644e0d3887c5fc9bf7c2c48a84685113e66c0c162b3,2023-07-21T00:47:15.924000,received,kaspa:qrfvvayrlcf89lg6xr55m034p2dvljswzg8h0gdsrvrx4ulzyhp7k3kpdutzf,50000000000,
e4585f3c081ab5957f19e644e0d3887c5fc9bf7c2c48a84685113e66c0c162b3,2023-07-21T00:47:15.924000,received,kaspa:qrfvvayrlcf89lg6xr55m034p2dvljswzg8h0gdsrvrx4ulzyhp7k3kpdutzf,50000000000,
e4585f3c081ab5957f19e644e0d3887c5fc9bf7c2c48a84685113e66c0c162b3,2023-07-21T00:47:15.924000,received,kaspa:qrfvvayrlcf89lg6xr55m034p2dvljswzg8h0gdsrvrx4ulzyhp7k3kpdutzf,50000000000,
