tx_id,timestamp,direction,peer_address,amount_sompi,cex_label
a39cdf2fca5aa40eaee3004cfd17fd7e98e164bc797fc1fffa3ef6975612b734,2024-02-17T09:31:15.317000,sent,kaspa:qqd463qjk795l7x06el7qjdh4hjtprah8mtnxx8exg8wz43fla4djkghheu25,172980000,
a39cdf2fca5aa40eaee3004cfd17fd7e98e164bc797fc1fffa3ef6975612b734,2024-02-17T09:31:15.317000,sent,kaspa:qqd463qjk795l7x06el7qjdh4hjtprah8mtnxx8exg8wz43fla4djkghheu25,172980000,
44abf2711c7d4d5adb24067d9bfb5efdde661aac84ec7bb884fc3edbf0ce2bab,2023-12-12T23:43:37.204000,received,kaspa:qypswxtcrv4ssyjaswy5w9387vq73mkuyq85tl34cee6qn5uexqy0csgnafnjx7,171000000,
66a029cc47effe042b1eecd454c3bd19eeb9244dca3a4e6d54f1521bdec5ed52,2023-11-29T15:26:02.446000,sent,kaspa:qypxuupq7gwxgtthuvuxl6lk3ps3mcp6ued4t9uxr9z4teu6eyvyuhqacxnh9h8,18000000,
fb5101269376540a8f4181c012569d17ce493ec6ec67217570bce3ffbbc861c7,2023-11-27T04:52:17.282000,received,kaspa:qypamkqlgmq5vuvdg4q6wghkecpvfd5y7yfmmgy4xz09hfgrajla6tg5xqdffl8,20000000,
