tx_id,timestamp,direction,peer_address,amount_sompi,cex_label
2d2b776d34de9b65f25ed64d52a2434f546465b486bba2b0c9323c204a4946bf,2023-12-16T03:37:50.287000,sent,kaspa:qzslgwenzu78t6tldlng383g7ruu4enaljmnkgaulyrscjp7ldt26x8gfxck5,171940000,
2d2b776d34de9b65f25ed64d52a2434f546465b486bba2b0c9323c204a4946bf,2023-12-16T03:37:50.287000,sent,kaspa:qzslgwenzu78t6tldlng383g7ruu4enaljmnkgaulyrscjp7ldt26x8gfxck5,171940000,
73418887716fca63d6883de46af129f92b6d1d9a6ca8f6951f7ff02c5688d98c,2023-12-11T23:44:42.749000,received,kaspa:qypswxtcrv4ssyjaswy5w9387vq73mkuyq85tl34cee6qn5uexqy0csgnafnjx7,171000000,
e66e2e7c88a646643f3457ae7df65a36de7699fdd6af227112786e5b37768553,2023-11-27T13:53:45.725000,sent,kaspa:qypx60hg0nhcvyg3pygqgs4p5egfvvhqldmzuw9w7x6rgkadzvqk95q8q8fc94n,18000000,
afc720ae50fe9509a89a2d3cbc7b5f80fc176f8413c6a3eca7dc29725e47f940,2023-11-27T05:05:22.432000,received,kaspa:qpmp7s9we4nmtuq7fahr68pkxddehqer4r278q8wwtrgp4p5cqqj7e08uvv05,19000000,
