tx_id,timestamp,direction,peer_address,amount_sompi,cex_label
708401f116dd70f0af6e6863377570d63dd2d9a49ceec31bb66568154a943b4e,2023-12-16T05:20:26.945000,sent,kaspa:qqql6ng9zt4s46k9d6jeen6fyq498jj6mqampkfsmvrxhnwp6wek65qnjv7a0,854950000,
708401f116dd70f0af6e6863377570d63dd2d9a49ceec31bb66568154a943b4e,2023-12-16T05:20:26.945000,sent,kaspa:qqql6ng9zt4s46k9d6jeen6fyq498jj6mqampkfsmvrxhnwp6wek65qnjv7a0,854950000,
708401f116dd70f0af6e6863377570d63dd2d9a49ceec31bb66568154a943b4e,2023-12-16T05:20:26.945000,sent,kaspa:qqql6ng9zt4s46k9d6jeen6fyq498jj6mqampkfsmvrxhnwp6wek65qnjv7a0,854950000,
708401f116dd70f0af6e6863377570d63dd2d9a49ceec31bb66568154a943b4e,2023-12-16T05:20:26.945000,sent,kaspa:qqql6ng9zt4s46k9d6jeen6fyq498jj6mqampkfsmvrxhnwp6wek65qnjv7a0,854950000,
708401f116dd70f0af6e6863377570d63dd2d9a49ceec31bb66568154a943b4e,2023-12-16T05:20:26.945000,sent,kaspa:qqql6ng9zt4s46k9d6jeen6fyq498jj6mqampkfsmvrxhnwp6wek65qnjv7a0,854950000,
d10c9a7893d7b780255ae193bc5f27a6e20a552390c65071408bd96ed226d172,2023-12-16T04:16:38.655000,received,kaspa:qyp8vk4us67xk78zu9yc3x4ptl9xff3vg820vvqzx7gec6nk62jl3pgfp3h7hy4,171000000,
e3dd69bb866faeab0fdec1c7a9010986b2097bf8bb0236418504847d0984f2c2,2023-12-16T04:08:09.972000,received,kaspa:qyp8vk4us67xk78zu9yc3x4ptl9xff3vg820vvqzx7gec6nk62jl3pgfp3h7hy4,171000000,
74edc16cf86f9955899de6292ba66365363b5c33f9d6542b10e67f5885ff632e,2023-12-16T02:30:54.794000,received,kaspa:qyp8vk4us67xk78zu9yc3x4ptl9xff3vg820vvqzx7gec6nk62jl3pgfp3h7hy4,171000000,
6b6fb76f4def7a96cc6ac3b12432f3d52003ffb1be347b4463f12f5a956324ce,2023-12-16T01:55:30.920000,received,kaspa:qyp8vk4us67xk78zu9yc3x4ptl9xff3vg820vvqzx7gec6nk62jl3pgfp3h7hy4,171000000,
70067fd2f0235fd35084be555adcdbfd3887da9009992072bd06713358f0d0c1,2023-12-16T01:46:58.146000,received,kaspa:qyp8vk4us67xk78zu9yc3x4ptl9xff3vg820vvqzx7gec6nk62jl3pgfp3h7hy4,171000000,
ddfaf16426d32c1caef23a3825a3c644fd5e0f4cc7923eb445a717a0534ca589,2023-12-16T01:22:53.882000,sent,kaspa:qqql6ng9zt4s46k9d6jeen6fyq498jj6mqampkfsmvrxhnwp6wek65qnjv7a0,2564850000,
ddfaf16426d32c1caef23a3825a3c644fd5e0f4cc7923eb445a717a0534ca589,2023-12-16T01:22:53.882000,sent,kaspa:qqql6ng9zt4s46k9d6jeen6fyq498jj6mqampkfsmvrxhnwp6wek65qnjv7a0,2564850000,
ddfaf16426d32c1caef23a3825a3c644fd5e0f4cc7923eb445a717a0534ca589,2023-12-16T01:22:53.882000,sent,kaspa:qqql6ng9zt4s46k9d6jeen6fyq498jj6mqampkfsmvrxhnwp6wek65qnjv7a0,2564850000,
ddfaf16426d32c1caef23a3825a3c644fd5e0f4cc7923eb445a717a0534ca589,2023-12-16T01:22:53.882000,sent,kaspa:qqql6ng9zt4s46k9d6jeen6fyq498jj6mqampkfsmvrxhnwp6wek65qnjv7a0,2564850000,
ddfaf16426d32c1caef23a3825a3c644fd5e0f4cc7923eb445a717a0534ca589,2023-12-16T01:22:53.882000,sent,kaspa:qqql6ng9zt4s46k9d6jeen6fyq498jj6mqampkfsmvrxhnwp6wek65qnjv7a0,2564850000,
ddfaf16426d32c1caef23a3825a3c644fd5e0f4cc7923eb445a717a0534ca589,2023-12-16T01:22:53.882000,sent,kaspa:qqql6ng9zt4s46k9d6jeen6fyq498jj6mqampkfsmvrxhnwp6wek65qnjv7a0,2564850000,
ddfaf16426d32c1caef23a3825a3c644fd5e0f4cc7923eb445a717a0534ca589,2023-12-16T01:22:53.882000,sent,kaspa:qqql6ng9zt4s46k9d6jeen6fyq498jj6mqampkfsmvrxhnwp6wek65qnjv7a0,2564850000,
ddfaf16426d32c1caef23a3825a3c644fd5e0f4cc7923eb445a717a0534ca589,2023-12-16T01:22:53.882000,sent,kaspa:qqql6ng9zt4s46k9d6jeen6fyq498jj6mqampkfsmvrxhnwp6wek65qnjv7a0,2564850000,
ddfaf16426d32c1caef23a3825a3c644fd5e0f4cc7923eb445a717a0534ca589,2023-12-16T01:22:53.882000,sent,kaspa:qqql6ng9zt4s46k9d6jeen6fyq498jj6mqampkfsmvrxhnwp6wek65qnjv7a0,2564850000,
ddfaf16426d32c1caef23a3825a3c644fd5e0f4cc7923eb445a717a0534ca589,2023-12-16T01:22:53.882000,sent,kaspa:qqql6ng9zt4s46k9d6jeen6fyq498jj6mqampkfsmvrxhnwp6wek65qnjv7a0,2564850000,
ddfaf16426d32c1caef23a3825a3c644fd5e0f4cc7923eb445a717a0534ca589,2023-12-16T01:22:53.882000,sent,kaspa:qqql6ng9zt4s46k9d6jeen6fyq498jj6mqampkfsmvrxhnwp6wek65qnjv7a0,2564850000,
ddfaf16426d32c1caef23a3825a3c644fd5e0f4cc7923eb445a717a0534ca589,2023-12-16T01:22:53.882000,sent,kaspa:qqql6ng9zt4s46k9d6jeen6fyq498jj6mqampkfsmvrxhnwp6wek65qnjv7a0,2564850000,
ddfaf16426d32c1caef23a3825a3c644fd5e0f4cc7923eb445a717a0534ca589,2023-12-16T01:22:53.882000,sent,kaspa:qqql6ng9zt4s46k9d6jeen6fyq498jj6mqampkfsmvrxhnwp6wek65qnjv7a0,2564850000,
ddfaf16426d32c1caef23a3825a3c644fd5e0f4cc7923eb445a717a0534ca589,2023-12-16T01:22:53.882000,sent,kaspa:qqql6ng9zt4s46k9d6jeen6fyq498jj6mqampkfsmvrxhnwp6wek65qnjv7a0,2564850000,
ddfaf16426d32c1caef23a3825a3c644fd5e0f4cc7923eb445a717a0534ca589,2023-12-16T01:22:53.882000,sent,kaspa:qqql6ng9zt4s46k9d6jeen6fyq498jj6mqampkfsmvrxhnwp6wek65qnjv7a0,2564850000,
eadcd895d5bad2a4c3fe7d0e2222f6477e80438bdf46107a0761eaeec0985325,2023-12-16T01:10:33.925000,received,kaspa:qyp8vk4us67xk78zu9yc3x4ptl9xff3vg820vvqzx7gec6nk62jl3pgfp3h7hy4,171000000,
a257faf6587363ffd6700cc25fce62735ea3a1309a78ac445cfed83812e043f2,2023-12-15T23:12:25.242000,received,kaspa:qyp8vk4us67xk78zu9yc3x4ptl9xff3vg820vvqzx7gec6nk62jl3pgfp3h7hy4,171000000,
4a7233c97439bbb8cc8a37c0dd858311b05f73659923efc9418df534978167e4,2023-12-15T22:23:37.783000,received,kaspa:qyp8vk4us67xk78zu9yc3x4ptl9xff3vg820vvqzx7gec6nk62jl3pgfp3h7hy4,171000000,
9e4a8c479ba77140545814256cf55843fd2be730345296b47e7868e68f353957,2023-12-15T22:11:33.495000,received,kaspa:qyp8vk4us67xk78zu9yc3x4ptl9xff3vg820vvqzx7gec6nk62jl3pgfp3h7hy4,171000000,
a5acfdafbf144f262872e853197bce89093dc6a1aeea36568d7828266153d64f,2023-12-15T19:34:48.583000,received,kaspa:qyp8vk4us67xk78zu9yc3x4ptl9xff3vg820vvqzx7gec6nk62jl3pgfp3h7hy4,171000000,
2d71008ec418ece1972c6f524557bb09c262c239607427b7077bf59d44df4ba0,2023-12-15T17:49:34.500000,received,kaspa:qyp8vk4us67xk78zu9yc3x4ptl9xff3vg820vvqzx7gec6nk62jl3pgfp3h7hy4,171000000,
515a376a27a75b6798985179856c52862232ef9a4bdaf0831080063f9e9608fc,2023-12-15T17:49:10.612000,received,kaspa:qyp8vk4us67xk78zu9yc3x4ptl9xff3vg820vvqzx7gec6nk62jl3pgfp3h7hy4,171000000,
7fa71791aa101aaa9cce35b74f770280d2f196bd961449845237a9dc3397d633,2023-12-15T16:44:48.111000,received,kaspa:qyp8vk4us67xk78zu9yc3x4ptl9xff3vg820vvqzx7gec6nk62jl3pgfp3h7hy4,171000000,
f086982a018209d05a2f1c4d887f57759b73f724cff1dc461324401a2c18f91f,2023-12-15T16:44:18.413000,received,kaspa:qyp8vk4us67xk78zu9yc3x4ptl9xff3vg820vvqzx7gec6nk62jl3pgfp3h7hy4,171000000,
cf7a9935f4f7337b1f51be850f41267da94851e0931ed13e5dae0889c1569ae3,2023-12-15T16:16:43.949000,received,kaspa:qyp8vk4us67xk78zu9yc3x4ptl9xff3vg820vvqzx7gec6nk62jl3pgfp3h7hy4,171000000,
6e5a5a685c83b39c66489ba3db176c7e29cce490bfb9f83a89d501da0c272b71,2023-12-15T16:09:45.628000,received,kaspa:qyp8vk4us67xk78zu9yc3x4ptl9xff3vg820vvqzx7gec6nk62jl3pgfp3h7hy4,171000000,
19fc8b8d9e877fa18d67ae08c04f5d09d0db159e8b61d98388c1e26ffb07d6e6,2023-12-15T15:44:30.992000,received,kaspa:qyp8vk4us67xk78zu9yc3x4ptl9xff3vg820vvqzx7gec6nk62jl3pgfp3h7hy4,171000000,
2d9142890da633abd50ac220dcb35bcc974ed8dd0707ff26396d0b39d8c060f0,2023-12-15T14:15:01.171000,received,kaspa:qyp8vk4us67xk78zu9yc3x4ptl9xff3vg820vvqzx7gec6nk62jl3pgfp3h7hy4,171000000,
64ecea4b098657db04722bdbb0bc16716015b2c14ca5364f9fb7a7abf41bc7e0,2023-12-15T10:36:05.233000,received,kaspa:qyp8vk4us67xk78zu9yc3x4ptl9xff3vg820vvqzx7gec6nk62jl3pgfp3h7hy4,171000000,
b705bd350795f24770fa872401b8e15101c578a68ae490cbdd6a949531c6960a,2023-12-15T10:13:14.455000,received,kaspa:qyp8vk4us67xk78zu9yc3x4ptl9xff3vg820vvqzx7gec6nk62jl3pgfp3h7hy4,171000000,
be0f99d9f295a074ff1c07b7721cdd1dda770eee2a68d4333be0b8e2f11f6238,2023-12-15T09:53:36.226000,sent,kaspa:qrtthu48p0xm24d2pdhee2zmuyphrljfz33da5gdpgk5v7xarcar5el4vg690,1367920000,
be0f99d9f295a074ff1c07b7721cdd1dda770eee2a68d4333be0b8e2f11f6238,2023-12-15T09:53:36.226000,sent,kaspa:qrtthu48p0xm24d2pdhee2zmuyphrljfz33da5gdpgk5v7xarcar5el4vg690,1367920000,
be0f99d9f295a074ff1c07b7721cdd1dda770eee2a68d4333be0b8e2f11f6238,2023-12-15T09:53:36.226000,sent,kaspa:qrtthu48p0xm24d2pdhee2zmuyphrljfz33da5gdpgk5v7xarcar5el4vg690,1367920000,
be0f99d9f295a074ff1c07b7721cdd1dda770eee2a68d4333be0b8e2f11f6238,2023-12-15T09:53:36.226000,sent,kaspa:qrtthu48p0xm24d2pdhee2zmuyphrljfz33da5gdpgk5v7xarcar5el4vg690,1367920000,
be0f99d9f295a074ff1c07b7721cdd1dda770eee2a68d4333be0b8e2f11f6238,2023-12-15T09:53:36.226000,sent,kaspa:qrtthu48p0xm24d2pdhee2zmuyphrljfz33da5gdpgk5v7xarcar5el4vg690,1367920000,
be0f99d9f295a074ff1c07b7721cdd1dda770eee2a68d4333be0b8e2f11f6238,2023-12-15T09:53:36.226000,sent,kaspa:qrtthu48p0xm24d2pdhee2zmuyphrljfz33da5gdpgk5v7xarcar5el4vg690,1367920000,
be0f99d9f295a074ff1c07b7721cdd1dda770eee2a68d4333be0b8e2f11f6238,2023-12-15T09:53:36.226000,sent,kaspa:qrtthu48p0xm24d2pdhee2zmuyphrljfz33da5gdpgk5v7xarcar5el4vg690,1367920000,
be0f99d9f295a074ff1c07b7721cdd1dda770eee2a68d4333be0b8e2f11f6238,2023-12-15T09:53:36.226000,sent,kaspa:qrtthu48p0xm24d2pdhee2zmuyphrljfz33da5gdpgk5v7xarcar5el4vg690,1367920000,
cedf151ee1f5b487bd10fb4919518fd950d99044da262078f20e3ca41596cd4d,2023-12-15T08:17:19.843000,received,kaspa:qyp8vk4us67xk78zu9yc3x4ptl9xff3vg820vvqzx7gec6nk62jl3pgfp3h7hy4,171000000,
3d7a66af0944b3a9412af548215d6168db04f5833f4b4fd8b9cdd789a738c8eb,2023-12-15T08:12:36.597000,received,kaspa:qyp8vk4us67xk78zu9yc3x4ptl9xff3vg820vvqzx7gec6nk62jl3pgfp3h7hy4,171000000,
2e5c19c1ac761d88274f73232e7cba3ee1f95baa9ecb94dac294e20e4303185e,2023-12-15T06:34:31.419000,received,kaspa:qyp8vk4us67xk78zu9yc3x4ptl9xff3vg820vvqzx7gec6nk62jl3pgfp3h7hy4,171000000,
9b1aed771189f9556c0f1e41dc811c7451a78958e19239a071cc8881a22eaef7,2023-12-15T04:46:34.978000,received,kaspa:qyp8vk4us67xk78zu9yc3x4ptl9xff3vg820vvqzx7gec6nk62jl3pgfp3h7hy4,171000000,
0df274fe14ac82ea5452b33bd6171c21aceded3f1e83f21f505bcc203d1afa83,2023-12-15T03:49:02.902000,received,kaspa:qyp8vk4us67xk78zu9yc3x4ptl9xff3vg820vvqzx7gec6nk62jl3pgfp3h7hy4,171000000,
da59303179f8fc000696024099b4d3b316e950d172cd16efbed6db232adf3e8b,2023-12-15T02:09:01.151000,received,kaspa:qyp8vk4us67xk78zu9yc3x4ptl9xff3vg820vvqzx7gec6nk62jl3pgfp3h7hy4,171000000,
1b75fe399661047f545c808a7e51478b50a4f62bc2e1f7f5e4b3da06a06052b0,2023-12-15T02:04:43.804000,received,kaspa:qyp8vk4us67xk78zu9yc3x4ptl9xff3vg820vvqzx7gec6nk62jl3pgfp3h7hy4,171000000,
71b4f823aac13c68bdb6d3bd1263248a28d50ae5f4075056ad1b64cf8b8d4f5c,2023-12-15T01:04:49.002000,received,kaspa:qyp8vk4us67xk78zu9yc3x4ptl9xff3vg820vvqzx7gec6nk62jl3pgfp3h7hy4,171000000,
7ac7af4fb477e7ac7d10a6a0b8faa5c173cef63fff518bea7698ebb06f82674d,2023-12-15T00:52:19.404000,sent,kaspa:qrtthu48p0xm24d2pdhee2zmuyphrljfz33da5gdpgk5v7xarcar5el4vg690,1538910000,
7ac7af4fb477e7ac7d10a6a0b8faa5c173cef63fff518bea7698ebb06f82674d,2023-12-15T00:52:19.404000,sent,kaspa:qrtthu48p0xm24d2pdhee2zmuyphrljfz33da5gdpgk5v7xarcar5el4vg690,1538910000,
7ac7af4fb477e7ac7d10a6a0b8faa5c173cef63fff518bea7698ebb06f82674d,2023-12-15T00:52:19.404000,sent,kaspa:qrtthu48p0xm24d2pdhee2zmuyphrljfz33da5gdpgk5v7xarcar5el4vg690,1538910000,
7ac7af4fb477e7ac7d10a6a0b8faa5c173cef63fff518bea7698ebb06f82674d,2023-12-15T00:52:19.404000,sent,kaspa:qrtthu48p0xm24d2pdhee2zmuyphrljfz33da5gdpgk5v7xarcar5el4vg690,1538910000,
7ac7af4fb477e7ac7d10a6a0b8faa5c173cef63fff518bea7698ebb06f82674d,2023-12-15T00:52:19.404000,sent,kaspa:qrtthu48p0xm24d2pdhee2zmuyphrljfz33da5gdpgk5v7xarcar5el4vg690,1538910000,
7ac7af4fb477e7ac7d10a6a0b8faa5c173cef63fff518bea7698ebb06f82674d,2023-12-15T00:52:19.404000,sent,kaspa:qrtthu48p0xm24d2pdhee2zmuyphrljfz33da5gdpgk5v7xarcar5el4vg690,1538910000,
7ac7af4fb477e7ac7d10a6a0b8faa5c173cef63fff518bea7698ebb06f82674d,2023-12-15T00:52:19.404000,sent,kaspa:qrtthu48p0xm24d2pdhee2zmuyphrljfz33da5gdpgk5v7xarcar5el4vg690,1538910000,
7ac7af4fb477e7ac7d10a6a0b8faa5c173cef63fff518bea7698ebb06f82674d,2023-12-15T00:52:19.404000,sent,kaspa:qrtthu48p0xm24d2pdhee2zmuyphrljfz33da5gdpgk5v7xarcar5el4vg690,1538910000,
7ac7af4fb477e7ac7d10a6a0b8faa5c173cef63fff518bea7698ebb06f82674d,2023-12-15T00:52:19.404000,sent,kaspa:qrtthu48p0xm24d2pdhee2zmuyphrljfz33da5gdpgk5v7xarcar5el4vg690,1538910000,
f96a9844790647617fcb6e295aef07d4035635cbf71b468cca375d630b372195,2023-12-15T00:29:59.225000,received,kaspa:qyp8vk4us67xk78zu9yc3x4ptl9xff3vg820vvqzx7gec6nk62jl3pgfp3h7hy4,171000000,
eba0370b3a266a35843b6a69f7c44a7601736aad8b6f2039163299dd3e195da0,2023-12-15T00:04:57.884000,received,kaspa:qyp8vk4us67xk78zu9yc3x4ptl9xff3vg820vvqzx7gec6nk62jl3pgfp3h7hy4,171000000,
e328aaf2fc9199383a710dbe9f44fb33a9a5dd7a21274c63a03ca3c0b835bac6,2023-12-14T22:18:05.660000,received,kaspa:qyp8vk4us67xk78zu9yc3x4ptl9xff3vg820vvqzx7gec6nk62jl3pgfp3h7hy4,171000000,
f39bcf6f35aed994c151d65cf4feae9eafc6da9a65e5b9190ca0cdb4e36bd2a2,2023-12-14T21:41:11.897000,received,kaspa:qyp8vk4us67xk78zu9yc3x4ptl9xff3vg820vvqzx7gec6nk62jl3pgfp3h7hy4,171000000,
e837faef22fc1682f4df3ead78f18ab94a2e06fd4ee7e65648a31aeeeb45905c,2023-12-14T21:40:24.972000,received,kaspa:qyp8vk4us67xk78zu9yc3x4ptl9xff3vg820vvqzx7gec6nk62jl3pgfp3h7hy4,171000000,
7726fb1975c0452386e08e18bdde6993391217feed57de44c85a232964529295,2023-12-14T17:35:53.642000,received,kaspa:qyp8vk4us67xk78zu9yc3x4ptl9xff3vg820vvqzx7gec6nk62jl3pgfp3h7hy4,171000000,
15aa40a08c12f07defc02ae6a0084305192b04df4f8eaceb92eea466a2af4efa,2023-12-14T17:34:20.111000,received,kaspa:qyp8vk4us67xk78zu9yc3x4ptl9xff3vg820vvqzx7gec6nk62jl3pgfp3h7hy4,171000000,
039d5d329ae62faa1822552a0029d1c36ad4515d3390450a7f0f7c06caafce9c,2023-12-14T15:31:20.028000,received,kaspa:qyp8vk4us67xk78zu9yc3x4ptl9xff3vg820vvqzx7gec6nk62jl3pgfp3h7hy4,171000000,
9d49731643d86a7c3be6c3697cf06b80d785fc570b94b913a5260f55ac55fd3a,2023-12-14T15:29:03.616000,received,kaspa:qyp8vk4us67xk78zu9yc3x4ptl9xff3vg820vvqzx7gec6nk62jl3pgfp3h7hy4,171000000,
6caa692d99243899f29927f8b982bf062096f5052cf53d45655e876065dc4e3d,2023-12-14T14:52:28.037000,sent,kaspa:qrtthu48p0xm24d2pdhee2zmuyphrljfz33da5gdpgk5v7xarcar5el4vg690,1025940000,
6caa692d99243899f29927f8b982bf062096f5052cf53d45655e876065dc4e3d,2023-12-14T14:52:28.037000,sent,kaspa:qrtthu48p0xm24d2pdhee2zmuyphrljfz33da5gdpgk5v7xarcar5el4vg690,1025940000,
6caa692d99243899f29927f8b982bf062096f5052cf53d45655e876065dc4e3d,2023-12-14T14:52:28.037000,sent,kaspa:qrtthu48p0xm24d2pdhee2zmuyphrljfz33da5gdpgk5v7xarcar5el4vg690,1025940000,
6caa692d99243899f29927f8b982bf062096f5052cf53d45655e876065dc4e3d,2023-12-14T14:52:28.037000,sent,kaspa:qrtthu48p0xm24d2pdhee2zmuyphrljfz33da5gdpgk5v7xarcar5el4vg690,1025940000,
6caa692d99243899f29927f8b982bf062096f5052cf53d45655e876065dc4e3d,2023-12-14T14:52:28.037000,sent,kaspa:qrtthu48p0xm24d2pdhee2zmuyphrljfz33da5gdpgk5v7xarcar5el4vg690,1025940000,
6caa692d99243899f29927f8b982bf062096f5052cf53d45655e876065dc4e3d,2023-12-14T14:52:28.037000,sent,kaspa:qrtthu48p0xm24d2pdhee2zmuyphrljfz33da5gdpgk5v7xarcar5el4vg690,1025940000,
b97993b6dc7e73b68bfa26bfede3b3c49d988bcbba801a7d073addc27335dd3c,2023-12-14T13:52:47.444000,received,kaspa:qyp8vk4us67xk78zu9yc3x4ptl9xff3vg820vvqzx7gec6nk62jl3pgfp3h7hy4,171000000,
d83019ae4f9961d0096d4848222dc66c9e5d66fd6b4da2a1bd8e7d7d96f06f83,2023-12-14T12:06:22.733000,received,kaspa:qyp8vk4us67xk78zu9yc3x4ptl9xff3vg820vvqzx7gec6nk62jl3pgfp3h7hy4,171000000,
08508a13c0bccfad3d15e2de646f96f23e9d7ed6a1620e2b6241317d3b163818,2023-12-14T12:01:59.669000,received,kaspa:qyp8vk4us67xk78zu9yc3x4ptl9xff3vg820vvqzx7gec6nk62jl3pgfp3h7hy4,171000000,
5638dc2569c32e304d2fcb457857d305338801bc47d3c7c6e2b727d8472bcd31,2023-12-14T10:33:58.648000,received,kaspa:qyp8vk4us67xk78zu9yc3x4ptl9xff3vg820vvqzx7gec6nk62jl3pgfp3h7hy4,171000000,
c1786df05aa3d966b86674043921cc7cbe981a7fc5fc562519adf558b753f477,2023-12-14T08:45:50.496000,received,kaspa:qyp8vk4us67xk78zu9yc3x4ptl9xff3vg820vvqzx7gec6nk62jl3pgfp3h7hy4,171000000,
9f1468bdf69da2219ed198db5de8bc8f270e78c00494b175745f25400f6cdbdc,2023-12-14T08:37:40.701000,received,kaspa:qyp8vk4us67xk78zu9yc3x4ptl9xff3vg820vvqzx7gec6nk62jl3pgfp3h7hy4,171000000,
87030ab13f2a9925d3bc23e0bdc809093e21d4c113fd39cc607bfa33b07dd278,2023-12-14T08:15:41.336000,sent,kaspa:qrtthu48p0xm24d2pdhee2zmuyphrljfz33da5gdpgk5v7xarcar5el4vg690,1367920000,
87030ab13f2a9925d3bc23e0bdc809093e21d4c113fd39cc607bfa33b07dd278,2023-12-14T08:15:41.336000,sent,kaspa:qrtthu48p0xm24d2pdhee2zmuyphrljfz33da5gdpgk5v7xarcar5el4vg690,1367920000,
87030ab13f2a9925d3bc23e0bdc809093e21d4c113fd39cc607bfa33b07dd278,2023-12-14T08:15:41.336000,sent,kaspa:qrtthu48p0xm24d2pdhee2zmuyphrljfz33da5gdpgk5v7xarcar5el4vg690,1367920000,
87030ab13f2a9925d3bc23e0bdc809093e21d4c113fd39cc607bfa33b07dd278,2023-12-14T08:15:41.336000,sent,kaspa:qrtthu48p0xm24d2pdhee2zmuyphrljfz33da5gdpgk5v7xarcar5el4vg690,1367920000,
87030ab13f2a9925d3bc23e0bdc809093e21d4c113fd39cc607bfa33b07dd278,2023-12-14T08:15:41.336000,sent,kaspa:qrtthu48p0xm24d2pdhee2zmuyphrljfz33da5gdpgk5v7xarcar5el4vg690,1367920000,
87030ab13f2a9925d3bc23e0bdc809093e21d4c113fd39cc607bfa33b07dd278,2023-12-14T08:15:41.336000,sent,kaspa:qrtthu48p0xm24d2pdhee2zmuyphrljfz33da5gdpgk5v7xarcar5el4vg690,1367920000,
87030ab13f2a9925d3bc23e0bdc809093e21d4c113fd39cc607bfa33b07dd278,2023-12-14T08:15:41.336000,sent,kaspa:qrtthu48p0xm24d2pdhee2zmuyphrljfz33da5gdpgk5v7xarcar5el4vg690,1367920000,
87030ab13f2a9925d3bc23e0bdc809093e21d4c113fd39cc607bfa33b07dd278,2023-12-14T08:15:41.336000,sent,kaspa:qrtthu48p0xm24d2pdhee2zmuyphrljfz33da5gdpgk5v7xarcar5el4vg690,1367920000,
92ceb9052d5bbd9ee2dc92ec79ca4f41723eeeb727aa5402914f047e46246dce,2023-12-14T07:46:14.301000,received,kaspa:qyp8vk4us67xk78zu9yc3x4ptl9xff3vg820vvqzx7gec6nk62jl3pgfp3h7hy4,171000000,
ba87610f0f3d8e41fdc12ddb674d4a1d13fa71e87a35b0647d7bfd6f468b282a,2023-12-14T07:40:42.150000,received,kaspa:qyp8vk4us67xk78zu9yc3x4ptl9xff3vg820vvqzx7gec6nk62jl3pgfp3h7hy4,171000000,
84f79192f9267fe15a73c447c9dcb0081757d75b4d9472057f0601c4bf90b104,2023-12-14T07:08:56.134000,received,kaspa:qyp8vk4us67xk78zu9yc3x4ptl9xff3vg820vvqzx7gec6nk62jl3pgfp3h7hy4,171000000,
52677b4899ed028580f83e1e8bd4d8fc1c0d1583d616f41569506a4c1aa86af7,2023-12-14T05:46:21.516000,received,kaspa:qyp8vk4us67xk78zu9yc3x4ptl9xff3vg820vvqzx7gec6nk62jl3pgfp3h7hy4,171000000,
b90af67b338ea84b48fae6b7d57e30b6e0217f4609444d8b4e71deef32ec2463,2023-12-14T04:53:48.949000,received,kaspa:qyp8vk4us67xk78zu9yc3x4ptl9xff3vg820vvqzx7gec6nk62jl3pgfp3h7hy4,171000000,
649d4ed7a49a238b10a765dbcb50b5df7fde5fb9a231c9c035526f7bbb314acb,2023-12-14T04:51:43.005000,received,kaspa:qyp8vk4us67xk78zu9yc3x4ptl9xff3vg820vvqzx7gec6nk62jl3pgfp3h7hy4,171000000,
1b24988e6ce4a0cbf903a5dd448e58e6eeb3ba9bacb7e007a07c7be4a9a92690,2023-12-14T04:50:38.939000,received,kaspa:qyp8vk4us67xk78zu9yc3x4ptl9xff3vg820vvqzx7gec6nk62jl3pgfp3h7hy4,171000000,
8d88837db73f044c60cd61037b5ecb9a30f7700520add4be8f0563d3417fd4c1,2023-12-14T04:18:59.084000,received,kaspa:qyp8vk4us67xk78zu9yc3x4ptl9xff3vg820vvqzx7gec6nk62jl3pgfp3h7hy4,171000000,
c32a7c3b6c5843e8935f128f37bb9324b99d56904185982e8c4f823c348abfd9,2023-12-14T03:47:41.414000,sent,kaspa:qrtthu48p0xm24d2pdhee2zmuyphrljfz33da5gdpgk5v7xarcar5el4vg690,170990000,
e0579cb4ca374f9ab804ce186aaaa3264494a1c050a9e52d3443519319b4b9fc,2023-12-14T01:26:15.823000,received,kaspa:qyp8vk4us67xk78zu9yc3x4ptl9xff3vg820vvqzx7gec6nk62jl3pgfp3h7hy4,171000000,
869ba0d30d82a146c58789cb86b8f4c83e192ba048b309016351960ac53b78b3,2023-12-13T22:46:48.129000,sent,kaspa:qrtthu48p0xm24d2pdhee2zmuyphrljfz33da5gdpgk5v7xarcar5el4vg690,683960000,
869ba0d30d82a146c58789cb86b8f4c83e192ba048b309016351960ac53b78b3,2023-12-13T22:46:48.129000,sent,kaspa:qrtthu48p0xm24d2pdhee2zmuyphrljfz33da5gdpgk5v7xarcar5el4vg690,683960000,
869ba0d30d82a146c58789cb86b8f4c83e192ba048b309016351960ac53b78b3,2023-12-13T22:46:48.129000,sent,kaspa:qrtthu48p0xm24d2pdhee2zmuyphrljfz33da5gdpgk5v7xarcar5el4vg690,683960000,
869ba0d30d82a146c58789cb86b8f4c83e192ba048b309016351960ac53b78b3,2023-12-13T22:46:48.129000,sent,kaspa:qrtthu48p0xm24d2pdhee2zmuyphrljfz33da5gdpgk5v7xarcar5el4vg690,683960000,
2e320e43e20aba6e7211d19908d6a24943d234684c053fcb8963ef264dcc9bf0,2023-12-13T19:08:18.552000,received,kaspa:qyp8vk4us67xk78zu9yc3x4ptl9xff3vg820vvqzx7gec6nk62jl3pgfp3h7hy4,171000000,
3a2ed61dd9e7d094aada05cbe71ce1ccffa0651cf9f5ae6e3342184ea2262df4,2023-12-13T19:06:10.978000,received,kaspa:qyp8vk4us67xk78zu9yc3x4ptl9xff3vg820vvqzx7gec6nk62jl3pgfp3h7hy4,171000000,
53189087af78a657b1136c69b1294d585c4305417b009220e23b9565d4843e7e,2023-12-13T17:47:18.242000,received,kaspa:qyp8vk4us67xk78zu9yc3x4ptl9xff3vg820vvqzx7gec6nk62jl3pgfp3h7hy4,171000000,
e0883d908aa1fa7e644913652fbe06e16e46b10547a75c9e6497a9ff006788f9,2023-12-13T16:29:53.188000,received,kaspa:qyp8vk4us67xk78zu9yc3x4ptl9xff3vg820vvqzx7gec6nk62jl3pgfp3h7hy4,171000000,
2c84ab7cb6ae5d60df3d4b80ef82c4f326437d044ac20b5b1e3d013f56cf3de0,2023-12-13T16:11:55.832000,sent,kaspa:qrtthu48p0xm24d2pdhee2zmuyphrljfz33da5gdpgk5v7xarcar5el4vg690,170990000,
2045006ab6f9eb0fbf0937a695b3cc7753e3123fb938ed4a495ecaee88a55059,2023-12-13T15:35:52.260000,received,kaspa:qyp8vk4us67xk78zu9yc3x4ptl9xff3vg820vvqzx7gec6nk62jl3pgfp3h7hy4,171000000,
56bac885f9d3f1894607991b1f2f755d7cf2d9cdf92615d3c07e15806e8c5fde,2023-12-13T14:59:16.110000,sent,kaspa:qrtthu48p0xm24d2pdhee2zmuyphrljfz33da5gdpgk5v7xarcar5el4vg690,2051880000,
56bac885f9d3f1894607991b1f2f755d7cf2d9cdf92615d3c07e15806e8c5fde,2023-12-13T14:59:16.110000,sent,kaspa:qrtthu48p0xm24d2pdhee2zmuyphrljfz33da5gdpgk5v7xarcar5el4vg690,2051880000,
56bac885f9d3f1894607991b1f2f755d7cf2d9cdf92615d3c07e15806e8c5fde,2023-12-13T14:59:16.110000,sent,kaspa:qrtthu48p0xm24d2pdhee2zmuyphrljfz33da5gdpgk5v7xarcar5el4vg690,2051880000,
56bac885f9d3f1894607991b1f2f755d7cf2d9cdf92615d3c07e15806e8c5fde,2023-12-13T14:59:16.110000,sent,kaspa:qrtthu48p0xm24d2pdhee2zmuyphrljfz33da5gdpgk5v7xarcar5el4vg690,2051880000,
56bac885f9d3f1894607991b1f2f755d7cf2d9cdf92615d3c07e15806e8c5fde,2023-12-13T14:59:16.110000,sent,kaspa:qrtthu48p0xm24d2pdhee2zmuyphrljfz33da5gdpgk5v7xarcar5el4vg690,2051880000,
56bac885f9d3f1894607991b1f2f755d7cf2d9cdf92615d3c07e15806e8c5fde,2023-12-13T14:59:16.110000,sent,kaspa:qrtthu48p0xm24d2pdhee2zmuyphrljfz33da5gdpgk5v7xarcar5el4vg690,2051880000,
56bac885f9d3f1894607991b1f2f755d7cf2d9cdf92615d3c07e15806e8c5fde,2023-12-13T14:59:16.110000,sent,kaspa:qrtthu48p0xm24d2pdhee2zmuyphrljfz33da5gdpgk5v7xarcar5el4vg690,2051880000,
56bac885f9d3f1894607991b1f2f755d7cf2d9cdf92615d3c07e15806e8c5fde,2023-12-13T14:59:16.110000,sent,kaspa:qrtthu48p0xm24d2pdhee2zmuyphrljfz33da5gdpgk5v7xarcar5el4vg690,2051880000,
56bac885f9d3f1894607991b1f2f755d7cf2d9cdf92615d3c07e15806e8c5fde,2023-12-13T14:59:16.110000,sent,kaspa:qrtthu48p0xm24d2pdhee2zmuyphrljfz33da5gdpgk5v7xarcar5el4vg690,2051880000,
56bac885f9d3f1894607991b1f2f755d7cf2d9cdf92615d3c07e15806e8c5fde,2023-12-13T14:59:16.110000,sent,kaspa:qrtthu48p0xm24d2pdhee2zmuyphrljfz33da5gdpgk5v7xarcar5el4vg690,2051880000,
56bac885f9d3f1894607991b1f2f755d7cf2d9cdf92615d3c07e15806e8c5fde,2023-12-13T14:59:16.110000,sent,kaspa:qrtthu48p0xm24d2pdhee2zmuyphrljfz33da5gdpgk5v7xarcar5el4vg690,2051880000,
56bac885f9d3f1894607991b1f2f755d7cf2d9cdf92615d3c07e15806e8c5fde,2023-12-13T14:59:16.110000,sent,kaspa:qrtthu48p0xm24d2pdhee2zmuyphrljfz33da5gdpgk5v7xarcar5el4vg690,2051880000,
3d924f7deff96eb442158c2fa9174e8b0543e73c4b5900c387a47974fe8aff48,2023-12-13T12:58:42.214000,received,kaspa:qyp8vk4us67xk78zu9yc3x4ptl9xff3vg820vvqzx7gec6nk62jl3pgfp3h7hy4,171000000,
1b909e2be44c5b9c16f8ab32195f20af68acff686e6a0bb9eb3ff88ff8bd8e8a,2023-12-13T12:00:46.369000,received,kaspa:qyp0m9genxg0q72e6ejem4nhu6nv8mya886g76ays3s8q9499nnj0dc0wepjlw5,171000000,
2af832d661f93a5ab73817df8b4c26070613f964996ce4fb617db304a075ec26,2023-12-13T11:57:11.807000,received,kaspa:qyp0m9genxg0q72e6ejem4nhu6nv8mya886g76ays3s8q9499nnj0dc0wepjlw5,171000000,
f58896f4cb0452a195b4eca89eb57de068b509983e5aa6be502eedecfcd5b3ad,2023-12-13T10:57:44.045000,received,kaspa:qypl6a6nm0hqlpqz5k628yrc59vl9gpx5ulqwxsr36pua75u9gevxhgq8nrc0km,171000000,
92312b10a2557edb4fdfa809d9c204f1fc63d11d349f6bad652cf7f0aa188662,2023-12-13T10:49:31.166000,received,kaspa:qypkgqkmfhc6flcfwlh05dep6cgx686vnuszmee3sm262t808k2eazcjmalx6k8,171000000,
8e79d80a8185030d789303ee36713b578ab5b98f0eaf2c4c2b3622356a1d2180,2023-12-13T10:28:35.735000,received,kaspa:qypl86lat3lsadpv20ywkl4he24sj5klmvdsm4k30ndlmyq63g8fcaqgn725vdv,171000000,
2ad1bdfbcc245822518b27c5ec422a9b2668fc3b847a91a4a3e3a4453d51e76a,2023-12-13T10:17:58.728000,received,kaspa:qyp09jwvzzyp0g4fdep2d2fekeh7gss2cd4mnug4jc5uel6xflyzw8csmlsjrqg,171000000,
edb76c1608f7e13726891326112eb323bf519e924389f24920420a9178972dda,2023-12-13T10:06:57.106000,received,kaspa:qypwcme2wrftxsx5v9j6gtqcdt6lekdmlgny7uy2c65g58usa2pknqch006uh92,171000000,
ed6b2d3fb2e2c078d0f300e4836db7a461df0e75396f7fe40312dc6c0f0d1c88,2023-12-13T09:41:00.176000,received,kaspa:qyphjdfspkrm9wh3vhcwrjvgkcp9m8magzyjnrchf54yez3ht9p2rzgf26qpgxz,171000000,
a7b810a80fe79f92f0b6341b2e1b1b0ca87b780d53842f30bddfe69b7dededb1,2023-12-13T09:38:24.231000,received,kaspa:qypxznxgupa8eac5m4a9tyzuaja0eguaas4q5aje0378z4yypf3u3rc34prk2qn,171000000,
96d37de2b8b6f6c7c707742eb0f1ac24c29c96c5a4556fe996d6277904ab5b70,2023-12-13T09:35:13.378000,received,kaspa:qypqhwaag39ahn934e9njgp5uuzr7zxgcwtqpzwrkehmxrgl608urmg4e9n5dh0,171000000,
63f0a669005891a6dd5ebf02b03b3882e948448af5f3aeaeedacd3a010d265a8,2023-12-13T09:30:04.229000,received,kaspa:qype3mfd4s9y9lvc9qfprut60upxh2p2d424sq3ahymsg40m3yyhnfgpgyqxkn7,171000000,
65864de738e9f48b37e33414bdc6048d6cbbd394cb8d68fad443a6c07add94dc,2023-12-13T07:48:29.138000,sent,kaspa:qp2n8m859p79cdutmrjhafn92sw77xz30wz6s8vh440hrd2qrsvxjcwzlla2p,8549500000,
65864de738e9f48b37e33414bdc6048d6cbbd394cb8d68fad443a6c07add94dc,2023-12-13T07:48:29.138000,sent,kaspa:qp2n8m859p79cdutmrjhafn92sw77xz30wz6s8vh440hrd2qrsvxjcwzlla2p,8549500000,
65864de738e9f48b37e33414bdc6048d6cbbd394cb8d68fad443a6c07add94dc,2023-12-13T07:48:29.138000,sent,kaspa:qp2n8m859p79cdutmrjhafn92sw77xz30wz6s8vh440hrd2qrsvxjcwzlla2p,8549500000,
65864de738e9f48b37e33414bdc6048d6cbbd394cb8d68fad443a6c07add94dc,2023-12-13T07:48:29.138000,sent,kaspa:qp2n8m859p79cdutmrjhafn92sw77xz30wz6s8vh440hrd2qrsvxjcwzlla2p,8549500000,
65864de738e9f48b37e33414bdc6048d6cbbd394cb8d68fad443a6c07add94dc,2023-12-13T07:48:29.138000,sent,kaspa:qp2n8m859p79cdutmrjhafn92sw77xz30wz6s8vh440hrd2qrsvxjcwzlla2p,8549500000,
65864de738e9f48b37e33414bdc6048d6cbbd394cb8d68fad443a6c07add94dc,2023-12-13T07:48:29.138000,sent,kaspa:qp2n8m859p79cdutmrjhafn92sw77xz30wz6s8vh440hrd2qrsvxjcwzlla2p,8549500000,
65864de738e9f48b37e33414bdc6048d6cbbd394cb8d68fad443a6c07add94dc,2023-12-13T07:48:29.138000,sent,kaspa:qp2n8m859p79cdutmrjhafn92sw77xz30wz6s8vh440hrd2qrsvxjcwzlla2p,8549500000,
65864de738e9f48b37e33414bdc6048d6cbbd394cb8d68fad443a6c07add94dc,2023-12-13T07:48:29.138000,sent,kaspa:qp2n8m859p79cdutmrjhafn92sw77xz30wz6s8vh440hrd2qrsvxjcwzlla2p,8549500000,
65864de738e9f48b37e33414bdc6048d6cbbd394cb8d68fad443a6c07add94dc,2023-12-13T07:48:29.138000,sent,kaspa:qp2n8m859p79cdutmrjhafn92sw77xz30wz6s8vh440hrd2qrsvxjcwzlla2p,8549500000,
65864de738e9f48b37e33414bdc6048d6cbbd394cb8d68fad443a6c07add94dc,2023-12-13T07:48:29.138000,sent,kaspa:qp2n8m859p79cdutmrjhafn92sw77xz30wz6s8vh440hrd2qrsvxjcwzlla2p,8549500000,
65864de738e9f48b37e33414bdc6048d6cbbd394cb8d68fad443a6c07add94dc,2023-12-13T07:48:29.138000,sent,kaspa:qp2n8m859p79cdutmrjhafn92sw77xz30wz6s8vh440hrd2qrsvxjcwzlla2p,8549500000,
65864de738e9f48b37e33414bdc6048d6cbbd394cb8d68fad443a6c07add94dc,2023-12-13T07:48:29.138000,sent,kaspa:qp2n8m859p79cdutmrjhafn92sw77xz30wz6s8vh440hrd2qrsvxjcwzlla2p,8549500000,
65864de738e9f48b37e33414bdc6048d6cbbd394cb8d68fad443a6c07add94dc,2023-12-13T07:48:29.138000,sent,kaspa:qp2n8m859p79cdutmrjhafn92sw77xz30wz6s8vh440hrd2qrsvxjcwzlla2p,8549500000,
65864de738e9f48b37e33414bdc6048d6cbbd394cb8d68fad443a6c07add94dc,2023-12-13T07:48:29.138000,sent,kaspa:qp2n8m859p79cdutmrjhafn92sw77xz30wz6s8vh440hrd2qrsvxjcwzlla2p,8549500000,
65864de738e9f48b37e33414bdc6048d6cbbd394cb8d68fad443a6c07add94dc,2023-12-13T07:48:29.138000,sent,kaspa:qp2n8m859p79cdutmrjhafn92sw77xz30wz6s8vh440hrd2qrsvxjcwzlla2p,8549500000,
65864de738e9f48b37e33414bdc6048d6cbbd394cb8d68fad443a6c07add94dc,2023-12-13T07:48:29.138000,sent,kaspa:qp2n8m859p79cdutmrjhafn92sw77xz30wz6s8vh440hrd2qrsvxjcwzlla2p,8549500000,
65864de738e9f48b37e33414bdc6048d6cbbd394cb8d68fad443a6c07add94dc,2023-12-13T07:48:29.138000,sent,kaspa:qp2n8m859p79cdutmrjhafn92sw77xz30wz6s8vh440hrd2qrsvxjcwzlla2p,8549500000,
65864de738e9f48b37e33414bdc6048d6cbbd394cb8d68fad443a6c07add94dc,2023-12-13T07:48:29.138000,sent,kaspa:qp2n8m859p79cdutmrjhafn92sw77xz30wz6s8vh440hrd2qrsvxjcwzlla2p,8549500000,
65864de738e9f48b37e33414bdc6048d6cbbd394cb8d68fad443a6c07add94dc,2023-12-13T07:48:29.138000,sent,kaspa:qp2n8m859p79cdutmrjhafn92sw77xz30wz6s8vh440hrd2qrsvxjcwzlla2p,8549500000,
65864de738e9f48b37e33414bdc6048d6cbbd394cb8d68fad443a6c07add94dc,2023-12-13T07:48:29.138000,sent,kaspa:qp2n8m859p79cdutmrjhafn92sw77xz30wz6s8vh440hrd2qrsvxjcwzlla2p,8549500000,
65864de738e9f48b37e33414bdc6048d6cbbd394cb8d68fad443a6c07add94dc,2023-12-13T07:48:29.138000,sent,kaspa:qp2n8m859p79cdutmrjhafn92sw77xz30wz6s8vh440hrd2qrsvxjcwzlla2p,8549500000,
65864de738e9f48b37e33414bdc6048d6cbbd394cb8d68fad443a6c07add94dc,2023-12-13T07:48:29.138000,sent,kaspa:qp2n8m859p79cdutmrjhafn92sw77xz30wz6s8vh440hrd2qrsvxjcwzlla2p,8549500000,
65864de738e9f48b37e33414bdc6048d6cbbd394cb8d68fad443a6c07add94dc,2023-12-13T07:48:29.138000,sent,kaspa:qp2n8m859p79cdutmrjhafn92sw77xz30wz6s8vh440hrd2qrsvxjcwzlla2p,8549500000,
65864de738e9f48b37e33414bdc6048d6cbbd394cb8d68fad443a6c07add94dc,2023-12-13T07:48:29.138000,sent,kaspa:qp2n8m859p79cdutmrjhafn92sw77xz30wz6s8vh440hrd2qrsvxjcwzlla2p,8549500000,
65864de738e9f48b37e33414bdc6048d6cbbd394cb8d68fad443a6c07add94dc,2023-12-13T07:48:29.138000,sent,kaspa:qp2n8m859p79cdutmrjhafn92sw77xz30wz6s8vh440hrd2qrsvxjcwzlla2p,8549500000,
65864de738e9f48b37e33414bdc6048d6cbbd394cb8d68fad443a6c07add94dc,2023-12-13T07:48:29.138000,sent,kaspa:qp2n8m859p79cdutmrjhafn92sw77xz30wz6s8vh440hrd2qrsvxjcwzlla2p,8549500000,
65864de738e9f48b37e33414bdc6048d6cbbd394cb8d68fad443a6c07add94dc,2023-12-13T07:48:29.138000,sent,kaspa:qp2n8m859p79cdutmrjhafn92sw77xz30wz6s8vh440hrd2qrsvxjcwzlla2p,8549500000,
65864de738e9f48b37e33414bdc6048d6cbbd394cb8d68fad443a6c07add94dc,2023-12-13T07:48:29.138000,sent,kaspa:qp2n8m859p79cdutmrjhafn92sw77xz30wz6s8vh440hrd2qrsvxjcwzlla2p,8549500000,
65864de738e9f48b37e33414bdc6048d6cbbd394cb8d68fad443a6c07add94dc,2023-12-13T07:48:29.138000,sent,kaspa:qp2n8m859p79cdutmrjhafn92sw77xz30wz6s8vh440hrd2qrsvxjcwzlla2p,8549500000,
65864de738e9f48b37e33414bdc6048d6cbbd394cb8d68fad443a6c07add94dc,2023-12-13T07:48:29.138000,sent,kaspa:qp2n8m859p79cdutmrjhafn92sw77xz30wz6s8vh440hrd2qrsvxjcwzlla2p,8549500000,
65864de738e9f48b37e33414bdc6048d6cbbd394cb8d68fad443a6c07add94dc,2023-12-13T07:48:29.138000,sent,kaspa:qp2n8m859p79cdutmrjhafn92sw77xz30wz6s8vh440hrd2qrsvxjcwzlla2p,8549500000,
65864de738e9f48b37e33414bdc6048d6cbbd394cb8d68fad443a6c07add94dc,2023-12-13T07:48:29.138000,sent,kaspa:qp2n8m859p79cdutmrjhafn92sw77xz30wz6s8vh440hrd2qrsvxjcwzlla2p,8549500000,
65864de738e9f48b37e33414bdc6048d6cbbd394cb8d68fad443a6c07add94dc,2023-12-13T07:48:29.138000,sent,kaspa:qp2n8m859p79cdutmrjhafn92sw77xz30wz6s8vh440hrd2qrsvxjcwzlla2p,8549500000,
65864de738e9f48b37e33414bdc6048d6cbbd394cb8d68fad443a6c07add94dc,2023-12-13T07:48:29.138000,sent,kaspa:qp2n8m859p79cdutmrjhafn92sw77xz30wz6s8vh440hrd2qrsvxjcwzlla2p,8549500000,
65864de738e9f48b37e33414bdc6048d6cbbd394cb8d68fad443a6c07add94dc,2023-12-13T07:48:29.138000,sent,kaspa:qp2n8m859p79cdutmrjhafn92sw77xz30wz6s8vh440hrd2qrsvxjcwzlla2p,8549500000,
65864de738e9f48b37e33414bdc6048d6cbbd394cb8d68fad443a6c07add94dc,2023-12-13T07:48:29.138000,sent,kaspa:qp2n8m859p79cdutmrjhafn92sw77xz30wz6s8vh440hrd2qrsvxjcwzlla2p,8549500000,
65864de738e9f48b37e33414bdc6048d6cbbd394cb8d68fad443a6c07add94dc,2023-12-13T07:48:29.138000,sent,kaspa:qp2n8m859p79cdutmrjhafn92sw77xz30wz6s8vh440hrd2qrsvxjcwzlla2p,8549500000,
65864de738e9f48b37e33414bdc6048d6cbbd394cb8d68fad443a6c07add94dc,2023-12-13T07:48:29.138000,sent,kaspa:qp2n8m859p79cdutmrjhafn92sw77xz30wz6s8vh440hrd2qrsvxjcwzlla2p,8549500000,
65864de738e9f48b37e33414bdc6048d6cbbd394cb8d68fad443a6c07add94dc,2023-12-13T07:48:29.138000,sent,kaspa:qp2n8m859p79cdutmrjhafn92sw77xz30wz6s8vh440hrd2qrsvxjcwzlla2p,8549500000,
65864de738e9f48b37e33414bdc6048d6cbbd394cb8d68fad443a6c07add94dc,2023-12-13T07:48:29.138000,sent,kaspa:qp2n8m859p79cdutmrjhafn92sw77xz30wz6s8vh440hrd2qrsvxjcwzlla2p,8549500000,
65864de738e9f48b37e33414bdc6048d6cbbd394cb8d68fad443a6c07add94dc,2023-12-13T07:48:29.138000,sent,kaspa:qp2n8m859p79cdutmrjhafn92sw77xz30wz6s8vh440hrd2qrsvxjcwzlla2p,8549500000,
65864de738e9f48b37e33414bdc6048d6cbbd394cb8d68fad443a6c07add94dc,2023-12-13T07:48:29.138000,sent,kaspa:qp2n8m859p79cdutmrjhafn92sw77xz30wz6s8vh440hrd2qrsvxjcwzlla2p,8549500000,
65864de738e9f48b37e33414bdc6048d6cbbd394cb8d68fad443a6c07add94dc,2023-12-13T07:48:29.138000,sent,kaspa:qp2n8m859p79cdutmrjhafn92sw77xz30wz6s8vh440hrd2qrsvxjcwzlla2p,8549500000,
65864de738e9f48b37e33414bdc6048d6cbbd394cb8d68fad443a6c07add94dc,2023-12-13T07:48:29.138000,sent,kaspa:qp2n8m859p79cdutmrjhafn92sw77xz30wz6s8vh440hrd2qrsvxjcwzlla2p,8549500000,
65864de738e9f48b37e33414bdc6048d6cbbd394cb8d68fad443a6c07add94dc,2023-12-13T07:48:29.138000,sent,kaspa:qp2n8m859p79cdutmrjhafn92sw77xz30wz6s8vh440hrd2qrsvxjcwzlla2p,8549500000,
65864de738e9f48b37e33414bdc6048d6cbbd394cb8d68fad443a6c07add94dc,2023-12-13T07:48:29.138000,sent,kaspa:qp2n8m859p79cdutmrjhafn92sw77xz30wz6s8vh440hrd2qrsvxjcwzlla2p,8549500000,
65864de738e9f48b37e33414bdc6048d6cbbd394cb8d68fad443a6c07add94dc,2023-12-13T07:48:29.138000,sent,kaspa:qp2n8m859p79cdutmrjhafn92sw77xz30wz6s8vh440hrd2qrsvxjcwzlla2p,8549500000,
65864de738e9f48b37e33414bdc6048d6cbbd394cb8d68fad443a6c07add94dc,2023-12-13T07:48:29.138000,sent,kaspa:qp2n8m859p79cdutmrjhafn92sw77xz30wz6s8vh440hrd2qrsvxjcwzlla2p,8549500000,
65864de738e9f48b37e33414bdc6048d6cbbd394cb8d68fad443a6c07add94dc,2023-12-13T07:48:29.138000,sent,kaspa:qp2n8m859p79cdutmrjhafn92sw77xz30wz6s8vh440hrd2qrsvxjcwzlla2p,8549500000,
65864de738e9f48b37e33414bdc6048d6cbbd394cb8d68fad443a6c07add94dc,2023-12-13T07:48:29.138000,sent,kaspa:qp2n8m859p79cdutmrjhafn92sw77xz30wz6s8vh440hrd2qrsvxjcwzlla2p,8549500000,
d2e9aba64645b82682ba46fc56586e7c99e63f15c3540f8c4895141e3da98c67,2023-12-13T06:57:07.653000,received,kaspa:qyphjdfspkrm9wh3vhcwrjvgkcp9m8magzyjnrchf54yez3ht9p2rzgf26qpgxz,171000000,
b3390583bd83fec00ff0938ce953262f1dd4f70804a8bd020b075b30add443f0,2023-12-13T06:55:20.970000,received,kaspa:qypdv6v6mdm8sme0ryuw06axg22uqz3szzrs3jdadje2z2uqszhgm2q6rvux8k8,171000000,
f7931591e65fd0f28c22d0d9fdc8cae6f24ef281454c0bce5e91e62744b02cd9,2023-12-13T06:53:24.974000,received,kaspa:qypxznxgupa8eac5m4a9tyzuaja0eguaas4q5aje0378z4yypf3u3rc34prk2qn,171000000,
ab2dbfad0db33363af754d20358c386cce5c8a3c464407d94266b2127e0c2e49,2023-12-13T06:51:30.055000,received,kaspa:qypamkqlgmq5vuvdg4q6wghkecpvfd5y7yfmmgy4xz09hfgrajla6tg5xqdffl8,171000000,
bec09289d9f18f39baca4a851a53f2befc96efe3923329394634aed2b1557251,2023-12-13T06:49:29.314000,received,kaspa:qypamkqlgmq5vuvdg4q6wghkecpvfd5y7yfmmgy4xz09hfgrajla6tg5xqdffl8,171000000,
0d43d684395551dbbf6e4e18e5ef158d759f8a74a2d6e9bf272cfffd8d3025e1,2023-12-13T06:47:19.812000,received,kaspa:qypqhwaag39ahn934e9njgp5uuzr7zxgcwtqpzwrkehmxrgl608urmg4e9n5dh0,171000000,
f603c5b6b7ceb7368dc07e20750eb23214591bd1bf263bd95e28a72149f802c8,2023-12-13T06:44:51.708000,received,kaspa:qyphjdfspkrm9wh3vhcwrjvgkcp9m8magzyjnrchf54yez3ht9p2rzgf26qpgxz,171000000,
1b0f689216d0d4d1a22953565c0fa9c161b3675be993dee41d041e9006604c30,2023-12-13T06:41:40.208000,received,kaspa:qypl86lat3lsadpv20ywkl4he24sj5klmvdsm4k30ndlmyq63g8fcaqgn725vdv,171000000,
713a7fe8a7ee3def636b2ada55475283c205c856d3766186dd56ecaaa7c4db59,2023-12-13T06:37:30.145000,received,kaspa:qype3mfd4s9y9lvc9qfprut60upxh2p2d424sq3ahymsg40m3yyhnfgpgyqxkn7,171000000,
7f0146c0abfa6daa8886b202a51762d1fdee971a6854f5573bd1ff0a38b65bff,2023-12-13T06:36:33.458000,received,kaspa:qypamkqlgmq5vuvdg4q6wghkecpvfd5y7yfmmgy4xz09hfgrajla6tg5xqdffl8,171000000,
42605de0b8ce174fb219dac7da16954ccca9af1e0c23e53c6b3a08481949a2fb,2023-12-13T06:34:23.944000,received,kaspa:qypamkqlgmq5vuvdg4q6wghkecpvfd5y7yfmmgy4xz09hfgrajla6tg5xqdffl8,171000000,
ef60cf6caff35c733d4fe1f7f0240715343b1465f0b012bff3df8d8738100bf9,2023-12-13T06:33:14.380000,received,kaspa:qypl86lat3lsadpv20ywkl4he24sj5klmvdsm4k30ndlmyq63g8fcaqgn725vdv,171000000,
6b198df850cc3ada9c6095cad820e599e8f5f196b6da44ac58b8f336cd81f999,2023-12-13T06:31:18.712000,received,kaspa:qypxh795z50lqe9u3fqnmlwyw7fjgw5xsd0ey6ltg0t3qwvhfpuqakgrgux5h9d,171000000,
7d39bc64f92494c2fb917de5d9d705cca1d007225c44403b00a380b0d842118e,2023-12-13T06:28:50.565000,received,kaspa:qypj4mpmfnmte39866f8ttexwhf0z3vql0qnz3agfmtgjdqjrfdg6mq6dfv0rpk,171000000,
70a414a4006824d735ab8b568ea64c30666aca53fa3553cb00343dcff2a5bd18,2023-12-13T06:26:30.605000,received,kaspa:qyp2y2afskgrk04gsaktpgcwqs50g3ucp9k6yw3gzq383zlggeqm7dgpuu0kdj9,171000000,
20a50e4e305a7ca65e4bc56715a9e880ed8a96810c0bad90b49809b0f13c8d77,2023-12-13T06:22:10.862000,received,kaspa:qyp09jwvzzyp0g4fdep2d2fekeh7gss2cd4mnug4jc5uel6xflyzw8csmlsjrqg,171000000,
eb8b19bfeaaf8d92e016fc9597b6350c02cf3c3210d9ad76dc0405f34aa337db,2023-12-13T06:19:09.609000,received,kaspa:qypj4mpmfnmte39866f8ttexwhf0z3vql0qnz3agfmtgjdqjrfdg6mq6dfv0rpk,171000000,
ad56b7b7d913f0fa603edeaa78293eb45b473a1a348065b6dc80a2dc08d2609e,2023-12-13T06:15:26.664000,received,kaspa:qypamkqlgmq5vuvdg4q6wghkecpvfd5y7yfmmgy4xz09hfgrajla6tg5xqdffl8,171000000,
5d42c0283049d2f3cbba533a9d84a038ab01a428d97375878bd1862a7ace319f,2023-12-13T06:12:04.317000,received,kaspa:qypdv6v6mdm8sme0ryuw06axg22uqz3szzrs3jdadje2z2uqszhgm2q6rvux8k8,171000000,
c0136afea1277ec44c7f4e008ea46e94c3f2e6eb84cea5326069c70876e3d4ef,2023-12-13T06:07:31.428000,received,kaspa:qypxh795z50lqe9u3fqnmlwyw7fjgw5xsd0ey6ltg0t3qwvhfpuqakgrgux5h9d,171000000,
c514ea82bd166c044a9e1b66f79eefee7c701025d5a2d7aa41f7c794e2de6fda,2023-12-13T06:04:00.331000,received,kaspa:qypqhwaag39ahn934e9njgp5uuzr7zxgcwtqpzwrkehmxrgl608urmg4e9n5dh0,171000000,
b1e17be9755646763f8b3c9fb8c0320e1fc4c6c0c2fc6dc888f083f013c0f881,2023-12-13T00:23:55.245000,received,kaspa:qypxznxgupa8eac5m4a9tyzuaja0eguaas4q5aje0378z4yypf3u3rc34prk2qn,171000000,
7af41bc1963cf4fde664dc3f4d2e0665ccad586f596adeb4ca637e0f75b81e27,2023-12-13T00:12:48.952000,received,kaspa:qype3mfd4s9y9lvc9qfprut60upxh2p2d424sq3ahymsg40m3yyhnfgpgyqxkn7,171000000,
f21cde2021a74c63da440c3cb7d37cebdb894208be0dc59f92f83da6c512fe91,2023-12-12T23:54:17.059000,received,kaspa:qypamkqlgmq5vuvdg4q6wghkecpvfd5y7yfmmgy4xz09hfgrajla6tg5xqdffl8,171000000,
52c5064c00b7c3c113adeaf37d5d4051e3ea6715b872a710485297d6ee12bfbb,2023-12-12T23:46:44.138000,received,kaspa:qyprcjlnm6na4u2gkg476zv2qyl0vqvwssyj8zqrfxsvk0k8vyaha5stj42hf4h,171000000,
a2dd102b574baf6b215c3f1baffea7f5d7db044d4f334e7a05e0fbd0f4c857d7,2023-12-12T23:42:39.226000,received,kaspa:qyprcjlnm6na4u2gkg476zv2qyl0vqvwssyj8zqrfxsvk0k8vyaha5stj42hf4h,171000000,
ef6d5b1921cdead60ad26c92a48046c8defa90176cc029879dd4c84cbb3d22ce,2023-12-12T23:38:48.544000,received,kaspa:qypl86lat3lsadpv20ywkl4he24sj5klmvdsm4k30ndlmyq63g8fcaqgn725vdv,171000000,
14dbf5aa07e9f18aebd8fb3b86860d095d2f1a3febf06c9a3e110998fa39608c,2023-12-12T23:11:09.441000,received,kaspa:qypamkqlgmq5vuvdg4q6wghkecpvfd5y7yfmmgy4xz09hfgrajla6tg5xqdffl8,171000000,
f0055248230845aa06aeb3fe7e609b351d076f55687a74e54d8c62ab37f78a24,2023-12-12T22:51:54.697000,received,kaspa:qyplygdysxukhd27ua75kjvmvs8j04dz0apehqpgudgez74zym5jauqpt8f52gc,171000000,
129036ee4cb17ba79ffd8d65a9bdae8f8493e0640d8cf6e34d3de496d4a906f1,2023-12-12T22:17:09.227000,received,kaspa:qypxh795z50lqe9u3fqnmlwyw7fjgw5xsd0ey6ltg0t3qwvhfpuqakgrgux5h9d,171000000,
55059c92fb471ab60732c6461b17752b3f0a094e598a1a24576867809db77d0a,2023-12-12T22:00:55.676000,received,kaspa:qype3mfd4s9y9lvc9qfprut60upxh2p2d424sq3ahymsg40m3yyhnfgpgyqxkn7,171000000,
b946f356f65be3e914e8d0544933dfc0ccbc2afb43d33a1b777dc25cbaa9fba4,2023-12-12T19:06:33.248000,received,kaspa:qypqhwaag39ahn934e9njgp5uuzr7zxgcwtqpzwrkehmxrgl608urmg4e9n5dh0,171000000,
38e4eb9cfcb9abeed1541db79e7dfbbc3aa307c0fcc2918f8ccbf4ff5e2bb961,2023-12-12T19:02:39.451000,received,kaspa:qyp0m9genxg0q72e6ejem4nhu6nv8mya886g76ays3s8q9499nnj0dc0wepjlw5,171000000,
65bcaadf24184e29e74a3c7fff9c7e95310b65d53356eaf1996f10441f42827f,2023-12-12T18:57:39.131000,received,kaspa:qype3mfd4s9y9lvc9qfprut60upxh2p2d424sq3ahymsg40m3yyhnfgpgyqxkn7,171000000,
5aa438163562faf1c656a749076d4c23cab7aca6e7aab93949aad369c0e7ae91,2023-12-12T18:51:45.189000,received,kaspa:qypl6a6nm0hqlpqz5k628yrc59vl9gpx5ulqwxsr36pua75u9gevxhgq8nrc0km,171000000,
0cb8363bf1fa52b92c34ccf02f55a9c2a4e5c543f2484926c8e27c358ff529a4,2023-12-12T18:46:21.429000,received,kaspa:qypqhwaag39ahn934e9njgp5uuzr7zxgcwtqpzwrkehmxrgl608urmg4e9n5dh0,171000000,
e8e04d6b00829f5474ee8e1729805ca6e8d42add45227ac8e9641c175e83f82e,2023-12-12T18:38:56.399000,received,kaspa:qypdv6v6mdm8sme0ryuw06axg22uqz3szzrs3jdadje2z2uqszhgm2q6rvux8k8,171000000,
30b608c48e6b4358601b6ecef5edcd28be63e9ba769b8f9b871953183b864c1b,2023-12-12T18:30:32.120000,received,kaspa:qypqhwaag39ahn934e9njgp5uuzr7zxgcwtqpzwrkehmxrgl608urmg4e9n5dh0,171000000,
a17ff110dc910a543aaf237f0b3e6a312384d43120c84010f08c2dbb9a1ebd16,2023-12-12T18:27:02.335000,received,kaspa:qyp4shc2j2r2dvsn2kqplylp5dkjav6s89yr5096wfyjr75h5y4q6uq2rg3x5c8,171000000,
f56b1e5963a18090d200dacda8ee8a891c841366aaea82d81cb9ad820898886b,2023-12-12T18:22:01.689000,received,kaspa:qyp70qht6pjqk2yl6cwl2n296pgcnwmtj8w0clcle08m5p8yu4tg7kgvv4n0qrg,171000000,
2e3cd920d5b5e4a82b10f8e164a7d2bb59a2276953c7585abb4a20234d4afed4,2023-12-12T18:17:51.397000,received,kaspa:qypl6a6nm0hqlpqz5k628yrc59vl9gpx5ulqwxsr36pua75u9gevxhgq8nrc0km,171000000,
dfbcfb4a011c37755a56d049a85407719453a0c8d0935e8c188eb7855a21c29a,2023-12-12T17:59:46.235000,received,kaspa:qyp3tqm6gwk4ysnttvtq2haz8ffmpd62mcjj5dcz9jqg3lm58jpxrrqya7l88kj,171000000,
3ae36aac731c1dcb0d05955cee0ddaddcd9b23f6cf97415959c81704619bbb7f,2023-12-12T17:53:53.011000,received,kaspa:qypj4mpmfnmte39866f8ttexwhf0z3vql0qnz3agfmtgjdqjrfdg6mq6dfv0rpk,171000000,
1bbff94e896264bb05354988d0d3446f321e36c62680b1ea6766f7350c21cec2,2023-12-12T17:47:05.666000,received,kaspa:qyp70qht6pjqk2yl6cwl2n296pgcnwmtj8w0clcle08m5p8yu4tg7kgvv4n0qrg,171000000,
6d11d6d8528354ce6284f1b56b0184c5a0a4595d88e494ea4656d507924110e8,2023-12-12T17:41:32.733000,received,kaspa:qypl6a6nm0hqlpqz5k628yrc59vl9gpx5ulqwxsr36pua75u9gevxhgq8nrc0km,171000000,
9debc00aa00c2350dbb08adcb4d9201733c3d5893ba3b27fe3821b4e085f29a2,2023-12-12T17:33:20.138000,received,kaspa:qypxh795z50lqe9u3fqnmlwyw7fjgw5xsd0ey6ltg0t3qwvhfpuqakgrgux5h9d,171000000,
f87bb511c039b1c76aabfbb3383e6f51602c2dae2e95f294789a86e488c34f69,2023-12-12T17:27:53.111000,received,kaspa:qypj4mpmfnmte39866f8ttexwhf0z3vql0qnz3agfmtgjdqjrfdg6mq6dfv0rpk,171000000,
e08cca095e06338e135188456661015ce6c066cc7ed5b04d4876464b6db26484,2023-12-12T17:22:11.722000,received,kaspa:qypxh795z50lqe9u3fqnmlwyw7fjgw5xsd0ey6ltg0t3qwvhfpuqakgrgux5h9d,171000000,
688982c43e0a817985c5527cc32dbea9c5e74970401775e62e7cb2d22bba09d0,2023-12-12T17:17:28.831000,received,kaspa:qyp7pdnl7lcvupjaqrq07jgytn27yctey22a0l4hj6yy6w8ujauzzeg3wyd5jt4,171000000,
dc84ed0dcabe7e6a3993e39c52c298fe71c36274527629297bf79467a3ae900a,2023-12-12T17:14:20.756000,received,kaspa:qypwcme2wrftxsx5v9j6gtqcdt6lekdmlgny7uy2c65g58usa2pknqch006uh92,171000000,
dfc6529c32f9957c22a396e5eebb657a6802e3501955e00ec7b7d70765c5a9a8,2023-12-12T15:12:28.991000,sent,kaspa:qp2n8m859p79cdutmrjhafn92sw77xz30wz6s8vh440hrd2qrsvxjcwzlla2p,1538910000,
dfc6529c32f9957c22a396e5eebb657a6802e3501955e00ec7b7d70765c5a9a8,2023-12-12T15:12:28.991000,sent,kaspa:qp2n8m859p79cdutmrjhafn92sw77xz30wz6s8vh440hrd2qrsvxjcwzlla2p,1538910000,
dfc6529c32f9957c22a396e5eebb657a6802e3501955e00ec7b7d70765c5a9a8,2023-12-12T15:12:28.991000,sent,kaspa:qp2n8m859p79cdutmrjhafn92sw77xz30wz6s8vh440hrd2qrsvxjcwzlla2p,1538910000,
dfc6529c32f9957c22a396e5eebb657a6802e3501955e00ec7b7d70765c5a9a8,2023-12-12T15:12:28.991000,sent,kaspa:qp2n8m859p79cdutmrjhafn92sw77xz30wz6s8vh440hrd2qrsvxjcwzlla2p,1538910000,
dfc6529c32f9957c22a396e5eebb657a6802e3501955e00ec7b7d70765c5a9a8,2023-12-12T15:12:28.991000,sent,kaspa:qp2n8m859p79cdutmrjhafn92sw77xz30wz6s8vh440hrd2qrsvxjcwzlla2p,1538910000,
dfc6529c32f9957c22a396e5eebb657a6802e3501955e00ec7b7d70765c5a9a8,2023-12-12T15:12:28.991000,sent,kaspa:qp2n8m859p79cdutmrjhafn92sw77xz30wz6s8vh440hrd2qrsvxjcwzlla2p,1538910000,
dfc6529c32f9957c22a396e5eebb657a6802e3501955e00ec7b7d70765c5a9a8,2023-12-12T15:12:28.991000,sent,kaspa:qp2n8m859p79cdutmrjhafn92sw77xz30wz6s8vh440hrd2qrsvxjcwzlla2p,1538910000,
dfc6529c32f9957c22a396e5eebb657a6802e3501955e00ec7b7d70765c5a9a8,2023-12-12T15:12:28.991000,sent,kaspa:qp2n8m859p79cdutmrjhafn92sw77xz30wz6s8vh440hrd2qrsvxjcwzlla2p,1538910000,
dfc6529c32f9957c22a396e5eebb657a6802e3501955e00ec7b7d70765c5a9a8,2023-12-12T15:12:28.991000,sent,kaspa:qp2n8m859p79cdutmrjhafn92sw77xz30wz6s8vh440hrd2qrsvxjcwzlla2p,1538910000,
34b3a305153922a4f3a8ea66a8b520aa8917591708882bcc8032b633591bccb7,2023-12-12T11:23:25.965000,received,kaspa:qypj4mpmfnmte39866f8ttexwhf0z3vql0qnz3agfmtgjdqjrfdg6mq6dfv0rpk,171000000,
420f5637db04533cb9c86c6bdbd19e7a3b80ea7c9ca6ab7bcf905afba692f5a5,2023-12-12T11:10:49.060000,received,kaspa:qyp2y2afskgrk04gsaktpgcwqs50g3ucp9k6yw3gzq383zlggeqm7dgpuu0kdj9,171000000,
42fe9c593bfbf2e457952815349498acadb884d65b5de357f4dcf4d19439d1d0,2023-12-12T10:39:11.515000,received,kaspa:qypqhwaag39ahn934e9njgp5uuzr7zxgcwtqpzwrkehmxrgl608urmg4e9n5dh0,171000000,
a1cf343fd9d7f547b30079ad88bd547ca3a2d6b59e83b734e14256b3e1d2f785,2023-12-12T10:17:17.430000,received,kaspa:qyphjdfspkrm9wh3vhcwrjvgkcp9m8magzyjnrchf54yez3ht9p2rzgf26qpgxz,171000000,
176f544edf938ecd349e168017d3754aa9eacb1a5894824cb6e0b93633917bae,2023-12-12T10:08:00.571000,received,kaspa:qyp0jd37dhx6sqrr682y6cme89gjn4quzpeuuu3y9c82drvcpnecjjcssx3qp4x,171000000,
dce38f30486f2fe30a08ef2925fb3a2a8d9dab75eddd6e22864afa8ac663e514,2023-12-12T09:50:08.389000,received,kaspa:qypl6a6nm0hqlpqz5k628yrc59vl9gpx5ulqwxsr36pua75u9gevxhgq8nrc0km,171000000,
9083306e4cc3351f7aa5be0e24e61b31508f588fff7313b65480cec03a7f7271,2023-12-12T09:39:46.926000,received,kaspa:qypl86lat3lsadpv20ywkl4he24sj5klmvdsm4k30ndlmyq63g8fcaqgn725vdv,171000000,
5f23989783b3e942d825127ae3398cb8188ad7a9b666d389615ccdd3b4d85d9c,2023-12-12T09:27:46.746000,received,kaspa:qypxznxgupa8eac5m4a9tyzuaja0eguaas4q5aje0378z4yypf3u3rc34prk2qn,171000000,
0bec3d1d85030a453b150fdb509a039d3f2d015a486fe0a263c7935fd3427519,2023-12-12T09:21:04.684000,received,kaspa:qypswxtcrv4ssyjaswy5w9387vq73mkuyq85tl34cee6qn5uexqy0csgnafnjx7,171000000,
3553c1afef16095b2b49a30103ffd414de54506af59a26c81fa459fed3182e92,2023-12-12T08:23:29.733000,sent,kaspa:qp2n8m859p79cdutmrjhafn92sw77xz30wz6s8vh440hrd2qrsvxjcwzlla2p,3932770000,
3553c1afef16095b2b49a30103ffd414de54506af59a26c81fa459fed3182e92,2023-12-12T08:23:29.733000,sent,kaspa:qp2n8m859p79cdutmrjhafn92sw77xz30wz6s8vh440hrd2qrsvxjcwzlla2p,3932770000,
3553c1afef16095b2b49a30103ffd414de54506af59a26c81fa459fed3182e92,2023-12-12T08:23:29.733000,sent,kaspa:qp2n8m859p79cdutmrjhafn92sw77xz30wz6s8vh440hrd2qrsvxjcwzlla2p,3932770000,
3553c1afef16095b2b49a30103ffd414de54506af59a26c81fa459fed3182e92,2023-12-12T08:23:29.733000,sent,kaspa:qp2n8m859p79cdutmrjhafn92sw77xz30wz6s8vh440hrd2qrsvxjcwzlla2p,3932770000,
3553c1afef16095b2b49a30103ffd414de54506af59a26c81fa459fed3182e92,2023-12-12T08:23:29.733000,sent,kaspa:qp2n8m859p79cdutmrjhafn92sw77xz30wz6s8vh440hrd2qrsvxjcwzlla2p,3932770000,
3553c1afef16095b2b49a30103ffd414de54506af59a26c81fa459fed3182e92,2023-12-12T08:23:29.733000,sent,kaspa:qp2n8m859p79cdutmrjhafn92sw77xz30wz6s8vh440hrd2qrsvxjcwzlla2p,3932770000,
3553c1afef16095b2b49a30103ffd414de54506af59a26c81fa459fed3182e92,2023-12-12T08:23:29.733000,sent,kaspa:qp2n8m859p79cdutmrjhafn92sw77xz30wz6s8vh440hrd2qrsvxjcwzlla2p,3932770000,
3553c1afef16095b2b49a30103ffd414de54506af59a26c81fa459fed3182e92,2023-12-12T08:23:29.733000,sent,kaspa:qp2n8m859p79cdutmrjhafn92sw77xz30wz6s8vh440hrd2qrsvxjcwzlla2p,3932770000,
3553c1afef16095b2b49a30103ffd414de54506af59a26c81fa459fed3182e92,2023-12-12T08:23:29.733000,sent,kaspa:qp2n8m859p79cdutmrjhafn92sw77xz30wz6s8vh440hrd2qrsvxjcwzlla2p,3932770000,
3553c1afef16095b2b49a30103ffd414de54506af59a26c81fa459fed3182e92,2023-12-12T08:23:29.733000,sent,kaspa:qp2n8m859p79cdutmrjhafn92sw77xz30wz6s8vh440hrd2qrsvxjcwzlla2p,3932770000,
3553c1afef16095b2b49a30103ffd414de54506af59a26c81fa459fed3182e92,2023-12-12T08:23:29.733000,sent,kaspa:qp2n8m859p79cdutmrjhafn92sw77xz30wz6s8vh440hrd2qrsvxjcwzlla2p,3932770000,
3553c1afef16095b2b49a30103ffd414de54506af59a26c81fa459fed3182e92,2023-12-12T08:23:29.733000,sent,kaspa:qp2n8m859p79cdutmrjhafn92sw77xz30wz6s8vh440hrd2qrsvxjcwzlla2p,3932770000,
3553c1afef16095b2b49a30103ffd414de54506af59a26c81fa459fed3182e92,2023-12-12T08:23:29.733000,sent,kaspa:qp2n8m859p79cdutmrjhafn92sw77xz30wz6s8vh440hrd2qrsvxjcwzlla2p,3932770000,
3553c1afef16095b2b49a30103ffd414de54506af59a26c81fa459fed3182e92,2023-12-12T08:23:29.733000,sent,kaspa:qp2n8m859p79cdutmrjhafn92sw77xz30wz6s8vh440hrd2qrsvxjcwzlla2p,3932770000,
3553c1afef16095b2b49a30103ffd414de54506af59a26c81fa459fed3182e92,2023-12-12T08:23:29.733000,sent,kaspa:qp2n8m859p79cdutmrjhafn92sw77xz30wz6s8vh440hrd2qrsvxjcwzlla2p,3932770000,
3553c1afef16095b2b49a30103ffd414de54506af59a26c81fa459fed3182e92,2023-12-12T08:23:29.733000,sent,kaspa:qp2n8m859p79cdutmrjhafn92sw77xz30wz6s8vh440hrd2qrsvxjcwzlla2p,3932770000,
3553c1afef16095b2b49a30103ffd414de54506af59a26c81fa459fed3182e92,2023-12-12T08:23:29.733000,sent,kaspa:qp2n8m859p79cdutmrjhafn92sw77xz30wz6s8vh440hrd2qrsvxjcwzlla2p,3932770000,
3553c1afef16095b2b49a30103ffd414de54506af59a26c81fa459fed3182e92,2023-12-12T08:23:29.733000,sent,kaspa:qp2n8m859p79cdutmrjhafn92sw77xz30wz6s8vh440hrd2qrsvxjcwzlla2p,3932770000,
3553c1afef16095b2b49a30103ffd414de54506af59a26c81fa459fed3182e92,2023-12-12T08:23:29.733000,sent,kaspa:qp2n8m859p79cdutmrjhafn92sw77xz30wz6s8vh440hrd2qrsvxjcwzlla2p,3932770000,
3553c1afef16095b2b49a30103ffd414de54506af59a26c81fa459fed3182e92,2023-12-12T08:23:29.733000,sent,kaspa:qp2n8m859p79cdutmrjhafn92sw77xz30wz6s8vh440hrd2qrsvxjcwzlla2p,3932770000,
3553c1afef16095b2b49a30103ffd414de54506af59a26c81fa459fed3182e92,2023-12-12T08:23:29.733000,sent,kaspa:qp2n8m859p79cdutmrjhafn92sw77xz30wz6s8vh440hrd2qrsvxjcwzlla2p,3932770000,
3553c1afef16095b2b49a30103ffd414de54506af59a26c81fa459fed3182e92,2023-12-12T08:23:29.733000,sent,kaspa:qp2n8m859p79cdutmrjhafn92sw77xz30wz6s8vh440hrd2qrsvxjcwzlla2p,3932770000,
3553c1afef16095b2b49a30103ffd414de54506af59a26c81fa459fed3182e92,2023-12-12T08:23:29.733000,sent,kaspa:qp2n8m859p79cdutmrjhafn92sw77xz30wz6s8vh440hrd2qrsvxjcwzlla2p,3932770000,
67c43c481ef3e0fae83a660b0ca79ede21850656fa5e5b29d58fdf35d3ae00ac,2023-12-12T07:42:09.949000,received,kaspa:qypl6a6nm0hqlpqz5k628yrc59vl9gpx5ulqwxsr36pua75u9gevxhgq8nrc0km,171000000,
85e20981a40c7fe7e60308b8ec216ef4ffeeaf174b001443e607380de79ce54f,2023-12-12T07:33:39.854000,received,kaspa:qypl86lat3lsadpv20ywkl4he24sj5klmvdsm4k30ndlmyq63g8fcaqgn725vdv,171000000,
2b28c08805fde26312c49b2f3bb73b8d6d525f8019a0c926fb97efcaefcd90ad,2023-12-12T07:24:59.863000,received,kaspa:qypswxtcrv4ssyjaswy5w9387vq73mkuyq85tl34cee6qn5uexqy0csgnafnjx7,171000000,
eb79be88424119983feed5e5f2afa2482bee9920973ac7b8eb36f21d4021a105,2023-12-12T07:15:03.172000,received,kaspa:qyp0m9genxg0q72e6ejem4nhu6nv8mya886g76ays3s8q9499nnj0dc0wepjlw5,171000000,
6713121d7ee56d91c00df2fce27959e8ec9ca82c50b0e278bef13af7806375d5,2023-12-12T07:01:21.823000,received,kaspa:qyp0m9genxg0q72e6ejem4nhu6nv8mya886g76ays3s8q9499nnj0dc0wepjlw5,171000000,
384bfee5918f7c01d9a79c908cc6d519563255efb4aac820d6a003e82a629738,2023-12-12T06:52:46.697000,received,kaspa:qyp09jwvzzyp0g4fdep2d2fekeh7gss2cd4mnug4jc5uel6xflyzw8csmlsjrqg,171000000,
dd9531113de64686c932e34f38d7d56e6de719b023f7a365c491944f3c324b8d,2023-12-12T06:50:03.531000,received,kaspa:qyphjdfspkrm9wh3vhcwrjvgkcp9m8magzyjnrchf54yez3ht9p2rzgf26qpgxz,171000000,
6c1669a2792ba9afdcdd0df45514ee1e0fe518cae9f3447b8bc3564652d2e18b,2023-12-12T06:45:47.703000,received,kaspa:qypamkqlgmq5vuvdg4q6wghkecpvfd5y7yfmmgy4xz09hfgrajla6tg5xqdffl8,171000000,
492849abf2c9a91d2e497846f7e08afc99eb96ea4bef00abc343f63e8b2ca907,2023-12-12T06:38:10.178000,received,kaspa:qypwcme2wrftxsx5v9j6gtqcdt6lekdmlgny7uy2c65g58usa2pknqch006uh92,171000000,
b47499aefb6702d6ff29ee334ad3a8cd8655e5d9e5e4d848c0181867157e9ed7,2023-12-12T05:59:12.280000,received,kaspa:qyp8vk4us67xk78zu9yc3x4ptl9xff3vg820vvqzx7gec6nk62jl3pgfp3h7hy4,171000000,
a262c860cfda437d37c135b26fa191c8cae68a15be35a7986e8306a2207cd491,2023-12-12T05:54:07.686000,received,kaspa:qyp7pdnl7lcvupjaqrq07jgytn27yctey22a0l4hj6yy6w8ujauzzeg3wyd5jt4,171000000,
d116e2a6f41804e0b82369a7054f44ff0b407ab6c889e75b97ae2850f844a4f7,2023-12-12T05:48:39.109000,received,kaspa:qyp0m9genxg0q72e6ejem4nhu6nv8mya886g76ays3s8q9499nnj0dc0wepjlw5,171000000,
5d856feb9dfb481a3135f7d54f453fc66232f1c9c7a79831e34088c862e79bb4,2023-12-12T05:43:52.869000,received,kaspa:qyp4shc2j2r2dvsn2kqplylp5dkjav6s89yr5096wfyjr75h5y4q6uq2rg3x5c8,171000000,
2b02033f4631b5961ecc335e6a8ab2590be7e377fad6d58572828fe5e0d89050,2023-12-12T05:35:13.634000,received,kaspa:qypkgqkmfhc6flcfwlh05dep6cgx686vnuszmee3sm262t808k2eazcjmalx6k8,171000000,
82dc091d3a55b1410df4965044298f64661e55f455b3d01e9996e3797e800410,2023-12-12T05:27:15.091000,received,kaspa:qyp4shc2j2r2dvsn2kqplylp5dkjav6s89yr5096wfyjr75h5y4q6uq2rg3x5c8,171000000,
58d016269880181e4267150a4e2e798e8b556ded1651567f4149216058757879,2023-12-12T05:22:18.606000,received,kaspa:qyp0m9genxg0q72e6ejem4nhu6nv8mya886g76ays3s8q9499nnj0dc0wepjlw5,171000000,
ced8bfceff9985cd03428d254959fa4e71621587d69c3821a89de989364ee2b8,2023-12-12T05:09:04.319000,received,kaspa:qypxznxgupa8eac5m4a9tyzuaja0eguaas4q5aje0378z4yypf3u3rc34prk2qn,171000000,
f99324d79ca24ad42f9444191e8ef6b3e0b9507ed5c4633998a148feb3586396,2023-12-12T05:00:32.753000,received,kaspa:qyp8vk4us67xk78zu9yc3x4ptl9xff3vg820vvqzx7gec6nk62jl3pgfp3h7hy4,171000000,
7b0fbea361a01ebcbb19126de8ee5e047cd58da87d33939350366cd2f3f33876,2023-12-12T04:54:22.110000,received,kaspa:qypxh795z50lqe9u3fqnmlwyw7fjgw5xsd0ey6ltg0t3qwvhfpuqakgrgux5h9d,171000000,
fabc7ceab98cba3ebad5e719b4ba95c00f1263eb6480dd943863e171a8d52248,2023-12-12T04:46:45.016000,received,kaspa:qyp0m9genxg0q72e6ejem4nhu6nv8mya886g76ays3s8q9499nnj0dc0wepjlw5,171000000,
6d307689871a9aa400da4394e44f97b1edb025070799e2599bbd68a4155416dd,2023-12-12T04:41:21.001000,received,kaspa:qyp9pslfu0q8wn2h0psl2k0dnexe5n68ydj72dl76ws6xslaxp475zgp2323uud,171000000,
49ecc8b84d2e9b1af689145f866a791a5b754bb6696e3f356d72c74f8547a680,2023-12-12T04:33:16.162000,received,kaspa:qyprcjlnm6na4u2gkg476zv2qyl0vqvwssyj8zqrfxsvk0k8vyaha5stj42hf4h,171000000,
2f1197d7d7b8c86de6f4629224e332ff5a441408c2433a868a17db2a62367738,2023-12-12T04:28:15.458000,received,kaspa:qypamkqlgmq5vuvdg4q6wghkecpvfd5y7yfmmgy4xz09hfgrajla6tg5xqdffl8,171000000,
0fa8473f404811d1f9bcec68ed03a985758146bd5a5245b3d23933507d91675d,2023-12-12T02:13:36.236000,sent,kaspa:qp2n8m859p79cdutmrjhafn92sw77xz30wz6s8vh440hrd2qrsvxjcwzlla2p,854950000,
0fa8473f404811d1f9bcec68ed03a985758146bd5a5245b3d23933507d91675d,2023-12-12T02:13:36.236000,sent,kaspa:qp2n8m859p79cdutmrjhafn92sw77xz30wz6s8vh440hrd2qrsvxjcwzlla2p,854950000,
0fa8473f404811d1f9bcec68ed03a985758146bd5a5245b3d23933507d91675d,2023-12-12T02:13:36.236000,sent,kaspa:qp2n8m859p79cdutmrjhafn92sw77xz30wz6s8vh440hrd2qrsvxjcwzlla2p,854950000,
0fa8473f404811d1f9bcec68ed03a985758146bd5a5245b3d23933507d91675d,2023-12-12T02:13:36.236000,sent,kaspa:qp2n8m859p79cdutmrjhafn92sw77xz30wz6s8vh440hrd2qrsvxjcwzlla2p,854950000,
0fa8473f404811d1f9bcec68ed03a985758146bd5a5245b3d23933507d91675d,2023-12-12T02:13:36.236000,sent,kaspa:qp2n8m859p79cdutmrjhafn92sw77xz30wz6s8vh440hrd2qrsvxjcwzlla2p,854950000,
cff71018c70890f3e32ee31c8304e7d3c0c5c7b302cb8a38c5462d56d4bed7e6,2023-12-12T01:06:19.909000,received,kaspa:qyp7pdnl7lcvupjaqrq07jgytn27yctey22a0l4hj6yy6w8ujauzzeg3wyd5jt4,171000000,
594a9d56e414bc39fc366a655b03941c938eaebac796cb5e1685778ef516c6de,2023-12-12T00:57:55.966000,received,kaspa:qyp09jwvzzyp0g4fdep2d2fekeh7gss2cd4mnug4jc5uel6xflyzw8csmlsjrqg,171000000,
9f61dfb4dc34f998c9a5c190eaa5fdc790ca86f758bfdd8b7a081b586802a72b,2023-12-12T00:54:18.998000,received,kaspa:qypqhwaag39ahn934e9njgp5uuzr7zxgcwtqpzwrkehmxrgl608urmg4e9n5dh0,171000000,
637bdf7624c1039801fb28e7fc3c60d37c8b665ce725f871a63edbf6bcad2d1f,2023-12-12T00:52:33.160000,received,kaspa:qyp70qht6pjqk2yl6cwl2n296pgcnwmtj8w0clcle08m5p8yu4tg7kgvv4n0qrg,171000000,
a097f478495fa622793a6fe6936de01e1e4599ba0d747afd402fc3d91328134e,2023-12-12T00:51:17.363000,received,kaspa:qyprcjlnm6na4u2gkg476zv2qyl0vqvwssyj8zqrfxsvk0k8vyaha5stj42hf4h,171000000,
28b7b5e6a7701456902877fc9ab7f07ea605ee50a27574a0d36cf51ead3254a0,2023-12-11T09:39:07.007000,sent,kaspa:qp2n8m859p79cdutmrjhafn92sw77xz30wz6s8vh440hrd2qrsvxjcwzlla2p,341980000,
28b7b5e6a7701456902877fc9ab7f07ea605ee50a27574a0d36cf51ead3254a0,2023-12-11T09:39:07.007000,sent,kaspa:qp2n8m859p79cdutmrjhafn92sw77xz30wz6s8vh440hrd2qrsvxjcwzlla2p,341980000,
b1203a1e0009e70619f7bd8defc77a62f5957f2314f325ddb6738b99064aba2f,2023-12-07T06:36:33.989000,received,kaspa:qype3mfd4s9y9lvc9qfprut60upxh2p2d424sq3ahymsg40m3yyhnfgpgyqxkn7,171000000,
16fc9adb46b2f1b2a00ec795c23b042bf9ead5ac7ffec48eb7b51a7fcc5e5f61,2023-12-07T06:29:38.561000,received,kaspa:qypqhwaag39ahn934e9njgp5uuzr7zxgcwtqpzwrkehmxrgl608urmg4e9n5dh0,171000000,
ed6eb1faf4ce17fcd6ae4f6b4b26e3c616bd89ac1e0641c68070533d5aa63097,2023-12-01T06:52:57.041000,sent,kaspa:qp0p3xyg009w5qghp0p84lq92s8zq0vq0672zxjz6w6gtw8halfsvzm5cfyg9,221112000,
4160463b1bc503ed5b9d469b0db16565fcd95e608ad2b67e63567517ad8e9993,2023-12-01T03:38:09.665000,sent,kaspa:qypfh9tfdgz6tmhup8dzyyj4ur6823227n2v5czc86qw8gzz47a6yps5j4cc0n2,18000000,
f6e9a4e8806f82f97470bb707db465ca29e76f5e86cd7350488a3cb72ddfe7c9,2023-12-01T03:26:38.570000,sent,kaspa:qyp4gufzek6wp5nlfj3hszl9kemxkl6pqet2rldglx5afdwwg8862jcpxy328mp,18000000,
a4f7832a54cd446279bbb2d3ed54f31075106a5b63ed1da23a47575d6135be5f,2023-12-01T03:19:09.229000,sent,kaspa:qypezc8zymw2097k3f3qzj5xugvgja97kav3y0d5w3u8r43pvaqs6dsrs560f75,18000000,
9715624812db38e1473516955c40d756cf9aadd284a607d5403606ae52bf569d,2023-12-01T03:11:44.710000,sent,kaspa:qypnsupgstaxra7vpx82hx6m6ktvv05wzp9vxkev409eaqf745arheq6hw8s94a,18000000,
d1e811d03a1b157c8d86451cdd762e77bded1a220b6de9fb0fce8cb8435af261,2023-12-01T02:53:16.587000,sent,kaspa:qypkzgzcaxjtdfcg3u5yn8u32z4va6nhmf2p9th8dneeweegxkmthgqc02zauvg,18000000,
c11e6188d11dd595f25381e756ecb3bff558a8e0c2f4d93b40d2d67d0441f04f,2023-12-01T02:43:40.933000,sent,kaspa:qypzdnsk38p0spayt4lsm0jt5nqwfvwwp05z03spfyeh7wfestdvhws47wteg6x,18000000,
2e78d08a8befb59b2ea92d2b06b8699a72a8afda5b798489208c68a2144214f3,2023-12-01T02:36:23.773000,sent,kaspa:qypumuchtqh62kx5ghth0r2x64kqs242xha27spzxk60a4dkq456prckcye77et,18000000,
a734c12547e12fe0283480d71877adf7a9c1282482b5d1ab95b54805d18f809b,2023-12-01T02:27:55.905000,sent,kaspa:qyp62h7uxs48fqpf85rm78g9s36dkruw3jl6zl5rysk7vcx6xcu20hsnds9rzw7,18000000,
c12a0db65890ec5ab0ad8b140655a2df9e2819a3a11d83ea429f4d27a446bbf2,2023-12-01T02:20:40.751000,sent,kaspa:qyp5cpn5ztjrgu7qsq0nwzqzvpmzgtpurxsx7ah52zpjr80yzd3r8qcfqlsmwtj,18000000,
9c27afc947ae6a7e3a70469274826892eb4bd85549199eeae03058b40b58f146,2023-12-01T02:11:40.349000,sent,kaspa:qypc2hesuf9y6kqf3m36yzyyq7nl9emqx34yyf3np7kdkqy4ggnmu9sc54535pn,18000000,
0081ce0c77662949e87c659721bdf5707da3f7792a955e94302a098c6376eda0,2023-12-01T02:07:16.609000,sent,kaspa:qype6a0sy87kmqc5h4c7dj3eljur7mgf5a6rfkplakaksn2n2kwqn2s63mr83w7,18000000,
60ebae56816bb341705ea227fadbbbd1a1b6eb084c700970d2d787797a8aa116,2023-12-01T02:00:51.555000,sent,kaspa:qypykgzqpvult3a6g6clqh22h6ms8nuhaw5yme9yrj57kertshma28strqel45w,18000000,
1d182c6059f996703eadf10c3313bdc2dafd8c10e9687066f620be248ee431a2,2023-12-01T01:52:19.390000,sent,kaspa:qyp0yrytrm4lwvserev6cel3778cfmlea3twrmvd80xfcssl7568ruq2rf82xh3,18000000,
ef92aaab81a7f46c797b45243c8e0285cd21930307888f0a3385b1976bd9ce27,2023-12-01T00:29:59.412000,sent,kaspa:qyphtqnt2lhjqxj59k4ztlqxd53cvwz28dg49y5eggm4ek4xycsskfg70ah3q44,18000000,
9481eee6bec7344c6b4b9ff4df923ea67eed59411d40e8d0e0c0dc53286a47ee,2023-12-01T00:23:24.259000,sent,kaspa:qypejnhekxv22l5n3s8x64kuq3hnzf5ww38507m30wz5dnlm6xh8p8cqsd27y2h,18000000,
7c0f964c639e4b95b66a28f019bf9324f2f2501477e5dd3f5b5c9697a8d60884,2023-12-01T00:17:28.619000,sent,kaspa:qyphla7nhyzlefg545thshsty3mlymkqepgrqa08jtkgwd5drelucvgya6f6h9e,18000000,
6c1c348a6feff1104c6c54083538b396767c73ddeb8224cec11f8ac64035e0d1,2023-12-01T00:10:09.198000,sent,kaspa:qyptva9rp5sj2nuycqdhvkuhnpy8wzzn67cm0gf60h7wkj232h2e5aseamn9gwg,18000000,
b3c96def40495e49e59ff30d374fc0eb5e326f7ff98c6ec9f6ade1df55f6756a,2023-12-01T00:02:45.276000,sent,kaspa:qypyd6twxt7hc5526vhph2s3ajrkr4ck5qyedlkjsdraqfpaz2s529s3pvdj0r0,18000000,
33a4ffadde90ae7487abf42c378fa6513f986fcba3f65d59502af767f1a87aeb,2023-11-30T23:55:15.176000,sent,kaspa:qyp7skdnxuzp4jp2zxw08v0xrl2stzewx90nc08kt7u6mqudp4sfxjsxzlalmdy,18000000,
47bfb2fcfec084482f06f4d64ceaa4cea0431cfe046d54391634ff516a4ec460,2023-11-30T23:46:13.008000,sent,kaspa:qypp6ajlg8dja7exdy4tfggnw979s4c3x7xynapchlqre6rxnxdq9uq6lrun5sv,18000000,
706c89a100391d6e6929f5ce2d3ba0fea30a82bfbd7e6b13e3c07ef2656e699c,2023-11-30T23:38:01.548000,sent,kaspa:qype6jdcgead5syv3rz5hjxmwufqhfjt9wwk6sxww0kycdp9sd66nlqgeey6zuy,18000000,
c1944ddbfead9a5bc1a58a7a1e829829037483384745cd7a61b4111947cbda1a,2023-11-30T21:30:40.793000,sent,kaspa:qyp7y7hpdxd8ryg4lqvffs9dhd5pc3vnyk3l2ntpegxnglcdq7yv64gkfvxgzmj,18000000,
15f2da0b447afd6149896aa53b98134481f8bc643954013d90d267219b6c04a1,2023-11-30T21:25:10.860000,sent,kaspa:qypv42udys6gltj9xr9jcedtg7ma43830r7acaxz25e02e0rnywangch27ew8s7,18000000,
ffce93985d1c8277bb2f2f19bcd85b8f23b68f4a95441ff2274e57be2007755b,2023-11-30T21:19:19.188000,sent,kaspa:qyp2l85uyay7yt3qfthhhrskukqg7rxnn8z7l7x9f04eu8h45h2xtlghm0rvx7x,18000000,
16c3bc14b6e4cb7f38e277fb08e184b1837b055802b4950168405afce20f9d65,2023-11-30T17:43:10.531000,sent,kaspa:qyphxzg3eqhmkusht8e32r8vf5xlczj6wcmkc0urz05m34tdlnz26lqlng850eg,18000000,
16d76d60e59c7f3082a1757acfa3f25b945b3b0d420fc61ebeaa6e048dc1464a,2023-11-30T17:37:01.037000,sent,kaspa:qypc8g436rs5c9cdhd30hufgk5yy6ffufdghdqv899umj6dsuwlp0rcmauuktvc,18000000,
cdb22de77cec6228abb8a0d5dfb4a05959af41a9af4e08493b1cd0a5f5f2e0cd,2023-11-30T17:29:44.600000,sent,kaspa:qypywm2w8atn9h2kz2ga653fru7jvzyumn8lenqnf8eqze5sf5fwrug79vxyfsm,18000000,
1ff926fe657391275cca7deb7540aafbd0674ab191bb3f0907fc05c28ec6e623,2023-11-30T17:23:21.098000,sent,kaspa:qyp9wnc43u2rfgzlg4hlqusyzmllyllfse8060qwq8umfh3h7cx205gx7qyh03e,18000000,
8c69c6028a369caa9b07633a31ce43eeadd428e1e099b2cba4414b724823dc0f,2023-11-30T17:16:57.613000,sent,kaspa:qypa6veaq3xsguhent9akdp0ycg9jyy3qhfrlv8hsjqhea2e8ekwyfgc057hmf2,18000000,
015ee54ef76f346f989bc76187a45090b0c8868cd58070ed5d38fb3e09e9dc07,2023-11-30T16:45:16.409000,sent,kaspa:qyplq86qt5sa8k2t488z5jxz30c57nzhhlttj6yug8cgcn230mwjqrq0f9fvw5t,18000000,
371a569805a467bdfbdf7320bc4ec8ba2bc9f988a318b9c6c9a2f591f2b07af3,2023-11-30T16:36:48.899000,sent,kaspa:qyp643e9juamdd4ztsch04daczkcsmwkd5ezjut73gteukv650jssfcl879fqe3,18000000,
b7a87667186b3cec157f16fbcdb742c7561119054898951b9f458cd4df4b354c,2023-11-30T16:30:26.182000,sent,kaspa:qyp2yq0rwznmdrc50mn0kpvzrnjh6y4m63w5lx68cla2c2ndpq0rm0gdjx48ul9,18000000,
8c5ef9745cf67def1910e17c8578bc1637f9ea50b221856d592147b0e4c141a3,2023-11-30T16:25:17.449000,sent,kaspa:qyp7zrqlzp7tdzfjkk4mhkfx085lcnp6ywmvgppyt93ulgr5rszhh0gtz0wxjf3,18000000,
67474b94a441a49fcfa2226fc51e94a96d88d2589de26330c21b9fb622d5f245,2023-11-30T16:20:11.582000,sent,kaspa:qypmur6s98jff2vsrrg36swmefau7p5tucyz5ghpef5p9qf38a06ujs0h9ffneh,18000000,
4894f13f8919c9cab61d35fbc8142285229151815a2eb0943e4f0ba80cfb3845,2023-11-30T16:15:11.694000,sent,kaspa:qyp8muka3ygtv2r95rfc35l6qtv93hwm25mq5h9e2up2qzkmr75d4ug7gehp653,18000000,
4e8422594496a9ddffe9467d3bb9b00adc2608d1165806ce7bf50e336289781c,2023-11-30T16:09:14.874000,sent,kaspa:qyp8wcsld95zyjjx27rhqrwgxf4axux7ldhqcv53npez6y7tt52qmygft52h6r2,18000000,
eb93e4a82c0bd3ebfeae14302572fd1af89c27a84f5c113616c097ed93da4191,2023-11-30T16:04:50.300000,sent,kaspa:qyptwwuqczzuw7qcn5yv6llmqqhf7uqqm88uq0tn9v2khfzvz3vnwwqcugf65sa,18000000,
67a78bb1f1659ab58cf285942ec6390e44bc2021bf906ea9506a3b1ee0377419,2023-11-30T16:00:15.167000,sent,kaspa:qyp3xz4qa3f3wqdf6ydy5f2kkm8jlp9jmk793spphje3mp5a2hxxezcq846mcfc,18000000,
953eaae1bc85c37321d38464f9be8bdd3930323cb1ce42b12171fc7a0383e8ed,2023-11-30T15:54:49.006000,sent,kaspa:qyp7j2skxum4c50utyyf620cxnt08gg52a257pcwceegr3hujnnce9cj2chcz3u,18000000,
41ed6fcfccf54eb87b736ca1997b00b7d62de233a63db5b86108466266718900,2023-11-30T15:48:50.436000,sent,kaspa:qyp35xq673ld8s9hrh826awpwqct45p5dswvr9jf8zrlke6npuy4qdsg32pczka,18000000,
3ec5a10f7c62b180956778918d59551c321ed92ca505cab3b4214b71615f7553,2023-11-30T13:02:44.614000,sent,kaspa:qyphry7ydz62yqev9mfrv00kgxhf2hly85hj94u0mj58fynsf4d3nvsjdsqlqsh,18000000,
ea1915fa06d108bee67b609cb51dfba8eb4872b6a9af576cdad4e6755d51828f,2023-11-30T12:57:28.665000,sent,kaspa:qypgsnuzjnagpuself7jp5hvdq4pgpr72namqzh2hc4wenazxkkf2jczs7q873l,18000000,
b42a28d8905b7db8f57edb98f3621c3e2bf0e4461e587e40ab72ec8a87699211,2023-11-30T12:50:18.625000,sent,kaspa:qypqzjr5tc40j8w77574rz2ux7fmzfryklagec0pl0wqc7z4gu05g2gnth2nr3a,18000000,
37b8315b41cd6456a1b3cb1f1439053987a66c94489ec934a4fcb954468d45f1,2023-11-30T12:45:04.223000,sent,kaspa:qypf7qa8mrzulwj3ferqjl29zm3r9f527jr4w3vkg5qgf8jxtt2tyrqhr89yr20,18000000,
5c6ac9781430d1d441407ab38fafb84f5d18fbfc1324b05a3b8e96bb9b7a64f2,2023-11-30T12:38:35.203000,sent,kaspa:qypxqkkt83rsfg9vx8f3r4c05vdaxwmqfepnr23yms7kjzwwderpeeserp3vjtq,18000000,
4b064efbd3bbdce53592774b28ac06a7cf7c0a55f2d3627686edb6ada129cff4,2023-11-30T12:32:51.167000,sent,kaspa:qyp7j5gzfgtfxnrl7gdm2vdc4jhrmyy7e7uqe9cy9rssypkxfyd08vg0fxhn7tg,18000000,
0ff05c28b0571df6dfff6cacb159c1a842e4aefe33d25945d99577f2ead6c42e,2023-11-30T12:23:26.635000,sent,kaspa:qyp987mdvd8jchp4fevgwn55q8va3kd6r63u4ynl25zfnm6esgrhjccfwhuze3s,18000000,
cc0ab1dca0c1d73cf9a61f51031cd64e9cf47b7273400380c47e74ac659250c2,2023-11-30T12:18:08.741000,sent,kaspa:qypa3txr5zak05f9832t7433uyv2mky8jzy5n0g36fp2d2lyve8sszsm2h772uq,18000000,
3f74460962ab01586524a65ed305391c4cfb206b67dcabf9bf9ebda42599a2eb,2023-11-30T12:11:58.817000,sent,kaspa:qyp6nxf7l7d0ze2zncfneendfncresvdnfu2hxsfpk9lp0j8yk4vxpc5r72w066,18000000,
cc7a6d61728bd4178d8367332e7deed7ab6c03071b2343552b41f2ea68e19cf9,2023-11-30T12:02:39.336000,sent,kaspa:qyp8ft2a2zzhqqdk4p54tv2a6u59ku7kcmw0t2st5rcnyf3sk7evprchj623dvh,18000000,
00a1358353463498d50d32c0aecaf6793eb5a0e612a20a97eb4fef6f52838cb2,2023-11-30T11:51:57.830000,sent,kaspa:qypltfgjrpyup27lrv8fmqjcuwe6ny42p3830snxy4e6mu487arn34qswctfz3p,18000000,
b9d818ddc48cf26d32be3bbcdf70306f59f9efd0d50c52ca17522e74e44a6578,2023-11-30T11:42:57.521000,sent,kaspa:qypda0c5grj9wnhe9rs7xa665sr3unqvyx09v07gwf0zp0wqkc2vgqc0yvl0hjs,18000000,
1c3e69c0fc47c41c5fe9ac4433d52aa2744a199855d688cc680cd83fddacb5f3,2023-11-30T11:38:06.413000,sent,kaspa:qyp94ft7g2clvz3ypue689a3d3u4sagwgscqxly8l3tesfx5z3we2acp5mu5207,18000000,
ba1815696bfe64e00041bfdead82ff5cf27f1ec6ab243a4a273191952f05fdea,2023-11-30T11:30:23.022000,sent,kaspa:qypezsvjz4mze9wg89cz3c4u5zfzm3jvf7gvu25adgkmpjh80gnr0xs06u2vy4h,18000000,
b173f00b571875df79a709929a76e991fedf1fd05e5deb34c937586663e12476,2023-11-30T11:22:27.056000,sent,kaspa:qypdw22hds5sw3h6rspq4fn7raygmmvhdhvwxg45uy9y8t7xteqjxng3w6y4qgl,18000000,
368b9f2116602666113744ad67951b7fe4c0720f4b9a61765d9e56ac48b7ce94,2023-11-30T11:16:06.197000,sent,kaspa:qypct6tha4jy5v7tkpu25t2pv38xklhcfn46c2vdnfeck9gllkxvllsdvtlr9up,18000000,
c27f85a2bdcffa54ad054b5b68d1d7363541e774e75c94645f0f5dd266bb3352,2023-11-30T11:10:19.334000,sent,kaspa:qyptm8wrudk7hgmnq739ca932g70m7an00cy6x5fq7lhlzhn7ffsj5c5nfr9v3u,18000000,
367127a80376cdd16630472d2233f01ba0a908278593f29e1fcb7426180d2193,2023-11-30T11:03:32.026000,sent,kaspa:qypf4xacxghakewu7fnn2uhhyprdgxqtypz70hkq5p3tw7cy7e2qjrq88m9a0p4,18000000,
5b508ab659f75e878154542e79df20a910edc095d7f518c5a439899c71b82691,2023-11-30T09:31:43.413000,sent,kaspa:qrf24hykyz53vuhsywelc0dskhjlmr7eqq0v3ds979p7d63mwtn4s2s32auln,1000000000,
5b508ab659f75e878154542e79df20a910edc095d7f518c5a439899c71b82691,2023-11-30T09:31:43.413000,sent,kaspa:qrf24hykyz53vuhsywelc0dskhjlmr7eqq0v3ds979p7d63mwtn4s2s32auln,1000000000,
5b508ab659f75e878154542e79df20a910edc095d7f518c5a439899c71b82691,2023-11-30T09:31:43.413000,sent,kaspa:qrf24hykyz53vuhsywelc0dskhjlmr7eqq0v3ds979p7d63mwtn4s2s32auln,1000000000,
ffcb09bc6c4547f7257b1b215646b30b4e8500bb6938feb28b1641e3bad3697b,2023-11-30T09:26:35.334000,received,kaspa:qp0p3xyg009w5qghp0p84lq92s8zq0vq0672zxjz6w6gtw8halfsvzm5cfyg9,1000000000,
03c634b2ec6d77427a5cb850f5c2cb8451184c88bb35fcc033dfbf66460b6ec3,2023-11-30T09:18:32.938000,received,kaspa:qp0p3xyg009w5qghp0p84lq92s8zq0vq0672zxjz6w6gtw8halfsvzm5cfyg9,1000000000,
03c634b2ec6d77427a5cb850f5c2cb8451184c88bb35fcc033dfbf66460b6ec3,2023-11-30T09:18:32.938000,received,kaspa:qp0p3xyg009w5qghp0p84lq92s8zq0vq0672zxjz6w6gtw8halfsvzm5cfyg9,1000000000,
58fe00d4a6928e5a321e46f999304e487cb55b7846a54577c498cecfbd583fa3,2023-11-30T07:49:23.271000,sent,kaspa:qypj9xe86d4nrt29jsp98hy7f0g8pqd3zcqzqnr843sy7q5q6uzc7vcngm7f693,18000000,
eca3309a388116939bb71d32e8365e71345dd0422d13dc608fd9a1889060c192,2023-11-30T07:29:47.194000,sent,kaspa:qypw2rqupgegne9vzl3anukpt50ujx80n98utefh3ahqaat445gdytqus0w809d,18000000,
3eea920bfb6da237e1e8384737c2c7703cc1b6908820b2e9a9942ce40846907a,2023-11-30T07:20:12.807000,sent,kaspa:qypxg8msnm8q3te94xzsvq8kr2x8hkfmmnf4056l9rqssjj4qpq4g3garwclsl0,18000000,
1a7e5140fd8a313d51f14c60714ff4885dd69176abefcba2480005916e0870f3,2023-11-30T06:58:03.294000,sent,kaspa:qypa4jn276wswksywu7s60mynrv7cf3add2smd4yqc4x9tmagwtqcjc4dparcm8,18000000,
0bbff428379ac064d970820bfb43ce4ceee3d21afccbf5be417957db302f7a77,2023-11-30T06:49:11.491000,sent,kaspa:qypkdh4g7w7puvfcmg6le7z8w6gqcg8t7n3g03xzee6xnfmz5ss3rys2n7ygups,18000000,
e29da37e5f0fed2bb63e2054680369272fb8ebadd75b00f43141ba8316c1fb2c,2023-11-30T06:33:12.772000,sent,kaspa:qyp8cc8glvez6yql308ye79qrxy9wxu4lkfkcrh87qcsvxdzqtuvz9q3td9v646,18000000,
248ae3248cfa4e4dea5c079a061116e219be36fdad89790ef6066480a8388b95,2023-11-30T06:22:49.646000,sent,kaspa:qyphqkpz86a88p26pmqrn3e40vfmvq6nym7jr80l4c879kcue6j75gcq9myqszj,18000000,
c042a2df9adc8ccafdcf16346515b3478cef1ea2d9d0047b15d60c01997b6e88,2023-11-30T06:02:40.383000,sent,kaspa:qypqltevwxx8kj0x0xhhc7zyhw0jcv842z4hpg2mxmd3duv3qyjj07cprpj6zkv,18000000,
e4ef90582bc9f12231caa2fb315f1ca46352d64946fda6b6e861228416610261,2023-11-30T04:44:37.356000,sent,kaspa:qyp2gtyfsyxdq39mk96t5tv6enjqqjdgcukxrxm6r3tpn988szqkdqsjtv8003j,18000000,
62b05f376bf78d59657261a3b2a90cf00cc6c82bc9a848ff5dcaba77a6f90e44,2023-11-30T04:35:50.239000,sent,kaspa:qyp5rtpt6vpe7y8vyhvhmmdhthmkyzspggu3qkcf8rnef3h6xceavpg0zsjstl2,18000000,
2baea2caf029b5ce2c22ee7359ad8a7ac1c1f2a565af7f2c7362b4241160071f,2023-11-30T04:28:21.201000,sent,kaspa:qypl8cgcrap8pw8wwqp7tgpk33xkj3k4cg6vx7x9wy9wv3rmv46httqp4hj8y7d,18000000,
bfd8e93f8cbbd22b4207159fa96d668c3c6a0269a615d95c78c66058e734e079,2023-11-30T04:16:48.571000,sent,kaspa:qypau53yky7echyx26z4yyau4h2fy2dkwxyjvtwn7m2mruujy5rpy8smquagqee,18000000,
366923bce85e2cb597ddb723d70bbc25032e42402e4a60223b1012ab03572f6c,2023-11-30T00:33:55.966000,sent,kaspa:qyp8axqfdzhpycrt5y29fcm3tefk9mfdtjeaxfu5x3g7xpj8k6q6lcqkdp3m7en,18000000,
1c24ca86bab414b2bcab56621ddce99f4ba994a7e6e5c48860aa3cb855bb951b,2023-11-30T00:27:36.218000,sent,kaspa:qype4k7u02s5uvh9cvj83ue4ghhystc6gaszl5ggz8tszknwe484zls5fzvnxmr,18000000,
88a40018aea9e73d4d86fc74f616833265ddaba9902b95d8c2559a52ea1048bc,2023-11-30T00:22:43.047000,sent,kaspa:qyp4cktushtansyrap56uc3l3lsrznems0a28v4mfmxww29grgcjjqgj0vyvh3l,18000000,
6737681853e68a6f5161f8131947f77ee74eff124441c811a7a9b7057af9fabc,2023-11-30T00:17:05.429000,sent,kaspa:qyph2utrjyd4wcdzv6a240wdqadww9k2akaycree34a55dgvele5kpsd9emkh52,18000000,
f30296197647fa7ef91b1fd7f64080afd85af9d0097d66edb57953d9ae6b79ec,2023-11-30T00:10:55.353000,sent,kaspa:qypkh4scxswz0j9gj9ax7hdhncnrprn2dd7lq2r86jy883vl64tvj2sr9z33kar,18000000,
37faaef6c30376f558b5630f8bd4670e6de60a559db1985b21255a29bda907dc,2023-11-30T00:05:08.068000,sent,kaspa:qyp45z3cvx06wqwylpvjuetuxcmw8ugur0r7qkfgg0msc0pzk4eggnsjv59w759,18000000,
7417986bdcf8f00f51c403a12c033178a4d26eb81a13dfa88f7ec946d0cb621d,2023-11-29T23:58:47.581000,sent,kaspa:qypgjku4f55t0rvknfhrpwfyzzek6khltasqg6lghqu2fdv2scx4yasn5hzfwf5,18000000,
f2b36c6aa4e78b89f72bb3e35794f8f7e36c47770598efaadc4429ac48b53d8b,2023-11-29T23:53:01.051000,sent,kaspa:qypkxqkkkg0knrd4pnclel3xa83eejkt7nht82tvfxuclr3rve25s3cljv04080,18000000,
3cfe279dd52a257d41538b45750f477d30960b1b3c1f1d717908d1d277056fba,2023-11-29T23:46:44.148000,sent,kaspa:qyph4xhzlpct2qu4wec5pl63qch27p3cvuxe7mc4dw6nslcs7zkp9esyekwwnvt,18000000,
cce7bbeb6a5e807ea615d403cf469e6db4fbb94d871edd93f76f387e33e86944,2023-11-29T23:39:43.278000,sent,kaspa:qypjqetnu80j5ce7476vjctnjee4kcyp9974shaxpkglys5zzfz47jg5tdgr9ka,18000000,
e04ff684212efcee264e0b39b07df0da8740ee1fc9ff889bcccd055b97473258,2023-11-29T23:34:49.413000,sent,kaspa:qyp8qgh0tw7z36804wsz0t4xfjhu2svdf5c0a560zmqntc2tk6ewgec5cxznwh3,18000000,
21dfe81f9e767adcdfd47245eff7f2913433bf9b1fa90f1f8711aba578af3ecc,2023-11-29T23:25:53.258000,sent,kaspa:qyp7asrrdjuyzkknta76td3cxrdsgvyl9pefzs0z3r0f0secc3w74hsttxlytn5,18000000,
8d190ccd84a2ce5d0a3cff581a47c811d5144034ba372f223d8005f499c20db8,2023-11-29T23:20:10.498000,sent,kaspa:qyp04g4lpeuka0uquace4k4kgqta5d6rjdknt4pyemsp4evsppqg09suh8rrkvq,18000000,
6563d9837c2df30053102c741cc06cc2d34cafad06d95122e7bf8958c9f2c406,2023-11-29T23:14:37.217000,sent,kaspa:qypqh5cszsfnlemchzh9qaf6sv2styu7qpm7yj6k3dqcvhcc9kut2jq0pnay5jz,18000000,
e56cb8ae4b761c7128fc1e7d9a8862c6b955d589b43d762a29cb5c017a8a556d,2023-11-29T23:08:52.792000,sent,kaspa:qyp698z8d2n4dlueefwc62rvzweruasfgemejqje2hxh9atjculuc6qvug2afuh,18000000,
15936320ca63f97f09f416e88b442a5a742f40a7fe059dd05cb44077978bae36,2023-11-29T23:03:22.124000,sent,kaspa:qyp8e3zduvqrumpyjl658pk48mlhuwykl0cfxculz3lr0ykcwqwjsasvc5r3922,18000000,
fbf20d4237f85cda52c1c1b0d3c6eb56c5654bccff8334bd197265a30b15b502,2023-11-29T22:52:56.946000,sent,kaspa:qyp5wx9j5gld5fnuzepp6djdt8f73gddt4qmr5ssjqnl6z7wlrp6uvcnutr3q7p,18000000,
503fd2a1076453a1751bc571e57029ac21d4c3d21a0b7d689d45175c568d5e40,2023-11-29T22:46:17.235000,sent,kaspa:qyp9hcd44nwylxwdgsyxcw2mulca3vvrk57su4dh0k7lprxxvcyhw4c2x8m35ru,18000000,
35a777cf66a73f23fa90af792dfbdbec76ed8ea998ac05c2990ac802c0898ac0,2023-11-29T22:39:42.298000,sent,kaspa:qyp7cur2srut8sjk4xmmnc7fh8gt6enl3ptsdnqmp0gww5tpcucc4xgm4ne6hsx,18000000,
1264c35e043982e0e50d330c571628459fc22319279889cc0699bb3ed9f2c060,2023-11-29T22:31:31.491000,sent,kaspa:qypl3p3690j8yw4rhk2dd279svvr73xr5p90tt5m3elklygf07zv3jqq0nvyg4n,18000000,
784264c4edd043877dc354615db82ad1e46c85c2fce9105be902d69fa61c2256,2023-11-29T22:23:09.127000,sent,kaspa:qypqzcx6euh7jkufx9r3mlzt59p3zayplxuul0de6q25yumg22ppgjgnhsaevzj,18000000,
59bc39d68d76b9899b34099bd2063637bc39c9abd15eb879cfd52c796df3e6a1,2023-11-29T22:15:33.123000,sent,kaspa:qypnjuxjwyptknds97adqf2ht50n4mcm5h4esahgxd42u6lzgfxfxngsy7a62t0,18000000,
dc526d73e7863e5fc68fef7be6ca7732341aa18df5f16738fd27835ec494f4ff,2023-11-29T16:06:19.440000,sent,kaspa:qyp7cd9dz3pley2vpewvyls3gwkksswezdgzvsww045wgjjnsrexuacze92dvaa,18000000,
d1465d6cc04e4bf280b76a084a41118f5e2f2722c3dbbb7b7c9c41697f789f0a,2023-11-29T15:57:22.028000,sent,kaspa:qyp5mpp7xspw70pr2gp9xsxj52rkttuk6mffdw44dgavtypve2wyw5g4hmvl7qe,18000000,
72b75810c1cc1a74b115fa2da706568db33a32b8b5ca001a79722a6aea4e1476,2023-11-29T15:41:20.524000,sent,kaspa:qypsx53pyv7jdyzdg5mxtw8a0u6ktffwc52k044hghqv2q5py7zua3czafrem85,18000000,
f96f4fdb4d9f26bc446dcf3b4601168bf846ec0e1fdfc0e648c0c39af6ad9416,2023-11-29T15:28:34.046000,sent,kaspa:qyp20wwzwafquyyqucgupul23rrlrluvt0hlwrnx79xnu8wcf68sv0skdwgufvu,18000000,
396bfd4ed9da335de5928345986d436f5184e7381cc77b48afa787e4221cb794,2023-11-29T15:20:51.735000,sent,kaspa:qyp45l0swq5zqjjzepx8urtrx5fpm2kmfcpdl8eu9gsyxg9wjme9mtqd8s6ec6n,18000000,
2984d89781e7643c5143bcde7416e0858baaa4bb990006180ff1cf6d58785cfa,2023-11-29T15:14:03.556000,sent,kaspa:qypxsg3qs62k0vvk4s9gnwev2uh5dnp8a6evlxzgfn35ra9ceu2vxhccplr2m2v,18020000,
b1ab6eb232b734b7c6fb5c10925cc7ccebc539259da9ed105775a42496e22f9e,2023-11-29T14:48:51.897000,sent,kaspa:qyphnkd0w00gn7j4np0xyhhjkpgsdve02eelpc06s624w8sg0u4rrzc08mucgrj,18000000,
9e41810193cfca98a14eb09f83d19436f0d7599936b8e2eea3479c67c4bea89a,2023-11-29T14:26:03.896000,sent,kaspa:qypncglfyr6c9g66y00xxv8k40p4zjpjtgejhcm4e33fn937srxk6yckutq2yw7,18000000,
fc79125a7a15af8e716ee8fca3c5014aea255570bd36db9c165d57085aac9919,2023-11-29T13:52:35.682000,sent,kaspa:qypehasjfj9un37r3hsq2nuyhvvk66jkf8xduny3wt408r598haat5q6tezl7wy,18000000,
710d661b79fd965ac67d3db3eeb814bd499bb3d2f482a37bfc817f117f4ade61,2023-11-29T13:33:41.854000,sent,kaspa:qypzuvxxc69d6ed0fqgrndtsrsxgwsg5gtslxesls7vjz2h4sqx6frczgr4qg7k,18000000,
710d661b79fd965ac67d3db3eeb814bd499bb3d2f482a37bfc817f117f4ade61,2023-11-29T13:33:41.854000,sent,kaspa:qypzuvxxc69d6ed0fqgrndtsrsxgwsg5gtslxesls7vjz2h4sqx6frczgr4qg7k,18000000,
716117aeffb4db25af8e7fb70747787ae94af042c29a705ca24ccb1c01c144c7,2023-11-29T12:11:20.675000,received,kaspa:qp0p3xyg009w5qghp0p84lq92s8zq0vq0672zxjz6w6gtw8halfsvzm5cfyg9,700000000,
c7b042a9cafbf7896464dfc40f60e54a51438f710021d2fcb376409d60b6c8fa,2023-11-29T08:28:54.220000,sent,kaspa:qypnu0wjlmukpr080mgwxqa5l3jrxkj02krhu690eappe7mkqrxk0mq0cdugxef,18000000,
33f84d6d663b8f291a7df54b8c9694007fda67b3dfcc8a46f5e12eca96d06ad9,2023-11-29T08:20:42.563000,sent,kaspa:qyppzyd9hkxrqgz9vc9h958u2fdysf6fgq759mym5lpq3v7eugngfkcrnnqzvh3,18000000,
68f34d9356d6d3cd8dd3b784dbc45c8364db26284f40a06bf888fb08a710c119,2023-11-29T08:14:08.131000,sent,kaspa:qypd5fne0vt7g823fd77c2ttha8f35xwtagsdutr06xrs3ajzwklnlgv8587p5k,18000000,
76baaf57c6afe5fbdaa109fde4862abc03d6c09d8eb0305c2606472ce99af4df,2023-11-29T08:05:07.302000,sent,kaspa:qyp5efpe3dlsn4saw0j0dds8dfjc944qn92vpw3zdqrqe0l94vderugl7pvpand,18000000,
6b5b0ff79778322f54192007e890cd3673e7264a577540abe41340f9494c6002,2023-11-29T07:56:43.692000,sent,kaspa:qypmy03xn804g9za5qsv4f0cwmrq3q25pw2ajm9l28gkz2epvr0d7tq8hugxvv2,18000000,
05e169bd3f39c162b8aa16159d702e6c46e345c86d160b7cd9c48d9f17207d74,2023-11-29T07:45:40.608000,sent,kaspa:qyppsp5v4jmr5hkak5rdwsg4fev4unufa5245j843rkcm7mkts99d0guhd40rt8,18000000,
408078c7d8794b0a95d6e1a965f1b8c4c6cf7e379763f231866990cabe35ef8a,2023-11-29T07:33:54.506000,sent,kaspa:qyppuyhrfhr33pjqtuj4epmda37mwv3sx9xyqx2ecngv4tpjd899hfskjvfaz9c,18000000,
66b87f275f94acfd36d16c9d681b4d43a7a33a010ae95cb865b1c111e6bbaac4,2023-11-29T07:25:01.919000,sent,kaspa:qyp8nhku5lmug07yqh3tpct99vuzw70pmc7rlzs9jrqaq2tf7a3ps6ckmxn3x6t,18000000,
21b810e3daadcb77fd7c33a5206face57d28abb8725dc8275ea3a36883ee5527,2023-11-29T07:17:20.884000,sent,kaspa:qyp0ah7u3nyme42ycpu5f7cw4g5d82zwddkmzk2ea2x4zcxp58s4wscvwxry4n3,18000000,
04ed8be7be67ae60e1cae5068440edbfd86de23fe62c3499f1dff304f66cddc8,2023-11-29T07:09:47.064000,sent,kaspa:qyppxv6wa2gvf0rlypt5leh65aclu5h5v05u9ft4u0n3cu9h2dkt5mcnvm3fqx4,18000000,
7301cae97af9c54bfb953396e2c05f171dcce81ed0021ea676886fa3c8fa3782,2023-11-29T06:38:54.057000,sent,kaspa:qyp7us69cnn6nygjl9yuzlkzf9ppfphcjzrhrpagaajemhqust6h04cxrewt0u7,18000000,
13f6fcf6961ed7cbc64b184356d75e0e78c7f6c8383b31d63216fc6b185b3860,2023-11-29T06:29:04.284000,sent,kaspa:qypj34eag3d74294sgrxww0m6qtfnjj0kn2vjk2zz7c79cvjd7dg6yst8p0m8l4,18000000,
c9bf0b1dc193a39f4c5e361a49eaa8e6f27a1260e34a7ba8bbae806408a1ab1c,2023-11-29T06:18:53.591000,sent,kaspa:qypduzh2lff9wkqv9m6ejse3k8f5jvq8p80vhmgp9uqt8lz0jt47mwgtmjhmdv9,18000000,
d65c6ce25c64490d12d1e72abaccce252867cf042c1fd4f939132c8c1f893e2d,2023-11-29T06:08:06.571000,sent,kaspa:qypfcwfsya9mjdkte09h7gsx08jnn3kzkpqk9eyfawz60q3xq8qwe9cud5tas4u,18000000,
97df0c6eebcdbf6114f934631d662c4ecb55725b51f602a5c34ec51a906ea84b,2023-11-29T05:57:03.416000,sent,kaspa:qypkzj9p5reg946ldmtyrp5dwm2tl0xqvsmh3f2telu9q7xc2wpgpvqdvelv35n,18000000,
df3cb77fb32f1fd115c5139007639c28131a38e5cf4deb95b809c27950fbd76d,2023-11-29T05:47:13.713000,sent,kaspa:qypujnug0z82zpj66zutuadz2wgj9l62vuyra5v4p0lch479n9av27swmra6ath,18000000,
1f34b551e5e125495234399aa2f5afdd8b76869aec8e915e242d0814b370ac7a,2023-11-29T05:38:11.305000,sent,kaspa:qyp4jmmvewqgcv6dgvccwf9eet20wvkp0vcfdeelgreq0qjz79hv56cnd0923pf,18000000,
1adf43d6b6439be003e3b841192230658ce6d01a6df144204baa55f472802824,2023-11-29T05:29:23.042000,sent,kaspa:qypj48ppz30jzmn056w9w8st5y8mh065s2f5ecfj0x896qw5rxvfclgyhtgps6k,18000000,
9ebb5a723e9ab2d18ccf4ae073e97d2d9ec69d66cebcf58cc6cfba0d4c5a33c6,2023-11-29T05:22:47.783000,sent,kaspa:qypq92x8wzyja3aen4z02g4czdu7pse0jxw50g4kxu549teyjtuen5ckrh9g7ls,18000000,
73a8387fe02e062086c45ee28670d5426ef80fbde8149d9fd26578c847a8f27e,2023-11-28T15:47:59.817000,sent,kaspa:qypjxuxqmh6n6hwdrqy6upmdtuk2z2n0pu7jg3v4hz7kyqvzuc7cjaqdmsqwv95,18000000,
6292c7a5b33ef37b5750784326a0125e772078efd59ac5397844808745da6f05,2023-11-28T15:30:13.460000,sent,kaspa:qypgcqra0jdam5mcuwqg7xqy3an5k228uznl8jawnueqawkep2fxh9csgwa507z,18000000,
902790150b10b54028638a556cfa74abb85f020d9a4f7b7291eceb6a637954ff,2023-11-28T15:09:00.603000,sent,kaspa:qypgh2lhz7etqpydreh482myjmhx4kpzy7zvk47gt7mjur7urv27usgnga9css7,18000000,
7c24a5fc478ee76d5066cfe254902c399f865c14ddb3e9a09f5883995c245b04,2023-11-28T14:33:00.677000,sent,kaspa:qypk3qrr5d4ufxy4j9epcx723axu97dqpjsjycg8ma2rcqct547tudqvnryuz3n,18000000,
60850ada659d02d2f75288fb71db69d9b394d684f858d7aebecd464655a36e91,2023-11-28T14:21:43.125000,sent,kaspa:qyp2x2ql7kq0hlmjw549zlmfklzfyrpk0um9e80mxkck03sw26zckagra4tk7vf,18000000,
946ed8151b75752060854dd1fda09a1954d166121d147fd69b44416261204706,2023-11-28T14:05:52.609000,sent,kaspa:qyp9uueasm7v3f5t4trl4p7pynl97hvpw2k6av2lqhq0c72cp4m6jwsdm25extc,18000000,
680c837f27bc24cf38887260ad94caba0120eb0e2c9029009fb9311de8981508,2023-11-28T13:43:50.263000,sent,kaspa:qypr6my86trhfqfgvzat55p7qtugap3kfrk4g5fnjyypuef5h0ge79qgg7nrx4j,18000000,
9ef42bc0fc3255d089dfbdafc267e5915f6064923eca36a38f51c2aa270150f3,2023-11-28T13:34:19.746000,sent,kaspa:qypsw8tpx6m32rgandmphgl47w2j3ltyl23h6rqq4luclqtcl7xt7gqksf3p7ry,18000000,
dfaa81d97ddf7e58e49f7100192632a1a2fe967737522540821b03c31fac005c,2023-11-28T13:21:10.424000,sent,kaspa:qyp4jsmec72qur3y692hvcge7u3d9d72cr7ssqyq3jphztkmy6sh22qskt4czdq,18000000,
dfaa81d97ddf7e58e49f7100192632a1a2fe967737522540821b03c31fac005c,2023-11-28T13:21:10.424000,sent,kaspa:qyp4jsmec72qur3y692hvcge7u3d9d72cr7ssqyq3jphztkmy6sh22qskt4czdq,18000000,
c19078712e100da9120c93b23a03a456f28c277d6351503209ca0992b6423265,2023-11-28T11:21:45.975000,received,kaspa:qp0p3xyg009w5qghp0p84lq92s8zq0vq0672zxjz6w6gtw8halfsvzm5cfyg9,810000000,
076d7ede0390e21ff42b1b8eff65846f363bc67471b27952a44be6421c1f1301,2023-11-28T09:36:53.503000,sent,kaspa:qypkjxtklqau8et0uh3pep8uulqv5v3fs7lcxrvxdyks2ued99z2f0s94r9uvz9,18000000,
18c14ff6e4deb0ec6c6e639e0f16ce984024781238454cab2d2d44aaa1ec6807,2023-11-28T09:26:51.940000,sent,kaspa:qypea70y8ztchlgexeqd424tccc8eu2d898thqneq9yg5qtqk8nsfsgeu7l9gpr,18000000,
6b3d8993a95dda3a418630f3b22f0bd1a0a0a61bf18b5e85e7a39af713d626ee,2023-11-28T09:03:03.838000,sent,kaspa:qypqq3a9jm0ww8urlqyc0wnx0g3hynryt9fra8dg3y5rx24k85y7ppcs985unt0,18000000,
921482b8c243ea1f729763678ee1a98289d17fb0ff4c40ff8fcffdbcb357b457,2023-11-28T08:45:49.771000,sent,kaspa:qype9wqgywuw9hhh6tuhhe9sr8mzskynuwtpmvshk8y6l96e23n2gesm5c2fcuv,18000000,
010b8439a19d56e6dd81ae08d48d0beb9b63a87126be2747701984c137db408c,2023-11-28T08:24:36,sent,kaspa:qypuskn9h8wzufuxx6ghduky3eqpqxkd8s6hf4fd7v45z9jj7q64k4ss7l7ssx0,18000000,
5f948140a0e428371f3c5d5e9504601a4ba95e2d68e1e5567b9574ef85405b91,2023-11-28T08:07:22.390000,sent,kaspa:qypu7frm4m3h7zelg0uduy4zzq7khafv47n8cdrm5kznda7gvrxge7gffy9p87m,18000000,
cafe45a590a6635b3f9c5502674ff2fc4865cb824b1fb07b9f5bab7d26dc1bc8,2023-11-28T08:00:04.671000,sent,kaspa:qyp5ekjd4gfcavlr6s5wa9p2p7pjg0lzyya2qtfnceszym36f5wf29cjynap8l7,18000000,
ab77e5bc46f28d77f0d2595a9624585fbafaf824f16f720949d5682461cd5d2d,2023-11-28T07:51:33.080000,sent,kaspa:qypnyygpaa67d7ylm8v2uax45rwvguaexyt476xfren23ssh7x55sdg6mm0pgu3,18000000,
8422dcf3d2a5ad2eb22489341ab69e59fd58ef00dd93cde1342aec1abf3afc66,2023-11-28T07:42:17.750000,sent,kaspa:qyplg4xm5jtkmvhznhxwr7rnn9l3dl25fac8pyzrnykjjhewprn472c72a5tzyu,18000000,
edd9e95d66a2b839f15b15cad020ae84611eb9fb1d9ce14c7e3f7ef2fec203ba,2023-11-28T06:25:36.651000,sent,kaspa:qypemgmua8p7xg7kzgc6ds9pezleetv355c4lzdw7fpdkt6sazuhl7qa349wgkl,18000000,
d67c64f125ffedefcac159f34aba891a8858e0e273d21a5e034e8aed0dc8167a,2023-11-28T06:16:40.966000,sent,kaspa:qyp62asxl4dgryjcr3q9kqfacqsr7hc2ln3pjjflppkseujjhmmnrtgw9nnnpuy,18000000,
a8a8c7bc32e06f942c1d43fe4ae13b3e5edd3b710b776304c00450018808cb4d,2023-11-28T06:06:59.976000,sent,kaspa:qypkq5sw5wccufk3wf2ma0a02tdlu6umdnnvtfarlrpydkk8agh9tkgw8tu6dw4,18000000,
5a5b8f0228894d1c95e04a15d1fe3d451562592a1a8cba4af6c73bb84a57fec9,2023-11-28T05:56:53.072000,sent,kaspa:qyp833w6gy5v3kum2e8dj2z93j2uyk6epl4wshuw8lj2acqty9kkyjcvcjgpa4s,18000000,
e825fdfbd6fc8793dae02b3eec386883fc5721884b6e70cc63432e0f3131cee7,2023-11-28T05:45:22.631000,sent,kaspa:qyp50g3e9frgt6vqdcxl2s36avpsj2rj6mjmg4xay97anmjkmw5yj7qtp5qw5wx,18000000,
bb857594808b55ce3403d397b5574a6bb75d0cff5cc9f065a312cce034f713fd,2023-11-28T05:32:36.036000,sent,kaspa:qyp2sduzn5d0rkgrd82nn9wqfprel284jjpeyv9m7mf98etlzcd3ruc350x3ll2,18000000,
e946ffeb6e216c74001b74403f3377a440c2d94d4ab6e59190ac3dc3c24299c6,2023-11-28T05:22:23.333000,sent,kaspa:qypv929j3wfwka2jv2xx28ru5a8xh4ly3f92wn8wxmc7x5samw3jmyc325jqqrz,18000000,
e13db110513bfc4dd950aecb46e05da76255aacf97b4df3255a74691ba1040d7,2023-11-28T05:13:09.384000,sent,kaspa:qypcffazz828s7nae6wq57fwkaan3p8j8ddxaacagur0658aln992pc4md5y65c,18000000,
993e200b8e57e1a9d6cb038a9cd886a3f07e286577591aa4221c8172a8d7bbfe,2023-11-28T04:57:22.456000,sent,kaspa:qypyr69j526cvrmwtx3zgk70qf8hwqmmp94wcd78u9ku3pf7r3d4nssjjp89sju,18000000,
751b7a18dfe7364462fd2f1171838c0c1b2976cef68e36c7cc40a8361a714f28,2023-11-28T04:46:31.454000,sent,kaspa:qyp6mgk4shawq34qz8mty3ahqn63ywufncptvm0npxlkculwmgaakpcnvtg07eh,18000000,
be78b63664c6b49a2658b2b69d5270558aa2397ce3d2bda2e2f2580f43075917,2023-11-28T04:33:31.220000,sent,kaspa:qyp3v9qzxhzqrs996kxk99yxrj0skayzhypv70fm6ws667dy2f7hukss7p5caeu,18000000,
e93b9e02d5cf13300b8804003eef7bf2c07110d6082a85370478fd4eede90585,2023-11-28T04:25:16.883000,sent,kaspa:qyp0pq6c4jlevma6z748pdknmm0p6udsyvqc453uwrz7jqrcadp6eygsragyxag,18000000,
06432d1c46e788db5001ecd400385bb724a6c9b2058c0f59e16378a2fc4e41c1,2023-11-28T04:12:47.073000,sent,kaspa:qypjy0uzj2ve4e63ya8w8udj5fsnpplfhv9vtj45aa52tx45jqjwu9syfhhaqmv,18000000,
8e2fb61beed2bf9e6fbaabe944643efee682a320f3f82bf22e140fdb34149ed6,2023-11-28T04:03:47.849000,sent,kaspa:qypj76py0cjchs8rm5xm0exrkae2vqg5ehe8gdc93uxarsfnxx2egmgxdpwtg5j,18000000,
b7c6baad951c590b68f51ee7a0414952f439fb670c1b79067f86d5f1ceac7267,2023-11-27T15:45:37.981000,sent,kaspa:qyp7cujrmgmhkydswplzqvx2elfcfr0y9r8uu39nygvkwh4z0yrn70qntkq0sqv,18000000,
e8ea7c6237712c7f8f7c8e1e63a349844209b41bc1d573136bf8967a107ccaa7,2023-11-27T15:33:58.137000,sent,kaspa:qypj2z2yn06mew7jx9wfzg4v2wdjt8rfqzzsp2vn3p9x6yfpvxukypgkrmmxzcy,18000000,
b7b3da7328be9eb5f9b4348f5171bf782176e23d98f71ac4de24c5c54b86fe13,2023-11-27T15:23:52.620000,sent,kaspa:qypazevd3549cxmw40vgazqlaefcpm0che09qddh5qmxz82n6k7u2jgjff2a96y,18000000,
ef4fb56669c4174df93ff73bd7cf6c4f2563bb4b0460742b8e300be5a0394255,2023-11-27T15:15:34.600000,sent,kaspa:qyp2dgm7dtev56cmmv3c8rnvkhqakl0x2p7l8kkvw9ujzfw3hv8n22gw0mx7smc,18000000,
72782372f8e1f9fdfbd2111dedec0147f971e294d580df93f51e4ba44175f4eb,2023-11-27T15:08:42.193000,sent,kaspa:qypqnqnxalsyqys6lmnugx2ngcq4fuasjkyrz7tlnkfmtu78s3yekwghy3m6e2m,18000000,
78ae5c39db7c8dc44b6f05eaea25cf16395b607850d92dfa8303c736bf516c2a,2023-11-27T14:54:45.699000,received,kaspa:qz9tnprxra9myvdesehxlqsxvywf9kcs5uvyzvjjf6j9khh22luwqmhyhdls7,556772000,
