tx_id,timestamp,direction,peer_address,amount_sompi,cex_label
caa75b27a02f636bd3198fcf4622bb3d701434727891993edc36fba3645445af,2024-04-19T05:44:52.245000,sent,kaspa:qr92rpjfhvp8fd8vfrez7c8ffyhmuf444u56n6tj0cgut9hpsfx4yykfknhf2,99366700000,
caa75b27a02f636bd3198fcf4622bb3d701434727891993edc36fba3645445af,2024-04-19T05:44:52.245000,sent,kaspa:qq74540g7mskgyxz269f5xsd7x0dh5m7p5hjgt5nekfsl3jrg646yk84ywfdz,40657,
69dd7f7b790111b23322fa9beb852395dfa22327e833bbe5ba5d5104b08e7595,2024-04-19T05:43:11.813000,sent,kaspa:qqrvd7eaz7wqgg9fxfj395jsxkdnet9lh6w3skpepu8xldjzu9z8x8ae05m3m,100000000,
69dd7f7b790111b23322fa9beb852395dfa22327e833bbe5ba5d5104b08e7595,2024-04-19T05:43:11.813000,sent,kaspa:qql3lwr3tvsthn4w30flr3j8st79q3rnz6n0fsd9g2yvhqletv0mwafalczwu,13634552270,
e373bb68e243417cf487769f1cabfde23db65729f321095967593d7138d96700,2024-01-28T18:34:52.892000,received,kaspa:qp9z8a0w7jedatvpr3l0knc6l0vdlpz7sp9kcd4yqq0up9hp87q4zyzr5ave9,13734399364,
e373bb68e243417cf487769f1cabfde23db65729f321095967593d7138d96700,2024-01-28T18:34:52.892000,received,kaspa:qpy827u4r43hp36nu2w78dphwgzjr3e9xdwwvm7k7dalyhpfkr84qucn4ecud,13734399364,
c2254221b08f273ae972ad5d352a79e2f3c5eddda8a7a4a4e33e4de66e4e566d,2024-01-20T05:34:50.564000,received,kaspa:qp9z8a0w7jedatvpr3l0knc6l0vdlpz7sp9kcd4yqq0up9hp87q4zyzr5ave9,13734399364,
c2254221b08f273ae972ad5d352a79e2f3c5eddda8a7a4a4e33e4de66e4e566d,2024-01-20T05:34:50.564000,received,kaspa:qpy827u4r43hp36nu2w78dphwgzjr3e9xdwwvm7k7dalyhpfkr84qucn4ecud,13734399364,
26ad5d68ca37a965fd2f82ac8450ec455982ef775b04f27c18b06a2332d94245,2023-10-04T03:56:41.466000,sent,kaspa:qyp5quwpgufmuty9uq3n25awgxjlvxk7pkfqlarsvquwr5glgzdguhq5z0k7fsc,2000000000000,
26ad5d68ca37a965fd2f82ac8450ec455982ef775b04f27c18b06a2332d94245,2023-10-04T03:56:41.466000,sent,kaspa:qql3lwr3tvsthn4w30flr3j8st79q3rnz6n0fsd9g2yvhqletv0mwafalczwu,2318167865618,
07a2d46da4593d16f95eb7a88809f8b11ec89c82033a95de40c1d6830c843f28,2023-07-21T00:48:55.763000,received,kaspa:qrfvvayrlcf89lg6xr55m034p2dvljswzg8h0gdsrvrx4ulzyhp7k3kpdutzf,318168700000,
