tx_id,timestamp,direction,peer_address,amount_sompi,cex_label
5be231ce69233588a531baed9cbd2436cbfaef7e1cb7a95833a66f90660cec03,2023-12-20T13:52:16.109000,sent,kaspa:qrkaxvl2tw6pq6zx9xrr9lqnt9x72upf0hsrp3cvgcmfz77m50ycua35nz200,172970000,
5be231ce69233588a531baed9cbd2436cbfaef7e1cb7a95833a66f90660cec03,2023-12-20T13:52:16.109000,sent,kaspa:qrkaxvl2tw6pq6zx9xrr9lqnt9x72upf0hsrp3cvgcmfz77m50ycua35nz200,172970000,
dba85fdf0f240ce58d237bc70343f2854a554e8ff7f9a6b17f1ca2695313893e,2023-12-12T15:46:07.959000,received,kaspa:qypswxtcrv4ssyjaswy5w9387vq73mkuyq85tl34cee6qn5uexqy0csgnafnjx7,171000000,
f3bd922d1e445e922faa2b7d9a5f3dab3cfce9a5acd5fb765d54ef9a7fe17ad4,2023-11-29T01:57:03.021000,sent,kaspa:qypmma3eyczyypklpmxnpxr33ln7n3tklm5flkhmy4lvrxd395zcgwqdr35ykxz,18000000,
fbcba6b9f4ee48f891daf8672ad5c9258b40cf839aa5aea4a3c3c1488b147e08,2023-11-28T09:41:34.306000,received,kaspa:qpqqfsja3y3l9rkzlxrlzcskurv9e0jt0x5trzafwt0kqzhv7d0953gyzdmhd,20000000,
