tx_id,timestamp,direction,peer_address,amount_sompi,cex_label
eb3bd1516a614c5e4adc23a6c749b49762adc350e4c1182eaa9cfde29187cf1c,2023-12-27T03:31:43.170000,sent,kaspa:qpjunp39ssazf4rzfxxu0hd35xggfxn6lq0ls9u9q6peevzcmcv4xmv9q4njd,4811131455793,
d80d38ee84e5c2b492b69fe834485b52a2fdd24a681ec98448d659087c0e6d22,2023-12-26T10:24:08.716000,sent,kaspa:qpjunp39ssazf4rzfxxu0hd35xggfxn6lq0ls9u9q6peevzcmcv4xmv9q4njd,8799999120000,
739967327f456d157a6dbb736a55426624d591a44546084786d48eadd7314ebd,2023-11-21T10:37:01.307000,sent,kaspa:qpzpfwcsqsxhxwup26r55fd0ghqlhyugz8cp6y3wxuddc02vcxtjg75pspnwz,30000000000000,MEXC
739967327f456d157a6dbb736a55426624d591a44546084786d48eadd7314ebd,2023-11-21T10:37:01.307000,sent,kaspa:qpjunp39ssazf4rzfxxu0hd35xggfxn6lq0ls9u9q6peevzcmcv4xmv9q4njd,13678142487894,
df7b84ce0087d621c7195ef3d5ae531fd1963a9c9300472abf7c3980f1fb1385,2023-11-21T10:29:43.277000,received,kaspa:qqwvnkp47wsj6n4hkdlgj8dsauyx0xvefunnwvvsmpq2udd0ka8ckmpuqw3k5,43678142497894,
ed49779e5a6169432891cdf816c3af653f9e71e07dc5e32e9679443247f62355,2023-11-21T10:07:52.125000,received,kaspa:qqwvnkp47wsj6n4hkdlgj8dsauyx0xvefunnwvvsmpq2udd0ka8ckmpuqw3k5,59400000000,
26c0716b6a319c948059d49bdcfcba8545b003a52141835e2b740fe48810ed96,2023-11-21T09:59:20.333000,received,kaspa:qqwvnkp47wsj6n4hkdlgj8dsauyx0xvefunnwvvsmpq2udd0ka8ckmpuqw3k5,100000000000,
26c0716b6a319c948059d49bdcfcba8545b003a52141835e2b740fe48810ed96,2023-11-21T09:59:20.333000,received,kaspa:qqwvnkp47wsj6n4hkdlgj8dsauyx0xvefunnwvvsmpq2udd0ka8ckmpuqw3k5,100000000000,
7da2d5ab90afd592d0b9935d609db21a0a77dff0cfd957581eb13a3b1ab3b064,2022-12-02T16:16:09.941000,sent,kaspa:qqpx5uf846zw0wq5hsj2g6zluqne5xkc8pva4w054sc0jwn7rjs0xn8f8365a,49997799979515,
7da2d5ab90afd592d0b9935d609db21a0a77dff0cfd957581eb13a3b1ab3b064,2022-12-02T16:16:09.941000,sent,kaspa:qpjunp39ssazf4rzfxxu0hd35xggfxn6lq0ls9u9q6peevzcmcv4xmv9q4njd,172133300010485,
2de023a459162b405fd8a85b760ccc28962f65e396e6d75f6c1c25661bdf4039,2022-12-02T14:17:30.656000,received,kaspa:qrkxh3ctcf778ggvhn4zcle05f6qgz5hev72zjrhlqlk7r0tx9w9jaemkzv9g,222131100000000,
c4df2df73b9306ce066590eefaf38af5b91d62e947e5278fa7278b024b8892bc,2022-11-28T10:11:12.065000,sent,kaspa:qqqv8n3u2yp6y3vv4puuy3l248cm486awzl8em4vjjuvsxn7r56gyerfkxwsr,362373000000,
c4df2df73b9306ce066590eefaf38af5b91d62e947e5278fa7278b024b8892bc,2022-11-28T10:11:12.065000,sent,kaspa:qpjunp39ssazf4rzfxxu0hd35xggfxn6lq0ls9u9q6peevzcmcv4xmv9q4njd,53314426990000,
25199e58e15732c40186e561fc6df3bd14b7a398a7f89a873b2ae32a19fcd416,2022-11-27T21:50:41.403000,received,kaspa:qqzk6atzdlkmmp7ccgj5wl8q9at27kh0kj5lu6qeecefc2g6wtap5kjngq4yk,53676800000000,
25199e58e15732c40186e561fc6df3bd14b7a398a7f89a873b2ae32a19fcd416,2022-11-27T21:50:41.403000,received,kaspa:qplfg2u7p8t5d3py7s6u9ashx6z8x9vvv9d6a4l3zwpu0nu03t9vvqhv9rgay,53676800000000,
