tx_id,timestamp,direction,peer_address,amount_sompi,cex_label
97f5793d77ca95d7d736d4994be628f74d7be89f0544b2c39177325e90d216a0,2023-12-16T04:11:35.758000,sent,kaspa:qzslgwenzu78t6tldlng383g7ruu4enaljmnkgaulyrscjp7ldt26x8gfxck5,171940000,
97f5793d77ca95d7d736d4994be628f74d7be89f0544b2c39177325e90d216a0,2023-12-16T04:11:35.758000,sent,kaspa:qzslgwenzu78t6tldlng383g7ruu4enaljmnkgaulyrscjp7ldt26x8gfxck5,171940000,
5050c5ab36fd0592cf783f9b35ee6baae85b6a10e04c238d6d17cfae234d0944,2023-12-12T08:33:39.109000,received,kaspa:qypswxtcrv4ssyjaswy5w9387vq73mkuyq85tl34cee6qn5uexqy0csgnafnjx7,171000000,
ea94717588f158a90c4a89bec6a037eb6e3fa55a446952abd73eb42b9a25ec9c,2023-11-28T11:22:44.346000,sent,kaspa:qypneg55qnu8hezw7pzn5y5nf6j5w44dw3kz5nsqpqt8gr2xd2r32gcy3f5smyz,18000000,
0295ae104564ba803b49a31ad860869a22993f3fa51c5053117cc3e0daf655ad,2023-11-27T11:15:06.752000,received,kaspa:qrl5z097v376x0t7s4u4ul3czqxfsx7nnxhd8c7pwmgv788x4f79xgmcmxqp6,19000000,
