tx_id,timestamp,direction,peer_address,amount_sompi,cex_label
cc51976301f9156ced551139074089e00f64dab46d6d5332b70b2e5f340b9272,2024-08-16T05:38:37.800000,sent,kaspa:qp66keaky7tqpk3vlpxg68pv4lmzcyaxxnpslavsp9eu86jpwjvlkz8jr238j,3100000000,
cc51976301f9156ced551139074089e00f64dab46d6d5332b70b2e5f340b9272,2024-08-16T05:38:37.800000,sent,kaspa:qrvdmnj6yuyncwsv5enk99tezg0rxzjex2qjk2qf8j645efxstzgqes4alsz6,47201994,
3db85b80e912ad20cb117b0a7898609ac9da2c8aa0e628a87db8ef8e4374dc5b,2024-08-14T19:39:54,received,kaspa:qpzguadqze3s998ph33vc4nuyzld0puvheadqklypf528d6evg792hstxxgty,14631615,
3db85b80e912ad20cb117b0a7898609ac9da2c8aa0e628a87db8ef8e4374dc5b,2024-08-14T19:39:54,received,kaspa:qr60htent3t2xhv92l0rtn27xkct8vgg6htnfwergdluuhj8yas8zaqlcgxu5,14631615,
