tx_id,timestamp,direction,peer_address,amount_sompi,cex_label
8400cf8e64d44050c026e440203386ec5fc1b9050fca18ee7804eadc5fad08fa,2023-12-16T04:16:12.445000,sent,kaspa:qzslgwenzu78t6tldlng383g7ruu4enaljmnkgaulyrscjp7ldt26x8gfxck5,171940000,
8400cf8e64d44050c026e440203386ec5fc1b9050fca18ee7804eadc5fad08fa,2023-12-16T04:16:12.445000,sent,kaspa:qzslgwenzu78t6tldlng383g7ruu4enaljmnkgaulyrscjp7ldt26x8gfxck5,171940000,
a38ed899a58817cf2854623fc945a68eb688c805d6fd80947fc11b3ed1fa06ea,2023-12-12T10:58:51.636000,received,kaspa:qypswxtcrv4ssyjaswy5w9387vq73mkuyq85tl34cee6qn5uexqy0csgnafnjx7,171000000,
fdc7f6a0a3b27abf5f510ccea4e6805c771f459a981af258d822034604f473e2,2023-11-28T15:14:26.863000,sent,kaspa:qypf64lxd4p3d5qnjka4e8hu8xa7yflr9y5ck9ddjn03khpgfqanm0q8jtglyrq,18000000,
5770d3b85fd9988901367a46dd60997d566edb5b003219089a466e5d3bd0239f,2023-11-27T21:29:04.264000,received,kaspa:qqxrda0n7wx2zyhkxu2gx3hc5mraf7l7h90szkz8vrs4sa9cf0hvc6ysg6shy,19000000,
