tx_id,timestamp,direction,peer_address,amount_sompi,cex_label
b4194a026becefcf15a32221bf1350b2955d7b259120d4089f5773377ea6dd1b,2023-12-13T08:38:57.091000,sent,kaspa:qqh06puhtgsu5utuakvv88ewhppn4dtp0k4a2df0xxga6ytg5p7vzcs0tuml5,14363160000,
f78cd0bea0e251255d67a97081d78c930f5ff07d51d787d35021786b1c3eee03,2023-12-12T01:32:44.465000,received,kaspa:qypswxtcrv4ssyjaswy5w9387vq73mkuyq85tl34cee6qn5uexqy0csgnafnjx7,171000000,
08611cf68b21207e0275c7d061059d226f12d5a4a7f93947861627cb92fd9cd4,2023-11-27T17:08:56.943000,sent,kaspa:qyp9pdyrf0caramr2er5eqg29k903gknzxsq0ads2vpyn45qdlfv0vq3cn82tk2,18000000,
08611cf68b21207e0275c7d061059d226f12d5a4a7f93947861627cb92fd9cd4,2023-11-27T17:08:56.943000,sent,kaspa:qqgzlwrad6zhpgpcec76c5g6hxuctef98d2g7083vm8lyzcqw9wuva2lzcaa2,689550000,
795dc0cb88d18cca34b318d1eebea27231e652e836b4291ccee26a31ad0ae223,2023-11-27T17:01:02.415000,received,kaspa:qpywmf9085tsuxr7sr5p93u4g68gmddxuumh3stzcszj7889veyp7lzy53ngd,707560000,
