tx_id,timestamp,direction,peer_address,amount_sompi,cex_label
30c884a2c866854c5be2b2fb448dfea7ad0ca6934c22bae42cd7674a920b30b0,2025-03-11T17:15:47.048000,sent,kaspa:qqcppe5qyle43ezwxtpu4lyvmgdyxy0d6rz6zg3wp97kk2p4wtxjg2s3mq5mc,10000000000,
30c884a2c866854c5be2b2fb448dfea7ad0ca6934c22bae42cd7674a920b30b0,2025-03-11T17:15:47.048000,sent,kaspa:qpyfq34h9eqjxepst53hkmjfshx9ht4tyttuev36x289wssqd3t9s2admx65t,118899870000,
4f93e5c51eae312f0c088c05c9f203aa85313795924d6358a3e723eadbe752d7,2024-09-16T14:31:42.666000,received,kaspa:qzk4vej6mw74vwx2pa3ndrv0nwlgd29pnfntx6tnffnh585zhjnssph2wdlkg,99899890000,
4f93e5c51eae312f0c088c05c9f203aa85313795924d6358a3e723eadbe752d7,2024-09-16T14:31:42.666000,received,kaspa:qrqg0gztfc6a7754qcn4xrqtlj9pr2wm33qlskfpm6kvpvgd6ghsv0kzjsf04,99899890000,
