tx_id,timestamp,direction,peer_address,amount_sompi,cex_label
d4c560621d886eed3fc66818cf15cd5c50528efb4af33e9b1a366de034a8e15a,2023-12-16T04:03:33.549000,sent,kaspa:qzslgwenzu78t6tldlng383g7ruu4enaljmnkgaulyrscjp7ldt26x8gfxck5,171940000,
d4c560621d886eed3fc66818cf15cd5c50528efb4af33e9b1a366de034a8e15a,2023-12-16T04:03:33.549000,sent,kaspa:qzslgwenzu78t6tldlng383g7ruu4enaljmnkgaulyrscjp7ldt26x8gfxck5,171940000,
0b357f0f10568994e55051f2c45296ee247c8d93bcc17c91535aa6b4c82c4aed,2023-12-12T04:46:00.429000,received,kaspa:qypswxtcrv4ssyjaswy5w9387vq73mkuyq85tl34cee6qn5uexqy0csgnafnjx7,171000000,
64214f594fc4423c9770fcdc22ecf748b705c732944b7c733b06154cde23f0a9,2023-11-28T04:31:39.354000,sent,kaspa:qyp3f5qes3cakuwdue45emwxsg347gm7hkm0z3fsr4cqmnkhnfkt5kc2suw58pn,18000000,
74d045f12c9a05658013488da9cc26f5456baa3b53650d5e39c47122043c67f8,2023-11-27T20:41:05.276000,received,kaspa:qq9lyhkvtjr628ps724afyqk9n83d0tljqhleedzrmqvmlhldaunut5739sg7,19000000,
