tx_id,timestamp,direction,peer_address,amount_sompi,cex_label
7ac68d6299d09059368393442c30b3d16d92a19e854f995a4b43e704def08b60,2023-12-16T03:17:45.099000,sent,kaspa:qzslgwenzu78t6tldlng383g7ruu4enaljmnkgaulyrscjp7ldt26x8gfxck5,171940000,
7ac68d6299d09059368393442c30b3d16d92a19e854f995a4b43e704def08b60,2023-12-16T03:17:45.099000,sent,kaspa:qzslgwenzu78t6tldlng383g7ruu4enaljmnkgaulyrscjp7ldt26x8gfxck5,171940000,
804bc8132ec8cbca3267c5dd8ef613b3c5a77445810fc7fb44de74759a6cf5f0,2023-12-12T02:24:58.819000,received,kaspa:qypswxtcrv4ssyjaswy5w9387vq73mkuyq85tl34cee6qn5uexqy0csgnafnjx7,171000000,
ecc72b7ae483789709ed770218ba86aa3f040bea56a59a284e567dcd3d530314,2023-11-28T00:26:52.903000,sent,kaspa:qypkzt7vvvpdspa823dq33kyx82dalyzv9k939468xsa2rsevrjn96cjvat9p3t,18000000,
0066e24141f698e1f62ca237eb97b21118ac7bc5c89600913501da6cb008ef86,2023-11-27T15:54:45.974000,received,kaspa:qrc956nv7nwrvsqvyx5cy2atwh87q59znuht45j0xn67zsg6xqmnj40rwj425,19000000,
