tx_id,timestamp,direction,peer_address,amount_sompi,cex_label
f89513e01c37a75889fa908d9db5e80e84078ac9798eee6ba2aa6e1c4e995fe6,2023-04-09T17:22:47.486000,sent,kaspa:qrf46klp3ud5d7m4cuxcs6uqmf2jq5emt9dxg2736mgyq40rzp0xvjh9alwyt,74399997931,
f89513e01c37a75889fa908d9db5e80e84078ac9798eee6ba2aa6e1c4e995fe6,2023-04-09T17:22:47.486000,sent,kaspa:qqxmg7f4qa05ketk35hygc9eergeztn6qvn2m0ptmtx7k4yr5mz4uc0wn69ea,33988271,
a1429f69ea46e3abc8927f0d1566d641a5370edcfcd7751efc8a47749a0af20e,2023-04-03T09:22:28.295000,received,kaspa:qzddgjpklrye66x54s4zkj6wru9m02je9rg9x92ywlv7n5y9fk28xsm8xq2uc,74433988271,
a1429f69ea46e3abc8927f0d1566d641a5370edcfcd7751efc8a47749a0af20e,2023-04-03T09:22:28.295000,received,kaspa:qz4k5qqcdmfwnwysxkgnm0xpsfvlrqmx7h268d7u7j7vczguq97rxjfrmmrcf,74433988271,
a1429f69ea46e3abc8927f0d1566d641a5370edcfcd7751efc8a47749a0af20e,2023-04-03T09:22:28.295000,received,kaspa:qzddgjpklrye66x54s4zkj6wru9m02je9rg9x92ywlv7n5y9fk28xsm8xq2uc,74433988271,
a1429f69ea46e3abc8927f0d1566d641a5370edcfcd7751efc8a47749a0af20e,2023-04-03T09:22:28.295000,received,kaspa:qpq6zda992rvudwj0rc7mxxkqx39675552zr9mjf0vmpelakay3sxkedzgzxe,74433988271,
