tx_id,timestamp,direction,peer_address,amount_sompi,cex_label
90c43abb7d21a9914a80c7c69c7aaddcb0c982433c8bcca7d0bf50d632956299,2023-12-13T08:38:03.020000,sent,kaspa:qqh06puhtgsu5utuakvv88ewhppn4dtp0k4a2df0xxga6ytg5p7vzcs0tuml5,14363160000,
5920e4cb6428ef88ad3fffe2005d6c950f071cc72fb806724decd8998c5bb389,2023-12-12T17:13:39.675000,received,kaspa:qypswxtcrv4ssyjaswy5w9387vq73mkuyq85tl34cee6qn5uexqy0csgnafnjx7,171000000,
2ffa4dd5c71688e0b5e8ccc9a783ee574e51af53ed043810f588f57206cbc564,2023-11-29T05:25:51.810000,sent,kaspa:qypc8wpykq7x5nrdsk9z47mu3pm5l3zpp8es8ky4xfwu9pheme0qkng5ahmnpum,18000000,
2ffa4dd5c71688e0b5e8ccc9a783ee574e51af53ed043810f588f57206cbc564,2023-11-29T05:25:51.810000,sent,kaspa:qrk3y62st0mkvj97jyr8k5elngh7rtmd4af85zwzf7qx74v8maply6kt2w2gy,1876520000,
985fbf25b9409e8785381124af865fca7df01d146d0f5711c4d50d9996edcc28,2023-11-29T05:18:45.175000,received,kaspa:qqevgvu6rva30pkmd9825tp4lc3dn5zgeef9fzmd26nnulcx7jjzgl5m6zpcg,1894530000,
