tx_id,timestamp,direction,peer_address,amount_sompi,cex_label
a583f3d9805ef0feeb1d718afaa985cb69313e27e7ffe62f1db53ef01a1e5227,2023-12-16T05:12:07.284000,sent,kaspa:qzslgwenzu78t6tldlng383g7ruu4enaljmnkgaulyrscjp7ldt26x8gfxck5,171940000,
a583f3d9805ef0feeb1d718afaa985cb69313e27e7ffe62f1db53ef01a1e5227,2023-12-16T05:12:07.284000,sent,kaspa:qzslgwenzu78t6tldlng383g7ruu4enaljmnkgaulyrscjp7ldt26x8gfxck5,171940000,
d3176af3f904c2824061c9983b697d66d624104f6908f2534781642b33e0671b,2023-12-13T04:25:48.234000,received,kaspa:qypswxtcrv4ssyjaswy5w9387vq73mkuyq85tl34cee6qn5uexqy0csgnafnjx7,171000000,
3cb2655da231a04abec1f122372e7437af5d0a283d0c0519250088b32e7a764f,2023-11-29T19:39:35.336000,sent,kaspa:qypfu0kz48ypguvcs69vm485qj38fmvmu6ju67xr6rya285xhvy7ppcz35srpw2,18000000,
110e458c2489da6f4bad62e79642299fe6a5de14f3163025111f47b136746518,2023-11-29T16:22:55.765000,received,kaspa:qqrldyr25f9rtxswh0fmuup5qsuemkjrsg5p5zgclzu4rx5fkeut2u2kc9jpv,19000000,
