tx_id,timestamp,direction,peer_address,amount_sompi,cex_label
90c43abb7d21a9914a80c7c69c7aaddcb0c982433c8bcca7d0bf50d632956299,2023-12-13T08:38:03.020000,sent,kaspa:qqh06puhtgsu5utuakvv88ewhppn4dtp0k4a2df0xxga6ytg5p7vzcs0tuml5,14363160000,
6b5e9c635cc455330a53444b27d96fb63013a0786b6e5d12372e9e6387e8bcc6,2023-12-12T16:33:39.693000,received,kaspa:qypswxtcrv4ssyjaswy5w9387vq73mkuyq85tl34cee6qn5uexqy0csgnafnjx7,171000000,
c98ff3a1594909b3d47dc2e9d780c9558995072dc3f2e4e98a54a0a8c90d5552,2023-11-29T04:19:08.479000,sent,kaspa:qypx9qzdpc8f6jyy5u5x6ad9f7v8zwf9mna2a7dap9y06sxncz90vnssg3vxkry,18000000,
c98ff3a1594909b3d47dc2e9d780c9558995072dc3f2e4e98a54a0a8c90d5552,2023-11-29T04:19:08.479000,sent,kaspa:qp6yjwtqv6s7ypyvg8pqx34jptnmzcvx9kgxvd6jspc0aenc4242qwqj8er34,2002590000,
c4679f85bfe6abf8d63e2d158c70b43252178a16970dee54f68d77fc5779db0c,2023-11-28T22:35:31.181000,received,kaspa:qqz4pvaudn68lw6jrrkc0rvvpfty8p2ksurvfm7yu3jj6j75pldhxahjxcm2h,2020600000,
