tx_id,timestamp,direction,peer_address,amount_sompi,cex_label
6e5a3ddaf694935549328d2e81fe43dc1635016bca45f7180651b1e83165f887,2023-12-16T05:15:11.308000,sent,kaspa:qzslgwenzu78t6tldlng383g7ruu4enaljmnkgaulyrscjp7ldt26x8gfxck5,171940000,
6e5a3ddaf694935549328d2e81fe43dc1635016bca45f7180651b1e83165f887,2023-12-16T05:15:11.308000,sent,kaspa:qzslgwenzu78t6tldlng383g7ruu4enaljmnkgaulyrscjp7ldt26x8gfxck5,171940000,
de29021d97e26c003b59773fd6351a0e3aa55905950c70aa23345e98dbcc0c7a,2023-12-13T05:41:13.176000,received,kaspa:qypswxtcrv4ssyjaswy5w9387vq73mkuyq85tl34cee6qn5uexqy0csgnafnjx7,171000000,
9f114ceabea4d5059a19b5f8848481e88d7c0e7b3b9ad0ab2073f9f3ece0e7b3,2023-11-29T21:40:20.325000,sent,kaspa:qypmeckywgmm398qe2uvhewdf6jrguuu2fly02fkm64pgccdvyw3n0q9lv03xkt,18000000,
a7a1f4e3cf01f4280a57e048e2b9249da64f81b93eb0989e78a0ae2b416a301e,2023-11-29T02:48:56.781000,received,kaspa:qrkclx2pp900t87vw8euqesglvsmga562wsf9w8s5x6exatxmtylkpv9rgltf,19000000,
