tx_id,timestamp,direction,peer_address,amount_sompi,cex_label
aff4f1438b0b987a2c3ede4c7786cbdd0b8f7bd938a720964c30cdd7bd948fe4,2023-12-16T05:04:34.135000,sent,kaspa:qzslgwenzu78t6tldlng383g7ruu4enaljmnkgaulyrscjp7ldt26x8gfxck5,171940000,
aff4f1438b0b987a2c3ede4c7786cbdd0b8f7bd938a720964c30cdd7bd948fe4,2023-12-16T05:04:34.135000,sent,kaspa:qzslgwenzu78t6tldlng383g7ruu4enaljmnkgaulyrscjp7ldt26x8gfxck5,171940000,
26fce22d2c8043fe45c31df1024c58d4340aa8b98e7ae48ab7775f1d89e629aa,2023-12-13T01:10:35.024000,received,kaspa:qypswxtcrv4ssyjaswy5w9387vq73mkuyq85tl34cee6qn5uexqy0csgnafnjx7,171000000,
a69d10a8b93531aa7202180903e9f206aeb888572592ced534bc2827adb08ab4,2023-11-29T16:52:18.007000,sent,kaspa:qyp8nx8cmncfzp7q4rcdtr2sx9ac9n2le2n9psqtc6ghuv3y3ta9yfc89cu5nha,18000000,
67bf659a3d0a8f20b9e15ba9af34b5b37b6c7cfb5fefbd648a0ce33a808b9136,2023-11-28T06:23:37.551000,received,kaspa:qzaqxltqvnat7lqekkqaf586rmyxjkru76a5g23yjcw5x0ymx0sxsftlzpgws,19000000,
