tx_id,timestamp,direction,peer_address,amount_sompi,cex_label
0de4ed76214611e08f63e1adb0d47fac6165a1c344030e2d8fde0f0d28171cdd,2023-12-13T08:38:03.020000,sent,kaspa:qqh06puhtgsu5utuakvv88ewhppn4dtp0k4a2df0xxga6ytg5p7vzcs0tuml5,14363160000,
1e33559e8b85181eb57c2491f6acb1f46e90498f1df04d6fbcdd69feef96b6cb,2023-12-12T23:42:19.839000,received,kaspa:qypswxtcrv4ssyjaswy5w9387vq73mkuyq85tl34cee6qn5uexqy0csgnafnjx7,171000000,
7a3f9755b1a55f35955f12d5fb1ead25b8ea3a6d4c4cf5d8fe33295d46f60e76,2023-11-29T15:21:30.687000,sent,kaspa:qyprd809grexxysjgq2l48rcal527xnlqr62c9v6tlgt5s95etqulkqkcshxa72,18000000,
7a3f9755b1a55f35955f12d5fb1ead25b8ea3a6d4c4cf5d8fe33295d46f60e76,2023-11-29T15:21:30.687000,sent,kaspa:qzs4w2u4ykqt9cmwvgqkn7z3w39hdt80l9s88txntmanh6weej7ssqa4xk8tm,1228160000,
050aa961d1ba49de1ffd1e422b1cbf1a04444a470f60c6c34a3f1260f800073d,2023-11-29T15:14:58.894000,received,kaspa:qzveutq4hju9l06229es8kdmdkvklv3x3k4k3p8996ff28sca3e5u5p93w986,1246170000,
