tx_id,timestamp,direction,peer_address,amount_sompi,cex_label
f1ad85f8c6b58fd26a54f3b2b48514b7f23e690f57fd5d365b73f670c39a8a96,2024-05-13T16:59:33.358000,sent,kaspa:qr5xlsde4ahqrglw87juc8e8pl7hr7m936stl5g7eh3g88za6dd3szsgcl2pt,13373082667,
f1ad85f8c6b58fd26a54f3b2b48514b7f23e690f57fd5d365b73f670c39a8a96,2024-05-13T16:59:33.358000,sent,kaspa:qq3wrlkeustmu5uuh6r3mrmkly88x3mg4wajc7ktxmqfnqptkfxaqgu47jq8n,167116134693283,
bf3eeca858d1d01ec4c288f96e49efcb8b1ea1b76f52823c4d473df2fec07e21,2023-12-23T08:17:14.954000,sent,kaspa:qqvgxcdkpkh9f4h3mfh50v0fm5gsra7azyvyptdn2yzlt8pqwe5vqv6u8rtvp,3044012279,
2f99b00850f5c08988bb9cb83116c149b39f6083f3088065e1039a3b79e787bb,2023-12-23T03:30:01.032000,sent,kaspa:qrt8kyk7qgmexnzpy607596aqsscsp8269makqltv3p343yvnzsnk36n0a8p2,3060490625,
932a4a387a065d8f48f5059d52d695bfb27c3de0a69c73542bc3926ad0f1b327,2023-12-23T02:45:02.755000,sent,kaspa:qpuyhdpnkcjhf7nz72runj805vtmhr26mgc5wkzgl729a9sl5x0huwkx48pl7,14609822203,
2224043bd57471bfa0f491ada02996b2f1a17266e8fc4db7d3536ed301349b43,2023-12-22T22:53:30.480000,sent,kaspa:qqxl8td7u8yhktcxpmmxvd6aasg4ykdkmfy7t2crc5kls3cp8jnpzvryyzkcu,173459192971,
4eb4ad16939f9cbee9293fab86e00bec01264d86140ab8826d90c41082431d37,2023-12-22T21:36:31.500000,sent,kaspa:qrh3jyrvnaqx9ut909k3d6vhhd9n03my7yx0x25anun85m0j3eme6f9t2s4nr,14609822203,
9ad96fff5fdf83f0bf4b56512387128da0b51c35622b6a2187485f2673242610,2023-12-22T18:09:27.131000,sent,kaspa:qq3fqhmnsra4ezdfxkhaxkd8ngu8qva6jgm4s56tzcww97lw4h2855xr6j93r,14609842103,
a55b14bf2f09aa632f26bac6a289d6b17db6628cc4f8186aec46984b279a21e5,2023-12-22T17:59:07.577000,sent,kaspa:qz9rtkc65a3n0f2ylemp25sn2cuy440h4x26ksyu7hwc6ea8272gsf6hpgz6q,34571987844,
e061c1012e375b08786d65681df98ff05c361fa114b1af19b7cf0336144a2f6d,2023-12-22T11:59:28.013000,received,kaspa:qrqwa3673z385pqc34xwu3c5stkdm837fzhjrv39dm8acgd9pxg4vtx9k5yxr,260316359842,
