tx_id,timestamp,direction,peer_address,amount_sompi,cex_label
876b37d64fdf6889def9ffa868cc2edd1261444755c54861743dd38a91196c0e,2023-12-16T04:16:23.521000,sent,kaspa:qzslgwenzu78t6tldlng383g7ruu4enaljmnkgaulyrscjp7ldt26x8gfxck5,171940000,
876b37d64fdf6889def9ffa868cc2edd1261444755c54861743dd38a91196c0e,2023-12-16T04:16:23.521000,sent,kaspa:qzslgwenzu78t6tldlng383g7ruu4enaljmnkgaulyrscjp7ldt26x8gfxck5,171940000,
7efde47ee42f6e395c6dd7d41f5f1999403f1795507762778a6aaecc852359c6,2023-12-12T11:04:00.776000,received,kaspa:qypswxtcrv4ssyjaswy5w9387vq73mkuyq85tl34cee6qn5uexqy0csgnafnjx7,171000000,
5c899a2e60d19c745481ce848437dee7fc883c7805be7721bcc8d36f03cc2fe4,2023-11-28T15:20:06.518000,sent,kaspa:qyp6a8vy84yhph6722hh8wvct03jsxxmeh9vq0f0dxfxdfdct98p08gqn4fvgck,18000000,
b20f7ba775b2b393ad41dc34f9a5119ae8c152cb9ab3fa86175777a3b9dfb28d,2023-11-27T21:58:21.636000,received,kaspa:qqxrda0n7wx2zyhkxu2gx3hc5mraf7l7h90szkz8vrs4sa9cf0hvc6ysg6shy,19000000,
