tx_id,timestamp,direction,peer_address,amount_sompi,cex_label
76bad9830c309d70dba44cf6cfd28e1792c2ba4e1997a5d484ec528a2ef876fd,2023-12-14T01:22:12.501000,sent,kaspa:qzur03nkqdu3w209dxmpttyp028ttkt3jy86tq3f6zmk9ydvz7s7yf4lpz8dq,5300690000,
942907c8602d00a46711dcd618ef9cff4662268a6dec809b32b25397dfd0c2fa,2023-12-12T20:57:03.616000,received,kaspa:qypswxtcrv4ssyjaswy5w9387vq73mkuyq85tl34cee6qn5uexqy0csgnafnjx7,171000000,
8c7247488f73b54ea2ed7313ada397f6e60b97fd3eb158fc908497018cf0aed9,2023-11-29T11:42:27.976000,sent,kaspa:qypx873qv0lx77f63qlapu3tfc0k3msmt7tfchy3d9c2wd8nz829ncqkecy8vf0,18000000,
8c7247488f73b54ea2ed7313ada397f6e60b97fd3eb158fc908497018cf0aed9,2023-11-29T11:42:27.976000,sent,kaspa:qq5raw8630tq9g57554sqzzrup4zsz8dls8cf4prfasegv20aqdkj0z9ts8e9,1265870000,
742e4a25f2f3ae6ed16d96b359e766d9c307a3cb22285e16e0c034a1006cd8b4,2023-11-29T07:33:09.771000,received,kaspa:qz8qynz09n4nmzhwlkvev5getyrtpg4rz99xhqhsqg8st0vpqf9v792w8etu0,1283880000,
