tx_id,timestamp,direction,peer_address,amount_sompi,cex_label
bb618758fcbf52bf10345f57b2cf9ab97a81ebb41671556cd4b1284ee0ac0c87,2023-12-16T04:21:32.015000,sent,kaspa:qzslgwenzu78t6tldlng383g7ruu4enaljmnkgaulyrscjp7ldt26x8gfxck5,171940000,
bb618758fcbf52bf10345f57b2cf9ab97a81ebb41671556cd4b1284ee0ac0c87,2023-12-16T04:21:32.015000,sent,kaspa:qzslgwenzu78t6tldlng383g7ruu4enaljmnkgaulyrscjp7ldt26x8gfxck5,171940000,
2a9aee5471e76cd5816f5f860365afa714a13287eab852e2807bc9831bfdb5f9,2023-12-12T16:23:13.023000,received,kaspa:qypswxtcrv4ssyjaswy5w9387vq73mkuyq85tl34cee6qn5uexqy0csgnafnjx7,171000000,
393fc02ae6dbb2b286a9d02620a56a2c891b7d5a0700c8b53a35cf75d381c8cc,2023-11-29T04:03:09.061000,sent,kaspa:qypp7w4gfjgc0cags83fms0umafg34ehcf8tfngl9072u45rjcf96scw9luyl3y,18000000,
e6009520815843735ecd421ffc4f82517eeb62677aea2421af705932cc2ba41a,2023-11-28T18:12:15.333000,received,kaspa:qqxrda0n7wx2zyhkxu2gx3hc5mraf7l7h90szkz8vrs4sa9cf0hvc6ysg6shy,19000000,
