tx_id,timestamp,direction,peer_address,amount_sompi,cex_label
2caff8d7e0f82c1570e81ed6881d416330d9f8d1bd951bb0bb0edf7bff8d255e,2023-12-13T12:32:01.669000,sent,kaspa:qzuusmr42teuelgpjxa0p5c3qzc3p53ygh4586lnt6ahdkjsr0l5yknu00f24,171150000,
2caff8d7e0f82c1570e81ed6881d416330d9f8d1bd951bb0bb0edf7bff8d255e,2023-12-13T12:32:01.669000,sent,kaspa:qzuusmr42teuelgpjxa0p5c3qzc3p53ygh4586lnt6ahdkjsr0l5yknu00f24,171150000,
920f727083c7846aeffe6023a465773dd5b8e2fd2b73156e6c19f1348485fa22,2023-12-12T22:29:46.386000,received,kaspa:qypswxtcrv4ssyjaswy5w9387vq73mkuyq85tl34cee6qn5uexqy0csgnafnjx7,171000000,
7f751bbf30f6fffb1ab71b0b28414e8e59dba67c092fab0efa318e45500011ce,2023-11-29T14:06:27.610000,sent,kaspa:qypsfuxardzrfw9huecl5fpn80r46jyp4mv5yptqa33rwkvstrkzxsgmeergfl2,18000000,
6b3d35277328205fe7f72f59259bddae1fd1e6e28bce96b53347b89fcada8477,2023-11-29T12:27:24.687000,received,kaspa:qztsg2j7m7yelucpy2nh4rnjs486xsdzeam78txz4w88xzhzuhldkvack4t9l,18180000,
