tx_id,timestamp,direction,peer_address,amount_sompi,cex_label
f5e91f9027ca0bcbc0e2b6c0b843bece2015146293ff8721103fd486469d4b8a,2024-04-19T13:10:05.434000,sent,kaspa:qr603609ny63xms8pugh3p8wfgm8n6kqr4a9fuaew5sdmsd24kahvcudynzad,1469000000000,
f5e91f9027ca0bcbc0e2b6c0b843bece2015146293ff8721103fd486469d4b8a,2024-04-19T13:10:05.434000,sent,kaspa:qr603609ny63xms8pugh3p8wfgm8n6kqr4a9fuaew5sdmsd24kahvcudynzad,1469000000000,
188c34a48e1839efac6d9edff3484b7992db33a37cc800be5dafc5369e36b264,2024-04-19T13:08:16.904000,received,kaspa:qq9zagcza4jt76eev9jl5z0nqhe0thcu7js8larktj4sle7lvgnw7sfcewlty,1468889125775,
188c34a48e1839efac6d9edff3484b7992db33a37cc800be5dafc5369e36b264,2024-04-19T13:08:16.904000,received,kaspa:qq9zagcza4jt76eev9jl5z0nqhe0thcu7js8larktj4sle7lvgnw7sfcewlty,1468889125775,
30d0e252d997613c5eb6449952c8ec1c2225929d4fd45e3462d622ab100564ce,2024-04-19T13:04:09.206000,sent,kaspa:qr603609ny63xms8pugh3p8wfgm8n6kqr4a9fuaew5sdmsd24kahvcudynzad,4363000000000,
30d0e252d997613c5eb6449952c8ec1c2225929d4fd45e3462d622ab100564ce,2024-04-19T13:04:09.206000,sent,kaspa:qr603609ny63xms8pugh3p8wfgm8n6kqr4a9fuaew5sdmsd24kahvcudynzad,4363000000000,
aa7ba0b3709d4398b14b882dfdd1b65f77e6e19a3956adcb23a05a3d72598bd6,2024-02-07T15:44:05.386000,received,kaspa:qqetp7ct8kqss99fxmymyz5t3fezppxp0t58wl6pawp27elqd46uudme00cl0,2220014000000,
aa7ba0b3709d4398b14b882dfdd1b65f77e6e19a3956adcb23a05a3d72598bd6,2024-02-07T15:44:05.386000,received,kaspa:qpzpfwcsqsxhxwup26r55fd0ghqlhyugz8cp6y3wxuddc02vcxtjg75pspnwz,2220014000000,MEXC
8e6f8ee2dfcd7ca5eb11585464e8d1db1eb57089ac03a61b4747034e5033330a,2023-11-25T13:51:40.532000,sent,kaspa:qr603609ny63xms8pugh3p8wfgm8n6kqr4a9fuaew5sdmsd24kahvcudynzad,440000000000,
3076daaa66b65d8f6fabb2fa40eae6a4e15907870348b4a00877167b664cf838,2023-11-16T07:58:57.111000,sent,kaspa:qr603609ny63xms8pugh3p8wfgm8n6kqr4a9fuaew5sdmsd24kahvcudynzad,1000000000000,
3f017be61b0b4b17060a8511396325a989072e2b5f9f8b2150fd9fb210cb543e,2023-11-11T19:46:56.641000,sent,kaspa:qr603609ny63xms8pugh3p8wfgm8n6kqr4a9fuaew5sdmsd24kahvcudynzad,1000000000000,
615e8be3da4cba6c10ef08b6898c411697b5d4e9a14139b7f434ee5ec74afdee,2023-11-08T14:03:21.487000,sent,kaspa:qr603609ny63xms8pugh3p8wfgm8n6kqr4a9fuaew5sdmsd24kahvcudynzad,1400000000000,
615e8be3da4cba6c10ef08b6898c411697b5d4e9a14139b7f434ee5ec74afdee,2023-11-08T14:03:21.487000,sent,kaspa:qr603609ny63xms8pugh3p8wfgm8n6kqr4a9fuaew5sdmsd24kahvcudynzad,1400000000000,
9715a542a8c8a3cbd002c70d0f50c1e382ad8b0d869f83b1852636988b647df9,2023-08-29T15:56:06.448000,received,kaspa:qqetp7ct8kqss99fxmymyz5t3fezppxp0t58wl6pawp27elqd46uudme00cl0,2944775000000,
bd40d64404facd01793ed070e63817d1ea6af41ef73325574bfcbd64f6e41e7a,2023-08-29T15:13:04.180000,received,kaspa:qqetp7ct8kqss99fxmymyz5t3fezppxp0t58wl6pawp27elqd46uudme00cl0,3038405000000,
