tx_id,timestamp,direction,peer_address,amount_sompi,cex_label
4d32a4280e8ea7b181b29062bb26bba25d6cdc9fc6b2eada5075dbdefa16b73e,2023-12-16T03:39:15.580000,sent,kaspa:qzslgwenzu78t6tldlng383g7ruu4enaljmnkgaulyrscjp7ldt26x8gfxck5,171940000,
4d32a4280e8ea7b181b29062bb26bba25d6cdc9fc6b2eada5075dbdefa16b73e,2023-12-16T03:39:15.580000,sent,kaspa:qzslgwenzu78t6tldlng383g7ruu4enaljmnkgaulyrscjp7ldt26x8gfxck5,171940000,
e12bec698c9871e03709c1ac42e67c48940e5f01e3f12a1ee616af3fa29a1291,2023-12-12T00:20:56.682000,received,kaspa:qypswxtcrv4ssyjaswy5w9387vq73mkuyq85tl34cee6qn5uexqy0csgnafnjx7,171000000,
21eafd94ae597e36b186e1a0cce5a9e2279828994b0b3df611370cfdb2746a25,2023-11-27T14:25:25.470000,sent,kaspa:qyplg90mp2mc7ygfvq0vmqc4gssppj73kc9lmyf3wtvjkdqhescdxxggqv2nuk0,18000000,
bfcfaff64452c9f92d6413ade733097f2c6c9a31aaea99006ddba276c0a3f388,2023-11-27T09:36:04.400000,received,kaspa:qpmp7s9we4nmtuq7fahr68pkxddehqer4r278q8wwtrgp4p5cqqj7e08uvv05,19000000,
