tx_id,timestamp,direction,peer_address,amount_sompi,cex_label
a50e6233014c17650926b0f7e1fb5c11331602466b3935e5f297c6f7a177987b,2023-12-16T04:53:37.810000,sent,kaspa:qzslgwenzu78t6tldlng383g7ruu4enaljmnkgaulyrscjp7ldt26x8gfxck5,171940000,
a50e6233014c17650926b0f7e1fb5c11331602466b3935e5f297c6f7a177987b,2023-12-16T04:53:37.810000,sent,kaspa:qzslgwenzu78t6tldlng383g7ruu4enaljmnkgaulyrscjp7ldt26x8gfxck5,171940000,
3ec9f382786c1ff7ddef818b8b2a85fc553456dbcb52f109d57ee31233c1c685,2023-12-13T01:33:50.604000,received,kaspa:qypswxtcrv4ssyjaswy5w9387vq73mkuyq85tl34cee6qn5uexqy0csgnafnjx7,171000000,
9823a0671aa746e4d964b2a4aa5dd3265510fd61814a089c50d12e1d7188921b,2023-11-29T17:11:52.246000,sent,kaspa:qypsrxjj8nfz5vvxn76lfhcpn4l3ywxgarh2dcmg8c8hnun2rf90w4gsenlter5,18000000,
1e0fc80e9abe64753ddd7c3ca485a0ef854c92b4dc70feb6ee146746ac39c23a,2023-11-29T02:38:10.097000,received,kaspa:qrw0mzm34kk0c6xkzawnmwqzd5pmyrga84uwd2thhw7qnd52qfeusmy6nkax7,19000000,
