tx_id,timestamp,direction,peer_address,amount_sompi,cex_label
d1873e9e4bbff61739b9ec7d30e981bd3c8afca7b0afeba7fd6d73efe34e5918,2024-02-17T19:31:38.445000,sent,kaspa:qqyrl8sham25c7pvdxlzw5ev4lrfm80k8deymkwrz4kta0w5mma0g67pnq3f2,172980000,
d1873e9e4bbff61739b9ec7d30e981bd3c8afca7b0afeba7fd6d73efe34e5918,2024-02-17T19:31:38.445000,sent,kaspa:qqyrl8sham25c7pvdxlzw5ev4lrfm80k8deymkwrz4kta0w5mma0g67pnq3f2,172980000,
85785e25b096c91c696f757d3f82f1cec6b15e337a90327eedf112ba8af6a5d4,2023-12-12T21:17:42.692000,received,kaspa:qypswxtcrv4ssyjaswy5w9387vq73mkuyq85tl34cee6qn5uexqy0csgnafnjx7,171000000,
c32592e199bedf6c2dade2fae5862face8fc97dfcdf0873f57620202c13391f4,2023-11-29T12:24:56.235000,sent,kaspa:qypq09j7mnuv272k2632fu4yjr03r2cd8l7ttflvz4wq6uaemlxemqsxxjz7s45,18000000,
ead64ce6c192693ce5bc1cb98dd3b70a36fdb6c1938757079553418d55d6f73c,2023-11-28T19:52:33.241000,received,kaspa:qypl6a6nm0hqlpqz5k628yrc59vl9gpx5ulqwxsr36pua75u9gevxhgq8nrc0km,20000000,
