tx_id,timestamp,direction,peer_address,amount_sompi,cex_label
794892b181fc635eab4d4806c5e11f19aff68e71b7559d6daf087a9bc6b60dc1,2023-12-16T04:05:48.641000,sent,kaspa:qzslgwenzu78t6tldlng383g7ruu4enaljmnkgaulyrscjp7ldt26x8gfxck5,171940000,
794892b181fc635eab4d4806c5e11f19aff68e71b7559d6daf087a9bc6b60dc1,2023-12-16T04:05:48.641000,sent,kaspa:qzslgwenzu78t6tldlng383g7ruu4enaljmnkgaulyrscjp7ldt26x8gfxck5,171940000,
02f4d5c9f0883b02852ded6e8a3401328efd726ab9008d53ca9cd2728c9905fe,2023-12-12T01:26:36.538000,received,kaspa:qypswxtcrv4ssyjaswy5w9387vq73mkuyq85tl34cee6qn5uexqy0csgnafnjx7,171000000,
bfde1263c677a865ef3ee6a36c5dc09d11370c3f4700d263d3e1f50cf8f1d2e3,2023-11-27T16:20:34.825000,sent,kaspa:qyp0hcwuuhd99fwe5gzwu5kwg99senszvfjcxzufs96ra0wcq7azlxqtsz4p6kd,18000000,
4c6745021ecf164d887b98fb3aad05549347f4f7d062ed5b07ed11675ca2791d,2023-11-27T15:57:13.656000,received,kaspa:qpdey2edmc9jv748tf7cm5kzdqmvw5jv73p2htah8g3mu4x8amu0qylp5xc8q,19000000,
