tx_id,timestamp,direction,peer_address,amount_sompi,cex_label
085e6c6f91c3f19ab95a1fc5c1f7141c92ea6b0720dfa8ebb47d33feaf289ab9,2023-12-19T03:24:25.263000,sent,kaspa:qrkaxvl2tw6pq6zx9xrr9lqnt9x72upf0hsrp3cvgcmfz77m50ycua35nz200,172970000,
085e6c6f91c3f19ab95a1fc5c1f7141c92ea6b0720dfa8ebb47d33feaf289ab9,2023-12-19T03:24:25.263000,sent,kaspa:qrkaxvl2tw6pq6zx9xrr9lqnt9x72upf0hsrp3cvgcmfz77m50ycua35nz200,172970000,
3bc9918c7002778217d3c7dfe75c11d9382c940c75a456f43062c1907027eb30,2023-12-12T19:02:48.402000,received,kaspa:qypswxtcrv4ssyjaswy5w9387vq73mkuyq85tl34cee6qn5uexqy0csgnafnjx7,171000000,
fbe25395daddfaab50591fd22eb0580f6f8519e7dbeb44667167565b76fa2c83,2023-11-29T08:21:24.558000,sent,kaspa:qyphd3emhjpy44n84a8pwstkxk527dgt8hpfmf3vgpsdt54mast52qq7yrcjftw,18000000,
d03bb8ffe5561a5f3184f46fa6e1a38d60c480a68cf2318e98da1dd82d333090,2023-11-28T10:37:32.460000,received,kaspa:qqznwldxz9z3hrkn0spq9uwtvlg976ansswtf6l3267fclddeucwvyyusw87s,20000000,
