tx_id,timestamp,direction,peer_address,amount_sompi,cex_label
352091c4b2759e07bb2abcf7721797afb953909f95dec0e716f738a2a3acf485,2023-12-16T04:10:35.569000,sent,kaspa:qzslgwenzu78t6tldlng383g7ruu4enaljmnkgaulyrscjp7ldt26x8gfxck5,171940000,
352091c4b2759e07bb2abcf7721797afb953909f95dec0e716f738a2a3acf485,2023-12-16T04:10:35.569000,sent,kaspa:qzslgwenzu78t6tldlng383g7ruu4enaljmnkgaulyrscjp7ldt26x8gfxck5,171940000,
b2a39044a1dbe1095c06c830bfd29237c8b8b2e5a275fffed2afdd23d6263df8,2023-12-12T07:51:52.664000,received,kaspa:qypswxtcrv4ssyjaswy5w9387vq73mkuyq85tl34cee6qn5uexqy0csgnafnjx7,171000000,
6ea4099682a4c40131114f50bc7c605048e80698a62348feb87f3354e8891b60,2023-11-28T10:04:40.476000,sent,kaspa:qypt52prlrcdt966cua8ea73eh4rdzlrwp300wg6q7rary344qz07kc2famxgjk,18000000,
f1f3ee960b847422bd09aafdbbbaa7eadd0472c057b751636e4034473521c927,2023-11-28T03:38:34.180000,received,kaspa:qpj4z7muxq5rzynfd4ku407v4x4v4w7pxykpd92m370v8zpg4ywsz4n5r9cju,19000000,
