tx_id,timestamp,direction,peer_address,amount_sompi,cex_label
fe238f7373b807ec822cab0d0cb4ab1a1835bca2d1abf5c1ac402d95e686b876,2024-01-25T02:57:43.350000,sent,kaspa:qpjunp39ssazf4rzfxxu0hd35xggfxn6lq0ls9u9q6peevzcmcv4xmv9q4njd,87999092261,
fe238f7373b807ec822cab0d0cb4ab1a1835bca2d1abf5c1ac402d95e686b876,2024-01-25T02:57:43.350000,sent,kaspa:qpjunp39ssazf4rzfxxu0hd35xggfxn6lq0ls9u9q6peevzcmcv4xmv9q4njd,87999092261,
b00715935e075acc8bb5c852522f06a988a028814cf5c7dfeb10c03889ecc07a,2023-12-23T13:36:05.979000,received,kaspa:qqwvnkp47wsj6n4hkdlgj8dsauyx0xvefunnwvvsmpq2udd0ka8ckmpuqw3k5,1000000000,
50b7c0bcaa076b90c997c2e869d3943eb41e0d7225e22bd130d9883672ccf98f,2023-12-23T12:37:53.394000,received,kaspa:qqwvnkp47wsj6n4hkdlgj8dsauyx0xvefunnwvvsmpq2udd0ka8ckmpuqw3k5,1000000000,
50b7c0bcaa076b90c997c2e869d3943eb41e0d7225e22bd130d9883672ccf98f,2023-12-23T12:37:53.394000,received,kaspa:qqwvnkp47wsj6n4hkdlgj8dsauyx0xvefunnwvvsmpq2udd0ka8ckmpuqw3k5,1000000000,
50b7c0bcaa076b90c997c2e869d3943eb41e0d7225e22bd130d9883672ccf98f,2023-12-23T12:37:53.394000,received,kaspa:qqwvnkp47wsj6n4hkdlgj8dsauyx0xvefunnwvvsmpq2udd0ka8ckmpuqw3k5,1000000000,
