tx_id,timestamp,direction,peer_address,amount_sompi,cex_label
742d4a9c439bce8ad6412f754da1a875983c1c9e219b8e9fe508c16e6d82431e,2023-12-20T15:25:14.748000,sent,kaspa:qpsuvw0lgzpzkxvz5aad22h8kzd645jrnznz6tlrxdsalkypey2jyjeeakgr4,6072828095629,
742d4a9c439bce8ad6412f754da1a875983c1c9e219b8e9fe508c16e6d82431e,2023-12-20T15:25:14.748000,sent,kaspa:qp253aggqxlk0mhfqw3ntrjdpmp6rdftslr78kau4j7lprcna6u57myd83hms,59621,
74e269a864ed4265f6093874629a3dbbb7be61f8467813ff3b2e25f6fc5ddefe,2023-12-20T14:52:22.985000,received,kaspa:qz7ejyu3hdj6sdgq75vx36w2j79jewhg5n9mq59p3f2xz922skvjcklnh3zej,1678559500800,
74e269a864ed4265f6093874629a3dbbb7be61f8467813ff3b2e25f6fc5ddefe,2023-12-20T14:52:22.985000,received,kaspa:qrf6smdccwt5ye8jnzjv3jjgzlnefh9uja8tpncrnuzu9pxuvhnsuewhqlk94,1678559500800,
74e269a864ed4265f6093874629a3dbbb7be61f8467813ff3b2e25f6fc5ddefe,2023-12-20T14:52:22.985000,received,kaspa:qpledjm2nw5cf7pumwsyc6nlhupq3fa5ve2n0syd8x54rty2xuz9jml0ddp85,1678559500800,
74e269a864ed4265f6093874629a3dbbb7be61f8467813ff3b2e25f6fc5ddefe,2023-12-20T14:52:22.985000,received,kaspa:qrpz6epnu5k38d9jjc3khqrtxmk2tusntd8u8andqdw4xlek8g47sd63vt70p,1678559500800,
74e269a864ed4265f6093874629a3dbbb7be61f8467813ff3b2e25f6fc5ddefe,2023-12-20T14:52:22.985000,received,kaspa:qq3jd9qyu98xd763yrrm9fkc7yfq9x9zwh9v5qsu75r0v360qmey2a69cml2g,1678559500800,
1a4c5f808ae13f6a7cbbe21aab66eaaf547dc6d708bb0568c86a79a8e765c3aa,2023-11-11T03:49:52.815000,sent,kaspa:qrjgnmexg66sh7e65eqk7vxah07dr99ud2m9krekhg8qw8pme5f5qf3pll4e3,994649995629,
1a4c5f808ae13f6a7cbbe21aab66eaaf547dc6d708bb0568c86a79a8e765c3aa,2023-11-11T03:49:52.815000,sent,kaspa:qp253aggqxlk0mhfqw3ntrjdpmp6rdftslr78kau4j7lprcna6u57myd83hms,52101531,
2222db24cdc989dfa22a48f25d3931c818e76f467177e5277dc71e3293d2488a,2023-11-11T03:42:21.361000,received,kaspa:qpffqqr3n88yphhctxkjwwgrcejy9u6f2jr805rc96fjddyetwgqk5sf8nexj,956436895600,
