tx_id,timestamp,direction,peer_address,amount_sompi,cex_label
63e8940c7ffcb85c2083abb6cabc8c00b54e644482d701568320f8afdb4345a3,2023-12-07T11:16:14.513000,sent,kaspa:qpsjm3z605t5d09mpac4nudz4ptvffyyru035mlkhcuhuqc2lxgrj2z42gn5c,70884300000000,
63e8940c7ffcb85c2083abb6cabc8c00b54e644482d701568320f8afdb4345a3,2023-12-07T11:16:14.513000,sent,kaspa:qq4rz2ktq2tvxtlw28vchyt4g2k4pjcvq02dsnc4spnfq4xnndz775m86vq9z,90316306,
63e8940c7ffcb85c2083abb6cabc8c00b54e644482d701568320f8afdb4345a3,2023-12-07T11:16:14.513000,sent,kaspa:qpsjm3z605t5d09mpac4nudz4ptvffyyru035mlkhcuhuqc2lxgrj2z42gn5c,70884300000000,
63e8940c7ffcb85c2083abb6cabc8c00b54e644482d701568320f8afdb4345a3,2023-12-07T11:16:14.513000,sent,kaspa:qq4rz2ktq2tvxtlw28vchyt4g2k4pjcvq02dsnc4spnfq4xnndz775m86vq9z,90316306,
1cf68683d9db02d4c25733b6a1d5e908892f8c9d25f3acb3c153986069bc43d6,2023-12-07T11:03:27.674000,received,kaspa:qrelgny7sr3vahq69yykxx36m65gvmhryxrlwngfzgu8xkdslum2yxjp3ap8m,7961506740000,Gate.io
ac88e02c97de696061a745e00896142fd519e8db4293c855cb8706a9919260bf,2023-12-07T10:58:34.503000,received,kaspa:qrelgny7sr3vahq69yykxx36m65gvmhryxrlwngfzgu8xkdslum2yxjp3ap8m,22196721950000,Gate.io
