tx_id,timestamp,direction,peer_address,amount_sompi,cex_label
7d5d34d47e67fbfdaff2d339306b569472d15206eee0b45212caff46fdf30057,2024-02-08T15:12:52.124000,sent,kaspa:qqnqv3rvnctfyrjteurqm0gmqfu7yjg3949yxpyxxfa4rgm9nt2zxauwq8xvs,910000000000,
7d5d34d47e67fbfdaff2d339306b569472d15206eee0b45212caff46fdf30057,2024-02-08T15:12:52.124000,sent,kaspa:qrlt7024ssrq0re8syhm2mxjc69snkfff3lh20n0j2ek9lh7jz45qzu2a0pj8,17681690836,
fce06f7b15e8f3b17b9b6b800c8aa757e555c7217c9e918f949be85698497390,2024-02-08T14:30:08.737000,received,kaspa:qpj28udds6lq5wvs7zfasn7wtrkd9rd7dm285atqdd5fgha3jf5q6schj7vhx,17681694056,
fce06f7b15e8f3b17b9b6b800c8aa757e555c7217c9e918f949be85698497390,2024-02-08T14:30:08.737000,received,kaspa:qr26rj66v8jceaxp0g7kjrhg5utd4422ydjwkjak54cy25e8s22tz0r5nvuph,17681694056,
