tx_id,timestamp,direction,peer_address,amount_sompi,cex_label
664084cdc43f17f86df485d47297635502f88850597c8bb18b80d4f4d417bfc8,2024-01-31T12:07:31.308000,sent,kaspa:qzl3qvd0sxf2a3xc2jzf8hvvm4w4ma68m2hs0vl4pnllnwqxuvzece9xhnsk8,43888372103,
664084cdc43f17f86df485d47297635502f88850597c8bb18b80d4f4d417bfc8,2024-01-31T12:07:31.308000,sent,kaspa:qz9evwgjg0gk8rn3kp5jwm7vk4j6ve4cu35eax4rtr3pum3dqpmlq5dhggyqp,2876238166,
dc53a0f9fbfa8ae0b053479081aeecb1c3e3efac04080b37b558962014a6835e,2024-01-03T20:11:03.040000,received,kaspa:qqxurmm26zs7zvcztnd4t9geudgg8phymhf3srqp8p37r8e2wd4yv7vrlp4xr,7342558736,
dc53a0f9fbfa8ae0b053479081aeecb1c3e3efac04080b37b558962014a6835e,2024-01-03T20:11:03.040000,received,kaspa:qqxurmm26zs7zvcztnd4t9geudgg8phymhf3srqp8p37r8e2wd4yv7vrlp4xr,7342558736,
dc53a0f9fbfa8ae0b053479081aeecb1c3e3efac04080b37b558962014a6835e,2024-01-03T20:11:03.040000,received,kaspa:qr6s2ft7m30uf8lq9djvz6jqna07rfwtaec7lswnrx0kj6kgtjlrqtqn2c0f0,7342558736,
dc53a0f9fbfa8ae0b053479081aeecb1c3e3efac04080b37b558962014a6835e,2024-01-03T20:11:03.040000,received,kaspa:qp4crtznzqmwlqcjmv9tchj22kddkmkehcc49xay9rt4w0sqn9sdkqax77zej,7342558736,
dc53a0f9fbfa8ae0b053479081aeecb1c3e3efac04080b37b558962014a6835e,2024-01-03T20:11:03.040000,received,kaspa:qqxurmm26zs7zvcztnd4t9geudgg8phymhf3srqp8p37r8e2wd4yv7vrlp4xr,7342558736,
dc53a0f9fbfa8ae0b053479081aeecb1c3e3efac04080b37b558962014a6835e,2024-01-03T20:11:03.040000,received,kaspa:qrxmecycs99rnf62p4jkd6f8d05hvjr97dzr47lzsnpr0qln370cx9cw9qhx3,7342558736,
dc53a0f9fbfa8ae0b053479081aeecb1c3e3efac04080b37b558962014a6835e,2024-01-03T20:11:03.040000,received,kaspa:qzm4x43p22pv0zslwas7jwr24jkfjc483qmq808v2zuhltl4r53pu57a3uug9,7342558736,
dc53a0f9fbfa8ae0b053479081aeecb1c3e3efac04080b37b558962014a6835e,2024-01-03T20:11:03.040000,received,kaspa:qqxurmm26zs7zvcztnd4t9geudgg8phymhf3srqp8p37r8e2wd4yv7vrlp4xr,7342558736,
dc53a0f9fbfa8ae0b053479081aeecb1c3e3efac04080b37b558962014a6835e,2024-01-03T20:11:03.040000,received,kaspa:qr49wdq33x9qt4zs458l58hw46tksttwklw4nnc7n326vas88axvsudfmg48f,7342558736,
dc53a0f9fbfa8ae0b053479081aeecb1c3e3efac04080b37b558962014a6835e,2024-01-03T20:11:03.040000,received,kaspa:qzjf3vaacmxz5cfzr8aulk8vyae9uzg72j6rdqv3xehxdmjcxxrkjt4ne99ca,7342558736,
dc53a0f9fbfa8ae0b053479081aeecb1c3e3efac04080b37b558962014a6835e,2024-01-03T20:11:03.040000,received,kaspa:qzfhmjnal68r0hj3wkar09940ktfd843f7pz7wuh8ke5txrn3gaqup87hkteh,7342558736,
