tx_id,timestamp,direction,peer_address,amount_sompi,cex_label
2f54818f3b95f66ae7ed6f6c439471ee87792aa091177f8b80228849332493af,2023-12-16T05:15:08.052000,sent,kaspa:qzslgwenzu78t6tldlng383g7ruu4enaljmnkgaulyrscjp7ldt26x8gfxck5,171940000,
2f54818f3b95f66ae7ed6f6c439471ee87792aa091177f8b80228849332493af,2023-12-16T05:15:08.052000,sent,kaspa:qzslgwenzu78t6tldlng383g7ruu4enaljmnkgaulyrscjp7ldt26x8gfxck5,171940000,
3069fd4f41620fcee3457fc10a36ed9e121a86d749af9cb826db76fa04b11999,2023-12-13T04:26:39.368000,received,kaspa:qypswxtcrv4ssyjaswy5w9387vq73mkuyq85tl34cee6qn5uexqy0csgnafnjx7,171000000,
8f5cbeb5c86ab5482d24e24ba6905368fba9bade3ea177ac811f5e3c49a6d9f8,2023-11-29T19:40:22.751000,sent,kaspa:qyp4z7u8zmzg27w3ymswlph8u9s92ausvg7px4nuwwkzl8wl9tdk4tqu0de6ju0,18000000,
da58ecdfca27450f42996188ad18fae7412f62ca1064ead848c6077e13206460,2023-11-28T22:15:45.297000,received,kaspa:qpzwgfxxerkaexvudhula82mzdutl5kqg80ehnhlzfh56n9gwfqgwgyn0m3fd,19000000,
