tx_id,timestamp,direction,peer_address,amount_sompi,cex_label
18be8fe28d67780105687a1564e57f8d57f3c2e32a799e117079c7da52f754a4,2023-12-16T04:49:23.097000,sent,kaspa:qzslgwenzu78t6tldlng383g7ruu4enaljmnkgaulyrscjp7ldt26x8gfxck5,171940000,
18be8fe28d67780105687a1564e57f8d57f3c2e32a799e117079c7da52f754a4,2023-12-16T04:49:23.097000,sent,kaspa:qzslgwenzu78t6tldlng383g7ruu4enaljmnkgaulyrscjp7ldt26x8gfxck5,171940000,
bdb6669c3c60e328d46c8a5245b171b2cca5b5750ce5eda61f74d16ee85f6f70,2023-12-12T13:52:16.305000,received,kaspa:qypswxtcrv4ssyjaswy5w9387vq73mkuyq85tl34cee6qn5uexqy0csgnafnjx7,171000000,
3c091eef1672efb05a2e80e030c1a712236c241e8a5f45d643473c6cb7c8a4b0,2023-11-28T19:22:31.531000,sent,kaspa:qypk84r2ghc3zym0ylqplk8jma8e6gutwrva2cg4cz3juyuhp3uphsq0zpcpg7x,18000000,
383914c131bbed546fb9071cd74999bff29abba5e1109a795ed3c9a98859cec6,2023-11-28T16:24:58.332000,received,kaspa:qpelmscywk22ut5c7zmwt0vu96jveg9mwrdcwcx644t0yj9efvkl7kek7gc24,19000000,
