tx_id,timestamp,direction,peer_address,amount_sompi,cex_label
0acb612e6f679c912617221cb2fb619075dc5d355582b81d09e6b7e817da9692,2025-02-16T19:14:38.180000,sent,kaspa:qrvum29vk365g0zcd5gx3c7h829etfq2ytdmscjzw4zw04fjfnprcg9c3tges,49051349849406,
4eadc6d4ff8ea6f38cb43c269c578929ecd1726aba707c0804b4530cac96eb08,2024-06-03T13:55:56.934000,received,kaspa:qp3v0cyrupmphuq7tcs94wf8he7wujmukms7k2ugvdz2pmzkshrzwnjz09m7y,2999900000000,
a689065b98c99eef752f198ff80505af5966a6229ca81e7fa72bece02b018e3e,2023-11-19T15:04:17.977000,received,kaspa:qypcrx5gzjh8j06c82dehkufzpys339knja3z33jzm9en7mmwlfx4ts46umdtm3,680100000000,
a689065b98c99eef752f198ff80505af5966a6229ca81e7fa72bece02b018e3e,2023-11-19T15:04:17.977000,received,kaspa:qypcrx5gzjh8j06c82dehkufzpys339knja3z33jzm9en7mmwlfx4ts46umdtm3,680100000000,
a689065b98c99eef752f198ff80505af5966a6229ca81e7fa72bece02b018e3e,2023-11-19T15:04:17.977000,received,kaspa:qypcrx5gzjh8j06c82dehkufzpys339knja3z33jzm9en7mmwlfx4ts46umdtm3,680100000000,
a689065b98c99eef752f198ff80505af5966a6229ca81e7fa72bece02b018e3e,2023-11-19T15:04:17.977000,received,kaspa:qypcrx5gzjh8j06c82dehkufzpys339knja3z33jzm9en7mmwlfx4ts46umdtm3,680100000000,
a689065b98c99eef752f198ff80505af5966a6229ca81e7fa72bece02b018e3e,2023-11-19T15:04:17.977000,received,kaspa:qypcrx5gzjh8j06c82dehkufzpys339knja3z33jzm9en7mmwlfx4ts46umdtm3,680100000000,
