tx_id,timestamp,direction,peer_address,amount_sompi,cex_label
22630929d26703e07ff07d27c86e10270a9c8a548774a2a1927d5d99edd8b796,2024-05-18T18:03:07.282000,sent,kaspa:qrf46klp3ud5d7m4cuxcs6uqmf2jq5emt9dxg2736mgyq40rzp0xvjh9alwyt,40000000000,
22630929d26703e07ff07d27c86e10270a9c8a548774a2a1927d5d99edd8b796,2024-05-18T18:03:07.282000,sent,kaspa:qq4gnmj9g9clwn9n9jrdlr5v2djhklkvt3m5p7acvm6vlgs25tccqg85svfdm,4355480000,
7287b656c4a033982fbb29d9cea7076f906594fe2ea7307a80a58d97b4c98773,2024-03-23T14:28:40.316000,received,kaspa:qrhpxkc6f0yxcf7kudzhu6squptphl7pwfnjqgz969udyl8h0ay8s4fdxkhge,9000000000,
7287b656c4a033982fbb29d9cea7076f906594fe2ea7307a80a58d97b4c98773,2024-03-23T14:28:40.316000,received,kaspa:qzpugr54p5lvfuy4a4e7qkltpd59nql790atldcpurea7rmkvy962n5dmde2t,9000000000,
7287b656c4a033982fbb29d9cea7076f906594fe2ea7307a80a58d97b4c98773,2024-03-23T14:28:40.316000,received,kaspa:qzghnfp4dmdz75zcnl36qw3lcjsufu6hlyd5mzevvfsgzwxwlzafkcar7vmte,9000000000,
