tx_id,timestamp,direction,peer_address,amount_sompi,cex_label
0cc80d95296d3c7280bde5b46f5ad457038ddf6344337612660a91441eeb98e4,2023-12-31T10:55:49.834000,sent,kaspa:qqgp5kt2hvjtry9kwvzcvwg994agyx0lnaq0sp38cxav3unfhhaukz2sgjmw6,270000000000,
0cc80d95296d3c7280bde5b46f5ad457038ddf6344337612660a91441eeb98e4,2023-12-31T10:55:49.834000,sent,kaspa:qza6m3372wk4ums8c3zqvh05qe5ns8ce3z5dee23nw7mgjh0w2a5wwxzgmw6j,17477550828,
aa750dcbf1a4c7fbcd00cfa8a7078a0fece9e2bd95b1d584a25d2a21f9a05fdc,2023-12-30T07:27:38.917000,received,kaspa:qqwvnkp47wsj6n4hkdlgj8dsauyx0xvefunnwvvsmpq2udd0ka8ckmpuqw3k5,287477560828,
aa750dcbf1a4c7fbcd00cfa8a7078a0fece9e2bd95b1d584a25d2a21f9a05fdc,2023-12-30T07:27:38.917000,received,kaspa:qqwvnkp47wsj6n4hkdlgj8dsauyx0xvefunnwvvsmpq2udd0ka8ckmpuqw3k5,287477560828,
aa750dcbf1a4c7fbcd00cfa8a7078a0fece9e2bd95b1d584a25d2a21f9a05fdc,2023-12-30T07:27:38.917000,received,kaspa:qqwvnkp47wsj6n4hkdlgj8dsauyx0xvefunnwvvsmpq2udd0ka8ckmpuqw3k5,287477560828,
aa750dcbf1a4c7fbcd00cfa8a7078a0fece9e2bd95b1d584a25d2a21f9a05fdc,2023-12-30T07:27:38.917000,received,kaspa:qqwvnkp47wsj6n4hkdlgj8dsauyx0xvefunnwvvsmpq2udd0ka8ckmpuqw3k5,287477560828,
aa750dcbf1a4c7fbcd00cfa8a7078a0fece9e2bd95b1d584a25d2a21f9a05fdc,2023-12-30T07:27:38.917000,received,kaspa:qqwvnkp47wsj6n4hkdlgj8dsauyx0xvefunnwvvsmpq2udd0ka8ckmpuqw3k5,287477560828,
aa750dcbf1a4c7fbcd00cfa8a7078a0fece9e2bd95b1d584a25d2a21f9a05fdc,2023-12-30T07:27:38.917000,received,kaspa:qqwvnkp47wsj6n4hkdlgj8dsauyx0xvefunnwvvsmpq2udd0ka8ckmpuqw3k5,287477560828,
