tx_id,timestamp,direction,peer_address,amount_sompi,cex_label
114d9d5983a599ef08f4dcaa7b10a711c51f425a80ecdd2004b185facd6fe368,2023-12-16T03:12:44.970000,sent,kaspa:qzslgwenzu78t6tldlng383g7ruu4enaljmnkgaulyrscjp7ldt26x8gfxck5,171940000,
114d9d5983a599ef08f4dcaa7b10a711c51f425a80ecdd2004b185facd6fe368,2023-12-16T03:12:44.970000,sent,kaspa:qzslgwenzu78t6tldlng383g7ruu4enaljmnkgaulyrscjp7ldt26x8gfxck5,171940000,
e3f8679b6f4bcf2b19f5b09d6b662b37605e9a76b84a38a65ca802034e5f5628,2023-12-11T23:17:33.177000,received,kaspa:qypswxtcrv4ssyjaswy5w9387vq73mkuyq85tl34cee6qn5uexqy0csgnafnjx7,171000000,
df1ee104d09e5b9d0e2e453905465daa81cda7532df56d1e4dfe8460ae594856,2023-11-27T13:25:42.854000,sent,kaspa:qypsfwd9ayhv4ksfqhtl3n3uk8kc2smvhemgx0wc43lujhwhnesu9zg7ux4rul0,18000000,
4409b62819df84da47db905835290eb06f37a657f1c0b9a86a65a28a42aa9d8e,2023-11-27T01:29:36.969000,received,kaspa:qpe7n3hm27lszp3hh5974245t8a0mvahp6q820e44vs29sl0xljpg8f42mmlf,19000000,
