tx_id,timestamp,direction,peer_address,amount_sompi,cex_label
0ce9eba71131449f751e1c485e66fc353ff92a2329e217a2bea23b8391a32439,2024-03-16T10:43:15.131000,sent,kaspa:qrljgsw9crp869nysdvh76xpey93va78e23jcvtyyjushxh0qynn56lhc4hjw,172980000,
0ce9eba71131449f751e1c485e66fc353ff92a2329e217a2bea23b8391a32439,2024-03-16T10:43:15.131000,sent,kaspa:qrljgsw9crp869nysdvh76xpey93va78e23jcvtyyjushxh0qynn56lhc4hjw,172980000,
7d93ee515043a4d6063240bfc771cd7efbc85774f2edf40ea189554a29443ac6,2023-12-12T14:33:09.684000,received,kaspa:qypswxtcrv4ssyjaswy5w9387vq73mkuyq85tl34cee6qn5uexqy0csgnafnjx7,171000000,
bf9cffd4e6432b49854df5474de1ed307d94e61b96f3a000b2861a86d0d0443e,2023-11-28T23:41:09.615000,sent,kaspa:qypgmgjgkfqwq7jltm8k8hmwj3ty2clmupt6htguszdvjta9t6m82dgkzsn5fhj,18000000,
35db2bc7a289a496406e8c90988072ceefeeb29361190cedbe153e8c2f902709,2023-11-28T23:06:24.661000,received,kaspa:qq26xhf9jc62g0n8wlazdzc3jpw8jymyhns4uwr0r3l2xc4p5m3jwc65yuc7m,20000000,
