tx_id,timestamp,direction,peer_address,amount_sompi,cex_label
bdbbdb03b37afd6474ed2d2de18688a662653604a3a454da7fc0b16ef0758720,2024-07-31T00:06:46.945000,sent,kaspa:qq9zagcza4jt76eev9jl5z0nqhe0thcu7js8larktj4sle7lvgnw7sfcewlty,3200000000,
bdbbdb03b37afd6474ed2d2de18688a662653604a3a454da7fc0b16ef0758720,2024-07-31T00:06:46.945000,sent,kaspa:qq9zagcza4jt76eev9jl5z0nqhe0thcu7js8larktj4sle7lvgnw7sfcewlty,3200000000,
e6be0fcdba4a6640d2465d581893430ee2952bc05e8dc1ba6693049ae127c9e4,2024-07-31T00:02:09.222000,received,kaspa:qrvum29vk365g0zcd5gx3c7h829etfq2ytdmscjzw4zw04fjfnprcg9c3tges,2000000000,
afc40fdaaef7880c05a44352831c231af4640558fa022eaac9e92cdbb42e2585,2024-07-30T23:44:38.723000,received,kaspa:qrvum29vk365g0zcd5gx3c7h829etfq2ytdmscjzw4zw04fjfnprcg9c3tges,1500000000,
