tx_id,timestamp,direction,peer_address,amount_sompi,cex_label
900fe3dda7b4cd1f881aa1d77f3bff345416da5779561ee71702a2473d2d20cd,2023-12-24T22:55:17.250000,sent,kaspa:qqn7up95skfy5t33gf3hgl7wv0mxjvtyvrza4ewxxhsh95ae7n4vzs4trq3ks,14534945046,
cefe56e847e9e16f605ee84dd3993c03aceae0a52f1d17baa3e911798a2d31a0,2023-12-12T20:00:05.094000,received,kaspa:qypswxtcrv4ssyjaswy5w9387vq73mkuyq85tl34cee6qn5uexqy0csgnafnjx7,171000000,
09a90edb5270199f5aebe5930ba9519b81ce5372f66f66530a0465047a26577f,2023-11-29T10:20:05.033000,sent,kaspa:qyp0rlsmlpwzawy52k34uzur2whjsjjc8dzysqm6gw3el4r4rthsufsw8vux5a7,18000000,
09a90edb5270199f5aebe5930ba9519b81ce5372f66f66530a0465047a26577f,2023-11-29T10:20:05.033000,sent,kaspa:qr3j2pwtpm3uqq92ar09tlsvsf8j5ak728xeva9pvnw7xvkqy5xjqzqmnag3m,3772646922,
cae1061f3ae5b42274d06076686f0d41bd14a9986eca7fd8c07ffedc06ea62fc,2023-11-29T10:11:02.593000,received,kaspa:qpl05vy4er82ndw8xtl9a0eh44486amyt39l8heaexdhjwsaz9jncnkh6qrp8,3790649002,
