tx_id,timestamp,direction,peer_address,amount_sompi,cex_label
63e8940c7ffcb85c2083abb6cabc8c00b54e644482d701568320f8afdb4345a3,2023-12-07T11:16:14.513000,sent,kaspa:qpsjm3z605t5d09mpac4nudz4ptvffyyru035mlkhcuhuqc2lxgrj2z42gn5c,70884300000000,
63e8940c7ffcb85c2083abb6cabc8c00b54e644482d701568320f8afdb4345a3,2023-12-07T11:16:14.513000,sent,kaspa:qq4rz2ktq2tvxtlw28vchyt4g2k4pjcvq02dsnc4spnfq4xnndz775m86vq9z,90316306,
c21cae268b1829f78569d177b1c4d5ca11eb1ac661bd2db4350b76adb6284caf,2023-12-07T11:11:04.844000,received,kaspa:qqywx2wszmnrsu0mzgav85rdwvzangfpdj9j3ady9jpr7hu4u8c2wl9wqgd6j,40726132100000,
c21cae268b1829f78569d177b1c4d5ca11eb1ac661bd2db4350b76adb6284caf,2023-12-07T11:11:04.844000,received,kaspa:qqywx2wszmnrsu0mzgav85rdwvzangfpdj9j3ady9jpr7hu4u8c2wl9wqgd6j,40726132100000,
c21cae268b1829f78569d177b1c4d5ca11eb1ac661bd2db4350b76adb6284caf,2023-12-07T11:11:04.844000,received,kaspa:qqywx2wszmnrsu0mzgav85rdwvzangfpdj9j3ady9jpr7hu4u8c2wl9wqgd6j,40726132100000,
c21cae268b1829f78569d177b1c4d5ca11eb1ac661bd2db4350b76adb6284caf,2023-12-07T11:11:04.844000,received,kaspa:qqywx2wszmnrsu0mzgav85rdwvzangfpdj9j3ady9jpr7hu4u8c2wl9wqgd6j,40726132100000,
c21cae268b1829f78569d177b1c4d5ca11eb1ac661bd2db4350b76adb6284caf,2023-12-07T11:11:04.844000,received,kaspa:qqywx2wszmnrsu0mzgav85rdwvzangfpdj9j3ady9jpr7hu4u8c2wl9wqgd6j,40726132100000,
