tx_id,timestamp,direction,peer_address,amount_sompi,cex_label
b251b95065d628fe5ba4a10146ed337e8a4351b6ffce9a8ed17512ced54496f2,2024-11-18T13:30:02.735000,sent,kaspa:qqnqv3rvnctfyrjteurqm0gmqfu7yjg3949yxpyxxfa4rgm9nt2zxauwq8xvs,800000000000,
b251b95065d628fe5ba4a10146ed337e8a4351b6ffce9a8ed17512ced54496f2,2024-11-18T13:30:02.735000,sent,kaspa:qq2gpa2d787n6ayz346pdxkvkgtekw2s74tkm4fn578zdnsuevf6cadkc665f,9015581371,
ab3ed8414913560df4fe1686935d908a7d6dcfc4b51ff03576408021de97715a,2024-11-18T13:27:03.313000,received,kaspa:qzgtduqyccg66ms6crgpgnnn802c7drpevy4fsq8069lpzhdwfxhy4079jsrp,199587863530,
ab3ed8414913560df4fe1686935d908a7d6dcfc4b51ff03576408021de97715a,2024-11-18T13:27:03.313000,received,kaspa:qzgtduqyccg66ms6crgpgnnn802c7drpevy4fsq8069lpzhdwfxhy4079jsrp,199587863530,
