tx_id,timestamp,direction,peer_address,amount_sompi,cex_label
be50cfe8159ea97f09d972e37e8da53fe3c73627f6cdeca73022e0b4054b44e9,2024-01-15T21:36:58.361000,sent,kaspa:qqwvnkp47wsj6n4hkdlgj8dsauyx0xvefunnwvvsmpq2udd0ka8ckmpuqw3k5,827397436006,
8ad0d674f864b1bd3cf3f66f4579c69427d553f926514df5b532aa8853eead75,2024-01-15T16:53:21.924000,sent,kaspa:qqwvnkp47wsj6n4hkdlgj8dsauyx0xvefunnwvvsmpq2udd0ka8ckmpuqw3k5,4500000000000,
70d62059b2510ca9268082191a0c97fdabf2406c760f36ac91d273d874e4d1b4,2023-12-28T10:01:32.714000,sent,kaspa:qqwvnkp47wsj6n4hkdlgj8dsauyx0xvefunnwvvsmpq2udd0ka8ckmpuqw3k5,500000000000,
0d9036373e19b3d98b3927c9a42dfe23e5cbb13c536726c9641b90ab1fbdfbe6,2023-12-13T17:19:57.027000,sent,kaspa:qqwvnkp47wsj6n4hkdlgj8dsauyx0xvefunnwvvsmpq2udd0ka8ckmpuqw3k5,1000000000000,
1af9715ade775a3184de2aff777a7dba2b566ef5c55765111b6d2fe1a8bdbd02,2023-11-28T14:38:49.942000,sent,kaspa:qqwvnkp47wsj6n4hkdlgj8dsauyx0xvefunnwvvsmpq2udd0ka8ckmpuqw3k5,536000000000,
0713e4ee156afe913b44a527e83e70adf346fe4dc18b342019c9c369252bfb8f,2023-11-08T15:18:26.854000,sent,kaspa:qqwvnkp47wsj6n4hkdlgj8dsauyx0xvefunnwvvsmpq2udd0ka8ckmpuqw3k5,500000000000,
0713e4ee156afe913b44a527e83e70adf346fe4dc18b342019c9c369252bfb8f,2023-11-08T15:18:26.854000,sent,kaspa:qqwvnkp47wsj6n4hkdlgj8dsauyx0xvefunnwvvsmpq2udd0ka8ckmpuqw3k5,500000000000,
0713e4ee156afe913b44a527e83e70adf346fe4dc18b342019c9c369252bfb8f,2023-11-08T15:18:26.854000,sent,kaspa:qqwvnkp47wsj6n4hkdlgj8dsauyx0xvefunnwvvsmpq2udd0ka8ckmpuqw3k5,500000000000,
0713e4ee156afe913b44a527e83e70adf346fe4dc18b342019c9c369252bfb8f,2023-11-08T15:18:26.854000,sent,kaspa:qqwvnkp47wsj6n4hkdlgj8dsauyx0xvefunnwvvsmpq2udd0ka8ckmpuqw3k5,500000000000,
9307be1c3d96e69827c920d8b993b94357a8a9e511afc4051bda53896d8622e3,2023-04-07T06:19:04.006000,received,kaspa:qqetp7ct8kqss99fxmymyz5t3fezppxp0t58wl6pawp27elqd46uudme00cl0,4705353000000,
9e0c469061feab476738cb145a229ac534eb7d6eea78605de8724480fed49eea,2023-04-07T06:13:04.373000,received,kaspa:qqetp7ct8kqss99fxmymyz5t3fezppxp0t58wl6pawp27elqd46uudme00cl0,47000000000,
aace62a4cc7df86625e13a934efbdc9a7c1f1107e2d52d4d5f59e232e1a9b773,2023-04-06T16:49:58.460000,received,kaspa:qqwvnkp47wsj6n4hkdlgj8dsauyx0xvefunnwvvsmpq2udd0ka8ckmpuqw3k5,3061045036006,
8d7efbc43302c0ab2b11b076b1f85eae0096b4b588b9c37a21086a474347be8d,2023-04-06T16:47:48.427000,received,kaspa:qqwvnkp47wsj6n4hkdlgj8dsauyx0xvefunnwvvsmpq2udd0ka8ckmpuqw3k5,50000000000,
