tx_id,timestamp,direction,peer_address,amount_sompi,cex_label
a7cb23c863c9edaedb19aea209fd99b6102115b9e7d74bd2e672002f7fec1bc7,2024-12-27T22:17:35.124000,sent,kaspa:qq9krv0ve42z6j0htysna0ktdrpem7luy5scq2emaet7rqf2ql2jx0z6c0g72,3999800000000,
989240d253304deb7449922876dda7002af1132693fe319e2495ca94a2ae675d,2024-12-27T22:08:41.827000,sent,kaspa:qq9krv0ve42z6j0htysna0ktdrpem7luy5scq2emaet7rqf2ql2jx0z6c0g72,100000000,
4326457f6ae08b8ec0262a1c74fdd823a15168c6b154ce222fcd0955cb9d7cba,2024-08-05T05:27:58.008000,sent,kaspa:qq9zagcza4jt76eev9jl5z0nqhe0thcu7js8larktj4sle7lvgnw7sfcewlty,1000000000000,
a48bcbd74fc9d39b06f08ac683aea6b3f96680087e429d75070cc809cb3c5110,2024-04-21T01:30:59.929000,sent,kaspa:qq9zagcza4jt76eev9jl5z0nqhe0thcu7js8larktj4sle7lvgnw7sfcewlty,614300000000,
4588873cbbb22eb68d5af6aa01558c57c7e16ad6696bf0c6f948408a58e18314,2024-01-06T17:27:54.983000,sent,kaspa:qqwvnkp47wsj6n4hkdlgj8dsauyx0xvefunnwvvsmpq2udd0ka8ckmpuqw3k5,1385700000000,
4ab74302ded99989b396f454a303178facc5cdeb913e43aa775a1492df775ae7,2023-12-20T18:04:16.566000,sent,kaspa:qqwvnkp47wsj6n4hkdlgj8dsauyx0xvefunnwvvsmpq2udd0ka8ckmpuqw3k5,1000000000000,
25d6c3c3c77098a757beaea4898a4759fc1b243e53acd904cc15e314c76fffa7,2023-11-28T05:53:03.994000,sent,kaspa:qqwvnkp47wsj6n4hkdlgj8dsauyx0xvefunnwvvsmpq2udd0ka8ckmpuqw3k5,795600000000,
fdfaa16582c2119ff4200476be9a31b644cc7d40b7d4e870871e6bb1b1df4efe,2023-11-27T20:36:04.520000,sent,kaspa:qqwvnkp47wsj6n4hkdlgj8dsauyx0xvefunnwvvsmpq2udd0ka8ckmpuqw3k5,500000000000,
e740592184c06117b053b32f9dd0791c6bbe3696d0a973c017e29e3615f34b96,2023-11-27T20:23:05.885000,sent,kaspa:qqwvnkp47wsj6n4hkdlgj8dsauyx0xvefunnwvvsmpq2udd0ka8ckmpuqw3k5,1000000000000,
e740592184c06117b053b32f9dd0791c6bbe3696d0a973c017e29e3615f34b96,2023-11-27T20:23:05.885000,sent,kaspa:qqwvnkp47wsj6n4hkdlgj8dsauyx0xvefunnwvvsmpq2udd0ka8ckmpuqw3k5,1000000000000,
1373742d918be6322bbdb35ade3567b5f8f76735efee2f592f111b3f47cefc50,2023-10-04T22:40:04.561000,received,kaspa:qqetp7ct8kqss99fxmymyz5t3fezppxp0t58wl6pawp27elqd46uudme00cl0,10292117000000,
875936d7f91a4f454b2f81695ee5dea5465acb36433822f8e2b25b0ec8614b7f,2023-10-04T22:35:04.852000,received,kaspa:qqetp7ct8kqss99fxmymyz5t3fezppxp0t58wl6pawp27elqd46uudme00cl0,3500000000,
