tx_id,timestamp,direction,peer_address,amount_sompi,cex_label
29daa1638d5f03ea7f14aef945326884180337af3db5c9be3bb136ac0b8e1fc9,2023-12-16T05:14:42.863000,sent,kaspa:qzslgwenzu78t6tldlng383g7ruu4enaljmnkgaulyrscjp7ldt26x8gfxck5,171940000,
29daa1638d5f03ea7f14aef945326884180337af3db5c9be3bb136ac0b8e1fc9,2023-12-16T05:14:42.863000,sent,kaspa:qzslgwenzu78t6tldlng383g7ruu4enaljmnkgaulyrscjp7ldt26x8gfxck5,171940000,
fd22733d350440ae0d0db6085a4ac0e67e21836095a9eefaaabea583b80efc56,2023-12-13T05:12:52.272000,received,kaspa:qypswxtcrv4ssyjaswy5w9387vq73mkuyq85tl34cee6qn5uexqy0csgnafnjx7,171000000,
b4c2ca7f54dccd54c135c3c54d32d1392b67533d596aeef7cc6b24743c0e2c0c,2023-11-29T21:08:18.647000,sent,kaspa:qypppwp78l9s8sdlqpdgfequlua2rtk08mae6psf9hv40a43ee2w8ag6qj9uhry,18000000,
e9c8c80612aa2ced9e94a01f9e53301c8ffb36c9321aba5d3942171cb9b2b0a2,2023-11-29T02:25:08.717000,received,kaspa:qpw309ql97qqj6zc80wuq0pw64sw4n2l0jhq3lpx7amn38z4s02tj0dhumqnq,19000000,
