tx_id,timestamp,direction,peer_address,amount_sompi,cex_label
21926475dde5d0581069a7fbd2f353e813f1e0b7afbae4c1fb37793b7e62daf5,2024-05-02T05:51:06.242000,sent,kaspa:qpzpfwcsqsxhxwup26r55fd0ghqlhyugz8cp6y3wxuddc02vcxtjg75pspnwz,2000000000000,MEXC
21926475dde5d0581069a7fbd2f353e813f1e0b7afbae4c1fb37793b7e62daf5,2024-05-02T05:51:06.242000,sent,kaspa:qpjunp39ssazf4rzfxxu0hd35xggfxn6lq0ls9u9q6peevzcmcv4xmv9q4njd,20087102841594102,
e41c59a59610eab341f6ed53c89a12f6d47a9e1dcbb44e0b98ceb28eb15e8dd2,2024-05-02T05:50:05.353000,received,kaspa:qrvum29vk365g0zcd5gx3c7h829etfq2ytdmscjzw4zw04fjfnprcg9c3tges,103061413755975,
afe31c9a59b9619b4ab3b3206d1481442387f18ca5d9bd486e4e05f80ccd2f39,2024-04-05T18:11:08.663000,sent,kaspa:qpzpfwcsqsxhxwup26r55fd0ghqlhyugz8cp6y3wxuddc02vcxtjg75pspnwz,2000000000000,MEXC
afe31c9a59b9619b4ab3b3206d1481442387f18ca5d9bd486e4e05f80ccd2f39,2024-04-05T18:11:08.663000,sent,kaspa:qpjunp39ssazf4rzfxxu0hd35xggfxn6lq0ls9u9q6peevzcmcv4xmv9q4njd,20075003858275507,
a1bb85549c1984980c764ae39a19630e6a9c97bd888d44b6c8d978c17183fd9a,2024-04-05T18:10:20.480000,received,kaspa:qzuuky4xcdd2ur0u24l0drn9xjyf0d95ll25hyk9ttcz4x9wxlhrcrrm8s0a5,80000000000000,
a1bb85549c1984980c764ae39a19630e6a9c97bd888d44b6c8d978c17183fd9a,2024-04-05T18:10:20.480000,received,kaspa:qrvum29vk365g0zcd5gx3c7h829etfq2ytdmscjzw4zw04fjfnprcg9c3tges,80000000000000,
a1bb85549c1984980c764ae39a19630e6a9c97bd888d44b6c8d978c17183fd9a,2024-04-05T18:10:20.480000,received,kaspa:qrvum29vk365g0zcd5gx3c7h829etfq2ytdmscjzw4zw04fjfnprcg9c3tges,80000000000000,
a1bb85549c1984980c764ae39a19630e6a9c97bd888d44b6c8d978c17183fd9a,2024-04-05T18:10:20.480000,received,kaspa:qzkjdp8l79u4wayjjcvfvg4sdh9vhrhrdsspll6ue22qxy0mcyxkgplelkcpm,80000000000000,
2b48e7a576f93688beb89f2e9f33bc82dcafe8d60145d8e12aae320f3a7ce87a,2024-03-29T08:16:05.992000,sent,kaspa:qpzpfwcsqsxhxwup26r55fd0ghqlhyugz8cp6y3wxuddc02vcxtjg75pspnwz,2000000000000,MEXC
2b48e7a576f93688beb89f2e9f33bc82dcafe8d60145d8e12aae320f3a7ce87a,2024-03-29T08:16:05.992000,sent,kaspa:qpjunp39ssazf4rzfxxu0hd35xggfxn6lq0ls9u9q6peevzcmcv4xmv9q4njd,20116797621219148,
b48758753803ffd1ec4112ee708c00d98bbe7eb438f8cc81f28f60f67375ae37,2024-03-29T08:15:30.668000,received,kaspa:qrvum29vk365g0zcd5gx3c7h829etfq2ytdmscjzw4zw04fjfnprcg9c3tges,120000000000000,
61d845ea57f1b6d1361f4cb4f1546964fd555754ea852cc6a7fa907b3010e34f,2024-01-22T05:44:03.642000,sent,kaspa:qpjunp39ssazf4rzfxxu0hd35xggfxn6lq0ls9u9q6peevzcmcv4xmv9q4njd,424999150000,
9e324eb24932f0be7c06a81d3798cc017cbf95800613d6a4558f51a736592fef,2024-01-04T01:23:41.741000,sent,kaspa:qpzpfwcsqsxhxwup26r55fd0ghqlhyugz8cp6y3wxuddc02vcxtjg75pspnwz,2000000000000,MEXC
9e324eb24932f0be7c06a81d3798cc017cbf95800613d6a4558f51a736592fef,2024-01-04T01:23:41.741000,sent,kaspa:qpjunp39ssazf4rzfxxu0hd35xggfxn6lq0ls9u9q6peevzcmcv4xmv9q4njd,4934398872659036,
54c24f9920fbd81c50b3dca7d912d79b1783e2f5e0a482256844c28b734fcbb9,2024-01-04T01:21:44.869000,received,kaspa:qrvum29vk365g0zcd5gx3c7h829etfq2ytdmscjzw4zw04fjfnprcg9c3tges,300000000000000,
54c24f9920fbd81c50b3dca7d912d79b1783e2f5e0a482256844c28b734fcbb9,2024-01-04T01:21:44.869000,received,kaspa:qrvum29vk365g0zcd5gx3c7h829etfq2ytdmscjzw4zw04fjfnprcg9c3tges,300000000000000,
54c24f9920fbd81c50b3dca7d912d79b1783e2f5e0a482256844c28b734fcbb9,2024-01-04T01:21:44.869000,received,kaspa:qrvum29vk365g0zcd5gx3c7h829etfq2ytdmscjzw4zw04fjfnprcg9c3tges,300000000000000,
54c24f9920fbd81c50b3dca7d912d79b1783e2f5e0a482256844c28b734fcbb9,2024-01-04T01:21:44.869000,received,kaspa:qrvum29vk365g0zcd5gx3c7h829etfq2ytdmscjzw4zw04fjfnprcg9c3tges,300000000000000,
54c24f9920fbd81c50b3dca7d912d79b1783e2f5e0a482256844c28b734fcbb9,2024-01-04T01:21:44.869000,received,kaspa:qrvum29vk365g0zcd5gx3c7h829etfq2ytdmscjzw4zw04fjfnprcg9c3tges,300000000000000,
54c24f9920fbd81c50b3dca7d912d79b1783e2f5e0a482256844c28b734fcbb9,2024-01-04T01:21:44.869000,received,kaspa:qrvum29vk365g0zcd5gx3c7h829etfq2ytdmscjzw4zw04fjfnprcg9c3tges,300000000000000,
54c24f9920fbd81c50b3dca7d912d79b1783e2f5e0a482256844c28b734fcbb9,2024-01-04T01:21:44.869000,received,kaspa:qrdhucjwrrztfyp5720fps6f4ccmrcetmg8ja2clyh3y3rzzxp4jc6a0z563l,300000000000000,
9ae547e46d37dd5654aef4639ebad33c7112b6e017c57dcd0f76f2bedb13efaf,2024-01-03T22:23:38.674000,sent,kaspa:qpzpfwcsqsxhxwup26r55fd0ghqlhyugz8cp6y3wxuddc02vcxtjg75pspnwz,2000000000000,MEXC
9ae547e46d37dd5654aef4639ebad33c7112b6e017c57dcd0f76f2bedb13efaf,2024-01-03T22:23:38.674000,sent,kaspa:qpjunp39ssazf4rzfxxu0hd35xggfxn6lq0ls9u9q6peevzcmcv4xmv9q4njd,4620250285545729,
1e3de5a4598336b328b4646b04376b0bb5bf9e78396b6daece6c971ac34729f3,2024-01-03T22:21:37.290000,received,kaspa:qrvum29vk365g0zcd5gx3c7h829etfq2ytdmscjzw4zw04fjfnprcg9c3tges,350000000000000,
1e3de5a4598336b328b4646b04376b0bb5bf9e78396b6daece6c971ac34729f3,2024-01-03T22:21:37.290000,received,kaspa:qrvum29vk365g0zcd5gx3c7h829etfq2ytdmscjzw4zw04fjfnprcg9c3tges,350000000000000,
1e3de5a4598336b328b4646b04376b0bb5bf9e78396b6daece6c971ac34729f3,2024-01-03T22:21:37.290000,received,kaspa:qrvum29vk365g0zcd5gx3c7h829etfq2ytdmscjzw4zw04fjfnprcg9c3tges,350000000000000,
1e3de5a4598336b328b4646b04376b0bb5bf9e78396b6daece6c971ac34729f3,2024-01-03T22:21:37.290000,received,kaspa:qrvum29vk365g0zcd5gx3c7h829etfq2ytdmscjzw4zw04fjfnprcg9c3tges,350000000000000,
1e3de5a4598336b328b4646b04376b0bb5bf9e78396b6daece6c971ac34729f3,2024-01-03T22:21:37.290000,received,kaspa:qrdhvjrw2lm3xaaqjspqrgmn96k0fsndfxkjvgamgu0mrevxvamrqlftql03h,350000000000000,
1e3de5a4598336b328b4646b04376b0bb5bf9e78396b6daece6c971ac34729f3,2024-01-03T22:21:37.290000,received,kaspa:qrvum29vk365g0zcd5gx3c7h829etfq2ytdmscjzw4zw04fjfnprcg9c3tges,350000000000000,
1e3de5a4598336b328b4646b04376b0bb5bf9e78396b6daece6c971ac34729f3,2024-01-03T22:21:37.290000,received,kaspa:qrvum29vk365g0zcd5gx3c7h829etfq2ytdmscjzw4zw04fjfnprcg9c3tges,350000000000000,
1e3de5a4598336b328b4646b04376b0bb5bf9e78396b6daece6c971ac34729f3,2024-01-03T22:21:37.290000,received,kaspa:qrvum29vk365g0zcd5gx3c7h829etfq2ytdmscjzw4zw04fjfnprcg9c3tges,350000000000000,
1e3de5a4598336b328b4646b04376b0bb5bf9e78396b6daece6c971ac34729f3,2024-01-03T22:21:37.290000,received,kaspa:qrvum29vk365g0zcd5gx3c7h829etfq2ytdmscjzw4zw04fjfnprcg9c3tges,350000000000000,
a239394efd233a21326ab63e2efd53f86ae4f690fab3ba0e08dadc702eb87dda,2024-01-03T13:53:10.993000,sent,kaspa:qpzpfwcsqsxhxwup26r55fd0ghqlhyugz8cp6y3wxuddc02vcxtjg75pspnwz,2000000000000,MEXC
a239394efd233a21326ab63e2efd53f86ae4f690fab3ba0e08dadc702eb87dda,2024-01-03T13:53:10.993000,sent,kaspa:qpjunp39ssazf4rzfxxu0hd35xggfxn6lq0ls9u9q6peevzcmcv4xmv9q4njd,3523954952848810,
39e720cf90e04239b547a75240cc86d0b8ef76550935e9271f9d057b26a2645e,2024-01-03T13:52:09.107000,received,kaspa:qrvum29vk365g0zcd5gx3c7h829etfq2ytdmscjzw4zw04fjfnprcg9c3tges,200000000000000,
39e720cf90e04239b547a75240cc86d0b8ef76550935e9271f9d057b26a2645e,2024-01-03T13:52:09.107000,received,kaspa:qrvum29vk365g0zcd5gx3c7h829etfq2ytdmscjzw4zw04fjfnprcg9c3tges,200000000000000,
39e720cf90e04239b547a75240cc86d0b8ef76550935e9271f9d057b26a2645e,2024-01-03T13:52:09.107000,received,kaspa:qplj0xdafvpt0u9tkwereeflhnx26um6f0t44vx3vw54n606mcfpwe83g2a6a,200000000000000,
39e720cf90e04239b547a75240cc86d0b8ef76550935e9271f9d057b26a2645e,2024-01-03T13:52:09.107000,received,kaspa:qrvum29vk365g0zcd5gx3c7h829etfq2ytdmscjzw4zw04fjfnprcg9c3tges,200000000000000,
39e720cf90e04239b547a75240cc86d0b8ef76550935e9271f9d057b26a2645e,2024-01-03T13:52:09.107000,received,kaspa:qrvum29vk365g0zcd5gx3c7h829etfq2ytdmscjzw4zw04fjfnprcg9c3tges,200000000000000,
39e720cf90e04239b547a75240cc86d0b8ef76550935e9271f9d057b26a2645e,2024-01-03T13:52:09.107000,received,kaspa:qrvum29vk365g0zcd5gx3c7h829etfq2ytdmscjzw4zw04fjfnprcg9c3tges,200000000000000,
64f621ef681d8be3d8f3b07d54936e87b943f902205e9c5f6b58fde76135546a,2024-01-03T12:13:08.515000,sent,kaspa:qpzpfwcsqsxhxwup26r55fd0ghqlhyugz8cp6y3wxuddc02vcxtjg75pspnwz,2000000000000,MEXC
64f621ef681d8be3d8f3b07d54936e87b943f902205e9c5f6b58fde76135546a,2024-01-03T12:13:08.515000,sent,kaspa:qpjunp39ssazf4rzfxxu0hd35xggfxn6lq0ls9u9q6peevzcmcv4xmv9q4njd,2463621745440793,
5aef7b7926006c20419bcbd8eee10fd947864fae40962d91bdb9ff573f085e8e,2024-01-03T12:11:28.397000,received,kaspa:qrvum29vk365g0zcd5gx3c7h829etfq2ytdmscjzw4zw04fjfnprcg9c3tges,350000000000000,
5aef7b7926006c20419bcbd8eee10fd947864fae40962d91bdb9ff573f085e8e,2024-01-03T12:11:28.397000,received,kaspa:qrvum29vk365g0zcd5gx3c7h829etfq2ytdmscjzw4zw04fjfnprcg9c3tges,350000000000000,
5aef7b7926006c20419bcbd8eee10fd947864fae40962d91bdb9ff573f085e8e,2024-01-03T12:11:28.397000,received,kaspa:qrvum29vk365g0zcd5gx3c7h829etfq2ytdmscjzw4zw04fjfnprcg9c3tges,350000000000000,
5aef7b7926006c20419bcbd8eee10fd947864fae40962d91bdb9ff573f085e8e,2024-01-03T12:11:28.397000,received,kaspa:qrvum29vk365g0zcd5gx3c7h829etfq2ytdmscjzw4zw04fjfnprcg9c3tges,350000000000000,
5aef7b7926006c20419bcbd8eee10fd947864fae40962d91bdb9ff573f085e8e,2024-01-03T12:11:28.397000,received,kaspa:qrvum29vk365g0zcd5gx3c7h829etfq2ytdmscjzw4zw04fjfnprcg9c3tges,350000000000000,
5aef7b7926006c20419bcbd8eee10fd947864fae40962d91bdb9ff573f085e8e,2024-01-03T12:11:28.397000,received,kaspa:qrvum29vk365g0zcd5gx3c7h829etfq2ytdmscjzw4zw04fjfnprcg9c3tges,350000000000000,
5aef7b7926006c20419bcbd8eee10fd947864fae40962d91bdb9ff573f085e8e,2024-01-03T12:11:28.397000,received,kaspa:qz20j2zf4qxx9m8xs6kf4pn8h7tn827hmxtqgrashfcjcuyt4el0yeh89f060,350000000000000,
5aef7b7926006c20419bcbd8eee10fd947864fae40962d91bdb9ff573f085e8e,2024-01-03T12:11:28.397000,received,kaspa:qz20j2zf4qxx9m8xs6kf4pn8h7tn827hmxtqgrashfcjcuyt4el0yeh89f060,350000000000000,
5aef7b7926006c20419bcbd8eee10fd947864fae40962d91bdb9ff573f085e8e,2024-01-03T12:11:28.397000,received,kaspa:qz20j2zf4qxx9m8xs6kf4pn8h7tn827hmxtqgrashfcjcuyt4el0yeh89f060,350000000000000,
5aef7b7926006c20419bcbd8eee10fd947864fae40962d91bdb9ff573f085e8e,2024-01-03T12:11:28.397000,received,kaspa:qrvum29vk365g0zcd5gx3c7h829etfq2ytdmscjzw4zw04fjfnprcg9c3tges,350000000000000,
6b94cd95281a0449430f5a48929bc85cea1168958507b4b536892c37544736b1,2024-01-03T01:28:37.375000,sent,kaspa:qpzpfwcsqsxhxwup26r55fd0ghqlhyugz8cp6y3wxuddc02vcxtjg75pspnwz,2000000000000,MEXC
6b94cd95281a0449430f5a48929bc85cea1168958507b4b536892c37544736b1,2024-01-03T01:28:37.375000,sent,kaspa:qpjunp39ssazf4rzfxxu0hd35xggfxn6lq0ls9u9q6peevzcmcv4xmv9q4njd,1948805020760493,
8e307a16e0a471e3687907de29459d6a07b4044fdb814c7b78b5d2f2a4f88577,2024-01-03T01:27:39.188000,received,kaspa:qrvum29vk365g0zcd5gx3c7h829etfq2ytdmscjzw4zw04fjfnprcg9c3tges,60000000000000,
311651f215cacc19289a0f8674cc0ba5b694594c208f64aceeee2474436b177e,2024-01-02T03:53:42.300000,sent,kaspa:qpzpfwcsqsxhxwup26r55fd0ghqlhyugz8cp6y3wxuddc02vcxtjg75pspnwz,2000000000000,MEXC
311651f215cacc19289a0f8674cc0ba5b694594c208f64aceeee2474436b177e,2024-01-02T03:53:42.300000,sent,kaspa:qpjunp39ssazf4rzfxxu0hd35xggfxn6lq0ls9u9q6peevzcmcv4xmv9q4njd,1352704785644621,
f8e6ab2a2f06176f411736738559da05f015edba0a88e7927a6b75c1c75c5af1,2024-01-02T03:52:39.018000,received,kaspa:qzkjdp8l79u4wayjjcvfvg4sdh9vhrhrdsspll6ue22qxy0mcyxkgplelkcpm,150000000000000,
7e9ecaf29fca3c769b5a294da4fb4df4cb2bead508decf6c63f98678d41afcd0,2024-01-01T22:28:37.604000,sent,kaspa:qpzpfwcsqsxhxwup26r55fd0ghqlhyugz8cp6y3wxuddc02vcxtjg75pspnwz,2000000000000,MEXC
7e9ecaf29fca3c769b5a294da4fb4df4cb2bead508decf6c63f98678d41afcd0,2024-01-01T22:28:37.604000,sent,kaspa:qpjunp39ssazf4rzfxxu0hd35xggfxn6lq0ls9u9q6peevzcmcv4xmv9q4njd,1083660841807420,
82d1768399c732b1528d687d019c01ee9051a6cf796b6c1162a57c034de4824b,2024-01-01T22:27:23.659000,received,kaspa:qrvum29vk365g0zcd5gx3c7h829etfq2ytdmscjzw4zw04fjfnprcg9c3tges,40000000000000,
de9da5e2191daa6735ade7745521fe04a23ea1f71c6c19607d79fe972ed7ee36,2023-12-30T22:00:39.091000,sent,kaspa:qpzpfwcsqsxhxwup26r55fd0ghqlhyugz8cp6y3wxuddc02vcxtjg75pspnwz,2000000000000,MEXC
de9da5e2191daa6735ade7745521fe04a23ea1f71c6c19607d79fe972ed7ee36,2023-12-30T22:00:39.091000,sent,kaspa:qpjunp39ssazf4rzfxxu0hd35xggfxn6lq0ls9u9q6peevzcmcv4xmv9q4njd,1694359995045220,
be2023a7342d699a20a21f3d9f82b8e603232611ae652cde82a37422e35cc3f4,2023-12-30T21:58:43.865000,received,kaspa:qrvum29vk365g0zcd5gx3c7h829etfq2ytdmscjzw4zw04fjfnprcg9c3tges,120000000000000,
be2023a7342d699a20a21f3d9f82b8e603232611ae652cde82a37422e35cc3f4,2023-12-30T21:58:43.865000,received,kaspa:qrvum29vk365g0zcd5gx3c7h829etfq2ytdmscjzw4zw04fjfnprcg9c3tges,120000000000000,
be2023a7342d699a20a21f3d9f82b8e603232611ae652cde82a37422e35cc3f4,2023-12-30T21:58:43.865000,received,kaspa:qz20j2zf4qxx9m8xs6kf4pn8h7tn827hmxtqgrashfcjcuyt4el0yeh89f060,120000000000000,
be2023a7342d699a20a21f3d9f82b8e603232611ae652cde82a37422e35cc3f4,2023-12-30T21:58:43.865000,received,kaspa:qz20j2zf4qxx9m8xs6kf4pn8h7tn827hmxtqgrashfcjcuyt4el0yeh89f060,120000000000000,
a15632df8660ba71a07fb2d0d439c3653103c41c6f267da9871011818fb48404,2023-12-30T10:20:40.724000,sent,kaspa:qpzpfwcsqsxhxwup26r55fd0ghqlhyugz8cp6y3wxuddc02vcxtjg75pspnwz,2000000000000,MEXC
a15632df8660ba71a07fb2d0d439c3653103c41c6f267da9871011818fb48404,2023-12-30T10:20:40.724000,sent,kaspa:qpjunp39ssazf4rzfxxu0hd35xggfxn6lq0ls9u9q6peevzcmcv4xmv9q4njd,1617286319606677,
5fe24ec9eedb56a8d20f508993c0f923a04f328465461866e1b05d38981cf7d2,2023-12-30T10:18:38.950000,received,kaspa:qz20j2zf4qxx9m8xs6kf4pn8h7tn827hmxtqgrashfcjcuyt4el0yeh89f060,50000000000000,
5fe24ec9eedb56a8d20f508993c0f923a04f328465461866e1b05d38981cf7d2,2023-12-30T10:18:38.950000,received,kaspa:qp8fzwnzvak6cq5djtawdxlj3znxqtuxsg3ulkdnlgu0v22heuauk2tenfpmj,50000000000000,
ea33d77b97db16130c3d2b9a4477ecb7a3985374a1555929ef52a790f885f01e,2023-12-30T03:26:08.492000,sent,kaspa:qpzpfwcsqsxhxwup26r55fd0ghqlhyugz8cp6y3wxuddc02vcxtjg75pspnwz,2000000000000,MEXC
ea33d77b97db16130c3d2b9a4477ecb7a3985374a1555929ef52a790f885f01e,2023-12-30T03:26:08.492000,sent,kaspa:qpjunp39ssazf4rzfxxu0hd35xggfxn6lq0ls9u9q6peevzcmcv4xmv9q4njd,1812105926335210,
9b0781323aee1ea860cb9fff9bf11bc526db09a540ed014a8c5467b23b1a4bfd,2023-12-30T03:24:51.168000,received,kaspa:qrvum29vk365g0zcd5gx3c7h829etfq2ytdmscjzw4zw04fjfnprcg9c3tges,30000000000000,
3ef6745c1a9fe6a28f594d77fc5acdf0211c6c7eb120a77cb0eac035624b6dc7,2023-12-30T02:16:40.185000,sent,kaspa:qpzpfwcsqsxhxwup26r55fd0ghqlhyugz8cp6y3wxuddc02vcxtjg75pspnwz,2000000000000,MEXC
3ef6745c1a9fe6a28f594d77fc5acdf0211c6c7eb120a77cb0eac035624b6dc7,2023-12-30T02:16:40.185000,sent,kaspa:qpjunp39ssazf4rzfxxu0hd35xggfxn6lq0ls9u9q6peevzcmcv4xmv9q4njd,1716327496982636,
c1b2168b5b1e752084e54a2650261380c813d97cc6f4677b8ca3f566536ffd3f,2023-12-30T02:15:18.784000,received,kaspa:qz0rtn8gk59qew4tz7nz74s7n5j25s0dv7gq5wwnvctpc2jymuftg48har45a,200000000000000,
c1b2168b5b1e752084e54a2650261380c813d97cc6f4677b8ca3f566536ffd3f,2023-12-30T02:15:18.784000,received,kaspa:qrpydt5jumt8cur67vkfrdtzjpyvv2wgk5n5n9zf3fry3d75w0exsl4jxeulz,200000000000000,
c1b2168b5b1e752084e54a2650261380c813d97cc6f4677b8ca3f566536ffd3f,2023-12-30T02:15:18.784000,received,kaspa:qrvum29vk365g0zcd5gx3c7h829etfq2ytdmscjzw4zw04fjfnprcg9c3tges,200000000000000,
c1b2168b5b1e752084e54a2650261380c813d97cc6f4677b8ca3f566536ffd3f,2023-12-30T02:15:18.784000,received,kaspa:qrvum29vk365g0zcd5gx3c7h829etfq2ytdmscjzw4zw04fjfnprcg9c3tges,200000000000000,
c1b2168b5b1e752084e54a2650261380c813d97cc6f4677b8ca3f566536ffd3f,2023-12-30T02:15:18.784000,received,kaspa:qrvum29vk365g0zcd5gx3c7h829etfq2ytdmscjzw4zw04fjfnprcg9c3tges,200000000000000,
c1b2168b5b1e752084e54a2650261380c813d97cc6f4677b8ca3f566536ffd3f,2023-12-30T02:15:18.784000,received,kaspa:qz20j2zf4qxx9m8xs6kf4pn8h7tn827hmxtqgrashfcjcuyt4el0yeh89f060,200000000000000,
c1b2168b5b1e752084e54a2650261380c813d97cc6f4677b8ca3f566536ffd3f,2023-12-30T02:15:18.784000,received,kaspa:qrvum29vk365g0zcd5gx3c7h829etfq2ytdmscjzw4zw04fjfnprcg9c3tges,200000000000000,
c1b2168b5b1e752084e54a2650261380c813d97cc6f4677b8ca3f566536ffd3f,2023-12-30T02:15:18.784000,received,kaspa:qrvum29vk365g0zcd5gx3c7h829etfq2ytdmscjzw4zw04fjfnprcg9c3tges,200000000000000,
1e379e1d6e722179160204511a6c162dbd538496e8d040489425f0942ad17924,2023-12-30T00:13:38.711000,sent,kaspa:qpzpfwcsqsxhxwup26r55fd0ghqlhyugz8cp6y3wxuddc02vcxtjg75pspnwz,2000000000000,MEXC
1e379e1d6e722179160204511a6c162dbd538496e8d040489425f0942ad17924,2023-12-30T00:13:38.711000,sent,kaspa:qpjunp39ssazf4rzfxxu0hd35xggfxn6lq0ls9u9q6peevzcmcv4xmv9q4njd,1433091213266280,
226828efcdc426ab2db3d5dcf76e57cd5297b93dc3cbf88207606559b291244b,2023-12-30T00:12:05.599000,received,kaspa:qrvum29vk365g0zcd5gx3c7h829etfq2ytdmscjzw4zw04fjfnprcg9c3tges,100000000000000,
226828efcdc426ab2db3d5dcf76e57cd5297b93dc3cbf88207606559b291244b,2023-12-30T00:12:05.599000,received,kaspa:qz20j2zf4qxx9m8xs6kf4pn8h7tn827hmxtqgrashfcjcuyt4el0yeh89f060,100000000000000,
226828efcdc426ab2db3d5dcf76e57cd5297b93dc3cbf88207606559b291244b,2023-12-30T00:12:05.599000,received,kaspa:qrvum29vk365g0zcd5gx3c7h829etfq2ytdmscjzw4zw04fjfnprcg9c3tges,100000000000000,
46c8301aa24a092b81d0631a20251b9e9fc15ddb80921f12aacce482fb1d5874,2023-12-29T08:29:39.783000,sent,kaspa:qpzpfwcsqsxhxwup26r55fd0ghqlhyugz8cp6y3wxuddc02vcxtjg75pspnwz,10000000000000,MEXC
46c8301aa24a092b81d0631a20251b9e9fc15ddb80921f12aacce482fb1d5874,2023-12-29T08:29:39.783000,sent,kaspa:qpjunp39ssazf4rzfxxu0hd35xggfxn6lq0ls9u9q6peevzcmcv4xmv9q4njd,1369480762881501,
d3db2a636f8138720c5b0ed0e09f2d510b75ba4e9847fe6f597980d91169a6c9,2023-12-29T08:27:35.240000,received,kaspa:qrvum29vk365g0zcd5gx3c7h829etfq2ytdmscjzw4zw04fjfnprcg9c3tges,70000000000000,
d3db2a636f8138720c5b0ed0e09f2d510b75ba4e9847fe6f597980d91169a6c9,2023-12-29T08:27:35.240000,received,kaspa:qrvum29vk365g0zcd5gx3c7h829etfq2ytdmscjzw4zw04fjfnprcg9c3tges,70000000000000,
1c34661ed8c4b9c302c936d7972208d5f4a09ba8e1142b80a5b1637dd5b00e54,2023-12-29T06:13:38.946000,sent,kaspa:qpzpfwcsqsxhxwup26r55fd0ghqlhyugz8cp6y3wxuddc02vcxtjg75pspnwz,10000000000000,MEXC
1c34661ed8c4b9c302c936d7972208d5f4a09ba8e1142b80a5b1637dd5b00e54,2023-12-29T06:13:38.946000,sent,kaspa:qpjunp39ssazf4rzfxxu0hd35xggfxn6lq0ls9u9q6peevzcmcv4xmv9q4njd,1276565176032199,
1a2fa24c4308d4791f9f605e280c7963c7fa1a3ea62f50ac96763d23cb2181e9,2023-12-29T06:12:17.402000,received,kaspa:qrvum29vk365g0zcd5gx3c7h829etfq2ytdmscjzw4zw04fjfnprcg9c3tges,200000000000000,
1a2fa24c4308d4791f9f605e280c7963c7fa1a3ea62f50ac96763d23cb2181e9,2023-12-29T06:12:17.402000,received,kaspa:qrvum29vk365g0zcd5gx3c7h829etfq2ytdmscjzw4zw04fjfnprcg9c3tges,200000000000000,
1a2fa24c4308d4791f9f605e280c7963c7fa1a3ea62f50ac96763d23cb2181e9,2023-12-29T06:12:17.402000,received,kaspa:qrvum29vk365g0zcd5gx3c7h829etfq2ytdmscjzw4zw04fjfnprcg9c3tges,200000000000000,
1a2fa24c4308d4791f9f605e280c7963c7fa1a3ea62f50ac96763d23cb2181e9,2023-12-29T06:12:17.402000,received,kaspa:qz20j2zf4qxx9m8xs6kf4pn8h7tn827hmxtqgrashfcjcuyt4el0yeh89f060,200000000000000,
a192dcd0327c76f5a9b78a0f29dfe60777aacb4e2efcd1f796e6c8f8870071a6,2023-12-29T01:03:09.771000,sent,kaspa:qpzpfwcsqsxhxwup26r55fd0ghqlhyugz8cp6y3wxuddc02vcxtjg75pspnwz,10000000000000,MEXC
a192dcd0327c76f5a9b78a0f29dfe60777aacb4e2efcd1f796e6c8f8870071a6,2023-12-29T01:03:09.771000,sent,kaspa:qpjunp39ssazf4rzfxxu0hd35xggfxn6lq0ls9u9q6peevzcmcv4xmv9q4njd,925137594389912,
0ec18e5360d61a3d695acf3341ea0b41814b36dd53faba1b8f20986e7dd63ea3,2023-12-29T01:02:10.936000,received,kaspa:qrvum29vk365g0zcd5gx3c7h829etfq2ytdmscjzw4zw04fjfnprcg9c3tges,100000000000000,
0ec18e5360d61a3d695acf3341ea0b41814b36dd53faba1b8f20986e7dd63ea3,2023-12-29T01:02:10.936000,received,kaspa:qrvum29vk365g0zcd5gx3c7h829etfq2ytdmscjzw4zw04fjfnprcg9c3tges,100000000000000,
90f3f33fd149e966ca2f95bb764e6177d2f723d71ed279fc3aac776aea30035e,2023-12-29T00:04:08.459000,sent,kaspa:qpzpfwcsqsxhxwup26r55fd0ghqlhyugz8cp6y3wxuddc02vcxtjg75pspnwz,10000000000000,MEXC
90f3f33fd149e966ca2f95bb764e6177d2f723d71ed279fc3aac776aea30035e,2023-12-29T00:04:08.459000,sent,kaspa:qpjunp39ssazf4rzfxxu0hd35xggfxn6lq0ls9u9q6peevzcmcv4xmv9q4njd,794389271360834,
d528f0226b2f19988843730ea4a5acb6361a2709a24a1a2459285476f515d477,2023-12-29T00:02:36.033000,received,kaspa:qrvum29vk365g0zcd5gx3c7h829etfq2ytdmscjzw4zw04fjfnprcg9c3tges,70000000000000,
6261934a9e823cfa95f947e450e67724618df9fc19da7ddce2852985a2f0aede,2023-12-28T23:20:12.545000,sent,kaspa:qpzpfwcsqsxhxwup26r55fd0ghqlhyugz8cp6y3wxuddc02vcxtjg75pspnwz,10000000000000,MEXC
6261934a9e823cfa95f947e450e67724618df9fc19da7ddce2852985a2f0aede,2023-12-28T23:20:12.545000,sent,kaspa:qpjunp39ssazf4rzfxxu0hd35xggfxn6lq0ls9u9q6peevzcmcv4xmv9q4njd,710476068484054,
72b169734773de7e8c9dca02d0c7c4d86cd7fc94e9bf57966acbab2fa1edc2bb,2023-12-28T23:18:37.901000,received,kaspa:qrvum29vk365g0zcd5gx3c7h829etfq2ytdmscjzw4zw04fjfnprcg9c3tges,100000000000000,
aaaaf7326e56ff1cc9b8b2868ee69e88d84fa45ddc3b82a3f8a4e7a6d1f328e6,2023-12-28T06:11:38.573000,sent,kaspa:qpzpfwcsqsxhxwup26r55fd0ghqlhyugz8cp6y3wxuddc02vcxtjg75pspnwz,10000000000000,MEXC
aaaaf7326e56ff1cc9b8b2868ee69e88d84fa45ddc3b82a3f8a4e7a6d1f328e6,2023-12-28T06:11:38.573000,sent,kaspa:qpjunp39ssazf4rzfxxu0hd35xggfxn6lq0ls9u9q6peevzcmcv4xmv9q4njd,263864916995799,
2aede1aaace0124b2d6dee02e374f7e31f3fbe4dcba6f61d6e94fc36b0c720ff,2023-12-28T06:10:16.435000,received,kaspa:qzkjdp8l79u4wayjjcvfvg4sdh9vhrhrdsspll6ue22qxy0mcyxkgplelkcpm,70000000000000,
dd3f2feb35bc7edca76c25da1ebcb54830190d4fed51999526f1fc21db1e9dff,2023-12-27T04:48:41.410000,sent,kaspa:qpzpfwcsqsxhxwup26r55fd0ghqlhyugz8cp6y3wxuddc02vcxtjg75pspnwz,10000000000000,MEXC
dd3f2feb35bc7edca76c25da1ebcb54830190d4fed51999526f1fc21db1e9dff,2023-12-27T04:48:41.410000,sent,kaspa:qpjunp39ssazf4rzfxxu0hd35xggfxn6lq0ls9u9q6peevzcmcv4xmv9q4njd,91500499980000,
ea7704bb57482c4852cb11ceaf58dfc40ef7a044d3ba4df7fb2314fb779d138c,2023-12-27T04:46:30.158000,received,kaspa:qrvum29vk365g0zcd5gx3c7h829etfq2ytdmscjzw4zw04fjfnprcg9c3tges,100000000000000,
2527011b3eb443f68b2c8b570f502b3b39397c3ec3f39ee2b8587dc9ff9e8c4a,2023-12-26T23:46:41.510000,sent,kaspa:qpzpfwcsqsxhxwup26r55fd0ghqlhyugz8cp6y3wxuddc02vcxtjg75pspnwz,1000000000000,MEXC
2527011b3eb443f68b2c8b570f502b3b39397c3ec3f39ee2b8587dc9ff9e8c4a,2023-12-26T23:46:41.510000,sent,kaspa:qpjunp39ssazf4rzfxxu0hd35xggfxn6lq0ls9u9q6peevzcmcv4xmv9q4njd,1229519982454102,
716b9f84af81fd78452ae686a46f3433cd71c2c65da8654d3026c1f6a4fa73c0,2023-12-26T23:44:15.593000,received,kaspa:qrvum29vk365g0zcd5gx3c7h829etfq2ytdmscjzw4zw04fjfnprcg9c3tges,150000000000000,
b3de5d26c00bcb8b114d07320640dc86e3f80826ab28c41608f561e8ee1cd6e2,2023-12-23T14:23:58.814000,received,kaspa:qrvum29vk365g0zcd5gx3c7h829etfq2ytdmscjzw4zw04fjfnprcg9c3tges,5000000000,
