tx_id,timestamp,direction,peer_address,amount_sompi,cex_label
243359a2a69bf0b3cdf6269da72cc063fee62a659c5453ddb04cccf085b84197,2025-02-01T10:45:03.965000,sent,kaspa:qryrv47938c25cg4jwus3wr24gdzsfu08s5jhgypk8xerjx6y4uckxrffptcy,2000000000,
ff470080baff86d61d04b502a4d837f37f6baf995f706b6714664b5b5c51f31d,2025-01-16T22:13:23.759000,sent,kaspa:qqt874j85r5ga5av0q6tthj2tu89dfpchjmvjuvx5tyn2vpjjrhk7tcpsx2vu,1000000000,
7bca889bf91f620320855e72250d596447598c2320e2b261bda21d0ce7d96b2e,2024-06-27T08:46:45.187000,sent,kaspa:pzhefv7sz6g8tsygcelkyg9jyky4gkp9m9ugpvf5lt6scjuky27fz6qy0e5rw,10000000000,
70d2865a7539dc3a824d9d475acfdee0b30c039f598e9f32019241fdbb710835,2024-06-08T23:20:13.584000,sent,kaspa:qqg68rk7sh3l4pvh4hagz3g84kc2rjdn3f0cz48u7l0epkv73yafu9ln385n8,5000000000,
70d2865a7539dc3a824d9d475acfdee0b30c039f598e9f32019241fdbb710835,2024-06-08T23:20:13.584000,sent,kaspa:qqg68rk7sh3l4pvh4hagz3g84kc2rjdn3f0cz48u7l0epkv73yafu9ln385n8,5000000000,
12a4e1a54607b5d522c6d619857aeda4e3024952f807535a9788c3e1bfd3c85a,2023-12-13T15:21:21.380000,sent,kaspa:qr5trheyg9m9x6t6ph063vq9h9t6u8w40vzd4h0hey554p2q6c6qw6raedq3p,25000000000,
62ab5a1ae27300e995dffbf8315e10e8f385e02812d9cc515674ef4f7916b07a,2023-12-07T13:14:08.924000,received,kaspa:qyplygdysxukhd27ua75kjvmvs8j04dz0apehqpgudgez74zym5jauqpt8f52gc,171000000,
cff22e282c645441e7d5cb48016a7e116c9207432b70f6f114c695f3fd0c1a92,2023-11-17T23:28:01.125000,sent,kaspa:qypamjjjxggve8pevw24244zw70v6yrh43q37ham3sss4y7g3kfsvvsyaanpnav,18010000,
b6ca41a10bf8ea3d71be183fe79b7353362ed3682dfad0fe293030d1fedde2aa,2023-11-17T22:25:01.784000,sent,kaspa:qqfkuxs7qpcykg4xc386skgue9xzgyufe6u7wluvk8jtvnmtfwz0xfwysz3xp,10000000000,
b6ca41a10bf8ea3d71be183fe79b7353362ed3682dfad0fe293030d1fedde2aa,2023-11-17T22:25:01.784000,sent,kaspa:qqfkuxs7qpcykg4xc386skgue9xzgyufe6u7wluvk8jtvnmtfwz0xfwysz3xp,10000000000,
ad2c8a324941f98ee1d79ac1c5a558321c320176327eefa82222d75f950bf459,2023-11-17T21:02:19.935000,sent,kaspa:qrevm48w2cep7av83xpn7k3gsvdz5xcnrctr5j7cake79u4jznlhk67y85rp4,20000000,
599a5be1e296a7408b3f4df519e075f08488c18c24a25cc372baa5a53df043ef,2023-11-17T01:12:20.050000,sent,kaspa:qrwxjvwv3hegyakcsaz24vxmuurcfqwhpxdac2sgw8yu0uyf06f7q85zzt9yn,100000,
56e084613b5e130b1d105f1d7c0229a95fda4400e83581ba96779815bd9fd00d,2023-11-15T20:41:39.704000,sent,kaspa:qqt874j85r5ga5av0q6tthj2tu89dfpchjmvjuvx5tyn2vpjjrhk7tcpsx2vu,5000000000,
56e084613b5e130b1d105f1d7c0229a95fda4400e83581ba96779815bd9fd00d,2023-11-15T20:41:39.704000,sent,kaspa:qqt874j85r5ga5av0q6tthj2tu89dfpchjmvjuvx5tyn2vpjjrhk7tcpsx2vu,5000000000,
bb9acc6d742168ea70dbbb1052fdefe5df4acddc6f77af724dd69e7667e13c3b,2023-11-15T20:40:34.341000,received,kaspa:qp732h0z95qehupn89fprhfl7vphxd4acgfuetqj943whxez59n8qkwxcxhcq,100000000,
2ab5a36df0c7bcd907c7f29c6943b737efe8f507635ae29c77f778cb0c7ef913,2023-11-15T20:39:10.061000,sent,kaspa:qp732h0z95qehupn89fprhfl7vphxd4acgfuetqj943whxez59n8qkwxcxhcq,199000000,
9d79cb43beb4499f51ecaf1a9088248433f171c49f6463c4da7419058e6d0fef,2023-11-15T20:34:53.643000,sent,kaspa:qrrp2xrkyn6e0nqklwptq4rxc79u4ytt2hrgt20lfy9sl7kvhf2ej9lemwcf2,10000000,
c42de2a2aef01a7b04e260e7cfa07785987f9809cfd082695e407b68abe0aa93,2023-11-15T20:33:47.862000,sent,kaspa:qzx60ssu4nd954zlh3zg35k4j6yhmjy69tngle8jmxe0v78akd0e6wgwknkdt,1000000000,
e05324684120be6a89abffd26c53b627174ce49d39bb43a820417eb72cea3041,2023-11-05T14:06:25.684000,received,kaspa:qzf6mwlra4vtr3ccx50z3ut8uqgylq74tcxm6f7h968z9rqhs52qcafzxxv5n,200000000,
7ed6407d449d64501f1086ed6c8ca32dc541c0935f47478f9c4ca852ae493e5e,2023-11-05T13:26:49.093000,sent,kaspa:qzf6mwlra4vtr3ccx50z3ut8uqgylq74tcxm6f7h968z9rqhs52qcafzxxv5n,100000000,
160a2ec5a96c2894fb471ea932ea7ce17766089587903eebb1931d8dad283420,2023-11-05T10:59:10.787000,sent,kaspa:qqt874j85r5ga5av0q6tthj2tu89dfpchjmvjuvx5tyn2vpjjrhk7tcpsx2vu,5500000000,
c2842b9669624d63c2bb812fa6b7261929b59936840b7a7f277b93583e7fab38,2023-11-05T09:37:18.407000,sent,kaspa:qrxgw36y6nj0l5vg3kpnx738kftvqwyqu8w77w7wrpf5lum0gj8mz9l6ph2m5,3100000000,
48214b528cde7565c25a91da0bc533e2177f8aa4afe4ac6b506bd8a517d35aa0,2023-11-05T09:34:39.317000,sent,kaspa:qphh8dhkm0gl7qp253dn9k3tck2wkyehczl64y5eumj86u2s3mrfjhz53he0p,500000000,
48214b528cde7565c25a91da0bc533e2177f8aa4afe4ac6b506bd8a517d35aa0,2023-11-05T09:34:39.317000,sent,kaspa:qphh8dhkm0gl7qp253dn9k3tck2wkyehczl64y5eumj86u2s3mrfjhz53he0p,500000000,
583931f9c71b1baf6767d144e7c4202e7d46ac8e99e0dfb6ebb6cfdf82e21f82,2023-11-05T09:31:43.050000,received,kaspa:qyp4x8g2nctv9a8rnd3aj33npallsqhyrmd3a849gkgpmpm5shc40zc7fsk9e4y,68875000000,
4c63ce8f3924c891483f7af79d3452328f60eb773cb2d56f6ca568a2763983ab,2023-09-16T09:32:06.477000,sent,kaspa:qphh8dhkm0gl7qp253dn9k3tck2wkyehczl64y5eumj86u2s3mrfjhz53he0p,100000000,
d386d730d1fcf802cb43c9ed0c5b499e4ae50cfdfcc90524dbc63ce5770e730f,2023-09-05T12:14:57.122000,sent,kaspa:qqt874j85r5ga5av0q6tthj2tu89dfpchjmvjuvx5tyn2vpjjrhk7tcpsx2vu,1000000000,
6d3b60fd6595852d397f2eeef863da21e3a43fe67ed1ee4e9d23f2bdf5d3cbe4,2023-08-23T18:56:03,sent,kaspa:qzx60ssu4nd954zlh3zg35k4j6yhmjy69tngle8jmxe0v78akd0e6wgwknkdt,500000000,
c5cfb51f93359d8b05b881fc59a6c24a9ecc483080abd198f818c6cc37eef9be,2023-08-04T16:45:35.908000,sent,kaspa:qphh8dhkm0gl7qp253dn9k3tck2wkyehczl64y5eumj86u2s3mrfjhz53he0p,200000000,
4071febb35613798d275457d1c5798d2279df2798c7fe2b87122023c984a8050,2023-08-03T17:04:24.023000,sent,kaspa:qqt874j85r5ga5av0q6tthj2tu89dfpchjmvjuvx5tyn2vpjjrhk7tcpsx2vu,500000000,
6f54caf998fbc8bfc9e93ce82c541400ee5fc9cfedee356c02a761957609c092,2023-07-30T20:23:32.786000,sent,kaspa:qqt874j85r5ga5av0q6tthj2tu89dfpchjmvjuvx5tyn2vpjjrhk7tcpsx2vu,500000000,
d6aa95acb7b4177f60a0f7a4aff7ca792b6f9a042720e8537abde50f0758924c,2023-07-30T14:58:22.963000,sent,kaspa:qzgranawalr2apfz2pzq7rle20gnw37u0yfqew3nsm0acsanf0mjcehzgqc5d,90000000000,
d6aa95acb7b4177f60a0f7a4aff7ca792b6f9a042720e8537abde50f0758924c,2023-07-30T14:58:22.963000,sent,kaspa:qzgranawalr2apfz2pzq7rle20gnw37u0yfqew3nsm0acsanf0mjcehzgqc5d,90000000000,
a60756224fa21e020481b907cf6acbff98302b16b58c146c90aa14a4baa94abf,2023-07-30T14:57:12.208000,received,kaspa:qrelgny7sr3vahq69yykxx36m65gvmhryxrlwngfzgu8xkdslum2yxjp3ap8m,92819750000,Gate.io
67adc994f955569c7df8b31a5afd304b02f777466e7065895f0d05f541fea451,2023-07-13T09:53:57.012000,sent,kaspa:qqt874j85r5ga5av0q6tthj2tu89dfpchjmvjuvx5tyn2vpjjrhk7tcpsx2vu,500000000,
c6e99e8ffbcaf9a511f0813d66f63c21b3afe454bf630e5b3589834558f47b96,2023-06-28T12:26:16.477000,sent,kaspa:qrrp2xrkyn6e0nqklwptq4rxc79u4ytt2hrgt20lfy9sl7kvhf2ej9lemwcf2,500000000,
f8f607fefd188370d3d622f63a2970d3ad567aaa9c129190b3b59d1c6bfa76a2,2023-06-28T12:25:29.748000,sent,kaspa:qrxgw36y6nj0l5vg3kpnx738kftvqwyqu8w77w7wrpf5lum0gj8mz9l6ph2m5,500000000,
b1851f6c5500438a6b819f73b6a567112d2cc2f2b03de133f564de66bf8f9f21,2023-06-18T17:47:53.905000,sent,kaspa:qqt874j85r5ga5av0q6tthj2tu89dfpchjmvjuvx5tyn2vpjjrhk7tcpsx2vu,2400000000,
2b068b6168302191baa2aa1cd01c9a0086d92e232bd033ccf0d83eb4f34e4839,2023-06-15T19:37:09.974000,sent,kaspa:qqt874j85r5ga5av0q6tthj2tu89dfpchjmvjuvx5tyn2vpjjrhk7tcpsx2vu,2500000000,
658f8bbe6109ebd9c845f266eb61ba5c790eca846e8c4658760c73b03a1f38dd,2023-05-23T09:47:26.431000,sent,kaspa:qqt874j85r5ga5av0q6tthj2tu89dfpchjmvjuvx5tyn2vpjjrhk7tcpsx2vu,2500000000,
016ac17004c7dcee55385402a35cfdef545180a8d99f3dfe50e97292a5bcc322,2023-05-14T13:48:27.831000,sent,kaspa:qzx4gccw7vv5xy0spxkrexcjv5qmgz836gydv8cvnh5uly0fx870kxfvy4jhd,1000000000,
ab0f31a8c28321784ea40cba505bb0f2088bf228f6939d0a21379008603d16b0,2023-05-05T13:12:38.399000,sent,kaspa:qzdzatn5c5h79cguehvd9pl3rxetl3ccg3eksvw2kr88wp63pcy2ylfgz3gpr,100000000,
03bbe2ec955a3783767ad50d287acaa5e87b0bde84181164c5a4ceed6a6b288e,2023-05-01T12:34:09.199000,sent,kaspa:qqt874j85r5ga5av0q6tthj2tu89dfpchjmvjuvx5tyn2vpjjrhk7tcpsx2vu,6900000000,
03bbe2ec955a3783767ad50d287acaa5e87b0bde84181164c5a4ceed6a6b288e,2023-05-01T12:34:09.199000,sent,kaspa:qqt874j85r5ga5av0q6tthj2tu89dfpchjmvjuvx5tyn2vpjjrhk7tcpsx2vu,6900000000,
a38e86f3ddb6d27a4136d4fe4e791634ec12eceb6741186182e95ec2bbd91d74,2023-04-12T22:49:36.942000,sent,kaspa:qqt874j85r5ga5av0q6tthj2tu89dfpchjmvjuvx5tyn2vpjjrhk7tcpsx2vu,5000000000,
d81ca6ee1751e1c2966cae44497723d4ec686c033285d3f8144eaf5a939db387,2023-04-07T18:32:12.348000,received,kaspa:qpws2z3zuzn72t0fv3q0cwxzcgt9cjpm9ggv8hhnzcmytdg02xgdkfy28s73y,100000000,
ed18e66b99e074392d97ee25c49c57e1274de9305c2f86fec0c674df57326a87,2023-04-07T16:01:42.156000,sent,kaspa:qqt874j85r5ga5av0q6tthj2tu89dfpchjmvjuvx5tyn2vpjjrhk7tcpsx2vu,5000000000,
c71c485ee24cb18f3d9e445f8aa56c38bf478f07e68ff0b2081f8dbdf6fa1c77,2023-03-31T16:26:19.363000,sent,kaspa:qqt874j85r5ga5av0q6tthj2tu89dfpchjmvjuvx5tyn2vpjjrhk7tcpsx2vu,1000000000,
90dac3f06782be540482c9b2c473d683e64402db44e22c3e4e2918dab106ce92,2023-03-30T00:52:30.134000,sent,kaspa:qqt874j85r5ga5av0q6tthj2tu89dfpchjmvjuvx5tyn2vpjjrhk7tcpsx2vu,5000000000,
59e6711ea2c779a008d796f3653d4aa9c84c95cfbdeb45b713f0d8bc41244c13,2023-03-30T00:35:30.555000,sent,kaspa:qqt874j85r5ga5av0q6tthj2tu89dfpchjmvjuvx5tyn2vpjjrhk7tcpsx2vu,5000000000,
59e6711ea2c779a008d796f3653d4aa9c84c95cfbdeb45b713f0d8bc41244c13,2023-03-30T00:35:30.555000,sent,kaspa:qqt874j85r5ga5av0q6tthj2tu89dfpchjmvjuvx5tyn2vpjjrhk7tcpsx2vu,5000000000,
59e6711ea2c779a008d796f3653d4aa9c84c95cfbdeb45b713f0d8bc41244c13,2023-03-30T00:35:30.555000,sent,kaspa:qqt874j85r5ga5av0q6tthj2tu89dfpchjmvjuvx5tyn2vpjjrhk7tcpsx2vu,5000000000,
3cd2bbf5bdd0ddd63603cbcf250541db46ccd17d0375773dcf73491154ed2411,2023-03-29T13:25:17.159000,sent,kaspa:qqt874j85r5ga5av0q6tthj2tu89dfpchjmvjuvx5tyn2vpjjrhk7tcpsx2vu,5000000000,
e26ce4c81721bbfec70d9866cb001a04b5250ed43285ebfa974f8a571bf327d1,2023-03-28T09:47:22.897000,sent,kaspa:qzcu37xzwfxyqr2a7qmpt0lc8euq74pa7scngmr9w2wnmtewscup24vh2ctd2,111000000,
698f6669b89265add1a38264e013470ae5ef81db996a849d08f5d9420289039e,2023-03-28T09:11:40.426000,received,kaspa:qzkmecks39htdzv3wv0jn55mu7h0fxk75fe26hq2pp0s64cwxx72yu7p9pr0u,1000000000,
5540e69fad9d1b672c2ab7bad467d740922326934cdd617e29d67579e33074b0,2023-03-28T00:01:17.902000,sent,kaspa:qqy87fkpmvz63p42dkwp9pps0xzkrq3u2tyqv2m7n4afwfvuxkxmqhjhzrxy7,200000000,
6cbecf05074f15b1f315aa9e7ec0a433a976565bb8d431c8d09038ac18a3261f,2023-03-28T00:00:18.313000,received,kaspa:qzkmecks39htdzv3wv0jn55mu7h0fxk75fe26hq2pp0s64cwxx72yu7p9pr0u,200000000,
9f2f46b765e5d3bc9c2fa12928bb10ff88476d00fa1ba99b48a7486580efeaaa,2023-03-16T10:41:13.918000,sent,kaspa:qqt874j85r5ga5av0q6tthj2tu89dfpchjmvjuvx5tyn2vpjjrhk7tcpsx2vu,5500000000,
427a44f34ed8233a67da3f751ec75b502323bfe9d6e19e8c1e3227273f1079cd,2023-03-15T11:13:06.734000,sent,kaspa:qqyzn5h8dfymjpj7pnntajqaphjgucl5ujndcksgcqmcsfl49y0yshsv9s3t9,990000000,
79be2102994a70e1009884b283e909c63d4c3bd11a21d02d12706708669a2e21,2023-03-11T14:18:06.900000,sent,kaspa:qzcu37xzwfxyqr2a7qmpt0lc8euq74pa7scngmr9w2wnmtewscup24vh2ctd2,1000000000,
1871c6ea5df145c10d49166b582abd8932c68ad5f2c2662ded51c19dba27eaca,2023-03-08T12:50:56.769000,sent,kaspa:qqdh2amn03l00k87ssz6y5vlz22k030376hyxy69ty3jf52zp6u47uxqjehxl,5500000000,
f90104941d4ddebc82131e1f8ca2b84d31b216001eed411fda088385ecea09c8,2023-03-08T11:26:58.137000,sent,kaspa:qq2dcgsdnhktk08za9fu5ep9qfq0369szvk523mq3enf5as4xpjyswkc90tsr,100000000,
327049facaa2141d505ab28c5e3afd44b0f41f8e25cd22356dd50ad1563fc515,2023-03-03T10:16:32.582000,sent,kaspa:qpx4nyz06zk7j5mvfk98w69ayzt3g0j46c0qr4hkya509e9e69dn65h9q8n9z,10000000000,
d0ebc5acb20a3bc33c6366855a05a3f8653ec45c0fdf64fdf21ff03617a27885,2023-02-26T20:23:21.467000,sent,kaspa:qqt874j85r5ga5av0q6tthj2tu89dfpchjmvjuvx5tyn2vpjjrhk7tcpsx2vu,10000000000,
23729cd69df998de515147e0fdf568bae1d2cfea2fd1e4d090f08e15f6d2568b,2023-02-15T19:41:02.364000,sent,kaspa:qqyxh4rcdvaz0w69jc4uys2g8xvxn5tqm7u4v387xwq0qwtnxr5j7g9rx4uwn,500000000,
afb908024bd47597448f8e27b905ce8ea60e9b48d102ac86c8a895aa7b607354,2023-02-14T02:04:03.451000,sent,kaspa:qpu0vccd3yfnzfe4kw453ldwpr4ad3fv95eengrfgumnm6htprvqqmnvm200u,5000000000,
afb908024bd47597448f8e27b905ce8ea60e9b48d102ac86c8a895aa7b607354,2023-02-14T02:04:03.451000,sent,kaspa:qpu0vccd3yfnzfe4kw453ldwpr4ad3fv95eengrfgumnm6htprvqqmnvm200u,5000000000,
afb908024bd47597448f8e27b905ce8ea60e9b48d102ac86c8a895aa7b607354,2023-02-14T02:04:03.451000,sent,kaspa:qpu0vccd3yfnzfe4kw453ldwpr4ad3fv95eengrfgumnm6htprvqqmnvm200u,5000000000,
afb908024bd47597448f8e27b905ce8ea60e9b48d102ac86c8a895aa7b607354,2023-02-14T02:04:03.451000,sent,kaspa:qpu0vccd3yfnzfe4kw453ldwpr4ad3fv95eengrfgumnm6htprvqqmnvm200u,5000000000,
baf9023c9607b4a90bee3173cb882e815b9610a2a7357debeeb1eebdd912c585,2023-02-13T02:01:46.413000,sent,kaspa:qzhlhv350zml2fpdzeg9226pa6qrtc94f59spyzyeh8j7kvhcenugtquw3nd9,500000000,
46cb22d4d56da9a8e4c2d5cbf7784fef0006e865420ddd0510c074785b092b79,2023-02-12T20:12:56.987000,received,kaspa:qqt874j85r5ga5av0q6tthj2tu89dfpchjmvjuvx5tyn2vpjjrhk7tcpsx2vu,100000000,
d334379dda0f08aac00545892dd95d1599ef142e86fbe1d8180a0747b7d90194,2023-02-04T14:12:15.797000,received,kaspa:qzhlhv350zml2fpdzeg9226pa6qrtc94f59spyzyeh8j7kvhcenugtquw3nd9,20000000,
d334379dda0f08aac00545892dd95d1599ef142e86fbe1d8180a0747b7d90194,2023-02-04T14:12:15.797000,received,kaspa:qzhlhv350zml2fpdzeg9226pa6qrtc94f59spyzyeh8j7kvhcenugtquw3nd9,20000000,
042eba12b8e10c5e0f802dbba8093fd0831fda0812ed3440ac3ceb95f9725d20,2023-02-04T12:09:37.834000,received,kaspa:qztufe8slzjfdk3urdhqzjywxc69sauhk398a7s8xj2aw9w2w0hgxf3hal545,100000000,
e8f282100593f84f11a5697b74ff837c19c126d19b0bd28bf0429330e3701a05,2023-02-03T16:00:14.203000,sent,kaspa:qqt874j85r5ga5av0q6tthj2tu89dfpchjmvjuvx5tyn2vpjjrhk7tcpsx2vu,1000000000,
d65373c48fd8e8b79cea3a03e61e5462b78bd7bb41eba382d3f6e9209d8cb6da,2023-01-29T14:57:48.391000,sent,kaspa:qpfv7r9h87ma54cctkxg0uvtg8ma9s5sjrww07kknsd4p4us87eh6fpvehnw8,200000000,
79e0c8e387b6c22d66af84570a55dbe03319d4560a19b0ca94260932a12a0b64,2023-01-27T16:07:06.243000,sent,kaspa:qztufe8slzjfdk3urdhqzjywxc69sauhk398a7s8xj2aw9w2w0hgxf3hal545,500000000,
0c1cd6437a97e5725705cf53aa254c21a8ea0470b234fb0bb321dcb42df5e551,2023-01-27T14:37:05.406000,sent,kaspa:qqy87fkpmvz63p42dkwp9pps0xzkrq3u2tyqv2m7n4afwfvuxkxmqhjhzrxy7,1000000000,
08f900c9125ed72146085864bf0af0ebcbe29a12190b81e75208390990ef956f,2023-01-26T19:51:22.953000,sent,kaspa:qzt4zz6phjqztf4d4a5wnjr8wptll6kvph99n3ty26rpv9mufzf024a6499sm,1000000000,
59e4e20e2fd595da0aec43df06d7a71d07c495f641a11c12e3e33b77d2512b7a,2023-01-26T19:48:27.199000,sent,kaspa:qz2avd2dwepm9fcrdr6rqxr2sn2sc880vlsxxwkvjltvckgmm0ya2k556qwy0,500000000,
b24ee5d811c43984a531c2484b67cd29eba90817f484233226bfca18c9aa9d2f,2023-01-25T14:58:17.834000,sent,kaspa:qzq3j6yx0n0v6fuhl9l6xll4r2qmj748nu3ezcrlnlddta7n7u9w2mngfwvsj,5000000000,
ebb206dfc02b260cbc17f2400db44606d04a6a7e55f62f78a04782b431ac7e82,2023-01-25T14:58:02.278000,sent,kaspa:qqy87fkpmvz63p42dkwp9pps0xzkrq3u2tyqv2m7n4afwfvuxkxmqhjhzrxy7,100000000,
7c3d0231ddb65a8c0be24f9f4c37c22d5b3ca9244712c5395d1aabb7d3128b81,2023-01-24T16:20:32.083000,sent,kaspa:qqt874j85r5ga5av0q6tthj2tu89dfpchjmvjuvx5tyn2vpjjrhk7tcpsx2vu,10000000000,
7c3d0231ddb65a8c0be24f9f4c37c22d5b3ca9244712c5395d1aabb7d3128b81,2023-01-24T16:20:32.083000,sent,kaspa:qqt874j85r5ga5av0q6tthj2tu89dfpchjmvjuvx5tyn2vpjjrhk7tcpsx2vu,10000000000,
7c3d0231ddb65a8c0be24f9f4c37c22d5b3ca9244712c5395d1aabb7d3128b81,2023-01-24T16:20:32.083000,sent,kaspa:qqt874j85r5ga5av0q6tthj2tu89dfpchjmvjuvx5tyn2vpjjrhk7tcpsx2vu,10000000000,
5421c2f5272b85f942804e60d9caecac460ca45b88850a4023d88fc6632ced44,2023-01-24T16:19:35.939000,received,kaspa:qz7dfz2279v7j5cp0g3zaw9xa36zrxj64dru3sxlhq33c8svf6ngyr9xeahvc,100000000000,
3c8aa403c5740615e1e26e1ae81a120b9e6adfc5a5e4d5be3c6ad5700c6831dd,2023-01-24T16:03:06.452000,sent,kaspa:qztufe8slzjfdk3urdhqzjywxc69sauhk398a7s8xj2aw9w2w0hgxf3hal545,90000000,
375be5d1ed51cfb493021ec00eb0fb46d525240ad03f49719ee3e9efc7a5b9cd,2023-01-24T16:02:59.604000,received,kaspa:qztufe8slzjfdk3urdhqzjywxc69sauhk398a7s8xj2aw9w2w0hgxf3hal545,100000000,
375be5d1ed51cfb493021ec00eb0fb46d525240ad03f49719ee3e9efc7a5b9cd,2023-01-24T16:02:59.604000,received,kaspa:qztufe8slzjfdk3urdhqzjywxc69sauhk398a7s8xj2aw9w2w0hgxf3hal545,100000000,
375be5d1ed51cfb493021ec00eb0fb46d525240ad03f49719ee3e9efc7a5b9cd,2023-01-24T16:02:59.604000,received,kaspa:qztufe8slzjfdk3urdhqzjywxc69sauhk398a7s8xj2aw9w2w0hgxf3hal545,100000000,
375be5d1ed51cfb493021ec00eb0fb46d525240ad03f49719ee3e9efc7a5b9cd,2023-01-24T16:02:59.604000,received,kaspa:qztufe8slzjfdk3urdhqzjywxc69sauhk398a7s8xj2aw9w2w0hgxf3hal545,100000000,
44e6962c884bc5ae85acf04ee945933c7596b6d68eb020e31bcde40f0c94fd4d,2023-01-24T16:02:18.707000,received,kaspa:qp6wrueggrnpczhzz6tv4up94danj2htvf040hxaapdds0mxsem2ydludewtl,100000000,
