tx_id,timestamp,direction,peer_address,amount_sompi,cex_label
e8da51454dd18d3128ad2a2afde15471e13f08cf3f9d1a2ef171c0c78168b24f,2023-12-16T05:01:02.312000,sent,kaspa:qzslgwenzu78t6tldlng383g7ruu4enaljmnkgaulyrscjp7ldt26x8gfxck5,171940000,
e8da51454dd18d3128ad2a2afde15471e13f08cf3f9d1a2ef171c0c78168b24f,2023-12-16T05:01:02.312000,sent,kaspa:qzslgwenzu78t6tldlng383g7ruu4enaljmnkgaulyrscjp7ldt26x8gfxck5,171940000,
efcaa2863052fb8201693f23f8fea69325a927734d6f4347e93281b135822a9a,2023-12-13T02:00:19.261000,received,kaspa:qypswxtcrv4ssyjaswy5w9387vq73mkuyq85tl34cee6qn5uexqy0csgnafnjx7,171000000,
745dcf6714292387498ba37e4827e5a38b074a6000394368ef265bbcf413eb41,2023-11-29T17:32:09.161000,sent,kaspa:qyp7f3ltayp0p2ln0ehlqlvayjvfrewvdjn4p44rlp033v7rwz6v0vqet8xra6d,18000000,
686f4f5c0abfc06dc2f4ac3a73ee0cdf3c4604a6f0814c5450ef674c7f42754f,2023-11-28T07:35:08.352000,received,kaspa:qrx394nm44ft5mxqxg7z5pgt7rt73l0usfrpm8kz3srqlqww5rmfc3tm8kplr,19000000,
