tx_id,timestamp,direction,peer_address,amount_sompi,cex_label
e4e13f556ca20cdb7dfe1b95af5e0221a02b14cbb5455465959dfc4c85e9101f,2024-10-21T04:50:05.329000,sent,kaspa:qpp804luafc8tjcm3fsu6mtwu9msm2yuhdldnr49vjkety2wq4xhxl2unu9l0,22600000000,
e4e13f556ca20cdb7dfe1b95af5e0221a02b14cbb5455465959dfc4c85e9101f,2024-10-21T04:50:05.329000,sent,kaspa:qpp804luafc8tjcm3fsu6mtwu9msm2yuhdldnr49vjkety2wq4xhxl2unu9l0,22600000000,
47a4dff2edef263f34cc916314c57469bd81a093487fc0cc95ccded0402d0efd,2024-10-20T06:09:22.150000,received,kaspa:qq2g84fyvkhw7dag5rexreugr0njzzx4c0usnnzwjfj09hx99rwk27w0fkduj,22700000000,
47a4dff2edef263f34cc916314c57469bd81a093487fc0cc95ccded0402d0efd,2024-10-20T06:09:22.150000,received,kaspa:qq2g84fyvkhw7dag5rexreugr0njzzx4c0usnnzwjfj09hx99rwk27w0fkduj,22700000000,
b5704e8925c27e553ab02194b02e171435bf98f40d5e773f2a5720b87efc3e99,2024-10-19T12:02:28.694000,sent,kaspa:qpgmt2dn8wcqf0436n0kueap7yx82n7raurlj6aqjc3t3wm9y5ssqtg9e4lsm,22700000000,
351cc6f48a07ff172a55ce0a5d5864845c7e1349c0e0affa36fe7e63c9a73774,2024-10-12T08:19:39.686000,received,kaspa:qq3k4du6wf2g26j7ds6fqmgtgavgm3zy676wntp2e52nsuns2n4s6xkndmx0y,22832700000,
0409f59ae35454c3980baf1096a228c3b40537a926ed6fad30c90fe1da72f3b2,2024-03-27T18:54:03.108000,sent,kaspa:qq9zagcza4jt76eev9jl5z0nqhe0thcu7js8larktj4sle7lvgnw7sfcewlty,3041175000000,
fa0ef41327cd911c059fa19d32e29c51661a8ef6941593e95482b935a542bb0e,2024-03-27T18:49:58.015000,received,kaspa:qq9zagcza4jt76eev9jl5z0nqhe0thcu7js8larktj4sle7lvgnw7sfcewlty,3041176014569,
fa0ef41327cd911c059fa19d32e29c51661a8ef6941593e95482b935a542bb0e,2024-03-27T18:49:58.015000,received,kaspa:qq9zagcza4jt76eev9jl5z0nqhe0thcu7js8larktj4sle7lvgnw7sfcewlty,3041176014569,
fa0ef41327cd911c059fa19d32e29c51661a8ef6941593e95482b935a542bb0e,2024-03-27T18:49:58.015000,received,kaspa:qq9zagcza4jt76eev9jl5z0nqhe0thcu7js8larktj4sle7lvgnw7sfcewlty,3041176014569,
fa0ef41327cd911c059fa19d32e29c51661a8ef6941593e95482b935a542bb0e,2024-03-27T18:49:58.015000,received,kaspa:qq9zagcza4jt76eev9jl5z0nqhe0thcu7js8larktj4sle7lvgnw7sfcewlty,3041176014569,
fa0ef41327cd911c059fa19d32e29c51661a8ef6941593e95482b935a542bb0e,2024-03-27T18:49:58.015000,received,kaspa:qq9zagcza4jt76eev9jl5z0nqhe0thcu7js8larktj4sle7lvgnw7sfcewlty,3041176014569,
fa0ef41327cd911c059fa19d32e29c51661a8ef6941593e95482b935a542bb0e,2024-03-27T18:49:58.015000,received,kaspa:qq9zagcza4jt76eev9jl5z0nqhe0thcu7js8larktj4sle7lvgnw7sfcewlty,3041176014569,
fa0ef41327cd911c059fa19d32e29c51661a8ef6941593e95482b935a542bb0e,2024-03-27T18:49:58.015000,received,kaspa:qq9zagcza4jt76eev9jl5z0nqhe0thcu7js8larktj4sle7lvgnw7sfcewlty,3041176014569,
fa0ef41327cd911c059fa19d32e29c51661a8ef6941593e95482b935a542bb0e,2024-03-27T18:49:58.015000,received,kaspa:qq9zagcza4jt76eev9jl5z0nqhe0thcu7js8larktj4sle7lvgnw7sfcewlty,3041176014569,
fa0ef41327cd911c059fa19d32e29c51661a8ef6941593e95482b935a542bb0e,2024-03-27T18:49:58.015000,received,kaspa:qq9zagcza4jt76eev9jl5z0nqhe0thcu7js8larktj4sle7lvgnw7sfcewlty,3041176014569,
fa0ef41327cd911c059fa19d32e29c51661a8ef6941593e95482b935a542bb0e,2024-03-27T18:49:58.015000,received,kaspa:qq9zagcza4jt76eev9jl5z0nqhe0thcu7js8larktj4sle7lvgnw7sfcewlty,3041176014569,
fa0ef41327cd911c059fa19d32e29c51661a8ef6941593e95482b935a542bb0e,2024-03-27T18:49:58.015000,received,kaspa:qq9zagcza4jt76eev9jl5z0nqhe0thcu7js8larktj4sle7lvgnw7sfcewlty,3041176014569,
fa0ef41327cd911c059fa19d32e29c51661a8ef6941593e95482b935a542bb0e,2024-03-27T18:49:58.015000,received,kaspa:qq9zagcza4jt76eev9jl5z0nqhe0thcu7js8larktj4sle7lvgnw7sfcewlty,3041176014569,
fa0ef41327cd911c059fa19d32e29c51661a8ef6941593e95482b935a542bb0e,2024-03-27T18:49:58.015000,received,kaspa:qq9zagcza4jt76eev9jl5z0nqhe0thcu7js8larktj4sle7lvgnw7sfcewlty,3041176014569,
fa0ef41327cd911c059fa19d32e29c51661a8ef6941593e95482b935a542bb0e,2024-03-27T18:49:58.015000,received,kaspa:qq9zagcza4jt76eev9jl5z0nqhe0thcu7js8larktj4sle7lvgnw7sfcewlty,3041176014569,
fa0ef41327cd911c059fa19d32e29c51661a8ef6941593e95482b935a542bb0e,2024-03-27T18:49:58.015000,received,kaspa:qq9zagcza4jt76eev9jl5z0nqhe0thcu7js8larktj4sle7lvgnw7sfcewlty,3041176014569,
fa0ef41327cd911c059fa19d32e29c51661a8ef6941593e95482b935a542bb0e,2024-03-27T18:49:58.015000,received,kaspa:qq9zagcza4jt76eev9jl5z0nqhe0thcu7js8larktj4sle7lvgnw7sfcewlty,3041176014569,
fa0ef41327cd911c059fa19d32e29c51661a8ef6941593e95482b935a542bb0e,2024-03-27T18:49:58.015000,received,kaspa:qq9zagcza4jt76eev9jl5z0nqhe0thcu7js8larktj4sle7lvgnw7sfcewlty,3041176014569,
fa0ef41327cd911c059fa19d32e29c51661a8ef6941593e95482b935a542bb0e,2024-03-27T18:49:58.015000,received,kaspa:qq9zagcza4jt76eev9jl5z0nqhe0thcu7js8larktj4sle7lvgnw7sfcewlty,3041176014569,
cb170831b0032cb9b029a53b58b3bc4e05c8ee3eab0b86b8295ef2938c3f71bb,2023-12-06T13:58:33.140000,sent,kaspa:qqwvnkp47wsj6n4hkdlgj8dsauyx0xvefunnwvvsmpq2udd0ka8ckmpuqw3k5,786900085488,
02b48a45db5774da018c4119f2f9cdaaa5641add7c863443b4c64fa696dba96c,2023-12-06T13:55:05.872000,received,kaspa:qqetp7ct8kqss99fxmymyz5t3fezppxp0t58wl6pawp27elqd46uudme00cl0,786900185488,
4043648c50981432f5caf5433fe141c628d940b227cb4d95d0056d06887cd167,2023-12-06T02:57:42.575000,sent,kaspa:qzvj6r5tzs92r9d7r6d4mj4qmn80l88xhwc4a0kptklfxt8wgyjz6ptr7pxcn,787900185488,
dabc457fbfbff48e0f4c23682b2cce89c3a87436875adcbc257524acb891b6c4,2023-12-06T02:54:48.352000,received,kaspa:qqwvnkp47wsj6n4hkdlgj8dsauyx0xvefunnwvvsmpq2udd0ka8ckmpuqw3k5,787900285488,
dabc457fbfbff48e0f4c23682b2cce89c3a87436875adcbc257524acb891b6c4,2023-12-06T02:54:48.352000,received,kaspa:qqwvnkp47wsj6n4hkdlgj8dsauyx0xvefunnwvvsmpq2udd0ka8ckmpuqw3k5,787900285488,
dabc457fbfbff48e0f4c23682b2cce89c3a87436875adcbc257524acb891b6c4,2023-12-06T02:54:48.352000,received,kaspa:qqwvnkp47wsj6n4hkdlgj8dsauyx0xvefunnwvvsmpq2udd0ka8ckmpuqw3k5,787900285488,
500b9ce4c233086e2f56c4bf92ca2290f520824130d20a17cbe757716151e4f0,2023-11-24T16:26:50.038000,sent,kaspa:qpp804luafc8tjcm3fsu6mtwu9msm2yuhdldnr49vjkety2wq4xhxl2unu9l0,628471412343,
7d1a67e4eb7452d29f2b28538ac37a746a64ab3e74a6144cc733bad682b1df8a,2023-11-22T00:12:43.649000,received,kaspa:qpcuzqxlqpv8saqdddk8k709a5znrqhdmyd6x9vc6w8w23hfwrwnwl555mdz7,628471512343,
bb8a14de1afd461d997123d6297332a958377005e44b62812fb61a5044d91e51,2023-11-22T00:09:54.353000,sent,kaspa:qpcuzqxlqpv8saqdddk8k709a5znrqhdmyd6x9vc6w8w23hfwrwnwl555mdz7,628471514000,
06470cc3e2fcbcb5b65f60f50e18d016bd45050e7725ae89797ad013ae3f49d7,2023-11-21T23:55:54.365000,received,kaspa:qq3tepzssspmdg90lr86v8thl02m0ms2x4uctp4al7jxvrj0r68kce2h9x77v,628471614000,
