tx_id,timestamp,direction,peer_address,amount_sompi,cex_label
ab4ffddb7c749d7a5c97fa4b43e830d3e5c6188d09d19537e2105113b46c4171,2024-08-05T14:24:18.674000,sent,kaspa:qqnqv3rvnctfyrjteurqm0gmqfu7yjg3949yxpyxxfa4rgm9nt2zxauwq8xvs,1500000000000,
ab4ffddb7c749d7a5c97fa4b43e830d3e5c6188d09d19537e2105113b46c4171,2024-08-05T14:24:18.674000,sent,kaspa:qqrjdl0wvg0jx7l5x880l4sjmlyd9tqduwhw0wzexljx7kch7lcfgac7n5n87,3014484537402,
784ca332b51a9ba1dc547537a97657c2464382122c806920f5fe87e32a86a9a8,2024-08-05T13:27:24.587000,received,kaspa:qpe8zz2ej0wrel2227whamkv8snq2r828nxcvuc5ujzt2wdstkewyqex489ze,4514484539471,
784ca332b51a9ba1dc547537a97657c2464382122c806920f5fe87e32a86a9a8,2024-08-05T13:27:24.587000,received,kaspa:qqmdrrlznz7cgax9jvefm4g4fwtsnnz8r96574qduyjakmyd5rtgc3a4rx0qr,4514484539471,
