tx_id,timestamp,direction,peer_address,amount_sompi,cex_label
9a408bb8e57d419d4388a9135ac1a97807dfba8b0e609352fe545c15024b9c38,2024-02-17T16:45:33.725000,sent,kaspa:qqyrl8sham25c7pvdxlzw5ev4lrfm80k8deymkwrz4kta0w5mma0g67pnq3f2,172980000,
9a408bb8e57d419d4388a9135ac1a97807dfba8b0e609352fe545c15024b9c38,2024-02-17T16:45:33.725000,sent,kaspa:qqyrl8sham25c7pvdxlzw5ev4lrfm80k8deymkwrz4kta0w5mma0g67pnq3f2,172980000,
7c56bfb208d84a9f7cf3c3e5ec22981e2c029578446e2e9fee3b7e6ca77682b0,2023-12-12T21:30:59.278000,received,kaspa:qypswxtcrv4ssyjaswy5w9387vq73mkuyq85tl34cee6qn5uexqy0csgnafnjx7,171000000,
00d88cc0dbf92e66964b9bf48a180d490cdad8107c3b8b6121c9b8982a27def1,2023-11-29T13:02:50.294000,sent,kaspa:qypl7ru9acggtqznza9a5zaeg3e3nwucrrujd6jh6kmrsc5l76qc54qs2ytzysj,18000000,
e088838f327c35bde2dfebae469f908e10d068c94d8256e6eb0c51f378995db7,2023-11-29T00:01:58.956000,received,kaspa:qyp09jwvzzyp0g4fdep2d2fekeh7gss2cd4mnug4jc5uel6xflyzw8csmlsjrqg,20000000,
