tx_id,timestamp,direction,peer_address,amount_sompi,cex_label
9ac9804fe644bde558ec0a4bf95e71d651709a2168e732d5e2523622a4096957,2023-12-16T04:04:04.646000,sent,kaspa:qzslgwenzu78t6tldlng383g7ruu4enaljmnkgaulyrscjp7ldt26x8gfxck5,171940000,
9ac9804fe644bde558ec0a4bf95e71d651709a2168e732d5e2523622a4096957,2023-12-16T04:04:04.646000,sent,kaspa:qzslgwenzu78t6tldlng383g7ruu4enaljmnkgaulyrscjp7ldt26x8gfxck5,171940000,
ce86078bbed924d27cba07147832b21a0d8e42b791c1b507f4e213b3f218b5cf,2023-12-12T09:20:20.486000,received,kaspa:qypswxtcrv4ssyjaswy5w9387vq73mkuyq85tl34cee6qn5uexqy0csgnafnjx7,171000000,
95a66bc4eeee2bb670f1f9268367338b817010168ed8543799d55d6559e9a4de,2023-11-28T13:19:09.550000,sent,kaspa:qypuupac9a2fx9xfq6wt0z7ta2af0ks4tks9hhn4vrzufwxcymq4j0gllcjjlfp,18000000,
18f1d69700c615bed623e7123578cfd66747cb3ccd43462fe2bf2f2f208ae361,2023-11-28T10:06:19.920000,received,kaspa:qq32dlcm3gqcz6lwwlq8x3a0lyslr4hqat2scen8h7ydd2p2mtvdwh03yrrta,19000000,
