tx_id,timestamp,direction,peer_address,amount_sompi,cex_label
81425e559047080d1a3110c05ecf43a92dc40945c0b7fd18c1fcfd70b5486274,2023-12-16T05:03:27.051000,sent,kaspa:qzslgwenzu78t6tldlng383g7ruu4enaljmnkgaulyrscjp7ldt26x8gfxck5,171940000,
81425e559047080d1a3110c05ecf43a92dc40945c0b7fd18c1fcfd70b5486274,2023-12-16T05:03:27.051000,sent,kaspa:qzslgwenzu78t6tldlng383g7ruu4enaljmnkgaulyrscjp7ldt26x8gfxck5,171940000,
a92d771e7f04e8be44850c87dcd007ba5dd1f326bdbd297dd9b29d65214e7fd7,2023-12-13T03:07:19.927000,received,kaspa:qypswxtcrv4ssyjaswy5w9387vq73mkuyq85tl34cee6qn5uexqy0csgnafnjx7,171000000,
dce9f3a77446f98262c574a1aab0004066e2bc7168b65ee2b088e414a497545b,2023-11-29T18:24:51.133000,sent,kaspa:qyphqyc0wurty55f80uwdtt6wa2z57ae33jzvsaz64zsm2npexsj22gmsv8f0x3,18000000,
9acee54078bf00e7de31c1975e651d45f4c6cf1c0b7bb83455d5923adb92c68c,2023-11-28T19:32:32.991000,received,kaspa:qpwhru0ycq9aqhmkwzwsz5q888cxytn6pjlhang56rff0m2ysh727vazd7ejt,19000000,
