tx_id,timestamp,direction,peer_address,amount_sompi,cex_label
6a7d4d0ee5db260aee4c5c440567b1f8b7885b3beed387649377a1a309c5e69e,2024-01-15T13:30:45.457000,sent,kaspa:qqwvnkp47wsj6n4hkdlgj8dsauyx0xvefunnwvvsmpq2udd0ka8ckmpuqw3k5,11093897515,
f31f8344e66ba64af4a3ab1249ed1bb05f1a5b790a5c7eab8ddce650aa579540,2024-01-08T02:13:56.756000,sent,kaspa:qqwvnkp47wsj6n4hkdlgj8dsauyx0xvefunnwvvsmpq2udd0ka8ckmpuqw3k5,22200000000,
260ca8fcf7f6dbd14595955a36655c82f652805d2feb4ce9e31c02db88e9646f,2023-10-14T15:37:59.860000,received,kaspa:qqwvnkp47wsj6n4hkdlgj8dsauyx0xvefunnwvvsmpq2udd0ka8ckmpuqw3k5,33294097515,
260ca8fcf7f6dbd14595955a36655c82f652805d2feb4ce9e31c02db88e9646f,2023-10-14T15:37:59.860000,received,kaspa:qqwvnkp47wsj6n4hkdlgj8dsauyx0xvefunnwvvsmpq2udd0ka8ckmpuqw3k5,33294097515,
260ca8fcf7f6dbd14595955a36655c82f652805d2feb4ce9e31c02db88e9646f,2023-10-14T15:37:59.860000,received,kaspa:qqwvnkp47wsj6n4hkdlgj8dsauyx0xvefunnwvvsmpq2udd0ka8ckmpuqw3k5,33294097515,
260ca8fcf7f6dbd14595955a36655c82f652805d2feb4ce9e31c02db88e9646f,2023-10-14T15:37:59.860000,received,kaspa:qqwvnkp47wsj6n4hkdlgj8dsauyx0xvefunnwvvsmpq2udd0ka8ckmpuqw3k5,33294097515,
260ca8fcf7f6dbd14595955a36655c82f652805d2feb4ce9e31c02db88e9646f,2023-10-14T15:37:59.860000,received,kaspa:qqwvnkp47wsj6n4hkdlgj8dsauyx0xvefunnwvvsmpq2udd0ka8ckmpuqw3k5,33294097515,
