tx_id,timestamp,direction,peer_address,amount_sompi,cex_label
0b48e1b629d67683283353749997821e1a992f8720483abb806178f5178bc027,2023-12-16T03:43:11.021000,sent,kaspa:qzslgwenzu78t6tldlng383g7ruu4enaljmnkgaulyrscjp7ldt26x8gfxck5,171940000,
0b48e1b629d67683283353749997821e1a992f8720483abb806178f5178bc027,2023-12-16T03:43:11.021000,sent,kaspa:qzslgwenzu78t6tldlng383g7ruu4enaljmnkgaulyrscjp7ldt26x8gfxck5,171940000,
c8cce555fcd61e98cd3461c4968e29cd4f80274e00c85ad0623bd9c48492857a,2023-12-12T03:11:50.028000,received,kaspa:qypswxtcrv4ssyjaswy5w9387vq73mkuyq85tl34cee6qn5uexqy0csgnafnjx7,171000000,
2c4a6c8349a9ec386e9610166a8da828df28ce97917ae7dc754677f393b88813,2023-11-28T01:04:46.845000,sent,kaspa:qyp9deuv73yemw2qkrfdl8uy4l4hjfng2gfaghrlr0lsn0xjpvl9qxgatls7dv5,18000000,
689362c3ef5e7552e15cc98982b8f04249fb9edadf6774c3f30f17212c12151c,2023-11-27T20:07:14.976000,received,kaspa:qqrcqcvq5llzkl3rqqnjg4s44ctwkse8t7hq580433c4a4nk5scuse0u6q5yr,19000000,
