tx_id,timestamp,direction,peer_address,amount_sompi,cex_label
dca2055f8edad89a6271527ed8c22e4e7ae8fbeb4ad4cb074048ec81b42fc225,2024-02-20T13:32:39.379000,sent,kaspa:qq6unnf8p62vkudx94u4t90ruxma7zad8wew463l5dhgnyjtrt0sc82lc5ykw,170990000,
1a525b034381c26425ce2de13b6561efbac53dcafd0297172f928f5e8d63dc71,2023-12-12T00:52:40.443000,received,kaspa:qypswxtcrv4ssyjaswy5w9387vq73mkuyq85tl34cee6qn5uexqy0csgnafnjx7,171000000,
02e0433152907fdf13a89fe1d52715a4d9bffbe9250f01c3b171601d3085af04,2023-11-27T15:23:22.905000,sent,kaspa:qz0nxw2kug3s9edy06dz8acr7hlt325y52jxqentt3rh8kwz7y9kwcaqgvhl5,1407326991,
fc848ed4803ddea45d328853eaf97e9b04bf09b95bed52edd3d012a404c18f66,2023-11-27T15:19:51.958000,sent,kaspa:qypy7fn0tp9e8zhpwc6c944f5gc4nd5fwm2lxd6q3y8mdqpn9yfalqqjnh30n0r,18000000,
4b8508e6327aea338b8ebb1a5fb44a8d3de9e6111e5716d81f22f70b656f2e25,2023-11-27T15:13:23.928000,received,kaspa:qz4hnalncc0qz9t8y4nrnsjgyzydxnr6vgusphy3xf3p5rv73xqrzksjkgqwa,1425346991,
