tx_id,timestamp,direction,peer_address,amount_sompi,cex_label
f06d2528637e9aa29848364a1cb6e06c4f01d4f07dd884c75e5b0a8b3c13f6ca,2024-10-01T20:01:47.170000,sent,kaspa:qpn4spaevwklj264zjyjj4zdvr4j8jmyl2q4xs7pgj5wn58ywmrukjrj4xctc,1000000000,
f06d2528637e9aa29848364a1cb6e06c4f01d4f07dd884c75e5b0a8b3c13f6ca,2024-10-01T20:01:47.170000,sent,kaspa:qpn4spaevwklj264zjyjj4zdvr4j8jmyl2q4xs7pgj5wn58ywmrukjrj4xctc,1000000000,
203c281522c80fb1b252637ec30fe97312263e59c21a7bd2e41174c8d1240a27,2024-09-23T15:06:22.974000,received,kaspa:qpgmt2dn8wcqf0436n0kueap7yx82n7raurlj6aqjc3t3wm9y5ssqtg9e4lsm,128971350,
ff9f4eed438c3d95df1dee5b55ed27f761fb22048e0703016534f3024fb1ab77,2024-08-05T22:08:54.813000,sent,kaspa:qypc34fknd7s6gk8vq85zhtdpaa4pxsxjfg3z0d5dt0vfq8rhvenlmg4zuvfxsv,500000000000,
563f7da793ae87c398e7d7823d1dc9711a31790a06e45004dd6b38470282b944,2024-08-05T22:06:04.553000,sent,kaspa:qypc34fknd7s6gk8vq85zhtdpaa4pxsxjfg3z0d5dt0vfq8rhvenlmg4zuvfxsv,1000000000,
563f7da793ae87c398e7d7823d1dc9711a31790a06e45004dd6b38470282b944,2024-08-05T22:06:04.553000,sent,kaspa:qypc34fknd7s6gk8vq85zhtdpaa4pxsxjfg3z0d5dt0vfq8rhvenlmg4zuvfxsv,1000000000,
4c6a5623476cae4aef25de4f76405eee10b373b0f77cf7df5328e391e032e41b,2024-06-29T07:33:12.204000,received,kaspa:qq9zagcza4jt76eev9jl5z0nqhe0thcu7js8larktj4sle7lvgnw7sfcewlty,16931823785,
44d6a96c296093d86f1eb2929732d15506c5eeeb7446bfb4b3f6a128ca870a1c,2024-06-29T07:32:49.689000,sent,kaspa:qztfwel7v2228gagr948ffjlxlc50mdjtgx40q7tehjm8mxa26mmje8dcvsdp,500000000000,
8e50fc86ff100e3922c37e31d4b28d6fbb619165f423f46e850b4504f77086ad,2024-06-09T22:27:03.703000,sent,kaspa:qz7vtgrx5u8gr2hkv77vucgqwc0lg2c0h49d54fu9t0nuj0zz2kszje7mq3w4,10000000000,
8b1bda97e651c555fbc5458856fdfca745d3dbe7af1fec937fe2c244ae093501,2024-03-03T09:03:16.167000,sent,kaspa:qpj0acv90h0u7heju6g6kqwfvyzw4f3luc7wr2y6u96ce3wlr69fz2v84ry8l,1000000000,
8b1bda97e651c555fbc5458856fdfca745d3dbe7af1fec937fe2c244ae093501,2024-03-03T09:03:16.167000,sent,kaspa:qpj0acv90h0u7heju6g6kqwfvyzw4f3luc7wr2y6u96ce3wlr69fz2v84ry8l,1000000000,
76b14bfc66ab4364704dc10842376f9482d5655086518b175d14533612bfb913,2024-02-16T22:32:27.466000,received,kaspa:qq9zagcza4jt76eev9jl5z0nqhe0thcu7js8larktj4sle7lvgnw7sfcewlty,3369103512,
14a3dc162ca8767ba9501ab0c35ed858a660a83c7061786c8be5ca2e9358e084,2024-02-06T11:54:35.264000,sent,kaspa:qrjlhem050vt4guf9l8qeep2p5esye7ck4dgcez05u34yytdq23gxlpxlasp6,1100000000000,
14a3dc162ca8767ba9501ab0c35ed858a660a83c7061786c8be5ca2e9358e084,2024-02-06T11:54:35.264000,sent,kaspa:qrjlhem050vt4guf9l8qeep2p5esye7ck4dgcez05u34yytdq23gxlpxlasp6,1100000000000,
14a3dc162ca8767ba9501ab0c35ed858a660a83c7061786c8be5ca2e9358e084,2024-02-06T11:54:35.264000,sent,kaspa:qrjlhem050vt4guf9l8qeep2p5esye7ck4dgcez05u34yytdq23gxlpxlasp6,1100000000000,
c4c6e423c0e1d0cac92fca88569ec919dd43636188f2ab0ba421e4bfdeb1531a,2024-02-06T11:33:08.237000,received,kaspa:qq9zagcza4jt76eev9jl5z0nqhe0thcu7js8larktj4sle7lvgnw7sfcewlty,49974003449,
129145aec197859ddec53caee7f23fb233c3d8a63a49e8991208d1c3de027c30,2024-02-06T11:28:14.095000,received,kaspa:qq9zagcza4jt76eev9jl5z0nqhe0thcu7js8larktj4sle7lvgnw7sfcewlty,9994003357,
129145aec197859ddec53caee7f23fb233c3d8a63a49e8991208d1c3de027c30,2024-02-06T11:28:14.095000,received,kaspa:qq9zagcza4jt76eev9jl5z0nqhe0thcu7js8larktj4sle7lvgnw7sfcewlty,9994003357,
bb8d11bef341162fa7ddb9d93383f1e9461a2ce12fceeff975be63c63cb0af7a,2024-02-06T11:24:35.520000,sent,kaspa:qypc34fknd7s6gk8vq85zhtdpaa4pxsxjfg3z0d5dt0vfq8rhvenlmg4zuvfxsv,4000000000000,
bd3aab2ffb08f45aa705d8422fb9b4e3be74a6af78db598999cfe1a9fa67a6df,2024-02-06T10:48:03.845000,sent,kaspa:qypc34fknd7s6gk8vq85zhtdpaa4pxsxjfg3z0d5dt0vfq8rhvenlmg4zuvfxsv,100000000000,
2c4e435fda478c144d1df153ceb6d690689c8e4818046f03591528d33611ebab,2024-02-06T09:55:28.567000,sent,kaspa:qqsp05p4ae2ydjy2wjzn4mk5dvdxj7e7c3tdj7xtg8d5mc7v6qnmvnrdw4nm2,100000000000,
2c4e435fda478c144d1df153ceb6d690689c8e4818046f03591528d33611ebab,2024-02-06T09:55:28.567000,sent,kaspa:qqsp05p4ae2ydjy2wjzn4mk5dvdxj7e7c3tdj7xtg8d5mc7v6qnmvnrdw4nm2,100000000000,
aa6412e39f3618d8c84d930eab69fd6652782b33fe93e6710c5c073c881b619a,2023-12-06T18:23:05.377000,received,kaspa:qqetp7ct8kqss99fxmymyz5t3fezppxp0t58wl6pawp27elqd46uudme00cl0,999014000000,
d84c299e8c4a4acda07afb43d3197c1ad3a21bc3060c373e62730673486e32d8,2023-12-05T05:44:04.572000,sent,kaspa:qrr7pnjf2jjgnf3rsf7gxxc4g5zzg3l9n5ckuefypk0cmqzmx2c6z4vsqn6df,748800000000,
2fcf9cbb1e750d7d6e4160e26bdbf7c9c67223ec40d71d53d6aa52f6b751b763,2023-12-05T05:40:53.309000,sent,kaspa:qp948p3dl2ns4ts6lq5vv0wp024atnvesjev4psrrvvjqvls2hf4chldz9rfq,1000000000,
e15d4e61d0939e685870410b03ed0d683d13217bfdb514ed8b0fc6e7bb5b8e0e,2023-12-03T17:06:09.484000,sent,kaspa:qzrlx77xef50cj84r0d8785vfky0v323qvcefjehyagg4sjq2z89uhyfy3fqc,1000000000,
c91041405944742522ca1643699e6d18b73240547aa1144d14d9e39ca1f21542,2023-10-03T04:47:09.959000,sent,kaspa:qpfuth0pkrxpl4r443qn4nf7tzlykq0fq57wng4agkvsdfferl7xcnz8e4p9e,100000000000,
a3a529366622ff4d16d16877034703b7f55ddd9e919109d1fb8763798040527d,2023-09-06T14:28:46.929000,sent,kaspa:qypc34fknd7s6gk8vq85zhtdpaa4pxsxjfg3z0d5dt0vfq8rhvenlmg4zuvfxsv,100000000000,
76bb9b72ee6a11568f3ae8be87bd708654214fbfb0d6c967cbe537f9232a7f00,2023-05-25T21:06:29.708000,sent,kaspa:qypc34fknd7s6gk8vq85zhtdpaa4pxsxjfg3z0d5dt0vfq8rhvenlmg4zuvfxsv,200000000000,
fcaa1de951b03fa91bdac873bae10e9c57d0082387530885d917fd3e88a1d12d,2023-04-13T19:21:09.177000,sent,kaspa:qrppwaj5967lqpxgjsun9ngmwd58puz4qatnemrskgg8xeu6avu6ypdmrt3hj,200000000000,
42b1d436a1b730a75970d535ca980e1dece17086e4905314fc1fc4379e16dd1d,2023-04-13T18:54:14.557000,sent,kaspa:qp52ztet8twq8g73wdu9cn0j7xajhdyl6d02pzkchd5cmqc7vctvxza4zzezp,100000000000,
42b1d436a1b730a75970d535ca980e1dece17086e4905314fc1fc4379e16dd1d,2023-04-13T18:54:14.557000,sent,kaspa:qp52ztet8twq8g73wdu9cn0j7xajhdyl6d02pzkchd5cmqc7vctvxza4zzezp,100000000000,
dcd20e46b126d0242c68f65ab564d3671804ad9b190811b983dfca9586955455,2023-04-13T18:39:37.494000,received,kaspa:qypc34fknd7s6gk8vq85zhtdpaa4pxsxjfg3z0d5dt0vfq8rhvenlmg4zuvfxsv,100000000000,
48f63c5ab8b1de9ce0867346ac5ff7bf2ae71300086a57c645bb53fe68da0a45,2023-03-13T20:50:17.560000,sent,kaspa:qqwvnkp47wsj6n4hkdlgj8dsauyx0xvefunnwvvsmpq2udd0ka8ckmpuqw3k5,1500000000000,
48f63c5ab8b1de9ce0867346ac5ff7bf2ae71300086a57c645bb53fe68da0a45,2023-03-13T20:50:17.560000,sent,kaspa:qqwvnkp47wsj6n4hkdlgj8dsauyx0xvefunnwvvsmpq2udd0ka8ckmpuqw3k5,1500000000000,
f1f58fc229335422e446c2627532c0732c86bbc6edc17f8cfc4801d6f494dffe,2023-03-11T17:46:28.810000,received,kaspa:qpjunp39ssazf4rzfxxu0hd35xggfxn6lq0ls9u9q6peevzcmcv4xmv9q4njd,10000000000000,
e7cfa41b6b9f4bfe946c14c9b19b2c2623777124941af3b0679759f2f84654cf,2023-03-10T18:51:30.109000,received,kaspa:qpjunp39ssazf4rzfxxu0hd35xggfxn6lq0ls9u9q6peevzcmcv4xmv9q4njd,100000000000,
