tx_id,timestamp,direction,peer_address,amount_sompi,cex_label
c9be1197cdc6d3ad7d63b83b764006ecadddf726af318593a9c9b87c109b94c3,2024-01-18T23:12:09.505000,sent,kaspa:qpjunp39ssazf4rzfxxu0hd35xggfxn6lq0ls9u9q6peevzcmcv4xmv9q4njd,879999120000,
e5d799e19262c6968d38e48ed85d4406f9578c54b76dd1b18fe82adec98fa82f,2023-12-26T08:25:26.843000,sent,kaspa:qpjunp39ssazf4rzfxxu0hd35xggfxn6lq0ls9u9q6peevzcmcv4xmv9q4njd,17599999120000,
0069d8d9c60d20929679ed8f0455072828ab96a1c0a97b6f4eb396ebc98121c3,2023-12-17T19:01:57.057000,sent,kaspa:qpzpfwcsqsxhxwup26r55fd0ghqlhyugz8cp6y3wxuddc02vcxtjg75pspnwz,30000000000000,MEXC
0069d8d9c60d20929679ed8f0455072828ab96a1c0a97b6f4eb396ebc98121c3,2023-12-17T19:01:57.057000,sent,kaspa:qpjunp39ssazf4rzfxxu0hd35xggfxn6lq0ls9u9q6peevzcmcv4xmv9q4njd,32303216154,
c570532df4c831c859fc08608fb5df114c2650f40cd9ac9541f2c2a7e5f15a5a,2023-12-17T18:36:28.165000,sent,kaspa:qpzpfwcsqsxhxwup26r55fd0ghqlhyugz8cp6y3wxuddc02vcxtjg75pspnwz,30000000000000,MEXC
c570532df4c831c859fc08608fb5df114c2650f40cd9ac9541f2c2a7e5f15a5a,2023-12-17T18:36:28.165000,sent,kaspa:qpjunp39ssazf4rzfxxu0hd35xggfxn6lq0ls9u9q6peevzcmcv4xmv9q4njd,1660494436851,
c570532df4c831c859fc08608fb5df114c2650f40cd9ac9541f2c2a7e5f15a5a,2023-12-17T18:36:28.165000,sent,kaspa:qpzpfwcsqsxhxwup26r55fd0ghqlhyugz8cp6y3wxuddc02vcxtjg75pspnwz,30000000000000,MEXC
c570532df4c831c859fc08608fb5df114c2650f40cd9ac9541f2c2a7e5f15a5a,2023-12-17T18:36:28.165000,sent,kaspa:qpjunp39ssazf4rzfxxu0hd35xggfxn6lq0ls9u9q6peevzcmcv4xmv9q4njd,1660494436851,
8c8b56296d558c80e051cd3d9d8da4c0179e010e333e09e6f6672ef83a0dd7c6,2023-12-17T12:01:41.610000,received,kaspa:qqwvnkp47wsj6n4hkdlgj8dsauyx0xvefunnwvvsmpq2udd0ka8ckmpuqw3k5,2155798612234,
8c8b56296d558c80e051cd3d9d8da4c0179e010e333e09e6f6672ef83a0dd7c6,2023-12-17T12:01:41.610000,received,kaspa:qqwvnkp47wsj6n4hkdlgj8dsauyx0xvefunnwvvsmpq2udd0ka8ckmpuqw3k5,2155798612234,
aea5bd28e046587ce66d783f02beea92ae14116ac579a4fdfe23aadf2e278fef,2023-12-17T11:37:16.511000,received,kaspa:qqwvnkp47wsj6n4hkdlgj8dsauyx0xvefunnwvvsmpq2udd0ka8ckmpuqw3k5,2000000000000,
4780f3de8b93679e045a61e148818416ffa95eca99547a2b31ab43450635a4d4,2023-12-17T11:09:19.286000,received,kaspa:qqwvnkp47wsj6n4hkdlgj8dsauyx0xvefunnwvvsmpq2udd0ka8ckmpuqw3k5,500000000000,
4780f3de8b93679e045a61e148818416ffa95eca99547a2b31ab43450635a4d4,2023-12-17T11:09:19.286000,received,kaspa:qqwvnkp47wsj6n4hkdlgj8dsauyx0xvefunnwvvsmpq2udd0ka8ckmpuqw3k5,500000000000,
54e66a0dcbc655959ce46991c84bfc7d438570c5e77c190ddc6be2798b74b976,2023-12-17T10:45:52.111000,received,kaspa:qqwvnkp47wsj6n4hkdlgj8dsauyx0xvefunnwvvsmpq2udd0ka8ckmpuqw3k5,10000000000,
54e66a0dcbc655959ce46991c84bfc7d438570c5e77c190ddc6be2798b74b976,2023-12-17T10:45:52.111000,received,kaspa:qqwvnkp47wsj6n4hkdlgj8dsauyx0xvefunnwvvsmpq2udd0ka8ckmpuqw3k5,10000000000,
54e66a0dcbc655959ce46991c84bfc7d438570c5e77c190ddc6be2798b74b976,2023-12-17T10:45:52.111000,received,kaspa:qqwvnkp47wsj6n4hkdlgj8dsauyx0xvefunnwvvsmpq2udd0ka8ckmpuqw3k5,10000000000,
54e66a0dcbc655959ce46991c84bfc7d438570c5e77c190ddc6be2798b74b976,2023-12-17T10:45:52.111000,received,kaspa:qqwvnkp47wsj6n4hkdlgj8dsauyx0xvefunnwvvsmpq2udd0ka8ckmpuqw3k5,10000000000,
54e66a0dcbc655959ce46991c84bfc7d438570c5e77c190ddc6be2798b74b976,2023-12-17T10:45:52.111000,received,kaspa:qqwvnkp47wsj6n4hkdlgj8dsauyx0xvefunnwvvsmpq2udd0ka8ckmpuqw3k5,10000000000,
54e66a0dcbc655959ce46991c84bfc7d438570c5e77c190ddc6be2798b74b976,2023-12-17T10:45:52.111000,received,kaspa:qqwvnkp47wsj6n4hkdlgj8dsauyx0xvefunnwvvsmpq2udd0ka8ckmpuqw3k5,10000000000,
54e66a0dcbc655959ce46991c84bfc7d438570c5e77c190ddc6be2798b74b976,2023-12-17T10:45:52.111000,received,kaspa:qqwvnkp47wsj6n4hkdlgj8dsauyx0xvefunnwvvsmpq2udd0ka8ckmpuqw3k5,10000000000,
54e66a0dcbc655959ce46991c84bfc7d438570c5e77c190ddc6be2798b74b976,2023-12-17T10:45:52.111000,received,kaspa:qqwvnkp47wsj6n4hkdlgj8dsauyx0xvefunnwvvsmpq2udd0ka8ckmpuqw3k5,10000000000,
54e66a0dcbc655959ce46991c84bfc7d438570c5e77c190ddc6be2798b74b976,2023-12-17T10:45:52.111000,received,kaspa:qqwvnkp47wsj6n4hkdlgj8dsauyx0xvefunnwvvsmpq2udd0ka8ckmpuqw3k5,10000000000,
54e66a0dcbc655959ce46991c84bfc7d438570c5e77c190ddc6be2798b74b976,2023-12-17T10:45:52.111000,received,kaspa:qqwvnkp47wsj6n4hkdlgj8dsauyx0xvefunnwvvsmpq2udd0ka8ckmpuqw3k5,10000000000,
54e66a0dcbc655959ce46991c84bfc7d438570c5e77c190ddc6be2798b74b976,2023-12-17T10:45:52.111000,received,kaspa:qqwvnkp47wsj6n4hkdlgj8dsauyx0xvefunnwvvsmpq2udd0ka8ckmpuqw3k5,10000000000,
54e66a0dcbc655959ce46991c84bfc7d438570c5e77c190ddc6be2798b74b976,2023-12-17T10:45:52.111000,received,kaspa:qqwvnkp47wsj6n4hkdlgj8dsauyx0xvefunnwvvsmpq2udd0ka8ckmpuqw3k5,10000000000,
54e66a0dcbc655959ce46991c84bfc7d438570c5e77c190ddc6be2798b74b976,2023-12-17T10:45:52.111000,received,kaspa:qqwvnkp47wsj6n4hkdlgj8dsauyx0xvefunnwvvsmpq2udd0ka8ckmpuqw3k5,10000000000,
54e66a0dcbc655959ce46991c84bfc7d438570c5e77c190ddc6be2798b74b976,2023-12-17T10:45:52.111000,received,kaspa:qqwvnkp47wsj6n4hkdlgj8dsauyx0xvefunnwvvsmpq2udd0ka8ckmpuqw3k5,10000000000,
54e66a0dcbc655959ce46991c84bfc7d438570c5e77c190ddc6be2798b74b976,2023-12-17T10:45:52.111000,received,kaspa:qqwvnkp47wsj6n4hkdlgj8dsauyx0xvefunnwvvsmpq2udd0ka8ckmpuqw3k5,10000000000,
54e66a0dcbc655959ce46991c84bfc7d438570c5e77c190ddc6be2798b74b976,2023-12-17T10:45:52.111000,received,kaspa:qqwvnkp47wsj6n4hkdlgj8dsauyx0xvefunnwvvsmpq2udd0ka8ckmpuqw3k5,10000000000,
54e66a0dcbc655959ce46991c84bfc7d438570c5e77c190ddc6be2798b74b976,2023-12-17T10:45:52.111000,received,kaspa:qqwvnkp47wsj6n4hkdlgj8dsauyx0xvefunnwvvsmpq2udd0ka8ckmpuqw3k5,10000000000,
54e66a0dcbc655959ce46991c84bfc7d438570c5e77c190ddc6be2798b74b976,2023-12-17T10:45:52.111000,received,kaspa:qqwvnkp47wsj6n4hkdlgj8dsauyx0xvefunnwvvsmpq2udd0ka8ckmpuqw3k5,10000000000,
c8237ea6205416631734772768aad7ff64ff6acffabc79069a05300b15a7b156,2023-12-17T10:26:46.957000,sent,kaspa:qpzpfwcsqsxhxwup26r55fd0ghqlhyugz8cp6y3wxuddc02vcxtjg75pspnwz,30000000000000,MEXC
c8237ea6205416631734772768aad7ff64ff6acffabc79069a05300b15a7b156,2023-12-17T10:26:46.957000,sent,kaspa:qpjunp39ssazf4rzfxxu0hd35xggfxn6lq0ls9u9q6peevzcmcv4xmv9q4njd,163415169728,
35f17ddfb7a44675310d600e96f9c567061f588ca91da959bd33ce3ff8ffd17f,2023-12-17T10:22:58.776000,received,kaspa:qqz8f2re64n2h3pjhjxtk434dua8zkjffdkqxslf7nvm0k4ja3yszvyyjmyqj,4462000000000,
4db83b0e68dc7b7c1505af9f3f5595a483ccd46e353999c9daf5408823dda7c3,2023-12-17T10:01:23.068000,received,kaspa:qqz8f2re64n2h3pjhjxtk434dua8zkjffdkqxslf7nvm0k4ja3yszvyyjmyqj,200000000000,
4db83b0e68dc7b7c1505af9f3f5595a483ccd46e353999c9daf5408823dda7c3,2023-12-17T10:01:23.068000,received,kaspa:qqz8f2re64n2h3pjhjxtk434dua8zkjffdkqxslf7nvm0k4ja3yszvyyjmyqj,200000000000,
4db83b0e68dc7b7c1505af9f3f5595a483ccd46e353999c9daf5408823dda7c3,2023-12-17T10:01:23.068000,received,kaspa:qqz8f2re64n2h3pjhjxtk434dua8zkjffdkqxslf7nvm0k4ja3yszvyyjmyqj,200000000000,
