tx_id,timestamp,direction,peer_address,amount_sompi,cex_label
9e1f971e4ae86f6e50908d6f36f7db03f86024274f6e9510d37932abe268550a,2025-05-25T01:48:55.167000,received,kaspa:qpyk00q6cvkm8dhtam5lsgpztpuljv7leyr9wnu7pmkv2muja37cy408ypmwq,9166408158,
c341b8ac5ace487bc4b8424b1d05cb351cba15e8de58931d8b11bc0ce5ec278c,2025-05-23T01:02:22.833000,received,kaspa:qpyk00q6cvkm8dhtam5lsgpztpuljv7leyr9wnu7pmkv2muja37cy408ypmwq,9855650240,
b7b2767de7ef3770f135d0dd72bd74d21fdae1cfb12c8db80e6a8e4bc4ee67b4,2025-05-21T01:11:06.066000,sent,kaspa:qpzpfwcsqsxhxwup26r55fd0ghqlhyugz8cp6y3wxuddc02vcxtjg75pspnwz,57131744528,MEXC
b7b2767de7ef3770f135d0dd72bd74d21fdae1cfb12c8db80e6a8e4bc4ee67b4,2025-05-21T01:11:06.066000,sent,kaspa:qpzpfwcsqsxhxwup26r55fd0ghqlhyugz8cp6y3wxuddc02vcxtjg75pspnwz,57131744528,MEXC
b7b2767de7ef3770f135d0dd72bd74d21fdae1cfb12c8db80e6a8e4bc4ee67b4,2025-05-21T01:11:06.066000,sent,kaspa:qpzpfwcsqsxhxwup26r55fd0ghqlhyugz8cp6y3wxuddc02vcxtjg75pspnwz,57131744528,MEXC
b7b2767de7ef3770f135d0dd72bd74d21fdae1cfb12c8db80e6a8e4bc4ee67b4,2025-05-21T01:11:06.066000,sent,kaspa:qpzpfwcsqsxhxwup26r55fd0ghqlhyugz8cp6y3wxuddc02vcxtjg75pspnwz,57131744528,MEXC
b7b2767de7ef3770f135d0dd72bd74d21fdae1cfb12c8db80e6a8e4bc4ee67b4,2025-05-21T01:11:06.066000,sent,kaspa:qpzpfwcsqsxhxwup26r55fd0ghqlhyugz8cp6y3wxuddc02vcxtjg75pspnwz,57131744528,MEXC
b7b2767de7ef3770f135d0dd72bd74d21fdae1cfb12c8db80e6a8e4bc4ee67b4,2025-05-21T01:11:06.066000,sent,kaspa:qpzpfwcsqsxhxwup26r55fd0ghqlhyugz8cp6y3wxuddc02vcxtjg75pspnwz,57131744528,MEXC
b7b2767de7ef3770f135d0dd72bd74d21fdae1cfb12c8db80e6a8e4bc4ee67b4,2025-05-21T01:11:06.066000,sent,kaspa:qpzpfwcsqsxhxwup26r55fd0ghqlhyugz8cp6y3wxuddc02vcxtjg75pspnwz,57131744528,MEXC
dbb3cd16609bf5a902d776b424205ca3487c41847886feb6ac3799760b7ea964,2025-05-21T01:02:26.963000,received,kaspa:qpyk00q6cvkm8dhtam5lsgpztpuljv7leyr9wnu7pmkv2muja37cy408ypmwq,9234423327,
c009ca2ef2ba05f9d02808edb81f3260ea57da7b2446e14782799f24981d65bc,2025-05-19T01:01:54.405000,received,kaspa:qpyk00q6cvkm8dhtam5lsgpztpuljv7leyr9wnu7pmkv2muja37cy408ypmwq,9201917170,
ac57f536180c3385d93e88b8646b50ace417a8e8ee7acc3dfceee38591be537a,2025-05-17T01:01:48.967000,received,kaspa:qpyk00q6cvkm8dhtam5lsgpztpuljv7leyr9wnu7pmkv2muja37cy408ypmwq,9234779057,
e530c20045f00c43990ee6dda388573af3ab6e863eba8e16fc5a4b76170d97ec,2025-05-15T01:05:21.884000,received,kaspa:qpyk00q6cvkm8dhtam5lsgpztpuljv7leyr9wnu7pmkv2muja37cy408ypmwq,9632218306,
2db7e39f40cc922c75884d1353ab7eeca074b19cfa442837d4af9ef908be2b09,2025-05-13T01:01:59.866000,received,kaspa:qpyk00q6cvkm8dhtam5lsgpztpuljv7leyr9wnu7pmkv2muja37cy408ypmwq,9608265503,
6e1fc4da2fb0cd2c7f6305efa2d029113f225c56e126b0ddb5ffc714ca165ce4,2025-05-11T01:07:14.290000,received,kaspa:qpyk00q6cvkm8dhtam5lsgpztpuljv7leyr9wnu7pmkv2muja37cy408ypmwq,10221152145,
dd24bf83624caefc1aedaa8976055af56b993b3bc671c97ff426722086f55ab8,2025-05-10T03:16:29.521000,sent,kaspa:qpzpfwcsqsxhxwup26r55fd0ghqlhyugz8cp6y3wxuddc02vcxtjg75pspnwz,55703645804,MEXC
dd24bf83624caefc1aedaa8976055af56b993b3bc671c97ff426722086f55ab8,2025-05-10T03:16:29.521000,sent,kaspa:qpzpfwcsqsxhxwup26r55fd0ghqlhyugz8cp6y3wxuddc02vcxtjg75pspnwz,55703645804,MEXC
dd24bf83624caefc1aedaa8976055af56b993b3bc671c97ff426722086f55ab8,2025-05-10T03:16:29.521000,sent,kaspa:qpzpfwcsqsxhxwup26r55fd0ghqlhyugz8cp6y3wxuddc02vcxtjg75pspnwz,55703645804,MEXC
dd24bf83624caefc1aedaa8976055af56b993b3bc671c97ff426722086f55ab8,2025-05-10T03:16:29.521000,sent,kaspa:qpzpfwcsqsxhxwup26r55fd0ghqlhyugz8cp6y3wxuddc02vcxtjg75pspnwz,55703645804,MEXC
dd24bf83624caefc1aedaa8976055af56b993b3bc671c97ff426722086f55ab8,2025-05-10T03:16:29.521000,sent,kaspa:qpzpfwcsqsxhxwup26r55fd0ghqlhyugz8cp6y3wxuddc02vcxtjg75pspnwz,55703645804,MEXC
dd24bf83624caefc1aedaa8976055af56b993b3bc671c97ff426722086f55ab8,2025-05-10T03:16:29.521000,sent,kaspa:qpzpfwcsqsxhxwup26r55fd0ghqlhyugz8cp6y3wxuddc02vcxtjg75pspnwz,55703645804,MEXC
dd24bf83624caefc1aedaa8976055af56b993b3bc671c97ff426722086f55ab8,2025-05-10T03:16:29.521000,sent,kaspa:qpzpfwcsqsxhxwup26r55fd0ghqlhyugz8cp6y3wxuddc02vcxtjg75pspnwz,55703645804,MEXC
dd24bf83624caefc1aedaa8976055af56b993b3bc671c97ff426722086f55ab8,2025-05-10T03:16:29.521000,sent,kaspa:qpzpfwcsqsxhxwup26r55fd0ghqlhyugz8cp6y3wxuddc02vcxtjg75pspnwz,55703645804,MEXC
dd24bf83624caefc1aedaa8976055af56b993b3bc671c97ff426722086f55ab8,2025-05-10T03:16:29.521000,sent,kaspa:qpzpfwcsqsxhxwup26r55fd0ghqlhyugz8cp6y3wxuddc02vcxtjg75pspnwz,55703645804,MEXC
a3f70e5af0701ceb3dfd215c0c99726c6e01e97c5feeed84b3294cdd1b9c05c4,2025-05-09T01:01:52.506000,received,kaspa:qpyk00q6cvkm8dhtam5lsgpztpuljv7leyr9wnu7pmkv2muja37cy408ypmwq,9798230916,
5456481862a5686560f3a2cc160e43ab9257fb9c220a4aee3b08e197946e3033,2025-05-07T01:02:25.670000,received,kaspa:qpyk00q6cvkm8dhtam5lsgpztpuljv7leyr9wnu7pmkv2muja37cy408ypmwq,9564876068,
4cec7c8e4dd8cc834779c43cb48aa36f0d2522027d0cb30f1197a86262dc3718,2025-05-05T01:01:58.133000,received,kaspa:qpyk00q6cvkm8dhtam5lsgpztpuljv7leyr9wnu7pmkv2muja37cy408ypmwq,9409919554,
8b570852e3393c56100b36bb84811852a35edfab18f982a7260de797f8b834a5,2025-05-03T01:02:25.198000,received,kaspa:qpyk00q6cvkm8dhtam5lsgpztpuljv7leyr9wnu7pmkv2muja37cy408ypmwq,5007718617,
5366774de9e15f5de21b26fda8c05b2ec8b4fc904d4d6d5cd9b19d2fcd7b565c,2025-05-02T01:02:12.798000,received,kaspa:qpyk00q6cvkm8dhtam5lsgpztpuljv7leyr9wnu7pmkv2muja37cy408ypmwq,5038908302,
2fbbb5226186948e9068296f81009d74552a953779df7c1a78413d1d7c0bccaa,2025-05-01T01:04:17.349000,received,kaspa:qpyk00q6cvkm8dhtam5lsgpztpuljv7leyr9wnu7pmkv2muja37cy408ypmwq,5540882062,
21213ff257931e9f8bb46371bae20a2a801fde3922c23ea103d28e39ff257222,2025-04-30T01:02:07.243000,received,kaspa:qpyk00q6cvkm8dhtam5lsgpztpuljv7leyr9wnu7pmkv2muja37cy408ypmwq,6153481556,
c16bbef3ba430de538fc0e375755f9400ec971a282dc608520476a030b760a70,2025-04-28T01:02:20.031000,received,kaspa:qpyk00q6cvkm8dhtam5lsgpztpuljv7leyr9wnu7pmkv2muja37cy408ypmwq,5190639709,
647dc937a9982456b3070ca907dcedab4ab7dcc675fb4589dc0206fea02615d3,2025-04-27T01:13:27.580000,sent,kaspa:qpzpfwcsqsxhxwup26r55fd0ghqlhyugz8cp6y3wxuddc02vcxtjg75pspnwz,56591238787,MEXC
647dc937a9982456b3070ca907dcedab4ab7dcc675fb4589dc0206fea02615d3,2025-04-27T01:13:27.580000,sent,kaspa:qpzpfwcsqsxhxwup26r55fd0ghqlhyugz8cp6y3wxuddc02vcxtjg75pspnwz,56591238787,MEXC
647dc937a9982456b3070ca907dcedab4ab7dcc675fb4589dc0206fea02615d3,2025-04-27T01:13:27.580000,sent,kaspa:qpzpfwcsqsxhxwup26r55fd0ghqlhyugz8cp6y3wxuddc02vcxtjg75pspnwz,56591238787,MEXC
647dc937a9982456b3070ca907dcedab4ab7dcc675fb4589dc0206fea02615d3,2025-04-27T01:13:27.580000,sent,kaspa:qpzpfwcsqsxhxwup26r55fd0ghqlhyugz8cp6y3wxuddc02vcxtjg75pspnwz,56591238787,MEXC
647dc937a9982456b3070ca907dcedab4ab7dcc675fb4589dc0206fea02615d3,2025-04-27T01:13:27.580000,sent,kaspa:qpzpfwcsqsxhxwup26r55fd0ghqlhyugz8cp6y3wxuddc02vcxtjg75pspnwz,56591238787,MEXC
647dc937a9982456b3070ca907dcedab4ab7dcc675fb4589dc0206fea02615d3,2025-04-27T01:13:27.580000,sent,kaspa:qpzpfwcsqsxhxwup26r55fd0ghqlhyugz8cp6y3wxuddc02vcxtjg75pspnwz,56591238787,MEXC
647dc937a9982456b3070ca907dcedab4ab7dcc675fb4589dc0206fea02615d3,2025-04-27T01:13:27.580000,sent,kaspa:qpzpfwcsqsxhxwup26r55fd0ghqlhyugz8cp6y3wxuddc02vcxtjg75pspnwz,56591238787,MEXC
647dc937a9982456b3070ca907dcedab4ab7dcc675fb4589dc0206fea02615d3,2025-04-27T01:13:27.580000,sent,kaspa:qpzpfwcsqsxhxwup26r55fd0ghqlhyugz8cp6y3wxuddc02vcxtjg75pspnwz,56591238787,MEXC
647dc937a9982456b3070ca907dcedab4ab7dcc675fb4589dc0206fea02615d3,2025-04-27T01:13:27.580000,sent,kaspa:qpzpfwcsqsxhxwup26r55fd0ghqlhyugz8cp6y3wxuddc02vcxtjg75pspnwz,56591238787,MEXC
138038c577a837f6e03a73d185cc6b201fbfa68f338b8d0949e3a48b64a0cedc,2025-04-27T01:02:02.057000,received,kaspa:qpyk00q6cvkm8dhtam5lsgpztpuljv7leyr9wnu7pmkv2muja37cy408ypmwq,9581410904,
138038c577a837f6e03a73d185cc6b201fbfa68f338b8d0949e3a48b64a0cedc,2025-04-27T01:02:02.057000,received,kaspa:qpyk00q6cvkm8dhtam5lsgpztpuljv7leyr9wnu7pmkv2muja37cy408ypmwq,9581410904,
528221c540f9ae65185eb1a9b947bccc1ee67dca799d22116996b0871894e281,2025-04-25T01:02:25.794000,received,kaspa:qpyk00q6cvkm8dhtam5lsgpztpuljv7leyr9wnu7pmkv2muja37cy408ypmwq,5119004208,
91e77a85e68f6dda2db364a1bc7a2756549c47c7a12d30d81a6cb9d95d4cb74b,2025-04-24T01:49:36.912000,received,kaspa:qpyk00q6cvkm8dhtam5lsgpztpuljv7leyr9wnu7pmkv2muja37cy408ypmwq,10014337730,
2684959f385b2ef9a9bf4c328e8e724c43d3f8f83fdb1a59dfdbb86674a23caa,2025-04-22T01:05:59.493000,received,kaspa:qpyk00q6cvkm8dhtam5lsgpztpuljv7leyr9wnu7pmkv2muja37cy408ypmwq,5445273958,
3a06193d8ebe5ae0a57373c8738d1fbd586b4f1eef4bc1ab795a97e81caa5c91,2025-04-21T01:02:13.306000,received,kaspa:qpyk00q6cvkm8dhtam5lsgpztpuljv7leyr9wnu7pmkv2muja37cy408ypmwq,5282254282,
8a461c203e3c2483c1d682d0c4eb4dbd3e3e189fe146a535e1b510da26d79993,2025-04-20T01:01:50.644000,received,kaspa:qpyk00q6cvkm8dhtam5lsgpztpuljv7leyr9wnu7pmkv2muja37cy408ypmwq,5566786164,
b9275b3d1c218fe9eafcd1b11329a81560300fd0e2023f5b532f0f2286b65913,2025-04-19T01:03:14.586000,received,kaspa:qpyk00q6cvkm8dhtam5lsgpztpuljv7leyr9wnu7pmkv2muja37cy408ypmwq,10466516441,
427c3c3d30fe5e4d55ee09844cbdc0409b40cebb5a966f608ddbacff17ec897c,2025-04-17T01:02:51.982000,received,kaspa:qpyk00q6cvkm8dhtam5lsgpztpuljv7leyr9wnu7pmkv2muja37cy408ypmwq,5116667198,
0dba40e407b6f1695c7b9297e20931de55ddc7e85a444d76ae2f33440ffa0711,2025-04-16T01:13:32.794000,sent,kaspa:qpzpfwcsqsxhxwup26r55fd0ghqlhyugz8cp6y3wxuddc02vcxtjg75pspnwz,53781348639,MEXC
0dba40e407b6f1695c7b9297e20931de55ddc7e85a444d76ae2f33440ffa0711,2025-04-16T01:13:32.794000,sent,kaspa:qpzpfwcsqsxhxwup26r55fd0ghqlhyugz8cp6y3wxuddc02vcxtjg75pspnwz,53781348639,MEXC
0dba40e407b6f1695c7b9297e20931de55ddc7e85a444d76ae2f33440ffa0711,2025-04-16T01:13:32.794000,sent,kaspa:qpzpfwcsqsxhxwup26r55fd0ghqlhyugz8cp6y3wxuddc02vcxtjg75pspnwz,53781348639,MEXC
0dba40e407b6f1695c7b9297e20931de55ddc7e85a444d76ae2f33440ffa0711,2025-04-16T01:13:32.794000,sent,kaspa:qpzpfwcsqsxhxwup26r55fd0ghqlhyugz8cp6y3wxuddc02vcxtjg75pspnwz,53781348639,MEXC
0dba40e407b6f1695c7b9297e20931de55ddc7e85a444d76ae2f33440ffa0711,2025-04-16T01:13:32.794000,sent,kaspa:qpzpfwcsqsxhxwup26r55fd0ghqlhyugz8cp6y3wxuddc02vcxtjg75pspnwz,53781348639,MEXC
0dba40e407b6f1695c7b9297e20931de55ddc7e85a444d76ae2f33440ffa0711,2025-04-16T01:13:32.794000,sent,kaspa:qpzpfwcsqsxhxwup26r55fd0ghqlhyugz8cp6y3wxuddc02vcxtjg75pspnwz,53781348639,MEXC
0dba40e407b6f1695c7b9297e20931de55ddc7e85a444d76ae2f33440ffa0711,2025-04-16T01:13:32.794000,sent,kaspa:qpzpfwcsqsxhxwup26r55fd0ghqlhyugz8cp6y3wxuddc02vcxtjg75pspnwz,53781348639,MEXC
0dba40e407b6f1695c7b9297e20931de55ddc7e85a444d76ae2f33440ffa0711,2025-04-16T01:13:32.794000,sent,kaspa:qpzpfwcsqsxhxwup26r55fd0ghqlhyugz8cp6y3wxuddc02vcxtjg75pspnwz,53781348639,MEXC
0dba40e407b6f1695c7b9297e20931de55ddc7e85a444d76ae2f33440ffa0711,2025-04-16T01:13:32.794000,sent,kaspa:qpzpfwcsqsxhxwup26r55fd0ghqlhyugz8cp6y3wxuddc02vcxtjg75pspnwz,53781348639,MEXC
0dba40e407b6f1695c7b9297e20931de55ddc7e85a444d76ae2f33440ffa0711,2025-04-16T01:13:32.794000,sent,kaspa:qpzpfwcsqsxhxwup26r55fd0ghqlhyugz8cp6y3wxuddc02vcxtjg75pspnwz,53781348639,MEXC
57f326e10a561d96569b1b2bf896ec02b312b86bb6c597671804954beb22034c,2025-04-16T01:02:40.722000,received,kaspa:qpyk00q6cvkm8dhtam5lsgpztpuljv7leyr9wnu7pmkv2muja37cy408ypmwq,5199445915,
40256a5bd96c40542d05c97e72c5f10ca515f13eaea5d5fb229942ae7d8ce791,2025-04-15T01:04:30.051000,received,kaspa:qpyk00q6cvkm8dhtam5lsgpztpuljv7leyr9wnu7pmkv2muja37cy408ypmwq,5074105513,
b3e9064fb1fe493b6613718b8976b96314509174bdfaf9ff25c332b21362abfe,2025-04-14T01:03:00.432000,received,kaspa:qpyk00q6cvkm8dhtam5lsgpztpuljv7leyr9wnu7pmkv2muja37cy408ypmwq,5324731343,
240473d09c1f1bb701a88575c0250617a562ab896ab5201992252b241f44334a,2025-04-13T01:03:01.693000,received,kaspa:qpyk00q6cvkm8dhtam5lsgpztpuljv7leyr9wnu7pmkv2muja37cy408ypmwq,9926073332,
20ad934395d3e032c23b976dad82b637c457ef053fdda0e34e4e77e1c94ab54c,2025-04-11T01:04:31.486000,received,kaspa:qpyk00q6cvkm8dhtam5lsgpztpuljv7leyr9wnu7pmkv2muja37cy408ypmwq,5407283764,
1d02e8447161e4ec222b4ffc5c7604fa08e02beb5bc93a01d6bc3155f25fec40,2025-04-10T01:03:26.350000,received,kaspa:qpyk00q6cvkm8dhtam5lsgpztpuljv7leyr9wnu7pmkv2muja37cy408ypmwq,5509919165,
01661fdf016208753244e8552e63f33f8718a6a13b120653ee0163e758537f60,2025-04-09T01:02:53.114000,received,kaspa:qpyk00q6cvkm8dhtam5lsgpztpuljv7leyr9wnu7pmkv2muja37cy408ypmwq,5767738817,
fe326f78a9c7d7eef35a869b6278273623f562e73b02b8ef9be37b954296ff0a,2025-04-08T01:02:41.312000,received,kaspa:qpyk00q6cvkm8dhtam5lsgpztpuljv7leyr9wnu7pmkv2muja37cy408ypmwq,5874634638,
bc2e7b05abe8d11197ef533a5f2f4e916556b13110e5d4bea1afb351f9a88bc3,2025-04-07T01:05:09.859000,received,kaspa:qpyk00q6cvkm8dhtam5lsgpztpuljv7leyr9wnu7pmkv2muja37cy408ypmwq,5698429368,
5f7a6851117fc7476c93d05c5751dce27cc5bd32ebfbc6c2c0a7992143be0ffc,2025-04-06T01:10:35.147000,sent,kaspa:qpzpfwcsqsxhxwup26r55fd0ghqlhyugz8cp6y3wxuddc02vcxtjg75pspnwz,55203250883,MEXC
5f7a6851117fc7476c93d05c5751dce27cc5bd32ebfbc6c2c0a7992143be0ffc,2025-04-06T01:10:35.147000,sent,kaspa:qpzpfwcsqsxhxwup26r55fd0ghqlhyugz8cp6y3wxuddc02vcxtjg75pspnwz,55203250883,MEXC
5f7a6851117fc7476c93d05c5751dce27cc5bd32ebfbc6c2c0a7992143be0ffc,2025-04-06T01:10:35.147000,sent,kaspa:qpzpfwcsqsxhxwup26r55fd0ghqlhyugz8cp6y3wxuddc02vcxtjg75pspnwz,55203250883,MEXC
5f7a6851117fc7476c93d05c5751dce27cc5bd32ebfbc6c2c0a7992143be0ffc,2025-04-06T01:10:35.147000,sent,kaspa:qpzpfwcsqsxhxwup26r55fd0ghqlhyugz8cp6y3wxuddc02vcxtjg75pspnwz,55203250883,MEXC
5f7a6851117fc7476c93d05c5751dce27cc5bd32ebfbc6c2c0a7992143be0ffc,2025-04-06T01:10:35.147000,sent,kaspa:qpzpfwcsqsxhxwup26r55fd0ghqlhyugz8cp6y3wxuddc02vcxtjg75pspnwz,55203250883,MEXC
5f7a6851117fc7476c93d05c5751dce27cc5bd32ebfbc6c2c0a7992143be0ffc,2025-04-06T01:10:35.147000,sent,kaspa:qpzpfwcsqsxhxwup26r55fd0ghqlhyugz8cp6y3wxuddc02vcxtjg75pspnwz,55203250883,MEXC
5f7a6851117fc7476c93d05c5751dce27cc5bd32ebfbc6c2c0a7992143be0ffc,2025-04-06T01:10:35.147000,sent,kaspa:qpzpfwcsqsxhxwup26r55fd0ghqlhyugz8cp6y3wxuddc02vcxtjg75pspnwz,55203250883,MEXC
5f7a6851117fc7476c93d05c5751dce27cc5bd32ebfbc6c2c0a7992143be0ffc,2025-04-06T01:10:35.147000,sent,kaspa:qpzpfwcsqsxhxwup26r55fd0ghqlhyugz8cp6y3wxuddc02vcxtjg75pspnwz,55203250883,MEXC
5f7a6851117fc7476c93d05c5751dce27cc5bd32ebfbc6c2c0a7992143be0ffc,2025-04-06T01:10:35.147000,sent,kaspa:qpzpfwcsqsxhxwup26r55fd0ghqlhyugz8cp6y3wxuddc02vcxtjg75pspnwz,55203250883,MEXC
5f7a6851117fc7476c93d05c5751dce27cc5bd32ebfbc6c2c0a7992143be0ffc,2025-04-06T01:10:35.147000,sent,kaspa:qpzpfwcsqsxhxwup26r55fd0ghqlhyugz8cp6y3wxuddc02vcxtjg75pspnwz,55203250883,MEXC
5f7a6851117fc7476c93d05c5751dce27cc5bd32ebfbc6c2c0a7992143be0ffc,2025-04-06T01:10:35.147000,sent,kaspa:qpzpfwcsqsxhxwup26r55fd0ghqlhyugz8cp6y3wxuddc02vcxtjg75pspnwz,55203250883,MEXC
7913c080f2782beb4081f44089276e23704faad0618a4caae30ec233e2ff3b9c,2025-04-06T01:05:06.819000,received,kaspa:qpyk00q6cvkm8dhtam5lsgpztpuljv7leyr9wnu7pmkv2muja37cy408ypmwq,5621686076,
b8559fd93b303dbbd71ae11b69d4e6846adfd84a35335e3c65ebfb567338e569,2025-04-05T01:02:17,received,kaspa:qpyk00q6cvkm8dhtam5lsgpztpuljv7leyr9wnu7pmkv2muja37cy408ypmwq,5384011908,
2b9517543e5059e58544c0ed5cffdd856970174a596e4f886d4869bfbd0ddaf1,2025-04-04T01:05:11.519000,received,kaspa:qpyk00q6cvkm8dhtam5lsgpztpuljv7leyr9wnu7pmkv2muja37cy408ypmwq,5347550612,
95c18a2bb7cbd2687eaf9438ce0a77a1399c98e59bfee657a493dd3d72aeafc4,2025-04-03T01:02:15.527000,received,kaspa:qpyk00q6cvkm8dhtam5lsgpztpuljv7leyr9wnu7pmkv2muja37cy408ypmwq,5551887987,
61979e06d9edf969167f53c2d5fd94dc59ba0af0403551fb01e08f5b6a75feca,2025-04-02T01:01:46.452000,received,kaspa:qpyk00q6cvkm8dhtam5lsgpztpuljv7leyr9wnu7pmkv2muja37cy408ypmwq,5371274924,
0ddf5afd3a451758fd87961b8dbd952d52ab603aee190178d6ab45484a618c10,2025-04-01T01:01:50.051000,received,kaspa:qpyk00q6cvkm8dhtam5lsgpztpuljv7leyr9wnu7pmkv2muja37cy408ypmwq,5821493849,
5cff6231174546b5e507025a10733ddccbc9cd07f1f815ae0f849ef8b03f8d84,2025-03-31T01:02:57.702000,received,kaspa:qpyk00q6cvkm8dhtam5lsgpztpuljv7leyr9wnu7pmkv2muja37cy408ypmwq,5695875135,
8f71e4f1d32d0fe4c31a39d385b9e20a0718a52ff594f1172dc43c3847e96931,2025-03-30T01:03:10.576000,received,kaspa:qpyk00q6cvkm8dhtam5lsgpztpuljv7leyr9wnu7pmkv2muja37cy408ypmwq,5483150677,
d254348a91cd71692f14f5bd95e1911c13a8d12a914a7bbdc2bc20526f975035,2025-03-29T01:02:35.424000,received,kaspa:qpyk00q6cvkm8dhtam5lsgpztpuljv7leyr9wnu7pmkv2muja37cy408ypmwq,5474105225,
0a69b420f0df888119de19ea9fadb60ab67cab20d3b791ae055fc9126c12b6c9,2025-03-28T01:01:53.057000,received,kaspa:qpyk00q6cvkm8dhtam5lsgpztpuljv7leyr9wnu7pmkv2muja37cy408ypmwq,5453225470,
faebfe72b4ff4b0c5c97c201c427b55d1a5300be60665b979f0f938d38b36e42,2025-03-27T22:49:34.416000,sent,kaspa:qpzpfwcsqsxhxwup26r55fd0ghqlhyugz8cp6y3wxuddc02vcxtjg75pspnwz,52112782516,MEXC
faebfe72b4ff4b0c5c97c201c427b55d1a5300be60665b979f0f938d38b36e42,2025-03-27T22:49:34.416000,sent,kaspa:qpzpfwcsqsxhxwup26r55fd0ghqlhyugz8cp6y3wxuddc02vcxtjg75pspnwz,52112782516,MEXC
faebfe72b4ff4b0c5c97c201c427b55d1a5300be60665b979f0f938d38b36e42,2025-03-27T22:49:34.416000,sent,kaspa:qpzpfwcsqsxhxwup26r55fd0ghqlhyugz8cp6y3wxuddc02vcxtjg75pspnwz,52112782516,MEXC
faebfe72b4ff4b0c5c97c201c427b55d1a5300be60665b979f0f938d38b36e42,2025-03-27T22:49:34.416000,sent,kaspa:qpzpfwcsqsxhxwup26r55fd0ghqlhyugz8cp6y3wxuddc02vcxtjg75pspnwz,52112782516,MEXC
faebfe72b4ff4b0c5c97c201c427b55d1a5300be60665b979f0f938d38b36e42,2025-03-27T22:49:34.416000,sent,kaspa:qpzpfwcsqsxhxwup26r55fd0ghqlhyugz8cp6y3wxuddc02vcxtjg75pspnwz,52112782516,MEXC
faebfe72b4ff4b0c5c97c201c427b55d1a5300be60665b979f0f938d38b36e42,2025-03-27T22:49:34.416000,sent,kaspa:qpzpfwcsqsxhxwup26r55fd0ghqlhyugz8cp6y3wxuddc02vcxtjg75pspnwz,52112782516,MEXC
faebfe72b4ff4b0c5c97c201c427b55d1a5300be60665b979f0f938d38b36e42,2025-03-27T22:49:34.416000,sent,kaspa:qpzpfwcsqsxhxwup26r55fd0ghqlhyugz8cp6y3wxuddc02vcxtjg75pspnwz,52112782516,MEXC
faebfe72b4ff4b0c5c97c201c427b55d1a5300be60665b979f0f938d38b36e42,2025-03-27T22:49:34.416000,sent,kaspa:qpzpfwcsqsxhxwup26r55fd0ghqlhyugz8cp6y3wxuddc02vcxtjg75pspnwz,52112782516,MEXC
faebfe72b4ff4b0c5c97c201c427b55d1a5300be60665b979f0f938d38b36e42,2025-03-27T22:49:34.416000,sent,kaspa:qpzpfwcsqsxhxwup26r55fd0ghqlhyugz8cp6y3wxuddc02vcxtjg75pspnwz,52112782516,MEXC
91e594c744f17e2c0cb0f0200cf96a653e71f79168f920ee3317a1fecc1dd3d4,2025-03-27T01:02:40.231000,received,kaspa:qpyk00q6cvkm8dhtam5lsgpztpuljv7leyr9wnu7pmkv2muja37cy408ypmwq,5616880792,
c59641bdbe31c12b13d34a8d5aae83764e93b4cedf731937b073259f0942fe53,2025-03-26T01:02:29.249000,received,kaspa:qpyk00q6cvkm8dhtam5lsgpztpuljv7leyr9wnu7pmkv2muja37cy408ypmwq,5332994521,
5aa04f332f7b973a3f85d26d6fcd5d85d03fa44ef0ac7fff0fb1e99509b1c631,2025-03-25T01:01:58.169000,received,kaspa:qpyk00q6cvkm8dhtam5lsgpztpuljv7leyr9wnu7pmkv2muja37cy408ypmwq,10383730107,
eea267afcaf640ea98551705f3fac2e72849d2f43129b91b5e79d0c6a7fb8359,2025-03-23T01:02:02.910000,received,kaspa:qpyk00q6cvkm8dhtam5lsgpztpuljv7leyr9wnu7pmkv2muja37cy408ypmwq,5171092114,
d5b09ffad9f7972f92b8d1dd82df1dc2195ded952a8e1d5c9b6cb8d54a9521ca,2025-03-22T01:02:42.147000,received,kaspa:qpyk00q6cvkm8dhtam5lsgpztpuljv7leyr9wnu7pmkv2muja37cy408ypmwq,5220955312,
d5b09ffad9f7972f92b8d1dd82df1dc2195ded952a8e1d5c9b6cb8d54a9521ca,2025-03-22T01:02:42.147000,received,kaspa:qpyk00q6cvkm8dhtam5lsgpztpuljv7leyr9wnu7pmkv2muja37cy408ypmwq,5220955312,
dca5e08f9074d019d9e2178a42aba7f498c697e8ac1b13bc53652ab9ff9029a4,2025-03-21T01:02:07.414000,received,kaspa:qpyk00q6cvkm8dhtam5lsgpztpuljv7leyr9wnu7pmkv2muja37cy408ypmwq,5179909966,
37fc88ebf9d89740e7a28319333f6ce48132d078d8d8db05f7993001a446a739,2025-03-20T01:02:02.304000,received,kaspa:qpyk00q6cvkm8dhtam5lsgpztpuljv7leyr9wnu7pmkv2muja37cy408ypmwq,5073661348,
7356fd266c0c5a5a347c7b5f50ff1dcd29514fd4e7ac01d0e21b45db2fd27ae1,2025-03-19T01:01:56.913000,received,kaspa:qpyk00q6cvkm8dhtam5lsgpztpuljv7leyr9wnu7pmkv2muja37cy408ypmwq,5039570223,
a5a7d18470d13aa27656a6404dc1a61dc577590ca1379f3f38642108bb5bb44e,2025-03-18T01:02:43.394000,received,kaspa:qpyk00q6cvkm8dhtam5lsgpztpuljv7leyr9wnu7pmkv2muja37cy408ypmwq,5193988133,
6124be9275bd2a69f89647893b27dda3f9f4ab06b16e1ddbb8312c173b5fdca5,2025-03-17T01:46:11.695000,sent,kaspa:qpjunp39ssazf4rzfxxu0hd35xggfxn6lq0ls9u9q6peevzcmcv4xmv9q4njd,667690975547,
445c007689b36b5d5abe29f61f6cf3574e7833402c9c7f1f8d964ac9522dbe5a,2025-03-17T01:46:07.864000,sent,kaspa:qpjunp39ssazf4rzfxxu0hd35xggfxn6lq0ls9u9q6peevzcmcv4xmv9q4njd,483772467345,
7e36e878627fb5ab0058bee78440beea393388fba6f206c036a3c9669236b67e,2025-03-17T01:46:06.650000,sent,kaspa:qpjunp39ssazf4rzfxxu0hd35xggfxn6lq0ls9u9q6peevzcmcv4xmv9q4njd,444638865572,
0d28cf6d97b2eb50b88b9aa519fac627b5b9034b558f831c63b5dc819d959896,2025-03-17T01:46:06.650000,sent,kaspa:qpjunp39ssazf4rzfxxu0hd35xggfxn6lq0ls9u9q6peevzcmcv4xmv9q4njd,458148481172,
a2dcb007a5613d8a64a026c52d41d77fef42172807a7dc0e0f85d462922a9c0c,2025-03-17T01:03:12.447000,received,kaspa:qpyk00q6cvkm8dhtam5lsgpztpuljv7leyr9wnu7pmkv2muja37cy408ypmwq,8893140197,
50abe93c684284f33b3ce06e18b363589211aca2cd300e0fd91a625cd6fecc7a,2025-03-15T01:02:16.599000,received,kaspa:qpyk00q6cvkm8dhtam5lsgpztpuljv7leyr9wnu7pmkv2muja37cy408ypmwq,5018150261,
42772cac6937681fe18a7cddb1d3c0eacb2b694d5c559b2ea774cb0c0abef051,2025-03-14T01:02:14.585000,received,kaspa:qpyk00q6cvkm8dhtam5lsgpztpuljv7leyr9wnu7pmkv2muja37cy408ypmwq,5262365499,
e159cc0c34a004127ba5b3ebf289e79923fceb0e5dccf285aff9c3795dcb5abc,2025-03-13T01:03:56.679000,received,kaspa:qpyk00q6cvkm8dhtam5lsgpztpuljv7leyr9wnu7pmkv2muja37cy408ypmwq,5427685345,
1e62a6711568a0d7f4e03d77239c5fde55a18205d8bd42275543512e6afe5688,2025-03-12T02:54:35.036000,sent,kaspa:qpjunp39ssazf4rzfxxu0hd35xggfxn6lq0ls9u9q6peevzcmcv4xmv9q4njd,524789562271,
1e62a6711568a0d7f4e03d77239c5fde55a18205d8bd42275543512e6afe5688,2025-03-12T02:54:35.036000,sent,kaspa:qpjunp39ssazf4rzfxxu0hd35xggfxn6lq0ls9u9q6peevzcmcv4xmv9q4njd,524789562271,
7e6f3839f15e8a25ac03d851ce5486b99a9e1220bf004135a2192c46dffc7bff,2025-03-12T01:02:17.319000,received,kaspa:qpyk00q6cvkm8dhtam5lsgpztpuljv7leyr9wnu7pmkv2muja37cy408ypmwq,5649213707,
5dadf7469e0db7029865220e61e9a593844b5641bd844aca22d52e39433509ca,2025-03-11T01:02:19.692000,received,kaspa:qpyk00q6cvkm8dhtam5lsgpztpuljv7leyr9wnu7pmkv2muja37cy408ypmwq,5819597955,
0847a306ccd630f5e8b8b3ca164a900dbbee6768d6ab8dccee486750f4d6bbb4,2025-03-10T16:18:10.172000,sent,kaspa:qpjunp39ssazf4rzfxxu0hd35xggfxn6lq0ls9u9q6peevzcmcv4xmv9q4njd,464691260389,
964d55844f93d7b5c2b49218dd2644b164e4a383189e2da6e5152d78939e7f0e,2025-03-10T01:03:45.367000,received,kaspa:qpyk00q6cvkm8dhtam5lsgpztpuljv7leyr9wnu7pmkv2muja37cy408ypmwq,5332758699,
73a0ce0a56534331767b956b02e95b96eb75529bec6b0b0a18866c0369065ad4,2025-03-09T10:16:07.621000,sent,kaspa:qpjunp39ssazf4rzfxxu0hd35xggfxn6lq0ls9u9q6peevzcmcv4xmv9q4njd,519131905953,
86bc644444ddafcb724c8fb2a99a30b72a30daec48d18decab01705f2c907374,2025-03-09T01:02:59.138000,received,kaspa:qpyk00q6cvkm8dhtam5lsgpztpuljv7leyr9wnu7pmkv2muja37cy408ypmwq,5318540294,
7f7ba2e8ec2e61f7bacb306dfaa27569242c654bef24d6d218fd171865780658,2025-03-08T07:03:23.426000,sent,kaspa:qpjunp39ssazf4rzfxxu0hd35xggfxn6lq0ls9u9q6peevzcmcv4xmv9q4njd,520184487673,
0001fb4301dc0227d8adea40cdfc8ecc0c7d0a0754b60e6e3ae0e09f44ab1e17,2025-03-08T01:03:50.091000,received,kaspa:qpyk00q6cvkm8dhtam5lsgpztpuljv7leyr9wnu7pmkv2muja37cy408ypmwq,5542425029,
adfd9d621594c51fa63f43a6e3ecc931feaa364bf89adb8c2e93978df140a49d,2025-03-07T16:40:45.860000,sent,kaspa:qpjunp39ssazf4rzfxxu0hd35xggfxn6lq0ls9u9q6peevzcmcv4xmv9q4njd,982299790987,
b11a2cd9f3644e16f45ea8624b7ee68c3b2bfa854e88f5a8ec868147f8cc13a9,2025-03-07T01:02:13.975000,received,kaspa:qpyk00q6cvkm8dhtam5lsgpztpuljv7leyr9wnu7pmkv2muja37cy408ypmwq,10366330437,
e280f7cc420aa6155dcf246e48a16dfc61d774b719cae75f99178944386b4aa2,2025-03-06T06:13:14.076000,sent,kaspa:qpjunp39ssazf4rzfxxu0hd35xggfxn6lq0ls9u9q6peevzcmcv4xmv9q4njd,8154455725712,
77588665b15b4e012b9893292161ca49cd524c69d76a61a42d6b17b7e1dfd5a0,2025-03-05T01:02:03.963000,received,kaspa:qpyk00q6cvkm8dhtam5lsgpztpuljv7leyr9wnu7pmkv2muja37cy408ypmwq,10039963429,
77588665b15b4e012b9893292161ca49cd524c69d76a61a42d6b17b7e1dfd5a0,2025-03-05T01:02:03.963000,received,kaspa:qpyk00q6cvkm8dhtam5lsgpztpuljv7leyr9wnu7pmkv2muja37cy408ypmwq,10039963429,
a6d6f8eb1ea42c73b9918806820b47a334ce43e76ab94a4a8488cc6759e0abc8,2025-03-03T13:19:12.652000,sent,kaspa:qpjunp39ssazf4rzfxxu0hd35xggfxn6lq0ls9u9q6peevzcmcv4xmv9q4njd,463011112681,
a6d6f8eb1ea42c73b9918806820b47a334ce43e76ab94a4a8488cc6759e0abc8,2025-03-03T13:19:12.652000,sent,kaspa:qpjunp39ssazf4rzfxxu0hd35xggfxn6lq0ls9u9q6peevzcmcv4xmv9q4njd,463011112681,
fa1a76c715bfd5935e3ec5d93bd3ecd82df98175db0478427bd569938186f0c9,2025-03-03T01:02:42.170000,received,kaspa:qpyk00q6cvkm8dhtam5lsgpztpuljv7leyr9wnu7pmkv2muja37cy408ypmwq,5057091178,
2a7abf5526540d1c755cd76ad496f8059a1c1f2253534384f2c1b3a18ab5805c,2025-03-02T01:02:51.721000,received,kaspa:qpyk00q6cvkm8dhtam5lsgpztpuljv7leyr9wnu7pmkv2muja37cy408ypmwq,5120887661,
9f9e3cfae5f4191fec0aa883afc596ee41923880732eeb98ee55147fb8fe1cac,2025-03-01T06:47:18.194000,sent,kaspa:qpjunp39ssazf4rzfxxu0hd35xggfxn6lq0ls9u9q6peevzcmcv4xmv9q4njd,709847005028,
79b890e72b043de9bc49d3b046890342c11e67b7347aed92a18920cfeaf678f1,2025-03-01T01:02:28.061000,received,kaspa:qpyk00q6cvkm8dhtam5lsgpztpuljv7leyr9wnu7pmkv2muja37cy408ypmwq,9988894199,
5b58f86d3edb6351f04c589f04e3253c4cbf9b61580fdd09eede6070f1d19a9d,2025-02-27T15:37:51,sent,kaspa:qpjunp39ssazf4rzfxxu0hd35xggfxn6lq0ls9u9q6peevzcmcv4xmv9q4njd,657604692963,
fbd602c14c0e76e9761e651d9fdceab1c0235db18f43dc439e0b968cbf0a74e5,2025-02-27T01:01:59.955000,received,kaspa:qpyk00q6cvkm8dhtam5lsgpztpuljv7leyr9wnu7pmkv2muja37cy408ypmwq,8872576907,
b2245babddd13810c3e46cb8c7de13a938fc4d842c980788f6e03ebfbc4d4988,2025-02-25T14:52:58.424000,sent,kaspa:qpjunp39ssazf4rzfxxu0hd35xggfxn6lq0ls9u9q6peevzcmcv4xmv9q4njd,794702141701,
685a8bb2af4d9ae6efe344f2b3a00dd21cb62f2b65566ca5f3606e6e0ce3ca7e,2025-02-25T01:02:47.462000,received,kaspa:qpyk00q6cvkm8dhtam5lsgpztpuljv7leyr9wnu7pmkv2muja37cy408ypmwq,8250169102,
a7e839e5ea21676f2370e601ec8c1ba53dc74cbb7429ec41009b5350e58bca29,2025-02-24T20:27:13.864000,sent,kaspa:qpjunp39ssazf4rzfxxu0hd35xggfxn6lq0ls9u9q6peevzcmcv4xmv9q4njd,563094217420,
82e103a0871aeb9b1031c45c906aa43806e2eaea5a51a311bb34d10fc702ba6f,2025-02-23T01:03:25.258000,received,kaspa:qpyk00q6cvkm8dhtam5lsgpztpuljv7leyr9wnu7pmkv2muja37cy408ypmwq,8183873566,
b6e0e8abdd3d9c85e494f06b046029684160d7e262a68efa48af671fb162eb35,2025-02-21T11:10:46.549000,sent,kaspa:qpjunp39ssazf4rzfxxu0hd35xggfxn6lq0ls9u9q6peevzcmcv4xmv9q4njd,760767588175,
dba0900a0282650c52def6930be59c7309b619855cc2335018166a7328d1e0ec,2025-02-21T01:02:38.159000,received,kaspa:qpyk00q6cvkm8dhtam5lsgpztpuljv7leyr9wnu7pmkv2muja37cy408ypmwq,7573033950,
cafa8832e4fc7de689db077bcfd9ab56016de89503f23f729532629305d5f937,2025-02-19T14:51:32.615000,sent,kaspa:qpjunp39ssazf4rzfxxu0hd35xggfxn6lq0ls9u9q6peevzcmcv4xmv9q4njd,610461629412,
36ab868d32e8a80aef78a5ff8ef0af3475f0d4e347c130773022ef5c021ce3e2,2025-02-19T01:02:04.869000,received,kaspa:qpyk00q6cvkm8dhtam5lsgpztpuljv7leyr9wnu7pmkv2muja37cy408ypmwq,7594771938,
583630363d9cb6669b3de90a87046e929cfbde42b9aff032230878b56149da41,2025-02-17T23:59:25.149000,sent,kaspa:qpjunp39ssazf4rzfxxu0hd35xggfxn6lq0ls9u9q6peevzcmcv4xmv9q4njd,768498047596,
66e58afeca9306bbecb341e88188f54aad14deb77ce8fcccc922ce8feff7a245,2025-02-17T01:03:07.646000,received,kaspa:qpyk00q6cvkm8dhtam5lsgpztpuljv7leyr9wnu7pmkv2muja37cy408ypmwq,7128992842,
c93521cf80f99ccfb74183a588faccc2a974964adbe087989f381389a11aeedb,2025-02-15T13:21:35.697000,sent,kaspa:qpjunp39ssazf4rzfxxu0hd35xggfxn6lq0ls9u9q6peevzcmcv4xmv9q4njd,679527507441,
40a4d9249c73420c6850795b844f5b298a5944776b948ca520e55d272120bc8f,2025-02-15T01:01:50.580000,received,kaspa:qpyk00q6cvkm8dhtam5lsgpztpuljv7leyr9wnu7pmkv2muja37cy408ypmwq,7326957303,
2e7678292b4362a1a4d24454425a7bf066943b06fb8cc6785bd69fd6d1e55a53,2025-02-13T08:33:22.959000,sent,kaspa:qpjunp39ssazf4rzfxxu0hd35xggfxn6lq0ls9u9q6peevzcmcv4xmv9q4njd,771068177616,
8758768e7c4c3b000cae79bd2d5d55858af0e6e2afa47273019869fab24a6b26,2025-02-13T01:02:08.771000,received,kaspa:qpyk00q6cvkm8dhtam5lsgpztpuljv7leyr9wnu7pmkv2muja37cy408ypmwq,7309199986,
907315d26aa74a183e981565db0b921d8aceaccf47d91e440c749844ff9fe1a0,2025-02-12T02:04:19.249000,sent,kaspa:qpjunp39ssazf4rzfxxu0hd35xggfxn6lq0ls9u9q6peevzcmcv4xmv9q4njd,724651800168,
276ddf57ec1543b8d16383cecdd2e5f25859f297830bb6868f9343bd21f400a8,2025-02-11T01:02:26.826000,received,kaspa:qpyk00q6cvkm8dhtam5lsgpztpuljv7leyr9wnu7pmkv2muja37cy408ypmwq,7738026752,
89f6cff5bfd097e9414fb1b537cbb47bb4cf8b1e71cecb072ca70fbe3a969a33,2025-02-10T11:12:41.905000,sent,kaspa:qpjunp39ssazf4rzfxxu0hd35xggfxn6lq0ls9u9q6peevzcmcv4xmv9q4njd,637480424701,
58ca9808b248bc320d232688a73278e731550edf501768d88e081de88d9eb6c2,2025-02-09T01:02:11.263000,received,kaspa:qpyk00q6cvkm8dhtam5lsgpztpuljv7leyr9wnu7pmkv2muja37cy408ypmwq,7916445855,
61f912a7340589825abf2f2aade806fdfc2840158f677d08543753780620a174,2025-02-07T11:11:18.435000,sent,kaspa:qpjunp39ssazf4rzfxxu0hd35xggfxn6lq0ls9u9q6peevzcmcv4xmv9q4njd,586405921534,
42c51906ef7c020430c986ee94c817a5ac63735e45f344634c15c9b748f684c0,2025-02-07T01:02:10.099000,received,kaspa:qpyk00q6cvkm8dhtam5lsgpztpuljv7leyr9wnu7pmkv2muja37cy408ypmwq,7614119717,
311ea35c993fcc31c122920528ad63e8090de42d2ecf46aa876e9231b7e6aa54,2025-02-05T10:11:47.550000,sent,kaspa:qpjunp39ssazf4rzfxxu0hd35xggfxn6lq0ls9u9q6peevzcmcv4xmv9q4njd,595556153355,
db4b843f680199a7badb6faa186fb3cc8f0a08667b9cd33bcfb083940bcc42de,2025-02-05T01:03:13.572000,received,kaspa:qpyk00q6cvkm8dhtam5lsgpztpuljv7leyr9wnu7pmkv2muja37cy408ypmwq,6448068200,
1a32c27c488610da301051108954270233f20645ab00c41c142304c46d5ea200,2025-02-04T17:49:18.049000,sent,kaspa:qpjunp39ssazf4rzfxxu0hd35xggfxn6lq0ls9u9q6peevzcmcv4xmv9q4njd,517551897987,
64f396cedfce568b3147603bad8a41247557779c90e8474d3c493f36ab611789,2025-02-03T01:02:34.891000,received,kaspa:qpyk00q6cvkm8dhtam5lsgpztpuljv7leyr9wnu7pmkv2muja37cy408ypmwq,5966763466,
96332ac559e1ae66fcebc7d24e45b5988f912691ff40329338e896d90ee7bf66,2025-02-01T15:19:11.189000,sent,kaspa:qpjunp39ssazf4rzfxxu0hd35xggfxn6lq0ls9u9q6peevzcmcv4xmv9q4njd,641137956337,
51cdce3bff41c21f6b238774921eb1d384d232bddbeac1a73a5c84d135ec38e2,2025-02-01T01:30:28.100000,received,kaspa:qpyk00q6cvkm8dhtam5lsgpztpuljv7leyr9wnu7pmkv2muja37cy408ypmwq,6585038724,
ff9305478c09bc1c20e6962d9e6f0ebd9e68be3fa93ad53d4846e699e762fdc8,2025-01-31T04:17:30.914000,sent,kaspa:qpjunp39ssazf4rzfxxu0hd35xggfxn6lq0ls9u9q6peevzcmcv4xmv9q4njd,579356226377,
59229393a58c0f305d2ba3d9ef3b5b4c68eded5de35880c834f1c5b1200e3efc,2025-01-31T01:44:32.529000,sent,kaspa:qpjunp39ssazf4rzfxxu0hd35xggfxn6lq0ls9u9q6peevzcmcv4xmv9q4njd,628688184311,
a94729ca63e09be742c9455f8393e5d0a4dd972c4c1d5355e0fb9709901b8574,2025-01-30T01:09:04.763000,received,kaspa:qpyk00q6cvkm8dhtam5lsgpztpuljv7leyr9wnu7pmkv2muja37cy408ypmwq,6798163944,
e147e276bf302a5fbcdc363a33d6fe80e7fbce644d43f5861d446c462a49280d,2025-01-28T01:02:39.882000,received,kaspa:qpyk00q6cvkm8dhtam5lsgpztpuljv7leyr9wnu7pmkv2muja37cy408ypmwq,7035849920,
dff7a746bd32579c1e652b0aa45580659711920faf522acc228e2704f4467288,2025-01-26T12:41:49.998000,sent,kaspa:qpjunp39ssazf4rzfxxu0hd35xggfxn6lq0ls9u9q6peevzcmcv4xmv9q4njd,702637583146,
752a695535908c918e00f426d39c845b49a129ef4be8d5e61a9415e6cfb1f432,2025-01-26T01:03:07.434000,received,kaspa:qpyk00q6cvkm8dhtam5lsgpztpuljv7leyr9wnu7pmkv2muja37cy408ypmwq,6712322282,
4ebc57754d6a36885f5c7a5489c475a988fd5cbbdd06827fe320957b656c8502,2025-01-24T14:51:44.834000,sent,kaspa:qpjunp39ssazf4rzfxxu0hd35xggfxn6lq0ls9u9q6peevzcmcv4xmv9q4njd,596248972613,
4ebc57754d6a36885f5c7a5489c475a988fd5cbbdd06827fe320957b656c8502,2025-01-24T14:51:44.834000,sent,kaspa:qpjunp39ssazf4rzfxxu0hd35xggfxn6lq0ls9u9q6peevzcmcv4xmv9q4njd,596248972613,
528e43d1d9ca99524cf8387b22bb78067185e6ef57f33e435771ae4085b600a0,2025-01-24T14:51:42.660000,sent,kaspa:qpjunp39ssazf4rzfxxu0hd35xggfxn6lq0ls9u9q6peevzcmcv4xmv9q4njd,617910712228,
fbf1b1e273fc5831c2b3eb0d17111a84e24d0ce53e3de76a58c17980f867f06f,2025-01-24T01:37:28.443000,received,kaspa:qpyk00q6cvkm8dhtam5lsgpztpuljv7leyr9wnu7pmkv2muja37cy408ypmwq,6569184490,
70aa495ab1f25be74569ddf7b57e82b15051f1a2d8bcb7c7f8a39da3a7adc61c,2025-01-22T01:07:10.060000,received,kaspa:qpyk00q6cvkm8dhtam5lsgpztpuljv7leyr9wnu7pmkv2muja37cy408ypmwq,6742275995,
ab6cfd6f5b5776385338484af3ec3400a7e83b8f02f13b53f31eff2c62ca7d06,2025-01-20T01:04:02.834000,received,kaspa:qpyk00q6cvkm8dhtam5lsgpztpuljv7leyr9wnu7pmkv2muja37cy408ypmwq,6867862952,
b0b0c60a386c86f4d0a727158965acc95d0d5aa52221adb072c60b513b3bffd3,2025-01-18T08:54:57.779000,sent,kaspa:qpjunp39ssazf4rzfxxu0hd35xggfxn6lq0ls9u9q6peevzcmcv4xmv9q4njd,470923109197,
0a29c48790aa3d5fff94c46e20bee6865b288a91ad4adbbe3120377a613e728c,2025-01-18T01:04:12.832000,received,kaspa:qpyk00q6cvkm8dhtam5lsgpztpuljv7leyr9wnu7pmkv2muja37cy408ypmwq,6522104343,
7fa09952490f7e64c6b6880e3d5975c08d5c58b0a5dd0690b14d860bfcf98a83,2025-01-17T03:23:35.765000,sent,kaspa:qpjunp39ssazf4rzfxxu0hd35xggfxn6lq0ls9u9q6peevzcmcv4xmv9q4njd,615463745875,
922538f5cec462784fca20e8cda5555eb4c4f475ad397e3ca2e28933c3e29bb6,2025-01-17T03:23:30.472000,sent,kaspa:qpjunp39ssazf4rzfxxu0hd35xggfxn6lq0ls9u9q6peevzcmcv4xmv9q4njd,772580449585,
686a6188f944b7532912a67b2e56639127426ba3024b56b645d1598e22b1a93c,2025-01-16T01:03:03.986000,received,kaspa:qpyk00q6cvkm8dhtam5lsgpztpuljv7leyr9wnu7pmkv2muja37cy408ypmwq,6871359714,
933d0071186049d166467eb3b61d7fcf1477997b94784543d0527254b60c8531,2025-01-14T01:04:02.469000,received,kaspa:qpyk00q6cvkm8dhtam5lsgpztpuljv7leyr9wnu7pmkv2muja37cy408ypmwq,7687075895,
5fcb027ba8ad321f4dee075182a3c15fb62ab5ac7bcdb142aa1ec32f50633bf2,2025-01-12T04:03:51.756000,sent,kaspa:qpjunp39ssazf4rzfxxu0hd35xggfxn6lq0ls9u9q6peevzcmcv4xmv9q4njd,661405032748,
19e491e309bf2ad1ac5f1d724aaaac339c072483990adfeee1cf324b6604072f,2025-01-12T01:03:00.181000,received,kaspa:qpyk00q6cvkm8dhtam5lsgpztpuljv7leyr9wnu7pmkv2muja37cy408ypmwq,8384257133,
b0dda7b32ad09023cf77454379a34412899b15d88f3b5bf3709a94d98197fbb0,2025-01-11T23:24:40.779000,sent,kaspa:qpjunp39ssazf4rzfxxu0hd35xggfxn6lq0ls9u9q6peevzcmcv4xmv9q4njd,729193724866,
b0dda7b32ad09023cf77454379a34412899b15d88f3b5bf3709a94d98197fbb0,2025-01-11T23:24:40.779000,sent,kaspa:qpjunp39ssazf4rzfxxu0hd35xggfxn6lq0ls9u9q6peevzcmcv4xmv9q4njd,729193724866,
b0dda7b32ad09023cf77454379a34412899b15d88f3b5bf3709a94d98197fbb0,2025-01-11T23:24:40.779000,sent,kaspa:qpjunp39ssazf4rzfxxu0hd35xggfxn6lq0ls9u9q6peevzcmcv4xmv9q4njd,729193724866,
b0dda7b32ad09023cf77454379a34412899b15d88f3b5bf3709a94d98197fbb0,2025-01-11T23:24:40.779000,sent,kaspa:qpjunp39ssazf4rzfxxu0hd35xggfxn6lq0ls9u9q6peevzcmcv4xmv9q4njd,729193724866,
32b591a1c52ead0ad94899f0e106651fd9a13c935c9af3fcc6d14e9ea894e00a,2025-01-10T01:03:32.526000,received,kaspa:qpyk00q6cvkm8dhtam5lsgpztpuljv7leyr9wnu7pmkv2muja37cy408ypmwq,8600068228,
83e7e94759f2371483d036d94dcf89e4600d7489d305a68ad946a98b2c5e6a25,2025-01-08T01:03:42.836000,received,kaspa:qpyk00q6cvkm8dhtam5lsgpztpuljv7leyr9wnu7pmkv2muja37cy408ypmwq,8703015567,
1eadb818c1050bdb485bb5c81cb188c2677c78c1d972a5c25c62d1bcbb7861c4,2025-01-06T01:04:14.860000,received,kaspa:qpyk00q6cvkm8dhtam5lsgpztpuljv7leyr9wnu7pmkv2muja37cy408ypmwq,8337795066,
83faa7c4d376bcc3bf64bcbaaafa6bce89d6bb71b560952867fa512150c0664a,2025-01-04T01:02:54.838000,received,kaspa:qpyk00q6cvkm8dhtam5lsgpztpuljv7leyr9wnu7pmkv2muja37cy408ypmwq,8615493798,
5970b362438ce4ad0e63a1f2fcdd3148263d3afddc3d9cde05191f264b5306cf,2025-01-02T16:10:41.348000,sent,kaspa:qpjunp39ssazf4rzfxxu0hd35xggfxn6lq0ls9u9q6peevzcmcv4xmv9q4njd,818416887009,
b514751a20d467de4c027c7f7d962ad2bb4bb3fec21c5893fff526b29c11658a,2025-01-02T01:03:50.655000,received,kaspa:qpyk00q6cvkm8dhtam5lsgpztpuljv7leyr9wnu7pmkv2muja37cy408ypmwq,8475500352,
37279152b02f22338a6a62b7ebb17faf4392741186871185a2f5f882c2ac231e,2024-12-31T21:10:36.011000,sent,kaspa:qpjunp39ssazf4rzfxxu0hd35xggfxn6lq0ls9u9q6peevzcmcv4xmv9q4njd,821402238725,
5b78b474eddcfac0553205f20614b1b6586c4fe5010ce90dbd13f72c689fbd27,2024-12-31T21:10:35.285000,sent,kaspa:qpjunp39ssazf4rzfxxu0hd35xggfxn6lq0ls9u9q6peevzcmcv4xmv9q4njd,712160101238,
5b78b474eddcfac0553205f20614b1b6586c4fe5010ce90dbd13f72c689fbd27,2024-12-31T21:10:35.285000,sent,kaspa:qpjunp39ssazf4rzfxxu0hd35xggfxn6lq0ls9u9q6peevzcmcv4xmv9q4njd,712160101238,
abaf7ff99d3b6c1ea807e9a35444fc60dd84794fc6b5610a5582b1ec9632ea68,2024-12-31T21:10:35.028000,sent,kaspa:qpjunp39ssazf4rzfxxu0hd35xggfxn6lq0ls9u9q6peevzcmcv4xmv9q4njd,762036635247,
abaf7ff99d3b6c1ea807e9a35444fc60dd84794fc6b5610a5582b1ec9632ea68,2024-12-31T21:10:35.028000,sent,kaspa:qpjunp39ssazf4rzfxxu0hd35xggfxn6lq0ls9u9q6peevzcmcv4xmv9q4njd,762036635247,
abaf7ff99d3b6c1ea807e9a35444fc60dd84794fc6b5610a5582b1ec9632ea68,2024-12-31T21:10:35.028000,sent,kaspa:qpjunp39ssazf4rzfxxu0hd35xggfxn6lq0ls9u9q6peevzcmcv4xmv9q4njd,762036635247,
cb8384075bb25f2cc891921824c7552762c4676eb04c2b81625ff5a6f18b5c7a,2024-12-31T01:03:20.250000,received,kaspa:qpyk00q6cvkm8dhtam5lsgpztpuljv7leyr9wnu7pmkv2muja37cy408ypmwq,8312255680,
228d47e974a9f434c38787ff59080959fb58ea1784e757cc9be7f4cb40fe0d25,2024-12-29T01:05:51.771000,received,kaspa:qpyk00q6cvkm8dhtam5lsgpztpuljv7leyr9wnu7pmkv2muja37cy408ypmwq,8722513706,
0beef102ede90580be2129961b90093e7655e7f89a11ee5a84575889c346cabc,2024-12-27T01:03:03.225000,received,kaspa:qpyk00q6cvkm8dhtam5lsgpztpuljv7leyr9wnu7pmkv2muja37cy408ypmwq,9226701968,
2c1ece8cb5a6930367b7be0c8404db712fe958d39cfe3a9107d193f0aa7a295b,2024-12-25T01:01:53.616000,received,kaspa:qpyk00q6cvkm8dhtam5lsgpztpuljv7leyr9wnu7pmkv2muja37cy408ypmwq,8191276933,
494fb3be9dd782603e57105a7fe2b1699fcbba504c75cd9a58e1068945cfe723,2024-12-23T01:05:51.994000,received,kaspa:qpyk00q6cvkm8dhtam5lsgpztpuljv7leyr9wnu7pmkv2muja37cy408ypmwq,8166926670,
ae0cb8f4b8cdcb6291c4903141f15aaf0d840d1e165c7b5a64672365e33f6c3f,2024-12-21T01:05:35.912000,received,kaspa:qpyk00q6cvkm8dhtam5lsgpztpuljv7leyr9wnu7pmkv2muja37cy408ypmwq,8382916351,
d6e1b7f41ffdfc212967ff588c1227e0da4122f9b7bdb2894a0828e81260c4e8,2024-12-20T01:28:25.259000,sent,kaspa:qpjunp39ssazf4rzfxxu0hd35xggfxn6lq0ls9u9q6peevzcmcv4xmv9q4njd,776961656340,
39691be8b6d3cf8e452825701ebd956ec07dbb33304411115af8ef37af0722ea,2024-12-19T01:02:52.787000,received,kaspa:qpyk00q6cvkm8dhtam5lsgpztpuljv7leyr9wnu7pmkv2muja37cy408ypmwq,8863378064,
902d4462c63d958b09e609d1c38c1c6eb536261e0f31e4c086373fe70e2efc8a,2024-12-17T11:44:04.654000,sent,kaspa:qpjunp39ssazf4rzfxxu0hd35xggfxn6lq0ls9u9q6peevzcmcv4xmv9q4njd,680890264551,
b18a2a837e4b6266ec894f372eedfdceb2cf265ae4df93374935b99d5870c3e5,2024-12-17T11:44:02.462000,sent,kaspa:qpjunp39ssazf4rzfxxu0hd35xggfxn6lq0ls9u9q6peevzcmcv4xmv9q4njd,764019262199,
b18a2a837e4b6266ec894f372eedfdceb2cf265ae4df93374935b99d5870c3e5,2024-12-17T11:44:02.462000,sent,kaspa:qpjunp39ssazf4rzfxxu0hd35xggfxn6lq0ls9u9q6peevzcmcv4xmv9q4njd,764019262199,
9a175f5c305a324e1e15e1b3f596d6233e229763a72b1f5e650965cd4515e907,2024-12-17T01:04:28.771000,received,kaspa:qpyk00q6cvkm8dhtam5lsgpztpuljv7leyr9wnu7pmkv2muja37cy408ypmwq,8327677411,
42ae69fc1f7fb76000d31b36e3f2c1b5a3910e785803cfd1ab401665776a5b01,2024-12-15T01:03:04.620000,received,kaspa:qpyk00q6cvkm8dhtam5lsgpztpuljv7leyr9wnu7pmkv2muja37cy408ypmwq,8126231098,
3f4558f23ea984d159f39c7ad7519c7161c33c396fe14d1622ec4d70503e34e5,2024-12-13T01:02:48.297000,received,kaspa:qpyk00q6cvkm8dhtam5lsgpztpuljv7leyr9wnu7pmkv2muja37cy408ypmwq,7807836326,
638d07280b86247512d51c4f4f51555e57f2d3a7d39343b0a1f44cae0e3114ca,2024-12-12T20:11:10.564000,sent,kaspa:qpjunp39ssazf4rzfxxu0hd35xggfxn6lq0ls9u9q6peevzcmcv4xmv9q4njd,701115724336,
d490ebf17052bd7da535d65d2984faaa90938fe402fc8322269d24bb380bb308,2024-12-11T01:06:37.808000,received,kaspa:qpyk00q6cvkm8dhtam5lsgpztpuljv7leyr9wnu7pmkv2muja37cy408ypmwq,8120359167,
aab482dcf07d0157987c6c4a75a35828abca4f2967cedf9cce33ba418c48de6b,2024-12-09T08:22:38.421000,sent,kaspa:qpjunp39ssazf4rzfxxu0hd35xggfxn6lq0ls9u9q6peevzcmcv4xmv9q4njd,753855014513,
39f0bead5947e36010b9020435865d9531c189f9d66c30f27a62b950acbeabcb,2024-12-09T01:03:06.525000,received,kaspa:qpyk00q6cvkm8dhtam5lsgpztpuljv7leyr9wnu7pmkv2muja37cy408ypmwq,8388612575,
80eb910bad2189953d6ca816e12eb4edee2b1b008299f0f6d5306a8188d447a2,2024-12-07T04:25:50.527000,sent,kaspa:qpjunp39ssazf4rzfxxu0hd35xggfxn6lq0ls9u9q6peevzcmcv4xmv9q4njd,672888249610,
c5c03d4af40a462f9a4d747458d0869ea90eefc4a07840808bc93b1755b06e43,2024-12-07T01:05:26.525000,received,kaspa:qpyk00q6cvkm8dhtam5lsgpztpuljv7leyr9wnu7pmkv2muja37cy408ypmwq,9519023531,
01df130000a6a21211c2390181626f93d78c0c70a23a16cf176d3ac9cf022a7d,2024-12-06T03:46:10.346000,sent,kaspa:qpjunp39ssazf4rzfxxu0hd35xggfxn6lq0ls9u9q6peevzcmcv4xmv9q4njd,701445216345,
01df130000a6a21211c2390181626f93d78c0c70a23a16cf176d3ac9cf022a7d,2024-12-06T03:46:10.346000,sent,kaspa:qpjunp39ssazf4rzfxxu0hd35xggfxn6lq0ls9u9q6peevzcmcv4xmv9q4njd,701445216345,
3b18b513c3cade91ff0014fd9092b439c2357db54f5b196f28a2f2bf7e072c8c,2024-12-06T03:46:07.616000,sent,kaspa:qpjunp39ssazf4rzfxxu0hd35xggfxn6lq0ls9u9q6peevzcmcv4xmv9q4njd,732828018543,
3b18b513c3cade91ff0014fd9092b439c2357db54f5b196f28a2f2bf7e072c8c,2024-12-06T03:46:07.616000,sent,kaspa:qpjunp39ssazf4rzfxxu0hd35xggfxn6lq0ls9u9q6peevzcmcv4xmv9q4njd,732828018543,
e4d5368a0009afd1f1d1aa1780ef19ed988c99973375f804567137bce4e30725,2024-12-06T03:46:07.616000,sent,kaspa:qpjunp39ssazf4rzfxxu0hd35xggfxn6lq0ls9u9q6peevzcmcv4xmv9q4njd,669469719045,
ebcbb7525744db6f9104ab932a7a8fd752d83ee4cfe253c95c6f8177df7cbec8,2024-12-06T03:46:07.457000,sent,kaspa:qpjunp39ssazf4rzfxxu0hd35xggfxn6lq0ls9u9q6peevzcmcv4xmv9q4njd,1388192618138,
2a8888863e694fdc058825f6e0d7f03e3a58e80cfe628b5a2caf7b0081097c95,2024-12-05T01:04:17.993000,received,kaspa:qpyk00q6cvkm8dhtam5lsgpztpuljv7leyr9wnu7pmkv2muja37cy408ypmwq,9739465971,
e7193cc3687923d44b95372cc1ae2c97740624107df12081a7d6a12c0c9bd27b,2024-12-03T01:05:04.258000,received,kaspa:qpyk00q6cvkm8dhtam5lsgpztpuljv7leyr9wnu7pmkv2muja37cy408ypmwq,8215592106,
292ef1a428f028ff305b5c036062415aa82114112d7a90657a8111f2e51e667a,2024-12-01T01:04:17.268000,received,kaspa:qpyk00q6cvkm8dhtam5lsgpztpuljv7leyr9wnu7pmkv2muja37cy408ypmwq,8261458029,
d8c58ccd6fd6b17220f8dcdf12791ffe3773806c630bc6756d9baefefce023a2,2024-11-29T01:02:50.525000,received,kaspa:qpyk00q6cvkm8dhtam5lsgpztpuljv7leyr9wnu7pmkv2muja37cy408ypmwq,7939727179,
8ab68434386a0c15dbae470606b4f241ff486d50d967ea719701dc15de3a3ad5,2024-11-27T01:03:41.833000,received,kaspa:qpyk00q6cvkm8dhtam5lsgpztpuljv7leyr9wnu7pmkv2muja37cy408ypmwq,7945164001,
86d77461ea8f100971b8be778d344b85f429edd7926974a23f46f122d6d89913,2024-11-25T01:02:57.649000,received,kaspa:qpyk00q6cvkm8dhtam5lsgpztpuljv7leyr9wnu7pmkv2muja37cy408ypmwq,7654376899,
837f1ffa55e0dbcac8571f638c0028008adb34c3812ee6c045603689e7f3d4d3,2024-11-24T13:32:40.088000,sent,kaspa:qpjunp39ssazf4rzfxxu0hd35xggfxn6lq0ls9u9q6peevzcmcv4xmv9q4njd,629425434306,
837f1ffa55e0dbcac8571f638c0028008adb34c3812ee6c045603689e7f3d4d3,2024-11-24T13:32:40.088000,sent,kaspa:qpjunp39ssazf4rzfxxu0hd35xggfxn6lq0ls9u9q6peevzcmcv4xmv9q4njd,629425434306,
2e5d22dc85a677de76826b01333c43df5a78304691b6ca7079b7d666b0ca871c,2024-11-23T01:05:19.306000,received,kaspa:qpyk00q6cvkm8dhtam5lsgpztpuljv7leyr9wnu7pmkv2muja37cy408ypmwq,7172128793,
f57267128bbf0135a3abd2cc37888bcb46028718c471d011a8222e4f39466719,2024-11-21T01:02:19.146000,received,kaspa:qpyk00q6cvkm8dhtam5lsgpztpuljv7leyr9wnu7pmkv2muja37cy408ypmwq,6795564930,
0b869ee9fb7fd5077866f55724a2ad160be5918f3912163cf8b9e8a21fc32a1d,2024-11-19T07:08:56.765000,sent,kaspa:qpjunp39ssazf4rzfxxu0hd35xggfxn6lq0ls9u9q6peevzcmcv4xmv9q4njd,677401899695,
6843a8ba4caff5ef61ff686868b5400f12922a61c1216a032376709977703b64,2024-11-19T07:08:56.765000,sent,kaspa:qpjunp39ssazf4rzfxxu0hd35xggfxn6lq0ls9u9q6peevzcmcv4xmv9q4njd,600648979457,
9c3e02e626290fe6fdd7df7ddcd241cdc92f4aefd51e2bf372620fa65ff994e5,2024-11-19T01:02:49.749000,received,kaspa:qpyk00q6cvkm8dhtam5lsgpztpuljv7leyr9wnu7pmkv2muja37cy408ypmwq,6728642182,
3fb293fa43aea70b52fcce0b3c64627eeb4011a0ad24e1c013776c1fef5e003e,2024-11-17T01:04:11.583000,received,kaspa:qpyk00q6cvkm8dhtam5lsgpztpuljv7leyr9wnu7pmkv2muja37cy408ypmwq,7651876267,
0bd04cf786a1e3ebd398e4a718e25d589cf51dfdb2c959575c926bf9b5a89ae7,2024-11-15T18:24:23.384000,sent,kaspa:qpjunp39ssazf4rzfxxu0hd35xggfxn6lq0ls9u9q6peevzcmcv4xmv9q4njd,580867414181,
47f5a612463c7f4cc8f2c5eb744eefe66b81439e135e846853d94669df6f5f55,2024-11-15T01:03:07.205000,received,kaspa:qpyk00q6cvkm8dhtam5lsgpztpuljv7leyr9wnu7pmkv2muja37cy408ypmwq,8108748530,
096e9afd19132a082d58ef5f46fa05952fec3a6b0f61e2eef937670fb7aa1ff3,2024-11-13T10:50:51.120000,sent,kaspa:qpjunp39ssazf4rzfxxu0hd35xggfxn6lq0ls9u9q6peevzcmcv4xmv9q4njd,669969169191,
86cc6a3b938f14b1cfa8a532b6993c6c1304c81bfd1f799ada5bd07f4f0d06eb,2024-11-13T01:02:58.222000,received,kaspa:qpyk00q6cvkm8dhtam5lsgpztpuljv7leyr9wnu7pmkv2muja37cy408ypmwq,7507844761,
2ad277f5edd10b769d89c3a84cd3ace1fbbbac46e33564a24dac5c54dcdab3b7,2024-11-12T10:11:24.999000,sent,kaspa:qpjunp39ssazf4rzfxxu0hd35xggfxn6lq0ls9u9q6peevzcmcv4xmv9q4njd,675847477107,
7d38b2cdaefa68e6847f0850d14aa856ede290ada3f8cdd95a5f7221ca2a45c2,2024-11-11T01:03:38.670000,received,kaspa:qpyk00q6cvkm8dhtam5lsgpztpuljv7leyr9wnu7pmkv2muja37cy408ypmwq,7778373796,
7d38b2cdaefa68e6847f0850d14aa856ede290ada3f8cdd95a5f7221ca2a45c2,2024-11-11T01:03:38.670000,received,kaspa:qpyk00q6cvkm8dhtam5lsgpztpuljv7leyr9wnu7pmkv2muja37cy408ypmwq,7778373796,
c11ec40ea478d351b6d9cac235e81b0e17fcc379d628726b1d77ff23c79ca345,2024-11-09T14:11:06.212000,sent,kaspa:qpjunp39ssazf4rzfxxu0hd35xggfxn6lq0ls9u9q6peevzcmcv4xmv9q4njd,680481443259,
4069cf69c2aef0f543d95942dee3aeb9bc0790b1a4067650a1e21c606a176aca,2024-11-09T01:04:58.310000,received,kaspa:qpyk00q6cvkm8dhtam5lsgpztpuljv7leyr9wnu7pmkv2muja37cy408ypmwq,8465971103,
c7ac867b544231016ffc0169cac6d67aea287a8530741b5e8040092d51ca502f,2024-11-07T03:16:35.682000,sent,kaspa:qpjunp39ssazf4rzfxxu0hd35xggfxn6lq0ls9u9q6peevzcmcv4xmv9q4njd,689132484395,
c7ac867b544231016ffc0169cac6d67aea287a8530741b5e8040092d51ca502f,2024-11-07T03:16:35.682000,sent,kaspa:qpjunp39ssazf4rzfxxu0hd35xggfxn6lq0ls9u9q6peevzcmcv4xmv9q4njd,689132484395,
312bb2f7e164dd75dda7ff7df552a75d6b88ef7b3b89e96b68aa411f01ea02ae,2024-11-07T01:02:28.819000,received,kaspa:qpyk00q6cvkm8dhtam5lsgpztpuljv7leyr9wnu7pmkv2muja37cy408ypmwq,8042328035,
00c7304a10685a8d830207dc558a2e8372134bac67074097acff3d6467d15f46,2024-11-05T01:03:44.844000,received,kaspa:qpyk00q6cvkm8dhtam5lsgpztpuljv7leyr9wnu7pmkv2muja37cy408ypmwq,7731259774,
90483ef8b74a834ffbb13480a8e7a5703e143f5ead842bf9902239e1f3b0343e,2024-11-04T18:05:46.404000,sent,kaspa:qpjunp39ssazf4rzfxxu0hd35xggfxn6lq0ls9u9q6peevzcmcv4xmv9q4njd,729097624410,
fe00b04412c4dbec5653c9587dcd02c6f3a02df5a663aa24cdd365d7dea6829b,2024-11-03T01:03:59.775000,received,kaspa:qpyk00q6cvkm8dhtam5lsgpztpuljv7leyr9wnu7pmkv2muja37cy408ypmwq,8158124335,
afd1a551898d28ab2564b0519176bf2b05e8369a5a032fa079da7787dc09e670,2024-11-01T10:34:14.083000,sent,kaspa:qpjunp39ssazf4rzfxxu0hd35xggfxn6lq0ls9u9q6peevzcmcv4xmv9q4njd,497746081221,
b45ee97bad22991c5ebe84bc3854188ec16372974bf16c4f64474feac837ad9e,2024-11-01T01:05:20.699000,received,kaspa:qpyk00q6cvkm8dhtam5lsgpztpuljv7leyr9wnu7pmkv2muja37cy408ypmwq,8863202473,
eb447923659c7c175a12ce6d52f2215bc7546d9310903ea1944b59fb655aabbc,2024-10-30T01:05:04.276000,sent,kaspa:qpzpfwcsqsxhxwup26r55fd0ghqlhyugz8cp6y3wxuddc02vcxtjg75pspnwz,2000000000000,MEXC
eb447923659c7c175a12ce6d52f2215bc7546d9310903ea1944b59fb655aabbc,2024-10-30T01:05:04.276000,sent,kaspa:qpjunp39ssazf4rzfxxu0hd35xggfxn6lq0ls9u9q6peevzcmcv4xmv9q4njd,2233775945237065,
5a915a1182d101271437c4fda3db8e688bc2e3eb3c3e4c0318c9e83c4dcc534e,2024-10-30T01:04:31.336000,received,kaspa:qpyk00q6cvkm8dhtam5lsgpztpuljv7leyr9wnu7pmkv2muja37cy408ypmwq,8320110376,
17413dd88dc96bb78151b98a4c2c940004b536448c16661f5009874d468a782c,2024-10-28T07:29:36.844000,sent,kaspa:qpjunp39ssazf4rzfxxu0hd35xggfxn6lq0ls9u9q6peevzcmcv4xmv9q4njd,1596638143676,
764bdca3df6d0ac47399fefa7ce7bc5afa3fbf44f1e0d0ea7cb426c07a54f5b5,2024-10-28T01:06:57.572000,received,kaspa:qpyk00q6cvkm8dhtam5lsgpztpuljv7leyr9wnu7pmkv2muja37cy408ypmwq,8076268276,
7cc2238a92ccc7c3eaa260b69a87ac4b791060dc76db42f261a8bca3b0224030,2024-10-26T01:15:35.262000,sent,kaspa:qpjunp39ssazf4rzfxxu0hd35xggfxn6lq0ls9u9q6peevzcmcv4xmv9q4njd,1573672828343,
4f4efdabee40f6d99d9930ab179dcf4cd50e6dc3702b9590319eb502dd8a069e,2024-10-26T01:02:50.370000,received,kaspa:qpyk00q6cvkm8dhtam5lsgpztpuljv7leyr9wnu7pmkv2muja37cy408ypmwq,8036517196,
0f5b0b771d2b8c1f13ccb374fda65288ca18b92ab67f97359e14a7d5d77ec164,2024-10-24T01:11:04.435000,sent,kaspa:qpzpfwcsqsxhxwup26r55fd0ghqlhyugz8cp6y3wxuddc02vcxtjg75pspnwz,2000000000000,MEXC
0f5b0b771d2b8c1f13ccb374fda65288ca18b92ab67f97359e14a7d5d77ec164,2024-10-24T01:11:04.435000,sent,kaspa:qpjunp39ssazf4rzfxxu0hd35xggfxn6lq0ls9u9q6peevzcmcv4xmv9q4njd,64423281056083,
0a94b52225c0c637ce49a4a73b0efa3ad66208101864eb0e9f9411fc6a001a64,2024-10-24T01:02:25.969000,received,kaspa:qpyk00q6cvkm8dhtam5lsgpztpuljv7leyr9wnu7pmkv2muja37cy408ypmwq,7787302813,
f022c6e925d74177977b2354c3fd6220b0b853d64ae8f72c619a2f0dcdf9c40c,2024-10-22T20:06:07.738000,sent,kaspa:qpjunp39ssazf4rzfxxu0hd35xggfxn6lq0ls9u9q6peevzcmcv4xmv9q4njd,842202852555,
4c1f228e521fbf649ae68be28ca5c94d17c0af88dd189d18d8797d5c174c9e3a,2024-10-22T04:37:43.588000,received,kaspa:qpyk00q6cvkm8dhtam5lsgpztpuljv7leyr9wnu7pmkv2muja37cy408ypmwq,8222370454,
c1dd94f73657c32a7a06fd8e6e1df580a3e765373f99131414e1d84336223d7c,2024-10-20T02:47:03.555000,sent,kaspa:qpzpfwcsqsxhxwup26r55fd0ghqlhyugz8cp6y3wxuddc02vcxtjg75pspnwz,2000000000000,MEXC
c1dd94f73657c32a7a06fd8e6e1df580a3e765373f99131414e1d84336223d7c,2024-10-20T02:47:03.555000,sent,kaspa:qpjunp39ssazf4rzfxxu0hd35xggfxn6lq0ls9u9q6peevzcmcv4xmv9q4njd,39948006295552,
b39aa44e46a6135bf10b361649df1e8e4a6e511eac5b939591afc36392858f7e,2024-10-20T01:02:57.445000,received,kaspa:qpyk00q6cvkm8dhtam5lsgpztpuljv7leyr9wnu7pmkv2muja37cy408ypmwq,9045778522,
87090f97451f581b914435d61b7da92874fb2bd7c2b1c293b457bf8c85598074,2024-10-18T01:28:04.105000,sent,kaspa:qpjunp39ssazf4rzfxxu0hd35xggfxn6lq0ls9u9q6peevzcmcv4xmv9q4njd,1938842817384,
11c05df3fa9dccaf84ab2d5493e1ea2c03bca72e4a4a5db287c4f78f3f6ea963,2024-10-18T01:02:55.687000,received,kaspa:qpyk00q6cvkm8dhtam5lsgpztpuljv7leyr9wnu7pmkv2muja37cy408ypmwq,8975274630,
a860c7d6fc782c30f9d38eab6908fa882f667f1612170626b0867f591bd10fec,2024-10-16T09:26:03.874000,sent,kaspa:qpjunp39ssazf4rzfxxu0hd35xggfxn6lq0ls9u9q6peevzcmcv4xmv9q4njd,869436850697,
483195aba0dbc647a31b22a09ab7fdb032d95060424561fb7ac2ce5555007cfa,2024-10-16T01:02:50.007000,received,kaspa:qpyk00q6cvkm8dhtam5lsgpztpuljv7leyr9wnu7pmkv2muja37cy408ypmwq,9013169417,
a1a379c84fad742c0bebccb40f430fc57d58292c85f21c6f490931a02789a8d4,2024-10-14T11:37:36.508000,sent,kaspa:qpjunp39ssazf4rzfxxu0hd35xggfxn6lq0ls9u9q6peevzcmcv4xmv9q4njd,1018969417891,
f87906553a1e80d7223be4d6d802bbd2db21b3be23cb79b92f58d6203ab9f130,2024-10-14T01:05:00.718000,received,kaspa:qpyk00q6cvkm8dhtam5lsgpztpuljv7leyr9wnu7pmkv2muja37cy408ypmwq,9498203683,
84d20fd0cb704d338de7677eb584bdcbb6e622f12789a783d9c0d4973258e5b1,2024-10-12T03:10:06.546000,sent,kaspa:qpjunp39ssazf4rzfxxu0hd35xggfxn6lq0ls9u9q6peevzcmcv4xmv9q4njd,586408539328,
4a7388af2f83b490cdc3103ded03ffef649e0536645805986a087e3d3b46d88d,2024-10-12T01:02:31.889000,received,kaspa:qpyk00q6cvkm8dhtam5lsgpztpuljv7leyr9wnu7pmkv2muja37cy408ypmwq,8654524142,
0ae46e1c07ff70fa1e0ea368d699e15f6cc76b90aa21e40aa509881e5fac6eb9,2024-10-10T01:04:02.809000,sent,kaspa:qpzpfwcsqsxhxwup26r55fd0ghqlhyugz8cp6y3wxuddc02vcxtjg75pspnwz,2000000000000,MEXC
0ae46e1c07ff70fa1e0ea368d699e15f6cc76b90aa21e40aa509881e5fac6eb9,2024-10-10T01:04:02.809000,sent,kaspa:qpjunp39ssazf4rzfxxu0hd35xggfxn6lq0ls9u9q6peevzcmcv4xmv9q4njd,193181517579383,
c0ced2ba411fb37020d87ac57ebbc60d861216ed836a05d695c91baa65c7aff8,2024-10-10T01:03:26.587000,received,kaspa:qpyk00q6cvkm8dhtam5lsgpztpuljv7leyr9wnu7pmkv2muja37cy408ypmwq,8623923644,
a91e7f330f50c4812bace4f2972b483b75f5eafd6c9ec09d3832be3c40a3170c,2024-10-08T01:15:04.694000,sent,kaspa:qpzpfwcsqsxhxwup26r55fd0ghqlhyugz8cp6y3wxuddc02vcxtjg75pspnwz,2000000000000,MEXC
a91e7f330f50c4812bace4f2972b483b75f5eafd6c9ec09d3832be3c40a3170c,2024-10-08T01:15:04.694000,sent,kaspa:qpjunp39ssazf4rzfxxu0hd35xggfxn6lq0ls9u9q6peevzcmcv4xmv9q4njd,25809392057114,
505806afa960576ee02e7b37c353095987a0d11eab2198ab1cf518c5d6ca1b1a,2024-10-08T01:04:13.800000,received,kaspa:qpyk00q6cvkm8dhtam5lsgpztpuljv7leyr9wnu7pmkv2muja37cy408ypmwq,7913737446,
e1b5ba60a432dedfe7d9fca1eb133ba2741a8620972c2d8646ff187c0b0c9adb,2024-10-06T09:13:33.686000,sent,kaspa:qpjunp39ssazf4rzfxxu0hd35xggfxn6lq0ls9u9q6peevzcmcv4xmv9q4njd,822223602762,
e6f659e09ce13a9d6e671562705aa521b912ada69bc7bf38bf0e07fc1870a4ac,2024-10-06T01:03:17.085000,received,kaspa:qpyk00q6cvkm8dhtam5lsgpztpuljv7leyr9wnu7pmkv2muja37cy408ypmwq,8074832571,
4d18a762269890e929e2e1b15e2f64e01db055cef510c6409ef36d676f71337f,2024-10-04T01:06:02.555000,sent,kaspa:qpzpfwcsqsxhxwup26r55fd0ghqlhyugz8cp6y3wxuddc02vcxtjg75pspnwz,2000000000000,MEXC
4d18a762269890e929e2e1b15e2f64e01db055cef510c6409ef36d676f71337f,2024-10-04T01:06:02.555000,sent,kaspa:qpjunp39ssazf4rzfxxu0hd35xggfxn6lq0ls9u9q6peevzcmcv4xmv9q4njd,4418018454211465,
a0f6eeff5effd1cc52398b1b3b7f625548008bcc5f3030ecfbf67df03b979bc7,2024-10-04T01:04:37.684000,received,kaspa:qpyk00q6cvkm8dhtam5lsgpztpuljv7leyr9wnu7pmkv2muja37cy408ypmwq,7504508909,
a0f6eeff5effd1cc52398b1b3b7f625548008bcc5f3030ecfbf67df03b979bc7,2024-10-04T01:04:37.684000,received,kaspa:qpyk00q6cvkm8dhtam5lsgpztpuljv7leyr9wnu7pmkv2muja37cy408ypmwq,7504508909,
fed57039718be6d0dc141f0f50af24b63ef7e5eac13de0e6fa83041b9c1425cc,2024-10-02T01:05:33.808000,sent,kaspa:qpzpfwcsqsxhxwup26r55fd0ghqlhyugz8cp6y3wxuddc02vcxtjg75pspnwz,2000000000000,MEXC
fed57039718be6d0dc141f0f50af24b63ef7e5eac13de0e6fa83041b9c1425cc,2024-10-02T01:05:33.808000,sent,kaspa:qpjunp39ssazf4rzfxxu0hd35xggfxn6lq0ls9u9q6peevzcmcv4xmv9q4njd,11223278869831020,
f33d625471246c682bb65154990638a90447c597172fc1b5470551d0fe9cc780,2024-10-02T01:04:58.839000,received,kaspa:qpyk00q6cvkm8dhtam5lsgpztpuljv7leyr9wnu7pmkv2muja37cy408ypmwq,7994651334,
331cea9834778b956c1b88e55ac58325cfb57be1aeca0c35c5f2690d2f0ef7d6,2024-09-30T01:32:32.591000,sent,kaspa:qpzpfwcsqsxhxwup26r55fd0ghqlhyugz8cp6y3wxuddc02vcxtjg75pspnwz,2000000000000,MEXC
331cea9834778b956c1b88e55ac58325cfb57be1aeca0c35c5f2690d2f0ef7d6,2024-09-30T01:32:32.591000,sent,kaspa:qpjunp39ssazf4rzfxxu0hd35xggfxn6lq0ls9u9q6peevzcmcv4xmv9q4njd,15552342793916058,
e073b4841e060a1597d037877936f6c7183fa0931700ddd84421a2fdb39ee381,2024-09-30T01:06:03.685000,received,kaspa:qpyk00q6cvkm8dhtam5lsgpztpuljv7leyr9wnu7pmkv2muja37cy408ypmwq,8455287490,
6c742415c3481069a95e2b7d8f271b5dfad61864ccfc967245c053b6cb932c00,2024-09-28T07:07:34.600000,sent,kaspa:qpjunp39ssazf4rzfxxu0hd35xggfxn6lq0ls9u9q6peevzcmcv4xmv9q4njd,779543237739,
ccc27579731642b8bfe47cd536c91b264846ffd09564935dc50ca61bfa3ad3b1,2024-09-28T01:03:20.389000,received,kaspa:qpyk00q6cvkm8dhtam5lsgpztpuljv7leyr9wnu7pmkv2muja37cy408ypmwq,8130145195,
ccc27579731642b8bfe47cd536c91b264846ffd09564935dc50ca61bfa3ad3b1,2024-09-28T01:03:20.389000,received,kaspa:qpyk00q6cvkm8dhtam5lsgpztpuljv7leyr9wnu7pmkv2muja37cy408ypmwq,8130145195,
04f989124dcb7618cb5d3625281aa6326136a76f7ab35ff5dd799a4bcbac1604,2024-09-26T01:33:11.508000,sent,kaspa:qpzpfwcsqsxhxwup26r55fd0ghqlhyugz8cp6y3wxuddc02vcxtjg75pspnwz,2000000000000,MEXC
04f989124dcb7618cb5d3625281aa6326136a76f7ab35ff5dd799a4bcbac1604,2024-09-26T01:33:11.508000,sent,kaspa:qpjunp39ssazf4rzfxxu0hd35xggfxn6lq0ls9u9q6peevzcmcv4xmv9q4njd,433609422,
33d296e551163d7b10b632a0a12a8ed2ef54a633bbd14d7ea1f4af36ad6c5643,2024-09-26T01:02:44.526000,received,kaspa:qpyk00q6cvkm8dhtam5lsgpztpuljv7leyr9wnu7pmkv2muja37cy408ypmwq,7903671753,
349c2f9ff6588a941ea0ded33f1b793e38163652c83a71bd646f671c80849202,2024-09-24T01:08:04.668000,sent,kaspa:qpzpfwcsqsxhxwup26r55fd0ghqlhyugz8cp6y3wxuddc02vcxtjg75pspnwz,2000000000000,MEXC
349c2f9ff6588a941ea0ded33f1b793e38163652c83a71bd646f671c80849202,2024-09-24T01:08:04.668000,sent,kaspa:qpjunp39ssazf4rzfxxu0hd35xggfxn6lq0ls9u9q6peevzcmcv4xmv9q4njd,25639051181390263,
c3d582f8889b9f967aedc07e73cf49cab188fb4e9067713733caa1d89ef583bd,2024-09-24T01:05:24.192000,received,kaspa:qpyk00q6cvkm8dhtam5lsgpztpuljv7leyr9wnu7pmkv2muja37cy408ypmwq,7269931564,
590dde4247507e8c5e633cb8e99e5c4a75faad53e88f14e04d9ad7bd0ab704d2,2024-09-23T19:17:34.998000,sent,kaspa:qpjunp39ssazf4rzfxxu0hd35xggfxn6lq0ls9u9q6peevzcmcv4xmv9q4njd,625555790056,
590dde4247507e8c5e633cb8e99e5c4a75faad53e88f14e04d9ad7bd0ab704d2,2024-09-23T19:17:34.998000,sent,kaspa:qpjunp39ssazf4rzfxxu0hd35xggfxn6lq0ls9u9q6peevzcmcv4xmv9q4njd,625555790056,
fc151859878ad90e267b7a035c97a29cf54029fe7e369bf46c37bad7f235e19b,2024-09-22T01:01:51.786000,received,kaspa:qpyk00q6cvkm8dhtam5lsgpztpuljv7leyr9wnu7pmkv2muja37cy408ypmwq,7101131934,
91af933e599438530dd1b87eee3d31884f9419ed5e08675746216603986e74f4,2024-09-20T01:04:23.439000,received,kaspa:qpyk00q6cvkm8dhtam5lsgpztpuljv7leyr9wnu7pmkv2muja37cy408ypmwq,6965839658,
302a36d94c09678eaa25e481f1f5fc15f6b917014b2eba0d049d815f85f64b34,2024-09-18T01:07:41.900000,sent,kaspa:qpzpfwcsqsxhxwup26r55fd0ghqlhyugz8cp6y3wxuddc02vcxtjg75pspnwz,2000000000000,MEXC
302a36d94c09678eaa25e481f1f5fc15f6b917014b2eba0d049d815f85f64b34,2024-09-18T01:07:41.900000,sent,kaspa:qpjunp39ssazf4rzfxxu0hd35xggfxn6lq0ls9u9q6peevzcmcv4xmv9q4njd,27618504031583755,
f4c274b07be2143c4666179146e0b49bcca473f6c78acb761285c898cadcd209,2024-09-18T01:06:34.523000,received,kaspa:qpyk00q6cvkm8dhtam5lsgpztpuljv7leyr9wnu7pmkv2muja37cy408ypmwq,6674869632,
8bd16736a3a9297b4e6769b5dda1bc8450170683b4020ea39537ec884e16d664,2024-09-16T08:31:04.804000,sent,kaspa:qpjunp39ssazf4rzfxxu0hd35xggfxn6lq0ls9u9q6peevzcmcv4xmv9q4njd,754065892974,
9e6dd6ccbc56188436ebc09196029f240d3ae77640a6edec17a835d7b94a5f11,2024-09-16T01:03:27.427000,received,kaspa:qpyk00q6cvkm8dhtam5lsgpztpuljv7leyr9wnu7pmkv2muja37cy408ypmwq,6720020332,
655ff60240c8cb9aa82ff7311a8a700e94da106ca3802eb37ee9cd1841d8199f,2024-09-14T02:55:05.715000,sent,kaspa:qpzpfwcsqsxhxwup26r55fd0ghqlhyugz8cp6y3wxuddc02vcxtjg75pspnwz,2000000000000,MEXC
655ff60240c8cb9aa82ff7311a8a700e94da106ca3802eb37ee9cd1841d8199f,2024-09-14T02:55:05.715000,sent,kaspa:qpjunp39ssazf4rzfxxu0hd35xggfxn6lq0ls9u9q6peevzcmcv4xmv9q4njd,37042002166416449,
9a623e7b4a98b1c4b8c120545a54a5b83b6e81f187b13f1ab173f6bde7d9cf64,2024-09-14T02:53:13.202000,received,kaspa:qpyk00q6cvkm8dhtam5lsgpztpuljv7leyr9wnu7pmkv2muja37cy408ypmwq,6787453296,
fcb07c515825383264c902bd2cfdf011a0d6194e1ad543f05a2fb04089c9ac3a,2024-09-12T01:03:05.729000,sent,kaspa:qpzpfwcsqsxhxwup26r55fd0ghqlhyugz8cp6y3wxuddc02vcxtjg75pspnwz,2000000000000,MEXC
fcb07c515825383264c902bd2cfdf011a0d6194e1ad543f05a2fb04089c9ac3a,2024-09-12T01:03:05.729000,sent,kaspa:qpjunp39ssazf4rzfxxu0hd35xggfxn6lq0ls9u9q6peevzcmcv4xmv9q4njd,43253736010152337,
8b4747171e787d1cc6e9b5b7b27acbe2feac042c39c67361fc5c5f77fc269813,2024-09-12T01:02:41.613000,received,kaspa:qpyk00q6cvkm8dhtam5lsgpztpuljv7leyr9wnu7pmkv2muja37cy408ypmwq,6871577804,
7a1b470e52e1e4ea54b63ffaceb036253e9849e7a463f68f47e362ede009dd2d,2024-09-10T01:08:04.935000,sent,kaspa:qpzpfwcsqsxhxwup26r55fd0ghqlhyugz8cp6y3wxuddc02vcxtjg75pspnwz,2000000000000,MEXC
7a1b470e52e1e4ea54b63ffaceb036253e9849e7a463f68f47e362ede009dd2d,2024-09-10T01:08:04.935000,sent,kaspa:qpjunp39ssazf4rzfxxu0hd35xggfxn6lq0ls9u9q6peevzcmcv4xmv9q4njd,48907882591973530,
835ca29b9954bc093c3113b50101db070b0e55e9c99d0e303267fe125608b360,2024-09-10T01:07:09.509000,received,kaspa:qpyk00q6cvkm8dhtam5lsgpztpuljv7leyr9wnu7pmkv2muja37cy408ypmwq,5603001097,
835ca29b9954bc093c3113b50101db070b0e55e9c99d0e303267fe125608b360,2024-09-10T01:07:09.509000,received,kaspa:qpyk00q6cvkm8dhtam5lsgpztpuljv7leyr9wnu7pmkv2muja37cy408ypmwq,5603001097,
22fd03ac4ee939e32f4d81d8ea19367fe6e48ceae1d4932478bd1d47bb6e819a,2024-09-10T01:04:08.385000,sent,kaspa:qpzpfwcsqsxhxwup26r55fd0ghqlhyugz8cp6y3wxuddc02vcxtjg75pspnwz,2000000000000,MEXC
22fd03ac4ee939e32f4d81d8ea19367fe6e48ceae1d4932478bd1d47bb6e819a,2024-09-10T01:04:08.385000,sent,kaspa:qpjunp39ssazf4rzfxxu0hd35xggfxn6lq0ls9u9q6peevzcmcv4xmv9q4njd,48915858799247745,
bec7b23d6d5aba5ce774dac3fe92c2e2a23c87c6f99d97c62df207efad814bfd,2024-09-10T01:03:18.668000,received,kaspa:qpyk00q6cvkm8dhtam5lsgpztpuljv7leyr9wnu7pmkv2muja37cy408ypmwq,5603001097,
ab801bf3f9194c6d8a3235c09a1cb40ffdbe8ecc1541a9ee4d5e002fc9125775,2024-05-08T02:29:37.625000,sent,kaspa:qpjunp39ssazf4rzfxxu0hd35xggfxn6lq0ls9u9q6peevzcmcv4xmv9q4njd,1770556534922,
0ec9bda6ff11bf7542de298b2ae8d4b1c6c4bb5cbebe44db2c1afd141e096e05,2024-05-08T01:04:48.393000,received,kaspa:qpyk00q6cvkm8dhtam5lsgpztpuljv7leyr9wnu7pmkv2muja37cy408ypmwq,29434498946,
9912583830abf6252db92188243d3aba600922611e555f94084a75b3b46e1cca,2024-04-25T03:56:35.626000,sent,kaspa:qpzpfwcsqsxhxwup26r55fd0ghqlhyugz8cp6y3wxuddc02vcxtjg75pspnwz,2000000000000,MEXC
9912583830abf6252db92188243d3aba600922611e555f94084a75b3b46e1cca,2024-04-25T03:56:35.626000,sent,kaspa:qpjunp39ssazf4rzfxxu0hd35xggfxn6lq0ls9u9q6peevzcmcv4xmv9q4njd,13991095034,
6d40920a6433f064c76e12acdaff68bf61c565257976de526a782fbc7b32c5d4,2024-04-25T01:19:46.968000,received,kaspa:qpyk00q6cvkm8dhtam5lsgpztpuljv7leyr9wnu7pmkv2muja37cy408ypmwq,34650868386,
a5b32225a6272b74b02ec7b1ff3bbabbe44b7d0439ba5d195e31efadc8928126,2024-04-13T01:10:06.367000,sent,kaspa:qpzpfwcsqsxhxwup26r55fd0ghqlhyugz8cp6y3wxuddc02vcxtjg75pspnwz,2000000000000,MEXC
a5b32225a6272b74b02ec7b1ff3bbabbe44b7d0439ba5d195e31efadc8928126,2024-04-13T01:10:06.367000,sent,kaspa:qpjunp39ssazf4rzfxxu0hd35xggfxn6lq0ls9u9q6peevzcmcv4xmv9q4njd,21557371900359157,
3aa767cb55a27ff4bd655f715e8d04c21ec93fe3e415e1c82e8e847a1bacb7fe,2024-04-13T01:09:02.324000,received,kaspa:qpyk00q6cvkm8dhtam5lsgpztpuljv7leyr9wnu7pmkv2muja37cy408ypmwq,30610114478,
f0f22e28a0c6fd05e8546ebd5886f8ded0ed687d129b9c2c1f5c0fe299992b78,2024-03-10T01:48:38.410000,sent,kaspa:qpjunp39ssazf4rzfxxu0hd35xggfxn6lq0ls9u9q6peevzcmcv4xmv9q4njd,1836461153572,
502eb3a1add95595ca3766ba46edc27ab7cc45ceffb6cecac9f32c29503332fb,2024-03-10T01:12:20.094000,received,kaspa:qpyk00q6cvkm8dhtam5lsgpztpuljv7leyr9wnu7pmkv2muja37cy408ypmwq,5218730714,
45bfec4956961b34540c3cfbda4139ef07d31a85a9f3ccedf6a61f0fa6508a2b,2024-03-09T01:27:34.891000,sent,kaspa:qpzpfwcsqsxhxwup26r55fd0ghqlhyugz8cp6y3wxuddc02vcxtjg75pspnwz,2000000000000,MEXC
45bfec4956961b34540c3cfbda4139ef07d31a85a9f3ccedf6a61f0fa6508a2b,2024-03-09T01:27:34.891000,sent,kaspa:qpjunp39ssazf4rzfxxu0hd35xggfxn6lq0ls9u9q6peevzcmcv4xmv9q4njd,4353732909,
d6e11599e6f07cb36e3f3f3273b3e7128236aec1b38dc02f9900d92bad02dcc2,2024-03-09T01:10:36.193000,received,kaspa:qpyk00q6cvkm8dhtam5lsgpztpuljv7leyr9wnu7pmkv2muja37cy408ypmwq,6633095468,
3b3052e68cc03ca1d1145710a70690f7da56a268710d40d9dcd9cca2a0a34b2d,2024-03-08T01:52:34.120000,sent,kaspa:qpjunp39ssazf4rzfxxu0hd35xggfxn6lq0ls9u9q6peevzcmcv4xmv9q4njd,203270796764,
e0cece0f8b8ea7a1c3619db44c74d4bedc34aeddf6747b6e0555758c3432da2e,2024-03-08T01:11:08.157000,received,kaspa:qpyk00q6cvkm8dhtam5lsgpztpuljv7leyr9wnu7pmkv2muja37cy408ypmwq,5232595343,
ce3d2390bd04e87e2688621403ae9e8e3834931d6e406cfef5b6088d5a40531e,2024-03-07T01:13:05.649000,sent,kaspa:qpzpfwcsqsxhxwup26r55fd0ghqlhyugz8cp6y3wxuddc02vcxtjg75pspnwz,2000000000000,MEXC
ce3d2390bd04e87e2688621403ae9e8e3834931d6e406cfef5b6088d5a40531e,2024-03-07T01:13:05.649000,sent,kaspa:qpjunp39ssazf4rzfxxu0hd35xggfxn6lq0ls9u9q6peevzcmcv4xmv9q4njd,22271141378870611,
6841e1e488175716a20cae32b6dbd3999beaa62b79ef22b4e6799bf9185d039b,2024-03-07T01:11:09.400000,received,kaspa:qpyk00q6cvkm8dhtam5lsgpztpuljv7leyr9wnu7pmkv2muja37cy408ypmwq,6179682426,
d42de45bcf4d8f878cb7086c43b5cd3518eda4741674416d6eceec9dd7767d20,2024-03-06T01:36:06.926000,sent,kaspa:qpjunp39ssazf4rzfxxu0hd35xggfxn6lq0ls9u9q6peevzcmcv4xmv9q4njd,516582127939,
be51a88b8e882e875c08f47baae893b75bde57793263129b3dd4225d4cfdedb0,2024-03-06T01:11:06.944000,received,kaspa:qpyk00q6cvkm8dhtam5lsgpztpuljv7leyr9wnu7pmkv2muja37cy408ypmwq,6190228357,
2afc8ab2b502b900c001c8cf1ea9adfaf7c6f95f6cbdefb7e0b97d0424aee8b1,2024-03-05T01:49:34.641000,sent,kaspa:qpjunp39ssazf4rzfxxu0hd35xggfxn6lq0ls9u9q6peevzcmcv4xmv9q4njd,1566673788032,
ca5629e6233d8b27407afe166d76a8cadfcc2746b6f4e260fbe540fb6e744a60,2024-03-05T01:11:22.454000,received,kaspa:qpyk00q6cvkm8dhtam5lsgpztpuljv7leyr9wnu7pmkv2muja37cy408ypmwq,6098386961,
eefc1b167f19c1e181059b818ceab1d6d5e186dc66c23a1f9471d4181f372560,2024-03-04T02:17:02.356000,sent,kaspa:qpjunp39ssazf4rzfxxu0hd35xggfxn6lq0ls9u9q6peevzcmcv4xmv9q4njd,1666026452929,
79dea0a3966c42c6dfb2a4e4e1ff2bb7b040f403997ec55f6734b16739df9beb,2024-03-04T01:11:17.725000,received,kaspa:qpyk00q6cvkm8dhtam5lsgpztpuljv7leyr9wnu7pmkv2muja37cy408ypmwq,5747502814,
c71ee904fb5cf6347e99c04db703805bdfe7d0e7cf0fe5afd99596eb291f5edf,2024-03-03T01:47:06.373000,sent,kaspa:qpjunp39ssazf4rzfxxu0hd35xggfxn6lq0ls9u9q6peevzcmcv4xmv9q4njd,494856703715,
601cbb08d0c42f389f661fb95c59a6be0403cb070c66c0592d7c3cb77cc8e7b7,2024-03-03T01:12:19.935000,received,kaspa:qpyk00q6cvkm8dhtam5lsgpztpuljv7leyr9wnu7pmkv2muja37cy408ypmwq,5899423473,
c0cb968a1bb9dfd13743af1603eb437a730e01dd203bb557dc702c64a098343f,2024-03-02T01:31:34.653000,sent,kaspa:qpjunp39ssazf4rzfxxu0hd35xggfxn6lq0ls9u9q6peevzcmcv4xmv9q4njd,1958169991203,
1793d3aeb747fea062fd2de49420b3d52efb42d66f09313707706f6e0e702016,2024-03-02T01:12:14.958000,received,kaspa:qpyk00q6cvkm8dhtam5lsgpztpuljv7leyr9wnu7pmkv2muja37cy408ypmwq,5682035713,
f29a1933d2fd6619c81e56d22c0cff281ca91a20647db2ab91b76c3ffc2d8218,2024-03-01T01:35:05.633000,sent,kaspa:qpjunp39ssazf4rzfxxu0hd35xggfxn6lq0ls9u9q6peevzcmcv4xmv9q4njd,457589482367,
cd2d4091ba610b818164792a2da63e3824bc98e77145f3aede46723841357836,2024-03-01T01:10:46.939000,received,kaspa:qpyk00q6cvkm8dhtam5lsgpztpuljv7leyr9wnu7pmkv2muja37cy408ypmwq,5585916625,
f1e3c4c9bb84aee5e26a8dbb07e31a8dc5382a49892fcd1a106461dc803c50cf,2024-02-29T02:27:05.421000,sent,kaspa:qpzpfwcsqsxhxwup26r55fd0ghqlhyugz8cp6y3wxuddc02vcxtjg75pspnwz,2000000000000,MEXC
f1e3c4c9bb84aee5e26a8dbb07e31a8dc5382a49892fcd1a106461dc803c50cf,2024-02-29T02:27:05.421000,sent,kaspa:qpjunp39ssazf4rzfxxu0hd35xggfxn6lq0ls9u9q6peevzcmcv4xmv9q4njd,3044607296,
c5501a17d044b69c21fe1899c45c81e7ea5530080f23f22977b43fed59caa0ee,2024-02-29T01:13:43.703000,received,kaspa:qpyk00q6cvkm8dhtam5lsgpztpuljv7leyr9wnu7pmkv2muja37cy408ypmwq,6095821304,
f1e2b15bf08d109b2378179030af0447e33323c3378a0f50dee04afbc7efbe69,2024-02-28T01:21:10.132000,sent,kaspa:qpjunp39ssazf4rzfxxu0hd35xggfxn6lq0ls9u9q6peevzcmcv4xmv9q4njd,455817393260,
6de6cd107328ce64b331e9337cb12aa563679fd8b370ea76f3d3f571d53a6495,2024-02-28T01:11:33.903000,received,kaspa:qpyk00q6cvkm8dhtam5lsgpztpuljv7leyr9wnu7pmkv2muja37cy408ypmwq,5383026963,
34f22a0fac05e104b5b4454ec882c0391ad26feb418d260928c7dd166ed1e99e,2024-02-27T01:27:06.470000,sent,kaspa:qpjunp39ssazf4rzfxxu0hd35xggfxn6lq0ls9u9q6peevzcmcv4xmv9q4njd,530933887825,
b490ebb6cf084440e8c1508e96c9e2e39d4fabeeb6d6d4c767388a31a7936b84,2024-02-27T01:12:15.355000,received,kaspa:qpyk00q6cvkm8dhtam5lsgpztpuljv7leyr9wnu7pmkv2muja37cy408ypmwq,5315705783,
ce7627cbcfc406586dcfdb317565a47a511decf93e7d8d53f8dd3a890debfdc5,2024-02-26T06:28:37.923000,sent,kaspa:qpjunp39ssazf4rzfxxu0hd35xggfxn6lq0ls9u9q6peevzcmcv4xmv9q4njd,893701039642,
429e4b66b670ef416171330bcf359eb80cbc25f9c3027d061cef42de5449b396,2024-02-26T01:11:20.992000,received,kaspa:qpyk00q6cvkm8dhtam5lsgpztpuljv7leyr9wnu7pmkv2muja37cy408ypmwq,5356624535,
99732c6024dafc80be10d6dcfd7b6f9211a79ba3eaaeb07f6a1f48356997a92f,2024-02-25T01:27:03.766000,sent,kaspa:qpjunp39ssazf4rzfxxu0hd35xggfxn6lq0ls9u9q6peevzcmcv4xmv9q4njd,491616666143,
a80936fbb692064865ac65fa76fff3e146cc2094fde301e20563640720a27dbf,2024-02-25T01:12:38.760000,received,kaspa:qpyk00q6cvkm8dhtam5lsgpztpuljv7leyr9wnu7pmkv2muja37cy408ypmwq,5633460927,
adc76161c60422d3053de57a920675010bd1fcc54cddde1584f64c1f56ab075c,2024-02-24T05:29:08.772000,sent,kaspa:qpjunp39ssazf4rzfxxu0hd35xggfxn6lq0ls9u9q6peevzcmcv4xmv9q4njd,456169689501,
e19ec3d4d480f8885371b8a26493c329f666f66f87cf539bf84d2a594d3717a4,2024-02-24T01:10:06.010000,received,kaspa:qpyk00q6cvkm8dhtam5lsgpztpuljv7leyr9wnu7pmkv2muja37cy408ypmwq,5596490262,
6ae4c5f1e4bf00518d21bba605b5822d0bd97809cb79c6e942dd3e20642b6925,2024-02-23T02:18:05.753000,sent,kaspa:qpjunp39ssazf4rzfxxu0hd35xggfxn6lq0ls9u9q6peevzcmcv4xmv9q4njd,1416017455845,
70981423137f2f71b7cc378d75bffbfe25a21fd38213ee8a3e2352d6b5eca08e,2024-02-23T01:12:31.554000,received,kaspa:qpyk00q6cvkm8dhtam5lsgpztpuljv7leyr9wnu7pmkv2muja37cy408ypmwq,5631920479,
3198ce3968e7071a9d4b767566cd749fba2951396cd7d92a2ed2d9dcd0979653,2024-02-22T01:58:03.196000,sent,kaspa:qpjunp39ssazf4rzfxxu0hd35xggfxn6lq0ls9u9q6peevzcmcv4xmv9q4njd,1653519729922,
c727de8d3b8bd9779edfa359a85cbcc0c33a2a9b5f3f5df43cd534b46e402e4e,2024-02-22T01:15:18.948000,received,kaspa:qpyk00q6cvkm8dhtam5lsgpztpuljv7leyr9wnu7pmkv2muja37cy408ypmwq,5354058432,
b9dc3546dbe407eed5b6962c44d792a4df1b970fe240295cbb8fe275f867ac62,2024-02-21T01:13:04.932000,sent,kaspa:qpzpfwcsqsxhxwup26r55fd0ghqlhyugz8cp6y3wxuddc02vcxtjg75pspnwz,2000000000000,MEXC
b9dc3546dbe407eed5b6962c44d792a4df1b970fe240295cbb8fe275f867ac62,2024-02-21T01:13:04.932000,sent,kaspa:qpjunp39ssazf4rzfxxu0hd35xggfxn6lq0ls9u9q6peevzcmcv4xmv9q4njd,20783942429721608,
edc348f48f207e572f1407d1388c750c5fbb997fa5ef006e9fcc850cbe4b8b1b,2024-02-21T01:10:47.614000,received,kaspa:qpyk00q6cvkm8dhtam5lsgpztpuljv7leyr9wnu7pmkv2muja37cy408ypmwq,22140444100,
8bdf7b51c1d1300114d09400c010d43eaf20231738014a340746dae1f86d664f,2024-02-13T01:23:31.619000,sent,kaspa:qpzpfwcsqsxhxwup26r55fd0ghqlhyugz8cp6y3wxuddc02vcxtjg75pspnwz,2000000000000,MEXC
8bdf7b51c1d1300114d09400c010d43eaf20231738014a340746dae1f86d664f,2024-02-13T01:23:31.619000,sent,kaspa:qpjunp39ssazf4rzfxxu0hd35xggfxn6lq0ls9u9q6peevzcmcv4xmv9q4njd,2796303768,
89dcffa261c28847f53481304bad7a55287be8d9f81cb39b9797b5a950817918,2024-02-13T01:14:31.312000,received,kaspa:qpyk00q6cvkm8dhtam5lsgpztpuljv7leyr9wnu7pmkv2muja37cy408ypmwq,20025890378,
f9cd8aeee044a85e2f58a48b065be9f1057b2b0f542cab014f2dcdb96219afda,2024-02-06T01:20:03.803000,sent,kaspa:qpzpfwcsqsxhxwup26r55fd0ghqlhyugz8cp6y3wxuddc02vcxtjg75pspnwz,2000000000000,MEXC
f9cd8aeee044a85e2f58a48b065be9f1057b2b0f542cab014f2dcdb96219afda,2024-02-06T01:20:03.803000,sent,kaspa:qpjunp39ssazf4rzfxxu0hd35xggfxn6lq0ls9u9q6peevzcmcv4xmv9q4njd,20015378920660643,
1e0484175c210730da14fed4405b5a3d35d22b722a5f3acdde02e232953a7814,2024-02-06T01:14:30.528000,received,kaspa:qpyk00q6cvkm8dhtam5lsgpztpuljv7leyr9wnu7pmkv2muja37cy408ypmwq,7342810934,
e7cc873474d88ca5aa679e272a245ceca2e83847ff7eb4423b063053b66bc53c,2024-01-25T04:04:02.477000,sent,kaspa:qpjunp39ssazf4rzfxxu0hd35xggfxn6lq0ls9u9q6peevzcmcv4xmv9q4njd,12861465078,
0fe50d294266db2a61b53ce9a121fa27b51efb6d107de38f130620d448d6f0a3,2024-01-25T03:55:21.081000,sent,kaspa:qpjunp39ssazf4rzfxxu0hd35xggfxn6lq0ls9u9q6peevzcmcv4xmv9q4njd,22037348572,
2a1418544fa2146b15610cf1464e4fea845a7f8435f0f5f2bf19992183ab5fa5,2024-01-22T02:47:36.919000,sent,kaspa:qpjunp39ssazf4rzfxxu0hd35xggfxn6lq0ls9u9q6peevzcmcv4xmv9q4njd,760350917903,
6571a29222e6cf15ba1438a4e3c2b34630cb51ba3502b1a91fe6f309547f2abd,2024-01-21T13:12:05.492000,sent,kaspa:qpjunp39ssazf4rzfxxu0hd35xggfxn6lq0ls9u9q6peevzcmcv4xmv9q4njd,446277450523,
24a442be135c5b89569651e8aedd7952e88570390dcddde35dd312c5e6a09663,2024-01-21T02:48:38.741000,sent,kaspa:qpjunp39ssazf4rzfxxu0hd35xggfxn6lq0ls9u9q6peevzcmcv4xmv9q4njd,452759694850,
0ed71208fada0da73f13fae5f5b99e17efa09dcb2c7a6463d9c4d14960806131,2024-01-20T16:13:08.123000,sent,kaspa:qpjunp39ssazf4rzfxxu0hd35xggfxn6lq0ls9u9q6peevzcmcv4xmv9q4njd,464026802089,
0cd91d361bcff76b0dd23bc5cdb12898c4d188b0605e37c7435368afd9992414,2024-01-20T10:35:08.052000,sent,kaspa:qpjunp39ssazf4rzfxxu0hd35xggfxn6lq0ls9u9q6peevzcmcv4xmv9q4njd,472254761545,
ab3a2ff044b55cb750d8d6fc6015f1fa5a843ed7ce89c75d5c8e803b55a4bfcb,2024-01-20T02:09:38.237000,sent,kaspa:qpjunp39ssazf4rzfxxu0hd35xggfxn6lq0ls9u9q6peevzcmcv4xmv9q4njd,505323425411,
011b352be14de101682ce8bebe526ba93667f30a8c438520ebc9c89161b949ae,2024-01-20T02:07:37.283000,sent,kaspa:qpjunp39ssazf4rzfxxu0hd35xggfxn6lq0ls9u9q6peevzcmcv4xmv9q4njd,495336180343,
011b352be14de101682ce8bebe526ba93667f30a8c438520ebc9c89161b949ae,2024-01-20T02:07:37.283000,sent,kaspa:qpjunp39ssazf4rzfxxu0hd35xggfxn6lq0ls9u9q6peevzcmcv4xmv9q4njd,495336180343,
5149b1be74264474dd58fc725a782ce7288b9bffdb4d2324e583941bc34e24eb,2024-01-19T21:33:05.391000,sent,kaspa:qpjunp39ssazf4rzfxxu0hd35xggfxn6lq0ls9u9q6peevzcmcv4xmv9q4njd,506311670399,
eda0b2b1daa599e76d227f62b34451ebf6dbe9b5477aa5eae1fec8344845e818,2024-01-19T19:47:37.136000,sent,kaspa:qpjunp39ssazf4rzfxxu0hd35xggfxn6lq0ls9u9q6peevzcmcv4xmv9q4njd,447472583319,
0e84fa14380e5eb4b146a0c61f1050ab44acdaf9fcb320b7c245759d6ec7f24a,2024-01-19T18:22:06.986000,sent,kaspa:qpjunp39ssazf4rzfxxu0hd35xggfxn6lq0ls9u9q6peevzcmcv4xmv9q4njd,541499877307,
ad2ee298e291c4797e920af5e118cefdb3c58df9d6b8ad53fd4584282bcfaaac,2024-01-19T14:41:08.075000,sent,kaspa:qpjunp39ssazf4rzfxxu0hd35xggfxn6lq0ls9u9q6peevzcmcv4xmv9q4njd,623389332431,
70eacdb432f05c3ed8b04d89224cb53860c6fd9ee676281f7800bd67d0fe3eac,2024-01-19T08:44:37.366000,sent,kaspa:qpjunp39ssazf4rzfxxu0hd35xggfxn6lq0ls9u9q6peevzcmcv4xmv9q4njd,691385614592,
520d048b2d23506f7ef54e69bdf2fa11938809517fb34720bf349a3f0c0f079b,2024-01-19T03:33:36.915000,sent,kaspa:qpjunp39ssazf4rzfxxu0hd35xggfxn6lq0ls9u9q6peevzcmcv4xmv9q4njd,743778651067,
2cfc5626f58e908705a71c3a93433436aa841ebc20fe01bae553333a3348575a,2024-01-19T01:46:09.193000,sent,kaspa:qpjunp39ssazf4rzfxxu0hd35xggfxn6lq0ls9u9q6peevzcmcv4xmv9q4njd,796566751235,
387dab590976bffdca5cbaf54402e22c2e47f8932ba309c443df3ffb9812998a,2024-01-19T01:38:36.959000,sent,kaspa:qpjunp39ssazf4rzfxxu0hd35xggfxn6lq0ls9u9q6peevzcmcv4xmv9q4njd,800920007482,
ec3a1fba673bda43745192dcf71cce6f2a9d4486031710da0e7215e86cf61990,2024-01-19T01:35:08.896000,sent,kaspa:qpjunp39ssazf4rzfxxu0hd35xggfxn6lq0ls9u9q6peevzcmcv4xmv9q4njd,803186078119,
a3a106d259ca6a2f22614d10eb67682f714fe9dfaabee9a18e9aec7a613ae999,2024-01-19T01:28:12.566000,sent,kaspa:qpjunp39ssazf4rzfxxu0hd35xggfxn6lq0ls9u9q6peevzcmcv4xmv9q4njd,805976992492,
5f2ee4f6b827e432f11696b177833c6b5a15a9fbbe1c593c8fbc733d6dc7544e,2024-01-19T00:02:47.081000,sent,kaspa:qpjunp39ssazf4rzfxxu0hd35xggfxn6lq0ls9u9q6peevzcmcv4xmv9q4njd,857127560859,
9ba0f2e92467d8ef92fde4d6fcfeeb821b7ef5254a57a7a4abc5cde8044bd808,2024-01-18T23:37:04.863000,sent,kaspa:qpjunp39ssazf4rzfxxu0hd35xggfxn6lq0ls9u9q6peevzcmcv4xmv9q4njd,872154094066,
81ee95707c1439b2996ca69b44efe64e13c8693600a6a72f62a5ead604a77da2,2024-01-18T23:35:05.290000,sent,kaspa:qpjunp39ssazf4rzfxxu0hd35xggfxn6lq0ls9u9q6peevzcmcv4xmv9q4njd,877953768534,
18239b7042e6a7259c1f6c8543eb9471d302c9e3524bdf5f5ce9106c8ed9e938,2024-01-18T23:34:07.077000,sent,kaspa:qpjunp39ssazf4rzfxxu0hd35xggfxn6lq0ls9u9q6peevzcmcv4xmv9q4njd,873952392764,
381353aacfb3d03d075e207793755ae0b955c3ad98a7eb854ac33602535b8906,2024-01-18T23:34:05.588000,sent,kaspa:qpjunp39ssazf4rzfxxu0hd35xggfxn6lq0ls9u9q6peevzcmcv4xmv9q4njd,874241076456,
bb2626bd578ee2946783c975eba8c220fa7f380bd7d5dfb5afe5e51995776490,2024-01-18T23:33:04.752000,sent,kaspa:qpjunp39ssazf4rzfxxu0hd35xggfxn6lq0ls9u9q6peevzcmcv4xmv9q4njd,889326787344,
f0861db1fc048490db1ed638696a2af8e7712b95131b1063c0dcfd14c705b380,2024-01-18T23:32:05.625000,sent,kaspa:qpjunp39ssazf4rzfxxu0hd35xggfxn6lq0ls9u9q6peevzcmcv4xmv9q4njd,895381257515,
c5afb717f27bad67d0b4832658e09cde0357422dcbc327a21146dbec58103430,2024-01-18T23:31:11.087000,sent,kaspa:qpjunp39ssazf4rzfxxu0hd35xggfxn6lq0ls9u9q6peevzcmcv4xmv9q4njd,875694805708,
a12865d00a09b9bedc63ed84791fc09674a48d64a12730c50e7df829d845bb9d,2024-01-18T23:30:10.603000,sent,kaspa:qpjunp39ssazf4rzfxxu0hd35xggfxn6lq0ls9u9q6peevzcmcv4xmv9q4njd,909706083021,
dbc7e64aad5db6eed4ef5594d2b185353c5175a0b0a715273f25eead8024f705,2024-01-18T23:29:07.169000,sent,kaspa:qpjunp39ssazf4rzfxxu0hd35xggfxn6lq0ls9u9q6peevzcmcv4xmv9q4njd,878590668914,
f8352a2dad2e244f9ead3c67ecb1d47f7fb09b0bef8444dedb0db13a9d760c89,2024-01-17T00:15:08.025000,sent,kaspa:qpjunp39ssazf4rzfxxu0hd35xggfxn6lq0ls9u9q6peevzcmcv4xmv9q4njd,1375118175235,
39239e04f797f2c3f5c0943142b1bf28548a04ba6b1c99041119610781bcbb93,2024-01-13T07:35:46.353000,sent,kaspa:qpjunp39ssazf4rzfxxu0hd35xggfxn6lq0ls9u9q6peevzcmcv4xmv9q4njd,881969652682,
3b670b4ab4c8a27818974d1d1812797388b427c5d987e1ddeef7cd91fb323929,2024-01-10T17:54:38.666000,sent,kaspa:qpjunp39ssazf4rzfxxu0hd35xggfxn6lq0ls9u9q6peevzcmcv4xmv9q4njd,883674794147,
1521d121970f992efd9951c1114276111e34b391bbd4c2bbfbae6322ea39588f,2024-01-09T16:08:37.627000,sent,kaspa:qpjunp39ssazf4rzfxxu0hd35xggfxn6lq0ls9u9q6peevzcmcv4xmv9q4njd,884855631205,
d37967dc5ca22e90ae36dc8049c7bf97dc4098dbd108d0790697404c0a484b45,2024-01-09T12:17:37.293000,sent,kaspa:qpjunp39ssazf4rzfxxu0hd35xggfxn6lq0ls9u9q6peevzcmcv4xmv9q4njd,895672116631,
2f632f379a7aaa8c6e21c492b2bec9da1b0c54b0f42bd0e1ebb2a7086d4e496d,2024-01-08T16:53:06.616000,sent,kaspa:qpjunp39ssazf4rzfxxu0hd35xggfxn6lq0ls9u9q6peevzcmcv4xmv9q4njd,886288020407,
36eeb6b874df32b177d2224fb65cc4a8ecdcbeddf341538832f807af6d2b68b4,2024-01-08T16:31:41.998000,sent,kaspa:qpjunp39ssazf4rzfxxu0hd35xggfxn6lq0ls9u9q6peevzcmcv4xmv9q4njd,886360409560,
70a28fd3129337dd19f817ce8da3d441cc8e9b53e27a454c2646d7e0b77c1a4d,2024-01-08T13:03:08.244000,sent,kaspa:qpjunp39ssazf4rzfxxu0hd35xggfxn6lq0ls9u9q6peevzcmcv4xmv9q4njd,886598122904,
70a28fd3129337dd19f817ce8da3d441cc8e9b53e27a454c2646d7e0b77c1a4d,2024-01-08T13:03:08.244000,sent,kaspa:qpjunp39ssazf4rzfxxu0hd35xggfxn6lq0ls9u9q6peevzcmcv4xmv9q4njd,886598122904,
9f66894be21b90d71c094c453ed717ff644af32cff4d22e45e2d27ff6762d2e5,2024-01-08T02:04:05.894000,sent,kaspa:qpjunp39ssazf4rzfxxu0hd35xggfxn6lq0ls9u9q6peevzcmcv4xmv9q4njd,888235852379,
2b77dae7f1af23cca25fc30f89dbaaa5d772e715fc3751445bdc135e67ef87a0,2024-01-07T12:42:39.036000,sent,kaspa:qpjunp39ssazf4rzfxxu0hd35xggfxn6lq0ls9u9q6peevzcmcv4xmv9q4njd,889362458379,
4dd9d22f724d7a41618f53ef8525329a9feb4444cbcaf02674d28b8f479f937b,2024-01-07T03:31:40.164000,sent,kaspa:qpjunp39ssazf4rzfxxu0hd35xggfxn6lq0ls9u9q6peevzcmcv4xmv9q4njd,907187051608,
e31df07ce087149ae9e7da325b1fdb2ec44abbaf8a69ae19c79f9d52fdecbeaa,2024-01-06T20:49:42.534000,sent,kaspa:qpjunp39ssazf4rzfxxu0hd35xggfxn6lq0ls9u9q6peevzcmcv4xmv9q4njd,890476196847,
15e3b3037b695d962e3db48723053585f49e8aeca87abfe1b885a19f81bec6bf,2024-01-06T03:45:07.960000,sent,kaspa:qpjunp39ssazf4rzfxxu0hd35xggfxn6lq0ls9u9q6peevzcmcv4xmv9q4njd,892700918283,
25d88b1a88c439852b16d9d80383f70260af32ae65558bfaf2307b3af92eb7fd,2024-01-05T12:24:41.481000,sent,kaspa:qpjunp39ssazf4rzfxxu0hd35xggfxn6lq0ls9u9q6peevzcmcv4xmv9q4njd,894376022321,
e44fd42fa0d30da261a25d640be4068f1f31b3b3e6ca89e6e0eca96854f9bb2a,2024-01-04T21:36:42.969000,sent,kaspa:qpjunp39ssazf4rzfxxu0hd35xggfxn6lq0ls9u9q6peevzcmcv4xmv9q4njd,896768280449,
df6e4a9e330dcd120de125b9ce659b63c71bae395d6b63523c32c18e689ab559,2024-01-03T22:43:07.421000,sent,kaspa:qpjunp39ssazf4rzfxxu0hd35xggfxn6lq0ls9u9q6peevzcmcv4xmv9q4njd,909517562169,
253ba41c0722b4bbde01f5c7fe56b3ad811342a1da7b39281313d344f91e03d9,2024-01-03T22:35:38.014000,sent,kaspa:qpjunp39ssazf4rzfxxu0hd35xggfxn6lq0ls9u9q6peevzcmcv4xmv9q4njd,909652475608,
317a3d53a7f74068796e8872d974bdc89f6b6ebf169e86e5b638ece4a1c99413,2024-01-03T20:13:10.366000,sent,kaspa:qpjunp39ssazf4rzfxxu0hd35xggfxn6lq0ls9u9q6peevzcmcv4xmv9q4njd,1021706163446,
77550682ec971d301fe3e2403d4f3fdc20092c522f6aaf38f4c985033b09de06,2024-01-03T19:59:06.374000,sent,kaspa:qpjunp39ssazf4rzfxxu0hd35xggfxn6lq0ls9u9q6peevzcmcv4xmv9q4njd,912741521902,
5121ffbb5db0135691fc8427737427ffe71d5fa66fde58fdd9484112d150199e,2024-01-03T19:18:07.219000,sent,kaspa:qpjunp39ssazf4rzfxxu0hd35xggfxn6lq0ls9u9q6peevzcmcv4xmv9q4njd,913621490177,
e54591c177a0a26174659307a3e460ee4e28118c9bd1733353f9e1e4764f70df,2024-01-03T14:37:38.039000,sent,kaspa:qpjunp39ssazf4rzfxxu0hd35xggfxn6lq0ls9u9q6peevzcmcv4xmv9q4njd,920270095432,
75872c9d995acb3845afa8e72be67224c9f3fed0d0a22ba1acc2fc4a20d272fe,2024-01-01T22:43:37.880000,sent,kaspa:qpjunp39ssazf4rzfxxu0hd35xggfxn6lq0ls9u9q6peevzcmcv4xmv9q4njd,939832359944,
bdae9953a329135dfbf3b7ad3843e16b2ad72459c94ef4eecf3d34821608fab0,2023-12-16T01:09:14.472000,received,kaspa:qpyk00q6cvkm8dhtam5lsgpztpuljv7leyr9wnu7pmkv2muja37cy408ypmwq,5753421590,
f0e188a54b786a86ec94541eaf8532f0bf8db09c108d531f1b86291fe5fae924,2023-12-12T02:13:16.609000,received,kaspa:qpyk00q6cvkm8dhtam5lsgpztpuljv7leyr9wnu7pmkv2muja37cy408ypmwq,5002814299,
428e55e53d43cb318bbdc3a7ceca6209fd54a124c295d02b737e56e7828df9eb,2023-12-10T01:07:28.342000,received,kaspa:qpyk00q6cvkm8dhtam5lsgpztpuljv7leyr9wnu7pmkv2muja37cy408ypmwq,6153627756,
7144830d7dc5d6999ef7a282c884666ccdb94e88217faa1dee6951b26ba2b5b0,2023-12-09T01:06:24.883000,received,kaspa:qpyk00q6cvkm8dhtam5lsgpztpuljv7leyr9wnu7pmkv2muja37cy408ypmwq,5629011383,
dc89d875ee390688c4633def76291d38bedaa4bd5446085f4cd9d7cb16f24566,2023-12-08T01:12:08.305000,received,kaspa:qpyk00q6cvkm8dhtam5lsgpztpuljv7leyr9wnu7pmkv2muja37cy408ypmwq,5366805562,
a795206a833bbf1bf0ad0b2d73e58ba12cf66010bbd8a4d1fce75af4f0dcfbe1,2023-12-07T01:04:16.509000,received,kaspa:qpyk00q6cvkm8dhtam5lsgpztpuljv7leyr9wnu7pmkv2muja37cy408ypmwq,10335467608,
11ed732341feae800b1f7368a2242c74b019c84368ba6025b9ad6410baec800c,2023-12-05T01:11:13.928000,received,kaspa:qpyk00q6cvkm8dhtam5lsgpztpuljv7leyr9wnu7pmkv2muja37cy408ypmwq,9100479417,
e82bb06607e91329279693131d3f8bc200ae5f2f2720629c06d352c7e66752d2,2023-12-03T01:18:32.818000,received,kaspa:qpyk00q6cvkm8dhtam5lsgpztpuljv7leyr9wnu7pmkv2muja37cy408ypmwq,9158709949,
6daa5a4a01e274570483e286aca1a67aff0238ea9408ba664db205b7b57ba7d5,2023-12-01T01:12:30.908000,received,kaspa:qpyk00q6cvkm8dhtam5lsgpztpuljv7leyr9wnu7pmkv2muja37cy408ypmwq,5071479592,
bb3b466988668061af66d7483b5ed3ca1232636c51606c8c987f0ac6ba06d5cc,2023-11-30T02:22:50.859000,received,kaspa:qpyk00q6cvkm8dhtam5lsgpztpuljv7leyr9wnu7pmkv2muja37cy408ypmwq,5622988944,
a30f0cc77fdecade79516ea4fb11cf86ff423ca4e9dfa1633bd32a5d6686bf95,2023-11-29T02:03:58.338000,received,kaspa:qpyk00q6cvkm8dhtam5lsgpztpuljv7leyr9wnu7pmkv2muja37cy408ypmwq,5629103776,
be5887d207888e2148dd95fd23057abfc9b6ba912864e25f979e391280033f17,2023-11-28T01:54:04.958000,received,kaspa:qpyk00q6cvkm8dhtam5lsgpztpuljv7leyr9wnu7pmkv2muja37cy408ypmwq,5887519201,
6fe72acf708bd8523110839bf47ca2d4db6887f4d83bf5c2590395936d42c1c2,2023-11-27T01:37:37.838000,received,kaspa:qpyk00q6cvkm8dhtam5lsgpztpuljv7leyr9wnu7pmkv2muja37cy408ypmwq,5273008406,
798489b3379dda9881448133198b8ad9955acba91e63fbf09f38dca9d9812bbd,2023-11-26T02:25:05.111000,received,kaspa:qpyk00q6cvkm8dhtam5lsgpztpuljv7leyr9wnu7pmkv2muja37cy408ypmwq,9739674958,
e869cf6875b821691513edd77b7a63a6980eaaa80ad7197e7e0853a2fd299fa7,2023-11-24T01:27:36.335000,received,kaspa:qpyk00q6cvkm8dhtam5lsgpztpuljv7leyr9wnu7pmkv2muja37cy408ypmwq,9051277523,
fb7a5e610b1f4739483e7265044af83e8502ab69afa09c3e52ce1c6802bb00f4,2023-11-22T01:15:07.029000,received,kaspa:qpyk00q6cvkm8dhtam5lsgpztpuljv7leyr9wnu7pmkv2muja37cy408ypmwq,9127029189,
a6b260a8e2032d54d99a2361adcb0fa21fd1212815e1c1317765256801a99690,2023-11-20T01:15:30.596000,received,kaspa:qpyk00q6cvkm8dhtam5lsgpztpuljv7leyr9wnu7pmkv2muja37cy408ypmwq,7856454339,
564e37d92e04d1a8a2edc2d9947cee8822e9cbcbd539a489af31272037b715cd,2023-11-18T01:12:08.977000,received,kaspa:qpyk00q6cvkm8dhtam5lsgpztpuljv7leyr9wnu7pmkv2muja37cy408ypmwq,5145117422,
b8f463c1b02b63fa3507f47b242a3910d3595cba7d02c3fc058831b817989831,2023-03-06T21:17:34.777000,received,kaspa:qq8dgyt5spy77x068wtej6jkgg63re4xk45kvw32ah5eglnsyree5vdzj0gng,7083513482,
0a260cc3d6a87b8a89e186590ea07374fcf7821c5e5947adaf336bc3199dac7c,2023-03-05T13:37:16.622000,received,kaspa:qr57man6xfvx3mx8ekz3nek22fj7vkmazr6kqejxrn4t7rptc8z66d3y349dc,250513160,
62dfbeb043724ffc190ab1eaef42318c4be7eec92c9701cf705c5f77ca92a8d7,2022-12-23T18:20:39.913000,received,kaspa:qr57man6xfvx3mx8ekz3nek22fj7vkmazr6kqejxrn4t7rptc8z66d3y349dc,146164942,
2bcf754dc4cf2a837a8cf2d56c6b97344a042d1b12febf0a238b1f5117e0f274,2022-12-17T21:06:12.426000,received,kaspa:qq8dgyt5spy77x068wtej6jkgg63re4xk45kvw32ah5eglnsyree5vdzj0gng,9934997235,
816ffd1d7155a02069983db13e57dfbd3caae123f20a34735eea19c77a6e98eb,2022-12-16T10:49:10.649000,received,kaspa:qr57man6xfvx3mx8ekz3nek22fj7vkmazr6kqejxrn4t7rptc8z66d3y349dc,8452934020,
c4bb1b3790390998fba267def1731cc984a04fb67fa0dc3e05d9b3411e83f421,2022-12-15T13:29:18.262000,received,kaspa:qr57man6xfvx3mx8ekz3nek22fj7vkmazr6kqejxrn4t7rptc8z66d3y349dc,10144339824,
7de6b56dfe2ffd72e1b99bbecfe5733a0d9c504478761f58692943b8ec46ed1e,2022-12-14T05:28:33.839000,received,kaspa:qr57man6xfvx3mx8ekz3nek22fj7vkmazr6kqejxrn4t7rptc8z66d3y349dc,10022391788,
3a1df1e5bd8cb1b97e8f13934e69a15fb63acd02017243b2e31fe1bdea3a4eb7,2022-12-12T17:44:20.823000,received,kaspa:qr57man6xfvx3mx8ekz3nek22fj7vkmazr6kqejxrn4t7rptc8z66d3y349dc,9940385636,
3a1df1e5bd8cb1b97e8f13934e69a15fb63acd02017243b2e31fe1bdea3a4eb7,2022-12-12T17:44:20.823000,received,kaspa:qr57man6xfvx3mx8ekz3nek22fj7vkmazr6kqejxrn4t7rptc8z66d3y349dc,9940385636,
e95950b93ae35f3bc554036240372bfcf9768947b4dfca10a02a48ba76df320e,2022-12-11T15:27:17.461000,received,kaspa:qr57man6xfvx3mx8ekz3nek22fj7vkmazr6kqejxrn4t7rptc8z66d3y349dc,10093602558,
e94e1189fed6adab879c841a9955b3141d10d148fccbe7979f593425236cc8ad,2022-12-10T15:41:51.792000,received,kaspa:qq8dgyt5spy77x068wtej6jkgg63re4xk45kvw32ah5eglnsyree5vdzj0gng,10071457175,
b76e0712dcf74987cc089c1edda06879eb8857138068834c2ab623d4e2964d6f,2022-12-09T08:56:54.791000,received,kaspa:qq8dgyt5spy77x068wtej6jkgg63re4xk45kvw32ah5eglnsyree5vdzj0gng,10017014284,
a8163edad7dba80f03c999ce540cb9facc1b1bfc231f7bb663ddd2bf2f389c94,2022-12-08T01:09:05.384000,received,kaspa:qq8dgyt5spy77x068wtej6jkgg63re4xk45kvw32ah5eglnsyree5vdzj0gng,10457656380,
ddb601e9b216c35a6c1c235de9411f27e705ddd4f8600b7ce5251e56ccbe4820,2022-12-07T02:55:04.041000,received,kaspa:qr57man6xfvx3mx8ekz3nek22fj7vkmazr6kqejxrn4t7rptc8z66d3y349dc,10072292409,
1235ef7cfbd84c309d969251725a65bf65504dd76dc7843aaaa36c25cd941a30,2022-12-06T05:03:14.669000,received,kaspa:qr57man6xfvx3mx8ekz3nek22fj7vkmazr6kqejxrn4t7rptc8z66d3y349dc,10163391825,
2e0dece3f0a225b36a4d96c1c88120343e0caf269f1f0bcfbea88105dd1b91a9,2022-12-05T08:21:33.278000,received,kaspa:qr57man6xfvx3mx8ekz3nek22fj7vkmazr6kqejxrn4t7rptc8z66d3y349dc,10055184412,
8087ce68b50d2d7b631f1086b5ae9beef59e5029ac777b52020cb827b33302d2,2022-12-04T13:11:26.311000,received,kaspa:qq8dgyt5spy77x068wtej6jkgg63re4xk45kvw32ah5eglnsyree5vdzj0gng,10108251805,
711b26b2886249feae7a87ec2a0bf07d609492f12e7b16bdc3ae6e39e1f00fb5,2022-12-03T13:28:48.779000,received,kaspa:qr57man6xfvx3mx8ekz3nek22fj7vkmazr6kqejxrn4t7rptc8z66d3y349dc,10041773576,
36d06823a7e62eea2150bc7b9cb2d6f614509a59815e40a4fbd062713865f5ad,2022-12-02T22:45:48.749000,received,kaspa:qr57man6xfvx3mx8ekz3nek22fj7vkmazr6kqejxrn4t7rptc8z66d3y349dc,10382017964,
1e79031da18ed03fb05620a387553b8371a9e41e9eee103f52a5202c58974456,2022-12-02T02:56:38.351000,received,kaspa:qr57man6xfvx3mx8ekz3nek22fj7vkmazr6kqejxrn4t7rptc8z66d3y349dc,9969096815,
cbf6c5973eded27c5c6f6dcfbb0ac9edd4add657444d3cef83a0a15e70e30f91,2022-12-01T03:22:33.249000,received,kaspa:qr57man6xfvx3mx8ekz3nek22fj7vkmazr6kqejxrn4t7rptc8z66d3y349dc,9910968783,
cbf6c5973eded27c5c6f6dcfbb0ac9edd4add657444d3cef83a0a15e70e30f91,2022-12-01T03:22:33.249000,received,kaspa:qr57man6xfvx3mx8ekz3nek22fj7vkmazr6kqejxrn4t7rptc8z66d3y349dc,9910968783,
7270477f610cf3a14c691f50f21aa18e94f842dfdff036bffda37d63d1efecfe,2022-11-30T05:36:02.689000,received,kaspa:qr57man6xfvx3mx8ekz3nek22fj7vkmazr6kqejxrn4t7rptc8z66d3y349dc,10190547725,
4af6a8ffa214080cfffc7ee3d569e5d09974952651c6948ec178e8972157d797,2022-11-29T07:55:30.848000,received,kaspa:qr57man6xfvx3mx8ekz3nek22fj7vkmazr6kqejxrn4t7rptc8z66d3y349dc,9947870641,
969e4e9d946eecb9704d91fd75b49955d23f27a2a7a36a2ed59035ba7af75855,2022-11-28T09:37:11.071000,received,kaspa:qr57man6xfvx3mx8ekz3nek22fj7vkmazr6kqejxrn4t7rptc8z66d3y349dc,10119068835,
006c0bfde9c77fcafede725deffbbca23309953802ab462957517457f7339cbe,2022-11-27T15:00:39.820000,received,kaspa:qq8dgyt5spy77x068wtej6jkgg63re4xk45kvw32ah5eglnsyree5vdzj0gng,10063341370,
0b22ad927fae106bc568b41ac6a95cba0a8cb2028fcd271b5aac0a50462e20c3,2022-11-26T18:53:08.715000,received,kaspa:qr57man6xfvx3mx8ekz3nek22fj7vkmazr6kqejxrn4t7rptc8z66d3y349dc,10106394679,
522b8558be865aac81be26363677ed9f11560aa8f94e2b1748dfe2dd50af6aa0,2022-11-26T00:29:22.507000,received,kaspa:qq8dgyt5spy77x068wtej6jkgg63re4xk45kvw32ah5eglnsyree5vdzj0gng,9925732762,
b391eb3ce29da7251366b9867ed7b6bb01ef195aacdb5404c8617ae5ee3a6339,2022-11-25T09:07:17.796000,received,kaspa:qr57man6xfvx3mx8ekz3nek22fj7vkmazr6kqejxrn4t7rptc8z66d3y349dc,10679852006,
0a9654ac608044355397c7afed13ae85527302008d387e99dda3d044d5a89e3f,2022-11-24T17:44:24.414000,received,kaspa:qr57man6xfvx3mx8ekz3nek22fj7vkmazr6kqejxrn4t7rptc8z66d3y349dc,10372093485,
0a9654ac608044355397c7afed13ae85527302008d387e99dda3d044d5a89e3f,2022-11-24T17:44:24.414000,received,kaspa:qr57man6xfvx3mx8ekz3nek22fj7vkmazr6kqejxrn4t7rptc8z66d3y349dc,10372093485,
59981b1ce3d00e7ae303a9e8f99f68c9ed1f296f8be93e4577c562acf80517c8,2022-11-23T23:51:38.512000,received,kaspa:qq8dgyt5spy77x068wtej6jkgg63re4xk45kvw32ah5eglnsyree5vdzj0gng,9963055914,
df2e3e6a19d5010473c9f4794d5f675e5df43f97eb54764db274a77631978b38,2022-11-23T12:41:43.505000,received,kaspa:qr57man6xfvx3mx8ekz3nek22fj7vkmazr6kqejxrn4t7rptc8z66d3y349dc,10074980079,
13f940091a30653df5d35363c70ad9d6383e80718d6dcca24f6b640dc7ce6b0b,2022-11-23T12:31:33.218000,received,kaspa:qq8dgyt5spy77x068wtej6jkgg63re4xk45kvw32ah5eglnsyree5vdzj0gng,10074980079,
d7e81efa2ac8410397aa2e1ca18b05215efb57c35a25a20f0663c13c53c88184,2022-11-22T22:02:54.124000,received,kaspa:qr57man6xfvx3mx8ekz3nek22fj7vkmazr6kqejxrn4t7rptc8z66d3y349dc,9950130341,
15c459b9e8ec0462a15e0745986696a1a0ac5415490159745e086a7820409ef4,2022-11-22T11:48:26.307000,received,kaspa:qq8dgyt5spy77x068wtej6jkgg63re4xk45kvw32ah5eglnsyree5vdzj0gng,9929436403,
a9d55c0c532543a6d8375bd9170ce911ee2280a30c822ecbd492aab36df36e6d,2022-11-21T08:49:15.726000,received,kaspa:qr57man6xfvx3mx8ekz3nek22fj7vkmazr6kqejxrn4t7rptc8z66d3y349dc,10368735622,
a9d55c0c532543a6d8375bd9170ce911ee2280a30c822ecbd492aab36df36e6d,2022-11-21T08:49:15.726000,received,kaspa:qr57man6xfvx3mx8ekz3nek22fj7vkmazr6kqejxrn4t7rptc8z66d3y349dc,10368735622,
8410392963d884c0bc2b8668827cb8659f75fb07056481cdeebe3b59cadc4d11,2022-11-20T18:46:52.429000,received,kaspa:qprx9spd72nvecw459kua22ccy2kat2rqfuxdlejrdl3nvqqvxeqqxspsvh8r,10336930604,
