tx_id,timestamp,direction,peer_address,amount_sompi,cex_label
00b7bdfc426a1338f706986475e2d0fc28c5c365c1c904c559cc174d49a78a3c,2023-11-22T06:19:18.913000,sent,kaspa:qrfvvayrlcf89lg6xr55m034p2dvljswzg8h0gdsrvrx4ulzyhp7k3kpdutzf,20000000000,
00b7bdfc426a1338f706986475e2d0fc28c5c365c1c904c559cc174d49a78a3c,2023-11-22T06:19:18.913000,sent,kaspa:qzqm7tchdv8a2stupaqecslfcvsvt3rjy3mv99zya3dn07dcasydvtg9p7lqn,39999640915,
6f8f3d1481b9fa6a554dcf4911677573c62f400a69bbaaa2ca0377756c22827d,2023-11-22T03:37:32.829000,received,kaspa:qp0ep5s5rphen9huvdgp7v5krzxelgptje5z3maasrsyy93whghvs7nn7ze90,59999650915,
6f8f3d1481b9fa6a554dcf4911677573c62f400a69bbaaa2ca0377756c22827d,2023-11-22T03:37:32.829000,received,kaspa:qz6u8ajgamt96xpectkzruttrejjgpgxzlkltzjhzzuc9vv6fcc3qhz4sxpy6,59999650915,
