tx_id,timestamp,direction,peer_address,amount_sompi,cex_label
7bf278d923f210fa49ce27ed910cff30d4ad8a2100347cbc9c8eddb0476d8694,2024-04-08T07:50:43.016000,sent,kaspa:qp7lgrzpqraeej9dz2rcahuyxez4q08jr7ylnyse05m053alny0rsp2v5e7mv,78500000000,
7bf278d923f210fa49ce27ed910cff30d4ad8a2100347cbc9c8eddb0476d8694,2024-04-08T07:50:43.016000,sent,kaspa:qp7lgrzpqraeej9dz2rcahuyxez4q08jr7ylnyse05m053alny0rsp2v5e7mv,78500000000,
2c7c947e6897c330a5f7d3d4ced22287a2215c0853912eda26d42e73fa6a3e48,2024-03-05T03:21:03.059000,received,kaspa:qqetp7ct8kqss99fxmymyz5t3fezppxp0t58wl6pawp27elqd46uudme00cl0,78401000000,
2c7c947e6897c330a5f7d3d4ced22287a2215c0853912eda26d42e73fa6a3e48,2024-03-05T03:21:03.059000,received,kaspa:qpzpfwcsqsxhxwup26r55fd0ghqlhyugz8cp6y3wxuddc02vcxtjg75pspnwz,78401000000,MEXC
8bbdf6551bbf342c394da0d566cfb084a8c5952da5bd8d35f7088b589941687f,2024-03-05T02:19:08.388000,sent,kaspa:qp7lgrzpqraeej9dz2rcahuyxez4q08jr7ylnyse05m053alny0rsp2v5e7mv,987000000000,
873d1249d2a551e1ba4b3dcf0aa2b2426177c988a20e5d8af1d3fef6759fb96f,2024-03-05T01:56:00.314000,sent,kaspa:qp7lgrzpqraeej9dz2rcahuyxez4q08jr7ylnyse05m053alny0rsp2v5e7mv,10000000000,
873d1249d2a551e1ba4b3dcf0aa2b2426177c988a20e5d8af1d3fef6759fb96f,2024-03-05T01:56:00.314000,sent,kaspa:qp7lgrzpqraeej9dz2rcahuyxez4q08jr7ylnyse05m053alny0rsp2v5e7mv,10000000000,
f00417db38d2a555bd95957d471f53a276fc8ae86753e609b46d488dc11b39ba,2024-03-05T01:52:43.526000,received,kaspa:qq9zagcza4jt76eev9jl5z0nqhe0thcu7js8larktj4sle7lvgnw7sfcewlty,114093042407,
f00417db38d2a555bd95957d471f53a276fc8ae86753e609b46d488dc11b39ba,2024-03-05T01:52:43.526000,received,kaspa:qq9zagcza4jt76eev9jl5z0nqhe0thcu7js8larktj4sle7lvgnw7sfcewlty,114093042407,
f00417db38d2a555bd95957d471f53a276fc8ae86753e609b46d488dc11b39ba,2024-03-05T01:52:43.526000,received,kaspa:qq9zagcza4jt76eev9jl5z0nqhe0thcu7js8larktj4sle7lvgnw7sfcewlty,114093042407,
f00417db38d2a555bd95957d471f53a276fc8ae86753e609b46d488dc11b39ba,2024-03-05T01:52:43.526000,received,kaspa:qq9zagcza4jt76eev9jl5z0nqhe0thcu7js8larktj4sle7lvgnw7sfcewlty,114093042407,
f00417db38d2a555bd95957d471f53a276fc8ae86753e609b46d488dc11b39ba,2024-03-05T01:52:43.526000,received,kaspa:qq9zagcza4jt76eev9jl5z0nqhe0thcu7js8larktj4sle7lvgnw7sfcewlty,114093042407,
f00417db38d2a555bd95957d471f53a276fc8ae86753e609b46d488dc11b39ba,2024-03-05T01:52:43.526000,received,kaspa:qq9zagcza4jt76eev9jl5z0nqhe0thcu7js8larktj4sle7lvgnw7sfcewlty,114093042407,
f00417db38d2a555bd95957d471f53a276fc8ae86753e609b46d488dc11b39ba,2024-03-05T01:52:43.526000,received,kaspa:qq9zagcza4jt76eev9jl5z0nqhe0thcu7js8larktj4sle7lvgnw7sfcewlty,114093042407,
f00417db38d2a555bd95957d471f53a276fc8ae86753e609b46d488dc11b39ba,2024-03-05T01:52:43.526000,received,kaspa:qq9zagcza4jt76eev9jl5z0nqhe0thcu7js8larktj4sle7lvgnw7sfcewlty,114093042407,
f00417db38d2a555bd95957d471f53a276fc8ae86753e609b46d488dc11b39ba,2024-03-05T01:52:43.526000,received,kaspa:qq9zagcza4jt76eev9jl5z0nqhe0thcu7js8larktj4sle7lvgnw7sfcewlty,114093042407,
f00417db38d2a555bd95957d471f53a276fc8ae86753e609b46d488dc11b39ba,2024-03-05T01:52:43.526000,received,kaspa:qq9zagcza4jt76eev9jl5z0nqhe0thcu7js8larktj4sle7lvgnw7sfcewlty,114093042407,
f00417db38d2a555bd95957d471f53a276fc8ae86753e609b46d488dc11b39ba,2024-03-05T01:52:43.526000,received,kaspa:qq9zagcza4jt76eev9jl5z0nqhe0thcu7js8larktj4sle7lvgnw7sfcewlty,114093042407,
f00417db38d2a555bd95957d471f53a276fc8ae86753e609b46d488dc11b39ba,2024-03-05T01:52:43.526000,received,kaspa:qq9zagcza4jt76eev9jl5z0nqhe0thcu7js8larktj4sle7lvgnw7sfcewlty,114093042407,
f00417db38d2a555bd95957d471f53a276fc8ae86753e609b46d488dc11b39ba,2024-03-05T01:52:43.526000,received,kaspa:qq9zagcza4jt76eev9jl5z0nqhe0thcu7js8larktj4sle7lvgnw7sfcewlty,114093042407,
f00417db38d2a555bd95957d471f53a276fc8ae86753e609b46d488dc11b39ba,2024-03-05T01:52:43.526000,received,kaspa:qq9zagcza4jt76eev9jl5z0nqhe0thcu7js8larktj4sle7lvgnw7sfcewlty,114093042407,
f00417db38d2a555bd95957d471f53a276fc8ae86753e609b46d488dc11b39ba,2024-03-05T01:52:43.526000,received,kaspa:qq9zagcza4jt76eev9jl5z0nqhe0thcu7js8larktj4sle7lvgnw7sfcewlty,114093042407,
f00417db38d2a555bd95957d471f53a276fc8ae86753e609b46d488dc11b39ba,2024-03-05T01:52:43.526000,received,kaspa:qq9zagcza4jt76eev9jl5z0nqhe0thcu7js8larktj4sle7lvgnw7sfcewlty,114093042407,
f00417db38d2a555bd95957d471f53a276fc8ae86753e609b46d488dc11b39ba,2024-03-05T01:52:43.526000,received,kaspa:qq9zagcza4jt76eev9jl5z0nqhe0thcu7js8larktj4sle7lvgnw7sfcewlty,114093042407,
f00417db38d2a555bd95957d471f53a276fc8ae86753e609b46d488dc11b39ba,2024-03-05T01:52:43.526000,received,kaspa:qq9zagcza4jt76eev9jl5z0nqhe0thcu7js8larktj4sle7lvgnw7sfcewlty,114093042407,
f00417db38d2a555bd95957d471f53a276fc8ae86753e609b46d488dc11b39ba,2024-03-05T01:52:43.526000,received,kaspa:qq9zagcza4jt76eev9jl5z0nqhe0thcu7js8larktj4sle7lvgnw7sfcewlty,114093042407,
f00417db38d2a555bd95957d471f53a276fc8ae86753e609b46d488dc11b39ba,2024-03-05T01:52:43.526000,received,kaspa:qq9zagcza4jt76eev9jl5z0nqhe0thcu7js8larktj4sle7lvgnw7sfcewlty,114093042407,
f00417db38d2a555bd95957d471f53a276fc8ae86753e609b46d488dc11b39ba,2024-03-05T01:52:43.526000,received,kaspa:qq9zagcza4jt76eev9jl5z0nqhe0thcu7js8larktj4sle7lvgnw7sfcewlty,114093042407,
af8ce92e2a2ed84615ab0d7bc26a460db8937b8b1ebcef780f092e0d9e95d6ad,2023-10-25T13:08:21.210000,sent,kaspa:qp7lgrzpqraeej9dz2rcahuyxez4q08jr7ylnyse05m053alny0rsp2v5e7mv,635000000000,
631d397a54a139f35d715f70d0b9c49a922847de68182bb2086200011b02b13b,2023-10-15T07:10:40.008000,sent,kaspa:qqwvnkp47wsj6n4hkdlgj8dsauyx0xvefunnwvvsmpq2udd0ka8ckmpuqw3k5,2800000000000,
81353f436fd6347883dd490ead4d5a14398f105e622dd7759659dab9983641bf,2023-09-13T19:02:16.137000,sent,kaspa:qqwvnkp47wsj6n4hkdlgj8dsauyx0xvefunnwvvsmpq2udd0ka8ckmpuqw3k5,1150000000000,
e971726c3895194ea5b775b8fa2e2ad7ee968717da9b679f2019bd68213c8d47,2023-04-18T14:11:03.025000,received,kaspa:qqetp7ct8kqss99fxmymyz5t3fezppxp0t58wl6pawp27elqd46uudme00cl0,5468516000000,
