tx_id,timestamp,direction,peer_address,amount_sompi,cex_label
85e79a92dd9462bce9d5cb371e04f12e86d5168897f75312d0abada130afc671,2023-12-15T19:50:24.819000,sent,kaspa:qqnmhc2rjyvju0hmrssz3cnr3v4938rd4jxdsm0n60pnst727a32jrnpwnznn,171020000,
85e79a92dd9462bce9d5cb371e04f12e86d5168897f75312d0abada130afc671,2023-12-15T19:50:24.819000,sent,kaspa:qqnmhc2rjyvju0hmrssz3cnr3v4938rd4jxdsm0n60pnst727a32jrnpwnznn,171020000,
7e4c34c0b405a3fdf4cd0be71ced52952831941eafafb46c5086de134c582e68,2023-12-12T15:20:35.042000,received,kaspa:qypswxtcrv4ssyjaswy5w9387vq73mkuyq85tl34cee6qn5uexqy0csgnafnjx7,171000000,
1ba8b165e5b569b3a6d4ab95ba51ae4abc4b468a1fc29a475dbe8ef886b5354f,2023-11-29T01:58:52.916000,sent,kaspa:qypsqpjfu52vt675yhw925yakw7pn4esmaqugneyxjwt7tjt9ugznjcuflmj3l2,18000000,
92c1ceb8c1ebbca9c4f5a9fe7402c7744cf21074a7d5e681c706da750483b4f5,2023-11-29T01:30:24.104000,received,kaspa:qpyujzjxps0nsmmanp4r9atvc2hmnrmjtlnysvxhyhg4n9m64ud9ykcu5r50e,18050000,
