tx_id,timestamp,direction,peer_address,amount_sompi,cex_label
2b77799f36ad2c89c99c6530d7d0a75f23ff47426d5517e454fc8374ba71f333,2023-12-13T08:05:46.064000,sent,kaspa:qr7r8rtehym00mcmmucflvu2003fsevzc9s0rezsltzwd6jd34p2cg3nd43cf,170990000,
6f2ffedb50d843438000ea72fbd835abccae0271e05a6828d198280c405f180e,2023-12-12T07:33:13.611000,received,kaspa:qypswxtcrv4ssyjaswy5w9387vq73mkuyq85tl34cee6qn5uexqy0csgnafnjx7,171000000,
7357e917bda84a9bdd366b799618607fcde392b4698cc441277aab7350fa2066,2023-11-28T09:20:59.158000,sent,kaspa:qypk8xxrk7wff4lrscmety6xfdvw2uj60aswgyuz6j7ak8tldng5vzcnvjxhyvf,18000000,
682d639b4a06964c23a34e5df3750b618a2f0d7dd9042341ed9a6257bf2f591c,2023-11-28T08:58:05.134000,received,kaspa:qzkcaapkdv8e5j9z29l6fwq2kg7h8r6a8hzudrfnc024d52shvexsmzxdhzy5,18010000,
