tx_id,timestamp,direction,peer_address,amount_sompi,cex_label
342fd7698947caf8b821d628a2aa1cd55c24452d47c5bf2165ba6e4e05e9772d,2024-01-07T05:36:04.348000,sent,kaspa:qqwvnkp47wsj6n4hkdlgj8dsauyx0xvefunnwvvsmpq2udd0ka8ckmpuqw3k5,2999999900000,
fae0052704c06c12b18bf74d828a61f716c227fe8cbda95f2348f0e9a8088f96,2024-01-07T05:32:14.759000,received,kaspa:qrlajx6mvxqa2pk9me6jfe9qu2gynt9vx9hemkxxq8d0maa4t9z962uy62cqp,3000000000000,
fae0052704c06c12b18bf74d828a61f716c227fe8cbda95f2348f0e9a8088f96,2024-01-07T05:32:14.759000,received,kaspa:qz0uuqx7arzw7tw559ft59qqel7w2jtj3mx32f2vax24jyed6y8kzaecraqr5,3000000000000,
8fc1d3c47af601b8c0de7164c926f4d2bf9f4a9ef2fc6293957c134be3023bd1,2024-01-06T15:39:18.018000,sent,kaspa:qqwvnkp47wsj6n4hkdlgj8dsauyx0xvefunnwvvsmpq2udd0ka8ckmpuqw3k5,2499999900000,
ded0411239245b357cc6690ba5151c6ca732eaf990a4db533184e25b9fc2fc09,2024-01-06T15:14:16.967000,received,kaspa:qrthvh36f65e6u7we0mp5jlwl5hw9zq5j8xwvlypa5h7e0yudz5x5urf9ejcc,2500000000000,
ded0411239245b357cc6690ba5151c6ca732eaf990a4db533184e25b9fc2fc09,2024-01-06T15:14:16.967000,received,kaspa:qrmgpspmlh6uf5lwesa7vtwhqr9txh8mccwnlqgwfhvl7029gc8s7m2r8278q,2500000000000,
5b5bd22c848f3131fb36797c236e6e96aa878bbd09c49c1dce46253df170ed3a,2024-01-04T03:39:47.956000,sent,kaspa:qqwvnkp47wsj6n4hkdlgj8dsauyx0xvefunnwvvsmpq2udd0ka8ckmpuqw3k5,2009999797931,
6ef2dcd4dc4e68db9f85520b7ed52017e1d5b24d5ea685a672f95d8c8cb3b0aa,2024-01-04T03:29:02.188000,sent,kaspa:qrj9jnfsv0p7hp3l7q2g7u70sc9u25ahyyhrrfxuu2my53f4xvyv57ulntwdu,1990000000000,
6ef2dcd4dc4e68db9f85520b7ed52017e1d5b24d5ea685a672f95d8c8cb3b0aa,2024-01-04T03:29:02.188000,sent,kaspa:qrj9jnfsv0p7hp3l7q2g7u70sc9u25ahyyhrrfxuu2my53f4xvyv57ulntwdu,1990000000000,
ceeaa96b533bbddf29dbf79eac9be1c4a4a1b22e9371d5ac1bff9ee8717dbbef,2024-01-04T03:22:02.651000,received,kaspa:qrrgkknd6etqe3mv2ntyvtsa3s5xmgtcxre7vkvq5c6c4dv4ezjrs5q3v7prk,2000000000000,
ff84b3e945d76d3431f8f9457c916ae38911e444a1375e374ec7054596f2bccc,2024-01-04T03:14:39.908000,received,kaspa:qz634vanld9nef09afe6e7gf6pytnhpncm0v7fjgkgy5rad8sm22xcmr5ne7v,1999999997931,
744b751f5876226c8a7eb3fc9396b40c552553193dbd713bc51be2d8855824f3,2024-01-04T02:48:41.675000,sent,kaspa:qqwvnkp47wsj6n4hkdlgj8dsauyx0xvefunnwvvsmpq2udd0ka8ckmpuqw3k5,999999900000,
fede35af2b7135bebe92c7875d2cea7f457ca9f81d7d33285f6ef4026c6b274a,2024-01-03T22:01:01.652000,received,kaspa:qzlwqln0vyjkj26m49ldmczrm5ltczl2q94v2n53as6nf64r97wm637mw6jms,1000000000000,
fede35af2b7135bebe92c7875d2cea7f457ca9f81d7d33285f6ef4026c6b274a,2024-01-03T22:01:01.652000,received,kaspa:qryxdt2echlu0g4hx3rzdtsuy3fnmt7p0nhvkrlvps2yhjp64a8qvmk7rcxc8,1000000000000,
fede35af2b7135bebe92c7875d2cea7f457ca9f81d7d33285f6ef4026c6b274a,2024-01-03T22:01:01.652000,received,kaspa:qrmgpspmlh6uf5lwesa7vtwhqr9txh8mccwnlqgwfhvl7029gc8s7m2r8278q,1000000000000,
