tx_id,timestamp,direction,peer_address,amount_sompi,cex_label
d89b65994ba2da5f7b31b00095de5012fe0ab7becfbfb32e5a0889fca70ba011,2023-12-23T08:23:24.999000,received,kaspa:qqdsdqqwvwkzxr3hx8m6fd8802lzrsl73s9797al74ew5kp9d3crw7w4un99f,18908962000,
3ada736fdbab801cab5df795dead1a95c906a00295b555e05cd1b1d43b72dd3f,2023-12-10T08:57:08.606000,received,kaspa:qrvum29vk365g0zcd5gx3c7h829etfq2ytdmscjzw4zw04fjfnprcg9c3tges,34228637000,
8bdf065d0177a179108ca6e2014d0dd777a3ffe976ff4022b0e0df0ac9b93f1d,2023-12-08T08:36:18.092000,received,kaspa:qp4us679pv3ecvc20namj7zcr32c7h65ft94mgx5lq4snt5ftyjwuqkc0rapl,54287558000,
4f44567ebf83f6b8344a56a5583d5976eb8f64268060911db5306e343e175cac,2023-12-08T08:19:31.189000,received,kaspa:qqdsdqqwvwkzxr3hx8m6fd8802lzrsl73s9797al74ew5kp9d3crw7w4un99f,94488816324,
4f44567ebf83f6b8344a56a5583d5976eb8f64268060911db5306e343e175cac,2023-12-08T08:19:31.189000,received,kaspa:qrul34nmg3ls8xl72hy0jcm35j2nzgmg34fx4udxwq9xjzxuqfc26sgrp836y,94488816324,
86392ef0a3d1d756405c198326a0786062527fb9cb0e7050370b6a0565f8458f,2023-12-01T22:09:04.913000,received,kaspa:qqdsdqqwvwkzxr3hx8m6fd8802lzrsl73s9797al74ew5kp9d3crw7w4un99f,100000000000,
954d7d9c22d73fccb9de8b074a544a060e40c44363e6dc8c5e352e41f146770a,2023-11-20T10:39:09.071000,sent,kaspa:qqywx2wszmnrsu0mzgav85rdwvzangfpdj9j3ady9jpr7hu4u8c2wl9wqgd6j,1520167945300,
954d7d9c22d73fccb9de8b074a544a060e40c44363e6dc8c5e352e41f146770a,2023-11-20T10:39:09.071000,sent,kaspa:qqywx2wszmnrsu0mzgav85rdwvzangfpdj9j3ady9jpr7hu4u8c2wl9wqgd6j,1520167945300,
954d7d9c22d73fccb9de8b074a544a060e40c44363e6dc8c5e352e41f146770a,2023-11-20T10:39:09.071000,sent,kaspa:qqywx2wszmnrsu0mzgav85rdwvzangfpdj9j3ady9jpr7hu4u8c2wl9wqgd6j,1520167945300,
954d7d9c22d73fccb9de8b074a544a060e40c44363e6dc8c5e352e41f146770a,2023-11-20T10:39:09.071000,sent,kaspa:qqywx2wszmnrsu0mzgav85rdwvzangfpdj9j3ady9jpr7hu4u8c2wl9wqgd6j,1520167945300,
954d7d9c22d73fccb9de8b074a544a060e40c44363e6dc8c5e352e41f146770a,2023-11-20T10:39:09.071000,sent,kaspa:qqywx2wszmnrsu0mzgav85rdwvzangfpdj9j3ady9jpr7hu4u8c2wl9wqgd6j,1520167945300,
954d7d9c22d73fccb9de8b074a544a060e40c44363e6dc8c5e352e41f146770a,2023-11-20T10:39:09.071000,sent,kaspa:qqywx2wszmnrsu0mzgav85rdwvzangfpdj9j3ady9jpr7hu4u8c2wl9wqgd6j,1520167945300,
954d7d9c22d73fccb9de8b074a544a060e40c44363e6dc8c5e352e41f146770a,2023-11-20T10:39:09.071000,sent,kaspa:qqywx2wszmnrsu0mzgav85rdwvzangfpdj9j3ady9jpr7hu4u8c2wl9wqgd6j,1520167945300,
954d7d9c22d73fccb9de8b074a544a060e40c44363e6dc8c5e352e41f146770a,2023-11-20T10:39:09.071000,sent,kaspa:qqywx2wszmnrsu0mzgav85rdwvzangfpdj9j3ady9jpr7hu4u8c2wl9wqgd6j,1520167945300,
954d7d9c22d73fccb9de8b074a544a060e40c44363e6dc8c5e352e41f146770a,2023-11-20T10:39:09.071000,sent,kaspa:qqywx2wszmnrsu0mzgav85rdwvzangfpdj9j3ady9jpr7hu4u8c2wl9wqgd6j,1520167945300,
8896417159a2e718d150fbf5c098e21907fb630922641079c240034f293e737c,2023-11-20T10:18:51.415000,received,kaspa:qqdsdqqwvwkzxr3hx8m6fd8802lzrsl73s9797al74ew5kp9d3crw7w4un99f,81000000000,
8896417159a2e718d150fbf5c098e21907fb630922641079c240034f293e737c,2023-11-20T10:18:51.415000,received,kaspa:qqdsdqqwvwkzxr3hx8m6fd8802lzrsl73s9797al74ew5kp9d3crw7w4un99f,81000000000,
5605a9cd12384986a9a4b7be51efea4888843a901b8ef4bc32a976de3862d0a5,2023-11-20T09:38:09.893000,received,kaspa:qqdsdqqwvwkzxr3hx8m6fd8802lzrsl73s9797al74ew5kp9d3crw7w4un99f,100000000000,
d0c4e75ef5d99e2f0da788f51452831fb80df5aee191e35ab0b66c4987ae8200,2023-11-19T08:20:48.210000,received,kaspa:qypvuuedsr43c9txedvmdwxgcxh35m4narjxz7f74a5c86tnj5734wq5mxm5kgf,500000000000,
1256597604187a61631d87c3a393097d1fd47fe7c8b9d47fd980207eaf2b7379,2023-11-19T07:22:32.332000,received,kaspa:qqdsdqqwvwkzxr3hx8m6fd8802lzrsl73s9797al74ew5kp9d3crw7w4un99f,16000000000,
1256597604187a61631d87c3a393097d1fd47fe7c8b9d47fd980207eaf2b7379,2023-11-19T07:22:32.332000,received,kaspa:qrvesveyzd96eadqgkdhdu9lmwqmz5hq070028vwe2zhrkzkcfvazhklhhtqd,16000000000,
032d0dadcfd3ffebdc7f797b001f5d44206b0df086741be08abe712f36ab2798,2023-11-19T05:56:08.975000,received,kaspa:qqwvnkp47wsj6n4hkdlgj8dsauyx0xvefunnwvvsmpq2udd0ka8ckmpuqw3k5,16097592061,
a392b4418ec2238beee959146779d468f7e0339672a524f285c23419576d994b,2023-11-18T09:37:02.968000,received,kaspa:qypvuuedsr43c9txedvmdwxgcxh35m4narjxz7f74a5c86tnj5734wq5mxm5kgf,500000000000,
a392b4418ec2238beee959146779d468f7e0339672a524f285c23419576d994b,2023-11-18T09:37:02.968000,received,kaspa:qypvuuedsr43c9txedvmdwxgcxh35m4narjxz7f74a5c86tnj5734wq5mxm5kgf,500000000000,
791af226a6f135854575f817205fa438920a74605d8818dff068774785b04f76,2023-11-18T07:53:04.388000,received,kaspa:qqdsdqqwvwkzxr3hx8m6fd8802lzrsl73s9797al74ew5kp9d3crw7w4un99f,90000000000,
791af226a6f135854575f817205fa438920a74605d8818dff068774785b04f76,2023-11-18T07:53:04.388000,received,kaspa:qqdsdqqwvwkzxr3hx8m6fd8802lzrsl73s9797al74ew5kp9d3crw7w4un99f,90000000000,
791af226a6f135854575f817205fa438920a74605d8818dff068774785b04f76,2023-11-18T07:53:04.388000,received,kaspa:qqdsdqqwvwkzxr3hx8m6fd8802lzrsl73s9797al74ew5kp9d3crw7w4un99f,90000000000,
55bcfc376730a90f3f2ae44f106cc8593f80a5fcfd6590c108e14bcf99830bc3,2023-11-18T06:12:19.834000,received,kaspa:qq0xpkaka6v2fa85jldhm9qfans3ly06utxarn0pelkkhqp3695tjac5v226j,117070853239,
55bcfc376730a90f3f2ae44f106cc8593f80a5fcfd6590c108e14bcf99830bc3,2023-11-18T06:12:19.834000,received,kaspa:qr53ksq4uaz8fts6xdu3r4ln4s8jfplzfynj6sz3djujx3suvv3z2vvmzarum,117070853239,
55bcfc376730a90f3f2ae44f106cc8593f80a5fcfd6590c108e14bcf99830bc3,2023-11-18T06:12:19.834000,received,kaspa:qqdsdqqwvwkzxr3hx8m6fd8802lzrsl73s9797al74ew5kp9d3crw7w4un99f,117070853239,
55bcfc376730a90f3f2ae44f106cc8593f80a5fcfd6590c108e14bcf99830bc3,2023-11-18T06:12:19.834000,received,kaspa:qre5jakyetxten4wxsk6mw3ajplkl3z6m2w7qtml8su4kvatrpyzyhs4ewk2c,117070853239,
55bcfc376730a90f3f2ae44f106cc8593f80a5fcfd6590c108e14bcf99830bc3,2023-11-18T06:12:19.834000,received,kaspa:qznjyly6ks3uk9h0ssjfe2y4vkzdfn03petavceac59yylfa7dqtccp9cgutl,117070853239,
09054d9a2356e8b27d020e224f82c3932cd3e59a4576b3e7c3229e141e59599e,2023-11-18T01:18:12.539000,received,kaspa:qqdsdqqwvwkzxr3hx8m6fd8802lzrsl73s9797al74ew5kp9d3crw7w4un99f,100000000000,
7539658884d92c182a13a70f90b88d92a751849cd378a755ea63e1ccb0a11bc0,2023-11-16T04:45:06.730000,sent,kaspa:qqywx2wszmnrsu0mzgav85rdwvzangfpdj9j3ady9jpr7hu4u8c2wl9wqgd6j,1646775494835,
7539658884d92c182a13a70f90b88d92a751849cd378a755ea63e1ccb0a11bc0,2023-11-16T04:45:06.730000,sent,kaspa:qqywx2wszmnrsu0mzgav85rdwvzangfpdj9j3ady9jpr7hu4u8c2wl9wqgd6j,1646775494835,
7539658884d92c182a13a70f90b88d92a751849cd378a755ea63e1ccb0a11bc0,2023-11-16T04:45:06.730000,sent,kaspa:qqywx2wszmnrsu0mzgav85rdwvzangfpdj9j3ady9jpr7hu4u8c2wl9wqgd6j,1646775494835,
7539658884d92c182a13a70f90b88d92a751849cd378a755ea63e1ccb0a11bc0,2023-11-16T04:45:06.730000,sent,kaspa:qqywx2wszmnrsu0mzgav85rdwvzangfpdj9j3ady9jpr7hu4u8c2wl9wqgd6j,1646775494835,
4df634f0837bac0ebf35b52ffe1ade890c264dfdd981aa54f05341fd7a16df18,2023-11-16T04:27:56.345000,received,kaspa:qqdsdqqwvwkzxr3hx8m6fd8802lzrsl73s9797al74ew5kp9d3crw7w4un99f,150000000000,
94d6cffa000991f4172fdcead73ed7cb61fb693e836971589fe6e5a41c9a72ba,2023-11-16T03:13:59.878000,received,kaspa:qqdsdqqwvwkzxr3hx8m6fd8802lzrsl73s9797al74ew5kp9d3crw7w4un99f,1420000000000,
94d6cffa000991f4172fdcead73ed7cb61fb693e836971589fe6e5a41c9a72ba,2023-11-16T03:13:59.878000,received,kaspa:qpf77j3gxdxl7gw4dmnyy7cjnwfrutvkquw3juasvpmt3czhc6htz6fzyy7x0,1420000000000,
3a1c6e0e7f587c606fb9f62b98899390fa5ba68949d4bdca04b3f12e5d2a9d2d,2023-11-11T12:52:24.538000,received,kaspa:qqwvnkp47wsj6n4hkdlgj8dsauyx0xvefunnwvvsmpq2udd0ka8ckmpuqw3k5,43738759801,
3a1c6e0e7f587c606fb9f62b98899390fa5ba68949d4bdca04b3f12e5d2a9d2d,2023-11-11T12:52:24.538000,received,kaspa:qqwvnkp47wsj6n4hkdlgj8dsauyx0xvefunnwvvsmpq2udd0ka8ckmpuqw3k5,43738759801,
3a1c6e0e7f587c606fb9f62b98899390fa5ba68949d4bdca04b3f12e5d2a9d2d,2023-11-11T12:52:24.538000,received,kaspa:qqwvnkp47wsj6n4hkdlgj8dsauyx0xvefunnwvvsmpq2udd0ka8ckmpuqw3k5,43738759801,
3a1c6e0e7f587c606fb9f62b98899390fa5ba68949d4bdca04b3f12e5d2a9d2d,2023-11-11T12:52:24.538000,received,kaspa:qqwvnkp47wsj6n4hkdlgj8dsauyx0xvefunnwvvsmpq2udd0ka8ckmpuqw3k5,43738759801,
3a1c6e0e7f587c606fb9f62b98899390fa5ba68949d4bdca04b3f12e5d2a9d2d,2023-11-11T12:52:24.538000,received,kaspa:qqwvnkp47wsj6n4hkdlgj8dsauyx0xvefunnwvvsmpq2udd0ka8ckmpuqw3k5,43738759801,
3a1c6e0e7f587c606fb9f62b98899390fa5ba68949d4bdca04b3f12e5d2a9d2d,2023-11-11T12:52:24.538000,received,kaspa:qqwvnkp47wsj6n4hkdlgj8dsauyx0xvefunnwvvsmpq2udd0ka8ckmpuqw3k5,43738759801,
3a1c6e0e7f587c606fb9f62b98899390fa5ba68949d4bdca04b3f12e5d2a9d2d,2023-11-11T12:52:24.538000,received,kaspa:qqwvnkp47wsj6n4hkdlgj8dsauyx0xvefunnwvvsmpq2udd0ka8ckmpuqw3k5,43738759801,
3a1c6e0e7f587c606fb9f62b98899390fa5ba68949d4bdca04b3f12e5d2a9d2d,2023-11-11T12:52:24.538000,received,kaspa:qqwvnkp47wsj6n4hkdlgj8dsauyx0xvefunnwvvsmpq2udd0ka8ckmpuqw3k5,43738759801,
dcb869db29d0416ad1dcb742c4ee3e6ddd1120697fc91f43d6b2ac18fcaf52e8,2023-11-09T15:12:47.741000,received,kaspa:qqwvnkp47wsj6n4hkdlgj8dsauyx0xvefunnwvvsmpq2udd0ka8ckmpuqw3k5,33037235034,
dcb869db29d0416ad1dcb742c4ee3e6ddd1120697fc91f43d6b2ac18fcaf52e8,2023-11-09T15:12:47.741000,received,kaspa:qqwvnkp47wsj6n4hkdlgj8dsauyx0xvefunnwvvsmpq2udd0ka8ckmpuqw3k5,33037235034,
dcb869db29d0416ad1dcb742c4ee3e6ddd1120697fc91f43d6b2ac18fcaf52e8,2023-11-09T15:12:47.741000,received,kaspa:qqwvnkp47wsj6n4hkdlgj8dsauyx0xvefunnwvvsmpq2udd0ka8ckmpuqw3k5,33037235034,
