tx_id,timestamp,direction,peer_address,amount_sompi,cex_label
1b6faa18e8b43dc3b810a3271ee923224f5f56d42002b85fb652336d1eea1b45,2023-12-18T15:53:07.620000,sent,kaspa:qrkaxvl2tw6pq6zx9xrr9lqnt9x72upf0hsrp3cvgcmfz77m50ycua35nz200,172970000,
1b6faa18e8b43dc3b810a3271ee923224f5f56d42002b85fb652336d1eea1b45,2023-12-18T15:53:07.620000,sent,kaspa:qrkaxvl2tw6pq6zx9xrr9lqnt9x72upf0hsrp3cvgcmfz77m50ycua35nz200,172970000,
849d2ccfefec90a41dc72e0b0c3f0c620012b57ee72d3c91a5e15122b9b93a6b,2023-12-12T17:25:52.110000,received,kaspa:qypswxtcrv4ssyjaswy5w9387vq73mkuyq85tl34cee6qn5uexqy0csgnafnjx7,171000000,
50f1a8d6f9b5ef4942f92bf55a263cf1f4b335fd61a59545e1b48cefe51d0c0d,2023-11-29T05:45:02.912000,sent,kaspa:qypw6wplyyhafxxal8uyglryfxrf56hjvjm4526qes9e5mltujugq9ss9vvwfwj,18000000,
d297476d289b230cc1e02cb7e204df6ce8cb55bd8897b82479e4a78ca1a53707,2023-11-28T09:40:45.115000,received,kaspa:qq652y9wzkejdclhvrnnhx6zevgk7s29d758gdpkz5lxz8l07rsfjd03pwfpc,20000000,
