tx_id,timestamp,direction,peer_address,amount_sompi,cex_label
217ad4b295a63ae96fd8d7be2ee1061321d8397146544273781e7ca3cf9f7b42,2025-03-18T03:51:24.057000,sent,kaspa:qq3k4du6wf2g26j7ds6fqmgtgavgm3zy676wntp2e52nsuns2n4s6xkndmx0y,680376965310,
26aea748bc7554a764162600b572f5b7722fca4d7e73f49bfbd52ab8a91b9102,2025-03-18T03:47:02.650000,received,kaspa:qypgtdfetv92m7nkz2q3pm7xgtlxvplj2nyme5laezazywl96hf0h0gru8wmcqa,680376985310,
3539b34b205b722c636f9c7eb7e9f3eb88850594d8026ee7e5c19163a0d561f8,2025-02-17T03:40:48.541000,sent,kaspa:qq3k4du6wf2g26j7ds6fqmgtgavgm3zy676wntp2e52nsuns2n4s6xkndmx0y,346405364525,
889957252f6d5de64c6142ac252ecc0d300c860ac7626167e963588c25769fff,2025-02-17T03:36:47.326000,received,kaspa:qypgtdfetv92m7nkz2q3pm7xgtlxvplj2nyme5laezazywl96hf0h0gru8wmcqa,346405384525,
6b34606792ff9d648bc79e0183114bba1949f52be10ab0ca15898116de6090ee,2025-01-30T04:25:29.045000,sent,kaspa:qq3k4du6wf2g26j7ds6fqmgtgavgm3zy676wntp2e52nsuns2n4s6xkndmx0y,7925137339707,
e7c9fa9b36eb3144e5bfee40238b04aa8f488402655f09c7b650c5e6a04ad19e,2025-01-30T04:21:22.194000,received,kaspa:qypgtdfetv92m7nkz2q3pm7xgtlxvplj2nyme5laezazywl96hf0h0gru8wmcqa,7925137359707,
02c79293fd963f1cd1d58cdc478450e55db83380061d43a99e534fcb2d703d3c,2025-01-13T04:08:10.241000,sent,kaspa:qq3k4du6wf2g26j7ds6fqmgtgavgm3zy676wntp2e52nsuns2n4s6xkndmx0y,449999980000,
d8c90419c850621a9414a40e14047b207b0b8a17eb69502a91531efd13dd1b2b,2025-01-13T04:03:40.829000,received,kaspa:qypgtdfetv92m7nkz2q3pm7xgtlxvplj2nyme5laezazywl96hf0h0gru8wmcqa,450000000000,
d8c90419c850621a9414a40e14047b207b0b8a17eb69502a91531efd13dd1b2b,2025-01-13T04:03:40.829000,received,kaspa:qypgtdfetv92m7nkz2q3pm7xgtlxvplj2nyme5laezazywl96hf0h0gru8wmcqa,450000000000,
