tx_id,timestamp,direction,peer_address,amount_sompi,cex_label
8a70810d7a22aa15b1b531da5ab01aa5a85a27b552399f7a608648d9edf79e29,2024-03-04T17:31:21.563000,sent,kaspa:qq9zagcza4jt76eev9jl5z0nqhe0thcu7js8larktj4sle7lvgnw7sfcewlty,100100000000,
8a70810d7a22aa15b1b531da5ab01aa5a85a27b552399f7a608648d9edf79e29,2024-03-04T17:31:21.563000,sent,kaspa:qq9zagcza4jt76eev9jl5z0nqhe0thcu7js8larktj4sle7lvgnw7sfcewlty,100100000000,
5e05c7b45a2caf077afea111b942815dc3a95c0482973e9b81a16d15052db0c8,2024-03-04T17:30:04.631000,received,kaspa:qrpuydlsh6vm394r9mpdqfl3veszq4uyd37d04w7c38nrpmpk9skx6r24sjtf,100000000000,
5e05c7b45a2caf077afea111b942815dc3a95c0482973e9b81a16d15052db0c8,2024-03-04T17:30:04.631000,received,kaspa:qp772p0yjtwm8f9rsjjs6302edklrp76gn7thceutw8qsnnpzvk265qs9xavj,100000000000,
5e05c7b45a2caf077afea111b942815dc3a95c0482973e9b81a16d15052db0c8,2024-03-04T17:30:04.631000,received,kaspa:qr8073tpnvu3lf90wwy4tqurnaa0fygwltma9wa0kurctyge72lyucsa6crr3,100000000000,
5e05c7b45a2caf077afea111b942815dc3a95c0482973e9b81a16d15052db0c8,2024-03-04T17:30:04.631000,received,kaspa:qz3cwa98s6hfkvyym6nkk7luqgxzmsjwltz8qdd5cjy4296hczkky5y7c0dp3,100000000000,
5e05c7b45a2caf077afea111b942815dc3a95c0482973e9b81a16d15052db0c8,2024-03-04T17:30:04.631000,received,kaspa:qru49ee8920nmtejqw3p7yxpup6e6z2evnstpss5y97rj9k7pfp9y372ywa0x,100000000000,
5af84485f422f11cafc245eeaeccc5733604959828c645a168a505bf2d0f9f59,2024-03-04T17:21:20.596000,sent,kaspa:qq9zagcza4jt76eev9jl5z0nqhe0thcu7js8larktj4sle7lvgnw7sfcewlty,37000000000,
5af84485f422f11cafc245eeaeccc5733604959828c645a168a505bf2d0f9f59,2024-03-04T17:21:20.596000,sent,kaspa:qq9zagcza4jt76eev9jl5z0nqhe0thcu7js8larktj4sle7lvgnw7sfcewlty,37000000000,
4f450cc9c78c23d90c60fc8a03af5955122fb265615cc27630cd73d9c72d7d6c,2024-03-04T17:18:25.881000,received,kaspa:qprrl5qfum06gx2t5t5uv95f4qx5nuranypfzfquffswvf9xjpafy6w7n02jr,37100000000,
f4ccc045d9a538df1efcf2973d6badc15b11a8b9d58f67a4d0884fc099425e17,2024-03-04T11:18:12.923000,sent,kaspa:qp772p0yjtwm8f9rsjjs6302edklrp76gn7thceutw8qsnnpzvk265qs9xavj,11200000000,
f4ccc045d9a538df1efcf2973d6badc15b11a8b9d58f67a4d0884fc099425e17,2024-03-04T11:18:12.923000,sent,kaspa:qp772p0yjtwm8f9rsjjs6302edklrp76gn7thceutw8qsnnpzvk265qs9xavj,11200000000,
a79a4281800a784a515710782c5dd775452e53e096739718a8adb853dda7c4fd,2024-03-04T11:17:05.372000,received,kaspa:qq9zagcza4jt76eev9jl5z0nqhe0thcu7js8larktj4sle7lvgnw7sfcewlty,11189956057,
a79a4281800a784a515710782c5dd775452e53e096739718a8adb853dda7c4fd,2024-03-04T11:17:05.372000,received,kaspa:qq9zagcza4jt76eev9jl5z0nqhe0thcu7js8larktj4sle7lvgnw7sfcewlty,11189956057,
a79a4281800a784a515710782c5dd775452e53e096739718a8adb853dda7c4fd,2024-03-04T11:17:05.372000,received,kaspa:qq9zagcza4jt76eev9jl5z0nqhe0thcu7js8larktj4sle7lvgnw7sfcewlty,11189956057,
a79a4281800a784a515710782c5dd775452e53e096739718a8adb853dda7c4fd,2024-03-04T11:17:05.372000,received,kaspa:qq9zagcza4jt76eev9jl5z0nqhe0thcu7js8larktj4sle7lvgnw7sfcewlty,11189956057,
a79a4281800a784a515710782c5dd775452e53e096739718a8adb853dda7c4fd,2024-03-04T11:17:05.372000,received,kaspa:qq9zagcza4jt76eev9jl5z0nqhe0thcu7js8larktj4sle7lvgnw7sfcewlty,11189956057,
a79a4281800a784a515710782c5dd775452e53e096739718a8adb853dda7c4fd,2024-03-04T11:17:05.372000,received,kaspa:qq9zagcza4jt76eev9jl5z0nqhe0thcu7js8larktj4sle7lvgnw7sfcewlty,11189956057,
a79a4281800a784a515710782c5dd775452e53e096739718a8adb853dda7c4fd,2024-03-04T11:17:05.372000,received,kaspa:qq9zagcza4jt76eev9jl5z0nqhe0thcu7js8larktj4sle7lvgnw7sfcewlty,11189956057,
a79a4281800a784a515710782c5dd775452e53e096739718a8adb853dda7c4fd,2024-03-04T11:17:05.372000,received,kaspa:qq9zagcza4jt76eev9jl5z0nqhe0thcu7js8larktj4sle7lvgnw7sfcewlty,11189956057,
a79a4281800a784a515710782c5dd775452e53e096739718a8adb853dda7c4fd,2024-03-04T11:17:05.372000,received,kaspa:qq9zagcza4jt76eev9jl5z0nqhe0thcu7js8larktj4sle7lvgnw7sfcewlty,11189956057,
a79a4281800a784a515710782c5dd775452e53e096739718a8adb853dda7c4fd,2024-03-04T11:17:05.372000,received,kaspa:qq9zagcza4jt76eev9jl5z0nqhe0thcu7js8larktj4sle7lvgnw7sfcewlty,11189956057,
a79a4281800a784a515710782c5dd775452e53e096739718a8adb853dda7c4fd,2024-03-04T11:17:05.372000,received,kaspa:qq9zagcza4jt76eev9jl5z0nqhe0thcu7js8larktj4sle7lvgnw7sfcewlty,11189956057,
a79a4281800a784a515710782c5dd775452e53e096739718a8adb853dda7c4fd,2024-03-04T11:17:05.372000,received,kaspa:qq9zagcza4jt76eev9jl5z0nqhe0thcu7js8larktj4sle7lvgnw7sfcewlty,11189956057,
a79a4281800a784a515710782c5dd775452e53e096739718a8adb853dda7c4fd,2024-03-04T11:17:05.372000,received,kaspa:qq9zagcza4jt76eev9jl5z0nqhe0thcu7js8larktj4sle7lvgnw7sfcewlty,11189956057,
a79a4281800a784a515710782c5dd775452e53e096739718a8adb853dda7c4fd,2024-03-04T11:17:05.372000,received,kaspa:qq9zagcza4jt76eev9jl5z0nqhe0thcu7js8larktj4sle7lvgnw7sfcewlty,11189956057,
a79a4281800a784a515710782c5dd775452e53e096739718a8adb853dda7c4fd,2024-03-04T11:17:05.372000,received,kaspa:qq9zagcza4jt76eev9jl5z0nqhe0thcu7js8larktj4sle7lvgnw7sfcewlty,11189956057,
a79a4281800a784a515710782c5dd775452e53e096739718a8adb853dda7c4fd,2024-03-04T11:17:05.372000,received,kaspa:qq9zagcza4jt76eev9jl5z0nqhe0thcu7js8larktj4sle7lvgnw7sfcewlty,11189956057,
a79a4281800a784a515710782c5dd775452e53e096739718a8adb853dda7c4fd,2024-03-04T11:17:05.372000,received,kaspa:qq9zagcza4jt76eev9jl5z0nqhe0thcu7js8larktj4sle7lvgnw7sfcewlty,11189956057,
649508ef0fd7c8bbb784e7a80920508b4df7a3a4e0797673c14564bef75cf45b,2024-02-18T11:36:35.842000,sent,kaspa:qr8073tpnvu3lf90wwy4tqurnaa0fygwltma9wa0kurctyge72lyucsa6crr3,4400000000,
649508ef0fd7c8bbb784e7a80920508b4df7a3a4e0797673c14564bef75cf45b,2024-02-18T11:36:35.842000,sent,kaspa:qr8073tpnvu3lf90wwy4tqurnaa0fygwltma9wa0kurctyge72lyucsa6crr3,4400000000,
93c7805f8405b6ec1cacc92ea22ff7aa03eb1ab0536a69cf8e22b196d4efcae9,2024-02-18T11:35:25.647000,received,kaspa:qq9zagcza4jt76eev9jl5z0nqhe0thcu7js8larktj4sle7lvgnw7sfcewlty,4446562681,
6dd942a2b74d968aa00bbc372ccfd96f4a975d72bbd13ca335c9fa0e1e32c104,2024-02-15T17:59:56.973000,sent,kaspa:qprrl5qfum06gx2t5t5uv95f4qx5nuranypfzfquffswvf9xjpafy6w7n02jr,120000000000,
c1ec73fe3f45d43661dcd905ff875d26aaf0579fe281d889f25b55202f91e329,2024-02-15T17:58:24.600000,sent,kaspa:qz3cwa98s6hfkvyym6nkk7luqgxzmsjwltz8qdd5cjy4296hczkky5y7c0dp3,1500000000,
6ec164e1d16f096b32d4456fbb49fab0f468c37afecf45ae6e8e396d88dbb256,2024-02-15T16:24:32.516000,received,kaspa:qq9zagcza4jt76eev9jl5z0nqhe0thcu7js8larktj4sle7lvgnw7sfcewlty,121529782614,
6ec164e1d16f096b32d4456fbb49fab0f468c37afecf45ae6e8e396d88dbb256,2024-02-15T16:24:32.516000,received,kaspa:qq9zagcza4jt76eev9jl5z0nqhe0thcu7js8larktj4sle7lvgnw7sfcewlty,121529782614,
6ec164e1d16f096b32d4456fbb49fab0f468c37afecf45ae6e8e396d88dbb256,2024-02-15T16:24:32.516000,received,kaspa:qq9zagcza4jt76eev9jl5z0nqhe0thcu7js8larktj4sle7lvgnw7sfcewlty,121529782614,
6ec164e1d16f096b32d4456fbb49fab0f468c37afecf45ae6e8e396d88dbb256,2024-02-15T16:24:32.516000,received,kaspa:qq9zagcza4jt76eev9jl5z0nqhe0thcu7js8larktj4sle7lvgnw7sfcewlty,121529782614,
6ec164e1d16f096b32d4456fbb49fab0f468c37afecf45ae6e8e396d88dbb256,2024-02-15T16:24:32.516000,received,kaspa:qq9zagcza4jt76eev9jl5z0nqhe0thcu7js8larktj4sle7lvgnw7sfcewlty,121529782614,
6ec164e1d16f096b32d4456fbb49fab0f468c37afecf45ae6e8e396d88dbb256,2024-02-15T16:24:32.516000,received,kaspa:qq9zagcza4jt76eev9jl5z0nqhe0thcu7js8larktj4sle7lvgnw7sfcewlty,121529782614,
6ec164e1d16f096b32d4456fbb49fab0f468c37afecf45ae6e8e396d88dbb256,2024-02-15T16:24:32.516000,received,kaspa:qq9zagcza4jt76eev9jl5z0nqhe0thcu7js8larktj4sle7lvgnw7sfcewlty,121529782614,
6ec164e1d16f096b32d4456fbb49fab0f468c37afecf45ae6e8e396d88dbb256,2024-02-15T16:24:32.516000,received,kaspa:qq9zagcza4jt76eev9jl5z0nqhe0thcu7js8larktj4sle7lvgnw7sfcewlty,121529782614,
6ec164e1d16f096b32d4456fbb49fab0f468c37afecf45ae6e8e396d88dbb256,2024-02-15T16:24:32.516000,received,kaspa:qq9zagcza4jt76eev9jl5z0nqhe0thcu7js8larktj4sle7lvgnw7sfcewlty,121529782614,
6ec164e1d16f096b32d4456fbb49fab0f468c37afecf45ae6e8e396d88dbb256,2024-02-15T16:24:32.516000,received,kaspa:qq9zagcza4jt76eev9jl5z0nqhe0thcu7js8larktj4sle7lvgnw7sfcewlty,121529782614,
6ec164e1d16f096b32d4456fbb49fab0f468c37afecf45ae6e8e396d88dbb256,2024-02-15T16:24:32.516000,received,kaspa:qq9zagcza4jt76eev9jl5z0nqhe0thcu7js8larktj4sle7lvgnw7sfcewlty,121529782614,
6ec164e1d16f096b32d4456fbb49fab0f468c37afecf45ae6e8e396d88dbb256,2024-02-15T16:24:32.516000,received,kaspa:qq9zagcza4jt76eev9jl5z0nqhe0thcu7js8larktj4sle7lvgnw7sfcewlty,121529782614,
6ec164e1d16f096b32d4456fbb49fab0f468c37afecf45ae6e8e396d88dbb256,2024-02-15T16:24:32.516000,received,kaspa:qq9zagcza4jt76eev9jl5z0nqhe0thcu7js8larktj4sle7lvgnw7sfcewlty,121529782614,
6ec164e1d16f096b32d4456fbb49fab0f468c37afecf45ae6e8e396d88dbb256,2024-02-15T16:24:32.516000,received,kaspa:qq9zagcza4jt76eev9jl5z0nqhe0thcu7js8larktj4sle7lvgnw7sfcewlty,121529782614,
6ec164e1d16f096b32d4456fbb49fab0f468c37afecf45ae6e8e396d88dbb256,2024-02-15T16:24:32.516000,received,kaspa:qq9zagcza4jt76eev9jl5z0nqhe0thcu7js8larktj4sle7lvgnw7sfcewlty,121529782614,
6ec164e1d16f096b32d4456fbb49fab0f468c37afecf45ae6e8e396d88dbb256,2024-02-15T16:24:32.516000,received,kaspa:qq9zagcza4jt76eev9jl5z0nqhe0thcu7js8larktj4sle7lvgnw7sfcewlty,121529782614,
6ec164e1d16f096b32d4456fbb49fab0f468c37afecf45ae6e8e396d88dbb256,2024-02-15T16:24:32.516000,received,kaspa:qq9zagcza4jt76eev9jl5z0nqhe0thcu7js8larktj4sle7lvgnw7sfcewlty,121529782614,
6ec164e1d16f096b32d4456fbb49fab0f468c37afecf45ae6e8e396d88dbb256,2024-02-15T16:24:32.516000,received,kaspa:qq9zagcza4jt76eev9jl5z0nqhe0thcu7js8larktj4sle7lvgnw7sfcewlty,121529782614,
9401d8eb59eb8c999fc9d213989c847aa3f98b058e67e509e6c4af02d777011f,2023-12-30T19:37:52.133000,sent,kaspa:qqwvnkp47wsj6n4hkdlgj8dsauyx0xvefunnwvvsmpq2udd0ka8ckmpuqw3k5,47004988840672,
9401d8eb59eb8c999fc9d213989c847aa3f98b058e67e509e6c4af02d777011f,2023-12-30T19:37:52.133000,sent,kaspa:qqwvnkp47wsj6n4hkdlgj8dsauyx0xvefunnwvvsmpq2udd0ka8ckmpuqw3k5,47004988840672,
e7e5a65e4fd7fd3c630546e3d0c33cdedd88332087578d87f717e4a6b131b14e,2023-12-30T19:33:36.956000,received,kaspa:qzys5xt8wdqg3zmys7vf83rn60a8g3ahhqvcpp2us34nsfg5ks02javrwprvf,47000000000000,
e7e5a65e4fd7fd3c630546e3d0c33cdedd88332087578d87f717e4a6b131b14e,2023-12-30T19:33:36.956000,received,kaspa:qqf2d7x30740aj7l8pvn874g2a7uj4pjaxe20d7xqdgf47pk7xcxxpufsjmse,47000000000000,
e7e5a65e4fd7fd3c630546e3d0c33cdedd88332087578d87f717e4a6b131b14e,2023-12-30T19:33:36.956000,received,kaspa:qrx2nhnevm9vgn5rjfevlsxdylmzsr9fl5gx23z32fa4jqp66yp4j3kdjp4uz,47000000000000,
e7e5a65e4fd7fd3c630546e3d0c33cdedd88332087578d87f717e4a6b131b14e,2023-12-30T19:33:36.956000,received,kaspa:qrdn5zhj0fadx0smqqaa3da5vnr0g0qplzy5wuqvfcf9lygd5suq2ykkj7gfn,47000000000000,
c42f2018d9a0b66349bca6757723826ba9855ce01a8729afa72107666916d534,2023-12-30T18:17:39.402000,sent,kaspa:qqwvnkp47wsj6n4hkdlgj8dsauyx0xvefunnwvvsmpq2udd0ka8ckmpuqw3k5,9995010959328,
74b19c27cc2104ff57c3c10b175d46eb79ba31b203d9dffe187ca83d3209b995,2023-12-30T18:11:28.619000,received,kaspa:qr4ctlg0jxdq40xe0ykgd0d4ugvpgtnvs9mwgj8548wuzr9x2dn0u8v2zamf4,10000000000000,
f7648c8ed6aa5d6e19b0ae717fc6a980a61621d7d167717f4a6de83827607b4a,2023-12-30T14:05:53.953000,sent,kaspa:qqwvnkp47wsj6n4hkdlgj8dsauyx0xvefunnwvvsmpq2udd0ka8ckmpuqw3k5,4999999900000,
d392786f2e0a15ceb3eb457ca50687be87aab4686d2290579e88f1f6bba56bfa,2023-12-30T14:00:44.540000,received,kaspa:qpfrrd3zn3u4jv9y32rxcpnzne95v4ylczfwzqjkrxrft4suvjswx9mjfum4m,5000000000000,
3ce8d67830ce136bce3c2e260450b36903f9dd7b04d5a3efb43c718d3327db87,2023-12-30T10:37:36.383000,sent,kaspa:qqwvnkp47wsj6n4hkdlgj8dsauyx0xvefunnwvvsmpq2udd0ka8ckmpuqw3k5,399999900000,
f753ba10ff52b4c094d314b95e8842869fb2757cebbb59eff9052f36d01cc2ca,2023-12-30T10:33:58.325000,received,kaspa:qp8yz5u095nzn9t6k22jcvhpp0y9d8u3tl04ejsjzuya06yn8au9w03h3wken,400000000000,
15e63a2ae5f1f551520e661d2d6ba1eadd1eb7adfeb5ada47ca59dd58482941e,2023-12-15T12:10:34.436000,sent,kaspa:qqwvnkp47wsj6n4hkdlgj8dsauyx0xvefunnwvvsmpq2udd0ka8ckmpuqw3k5,8799999900000,
5a1be0d33bc1a095956bc9ef1fde37c306fc465e997067b606a75ecee90596de,2023-12-15T12:09:01.654000,received,kaspa:qrqzre65x83qn9n8gr4y3883tvav5g9rq2fe7fy3n83henkchaznqky9myhxf,8800000000000,
a7f37d0a052c7c329739efa0c5396fb5fc240ecf1dc3d28ed46abe79e9415cc1,2023-12-15T12:04:27.333000,sent,kaspa:qqwvnkp47wsj6n4hkdlgj8dsauyx0xvefunnwvvsmpq2udd0ka8ckmpuqw3k5,8799999900000,
a50e930460b439bac5aac4fb423909e81f27dbff25ba2db1cd24a63bcaafd7eb,2023-12-15T12:02:43.103000,received,kaspa:qrdeyeqhr26y9amh28la5whw47898gawxyytxvpdyndljlu3qw7m25ekrz698,8800000000000,
b7cae6acd9726bbf5701c325401d41271193ecf7cd322f441e8ce7b76d46c49a,2023-12-15T08:49:49.391000,sent,kaspa:qqwvnkp47wsj6n4hkdlgj8dsauyx0xvefunnwvvsmpq2udd0ka8ckmpuqw3k5,849899900000,
dab5aa396dac865a2af319358ea77f8e4599711c72f510abe514260e5fc604f5,2023-12-15T08:48:30.927000,received,kaspa:qql0yu8vmv6qa8c6kkawwlghtffguz56skpspgq3a3g9md0p55zyuehem24ek,849900000000,
1b1530a45851c7a952c3228948427fc7004195d564497733fbed9125e7be7817,2023-12-15T08:45:01.051000,sent,kaspa:qqwvnkp47wsj6n4hkdlgj8dsauyx0xvefunnwvvsmpq2udd0ka8ckmpuqw3k5,110032545017,
1b1530a45851c7a952c3228948427fc7004195d564497733fbed9125e7be7817,2023-12-15T08:45:01.051000,sent,kaspa:qqwvnkp47wsj6n4hkdlgj8dsauyx0xvefunnwvvsmpq2udd0ka8ckmpuqw3k5,110032545017,
b6000ba791aef8226cc3a572b3d16fc7ccbc9bd00015d75aec2ae8ac84b810fa,2023-12-15T08:40:33.901000,received,kaspa:qz655360engpjlj5wk9axmk9zgepw7vqnlsw6el6g9qa7tzfdnssjc7d066h9,110000000000,
fa37efeac6319a84f7f500a3582a300cfb114c9cd81c2abbe78412dd433288a2,2023-12-12T13:25:39.825000,sent,kaspa:qqwvnkp47wsj6n4hkdlgj8dsauyx0xvefunnwvvsmpq2udd0ka8ckmpuqw3k5,103867254983,
bdce7fc2f0d47c6a4dcdea94c9d946407ba7192a6098065fce1c19ae5b7bfa53,2023-12-12T13:22:15.968000,received,kaspa:qypsydhgm9py2wzvmezzc07q4smycx32ekdzmyfw5swzrepuhqs2pcskzyw6clv,103900000000,
10a7e925632f16e31328d4bc60b104772220ae7f26333df628303171d9cde9e1,2023-12-12T12:30:39.886000,sent,kaspa:qqwvnkp47wsj6n4hkdlgj8dsauyx0xvefunnwvvsmpq2udd0ka8ckmpuqw3k5,99999900000,
33dc8631ea601f6f3ebf119b0bdff202fc988a6a3f603421dd46201a8071af13,2023-12-12T12:25:28.452000,received,kaspa:qypsydhgm9py2wzvmezzc07q4smycx32ekdzmyfw5swzrepuhqs2pcskzyw6clv,100000000000,
f4b7e5d2bc36f5c4b3685f2e1b7e6de2fa18c468449081fca4c9c539e2a8a589,2023-12-11T05:29:33.056000,sent,kaspa:qqwvnkp47wsj6n4hkdlgj8dsauyx0xvefunnwvvsmpq2udd0ka8ckmpuqw3k5,100033953852,
f4b7e5d2bc36f5c4b3685f2e1b7e6de2fa18c468449081fca4c9c539e2a8a589,2023-12-11T05:29:33.056000,sent,kaspa:qqwvnkp47wsj6n4hkdlgj8dsauyx0xvefunnwvvsmpq2udd0ka8ckmpuqw3k5,100033953852,
67e572c9e3de3a8e21a48c754e05d56d722b4d05f21b0034b0a5654cd9b6e7b5,2023-12-11T05:26:40.937000,received,kaspa:qypsydhgm9py2wzvmezzc07q4smycx32ekdzmyfw5swzrepuhqs2pcskzyw6clv,100000000000,
473cae4a427f038854ed2c587c29b68428eb23b65473da841fece87e7f6d0b10,2023-12-10T12:50:39.594000,sent,kaspa:qqwvnkp47wsj6n4hkdlgj8dsauyx0xvefunnwvvsmpq2udd0ka8ckmpuqw3k5,5908250765,
b3929aee02d5aa52f09adfa9edf13fbdca269c5987ff0a6ff4653ac761bfffb0,2023-12-10T12:46:09.048000,sent,kaspa:qqwvnkp47wsj6n4hkdlgj8dsauyx0xvefunnwvvsmpq2udd0ka8ckmpuqw3k5,104057495383,
3395a693debcb5013415590984fe8614f36e9f2cb273c197806436cb47d483a0,2023-12-10T12:41:59.101000,received,kaspa:qypsydhgm9py2wzvmezzc07q4smycx32ekdzmyfw5swzrepuhqs2pcskzyw6clv,110000000000,
32eb73aa881b82e049709d41e55307465683c29c0663fb748f34557ac38b6772,2023-12-10T11:53:59.239000,sent,kaspa:qqwvnkp47wsj6n4hkdlgj8dsauyx0xvefunnwvvsmpq2udd0ka8ckmpuqw3k5,89988787823,
c0379729036d58f00dbf6b61cf07e6d44aa8ba68ba3b157fb00b70760d9c9fda,2023-12-10T11:47:52.036000,sent,kaspa:qqwvnkp47wsj6n4hkdlgj8dsauyx0xvefunnwvvsmpq2udd0ka8ckmpuqw3k5,10011012177,
ff3388c57ca1c876cb331e5a55410f2c2b978e3abcabba59c01afb6215d76265,2023-12-10T11:43:03.638000,received,kaspa:qypsydhgm9py2wzvmezzc07q4smycx32ekdzmyfw5swzrepuhqs2pcskzyw6clv,100000000000,
eb37f29ba1307ccf9b9362ac23eec45f1cd31b0f65458abfb3a146b60992211b,2023-12-10T03:14:54.417000,sent,kaspa:qqwvnkp47wsj6n4hkdlgj8dsauyx0xvefunnwvvsmpq2udd0ka8ckmpuqw3k5,11499900000,
06e0b7d52d94abe42b8593e9eef015237d9eaea104f7049db25a4a4ea6d26b3d,2023-12-10T03:12:52.743000,received,kaspa:qypsydhgm9py2wzvmezzc07q4smycx32ekdzmyfw5swzrepuhqs2pcskzyw6clv,11500000000,
d58067c0bb7d928dc9f50c9a26bc3c3614dc000f8a049ae37250b4720d967a51,2023-12-09T03:33:59.456000,sent,kaspa:qqwvnkp47wsj6n4hkdlgj8dsauyx0xvefunnwvvsmpq2udd0ka8ckmpuqw3k5,11899800000,
b752e8145e6f077403a47d96525b99f022043fa5c68b63e635e64fa44c61231c,2023-12-09T03:31:14.733000,sent,kaspa:qqwvnkp47wsj6n4hkdlgj8dsauyx0xvefunnwvvsmpq2udd0ka8ckmpuqw3k5,3000000000,
b752e8145e6f077403a47d96525b99f022043fa5c68b63e635e64fa44c61231c,2023-12-09T03:31:14.733000,sent,kaspa:qqwvnkp47wsj6n4hkdlgj8dsauyx0xvefunnwvvsmpq2udd0ka8ckmpuqw3k5,3000000000,
3bcc0bbefbb268de962176dae3282e3c3c4f6c49b16777204b2e4caa7962bba5,2023-12-09T03:28:04.599000,received,kaspa:qypsydhgm9py2wzvmezzc07q4smycx32ekdzmyfw5swzrepuhqs2pcskzyw6clv,10000000000,
3bcc0bbefbb268de962176dae3282e3c3c4f6c49b16777204b2e4caa7962bba5,2023-12-09T03:28:04.599000,received,kaspa:qypsydhgm9py2wzvmezzc07q4smycx32ekdzmyfw5swzrepuhqs2pcskzyw6clv,10000000000,
e46fc1e8422ee899860e5572d8550daef1964fce0abf2e2a31827b132374cd84,2023-12-08T03:39:54.894000,received,kaspa:qypsydhgm9py2wzvmezzc07q4smycx32ekdzmyfw5swzrepuhqs2pcskzyw6clv,4900000000,
20538d19356ff4e20b572299f7c946b9d4da7afe14fc19c7919651e94d41452f,2023-12-07T10:25:04.523000,sent,kaspa:qqwvnkp47wsj6n4hkdlgj8dsauyx0xvefunnwvvsmpq2udd0ka8ckmpuqw3k5,9999900000,
c6d959f777149d1cae8a1cfc9bed83013b6a6331638ec9257185cc1d56288a69,2023-12-07T10:22:25.253000,received,kaspa:qrrckp9v434ygvxjpeh46xtt9h5e0ky6mmfsf3xnnmts80s7zzg85xa50yu40,10000000000,
3570872dabe05e1f4311181b4c5b5f0f0c8307c225ed36ca7691efd75b20c252,2023-12-07T03:40:38.967000,sent,kaspa:qqwvnkp47wsj6n4hkdlgj8dsauyx0xvefunnwvvsmpq2udd0ka8ckmpuqw3k5,9999900000,
361e751845ea3494f58eac9a45fcda4dae55a7f96fce391f27445bec869e6e5b,2023-12-07T03:38:52.123000,received,kaspa:qzufefe67hwq8xtvlav4clvkf45v6xd363v2sc6z96tndpaklrdxu2dnu2mtf,10000000000,
e99a3c911c8a0cd2085f7e045a7126dbb0a06a7b05be4afb584b2035d452bf98,2023-12-06T12:08:27.216000,sent,kaspa:qqwvnkp47wsj6n4hkdlgj8dsauyx0xvefunnwvvsmpq2udd0ka8ckmpuqw3k5,6999800000,
c37736ad67cfe6e3fad4610d8d4196f081bf4a915e67d900973f5d3b79080488,2023-12-06T12:06:24.557000,sent,kaspa:qqwvnkp47wsj6n4hkdlgj8dsauyx0xvefunnwvvsmpq2udd0ka8ckmpuqw3k5,1000000000,
00841eff851debd4b460f7953d05d4966379e5f995c64e4055f184bb629a4ebf,2023-12-06T12:04:46.913000,received,kaspa:qqn7l88ruuq637fykuphg9xefaf9ywvdl0lsmh8dxj5guzj6tl94xg4l3rt6l,8000000000,
85bd09c48a968b0cb5630018baa8b3a79e6a865f85319781e87e03b4f71d35c7,2023-12-06T04:39:46.557000,sent,kaspa:qqwvnkp47wsj6n4hkdlgj8dsauyx0xvefunnwvvsmpq2udd0ka8ckmpuqw3k5,11999900000,
d64bb1d0f0a12ce15f74afd9fddb2e15be12cd5533547f720de258ddb5d1f24b,2023-12-06T04:37:32.374000,received,kaspa:qpaq6ypl58k7vhxz5a2x4ftt9kn3gn7ht39qzx7pkrj7686knlpeg0zp683pw,12000000000,
cf3a333a13a342a5a3e2ec6bb9d7f3dab64be7f39af47a0e351aadd1ce658b9c,2023-12-05T03:25:54.530000,sent,kaspa:qqwvnkp47wsj6n4hkdlgj8dsauyx0xvefunnwvvsmpq2udd0ka8ckmpuqw3k5,9999900000,
4749367318f4864065b4e988b9beb9b311954314c73629b038d116f41902fcb5,2023-12-05T03:19:50.350000,received,kaspa:qqygnq46ks74tplj03vwalp5zen43vpshqhefppjdv7k3745a4lsuuje9z45j,10000000000,
263b9dd9c7bd26c87293dcf84cc510c51f73cdce7829daab37213feebe158050,2023-12-02T09:33:04.883000,sent,kaspa:qqwvnkp47wsj6n4hkdlgj8dsauyx0xvefunnwvvsmpq2udd0ka8ckmpuqw3k5,9999900000,
1b5bb916c56555486529e61d179c0455a71809def7b76c46553a76a7b5f15793,2023-12-02T09:29:39.249000,received,kaspa:qppl4ndkdvjm6dkjvv4cgvye0shwdh5j4jsrnjq5847txjatama0xwt7uwmln,10000000000,
39f73f5e956622f9834ef3a06d7257b477905c6aea9e804b08a1f8f14a1dda8a,2023-11-30T13:11:05.851000,sent,kaspa:qzp73hggnawcla3h64t73jpkmvhg4rhcauhf2jky94d50dvh93jv7fhjfma60,9999900000,
d6e2860889e728abaaec5933cf1c8a6b59e0e589c448ff06abecf8af82a7bbad,2023-11-30T13:08:32.255000,received,kaspa:qrpua0epu5wnne2vacuh77y8rgwznktklnnm497c5djavlkw4an06wfz9t5c2,10000000000,
a2c528b32f3a68cbbc76c09901c5cbbc0a14b4c835fa57a2d2e323daf8a0363d,2023-11-30T06:58:00.013000,sent,kaspa:qqwvnkp47wsj6n4hkdlgj8dsauyx0xvefunnwvvsmpq2udd0ka8ckmpuqw3k5,27499900000,
d57a73f89ea93f0ade579798c9c77e6751daae419e5ae02ef270cb41ac34b4d8,2023-11-30T06:56:13.916000,received,kaspa:qqutmarvcfrskrx54sww4ltsp04xevjj6vwlr0aw37r098rsqxnw5ufxdf6z2,27500000000,
fc721771eb9ff6873e4e1d4cd321f5067c019a71414cb37e08825a02eb9c6f51,2023-11-29T04:17:06.033000,sent,kaspa:qqwvnkp47wsj6n4hkdlgj8dsauyx0xvefunnwvvsmpq2udd0ka8ckmpuqw3k5,12499900000,
440399eb14e920055532dea953a83d3c8f9b8be860689d5288c33638d0c429cb,2023-11-29T04:15:46.983000,received,kaspa:qqyv6x937fvjtdkapd9lxka0mm8lwslxe2cmn4pew6vv722slxk5qyjmtvxlw,12500000000,
520fd88eb38294f3bffd6185a87229f3c71b4ffd52af815059d8889dbe4b06be,2023-11-28T04:07:08.522000,sent,kaspa:qqwvnkp47wsj6n4hkdlgj8dsauyx0xvefunnwvvsmpq2udd0ka8ckmpuqw3k5,9999900000,
2980eee8ee71ca2ea2e12c118c532c787a9006218667ec5edd30e1d4bf2f7b26,2023-11-28T04:06:16.269000,received,kaspa:qz3lr48hdwwdlxjljs4qv6umzpxky94yx0yf5429vnx9hdxh0knl2r8g3yqz5,10000000000,
71e15fa8c48becd7ac86b24d0569a93d4e48ca1e4c0cecf84e64eaab78267b7c,2023-11-28T02:31:28.247000,sent,kaspa:qqwvnkp47wsj6n4hkdlgj8dsauyx0xvefunnwvvsmpq2udd0ka8ckmpuqw3k5,12999900000,
8497d2727b5e0d6aaeff3613eeb6d4b97cfe4405a8003b5ea3136483994fbcf4,2023-11-28T02:28:17.793000,received,kaspa:qqutgj9txe2fen8n9ug8wqn7307es4x2neqyseyyhenmqyhtwyex7ce2s6w6p,13000000000,
9b5064843c1117c56e3d0f73e4f829635294d6b99d4d05ee7372f413937893a6,2023-11-25T02:18:28.913000,sent,kaspa:qqwvnkp47wsj6n4hkdlgj8dsauyx0xvefunnwvvsmpq2udd0ka8ckmpuqw3k5,9999900000,
09960cd1595a374c768216c8828aab09d7ad3c11d869c264e1dcdc3248ef1f57,2023-11-25T02:14:12.109000,received,kaspa:qqa0e0ppv52drzfr9cjvrljchayrr23yms9tls62w7f2qxjhr5zgcq8m03sj7,10000000000,
a4c7da5b259acf911dc6e2f2f829c47d02f82fe5dd4e260fa8a43873f8835b94,2023-11-23T04:28:00.618000,sent,kaspa:qqwvnkp47wsj6n4hkdlgj8dsauyx0xvefunnwvvsmpq2udd0ka8ckmpuqw3k5,12999900000,
f096ecf6e00663d852778a8075a7315ebbe7bd935c848389ebce326754dc0df3,2023-11-23T04:23:59.372000,received,kaspa:qz72wx83qxlaa4emzaah3r00lpphlpq3zpyathfz9r73v3a0xc337fcf0sn2n,13000000000,
90fd0dd8c7a644b59217d057c64640de602aa9c1914317cd6d521008dca3860b,2023-11-22T02:49:35.374000,sent,kaspa:qqwvnkp47wsj6n4hkdlgj8dsauyx0xvefunnwvvsmpq2udd0ka8ckmpuqw3k5,9999900000,
e4ea5ba4f2e641492fe6cfda011bf594e5f2b12871f54520b86c700e55829294,2023-11-22T02:48:15.929000,received,kaspa:qrdyye8uyla9x8avma4fgscsu0pafhjfckduj509969a0ln27l2977f9q90ks,10000000000,
4dedc4e55b7b722156ad34d86d57ccd260e0a8f8d807a2b4506f10b99d1c8d51,2023-11-20T03:13:04.571000,sent,kaspa:qqwvnkp47wsj6n4hkdlgj8dsauyx0xvefunnwvvsmpq2udd0ka8ckmpuqw3k5,13999900000,
28bff8bf44f50fe85c73940ac78107c54b665e98a6821627159ba05f0cb8056f,2023-11-20T03:11:53.198000,received,kaspa:qpt9w4l2flu6903nuh4za8fuk43k2kf5vjlqpdsj0vgwdmm3hwj0znjzfca6l,14000000000,
1091eba7d751be6aeea35d6145f107938eaa6467e15992a1030213ac6ac3a025,2023-11-18T04:36:42.744000,sent,kaspa:qqwvnkp47wsj6n4hkdlgj8dsauyx0xvefunnwvvsmpq2udd0ka8ckmpuqw3k5,9999900000,
aea0b4e1c577d25a25d254219034e1c2ee7838f7ecd8396019ca38b9f950e8f5,2023-11-18T04:35:16.654000,received,kaspa:qpdp6ptk5qvx4hr6xaxklfmtspp5xzjgcjlyzsl8d7s972dd25cx257fgsw2t,10000000000,
4b4681ea86c5814491ddd3068a5719df18037d74cc0587d2a210843476af93ca,2023-11-17T03:22:06.066000,sent,kaspa:qqwvnkp47wsj6n4hkdlgj8dsauyx0xvefunnwvvsmpq2udd0ka8ckmpuqw3k5,9999900000,
79e94b3b54ce1f2e170f9ccb97de1d2de9709f61038e3c0e5aa3dd9e70b8189f,2023-11-17T03:20:34.439000,received,kaspa:qpyvx2njczks6r3ndw4lmpjfz99au9jaxkrhvw849phlsdgqwyt9gq5nyxfyx,10000000000,
a3dcbf27c49fe661d1dc15a4a852ef83ef8b15bf3e561dc0a99c7b093ef01ee9,2023-11-15T02:36:44.232000,sent,kaspa:qqwvnkp47wsj6n4hkdlgj8dsauyx0xvefunnwvvsmpq2udd0ka8ckmpuqw3k5,19999900000,
5a1fcb979de298fe21a04560feb2f3f5e04a6a17a516f17e3e8e8028cf2e0c66,2023-11-15T02:35:28.438000,received,kaspa:qrmayzsvt9kydcrnrps4cen6rhz930yrzyy34n9zxj3qeh97a0mgq3eahnrlk,20000000000,
22916b10fe41d546a84dbed480699e56b050b9f0356d04205c8ea5af371626ed,2023-11-13T10:26:39.703000,sent,kaspa:qqwvnkp47wsj6n4hkdlgj8dsauyx0xvefunnwvvsmpq2udd0ka8ckmpuqw3k5,14999900000,
3c82e0a4585ea746a0fabb5d6b52b87bcebea10584ac9c7002aacad695df78cc,2023-11-13T10:25:12.777000,received,kaspa:qp2xs2h3hll9u2vvs392fajgq82mx7j7xx63s89l55pvcam3yxs6xm20sc2gd,15000000000,
0f3420981bb116d4f7cf2fb128d762e4223f26a083f6f302ee14768e49cdebc7,2023-11-11T04:53:38.466000,sent,kaspa:qqwvnkp47wsj6n4hkdlgj8dsauyx0xvefunnwvvsmpq2udd0ka8ckmpuqw3k5,9999900000,
f7bed4efeebe334efea167dc3c933213becaab505c4179bb52eff8c87404d6ab,2023-11-11T04:51:58.150000,received,kaspa:qzskkealgz4yfspmz78ttu3ahrjhtqa26t6fp0fdlfxszlmkd9aw5z4ll6a37,10000000000,
0d2ba75d6ccf432c1b4314517d9e8e3886570910c5a3241803206ec0d927acef,2023-11-11T01:53:03.767000,sent,kaspa:qqwvnkp47wsj6n4hkdlgj8dsauyx0xvefunnwvvsmpq2udd0ka8ckmpuqw3k5,19999900000,
1c70d5049322aa90426b4ee7d04d345d1385939d9f6bfd6b6fc3683e99aa0687,2023-11-11T01:51:35.476000,received,kaspa:qpqxckahfggpd2usxj3g748urc24lruhkhhtfch997za6xtvrczy64amrl7fc,20000000000,
9792f63ac4ea7c99529f853cea267313b4174b6677c10a543f7d1e177b7e5cd3,2023-11-09T01:45:20.862000,sent,kaspa:qqwvnkp47wsj6n4hkdlgj8dsauyx0xvefunnwvvsmpq2udd0ka8ckmpuqw3k5,19999900000,
7726f8e8dc5120064f5b0196a87bd46b8f0de1721a4b844f7e077e2c57ab86e7,2023-11-09T01:44:04.367000,received,kaspa:qp885sw7m3232m8lhh9ge76jzgqp5athzv8ldhv5eurx2q5u43wkg4arzvce6,20000000000,
c7da6953e9f61228443821d4df9bb4b38d5e61d37c0b35672802815448658cae,2023-11-08T01:46:41.910000,sent,kaspa:qqwvnkp47wsj6n4hkdlgj8dsauyx0xvefunnwvvsmpq2udd0ka8ckmpuqw3k5,24999900000,
c171ecc460821d62cca0a49deac9e0b6834d5b9fcc8e94feab87dfc591be3f9e,2023-11-08T01:45:27.392000,received,kaspa:qzyk94hv95p3esxumtm9mpl667nh8d8axssfzjz63rs4xelrv8rvu5l54w9xu,25000000000,
7e64f1421c19e0147730d965de1cf60b29797ba0f34553a091c62486bb208400,2023-11-06T02:05:15.817000,sent,kaspa:qqwvnkp47wsj6n4hkdlgj8dsauyx0xvefunnwvvsmpq2udd0ka8ckmpuqw3k5,27899900000,
3d7d3443a382a7a632616cd5f7282ca53520ab921e777f6d9622d56d6ab0da84,2023-11-06T02:03:38.087000,received,kaspa:qrmed9k0pj38c06ecapqz09rd52xhcy7ujt3vrqur7ets7cc055dymvkpg9dq,27900000000,
ecc2b0f05eaf0ae9ec854e7248370a19088c512ba0042626eb41ac36159d4d2d,2023-11-04T17:12:01.237000,sent,kaspa:qqwvnkp47wsj6n4hkdlgj8dsauyx0xvefunnwvvsmpq2udd0ka8ckmpuqw3k5,19999900000,
869d88c3575db20c8934247372eab49eb43794fcb804c05f0d73d5baa33d71a1,2023-11-04T17:10:25.869000,received,kaspa:qrkklxtc2ct9hyxsvlvtkw8jm6xlnydedncz49xfspj3xythfllyx4zmehw08,20000000000,
e7c92d058aeed636d456964e40b99dd8ad7b66fd17bec6e7443967f8e6b99632,2023-11-04T09:04:38.273000,sent,kaspa:qqwvnkp47wsj6n4hkdlgj8dsauyx0xvefunnwvvsmpq2udd0ka8ckmpuqw3k5,29999900000,
b9572a558fe40dcc00fb1deb234c7a8c3107e12d9554df8516f2a6056b2e3084,2023-11-04T09:03:03.687000,received,kaspa:qzhnsp04c944p23natk5hceyunu8lzg9mu8kftayz042pxhwwyanwx7h7u47c,30000000000,
30d58159f51aff609a77477756e6cb21a26756015807bef9032e36a07342be82,2023-11-02T09:03:17.199000,sent,kaspa:qqwvnkp47wsj6n4hkdlgj8dsauyx0xvefunnwvvsmpq2udd0ka8ckmpuqw3k5,29999900000,
d4696e85362b279cb359482b5c70a2e151eae505c5c2df1b946a266d9a257882,2023-11-02T08:59:40.101000,received,kaspa:qrsmuu504egqgm68cnq8576ge80rupgp7my5486uk2908pvnm8wx5223sqw2h,30000000000,
5491b27adcc93506ba4860c8ea3cbf2d3d17b392cd88f95a425c035ad87654d8,2023-11-02T04:04:09.920000,sent,kaspa:qqwvnkp47wsj6n4hkdlgj8dsauyx0xvefunnwvvsmpq2udd0ka8ckmpuqw3k5,29999900000,
d3702a749d3f2daaab994d52cca9d080f9b4739a80a90bddd6445bb126c20fd4,2023-11-02T04:02:21.098000,received,kaspa:qz99z9ma834zx9x2039z40q0xpfv0urdj62pgppm5ae03xxhvvhqxu78tsg4s,30000000000,
f7b17e14ac2f604711f3087b5c79b83cc147ee119bdacc248f13606a202cdd1c,2023-11-02T01:23:30.280000,sent,kaspa:qqwvnkp47wsj6n4hkdlgj8dsauyx0xvefunnwvvsmpq2udd0ka8ckmpuqw3k5,29999900000,
8a9f975703f148c01f97a7e52fd7225253c8b0c657fcda4dafdd4b2fb9bf0cbc,2023-11-02T01:20:08.767000,received,kaspa:qryyx963w4qcxmdqxvrwn2z962hfg3g80nmrkmdukaj30nhnm6wrskrntplfk,30000000000,
d744a0979428a0805d76b01a966f88015a3b552fdd381f9bdc3231ca2742d5d4,2023-10-31T07:03:41.745000,sent,kaspa:qzp73hggnawcla3h64t73jpkmvhg4rhcauhf2jky94d50dvh93jv7fhjfma60,29999900000,
08984f96cdf1de5190376a3767a3f08708aeb9f21e878171f889cbdf719335a0,2023-10-31T06:57:47.419000,received,kaspa:qr0e3pqvxt3k7v5vvjy9xwtjj589rjupfwux39jd3kphtln72ckxw5sgyvlxd,30000000000,
78a2fe6e4fa3bc3da6e2f0e5ed9cfd460d805469be993de53711fd36477e7887,2023-10-28T03:11:46.561000,sent,kaspa:qqwvnkp47wsj6n4hkdlgj8dsauyx0xvefunnwvvsmpq2udd0ka8ckmpuqw3k5,4499999900000,
0ae07a60cb112f2a30d42a018b94309918c69208220c853b0da9c9c786433c5a,2023-10-28T03:10:47.828000,received,kaspa:qpvw8x9w9tuh66klrzacsm8nq3fcwg9uk0dj7fqusdfdaq99rgnek5ev86cl2,4500000000000,
dadff7ce40bf0507fb440437f136a52bfd615fa0445dbe060169232602a4f629,2023-10-26T04:55:58.859000,sent,kaspa:qqwvnkp47wsj6n4hkdlgj8dsauyx0xvefunnwvvsmpq2udd0ka8ckmpuqw3k5,34999900000,
4d939f612c8e05f070c59535bf2d4472fcf85630dc5b959ca474339423bbfc7c,2023-10-26T04:54:36.588000,received,kaspa:qpwqt4jnj84mmdrr3sqelnazxlklqr38ajxjs3lyfwnr6uqp0tnujf34lu0qj,35000000000,
5d85b28de7cbd956ecfcd79d7cb4ac5782bf7e20461bb973e2358e2ec2b6cabf,2023-10-25T04:11:09.576000,sent,kaspa:qqwvnkp47wsj6n4hkdlgj8dsauyx0xvefunnwvvsmpq2udd0ka8ckmpuqw3k5,34999900000,
b937c1717ab2e357e44ae9b61a6b15dfe6f68c3effae2079dd1b3d6bd1bd0ae8,2023-10-25T04:09:57.608000,received,kaspa:qzwhfrssjd8r7v00pwl93mznwv2tx2ecnyeshkrpvqpwuwp05n2quervtfuk9,35000000000,
af24ce62baa06aecb845193b69c29c2bda8112127027ad223bcbe13dd6595196,2023-10-24T04:59:43.449000,sent,kaspa:qqwvnkp47wsj6n4hkdlgj8dsauyx0xvefunnwvvsmpq2udd0ka8ckmpuqw3k5,29999900000,
61a8ad5045fdefb3cd975fcc2e43bbbe83f8ea1d84ed4329c8b78194db9f5111,2023-10-24T04:57:50.093000,received,kaspa:qpw02cl68e63p0zxdn6n2qezq8mrp9ygv2aa64php9lplfc99hc8gvgwaf808,30000000000,
7634cf4d24c78c05df2914943ac11f2cfc44d41f9cf414ba0590ed7be3a02288,2023-10-22T03:27:29.590000,sent,kaspa:qqwvnkp47wsj6n4hkdlgj8dsauyx0xvefunnwvvsmpq2udd0ka8ckmpuqw3k5,24999900000,
c84343bbf74237e133372f4ee26067c3e5ccc4d44b0b56d45e61311458a10637,2023-10-22T03:26:11.811000,received,kaspa:qp52r32zlq9j9qmfp5jqgnkk0qx3hymw76y93lspjx7wakq9d274u5d6yfrdv,25000000000,
df0627371fa850df4247c21269243af9da4524548c40a38166031e1382527c09,2023-10-21T11:54:42.515000,sent,kaspa:qqwvnkp47wsj6n4hkdlgj8dsauyx0xvefunnwvvsmpq2udd0ka8ckmpuqw3k5,49999900000,
f18df26708b83d34a82e842c30e34b036ea0111b3755e8fa128dde5dab4c86c3,2023-10-21T11:52:46.647000,received,kaspa:qpfej80zeun79q7hhk7ukjsd0ps4mqjgwrypcqpnz99l3erjz2ms2k6uaglt9,50000000000,
6dbc9f5813b15685ff467c72a6d5e8c9d6fe49974981da2250f690f4c5af8fd2,2023-10-19T02:42:28.959000,sent,kaspa:qqwvnkp47wsj6n4hkdlgj8dsauyx0xvefunnwvvsmpq2udd0ka8ckmpuqw3k5,30639304277,
7ab3769edadfb99744adde5c75e224741e8ae9cb44d1ae926f6b5f5a44655d98,2023-10-19T02:40:39.318000,received,kaspa:qpua9qlz40dmmfz8z4hw4wp5zfd3sww2ka48y5u5kxv35lfcjf8kwrapfs57l,30639404277,
091737546c778abaa9e891327ca5935e259dcae1e743cdc3c38bb21e9a5e43a7,2023-10-17T09:28:44.320000,sent,kaspa:qqwvnkp47wsj6n4hkdlgj8dsauyx0xvefunnwvvsmpq2udd0ka8ckmpuqw3k5,24999900000,
e47118ef6c4b2816db93a1f2037e246bb002ef31b1339510c3f036c2eacd3c7f,2023-10-17T09:26:54.115000,received,kaspa:qpua9qlz40dmmfz8z4hw4wp5zfd3sww2ka48y5u5kxv35lfcjf8kwrapfs57l,25000000000,
d16d3407eba498d6bd5afa12174862a5be490e97594534f49e03c1fd3cbdcb51,2023-10-15T03:31:12.115000,sent,kaspa:qqwvnkp47wsj6n4hkdlgj8dsauyx0xvefunnwvvsmpq2udd0ka8ckmpuqw3k5,24999900000,
edb5cefc72804b646544dfc31f2270a3040336016c5a621e1309ab69123dd0a2,2023-10-15T03:29:11.651000,received,kaspa:qpua9qlz40dmmfz8z4hw4wp5zfd3sww2ka48y5u5kxv35lfcjf8kwrapfs57l,25000000000,
edb5cefc72804b646544dfc31f2270a3040336016c5a621e1309ab69123dd0a2,2023-10-15T03:29:11.651000,received,kaspa:qpua9qlz40dmmfz8z4hw4wp5zfd3sww2ka48y5u5kxv35lfcjf8kwrapfs57l,25000000000,
0a6d19b75f3a3729aadd5dce59e927640d866f9ebc605c02399c520f92268625,2023-10-13T07:06:36.834000,sent,kaspa:qpua9qlz40dmmfz8z4hw4wp5zfd3sww2ka48y5u5kxv35lfcjf8kwrapfs57l,4999900000,
a4760e564d39eacae41de0f3bff932b509083123d520186c36274260fe68ed1c,2023-10-13T06:27:25.793000,received,kaspa:qqreq9syywzdznhgdxk70vyzcvutfk2erwrcsk90ygu2aqjkptacsnmn6fngc,5000000000,
72031620ff94ed004dec85780a69546e3c262d066b9e3e884f70b60d3d471b0d,2023-10-12T03:06:23.857000,sent,kaspa:qqwvnkp47wsj6n4hkdlgj8dsauyx0xvefunnwvvsmpq2udd0ka8ckmpuqw3k5,34999900000,
eecaa56876729c812fabccf55ba983d11c9272fd9db71307e582853bc578b4ad,2023-10-12T03:03:57.257000,received,kaspa:qpua9qlz40dmmfz8z4hw4wp5zfd3sww2ka48y5u5kxv35lfcjf8kwrapfs57l,35000000000,
bd8b2fcf231c5fcdedfa5eae3261a23aacd5c450624731c285ae1dc651607082,2023-10-09T06:58:51.851000,sent,kaspa:qqwvnkp47wsj6n4hkdlgj8dsauyx0xvefunnwvvsmpq2udd0ka8ckmpuqw3k5,49999900000,
d654c83f0ce57bfc9d3dc92c11f79db4a3ac7b335007267c38e60d727443eb7c,2023-10-09T06:56:35.189000,received,kaspa:qpua9qlz40dmmfz8z4hw4wp5zfd3sww2ka48y5u5kxv35lfcjf8kwrapfs57l,50000000000,
4ca6cff5835785d7ae99342c2335180084c8dd6075e178145be8ca82ab5cecc2,2023-10-08T08:07:38.605000,sent,kaspa:qqwvnkp47wsj6n4hkdlgj8dsauyx0xvefunnwvvsmpq2udd0ka8ckmpuqw3k5,19999900000,
588a6ef6710c6665ba48458c3733df6a6e79a7f2c56eccf55189cd158be29803,2023-10-08T08:06:11.637000,received,kaspa:qpua9qlz40dmmfz8z4hw4wp5zfd3sww2ka48y5u5kxv35lfcjf8kwrapfs57l,20000000000,
588a6ef6710c6665ba48458c3733df6a6e79a7f2c56eccf55189cd158be29803,2023-10-08T08:06:11.637000,received,kaspa:qpua9qlz40dmmfz8z4hw4wp5zfd3sww2ka48y5u5kxv35lfcjf8kwrapfs57l,20000000000,
8ae1942db3dd735c3c0140f17dbfc7ad3084e22294441e811e0846809f0f890b,2023-10-07T17:02:52.552000,sent,kaspa:qqwvnkp47wsj6n4hkdlgj8dsauyx0xvefunnwvvsmpq2udd0ka8ckmpuqw3k5,19999900000,
df3cf9cebcd5bcf09a264873a27bc189a76f775d14804840807935514913b7b1,2023-10-07T17:00:37.980000,received,kaspa:qpua9qlz40dmmfz8z4hw4wp5zfd3sww2ka48y5u5kxv35lfcjf8kwrapfs57l,20000000000,
ceaed10ff17c9a331526c2ed114c0adf7c83a4279a49d95d361df4fa30adec86,2023-10-07T09:58:33,sent,kaspa:qqwvnkp47wsj6n4hkdlgj8dsauyx0xvefunnwvvsmpq2udd0ka8ckmpuqw3k5,19999900000,
abbad0a2c823c85c0ff01451767b33eb950f7a59d7967ae889abc5d3e1117168,2023-10-07T09:56:12.374000,received,kaspa:qpua9qlz40dmmfz8z4hw4wp5zfd3sww2ka48y5u5kxv35lfcjf8kwrapfs57l,20000000000,
3bf71d2386c3ce0ef7958667107666c8b7f054c619883573e18615974ab102ec,2023-10-06T02:41:21.015000,sent,kaspa:qqwvnkp47wsj6n4hkdlgj8dsauyx0xvefunnwvvsmpq2udd0ka8ckmpuqw3k5,24999900000,
9d1ade0efff15c67387bd097774400c9ab7f061d0a750bfdc3af80c57b9f8aa5,2023-10-06T02:39:47.543000,received,kaspa:qpua9qlz40dmmfz8z4hw4wp5zfd3sww2ka48y5u5kxv35lfcjf8kwrapfs57l,25000000000,
4a5c701b039691c9960e3240388c21c74c4736ad52b4edc73a97b680a9419826,2023-10-04T14:24:21.077000,sent,kaspa:qqwvnkp47wsj6n4hkdlgj8dsauyx0xvefunnwvvsmpq2udd0ka8ckmpuqw3k5,19999900000,
838634952eee06603ff57dbbd80b985ad364c08137ba18bdc9316c34d3a20af9,2023-10-04T14:22:40.639000,received,kaspa:qpua9qlz40dmmfz8z4hw4wp5zfd3sww2ka48y5u5kxv35lfcjf8kwrapfs57l,20000000000,
fc3c7b3fe08b2108158d0682d433de03a150a04c38c18d91be6c284b9dc1d48b,2023-10-04T03:02:59.260000,sent,kaspa:qqwvnkp47wsj6n4hkdlgj8dsauyx0xvefunnwvvsmpq2udd0ka8ckmpuqw3k5,19999900000,
cf3d8dc2c5a7ee9ed41559c151cf32f963da7e642b1d76867ce188a8a18ff2bb,2023-10-04T03:01:27.871000,received,kaspa:qpua9qlz40dmmfz8z4hw4wp5zfd3sww2ka48y5u5kxv35lfcjf8kwrapfs57l,20000000000,
ff5bb69f763fb87e931c1be867710c8e2268a4540dcf42952aea5ffcb9840243,2023-10-03T03:30:32.960000,sent,kaspa:qqwvnkp47wsj6n4hkdlgj8dsauyx0xvefunnwvvsmpq2udd0ka8ckmpuqw3k5,19999900000,
2b2ec1fc4fe569985bbcb2e6ea25ddc0cb2ba28916de8cfd7aa647ac4d2aca9a,2023-10-03T03:29:25.465000,received,kaspa:qpua9qlz40dmmfz8z4hw4wp5zfd3sww2ka48y5u5kxv35lfcjf8kwrapfs57l,20000000000,
2b2ec1fc4fe569985bbcb2e6ea25ddc0cb2ba28916de8cfd7aa647ac4d2aca9a,2023-10-03T03:29:25.465000,received,kaspa:qpua9qlz40dmmfz8z4hw4wp5zfd3sww2ka48y5u5kxv35lfcjf8kwrapfs57l,20000000000,
f99264bb73364a404feb89a51035000ac919d833924bec1651c003228dd451b4,2023-09-30T18:41:28.266000,sent,kaspa:qqwvnkp47wsj6n4hkdlgj8dsauyx0xvefunnwvvsmpq2udd0ka8ckmpuqw3k5,24999900000,
ba23addc97fb3ff043b01174301777fc78b157a2f8d0eba4346b7ee5f698cbb1,2023-09-30T18:39:46.500000,received,kaspa:qpua9qlz40dmmfz8z4hw4wp5zfd3sww2ka48y5u5kxv35lfcjf8kwrapfs57l,25000000000,
71ac25edf74fab26622057fc6b4415d3af7d984ea0cd80a72bb7c97a5abc457f,2023-09-26T04:28:01.461000,sent,kaspa:qqwvnkp47wsj6n4hkdlgj8dsauyx0xvefunnwvvsmpq2udd0ka8ckmpuqw3k5,24999900000,
559cdb61b9c0eed3e7c0f1fbdfdf89a39bab3626300abde4d4a6596dbf6be803,2023-09-26T04:23:05.893000,received,kaspa:qpua9qlz40dmmfz8z4hw4wp5zfd3sww2ka48y5u5kxv35lfcjf8kwrapfs57l,25000000000,
9fc17597300131dcf421a10337609fa2abb7ba1109712e033b653daa79389167,2023-09-24T04:27:16.185000,sent,kaspa:qqwvnkp47wsj6n4hkdlgj8dsauyx0xvefunnwvvsmpq2udd0ka8ckmpuqw3k5,39999900000,
48c8efc6c3a294558a18286f9de38be0f33e93778dd0f67bbd95468c730439de,2023-09-24T04:24:52.128000,received,kaspa:qpua9qlz40dmmfz8z4hw4wp5zfd3sww2ka48y5u5kxv35lfcjf8kwrapfs57l,40000000000,
bd3e2e2db69a40f59674bbdaf7fde01b9f76c1ea41da24828173d12a2652f5e5,2023-09-22T10:20:06.011000,sent,kaspa:qqwvnkp47wsj6n4hkdlgj8dsauyx0xvefunnwvvsmpq2udd0ka8ckmpuqw3k5,39999900000,
e11add69004640bdac8825e652c77a0dc7640251ae845f76bd8928bd6878a364,2023-09-22T10:17:41.995000,received,kaspa:qpua9qlz40dmmfz8z4hw4wp5zfd3sww2ka48y5u5kxv35lfcjf8kwrapfs57l,40000000000,
62f2e9d839612bc89077e72289c960ed1cfd61def6ae3c0cb0a0109fd7f2cdea,2023-09-21T10:14:35.507000,sent,kaspa:qqwvnkp47wsj6n4hkdlgj8dsauyx0xvefunnwvvsmpq2udd0ka8ckmpuqw3k5,39999900000,
b433a04f9b89717f5523dc0519798e2e71b5f06e8abaef3659d3ecfc20523745,2023-09-21T10:11:02.560000,received,kaspa:qpua9qlz40dmmfz8z4hw4wp5zfd3sww2ka48y5u5kxv35lfcjf8kwrapfs57l,40000000000,
eafb7381d38ef7f47547a2de553ce76507cc28f400f773caed1d4ac255a42271,2023-09-20T02:41:49.024000,sent,kaspa:qqwvnkp47wsj6n4hkdlgj8dsauyx0xvefunnwvvsmpq2udd0ka8ckmpuqw3k5,10999900000,
f31838de25b4c84f61aef91c9a174486f1469585846a55b4ee334bb459fd3340,2023-09-20T02:39:23.037000,received,kaspa:qpua9qlz40dmmfz8z4hw4wp5zfd3sww2ka48y5u5kxv35lfcjf8kwrapfs57l,11000000000,
20a4e0701665b896d70a6ae4ddbad656f528fab4b549d8562e70e2a6be52a289,2023-09-20T00:48:20.165000,sent,kaspa:qqwvnkp47wsj6n4hkdlgj8dsauyx0xvefunnwvvsmpq2udd0ka8ckmpuqw3k5,26999900000,
ea96cf1d9c02b4a92887b29ad6c84a5b70fa5ded15cfa3a49ed08554f6d6fe1c,2023-09-20T00:46:08.990000,received,kaspa:qpua9qlz40dmmfz8z4hw4wp5zfd3sww2ka48y5u5kxv35lfcjf8kwrapfs57l,27000000000,
9172b28bf29f2716ff58aeb8848bb1cbdd1e3d214aeea3dd1cbbc09ed63c33d3,2023-09-17T04:11:48.362000,sent,kaspa:qqwvnkp47wsj6n4hkdlgj8dsauyx0xvefunnwvvsmpq2udd0ka8ckmpuqw3k5,99999900000,
ea75ca691847b696392328f69cf144baff065781ae092fd9011c88bd49ce0e0c,2023-09-17T04:09:21.367000,received,kaspa:qpua9qlz40dmmfz8z4hw4wp5zfd3sww2ka48y5u5kxv35lfcjf8kwrapfs57l,100000000000,
83a5484955c248ac075aaf405114ab8902cdcd8de6e476e0135a7403fe78a29c,2023-09-15T07:58:53.166000,sent,kaspa:qqwvnkp47wsj6n4hkdlgj8dsauyx0xvefunnwvvsmpq2udd0ka8ckmpuqw3k5,99999900000,
4448c43142fc3a3fe6509d953b7e571d9b518d1f6b9a7a26d50ccb7afe5d3dc9,2023-09-15T07:57:19.822000,received,kaspa:qpua9qlz40dmmfz8z4hw4wp5zfd3sww2ka48y5u5kxv35lfcjf8kwrapfs57l,100000000000,
3271391df17acf328255ad8d521c3e1c084034bd77ff8083cc5047a8ba388780,2023-09-15T07:12:12.944000,sent,kaspa:qqwvnkp47wsj6n4hkdlgj8dsauyx0xvefunnwvvsmpq2udd0ka8ckmpuqw3k5,549999900000,
2fb118b81f651a4bcf8193e8b3f39d388776deb32233d7ca7b745c4c4f58f8e8,2023-09-15T07:10:36.154000,received,kaspa:qpua9qlz40dmmfz8z4hw4wp5zfd3sww2ka48y5u5kxv35lfcjf8kwrapfs57l,550000000000,
59a215202ca5a22dfa1ecb5d0d0b9665f7b3d7f3665b1501ae29fca54479515a,2023-09-12T09:00:40.817000,sent,kaspa:qqwvnkp47wsj6n4hkdlgj8dsauyx0xvefunnwvvsmpq2udd0ka8ckmpuqw3k5,299999900000,
28deb93f4d46701fd4baad87ff1ee60ffa76bf1bd5fdbc5a8781a807e71bb2a6,2023-09-12T08:58:56.458000,received,kaspa:qpua9qlz40dmmfz8z4hw4wp5zfd3sww2ka48y5u5kxv35lfcjf8kwrapfs57l,300000000000,
a4084671926c79a40dd23d1c3616ed950a0778add86292b3d060fd2399472e3b,2023-09-11T00:41:54.299000,sent,kaspa:qqwvnkp47wsj6n4hkdlgj8dsauyx0xvefunnwvvsmpq2udd0ka8ckmpuqw3k5,29999900000,
05124b328e0312fdbb0cbeaaccaf61f5126f3a3dc3435254323814ca112d6c69,2023-09-11T00:40:00.784000,received,kaspa:qpua9qlz40dmmfz8z4hw4wp5zfd3sww2ka48y5u5kxv35lfcjf8kwrapfs57l,30000000000,
148e04cc6ccac012f5ad609139695974aa8268d3d97c0ed260257675864b3846,2023-09-09T02:57:44.192000,sent,kaspa:qqwvnkp47wsj6n4hkdlgj8dsauyx0xvefunnwvvsmpq2udd0ka8ckmpuqw3k5,29999900000,
9374eb2e925e8484866c2b9572490d6fc2e136c0c5b4db6478e5e21dd2816e6d,2023-09-09T02:54:30.606000,received,kaspa:qpua9qlz40dmmfz8z4hw4wp5zfd3sww2ka48y5u5kxv35lfcjf8kwrapfs57l,30000000000,
7afc64d845e7f072f2bac13427a8c943610dfd328e9a978b6754c8be14198b4d,2023-09-05T09:30:25.993000,sent,kaspa:qqwvnkp47wsj6n4hkdlgj8dsauyx0xvefunnwvvsmpq2udd0ka8ckmpuqw3k5,79999900000,
ef7964afb3101b0c519193f88c15fae7fd0b1031a4bd75931de398084c5d59d9,2023-09-05T09:27:55.495000,received,kaspa:qpua9qlz40dmmfz8z4hw4wp5zfd3sww2ka48y5u5kxv35lfcjf8kwrapfs57l,80000000000,
a282ea51eda4cf42452c08ca991585e2790a33cd1bdba297d999a64065cb91d6,2023-09-04T12:33:01.593000,sent,kaspa:qqwvnkp47wsj6n4hkdlgj8dsauyx0xvefunnwvvsmpq2udd0ka8ckmpuqw3k5,44999900000,
b4dac5059c9741b8c9361ab847e00c7c38e356169ba26d2da5e343812ee88cf7,2023-09-04T12:30:22.440000,received,kaspa:qpua9qlz40dmmfz8z4hw4wp5zfd3sww2ka48y5u5kxv35lfcjf8kwrapfs57l,45000000000,
b03d58281be3e3ee89271c97fa80abfe38ae95395c589a871d374b97018b63a3,2023-09-02T16:01:34.551000,sent,kaspa:qqwvnkp47wsj6n4hkdlgj8dsauyx0xvefunnwvvsmpq2udd0ka8ckmpuqw3k5,44999900000,
2bf68962ceacaff6545f4126743f9d7de0402d9a39105762d0240579ee941a35,2023-09-02T15:56:48.200000,received,kaspa:qpua9qlz40dmmfz8z4hw4wp5zfd3sww2ka48y5u5kxv35lfcjf8kwrapfs57l,45000000000,
b80879e5edf7863f6be890f5b46d78ca6c295c40c517898d66f3ac1dded60d03,2023-08-31T17:28:16.074000,sent,kaspa:qqwvnkp47wsj6n4hkdlgj8dsauyx0xvefunnwvvsmpq2udd0ka8ckmpuqw3k5,44999900000,
919ce81f7f2d864a391d6118d4fa88fba32bdb4550d060e071ae9e8d8dab919b,2023-08-31T17:25:38.146000,received,kaspa:qpua9qlz40dmmfz8z4hw4wp5zfd3sww2ka48y5u5kxv35lfcjf8kwrapfs57l,45000000000,
607b54ce64963e0d237b6cd438b1004093be3efc46c9f326a96e81ca7471e4a3,2023-08-29T04:42:35.768000,sent,kaspa:qqwvnkp47wsj6n4hkdlgj8dsauyx0xvefunnwvvsmpq2udd0ka8ckmpuqw3k5,44999900000,
994a75a47c7e499c9d8a68293f394dcc9fa56c910138d1101d0812bc5db43646,2023-08-29T04:40:25.290000,received,kaspa:qpua9qlz40dmmfz8z4hw4wp5zfd3sww2ka48y5u5kxv35lfcjf8kwrapfs57l,45000000000,
c1fdcff152ce83e5637bd8abc93a95480147a0eee34e50ba7fb65c8585fa6ced,2023-08-29T04:26:07.180000,sent,kaspa:qqwvnkp47wsj6n4hkdlgj8dsauyx0xvefunnwvvsmpq2udd0ka8ckmpuqw3k5,44999900000,
1edeb0ea01e0ea0c61b0e374325eb34da1d72c131a08cf7d79ad6a48159c8faf,2023-08-29T04:23:41.846000,received,kaspa:qpua9qlz40dmmfz8z4hw4wp5zfd3sww2ka48y5u5kxv35lfcjf8kwrapfs57l,45000000000,
0b57dcdc145ee0c29c602173f9246c4b5e1ed9e4ee4e8a2c9a94e34045540376,2023-08-28T05:47:38.563000,sent,kaspa:qqwvnkp47wsj6n4hkdlgj8dsauyx0xvefunnwvvsmpq2udd0ka8ckmpuqw3k5,44999900000,
349cc81fb91a38c4d17e142aa26de83442858050a8e71b30eea6ca573d102dc9,2023-08-28T05:43:48.772000,received,kaspa:qpua9qlz40dmmfz8z4hw4wp5zfd3sww2ka48y5u5kxv35lfcjf8kwrapfs57l,45000000000,
96318ace83e9ae9507f6e0ada55c4070ab32ed1b3871627f9468821890009c78,2023-08-24T10:56:42.467000,sent,kaspa:qqwvnkp47wsj6n4hkdlgj8dsauyx0xvefunnwvvsmpq2udd0ka8ckmpuqw3k5,42999900000,
ca7b4549534cf6972b512c3d23d079ede7395336ba2e9701861ab4d0d339682c,2023-08-24T10:55:03.251000,received,kaspa:qpua9qlz40dmmfz8z4hw4wp5zfd3sww2ka48y5u5kxv35lfcjf8kwrapfs57l,43000000000,
644c3dfccfa5ae51d35ec7d3f1f50508ef49b8ea2308a782dd7c000b6e9db6de,2023-08-23T11:34:18.548000,sent,kaspa:qqwvnkp47wsj6n4hkdlgj8dsauyx0xvefunnwvvsmpq2udd0ka8ckmpuqw3k5,44999900000,
4fb60f75fa2e6dcc5a1e1db22bf1f9d1b5e13af5d431d84b351a2bb206c91625,2023-08-23T11:32:40.144000,received,kaspa:qpua9qlz40dmmfz8z4hw4wp5zfd3sww2ka48y5u5kxv35lfcjf8kwrapfs57l,45000000000,
365569dfd73cf299cb867e6e9c0f18ae6e62b7addb6c88f8fc28689edde752f8,2023-08-22T15:57:08.628000,sent,kaspa:qqwvnkp47wsj6n4hkdlgj8dsauyx0xvefunnwvvsmpq2udd0ka8ckmpuqw3k5,39999900000,
272faba58c0c9b46d9aee637c3f20a82ff1bdd64301bae053bb7d79779e9707d,2023-08-22T15:54:38.141000,received,kaspa:qpua9qlz40dmmfz8z4hw4wp5zfd3sww2ka48y5u5kxv35lfcjf8kwrapfs57l,40000000000,
1b1b49d9a704eb9232302b7412c70367c901567b4622fd65a289a68f38e8a71f,2023-08-20T08:10:46.676000,sent,kaspa:qqwvnkp47wsj6n4hkdlgj8dsauyx0xvefunnwvvsmpq2udd0ka8ckmpuqw3k5,39999900000,
7b7a253c68c17a6dca4a45e038e53a9902634f4250933cbb869040411d10cd1a,2023-08-20T08:07:39.129000,received,kaspa:qpua9qlz40dmmfz8z4hw4wp5zfd3sww2ka48y5u5kxv35lfcjf8kwrapfs57l,40000000000,
22ca850e3f642030ceaa9e7baa203462fe6f03a60e0f7a49a3b6b9a3c63223c0,2023-08-18T05:38:27.041000,sent,kaspa:qqwvnkp47wsj6n4hkdlgj8dsauyx0xvefunnwvvsmpq2udd0ka8ckmpuqw3k5,44999900000,
21bc7b2eef93324478a9fd4dfac672b5c2cb5d6d21ff37305f99e418304c82bd,2023-08-18T05:35:58.906000,received,kaspa:qpua9qlz40dmmfz8z4hw4wp5zfd3sww2ka48y5u5kxv35lfcjf8kwrapfs57l,45000000000,
d71a1e68201044f8f44ca13b128c1bb78f4b34e90a0a7c12c6e9fdf46d21139e,2023-08-15T13:00:24.461000,sent,kaspa:qqwvnkp47wsj6n4hkdlgj8dsauyx0xvefunnwvvsmpq2udd0ka8ckmpuqw3k5,699999900000,
fb1eabd8a5aea37f255c8bff68a6329cd1387a3cc1ca12d4014ae252d6aa08bd,2023-08-15T12:57:24.648000,received,kaspa:qpua9qlz40dmmfz8z4hw4wp5zfd3sww2ka48y5u5kxv35lfcjf8kwrapfs57l,700000000000,
93c35a2653f650fb38cf23109ca9b0cfdfa1ca554510a4bf3b1cfb8758aa5fb5,2023-08-02T17:55:57.355000,sent,kaspa:qpua9qlz40dmmfz8z4hw4wp5zfd3sww2ka48y5u5kxv35lfcjf8kwrapfs57l,22914899400000,
b36d89dc950e4534b770eba25c6b43c6a66bc3c7e0d7f4726aae7b2511e509b5,2023-08-02T17:45:10.866000,sent,kaspa:qqwvnkp47wsj6n4hkdlgj8dsauyx0xvefunnwvvsmpq2udd0ka8ckmpuqw3k5,20000000000,
bb2daaedf39c6e325adb79c911d4eb6d7647b950dfd79b80d182e8b20a99b9ba,2023-08-02T17:40:35.518000,sent,kaspa:qqwvnkp47wsj6n4hkdlgj8dsauyx0xvefunnwvvsmpq2udd0ka8ckmpuqw3k5,5000000000,
2c1ad89a2d04cde6ac4992b091f188b8f6940af8cc5f707e5533c535d4dedf3e,2023-08-02T17:19:38.070000,sent,kaspa:qqwvnkp47wsj6n4hkdlgj8dsauyx0xvefunnwvvsmpq2udd0ka8ckmpuqw3k5,47500000000,
dad96acb4a9c376ffa6cdd5da98519ff5abc1286aeb2b598a001a6da4d7c0e99,2023-08-02T07:37:52.858000,sent,kaspa:qpua9qlz40dmmfz8z4hw4wp5zfd3sww2ka48y5u5kxv35lfcjf8kwrapfs57l,2600000000,
88632d421b5bed0b8be9f55e62b88fc1cae431fb467fc04da23aec3fe7ad5ef1,2023-07-31T08:49:01.279000,sent,kaspa:qpua9qlz40dmmfz8z4hw4wp5zfd3sww2ka48y5u5kxv35lfcjf8kwrapfs57l,10000000000,
b385e42a924f777452421252793d0d3d20b7bd560f50372a4ef797d18e1daeb0,2023-07-25T09:28:45.373000,received,kaspa:qpua9qlz40dmmfz8z4hw4wp5zfd3sww2ka48y5u5kxv35lfcjf8kwrapfs57l,23000000000000,
b385e42a924f777452421252793d0d3d20b7bd560f50372a4ef797d18e1daeb0,2023-07-25T09:28:45.373000,received,kaspa:qpua9qlz40dmmfz8z4hw4wp5zfd3sww2ka48y5u5kxv35lfcjf8kwrapfs57l,23000000000000,
b385e42a924f777452421252793d0d3d20b7bd560f50372a4ef797d18e1daeb0,2023-07-25T09:28:45.373000,received,kaspa:qpua9qlz40dmmfz8z4hw4wp5zfd3sww2ka48y5u5kxv35lfcjf8kwrapfs57l,23000000000000,
b385e42a924f777452421252793d0d3d20b7bd560f50372a4ef797d18e1daeb0,2023-07-25T09:28:45.373000,received,kaspa:qpua9qlz40dmmfz8z4hw4wp5zfd3sww2ka48y5u5kxv35lfcjf8kwrapfs57l,23000000000000,
b385e42a924f777452421252793d0d3d20b7bd560f50372a4ef797d18e1daeb0,2023-07-25T09:28:45.373000,received,kaspa:qpua9qlz40dmmfz8z4hw4wp5zfd3sww2ka48y5u5kxv35lfcjf8kwrapfs57l,23000000000000,
b385e42a924f777452421252793d0d3d20b7bd560f50372a4ef797d18e1daeb0,2023-07-25T09:28:45.373000,received,kaspa:qpua9qlz40dmmfz8z4hw4wp5zfd3sww2ka48y5u5kxv35lfcjf8kwrapfs57l,23000000000000,
b385e42a924f777452421252793d0d3d20b7bd560f50372a4ef797d18e1daeb0,2023-07-25T09:28:45.373000,received,kaspa:qpua9qlz40dmmfz8z4hw4wp5zfd3sww2ka48y5u5kxv35lfcjf8kwrapfs57l,23000000000000,
b385e42a924f777452421252793d0d3d20b7bd560f50372a4ef797d18e1daeb0,2023-07-25T09:28:45.373000,received,kaspa:qpua9qlz40dmmfz8z4hw4wp5zfd3sww2ka48y5u5kxv35lfcjf8kwrapfs57l,23000000000000,
b385e42a924f777452421252793d0d3d20b7bd560f50372a4ef797d18e1daeb0,2023-07-25T09:28:45.373000,received,kaspa:qpua9qlz40dmmfz8z4hw4wp5zfd3sww2ka48y5u5kxv35lfcjf8kwrapfs57l,23000000000000,
b385e42a924f777452421252793d0d3d20b7bd560f50372a4ef797d18e1daeb0,2023-07-25T09:28:45.373000,received,kaspa:qpua9qlz40dmmfz8z4hw4wp5zfd3sww2ka48y5u5kxv35lfcjf8kwrapfs57l,23000000000000,
b385e42a924f777452421252793d0d3d20b7bd560f50372a4ef797d18e1daeb0,2023-07-25T09:28:45.373000,received,kaspa:qpua9qlz40dmmfz8z4hw4wp5zfd3sww2ka48y5u5kxv35lfcjf8kwrapfs57l,23000000000000,
b385e42a924f777452421252793d0d3d20b7bd560f50372a4ef797d18e1daeb0,2023-07-25T09:28:45.373000,received,kaspa:qpua9qlz40dmmfz8z4hw4wp5zfd3sww2ka48y5u5kxv35lfcjf8kwrapfs57l,23000000000000,
b385e42a924f777452421252793d0d3d20b7bd560f50372a4ef797d18e1daeb0,2023-07-25T09:28:45.373000,received,kaspa:qpua9qlz40dmmfz8z4hw4wp5zfd3sww2ka48y5u5kxv35lfcjf8kwrapfs57l,23000000000000,
b385e42a924f777452421252793d0d3d20b7bd560f50372a4ef797d18e1daeb0,2023-07-25T09:28:45.373000,received,kaspa:qpua9qlz40dmmfz8z4hw4wp5zfd3sww2ka48y5u5kxv35lfcjf8kwrapfs57l,23000000000000,
b385e42a924f777452421252793d0d3d20b7bd560f50372a4ef797d18e1daeb0,2023-07-25T09:28:45.373000,received,kaspa:qpua9qlz40dmmfz8z4hw4wp5zfd3sww2ka48y5u5kxv35lfcjf8kwrapfs57l,23000000000000,
b385e42a924f777452421252793d0d3d20b7bd560f50372a4ef797d18e1daeb0,2023-07-25T09:28:45.373000,received,kaspa:qpua9qlz40dmmfz8z4hw4wp5zfd3sww2ka48y5u5kxv35lfcjf8kwrapfs57l,23000000000000,
b385e42a924f777452421252793d0d3d20b7bd560f50372a4ef797d18e1daeb0,2023-07-25T09:28:45.373000,received,kaspa:qpua9qlz40dmmfz8z4hw4wp5zfd3sww2ka48y5u5kxv35lfcjf8kwrapfs57l,23000000000000,
474ea1c6ec1f8438188f35eefbd2cf945f603a15eeba711bb9e46aef763f6bb9,2023-07-25T04:53:50.007000,sent,kaspa:qqwvnkp47wsj6n4hkdlgj8dsauyx0xvefunnwvvsmpq2udd0ka8ckmpuqw3k5,49999900000,
2d290253cf637d0354338c9c112723cca472db26b0f77e23863b4b938687fdd1,2023-07-25T04:52:46.365000,received,kaspa:qpua9qlz40dmmfz8z4hw4wp5zfd3sww2ka48y5u5kxv35lfcjf8kwrapfs57l,50000000000,
8b5a5dba554011327335fd7f8c069bc5fd3e9fd3e8dd25a6802fa80156885545,2023-07-12T18:51:06.433000,sent,kaspa:qpua9qlz40dmmfz8z4hw4wp5zfd3sww2ka48y5u5kxv35lfcjf8kwrapfs57l,255925900000,
4f088e4c5ed5ad40d06b5ed8eb2e56daf799023d1ffdf25c883623fb93236a9f,2023-07-12T08:52:03.991000,received,kaspa:qqetp7ct8kqss99fxmymyz5t3fezppxp0t58wl6pawp27elqd46uudme00cl0,255926000000,
d5a6a893b98e8d18dd4dd4dcb924f5cbd8c2c7992471edbdd6d7e238fe89b8df,2023-07-12T04:53:34.607000,sent,kaspa:qqwvnkp47wsj6n4hkdlgj8dsauyx0xvefunnwvvsmpq2udd0ka8ckmpuqw3k5,70884600000,
d5a6a893b98e8d18dd4dd4dcb924f5cbd8c2c7992471edbdd6d7e238fe89b8df,2023-07-12T04:53:34.607000,sent,kaspa:qqwvnkp47wsj6n4hkdlgj8dsauyx0xvefunnwvvsmpq2udd0ka8ckmpuqw3k5,70884600000,
05251c8ce349d15044cf3d2e32ff944b0660b46bcbc0da63be8d719ac0553652,2023-07-12T04:43:25.583000,received,kaspa:qpua9qlz40dmmfz8z4hw4wp5zfd3sww2ka48y5u5kxv35lfcjf8kwrapfs57l,59900000000,
b3e452701d62348e5b3259d909888e5812da3ec8dc35389c5ba524773bfb4ab1,2023-07-12T03:04:29.301000,sent,kaspa:qpua9qlz40dmmfz8z4hw4wp5zfd3sww2ka48y5u5kxv35lfcjf8kwrapfs57l,20000000000,
2ccd9c43e4e856604b7559c340599920887d45a7292e25f44344a30222c1fc51,2023-07-12T02:56:20.161000,sent,kaspa:qpua9qlz40dmmfz8z4hw4wp5zfd3sww2ka48y5u5kxv35lfcjf8kwrapfs57l,20000000000,
8fcb7709a039809194c77ddeabc326c257e47c450dac4330f52679eeeeedf862,2023-07-11T19:06:11.080000,sent,kaspa:qpua9qlz40dmmfz8z4hw4wp5zfd3sww2ka48y5u5kxv35lfcjf8kwrapfs57l,20000000000,
8fcb7709a039809194c77ddeabc326c257e47c450dac4330f52679eeeeedf862,2023-07-11T19:06:11.080000,sent,kaspa:qpua9qlz40dmmfz8z4hw4wp5zfd3sww2ka48y5u5kxv35lfcjf8kwrapfs57l,20000000000,
8d08c1309dc542b07c62d92ae86ae3f1d9dd2d526629be976399720d0ca7f6f7,2023-07-11T15:33:07.607000,received,kaspa:qqetp7ct8kqss99fxmymyz5t3fezppxp0t58wl6pawp27elqd46uudme00cl0,53085000000,
a0ee3a19d30d39ccc45b19614969c8556814dab0abc83b6f1e3c8f04bf831e77,2023-07-11T13:58:17.149000,received,kaspa:qpua9qlz40dmmfz8z4hw4wp5zfd3sww2ka48y5u5kxv35lfcjf8kwrapfs57l,17900000000,
a0ee3a19d30d39ccc45b19614969c8556814dab0abc83b6f1e3c8f04bf831e77,2023-07-11T13:58:17.149000,received,kaspa:qpua9qlz40dmmfz8z4hw4wp5zfd3sww2ka48y5u5kxv35lfcjf8kwrapfs57l,17900000000,
f822474828ab9c6ae9829db2a0d6ddb6ba2ea115f0cda5cba60974d8bcec525e,2023-07-11T13:52:54.750000,sent,kaspa:qpua9qlz40dmmfz8z4hw4wp5zfd3sww2ka48y5u5kxv35lfcjf8kwrapfs57l,17799900000,
a410c4126c4d82d8e5279d9f78b55bea2d6f88b8fa18249e5a68fefe47c69682,2023-07-11T13:32:04.383000,received,kaspa:qpua9qlz40dmmfz8z4hw4wp5zfd3sww2ka48y5u5kxv35lfcjf8kwrapfs57l,17800000000,
