tx_id,timestamp,direction,peer_address,amount_sompi,cex_label
b8a0e7dbd9a6389bc96a044eec4bd491b7d6854012cacfc5a2ab204cb77dd240,2023-12-16T03:12:36.786000,sent,kaspa:qzslgwenzu78t6tldlng383g7ruu4enaljmnkgaulyrscjp7ldt26x8gfxck5,171940000,
b8a0e7dbd9a6389bc96a044eec4bd491b7d6854012cacfc5a2ab204cb77dd240,2023-12-16T03:12:36.786000,sent,kaspa:qzslgwenzu78t6tldlng383g7ruu4enaljmnkgaulyrscjp7ldt26x8gfxck5,171940000,
fbb0ecd27d722509697e32dd35584272d3994831412eb6cd6360514cc27ed189,2023-12-11T23:16:49.287000,received,kaspa:qypswxtcrv4ssyjaswy5w9387vq73mkuyq85tl34cee6qn5uexqy0csgnafnjx7,171000000,
90003d76ba243447cf38c285964280b362ae9e5bfa4dde23aa02596031f74be6,2023-11-27T13:24:18.179000,sent,kaspa:qypxdma0kea5rdnt8pgkjc8h7hy7ctz93annzeuw575xpvndrz6vf0s6q6l7xs2,18000000,
acadf70feefb4d952472aef793a62978eae9cc3401eead6623128257709ee37a,2023-11-27T01:03:15.191000,received,kaspa:qpe7n3hm27lszp3hh5974245t8a0mvahp6q820e44vs29sl0xljpg8f42mmlf,19000000,
