tx_id,timestamp,direction,peer_address,amount_sompi,cex_label
1c236507de7995906accafb4766b7d6ba74893a6418ae041a6d8097b8c72ad2a,2024-04-20T00:31:31.515000,sent,kaspa:qpdcmezr0z6s93s5345thuapxfjq9wkenlmc02a44epr24d4l6urg692rux8d,4969500000000,
5caa85ffab06aa833eda2fbfd9c1c161d503eb48de5381df6673f9144aa79cc0,2024-04-20T00:20:49.084000,received,kaspa:qq9zagcza4jt76eev9jl5z0nqhe0thcu7js8larktj4sle7lvgnw7sfcewlty,4969551894197,
5caa85ffab06aa833eda2fbfd9c1c161d503eb48de5381df6673f9144aa79cc0,2024-04-20T00:20:49.084000,received,kaspa:qq9zagcza4jt76eev9jl5z0nqhe0thcu7js8larktj4sle7lvgnw7sfcewlty,4969551894197,
5caa85ffab06aa833eda2fbfd9c1c161d503eb48de5381df6673f9144aa79cc0,2024-04-20T00:20:49.084000,received,kaspa:qq9zagcza4jt76eev9jl5z0nqhe0thcu7js8larktj4sle7lvgnw7sfcewlty,4969551894197,
5caa85ffab06aa833eda2fbfd9c1c161d503eb48de5381df6673f9144aa79cc0,2024-04-20T00:20:49.084000,received,kaspa:qq9zagcza4jt76eev9jl5z0nqhe0thcu7js8larktj4sle7lvgnw7sfcewlty,4969551894197,
