tx_id,timestamp,direction,peer_address,amount_sompi,cex_label
a514af2c1fe86452e63f0f7e2a65a6e804a569af8b6cfc4b4b4270266bff1de4,2023-12-16T04:17:25.959000,sent,kaspa:qzslgwenzu78t6tldlng383g7ruu4enaljmnkgaulyrscjp7ldt26x8gfxck5,171940000,
a514af2c1fe86452e63f0f7e2a65a6e804a569af8b6cfc4b4b4270266bff1de4,2023-12-16T04:17:25.959000,sent,kaspa:qzslgwenzu78t6tldlng383g7ruu4enaljmnkgaulyrscjp7ldt26x8gfxck5,171940000,
ce9dcce1d22a02af424911915e81627328644bb3f37f923b2e23f37b1d7fa2d0,2023-12-12T12:14:15.875000,received,kaspa:qypswxtcrv4ssyjaswy5w9387vq73mkuyq85tl34cee6qn5uexqy0csgnafnjx7,171000000,
d6bac2310a195f67cb93f838818fc7b79fb97a0725eb7c1a9c1b35d389d9fbf3,2023-11-28T16:44:18.067000,sent,kaspa:qyprkmvk0y8usdnr52qgyyqd90vwq20c42mgzpydmqfwh3enwq60tksc8llwmrc,18000000,
2be127d8782847de4144bf878b4a330e097af7bcc4e41bd37b8edf7d145e2f24,2023-11-28T07:04:48.908000,received,kaspa:qznsqyf0c6lpntrap2url6fu7vjep5qcq6q47lg25zhv5d3dpkv5wjejk2su4,19000000,
