tx_id,timestamp,direction,peer_address,amount_sompi,cex_label
a2d321b4b72952508c6a4829fdb6c43e1d998368ec0a9dccad3b57e6834dfde7,2025-03-21T02:53:41.604000,sent,kaspa:qypkz2af89zudntu9krmumy7dwywnvka98fwfyy08vtdczdtyn82h2cycprdm36,1800000000000,
1e98c2dda30ef9a5d52b6474ef39ef8971182b56af10c8a0fa447a71c9c33b9c,2024-12-15T19:15:31.584000,sent,kaspa:qypkz2af89zudntu9krmumy7dwywnvka98fwfyy08vtdczdtyn82h2cycprdm36,1500000000000,
13c19f4913a673385945cea6a9e56a2f6ccd710913387612dc0d18d8f4e5d651,2024-12-15T19:13:52.844000,sent,kaspa:qypkz2af89zudntu9krmumy7dwywnvka98fwfyy08vtdczdtyn82h2cycprdm36,1000000000000,
1785cd3a43428d881dd3528e90406a3a71398b05cbdf966deafa207c97be9c4c,2024-12-15T19:12:13.341000,sent,kaspa:qypkz2af89zudntu9krmumy7dwywnvka98fwfyy08vtdczdtyn82h2cycprdm36,10000000000,
1785cd3a43428d881dd3528e90406a3a71398b05cbdf966deafa207c97be9c4c,2024-12-15T19:12:13.341000,sent,kaspa:qypkz2af89zudntu9krmumy7dwywnvka98fwfyy08vtdczdtyn82h2cycprdm36,10000000000,
1785cd3a43428d881dd3528e90406a3a71398b05cbdf966deafa207c97be9c4c,2024-12-15T19:12:13.341000,sent,kaspa:qypkz2af89zudntu9krmumy7dwywnvka98fwfyy08vtdczdtyn82h2cycprdm36,10000000000,
dd383033df1dcdd55723fdd4d0039210c6ccebdfe51a9f53933d90fef92d063b,2024-10-04T21:48:53.685000,received,kaspa:qpgmt2dn8wcqf0436n0kueap7yx82n7raurlj6aqjc3t3wm9y5ssqtg9e4lsm,1001568216992,
1dcfcf3d4a616e98075b955a0d3a4d576cfaf50eedbadda2dbaa983496549100,2024-10-04T09:30:00.798000,received,kaspa:qpgmt2dn8wcqf0436n0kueap7yx82n7raurlj6aqjc3t3wm9y5ssqtg9e4lsm,634189128806,
1dcfcf3d4a616e98075b955a0d3a4d576cfaf50eedbadda2dbaa983496549100,2024-10-04T09:30:00.798000,received,kaspa:qpgmt2dn8wcqf0436n0kueap7yx82n7raurlj6aqjc3t3wm9y5ssqtg9e4lsm,634189128806,
5cbfd63a4ec50c3f4cfebbd959f22d4f16756139160665ac31b8da56b0ded205,2024-10-02T14:41:28.920000,sent,kaspa:qpgmt2dn8wcqf0436n0kueap7yx82n7raurlj6aqjc3t3wm9y5ssqtg9e4lsm,1800000000000,
5cbfd63a4ec50c3f4cfebbd959f22d4f16756139160665ac31b8da56b0ded205,2024-10-02T14:41:28.920000,sent,kaspa:qpgmt2dn8wcqf0436n0kueap7yx82n7raurlj6aqjc3t3wm9y5ssqtg9e4lsm,1800000000000,
3ff6bbbf84b77de3a502138bd9e19a4b39b2024b82f1d23f818c57b7a62a6a6b,2024-09-21T15:58:53.142000,received,kaspa:qpgmt2dn8wcqf0436n0kueap7yx82n7raurlj6aqjc3t3wm9y5ssqtg9e4lsm,1995823849317,
3ff6bbbf84b77de3a502138bd9e19a4b39b2024b82f1d23f818c57b7a62a6a6b,2024-09-21T15:58:53.142000,received,kaspa:qpgmt2dn8wcqf0436n0kueap7yx82n7raurlj6aqjc3t3wm9y5ssqtg9e4lsm,1995823849317,
0eebf93eb6891cdc50c1a8ca8cebd241667b8ae8f760db215d3e8d597b44d183,2024-09-20T18:28:44.897000,sent,kaspa:qypeu6dy8lt86u4gm75jjrh0t46zgsu0zp765r4zx4j0wapmz79d87q5uwlxzl3,1500000000000,
0eebf93eb6891cdc50c1a8ca8cebd241667b8ae8f760db215d3e8d597b44d183,2024-09-20T18:28:44.897000,sent,kaspa:qypeu6dy8lt86u4gm75jjrh0t46zgsu0zp765r4zx4j0wapmz79d87q5uwlxzl3,1500000000000,
291aaa714dd3db8795eec0772f56e48eaa666cabfe68417a55d62d103c98c862,2024-09-20T18:27:52.421000,received,kaspa:qpgmt2dn8wcqf0436n0kueap7yx82n7raurlj6aqjc3t3wm9y5ssqtg9e4lsm,2095621451513,
291aaa714dd3db8795eec0772f56e48eaa666cabfe68417a55d62d103c98c862,2024-09-20T18:27:52.421000,received,kaspa:qpgmt2dn8wcqf0436n0kueap7yx82n7raurlj6aqjc3t3wm9y5ssqtg9e4lsm,2095621451513,
291aaa714dd3db8795eec0772f56e48eaa666cabfe68417a55d62d103c98c862,2024-09-20T18:27:52.421000,received,kaspa:qpgmt2dn8wcqf0436n0kueap7yx82n7raurlj6aqjc3t3wm9y5ssqtg9e4lsm,2095621451513,
291aaa714dd3db8795eec0772f56e48eaa666cabfe68417a55d62d103c98c862,2024-09-20T18:27:52.421000,received,kaspa:qpgmt2dn8wcqf0436n0kueap7yx82n7raurlj6aqjc3t3wm9y5ssqtg9e4lsm,2095621451513,
291aaa714dd3db8795eec0772f56e48eaa666cabfe68417a55d62d103c98c862,2024-09-20T18:27:52.421000,received,kaspa:qpgmt2dn8wcqf0436n0kueap7yx82n7raurlj6aqjc3t3wm9y5ssqtg9e4lsm,2095621451513,
291aaa714dd3db8795eec0772f56e48eaa666cabfe68417a55d62d103c98c862,2024-09-20T18:27:52.421000,received,kaspa:qpgmt2dn8wcqf0436n0kueap7yx82n7raurlj6aqjc3t3wm9y5ssqtg9e4lsm,2095621451513,
291aaa714dd3db8795eec0772f56e48eaa666cabfe68417a55d62d103c98c862,2024-09-20T18:27:52.421000,received,kaspa:qpgmt2dn8wcqf0436n0kueap7yx82n7raurlj6aqjc3t3wm9y5ssqtg9e4lsm,2095621451513,
291aaa714dd3db8795eec0772f56e48eaa666cabfe68417a55d62d103c98c862,2024-09-20T18:27:52.421000,received,kaspa:qpgmt2dn8wcqf0436n0kueap7yx82n7raurlj6aqjc3t3wm9y5ssqtg9e4lsm,2095621451513,
291aaa714dd3db8795eec0772f56e48eaa666cabfe68417a55d62d103c98c862,2024-09-20T18:27:52.421000,received,kaspa:qpgmt2dn8wcqf0436n0kueap7yx82n7raurlj6aqjc3t3wm9y5ssqtg9e4lsm,2095621451513,
291aaa714dd3db8795eec0772f56e48eaa666cabfe68417a55d62d103c98c862,2024-09-20T18:27:52.421000,received,kaspa:qpgmt2dn8wcqf0436n0kueap7yx82n7raurlj6aqjc3t3wm9y5ssqtg9e4lsm,2095621451513,
291aaa714dd3db8795eec0772f56e48eaa666cabfe68417a55d62d103c98c862,2024-09-20T18:27:52.421000,received,kaspa:qpgmt2dn8wcqf0436n0kueap7yx82n7raurlj6aqjc3t3wm9y5ssqtg9e4lsm,2095621451513,
e127f20ff62db86ad8609293f8ce74f583b5f095af1fddbf40a4fb9d68c38991,2024-07-10T04:12:31.562000,sent,kaspa:qypeu6dy8lt86u4gm75jjrh0t46zgsu0zp765r4zx4j0wapmz79d87q5uwlxzl3,1000000000000,
7ad845098a53b10b06ff04212741f73396a8fc008cce016cf700e6576b997669,2024-07-10T04:04:30.927000,sent,kaspa:qypeu6dy8lt86u4gm75jjrh0t46zgsu0zp765r4zx4j0wapmz79d87q5uwlxzl3,20000000000,
7ad845098a53b10b06ff04212741f73396a8fc008cce016cf700e6576b997669,2024-07-10T04:04:30.927000,sent,kaspa:qypeu6dy8lt86u4gm75jjrh0t46zgsu0zp765r4zx4j0wapmz79d87q5uwlxzl3,20000000000,
ae0ef4e63051eb2fda94368c1e5f7b8f2f5850010e87c588a2aa949e9274a936,2024-03-18T01:11:25.190000,received,kaspa:qq9zagcza4jt76eev9jl5z0nqhe0thcu7js8larktj4sle7lvgnw7sfcewlty,1538654431199,
117b3731bb51bbbcb6354abfe0cf806bb2e26d19dfc8f7bc56d85ceedab1a82b,2024-03-07T13:16:12.325000,sent,kaspa:qq9zagcza4jt76eev9jl5z0nqhe0thcu7js8larktj4sle7lvgnw7sfcewlty,1000000000000,
117b3731bb51bbbcb6354abfe0cf806bb2e26d19dfc8f7bc56d85ceedab1a82b,2024-03-07T13:16:12.325000,sent,kaspa:qq9zagcza4jt76eev9jl5z0nqhe0thcu7js8larktj4sle7lvgnw7sfcewlty,1000000000000,
93d8df4a29b60190ba1a3f52b427f7fcba953942c9085423def7228d87160fbc,2024-02-19T22:13:46.383000,received,kaspa:qq9zagcza4jt76eev9jl5z0nqhe0thcu7js8larktj4sle7lvgnw7sfcewlty,195003720881,
93d8df4a29b60190ba1a3f52b427f7fcba953942c9085423def7228d87160fbc,2024-02-19T22:13:46.383000,received,kaspa:qq9zagcza4jt76eev9jl5z0nqhe0thcu7js8larktj4sle7lvgnw7sfcewlty,195003720881,
93d8df4a29b60190ba1a3f52b427f7fcba953942c9085423def7228d87160fbc,2024-02-19T22:13:46.383000,received,kaspa:qq9zagcza4jt76eev9jl5z0nqhe0thcu7js8larktj4sle7lvgnw7sfcewlty,195003720881,
93d8df4a29b60190ba1a3f52b427f7fcba953942c9085423def7228d87160fbc,2024-02-19T22:13:46.383000,received,kaspa:qq9zagcza4jt76eev9jl5z0nqhe0thcu7js8larktj4sle7lvgnw7sfcewlty,195003720881,
1367b57de7c1d972a30ac17ae2823b1779bd4f44391f7095753bb1695ba9f96e,2024-02-18T22:57:30.254000,sent,kaspa:qypeu6dy8lt86u4gm75jjrh0t46zgsu0zp765r4zx4j0wapmz79d87q5uwlxzl3,1400000000000,
971547b0781a7752a609f739eb17e68c25e55bacaad0846a65557088f2efa237,2024-02-18T22:56:20.601000,sent,kaspa:qypeu6dy8lt86u4gm75jjrh0t46zgsu0zp765r4zx4j0wapmz79d87q5uwlxzl3,2500000000000,
33aeadd62c55e7a06fb45910485c5d413f5042e25018ec85a5edb546e7e75805,2024-02-18T22:55:30.845000,sent,kaspa:qypeu6dy8lt86u4gm75jjrh0t46zgsu0zp765r4zx4j0wapmz79d87q5uwlxzl3,1000000000000,
8939165da5b06bacb62b0a2f81ffbd599007070f13babe3c71fc297ad5500425,2024-02-18T22:54:13.886000,sent,kaspa:qypeu6dy8lt86u4gm75jjrh0t46zgsu0zp765r4zx4j0wapmz79d87q5uwlxzl3,20000000000,
8939165da5b06bacb62b0a2f81ffbd599007070f13babe3c71fc297ad5500425,2024-02-18T22:54:13.886000,sent,kaspa:qypeu6dy8lt86u4gm75jjrh0t46zgsu0zp765r4zx4j0wapmz79d87q5uwlxzl3,20000000000,
8939165da5b06bacb62b0a2f81ffbd599007070f13babe3c71fc297ad5500425,2024-02-18T22:54:13.886000,sent,kaspa:qypeu6dy8lt86u4gm75jjrh0t46zgsu0zp765r4zx4j0wapmz79d87q5uwlxzl3,20000000000,
3837b952c50e0fd02a433647f365cc2229aecd6039471e077f0f6588c2473f3f,2024-02-18T22:51:14.085000,received,kaspa:qq9zagcza4jt76eev9jl5z0nqhe0thcu7js8larktj4sle7lvgnw7sfcewlty,1700731742052,
3837b952c50e0fd02a433647f365cc2229aecd6039471e077f0f6588c2473f3f,2024-02-18T22:51:14.085000,received,kaspa:qq9zagcza4jt76eev9jl5z0nqhe0thcu7js8larktj4sle7lvgnw7sfcewlty,1700731742052,
3837b952c50e0fd02a433647f365cc2229aecd6039471e077f0f6588c2473f3f,2024-02-18T22:51:14.085000,received,kaspa:qq9zagcza4jt76eev9jl5z0nqhe0thcu7js8larktj4sle7lvgnw7sfcewlty,1700731742052,
3837b952c50e0fd02a433647f365cc2229aecd6039471e077f0f6588c2473f3f,2024-02-18T22:51:14.085000,received,kaspa:qq9zagcza4jt76eev9jl5z0nqhe0thcu7js8larktj4sle7lvgnw7sfcewlty,1700731742052,
3837b952c50e0fd02a433647f365cc2229aecd6039471e077f0f6588c2473f3f,2024-02-18T22:51:14.085000,received,kaspa:qq9zagcza4jt76eev9jl5z0nqhe0thcu7js8larktj4sle7lvgnw7sfcewlty,1700731742052,
3837b952c50e0fd02a433647f365cc2229aecd6039471e077f0f6588c2473f3f,2024-02-18T22:51:14.085000,received,kaspa:qq9zagcza4jt76eev9jl5z0nqhe0thcu7js8larktj4sle7lvgnw7sfcewlty,1700731742052,
3837b952c50e0fd02a433647f365cc2229aecd6039471e077f0f6588c2473f3f,2024-02-18T22:51:14.085000,received,kaspa:qq9zagcza4jt76eev9jl5z0nqhe0thcu7js8larktj4sle7lvgnw7sfcewlty,1700731742052,
27420947bce025b530218be9a640fef72bb849b923df1358e5353d1eaed6a792,2024-02-10T18:44:55.561000,received,kaspa:qq9zagcza4jt76eev9jl5z0nqhe0thcu7js8larktj4sle7lvgnw7sfcewlty,63508489907,
bc9b050286fee9c47fb445cdc6b131f416e0973dae5dcf7ccc2447e876a6e2f7,2023-12-30T16:04:26.436000,sent,kaspa:qypeu6dy8lt86u4gm75jjrh0t46zgsu0zp765r4zx4j0wapmz79d87q5uwlxzl3,5000000000000,
16e9e88bd1bc046f55979f7a78831d29b24ad9e194770b5d3384bb37fefbebcf,2023-12-30T15:59:52.800000,sent,kaspa:qypeu6dy8lt86u4gm75jjrh0t46zgsu0zp765r4zx4j0wapmz79d87q5uwlxzl3,20000000000,
8279efd884bbf2ff49813d35a64d7d0b622d6fb913784e3b939e1b5f23912fb2,2023-11-15T23:10:22.222000,sent,kaspa:qrc73q9ecmcg724kavusduhu8jlnaagz9lte2qy4d5eepqcxpkru66ldl5a6k,50000000000,
8279efd884bbf2ff49813d35a64d7d0b622d6fb913784e3b939e1b5f23912fb2,2023-11-15T23:10:22.222000,sent,kaspa:qrc73q9ecmcg724kavusduhu8jlnaagz9lte2qy4d5eepqcxpkru66ldl5a6k,50000000000,
8279efd884bbf2ff49813d35a64d7d0b622d6fb913784e3b939e1b5f23912fb2,2023-11-15T23:10:22.222000,sent,kaspa:qrc73q9ecmcg724kavusduhu8jlnaagz9lte2qy4d5eepqcxpkru66ldl5a6k,50000000000,
7593b7fd26ec31d0df9a39cc2c71775092412c42a53ff44ad8c3db4934625589,2023-09-19T20:00:03.980000,received,kaspa:qqetp7ct8kqss99fxmymyz5t3fezppxp0t58wl6pawp27elqd46uudme00cl0,2080390000000,
642f58dd8b50b6b5d4f59e95653fd40f58342195331c056815614bb472e8e525,2023-09-12T16:02:04.355000,received,kaspa:qqetp7ct8kqss99fxmymyz5t3fezppxp0t58wl6pawp27elqd46uudme00cl0,835604000000,
affa2768d870a994dfcb1e1510f3126fb379971e112f96292d5c76eddd82247f,2023-08-31T00:56:56.887000,sent,kaspa:qqwvnkp47wsj6n4hkdlgj8dsauyx0xvefunnwvvsmpq2udd0ka8ckmpuqw3k5,7500000000000,
affa2768d870a994dfcb1e1510f3126fb379971e112f96292d5c76eddd82247f,2023-08-31T00:56:56.887000,sent,kaspa:qqwvnkp47wsj6n4hkdlgj8dsauyx0xvefunnwvvsmpq2udd0ka8ckmpuqw3k5,7500000000000,
affa2768d870a994dfcb1e1510f3126fb379971e112f96292d5c76eddd82247f,2023-08-31T00:56:56.887000,sent,kaspa:qqwvnkp47wsj6n4hkdlgj8dsauyx0xvefunnwvvsmpq2udd0ka8ckmpuqw3k5,7500000000000,
d4da7a013f853a8278c554f6c78461a1bf1c1e9e31c345ef2c95d34175304b58,2023-08-30T23:53:19.943000,received,kaspa:qq2t3ulm4nt9j9nsxk8nmszhefnz706ugkrxdjtxlxcw3dhtlv2fydmhyavln,4008899997931,
a99a18053a4e77abb4c7a4abf952a9b2164d2e4e65916db2bfd2272f801b8b99,2023-08-30T23:51:20.193000,received,kaspa:qzcx3qxk3xy87c5ezr0uqkrydx79psca4y2h7s6qtlnzmla0n9pp5e39tj7jx,9999999998343,
4f302b049f46831f4e4ac2b88d07d577d3131d97b71330830748c553944b8c07,2023-08-30T23:49:48.331000,received,kaspa:qr9n00gr0fkzpsa2r0rlqdyyvr4efzjggdgmez559ulgcakhsr50xjg4wc4ns,999999996780,
4f302b049f46831f4e4ac2b88d07d577d3131d97b71330830748c553944b8c07,2023-08-30T23:49:48.331000,received,kaspa:qzap4ajkztmllf7y4xghs3g8j8j7xssfkukg5pf8d4kxs3g65t62606405nsg,999999996780,
ba750465dfa38c3f72b1999273ec076678b1e4ac479857eb52fd171949a53d67,2023-08-26T17:34:10.779000,sent,kaspa:qqwvnkp47wsj6n4hkdlgj8dsauyx0xvefunnwvvsmpq2udd0ka8ckmpuqw3k5,2678097800000,
870e2321ef2beb7d6e2a5d46de52efd8f44403784ed1d60c361fb080475b8578,2023-08-25T15:06:43.020000,sent,kaspa:qqwvnkp47wsj6n4hkdlgj8dsauyx0xvefunnwvvsmpq2udd0ka8ckmpuqw3k5,5000000000000,
32a6d91a32b9ca1df11bfc2ae0b7908ca1b586d15739e6fd63f9f9470229fa59,2023-04-08T21:42:03.727000,received,kaspa:qqetp7ct8kqss99fxmymyz5t3fezppxp0t58wl6pawp27elqd46uudme00cl0,7678098000000,
