tx_id,timestamp,direction,peer_address,amount_sompi,cex_label
5101c35c7481a2911a1d3e70a9546a056b0d995950aff06c33c1928d0f18158a,2023-12-13T03:51:14.274000,sent,kaspa:qr7r8rtehym00mcmmucflvu2003fsevzc9s0rezsltzwd6jd34p2cg3nd43cf,170990000,
97474a5a9f49181d1c66ee4bd1d01ec6d957199187c28fa7010c30eeabb5a7e6,2023-12-12T01:34:32.620000,received,kaspa:qypswxtcrv4ssyjaswy5w9387vq73mkuyq85tl34cee6qn5uexqy0csgnafnjx7,171000000,
6b2089c7b6633ea52ee90bc5988db813f18c40d79e11fa0c25ba607c44fc5c84,2023-11-27T17:18:05.648000,sent,kaspa:qypka7pne2y6eqaxyp4hfx86y2889v5skw933unepc4m2matux4270cpsm357hm,18000000,
efec8205c35d8766518806b1b84afc50c9dca4df705bc551002ce73d3729387c,2023-11-27T13:14:42.600000,received,kaspa:qpu7he06ks0rh8zyxq7tcqvm6fd52f8mr7ktextahnenrc64mckfsddxv7ymt,18010000,
