tx_id,timestamp,direction,peer_address,amount_sompi,cex_label
eae999c21261101bb945040e80b4a5f7c348440e6ef56d5f0a4f1caaed99ea5c,2023-12-16T04:51:43.809000,sent,kaspa:qzslgwenzu78t6tldlng383g7ruu4enaljmnkgaulyrscjp7ldt26x8gfxck5,171940000,
eae999c21261101bb945040e80b4a5f7c348440e6ef56d5f0a4f1caaed99ea5c,2023-12-16T04:51:43.809000,sent,kaspa:qzslgwenzu78t6tldlng383g7ruu4enaljmnkgaulyrscjp7ldt26x8gfxck5,171940000,
9752277c258eafd27a2bb353672e213cd4ac0e3e154d6dd5c2d282ef573ade8e,2023-12-12T19:37:51.263000,received,kaspa:qypswxtcrv4ssyjaswy5w9387vq73mkuyq85tl34cee6qn5uexqy0csgnafnjx7,171000000,
d4f53d293fad5bf70f2c52db1d286057ebfc0e249aa6f04d7e1d223a38fdc61a,2023-11-29T09:29:02.992000,sent,kaspa:qypd4z2mnydcuejj2atyxaz7erhtny2cga54g8veyescueetckf77rsm8gnyax7,18000000,
18bd1aa01bc25154fad2e8c8cb039c8ca9ee953a0980f492685e65637901ce39,2023-11-29T02:24:53.256000,received,kaspa:qzc6tgr7ct50lg548lvcu88t7ee7zgmt6pc5ska3l5ltjn7uyufdjx2h45tfz,19000000,
