tx_id,timestamp,direction,peer_address,amount_sompi,cex_label
0de4ed76214611e08f63e1adb0d47fac6165a1c344030e2d8fde0f0d28171cdd,2023-12-13T08:38:03.020000,sent,kaspa:qqh06puhtgsu5utuakvv88ewhppn4dtp0k4a2df0xxga6ytg5p7vzcs0tuml5,14363160000,
946e4f353f0d86a70413219ac96ce3949485c428b4d5eb22b9010d26c9956f8d,2023-12-12T20:59:43.918000,received,kaspa:qypswxtcrv4ssyjaswy5w9387vq73mkuyq85tl34cee6qn5uexqy0csgnafnjx7,171000000,
fa906960d3e31dd943afe6e2214138e20af655ab463b14d1c28a9719766e34ea,2023-11-29T11:49:52.439000,sent,kaspa:qypnmnl35axfp7zzujm4e5y02jr6f4ws7gcf2m7ctetdv8ufdwaaxwg273kq35p,18000000,
fa906960d3e31dd943afe6e2214138e20af655ab463b14d1c28a9719766e34ea,2023-11-29T11:49:52.439000,sent,kaspa:qrx8h6e3lmeyuhrpny82zg3at2z89pwh88e4u5c9q6wgpyfceuxp2rne2nwny,1534330000,
e3f18c42d0bbf9c959fc30c7a189b2dacbc4545ea65af59d20741394bf4870ae,2023-11-29T11:42:10.337000,received,kaspa:qpp5m8rq44v2ya75rvmgqg5k5d70dry49ef2ahfq2vu2vfaw2yzws8ufng0l7,1552340000,
