tx_id,timestamp,direction,peer_address,amount_sompi,cex_label
19b8b10c074a28abe3fa1771e628b3559bc23f0b8768dcc9f8f5537b0673d00f,2023-12-16T03:58:07.730000,sent,kaspa:qzslgwenzu78t6tldlng383g7ruu4enaljmnkgaulyrscjp7ldt26x8gfxck5,171940000,
19b8b10c074a28abe3fa1771e628b3559bc23f0b8768dcc9f8f5537b0673d00f,2023-12-16T03:58:07.730000,sent,kaspa:qzslgwenzu78t6tldlng383g7ruu4enaljmnkgaulyrscjp7ldt26x8gfxck5,171940000,
3803e7b0212cf33b45312d71646c03f6d6da54770d99d28394804cf517586214,2023-12-12T04:32:01.627000,received,kaspa:qypswxtcrv4ssyjaswy5w9387vq73mkuyq85tl34cee6qn5uexqy0csgnafnjx7,171000000,
51efa694dafce7af27ab07ddd71fcb0cc91651927aac160b8beca3f4d5850630,2023-11-28T04:10:26.187000,sent,kaspa:qypptvqs3hz476glt39lzmgqvqhfd4fqaa8n96x6jz0s7zhayexxnlg8k46kpug,18000000,
047a4b49043be23989d29569ec472211fc24afed4d67a58f9269fc81ce3216a2,2023-11-27T18:36:20.702000,received,kaspa:qzs93uy8lgftjy8s3hy4k4hdawca232l0j597rufq8m626hl8tk7q7cynjhdl,19000000,
