tx_id,timestamp,direction,peer_address,amount_sompi,cex_label
2ae6803cbcc2252b829ac8629498d679b574cb254474de666e398d882024375a,2024-08-25T23:51:04.816000,sent,kaspa:qpfdhnl9qdrwfl20za2mjrwrdlk9m52gl9fnh2c2vrqfqwdjugvu2hc3dw9c4,2000000000,
eb3ef5dfda816fa92e941770374a25d08f49eb93c8922fff88908ed252631956,2024-07-08T12:34:12.625000,sent,kaspa:qznyqw6pzux64mmz96qeupsz45y06y9ysskgq2eej5vk929f2l8ukv0lyaa9u,20000000000,
96bf648db5982601a14bab40500c27579ccdb14d7f2492425bf3b12bc136f8df,2024-07-01T17:08:26.343000,sent,kaspa:qznyqw6pzux64mmz96qeupsz45y06y9ysskgq2eej5vk929f2l8ukv0lyaa9u,80000000000,
4ccf4bef57e2a86b9cdd2e73dcbb7f2ad846d4a649e3223e270f21852785569a,2024-06-20T18:18:58.164000,sent,kaspa:qq9zagcza4jt76eev9jl5z0nqhe0thcu7js8larktj4sle7lvgnw7sfcewlty,8000000000,
cc9a14de0aeb7bc61426c8290b777805accb7d4cfe7fdef0bea72cb714160380,2024-06-19T00:09:09.657000,sent,kaspa:qq9zagcza4jt76eev9jl5z0nqhe0thcu7js8larktj4sle7lvgnw7sfcewlty,8700000000,
452abb415bea0e477814ddd28e0e229e8473fa8594ec220cfec3b8396eba8e74,2024-06-18T03:22:03.313000,sent,kaspa:qpv5qg65yn0rk55wyxlt2ugyx3gvlahct9nas9ryjwj5hduq4tfh53kc5updx,10000000000,
e7c87884f79b4d829b07d789f2f47993c6d0df80bf8b089a4cb3ba0d765e7eec,2024-06-17T12:06:35.641000,sent,kaspa:qq9zagcza4jt76eev9jl5z0nqhe0thcu7js8larktj4sle7lvgnw7sfcewlty,8000000000,
a7248cb4eab35925ec40765c6380fd960591e188a877e3d712ba60ed88f97aa7,2024-04-07T12:50:59.660000,sent,kaspa:qq9zagcza4jt76eev9jl5z0nqhe0thcu7js8larktj4sle7lvgnw7sfcewlty,5000000000,
a7248cb4eab35925ec40765c6380fd960591e188a877e3d712ba60ed88f97aa7,2024-04-07T12:50:59.660000,sent,kaspa:qq9zagcza4jt76eev9jl5z0nqhe0thcu7js8larktj4sle7lvgnw7sfcewlty,5000000000,
8dbfbbc6bd57f1a88cee8bd553863571069d72e510928e8e6c0908385f69ace7,2024-03-22T11:22:09.949000,received,kaspa:qrvum29vk365g0zcd5gx3c7h829etfq2ytdmscjzw4zw04fjfnprcg9c3tges,40284565000,
144254abb52edf52cc4875e8427819328618fc52774b2849ccbad90d1efc7d02,2024-01-12T17:37:29.908000,received,kaspa:qrvum29vk365g0zcd5gx3c7h829etfq2ytdmscjzw4zw04fjfnprcg9c3tges,101457496000,
