tx_id,timestamp,direction,peer_address,amount_sompi,cex_label
729a56e78ab7d07d91b506d7b6f60d65d865d5f54680ec39873283cabe35f557,2023-12-16T04:53:26.377000,sent,kaspa:qzslgwenzu78t6tldlng383g7ruu4enaljmnkgaulyrscjp7ldt26x8gfxck5,171940000,
729a56e78ab7d07d91b506d7b6f60d65d865d5f54680ec39873283cabe35f557,2023-12-16T04:53:26.377000,sent,kaspa:qzslgwenzu78t6tldlng383g7ruu4enaljmnkgaulyrscjp7ldt26x8gfxck5,171940000,
50bfc4e05491c9ce69b3c0211436eeeb55247ed610de9b9d6ff46520948d9efa,2023-12-13T01:38:59.422000,received,kaspa:qypswxtcrv4ssyjaswy5w9387vq73mkuyq85tl34cee6qn5uexqy0csgnafnjx7,171000000,
62bf48a685c74d89f64eea627d624b6eacc583a91de16a42e21dc66ffd102cc6,2023-11-29T17:15:42.311000,sent,kaspa:qyp6ert4hsf6svp7d6etydt9d0d5e36p5mguksnnl298hte6tpj6x9sp08ncvg7,18000000,
23a0f89025ead2897e88ee0a5690f9fdedb2e1082a6ee224bb8c46609b9c9ffd,2023-11-29T07:06:35.270000,received,kaspa:qzmylezddvj3n5hr4d4yl2gkkukqqf8wsx3gq2devnvyjla5z94lqz3fhkqqh,19000000,
