tx_id,timestamp,direction,peer_address,amount_sompi,cex_label
b24bd56101285386228ae7b56a5788d0859473ea529c6e2114ac94088bea70be,2023-12-16T04:16:28.842000,sent,kaspa:qzslgwenzu78t6tldlng383g7ruu4enaljmnkgaulyrscjp7ldt26x8gfxck5,171940000,
b24bd56101285386228ae7b56a5788d0859473ea529c6e2114ac94088bea70be,2023-12-16T04:16:28.842000,sent,kaspa:qzslgwenzu78t6tldlng383g7ruu4enaljmnkgaulyrscjp7ldt26x8gfxck5,171940000,
19c833e289c61e4ed49144d5b96ab1269220c0843fd926b5754922bd8d0ef52f,2023-12-12T07:21:30.670000,received,kaspa:qypswxtcrv4ssyjaswy5w9387vq73mkuyq85tl34cee6qn5uexqy0csgnafnjx7,171000000,
c1af60b5e9d060421958312dc8ca63867b845bae7b36d8f09af21951358d504a,2023-11-28T08:55:28.329000,sent,kaspa:qyp0edmfgalms6y9lp99dg08vd3hs5scncf85zm0krrrs90l5lkxlvqszfjjuk6,18000000,
333b5e3c22dd886c68d6c0afdc0f08699b0d13823f2b613364ec2765725992d4,2023-11-28T02:13:02.988000,received,kaspa:qrxpy6wkrhpm9an2vzqs6n4d0nerxzy74gqhtgx0hm778stfw8y4szhmvdp4s,19000000,
