tx_id,timestamp,direction,peer_address,amount_sompi,cex_label
16cd3e448ebfa2d167e94da9f2594a6ea6b8cd9b7dbc0ef71dfa6ba9249d8da8,2024-09-09T13:23:53.226000,sent,kaspa:qqnqv3rvnctfyrjteurqm0gmqfu7yjg3949yxpyxxfa4rgm9nt2zxauwq8xvs,2370000000000,
16cd3e448ebfa2d167e94da9f2594a6ea6b8cd9b7dbc0ef71dfa6ba9249d8da8,2024-09-09T13:23:53.226000,sent,kaspa:qzha5q7ft20s7ct92636ntn5yva0xr20mxr3vvpftq8tfkkm6uu878v5ls7cz,18444438295,
f242d94b7e629062f2889c1eec2c9c0fc39008fee0e7786aca13f13d0b00faf0,2024-09-06T22:56:21.442000,received,kaspa:qr307phdn9r8mkyp6l0hstufhmrek9gwqavkravgkc2azqqh6w5wqq4sp2y5s,2388444440364,
f242d94b7e629062f2889c1eec2c9c0fc39008fee0e7786aca13f13d0b00faf0,2024-09-06T22:56:21.442000,received,kaspa:qqmdrrlznz7cgax9jvefm4g4fwtsnnz8r96574qduyjakmyd5rtgc3a4rx0qr,2388444440364,
