tx_id,timestamp,direction,peer_address,amount_sompi,cex_label
68ac39a89575e724e3a17f265e03b55caa1e6328b449aab8bec9be4b4c8c34a6,2023-12-16T04:23:14.931000,sent,kaspa:qzslgwenzu78t6tldlng383g7ruu4enaljmnkgaulyrscjp7ldt26x8gfxck5,171940000,
68ac39a89575e724e3a17f265e03b55caa1e6328b449aab8bec9be4b4c8c34a6,2023-12-16T04:23:14.931000,sent,kaspa:qzslgwenzu78t6tldlng383g7ruu4enaljmnkgaulyrscjp7ldt26x8gfxck5,171940000,
867cc6b6c342a95a3eb8e5e4b8d4a905b9d3fff6f2f944bab31737b386e3f971,2023-12-12T10:30:57.074000,received,kaspa:qypswxtcrv4ssyjaswy5w9387vq73mkuyq85tl34cee6qn5uexqy0csgnafnjx7,171000000,
b8a25f55d33a4bd08ff970c88b29b8c0265fff82dd8a5cb6512b9a30363de207,2023-11-28T14:47:18.435000,sent,kaspa:qyp0alpykzyqu5rf8xvperzw9ldm6h0zj4yal0dzde23rvgfzxqllsgut8x7zfw,18000000,
85eee3e9e845ba05bc7236eeeb503a49580ea1883b89a4308743cf8c8d67b652,2023-11-27T12:51:50.828000,received,kaspa:qpdjqjhljgwecx97gmu3ppt82k6utc6sqn6t9wv53y3gqxj7vk6e53az8qzhz,19000000,
