tx_id,timestamp,direction,peer_address,amount_sompi,cex_label
4c41e3ead7eef36e19a0f26ac52400da4832087b2dce9a5a14a3f21b62d5c348,2023-12-13T08:43:42.379000,sent,kaspa:qqh06puhtgsu5utuakvv88ewhppn4dtp0k4a2df0xxga6ytg5p7vzcs0tuml5,14363160000,
97811023fa3c61b9989d38ba93efd6181602833903628d41d27e876b15b66a7b,2023-12-12T13:31:11.907000,received,kaspa:qypswxtcrv4ssyjaswy5w9387vq73mkuyq85tl34cee6qn5uexqy0csgnafnjx7,171000000,
f635c2ed86a7c1003655febe5f28814abdca9e3d03bb033383f6d732c4e571bd,2023-11-28T18:42:15.005000,sent,kaspa:qypzc23hx29s7qrdz44eeyfm8ykff5pvwhxpe4c6p5mtqux3hsjx9ggsyp5pty2,18000000,
f635c2ed86a7c1003655febe5f28814abdca9e3d03bb033383f6d732c4e571bd,2023-11-28T18:42:15.005000,sent,kaspa:qqufqcatdl830p0h8nfxp5yfse5rpd8wqjj67ygef9j54pgv9m6ezuak5qpzq,2470860000,
0647404e4bf614ebb819c335e41dd11b1470ce5394b46709baf1b19e167a5e6c,2023-11-28T18:34:06.149000,received,kaspa:qrtgqwhdk7lztdpmalzu45ug5pth3f7cq858k57wwa29280l0r28q7hqavlkl,2488870000,
