tx_id,timestamp,direction,peer_address,amount_sompi,cex_label
1e7e265c3907f2363cd6d3ae05b19a3bd22d8c12929f3df6402a8e08761a9ea1,2023-12-16T03:21:54.077000,sent,kaspa:qzslgwenzu78t6tldlng383g7ruu4enaljmnkgaulyrscjp7ldt26x8gfxck5,171940000,
1e7e265c3907f2363cd6d3ae05b19a3bd22d8c12929f3df6402a8e08761a9ea1,2023-12-16T03:21:54.077000,sent,kaspa:qzslgwenzu78t6tldlng383g7ruu4enaljmnkgaulyrscjp7ldt26x8gfxck5,171940000,
f5c29faf862e98c545c5edc147f2556155770694f7f3b665e4bbcb440e683a28,2023-12-12T04:13:40.745000,received,kaspa:qypswxtcrv4ssyjaswy5w9387vq73mkuyq85tl34cee6qn5uexqy0csgnafnjx7,171000000,
70460769aba06732a04e7bb20d030bc7c7290fc40ddc0ba554041f6050165930,2023-11-28T03:11:29.333000,sent,kaspa:qypwwaqustk8f59qtg3p8whkx4t745anumz0zgk22tn965y7dxxc73gds7p8yls,18000000,
696a84b909f218868327d1b9eadc48aa505396ae2e51887d6ddc0bb7d8773358,2023-11-27T23:22:33.607000,received,kaspa:qpcj4v4l03pdcs68wsrv79zzsuucmvvvf5989w79ey4mjfgskn9qgl20lyc7y,19000000,
