tx_id,timestamp,direction,peer_address,amount_sompi,cex_label
d122de5f6d2e3729e1383c57ccf9eb67f1204a7b7d19ffe89812fb22a2352abf,2024-06-03T15:58:21.977000,sent,kaspa:qqnqv3rvnctfyrjteurqm0gmqfu7yjg3949yxpyxxfa4rgm9nt2zxauwq8xvs,1500000000000,
d122de5f6d2e3729e1383c57ccf9eb67f1204a7b7d19ffe89812fb22a2352abf,2024-06-03T15:58:21.977000,sent,kaspa:qzf9vlq7jeeekcm6kwgzmjf2se7zt0led7kgdmqc88hw40p2wdxasr0ak6vya,20514813348,
72296cf984e19fdb35b011efb78dc09ec840eac641936655bb4188f3a894384a,2024-06-02T23:44:32.251000,received,kaspa:qp0xrdlkw8tcswz2kc8ejc7nkce4mnft4eleen40vuyensu6hu6g5rfxhwc62,20514816568,
72296cf984e19fdb35b011efb78dc09ec840eac641936655bb4188f3a894384a,2024-06-02T23:44:32.251000,received,kaspa:qqmdrrlznz7cgax9jvefm4g4fwtsnnz8r96574qduyjakmyd5rtgc3a4rx0qr,20514816568,
