tx_id,timestamp,direction,peer_address,amount_sompi,cex_label
533e293a9f4a7815d1a472bb05ef70fcbb37a70e16fb71a1ac731687a1f03ef2,2025-04-21T09:28:24.064000,sent,kaspa:qypxwf0q9gcvu9g0z6wt2pjs4y9nzxvfmle4zn0z2a94tesy39m949gesmxdgv7,872711239736,
533e293a9f4a7815d1a472bb05ef70fcbb37a70e16fb71a1ac731687a1f03ef2,2025-04-21T09:28:24.064000,sent,kaspa:qzffnn0zkngrazpr7wz2tqlkuzdhvj2lcsygdedmv5qpsvxngplck4cm0q8sc,127288460264,
9bfe0c1aa1e8ba72f6eb298db7425531e005a430f0f2b8ada2763532880b1bf4,2025-04-19T21:21:11.890000,sent,kaspa:qptklexenrcf8e3ld3wm0qutcfcckc5h9jgda6ep0ttawe6qh66cxzcq4jsnc,67356716700,
9bfe0c1aa1e8ba72f6eb298db7425531e005a430f0f2b8ada2763532880b1bf4,2025-04-19T21:21:11.890000,sent,kaspa:qzffnn0zkngrazpr7wz2tqlkuzdhvj2lcsygdedmv5qpsvxngplck4cm0q8sc,932642983300,
0bff8d377081db5804d8ac7ce2fe565a2eb0ccd52df5c4ad6e02c99320067083,2025-04-19T12:12:52.435000,sent,kaspa:qyp0s6u4d7sdzfh2d6s4xy4ly5pwhnk3jhx75cw5ddly0u46svwuupsx982z837,534334535143,
0bff8d377081db5804d8ac7ce2fe565a2eb0ccd52df5c4ad6e02c99320067083,2025-04-19T12:12:52.435000,sent,kaspa:qzffnn0zkngrazpr7wz2tqlkuzdhvj2lcsygdedmv5qpsvxngplck4cm0q8sc,365665164857,
6884ff9c160be726f349c1d12c4df6779e9296356bb51cfb4b1099abc06a5702,2025-04-19T00:07:40.151000,received,kaspa:qypuxyv5069k83tjtxqcnrlff30uxm6a9e0sw0j06xrvu9tth5yzhkqrtcqrfau,900000000000,
76a26dadcc3810fe79ec9ed0179ae6e75cbc4f2cdd9efafa9c1c5f11357221cb,2025-04-19T00:05:20.447000,received,kaspa:qypuxyv5069k83tjtxqcnrlff30uxm6a9e0sw0j06xrvu9tth5yzhkqrtcqrfau,1000000000000,
dd0431d4f24803fa86ee740201bf24bb74ccce098e4a15a696376f3982f31482,2025-04-18T20:31:57.052000,received,kaspa:qypuxyv5069k83tjtxqcnrlff30uxm6a9e0sw0j06xrvu9tth5yzhkqrtcqrfau,1000000000000,
