tx_id,timestamp,direction,peer_address,amount_sompi,cex_label
d92b15e266511efdedd8f400442c976a5b481fcb499d89ac3077b0723f23285c,2024-08-05T08:31:35.175000,sent,kaspa:qq9zagcza4jt76eev9jl5z0nqhe0thcu7js8larktj4sle7lvgnw7sfcewlty,25999900000000,
c6e1ce14fd98b61fc5426607927558457463d90b2794ae2bd40656b8134eed3e,2024-08-05T08:28:58.710000,sent,kaspa:qq9zagcza4jt76eev9jl5z0nqhe0thcu7js8larktj4sle7lvgnw7sfcewlty,1000000000000,
c6e1ce14fd98b61fc5426607927558457463d90b2794ae2bd40656b8134eed3e,2024-08-05T08:28:58.710000,sent,kaspa:qq9zagcza4jt76eev9jl5z0nqhe0thcu7js8larktj4sle7lvgnw7sfcewlty,1000000000000,
c6e1ce14fd98b61fc5426607927558457463d90b2794ae2bd40656b8134eed3e,2024-08-05T08:28:58.710000,sent,kaspa:qq9zagcza4jt76eev9jl5z0nqhe0thcu7js8larktj4sle7lvgnw7sfcewlty,1000000000000,
bb4dda052a0e1e4bf461812a39985734b85dd276b74d7509b053fab92d899a80,2024-08-05T08:27:30.705000,received,kaspa:qp43z4qz2xwjf00ftt3t8nf4r4q903rt8sa3qvexx0h4grj833fqx0wuj0y7t,26984900000000,
bb4dda052a0e1e4bf461812a39985734b85dd276b74d7509b053fab92d899a80,2024-08-05T08:27:30.705000,received,kaspa:qzgja7pqa3ee9nd60xduyuspr8sf4qkjtv0szv6jxemamk3693tkumrnqpddh,26984900000000,
bb4dda052a0e1e4bf461812a39985734b85dd276b74d7509b053fab92d899a80,2024-08-05T08:27:30.705000,received,kaspa:qpgl9cjkzqqglq2y4s6xuea3r7cr2phe7pq6j3jy6aflfrd433xrkrqnm4ge3,26984900000000,
19207512b3052d8d83ace7d3c6d8ccaead8a292df887881079eda0fa30d5fb35,2024-08-05T08:26:10.596000,received,kaspa:qr86hmagvms42duf6j832jxsn645wrrh7szuxz0a00v92uqtgwkvxactva33d,15000000000,
5544c019f4f9a35f97d23687fcdd2b6ed8cc2199a0bcb0d70c01451a4a10dcf2,2024-08-05T08:08:36.860000,sent,kaspa:qq9zagcza4jt76eev9jl5z0nqhe0thcu7js8larktj4sle7lvgnw7sfcewlty,14458300000000,
20cab10e68d03c972b97c277d6726d03fe9a63901acc8255ac18dfbd0a98628e,2024-08-05T08:04:31.810000,sent,kaspa:qq9zagcza4jt76eev9jl5z0nqhe0thcu7js8larktj4sle7lvgnw7sfcewlty,5000000000000,
20cab10e68d03c972b97c277d6726d03fe9a63901acc8255ac18dfbd0a98628e,2024-08-05T08:04:31.810000,sent,kaspa:qq9zagcza4jt76eev9jl5z0nqhe0thcu7js8larktj4sle7lvgnw7sfcewlty,5000000000000,
20cab10e68d03c972b97c277d6726d03fe9a63901acc8255ac18dfbd0a98628e,2024-08-05T08:04:31.810000,sent,kaspa:qq9zagcza4jt76eev9jl5z0nqhe0thcu7js8larktj4sle7lvgnw7sfcewlty,5000000000000,
20cab10e68d03c972b97c277d6726d03fe9a63901acc8255ac18dfbd0a98628e,2024-08-05T08:04:31.810000,sent,kaspa:qq9zagcza4jt76eev9jl5z0nqhe0thcu7js8larktj4sle7lvgnw7sfcewlty,5000000000000,
2b35e36f02f51517e6ee2637fe51fa57ab0870d8248dc4b4f91c3e7662c323d6,2024-08-05T08:01:34.298000,received,kaspa:qz0dqhalnajucaqxrgx9pm047j49nt773wd5tmrdrk2499rl4ut6zt06fq30l,15934900000000,
2b35e36f02f51517e6ee2637fe51fa57ab0870d8248dc4b4f91c3e7662c323d6,2024-08-05T08:01:34.298000,received,kaspa:qpctdwlv87kxm5ylfl6gqzhs2qps4f9esz9sqhesw5yfqyg6ultw272xkngck,15934900000000,
74bdc76791928e52fb7ae315ddee383137505823efc438706a6173a6e9963ba0,2024-08-05T07:59:14.047000,received,kaspa:qq8d0l2m8fr2vcxnn7jdz9sywgf9l7r5wye2y55lv5535m0sydvhjtfm6szmv,3500000000000,
92b0713de2cbb6d51db0cbfc3d88db310871d002990f03d57a326642b7ae13b3,2024-08-05T07:58:03.019000,received,kaspa:qp0r5c7ekctv03xmluryadeqnxldqtpegl2jsdmwdvheqq4e3xz4ul4dv4g0h,15000000000,
0cf2b6bffbe1d33dd6746ec3ead5614ff199a317c1100ae3e86260209af5d1c7,2024-05-05T01:14:09.935000,sent,kaspa:qq9zagcza4jt76eev9jl5z0nqhe0thcu7js8larktj4sle7lvgnw7sfcewlty,1280000000000,
3c5ee9571a5b1df98ed4611f7efa5097ff1cb01a1ba2e5d9e516d4411f692e1c,2024-05-05T01:08:08.324000,sent,kaspa:qz87yc37h4xux36u5el99f64alsdp0utmtqtahk8vagl3t5lagqecudpgm00s,100000000000,
d22685236509e0923ad78516fb6012297ee4c07593bf4601ccf6fbdff4a72c69,2024-05-03T02:54:06.312000,sent,kaspa:qq9zagcza4jt76eev9jl5z0nqhe0thcu7js8larktj4sle7lvgnw7sfcewlty,6161600000000,
d22685236509e0923ad78516fb6012297ee4c07593bf4601ccf6fbdff4a72c69,2024-05-03T02:54:06.312000,sent,kaspa:qq9zagcza4jt76eev9jl5z0nqhe0thcu7js8larktj4sle7lvgnw7sfcewlty,6161600000000,
d22685236509e0923ad78516fb6012297ee4c07593bf4601ccf6fbdff4a72c69,2024-05-03T02:54:06.312000,sent,kaspa:qq9zagcza4jt76eev9jl5z0nqhe0thcu7js8larktj4sle7lvgnw7sfcewlty,6161600000000,
eabb0b8960b39ebfb028c382770a13e78d6c76d9e8857451256c3fa8cd1a2105,2024-05-03T02:51:30.490000,received,kaspa:qr7ezehyd2u2g7q6ru4zhthnwjfny5pgtcwsu5hvf6yzj75akq4xsjyx7quyc,7500000000000,
64d20503c0f8d79f939e95036b52d027ec4884c04716a8c1ec6c5c8acb147a26,2024-05-03T02:50:18.820000,received,kaspa:qrrqvn42ztzwht2lwps8dtvng7s78j74yqec8r4ft5xdhnm4qvdgc4290mp6j,49999997931,
8ea2fbf42fafbecdf6478416ba02e513ec85f2256a53d9dc7c7c5942762d23cc,2024-03-08T19:02:51.833000,sent,kaspa:qzvhuugzqv74rr86cux34t7ulq5ew3sk8amaq3e8ftmah706kmuu7lhh0ceme,398000000000,
8ea2fbf42fafbecdf6478416ba02e513ec85f2256a53d9dc7c7c5942762d23cc,2024-03-08T19:02:51.833000,sent,kaspa:qzvhuugzqv74rr86cux34t7ulq5ew3sk8amaq3e8ftmah706kmuu7lhh0ceme,398000000000,
0bd4421dfc11ad0ce0071e7c3b9ccdf4a7c8bd62bd6ec73fbf736dc15db813e0,2024-03-08T18:57:30.297000,received,kaspa:qq9zagcza4jt76eev9jl5z0nqhe0thcu7js8larktj4sle7lvgnw7sfcewlty,394420076548,
0bd4421dfc11ad0ce0071e7c3b9ccdf4a7c8bd62bd6ec73fbf736dc15db813e0,2024-03-08T18:57:30.297000,received,kaspa:qq9zagcza4jt76eev9jl5z0nqhe0thcu7js8larktj4sle7lvgnw7sfcewlty,394420076548,
0bd4421dfc11ad0ce0071e7c3b9ccdf4a7c8bd62bd6ec73fbf736dc15db813e0,2024-03-08T18:57:30.297000,received,kaspa:qq9zagcza4jt76eev9jl5z0nqhe0thcu7js8larktj4sle7lvgnw7sfcewlty,394420076548,
0bd4421dfc11ad0ce0071e7c3b9ccdf4a7c8bd62bd6ec73fbf736dc15db813e0,2024-03-08T18:57:30.297000,received,kaspa:qq9zagcza4jt76eev9jl5z0nqhe0thcu7js8larktj4sle7lvgnw7sfcewlty,394420076548,
0bd4421dfc11ad0ce0071e7c3b9ccdf4a7c8bd62bd6ec73fbf736dc15db813e0,2024-03-08T18:57:30.297000,received,kaspa:qq9zagcza4jt76eev9jl5z0nqhe0thcu7js8larktj4sle7lvgnw7sfcewlty,394420076548,
0bd4421dfc11ad0ce0071e7c3b9ccdf4a7c8bd62bd6ec73fbf736dc15db813e0,2024-03-08T18:57:30.297000,received,kaspa:qq9zagcza4jt76eev9jl5z0nqhe0thcu7js8larktj4sle7lvgnw7sfcewlty,394420076548,
0bd4421dfc11ad0ce0071e7c3b9ccdf4a7c8bd62bd6ec73fbf736dc15db813e0,2024-03-08T18:57:30.297000,received,kaspa:qq9zagcza4jt76eev9jl5z0nqhe0thcu7js8larktj4sle7lvgnw7sfcewlty,394420076548,
0bd4421dfc11ad0ce0071e7c3b9ccdf4a7c8bd62bd6ec73fbf736dc15db813e0,2024-03-08T18:57:30.297000,received,kaspa:qq9zagcza4jt76eev9jl5z0nqhe0thcu7js8larktj4sle7lvgnw7sfcewlty,394420076548,
0bd4421dfc11ad0ce0071e7c3b9ccdf4a7c8bd62bd6ec73fbf736dc15db813e0,2024-03-08T18:57:30.297000,received,kaspa:qq9zagcza4jt76eev9jl5z0nqhe0thcu7js8larktj4sle7lvgnw7sfcewlty,394420076548,
0bd4421dfc11ad0ce0071e7c3b9ccdf4a7c8bd62bd6ec73fbf736dc15db813e0,2024-03-08T18:57:30.297000,received,kaspa:qq9zagcza4jt76eev9jl5z0nqhe0thcu7js8larktj4sle7lvgnw7sfcewlty,394420076548,
0bd4421dfc11ad0ce0071e7c3b9ccdf4a7c8bd62bd6ec73fbf736dc15db813e0,2024-03-08T18:57:30.297000,received,kaspa:qq9zagcza4jt76eev9jl5z0nqhe0thcu7js8larktj4sle7lvgnw7sfcewlty,394420076548,
0bd4421dfc11ad0ce0071e7c3b9ccdf4a7c8bd62bd6ec73fbf736dc15db813e0,2024-03-08T18:57:30.297000,received,kaspa:qq9zagcza4jt76eev9jl5z0nqhe0thcu7js8larktj4sle7lvgnw7sfcewlty,394420076548,
0bd4421dfc11ad0ce0071e7c3b9ccdf4a7c8bd62bd6ec73fbf736dc15db813e0,2024-03-08T18:57:30.297000,received,kaspa:qq9zagcza4jt76eev9jl5z0nqhe0thcu7js8larktj4sle7lvgnw7sfcewlty,394420076548,
0bd4421dfc11ad0ce0071e7c3b9ccdf4a7c8bd62bd6ec73fbf736dc15db813e0,2024-03-08T18:57:30.297000,received,kaspa:qq9zagcza4jt76eev9jl5z0nqhe0thcu7js8larktj4sle7lvgnw7sfcewlty,394420076548,
0bd4421dfc11ad0ce0071e7c3b9ccdf4a7c8bd62bd6ec73fbf736dc15db813e0,2024-03-08T18:57:30.297000,received,kaspa:qq9zagcza4jt76eev9jl5z0nqhe0thcu7js8larktj4sle7lvgnw7sfcewlty,394420076548,
0bd4421dfc11ad0ce0071e7c3b9ccdf4a7c8bd62bd6ec73fbf736dc15db813e0,2024-03-08T18:57:30.297000,received,kaspa:qq9zagcza4jt76eev9jl5z0nqhe0thcu7js8larktj4sle7lvgnw7sfcewlty,394420076548,
0bd4421dfc11ad0ce0071e7c3b9ccdf4a7c8bd62bd6ec73fbf736dc15db813e0,2024-03-08T18:57:30.297000,received,kaspa:qq9zagcza4jt76eev9jl5z0nqhe0thcu7js8larktj4sle7lvgnw7sfcewlty,394420076548,
0bd4421dfc11ad0ce0071e7c3b9ccdf4a7c8bd62bd6ec73fbf736dc15db813e0,2024-03-08T18:57:30.297000,received,kaspa:qq9zagcza4jt76eev9jl5z0nqhe0thcu7js8larktj4sle7lvgnw7sfcewlty,394420076548,
9ce852ba97fafbccac5ce4681e7c439942631b67fb92c67cda698a828fbb8d50,2024-02-29T17:54:05.889000,sent,kaspa:qzvhuugzqv74rr86cux34t7ulq5ew3sk8amaq3e8ftmah706kmuu7lhh0ceme,153000000000,
c5995a014edd2d035dcdbb52936b7982d88365c0596acb4557ba1b73f649d635,2024-02-29T17:22:33.632000,sent,kaspa:qzvhuugzqv74rr86cux34t7ulq5ew3sk8amaq3e8ftmah706kmuu7lhh0ceme,833333300000,
aa53ec8ef5816e637038dabacea25ee458a1d8e2cb5a5cc907724ce46ec8d34b,2024-02-29T16:52:50.363000,sent,kaspa:qzvhuugzqv74rr86cux34t7ulq5ew3sk8amaq3e8ftmah706kmuu7lhh0ceme,10000000000,
a0902a0257cdcbda41c564548cdbb2752916a6ad9a311bb454ad4cf35b010e4c,2024-02-28T20:29:01.005000,received,kaspa:qza0gvc9v2hxdpplvyhac0xt5hnzg4duhc8jp5lycxrr7ru0a3vd5yu4ksvjk,1000000000000,
