tx_id,timestamp,direction,peer_address,amount_sompi,cex_label
d5921c32e871ec6f21ac4f69bbf9f54922c0d0a73ccef790a9011452e2f85bff,2023-12-16T03:09:22.413000,sent,kaspa:qzslgwenzu78t6tldlng383g7ruu4enaljmnkgaulyrscjp7ldt26x8gfxck5,171940000,
d5921c32e871ec6f21ac4f69bbf9f54922c0d0a73ccef790a9011452e2f85bff,2023-12-16T03:09:22.413000,sent,kaspa:qzslgwenzu78t6tldlng383g7ruu4enaljmnkgaulyrscjp7ldt26x8gfxck5,171940000,
eb3f019d711be85164652479702e5516c94c5586f7e509e0bf15f916a14233b6,2023-12-11T23:24:03.131000,received,kaspa:qypswxtcrv4ssyjaswy5w9387vq73mkuyq85tl34cee6qn5uexqy0csgnafnjx7,171000000,
f17207fcd2abbb9bddaa7fb6ed34593b6ddec8170629ab74f1b78688dd339ec3,2023-11-27T13:34:45.087000,sent,kaspa:qypduwe0rsrn0k4tpdd3ly9mmr3v7waes9m0j8d8tj8v443ez7a07ms50hv5d9j,18000000,
d2d98c2dc991e1a808e4bb07ab8f7e93b1baf662c30e6cc0005fedc3e18b358d,2023-11-27T05:43:25.333000,received,kaspa:qrvhmu7g3ykxqglvqnr3nqx22rs6fq2dz3mf5n25qlwz5ytpksv3q4lju593m,19000000,
