tx_id,timestamp,direction,peer_address,amount_sompi,cex_label
d0764726949e91e26498ee45f86954ac62719d4033d9d0873a89193fc0e92929,2024-02-17T09:37:29.691000,sent,kaspa:qqd463qjk795l7x06el7qjdh4hjtprah8mtnxx8exg8wz43fla4djkghheu25,172980000,
d0764726949e91e26498ee45f86954ac62719d4033d9d0873a89193fc0e92929,2024-02-17T09:37:29.691000,sent,kaspa:qqd463qjk795l7x06el7qjdh4hjtprah8mtnxx8exg8wz43fla4djkghheu25,172980000,
46dec315bee267ca2c189b76d63ac5ccb64fc6f295d2d258bfa60a50cda1a977,2023-12-12T17:32:40.279000,received,kaspa:qypswxtcrv4ssyjaswy5w9387vq73mkuyq85tl34cee6qn5uexqy0csgnafnjx7,171000000,
96c9d0d5b70e7b66c98fb887708bc183976f17f2283cd6452c1407ceee48c4dd,2023-11-29T06:00:06.420000,sent,kaspa:qyph2lefdg8vc0049thvudyefu2tzpt8eqfyvmsu98wvt6aujckh2lg9srkrdwe,18000000,
18cf1043c8e91bdc3a18ed5eaa24e265190e9a1f738721161ff4b429074ea295,2023-11-27T04:56:22.976000,received,kaspa:qyplygdysxukhd27ua75kjvmvs8j04dz0apehqpgudgez74zym5jauqpt8f52gc,20000000,
