tx_id,timestamp,direction,peer_address,amount_sompi,cex_label
b96c1a449a955c81bac373e27ab4e9c9ade8ba740d72fb8c5f2187b733a704d6,2024-06-15T17:33:16.424000,sent,kaspa:qypqj0kv52mepdg7x36ur9n5s2xpr6eheatjpncdyp2dgn8vw30p25gw939ttmf,33958440154,
b96c1a449a955c81bac373e27ab4e9c9ade8ba740d72fb8c5f2187b733a704d6,2024-06-15T17:33:16.424000,sent,kaspa:qzselvvtrelmxhxl3n73a2f8svt984hnvn85z28ljwq3c7vnvkxrzf8jqvusp,35149059137766,
fad4e0c4fb3a9b61fd2e8da49c8ac714b2bad7ce8794ebed26e1014dc1476983,2024-06-05T00:45:24.037000,sent,kaspa:qypwk0q2r6j7ac36sjn2cuc3zygkx3zx6jsyjpnqpskyvs7nwd5kzuqndqtfmuw,31566666666000,
fad4e0c4fb3a9b61fd2e8da49c8ac714b2bad7ce8794ebed26e1014dc1476983,2024-06-05T00:45:24.037000,sent,kaspa:qzljpxyrkvgqly054yu9380xk6the6j43pzr6c8try94f8slaw05k8whhrn0l,11432333331920,
9b38833a5bedaf861a767e5ddbb7350ceb4c7696b77135b4627d8955d6a5f650,2024-06-05T00:41:04.099000,sent,kaspa:qypwk0q2r6j7ac36sjn2cuc3zygkx3zx6jsyjpnqpskyvs7nwd5kzuqndqtfmuw,100000000000,
9b38833a5bedaf861a767e5ddbb7350ceb4c7696b77135b4627d8955d6a5f650,2024-06-05T00:41:04.099000,sent,kaspa:qqptpt4hzf5nx7063tpx4p2jkhmpkxz4vspf7f5lsu8ghkhnvmzhqad0r0e99,49198999997920,
d9ada592d69dc14c9c9d5b47074c3e1cff232e5de27bd71081b2c7a46f89746b,2024-03-08T18:45:31.229000,sent,kaspa:qr6evmxyg2ezervw4q4t6j77zmadyfmclwv6pmfhrfuue2lnckyrzffcdsmje,1589778607931,
d9ada592d69dc14c9c9d5b47074c3e1cff232e5de27bd71081b2c7a46f89746b,2024-03-08T18:45:31.229000,sent,kaspa:qr4c43uprvcyuk92vxjmjs0sy8yvv7ghg6ld5dhunmzzeztvc5n4ukry37q2x,99045759160000,
3d15811ce120e2888f17460047124bf8a6c495dbddee6daf997e98afbfdd71bf,2023-11-28T23:43:24.098000,sent,kaspa:qqfkuxs7qpcykg4xc386skgue9xzgyufe6u7wluvk8jtvnmtfwz0xfwysz3xp,5076400000000,
3d15811ce120e2888f17460047124bf8a6c495dbddee6daf997e98afbfdd71bf,2023-11-28T23:43:24.098000,sent,kaspa:qqffy4j7326rpxp2t0ca5jkwkzsjgvnscejjmhycfqk32ajuwlphjp253q9h4,101764543427931,
287b6ec9bcc1f9dc0f77fdb7f949fd7507cdb6be9028d8bf2291965cbb76991e,2023-05-23T15:27:58.408000,sent,kaspa:qzxtyr0dv6y3wrwf2s7dhgfuxjp7v25xf8rw0xlhvln29j2afcma62t4t6wek,999999997931,
287b6ec9bcc1f9dc0f77fdb7f949fd7507cdb6be9028d8bf2291965cbb76991e,2023-05-23T15:27:58.408000,sent,kaspa:qzahhsswzawy44qdy9w48khu425yccnsnzztgcdm4kkl63qu7pgtwenk2htaq,40581920300000,
b7cfd0bd4f8e62dacce5a788411e4f6486fc3177433e4ee02bad7ae82f99e0b8,2023-03-03T12:48:19.814000,sent,kaspa:qpx4nyz06zk7j5mvfk98w69ayzt3g0j46c0qr4hkya509e9e69dn65h9q8n9z,5000000000000,
b7cfd0bd4f8e62dacce5a788411e4f6486fc3177433e4ee02bad7ae82f99e0b8,2023-03-03T12:48:19.814000,sent,kaspa:qzcjqc7gswnpjdk57vt38emhqhf2gqpu0hkldcvyvqdrf2krun5skhvunwexn,86995579146780,
b7cfd0bd4f8e62dacce5a788411e4f6486fc3177433e4ee02bad7ae82f99e0b8,2023-03-03T12:48:19.814000,sent,kaspa:qpx4nyz06zk7j5mvfk98w69ayzt3g0j46c0qr4hkya509e9e69dn65h9q8n9z,5000000000000,
b7cfd0bd4f8e62dacce5a788411e4f6486fc3177433e4ee02bad7ae82f99e0b8,2023-03-03T12:48:19.814000,sent,kaspa:qzcjqc7gswnpjdk57vt38emhqhf2gqpu0hkldcvyvqdrf2krun5skhvunwexn,86995579146780,
99d9203b9d4d20d084f3a5b6d0d11f22a3e7d08d2499fcd67c4270abac91ee8a,2022-08-20T11:25:04.486000,received,kaspa:qqh83emfwqmm853xf9naqkfm5wrsxzpu2zwwje7t7f7ndlc7xdrxjx4km49jr,35183017580000,
40f4bee93c998bdff796469ed4302a356b268db2b08bfe8ba3284fcb2ba4b6cc,2022-08-18T20:23:33.514000,received,kaspa:qqtyq3c7kft76vexa277m599lf652d73q48tz7zk8l36lk7jvqzywqu7lwurd,42999000000000,
8ec1722d622b9560cd1b4385f461f6b85dd36c2ebeff9bf320c3eb73ce6fe211,2022-08-18T20:17:32.671000,received,kaspa:qpd4q4unld8qazu2skgxaw2g0aq7dm87cuw7nq2540qfjmg7key9vp5gsdxgj,49299000000000,
7dee0f3091c7824dfc46aa579ac1020272f5d8c0e95462155951c4532d030afd,2022-08-18T20:03:19.746000,received,kaspa:qzxdql25cuaxrh4vpsy5346rx0sfedpgqersem3vrph954ujy42qudvthh57n,100635537770000,
1aa2a57f87a94cd080a2499129d2adfac41307f57342fdd7fcf1d8026116104e,2022-08-18T17:35:57.353000,received,kaspa:qr2f0wvg76cn7d3fyqz0ra2lldq97p325nj7x09kax8s82sfj66uj53v9wwpx,106840943430000,
a49efd4dc8eac64737bb7a6d58730be973efb034312d4e2e5c5d12f473a3b8f4,2022-08-17T20:04:38.176000,received,kaspa:qpf67hmmaldzdhfulk7u5cnr00vfjlwhuykwhl40manafxkpcmgnguyyhkd5n,41581920300000,
dd603bb9f18f1ba3606b551bfa9366838822d59dfe8d756eec613b5fcd42e144,2022-08-17T19:58:22.189000,received,kaspa:qpnhuzukzcxra8mjuqlxfz2hekwfn40ck7vw3vqar8mutvj4hhqcvc9y0pp2x,90999000000000,
dd603bb9f18f1ba3606b551bfa9366838822d59dfe8d756eec613b5fcd42e144,2022-08-17T19:58:22.189000,received,kaspa:qppl4wuxvgxh0pzgg2sqpmx4sqyhyy3thuq29qgv0977aqw2jvc9u26j2ntag,90999000000000,
b8cc1b5fde5e05e6e8ff7bb5909568159483990a660c2d0d31e8c5c5b10c7adb,2022-08-17T19:57:14.862000,received,kaspa:qrtw78zxhcz297vseg4g9e4mkksq2qt2crnq22duajr6x9nuhkek79r9v4dn7,996579150000,
