tx_id,timestamp,direction,peer_address,amount_sompi,cex_label
6a42533d44262bf3ed547dbefd8548ade542680a4e97278a48a929781383c4f6,2023-12-16T05:00:44.681000,sent,kaspa:qzslgwenzu78t6tldlng383g7ruu4enaljmnkgaulyrscjp7ldt26x8gfxck5,171940000,
6a42533d44262bf3ed547dbefd8548ade542680a4e97278a48a929781383c4f6,2023-12-16T05:00:44.681000,sent,kaspa:qzslgwenzu78t6tldlng383g7ruu4enaljmnkgaulyrscjp7ldt26x8gfxck5,171940000,
4db878cd1a59f16765c078d4f8f0820ebe795ffe47535a23eb0cf75bce0d1dfe,2023-12-13T01:56:20.199000,received,kaspa:qypswxtcrv4ssyjaswy5w9387vq73mkuyq85tl34cee6qn5uexqy0csgnafnjx7,171000000,
3e679d6da8a9d61f0cf75d7c3ccfd2777af2d6fa992e1353b973f5048bf29fa4,2023-11-29T17:28:43.561000,sent,kaspa:qypmqwvdj9z2ht4pfnexduqxk5g2326hwucwdupqrmznk29a7yugvpgtgr04eef,18000000,
fc92612e3e8242012db60e5881a24f2512f84a2d07fce7320467af2180586e96,2023-11-28T07:05:15.336000,received,kaspa:qpwhru0ycq9aqhmkwzwsz5q888cxytn6pjlhang56rff0m2ysh727vazd7ejt,19000000,
