tx_id,timestamp,direction,peer_address,amount_sompi,cex_label
b83cc30070af21f0a4e57f4b109eb16c7b4b97cbf4897386cff31ac18346069c,2024-04-25T14:41:22.961000,sent,kaspa:qppynhkhl5c3k6hetcfrhv59v7uhl0tjsewxawd7aqyhnfr98vvzssh4kn29a,10000000000,
b83cc30070af21f0a4e57f4b109eb16c7b4b97cbf4897386cff31ac18346069c,2024-04-25T14:41:22.961000,sent,kaspa:qpysxswf87whunadgvcrvewcwtan5nhhm40zkl5nhzsluttjfn2hkjpzual6m,3892496517149,
5ae2ca0ecc8499ac01ede497cc72d0ab725c1cd285221f5862e74276d87f4e97,2023-12-05T15:18:00.135000,received,kaspa:qqwvnkp47wsj6n4hkdlgj8dsauyx0xvefunnwvvsmpq2udd0ka8ckmpuqw3k5,3902496519218,
5ae2ca0ecc8499ac01ede497cc72d0ab725c1cd285221f5862e74276d87f4e97,2023-12-05T15:18:00.135000,received,kaspa:qqwvnkp47wsj6n4hkdlgj8dsauyx0xvefunnwvvsmpq2udd0ka8ckmpuqw3k5,3902496519218,
5ae2ca0ecc8499ac01ede497cc72d0ab725c1cd285221f5862e74276d87f4e97,2023-12-05T15:18:00.135000,received,kaspa:qqwvnkp47wsj6n4hkdlgj8dsauyx0xvefunnwvvsmpq2udd0ka8ckmpuqw3k5,3902496519218,
5ae2ca0ecc8499ac01ede497cc72d0ab725c1cd285221f5862e74276d87f4e97,2023-12-05T15:18:00.135000,received,kaspa:qqwvnkp47wsj6n4hkdlgj8dsauyx0xvefunnwvvsmpq2udd0ka8ckmpuqw3k5,3902496519218,
5ae2ca0ecc8499ac01ede497cc72d0ab725c1cd285221f5862e74276d87f4e97,2023-12-05T15:18:00.135000,received,kaspa:qqwvnkp47wsj6n4hkdlgj8dsauyx0xvefunnwvvsmpq2udd0ka8ckmpuqw3k5,3902496519218,
5ae2ca0ecc8499ac01ede497cc72d0ab725c1cd285221f5862e74276d87f4e97,2023-12-05T15:18:00.135000,received,kaspa:qqwvnkp47wsj6n4hkdlgj8dsauyx0xvefunnwvvsmpq2udd0ka8ckmpuqw3k5,3902496519218,
5ae2ca0ecc8499ac01ede497cc72d0ab725c1cd285221f5862e74276d87f4e97,2023-12-05T15:18:00.135000,received,kaspa:qqwvnkp47wsj6n4hkdlgj8dsauyx0xvefunnwvvsmpq2udd0ka8ckmpuqw3k5,3902496519218,
5ae2ca0ecc8499ac01ede497cc72d0ab725c1cd285221f5862e74276d87f4e97,2023-12-05T15:18:00.135000,received,kaspa:qqwvnkp47wsj6n4hkdlgj8dsauyx0xvefunnwvvsmpq2udd0ka8ckmpuqw3k5,3902496519218,
