tx_id,timestamp,direction,peer_address,amount_sompi,cex_label
b77bd3ef6c04d09e891132faa29c7ebd3366bb45f0f5b724a3345eede02ef290,2025-03-11T14:46:08.170000,sent,kaspa:qz9tpjgkt0jv3q07nz40uclc7lhasvmhgcnmwuwuqf4wqt3xvedv5hhaa97f3,158000000000,
b77bd3ef6c04d09e891132faa29c7ebd3366bb45f0f5b724a3345eede02ef290,2025-03-11T14:46:08.170000,sent,kaspa:qr6dsr8e8rdca72rsv25e0x5mmdqc5mxlyd88emc0fn9jxc24fflx4t0tt38y,1679812104,
5ab296507ab551b0c9be1db46129befd6afa00cb8310181dd2fd87dd23ec4e24,2025-03-11T14:21:54.605000,received,kaspa:qpf4gjshrv5xgd7s0l7uehvcczcgx3u5juw77pt4q95h0ax0k62hvsvme480f,151580057591,
5ab296507ab551b0c9be1db46129befd6afa00cb8310181dd2fd87dd23ec4e24,2025-03-11T14:21:54.605000,received,kaspa:qpf4gjshrv5xgd7s0l7uehvcczcgx3u5juw77pt4q95h0ax0k62hvsvme480f,151580057591,
a8ee450e6bcc6323ed598a7211e65a7d2a293ea6ba756d9d15ad944e1c6f77eb,2023-08-07T13:46:57.406000,sent,kaspa:qp56gcda0egwl0s32seame7smtsntcm6q45fttwt3u5xvvrajxgxqhr0upc00,200000000000,
a8ee450e6bcc6323ed598a7211e65a7d2a293ea6ba756d9d15ad944e1c6f77eb,2023-08-07T13:46:57.406000,sent,kaspa:qzuwysrk6t4v7e5493uhhsyp6apjle5clm52ehgy23wpzthdnhq8qwg70qfl0,119442222,
9f849ba647f689babab352254037a1455732dbb05a4518809a0549f6147b9f15,2023-08-07T11:28:09.345000,received,kaspa:qp4sap42vpyza97garrcc48cp856x985velztcrzv8jexvgszdrzum28t7lrd,91399170542,
