tx_id,timestamp,direction,peer_address,amount_sompi,cex_label
6af405df10558ab5b3507f8b63b25ea3d3dff574800d1ae941843b0f2768d159,2024-07-07T23:45:45.718000,sent,kaspa:qrelgny7sr3vahq69yykxx36m65gvmhryxrlwngfzgu8xkdslum2yxjp3ap8m,49365117268,Gate.io
0bfed8f459586a21cf4a84490cbe803c700f7db6fcaf3bcc7151ef9007fa5e5b,2024-02-09T03:03:45.568000,sent,kaspa:qrelgny7sr3vahq69yykxx36m65gvmhryxrlwngfzgu8xkdslum2yxjp3ap8m,3962616008306,Gate.io
59c26620735f5961b8f594a7c8a5010d5e54d4f19aa66723aff90afa8bd91193,2024-01-24T03:01:03.074000,sent,kaspa:qrelgny7sr3vahq69yykxx36m65gvmhryxrlwngfzgu8xkdslum2yxjp3ap8m,7963559054384,Gate.io
b1192129581e1bfe172de9ac4c669db6d51f202e48ea0258622f104788012b58,2024-01-14T19:29:52.972000,received,kaspa:qzfrm8p2kmva0ds2x90zsrk5w8ext4s5l7q2rse9gqeaxkdnyyt8jj22mhkau,50000000000,
b1192129581e1bfe172de9ac4c669db6d51f202e48ea0258622f104788012b58,2024-01-14T19:29:52.972000,received,kaspa:qrrzj39t3t0hss90cadtpaz33nr4mcfz4af86s86azmwf0xzpeq5577ctkqz5,50000000000,
33b8627edd2ced685cfb7e23fa16e6ee3ac1c7b050d4b4dd0be6a45c2d7ac3c5,2024-01-13T12:46:03.657000,received,kaspa:qrvl4yqnumxntgn67a8aldkcx8a2kwgaeflrvxsav47kng93fjyckzj37n9z2,100000000000,
497c9befc6851784604b0337dde86bd17ade81a8d78a413fb03116e8849fd645,2024-01-08T02:44:27.903000,sent,kaspa:qrelgny7sr3vahq69yykxx36m65gvmhryxrlwngfzgu8xkdslum2yxjp3ap8m,4141433607467,Gate.io
1b9fdeb12803e017f8b360a2540907037ecdc7792a99980ac4bdccc300f3d172,2023-12-31T03:01:19.664000,sent,kaspa:qrelgny7sr3vahq69yykxx36m65gvmhryxrlwngfzgu8xkdslum2yxjp3ap8m,7740607805045,Gate.io
e483bf8623abe1bc9e363438b273509b8bb4c95c8b6861ca46baa64d33a54a41,2023-12-26T20:51:06.052000,received,kaspa:qrrae3dxv4hd2pyumjxxgueutrswkwv97hs0fxuusjsfuyljcdn7zyf5fqp7n,100000000000,
e483bf8623abe1bc9e363438b273509b8bb4c95c8b6861ca46baa64d33a54a41,2023-12-26T20:51:06.052000,received,kaspa:qzhv2mzzs9mn48as865rfx02wvwk2nnqxl0tgfhut6jf24zujpzwsqjgx42m8,100000000000,
e483bf8623abe1bc9e363438b273509b8bb4c95c8b6861ca46baa64d33a54a41,2023-12-26T20:51:06.052000,received,kaspa:qqmcgfkfy8uwjv737hhdznyfr6ptyn5u9nqk6dycsp8ff0rja29hzwvq0dw0p,100000000000,
c655e24837ccc5cb545984ba57779df783015c0cc21ff8f6a8c9f5df2dfe0f89,2023-12-24T12:04:24.547000,received,kaspa:qqx3dl2s889fgtz3sfeez2ue8l3k503e530sgmg4069j525yq2tnca68xv4eh,49500000000,
321f80e10cfc222a5e5ce7b28182d3be63c1639a7f8cf796dc503d8a2ec15c1a,2023-12-17T17:36:31.371000,received,kaspa:qqx3dl2s889fgtz3sfeez2ue8l3k503e530sgmg4069j525yq2tnca68xv4eh,500000000,
