tx_id,timestamp,direction,peer_address,amount_sompi,cex_label
074662d31d98a38e5de6e6aab4a1e5b6a41bbd7b628c7f9afeba5a9d7e60a9b0,2023-12-20T09:36:15.079000,sent,kaspa:qrkaxvl2tw6pq6zx9xrr9lqnt9x72upf0hsrp3cvgcmfz77m50ycua35nz200,172970000,
074662d31d98a38e5de6e6aab4a1e5b6a41bbd7b628c7f9afeba5a9d7e60a9b0,2023-12-20T09:36:15.079000,sent,kaspa:qrkaxvl2tw6pq6zx9xrr9lqnt9x72upf0hsrp3cvgcmfz77m50ycua35nz200,172970000,
0ae8b635d17c5b5171fedbaa5b070eb4d5367dd7bd396a72a337bba5f0bba8cf,2023-12-12T20:51:56.637000,received,kaspa:qypswxtcrv4ssyjaswy5w9387vq73mkuyq85tl34cee6qn5uexqy0csgnafnjx7,171000000,
80783ef90b733002d84aa286702ba5d0fbcdafb9dd123ac6d5a6deabc71abfa4,2023-11-29T11:34:11.531000,sent,kaspa:qypp33s7cwjx9ydkccuk48pt2mpt6y32e75n0fcarfdeaxj6xzfj2nq4kt2yuf3,18000000,
1115087a48fdf390a0ed0e25709e71d6f01d88d0402c1111b858b156dfb1117b,2023-11-28T11:37:40.401000,received,kaspa:qqh2snwvlh0ax92p4qjp5hsdhmjh8cp74umq94w8nv3zv2xfxgy62z96hckvy,20000000,
