tx_id,timestamp,direction,peer_address,amount_sompi,cex_label
85ca86d9cbf2ab533cef6f4ad75c6480ba5557b9f182a81ed8d915c845a31162,2023-12-16T03:23:07.308000,sent,kaspa:qzslgwenzu78t6tldlng383g7ruu4enaljmnkgaulyrscjp7ldt26x8gfxck5,171940000,
85ca86d9cbf2ab533cef6f4ad75c6480ba5557b9f182a81ed8d915c845a31162,2023-12-16T03:23:07.308000,sent,kaspa:qzslgwenzu78t6tldlng383g7ruu4enaljmnkgaulyrscjp7ldt26x8gfxck5,171940000,
7a2cc3e135d365867109686270d564bff2ed6ac1a231f69ec2a897022c390b1a,2023-12-12T06:42:49.227000,received,kaspa:qypswxtcrv4ssyjaswy5w9387vq73mkuyq85tl34cee6qn5uexqy0csgnafnjx7,171000000,
869e0586532530f8fa714d5e621ba2ab4db9ceb9d880fdd9415a5e59246bc2f6,2023-11-28T07:47:07.277000,sent,kaspa:qypd6fx9xaufz9am26jphjcfqm4f58wfg3sy4p6j2mpj2r80fzehwag7825wu2r,18000000,
085802f13a09444878a36aac53bb71d8b501504156c6baea917abd045122fdbc,2023-11-28T03:19:40.853000,received,kaspa:qqeyly5kcha7xxm6c6vy78m4le9jwx6tdwdeuxx60khd9pr9h37n7rhwsfj9p,19000000,
