tx_id,timestamp,direction,peer_address,amount_sompi,cex_label
b4194a026becefcf15a32221bf1350b2955d7b259120d4089f5773377ea6dd1b,2023-12-13T08:38:57.091000,sent,kaspa:qqh06puhtgsu5utuakvv88ewhppn4dtp0k4a2df0xxga6ytg5p7vzcs0tuml5,14363160000,
1d076bfdb782d1f64db4a0d3f68ed19b4ccb8acc31d36585d14dab4422afad15,2023-12-12T08:03:05.716000,received,kaspa:qypswxtcrv4ssyjaswy5w9387vq73mkuyq85tl34cee6qn5uexqy0csgnafnjx7,171000000,
0ed645551dcda370be72194f2571cd86d3311d678ca5da011bec9510c08bec0c,2023-11-28T10:34:18.492000,sent,kaspa:qypa8emp0w7rta87sdt9y0v72h4mgv75kjnkrxws3scdgzhvts40umgd96gchew,18000000,
0ed645551dcda370be72194f2571cd86d3311d678ca5da011bec9510c08bec0c,2023-11-28T10:34:18.492000,sent,kaspa:qzus7gwav9w3uagfd5qv87camkhm227pt28c50pzgvlfpadvppkwujdx2y50a,2983200000,
47e9c246e8413dbb7264d641c5ba072845bcb33e70b4c6ad39717c55effa4e52,2023-11-28T10:26:57.811000,received,kaspa:qpvddmq08pu3r67s54eqclf2grl4rjse2p06w2r608c375k5863vj6z75gwpc,3001210000,
