tx_id,timestamp,direction,peer_address,amount_sompi,cex_label
7ccac08b46910d3d6ce2da19cf89bafd2045e6e79d2dfc4cb57ecc6f3d9feb6a,2023-12-12T05:13:17.027000,sent,kaspa:qz49j4avt7nkmgqr4qydlfkdzvj2rcxj9eq2jjg9hg9t6xf77sd0v7tl9wc64,172970000,
7ccac08b46910d3d6ce2da19cf89bafd2045e6e79d2dfc4cb57ecc6f3d9feb6a,2023-12-12T05:13:17.027000,sent,kaspa:qz49j4avt7nkmgqr4qydlfkdzvj2rcxj9eq2jjg9hg9t6xf77sd0v7tl9wc64,172970000,
57f9780cf862f5ed99a1efaf3ec17a0e1a6feef0fb9c0add84179661d1c7ea95,2023-12-12T01:29:17.903000,received,kaspa:qypswxtcrv4ssyjaswy5w9387vq73mkuyq85tl34cee6qn5uexqy0csgnafnjx7,171000000,
c052ef9854944274d9cc4796d537fe915041ea2817c9741236996e7f7b8a477e,2023-11-27T16:40:48.014000,sent,kaspa:qyppy5jwu6apuzea6fe0f4p0hanm5d9uz9xnu86pxzvjfje49tz69astaqm8csu,18000000,
8dfa3539b889992fdd91d6f653edef7b793aa26b6089d079cfb09942ff26b7fc,2023-11-27T16:10:37.848000,received,kaspa:qzng6vvdppafc7me5j9tegemeurkj64ndfj0wq7ajddgamy5ctmtg7tv46u8f,20000000,
