tx_id,timestamp,direction,peer_address,amount_sompi,cex_label
7edd730e45d2297d9be6d47219d69a94c735d1cc111ee182a605d7593520750e,2023-12-16T04:18:03.953000,sent,kaspa:qzslgwenzu78t6tldlng383g7ruu4enaljmnkgaulyrscjp7ldt26x8gfxck5,171940000,
7edd730e45d2297d9be6d47219d69a94c735d1cc111ee182a605d7593520750e,2023-12-16T04:18:03.953000,sent,kaspa:qzslgwenzu78t6tldlng383g7ruu4enaljmnkgaulyrscjp7ldt26x8gfxck5,171940000,
2940a0bf8691cd1eebac7f9a31663fa223a13c8be24fefaf94d25991773f8ed6,2023-12-12T06:23:55.957000,received,kaspa:qypswxtcrv4ssyjaswy5w9387vq73mkuyq85tl34cee6qn5uexqy0csgnafnjx7,171000000,
5cdc07f59daae4d739674ddb3d1210b53a7c980fc64be34e82fde5e352333c67,2023-11-28T07:11:25.691000,sent,kaspa:qypm7hqf3ys5g4rujxmzwel0wcgxhcrqe00zmrwl6dvrmnhq3r8kstcc67mnhfm,18000000,
bd2feda9c47f2f3320828ed2ccc83e8a4642ccdf971bb22271ad47611655b7d3,2023-11-28T06:00:55.596000,received,kaspa:qrqvcaxkmjun497mycnm9jmf8ntgdzm6dafyrguhtu352azffryc2yeypjtms,19000000,
