tx_id,timestamp,direction,peer_address,amount_sompi,cex_label
8897d89f6848cf6457c814ec2bd548846e7801f985c438bf4d2377524443d268,2023-12-19T04:34:02.286000,sent,kaspa:qrkaxvl2tw6pq6zx9xrr9lqnt9x72upf0hsrp3cvgcmfz77m50ycua35nz200,172970000,
8897d89f6848cf6457c814ec2bd548846e7801f985c438bf4d2377524443d268,2023-12-19T04:34:02.286000,sent,kaspa:qrkaxvl2tw6pq6zx9xrr9lqnt9x72upf0hsrp3cvgcmfz77m50ycua35nz200,172970000,
e0e507d272dadaec5a3edc0dc8960ec04f886ad341ee343c27fa93e3f55dcca4,2023-12-12T18:13:21.021000,received,kaspa:qypswxtcrv4ssyjaswy5w9387vq73mkuyq85tl34cee6qn5uexqy0csgnafnjx7,171000000,
0e195e9b113e82b19f70d30db53435051bbb76db9cccd0c1ad68a2208e10f125,2023-11-29T07:02:47.497000,sent,kaspa:qypf3kusy8hcmxherxsyr2u6nxn93nkcazdqafxyeg7g72l72aqnfzqrjq7f2gj,18000000,
68c7105e6ff9b35e94153939f501b755f7dec639faae29be88ae7267af974304,2023-11-28T10:43:48.609000,received,kaspa:qrzsd563kk3hfy0sjdvt8ea9hk6twxtyj7f5jsejrd5lcw5rvkcycuwfwq26k,20000000,
