tx_id,timestamp,direction,peer_address,amount_sompi,cex_label
2a44b5d10730a85a75829fad5e9ab2b0a4c5dc07f4a35a2418057f177cf0d0cb,2024-11-30T05:04:35.176000,sent,kaspa:qpzpfwcsqsxhxwup26r55fd0ghqlhyugz8cp6y3wxuddc02vcxtjg75pspnwz,10000000000000,MEXC
2a44b5d10730a85a75829fad5e9ab2b0a4c5dc07f4a35a2418057f177cf0d0cb,2024-11-30T05:04:35.176000,sent,kaspa:qpjunp39ssazf4rzfxxu0hd35xggfxn6lq0ls9u9q6peevzcmcv4xmv9q4njd,6929661182,
136905987d7d6bf92eb08566eb667b0a5fde0f23c3a0f037a44438f369113988,2024-11-30T04:48:38.335000,received,kaspa:qp92jrgxw838lkxgcjvt20jvp6hr89zgj6gj624y5ey99qc3z2edcnawxhcwp,1000000000000,
136905987d7d6bf92eb08566eb667b0a5fde0f23c3a0f037a44438f369113988,2024-11-30T04:48:38.335000,received,kaspa:qpnaqfe3xm925rv063ltrytvsypj344q5trgwp4uwuqem4xftets2d9x0067n,1000000000000,
4e16b3e5332c86d52f43f763fefd8635484021ef16aec626dd506da976132a1d,2024-11-27T01:54:34.040000,sent,kaspa:qpzpfwcsqsxhxwup26r55fd0ghqlhyugz8cp6y3wxuddc02vcxtjg75pspnwz,10000000000000,MEXC
4e16b3e5332c86d52f43f763fefd8635484021ef16aec626dd506da976132a1d,2024-11-27T01:54:34.040000,sent,kaspa:qpjunp39ssazf4rzfxxu0hd35xggfxn6lq0ls9u9q6peevzcmcv4xmv9q4njd,603474765896,
f0e19924dad905e5cdf5c18e0c17a5c5c11eb3cc3707b0c5728c9aa2b61cc5bd,2024-11-27T00:23:32.777000,received,kaspa:qzvaa7fk85smrrak3ka773ze3a7c8hy9fzutx0gs06s9p0ah0ye8wx9hflk4v,1000000000000,
8dde48927d2d156ce6007658b83bf49d72d58f8c74160e861d3bc79483dca6a4,2024-11-26T05:21:34.393000,sent,kaspa:qpzpfwcsqsxhxwup26r55fd0ghqlhyugz8cp6y3wxuddc02vcxtjg75pspnwz,10000000000000,MEXC
8dde48927d2d156ce6007658b83bf49d72d58f8c74160e861d3bc79483dca6a4,2024-11-26T05:21:34.393000,sent,kaspa:qpjunp39ssazf4rzfxxu0hd35xggfxn6lq0ls9u9q6peevzcmcv4xmv9q4njd,48138230157170,
e02e46bb5bd806df398404c582b1d5a5f6e9cca827f4c37045ddb8544f74ae30,2024-11-26T03:36:45.069000,received,kaspa:qzj20lkvuyzak4v5jrj9a64klh79uvtxy5dq2a93hfeuylu9f7nj5vgmrwcx0,1000000000000,
b06e2460e56c4ba87c309632389f5cef3498a439be6dc76581e5a33c2ae63df2,2024-11-25T05:33:29.310000,sent,kaspa:qpzpfwcsqsxhxwup26r55fd0ghqlhyugz8cp6y3wxuddc02vcxtjg75pspnwz,10000000000000,MEXC
b06e2460e56c4ba87c309632389f5cef3498a439be6dc76581e5a33c2ae63df2,2024-11-25T05:33:29.310000,sent,kaspa:qpjunp39ssazf4rzfxxu0hd35xggfxn6lq0ls9u9q6peevzcmcv4xmv9q4njd,51630024425,
e0e47785efffb19b4dc1135b85407a550a3ac3baa482ac99c90f1dab935992b7,2024-11-25T00:05:34.053000,received,kaspa:qzg6ll2ylvlqr00vugymj0ahrdmjrmkqu0v03xv39jznuek9pmgz7hzsq9p67,75700000000,
36cfa29fce6ac0d571ac4fb2c987bceabb4cc74b5f382e570e4f58fe3b23add0,2024-09-24T18:18:42.794000,sent,kaspa:qpzpfwcsqsxhxwup26r55fd0ghqlhyugz8cp6y3wxuddc02vcxtjg75pspnwz,2000000000000,MEXC
36cfa29fce6ac0d571ac4fb2c987bceabb4cc74b5f382e570e4f58fe3b23add0,2024-09-24T18:18:42.794000,sent,kaspa:qpjunp39ssazf4rzfxxu0hd35xggfxn6lq0ls9u9q6peevzcmcv4xmv9q4njd,23821803866198265,
b987b685d9c91075b7d77e523dffba234684ddc75be43017262705e912a938e3,2024-09-24T18:16:55.662000,received,kaspa:qqvad0a2r62j9g082g39zgrzw77k233nacnhh54njh72rph8er3w5lv2yu85e,30000000000,
fa8ca3ada19705ebc886c4c082d9e99984f45a002e0b6eb3366bf38636ce466d,2024-09-05T11:50:06.962000,sent,kaspa:qpzpfwcsqsxhxwup26r55fd0ghqlhyugz8cp6y3wxuddc02vcxtjg75pspnwz,2000000000000,MEXC
fa8ca3ada19705ebc886c4c082d9e99984f45a002e0b6eb3366bf38636ce466d,2024-09-05T11:50:06.962000,sent,kaspa:qpjunp39ssazf4rzfxxu0hd35xggfxn6lq0ls9u9q6peevzcmcv4xmv9q4njd,61740710097460790,
6b8facc411e96f23e4d39199a202ce1d07af8349d98583b8ec361373be9c0c71,2024-09-05T11:49:41.671000,received,kaspa:qqyh4au784w4lw6gpdf9a5pu22grewxqtwkv5wultp04txdpgzu7knnmszwkp,50000000000,
af0ac52b37fb7307557de73f9d0946413607e77c61d45573d95b60b725091908,2024-08-31T09:48:05.289000,sent,kaspa:qpzpfwcsqsxhxwup26r55fd0ghqlhyugz8cp6y3wxuddc02vcxtjg75pspnwz,2000000000000,MEXC
af0ac52b37fb7307557de73f9d0946413607e77c61d45573d95b60b725091908,2024-08-31T09:48:05.289000,sent,kaspa:qpjunp39ssazf4rzfxxu0hd35xggfxn6lq0ls9u9q6peevzcmcv4xmv9q4njd,73929147658460759,
57e97e0d4b13903db95c5976ebd593c54a675886c50a2825ccc23b898d74eb74,2024-08-31T09:47:38.046000,received,kaspa:qqkekxp5fn75au5qed9n256z8mse4f290de5lclyrz30h3qux3m5ys3n6mj83,50000000000,
90eeb09c89e74b250dd0e2baa92be2e202d33a9e32817831c525d739c45181f2,2024-08-30T01:27:34.846000,sent,kaspa:qpjunp39ssazf4rzfxxu0hd35xggfxn6lq0ls9u9q6peevzcmcv4xmv9q4njd,1403420170276,
c24928c583429090f89d07e3c4c71e69637367e4451590990c9028b449d5dc21,2024-08-29T15:16:36.725000,sent,kaspa:qpzpfwcsqsxhxwup26r55fd0ghqlhyugz8cp6y3wxuddc02vcxtjg75pspnwz,2000000000000,MEXC
c24928c583429090f89d07e3c4c71e69637367e4451590990c9028b449d5dc21,2024-08-29T15:16:36.725000,sent,kaspa:qpjunp39ssazf4rzfxxu0hd35xggfxn6lq0ls9u9q6peevzcmcv4xmv9q4njd,3283191839,
6a9d707b23aacfa1fa92d31e693fadd80c93ccb987a236401abae9f7188283b4,2024-08-29T14:20:03.723000,sent,kaspa:qpzpfwcsqsxhxwup26r55fd0ghqlhyugz8cp6y3wxuddc02vcxtjg75pspnwz,2000000000000,MEXC
6a9d707b23aacfa1fa92d31e693fadd80c93ccb987a236401abae9f7188283b4,2024-08-29T14:20:03.723000,sent,kaspa:qpjunp39ssazf4rzfxxu0hd35xggfxn6lq0ls9u9q6peevzcmcv4xmv9q4njd,9999330000,
2c7485eaf13376216765e762b9ba543a864d0c9c27ae6a6f298a1ad29e40ac61,2024-08-29T13:45:06.463000,sent,kaspa:qpzpfwcsqsxhxwup26r55fd0ghqlhyugz8cp6y3wxuddc02vcxtjg75pspnwz,2000000000000,MEXC
2c7485eaf13376216765e762b9ba543a864d0c9c27ae6a6f298a1ad29e40ac61,2024-08-29T13:45:06.463000,sent,kaspa:qpjunp39ssazf4rzfxxu0hd35xggfxn6lq0ls9u9q6peevzcmcv4xmv9q4njd,17733739237,
b5f69f11a3b06eaec861b703787c99bc3b0a1d5865bea32a3b67b2c55bad6596,2024-08-29T10:04:02.268000,sent,kaspa:qpzpfwcsqsxhxwup26r55fd0ghqlhyugz8cp6y3wxuddc02vcxtjg75pspnwz,2000000000000,MEXC
b5f69f11a3b06eaec861b703787c99bc3b0a1d5865bea32a3b67b2c55bad6596,2024-08-29T10:04:02.268000,sent,kaspa:qpjunp39ssazf4rzfxxu0hd35xggfxn6lq0ls9u9q6peevzcmcv4xmv9q4njd,20532640000,
9a20946e12946ecbb0fac94778f76cbf6e16c9fa0a1d775a10bf4a06cdd3e6b4,2024-08-29T04:06:33.141000,sent,kaspa:qpzpfwcsqsxhxwup26r55fd0ghqlhyugz8cp6y3wxuddc02vcxtjg75pspnwz,2000000000000,MEXC
9a20946e12946ecbb0fac94778f76cbf6e16c9fa0a1d775a10bf4a06cdd3e6b4,2024-08-29T04:06:33.141000,sent,kaspa:qpjunp39ssazf4rzfxxu0hd35xggfxn6lq0ls9u9q6peevzcmcv4xmv9q4njd,6856934601,
604e45c0e8245b24a9ae42cd64c6a5116c139c708af3c1ae83af131a14a80d79,2024-08-28T16:27:03.409000,sent,kaspa:qpzpfwcsqsxhxwup26r55fd0ghqlhyugz8cp6y3wxuddc02vcxtjg75pspnwz,2000000000000,MEXC
604e45c0e8245b24a9ae42cd64c6a5116c139c708af3c1ae83af131a14a80d79,2024-08-28T16:27:03.409000,sent,kaspa:qpjunp39ssazf4rzfxxu0hd35xggfxn6lq0ls9u9q6peevzcmcv4xmv9q4njd,14856071459,
ef7cda5ab8e43d7a14b9d70cccfac6fc2a904c6d7d7789ef010608174d8243b5,2024-08-28T15:50:34.384000,sent,kaspa:qpzpfwcsqsxhxwup26r55fd0ghqlhyugz8cp6y3wxuddc02vcxtjg75pspnwz,2000000000000,MEXC
ef7cda5ab8e43d7a14b9d70cccfac6fc2a904c6d7d7789ef010608174d8243b5,2024-08-28T15:50:34.384000,sent,kaspa:qpjunp39ssazf4rzfxxu0hd35xggfxn6lq0ls9u9q6peevzcmcv4xmv9q4njd,100627714751,
db8dc08739dc6c93fe3235cae756ccdfde42dee247590a8cac22ee663c13d261,2024-08-27T16:49:02.101000,sent,kaspa:qpzpfwcsqsxhxwup26r55fd0ghqlhyugz8cp6y3wxuddc02vcxtjg75pspnwz,2000000000000,MEXC
db8dc08739dc6c93fe3235cae756ccdfde42dee247590a8cac22ee663c13d261,2024-08-27T16:49:02.101000,sent,kaspa:qpjunp39ssazf4rzfxxu0hd35xggfxn6lq0ls9u9q6peevzcmcv4xmv9q4njd,449999950000,
593a01b58e4b0b9be00e7ba625ab2bc5b0790b5b81298875a551a2aef2395a58,2024-08-19T07:02:03.921000,received,kaspa:qztgh30xh5qfwk507gws7526kf8jcu8jvktctndt732xv60a4epyx632t4kl4,74400000000,
96ee6843227a5a133f4280c541972b66d3cdd4d91075ce056d94a9383ac3ac96,2024-08-09T05:42:45.100000,received,kaspa:qqrnzhxlzqakn30npsjuwsskn37f8wfnszunglfw7gj0f8skk43ygtk024cul,30000000000,
b72d02ced9584392649446a99d873c98565d6b6922b725b7a513c320f6b32a85,2024-08-01T16:23:16.797000,received,kaspa:qzra7m8tjwcsw6vh0zp7425ngwhcv37gl0unku2t3k40pm4lefax5p3ynh0ad,175000000000,
b0e4f7f94fe1be556ccb140ff8ea1082ddc935b38027c031e1340bfd1a2a288a,2024-08-01T16:10:47.029000,received,kaspa:qz8qw33cvaelte5wzcstlvleuyqpaa5l0ecc3rk7ndkpn63qh53mc5mnj55qx,26000000000,
157b757fa888cffc2ed4695c000648a122bbd4cfd90072ab7b03c2fc95ac12db,2024-07-26T07:10:54.128000,received,kaspa:qz45lpl4trt3nx3p6af22s22nylruld3muczsxaygynycnncat3aqvut5d68m,168000000000,
dae10b567d5bc5898fa5840806424968a8f35d1fb9cd62f807ff52bc820f3a84,2024-07-26T07:08:23.098000,received,kaspa:qzclljac2tx34sg9t4h4gad6kf62uuyjahf0e52r90x02nnqc02g5vgswnvn0,32000000000,
c51f66c17d540d98dc2cadcc057d69586633d843ac00a671f699da0b4aa30694,2024-07-17T03:44:32.053000,received,kaspa:qz05czhtn9ykpywnhmhnyxkr3jwftfwapjqz6wxr5ugz0695l0g4s8yl0p0c4,50000000000,
8b5a5e263df23960722cbf2414ad892f8d586123612f9a768404445755ea3041,2024-07-13T17:20:03.925000,received,kaspa:qqfg572aymzykvtc4s84d2cm6updkf4khzczduwtdc7rkd728sdkwas4wam7n,490000000000,
cb47d5c479ee9aa15006f63a27bc0b036c588acc2fe4d6e1fa7b0b7516be332d,2024-07-13T17:12:47.534000,received,kaspa:qqpwmdqyze3fuag2ugtv5n8q7ddey627ln950mt558k9u9zt50vj5nhypw4zy,10000000000,
cb47d5c479ee9aa15006f63a27bc0b036c588acc2fe4d6e1fa7b0b7516be332d,2024-07-13T17:12:47.534000,received,kaspa:qrm04rhxqngm97t3vvc2qywvp24qeec03hgr8hmtzhwnzqu0u94ms5q5698tx,10000000000,
0257b54dc0e73a34b3d2b0011dc00a9bfeb71415c5e6d1308e8e97b519a60429,2024-05-22T16:12:08.496000,sent,kaspa:qpzpfwcsqsxhxwup26r55fd0ghqlhyugz8cp6y3wxuddc02vcxtjg75pspnwz,2000000000000,MEXC
0257b54dc0e73a34b3d2b0011dc00a9bfeb71415c5e6d1308e8e97b519a60429,2024-05-22T16:12:08.496000,sent,kaspa:qpjunp39ssazf4rzfxxu0hd35xggfxn6lq0ls9u9q6peevzcmcv4xmv9q4njd,20008590765367615,
61601a2b98d7555f2fda9afeb256142b5346966101cfb1a56bf33037b8da3f17,2024-05-22T16:11:32.755000,received,kaspa:qqvl7j5h8frycmptjj7mh8yhl7f45yktq4zgxx8r752v27yp2knm52ej45jfn,999999996780,
61601a2b98d7555f2fda9afeb256142b5346966101cfb1a56bf33037b8da3f17,2024-05-22T16:11:32.755000,received,kaspa:qrdr5rpcunug22h7ghvqpcgdntjj32tu3psxq44mpq2k4096t3e259tag4cmy,999999996780,
89c1f40785b3703a874aeee63cb130acd310bf3c85bab22dc2525c8f1b24a44e,2024-05-22T16:10:36.459000,sent,kaspa:qpjunp39ssazf4rzfxxu0hd35xggfxn6lq0ls9u9q6peevzcmcv4xmv9q4njd,1285193809817,
50df32994e1135d741bea113d740047ee2fa2cde0bcda21882b4689ddd1216ad,2024-05-22T16:07:04.948000,sent,kaspa:qpzpfwcsqsxhxwup26r55fd0ghqlhyugz8cp6y3wxuddc02vcxtjg75pspnwz,2000000000000,MEXC
50df32994e1135d741bea113d740047ee2fa2cde0bcda21882b4689ddd1216ad,2024-05-22T16:07:04.948000,sent,kaspa:qpjunp39ssazf4rzfxxu0hd35xggfxn6lq0ls9u9q6peevzcmcv4xmv9q4njd,20018415893843016,
d0af241a9ad0cc5aa9ea559db56f562a2c6b68529f918607f19e5304c095d5c9,2024-05-22T16:05:09.293000,received,kaspa:qzj5pfwwrlnk6nskf08t7twyjlh8c952928yypddm3axsu9y347yjjr47hvun,499999996780,
d0af241a9ad0cc5aa9ea559db56f562a2c6b68529f918607f19e5304c095d5c9,2024-05-22T16:05:09.293000,received,kaspa:qpljtr9gqywgy8wz66wqycvuv3pu8hgdvmkwltspu4qxzrjtvhry5ctcvcvhz,499999996780,
36616764f733491dc536ba79baf8d332ea29340f9dccfe507359d6a4af38b276,2024-05-22T15:58:48.279000,received,kaspa:qptmpslc6szajm78kks3ln7empnyg58vrk75w8kj6kanfxj8s7qt2v6r8e94s,9999997931,
