tx_id,timestamp,direction,peer_address,amount_sompi,cex_label
8334cc69025a1668f6f5fdc63e9437472a696430b6ec948a3e263ec16a108e8c,2023-12-16T04:45:09.979000,sent,kaspa:qzslgwenzu78t6tldlng383g7ruu4enaljmnkgaulyrscjp7ldt26x8gfxck5,171940000,
8334cc69025a1668f6f5fdc63e9437472a696430b6ec948a3e263ec16a108e8c,2023-12-16T04:45:09.979000,sent,kaspa:qzslgwenzu78t6tldlng383g7ruu4enaljmnkgaulyrscjp7ldt26x8gfxck5,171940000,
d097d9e2bec93728c3a2eda7d346626916a96e3f18531ba6ed097f2894d421d9,2023-12-12T13:01:53.627000,received,kaspa:qypswxtcrv4ssyjaswy5w9387vq73mkuyq85tl34cee6qn5uexqy0csgnafnjx7,171000000,
ea81896c6b344f492cdd0d4110dd157a80cbecc591f254a7158641d935175cb5,2023-11-28T17:42:51.601000,sent,kaspa:qypu30rlx4qlfznkp83vveq2c808hcvhk4m3l3k4sjx2j8nk4l078rqj9j7wug8,18000000,
069020c979346d465e5fc1f63a46bf769d713990103931daba8cbe84744ce825,2023-11-27T22:50:51.977000,received,kaspa:qpelmscywk22ut5c7zmwt0vu96jveg9mwrdcwcx644t0yj9efvkl7kek7gc24,19000000,
