tx_id,timestamp,direction,peer_address,amount_sompi,cex_label
953bd42eedcdafa26c2b210bd621f8451cff81a6e7fa44d04a88c1d3ce270a95,2025-05-02T02:41:11.775000,sent,kaspa:qzm5llw0ryvh4cc4vsgktf6cnww32uhmfr5fvsqkha5x660ce58266uagjt2a,115000000000,
953bd42eedcdafa26c2b210bd621f8451cff81a6e7fa44d04a88c1d3ce270a95,2025-05-02T02:41:11.775000,sent,kaspa:qzm5llw0ryvh4cc4vsgktf6cnww32uhmfr5fvsqkha5x660ce58266uagjt2a,115000000000,
ff31d55d4ffbcd2c70a56fc703b357558b32afa18671530a51d4daa9cac9231b,2025-05-01T23:20:04.072000,received,kaspa:qpzpfwcsqsxhxwup26r55fd0ghqlhyugz8cp6y3wxuddc02vcxtjg75pspnwz,5000000000,MEXC
92297f4eb31664407db8b3dda9f551c7788845b392fc4b92a98b4df36a6c02b5,2025-05-01T17:40:05.552000,received,kaspa:qpzpfwcsqsxhxwup26r55fd0ghqlhyugz8cp6y3wxuddc02vcxtjg75pspnwz,10000040000,MEXC
244cb17a5ee89f8b888fa7928c82a13829ce2e4a5318a91ad45fba61aef0599d,2025-04-04T02:47:41.348000,sent,kaspa:qzm5llw0ryvh4cc4vsgktf6cnww32uhmfr5fvsqkha5x660ce58266uagjt2a,2000000000,
244cb17a5ee89f8b888fa7928c82a13829ce2e4a5318a91ad45fba61aef0599d,2025-04-04T02:47:41.348000,sent,kaspa:qzrtzyt9ey88pnjn8j2u946jtupwl3vu04h4dpcw6yrxswmxn2yvyzjsc25p3,7599980000,
244cb17a5ee89f8b888fa7928c82a13829ce2e4a5318a91ad45fba61aef0599d,2025-04-04T02:47:41.348000,sent,kaspa:qzm5llw0ryvh4cc4vsgktf6cnww32uhmfr5fvsqkha5x660ce58266uagjt2a,2000000000,
244cb17a5ee89f8b888fa7928c82a13829ce2e4a5318a91ad45fba61aef0599d,2025-04-04T02:47:41.348000,sent,kaspa:qzrtzyt9ey88pnjn8j2u946jtupwl3vu04h4dpcw6yrxswmxn2yvyzjsc25p3,7599980000,
5e6f2dc1eff217b83334f1814a01d332c8ad995b99b9cf5b3365caa34da91078,2025-04-03T21:57:05.348000,received,kaspa:qpzpfwcsqsxhxwup26r55fd0ghqlhyugz8cp6y3wxuddc02vcxtjg75pspnwz,7600000000,MEXC
42d58ec7b7d341902cc1520ce712cf60c48740e84840a59bbd9f5ce8f8e5d77f,2025-04-03T15:10:04.461000,received,kaspa:qpzpfwcsqsxhxwup26r55fd0ghqlhyugz8cp6y3wxuddc02vcxtjg75pspnwz,2000000000,MEXC
