tx_id,timestamp,direction,peer_address,amount_sompi,cex_label
3838d454183586af815bcfdd85e7426a135034447eea255170d6fe9cad2bd706,2024-10-12T01:20:06.697000,sent,kaspa:qqwnn0u78gu3pagsdzrjwdle23tdrtwq2j74ryylag2quaer4dv05c6r4qysa,14922744342,
3838d454183586af815bcfdd85e7426a135034447eea255170d6fe9cad2bd706,2024-10-12T01:20:06.697000,sent,kaspa:qqwnn0u78gu3pagsdzrjwdle23tdrtwq2j74ryylag2quaer4dv05c6r4qysa,14922744342,
3838d454183586af815bcfdd85e7426a135034447eea255170d6fe9cad2bd706,2024-10-12T01:20:06.697000,sent,kaspa:qqwnn0u78gu3pagsdzrjwdle23tdrtwq2j74ryylag2quaer4dv05c6r4qysa,14922744342,
32c400b57c68ae916f773ce7cef6df018bb7258ed34ced590a285af6821a358b,2024-09-15T11:49:00.742000,sent,kaspa:qqwnn0u78gu3pagsdzrjwdle23tdrtwq2j74ryylag2quaer4dv05c6r4qysa,5000000000,
621daa40e4fc90ecac798a1d354a1d635838844185255748a578cfeca4c11c89,2024-08-27T12:45:23.900000,sent,kaspa:qru7mpntennz7q8558zjn0lsdfcunqj43jm5p7pjrcqzptzyk9djz5a30ky2k,100000000,
545edad09eec3db50d92dbc6f8493bfd5cb0cfa59f3b3ddb3efa1324d2db9668,2024-07-23T06:07:59.561000,received,kaspa:qru7mpntennz7q8558zjn0lsdfcunqj43jm5p7pjrcqzptzyk9djz5a30ky2k,10005744516,
545edad09eec3db50d92dbc6f8493bfd5cb0cfa59f3b3ddb3efa1324d2db9668,2024-07-23T06:07:59.561000,received,kaspa:qru7mpntennz7q8558zjn0lsdfcunqj43jm5p7pjrcqzptzyk9djz5a30ky2k,10005744516,
1633563c1ff91330999466d8bd40ca178bead24ef35206d2048d9cd46fd6649f,2024-07-23T06:07:43.825000,received,kaspa:qru7mpntennz7q8558zjn0lsdfcunqj43jm5p7pjrcqzptzyk9djz5a30ky2k,10003105690,
b0b223b175b19f0de0a48e4bcc877efaa9a2755f48bd4564ab4b0c506ba6ca0a,2024-07-23T06:07:12.038000,received,kaspa:qru7mpntennz7q8558zjn0lsdfcunqj43jm5p7pjrcqzptzyk9djz5a30ky2k,15094136,
a4ddcd0d9997bb864f6daa27b050693deb0129b6633be7fac217cca6ddefa55e,2024-07-23T06:00:52.778000,sent,kaspa:qq9zagcza4jt76eev9jl5z0nqhe0thcu7js8larktj4sle7lvgnw7sfcewlty,20023000000,
a4ddcd0d9997bb864f6daa27b050693deb0129b6633be7fac217cca6ddefa55e,2024-07-23T06:00:52.778000,sent,kaspa:qq9zagcza4jt76eev9jl5z0nqhe0thcu7js8larktj4sle7lvgnw7sfcewlty,20023000000,
a4ddcd0d9997bb864f6daa27b050693deb0129b6633be7fac217cca6ddefa55e,2024-07-23T06:00:52.778000,sent,kaspa:qq9zagcza4jt76eev9jl5z0nqhe0thcu7js8larktj4sle7lvgnw7sfcewlty,20023000000,
c674a39edab93cb7436e0214ebf5b35678ba5912fd9e029879936149746bddbb,2024-07-23T05:56:46.383000,received,kaspa:qru7mpntennz7q8558zjn0lsdfcunqj43jm5p7pjrcqzptzyk9djz5a30ky2k,10005744516,
c674a39edab93cb7436e0214ebf5b35678ba5912fd9e029879936149746bddbb,2024-07-23T05:56:46.383000,received,kaspa:qru7mpntennz7q8558zjn0lsdfcunqj43jm5p7pjrcqzptzyk9djz5a30ky2k,10005744516,
370100f316e8b7183704be1725af074be0da8da6cb5339e52486ff6dfae36238,2024-07-23T05:55:42.435000,received,kaspa:qru7mpntennz7q8558zjn0lsdfcunqj43jm5p7pjrcqzptzyk9djz5a30ky2k,10003105690,
6e67bc8ac2436183253e2a209bdb194f714cc6d746e3fa7c03b4bda6a19ff0fa,2024-07-23T05:55:26.354000,received,kaspa:qru7mpntennz7q8558zjn0lsdfcunqj43jm5p7pjrcqzptzyk9djz5a30ky2k,15094136,
fbeb90e6585118d05a4800c23940ee0070ed18e12e2934d045c0bd002492483a,2024-07-23T05:25:58.161000,sent,kaspa:qru7mpntennz7q8558zjn0lsdfcunqj43jm5p7pjrcqzptzyk9djz5a30ky2k,20023000000,
fbeb90e6585118d05a4800c23940ee0070ed18e12e2934d045c0bd002492483a,2024-07-23T05:25:58.161000,sent,kaspa:qru7mpntennz7q8558zjn0lsdfcunqj43jm5p7pjrcqzptzyk9djz5a30ky2k,20023000000,
fbeb90e6585118d05a4800c23940ee0070ed18e12e2934d045c0bd002492483a,2024-07-23T05:25:58.161000,sent,kaspa:qru7mpntennz7q8558zjn0lsdfcunqj43jm5p7pjrcqzptzyk9djz5a30ky2k,20023000000,
2ca7b2c312c628fa16a88d2c767bc524d4c4cd41ef2472cc675bd42472b57ad0,2024-07-23T05:22:23.998000,received,kaspa:qru7mpntennz7q8558zjn0lsdfcunqj43jm5p7pjrcqzptzyk9djz5a30ky2k,10005744516,
62405a87021af3b7d1e7af2900d59b147100bb54fbc9ea3f9ee74e7e325b2059,2024-07-23T05:21:40.970000,received,kaspa:qru7mpntennz7q8558zjn0lsdfcunqj43jm5p7pjrcqzptzyk9djz5a30ky2k,10003105690,
10d437dde43239f00d6dde29e795316d22b59efe767196024b1bb6675ae8cf9c,2024-07-23T05:19:42.604000,received,kaspa:qru7mpntennz7q8558zjn0lsdfcunqj43jm5p7pjrcqzptzyk9djz5a30ky2k,15094136,
