tx_id,timestamp,direction,peer_address,amount_sompi,cex_label
4a9b898527307486d8e9dab5daab1e96cbea4c206b5a3c8c649d477f5a8359bb,2024-03-09T23:30:10.111000,sent,kaspa:qqnqv3rvnctfyrjteurqm0gmqfu7yjg3949yxpyxxfa4rgm9nt2zxauwq8xvs,1500000000000,
4a9b898527307486d8e9dab5daab1e96cbea4c206b5a3c8c649d477f5a8359bb,2024-03-09T23:30:10.111000,sent,kaspa:qp0zs56h6vhq5s5c4j9ydn8j9mhr5n32ynjggj0y6nsqwl0872d2v7hd3npck,4517223163033,
25849d57dd1c7bf673634183a5e7d21911941477ebd2d22511a453e6322f6847,2024-03-09T15:07:49.609000,received,kaspa:qp5p3k2xmdapfgc3595ytmf9g6d36znp7x0psu6gryw6zay7qqm0crnv7lyz6,6017223165102,
25849d57dd1c7bf673634183a5e7d21911941477ebd2d22511a453e6322f6847,2024-03-09T15:07:49.609000,received,kaspa:qqmdrrlznz7cgax9jvefm4g4fwtsnnz8r96574qduyjakmyd5rtgc3a4rx0qr,6017223165102,
