tx_id,timestamp,direction,peer_address,amount_sompi,cex_label
95517ed30385d4b38844db8acf16ff8b4983e9f084624aec34bc2d6a56311618,2024-02-17T10:19:00.519000,sent,kaspa:qqd463qjk795l7x06el7qjdh4hjtprah8mtnxx8exg8wz43fla4djkghheu25,172980000,
95517ed30385d4b38844db8acf16ff8b4983e9f084624aec34bc2d6a56311618,2024-02-17T10:19:00.519000,sent,kaspa:qqd463qjk795l7x06el7qjdh4hjtprah8mtnxx8exg8wz43fla4djkghheu25,172980000,
9046949cabd8449613f539c3a2cf440878ec990bc53ff6daab5a7f1c0417d9ef,2023-12-12T15:53:37.563000,received,kaspa:qypswxtcrv4ssyjaswy5w9387vq73mkuyq85tl34cee6qn5uexqy0csgnafnjx7,171000000,
6d0b750a0e42c516ac9050a79e3ee833823133766b5591d78858506f3170750f,2023-11-29T02:36:27.337000,sent,kaspa:qypmpcsw2rhdzxjwuaa86y3xec9rntxvqf3558xu2v3ecw2f6k5jsfs742c6v27,18000000,
863f266fd7c60b16c4c817806d56750ec283b5d1ecdba43f3e074200a4481175,2023-11-27T11:48:32.931000,received,kaspa:qyp3tqm6gwk4ysnttvtq2haz8ffmpd62mcjj5dcz9jqg3lm58jpxrrqya7l88kj,20000000,
