tx_id,timestamp,direction,peer_address,amount_sompi,cex_label
59a1b34c0c826d34bd47654bae5834951791b446acb0ccaec86af4850a483d66,2023-12-16T05:02:56.244000,sent,kaspa:qzslgwenzu78t6tldlng383g7ruu4enaljmnkgaulyrscjp7ldt26x8gfxck5,171940000,
59a1b34c0c826d34bd47654bae5834951791b446acb0ccaec86af4850a483d66,2023-12-16T05:02:56.244000,sent,kaspa:qzslgwenzu78t6tldlng383g7ruu4enaljmnkgaulyrscjp7ldt26x8gfxck5,171940000,
4395cb673638ebc864f37471852e39c6de19796964801ccf703802356d908b8f,2023-12-13T02:56:43.870000,received,kaspa:qypswxtcrv4ssyjaswy5w9387vq73mkuyq85tl34cee6qn5uexqy0csgnafnjx7,171000000,
496c40c3a861cecdff5a31e8249defcdca8b5d96f1949548c911495e7350eb20,2023-11-29T18:14:57.019000,sent,kaspa:qypd05cv5wgpy9cwq6sj8v7g38kxgw36r8rh7y2wxwplhxzhnuyus4cf23lphhk,18000000,
67f62d18fd408283880db4da58125ace5cb8d98689d026b0f23ee67e2560eb51,2023-11-28T18:04:41.712000,received,kaspa:qpwhru0ycq9aqhmkwzwsz5q888cxytn6pjlhang56rff0m2ysh727vazd7ejt,19000000,
