tx_id,timestamp,direction,peer_address,amount_sompi,cex_label
07c4b58ad3e1bd46d2691419323465ec47ee121e5e863baa6b89ed944a8cd243,2023-12-16T04:06:10.247000,sent,kaspa:qzslgwenzu78t6tldlng383g7ruu4enaljmnkgaulyrscjp7ldt26x8gfxck5,171940000,
07c4b58ad3e1bd46d2691419323465ec47ee121e5e863baa6b89ed944a8cd243,2023-12-16T04:06:10.247000,sent,kaspa:qzslgwenzu78t6tldlng383g7ruu4enaljmnkgaulyrscjp7ldt26x8gfxck5,171940000,
497ef9c14a6c3f60656b9adbd6e06b81a4e8f8ec15f5d23f31cec420a74fbb4d,2023-12-12T05:19:43.127000,received,kaspa:qypswxtcrv4ssyjaswy5w9387vq73mkuyq85tl34cee6qn5uexqy0csgnafnjx7,171000000,
0cf74a6b419b3ed24960e16d3f3eb8e901b7e443da34ade2db8287dec6a1f20a,2023-11-28T05:18:38.956000,sent,kaspa:qypqj4t6crv4kg99gl9kunt0k2svxn2a9uga5y45z2xfxksrxhjrzrgutclp6m6,18000000,
46bb9505bf19dcadc289f6e5770a2f2a5771b6c61e4411a8c4de39280e837cf7,2023-11-28T03:24:37.894000,received,kaspa:qq9lyhkvtjr628ps724afyqk9n83d0tljqhleedzrmqvmlhldaunut5739sg7,19000000,
