tx_id,timestamp,direction,peer_address,amount_sompi,cex_label
78e955a2f9b6353255e4c68fecd6d48ce8d162b7d82581c20b40423cef1e004c,2023-12-12T09:08:17.635000,received,kaspa:qypswxtcrv4ssyjaswy5w9387vq73mkuyq85tl34cee6qn5uexqy0csgnafnjx7,171000000,
56f279100781b7adaa4055b2ea96efb4b0ed87608b8cc6634df26ce21f27a5f6,2023-11-28T12:30:28.646000,sent,kaspa:qyp4kz6cuyjwfuph4wqjp3ydu46hvnu8umt7dj9akm47964qlduv48qvsw9jdpk,18000000,
56f279100781b7adaa4055b2ea96efb4b0ed87608b8cc6634df26ce21f27a5f6,2023-11-28T12:30:28.646000,sent,kaspa:qzg29qhsd0mhk7ttdy9mjavfzr9fvmltf2t8zegx7f0fzywpjfnpuj5cma7m0,1521810000,
b048e37d8840f40856539d61c4b6c0159fd09312140b05bd940d5778d22a8070,2023-11-28T12:25:01.038000,received,kaspa:qrktekh6lycm6yct43vglu6xk2l32f0h0l2lsf7rgdxc6zf7grx7g8zndtnfc,1539820000,
