tx_id,timestamp,direction,peer_address,amount_sompi,cex_label
c12b75c0e3d096be36dd7d7d6b7cb8d9ee40bc4d758607eadf14db724b4629d1,2023-12-18T04:59:22.543000,sent,kaspa:qqyqa6cfzxmnetesl0j77509dp5c0ntk2hsqg9mggkv8leh4xvr25sf8hs74p,171070000,
c12b75c0e3d096be36dd7d7d6b7cb8d9ee40bc4d758607eadf14db724b4629d1,2023-12-18T04:59:22.543000,sent,kaspa:qqyqa6cfzxmnetesl0j77509dp5c0ntk2hsqg9mggkv8leh4xvr25sf8hs74p,171070000,
ff7a801aba9adeeaa489e928eb29e0598f8fd8032f307c2788a15b5f606a2701,2023-12-12T05:50:46.913000,received,kaspa:qypswxtcrv4ssyjaswy5w9387vq73mkuyq85tl34cee6qn5uexqy0csgnafnjx7,171000000,
306c4b2d6b9684aaecb84da28c9c07be10cf330a94a1c9f90b2d9f8b5ab0a833,2023-11-28T06:11:50.476000,sent,kaspa:qypa99cpzqhnszks235fdur05x70e8ha0ewddlmd2v7dg43jsyl6r9sajve84uf,18000000,
4eae3a739dc791540a1837e169d733b560ef460cbcefda2aa2067be746a5699b,2023-11-27T23:07:27.602000,received,kaspa:qrkl7waj0y5zvjpjaxueu5zx4py97ae6fec2jp5una59ldw0rwwfkuyzcsqp7,18100000,
