tx_id,timestamp,direction,peer_address,amount_sompi,cex_label
b0486733ce37a641693b6213d5b90152af59f8d02392b7a25a9c77c9f4167f39,2023-12-16T04:04:15.650000,sent,kaspa:qzslgwenzu78t6tldlng383g7ruu4enaljmnkgaulyrscjp7ldt26x8gfxck5,171940000,
b0486733ce37a641693b6213d5b90152af59f8d02392b7a25a9c77c9f4167f39,2023-12-16T04:04:15.650000,sent,kaspa:qzslgwenzu78t6tldlng383g7ruu4enaljmnkgaulyrscjp7ldt26x8gfxck5,171940000,
c14a70db7883990eaa3f70432e9d53663a342bd81f45cb831bec0caae1707422,2023-12-12T05:06:36.951000,received,kaspa:qypswxtcrv4ssyjaswy5w9387vq73mkuyq85tl34cee6qn5uexqy0csgnafnjx7,171000000,
67f0318be3469078b053f6dbb445a4f540b3bf74d846f30d1d9c69d0b8abea66,2023-11-28T05:02:39.878000,sent,kaspa:qypaye6hudqx8p32jmgr8yv3sgfahketejjfmsdw68xn6dtedzxjzqqcf5wzn8y,18000000,
b65675c2a09548e8822137253795f315afda4d0833c39e25fd4ae03c80696e1c,2023-11-27T22:58:22.091000,received,kaspa:qqh7rucfq4h2xtcaht3wqm5d6tcy6ued5rgzc7pmmgczwxg059xqu3qxu9e24,19000000,
