tx_id,timestamp,direction,peer_address,amount_sompi,cex_label
89cf5e7cb586289da406a822f0bd8fdf2947afc6bc59a2333988fcb784f56598,2023-12-13T06:43:07.313000,sent,kaspa:qrhphgd7uyppt7chpjv3kjaxrnax596kmrgre048699ph5z6u0wusstwzh8le,8720460000,
311b62346626ee17ea38fde064059ef012a7bc4b86703a0b9922cf972ccd2ab9,2023-12-12T06:53:03.379000,received,kaspa:qypswxtcrv4ssyjaswy5w9387vq73mkuyq85tl34cee6qn5uexqy0csgnafnjx7,171000000,
22ee693bae287371568ad4ef70891224ec6e22616c108fc19dee27ec745af5b5,2023-11-28T08:07:29.913000,sent,kaspa:qypfyepzvtt7cqfnttc88cf38jjqxyzju5egjzzfd2l2unm607cwaks7gzg8r6s,18000000,
22ee693bae287371568ad4ef70891224ec6e22616c108fc19dee27ec745af5b5,2023-11-28T08:07:29.913000,sent,kaspa:qpzahz2cnfj0qhlrjh9ceg6zevd2tc5x3l6p30khc9984l96yfe6zp69je5jl,101790000,
157752f7ccb2e7f6889f4179b80858221c9edb2934e3e90b13c3078854c84cdc,2023-11-28T07:26:37.987000,received,kaspa:qqsafxm67kwnclfxtk7369c9u89ljgyqea7uqgqg2dh3kc23ace9wr5hqzhqc,119800000,
