tx_id,timestamp,direction,peer_address,amount_sompi,cex_label
4019e638eb22ad29888e840a359ac4025b85d8165693c889e7d2553b7558369b,2023-12-16T04:45:35.110000,sent,kaspa:qzslgwenzu78t6tldlng383g7ruu4enaljmnkgaulyrscjp7ldt26x8gfxck5,171940000,
4019e638eb22ad29888e840a359ac4025b85d8165693c889e7d2553b7558369b,2023-12-16T04:45:35.110000,sent,kaspa:qzslgwenzu78t6tldlng383g7ruu4enaljmnkgaulyrscjp7ldt26x8gfxck5,171940000,
238b1dbde04a0947cb6381f23678987d04cfb8cbc5f705d8e012637c05d2a0ed,2023-12-12T13:06:47.206000,received,kaspa:qypswxtcrv4ssyjaswy5w9387vq73mkuyq85tl34cee6qn5uexqy0csgnafnjx7,171000000,
17815a75950e8b79546282c4c5357b51a37745cd0430af8a99bfb39af9acef05,2023-11-28T17:49:35.194000,sent,kaspa:qypcaykw9jzss30g7fkk4646dkl6ds93f23ylwd552h0hjy564elzcg887366a4,18000000,
406f0702fcf3944bdc25e0768945cfc7c7515dd1ad573f7031f5709028863bd0,2023-11-28T03:20:27.693000,received,kaspa:qz6l8tgf857xsthzey5323llrrazwwjguaza9ahgna75apjuczwac56pn4plh,19000000,
