tx_id,timestamp,direction,peer_address,amount_sompi,cex_label
419a9a3683842797ea1be6ec895629215a2e3a64437ae7f3347f9de926f8ec6f,2023-12-16T03:21:22.686000,sent,kaspa:qzslgwenzu78t6tldlng383g7ruu4enaljmnkgaulyrscjp7ldt26x8gfxck5,171940000,
419a9a3683842797ea1be6ec895629215a2e3a64437ae7f3347f9de926f8ec6f,2023-12-16T03:21:22.686000,sent,kaspa:qzslgwenzu78t6tldlng383g7ruu4enaljmnkgaulyrscjp7ldt26x8gfxck5,171940000,
b089f9545cbcd57d306a0d3da478d77790bff9b326ccaafef142b980e424d047,2023-12-12T03:41:05.726000,received,kaspa:qypswxtcrv4ssyjaswy5w9387vq73mkuyq85tl34cee6qn5uexqy0csgnafnjx7,171000000,
d5798aef3c06c5c3e9c5c20da6cf2791d0ee634c16e0aa2b2261b5e65913f743,2023-11-28T01:28:17.867000,sent,kaspa:qypctxshh7kk0v4saht6mauddp2rj2zhs2g4wlpudrkdkzyls6h8ghguc8za00w,18000000,
af4d1fa158dcf2bd138b312a3c8194198e887fd116ec4482a78353298ce115c5,2023-11-27T22:56:33.125000,received,kaspa:qqjyq6k04n3x02w9rj97mqqj558shn4gyfkclm3ks928uypf45er5tfhm646q,19000000,
