tx_id,timestamp,direction,peer_address,amount_sompi,cex_label
d751d6a9691166173315a47e4b9533c1642993de606f2a52e20f163ac2d5a92b,2023-12-16T04:06:37.463000,sent,kaspa:qzslgwenzu78t6tldlng383g7ruu4enaljmnkgaulyrscjp7ldt26x8gfxck5,171940000,
d751d6a9691166173315a47e4b9533c1642993de606f2a52e20f163ac2d5a92b,2023-12-16T04:06:37.463000,sent,kaspa:qzslgwenzu78t6tldlng383g7ruu4enaljmnkgaulyrscjp7ldt26x8gfxck5,171940000,
2cb979d40cc2cca92dccddfe5349e332123a4e1da811ba7f7da0cecbd5976d5d,2023-12-12T05:42:48.070000,received,kaspa:qypswxtcrv4ssyjaswy5w9387vq73mkuyq85tl34cee6qn5uexqy0csgnafnjx7,171000000,
6a10b37b724041b4bac2834a3f8d2c4a0f912c5b1b921135dccfb3d1d12f3906,2023-11-28T05:53:22.373000,sent,kaspa:qyp50y2dmazy469u6uaknnzt9w0jgzksrgpjtv0hxvk0tke6n0shu4slynkthss,18000000,
4efdeb2670645788bca239787c05d65ae27f30305cc4bfd3a9207d2dbdf9e17b,2023-11-27T18:48:28.259000,received,kaspa:qz63ppr2zl6fny4vy8z3adjfsygghjqg58du4z7nd5wgep8snx5ssls2hfljj,19000000,
