tx_id,timestamp,direction,peer_address,amount_sompi,cex_label
082cc9734620b3be545fa99783c004c13b0e5280c87caa6c39d8809f90cf240c,2023-12-13T08:43:42.379000,sent,kaspa:qqh06puhtgsu5utuakvv88ewhppn4dtp0k4a2df0xxga6ytg5p7vzcs0tuml5,14363160000,
8aa37a41db8150fd0504204ca693881ff4b64a98b102bebdbac736cf02ef3087,2023-12-12T01:55:00.551000,received,kaspa:qypswxtcrv4ssyjaswy5w9387vq73mkuyq85tl34cee6qn5uexqy0csgnafnjx7,171000000,
33c559b03929cb346f476e417504e40d5c2a7b4bfee0a8335d36fba1dda89d24,2023-11-27T18:41:45.205000,sent,kaspa:qypsvmyjxhrd9wnny4ukr0vcnag763f2lpcahpv5junqwhv7td497ksu5hjzcx3,18000000,
33c559b03929cb346f476e417504e40d5c2a7b4bfee0a8335d36fba1dda89d24,2023-11-27T18:41:45.205000,sent,kaspa:qrmq4anj9jeznsdnehsqk7xc5ql6p47ytuy90f80e2x4sn68wxq9u69dz85gz,545470000,
e10cfda194467fa4aa0e55b6ecbc84fb456d6678a3bc2fc9df7c6f8b7003f04c,2023-11-27T18:37:41.592000,received,kaspa:qqmdx0m67yd0rcrnjnhygp4arvy0wxwanztvht27uztm6mu997r7k3kerqaqh,563480000,
