tx_id,timestamp,direction,peer_address,amount_sompi,cex_label
dc53a0f9fbfa8ae0b053479081aeecb1c3e3efac04080b37b558962014a6835e,2024-01-03T20:11:03.040000,sent,kaspa:qzl3qvd0sxf2a3xc2jzf8hvvm4w4ma68m2hs0vl4pnllnwqxuvzece9xhnsk8,236744045665,
dc53a0f9fbfa8ae0b053479081aeecb1c3e3efac04080b37b558962014a6835e,2024-01-03T20:11:03.040000,sent,kaspa:qr8qw78pllunyayxtf6ud8rpnrrq3vs8rjvgg0wkvj5xhtrph0v77w4qm7hzu,7342558736,
d88b23b05288d67ac8bad29254ec50e382ad06584dbdb715adea408be35495cd,2024-01-03T20:01:01.651000,received,kaspa:qqxurmm26zs7zvcztnd4t9geudgg8phymhf3srqp8p37r8e2wd4yv7vrlp4xr,34955991798,
d88b23b05288d67ac8bad29254ec50e382ad06584dbdb715adea408be35495cd,2024-01-03T20:01:01.651000,received,kaspa:qqxurmm26zs7zvcztnd4t9geudgg8phymhf3srqp8p37r8e2wd4yv7vrlp4xr,34955991798,
d88b23b05288d67ac8bad29254ec50e382ad06584dbdb715adea408be35495cd,2024-01-03T20:01:01.651000,received,kaspa:qru6zljuan7ja20v6zqxsll55wcmpj695x83f3xl7uyklraz8masj7s9d0e9p,34955991798,
d88b23b05288d67ac8bad29254ec50e382ad06584dbdb715adea408be35495cd,2024-01-03T20:01:01.651000,received,kaspa:qpq3ymkksukesqt88zxcrk3xe0q2xk9h7uve75gr92w2kqavsujfy6lk0dxp5,34955991798,
