tx_id,timestamp,direction,peer_address,amount_sompi,cex_label
71636eb76f8c4db183af18ce2417aba886389e0f5645b89a75d56ff4e729e333,2024-01-06T18:28:16.598000,received,kaspa:qypp56eshqmapr7u957ecvelxdlxkamz4rhev2qmghpkarmzngvtnqcp7fch8g4,100000000000,
71636eb76f8c4db183af18ce2417aba886389e0f5645b89a75d56ff4e729e333,2024-01-06T18:28:16.598000,received,kaspa:qypp56eshqmapr7u957ecvelxdlxkamz4rhev2qmghpkarmzngvtnqcp7fch8g4,100000000000,
71636eb76f8c4db183af18ce2417aba886389e0f5645b89a75d56ff4e729e333,2024-01-06T18:28:16.598000,received,kaspa:qypp56eshqmapr7u957ecvelxdlxkamz4rhev2qmghpkarmzngvtnqcp7fch8g4,100000000000,
71636eb76f8c4db183af18ce2417aba886389e0f5645b89a75d56ff4e729e333,2024-01-06T18:28:16.598000,received,kaspa:qypp56eshqmapr7u957ecvelxdlxkamz4rhev2qmghpkarmzngvtnqcp7fch8g4,100000000000,
828f7d0ec031cd7450aae0ebc0fe87007cc9bc65abf7fa6f1db695ce5824b49b,2024-01-02T21:32:22.601000,received,kaspa:qypqvtl28aeak9ymlj4qlrsn36rzv3c889d2s8453jq20qvmvcea5nqn3uq3j0w,80000000000,
5b17cb5d60313e4ef92fc7d37f52af0dcba68269c98ac7cf676af9c452f8c8ac,2024-01-02T21:30:32.440000,received,kaspa:qypqvtl28aeak9ymlj4qlrsn36rzv3c889d2s8453jq20qvmvcea5nqn3uq3j0w,20000000000,
