tx_id,timestamp,direction,peer_address,amount_sompi,cex_label
8fe70d5b16e76efbbcc4d9b1b25d900c2e812631c30b86add522d2f46e466a1c,2023-12-15T13:48:42.072000,sent,kaspa:qqsslpr5gst3y2s87k402r9yt7ajmak63vkgmathj8ys5qx4273jg40nngrd2,172970000,
8fe70d5b16e76efbbcc4d9b1b25d900c2e812631c30b86add522d2f46e466a1c,2023-12-15T13:48:42.072000,sent,kaspa:qqsslpr5gst3y2s87k402r9yt7ajmak63vkgmathj8ys5qx4273jg40nngrd2,172970000,
6e0b469bc41d74a68ab90326d165d5acaf0829b6419ba3e2e9b70e001caf6ef4,2023-12-12T04:02:09.966000,received,kaspa:qypswxtcrv4ssyjaswy5w9387vq73mkuyq85tl34cee6qn5uexqy0csgnafnjx7,171000000,
f75fc13148f56beb9ef07456210f7708b8707403fdf6f8874535f1767f30618b,2023-11-28T02:26:05.670000,sent,kaspa:qyp8hwyg5de5899wqeqqq29gkgqmndc0v4wn6926maegzsr6hl5550ch2dk3q0c,18000000,
fb9ee9677421468a00500f3c272415caf7654a7d362ce13a146f09dfc02a4803,2023-11-26T10:10:18.024000,received,kaspa:qyp70qht6pjqk2yl6cwl2n296pgcnwmtj8w0clcle08m5p8yu4tg7kgvv4n0qrg,20000000,
