tx_id,timestamp,direction,peer_address,amount_sompi,cex_label
b1619dd1d1afec43f38206cb95788d382be668a903f4da65f55a3f8d4edfc834,2024-01-12T05:59:02.554000,sent,kaspa:qqwvnkp47wsj6n4hkdlgj8dsauyx0xvefunnwvvsmpq2udd0ka8ckmpuqw3k5,8579698800000,
4c733c0a0784c659dff0bb34aaa634d495b0e49fc84c36db3604a480587b8b1b,2024-01-12T05:56:41.590000,sent,kaspa:qyphdq8nhr735t7k25tthnjrzk6wlc59fhwrwspc57as24es2cgq49c5v5xud8s,10000000000,
4c733c0a0784c659dff0bb34aaa634d495b0e49fc84c36db3604a480587b8b1b,2024-01-12T05:56:41.590000,sent,kaspa:qyphdq8nhr735t7k25tthnjrzk6wlc59fhwrwspc57as24es2cgq49c5v5xud8s,10000000000,
5f709af1b9fc669a831e8f7d842a5b03591b3c48ac60d27a9c7c4c3075073d6a,2023-12-25T10:51:44.267000,received,kaspa:qqetp7ct8kqss99fxmymyz5t3fezppxp0t58wl6pawp27elqd46uudme00cl0,2681904000000,
5f709af1b9fc669a831e8f7d842a5b03591b3c48ac60d27a9c7c4c3075073d6a,2023-12-25T10:51:44.267000,received,kaspa:qqetp7ct8kqss99fxmymyz5t3fezppxp0t58wl6pawp27elqd46uudme00cl0,2681904000000,
9a66720648e5f1a426107f94398bac2c0e7aeabe14355d984bf09dc5b263d996,2023-09-25T00:47:04.889000,received,kaspa:qqetp7ct8kqss99fxmymyz5t3fezppxp0t58wl6pawp27elqd46uudme00cl0,5907795000000,
