tx_id,timestamp,direction,peer_address,amount_sompi,cex_label
d1d693cd59e521eb30b697a32ff695268aa1a91a227d7c51f3c12bd03909f998,2024-11-18T17:41:27.621000,sent,kaspa:qpts264ytcjcm9m6hmgxn3z5j37kq6cnznfqc6fu9246d74743dwwp288defh,3992000000000,
d1d693cd59e521eb30b697a32ff695268aa1a91a227d7c51f3c12bd03909f998,2024-11-18T17:41:27.621000,sent,kaspa:qpts264ytcjcm9m6hmgxn3z5j37kq6cnznfqc6fu9246d74743dwwp288defh,3992000000000,
9d734ba1b63d84584aba64bdf33850b2579bc9d3d7b40c6e35b69db6817a0d1c,2024-11-18T17:38:27.290000,received,kaspa:qzgtduqyccg66ms6crgpgnnn802c7drpevy4fsq8069lpzhdwfxhy4079jsrp,3991988230622,
9d734ba1b63d84584aba64bdf33850b2579bc9d3d7b40c6e35b69db6817a0d1c,2024-11-18T17:38:27.290000,received,kaspa:qzgtduqyccg66ms6crgpgnnn802c7drpevy4fsq8069lpzhdwfxhy4079jsrp,3991988230622,
9d734ba1b63d84584aba64bdf33850b2579bc9d3d7b40c6e35b69db6817a0d1c,2024-11-18T17:38:27.290000,received,kaspa:qzgtduqyccg66ms6crgpgnnn802c7drpevy4fsq8069lpzhdwfxhy4079jsrp,3991988230622,
06a42b5e5eee7a6fd6c632f9618ddba6c71f859bb82e9137fd9e27590a4467ad,2024-11-18T16:16:34.536000,sent,kaspa:qpts264ytcjcm9m6hmgxn3z5j37kq6cnznfqc6fu9246d74743dwwp288defh,199500000000,
06a42b5e5eee7a6fd6c632f9618ddba6c71f859bb82e9137fd9e27590a4467ad,2024-11-18T16:16:34.536000,sent,kaspa:qpts264ytcjcm9m6hmgxn3z5j37kq6cnznfqc6fu9246d74743dwwp288defh,199500000000,
06a42b5e5eee7a6fd6c632f9618ddba6c71f859bb82e9137fd9e27590a4467ad,2024-11-18T16:16:34.536000,sent,kaspa:qpts264ytcjcm9m6hmgxn3z5j37kq6cnznfqc6fu9246d74743dwwp288defh,199500000000,
ec77c46d84e4cdced214815a36b3c5357d0af745ffa2b93c00144c368a618b2c,2024-11-18T16:08:19.210000,received,kaspa:qzgtduqyccg66ms6crgpgnnn802c7drpevy4fsq8069lpzhdwfxhy4079jsrp,99788191389,
06d6078d0448a083fb4edd760cbd4f6dd813a63fdc415d50af816180680700db,2024-11-18T16:07:32.919000,received,kaspa:qzgtduqyccg66ms6crgpgnnn802c7drpevy4fsq8069lpzhdwfxhy4079jsrp,99788141889,
ec91fee2e9b3b8ccbb25927cb04b1f489929d9506e76cffb15bd0bfe12b4b4fc,2024-11-18T16:03:00.630000,sent,kaspa:qpts264ytcjcm9m6hmgxn3z5j37kq6cnznfqc6fu9246d74743dwwp288defh,199500000000,
7d11af53bb03cd7a7c92fcbddbd4df87275135418a32f28df997e68bfb508d11,2024-11-18T15:59:07.702000,sent,kaspa:qpts264ytcjcm9m6hmgxn3z5j37kq6cnznfqc6fu9246d74743dwwp288defh,1796000000000,
7d11af53bb03cd7a7c92fcbddbd4df87275135418a32f28df997e68bfb508d11,2024-11-18T15:59:07.702000,sent,kaspa:qpts264ytcjcm9m6hmgxn3z5j37kq6cnznfqc6fu9246d74743dwwp288defh,1796000000000,
7d11af53bb03cd7a7c92fcbddbd4df87275135418a32f28df997e68bfb508d11,2024-11-18T15:59:07.702000,sent,kaspa:qpts264ytcjcm9m6hmgxn3z5j37kq6cnznfqc6fu9246d74743dwwp288defh,1796000000000,
7d11af53bb03cd7a7c92fcbddbd4df87275135418a32f28df997e68bfb508d11,2024-11-18T15:59:07.702000,sent,kaspa:qpts264ytcjcm9m6hmgxn3z5j37kq6cnznfqc6fu9246d74743dwwp288defh,1796000000000,
7d11af53bb03cd7a7c92fcbddbd4df87275135418a32f28df997e68bfb508d11,2024-11-18T15:59:07.702000,sent,kaspa:qpts264ytcjcm9m6hmgxn3z5j37kq6cnznfqc6fu9246d74743dwwp288defh,1796000000000,
7d11af53bb03cd7a7c92fcbddbd4df87275135418a32f28df997e68bfb508d11,2024-11-18T15:59:07.702000,sent,kaspa:qpts264ytcjcm9m6hmgxn3z5j37kq6cnznfqc6fu9246d74743dwwp288defh,1796000000000,
7d11af53bb03cd7a7c92fcbddbd4df87275135418a32f28df997e68bfb508d11,2024-11-18T15:59:07.702000,sent,kaspa:qpts264ytcjcm9m6hmgxn3z5j37kq6cnznfqc6fu9246d74743dwwp288defh,1796000000000,
7d11af53bb03cd7a7c92fcbddbd4df87275135418a32f28df997e68bfb508d11,2024-11-18T15:59:07.702000,sent,kaspa:qpts264ytcjcm9m6hmgxn3z5j37kq6cnznfqc6fu9246d74743dwwp288defh,1796000000000,
7d11af53bb03cd7a7c92fcbddbd4df87275135418a32f28df997e68bfb508d11,2024-11-18T15:59:07.702000,sent,kaspa:qpts264ytcjcm9m6hmgxn3z5j37kq6cnznfqc6fu9246d74743dwwp288defh,1796000000000,
7d11af53bb03cd7a7c92fcbddbd4df87275135418a32f28df997e68bfb508d11,2024-11-18T15:59:07.702000,sent,kaspa:qpts264ytcjcm9m6hmgxn3z5j37kq6cnznfqc6fu9246d74743dwwp288defh,1796000000000,
7d11af53bb03cd7a7c92fcbddbd4df87275135418a32f28df997e68bfb508d11,2024-11-18T15:59:07.702000,sent,kaspa:qpts264ytcjcm9m6hmgxn3z5j37kq6cnznfqc6fu9246d74743dwwp288defh,1796000000000,
7d11af53bb03cd7a7c92fcbddbd4df87275135418a32f28df997e68bfb508d11,2024-11-18T15:59:07.702000,sent,kaspa:qpts264ytcjcm9m6hmgxn3z5j37kq6cnznfqc6fu9246d74743dwwp288defh,1796000000000,
7d11af53bb03cd7a7c92fcbddbd4df87275135418a32f28df997e68bfb508d11,2024-11-18T15:59:07.702000,sent,kaspa:qpts264ytcjcm9m6hmgxn3z5j37kq6cnznfqc6fu9246d74743dwwp288defh,1796000000000,
7d11af53bb03cd7a7c92fcbddbd4df87275135418a32f28df997e68bfb508d11,2024-11-18T15:59:07.702000,sent,kaspa:qpts264ytcjcm9m6hmgxn3z5j37kq6cnznfqc6fu9246d74743dwwp288defh,1796000000000,
7d11af53bb03cd7a7c92fcbddbd4df87275135418a32f28df997e68bfb508d11,2024-11-18T15:59:07.702000,sent,kaspa:qpts264ytcjcm9m6hmgxn3z5j37kq6cnznfqc6fu9246d74743dwwp288defh,1796000000000,
1fdcc1677f2485762234a345c85d2150b1e2aa6ae0ada125710a4234d2aca532,2024-11-18T15:48:22.710000,received,kaspa:qzgtduqyccg66ms6crgpgnnn802c7drpevy4fsq8069lpzhdwfxhy4079jsrp,199588191389,
1fdcc1677f2485762234a345c85d2150b1e2aa6ae0ada125710a4234d2aca532,2024-11-18T15:48:22.710000,received,kaspa:qzgtduqyccg66ms6crgpgnnn802c7drpevy4fsq8069lpzhdwfxhy4079jsrp,199588191389,
f438413cad318a1046970783d1538523642b4ed2dcc074f6488318f2e04817a6,2024-11-18T15:12:12.135000,received,kaspa:qzgtduqyccg66ms6crgpgnnn802c7drpevy4fsq8069lpzhdwfxhy4079jsrp,199588105762,
f438413cad318a1046970783d1538523642b4ed2dcc074f6488318f2e04817a6,2024-11-18T15:12:12.135000,received,kaspa:qzgtduqyccg66ms6crgpgnnn802c7drpevy4fsq8069lpzhdwfxhy4079jsrp,199588105762,
40df2405dfc28337926d6413c2aed0c3a6c554d52d177e634e53834da47f1c45,2024-11-18T15:08:20.168000,received,kaspa:qzgtduqyccg66ms6crgpgnnn802c7drpevy4fsq8069lpzhdwfxhy4079jsrp,99788141889,
1150b5ea18ee1fa492d51d9ec0b6e2bfb842ce0c598de0d725cff861a631b27f,2024-11-18T15:02:24.331000,received,kaspa:qzgtduqyccg66ms6crgpgnnn802c7drpevy4fsq8069lpzhdwfxhy4079jsrp,99788139787,
1150b5ea18ee1fa492d51d9ec0b6e2bfb842ce0c598de0d725cff861a631b27f,2024-11-18T15:02:24.331000,received,kaspa:qzgtduqyccg66ms6crgpgnnn802c7drpevy4fsq8069lpzhdwfxhy4079jsrp,99788139787,
bde713c9108ce82bbaffc81d4ece17d9d573cfc5dd509e1ecee8240c667a0e64,2024-11-18T14:57:27.956000,received,kaspa:qzgtduqyccg66ms6crgpgnnn802c7drpevy4fsq8069lpzhdwfxhy4079jsrp,199588085057,
bde713c9108ce82bbaffc81d4ece17d9d573cfc5dd509e1ecee8240c667a0e64,2024-11-18T14:57:27.956000,received,kaspa:qzgtduqyccg66ms6crgpgnnn802c7drpevy4fsq8069lpzhdwfxhy4079jsrp,199588085057,
bf4d90ea5d835487626fb151dcbbe74dad8aedd4d7017ddf8d18c659104ec8eb,2024-11-18T14:49:57.627000,received,kaspa:qzgtduqyccg66ms6crgpgnnn802c7drpevy4fsq8069lpzhdwfxhy4079jsrp,199587914394,
f6bcda9cecb64bfcd5d37a1da21598702e7d58b7bce1aaa957bf926aa5339629,2024-11-18T14:46:47.385000,received,kaspa:qzgtduqyccg66ms6crgpgnnn802c7drpevy4fsq8069lpzhdwfxhy4079jsrp,199587941887,
911bb5008b3ddcdd7a718781a6de9ca4fc9ed5a2826da2402a067d46a1580153,2024-11-18T14:40:19.111000,received,kaspa:qzgtduqyccg66ms6crgpgnnn802c7drpevy4fsq8069lpzhdwfxhy4079jsrp,99787914394,
055327bfb21758de874cadf1bb0a3132c3889485b1cc0af53741b33a7e440003,2024-11-18T14:27:46.235000,received,kaspa:qzgtduqyccg66ms6crgpgnnn802c7drpevy4fsq8069lpzhdwfxhy4079jsrp,99787935787,
055327bfb21758de874cadf1bb0a3132c3889485b1cc0af53741b33a7e440003,2024-11-18T14:27:46.235000,received,kaspa:qzgtduqyccg66ms6crgpgnnn802c7drpevy4fsq8069lpzhdwfxhy4079jsrp,99787935787,
bdaa538bc015e80d7fe6e69d31a848099e3666b8613125ccae9f8811fd5e61dd,2024-11-18T14:17:53.686000,received,kaspa:qzgtduqyccg66ms6crgpgnnn802c7drpevy4fsq8069lpzhdwfxhy4079jsrp,99787938018,
bdaa538bc015e80d7fe6e69d31a848099e3666b8613125ccae9f8811fd5e61dd,2024-11-18T14:17:53.686000,received,kaspa:qzgtduqyccg66ms6crgpgnnn802c7drpevy4fsq8069lpzhdwfxhy4079jsrp,99787938018,
652088a0581dd14b8b9a8d7b6225f3409a04d4ec51f4124a017d184f0e8d2fcf,2024-11-18T14:16:01.914000,received,kaspa:qzgtduqyccg66ms6crgpgnnn802c7drpevy4fsq8069lpzhdwfxhy4079jsrp,99787922297,
8168f390ba23c12e050124670b784db2afcfb6abe606c12ae130905f103feb35,2024-11-18T14:13:51.132000,received,kaspa:qzgtduqyccg66ms6crgpgnnn802c7drpevy4fsq8069lpzhdwfxhy4079jsrp,199587878356,
8168f390ba23c12e050124670b784db2afcfb6abe606c12ae130905f103feb35,2024-11-18T14:13:51.132000,received,kaspa:qzgtduqyccg66ms6crgpgnnn802c7drpevy4fsq8069lpzhdwfxhy4079jsrp,199587878356,
ac45f7867116fa04a9d257611b3bbdf9e297b6f961cb8356e12a2460fd138e50,2024-11-18T13:58:54.988000,received,kaspa:qzgtduqyccg66ms6crgpgnnn802c7drpevy4fsq8069lpzhdwfxhy4079jsrp,99787856985,
fa93c95764a1662d94c476543e87b541beff0e848280b62ee97856ccf422f4ce,2024-11-18T13:53:55.984000,received,kaspa:qzgtduqyccg66ms6crgpgnnn802c7drpevy4fsq8069lpzhdwfxhy4079jsrp,99787868118,
ab69c3d6dadbb8a726959a9b2dde675868468b7ec1e612e48ae23b8e0d023cfc,2024-11-17T11:43:42.950000,sent,kaspa:qpts264ytcjcm9m6hmgxn3z5j37kq6cnznfqc6fu9246d74743dwwp288defh,11258000000000,
ab69c3d6dadbb8a726959a9b2dde675868468b7ec1e612e48ae23b8e0d023cfc,2024-11-17T11:43:42.950000,sent,kaspa:qpts264ytcjcm9m6hmgxn3z5j37kq6cnznfqc6fu9246d74743dwwp288defh,11258000000000,
891b7bcaa6a2c95c362535141e8abae2163ba98fbe210af231f06ad37080d986,2024-11-17T09:59:11.983000,received,kaspa:qzgtduqyccg66ms6crgpgnnn802c7drpevy4fsq8069lpzhdwfxhy4079jsrp,11258168760505,
891b7bcaa6a2c95c362535141e8abae2163ba98fbe210af231f06ad37080d986,2024-11-17T09:59:11.983000,received,kaspa:qzgtduqyccg66ms6crgpgnnn802c7drpevy4fsq8069lpzhdwfxhy4079jsrp,11258168760505,
891b7bcaa6a2c95c362535141e8abae2163ba98fbe210af231f06ad37080d986,2024-11-17T09:59:11.983000,received,kaspa:qzgtduqyccg66ms6crgpgnnn802c7drpevy4fsq8069lpzhdwfxhy4079jsrp,11258168760505,
891b7bcaa6a2c95c362535141e8abae2163ba98fbe210af231f06ad37080d986,2024-11-17T09:59:11.983000,received,kaspa:qzgtduqyccg66ms6crgpgnnn802c7drpevy4fsq8069lpzhdwfxhy4079jsrp,11258168760505,
b16e640c5674064fed08dd93167822992d50636578413636af38a7c700d5b61b,2024-11-16T21:12:42.589000,sent,kaspa:qpts264ytcjcm9m6hmgxn3z5j37kq6cnznfqc6fu9246d74743dwwp288defh,3996000000000,
b16e640c5674064fed08dd93167822992d50636578413636af38a7c700d5b61b,2024-11-16T21:12:42.589000,sent,kaspa:qpts264ytcjcm9m6hmgxn3z5j37kq6cnznfqc6fu9246d74743dwwp288defh,3996000000000,
1d4c53519ddd628768b95587bfbc2bc2552ed27c1b4001e83460cd3b842f85de,2024-11-16T19:18:14.280000,received,kaspa:qzgtduqyccg66ms6crgpgnnn802c7drpevy4fsq8069lpzhdwfxhy4079jsrp,3995978369435,
1d4c53519ddd628768b95587bfbc2bc2552ed27c1b4001e83460cd3b842f85de,2024-11-16T19:18:14.280000,received,kaspa:qzgtduqyccg66ms6crgpgnnn802c7drpevy4fsq8069lpzhdwfxhy4079jsrp,3995978369435,
1d4c53519ddd628768b95587bfbc2bc2552ed27c1b4001e83460cd3b842f85de,2024-11-16T19:18:14.280000,received,kaspa:qzgtduqyccg66ms6crgpgnnn802c7drpevy4fsq8069lpzhdwfxhy4079jsrp,3995978369435,
47da556882e852c5f57677e9bd13c7f8eb585bf72adcc52a465d66b62ae99179,2024-11-16T17:16:09.206000,sent,kaspa:qpts264ytcjcm9m6hmgxn3z5j37kq6cnznfqc6fu9246d74743dwwp288defh,4990000000000,
47da556882e852c5f57677e9bd13c7f8eb585bf72adcc52a465d66b62ae99179,2024-11-16T17:16:09.206000,sent,kaspa:qpts264ytcjcm9m6hmgxn3z5j37kq6cnznfqc6fu9246d74743dwwp288defh,4990000000000,
8e18b58ae988f6cc20569a2d29f54b80eb0af69ec6c515fe9171228c26904614,2024-11-16T17:12:58.526000,received,kaspa:qzgtduqyccg66ms6crgpgnnn802c7drpevy4fsq8069lpzhdwfxhy4079jsrp,4989985859729,
8e18b58ae988f6cc20569a2d29f54b80eb0af69ec6c515fe9171228c26904614,2024-11-16T17:12:58.526000,received,kaspa:qzgtduqyccg66ms6crgpgnnn802c7drpevy4fsq8069lpzhdwfxhy4079jsrp,4989985859729,
8e18b58ae988f6cc20569a2d29f54b80eb0af69ec6c515fe9171228c26904614,2024-11-16T17:12:58.526000,received,kaspa:qzgtduqyccg66ms6crgpgnnn802c7drpevy4fsq8069lpzhdwfxhy4079jsrp,4989985859729,
8e18b58ae988f6cc20569a2d29f54b80eb0af69ec6c515fe9171228c26904614,2024-11-16T17:12:58.526000,received,kaspa:qzgtduqyccg66ms6crgpgnnn802c7drpevy4fsq8069lpzhdwfxhy4079jsrp,4989985859729,
8e18b58ae988f6cc20569a2d29f54b80eb0af69ec6c515fe9171228c26904614,2024-11-16T17:12:58.526000,received,kaspa:qzgtduqyccg66ms6crgpgnnn802c7drpevy4fsq8069lpzhdwfxhy4079jsrp,4989985859729,
8e18b58ae988f6cc20569a2d29f54b80eb0af69ec6c515fe9171228c26904614,2024-11-16T17:12:58.526000,received,kaspa:qzgtduqyccg66ms6crgpgnnn802c7drpevy4fsq8069lpzhdwfxhy4079jsrp,4989985859729,
328239738506244e85242de4f94a8cab85d6e04e6222341086a52502219c72a6,2024-11-15T12:40:22.084000,sent,kaspa:qpts264ytcjcm9m6hmgxn3z5j37kq6cnznfqc6fu9246d74743dwwp288defh,32770500000000,
328239738506244e85242de4f94a8cab85d6e04e6222341086a52502219c72a6,2024-11-15T12:40:22.084000,sent,kaspa:qpts264ytcjcm9m6hmgxn3z5j37kq6cnznfqc6fu9246d74743dwwp288defh,32770500000000,
ece815017be0750fa509e661fc8ab29ad23e2444e6d82f4c6919a741bf3e659c,2024-11-15T12:38:01.284000,received,kaspa:qzgtduqyccg66ms6crgpgnnn802c7drpevy4fsq8069lpzhdwfxhy4079jsrp,32770902468814,
ece815017be0750fa509e661fc8ab29ad23e2444e6d82f4c6919a741bf3e659c,2024-11-15T12:38:01.284000,received,kaspa:qzgtduqyccg66ms6crgpgnnn802c7drpevy4fsq8069lpzhdwfxhy4079jsrp,32770902468814,
ece815017be0750fa509e661fc8ab29ad23e2444e6d82f4c6919a741bf3e659c,2024-11-15T12:38:01.284000,received,kaspa:qzgtduqyccg66ms6crgpgnnn802c7drpevy4fsq8069lpzhdwfxhy4079jsrp,32770902468814,
bd00d64d45b85fb7711c1b83c7a84d7a995aa1f17b2ad23c2f421cca224495c3,2024-11-15T12:20:11.145000,sent,kaspa:qpts264ytcjcm9m6hmgxn3z5j37kq6cnznfqc6fu9246d74743dwwp288defh,31936000000000,
bd00d64d45b85fb7711c1b83c7a84d7a995aa1f17b2ad23c2f421cca224495c3,2024-11-15T12:20:11.145000,sent,kaspa:qpts264ytcjcm9m6hmgxn3z5j37kq6cnznfqc6fu9246d74743dwwp288defh,31936000000000,
e50470281318daaa267fb78d5e8c7e68f745fa12dc69a094797b160b02a4a8ab,2024-11-15T12:19:02.525000,received,kaspa:qzgtduqyccg66ms6crgpgnnn802c7drpevy4fsq8069lpzhdwfxhy4079jsrp,31935984690115,
e50470281318daaa267fb78d5e8c7e68f745fa12dc69a094797b160b02a4a8ab,2024-11-15T12:19:02.525000,received,kaspa:qzgtduqyccg66ms6crgpgnnn802c7drpevy4fsq8069lpzhdwfxhy4079jsrp,31935984690115,
3f0ba4679062eee82b7379a8a3aee18da6c085e7206ee02e9e90649ef567f59e,2024-11-10T23:13:12.471000,sent,kaspa:qpts264ytcjcm9m6hmgxn3z5j37kq6cnznfqc6fu9246d74743dwwp288defh,22335300000000,
3f0ba4679062eee82b7379a8a3aee18da6c085e7206ee02e9e90649ef567f59e,2024-11-10T23:13:12.471000,sent,kaspa:qpts264ytcjcm9m6hmgxn3z5j37kq6cnznfqc6fu9246d74743dwwp288defh,22335300000000,
e0726bddb909ed44f4defc9503b48f82d39ec186f507988a94de6740baa96123,2024-11-10T23:05:36.006000,received,kaspa:qzgtduqyccg66ms6crgpgnnn802c7drpevy4fsq8069lpzhdwfxhy4079jsrp,22335426484890,
e0726bddb909ed44f4defc9503b48f82d39ec186f507988a94de6740baa96123,2024-11-10T23:05:36.006000,received,kaspa:qzgtduqyccg66ms6crgpgnnn802c7drpevy4fsq8069lpzhdwfxhy4079jsrp,22335426484890,
e0726bddb909ed44f4defc9503b48f82d39ec186f507988a94de6740baa96123,2024-11-10T23:05:36.006000,received,kaspa:qzgtduqyccg66ms6crgpgnnn802c7drpevy4fsq8069lpzhdwfxhy4079jsrp,22335426484890,
e0726bddb909ed44f4defc9503b48f82d39ec186f507988a94de6740baa96123,2024-11-10T23:05:36.006000,received,kaspa:qzgtduqyccg66ms6crgpgnnn802c7drpevy4fsq8069lpzhdwfxhy4079jsrp,22335426484890,
e0726bddb909ed44f4defc9503b48f82d39ec186f507988a94de6740baa96123,2024-11-10T23:05:36.006000,received,kaspa:qzgtduqyccg66ms6crgpgnnn802c7drpevy4fsq8069lpzhdwfxhy4079jsrp,22335426484890,
e0726bddb909ed44f4defc9503b48f82d39ec186f507988a94de6740baa96123,2024-11-10T23:05:36.006000,received,kaspa:qzgtduqyccg66ms6crgpgnnn802c7drpevy4fsq8069lpzhdwfxhy4079jsrp,22335426484890,
e0726bddb909ed44f4defc9503b48f82d39ec186f507988a94de6740baa96123,2024-11-10T23:05:36.006000,received,kaspa:qzgtduqyccg66ms6crgpgnnn802c7drpevy4fsq8069lpzhdwfxhy4079jsrp,22335426484890,
e0726bddb909ed44f4defc9503b48f82d39ec186f507988a94de6740baa96123,2024-11-10T23:05:36.006000,received,kaspa:qzgtduqyccg66ms6crgpgnnn802c7drpevy4fsq8069lpzhdwfxhy4079jsrp,22335426484890,
7360d200ec2c3454afe2b0e62ce4f6e9d2f4118e0709315ba90163cef126b3d0,2024-11-10T14:32:17.279000,sent,kaspa:qpts264ytcjcm9m6hmgxn3z5j37kq6cnznfqc6fu9246d74743dwwp288defh,41540800000000,
7360d200ec2c3454afe2b0e62ce4f6e9d2f4118e0709315ba90163cef126b3d0,2024-11-10T14:32:17.279000,sent,kaspa:qpts264ytcjcm9m6hmgxn3z5j37kq6cnznfqc6fu9246d74743dwwp288defh,41540800000000,
68e5ddc8f63ef440b31ca80aeff076a3e9f62cc1f9e96c38f894bbaa2c3cfa34,2024-11-10T14:28:14.079000,received,kaspa:qzgtduqyccg66ms6crgpgnnn802c7drpevy4fsq8069lpzhdwfxhy4079jsrp,41541065441891,
68e5ddc8f63ef440b31ca80aeff076a3e9f62cc1f9e96c38f894bbaa2c3cfa34,2024-11-10T14:28:14.079000,received,kaspa:qzgtduqyccg66ms6crgpgnnn802c7drpevy4fsq8069lpzhdwfxhy4079jsrp,41541065441891,
68e5ddc8f63ef440b31ca80aeff076a3e9f62cc1f9e96c38f894bbaa2c3cfa34,2024-11-10T14:28:14.079000,received,kaspa:qzgtduqyccg66ms6crgpgnnn802c7drpevy4fsq8069lpzhdwfxhy4079jsrp,41541065441891,
68e5ddc8f63ef440b31ca80aeff076a3e9f62cc1f9e96c38f894bbaa2c3cfa34,2024-11-10T14:28:14.079000,received,kaspa:qzgtduqyccg66ms6crgpgnnn802c7drpevy4fsq8069lpzhdwfxhy4079jsrp,41541065441891,
68e5ddc8f63ef440b31ca80aeff076a3e9f62cc1f9e96c38f894bbaa2c3cfa34,2024-11-10T14:28:14.079000,received,kaspa:qzgtduqyccg66ms6crgpgnnn802c7drpevy4fsq8069lpzhdwfxhy4079jsrp,41541065441891,
efbd4048e2234e5c61f4e4bf68935ca000ca828b49fd1816943c2b80ed31971c,2024-10-04T22:16:29.485000,sent,kaspa:qpts264ytcjcm9m6hmgxn3z5j37kq6cnznfqc6fu9246d74743dwwp288defh,8163000000000,
efbd4048e2234e5c61f4e4bf68935ca000ca828b49fd1816943c2b80ed31971c,2024-10-04T22:16:29.485000,sent,kaspa:qpts264ytcjcm9m6hmgxn3z5j37kq6cnznfqc6fu9246d74743dwwp288defh,8163000000000,
e3a3753f601bd5fa5a5c44e628d49801460a7b61102ac0cf93ef5244fc744c32,2024-10-04T18:04:46.555000,received,kaspa:qpgmt2dn8wcqf0436n0kueap7yx82n7raurlj6aqjc3t3wm9y5ssqtg9e4lsm,8162969469717,
e3a3753f601bd5fa5a5c44e628d49801460a7b61102ac0cf93ef5244fc744c32,2024-10-04T18:04:46.555000,received,kaspa:qpgmt2dn8wcqf0436n0kueap7yx82n7raurlj6aqjc3t3wm9y5ssqtg9e4lsm,8162969469717,
e3a3753f601bd5fa5a5c44e628d49801460a7b61102ac0cf93ef5244fc744c32,2024-10-04T18:04:46.555000,received,kaspa:qpgmt2dn8wcqf0436n0kueap7yx82n7raurlj6aqjc3t3wm9y5ssqtg9e4lsm,8162969469717,
95e1cb8e9c59fb40d493b6fb3144a5902dfb933d31320d3386ef98afdd0faab5,2024-10-01T22:56:31.813000,sent,kaspa:qpts264ytcjcm9m6hmgxn3z5j37kq6cnznfqc6fu9246d74743dwwp288defh,19012700000000,
95e1cb8e9c59fb40d493b6fb3144a5902dfb933d31320d3386ef98afdd0faab5,2024-10-01T22:56:31.813000,sent,kaspa:qpts264ytcjcm9m6hmgxn3z5j37kq6cnznfqc6fu9246d74743dwwp288defh,19012700000000,
b14b12a95ca46e012b153ab2989f05ecad38a426dc3acda89d5e2f8a2f183e02,2024-10-01T22:48:15.492000,received,kaspa:qpgmt2dn8wcqf0436n0kueap7yx82n7raurlj6aqjc3t3wm9y5ssqtg9e4lsm,19012713891172,
b14b12a95ca46e012b153ab2989f05ecad38a426dc3acda89d5e2f8a2f183e02,2024-10-01T22:48:15.492000,received,kaspa:qpgmt2dn8wcqf0436n0kueap7yx82n7raurlj6aqjc3t3wm9y5ssqtg9e4lsm,19012713891172,
b14b12a95ca46e012b153ab2989f05ecad38a426dc3acda89d5e2f8a2f183e02,2024-10-01T22:48:15.492000,received,kaspa:qpgmt2dn8wcqf0436n0kueap7yx82n7raurlj6aqjc3t3wm9y5ssqtg9e4lsm,19012713891172,
b14b12a95ca46e012b153ab2989f05ecad38a426dc3acda89d5e2f8a2f183e02,2024-10-01T22:48:15.492000,received,kaspa:qpgmt2dn8wcqf0436n0kueap7yx82n7raurlj6aqjc3t3wm9y5ssqtg9e4lsm,19012713891172,
b14b12a95ca46e012b153ab2989f05ecad38a426dc3acda89d5e2f8a2f183e02,2024-10-01T22:48:15.492000,received,kaspa:qpgmt2dn8wcqf0436n0kueap7yx82n7raurlj6aqjc3t3wm9y5ssqtg9e4lsm,19012713891172,
b14b12a95ca46e012b153ab2989f05ecad38a426dc3acda89d5e2f8a2f183e02,2024-10-01T22:48:15.492000,received,kaspa:qpgmt2dn8wcqf0436n0kueap7yx82n7raurlj6aqjc3t3wm9y5ssqtg9e4lsm,19012713891172,
b14b12a95ca46e012b153ab2989f05ecad38a426dc3acda89d5e2f8a2f183e02,2024-10-01T22:48:15.492000,received,kaspa:qpgmt2dn8wcqf0436n0kueap7yx82n7raurlj6aqjc3t3wm9y5ssqtg9e4lsm,19012713891172,
b14b12a95ca46e012b153ab2989f05ecad38a426dc3acda89d5e2f8a2f183e02,2024-10-01T22:48:15.492000,received,kaspa:qpgmt2dn8wcqf0436n0kueap7yx82n7raurlj6aqjc3t3wm9y5ssqtg9e4lsm,19012713891172,
7bfa117e992fb06890b8352e68c4b3f81513c4d90a65e1364064921254f9c3fa,2024-09-23T19:08:38.906000,sent,kaspa:qpgmt2dn8wcqf0436n0kueap7yx82n7raurlj6aqjc3t3wm9y5ssqtg9e4lsm,9900000000,
7bfa117e992fb06890b8352e68c4b3f81513c4d90a65e1364064921254f9c3fa,2024-09-23T19:08:38.906000,sent,kaspa:qpgmt2dn8wcqf0436n0kueap7yx82n7raurlj6aqjc3t3wm9y5ssqtg9e4lsm,9900000000,
87fdc04052a0f310f215b16eb2a7b3c2bba64a159e9c07889041ca52a8122c45,2024-09-23T19:07:16.570000,received,kaspa:qrvum29vk365g0zcd5gx3c7h829etfq2ytdmscjzw4zw04fjfnprcg9c3tges,9890000000,
f0c92a4873f9f3021e08921178112324f1a94ce37dfbd9e34dfaed22ca57ec2f,2024-09-23T16:37:07.422000,sent,kaspa:qpgmt2dn8wcqf0436n0kueap7yx82n7raurlj6aqjc3t3wm9y5ssqtg9e4lsm,4625300000000,
f0c92a4873f9f3021e08921178112324f1a94ce37dfbd9e34dfaed22ca57ec2f,2024-09-23T16:37:07.422000,sent,kaspa:qpgmt2dn8wcqf0436n0kueap7yx82n7raurlj6aqjc3t3wm9y5ssqtg9e4lsm,4625300000000,
58aff6c7b3b50c38d3b25fa8e3c9ecd47550c3b636d22e533343628a76c03849,2024-09-23T16:26:54.968000,received,kaspa:qrvum29vk365g0zcd5gx3c7h829etfq2ytdmscjzw4zw04fjfnprcg9c3tges,4625270000000,
7a1863a01fff28b4b66e455815ffb6b827861697e4ab30398777843d1d244db9,2024-09-22T14:21:07.019000,sent,kaspa:qpgmt2dn8wcqf0436n0kueap7yx82n7raurlj6aqjc3t3wm9y5ssqtg9e4lsm,4628400000000,
7a1863a01fff28b4b66e455815ffb6b827861697e4ab30398777843d1d244db9,2024-09-22T14:21:07.019000,sent,kaspa:qpgmt2dn8wcqf0436n0kueap7yx82n7raurlj6aqjc3t3wm9y5ssqtg9e4lsm,4628400000000,
cef8f49507710813455fea44a3fbcda26ba9b789262667609eaeb228b02bc1f9,2024-09-22T14:08:48.333000,received,kaspa:qrvum29vk365g0zcd5gx3c7h829etfq2ytdmscjzw4zw04fjfnprcg9c3tges,4628466800000,
6b19d293f40895f2385788400ca64b7e2f570ef9c7c50ab5d432f36abd465fe4,2024-09-22T13:47:14.991000,sent,kaspa:qpgmt2dn8wcqf0436n0kueap7yx82n7raurlj6aqjc3t3wm9y5ssqtg9e4lsm,4613700000000,
6b19d293f40895f2385788400ca64b7e2f570ef9c7c50ab5d432f36abd465fe4,2024-09-22T13:47:14.991000,sent,kaspa:qpgmt2dn8wcqf0436n0kueap7yx82n7raurlj6aqjc3t3wm9y5ssqtg9e4lsm,4613700000000,
d3e0ababfdf99fdb269a1dc7ddf1778cb11cac18c7ef4c0748205b5709d05d7b,2024-09-22T13:46:08.571000,received,kaspa:qrvum29vk365g0zcd5gx3c7h829etfq2ytdmscjzw4zw04fjfnprcg9c3tges,4613681600000,
c4fece8bab61c96b190751ed3ca80a6f750bade2faf8862eebd66954862b5f8c,2024-09-11T11:45:26.179000,sent,kaspa:qpts264ytcjcm9m6hmgxn3z5j37kq6cnznfqc6fu9246d74743dwwp288defh,14668700000000,
c4fece8bab61c96b190751ed3ca80a6f750bade2faf8862eebd66954862b5f8c,2024-09-11T11:45:26.179000,sent,kaspa:qpts264ytcjcm9m6hmgxn3z5j37kq6cnznfqc6fu9246d74743dwwp288defh,14668700000000,
706d5e1f98c06566d670814acbdecadb55380b3b6ec790456df0e91c307b7989,2024-09-10T12:03:57.728000,received,kaspa:qpgmt2dn8wcqf0436n0kueap7yx82n7raurlj6aqjc3t3wm9y5ssqtg9e4lsm,14668740777346,
706d5e1f98c06566d670814acbdecadb55380b3b6ec790456df0e91c307b7989,2024-09-10T12:03:57.728000,received,kaspa:qpgmt2dn8wcqf0436n0kueap7yx82n7raurlj6aqjc3t3wm9y5ssqtg9e4lsm,14668740777346,
b10c23acff49555dc10d51b73d247dcf86d8f300655d35d0abb1338dfdac991c,2024-09-01T23:52:22.320000,sent,kaspa:qpts264ytcjcm9m6hmgxn3z5j37kq6cnznfqc6fu9246d74743dwwp288defh,23821400000000,
b10c23acff49555dc10d51b73d247dcf86d8f300655d35d0abb1338dfdac991c,2024-09-01T23:52:22.320000,sent,kaspa:qpts264ytcjcm9m6hmgxn3z5j37kq6cnznfqc6fu9246d74743dwwp288defh,23821400000000,
ca9a94916f22eebc58cf710217efe59eb058c4853d96eac05ec0a4fd5e64351a,2024-09-01T23:46:53.276000,received,kaspa:qplg9tt6kksh3u9986falecy5re7hjk4w4l54tp2l3sqlhhkrzzhgw0yz65cs,23821366688183,
c3cb68c55fc0aa43e2843eb6c33fe3ceec068b5a6024e7fd8476a8966bf411ac,2024-08-27T14:09:15.595000,sent,kaspa:qpts264ytcjcm9m6hmgxn3z5j37kq6cnznfqc6fu9246d74743dwwp288defh,14343100000000,
c3cb68c55fc0aa43e2843eb6c33fe3ceec068b5a6024e7fd8476a8966bf411ac,2024-08-27T14:09:15.595000,sent,kaspa:qpts264ytcjcm9m6hmgxn3z5j37kq6cnznfqc6fu9246d74743dwwp288defh,14343100000000,
c129ae8782408a9fefbd2e4b1739cb1c1ef2361e8d591c9e0d018d6a5e5e9a35,2024-08-27T12:33:58.026000,received,kaspa:qplg9tt6kksh3u9986falecy5re7hjk4w4l54tp2l3sqlhhkrzzhgw0yz65cs,14343099294977,
0575f1a8531996398c3322581ffe9d7657c3f257c68117af7b58d1518593051d,2024-08-26T11:34:18.912000,sent,kaspa:qpts264ytcjcm9m6hmgxn3z5j37kq6cnznfqc6fu9246d74743dwwp288defh,15220600000000,
0575f1a8531996398c3322581ffe9d7657c3f257c68117af7b58d1518593051d,2024-08-26T11:34:18.912000,sent,kaspa:qpts264ytcjcm9m6hmgxn3z5j37kq6cnznfqc6fu9246d74743dwwp288defh,15220600000000,
4a551e1b7412f40468667ea526f19c522b1d38a779e2171170889b769062d889,2024-08-26T11:23:22.200000,received,kaspa:qplg9tt6kksh3u9986falecy5re7hjk4w4l54tp2l3sqlhhkrzzhgw0yz65cs,15220556820997,
05b50ef23eec67c41ad01553d7592b64313a1a20637126df1c45124abce5f748,2024-08-26T10:00:37.852000,sent,kaspa:qpts264ytcjcm9m6hmgxn3z5j37kq6cnznfqc6fu9246d74743dwwp288defh,21245600000000,
05b50ef23eec67c41ad01553d7592b64313a1a20637126df1c45124abce5f748,2024-08-26T10:00:37.852000,sent,kaspa:qpts264ytcjcm9m6hmgxn3z5j37kq6cnznfqc6fu9246d74743dwwp288defh,21245600000000,
142389d0421cb7e8b79becca42119b34b52ca2101869aee55ff4025eca0eee36,2024-08-26T09:40:27.826000,received,kaspa:qplg9tt6kksh3u9986falecy5re7hjk4w4l54tp2l3sqlhhkrzzhgw0yz65cs,21245668693177,
142389d0421cb7e8b79becca42119b34b52ca2101869aee55ff4025eca0eee36,2024-08-26T09:40:27.826000,received,kaspa:qplg9tt6kksh3u9986falecy5re7hjk4w4l54tp2l3sqlhhkrzzhgw0yz65cs,21245668693177,
99c0de387faecc5266683675cfc7724a5058a938f372d022399c315847ccb9c7,2024-08-24T23:16:30.488000,sent,kaspa:qpts264ytcjcm9m6hmgxn3z5j37kq6cnznfqc6fu9246d74743dwwp288defh,37824100000000,
99c0de387faecc5266683675cfc7724a5058a938f372d022399c315847ccb9c7,2024-08-24T23:16:30.488000,sent,kaspa:qpts264ytcjcm9m6hmgxn3z5j37kq6cnznfqc6fu9246d74743dwwp288defh,37824100000000,
7275a675e108a517b38cce03ca0957e42e480ef4b36c7a9283e132e33265b5ba,2024-08-24T20:10:12.241000,received,kaspa:qplg9tt6kksh3u9986falecy5re7hjk4w4l54tp2l3sqlhhkrzzhgw0yz65cs,37824065122861,
7275a675e108a517b38cce03ca0957e42e480ef4b36c7a9283e132e33265b5ba,2024-08-24T20:10:12.241000,received,kaspa:qplg9tt6kksh3u9986falecy5re7hjk4w4l54tp2l3sqlhhkrzzhgw0yz65cs,37824065122861,
7275a675e108a517b38cce03ca0957e42e480ef4b36c7a9283e132e33265b5ba,2024-08-24T20:10:12.241000,received,kaspa:qplg9tt6kksh3u9986falecy5re7hjk4w4l54tp2l3sqlhhkrzzhgw0yz65cs,37824065122861,
2db6315465b0b938564c41008fa5bdf56f32bf9f1dc8bc78c37fb7d642d3ffc5,2024-08-09T14:33:56.691000,sent,kaspa:qpts264ytcjcm9m6hmgxn3z5j37kq6cnznfqc6fu9246d74743dwwp288defh,9094400000000,
2db6315465b0b938564c41008fa5bdf56f32bf9f1dc8bc78c37fb7d642d3ffc5,2024-08-09T14:33:56.691000,sent,kaspa:qpts264ytcjcm9m6hmgxn3z5j37kq6cnznfqc6fu9246d74743dwwp288defh,9094400000000,
2de831dc9647db7270f6cdaa813eeaafd12b28b043d6d87f90569842ce7f4a9c,2024-08-09T14:21:58.617000,received,kaspa:qq9zagcza4jt76eev9jl5z0nqhe0thcu7js8larktj4sle7lvgnw7sfcewlty,9094414266105,
2de831dc9647db7270f6cdaa813eeaafd12b28b043d6d87f90569842ce7f4a9c,2024-08-09T14:21:58.617000,received,kaspa:qq9zagcza4jt76eev9jl5z0nqhe0thcu7js8larktj4sle7lvgnw7sfcewlty,9094414266105,
2de831dc9647db7270f6cdaa813eeaafd12b28b043d6d87f90569842ce7f4a9c,2024-08-09T14:21:58.617000,received,kaspa:qq9zagcza4jt76eev9jl5z0nqhe0thcu7js8larktj4sle7lvgnw7sfcewlty,9094414266105,
2de831dc9647db7270f6cdaa813eeaafd12b28b043d6d87f90569842ce7f4a9c,2024-08-09T14:21:58.617000,received,kaspa:qq9zagcza4jt76eev9jl5z0nqhe0thcu7js8larktj4sle7lvgnw7sfcewlty,9094414266105,
2de831dc9647db7270f6cdaa813eeaafd12b28b043d6d87f90569842ce7f4a9c,2024-08-09T14:21:58.617000,received,kaspa:qq9zagcza4jt76eev9jl5z0nqhe0thcu7js8larktj4sle7lvgnw7sfcewlty,9094414266105,
2de831dc9647db7270f6cdaa813eeaafd12b28b043d6d87f90569842ce7f4a9c,2024-08-09T14:21:58.617000,received,kaspa:qq9zagcza4jt76eev9jl5z0nqhe0thcu7js8larktj4sle7lvgnw7sfcewlty,9094414266105,
2de831dc9647db7270f6cdaa813eeaafd12b28b043d6d87f90569842ce7f4a9c,2024-08-09T14:21:58.617000,received,kaspa:qq9zagcza4jt76eev9jl5z0nqhe0thcu7js8larktj4sle7lvgnw7sfcewlty,9094414266105,
2de831dc9647db7270f6cdaa813eeaafd12b28b043d6d87f90569842ce7f4a9c,2024-08-09T14:21:58.617000,received,kaspa:qq9zagcza4jt76eev9jl5z0nqhe0thcu7js8larktj4sle7lvgnw7sfcewlty,9094414266105,
2de831dc9647db7270f6cdaa813eeaafd12b28b043d6d87f90569842ce7f4a9c,2024-08-09T14:21:58.617000,received,kaspa:qq9zagcza4jt76eev9jl5z0nqhe0thcu7js8larktj4sle7lvgnw7sfcewlty,9094414266105,
d59dd0a347f06bb9f2fa32b361194319b7f180410bbe99ef98cd877606aa4cb9,2024-08-05T15:00:42.798000,sent,kaspa:qpts264ytcjcm9m6hmgxn3z5j37kq6cnznfqc6fu9246d74743dwwp288defh,90023700000000,
d59dd0a347f06bb9f2fa32b361194319b7f180410bbe99ef98cd877606aa4cb9,2024-08-05T15:00:42.798000,sent,kaspa:qpts264ytcjcm9m6hmgxn3z5j37kq6cnznfqc6fu9246d74743dwwp288defh,90023700000000,
89b93d5f84c31837153d7269c5cfabc0f76b1a12331f2ad55c81cce326633d4e,2024-08-05T14:55:15.259000,received,kaspa:qq9zagcza4jt76eev9jl5z0nqhe0thcu7js8larktj4sle7lvgnw7sfcewlty,90023727723980,
89b93d5f84c31837153d7269c5cfabc0f76b1a12331f2ad55c81cce326633d4e,2024-08-05T14:55:15.259000,received,kaspa:qq9zagcza4jt76eev9jl5z0nqhe0thcu7js8larktj4sle7lvgnw7sfcewlty,90023727723980,
89b93d5f84c31837153d7269c5cfabc0f76b1a12331f2ad55c81cce326633d4e,2024-08-05T14:55:15.259000,received,kaspa:qq9zagcza4jt76eev9jl5z0nqhe0thcu7js8larktj4sle7lvgnw7sfcewlty,90023727723980,
89b93d5f84c31837153d7269c5cfabc0f76b1a12331f2ad55c81cce326633d4e,2024-08-05T14:55:15.259000,received,kaspa:qq9zagcza4jt76eev9jl5z0nqhe0thcu7js8larktj4sle7lvgnw7sfcewlty,90023727723980,
89b93d5f84c31837153d7269c5cfabc0f76b1a12331f2ad55c81cce326633d4e,2024-08-05T14:55:15.259000,received,kaspa:qq9zagcza4jt76eev9jl5z0nqhe0thcu7js8larktj4sle7lvgnw7sfcewlty,90023727723980,
4016cfa6af112ce52f4b6dd8bb936cc43ecdadc59f2cbc1dc1b8014bf253ab49,2024-08-01T19:46:39.230000,sent,kaspa:qpts264ytcjcm9m6hmgxn3z5j37kq6cnznfqc6fu9246d74743dwwp288defh,27601900000000,
4016cfa6af112ce52f4b6dd8bb936cc43ecdadc59f2cbc1dc1b8014bf253ab49,2024-08-01T19:46:39.230000,sent,kaspa:qpts264ytcjcm9m6hmgxn3z5j37kq6cnznfqc6fu9246d74743dwwp288defh,27601900000000,
9774d9490384d569f4d5e430bc21e9a908860a9e4ab2df849c4f6e05bb6087ab,2024-08-01T19:44:14.295000,received,kaspa:qq9zagcza4jt76eev9jl5z0nqhe0thcu7js8larktj4sle7lvgnw7sfcewlty,27601874442705,
04ceca1d721b23cc829f3a0bf00e0b7704ce7a7ddea69995c7a310d8c646ab3c,2024-08-01T18:24:31.269000,sent,kaspa:qpts264ytcjcm9m6hmgxn3z5j37kq6cnznfqc6fu9246d74743dwwp288defh,54056200000000,
04ceca1d721b23cc829f3a0bf00e0b7704ce7a7ddea69995c7a310d8c646ab3c,2024-08-01T18:24:31.269000,sent,kaspa:qpts264ytcjcm9m6hmgxn3z5j37kq6cnznfqc6fu9246d74743dwwp288defh,54056200000000,
5a454b00cb5fb85aff930fbed5cf668eb66d80a38e4e53a68daead247905f38a,2024-08-01T18:20:01.540000,received,kaspa:qq9zagcza4jt76eev9jl5z0nqhe0thcu7js8larktj4sle7lvgnw7sfcewlty,54056138955619,
3f1cd2840156072c0f41f644f3121652ef5de47a48408635993806a8e248e1c9,2024-07-24T11:49:16.437000,sent,kaspa:qpts264ytcjcm9m6hmgxn3z5j37kq6cnznfqc6fu9246d74743dwwp288defh,22702700000000,
3f1cd2840156072c0f41f644f3121652ef5de47a48408635993806a8e248e1c9,2024-07-24T11:49:16.437000,sent,kaspa:qpts264ytcjcm9m6hmgxn3z5j37kq6cnznfqc6fu9246d74743dwwp288defh,22702700000000,
f90477c520d7ceaba14374d04c32c021e2174d340a8fe8b39fd977900694c576,2024-07-24T11:33:38.463000,received,kaspa:qq9zagcza4jt76eev9jl5z0nqhe0thcu7js8larktj4sle7lvgnw7sfcewlty,22702694100399,
bdf595a5e00072c8997164653690cb78acc250caa0c7d0e55373cab981981abd,2024-07-15T14:22:45.518000,sent,kaspa:qpts264ytcjcm9m6hmgxn3z5j37kq6cnznfqc6fu9246d74743dwwp288defh,23841600000000,
bdf595a5e00072c8997164653690cb78acc250caa0c7d0e55373cab981981abd,2024-07-15T14:22:45.518000,sent,kaspa:qpts264ytcjcm9m6hmgxn3z5j37kq6cnznfqc6fu9246d74743dwwp288defh,23841600000000,
aac09a8a1ce2d94f556476cd4cb3cb7cb93dfb5522facbd21d25d0bd09f6ef7e,2024-07-15T11:57:44.214000,received,kaspa:qq9zagcza4jt76eev9jl5z0nqhe0thcu7js8larktj4sle7lvgnw7sfcewlty,23841604540641,
aac09a8a1ce2d94f556476cd4cb3cb7cb93dfb5522facbd21d25d0bd09f6ef7e,2024-07-15T11:57:44.214000,received,kaspa:qq9zagcza4jt76eev9jl5z0nqhe0thcu7js8larktj4sle7lvgnw7sfcewlty,23841604540641,
057d984f047ccbe0b946cd70fcbf47940f46b9b9b41d55cc81d4c11e275e10ea,2024-07-01T12:57:24.748000,sent,kaspa:qq9zagcza4jt76eev9jl5z0nqhe0thcu7js8larktj4sle7lvgnw7sfcewlty,8992500000000,
057d984f047ccbe0b946cd70fcbf47940f46b9b9b41d55cc81d4c11e275e10ea,2024-07-01T12:57:24.748000,sent,kaspa:qq9zagcza4jt76eev9jl5z0nqhe0thcu7js8larktj4sle7lvgnw7sfcewlty,8992500000000,
9a9ca62895998ecca79923fd409a623de92603d9ea574772c9bca19b6cb98539,2024-07-01T11:44:25.407000,received,kaspa:qrvum29vk365g0zcd5gx3c7h829etfq2ytdmscjzw4zw04fjfnprcg9c3tges,8990600000000,
eb3a0749b804742ba60842eb7c592f39a8f4cbc049e1c4fcf7ab09deab29e4e6,2024-07-01T03:42:57.862000,received,kaspa:qrvum29vk365g0zcd5gx3c7h829etfq2ytdmscjzw4zw04fjfnprcg9c3tges,2000000000,
