tx_id,timestamp,direction,peer_address,amount_sompi,cex_label
c204806ffbaa3760a9c69f62bc90cd4dcb89002ebbf0dac119b961fa1318fc4c,2023-12-28T11:29:33.614000,sent,kaspa:qq2lptjumxqf6sy33el06u69x7zdwnwsl0l3dkzwpn2988ye8crdgf73xrmm5,70000000000,
1b2f095a497b5b5088299c709290dcba01e8172e7d1d45566f0de16030e54659,2023-12-26T20:13:53.688000,sent,kaspa:qzvn5t35rmn3hq93qtdmrvd6ca058a599txfynlu8lj7ysxf75jg6xqhuweca,80000000000,
39c63cf9036bee1e6456ea3ecaf1a1f10fc0b66680692875ff702f412810e0c5,2023-12-26T19:58:00.846000,sent,kaspa:qq8m3xnzu8w0kkap3j0zj698qx27rnwlu0l3nxk4k7spnajsqe8nvq5n77s5z,1000000000000,
11e7bcfa098386ad82e42fc8dddd771e3ab87cc89ed7fbb1c78a199df0f689e7,2023-12-25T03:46:28.058000,sent,kaspa:qz6lk5dwx3h772m6p0f8tq795lpk0764a68cdhqcwp52ekfgfyutxtq2k4xyu,4000000000000,
132875288e5725c3bec09260857b420a3e026244948e32b978584c1f235ea936,2023-12-25T03:35:57.497000,sent,kaspa:qqwvnkp47wsj6n4hkdlgj8dsauyx0xvefunnwvvsmpq2udd0ka8ckmpuqw3k5,11091895389,
e0d7dec8f2a35dadf40b3f773a00e07109123ec8c5cd6323ea3a6ca1f4e0fbbb,2023-12-25T03:31:17.338000,sent,kaspa:qruuh9syj9pceu65qwh759sgprulwysd0d6xccp884a4sef5jfmdxzn536led,10000000000,
e0d7dec8f2a35dadf40b3f773a00e07109123ec8c5cd6323ea3a6ca1f4e0fbbb,2023-12-25T03:31:17.338000,sent,kaspa:qruuh9syj9pceu65qwh759sgprulwysd0d6xccp884a4sef5jfmdxzn536led,10000000000,
e0d7dec8f2a35dadf40b3f773a00e07109123ec8c5cd6323ea3a6ca1f4e0fbbb,2023-12-25T03:31:17.338000,sent,kaspa:qruuh9syj9pceu65qwh759sgprulwysd0d6xccp884a4sef5jfmdxzn536led,10000000000,
e0d7dec8f2a35dadf40b3f773a00e07109123ec8c5cd6323ea3a6ca1f4e0fbbb,2023-12-25T03:31:17.338000,sent,kaspa:qruuh9syj9pceu65qwh759sgprulwysd0d6xccp884a4sef5jfmdxzn536led,10000000000,
e0d7dec8f2a35dadf40b3f773a00e07109123ec8c5cd6323ea3a6ca1f4e0fbbb,2023-12-25T03:31:17.338000,sent,kaspa:qruuh9syj9pceu65qwh759sgprulwysd0d6xccp884a4sef5jfmdxzn536led,10000000000,
e0d7dec8f2a35dadf40b3f773a00e07109123ec8c5cd6323ea3a6ca1f4e0fbbb,2023-12-25T03:31:17.338000,sent,kaspa:qruuh9syj9pceu65qwh759sgprulwysd0d6xccp884a4sef5jfmdxzn536led,10000000000,
e0d7dec8f2a35dadf40b3f773a00e07109123ec8c5cd6323ea3a6ca1f4e0fbbb,2023-12-25T03:31:17.338000,sent,kaspa:qruuh9syj9pceu65qwh759sgprulwysd0d6xccp884a4sef5jfmdxzn536led,10000000000,
e0d7dec8f2a35dadf40b3f773a00e07109123ec8c5cd6323ea3a6ca1f4e0fbbb,2023-12-25T03:31:17.338000,sent,kaspa:qruuh9syj9pceu65qwh759sgprulwysd0d6xccp884a4sef5jfmdxzn536led,10000000000,
22ae84923e18374922ba28744a6eb5c3fc0d16e6c54a83b71d874ea314e41e73,2023-12-19T11:35:31.681000,received,kaspa:qppr7q4mykgfw4s37lh4z7pqa6x5a5aya9g0ku4dvyk4rttf2smrxk4680npn,1815010899868,
22ae84923e18374922ba28744a6eb5c3fc0d16e6c54a83b71d874ea314e41e73,2023-12-19T11:35:31.681000,received,kaspa:qppr7q4mykgfw4s37lh4z7pqa6x5a5aya9g0ku4dvyk4rttf2smrxk4680npn,1815010899868,
22ae84923e18374922ba28744a6eb5c3fc0d16e6c54a83b71d874ea314e41e73,2023-12-19T11:35:31.681000,received,kaspa:qppr7q4mykgfw4s37lh4z7pqa6x5a5aya9g0ku4dvyk4rttf2smrxk4680npn,1815010899868,
02bd87dd4e5e73184e94af5d436bd9217acea5560c61298aff8a04d1955465a1,2023-12-11T11:11:26.340000,received,kaspa:qq3k4du6wf2g26j7ds6fqmgtgavgm3zy676wntp2e52nsuns2n4s6xkndmx0y,802469026701,
a43d325e1af3eeee7d930d23516c51a6a85ec3d3567d806863c76751dc45f5aa,2023-12-08T00:01:23.639000,received,kaspa:qpq94ntnvy8p9q6wrdwtn37xtspgashrydc0kuu8ctpyxulmh0wlxh2807zdh,541730394972,
4a3b33a5828aab47003c4d42628632099b153dee1b5dbbecf7af6c4f3edd43ec,2023-11-18T10:30:26.660000,received,kaspa:qppr7q4mykgfw4s37lh4z7pqa6x5a5aya9g0ku4dvyk4rttf2smrxk4680npn,588212410542,
4a3b33a5828aab47003c4d42628632099b153dee1b5dbbecf7af6c4f3edd43ec,2023-11-18T10:30:26.660000,received,kaspa:qppr7q4mykgfw4s37lh4z7pqa6x5a5aya9g0ku4dvyk4rttf2smrxk4680npn,588212410542,
4a3b33a5828aab47003c4d42628632099b153dee1b5dbbecf7af6c4f3edd43ec,2023-11-18T10:30:26.660000,received,kaspa:qppr7q4mykgfw4s37lh4z7pqa6x5a5aya9g0ku4dvyk4rttf2smrxk4680npn,588212410542,
100f83555973bd18b33f87e14e79ba39e74d3a497c5dcc6936ec09dd515bb033,2023-11-18T01:59:30.385000,received,kaspa:qpq94ntnvy8p9q6wrdwtn37xtspgashrydc0kuu8ctpyxulmh0wlxh2807zdh,155592090620,
105d9721f844c883c3ce31776bb9d6ce92577e4370d7f20a75aec1bdcc24c03a,2023-11-18T01:53:43.794000,received,kaspa:qq3k4du6wf2g26j7ds6fqmgtgavgm3zy676wntp2e52nsuns2n4s6xkndmx0y,312421266271,
0f08b9cf3aad2d7ba815ddb0e683b20415f4f9970ddd3591e1d0bec8d4c96b99,2023-11-18T01:41:42.240000,received,kaspa:qq3k4du6wf2g26j7ds6fqmgtgavgm3zy676wntp2e52nsuns2n4s6xkndmx0y,423672345859,
7d5964829a352c8d2fc6cfd187cf86efa1fc8b1ab8eb06fcf2329e7edaae3db9,2023-11-17T01:24:39.867000,received,kaspa:qppr7q4mykgfw4s37lh4z7pqa6x5a5aya9g0ku4dvyk4rttf2smrxk4680npn,533002155791,
