tx_id,timestamp,direction,peer_address,amount_sompi,cex_label
c19779564b66836cba2f32753a4c6ed439fe70a63c7ce79ed45362a77646bcc4,2023-12-16T03:16:37.016000,sent,kaspa:qzslgwenzu78t6tldlng383g7ruu4enaljmnkgaulyrscjp7ldt26x8gfxck5,171940000,
c19779564b66836cba2f32753a4c6ed439fe70a63c7ce79ed45362a77646bcc4,2023-12-16T03:16:37.016000,sent,kaspa:qzslgwenzu78t6tldlng383g7ruu4enaljmnkgaulyrscjp7ldt26x8gfxck5,171940000,
e09ed8eed8260e427c399fe144dd54d675136cee57cb735fba539c4c028fe35b,2023-12-12T00:30:06.695000,received,kaspa:qypswxtcrv4ssyjaswy5w9387vq73mkuyq85tl34cee6qn5uexqy0csgnafnjx7,171000000,
961839d96f5d21798ae299870ac6317d0e159aa5ed801f800bcd85512b1eec37,2023-11-27T14:37:45.297000,sent,kaspa:qyp4j5ramd4dqmzu3830l47ugr9r6zmcz6jm8pkln03drs3j2y794vgthr0vyzn,18000000,
3b9dc16bf79665f54512138efe7a22f67a32f836619634f398cc8d00b314c2a9,2023-11-27T11:14:02.495000,received,kaspa:qzgjznhauul6ynlssnt804gj3g8z0yyenwf9jya9cmjfmlseg3h76gy5urjdy,19000000,
