tx_id,timestamp,direction,peer_address,amount_sompi,cex_label
98878a7e8a5a30ada0a48db21aeb0a4904bb5a9ff9b03b59dcd823d99deec101,2023-12-16T03:39:40.110000,sent,kaspa:qzslgwenzu78t6tldlng383g7ruu4enaljmnkgaulyrscjp7ldt26x8gfxck5,171940000,
98878a7e8a5a30ada0a48db21aeb0a4904bb5a9ff9b03b59dcd823d99deec101,2023-12-16T03:39:40.110000,sent,kaspa:qzslgwenzu78t6tldlng383g7ruu4enaljmnkgaulyrscjp7ldt26x8gfxck5,171940000,
94c3e0cf7ef5389dce3bb690563763aec80a602aa6596d2d9800d67ac8ad4ecc,2023-12-12T00:19:10.468000,received,kaspa:qypswxtcrv4ssyjaswy5w9387vq73mkuyq85tl34cee6qn5uexqy0csgnafnjx7,171000000,
873776ce47113b34a8d6e02f5a6af733784b47d4c2964fab8f6d412f48188e2f,2023-11-27T14:23:29.663000,sent,kaspa:qypqq7hv9f4azgxv7a70u3z8zr6lnez0nw393px26uu3ngx64mflehq8ypvmtat,18000000,
97eea071e7fb6652e38f8abf9c6536a7c6b0c438b1e24d28dcca8449f994202b,2023-11-27T09:52:26.998000,received,kaspa:qpwhru0ycq9aqhmkwzwsz5q888cxytn6pjlhang56rff0m2ysh727vazd7ejt,19000000,
