tx_id,timestamp,direction,peer_address,amount_sompi,cex_label
fbc03637112631a58578a25f322ec136c49061bfaa76858f9366630608d614d4,2023-12-16T04:17:31.542000,sent,kaspa:qzslgwenzu78t6tldlng383g7ruu4enaljmnkgaulyrscjp7ldt26x8gfxck5,171940000,
fbc03637112631a58578a25f322ec136c49061bfaa76858f9366630608d614d4,2023-12-16T04:17:31.542000,sent,kaspa:qzslgwenzu78t6tldlng383g7ruu4enaljmnkgaulyrscjp7ldt26x8gfxck5,171940000,
e2abad98f6d4220e3ef01466c20665b6d5c50858e82a702af2bc49cc1772a955,2023-12-12T11:24:32.574000,received,kaspa:qypswxtcrv4ssyjaswy5w9387vq73mkuyq85tl34cee6qn5uexqy0csgnafnjx7,171000000,
d72d6e9d9e83e933fbb0159fa61c9a26a33b72ae63400d0227dc6eebf46d2044,2023-11-28T15:49:33.322000,sent,kaspa:qypeyrf7mdxm8jk5fgx2usr072nxqx8cxrneh80crx80zu2nwxnjsacrfp8gzwv,18000000,
bed05b9663e5b2d4edb32bf9bba1e53cf9462f2cea8fa0e0e9d26fc6518749a2,2023-11-28T00:00:49.027000,received,kaspa:qqxrda0n7wx2zyhkxu2gx3hc5mraf7l7h90szkz8vrs4sa9cf0hvc6ysg6shy,19000000,
