tx_id,timestamp,direction,peer_address,amount_sompi,cex_label
942551bc73bd23ca022aab37a81be5512392b8729bbe3e96e470be6324676b11,2023-12-16T04:16:46.284000,sent,kaspa:qzslgwenzu78t6tldlng383g7ruu4enaljmnkgaulyrscjp7ldt26x8gfxck5,171940000,
942551bc73bd23ca022aab37a81be5512392b8729bbe3e96e470be6324676b11,2023-12-16T04:16:46.284000,sent,kaspa:qzslgwenzu78t6tldlng383g7ruu4enaljmnkgaulyrscjp7ldt26x8gfxck5,171940000,
fe93b36a149f63bf4cb810794de541b471895b478bf830f3a756e4e214d74b75,2023-12-12T10:46:44.731000,received,kaspa:qypswxtcrv4ssyjaswy5w9387vq73mkuyq85tl34cee6qn5uexqy0csgnafnjx7,171000000,
450012f3017728636213d38881571f1ed1e0d1d520cf4a038841b34edd5326f3,2023-11-28T15:00:16.821000,sent,kaspa:qypktt9sgfwnvnl6ku2regnrl6xhjjd5hvjeq5wrwdtwd2y5ah5jd2c9v2vy7l6,18000000,
3e31452f37038488bc83f242b3054944c1302b58f243627ef1bc5cc650b5b77d,2023-11-27T23:32:33.124000,received,kaspa:qrqxzdquf8znzr6hc0nscqgf377fps4pncal6r8a7wthkmmkz845wgu57tavk,19000000,
