tx_id,timestamp,direction,peer_address,amount_sompi,cex_label
39dea41e08b95838aaa4dd65d2cc1ccf9850a899c099e747970548695f17a397,2023-12-16T04:39:05.111000,sent,kaspa:qzslgwenzu78t6tldlng383g7ruu4enaljmnkgaulyrscjp7ldt26x8gfxck5,171940000,
39dea41e08b95838aaa4dd65d2cc1ccf9850a899c099e747970548695f17a397,2023-12-16T04:39:05.111000,sent,kaspa:qzslgwenzu78t6tldlng383g7ruu4enaljmnkgaulyrscjp7ldt26x8gfxck5,171940000,
e5f7dc14c0aa4d0b9a1cb2b01ea2642f33243ceef40c15e339b035bb1a35c278,2023-12-13T01:32:03.393000,received,kaspa:qypswxtcrv4ssyjaswy5w9387vq73mkuyq85tl34cee6qn5uexqy0csgnafnjx7,171000000,
b148ba396f4adf09d1362317b3e8f79a395db7fec78e87ce394e64be235fea35,2023-11-29T17:12:08.936000,sent,kaspa:qyp96jcx056pzna756g07yamtqzr8atzaq5p66gnc4fkf7y5vdekqccdl2m5ql4,18000000,
b087624d1db8db6ef3d848ca20d85e4c57da3669a9bc047ff5ac4656b1f834c5,2023-11-29T11:54:08.498000,received,kaspa:qr8y2cptndc87jqgkjh6rprjjuft7jw5ejvslqpytfe84dxzagefulpx60480,19000000,
