tx_id,timestamp,direction,peer_address,amount_sompi,cex_label
65b8ae7f0846195915d79e50738e50222001e36224429bae1eaa5c1b0025e401,2023-12-16T05:17:10.841000,sent,kaspa:qzslgwenzu78t6tldlng383g7ruu4enaljmnkgaulyrscjp7ldt26x8gfxck5,171940000,
65b8ae7f0846195915d79e50738e50222001e36224429bae1eaa5c1b0025e401,2023-12-16T05:17:10.841000,sent,kaspa:qzslgwenzu78t6tldlng383g7ruu4enaljmnkgaulyrscjp7ldt26x8gfxck5,171940000,
9164241c26dae6fa8db256845806f9572b909144096703c843d93824ca2f55d5,2023-12-13T05:49:17.367000,received,kaspa:qypswxtcrv4ssyjaswy5w9387vq73mkuyq85tl34cee6qn5uexqy0csgnafnjx7,171000000,
c599567f1657bf7405a4e081df10301294528b6c6104c267137d9b48a80ccc53,2023-11-29T21:51:46.420000,sent,kaspa:qypevku4yk5gd54xqevq3arn98r7cq5lerjgjl0x0gz4e7zcguu9t0gvzl7vdt0,18000000,
95fd621b69a5a498d87cfbdb18077bd5f321428e65f9412d2704202266865d76,2023-11-29T11:28:02.260000,received,kaspa:qp4u3g6z0559q488y8qx8eq7kxhtqlx5kveyphtskn5zdgrtlx02vrjhcj6e2,19000000,
