tx_id,timestamp,direction,peer_address,amount_sompi,cex_label
e5b744d5e90776a84dbc073e7d07f86c13ddcf21ec0afa332b6240b135d606b7,2024-02-17T19:17:46.356000,sent,kaspa:qqyrl8sham25c7pvdxlzw5ev4lrfm80k8deymkwrz4kta0w5mma0g67pnq3f2,172980000,
e5b744d5e90776a84dbc073e7d07f86c13ddcf21ec0afa332b6240b135d606b7,2024-02-17T19:17:46.356000,sent,kaspa:qqyrl8sham25c7pvdxlzw5ev4lrfm80k8deymkwrz4kta0w5mma0g67pnq3f2,172980000,
f77fd25d166ce31614632d7da78eac8027fee22d7a7e95d016e3aa04e2b372a1,2023-12-12T16:35:18.959000,received,kaspa:qypswxtcrv4ssyjaswy5w9387vq73mkuyq85tl34cee6qn5uexqy0csgnafnjx7,171000000,
821442878072de20007f12882f6696cb4455c78eeb8c03ebc16679a2e4569d04,2023-11-29T04:22:06.457000,sent,kaspa:qyppr0jg5km4rwe5e39rzxlsc6hzzwtlmhqukgju2uzwfyj6t5tccnsd6xxyygk,18000000,
f1a5814f86b0b57b4cfc1b2a091afb044177db12667dc6c58965b9e3fe04b272,2023-11-27T21:23:34.140000,received,kaspa:qypxh795z50lqe9u3fqnmlwyw7fjgw5xsd0ey6ltg0t3qwvhfpuqakgrgux5h9d,20000000,
