tx_id,timestamp,direction,peer_address,amount_sompi,cex_label
3ef396869ee4351f8c1e385742ff86b14372454445736ac3cde1fd78651162a1,2023-12-16T04:15:28.177000,sent,kaspa:qzslgwenzu78t6tldlng383g7ruu4enaljmnkgaulyrscjp7ldt26x8gfxck5,171940000,
3ef396869ee4351f8c1e385742ff86b14372454445736ac3cde1fd78651162a1,2023-12-16T04:15:28.177000,sent,kaspa:qzslgwenzu78t6tldlng383g7ruu4enaljmnkgaulyrscjp7ldt26x8gfxck5,171940000,
61b31b2355060ad87225b03f731834d01af2197bd5afd58a3049fcf42f413a3a,2023-12-12T10:03:53.611000,received,kaspa:qypswxtcrv4ssyjaswy5w9387vq73mkuyq85tl34cee6qn5uexqy0csgnafnjx7,171000000,
cb00186ebd0251aa65e6c6eb30da418c03d7d80c1ed40fb887d6c2870792b7fe,2023-11-28T14:13:52.271000,sent,kaspa:qyppxv2yf09t09qvy0s28x5sg8va62j4upzrchj0nx8qwxfnfptufng5wm6c4vy,18000000,
bcce7854cfd8fb850d3476bd9477873b4ad2940c2761305c093c911135dd2fb7,2023-11-27T21:49:31.585000,received,kaspa:qqu3y9zclllm6ldy3fkthve4f96p2xez7c28fya96vp3kh34ulnvy8fldmvve,19000000,
