tx_id,timestamp,direction,peer_address,amount_sompi,cex_label
50c27a850ec29403a5d8a8ded0d37b1bc4685537cd336f930c3423898fcd61d9,2023-12-16T04:32:56.463000,sent,kaspa:qzslgwenzu78t6tldlng383g7ruu4enaljmnkgaulyrscjp7ldt26x8gfxck5,171940000,
50c27a850ec29403a5d8a8ded0d37b1bc4685537cd336f930c3423898fcd61d9,2023-12-16T04:32:56.463000,sent,kaspa:qzslgwenzu78t6tldlng383g7ruu4enaljmnkgaulyrscjp7ldt26x8gfxck5,171940000,
5dec098b1ff9a37c9bc1f24e4d421c7ee539a4e6d9ff20e860d233455ea8ad9c,2023-12-12T17:43:17.306000,received,kaspa:qypswxtcrv4ssyjaswy5w9387vq73mkuyq85tl34cee6qn5uexqy0csgnafnjx7,171000000,
33114cfd00a3905ea712bd4bba6de02c28f6cecee21b9df379f2f048bb1fb4a1,2023-11-29T06:09:57.891000,sent,kaspa:qypwpczed5jmtvr56je9s6kk4gw5qtmkfk244sk8aecqxcdfpu8n28ctepkl0qp,18000000,
7aee8d4f3bcd8f7e10adf6f93132d41e3b258e82f8c1086bfde3777a2421951a,2023-11-28T20:21:51.140000,received,kaspa:qqaugwf5jw2eagnzq0ncvce6p8n8nwyxzwxmyxwqx7uast3nnv6q6xd4qglxr,19000000,
