tx_id,timestamp,direction,peer_address,amount_sompi,cex_label
de28fc7d211cf9b416116f53199ae0a44da25a3c2142a0ac31ec2e673faedbff,2023-12-16T04:55:29.389000,sent,kaspa:qzslgwenzu78t6tldlng383g7ruu4enaljmnkgaulyrscjp7ldt26x8gfxck5,171940000,
de28fc7d211cf9b416116f53199ae0a44da25a3c2142a0ac31ec2e673faedbff,2023-12-16T04:55:29.389000,sent,kaspa:qzslgwenzu78t6tldlng383g7ruu4enaljmnkgaulyrscjp7ldt26x8gfxck5,171940000,
3b6f162d60a1700107c31cb8ddd78f7fb2a9a324f9fb3700031ec7d276bf2312,2023-12-13T02:09:55.972000,received,kaspa:qypswxtcrv4ssyjaswy5w9387vq73mkuyq85tl34cee6qn5uexqy0csgnafnjx7,171000000,
7b443cdc52ecaf80c12ed4abd56b44cc530f7a382d6f0d3c853c67bab90c8477,2023-11-29T17:39:44.216000,sent,kaspa:qypeedfq2nz9ecjp4mm86nm0ddd3ltf7jfxjuqvpamhlwl6nes2p2mg2jj2nnmz,18000000,
e2e2018b8044aa1687f17ab662bd5edb0b099f871b5f7316e81192279c359b43,2023-11-29T08:16:34.081000,received,kaspa:qz2mfwckqf336hmfsmq2wesgv3up3emyec0yvszzk8g03pj05qr5u7pet9th0,19000000,
