tx_id,timestamp,direction,peer_address,amount_sompi,cex_label
4ff43a1ef899846d830ead45315e62ba5ee8c6d6b69f3d7739fe080bc0d7f59e,2023-12-16T05:12:59.714000,sent,kaspa:qzslgwenzu78t6tldlng383g7ruu4enaljmnkgaulyrscjp7ldt26x8gfxck5,171940000,
4ff43a1ef899846d830ead45315e62ba5ee8c6d6b69f3d7739fe080bc0d7f59e,2023-12-16T05:12:59.714000,sent,kaspa:qzslgwenzu78t6tldlng383g7ruu4enaljmnkgaulyrscjp7ldt26x8gfxck5,171940000,
260aeed7f5f330c3e34c0be7dec81b6d06095b3b1dbf1a22b8751e1b16dee4bb,2023-12-13T03:42:17.417000,received,kaspa:qypswxtcrv4ssyjaswy5w9387vq73mkuyq85tl34cee6qn5uexqy0csgnafnjx7,171000000,
185399d00fccd0b7c536b465821a827cb81c314aa0ce18c291270b7afc21fe60,2023-11-29T18:56:50.835000,sent,kaspa:qypuxdtgssjv34rxvwh5287ps69uvxulals4t4mulyqk9cdenjug6rq3vwulq85,18000000,
a36434be45bed1dc708fefa41e9cf59a6fead3bfdc04d8d4dc59b68a27ee5bb0,2023-11-28T15:24:40.134000,received,kaspa:qpzwgfxxerkaexvudhula82mzdutl5kqg80ehnhlzfh56n9gwfqgwgyn0m3fd,19000000,
