tx_id,timestamp,direction,peer_address,amount_sompi,cex_label
d2cbb4fa3c1166ced8232843914c2b34fc6b41726bf475d948f546fb34a797c9,2024-02-10T15:49:46.480000,sent,kaspa:qyp4esgffz4k2tr3nrnzeqxx0ulzxvhy3w43dghr832sfpuusgd3c5gldzxl4fn,45600000000,
895135081e409572d8a1790c40c5ebe925f5b0780079a29d053460a9ee3bd8e2,2024-02-10T15:48:42.232000,sent,kaspa:qyp4esgffz4k2tr3nrnzeqxx0ulzxvhy3w43dghr832sfpuusgd3c5gldzxl4fn,18200000000000,
895135081e409572d8a1790c40c5ebe925f5b0780079a29d053460a9ee3bd8e2,2024-02-10T15:48:42.232000,sent,kaspa:qyp4esgffz4k2tr3nrnzeqxx0ulzxvhy3w43dghr832sfpuusgd3c5gldzxl4fn,18200000000000,
24d2dd70ed78976860a72f50f5bfa398a90ea5395dc270ebc8cfd62141755080,2024-02-10T15:44:41.144000,received,kaspa:qq9zagcza4jt76eev9jl5z0nqhe0thcu7js8larktj4sle7lvgnw7sfcewlty,241429969559,
0a683ad952d253ec15b5f0b273e3bd88ecc236101e6ce8c6cc4b597627418623,2024-02-10T15:44:06.813000,received,kaspa:qq9zagcza4jt76eev9jl5z0nqhe0thcu7js8larktj4sle7lvgnw7sfcewlty,18004174843379,
e5614bf4e79ebc6f88f8e02d5f8728ec8c6a7b2cf7de39c01e6f8482199d3a5e,2023-11-22T22:48:38.768000,sent,kaspa:qqwvnkp47wsj6n4hkdlgj8dsauyx0xvefunnwvvsmpq2udd0ka8ckmpuqw3k5,4999900000,
5390682ba5c804fb0815f5ff6bbcec45b68541bea15cf8cf5280a506fbadbcd6,2023-11-22T22:45:54.576000,received,kaspa:qp3skedvlhhr2gt7y84weesflwsm9kqsk47xc6g2m4el9ccjz8l72zfgfve3z,5000000000,
39a3b420a5e657e8b28a89a0b3aae0c2959a2d63de00e881601ff78f4e49035b,2023-11-19T22:36:04.521000,sent,kaspa:qqwvnkp47wsj6n4hkdlgj8dsauyx0xvefunnwvvsmpq2udd0ka8ckmpuqw3k5,24898313646344,
17d923edec8bc8752d2b588fe6e12b0c48dc6183625e705f946e16406f3e9993,2023-11-19T22:33:04.288000,sent,kaspa:qqwvnkp47wsj6n4hkdlgj8dsauyx0xvefunnwvvsmpq2udd0ka8ckmpuqw3k5,101686153656,
37906545d99e62044ef9e812961681400c7eebf1f46c47b99b146f790e9f826a,2023-11-19T22:30:11.072000,received,kaspa:qzrj9y6jdmd5q07cadn0hdv3a7tqetkmzphfav4t3qtejc2uexjj5tawdnrr8,25000000000000,
37906545d99e62044ef9e812961681400c7eebf1f46c47b99b146f790e9f826a,2023-11-19T22:30:11.072000,received,kaspa:qz7juay4w9cn7mzrvhhvg8q3xd07xvd8mk8797m8tadm80ktk48kkajp78v8m,25000000000000,
73d0916f5a9a1c57ffb1ab7cc86cf69f5354c204cb23cecc2eec6ec1493e2dd5,2023-11-19T20:21:56.930000,sent,kaspa:qqwvnkp47wsj6n4hkdlgj8dsauyx0xvefunnwvvsmpq2udd0ka8ckmpuqw3k5,99999900000,
3a1f8f5d2b67d7ba79d5efac4daf3259243c46a947edccf777cd78699881d456,2023-11-19T20:19:33.786000,received,kaspa:qrt7w5futd9hjd8usz596x4v2e8qx2evvsqa8jfn3cpqmp8398wmgphz4rqzc,100000000000,
d7b1089a199a25bdfb4b30d134f4d41e664c77ccf17d364732038e6f33030395,2023-11-19T20:04:47.610000,sent,kaspa:qqwvnkp47wsj6n4hkdlgj8dsauyx0xvefunnwvvsmpq2udd0ka8ckmpuqw3k5,9999900000,
537a16dae2115cff38df04cc48bb0704a8e6e220bca4327ea36149cb7e2770bd,2023-11-19T19:55:18.822000,received,kaspa:qq973t83czmr4cgzad2qnsm66qa6j80gk0yhlnawe0f5jc34gaf47n34huzjh,10000000000,
