tx_id,timestamp,direction,peer_address,amount_sompi,cex_label
e152755648398faa650886b9b1dbb1ba5d90d6ca9b19fd6834bf98118eec8f41,2023-12-13T05:43:21.466000,sent,kaspa:qr7r8rtehym00mcmmucflvu2003fsevzc9s0rezsltzwd6jd34p2cg3nd43cf,170990000,
8baa3837e2c977857e76a4229c145a4b33dfdc1234c7aec6130fd34649f59e0e,2023-12-12T02:22:30.125000,received,kaspa:qypswxtcrv4ssyjaswy5w9387vq73mkuyq85tl34cee6qn5uexqy0csgnafnjx7,171000000,
826efc29bce4e87d3b34a328fcd321cde7b415d15454239e1800d8ddd482577b,2023-11-28T00:11:50.411000,sent,kaspa:qyp0fe9s3kvf8lmrdzlse4c7sc536ytyv2x0v4vn5lg46cxutk3clqgz5mvc3jv,18000000,
c9bde63d85ea8152904cf885d34d5fdace6cbc8697cd4f254fc99e95023ed199,2023-11-27T16:26:20.400000,received,kaspa:qzkcaapkdv8e5j9z29l6fwq2kg7h8r6a8hzudrfnc024d52shvexsmzxdhzy5,18010000,
