tx_id,timestamp,direction,peer_address,amount_sompi,cex_label
d04ff60d3c6dee8e368e25549d7c914dc42004e475b4911d5c67b0149ac9be20,2024-08-16T13:24:02.324000,sent,kaspa:qplj0xdafvpt0u9tkwereeflhnx26um6f0t44vx3vw54n606mcfpwe83g2a6a,4760000000000,
d04ff60d3c6dee8e368e25549d7c914dc42004e475b4911d5c67b0149ac9be20,2024-08-16T13:24:02.324000,sent,kaspa:qplj0xdafvpt0u9tkwereeflhnx26um6f0t44vx3vw54n606mcfpwe83g2a6a,4760000000000,
e2b225480a3615af4f4741a1a049aa678b2e7d4a04bd4367e6724f714f523f1b,2024-08-16T13:16:08.099000,received,kaspa:qq9zagcza4jt76eev9jl5z0nqhe0thcu7js8larktj4sle7lvgnw7sfcewlty,4758266212025,
e2b225480a3615af4f4741a1a049aa678b2e7d4a04bd4367e6724f714f523f1b,2024-08-16T13:16:08.099000,received,kaspa:qq9zagcza4jt76eev9jl5z0nqhe0thcu7js8larktj4sle7lvgnw7sfcewlty,4758266212025,
e2b225480a3615af4f4741a1a049aa678b2e7d4a04bd4367e6724f714f523f1b,2024-08-16T13:16:08.099000,received,kaspa:qq9zagcza4jt76eev9jl5z0nqhe0thcu7js8larktj4sle7lvgnw7sfcewlty,4758266212025,
5d50fab3ed9a754dc803e3a419807185901dad3505011edde8826d4146e02eba,2024-08-07T04:50:27.874000,sent,kaspa:qplj0xdafvpt0u9tkwereeflhnx26um6f0t44vx3vw54n606mcfpwe83g2a6a,5620000000000,
5d50fab3ed9a754dc803e3a419807185901dad3505011edde8826d4146e02eba,2024-08-07T04:50:27.874000,sent,kaspa:qplj0xdafvpt0u9tkwereeflhnx26um6f0t44vx3vw54n606mcfpwe83g2a6a,5620000000000,
e8382546839f41b499a7fddd7351b08ca2f1df316210c85be6b295d6035d322f,2024-08-07T04:49:00.565000,received,kaspa:qq9zagcza4jt76eev9jl5z0nqhe0thcu7js8larktj4sle7lvgnw7sfcewlty,5626472939495,
39b9c37683ea6c7cb2859ffb6a2e6c93662d5e0325f332b2a0db3b4c200ab989,2024-08-06T05:15:58.043000,sent,kaspa:qplj0xdafvpt0u9tkwereeflhnx26um6f0t44vx3vw54n606mcfpwe83g2a6a,9380000000000,
39b9c37683ea6c7cb2859ffb6a2e6c93662d5e0325f332b2a0db3b4c200ab989,2024-08-06T05:15:58.043000,sent,kaspa:qplj0xdafvpt0u9tkwereeflhnx26um6f0t44vx3vw54n606mcfpwe83g2a6a,9380000000000,
ad6adb46460edfeb5bde57a6ad14a26dd2531bb6dcd05e4b922b4451429b0153,2024-08-06T05:14:51.123000,received,kaspa:qq9zagcza4jt76eev9jl5z0nqhe0thcu7js8larktj4sle7lvgnw7sfcewlty,9381802273274,
ae870b37674e12d151f2e9e2dd9dd3c3a58da835930d33166de37f8214cd1df6,2024-08-05T15:56:16.985000,sent,kaspa:qplj0xdafvpt0u9tkwereeflhnx26um6f0t44vx3vw54n606mcfpwe83g2a6a,12420900000000,
ae870b37674e12d151f2e9e2dd9dd3c3a58da835930d33166de37f8214cd1df6,2024-08-05T15:56:16.985000,sent,kaspa:qplj0xdafvpt0u9tkwereeflhnx26um6f0t44vx3vw54n606mcfpwe83g2a6a,12420900000000,
bac5af5a9d4934965a39bd58d62a42452041211fcfdf74b9d44e3fa34a817211,2024-08-05T15:54:05.629000,received,kaspa:qq9zagcza4jt76eev9jl5z0nqhe0thcu7js8larktj4sle7lvgnw7sfcewlty,12408957321356,
1942a6d431072bc595b74e69e8b684ea2e4fbe5cbe38caedbaa4561fe2304b07,2024-08-05T14:21:44.136000,sent,kaspa:qplj0xdafvpt0u9tkwereeflhnx26um6f0t44vx3vw54n606mcfpwe83g2a6a,28100000000000,
1942a6d431072bc595b74e69e8b684ea2e4fbe5cbe38caedbaa4561fe2304b07,2024-08-05T14:21:44.136000,sent,kaspa:qplj0xdafvpt0u9tkwereeflhnx26um6f0t44vx3vw54n606mcfpwe83g2a6a,28100000000000,
a6040ea6cf145ce977030b48e343acfda07c17979db97872dfee4fa487e953ff,2024-08-05T14:19:57.102000,received,kaspa:qq9zagcza4jt76eev9jl5z0nqhe0thcu7js8larktj4sle7lvgnw7sfcewlty,28107171738205,
a6040ea6cf145ce977030b48e343acfda07c17979db97872dfee4fa487e953ff,2024-08-05T14:19:57.102000,received,kaspa:qq9zagcza4jt76eev9jl5z0nqhe0thcu7js8larktj4sle7lvgnw7sfcewlty,28107171738205,
a6040ea6cf145ce977030b48e343acfda07c17979db97872dfee4fa487e953ff,2024-08-05T14:19:57.102000,received,kaspa:qq9zagcza4jt76eev9jl5z0nqhe0thcu7js8larktj4sle7lvgnw7sfcewlty,28107171738205,
cb0e4025e8c0f55fb21980b3dace5b0977599632c6cacbb2aeea82187855dafc,2024-08-05T03:26:24.635000,sent,kaspa:qplj0xdafvpt0u9tkwereeflhnx26um6f0t44vx3vw54n606mcfpwe83g2a6a,88880000000000,
cb0e4025e8c0f55fb21980b3dace5b0977599632c6cacbb2aeea82187855dafc,2024-08-05T03:26:24.635000,sent,kaspa:qplj0xdafvpt0u9tkwereeflhnx26um6f0t44vx3vw54n606mcfpwe83g2a6a,88880000000000,
0df4edfde5388e88f86d284663eaba3c28b392238c1e8da86d8c71fbe93ccfa5,2024-08-05T03:09:32.786000,received,kaspa:qq9zagcza4jt76eev9jl5z0nqhe0thcu7js8larktj4sle7lvgnw7sfcewlty,88882947553739,
8a5276dd312b692d8316f3125967904b01b01e3110033d9ea2a57756c82c8901,2024-08-05T02:49:09.918000,sent,kaspa:qplj0xdafvpt0u9tkwereeflhnx26um6f0t44vx3vw54n606mcfpwe83g2a6a,8000000000,
575a4afd14d1e2ee229beb0ea3dda1241e393e45fe7709589d923096c23068ee,2024-08-05T02:47:30.556000,received,kaspa:qq9zagcza4jt76eev9jl5z0nqhe0thcu7js8larktj4sle7lvgnw7sfcewlty,9916673827,
