tx_id,timestamp,direction,peer_address,amount_sompi,cex_label
a5732aac42d4f6b1354d6583b0528947fa03e5b130f58a03e72cba788a9dfef9,2023-12-16T03:40:00.219000,sent,kaspa:qzslgwenzu78t6tldlng383g7ruu4enaljmnkgaulyrscjp7ldt26x8gfxck5,171940000,
a5732aac42d4f6b1354d6583b0528947fa03e5b130f58a03e72cba788a9dfef9,2023-12-16T03:40:00.219000,sent,kaspa:qzslgwenzu78t6tldlng383g7ruu4enaljmnkgaulyrscjp7ldt26x8gfxck5,171940000,
6578b127181af9e16348c0ae43d31c57f6b999c7acead138870d67e7441f75c2,2023-12-12T00:33:32.660000,received,kaspa:qypswxtcrv4ssyjaswy5w9387vq73mkuyq85tl34cee6qn5uexqy0csgnafnjx7,171000000,
5714aa85a774482ed1f09e74ac4098be36932c78ab7d38fa75fce726213adef6,2023-11-27T14:41:40.269000,sent,kaspa:qypqe0y8mrxs47yw8v688emcx2xw5m6fkprgxaxaw7r9h26cm48zzygvag0yf82,18000000,
865cebe5c22201280ae235429f97580206f22f17c58c8ed81bd4c869feb72551,2023-11-27T11:48:46.615000,received,kaspa:qpmp7s9we4nmtuq7fahr68pkxddehqer4r278q8wwtrgp4p5cqqj7e08uvv05,19000000,
