tx_id,timestamp,direction,peer_address,amount_sompi,cex_label
8d425e374f7a974c7fdcad9b840386ebb0e23d5d3d61d3acda298a18f0e245f2,2024-02-17T18:57:09.864000,sent,kaspa:qqyrl8sham25c7pvdxlzw5ev4lrfm80k8deymkwrz4kta0w5mma0g67pnq3f2,172980000,
8d425e374f7a974c7fdcad9b840386ebb0e23d5d3d61d3acda298a18f0e245f2,2024-02-17T18:57:09.864000,sent,kaspa:qqyrl8sham25c7pvdxlzw5ev4lrfm80k8deymkwrz4kta0w5mma0g67pnq3f2,172980000,
e0350ef0e923cb79512f3b94e71c8f40a1d72dc25e8f045783008859cd44a0f0,2023-12-12T20:12:09.092000,received,kaspa:qypswxtcrv4ssyjaswy5w9387vq73mkuyq85tl34cee6qn5uexqy0csgnafnjx7,171000000,
9ff4439afe884de6de82c3c24fa8be1af0392f8ce0d5f4c93ec3ec64887ac9ae,2023-11-29T10:33:06.376000,sent,kaspa:qyp5rfltv7z3gx8g0ree3gg9h7lm63j54zycvy6ehnewf06x757h9xgnak8cdtn,18000000,
3d07aec181cd4d772eb10b0d3593e9ab9ba068d561d4a3ec4700e0b1b5cc6fe9,2023-11-27T23:13:05.885000,received,kaspa:qyp09jwvzzyp0g4fdep2d2fekeh7gss2cd4mnug4jc5uel6xflyzw8csmlsjrqg,20000000,
