tx_id,timestamp,direction,peer_address,amount_sompi,cex_label
b0bbb60883842ae549c84b1bcf1764baa57b8264d545ce0dfd85457d17e76e37,2025-02-02T00:45:37.634000,sent,kaspa:qz8y9rdkg29n0v5yp2f3czmdzr5xm2hn0qlkpk9m726r0pev4mt2j95fvks7v,44461347,
3384170f2ed51210dd3d03b062de4cf2fe8d945b1591e450f2be2ebded88181b,2024-08-05T01:30:11.865000,received,kaspa:qqnfgjxa3ysx3h046kaf7mg4er668vgu864z9v2zpfgym33qj68pcz4atp4a9,44463004,
3384170f2ed51210dd3d03b062de4cf2fe8d945b1591e450f2be2ebded88181b,2024-08-05T01:30:11.865000,received,kaspa:qrmhc6f35lsfytuvsm7r4xml0wesvqrxnc3aldm2vf3g77plz6aajsfttctry,44463004,
3384170f2ed51210dd3d03b062de4cf2fe8d945b1591e450f2be2ebded88181b,2024-08-05T01:30:11.865000,received,kaspa:qpd2jkrd0h25z8fk7w4rultu6vwsun0lvraagh6hkcsyclzlp0gyusatzlt0u,44463004,
3384170f2ed51210dd3d03b062de4cf2fe8d945b1591e450f2be2ebded88181b,2024-08-05T01:30:11.865000,received,kaspa:qp9ck0k96n68asflfetya22dvvxryfzvpctklxlk2ec76gpe9tszy7xhxsz3a,44463004,
3384170f2ed51210dd3d03b062de4cf2fe8d945b1591e450f2be2ebded88181b,2024-08-05T01:30:11.865000,received,kaspa:qpj2z9u8fay6257zzslp4mtmzyrn7ymyge0u55czrtqhvfg748q3jgaccz79x,44463004,
3384170f2ed51210dd3d03b062de4cf2fe8d945b1591e450f2be2ebded88181b,2024-08-05T01:30:11.865000,received,kaspa:qzyay3nq0ak43kvfyadvaw6h2md4qzwprjts050zdfr85w0sr84y2cdvmgs3f,44463004,
3384170f2ed51210dd3d03b062de4cf2fe8d945b1591e450f2be2ebded88181b,2024-08-05T01:30:11.865000,received,kaspa:qrdhxmqsuf0czpad5drhm6y0rpcx23yueuqjeklytgmjape4yptlgm22u4hl4,44463004,
3384170f2ed51210dd3d03b062de4cf2fe8d945b1591e450f2be2ebded88181b,2024-08-05T01:30:11.865000,received,kaspa:qqtqemw3vu86372uc4g049n2pt6s7myk2c0jq232xlr2t2hvc3qqxwxzzyfsl,44463004,
3384170f2ed51210dd3d03b062de4cf2fe8d945b1591e450f2be2ebded88181b,2024-08-05T01:30:11.865000,received,kaspa:qq4x5ly4nd3rl7thdnplzlvd329kjptcnn4gkdf5uz94rz5fhx5j5jjjqf566,44463004,
3384170f2ed51210dd3d03b062de4cf2fe8d945b1591e450f2be2ebded88181b,2024-08-05T01:30:11.865000,received,kaspa:qp3g909ds6xskl4z7clrepq0cet2nw69a6c00ls5dzqkg27czmsjuta8r8vr9,44463004,
3384170f2ed51210dd3d03b062de4cf2fe8d945b1591e450f2be2ebded88181b,2024-08-05T01:30:11.865000,received,kaspa:qz2tng5038df5ety4fude370uvxvrkmutgm7plsqj8ljwapd6qpecxx5vnt3t,44463004,
3384170f2ed51210dd3d03b062de4cf2fe8d945b1591e450f2be2ebded88181b,2024-08-05T01:30:11.865000,received,kaspa:qp834rpqjsufn8087elnd5ctd3a9pl9lf6fhu3dymrah6u0wd8vku545yafk5,44463004,
3384170f2ed51210dd3d03b062de4cf2fe8d945b1591e450f2be2ebded88181b,2024-08-05T01:30:11.865000,received,kaspa:qzql6jfk4vdmv7mu4ykmjuc9s0l9nl9ztgnz3xnrak4z9jsau3qvc26ntfxmj,44463004,
