tx_id,timestamp,direction,peer_address,amount_sompi,cex_label
3c6c3ccf574a951f9a8651d7f2c16e6dde13ce817d0b2ae9f4d0c89a58c665a6,2023-12-16T04:35:03.863000,sent,kaspa:qzslgwenzu78t6tldlng383g7ruu4enaljmnkgaulyrscjp7ldt26x8gfxck5,171940000,
3c6c3ccf574a951f9a8651d7f2c16e6dde13ce817d0b2ae9f4d0c89a58c665a6,2023-12-16T04:35:03.863000,sent,kaspa:qzslgwenzu78t6tldlng383g7ruu4enaljmnkgaulyrscjp7ldt26x8gfxck5,171940000,
badabb7e620828c380cd9e3e120a77ec2ff2bfae0a4ed90714b26747eadcb355,2023-12-12T15:43:31.433000,received,kaspa:qypswxtcrv4ssyjaswy5w9387vq73mkuyq85tl34cee6qn5uexqy0csgnafnjx7,171000000,
739aeb672958c0225c13fc9ef7b272c8681a52fceedf47c159af488279d6ddcc,2023-11-29T01:53:30.545000,sent,kaspa:qyp5z20qffuxtj906x9mcd80ggcv7gr4rzervftjzakskdld93trr0gnjt2c7ma,18000000,
b2a5d97fb7d79e93b440544d66658d7ea0ba02c931f998c38272d778c6596bc7,2023-11-28T23:37:20.375000,received,kaspa:qznguj27925ujdf0xgxstsdzhd6hge2yls4q4wwk9nlhgtewm26h7djkxmafl,19000000,
