tx_id,timestamp,direction,peer_address,amount_sompi,cex_label
180f175488ddc84440e1952cdb0b21c3494faa4a8102fd7b401f96b3885d4e9e,2023-11-19T13:44:45.779000,sent,kaspa:qqwvnkp47wsj6n4hkdlgj8dsauyx0xvefunnwvvsmpq2udd0ka8ckmpuqw3k5,1971079800000,
175e0b9a737555a898eb5d6b90c4d9f223dc2d825c974d3b16888170782509cd,2023-11-16T08:07:47.255000,sent,kaspa:qqwvnkp47wsj6n4hkdlgj8dsauyx0xvefunnwvvsmpq2udd0ka8ckmpuqw3k5,2000000000000,
175e0b9a737555a898eb5d6b90c4d9f223dc2d825c974d3b16888170782509cd,2023-11-16T08:07:47.255000,sent,kaspa:qqwvnkp47wsj6n4hkdlgj8dsauyx0xvefunnwvvsmpq2udd0ka8ckmpuqw3k5,2000000000000,
14153a82723fd517d154d763980d7c603156f832bdc6973141caf7d09ffc7310,2023-03-31T07:41:29.124000,received,kaspa:qrelgny7sr3vahq69yykxx36m65gvmhryxrlwngfzgu8xkdslum2yxjp3ap8m,3970080000000,Gate.io
3f05fbbbd131975942bf303a717e51192e0ee9cdc735bcc6f7e74348dda77ff2,2023-03-31T07:27:08.884000,received,kaspa:qrelgny7sr3vahq69yykxx36m65gvmhryxrlwngfzgu8xkdslum2yxjp3ap8m,1000000000,Gate.io
