tx_id,timestamp,direction,peer_address,amount_sompi,cex_label
6f4759102e61a8e741854d72421a385fb1cfba0e0a37e17af7bf5749a00f1397,2023-12-16T05:14:20.831000,sent,kaspa:qzslgwenzu78t6tldlng383g7ruu4enaljmnkgaulyrscjp7ldt26x8gfxck5,171940000,
6f4759102e61a8e741854d72421a385fb1cfba0e0a37e17af7bf5749a00f1397,2023-12-16T05:14:20.831000,sent,kaspa:qzslgwenzu78t6tldlng383g7ruu4enaljmnkgaulyrscjp7ldt26x8gfxck5,171940000,
29bd182c06b5ddbfd2b2a3720678da50711c030848388c52280d9e93cb687910,2023-12-13T04:55:53.950000,received,kaspa:qypswxtcrv4ssyjaswy5w9387vq73mkuyq85tl34cee6qn5uexqy0csgnafnjx7,171000000,
0b961fef7ab6b46d2ff9a91e502801865e9a9d171278cbab9c8212197dac9389,2023-11-29T20:09:33.932000,sent,kaspa:qyp5g9s2urfkg90fa6aleslw7xdz2we6a77yl5k686sv7l6ljdzagdg5jsfs44l,18000000,
fc9b8abd88ef440bb163b9ad083378985eb3b2743349be5493fafcabf14fb2b6,2023-11-29T00:42:49.315000,received,kaspa:qp4u3g6z0559q488y8qx8eq7kxhtqlx5kveyphtskn5zdgrtlx02vrjhcj6e2,19000000,
