tx_id,timestamp,direction,peer_address,amount_sompi,cex_label
6974dbc16c726f4dce0c8fd9f2b2414106ed2ebb44c190101b7490538b7a613b,2023-12-16T05:05:51.923000,sent,kaspa:qzslgwenzu78t6tldlng383g7ruu4enaljmnkgaulyrscjp7ldt26x8gfxck5,171940000,
6974dbc16c726f4dce0c8fd9f2b2414106ed2ebb44c190101b7490538b7a613b,2023-12-16T05:05:51.923000,sent,kaspa:qzslgwenzu78t6tldlng383g7ruu4enaljmnkgaulyrscjp7ldt26x8gfxck5,171940000,
300b29790a9d74f9194728f7c6df9894e8b36f40e502e3f8746eac343978b1f1,2023-12-13T01:37:17.562000,received,kaspa:qypswxtcrv4ssyjaswy5w9387vq73mkuyq85tl34cee6qn5uexqy0csgnafnjx7,171000000,
e439e9de666b51d8a7a8c3f7b4718ad7946dbbe79e12d5851a94e08e15a258ea,2023-11-29T17:14:54.921000,sent,kaspa:qypt9sa9qhfjsrldql2p3xg6quyguf03n6sq3qvpkvhvwa4jrkwt86c0509s08g,18000000,
92792368ada5d1da711a26193010646b65973455ce7754fdfb372a8dbaf42e1d,2023-11-29T00:16:49.930000,received,kaspa:qpvn753256550h3q748kk43ek6u8sag3uw2c06vf5zsew86ncfraj8p7qkk3n,19000000,
