tx_id,timestamp,direction,peer_address,amount_sompi,cex_label
5705b8dbab659e0b8f6091b7ee2d084e3a0cad56c26d06408bcfff68f8f4b2c4,2023-12-13T08:38:57.091000,sent,kaspa:qqh06puhtgsu5utuakvv88ewhppn4dtp0k4a2df0xxga6ytg5p7vzcs0tuml5,14363160000,
c861e9dbf31d6fef35bd8003cc1990a4fecb28278fb8c2c89f1fd3c0f414356b,2023-12-12T08:00:01.699000,received,kaspa:qypswxtcrv4ssyjaswy5w9387vq73mkuyq85tl34cee6qn5uexqy0csgnafnjx7,171000000,
e85a9d7cda90501f59b127030c1c109f2f8af82321a1ba6bc1df0f02e8d06f41,2023-11-28T10:26:56.481000,sent,kaspa:qyp98qk3zyhmzyzsuf5lm3cln88vkjz7mz325f5z85cxkudhqwp3nesjt2uxcmv,18000000,
e85a9d7cda90501f59b127030c1c109f2f8af82321a1ba6bc1df0f02e8d06f41,2023-11-28T10:26:56.481000,sent,kaspa:qpszpzl8tpsj3k38m7l5y5m3l7ma82fap07jpxd0vr6w2w5an2as2zdr5eypc,2983190000,
9fc8e57f78b9fe80bae3dfc07641e6455e5036a6b55963d3d41416bbcdfdd49a,2023-11-28T10:17:23.276000,received,kaspa:qzckz8384eslm5knt8qy9f49pldwc8sugx76c7eu4w4un7qdafsqqranyw987,3001200000,
