tx_id,timestamp,direction,peer_address,amount_sompi,cex_label
85a4d07f891d50a8906b862dd3c5a7b4435f3fe5ff1e87086a6588076efbd52a,2024-05-05T08:12:36.927000,sent,kaspa:qrf46klp3ud5d7m4cuxcs6uqmf2jq5emt9dxg2736mgyq40rzp0xvjh9alwyt,33700000000,
85a4d07f891d50a8906b862dd3c5a7b4435f3fe5ff1e87086a6588076efbd52a,2024-05-05T08:12:36.927000,sent,kaspa:qpt3c95s27a6809dtzlz6dx4esnyd40rsu7dwefa66xpuqsjwpcw62fnpfclm,23999970000,
7b3fb92862a9e493b63e3f5c4c9161137c3ff6c6f12986e1723cc8ac6a00996c,2024-03-19T17:41:24.155000,received,kaspa:qzmnqh0fkwxwzkkr8mgkcjgk26pmdeu5vypkw3mrngpq7hjwjzalv55jack9u,27700000000,
7b3fb92862a9e493b63e3f5c4c9161137c3ff6c6f12986e1723cc8ac6a00996c,2024-03-19T17:41:24.155000,received,kaspa:qzrpx2ggmznpr7vnhtwdtm7sm90jjat4xj2f7fz06w28gxnh7as75d8y66ka6,27700000000,
