tx_id,timestamp,direction,peer_address,amount_sompi,cex_label
83d9e5f09031c03458d4c92f477642a94fd9691b9008e740d976514cce761520,2023-12-12T17:26:24.458000,sent,kaspa:qqvw86utsmqszjs8ymkauncmqezahj654k0m2dw3flnsqdpxlw002gqq70eqs,172970000,
83d9e5f09031c03458d4c92f477642a94fd9691b9008e740d976514cce761520,2023-12-12T17:26:24.458000,sent,kaspa:qqvw86utsmqszjs8ymkauncmqezahj654k0m2dw3flnsqdpxlw002gqq70eqs,172970000,
49e835c94218fa31fc0c732d24fd77cbce1dada117dc54f1ba8b5bfe504786f5,2023-12-12T17:05:05.945000,received,kaspa:qypswxtcrv4ssyjaswy5w9387vq73mkuyq85tl34cee6qn5uexqy0csgnafnjx7,171000000,
10f93111a926fbf1d4648874ad7f82973ec0fd7c506aa292e52889c922066ea1,2023-11-29T05:06:33.217000,sent,kaspa:qyptn8t8u2nnts5j000tea7s4n6q7g8razwk3d2jptu4dq94u4tjlkcaj94q0ww,18000000,
0bd2d6be2ecc3c9f37eb76dae624e83929f16f71d11bfbd2874a5096c938d659,2023-11-29T00:58:32.736000,received,kaspa:qzjne7ynhx3tjukpdnskfmftxdmefkqu3k8j2yj7fz2jedzqule5cv0pc389z,20000000,
