tx_id,timestamp,direction,peer_address,amount_sompi,cex_label
4496d67783ff3a6c54acbe717c81e756b36f7475e590a0639cfe2e5813806a4a,2024-02-17T12:29:58.707000,sent,kaspa:qqd463qjk795l7x06el7qjdh4hjtprah8mtnxx8exg8wz43fla4djkghheu25,172980000,
4496d67783ff3a6c54acbe717c81e756b36f7475e590a0639cfe2e5813806a4a,2024-02-17T12:29:58.707000,sent,kaspa:qqd463qjk795l7x06el7qjdh4hjtprah8mtnxx8exg8wz43fla4djkghheu25,172980000,
38a7b6392d5556e94e14c77e80b15f532683a49d94585fd17b303b208f7b1825,2023-12-12T15:52:51.553000,received,kaspa:qypswxtcrv4ssyjaswy5w9387vq73mkuyq85tl34cee6qn5uexqy0csgnafnjx7,171000000,
dcbf5edb9ccb47eef8c4bce523e3516ccfb283e542f665077962c7593119284c,2023-11-29T02:33:08.780000,sent,kaspa:qypxg98xqh0encuqjj98edttyu6yuyxypzz9gj36pv5cwx5mldta3fgvd7qdku6,18000000,
ad98f7ffb7c04a5c577e0a168b6ed6cc1ab82b5f7dfb3a2a38bf0859d140c485,2023-11-27T23:44:57.208000,received,kaspa:qypxh795z50lqe9u3fqnmlwyw7fjgw5xsd0ey6ltg0t3qwvhfpuqakgrgux5h9d,20000000,
