tx_id,timestamp,direction,peer_address,amount_sompi,cex_label
ecf7e7e407298367f36560c5c4718987a2e49c5147e22f0794eb2fb75e7d2ec5,2024-11-19T10:45:44.600000,sent,kaspa:qpzpn3zpn0zahrgwayfc8fj9ru3u4m5lgfn7e5psypa66ppvusxvzfxwjvyhq,30830000000000,
ecf7e7e407298367f36560c5c4718987a2e49c5147e22f0794eb2fb75e7d2ec5,2024-11-19T10:45:44.600000,sent,kaspa:qpzpn3zpn0zahrgwayfc8fj9ru3u4m5lgfn7e5psypa66ppvusxvzfxwjvyhq,30830000000000,
f417a22608dee9d4522f8dca1349a25710016eeb9afaef53b5b2c95eeb1fd19b,2024-11-19T05:50:50.690000,received,kaspa:qzgtduqyccg66ms6crgpgnnn802c7drpevy4fsq8069lpzhdwfxhy4079jsrp,30828207914394,
7542387892e9bb03e4c575c84c9b606ff60a5604d3b3fd33714ecdede686ad08,2024-11-14T17:27:09.215000,sent,kaspa:qpvcfpy6cvkpdcptq4mdp7vcd4dpya9w0tqtm0xgzg8exv3vshang53ct36ts,35762000000000,
7542387892e9bb03e4c575c84c9b606ff60a5604d3b3fd33714ecdede686ad08,2024-11-14T17:27:09.215000,sent,kaspa:qpvcfpy6cvkpdcptq4mdp7vcd4dpya9w0tqtm0xgzg8exv3vshang53ct36ts,35762000000000,
711878375f60d0bb2abe90fa50f9a7e1d29740d39aa1feb0c74918b1a8b95420,2024-11-14T17:24:59.587000,received,kaspa:qzgtduqyccg66ms6crgpgnnn802c7drpevy4fsq8069lpzhdwfxhy4079jsrp,35763315865291,
711878375f60d0bb2abe90fa50f9a7e1d29740d39aa1feb0c74918b1a8b95420,2024-11-14T17:24:59.587000,received,kaspa:qzgtduqyccg66ms6crgpgnnn802c7drpevy4fsq8069lpzhdwfxhy4079jsrp,35763315865291,
711878375f60d0bb2abe90fa50f9a7e1d29740d39aa1feb0c74918b1a8b95420,2024-11-14T17:24:59.587000,received,kaspa:qzgtduqyccg66ms6crgpgnnn802c7drpevy4fsq8069lpzhdwfxhy4079jsrp,35763315865291,
711878375f60d0bb2abe90fa50f9a7e1d29740d39aa1feb0c74918b1a8b95420,2024-11-14T17:24:59.587000,received,kaspa:qzgtduqyccg66ms6crgpgnnn802c7drpevy4fsq8069lpzhdwfxhy4079jsrp,35763315865291,
711878375f60d0bb2abe90fa50f9a7e1d29740d39aa1feb0c74918b1a8b95420,2024-11-14T17:24:59.587000,received,kaspa:qzgtduqyccg66ms6crgpgnnn802c7drpevy4fsq8069lpzhdwfxhy4079jsrp,35763315865291,
711878375f60d0bb2abe90fa50f9a7e1d29740d39aa1feb0c74918b1a8b95420,2024-11-14T17:24:59.587000,received,kaspa:qzgtduqyccg66ms6crgpgnnn802c7drpevy4fsq8069lpzhdwfxhy4079jsrp,35763315865291,
98b687e0ea0dcc854b3713d8495f3850a393daab0a81341d789a65fe03496f7e,2024-11-14T17:22:21.290000,sent,kaspa:qrqh3ppqxajx09rgx5lktw5ukwkh2ha5hfatjhgm406ycxta2ezpzr46n4z2x,36725000000000,
98b687e0ea0dcc854b3713d8495f3850a393daab0a81341d789a65fe03496f7e,2024-11-14T17:22:21.290000,sent,kaspa:qrqh3ppqxajx09rgx5lktw5ukwkh2ha5hfatjhgm406ycxta2ezpzr46n4z2x,36725000000000,
5af2463c090cf1c11dbd3772477642dc7957413bfb27e4d8a67048cfe7567d89,2024-11-14T17:10:18.982000,received,kaspa:qzgtduqyccg66ms6crgpgnnn802c7drpevy4fsq8069lpzhdwfxhy4079jsrp,36726385697705,
5af2463c090cf1c11dbd3772477642dc7957413bfb27e4d8a67048cfe7567d89,2024-11-14T17:10:18.982000,received,kaspa:qzgtduqyccg66ms6crgpgnnn802c7drpevy4fsq8069lpzhdwfxhy4079jsrp,36726385697705,
5af2463c090cf1c11dbd3772477642dc7957413bfb27e4d8a67048cfe7567d89,2024-11-14T17:10:18.982000,received,kaspa:qzgtduqyccg66ms6crgpgnnn802c7drpevy4fsq8069lpzhdwfxhy4079jsrp,36726385697705,
fa1f0cac864947049cfd60935455e55d42a49c3a98dc8e1b96b01d237a96c265,2024-10-10T00:11:34.984000,sent,kaspa:qrqh3ppqxajx09rgx5lktw5ukwkh2ha5hfatjhgm406ycxta2ezpzr46n4z2x,15064500000000,
fa1f0cac864947049cfd60935455e55d42a49c3a98dc8e1b96b01d237a96c265,2024-10-10T00:11:34.984000,sent,kaspa:qrqh3ppqxajx09rgx5lktw5ukwkh2ha5hfatjhgm406ycxta2ezpzr46n4z2x,15064500000000,
76c48cbc60eea6dd0838c8400df871150a1ff6ff275900ff2d5a05063fa5b6a5,2024-10-10T00:08:44.482000,received,kaspa:qpgmt2dn8wcqf0436n0kueap7yx82n7raurlj6aqjc3t3wm9y5ssqtg9e4lsm,15064135974636,
76c48cbc60eea6dd0838c8400df871150a1ff6ff275900ff2d5a05063fa5b6a5,2024-10-10T00:08:44.482000,received,kaspa:qpgmt2dn8wcqf0436n0kueap7yx82n7raurlj6aqjc3t3wm9y5ssqtg9e4lsm,15064135974636,
76c48cbc60eea6dd0838c8400df871150a1ff6ff275900ff2d5a05063fa5b6a5,2024-10-10T00:08:44.482000,received,kaspa:qpgmt2dn8wcqf0436n0kueap7yx82n7raurlj6aqjc3t3wm9y5ssqtg9e4lsm,15064135974636,
76c48cbc60eea6dd0838c8400df871150a1ff6ff275900ff2d5a05063fa5b6a5,2024-10-10T00:08:44.482000,received,kaspa:qpgmt2dn8wcqf0436n0kueap7yx82n7raurlj6aqjc3t3wm9y5ssqtg9e4lsm,15064135974636,
76c48cbc60eea6dd0838c8400df871150a1ff6ff275900ff2d5a05063fa5b6a5,2024-10-10T00:08:44.482000,received,kaspa:qpgmt2dn8wcqf0436n0kueap7yx82n7raurlj6aqjc3t3wm9y5ssqtg9e4lsm,15064135974636,
76c48cbc60eea6dd0838c8400df871150a1ff6ff275900ff2d5a05063fa5b6a5,2024-10-10T00:08:44.482000,received,kaspa:qpgmt2dn8wcqf0436n0kueap7yx82n7raurlj6aqjc3t3wm9y5ssqtg9e4lsm,15064135974636,
76c48cbc60eea6dd0838c8400df871150a1ff6ff275900ff2d5a05063fa5b6a5,2024-10-10T00:08:44.482000,received,kaspa:qpgmt2dn8wcqf0436n0kueap7yx82n7raurlj6aqjc3t3wm9y5ssqtg9e4lsm,15064135974636,
76c48cbc60eea6dd0838c8400df871150a1ff6ff275900ff2d5a05063fa5b6a5,2024-10-10T00:08:44.482000,received,kaspa:qpgmt2dn8wcqf0436n0kueap7yx82n7raurlj6aqjc3t3wm9y5ssqtg9e4lsm,15064135974636,
76c48cbc60eea6dd0838c8400df871150a1ff6ff275900ff2d5a05063fa5b6a5,2024-10-10T00:08:44.482000,received,kaspa:qpgmt2dn8wcqf0436n0kueap7yx82n7raurlj6aqjc3t3wm9y5ssqtg9e4lsm,15064135974636,
76c48cbc60eea6dd0838c8400df871150a1ff6ff275900ff2d5a05063fa5b6a5,2024-10-10T00:08:44.482000,received,kaspa:qpgmt2dn8wcqf0436n0kueap7yx82n7raurlj6aqjc3t3wm9y5ssqtg9e4lsm,15064135974636,
5266b32d540c6c9dae9c5c1965ec1cb425b954713dde9f40b78a9b0cdb992b94,2024-10-09T04:28:31.366000,sent,kaspa:qrqh3ppqxajx09rgx5lktw5ukwkh2ha5hfatjhgm406ycxta2ezpzr46n4z2x,37887000000000,
5266b32d540c6c9dae9c5c1965ec1cb425b954713dde9f40b78a9b0cdb992b94,2024-10-09T04:28:31.366000,sent,kaspa:qrqh3ppqxajx09rgx5lktw5ukwkh2ha5hfatjhgm406ycxta2ezpzr46n4z2x,37887000000000,
5266b32d540c6c9dae9c5c1965ec1cb425b954713dde9f40b78a9b0cdb992b94,2024-10-09T04:28:31.366000,sent,kaspa:qrqh3ppqxajx09rgx5lktw5ukwkh2ha5hfatjhgm406ycxta2ezpzr46n4z2x,37887000000000,
6d324c65b2d86f3af7c7f4181111ccb621a18fc362db0173dd12ce3584317199,2024-10-09T04:24:44.254000,received,kaspa:qpgmt2dn8wcqf0436n0kueap7yx82n7raurlj6aqjc3t3wm9y5ssqtg9e4lsm,37807160856538,
6d324c65b2d86f3af7c7f4181111ccb621a18fc362db0173dd12ce3584317199,2024-10-09T04:24:44.254000,received,kaspa:qpgmt2dn8wcqf0436n0kueap7yx82n7raurlj6aqjc3t3wm9y5ssqtg9e4lsm,37807160856538,
6d324c65b2d86f3af7c7f4181111ccb621a18fc362db0173dd12ce3584317199,2024-10-09T04:24:44.254000,received,kaspa:qpgmt2dn8wcqf0436n0kueap7yx82n7raurlj6aqjc3t3wm9y5ssqtg9e4lsm,37807160856538,
4841e44b34aeaee4286e13bbb2ef7e618105d2187a8829742e6ef2531cbbfae1,2024-10-09T04:20:51.752000,received,kaspa:qpgmt2dn8wcqf0436n0kueap7yx82n7raurlj6aqjc3t3wm9y5ssqtg9e4lsm,79766869461,
cc2138078e67a2481d5ea39db2f44e6aa02e2c469a173cfb466c8abd5c3e7ea0,2024-08-27T18:10:21.907000,sent,kaspa:qp4us679pv3ecvc20namj7zcr32c7h65ft94mgx5lq4snt5ftyjwuqkc0rapl,17200000000000,
cc2138078e67a2481d5ea39db2f44e6aa02e2c469a173cfb466c8abd5c3e7ea0,2024-08-27T18:10:21.907000,sent,kaspa:qp4us679pv3ecvc20namj7zcr32c7h65ft94mgx5lq4snt5ftyjwuqkc0rapl,17200000000000,
48bf79d3cd91167ac2bca7b22d4dd70fe2aee40fcfda30f7d80b8484bcb85649,2024-08-27T18:04:11.976000,received,kaspa:qplg9tt6kksh3u9986falecy5re7hjk4w4l54tp2l3sqlhhkrzzhgw0yz65cs,17200470279054,
f8f4a2692a5d44c071cc4ad1a142551902ef0c4d8fac29a6244bab7d8ed4a39c,2024-08-27T17:56:07.807000,received,kaspa:qplg9tt6kksh3u9986falecy5re7hjk4w4l54tp2l3sqlhhkrzzhgw0yz65cs,17008560,
efb0a314b928e04d2f992418fbd0430ed0241e8ddcea857e8d4872d6a8d76c61,2024-08-23T19:42:18.799000,sent,kaspa:qp4us679pv3ecvc20namj7zcr32c7h65ft94mgx5lq4snt5ftyjwuqkc0rapl,21648317000000,
436c29afe3a72220aea3d7cc1ece4e1a262b0b94a2bf013efe34eeeda6e17473,2024-08-23T19:08:25.443000,received,kaspa:qq9zagcza4jt76eev9jl5z0nqhe0thcu7js8larktj4sle7lvgnw7sfcewlty,21648317717858,
436c29afe3a72220aea3d7cc1ece4e1a262b0b94a2bf013efe34eeeda6e17473,2024-08-23T19:08:25.443000,received,kaspa:qq9zagcza4jt76eev9jl5z0nqhe0thcu7js8larktj4sle7lvgnw7sfcewlty,21648317717858,
494ae92e288fd0686127b097b9c7a9eb303ccfe7ca4ff9f0c4421b6d36f2f322,2024-08-23T18:57:25.505000,sent,kaspa:qp4us679pv3ecvc20namj7zcr32c7h65ft94mgx5lq4snt5ftyjwuqkc0rapl,99739000000,
2492fef411916d7a18d55efb732bcd75d315efeb24d30eab95a515f288537e10,2024-08-23T18:54:58.819000,received,kaspa:qq9zagcza4jt76eev9jl5z0nqhe0thcu7js8larktj4sle7lvgnw7sfcewlty,99739672951,
