tx_id,timestamp,direction,peer_address,amount_sompi,cex_label
a38b16ca7b9d1206cf73d5765a630af66566c3dd151b49dee9ddad8024c847df,2023-12-14T17:17:46.525000,sent,kaspa:qr7r8rtehym00mcmmucflvu2003fsevzc9s0rezsltzwd6jd34p2cg3nd43cf,170990000,
496e94031d3e4566b35988dc9a0881131b6d4c0774eca2468e359fc2a9c6d68d,2023-12-12T13:54:57.527000,received,kaspa:qypswxtcrv4ssyjaswy5w9387vq73mkuyq85tl34cee6qn5uexqy0csgnafnjx7,171000000,
6ca6a24ba43186dde21b7f11d8872204f29d856d553531c1fc9c1dd96c626a10,2023-11-28T19:32:31.433000,sent,kaspa:qypmdudzc9ul2tn9kw42waks7phy2rx5765yff3n8v5ujsp022wavpgjaqy9v4y,18000000,
7c09a862048ae3e2364df20946034d96cf4262ecb4adae6c288b1bfff939974b,2023-11-28T19:30:43.264000,received,kaspa:qppsztan2697sg3slah2qsxzwn6d3wmrjp565d7p8a5xqmwl6lk2yvwts3trk,18010000,
