tx_id,timestamp,direction,peer_address,amount_sompi,cex_label
601bac27ec3dfdbcec48c57da5aea2d85877100ef7c1ec9b73b9fe40a6b93cd2,2023-05-17T09:12:12.134000,sent,kaspa:qznvtcjl2vnvxanp75mk2gwj4kvmd3q8hllu8y99jm5px4zt7v8g5qf05f366,2602000000000,
601bac27ec3dfdbcec48c57da5aea2d85877100ef7c1ec9b73b9fe40a6b93cd2,2023-05-17T09:12:12.134000,sent,kaspa:qrpclcvha46m5wdqlnamuzczylq0tfddd5dapg5lrrlajp4wf2cw6m6wzgpwf,600368681,
e34d638a883200ece2fdb1ccf60ad0c8d7d0daf196751310ad01c8fbfc33f410,2023-05-17T09:07:56.706000,received,kaspa:qqq2zmhm3dun73g6zr6sdnrzmsujagdf99ev2msr6ju6c5kvqlcx78aylhfed,794946996780,
e34d638a883200ece2fdb1ccf60ad0c8d7d0daf196751310ad01c8fbfc33f410,2023-05-17T09:07:56.706000,received,kaspa:qza7a2dns7x097tcl8surkdwra6k92nms6k3khz4tvs7a8w9x9c0cha4khl7d,794946996780,
