tx_id,timestamp,direction,peer_address,amount_sompi,cex_label
10c49df3acd233753c333014c1147a400aff61bb6d696252ee7d55d019c2c969,2023-12-12T16:47:24.475000,sent,kaspa:qq9crtjt5vl4s9x2mrkestk8eg4kk0c8xrhsw6vhwfwp9lyrn3z9qv4d25atw,172970000,
10c49df3acd233753c333014c1147a400aff61bb6d696252ee7d55d019c2c969,2023-12-12T16:47:24.475000,sent,kaspa:qq9crtjt5vl4s9x2mrkestk8eg4kk0c8xrhsw6vhwfwp9lyrn3z9qv4d25atw,172970000,
00a39fc1eb13cddf77308cd8a7c4a8d1e4e3ee40789d8c9428b3b8b53ba26a79,2023-12-12T13:30:25.691000,received,kaspa:qypswxtcrv4ssyjaswy5w9387vq73mkuyq85tl34cee6qn5uexqy0csgnafnjx7,171000000,
cea92635d2d75845d1c472892ba0e726788c0ef1408a03a4d5a4cee7388a884a,2023-11-28T18:35:09.271000,sent,kaspa:qyp02us6v64755qn2h0thmfgtttgdjdah9x6yxue6rsz6lty7jvhras86afgqkj,18000000,
117515206b0251f91c01012184ca9822cad92bf7f025d1ec33ef1b4985f330d9,2023-11-28T17:08:30.665000,received,kaspa:qyp7pdnl7lcvupjaqrq07jgytn27yctey22a0l4hj6yy6w8ujauzzeg3wyd5jt4,20000000,
