tx_id,timestamp,direction,peer_address,amount_sompi,cex_label
b545e8da7b00f950b9e4df1141614f4879debd58740226553f1e8148be932533,2023-12-16T03:41:57.122000,sent,kaspa:qzslgwenzu78t6tldlng383g7ruu4enaljmnkgaulyrscjp7ldt26x8gfxck5,171940000,
b545e8da7b00f950b9e4df1141614f4879debd58740226553f1e8148be932533,2023-12-16T03:41:57.122000,sent,kaspa:qzslgwenzu78t6tldlng383g7ruu4enaljmnkgaulyrscjp7ldt26x8gfxck5,171940000,
65fc57d68465a5a466e4a1bedb51ab545ac4b08541b7c897065790687b84425b,2023-12-12T02:42:21.073000,received,kaspa:qypswxtcrv4ssyjaswy5w9387vq73mkuyq85tl34cee6qn5uexqy0csgnafnjx7,171000000,
2cab40e59419c28fe77d530df5b26948066b0343d7a36431e4fb7f57e0bff463,2023-11-28T00:40:02.449000,sent,kaspa:qypp24hj7k2854uj7d799hy62w22kfsqpwhqfxtc0na9qtta0ew8p4qrtgjynz3,18000000,
8ae6662adb86bcf31e991a5b098c8e10f279573206cfc68f76202cdd4e0af867,2023-11-27T17:33:47.847000,received,kaspa:qr59q6py2mlzhpjhue93cscnwxw8cdpa3edz9qn5g59vp7rfhpancus22ncpe,19000000,
