tx_id,timestamp,direction,peer_address,amount_sompi,cex_label
11a5e54efc30b05ef74974af8072323c608c9b712706c84bcc21468cc81e9f2d,2023-12-15T10:51:41.910000,sent,kaspa:qqgp6uc45ma93sr5kkjt4dwxtunkyajl30dwre9ug9erfju259pjqm85g990t,171070000,
11a5e54efc30b05ef74974af8072323c608c9b712706c84bcc21468cc81e9f2d,2023-12-15T10:51:41.910000,sent,kaspa:qqgp6uc45ma93sr5kkjt4dwxtunkyajl30dwre9ug9erfju259pjqm85g990t,171070000,
56bc0f5aa558df2551596d5d3a10c08fa9aeb67f6b5839f287250313e435ba73,2023-12-12T07:55:25.179000,received,kaspa:qypswxtcrv4ssyjaswy5w9387vq73mkuyq85tl34cee6qn5uexqy0csgnafnjx7,171000000,
dc4967c64c2912cd487ae88eb19607f06316b890ef55ffb9ecb6917d63b88fbd,2023-11-28T10:15:55.549000,sent,kaspa:qypa674ayvvp7025dxmfp9cu2jy3g3sfucuxp2phqf7c4hw4c9fax3gqmph58xe,18000000,
60dffc685100351428f9f7379766cdc5972e37ac4fa450137f02b70ebb83683a,2023-11-27T20:03:45.514000,received,kaspa:qrf7z5j0mwedme0ujx3qfeec4256nmcq506t7rjne2kygw3aqsrawd672efxe,18100000,
