tx_id,timestamp,direction,peer_address,amount_sompi,cex_label
1dacd7315399ce44e654ab75b296010309bd468324fb8b830ebab6005fa63e3a,2023-12-16T04:22:13.746000,sent,kaspa:qzslgwenzu78t6tldlng383g7ruu4enaljmnkgaulyrscjp7ldt26x8gfxck5,171940000,
1dacd7315399ce44e654ab75b296010309bd468324fb8b830ebab6005fa63e3a,2023-12-16T04:22:13.746000,sent,kaspa:qzslgwenzu78t6tldlng383g7ruu4enaljmnkgaulyrscjp7ldt26x8gfxck5,171940000,
63b1b52e08b1f7df1cb0890fa722c63cde1e7ca5b302b5475fede2ed2369bb8a,2023-12-12T10:33:52.221000,received,kaspa:qypswxtcrv4ssyjaswy5w9387vq73mkuyq85tl34cee6qn5uexqy0csgnafnjx7,171000000,
2f0cf0e1f26c26045179ce209b0d2d078334867b66419deb2a527bde0a1d07c3,2023-11-28T14:49:09.774000,sent,kaspa:qyp35zaal3k682a26txshtn88rd5gqfzwxdmwatlqlepd357af2w0uslkqqx0rv,18000000,
a76c5ebbd8f7308fdf1bc6c7c3f4ecf819ac595af46b99a18daec2416858f432,2023-11-27T11:10:54.953000,received,kaspa:qznguj27925ujdf0xgxstsdzhd6hge2yls4q4wwk9nlhgtewm26h7djkxmafl,19000000,
