tx_id,timestamp,direction,peer_address,amount_sompi,cex_label
a06f27c291aa238509a5a88dcef47ad15b52e5d68b8585e269ba9f8563e5c45f,2023-07-28T20:27:53.832000,sent,kaspa:qqk5vppcunkrcmp5dpfad50h4egrap5lc3xc938aptajpytms9kmshu9ny7z9,100000000,
a06f27c291aa238509a5a88dcef47ad15b52e5d68b8585e269ba9f8563e5c45f,2023-07-28T20:27:53.832000,sent,kaspa:qq8j4kqlh9tcv7xm62tsjj5ggauew8u63ypy4d29c0svn4vnqk0cg4kmy0e6z,1493482209780,
19806b4fcc7ca2fd3a4a2f531be7f3026a14b83ac3f600a51f9b75c75eb68b51,2023-07-28T20:24:59.936000,received,kaspa:qp3kp7rgkvzlylhm9vuazlpkkh3y3k2kqpwgwvkayzgz036nc94w6wlnudp5l,1493582219780,
19806b4fcc7ca2fd3a4a2f531be7f3026a14b83ac3f600a51f9b75c75eb68b51,2023-07-28T20:24:59.936000,received,kaspa:qqw9dqguv2rza364e670en2y4gy9vydwctrau82dx6qnzu6uq0x9sey64mp76,1493582219780,
