tx_id,timestamp,direction,peer_address,amount_sompi,cex_label
d02ba9ddbc7172437693880b34513313a404f7e9535a66f6bedd5942de6b13ca,2023-12-16T04:42:43.486000,sent,kaspa:qzslgwenzu78t6tldlng383g7ruu4enaljmnkgaulyrscjp7ldt26x8gfxck5,171940000,
d02ba9ddbc7172437693880b34513313a404f7e9535a66f6bedd5942de6b13ca,2023-12-16T04:42:43.486000,sent,kaspa:qzslgwenzu78t6tldlng383g7ruu4enaljmnkgaulyrscjp7ldt26x8gfxck5,171940000,
47aba25588af6aee607426a93a4183ac4cb1045d9d72545c7eb9d24e2388ffb0,2023-12-12T12:18:06.087000,received,kaspa:qypswxtcrv4ssyjaswy5w9387vq73mkuyq85tl34cee6qn5uexqy0csgnafnjx7,171000000,
5962a45f67a069c4c3f70d6065ab135b68e6ec4e80c7d6285ce87906601890a1,2023-11-28T16:47:58.962000,sent,kaspa:qypjedayv0anfhzacgs236uxm5gl2pw3vvhy8gyw0uds72ecmvqn0cgpdrttukh,18000000,
8d3db7da1b40fddd04ac10c36db8cfccbd65b272eb593a4caba058303d34cadb,2023-11-27T19:08:10.583000,received,kaspa:qz6l8tgf857xsthzey5323llrrazwwjguaza9ahgna75apjuczwac56pn4plh,19000000,
