tx_id,timestamp,direction,peer_address,amount_sompi,cex_label
9b04753efe639fe871fb5e5b7ff126790adf1ec9f17b482e5ecb64eeadddd684,2023-12-16T04:46:08.410000,sent,kaspa:qzslgwenzu78t6tldlng383g7ruu4enaljmnkgaulyrscjp7ldt26x8gfxck5,171940000,
9b04753efe639fe871fb5e5b7ff126790adf1ec9f17b482e5ecb64eeadddd684,2023-12-16T04:46:08.410000,sent,kaspa:qzslgwenzu78t6tldlng383g7ruu4enaljmnkgaulyrscjp7ldt26x8gfxck5,171940000,
2259d21628b852ec93ef878decd21ed2138ce4759bd79432928b574e86d940e7,2023-12-12T21:05:03.342000,received,kaspa:qypswxtcrv4ssyjaswy5w9387vq73mkuyq85tl34cee6qn5uexqy0csgnafnjx7,171000000,
353055368990d733ece460aa246b6946d3c666f303060b5f897af59c41fe00eb,2023-11-29T11:53:06.721000,sent,kaspa:qypsj9szrnm9wly3u0ld6gtpz7dnvjg3laj6caylg7324qqlvv30xnsfts06ggh,18000000,
3e07400b4984813d38af5ad1bf86ddc782902c70c95d34e60f459361d2f1cf76,2023-11-28T01:40:22.535000,received,kaspa:qrw0mzm34kk0c6xkzawnmwqzd5pmyrga84uwd2thhw7qnd52qfeusmy6nkax7,19000000,
