tx_id,timestamp,direction,peer_address,amount_sompi,cex_label
750cd0a7ea101c2d17b1a7f1a272ac3eb9ecb4bcf7bc77b0b8f904d006e11c71,2023-06-18T19:05:05.681000,sent,kaspa:qzz9eyxkzczrfxluwxc90xswzahvfknmmlj7vhnc5qmta7y3qv9s7z0nlvjnn,1497476900000,
750cd0a7ea101c2d17b1a7f1a272ac3eb9ecb4bcf7bc77b0b8f904d006e11c71,2023-06-18T19:05:05.681000,sent,kaspa:qzz9eyxkzczrfxluwxc90xswzahvfknmmlj7vhnc5qmta7y3qv9s7z0nlvjnn,1497476900000,
750cd0a7ea101c2d17b1a7f1a272ac3eb9ecb4bcf7bc77b0b8f904d006e11c71,2023-06-18T19:05:05.681000,sent,kaspa:qzz9eyxkzczrfxluwxc90xswzahvfknmmlj7vhnc5qmta7y3qv9s7z0nlvjnn,1497476900000,
750cd0a7ea101c2d17b1a7f1a272ac3eb9ecb4bcf7bc77b0b8f904d006e11c71,2023-06-18T19:05:05.681000,sent,kaspa:qzz9eyxkzczrfxluwxc90xswzahvfknmmlj7vhnc5qmta7y3qv9s7z0nlvjnn,1497476900000,
750cd0a7ea101c2d17b1a7f1a272ac3eb9ecb4bcf7bc77b0b8f904d006e11c71,2023-06-18T19:05:05.681000,sent,kaspa:qzz9eyxkzczrfxluwxc90xswzahvfknmmlj7vhnc5qmta7y3qv9s7z0nlvjnn,1497476900000,
750cd0a7ea101c2d17b1a7f1a272ac3eb9ecb4bcf7bc77b0b8f904d006e11c71,2023-06-18T19:05:05.681000,sent,kaspa:qzz9eyxkzczrfxluwxc90xswzahvfknmmlj7vhnc5qmta7y3qv9s7z0nlvjnn,1497476900000,
750cd0a7ea101c2d17b1a7f1a272ac3eb9ecb4bcf7bc77b0b8f904d006e11c71,2023-06-18T19:05:05.681000,sent,kaspa:qzz9eyxkzczrfxluwxc90xswzahvfknmmlj7vhnc5qmta7y3qv9s7z0nlvjnn,1497476900000,
750cd0a7ea101c2d17b1a7f1a272ac3eb9ecb4bcf7bc77b0b8f904d006e11c71,2023-06-18T19:05:05.681000,sent,kaspa:qzz9eyxkzczrfxluwxc90xswzahvfknmmlj7vhnc5qmta7y3qv9s7z0nlvjnn,1497476900000,
750cd0a7ea101c2d17b1a7f1a272ac3eb9ecb4bcf7bc77b0b8f904d006e11c71,2023-06-18T19:05:05.681000,sent,kaspa:qzz9eyxkzczrfxluwxc90xswzahvfknmmlj7vhnc5qmta7y3qv9s7z0nlvjnn,1497476900000,
11834de399fdefcb7eb8d8d9b6b39bc8e4d5f8165b3258f939284b5af25c595e,2023-06-01T00:49:03.040000,received,kaspa:qqetp7ct8kqss99fxmymyz5t3fezppxp0t58wl6pawp27elqd46uudme00cl0,168285000000,
b1661919dbe1577d6cf199009c7a25303768fe3852715c686e47b2f014f9c964,2023-05-30T07:35:16.536000,received,kaspa:qrh9av96ar7cj5d5rupvgx9ra4tece0suf9z8rdc2jkr7paryyxz6fm6yghj5,139000000000,
f75a190d8e8bf98de489e9704c3b50d25ab807be64ac9ee271cc3180fe4d47ea,2023-05-30T07:19:18.600000,received,kaspa:qznl9x9wv23h9emk7cmyu9lzmq3xh3frhtdphw0fuxqrjysxyjepj6z9dwujw,9000000000,
8946b475564fde2632f28e5c56f1147f551ac11a724c65bad0c54ead987c4133,2023-05-02T16:30:04.532000,received,kaspa:qqetp7ct8kqss99fxmymyz5t3fezppxp0t58wl6pawp27elqd46uudme00cl0,176762000000,
dc2a4b33f9bb4fff6c41434e26494fa32675bd6395bc3b616fe347fd5b7547af,2023-04-08T23:37:03.703000,received,kaspa:qqetp7ct8kqss99fxmymyz5t3fezppxp0t58wl6pawp27elqd46uudme00cl0,84956000000,
c20d1e526aa37abc59d9004428ce294a5d87ae5061cb6a2fb4c2e8f869a0a62f,2023-04-08T23:30:04.732000,received,kaspa:qqetp7ct8kqss99fxmymyz5t3fezppxp0t58wl6pawp27elqd46uudme00cl0,166216000000,
a94cec69abb5d2bb974d7bb5750212a2387b024d4106272de430cf8c829f5a55,2023-04-07T04:59:01.835000,received,kaspa:qqetp7ct8kqss99fxmymyz5t3fezppxp0t58wl6pawp27elqd46uudme00cl0,13330000000,
0f71392c41f429bf0b99fb9b1e40f8520a4d2bdd7b4122ca65bec8492b08fd60,2023-03-30T15:29:02.485000,received,kaspa:qqetp7ct8kqss99fxmymyz5t3fezppxp0t58wl6pawp27elqd46uudme00cl0,736928000000,
3b0266d2b768d1fb7b2452261c87031a4b346d0146beceb9803f4324fde1a914,2023-03-30T15:24:04.430000,received,kaspa:qqetp7ct8kqss99fxmymyz5t3fezppxp0t58wl6pawp27elqd46uudme00cl0,3000000000,
