tx_id,timestamp,direction,peer_address,amount_sompi,cex_label
dc555f2fb69e569503d683d43efde01dca4873263580c433567252a304b9a635,2024-10-20T03:35:19.957000,sent,kaspa:qzpyve6tjk3p9gfudwwgag338avk0kumemdex3tj7a2r2cqq0my8s5zk4h3wh,427000000000,
3094a0aea1ac75e700fed6ae06b22f0b3cf4581cbe4e6811179ed9498b7c6ba2,2024-10-20T03:10:55.802000,sent,kaspa:qzpyve6tjk3p9gfudwwgag338avk0kumemdex3tj7a2r2cqq0my8s5zk4h3wh,100000000000,
8b0bf15c59e4b27aa3e7fb061037448c1b3c54bcd7dd6e4cf76c40b4fa6c45b9,2024-10-09T01:22:52.112000,sent,kaspa:qzpyve6tjk3p9gfudwwgag338avk0kumemdex3tj7a2r2cqq0my8s5zk4h3wh,500000000000,
8869fae8373b6ce7a4cef78f3b8bfa34f2c44737d6a212b854c755dea8eeed77,2024-10-09T01:14:27.159000,sent,kaspa:qzpyve6tjk3p9gfudwwgag338avk0kumemdex3tj7a2r2cqq0my8s5zk4h3wh,10000000000,
0987ba0c202f2ff036930d803e9486b4835e132201df9db1c979313e0478c825,2024-10-09T00:57:25.854000,sent,kaspa:qzpyve6tjk3p9gfudwwgag338avk0kumemdex3tj7a2r2cqq0my8s5zk4h3wh,10000000000,
0987ba0c202f2ff036930d803e9486b4835e132201df9db1c979313e0478c825,2024-10-09T00:57:25.854000,sent,kaspa:qzpyve6tjk3p9gfudwwgag338avk0kumemdex3tj7a2r2cqq0my8s5zk4h3wh,10000000000,
5f7b8b6eff8fa585fef13dc888feae29887856b72b311320a2cf3442a58074f6,2024-07-08T23:28:02.359000,received,kaspa:qq3k4du6wf2g26j7ds6fqmgtgavgm3zy676wntp2e52nsuns2n4s6xkndmx0y,157214070000,
3e7af157ccff4590609a5c1b0a63301d9fb3816d7b2ad977bee0bbaf929f9298,2024-05-24T03:00:36.962000,sent,kaspa:qzpyve6tjk3p9gfudwwgag338avk0kumemdex3tj7a2r2cqq0my8s5zk4h3wh,500000000000,
eff6d8e8f467ae815d2acb70979d9febdcf327540401d0deb53225fefed561c7,2024-05-24T02:38:51.261000,sent,kaspa:qzpyve6tjk3p9gfudwwgag338avk0kumemdex3tj7a2r2cqq0my8s5zk4h3wh,500000000000,
40b7520e1dcde502a2b9d1293cac0b9345d602ded742b9c684f6169c61a1450f,2024-05-24T02:13:14.830000,sent,kaspa:qzpyve6tjk3p9gfudwwgag338avk0kumemdex3tj7a2r2cqq0my8s5zk4h3wh,10000000000,
eb1c6acda6b33525afbef7433f322937b2b6525697e97a0d1ad63e44537997d8,2024-03-23T03:26:10.646000,sent,kaspa:qp2242lzykezcvgmzf70pel55kpjc7a7lgza682hx0fuh4ze3w7fuz4fa2sac,38800000000,
eb1c6acda6b33525afbef7433f322937b2b6525697e97a0d1ad63e44537997d8,2024-03-23T03:26:10.646000,sent,kaspa:qp2242lzykezcvgmzf70pel55kpjc7a7lgza682hx0fuh4ze3w7fuz4fa2sac,38800000000,
eb1c6acda6b33525afbef7433f322937b2b6525697e97a0d1ad63e44537997d8,2024-03-23T03:26:10.646000,sent,kaspa:qp2242lzykezcvgmzf70pel55kpjc7a7lgza682hx0fuh4ze3w7fuz4fa2sac,38800000000,
eb1c6acda6b33525afbef7433f322937b2b6525697e97a0d1ad63e44537997d8,2024-03-23T03:26:10.646000,sent,kaspa:qp2242lzykezcvgmzf70pel55kpjc7a7lgza682hx0fuh4ze3w7fuz4fa2sac,38800000000,
1339c18e28bee5e7867d6e5dd632320284205e133471d0d869bc1c6b0e234008,2024-03-23T02:48:11.501000,received,kaspa:qp943e9zc7rqdwcy7xu5ykc4qmmnnhmecn8ml2d788u6ez3t3d4uudv0x22m5,1928800000000,
d6f079c5238fdae1b2755225092ad04108e7ef741a4682d72acbb742041059af,2024-03-23T02:42:50.981000,received,kaspa:qp943e9zc7rqdwcy7xu5ykc4qmmnnhmecn8ml2d788u6ez3t3d4uudv0x22m5,3000000000000,
749672322f28e487eede35e9454408f6ae79084a7e831624f42010d1199520d2,2024-03-23T02:37:55.533000,received,kaspa:qp943e9zc7rqdwcy7xu5ykc4qmmnnhmecn8ml2d788u6ez3t3d4uudv0x22m5,1000000000000,
2807b09599cc2d7519470afc8eb465ed408ccda9f08f8c9f8b97e704efe9d027,2024-03-23T02:33:37.606000,received,kaspa:qp943e9zc7rqdwcy7xu5ykc4qmmnnhmecn8ml2d788u6ez3t3d4uudv0x22m5,10000000000,
