tx_id,timestamp,direction,peer_address,amount_sompi,cex_label
f9cc2c86db14066f226ccb6178f72b7f69424b935c755c88fdd4b0d905e416cd,2023-12-13T10:38:36.699000,sent,kaspa:qr7r8rtehym00mcmmucflvu2003fsevzc9s0rezsltzwd6jd34p2cg3nd43cf,170990000,
01d37a860ed793763f9c7e61f68dcad9e6102d7ad1a256a861e178fd0dde5df3,2023-12-12T14:08:12.342000,received,kaspa:qypswxtcrv4ssyjaswy5w9387vq73mkuyq85tl34cee6qn5uexqy0csgnafnjx7,171000000,
22dac5850f6cad275ab3e25f0e3eadf07698a7a33582a567cd97d9d4f5b48a9a,2023-11-28T20:46:10.329000,sent,kaspa:qyptp6f64rlvfvrds9j9psdmudkypcdxt07sad6tkhdqh3qvslnhc5quh48y04s,18000000,
e375ef7cecad68b3811d68c3614c7d75f9b3cc08ca4b9e58bee3de648735c126,2023-11-28T20:34:36.890000,received,kaspa:qqz3f90u0dyt6kcla7yljt059xl6jay6zvxjpj0ll7hmm03sl05sszfluz3pc,18010000,
