tx_id,timestamp,direction,peer_address,amount_sompi,cex_label
52db486f1357d27667682f5d602efc35637f9a0b30a06b9e15de853c2ffdc304,2025-05-23T11:53:29.913000,sent,kaspa:qpy44me2znzdzr5xaqjnqpcdasgd5g4gec6g5cjgt8vn5wyfwxj2qg9mu6kld,10000000000000,
599dab76aed0515898d0e94e41d2330af17fbb8b8aa73e84113083d9a67ee1dc,2025-05-22T13:50:44.621000,sent,kaspa:qp8fxslp8gztssq6eeekzzncn562v4l0surmq23fy76snndpyrwd5f8rpgrl8,7500000000000,
4747f70806a7f183c2fb6701ea0083819f30e0db7ae84975da0655c59fca2ca6,2025-04-10T10:10:39.972000,received,kaspa:qru6qv0wyf7sl7qtwqkx7c03yhs244c2nwavxaszhrm8rmk5dtlvwztc5arzk,293368840397,
4747f70806a7f183c2fb6701ea0083819f30e0db7ae84975da0655c59fca2ca6,2025-04-10T10:10:39.972000,received,kaspa:qru6qv0wyf7sl7qtwqkx7c03yhs244c2nwavxaszhrm8rmk5dtlvwztc5arzk,293368840397,
b7e09c53c8422aac21ff92129d8d24c62c356db7673e39612d39ca81e34b452e,2025-02-03T07:14:16.094000,received,kaspa:qru6qv0wyf7sl7qtwqkx7c03yhs244c2nwavxaszhrm8rmk5dtlvwztc5arzk,2207115150889,
be7465053e443fbda6ec0f6cbd79ff44f04de2eb6141dcfa950f1eae35ea0a06,2025-01-16T07:45:08.866000,sent,kaspa:qqtslxgzhyn872apq6wxnxvf0c8qm3d8ryr2s7gugs0tea8z5l5wuzq93l7up,15000000000000,
f548b03348873ec45f29062fbb1934a3dec1f17d35ce7872346f15c3c725744c,2024-12-17T10:17:57.821000,sent,kaspa:qrzdqrmt33dkmd23zm7jt7tjetw00pdynz8vvcwdwmdd0qenrmtdcpn2nzuq2,5000000000000,
b58aa24dfce5d4b2e6282bc5abed1057bfc070f87313216809e2f7e8a2cdc436,2024-12-09T02:36:28.827000,sent,kaspa:qp8fxslp8gztssq6eeekzzncn562v4l0surmq23fy76snndpyrwd5f8rpgrl8,6038573000000,
b58aa24dfce5d4b2e6282bc5abed1057bfc070f87313216809e2f7e8a2cdc436,2024-12-09T02:36:28.827000,sent,kaspa:qp8fxslp8gztssq6eeekzzncn562v4l0surmq23fy76snndpyrwd5f8rpgrl8,6038573000000,
b58aa24dfce5d4b2e6282bc5abed1057bfc070f87313216809e2f7e8a2cdc436,2024-12-09T02:36:28.827000,sent,kaspa:qp8fxslp8gztssq6eeekzzncn562v4l0surmq23fy76snndpyrwd5f8rpgrl8,6038573000000,
b58aa24dfce5d4b2e6282bc5abed1057bfc070f87313216809e2f7e8a2cdc436,2024-12-09T02:36:28.827000,sent,kaspa:qp8fxslp8gztssq6eeekzzncn562v4l0surmq23fy76snndpyrwd5f8rpgrl8,6038573000000,
bd9305f879e51c18e3309269d208f31f4976c9ce6f63d0d52bbb84fd1a30c8c1,2024-08-29T05:59:47.577000,received,kaspa:qru6qv0wyf7sl7qtwqkx7c03yhs244c2nwavxaszhrm8rmk5dtlvwztc5arzk,107297855517,
a629552b46dd28736b3abfa3e714797f3d926eda0b745d2d4e8053d6efb9481a,2024-08-25T02:44:01.019000,received,kaspa:qru6qv0wyf7sl7qtwqkx7c03yhs244c2nwavxaszhrm8rmk5dtlvwztc5arzk,5125115605749,
a629552b46dd28736b3abfa3e714797f3d926eda0b745d2d4e8053d6efb9481a,2024-08-25T02:44:01.019000,received,kaspa:qru6qv0wyf7sl7qtwqkx7c03yhs244c2nwavxaszhrm8rmk5dtlvwztc5arzk,5125115605749,
a629552b46dd28736b3abfa3e714797f3d926eda0b745d2d4e8053d6efb9481a,2024-08-25T02:44:01.019000,received,kaspa:qru6qv0wyf7sl7qtwqkx7c03yhs244c2nwavxaszhrm8rmk5dtlvwztc5arzk,5125115605749,
5fe7514c8789a81d5f42ea46d7e6d1052f5f716c5f5b4b35f250272306aa0a57,2024-08-21T14:12:17.869000,received,kaspa:qru6qv0wyf7sl7qtwqkx7c03yhs244c2nwavxaszhrm8rmk5dtlvwztc5arzk,806134016398,
2714b96152f4ea1c5c54329ddecee62b392590cd9bb6bd48022ad1e26acb1358,2024-08-01T15:42:45.159000,sent,kaspa:qzne3vv4hrut3plz40y0xdds0uyf0za7w3mrteefvpqz2cxp7c2w62z97d6de,5000000000000,
2d3ff4fede08b18056dae736368e2573ff380ad961bc23b344bfb225bec8393a,2024-07-31T10:08:07.645000,sent,kaspa:qqu20p88aa2s5ytkkn2erad2tv2ph44alfa82dzdx8jydk938kqt727ajfsyr,5030800000000,
7c7e706008e8eab867c76124e3e487ce6cb055b84fb7de08a4827309bfe5fd10,2024-07-27T13:49:25.809000,sent,kaspa:qrq2az94t4kqs92av7ejfh9pyx78eqqhezgdlmgc4y0cus7eg7wascr0hunyp,5000000000000,
55d2f71ec52ad97aad9331bab2139b447f15faf95dad7a90fb6004af7309ef13,2024-06-27T00:29:33.913000,sent,kaspa:qpxjwjlk3hrjdal25vtfm0u6v7fzqznthm0u6w3azw7qdadan6p67ac0klzmz,10000000000000,
f2992b022881e32689c1922a570ecd4faee77b5655172d78850ab8bb2fd67921,2024-06-04T09:20:58.518000,sent,kaspa:qz7r9wnpemtuxd4t7m3enzxeva379nz5tmx24eutztfl4pdnkrk07mq0lgesu,5000000000000,
799e403be5ccc51b13f0978c6b4cc5fbe0b8a3e5477646862703e669e0081cfc,2024-06-03T05:46:03.583000,sent,kaspa:qzx7hw9x6kkf3gra0f6gwfkdplrppfgv72zxktg65vvpmgqa3k24w86w9unvu,5000000000000,
6ac070d59e5ca8253e2c0a0a58913a279f90a93b87f9325d6a69d34f70b82f30,2024-05-23T15:31:17.142000,sent,kaspa:qrqh0h5xmw7x9hz9atsuexctzrxsk6t2nq43cp72a3r6rqxa6v0qy5t0s9gls,10000000000000,
6ac070d59e5ca8253e2c0a0a58913a279f90a93b87f9325d6a69d34f70b82f30,2024-05-23T15:31:17.142000,sent,kaspa:qrqh0h5xmw7x9hz9atsuexctzrxsk6t2nq43cp72a3r6rqxa6v0qy5t0s9gls,10000000000000,
dadb6615ad1cf46a25a2f90a9fcc6ca022390b0cd8619aaeedf5292f938b9ee3,2024-03-28T09:21:58.760000,received,kaspa:qppr7q4mykgfw4s37lh4z7pqa6x5a5aya9g0ku4dvyk4rttf2smrxk4680npn,10030818311691,
dadb6615ad1cf46a25a2f90a9fcc6ca022390b0cd8619aaeedf5292f938b9ee3,2024-03-28T09:21:58.760000,received,kaspa:qppr7q4mykgfw4s37lh4z7pqa6x5a5aya9g0ku4dvyk4rttf2smrxk4680npn,10030818311691,
928e98f9a8e793435782bdef284c185159886ff60d2286d45ef3cac7a702adf7,2024-03-22T14:40:36.616000,sent,kaspa:qrxh9de4f9lv90cq9g5m3jw39nhtyxrmacxq8d4hxpj24qakjwdrw5jsv5037,5944150000000,
928e98f9a8e793435782bdef284c185159886ff60d2286d45ef3cac7a702adf7,2024-03-22T14:40:36.616000,sent,kaspa:qrxh9de4f9lv90cq9g5m3jw39nhtyxrmacxq8d4hxpj24qakjwdrw5jsv5037,5944150000000,
928e98f9a8e793435782bdef284c185159886ff60d2286d45ef3cac7a702adf7,2024-03-22T14:40:36.616000,sent,kaspa:qrxh9de4f9lv90cq9g5m3jw39nhtyxrmacxq8d4hxpj24qakjwdrw5jsv5037,5944150000000,
928e98f9a8e793435782bdef284c185159886ff60d2286d45ef3cac7a702adf7,2024-03-22T14:40:36.616000,sent,kaspa:qrxh9de4f9lv90cq9g5m3jw39nhtyxrmacxq8d4hxpj24qakjwdrw5jsv5037,5944150000000,
928e98f9a8e793435782bdef284c185159886ff60d2286d45ef3cac7a702adf7,2024-03-22T14:40:36.616000,sent,kaspa:qrxh9de4f9lv90cq9g5m3jw39nhtyxrmacxq8d4hxpj24qakjwdrw5jsv5037,5944150000000,
928e98f9a8e793435782bdef284c185159886ff60d2286d45ef3cac7a702adf7,2024-03-22T14:40:36.616000,sent,kaspa:qrxh9de4f9lv90cq9g5m3jw39nhtyxrmacxq8d4hxpj24qakjwdrw5jsv5037,5944150000000,
928e98f9a8e793435782bdef284c185159886ff60d2286d45ef3cac7a702adf7,2024-03-22T14:40:36.616000,sent,kaspa:qrxh9de4f9lv90cq9g5m3jw39nhtyxrmacxq8d4hxpj24qakjwdrw5jsv5037,5944150000000,
928e98f9a8e793435782bdef284c185159886ff60d2286d45ef3cac7a702adf7,2024-03-22T14:40:36.616000,sent,kaspa:qrxh9de4f9lv90cq9g5m3jw39nhtyxrmacxq8d4hxpj24qakjwdrw5jsv5037,5944150000000,
928e98f9a8e793435782bdef284c185159886ff60d2286d45ef3cac7a702adf7,2024-03-22T14:40:36.616000,sent,kaspa:qrxh9de4f9lv90cq9g5m3jw39nhtyxrmacxq8d4hxpj24qakjwdrw5jsv5037,5944150000000,
928e98f9a8e793435782bdef284c185159886ff60d2286d45ef3cac7a702adf7,2024-03-22T14:40:36.616000,sent,kaspa:qrxh9de4f9lv90cq9g5m3jw39nhtyxrmacxq8d4hxpj24qakjwdrw5jsv5037,5944150000000,
928e98f9a8e793435782bdef284c185159886ff60d2286d45ef3cac7a702adf7,2024-03-22T14:40:36.616000,sent,kaspa:qrxh9de4f9lv90cq9g5m3jw39nhtyxrmacxq8d4hxpj24qakjwdrw5jsv5037,5944150000000,
928e98f9a8e793435782bdef284c185159886ff60d2286d45ef3cac7a702adf7,2024-03-22T14:40:36.616000,sent,kaspa:qrxh9de4f9lv90cq9g5m3jw39nhtyxrmacxq8d4hxpj24qakjwdrw5jsv5037,5944150000000,
928e98f9a8e793435782bdef284c185159886ff60d2286d45ef3cac7a702adf7,2024-03-22T14:40:36.616000,sent,kaspa:qrxh9de4f9lv90cq9g5m3jw39nhtyxrmacxq8d4hxpj24qakjwdrw5jsv5037,5944150000000,
928e98f9a8e793435782bdef284c185159886ff60d2286d45ef3cac7a702adf7,2024-03-22T14:40:36.616000,sent,kaspa:qrxh9de4f9lv90cq9g5m3jw39nhtyxrmacxq8d4hxpj24qakjwdrw5jsv5037,5944150000000,
928e98f9a8e793435782bdef284c185159886ff60d2286d45ef3cac7a702adf7,2024-03-22T14:40:36.616000,sent,kaspa:qrxh9de4f9lv90cq9g5m3jw39nhtyxrmacxq8d4hxpj24qakjwdrw5jsv5037,5944150000000,
928e98f9a8e793435782bdef284c185159886ff60d2286d45ef3cac7a702adf7,2024-03-22T14:40:36.616000,sent,kaspa:qrxh9de4f9lv90cq9g5m3jw39nhtyxrmacxq8d4hxpj24qakjwdrw5jsv5037,5944150000000,
0bd620f136ef420d6359be5e69e5142900d296e409707d794f76bea8038a7055,2024-03-20T09:42:20.163000,received,kaspa:qprqnsxh9hjcx4p8xcfm5vh9q2tvdaqxwj0g0086u652a2zn566hum652y97p,625000000000,
0bd620f136ef420d6359be5e69e5142900d296e409707d794f76bea8038a7055,2024-03-20T09:42:20.163000,received,kaspa:qprqnsxh9hjcx4p8xcfm5vh9q2tvdaqxwj0g0086u652a2zn566hum652y97p,625000000000,
91c80b240b5b2a7bdc66e39b8d5d3e3a3a9c3b14e08763e93a994d14f287816e,2024-03-08T05:10:36.053000,received,kaspa:qrelgny7sr3vahq69yykxx36m65gvmhryxrlwngfzgu8xkdslum2yxjp3ap8m,1017927333300,Gate.io
9376a0d73d49f5a4b4f3ccfc5a5095ff4e01737dd1fdeef148aba9c0286a4883,2024-03-06T09:33:27.760000,received,kaspa:qru6qv0wyf7sl7qtwqkx7c03yhs244c2nwavxaszhrm8rmk5dtlvwztc5arzk,3225297371204,
972b798c2991f60418fd68c7b5d626f7f1b5b037905906494053e0eac7d1430b,2024-03-06T02:10:28.051000,received,kaspa:qq3k4du6wf2g26j7ds6fqmgtgavgm3zy676wntp2e52nsuns2n4s6xkndmx0y,2832239970000,
03170176e41a050f4a338a6e7851c80e544547d2979d07a4f7f1f743d1e4c8d3,2024-02-23T03:39:26.587000,received,kaspa:qq3k4du6wf2g26j7ds6fqmgtgavgm3zy676wntp2e52nsuns2n4s6xkndmx0y,538393625267,
1fbc3fd994d8a5edaa24190a628cfcaf7cc6f0cd4b4a0e6afcacfe798768aa0c,2024-02-08T12:16:10.217000,received,kaspa:qprqnsxh9hjcx4p8xcfm5vh9q2tvdaqxwj0g0086u652a2zn566hum652y97p,32700000000000,
6366d2f83e0b6387a65851a821c56d101f642f9f1d7e4925451d4dece5bfdf0d,2024-02-08T12:12:47.499000,received,kaspa:qprqnsxh9hjcx4p8xcfm5vh9q2tvdaqxwj0g0086u652a2zn566hum652y97p,83800000000,
6366d2f83e0b6387a65851a821c56d101f642f9f1d7e4925451d4dece5bfdf0d,2024-02-08T12:12:47.499000,received,kaspa:qprqnsxh9hjcx4p8xcfm5vh9q2tvdaqxwj0g0086u652a2zn566hum652y97p,83800000000,
6366d2f83e0b6387a65851a821c56d101f642f9f1d7e4925451d4dece5bfdf0d,2024-02-08T12:12:47.499000,received,kaspa:qprqnsxh9hjcx4p8xcfm5vh9q2tvdaqxwj0g0086u652a2zn566hum652y97p,83800000000,
4fadfaeac6c26f2e53aafeb2a9f3bee19a6285dcc9d5e0774cece9cbc0d585b6,2024-02-06T05:18:03.730000,received,kaspa:qprqnsxh9hjcx4p8xcfm5vh9q2tvdaqxwj0g0086u652a2zn566hum652y97p,4900000000000,
6b542e55694b77d1f4d0defaa8c78829c8c181e3deae63d965b4a717807c280a,2024-02-06T05:15:49.268000,received,kaspa:qprqnsxh9hjcx4p8xcfm5vh9q2tvdaqxwj0g0086u652a2zn566hum652y97p,21500000000,
6b542e55694b77d1f4d0defaa8c78829c8c181e3deae63d965b4a717807c280a,2024-02-06T05:15:49.268000,received,kaspa:qprqnsxh9hjcx4p8xcfm5vh9q2tvdaqxwj0g0086u652a2zn566hum652y97p,21500000000,
6b542e55694b77d1f4d0defaa8c78829c8c181e3deae63d965b4a717807c280a,2024-02-06T05:15:49.268000,received,kaspa:qprqnsxh9hjcx4p8xcfm5vh9q2tvdaqxwj0g0086u652a2zn566hum652y97p,21500000000,
6b542e55694b77d1f4d0defaa8c78829c8c181e3deae63d965b4a717807c280a,2024-02-06T05:15:49.268000,received,kaspa:qprqnsxh9hjcx4p8xcfm5vh9q2tvdaqxwj0g0086u652a2zn566hum652y97p,21500000000,
949b606c3dfd39b34a3335249e13e199b7b8a8a322f5b34c70dfb7f8a59a474d,2023-12-24T02:34:51.493000,received,kaspa:qqwvnkp47wsj6n4hkdlgj8dsauyx0xvefunnwvvsmpq2udd0ka8ckmpuqw3k5,30009000000000,
a0a737408b428af22077d1ec61d43cd720e70ff0ab405bc8303884b3a7566f0e,2023-12-24T02:32:30.875000,received,kaspa:qqwvnkp47wsj6n4hkdlgj8dsauyx0xvefunnwvvsmpq2udd0ka8ckmpuqw3k5,1990000000000,
821d81d0d505963204d82576fe5735c9ccf082a9ac82a4afbc15bcb12e151d4d,2023-12-24T02:30:06.102000,received,kaspa:qprqnsxh9hjcx4p8xcfm5vh9q2tvdaqxwj0g0086u652a2zn566hum652y97p,1000000000,
821d81d0d505963204d82576fe5735c9ccf082a9ac82a4afbc15bcb12e151d4d,2023-12-24T02:30:06.102000,received,kaspa:qprqnsxh9hjcx4p8xcfm5vh9q2tvdaqxwj0g0086u652a2zn566hum652y97p,1000000000,
821d81d0d505963204d82576fe5735c9ccf082a9ac82a4afbc15bcb12e151d4d,2023-12-24T02:30:06.102000,received,kaspa:qprqnsxh9hjcx4p8xcfm5vh9q2tvdaqxwj0g0086u652a2zn566hum652y97p,1000000000,
821d81d0d505963204d82576fe5735c9ccf082a9ac82a4afbc15bcb12e151d4d,2023-12-24T02:30:06.102000,received,kaspa:qprqnsxh9hjcx4p8xcfm5vh9q2tvdaqxwj0g0086u652a2zn566hum652y97p,1000000000,
1d8e493ff8e1b54bb1f903b3a29f7d91dbfe311f21cfa50623cfe7c634f69f58,2023-12-23T16:46:44.085000,received,kaspa:qq3k4du6wf2g26j7ds6fqmgtgavgm3zy676wntp2e52nsuns2n4s6xkndmx0y,18000000000000,
9f4d31b01472b498bca86431abf3507e0af82922ae9acac82830c14ed8d87671,2023-12-23T15:21:03.331000,received,kaspa:qq3k4du6wf2g26j7ds6fqmgtgavgm3zy676wntp2e52nsuns2n4s6xkndmx0y,24990000000000,
661a025546d428cc9ab7a17c2c2926f75c8c72b267ab933e8278e62244594402,2023-12-23T15:07:42.187000,received,kaspa:qq3k4du6wf2g26j7ds6fqmgtgavgm3zy676wntp2e52nsuns2n4s6xkndmx0y,25000000000000,
b9824097e60e0ebe94160122f07c05f556dff711d6337414404f4a862411e481,2023-12-23T14:58:42.004000,received,kaspa:qq3k4du6wf2g26j7ds6fqmgtgavgm3zy676wntp2e52nsuns2n4s6xkndmx0y,10000000000,
