tx_id,timestamp,direction,peer_address,amount_sompi,cex_label
bdfc34526f25f8605dddf27b03d81b6eb12b80724b40de0dad762b7e43d1ed6b,2023-12-16T03:45:02.428000,sent,kaspa:qzslgwenzu78t6tldlng383g7ruu4enaljmnkgaulyrscjp7ldt26x8gfxck5,171940000,
bdfc34526f25f8605dddf27b03d81b6eb12b80724b40de0dad762b7e43d1ed6b,2023-12-16T03:45:02.428000,sent,kaspa:qzslgwenzu78t6tldlng383g7ruu4enaljmnkgaulyrscjp7ldt26x8gfxck5,171940000,
47f1a0efa63a7c3d220a5dda4786c1faad6d77f30d144b2435681ff6701960a3,2023-12-12T03:51:46.592000,received,kaspa:qypswxtcrv4ssyjaswy5w9387vq73mkuyq85tl34cee6qn5uexqy0csgnafnjx7,171000000,
7974870f4b5617b2453ca8e84de4dfb479a2294e5c2bbc6edeef0a6b31617a99,2023-11-28T01:38:16.048000,sent,kaspa:qypwteg06090fgzefpgfhj7pfj7k8tv23ahzeet3m05g70zm6eak8xqdls0wks3,18000000,
3e3012f01acb38d7b743b8e46e03486e939cb9aea3aa2149b3086378c5993547,2023-11-28T00:07:09.495000,received,kaspa:qzx39q2av8c4pcf9a2dccc0escyhhy4zx09de3cagwkeme9c325kymvu2sdhq,19000000,
