tx_id,timestamp,direction,peer_address,amount_sompi,cex_label
5da7784f4d577430b8dcd87185a906494dde207b6f2276347718a8560afc1097,2023-12-13T10:58:54.443000,sent,kaspa:qpal2nsj9ns9d9jng58npgddw2gawdegsgx96c39p7ml5zpupzh6x9gpctfs2,5993736000,
5da7784f4d577430b8dcd87185a906494dde207b6f2276347718a8560afc1097,2023-12-13T10:58:54.443000,sent,kaspa:qpal2nsj9ns9d9jng58npgddw2gawdegsgx96c39p7ml5zpupzh6x9gpctfs2,5993736000,
602b79b1b7d25dee81652e0e3bbc37fff91e82e2f463469e13ee9a1c01d8ad18,2023-12-13T10:48:22.132000,received,kaspa:qq8m7t8pw29jph7qgazu9284s62elw3ugtrcy79u7zrzmv9wk9g2xrvrry62m,5822756000,
602b79b1b7d25dee81652e0e3bbc37fff91e82e2f463469e13ee9a1c01d8ad18,2023-12-13T10:48:22.132000,received,kaspa:qq8m7t8pw29jph7qgazu9284s62elw3ugtrcy79u7zrzmv9wk9g2xrvrry62m,5822756000,
d3df1fe039227dc8fddb9dd853ef3093a990bc9a77e67611ce443b62c3d8fcc8,2023-12-13T05:48:42.781000,received,kaspa:qypswxtcrv4ssyjaswy5w9387vq73mkuyq85tl34cee6qn5uexqy0csgnafnjx7,171000000,
2afaff610e0468d62954e377dbb6581bb11f4221977d8ec8a24c91d680d56fc3,2023-11-29T22:03:17.081000,sent,kaspa:qpal2nsj9ns9d9jng58npgddw2gawdegsgx96c39p7ml5zpupzh6x9gpctfs2,1309265000,
dc666f3e40899bd51aef3fbb9ad3391618c7fdc54f73ebf0d69138a60f48f8fc,2023-11-29T21:59:54.559000,sent,kaspa:qypmsw7y5wwvzuxyj5jx77jauekzz9e4lcljdwt5nt2pepc2ckv9dfg2phnk0ah,18000000,
6a17528d1d052ac3ce0598e0abcfbe3cd56b1129a14edf008a4508c2c5a5bb9f,2023-11-29T21:48:32.579000,received,kaspa:qq8m7t8pw29jph7qgazu9284s62elw3ugtrcy79u7zrzmv9wk9g2xrvrry62m,1327285000,
