tx_id,timestamp,direction,peer_address,amount_sompi,cex_label
a99f7e741e51baa405561e8ad0bd2d33d13aa36918df2861182b97e9e9521bd4,2025-05-23T16:37:01.481000,sent,kaspa:qqefl6nnec9kvnpulqlwt8vljk6vnw869nym8fm0jlk8myxa4xtjym2rx30jr,3500000000000,
a99f7e741e51baa405561e8ad0bd2d33d13aa36918df2861182b97e9e9521bd4,2025-05-23T16:37:01.481000,sent,kaspa:qqefl6nnec9kvnpulqlwt8vljk6vnw869nym8fm0jlk8myxa4xtjym2rx30jr,3500000000000,
a99f7e741e51baa405561e8ad0bd2d33d13aa36918df2861182b97e9e9521bd4,2025-05-23T16:37:01.481000,sent,kaspa:qqefl6nnec9kvnpulqlwt8vljk6vnw869nym8fm0jlk8myxa4xtjym2rx30jr,3500000000000,
a99f7e741e51baa405561e8ad0bd2d33d13aa36918df2861182b97e9e9521bd4,2025-05-23T16:37:01.481000,sent,kaspa:qqefl6nnec9kvnpulqlwt8vljk6vnw869nym8fm0jlk8myxa4xtjym2rx30jr,3500000000000,
a99f7e741e51baa405561e8ad0bd2d33d13aa36918df2861182b97e9e9521bd4,2025-05-23T16:37:01.481000,sent,kaspa:qqefl6nnec9kvnpulqlwt8vljk6vnw869nym8fm0jlk8myxa4xtjym2rx30jr,3500000000000,
a99f7e741e51baa405561e8ad0bd2d33d13aa36918df2861182b97e9e9521bd4,2025-05-23T16:37:01.481000,sent,kaspa:qqefl6nnec9kvnpulqlwt8vljk6vnw869nym8fm0jlk8myxa4xtjym2rx30jr,3500000000000,
a99f7e741e51baa405561e8ad0bd2d33d13aa36918df2861182b97e9e9521bd4,2025-05-23T16:37:01.481000,sent,kaspa:qqefl6nnec9kvnpulqlwt8vljk6vnw869nym8fm0jlk8myxa4xtjym2rx30jr,3500000000000,
a99f7e741e51baa405561e8ad0bd2d33d13aa36918df2861182b97e9e9521bd4,2025-05-23T16:37:01.481000,sent,kaspa:qqefl6nnec9kvnpulqlwt8vljk6vnw869nym8fm0jlk8myxa4xtjym2rx30jr,3500000000000,
a99f7e741e51baa405561e8ad0bd2d33d13aa36918df2861182b97e9e9521bd4,2025-05-23T16:37:01.481000,sent,kaspa:qqefl6nnec9kvnpulqlwt8vljk6vnw869nym8fm0jlk8myxa4xtjym2rx30jr,3500000000000,
a99f7e741e51baa405561e8ad0bd2d33d13aa36918df2861182b97e9e9521bd4,2025-05-23T16:37:01.481000,sent,kaspa:qqefl6nnec9kvnpulqlwt8vljk6vnw869nym8fm0jlk8myxa4xtjym2rx30jr,3500000000000,
a99f7e741e51baa405561e8ad0bd2d33d13aa36918df2861182b97e9e9521bd4,2025-05-23T16:37:01.481000,sent,kaspa:qqefl6nnec9kvnpulqlwt8vljk6vnw869nym8fm0jlk8myxa4xtjym2rx30jr,3500000000000,
a99f7e741e51baa405561e8ad0bd2d33d13aa36918df2861182b97e9e9521bd4,2025-05-23T16:37:01.481000,sent,kaspa:qqefl6nnec9kvnpulqlwt8vljk6vnw869nym8fm0jlk8myxa4xtjym2rx30jr,3500000000000,
a99f7e741e51baa405561e8ad0bd2d33d13aa36918df2861182b97e9e9521bd4,2025-05-23T16:37:01.481000,sent,kaspa:qqefl6nnec9kvnpulqlwt8vljk6vnw869nym8fm0jlk8myxa4xtjym2rx30jr,3500000000000,
a99f7e741e51baa405561e8ad0bd2d33d13aa36918df2861182b97e9e9521bd4,2025-05-23T16:37:01.481000,sent,kaspa:qqefl6nnec9kvnpulqlwt8vljk6vnw869nym8fm0jlk8myxa4xtjym2rx30jr,3500000000000,
8b349bb1bd8ae51f625e7b464790a073c27737ff6c1c17b2fc973f089500f417,2025-05-15T16:30:25.598000,received,kaspa:qrmyvjydj57k980g9a8457j8ls2vxznzapxdxpezs3908pq9drt5qu8xhyqah,275595618000,
b44b42c508843f0611310471cf944e67e70fdfbd23c855748ceeafb4868bc7db,2025-05-12T11:20:04.812000,received,kaspa:qrmyvjydj57k980g9a8457j8ls2vxznzapxdxpezs3908pq9drt5qu8xhyqah,938722805348,
b44b42c508843f0611310471cf944e67e70fdfbd23c855748ceeafb4868bc7db,2025-05-12T11:20:04.812000,received,kaspa:qrmyvjydj57k980g9a8457j8ls2vxznzapxdxpezs3908pq9drt5qu8xhyqah,938722805348,
b44b42c508843f0611310471cf944e67e70fdfbd23c855748ceeafb4868bc7db,2025-05-12T11:20:04.812000,received,kaspa:qqsqs0lrnly6qrtfljvxdda6ecfs5zmmlt9sn04gmztqfyte2sxzwyapzdws5,938722805348,
45e1bdfb69caf298d4e15f8169c0e1ddf38baeca2aa46b45714f3a02daa89566,2025-05-05T17:49:13.437000,sent,kaspa:qq3f3xefm76vtexe4h4p5y2k6vfp9vsynrpzyrxd803yvm54yyz72rlefn79n,3699999996835,
45e1bdfb69caf298d4e15f8169c0e1ddf38baeca2aa46b45714f3a02daa89566,2025-05-05T17:49:13.437000,sent,kaspa:qq3f3xefm76vtexe4h4p5y2k6vfp9vsynrpzyrxd803yvm54yyz72rlefn79n,3699999996835,
af3906ce840ea18fe3dc4c4d6abab642b3682285bb5848a18e3285258feb122e,2025-05-01T13:36:25.653000,received,kaspa:qzpzc5ccp6f2svct4g2zsdaq7j8ngzz5vs9xv6hf9jfzwc9m966du4hk2vfez,200000000000,
a5dbf78e1faafc895edb8aecd9ae3155e5ff6eb5f2c13732da1900e473e159bf,2025-04-27T14:36:09.810000,sent,kaspa:qzh2uhgwmzrssd2lqpvk2qustuk39z94d03kzhzaeggj7y3axdfgqjc2dvzq8,1000000000000,
a5dbf78e1faafc895edb8aecd9ae3155e5ff6eb5f2c13732da1900e473e159bf,2025-04-27T14:36:09.810000,sent,kaspa:qzh2uhgwmzrssd2lqpvk2qustuk39z94d03kzhzaeggj7y3axdfgqjc2dvzq8,1000000000000,
b84405663274c98afea3a7d7d9077f2129ecc719759541e7df424b421a04d210,2025-04-25T07:03:22.501000,sent,kaspa:qzh2uhgwmzrssd2lqpvk2qustuk39z94d03kzhzaeggj7y3axdfgqjc2dvzq8,1170000000000,
b84405663274c98afea3a7d7d9077f2129ecc719759541e7df424b421a04d210,2025-04-25T07:03:22.501000,sent,kaspa:qzh2uhgwmzrssd2lqpvk2qustuk39z94d03kzhzaeggj7y3axdfgqjc2dvzq8,1170000000000,
3850978f023883c105322eb884676882aceb661016299ccca516212736795e64,2025-04-24T06:15:33.887000,sent,kaspa:qzh2uhgwmzrssd2lqpvk2qustuk39z94d03kzhzaeggj7y3axdfgqjc2dvzq8,500000000000,
3850978f023883c105322eb884676882aceb661016299ccca516212736795e64,2025-04-24T06:15:33.887000,sent,kaspa:qzh2uhgwmzrssd2lqpvk2qustuk39z94d03kzhzaeggj7y3axdfgqjc2dvzq8,500000000000,
f249539617112dcde7371b8c878d61b2e914abb447ebc42e581d2a8eb03a9a73,2025-04-22T11:04:59.501000,received,kaspa:qpf4gjshrv5xgd7s0l7uehvcczcgx3u5juw77pt4q95h0ax0k62hvsvme480f,675963893598,
f249539617112dcde7371b8c878d61b2e914abb447ebc42e581d2a8eb03a9a73,2025-04-22T11:04:59.501000,received,kaspa:qpf4gjshrv5xgd7s0l7uehvcczcgx3u5juw77pt4q95h0ax0k62hvsvme480f,675963893598,
249824eec7167598cd305235a30f52f8f4837d2b4d2d7b56c9eb29b2c11aa39e,2025-04-21T06:21:58.626000,sent,kaspa:qzh2uhgwmzrssd2lqpvk2qustuk39z94d03kzhzaeggj7y3axdfgqjc2dvzq8,1000000000000,
249824eec7167598cd305235a30f52f8f4837d2b4d2d7b56c9eb29b2c11aa39e,2025-04-21T06:21:58.626000,sent,kaspa:qzh2uhgwmzrssd2lqpvk2qustuk39z94d03kzhzaeggj7y3axdfgqjc2dvzq8,1000000000000,
6d5f79dc01439854022a49f746bca4edd03505f5dbf5c6cae9e2d3e36bf916bb,2025-04-20T05:19:51.672000,sent,kaspa:qzh2uhgwmzrssd2lqpvk2qustuk39z94d03kzhzaeggj7y3axdfgqjc2dvzq8,542400000000,
6d5f79dc01439854022a49f746bca4edd03505f5dbf5c6cae9e2d3e36bf916bb,2025-04-20T05:19:51.672000,sent,kaspa:qzh2uhgwmzrssd2lqpvk2qustuk39z94d03kzhzaeggj7y3axdfgqjc2dvzq8,542400000000,
9a3c034881f08e1da6190ef1121529ab8f1cdf43cd577ed804c012eef91c4260,2025-03-16T05:21:18.169000,received,kaspa:qpf4gjshrv5xgd7s0l7uehvcczcgx3u5juw77pt4q95h0ax0k62hvsvme480f,167416672255,
9a3c034881f08e1da6190ef1121529ab8f1cdf43cd577ed804c012eef91c4260,2025-03-16T05:21:18.169000,received,kaspa:qpf4gjshrv5xgd7s0l7uehvcczcgx3u5juw77pt4q95h0ax0k62hvsvme480f,167416672255,
b77bd3ef6c04d09e891132faa29c7ebd3366bb45f0f5b724a3345eede02ef290,2025-03-11T14:46:08.170000,received,kaspa:qr32gn66k0vye3n7ujpudm00anpfd4zyheu0t8p899a0d8mvpwyn5829pxlw7,158000000000,
b77bd3ef6c04d09e891132faa29c7ebd3366bb45f0f5b724a3345eede02ef290,2025-03-11T14:46:08.170000,received,kaspa:qpqz9mqcgnp5ddrjafsx7crzjhc5k4sx82sm37kt4wrfaxcn2tmv69anckrdt,158000000000,
421c111af3e070d41aab61564b2d86ef425e9fefa17ddb4f549730d89146e4ae,2025-03-10T10:28:01.144000,received,kaspa:qrmyvjydj57k980g9a8457j8ls2vxznzapxdxpezs3908pq9drt5qu8xhyqah,150000000000,
421c111af3e070d41aab61564b2d86ef425e9fefa17ddb4f549730d89146e4ae,2025-03-10T10:28:01.144000,received,kaspa:qr44v9kchjg4z5we5w9md3ry3ca6mpnxz6zy27a7meappj6d7497wshsw2rup,150000000000,
eba046940de9e818bd841a81265d96b082af3289bdacf6856a74e5f7f2d4d9e9,2025-03-09T09:31:21.459000,received,kaspa:qr3k2f6n3w2prfq29x58paqcgu02xe0asm0p49caxnz0g7gykqz27su0twm23,100000000000,
fbf2148315197b69c00fc9394683cc5d4579017e8a13c9fb81d51251c6279332,2025-02-24T11:50:30.203000,received,kaspa:qzfkepcekx3n4hvhwcv57uy6ys5wnzxefpx66496jhz6t66v7asas2nz96570,200000000000,
fbf2148315197b69c00fc9394683cc5d4579017e8a13c9fb81d51251c6279332,2025-02-24T11:50:30.203000,received,kaspa:qzfkepcekx3n4hvhwcv57uy6ys5wnzxefpx66496jhz6t66v7asas2nz96570,200000000000,
ef4ec4b6f200e6eed5f74d6d25643ff0352f2714ce540f879e7f466a9c9254a2,2025-02-15T07:09:59.816000,received,kaspa:qypvuuedsr43c9txedvmdwxgcxh35m4narjxz7f74a5c86tnj5734wq5mxm5kgf,93000000000,
ef4ec4b6f200e6eed5f74d6d25643ff0352f2714ce540f879e7f466a9c9254a2,2025-02-15T07:09:59.816000,received,kaspa:qypvuuedsr43c9txedvmdwxgcxh35m4narjxz7f74a5c86tnj5734wq5mxm5kgf,93000000000,
6d91b6cc321c6b6cdddba815ca2c4a96803cb559053e26898de3db2e55f8fc66,2025-02-14T06:31:43.652000,received,kaspa:qrvum29vk365g0zcd5gx3c7h829etfq2ytdmscjzw4zw04fjfnprcg9c3tges,172946169000,
ce428488cbf92a00acdb3b9d24b3676bdc4b51296cdfd7e9162875ecaef25623,2024-12-30T11:38:03.287000,received,kaspa:qqa89ymchce6zx0vrw79am4902rp5htvj3ln8sqgrmfa2z5xmarx5xcewvf7n,500000000000,
ce428488cbf92a00acdb3b9d24b3676bdc4b51296cdfd7e9162875ecaef25623,2024-12-30T11:38:03.287000,received,kaspa:qzjyt4h79muyyltmcqa3e7d75lxs62sc8dz3hyd8nyyyl93sjhrxksj4773x6,500000000000,
d4988ff03e971770ae33a8b4aa96bebbddc37ffaafc73bd7e03f0da4af2b1e41,2024-12-24T12:44:52.948000,sent,kaspa:qpx8js98de53eht8rm8vkzsjpwlcjuf74kqz0kk569dkqycpsknh59wfyg3j4,104999996835,
d4988ff03e971770ae33a8b4aa96bebbddc37ffaafc73bd7e03f0da4af2b1e41,2024-12-24T12:44:52.948000,sent,kaspa:qpx8js98de53eht8rm8vkzsjpwlcjuf74kqz0kk569dkqycpsknh59wfyg3j4,104999996835,
72f9c614d35f4b3538ea38b615ba5b067852b68d6043038cc9db2197582c92bc,2024-11-24T07:13:20.435000,received,kaspa:qzfkepcekx3n4hvhwcv57uy6ys5wnzxefpx66496jhz6t66v7asas2nz96570,55400000000,
bfc25ff15543f5e6e6d3ef59d669a37fbec8e4bcfed4b8ea41b4402da7ae5720,2024-11-04T10:27:25.622000,received,kaspa:qzjxg8rfxf66290204nkpzvfpq6fds0jm7drpqycskqlnsla6t4ccnf6843ck,50000000000,
697c622ce9aa4df3d993328aac64482d98d4f05c36cebdb6f2657b267b5d5e87,2024-09-16T12:51:49.904000,received,kaspa:qypvuuedsr43c9txedvmdwxgcxh35m4narjxz7f74a5c86tnj5734wq5mxm5kgf,6750000000000,
7b4e084e5a525f35a35f3bdf8f80847bc2b9072a81975ce5530cd45a075b3864,2024-09-16T12:50:15.727000,received,kaspa:qypvuuedsr43c9txedvmdwxgcxh35m4narjxz7f74a5c86tnj5734wq5mxm5kgf,500000000000,
50c8cd8a6ca2ee2e900d50aff45903bc066189de8867d1d2abe5e84121cda39c,2024-09-11T14:25:04.416000,received,kaspa:qr96lrkn0jpk42qj3phxnz76qp7pj2saj5n2uutdt3hx68a73a3csj0mcd7su,150000000000,
50c8cd8a6ca2ee2e900d50aff45903bc066189de8867d1d2abe5e84121cda39c,2024-09-11T14:25:04.416000,received,kaspa:qpayz8k2att0ezvr3u7sn7r58fequex3xc8dkgkle9e7cxp5uytryda8xpmk4,150000000000,
50c8cd8a6ca2ee2e900d50aff45903bc066189de8867d1d2abe5e84121cda39c,2024-09-11T14:25:04.416000,received,kaspa:qp7dhxwf08kfddpgqe59j9du378zd3ax0l6u5exn35dyxr8kr7y95xldh8qt0,150000000000,
8102c0931ce65778c0d7830328c5533188beb8c97d1e4533a9c553e884e01853,2024-09-02T07:52:06.754000,received,kaspa:qqetp7ct8kqss99fxmymyz5t3fezppxp0t58wl6pawp27elqd46uudme00cl0,100055000000,
8102c0931ce65778c0d7830328c5533188beb8c97d1e4533a9c553e884e01853,2024-09-02T07:52:06.754000,received,kaspa:qpzpfwcsqsxhxwup26r55fd0ghqlhyugz8cp6y3wxuddc02vcxtjg75pspnwz,100055000000,MEXC
fc4a5a012a272b69031a411a4427149c06f060ebe33857347fe3ea59384a5732,2024-08-08T11:18:37.487000,sent,kaspa:qqdsdqqwvwkzxr3hx8m6fd8802lzrsl73s9797al74ew5kp9d3crw7w4un99f,1499999992363,
fc4a5a012a272b69031a411a4427149c06f060ebe33857347fe3ea59384a5732,2024-08-08T11:18:37.487000,sent,kaspa:qqdsdqqwvwkzxr3hx8m6fd8802lzrsl73s9797al74ew5kp9d3crw7w4un99f,1499999992363,
fc4a5a012a272b69031a411a4427149c06f060ebe33857347fe3ea59384a5732,2024-08-08T11:18:37.487000,sent,kaspa:qqdsdqqwvwkzxr3hx8m6fd8802lzrsl73s9797al74ew5kp9d3crw7w4un99f,1499999992363,
fc4a5a012a272b69031a411a4427149c06f060ebe33857347fe3ea59384a5732,2024-08-08T11:18:37.487000,sent,kaspa:qqdsdqqwvwkzxr3hx8m6fd8802lzrsl73s9797al74ew5kp9d3crw7w4un99f,1499999992363,
fc4a5a012a272b69031a411a4427149c06f060ebe33857347fe3ea59384a5732,2024-08-08T11:18:37.487000,sent,kaspa:qqdsdqqwvwkzxr3hx8m6fd8802lzrsl73s9797al74ew5kp9d3crw7w4un99f,1499999992363,
fc4a5a012a272b69031a411a4427149c06f060ebe33857347fe3ea59384a5732,2024-08-08T11:18:37.487000,sent,kaspa:qqdsdqqwvwkzxr3hx8m6fd8802lzrsl73s9797al74ew5kp9d3crw7w4un99f,1499999992363,
541023b9a1a1de3a16c3844dd7142ee3746a2e4cab14fe9239aa7bb62c7c2636,2024-08-07T13:16:26.128000,sent,kaspa:qzfkepcekx3n4hvhwcv57uy6ys5wnzxefpx66496jhz6t66v7asas2nz96570,249999996835,
541023b9a1a1de3a16c3844dd7142ee3746a2e4cab14fe9239aa7bb62c7c2636,2024-08-07T13:16:26.128000,sent,kaspa:qzfkepcekx3n4hvhwcv57uy6ys5wnzxefpx66496jhz6t66v7asas2nz96570,249999996835,
8fe349fb2563450dee0bc46e6b798d3046c11cea65e6992fd79368ab11078d1c,2024-07-24T10:44:10.429000,received,kaspa:qpf0fa7esetmcr6pyqdtahzhq8knhukzgcq6tpmu5ywsy6xfntzw7k2vd57fl,100000000000,
b3cc613242ce2427d56cc9b3a33586ca5ed5171e4883dbf4ad6e47e1b231888c,2024-06-30T10:01:37.244000,received,kaspa:qp5a9l4x3a28anacxxme0nqfxckdc7p206htfe49d964xwsfq6re7jfdwv5tw,150000000000,
b3cc613242ce2427d56cc9b3a33586ca5ed5171e4883dbf4ad6e47e1b231888c,2024-06-30T10:01:37.244000,received,kaspa:qpytzk5gla2297q2c8na559e9we0kppzkprg845td9vwnxasgcpq2zxg4qtjf,150000000000,
51fc50d0c9f569d3fc02f347b3f6a699b429ddf7042fc8bf67dd13711538b7d3,2024-06-26T09:52:30.021000,received,kaspa:qzfwjyxvnu4npcph4l8grc9vhsd5dl4vqplnz6t3yxnn8frk84yyg3tuzc9ml,300000000000,
3b99b1ad6d3b442e14af5dc8b120e8d442bc776ab7e387d75c3457deafdf5681,2024-06-15T07:05:15.766000,sent,kaspa:qp56gcda0egwl0s32seame7smtsntcm6q45fttwt3u5xvvrajxgxqhr0upc00,239999996835,
3b99b1ad6d3b442e14af5dc8b120e8d442bc776ab7e387d75c3457deafdf5681,2024-06-15T07:05:15.766000,sent,kaspa:qp56gcda0egwl0s32seame7smtsntcm6q45fttwt3u5xvvrajxgxqhr0upc00,239999996835,
f8bf4cdc9dc863c9213fd2a6a2b2fbfbc0fe7f821a609fe5776c8a240ffe6f0f,2024-06-13T08:45:06.875000,received,kaspa:qppr7q4mykgfw4s37lh4z7pqa6x5a5aya9g0ku4dvyk4rttf2smrxk4680npn,86861984286,
17507c26ca6aaa9ea9e476ca52bd96a4fd77fd13a164082e5197cd3ffd3c28cf,2024-06-12T08:57:44.429000,received,kaspa:qrmyvjydj57k980g9a8457j8ls2vxznzapxdxpezs3908pq9drt5qu8xhyqah,238032156941,
17507c26ca6aaa9ea9e476ca52bd96a4fd77fd13a164082e5197cd3ffd3c28cf,2024-06-12T08:57:44.429000,received,kaspa:qpwsw4zrxr7z0y2eleetcpa4scdcszuqxvv384tmu6uuqpeyksnr68degppm4,238032156941,
17507c26ca6aaa9ea9e476ca52bd96a4fd77fd13a164082e5197cd3ffd3c28cf,2024-06-12T08:57:44.429000,received,kaspa:qp322z540nfqw9rxyyrszuawv9qsadd79rh0wpte9swdfztqkw83zcx6y6eny,238032156941,
bf97b8f8ad5dc873dae347128542f88f5c66070905230e659403e3de128b5539,2024-06-05T11:09:14.903000,received,kaspa:qrmyvjydj57k980g9a8457j8ls2vxznzapxdxpezs3908pq9drt5qu8xhyqah,320000000000,
744f5901d642925de5504fe54ee8bb6c2ca8040b504f4045dc6e30f51154ba28,2024-06-03T10:02:03.753000,received,kaspa:qqetp7ct8kqss99fxmymyz5t3fezppxp0t58wl6pawp27elqd46uudme00cl0,506119000000,
744f5901d642925de5504fe54ee8bb6c2ca8040b504f4045dc6e30f51154ba28,2024-06-03T10:02:03.753000,received,kaspa:qpzpfwcsqsxhxwup26r55fd0ghqlhyugz8cp6y3wxuddc02vcxtjg75pspnwz,506119000000,MEXC
b908bc1092455540a670328ce606948470f93aee7916268e665c0afb51600de3,2024-06-03T01:35:40.753000,received,kaspa:qppr7q4mykgfw4s37lh4z7pqa6x5a5aya9g0ku4dvyk4rttf2smrxk4680npn,108881086649,
b908bc1092455540a670328ce606948470f93aee7916268e665c0afb51600de3,2024-06-03T01:35:40.753000,received,kaspa:qppr7q4mykgfw4s37lh4z7pqa6x5a5aya9g0ku4dvyk4rttf2smrxk4680npn,108881086649,
81b216bd181b1d30c67e20917598116e55d674883099ced596a1e5ea677024e4,2024-06-02T19:15:03.445000,received,kaspa:qqetp7ct8kqss99fxmymyz5t3fezppxp0t58wl6pawp27elqd46uudme00cl0,226369000000,
81b216bd181b1d30c67e20917598116e55d674883099ced596a1e5ea677024e4,2024-06-02T19:15:03.445000,received,kaspa:qqetp7ct8kqss99fxmymyz5t3fezppxp0t58wl6pawp27elqd46uudme00cl0,226369000000,
5f38c1925daa26ec9527bb6d26c5bc322eda3bd254f13f11f0564a5ba3a3c50c,2024-06-02T18:42:34.699000,received,kaspa:qppr7q4mykgfw4s37lh4z7pqa6x5a5aya9g0ku4dvyk4rttf2smrxk4680npn,56621083671,
fd189fac6aa977adc1a6bbf71af02cf9107367c8715ae8b49849a1843dd68f9b,2024-05-29T12:05:02.176000,received,kaspa:qqetp7ct8kqss99fxmymyz5t3fezppxp0t58wl6pawp27elqd46uudme00cl0,37643202635,
fd189fac6aa977adc1a6bbf71af02cf9107367c8715ae8b49849a1843dd68f9b,2024-05-29T12:05:02.176000,received,kaspa:qpzpfwcsqsxhxwup26r55fd0ghqlhyugz8cp6y3wxuddc02vcxtjg75pspnwz,37643202635,MEXC
9391afda59c84da6af86ae3b65c24c79b34d7805ebe52d88d40c72595545568b,2024-05-21T11:34:04.101000,received,kaspa:qpzpfwcsqsxhxwup26r55fd0ghqlhyugz8cp6y3wxuddc02vcxtjg75pspnwz,201096000000,MEXC
9391afda59c84da6af86ae3b65c24c79b34d7805ebe52d88d40c72595545568b,2024-05-21T11:34:04.101000,received,kaspa:qpzpfwcsqsxhxwup26r55fd0ghqlhyugz8cp6y3wxuddc02vcxtjg75pspnwz,201096000000,MEXC
e99912128ec3f196b780bb0b3267c46722f231d57b0823c455120adb93bb9312,2024-05-21T05:42:02.067000,received,kaspa:qqetp7ct8kqss99fxmymyz5t3fezppxp0t58wl6pawp27elqd46uudme00cl0,129000000000,
e99912128ec3f196b780bb0b3267c46722f231d57b0823c455120adb93bb9312,2024-05-21T05:42:02.067000,received,kaspa:qpzpfwcsqsxhxwup26r55fd0ghqlhyugz8cp6y3wxuddc02vcxtjg75pspnwz,129000000000,MEXC
c20aca8c5a06b8d3eac2712e69673f8481ac649c1385e01dd6fc784e9aa7ac94,2024-05-19T06:42:29.675000,received,kaspa:qqdxj0vmeqp922mduxxflg8lweyh3kn7fgaapfgwfqnfa6ekd0sp2xhvhgfdw,30000000000,
76ca068946f2241ba86d3b10836cc8376a29079639384bd12da4ffc93c7e7583,2024-05-18T06:14:34.648000,sent,kaspa:qqdsdqqwvwkzxr3hx8m6fd8802lzrsl73s9797al74ew5kp9d3crw7w4un99f,2358974276956,
76ca068946f2241ba86d3b10836cc8376a29079639384bd12da4ffc93c7e7583,2024-05-18T06:14:34.648000,sent,kaspa:qqdsdqqwvwkzxr3hx8m6fd8802lzrsl73s9797al74ew5kp9d3crw7w4un99f,2358974276956,
76ca068946f2241ba86d3b10836cc8376a29079639384bd12da4ffc93c7e7583,2024-05-18T06:14:34.648000,sent,kaspa:qqdsdqqwvwkzxr3hx8m6fd8802lzrsl73s9797al74ew5kp9d3crw7w4un99f,2358974276956,
76ca068946f2241ba86d3b10836cc8376a29079639384bd12da4ffc93c7e7583,2024-05-18T06:14:34.648000,sent,kaspa:qqdsdqqwvwkzxr3hx8m6fd8802lzrsl73s9797al74ew5kp9d3crw7w4un99f,2358974276956,
76ca068946f2241ba86d3b10836cc8376a29079639384bd12da4ffc93c7e7583,2024-05-18T06:14:34.648000,sent,kaspa:qqdsdqqwvwkzxr3hx8m6fd8802lzrsl73s9797al74ew5kp9d3crw7w4un99f,2358974276956,
76ca068946f2241ba86d3b10836cc8376a29079639384bd12da4ffc93c7e7583,2024-05-18T06:14:34.648000,sent,kaspa:qqdsdqqwvwkzxr3hx8m6fd8802lzrsl73s9797al74ew5kp9d3crw7w4un99f,2358974276956,
76ca068946f2241ba86d3b10836cc8376a29079639384bd12da4ffc93c7e7583,2024-05-18T06:14:34.648000,sent,kaspa:qqdsdqqwvwkzxr3hx8m6fd8802lzrsl73s9797al74ew5kp9d3crw7w4un99f,2358974276956,
76ca068946f2241ba86d3b10836cc8376a29079639384bd12da4ffc93c7e7583,2024-05-18T06:14:34.648000,sent,kaspa:qqdsdqqwvwkzxr3hx8m6fd8802lzrsl73s9797al74ew5kp9d3crw7w4un99f,2358974276956,
76ca068946f2241ba86d3b10836cc8376a29079639384bd12da4ffc93c7e7583,2024-05-18T06:14:34.648000,sent,kaspa:qqdsdqqwvwkzxr3hx8m6fd8802lzrsl73s9797al74ew5kp9d3crw7w4un99f,2358974276956,
76ca068946f2241ba86d3b10836cc8376a29079639384bd12da4ffc93c7e7583,2024-05-18T06:14:34.648000,sent,kaspa:qqdsdqqwvwkzxr3hx8m6fd8802lzrsl73s9797al74ew5kp9d3crw7w4un99f,2358974276956,
b047689a964368790a4548bb37843ec0e4c95d08a5877f2b6393f25a3af09952,2024-05-10T03:30:33.082000,received,kaspa:qpyunkt4ywqp0ha5lgzgmwgc697dr93xe6tcrgva2mnp4f2v4n6lwyu5mn2wx,158900000000,
b047689a964368790a4548bb37843ec0e4c95d08a5877f2b6393f25a3af09952,2024-05-10T03:30:33.082000,received,kaspa:qqqwxedvkrf9h4k48ng5egth2h6zurek4u8q02xjxdz063ls46xn7sg2rftdr,158900000000,
0eaf2812d1cc1eee0ad70e27c52937bbc87fe12bce484de285164bc6e50bfaca,2024-05-06T09:06:08.419000,received,kaspa:qr5u5cq629kmm3msm04ds023ns306pc4zljfvp5k644gys0exz3gx2ggvf9s4,200000000000,
b524c54875f9a06d3b684b46c042142540475c698093b3ac4d550c6eebe7d1d5,2024-05-05T14:42:20.150000,sent,kaspa:qqdsdqqwvwkzxr3hx8m6fd8802lzrsl73s9797al74ew5kp9d3crw7w4un99f,997799996835,
b524c54875f9a06d3b684b46c042142540475c698093b3ac4d550c6eebe7d1d5,2024-05-05T14:42:20.150000,sent,kaspa:qqdsdqqwvwkzxr3hx8m6fd8802lzrsl73s9797al74ew5kp9d3crw7w4un99f,997799996835,
d6e7ca5a686a46127e524b5e5a512b1edaa276a747d0f1045b9367393aae03be,2024-05-04T07:33:33.811000,received,kaspa:qppr7q4mykgfw4s37lh4z7pqa6x5a5aya9g0ku4dvyk4rttf2smrxk4680npn,491715947312,
a82a9e0851dcc10f87a91080d3c95a3c5b598676b931f333285e7824b07cce2c,2024-05-03T09:54:56.429000,sent,kaspa:qqdsdqqwvwkzxr3hx8m6fd8802lzrsl73s9797al74ew5kp9d3crw7w4un99f,699999996835,
a82a9e0851dcc10f87a91080d3c95a3c5b598676b931f333285e7824b07cce2c,2024-05-03T09:54:56.429000,sent,kaspa:qqdsdqqwvwkzxr3hx8m6fd8802lzrsl73s9797al74ew5kp9d3crw7w4un99f,699999996835,
2cc112e42c418c47073935d32b2e19a7db9fb6a950d46be224ec5d96bbc54ed5,2024-05-01T12:50:04.195000,received,kaspa:qqetp7ct8kqss99fxmymyz5t3fezppxp0t58wl6pawp27elqd46uudme00cl0,899000164998,
2cc112e42c418c47073935d32b2e19a7db9fb6a950d46be224ec5d96bbc54ed5,2024-05-01T12:50:04.195000,received,kaspa:qpzpfwcsqsxhxwup26r55fd0ghqlhyugz8cp6y3wxuddc02vcxtjg75pspnwz,899000164998,MEXC
9e9ec3b12a9f9d30dc0c91a3866d9ddb63860a60c9755ae6ceaec1d228be0fb6,2024-05-01T12:08:24.617000,received,kaspa:qppr7q4mykgfw4s37lh4z7pqa6x5a5aya9g0ku4dvyk4rttf2smrxk4680npn,279948829085,
9e9ec3b12a9f9d30dc0c91a3866d9ddb63860a60c9755ae6ceaec1d228be0fb6,2024-05-01T12:08:24.617000,received,kaspa:qppr7q4mykgfw4s37lh4z7pqa6x5a5aya9g0ku4dvyk4rttf2smrxk4680npn,279948829085,
afff84d7e0b026a6f2753fb3b5412a90cb904485576ff3a37df875703c6b678f,2024-05-01T07:35:37.343000,sent,kaspa:qp56gcda0egwl0s32seame7smtsntcm6q45fttwt3u5xvvrajxgxqhr0upc00,999999996835,
afff84d7e0b026a6f2753fb3b5412a90cb904485576ff3a37df875703c6b678f,2024-05-01T07:35:37.343000,sent,kaspa:qp56gcda0egwl0s32seame7smtsntcm6q45fttwt3u5xvvrajxgxqhr0upc00,999999996835,
5cfec35862e20c789f3b0a18e66efb99629255141ec935201223e887068561cf,2024-04-30T09:09:23.155000,sent,kaspa:qp56gcda0egwl0s32seame7smtsntcm6q45fttwt3u5xvvrajxgxqhr0upc00,1349999996835,
5cfec35862e20c789f3b0a18e66efb99629255141ec935201223e887068561cf,2024-04-30T09:09:23.155000,sent,kaspa:qp56gcda0egwl0s32seame7smtsntcm6q45fttwt3u5xvvrajxgxqhr0upc00,1349999996835,
6bdda2b058725bd1646a193dcd0d979bd220e3d24eec300cce05005a90a3a4e4,2024-04-20T13:26:53.446000,received,kaspa:qz5j6yercr6sn67c22f24wg7adqqlcwcad7tkfga9qkn5dwzvkdvy7mq9wyr2,139000000000,
feb5a1b275b7312ec600172ebf33bedf327e4747bc36d7b699e09dc2821a70af,2024-04-11T09:02:06.819000,received,kaspa:qpzpfwcsqsxhxwup26r55fd0ghqlhyugz8cp6y3wxuddc02vcxtjg75pspnwz,51290000000,MEXC
feb5a1b275b7312ec600172ebf33bedf327e4747bc36d7b699e09dc2821a70af,2024-04-11T09:02:06.819000,received,kaspa:qpzpfwcsqsxhxwup26r55fd0ghqlhyugz8cp6y3wxuddc02vcxtjg75pspnwz,51290000000,MEXC
cbc9aa591debd9fff24d3b1c2efc0641271425ea9fd1cdf774c3afd1c543a2b9,2024-04-08T11:11:18.528000,received,kaspa:qrz5pw4scucvnqppj2p55hpssterrvqnws0edc42y9r4hvj23p0ajt6tlzw2u,10000000000,
a432e33a5ea4a8e3c073e2fb92c17afdb93f79b4dd99eaeccc579023e2402e3c,2024-04-05T13:33:56.873000,received,kaspa:qzpprscdaqqqju8edh57sy5n5gg0wle890vxqwsdwjvydn24rlg7uk4sqcqjc,99900000000,
3b3d0a80ec9a25b4dd7ef8db2a0945f54f95316cdc4344a2fff19d0b93e64da4,2024-04-02T08:14:29.353000,sent,kaspa:qp56gcda0egwl0s32seame7smtsntcm6q45fttwt3u5xvvrajxgxqhr0upc00,599999996835,
3b3d0a80ec9a25b4dd7ef8db2a0945f54f95316cdc4344a2fff19d0b93e64da4,2024-04-02T08:14:29.353000,sent,kaspa:qp56gcda0egwl0s32seame7smtsntcm6q45fttwt3u5xvvrajxgxqhr0upc00,599999996835,
4de0d537234317cc64008936ff77e0524472e9cef02a6b07f500105dc6ecbfac,2024-03-21T09:11:04.788000,received,kaspa:qpzpfwcsqsxhxwup26r55fd0ghqlhyugz8cp6y3wxuddc02vcxtjg75pspnwz,1953858000000,MEXC
4de0d537234317cc64008936ff77e0524472e9cef02a6b07f500105dc6ecbfac,2024-03-21T09:11:04.788000,received,kaspa:qpzpfwcsqsxhxwup26r55fd0ghqlhyugz8cp6y3wxuddc02vcxtjg75pspnwz,1953858000000,MEXC
a0332f2d5270571e8cab18db2b15e48e8517cb4648c2d17fd47864cfddf43c3e,2024-03-19T12:30:02.201000,received,kaspa:qqetp7ct8kqss99fxmymyz5t3fezppxp0t58wl6pawp27elqd46uudme00cl0,1522734000000,
a0332f2d5270571e8cab18db2b15e48e8517cb4648c2d17fd47864cfddf43c3e,2024-03-19T12:30:02.201000,received,kaspa:qpzpfwcsqsxhxwup26r55fd0ghqlhyugz8cp6y3wxuddc02vcxtjg75pspnwz,1522734000000,MEXC
5b40ad9769f65d64b1dae114354470c0aec83459d1d7e2f5a2b9b37b2f20b324,2024-03-19T10:26:51.262000,sent,kaspa:qpcqmt25av905a9w2ffw3ngxpjcn5gef75sj9720uap938k6r3sh6crq4prpp,1000099996835,
5b40ad9769f65d64b1dae114354470c0aec83459d1d7e2f5a2b9b37b2f20b324,2024-03-19T10:26:51.262000,sent,kaspa:qpcqmt25av905a9w2ffw3ngxpjcn5gef75sj9720uap938k6r3sh6crq4prpp,1000099996835,
358a095811b0519b0a82078e235901953dc97bed582a09417b8fcaa7c9030a86,2024-03-17T18:00:13.826000,sent,kaspa:qp56gcda0egwl0s32seame7smtsntcm6q45fttwt3u5xvvrajxgxqhr0upc00,1799999996835,
358a095811b0519b0a82078e235901953dc97bed582a09417b8fcaa7c9030a86,2024-03-17T18:00:13.826000,sent,kaspa:qp56gcda0egwl0s32seame7smtsntcm6q45fttwt3u5xvvrajxgxqhr0upc00,1799999996835,
0484a8f4e4cecfc378de95793396858b64313cc3d8ddc798d4bdb15d66a8a797,2024-03-07T15:34:07.456000,sent,kaspa:qp56gcda0egwl0s32seame7smtsntcm6q45fttwt3u5xvvrajxgxqhr0upc00,500000000000,
0484a8f4e4cecfc378de95793396858b64313cc3d8ddc798d4bdb15d66a8a797,2024-03-07T15:34:07.456000,sent,kaspa:qp56gcda0egwl0s32seame7smtsntcm6q45fttwt3u5xvvrajxgxqhr0upc00,500000000000,
6d0d4e68567cb0c75a446321bfb4ace6f7f83ba2b1f135288a28587d84334ea5,2024-03-01T11:44:40.565000,sent,kaspa:qp56gcda0egwl0s32seame7smtsntcm6q45fttwt3u5xvvrajxgxqhr0upc00,189999996835,
6d0d4e68567cb0c75a446321bfb4ace6f7f83ba2b1f135288a28587d84334ea5,2024-03-01T11:44:40.565000,sent,kaspa:qp56gcda0egwl0s32seame7smtsntcm6q45fttwt3u5xvvrajxgxqhr0upc00,189999996835,
291eedecb5ec83a54daf116f970f47a2d3378c39226395d03662ad23e484324e,2024-02-28T11:56:05.704000,received,kaspa:qqetp7ct8kqss99fxmymyz5t3fezppxp0t58wl6pawp27elqd46uudme00cl0,189560000000,
291eedecb5ec83a54daf116f970f47a2d3378c39226395d03662ad23e484324e,2024-02-28T11:56:05.704000,received,kaspa:qpzpfwcsqsxhxwup26r55fd0ghqlhyugz8cp6y3wxuddc02vcxtjg75pspnwz,189560000000,MEXC
279c9c40a044da8db46add732f0f6d1ce40c265f4e65874628f34e33edb23a5c,2024-02-25T14:32:50.612000,received,kaspa:qpwk672lnygfa9su7jnerkzyzn2p5eeyz0m6z0sheu42d2nq8rh86dpqhgezk,3500000000000,
79ef820ffa12cafc13a9ef03606ec40edf268100efc3bf64d637d1f3c733765e,2024-02-22T17:41:34.984000,sent,kaspa:qp56gcda0egwl0s32seame7smtsntcm6q45fttwt3u5xvvrajxgxqhr0upc00,420000000000,
79ef820ffa12cafc13a9ef03606ec40edf268100efc3bf64d637d1f3c733765e,2024-02-22T17:41:34.984000,sent,kaspa:qp56gcda0egwl0s32seame7smtsntcm6q45fttwt3u5xvvrajxgxqhr0upc00,420000000000,
813c75820e3f5558da1602faacbb762b7220b0ea4d7acf8b8fba11f1b1033417,2024-02-17T06:59:02.768000,received,kaspa:qqetp7ct8kqss99fxmymyz5t3fezppxp0t58wl6pawp27elqd46uudme00cl0,400148000000,
813c75820e3f5558da1602faacbb762b7220b0ea4d7acf8b8fba11f1b1033417,2024-02-17T06:59:02.768000,received,kaspa:qpzpfwcsqsxhxwup26r55fd0ghqlhyugz8cp6y3wxuddc02vcxtjg75pspnwz,400148000000,MEXC
ac79e16174fc2540dc7c9e90e472be790a3b75760379d43b606253ecfa8b4fd3,2024-02-17T03:37:25.154000,received,kaspa:qzwqpgrvljcvf7avwsdl6fa5a9zlvpepqexvaedtpwv2g6u7c48q2m6lwl3zw,600000000000,
5704b2550f1ef0b6909221eeeb62783209bbe16bd688c1309f3d8b553d084d28,2024-02-10T12:03:32.537000,sent,kaspa:qp56gcda0egwl0s32seame7smtsntcm6q45fttwt3u5xvvrajxgxqhr0upc00,1199999996835,
5704b2550f1ef0b6909221eeeb62783209bbe16bd688c1309f3d8b553d084d28,2024-02-10T12:03:32.537000,sent,kaspa:qp56gcda0egwl0s32seame7smtsntcm6q45fttwt3u5xvvrajxgxqhr0upc00,1199999996835,
cd11fcc9aba2ebc142bea9e52fa60f3804335e6a01caab219b693b6dd5e564a5,2024-02-10T09:37:02.191000,received,kaspa:qqetp7ct8kqss99fxmymyz5t3fezppxp0t58wl6pawp27elqd46uudme00cl0,1099846000000,
cd11fcc9aba2ebc142bea9e52fa60f3804335e6a01caab219b693b6dd5e564a5,2024-02-10T09:37:02.191000,received,kaspa:qqetp7ct8kqss99fxmymyz5t3fezppxp0t58wl6pawp27elqd46uudme00cl0,1099846000000,
b2d0e31d0438d7b56837163d821e015eb6f23648cf3f12dc938b730cdc69368d,2024-02-09T21:48:13.892000,sent,kaspa:qp56gcda0egwl0s32seame7smtsntcm6q45fttwt3u5xvvrajxgxqhr0upc00,759999996835,
b2d0e31d0438d7b56837163d821e015eb6f23648cf3f12dc938b730cdc69368d,2024-02-09T21:48:13.892000,sent,kaspa:qp56gcda0egwl0s32seame7smtsntcm6q45fttwt3u5xvvrajxgxqhr0upc00,759999996835,
80319a631c6fc3a10b8e7aee4b1d35b02bc71e628d8eecd1e8ba68901086fac4,2024-02-09T11:37:50.666000,sent,kaspa:qp56gcda0egwl0s32seame7smtsntcm6q45fttwt3u5xvvrajxgxqhr0upc00,380199996835,
80319a631c6fc3a10b8e7aee4b1d35b02bc71e628d8eecd1e8ba68901086fac4,2024-02-09T11:37:50.666000,sent,kaspa:qp56gcda0egwl0s32seame7smtsntcm6q45fttwt3u5xvvrajxgxqhr0upc00,380199996835,
adf8b287e43751690be0f8d2e3da3267758cd5ad9a94337a4c1887606c578a1d,2024-02-09T11:16:08.790000,received,kaspa:qpzpfwcsqsxhxwup26r55fd0ghqlhyugz8cp6y3wxuddc02vcxtjg75pspnwz,1265359000000,MEXC
adf8b287e43751690be0f8d2e3da3267758cd5ad9a94337a4c1887606c578a1d,2024-02-09T11:16:08.790000,received,kaspa:qpzpfwcsqsxhxwup26r55fd0ghqlhyugz8cp6y3wxuddc02vcxtjg75pspnwz,1265359000000,MEXC
d6ecc10a7b8622fdc0469f6d2bf1fa8f9e7e310bd6c956f7a55b0f37b0b6cf24,2024-02-08T11:50:51.787000,received,kaspa:qznvtcjl2vnvxanp75mk2gwj4kvmd3q8hllu8y99jm5px4zt7v8g5qf05f366,67000000000,
d6ecc10a7b8622fdc0469f6d2bf1fa8f9e7e310bd6c956f7a55b0f37b0b6cf24,2024-02-08T11:50:51.787000,received,kaspa:qznvtcjl2vnvxanp75mk2gwj4kvmd3q8hllu8y99jm5px4zt7v8g5qf05f366,67000000000,
8ecfa88d71793e82dbf7389687df0f81b5e68ccb2996bd4f147989cd0891b483,2024-02-08T10:03:02.519000,received,kaspa:qqetp7ct8kqss99fxmymyz5t3fezppxp0t58wl6pawp27elqd46uudme00cl0,146097000000,
8ecfa88d71793e82dbf7389687df0f81b5e68ccb2996bd4f147989cd0891b483,2024-02-08T10:03:02.519000,received,kaspa:qpzpfwcsqsxhxwup26r55fd0ghqlhyugz8cp6y3wxuddc02vcxtjg75pspnwz,146097000000,MEXC
5d83a2913c1c6dbbb38b05a16e486e81a3f7622ef31b4a2e0c7b3aea3cd2ab38,2024-02-08T09:46:54.507000,received,kaspa:qznvtcjl2vnvxanp75mk2gwj4kvmd3q8hllu8y99jm5px4zt7v8g5qf05f366,74200000000,
e533ae7753d778796045782e8cbd9ea78ce0c720a154a45f632f40799b15af81,2024-02-04T10:41:10.124000,received,kaspa:qrvum29vk365g0zcd5gx3c7h829etfq2ytdmscjzw4zw04fjfnprcg9c3tges,78467354000,
e3f13f3ad0987cc62b95122489a107c67d00e31685a285f5147ef24f60b0f4b5,2024-02-03T15:17:30.139000,received,kaspa:qzfkepcekx3n4hvhwcv57uy6ys5wnzxefpx66496jhz6t66v7asas2nz96570,30000000000,
dd19be8a8bae57830687ba6572d95723243b036546df8abaf12025865f9ba1a2,2024-02-03T14:32:23.684000,sent,kaspa:qqdsdqqwvwkzxr3hx8m6fd8802lzrsl73s9797al74ew5kp9d3crw7w4un99f,49997953,
8f55ba8ae648807f257cad24418140d51a5519a418e6d0b50a90366b6b103e83,2024-02-03T14:17:19.936000,received,kaspa:qr4aptp47mcxxh7gk00dntfxpzq495ejml83qmsp4l7q567t670p57d5u3syj,100000000,
