tx_id,timestamp,direction,peer_address,amount_sompi,cex_label
55a9c231bb7a919cf8313df4606258d80ed8e417f5190f6e1c2901b8dca1ca53,2024-08-05T07:45:01.271000,sent,kaspa:qqnqv3rvnctfyrjteurqm0gmqfu7yjg3949yxpyxxfa4rgm9nt2zxauwq8xvs,3000000000000,
55a9c231bb7a919cf8313df4606258d80ed8e417f5190f6e1c2901b8dca1ca53,2024-08-05T07:45:01.271000,sent,kaspa:qqn54v36pfhttdf2vszfst6wmaza8srgsv9huae0fau9w2qn654gstf99n5y7,1014664564765,
9a703b7b525439e51385f16b9a3e12c53fc5ae66088411dadc5e970d9defc174,2024-08-05T06:43:29.955000,received,kaspa:qq9s49s2s07lh3ms9qumr65d7vtw48lvp6adqpq7jlav7ypgq7xsyssn3uycz,4014664566834,
9a703b7b525439e51385f16b9a3e12c53fc5ae66088411dadc5e970d9defc174,2024-08-05T06:43:29.955000,received,kaspa:qqmdrrlznz7cgax9jvefm4g4fwtsnnz8r96574qduyjakmyd5rtgc3a4rx0qr,4014664566834,
