tx_id,timestamp,direction,peer_address,amount_sompi,cex_label
f304e1fc42b6e71f9b4264d17d4ac2e2920d8e89f6b9c5a825eea9ae56a11427,2023-12-16T04:03:53.233000,sent,kaspa:qzslgwenzu78t6tldlng383g7ruu4enaljmnkgaulyrscjp7ldt26x8gfxck5,171940000,
f304e1fc42b6e71f9b4264d17d4ac2e2920d8e89f6b9c5a825eea9ae56a11427,2023-12-16T04:03:53.233000,sent,kaspa:qzslgwenzu78t6tldlng383g7ruu4enaljmnkgaulyrscjp7ldt26x8gfxck5,171940000,
bc569841792814d4b2dfefd7c89fa1152bfd658e47dc2302b2f757459aceb428,2023-12-12T04:41:25.512000,received,kaspa:qypswxtcrv4ssyjaswy5w9387vq73mkuyq85tl34cee6qn5uexqy0csgnafnjx7,171000000,
5a8832d04a8307090d02390e4f4903655306c979de01ae0245f3339a4c582b37,2023-11-28T04:24:02.825000,sent,kaspa:qypnn0v8dpz2vhv9wyfzar53ncckdxhnhp7nn00rhwgmmv2sfxsqcqqs433xx8m,18000000,
2fa60dd3f9afa695684ffba35086f5decbb440db60407d8c2e46a485883cd16d,2023-11-27T20:14:14.459000,received,kaspa:qpt5gdymkxn3et43vpm4scm2a8jjjhtrnevyly2m4hp66kndxr5x6u8yqjzk2,19000000,
