tx_id,timestamp,direction,peer_address,amount_sompi,cex_label
a24c6d70987a62728924c73150e0b0a5793f66749e520200bc3599d6922e73b9,2023-12-22T08:48:26.109000,sent,kaspa:qypzr3u2c38xvh00j9qj9r8ahh4tw59xav0yu567nz6txl6va62p7acd7ryhek9,729109905,
d71d17d39b60404e2bfb648e85eda96e15770e8493bad23977d2765808c3ba91,2023-12-22T08:46:59.675000,received,kaspa:qqwvnkp47wsj6n4hkdlgj8dsauyx0xvefunnwvvsmpq2udd0ka8ckmpuqw3k5,729209905,
d71d17d39b60404e2bfb648e85eda96e15770e8493bad23977d2765808c3ba91,2023-12-22T08:46:59.675000,received,kaspa:qqwvnkp47wsj6n4hkdlgj8dsauyx0xvefunnwvvsmpq2udd0ka8ckmpuqw3k5,729209905,
d71d17d39b60404e2bfb648e85eda96e15770e8493bad23977d2765808c3ba91,2023-12-22T08:46:59.675000,received,kaspa:qqwvnkp47wsj6n4hkdlgj8dsauyx0xvefunnwvvsmpq2udd0ka8ckmpuqw3k5,729209905,
d71d17d39b60404e2bfb648e85eda96e15770e8493bad23977d2765808c3ba91,2023-12-22T08:46:59.675000,received,kaspa:qqwvnkp47wsj6n4hkdlgj8dsauyx0xvefunnwvvsmpq2udd0ka8ckmpuqw3k5,729209905,
d71d17d39b60404e2bfb648e85eda96e15770e8493bad23977d2765808c3ba91,2023-12-22T08:46:59.675000,received,kaspa:qqwvnkp47wsj6n4hkdlgj8dsauyx0xvefunnwvvsmpq2udd0ka8ckmpuqw3k5,729209905,
d71d17d39b60404e2bfb648e85eda96e15770e8493bad23977d2765808c3ba91,2023-12-22T08:46:59.675000,received,kaspa:qqwvnkp47wsj6n4hkdlgj8dsauyx0xvefunnwvvsmpq2udd0ka8ckmpuqw3k5,729209905,
94a64e1ae6ea8936e215e7262222bdd241a574413846be5619e69b879334a075,2023-12-16T19:43:25.202000,sent,kaspa:qqwvnkp47wsj6n4hkdlgj8dsauyx0xvefunnwvvsmpq2udd0ka8ckmpuqw3k5,71861137,
1b3ff32887f07339d9d5249e5b4cbc9488d3ec34d0b607732bee6c30df0fa91e,2023-12-16T19:17:54.494000,sent,kaspa:qypzr3u2c38xvh00j9qj9r8ahh4tw59xav0yu567nz6txl6va62p7acd7ryhek9,56700000000,
1b3ff32887f07339d9d5249e5b4cbc9488d3ec34d0b607732bee6c30df0fa91e,2023-12-16T19:17:54.494000,sent,kaspa:qypzr3u2c38xvh00j9qj9r8ahh4tw59xav0yu567nz6txl6va62p7acd7ryhek9,56700000000,
1b3ff32887f07339d9d5249e5b4cbc9488d3ec34d0b607732bee6c30df0fa91e,2023-12-16T19:17:54.494000,sent,kaspa:qypzr3u2c38xvh00j9qj9r8ahh4tw59xav0yu567nz6txl6va62p7acd7ryhek9,56700000000,
1b3ff32887f07339d9d5249e5b4cbc9488d3ec34d0b607732bee6c30df0fa91e,2023-12-16T19:17:54.494000,sent,kaspa:qypzr3u2c38xvh00j9qj9r8ahh4tw59xav0yu567nz6txl6va62p7acd7ryhek9,56700000000,
1b3ff32887f07339d9d5249e5b4cbc9488d3ec34d0b607732bee6c30df0fa91e,2023-12-16T19:17:54.494000,sent,kaspa:qypzr3u2c38xvh00j9qj9r8ahh4tw59xav0yu567nz6txl6va62p7acd7ryhek9,56700000000,
1b3ff32887f07339d9d5249e5b4cbc9488d3ec34d0b607732bee6c30df0fa91e,2023-12-16T19:17:54.494000,sent,kaspa:qypzr3u2c38xvh00j9qj9r8ahh4tw59xav0yu567nz6txl6va62p7acd7ryhek9,56700000000,
93198a3c28e42814f9c8d9bb9d68ab1f44aa777278307a7252d359e71c296b64,2023-12-16T19:16:22.513000,sent,kaspa:qypzr3u2c38xvh00j9qj9r8ahh4tw59xav0yu567nz6txl6va62p7acd7ryhek9,500000000000,
93198a3c28e42814f9c8d9bb9d68ab1f44aa777278307a7252d359e71c296b64,2023-12-16T19:16:22.513000,sent,kaspa:qypzr3u2c38xvh00j9qj9r8ahh4tw59xav0yu567nz6txl6va62p7acd7ryhek9,500000000000,
93198a3c28e42814f9c8d9bb9d68ab1f44aa777278307a7252d359e71c296b64,2023-12-16T19:16:22.513000,sent,kaspa:qypzr3u2c38xvh00j9qj9r8ahh4tw59xav0yu567nz6txl6va62p7acd7ryhek9,500000000000,
93198a3c28e42814f9c8d9bb9d68ab1f44aa777278307a7252d359e71c296b64,2023-12-16T19:16:22.513000,sent,kaspa:qypzr3u2c38xvh00j9qj9r8ahh4tw59xav0yu567nz6txl6va62p7acd7ryhek9,500000000000,
93198a3c28e42814f9c8d9bb9d68ab1f44aa777278307a7252d359e71c296b64,2023-12-16T19:16:22.513000,sent,kaspa:qypzr3u2c38xvh00j9qj9r8ahh4tw59xav0yu567nz6txl6va62p7acd7ryhek9,500000000000,
93198a3c28e42814f9c8d9bb9d68ab1f44aa777278307a7252d359e71c296b64,2023-12-16T19:16:22.513000,sent,kaspa:qypzr3u2c38xvh00j9qj9r8ahh4tw59xav0yu567nz6txl6va62p7acd7ryhek9,500000000000,
93198a3c28e42814f9c8d9bb9d68ab1f44aa777278307a7252d359e71c296b64,2023-12-16T19:16:22.513000,sent,kaspa:qypzr3u2c38xvh00j9qj9r8ahh4tw59xav0yu567nz6txl6va62p7acd7ryhek9,500000000000,
93198a3c28e42814f9c8d9bb9d68ab1f44aa777278307a7252d359e71c296b64,2023-12-16T19:16:22.513000,sent,kaspa:qypzr3u2c38xvh00j9qj9r8ahh4tw59xav0yu567nz6txl6va62p7acd7ryhek9,500000000000,
93198a3c28e42814f9c8d9bb9d68ab1f44aa777278307a7252d359e71c296b64,2023-12-16T19:16:22.513000,sent,kaspa:qypzr3u2c38xvh00j9qj9r8ahh4tw59xav0yu567nz6txl6va62p7acd7ryhek9,500000000000,
93198a3c28e42814f9c8d9bb9d68ab1f44aa777278307a7252d359e71c296b64,2023-12-16T19:16:22.513000,sent,kaspa:qypzr3u2c38xvh00j9qj9r8ahh4tw59xav0yu567nz6txl6va62p7acd7ryhek9,500000000000,
93198a3c28e42814f9c8d9bb9d68ab1f44aa777278307a7252d359e71c296b64,2023-12-16T19:16:22.513000,sent,kaspa:qypzr3u2c38xvh00j9qj9r8ahh4tw59xav0yu567nz6txl6va62p7acd7ryhek9,500000000000,
93198a3c28e42814f9c8d9bb9d68ab1f44aa777278307a7252d359e71c296b64,2023-12-16T19:16:22.513000,sent,kaspa:qypzr3u2c38xvh00j9qj9r8ahh4tw59xav0yu567nz6txl6va62p7acd7ryhek9,500000000000,
93198a3c28e42814f9c8d9bb9d68ab1f44aa777278307a7252d359e71c296b64,2023-12-16T19:16:22.513000,sent,kaspa:qypzr3u2c38xvh00j9qj9r8ahh4tw59xav0yu567nz6txl6va62p7acd7ryhek9,500000000000,
93198a3c28e42814f9c8d9bb9d68ab1f44aa777278307a7252d359e71c296b64,2023-12-16T19:16:22.513000,sent,kaspa:qypzr3u2c38xvh00j9qj9r8ahh4tw59xav0yu567nz6txl6va62p7acd7ryhek9,500000000000,
93198a3c28e42814f9c8d9bb9d68ab1f44aa777278307a7252d359e71c296b64,2023-12-16T19:16:22.513000,sent,kaspa:qypzr3u2c38xvh00j9qj9r8ahh4tw59xav0yu567nz6txl6va62p7acd7ryhek9,500000000000,
93198a3c28e42814f9c8d9bb9d68ab1f44aa777278307a7252d359e71c296b64,2023-12-16T19:16:22.513000,sent,kaspa:qypzr3u2c38xvh00j9qj9r8ahh4tw59xav0yu567nz6txl6va62p7acd7ryhek9,500000000000,
93198a3c28e42814f9c8d9bb9d68ab1f44aa777278307a7252d359e71c296b64,2023-12-16T19:16:22.513000,sent,kaspa:qypzr3u2c38xvh00j9qj9r8ahh4tw59xav0yu567nz6txl6va62p7acd7ryhek9,500000000000,
93198a3c28e42814f9c8d9bb9d68ab1f44aa777278307a7252d359e71c296b64,2023-12-16T19:16:22.513000,sent,kaspa:qypzr3u2c38xvh00j9qj9r8ahh4tw59xav0yu567nz6txl6va62p7acd7ryhek9,500000000000,
93198a3c28e42814f9c8d9bb9d68ab1f44aa777278307a7252d359e71c296b64,2023-12-16T19:16:22.513000,sent,kaspa:qypzr3u2c38xvh00j9qj9r8ahh4tw59xav0yu567nz6txl6va62p7acd7ryhek9,500000000000,
93198a3c28e42814f9c8d9bb9d68ab1f44aa777278307a7252d359e71c296b64,2023-12-16T19:16:22.513000,sent,kaspa:qypzr3u2c38xvh00j9qj9r8ahh4tw59xav0yu567nz6txl6va62p7acd7ryhek9,500000000000,
93198a3c28e42814f9c8d9bb9d68ab1f44aa777278307a7252d359e71c296b64,2023-12-16T19:16:22.513000,sent,kaspa:qypzr3u2c38xvh00j9qj9r8ahh4tw59xav0yu567nz6txl6va62p7acd7ryhek9,500000000000,
93198a3c28e42814f9c8d9bb9d68ab1f44aa777278307a7252d359e71c296b64,2023-12-16T19:16:22.513000,sent,kaspa:qypzr3u2c38xvh00j9qj9r8ahh4tw59xav0yu567nz6txl6va62p7acd7ryhek9,500000000000,
93198a3c28e42814f9c8d9bb9d68ab1f44aa777278307a7252d359e71c296b64,2023-12-16T19:16:22.513000,sent,kaspa:qypzr3u2c38xvh00j9qj9r8ahh4tw59xav0yu567nz6txl6va62p7acd7ryhek9,500000000000,
93198a3c28e42814f9c8d9bb9d68ab1f44aa777278307a7252d359e71c296b64,2023-12-16T19:16:22.513000,sent,kaspa:qypzr3u2c38xvh00j9qj9r8ahh4tw59xav0yu567nz6txl6va62p7acd7ryhek9,500000000000,
93198a3c28e42814f9c8d9bb9d68ab1f44aa777278307a7252d359e71c296b64,2023-12-16T19:16:22.513000,sent,kaspa:qypzr3u2c38xvh00j9qj9r8ahh4tw59xav0yu567nz6txl6va62p7acd7ryhek9,500000000000,
93198a3c28e42814f9c8d9bb9d68ab1f44aa777278307a7252d359e71c296b64,2023-12-16T19:16:22.513000,sent,kaspa:qypzr3u2c38xvh00j9qj9r8ahh4tw59xav0yu567nz6txl6va62p7acd7ryhek9,500000000000,
93198a3c28e42814f9c8d9bb9d68ab1f44aa777278307a7252d359e71c296b64,2023-12-16T19:16:22.513000,sent,kaspa:qypzr3u2c38xvh00j9qj9r8ahh4tw59xav0yu567nz6txl6va62p7acd7ryhek9,500000000000,
93198a3c28e42814f9c8d9bb9d68ab1f44aa777278307a7252d359e71c296b64,2023-12-16T19:16:22.513000,sent,kaspa:qypzr3u2c38xvh00j9qj9r8ahh4tw59xav0yu567nz6txl6va62p7acd7ryhek9,500000000000,
93198a3c28e42814f9c8d9bb9d68ab1f44aa777278307a7252d359e71c296b64,2023-12-16T19:16:22.513000,sent,kaspa:qypzr3u2c38xvh00j9qj9r8ahh4tw59xav0yu567nz6txl6va62p7acd7ryhek9,500000000000,
93198a3c28e42814f9c8d9bb9d68ab1f44aa777278307a7252d359e71c296b64,2023-12-16T19:16:22.513000,sent,kaspa:qypzr3u2c38xvh00j9qj9r8ahh4tw59xav0yu567nz6txl6va62p7acd7ryhek9,500000000000,
93198a3c28e42814f9c8d9bb9d68ab1f44aa777278307a7252d359e71c296b64,2023-12-16T19:16:22.513000,sent,kaspa:qypzr3u2c38xvh00j9qj9r8ahh4tw59xav0yu567nz6txl6va62p7acd7ryhek9,500000000000,
93198a3c28e42814f9c8d9bb9d68ab1f44aa777278307a7252d359e71c296b64,2023-12-16T19:16:22.513000,sent,kaspa:qypzr3u2c38xvh00j9qj9r8ahh4tw59xav0yu567nz6txl6va62p7acd7ryhek9,500000000000,
93198a3c28e42814f9c8d9bb9d68ab1f44aa777278307a7252d359e71c296b64,2023-12-16T19:16:22.513000,sent,kaspa:qypzr3u2c38xvh00j9qj9r8ahh4tw59xav0yu567nz6txl6va62p7acd7ryhek9,500000000000,
93198a3c28e42814f9c8d9bb9d68ab1f44aa777278307a7252d359e71c296b64,2023-12-16T19:16:22.513000,sent,kaspa:qypzr3u2c38xvh00j9qj9r8ahh4tw59xav0yu567nz6txl6va62p7acd7ryhek9,500000000000,
93198a3c28e42814f9c8d9bb9d68ab1f44aa777278307a7252d359e71c296b64,2023-12-16T19:16:22.513000,sent,kaspa:qypzr3u2c38xvh00j9qj9r8ahh4tw59xav0yu567nz6txl6va62p7acd7ryhek9,500000000000,
93198a3c28e42814f9c8d9bb9d68ab1f44aa777278307a7252d359e71c296b64,2023-12-16T19:16:22.513000,sent,kaspa:qypzr3u2c38xvh00j9qj9r8ahh4tw59xav0yu567nz6txl6va62p7acd7ryhek9,500000000000,
93198a3c28e42814f9c8d9bb9d68ab1f44aa777278307a7252d359e71c296b64,2023-12-16T19:16:22.513000,sent,kaspa:qypzr3u2c38xvh00j9qj9r8ahh4tw59xav0yu567nz6txl6va62p7acd7ryhek9,500000000000,
93198a3c28e42814f9c8d9bb9d68ab1f44aa777278307a7252d359e71c296b64,2023-12-16T19:16:22.513000,sent,kaspa:qypzr3u2c38xvh00j9qj9r8ahh4tw59xav0yu567nz6txl6va62p7acd7ryhek9,500000000000,
93198a3c28e42814f9c8d9bb9d68ab1f44aa777278307a7252d359e71c296b64,2023-12-16T19:16:22.513000,sent,kaspa:qypzr3u2c38xvh00j9qj9r8ahh4tw59xav0yu567nz6txl6va62p7acd7ryhek9,500000000000,
93198a3c28e42814f9c8d9bb9d68ab1f44aa777278307a7252d359e71c296b64,2023-12-16T19:16:22.513000,sent,kaspa:qypzr3u2c38xvh00j9qj9r8ahh4tw59xav0yu567nz6txl6va62p7acd7ryhek9,500000000000,
93198a3c28e42814f9c8d9bb9d68ab1f44aa777278307a7252d359e71c296b64,2023-12-16T19:16:22.513000,sent,kaspa:qypzr3u2c38xvh00j9qj9r8ahh4tw59xav0yu567nz6txl6va62p7acd7ryhek9,500000000000,
93198a3c28e42814f9c8d9bb9d68ab1f44aa777278307a7252d359e71c296b64,2023-12-16T19:16:22.513000,sent,kaspa:qypzr3u2c38xvh00j9qj9r8ahh4tw59xav0yu567nz6txl6va62p7acd7ryhek9,500000000000,
93198a3c28e42814f9c8d9bb9d68ab1f44aa777278307a7252d359e71c296b64,2023-12-16T19:16:22.513000,sent,kaspa:qypzr3u2c38xvh00j9qj9r8ahh4tw59xav0yu567nz6txl6va62p7acd7ryhek9,500000000000,
93198a3c28e42814f9c8d9bb9d68ab1f44aa777278307a7252d359e71c296b64,2023-12-16T19:16:22.513000,sent,kaspa:qypzr3u2c38xvh00j9qj9r8ahh4tw59xav0yu567nz6txl6va62p7acd7ryhek9,500000000000,
93198a3c28e42814f9c8d9bb9d68ab1f44aa777278307a7252d359e71c296b64,2023-12-16T19:16:22.513000,sent,kaspa:qypzr3u2c38xvh00j9qj9r8ahh4tw59xav0yu567nz6txl6va62p7acd7ryhek9,500000000000,
93198a3c28e42814f9c8d9bb9d68ab1f44aa777278307a7252d359e71c296b64,2023-12-16T19:16:22.513000,sent,kaspa:qypzr3u2c38xvh00j9qj9r8ahh4tw59xav0yu567nz6txl6va62p7acd7ryhek9,500000000000,
93198a3c28e42814f9c8d9bb9d68ab1f44aa777278307a7252d359e71c296b64,2023-12-16T19:16:22.513000,sent,kaspa:qypzr3u2c38xvh00j9qj9r8ahh4tw59xav0yu567nz6txl6va62p7acd7ryhek9,500000000000,
93198a3c28e42814f9c8d9bb9d68ab1f44aa777278307a7252d359e71c296b64,2023-12-16T19:16:22.513000,sent,kaspa:qypzr3u2c38xvh00j9qj9r8ahh4tw59xav0yu567nz6txl6va62p7acd7ryhek9,500000000000,
93198a3c28e42814f9c8d9bb9d68ab1f44aa777278307a7252d359e71c296b64,2023-12-16T19:16:22.513000,sent,kaspa:qypzr3u2c38xvh00j9qj9r8ahh4tw59xav0yu567nz6txl6va62p7acd7ryhek9,500000000000,
93198a3c28e42814f9c8d9bb9d68ab1f44aa777278307a7252d359e71c296b64,2023-12-16T19:16:22.513000,sent,kaspa:qypzr3u2c38xvh00j9qj9r8ahh4tw59xav0yu567nz6txl6va62p7acd7ryhek9,500000000000,
93198a3c28e42814f9c8d9bb9d68ab1f44aa777278307a7252d359e71c296b64,2023-12-16T19:16:22.513000,sent,kaspa:qypzr3u2c38xvh00j9qj9r8ahh4tw59xav0yu567nz6txl6va62p7acd7ryhek9,500000000000,
93198a3c28e42814f9c8d9bb9d68ab1f44aa777278307a7252d359e71c296b64,2023-12-16T19:16:22.513000,sent,kaspa:qypzr3u2c38xvh00j9qj9r8ahh4tw59xav0yu567nz6txl6va62p7acd7ryhek9,500000000000,
93198a3c28e42814f9c8d9bb9d68ab1f44aa777278307a7252d359e71c296b64,2023-12-16T19:16:22.513000,sent,kaspa:qypzr3u2c38xvh00j9qj9r8ahh4tw59xav0yu567nz6txl6va62p7acd7ryhek9,500000000000,
93198a3c28e42814f9c8d9bb9d68ab1f44aa777278307a7252d359e71c296b64,2023-12-16T19:16:22.513000,sent,kaspa:qypzr3u2c38xvh00j9qj9r8ahh4tw59xav0yu567nz6txl6va62p7acd7ryhek9,500000000000,
93198a3c28e42814f9c8d9bb9d68ab1f44aa777278307a7252d359e71c296b64,2023-12-16T19:16:22.513000,sent,kaspa:qypzr3u2c38xvh00j9qj9r8ahh4tw59xav0yu567nz6txl6va62p7acd7ryhek9,500000000000,
93198a3c28e42814f9c8d9bb9d68ab1f44aa777278307a7252d359e71c296b64,2023-12-16T19:16:22.513000,sent,kaspa:qypzr3u2c38xvh00j9qj9r8ahh4tw59xav0yu567nz6txl6va62p7acd7ryhek9,500000000000,
93198a3c28e42814f9c8d9bb9d68ab1f44aa777278307a7252d359e71c296b64,2023-12-16T19:16:22.513000,sent,kaspa:qypzr3u2c38xvh00j9qj9r8ahh4tw59xav0yu567nz6txl6va62p7acd7ryhek9,500000000000,
93198a3c28e42814f9c8d9bb9d68ab1f44aa777278307a7252d359e71c296b64,2023-12-16T19:16:22.513000,sent,kaspa:qypzr3u2c38xvh00j9qj9r8ahh4tw59xav0yu567nz6txl6va62p7acd7ryhek9,500000000000,
93198a3c28e42814f9c8d9bb9d68ab1f44aa777278307a7252d359e71c296b64,2023-12-16T19:16:22.513000,sent,kaspa:qypzr3u2c38xvh00j9qj9r8ahh4tw59xav0yu567nz6txl6va62p7acd7ryhek9,500000000000,
93198a3c28e42814f9c8d9bb9d68ab1f44aa777278307a7252d359e71c296b64,2023-12-16T19:16:22.513000,sent,kaspa:qypzr3u2c38xvh00j9qj9r8ahh4tw59xav0yu567nz6txl6va62p7acd7ryhek9,500000000000,
93198a3c28e42814f9c8d9bb9d68ab1f44aa777278307a7252d359e71c296b64,2023-12-16T19:16:22.513000,sent,kaspa:qypzr3u2c38xvh00j9qj9r8ahh4tw59xav0yu567nz6txl6va62p7acd7ryhek9,500000000000,
93198a3c28e42814f9c8d9bb9d68ab1f44aa777278307a7252d359e71c296b64,2023-12-16T19:16:22.513000,sent,kaspa:qypzr3u2c38xvh00j9qj9r8ahh4tw59xav0yu567nz6txl6va62p7acd7ryhek9,500000000000,
93198a3c28e42814f9c8d9bb9d68ab1f44aa777278307a7252d359e71c296b64,2023-12-16T19:16:22.513000,sent,kaspa:qypzr3u2c38xvh00j9qj9r8ahh4tw59xav0yu567nz6txl6va62p7acd7ryhek9,500000000000,
93198a3c28e42814f9c8d9bb9d68ab1f44aa777278307a7252d359e71c296b64,2023-12-16T19:16:22.513000,sent,kaspa:qypzr3u2c38xvh00j9qj9r8ahh4tw59xav0yu567nz6txl6va62p7acd7ryhek9,500000000000,
93198a3c28e42814f9c8d9bb9d68ab1f44aa777278307a7252d359e71c296b64,2023-12-16T19:16:22.513000,sent,kaspa:qypzr3u2c38xvh00j9qj9r8ahh4tw59xav0yu567nz6txl6va62p7acd7ryhek9,500000000000,
93198a3c28e42814f9c8d9bb9d68ab1f44aa777278307a7252d359e71c296b64,2023-12-16T19:16:22.513000,sent,kaspa:qypzr3u2c38xvh00j9qj9r8ahh4tw59xav0yu567nz6txl6va62p7acd7ryhek9,500000000000,
93198a3c28e42814f9c8d9bb9d68ab1f44aa777278307a7252d359e71c296b64,2023-12-16T19:16:22.513000,sent,kaspa:qypzr3u2c38xvh00j9qj9r8ahh4tw59xav0yu567nz6txl6va62p7acd7ryhek9,500000000000,
93198a3c28e42814f9c8d9bb9d68ab1f44aa777278307a7252d359e71c296b64,2023-12-16T19:16:22.513000,sent,kaspa:qypzr3u2c38xvh00j9qj9r8ahh4tw59xav0yu567nz6txl6va62p7acd7ryhek9,500000000000,
93198a3c28e42814f9c8d9bb9d68ab1f44aa777278307a7252d359e71c296b64,2023-12-16T19:16:22.513000,sent,kaspa:qypzr3u2c38xvh00j9qj9r8ahh4tw59xav0yu567nz6txl6va62p7acd7ryhek9,500000000000,
93198a3c28e42814f9c8d9bb9d68ab1f44aa777278307a7252d359e71c296b64,2023-12-16T19:16:22.513000,sent,kaspa:qypzr3u2c38xvh00j9qj9r8ahh4tw59xav0yu567nz6txl6va62p7acd7ryhek9,500000000000,
93198a3c28e42814f9c8d9bb9d68ab1f44aa777278307a7252d359e71c296b64,2023-12-16T19:16:22.513000,sent,kaspa:qypzr3u2c38xvh00j9qj9r8ahh4tw59xav0yu567nz6txl6va62p7acd7ryhek9,500000000000,
93198a3c28e42814f9c8d9bb9d68ab1f44aa777278307a7252d359e71c296b64,2023-12-16T19:16:22.513000,sent,kaspa:qypzr3u2c38xvh00j9qj9r8ahh4tw59xav0yu567nz6txl6va62p7acd7ryhek9,500000000000,
93198a3c28e42814f9c8d9bb9d68ab1f44aa777278307a7252d359e71c296b64,2023-12-16T19:16:22.513000,sent,kaspa:qypzr3u2c38xvh00j9qj9r8ahh4tw59xav0yu567nz6txl6va62p7acd7ryhek9,500000000000,
93198a3c28e42814f9c8d9bb9d68ab1f44aa777278307a7252d359e71c296b64,2023-12-16T19:16:22.513000,sent,kaspa:qypzr3u2c38xvh00j9qj9r8ahh4tw59xav0yu567nz6txl6va62p7acd7ryhek9,500000000000,
93198a3c28e42814f9c8d9bb9d68ab1f44aa777278307a7252d359e71c296b64,2023-12-16T19:16:22.513000,sent,kaspa:qypzr3u2c38xvh00j9qj9r8ahh4tw59xav0yu567nz6txl6va62p7acd7ryhek9,500000000000,
93198a3c28e42814f9c8d9bb9d68ab1f44aa777278307a7252d359e71c296b64,2023-12-16T19:16:22.513000,sent,kaspa:qypzr3u2c38xvh00j9qj9r8ahh4tw59xav0yu567nz6txl6va62p7acd7ryhek9,500000000000,
93198a3c28e42814f9c8d9bb9d68ab1f44aa777278307a7252d359e71c296b64,2023-12-16T19:16:22.513000,sent,kaspa:qypzr3u2c38xvh00j9qj9r8ahh4tw59xav0yu567nz6txl6va62p7acd7ryhek9,500000000000,
93198a3c28e42814f9c8d9bb9d68ab1f44aa777278307a7252d359e71c296b64,2023-12-16T19:16:22.513000,sent,kaspa:qypzr3u2c38xvh00j9qj9r8ahh4tw59xav0yu567nz6txl6va62p7acd7ryhek9,500000000000,
93198a3c28e42814f9c8d9bb9d68ab1f44aa777278307a7252d359e71c296b64,2023-12-16T19:16:22.513000,sent,kaspa:qypzr3u2c38xvh00j9qj9r8ahh4tw59xav0yu567nz6txl6va62p7acd7ryhek9,500000000000,
93198a3c28e42814f9c8d9bb9d68ab1f44aa777278307a7252d359e71c296b64,2023-12-16T19:16:22.513000,sent,kaspa:qypzr3u2c38xvh00j9qj9r8ahh4tw59xav0yu567nz6txl6va62p7acd7ryhek9,500000000000,
93198a3c28e42814f9c8d9bb9d68ab1f44aa777278307a7252d359e71c296b64,2023-12-16T19:16:22.513000,sent,kaspa:qypzr3u2c38xvh00j9qj9r8ahh4tw59xav0yu567nz6txl6va62p7acd7ryhek9,500000000000,
93198a3c28e42814f9c8d9bb9d68ab1f44aa777278307a7252d359e71c296b64,2023-12-16T19:16:22.513000,sent,kaspa:qypzr3u2c38xvh00j9qj9r8ahh4tw59xav0yu567nz6txl6va62p7acd7ryhek9,500000000000,
93198a3c28e42814f9c8d9bb9d68ab1f44aa777278307a7252d359e71c296b64,2023-12-16T19:16:22.513000,sent,kaspa:qypzr3u2c38xvh00j9qj9r8ahh4tw59xav0yu567nz6txl6va62p7acd7ryhek9,500000000000,
93198a3c28e42814f9c8d9bb9d68ab1f44aa777278307a7252d359e71c296b64,2023-12-16T19:16:22.513000,sent,kaspa:qypzr3u2c38xvh00j9qj9r8ahh4tw59xav0yu567nz6txl6va62p7acd7ryhek9,500000000000,
93198a3c28e42814f9c8d9bb9d68ab1f44aa777278307a7252d359e71c296b64,2023-12-16T19:16:22.513000,sent,kaspa:qypzr3u2c38xvh00j9qj9r8ahh4tw59xav0yu567nz6txl6va62p7acd7ryhek9,500000000000,
769683c2b1dbe7944d35110df77bf0418c75fde36040d291daf71f325e5d84e8,2023-06-30T09:41:06.542000,received,kaspa:qqwvnkp47wsj6n4hkdlgj8dsauyx0xvefunnwvvsmpq2udd0ka8ckmpuqw3k5,967634533,
017886366ebcfeabb0d87d405391c5c0f11b61463fc092e6a14d20bbd8b77731,2023-04-26T01:27:02.346000,received,kaspa:qqetp7ct8kqss99fxmymyz5t3fezppxp0t58wl6pawp27elqd46uudme00cl0,92540000000,
db5c9439edcf0d73866093078bb26ccc93f08be4f7d71c966294d75e28098ec7,2023-04-02T10:28:05.777000,received,kaspa:qpzdj77wvvwx573zerr7aykanpqgurqzsmn89q2wqwpsze8ugzqt558k06jhs,98406280272,
243b9f76bdef3ab75a6cce58f339dcc021b7fe0902f22e4b50dbd9c3596064ef,2023-03-29T20:06:49.518000,received,kaspa:qp9z8a0w7jedatvpr3l0knc6l0vdlpz7sp9kcd4yqq0up9hp87q4zyzr5ave9,115287918,
3b32b3936fa2541c7e5e65eb3f1ab6b3fee3625ec4976687c9baa184879a7015,2023-03-29T14:07:52.819000,received,kaspa:qp9z8a0w7jedatvpr3l0knc6l0vdlpz7sp9kcd4yqq0up9hp87q4zyzr5ave9,101602530,
2d21e4587309538a9d6fd79b0f8765c40d82d4f5ea92b583588f248f66cdd270,2023-03-29T10:11:46.518000,received,kaspa:qp9z8a0w7jedatvpr3l0knc6l0vdlpz7sp9kcd4yqq0up9hp87q4zyzr5ave9,136423677,
6f000fca7db379578057b9f34b609d4f81f12aa1e7aa7c7f6dbd36f7d5e1abab,2023-03-29T04:12:09.439000,received,kaspa:qp9z8a0w7jedatvpr3l0knc6l0vdlpz7sp9kcd4yqq0up9hp87q4zyzr5ave9,102123467,
c9f02a8c11303c2c2c345d7660852a1aeed848f451e2f2c4d8a4d0cf6c8deefd,2023-03-29T00:14:00.580000,received,kaspa:qp9z8a0w7jedatvpr3l0knc6l0vdlpz7sp9kcd4yqq0up9hp87q4zyzr5ave9,103596083,
1d9d60c204cfdf36a0e20ada62f58ddd0c9e064aa5f7778cf13e7d4e124e4ba8,2023-03-28T20:16:42.946000,received,kaspa:qp9z8a0w7jedatvpr3l0knc6l0vdlpz7sp9kcd4yqq0up9hp87q4zyzr5ave9,120209627,
ba88106837e1dfd92e08ce8e24e7933e63b4fedcd95cc4209435be52aabb0241,2023-03-28T16:52:15.897000,received,kaspa:qp9z8a0w7jedatvpr3l0knc6l0vdlpz7sp9kcd4yqq0up9hp87q4zyzr5ave9,117577885,
bc7020e6af3fbe72c6057abafbe1ffaa7caffb85729c5a988cd2321a39aa3a61,2023-03-28T13:20:54.935000,received,kaspa:qp9z8a0w7jedatvpr3l0knc6l0vdlpz7sp9kcd4yqq0up9hp87q4zyzr5ave9,126452888,
36fad14153092d018b0c9211fbb2f00d649968c7c43656a1289110aacfd5b219,2023-03-28T09:03:17.423000,received,kaspa:qp9z8a0w7jedatvpr3l0knc6l0vdlpz7sp9kcd4yqq0up9hp87q4zyzr5ave9,256152800,
977be7f442456346071f5a74bceaf4451a5cb85a7f1e287f31329d4681a4824c,2023-03-28T04:44:03.018000,received,kaspa:qp9z8a0w7jedatvpr3l0knc6l0vdlpz7sp9kcd4yqq0up9hp87q4zyzr5ave9,106252918,
f6eaf57d85e0dc4a1957ba8509e5c5b5acc776c9ecb38ed96724922867c4fffa,2023-03-28T00:45:26.669000,received,kaspa:qp9z8a0w7jedatvpr3l0knc6l0vdlpz7sp9kcd4yqq0up9hp87q4zyzr5ave9,143953169,
92890f7c31860e4535be9264b2132b36752d18e9232b4b1e46ac076d8195cdac,2023-03-27T18:55:17.147000,received,kaspa:qp9z8a0w7jedatvpr3l0knc6l0vdlpz7sp9kcd4yqq0up9hp87q4zyzr5ave9,132865458,
5055bd1c2a6098e496422bba4293b825d6a764b360ce26bba8563eb32e97983c,2023-03-27T15:03:07.738000,received,kaspa:qp9z8a0w7jedatvpr3l0knc6l0vdlpz7sp9kcd4yqq0up9hp87q4zyzr5ave9,155699585,
7749de86e6e86a4fd01814008f036a49b54fd21cb6b9375c89dab95edd002924,2023-03-27T09:22:54.150000,received,kaspa:qp9z8a0w7jedatvpr3l0knc6l0vdlpz7sp9kcd4yqq0up9hp87q4zyzr5ave9,110587419,
c86ca285a3cdafac4bc8374d4b94087929de6ab3f48c6c58dfea20dc65642db9,2023-03-27T04:32:41.845000,received,kaspa:qpy827u4r43hp36nu2w78dphwgzjr3e9xdwwvm7k7dalyhpfkr84qucn4ecud,141096156,
c3d07fc8a5b766c7a09f9bd30480269e5c481f25391c2fc2f5c4304a0bc391ad,2023-03-27T00:36:20.495000,received,kaspa:qp9z8a0w7jedatvpr3l0knc6l0vdlpz7sp9kcd4yqq0up9hp87q4zyzr5ave9,136464818,
44a891872bd159aee883659e8ec3c2420f29b68011f48ca09a1977d8bd4ca6de,2023-03-26T18:37:17.426000,received,kaspa:qp9z8a0w7jedatvpr3l0knc6l0vdlpz7sp9kcd4yqq0up9hp87q4zyzr5ave9,100484116,
522b31786a50d9333361903e031fcc1899a2ae07e2155982b2ade6ab8eedeb18,2023-03-26T14:41:01.452000,received,kaspa:qp9z8a0w7jedatvpr3l0knc6l0vdlpz7sp9kcd4yqq0up9hp87q4zyzr5ave9,108955170,
23f5e8094ca9cf0e5e8c3464e77a906d41da269b6e3603258017fc5c9c232173,2023-03-26T12:42:25.764000,received,kaspa:qp9z8a0w7jedatvpr3l0knc6l0vdlpz7sp9kcd4yqq0up9hp87q4zyzr5ave9,132850743,
1a7f2c81ca0da3fb283754c40088cd8394729c649d05ea108d32d3a2a312f64d,2023-03-26T08:45:15.228000,received,kaspa:qp9z8a0w7jedatvpr3l0knc6l0vdlpz7sp9kcd4yqq0up9hp87q4zyzr5ave9,130440121,
26d7dfd5127dbe86fd5e41ae42444762ee360e91ead6007be6e63d30d3dc3947,2023-03-26T04:49:16.374000,received,kaspa:qp9z8a0w7jedatvpr3l0knc6l0vdlpz7sp9kcd4yqq0up9hp87q4zyzr5ave9,144687510,
df389796d73254ce6820bc0ad7f842fff60e4dceb931ee8e47fddd7865beff83,2023-03-26T00:55:40.979000,received,kaspa:qp9z8a0w7jedatvpr3l0knc6l0vdlpz7sp9kcd4yqq0up9hp87q4zyzr5ave9,108336724,
db72445ab6d7d3b8aa084b1e70d8d06c0dd0696c3927d829a47adfe180a91c4d,2023-03-25T21:03:10.278000,received,kaspa:qp9z8a0w7jedatvpr3l0knc6l0vdlpz7sp9kcd4yqq0up9hp87q4zyzr5ave9,136553184,
4b35b03cc7eae6ac0529bb9933d40d99d5e3bfd7de86ad6cc4642486bdcbeb3a,2023-03-25T15:34:06.523000,received,kaspa:qp9z8a0w7jedatvpr3l0knc6l0vdlpz7sp9kcd4yqq0up9hp87q4zyzr5ave9,149137392,
ac0dcd73bf0e13124855d192595ff3f62f7eca2c79f112551eab45388a7ecd2d,2023-03-25T11:34:03.067000,received,kaspa:qpy827u4r43hp36nu2w78dphwgzjr3e9xdwwvm7k7dalyhpfkr84qucn4ecud,117200015,
3bd715893ef41b62c5ff015c67ade88f5bd55f5f2ab5e2b15cdd0a805e06de97,2023-03-25T07:33:37.445000,received,kaspa:qp9z8a0w7jedatvpr3l0knc6l0vdlpz7sp9kcd4yqq0up9hp87q4zyzr5ave9,100878410,
a79cd883097785d6eb9da81691f8331361ee494b457614a10cbf3ce3b7b7832f,2023-03-25T03:33:46.746000,received,kaspa:qp9z8a0w7jedatvpr3l0knc6l0vdlpz7sp9kcd4yqq0up9hp87q4zyzr5ave9,153729898,
9b193ed6bb8a8c5a0e649f323dcfbf6e787ca4b22c9203a084c6d50af64c96be,2023-03-24T23:33:51.064000,received,kaspa:qp9z8a0w7jedatvpr3l0knc6l0vdlpz7sp9kcd4yqq0up9hp87q4zyzr5ave9,148444861,
63ec53282d547a349ba90ded34e526f1dfb6647a754308be09a7440ae3b3666e,2023-03-24T17:34:43.758000,received,kaspa:qp9z8a0w7jedatvpr3l0knc6l0vdlpz7sp9kcd4yqq0up9hp87q4zyzr5ave9,125934135,
f7ae8ebc41f5adea3f361f9fe8b3318fca7a45161abb1df337abf6c604ad45b0,2023-03-24T13:34:58.322000,received,kaspa:qp9z8a0w7jedatvpr3l0knc6l0vdlpz7sp9kcd4yqq0up9hp87q4zyzr5ave9,111270782,
fc10cca4d1e8e1adf2dcb79e47a67ea275bfd98c1a11e63136ae27a3df7a942e,2023-03-24T09:35:07.276000,received,kaspa:qp9z8a0w7jedatvpr3l0knc6l0vdlpz7sp9kcd4yqq0up9hp87q4zyzr5ave9,167618777,
e5b149a580e65193219aaa070087d6943eb986f5453e03113e0bcc9f5e86a429,2023-03-24T05:34:53.526000,received,kaspa:qpy827u4r43hp36nu2w78dphwgzjr3e9xdwwvm7k7dalyhpfkr84qucn4ecud,143721194,
3d8db95f6f25217be40f874c3cb3f8ffaab520bae28f6a1dc73a46580028bc21,2023-03-24T01:34:49.591000,received,kaspa:qp9z8a0w7jedatvpr3l0knc6l0vdlpz7sp9kcd4yqq0up9hp87q4zyzr5ave9,111565013,
8bb7522f3bf15cafb722156508826b30bea6db184d774e05c1d13c39effe6cb1,2023-03-23T21:34:33.313000,received,kaspa:qp9z8a0w7jedatvpr3l0knc6l0vdlpz7sp9kcd4yqq0up9hp87q4zyzr5ave9,122983082,
010429c2e9382f1e1f8bb2edac9146418abacfb61f2091ea58d1c4c91df2425a,2023-03-23T17:34:22.919000,received,kaspa:qp9z8a0w7jedatvpr3l0knc6l0vdlpz7sp9kcd4yqq0up9hp87q4zyzr5ave9,103125621,
de04382a9c2d4a0f99ebadc5e03d6792421261c991b66bd7b189ad3fc5b23f43,2023-03-23T13:34:00.314000,received,kaspa:qp9z8a0w7jedatvpr3l0knc6l0vdlpz7sp9kcd4yqq0up9hp87q4zyzr5ave9,160204558,
a440ed8c7a90564d9ff527445d4865a6eba54e58a504f0b2c155b4b305afdca7,2023-03-23T09:34:11.592000,received,kaspa:qpy827u4r43hp36nu2w78dphwgzjr3e9xdwwvm7k7dalyhpfkr84qucn4ecud,151712600,
b631e408851d4fe54e757764d25cae3443159528282746aa4acda05b71a7c01e,2023-03-23T05:34:16.844000,received,kaspa:qp9z8a0w7jedatvpr3l0knc6l0vdlpz7sp9kcd4yqq0up9hp87q4zyzr5ave9,132744006,
b7f295599e4f93b9c9c7bc2aac52d7d1d40c0563b4f173e8ad2015cd77cabed7,2023-03-23T01:36:07.921000,received,kaspa:qp9z8a0w7jedatvpr3l0knc6l0vdlpz7sp9kcd4yqq0up9hp87q4zyzr5ave9,125830639,
494073f1262824da5446e56488ba05e7427ac862e94015f582c6aeae8661a865,2023-03-22T21:35:49.706000,received,kaspa:qp9z8a0w7jedatvpr3l0knc6l0vdlpz7sp9kcd4yqq0up9hp87q4zyzr5ave9,127643840,
5e51671c190a7fa983d40aa6bc83166ec5209ff258bc82bf97a45cb056cc66cf,2023-03-22T17:35:36.687000,received,kaspa:qp9z8a0w7jedatvpr3l0knc6l0vdlpz7sp9kcd4yqq0up9hp87q4zyzr5ave9,106352200,
e7bbfe833eed01e053a3bf3a711ab4d1edbad17faa906943c6ac4f46801e8c25,2023-03-22T13:35:36.200000,received,kaspa:qp9z8a0w7jedatvpr3l0knc6l0vdlpz7sp9kcd4yqq0up9hp87q4zyzr5ave9,115550278,
d0e6a442580f39c0d7544ccc43188385ea0a3eb79276038d0af61194957f4f34,2023-03-22T09:36:08.424000,received,kaspa:qp9z8a0w7jedatvpr3l0knc6l0vdlpz7sp9kcd4yqq0up9hp87q4zyzr5ave9,165273655,
ecf9b99c94901a9e2abb3cbbc0b400ccc2c8fc531e932caf43ab63cc3e92d8f5,2023-03-22T05:36:15.383000,received,kaspa:qp9z8a0w7jedatvpr3l0knc6l0vdlpz7sp9kcd4yqq0up9hp87q4zyzr5ave9,108601744,
74edc2f38181a96c36d91a81bb805ba6857cdf3d17fe33b9110fe4de3390e5ec,2023-03-22T01:36:06.698000,received,kaspa:qpy827u4r43hp36nu2w78dphwgzjr3e9xdwwvm7k7dalyhpfkr84qucn4ecud,171181081,
720d8580c3539674337bc41d1ba326cba4a92ff193e89e76240ab8d3d7edce12,2023-03-21T21:35:32.519000,received,kaspa:qp9z8a0w7jedatvpr3l0knc6l0vdlpz7sp9kcd4yqq0up9hp87q4zyzr5ave9,141924681,
b097d7a07c6c3b2da1ee68caa13d9cf4cc8b2953d1b614c0da087ffe70361368,2023-03-21T17:35:04.485000,received,kaspa:qp9z8a0w7jedatvpr3l0knc6l0vdlpz7sp9kcd4yqq0up9hp87q4zyzr5ave9,142090226,
1ab264be2d19f697f256d6100c6d23dcc9f0b6af461f893bf60a662c74f4899a,2023-03-21T13:35:11.631000,received,kaspa:qpy827u4r43hp36nu2w78dphwgzjr3e9xdwwvm7k7dalyhpfkr84qucn4ecud,141942656,
7c955e8acd2caed601f1e64e67b85832ad246ac8ef92a122f1a039276671c6a1,2023-03-21T09:35:41.563000,received,kaspa:qp9z8a0w7jedatvpr3l0knc6l0vdlpz7sp9kcd4yqq0up9hp87q4zyzr5ave9,119711611,
ef5c90bdb3ba5c9d5a8895d7573c7b21d14d6cd217f8a7a49f2dea6dc290b94d,2023-03-21T05:35:39.489000,received,kaspa:qp9z8a0w7jedatvpr3l0knc6l0vdlpz7sp9kcd4yqq0up9hp87q4zyzr5ave9,115349250,
c24b9f7789e96b1ac276d33b583a88933bb2df40292f4c90d1c1c8af3c906bc2,2023-03-21T01:43:13.259000,received,kaspa:qpy827u4r43hp36nu2w78dphwgzjr3e9xdwwvm7k7dalyhpfkr84qucn4ecud,103946869,
5721a037f3d8aedc20fbb407dfdd47ffef8c8c77cad8753d6f988e62e18e2932,2023-03-20T21:43:32.502000,received,kaspa:qp9z8a0w7jedatvpr3l0knc6l0vdlpz7sp9kcd4yqq0up9hp87q4zyzr5ave9,127118055,
92bf4fff8ff47bc785bf71ed3db9d5b0667f57128bbea87ef9cb8fae214986c0,2023-03-20T17:42:32.889000,received,kaspa:qp9z8a0w7jedatvpr3l0knc6l0vdlpz7sp9kcd4yqq0up9hp87q4zyzr5ave9,150824262,
6bdabdaa7bdb919d28221363c66d281cb12d17d02c8a9daaf3590a31f0ce9226,2023-03-20T11:43:01.251000,received,kaspa:qp9z8a0w7jedatvpr3l0knc6l0vdlpz7sp9kcd4yqq0up9hp87q4zyzr5ave9,118256067,
c250c0492cb8b7972790b0c9b082977d7508445d6631d36d17faf83e6072e6f1,2023-03-20T07:41:55.947000,received,kaspa:qp9z8a0w7jedatvpr3l0knc6l0vdlpz7sp9kcd4yqq0up9hp87q4zyzr5ave9,150356869,
84806bf9025b9514382f88cef0ba998a0448a3f2d9fe2b1f18f935df1ca73f5e,2023-03-20T03:42:23.722000,received,kaspa:qp9z8a0w7jedatvpr3l0knc6l0vdlpz7sp9kcd4yqq0up9hp87q4zyzr5ave9,115989717,
e4fefb10ca7516f87278e511537e815c4282cf59147018d82471bf9ef6020338,2023-03-19T23:42:07.705000,received,kaspa:qp9z8a0w7jedatvpr3l0knc6l0vdlpz7sp9kcd4yqq0up9hp87q4zyzr5ave9,110400303,
1e71f22b3ca73dcb3994fb6ae24d9c8ce54c941b348a912786eb5e7401f43106,2023-03-19T19:41:35.070000,received,kaspa:qp9z8a0w7jedatvpr3l0knc6l0vdlpz7sp9kcd4yqq0up9hp87q4zyzr5ave9,129674803,
9551b16150d94f8bfac394e41672d0def18c9d26f40ddebef6db4beb74a31354,2023-03-19T15:41:48.605000,received,kaspa:qp9z8a0w7jedatvpr3l0knc6l0vdlpz7sp9kcd4yqq0up9hp87q4zyzr5ave9,146135729,
dde228bcb7124b2fb64cf5a7a87fd021fb7948a1eac67f0e49cb8e3ec071c1ff,2023-03-19T11:41:02.801000,received,kaspa:qp9z8a0w7jedatvpr3l0knc6l0vdlpz7sp9kcd4yqq0up9hp87q4zyzr5ave9,118241378,
b9ab780a0a6c951c9bf5657edfb90e84f7d4c1f46d8471637d6c828c57745342,2023-03-19T07:41:22.459000,received,kaspa:qp9z8a0w7jedatvpr3l0knc6l0vdlpz7sp9kcd4yqq0up9hp87q4zyzr5ave9,126515750,
69348bce35a4da25e8906edd7192981409a1547d5a1aaef76ba7621eb1ea9ab0,2023-03-19T03:41:35.674000,received,kaspa:qp9z8a0w7jedatvpr3l0knc6l0vdlpz7sp9kcd4yqq0up9hp87q4zyzr5ave9,142166908,
58f54b081a672dbbbf95ea05d2ba051605328a010659b1d67258324ed63ff91d,2023-03-18T23:42:30.547000,received,kaspa:qp9z8a0w7jedatvpr3l0knc6l0vdlpz7sp9kcd4yqq0up9hp87q4zyzr5ave9,122687723,
fcda5d77713bb7ba8bc676c99963fa5040d5f956b159bc859d81419e254c3d3b,2023-03-18T19:41:27.409000,received,kaspa:qp9z8a0w7jedatvpr3l0knc6l0vdlpz7sp9kcd4yqq0up9hp87q4zyzr5ave9,136047888,
2fa9f79b55769eb3df8508ff97df5622d06fd10a5f501c5f5d05b69636970ca7,2023-03-18T15:41:07.855000,received,kaspa:qp9z8a0w7jedatvpr3l0knc6l0vdlpz7sp9kcd4yqq0up9hp87q4zyzr5ave9,122484786,
c1e5e368837ce87c0d438fcbdbf3cff368f732876576474acc7ada81c7879b73,2023-03-18T11:40:44.972000,received,kaspa:qp9z8a0w7jedatvpr3l0knc6l0vdlpz7sp9kcd4yqq0up9hp87q4zyzr5ave9,119812390,
ec587d3b101d4aa1dfb3a5c33f83f51ee4b5f8fbd290a6730a29abc9d5077592,2023-03-18T07:40:31.849000,received,kaspa:qp9z8a0w7jedatvpr3l0knc6l0vdlpz7sp9kcd4yqq0up9hp87q4zyzr5ave9,139756329,
da76b48a0f4c6ce5fa44d7f2259b1a9660d072859c46feec7e613b87927d0bc5,2023-03-18T03:40:23.139000,received,kaspa:qp9z8a0w7jedatvpr3l0knc6l0vdlpz7sp9kcd4yqq0up9hp87q4zyzr5ave9,154652551,
aff33503fd768397b520a532a468ac8fe96aa8d0cc8146d4081633d35468d334,2023-03-17T23:40:01.091000,received,kaspa:qp9z8a0w7jedatvpr3l0knc6l0vdlpz7sp9kcd4yqq0up9hp87q4zyzr5ave9,146757523,
97558f656f1751272868ae59cc853ad613b35ae88988c9f050bbcb8a131fb85b,2023-03-17T19:40:22.168000,received,kaspa:qp9z8a0w7jedatvpr3l0knc6l0vdlpz7sp9kcd4yqq0up9hp87q4zyzr5ave9,104811257,
dcdbb1a17a0ada71f689bd2bf99ec5bb4bea978150c55b803bb0bcb7347abeec,2023-03-17T15:40:48.106000,received,kaspa:qp9z8a0w7jedatvpr3l0knc6l0vdlpz7sp9kcd4yqq0up9hp87q4zyzr5ave9,149769391,
1609d5f6194c2e166aa09af9ed476c4cec7e31fa77be12ee2cc4d03579fc589e,2023-03-17T11:39:48.240000,received,kaspa:qp9z8a0w7jedatvpr3l0knc6l0vdlpz7sp9kcd4yqq0up9hp87q4zyzr5ave9,122809001,
d374244650674f4dd4b9f6efbd62374dbe902051675e19f6f195452ab17ee30b,2023-03-17T07:39:32.113000,received,kaspa:qp9z8a0w7jedatvpr3l0knc6l0vdlpz7sp9kcd4yqq0up9hp87q4zyzr5ave9,115665492,
4a9389812cfed79ec63e3762c4ddd8d9a40fd454a5b8d8869b127eac5c41b495,2023-03-17T03:39:08.570000,received,kaspa:qp9z8a0w7jedatvpr3l0knc6l0vdlpz7sp9kcd4yqq0up9hp87q4zyzr5ave9,133102620,
d6e2c3ccff0edb879452ecf0810f27184c5db29ad573605d9e14801bac452714,2023-03-16T23:39:04.121000,received,kaspa:qp9z8a0w7jedatvpr3l0knc6l0vdlpz7sp9kcd4yqq0up9hp87q4zyzr5ave9,106850273,
e42a93d2455443b4962940942efeb41edc6a86b483c755d628fdcb75e5b628a5,2023-03-16T19:39:02.692000,received,kaspa:qpy827u4r43hp36nu2w78dphwgzjr3e9xdwwvm7k7dalyhpfkr84qucn4ecud,132547344,
b1008a91b81c089cea0ecfe5db9af2bac464a2d279fd4f558092ab6f041b413b,2023-03-16T15:39:41.007000,received,kaspa:qp9z8a0w7jedatvpr3l0knc6l0vdlpz7sp9kcd4yqq0up9hp87q4zyzr5ave9,124398378,
69d63be1c0b7fb57cb1e7fdd7a22404f59bf5522ee92a0893101bf2cb8d5396a,2023-03-16T11:38:45.806000,received,kaspa:qp9z8a0w7jedatvpr3l0knc6l0vdlpz7sp9kcd4yqq0up9hp87q4zyzr5ave9,134131978,
9062ad394e9a5781c39e9abd8e2ee0f05e9f5d3954eda47891f7178234016964,2023-03-16T07:38:31.362000,received,kaspa:qp9z8a0w7jedatvpr3l0knc6l0vdlpz7sp9kcd4yqq0up9hp87q4zyzr5ave9,204725112,
61ac167e30c3c4fea249d1e362f83f78e34e1e28b209297a67923544938f8956,2023-03-16T03:38:09.325000,received,kaspa:qp9z8a0w7jedatvpr3l0knc6l0vdlpz7sp9kcd4yqq0up9hp87q4zyzr5ave9,123480903,
22fc19a08b1f28b49b7558fc115aca03c5062d47d413f93d26e1be00d086b8bd,2023-03-15T23:37:44.822000,received,kaspa:qp9z8a0w7jedatvpr3l0knc6l0vdlpz7sp9kcd4yqq0up9hp87q4zyzr5ave9,101765386,
147fa6bcc2bb60b26988d02b4e8ba6413c53ef97ce9c1cd7e3ee159e8c1914bd,2023-03-15T19:37:38.413000,received,kaspa:qp9z8a0w7jedatvpr3l0knc6l0vdlpz7sp9kcd4yqq0up9hp87q4zyzr5ave9,138387319,
d48a0dadd0a6cb0e98df5ec24c122574460f1f61db04fea4f5a4a7f6e2e68293,2023-03-15T15:42:15.951000,received,kaspa:qp9z8a0w7jedatvpr3l0knc6l0vdlpz7sp9kcd4yqq0up9hp87q4zyzr5ave9,136016800,
6463be1b56a1cdfad44dd52dba1c04961b5f0471bf35f1543d096df7d96c8ec1,2023-03-15T11:42:43.792000,received,kaspa:qp9z8a0w7jedatvpr3l0knc6l0vdlpz7sp9kcd4yqq0up9hp87q4zyzr5ave9,257091472,
c917d68ce4b676afd2638e5d5e7b876ba1acd8c4bc96c131dc4bd4e6eee3754b,2023-03-15T07:43:10.084000,received,kaspa:qp9z8a0w7jedatvpr3l0knc6l0vdlpz7sp9kcd4yqq0up9hp87q4zyzr5ave9,168020255,
d3c1406adf0a637ed2178a3e41b367fd7ebe7c6b71cfdc2b72e36c76508fa186,2023-03-14T11:06:06.381000,received,kaspa:qzkz8vgqqzjq2uc75hcw7rnj8c76mu2c39lg9ca0t3tcv282fm94jyadynj6j,353496478692,
ecae3dd6f590dda55adf7e8389bb3384cffc790e98e21c5ffe3f01e931e723d5,2023-03-13T18:31:16.455000,received,kaspa:qz750574xg0pjuuttqacgwtsmkkqr9kfvzp9mxawg6suzkrt2chnjjvcpz4qa,75992588,
ecae3dd6f590dda55adf7e8389bb3384cffc790e98e21c5ffe3f01e931e723d5,2023-03-13T18:31:16.455000,received,kaspa:qzwrfxne4zxxgzkze5xcew9nakvzqm0jx6ahrjmgw7etflugreqx5390w8wq2,75992588,
ecae3dd6f590dda55adf7e8389bb3384cffc790e98e21c5ffe3f01e931e723d5,2023-03-13T18:31:16.455000,received,kaspa:qps47n4zmdug25jm494m45pzftzuf8fm7dplasfqmdysspqj0as9yknkee4ry,75992588,
ecae3dd6f590dda55adf7e8389bb3384cffc790e98e21c5ffe3f01e931e723d5,2023-03-13T18:31:16.455000,received,kaspa:qqthnhym45fmdyjxfq54732q3pvng8lss7sl9j0erdeg03g3mntkg4w8wjzvc,75992588,
ecae3dd6f590dda55adf7e8389bb3384cffc790e98e21c5ffe3f01e931e723d5,2023-03-13T18:31:16.455000,received,kaspa:qz5lsgtu7t5896qwx2z2h9qz5hegqta7sruruzymgnza50rufz3s70zftrvgp,75992588,
ecae3dd6f590dda55adf7e8389bb3384cffc790e98e21c5ffe3f01e931e723d5,2023-03-13T18:31:16.455000,received,kaspa:qq723ku3mql3f432rs0ejzf4e68pcp559cjlv4rtdauq5aknxd3zxfvmfd4q5,75992588,
