tx_id,timestamp,direction,peer_address,amount_sompi,cex_label
aad78cfa2d6ad8307bdd352f033edcb8ba509dfc888751b3553e089665290d4a,2023-12-13T08:38:58.467000,sent,kaspa:qqh06puhtgsu5utuakvv88ewhppn4dtp0k4a2df0xxga6ytg5p7vzcs0tuml5,14363160000,
4f24b8568f210c754128d8c1c6fb8b80357b90123eb27a28d71142d141ce7725,2023-12-12T09:13:34.695000,received,kaspa:qypswxtcrv4ssyjaswy5w9387vq73mkuyq85tl34cee6qn5uexqy0csgnafnjx7,171000000,
1f7e437a2848b535a75c19479a2c1d5d7950ba87353726efd0de1d131a112df8,2023-11-28T13:01:18.366000,sent,kaspa:qyptfsmalsvct3e7t7dg9e5m6mcfjkx4atgel7d64wvman2vtmyltvqlwhxjv23,18000000,
1f7e437a2848b535a75c19479a2c1d5d7950ba87353726efd0de1d131a112df8,2023-11-28T13:01:18.366000,sent,kaspa:qzmpq7len79l9whvca25ruggku9f35jdhh0jdnfm57jgpnpq4g87vh54cls5f,2903090000,
64db89b88c7f85e056bb4c5db2968b620f6f8e7a445aedd32f32edce098e6613,2023-11-28T12:55:17.639000,received,kaspa:qrn0zsparvumfvms6eqek7hwhyqedmeg68m2vwdglg65u6xa6j6yc5knrvp2l,2921100000,
