tx_id,timestamp,direction,peer_address,amount_sompi,cex_label
fef2c5cd4499a3a08d61788499401b96543d2d43c390e906fbcf583eeaa97e70,2024-07-26T08:42:33.539000,sent,kaspa:qqyhwuepemf7u2w546v68j3slh3869glh8ca6elpamr5yu65kkhu549aqdgsr,199016622606,
2042d2abb4601ec72280212b4773e791dee22b51a70a723d01081792ec2dcc25,2024-05-20T19:52:24.567000,received,kaspa:qzlecgl4um9u7cc4w3jjsunjxtzcxr3atsy0elv6feksy8mut34mua5l8myhe,2261000732,
2042d2abb4601ec72280212b4773e791dee22b51a70a723d01081792ec2dcc25,2024-05-20T19:52:24.567000,received,kaspa:qzygkzaugmu3gg8zhrjgu8569rpn06p7vju66pwn7et2sfkyg75ky6adwqtvk,2261000732,
2042d2abb4601ec72280212b4773e791dee22b51a70a723d01081792ec2dcc25,2024-05-20T19:52:24.567000,received,kaspa:qqxurmm26zs7zvcztnd4t9geudgg8phymhf3srqp8p37r8e2wd4yv7vrlp4xr,2261000732,
2042d2abb4601ec72280212b4773e791dee22b51a70a723d01081792ec2dcc25,2024-05-20T19:52:24.567000,received,kaspa:qqxurmm26zs7zvcztnd4t9geudgg8phymhf3srqp8p37r8e2wd4yv7vrlp4xr,2261000732,
