tx_id,timestamp,direction,peer_address,amount_sompi,cex_label
c09696b984a79dca0fa609f666dce0b3286d3e1db44672b6d6485ad0b7e263fb,2023-12-16T05:02:39.528000,sent,kaspa:qzslgwenzu78t6tldlng383g7ruu4enaljmnkgaulyrscjp7ldt26x8gfxck5,171940000,
c09696b984a79dca0fa609f666dce0b3286d3e1db44672b6d6485ad0b7e263fb,2023-12-16T05:02:39.528000,sent,kaspa:qzslgwenzu78t6tldlng383g7ruu4enaljmnkgaulyrscjp7ldt26x8gfxck5,171940000,
16e5450477e19527db34d7b04a0a3609b0b28ea5a38587faa7aa20dfc63da8e6,2023-12-13T02:31:07.159000,received,kaspa:qypswxtcrv4ssyjaswy5w9387vq73mkuyq85tl34cee6qn5uexqy0csgnafnjx7,171000000,
8cb8140449f535fe78cb767d334279c588020ae80b054d4452e8f964fe55919e,2023-11-29T17:54:41.172000,sent,kaspa:qype7dx40687xljaf35zezjer4smtxh3rrh4pzgmgqrzp5e5gsj2vcsdhg8zq78,18000000,
7cd2b3caf768e4915d8d356965ea73bf8be773a6a94ce9d9fe77d2463b6d966b,2023-11-28T13:04:32.482000,received,kaspa:qzfhng7k890n0fpqrslnjzdayz6uqaljmh9adqymkw4qefte587s27k3n95kl,19000000,
