tx_id,timestamp,direction,peer_address,amount_sompi,cex_label
57926228be72c6d51699430ae5fba2bc20194a5c2753bfc1c2fdc4327ccf8a88,2024-11-18T12:11:00.046000,sent,kaspa:qqnqv3rvnctfyrjteurqm0gmqfu7yjg3949yxpyxxfa4rgm9nt2zxauwq8xvs,400000000000,
57926228be72c6d51699430ae5fba2bc20194a5c2753bfc1c2fdc4327ccf8a88,2024-11-18T12:11:00.046000,sent,kaspa:qrrzg3khy4tj84za75kdjg7x98mmqe0hrvjhzaaqswxztqqv36huqy378rrxk,8959327769,
6e7d65a940746c0020ffd2fa4932173f47e9819440d6f585e782baa68f8cd916,2024-11-18T12:09:06.118000,received,kaspa:qzgtduqyccg66ms6crgpgnnn802c7drpevy4fsq8069lpzhdwfxhy4079jsrp,199588080721,
6e7d65a940746c0020ffd2fa4932173f47e9819440d6f585e782baa68f8cd916,2024-11-18T12:09:06.118000,received,kaspa:qzgtduqyccg66ms6crgpgnnn802c7drpevy4fsq8069lpzhdwfxhy4079jsrp,199588080721,
