tx_id,timestamp,direction,peer_address,amount_sompi,cex_label
82380cb45394a08f1dfd2b8dd66d7bb05f94b6d7b06bde81387127d5757b41c0,2023-12-16T04:58:53.851000,sent,kaspa:qzslgwenzu78t6tldlng383g7ruu4enaljmnkgaulyrscjp7ldt26x8gfxck5,171940000,
82380cb45394a08f1dfd2b8dd66d7bb05f94b6d7b06bde81387127d5757b41c0,2023-12-16T04:58:53.851000,sent,kaspa:qzslgwenzu78t6tldlng383g7ruu4enaljmnkgaulyrscjp7ldt26x8gfxck5,171940000,
7ba3561d57c88777c731cb3551630122e8514f2c1e1d7cbe1aa0471f55004a15,2023-12-13T01:40:44.631000,received,kaspa:qypswxtcrv4ssyjaswy5w9387vq73mkuyq85tl34cee6qn5uexqy0csgnafnjx7,171000000,
40fc7233a403ab1540e2c17fa2cb6a5f6cadbb56b9884858800062c89a58fcc0,2023-11-29T17:16:39.490000,sent,kaspa:qypxars2u7335p83fvww5rzr0grsex8l4v4xku4q494w7euvm6k35uckpn2tucy,18000000,
e43c3ea8ecba06b3a63d2c4c1c3a6b0afe79f42676adc3a13085871978185416,2023-11-28T20:38:52.316000,received,kaspa:qr00szcfm9lqrrz4zhrls9l8uhvdez5xl4wytlfmfjz9gy4g9eneqn90c9aer,19000000,
