tx_id,timestamp,direction,peer_address,amount_sompi,cex_label
2ab79c4ccbeaff41ec0336f7570c32b9f92f5ebb315622ba5722f9e3ad939f4a,2023-12-16T04:18:40.973000,sent,kaspa:qzslgwenzu78t6tldlng383g7ruu4enaljmnkgaulyrscjp7ldt26x8gfxck5,171940000,
2ab79c4ccbeaff41ec0336f7570c32b9f92f5ebb315622ba5722f9e3ad939f4a,2023-12-16T04:18:40.973000,sent,kaspa:qzslgwenzu78t6tldlng383g7ruu4enaljmnkgaulyrscjp7ldt26x8gfxck5,171940000,
5541956715ea6f53964e023b20698ed81efdf6cc267c6aa7405cea266f0f6124,2023-12-12T19:26:22.330000,received,kaspa:qypswxtcrv4ssyjaswy5w9387vq73mkuyq85tl34cee6qn5uexqy0csgnafnjx7,171000000,
8fcceac362e21cdb80d965972e46cabacbf9bc1433ea59d2f32e8bfd8dbeece1,2023-11-29T09:02:39.625000,sent,kaspa:qypyxq9lylclaz7jw6k63wauefrnwxkak987lypkgexxwswsl80xphccmyfxtph,18000000,
b77376fd8eaaba051b416b561ea5f3ca1c84d4752764d578c778276281e4f090,2023-11-29T07:04:10.124000,received,kaspa:qpj4z7muxq5rzynfd4ku407v4x4v4w7pxykpd92m370v8zpg4ywsz4n5r9cju,19000000,
