tx_id,timestamp,direction,peer_address,amount_sompi,cex_label
266a3550bc660b069c3a2e8c50aac199d27ed2a614a902cd2121f52ce0d438f3,2023-03-28T02:42:48.106000,sent,kaspa:qzsvasyvpve53z3f055w357qjthkqetgy8wmy5ulya55j2gzz8r0kpl8f99x7,55357200000000,
266a3550bc660b069c3a2e8c50aac199d27ed2a614a902cd2121f52ce0d438f3,2023-03-28T02:42:48.106000,sent,kaspa:qqq9p8dnfqj388qzvs9j77w8grlfadgfx92tsfm8wkxdm4x9ukg0zwjdqdrsg,70984491,
c5090f2b55ee5d4a0c905b10d458cd449812c8af9ffee864bfda564992f2c05f,2023-02-28T01:24:38.689000,received,kaspa:qrfqhnyl9cjq6wel98k5wcqg48svqy48z5dazkg720n52qlw9ex6y5r2wtuml,61231988862,
c5090f2b55ee5d4a0c905b10d458cd449812c8af9ffee864bfda564992f2c05f,2023-02-28T01:24:38.689000,received,kaspa:qrhwwgfqxzgptjp6kp7wetcfx5yp0rcta9ll4pnch3adp07s08wx67vf9gfrt,61231988862,
c5090f2b55ee5d4a0c905b10d458cd449812c8af9ffee864bfda564992f2c05f,2023-02-28T01:24:38.689000,received,kaspa:qpr7hkpvtym9tlr5m8fhpf568yzusfsmfsh0f7elsf4ydg4y8jt3s6rn273dq,61231988862,
