tx_id,timestamp,direction,peer_address,amount_sompi,cex_label
cc43763838daad6c180d11da1d5d47757a166b06fa825c3a18575c3fecb306c3,2023-12-16T03:14:05.544000,sent,kaspa:qzslgwenzu78t6tldlng383g7ruu4enaljmnkgaulyrscjp7ldt26x8gfxck5,171940000,
cc43763838daad6c180d11da1d5d47757a166b06fa825c3a18575c3fecb306c3,2023-12-16T03:14:05.544000,sent,kaspa:qzslgwenzu78t6tldlng383g7ruu4enaljmnkgaulyrscjp7ldt26x8gfxck5,171940000,
ff126f3092600af6905e09601c150fc3be04b86de5b4a3610bc3d5d16ba1b9ba,2023-12-11T23:31:28.587000,received,kaspa:qypswxtcrv4ssyjaswy5w9387vq73mkuyq85tl34cee6qn5uexqy0csgnafnjx7,171000000,
343f4ddaa60de98a51a14d235a09df2bcb8581b67796562ad3cfbb5d0d642b4f,2023-11-27T13:41:58.909000,sent,kaspa:qyppa5xq8hzhd65xsrpsml9nksh2ucc2ye7hnjl3mz9sar4l275luys58awwrll,18000000,
cd1caa6149c762d49af5758756e4a3220949f7fb481242b3616aea86c1400166,2023-11-27T03:27:12.953000,received,kaspa:qzhn0fpgvamcv6yxpr84knuekx80cs79lnen896delml7wpj76rn6mv5d3669,19000000,
