tx_id,timestamp,direction,peer_address,amount_sompi,cex_label
d16f76dcfa0f57bdd4f3fa2c27c6fc9c39a62d0f86ae43b2c8742c1f5ac7de5e,2023-12-16T03:19:29.564000,sent,kaspa:qzslgwenzu78t6tldlng383g7ruu4enaljmnkgaulyrscjp7ldt26x8gfxck5,171940000,
d16f76dcfa0f57bdd4f3fa2c27c6fc9c39a62d0f86ae43b2c8742c1f5ac7de5e,2023-12-16T03:19:29.564000,sent,kaspa:qzslgwenzu78t6tldlng383g7ruu4enaljmnkgaulyrscjp7ldt26x8gfxck5,171940000,
53c8140b548bc928fe6d5ed35bad362b0bd176a692d5f5907e40a15b31cd8e46,2023-12-12T02:54:50.562000,received,kaspa:qypswxtcrv4ssyjaswy5w9387vq73mkuyq85tl34cee6qn5uexqy0csgnafnjx7,171000000,
3a7a8130c876167089c63b3508fa0caea9be7473fee182244a6364a1b3432157,2023-11-28T00:50:02.807000,sent,kaspa:qyphwfkqt93s6nawafkhtkadh8s76j0fzwlhtvrd0gaxdczfhrluzqcma84r7ra,18000000,
59f980f43a932f56068ed7352eadee6c79b9b797cf5c8a3d49d701dc7a22fb15,2023-11-27T19:34:52.037000,received,kaspa:qzgjznhauul6ynlssnt804gj3g8z0yyenwf9jya9cmjfmlseg3h76gy5urjdy,19000000,
