tx_id,timestamp,direction,peer_address,amount_sompi,cex_label
6006351d71d57d84653ced9711d1e1a3faf0ce3d18636604757894cea42e5b96,2023-12-12T05:09:26.478000,sent,kaspa:qq4z065ydt5r00x8wmn4rhtez94gafudfh9nedstzqng68q2vp37jyztffxq3,2223000000,
6006351d71d57d84653ced9711d1e1a3faf0ce3d18636604757894cea42e5b96,2023-12-12T05:09:26.478000,sent,kaspa:qqmw07fhtvufkpftrvl6l0syv304zmgudxmwl6xgz978kcdy6pzdy0c4xnguq,106656,
ef1298d4d95519a681dc7efa13f60af62c9616ab76d49ccd710d28b660b52da9,2023-12-12T01:50:14.266000,received,kaspa:qypswxtcrv4ssyjaswy5w9387vq73mkuyq85tl34cee6qn5uexqy0csgnafnjx7,171000000,
eeeaba9814021da8a078a801a4933373ce039f9af152134ee3434ad479c0b46d,2023-11-27T18:22:10.913000,sent,kaspa:qyp54a86tgz6smqkklzk5v8q57j2fh6m0h3a47z4ujhals4mhhmeangcvj8uxlg,18000000,
eeeaba9814021da8a078a801a4933373ce039f9af152134ee3434ad479c0b46d,2023-11-27T18:22:10.913000,sent,kaspa:qpgf2a6m27mj3kumr7a3jzm6p2yfgrrxfj4fk3vm3z8kgfhs5uvn2rmacwxqd,621956320,
f84a2a61dd5aad6086b76abb0e35f9ece743575d415beb075c2ccfe774375032,2023-11-27T18:16:05.712000,received,kaspa:qz7sp78vycc48d9evhhjwgkg56a60pzd2kp6ur94j7c4lely0lklufxk25kh0,639958400,
