tx_id,timestamp,direction,peer_address,amount_sompi,cex_label
cec192f4c64f89b8d5c163d363568c26462ce5658db9645019f35b66b1ab55b6,2023-12-13T01:34:58.692000,sent,kaspa:qqucay7eet20htwzjznry63eajufgv76h3qh00zq022g7t5rl3n57s4mytcgz,170990000,
64addc4ba77b05c7f6d58e0f47fba2ab978a395b97174474c91ff9453edaa910,2023-12-12T21:13:25.558000,received,kaspa:qypswxtcrv4ssyjaswy5w9387vq73mkuyq85tl34cee6qn5uexqy0csgnafnjx7,171000000,
30e9197f39261f072fa97ca4f8538081adee2a51e9e2146bb58cc2dd0fe4f1f4,2023-11-29T12:13:11.946000,sent,kaspa:qrjf7mzhluue727p3yqljjsn3y7m3eju5r2eeevdgtn2sx3n90fkcmezlxl8s,459380000,
a24b71f27737976523a58d6674ad031e8b66a94c838fb6e138f2bf88d26ab47d,2023-11-29T12:12:25.073000,sent,kaspa:qypxgs4flxy8z2wckjzpnckmd63t2v5q84v6rvsppyvk6zapp9dr7nqml54385x,18000000,
fc2a1a99671806fc91965618349635ee52a2a6fe9427b9b4e59ca3d5cdb6a2e1,2023-11-29T12:07:09.347000,received,kaspa:qz4q2hs86d29zyd2mha837j22fqm99llta02h7s6ht994vvwnmg0st2jpqmj6,477400000,
497e7c31104f9c94004a136898d29dc64330f4474bc6f8a5c2b51bda7e851bb9,2023-11-29T11:57:40.849000,sent,kaspa:qz4q2hs86d29zyd2mha837j22fqm99llta02h7s6ht994vvwnmg0st2jpqmj6,477410000,
2d5378b171bc4513df9a14a8f810b6aebf0699ef4e16f6d6024d8e4001be2bb0,2023-11-29T11:54:42.750000,received,kaspa:qpnucjdq9fpa9mrvgtuex64z7zyjnqjgmdnz5ktjjspx4dadfxejzuqy69xxp,477420000,
