tx_id,timestamp,direction,peer_address,amount_sompi,cex_label
544a5e205ad80ea9ff33ff59e7ecd8f1572a92c6e96e2eafecb4beb39a21b265,2023-12-14T03:49:06.428000,sent,kaspa:qr7r8rtehym00mcmmucflvu2003fsevzc9s0rezsltzwd6jd34p2cg3nd43cf,170990000,
4711e7e62fbf111c654ceeb659dd3c3a0189a36dc8aa054df1c4d60045a7c4b9,2023-12-12T03:00:00.497000,received,kaspa:qypswxtcrv4ssyjaswy5w9387vq73mkuyq85tl34cee6qn5uexqy0csgnafnjx7,171000000,
534d1f20b5118371fe7edf83d1f5d7e85686a782b0c6f8e4f7eb8ffd3c129dc0,2023-11-28T00:54:41.778000,sent,kaspa:qyplcny7vra6rj80apd5qk47w9ww6u2nmda890ua372jej0xg8405wqsdfhmr5a,18000000,
b624afc9e947db2fc160082d71ff09f893663aa461d666a0dc94eef14a1466e4,2023-11-27T16:52:25.125000,received,kaspa:qppsztan2697sg3slah2qsxzwn6d3wmrjp565d7p8a5xqmwl6lk2yvwts3trk,18010000,
