tx_id,timestamp,direction,peer_address,amount_sompi,cex_label
330b71cd1cb9a4421c2d9c8ddc4e63159bbd7df760b69b18e8b178d66f9ab9fc,2024-02-29T17:30:38.343000,received,kaspa:qq9zagcza4jt76eev9jl5z0nqhe0thcu7js8larktj4sle7lvgnw7sfcewlty,1157169257,
1577fd88f9c906921693cbef0f76f3a660a77859aad5707c25888ecbdd8c1c3d,2024-02-29T15:55:21.567000,received,kaspa:qq9zagcza4jt76eev9jl5z0nqhe0thcu7js8larktj4sle7lvgnw7sfcewlty,6180785770,
1577fd88f9c906921693cbef0f76f3a660a77859aad5707c25888ecbdd8c1c3d,2024-02-29T15:55:21.567000,received,kaspa:qq9zagcza4jt76eev9jl5z0nqhe0thcu7js8larktj4sle7lvgnw7sfcewlty,6180785770,
1577fd88f9c906921693cbef0f76f3a660a77859aad5707c25888ecbdd8c1c3d,2024-02-29T15:55:21.567000,received,kaspa:qq9zagcza4jt76eev9jl5z0nqhe0thcu7js8larktj4sle7lvgnw7sfcewlty,6180785770,
