tx_id,timestamp,direction,peer_address,amount_sompi,cex_label
6a03337dd1a145add2b75cda217927a57336141fdb3c6c454b1ec69af5a71986,2025-04-01T13:44:45.592000,sent,kaspa:qz8sx4kz82sxxtq7dh0yrvadmt45akspg9kq796n4cx7a0g34yt65aqj7peal,500000147271,
6a03337dd1a145add2b75cda217927a57336141fdb3c6c454b1ec69af5a71986,2025-04-01T13:44:45.592000,sent,kaspa:qz8sx4kz82sxxtq7dh0yrvadmt45akspg9kq796n4cx7a0g34yt65aqj7peal,500000147271,
6a03337dd1a145add2b75cda217927a57336141fdb3c6c454b1ec69af5a71986,2025-04-01T13:44:45.592000,sent,kaspa:qz8sx4kz82sxxtq7dh0yrvadmt45akspg9kq796n4cx7a0g34yt65aqj7peal,500000147271,
6a03337dd1a145add2b75cda217927a57336141fdb3c6c454b1ec69af5a71986,2025-04-01T13:44:45.592000,sent,kaspa:qz8sx4kz82sxxtq7dh0yrvadmt45akspg9kq796n4cx7a0g34yt65aqj7peal,500000147271,
bfc2481209a45be5e6bbfd37fccfb9975f3de5f29b90c41e2a27710267fa6b64,2025-02-17T14:08:19.929000,sent,kaspa:qz8sx4kz82sxxtq7dh0yrvadmt45akspg9kq796n4cx7a0g34yt65aqj7peal,331660000000,
bfc2481209a45be5e6bbfd37fccfb9975f3de5f29b90c41e2a27710267fa6b64,2025-02-17T14:08:19.929000,sent,kaspa:qqpcgq882yxac4pexra98c8tlzx3tvll8hpc4dgg5t85nf0dg24j7c8sy6zz0,18442400000,
bfc2481209a45be5e6bbfd37fccfb9975f3de5f29b90c41e2a27710267fa6b64,2025-02-17T14:08:19.929000,sent,kaspa:qz8sx4kz82sxxtq7dh0yrvadmt45akspg9kq796n4cx7a0g34yt65aqj7peal,331660000000,
bfc2481209a45be5e6bbfd37fccfb9975f3de5f29b90c41e2a27710267fa6b64,2025-02-17T14:08:19.929000,sent,kaspa:qqpcgq882yxac4pexra98c8tlzx3tvll8hpc4dgg5t85nf0dg24j7c8sy6zz0,18442400000,
3df02f25dcd2e18620114aaca74184924abc44211db2865791b370ccd3d9e7c4,2024-11-24T13:54:36.409000,sent,kaspa:qz8sx4kz82sxxtq7dh0yrvadmt45akspg9kq796n4cx7a0g34yt65aqj7peal,199000000000,
3df02f25dcd2e18620114aaca74184924abc44211db2865791b370ccd3d9e7c4,2024-11-24T13:54:36.409000,sent,kaspa:qqjc0rj3nfpuacx3lckrp4ym2e6ecd20jha36xvs4a7nrjfwdhwzsfegvjhd6,50766236780,
33e3c11c2993350b3399fa42e53de1348b0a853bfdc6135f7890d68fdb6e4987,2024-11-01T12:57:12.298000,sent,kaspa:qrf46klp3ud5d7m4cuxcs6uqmf2jq5emt9dxg2736mgyq40rzp0xvjh9alwyt,100000000000,
33e3c11c2993350b3399fa42e53de1348b0a853bfdc6135f7890d68fdb6e4987,2024-11-01T12:57:12.298000,sent,kaspa:qzfxezhyt20l3zfr9vqygq6wznz9ymg2v3pp7z7zumttpraw8djhgs6jutg95,85290980000,
33e3c11c2993350b3399fa42e53de1348b0a853bfdc6135f7890d68fdb6e4987,2024-11-01T12:57:12.298000,sent,kaspa:qrf46klp3ud5d7m4cuxcs6uqmf2jq5emt9dxg2736mgyq40rzp0xvjh9alwyt,100000000000,
33e3c11c2993350b3399fa42e53de1348b0a853bfdc6135f7890d68fdb6e4987,2024-11-01T12:57:12.298000,sent,kaspa:qzfxezhyt20l3zfr9vqygq6wznz9ymg2v3pp7z7zumttpraw8djhgs6jutg95,85290980000,
fbb55dbbce83da77a83313a026d4964dd93b64fb94700b97095baec21edefe5a,2024-10-01T13:17:31.687000,sent,kaspa:qrf46klp3ud5d7m4cuxcs6uqmf2jq5emt9dxg2736mgyq40rzp0xvjh9alwyt,500000000000,
fbb55dbbce83da77a83313a026d4964dd93b64fb94700b97095baec21edefe5a,2024-10-01T13:17:31.687000,sent,kaspa:qrdf2tn9e98n6gv2lu6trw0urupkflqfl4800chy0vrxaq4h9eyw78sy9sdua,83059296780,
fbb55dbbce83da77a83313a026d4964dd93b64fb94700b97095baec21edefe5a,2024-10-01T13:17:31.687000,sent,kaspa:qrf46klp3ud5d7m4cuxcs6uqmf2jq5emt9dxg2736mgyq40rzp0xvjh9alwyt,500000000000,
fbb55dbbce83da77a83313a026d4964dd93b64fb94700b97095baec21edefe5a,2024-10-01T13:17:31.687000,sent,kaspa:qrdf2tn9e98n6gv2lu6trw0urupkflqfl4800chy0vrxaq4h9eyw78sy9sdua,83059296780,
5fc9881ff6cf7bd2b1f42e0d4298699d193ef21ff56071552f13f48f67df3cff,2024-09-19T10:56:38.309000,sent,kaspa:qze4s7kc4ecza05nqq8ncjm2wvpnxlz0qlg250cdn4th5cq7j0frjz4sr28ft,390000000000,
5fc9881ff6cf7bd2b1f42e0d4298699d193ef21ff56071552f13f48f67df3cff,2024-09-19T10:56:38.309000,sent,kaspa:qqg9aajj5dqxhqdq0q8s24ugy249chfuxun9tdd7fqwh9sl2gl3gjhl08p07c,157498340000,
fbfbc96e1d487c4822cbb4e5df4b8be1a27eea4fd00939a7d40030d057e3bfb1,2024-09-03T15:11:26.745000,sent,kaspa:qrf46klp3ud5d7m4cuxcs6uqmf2jq5emt9dxg2736mgyq40rzp0xvjh9alwyt,500000000000,
fbfbc96e1d487c4822cbb4e5df4b8be1a27eea4fd00939a7d40030d057e3bfb1,2024-09-03T15:11:26.745000,sent,kaspa:qqukfsj3hw98aegajgyn92ex0p5t7lkj5js6wal2nr0hyt7v8kk3kx2pq9uzl,24501980000,
fbfbc96e1d487c4822cbb4e5df4b8be1a27eea4fd00939a7d40030d057e3bfb1,2024-09-03T15:11:26.745000,sent,kaspa:qrf46klp3ud5d7m4cuxcs6uqmf2jq5emt9dxg2736mgyq40rzp0xvjh9alwyt,500000000000,
fbfbc96e1d487c4822cbb4e5df4b8be1a27eea4fd00939a7d40030d057e3bfb1,2024-09-03T15:11:26.745000,sent,kaspa:qqukfsj3hw98aegajgyn92ex0p5t7lkj5js6wal2nr0hyt7v8kk3kx2pq9uzl,24501980000,
bf0c790cadf77e299cf34e42a276f42c164e739b4eacf20e4b9eb2862e266437,2024-08-26T14:58:25.360000,sent,kaspa:qrf46klp3ud5d7m4cuxcs6uqmf2jq5emt9dxg2736mgyq40rzp0xvjh9alwyt,200000000000,
bf0c790cadf77e299cf34e42a276f42c164e739b4eacf20e4b9eb2862e266437,2024-08-26T14:58:25.360000,sent,kaspa:qzedsw5m2nng4r0scgy8kkfrkpjcwnqtv08rgxlqe5ppm9y9q7t5zd654f8dc,115253990000,
5a6aa402c5cae89207023191ba7a7c467294d7725385a1dc41c6e5f95a14ca69,2023-09-26T20:23:22.164000,sent,kaspa:qrf46klp3ud5d7m4cuxcs6uqmf2jq5emt9dxg2736mgyq40rzp0xvjh9alwyt,10000000000,
5a6aa402c5cae89207023191ba7a7c467294d7725385a1dc41c6e5f95a14ca69,2023-09-26T20:23:22.164000,sent,kaspa:qrmmdmds9yqm44t5h28rpxzgp92xqqpgzk0xrgsj0ra6k8tyzuug7q8cumtfs,469915990000,
2cc53b5391dfa5375f61a25de7867ecf5bdfbad88095dfe5fe3a69d2727caf6d,2023-09-18T08:38:03.462000,received,kaspa:qqetp7ct8kqss99fxmymyz5t3fezppxp0t58wl6pawp27elqd46uudme00cl0,180500000000,
d7c1745eeb94253ee6aca543c9c189ce9ea8e0e1e861e6796c718ca6c386d829,2023-09-17T23:35:01.705000,received,kaspa:qqetp7ct8kqss99fxmymyz5t3fezppxp0t58wl6pawp27elqd46uudme00cl0,224497000000,
44e9490794db1de2f3d062ce7e4b8e262139f4acf1d88de0098fa252dc9a2286,2023-09-16T12:32:03.218000,received,kaspa:qqetp7ct8kqss99fxmymyz5t3fezppxp0t58wl6pawp27elqd46uudme00cl0,300005000000,
0bbeff9aa1c741fbda7639e235c0ce78d7a652036ae98244557abeb1aa726f0e,2023-09-08T22:22:02.775000,received,kaspa:qqetp7ct8kqss99fxmymyz5t3fezppxp0t58wl6pawp27elqd46uudme00cl0,129000000000,
118bf58fd65902c83b2f1b9830902ae94a2f6fe38e34c3b4b4e8a889c547d56b,2023-08-14T21:09:03.792000,received,kaspa:qqetp7ct8kqss99fxmymyz5t3fezppxp0t58wl6pawp27elqd46uudme00cl0,70000000000,
b66d20f572031c74a8b7c62d88906bf7ad3d6a06cd3bf35668617820e65482a4,2023-08-01T11:07:21.042000,received,kaspa:qpj784x256n8mcwda8zc7ayznl5fzzq6c6pgg94mfte4wfmwek48u6s0hd2zp,7470000,
a24328441c3a4fda228a314f5ab1a21c7071eb2b8e80765ec048e142aebda7a0,2023-08-01T06:04:39.274000,sent,kaspa:qrf46klp3ud5d7m4cuxcs6uqmf2jq5emt9dxg2736mgyq40rzp0xvjh9alwyt,80000000000,
a24328441c3a4fda228a314f5ab1a21c7071eb2b8e80765ec048e142aebda7a0,2023-08-01T06:04:39.274000,sent,kaspa:qz8fjvpejgv3v6leah83ajm3m25jpqhkh47ggufmsp5at76rkxv5csnr34spg,897999990000,
8706e50f228eba671306d54aea68af5fdd2b85679318363a52a891567e9be592,2023-07-16T21:13:04.141000,received,kaspa:qqetp7ct8kqss99fxmymyz5t3fezppxp0t58wl6pawp27elqd46uudme00cl0,97482000000,
4c486aa1c987d472c5163f93c11a64047e6200de1d5b3f2bab234dd42a644250,2023-07-11T10:02:47.425000,received,kaspa:qpj83rp24zzxwp3rpn7l5pcj7s6rffyq5nwqc004p95d92fmkxngznry5f3zl,1000000000,
4c486aa1c987d472c5163f93c11a64047e6200de1d5b3f2bab234dd42a644250,2023-07-11T10:02:47.425000,received,kaspa:qztl9treyjme9njrry9y4t4hupry7kcswgkg2906dlny7k3g3h8wg0cj2kcxj,1000000000,
4c486aa1c987d472c5163f93c11a64047e6200de1d5b3f2bab234dd42a644250,2023-07-11T10:02:47.425000,received,kaspa:qztl9treyjme9njrry9y4t4hupry7kcswgkg2906dlny7k3g3h8wg0cj2kcxj,1000000000,
136743f0c6f8109157bd4fab1d7e7067aa0f26243289fcc31677bb4fd39fdc84,2023-07-10T18:34:44.244000,sent,kaspa:qp0qnczz5jc8vpujuyqrjw5eey73paqfgxks7505pqdz9eqwmwftxg44gu00z,100000000,
136743f0c6f8109157bd4fab1d7e7067aa0f26243289fcc31677bb4fd39fdc84,2023-07-10T18:34:44.244000,sent,kaspa:qzzupzcu7tq00ekwj0ymdmskqnqczaecy57k8gxfyq0wraqckcqzkdufun3yy,1011965990000,
1706771814da8398d4f3a3a02709239ea49e7e7b3e236684cd2d182bc9aa0006,2023-07-10T18:34:03.687000,received,kaspa:qqetp7ct8kqss99fxmymyz5t3fezppxp0t58wl6pawp27elqd46uudme00cl0,978000000000,
9b1ced7ba928a968390bd41fd4e038622c6b189e9c2d6b147da284d2738b48f2,2023-07-10T00:59:04.173000,received,kaspa:qqetp7ct8kqss99fxmymyz5t3fezppxp0t58wl6pawp27elqd46uudme00cl0,1012066000000,
399a0c6a00475c65f8ee06a02dbd1719d433ba3d77dd1aed3038cc538e29b7e5,2023-07-09T00:41:28.874000,received,kaspa:qzp62jha4qfvmapu3nrs9puhcvewdyks9rk3xnqh2wg30nmkugclzw3jp8qxm,50000000000,
399a0c6a00475c65f8ee06a02dbd1719d433ba3d77dd1aed3038cc538e29b7e5,2023-07-09T00:41:28.874000,received,kaspa:qztl9treyjme9njrry9y4t4hupry7kcswgkg2906dlny7k3g3h8wg0cj2kcxj,50000000000,
815f35a287b1753be66276ae96793e4ade01f5fcf8c40e68f379bfc29687c658,2023-07-09T00:33:59.643000,sent,kaspa:qztl9treyjme9njrry9y4t4hupry7kcswgkg2906dlny7k3g3h8wg0cj2kcxj,74900000000,
815f35a287b1753be66276ae96793e4ade01f5fcf8c40e68f379bfc29687c658,2023-07-09T00:33:59.643000,sent,kaspa:qqlsxq0l5tcc2uerpz80dc634rnr9z565dasz947sa9zcqslmzfkgalnz2ev2,777827990000,
0927086a28ae750525c4ead87d246462a68a9c0b9768cd085ab5d22c4303f3a8,2023-07-08T21:37:02.314000,received,kaspa:qqetp7ct8kqss99fxmymyz5t3fezppxp0t58wl6pawp27elqd46uudme00cl0,71940000000,
7f965b271d43da63f879dcdd44459b2c74c2f9582dbb7a35b4772e088c37a492,2023-07-08T21:09:04.115000,received,kaspa:qqetp7ct8kqss99fxmymyz5t3fezppxp0t58wl6pawp27elqd46uudme00cl0,41200000000,
fda02d67c951c98ef1176a6867b2fed53620632b0f31b48131b6ba0df79410b7,2023-07-08T20:43:02.564000,received,kaspa:qqetp7ct8kqss99fxmymyz5t3fezppxp0t58wl6pawp27elqd46uudme00cl0,852728000000,
a56ffae7610ab4eecef03c47205462097641ac870a92f846c1ccc4c55c14f2df,2023-07-08T09:45:13.774000,sent,kaspa:qp0qnczz5jc8vpujuyqrjw5eey73paqfgxks7505pqdz9eqwmwftxg44gu00z,2800000000,
a56ffae7610ab4eecef03c47205462097641ac870a92f846c1ccc4c55c14f2df,2023-07-08T09:45:13.774000,sent,kaspa:qpn38lhc2t62fwql0l3psgsg7qu7mc24s7avtdxdjwjwgxmzufxyjdrk30ylc,497199990000,
a65a22c6afdbd82728bff2b30cf3602ce468e4f44721440e188bb99bc70f1127,2023-07-08T09:43:05.483000,received,kaspa:qqetp7ct8kqss99fxmymyz5t3fezppxp0t58wl6pawp27elqd46uudme00cl0,87809000000,
c29d0527ef3e34efc9f73b3ddec47402233fee0c8de749de7755717d3ae78ff8,2023-07-08T08:30:03.775000,received,kaspa:qqetp7ct8kqss99fxmymyz5t3fezppxp0t58wl6pawp27elqd46uudme00cl0,82416000000,
739f04f425b4c682bf34fd1bfaed806e7045f53241aff65fe7abcd954e0620d2,2023-07-08T07:19:04.241000,received,kaspa:qqetp7ct8kqss99fxmymyz5t3fezppxp0t58wl6pawp27elqd46uudme00cl0,479916000000,
acfaef6cac4264600bf7cac04f79093aa2b0eae67737e65168ca7c6c24210e5a,2023-07-07T14:51:02.207000,received,kaspa:qqetp7ct8kqss99fxmymyz5t3fezppxp0t58wl6pawp27elqd46uudme00cl0,176343000000,
78674534d4547bfea0f7e3e7df6a3c34d0917cca77b219015b4f1c4681c1150f,2023-07-04T20:58:41.055000,sent,kaspa:qq7ynhya2fjayq3cf9xj2mtxq6v87xe0jnas73v9vhnv3mx2z3evw03683h9m,100000000,
78674534d4547bfea0f7e3e7df6a3c34d0917cca77b219015b4f1c4681c1150f,2023-07-04T20:58:41.055000,sent,kaspa:qzeyxll37vfg8tx2heuqkkuyfqzgvk5uz7s4z5ajs6vejf9pqyp8qm8pw0qed,528856986780,
aab8efe13dbd1cc53db2854222c3d5009a50972c00a675678dea7fbaf7619eb2,2023-07-04T11:27:02.587000,received,kaspa:qqetp7ct8kqss99fxmymyz5t3fezppxp0t58wl6pawp27elqd46uudme00cl0,315254000000,
2da33771a93442dff80fc7d9cec856f07911db16792937b78c9added2ccbbe7c,2023-07-04T09:57:04.077000,received,kaspa:qqetp7ct8kqss99fxmymyz5t3fezppxp0t58wl6pawp27elqd46uudme00cl0,528956996780,
11c123b96adaa22f73f3ff829ee745a1f61d41b8f59249a52cb9fe57eda1b97e,2023-07-03T15:25:16.483000,received,kaspa:qrtyxgsrycmw93ysw2jcz6dh9mv729rsjp2h4jrjalckhehz92eh26y7d7zsa,500000000000,
11c123b96adaa22f73f3ff829ee745a1f61d41b8f59249a52cb9fe57eda1b97e,2023-07-03T15:25:16.483000,received,kaspa:qrkr8qcdhj42awv87ssfcd9vxv6sehp3h0nwg8lnyqsw3fne4r5vwl2tprqnt,500000000000,
