tx_id,timestamp,direction,peer_address,amount_sompi,cex_label
83c0dc58caabd723da303053b28388144d4a70a88e55d4bed332c03ccb5a5416,2023-12-16T04:42:40.316000,sent,kaspa:qzslgwenzu78t6tldlng383g7ruu4enaljmnkgaulyrscjp7ldt26x8gfxck5,171940000,
83c0dc58caabd723da303053b28388144d4a70a88e55d4bed332c03ccb5a5416,2023-12-16T04:42:40.316000,sent,kaspa:qzslgwenzu78t6tldlng383g7ruu4enaljmnkgaulyrscjp7ldt26x8gfxck5,171940000,
8774b02d64af437c22ef95ca550db7ee4385b1b82a98e9a44b2e0a4b4fedac83,2023-12-12T12:34:51.738000,received,kaspa:qypswxtcrv4ssyjaswy5w9387vq73mkuyq85tl34cee6qn5uexqy0csgnafnjx7,171000000,
e5ad9aff4835de0df1e38bdeac951eb0795fa1a550bf59f9e74826e6e46d1181,2023-11-28T17:08:38.023000,sent,kaspa:qypauq0wqns9n7jdw4zvtrgln4uzh9mwgl9kxeh6fnkm9zdnjh8vv9q8ruuy4nj,18000000,
dad575e88b2b07011fa2d4dde18ad147f61d41f43b302217d304a26753233dad,2023-11-27T21:29:52.647000,received,kaspa:qzc6tgr7ct50lg548lvcu88t7ee7zgmt6pc5ska3l5ltjn7uyufdjx2h45tfz,19000000,
