tx_id,timestamp,direction,peer_address,amount_sompi,cex_label
ceb931ef63b5755ea55dde253d89cc0bb9f2f77fdd8a905842e205abe2ddabe3,2024-02-10T08:34:20.332000,sent,kaspa:qqnqv3rvnctfyrjteurqm0gmqfu7yjg3949yxpyxxfa4rgm9nt2zxauwq8xvs,7240000000000,
ceb931ef63b5755ea55dde253d89cc0bb9f2f77fdd8a905842e205abe2ddabe3,2024-02-10T08:34:20.332000,sent,kaspa:qq78zzy74kydggnd3q5q4q7h7a2x3ee0cmuumcy74hvynl400a3fswddaeexg,24681668529,
185ca1fcd006e6e860af69fda4a07d098e0dc616dae30d1984aa33c052585930,2024-02-10T08:25:36.623000,received,kaspa:qrcasscxmk83p3ysnx8837xa65tk5rp88769azhc3sz4dcawcmwmwawgyjgha,14681671749,
185ca1fcd006e6e860af69fda4a07d098e0dc616dae30d1984aa33c052585930,2024-02-10T08:25:36.623000,received,kaspa:qqmdrrlznz7cgax9jvefm4g4fwtsnnz8r96574qduyjakmyd5rtgc3a4rx0qr,14681671749,
