tx_id,timestamp,direction,peer_address,amount_sompi,cex_label
dc0aa1521df564a37dc35060ddb5a32688732f519e3ade9d402b4ef84d851490,2023-12-16T04:18:33.664000,sent,kaspa:qzslgwenzu78t6tldlng383g7ruu4enaljmnkgaulyrscjp7ldt26x8gfxck5,171940000,
dc0aa1521df564a37dc35060ddb5a32688732f519e3ade9d402b4ef84d851490,2023-12-16T04:18:33.664000,sent,kaspa:qzslgwenzu78t6tldlng383g7ruu4enaljmnkgaulyrscjp7ldt26x8gfxck5,171940000,
880ac0175d4d8471331c1e25ab4c0bfede4452dc97b3f3baae386e91307e07cf,2023-12-12T11:17:48.427000,received,kaspa:qypswxtcrv4ssyjaswy5w9387vq73mkuyq85tl34cee6qn5uexqy0csgnafnjx7,171000000,
47dafc62b7cbcd268e9e07fc25370c63820396de17f3005c937a8db1c96ac44d,2023-11-28T15:39:15.663000,sent,kaspa:qypryt2xkxj8cst0624l4q5ht606r2hfe05hvflvy3d6qun7xz70pucppl8sh9d,18000000,
12fd03b24b6a33e1aac7e44e14acc156e9085f115ea753b6392bb07b38b5164a,2023-11-28T06:08:35.829000,received,kaspa:qrqxzdquf8znzr6hc0nscqgf377fps4pncal6r8a7wthkmmkz845wgu57tavk,19000000,
