tx_id,timestamp,direction,peer_address,amount_sompi,cex_label
d423b9fb0b83f65c9b604cec82770c6b7be2cabc4563eec325fa93c00035379b,2023-12-16T04:15:46.315000,sent,kaspa:qzslgwenzu78t6tldlng383g7ruu4enaljmnkgaulyrscjp7ldt26x8gfxck5,171940000,
d423b9fb0b83f65c9b604cec82770c6b7be2cabc4563eec325fa93c00035379b,2023-12-16T04:15:46.315000,sent,kaspa:qzslgwenzu78t6tldlng383g7ruu4enaljmnkgaulyrscjp7ldt26x8gfxck5,171940000,
dc058217f5cdc7ddcd0e98739d53308ff8d2d7bcd825876180d6bb9ab30cc921,2023-12-12T07:11:45.458000,received,kaspa:qypswxtcrv4ssyjaswy5w9387vq73mkuyq85tl34cee6qn5uexqy0csgnafnjx7,171000000,
d8a87c146888c72043439051b11658582a91f5253ba7156cd9df6af6d77d125c,2023-11-28T08:40:20.287000,sent,kaspa:qypnwg7yszr4ncc4xr57sx9p2lz4a8rsnxdmw7hv58c3zwue229q89svah86y2x,18000000,
d76349564db975155b423053eb6db5d9fa255254799122ee5dc8f4865c89f8c6,2023-11-27T23:31:27.952000,received,kaspa:qrxpy6wkrhpm9an2vzqs6n4d0nerxzy74gqhtgx0hm778stfw8y4szhmvdp4s,19000000,
