tx_id,timestamp,direction,peer_address,amount_sompi,cex_label
f8a9e01f48e44600c6767b309fac463d3efbb292688f3789a68e982f5dbc3a4b,2024-11-18T16:31:40.779000,sent,kaspa:qqnqv3rvnctfyrjteurqm0gmqfu7yjg3949yxpyxxfa4rgm9nt2zxauwq8xvs,600000000000,
f8a9e01f48e44600c6767b309fac463d3efbb292688f3789a68e982f5dbc3a4b,2024-11-18T16:31:40.779000,sent,kaspa:qpg2jn2w5fzmhdd0antl6uq0mhwsmlzcljlrdgtwrsrqcmwtkue8gcwxn3mq7,7012144702,
e72490b412230f6cb802cf7582618fbed06b2d42a48f2ac3f8172820df5f763c,2024-11-18T16:30:24.424000,received,kaspa:qzgtduqyccg66ms6crgpgnnn802c7drpevy4fsq8069lpzhdwfxhy4079jsrp,199588153400,
ea71d01f3053cb79c357c8c9ecaaf9a0a158b1a7097548f6ba1bb25f21091135,2024-11-18T08:53:04.667000,sent,kaspa:qqnqv3rvnctfyrjteurqm0gmqfu7yjg3949yxpyxxfa4rgm9nt2zxauwq8xvs,2240000000000,
ea71d01f3053cb79c357c8c9ecaaf9a0a158b1a7097548f6ba1bb25f21091135,2024-11-18T08:53:04.667000,sent,kaspa:qptwd8c3347e6c9u94e73mzf23zp9qnfdrn3kk60y3m4axv4xr36wzqknkchw,15395394092,
95b447d516d68fabb79565464776f0b4405335eaa89298b5e50dde2be113b971,2024-11-18T08:50:29.537000,received,kaspa:qzgtduqyccg66ms6crgpgnnn802c7drpevy4fsq8069lpzhdwfxhy4079jsrp,997988092366,
95b447d516d68fabb79565464776f0b4405335eaa89298b5e50dde2be113b971,2024-11-18T08:50:29.537000,received,kaspa:qzgtduqyccg66ms6crgpgnnn802c7drpevy4fsq8069lpzhdwfxhy4079jsrp,997988092366,
8486a44d6a2708972f36a042e48cef476f94f76494e71fde905623c18a2167a6,2024-11-18T06:29:48.936000,sent,kaspa:qqnqv3rvnctfyrjteurqm0gmqfu7yjg3949yxpyxxfa4rgm9nt2zxauwq8xvs,996000000000,
8486a44d6a2708972f36a042e48cef476f94f76494e71fde905623c18a2167a6,2024-11-18T06:29:48.936000,sent,kaspa:qr4udtasrq70kdzv40t3qc4j88xurc96jyvrgfmm60a3lc2egpztuz7auwjjw,8408550419,
34b38bc9a9a5f63b399c456bb8a66e2fc428d32a1aabced828c6fa87aefbb447,2024-11-18T06:25:23.636000,received,kaspa:qzgtduqyccg66ms6crgpgnnn802c7drpevy4fsq8069lpzhdwfxhy4079jsrp,997987768956,
34b38bc9a9a5f63b399c456bb8a66e2fc428d32a1aabced828c6fa87aefbb447,2024-11-18T06:25:23.636000,received,kaspa:qzgtduqyccg66ms6crgpgnnn802c7drpevy4fsq8069lpzhdwfxhy4079jsrp,997987768956,
436b5604aafd01c4825f5420d60adcfbb9d05345e9a82d7fd120da08d3076684,2024-02-07T19:43:24.568000,sent,kaspa:qqnqv3rvnctfyrjteurqm0gmqfu7yjg3949yxpyxxfa4rgm9nt2zxauwq8xvs,1300000000000,
436b5604aafd01c4825f5420d60adcfbb9d05345e9a82d7fd120da08d3076684,2024-02-07T19:43:24.568000,sent,kaspa:qpqcphpx4m9endca8hz9tqjs3afnmzsvyq6v5qsrpxcw873rc9p7qj0cs9rrr,22681706936,
4e7eb19f7b3afe40e11c1846e90839821b2ec3247d3d02d41c20df2658f7323f,2024-02-07T19:42:52.772000,received,kaspa:qptct2r0a80sf6ta43u4dte8d2m3eqg9p8xc7qxq76ds89da43yzu7m0sqr75,1300000000000,
4e7eb19f7b3afe40e11c1846e90839821b2ec3247d3d02d41c20df2658f7323f,2024-02-07T19:42:52.772000,received,kaspa:qptct2r0a80sf6ta43u4dte8d2m3eqg9p8xc7qxq76ds89da43yzu7m0sqr75,1300000000000,
e8cc286ce6553e84940130a352e173c5a137877c2e8e2a4503ceb05c2536e3df,2023-11-14T18:47:35.296000,sent,kaspa:qqnqv3rvnctfyrjteurqm0gmqfu7yjg3949yxpyxxfa4rgm9nt2zxauwq8xvs,60000000000,
e8cc286ce6553e84940130a352e173c5a137877c2e8e2a4503ceb05c2536e3df,2023-11-14T18:47:35.296000,sent,kaspa:qrcn7gujwjddpyzgj3jdtqqexaf9pyj67ge6ueczk0n2pxur8v9v50d8uydfh,34362159843,
5df93e3602d7866488681d6b910626df66962cbfc5225b298018ed64781bd40e,2023-11-14T18:47:06.953000,received,kaspa:qptct2r0a80sf6ta43u4dte8d2m3eqg9p8xc7qxq76ds89da43yzu7m0sqr75,60000000000,
5df93e3602d7866488681d6b910626df66962cbfc5225b298018ed64781bd40e,2023-11-14T18:47:06.953000,received,kaspa:qptct2r0a80sf6ta43u4dte8d2m3eqg9p8xc7qxq76ds89da43yzu7m0sqr75,60000000000,
c347486670b6c803a1b7ca21b41a6000c80a24aced9f8694de8bfa31af6e05db,2023-08-31T15:52:12.826000,sent,kaspa:qypyvgc69vavkwu390gaay2hyt07fzcmpn3wljj9r2ummqjp4tpdhhgs7dthv47,49999996769,
c347486670b6c803a1b7ca21b41a6000c80a24aced9f8694de8bfa31af6e05db,2023-08-31T15:52:12.826000,sent,kaspa:qrl5dk27p0lyxpchpc8e0u6fz3ww9kf4yzfed6vksegmgczqrk0zuvw05yhvm,36770821329,
6b5ac7ab75b4d4108c27e4b1eb17c10320b3361d753f4f62f7344d500c6fe2cd,2023-08-31T15:51:14.232000,received,kaspa:qp3ffqajvatsnjykm0mfc234xa660dm5qj6ld08vqr5gw3pgn4mcgafy9xxfw,69687741000,
