tx_id,timestamp,direction,peer_address,amount_sompi,cex_label
92345c7c1fcd54e8dc1ab9a0586a93d4ae5a765263c58b03c1a1c472fe09fb67,2023-12-26T14:30:57.943000,sent,kaspa:precqv0krj3r6uyyfa36ga7s0u9jct0v4wg8ctsfde2gkrsgwgw8jgxfzfc98,1000000000,
92345c7c1fcd54e8dc1ab9a0586a93d4ae5a765263c58b03c1a1c472fe09fb67,2023-12-26T14:30:57.943000,sent,kaspa:qz7p44ka72up605we6umhnz6nyhcxhywwjtrlxn262p3khvct7jm6arxqq9rq,8999997920,
2febf99696fb1b4e58e7794a1aa60c80df41d1ab51f4e43caee9c460dfc1dd37,2023-12-05T15:15:58.375000,received,kaspa:qz4sr6jv8wuxs9p6wxustmsut5t3w2vatfqsy4jm8a0980pdgylfvszu8gkkc,10000000000,
2febf99696fb1b4e58e7794a1aa60c80df41d1ab51f4e43caee9c460dfc1dd37,2023-12-05T15:15:58.375000,received,kaspa:qz4sr6jv8wuxs9p6wxustmsut5t3w2vatfqsy4jm8a0980pdgylfvszu8gkkc,10000000000,
2febf99696fb1b4e58e7794a1aa60c80df41d1ab51f4e43caee9c460dfc1dd37,2023-12-05T15:15:58.375000,received,kaspa:qz4sr6jv8wuxs9p6wxustmsut5t3w2vatfqsy4jm8a0980pdgylfvszu8gkkc,10000000000,
2febf99696fb1b4e58e7794a1aa60c80df41d1ab51f4e43caee9c460dfc1dd37,2023-12-05T15:15:58.375000,received,kaspa:qz4sr6jv8wuxs9p6wxustmsut5t3w2vatfqsy4jm8a0980pdgylfvszu8gkkc,10000000000,
2febf99696fb1b4e58e7794a1aa60c80df41d1ab51f4e43caee9c460dfc1dd37,2023-12-05T15:15:58.375000,received,kaspa:qz4sr6jv8wuxs9p6wxustmsut5t3w2vatfqsy4jm8a0980pdgylfvszu8gkkc,10000000000,
