tx_id,timestamp,direction,peer_address,amount_sompi,cex_label
cf20e1b3cb0cb90865f4f536c19464d067dbd93034e6d6292dc5f6e1afad8098,2024-08-28T10:55:08.500000,sent,kaspa:qrrh3hdw4fj0fgv73u6fpkpfq5x9kwxaq343rchd85vyf3lucynccn9jyxgsq,575000000000,
cf20e1b3cb0cb90865f4f536c19464d067dbd93034e6d6292dc5f6e1afad8098,2024-08-28T10:55:08.500000,sent,kaspa:qqpgztltfnd9ada97dzm72x84tm2nyz8ces0nupa7yagpm0aflszykzmjh08u,50902276000,
88dc0f013a2d24bcb21ed5d7e78e59f85560cfa34b83e408f244545e0c76db9d,2024-06-24T19:11:21.494000,received,kaspa:qqt0gw5s6dzwzga2a3l40j0xlyfr7dmgpln9svfx4xst06h9wxcp6a5upfvf4,66073760000,
88dc0f013a2d24bcb21ed5d7e78e59f85560cfa34b83e408f244545e0c76db9d,2024-06-24T19:11:21.494000,received,kaspa:qplj0xdafvpt0u9tkwereeflhnx26um6f0t44vx3vw54n606mcfpwe83g2a6a,66073760000,
88dc0f013a2d24bcb21ed5d7e78e59f85560cfa34b83e408f244545e0c76db9d,2024-06-24T19:11:21.494000,received,kaspa:qqfmmassna5nzz42gewwxupvlaplvh7ew4sdeults2369knsmz4evlr5003a0,66073760000,
88dc0f013a2d24bcb21ed5d7e78e59f85560cfa34b83e408f244545e0c76db9d,2024-06-24T19:11:21.494000,received,kaspa:qpvuj6aehfpmxxj02n0qrgaj27levt2t50dcd23rd35xyhkgctzxuaw8nzfe2,66073760000,
88dc0f013a2d24bcb21ed5d7e78e59f85560cfa34b83e408f244545e0c76db9d,2024-06-24T19:11:21.494000,received,kaspa:qrvum29vk365g0zcd5gx3c7h829etfq2ytdmscjzw4zw04fjfnprcg9c3tges,66073760000,
