tx_id,timestamp,direction,peer_address,amount_sompi,cex_label
67e67f26a020727d7f1d407024bddbeb1171ff449ae27927eab9005a534774fd,2024-11-18T12:54:57.419000,sent,kaspa:qqnqv3rvnctfyrjteurqm0gmqfu7yjg3949yxpyxxfa4rgm9nt2zxauwq8xvs,800000000000,
67e67f26a020727d7f1d407024bddbeb1171ff449ae27927eab9005a534774fd,2024-11-18T12:54:57.419000,sent,kaspa:qqk6p5akqvwfu6y2ppdu4a6r7pgu7t85nxq6ft5ql3v59x4vxzlx2jmggm594,7311635342,
a23ec91190a6b82789eae7a92c5f01a22097ccae238f36dd80fd46eee0588a72,2024-11-18T12:19:54.525000,received,kaspa:qzgtduqyccg66ms6crgpgnnn802c7drpevy4fsq8069lpzhdwfxhy4079jsrp,199587945901,
a23ec91190a6b82789eae7a92c5f01a22097ccae238f36dd80fd46eee0588a72,2024-11-18T12:19:54.525000,received,kaspa:qzgtduqyccg66ms6crgpgnnn802c7drpevy4fsq8069lpzhdwfxhy4079jsrp,199587945901,
