tx_id,timestamp,direction,peer_address,amount_sompi,cex_label
d362155e0cd639be0aecb3dea6c37805e267a16945c5d4d8da8748b09da50bb3,2023-12-18T12:39:46.626000,sent,kaspa:qr57zzheyw9nke602g9j5h90vd9k777k3p6clp5xv76ppqnxrtwajv8082m7x,9870880000,
102f765f1aeadf06d55e2e18ffc20226b6228f0eda82210b6b3d2db9950a75ae,2023-12-12T17:56:44.958000,received,kaspa:qypswxtcrv4ssyjaswy5w9387vq73mkuyq85tl34cee6qn5uexqy0csgnafnjx7,171000000,
328c70aad3c6b74d9b92d8b21f9dad91a89cccdf8d6392952329409bac445087,2023-11-29T06:32:07.643000,sent,kaspa:qypcjm0u6yy7t2jy97ghnsjflk35pv5paa8zfqhz635lrk3tzwdgtks65dvw8dd,18000000,
328c70aad3c6b74d9b92d8b21f9dad91a89cccdf8d6392952329409bac445087,2023-11-29T06:32:07.643000,sent,kaspa:qzmxgnllqyd3aa4z5f9pxykun8e0q4twmgccah8t4rd0fumns2j6y9ee9tfcn,505670000,
c60b0a57a527e724ee65f5fbfa680b3e79add69c003086648c85f781e880649f,2023-11-29T06:18:34.255000,received,kaspa:qr4gyu9353x3qexlehvcqd67h8sptuwxqq8tvkpd3gg9auenpv3x5zd8r4nvg,523680000,
