tx_id,timestamp,direction,peer_address,amount_sompi,cex_label
c10ab49aa25a8d12853d4295e90ab7bb362faa91818a0c1780bd1c25e873148d,2023-12-16T04:24:23.914000,sent,kaspa:qzslgwenzu78t6tldlng383g7ruu4enaljmnkgaulyrscjp7ldt26x8gfxck5,171940000,
c10ab49aa25a8d12853d4295e90ab7bb362faa91818a0c1780bd1c25e873148d,2023-12-16T04:24:23.914000,sent,kaspa:qzslgwenzu78t6tldlng383g7ruu4enaljmnkgaulyrscjp7ldt26x8gfxck5,171940000,
19724beb78c1d0f28164f5d18b71ef14086c1e0b5b0335345636d0d7068885c0,2023-12-12T11:14:09.101000,received,kaspa:qypswxtcrv4ssyjaswy5w9387vq73mkuyq85tl34cee6qn5uexqy0csgnafnjx7,171000000,
a47daea91a05a85808601104c0f8871bb8a7fbf7f16d863b0c12d4a7575c801f,2023-11-28T15:34:59.545000,sent,kaspa:qyp8kwx08ggeecgwmq5hey45jgz4qv0tl68ge37xyn8m2xj623v6h0gz9w0fszr,18000000,
04baaf8a1583adab9cad0392f3c383f79c2950e72b69040ec2d135b91a5738e3,2023-11-27T17:53:54.957000,received,kaspa:qznguj27925ujdf0xgxstsdzhd6hge2yls4q4wwk9nlhgtewm26h7djkxmafl,19000000,
