tx_id,timestamp,direction,peer_address,amount_sompi,cex_label
98665e2ea0fe80261d39302ba72c095ad2e26ae43126b77789ea8580b62ae6f7,2025-05-13T14:59:16.334000,sent,kaspa:qpfs4fmtcl6ejqe9shu374dxe89kxet2r8tjmkutk74nde8xw2fu5xr7tky77,10000000000,
a442f46bbffd60ba734faf4431259966428b4a968803c22ce29eb96ff47cda4c,2025-02-01T21:13:52.919000,sent,kaspa:qpcwfw82azahy6y33j33xrqdzf7r0c09ln9y7g9c95m3q2d9ayttxxeh7hyzd,100000000000,
f8c8e300e633a0733063be0f28800b057fb9b020812ea3854c761c236daa4e27,2024-02-27T08:24:17.388000,sent,kaspa:qq9zagcza4jt76eev9jl5z0nqhe0thcu7js8larktj4sle7lvgnw7sfcewlty,1000000000000,
78b29f1a3b8299a5fec2f534316e8afb71b707623b3c0ed48a1cf475c6c5d372,2023-11-24T09:12:38.994000,sent,kaspa:qpcwfw82azahy6y33j33xrqdzf7r0c09ln9y7g9c95m3q2d9ayttxxeh7hyzd,1000000000000,
049ad2ad74150cc8faedc996bccd3df7559ed970174d94ef925bd59de7e2bc1b,2023-06-18T18:53:09.875000,received,kaspa:qrmv28r0j84zwhzp7aj7lg5z4krzutyrf2m4h7zs3w0hjfqkhs0tw0y32z34k,9011423900000,
049ad2ad74150cc8faedc996bccd3df7559ed970174d94ef925bd59de7e2bc1b,2023-06-18T18:53:09.875000,received,kaspa:qrmv28r0j84zwhzp7aj7lg5z4krzutyrf2m4h7zs3w0hjfqkhs0tw0y32z34k,9011423900000,
049ad2ad74150cc8faedc996bccd3df7559ed970174d94ef925bd59de7e2bc1b,2023-06-18T18:53:09.875000,received,kaspa:qrmv28r0j84zwhzp7aj7lg5z4krzutyrf2m4h7zs3w0hjfqkhs0tw0y32z34k,9011423900000,
