tx_id,timestamp,direction,peer_address,amount_sompi,cex_label
5729ba2eaf48ff392d0f7cfb20586185cd3c7616a71b099d4ece742fdf3b1971,2023-12-16T04:17:07.765000,sent,kaspa:qzslgwenzu78t6tldlng383g7ruu4enaljmnkgaulyrscjp7ldt26x8gfxck5,171940000,
5729ba2eaf48ff392d0f7cfb20586185cd3c7616a71b099d4ece742fdf3b1971,2023-12-16T04:17:07.765000,sent,kaspa:qzslgwenzu78t6tldlng383g7ruu4enaljmnkgaulyrscjp7ldt26x8gfxck5,171940000,
eb4aa463703acc044bbfaf6cf95940c72599f9d6326d53eeb21cd57ae1e7e236,2023-12-12T06:20:30.953000,received,kaspa:qypswxtcrv4ssyjaswy5w9387vq73mkuyq85tl34cee6qn5uexqy0csgnafnjx7,171000000,
ec5ac267e0a860b67bcd81a869068947df2fe7e8544c732b041301c327776ccf,2023-11-28T07:05:14.766000,sent,kaspa:qypg66a7ycmaw94emzzurygq99434cxzrzqe3q5t3qyeznkuadm6rcgjh853pga,18000000,
9a89cdcf5dca85c1d4000c6e7f7818a36a2796384f6f94aae7d11459d48cbced,2023-11-28T02:44:43.943000,received,kaspa:qza2tqfcw6dckpck2wtdazuqm02vl2nqw8crr8dhjxt6mulmum88s7y72f98a,19000000,
