tx_id,timestamp,direction,peer_address,amount_sompi,cex_label
356a908c629bc2144e7ea67c6a62636c7bcd674293c792920ff74ea10d5ce0d6,2023-12-16T04:22:19.339000,sent,kaspa:qzslgwenzu78t6tldlng383g7ruu4enaljmnkgaulyrscjp7ldt26x8gfxck5,171940000,
356a908c629bc2144e7ea67c6a62636c7bcd674293c792920ff74ea10d5ce0d6,2023-12-16T04:22:19.339000,sent,kaspa:qzslgwenzu78t6tldlng383g7ruu4enaljmnkgaulyrscjp7ldt26x8gfxck5,171940000,
9093f09bf6f806962aac5cb5bf1ef06b3dde44f7a68f7bad2c3dfe7673aa3468,2023-12-12T10:09:54.983000,received,kaspa:qypswxtcrv4ssyjaswy5w9387vq73mkuyq85tl34cee6qn5uexqy0csgnafnjx7,171000000,
d5c2756621baec5a7ec09d1870a531bdf9599835d481647672e9c4dec08afb4a,2023-11-28T14:20:25.485000,sent,kaspa:qypsk9xm3sdrzlppsns3cltdxak9vm4ljm6wkwpg6n9l64fqpkcg22sg4cu3fpg,18000000,
a4b3170c860c693491c000465104ff11a4844792a2048b7e1f3e6f627aeb5382,2023-11-27T10:23:18.234000,received,kaspa:qpdjqjhljgwecx97gmu3ppt82k6utc6sqn6t9wv53y3gqxj7vk6e53az8qzhz,19000000,
