tx_id,timestamp,direction,peer_address,amount_sompi,cex_label
5b7e3d84fc1a9c69775d5957ff07285c89b0cd790680525a1a3209caddb3dac8,2025-04-13T17:33:09.889000,received,kaspa:ppzcpy00s856mysvsa886eqtq27fcls4lwfe39sd5h6akmkw82qw6lrl22vsw,20000000,
5a43906defbb147a8dd07a74ecc15d8cdb6320b792e3aa8697fd0f8f25d8eabb,2025-04-13T17:33:05.348000,sent,kaspa:ppzcpy00s856mysvsa886eqtq27fcls4lwfe39sd5h6akmkw82qw6lrl22vsw,20004100,
5a43906defbb147a8dd07a74ecc15d8cdb6320b792e3aa8697fd0f8f25d8eabb,2025-04-13T17:33:05.348000,sent,kaspa:ppzcpy00s856mysvsa886eqtq27fcls4lwfe39sd5h6akmkw82qw6lrl22vsw,20004100,
1c774cd95ab2c01becd1238fd475ead959c273197cc51f3e34534f84f4cbb1c0,2025-04-13T17:32:33.750000,received,kaspa:pr5ljml7ae9l48gp9gsyfy0eg30sshuz48g48mufl2vtvwgetugfctl88cf4z,20000000,
e17f1b56dbd53b3900afa63e5ffd51c0b85e88935b06bb610ae19791b1810574,2025-04-13T17:32:31.348000,sent,kaspa:pr5ljml7ae9l48gp9gsyfy0eg30sshuz48g48mufl2vtvwgetugfctl88cf4z,20004100,
e17f1b56dbd53b3900afa63e5ffd51c0b85e88935b06bb610ae19791b1810574,2025-04-13T17:32:31.348000,sent,kaspa:pr5ljml7ae9l48gp9gsyfy0eg30sshuz48g48mufl2vtvwgetugfctl88cf4z,20004100,
224219c3334aba15d9d984a401fd2dd014af33f1e3c99634cbd9d63c7c70a812,2025-04-13T17:31:50.371000,received,kaspa:pzfnfxc3l7p725undqecrnr28c5tdstqv09fs8mzlhh48n60as922fawc0eaj,20000000,
9ae1673283fcd75b0847d35437ba661b83f53a7a9e0fdfdd2eb13d8ab99ecf65,2025-04-13T17:31:46.083000,sent,kaspa:pzfnfxc3l7p725undqecrnr28c5tdstqv09fs8mzlhh48n60as922fawc0eaj,20004100,
d4fffe7b27a4792e4af8d9f652ec766bba545eed16ef6f838cf7b62388d488ff,2025-04-11T21:32:06.350000,sent,kaspa:qztklmzm55s5e2nrkrqxc0xr7u5uwgkhrlz9vue945gepys4cg6u7u6pt25ap,5760000000,
4f35181f90419e616229837e67e765ad0dee1cf03ea4f5ff5754d9544522691c,2025-01-13T23:48:31.235000,sent,kaspa:qz7426v9yd8rymgtlka9k49ag5l9704cm293l55qupfhzuu3h6sxjq2zkv8tc,2000000000000,
6228d90c326e9f5ef808d264c89b03f8aa5df790d7e85b91f57d8cf384fdb2aa,2024-11-19T06:36:21.953000,sent,kaspa:qypgxhx0hhg49p622yctczf7upjw99mqs5sr7vnl6757e8kp5mf82ugk9yxv2gj,100000000,
a573211e444baff03a6f0e27f93a75982839fd9cbad359bd07831132818a3a4c,2024-11-09T07:37:54.524000,sent,kaspa:qz7426v9yd8rymgtlka9k49ag5l9704cm293l55qupfhzuu3h6sxjq2zkv8tc,1000000000000,
70833eaacb5f4fd8b20e5c074fcddeb8e375545db6bbd5a5feee0784421e1ffa,2024-10-20T23:27:40.850000,sent,kaspa:qr0um8typp229cxj7r67qp2s9lrzh4apmmej8t963ar40c9x8dmckpr87a79v,1400000000000,
787d2d2c43d11f69d7415ff99d856eab0d21da9c12a03edf0ea55e28e8238835,2024-05-06T14:03:37.577000,sent,kaspa:qz7426v9yd8rymgtlka9k49ag5l9704cm293l55qupfhzuu3h6sxjq2zkv8tc,4600000000000,
787d2d2c43d11f69d7415ff99d856eab0d21da9c12a03edf0ea55e28e8238835,2024-05-06T14:03:37.577000,sent,kaspa:qz7426v9yd8rymgtlka9k49ag5l9704cm293l55qupfhzuu3h6sxjq2zkv8tc,4600000000000,
787d2d2c43d11f69d7415ff99d856eab0d21da9c12a03edf0ea55e28e8238835,2024-05-06T14:03:37.577000,sent,kaspa:qz7426v9yd8rymgtlka9k49ag5l9704cm293l55qupfhzuu3h6sxjq2zkv8tc,4600000000000,
ac9f9381a24a2a7296f2d1246ec3947e52c38bf278fadc30f80487e5b7822299,2024-04-14T19:06:27.992000,received,kaspa:qppr7q4mykgfw4s37lh4z7pqa6x5a5aya9g0ku4dvyk4rttf2smrxk4680npn,67056671823,
0f5e06c27c9fc255fd9531d4a40a9e6efcf4658fa7955057ae86f97140fd522c,2024-04-14T18:03:01.492000,received,kaspa:qqetp7ct8kqss99fxmymyz5t3fezppxp0t58wl6pawp27elqd46uudme00cl0,861494000000,
0f5e06c27c9fc255fd9531d4a40a9e6efcf4658fa7955057ae86f97140fd522c,2024-04-14T18:03:01.492000,received,kaspa:qpzpfwcsqsxhxwup26r55fd0ghqlhyugz8cp6y3wxuddc02vcxtjg75pspnwz,861494000000,MEXC
7e4f4e60ab57f85c501b2b45dedba18056b7c2c7c97504ab9ed500339f4f5920,2024-03-02T18:35:50.093000,sent,kaspa:qqk7kvakc98fceyqmgrxpypyu8atghkgwcn7th7mmqs3h4vvh4645sscaahd9,100000000,
9e7bc86d512e1a77a7c46b9c6c05e0b6ea2875faf82f22f5e7504e31e2ae3da9,2024-02-24T22:33:49.750000,sent,kaspa:qpcplz5c2w8as828m8xynwuyxstgqezfp4t9tlncp8nl0rltxwtju9ku25fk6,100000000,
9e7bc86d512e1a77a7c46b9c6c05e0b6ea2875faf82f22f5e7504e31e2ae3da9,2024-02-24T22:33:49.750000,sent,kaspa:qpcplz5c2w8as828m8xynwuyxstgqezfp4t9tlncp8nl0rltxwtju9ku25fk6,100000000,
9e7bc86d512e1a77a7c46b9c6c05e0b6ea2875faf82f22f5e7504e31e2ae3da9,2024-02-24T22:33:49.750000,sent,kaspa:qpcplz5c2w8as828m8xynwuyxstgqezfp4t9tlncp8nl0rltxwtju9ku25fk6,100000000,
9e7bc86d512e1a77a7c46b9c6c05e0b6ea2875faf82f22f5e7504e31e2ae3da9,2024-02-24T22:33:49.750000,sent,kaspa:qpcplz5c2w8as828m8xynwuyxstgqezfp4t9tlncp8nl0rltxwtju9ku25fk6,100000000,
9e7bc86d512e1a77a7c46b9c6c05e0b6ea2875faf82f22f5e7504e31e2ae3da9,2024-02-24T22:33:49.750000,sent,kaspa:qpcplz5c2w8as828m8xynwuyxstgqezfp4t9tlncp8nl0rltxwtju9ku25fk6,100000000,
996a42b7089d25867cd1a6755a03f22611f0c5d81aa444ed55bb2a646f497b38,2024-02-14T09:58:52.060000,received,kaspa:qrqv4lez69dtmj7fn5q2gmvy4ud8h08qe9tjazl6662s3qacna756d0rm6ghk,54400000000,
ac119bd73973f1bcc07d4fc98decd84002810324f2e20f83e4c57b3836bfd928,2024-02-06T18:02:52.015000,received,kaspa:qpq94ntnvy8p9q6wrdwtn37xtspgashrydc0kuu8ctpyxulmh0wlxh2807zdh,195763879164,
9306822152e0cb497ed3636dda958ff18dc426b434480a2c290b525a23bb4d7c,2024-02-06T17:55:01.360000,received,kaspa:qqetp7ct8kqss99fxmymyz5t3fezppxp0t58wl6pawp27elqd46uudme00cl0,2493538000000,
9306822152e0cb497ed3636dda958ff18dc426b434480a2c290b525a23bb4d7c,2024-02-06T17:55:01.360000,received,kaspa:qpzpfwcsqsxhxwup26r55fd0ghqlhyugz8cp6y3wxuddc02vcxtjg75pspnwz,2493538000000,MEXC
d0f6a1fd70c05efcd68e30c650e4e8680d7537e18fe26a30f78bc1c7dfa33c88,2024-02-06T17:47:02.621000,received,kaspa:qqetp7ct8kqss99fxmymyz5t3fezppxp0t58wl6pawp27elqd46uudme00cl0,2280629000000,
d0f6a1fd70c05efcd68e30c650e4e8680d7537e18fe26a30f78bc1c7dfa33c88,2024-02-06T17:47:02.621000,received,kaspa:qpzpfwcsqsxhxwup26r55fd0ghqlhyugz8cp6y3wxuddc02vcxtjg75pspnwz,2280629000000,MEXC
e62a194c1c2809af8bbd517938d576b0c9a95ce14f51a8fda7206d5f7fcaf3ed,2023-12-27T11:51:21.557000,sent,kaspa:qypjwmarpd2mlpxnelu9szxxuxca7gvm2523n0wyck8l288hjhc7kusyxqys69y,2030800000000,
e62a194c1c2809af8bbd517938d576b0c9a95ce14f51a8fda7206d5f7fcaf3ed,2023-12-27T11:51:21.557000,sent,kaspa:qypjwmarpd2mlpxnelu9szxxuxca7gvm2523n0wyck8l288hjhc7kusyxqys69y,2030800000000,
e62a194c1c2809af8bbd517938d576b0c9a95ce14f51a8fda7206d5f7fcaf3ed,2023-12-27T11:51:21.557000,sent,kaspa:qypjwmarpd2mlpxnelu9szxxuxca7gvm2523n0wyck8l288hjhc7kusyxqys69y,2030800000000,
9897ad7487bdb08a4697b89bd1e37cfe38f82a66b176064d9d81721006a68559,2023-12-25T10:36:00.480000,received,kaspa:qqetp7ct8kqss99fxmymyz5t3fezppxp0t58wl6pawp27elqd46uudme00cl0,2030855077931,
9897ad7487bdb08a4697b89bd1e37cfe38f82a66b176064d9d81721006a68559,2023-12-25T10:36:00.480000,received,kaspa:qqetp7ct8kqss99fxmymyz5t3fezppxp0t58wl6pawp27elqd46uudme00cl0,2030855077931,
8e707869b115b26670dd61da1a42b11aec9e509ba9a49377dbd71912095306c0,2023-12-25T10:20:42.332000,received,kaspa:qqetp7ct8kqss99fxmymyz5t3fezppxp0t58wl6pawp27elqd46uudme00cl0,9000000000,
8e707869b115b26670dd61da1a42b11aec9e509ba9a49377dbd71912095306c0,2023-12-25T10:20:42.332000,received,kaspa:qqetp7ct8kqss99fxmymyz5t3fezppxp0t58wl6pawp27elqd46uudme00cl0,9000000000,
92824d1248790922a11eea877e1fc06ddd1b4d76a62a6359efe9554b5c3a8160,2023-12-24T12:31:35.311000,sent,kaspa:qz7426v9yd8rymgtlka9k49ag5l9704cm293l55qupfhzuu3h6sxjq2zkv8tc,4500000000000,
92824d1248790922a11eea877e1fc06ddd1b4d76a62a6359efe9554b5c3a8160,2023-12-24T12:31:35.311000,sent,kaspa:qz7426v9yd8rymgtlka9k49ag5l9704cm293l55qupfhzuu3h6sxjq2zkv8tc,4500000000000,
92824d1248790922a11eea877e1fc06ddd1b4d76a62a6359efe9554b5c3a8160,2023-12-24T12:31:35.311000,sent,kaspa:qz7426v9yd8rymgtlka9k49ag5l9704cm293l55qupfhzuu3h6sxjq2zkv8tc,4500000000000,
92824d1248790922a11eea877e1fc06ddd1b4d76a62a6359efe9554b5c3a8160,2023-12-24T12:31:35.311000,sent,kaspa:qz7426v9yd8rymgtlka9k49ag5l9704cm293l55qupfhzuu3h6sxjq2zkv8tc,4500000000000,
92824d1248790922a11eea877e1fc06ddd1b4d76a62a6359efe9554b5c3a8160,2023-12-24T12:31:35.311000,sent,kaspa:qz7426v9yd8rymgtlka9k49ag5l9704cm293l55qupfhzuu3h6sxjq2zkv8tc,4500000000000,
e485c0a5f35c8b579b40e08e0d6196893c6fe3929efe315e4e53b953df1c79ea,2023-12-23T10:52:03.552000,received,kaspa:qqetp7ct8kqss99fxmymyz5t3fezppxp0t58wl6pawp27elqd46uudme00cl0,479769000000,
da5745ec9b5b6f41774740f9f404954144a41b10e19f03956e61015a22094e88,2023-12-08T20:39:50.424000,received,kaspa:qqetp7ct8kqss99fxmymyz5t3fezppxp0t58wl6pawp27elqd46uudme00cl0,1499000000000,
658bf32201a666cff59ff2422c24fe1159dac36ce55d755600f41a6b59c9a66b,2023-12-08T20:12:02.260000,received,kaspa:qzc9yguldsujr7wg3f2wmzumnankphpxkdtjgnk3ujxs5d9q28am7f0sls4mv,149162147850,
4e6ca5dc8a55f9f82dad1b57bb95eb477e87dd3ad3ce84e83dc14a34548a510f,2023-11-24T10:12:04.001000,received,kaspa:qpzpfwcsqsxhxwup26r55fd0ghqlhyugz8cp6y3wxuddc02vcxtjg75pspnwz,774852000000,MEXC
e40fa1ffe9febd4ee8cc0b5b9897c408f63fea6dc211c6a19a33c28e2ed09575,2023-11-17T22:04:13.565000,sent,kaspa:qqfkuxs7qpcykg4xc386skgue9xzgyufe6u7wluvk8jtvnmtfwz0xfwysz3xp,2000000000,
9c82aeb244d02c457c1184bd2f695617e3b8de658d5e992fbfa430a2d4571e8c,2023-10-29T19:00:17.724000,sent,kaspa:qrqv4lez69dtmj7fn5q2gmvy4ud8h08qe9tjazl6662s3qacna756d0rm6ghk,639300000000,
9c82aeb244d02c457c1184bd2f695617e3b8de658d5e992fbfa430a2d4571e8c,2023-10-29T19:00:17.724000,sent,kaspa:qrqv4lez69dtmj7fn5q2gmvy4ud8h08qe9tjazl6662s3qacna756d0rm6ghk,639300000000,
9c82aeb244d02c457c1184bd2f695617e3b8de658d5e992fbfa430a2d4571e8c,2023-10-29T19:00:17.724000,sent,kaspa:qrqv4lez69dtmj7fn5q2gmvy4ud8h08qe9tjazl6662s3qacna756d0rm6ghk,639300000000,
93ab36735d0627ba000a7a9419592697d0588f9734cf02ceac3621df3f789371,2023-10-28T16:34:03.713000,received,kaspa:qqetp7ct8kqss99fxmymyz5t3fezppxp0t58wl6pawp27elqd46uudme00cl0,887919000000,
a95f464cfb8ed0ec17d1fafae55c1248f6ad1e319e9b9c6186c559981a5bb98a,2023-10-10T20:38:38.093000,received,kaspa:qqetp7ct8kqss99fxmymyz5t3fezppxp0t58wl6pawp27elqd46uudme00cl0,12389244092387,
cb25c3696c2f8092dce859389060a6e128a4afd7299460504514177f78453d1e,2023-10-10T20:37:05.956000,received,kaspa:qqetp7ct8kqss99fxmymyz5t3fezppxp0t58wl6pawp27elqd46uudme00cl0,7000000000,
59b02a5eafa2f2cabd0e4607c8753b58370525927855503cc77410dfe67c6f79,2023-10-10T19:10:45.596000,sent,kaspa:qz7426v9yd8rymgtlka9k49ag5l9704cm293l55qupfhzuu3h6sxjq2zkv8tc,12397244092387,
313acb36193ad0913490d85c39e258050b8158c533b84d9de57d816cb7da5bf3,2023-10-10T19:01:49.997000,sent,kaspa:qz7426v9yd8rymgtlka9k49ag5l9704cm293l55qupfhzuu3h6sxjq2zkv8tc,5000000000,
313acb36193ad0913490d85c39e258050b8158c533b84d9de57d816cb7da5bf3,2023-10-10T19:01:49.997000,sent,kaspa:qz7426v9yd8rymgtlka9k49ag5l9704cm293l55qupfhzuu3h6sxjq2zkv8tc,5000000000,
1a6b7c23bd4b37304414fc16c2614103058de3454c5a90ebbf7261084864496e,2023-10-02T14:33:57.467000,received,kaspa:qqgs6f2glwzajglezjd0qvtfx9f78hxndyput5s23zr3tkp8wkedkpxc2674z,400000000,
1a6b7c23bd4b37304414fc16c2614103058de3454c5a90ebbf7261084864496e,2023-10-02T14:33:57.467000,received,kaspa:qqck0ychear3c756xvf4jhf49zcp25yuthq0rf0nnfxs55w7rqlh7ezu4u7zg,400000000,
1a6b7c23bd4b37304414fc16c2614103058de3454c5a90ebbf7261084864496e,2023-10-02T14:33:57.467000,received,kaspa:qphwhtfm04luew055hur08xxdm7xz0qzzcgfdyp00arel3ax30zg75x05qxkt,400000000,
6c7e163ce1a607a293cb2362f8e85260456b53511129e44754a9c08415d8d1c3,2023-10-02T14:32:39.026000,sent,kaspa:qphwhtfm04luew055hur08xxdm7xz0qzzcgfdyp00arel3ax30zg75x05qxkt,200000000,
21a08d39447ccd117d3aaea4b8b14e0a029bb8374d560c8e1f0d37727d7d1ad3,2023-09-27T22:02:46.284000,sent,kaspa:qphn7jh03zwjn4rveup09ev945v2glh3uulwlmcnzt3azrtd8vxhkuzhpz925,10000000000,
933e57b31d1add3efb1a53d3076d93e4ae36ef9007a83e39fb71dbc6d03f3b13,2023-09-26T15:48:15.915000,sent,kaspa:qqck0ychear3c756xvf4jhf49zcp25yuthq0rf0nnfxs55w7rqlh7ezu4u7zg,200000000,
933e57b31d1add3efb1a53d3076d93e4ae36ef9007a83e39fb71dbc6d03f3b13,2023-09-26T15:48:15.915000,sent,kaspa:qqck0ychear3c756xvf4jhf49zcp25yuthq0rf0nnfxs55w7rqlh7ezu4u7zg,200000000,
a21f804484bd60c9887c90eafb741d28d4353b08579f34784b04e766612d1f49,2023-09-25T10:29:59.475000,received,kaspa:qypp7aj4nqqd05ljd6myawn52nw0nn26s0ah4k8yuhds6e2r58g02egsdt6z0e9,12412044182387,
7178f7f867709a8cd238cf4e42b517a55342e736203b872291a81b1d40a482c2,2023-09-25T10:29:19.801000,received,kaspa:qypp7aj4nqqd05ljd6myawn52nw0nn26s0ah4k8yuhds6e2r58g02egsdt6z0e9,199980000,
7178f7f867709a8cd238cf4e42b517a55342e736203b872291a81b1d40a482c2,2023-09-25T10:29:19.801000,received,kaspa:qypp7aj4nqqd05ljd6myawn52nw0nn26s0ah4k8yuhds6e2r58g02egsdt6z0e9,199980000,
