tx_id,timestamp,direction,peer_address,amount_sompi,cex_label
e21e8afe4e8370b8f2fd77b3c8172d153680e756890e8864f90fca62c2dad268,2024-02-17T11:53:22.590000,sent,kaspa:qqd463qjk795l7x06el7qjdh4hjtprah8mtnxx8exg8wz43fla4djkghheu25,172980000,
e21e8afe4e8370b8f2fd77b3c8172d153680e756890e8864f90fca62c2dad268,2024-02-17T11:53:22.590000,sent,kaspa:qqd463qjk795l7x06el7qjdh4hjtprah8mtnxx8exg8wz43fla4djkghheu25,172980000,
75895093cbccbd4318704fe2fa0322eb20a449d8bf320bd1f06691e9ffa52eb6,2023-12-12T22:15:36.639000,received,kaspa:qypswxtcrv4ssyjaswy5w9387vq73mkuyq85tl34cee6qn5uexqy0csgnafnjx7,171000000,
b0673138c02b75c0ecbe9f769b4865f18322af9354bb8fd7f9e5ca3da08dce6b,2023-11-29T13:52:01.141000,sent,kaspa:qyp7vf3tpgdvhy9e7d2d00s5r8gh3jw92wc3tz68jjfjsnsw5a60wlc2as3as2m,18000000,
51bb3530f5b6feb14b7cc5fd48ff6de6b3370e9c451d0718be35426f8bf0a846,2023-11-27T22:30:24.625000,received,kaspa:qypxh795z50lqe9u3fqnmlwyw7fjgw5xsd0ey6ltg0t3qwvhfpuqakgrgux5h9d,20000000,
