tx_id,timestamp,direction,peer_address,amount_sompi,cex_label
975c2670a860510633f562eff89581a7c536ed3b93f2cf7b46501b502d561087,2024-02-17T07:30:30.311000,sent,kaspa:qyp94yysnwusfq8ujv6m2vu5aprghklyycf0nvers3064uu4sgymftsxf6aagrl,31700000000,
975c2670a860510633f562eff89581a7c536ed3b93f2cf7b46501b502d561087,2024-02-17T07:30:30.311000,sent,kaspa:qyp94yysnwusfq8ujv6m2vu5aprghklyycf0nvers3064uu4sgymftsxf6aagrl,31700000000,
b466b55ca24d1102a3c0f6e3321184523c738a04b4212216d2520e972e668fd5,2024-02-11T18:49:33.055000,received,kaspa:qrce3kzcaaqva5zfswf69vm2zqtj385p6gnqedj2xkfp9xra5xxd7mqee9x9x,31779170950,
32188c4a0afa56df71bcc8e1e46e3e452664c55bdc4d645bdea29019f5e48b92,2024-01-05T13:04:47.538000,sent,kaspa:qyp94yysnwusfq8ujv6m2vu5aprghklyycf0nvers3064uu4sgymftsxf6aagrl,781366100000,
44057f5eb28328bad9e7c2b97195ae175f79ad1342d75e166ce3ff8f8bafc625,2024-01-05T13:02:52.057000,sent,kaspa:qyp94yysnwusfq8ujv6m2vu5aprghklyycf0nvers3064uu4sgymftsxf6aagrl,2000000000,
44057f5eb28328bad9e7c2b97195ae175f79ad1342d75e166ce3ff8f8bafc625,2024-01-05T13:02:52.057000,sent,kaspa:qyp94yysnwusfq8ujv6m2vu5aprghklyycf0nvers3064uu4sgymftsxf6aagrl,2000000000,
44057f5eb28328bad9e7c2b97195ae175f79ad1342d75e166ce3ff8f8bafc625,2024-01-05T13:02:52.057000,sent,kaspa:qyp94yysnwusfq8ujv6m2vu5aprghklyycf0nvers3064uu4sgymftsxf6aagrl,2000000000,
44057f5eb28328bad9e7c2b97195ae175f79ad1342d75e166ce3ff8f8bafc625,2024-01-05T13:02:52.057000,sent,kaspa:qyp94yysnwusfq8ujv6m2vu5aprghklyycf0nvers3064uu4sgymftsxf6aagrl,2000000000,
0f2fa54a69ada1d29410e5ace3d24b3e4f83798853f3d50bc7a128490b7b67ec,2024-01-05T12:45:15.799000,received,kaspa:qyp2lk6mayplxhamtp87hrt4vfn09zac3svjsg2vh8pq6yjqz42la7skvhc8mt8,720692017480,
e76f64a7e761a3ae1ed4dc16023260e45dd2ad62ec9a9e4d02d21d26144f5856,2024-01-05T12:41:07.695000,received,kaspa:qyp2lk6mayplxhamtp87hrt4vfn09zac3svjsg2vh8pq6yjqz42la7skvhc8mt8,10000000000,
7af0022c810d5b0e7843761bf95b61dc25a2ad251e019f24c91c1e2a203e00f1,2024-01-05T12:33:20.786000,received,kaspa:qyp2lk6mayplxhamtp87hrt4vfn09zac3svjsg2vh8pq6yjqz42la7skvhc8mt8,10000000000,
7af0022c810d5b0e7843761bf95b61dc25a2ad251e019f24c91c1e2a203e00f1,2024-01-05T12:33:20.786000,received,kaspa:qyp2lk6mayplxhamtp87hrt4vfn09zac3svjsg2vh8pq6yjqz42la7skvhc8mt8,10000000000,
7af0022c810d5b0e7843761bf95b61dc25a2ad251e019f24c91c1e2a203e00f1,2024-01-05T12:33:20.786000,received,kaspa:qyp2lk6mayplxhamtp87hrt4vfn09zac3svjsg2vh8pq6yjqz42la7skvhc8mt8,10000000000,
7af0022c810d5b0e7843761bf95b61dc25a2ad251e019f24c91c1e2a203e00f1,2024-01-05T12:33:20.786000,received,kaspa:qyp2lk6mayplxhamtp87hrt4vfn09zac3svjsg2vh8pq6yjqz42la7skvhc8mt8,10000000000,
7af0022c810d5b0e7843761bf95b61dc25a2ad251e019f24c91c1e2a203e00f1,2024-01-05T12:33:20.786000,received,kaspa:qyp2lk6mayplxhamtp87hrt4vfn09zac3svjsg2vh8pq6yjqz42la7skvhc8mt8,10000000000,
7af0022c810d5b0e7843761bf95b61dc25a2ad251e019f24c91c1e2a203e00f1,2024-01-05T12:33:20.786000,received,kaspa:qyp2lk6mayplxhamtp87hrt4vfn09zac3svjsg2vh8pq6yjqz42la7skvhc8mt8,10000000000,
7af0022c810d5b0e7843761bf95b61dc25a2ad251e019f24c91c1e2a203e00f1,2024-01-05T12:33:20.786000,received,kaspa:qyp2lk6mayplxhamtp87hrt4vfn09zac3svjsg2vh8pq6yjqz42la7skvhc8mt8,10000000000,
7af0022c810d5b0e7843761bf95b61dc25a2ad251e019f24c91c1e2a203e00f1,2024-01-05T12:33:20.786000,received,kaspa:qyp2lk6mayplxhamtp87hrt4vfn09zac3svjsg2vh8pq6yjqz42la7skvhc8mt8,10000000000,
7af0022c810d5b0e7843761bf95b61dc25a2ad251e019f24c91c1e2a203e00f1,2024-01-05T12:33:20.786000,received,kaspa:qyp2lk6mayplxhamtp87hrt4vfn09zac3svjsg2vh8pq6yjqz42la7skvhc8mt8,10000000000,
7af0022c810d5b0e7843761bf95b61dc25a2ad251e019f24c91c1e2a203e00f1,2024-01-05T12:33:20.786000,received,kaspa:qyp2lk6mayplxhamtp87hrt4vfn09zac3svjsg2vh8pq6yjqz42la7skvhc8mt8,10000000000,
7af0022c810d5b0e7843761bf95b61dc25a2ad251e019f24c91c1e2a203e00f1,2024-01-05T12:33:20.786000,received,kaspa:qyp2lk6mayplxhamtp87hrt4vfn09zac3svjsg2vh8pq6yjqz42la7skvhc8mt8,10000000000,
7af0022c810d5b0e7843761bf95b61dc25a2ad251e019f24c91c1e2a203e00f1,2024-01-05T12:33:20.786000,received,kaspa:qyp2lk6mayplxhamtp87hrt4vfn09zac3svjsg2vh8pq6yjqz42la7skvhc8mt8,10000000000,
7af0022c810d5b0e7843761bf95b61dc25a2ad251e019f24c91c1e2a203e00f1,2024-01-05T12:33:20.786000,received,kaspa:qyp2lk6mayplxhamtp87hrt4vfn09zac3svjsg2vh8pq6yjqz42la7skvhc8mt8,10000000000,
7af0022c810d5b0e7843761bf95b61dc25a2ad251e019f24c91c1e2a203e00f1,2024-01-05T12:33:20.786000,received,kaspa:qyp2lk6mayplxhamtp87hrt4vfn09zac3svjsg2vh8pq6yjqz42la7skvhc8mt8,10000000000,
7af0022c810d5b0e7843761bf95b61dc25a2ad251e019f24c91c1e2a203e00f1,2024-01-05T12:33:20.786000,received,kaspa:qyp2lk6mayplxhamtp87hrt4vfn09zac3svjsg2vh8pq6yjqz42la7skvhc8mt8,10000000000,
7af0022c810d5b0e7843761bf95b61dc25a2ad251e019f24c91c1e2a203e00f1,2024-01-05T12:33:20.786000,received,kaspa:qyp2lk6mayplxhamtp87hrt4vfn09zac3svjsg2vh8pq6yjqz42la7skvhc8mt8,10000000000,
725e0522cf8e65198516c89cfb148833ab060f8dbe21e3819a719ff7160cf35e,2024-01-02T03:16:01.154000,received,kaspa:qpr3u74zmk5pkf3vps52y766lauwdy8a4k8a338ngzqtuup5nwg5wwmx5zuvs,42774278090,
1459c651630e31a8dd3ba6e4f46473ae761313c8f9783e0ba59e2bd4e2cc7839,2023-12-01T13:41:12.175000,sent,kaspa:qqwvnkp47wsj6n4hkdlgj8dsauyx0xvefunnwvvsmpq2udd0ka8ckmpuqw3k5,75937900000,
a7d6c6aa520b82c25105aa3f636d07410853bd05cf81657a26a9c66cea697fe2,2023-11-27T19:01:35.952000,received,kaspa:qq7mrvxgf2ayqa3fvqgpzxlkzpz2ehrhjrcftu22k6962vdgvwpd69rh2jv4c,75938000000,
