tx_id,timestamp,direction,peer_address,amount_sompi,cex_label
080734377dd7440ed9e0bc230c6ab4e9218abc5ab2c12104e5c51afcf1b923a0,2024-02-21T02:47:54.743000,sent,kaspa:qq6unnf8p62vkudx94u4t90ruxma7zad8wew463l5dhgnyjtrt0sc82lc5ykw,170990000,
815b661a2d0fb80a7d7fc2e88a76b287d9a4cbd06f6ca2d1e4684688874f2736,2023-12-12T15:05:45.827000,received,kaspa:qypswxtcrv4ssyjaswy5w9387vq73mkuyq85tl34cee6qn5uexqy0csgnafnjx7,171000000,
b94c7b7928656dad26c71d876e55fd9279bdff92bd3d9fe132d1ec55663a4bee,2023-11-29T01:24:49.509000,sent,kaspa:qqa08nyy06zh2njcxft2xpsfav8nmw4f96z3g8q06vg6epz64ahg55vgms74e,145940000,
38ea68c12c62de89f827dca821160375e57ddc71c074879005f9febe6e49a5b6,2023-11-29T01:22:37.986000,sent,kaspa:qyp2vthhqfc74wal9yvpdfu5zwsfk6pp9japuuh7pjdmc563uuxekfc90vlyxsv,18000000,
36397bf65bbc0643034d7715d01d16e5edfe51783f1587d580efdf067942050f,2023-11-29T01:16:04.711000,received,kaspa:qpch6uf7nznxndcf263eunt7kd4c78wfvhgvq7qg703fgm4pahvkyaqc7nk8p,163960000,
