tx_id,timestamp,direction,peer_address,amount_sompi,cex_label
904c78feabeec63b36ea298fb062b0f04088fb5fe9e9f47756819388146aff9e,2025-05-16T14:58:56.158000,received,kaspa:qrvum29vk365g0zcd5gx3c7h829etfq2ytdmscjzw4zw04fjfnprcg9c3tges,1543187352200,
e1e98cd5210402411691cd7ab66f04d0e721cc9886a2e508f0f24b6537528102,2025-02-22T11:00:06.091000,received,kaspa:qrvum29vk365g0zcd5gx3c7h829etfq2ytdmscjzw4zw04fjfnprcg9c3tges,100461436280,
81c880a5af9d0132293129584526c4d12f029076d66db5fff371ad1216dda4f0,2024-12-03T14:33:45.330000,sent,kaspa:qp7evjsddgxul74j0smmw4kvg0aq9jfe03yrylhq2qvl46t5sn7ny0zah36jr,2967400000000,
9248bb020fb5146e611b8c6e9a836ae5a4b6a2a00a2e548c300a380080ec5249,2024-12-03T13:28:34.809000,sent,kaspa:qp7evjsddgxul74j0smmw4kvg0aq9jfe03yrylhq2qvl46t5sn7ny0zah36jr,2000000000000,
78e7e90fb2dd4203ff5f416b3e436f032d510a0eefc604f63300f2f7cc63b6d4,2024-12-03T12:45:24.925000,sent,kaspa:qp7evjsddgxul74j0smmw4kvg0aq9jfe03yrylhq2qvl46t5sn7ny0zah36jr,32566598280,
f72e34d4a87664be855ea493fd79dfd6e23f4d066f995b41545c37882edefd64,2024-12-03T10:19:35.447000,sent,kaspa:qphug5m85luxlm80vxsgrtv9cc8my93hr80r2f2htt8wuhgma97q2ckpkpc6a,7600000000,
ae8cf3391559e97b70e018f472d0a2672fd0898081502d6bba27270161625754,2024-08-07T09:40:47.598000,sent,kaspa:qz5tt6y4j5h8cgje2w2lnmz4egxlwhne96j2vupdxl3zastwca082kjfkvze3,5000000000000,
ae8cf3391559e97b70e018f472d0a2672fd0898081502d6bba27270161625754,2024-08-07T09:40:47.598000,sent,kaspa:qz5tt6y4j5h8cgje2w2lnmz4egxlwhne96j2vupdxl3zastwca082kjfkvze3,5000000000000,
ae8cf3391559e97b70e018f472d0a2672fd0898081502d6bba27270161625754,2024-08-07T09:40:47.598000,sent,kaspa:qz5tt6y4j5h8cgje2w2lnmz4egxlwhne96j2vupdxl3zastwca082kjfkvze3,5000000000000,
ae8cf3391559e97b70e018f472d0a2672fd0898081502d6bba27270161625754,2024-08-07T09:40:47.598000,sent,kaspa:qz5tt6y4j5h8cgje2w2lnmz4egxlwhne96j2vupdxl3zastwca082kjfkvze3,5000000000000,
ae8cf3391559e97b70e018f472d0a2672fd0898081502d6bba27270161625754,2024-08-07T09:40:47.598000,sent,kaspa:qz5tt6y4j5h8cgje2w2lnmz4egxlwhne96j2vupdxl3zastwca082kjfkvze3,5000000000000,
ae8cf3391559e97b70e018f472d0a2672fd0898081502d6bba27270161625754,2024-08-07T09:40:47.598000,sent,kaspa:qz5tt6y4j5h8cgje2w2lnmz4egxlwhne96j2vupdxl3zastwca082kjfkvze3,5000000000000,
ae8cf3391559e97b70e018f472d0a2672fd0898081502d6bba27270161625754,2024-08-07T09:40:47.598000,sent,kaspa:qz5tt6y4j5h8cgje2w2lnmz4egxlwhne96j2vupdxl3zastwca082kjfkvze3,5000000000000,
ae8cf3391559e97b70e018f472d0a2672fd0898081502d6bba27270161625754,2024-08-07T09:40:47.598000,sent,kaspa:qz5tt6y4j5h8cgje2w2lnmz4egxlwhne96j2vupdxl3zastwca082kjfkvze3,5000000000000,
ae8cf3391559e97b70e018f472d0a2672fd0898081502d6bba27270161625754,2024-08-07T09:40:47.598000,sent,kaspa:qz5tt6y4j5h8cgje2w2lnmz4egxlwhne96j2vupdxl3zastwca082kjfkvze3,5000000000000,
ae8cf3391559e97b70e018f472d0a2672fd0898081502d6bba27270161625754,2024-08-07T09:40:47.598000,sent,kaspa:qz5tt6y4j5h8cgje2w2lnmz4egxlwhne96j2vupdxl3zastwca082kjfkvze3,5000000000000,
ae8cf3391559e97b70e018f472d0a2672fd0898081502d6bba27270161625754,2024-08-07T09:40:47.598000,sent,kaspa:qz5tt6y4j5h8cgje2w2lnmz4egxlwhne96j2vupdxl3zastwca082kjfkvze3,5000000000000,
ae8cf3391559e97b70e018f472d0a2672fd0898081502d6bba27270161625754,2024-08-07T09:40:47.598000,sent,kaspa:qz5tt6y4j5h8cgje2w2lnmz4egxlwhne96j2vupdxl3zastwca082kjfkvze3,5000000000000,
ae8cf3391559e97b70e018f472d0a2672fd0898081502d6bba27270161625754,2024-08-07T09:40:47.598000,sent,kaspa:qz5tt6y4j5h8cgje2w2lnmz4egxlwhne96j2vupdxl3zastwca082kjfkvze3,5000000000000,
ae8cf3391559e97b70e018f472d0a2672fd0898081502d6bba27270161625754,2024-08-07T09:40:47.598000,sent,kaspa:qz5tt6y4j5h8cgje2w2lnmz4egxlwhne96j2vupdxl3zastwca082kjfkvze3,5000000000000,
ae8cf3391559e97b70e018f472d0a2672fd0898081502d6bba27270161625754,2024-08-07T09:40:47.598000,sent,kaspa:qz5tt6y4j5h8cgje2w2lnmz4egxlwhne96j2vupdxl3zastwca082kjfkvze3,5000000000000,
ae8cf3391559e97b70e018f472d0a2672fd0898081502d6bba27270161625754,2024-08-07T09:40:47.598000,sent,kaspa:qz5tt6y4j5h8cgje2w2lnmz4egxlwhne96j2vupdxl3zastwca082kjfkvze3,5000000000000,
ae8cf3391559e97b70e018f472d0a2672fd0898081502d6bba27270161625754,2024-08-07T09:40:47.598000,sent,kaspa:qz5tt6y4j5h8cgje2w2lnmz4egxlwhne96j2vupdxl3zastwca082kjfkvze3,5000000000000,
ae8cf3391559e97b70e018f472d0a2672fd0898081502d6bba27270161625754,2024-08-07T09:40:47.598000,sent,kaspa:qz5tt6y4j5h8cgje2w2lnmz4egxlwhne96j2vupdxl3zastwca082kjfkvze3,5000000000000,
ae8cf3391559e97b70e018f472d0a2672fd0898081502d6bba27270161625754,2024-08-07T09:40:47.598000,sent,kaspa:qz5tt6y4j5h8cgje2w2lnmz4egxlwhne96j2vupdxl3zastwca082kjfkvze3,5000000000000,
ae8cf3391559e97b70e018f472d0a2672fd0898081502d6bba27270161625754,2024-08-07T09:40:47.598000,sent,kaspa:qz5tt6y4j5h8cgje2w2lnmz4egxlwhne96j2vupdxl3zastwca082kjfkvze3,5000000000000,
72f3abc20576023241ca78b308ccd3abefe08ca157dca84f303dc83e5090df95,2024-08-07T08:10:07.448000,received,kaspa:qqetp7ct8kqss99fxmymyz5t3fezppxp0t58wl6pawp27elqd46uudme00cl0,10000000000000,
72f3abc20576023241ca78b308ccd3abefe08ca157dca84f303dc83e5090df95,2024-08-07T08:10:07.448000,received,kaspa:qqetp7ct8kqss99fxmymyz5t3fezppxp0t58wl6pawp27elqd46uudme00cl0,10000000000000,
72f3abc20576023241ca78b308ccd3abefe08ca157dca84f303dc83e5090df95,2024-08-07T08:10:07.448000,received,kaspa:qpzpfwcsqsxhxwup26r55fd0ghqlhyugz8cp6y3wxuddc02vcxtjg75pspnwz,10000000000000,MEXC
9cf72e2ed7bac9cc27dc2b1e090870252fae2092ebfe9ea1e032110ade814820,2024-05-16T11:28:36.074000,received,kaspa:qrvum29vk365g0zcd5gx3c7h829etfq2ytdmscjzw4zw04fjfnprcg9c3tges,1874833190000,
24291d9eb4afac977db83480aabad2809dd948995bac504439fd9b0cc5e22418,2024-05-16T11:27:06.049000,received,kaspa:qpzpfwcsqsxhxwup26r55fd0ghqlhyugz8cp6y3wxuddc02vcxtjg75pspnwz,8395716000000,MEXC
24291d9eb4afac977db83480aabad2809dd948995bac504439fd9b0cc5e22418,2024-05-16T11:27:06.049000,received,kaspa:qpzpfwcsqsxhxwup26r55fd0ghqlhyugz8cp6y3wxuddc02vcxtjg75pspnwz,8395716000000,MEXC
24291d9eb4afac977db83480aabad2809dd948995bac504439fd9b0cc5e22418,2024-05-16T11:27:06.049000,received,kaspa:qpzpfwcsqsxhxwup26r55fd0ghqlhyugz8cp6y3wxuddc02vcxtjg75pspnwz,8395716000000,MEXC
24291d9eb4afac977db83480aabad2809dd948995bac504439fd9b0cc5e22418,2024-05-16T11:27:06.049000,received,kaspa:qpzpfwcsqsxhxwup26r55fd0ghqlhyugz8cp6y3wxuddc02vcxtjg75pspnwz,8395716000000,MEXC
24291d9eb4afac977db83480aabad2809dd948995bac504439fd9b0cc5e22418,2024-05-16T11:27:06.049000,received,kaspa:qpzpfwcsqsxhxwup26r55fd0ghqlhyugz8cp6y3wxuddc02vcxtjg75pspnwz,8395716000000,MEXC
12c886da929375a81f67a17ab3b47c42ce70247b4376f9314ce87a373fa214dc,2024-05-14T08:50:41.677000,received,kaspa:qrvum29vk365g0zcd5gx3c7h829etfq2ytdmscjzw4zw04fjfnprcg9c3tges,9003370517000,
db77d26ba6d443aaa0f556d0dd2ba146c367163640375930c1f4809b62335d2e,2024-05-07T17:54:23.279000,received,kaspa:qrvum29vk365g0zcd5gx3c7h829etfq2ytdmscjzw4zw04fjfnprcg9c3tges,9925588266000,
c24b89d42898ac5e05f1a4250baa56af558dce6296102a88194e68c798d3c104,2024-05-07T17:50:16.179000,received,kaspa:qrvum29vk365g0zcd5gx3c7h829etfq2ytdmscjzw4zw04fjfnprcg9c3tges,10000000000,
f015d9dfe77d80748071d1bd79bc9ba27df1ead28539646eee75215391040c1b,2024-03-26T16:28:50.699000,received,kaspa:qrvum29vk365g0zcd5gx3c7h829etfq2ytdmscjzw4zw04fjfnprcg9c3tges,3640088058000,
00f709f556a6220d7284c5989acb1286ad0707a4eb7fa5a1c6f5f5b0941c4bca,2024-03-26T16:25:19.524000,received,kaspa:qrvum29vk365g0zcd5gx3c7h829etfq2ytdmscjzw4zw04fjfnprcg9c3tges,10000000000,
98ca91a11da4e81062019aedc128654bec2be38abdcaac4d443228a85042b063,2024-02-19T15:36:04.391000,received,kaspa:qqetp7ct8kqss99fxmymyz5t3fezppxp0t58wl6pawp27elqd46uudme00cl0,72879000000,
98ca91a11da4e81062019aedc128654bec2be38abdcaac4d443228a85042b063,2024-02-19T15:36:04.391000,received,kaspa:qqetp7ct8kqss99fxmymyz5t3fezppxp0t58wl6pawp27elqd46uudme00cl0,72879000000,
762fc069c62232e5c2222f0c7ed60041a63e6098c26588410dbf2cd79a5ea7d1,2024-02-19T11:03:22.276000,received,kaspa:qrvum29vk365g0zcd5gx3c7h829etfq2ytdmscjzw4zw04fjfnprcg9c3tges,405577916000,
50949c3994f7b22fdb5c18a4c6d1a175d95e5d0ed7b88cd72d44d125167ba505,2024-01-13T09:30:56.591000,received,kaspa:qplj0xdafvpt0u9tkwereeflhnx26um6f0t44vx3vw54n606mcfpwe83g2a6a,1362253283000,
c07cea538d194f8600576dd4dd6ac6a73599d53a6c3dfaf0ab4e4065be2ac9b1,2023-12-16T08:15:25.997000,received,kaspa:qrvum29vk365g0zcd5gx3c7h829etfq2ytdmscjzw4zw04fjfnprcg9c3tges,515846724000,
de3fa37a6fc4fc2e4011aabe27af24fd155ce3d7e881b011c271610bf4c7c07d,2023-12-16T07:58:35.964000,received,kaspa:qrvum29vk365g0zcd5gx3c7h829etfq2ytdmscjzw4zw04fjfnprcg9c3tges,1000000000000,
74bb3f5aa816ce31d401170368b0a4094780337d29fa6b894dbf1843c53d29eb,2023-12-16T05:58:14.207000,received,kaspa:qrvum29vk365g0zcd5gx3c7h829etfq2ytdmscjzw4zw04fjfnprcg9c3tges,500000000000,
c87cb30c2aba99979569c66a56989225b5b036b75d1b435ad2972585c3fb0823,2023-12-15T18:20:36.030000,received,kaspa:qrvum29vk365g0zcd5gx3c7h829etfq2ytdmscjzw4zw04fjfnprcg9c3tges,1000000000,
0614c9c84c45ca2952e70a78b2f97699e3004a5be077e6c13edfbd1750b3b81f,2023-12-15T14:41:22.699000,received,kaspa:qrvum29vk365g0zcd5gx3c7h829etfq2ytdmscjzw4zw04fjfnprcg9c3tges,9900000000,
5085333d29f6e9b5a49cbf6c95a253970520ae08df3b0be6158b354477644b44,2023-11-24T10:32:46.638000,received,kaspa:qrvum29vk365g0zcd5gx3c7h829etfq2ytdmscjzw4zw04fjfnprcg9c3tges,2396080920000,
30e8519b11ca4a662b256b6f704f5dde402feff03b9abcf5e058eac1ecbe8b59,2023-11-24T10:13:55.788000,received,kaspa:qrvum29vk365g0zcd5gx3c7h829etfq2ytdmscjzw4zw04fjfnprcg9c3tges,499900000000,
03832bbee6530dc73159584121711aee7b7f9e3b8fc22dfb8c7bf0ef280fb6ff,2023-11-18T15:25:30.652000,received,kaspa:qqetp7ct8kqss99fxmymyz5t3fezppxp0t58wl6pawp27elqd46uudme00cl0,371586683644,
337b9ceb223a0617527292d30ce9c7b9d7f726d66e0988103c9013250a5c9cd2,2023-11-18T13:20:20.195000,sent,kaspa:qz5tt6y4j5h8cgje2w2lnmz4egxlwhne96j2vupdxl3zastwca082kjfkvze3,1000000000,
337b9ceb223a0617527292d30ce9c7b9d7f726d66e0988103c9013250a5c9cd2,2023-11-18T13:20:20.195000,sent,kaspa:qz5tt6y4j5h8cgje2w2lnmz4egxlwhne96j2vupdxl3zastwca082kjfkvze3,1000000000,
d26e4ad2b685a3616d8cab60ca39e5d389b6c42297aa399f66ec71f3402c86c5,2023-11-18T06:53:06.118000,received,kaspa:qqetp7ct8kqss99fxmymyz5t3fezppxp0t58wl6pawp27elqd46uudme00cl0,8000000000,
0b87383ebcd239800d0a6d47b9f36c8e11f33bcf0e2f47df0f6fe78e2f406bd8,2023-11-18T06:32:02.165000,received,kaspa:qzreyaxmzuazwfaz6uq3ql0wrnyquuq3pl7hu460mceuswr0kl6fkcdda69wl,6000000000,
ae5e412654d1d54d845e14994bce329d6033b9e36be66d75cfbd353e48c5e87c,2023-07-17T11:53:48.668000,sent,kaspa:qz5tt6y4j5h8cgje2w2lnmz4egxlwhne96j2vupdxl3zastwca082kjfkvze3,528819538944,
ae5e412654d1d54d845e14994bce329d6033b9e36be66d75cfbd353e48c5e87c,2023-07-17T11:53:48.668000,sent,kaspa:qz5tt6y4j5h8cgje2w2lnmz4egxlwhne96j2vupdxl3zastwca082kjfkvze3,528819538944,
ae5e412654d1d54d845e14994bce329d6033b9e36be66d75cfbd353e48c5e87c,2023-07-17T11:53:48.668000,sent,kaspa:qz5tt6y4j5h8cgje2w2lnmz4egxlwhne96j2vupdxl3zastwca082kjfkvze3,528819538944,
ae5e412654d1d54d845e14994bce329d6033b9e36be66d75cfbd353e48c5e87c,2023-07-17T11:53:48.668000,sent,kaspa:qz5tt6y4j5h8cgje2w2lnmz4egxlwhne96j2vupdxl3zastwca082kjfkvze3,528819538944,
ae5e412654d1d54d845e14994bce329d6033b9e36be66d75cfbd353e48c5e87c,2023-07-17T11:53:48.668000,sent,kaspa:qz5tt6y4j5h8cgje2w2lnmz4egxlwhne96j2vupdxl3zastwca082kjfkvze3,528819538944,
ae5e412654d1d54d845e14994bce329d6033b9e36be66d75cfbd353e48c5e87c,2023-07-17T11:53:48.668000,sent,kaspa:qz5tt6y4j5h8cgje2w2lnmz4egxlwhne96j2vupdxl3zastwca082kjfkvze3,528819538944,
ae5e412654d1d54d845e14994bce329d6033b9e36be66d75cfbd353e48c5e87c,2023-07-17T11:53:48.668000,sent,kaspa:qz5tt6y4j5h8cgje2w2lnmz4egxlwhne96j2vupdxl3zastwca082kjfkvze3,528819538944,
ae5e412654d1d54d845e14994bce329d6033b9e36be66d75cfbd353e48c5e87c,2023-07-17T11:53:48.668000,sent,kaspa:qz5tt6y4j5h8cgje2w2lnmz4egxlwhne96j2vupdxl3zastwca082kjfkvze3,528819538944,
ae5e412654d1d54d845e14994bce329d6033b9e36be66d75cfbd353e48c5e87c,2023-07-17T11:53:48.668000,sent,kaspa:qz5tt6y4j5h8cgje2w2lnmz4egxlwhne96j2vupdxl3zastwca082kjfkvze3,528819538944,
ae5e412654d1d54d845e14994bce329d6033b9e36be66d75cfbd353e48c5e87c,2023-07-17T11:53:48.668000,sent,kaspa:qz5tt6y4j5h8cgje2w2lnmz4egxlwhne96j2vupdxl3zastwca082kjfkvze3,528819538944,
ae5e412654d1d54d845e14994bce329d6033b9e36be66d75cfbd353e48c5e87c,2023-07-17T11:53:48.668000,sent,kaspa:qz5tt6y4j5h8cgje2w2lnmz4egxlwhne96j2vupdxl3zastwca082kjfkvze3,528819538944,
ae5e412654d1d54d845e14994bce329d6033b9e36be66d75cfbd353e48c5e87c,2023-07-17T11:53:48.668000,sent,kaspa:qz5tt6y4j5h8cgje2w2lnmz4egxlwhne96j2vupdxl3zastwca082kjfkvze3,528819538944,
ae5e412654d1d54d845e14994bce329d6033b9e36be66d75cfbd353e48c5e87c,2023-07-17T11:53:48.668000,sent,kaspa:qz5tt6y4j5h8cgje2w2lnmz4egxlwhne96j2vupdxl3zastwca082kjfkvze3,528819538944,
ae5e412654d1d54d845e14994bce329d6033b9e36be66d75cfbd353e48c5e87c,2023-07-17T11:53:48.668000,sent,kaspa:qz5tt6y4j5h8cgje2w2lnmz4egxlwhne96j2vupdxl3zastwca082kjfkvze3,528819538944,
ae5e412654d1d54d845e14994bce329d6033b9e36be66d75cfbd353e48c5e87c,2023-07-17T11:53:48.668000,sent,kaspa:qz5tt6y4j5h8cgje2w2lnmz4egxlwhne96j2vupdxl3zastwca082kjfkvze3,528819538944,
ae5e412654d1d54d845e14994bce329d6033b9e36be66d75cfbd353e48c5e87c,2023-07-17T11:53:48.668000,sent,kaspa:qz5tt6y4j5h8cgje2w2lnmz4egxlwhne96j2vupdxl3zastwca082kjfkvze3,528819538944,
ae5e412654d1d54d845e14994bce329d6033b9e36be66d75cfbd353e48c5e87c,2023-07-17T11:53:48.668000,sent,kaspa:qz5tt6y4j5h8cgje2w2lnmz4egxlwhne96j2vupdxl3zastwca082kjfkvze3,528819538944,
ae5e412654d1d54d845e14994bce329d6033b9e36be66d75cfbd353e48c5e87c,2023-07-17T11:53:48.668000,sent,kaspa:qz5tt6y4j5h8cgje2w2lnmz4egxlwhne96j2vupdxl3zastwca082kjfkvze3,528819538944,
ae5e412654d1d54d845e14994bce329d6033b9e36be66d75cfbd353e48c5e87c,2023-07-17T11:53:48.668000,sent,kaspa:qz5tt6y4j5h8cgje2w2lnmz4egxlwhne96j2vupdxl3zastwca082kjfkvze3,528819538944,
0154892f7b4242bb2d4f22a7edad8fdc853fa8674c0cc32f2e2b70abb0bc1453,2023-07-15T08:57:39.675000,received,kaspa:qp9z8a0w7jedatvpr3l0knc6l0vdlpz7sp9kcd4yqq0up9hp87q4zyzr5ave9,35874584841,
0154892f7b4242bb2d4f22a7edad8fdc853fa8674c0cc32f2e2b70abb0bc1453,2023-07-15T08:57:39.675000,received,kaspa:qp9z8a0w7jedatvpr3l0knc6l0vdlpz7sp9kcd4yqq0up9hp87q4zyzr5ave9,35874584841,
a67fe541e0c6058dfc19da3fd3883593971461d16597440c3c58a654aa34d2e4,2023-07-13T01:10:29.286000,received,kaspa:qp9z8a0w7jedatvpr3l0knc6l0vdlpz7sp9kcd4yqq0up9hp87q4zyzr5ave9,100707414776,
a67fe541e0c6058dfc19da3fd3883593971461d16597440c3c58a654aa34d2e4,2023-07-13T01:10:29.286000,received,kaspa:qp9z8a0w7jedatvpr3l0knc6l0vdlpz7sp9kcd4yqq0up9hp87q4zyzr5ave9,100707414776,
a67fe541e0c6058dfc19da3fd3883593971461d16597440c3c58a654aa34d2e4,2023-07-13T01:10:29.286000,received,kaspa:qp9z8a0w7jedatvpr3l0knc6l0vdlpz7sp9kcd4yqq0up9hp87q4zyzr5ave9,100707414776,
a67fe541e0c6058dfc19da3fd3883593971461d16597440c3c58a654aa34d2e4,2023-07-13T01:10:29.286000,received,kaspa:qp9z8a0w7jedatvpr3l0knc6l0vdlpz7sp9kcd4yqq0up9hp87q4zyzr5ave9,100707414776,
a67fe541e0c6058dfc19da3fd3883593971461d16597440c3c58a654aa34d2e4,2023-07-13T01:10:29.286000,received,kaspa:qp9z8a0w7jedatvpr3l0knc6l0vdlpz7sp9kcd4yqq0up9hp87q4zyzr5ave9,100707414776,
a67fe541e0c6058dfc19da3fd3883593971461d16597440c3c58a654aa34d2e4,2023-07-13T01:10:29.286000,received,kaspa:qp9z8a0w7jedatvpr3l0knc6l0vdlpz7sp9kcd4yqq0up9hp87q4zyzr5ave9,100707414776,
a67fe541e0c6058dfc19da3fd3883593971461d16597440c3c58a654aa34d2e4,2023-07-13T01:10:29.286000,received,kaspa:qp9z8a0w7jedatvpr3l0knc6l0vdlpz7sp9kcd4yqq0up9hp87q4zyzr5ave9,100707414776,
a8b268b5db1151a367db55bd2af6902a3dd708b7969bb4d3550593b3f8f88e9f,2023-07-07T01:14:53.035000,received,kaspa:qp9z8a0w7jedatvpr3l0knc6l0vdlpz7sp9kcd4yqq0up9hp87q4zyzr5ave9,100101374574,
a8b268b5db1151a367db55bd2af6902a3dd708b7969bb4d3550593b3f8f88e9f,2023-07-07T01:14:53.035000,received,kaspa:qp9z8a0w7jedatvpr3l0knc6l0vdlpz7sp9kcd4yqq0up9hp87q4zyzr5ave9,100101374574,
a8b268b5db1151a367db55bd2af6902a3dd708b7969bb4d3550593b3f8f88e9f,2023-07-07T01:14:53.035000,received,kaspa:qp9z8a0w7jedatvpr3l0knc6l0vdlpz7sp9kcd4yqq0up9hp87q4zyzr5ave9,100101374574,
a8b268b5db1151a367db55bd2af6902a3dd708b7969bb4d3550593b3f8f88e9f,2023-07-07T01:14:53.035000,received,kaspa:qp9z8a0w7jedatvpr3l0knc6l0vdlpz7sp9kcd4yqq0up9hp87q4zyzr5ave9,100101374574,
a8b268b5db1151a367db55bd2af6902a3dd708b7969bb4d3550593b3f8f88e9f,2023-07-07T01:14:53.035000,received,kaspa:qp9z8a0w7jedatvpr3l0knc6l0vdlpz7sp9kcd4yqq0up9hp87q4zyzr5ave9,100101374574,
a8b268b5db1151a367db55bd2af6902a3dd708b7969bb4d3550593b3f8f88e9f,2023-07-07T01:14:53.035000,received,kaspa:qp9z8a0w7jedatvpr3l0knc6l0vdlpz7sp9kcd4yqq0up9hp87q4zyzr5ave9,100101374574,
a8b268b5db1151a367db55bd2af6902a3dd708b7969bb4d3550593b3f8f88e9f,2023-07-07T01:14:53.035000,received,kaspa:qp9z8a0w7jedatvpr3l0knc6l0vdlpz7sp9kcd4yqq0up9hp87q4zyzr5ave9,100101374574,
a8b268b5db1151a367db55bd2af6902a3dd708b7969bb4d3550593b3f8f88e9f,2023-07-07T01:14:53.035000,received,kaspa:qp9z8a0w7jedatvpr3l0knc6l0vdlpz7sp9kcd4yqq0up9hp87q4zyzr5ave9,100101374574,
d82eee151a03ee6ed7c4e858446010fde179816a4c38d9fb1e3e323fb56e622c,2023-07-02T06:43:40.488000,received,kaspa:qpy827u4r43hp36nu2w78dphwgzjr3e9xdwwvm7k7dalyhpfkr84qucn4ecud,11652134117,
0637ea21aaa1a866384a7ccebb9168c01b41e4decf29ba47894ba2a1e65991b2,2023-07-01T18:45:51.829000,received,kaspa:qp9z8a0w7jedatvpr3l0knc6l0vdlpz7sp9kcd4yqq0up9hp87q4zyzr5ave9,11274415515,
0637ea21aaa1a866384a7ccebb9168c01b41e4decf29ba47894ba2a1e65991b2,2023-07-01T18:45:51.829000,received,kaspa:qp9z8a0w7jedatvpr3l0knc6l0vdlpz7sp9kcd4yqq0up9hp87q4zyzr5ave9,11274415515,
32a436c8f93c30b0c25a307392fe0a5ac8a866ab68b897d454ef0185aff72501,2023-06-19T19:10:27.635000,received,kaspa:qpy827u4r43hp36nu2w78dphwgzjr3e9xdwwvm7k7dalyhpfkr84qucn4ecud,10330792704,
379018325008b326eb1824d0a8dc1c6da5334616e6bec46698c6a26560c6f328,2023-06-19T05:12:26.089000,received,kaspa:qpy827u4r43hp36nu2w78dphwgzjr3e9xdwwvm7k7dalyhpfkr84qucn4ecud,10148043976,
5766d639f983a4dbcc3ed2ab468c183509416e258e9d603a936200660e48319f,2023-06-18T15:15:58.066000,received,kaspa:qp9z8a0w7jedatvpr3l0knc6l0vdlpz7sp9kcd4yqq0up9hp87q4zyzr5ave9,10172060564,
59b4a0964616115ae2147175d811934890da9860d9ce1049b957187f1afbcf00,2023-06-17T21:10:12.707000,received,kaspa:qpy827u4r43hp36nu2w78dphwgzjr3e9xdwwvm7k7dalyhpfkr84qucn4ecud,10206334019,
dd059a9388f5b5caae833da32f5e9047960e610898c943b4dfbfff7f7d35586e,2023-06-16T23:11:10.717000,received,kaspa:qpy827u4r43hp36nu2w78dphwgzjr3e9xdwwvm7k7dalyhpfkr84qucn4ecud,10174632366,
f40f0aaa57f27609ff09cbea15cc6ee9dc009553f7c7dda8f1ca998315da7ecb,2023-06-15T19:15:07.162000,received,kaspa:qp9z8a0w7jedatvpr3l0knc6l0vdlpz7sp9kcd4yqq0up9hp87q4zyzr5ave9,10079870818,
5c98a2f07c9a0cd309d4261822b92e9f032f330689ec1fa9532b858f9c256337,2023-05-10T01:18:10.278000,received,kaspa:qpy827u4r43hp36nu2w78dphwgzjr3e9xdwwvm7k7dalyhpfkr84qucn4ecud,10462513476,
184833d90eea4ddfbd156c7f3c1ff4f740ac79956bf4be93c58dc0aa89a37a9b,2023-05-08T13:13:32.010000,received,kaspa:qpy827u4r43hp36nu2w78dphwgzjr3e9xdwwvm7k7dalyhpfkr84qucn4ecud,10488414464,
ee2519208a2d92860b11e4ffa7bec70966ebacd9033f791ba2ae9108b685841e,2023-05-07T01:30:58.649000,received,kaspa:qp9z8a0w7jedatvpr3l0knc6l0vdlpz7sp9kcd4yqq0up9hp87q4zyzr5ave9,10490526316,
80684cdcaf854e07c3865f6400bd6ffa12cc3a83beefb4ead45269ba79c0d9f8,2023-05-05T17:08:27.915000,received,kaspa:qpy827u4r43hp36nu2w78dphwgzjr3e9xdwwvm7k7dalyhpfkr84qucn4ecud,10168837688,
74639df9887bc24583f43d6b84668cbf3a8abd34c56c49cc8a45fb4ec021b80c,2023-05-04T07:09:20.733000,received,kaspa:qpy827u4r43hp36nu2w78dphwgzjr3e9xdwwvm7k7dalyhpfkr84qucn4ecud,10017120270,
ea53c24ecad0c1f0e3b14a2abdd6ced4e3c2f2aff4b903bcfc18089fed2290c9,2023-05-02T23:10:25.209000,received,kaspa:qpy827u4r43hp36nu2w78dphwgzjr3e9xdwwvm7k7dalyhpfkr84qucn4ecud,10584040583,
e4814af0c4a60b5b29850e36e7ed1f83166bee02148ccc932d36fa3f28ad2d2c,2023-05-01T13:14:27.447000,received,kaspa:qpy827u4r43hp36nu2w78dphwgzjr3e9xdwwvm7k7dalyhpfkr84qucn4ecud,10386617877,
a4ad2bbdb865b442272433a85b372f61c7ae7eb0973f8bff60524316de5c04cb,2023-04-29T14:53:08.078000,received,kaspa:qrelgny7sr3vahq69yykxx36m65gvmhryxrlwngfzgu8xkdslum2yxjp3ap8m,135500000000,Gate.io
