tx_id,timestamp,direction,peer_address,amount_sompi,cex_label
9dcd02618f27bfd06a7f41f37b7b9f7ea608eeeeff71002ccf99086b72d875c1,2023-12-16T04:38:14.646000,sent,kaspa:qzslgwenzu78t6tldlng383g7ruu4enaljmnkgaulyrscjp7ldt26x8gfxck5,171940000,
9dcd02618f27bfd06a7f41f37b7b9f7ea608eeeeff71002ccf99086b72d875c1,2023-12-16T04:38:14.646000,sent,kaspa:qzslgwenzu78t6tldlng383g7ruu4enaljmnkgaulyrscjp7ldt26x8gfxck5,171940000,
5304c94bfb9f34cf312bc2b4fe686a3b9fdb9398f9973c4cc41f5db3602fe18f,2023-12-12T22:24:33.592000,received,kaspa:qypswxtcrv4ssyjaswy5w9387vq73mkuyq85tl34cee6qn5uexqy0csgnafnjx7,171000000,
4d6e7e95ae2f553d9879c70b6c48d55d230ede1ea84b39cb5e6c08c1646be1ae,2023-11-29T14:00:28.838000,sent,kaspa:qypwwk4ws39cxp7datuj457my8sqxs6dh05lu53hlp7647h5q202crqjg2fkaw7,18000000,
a13450cc16eb6667ac1488d20ba562a0f80466b13eaa6c970a305d92777f19dc,2023-11-29T12:46:01.432000,received,kaspa:qr5fd84m2hrt4lkqt6s5gjc2lwlsve5vd4eqyvtz3uagvau68w5d2zkljale4,19000000,
