tx_id,timestamp,direction,peer_address,amount_sompi,cex_label
6154f5cb0c6619af0399cf4cad729c873bf25be606eba593902738ba3de5f607,2023-12-16T04:10:07.095000,sent,kaspa:qzslgwenzu78t6tldlng383g7ruu4enaljmnkgaulyrscjp7ldt26x8gfxck5,171940000,
6154f5cb0c6619af0399cf4cad729c873bf25be606eba593902738ba3de5f607,2023-12-16T04:10:07.095000,sent,kaspa:qzslgwenzu78t6tldlng383g7ruu4enaljmnkgaulyrscjp7ldt26x8gfxck5,171940000,
83c8e86f787803601a39a0b2abb9073eae1607094f8c080c4c5b8d25d974b7cd,2023-12-12T08:16:36.478000,received,kaspa:qypswxtcrv4ssyjaswy5w9387vq73mkuyq85tl34cee6qn5uexqy0csgnafnjx7,171000000,
c6fb75fbd9886fb55c0bf395df0916b22e9b7c8c50094f30269dcd3f7e8e20e1,2023-11-28T10:56:03.988000,sent,kaspa:qypqaq98vmtueflwlegdswjp7yfd89d5jxdtm9jrhtpn5gw52lhxc5c7fn2rxaw,18000000,
96b2e4e324bd5b3c8cf0804b5b726afb2be081553b19fd6cc4b7cb681d67f7c8,2023-11-27T06:02:36.821000,received,kaspa:qrqxzdquf8znzr6hc0nscqgf377fps4pncal6r8a7wthkmmkz845wgu57tavk,19000000,
