tx_id,timestamp,direction,peer_address,amount_sompi,cex_label
ef88f35988dcde2cea04f9d2291c3adee5086cb9b8ab54fd3156177af6efaf14,2024-02-21T06:36:23.813000,sent,kaspa:qq6unnf8p62vkudx94u4t90ruxma7zad8wew463l5dhgnyjtrt0sc82lc5ykw,170990000,
7f61bf5a8e940c087277b8aec7f57c50761c2e0762d3ed992e6a4eb0961806a9,2023-12-12T14:29:51.925000,received,kaspa:qypswxtcrv4ssyjaswy5w9387vq73mkuyq85tl34cee6qn5uexqy0csgnafnjx7,171000000,
08a7203c90f3ca845912e99fc1fee6d8537d78cddbf3baaff36a6c15ef7ea160,2023-11-28T23:18:09.839000,sent,kaspa:qz9hhxu9tnazclhvfv0tw3wdl5jyfef2s8g3g2wf5z360a03p28qzw4dwl4gm,618770000,
f056321f93635ed844de60d09c94c4a3514c3136b47075069359baa906774851,2023-11-28T23:17:13.028000,sent,kaspa:qypp72y2840xe7en9pl8un3pjcdgyxy7hlc0p0jgv32cey7rpndgrrsywjzjclt,18000000,
56a39a84078715a4f48135d977a0cbbf887c94220d73a6cb84aa5cba6ea919ad,2023-11-28T23:12:52.549000,received,kaspa:qz43pswp4avk6gvrncn3f8hca8cgja053ked5e3d05jwmgmff7vjufgju6egc,636790000,
