tx_id,timestamp,direction,peer_address,amount_sompi,cex_label
6468a825a077b740eeb672cd0966cfd39295014c83b7175c196582986d22e75a,2024-08-01T20:27:32.240000,sent,kaspa:qr4trt694nm09w4x44fkh4lnu4y6a5f8v9ac2uqfzdg2hen48ncjv4nzqsy3w,62700000000,
75629b24f9bd2f59bb68a331d0e77e02917fc248ba8f69d06c66d2d140d634ad,2024-07-19T10:34:51.922000,sent,kaspa:qr4trt694nm09w4x44fkh4lnu4y6a5f8v9ac2uqfzdg2hen48ncjv4nzqsy3w,60000000000,
7567788ef1bdbeca0b25787d604974c1a97564ec4697c03c9230e2b44d04d09f,2024-06-25T17:11:57.677000,sent,kaspa:qr4trt694nm09w4x44fkh4lnu4y6a5f8v9ac2uqfzdg2hen48ncjv4nzqsy3w,50000000000,
99ffca399182a61d93d104f1dc140627df2b0ca4b822c02035f27f0a6c9948c1,2024-06-25T17:05:02.221000,sent,kaspa:qr4trt694nm09w4x44fkh4lnu4y6a5f8v9ac2uqfzdg2hen48ncjv4nzqsy3w,1100000000,
d67285a8d101752252765f16255261987f1dbadfc1a48ef63d44bb13e5a6aa4d,2024-05-31T12:25:13.436000,sent,kaspa:qq9zagcza4jt76eev9jl5z0nqhe0thcu7js8larktj4sle7lvgnw7sfcewlty,30000000000,
d67285a8d101752252765f16255261987f1dbadfc1a48ef63d44bb13e5a6aa4d,2024-05-31T12:25:13.436000,sent,kaspa:qq9zagcza4jt76eev9jl5z0nqhe0thcu7js8larktj4sle7lvgnw7sfcewlty,30000000000,
d67285a8d101752252765f16255261987f1dbadfc1a48ef63d44bb13e5a6aa4d,2024-05-31T12:25:13.436000,sent,kaspa:qq9zagcza4jt76eev9jl5z0nqhe0thcu7js8larktj4sle7lvgnw7sfcewlty,30000000000,
410311980779e3599bd19f9206604f7131ea652926306400596d6689a55c0e63,2024-02-29T22:46:48.685000,received,kaspa:qq9zagcza4jt76eev9jl5z0nqhe0thcu7js8larktj4sle7lvgnw7sfcewlty,200816991520,
410311980779e3599bd19f9206604f7131ea652926306400596d6689a55c0e63,2024-02-29T22:46:48.685000,received,kaspa:qq9zagcza4jt76eev9jl5z0nqhe0thcu7js8larktj4sle7lvgnw7sfcewlty,200816991520,
3ce51319e1d97fabd47e5026d9a800d5e05fe9b19bac9937004fd1c215b725d4,2023-04-03T18:17:35.380000,received,kaspa:qpduq94cwzh25apllqgv2u9r2qy77vz9jcrn5tz493lnam9v4z5t7n38m4mjy,1502423082,
23eef0e441b9806bf5fe889c5b56003d1dffab102904c930fe331fae5f36bd33,2023-04-02T23:16:44.329000,received,kaspa:qz7re3darmavg5wrr7h52dta42xu9kp2ejqfruqm8s0rwd0u9cn5zspcjg8w7,1525473362,
