tx_id,timestamp,direction,peer_address,amount_sompi,cex_label
4ee66ef6e12f96497241c03684b468b0870d8023126860d97e7284d57e9a613b,2023-12-19T08:55:20.820000,sent,kaspa:qrkaxvl2tw6pq6zx9xrr9lqnt9x72upf0hsrp3cvgcmfz77m50ycua35nz200,172940000,
4ee66ef6e12f96497241c03684b468b0870d8023126860d97e7284d57e9a613b,2023-12-19T08:55:20.820000,sent,kaspa:qrkaxvl2tw6pq6zx9xrr9lqnt9x72upf0hsrp3cvgcmfz77m50ycua35nz200,172940000,
f1b071472f7c05a7ed3aea4879fdd62db106e60823280951599a60c9683ea3f7,2023-12-12T09:28:25.898000,received,kaspa:qypswxtcrv4ssyjaswy5w9387vq73mkuyq85tl34cee6qn5uexqy0csgnafnjx7,171000000,
1a08342794e6b084219a465517b50a79853fc65ee5005309b1cf95d2f61b1267,2023-11-28T13:29:31.451000,sent,kaspa:qyp9zzq8m49hrd89up9svmhg0y044ahup38asqhznjjs4j6wyrfjjxslm0zkf8h,18000000,
f297999d08b3cb71df3127099d01511dc727105aff88262e6331aaf127897821,2023-11-28T09:33:16.959000,sent,kaspa:qppal0r95777c4srq5htvhre3q2py5p2ue22t8nlza2gnden638xca06aq3y2,20000000,
1fa2cc19891f77d3a0fba8dcde8f7e4df6522be1be30f4e7b6dfe21b8235c294,2023-11-28T08:55:33.751000,sent,kaspa:qqrdgj03cq4pftrsmq76vkr7a4umnu8sgvwxne2zmqhafye2xxl7uwsw3tcx7,20000000,
100d500d7559128029db566658d52286df669bc1a38c7692b7801625c68c5d12,2023-11-28T08:09:35.059000,sent,kaspa:qzta9km609nh5nhwvr8nmy79dqcjtz8j0pe6zgxt5wudpa0e9e33jnmyp0ar3,20000000,
9abcbba00bcf5616fb2cef1f97e66f7def013cd9af9e37326f63c3b23c21f0f3,2023-11-28T06:30:57.993000,received,kaspa:qz7e6wvepekmq0dkz7gyln7ceeknmr5q9w57kwlgqrpk7jw7fdnp6yyfa3x22,80000000,
