tx_id,timestamp,direction,peer_address,amount_sompi,cex_label
f412054b3f95e89fbe6cdaf1e6d5a7e1074aab6f7aee5ad668d70f04c7963994,2024-11-18T05:44:01.687000,sent,kaspa:qqnqv3rvnctfyrjteurqm0gmqfu7yjg3949yxpyxxfa4rgm9nt2zxauwq8xvs,1950000000000,
f412054b3f95e89fbe6cdaf1e6d5a7e1074aab6f7aee5ad668d70f04c7963994,2024-11-18T05:44:01.687000,sent,kaspa:qqphdjetew57yhfa0ud9ruusl6q4shnlyms2dpnnzcwlctp4pglzjyj4sj2p8,5235683377,
6b2081f1741ba81f8d8d65699cd462a01b4bf0e5f61b035e302195f7110b2568,2024-11-18T05:40:46.695000,received,kaspa:qq7realrau2dg7mwua2zs6s54nalrednk0yzc3vx90zap0d23uc4kwttgz3um,9148317389,
6b2081f1741ba81f8d8d65699cd462a01b4bf0e5f61b035e302195f7110b2568,2024-11-18T05:40:46.695000,received,kaspa:qqmdrrlznz7cgax9jvefm4g4fwtsnnz8r96574qduyjakmyd5rtgc3a4rx0qr,9148317389,
