tx_id,timestamp,direction,peer_address,amount_sompi,cex_label
cc3a9285a47f0e399cb997df3bd1ca840665b06956a32bf19ca293a0b2289f54,2023-12-16T05:01:47.158000,sent,kaspa:qzslgwenzu78t6tldlng383g7ruu4enaljmnkgaulyrscjp7ldt26x8gfxck5,171940000,
cc3a9285a47f0e399cb997df3bd1ca840665b06956a32bf19ca293a0b2289f54,2023-12-16T05:01:47.158000,sent,kaspa:qzslgwenzu78t6tldlng383g7ruu4enaljmnkgaulyrscjp7ldt26x8gfxck5,171940000,
84474ad3d910e6fed7d816e6f599b5191f19d65ad7f3ebf28c82ef695f73ce1d,2023-12-13T02:15:33.347000,received,kaspa:qypswxtcrv4ssyjaswy5w9387vq73mkuyq85tl34cee6qn5uexqy0csgnafnjx7,171000000,
243a86d05ab9e493d0996df6274d648561c3205b34238bbbb49d5723904dc785,2023-11-29T17:43:39.804000,sent,kaspa:qyp4clkjvnmuqhp7qmxacr3dl7r9awgtfq44xr774herszhxx4ukx5c5qyzxvgr,18000000,
16ca4cd2b876cf67187c98ea484c6a4f2161c4846ee18a18068b88a05c4304df,2023-11-28T10:40:17.924000,received,kaspa:qqrcqcvq5llzkl3rqqnjg4s44ctwkse8t7hq580433c4a4nk5scuse0u6q5yr,19000000,
