tx_id,timestamp,direction,peer_address,amount_sompi,cex_label
92e64184e0479e2276255029c941cfec9ecfa2d1ec38821107ad71f00920361d,2023-11-07T01:06:25.973000,sent,kaspa:qrvks7685v5vjn9jkhkepml8u0yllypwhqa5tmpkc4nyytfxp9fdzzjzxfa2y,2000000000,
92e64184e0479e2276255029c941cfec9ecfa2d1ec38821107ad71f00920361d,2023-11-07T01:06:25.973000,sent,kaspa:qq9au9ymc5vyh5ktulzvteeyku557f2tffygv7gav0avpw2r7a3z2ktwlvmng,31740630963,
3bdfbadc5c40748632907d940343f1d1dac5fa06e4f3ee3463a1a692e0552086,2023-11-07T00:17:05.522000,received,kaspa:qpg7f6kykauv9ld0zyu6c4u4vua7te6jjk4amvzlfulcptf9ge0hywpj4lx6v,33740633032,
3bdfbadc5c40748632907d940343f1d1dac5fa06e4f3ee3463a1a692e0552086,2023-11-07T00:17:05.522000,received,kaspa:qz2z2de7zy6ur62fdrcw5xzk5l6ldy0znvvcellk3wfdzjyvyw5ww6q5y7g5h,33740633032,
