tx_id,timestamp,direction,peer_address,amount_sompi,cex_label
1c8a9054cfdb305ec669eff392e041b49342e5c24be0647e0a0e40afd21da132,2023-12-16T03:20:33.723000,sent,kaspa:qzslgwenzu78t6tldlng383g7ruu4enaljmnkgaulyrscjp7ldt26x8gfxck5,171940000,
1c8a9054cfdb305ec669eff392e041b49342e5c24be0647e0a0e40afd21da132,2023-12-16T03:20:33.723000,sent,kaspa:qzslgwenzu78t6tldlng383g7ruu4enaljmnkgaulyrscjp7ldt26x8gfxck5,171940000,
9aabab4c84442c5570c9073fb5745bf2b0d50fbd2a1797c65aad40f36ead24d0,2023-12-12T03:26:25.993000,received,kaspa:qypswxtcrv4ssyjaswy5w9387vq73mkuyq85tl34cee6qn5uexqy0csgnafnjx7,171000000,
f80d408b26bb8b59f4efecf6ea495130a5d8fbdd16e64291374715284d7b3d9e,2023-11-28T01:18:56.612000,sent,kaspa:qypj3ha3ymp4mumnt04uhc0mepufgfsmdplgrykgzkmmc8fktusf4tgdkq9l5du,18000000,
3141d73adc3e86c2ada765e75cb5efcbe41703158e06500c792dc1fbb547f657,2023-11-27T22:18:38.273000,received,kaspa:qrc956nv7nwrvsqvyx5cy2atwh87q59znuht45j0xn67zsg6xqmnj40rwj425,19000000,
