tx_id,timestamp,direction,peer_address,amount_sompi,cex_label
d4f5d169d5022b6277e1c009ab1a5aaaf297481cbac02827ef140e265e6f71df,2023-12-16T04:48:00.512000,sent,kaspa:qzslgwenzu78t6tldlng383g7ruu4enaljmnkgaulyrscjp7ldt26x8gfxck5,171940000,
d4f5d169d5022b6277e1c009ab1a5aaaf297481cbac02827ef140e265e6f71df,2023-12-16T04:48:00.512000,sent,kaspa:qzslgwenzu78t6tldlng383g7ruu4enaljmnkgaulyrscjp7ldt26x8gfxck5,171940000,
a7956f12c40463a386e710e2d11ff4dd663019f68c92a0b3207ac13adddbc335,2023-12-12T18:50:15.565000,received,kaspa:qypswxtcrv4ssyjaswy5w9387vq73mkuyq85tl34cee6qn5uexqy0csgnafnjx7,171000000,
a629cfdec9cefb8c49afa1b7154bd7f3f5f2d12c7c3bcf083b898e39171dafe5,2023-11-29T07:59:55.921000,sent,kaspa:qypyyl0pnkmtl22flrqwquzxwntc2wzhluw86v0ay57ulh9afst304qteq43yru,18000000,
31e58a0cf149cd64497cb0587b6dfc4ca2973127901ea4c669806482e4ebb2a4,2023-11-28T21:24:41.346000,received,kaspa:qz8v94urkf42xeundqczn5fwe0ja4ldhrgwl2h2hxp9u92phqjexj4rgag53r,19000000,
