tx_id,timestamp,direction,peer_address,amount_sompi,cex_label
447d0eda76dea7e1003841f8f7dd609b34c540425fac80a4dc15f1e4ed8b76e8,2023-06-18T21:09:50.007000,sent,kaspa:qznvtcjl2vnvxanp75mk2gwj4kvmd3q8hllu8y99jm5px4zt7v8g5qf05f366,15000000000,
447d0eda76dea7e1003841f8f7dd609b34c540425fac80a4dc15f1e4ed8b76e8,2023-06-18T21:09:50.007000,sent,kaspa:qp8n0a60f7s90vmnsaywy2g0s6jzdyarc36vtk0yw9nkwz50n3kr7uxyxt0zq,2918782520,
261338e5da3aa9bcb270d412fb7b3652837cd8be27ca306a4bc1d1786408c5bf,2023-06-11T07:23:17.340000,received,kaspa:qpwnc922h7pwvu9mcv0f7zqxt94muyndvwhh6aqr5g4nhlau4dgnv602d64jy,5318842520,
261338e5da3aa9bcb270d412fb7b3652837cd8be27ca306a4bc1d1786408c5bf,2023-06-11T07:23:17.340000,received,kaspa:qpwnc922h7pwvu9mcv0f7zqxt94muyndvwhh6aqr5g4nhlau4dgnv602d64jy,5318842520,
261338e5da3aa9bcb270d412fb7b3652837cd8be27ca306a4bc1d1786408c5bf,2023-06-11T07:23:17.340000,received,kaspa:qr50ucvynejhhn29fr8qhtm8a3l8pse65qgg20ud7lkmvx65cd24sa0z5zje3,5318842520,
