tx_id,timestamp,direction,peer_address,amount_sompi,cex_label
9f1cb2bc7372ea17e44742070e93dfe2666083dac712093fb8e317c0866ecbb4,2023-12-16T04:34:25.840000,sent,kaspa:qzslgwenzu78t6tldlng383g7ruu4enaljmnkgaulyrscjp7ldt26x8gfxck5,171940000,
9f1cb2bc7372ea17e44742070e93dfe2666083dac712093fb8e317c0866ecbb4,2023-12-16T04:34:25.840000,sent,kaspa:qzslgwenzu78t6tldlng383g7ruu4enaljmnkgaulyrscjp7ldt26x8gfxck5,171940000,
e7937dcb8e3f1c2aa5f6b4a7026387bf2f1fe9aa881dfcef11f68f4543912e37,2023-12-12T18:44:43.731000,received,kaspa:qypswxtcrv4ssyjaswy5w9387vq73mkuyq85tl34cee6qn5uexqy0csgnafnjx7,171000000,
e376acd39402c4aeae64e80cba31fad6c181358a424a728750d5ea50869ed056,2023-11-29T07:52:04.142000,sent,kaspa:qypxlg4nu4zs9v4lkpdacxr0jlahpynp629urtfrtu5j8xvcgfavv5c63fhq28z,18000000,
af557da47705966bdb5f4f9e143cfcb122e105b71a01d6024cc12c637f4a6d93,2023-11-28T22:47:02.120000,received,kaspa:qr5fd84m2hrt4lkqt6s5gjc2lwlsve5vd4eqyvtz3uagvau68w5d2zkljale4,19000000,
