tx_id,timestamp,direction,peer_address,amount_sompi,cex_label
12a0a6725bbb14c601ac42bcd9e0727e5bf7e1b30461eaf600d820e7002a389d,2023-12-12T15:43:48.963000,sent,kaspa:qqqggmlxag64me9qfqqa7zakva92mqk8pgpav204ny49x3zhqwxvy47mzl2kq,342040000,
12a0a6725bbb14c601ac42bcd9e0727e5bf7e1b30461eaf600d820e7002a389d,2023-12-12T15:43:48.963000,sent,kaspa:qqqggmlxag64me9qfqqa7zakva92mqk8pgpav204ny49x3zhqwxvy47mzl2kq,342040000,
12a0a6725bbb14c601ac42bcd9e0727e5bf7e1b30461eaf600d820e7002a389d,2023-12-12T15:43:48.963000,sent,kaspa:qqqggmlxag64me9qfqqa7zakva92mqk8pgpav204ny49x3zhqwxvy47mzl2kq,342040000,
fcb4f0d41ef479773ab8ac89a906755246fb70f3d86a88fb1781dcd8fc6df3ca,2023-12-12T13:44:11.877000,received,kaspa:qypkgqkmfhc6flcfwlh05dep6cgx686vnuszmee3sm262t808k2eazcjmalx6k8,171000000,
ba2e1a957cc72323b51c1ceba9d244f45bd5f96c15226640a11142f80912c77d,2023-12-12T11:39:07.033000,received,kaspa:qypswxtcrv4ssyjaswy5w9387vq73mkuyq85tl34cee6qn5uexqy0csgnafnjx7,171000000,
e241d51342c80ce3a334ba05a0ed37f9944a774e79d9afb94e41232b337a787d,2023-11-28T18:57:41.493000,sent,kaspa:qypg6nk7vf4z6k7tlmhhnfjw55n5jfnex7jvy5d4r7psa9ev9ltwu5gceccfjxl,18000000,
e241d51342c80ce3a334ba05a0ed37f9944a774e79d9afb94e41232b337a787d,2023-11-28T18:57:41.493000,sent,kaspa:qypg6nk7vf4z6k7tlmhhnfjw55n5jfnex7jvy5d4r7psa9ev9ltwu5gceccfjxl,18000000,
e456348ac3cab7bd77470e4e0fad15735c3178d9e44a7e1c703f4f90ee3b22b4,2023-11-28T18:56:15.245000,received,kaspa:qqqggmlxag64me9qfqqa7zakva92mqk8pgpav204ny49x3zhqwxvy47mzl2kq,18000000,
ec5487a3a4955ed5e6466428fb3180f708b1ba0cadad4255f58b18187dac30d7,2023-11-28T16:18:11.597000,sent,kaspa:qypm9542caufmfapavuezarscal0u87d73njhrack0fz4r9pwqkfs0saz05n8zw,18000000,
7d7f0f26d9e149d7a76547f05bc995fa00d049c7b68790d66e3d6bba28ea1c21,2023-11-28T16:01:09.623000,received,kaspa:qqdg4lspmdsq90avxk3fqm4sps0qlf0fsl6ussg697hefztghgmzsundznnd9,18100000,
