tx_id,timestamp,direction,peer_address,amount_sompi,cex_label
c73a0d9a1e7a3a38d8ac7e72460ef18e31216ed1ccf29b8dafe0b51edadad6f8,2024-02-07T20:00:26.260000,sent,kaspa:qp47cmyvwgk44cxgk0slvanzxmv40tscyaqqd0e9kmdch9lvhydduzeg29kqk,178800000000,
e91217d3b12a7ed25fed00eda8fb390fe97d93a59ac6b6d91d5c1b8c51ae024c,2024-02-07T19:52:03.023000,received,kaspa:qqetp7ct8kqss99fxmymyz5t3fezppxp0t58wl6pawp27elqd46uudme00cl0,178859000000,
e91217d3b12a7ed25fed00eda8fb390fe97d93a59ac6b6d91d5c1b8c51ae024c,2024-02-07T19:52:03.023000,received,kaspa:qpzpfwcsqsxhxwup26r55fd0ghqlhyugz8cp6y3wxuddc02vcxtjg75pspnwz,178859000000,MEXC
8171a057ca338f005c20649eed8144bc41fa0cb44fc0a4ab1d1f82fe9d2fb323,2024-01-04T12:19:04.814000,sent,kaspa:qqwvnkp47wsj6n4hkdlgj8dsauyx0xvefunnwvvsmpq2udd0ka8ckmpuqw3k5,561885900000,
74fcd01d7e3c8ee46e3c1876190ba8c2473df5586c278e88facba22d42298a49,2024-01-04T12:14:04.545000,received,kaspa:qqetp7ct8kqss99fxmymyz5t3fezppxp0t58wl6pawp27elqd46uudme00cl0,561886000000,
74fcd01d7e3c8ee46e3c1876190ba8c2473df5586c278e88facba22d42298a49,2024-01-04T12:14:04.545000,received,kaspa:qpzpfwcsqsxhxwup26r55fd0ghqlhyugz8cp6y3wxuddc02vcxtjg75pspnwz,561886000000,MEXC
bdeb22faa00442b70fa7bbe14ed51efa811e91751f76da0737a00e047faaffba,2023-12-01T02:31:06.713000,sent,kaspa:qqwvnkp47wsj6n4hkdlgj8dsauyx0xvefunnwvvsmpq2udd0ka8ckmpuqw3k5,508245900000,
59919bd0f242ce3f4e81203e32165d0c42ba5464a7917cd0865b3f2d328e0f9f,2023-12-01T02:09:04.519000,received,kaspa:qqetp7ct8kqss99fxmymyz5t3fezppxp0t58wl6pawp27elqd46uudme00cl0,508246000000,
6edc680a178d06c5a179d81adf99ba0e027b514a164194510fa9e4632c8f8be4,2023-11-30T11:23:28.041000,sent,kaspa:qqwvnkp47wsj6n4hkdlgj8dsauyx0xvefunnwvvsmpq2udd0ka8ckmpuqw3k5,7049786497218,
07dddd8550b1530b4d861eb705407e89e32b7d4248b8a802e0910885eab99547,2023-11-30T11:18:20.591000,received,kaspa:qqetp7ct8kqss99fxmymyz5t3fezppxp0t58wl6pawp27elqd46uudme00cl0,7049786597218,
30d6cc6457f2678ffcfe1864e7022eb5070256811fcf5d3c3763d37ecc51de88,2023-11-10T23:42:13.308000,sent,kaspa:qqwvnkp47wsj6n4hkdlgj8dsauyx0xvefunnwvvsmpq2udd0ka8ckmpuqw3k5,130649900000,
69837537d0bcdb8af297b6228074f599271a4b638c8d2cde38aa4c9acaa913d9,2023-11-10T23:40:06.182000,received,kaspa:qqetp7ct8kqss99fxmymyz5t3fezppxp0t58wl6pawp27elqd46uudme00cl0,130650000000,
217ec278a8ba991dd2f53e47e3cfd0927691fb7ea0f16a5438c0376176678c96,2023-11-10T23:28:55.946000,sent,kaspa:qqwvnkp47wsj6n4hkdlgj8dsauyx0xvefunnwvvsmpq2udd0ka8ckmpuqw3k5,244892900000,
f858c04ad69ef2388bb326154e4ee877d158ad7e1c16af28485565ee1053ad5e,2023-11-10T23:26:09.517000,received,kaspa:qqetp7ct8kqss99fxmymyz5t3fezppxp0t58wl6pawp27elqd46uudme00cl0,244893000000,
ff83a44c8091ea9925d1a21f9383141e9d9516b33a992ffd4d52ad689e3fd35e,2023-11-10T10:06:40.353000,sent,kaspa:qqwvnkp47wsj6n4hkdlgj8dsauyx0xvefunnwvvsmpq2udd0ka8ckmpuqw3k5,230267900000,
e6138b1e857c4042d44803cb6f812c21f06653fee2656a11f73e0bad115a84da,2023-11-10T09:54:04.208000,received,kaspa:qqetp7ct8kqss99fxmymyz5t3fezppxp0t58wl6pawp27elqd46uudme00cl0,230268000000,
5ad333ec097d31cac8ed09db82a620f22e29519b2c6d817eed0f965801dbe463,2023-10-29T15:34:53.320000,sent,kaspa:qqwvnkp47wsj6n4hkdlgj8dsauyx0xvefunnwvvsmpq2udd0ka8ckmpuqw3k5,213962900000,
4b53e8bd07c00e4d5ec870882df762f857fef9187b1e587eb572ef186a2ceeb6,2023-10-29T15:31:03.719000,received,kaspa:qqetp7ct8kqss99fxmymyz5t3fezppxp0t58wl6pawp27elqd46uudme00cl0,213963000000,
c21226265724c82b334b6ef06ebf0c52b7da20840de8c27cf97b3f08581c5966,2023-10-28T11:34:18.947000,sent,kaspa:qqwvnkp47wsj6n4hkdlgj8dsauyx0xvefunnwvvsmpq2udd0ka8ckmpuqw3k5,339556900000,
da20719db47219fc6ee0e1687cc85059970e881dfec0b623371210a223a67407,2023-10-28T11:33:02.756000,received,kaspa:qqetp7ct8kqss99fxmymyz5t3fezppxp0t58wl6pawp27elqd46uudme00cl0,339557000000,
414ebc78eb72631dc042a38befdd169e2c94843a7974d7b841afd888ae22664c,2023-10-22T09:46:49.098000,sent,kaspa:qqwvnkp47wsj6n4hkdlgj8dsauyx0xvefunnwvvsmpq2udd0ka8ckmpuqw3k5,461096750000,
5a4cfc9c5f5bbb648b8398854721cda54254b78a6780d8c81cbbdf81f22110eb,2023-10-22T09:41:57.236000,received,kaspa:qq3k4du6wf2g26j7ds6fqmgtgavgm3zy676wntp2e52nsuns2n4s6xkndmx0y,461096850000,
10866e65ca87428d5573823b349789a7a382ed936248fff1f591631132762453,2023-10-20T04:37:25.956000,sent,kaspa:qqwvnkp47wsj6n4hkdlgj8dsauyx0xvefunnwvvsmpq2udd0ka8ckmpuqw3k5,467520370000,
31eb93151ff26fb8104fdea793305d158cf285c1c7861017f482aa74eedb0417,2023-10-20T03:14:17.147000,received,kaspa:qpq94ntnvy8p9q6wrdwtn37xtspgashrydc0kuu8ctpyxulmh0wlxh2807zdh,467520470000,
72d07f4a462376ab3500f6068bf5c08ac904fbc3ea985ce60780d88871024975,2023-10-10T09:06:04.746000,sent,kaspa:qqwvnkp47wsj6n4hkdlgj8dsauyx0xvefunnwvvsmpq2udd0ka8ckmpuqw3k5,429528900000,
60fc2565ae102623792e03e3d4941efdf22dc1f869581b0c52308c7ebd41ad3a,2023-10-10T09:02:08.409000,received,kaspa:qqetp7ct8kqss99fxmymyz5t3fezppxp0t58wl6pawp27elqd46uudme00cl0,429529000000,
0ed98650e27e889761d2c6811de429010b693ef032360f232c5df906349b62a3,2023-09-30T08:51:17.405000,sent,kaspa:qqwvnkp47wsj6n4hkdlgj8dsauyx0xvefunnwvvsmpq2udd0ka8ckmpuqw3k5,455189900000,
947ce9bcabaaa3b59371db387052d79397d89df0b04f5d2b3ea93b59947c768c,2023-09-30T08:30:03.065000,received,kaspa:qqetp7ct8kqss99fxmymyz5t3fezppxp0t58wl6pawp27elqd46uudme00cl0,455190000000,
2ac8a0cb4d5dbec8152833cea7b2f33f8cb43c3c11d84e9ab14950f4d5494eed,2023-09-22T07:11:06.447000,sent,kaspa:qqwvnkp47wsj6n4hkdlgj8dsauyx0xvefunnwvvsmpq2udd0ka8ckmpuqw3k5,1084890900000,
44e17297367ec02b851643bb2f337c73ac939d2d198041498ca320eb74b1dfa7,2023-09-22T07:07:03.035000,received,kaspa:qqetp7ct8kqss99fxmymyz5t3fezppxp0t58wl6pawp27elqd46uudme00cl0,1084891000000,
7ead731bfbe1f338455ca53d9879c8c32f02a6b59ff052483b386fb9b6161e5f,2023-09-22T06:13:47.665000,sent,kaspa:qqwvnkp47wsj6n4hkdlgj8dsauyx0xvefunnwvvsmpq2udd0ka8ckmpuqw3k5,557562900000,
6178429a02903b6cf7cac140d5f750840f8edcb07646ae104f6361bd31d912cb,2023-09-22T04:57:03.447000,received,kaspa:qqetp7ct8kqss99fxmymyz5t3fezppxp0t58wl6pawp27elqd46uudme00cl0,557563000000,
83c94e2a6c5d7987ee4f1b239a8bc2ca43c8d8cc447f1b578f1b9b7c6162aabb,2023-09-20T16:54:14.209000,sent,kaspa:qqwvnkp47wsj6n4hkdlgj8dsauyx0xvefunnwvvsmpq2udd0ka8ckmpuqw3k5,334892650000,
744a4456ddc45ea5561b4a7d7cee86eafe3131fd755f2c32be1c8456461a1259,2023-09-20T16:51:35.660000,received,kaspa:qq3k4du6wf2g26j7ds6fqmgtgavgm3zy676wntp2e52nsuns2n4s6xkndmx0y,334892750000,
a2a4121ff2575b78a7ee689cc4f50bbd35d0d6e7222f451c768f5a40540debd5,2023-09-13T18:41:46.985000,sent,kaspa:qqwvnkp47wsj6n4hkdlgj8dsauyx0xvefunnwvvsmpq2udd0ka8ckmpuqw3k5,431013900000,
2a14220679e8ba3f7a3237b8d6e81852b8c3eb3ce3c53736b051eb62d526e087,2023-09-13T18:23:09.553000,received,kaspa:qqetp7ct8kqss99fxmymyz5t3fezppxp0t58wl6pawp27elqd46uudme00cl0,431014000000,
f4d4c2d23a7182eb8dd95d2cbd88803c2477e376bd89e29c5a4d88a41d4956a6,2023-07-24T03:03:24.890000,sent,kaspa:qqwvnkp47wsj6n4hkdlgj8dsauyx0xvefunnwvvsmpq2udd0ka8ckmpuqw3k5,586675900000,
b4a765bb039ca10fb73bf8fa4d869a1a91f68eb3f390c42f7700de6a777f5ed2,2023-07-24T03:02:02.713000,received,kaspa:qqetp7ct8kqss99fxmymyz5t3fezppxp0t58wl6pawp27elqd46uudme00cl0,586676000000,
828ef80f1209ffa7c1663c3d0923b3b0d1494bb04dc5f71d28f4661972e0eaff,2023-07-21T05:24:01.407000,sent,kaspa:qqwvnkp47wsj6n4hkdlgj8dsauyx0xvefunnwvvsmpq2udd0ka8ckmpuqw3k5,366973900000,
26e8d3dcb068a6e14ba1e3fcce869948853bfcb73b464751ae6ec6e7d14c8ea7,2023-07-21T05:21:01.704000,received,kaspa:qqetp7ct8kqss99fxmymyz5t3fezppxp0t58wl6pawp27elqd46uudme00cl0,366974000000,
74d58c08780c78e52bd101864fcf9f855c0edd46cae01d9c51bb9e3c2071dd5c,2023-07-20T18:39:38.077000,sent,kaspa:qqwvnkp47wsj6n4hkdlgj8dsauyx0xvefunnwvvsmpq2udd0ka8ckmpuqw3k5,512609900000,
2b0177629519240215973580d25b01aae1e375aef844e142fe29e30f27dd323d,2023-07-20T18:17:02.019000,received,kaspa:qqetp7ct8kqss99fxmymyz5t3fezppxp0t58wl6pawp27elqd46uudme00cl0,512610000000,
11c210dcadb5b1d9137d72ec094e39f9a9a5ddcd502fba69fa7fba0e35e379bc,2023-07-20T17:29:40.677000,sent,kaspa:qqwvnkp47wsj6n4hkdlgj8dsauyx0xvefunnwvvsmpq2udd0ka8ckmpuqw3k5,585448900000,
6b1a31549a681eccb2693ea3c899839630e9f3e705e55c5a5f4478f61a2e9aa8,2023-07-20T17:21:04.738000,received,kaspa:qqetp7ct8kqss99fxmymyz5t3fezppxp0t58wl6pawp27elqd46uudme00cl0,585449000000,
66fd3d5252dd2909e9febb7e3d876a540db2c9c3ad39564ce997b21a211b61e0,2023-07-20T16:41:16.788000,sent,kaspa:qqwvnkp47wsj6n4hkdlgj8dsauyx0xvefunnwvvsmpq2udd0ka8ckmpuqw3k5,689088900000,
171a696b576cd6ffa381e7a25fa20ed712765a95a4fcb6bab5f94889c98c7381,2023-07-20T16:34:03.237000,received,kaspa:qqetp7ct8kqss99fxmymyz5t3fezppxp0t58wl6pawp27elqd46uudme00cl0,689089000000,
78169f7e33fa86e36c5d4c4623df21980d53e71f7d6a5f483082aa51906aef85,2023-07-19T12:02:14.483000,sent,kaspa:qqwvnkp47wsj6n4hkdlgj8dsauyx0xvefunnwvvsmpq2udd0ka8ckmpuqw3k5,4214408511188,
ca80e5cb1b51e8874a13aa5a01b5aea77fb087a2aeecaff4d3febe7db4b3b1c5,2023-07-19T11:25:28.917000,sent,kaspa:qqwvnkp47wsj6n4hkdlgj8dsauyx0xvefunnwvvsmpq2udd0ka8ckmpuqw3k5,153610188812,
ca80e5cb1b51e8874a13aa5a01b5aea77fb087a2aeecaff4d3febe7db4b3b1c5,2023-07-19T11:25:28.917000,sent,kaspa:qqwvnkp47wsj6n4hkdlgj8dsauyx0xvefunnwvvsmpq2udd0ka8ckmpuqw3k5,153610188812,
3e9b7980e68dbaf63e999f998cb7cf66a3cbfc2f7586531f472f5961942e8c01,2023-07-19T11:13:11.775000,received,kaspa:qpflrll42hwhdc8l6fg9k2g7j7j03m5zhkame4tmk3ksaz5mdul0k0ax47gr8,4368000000000,
3e9b7980e68dbaf63e999f998cb7cf66a3cbfc2f7586531f472f5961942e8c01,2023-07-19T11:13:11.775000,received,kaspa:qry4q20a2mvx5pe5dem0tdh5eca0mpvjen9l8zcv52huny7er5q4k4vafd34n,4368000000000,
3e9b7980e68dbaf63e999f998cb7cf66a3cbfc2f7586531f472f5961942e8c01,2023-07-19T11:13:11.775000,received,kaspa:qzrk770cvqxjncdrh3xd8fgjqw7k7mqktgkmsntp0qs0n0uszxaqulusfarm2,4368000000000,
3e9b7980e68dbaf63e999f998cb7cf66a3cbfc2f7586531f472f5961942e8c01,2023-07-19T11:13:11.775000,received,kaspa:qpy76uq3zf4xtzsq8jgjgxx63wruvyfuj9et59d2nt0ypa8ualdcugr5n6dv8,4368000000000,
3e9b7980e68dbaf63e999f998cb7cf66a3cbfc2f7586531f472f5961942e8c01,2023-07-19T11:13:11.775000,received,kaspa:qqyhvu3h5mja4tcuxm2aluhlmfut5ejj22pdtp5eq6plu3udtsn27m8vaxpze,4368000000000,
3e9b7980e68dbaf63e999f998cb7cf66a3cbfc2f7586531f472f5961942e8c01,2023-07-19T11:13:11.775000,received,kaspa:qpxw9s9fp93ng87egdqkw2u87cf4hzw5gazu9nsckqprekdqcdx0jvq4504pp,4368000000000,
3e9b7980e68dbaf63e999f998cb7cf66a3cbfc2f7586531f472f5961942e8c01,2023-07-19T11:13:11.775000,received,kaspa:qzdqx7mxg0vshmlmsy76p9jn9k96wzgzk9pu9u4k9re4a4q59an7upp8nwljy,4368000000000,
3e9b7980e68dbaf63e999f998cb7cf66a3cbfc2f7586531f472f5961942e8c01,2023-07-19T11:13:11.775000,received,kaspa:qzymx8h9w0wprenl5ca4zr9gv7ddqx50639dtw2zrwym8m05s7tmzfmxyx4dl,4368000000000,
f21bf171401921b851d0c73c7193462504ffd6f70745b9cab2b8cc147d59df07,2023-06-22T21:59:22.083000,sent,kaspa:qqy6tf0znkh5enk4dhcyvkuzvz45keludzsquy48hr7egj9s0fphgvz78kk70,2730900000000,
f21bf171401921b851d0c73c7193462504ffd6f70745b9cab2b8cc147d59df07,2023-06-22T21:59:22.083000,sent,kaspa:qqy6tf0znkh5enk4dhcyvkuzvz45keludzsquy48hr7egj9s0fphgvz78kk70,2730900000000,
f21bf171401921b851d0c73c7193462504ffd6f70745b9cab2b8cc147d59df07,2023-06-22T21:59:22.083000,sent,kaspa:qqy6tf0znkh5enk4dhcyvkuzvz45keludzsquy48hr7egj9s0fphgvz78kk70,2730900000000,
f21bf171401921b851d0c73c7193462504ffd6f70745b9cab2b8cc147d59df07,2023-06-22T21:59:22.083000,sent,kaspa:qqy6tf0znkh5enk4dhcyvkuzvz45keludzsquy48hr7egj9s0fphgvz78kk70,2730900000000,
f21bf171401921b851d0c73c7193462504ffd6f70745b9cab2b8cc147d59df07,2023-06-22T21:59:22.083000,sent,kaspa:qqy6tf0znkh5enk4dhcyvkuzvz45keludzsquy48hr7egj9s0fphgvz78kk70,2730900000000,
f21bf171401921b851d0c73c7193462504ffd6f70745b9cab2b8cc147d59df07,2023-06-22T21:59:22.083000,sent,kaspa:qqy6tf0znkh5enk4dhcyvkuzvz45keludzsquy48hr7egj9s0fphgvz78kk70,2730900000000,
42761bdafeb39aff719ef541bbc507f974c63ae537ad54d7965ef2207c0300ec,2023-06-22T21:58:02.440000,received,kaspa:qqetp7ct8kqss99fxmymyz5t3fezppxp0t58wl6pawp27elqd46uudme00cl0,648471000000,
b2d32a801a8f8b727415b14fdd6d7b4ac90d251d40ecf6af3cfd5515306d40fe,2023-06-21T03:43:06.162000,received,kaspa:qqetp7ct8kqss99fxmymyz5t3fezppxp0t58wl6pawp27elqd46uudme00cl0,251457000000,
939b4e6f42c57517d6d11ad03455c20d316c877b23e8be6a2af5361ced6fa850,2023-06-20T18:38:03.322000,received,kaspa:qqetp7ct8kqss99fxmymyz5t3fezppxp0t58wl6pawp27elqd46uudme00cl0,271194000000,
8ce42336d6b27670632732b130980cf0b384ce0423b2c4e1016e1e7d0d964bca,2023-06-20T16:11:04.497000,received,kaspa:qqetp7ct8kqss99fxmymyz5t3fezppxp0t58wl6pawp27elqd46uudme00cl0,362118000000,
4597c13112f75cc703f005b877c2764fee97eb3fa6cc0da5865762298912da68,2023-06-19T21:14:07.222000,received,kaspa:qqetp7ct8kqss99fxmymyz5t3fezppxp0t58wl6pawp27elqd46uudme00cl0,720986000000,
3c16e9b77591665dabec495abfc9f1ed65e9b52e43999da5338f82d42827602c,2023-06-19T13:05:04.284000,received,kaspa:qqetp7ct8kqss99fxmymyz5t3fezppxp0t58wl6pawp27elqd46uudme00cl0,476693000000,
f7def1003c3f75e3e17fc25f7475328cab3a768fa5313eb599a2314c7ef4fe07,2023-05-29T14:36:32.674000,sent,kaspa:qqy6tf0znkh5enk4dhcyvkuzvz45keludzsquy48hr7egj9s0fphgvz78kk70,1583540510754,
0b282f75376ea73a79dbc4e3e73c7ddf3af895f75f93206881fc5e096d855ec8,2023-05-29T12:29:50.348000,sent,kaspa:qqy6tf0znkh5enk4dhcyvkuzvz45keludzsquy48hr7egj9s0fphgvz78kk70,500000000000,
92add3668f355e4913cedf1047ca5434a0f21dcb2d7b026cbab3224552506e5e,2023-05-28T08:22:29.309000,received,kaspa:qq3k4du6wf2g26j7ds6fqmgtgavgm3zy676wntp2e52nsuns2n4s6xkndmx0y,2083540710754,
fdaebcbaebc4decb6dc327510a9369f11bbab6611a41c7249d3fb62fa0f8c78c,2023-05-12T18:17:57.855000,sent,kaspa:qp47cmyvwgk44cxgk0slvanzxmv40tscyaqqd0e9kmdch9lvhydduzeg29kqk,2740010496780,
21d9bb7086a6857bea0dc90a3fe0243adfce1f3b3907ac1463439cc50b954168,2023-05-12T15:47:35.473000,sent,kaspa:qqy6tf0znkh5enk4dhcyvkuzvz45keludzsquy48hr7egj9s0fphgvz78kk70,1500000000000,
21d9bb7086a6857bea0dc90a3fe0243adfce1f3b3907ac1463439cc50b954168,2023-05-12T15:47:35.473000,sent,kaspa:qqy6tf0znkh5enk4dhcyvkuzvz45keludzsquy48hr7egj9s0fphgvz78kk70,1500000000000,
8abad571f89c28dc23022fdc935c53d38d5c94ee82b957f98843de578dab61ff,2023-05-08T23:05:54.408000,received,kaspa:qrqx6ppfv2yde5wsf0n97rms9x5mrn2qwmfctkmdpe7kcy825j55gql74mfkm,4239999996780,
8abad571f89c28dc23022fdc935c53d38d5c94ee82b957f98843de578dab61ff,2023-05-08T23:05:54.408000,received,kaspa:qry4q20a2mvx5pe5dem0tdh5eca0mpvjen9l8zcv52huny7er5q4k4vafd34n,4239999996780,
7b0ac76abdb1efd530dfd8d3ff57e896943f6b8e50151a625ae4efae5982a83b,2023-05-07T05:45:12.674000,sent,kaspa:qzrk770cvqxjncdrh3xd8fgjqw7k7mqktgkmsntp0qs0n0uszxaqulusfarm2,4256700000000,
7b0ac76abdb1efd530dfd8d3ff57e896943f6b8e50151a625ae4efae5982a83b,2023-05-07T05:45:12.674000,sent,kaspa:qzrk770cvqxjncdrh3xd8fgjqw7k7mqktgkmsntp0qs0n0uszxaqulusfarm2,4256700000000,
6d5afff5a318b7dbeade423a6aa10a344c1cf01c5cc5d3f74c20880ebd93d0af,2023-05-07T00:58:06.441000,received,kaspa:qqetp7ct8kqss99fxmymyz5t3fezppxp0t58wl6pawp27elqd46uudme00cl0,4256710000000,
29b2dae3b3cc6df037337b8de43043878dacfa892e052ffe897b0dd819f46591,2023-05-04T17:25:26.188000,sent,kaspa:qp47cmyvwgk44cxgk0slvanzxmv40tscyaqqd0e9kmdch9lvhydduzeg29kqk,7032640000000,
844d4506d7242ea345d85fa8b49ecd76d8c95c3b3e52b971fd2e70d9bb3e7b66,2023-05-02T01:56:43.866000,sent,kaspa:qp47cmyvwgk44cxgk0slvanzxmv40tscyaqqd0e9kmdch9lvhydduzeg29kqk,500000000000,
844d4506d7242ea345d85fa8b49ecd76d8c95c3b3e52b971fd2e70d9bb3e7b66,2023-05-02T01:56:43.866000,sent,kaspa:qp47cmyvwgk44cxgk0slvanzxmv40tscyaqqd0e9kmdch9lvhydduzeg29kqk,500000000000,
844d4506d7242ea345d85fa8b49ecd76d8c95c3b3e52b971fd2e70d9bb3e7b66,2023-05-02T01:56:43.866000,sent,kaspa:qp47cmyvwgk44cxgk0slvanzxmv40tscyaqqd0e9kmdch9lvhydduzeg29kqk,500000000000,
844d4506d7242ea345d85fa8b49ecd76d8c95c3b3e52b971fd2e70d9bb3e7b66,2023-05-02T01:56:43.866000,sent,kaspa:qp47cmyvwgk44cxgk0slvanzxmv40tscyaqqd0e9kmdch9lvhydduzeg29kqk,500000000000,
844d4506d7242ea345d85fa8b49ecd76d8c95c3b3e52b971fd2e70d9bb3e7b66,2023-05-02T01:56:43.866000,sent,kaspa:qp47cmyvwgk44cxgk0slvanzxmv40tscyaqqd0e9kmdch9lvhydduzeg29kqk,500000000000,
844d4506d7242ea345d85fa8b49ecd76d8c95c3b3e52b971fd2e70d9bb3e7b66,2023-05-02T01:56:43.866000,sent,kaspa:qp47cmyvwgk44cxgk0slvanzxmv40tscyaqqd0e9kmdch9lvhydduzeg29kqk,500000000000,
844d4506d7242ea345d85fa8b49ecd76d8c95c3b3e52b971fd2e70d9bb3e7b66,2023-05-02T01:56:43.866000,sent,kaspa:qp47cmyvwgk44cxgk0slvanzxmv40tscyaqqd0e9kmdch9lvhydduzeg29kqk,500000000000,
844d4506d7242ea345d85fa8b49ecd76d8c95c3b3e52b971fd2e70d9bb3e7b66,2023-05-02T01:56:43.866000,sent,kaspa:qp47cmyvwgk44cxgk0slvanzxmv40tscyaqqd0e9kmdch9lvhydduzeg29kqk,500000000000,
4d4fdc3b13700b69be06f2ec2e15c8ec336843d383df95729456ef242dfe56b0,2023-04-28T03:22:05.444000,received,kaspa:qqetp7ct8kqss99fxmymyz5t3fezppxp0t58wl6pawp27elqd46uudme00cl0,300502000000,
cdc8aec452ca8d3e81189877162cbffeb08cb9e3e5c125b581b733129d078569,2023-04-27T22:11:04.697000,received,kaspa:qqetp7ct8kqss99fxmymyz5t3fezppxp0t58wl6pawp27elqd46uudme00cl0,384713000000,
3ff6fb89b26bb6d2717cf991137b6a0cf5ca958c169f09442c6d1a4f78cfe7c8,2023-04-27T14:06:03.504000,received,kaspa:qqetp7ct8kqss99fxmymyz5t3fezppxp0t58wl6pawp27elqd46uudme00cl0,1010746000000,
4a7e6deaefcf2a699ea577ce2ec2f52b76d5ade013574df610a2a8b3395ea527,2023-04-25T23:23:03.516000,received,kaspa:qqetp7ct8kqss99fxmymyz5t3fezppxp0t58wl6pawp27elqd46uudme00cl0,2656466000000,
09da5b755622f06400eccffcf4c9983bf8ef641686ae8e47174809c870c7b680,2023-04-24T13:24:02.603000,received,kaspa:qqetp7ct8kqss99fxmymyz5t3fezppxp0t58wl6pawp27elqd46uudme00cl0,370747000000,
0ec572a9e5f3d0fc41649558174267afc89821f5885a34fdff1a7db9b3b21c13,2023-04-24T13:17:01.873000,received,kaspa:qpzpfwcsqsxhxwup26r55fd0ghqlhyugz8cp6y3wxuddc02vcxtjg75pspnwz,1923328000000,MEXC
a28e37f7befcb1dd4daba7e6a4379d6bf31787273ed287a5035e884a710d3e3a,2023-04-24T13:09:03.589000,received,kaspa:qpzpfwcsqsxhxwup26r55fd0ghqlhyugz8cp6y3wxuddc02vcxtjg75pspnwz,839139000000,MEXC
27b5586e4e34fb508167dcdee1085409f5c17066443cde8f216205e0d5e59470,2023-04-24T13:06:03.504000,received,kaspa:qpzpfwcsqsxhxwup26r55fd0ghqlhyugz8cp6y3wxuddc02vcxtjg75pspnwz,47000000000,MEXC
