tx_id,timestamp,direction,peer_address,amount_sompi,cex_label
11ceb58ee2bccd048b786bb3baaacbdff07ec54142795ce01da7030f100a4a1c,2025-01-16T07:55:08.060000,sent,kaspa:qpzpfwcsqsxhxwup26r55fd0ghqlhyugz8cp6y3wxuddc02vcxtjg75pspnwz,10000000000000,MEXC
11ceb58ee2bccd048b786bb3baaacbdff07ec54142795ce01da7030f100a4a1c,2025-01-16T07:55:08.060000,sent,kaspa:qpjunp39ssazf4rzfxxu0hd35xggfxn6lq0ls9u9q6peevzcmcv4xmv9q4njd,5071371910236984,
860e5a22ca32f726925b1bbe12c5ff0785c999377545dee9f6f0288f234530c3,2025-01-13T15:43:16.868000,received,kaspa:qzjcaxy96mq0ws0yps2gxtg86ksfeygq3q72jlg5zd4p5ls2aly5y3zsjlswy,19100000000000,
7ebd410387f7992fa71120f7e0704c0cc9a50e3574d127c4da3ca18f0410ac00,2025-01-13T14:50:56.838000,received,kaspa:qzjcaxy96mq0ws0yps2gxtg86ksfeygq3q72jlg5zd4p5ls2aly5y3zsjlswy,1000000000,
57f6d283ffe4ab56f0052fdd9eb2a84da03debf3587ea39b54605a9243b9e298,2024-09-01T12:28:34.314000,sent,kaspa:qpzpfwcsqsxhxwup26r55fd0ghqlhyugz8cp6y3wxuddc02vcxtjg75pspnwz,2000000000000,MEXC
57f6d283ffe4ab56f0052fdd9eb2a84da03debf3587ea39b54605a9243b9e298,2024-09-01T12:28:34.314000,sent,kaspa:qpjunp39ssazf4rzfxxu0hd35xggfxn6lq0ls9u9q6peevzcmcv4xmv9q4njd,70987717901673836,
c6a7fd7f7c4caf159c67bae25d77936e1ed989aeee0a7f492dba8d54f3bf0b15,2024-09-01T12:27:44.956000,received,kaspa:qp3sh0ad2rn9ageydjg034ex8znhm3uhfv63pft928f3z92raha6qgm6k2p9x,19960000000000,
c6a7fd7f7c4caf159c67bae25d77936e1ed989aeee0a7f492dba8d54f3bf0b15,2024-09-01T12:27:44.956000,received,kaspa:qp3sh0ad2rn9ageydjg034ex8znhm3uhfv63pft928f3z92raha6qgm6k2p9x,19960000000000,
0a99a6e7df40088ade869c669a0472dd7aa8cfb2e6d70b91115ad53a77e814e8,2024-02-08T10:51:05.330000,sent,kaspa:qpzpfwcsqsxhxwup26r55fd0ghqlhyugz8cp6y3wxuddc02vcxtjg75pspnwz,2000000000000,MEXC
0a99a6e7df40088ade869c669a0472dd7aa8cfb2e6d70b91115ad53a77e814e8,2024-02-08T10:51:05.330000,sent,kaspa:qpjunp39ssazf4rzfxxu0hd35xggfxn6lq0ls9u9q6peevzcmcv4xmv9q4njd,20051626460439030,
b7649c5445ca94e1479552a323b9d41c518ed54e9b563c30de41fc2916bdfe8d,2024-02-08T10:50:04.490000,received,kaspa:qr0srhpuzt5tjd3rtgv8pyq85ra8r4xwd7mvrhwenxlnvn60wwhk6ghwmxs8p,9555100000000,
b7649c5445ca94e1479552a323b9d41c518ed54e9b563c30de41fc2916bdfe8d,2024-02-08T10:50:04.490000,received,kaspa:qr0srhpuzt5tjd3rtgv8pyq85ra8r4xwd7mvrhwenxlnvn60wwhk6ghwmxs8p,9555100000000,
1093bc37f3cb86cc6821e9e5b5c020f8fa6f1c0c0b3b513e4e14a20b539356d2,2024-02-08T09:41:34.253000,sent,kaspa:qpzpfwcsqsxhxwup26r55fd0ghqlhyugz8cp6y3wxuddc02vcxtjg75pspnwz,2000000000000,MEXC
1093bc37f3cb86cc6821e9e5b5c020f8fa6f1c0c0b3b513e4e14a20b539356d2,2024-02-08T09:41:34.253000,sent,kaspa:qpjunp39ssazf4rzfxxu0hd35xggfxn6lq0ls9u9q6peevzcmcv4xmv9q4njd,20176081657396905,
f0d78f99692844367ac8eb8696fe32929b44380340c846496325dc5986cc5584,2024-02-08T09:40:22.321000,received,kaspa:qr0srhpuzt5tjd3rtgv8pyq85ra8r4xwd7mvrhwenxlnvn60wwhk6ghwmxs8p,9600100000000,
f0d78f99692844367ac8eb8696fe32929b44380340c846496325dc5986cc5584,2024-02-08T09:40:22.321000,received,kaspa:qr0srhpuzt5tjd3rtgv8pyq85ra8r4xwd7mvrhwenxlnvn60wwhk6ghwmxs8p,9600100000000,
68f35b038e82dab0075fe10ddd57ab37487b7c83090081c3ec5e11c109bf03a3,2024-02-07T13:52:35.562000,sent,kaspa:qpzpfwcsqsxhxwup26r55fd0ghqlhyugz8cp6y3wxuddc02vcxtjg75pspnwz,2000000000000,MEXC
68f35b038e82dab0075fe10ddd57ab37487b7c83090081c3ec5e11c109bf03a3,2024-02-07T13:52:35.562000,sent,kaspa:qpjunp39ssazf4rzfxxu0hd35xggfxn6lq0ls9u9q6peevzcmcv4xmv9q4njd,20095131644630705,
545244d12eb633adfa21b82738f50e8b3fed9eb22d79198724f05092ea069661,2024-02-07T13:52:11.055000,received,kaspa:qr0srhpuzt5tjd3rtgv8pyq85ra8r4xwd7mvrhwenxlnvn60wwhk6ghwmxs8p,16050700000000,
2240bf6c5c35ab29356f9e3645eecc3687f34b95a7fd3603007e0d9ce7398212,2024-02-07T13:32:34.950000,sent,kaspa:qpjunp39ssazf4rzfxxu0hd35xggfxn6lq0ls9u9q6peevzcmcv4xmv9q4njd,1876278685928,
f68eaa17be2c1e04c3f311e9d784e794eadac3b030d80ce2f2514227806a81cf,2024-02-07T13:31:45.070000,received,kaspa:qr0srhpuzt5tjd3rtgv8pyq85ra8r4xwd7mvrhwenxlnvn60wwhk6ghwmxs8p,10000000000,
f68eaa17be2c1e04c3f311e9d784e794eadac3b030d80ce2f2514227806a81cf,2024-02-07T13:31:45.070000,received,kaspa:qr0srhpuzt5tjd3rtgv8pyq85ra8r4xwd7mvrhwenxlnvn60wwhk6ghwmxs8p,10000000000,
4f36d33065070b1ad12f503fb8d36e4016a2ad9cba2be6e362111549d548659b,2024-01-04T21:31:39.632000,sent,kaspa:qpzpfwcsqsxhxwup26r55fd0ghqlhyugz8cp6y3wxuddc02vcxtjg75pspnwz,2000000000000,MEXC
4f36d33065070b1ad12f503fb8d36e4016a2ad9cba2be6e362111549d548659b,2024-01-04T21:31:39.632000,sent,kaspa:qpjunp39ssazf4rzfxxu0hd35xggfxn6lq0ls9u9q6peevzcmcv4xmv9q4njd,5558016868564239,
ecc3005156cc279faa62952df7b579bc6f0f5ac03557eb6ae6e542fae5cee4d8,2024-01-04T21:29:44.332000,received,kaspa:qqwvnkp47wsj6n4hkdlgj8dsauyx0xvefunnwvvsmpq2udd0ka8ckmpuqw3k5,10231781550000,
44202bc1dbcc84fe63ab412bf505be1dafc739ce399dd63e2f17796b8446b2bf,2024-01-04T21:00:08.609000,sent,kaspa:qpzpfwcsqsxhxwup26r55fd0ghqlhyugz8cp6y3wxuddc02vcxtjg75pspnwz,2000000000000,MEXC
44202bc1dbcc84fe63ab412bf505be1dafc739ce399dd63e2f17796b8446b2bf,2024-01-04T21:00:08.609000,sent,kaspa:qpjunp39ssazf4rzfxxu0hd35xggfxn6lq0ls9u9q6peevzcmcv4xmv9q4njd,5546692503799780,
cc6582720a8e60ddab607d8c62a18757fdab43b02fb3a006bb59198b7f30db06,2024-01-04T20:58:56.484000,received,kaspa:qqwvnkp47wsj6n4hkdlgj8dsauyx0xvefunnwvvsmpq2udd0ka8ckmpuqw3k5,20803193200000,
322ef8b8dfbd62027ed2e8e818d34548396c42035178b9ca25993a2e31a2dcd1,2024-01-04T20:26:39.858000,sent,kaspa:qpzpfwcsqsxhxwup26r55fd0ghqlhyugz8cp6y3wxuddc02vcxtjg75pspnwz,2000000000000,MEXC
322ef8b8dfbd62027ed2e8e818d34548396c42035178b9ca25993a2e31a2dcd1,2024-01-04T20:26:39.858000,sent,kaspa:qpjunp39ssazf4rzfxxu0hd35xggfxn6lq0ls9u9q6peevzcmcv4xmv9q4njd,5535503728991307,
f6480134ebb540ded0d1a12f589a86bbd54db738b3d622fd69f061935bdeb006,2024-01-04T20:24:46.097000,received,kaspa:qqwvnkp47wsj6n4hkdlgj8dsauyx0xvefunnwvvsmpq2udd0ka8ckmpuqw3k5,10699147750000,
16b88e012d5a4e2bd60452ad855f658326c40c9711fff3af6a99c510fa0c23a3,2024-01-04T20:20:38.651000,sent,kaspa:qpzpfwcsqsxhxwup26r55fd0ghqlhyugz8cp6y3wxuddc02vcxtjg75pspnwz,2000000000000,MEXC
16b88e012d5a4e2bd60452ad855f658326c40c9711fff3af6a99c510fa0c23a3,2024-01-04T20:20:38.651000,sent,kaspa:qpjunp39ssazf4rzfxxu0hd35xggfxn6lq0ls9u9q6peevzcmcv4xmv9q4njd,5523684193813809,
5b32efb95135bfe4e789c26c351daa7724dad6a26e0c459c9dc3836d52faa7b6,2024-01-04T20:18:52.519000,received,kaspa:qqwvnkp47wsj6n4hkdlgj8dsauyx0xvefunnwvvsmpq2udd0ka8ckmpuqw3k5,10610791950000,
5b32efb95135bfe4e789c26c351daa7724dad6a26e0c459c9dc3836d52faa7b6,2024-01-04T20:18:52.519000,received,kaspa:qqwvnkp47wsj6n4hkdlgj8dsauyx0xvefunnwvvsmpq2udd0ka8ckmpuqw3k5,10610791950000,
43f0d57454cc3fb451e2ff40be01581645da5ebebab784af7eaae0f74c6ff1d1,2024-01-04T20:08:39.731000,sent,kaspa:qpzpfwcsqsxhxwup26r55fd0ghqlhyugz8cp6y3wxuddc02vcxtjg75pspnwz,2000000000000,MEXC
43f0d57454cc3fb451e2ff40be01581645da5ebebab784af7eaae0f74c6ff1d1,2024-01-04T20:08:39.731000,sent,kaspa:qpjunp39ssazf4rzfxxu0hd35xggfxn6lq0ls9u9q6peevzcmcv4xmv9q4njd,5527181976660294,
6f9f5dda43093eaaffe03cfd21c36c592e10e5bbeb8a39086dcae371b6100c9d,2024-01-04T20:07:47.086000,received,kaspa:qqwvnkp47wsj6n4hkdlgj8dsauyx0xvefunnwvvsmpq2udd0ka8ckmpuqw3k5,8814990300000,
6dbf5a0ed9620131cf95278f5e77276da52a8e8d09ee0aac36069bc36fe05d30,2023-12-29T11:27:05.904000,sent,kaspa:qpjunp39ssazf4rzfxxu0hd35xggfxn6lq0ls9u9q6peevzcmcv4xmv9q4njd,1759999120000,
a82b527cf2a3fdc15e85c5c8c87ddfd6d5ae5a64ec372b3253c4b821f93ddfa8,2023-12-03T07:26:53.536000,sent,kaspa:qpzpfwcsqsxhxwup26r55fd0ghqlhyugz8cp6y3wxuddc02vcxtjg75pspnwz,30000000000000,MEXC
a82b527cf2a3fdc15e85c5c8c87ddfd6d5ae5a64ec372b3253c4b821f93ddfa8,2023-12-03T07:26:53.536000,sent,kaspa:qpjunp39ssazf4rzfxxu0hd35xggfxn6lq0ls9u9q6peevzcmcv4xmv9q4njd,852345360000,
367555c8e6df63eaaba5faad433b1d2caf84d12ed90a73a38dbaf30fd362ac54,2023-12-03T07:08:30.926000,received,kaspa:qqwvnkp47wsj6n4hkdlgj8dsauyx0xvefunnwvvsmpq2udd0ka8ckmpuqw3k5,17067162150000,
2341e65ece6f2c3f6696a36eca776386c439fb2e763ce7485b6caeb19d0ca5dd,2023-11-24T08:32:04.546000,sent,kaspa:qpzpfwcsqsxhxwup26r55fd0ghqlhyugz8cp6y3wxuddc02vcxtjg75pspnwz,30000000000000,MEXC
2341e65ece6f2c3f6696a36eca776386c439fb2e763ce7485b6caeb19d0ca5dd,2023-11-24T08:32:04.546000,sent,kaspa:qpjunp39ssazf4rzfxxu0hd35xggfxn6lq0ls9u9q6peevzcmcv4xmv9q4njd,1970306820000,
16e2c52f5af6b1d6cdd1bb88a2e1dfab9b15cb1072780a77f1924e842cb6f981,2023-11-24T07:19:29.614000,received,kaspa:qqwvnkp47wsj6n4hkdlgj8dsauyx0xvefunnwvvsmpq2udd0ka8ckmpuqw3k5,9218288550000,
aa03cb8fd12917af0dff1219fbbe3f5a839b22704a2947a8fa539bc3dfe28e4f,2023-11-24T06:55:59.526000,sent,kaspa:qpzpfwcsqsxhxwup26r55fd0ghqlhyugz8cp6y3wxuddc02vcxtjg75pspnwz,30000000000000,MEXC
aa03cb8fd12917af0dff1219fbbe3f5a839b22704a2947a8fa539bc3dfe28e4f,2023-11-24T06:55:59.526000,sent,kaspa:qpjunp39ssazf4rzfxxu0hd35xggfxn6lq0ls9u9q6peevzcmcv4xmv9q4njd,1281121344477,
ec184ea9397fc4444217d69e5bfc4cc0933fc7f69d0cee2d7142d36c97912f8a,2023-11-24T06:50:49.009000,received,kaspa:qqwvnkp47wsj6n4hkdlgj8dsauyx0xvefunnwvvsmpq2udd0ka8ckmpuqw3k5,8604895400000,
ec184ea9397fc4444217d69e5bfc4cc0933fc7f69d0cee2d7142d36c97912f8a,2023-11-24T06:50:49.009000,received,kaspa:qqwvnkp47wsj6n4hkdlgj8dsauyx0xvefunnwvvsmpq2udd0ka8ckmpuqw3k5,8604895400000,
ec184ea9397fc4444217d69e5bfc4cc0933fc7f69d0cee2d7142d36c97912f8a,2023-11-24T06:50:49.009000,received,kaspa:qqwvnkp47wsj6n4hkdlgj8dsauyx0xvefunnwvvsmpq2udd0ka8ckmpuqw3k5,8604895400000,
ec184ea9397fc4444217d69e5bfc4cc0933fc7f69d0cee2d7142d36c97912f8a,2023-11-24T06:50:49.009000,received,kaspa:qqwvnkp47wsj6n4hkdlgj8dsauyx0xvefunnwvvsmpq2udd0ka8ckmpuqw3k5,8604895400000,
ec184ea9397fc4444217d69e5bfc4cc0933fc7f69d0cee2d7142d36c97912f8a,2023-11-24T06:50:49.009000,received,kaspa:qqwvnkp47wsj6n4hkdlgj8dsauyx0xvefunnwvvsmpq2udd0ka8ckmpuqw3k5,8604895400000,
ec184ea9397fc4444217d69e5bfc4cc0933fc7f69d0cee2d7142d36c97912f8a,2023-11-24T06:50:49.009000,received,kaspa:qqwvnkp47wsj6n4hkdlgj8dsauyx0xvefunnwvvsmpq2udd0ka8ckmpuqw3k5,8604895400000,
78bb20b468f60080be604ebf143ae10391d2fb0ce02c67004f203f7bbb59b3d2,2023-11-23T05:51:19.621000,sent,kaspa:qpzpfwcsqsxhxwup26r55fd0ghqlhyugz8cp6y3wxuddc02vcxtjg75pspnwz,30000000000000,MEXC
78bb20b468f60080be604ebf143ae10391d2fb0ce02c67004f203f7bbb59b3d2,2023-11-23T05:51:19.621000,sent,kaspa:qpjunp39ssazf4rzfxxu0hd35xggfxn6lq0ls9u9q6peevzcmcv4xmv9q4njd,2880099890000,
7e3e4c3bb0c617a4a80b0a27874205d623b6c090c2c3ababef03f2cea44e3b1b,2023-11-23T05:41:32.665000,sent,kaspa:qpzpfwcsqsxhxwup26r55fd0ghqlhyugz8cp6y3wxuddc02vcxtjg75pspnwz,30000000000000,MEXC
7e3e4c3bb0c617a4a80b0a27874205d623b6c090c2c3ababef03f2cea44e3b1b,2023-11-23T05:41:32.665000,sent,kaspa:qpjunp39ssazf4rzfxxu0hd35xggfxn6lq0ls9u9q6peevzcmcv4xmv9q4njd,25418184530000,
f85484c771e3ec0a3e21b000960b024c9eea7cfea6b7f32c79d40fda61fc3364,2023-11-23T04:35:28.370000,received,kaspa:qqwvnkp47wsj6n4hkdlgj8dsauyx0xvefunnwvvsmpq2udd0ka8ckmpuqw3k5,25418184550000,
f85484c771e3ec0a3e21b000960b024c9eea7cfea6b7f32c79d40fda61fc3364,2023-11-23T04:35:28.370000,received,kaspa:qqwvnkp47wsj6n4hkdlgj8dsauyx0xvefunnwvvsmpq2udd0ka8ckmpuqw3k5,25418184550000,
16a8bb70c0e218e89520bb61b34b88a1a71f446d1af148d901d37b8ee97bfa82,2023-11-23T03:20:17.040000,received,kaspa:qqwvnkp47wsj6n4hkdlgj8dsauyx0xvefunnwvvsmpq2udd0ka8ckmpuqw3k5,15992000000000,
16a8bb70c0e218e89520bb61b34b88a1a71f446d1af148d901d37b8ee97bfa82,2023-11-23T03:20:17.040000,received,kaspa:qqwvnkp47wsj6n4hkdlgj8dsauyx0xvefunnwvvsmpq2udd0ka8ckmpuqw3k5,15992000000000,
16a8bb70c0e218e89520bb61b34b88a1a71f446d1af148d901d37b8ee97bfa82,2023-11-23T03:20:17.040000,received,kaspa:qqwvnkp47wsj6n4hkdlgj8dsauyx0xvefunnwvvsmpq2udd0ka8ckmpuqw3k5,15992000000000,
16a8bb70c0e218e89520bb61b34b88a1a71f446d1af148d901d37b8ee97bfa82,2023-11-23T03:20:17.040000,received,kaspa:qqwvnkp47wsj6n4hkdlgj8dsauyx0xvefunnwvvsmpq2udd0ka8ckmpuqw3k5,15992000000000,
16a8bb70c0e218e89520bb61b34b88a1a71f446d1af148d901d37b8ee97bfa82,2023-11-23T03:20:17.040000,received,kaspa:qqwvnkp47wsj6n4hkdlgj8dsauyx0xvefunnwvvsmpq2udd0ka8ckmpuqw3k5,15992000000000,
16a8bb70c0e218e89520bb61b34b88a1a71f446d1af148d901d37b8ee97bfa82,2023-11-23T03:20:17.040000,received,kaspa:qqwvnkp47wsj6n4hkdlgj8dsauyx0xvefunnwvvsmpq2udd0ka8ckmpuqw3k5,15992000000000,
16a8bb70c0e218e89520bb61b34b88a1a71f446d1af148d901d37b8ee97bfa82,2023-11-23T03:20:17.040000,received,kaspa:qqwvnkp47wsj6n4hkdlgj8dsauyx0xvefunnwvvsmpq2udd0ka8ckmpuqw3k5,15992000000000,
16a8bb70c0e218e89520bb61b34b88a1a71f446d1af148d901d37b8ee97bfa82,2023-11-23T03:20:17.040000,received,kaspa:qqwvnkp47wsj6n4hkdlgj8dsauyx0xvefunnwvvsmpq2udd0ka8ckmpuqw3k5,15992000000000,
16a8bb70c0e218e89520bb61b34b88a1a71f446d1af148d901d37b8ee97bfa82,2023-11-23T03:20:17.040000,received,kaspa:qqwvnkp47wsj6n4hkdlgj8dsauyx0xvefunnwvvsmpq2udd0ka8ckmpuqw3k5,15992000000000,
16a8bb70c0e218e89520bb61b34b88a1a71f446d1af148d901d37b8ee97bfa82,2023-11-23T03:20:17.040000,received,kaspa:qqwvnkp47wsj6n4hkdlgj8dsauyx0xvefunnwvvsmpq2udd0ka8ckmpuqw3k5,15992000000000,
16a8bb70c0e218e89520bb61b34b88a1a71f446d1af148d901d37b8ee97bfa82,2023-11-23T03:20:17.040000,received,kaspa:qqwvnkp47wsj6n4hkdlgj8dsauyx0xvefunnwvvsmpq2udd0ka8ckmpuqw3k5,15992000000000,
16a8bb70c0e218e89520bb61b34b88a1a71f446d1af148d901d37b8ee97bfa82,2023-11-23T03:20:17.040000,received,kaspa:qqwvnkp47wsj6n4hkdlgj8dsauyx0xvefunnwvvsmpq2udd0ka8ckmpuqw3k5,15992000000000,
16a8bb70c0e218e89520bb61b34b88a1a71f446d1af148d901d37b8ee97bfa82,2023-11-23T03:20:17.040000,received,kaspa:qqwvnkp47wsj6n4hkdlgj8dsauyx0xvefunnwvvsmpq2udd0ka8ckmpuqw3k5,15992000000000,
16a8bb70c0e218e89520bb61b34b88a1a71f446d1af148d901d37b8ee97bfa82,2023-11-23T03:20:17.040000,received,kaspa:qqwvnkp47wsj6n4hkdlgj8dsauyx0xvefunnwvvsmpq2udd0ka8ckmpuqw3k5,15992000000000,
16a8bb70c0e218e89520bb61b34b88a1a71f446d1af148d901d37b8ee97bfa82,2023-11-23T03:20:17.040000,received,kaspa:qqwvnkp47wsj6n4hkdlgj8dsauyx0xvefunnwvvsmpq2udd0ka8ckmpuqw3k5,15992000000000,
16a8bb70c0e218e89520bb61b34b88a1a71f446d1af148d901d37b8ee97bfa82,2023-11-23T03:20:17.040000,received,kaspa:qqwvnkp47wsj6n4hkdlgj8dsauyx0xvefunnwvvsmpq2udd0ka8ckmpuqw3k5,15992000000000,
16a8bb70c0e218e89520bb61b34b88a1a71f446d1af148d901d37b8ee97bfa82,2023-11-23T03:20:17.040000,received,kaspa:qqwvnkp47wsj6n4hkdlgj8dsauyx0xvefunnwvvsmpq2udd0ka8ckmpuqw3k5,15992000000000,
16a8bb70c0e218e89520bb61b34b88a1a71f446d1af148d901d37b8ee97bfa82,2023-11-23T03:20:17.040000,received,kaspa:qqwvnkp47wsj6n4hkdlgj8dsauyx0xvefunnwvvsmpq2udd0ka8ckmpuqw3k5,15992000000000,
16a8bb70c0e218e89520bb61b34b88a1a71f446d1af148d901d37b8ee97bfa82,2023-11-23T03:20:17.040000,received,kaspa:qqwvnkp47wsj6n4hkdlgj8dsauyx0xvefunnwvvsmpq2udd0ka8ckmpuqw3k5,15992000000000,
16a8bb70c0e218e89520bb61b34b88a1a71f446d1af148d901d37b8ee97bfa82,2023-11-23T03:20:17.040000,received,kaspa:qqwvnkp47wsj6n4hkdlgj8dsauyx0xvefunnwvvsmpq2udd0ka8ckmpuqw3k5,15992000000000,
16a8bb70c0e218e89520bb61b34b88a1a71f446d1af148d901d37b8ee97bfa82,2023-11-23T03:20:17.040000,received,kaspa:qqwvnkp47wsj6n4hkdlgj8dsauyx0xvefunnwvvsmpq2udd0ka8ckmpuqw3k5,15992000000000,
16a8bb70c0e218e89520bb61b34b88a1a71f446d1af148d901d37b8ee97bfa82,2023-11-23T03:20:17.040000,received,kaspa:qqwvnkp47wsj6n4hkdlgj8dsauyx0xvefunnwvvsmpq2udd0ka8ckmpuqw3k5,15992000000000,
16a8bb70c0e218e89520bb61b34b88a1a71f446d1af148d901d37b8ee97bfa82,2023-11-23T03:20:17.040000,received,kaspa:qqwvnkp47wsj6n4hkdlgj8dsauyx0xvefunnwvvsmpq2udd0ka8ckmpuqw3k5,15992000000000,
16a8bb70c0e218e89520bb61b34b88a1a71f446d1af148d901d37b8ee97bfa82,2023-11-23T03:20:17.040000,received,kaspa:qqwvnkp47wsj6n4hkdlgj8dsauyx0xvefunnwvvsmpq2udd0ka8ckmpuqw3k5,15992000000000,
16a8bb70c0e218e89520bb61b34b88a1a71f446d1af148d901d37b8ee97bfa82,2023-11-23T03:20:17.040000,received,kaspa:qqwvnkp47wsj6n4hkdlgj8dsauyx0xvefunnwvvsmpq2udd0ka8ckmpuqw3k5,15992000000000,
16a8bb70c0e218e89520bb61b34b88a1a71f446d1af148d901d37b8ee97bfa82,2023-11-23T03:20:17.040000,received,kaspa:qqwvnkp47wsj6n4hkdlgj8dsauyx0xvefunnwvvsmpq2udd0ka8ckmpuqw3k5,15992000000000,
16a8bb70c0e218e89520bb61b34b88a1a71f446d1af148d901d37b8ee97bfa82,2023-11-23T03:20:17.040000,received,kaspa:qqwvnkp47wsj6n4hkdlgj8dsauyx0xvefunnwvvsmpq2udd0ka8ckmpuqw3k5,15992000000000,
16a8bb70c0e218e89520bb61b34b88a1a71f446d1af148d901d37b8ee97bfa82,2023-11-23T03:20:17.040000,received,kaspa:qqwvnkp47wsj6n4hkdlgj8dsauyx0xvefunnwvvsmpq2udd0ka8ckmpuqw3k5,15992000000000,
16a8bb70c0e218e89520bb61b34b88a1a71f446d1af148d901d37b8ee97bfa82,2023-11-23T03:20:17.040000,received,kaspa:qqwvnkp47wsj6n4hkdlgj8dsauyx0xvefunnwvvsmpq2udd0ka8ckmpuqw3k5,15992000000000,
16a8bb70c0e218e89520bb61b34b88a1a71f446d1af148d901d37b8ee97bfa82,2023-11-23T03:20:17.040000,received,kaspa:qqwvnkp47wsj6n4hkdlgj8dsauyx0xvefunnwvvsmpq2udd0ka8ckmpuqw3k5,15992000000000,
16a8bb70c0e218e89520bb61b34b88a1a71f446d1af148d901d37b8ee97bfa82,2023-11-23T03:20:17.040000,received,kaspa:qqwvnkp47wsj6n4hkdlgj8dsauyx0xvefunnwvvsmpq2udd0ka8ckmpuqw3k5,15992000000000,
16a8bb70c0e218e89520bb61b34b88a1a71f446d1af148d901d37b8ee97bfa82,2023-11-23T03:20:17.040000,received,kaspa:qqwvnkp47wsj6n4hkdlgj8dsauyx0xvefunnwvvsmpq2udd0ka8ckmpuqw3k5,15992000000000,
16a8bb70c0e218e89520bb61b34b88a1a71f446d1af148d901d37b8ee97bfa82,2023-11-23T03:20:17.040000,received,kaspa:qqwvnkp47wsj6n4hkdlgj8dsauyx0xvefunnwvvsmpq2udd0ka8ckmpuqw3k5,15992000000000,
16a8bb70c0e218e89520bb61b34b88a1a71f446d1af148d901d37b8ee97bfa82,2023-11-23T03:20:17.040000,received,kaspa:qqwvnkp47wsj6n4hkdlgj8dsauyx0xvefunnwvvsmpq2udd0ka8ckmpuqw3k5,15992000000000,
16a8bb70c0e218e89520bb61b34b88a1a71f446d1af148d901d37b8ee97bfa82,2023-11-23T03:20:17.040000,received,kaspa:qqwvnkp47wsj6n4hkdlgj8dsauyx0xvefunnwvvsmpq2udd0ka8ckmpuqw3k5,15992000000000,
16a8bb70c0e218e89520bb61b34b88a1a71f446d1af148d901d37b8ee97bfa82,2023-11-23T03:20:17.040000,received,kaspa:qqwvnkp47wsj6n4hkdlgj8dsauyx0xvefunnwvvsmpq2udd0ka8ckmpuqw3k5,15992000000000,
16a8bb70c0e218e89520bb61b34b88a1a71f446d1af148d901d37b8ee97bfa82,2023-11-23T03:20:17.040000,received,kaspa:qqwvnkp47wsj6n4hkdlgj8dsauyx0xvefunnwvvsmpq2udd0ka8ckmpuqw3k5,15992000000000,
16a8bb70c0e218e89520bb61b34b88a1a71f446d1af148d901d37b8ee97bfa82,2023-11-23T03:20:17.040000,received,kaspa:qqwvnkp47wsj6n4hkdlgj8dsauyx0xvefunnwvvsmpq2udd0ka8ckmpuqw3k5,15992000000000,
16a8bb70c0e218e89520bb61b34b88a1a71f446d1af148d901d37b8ee97bfa82,2023-11-23T03:20:17.040000,received,kaspa:qqwvnkp47wsj6n4hkdlgj8dsauyx0xvefunnwvvsmpq2udd0ka8ckmpuqw3k5,15992000000000,
16a8bb70c0e218e89520bb61b34b88a1a71f446d1af148d901d37b8ee97bfa82,2023-11-23T03:20:17.040000,received,kaspa:qqwvnkp47wsj6n4hkdlgj8dsauyx0xvefunnwvvsmpq2udd0ka8ckmpuqw3k5,15992000000000,
709f903fce1a1ef3cfd842dd410376a6851a1426465076329ad6f2a3926125b5,2023-11-22T06:11:14.485000,sent,kaspa:qpzpfwcsqsxhxwup26r55fd0ghqlhyugz8cp6y3wxuddc02vcxtjg75pspnwz,30000000000000,MEXC
709f903fce1a1ef3cfd842dd410376a6851a1426465076329ad6f2a3926125b5,2023-11-22T06:11:14.485000,sent,kaspa:qpjunp39ssazf4rzfxxu0hd35xggfxn6lq0ls9u9q6peevzcmcv4xmv9q4njd,587453850000,
6a1e2909428c992c6f4d5be57c3fda1dee6b6f837cda71ccecf816e3a59f8b50,2023-11-22T06:00:51.719000,received,kaspa:qqwvnkp47wsj6n4hkdlgj8dsauyx0xvefunnwvvsmpq2udd0ka8ckmpuqw3k5,9487453900000,
25e92d8febcb2f5cb9c486a1f947a6fb492ce1d89b7cabd843058b24b038bfe1,2023-11-19T07:11:14.429000,sent,kaspa:qpzpfwcsqsxhxwup26r55fd0ghqlhyugz8cp6y3wxuddc02vcxtjg75pspnwz,30000000000000,MEXC
25e92d8febcb2f5cb9c486a1f947a6fb492ce1d89b7cabd843058b24b038bfe1,2023-11-19T07:11:14.429000,sent,kaspa:qpjunp39ssazf4rzfxxu0hd35xggfxn6lq0ls9u9q6peevzcmcv4xmv9q4njd,6802928467931,
1beb8990286ea3b9658f1f760aeb169b2ae7450966b771940ae87073d775e93a,2023-11-19T06:51:48.365000,received,kaspa:qqwvnkp47wsj6n4hkdlgj8dsauyx0xvefunnwvvsmpq2udd0ka8ckmpuqw3k5,13993599700000,
173f9ca69610916b6fe110731a60cc60e604cfae08af8538881aaa69e999faaf,2023-11-18T08:46:22.446000,sent,kaspa:qpzpfwcsqsxhxwup26r55fd0ghqlhyugz8cp6y3wxuddc02vcxtjg75pspnwz,30000000000000,MEXC
173f9ca69610916b6fe110731a60cc60e604cfae08af8538881aaa69e999faaf,2023-11-18T08:46:22.446000,sent,kaspa:qpjunp39ssazf4rzfxxu0hd35xggfxn6lq0ls9u9q6peevzcmcv4xmv9q4njd,226476060657,
173f9ca69610916b6fe110731a60cc60e604cfae08af8538881aaa69e999faaf,2023-11-18T08:46:22.446000,sent,kaspa:qpzpfwcsqsxhxwup26r55fd0ghqlhyugz8cp6y3wxuddc02vcxtjg75pspnwz,30000000000000,MEXC
173f9ca69610916b6fe110731a60cc60e604cfae08af8538881aaa69e999faaf,2023-11-18T08:46:22.446000,sent,kaspa:qpjunp39ssazf4rzfxxu0hd35xggfxn6lq0ls9u9q6peevzcmcv4xmv9q4njd,226476060657,
4d0dde5eb7a5d051679712fd14921821a3d34fea4ee9d75118130b233a644c60,2023-11-18T08:43:24.953000,received,kaspa:qqwvnkp47wsj6n4hkdlgj8dsauyx0xvefunnwvvsmpq2udd0ka8ckmpuqw3k5,7458368950000,
2b5e2c6d27aa858a01e9203ffc3ad820d38992e69436b8ffff40f8685b17ca3f,2023-11-18T08:18:28.953000,received,kaspa:qqwvnkp47wsj6n4hkdlgj8dsauyx0xvefunnwvvsmpq2udd0ka8ckmpuqw3k5,7555410405000,
f545999f6f92ddc23372afc51a876ed8ee382f2af9ee60dd65ccbb4ad9ca2033,2023-11-18T08:10:45.628000,received,kaspa:qqwvnkp47wsj6n4hkdlgj8dsauyx0xvefunnwvvsmpq2udd0ka8ckmpuqw3k5,20000000000,
