tx_id,timestamp,direction,peer_address,amount_sompi,cex_label
948bb6fb9283d335b04519a37555c1558548a345cf636d50a52e8fe5321c19d8,2023-12-16T05:21:36.663000,sent,kaspa:qzslgwenzu78t6tldlng383g7ruu4enaljmnkgaulyrscjp7ldt26x8gfxck5,171940000,
948bb6fb9283d335b04519a37555c1558548a345cf636d50a52e8fe5321c19d8,2023-12-16T05:21:36.663000,sent,kaspa:qzslgwenzu78t6tldlng383g7ruu4enaljmnkgaulyrscjp7ldt26x8gfxck5,171940000,
c80798a1183e681ff2a3b9496d16fafdd140a7688307b1f0001c0d0f7f5cde59,2023-12-13T05:33:57.345000,received,kaspa:qypswxtcrv4ssyjaswy5w9387vq73mkuyq85tl34cee6qn5uexqy0csgnafnjx7,171000000,
ec06dafd0301a4b489ce66ab261bf528ba2cf6f0e1871b970dc6d7044ef51937,2023-11-29T21:31:04.591000,sent,kaspa:qypxc32sw622vgxtqkgu58wfpt50m6ssnl32mfe6ry25fnpn5wnge5sm22es53c,18000000,
8eefe47f572cea454c7b3c27b46c901138e76d6fed79bd33bb97c0974e7a7788,2023-11-29T03:29:23.882000,received,kaspa:qr6uctv0jtk6hvppfh98yec3yrqtpqgaplm57220c0lf0nvhzqe7xx45xh4w0,19000000,
