tx_id,timestamp,direction,peer_address,amount_sompi,cex_label
89966c84f94675be80c3f48adb17d2145d06105ec2cecfb35a0b41cfd14c5ebe,2023-12-16T04:00:24.477000,sent,kaspa:qzslgwenzu78t6tldlng383g7ruu4enaljmnkgaulyrscjp7ldt26x8gfxck5,171940000,
89966c84f94675be80c3f48adb17d2145d06105ec2cecfb35a0b41cfd14c5ebe,2023-12-16T04:00:24.477000,sent,kaspa:qzslgwenzu78t6tldlng383g7ruu4enaljmnkgaulyrscjp7ldt26x8gfxck5,171940000,
c3671a14b05d32ea7f43ed50b8bef4bd717ff3b14719022b3a619b60fba9f9e9,2023-12-12T01:11:21.052000,received,kaspa:qypswxtcrv4ssyjaswy5w9387vq73mkuyq85tl34cee6qn5uexqy0csgnafnjx7,171000000,
35d50cef95bbf1c36a2da19bdbe3bd0a526efd7e7c3465bdd65c635140acbaac,2023-11-27T15:50:23.999000,sent,kaspa:qypg85939ulvr869cs6ydmvw9egkmwrl5cx4cr95z78nh879z8yes0slkwqfwvr,18000000,
e3a942fb7eb05cd7f372755ff20d64727b4e563bb7870f998b2e151340a439dc,2023-11-27T12:48:32.210000,received,kaspa:qrerktaw3l37q6drjk6ewjuxcrey6tfhg36taj8h6mrykk9l05ssgnzsyujfs,19000000,
