tx_id,timestamp,direction,peer_address,amount_sompi,cex_label
96393bf9caa744f0ff61908c6616316deeb1934ecf7273c4b6f3aa3c9c455e4d,2023-12-16T05:04:53.837000,sent,kaspa:qzslgwenzu78t6tldlng383g7ruu4enaljmnkgaulyrscjp7ldt26x8gfxck5,171940000,
96393bf9caa744f0ff61908c6616316deeb1934ecf7273c4b6f3aa3c9c455e4d,2023-12-16T05:04:53.837000,sent,kaspa:qzslgwenzu78t6tldlng383g7ruu4enaljmnkgaulyrscjp7ldt26x8gfxck5,171940000,
28c0d33c3488769578230beee46b9c958670d657193ede27c6f7f8c71a8b66f8,2023-12-13T03:28:01.843000,received,kaspa:qypswxtcrv4ssyjaswy5w9387vq73mkuyq85tl34cee6qn5uexqy0csgnafnjx7,171000000,
1d66651244cc933794fa31b5d42c507e6e6f88d396d6f086991a17df2e42904f,2023-11-29T18:42:00.539000,sent,kaspa:qyp9rcml5fvrkkaxrmggv283teuncccf8g338x44ahmy2d0p7vlhveqcwu2mkcz,18000000,
df0170d689702af3f64057ef8ba40e0a6d0a21b6e3b318f3266213630af19176,2023-11-28T22:06:12.250000,received,kaspa:qr4l6ccrnequlsgxdtfmc748wfv0dlcywwh86sweqrn68kve6kptwajp8fk3g,19000000,
