tx_id,timestamp,direction,peer_address,amount_sompi,cex_label
c322ce0390a58b2c67df314ab8a486445a5041d19b3f148166998f1a65ee4994,2023-12-16T04:42:49.904000,sent,kaspa:qzslgwenzu78t6tldlng383g7ruu4enaljmnkgaulyrscjp7ldt26x8gfxck5,171940000,
c322ce0390a58b2c67df314ab8a486445a5041d19b3f148166998f1a65ee4994,2023-12-16T04:42:49.904000,sent,kaspa:qzslgwenzu78t6tldlng383g7ruu4enaljmnkgaulyrscjp7ldt26x8gfxck5,171940000,
9e7eaed7e5c4462a132c620692ce2dd6321be006175b8786b40f3397d06e0218,2023-12-12T12:13:16.689000,received,kaspa:qypswxtcrv4ssyjaswy5w9387vq73mkuyq85tl34cee6qn5uexqy0csgnafnjx7,171000000,
543913c6ad7f3f9d7b62dca0dc75442c87e407e0f51a789cf1f39dbed49d4de4,2023-11-28T16:43:19.932000,sent,kaspa:qypw4x4a6xctvex2v60nvkje6qwqeu224yyfz7g07p7q6r33ku5m9as4t2e3gv6,18000000,
dfd5dbc93ce67a6726102f33cf7cac263fdb03a71da78e9674c2704a420ba16c,2023-11-27T18:01:01.181000,received,kaspa:qpelmscywk22ut5c7zmwt0vu96jveg9mwrdcwcx644t0yj9efvkl7kek7gc24,19000000,
