tx_id,timestamp,direction,peer_address,amount_sompi,cex_label
3c0aff3f40770c29b4a2464f0a7264a2ac7531c796bc70f0177b76080a0239d1,2024-03-07T13:42:28.655000,sent,kaspa:qqnqv3rvnctfyrjteurqm0gmqfu7yjg3949yxpyxxfa4rgm9nt2zxauwq8xvs,2390000000000,
3c0aff3f40770c29b4a2464f0a7264a2ac7531c796bc70f0177b76080a0239d1,2024-03-07T13:42:28.655000,sent,kaspa:qq0uek7udmn80vr33lzteldleks6qdqchl2rz9wl4r36pkxrrtfk5lgnm9lf6,16223200741,
57fa33c82982c6a50f2ace874a13cc1f9318ceedb7b21e2e8fbc007aa4a5e078,2024-03-07T13:10:53.050000,received,kaspa:qqc92apjn2mvqr7s0w8nzspt6uv9g50xmayrlzj8ht6xqt574wggqvtaxevjj,2406223202810,
57fa33c82982c6a50f2ace874a13cc1f9318ceedb7b21e2e8fbc007aa4a5e078,2024-03-07T13:10:53.050000,received,kaspa:qr26rj66v8jceaxp0g7kjrhg5utd4422ydjwkjak54cy25e8s22tz0r5nvuph,2406223202810,
