tx_id,timestamp,direction,peer_address,amount_sompi,cex_label
eda4e8b6742ff6c91fa0a353c88cc6b4c09093aab739265cfa83fcb995030362,2025-04-27T08:38:33.101000,received,kaspa:qp3e5kmmd4sanxa5atjtw0shkrm8al3t0476cpx92ewvfq3n59x5un9jyx9vl,18002100000000,
eda4e8b6742ff6c91fa0a353c88cc6b4c09093aab739265cfa83fcb995030362,2025-04-27T08:38:33.101000,received,kaspa:qp3e5kmmd4sanxa5atjtw0shkrm8al3t0476cpx92ewvfq3n59x5un9jyx9vl,18002100000000,
563ff23c17dc182de6e93debe39756c8ea5984b739139ed671edaf2ad41db60a,2025-04-01T07:25:04.170000,received,kaspa:qq2g84fyvkhw7dag5rexreugr0njzzx4c0usnnzwjfj09hx99rwk27w0fkduj,10000000000000,
563ff23c17dc182de6e93debe39756c8ea5984b739139ed671edaf2ad41db60a,2025-04-01T07:25:04.170000,received,kaspa:qq2g84fyvkhw7dag5rexreugr0njzzx4c0usnnzwjfj09hx99rwk27w0fkduj,10000000000000,
563ff23c17dc182de6e93debe39756c8ea5984b739139ed671edaf2ad41db60a,2025-04-01T07:25:04.170000,received,kaspa:qq2g84fyvkhw7dag5rexreugr0njzzx4c0usnnzwjfj09hx99rwk27w0fkduj,10000000000000,
563ff23c17dc182de6e93debe39756c8ea5984b739139ed671edaf2ad41db60a,2025-04-01T07:25:04.170000,received,kaspa:qq2g84fyvkhw7dag5rexreugr0njzzx4c0usnnzwjfj09hx99rwk27w0fkduj,10000000000000,
39aab0a958e7dabc808be0b48fb64cf367c00dd9b38b2fbf8714f162ced7c208,2025-03-28T05:56:04.322000,received,kaspa:qq2g84fyvkhw7dag5rexreugr0njzzx4c0usnnzwjfj09hx99rwk27w0fkduj,10000000000000,
39aab0a958e7dabc808be0b48fb64cf367c00dd9b38b2fbf8714f162ced7c208,2025-03-28T05:56:04.322000,received,kaspa:qq2g84fyvkhw7dag5rexreugr0njzzx4c0usnnzwjfj09hx99rwk27w0fkduj,10000000000000,
39aab0a958e7dabc808be0b48fb64cf367c00dd9b38b2fbf8714f162ced7c208,2025-03-28T05:56:04.322000,received,kaspa:qq2g84fyvkhw7dag5rexreugr0njzzx4c0usnnzwjfj09hx99rwk27w0fkduj,10000000000000,
a9fb13f527a13d3a9abf524ffa8986f53d0a5f68e8c29454c7854c8efc13ef53,2025-03-24T04:16:03.096000,received,kaspa:qq2g84fyvkhw7dag5rexreugr0njzzx4c0usnnzwjfj09hx99rwk27w0fkduj,10000000000000,
a9fb13f527a13d3a9abf524ffa8986f53d0a5f68e8c29454c7854c8efc13ef53,2025-03-24T04:16:03.096000,received,kaspa:qq2g84fyvkhw7dag5rexreugr0njzzx4c0usnnzwjfj09hx99rwk27w0fkduj,10000000000000,
a9fb13f527a13d3a9abf524ffa8986f53d0a5f68e8c29454c7854c8efc13ef53,2025-03-24T04:16:03.096000,received,kaspa:qq2g84fyvkhw7dag5rexreugr0njzzx4c0usnnzwjfj09hx99rwk27w0fkduj,10000000000000,
b83c266e2c3c05267f85ddc82debcb90e93f179ce885a75ff3e0bfba89862f83,2025-03-10T03:44:27.436000,received,kaspa:qq2g84fyvkhw7dag5rexreugr0njzzx4c0usnnzwjfj09hx99rwk27w0fkduj,10000000000000,
b83c266e2c3c05267f85ddc82debcb90e93f179ce885a75ff3e0bfba89862f83,2025-03-10T03:44:27.436000,received,kaspa:qq2g84fyvkhw7dag5rexreugr0njzzx4c0usnnzwjfj09hx99rwk27w0fkduj,10000000000000,
b83c266e2c3c05267f85ddc82debcb90e93f179ce885a75ff3e0bfba89862f83,2025-03-10T03:44:27.436000,received,kaspa:qq2g84fyvkhw7dag5rexreugr0njzzx4c0usnnzwjfj09hx99rwk27w0fkduj,10000000000000,
b83c266e2c3c05267f85ddc82debcb90e93f179ce885a75ff3e0bfba89862f83,2025-03-10T03:44:27.436000,received,kaspa:qq2g84fyvkhw7dag5rexreugr0njzzx4c0usnnzwjfj09hx99rwk27w0fkduj,10000000000000,
9de66cf60d9d121f17d8c62e57e2ef94cdcf19a0f4adac181eec50045aca9cda,2025-02-17T12:27:14.490000,received,kaspa:qq2g84fyvkhw7dag5rexreugr0njzzx4c0usnnzwjfj09hx99rwk27w0fkduj,7500000000000,
9de66cf60d9d121f17d8c62e57e2ef94cdcf19a0f4adac181eec50045aca9cda,2025-02-17T12:27:14.490000,received,kaspa:qq2g84fyvkhw7dag5rexreugr0njzzx4c0usnnzwjfj09hx99rwk27w0fkduj,7500000000000,
9de66cf60d9d121f17d8c62e57e2ef94cdcf19a0f4adac181eec50045aca9cda,2025-02-17T12:27:14.490000,received,kaspa:qq2g84fyvkhw7dag5rexreugr0njzzx4c0usnnzwjfj09hx99rwk27w0fkduj,7500000000000,
ba2be7a43ab070d8efa790b2db3c4dd052841a0f61286e65eced798f0628e66c,2025-02-16T16:08:07.805000,sent,kaspa:qrvum29vk365g0zcd5gx3c7h829etfq2ytdmscjzw4zw04fjfnprcg9c3tges,35539189643792,
748f71201113a915c9f39c2f12a3f5d7948e1ae35d930cd63aff09a83462eec2,2025-02-09T13:22:48.894000,sent,kaspa:qz3fschn7z2r7haz9ymm2pqy8q3dn7zg7lj7ut0j6xrxmmcgfgg3cyhg72m3p,10000000000,
748f71201113a915c9f39c2f12a3f5d7948e1ae35d930cd63aff09a83462eec2,2025-02-09T13:22:48.894000,sent,kaspa:qrwxtmw6cynqmjua3depl9amddvh50vj0l4da392mzt473uek069xgz7m22w4,261835662400,
748f71201113a915c9f39c2f12a3f5d7948e1ae35d930cd63aff09a83462eec2,2025-02-09T13:22:48.894000,sent,kaspa:qrvum29vk365g0zcd5gx3c7h829etfq2ytdmscjzw4zw04fjfnprcg9c3tges,29728163034600,
a55232e2148676128ce667ff9c428cff593003bc4bf8b13f1ec450ee44ad7809,2025-02-09T12:40:07.334000,received,kaspa:qq2g84fyvkhw7dag5rexreugr0njzzx4c0usnnzwjfj09hx99rwk27w0fkduj,30000000000000,
a55232e2148676128ce667ff9c428cff593003bc4bf8b13f1ec450ee44ad7809,2025-02-09T12:40:07.334000,received,kaspa:qq2g84fyvkhw7dag5rexreugr0njzzx4c0usnnzwjfj09hx99rwk27w0fkduj,30000000000000,
a55232e2148676128ce667ff9c428cff593003bc4bf8b13f1ec450ee44ad7809,2025-02-09T12:40:07.334000,received,kaspa:qq2g84fyvkhw7dag5rexreugr0njzzx4c0usnnzwjfj09hx99rwk27w0fkduj,30000000000000,
b1da7e6966a5c57c35a5638818e534fcd82d21d8514693516d9657a0a947ad1e,2025-02-03T18:08:20.210000,sent,kaspa:qz044q54t5m3wvsfwfgwvwllx077a04g0ej225rfeztnwdd8myyq5k448cj73,8309900000000,
b1da7e6966a5c57c35a5638818e534fcd82d21d8514693516d9657a0a947ad1e,2025-02-03T18:08:20.210000,sent,kaspa:qzt7aclnyvdanj64kfnh9rk3dr82azrezjh5ufq69g8vv3jqt3656hzknp5ux,10726700000000,
b1da7e6966a5c57c35a5638818e534fcd82d21d8514693516d9657a0a947ad1e,2025-02-03T18:08:20.210000,sent,kaspa:qrvum29vk365g0zcd5gx3c7h829etfq2ytdmscjzw4zw04fjfnprcg9c3tges,8963298138000,
7bc1563b5fd4db62bff90ad73e85ef86b1a1e0612ae63c24598f6c6d86a62e1d,2025-02-03T12:54:58.839000,sent,kaspa:qypwq39pzzrvhvtvy4mm7vnvssrcvyy6wdnvq6m97esyd9tqtmdw72cdr54zp0l,302001196000,
7bc1563b5fd4db62bff90ad73e85ef86b1a1e0612ae63c24598f6c6d86a62e1d,2025-02-03T12:54:58.839000,sent,kaspa:qrqftasly5tun9edte95vu439k8t42gdzxfehfrdmnz9h2e45ukm6mw36zd2d,30177768310750,
7bc1563b5fd4db62bff90ad73e85ef86b1a1e0612ae63c24598f6c6d86a62e1d,2025-02-03T12:54:58.839000,sent,kaspa:qrvum29vk365g0zcd5gx3c7h829etfq2ytdmscjzw4zw04fjfnprcg9c3tges,15324195659350,
927f0bd1a3640fb69963d5381f8f7ab52986b4c262a43dabc31200255254eb1f,2025-02-03T12:15:08.878000,received,kaspa:qq2g84fyvkhw7dag5rexreugr0njzzx4c0usnnzwjfj09hx99rwk27w0fkduj,30000000000000,
927f0bd1a3640fb69963d5381f8f7ab52986b4c262a43dabc31200255254eb1f,2025-02-03T12:15:08.878000,received,kaspa:qq2g84fyvkhw7dag5rexreugr0njzzx4c0usnnzwjfj09hx99rwk27w0fkduj,30000000000000,
927f0bd1a3640fb69963d5381f8f7ab52986b4c262a43dabc31200255254eb1f,2025-02-03T12:15:08.878000,received,kaspa:qq2g84fyvkhw7dag5rexreugr0njzzx4c0usnnzwjfj09hx99rwk27w0fkduj,30000000000000,
435389f64c3b5ea9cc935f7cdbc1b042ca3939eaa84e8825b8379747cc6d2b92,2025-01-16T22:36:09.997000,sent,kaspa:qyp0ghw4eley04efmmt8jj89camfsst46mau4kc9jtyav00hcxez4ng56ylur2r,61143295000,
435389f64c3b5ea9cc935f7cdbc1b042ca3939eaa84e8825b8379747cc6d2b92,2025-01-16T22:36:09.997000,sent,kaspa:qpzxtnw72lhd50uxsxwydfc736wuc0jvewj6tjzfycnj2dg8wd94jeuyamfrt,54770774600,
435389f64c3b5ea9cc935f7cdbc1b042ca3939eaa84e8825b8379747cc6d2b92,2025-01-16T22:36:09.997000,sent,kaspa:qrvum29vk365g0zcd5gx3c7h829etfq2ytdmscjzw4zw04fjfnprcg9c3tges,39884084627400,
58f732d428301c94f920aa1f4bd6649aefbd087d43863f5f8c656da9733bdd3f,2025-01-16T21:57:16.830000,sent,kaspa:qppf8v4smrs7u9uwzd5nenr2v0kmn2xj9savtpvewrgz6twytxqgjmy4q53er,4000000000,
58f732d428301c94f920aa1f4bd6649aefbd087d43863f5f8c656da9733bdd3f,2025-01-16T21:57:16.830000,sent,kaspa:qzkp68xfufjn04l097lsv0vznfgn6pn7k752hm8tf6mctsfz45a0jptsgv89z,18946534048,
58f732d428301c94f920aa1f4bd6649aefbd087d43863f5f8c656da9733bdd3f,2025-01-16T21:57:16.830000,sent,kaspa:qrvum29vk365g0zcd5gx3c7h829etfq2ytdmscjzw4zw04fjfnprcg9c3tges,39977052162952,
ddb7fc732db19982c248dea815b2157cbded9cff5b3ab79eacd265a91c62982d,2025-01-07T04:35:00.349000,received,kaspa:qq2g84fyvkhw7dag5rexreugr0njzzx4c0usnnzwjfj09hx99rwk27w0fkduj,40000000000000,
ddb7fc732db19982c248dea815b2157cbded9cff5b3ab79eacd265a91c62982d,2025-01-07T04:35:00.349000,received,kaspa:qq2g84fyvkhw7dag5rexreugr0njzzx4c0usnnzwjfj09hx99rwk27w0fkduj,40000000000000,
ddb7fc732db19982c248dea815b2157cbded9cff5b3ab79eacd265a91c62982d,2025-01-07T04:35:00.349000,received,kaspa:qq2g84fyvkhw7dag5rexreugr0njzzx4c0usnnzwjfj09hx99rwk27w0fkduj,40000000000000,
ddb7fc732db19982c248dea815b2157cbded9cff5b3ab79eacd265a91c62982d,2025-01-07T04:35:00.349000,received,kaspa:qq2g84fyvkhw7dag5rexreugr0njzzx4c0usnnzwjfj09hx99rwk27w0fkduj,40000000000000,
ddb7fc732db19982c248dea815b2157cbded9cff5b3ab79eacd265a91c62982d,2025-01-07T04:35:00.349000,received,kaspa:qq2g84fyvkhw7dag5rexreugr0njzzx4c0usnnzwjfj09hx99rwk27w0fkduj,40000000000000,
5619081322d36de690f3271c99599a5619f36daf8c2a8cfb3c1a5fdf9ebfa541,2024-12-29T06:56:07.760000,received,kaspa:qq2g84fyvkhw7dag5rexreugr0njzzx4c0usnnzwjfj09hx99rwk27w0fkduj,40000000000000,
5619081322d36de690f3271c99599a5619f36daf8c2a8cfb3c1a5fdf9ebfa541,2024-12-29T06:56:07.760000,received,kaspa:qq2g84fyvkhw7dag5rexreugr0njzzx4c0usnnzwjfj09hx99rwk27w0fkduj,40000000000000,
5619081322d36de690f3271c99599a5619f36daf8c2a8cfb3c1a5fdf9ebfa541,2024-12-29T06:56:07.760000,received,kaspa:qq2g84fyvkhw7dag5rexreugr0njzzx4c0usnnzwjfj09hx99rwk27w0fkduj,40000000000000,
0509e57d00e15905b9a1a0f55aec916d400f05715e5b36ca1dbdf25bf481602c,2024-12-22T12:25:43.141000,received,kaspa:qq2g84fyvkhw7dag5rexreugr0njzzx4c0usnnzwjfj09hx99rwk27w0fkduj,14000000000000,
0509e57d00e15905b9a1a0f55aec916d400f05715e5b36ca1dbdf25bf481602c,2024-12-22T12:25:43.141000,received,kaspa:qq2g84fyvkhw7dag5rexreugr0njzzx4c0usnnzwjfj09hx99rwk27w0fkduj,14000000000000,
0509e57d00e15905b9a1a0f55aec916d400f05715e5b36ca1dbdf25bf481602c,2024-12-22T12:25:43.141000,received,kaspa:qq2g84fyvkhw7dag5rexreugr0njzzx4c0usnnzwjfj09hx99rwk27w0fkduj,14000000000000,
a15bf5630f4f7748beceb3a46e0dc80e1c341a577f614888bd51b221c3aba1c0,2024-12-20T15:53:49.543000,sent,kaspa:qzvqr45ga7tf6lm2274hhctzcjax8ent96aszzclz987p3mf6xneupem5v4mz,173597591817,
a15bf5630f4f7748beceb3a46e0dc80e1c341a577f614888bd51b221c3aba1c0,2024-12-20T15:53:49.543000,sent,kaspa:qql7l5n7pnfs0fupke3lxl6varnlw4rs5yxelvh4tx8xu92plqmy2w673wzsq,467947941146,
a15bf5630f4f7748beceb3a46e0dc80e1c341a577f614888bd51b221c3aba1c0,2024-12-20T15:53:49.543000,sent,kaspa:qrvum29vk365g0zcd5gx3c7h829etfq2ytdmscjzw4zw04fjfnprcg9c3tges,53858324167037,
6ab583003b14243676cf5cee56d02575d07169ddf13b2bb8a97b3e9bbf39b7b4,2024-12-20T14:34:39.825000,received,kaspa:qq2g84fyvkhw7dag5rexreugr0njzzx4c0usnnzwjfj09hx99rwk27w0fkduj,54500000000000,
c6554aa3739340378d257a279f004be5562fcf290bc9210ade521615e96590bd,2024-12-20T13:55:39.218000,received,kaspa:qq2g84fyvkhw7dag5rexreugr0njzzx4c0usnnzwjfj09hx99rwk27w0fkduj,500000000000,
c6554aa3739340378d257a279f004be5562fcf290bc9210ade521615e96590bd,2024-12-20T13:55:39.218000,received,kaspa:qq2g84fyvkhw7dag5rexreugr0njzzx4c0usnnzwjfj09hx99rwk27w0fkduj,500000000000,
