tx_id,timestamp,direction,peer_address,amount_sompi,cex_label
faaa9724297a217dfb3effdae1a980b9fe9c89a63ad3a1976eb0462f25f8a139,2023-12-16T04:11:02.387000,sent,kaspa:qzslgwenzu78t6tldlng383g7ruu4enaljmnkgaulyrscjp7ldt26x8gfxck5,171940000,
faaa9724297a217dfb3effdae1a980b9fe9c89a63ad3a1976eb0462f25f8a139,2023-12-16T04:11:02.387000,sent,kaspa:qzslgwenzu78t6tldlng383g7ruu4enaljmnkgaulyrscjp7ldt26x8gfxck5,171940000,
6c17c16b8abd27c78678cfb5546c11c945f9f8ebf8a4119702a6f8129cb233d1,2023-12-12T08:40:22.059000,received,kaspa:qypswxtcrv4ssyjaswy5w9387vq73mkuyq85tl34cee6qn5uexqy0csgnafnjx7,171000000,
926c6d30245039259bd7bfa7ccfdb2606db1f068700dcb04197f12721a725475,2023-11-28T11:29:53.557000,sent,kaspa:qyprrwf7pqn3reafq6few28slxjx04lzljlf06hztjavyumdy00unjsy6ys7p2g,18000000,
c326d8198e6367676eac70d29ac369a0c91f54b5d3ccb5a3ba78128f5b3aa5db,2023-11-27T07:02:05.266000,received,kaspa:qqxrda0n7wx2zyhkxu2gx3hc5mraf7l7h90szkz8vrs4sa9cf0hvc6ysg6shy,19000000,
