tx_id,timestamp,direction,peer_address,amount_sompi,cex_label
8738c565c8e7892988894af5b30a4ace460593004512694fdbaf2250304e3da0,2023-12-16T04:23:45.785000,sent,kaspa:qzslgwenzu78t6tldlng383g7ruu4enaljmnkgaulyrscjp7ldt26x8gfxck5,171940000,
8738c565c8e7892988894af5b30a4ace460593004512694fdbaf2250304e3da0,2023-12-16T04:23:45.785000,sent,kaspa:qzslgwenzu78t6tldlng383g7ruu4enaljmnkgaulyrscjp7ldt26x8gfxck5,171940000,
48318ea511f036fd8453ee52fffcb37dbc87cbd53a1ce746e4378ee2171722c7,2023-12-12T21:48:48.742000,received,kaspa:qypswxtcrv4ssyjaswy5w9387vq73mkuyq85tl34cee6qn5uexqy0csgnafnjx7,171000000,
7a408f6de52c28a94b535bb263d59737ba296fea899e22f30fefe988bb2b6c20,2023-11-29T13:19:58.546000,sent,kaspa:qyp3a524cqytapc09tuta88zn305qnhyzrg5qcf0dvps9p2882ew3nq9909c9s8,18000000,
b9bcd9cfbcbb4c2c0396377ab717313d5480c0285baf2c9f2b79cb6667021f45,2023-11-29T08:09:38.029000,received,kaspa:qrg0s4g54nvrlksdexy7x0g6mkk5s5wytsupccqsd6u6mugqm73j7uxzx4fgj,19000000,
