tx_id,timestamp,direction,peer_address,amount_sompi,cex_label
a7ab5eeac30797137e0d32514021f4e70499d3e6bd1a7e90079c697eb022d539,2023-12-11T14:10:10.858000,sent,kaspa:qrupkhn9krjff49gtlq407h2c33raaq97xf0ytuvpm0uxhjz6le9jwn0w5etx,1146837596945,
684571cb9abf886ffea035ffe8b490f025e84b8da3fb56a7c077166a9b828b0f,2023-12-09T21:13:28.925000,sent,kaspa:qzcjxfhynmqcrjewycvp6yu2fzsvfmmhnugr7zaxcq0kcgdvm6unkj0ptq6tc,417977004975,
199441b0479c73f6f33c132e8c4983d347b2260b7e80ff9540054657f084bf96,2023-12-06T09:14:40.325000,sent,kaspa:qrupkhn9krjff49gtlq407h2c33raaq97xf0ytuvpm0uxhjz6le9jwn0w5etx,173667564295,
8b37805f20e9cc7936bfe646f1c2890192cc24c7a641dd5a4b65464f58ce24b4,2023-12-06T08:50:58.399000,sent,kaspa:qrupkhn9krjff49gtlq407h2c33raaq97xf0ytuvpm0uxhjz6le9jwn0w5etx,1648332239466,
9c6eacc683afd61ac42cb9526d8333bc0a1da6f43ed76edfca20952db96aa031,2023-12-05T16:48:53.114000,sent,kaspa:qrupkhn9krjff49gtlq407h2c33raaq97xf0ytuvpm0uxhjz6le9jwn0w5etx,383933031569,
d8d232c05f9675b340e0fbfac2e9cafe23985e0b5eb4bd3dbe79d12e4ffd299c,2023-12-05T14:45:20.342000,sent,kaspa:qrupkhn9krjff49gtlq407h2c33raaq97xf0ytuvpm0uxhjz6le9jwn0w5etx,386675701013,
6fa6b864114135a921ff56f2ed62a232eab80455947230ba5618c47fac2df70a,2023-12-05T14:00:23.801000,sent,kaspa:qrupkhn9krjff49gtlq407h2c33raaq97xf0ytuvpm0uxhjz6le9jwn0w5etx,387745705317,
bb26aa053c0ddb696b00b5b231c4c241d75ee518d873db1e5065fed5fd05e5ec,2023-12-01T23:30:22.248000,sent,kaspa:qrupkhn9krjff49gtlq407h2c33raaq97xf0ytuvpm0uxhjz6le9jwn0w5etx,500000000000,
da97ec727121df3cebd2e024afe428371109417045bd0522384a608f7eca8d32,2023-11-22T13:52:47.228000,sent,kaspa:qrupkhn9krjff49gtlq407h2c33raaq97xf0ytuvpm0uxhjz6le9jwn0w5etx,200000000000,
da97ec727121df3cebd2e024afe428371109417045bd0522384a608f7eca8d32,2023-11-22T13:52:47.228000,sent,kaspa:qrupkhn9krjff49gtlq407h2c33raaq97xf0ytuvpm0uxhjz6le9jwn0w5etx,200000000000,
da97ec727121df3cebd2e024afe428371109417045bd0522384a608f7eca8d32,2023-11-22T13:52:47.228000,sent,kaspa:qrupkhn9krjff49gtlq407h2c33raaq97xf0ytuvpm0uxhjz6le9jwn0w5etx,200000000000,
da97ec727121df3cebd2e024afe428371109417045bd0522384a608f7eca8d32,2023-11-22T13:52:47.228000,sent,kaspa:qrupkhn9krjff49gtlq407h2c33raaq97xf0ytuvpm0uxhjz6le9jwn0w5etx,200000000000,
da97ec727121df3cebd2e024afe428371109417045bd0522384a608f7eca8d32,2023-11-22T13:52:47.228000,sent,kaspa:qrupkhn9krjff49gtlq407h2c33raaq97xf0ytuvpm0uxhjz6le9jwn0w5etx,200000000000,
35570375ad40da0682af803c6929ec5a6f41b3137a5908677a545c19725c70d2,2023-11-17T19:04:02.797000,received,kaspa:qqetp7ct8kqss99fxmymyz5t3fezppxp0t58wl6pawp27elqd46uudme00cl0,464502000000,
3c07c91009fc6138364d2344732d5c11af647fab630dbbb2d6b040fc8eb6dc92,2023-11-16T07:31:04.935000,received,kaspa:qqetp7ct8kqss99fxmymyz5t3fezppxp0t58wl6pawp27elqd46uudme00cl0,70110000000,
e6efb3b018e1970d461c8b4d46e2b4812bf68c75733263814ecbfe1a15ef13f3,2023-11-15T20:38:18.633000,received,kaspa:qqwvnkp47wsj6n4hkdlgj8dsauyx0xvefunnwvvsmpq2udd0ka8ckmpuqw3k5,8042033580,
e6efb3b018e1970d461c8b4d46e2b4812bf68c75733263814ecbfe1a15ef13f3,2023-11-15T20:38:18.633000,received,kaspa:qqwvnkp47wsj6n4hkdlgj8dsauyx0xvefunnwvvsmpq2udd0ka8ckmpuqw3k5,8042033580,
e6efb3b018e1970d461c8b4d46e2b4812bf68c75733263814ecbfe1a15ef13f3,2023-11-15T20:38:18.633000,received,kaspa:qqwvnkp47wsj6n4hkdlgj8dsauyx0xvefunnwvvsmpq2udd0ka8ckmpuqw3k5,8042033580,
e6efb3b018e1970d461c8b4d46e2b4812bf68c75733263814ecbfe1a15ef13f3,2023-11-15T20:38:18.633000,received,kaspa:qqwvnkp47wsj6n4hkdlgj8dsauyx0xvefunnwvvsmpq2udd0ka8ckmpuqw3k5,8042033580,
e6efb3b018e1970d461c8b4d46e2b4812bf68c75733263814ecbfe1a15ef13f3,2023-11-15T20:38:18.633000,received,kaspa:qqwvnkp47wsj6n4hkdlgj8dsauyx0xvefunnwvvsmpq2udd0ka8ckmpuqw3k5,8042033580,
e6efb3b018e1970d461c8b4d46e2b4812bf68c75733263814ecbfe1a15ef13f3,2023-11-15T20:38:18.633000,received,kaspa:qqwvnkp47wsj6n4hkdlgj8dsauyx0xvefunnwvvsmpq2udd0ka8ckmpuqw3k5,8042033580,
e6efb3b018e1970d461c8b4d46e2b4812bf68c75733263814ecbfe1a15ef13f3,2023-11-15T20:38:18.633000,received,kaspa:qqwvnkp47wsj6n4hkdlgj8dsauyx0xvefunnwvvsmpq2udd0ka8ckmpuqw3k5,8042033580,
e6efb3b018e1970d461c8b4d46e2b4812bf68c75733263814ecbfe1a15ef13f3,2023-11-15T20:38:18.633000,received,kaspa:qqwvnkp47wsj6n4hkdlgj8dsauyx0xvefunnwvvsmpq2udd0ka8ckmpuqw3k5,8042033580,
1ad551edc2d3a66376136619951f9508a756a7be20745a0e2c455b74be72a00e,2023-11-15T13:56:08.325000,received,kaspa:qqetp7ct8kqss99fxmymyz5t3fezppxp0t58wl6pawp27elqd46uudme00cl0,907448938266,
e417781822008ccdefb5d6dda523c29c834f2617e5128e5fad33b9135f2050d6,2023-11-13T15:33:14.340000,sent,kaspa:qrupkhn9krjff49gtlq407h2c33raaq97xf0ytuvpm0uxhjz6le9jwn0w5etx,380235421160,
d8e424ae4b9b7b2c9a6f485326113a8ef618571d9cf87a9a6ebb7e81248ad505,2023-11-13T15:01:10.245000,sent,kaspa:qrupkhn9krjff49gtlq407h2c33raaq97xf0ytuvpm0uxhjz6le9jwn0w5etx,630858517106,
d8e424ae4b9b7b2c9a6f485326113a8ef618571d9cf87a9a6ebb7e81248ad505,2023-11-13T15:01:10.245000,sent,kaspa:qrupkhn9krjff49gtlq407h2c33raaq97xf0ytuvpm0uxhjz6le9jwn0w5etx,630858517106,
d8e424ae4b9b7b2c9a6f485326113a8ef618571d9cf87a9a6ebb7e81248ad505,2023-11-13T15:01:10.245000,sent,kaspa:qrupkhn9krjff49gtlq407h2c33raaq97xf0ytuvpm0uxhjz6le9jwn0w5etx,630858517106,
d8e424ae4b9b7b2c9a6f485326113a8ef618571d9cf87a9a6ebb7e81248ad505,2023-11-13T15:01:10.245000,sent,kaspa:qrupkhn9krjff49gtlq407h2c33raaq97xf0ytuvpm0uxhjz6le9jwn0w5etx,630858517106,
d8e424ae4b9b7b2c9a6f485326113a8ef618571d9cf87a9a6ebb7e81248ad505,2023-11-13T15:01:10.245000,sent,kaspa:qrupkhn9krjff49gtlq407h2c33raaq97xf0ytuvpm0uxhjz6le9jwn0w5etx,630858517106,
b69a5465a961b32754f0733aae69291f976a1307f454d307d2633719b6c01f52,2023-11-12T16:26:06.550000,received,kaspa:qqetp7ct8kqss99fxmymyz5t3fezppxp0t58wl6pawp27elqd46uudme00cl0,993251000000,
503c1b6b647d1ba814f8d80a7a3f65a447692ee7b51cc6e2259318554dd5990c,2023-11-10T12:59:08.015000,received,kaspa:qqetp7ct8kqss99fxmymyz5t3fezppxp0t58wl6pawp27elqd46uudme00cl0,582747000000,
a092ea1b0c3478b20d0274d4c012a483f067746d57a2518f09d8bda0c3207ed1,2023-11-09T15:18:43.441000,received,kaspa:qqetp7ct8kqss99fxmymyz5t3fezppxp0t58wl6pawp27elqd46uudme00cl0,606267000000,
bde6d9f589232708dc80476ddef0285370e131ff4054b77dd38ee1d94a4c3a36,2023-11-09T14:53:11.815000,received,kaspa:qqetp7ct8kqss99fxmymyz5t3fezppxp0t58wl6pawp27elqd46uudme00cl0,619691000000,
7fe99059f8c7597599893f40e3e803d4c78fb13dfe6b175eb91fbaae3731a429,2023-11-08T13:52:04.222000,received,kaspa:qqetp7ct8kqss99fxmymyz5t3fezppxp0t58wl6pawp27elqd46uudme00cl0,2004204000000,
