tx_id,timestamp,direction,peer_address,amount_sompi,cex_label
161829de82cf3021054f3954feea02617fc990132bae5fe8204fb5eeb212f081,2023-12-04T07:37:19.987000,sent,kaspa:qzegzn8cphc96dtpsd6yj8pyxy9qvl3ujrtjdtwu3kc69vmpkkqgc32dpq7hz,4408096700000,
ebb820cace3c82e883c565637a8ccf825c54ffd7a562c28ea1a0d4f53fcb3def,2023-11-30T19:41:57.362000,sent,kaspa:qqwvnkp47wsj6n4hkdlgj8dsauyx0xvefunnwvvsmpq2udd0ka8ckmpuqw3k5,100000000000,
f14ace1ebbdd22a37ec1f8c149a7ee31102f53d29fc0c3a7b1a87a30a24b40af,2023-07-03T00:22:37.534000,sent,kaspa:qzegzn8cphc96dtpsd6yj8pyxy9qvl3ujrtjdtwu3kc69vmpkkqgc32dpq7hz,14550000000000,
25dd1d43df8c82cfdafcb96249790449ad05851514cd40f627f04592801e4887,2023-06-29T05:55:07.855000,received,kaspa:qqetp7ct8kqss99fxmymyz5t3fezppxp0t58wl6pawp27elqd46uudme00cl0,19058097000000,
