tx_id,timestamp,direction,peer_address,amount_sompi,cex_label
6c6c774367ca9a7cab581f724423da678875960a8a05a78649ac26f0bcda1384,2023-12-16T04:22:31.526000,sent,kaspa:qzslgwenzu78t6tldlng383g7ruu4enaljmnkgaulyrscjp7ldt26x8gfxck5,171940000,
6c6c774367ca9a7cab581f724423da678875960a8a05a78649ac26f0bcda1384,2023-12-16T04:22:31.526000,sent,kaspa:qzslgwenzu78t6tldlng383g7ruu4enaljmnkgaulyrscjp7ldt26x8gfxck5,171940000,
b29ddd6a44a90aaf990d6e3350ce6ea7bf038283fce5579a2bb6eb795058d8ff,2023-12-12T10:42:41.685000,received,kaspa:qypswxtcrv4ssyjaswy5w9387vq73mkuyq85tl34cee6qn5uexqy0csgnafnjx7,171000000,
1d9173f280c2009b4c0c0356db19caad618590f1d023adb87125e9e0ce71f9a9,2023-11-28T14:56:58.135000,sent,kaspa:qyprarj3eqwyccjqegxdffn9kkq9hejpz050czdunku7w884v3h85hs675t2w6d,18000000,
ad59a0b1f052f0a014b7fe4e2c7c3b68fb4d22d81cd4b9d89d93f90a4481710f,2023-11-27T12:03:48.926000,received,kaspa:qznguj27925ujdf0xgxstsdzhd6hge2yls4q4wwk9nlhgtewm26h7djkxmafl,19000000,
