tx_id,timestamp,direction,peer_address,amount_sompi,cex_label
bfadeb65c96825d592954d3e55a03d31b07574778af1123d6d20f4eff602228a,2023-12-22T03:07:09.668000,sent,kaspa:qqsslpr5gst3y2s87k402r9yt7ajmak63vkgmathj8ys5qx4273jg40nngrd2,172970000,
bfadeb65c96825d592954d3e55a03d31b07574778af1123d6d20f4eff602228a,2023-12-22T03:07:09.668000,sent,kaspa:qqsslpr5gst3y2s87k402r9yt7ajmak63vkgmathj8ys5qx4273jg40nngrd2,172970000,
b28959dc8c7e20ecc8fd2fa17c526ccbe86a5e0264d0e8dea827942318daf2a9,2023-12-12T23:38:18.089000,received,kaspa:qypswxtcrv4ssyjaswy5w9387vq73mkuyq85tl34cee6qn5uexqy0csgnafnjx7,171000000,
afb1fd82c493631bfe4055ca66f12091f36868faafdbdb0fba4f61947f5811f2,2023-11-29T15:13:18.824000,sent,kaspa:qype53qatdyqmlzladltxcmwanrz26zegs2rax93decmgzj75xs6musfuvwfzcr,18000000,
810184c5e7eaeeaaf99b04fb785e421d68c3665627217e3e6fc004a5516c7ac6,2023-11-26T19:00:39.605000,received,kaspa:qypdv6v6mdm8sme0ryuw06axg22uqz3szzrs3jdadje2z2uqszhgm2q6rvux8k8,20000000,
