tx_id,timestamp,direction,peer_address,amount_sompi,cex_label
1326aba17747866b4d12409e262d4dedd9928ac3f4da9d77b6d74bb9a152f439,2023-12-16T04:26:31.676000,sent,kaspa:qzslgwenzu78t6tldlng383g7ruu4enaljmnkgaulyrscjp7ldt26x8gfxck5,171940000,
1326aba17747866b4d12409e262d4dedd9928ac3f4da9d77b6d74bb9a152f439,2023-12-16T04:26:31.676000,sent,kaspa:qzslgwenzu78t6tldlng383g7ruu4enaljmnkgaulyrscjp7ldt26x8gfxck5,171940000,
78cbbd717ee2dfc82d3183d0930b73694eef687f8bc9808596c38480588ec748,2023-12-12T11:55:45.707000,received,kaspa:qypswxtcrv4ssyjaswy5w9387vq73mkuyq85tl34cee6qn5uexqy0csgnafnjx7,171000000,
ebb3081961ff482f83839c7faefca5e622a526d683f5d7e47c369ead2f0d1e96,2023-11-28T16:25:59.241000,sent,kaspa:qyphlcs7y9tfwdvtlrmtmyf8j8ekalxm6pjcplarf6jya6wjsktge9c5dvaceas,18000000,
b6c11e79e303c64e0abdb318cf41fe8abe9245f61843a4d422ea9765e830a4d5,2023-11-27T22:10:15.824000,received,kaspa:qznguj27925ujdf0xgxstsdzhd6hge2yls4q4wwk9nlhgtewm26h7djkxmafl,19000000,
