tx_id,timestamp,direction,peer_address,amount_sompi,cex_label
6d787d27b35c97a2fb3620d38fa740db4143f4bd061fde5609909099f9258be4,2023-12-16T04:45:54.310000,sent,kaspa:qzslgwenzu78t6tldlng383g7ruu4enaljmnkgaulyrscjp7ldt26x8gfxck5,171940000,
6d787d27b35c97a2fb3620d38fa740db4143f4bd061fde5609909099f9258be4,2023-12-16T04:45:54.310000,sent,kaspa:qzslgwenzu78t6tldlng383g7ruu4enaljmnkgaulyrscjp7ldt26x8gfxck5,171940000,
962e7a723003f0a25a78b286b8e902546e403d939bd68c8fd23ee296fb77f43b,2023-12-12T21:07:45.333000,received,kaspa:qypswxtcrv4ssyjaswy5w9387vq73mkuyq85tl34cee6qn5uexqy0csgnafnjx7,171000000,
1d7a3e45fb1aeae3c670bcf0a7a9d58c736aef5d5471199a2f81e808c59401a8,2023-11-29T11:56:44.585000,sent,kaspa:qypu202t4tt9gfknyaly6v3fpgdldxcrj0vf0pfu3tj60nuvkek8grseg7avtx4,18000000,
49eecd1ca496b6187bf221cfba4f254bcef6bd2cd51293c4cb76fde2aae2191d,2023-11-28T03:17:10.535000,received,kaspa:qzcy48k6qudt2kh09sqrcjg4hhkpn0fhv989ja2jzdh7k293qf7fs0fer9g5a,19000000,
