tx_id,timestamp,direction,peer_address,amount_sompi,cex_label
1666c5bf7c108aca80a9418f320c70fd2297265d1ce2c26c209d12612ea8704b,2025-03-02T16:28:37.144000,sent,kaspa:qzmph8kdwz8l9xke4vpca5felek2e4uafrpf74v9tydgwkhs63pk23qeyrdwp,100000000000000,
5d06d58ec16e03beb994d8026a1af3011e60e848193fcaca627296bda5f164fb,2025-02-24T09:14:56.878000,sent,kaspa:qzmph8kdwz8l9xke4vpca5felek2e4uafrpf74v9tydgwkhs63pk23qeyrdwp,100000000000000,
5d06d58ec16e03beb994d8026a1af3011e60e848193fcaca627296bda5f164fb,2025-02-24T09:14:56.878000,sent,kaspa:qzmph8kdwz8l9xke4vpca5felek2e4uafrpf74v9tydgwkhs63pk23qeyrdwp,100000000000000,
5d06d58ec16e03beb994d8026a1af3011e60e848193fcaca627296bda5f164fb,2025-02-24T09:14:56.878000,sent,kaspa:qzmph8kdwz8l9xke4vpca5felek2e4uafrpf74v9tydgwkhs63pk23qeyrdwp,100000000000000,
5d06d58ec16e03beb994d8026a1af3011e60e848193fcaca627296bda5f164fb,2025-02-24T09:14:56.878000,sent,kaspa:qzmph8kdwz8l9xke4vpca5felek2e4uafrpf74v9tydgwkhs63pk23qeyrdwp,100000000000000,
9a5aa7a7a7d6c2b794b1a514bc637396a68a3c45e81bd6c1b31d14084843186a,2025-01-11T11:41:10.284000,received,kaspa:qr9fqcxp9xjprsm9sv7apy6qc0ja2p676m9gf9fkcww2qmaw4npxzllh7lrw0,11534500000,
94ec45747210b27018e4b15ebf994c7c37a116d915ca0eaf9862d3a802e529cf,2024-10-10T12:42:41.391000,received,kaspa:qpq94ntnvy8p9q6wrdwtn37xtspgashrydc0kuu8ctpyxulmh0wlxh2807zdh,300835700000,
e36dd754c4a9d6cadcad766b3e2f38dc147b4654ab593db3e8d9b3429b0a9181,2024-10-08T12:23:54.388000,received,kaspa:qru6qv0wyf7sl7qtwqkx7c03yhs244c2nwavxaszhrm8rmk5dtlvwztc5arzk,12751359433090,
e36dd754c4a9d6cadcad766b3e2f38dc147b4654ab593db3e8d9b3429b0a9181,2024-10-08T12:23:54.388000,received,kaspa:qru6qv0wyf7sl7qtwqkx7c03yhs244c2nwavxaszhrm8rmk5dtlvwztc5arzk,12751359433090,
e36dd754c4a9d6cadcad766b3e2f38dc147b4654ab593db3e8d9b3429b0a9181,2024-10-08T12:23:54.388000,received,kaspa:qru6qv0wyf7sl7qtwqkx7c03yhs244c2nwavxaszhrm8rmk5dtlvwztc5arzk,12751359433090,
e36dd754c4a9d6cadcad766b3e2f38dc147b4654ab593db3e8d9b3429b0a9181,2024-10-08T12:23:54.388000,received,kaspa:qru6qv0wyf7sl7qtwqkx7c03yhs244c2nwavxaszhrm8rmk5dtlvwztc5arzk,12751359433090,
7b87bd67540427fdd9ba1a6473a7f6ff8802c258153938726da1a8c50e5cdb29,2024-09-25T17:11:14.802000,sent,kaspa:qq2cwch9tj4q0tlx8dpa8vfdfgzxvpc4vmpkqxxnx05xxf7ezwra558cd7d6s,10842473215,
4e02327b96c307ca2610534fb572490d3f7ae8c0a1f1ec665c157160ede1f96e,2024-08-31T20:57:00.496000,sent,kaspa:qp3q946e8z4s7utnanpwhs3td8pqe20zztys6ymtdmjcs8xx2tftu9ryzymdn,66710192180,
83ac774bbf0d4b13f0836e12d10cd9570b2c29f82d802f246c08d21c44b3d1f9,2024-08-31T12:39:21.405000,sent,kaspa:qp348vsupavqj7ls29pg4s9ucufcd9llskxqyywjyr55d6wmv6peuwmj7x78j,3400000000000,
b9e20694d3e86afcb438916ec654f7bb44d97d1ebf5422a2f309dd47688d5f89,2024-08-13T07:52:46.881000,sent,kaspa:qp348vsupavqj7ls29pg4s9ucufcd9llskxqyywjyr55d6wmv6peuwmj7x78j,3880037717237,
0f7606578232a74482cd9e9bec95e8cf52036bdf0a12f6cf71d9ae78a0ac6005,2024-07-23T12:13:35.027000,sent,kaspa:qp348vsupavqj7ls29pg4s9ucufcd9llskxqyywjyr55d6wmv6peuwmj7x78j,5700000000000,
17f24e077cdf3d682e7e72b5d09aa04ccadc83a02553b5fed988fe42b3516d42,2024-06-21T12:40:51.821000,sent,kaspa:qzka9csetkkuuqfd0gvt8uvfau63qevys7lfznxnvxnvvrzat6vk6phq0fh6j,25700000000000,
17f24e077cdf3d682e7e72b5d09aa04ccadc83a02553b5fed988fe42b3516d42,2024-06-21T12:40:51.821000,sent,kaspa:qzka9csetkkuuqfd0gvt8uvfau63qevys7lfznxnvxnvvrzat6vk6phq0fh6j,25700000000000,
17f24e077cdf3d682e7e72b5d09aa04ccadc83a02553b5fed988fe42b3516d42,2024-06-21T12:40:51.821000,sent,kaspa:qzka9csetkkuuqfd0gvt8uvfau63qevys7lfznxnvxnvvrzat6vk6phq0fh6j,25700000000000,
2c613f0929dcaca038c26348c984c0fd4a4cbab1ab85c775165a2a9112dc268e,2023-12-20T16:47:54.542000,received,kaspa:qppr7q4mykgfw4s37lh4z7pqa6x5a5aya9g0ku4dvyk4rttf2smrxk4680npn,45575536914,
6298f87eff42801e2cafeff91f6ef59b9f7e46f70d725eb7981810c7e83fb557,2023-12-20T16:47:15.612000,received,kaspa:qppr7q4mykgfw4s37lh4z7pqa6x5a5aya9g0ku4dvyk4rttf2smrxk4680npn,5434986000,
dd0635dd706b2e197ccf6b5e7e5046d8252399e57c02314a9fd71b0a2c0f1773,2023-11-20T10:16:33.671000,sent,kaspa:qqfkuxs7qpcykg4xc386skgue9xzgyufe6u7wluvk8jtvnmtfwz0xfwysz3xp,59700000000,
92cae0913509df63bbeba3af3b2856d5d71b4331287808c58f7ed3490d1cce7a,2023-11-05T01:39:03.757000,sent,kaspa:qypw225n6ud8lcyvamghjujlj8wsrj2nrc7tvy5p5mfhl2fs0hps2sqpf6a2q3c,20000,
92cae0913509df63bbeba3af3b2856d5d71b4331287808c58f7ed3490d1cce7a,2023-11-05T01:39:03.757000,sent,kaspa:qypw225n6ud8lcyvamghjujlj8wsrj2nrc7tvy5p5mfhl2fs0hps2sqpf6a2q3c,20000,
8dd975a7b957873107252e2b769225977c6c0bfffefd2c7499faa78f44d65f24,2023-11-05T01:36:30.692000,received,kaspa:qypw225n6ud8lcyvamghjujlj8wsrj2nrc7tvy5p5mfhl2fs0hps2sqpf6a2q3c,5000000000000,
8dd975a7b957873107252e2b769225977c6c0bfffefd2c7499faa78f44d65f24,2023-11-05T01:36:30.692000,received,kaspa:qypw225n6ud8lcyvamghjujlj8wsrj2nrc7tvy5p5mfhl2fs0hps2sqpf6a2q3c,5000000000000,
d83586a8cfeb9f008a8696cd65f09bc30276e9e982085806decfa4e74e8bda39,2023-11-04T22:21:24.270000,sent,kaspa:qypw225n6ud8lcyvamghjujlj8wsrj2nrc7tvy5p5mfhl2fs0hps2sqpf6a2q3c,10000,
d83586a8cfeb9f008a8696cd65f09bc30276e9e982085806decfa4e74e8bda39,2023-11-04T22:21:24.270000,sent,kaspa:qypw225n6ud8lcyvamghjujlj8wsrj2nrc7tvy5p5mfhl2fs0hps2sqpf6a2q3c,10000,
f4e0315d45ca4886c620f591348ffd8eb10cbf939406b5049578d1aadae210a6,2023-11-04T22:16:29.837000,received,kaspa:qypw225n6ud8lcyvamghjujlj8wsrj2nrc7tvy5p5mfhl2fs0hps2sqpf6a2q3c,15000000000000,
e13b06b7e406fec76b2741febd78631d1b2d7d44b5a59aec6892621cb9101dcc,2023-10-16T12:09:53.616000,sent,kaspa:qypw225n6ud8lcyvamghjujlj8wsrj2nrc7tvy5p5mfhl2fs0hps2sqpf6a2q3c,50000000000000,
e13b06b7e406fec76b2741febd78631d1b2d7d44b5a59aec6892621cb9101dcc,2023-10-16T12:09:53.616000,sent,kaspa:qypw225n6ud8lcyvamghjujlj8wsrj2nrc7tvy5p5mfhl2fs0hps2sqpf6a2q3c,50000000000000,
e13b06b7e406fec76b2741febd78631d1b2d7d44b5a59aec6892621cb9101dcc,2023-10-16T12:09:53.616000,sent,kaspa:qypw225n6ud8lcyvamghjujlj8wsrj2nrc7tvy5p5mfhl2fs0hps2sqpf6a2q3c,50000000000000,
e13b06b7e406fec76b2741febd78631d1b2d7d44b5a59aec6892621cb9101dcc,2023-10-16T12:09:53.616000,sent,kaspa:qypw225n6ud8lcyvamghjujlj8wsrj2nrc7tvy5p5mfhl2fs0hps2sqpf6a2q3c,50000000000000,
e13b06b7e406fec76b2741febd78631d1b2d7d44b5a59aec6892621cb9101dcc,2023-10-16T12:09:53.616000,sent,kaspa:qypw225n6ud8lcyvamghjujlj8wsrj2nrc7tvy5p5mfhl2fs0hps2sqpf6a2q3c,50000000000000,
e13b06b7e406fec76b2741febd78631d1b2d7d44b5a59aec6892621cb9101dcc,2023-10-16T12:09:53.616000,sent,kaspa:qypw225n6ud8lcyvamghjujlj8wsrj2nrc7tvy5p5mfhl2fs0hps2sqpf6a2q3c,50000000000000,
e13b06b7e406fec76b2741febd78631d1b2d7d44b5a59aec6892621cb9101dcc,2023-10-16T12:09:53.616000,sent,kaspa:qypw225n6ud8lcyvamghjujlj8wsrj2nrc7tvy5p5mfhl2fs0hps2sqpf6a2q3c,50000000000000,
e13b06b7e406fec76b2741febd78631d1b2d7d44b5a59aec6892621cb9101dcc,2023-10-16T12:09:53.616000,sent,kaspa:qypw225n6ud8lcyvamghjujlj8wsrj2nrc7tvy5p5mfhl2fs0hps2sqpf6a2q3c,50000000000000,
4128f35e8b0a6ab9224fb541575a78cf5414d5040f081d79f6a520660ede026e,2023-10-10T14:28:15.305000,received,kaspa:qqv8s0wn4kqz7g8n3wpn6k0nu6ddu7had7tae4awknz7su0tzdveu4k08nmsg,34607714798332,
857969ef4728bb0e78ae11a5af7748748ff0e0301ca443e1b258c0cc3d47332d,2023-09-30T21:39:43.860000,received,kaspa:qqv8s0wn4kqz7g8n3wpn6k0nu6ddu7had7tae4awknz7su0tzdveu4k08nmsg,33732132332,
3ba175a5f9d2427b629c0b964f4cf68110f29b37feadf7f1cad127b5a12df7b2,2023-09-30T20:22:28.531000,received,kaspa:qqv8s0wn4kqz7g8n3wpn6k0nu6ddu7had7tae4awknz7su0tzdveu4k08nmsg,95558719938,
d23a3e96e5fc07ec4d8baef000a6fc72541e46bdbdcf67c3ee7fcb58c33a5201,2023-09-30T01:20:04.090000,received,kaspa:qr7emrn8uy3407g0n5ffckhz2e77cnzx37h7fp6mp2kg6tq6dm28z489za8al,294483114112,
d23a3e96e5fc07ec4d8baef000a6fc72541e46bdbdcf67c3ee7fcb58c33a5201,2023-09-30T01:20:04.090000,received,kaspa:qpk46wag3gxcuv2euxxurewcynmkt58upf3zzzzfsxnpydsmr28mqjl9lqm6w,294483114112,
a91f6fd6e0aad4d9378ad822827a5f0e06d908e82784e38b62321812eeda2abc,2023-07-19T21:29:01.704000,received,kaspa:qqetp7ct8kqss99fxmymyz5t3fezppxp0t58wl6pawp27elqd46uudme00cl0,14268000000,
c1a90d19a0ed873788cb16c2c718bc646ae369a4783dc36faaedc97b3be78c8b,2023-04-18T22:23:02.711000,received,kaspa:qqetp7ct8kqss99fxmymyz5t3fezppxp0t58wl6pawp27elqd46uudme00cl0,7456241000000,
60b41b93759ea62c16f6219e44b7c10ac6d9cd8a5d431fcaaa4118a1a26bfd26,2023-04-13T19:36:13.830000,received,kaspa:qzmq4w3axrkf7y7lcvufp3xslftxmg5q0fhfzjw25apzazedc4y3uymlexjj4,613256495734431,
60b41b93759ea62c16f6219e44b7c10ac6d9cd8a5d431fcaaa4118a1a26bfd26,2023-04-13T19:36:13.830000,received,kaspa:qrsgw872s7mpjvpj7kaf3y6wyg9u08z6jgr6v4q04lw3zw29xxr3chqsn24wl,613256495734431,
60b41b93759ea62c16f6219e44b7c10ac6d9cd8a5d431fcaaa4118a1a26bfd26,2023-04-13T19:36:13.830000,received,kaspa:qq9u2pesjmqfu0aqhhz4r3luz80e0wtle2az4x0kvde5y49mdnra239rmzf7s,613256495734431,
60b41b93759ea62c16f6219e44b7c10ac6d9cd8a5d431fcaaa4118a1a26bfd26,2023-04-13T19:36:13.830000,received,kaspa:qpz22ezxc3tlmgxjcvmk4vslet57j7fa738vtkgzrw9ntyxt03ke7tc6h3xjs,613256495734431,
60b41b93759ea62c16f6219e44b7c10ac6d9cd8a5d431fcaaa4118a1a26bfd26,2023-04-13T19:36:13.830000,received,kaspa:qpg48u8f6ushfufqg98aqqjarhu7pwrp449ngvzcjklyfwmgzyrgw29gqy6vm,613256495734431,
60b41b93759ea62c16f6219e44b7c10ac6d9cd8a5d431fcaaa4118a1a26bfd26,2023-04-13T19:36:13.830000,received,kaspa:qrv3lmf847cs0nffsqcwfm9ppkjlc6mtj6twnsu20ag6c4llqevkvge6wgequ,613256495734431,
60b41b93759ea62c16f6219e44b7c10ac6d9cd8a5d431fcaaa4118a1a26bfd26,2023-04-13T19:36:13.830000,received,kaspa:qr7zn2w53pkfc8zlxzjuaseuc8f9jr25ltjmf7fs45adgf56dr2mwa76dse9q,613256495734431,
60b41b93759ea62c16f6219e44b7c10ac6d9cd8a5d431fcaaa4118a1a26bfd26,2023-04-13T19:36:13.830000,received,kaspa:qzwuscdu7dzfa34lh5tee96jm03l922fn8c8jvzd6edfnatxk6xes0q8awexa,613256495734431,
60b41b93759ea62c16f6219e44b7c10ac6d9cd8a5d431fcaaa4118a1a26bfd26,2023-04-13T19:36:13.830000,received,kaspa:qqyu5adc683uyfrg35l05azx302p9y8uk7xzc8kutcz3dt6nmw6akrqlzp20w,613256495734431,
60b41b93759ea62c16f6219e44b7c10ac6d9cd8a5d431fcaaa4118a1a26bfd26,2023-04-13T19:36:13.830000,received,kaspa:qzy3vdgf6j0u7padzdwfg674fu5erenz84t6wtaxgfxs3dyxw9fs2pgpz7j74,613256495734431,
60b41b93759ea62c16f6219e44b7c10ac6d9cd8a5d431fcaaa4118a1a26bfd26,2023-04-13T19:36:13.830000,received,kaspa:qz700v7kcegkfp6cg2g5m90exdzfuv4ddy9awz5dytnwjrj8wys3wh9n63p78,613256495734431,
60b41b93759ea62c16f6219e44b7c10ac6d9cd8a5d431fcaaa4118a1a26bfd26,2023-04-13T19:36:13.830000,received,kaspa:qqg3kgql6dkyuy86ed8mdgtjtjvvwhqsq2gwhtpvsjtpa3rx6rtzwp70lh7p7,613256495734431,
60b41b93759ea62c16f6219e44b7c10ac6d9cd8a5d431fcaaa4118a1a26bfd26,2023-04-13T19:36:13.830000,received,kaspa:qz64fc2ejp3c64t2rk00d7px22ye0ekwyhdmq8rgtddrkx3l28wdyv4dthfqr,613256495734431,
38a2b7c800aa4e858698001886e41597ecd411b84493a8f6f1083ff340290adc,2023-04-13T19:32:30.292000,received,kaspa:qrcj0mw54hl4dph2ym4n0x9gt85ypwufv7gaw4lsy7rpze0fqn8m7pva8k9vc,1294262165,
