tx_id,timestamp,direction,peer_address,amount_sompi,cex_label
131d26a122eb12825e720a91775e015742a6705448d3756d52bfa6fd6a5923e7,2023-12-12T09:11:16.683000,sent,kaspa:qprr86kl95wjy758e96m74mfkr0jwxfwlgyvhrcecmc93rj8c32pjvrhtw97t,170990000,
c6781c87db2b108b556372bde82451e9884983e0eab4f94b85552d466ba97011,2023-12-12T09:04:00.249000,received,kaspa:qypswxtcrv4ssyjaswy5w9387vq73mkuyq85tl34cee6qn5uexqy0csgnafnjx7,171000000,
bff351f1e237d0fe181bfd002dcb5b52ab74638ee205e7f26f4ef2c930ca9d0d,2023-12-09T02:23:10.673000,sent,kaspa:qz4fchetgh2jdhpehj2r95q4wthcad0qqy3du63nzduecvlg55gfj2y0pxucr,20070000,
bff351f1e237d0fe181bfd002dcb5b52ab74638ee205e7f26f4ef2c930ca9d0d,2023-12-09T02:23:10.673000,sent,kaspa:qz4fchetgh2jdhpehj2r95q4wthcad0qqy3du63nzduecvlg55gfj2y0pxucr,20070000,
c4b650565bcb8a3f26425d4c71c65fee2e96b90513ad865c5a64c0bee93d57c5,2023-12-01T19:24:27.551000,received,kaspa:qype3mfd4s9y9lvc9qfprut60upxh2p2d424sq3ahymsg40m3yyhnfgpgyqxkn7,20000000,
2d77708e1c84cfe0acd0b52521a9de440261eb36679d798cceab97946ddaf341,2023-11-28T12:09:58.502000,sent,kaspa:qyp5r7x3ka707l39zpc4d49a0zr3yruyxtjzfefy5ckndneu566ax9c33q5nwm8,18000000,
d368d2a19bf895427bcb010fe21cc6ae9b930c892d8f7a2bc268d286d4a6c3c3,2023-11-28T12:00:55.820000,received,kaspa:qrk7gzd6qajqdytrd36f9q6wzwj9dc369mlgj66l3dd458ewxumsjpm546spm,18100000,
