tx_id,timestamp,direction,peer_address,amount_sompi,cex_label
cc37895adb7b9a17f6d1d65d803aee7e180d0fdc366069683f73fdf116ca2343,2024-12-11T02:44:08.526000,sent,kaspa:qrelgny7sr3vahq69yykxx36m65gvmhryxrlwngfzgu8xkdslum2yxjp3ap8m,1311962613025396,Gate.io
5fa82a85e81f493b2196f57e332a3fc3747f361d4d6cd2024dc32286f9fd994a,2024-12-05T11:12:19.801000,sent,kaspa:qrelgny7sr3vahq69yykxx36m65gvmhryxrlwngfzgu8xkdslum2yxjp3ap8m,447283865320696,Gate.io
4f5707c5a8152976c241380311dad230e09e217059a89463d11310b7cecfcbf3,2024-12-05T11:11:34.526000,sent,kaspa:qrelgny7sr3vahq69yykxx36m65gvmhryxrlwngfzgu8xkdslum2yxjp3ap8m,129909924163936,Gate.io
5d6b85358cdeb39a355853b5766c6432fad3067fd1a47bcf44c729fe106e001f,2024-12-05T11:10:13.612000,sent,kaspa:qrelgny7sr3vahq69yykxx36m65gvmhryxrlwngfzgu8xkdslum2yxjp3ap8m,948969043910245,Gate.io
3876d8802e13ef9a9656c66118bbcdd0d0da373377d49290d23155fd908e5469,2024-12-05T11:09:59.082000,sent,kaspa:qrelgny7sr3vahq69yykxx36m65gvmhryxrlwngfzgu8xkdslum2yxjp3ap8m,2827525641925921,Gate.io
0270a12492925c4e9377c5e4ba3623de5ec54bbc0fd7afb251c184a0b2f50b1f,2024-12-05T11:06:01.165000,sent,kaspa:qrelgny7sr3vahq69yykxx36m65gvmhryxrlwngfzgu8xkdslum2yxjp3ap8m,1284260916264141,Gate.io
faf38310739c18d23a022d7bff06aeab5378725800ffc1801a6c8c781699549d,2024-11-19T00:52:34.866000,received,kaspa:qrnffc5tz8yqgkpvyultxv4pf72sy54dv9k9l4ln8nehcq83hlcd75zxuw8p8,12000000000000,
17fcf7f09e019f6fa5846e117fa4bdd6848fe2181b1349e0fca6cacd37b6f761,2024-11-14T17:51:47.930000,received,kaspa:qz8w86pphrap95f922yhs9wm2m6y0ydjgw3d05ge7tj473gr6rrvz9776fh3r,25000000000000,
c5e87cf0cb1f9d22c58bce9a2487d937f7575b8eee2ef23f7345511c38eba6ec,2024-11-13T14:59:20.359000,received,kaspa:qqwwlfrup8lkn6e72d0hlap9285xz5tdwntu8zts83eucf2vpwnmucnhgr56j,33333300000000,
c5e87cf0cb1f9d22c58bce9a2487d937f7575b8eee2ef23f7345511c38eba6ec,2024-11-13T14:59:20.359000,received,kaspa:qq2wlage7ctt0ze43sy3xyve8utyp4xh83vldvveefap8ssx5v687prxwqyux,33333300000000,
f994737e2911a104995e4c6e3bb1c965598bff886d483df710e67c84e9400d91,2024-11-11T15:38:00.345000,received,kaspa:qrdw02xkhy36udemy4ypd9x65cjrrsh5dgutfl5wuxay4v3jv77szuc9qeuv7,30000000000000,
ea45ab13276ff8ffd1ca05fff9ab02ac6fdbbb9b9d459f72fb3bb74c5acafef6,2024-10-30T13:13:07.293000,received,kaspa:qzxpuj42wyw25ct4rw74l3lc69k0ymvtllmk3tshm8myw0plqrcyjzu4hfmw8,33333300000000,
8d7b324350699404b28cf8f393d909984ef495bad7fd610c94e103cfc215e655,2024-10-22T03:38:04.300000,received,kaspa:qz6z45fyr7hhc7uanf74jwaq2z8us2qq746dpe3p63uc2vv62hr9s72e4s2vg,33333300000000,
d94d2d92384a87f6ef4bfcda44b86c202ead76fe4292ff1a4584556615d34712,2024-10-17T02:43:07.485000,sent,kaspa:qrelgny7sr3vahq69yykxx36m65gvmhryxrlwngfzgu8xkdslum2yxjp3ap8m,548245552938769,Gate.io
3fd5265bcbadc0b9572ce3ce6c5fed9b65862dfe2ddca698d40de82369ada06b,2024-10-15T18:35:12.962000,received,kaspa:qrd46hc0hyl8mg7skn2pweuey0vahpn7h653xw3ymm7hk9dtca75wewzrj62m,27500000000000,
e65d5622337f52cf41db294d4fa89e82a27718493b1b356b0a80285ce1a36a55,2024-09-16T02:50:07.514000,sent,kaspa:qrelgny7sr3vahq69yykxx36m65gvmhryxrlwngfzgu8xkdslum2yxjp3ap8m,982207084292477,Gate.io
e65d5622337f52cf41db294d4fa89e82a27718493b1b356b0a80285ce1a36a55,2024-09-16T02:50:07.514000,sent,kaspa:qrelgny7sr3vahq69yykxx36m65gvmhryxrlwngfzgu8xkdslum2yxjp3ap8m,982207084292477,Gate.io
dfd13a6c377e8f341e8d9d279a0b8fd737a4b240385d5083733bc277e352f2b1,2024-09-15T14:06:04.047000,received,kaspa:qpduflm5vpwaw0drrctsfcsx7g9cuvnn0flmnhn5quvm3m700275wdme7pq6p,998000000000,
9ba1dfdb7f1d8fbbeb3c0eac184cdca972c98bd08cf99d594927a4367040b751,2024-09-15T14:03:09.593000,received,kaspa:qpf25gud5t6fcds77nw8p2sv26sxe7phlldrzgzaj55q9dkz2x7n5y3h7qc7n,15000000000000,
9ba1dfdb7f1d8fbbeb3c0eac184cdca972c98bd08cf99d594927a4367040b751,2024-09-15T14:03:09.593000,received,kaspa:qrf00p2mmdxz7g24e2avukm53mgu0xsxcry2da72mvcrmhljf3efwv0eaatkf,15000000000000,
3d8ab2d9f0ca3b7d87dda8fedbe670d05c0a6e6e0bc96d1bd3aad49867811883,2024-09-13T02:42:53.163000,sent,kaspa:qrelgny7sr3vahq69yykxx36m65gvmhryxrlwngfzgu8xkdslum2yxjp3ap8m,313717754407877,Gate.io
91e260ae3cb16c4ac98a3d6e746a246242ad707ba4564084139bb579c3d04474,2024-09-11T18:05:20.839000,received,kaspa:qz34ycde4hmg7vlnyuzejmarnjttwrf7h39zt0ny8ejeqsylt5zxqjt5a74j5,10000000000000,
d9dd6ed444f6cf73ecfce8b2e17ac304f1e577bac4b2c53eda2ca7d2a26aea21,2024-09-11T02:42:43.656000,sent,kaspa:qrelgny7sr3vahq69yykxx36m65gvmhryxrlwngfzgu8xkdslum2yxjp3ap8m,608774696350213,Gate.io
b2cb0900fa9cf02b13ec6e6bcf4035e6101a164ba86c9dff7ad727749d92ce24,2024-09-10T18:04:18.342000,received,kaspa:qqwpdzdhyuj2tvmtpvkv82huchf7wl53hngscx7v2cn9sl9srp66gtgkgex5d,42700000000000,
1b12f5ce285198e3cd06e81435f695a6c699ce8de985d00d2888ed181578ac68,2024-09-05T02:45:59.365000,sent,kaspa:qrelgny7sr3vahq69yykxx36m65gvmhryxrlwngfzgu8xkdslum2yxjp3ap8m,39991778468188,Gate.io
923fabb1b4d63d2e1a3c889d2fa79b0377f13f5cd39420960d333eff099c9129,2024-09-04T20:22:58.322000,received,kaspa:qqskprwchwxdjpks3u4dw2ea9fvy09zhphl0uym0vf9ww3unv78668zn4zps8,27500000000000,
923fabb1b4d63d2e1a3c889d2fa79b0377f13f5cd39420960d333eff099c9129,2024-09-04T20:22:58.322000,received,kaspa:qqskprwchwxdjpks3u4dw2ea9fvy09zhphl0uym0vf9ww3unv78668zn4zps8,27500000000000,
df150244b7b1c4c905dbd6bcf46feef823897b89e7e6352a906bf6c8a02e9661,2024-08-24T02:41:54.828000,sent,kaspa:qrelgny7sr3vahq69yykxx36m65gvmhryxrlwngfzgu8xkdslum2yxjp3ap8m,672664318103121,Gate.io
df150244b7b1c4c905dbd6bcf46feef823897b89e7e6352a906bf6c8a02e9661,2024-08-24T02:41:54.828000,sent,kaspa:qrelgny7sr3vahq69yykxx36m65gvmhryxrlwngfzgu8xkdslum2yxjp3ap8m,672664318103121,Gate.io
8d68a7b88997c5b08170ff24d4bb03ced20eca5327a9fac12e44bfc8eeece52a,2024-08-23T14:43:48.436000,received,kaspa:qrpz4c4vjsmm96nfmrg0fkvqlqey990szu570h7uxsj8kp4a5h0p54kd3n9r5,17500000000000,
4e4eb14120550791b2136b8dfa95395ca586f2720f76ccb988a80c2fa60858d3,2024-08-23T13:31:26.644000,received,kaspa:qp42gepgy375plu5ua8qrda9lnq95288wvn3nr69us5k537uv28pg92298jw8,25000000000000,
69c1a2757c0fa7d4136f9518a1d900d7999c8a09c65a6d82f24d2f9851840954,2023-06-22T02:44:37.020000,sent,kaspa:qrelgny7sr3vahq69yykxx36m65gvmhryxrlwngfzgu8xkdslum2yxjp3ap8m,1339535431810656,Gate.io
69c1a2757c0fa7d4136f9518a1d900d7999c8a09c65a6d82f24d2f9851840954,2023-06-22T02:44:37.020000,sent,kaspa:qrelgny7sr3vahq69yykxx36m65gvmhryxrlwngfzgu8xkdslum2yxjp3ap8m,1339535431810656,Gate.io
c37f25e5c71bd68b512f7f09fec1756cdd380a71cdc339da7091d2fe529f9845,2023-06-21T18:06:28.662000,received,kaspa:qp5dx9xtvlpgt4ut8uu8anmysvakrzmjmk96x8c7eu2gtzhl9svlzn70gn0qy,500000000000000,
c37f25e5c71bd68b512f7f09fec1756cdd380a71cdc339da7091d2fe529f9845,2023-06-21T18:06:28.662000,received,kaspa:qp5dx9xtvlpgt4ut8uu8anmysvakrzmjmk96x8c7eu2gtzhl9svlzn70gn0qy,500000000000000,
c37f25e5c71bd68b512f7f09fec1756cdd380a71cdc339da7091d2fe529f9845,2023-06-21T18:06:28.662000,received,kaspa:qp5dx9xtvlpgt4ut8uu8anmysvakrzmjmk96x8c7eu2gtzhl9svlzn70gn0qy,500000000000000,
c37f25e5c71bd68b512f7f09fec1756cdd380a71cdc339da7091d2fe529f9845,2023-06-21T18:06:28.662000,received,kaspa:qp5dx9xtvlpgt4ut8uu8anmysvakrzmjmk96x8c7eu2gtzhl9svlzn70gn0qy,500000000000000,
c37f25e5c71bd68b512f7f09fec1756cdd380a71cdc339da7091d2fe529f9845,2023-06-21T18:06:28.662000,received,kaspa:qp5dx9xtvlpgt4ut8uu8anmysvakrzmjmk96x8c7eu2gtzhl9svlzn70gn0qy,500000000000000,
c37f25e5c71bd68b512f7f09fec1756cdd380a71cdc339da7091d2fe529f9845,2023-06-21T18:06:28.662000,received,kaspa:qp5dx9xtvlpgt4ut8uu8anmysvakrzmjmk96x8c7eu2gtzhl9svlzn70gn0qy,500000000000000,
c37f25e5c71bd68b512f7f09fec1756cdd380a71cdc339da7091d2fe529f9845,2023-06-21T18:06:28.662000,received,kaspa:qp5dx9xtvlpgt4ut8uu8anmysvakrzmjmk96x8c7eu2gtzhl9svlzn70gn0qy,500000000000000,
c37f25e5c71bd68b512f7f09fec1756cdd380a71cdc339da7091d2fe529f9845,2023-06-21T18:06:28.662000,received,kaspa:qp5dx9xtvlpgt4ut8uu8anmysvakrzmjmk96x8c7eu2gtzhl9svlzn70gn0qy,500000000000000,
956e69a3ece0546deaa6d82d89d8a1156262ccfae6b0d97427ca6ca482a1a907,2023-06-21T15:33:12.377000,received,kaspa:qqavwnv2qgx4pvhhmq3gtalukck4vrletcx0kd5r4fvcpzy5674avp7k98mhr,400000000000000,
9f77df8ad740a8ed0586530eec773b3314f5d615bfe6ba0f0a0e366c314aea1b,2023-05-10T03:02:18.871000,sent,kaspa:qrelgny7sr3vahq69yykxx36m65gvmhryxrlwngfzgu8xkdslum2yxjp3ap8m,1171942070497616,Gate.io
6b05116e7db683c564a1db6049be5c2ed8fdc2fc838c2ab6ee41068c569d95ad,2023-05-09T13:41:29.141000,received,kaspa:qpadxsrpjrndljfxrdk2fwtmna40tscka4tcnlpt2eavr6ay9rfq60e35cap6,550000000000000,
