tx_id,timestamp,direction,peer_address,amount_sompi,cex_label
89549271883ced5d29426fec773daad7e1de99432c9035749b8eefe40854d332,2024-11-07T01:14:47.363000,sent,kaspa:qpxqg6eksa35445zfj2k6a3ugpl5hzcqxkhzfudz099ydantrdnxkh29vvqdp,499900000000,
d028e25d729f09a9d74cd5f336141919a3159d37a662dd1012c5116a20a11915,2024-11-06T20:34:48.524000,sent,kaspa:qpxqg6eksa35445zfj2k6a3ugpl5hzcqxkhzfudz099ydantrdnxkh29vvqdp,500000000000,
f45bfa72fe6111177e1043d7e01c442d13602c6b3e4ff263030f028e0d004ef8,2024-11-06T15:53:05.736000,sent,kaspa:qpxqg6eksa35445zfj2k6a3ugpl5hzcqxkhzfudz099ydantrdnxkh29vvqdp,500000000000,
bc44d6716fe5dceb833069bec27c4d81229b16844ce71480b22029b056ed18fd,2024-11-06T13:36:48.043000,sent,kaspa:qpxqg6eksa35445zfj2k6a3ugpl5hzcqxkhzfudz099ydantrdnxkh29vvqdp,500000000000,
64812068af8f8d58de285a952ddb424e2637832babdc99050254115aa7587ed2,2024-11-06T03:45:36.524000,sent,kaspa:qpxqg6eksa35445zfj2k6a3ugpl5hzcqxkhzfudz099ydantrdnxkh29vvqdp,800000000000,
203fda50154c8adc75b8af9d08e53729dce4f76da330d7c64983b402ea636d5c,2024-11-06T02:57:58.112000,sent,kaspa:qpxqg6eksa35445zfj2k6a3ugpl5hzcqxkhzfudz099ydantrdnxkh29vvqdp,500000000000,
8151d9b020a32de2806c8f69abea39207a97c07725ce2146212398f0b5365405,2024-11-06T02:18:20.931000,sent,kaspa:qpxqg6eksa35445zfj2k6a3ugpl5hzcqxkhzfudz099ydantrdnxkh29vvqdp,200000000000,
0711b3dec23ea6279fa3e4b1703f3e3b746e6c02a403644838f9bbad1534675d,2024-11-06T01:24:45.053000,sent,kaspa:qpxqg6eksa35445zfj2k6a3ugpl5hzcqxkhzfudz099ydantrdnxkh29vvqdp,400000000000,
0d721468fbcb9674511c9aef5eec7ded676920bf0a9e7f050f0c2af9b2e16e7c,2024-11-06T00:33:27.263000,sent,kaspa:qpxqg6eksa35445zfj2k6a3ugpl5hzcqxkhzfudz099ydantrdnxkh29vvqdp,300000000000,
efef0641a013494920d196a770a36cf31a4b1e32539359b3fadb7ab4e1637834,2024-10-28T18:18:41.643000,sent,kaspa:qpxqg6eksa35445zfj2k6a3ugpl5hzcqxkhzfudz099ydantrdnxkh29vvqdp,400000000000,
814f8437a484aa017c208dbeb16d8b5fee434973233b8ba35f9c83205d96a5b3,2024-10-28T15:35:11.502000,sent,kaspa:qpxqg6eksa35445zfj2k6a3ugpl5hzcqxkhzfudz099ydantrdnxkh29vvqdp,300000000000,
d6014e72fb5d3b79b320db6294b736d2fc34d1d67f0caf73ad17694cb8aab045,2024-10-28T13:36:32.910000,sent,kaspa:qpxqg6eksa35445zfj2k6a3ugpl5hzcqxkhzfudz099ydantrdnxkh29vvqdp,300000000000,
0f1993fd28d7112a6f713cf409869875df937a2281f404ac276a81f81231fd60,2024-10-23T01:00:12.896000,sent,kaspa:qpxqg6eksa35445zfj2k6a3ugpl5hzcqxkhzfudz099ydantrdnxkh29vvqdp,300000000000,
8be983e316b4b3d8f341ab712719d34aa043390db91446731f71dfa476efe44d,2024-10-23T00:23:41.200000,sent,kaspa:qpxqg6eksa35445zfj2k6a3ugpl5hzcqxkhzfudz099ydantrdnxkh29vvqdp,300000000000,
c34607307db3ec34610ded2a88867348aefe6d77bad392e441707b2edae15ab0,2024-10-22T23:43:31.584000,sent,kaspa:qpxqg6eksa35445zfj2k6a3ugpl5hzcqxkhzfudz099ydantrdnxkh29vvqdp,200000000000,
b40f5c166210ee5267df189403c14be9c7a3f22d439e6da8a8d2281d0cb4e1d4,2024-10-21T01:34:45.688000,sent,kaspa:qpxqg6eksa35445zfj2k6a3ugpl5hzcqxkhzfudz099ydantrdnxkh29vvqdp,500000000000,
514f58275480fcdf1051b55c661b72b2c2d6a42f45013fa4f22b75063331428d,2024-10-21T00:49:54.141000,sent,kaspa:qpxqg6eksa35445zfj2k6a3ugpl5hzcqxkhzfudz099ydantrdnxkh29vvqdp,500000000000,
caa1020e9a9762ba1fe3f3f2cf389e2a6b6b0ee286e26aec4de7cb783e6e9b34,2024-10-21T00:09:57.754000,sent,kaspa:qpxqg6eksa35445zfj2k6a3ugpl5hzcqxkhzfudz099ydantrdnxkh29vvqdp,200000000000,
61cfb0725bdde1b4198df93f983920bd1889ccf73dfb24ed396769270f5a5c02,2024-10-20T23:14:42.525000,sent,kaspa:qpxqg6eksa35445zfj2k6a3ugpl5hzcqxkhzfudz099ydantrdnxkh29vvqdp,500000000000,
d577a4e37b79fc0163d67247ab532319ea35807513f33374ece08084dc40a8c5,2024-10-20T22:23:40.463000,sent,kaspa:qpxqg6eksa35445zfj2k6a3ugpl5hzcqxkhzfudz099ydantrdnxkh29vvqdp,300000000000,
ae7fa4260aee70bd8b11fb5aef21f7578aef8ecf8afae6933c75b4f70b94b7bd,2024-10-20T17:01:44.282000,sent,kaspa:qpxqg6eksa35445zfj2k6a3ugpl5hzcqxkhzfudz099ydantrdnxkh29vvqdp,300000000000,
e6c7cdab7783f7472e9de6ea5f3533f9c1322bb5ca39ca71740bbff64023c3e6,2024-10-19T17:03:01.841000,sent,kaspa:qpxqg6eksa35445zfj2k6a3ugpl5hzcqxkhzfudz099ydantrdnxkh29vvqdp,300000000000,
3c8f26e9e6862ff681f18176ffaa2e206459fbfc671d68e0caa3f3a1fb35e8ee,2024-10-19T14:16:23.586000,sent,kaspa:qpxqg6eksa35445zfj2k6a3ugpl5hzcqxkhzfudz099ydantrdnxkh29vvqdp,200000000000,
96a1c456303e8b52476ebaf00c45b2bd2fbb9989745432177d300f0e70713028,2024-10-18T21:27:12.346000,sent,kaspa:qpxqg6eksa35445zfj2k6a3ugpl5hzcqxkhzfudz099ydantrdnxkh29vvqdp,174400000000,
337b3787d0c72072780c7c22ba02ef0064f90f0a55000f3b66c1b593eb05abe4,2024-10-18T20:46:44.526000,sent,kaspa:qpxqg6eksa35445zfj2k6a3ugpl5hzcqxkhzfudz099ydantrdnxkh29vvqdp,100000000000,
7f00ec46614e3c002cab4dbff7a3d297f3da30b1a7cedf1ee6ccaa8aa06d4810,2024-10-18T20:45:43.101000,sent,kaspa:qpxqg6eksa35445zfj2k6a3ugpl5hzcqxkhzfudz099ydantrdnxkh29vvqdp,200000000000,
fa9208f3e7d7ce370ce3a33e48713fadbc55be25e1cf34a1331b51e0dd15b96f,2024-10-18T16:21:34.285000,sent,kaspa:qpxqg6eksa35445zfj2k6a3ugpl5hzcqxkhzfudz099ydantrdnxkh29vvqdp,100000000000,
e361df3581a1dd07fb9c8607dcd84890686c69e80efb252dc2ac4a7d49b9f77a,2024-10-12T17:25:11.479000,sent,kaspa:qpxqg6eksa35445zfj2k6a3ugpl5hzcqxkhzfudz099ydantrdnxkh29vvqdp,200000000000,
68dcd7df67726b329bd29f67bb153123bfcee9cc1ec7ac943ef2aeac8bb47796,2024-10-12T16:44:23.915000,sent,kaspa:qpxqg6eksa35445zfj2k6a3ugpl5hzcqxkhzfudz099ydantrdnxkh29vvqdp,200000000000,
562319ab2d4761ea42012929f5d3e2f85e01acae4eaa9df47c8ff2a235df9271,2024-10-12T15:31:24.681000,sent,kaspa:qpxqg6eksa35445zfj2k6a3ugpl5hzcqxkhzfudz099ydantrdnxkh29vvqdp,100000000000,
aac6bc3560f4ed02d65cad8751787a659783c3443ce4ff50eab0d394b8c97715,2024-10-12T14:45:07.419000,sent,kaspa:qpxqg6eksa35445zfj2k6a3ugpl5hzcqxkhzfudz099ydantrdnxkh29vvqdp,100000000000,
36f2f1397b59d7846048cfa18005a95aacef2a6a92e30dd1f9792be9f0beb12c,2024-05-01T14:02:10.671000,sent,kaspa:qpxqg6eksa35445zfj2k6a3ugpl5hzcqxkhzfudz099ydantrdnxkh29vvqdp,100000000000,
36f2f1397b59d7846048cfa18005a95aacef2a6a92e30dd1f9792be9f0beb12c,2024-05-01T14:02:10.671000,sent,kaspa:qpxqg6eksa35445zfj2k6a3ugpl5hzcqxkhzfudz099ydantrdnxkh29vvqdp,100000000000,
36f2f1397b59d7846048cfa18005a95aacef2a6a92e30dd1f9792be9f0beb12c,2024-05-01T14:02:10.671000,sent,kaspa:qpxqg6eksa35445zfj2k6a3ugpl5hzcqxkhzfudz099ydantrdnxkh29vvqdp,100000000000,
36f2f1397b59d7846048cfa18005a95aacef2a6a92e30dd1f9792be9f0beb12c,2024-05-01T14:02:10.671000,sent,kaspa:qpxqg6eksa35445zfj2k6a3ugpl5hzcqxkhzfudz099ydantrdnxkh29vvqdp,100000000000,
36f2f1397b59d7846048cfa18005a95aacef2a6a92e30dd1f9792be9f0beb12c,2024-05-01T14:02:10.671000,sent,kaspa:qpxqg6eksa35445zfj2k6a3ugpl5hzcqxkhzfudz099ydantrdnxkh29vvqdp,100000000000,
36f2f1397b59d7846048cfa18005a95aacef2a6a92e30dd1f9792be9f0beb12c,2024-05-01T14:02:10.671000,sent,kaspa:qpxqg6eksa35445zfj2k6a3ugpl5hzcqxkhzfudz099ydantrdnxkh29vvqdp,100000000000,
36f2f1397b59d7846048cfa18005a95aacef2a6a92e30dd1f9792be9f0beb12c,2024-05-01T14:02:10.671000,sent,kaspa:qpxqg6eksa35445zfj2k6a3ugpl5hzcqxkhzfudz099ydantrdnxkh29vvqdp,100000000000,
36f2f1397b59d7846048cfa18005a95aacef2a6a92e30dd1f9792be9f0beb12c,2024-05-01T14:02:10.671000,sent,kaspa:qpxqg6eksa35445zfj2k6a3ugpl5hzcqxkhzfudz099ydantrdnxkh29vvqdp,100000000000,
36f2f1397b59d7846048cfa18005a95aacef2a6a92e30dd1f9792be9f0beb12c,2024-05-01T14:02:10.671000,sent,kaspa:qpxqg6eksa35445zfj2k6a3ugpl5hzcqxkhzfudz099ydantrdnxkh29vvqdp,100000000000,
36f2f1397b59d7846048cfa18005a95aacef2a6a92e30dd1f9792be9f0beb12c,2024-05-01T14:02:10.671000,sent,kaspa:qpxqg6eksa35445zfj2k6a3ugpl5hzcqxkhzfudz099ydantrdnxkh29vvqdp,100000000000,
36f2f1397b59d7846048cfa18005a95aacef2a6a92e30dd1f9792be9f0beb12c,2024-05-01T14:02:10.671000,sent,kaspa:qpxqg6eksa35445zfj2k6a3ugpl5hzcqxkhzfudz099ydantrdnxkh29vvqdp,100000000000,
36f2f1397b59d7846048cfa18005a95aacef2a6a92e30dd1f9792be9f0beb12c,2024-05-01T14:02:10.671000,sent,kaspa:qpxqg6eksa35445zfj2k6a3ugpl5hzcqxkhzfudz099ydantrdnxkh29vvqdp,100000000000,
36f2f1397b59d7846048cfa18005a95aacef2a6a92e30dd1f9792be9f0beb12c,2024-05-01T14:02:10.671000,sent,kaspa:qpxqg6eksa35445zfj2k6a3ugpl5hzcqxkhzfudz099ydantrdnxkh29vvqdp,100000000000,
44139aeef25a557ce09d1aa2e4a3ab1f3155c0050dd7c1146c6a5dbd5f728858,2023-12-26T20:07:42.814000,received,kaspa:qrvum29vk365g0zcd5gx3c7h829etfq2ytdmscjzw4zw04fjfnprcg9c3tges,527762633000,
d93cf5c29d6c2e50ca01c5743cfb5894d2896a84e0ed1fc47d0c3e9537267673,2023-12-26T20:05:28.307000,received,kaspa:qrvum29vk365g0zcd5gx3c7h829etfq2ytdmscjzw4zw04fjfnprcg9c3tges,400000000000,
666cc0b0e9019657d8e602332d6e19d27fa521b2bde4abef30d2b20d0856aa96,2023-12-26T19:58:40.944000,received,kaspa:qrvum29vk365g0zcd5gx3c7h829etfq2ytdmscjzw4zw04fjfnprcg9c3tges,100000000000,
7bcd8211b2df3ba256f710160d91577e742a2c1a14049e1f05fb6afd050327bd,2023-09-29T18:35:37.542000,received,kaspa:qqwvnkp47wsj6n4hkdlgj8dsauyx0xvefunnwvvsmpq2udd0ka8ckmpuqw3k5,2000000000000,
7bcd8211b2df3ba256f710160d91577e742a2c1a14049e1f05fb6afd050327bd,2023-09-29T18:35:37.542000,received,kaspa:qqwvnkp47wsj6n4hkdlgj8dsauyx0xvefunnwvvsmpq2udd0ka8ckmpuqw3k5,2000000000000,
86c4a905bcb0edd0596ef9e9bd4b609b2e45c88119fff4cdf09bcc27a541a036,2023-09-29T18:29:07.638000,received,kaspa:qq5hhuej3jyy8jmxmx0j2vvdtfttws0urjj6h902y7nx4ehqxm04v66g9fpzy,2246700000000,
4de1fc176fffe95ea75c06e53e0af6d373c609a35a65c7173796de7f7b07abf4,2023-09-29T18:25:08.542000,received,kaspa:qq5hhuej3jyy8jmxmx0j2vvdtfttws0urjj6h902y7nx4ehqxm04v66g9fpzy,1000000000000,
34dc0653b46f03c265974f51bc6abad956e9d330d529cef5ee6494dcc672a406,2023-09-29T18:22:14.208000,received,kaspa:qq5hhuej3jyy8jmxmx0j2vvdtfttws0urjj6h902y7nx4ehqxm04v66g9fpzy,153300000000,
7587dc5958c81ac60f623c22de6cefffe4d5dc98d7748776ced4089c525288bc,2023-09-21T14:22:03.830000,received,kaspa:qqetp7ct8kqss99fxmymyz5t3fezppxp0t58wl6pawp27elqd46uudme00cl0,997000000000,
95c8273ed3a4c08911549de4b1464246385acca8db58f815db14c15756072fd0,2023-09-21T14:17:02.824000,received,kaspa:qqetp7ct8kqss99fxmymyz5t3fezppxp0t58wl6pawp27elqd46uudme00cl0,1094821000000,
cde3d783a355478c65ccdc32b616f56c257f08098440243db59ea78f5c89e674,2023-09-21T14:13:02.946000,received,kaspa:qqetp7ct8kqss99fxmymyz5t3fezppxp0t58wl6pawp27elqd46uudme00cl0,1297000000000,
d507a579e95de8cfe4f70782f3b5a740cded446996f9261dd645b31dd68cd6ef,2023-09-21T14:09:04.921000,received,kaspa:qqetp7ct8kqss99fxmymyz5t3fezppxp0t58wl6pawp27elqd46uudme00cl0,97000000000,
44276f4188686e3c32edb39fffbd84d853dee9756fa8de4a7aa42fe90d69b842,2023-09-19T18:02:53.283000,received,kaspa:qq5hhuej3jyy8jmxmx0j2vvdtfttws0urjj6h902y7nx4ehqxm04v66g9fpzy,59100000000,
81b27c1581b625edcf78824c619750210772a14c8b4150d01764dcc87ca49202,2023-09-19T16:23:02.763000,received,kaspa:qqetp7ct8kqss99fxmymyz5t3fezppxp0t58wl6pawp27elqd46uudme00cl0,101796000000,
