tx_id,timestamp,direction,peer_address,amount_sompi,cex_label
34df17e455151ea673706f0faaf5d71ae99806011b2862198e740b024d095667,2024-10-24T05:04:51.443000,sent,kaspa:qp66keaky7tqpk3vlpxg68pv4lmzcyaxxnpslavsp9eu86jpwjvlkz8jr238j,2300000000,
34df17e455151ea673706f0faaf5d71ae99806011b2862198e740b024d095667,2024-10-24T05:04:51.443000,sent,kaspa:qqwaqexgd8gs68jhf75jjr6sxv6q752ng28mtjauc0z46kee654fvm268zke8,158072306,
2f1b636011d2eaa1927e1cb12cb000a7886725b7013d93eb4bc8a91584631be9,2024-10-21T16:44:10.494000,received,kaspa:qzvnz4jqtxawcfcrkjwwapxnf8n4t3drxv7twmv5dmq3asrcj6l6y3gt5asav,112470490,
2f1b636011d2eaa1927e1cb12cb000a7886725b7013d93eb4bc8a91584631be9,2024-10-21T16:44:10.494000,received,kaspa:qr60htent3t2xhv92l0rtn27xkct8vgg6htnfwergdluuhj8yas8zaqlcgxu5,112470490,
