tx_id,timestamp,direction,peer_address,amount_sompi,cex_label
3108fa25e7f80372e7ec7ea7dbb34f07fe3923862d67461186f730d19dee0656,2023-12-12T08:19:47.781000,sent,kaspa:qqvw86utsmqszjs8ymkauncmqezahj654k0m2dw3flnsqdpxlw002gqq70eqs,172970000,
3108fa25e7f80372e7ec7ea7dbb34f07fe3923862d67461186f730d19dee0656,2023-12-12T08:19:47.781000,sent,kaspa:qqvw86utsmqszjs8ymkauncmqezahj654k0m2dw3flnsqdpxlw002gqq70eqs,172970000,
95023286603c6b12eb9079b0c53509dc439aab6edafd6b317e5d2a0bc07a38b9,2023-12-12T08:11:32.218000,received,kaspa:qypswxtcrv4ssyjaswy5w9387vq73mkuyq85tl34cee6qn5uexqy0csgnafnjx7,171000000,
f7814b2ce78846c5a122d9ab014498ea447262a9a37a220c96900083932212c8,2023-11-28T10:53:43.459000,sent,kaspa:qypv8mleyyp2a9m876mxxyw06xa3uucdrhe09xya33qyu404htul4yce4hy93jy,18000000,
d16c635c349839b2c839be2c52d6b020316f05c8b7b45b9e260e42261f9f35ca,2023-11-28T10:37:45.704000,received,kaspa:qzjne7ynhx3tjukpdnskfmftxdmefkqu3k8j2yj7fz2jedzqule5cv0pc389z,20000000,
