tx_id,timestamp,direction,peer_address,amount_sompi,cex_label
2f8c66ed5f2328439c15092e8db662474182878a0b211ade878c25f0edd3e645,2023-06-19T11:29:11.043000,sent,kaspa:qpvk92k7ddrkpdgpqk5fzwzn4pr5rfxns0fzd0tz0e8vrwag7rt3c9nfl8mvn,12495979900000,
2f8c66ed5f2328439c15092e8db662474182878a0b211ade878c25f0edd3e645,2023-06-19T11:29:11.043000,sent,kaspa:qpvk92k7ddrkpdgpqk5fzwzn4pr5rfxns0fzd0tz0e8vrwag7rt3c9nfl8mvn,12495979900000,
2f8c66ed5f2328439c15092e8db662474182878a0b211ade878c25f0edd3e645,2023-06-19T11:29:11.043000,sent,kaspa:qpvk92k7ddrkpdgpqk5fzwzn4pr5rfxns0fzd0tz0e8vrwag7rt3c9nfl8mvn,12495979900000,
2cd5acb68e8de1faaace640ea9c5bac08a89f250d9fc9f955833259e9a1e36b9,2023-05-19T08:11:05.366000,received,kaspa:qqetp7ct8kqss99fxmymyz5t3fezppxp0t58wl6pawp27elqd46uudme00cl0,546722000000,
2b3e8fc245dc06e6f6d553fd16fbb3560503497d340fd3b99c671605c4c67b8e,2023-05-10T15:40:02.394000,received,kaspa:qqetp7ct8kqss99fxmymyz5t3fezppxp0t58wl6pawp27elqd46uudme00cl0,874192000000,
3fd48084f25779bda814e16571342c730175e9237c3f81080c42a5d844b49a38,2023-05-06T22:05:04.665000,received,kaspa:qqetp7ct8kqss99fxmymyz5t3fezppxp0t58wl6pawp27elqd46uudme00cl0,11075066000000,
