tx_id,timestamp,direction,peer_address,amount_sompi,cex_label
b378e2333a28aaa7446c45ce741c1cded7eb55c23c118a0e64d85696a0250b24,2024-03-01T19:17:19.525000,received,kaspa:qypl0tkx2z4zwwp57ewkgldyma8jz6fl2y78hynv0sx0xl6a6zeyahq5lktcae9,24800000000,
9e69182e2d365b92db7ee7ea9e0ba832b6936b7075e784c2d164d91631168914,2024-02-11T18:28:39.940000,received,kaspa:qypl0tkx2z4zwwp57ewkgldyma8jz6fl2y78hynv0sx0xl6a6zeyahq5lktcae9,1000000000000,
7efd37dcaba6712387f5775a3c968fdc3eda9b8942a3084f69578761ed688dda,2024-01-31T11:12:51.115000,received,kaspa:qq3k4du6wf2g26j7ds6fqmgtgavgm3zy676wntp2e52nsuns2n4s6xkndmx0y,1416637657662,
6c6c0c21882416c66f89a9b60a1f723f9b70d801b5dec4902e3abbe0ce643a04,2024-01-29T17:29:51.073000,sent,kaspa:qzg77mqy7p7ftfs9vfvmhuthj6le8yahmdxrm5h4q2wckt76pzvxc4jww6yew,10000000000,
62813ede8a9dd2976caa03e97f29a91f8dceb42e83735456eac226d07b7510b8,2024-01-29T17:25:42.888000,sent,kaspa:qqkp76tea4ul5mfcydl2vehg2ny0xn7xp0ulfvxlhwxww79vkrek5zcynuphd,1380000000000,
62813ede8a9dd2976caa03e97f29a91f8dceb42e83735456eac226d07b7510b8,2024-01-29T17:25:42.888000,sent,kaspa:qqkp76tea4ul5mfcydl2vehg2ny0xn7xp0ulfvxlhwxww79vkrek5zcynuphd,1380000000000,
b71ebf3a179a318c0f907d824a502ec7b2b6d3ada54c31e6e6735995f6e628c6,2024-01-12T17:01:52.711000,received,kaspa:qppr7q4mykgfw4s37lh4z7pqa6x5a5aya9g0ku4dvyk4rttf2smrxk4680npn,1386490841397,
b71ebf3a179a318c0f907d824a502ec7b2b6d3ada54c31e6e6735995f6e628c6,2024-01-12T17:01:52.711000,received,kaspa:qppr7q4mykgfw4s37lh4z7pqa6x5a5aya9g0ku4dvyk4rttf2smrxk4680npn,1386490841397,
a61e2878bfd3f08b68ef5e679d145cd91ccb6c92b3f2acd4534fcba9a4e7033d,2024-01-12T14:13:17.214000,sent,kaspa:qq6q02natzr50qpvkjuklgwypfv0fshx5vdzjpd6nsr49hl2x9m5wuy8tkr06,10000000000,
71636eb76f8c4db183af18ce2417aba886389e0f5645b89a75d56ff4e729e333,2024-01-06T18:28:16.598000,sent,kaspa:qr77mdrx2acpqyeq48jgn5ar8apzp0wjsl9nyw9ldumflr7tvmdmj3upwk4nn,100000000000,
71636eb76f8c4db183af18ce2417aba886389e0f5645b89a75d56ff4e729e333,2024-01-06T18:28:16.598000,sent,kaspa:qr77mdrx2acpqyeq48jgn5ar8apzp0wjsl9nyw9ldumflr7tvmdmj3upwk4nn,100000000000,
71636eb76f8c4db183af18ce2417aba886389e0f5645b89a75d56ff4e729e333,2024-01-06T18:28:16.598000,sent,kaspa:qr77mdrx2acpqyeq48jgn5ar8apzp0wjsl9nyw9ldumflr7tvmdmj3upwk4nn,100000000000,
71636eb76f8c4db183af18ce2417aba886389e0f5645b89a75d56ff4e729e333,2024-01-06T18:28:16.598000,sent,kaspa:qr77mdrx2acpqyeq48jgn5ar8apzp0wjsl9nyw9ldumflr7tvmdmj3upwk4nn,100000000000,
18f3f31858de2e394c5f508d5e60bb02111f846d05d3136d1159ca09b5b088b4,2023-12-03T10:54:02.146000,received,kaspa:qqwvnkp47wsj6n4hkdlgj8dsauyx0xvefunnwvvsmpq2udd0ka8ckmpuqw3k5,18679334151,
b149ea46eb79f066c45b705b8621e760600e1ef409b04540473ca01928381d3a,2023-11-30T19:21:20.913000,received,kaspa:qqetp7ct8kqss99fxmymyz5t3fezppxp0t58wl6pawp27elqd46uudme00cl0,6099212000000,
0a2f7db1f2db5d00c9904eb7250b03cfe3176da0fb55083f39a975ec947c7e6b,2023-11-30T17:46:03.588000,received,kaspa:qqetp7ct8kqss99fxmymyz5t3fezppxp0t58wl6pawp27elqd46uudme00cl0,34000000000,
2cb0581a7b1b4acae4be0ffad896b78f680b2c1ee28db8d709e8b21c14fa207e,2023-11-30T16:49:52.652000,received,kaspa:qqwvnkp47wsj6n4hkdlgj8dsauyx0xvefunnwvvsmpq2udd0ka8ckmpuqw3k5,172126799008,
2cb0581a7b1b4acae4be0ffad896b78f680b2c1ee28db8d709e8b21c14fa207e,2023-11-30T16:49:52.652000,received,kaspa:qqwvnkp47wsj6n4hkdlgj8dsauyx0xvefunnwvvsmpq2udd0ka8ckmpuqw3k5,172126799008,
2cb0581a7b1b4acae4be0ffad896b78f680b2c1ee28db8d709e8b21c14fa207e,2023-11-30T16:49:52.652000,received,kaspa:qqwvnkp47wsj6n4hkdlgj8dsauyx0xvefunnwvvsmpq2udd0ka8ckmpuqw3k5,172126799008,
2cb0581a7b1b4acae4be0ffad896b78f680b2c1ee28db8d709e8b21c14fa207e,2023-11-30T16:49:52.652000,received,kaspa:qqwvnkp47wsj6n4hkdlgj8dsauyx0xvefunnwvvsmpq2udd0ka8ckmpuqw3k5,172126799008,
2cb0581a7b1b4acae4be0ffad896b78f680b2c1ee28db8d709e8b21c14fa207e,2023-11-30T16:49:52.652000,received,kaspa:qqwvnkp47wsj6n4hkdlgj8dsauyx0xvefunnwvvsmpq2udd0ka8ckmpuqw3k5,172126799008,
2cb0581a7b1b4acae4be0ffad896b78f680b2c1ee28db8d709e8b21c14fa207e,2023-11-30T16:49:52.652000,received,kaspa:qqwvnkp47wsj6n4hkdlgj8dsauyx0xvefunnwvvsmpq2udd0ka8ckmpuqw3k5,172126799008,
2cb0581a7b1b4acae4be0ffad896b78f680b2c1ee28db8d709e8b21c14fa207e,2023-11-30T16:49:52.652000,received,kaspa:qqwvnkp47wsj6n4hkdlgj8dsauyx0xvefunnwvvsmpq2udd0ka8ckmpuqw3k5,172126799008,
