tx_id,timestamp,direction,peer_address,amount_sompi,cex_label
81f247ed58aadb7f6845ff4982fa7db42e0fd8e8a27801a390051f48080a29eb,2023-12-16T04:44:58.369000,sent,kaspa:qzslgwenzu78t6tldlng383g7ruu4enaljmnkgaulyrscjp7ldt26x8gfxck5,171940000,
81f247ed58aadb7f6845ff4982fa7db42e0fd8e8a27801a390051f48080a29eb,2023-12-16T04:44:58.369000,sent,kaspa:qzslgwenzu78t6tldlng383g7ruu4enaljmnkgaulyrscjp7ldt26x8gfxck5,171940000,
b0fe5a8802c1334ef217cc5b0f46fd52a89bb9d3a7f62cfb7e7e8c2876610ab3,2023-12-13T02:32:46.135000,received,kaspa:qypswxtcrv4ssyjaswy5w9387vq73mkuyq85tl34cee6qn5uexqy0csgnafnjx7,171000000,
2c507a173ddef7e8b681d9c10a4a11c80013e45b663b30921541f522ecfa46da,2023-11-29T17:55:51.645000,sent,kaspa:qyphvw6uycum2afrda8yjhgvrvxe098eme6aua6qn3pyxj54pryfv0qa9ajj8p4,18000000,
b40ed24cc6568c38d68b7def50f2827fc44dd72b4c9825d7ca5f8b7211d30d9e,2023-11-27T22:07:30.979000,received,kaspa:qrh7hg99wa55cem920u9ctccq9xec25rsh55pp4t0gzqtls6nusrc4m4z5ddx,19000000,
