tx_id,timestamp,direction,peer_address,amount_sompi,cex_label
2dda482f4b41193355f50be71654dd8ec5ebba35d0200f43b53bdbe4c84889ed,2025-04-29T22:35:31.452000,sent,kaspa:qzntgguadxqzp2evnngvtv3qyxmmsquwepc6sk64s29d5kqx8rrvga4s27jep,1000000000000,
2dda482f4b41193355f50be71654dd8ec5ebba35d0200f43b53bdbe4c84889ed,2025-04-29T22:35:31.452000,sent,kaspa:qr839q78edtw7zecmmxsuauv9zhhe7nc4uh5pf0nxj60j95m0y66vggs86msd,7195207228805,
f4487e3e5c757eadb3013468afa5936e0fe977759c9a5fb21cafa2d84c4c3790,2025-04-21T18:25:05.939000,received,kaspa:qrpyafezcpck945gax6342nr7tx76p5z6hsw6wnxw574a7k6jjsyx23qjgztf,243730000000,
2940ada1c107d197475f0fe61e13442cacefc3f15db389e882fbd15b7ee578c1,2025-04-08T23:41:10.688000,sent,kaspa:qzntgguadxqzp2evnngvtv3qyxmmsquwepc6sk64s29d5kqx8rrvga4s27jep,5500000000000,
2940ada1c107d197475f0fe61e13442cacefc3f15db389e882fbd15b7ee578c1,2025-04-08T23:41:10.688000,sent,kaspa:qr6zxqf0ym9zx4l37z2r4l4k3dh6u80jf65j37dsq0mvq4sl2u805g22vpz39,73666235245,
72df02cb6cab28995142fafb7ac8ad2cfcda7fc6fdd4d58a9934f470f88afada,2025-03-29T14:53:08.908000,received,kaspa:qpzpfwcsqsxhxwup26r55fd0ghqlhyugz8cp6y3wxuddc02vcxtjg75pspnwz,2845103000000,MEXC
72df02cb6cab28995142fafb7ac8ad2cfcda7fc6fdd4d58a9934f470f88afada,2025-03-29T14:53:08.908000,received,kaspa:qpzpfwcsqsxhxwup26r55fd0ghqlhyugz8cp6y3wxuddc02vcxtjg75pspnwz,2845103000000,MEXC
f89e4607f141237e4703e34628f72a436f64683dfedb2894ad42f6e39f485806,2024-12-26T12:51:43.166000,sent,kaspa:qz93yx58aaxyxjdq6h75hqevnmelksrwdfyw5ny2teemuhmvjkk27thvzwznv,2000000000000,
f89e4607f141237e4703e34628f72a436f64683dfedb2894ad42f6e39f485806,2024-12-26T12:51:43.166000,sent,kaspa:qq4y5kg7sldhl9jhtwf5d68as3w77rl3eala2pwzdj6lc3354nt8q6h9sx7zq,3695542753738,
f7885ed8f042a3ee579fe374f623cf977e76f28e2a47b814fa7f83f2ebd36ea2,2024-12-18T23:00:04.348000,received,kaspa:qqetp7ct8kqss99fxmymyz5t3fezppxp0t58wl6pawp27elqd46uudme00cl0,664473000000,
f7885ed8f042a3ee579fe374f623cf977e76f28e2a47b814fa7f83f2ebd36ea2,2024-12-18T23:00:04.348000,received,kaspa:qqetp7ct8kqss99fxmymyz5t3fezppxp0t58wl6pawp27elqd46uudme00cl0,664473000000,
91c54a6e4b857115b36093c2ea7dcef2f28180b0a31f65f9cda419a83aaf53ad,2024-11-14T14:59:30.524000,sent,kaspa:qz93yx58aaxyxjdq6h75hqevnmelksrwdfyw5ny2teemuhmvjkk27thvzwznv,6000000000000,
91c54a6e4b857115b36093c2ea7dcef2f28180b0a31f65f9cda419a83aaf53ad,2024-11-14T14:59:30.524000,sent,kaspa:qprmsxq37naxatch9altygy0g6hsqwwwndy9n9hynyt4jfaal7x2cqqj0ksmy,1438724520178,
460e75eac620931d05a8fb46af0b7f11dcc9276c9ace855d1e2b692a024bdf0c,2024-11-10T09:04:46.526000,received,kaspa:qrvum29vk365g0zcd5gx3c7h829etfq2ytdmscjzw4zw04fjfnprcg9c3tges,5999288189000,
44b44824fdaf178e58d2a0c0b913ea549705d8b05d6b6ffcade21f62a16f3738,2024-06-18T05:07:58.235000,sent,kaspa:qz93yx58aaxyxjdq6h75hqevnmelksrwdfyw5ny2teemuhmvjkk27thvzwznv,3500000000000,
44b44824fdaf178e58d2a0c0b913ea549705d8b05d6b6ffcade21f62a16f3738,2024-06-18T05:07:58.235000,sent,kaspa:qqpuca6jygkts59qg47czrhrvu2efew006un726eytz7xx2nawdf6hscqtj02,68959293787,
ff31da3eaa2d5322e22ddbfa5b251845c855350f23885f667b0a940c8a2a42a2,2024-06-16T18:55:24.346000,received,kaspa:qrvum29vk365g0zcd5gx3c7h829etfq2ytdmscjzw4zw04fjfnprcg9c3tges,3546806259000,
6f3171b3c92d0e679a1441c27b89b5c32465a8ebbcc72d158dd6740d5c54964d,2024-05-04T19:31:02.484000,sent,kaspa:qz93yx58aaxyxjdq6h75hqevnmelksrwdfyw5ny2teemuhmvjkk27thvzwznv,2800000000000,
6f3171b3c92d0e679a1441c27b89b5c32465a8ebbcc72d158dd6740d5c54964d,2024-05-04T19:31:02.484000,sent,kaspa:qqhagf3f655xmmtds6rnwukfxnkvdnmxy8he20dxklcng60u5yfxgc5kdgcxt,66105125447,
e60d58512600e94f630062bf8d24cf98fd59f74815b1a01a73bf4dda69802bfe,2024-01-19T21:09:53.316000,received,kaspa:qrvum29vk365g0zcd5gx3c7h829etfq2ytdmscjzw4zw04fjfnprcg9c3tges,98917883000,
5148e0b44f15b82f22e6751d07beb972b2b1a9fef1c90620ee6fa3967ced0509,2024-01-08T17:58:20.977000,sent,kaspa:qz93yx58aaxyxjdq6h75hqevnmelksrwdfyw5ny2teemuhmvjkk27thvzwznv,117000000000,
5148e0b44f15b82f22e6751d07beb972b2b1a9fef1c90620ee6fa3967ced0509,2024-01-08T17:58:20.977000,sent,kaspa:qp0hd2q6h890ps8afmvdn78rxezsv7f43rasqjkea2q966h4qn3wwk9j9x5tx,202220256780,
6170f30a4a9ec3652a5bdaa79ad457b6f0eb9ac74de385a7fe2efc9ec0a8f2a9,2023-12-20T20:12:52.469000,received,kaspa:qplj0xdafvpt0u9tkwereeflhnx26um6f0t44vx3vw54n606mcfpwe83g2a6a,72755072000,
