tx_id,timestamp,direction,peer_address,amount_sompi,cex_label
59b7270080c309aa1d802294912075ecb61d2a156a7c7ad906751163bd93d362,2024-02-14T23:42:01.022000,sent,kaspa:qrmhfvx0q38294rue0paa8rzas22668v8xwyrfv4m64e3a0jyuvfspqm0uted,2000000000000000,
8d3c96b8c612f6e69dfad9c121af9aa0953973b39d0814354f9c050343d01c91,2024-02-14T23:40:46.080000,sent,kaspa:qrmhfvx0q38294rue0paa8rzas22668v8xwyrfv4m64e3a0jyuvfspqm0uted,100000000000000,
c576f253acf1879006ea730d33a9008ac15f557dee4a55774de448e967de86ff,2024-02-14T23:39:56.318000,sent,kaspa:qrmhfvx0q38294rue0paa8rzas22668v8xwyrfv4m64e3a0jyuvfspqm0uted,26000000000000,
0d2931e03ad65e73ce64bf5703c53bf558b9c1d7335f20888f00bcce192155a5,2024-02-14T23:38:51.731000,sent,kaspa:qrmhfvx0q38294rue0paa8rzas22668v8xwyrfv4m64e3a0jyuvfspqm0uted,800000000000,
983de1c60a8440cdee6ef93e9c0afd95f416277f0bb37703509ffca4b6a6c9f8,2024-02-14T23:33:28.927000,sent,kaspa:qrmhfvx0q38294rue0paa8rzas22668v8xwyrfv4m64e3a0jyuvfspqm0uted,26900000000,
8250341baa46c9e7715b63c46c3794df0c7e7ddc0e01cdc2c7db73f168920076,2023-11-22T05:55:25.784000,sent,kaspa:qqd9qe26yh0aydr6slmfqdmt5864v3jzdzyzewjerjuqgn7j4t4c7lvxkmrsn,10000000000000,
31bfbdf3f29f4b24cc1209ccacda65f6bfbdb3ddf246e51179bed2ca594bb891,2023-11-18T01:25:24.419000,sent,kaspa:qqfkuxs7qpcykg4xc386skgue9xzgyufe6u7wluvk8jtvnmtfwz0xfwysz3xp,100000000000,
31bfbdf3f29f4b24cc1209ccacda65f6bfbdb3ddf246e51179bed2ca594bb891,2023-11-18T01:25:24.419000,sent,kaspa:qqfkuxs7qpcykg4xc386skgue9xzgyufe6u7wluvk8jtvnmtfwz0xfwysz3xp,100000000000,
848264da2956a2caadd092d73b6ee9d416fcda2688a2d8293f1b85e260fe2a56,2023-10-02T18:21:45.748000,received,kaspa:qra67xdjhck9a5uljujytzpd3a2wk3exgjx04lt4jngala2ddq7w22l95zgeg,2136900000000000,
848264da2956a2caadd092d73b6ee9d416fcda2688a2d8293f1b85e260fe2a56,2023-10-02T18:21:45.748000,received,kaspa:qpadhwlch454rw04vdhzpsnj6c847re89se5sl0wkm2pajh8w3ut6cjrdyapt,2136900000000000,
9cc9ef4034e1b6d829283f811b3aff2ebaaa635e5a3b61b3b6888f033020b07e,2023-10-02T18:19:01.600000,received,kaspa:qrmws2jfs57hwvp0kxycsy2mhwtp36x3tqcurngluy9veulsdn3czjlrqzq3m,27000000000,
9cc9ef4034e1b6d829283f811b3aff2ebaaa635e5a3b61b3b6888f033020b07e,2023-10-02T18:19:01.600000,received,kaspa:qq9kpa5syl8e7spnv70njxd76frryha7ygwr3z6q4pen0vhs0f86udn63uv84,27000000000,
ed0790886cc5a3a74569fa3dc019362a85be890a0d5305083fe71ee49f643aa3,2023-10-02T18:06:58.653000,sent,kaspa:qra67xdjhck9a5uljujytzpd3a2wk3exgjx04lt4jngala2ddq7w22l95zgeg,2136896999987551,
ed0790886cc5a3a74569fa3dc019362a85be890a0d5305083fe71ee49f643aa3,2023-10-02T18:06:58.653000,sent,kaspa:qra67xdjhck9a5uljujytzpd3a2wk3exgjx04lt4jngala2ddq7w22l95zgeg,2136896999987551,
ed0790886cc5a3a74569fa3dc019362a85be890a0d5305083fe71ee49f643aa3,2023-10-02T18:06:58.653000,sent,kaspa:qra67xdjhck9a5uljujytzpd3a2wk3exgjx04lt4jngala2ddq7w22l95zgeg,2136896999987551,
ed0790886cc5a3a74569fa3dc019362a85be890a0d5305083fe71ee49f643aa3,2023-10-02T18:06:58.653000,sent,kaspa:qra67xdjhck9a5uljujytzpd3a2wk3exgjx04lt4jngala2ddq7w22l95zgeg,2136896999987551,
a25617c1c80201bf448956339272f34c7016358644d1cda19734c30454970007,2023-10-02T18:05:25.654000,sent,kaspa:qq9kpa5syl8e7spnv70njxd76frryha7ygwr3z6q4pen0vhs0f86udn63uv84,30000000000,
f1bb985b947fe101c053d7378eb3cb06a99b93ab728b461eefd10c719b410d06,2023-10-02T05:08:02.247000,received,kaspa:qqetp7ct8kqss99fxmymyz5t3fezppxp0t58wl6pawp27elqd46uudme00cl0,20000000000,
df37abd9ecde1e41edbddf02e0693db72beb015b82d367910ef3cc61785935c0,2023-10-02T05:01:05.911000,received,kaspa:qpq2jh45v3efefyclrhx0vsdkflxphmsa5u3jk486d8xfsr9dw8fy4qtcs7u4,12000000000,
df37abd9ecde1e41edbddf02e0693db72beb015b82d367910ef3cc61785935c0,2023-10-02T05:01:05.911000,received,kaspa:qq9kpa5syl8e7spnv70njxd76frryha7ygwr3z6q4pen0vhs0f86udn63uv84,12000000000,
fb99b2791f64dcc3a7ddb7e97d729559f9422eaf9836dabdaa827738df46a6fb,2023-10-02T04:58:57.886000,sent,kaspa:qq9kpa5syl8e7spnv70njxd76frryha7ygwr3z6q4pen0vhs0f86udn63uv84,5000000000,
0ee5d173b5b652edf4177a120858c98fcc1431449b2e5708079222632d2fd978,2023-10-02T03:11:43.297000,received,kaspa:qz9jp268zpxla7heq4z0w29ucqlejzw6c5wflxvkasjexmlryscwjmaatx4g2,100000000000,
0ee5d173b5b652edf4177a120858c98fcc1431449b2e5708079222632d2fd978,2023-10-02T03:11:43.297000,received,kaspa:qqe6k6c0xt5pwwrfpdse3ak3wfzmvjqk5pkrlh2ca0npr82ma7am6r3gkv79z,100000000000,
2b68700423fbf839d9dc19c411871762e8ff22ca0e8bd25069593cfaf48f1cfe,2023-10-02T03:09:34.745000,sent,kaspa:qqe6k6c0xt5pwwrfpdse3ak3wfzmvjqk5pkrlh2ca0npr82ma7am6r3gkv79z,100000000000,
cce1c7af6a8037dfb7e86dbc59ee139d896a7671321973660f8b5de48a4dc042,2023-10-01T04:10:32.340000,received,kaspa:qzymwl4rnudqpfllrlddn402t437tqav0223temn3pmc9lvhfskk24pt8ljmv,2136900000000000,
cce1c7af6a8037dfb7e86dbc59ee139d896a7671321973660f8b5de48a4dc042,2023-10-01T04:10:32.340000,received,kaspa:qrlkdq577gkm6cvfnajzpyyw6veurtv9udv0g4q947c28x03v7aru0tfa4hmy,2136900000000000,
b8edfaf5de1ebbc170ccb372ec2cbf7fa244fb907f6f53eb92b4cd734f915d3b,2023-10-01T03:02:08.084000,sent,kaspa:qrlkdq577gkm6cvfnajzpyyw6veurtv9udv0g4q947c28x03v7aru0tfa4hmy,2136906999947874,
b8edfaf5de1ebbc170ccb372ec2cbf7fa244fb907f6f53eb92b4cd734f915d3b,2023-10-01T03:02:08.084000,sent,kaspa:qrlkdq577gkm6cvfnajzpyyw6veurtv9udv0g4q947c28x03v7aru0tfa4hmy,2136906999947874,
b8edfaf5de1ebbc170ccb372ec2cbf7fa244fb907f6f53eb92b4cd734f915d3b,2023-10-01T03:02:08.084000,sent,kaspa:qrlkdq577gkm6cvfnajzpyyw6veurtv9udv0g4q947c28x03v7aru0tfa4hmy,2136906999947874,
b8edfaf5de1ebbc170ccb372ec2cbf7fa244fb907f6f53eb92b4cd734f915d3b,2023-10-01T03:02:08.084000,sent,kaspa:qrlkdq577gkm6cvfnajzpyyw6veurtv9udv0g4q947c28x03v7aru0tfa4hmy,2136906999947874,
b8edfaf5de1ebbc170ccb372ec2cbf7fa244fb907f6f53eb92b4cd734f915d3b,2023-10-01T03:02:08.084000,sent,kaspa:qrlkdq577gkm6cvfnajzpyyw6veurtv9udv0g4q947c28x03v7aru0tfa4hmy,2136906999947874,
b8edfaf5de1ebbc170ccb372ec2cbf7fa244fb907f6f53eb92b4cd734f915d3b,2023-10-01T03:02:08.084000,sent,kaspa:qrlkdq577gkm6cvfnajzpyyw6veurtv9udv0g4q947c28x03v7aru0tfa4hmy,2136906999947874,
b8edfaf5de1ebbc170ccb372ec2cbf7fa244fb907f6f53eb92b4cd734f915d3b,2023-10-01T03:02:08.084000,sent,kaspa:qrlkdq577gkm6cvfnajzpyyw6veurtv9udv0g4q947c28x03v7aru0tfa4hmy,2136906999947874,
b8edfaf5de1ebbc170ccb372ec2cbf7fa244fb907f6f53eb92b4cd734f915d3b,2023-10-01T03:02:08.084000,sent,kaspa:qrlkdq577gkm6cvfnajzpyyw6veurtv9udv0g4q947c28x03v7aru0tfa4hmy,2136906999947874,
5ca7e509675d1101db2d324bc7b5766d4246d85bd95136677a266d88ec21aac5,2023-10-01T02:36:22.547000,received,kaspa:qphvz7ha0e5pamsnfknvtrpaq7xnvl36gnzwxl5u803arllg6l5qua8qrhfn8,57100000000,
91285113357d4f45c4ccc91f2294b33f99270c1cd22f47e35908e035b031e104,2023-10-01T02:35:26.183000,received,kaspa:qz9tuc7v4h7j0wpn8h8cm43pyfhzssdy2kr30ujcaapjf3fze7nwqxwepvdlx,1026800000000000,
082a30ad9cd8a7102239518766c88d38cd1aaa9991a4dd8511f52fa5f588534c,2023-10-01T02:34:15.158000,received,kaspa:qp9dszn8phefvykhk82duv75kttzgtv6ax4jfuauehw55pttpl0uc62x80lxn,1000000000000000,
082a30ad9cd8a7102239518766c88d38cd1aaa9991a4dd8511f52fa5f588534c,2023-10-01T02:34:15.158000,received,kaspa:qz9dwg6ff99s6s9tvav4l23y348sr03s6pnu5uawqg2y4fvglmuwyftdecu9w,1000000000000000,
082a30ad9cd8a7102239518766c88d38cd1aaa9991a4dd8511f52fa5f588534c,2023-10-01T02:34:15.158000,received,kaspa:qqsaqr555cju7fghuymgw3gudeh95ze4vmhje3eeze660g2nvf3a5ka7a6w2c,1000000000000000,
082a30ad9cd8a7102239518766c88d38cd1aaa9991a4dd8511f52fa5f588534c,2023-10-01T02:34:15.158000,received,kaspa:qrxh5juq9h7sxhggc0z72jwmvwja6f7w7nypecz7gljthalgygu5j7c3xvquv,1000000000000000,
082a30ad9cd8a7102239518766c88d38cd1aaa9991a4dd8511f52fa5f588534c,2023-10-01T02:34:15.158000,received,kaspa:qpfdnspw5m6wu7g38xd0s46x4rq77adtvhkszrtpz8amshtagtr6jrm8l8ytn,1000000000000000,
082a30ad9cd8a7102239518766c88d38cd1aaa9991a4dd8511f52fa5f588534c,2023-10-01T02:34:15.158000,received,kaspa:qzuzsj3cj5ej078re0sn46ejdkqurtp46v87gd9u4dvwwh92nmd05sngzryvf,1000000000000000,
082a30ad9cd8a7102239518766c88d38cd1aaa9991a4dd8511f52fa5f588534c,2023-10-01T02:34:15.158000,received,kaspa:qrxqu3ce3p9np7xz3eetmy4evcu73hj88pkcl8secdzfk3n4wtmugsej3x5nx,1000000000000000,
082a30ad9cd8a7102239518766c88d38cd1aaa9991a4dd8511f52fa5f588534c,2023-10-01T02:34:15.158000,received,kaspa:qrdr62v4jwpthlvgpe9qvt3tw5sjr4c0hvu9p20vkav5tvw0t3q0sq8w2g69n,1000000000000000,
082a30ad9cd8a7102239518766c88d38cd1aaa9991a4dd8511f52fa5f588534c,2023-10-01T02:34:15.158000,received,kaspa:qzefsw7qejfl2gfd8yluchfygm6rpdt96q7h72f8ghvlz6ssjrfv7nk7qxj23,1000000000000000,
082a30ad9cd8a7102239518766c88d38cd1aaa9991a4dd8511f52fa5f588534c,2023-10-01T02:34:15.158000,received,kaspa:qpsxywzmhmxzudzk2ewkywm2rxzawclrqng42lsmnegj5mxshk52xrwa8qxke,1000000000000000,
082a30ad9cd8a7102239518766c88d38cd1aaa9991a4dd8511f52fa5f588534c,2023-10-01T02:34:15.158000,received,kaspa:qppaqprqqs0vp7cmepqe4dtwuehhqv5ckfuvrhxn6avhjv90zv6j7ukc6cnqm,1000000000000000,
082a30ad9cd8a7102239518766c88d38cd1aaa9991a4dd8511f52fa5f588534c,2023-10-01T02:34:15.158000,received,kaspa:qpeaqzvg0wyhe8zl9c3vtrlzlup75295ea809ucfspjlxkv2rw7fkkr07pxws,1000000000000000,
082a30ad9cd8a7102239518766c88d38cd1aaa9991a4dd8511f52fa5f588534c,2023-10-01T02:34:15.158000,received,kaspa:qqvzk2ndyy4p6n3x5mg2y0vrehlspzqcx4d3eawd2zgkx28ezyp3wq4aq7w2l,1000000000000000,
082a30ad9cd8a7102239518766c88d38cd1aaa9991a4dd8511f52fa5f588534c,2023-10-01T02:34:15.158000,received,kaspa:qqsyx0nyw2lzkqg9jhmpqx6cu7dz3th45mdn0ffl2s5eua24xr8v2dd6mw5kj,1000000000000000,
082a30ad9cd8a7102239518766c88d38cd1aaa9991a4dd8511f52fa5f588534c,2023-10-01T02:34:15.158000,received,kaspa:qphefg3hm2au6gmxves76y64qnh3fuj5zj0868redczgmf8hk7tfs0aacumgh,1000000000000000,
082a30ad9cd8a7102239518766c88d38cd1aaa9991a4dd8511f52fa5f588534c,2023-10-01T02:34:15.158000,received,kaspa:qzfnk53p8sw76ymt8duurwqen0sspd0g5gvfz5v0xum63de4l86vcrem8vvkl,1000000000000000,
082a30ad9cd8a7102239518766c88d38cd1aaa9991a4dd8511f52fa5f588534c,2023-10-01T02:34:15.158000,received,kaspa:qzv0sc5k4srzm8a708crwsxj6nkw5em3zh9d64kxq9dujlfhkw5y274kf4pkj,1000000000000000,
082a30ad9cd8a7102239518766c88d38cd1aaa9991a4dd8511f52fa5f588534c,2023-10-01T02:34:15.158000,received,kaspa:qpj524xms0pf78re9lehx4zgl0gyagv2v2vnt0p8ahhuvky6cemugxxhktxgs,1000000000000000,
082a30ad9cd8a7102239518766c88d38cd1aaa9991a4dd8511f52fa5f588534c,2023-10-01T02:34:15.158000,received,kaspa:qpvdt69lspxqykvwgdwcj2400lukmjx5g2p0ley4ztezat7x8fl5gxczrqexz,1000000000000000,
082a30ad9cd8a7102239518766c88d38cd1aaa9991a4dd8511f52fa5f588534c,2023-10-01T02:34:15.158000,received,kaspa:qrucnctjvtlka9lx8c6w2yy42tcmhulnl2cm44fnss9lltwy8cf6vkvgfw943,1000000000000000,
082a30ad9cd8a7102239518766c88d38cd1aaa9991a4dd8511f52fa5f588534c,2023-10-01T02:34:15.158000,received,kaspa:qzwzes2ypr3q6j09k2tlwcpmp6lsdzxy2unvjjkggmm7xhlc0lc57tsnga6xz,1000000000000000,
082a30ad9cd8a7102239518766c88d38cd1aaa9991a4dd8511f52fa5f588534c,2023-10-01T02:34:15.158000,received,kaspa:qrnxjuxmwnkdqcz5duzcp38dsnsx36e3f6cnp398zuwxa5uny2xrjnn0su9py,1000000000000000,
082a30ad9cd8a7102239518766c88d38cd1aaa9991a4dd8511f52fa5f588534c,2023-10-01T02:34:15.158000,received,kaspa:qp9s3dmsa8ys8vdwzfglskgx2hn54ksvp6327h0dph7p8zcpymavuwt54q87g,1000000000000000,
082a30ad9cd8a7102239518766c88d38cd1aaa9991a4dd8511f52fa5f588534c,2023-10-01T02:34:15.158000,received,kaspa:qz78qmte6acvwjz2zhm65j7mxjl4jae4vp6awrujc2w6lhlnafhpzcpuwyc8g,1000000000000000,
082a30ad9cd8a7102239518766c88d38cd1aaa9991a4dd8511f52fa5f588534c,2023-10-01T02:34:15.158000,received,kaspa:qr6rc783qjvk0545zv3fcsaq774n7ws365502qjvxuxxyeynp97p7y69gkm7c,1000000000000000,
1674892f172074ac638cc6a7e73a457036b8c2fcce02d071a698e919615ce341,2023-10-01T02:29:35.941000,received,kaspa:qqw4wc5gkuqvhrhky3k5j86tnrw5205dm5h6hjhr3pv0rccjf0f8wy5myupvu,100000000000000,
d846c3a63ace53061c5427b5124ebd535c8108aa969c9623b3ae2bc8a7de30a4,2023-09-29T22:06:18.972000,received,kaspa:qzr2z4sqr93223hqgs2z9lt22el2j2vh7vhmwwme0sc4pf3f5vcxqyja50d93,19999980000,
2f20d074405bf1ddbe951937e990c3c2afd6011a8180c36d867c4dd9836945e1,2023-09-29T22:03:41.822000,received,kaspa:qplget9tnmwr28cu3uq3egrqpun0wejejzh5y9y4uzsh39gnfyfzv6cqltzkz,20000000000,
2a33348330fb3dd76d159dc7fb353347b3ede91f38f46ff54d22d86ea3a954dc,2023-09-29T21:54:51.435000,sent,kaspa:qplget9tnmwr28cu3uq3egrqpun0wejejzh5y9y4uzsh39gnfyfzv6cqltzkz,40000000000,
2a33348330fb3dd76d159dc7fb353347b3ede91f38f46ff54d22d86ea3a954dc,2023-09-29T21:54:51.435000,sent,kaspa:qplget9tnmwr28cu3uq3egrqpun0wejejzh5y9y4uzsh39gnfyfzv6cqltzkz,40000000000,
f819a3512104774674d787e046b2d36cc40bc0d615a0ed30502011bbf2c6933d,2023-09-29T01:24:36.733000,received,kaspa:qzwpjtgwlrryjvmkjq5m056a89hd5kggd57lnl8jalv8ulzn737hwwashf3tu,10000000000000,
9407c43038a1536d6c9f21f11479109198e546a313270c46f94dc506efc5378d,2023-09-29T01:15:07.790000,received,kaspa:qyp0pvgmhhgnk7he5408ls04425vs0rpjraneenpjle9ftdlw8hdqrqvdqq6g2r,29999990000,
90808e50d251cdec19e8e992ea7d6ef19bc358dd39b1b89ab049732d6d42a452,2023-09-29T00:45:33.159000,sent,kaspa:qyp0pvgmhhgnk7he5408ls04425vs0rpjraneenpjle9ftdlw8hdqrqvdqq6g2r,30000000000,
90808e50d251cdec19e8e992ea7d6ef19bc358dd39b1b89ab049732d6d42a452,2023-09-29T00:45:33.159000,sent,kaspa:qyp0pvgmhhgnk7he5408ls04425vs0rpjraneenpjle9ftdlw8hdqrqvdqq6g2r,30000000000,
dcfbff856b6560c57dc56a3b7e8f98106192b38669bb33d7f4b1fb5e680db007,2023-08-26T01:14:13.334000,received,kaspa:qpm6f0rgl6nfatlft8rwe2lke0qa6e8v5kcj49sgl9tz3frlpresqetvqckt2,29900000000,
dcfbff856b6560c57dc56a3b7e8f98106192b38669bb33d7f4b1fb5e680db007,2023-08-26T01:14:13.334000,received,kaspa:qp3w4j5fsmrryyrv9t0ayy3nml233vfhe38cmeuz0y9l36wn72y2gzrwl67gz,29900000000,
dcfbff856b6560c57dc56a3b7e8f98106192b38669bb33d7f4b1fb5e680db007,2023-08-26T01:14:13.334000,received,kaspa:qzjpswuyyr5tkps47lyu3x4w9tmfe5xvasg69pp5lvtkelvuyayv7kcd64elx,29900000000,
dcfbff856b6560c57dc56a3b7e8f98106192b38669bb33d7f4b1fb5e680db007,2023-08-26T01:14:13.334000,received,kaspa:qrvg2jkyd6r6e4fv5yluq8mxtns0errpnzsyh0rpur2fdcrgvhngcgq9ev269,29900000000,
08de4106ee8996d3179711f28cfd3a90e4d2b5b78307d3ab553319773e386eb2,2023-08-26T00:58:29.772000,sent,kaspa:qrvg2jkyd6r6e4fv5yluq8mxtns0errpnzsyh0rpur2fdcrgvhngcgq9ev269,10000000000,
eaa64038879fabd12cc86f3a80cb8a1146104d2558c36b7b883463aefb6d7fd5,2023-08-26T00:53:05.405000,received,kaspa:qrdcnr4vmfys833rqf2te60lxcyf4wgqdz2rlpqzv0t6agtyndktvxlhetnj7,29999997931,
