tx_id,timestamp,direction,peer_address,amount_sompi,cex_label
0b129d9fd9138bb9a22424af5752952c762ef84dc68f74f0a1d9383a3098a923,2023-12-16T05:12:31.219000,sent,kaspa:qzslgwenzu78t6tldlng383g7ruu4enaljmnkgaulyrscjp7ldt26x8gfxck5,171940000,
0b129d9fd9138bb9a22424af5752952c762ef84dc68f74f0a1d9383a3098a923,2023-12-16T05:12:31.219000,sent,kaspa:qzslgwenzu78t6tldlng383g7ruu4enaljmnkgaulyrscjp7ldt26x8gfxck5,171940000,
78fec5e27cacd0cba19c2ea088f2040af109010079271b86060763e0e8b46645,2023-12-13T04:45:04.032000,received,kaspa:qypswxtcrv4ssyjaswy5w9387vq73mkuyq85tl34cee6qn5uexqy0csgnafnjx7,171000000,
df9adc75a0b7e5582d6566abf172bd61d28be6617d94e31f80eee679c796debf,2023-11-29T19:58:22.758000,sent,kaspa:qypqmhf75vfgvm6tke2jajnyz8zn4s4al4yfvn2uhe859kavty4umtgzk2jnztk,18000000,
a03e6a35cb4bf426501d4053a5ee134da28c1dc9b1c8a9bb77b0866390a6d3f2,2023-11-28T21:24:48.017000,received,kaspa:qrkclx2pp900t87vw8euqesglvsmga562wsf9w8s5x6exatxmtylkpv9rgltf,19000000,
