tx_id,timestamp,direction,peer_address,amount_sompi,cex_label
583231d6aaa2023964182e208725013139a12dc3ac8f0ea4f94fe849d09d9f5f,2024-01-29T16:37:07.886000,sent,kaspa:qpjunp39ssazf4rzfxxu0hd35xggfxn6lq0ls9u9q6peevzcmcv4xmv9q4njd,339660000,
8be59193c68509bc5aa82a45938c7e6f808d74126beeeaae4ecc2458544e6f19,2024-01-25T04:43:14.597000,sent,kaspa:qpjunp39ssazf4rzfxxu0hd35xggfxn6lq0ls9u9q6peevzcmcv4xmv9q4njd,8799120000,
0b9c36ae96f5e883fe294ff79a5f9b3fcd8e3fc0e645c64d6468cac3d2d94c3c,2024-01-10T23:35:40.738000,sent,kaspa:qpzpfwcsqsxhxwup26r55fd0ghqlhyugz8cp6y3wxuddc02vcxtjg75pspnwz,2000000000000,MEXC
0b9c36ae96f5e883fe294ff79a5f9b3fcd8e3fc0e645c64d6468cac3d2d94c3c,2024-01-10T23:35:40.738000,sent,kaspa:qpjunp39ssazf4rzfxxu0hd35xggfxn6lq0ls9u9q6peevzcmcv4xmv9q4njd,11388658378775353,
893f8fd3411ce72c72f833eae0fa2dc23ed20c93619fc723a1d935fd6ce8f7f9,2024-01-10T23:34:40.390000,received,kaspa:qqwvnkp47wsj6n4hkdlgj8dsauyx0xvefunnwvvsmpq2udd0ka8ckmpuqw3k5,10994500000000,
d86fcfbd429783f5e38dfaf83a571fe605c4682f0b06dd7a30f02c192b1e2cbc,2023-12-25T14:10:59.728000,sent,kaspa:qpzpfwcsqsxhxwup26r55fd0ghqlhyugz8cp6y3wxuddc02vcxtjg75pspnwz,30000000000000,MEXC
d86fcfbd429783f5e38dfaf83a571fe605c4682f0b06dd7a30f02c192b1e2cbc,2023-12-25T14:10:59.728000,sent,kaspa:qpjunp39ssazf4rzfxxu0hd35xggfxn6lq0ls9u9q6peevzcmcv4xmv9q4njd,1995272388783,
c3d329d67921e9f05cb392115ab19ffdbe7d267e75e8098eecade04b7ae5f500,2023-12-25T14:09:55.357000,received,kaspa:qqwvnkp47wsj6n4hkdlgj8dsauyx0xvefunnwvvsmpq2udd0ka8ckmpuqw3k5,9995272408783,
7f845640a71172ac236e61d4e05dd738cd8a5537893ae5f6896c7f1eefda2bdd,2023-12-25T14:01:48.797000,received,kaspa:qqwvnkp47wsj6n4hkdlgj8dsauyx0xvefunnwvvsmpq2udd0ka8ckmpuqw3k5,100000000,
655fac02b75acf5d6014e3d8270452fa122af6b28990f77408177d8d678f0ab5,2023-12-11T10:27:20.442000,received,kaspa:qqwvnkp47wsj6n4hkdlgj8dsauyx0xvefunnwvvsmpq2udd0ka8ckmpuqw3k5,10000000,
655fac02b75acf5d6014e3d8270452fa122af6b28990f77408177d8d678f0ab5,2023-12-11T10:27:20.442000,received,kaspa:qqwvnkp47wsj6n4hkdlgj8dsauyx0xvefunnwvvsmpq2udd0ka8ckmpuqw3k5,10000000,
655fac02b75acf5d6014e3d8270452fa122af6b28990f77408177d8d678f0ab5,2023-12-11T10:27:20.442000,received,kaspa:qqwvnkp47wsj6n4hkdlgj8dsauyx0xvefunnwvvsmpq2udd0ka8ckmpuqw3k5,10000000,
655fac02b75acf5d6014e3d8270452fa122af6b28990f77408177d8d678f0ab5,2023-12-11T10:27:20.442000,received,kaspa:qqwvnkp47wsj6n4hkdlgj8dsauyx0xvefunnwvvsmpq2udd0ka8ckmpuqw3k5,10000000,
655fac02b75acf5d6014e3d8270452fa122af6b28990f77408177d8d678f0ab5,2023-12-11T10:27:20.442000,received,kaspa:qqwvnkp47wsj6n4hkdlgj8dsauyx0xvefunnwvvsmpq2udd0ka8ckmpuqw3k5,10000000,
655fac02b75acf5d6014e3d8270452fa122af6b28990f77408177d8d678f0ab5,2023-12-11T10:27:20.442000,received,kaspa:qqwvnkp47wsj6n4hkdlgj8dsauyx0xvefunnwvvsmpq2udd0ka8ckmpuqw3k5,10000000,
655fac02b75acf5d6014e3d8270452fa122af6b28990f77408177d8d678f0ab5,2023-12-11T10:27:20.442000,received,kaspa:qqwvnkp47wsj6n4hkdlgj8dsauyx0xvefunnwvvsmpq2udd0ka8ckmpuqw3k5,10000000,
655fac02b75acf5d6014e3d8270452fa122af6b28990f77408177d8d678f0ab5,2023-12-11T10:27:20.442000,received,kaspa:qqwvnkp47wsj6n4hkdlgj8dsauyx0xvefunnwvvsmpq2udd0ka8ckmpuqw3k5,10000000,
