tx_id,timestamp,direction,peer_address,amount_sompi,cex_label
d2f699a68528ebb0c3c23685c27f7281470a232bbc144c0c859a2d86171d2bb7,2023-12-16T04:33:11.856000,sent,kaspa:qzslgwenzu78t6tldlng383g7ruu4enaljmnkgaulyrscjp7ldt26x8gfxck5,171940000,
d2f699a68528ebb0c3c23685c27f7281470a232bbc144c0c859a2d86171d2bb7,2023-12-16T04:33:11.856000,sent,kaspa:qzslgwenzu78t6tldlng383g7ruu4enaljmnkgaulyrscjp7ldt26x8gfxck5,171940000,
d06541d230b863032cd078069b85e816d81c46c2faa5a819fab55069d9951b79,2023-12-12T19:05:47.757000,received,kaspa:qypswxtcrv4ssyjaswy5w9387vq73mkuyq85tl34cee6qn5uexqy0csgnafnjx7,171000000,
06883cb08242245fe983f70d05e9b31105db0a603d70ae2c1b0b8fe1704351dc,2023-11-29T08:26:20.411000,sent,kaspa:qyprqa4xtlxzxfqd40lc7qjveq92996t0n24xs6djw9mkqxn6ltx9asep2nqvgz,18000000,
1e9e656749c4f8b4902c20dcc0d8d8edf3b77efa16ce734fe58b0316ec739860,2023-11-28T18:22:41.066000,received,kaspa:qr4svkt5vtyavdaqd9a5ug3hu7lsz56zqsrjvmm94rm075p6cqjd7a8zfg3g2,19000000,
