tx_id,timestamp,direction,peer_address,amount_sompi,cex_label
2dbc6e0d44e0ca7a7e0b6ebd5e3286f4c9d324de7c59182bba890a7f6310f662,2025-04-08T08:35:12.871000,sent,kaspa:qzt7aclnyvdanj64kfnh9rk3dr82azrezjh5ufq69g8vv3jqt3656hzknp5ux,18006700000000,
2dbc6e0d44e0ca7a7e0b6ebd5e3286f4c9d324de7c59182bba890a7f6310f662,2025-04-08T08:35:12.871000,sent,kaspa:qrvum29vk365g0zcd5gx3c7h829etfq2ytdmscjzw4zw04fjfnprcg9c3tges,32526838540250,
9fe1e08a3715bcf1712142f81dd0cbca20cd1e8951d231e05e21d28ad241a3c7,2025-04-07T16:05:53.612000,received,kaspa:qypecudrmn02txmq2jyc2e5e52pptsv0pf9g5pj7der7jg62j8uldvq05d2lp39,50533539604250,
9fe1e08a3715bcf1712142f81dd0cbca20cd1e8951d231e05e21d28ad241a3c7,2025-04-07T16:05:53.612000,received,kaspa:qypecudrmn02txmq2jyc2e5e52pptsv0pf9g5pj7der7jg62j8uldvq05d2lp39,50533539604250,
6406183ef8ee49e5dd874c665754b58bc42801378008a4313de9ac4b752881f4,2025-03-22T13:22:04.687000,sent,kaspa:qzptnn3w7t8rtg7wdzdv5k924lzxnkkzg93j4zzjr0zqzqg55p4n27e2htaep,16104592000,
6406183ef8ee49e5dd874c665754b58bc42801378008a4313de9ac4b752881f4,2025-03-22T13:22:04.687000,sent,kaspa:qrvum29vk365g0zcd5gx3c7h829etfq2ytdmscjzw4zw04fjfnprcg9c3tges,54990448153194,
198083d8ac6233436788387e5b90aa1a56375d91061b8edc396b9cb21aa0cfe8,2025-03-22T12:36:11.012000,received,kaspa:qypecudrmn02txmq2jyc2e5e52pptsv0pf9g5pj7der7jg62j8uldvq05d2lp39,55006553809194,
198083d8ac6233436788387e5b90aa1a56375d91061b8edc396b9cb21aa0cfe8,2025-03-22T12:36:11.012000,received,kaspa:qypecudrmn02txmq2jyc2e5e52pptsv0pf9g5pj7der7jg62j8uldvq05d2lp39,55006553809194,
eefba1433aefbd663c5efe23f15fbb2c2a0a9c200efb7a466ad76268de003a3f,2025-02-25T07:29:18.229000,sent,kaspa:qzw3kejpy8hj3lzen9yjkk8cx5g6sx5a6hxel6535dux0cwg4kqpz56yzffne,2000000000000,
eefba1433aefbd663c5efe23f15fbb2c2a0a9c200efb7a466ad76268de003a3f,2025-02-25T07:29:18.229000,sent,kaspa:qzjpqw39pwhr978hehmgvlmr2h7k3xkz0jqfg686ma0c09ky4l87sw2r0nl2x,1000000000,
eefba1433aefbd663c5efe23f15fbb2c2a0a9c200efb7a466ad76268de003a3f,2025-02-25T07:29:18.229000,sent,kaspa:qrvum29vk365g0zcd5gx3c7h829etfq2ytdmscjzw4zw04fjfnprcg9c3tges,52210788834713,
91cfc07840bc33621899f516c120ee90692f1503f87f594b0354fa3467330f32,2025-02-24T22:19:30.898000,received,kaspa:qypecudrmn02txmq2jyc2e5e52pptsv0pf9g5pj7der7jg62j8uldvq05d2lp39,54211790137713,
91cfc07840bc33621899f516c120ee90692f1503f87f594b0354fa3467330f32,2025-02-24T22:19:30.898000,received,kaspa:qypecudrmn02txmq2jyc2e5e52pptsv0pf9g5pj7der7jg62j8uldvq05d2lp39,54211790137713,
91cfc07840bc33621899f516c120ee90692f1503f87f594b0354fa3467330f32,2025-02-24T22:19:30.898000,received,kaspa:qypecudrmn02txmq2jyc2e5e52pptsv0pf9g5pj7der7jg62j8uldvq05d2lp39,54211790137713,
91cfc07840bc33621899f516c120ee90692f1503f87f594b0354fa3467330f32,2025-02-24T22:19:30.898000,received,kaspa:qypecudrmn02txmq2jyc2e5e52pptsv0pf9g5pj7der7jg62j8uldvq05d2lp39,54211790137713,
4919e36660e249242973e9c55972e95c20e89d68a944104c7cda0b5fa841851a,2025-02-24T09:00:55.095000,sent,kaspa:qrevq027y9t2095em7x30wjns50enx04pvnpj2r8ls7cah8cvswvj3u0p92lj,1000000000,
4919e36660e249242973e9c55972e95c20e89d68a944104c7cda0b5fa841851a,2025-02-24T09:00:55.095000,sent,kaspa:qrvum29vk365g0zcd5gx3c7h829etfq2ytdmscjzw4zw04fjfnprcg9c3tges,34749839033495,
f1143e98edbb31da82580bd1964296c2dc52993ebc42d0266108005b3eab4896,2025-02-24T08:21:01.457000,received,kaspa:qp3yt22zqu6ae7n8kmwe4ee58pgjcrj0eszrhdqeejqx5g72ldavqcn7f8ygj,34750840097495,
f1143e98edbb31da82580bd1964296c2dc52993ebc42d0266108005b3eab4896,2025-02-24T08:21:01.457000,received,kaspa:qr5pcekvwuwkwzuwv3lw8ety023592lnu39e8a67c6v4jz42plht28ws5ksxy,34750840097495,
ad9e7e59473020738c7f93708341f98bcf4f4eaba599a3056e41f811b2b81c46,2025-02-24T02:29:17.813000,sent,kaspa:qqt26gdaa0vp6ne8jlkxsm5yjnhywq3cc6yepq8zvnjytnh6k7cx5kdwgmqgq,28081932339,
ad9e7e59473020738c7f93708341f98bcf4f4eaba599a3056e41f811b2b81c46,2025-02-24T02:29:17.813000,sent,kaspa:qrvum29vk365g0zcd5gx3c7h829etfq2ytdmscjzw4zw04fjfnprcg9c3tges,34407178711649,
580e7bcdea2aea667983892aeeba5f5fc6a9bb43d13bb05944d2f76ede7ef69c,2025-02-24T01:43:05.357000,received,kaspa:qp3yt22zqu6ae7n8kmwe4ee58pgjcrj0eszrhdqeejqx5g72ldavqcn7f8ygj,34435261707988,
7d33758c20f2301a8e42ce9ff7e652b294020258737fd41bb2eab74b32a4aade,2025-02-17T03:55:10.106000,sent,kaspa:qrvum29vk365g0zcd5gx3c7h829etfq2ytdmscjzw4zw04fjfnprcg9c3tges,129625500868872,
7d33758c20f2301a8e42ce9ff7e652b294020258737fd41bb2eab74b32a4aade,2025-02-17T03:55:10.106000,sent,kaspa:qrvum29vk365g0zcd5gx3c7h829etfq2ytdmscjzw4zw04fjfnprcg9c3tges,129625500868872,
6cd6f44359f9ae3254e451aa2c87622027db25a33381fb70652b69903f483f0b,2025-02-17T02:03:46.153000,sent,kaspa:qrvum29vk365g0zcd5gx3c7h829etfq2ytdmscjzw4zw04fjfnprcg9c3tges,92339346950866,
a51750ee6b747b37053a4d61e81a4c960c214a1f6cca238114d3a51908ab0862,2025-02-16T22:54:15.156000,sent,kaspa:qrvum29vk365g0zcd5gx3c7h829etfq2ytdmscjzw4zw04fjfnprcg9c3tges,60052889741582,
79788f213f97bb43c00c7a5f17840affbe3c45022490d6e3904f5c358f9539f0,2025-02-16T12:58:39.906000,sent,kaspa:qrvum29vk365g0zcd5gx3c7h829etfq2ytdmscjzw4zw04fjfnprcg9c3tges,27867948376432,
79788f213f97bb43c00c7a5f17840affbe3c45022490d6e3904f5c358f9539f0,2025-02-16T12:58:39.906000,sent,kaspa:qrvum29vk365g0zcd5gx3c7h829etfq2ytdmscjzw4zw04fjfnprcg9c3tges,27867948376432,
e56c99f8b8f44a3a4c8d797cae400e4f06c0f74d9ad66ae0613654f27979f4ac,2025-02-15T01:01:41.314000,sent,kaspa:qrvum29vk365g0zcd5gx3c7h829etfq2ytdmscjzw4zw04fjfnprcg9c3tges,4733919135297,
fa518a308b457d5343f19a095cf6d26e4f97dc70e0f9b275fed848b61853c13f,2025-02-06T07:47:46.774000,sent,kaspa:qrvum29vk365g0zcd5gx3c7h829etfq2ytdmscjzw4zw04fjfnprcg9c3tges,749957809000,
abdd7c827da176cbcd5fbcd5cef92f00848bcc17fe332c6a451870320b148650,2025-01-31T11:12:31.053000,sent,kaspa:qqqv2sy9nwc5uns2mgggp6y3kuy0f5hsky6h2rmtcvnaxxh3sxkacnmqk3vq2,14900000000000,
abdd7c827da176cbcd5fbcd5cef92f00848bcc17fe332c6a451870320b148650,2025-01-31T11:12:31.053000,sent,kaspa:qqru06ch2yheccjvluytw5yrajq68gk9y6sem6eem8xnczzlqcznwl82kfsyd,14900000000000,
abdd7c827da176cbcd5fbcd5cef92f00848bcc17fe332c6a451870320b148650,2025-01-31T11:12:31.053000,sent,kaspa:qrvum29vk365g0zcd5gx3c7h829etfq2ytdmscjzw4zw04fjfnprcg9c3tges,19239836427000,
57f13bf4663ee39a75d78e78c1dbf3c95cefd4cdfbb45e57755ffa4313dd74c6,2025-01-16T08:04:12.422000,sent,kaspa:qq2g84fyvkhw7dag5rexreugr0njzzx4c0usnnzwjfj09hx99rwk27w0fkduj,5610752131000,
57f13bf4663ee39a75d78e78c1dbf3c95cefd4cdfbb45e57755ffa4313dd74c6,2025-01-16T08:04:12.422000,sent,kaspa:qrqvlfes06eum94xsenk3nqe5pr7sfar3egw5h268thrygnr34h35g0p7dpe5,24390809000,
57f13bf4663ee39a75d78e78c1dbf3c95cefd4cdfbb45e57755ffa4313dd74c6,2025-01-16T08:04:12.422000,sent,kaspa:qrvum29vk365g0zcd5gx3c7h829etfq2ytdmscjzw4zw04fjfnprcg9c3tges,43758740730395,
001cf8aa8b9bbc660b8daccc9a30932c8cb65b7cae3292c6694031645bd6e991,2025-01-16T07:18:48.351000,sent,kaspa:qra99nepv3c0dsk2qsmmqjgxqmylfyx75dlelse7eg8mmllhkvms2jpg5802a,67499000000000,
001cf8aa8b9bbc660b8daccc9a30932c8cb65b7cae3292c6694031645bd6e991,2025-01-16T07:18:48.351000,sent,kaspa:qzvxzjwdhj3thzgmv4wc2y0anxmsdhrnj4xdr2fma8t8kze2sc23gqq94cprr,70780405586,
001cf8aa8b9bbc660b8daccc9a30932c8cb65b7cae3292c6694031645bd6e991,2025-01-16T07:18:48.351000,sent,kaspa:qrvum29vk365g0zcd5gx3c7h829etfq2ytdmscjzw4zw04fjfnprcg9c3tges,31381641406984,
ad35766e760c3e5d7b4e651e0468705d4cfb6ffdab361824a6714fe1c9cf40b9,2025-01-16T02:23:48.026000,sent,kaspa:qrfx0rs3ddkmjsst8dszz7dl3ft7alwm3rsgstmpzh8egfd3rvj263e5srfkn,75000000000,
ad35766e760c3e5d7b4e651e0468705d4cfb6ffdab361824a6714fe1c9cf40b9,2025-01-16T02:23:48.026000,sent,kaspa:qqq5jv26n3evkykkdlprra946kq9pp90q87cscnhmu53z3xutlulc40ye8v66,299999500000000,
ad35766e760c3e5d7b4e651e0468705d4cfb6ffdab361824a6714fe1c9cf40b9,2025-01-16T02:23:48.026000,sent,kaspa:qrvum29vk365g0zcd5gx3c7h829etfq2ytdmscjzw4zw04fjfnprcg9c3tges,26490238884756,
2ce4155a9f95c243e98bb8a90ce63098ce66a988239c30d0a365abedb1a210ca,2025-01-07T23:50:32.354000,received,kaspa:qypecudrmn02txmq2jyc2e5e52pptsv0pf9g5pj7der7jg62j8uldvq05d2lp39,49467259824570,
075a41f7165e5cee660bf45fe569b2a6bdb7dcb7e14cd5b80ea4e753c0122576,2024-12-31T11:44:15.762000,received,kaspa:qypecudrmn02txmq2jyc2e5e52pptsv0pf9g5pj7der7jg62j8uldvq05d2lp39,49393884973395,
075a41f7165e5cee660bf45fe569b2a6bdb7dcb7e14cd5b80ea4e753c0122576,2024-12-31T11:44:15.762000,received,kaspa:qypecudrmn02txmq2jyc2e5e52pptsv0pf9g5pj7der7jg62j8uldvq05d2lp39,49393884973395,
bbfe0d14798f0f06146fdc91fa2dc410295200ee424012909cdb84e6d5e2d302,2024-12-30T21:29:59.226000,sent,kaspa:qrvum29vk365g0zcd5gx3c7h829etfq2ytdmscjzw4zw04fjfnprcg9c3tges,316075908107,
57348aa35d10303a0c910a040bd1b4f86258e9f8473ce589f69382cd839788fc,2024-12-26T09:53:53.201000,received,kaspa:qypecudrmn02txmq2jyc2e5e52pptsv0pf9g5pj7der7jg62j8uldvq05d2lp39,50039390749739,
4462f2033561651837b0a48ec78cdd7a69f8aa73435d1c8c1a253405b1307a2f,2024-12-22T20:37:50.335000,sent,kaspa:qrvum29vk365g0zcd5gx3c7h829etfq2ytdmscjzw4zw04fjfnprcg9c3tges,188571280602,
dae9e17a800007fa66e650f5f2ca2c9a91298f63a0bd9512e9db7c8fa494f5f2,2024-12-20T09:42:00.438000,sent,kaspa:qrwf3qud6cylzrqnzucsu5clxd4d5g0a0c6033mqqv9j4mtzj89mqjfmpkmsj,32650400000000,
dae9e17a800007fa66e650f5f2ca2c9a91298f63a0bd9512e9db7c8fa494f5f2,2024-12-20T09:42:00.438000,sent,kaspa:qqmz6yqfjsvpkat0q87n6rqcx6us5mz974xg3xd99gmq85fda09ns92zvjgg4,47211241000,
dae9e17a800007fa66e650f5f2ca2c9a91298f63a0bd9512e9db7c8fa494f5f2,2024-12-20T09:42:00.438000,sent,kaspa:qrvum29vk365g0zcd5gx3c7h829etfq2ytdmscjzw4zw04fjfnprcg9c3tges,17350198540364,
5609f8c2a6c7984045e7297395bf6dbdc60cdc0bcee090baabf1199eeb7357f2,2024-12-20T08:53:49.703000,received,kaspa:qypecudrmn02txmq2jyc2e5e52pptsv0pf9g5pj7der7jg62j8uldvq05d2lp39,50047940081364,
02e7f988b21f3061330270a85999c07a0d91f4de4f06a1a8e37cd40207cc9221,2024-12-20T07:34:57.481000,sent,kaspa:qzvyvy27fmts20p6mlwlutl3av67q65a05y72d303l2tyug8px8x7ch8quqjy,329868301000,
02e7f988b21f3061330270a85999c07a0d91f4de4f06a1a8e37cd40207cc9221,2024-12-20T07:34:57.481000,sent,kaspa:qrvum29vk365g0zcd5gx3c7h829etfq2ytdmscjzw4zw04fjfnprcg9c3tges,43214308445989,
abe11d5af66a539cbe7a8b749241e1601bbcadf84f06fc1e1aa0bca630f80149,2024-12-20T03:17:58.701000,received,kaspa:qypecudrmn02txmq2jyc2e5e52pptsv0pf9g5pj7der7jg62j8uldvq05d2lp39,43544283146989,
abe11d5af66a539cbe7a8b749241e1601bbcadf84f06fc1e1aa0bca630f80149,2024-12-20T03:17:58.701000,received,kaspa:qypecudrmn02txmq2jyc2e5e52pptsv0pf9g5pj7der7jg62j8uldvq05d2lp39,43544283146989,
ed4913244b4fc60d28b01b63d4701b54555d8ac47d171024705e7d00103e690d,2024-12-19T18:43:40.247000,sent,kaspa:qrplpk4zy7auv876hhvmztwn5femjhjs2xumtnw5hmrc7zdtwjyk2f85edvht,191000025000000,
ed4913244b4fc60d28b01b63d4701b54555d8ac47d171024705e7d00103e690d,2024-12-19T18:43:40.247000,sent,kaspa:qzqshglc75qcnmez5xpufp6anuvy6k83n336fmxew6jch440hp24khqc8hsm3,8141746287000,
ed4913244b4fc60d28b01b63d4701b54555d8ac47d171024705e7d00103e690d,2024-12-19T18:43:40.247000,sent,kaspa:qrvum29vk365g0zcd5gx3c7h829etfq2ytdmscjzw4zw04fjfnprcg9c3tges,22883620170614,
c927b62d7c3bbd37d10c1b047a50531ecf6e4cf26735c8ace10760a9f5584864,2024-12-19T00:03:53.790000,received,kaspa:qypecudrmn02txmq2jyc2e5e52pptsv0pf9g5pj7der7jg62j8uldvq05d2lp39,30265449808686,
c927b62d7c3bbd37d10c1b047a50531ecf6e4cf26735c8ace10760a9f5584864,2024-12-19T00:03:53.790000,received,kaspa:qypecudrmn02txmq2jyc2e5e52pptsv0pf9g5pj7der7jg62j8uldvq05d2lp39,30265449808686,
ed57bc15759710f6ab1d165f4ed6b2cafcf9d38816fd586032e0d2e0a98464d3,2024-12-17T04:00:24.960000,received,kaspa:qypecudrmn02txmq2jyc2e5e52pptsv0pf9g5pj7der7jg62j8uldvq05d2lp39,24502600000000,
e3d6c07418c7daa31d7feb74f15deb489e1b39bdf41592fa763a2faa373cba07,2024-12-17T03:19:05.395000,received,kaspa:qypecudrmn02txmq2jyc2e5e52pptsv0pf9g5pj7der7jg62j8uldvq05d2lp39,10000000000,
e3d6c07418c7daa31d7feb74f15deb489e1b39bdf41592fa763a2faa373cba07,2024-12-17T03:19:05.395000,received,kaspa:qypecudrmn02txmq2jyc2e5e52pptsv0pf9g5pj7der7jg62j8uldvq05d2lp39,10000000000,
e3d6c07418c7daa31d7feb74f15deb489e1b39bdf41592fa763a2faa373cba07,2024-12-17T03:19:05.395000,received,kaspa:qypecudrmn02txmq2jyc2e5e52pptsv0pf9g5pj7der7jg62j8uldvq05d2lp39,10000000000,
79478cdd35594f84cd50860d3d2e266c74ee5380855ba60505795707aad192ad,2024-11-11T05:39:55.421000,sent,kaspa:qqxmhlkntzpnw0c8pfwfz4cftylwlfxc3a9mlaaxtzcjzfzahkmmqa80n5pld,300598600000,
79478cdd35594f84cd50860d3d2e266c74ee5380855ba60505795707aad192ad,2024-11-11T05:39:55.421000,sent,kaspa:qrvum29vk365g0zcd5gx3c7h829etfq2ytdmscjzw4zw04fjfnprcg9c3tges,9699394990000,
f66621d24f613b493adc71f8497fab96f5e62cd0fd6f48d0cfe4db6922bbc5c8,2024-10-26T13:37:45.421000,received,kaspa:qp3yt22zqu6ae7n8kmwe4ee58pgjcrj0eszrhdqeejqx5g72ldavqcn7f8ygj,10000099990000,
299909857ab35bae37ba94d45105db7792441ed218935de5e7980512937a9ab2,2024-10-11T10:28:27.925000,received,kaspa:qzqx53nkclvuqhh74xmegf3nc6sjfqhywa74hwumatgf8gna5hu5j60axz02r,7959990000,
c7acb8f4210e6d8b7435363ffdb8cc06338f2e265a3d4674d16a2963a9f4bee6,2024-09-07T16:03:46.102000,sent,kaspa:qpph6f3nwxfam6kxkdm8zxzlr2qwha739ul4w7ea4zwzffxkk6gtylap5x0ae,64661498589,
c7acb8f4210e6d8b7435363ffdb8cc06338f2e265a3d4674d16a2963a9f4bee6,2024-09-07T16:03:46.102000,sent,kaspa:qr2fmj9kldz7t47hxn9gulmec5rwsv0fyn0w354v94kfcwjzm2krvdrmepnak,100000000000,
c7acb8f4210e6d8b7435363ffdb8cc06338f2e265a3d4674d16a2963a9f4bee6,2024-09-07T16:03:46.102000,sent,kaspa:qrvum29vk365g0zcd5gx3c7h829etfq2ytdmscjzw4zw04fjfnprcg9c3tges,15650906174970,
ca0c9f64cbd1d36ae577f6aaf3977f70bb2426dc45ee3d640d2d943c22dbe09e,2024-09-07T15:40:42.053000,sent,kaspa:qzxrs8gxjgk2q84wlt3xfd057ntws73fptalhy84g85zqfu5lcemvpu04vj3w,16682655500000,
ca0c9f64cbd1d36ae577f6aaf3977f70bb2426dc45ee3d640d2d943c22dbe09e,2024-09-07T15:40:42.053000,sent,kaspa:qzg6eypdg6ej0ymrrwxj4pwtx5hmwcpj3cjet8thynft4cqpxt076gndxmf96,41222164000,
ca0c9f64cbd1d36ae577f6aaf3977f70bb2426dc45ee3d640d2d943c22dbe09e,2024-09-07T15:40:42.053000,sent,kaspa:qrvum29vk365g0zcd5gx3c7h829etfq2ytdmscjzw4zw04fjfnprcg9c3tges,15748957766932,
0e9e1a4fde0950289f5ec1fe9f890b9ebdb3b940947af4dd599529a889051cc7,2024-09-07T11:37:49.434000,received,kaspa:qp3yt22zqu6ae7n8kmwe4ee58pgjcrj0eszrhdqeejqx5g72ldavqcn7f8ygj,15815567803859,
edcf946b9ef0f0d410b66fd701f226e32286399f7aa2739dccb583ec385c02d1,2024-09-07T03:25:57.683000,received,kaspa:qp3yt22zqu6ae7n8kmwe4ee58pgjcrj0eszrhdqeejqx5g72ldavqcn7f8ygj,15962150312859,
a42b811cd7d9d0d9fab35e368d5c75b979e2aa84993cceb77f96299761df12a5,2024-09-03T16:12:07.083000,sent,kaspa:qyp2s7xeh2p78efg07qrpvcp84elply4clg2f4y67shnmw02ds8zhyc5qhsprmu,10000000000,
a42b811cd7d9d0d9fab35e368d5c75b979e2aa84993cceb77f96299761df12a5,2024-09-03T16:12:07.083000,sent,kaspa:qyp3jk96vlhadnqzes2zvggs59q5e58crmrlxy54yqat453x85ptp2suk73tz27,347452100000,
a42b811cd7d9d0d9fab35e368d5c75b979e2aa84993cceb77f96299761df12a5,2024-09-03T16:12:07.083000,sent,kaspa:qrvum29vk365g0zcd5gx3c7h829etfq2ytdmscjzw4zw04fjfnprcg9c3tges,16020455256559,
a434e0564a1faab9efb4e253c46f3952434721561695dd904d6f521c1644de37,2024-09-03T15:21:07.903000,received,kaspa:qp3yt22zqu6ae7n8kmwe4ee58pgjcrj0eszrhdqeejqx5g72ldavqcn7f8ygj,16377907486859,
3295013efe3a7366da52d8d618264e551ceab9de5d4cf98fc41c39eb771f2277,2024-09-03T14:19:56.841000,sent,kaspa:qypvmzsathslmm4625mgwtr3lxftwgqk0pk7mjg74qe9ndeqnn7laag6ht92zy9,375330194000,
3295013efe3a7366da52d8d618264e551ceab9de5d4cf98fc41c39eb771f2277,2024-09-03T14:19:56.841000,sent,kaspa:qypvs3xxkpsujj2tjx0n7xhlduvysltqv4m7lml54lfe2xdwf9l04csnlv69xkt,41383475000,
3295013efe3a7366da52d8d618264e551ceab9de5d4cf98fc41c39eb771f2277,2024-09-03T14:19:56.841000,sent,kaspa:qrvum29vk365g0zcd5gx3c7h829etfq2ytdmscjzw4zw04fjfnprcg9c3tges,16161964991559,
c6a81078386ae7174271f4fac45c3e1f98100a896ef48f3265a4943bf8e998a2,2024-09-03T13:37:33.905000,received,kaspa:qp3yt22zqu6ae7n8kmwe4ee58pgjcrj0eszrhdqeejqx5g72ldavqcn7f8ygj,16578678790859,
2957def5e674203f7c169b4afb3aafc4ea9a95b7c7bae94219febaa526e12c7b,2024-09-01T09:42:46.240000,sent,kaspa:qrk7nmkud6p27jeggwdtmzvmva2jx8699l4g2kl2p6gy3q02dh8520y7kdm4e,52946900000,
2957def5e674203f7c169b4afb3aafc4ea9a95b7c7bae94219febaa526e12c7b,2024-09-01T09:42:46.240000,sent,kaspa:qzv6hftz4ry380wpkpc5v32p5u8464zrpw9vedn00wc7700trhmr7e49h4rgy,10000000000000,
2957def5e674203f7c169b4afb3aafc4ea9a95b7c7bae94219febaa526e12c7b,2024-09-01T09:42:46.240000,sent,kaspa:qrvum29vk365g0zcd5gx3c7h829etfq2ytdmscjzw4zw04fjfnprcg9c3tges,6292763144559,
5c45cd44e23a1b556fb2d011537d4b3e3883e89f8e00e8041a1459a3d89e8620,2024-09-01T08:59:04.035000,received,kaspa:qp3yt22zqu6ae7n8kmwe4ee58pgjcrj0eszrhdqeejqx5g72ldavqcn7f8ygj,16345710174859,
e28ad75a32cf961406b00c426a9e07bf08c803693a232397666c67f5a5f64db0,2024-08-05T00:53:38.219000,sent,kaspa:qqw6ra2jvum9mmm55ga2jms0c0kf4stz3tteclwk3zwz7n0gt0nkz0dkda39w,120261187000,
e28ad75a32cf961406b00c426a9e07bf08c803693a232397666c67f5a5f64db0,2024-08-05T00:53:38.219000,sent,kaspa:qyp7cxg2p79yjkwvzsk4ywstexq0k45chrpmw3qe9hskmq6ze8uvyucj4wkfnf5,541058300000,
e28ad75a32cf961406b00c426a9e07bf08c803693a232397666c67f5a5f64db0,2024-08-05T00:53:38.219000,sent,kaspa:qrvum29vk365g0zcd5gx3c7h829etfq2ytdmscjzw4zw04fjfnprcg9c3tges,14338680860559,
cd768a8a443fc9c99c7ae04499f53eeb6b45b048afb9b34af31305b813de72fd,2024-08-04T23:39:56.425000,received,kaspa:qzx5rs5ramrazvuawqle4cak3s0vxvjqh5gqfcjmda5sryf0f647j4s7zn9z9,15000000477859,
cd768a8a443fc9c99c7ae04499f53eeb6b45b048afb9b34af31305b813de72fd,2024-08-04T23:39:56.425000,received,kaspa:qp3yt22zqu6ae7n8kmwe4ee58pgjcrj0eszrhdqeejqx5g72ldavqcn7f8ygj,15000000477859,
cd768a8a443fc9c99c7ae04499f53eeb6b45b048afb9b34af31305b813de72fd,2024-08-04T23:39:56.425000,received,kaspa:qp3yt22zqu6ae7n8kmwe4ee58pgjcrj0eszrhdqeejqx5g72ldavqcn7f8ygj,15000000477859,
cd768a8a443fc9c99c7ae04499f53eeb6b45b048afb9b34af31305b813de72fd,2024-08-04T23:39:56.425000,received,kaspa:qp3yt22zqu6ae7n8kmwe4ee58pgjcrj0eszrhdqeejqx5g72ldavqcn7f8ygj,15000000477859,
c5979c40506829f134c941d268db91d810bb66ec70fdbfd8b23e48b4aa00f78f,2024-07-25T13:54:30.173000,received,kaspa:qp3yt22zqu6ae7n8kmwe4ee58pgjcrj0eszrhdqeejqx5g72ldavqcn7f8ygj,4770000000,
8b6d5610171bfa77bfd079bf4d16d9a91577b2258be2ada423302ada9415b049,2024-07-04T22:54:06.768000,sent,kaspa:qzxrs8gxjgk2q84wlt3xfd057ntws73fptalhy84g85zqfu5lcemvpu04vj3w,64603100000000,
8b6d5610171bfa77bfd079bf4d16d9a91577b2258be2ada423302ada9415b049,2024-07-04T22:54:06.768000,sent,kaspa:qzxrs8gxjgk2q84wlt3xfd057ntws73fptalhy84g85zqfu5lcemvpu04vj3w,64603200000000,
8b6d5610171bfa77bfd079bf4d16d9a91577b2258be2ada423302ada9415b049,2024-07-04T22:54:06.768000,sent,kaspa:qrvum29vk365g0zcd5gx3c7h829etfq2ytdmscjzw4zw04fjfnprcg9c3tges,10274916126802,
858c773fd9ec73df093fb51585caa39580b69a6a7e61a1f7baf6a33f2fd8d60f,2024-07-03T10:44:27.548000,received,kaspa:qz2mhr42dererc7hgd8xstznqjqug8glgcrg97kuey528khzta8kkefznh9ga,13332498545859,
858c773fd9ec73df093fb51585caa39580b69a6a7e61a1f7baf6a33f2fd8d60f,2024-07-03T10:44:27.548000,received,kaspa:qp3yt22zqu6ae7n8kmwe4ee58pgjcrj0eszrhdqeejqx5g72ldavqcn7f8ygj,13332498545859,
858c773fd9ec73df093fb51585caa39580b69a6a7e61a1f7baf6a33f2fd8d60f,2024-07-03T10:44:27.548000,received,kaspa:qqrf4jrdje7ankq7cjaz0pxdcxuqqnzp2stycjq0cln2p5ssuq03c45fjywjt,13332498545859,
858c773fd9ec73df093fb51585caa39580b69a6a7e61a1f7baf6a33f2fd8d60f,2024-07-03T10:44:27.548000,received,kaspa:qrv2rzka6fn8c0swa7gzsexh6usgax6a0c8x2g434prajvswl3ecvy5egq7cw,13332498545859,
55a2db115c6cd6461f46e54992059a4b57d4507a47a09a81167bfc3ef1ce4663,2024-06-30T04:23:14.900000,sent,kaspa:qqv5v5jrwd6r877hht34ss2zdn4zz880k7hy48vg9t885xztajk7cendkywg5,110000000000,
55a2db115c6cd6461f46e54992059a4b57d4507a47a09a81167bfc3ef1ce4663,2024-06-30T04:23:14.900000,sent,kaspa:qpgc86822h9wy2wpw9clucuzrzl3tgdgeqcuc096c05f6h82j2mq5cygdk37p,78655704800,
55a2db115c6cd6461f46e54992059a4b57d4507a47a09a81167bfc3ef1ce4663,2024-06-30T04:23:14.900000,sent,kaspa:qrvum29vk365g0zcd5gx3c7h829etfq2ytdmscjzw4zw04fjfnprcg9c3tges,12525426031625,
653a706db09294522a42b427ba843839eebf1e2f76d41584d8077fd324cc2305,2024-06-30T00:25:10.196000,received,kaspa:qp0ezjll0pz4t44ycpc40la6ccl7dg4wx6gfdc2y56c9ck0qz5wswah5ztcnf,12714081739031,
653a706db09294522a42b427ba843839eebf1e2f76d41584d8077fd324cc2305,2024-06-30T00:25:10.196000,received,kaspa:qr7rgg3h2w0l56dc4r4h5us23arhtvh2da44wau4w0e4q9uff05hx69z34xe5,12714081739031,
df6e9d8c075650eb114d0c264661fc7da10baac185af9ae774c36e0dca0a3a44,2024-06-24T05:51:39.746000,sent,kaspa:qznw7yazu4n6zksg0zrkst2p9zuh4y0gfmre4efknlggry0a4nq3q2c9zvqt0,67700000000,
df6e9d8c075650eb114d0c264661fc7da10baac185af9ae774c36e0dca0a3a44,2024-06-24T05:51:39.746000,sent,kaspa:qrvum29vk365g0zcd5gx3c7h829etfq2ytdmscjzw4zw04fjfnprcg9c3tges,12646481876903,
22d4770aec5b7fde9089319fb819636db8dfb84d9bcd4578b48df5cc447665b4,2024-06-24T05:02:08.336000,received,kaspa:qqdrkh0zufknxn4des6s35aslassd3feq8jhg6lws5edheevd3xmufl4f6hk4,12714181879031,
22d4770aec5b7fde9089319fb819636db8dfb84d9bcd4578b48df5cc447665b4,2024-06-24T05:02:08.336000,received,kaspa:qp3yt22zqu6ae7n8kmwe4ee58pgjcrj0eszrhdqeejqx5g72ldavqcn7f8ygj,12714181879031,
22d4770aec5b7fde9089319fb819636db8dfb84d9bcd4578b48df5cc447665b4,2024-06-24T05:02:08.336000,received,kaspa:qpujsj56s9t3wupf9qvzpp8unureh5jl24a48wxt2drzpj20ss3wsxpq9r2cv,12714181879031,
22d4770aec5b7fde9089319fb819636db8dfb84d9bcd4578b48df5cc447665b4,2024-06-24T05:02:08.336000,received,kaspa:qpujsj56s9t3wupf9qvzpp8unureh5jl24a48wxt2drzpj20ss3wsxpq9r2cv,12714181879031,
4f8e8d2f1e4f641fa1b0409b58994ec549dfcac63d74bfb96709962f5fe69fa1,2024-06-21T21:51:11.641000,sent,kaspa:qypq39qxha9vzawqaa29jp7z4fauxk7un2m8w7xstywsq0yhwsll3tq9rrv4q30,100949314000,
4f8e8d2f1e4f641fa1b0409b58994ec549dfcac63d74bfb96709962f5fe69fa1,2024-06-21T21:51:11.641000,sent,kaspa:qpu0kdhkdm9gc9wtmp6kvea9ssjrfura06yje7sd4q5nl5uy8epzkuxck9nwt,50000000000,
4f8e8d2f1e4f641fa1b0409b58994ec549dfcac63d74bfb96709962f5fe69fa1,2024-06-21T21:51:11.641000,sent,kaspa:qrvum29vk365g0zcd5gx3c7h829etfq2ytdmscjzw4zw04fjfnprcg9c3tges,12268379612011,
f74d9d6736716ab8021f303f2cbab36d7cf87edcca19b2ad24ca74f168f08973,2024-06-21T13:54:15.260000,sent,kaspa:qyplvlschfdqa9kj2dv2xwenccj9qdz7twj03cm4l9hrpl03xrp6z8canj3x4kl,6909925722600,
f74d9d6736716ab8021f303f2cbab36d7cf87edcca19b2ad24ca74f168f08973,2024-06-21T13:54:15.260000,sent,kaspa:qq2fqluvplmy70snnllwz3r8eg0vvdrj4q5qhmr663y8jsn42a8w7xd07sqy3,25000000000,
f74d9d6736716ab8021f303f2cbab36d7cf87edcca19b2ad24ca74f168f08973,2024-06-21T13:54:15.260000,sent,kaspa:qrvum29vk365g0zcd5gx3c7h829etfq2ytdmscjzw4zw04fjfnprcg9c3tges,5531185051411,
58d8709c76b71f9610e03eba9fd32f9328262d8f71990022eb86d7a8b74382ea,2024-06-21T12:00:31.820000,received,kaspa:qqv2e2uts478jwrg8xrnu0dkev97muprm7w4lx636363g0jcu0fdxgufhznmu,1300000000000,
5da72d79845ad5547b461a21c090661cee8053d326bb8612b330a35213314a05,2024-06-19T09:44:40.959000,sent,kaspa:qypmgsmt4rtlhc89gea87t8puv54lqupspgy0qemr36y9tmjkk8s5qcy9gc2gpx,399848119000,
5da72d79845ad5547b461a21c090661cee8053d326bb8612b330a35213314a05,2024-06-19T09:44:40.959000,sent,kaspa:qqhtcwmk63x7u8jydm59esepqp28vlwj23vuzl8rqtqqzm04w0wyyqe2j4v7a,74999900000000,
5da72d79845ad5547b461a21c090661cee8053d326bb8612b330a35213314a05,2024-06-19T09:44:40.959000,sent,kaspa:qrvum29vk365g0zcd5gx3c7h829etfq2ytdmscjzw4zw04fjfnprcg9c3tges,900565053235,
770150cc224cfa638061849c96132bfb5a1be9f03a15a73d60c8ae251b536803,2024-06-15T13:10:39.443000,received,kaspa:qp3yt22zqu6ae7n8kmwe4ee58pgjcrj0eszrhdqeejqx5g72ldavqcn7f8ygj,12714381944067,
770150cc224cfa638061849c96132bfb5a1be9f03a15a73d60c8ae251b536803,2024-06-15T13:10:39.443000,received,kaspa:qp3yt22zqu6ae7n8kmwe4ee58pgjcrj0eszrhdqeejqx5g72ldavqcn7f8ygj,12714381944067,
770150cc224cfa638061849c96132bfb5a1be9f03a15a73d60c8ae251b536803,2024-06-15T13:10:39.443000,received,kaspa:qzqx53nkclvuqhh74xmegf3nc6sjfqhywa74hwumatgf8gna5hu5j60axz02r,12714381944067,
770150cc224cfa638061849c96132bfb5a1be9f03a15a73d60c8ae251b536803,2024-06-15T13:10:39.443000,received,kaspa:qp3yt22zqu6ae7n8kmwe4ee58pgjcrj0eszrhdqeejqx5g72ldavqcn7f8ygj,12714381944067,
770150cc224cfa638061849c96132bfb5a1be9f03a15a73d60c8ae251b536803,2024-06-15T13:10:39.443000,received,kaspa:qp3yt22zqu6ae7n8kmwe4ee58pgjcrj0eszrhdqeejqx5g72ldavqcn7f8ygj,12714381944067,
4be7a422e3e73f11774f26ce1638ba9bfc2005ef32a9cfd23269ec02cd84cb63,2024-05-03T10:50:23.941000,received,kaspa:qp3yt22zqu6ae7n8kmwe4ee58pgjcrj0eszrhdqeejqx5g72ldavqcn7f8ygj,12419328928617,
612aafbf2327aa2927a886f0c61ad47285012a1985f4cae7cb87794233ec176c,2024-04-26T05:04:20.344000,received,kaspa:qqsmnzfvgvaslqcc9hp3ka59x400zwc0mafheaqcmzf0m4gvk8ac50gn04p7l,12466110776617,
612aafbf2327aa2927a886f0c61ad47285012a1985f4cae7cb87794233ec176c,2024-04-26T05:04:20.344000,received,kaspa:qzqx53nkclvuqhh74xmegf3nc6sjfqhywa74hwumatgf8gna5hu5j60axz02r,12466110776617,
612aafbf2327aa2927a886f0c61ad47285012a1985f4cae7cb87794233ec176c,2024-04-26T05:04:20.344000,received,kaspa:qpa6y6jg3dpcm24gu36uq6luxfwef4xm7tgnedrzqd9mf2uhjuf7zdtayryvr,12466110776617,
612aafbf2327aa2927a886f0c61ad47285012a1985f4cae7cb87794233ec176c,2024-04-26T05:04:20.344000,received,kaspa:qzqx53nkclvuqhh74xmegf3nc6sjfqhywa74hwumatgf8gna5hu5j60axz02r,12466110776617,
612aafbf2327aa2927a886f0c61ad47285012a1985f4cae7cb87794233ec176c,2024-04-26T05:04:20.344000,received,kaspa:qzqx53nkclvuqhh74xmegf3nc6sjfqhywa74hwumatgf8gna5hu5j60axz02r,12466110776617,
612aafbf2327aa2927a886f0c61ad47285012a1985f4cae7cb87794233ec176c,2024-04-26T05:04:20.344000,received,kaspa:qp3yt22zqu6ae7n8kmwe4ee58pgjcrj0eszrhdqeejqx5g72ldavqcn7f8ygj,12466110776617,
612aafbf2327aa2927a886f0c61ad47285012a1985f4cae7cb87794233ec176c,2024-04-26T05:04:20.344000,received,kaspa:qp3yt22zqu6ae7n8kmwe4ee58pgjcrj0eszrhdqeejqx5g72ldavqcn7f8ygj,12466110776617,
612aafbf2327aa2927a886f0c61ad47285012a1985f4cae7cb87794233ec176c,2024-04-26T05:04:20.344000,received,kaspa:qp3yt22zqu6ae7n8kmwe4ee58pgjcrj0eszrhdqeejqx5g72ldavqcn7f8ygj,12466110776617,
612aafbf2327aa2927a886f0c61ad47285012a1985f4cae7cb87794233ec176c,2024-04-26T05:04:20.344000,received,kaspa:qp3yt22zqu6ae7n8kmwe4ee58pgjcrj0eszrhdqeejqx5g72ldavqcn7f8ygj,12466110776617,
612aafbf2327aa2927a886f0c61ad47285012a1985f4cae7cb87794233ec176c,2024-04-26T05:04:20.344000,received,kaspa:qp3yt22zqu6ae7n8kmwe4ee58pgjcrj0eszrhdqeejqx5g72ldavqcn7f8ygj,12466110776617,
612aafbf2327aa2927a886f0c61ad47285012a1985f4cae7cb87794233ec176c,2024-04-26T05:04:20.344000,received,kaspa:qp3yt22zqu6ae7n8kmwe4ee58pgjcrj0eszrhdqeejqx5g72ldavqcn7f8ygj,12466110776617,
612aafbf2327aa2927a886f0c61ad47285012a1985f4cae7cb87794233ec176c,2024-04-26T05:04:20.344000,received,kaspa:qzqx53nkclvuqhh74xmegf3nc6sjfqhywa74hwumatgf8gna5hu5j60axz02r,12466110776617,
612aafbf2327aa2927a886f0c61ad47285012a1985f4cae7cb87794233ec176c,2024-04-26T05:04:20.344000,received,kaspa:qp6vvm7ef4rc9cmpkdwq2adlw2ahf22yunn2wr98jz4ja3n9gddrv0e6fz7ct,12466110776617,
612aafbf2327aa2927a886f0c61ad47285012a1985f4cae7cb87794233ec176c,2024-04-26T05:04:20.344000,received,kaspa:qz8yh0wscxmz4nrfarkncg5js64z64qwsw2t2endrh63t927rhwaz9nr6n5uc,12466110776617,
612aafbf2327aa2927a886f0c61ad47285012a1985f4cae7cb87794233ec176c,2024-04-26T05:04:20.344000,received,kaspa:qp3yt22zqu6ae7n8kmwe4ee58pgjcrj0eszrhdqeejqx5g72ldavqcn7f8ygj,12466110776617,
612aafbf2327aa2927a886f0c61ad47285012a1985f4cae7cb87794233ec176c,2024-04-26T05:04:20.344000,received,kaspa:qpdh8m4kzgejqu2pkaflmx2qltqptyzwht9ut9jf27j5c8njpcg9ujyvr99kq,12466110776617,
612aafbf2327aa2927a886f0c61ad47285012a1985f4cae7cb87794233ec176c,2024-04-26T05:04:20.344000,received,kaspa:qzqx53nkclvuqhh74xmegf3nc6sjfqhywa74hwumatgf8gna5hu5j60axz02r,12466110776617,
612aafbf2327aa2927a886f0c61ad47285012a1985f4cae7cb87794233ec176c,2024-04-26T05:04:20.344000,received,kaspa:qp3yt22zqu6ae7n8kmwe4ee58pgjcrj0eszrhdqeejqx5g72ldavqcn7f8ygj,12466110776617,
612aafbf2327aa2927a886f0c61ad47285012a1985f4cae7cb87794233ec176c,2024-04-26T05:04:20.344000,received,kaspa:qpyw3407q9g28a96urxhm4k8e2stq9tg4j7a66vcd0luefcqevczufexhl8ka,12466110776617,
612aafbf2327aa2927a886f0c61ad47285012a1985f4cae7cb87794233ec176c,2024-04-26T05:04:20.344000,received,kaspa:qp3yt22zqu6ae7n8kmwe4ee58pgjcrj0eszrhdqeejqx5g72ldavqcn7f8ygj,12466110776617,
612aafbf2327aa2927a886f0c61ad47285012a1985f4cae7cb87794233ec176c,2024-04-26T05:04:20.344000,received,kaspa:qp3yt22zqu6ae7n8kmwe4ee58pgjcrj0eszrhdqeejqx5g72ldavqcn7f8ygj,12466110776617,
612aafbf2327aa2927a886f0c61ad47285012a1985f4cae7cb87794233ec176c,2024-04-26T05:04:20.344000,received,kaspa:qp3yt22zqu6ae7n8kmwe4ee58pgjcrj0eszrhdqeejqx5g72ldavqcn7f8ygj,12466110776617,
75d7cb67fd024d8e612f7cc2e229c3c167d85afbb8d96e4da6270b4790050abb,2024-04-14T02:22:02.293000,received,kaspa:qqmk9wyxr5d0jjmw54x37swf2vwgu6r3fygr58ewr6z9krtcvjs9unvuegead,940000000000,
96abcd0656fd593c1667a2889fbab3c90b68f1edbd7994d20b4d7d966ada4097,2024-03-29T14:27:47.626000,received,kaspa:qqvf94s653m40l3vulplfer85cq9cyrgeylsztsj0plfmlggfl3jw3d3v0x7y,382100000000,
b2c4a8df5d17c9a11ea0e78301fdd1770f8753d1c94c30791c7af5ba28497885,2024-03-29T02:03:59.608000,received,kaspa:qqtv9c4dg8lqkn35s3j8dad7spsuef72cgmvdr3qz3yphvfxwjugu3dx2tjzs,382200000000,
74b30a30427ef3551459eac35ee57d9edfafa74a5df1cc10c7c749d6359fe38c,2024-01-20T09:46:05.215000,received,kaspa:qq48d8hwkgza92nmujvyrz8swjcusvgmupl66xvzx0mmu4nluremw96gtnj23,65500000000,
e84eb944a1e31a9f617f6f3ed59e278283fa9a3be058ca2434d40dce57ba6bb1,2023-11-12T23:34:34.142000,received,kaspa:qp3yt22zqu6ae7n8kmwe4ee58pgjcrj0eszrhdqeejqx5g72ldavqcn7f8ygj,7764030517617,
4b028465a820875c1fefc5babe88374de210f0e798fa75bd900cf18d2c217a2c,2023-11-11T23:01:06.168000,received,kaspa:qp3yt22zqu6ae7n8kmwe4ee58pgjcrj0eszrhdqeejqx5g72ldavqcn7f8ygj,8105450429617,
4b028465a820875c1fefc5babe88374de210f0e798fa75bd900cf18d2c217a2c,2023-11-11T23:01:06.168000,received,kaspa:qp3yt22zqu6ae7n8kmwe4ee58pgjcrj0eszrhdqeejqx5g72ldavqcn7f8ygj,8105450429617,
4b028465a820875c1fefc5babe88374de210f0e798fa75bd900cf18d2c217a2c,2023-11-11T23:01:06.168000,received,kaspa:qzz0p4chj8dyu4y2e6w6d7gqj7fhszvgc74d707l82vxa9mn0mclcrcd0ygxe,8105450429617,
4b028465a820875c1fefc5babe88374de210f0e798fa75bd900cf18d2c217a2c,2023-11-11T23:01:06.168000,received,kaspa:qp3yt22zqu6ae7n8kmwe4ee58pgjcrj0eszrhdqeejqx5g72ldavqcn7f8ygj,8105450429617,
4b028465a820875c1fefc5babe88374de210f0e798fa75bd900cf18d2c217a2c,2023-11-11T23:01:06.168000,received,kaspa:qp3yt22zqu6ae7n8kmwe4ee58pgjcrj0eszrhdqeejqx5g72ldavqcn7f8ygj,8105450429617,
4b028465a820875c1fefc5babe88374de210f0e798fa75bd900cf18d2c217a2c,2023-11-11T23:01:06.168000,received,kaspa:qqplm9865qjj84lnehv6gal4wv60ak02hem5ds004sp6xlk5v3c9w9e5ls968,8105450429617,
333d959a53198975490b5cec990206bbd718b6cfb5363161b6b0433e7261d7f1,2023-11-10T22:10:04.213000,received,kaspa:qp3yt22zqu6ae7n8kmwe4ee58pgjcrj0eszrhdqeejqx5g72ldavqcn7f8ygj,3000000000000,
333d959a53198975490b5cec990206bbd718b6cfb5363161b6b0433e7261d7f1,2023-11-10T22:10:04.213000,received,kaspa:qp3yt22zqu6ae7n8kmwe4ee58pgjcrj0eszrhdqeejqx5g72ldavqcn7f8ygj,3000000000000,
6073dcc84629e75831343072ca4faf3b4774576585a839f725b7fc88ec1b1c0b,2023-11-09T11:29:42.475000,received,kaspa:qqhjans75xstz6w0jyawr8j45yl67qaj2rvhr6l44gq2sjltxtl25zje5nnqh,1801142997931,
0e074d74526af4202cd6d5a6756970231bbc08069db0e074f9fe1c3569ebd313,2023-11-06T14:08:34.019000,received,kaspa:qp3yt22zqu6ae7n8kmwe4ee58pgjcrj0eszrhdqeejqx5g72ldavqcn7f8ygj,1801243731343,
0e074d74526af4202cd6d5a6756970231bbc08069db0e074f9fe1c3569ebd313,2023-11-06T14:08:34.019000,received,kaspa:qp3yt22zqu6ae7n8kmwe4ee58pgjcrj0eszrhdqeejqx5g72ldavqcn7f8ygj,1801243731343,
