tx_id,timestamp,direction,peer_address,amount_sompi,cex_label
76bad9830c309d70dba44cf6cfd28e1792c2ba4e1997a5d484ec528a2ef876fd,2023-12-14T01:22:12.501000,sent,kaspa:qzur03nkqdu3w209dxmpttyp028ttkt3jy86tq3f6zmk9ydvz7s7yf4lpz8dq,5300690000,
6fb7d67d11d61fae6416ef23b961977dc52d59d8ee219e3b830028ad4ce5bf1b,2023-12-12T07:37:06.226000,received,kaspa:qypswxtcrv4ssyjaswy5w9387vq73mkuyq85tl34cee6qn5uexqy0csgnafnjx7,171000000,
baf559f0a7c4426ab154f46471a6d22a906b201df19fe63d44ca39b5ec5b9c94,2023-11-28T09:28:05.979000,sent,kaspa:qyphhu2uelwg3ef9zujv0hq9mck7nk3y3w22346ezcdwta60cjdadrcq26lknpq,18000000,
baf559f0a7c4426ab154f46471a6d22a906b201df19fe63d44ca39b5ec5b9c94,2023-11-28T09:28:05.979000,sent,kaspa:qrkkkf3rpelh0s4l34mzfnsjclr47n49vkauxfxsqkvjnpthjtmgymeddwnlc,265870000,
45ec1036ac727e8bd716cc4b2b8f8955b8a3076afc03872d20e84c5855ea8a74,2023-11-28T08:13:36.192000,received,kaspa:qzyvvayf85unf7pytlaz36t29e23kcruvg3zs6hj2ylrxxmzpmfcklppmzgvv,283880000,
