tx_id,timestamp,direction,peer_address,amount_sompi,cex_label
c7d9b02c8b8aa28b184d53fc895c648b2c78bd335b315518c0b3c50c9e0c7b7f,2023-03-10T02:00:26.438000,sent,kaspa:qzxp6upsvham7ghlk96vq2p64da9xsgl927nwuh057058vhpyjuuxc5lvthss,10400000000000,
c7d9b02c8b8aa28b184d53fc895c648b2c78bd335b315518c0b3c50c9e0c7b7f,2023-03-10T02:00:26.438000,sent,kaspa:qr2hz0cap5wcrzcfjelrawlakudlefu542xtwcxtl3q7rlu8q0wwklcutflkl,75943477051,
9b322cd6c1df5f4c6a6dd44ea61608298570aa9e766eebb1057d1446255b01c1,2022-12-20T02:24:45.650000,received,kaspa:qqma76c5xx7u6y5ejgqjy8tsgzqd9wzu6dadyy5zr3cqk86tyfad7ss5lfalu,10027483491,
9b322cd6c1df5f4c6a6dd44ea61608298570aa9e766eebb1057d1446255b01c1,2022-12-20T02:24:45.650000,received,kaspa:qzvya6hwluw6pcpkhrgj603ypr45rdnegd75fgxm0hssxwg7fec35n0xqdgy2,10027483491,
