tx_id,timestamp,direction,peer_address,amount_sompi,cex_label
1650ccaff4d68f522da2122831c1ea315501a272b5ee50c1922556eab994a6dd,2023-12-16T04:59:01.612000,sent,kaspa:qzslgwenzu78t6tldlng383g7ruu4enaljmnkgaulyrscjp7ldt26x8gfxck5,171940000,
1650ccaff4d68f522da2122831c1ea315501a272b5ee50c1922556eab994a6dd,2023-12-16T04:59:01.612000,sent,kaspa:qzslgwenzu78t6tldlng383g7ruu4enaljmnkgaulyrscjp7ldt26x8gfxck5,171940000,
26bb88747f0025e1cc33de49047be008f335d83a8176b40437b1f93f28ba06e2,2023-12-13T02:12:54.001000,received,kaspa:qypswxtcrv4ssyjaswy5w9387vq73mkuyq85tl34cee6qn5uexqy0csgnafnjx7,171000000,
5e23a4feef053f264fb1a245936282acf3d832bced1fc6533e7b20ae414f2403,2023-11-29T17:42:01.616000,sent,kaspa:qypd2cp2rklm90xe33j73jjcv8zfgs6zef2npmyrsu4fnngnrewa8hs5mkkwg46,18000000,
593a160558a49aa911e48e12bbf1ff0d683861825b62b79068c11ced5cbe69aa,2023-11-28T18:46:59.059000,received,kaspa:qqwsmgw49jlnngfsqmtfxnu9e95hdwznezawzwvdfpjtc2rxj5a5gzzqujd0e,19000000,
