tx_id,timestamp,direction,peer_address,amount_sompi,cex_label
01026bb60929ba0e066f3f70684c0225cc333480992f7332632002b9c247c7b7,2023-03-23T06:06:15.150000,sent,kaspa:qp943e9zc7rqdwcy7xu5ykc4qmmnnhmecn8ml2d788u6ez3t3d4uudv0x22m5,5075999993327,
01026bb60929ba0e066f3f70684c0225cc333480992f7332632002b9c247c7b7,2023-03-23T06:06:15.150000,sent,kaspa:qr2h8hl0cl3tre0evgx4pjrapj9tgnss06gel0dvnukgaaz74xwck9quzkf59,2268000000,
ee04e3bd8cea3fbda7ba8d0021625214b805862bb68bbd35ccc0f6768e0c49c1,2023-03-23T06:03:42.848000,received,kaspa:qrqandaegeqtxk6k6q6npj7fqz0urgwr3pj0ctkjzxn2ymqclxjrzhnjl3px2,398633000000,
ee04e3bd8cea3fbda7ba8d0021625214b805862bb68bbd35ccc0f6768e0c49c1,2023-03-23T06:03:42.848000,received,kaspa:qrgflrs4ttdj3jmxj0md0rf3n0yfvkmhun4p6fgl809nhd4pketycepmmwh3r,398633000000,
ee04e3bd8cea3fbda7ba8d0021625214b805862bb68bbd35ccc0f6768e0c49c1,2023-03-23T06:03:42.848000,received,kaspa:qzctmhqysnkk47fcru2au8j455uwzdyf2veplr2rm5nsvxmjx3896ukhfqrk6,398633000000,
ee04e3bd8cea3fbda7ba8d0021625214b805862bb68bbd35ccc0f6768e0c49c1,2023-03-23T06:03:42.848000,received,kaspa:qz5pskwwt2zctkwmkhaxaxy67jxlwhm4vp009gs9ldclrz7c0artqclyl6yjs,398633000000,
ee04e3bd8cea3fbda7ba8d0021625214b805862bb68bbd35ccc0f6768e0c49c1,2023-03-23T06:03:42.848000,received,kaspa:qqhz3vurz7acw76m9d8622nuyjwt8td0egrn6x9mtad6zemy4scm6w9gtqdn7,398633000000,
ee04e3bd8cea3fbda7ba8d0021625214b805862bb68bbd35ccc0f6768e0c49c1,2023-03-23T06:03:42.848000,received,kaspa:qz5sel506rzcepg7a07pgfjegpkxpuewjc42z9h4lxh7s2sx3v2977dprdwdn,398633000000,
