tx_id,timestamp,direction,peer_address,amount_sompi,cex_label
6aa0461e0c37c47378581f6249b739dc9fcbf07bd4199a35f4e1c9f83a532b03,2023-12-16T04:25:37.117000,sent,kaspa:qzslgwenzu78t6tldlng383g7ruu4enaljmnkgaulyrscjp7ldt26x8gfxck5,171940000,
6aa0461e0c37c47378581f6249b739dc9fcbf07bd4199a35f4e1c9f83a532b03,2023-12-16T04:25:37.117000,sent,kaspa:qzslgwenzu78t6tldlng383g7ruu4enaljmnkgaulyrscjp7ldt26x8gfxck5,171940000,
a3134af088b8e7c6b2720712e0b4f5c5d0952ce0c30f665c533cd62a9652e514,2023-12-12T15:29:25.659000,received,kaspa:qypswxtcrv4ssyjaswy5w9387vq73mkuyq85tl34cee6qn5uexqy0csgnafnjx7,171000000,
d71cba8b7a5159d00c53a7403a93249b5d03ee896e97b05bf67f766adbbf8466,2023-11-29T01:40:55.190000,sent,kaspa:qypvfzxgphfu4ce7l88xkgpse9z5sqvpzm4enfw6u0d2xrrjnzr2y3q3kx4gm5q,18000000,
0344784f38b092eb6b3e1c32b64a951f882b0060cc3200cba972cba4f3d6cc3e,2023-11-27T19:38:54.244000,received,kaspa:qr4svkt5vtyavdaqd9a5ug3hu7lsz56zqsrjvmm94rm075p6cqjd7a8zfg3g2,19000000,
