tx_id,timestamp,direction,peer_address,amount_sompi,cex_label
87072ef7f765180cdff74d0fff9f7d4ba1b8a5772c367883f04d8e35798a5f3e,2023-12-16T04:24:23.914000,sent,kaspa:qzslgwenzu78t6tldlng383g7ruu4enaljmnkgaulyrscjp7ldt26x8gfxck5,171940000,
87072ef7f765180cdff74d0fff9f7d4ba1b8a5772c367883f04d8e35798a5f3e,2023-12-16T04:24:23.914000,sent,kaspa:qzslgwenzu78t6tldlng383g7ruu4enaljmnkgaulyrscjp7ldt26x8gfxck5,171940000,
5b4b4a125009566695691ce85f4b77197fa1b0433dff668213c921aec233ae6d,2023-12-12T17:45:49.483000,received,kaspa:qypswxtcrv4ssyjaswy5w9387vq73mkuyq85tl34cee6qn5uexqy0csgnafnjx7,171000000,
c04c25737f09b37df46f077256bb871cfaceb5443cb5808bc82f942c64414c5f,2023-11-29T06:14:23.424000,sent,kaspa:qyp4wf9eekf9vl9j75lu50hz3cfdcjvwtmu4cgqlqwjrgjayd08fhug84pezcf2,18000000,
8e88d7de6e16e1fa0d800b9c73cbfc07eedd1ab06a5ca7400f4ff0b95771f646,2023-11-29T02:04:45.033000,received,kaspa:qquy3yd8p5pyt7k26pw0lnwz24nyjjsgjr8nncg8q7vv7fk5c6jdz4pssl025,19000000,
