tx_id,timestamp,direction,peer_address,amount_sompi,cex_label
e3ef4739feb826badf7472ec542bfa44992612da85c0cea6a7de24faeb59ecc6,2023-12-16T04:34:29.542000,sent,kaspa:qzslgwenzu78t6tldlng383g7ruu4enaljmnkgaulyrscjp7ldt26x8gfxck5,171940000,
e3ef4739feb826badf7472ec542bfa44992612da85c0cea6a7de24faeb59ecc6,2023-12-16T04:34:29.542000,sent,kaspa:qzslgwenzu78t6tldlng383g7ruu4enaljmnkgaulyrscjp7ldt26x8gfxck5,171940000,
c97a4e82f2d993232c53eaceb9fcf47773f4e10c766cc51e49fbb3846de0c9c5,2023-12-12T18:46:43.663000,received,kaspa:qypswxtcrv4ssyjaswy5w9387vq73mkuyq85tl34cee6qn5uexqy0csgnafnjx7,171000000,
8aa22e3d928d5d23a8abf39e281d185bb3ce4a0cfda89ded4697d4f6d9ac19c2,2023-11-29T07:54:24.630000,sent,kaspa:qypdkzs5ra5c47ynlx6xdzjd7ace42w9uux3xyqfgen8jwecxgvx8zsjsrm233g,18000000,
965233f38b6730a86bd2efd3de34a199259fadf7fc9366fb1ff0ec45ded116a1,2023-11-28T22:50:55.011000,received,kaspa:qr5fd84m2hrt4lkqt6s5gjc2lwlsve5vd4eqyvtz3uagvau68w5d2zkljale4,19000000,
