tx_id,timestamp,direction,peer_address,amount_sompi,cex_label
123ac9f5ce520ad8fac6a389d5c65c30bf13d181fa2d52c7aad1e002bc224b16,2023-12-28T02:21:42.191000,sent,kaspa:qpzpfwcsqsxhxwup26r55fd0ghqlhyugz8cp6y3wxuddc02vcxtjg75pspnwz,10000000000000,MEXC
123ac9f5ce520ad8fac6a389d5c65c30bf13d181fa2d52c7aad1e002bc224b16,2023-12-28T02:21:42.191000,sent,kaspa:qpjunp39ssazf4rzfxxu0hd35xggfxn6lq0ls9u9q6peevzcmcv4xmv9q4njd,30462026448,
85eaf5374e53ce103c1880bc15fabe430f144e005706f6ef6381f085d66a3fe5,2023-12-28T01:10:49.960000,received,kaspa:qq65upazsfk3s9ugs5tk8gzytcd9ucmag6clf627r2rnam3pjptn6sueevyaw,100000000000,
85eaf5374e53ce103c1880bc15fabe430f144e005706f6ef6381f085d66a3fe5,2023-12-28T01:10:49.960000,received,kaspa:qq65upazsfk3s9ugs5tk8gzytcd9ucmag6clf627r2rnam3pjptn6sueevyaw,100000000000,
