tx_id,timestamp,direction,peer_address,amount_sompi,cex_label
4df7e214f513c4c40485fa6481a137cb5ff149cd64a703bc56d95986576307f8,2025-05-25T02:44:53.473000,sent,kaspa:qpuxymqage34jrcgql8ypl8yecdpcjqac63dtp6qg7hlukk94vyv5n0hc8vd2,1122000000000,
727af9045ee39648c40d8ea48eb2bea601a2e2592f80245ddd417f3582a0ca05,2025-05-20T16:09:08.603000,received,kaspa:qr7vrlhgekw9efxgfq09ca3wqcxlslgxndcpk77pguu2usaa9aa27lhuunewj,55522155850,
b40c051e75ad4b855cb481829ce204fd125aac4db27022d11cf2931f98860da2,2025-05-15T21:33:04.481000,received,kaspa:qyp8k3q0estml6ma66g8ag5tz7pxfn9gk365rkg4xkkfga3zylj3yzglm4r4q0q,499467000000,
b40c051e75ad4b855cb481829ce204fd125aac4db27022d11cf2931f98860da2,2025-05-15T21:33:04.481000,received,kaspa:qyp8k3q0estml6ma66g8ag5tz7pxfn9gk365rkg4xkkfga3zylj3yzglm4r4q0q,499467000000,
b40c051e75ad4b855cb481829ce204fd125aac4db27022d11cf2931f98860da2,2025-05-15T21:33:04.481000,received,kaspa:qyp8k3q0estml6ma66g8ag5tz7pxfn9gk365rkg4xkkfga3zylj3yzglm4r4q0q,499467000000,
b6a2b4f72668f9ebcedf619f493339dd7b6f5b5e8ac9fd6f88de43a84b4fc6ba,2025-05-08T04:07:36.913000,received,kaspa:qr7vrlhgekw9efxgfq09ca3wqcxlslgxndcpk77pguu2usaa9aa27lhuunewj,648946568969,
209c2cfc8d36485d481da60deef82e3a2ec967d87dfd4d586aa2ce7e254add1f,2025-05-08T04:04:35.634000,sent,kaspa:qzdjst2phsj9vcqhgkv8mnejfthdwynxhaw5z9c3wcre0xg240g3qym3hudwe,1100000000000,
9ee91bf293167ad406a6b71960a98f63b68e603415597e58b467683a4ae43750,2025-04-18T18:02:05.745000,received,kaspa:qyp8k3q0estml6ma66g8ag5tz7pxfn9gk365rkg4xkkfga3zylj3yzglm4r4q0q,1003938000000,
9ee91bf293167ad406a6b71960a98f63b68e603415597e58b467683a4ae43750,2025-04-18T18:02:05.745000,received,kaspa:qyp8k3q0estml6ma66g8ag5tz7pxfn9gk365rkg4xkkfga3zylj3yzglm4r4q0q,1003938000000,
9ee91bf293167ad406a6b71960a98f63b68e603415597e58b467683a4ae43750,2025-04-18T18:02:05.745000,received,kaspa:qyp8k3q0estml6ma66g8ag5tz7pxfn9gk365rkg4xkkfga3zylj3yzglm4r4q0q,1003938000000,
1523ddd99519b30320bf566349b044696a4f1d0fcb980a1f67e37a4a4c36abdf,2025-02-28T11:03:39.761000,received,kaspa:qr7vrlhgekw9efxgfq09ca3wqcxlslgxndcpk77pguu2usaa9aa27lhuunewj,1505084589739,
1363ca4f5b7b42fdc3cc871a94d2b75e22cdb7e500d1ac5173615112936d120f,2025-02-03T19:28:15.441000,received,kaspa:qr7vrlhgekw9efxgfq09ca3wqcxlslgxndcpk77pguu2usaa9aa27lhuunewj,1009613515344,
9668f6f2e7da1d1b120fb5f16dd2318480d32e81fcc41b5bb969f5711b0b6e32,2025-01-24T10:27:20.061000,received,kaspa:qqpd56n0ye8958ch5zxv98054p35qfux602tk3x6zj60fdj3uevu65vw3n9me,10001775242000,
836a8570ee3ef7e63a41257b85ea3e9631cdbbfa93dbb46dc36d2d30056ef44c,2025-01-21T15:27:22.824000,received,kaspa:qr7vrlhgekw9efxgfq09ca3wqcxlslgxndcpk77pguu2usaa9aa27lhuunewj,2498267883198,
5ecb89eee88fd3894349f73831d50420f659193cf466fa21cbfaf9bd3fdff1e5,2024-12-28T12:52:49.323000,sent,kaspa:qqlqt9pnpk03nx4f2d7wugmafnwxrs2zztd0rhmkwr9r73kpyh7ck9yxgqg9z,323336658975,
5ecb89eee88fd3894349f73831d50420f659193cf466fa21cbfaf9bd3fdff1e5,2024-12-28T12:52:49.323000,sent,kaspa:qqlqt9pnpk03nx4f2d7wugmafnwxrs2zztd0rhmkwr9r73kpyh7ck9yxgqg9z,323336658975,
5ecb89eee88fd3894349f73831d50420f659193cf466fa21cbfaf9bd3fdff1e5,2024-12-28T12:52:49.323000,sent,kaspa:qqlqt9pnpk03nx4f2d7wugmafnwxrs2zztd0rhmkwr9r73kpyh7ck9yxgqg9z,323336658975,
e6d4f50190340cd8b964eaa16e45e5a634cbe07a3864f9d8266ec37a4e839c60,2024-12-28T12:47:28.460000,received,kaspa:qrlhf8j5ulvgypunf05j2tx0tztz77w8gwdc3zp2unx0mp4lenug6esf9wadx,323219534847,
e6d4f50190340cd8b964eaa16e45e5a634cbe07a3864f9d8266ec37a4e839c60,2024-12-28T12:47:28.460000,received,kaspa:qrlhf8j5ulvgypunf05j2tx0tztz77w8gwdc3zp2unx0mp4lenug6esf9wadx,323219534847,
e6d4f50190340cd8b964eaa16e45e5a634cbe07a3864f9d8266ec37a4e839c60,2024-12-28T12:47:28.460000,received,kaspa:qrlhf8j5ulvgypunf05j2tx0tztz77w8gwdc3zp2unx0mp4lenug6esf9wadx,323219534847,
e6d4f50190340cd8b964eaa16e45e5a634cbe07a3864f9d8266ec37a4e839c60,2024-12-28T12:47:28.460000,received,kaspa:qrlhf8j5ulvgypunf05j2tx0tztz77w8gwdc3zp2unx0mp4lenug6esf9wadx,323219534847,
e6d4f50190340cd8b964eaa16e45e5a634cbe07a3864f9d8266ec37a4e839c60,2024-12-28T12:47:28.460000,received,kaspa:qrlhf8j5ulvgypunf05j2tx0tztz77w8gwdc3zp2unx0mp4lenug6esf9wadx,323219534847,
1eee7f4adad1e7457f4d561c094ba3883660a6426be3b9a3f7ff073f70f1d39e,2024-12-28T09:48:03.551000,received,kaspa:pzqw0s939mxmzpsec5q9q282hes2cv5pyvn87ufuwrsmuu28nxqwy4pt0wh74,20000000,
59b88855135254a2bde5b7ed00ff474ac144974609b261316f8ee6d2735d3c3f,2024-12-28T09:48:02.776000,sent,kaspa:pzqw0s939mxmzpsec5q9q282hes2cv5pyvn87ufuwrsmuu28nxqwy4pt0wh74,20004100,
59b88855135254a2bde5b7ed00ff474ac144974609b261316f8ee6d2735d3c3f,2024-12-28T09:48:02.776000,sent,kaspa:pzqw0s939mxmzpsec5q9q282hes2cv5pyvn87ufuwrsmuu28nxqwy4pt0wh74,20004100,
cc47e3b793d9e338c16d9dc22f6c59197c24af36c70abd20c484158e569d8874,2024-12-28T09:47:34.841000,received,kaspa:pplc77vm7uq8lpz75fdqaexe40j2md6z0930y3u0wvvqc9mwnep8k7upzf3ql,20000000,
b1c35f3649d886977f27978e591ad35bde1155430d31f921fccb853366296dfd,2024-12-28T09:47:32.654000,sent,kaspa:pplc77vm7uq8lpz75fdqaexe40j2md6z0930y3u0wvvqc9mwnep8k7upzf3ql,20004100,
b1c35f3649d886977f27978e591ad35bde1155430d31f921fccb853366296dfd,2024-12-28T09:47:32.654000,sent,kaspa:pplc77vm7uq8lpz75fdqaexe40j2md6z0930y3u0wvvqc9mwnep8k7upzf3ql,20004100,
28089c12accaf1412782caae1a8663853ca99b596af1ebfac2ab319d94d56383,2024-12-28T09:46:46.562000,received,kaspa:pqtqqqqkrshqrdhc2sujt2vlhcgzyhd6thhusezm9pewljhpn43cqyudz8mj7,20000000,
5b6db23f5bd9e4561ed33e0aec1c550df7110c1dda42265776ffa3707994ed48,2024-12-28T09:46:44.321000,sent,kaspa:pqtqqqqkrshqrdhc2sujt2vlhcgzyhd6thhusezm9pewljhpn43cqyudz8mj7,20004100,
abaca55c713ae26193f27dda7b166253623cc3841a2ae635dd2bde69b53d5c7f,2024-12-17T15:28:08.853000,sent,kaspa:qqng8j20xlrywjc3glp9plk3dgkr6n4l7sph4zrqnk5apn3c4upzwyrnygfpx,999900000000,
b81d1a7383f0f439ef25dda3c00ca5d713b50537fbdbdc061640c38f053de3d7,2024-12-13T17:27:06.276000,sent,kaspa:qrngez6achaur4algddcxmtf2c62sv6229f7nszxcnczq02ez349ynca60gjy,1000000000000,
16596472d60941f100e44c1ff2fd67a9656a1f2b7ddbe27ac0ee02e616b0fde0,2024-11-29T00:11:15.019000,sent,kaspa:qptvzyevvdde6ng4myr60xdrh5vcfhdgsl0fj3pxnnr7nzmckmg864lxtk9hp,500000000000,
a722a45415be7627d824dbb8afcd033faef40a75efbfd556e15caf0a64136025,2024-11-28T14:07:26.506000,sent,kaspa:qrcpd8vg94yr78fdrenex348wg0vwyk3lc7h67xxxljgwqxz7m67wsyj5pm5v,500000000000,
34c325a04315de394c8cc92adafa6ac1aca284f8e036151e7e5624b6459d4cea,2024-11-25T20:17:32.239000,sent,kaspa:qzrvsus0fnwqy6v2muzjkw2w6km7r4peur4wj6rlx0dlkdz9wxh8kc5wwsy8n,1012900000000,
84b45546fa3eed8f99b50eda0e41b275c4af915aa43cbc728ead255c4170edbf,2024-10-21T21:37:27.983000,sent,kaspa:qrpdj4s2hz3ypltzesjvcnuka72atwmprywrsvegj3qac3va4zv5gj46qm0qs,380000000000,
84b45546fa3eed8f99b50eda0e41b275c4af915aa43cbc728ead255c4170edbf,2024-10-21T21:37:27.983000,sent,kaspa:qrpdj4s2hz3ypltzesjvcnuka72atwmprywrsvegj3qac3va4zv5gj46qm0qs,380000000000,
a94b3a65ca08eb6cd38b6394ccf7a32123e3f93811343c2207d321117434afd0,2024-10-20T16:32:51.629000,received,kaspa:qrpdj4s2hz3ypltzesjvcnuka72atwmprywrsvegj3qac3va4zv5gj46qm0qs,2973000000,
a94b3a65ca08eb6cd38b6394ccf7a32123e3f93811343c2207d321117434afd0,2024-10-20T16:32:51.629000,received,kaspa:qrpdj4s2hz3ypltzesjvcnuka72atwmprywrsvegj3qac3va4zv5gj46qm0qs,2973000000,
a94b3a65ca08eb6cd38b6394ccf7a32123e3f93811343c2207d321117434afd0,2024-10-20T16:32:51.629000,received,kaspa:qrpdj4s2hz3ypltzesjvcnuka72atwmprywrsvegj3qac3va4zv5gj46qm0qs,2973000000,
a94b3a65ca08eb6cd38b6394ccf7a32123e3f93811343c2207d321117434afd0,2024-10-20T16:32:51.629000,received,kaspa:qrpdj4s2hz3ypltzesjvcnuka72atwmprywrsvegj3qac3va4zv5gj46qm0qs,2973000000,
61c48b9314f5decd7a9db7e70a812652fc80c0ff1bfa4e228bddefc57d6f4097,2024-10-20T11:25:32.331000,sent,kaspa:qrpdj4s2hz3ypltzesjvcnuka72atwmprywrsvegj3qac3va4zv5gj46qm0qs,610000000000,
f39f05000158366e00ef278b157b8f6c81c195fb0f53ce5bf022f29723172967,2024-10-04T13:23:28.180000,sent,kaspa:qrvm05vcnu7vdylnvkj660g4ple22eaaccxdqen97r4c85za7zx7we64vxr28,2000000000000,
987efcb43149bd978f298d32af9e3e3c87e2a434d12a1f06a0362aa32dde2d86,2024-09-25T18:44:43.465000,sent,kaspa:qqkxdayydzw2e6kw9c75prhu8a85svue8u6m3le3kwkvzxufjtjug39urgg5p,699000000000,
f9a05814dc6423551cfb2dddb74043642088e1e4cafb3e371374f4212e3a3d21,2024-09-24T14:40:11.326000,sent,kaspa:qrpdj4s2hz3ypltzesjvcnuka72atwmprywrsvegj3qac3va4zv5gj46qm0qs,1000000000,
64f45099e286f04afc96a641f797c31d61be87bfa078a99f75fd8adae9be8b3a,2024-09-24T14:34:06.102000,sent,kaspa:qrpdj4s2hz3ypltzesjvcnuka72atwmprywrsvegj3qac3va4zv5gj46qm0qs,78000000000,
55c34345a59d178cb255cfd22056ef29eb2251c638eb1229adabb06aa995c0ac,2024-09-23T08:01:03.812000,sent,kaspa:qrpdj4s2hz3ypltzesjvcnuka72atwmprywrsvegj3qac3va4zv5gj46qm0qs,45000000000,
e488ce92c7631a60771f685158d175211e94bf2252c146ec3b981cb211965c69,2024-09-23T07:23:56.680000,sent,kaspa:qrpdj4s2hz3ypltzesjvcnuka72atwmprywrsvegj3qac3va4zv5gj46qm0qs,100000000000,
04a7511ba606d26c4727061c19e3991d8cf6dd93bbc3cd864a5935f99ce25287,2024-09-20T07:43:39.685000,sent,kaspa:qrpdj4s2hz3ypltzesjvcnuka72atwmprywrsvegj3qac3va4zv5gj46qm0qs,5000000000,
02ec8ac781b474fe5e22396677bd58153f0afedf4c949bfbd2c58400639b08cf,2024-09-08T19:20:06.378000,sent,kaspa:qr3uggy52dh9755h6ya32gfky7ar4rc2zra684dlhtx4svlfx260kc77ghhvj,2100000000000,
36a5928c69db115709f905980b21140cc8f0323878f8ea19382ade518acc4134,2024-06-06T10:35:04.354000,sent,kaspa:qpe43lak0hxfw4yf8ws5k56shhrdgnp3vmk8f6mhs8vdwkprsz2ugtyq6r0gp,1500000000000,
36a5928c69db115709f905980b21140cc8f0323878f8ea19382ade518acc4134,2024-06-06T10:35:04.354000,sent,kaspa:qpe43lak0hxfw4yf8ws5k56shhrdgnp3vmk8f6mhs8vdwkprsz2ugtyq6r0gp,1500000000000,
7ad2193e1e69309a6f2617def9043bb94aa7d04eb8d2d61bc0545c3a0543dfe8,2024-04-15T07:47:11.463000,received,kaspa:qru6qv0wyf7sl7qtwqkx7c03yhs244c2nwavxaszhrm8rmk5dtlvwztc5arzk,1521965862133,
7ad2193e1e69309a6f2617def9043bb94aa7d04eb8d2d61bc0545c3a0543dfe8,2024-04-15T07:47:11.463000,received,kaspa:qru6qv0wyf7sl7qtwqkx7c03yhs244c2nwavxaszhrm8rmk5dtlvwztc5arzk,1521965862133,
7ad2193e1e69309a6f2617def9043bb94aa7d04eb8d2d61bc0545c3a0543dfe8,2024-04-15T07:47:11.463000,received,kaspa:qru6qv0wyf7sl7qtwqkx7c03yhs244c2nwavxaszhrm8rmk5dtlvwztc5arzk,1521965862133,
a6c9f966771b57d5df9c85b3f81d1d80c75d6baab927e2e41567640045a1de4b,2024-02-17T19:27:10.731000,sent,kaspa:qzed6keyhcnkwtj7mx7g76du93dq9z2m0yq6hz023tar4a7c9kz4v5r88u3a6,1000000000000,
a6c9f966771b57d5df9c85b3f81d1d80c75d6baab927e2e41567640045a1de4b,2024-02-17T19:27:10.731000,sent,kaspa:qzed6keyhcnkwtj7mx7g76du93dq9z2m0yq6hz023tar4a7c9kz4v5r88u3a6,1000000000000,
003bf73a21ac261b16b99237a616a8260b53d475407b0425fe1c22eac626b159,2024-01-28T12:54:32.388000,received,kaspa:qpq94ntnvy8p9q6wrdwtn37xtspgashrydc0kuu8ctpyxulmh0wlxh2807zdh,1006070765230,
f12a00e846fb78ef64d7ed24c243deb155d0e1c827338f1f1335af33bcf89ab5,2024-01-15T19:42:25.802000,sent,kaspa:qqx8r5nvpk2llggm6kektehdlegs7f85h9xtgnqeexupet0yxxek28ghvn58x,262300000000,
f12a00e846fb78ef64d7ed24c243deb155d0e1c827338f1f1335af33bcf89ab5,2024-01-15T19:42:25.802000,sent,kaspa:qqx8r5nvpk2llggm6kektehdlegs7f85h9xtgnqeexupet0yxxek28ghvn58x,262300000000,
28328772ae12ad1dbec101c1f951f44b61a3c04da1ef4804b626156689fb5118,2024-01-14T21:26:40.845000,received,kaspa:qppr7q4mykgfw4s37lh4z7pqa6x5a5aya9g0ku4dvyk4rttf2smrxk4680npn,260768681624,
28328772ae12ad1dbec101c1f951f44b61a3c04da1ef4804b626156689fb5118,2024-01-14T21:26:40.845000,received,kaspa:qppr7q4mykgfw4s37lh4z7pqa6x5a5aya9g0ku4dvyk4rttf2smrxk4680npn,260768681624,
6bd947040605fd6b0388423c2e1e3ca0207d5ae0c76e0ecf3d8a2c67782c29b0,2024-01-14T21:09:48.625000,sent,kaspa:qqpj8xvkswkz5zg8pdsqqcel62edsqvyffz30g7m388p06xwdecd6ufhg4cg4,270000000000,
d54904ab4baa05c5590ce005ef0faa9d46d5beab4b837bc09264697c78712377,2024-01-13T21:01:27.744000,sent,kaspa:qpj29qj2se7dvrx6jl5zs54u0zx333swh932q2fzhyvpz7e0qk407n9qnutl0,250000000000,
d54904ab4baa05c5590ce005ef0faa9d46d5beab4b837bc09264697c78712377,2024-01-13T21:01:27.744000,sent,kaspa:qpj29qj2se7dvrx6jl5zs54u0zx333swh932q2fzhyvpz7e0qk407n9qnutl0,250000000000,
20d602bbaaf0c267f80fad6930b51770ad161fdf0298a7adb670f4018abb6c3a,2023-12-30T03:57:42.668000,received,kaspa:qyp3zjcyn8l6fc52kyccl5dwddh2ujedu2wfyz8n736ndm8m627cqygjh9g496j,511449000000,
77980be0a93626a4eeac4ad1c5c801fd8825c486b61ec7f42e55b39ea9c37682,2023-12-27T09:18:23.931000,sent,kaspa:qr4j3z5gmw5u4j0wzwda5rxe4g8lm0tmssp2lxjl70hwqzclnnvjsnnnde3q4,658600000000,
77980be0a93626a4eeac4ad1c5c801fd8825c486b61ec7f42e55b39ea9c37682,2023-12-27T09:18:23.931000,sent,kaspa:qr4j3z5gmw5u4j0wzwda5rxe4g8lm0tmssp2lxjl70hwqzclnnvjsnnnde3q4,658600000000,
179e403a41ffdc6fa1a6563463c47b0b32bd63f8c5eadcba1e3bb0592d7e8d64,2023-12-27T00:27:18.183000,received,kaspa:qyp3zjcyn8l6fc52kyccl5dwddh2ujedu2wfyz8n736ndm8m627cqygjh9g496j,618667000000,
179e403a41ffdc6fa1a6563463c47b0b32bd63f8c5eadcba1e3bb0592d7e8d64,2023-12-27T00:27:18.183000,received,kaspa:qyp8k3q0estml6ma66g8ag5tz7pxfn9gk365rkg4xkkfga3zylj3yzglm4r4q0q,618667000000,
0e36dae99636706c1e5aa159f013db8d6691cd5f030e3563a8eb41601c5f0c4a,2023-12-26T23:33:20.778000,sent,kaspa:qyppee38fcm77zdq3269j6me9lp8k3np9lyxa9tadhkw52xg0n0n4mgn6agqswv,514600000000,
0e36dae99636706c1e5aa159f013db8d6691cd5f030e3563a8eb41601c5f0c4a,2023-12-26T23:33:20.778000,sent,kaspa:qyppee38fcm77zdq3269j6me9lp8k3np9lyxa9tadhkw52xg0n0n4mgn6agqswv,514600000000,
46e532850983df31367ba6e1d0b51ad9a10dcc3912aba477423971a819076b2c,2023-12-16T12:43:07.850000,received,kaspa:qyp3zjcyn8l6fc52kyccl5dwddh2ujedu2wfyz8n736ndm8m627cqygjh9g496j,564618000000,
fcb7df8f621f0204471941abdb81bec2574afb5d0ed7e8f446552bfba19ae0bd,2023-11-26T01:12:51.560000,sent,kaspa:qqne9m6e8kc44f7ffqpykvu2jyf0yve6ygmfpt32hpfe7a9tezg6u8myg42gq,1000000000000,
1f0cfaf003594540f02d5822b2cbd6afff0d4d92c23d4d096c3c9fbd4f730836,2023-11-23T09:02:40.287000,sent,kaspa:qyppee38fcm77zdq3269j6me9lp8k3np9lyxa9tadhkw52xg0n0n4mgn6agqswv,544600000000,
fecef08ff2df5ccc3c0df840a9c08aba1922390f7f6ee5a5c10847b7bd2f6858,2023-11-19T22:42:56.610000,sent,kaspa:qqfkuxs7qpcykg4xc386skgue9xzgyufe6u7wluvk8jtvnmtfwz0xfwysz3xp,10000000000,
fecef08ff2df5ccc3c0df840a9c08aba1922390f7f6ee5a5c10847b7bd2f6858,2023-11-19T22:42:56.610000,sent,kaspa:qqfkuxs7qpcykg4xc386skgue9xzgyufe6u7wluvk8jtvnmtfwz0xfwysz3xp,10000000000,
fecef08ff2df5ccc3c0df840a9c08aba1922390f7f6ee5a5c10847b7bd2f6858,2023-11-19T22:42:56.610000,sent,kaspa:qqfkuxs7qpcykg4xc386skgue9xzgyufe6u7wluvk8jtvnmtfwz0xfwysz3xp,10000000000,
43dd11accf87a3b7841872618ad506122f4ff9bcc7ba906b86cfd94c7c56f1b7,2023-11-17T15:23:49.644000,received,kaspa:qyp3zjcyn8l6fc52kyccl5dwddh2ujedu2wfyz8n736ndm8m627cqygjh9g496j,393643000000,
43dd11accf87a3b7841872618ad506122f4ff9bcc7ba906b86cfd94c7c56f1b7,2023-11-17T15:23:49.644000,received,kaspa:qyp8k3q0estml6ma66g8ag5tz7pxfn9gk365rkg4xkkfga3zylj3yzglm4r4q0q,393643000000,
07e9ad183e5ba92fadbd4429a9f6ee2225c8a3a97ec8170f335988514a4458ec,2023-11-17T04:34:14.656000,received,kaspa:qyp3zjcyn8l6fc52kyccl5dwddh2ujedu2wfyz8n736ndm8m627cqygjh9g496j,1160948000000,
07e9ad183e5ba92fadbd4429a9f6ee2225c8a3a97ec8170f335988514a4458ec,2023-11-17T04:34:14.656000,received,kaspa:qyprcque3lrf6d8xdkxl9qp4erkma6rgc8v846dxtarafzvhnvgt0vq0kshuh7k,1160948000000,
07e9ad183e5ba92fadbd4429a9f6ee2225c8a3a97ec8170f335988514a4458ec,2023-11-17T04:34:14.656000,received,kaspa:qyp8k3q0estml6ma66g8ag5tz7pxfn9gk365rkg4xkkfga3zylj3yzglm4r4q0q,1160948000000,
752bd12f46cb829cae6002184ad95a71201519002905f0db8ab72d624eb4688d,2023-11-09T18:07:18.333000,sent,kaspa:qyppee38fcm77zdq3269j6me9lp8k3np9lyxa9tadhkw52xg0n0n4mgn6agqswv,947300000000,
752bd12f46cb829cae6002184ad95a71201519002905f0db8ab72d624eb4688d,2023-11-09T18:07:18.333000,sent,kaspa:qyppee38fcm77zdq3269j6me9lp8k3np9lyxa9tadhkw52xg0n0n4mgn6agqswv,947300000000,
10c7a4e072620e59b55f17d1c9e8c2acc1f73363db0aa74082fab6f619e65671,2023-11-03T04:21:23.161000,received,kaspa:qyp3zjcyn8l6fc52kyccl5dwddh2ujedu2wfyz8n736ndm8m627cqygjh9g496j,937276000000,
10c7a4e072620e59b55f17d1c9e8c2acc1f73363db0aa74082fab6f619e65671,2023-11-03T04:21:23.161000,received,kaspa:qyp8k3q0estml6ma66g8ag5tz7pxfn9gk365rkg4xkkfga3zylj3yzglm4r4q0q,937276000000,
8e10280474d9d0aff0c961dda5be8307c7b0d450b2e1134e87b2cfbdb11f21de,2023-10-03T19:00:05.958000,sent,kaspa:qyppee38fcm77zdq3269j6me9lp8k3np9lyxa9tadhkw52xg0n0n4mgn6agqswv,759000000000,
8e10280474d9d0aff0c961dda5be8307c7b0d450b2e1134e87b2cfbdb11f21de,2023-10-03T19:00:05.958000,sent,kaspa:qyppee38fcm77zdq3269j6me9lp8k3np9lyxa9tadhkw52xg0n0n4mgn6agqswv,759000000000,
1d42f259f4a69653eb8ace41b587baa8416dabcdf8c0bcd4b41180af521e8f36,2023-09-28T01:05:39.553000,received,kaspa:qq6luh2lu5s2ufs5q98p2nw9rexmxv6m8k3h5vejc4lxwek0dywmsgwjyyxsq,5769033878343,
1d42f259f4a69653eb8ace41b587baa8416dabcdf8c0bcd4b41180af521e8f36,2023-09-28T01:05:39.553000,received,kaspa:qptuagld56j3kkqr9zk9hpl3z7eh3vajyvn8axlqhahqkx5a32frua9pwwp49,5769033878343,
1d42f259f4a69653eb8ace41b587baa8416dabcdf8c0bcd4b41180af521e8f36,2023-09-28T01:05:39.553000,received,kaspa:qq6luh2lu5s2ufs5q98p2nw9rexmxv6m8k3h5vejc4lxwek0dywmsgwjyyxsq,5769033878343,
1d42f259f4a69653eb8ace41b587baa8416dabcdf8c0bcd4b41180af521e8f36,2023-09-28T01:05:39.553000,received,kaspa:qrh4jkz6y5fmmfftj0seef86k0fc7c5ctm7guqja63s28mx8lun2qamht37qv,5769033878343,
1d42f259f4a69653eb8ace41b587baa8416dabcdf8c0bcd4b41180af521e8f36,2023-09-28T01:05:39.553000,received,kaspa:qqjrgvtcqahjuwmxnwrhtly4scv3anx36a56er3jxteaq32572kkq9cxqnh4n,5769033878343,
1d42f259f4a69653eb8ace41b587baa8416dabcdf8c0bcd4b41180af521e8f36,2023-09-28T01:05:39.553000,received,kaspa:qzcaueyl2nzs436s2w0xguyd03p7r08nvu7k5tlfn6y2xw9eek7tz779gh8l3,5769033878343,
1d42f259f4a69653eb8ace41b587baa8416dabcdf8c0bcd4b41180af521e8f36,2023-09-28T01:05:39.553000,received,kaspa:qptuagld56j3kkqr9zk9hpl3z7eh3vajyvn8axlqhahqkx5a32frua9pwwp49,5769033878343,
c5930875be74c29157fd3b4ef99f92402dfdb7af256dc12628a6dac4148f85d9,2023-09-28T01:04:11.794000,received,kaspa:qzgdt3q8lyhtp47cken374j6a3l6pk0j2lsjc66k6ymganx48w0jja8wx744m,5000000000000,
c5930875be74c29157fd3b4ef99f92402dfdb7af256dc12628a6dac4148f85d9,2023-09-28T01:04:11.794000,received,kaspa:qzcaueyl2nzs436s2w0xguyd03p7r08nvu7k5tlfn6y2xw9eek7tz779gh8l3,5000000000000,
