tx_id,timestamp,direction,peer_address,amount_sompi,cex_label
f17423850e45e0912aabe63315da4df7158cf62ac9f7f7bbb6bd3d94a4b76f32,2023-12-16T05:10:37.308000,sent,kaspa:qzslgwenzu78t6tldlng383g7ruu4enaljmnkgaulyrscjp7ldt26x8gfxck5,171940000,
f17423850e45e0912aabe63315da4df7158cf62ac9f7f7bbb6bd3d94a4b76f32,2023-12-16T05:10:37.308000,sent,kaspa:qzslgwenzu78t6tldlng383g7ruu4enaljmnkgaulyrscjp7ldt26x8gfxck5,171940000,
6ed64f14a722659fad07082fa5c1511604d308fd833aed3a7a43bc60089d0d2d,2023-12-13T03:51:45.903000,received,kaspa:qypswxtcrv4ssyjaswy5w9387vq73mkuyq85tl34cee6qn5uexqy0csgnafnjx7,171000000,
04562963d71ac5bc19901eba35ccfe42072323ffceaa72ba918bf6aeb6f0ab6a,2023-11-29T19:07:27.435000,sent,kaspa:qypgfcd3m077p63dnu575srx9d26wej5457h60wsnaz6k58a96j60ssz2x8v9u5,18000000,
eb5d7252878070d71893ddbfcbe13ca06aa98ff83a20793ce1266ce049439f39,2023-11-29T08:41:08.310000,received,kaspa:qqrldyr25f9rtxswh0fmuup5qsuemkjrsg5p5zgclzu4rx5fkeut2u2kc9jpv,19000000,
