tx_id,timestamp,direction,peer_address,amount_sompi,cex_label
fac0f6b147e3c259072b538f25d1e18d3d5cffa499063823c22dcebcffeaaaf1,2023-12-27T17:25:10.638000,sent,kaspa:qpjunp39ssazf4rzfxxu0hd35xggfxn6lq0ls9u9q6peevzcmcv4xmv9q4njd,2463921477747,
f541f849764462844bd70e56d51acaacf6332e9a3c7d3d811865288e4f89036a,2023-12-26T08:25:30.054000,sent,kaspa:qpjunp39ssazf4rzfxxu0hd35xggfxn6lq0ls9u9q6peevzcmcv4xmv9q4njd,17599999120000,
d743d332cc29f129e2a9962c69928f32e4cfcfa6358c963c056ca64cfa7512ae,2023-10-24T14:17:58.203000,sent,kaspa:qpzpfwcsqsxhxwup26r55fd0ghqlhyugz8cp6y3wxuddc02vcxtjg75pspnwz,100000000000000,MEXC
d743d332cc29f129e2a9962c69928f32e4cfcfa6358c963c056ca64cfa7512ae,2023-10-24T14:17:58.203000,sent,kaspa:qpjunp39ssazf4rzfxxu0hd35xggfxn6lq0ls9u9q6peevzcmcv4xmv9q4njd,441320032471,
09df370d823598e98c928aef03237e012f1af7760f5837344844440938fc7e8e,2023-10-24T14:00:17.820000,received,kaspa:qrk4lu5vkca76esmy7uv4t9ah3yms397eahprf9cpfkscczqvpnuc8lmgnc0t,50000000000000,
0dab1384eb3c3eb03b798219fa4ce77f2bd2017e90b2b813460f304e695e5123,2023-10-23T22:58:05.462000,sent,kaspa:qpzpfwcsqsxhxwup26r55fd0ghqlhyugz8cp6y3wxuddc02vcxtjg75pspnwz,100000000000000,MEXC
0dab1384eb3c3eb03b798219fa4ce77f2bd2017e90b2b813460f304e695e5123,2023-10-23T22:58:05.462000,sent,kaspa:qpjunp39ssazf4rzfxxu0hd35xggfxn6lq0ls9u9q6peevzcmcv4xmv9q4njd,999999480000,
4e972c4dc99f0f96f8dd2908da5e57e97b0f21ceedcb6469ff81b7f71170ab60,2023-10-23T22:56:02.721000,received,kaspa:qz3wms6cq0fktm7tg0dv8epue93m32a3pwjz8aqmlz9ullgarm63syfutwvv6,50000000000000,
28aba47fbcd731841b231c999f9b333751b930c95d281c1ad364dac43273c9ef,2023-09-15T22:05:58.320000,sent,kaspa:qpjunp39ssazf4rzfxxu0hd35xggfxn6lq0ls9u9q6peevzcmcv4xmv9q4njd,450859387256795,
60474075e0e0706bed80d7432b7fa351094a8c27be835065fa76fbf65cbdc788,2023-09-15T21:37:52.326000,received,kaspa:qp95kzjew8ylkdq3kc6e7w20pu96kkhsynvl09m77lnc8qmpdcrayjrlcv5ly,50000000000000,
529bb4ffc1b56ee8522388d4dc111f3b8b12588bb35c9a8a8c32e4e6de44a867,2023-09-10T19:40:54.985000,sent,kaspa:qpjunp39ssazf4rzfxxu0hd35xggfxn6lq0ls9u9q6peevzcmcv4xmv9q4njd,481117310369520,
afa5fdcc4d747a606052cf83bc9f6738c88b5717bf04aaec0f92db6c75b50c54,2023-09-10T17:07:52.456000,received,kaspa:qraznqsch9uuavz9mfrujg8ylja0c7j5ypkp3cyvv9l4kplyqr5gcydk3hz4z,40000000000000,
a9f204726887cbe02b2a273581180871487b15da08494c5de62ae24be980adf9,2023-09-07T05:31:39.692000,received,kaspa:qq62a3wq7wx06s7x3rq4ecqtkgpmasyapsvr3ljrajunyuxu8tx9k5n3zya4v,200000000000,
3a086a121de9837d75a337ea886bf7f1a3891d9e18241fd6faafe60bb0d0e39c,2023-08-23T17:31:03.592000,sent,kaspa:qpjunp39ssazf4rzfxxu0hd35xggfxn6lq0ls9u9q6peevzcmcv4xmv9q4njd,87999999120000,
e73a447d6ae59e454f5aa155fe399532df9127317ed60500025f0a90103c2f57,2023-08-23T13:35:55.577000,sent,kaspa:qpzpfwcsqsxhxwup26r55fd0ghqlhyugz8cp6y3wxuddc02vcxtjg75pspnwz,500000000000000,MEXC
e73a447d6ae59e454f5aa155fe399532df9127317ed60500025f0a90103c2f57,2023-08-23T13:35:55.577000,sent,kaspa:qpjunp39ssazf4rzfxxu0hd35xggfxn6lq0ls9u9q6peevzcmcv4xmv9q4njd,24987999773394,
4d027e81071baaaeba573b1adf424ef3c38cc43f06835752757b2343f2f0b437,2023-08-23T10:40:54.560000,sent,kaspa:qpzpfwcsqsxhxwup26r55fd0ghqlhyugz8cp6y3wxuddc02vcxtjg75pspnwz,500000000000000,MEXC
4d027e81071baaaeba573b1adf424ef3c38cc43f06835752757b2343f2f0b437,2023-08-23T10:40:54.560000,sent,kaspa:qpjunp39ssazf4rzfxxu0hd35xggfxn6lq0ls9u9q6peevzcmcv4xmv9q4njd,65678949641814,
7c76062f35aaf6ad707e0054e2f8110680105b5e0ba9b8b176a556142835429a,2023-08-22T23:26:47.006000,received,kaspa:qzmmv9208f9t90666vfux4kaj2avk24s7u0ae6z99zt2v8jcd8qr5x239gruy,25000000000000,
d5fa9d3392b5c827c469a56684d6cf5270bb30b9b6c96db0461e40cde89b866e,2023-08-22T22:32:48.848000,received,kaspa:qrddt6ajdjwle4fjscwdp57hwhyky4qlvkqknpmjfa40wxzys72nzgn76nkn4,1000000000000,
2f92f6c09884421253a1c89833dff0674b2fb172b2586edb26469f75871f448a,2023-08-04T15:53:39.183000,received,kaspa:qp5dx9xtvlpgt4ut8uu8anmysvakrzmjmk96x8c7eu2gtzhl9svlzn70gn0qy,70000000000000,
5bee48af6a1650affe41d69f0d4ca22c3c8e69b2803fe4645121d0f7dd5e6cbc,2023-07-18T23:46:01.655000,sent,kaspa:qpzpfwcsqsxhxwup26r55fd0ghqlhyugz8cp6y3wxuddc02vcxtjg75pspnwz,200000000000000,MEXC
5bee48af6a1650affe41d69f0d4ca22c3c8e69b2803fe4645121d0f7dd5e6cbc,2023-07-18T23:46:01.655000,sent,kaspa:qpjunp39ssazf4rzfxxu0hd35xggfxn6lq0ls9u9q6peevzcmcv4xmv9q4njd,71798778036122,
7b6420c916840581fe13ef10693c00583a399bbe1a62fa6103096847a91bfb94,2023-07-18T23:15:09.600000,received,kaspa:qp5dx9xtvlpgt4ut8uu8anmysvakrzmjmk96x8c7eu2gtzhl9svlzn70gn0qy,145639100000000,
9a00d66471795399bbb51d350c40bbf44bd475ce81c5ca81f5527f8a1c4d5c03,2023-07-17T15:40:49.683000,sent,kaspa:qpzpfwcsqsxhxwup26r55fd0ghqlhyugz8cp6y3wxuddc02vcxtjg75pspnwz,200000000000000,MEXC
9a00d66471795399bbb51d350c40bbf44bd475ce81c5ca81f5527f8a1c4d5c03,2023-07-17T15:40:49.683000,sent,kaspa:qpjunp39ssazf4rzfxxu0hd35xggfxn6lq0ls9u9q6peevzcmcv4xmv9q4njd,194248317211,
8ab4b2d9d91bb2ad90c54f770ec33a8e1b5e8b84eb78c152fb5b397910583ebf,2023-07-17T14:25:11.144000,received,kaspa:qp5dx9xtvlpgt4ut8uu8anmysvakrzmjmk96x8c7eu2gtzhl9svlzn70gn0qy,25000000000000,
3f652570d0ecad00d96e4211a3b2ecc895314fa372277e1ad5fd87843256f99a,2023-05-26T14:25:59.888000,sent,kaspa:qpzpfwcsqsxhxwup26r55fd0ghqlhyugz8cp6y3wxuddc02vcxtjg75pspnwz,200000000000000,MEXC
3f652570d0ecad00d96e4211a3b2ecc895314fa372277e1ad5fd87843256f99a,2023-05-26T14:25:59.888000,sent,kaspa:qpjunp39ssazf4rzfxxu0hd35xggfxn6lq0ls9u9q6peevzcmcv4xmv9q4njd,107202647843,
f9def323e445c79f908e75fa92aa94619ca02bf3592d06e2a2b127406a26723a,2023-05-26T14:10:52.173000,received,kaspa:qqwm38tj7dcxfkn090zd0d5w8uyzrc38jh4u57d2d46uune9vuk0q2wdt99q6,15000000000000,
a4df14d879813abc456a0b3e138ede39867f49a96d965b25fe28e8a70fb547ae,2023-04-29T17:50:35.871000,received,kaspa:qq5r2x5yfuxqn760546xeduwsnsjz6d93klp4u5gsvcnqjsffytg7xeg77lae,28000000000,
1b6a04e0c9c54753bf6d8d843e9fad8f7f754560ba3db1327d885f8798e054b3,2023-03-16T12:20:38.831000,sent,kaspa:qpzpfwcsqsxhxwup26r55fd0ghqlhyugz8cp6y3wxuddc02vcxtjg75pspnwz,100000000000000,MEXC
1b6a04e0c9c54753bf6d8d843e9fad8f7f754560ba3db1327d885f8798e054b3,2023-03-16T12:20:38.831000,sent,kaspa:qpjunp39ssazf4rzfxxu0hd35xggfxn6lq0ls9u9q6peevzcmcv4xmv9q4njd,42796179372722,
c9a15848e3303de8290ea0c7cea15030b774e5fb35010f680423f5d12067ed10,2023-03-15T21:52:50,sent,kaspa:qpzhemp7dx22ckfa85uvgssm0xwvq7mx085jgm3wmfyaqz82y72pwdl8xafks,20540290000000,
c9a15848e3303de8290ea0c7cea15030b774e5fb35010f680423f5d12067ed10,2023-03-15T21:52:50,sent,kaspa:qpjunp39ssazf4rzfxxu0hd35xggfxn6lq0ls9u9q6peevzcmcv4xmv9q4njd,430992363990000,
8ddb7280621dca2c691f569aa697a16b3d5ca1825b38c34ed247c4b8167d2339,2023-03-15T21:51:55.264000,received,kaspa:qz5z99c8lcus8eku2c4xl3882dv925k7sfu932kkxpel8ac67hpvgnvejvy08,451532654000000,
8ddb7280621dca2c691f569aa697a16b3d5ca1825b38c34ed247c4b8167d2339,2023-03-15T21:51:55.264000,received,kaspa:qqpvctmclf4luwq5cuy6faaxpy5zz9xhxm23agz0nhg2xp4m2uj0grddg2e6g,451532654000000,
5d1dac190a59d91bfec71fe631d121ef0981d0fc087ec0409ac744a99e1f2002,2023-03-15T21:51:12.971000,received,kaspa:qrnph55fsepu78g8fzdeef7kmvr0sdg8x8vpr2zzjvn4j7mkvzcckpcg5jt2p,45814455000000,
5d1dac190a59d91bfec71fe631d121ef0981d0fc087ec0409ac744a99e1f2002,2023-03-15T21:51:12.971000,received,kaspa:qreudfwu8ee2kc9kqwmj9cvrxxrqqw58f94lc6cz8z65u5el0tvf7ztj4jdys,45814455000000,
31a6eea37d566f44478ea427ddf96d334f215ad8f7f2196f852155f909d6d060,2023-03-12T10:19:32.954000,sent,kaspa:qqc9vp5x9nuztnjszm4udh37ydryfez5upsdpu3pr0uu0wnn55sp5rzl350e8,11067361000000,
31a6eea37d566f44478ea427ddf96d334f215ad8f7f2196f852155f909d6d060,2023-03-12T10:19:32.954000,sent,kaspa:qpjunp39ssazf4rzfxxu0hd35xggfxn6lq0ls9u9q6peevzcmcv4xmv9q4njd,114802338990000,
d4ae59ed82b7574a6cda0916943137569209dbbce52b2ea20d54cf50eb6580bb,2023-03-12T07:30:47.998000,sent,kaspa:qrfqq4lr6x6ljfe3wq0w3vt97z2n22rwya0h2k336w8gx8qckljuwrvz82klz,5512116000000,
d4ae59ed82b7574a6cda0916943137569209dbbce52b2ea20d54cf50eb6580bb,2023-03-12T07:30:47.998000,sent,kaspa:qpjunp39ssazf4rzfxxu0hd35xggfxn6lq0ls9u9q6peevzcmcv4xmv9q4njd,181420127990000,
14a8193a71e39893693fed66288d1357cd2b4f9a6de992c6e6218932d8682d3e,2023-03-12T02:10:38.562000,sent,kaspa:qrztnzgrxms7pvhqz0kjhflttk52lgt58hz2954pr8pumj3rze2hg49a5ww4n,1364784970307,
14a8193a71e39893693fed66288d1357cd2b4f9a6de992c6e6218932d8682d3e,2023-03-12T02:10:38.562000,sent,kaspa:qpjunp39ssazf4rzfxxu0hd35xggfxn6lq0ls9u9q6peevzcmcv4xmv9q4njd,364283915019693,
b0f612415ae49384f6a75bfb5e6dff6a5c1c000466564eb6065c61007cefe0bb,2023-03-12T01:51:19.953000,received,kaspa:qzwpdkvkfyl8js4l4kzz5pcztggjfnmevdccqvwst0247xd8svtmx7y54mrdm,365648700000000,
fd9f1fd85eeef51127bad99b6796f91f5b48306301721254d89f7d6cbbced264,2023-03-12T01:49:38.421000,received,kaspa:qq4ng6zjqsx2vp32j7kxvryrwms5psvz5lp9u8r5fgfyx07a7m25gkgn8wjr9,186932244000000,
c8f3ac555eacfe9b4d733d0d728b9d040a1d17adeb6e42e28b8bc37f3e2cfed7,2023-03-12T01:43:27.284000,received,kaspa:qq9z4yucql6yclu87d3wkpna6405tak408x9vemyfla9v2h86ttv7cqruzxd6,125869700000000,
c8f3ac555eacfe9b4d733d0d728b9d040a1d17adeb6e42e28b8bc37f3e2cfed7,2023-03-12T01:43:27.284000,received,kaspa:qppr9wgt4vr0c8l3d73vkr9mr4uxfnpm97tml0fav9kpa787pmxkv3k4aefjy,125869700000000,
c8f3ac555eacfe9b4d733d0d728b9d040a1d17adeb6e42e28b8bc37f3e2cfed7,2023-03-12T01:43:27.284000,received,kaspa:qreudfwu8ee2kc9kqwmj9cvrxxrqqw58f94lc6cz8z65u5el0tvf7ztj4jdys,125869700000000,
2d8215d2079bb5e27e473511561ea15401315089f8592f11ebc6e328e64f9d92,2023-03-06T09:31:12.572000,sent,kaspa:qrx4ltlkenyjngg7h5g63jsegq5c8lwmqgtywj05jqukl6mzcmn866vud87l4,19997000000000,
2d8215d2079bb5e27e473511561ea15401315089f8592f11ebc6e328e64f9d92,2023-03-06T09:31:12.572000,sent,kaspa:qpjunp39ssazf4rzfxxu0hd35xggfxn6lq0ls9u9q6peevzcmcv4xmv9q4njd,25601599990000,
2de15a752b9f1aa0d66213c66657fb401c0fd715808c8441ade55aefeb4d1c1f,2023-03-03T18:06:39.588000,received,kaspa:qr4djygrun8q36emth89jny6epw4qwnak2yhslf9huuph28yn3ynvfkrkfc3e,45598600000000,
7dacabebb31df3d17e7c8e840c03cf3e6d4ec9545a4b48e9f70c49f0d5acf33b,2022-11-12T16:31:05.675000,sent,kaspa:qz54kyqutzvdckyk8uz20g5yq80qr8rgnm2x4lkpsa4w6g3k7lwzx5usx6nu4,32960902000000,
7dacabebb31df3d17e7c8e840c03cf3e6d4ec9545a4b48e9f70c49f0d5acf33b,2022-11-12T16:31:05.675000,sent,kaspa:qpjunp39ssazf4rzfxxu0hd35xggfxn6lq0ls9u9q6peevzcmcv4xmv9q4njd,14539097990000,
21b164e18c0364dc9d214f988ea30c5798247eba800c219d4bd59551664ba3e1,2022-09-27T13:33:21.230000,received,kaspa:qqmn6fdre2fqkzwxh5w3e60r7f58ke74mxwngs2kl7xc977g5p6jz7mj6pnsc,47500000000000,
