tx_id,timestamp,direction,peer_address,amount_sompi,cex_label
81e1f45a8a1ae829b51d865a1dcb6ee1f41f25b441c9d1a9bd7b9a45d0dff958,2025-05-14T19:57:54.221000,sent,kaspa:qz2zvcmj2tmttly5x3yg9qpjw2ymyrx2vr4mara3l8j4vnheujmx50n93fmcm,180000000000,
e95be0d4b35177ac2315385a4a4a38a8ace16a2bd419ea07f522efa1c43b2d5f,2025-05-07T22:18:50.594000,sent,kaspa:qz2zvcmj2tmttly5x3yg9qpjw2ymyrx2vr4mara3l8j4vnheujmx50n93fmcm,320000000000,
78148f02c77f05c17fef556dc114210de510a6be55483ed54eccb4d4c48dd776,2025-05-01T07:39:41.433000,received,kaspa:qz2zvcmj2tmttly5x3yg9qpjw2ymyrx2vr4mara3l8j4vnheujmx50n93fmcm,210000000000,
78148f02c77f05c17fef556dc114210de510a6be55483ed54eccb4d4c48dd776,2025-05-01T07:39:41.433000,received,kaspa:qz2zvcmj2tmttly5x3yg9qpjw2ymyrx2vr4mara3l8j4vnheujmx50n93fmcm,210000000000,
78148f02c77f05c17fef556dc114210de510a6be55483ed54eccb4d4c48dd776,2025-05-01T07:39:41.433000,received,kaspa:qz2zvcmj2tmttly5x3yg9qpjw2ymyrx2vr4mara3l8j4vnheujmx50n93fmcm,210000000000,
9a59abbb5491f5cc642a0b83633d2020c9990cdcf6e65685ddee970ac259d752,2025-03-15T00:46:57.993000,sent,kaspa:qz2zvcmj2tmttly5x3yg9qpjw2ymyrx2vr4mara3l8j4vnheujmx50n93fmcm,500000000000,
1f077ada55c9eb2dd9fc58cc4b119d170fcd4ca7070fa78c14a9c004b1169e0e,2025-03-14T20:56:04.621000,sent,kaspa:qz2zvcmj2tmttly5x3yg9qpjw2ymyrx2vr4mara3l8j4vnheujmx50n93fmcm,500000000000,
12ab41905d3cc8f0d8d8af3782d017cee95bedf25dfe7e7547a3b4722eb202ea,2025-03-13T23:54:00.799000,sent,kaspa:qz2zvcmj2tmttly5x3yg9qpjw2ymyrx2vr4mara3l8j4vnheujmx50n93fmcm,500000000000,
e86498c398d550ac74566d4e16aa93d0a34879b0006fac09b965fa27aabbf151,2025-03-13T21:10:11.381000,sent,kaspa:qz2zvcmj2tmttly5x3yg9qpjw2ymyrx2vr4mara3l8j4vnheujmx50n93fmcm,2300000000000,
6fffcfd3d0096e502c8f2d52e083e79763cc86fbce47740969ea5f7acb46eaa2,2025-03-10T15:47:51.720000,sent,kaspa:qz2zvcmj2tmttly5x3yg9qpjw2ymyrx2vr4mara3l8j4vnheujmx50n93fmcm,500000000000,
cced8567929ef9edcd6e72d583bf7d5c599eff85a22217e39c521f32deea3a62,2025-03-06T21:59:03.338000,sent,kaspa:qz2zvcmj2tmttly5x3yg9qpjw2ymyrx2vr4mara3l8j4vnheujmx50n93fmcm,200000000000,
8cc465b3ded9d6d38cc87ba5a180a7bd332e80d7914177287ef2908c29e656e1,2025-03-06T21:35:18.203000,sent,kaspa:qz2zvcmj2tmttly5x3yg9qpjw2ymyrx2vr4mara3l8j4vnheujmx50n93fmcm,300000000000,
b87263d7b4d24c37fb914d8128785b2773544bebac8b5279457884e5cb263875,2025-02-06T21:48:53.361000,sent,kaspa:qz2zvcmj2tmttly5x3yg9qpjw2ymyrx2vr4mara3l8j4vnheujmx50n93fmcm,210000000000,
9f2bccff88528253345a6286e8425850c0dedcba3699ee3f6e0307dac3ec37d2,2025-02-06T19:51:18.839000,sent,kaspa:qz2zvcmj2tmttly5x3yg9qpjw2ymyrx2vr4mara3l8j4vnheujmx50n93fmcm,200000000000,
cf67377e4ab98bc3118425832d5ee3ef5524aff885c0cd3565d0011cf2618fc5,2025-02-06T10:57:49.351000,sent,kaspa:qrmd0wztcrsxctrvppdtqrdj7xlu7hatadtchy8dvdxyjq20sssmslctxrfhn,15000000000000,
5a086aad8db1c21edb317a3e93e78147560672be44730abf88acce1acf886a7b,2025-01-20T10:17:49.694000,sent,kaspa:qrmd0wztcrsxctrvppdtqrdj7xlu7hatadtchy8dvdxyjq20sssmslctxrfhn,4500000000000,
542bcbaa8c18344ea2c6a517239f4c792d9738e16514ac462f2e06310314ff08,2024-12-20T11:55:28.838000,sent,kaspa:qqu4xvpgurp5wkj2ka8da3k7nnnkqyumr52xauexggvy43zpdrayghz6ndez0,500000000000,
01bac325d94a4621edf589afa8187f125d982f7302cc0f7b0c3e218e036a897f,2024-10-28T10:47:05.166000,sent,kaspa:qqr5stjh6rsp79tstf9zjw4smvmynr5gugxxkr5q7lpmafhc2964v80yasz9m,10000000000000,
01bac325d94a4621edf589afa8187f125d982f7302cc0f7b0c3e218e036a897f,2024-10-28T10:47:05.166000,sent,kaspa:qqr5stjh6rsp79tstf9zjw4smvmynr5gugxxkr5q7lpmafhc2964v80yasz9m,10000000000000,
01bac325d94a4621edf589afa8187f125d982f7302cc0f7b0c3e218e036a897f,2024-10-28T10:47:05.166000,sent,kaspa:qqr5stjh6rsp79tstf9zjw4smvmynr5gugxxkr5q7lpmafhc2964v80yasz9m,10000000000000,
01bac325d94a4621edf589afa8187f125d982f7302cc0f7b0c3e218e036a897f,2024-10-28T10:47:05.166000,sent,kaspa:qqr5stjh6rsp79tstf9zjw4smvmynr5gugxxkr5q7lpmafhc2964v80yasz9m,10000000000000,
f4fb1016ec3118c2a300277cec67043227ba5b9caabb6d98d55c3608aa585add,2024-10-05T11:39:42.761000,received,kaspa:qz2zvcmj2tmttly5x3yg9qpjw2ymyrx2vr4mara3l8j4vnheujmx50n93fmcm,60000000000,
1007c32111cf1bb92165fb1a8c32ba5109e5e6ddd66ddf16682baab8b7a0ae55,2024-10-05T11:37:48.324000,received,kaspa:qz2zvcmj2tmttly5x3yg9qpjw2ymyrx2vr4mara3l8j4vnheujmx50n93fmcm,2000000000000,
ba114f5405b7c369ef88b29626315ddd1c27da7d9183ce9456d5e9020b7c65b1,2024-09-28T09:25:36.986000,received,kaspa:qrelgny7sr3vahq69yykxx36m65gvmhryxrlwngfzgu8xkdslum2yxjp3ap8m,31780771931840,Gate.io
356fb069dd2e6dfdcd205761ddbcf5c84b914f8ac51a4ac28b7353a6ab9fa489,2024-09-28T09:08:08.379000,received,kaspa:qq3k4du6wf2g26j7ds6fqmgtgavgm3zy676wntp2e52nsuns2n4s6xkndmx0y,16167041779846,
356fb069dd2e6dfdcd205761ddbcf5c84b914f8ac51a4ac28b7353a6ab9fa489,2024-09-28T09:08:08.379000,received,kaspa:qpq94ntnvy8p9q6wrdwtn37xtspgashrydc0kuu8ctpyxulmh0wlxh2807zdh,16167041779846,
e40cd4b494a164bb35f27bf18c88247d14a9e23d0979e51fa847c03b9d46ca29,2024-08-25T12:04:40.063000,sent,kaspa:qrmd0wztcrsxctrvppdtqrdj7xlu7hatadtchy8dvdxyjq20sssmslctxrfhn,24067341779846,
ad2f8017d91544320d0a288d5556acbf13351867b2344ec7bf23637c715fae6b,2024-08-25T12:03:32.679000,sent,kaspa:qqr5stjh6rsp79tstf9zjw4smvmynr5gugxxkr5q7lpmafhc2964v80yasz9m,24500000000000,
b75054fe70a5417e07f0426dd1d45b53154a527e73512f125a15ef3ff625510f,2024-08-25T11:44:16.158000,sent,kaspa:qqr5stjh6rsp79tstf9zjw4smvmynr5gugxxkr5q7lpmafhc2964v80yasz9m,500000000000,
bb1134b14c0fef84dc13ae17612687bf7f0e40ea4a4d82a4b5623451dbb2786f,2024-06-07T13:10:20.270000,sent,kaspa:qqr5stjh6rsp79tstf9zjw4smvmynr5gugxxkr5q7lpmafhc2964v80yasz9m,10000000000000,
752970be1a1f253557de64d062d9ade4b4c009c411da6fd81b548cfdfb6999c4,2024-06-07T12:32:51.208000,sent,kaspa:qqr5stjh6rsp79tstf9zjw4smvmynr5gugxxkr5q7lpmafhc2964v80yasz9m,1000000000,
6a2f04245c5e6f0ddfecac9018e1970d37c55d49b362dd24fc90332ddc7b4310,2024-04-26T11:49:35.028000,sent,kaspa:qr4s0zf3rxj0uzzzpjr44z7gly0xv3p8qtjfzkre36yq79x05xyvzlmmsjtne,25000000000,
5b2160f294a935f55a9803e6b90ace928c5d0daccf4c95427c0075e13dc25fa6,2024-04-23T17:18:30.498000,sent,kaspa:qrmd0wztcrsxctrvppdtqrdj7xlu7hatadtchy8dvdxyjq20sssmslctxrfhn,3600000000000,
5b2160f294a935f55a9803e6b90ace928c5d0daccf4c95427c0075e13dc25fa6,2024-04-23T17:18:30.498000,sent,kaspa:qrmd0wztcrsxctrvppdtqrdj7xlu7hatadtchy8dvdxyjq20sssmslctxrfhn,3600000000000,
5b2160f294a935f55a9803e6b90ace928c5d0daccf4c95427c0075e13dc25fa6,2024-04-23T17:18:30.498000,sent,kaspa:qrmd0wztcrsxctrvppdtqrdj7xlu7hatadtchy8dvdxyjq20sssmslctxrfhn,3600000000000,
d4ad8a3299b86c559329dddd16829a558123410721c944cf165f729c463da41c,2024-03-28T21:24:46.798000,received,kaspa:qru6qv0wyf7sl7qtwqkx7c03yhs244c2nwavxaszhrm8rmk5dtlvwztc5arzk,27624123094,
d4ad8a3299b86c559329dddd16829a558123410721c944cf165f729c463da41c,2024-03-28T21:24:46.798000,received,kaspa:qru6qv0wyf7sl7qtwqkx7c03yhs244c2nwavxaszhrm8rmk5dtlvwztc5arzk,27624123094,
d8fb7493d57165450ee53446c6b263614d30c7d29648a5679718180b78bf2d42,2024-03-27T06:36:03.517000,received,kaspa:qpq94ntnvy8p9q6wrdwtn37xtspgashrydc0kuu8ctpyxulmh0wlxh2807zdh,12612144160000,
5cc2918ba10855ea3f7edd1fe7417ee9ea6fc1e9908f0848e18145a8752fc73d,2024-02-17T00:43:45.217000,sent,kaspa:qrmd0wztcrsxctrvppdtqrdj7xlu7hatadtchy8dvdxyjq20sssmslctxrfhn,24400000000000,
fd8adb045aea4ab3c4daa1f84f3d93d68a5d17caa3a6fc6cc0f56beedbd60a4e,2024-02-07T15:08:26.604000,sent,kaspa:qrmd0wztcrsxctrvppdtqrdj7xlu7hatadtchy8dvdxyjq20sssmslctxrfhn,30000000000000,
11f8e0208793518312ff797e2c950d203509faa03dbbfaf08a64dd12a84e0dbe,2024-02-07T14:42:23.442000,sent,kaspa:qrmd0wztcrsxctrvppdtqrdj7xlu7hatadtchy8dvdxyjq20sssmslctxrfhn,1000000000,
11f8e0208793518312ff797e2c950d203509faa03dbbfaf08a64dd12a84e0dbe,2024-02-07T14:42:23.442000,sent,kaspa:qrmd0wztcrsxctrvppdtqrdj7xlu7hatadtchy8dvdxyjq20sssmslctxrfhn,1000000000,
11f8e0208793518312ff797e2c950d203509faa03dbbfaf08a64dd12a84e0dbe,2024-02-07T14:42:23.442000,sent,kaspa:qrmd0wztcrsxctrvppdtqrdj7xlu7hatadtchy8dvdxyjq20sssmslctxrfhn,1000000000,
b07275e1e55aeb04e10ada69652660ed11709bbd8c0a838f23b4d856a7cb6147,2024-01-03T18:48:07.281000,received,kaspa:qq3k4du6wf2g26j7ds6fqmgtgavgm3zy676wntp2e52nsuns2n4s6xkndmx0y,14968117170000,
a03874cd4425dddee9722fe22ba9281e846968db33158954fb44b6018d2cd242,2024-01-03T18:47:19.611000,received,kaspa:qrelgny7sr3vahq69yykxx36m65gvmhryxrlwngfzgu8xkdslum2yxjp3ap8m,9470053734000,Gate.io
4d2b880cffd8b458ffe0bb9929b4ea61fc07310c81f74b1c81d852787b774906,2023-12-26T12:30:42.434000,sent,kaspa:qqr5stjh6rsp79tstf9zjw4smvmynr5gugxxkr5q7lpmafhc2964v80yasz9m,10000000000000,
84ae8cd0ee337ec0b290d39f55267f2b19fdffd9c5d4029002e791c1cd73536c,2023-12-26T12:06:21.655000,sent,kaspa:qqr5stjh6rsp79tstf9zjw4smvmynr5gugxxkr5q7lpmafhc2964v80yasz9m,10000000000,
a4ab88e4c2f9bb758f67f7d785caad5e94a5fe2ff8314a715e052fd9d0109f48,2023-12-14T15:02:42.033000,sent,kaspa:qqu4xvpgurp5wkj2ka8da3k7nnnkqyumr52xauexggvy43zpdrayghz6ndez0,400000000000,
a4ab88e4c2f9bb758f67f7d785caad5e94a5fe2ff8314a715e052fd9d0109f48,2023-12-14T15:02:42.033000,sent,kaspa:qqu4xvpgurp5wkj2ka8da3k7nnnkqyumr52xauexggvy43zpdrayghz6ndez0,400000000000,
a4ab88e4c2f9bb758f67f7d785caad5e94a5fe2ff8314a715e052fd9d0109f48,2023-12-14T15:02:42.033000,sent,kaspa:qqu4xvpgurp5wkj2ka8da3k7nnnkqyumr52xauexggvy43zpdrayghz6ndez0,400000000000,
14d28db2ec78cb9c86e7b8fad8bee72ecfcb03c1e3bae40e71a7481716a13e51,2023-12-09T00:44:07.492000,received,kaspa:qqetp7ct8kqss99fxmymyz5t3fezppxp0t58wl6pawp27elqd46uudme00cl0,319309000000,
232b8d1a2d7aea42338d8b85d8c8bc6afe4c4846d9b0a74b3f69353674b08dc3,2023-12-07T11:16:04.245000,received,kaspa:qyp70qht6pjqk2yl6cwl2n296pgcnwmtj8w0clcle08m5p8yu4tg7kgvv4n0qrg,171000000,
aad41718523591852ddebf6b6cdb3f87770a8a3ffbd87e67e1779da59c0aa2b4,2023-11-22T09:24:48.256000,sent,kaspa:qqfkuxs7qpcykg4xc386skgue9xzgyufe6u7wluvk8jtvnmtfwz0xfwysz3xp,10000000000,
1eced9ad89b437ffd8318c9a1eb7b5e50d437de6e522ea8ca1aea1fd61f1961f,2023-11-17T18:50:01.012000,sent,kaspa:qyp8c96cckl2dxuts8ygaxgp4ftv0uw44qqc60dsp2fr7jpcu90z7yqcxwpvshr,20000000,
1eced9ad89b437ffd8318c9a1eb7b5e50d437de6e522ea8ca1aea1fd61f1961f,2023-11-17T18:50:01.012000,sent,kaspa:qyp8c96cckl2dxuts8ygaxgp4ftv0uw44qqc60dsp2fr7jpcu90z7yqcxwpvshr,20000000,
1eced9ad89b437ffd8318c9a1eb7b5e50d437de6e522ea8ca1aea1fd61f1961f,2023-11-17T18:50:01.012000,sent,kaspa:qyp8c96cckl2dxuts8ygaxgp4ftv0uw44qqc60dsp2fr7jpcu90z7yqcxwpvshr,20000000,
1eced9ad89b437ffd8318c9a1eb7b5e50d437de6e522ea8ca1aea1fd61f1961f,2023-11-17T18:50:01.012000,sent,kaspa:qyp8c96cckl2dxuts8ygaxgp4ftv0uw44qqc60dsp2fr7jpcu90z7yqcxwpvshr,20000000,
eadbaada633d5121e47dede9731b5a63e7c98fc7cbdde83470e993f071b6077f,2023-11-09T17:02:42.386000,received,kaspa:qqetp7ct8kqss99fxmymyz5t3fezppxp0t58wl6pawp27elqd46uudme00cl0,1017605000000,
d76cdab2c9fbe8cd05cabfe571a258e007ea1f278653c0077818d1c23a05ec63,2023-10-04T18:12:08.004000,received,kaspa:qqetp7ct8kqss99fxmymyz5t3fezppxp0t58wl6pawp27elqd46uudme00cl0,4825504000000,
a9d12f784331c2fca357af2b46cd0c8abadd631119bfb0053fe35f363348bd1f,2023-09-20T11:24:36.724000,received,kaspa:qq3k4du6wf2g26j7ds6fqmgtgavgm3zy676wntp2e52nsuns2n4s6xkndmx0y,84267833832752,
f04f4354cbaf74ec08775271d278e1d9051a2a39b3d45e71d9d62bd0e213e323,2023-09-20T11:19:37.717000,received,kaspa:qq3k4du6wf2g26j7ds6fqmgtgavgm3zy676wntp2e52nsuns2n4s6xkndmx0y,6000000000,
