tx_id,timestamp,direction,peer_address,amount_sompi,cex_label
baf2c17544ec063ae966e559ce4ac43f7af3141a72caaace3ad0fcee7554fe33,2023-12-16T05:15:33.020000,sent,kaspa:qzslgwenzu78t6tldlng383g7ruu4enaljmnkgaulyrscjp7ldt26x8gfxck5,171940000,
baf2c17544ec063ae966e559ce4ac43f7af3141a72caaace3ad0fcee7554fe33,2023-12-16T05:15:33.020000,sent,kaspa:qzslgwenzu78t6tldlng383g7ruu4enaljmnkgaulyrscjp7ldt26x8gfxck5,171940000,
7b5b0e4f169ddc9a417718cc29c2d8ecdae5854eb2e0064765fa395bc59c9d7c,2023-12-13T05:21:09.195000,received,kaspa:qypswxtcrv4ssyjaswy5w9387vq73mkuyq85tl34cee6qn5uexqy0csgnafnjx7,171000000,
5156863c7f5717c577c921d66d2a7ea524b6804befc39e93559ca253fb276a6b,2023-11-29T21:19:03.139000,sent,kaspa:qypf9su3ehy88ujzr4mg86cgw9fg5v0e9f52wxd73znhuye2zyfgpks22j4lvdc,18000000,
1039d21e84e0bac42fc1a2fb927dd4dc2f764dde6453bb1698f64eb408d5b21d,2023-11-29T04:00:07.007000,received,kaspa:qp4u3g6z0559q488y8qx8eq7kxhtqlx5kveyphtskn5zdgrtlx02vrjhcj6e2,19000000,
