tx_id,timestamp,direction,peer_address,amount_sompi,cex_label
bdb43a9d31925d7b602c798db4c14a5c9af0e50a017a295375b840b1bc05e86a,2023-12-16T04:10:35.569000,sent,kaspa:qzslgwenzu78t6tldlng383g7ruu4enaljmnkgaulyrscjp7ldt26x8gfxck5,171940000,
bdb43a9d31925d7b602c798db4c14a5c9af0e50a017a295375b840b1bc05e86a,2023-12-16T04:10:35.569000,sent,kaspa:qzslgwenzu78t6tldlng383g7ruu4enaljmnkgaulyrscjp7ldt26x8gfxck5,171940000,
6bf4267e7a2d8f78142ebe70706fde3b81300fb53c421dec2d0ceff33c1dbf6b,2023-12-12T09:35:10.144000,received,kaspa:qypswxtcrv4ssyjaswy5w9387vq73mkuyq85tl34cee6qn5uexqy0csgnafnjx7,171000000,
81f8ce2fbabf2e42af85a18c8b2894568585ffa9139171d36ab4ec640f558c39,2023-11-28T13:36:40.255000,sent,kaspa:qypfh3fzt2nauzr6jr4eqap3jywy4eyaa7u27qfg6c6sl3qnz0q7k2sxalyze4t,18000000,
d016583528d6da14940cb65a55df4bc6a7a4399c5a87ad624d8ac05b5e2954e9,2023-11-27T07:09:17.154000,received,kaspa:qznsqyf0c6lpntrap2url6fu7vjep5qcq6q47lg25zhv5d3dpkv5wjejk2su4,19000000,
