tx_id,timestamp,direction,peer_address,amount_sompi,cex_label
f489a43ff542010a1b629c366ebb169f8b0d996108b375a8b615bb584181c7da,2023-12-29T06:04:13.706000,sent,kaspa:qqnfp8llsqpfyumesjfy3dkxjuwh87xad5rrtqr8rmkazt9rj3jxg88kunpt2,79999980000,
f489a43ff542010a1b629c366ebb169f8b0d996108b375a8b615bb584181c7da,2023-12-29T06:04:13.706000,sent,kaspa:qqnfp8llsqpfyumesjfy3dkxjuwh87xad5rrtqr8rmkazt9rj3jxg88kunpt2,79999980000,
a6231b97212fc6a0a469fc73543cb25f8313ce13712c8ce6d0036c44343621e6,2023-12-19T14:28:46.266000,received,kaspa:qplj0xdafvpt0u9tkwereeflhnx26um6f0t44vx3vw54n606mcfpwe83g2a6a,50000000000,
6663d21a0bc73ee3a943723c8cf7e3ee830431239e51e5403136568445d8d648,2023-12-13T15:08:07.551000,received,kaspa:qrvum29vk365g0zcd5gx3c7h829etfq2ytdmscjzw4zw04fjfnprcg9c3tges,30000000000,
