tx_id,timestamp,direction,peer_address,amount_sompi,cex_label
6e38da83b7759d3d39e2c29a32bee3beab98a3f572bf345845eda4c66a0c0af6,2023-12-16T03:15:54.273000,sent,kaspa:qzslgwenzu78t6tldlng383g7ruu4enaljmnkgaulyrscjp7ldt26x8gfxck5,171940000,
6e38da83b7759d3d39e2c29a32bee3beab98a3f572bf345845eda4c66a0c0af6,2023-12-16T03:15:54.273000,sent,kaspa:qzslgwenzu78t6tldlng383g7ruu4enaljmnkgaulyrscjp7ldt26x8gfxck5,171940000,
80beb713c8f3b28e3b7979c30c9bf2edf66e03296dd16a5f0c79eacd9423f0af,2023-12-12T00:10:46.790000,received,kaspa:qypswxtcrv4ssyjaswy5w9387vq73mkuyq85tl34cee6qn5uexqy0csgnafnjx7,171000000,
ea6a77e0183ec49dc08355badaa04cf710f3f87c3060c96c7466b1e1565097bd,2023-11-27T14:16:56.827000,sent,kaspa:qyp6rkafwhkzhpjz5d4e4ty9ww9jhmlp4fgcqztzw9euy9wvpvxm0rsqg37ekyk,18000000,
97caa91656422a242f8551ece3fd60808037acd9c6f674f4b5913b4bb102e943,2023-11-27T07:19:53.007000,received,kaspa:qpcj4v4l03pdcs68wsrv79zzsuucmvvvf5989w79ey4mjfgskn9qgl20lyc7y,19000000,
