tx_id,timestamp,direction,peer_address,amount_sompi,cex_label
a4a3f6eeb94145d15b80574c528c4fc37edaa894d7c23050a974ac1e99fddb03,2023-12-16T04:53:43.200000,sent,kaspa:qzslgwenzu78t6tldlng383g7ruu4enaljmnkgaulyrscjp7ldt26x8gfxck5,171940000,
a4a3f6eeb94145d15b80574c528c4fc37edaa894d7c23050a974ac1e99fddb03,2023-12-16T04:53:43.200000,sent,kaspa:qzslgwenzu78t6tldlng383g7ruu4enaljmnkgaulyrscjp7ldt26x8gfxck5,171940000,
0d255361a831451b76e13aaade2db0780b0ceeaad9f47f8afe98830d52b9a7c3,2023-12-13T01:21:02.586000,received,kaspa:qypswxtcrv4ssyjaswy5w9387vq73mkuyq85tl34cee6qn5uexqy0csgnafnjx7,171000000,
8ce8e49ccb7f19602cfb0898dbee62a1a6ac01a050e62bc7f27c47e7b5f96df7,2023-11-29T17:01:48.953000,sent,kaspa:qypmnev30r0ncaxl7jghu0p2lc82wtxkdnxm4kdnfd7dllcueadxkmgzz856lns,18000000,
59d1396caf486f611fb11c9efd4b42fe28a74c7f4496a966456d967c13067107,2023-11-29T02:20:33.733000,received,kaspa:qz2mfwckqf336hmfsmq2wesgv3up3emyec0yvszzk8g03pj05qr5u7pet9th0,19000000,
