tx_id,timestamp,direction,peer_address,amount_sompi,cex_label
783513eec9124ca65262373bb76c80b7580915ee76a20391bcae7beadfa373c6,2023-12-16T04:52:08.399000,sent,kaspa:qzslgwenzu78t6tldlng383g7ruu4enaljmnkgaulyrscjp7ldt26x8gfxck5,171940000,
783513eec9124ca65262373bb76c80b7580915ee76a20391bcae7beadfa373c6,2023-12-16T04:52:08.399000,sent,kaspa:qzslgwenzu78t6tldlng383g7ruu4enaljmnkgaulyrscjp7ldt26x8gfxck5,171940000,
586b629c80537ebfbbf1ce3ccca08dced1268897649c13ee8c8b809430d9f1e2,2023-12-12T19:41:16.036000,received,kaspa:qypswxtcrv4ssyjaswy5w9387vq73mkuyq85tl34cee6qn5uexqy0csgnafnjx7,171000000,
704aeb7c87fe4d8e24323b240e31a6cd33727cf74608c8cda542670124591e5e,2023-11-29T09:35:16.588000,sent,kaspa:qyppu9d94qkutdtdhdzevj3pmkxpsqgvtfnxw6yh4nvznxjvt5n9ejsmhf2gwwr,18000000,
85985611da79b958df81bb509820ca973aa72d42977f642513b1b0989516e40f,2023-11-29T03:33:32.319000,received,kaspa:qzc6tgr7ct50lg548lvcu88t7ee7zgmt6pc5ska3l5ltjn7uyufdjx2h45tfz,19000000,
