tx_id,timestamp,direction,peer_address,amount_sompi,cex_label
58093f0ba8f664da05dc1cb35b35a15fccdeebfc9262e874b48c50178e430f69,2023-12-20T10:27:08.280000,sent,kaspa:qrkaxvl2tw6pq6zx9xrr9lqnt9x72upf0hsrp3cvgcmfz77m50ycua35nz200,172970000,
58093f0ba8f664da05dc1cb35b35a15fccdeebfc9262e874b48c50178e430f69,2023-12-20T10:27:08.280000,sent,kaspa:qrkaxvl2tw6pq6zx9xrr9lqnt9x72upf0hsrp3cvgcmfz77m50ycua35nz200,172970000,
d8252339006113d2c41698d19665e78ae6a27e46b3418cb80c77a0a31dd62d4b,2023-12-12T20:51:36.019000,received,kaspa:qypswxtcrv4ssyjaswy5w9387vq73mkuyq85tl34cee6qn5uexqy0csgnafnjx7,171000000,
4d79315ae4248b3efb332c4f6906a59f199ee9cb7b4a969699bcbc5e604a8074,2023-11-29T11:33:21.068000,sent,kaspa:qyprywpu608nn7h06lfzmrftqh36tqtlmg40kjylhxlxetjwsl6u7cs3z45dnmd,18000000,
a689c0321c1ffbe2014e7ca9fca5d3ed60d4aba04ab5245c3ea216e3f3f42c07,2023-11-28T08:55:19.492000,received,kaspa:qq8gaapcdg3y7nnqem7wkz4qjuyhyyf9vexrfys0kr2kpsjuhu0jjzsqjahna,20000000,
