tx_id,timestamp,direction,peer_address,amount_sompi,cex_label
43b13f7904fc3cd13119703ea8321b34f52684930ce75b14bdd2e872e97c27ab,2023-11-28T15:50:32.917000,sent,kaspa:qr7vrlhgekw9efxgfq09ca3wqcxlslgxndcpk77pguu2usaa9aa27lhuunewj,1733424967908,
46ddf8cd0951e380d8b3f49b4594e8d68d9ec037f1f66b1b0903345fe41562de,2023-11-28T15:44:12.228000,received,kaspa:qz7qy4tpwxg4gu008uztgx8kmwedt0gtvmvl29p6522czyppdeya6fp4x3qr3,1733424970908,
59bd13270e20109b2cba4934e2355b3cf986269d8eba00d734981564dd73cd14,2023-11-15T21:26:22.409000,sent,kaspa:qr7vrlhgekw9efxgfq09ca3wqcxlslgxndcpk77pguu2usaa9aa27lhuunewj,105422178415,
c983cc2bbef9193cba30200247e526b3b2f548849feb6392f1cab2935ee614f8,2023-11-15T21:20:50.032000,received,kaspa:qqwvnkp47wsj6n4hkdlgj8dsauyx0xvefunnwvvsmpq2udd0ka8ckmpuqw3k5,105422181415,
c983cc2bbef9193cba30200247e526b3b2f548849feb6392f1cab2935ee614f8,2023-11-15T21:20:50.032000,received,kaspa:qqwvnkp47wsj6n4hkdlgj8dsauyx0xvefunnwvvsmpq2udd0ka8ckmpuqw3k5,105422181415,
db4e255588944f02a175bcaa8c2d8476ef5de8bbdf399e29ee1c3a0f4ec34aab,2023-11-15T21:14:21.162000,sent,kaspa:qr7vrlhgekw9efxgfq09ca3wqcxlslgxndcpk77pguu2usaa9aa27lhuunewj,11200255530241,
db4e255588944f02a175bcaa8c2d8476ef5de8bbdf399e29ee1c3a0f4ec34aab,2023-11-15T21:14:21.162000,sent,kaspa:qr7vrlhgekw9efxgfq09ca3wqcxlslgxndcpk77pguu2usaa9aa27lhuunewj,11200255530241,
db4e255588944f02a175bcaa8c2d8476ef5de8bbdf399e29ee1c3a0f4ec34aab,2023-11-15T21:14:21.162000,sent,kaspa:qr7vrlhgekw9efxgfq09ca3wqcxlslgxndcpk77pguu2usaa9aa27lhuunewj,11200255530241,
db4e255588944f02a175bcaa8c2d8476ef5de8bbdf399e29ee1c3a0f4ec34aab,2023-11-15T21:14:21.162000,sent,kaspa:qr7vrlhgekw9efxgfq09ca3wqcxlslgxndcpk77pguu2usaa9aa27lhuunewj,11200255530241,
a7a4b6af3f5e76fc8826e8993a569f8086f3e7b354dab3c0e1b57a2abf87b883,2023-11-15T21:13:29.917000,received,kaspa:qqwvnkp47wsj6n4hkdlgj8dsauyx0xvefunnwvvsmpq2udd0ka8ckmpuqw3k5,5199255542241,
a7a4b6af3f5e76fc8826e8993a569f8086f3e7b354dab3c0e1b57a2abf87b883,2023-11-15T21:13:29.917000,received,kaspa:qqwvnkp47wsj6n4hkdlgj8dsauyx0xvefunnwvvsmpq2udd0ka8ckmpuqw3k5,5199255542241,
a7a4b6af3f5e76fc8826e8993a569f8086f3e7b354dab3c0e1b57a2abf87b883,2023-11-15T21:13:29.917000,received,kaspa:qqwvnkp47wsj6n4hkdlgj8dsauyx0xvefunnwvvsmpq2udd0ka8ckmpuqw3k5,5199255542241,
967f8fe416584a1d41a109896917fe0028b328823e3e064142833b7510c73901,2023-11-15T21:10:47.949000,received,kaspa:qqcawwvc0rdrkqpu248y9x20hkuezhd7c58e2xek6rplvqw02nzmc9eyrt2uf,5000000000000,
2d7909f65645791f9dfd315c4830d95e1be22a2160c9016262cbc74e193d55b6,2023-11-15T21:08:57.100000,received,kaspa:qqcawwvc0rdrkqpu248y9x20hkuezhd7c58e2xek6rplvqw02nzmc9eyrt2uf,1000000000000,
ac9cb8f0e47a376431576c8a96d139b3ebae4068cbac5bfd4a6ec98e1f7db566,2023-11-15T17:44:41.952000,received,kaspa:qqcawwvc0rdrkqpu248y9x20hkuezhd7c58e2xek6rplvqw02nzmc9eyrt2uf,1000000000,
