tx_id,timestamp,direction,peer_address,amount_sompi,cex_label
d5a83c4733be0aeb510d08ff2a918ecc25b21cb73ebe096584ac181cde86874b,2023-10-11T04:20:39.330000,sent,kaspa:qznvtcjl2vnvxanp75mk2gwj4kvmd3q8hllu8y99jm5px4zt7v8g5qf05f366,46505688426,
a707bb7068c5281a6ef3ba52b3a889ebace6dcaa43d66e2ca7c2aa10ab302bdf,2023-10-07T09:29:03.485000,received,kaspa:qqetp7ct8kqss99fxmymyz5t3fezppxp0t58wl6pawp27elqd46uudme00cl0,46379000000,
ac9db6f85576fbbb6e7e678d4f407ae429a922f8a3e72af40176619660a08691,2023-09-13T09:20:52.613000,sent,kaspa:qypvuuedsr43c9txedvmdwxgcxh35m4narjxz7f74a5c86tnj5734wq5mxm5kgf,500000000000,
ac9db6f85576fbbb6e7e678d4f407ae429a922f8a3e72af40176619660a08691,2023-09-13T09:20:52.613000,sent,kaspa:qr6xtrgg0dh0jsshte4zzf7nk0emlugahha3r6549k9r4qqhl8uc5f0vycnf0,156306990000,
eca463fa1231c99a589d4dca10f98d0c69b4d98bcdb095abd59aa109e8acf350,2023-09-13T06:49:02.281000,received,kaspa:qqetp7ct8kqss99fxmymyz5t3fezppxp0t58wl6pawp27elqd46uudme00cl0,656307000000,
63a8612df7253a5162057d229f88a9614fabef9b30a93f9eab52e739bcd0ac3d,2023-08-12T10:45:55.664000,sent,kaspa:qznvtcjl2vnvxanp75mk2gwj4kvmd3q8hllu8y99jm5px4zt7v8g5qf05f366,22800000000,
63a8612df7253a5162057d229f88a9614fabef9b30a93f9eab52e739bcd0ac3d,2023-08-12T10:45:55.664000,sent,kaspa:qr7lpka9fa3d03djua8cudhgrmjy5xyl0hte40ztwn4ct6lv7hjdqwf2dvfzh,100009990000,
f6c639ea8e4a638179ef356c25d335c60e81d86e9bd039b99d06feb2dffb475b,2023-08-12T10:18:04.712000,received,kaspa:qqetp7ct8kqss99fxmymyz5t3fezppxp0t58wl6pawp27elqd46uudme00cl0,122810000000,
