tx_id,timestamp,direction,peer_address,amount_sompi,cex_label
1308754a4b8113458e3dc17528d23b5d60cdffe0adbbb92a2ed0398ed38ebfef,2023-12-16T03:59:23.906000,sent,kaspa:qzslgwenzu78t6tldlng383g7ruu4enaljmnkgaulyrscjp7ldt26x8gfxck5,171940000,
1308754a4b8113458e3dc17528d23b5d60cdffe0adbbb92a2ed0398ed38ebfef,2023-12-16T03:59:23.906000,sent,kaspa:qzslgwenzu78t6tldlng383g7ruu4enaljmnkgaulyrscjp7ldt26x8gfxck5,171940000,
99020de0159858e0d7d862a775ffac07e6d535edd23c3727fda5434529ff2fd5,2023-12-12T00:55:28.870000,received,kaspa:qypswxtcrv4ssyjaswy5w9387vq73mkuyq85tl34cee6qn5uexqy0csgnafnjx7,171000000,
de4a71003c22ecb0da42cb58f315984b7a77b10567d7372c36709e4ea66e6529,2023-11-27T15:25:15.687000,sent,kaspa:qypnuxh0mjxx2g9mncsl468d3l37qajutnfm0czq8je3l2mkpzjesvc72znfaav,18000000,
380ac2d66ac326242dc28e90ea1e3526c2d3efbbb653f307ca81d8cc459a5d99,2023-11-27T08:34:45.676000,received,kaspa:qpw309ql97qqj6zc80wuq0pw64sw4n2l0jhq3lpx7amn38z4s02tj0dhumqnq,19000000,
