tx_id,timestamp,direction,peer_address,amount_sompi,cex_label
26aea748bc7554a764162600b572f5b7722fca4d7e73f49bfbd52ab8a91b9102,2025-03-18T03:47:02.650000,sent,kaspa:qrfl7n4wx0yvtjeq5at6cfj34ay96zd3w9j332x6yv6fwxacapstv4a5p58k4,680376985310,
889957252f6d5de64c6142ac252ecc0d300c860ac7626167e963588c25769fff,2025-02-17T03:36:47.326000,sent,kaspa:qrfl7n4wx0yvtjeq5at6cfj34ay96zd3w9j332x6yv6fwxacapstv4a5p58k4,346405384525,
e7c9fa9b36eb3144e5bfee40238b04aa8f488402655f09c7b650c5e6a04ad19e,2025-01-30T04:21:22.194000,sent,kaspa:qrfl7n4wx0yvtjeq5at6cfj34ay96zd3w9j332x6yv6fwxacapstv4a5p58k4,7925137359707,
d8c90419c850621a9414a40e14047b207b0b8a17eb69502a91531efd13dd1b2b,2025-01-13T04:03:40.829000,sent,kaspa:qrfl7n4wx0yvtjeq5at6cfj34ay96zd3w9j332x6yv6fwxacapstv4a5p58k4,450000000000,
d8c90419c850621a9414a40e14047b207b0b8a17eb69502a91531efd13dd1b2b,2025-01-13T04:03:40.829000,sent,kaspa:qrfl7n4wx0yvtjeq5at6cfj34ay96zd3w9j332x6yv6fwxacapstv4a5p58k4,450000000000,
3ffa7c7fe934345b8f34086b6b350cfaaa283c803cf29cf6c4d588209943c3ee,2024-06-09T07:31:05.245000,received,kaspa:qq3k4du6wf2g26j7ds6fqmgtgavgm3zy676wntp2e52nsuns2n4s6xkndmx0y,3309551690000,
9576cb63ef400763bd3e47793595adaf3b99850b5f812b575fd9c14f2b3d546e,2024-02-20T15:30:39.059000,sent,kaspa:qr9k4yqs3pte2maxs33m9xte5srnmdx3vy3tgnjml4d4l25wrmddulml9z6rw,900000000000,
9576cb63ef400763bd3e47793595adaf3b99850b5f812b575fd9c14f2b3d546e,2024-02-20T15:30:39.059000,sent,kaspa:qr9k4yqs3pte2maxs33m9xte5srnmdx3vy3tgnjml4d4l25wrmddulml9z6rw,900000000000,
c5de8b5247318d9d7d8609cd3f521f81dbc66bc0a010a5a3a8828b7eedbd38ce,2024-01-03T19:33:00.920000,received,kaspa:qqwvnkp47wsj6n4hkdlgj8dsauyx0xvefunnwvvsmpq2udd0ka8ckmpuqw3k5,18937179661447,
c5de8b5247318d9d7d8609cd3f521f81dbc66bc0a010a5a3a8828b7eedbd38ce,2024-01-03T19:33:00.920000,received,kaspa:qqwvnkp47wsj6n4hkdlgj8dsauyx0xvefunnwvvsmpq2udd0ka8ckmpuqw3k5,18937179661447,
c5de8b5247318d9d7d8609cd3f521f81dbc66bc0a010a5a3a8828b7eedbd38ce,2024-01-03T19:33:00.920000,received,kaspa:qqwvnkp47wsj6n4hkdlgj8dsauyx0xvefunnwvvsmpq2udd0ka8ckmpuqw3k5,18937179661447,
c5de8b5247318d9d7d8609cd3f521f81dbc66bc0a010a5a3a8828b7eedbd38ce,2024-01-03T19:33:00.920000,received,kaspa:qqwvnkp47wsj6n4hkdlgj8dsauyx0xvefunnwvvsmpq2udd0ka8ckmpuqw3k5,18937179661447,
c5de8b5247318d9d7d8609cd3f521f81dbc66bc0a010a5a3a8828b7eedbd38ce,2024-01-03T19:33:00.920000,received,kaspa:qqwvnkp47wsj6n4hkdlgj8dsauyx0xvefunnwvvsmpq2udd0ka8ckmpuqw3k5,18937179661447,
c5de8b5247318d9d7d8609cd3f521f81dbc66bc0a010a5a3a8828b7eedbd38ce,2024-01-03T19:33:00.920000,received,kaspa:qqwvnkp47wsj6n4hkdlgj8dsauyx0xvefunnwvvsmpq2udd0ka8ckmpuqw3k5,18937179661447,
c5de8b5247318d9d7d8609cd3f521f81dbc66bc0a010a5a3a8828b7eedbd38ce,2024-01-03T19:33:00.920000,received,kaspa:qqwvnkp47wsj6n4hkdlgj8dsauyx0xvefunnwvvsmpq2udd0ka8ckmpuqw3k5,18937179661447,
c5de8b5247318d9d7d8609cd3f521f81dbc66bc0a010a5a3a8828b7eedbd38ce,2024-01-03T19:33:00.920000,received,kaspa:qqwvnkp47wsj6n4hkdlgj8dsauyx0xvefunnwvvsmpq2udd0ka8ckmpuqw3k5,18937179661447,
c5de8b5247318d9d7d8609cd3f521f81dbc66bc0a010a5a3a8828b7eedbd38ce,2024-01-03T19:33:00.920000,received,kaspa:qqwvnkp47wsj6n4hkdlgj8dsauyx0xvefunnwvvsmpq2udd0ka8ckmpuqw3k5,18937179661447,
c5de8b5247318d9d7d8609cd3f521f81dbc66bc0a010a5a3a8828b7eedbd38ce,2024-01-03T19:33:00.920000,received,kaspa:qqwvnkp47wsj6n4hkdlgj8dsauyx0xvefunnwvvsmpq2udd0ka8ckmpuqw3k5,18937179661447,
c5de8b5247318d9d7d8609cd3f521f81dbc66bc0a010a5a3a8828b7eedbd38ce,2024-01-03T19:33:00.920000,received,kaspa:qqwvnkp47wsj6n4hkdlgj8dsauyx0xvefunnwvvsmpq2udd0ka8ckmpuqw3k5,18937179661447,
c5de8b5247318d9d7d8609cd3f521f81dbc66bc0a010a5a3a8828b7eedbd38ce,2024-01-03T19:33:00.920000,received,kaspa:qqwvnkp47wsj6n4hkdlgj8dsauyx0xvefunnwvvsmpq2udd0ka8ckmpuqw3k5,18937179661447,
c5de8b5247318d9d7d8609cd3f521f81dbc66bc0a010a5a3a8828b7eedbd38ce,2024-01-03T19:33:00.920000,received,kaspa:qqwvnkp47wsj6n4hkdlgj8dsauyx0xvefunnwvvsmpq2udd0ka8ckmpuqw3k5,18937179661447,
c5de8b5247318d9d7d8609cd3f521f81dbc66bc0a010a5a3a8828b7eedbd38ce,2024-01-03T19:33:00.920000,received,kaspa:qqwvnkp47wsj6n4hkdlgj8dsauyx0xvefunnwvvsmpq2udd0ka8ckmpuqw3k5,18937179661447,
c5de8b5247318d9d7d8609cd3f521f81dbc66bc0a010a5a3a8828b7eedbd38ce,2024-01-03T19:33:00.920000,received,kaspa:qqwvnkp47wsj6n4hkdlgj8dsauyx0xvefunnwvvsmpq2udd0ka8ckmpuqw3k5,18937179661447,
c5de8b5247318d9d7d8609cd3f521f81dbc66bc0a010a5a3a8828b7eedbd38ce,2024-01-03T19:33:00.920000,received,kaspa:qqwvnkp47wsj6n4hkdlgj8dsauyx0xvefunnwvvsmpq2udd0ka8ckmpuqw3k5,18937179661447,
c5de8b5247318d9d7d8609cd3f521f81dbc66bc0a010a5a3a8828b7eedbd38ce,2024-01-03T19:33:00.920000,received,kaspa:qqwvnkp47wsj6n4hkdlgj8dsauyx0xvefunnwvvsmpq2udd0ka8ckmpuqw3k5,18937179661447,
c5de8b5247318d9d7d8609cd3f521f81dbc66bc0a010a5a3a8828b7eedbd38ce,2024-01-03T19:33:00.920000,received,kaspa:qqwvnkp47wsj6n4hkdlgj8dsauyx0xvefunnwvvsmpq2udd0ka8ckmpuqw3k5,18937179661447,
c5de8b5247318d9d7d8609cd3f521f81dbc66bc0a010a5a3a8828b7eedbd38ce,2024-01-03T19:33:00.920000,received,kaspa:qqwvnkp47wsj6n4hkdlgj8dsauyx0xvefunnwvvsmpq2udd0ka8ckmpuqw3k5,18937179661447,
fd662c0b4a69b84be0532dc2b3a702a0e01f114a1a9e23a6651e0806ffb099c5,2024-01-03T19:29:27.071000,received,kaspa:qptswjdk747fu52malkyu8dpkc5z6xj0xkug8hxkasv2l4r4k42zkfkq3f0d4,2000000000000,
