tx_id,timestamp,direction,peer_address,amount_sompi,cex_label
11b4d81c3d9acbe4252e0feba4d833cb5d3212507ef73d0f8e2c4ccefa8c4d81,2023-12-16T04:47:09.110000,sent,kaspa:qzslgwenzu78t6tldlng383g7ruu4enaljmnkgaulyrscjp7ldt26x8gfxck5,171940000,
11b4d81c3d9acbe4252e0feba4d833cb5d3212507ef73d0f8e2c4ccefa8c4d81,2023-12-16T04:47:09.110000,sent,kaspa:qzslgwenzu78t6tldlng383g7ruu4enaljmnkgaulyrscjp7ldt26x8gfxck5,171940000,
68712ed34127e28ce7c5f3f59eef7abd08a9496bfad21d54caf8d0b29d38845e,2023-12-12T22:48:46.160000,received,kaspa:qypswxtcrv4ssyjaswy5w9387vq73mkuyq85tl34cee6qn5uexqy0csgnafnjx7,171000000,
8189a0e48f6aa0d383c0e123a67098929acd93d2fdc16aa26d722b94f90000d4,2023-11-29T14:21:55.742000,sent,kaspa:qyp4ytf3xw4my27pqmce3k5zaau92p8c6ad7jnv776wsprsknmwyemskq5t8c5v,18000000,
9419971532931ec05e2a38b1eb835937dd8f2e1516f88126f5f83ebd547afa7b,2023-11-28T00:21:22.063000,received,kaspa:qq8g5jhys5cvz58grz84uealpfzza7m75e44nvxqzwynqx25pushgdgjts76c,19000000,
