tx_id,timestamp,direction,peer_address,amount_sompi,cex_label
72d04d8d4670ef2b7cf00cda096160b0b1adde4aa4eb74763b2a175c7084b1a3,2023-12-16T04:46:24.520000,sent,kaspa:qzslgwenzu78t6tldlng383g7ruu4enaljmnkgaulyrscjp7ldt26x8gfxck5,171940000,
72d04d8d4670ef2b7cf00cda096160b0b1adde4aa4eb74763b2a175c7084b1a3,2023-12-16T04:46:24.520000,sent,kaspa:qzslgwenzu78t6tldlng383g7ruu4enaljmnkgaulyrscjp7ldt26x8gfxck5,171940000,
b68d1f4d392707c09846df314698411d1d1523ad0dac455a300408ff8a1022a0,2023-12-12T13:19:26.836000,received,kaspa:qypswxtcrv4ssyjaswy5w9387vq73mkuyq85tl34cee6qn5uexqy0csgnafnjx7,171000000,
d007e6b50ce92787e04c0ee6eddeddf2b9207f2ee410b9244e5f3a67888e9fcd,2023-11-28T18:11:54.825000,sent,kaspa:qypph3hv8zht3w5j7exjka20dzk98t39nuxaaxhwa8dh57hg4qac9ac57659nt2,18000000,
991eb02ce4d7de8fcaa9c9f05480ab7e2835f9a0d11835c99734c9ce805950d3,2023-11-28T06:22:49.705000,received,kaspa:qz6l8tgf857xsthzey5323llrrazwwjguaza9ahgna75apjuczwac56pn4plh,19000000,
