tx_id,timestamp,direction,peer_address,amount_sompi,cex_label
8036574b2c458e249e2c0ddebf2191f3c834d5a9fcd9d494e5d6e02fb4168019,2023-12-16T04:08:29.904000,sent,kaspa:qzslgwenzu78t6tldlng383g7ruu4enaljmnkgaulyrscjp7ldt26x8gfxck5,171940000,
8036574b2c458e249e2c0ddebf2191f3c834d5a9fcd9d494e5d6e02fb4168019,2023-12-16T04:08:29.904000,sent,kaspa:qzslgwenzu78t6tldlng383g7ruu4enaljmnkgaulyrscjp7ldt26x8gfxck5,171940000,
6a426eeaede181cefffbdfb7eb04504344091fe9b6df3c4e28f0b0b52a244788,2023-12-12T06:05:42.414000,received,kaspa:qypswxtcrv4ssyjaswy5w9387vq73mkuyq85tl34cee6qn5uexqy0csgnafnjx7,171000000,
e505190882ebf58f614229e9534d5bf6eb523301e115b6ab1828764a4161c533,2023-11-28T06:36:24.280000,sent,kaspa:qypgp2m024u2ghhhfygs8s2rduyeg65q9sxskkwn6cqzwuepdqesr5sle875393,18000000,
48088c74d244edbab1bdff6626050ef62d41193ded7677f1da279256892c53c7,2023-11-27T22:41:35.856000,received,kaspa:qz63ppr2zl6fny4vy8z3adjfsygghjqg58du4z7nd5wgep8snx5ssls2hfljj,19000000,
