tx_id,timestamp,direction,peer_address,amount_sompi,cex_label
3339be3d751e66be8ccd65c64179ec74fe0a44947d0de8c35e9ec4f8eea1e8d0,2023-04-20T11:06:53.877000,sent,kaspa:qp33fwjudjds4mwmsrmwwpgceqzqcmy9kmtraddzhs62eyc90sg7cnte9nrw2,13297573812,
3339be3d751e66be8ccd65c64179ec74fe0a44947d0de8c35e9ec4f8eea1e8d0,2023-04-20T11:06:53.877000,sent,kaspa:qpcdfkvwxe740ng3ydmzfncsk5y40m64nnvgj5ngdgy66h5zek2ugdh76q0nz,88964330016,
b0568f4d31f7b74cf01d80c6c54bfcfd34f6568c172807d4df27b1da3921591e,2023-04-20T10:55:23.861000,received,kaspa:qr3f9p4t00aqnd59emvyaakuztkdnjnxxzc8420dr68aaq96vnv6xka38t5dh,102261913828,
b0568f4d31f7b74cf01d80c6c54bfcfd34f6568c172807d4df27b1da3921591e,2023-04-20T10:55:23.861000,received,kaspa:qqxdyrw2aqk373xedpprlf2wupsw6tshd34vw9na0c30flraf3ekkhhct2txd,102261913828,
b0568f4d31f7b74cf01d80c6c54bfcfd34f6568c172807d4df27b1da3921591e,2023-04-20T10:55:23.861000,received,kaspa:qzygv4wmf3qhc0kz699w565z04rntpsycyp7nksnqwp2c2qsfpduj9usf75k9,102261913828,
