tx_id,timestamp,direction,peer_address,amount_sompi,cex_label
519a4d8fa86a6cc839ec98af68600150f3ee6e771449fc9106e801b5209a6259,2025-04-26T10:58:54.951000,sent,kaspa:qzlh8hwu2egt2l6zq7d4rnr9rk5a8gx7s7g0zgj3yshl6vjx2vg023z9wu9qy,2580000000000,
420e10335966fc356fbc81a307fd2266c2e216f1e547b3a64a0294c14b07e337,2025-04-04T20:24:14.679000,sent,kaspa:qzlh8hwu2egt2l6zq7d4rnr9rk5a8gx7s7g0zgj3yshl6vjx2vg023z9wu9qy,5000000000000,
420e10335966fc356fbc81a307fd2266c2e216f1e547b3a64a0294c14b07e337,2025-04-04T20:24:14.679000,sent,kaspa:qzlh8hwu2egt2l6zq7d4rnr9rk5a8gx7s7g0zgj3yshl6vjx2vg023z9wu9qy,5000000000000,
3f8e796dafce13880f9f1cb1d984e378492fa7a529d222b5e7e75d0b287b8f19,2025-02-28T07:45:14.650000,received,kaspa:qrvum29vk365g0zcd5gx3c7h829etfq2ytdmscjzw4zw04fjfnprcg9c3tges,4994500848000,
4d15ce98e0984f321ae5a6cc67424b6c64a9a5201361096eabce0b981aed47d6,2025-02-27T14:58:13.664000,sent,kaspa:qzlh8hwu2egt2l6zq7d4rnr9rk5a8gx7s7g0zgj3yshl6vjx2vg023z9wu9qy,5000000000000,
6332096837366a09e5d02a662aa326e0f918e5312c55df83d4e330ea5ad85879,2025-02-27T01:01:03.732000,sent,kaspa:qzlh8hwu2egt2l6zq7d4rnr9rk5a8gx7s7g0zgj3yshl6vjx2vg023z9wu9qy,3700000000000,
6332096837366a09e5d02a662aa326e0f918e5312c55df83d4e330ea5ad85879,2025-02-27T01:01:03.732000,sent,kaspa:qzlh8hwu2egt2l6zq7d4rnr9rk5a8gx7s7g0zgj3yshl6vjx2vg023z9wu9qy,3700000000000,
6332096837366a09e5d02a662aa326e0f918e5312c55df83d4e330ea5ad85879,2025-02-27T01:01:03.732000,sent,kaspa:qzlh8hwu2egt2l6zq7d4rnr9rk5a8gx7s7g0zgj3yshl6vjx2vg023z9wu9qy,3700000000000,
6332096837366a09e5d02a662aa326e0f918e5312c55df83d4e330ea5ad85879,2025-02-27T01:01:03.732000,sent,kaspa:qzlh8hwu2egt2l6zq7d4rnr9rk5a8gx7s7g0zgj3yshl6vjx2vg023z9wu9qy,3700000000000,
3c310359c8866f66755a13e49a52eb2118734c06bc4928bfb65a9807405a7140,2025-02-23T18:47:30.811000,received,kaspa:qyp7fzvctx3ld3qvd4ucy6fsarda8dnwx0kugumgzkag0y2yt2hyk9g456sfvqt,50000000000,
3c310359c8866f66755a13e49a52eb2118734c06bc4928bfb65a9807405a7140,2025-02-23T18:47:30.811000,received,kaspa:qyp7fzvctx3ld3qvd4ucy6fsarda8dnwx0kugumgzkag0y2yt2hyk9g456sfvqt,50000000000,
3c310359c8866f66755a13e49a52eb2118734c06bc4928bfb65a9807405a7140,2025-02-23T18:47:30.811000,received,kaspa:qyp7fzvctx3ld3qvd4ucy6fsarda8dnwx0kugumgzkag0y2yt2hyk9g456sfvqt,50000000000,
3c310359c8866f66755a13e49a52eb2118734c06bc4928bfb65a9807405a7140,2025-02-23T18:47:30.811000,received,kaspa:qyp7fzvctx3ld3qvd4ucy6fsarda8dnwx0kugumgzkag0y2yt2hyk9g456sfvqt,50000000000,
3c310359c8866f66755a13e49a52eb2118734c06bc4928bfb65a9807405a7140,2025-02-23T18:47:30.811000,received,kaspa:qyp7fzvctx3ld3qvd4ucy6fsarda8dnwx0kugumgzkag0y2yt2hyk9g456sfvqt,50000000000,
3c310359c8866f66755a13e49a52eb2118734c06bc4928bfb65a9807405a7140,2025-02-23T18:47:30.811000,received,kaspa:qyp7fzvctx3ld3qvd4ucy6fsarda8dnwx0kugumgzkag0y2yt2hyk9g456sfvqt,50000000000,
c61d9acaf47160a8150f0933ca014d9db8d828f2d32c6f9ecb6e0e8cf45152dc,2025-02-21T22:00:34.936000,received,kaspa:qrvum29vk365g0zcd5gx3c7h829etfq2ytdmscjzw4zw04fjfnprcg9c3tges,151135213000,
01e9313faf0a6231d6753d2b0304099532465bccdce09fae44a362d5b9a25359,2025-02-21T15:50:10.514000,received,kaspa:qrvum29vk365g0zcd5gx3c7h829etfq2ytdmscjzw4zw04fjfnprcg9c3tges,3589128686000,
4f8848405d365fa085bab98aaa9392335bb68cd86f78d58f85a0da635529f410,2025-01-19T12:23:15.772000,sent,kaspa:qq490ckjxruqvja5m3x6utkajavsse6nlq8z33z7tv8emqa47n5vc7ea338n3,3500000000,
434f98fdd8f30f74c6e4579ea38259e06bd147bf2331675ccec881b36836fba7,2025-01-17T04:43:00.126000,sent,kaspa:qpyr8yp7jmantyaatyqtpwuzv3fcthe2r7jz6n55nl4hdd0288e8jljunnqgv,5000000000,
434f98fdd8f30f74c6e4579ea38259e06bd147bf2331675ccec881b36836fba7,2025-01-17T04:43:00.126000,sent,kaspa:qpyr8yp7jmantyaatyqtpwuzv3fcthe2r7jz6n55nl4hdd0288e8jljunnqgv,5000000000,
740b1daf3a1c2f01e173a78e964b3f8403dc795f22175e6c8ffbdee9d23ee27b,2024-12-25T15:36:38.092000,received,kaspa:qzz32cqzlk0gnwmxmavaq4c63tnj5gl6sngshwj7lsme2l6d9dpeuudnunejy,6971000000,
740b1daf3a1c2f01e173a78e964b3f8403dc795f22175e6c8ffbdee9d23ee27b,2024-12-25T15:36:38.092000,received,kaspa:qzz32cqzlk0gnwmxmavaq4c63tnj5gl6sngshwj7lsme2l6d9dpeuudnunejy,6971000000,
740b1daf3a1c2f01e173a78e964b3f8403dc795f22175e6c8ffbdee9d23ee27b,2024-12-25T15:36:38.092000,received,kaspa:qzz32cqzlk0gnwmxmavaq4c63tnj5gl6sngshwj7lsme2l6d9dpeuudnunejy,6971000000,
f8f5cd6bd3a7e328adc5055589e44b6f86a7ce8383b1369ae5bd4de3fa153891,2024-11-26T13:27:35.721000,sent,kaspa:qzlh8hwu2egt2l6zq7d4rnr9rk5a8gx7s7g0zgj3yshl6vjx2vg023z9wu9qy,2250000000000,
1d19cbffc7cdfe60d454e7f662ab2252394f213e147911a2c1e98e19e9cd79db,2024-11-21T07:44:34.859000,sent,kaspa:qzlh8hwu2egt2l6zq7d4rnr9rk5a8gx7s7g0zgj3yshl6vjx2vg023z9wu9qy,5000000000000,
a6dc59594f46a25caaa032ce27ca67dbdd96bd02b1020ef28b133517a2a23828,2024-11-19T09:35:04.777000,sent,kaspa:qzlh8hwu2egt2l6zq7d4rnr9rk5a8gx7s7g0zgj3yshl6vjx2vg023z9wu9qy,3590000000000,
909b0c207354157bc02241e3c28f6c7936e6040894eadc79936fed8db1eca918,2024-11-18T09:34:08.836000,sent,kaspa:qzlh8hwu2egt2l6zq7d4rnr9rk5a8gx7s7g0zgj3yshl6vjx2vg023z9wu9qy,1885000000000,
f2aa1c4fcb5a057b6b86ca88ee20727e0a2eb6abc8f4cad36af43bdd0713f45d,2024-11-16T11:28:09.410000,sent,kaspa:pqg2zvuh0nt7kthk8tvwkgjd6vj369r2ul6c0n7gf0w8j6nqwlre2rt8aps0k,8800000000,
f2aa1c4fcb5a057b6b86ca88ee20727e0a2eb6abc8f4cad36af43bdd0713f45d,2024-11-16T11:28:09.410000,sent,kaspa:pqg2zvuh0nt7kthk8tvwkgjd6vj369r2ul6c0n7gf0w8j6nqwlre2rt8aps0k,8800000000,
01ee88b2c462150792a81ccad6ad36be209a9e3de51591645b8ad726e418f7b3,2024-11-14T19:23:18.764000,received,kaspa:qrvum29vk365g0zcd5gx3c7h829etfq2ytdmscjzw4zw04fjfnprcg9c3tges,10234363896000,
9a08d59c65ac7004b45663db5f767ff73a0a978a3d46eac703e1e98d979403ef,2024-11-13T16:55:58.989000,sent,kaspa:qzlh8hwu2egt2l6zq7d4rnr9rk5a8gx7s7g0zgj3yshl6vjx2vg023z9wu9qy,10000000000000,
9a08d59c65ac7004b45663db5f767ff73a0a978a3d46eac703e1e98d979403ef,2024-11-13T16:55:58.989000,sent,kaspa:qzlh8hwu2egt2l6zq7d4rnr9rk5a8gx7s7g0zgj3yshl6vjx2vg023z9wu9qy,10000000000000,
7fc0deae5e602f09896c351f84053e33ca211fa0382ac9a875b2c91daea56280,2024-11-13T07:58:09.172000,received,kaspa:qrvum29vk365g0zcd5gx3c7h829etfq2ytdmscjzw4zw04fjfnprcg9c3tges,2497000000000,
e864680c032f3dc10d92638c5f4719d4a0d61e7174cf6a72c1cd3bc699f7227e,2024-11-10T18:31:09.795000,sent,kaspa:qzlh8hwu2egt2l6zq7d4rnr9rk5a8gx7s7g0zgj3yshl6vjx2vg023z9wu9qy,2600000000000,
e864680c032f3dc10d92638c5f4719d4a0d61e7174cf6a72c1cd3bc699f7227e,2024-11-10T18:31:09.795000,sent,kaspa:qzlh8hwu2egt2l6zq7d4rnr9rk5a8gx7s7g0zgj3yshl6vjx2vg023z9wu9qy,2600000000000,
e864680c032f3dc10d92638c5f4719d4a0d61e7174cf6a72c1cd3bc699f7227e,2024-11-10T18:31:09.795000,sent,kaspa:qzlh8hwu2egt2l6zq7d4rnr9rk5a8gx7s7g0zgj3yshl6vjx2vg023z9wu9qy,2600000000000,
e864680c032f3dc10d92638c5f4719d4a0d61e7174cf6a72c1cd3bc699f7227e,2024-11-10T18:31:09.795000,sent,kaspa:qzlh8hwu2egt2l6zq7d4rnr9rk5a8gx7s7g0zgj3yshl6vjx2vg023z9wu9qy,2600000000000,
e864680c032f3dc10d92638c5f4719d4a0d61e7174cf6a72c1cd3bc699f7227e,2024-11-10T18:31:09.795000,sent,kaspa:qzlh8hwu2egt2l6zq7d4rnr9rk5a8gx7s7g0zgj3yshl6vjx2vg023z9wu9qy,2600000000000,
e864680c032f3dc10d92638c5f4719d4a0d61e7174cf6a72c1cd3bc699f7227e,2024-11-10T18:31:09.795000,sent,kaspa:qzlh8hwu2egt2l6zq7d4rnr9rk5a8gx7s7g0zgj3yshl6vjx2vg023z9wu9qy,2600000000000,
e864680c032f3dc10d92638c5f4719d4a0d61e7174cf6a72c1cd3bc699f7227e,2024-11-10T18:31:09.795000,sent,kaspa:qzlh8hwu2egt2l6zq7d4rnr9rk5a8gx7s7g0zgj3yshl6vjx2vg023z9wu9qy,2600000000000,
d8a459cfd18c44b2aed8cfef5045f1317db4e9ceaf740d7a5839159ed0994de3,2024-11-08T16:14:17.921000,received,kaspa:qrvum29vk365g0zcd5gx3c7h829etfq2ytdmscjzw4zw04fjfnprcg9c3tges,2572458466000,
8d475ef7f4bf27308758f528c6ba9e65a82f5693bdb99e00386883b4a610fbe2,2024-11-04T17:27:08.011000,received,kaspa:qrvum29vk365g0zcd5gx3c7h829etfq2ytdmscjzw4zw04fjfnprcg9c3tges,1955069473000,
b67af52ca87010bce4934dfe5a7dd9f9179e6ef8ee1bd431c478d13fa0a32afa,2024-11-03T21:37:17.175000,received,kaspa:qrvum29vk365g0zcd5gx3c7h829etfq2ytdmscjzw4zw04fjfnprcg9c3tges,2002440055000,
25894fce42cc6f3dea63f3809341041ce8f7ed8111c2e9577c79039597cbc485,2024-11-03T18:47:24.382000,received,kaspa:qrvum29vk365g0zcd5gx3c7h829etfq2ytdmscjzw4zw04fjfnprcg9c3tges,1076691730000,
f22ceb3e4ae82e965bbca1763b386a65356aa423bd433320dee4d28e220379ed,2024-11-01T06:07:09.007000,received,kaspa:qrvum29vk365g0zcd5gx3c7h829etfq2ytdmscjzw4zw04fjfnprcg9c3tges,2368892236000,
8752a6e78457697fbf1bcd6683d88e547df80bb283ac3bcbbbe4e9f091a5a71c,2024-10-31T08:40:59.826000,received,kaspa:qrvum29vk365g0zcd5gx3c7h829etfq2ytdmscjzw4zw04fjfnprcg9c3tges,2630144722000,
bfef40e6ab485e6069a3b1bfb7bacd5f569eec3137712cbd427b2c6de2f6a05d,2024-10-29T20:58:39.026000,received,kaspa:qrvum29vk365g0zcd5gx3c7h829etfq2ytdmscjzw4zw04fjfnprcg9c3tges,10001776556820,
528585d42e5f2a71f3e3f555f78e5a2614b26dd25b29ed78c8723ee1078a4d8c,2024-10-29T20:01:03.686000,sent,kaspa:qzlh8hwu2egt2l6zq7d4rnr9rk5a8gx7s7g0zgj3yshl6vjx2vg023z9wu9qy,20002275757820,
528585d42e5f2a71f3e3f555f78e5a2614b26dd25b29ed78c8723ee1078a4d8c,2024-10-29T20:01:03.686000,sent,kaspa:qzlh8hwu2egt2l6zq7d4rnr9rk5a8gx7s7g0zgj3yshl6vjx2vg023z9wu9qy,20002275757820,
528585d42e5f2a71f3e3f555f78e5a2614b26dd25b29ed78c8723ee1078a4d8c,2024-10-29T20:01:03.686000,sent,kaspa:qzlh8hwu2egt2l6zq7d4rnr9rk5a8gx7s7g0zgj3yshl6vjx2vg023z9wu9qy,20002275757820,
ba6a1b0dffe0a3aa4352237f3bb62c917c4741979b68d66aaa5673caac168735,2024-10-28T13:49:07.338000,received,kaspa:qrvum29vk365g0zcd5gx3c7h829etfq2ytdmscjzw4zw04fjfnprcg9c3tges,2505595022000,
e9c4d9eb42003576340a2c713473bd7512f6a8cdb7245c837b5fefdbeab135d7,2024-10-25T07:37:35.067000,received,kaspa:qrvum29vk365g0zcd5gx3c7h829etfq2ytdmscjzw4zw04fjfnprcg9c3tges,2592557347000,
84edd22f807cc16d221b1e0e8de5792979ff86f50a377a4e4c9a3ffae4453aae,2024-10-22T07:13:52.018000,sent,kaspa:qzz32cqzlk0gnwmxmavaq4c63tnj5gl6sngshwj7lsme2l6d9dpeuudnunejy,150000000000,
8a29f50ef7a3e4dece2a82a490a8d5483402bf9b424bf31f3bf243c2b13c6b24,2024-10-17T06:13:52.740000,sent,kaspa:qzlh8hwu2egt2l6zq7d4rnr9rk5a8gx7s7g0zgj3yshl6vjx2vg023z9wu9qy,14500000000000,
8a29f50ef7a3e4dece2a82a490a8d5483402bf9b424bf31f3bf243c2b13c6b24,2024-10-17T06:13:52.740000,sent,kaspa:qzlh8hwu2egt2l6zq7d4rnr9rk5a8gx7s7g0zgj3yshl6vjx2vg023z9wu9qy,14500000000000,
8a29f50ef7a3e4dece2a82a490a8d5483402bf9b424bf31f3bf243c2b13c6b24,2024-10-17T06:13:52.740000,sent,kaspa:qzlh8hwu2egt2l6zq7d4rnr9rk5a8gx7s7g0zgj3yshl6vjx2vg023z9wu9qy,14500000000000,
8a29f50ef7a3e4dece2a82a490a8d5483402bf9b424bf31f3bf243c2b13c6b24,2024-10-17T06:13:52.740000,sent,kaspa:qzlh8hwu2egt2l6zq7d4rnr9rk5a8gx7s7g0zgj3yshl6vjx2vg023z9wu9qy,14500000000000,
8a29f50ef7a3e4dece2a82a490a8d5483402bf9b424bf31f3bf243c2b13c6b24,2024-10-17T06:13:52.740000,sent,kaspa:qzlh8hwu2egt2l6zq7d4rnr9rk5a8gx7s7g0zgj3yshl6vjx2vg023z9wu9qy,14500000000000,
8a29f50ef7a3e4dece2a82a490a8d5483402bf9b424bf31f3bf243c2b13c6b24,2024-10-17T06:13:52.740000,sent,kaspa:qzlh8hwu2egt2l6zq7d4rnr9rk5a8gx7s7g0zgj3yshl6vjx2vg023z9wu9qy,14500000000000,
8a29f50ef7a3e4dece2a82a490a8d5483402bf9b424bf31f3bf243c2b13c6b24,2024-10-17T06:13:52.740000,sent,kaspa:qzlh8hwu2egt2l6zq7d4rnr9rk5a8gx7s7g0zgj3yshl6vjx2vg023z9wu9qy,14500000000000,
8a29f50ef7a3e4dece2a82a490a8d5483402bf9b424bf31f3bf243c2b13c6b24,2024-10-17T06:13:52.740000,sent,kaspa:qzlh8hwu2egt2l6zq7d4rnr9rk5a8gx7s7g0zgj3yshl6vjx2vg023z9wu9qy,14500000000000,
5f76be12f973768c24cd34734c21c59a73e6e40e28430c723fca6fc9e87cf70f,2024-10-16T13:38:52.972000,received,kaspa:qrvum29vk365g0zcd5gx3c7h829etfq2ytdmscjzw4zw04fjfnprcg9c3tges,153524222000,
3487eb567681bfa0edfad1281845bfdc67aa95d298090bd0756795cec79edb9c,2024-10-13T16:59:50.645000,received,kaspa:qrvum29vk365g0zcd5gx3c7h829etfq2ytdmscjzw4zw04fjfnprcg9c3tges,295023581000,
0b6016e67a09a4dd73eb2d37f836a79742ca9b3cdc02b3a789410a1ae26821b0,2024-10-11T14:32:04.833000,received,kaspa:qrvum29vk365g0zcd5gx3c7h829etfq2ytdmscjzw4zw04fjfnprcg9c3tges,307284308000,
0413fd427ca63179d921343df2923f63b3a4994ecd4760ba76bc1a6600b1b937,2024-10-11T03:44:55.818000,received,kaspa:qrvum29vk365g0zcd5gx3c7h829etfq2ytdmscjzw4zw04fjfnprcg9c3tges,313586000000,
a7fa590ba32ec4c1b57e03cf84d8016fb1de90cae3d87a6e9d4ab01ac754470d,2024-10-08T07:13:02.164000,received,kaspa:qrvum29vk365g0zcd5gx3c7h829etfq2ytdmscjzw4zw04fjfnprcg9c3tges,369570959000,
79c6efe49dea92254e2c1a8f052ccc91de4bded1044632e0ebdefb4bd1107c04,2024-10-07T10:56:20.204000,received,kaspa:qrvum29vk365g0zcd5gx3c7h829etfq2ytdmscjzw4zw04fjfnprcg9c3tges,2631363902000,
36b61db97da9e942a48ebf47d9f96f46f14105e80ba59b932d039cddcf4df3b5,2024-10-01T17:20:31.328000,received,kaspa:qrvum29vk365g0zcd5gx3c7h829etfq2ytdmscjzw4zw04fjfnprcg9c3tges,5433813041000,
13e76f4a24e1fd0ebaa4ba89ea4a17f8ee478b2173797aca8a53ddc67e66ffa2,2024-09-14T10:05:45.684000,sent,kaspa:qzlh8hwu2egt2l6zq7d4rnr9rk5a8gx7s7g0zgj3yshl6vjx2vg023z9wu9qy,5000000000000,
28d86f4fbbbe4cfd1c4700d22a0e7f22989fd60c631d165498131e9d2e9d2aff,2024-09-06T10:57:14.930000,sent,kaspa:qzlh8hwu2egt2l6zq7d4rnr9rk5a8gx7s7g0zgj3yshl6vjx2vg023z9wu9qy,22000000000,
28d86f4fbbbe4cfd1c4700d22a0e7f22989fd60c631d165498131e9d2e9d2aff,2024-09-06T10:57:14.930000,sent,kaspa:qzlh8hwu2egt2l6zq7d4rnr9rk5a8gx7s7g0zgj3yshl6vjx2vg023z9wu9qy,22000000000,
f761f1b1924253e4ba591801d1318caa6c006c46400191d378e2774fb2411ea7,2024-09-01T16:52:21.907000,received,kaspa:qrvum29vk365g0zcd5gx3c7h829etfq2ytdmscjzw4zw04fjfnprcg9c3tges,4999900000000,
65c8183ef4c38d7693aac674b6918fc93825d2cf4f9649a45e7a6b38b84d2bd6,2024-09-01T05:35:36.205000,sent,kaspa:qzlh8hwu2egt2l6zq7d4rnr9rk5a8gx7s7g0zgj3yshl6vjx2vg023z9wu9qy,5000000000000,
65c8183ef4c38d7693aac674b6918fc93825d2cf4f9649a45e7a6b38b84d2bd6,2024-09-01T05:35:36.205000,sent,kaspa:qzlh8hwu2egt2l6zq7d4rnr9rk5a8gx7s7g0zgj3yshl6vjx2vg023z9wu9qy,5000000000000,
65c8183ef4c38d7693aac674b6918fc93825d2cf4f9649a45e7a6b38b84d2bd6,2024-09-01T05:35:36.205000,sent,kaspa:qzlh8hwu2egt2l6zq7d4rnr9rk5a8gx7s7g0zgj3yshl6vjx2vg023z9wu9qy,5000000000000,
8dfaa38d2eec1f396585d0d7d99ea3aa3c8584068928843cef18df0ad052a0e2,2024-08-12T17:20:02.214000,received,kaspa:qrvum29vk365g0zcd5gx3c7h829etfq2ytdmscjzw4zw04fjfnprcg9c3tges,29669201000,
46ccb2a71eb2fe7b3061d6110af85f29c0fa647f406fcc8909126099510925ce,2024-08-10T21:47:29.552000,received,kaspa:qrvum29vk365g0zcd5gx3c7h829etfq2ytdmscjzw4zw04fjfnprcg9c3tges,2509765622000,
8b37637a099be884c2c3e9163c546395f3fbb00f412e4659c6da529173ea551f,2024-08-09T06:20:58.565000,sent,kaspa:qzlh8hwu2egt2l6zq7d4rnr9rk5a8gx7s7g0zgj3yshl6vjx2vg023z9wu9qy,2500000000000,
8b37637a099be884c2c3e9163c546395f3fbb00f412e4659c6da529173ea551f,2024-08-09T06:20:58.565000,sent,kaspa:qzlh8hwu2egt2l6zq7d4rnr9rk5a8gx7s7g0zgj3yshl6vjx2vg023z9wu9qy,2500000000000,
900fc18c1beee1a36ea2f787ac08c331391fc3a11e2e953dbcf4a7a535da0ceb,2024-07-15T07:51:37.919000,received,kaspa:qzkjdp8l79u4wayjjcvfvg4sdh9vhrhrdsspll6ue22qxy0mcyxkgplelkcpm,4997676221000,
96d4762ae512313b2142e256aab58b55ddc9b166388aa3de0cb0c644930cf749,2024-07-05T07:29:40.565000,sent,kaspa:qzlh8hwu2egt2l6zq7d4rnr9rk5a8gx7s7g0zgj3yshl6vjx2vg023z9wu9qy,7400000000000,
96d4762ae512313b2142e256aab58b55ddc9b166388aa3de0cb0c644930cf749,2024-07-05T07:29:40.565000,sent,kaspa:qzlh8hwu2egt2l6zq7d4rnr9rk5a8gx7s7g0zgj3yshl6vjx2vg023z9wu9qy,7400000000000,
1b12a27afbef855a255e804885f01195e0387658666bc5cec44219cf43600e60,2024-07-04T19:56:54.258000,received,kaspa:qrvum29vk365g0zcd5gx3c7h829etfq2ytdmscjzw4zw04fjfnprcg9c3tges,2083413401000,
b6efd7127ab5541c239c1b2f4ea4c37aa98aac183c068e24116b55e7729661ab,2024-07-01T12:50:40.902000,sent,kaspa:qqfm39gd8h2n8sj8w8q365tqkeyc86lm85cvcdv0luujrkyce075jtjff8gkn,3000000000,
b6efd7127ab5541c239c1b2f4ea4c37aa98aac183c068e24116b55e7729661ab,2024-07-01T12:50:40.902000,sent,kaspa:qqfm39gd8h2n8sj8w8q365tqkeyc86lm85cvcdv0luujrkyce075jtjff8gkn,3000000000,
b6efd7127ab5541c239c1b2f4ea4c37aa98aac183c068e24116b55e7729661ab,2024-07-01T12:50:40.902000,sent,kaspa:qqfm39gd8h2n8sj8w8q365tqkeyc86lm85cvcdv0luujrkyce075jtjff8gkn,3000000000,
b6efd7127ab5541c239c1b2f4ea4c37aa98aac183c068e24116b55e7729661ab,2024-07-01T12:50:40.902000,sent,kaspa:qqfm39gd8h2n8sj8w8q365tqkeyc86lm85cvcdv0luujrkyce075jtjff8gkn,3000000000,
90254dc761fce3bd1330fda81b275c689f044ed7505688bb5e779b62d741fb9d,2024-07-01T03:41:37.660000,received,kaspa:qz47uq3hya5r6nkhv0k0asc8cryn89q2az4k27nyvf6kv5ark4g96e6hetx3c,2500000000,
778a2d7a11f232624d3f8903eea660dd0379b064f09b90d7050168b927f15a3b,2024-06-27T07:51:06.564000,received,kaspa:qrvum29vk365g0zcd5gx3c7h829etfq2ytdmscjzw4zw04fjfnprcg9c3tges,1717808372000,
aec97bb3f79e3d5c190ec8e07e706b25972486c8937ea00984adcf1e8c73eb16,2024-06-21T09:17:21.072000,received,kaspa:qqzar7rendfy36f67edeceeveqv450rakfzk4r8wxaq4csfccq77gn4xk2mpw,626792970000,
4aba7bca75174306b2a288f1be5120ff9276a830681161f0ec62928bc02dde08,2024-06-08T05:51:03.304000,sent,kaspa:qqg68rk7sh3l4pvh4hagz3g84kc2rjdn3f0cz48u7l0epkv73yafu9ln385n8,1000000000,
57b7cdb68c0f6da518d4aa634a2b14bc84d6a7269d0ce7fe781ca95bf90d0bd9,2024-06-03T19:57:36.297000,sent,kaspa:qzlh8hwu2egt2l6zq7d4rnr9rk5a8gx7s7g0zgj3yshl6vjx2vg023z9wu9qy,980000000000,
57b7cdb68c0f6da518d4aa634a2b14bc84d6a7269d0ce7fe781ca95bf90d0bd9,2024-06-03T19:57:36.297000,sent,kaspa:qzlh8hwu2egt2l6zq7d4rnr9rk5a8gx7s7g0zgj3yshl6vjx2vg023z9wu9qy,980000000000,
57b7cdb68c0f6da518d4aa634a2b14bc84d6a7269d0ce7fe781ca95bf90d0bd9,2024-06-03T19:57:36.297000,sent,kaspa:qzlh8hwu2egt2l6zq7d4rnr9rk5a8gx7s7g0zgj3yshl6vjx2vg023z9wu9qy,980000000000,
57b7cdb68c0f6da518d4aa634a2b14bc84d6a7269d0ce7fe781ca95bf90d0bd9,2024-06-03T19:57:36.297000,sent,kaspa:qzlh8hwu2egt2l6zq7d4rnr9rk5a8gx7s7g0zgj3yshl6vjx2vg023z9wu9qy,980000000000,
ae54b3fcfd2f828dc7940b6f02cf42222360a710ea5450de886e1843272eb795,2024-05-25T06:24:40.130000,received,kaspa:qrvum29vk365g0zcd5gx3c7h829etfq2ytdmscjzw4zw04fjfnprcg9c3tges,53364482000,
38bc6889d13426e69ea9fa3165865776fcd498f8fe46ca71c5d1568196788fef,2024-05-24T15:31:11.933000,received,kaspa:qrvum29vk365g0zcd5gx3c7h829etfq2ytdmscjzw4zw04fjfnprcg9c3tges,226501172000,
9ab08776047982dba885372f163b90c9caa9c802b5937b4ee9903895b9fa363b,2024-05-19T07:09:28.966000,received,kaspa:qqfatyflwln9wk5p33cyg8sugwzrvmztup2mgdtnwrg8q423jj54u8jux758q,600000000,
9ab08776047982dba885372f163b90c9caa9c802b5937b4ee9903895b9fa363b,2024-05-19T07:09:28.966000,received,kaspa:qqku7fzl9mlpptvu2lev5zl8hln54vhy6cr8fy77jvt7xxf3rx0fun7zwnyks,600000000,
2c6e75a0a223e65a367bf01a097a5d5df69b14ff06d4f496d76843ccc8451687,2024-05-19T07:08:41.215000,sent,kaspa:qqfatyflwln9wk5p33cyg8sugwzrvmztup2mgdtnwrg8q423jj54u8jux758q,500000000,
2c6e75a0a223e65a367bf01a097a5d5df69b14ff06d4f496d76843ccc8451687,2024-05-19T07:08:41.215000,sent,kaspa:qqfatyflwln9wk5p33cyg8sugwzrvmztup2mgdtnwrg8q423jj54u8jux758q,500000000,
2c6e75a0a223e65a367bf01a097a5d5df69b14ff06d4f496d76843ccc8451687,2024-05-19T07:08:41.215000,sent,kaspa:qqfatyflwln9wk5p33cyg8sugwzrvmztup2mgdtnwrg8q423jj54u8jux758q,500000000,
4c4f86299486521c209e4f6a064b9ba35e5047c835c38fbb54bf31e302067bc0,2024-05-19T06:40:03.814000,received,kaspa:qrvum29vk365g0zcd5gx3c7h829etfq2ytdmscjzw4zw04fjfnprcg9c3tges,80817002000,
8c9f7bcb923e34c6a95566d977282c6363b9a0e98d5a58b12201ebc0bb81233c,2024-05-19T06:00:29.288000,received,kaspa:qr5ukjqxdc2e4jmulexnnlz5s8h4s2tx5dchzekeuq2qtk8q5hym6n27sal9a,2000000000,
20a0a36b3b000cad159e677a12c6c123f76c1c9113015c57677922dc917ff05b,2024-05-19T05:50:55.279000,sent,kaspa:qq06n5l7zursfsyc9tkeaj9ld8qxawfasvhws7zu6g0gfwdt98urk89kgsmef,200000000,
20a0a36b3b000cad159e677a12c6c123f76c1c9113015c57677922dc917ff05b,2024-05-19T05:50:55.279000,sent,kaspa:qq06n5l7zursfsyc9tkeaj9ld8qxawfasvhws7zu6g0gfwdt98urk89kgsmef,200000000,
20a0a36b3b000cad159e677a12c6c123f76c1c9113015c57677922dc917ff05b,2024-05-19T05:50:55.279000,sent,kaspa:qq06n5l7zursfsyc9tkeaj9ld8qxawfasvhws7zu6g0gfwdt98urk89kgsmef,200000000,
20a0a36b3b000cad159e677a12c6c123f76c1c9113015c57677922dc917ff05b,2024-05-19T05:50:55.279000,sent,kaspa:qq06n5l7zursfsyc9tkeaj9ld8qxawfasvhws7zu6g0gfwdt98urk89kgsmef,200000000,
20a0a36b3b000cad159e677a12c6c123f76c1c9113015c57677922dc917ff05b,2024-05-19T05:50:55.279000,sent,kaspa:qq06n5l7zursfsyc9tkeaj9ld8qxawfasvhws7zu6g0gfwdt98urk89kgsmef,200000000,
c59c7a008fa9b5c65558178b82134c5187538772d9f381764bf4fcd7562ab9ec,2024-05-15T09:25:06.724000,received,kaspa:qzkjdp8l79u4wayjjcvfvg4sdh9vhrhrdsspll6ue22qxy0mcyxkgplelkcpm,193281425000,
b3f05fc64cc076c07033545d1e3b1ea7cad405415730c8ee82c1e881c53a23fa,2024-05-14T19:51:59.408000,received,kaspa:qrvum29vk365g0zcd5gx3c7h829etfq2ytdmscjzw4zw04fjfnprcg9c3tges,93255551000,
eeb700bc97d21e0c0ce611388b4cf1fbc272ca3185db5efa09d6d983d671c61c,2024-05-13T19:46:16.314000,received,kaspa:qrvum29vk365g0zcd5gx3c7h829etfq2ytdmscjzw4zw04fjfnprcg9c3tges,83433383000,
742ad0bd6dd848ae39629f951dbf4ec16035d83eaaff283e245164bc21375370,2024-05-12T16:11:29.087000,received,kaspa:qrvum29vk365g0zcd5gx3c7h829etfq2ytdmscjzw4zw04fjfnprcg9c3tges,54951893000,
9e9fd2d2c8be2218ba0a35e852d156dfa51099af14122d854f84cbb9e9d764a6,2024-05-06T06:54:51.685000,sent,kaspa:pzn9r9rkl59jwcfzynrhfuh0lzm6r2zhupd42qnqccd78x7tr8zvuqeqydrqa,10000000000,
9e9fd2d2c8be2218ba0a35e852d156dfa51099af14122d854f84cbb9e9d764a6,2024-05-06T06:54:51.685000,sent,kaspa:pzn9r9rkl59jwcfzynrhfuh0lzm6r2zhupd42qnqccd78x7tr8zvuqeqydrqa,10000000000,
9e9fd2d2c8be2218ba0a35e852d156dfa51099af14122d854f84cbb9e9d764a6,2024-05-06T06:54:51.685000,sent,kaspa:pzn9r9rkl59jwcfzynrhfuh0lzm6r2zhupd42qnqccd78x7tr8zvuqeqydrqa,10000000000,
9e9fd2d2c8be2218ba0a35e852d156dfa51099af14122d854f84cbb9e9d764a6,2024-05-06T06:54:51.685000,sent,kaspa:pzn9r9rkl59jwcfzynrhfuh0lzm6r2zhupd42qnqccd78x7tr8zvuqeqydrqa,10000000000,
9e9fd2d2c8be2218ba0a35e852d156dfa51099af14122d854f84cbb9e9d764a6,2024-05-06T06:54:51.685000,sent,kaspa:pzn9r9rkl59jwcfzynrhfuh0lzm6r2zhupd42qnqccd78x7tr8zvuqeqydrqa,10000000000,
9e9fd2d2c8be2218ba0a35e852d156dfa51099af14122d854f84cbb9e9d764a6,2024-05-06T06:54:51.685000,sent,kaspa:pzn9r9rkl59jwcfzynrhfuh0lzm6r2zhupd42qnqccd78x7tr8zvuqeqydrqa,10000000000,
9e9fd2d2c8be2218ba0a35e852d156dfa51099af14122d854f84cbb9e9d764a6,2024-05-06T06:54:51.685000,sent,kaspa:pzn9r9rkl59jwcfzynrhfuh0lzm6r2zhupd42qnqccd78x7tr8zvuqeqydrqa,10000000000,
9e9fd2d2c8be2218ba0a35e852d156dfa51099af14122d854f84cbb9e9d764a6,2024-05-06T06:54:51.685000,sent,kaspa:pzn9r9rkl59jwcfzynrhfuh0lzm6r2zhupd42qnqccd78x7tr8zvuqeqydrqa,10000000000,
9e9fd2d2c8be2218ba0a35e852d156dfa51099af14122d854f84cbb9e9d764a6,2024-05-06T06:54:51.685000,sent,kaspa:pzn9r9rkl59jwcfzynrhfuh0lzm6r2zhupd42qnqccd78x7tr8zvuqeqydrqa,10000000000,
9e9fd2d2c8be2218ba0a35e852d156dfa51099af14122d854f84cbb9e9d764a6,2024-05-06T06:54:51.685000,sent,kaspa:pzn9r9rkl59jwcfzynrhfuh0lzm6r2zhupd42qnqccd78x7tr8zvuqeqydrqa,10000000000,
9e9fd2d2c8be2218ba0a35e852d156dfa51099af14122d854f84cbb9e9d764a6,2024-05-06T06:54:51.685000,sent,kaspa:pzn9r9rkl59jwcfzynrhfuh0lzm6r2zhupd42qnqccd78x7tr8zvuqeqydrqa,10000000000,
3649fc72a4d6ce6149b07b3aafbbae853ba7a1885a216b1ccb949de14beb5126,2024-05-05T17:56:26.795000,received,kaspa:qrvum29vk365g0zcd5gx3c7h829etfq2ytdmscjzw4zw04fjfnprcg9c3tges,427472999000,
3973f748672c537e5ba96cdd0f65513ebeb91a95aba24db5c172c59ba8827e42,2024-05-04T07:23:40.421000,received,kaspa:qrvum29vk365g0zcd5gx3c7h829etfq2ytdmscjzw4zw04fjfnprcg9c3tges,627288983000,
8a46d2dab3e09335641acf13360ea8b91e31cdbb57d831bcaee3bee6b3c09416,2024-05-01T12:39:17.964000,received,kaspa:qrvum29vk365g0zcd5gx3c7h829etfq2ytdmscjzw4zw04fjfnprcg9c3tges,140809949000,
2b069e7823ec77d0b301d47af3ac8bc65cae943a8246a918533cd48232e3b9fe,2024-04-28T05:20:20.438000,received,kaspa:qrvum29vk365g0zcd5gx3c7h829etfq2ytdmscjzw4zw04fjfnprcg9c3tges,105640154000,
2b069e7823ec77d0b301d47af3ac8bc65cae943a8246a918533cd48232e3b9fe,2024-04-28T05:20:20.438000,received,kaspa:qzuuky4xcdd2ur0u24l0drn9xjyf0d95ll25hyk9ttcz4x9wxlhrcrrm8s0a5,105640154000,
2b069e7823ec77d0b301d47af3ac8bc65cae943a8246a918533cd48232e3b9fe,2024-04-28T05:20:20.438000,received,kaspa:qrvum29vk365g0zcd5gx3c7h829etfq2ytdmscjzw4zw04fjfnprcg9c3tges,105640154000,
53a62978998ec02ab553572255fd0b22d8cfcba3663c5e094ff2eb90bf353020,2024-04-24T20:02:24.392000,received,kaspa:qrvum29vk365g0zcd5gx3c7h829etfq2ytdmscjzw4zw04fjfnprcg9c3tges,85486328000,
fd9022583aedc721bae0641602ffa009695a44a3aedc66b3b41a0ff459e6d8ec,2024-04-18T11:31:57.150000,received,kaspa:qrvum29vk365g0zcd5gx3c7h829etfq2ytdmscjzw4zw04fjfnprcg9c3tges,108037754000,
b58eb43a48b662703d9395f635d550a654fb0b61a0b7b49d707e083b58ee6fe3,2024-04-12T21:01:09.614000,received,kaspa:qrvum29vk365g0zcd5gx3c7h829etfq2ytdmscjzw4zw04fjfnprcg9c3tges,105050744000,
d295e1d549ba0c997cdba4fc43c40480f13c31340d4b2f9c806305b8c91e008a,2024-04-06T09:10:49.350000,received,kaspa:qrvum29vk365g0zcd5gx3c7h829etfq2ytdmscjzw4zw04fjfnprcg9c3tges,1594208096000,
481d92bca06ace13a4f17669eac3cdf3c9835713fd5df7770f0fff10ed760ffc,2024-03-31T17:05:01.931000,received,kaspa:qrvum29vk365g0zcd5gx3c7h829etfq2ytdmscjzw4zw04fjfnprcg9c3tges,1017060821000,
8be7247811627ccd894d90223820549b872099ab0357c22b32a723ac398672c4,2024-03-29T06:05:49.441000,received,kaspa:qpr5a298exwpn3qgpf5jeywphx4dnrw5t4anjzw7mq4q4eahjq5kwc5n5n3qc,10000000000,
3c130f156d773d0b688a90cb8e1fb0380ecf8a3d7545514cf3213309f14c9300,2024-03-20T14:17:20.424000,sent,kaspa:ppnx8w08jc45xnunkgvktzp5lw2du3qrqr9j5yjrx7pf8a8dzstkyfmlsr734,2900000000,
3c130f156d773d0b688a90cb8e1fb0380ecf8a3d7545514cf3213309f14c9300,2024-03-20T14:17:20.424000,sent,kaspa:ppnx8w08jc45xnunkgvktzp5lw2du3qrqr9j5yjrx7pf8a8dzstkyfmlsr734,2900000000,
3c130f156d773d0b688a90cb8e1fb0380ecf8a3d7545514cf3213309f14c9300,2024-03-20T14:17:20.424000,sent,kaspa:ppnx8w08jc45xnunkgvktzp5lw2du3qrqr9j5yjrx7pf8a8dzstkyfmlsr734,2900000000,
3c130f156d773d0b688a90cb8e1fb0380ecf8a3d7545514cf3213309f14c9300,2024-03-20T14:17:20.424000,sent,kaspa:ppnx8w08jc45xnunkgvktzp5lw2du3qrqr9j5yjrx7pf8a8dzstkyfmlsr734,2900000000,
3c130f156d773d0b688a90cb8e1fb0380ecf8a3d7545514cf3213309f14c9300,2024-03-20T14:17:20.424000,sent,kaspa:ppnx8w08jc45xnunkgvktzp5lw2du3qrqr9j5yjrx7pf8a8dzstkyfmlsr734,2900000000,
3c130f156d773d0b688a90cb8e1fb0380ecf8a3d7545514cf3213309f14c9300,2024-03-20T14:17:20.424000,sent,kaspa:ppnx8w08jc45xnunkgvktzp5lw2du3qrqr9j5yjrx7pf8a8dzstkyfmlsr734,2900000000,
3c130f156d773d0b688a90cb8e1fb0380ecf8a3d7545514cf3213309f14c9300,2024-03-20T14:17:20.424000,sent,kaspa:ppnx8w08jc45xnunkgvktzp5lw2du3qrqr9j5yjrx7pf8a8dzstkyfmlsr734,2900000000,
3c130f156d773d0b688a90cb8e1fb0380ecf8a3d7545514cf3213309f14c9300,2024-03-20T14:17:20.424000,sent,kaspa:ppnx8w08jc45xnunkgvktzp5lw2du3qrqr9j5yjrx7pf8a8dzstkyfmlsr734,2900000000,
3c130f156d773d0b688a90cb8e1fb0380ecf8a3d7545514cf3213309f14c9300,2024-03-20T14:17:20.424000,sent,kaspa:ppnx8w08jc45xnunkgvktzp5lw2du3qrqr9j5yjrx7pf8a8dzstkyfmlsr734,2900000000,
3c130f156d773d0b688a90cb8e1fb0380ecf8a3d7545514cf3213309f14c9300,2024-03-20T14:17:20.424000,sent,kaspa:ppnx8w08jc45xnunkgvktzp5lw2du3qrqr9j5yjrx7pf8a8dzstkyfmlsr734,2900000000,
3c130f156d773d0b688a90cb8e1fb0380ecf8a3d7545514cf3213309f14c9300,2024-03-20T14:17:20.424000,sent,kaspa:ppnx8w08jc45xnunkgvktzp5lw2du3qrqr9j5yjrx7pf8a8dzstkyfmlsr734,2900000000,
903c22aa37ce96ea5c2e17e6d21fc0c800965c90773c6736951e4f2986af4775,2024-03-19T15:07:11.530000,received,kaspa:qrvum29vk365g0zcd5gx3c7h829etfq2ytdmscjzw4zw04fjfnprcg9c3tges,103048748000,
de5388bf1f2515a476523f7709b0977283bc594b30a755555457baf61a54dbbc,2024-03-17T10:42:18.131000,received,kaspa:qrvum29vk365g0zcd5gx3c7h829etfq2ytdmscjzw4zw04fjfnprcg9c3tges,150104645000,
a754d66aaa6ca5051b59e5d1151c1ceb0c69aac222587492473f2555e7a9d576,2024-03-16T22:14:16.494000,received,kaspa:qrza80qsle2fzxu52ht4ds69knzl54xcqf4tfm5az0vrt5tqz4m526j2ptkht,86309504000,
5c50fb84b39497f50bc6f82d779aa17e7c918218e05027e4314238ceb07019b5,2024-03-15T13:08:52.137000,received,kaspa:qqeeywdk9lmeze7wwzxq9sx2lls3zavzf96wrxg3270lhmee6vyscg5jrh3sy,7005596557,
5c50fb84b39497f50bc6f82d779aa17e7c918218e05027e4314238ceb07019b5,2024-03-15T13:08:52.137000,received,kaspa:qq5mfqdk7m9r9vydrvhhd72s0p43tvprprx2f6cv9tr4fx3kptl3uhufkgc7r,7005596557,
5c50fb84b39497f50bc6f82d779aa17e7c918218e05027e4314238ceb07019b5,2024-03-15T13:08:52.137000,received,kaspa:qre2pnuww2kx90agm22emxrqca9a9jvva4mss583pcnw3hj9y7k9kjwtz3vr9,7005596557,
5c50fb84b39497f50bc6f82d779aa17e7c918218e05027e4314238ceb07019b5,2024-03-15T13:08:52.137000,received,kaspa:qrqj0hx4ne7nuuy744vknhlc5c38y2pwqqavxqjwpncrfx23pevcktq2kvt8y,7005596557,
5c50fb84b39497f50bc6f82d779aa17e7c918218e05027e4314238ceb07019b5,2024-03-15T13:08:52.137000,received,kaspa:qrvsm9rxfjvptc4uc85eapwpwgwuak9ctpqrn38k3vptvvv702yyulg2wjt2k,7005596557,
5c50fb84b39497f50bc6f82d779aa17e7c918218e05027e4314238ceb07019b5,2024-03-15T13:08:52.137000,received,kaspa:qr6nvkh03qajqkhxu8jwcrfk5hj6vdwra4c5zyse47eeuj0mrswmvc64enzvz,7005596557,
5c50fb84b39497f50bc6f82d779aa17e7c918218e05027e4314238ceb07019b5,2024-03-15T13:08:52.137000,received,kaspa:qqs4d38865u069426h3v2ffwgltugsz9xtr80xvqekp7pj9dg63w2gcpdqer7,7005596557,
5c50fb84b39497f50bc6f82d779aa17e7c918218e05027e4314238ceb07019b5,2024-03-15T13:08:52.137000,received,kaspa:qptadtsw2j8lervl3y7amnta664hn3v6ez5tyr2zu3m9c07q9du7ugqs6zkdf,7005596557,
461ce1df5a62a1c14952050ee43a024e8b3d1981321c474f056d671d2108c02b,2024-03-15T07:46:40.654000,received,kaspa:qrvum29vk365g0zcd5gx3c7h829etfq2ytdmscjzw4zw04fjfnprcg9c3tges,94436369000,
9e884d6c0677179175e2deaf0122c7c17de81ffeee6371aea294550d63fc5fd1,2024-03-14T14:41:08.751000,received,kaspa:qrvum29vk365g0zcd5gx3c7h829etfq2ytdmscjzw4zw04fjfnprcg9c3tges,75276548000,
96dbf94b694f8b9c45537c66e309f6f71240dac135a14c943569533da88e6a59,2024-03-09T17:04:05.115000,received,kaspa:qrvum29vk365g0zcd5gx3c7h829etfq2ytdmscjzw4zw04fjfnprcg9c3tges,72465362000,
d2fa6d8fb947c3d2ee15b79b7eebcaf133e742aa6f9c5d769b3b4eb14d106e96,2024-03-06T15:56:11.318000,received,kaspa:qrvum29vk365g0zcd5gx3c7h829etfq2ytdmscjzw4zw04fjfnprcg9c3tges,71665163000,
6a56c08d2f7922c215e6e6cd033a51668fc82333ae34a2b7f276beea03f4149a,2024-03-06T15:41:25.614000,received,kaspa:qrvrh6za00xmjryjjrmt9sycf8c0gd0tk94kncmdyhd4nv6qe8ex5uelw0qwh,4000000000,
6450f2affd21be6aff13581054ad84a79436a42633aea2c502fabb133b9f0588,2024-03-02T11:22:01.227000,received,kaspa:qrvum29vk365g0zcd5gx3c7h829etfq2ytdmscjzw4zw04fjfnprcg9c3tges,62702135000,
6b29df6879518ca66777b1c0308f93d3912fa4145b76f8baa2ff978e9c0ae899,2024-02-23T12:55:42.442000,sent,kaspa:qzp3u5qrtglr902y4lzv7w6nvwazymr9406qdkwdh27e6q00dv2t5zz0mf8at,200000000,
6b29df6879518ca66777b1c0308f93d3912fa4145b76f8baa2ff978e9c0ae899,2024-02-23T12:55:42.442000,sent,kaspa:qzp3u5qrtglr902y4lzv7w6nvwazymr9406qdkwdh27e6q00dv2t5zz0mf8at,200000000,
6b29df6879518ca66777b1c0308f93d3912fa4145b76f8baa2ff978e9c0ae899,2024-02-23T12:55:42.442000,sent,kaspa:qzp3u5qrtglr902y4lzv7w6nvwazymr9406qdkwdh27e6q00dv2t5zz0mf8at,200000000,
1598f3b59f812ca16cebd965bac879a1061857eea1b509c93125534d3ca11ed0,2024-02-21T14:01:30.064000,received,kaspa:qrvum29vk365g0zcd5gx3c7h829etfq2ytdmscjzw4zw04fjfnprcg9c3tges,197855846000,
55cf117d66ee649a97a92d733e8aed4cf57db4958907e23b7616a13a67abc7ba,2024-02-15T09:45:24.582000,received,kaspa:qrvum29vk365g0zcd5gx3c7h829etfq2ytdmscjzw4zw04fjfnprcg9c3tges,71184644000,
5f659c9c153da86ac720b09d700fc265b15caeb69c8aaacd23eaeded926cffd9,2024-02-15T08:56:26.730000,sent,kaspa:qrrpzulm3xmslahkzua6pcheexes6lkkmdhvg7zvds83f5sxn5pkjzngupq25,788000000000,
5bb46c47632a87b5c7d8facdfaf4f17d8ade3af66db3a633f048360c86fa47d7,2024-02-15T08:48:46.318000,sent,kaspa:qrrpzulm3xmslahkzua6pcheexes6lkkmdhvg7zvds83f5sxn5pkjzngupq25,700000000,
5bb46c47632a87b5c7d8facdfaf4f17d8ade3af66db3a633f048360c86fa47d7,2024-02-15T08:48:46.318000,sent,kaspa:qrrpzulm3xmslahkzua6pcheexes6lkkmdhvg7zvds83f5sxn5pkjzngupq25,700000000,
2d7b922b22ada17a888f0a4e55b5629592d0467b149fde5fde16a622d78cf807,2024-02-15T07:58:27.975000,received,kaspa:qq5m3reehfeuw29gtfjyfg6tkq0w6kjy3v49rycl2rvf0920l5w4sfyydjvyh,699997953,
193f985e46db818dec0027d52683c5b8221ce79301a66cf195b16d21c840c0d9,2024-02-15T07:53:12.575000,sent,kaspa:qq5m3reehfeuw29gtfjyfg6tkq0w6kjy3v49rycl2rvf0920l5w4sfyydjvyh,700000000,
193f985e46db818dec0027d52683c5b8221ce79301a66cf195b16d21c840c0d9,2024-02-15T07:53:12.575000,sent,kaspa:qq5m3reehfeuw29gtfjyfg6tkq0w6kjy3v49rycl2rvf0920l5w4sfyydjvyh,700000000,
193f985e46db818dec0027d52683c5b8221ce79301a66cf195b16d21c840c0d9,2024-02-15T07:53:12.575000,sent,kaspa:qq5m3reehfeuw29gtfjyfg6tkq0w6kjy3v49rycl2rvf0920l5w4sfyydjvyh,700000000,
193f985e46db818dec0027d52683c5b8221ce79301a66cf195b16d21c840c0d9,2024-02-15T07:53:12.575000,sent,kaspa:qq5m3reehfeuw29gtfjyfg6tkq0w6kjy3v49rycl2rvf0920l5w4sfyydjvyh,700000000,
193f985e46db818dec0027d52683c5b8221ce79301a66cf195b16d21c840c0d9,2024-02-15T07:53:12.575000,sent,kaspa:qq5m3reehfeuw29gtfjyfg6tkq0w6kjy3v49rycl2rvf0920l5w4sfyydjvyh,700000000,
193f985e46db818dec0027d52683c5b8221ce79301a66cf195b16d21c840c0d9,2024-02-15T07:53:12.575000,sent,kaspa:qq5m3reehfeuw29gtfjyfg6tkq0w6kjy3v49rycl2rvf0920l5w4sfyydjvyh,700000000,
193f985e46db818dec0027d52683c5b8221ce79301a66cf195b16d21c840c0d9,2024-02-15T07:53:12.575000,sent,kaspa:qq5m3reehfeuw29gtfjyfg6tkq0w6kjy3v49rycl2rvf0920l5w4sfyydjvyh,700000000,
a7351375fc7789c5079f0f6ae650f4e31c10eca3953d7db3959bff619036064a,2024-02-15T07:40:44.204000,received,kaspa:qpr5a298exwpn3qgpf5jeywphx4dnrw5t4anjzw7mq4q4eahjq5kwc5n5n3qc,10000000000,
6dfb587e3bfa389a00715f195d73503f23b5e470ffddef8c21edb4aefc54a482,2024-02-14T20:52:28.771000,received,kaspa:qrvum29vk365g0zcd5gx3c7h829etfq2ytdmscjzw4zw04fjfnprcg9c3tges,104891903000,
051e831d8b98b1a92ea5735e65d1cc24be8abb8a586d548d12dfecfe76a1fa12,2024-02-07T16:11:17.925000,received,kaspa:qrvum29vk365g0zcd5gx3c7h829etfq2ytdmscjzw4zw04fjfnprcg9c3tges,537776585000,
5dd4b26dc314e738e798951e00ec18341c1d63502e00c42a763dc75b9c8abcfc,2024-02-05T17:58:17.908000,received,kaspa:qrvum29vk365g0zcd5gx3c7h829etfq2ytdmscjzw4zw04fjfnprcg9c3tges,105848945000,
f305bec97514f3716f0642c28d33952d98833c2e5780b98e5614a47672183cea,2024-02-03T17:13:56.976000,received,kaspa:qrvum29vk365g0zcd5gx3c7h829etfq2ytdmscjzw4zw04fjfnprcg9c3tges,526767605000,
2d13e6511de92ce538a2655a3f1fd38e4af9dfc8220edd25f1bcf51b07e21765,2024-02-02T13:05:18.032000,received,kaspa:qrvum29vk365g0zcd5gx3c7h829etfq2ytdmscjzw4zw04fjfnprcg9c3tges,227960711000,
74fed2b5af6b2d3b3680f7e2e9b12f230cd2f678c00d6280d7da0aecf44845d5,2024-01-31T19:53:58.263000,sent,kaspa:qpnz2kemsz7vdzslx8jrjj8g6784rdtek2vaas87nt25pnxl9nkyzw8zzmqmf,152300000000,
74fed2b5af6b2d3b3680f7e2e9b12f230cd2f678c00d6280d7da0aecf44845d5,2024-01-31T19:53:58.263000,sent,kaspa:qpnz2kemsz7vdzslx8jrjj8g6784rdtek2vaas87nt25pnxl9nkyzw8zzmqmf,152300000000,
74fed2b5af6b2d3b3680f7e2e9b12f230cd2f678c00d6280d7da0aecf44845d5,2024-01-31T19:53:58.263000,sent,kaspa:qpnz2kemsz7vdzslx8jrjj8g6784rdtek2vaas87nt25pnxl9nkyzw8zzmqmf,152300000000,
74fed2b5af6b2d3b3680f7e2e9b12f230cd2f678c00d6280d7da0aecf44845d5,2024-01-31T19:53:58.263000,sent,kaspa:qpnz2kemsz7vdzslx8jrjj8g6784rdtek2vaas87nt25pnxl9nkyzw8zzmqmf,152300000000,
74fed2b5af6b2d3b3680f7e2e9b12f230cd2f678c00d6280d7da0aecf44845d5,2024-01-31T19:53:58.263000,sent,kaspa:qpnz2kemsz7vdzslx8jrjj8g6784rdtek2vaas87nt25pnxl9nkyzw8zzmqmf,152300000000,
74fed2b5af6b2d3b3680f7e2e9b12f230cd2f678c00d6280d7da0aecf44845d5,2024-01-31T19:53:58.263000,sent,kaspa:qpnz2kemsz7vdzslx8jrjj8g6784rdtek2vaas87nt25pnxl9nkyzw8zzmqmf,152300000000,
74fed2b5af6b2d3b3680f7e2e9b12f230cd2f678c00d6280d7da0aecf44845d5,2024-01-31T19:53:58.263000,sent,kaspa:qpnz2kemsz7vdzslx8jrjj8g6784rdtek2vaas87nt25pnxl9nkyzw8zzmqmf,152300000000,
74fed2b5af6b2d3b3680f7e2e9b12f230cd2f678c00d6280d7da0aecf44845d5,2024-01-31T19:53:58.263000,sent,kaspa:qpnz2kemsz7vdzslx8jrjj8g6784rdtek2vaas87nt25pnxl9nkyzw8zzmqmf,152300000000,
67025aa19c938ed342d51e4367d41e68a729c040871feb4bc3b13baa6fae77da,2024-01-31T14:28:13.217000,received,kaspa:qrvum29vk365g0zcd5gx3c7h829etfq2ytdmscjzw4zw04fjfnprcg9c3tges,500109290000,
9e68f9eeebcfa5f92dbaa8168c5f136954e8296bdc9880611c7a2360b24a3029,2024-01-26T15:04:22.314000,received,kaspa:qrvum29vk365g0zcd5gx3c7h829etfq2ytdmscjzw4zw04fjfnprcg9c3tges,967079852000,
ab42fb48d865fb1ade06dcabb88721a8c2cf55124cdb3a57f05358c53fbb0f2f,2024-01-26T13:35:01.996000,received,kaspa:qpr5a298exwpn3qgpf5jeywphx4dnrw5t4anjzw7mq4q4eahjq5kwc5n5n3qc,10000000000,
9b8f0aa0d56099ead253031f14508dbe118afec78034507949ec976ed94702e2,2024-01-23T11:45:39.745000,received,kaspa:qrvum29vk365g0zcd5gx3c7h829etfq2ytdmscjzw4zw04fjfnprcg9c3tges,346876676000,
b4b3e2de846d490af4cb37197150726720464e1b4cfd7996a6a2b030d30d26d6,2024-01-22T12:46:35.983000,received,kaspa:qrvum29vk365g0zcd5gx3c7h829etfq2ytdmscjzw4zw04fjfnprcg9c3tges,109848941000,
7b0b913888f073217c2dc2ab58d20603b493d173469fec4d5557197a93dabf58,2024-01-21T18:55:52.626000,received,kaspa:qpr5a298exwpn3qgpf5jeywphx4dnrw5t4anjzw7mq4q4eahjq5kwc5n5n3qc,10000000000,
b3c171f9a4c4ac75c99dff80a4558a3e4ade712de66392a90ff6dff941e9eacd,2024-01-15T10:55:12.453000,received,kaspa:qrvum29vk365g0zcd5gx3c7h829etfq2ytdmscjzw4zw04fjfnprcg9c3tges,114431354000,
b05389033eb62ac47a56ba495b414b812e76ec64f728b9e6fbe80c84fd6d8851,2024-01-12T10:51:43.376000,sent,kaspa:qqz78tn0scjclxflh7dz20mhvpf420498qm28307atra9ewqjlcegdg7hluqx,100000000,
b05389033eb62ac47a56ba495b414b812e76ec64f728b9e6fbe80c84fd6d8851,2024-01-12T10:51:43.376000,sent,kaspa:qqz78tn0scjclxflh7dz20mhvpf420498qm28307atra9ewqjlcegdg7hluqx,100000000,
b05389033eb62ac47a56ba495b414b812e76ec64f728b9e6fbe80c84fd6d8851,2024-01-12T10:51:43.376000,sent,kaspa:qqz78tn0scjclxflh7dz20mhvpf420498qm28307atra9ewqjlcegdg7hluqx,100000000,
b05389033eb62ac47a56ba495b414b812e76ec64f728b9e6fbe80c84fd6d8851,2024-01-12T10:51:43.376000,sent,kaspa:qqz78tn0scjclxflh7dz20mhvpf420498qm28307atra9ewqjlcegdg7hluqx,100000000,
b05389033eb62ac47a56ba495b414b812e76ec64f728b9e6fbe80c84fd6d8851,2024-01-12T10:51:43.376000,sent,kaspa:qqz78tn0scjclxflh7dz20mhvpf420498qm28307atra9ewqjlcegdg7hluqx,100000000,
b05389033eb62ac47a56ba495b414b812e76ec64f728b9e6fbe80c84fd6d8851,2024-01-12T10:51:43.376000,sent,kaspa:qqz78tn0scjclxflh7dz20mhvpf420498qm28307atra9ewqjlcegdg7hluqx,100000000,
b83157b4ca35b1c1501aed1b725b947ab007053fc67c86cddff4987c7f38ce1a,2024-01-03T14:26:04.182000,received,kaspa:qrvum29vk365g0zcd5gx3c7h829etfq2ytdmscjzw4zw04fjfnprcg9c3tges,113106680000,
ba061440596682e06f485e62df098e7c5625dda83d56c002b3e8d6087c16f040,2024-01-02T11:04:43.730000,received,kaspa:qpr5a298exwpn3qgpf5jeywphx4dnrw5t4anjzw7mq4q4eahjq5kwc5n5n3qc,16000000000,
ba061440596682e06f485e62df098e7c5625dda83d56c002b3e8d6087c16f040,2024-01-02T11:04:43.730000,received,kaspa:qzdgvmdsd6e3g58hl6hmckdzvl73rfg8h6zswflgslg68cmumyrcgfanl5t8s,16000000000,
7d7196fb5facc900ec2241639158e3035550e16ba560cd8589624720afb33056,2024-01-01T17:00:15.410000,received,kaspa:qrvum29vk365g0zcd5gx3c7h829etfq2ytdmscjzw4zw04fjfnprcg9c3tges,96845957000,
5efe973d0471b5a0ff2f41998ef056e6084e2969cb4502246301a855e64025da,2023-12-25T19:30:30.048000,received,kaspa:qrvum29vk365g0zcd5gx3c7h829etfq2ytdmscjzw4zw04fjfnprcg9c3tges,1018764116000,
0b8999a67c30c6fc715305a77aab347e0a0edec8e44a1e6dfa6f2e1843b41a71,2023-12-23T15:29:15.218000,received,kaspa:qrvum29vk365g0zcd5gx3c7h829etfq2ytdmscjzw4zw04fjfnprcg9c3tges,121730048000,
a5231b17e7c0a829fcc1021c775bbfd02b645c36b0293bd1816b8c752f1afc63,2023-12-19T06:44:16.131000,sent,kaspa:qqqdfggaph6h5kd8mpdgfux20fynp2wqkaaag02l344urwwyxyr9kyyxz05c0,2000000000,
a5231b17e7c0a829fcc1021c775bbfd02b645c36b0293bd1816b8c752f1afc63,2023-12-19T06:44:16.131000,sent,kaspa:qqqdfggaph6h5kd8mpdgfux20fynp2wqkaaag02l344urwwyxyr9kyyxz05c0,2000000000,
a5231b17e7c0a829fcc1021c775bbfd02b645c36b0293bd1816b8c752f1afc63,2023-12-19T06:44:16.131000,sent,kaspa:qqqdfggaph6h5kd8mpdgfux20fynp2wqkaaag02l344urwwyxyr9kyyxz05c0,2000000000,
a5231b17e7c0a829fcc1021c775bbfd02b645c36b0293bd1816b8c752f1afc63,2023-12-19T06:44:16.131000,sent,kaspa:qqqdfggaph6h5kd8mpdgfux20fynp2wqkaaag02l344urwwyxyr9kyyxz05c0,2000000000,
a5231b17e7c0a829fcc1021c775bbfd02b645c36b0293bd1816b8c752f1afc63,2023-12-19T06:44:16.131000,sent,kaspa:qqqdfggaph6h5kd8mpdgfux20fynp2wqkaaag02l344urwwyxyr9kyyxz05c0,2000000000,
a5231b17e7c0a829fcc1021c775bbfd02b645c36b0293bd1816b8c752f1afc63,2023-12-19T06:44:16.131000,sent,kaspa:qqqdfggaph6h5kd8mpdgfux20fynp2wqkaaag02l344urwwyxyr9kyyxz05c0,2000000000,
a5231b17e7c0a829fcc1021c775bbfd02b645c36b0293bd1816b8c752f1afc63,2023-12-19T06:44:16.131000,sent,kaspa:qqqdfggaph6h5kd8mpdgfux20fynp2wqkaaag02l344urwwyxyr9kyyxz05c0,2000000000,
a5231b17e7c0a829fcc1021c775bbfd02b645c36b0293bd1816b8c752f1afc63,2023-12-19T06:44:16.131000,sent,kaspa:qqqdfggaph6h5kd8mpdgfux20fynp2wqkaaag02l344urwwyxyr9kyyxz05c0,2000000000,
a5231b17e7c0a829fcc1021c775bbfd02b645c36b0293bd1816b8c752f1afc63,2023-12-19T06:44:16.131000,sent,kaspa:qqqdfggaph6h5kd8mpdgfux20fynp2wqkaaag02l344urwwyxyr9kyyxz05c0,2000000000,
17d9ddf636f25c0cad2cc515d074ab3e1ab5516360a0a94b1cb893338f014792,2023-12-17T20:05:58.532000,received,kaspa:qpr5a298exwpn3qgpf5jeywphx4dnrw5t4anjzw7mq4q4eahjq5kwc5n5n3qc,10000000000,
0154d0e185936235ed9aa6a3474d3d6c264f1216224189cd6303cd4bc3b596f3,2023-12-17T20:03:31.043000,received,kaspa:qrvum29vk365g0zcd5gx3c7h829etfq2ytdmscjzw4zw04fjfnprcg9c3tges,290305304000,
a0a8a8faa3838d10072f9eb71007fafada1166f90aec5ed4fdc742775b5a43fa,2023-12-15T13:59:17.034000,received,kaspa:qrvum29vk365g0zcd5gx3c7h829etfq2ytdmscjzw4zw04fjfnprcg9c3tges,90083726000,
080c075a7af3b3e1cf3df97fc1a83f4d5564527ac98306657f9e3b363bafcdba,2023-12-11T15:41:27.842000,received,kaspa:qpr5a298exwpn3qgpf5jeywphx4dnrw5t4anjzw7mq4q4eahjq5kwc5n5n3qc,20000000000,
080c075a7af3b3e1cf3df97fc1a83f4d5564527ac98306657f9e3b363bafcdba,2023-12-11T15:41:27.842000,received,kaspa:qpr5a298exwpn3qgpf5jeywphx4dnrw5t4anjzw7mq4q4eahjq5kwc5n5n3qc,20000000000,
84fa04d8797188947d85e01e04fbc956abc64d06251ae780c1665b12b3ac2c9f,2023-12-11T09:44:35.467000,received,kaspa:qrvum29vk365g0zcd5gx3c7h829etfq2ytdmscjzw4zw04fjfnprcg9c3tges,87639173000,
5338599a83c7ab572d3a6850f60d241c05c6fdc0be6ac8d40aecc00de6576043,2023-12-07T19:14:15.094000,received,kaspa:qrvum29vk365g0zcd5gx3c7h829etfq2ytdmscjzw4zw04fjfnprcg9c3tges,82894922000,
bb5adee3058a7f944ce5e975522e3409b8aa53ffa7c72de643b0fb5c21df7d07,2023-12-06T10:44:24.645000,received,kaspa:qrvum29vk365g0zcd5gx3c7h829etfq2ytdmscjzw4zw04fjfnprcg9c3tges,76973849000,
92b2578391b9ee65624859baaa155b0e1f407e7bb968988b68d0cd8372f95b4d,2023-12-01T07:55:57.735000,received,kaspa:qrvum29vk365g0zcd5gx3c7h829etfq2ytdmscjzw4zw04fjfnprcg9c3tges,83465351000,
6732f424f8bcdce20bf58f2ed8aa53167ac3bdec1fabf6a27779b668a2684447,2023-11-26T07:06:36.499000,sent,kaspa:qqfkuxs7qpcykg4xc386skgue9xzgyufe6u7wluvk8jtvnmtfwz0xfwysz3xp,4000000000,
6732f424f8bcdce20bf58f2ed8aa53167ac3bdec1fabf6a27779b668a2684447,2023-11-26T07:06:36.499000,sent,kaspa:qqfkuxs7qpcykg4xc386skgue9xzgyufe6u7wluvk8jtvnmtfwz0xfwysz3xp,4000000000,
6732f424f8bcdce20bf58f2ed8aa53167ac3bdec1fabf6a27779b668a2684447,2023-11-26T07:06:36.499000,sent,kaspa:qqfkuxs7qpcykg4xc386skgue9xzgyufe6u7wluvk8jtvnmtfwz0xfwysz3xp,4000000000,
6732f424f8bcdce20bf58f2ed8aa53167ac3bdec1fabf6a27779b668a2684447,2023-11-26T07:06:36.499000,sent,kaspa:qqfkuxs7qpcykg4xc386skgue9xzgyufe6u7wluvk8jtvnmtfwz0xfwysz3xp,4000000000,
6732f424f8bcdce20bf58f2ed8aa53167ac3bdec1fabf6a27779b668a2684447,2023-11-26T07:06:36.499000,sent,kaspa:qqfkuxs7qpcykg4xc386skgue9xzgyufe6u7wluvk8jtvnmtfwz0xfwysz3xp,4000000000,
85d6f6bfa785c62f26b109f8e429e8b2c4d1733c3201dbf47b8a563368a81bc7,2023-11-24T17:24:29.764000,received,kaspa:qzksmj4e8a4l9x8gnlzp6vg7uzx998d7nmdee2x6w6ywjkqzne2rjfzrz8s8x,5000018369559,
85d6f6bfa785c62f26b109f8e429e8b2c4d1733c3201dbf47b8a563368a81bc7,2023-11-24T17:24:29.764000,received,kaspa:qrq7sg0nenz7jvesduddyy0yyzukwwtn2dp8a0l7vlsepsc8j3duxz5gt42g7,5000018369559,
85d6f6bfa785c62f26b109f8e429e8b2c4d1733c3201dbf47b8a563368a81bc7,2023-11-24T17:24:29.764000,received,kaspa:qz9p98rm7gqry23v2c2yhrxz9fvwf8ynkav6q7ca5mgnnypdxdfmgrsld24y0,5000018369559,
85d6f6bfa785c62f26b109f8e429e8b2c4d1733c3201dbf47b8a563368a81bc7,2023-11-24T17:24:29.764000,received,kaspa:qpr5a298exwpn3qgpf5jeywphx4dnrw5t4anjzw7mq4q4eahjq5kwc5n5n3qc,5000018369559,
85d6f6bfa785c62f26b109f8e429e8b2c4d1733c3201dbf47b8a563368a81bc7,2023-11-24T17:24:29.764000,received,kaspa:qpr5a298exwpn3qgpf5jeywphx4dnrw5t4anjzw7mq4q4eahjq5kwc5n5n3qc,5000018369559,
85d6f6bfa785c62f26b109f8e429e8b2c4d1733c3201dbf47b8a563368a81bc7,2023-11-24T17:24:29.764000,received,kaspa:qpr5a298exwpn3qgpf5jeywphx4dnrw5t4anjzw7mq4q4eahjq5kwc5n5n3qc,5000018369559,
85d6f6bfa785c62f26b109f8e429e8b2c4d1733c3201dbf47b8a563368a81bc7,2023-11-24T17:24:29.764000,received,kaspa:qpr5a298exwpn3qgpf5jeywphx4dnrw5t4anjzw7mq4q4eahjq5kwc5n5n3qc,5000018369559,
85d6f6bfa785c62f26b109f8e429e8b2c4d1733c3201dbf47b8a563368a81bc7,2023-11-24T17:24:29.764000,received,kaspa:qpr5a298exwpn3qgpf5jeywphx4dnrw5t4anjzw7mq4q4eahjq5kwc5n5n3qc,5000018369559,
85d6f6bfa785c62f26b109f8e429e8b2c4d1733c3201dbf47b8a563368a81bc7,2023-11-24T17:24:29.764000,received,kaspa:qpr5a298exwpn3qgpf5jeywphx4dnrw5t4anjzw7mq4q4eahjq5kwc5n5n3qc,5000018369559,
85d6f6bfa785c62f26b109f8e429e8b2c4d1733c3201dbf47b8a563368a81bc7,2023-11-24T17:24:29.764000,received,kaspa:qpr5a298exwpn3qgpf5jeywphx4dnrw5t4anjzw7mq4q4eahjq5kwc5n5n3qc,5000018369559,
85d6f6bfa785c62f26b109f8e429e8b2c4d1733c3201dbf47b8a563368a81bc7,2023-11-24T17:24:29.764000,received,kaspa:qpr5a298exwpn3qgpf5jeywphx4dnrw5t4anjzw7mq4q4eahjq5kwc5n5n3qc,5000018369559,
85d6f6bfa785c62f26b109f8e429e8b2c4d1733c3201dbf47b8a563368a81bc7,2023-11-24T17:24:29.764000,received,kaspa:qpzdjcldgvr0uc7gmmpuqf79lh2xl6lmh70ytpareutajjx77nwxk3ze89dcu,5000018369559,
e54c2638cc13c542edc8a54a95cc582d8eed45ded183d0d1915e62b32c895424,2023-11-24T17:22:33.668000,received,kaspa:qz2qu0y8dl3w3xx79kad64caw5pjyp43avpud4j5s9m8u0apf2z0z5nf94kxe,5000000000000,
18c2cc1f818d5536ee11de409e258ac98c2464015e3fb231c397b104bb10cb1e,2023-11-24T15:54:34.597000,received,kaspa:qrpvay5sxwyzd0a8wj3s8ja3ykxuh0raz4d9fddxxwj95tawfxpyvs7naqtku,3000000000000,
ee96f0f415f8c62c34a8c3501aa3fc365168c3abb00629e2e0f664dcd74cd72e,2023-11-24T13:12:39.877000,received,kaspa:qprjet28z6tw9wu3r6c99tvds2ncmktt6wa9nsyee3ze5f6gpxsrx5fu9gzc3,264700000000,
cfb2f93718831312881cf7d7dcff10fcbee1141a1fd873b2db158d25d1a7e4bc,2023-11-24T13:10:38.553000,sent,kaspa:qpzdjcldgvr0uc7gmmpuqf79lh2xl6lmh70ytpareutajjx77nwxk3ze89dcu,200000000,
c31b3c0f09dd67cc5fd208a0101a09ab48b4af6978b4fd9c1b97497c5e4723e9,2023-11-24T13:09:05.207000,received,kaspa:qpcdpnz2mnxypmw4t5jsh3an64sn32z5956j7reuakm4y5qg8052umxgjm23e,267000000,
