tx_id,timestamp,direction,peer_address,amount_sompi,cex_label
f19212a6eedfc309e5be07e471d29b32a3e4a2833494df8f38acec37d8ba7388,2023-12-16T05:14:39.954000,sent,kaspa:qzslgwenzu78t6tldlng383g7ruu4enaljmnkgaulyrscjp7ldt26x8gfxck5,171940000,
f19212a6eedfc309e5be07e471d29b32a3e4a2833494df8f38acec37d8ba7388,2023-12-16T05:14:39.954000,sent,kaspa:qzslgwenzu78t6tldlng383g7ruu4enaljmnkgaulyrscjp7ldt26x8gfxck5,171940000,
d30d60c582c6abda6f62af1a1536d2a0865ab2acc218c0b521c80fe4a53ef81f,2023-12-13T05:10:15.222000,received,kaspa:qypswxtcrv4ssyjaswy5w9387vq73mkuyq85tl34cee6qn5uexqy0csgnafnjx7,171000000,
2f1089287b474d092e06766cd8338eded0727776c3ce428b1d16ea9baee8be94,2023-11-29T21:07:01.420000,sent,kaspa:qyphfc99vfw7a5l72qp5vsf24dxkfxnl3ld53h69zv4z3h8py969t6qv2rnvtgr,18000000,
7003b712842247849029b0b6ce271eb53e51f09ca347af4bf362c37d9b392a94,2023-11-29T02:21:23.477000,received,kaspa:qpw309ql97qqj6zc80wuq0pw64sw4n2l0jhq3lpx7amn38z4s02tj0dhumqnq,19000000,
