tx_id,timestamp,direction,peer_address,amount_sompi,cex_label
7815190486177e3626bffadbf8c864d0696e32a6eeca56423a07a5172db35921,2024-04-04T13:47:35.672000,sent,kaspa:qqe6yg8fm8cknsc54c6r93qr82nez254w3fk5zaawzda2rt4d7jzgtkls9ckv,5984149203731,
7815190486177e3626bffadbf8c864d0696e32a6eeca56423a07a5172db35921,2024-04-04T13:47:35.672000,sent,kaspa:qqe6yg8fm8cknsc54c6r93qr82nez254w3fk5zaawzda2rt4d7jzgtkls9ckv,5984149203731,
c71b7463d1060d1888e00ae8d45e99f93a0acdccc30895423ba39108013016aa,2024-04-03T09:57:02.580000,received,kaspa:qrvum29vk365g0zcd5gx3c7h829etfq2ytdmscjzw4zw04fjfnprcg9c3tges,1172875850000,
2aa1c926c57941aacf2bd3540a09d1977bdf3eb0b3b477c8718e0e4c1301e7ec,2024-04-03T09:28:06.509000,received,kaspa:qrvum29vk365g0zcd5gx3c7h829etfq2ytdmscjzw4zw04fjfnprcg9c3tges,4811273373731,
43c4f94c99707b02aaba51af7ec533130cf73caa31e431c3e7738f363c360aa8,2024-03-27T16:54:35.180000,sent,kaspa:qqe6yg8fm8cknsc54c6r93qr82nez254w3fk5zaawzda2rt4d7jzgtkls9ckv,911841571332,
0e52adad388e8cf95bcc1e73442b7580f285973f5d4f969598612712d99c85df,2024-03-01T17:10:22.080000,received,kaspa:qrvum29vk365g0zcd5gx3c7h829etfq2ytdmscjzw4zw04fjfnprcg9c3tges,911841581332,
ba23bd984a024f1948bfe492bf65f23bbd3e1edea945da1dbbaedf1837d45ac2,2024-02-25T09:53:36.527000,sent,kaspa:qqe6yg8fm8cknsc54c6r93qr82nez254w3fk5zaawzda2rt4d7jzgtkls9ckv,801100721332,
9f76051bbe7c5fd8c168416006de2390cc420ac4b5feae8350ccd7a08a2b5eff,2024-01-11T16:09:10.907000,received,kaspa:qplj0xdafvpt0u9tkwereeflhnx26um6f0t44vx3vw54n606mcfpwe83g2a6a,801100731332,
d8fd2d6f444f0327216366c542f7ca655838a8b2b3e6329cd296725bf11152a6,2024-01-10T06:42:07.965000,sent,kaspa:qqe6yg8fm8cknsc54c6r93qr82nez254w3fk5zaawzda2rt4d7jzgtkls9ckv,783710395332,
d8fd2d6f444f0327216366c542f7ca655838a8b2b3e6329cd296725bf11152a6,2024-01-10T06:42:07.965000,sent,kaspa:qqe6yg8fm8cknsc54c6r93qr82nez254w3fk5zaawzda2rt4d7jzgtkls9ckv,783710395332,
d8fd2d6f444f0327216366c542f7ca655838a8b2b3e6329cd296725bf11152a6,2024-01-10T06:42:07.965000,sent,kaspa:qqe6yg8fm8cknsc54c6r93qr82nez254w3fk5zaawzda2rt4d7jzgtkls9ckv,783710395332,
d8fd2d6f444f0327216366c542f7ca655838a8b2b3e6329cd296725bf11152a6,2024-01-10T06:42:07.965000,sent,kaspa:qqe6yg8fm8cknsc54c6r93qr82nez254w3fk5zaawzda2rt4d7jzgtkls9ckv,783710395332,
f59b22199f40448cafeff534a82f2116b1605b33d59f07693a69e94218666d6e,2023-12-04T08:58:04.230000,received,kaspa:qprycm3y75jftr4kjyq8y90d58lz32mvgy6xkr6ufrww4da5q2rxwrx55jk80,306672970554,
4dc841480d6338fcc824efa4e05843142873388139400239cbc05bb791913191,2023-12-04T08:10:37.138000,received,kaspa:qzl3qvd0sxf2a3xc2jzf8hvvm4w4ma68m2hs0vl4pnllnwqxuvzece9xhnsk8,143150368923,
65c322b87ccc2049ed28c7a3a39fabfc3dc4c705929a96113c458f1d4d4e0ef0,2023-11-09T14:06:02.500000,received,kaspa:qqt7kc4tsh690c7wee93efs6nf979wg4gt53e9ez6jjlvm5gnds3zrl2kkr8j,110496613703,
ef25ea42aad4d53b7af4abea4e18ef0c49238fe9d3c2a5f3b095342f7b192cd4,2023-08-03T07:06:03.564000,received,kaspa:qrr5nldlganpzpuzecfffgzpxffwtdhk9yffhtqvlmzy7cukj2947vvpm968r,223390482152,
482573447806c44ce9bad14bd772a4d54495df9f8e0230cce9bb9332a54e85df,2023-07-04T17:51:45.501000,sent,kaspa:qqtph6usxtwg3v9n5c79c2hce90qcr96r6kvtefvj689fuuflv5fwr0rnr8u6,128845090000,
faac9a974abe09483d2dc9df6fb9868d0201b9470a2ae3be207ed97504615f91,2023-06-14T20:44:07.475000,sent,kaspa:qqtph6usxtwg3v9n5c79c2hce90qcr96r6kvtefvj689fuuflv5fwr0rnr8u6,5000000000000,
6f6fcc99a8ff2b753f7f599c7efd4a53666d10ebde0af5eec69b9c5d133e0a3a,2023-05-05T13:55:39.029000,sent,kaspa:qqtph6usxtwg3v9n5c79c2hce90qcr96r6kvtefvj689fuuflv5fwr0rnr8u6,500000000000,
6f6fcc99a8ff2b753f7f599c7efd4a53666d10ebde0af5eec69b9c5d133e0a3a,2023-05-05T13:55:39.029000,sent,kaspa:qqtph6usxtwg3v9n5c79c2hce90qcr96r6kvtefvj689fuuflv5fwr0rnr8u6,500000000000,
6f6fcc99a8ff2b753f7f599c7efd4a53666d10ebde0af5eec69b9c5d133e0a3a,2023-05-05T13:55:39.029000,sent,kaspa:qqtph6usxtwg3v9n5c79c2hce90qcr96r6kvtefvj689fuuflv5fwr0rnr8u6,500000000000,
6f6fcc99a8ff2b753f7f599c7efd4a53666d10ebde0af5eec69b9c5d133e0a3a,2023-05-05T13:55:39.029000,sent,kaspa:qqtph6usxtwg3v9n5c79c2hce90qcr96r6kvtefvj689fuuflv5fwr0rnr8u6,500000000000,
a7ea38102519dab2f5b7ff33979d1c564816246b7350e083143667455953f320,2023-04-26T11:08:04.677000,received,kaspa:qr8vkvl3ykh0fwdpwysl87z59g224kva6kph8k359q5e4gxm4qgzz3lw3cfeg,318845200000,
a7ea38102519dab2f5b7ff33979d1c564816246b7350e083143667455953f320,2023-04-26T11:08:04.677000,received,kaspa:qppre9pdxmt7q7mzrk73tph6l8mph4jdyker45gp7zylkrhvvfsuqtrmhut23,318845200000,
5021d6edf488a9c6047725dd16eac8a77ed833c156755e60a974597d1297b7f5,2023-04-25T07:41:48.076000,received,kaspa:qzyrqf2ue6eghqvpzngu7fda0584z0rcwg5jj3sn8rv4efcm3am5w5mv73mh5,3309999960000,
5021d6edf488a9c6047725dd16eac8a77ed833c156755e60a974597d1297b7f5,2023-04-25T07:41:48.076000,received,kaspa:qqwpmu75udy889gr48ppq5hp637v9jvlgfrwprac3tj35552z7ja60txfuwhv,3309999960000,
5021d6edf488a9c6047725dd16eac8a77ed833c156755e60a974597d1297b7f5,2023-04-25T07:41:48.076000,received,kaspa:qqkl5nhpxg8h9z7s05vqprkyuagsxp944yldlf6k5l4xyrmq7qryxe6j5nune,3309999960000,
5021d6edf488a9c6047725dd16eac8a77ed833c156755e60a974597d1297b7f5,2023-04-25T07:41:48.076000,received,kaspa:qr0x6quntwcdl42wfe3qj592jpscm0xzazkfuf97sgmhmxprl8ycvdyvnwnqu,3309999960000,
6b8b320c736855fe061fce694b3327b55328d5c47321bacb81b926672b1a044a,2023-04-25T07:40:18.338000,received,kaspa:qqc83mthdwxs06gry8hzecrm4tkrnq4dh526p0pquyds9pfyaa0xc85v6mks8,1499999990000,
6b8b320c736855fe061fce694b3327b55328d5c47321bacb81b926672b1a044a,2023-04-25T07:40:18.338000,received,kaspa:qpr0tpq8hkuh043ylnc25922yv4x9sqvzsfu4a4f6t3zp58ywv2sjlce6c2wa,1499999990000,
630355e6d5f6a7bd7c62669d5afdc49535311e2354f19a6607db61d176e6477f,2023-04-25T07:38:09.293000,received,kaspa:qppre9pdxmt7q7mzrk73tph6l8mph4jdyker45gp7zylkrhvvfsuqtrmhut23,500000000000,
630355e6d5f6a7bd7c62669d5afdc49535311e2354f19a6607db61d176e6477f,2023-04-25T07:38:09.293000,received,kaspa:qqyn8lhmxgu9e5w8s0duaezvg60n0rp6xv9t25czq4dt9qm3y2mmxf2c0k9wx,500000000000,
