tx_id,timestamp,direction,peer_address,amount_sompi,cex_label
91d9fcd37dfa8bc4c2e6d9bcd8a09f77748967aa5ec62f74a16464b03bdb25da,2023-12-06T23:26:55.674000,sent,kaspa:qpsjm3z605t5d09mpac4nudz4ptvffyyru035mlkhcuhuqc2lxgrj2z42gn5c,35116099994478,
91d9fcd37dfa8bc4c2e6d9bcd8a09f77748967aa5ec62f74a16464b03bdb25da,2023-12-06T23:26:55.674000,sent,kaspa:qrgg3wszmgykrdsgxf77wejrtd0x4va5yvnxf44m8y4ue3kgcjw3c8lt4lyq9,2535048,
91d9fcd37dfa8bc4c2e6d9bcd8a09f77748967aa5ec62f74a16464b03bdb25da,2023-12-06T23:26:55.674000,sent,kaspa:qpsjm3z605t5d09mpac4nudz4ptvffyyru035mlkhcuhuqc2lxgrj2z42gn5c,35116099994478,
91d9fcd37dfa8bc4c2e6d9bcd8a09f77748967aa5ec62f74a16464b03bdb25da,2023-12-06T23:26:55.674000,sent,kaspa:qrgg3wszmgykrdsgxf77wejrtd0x4va5yvnxf44m8y4ue3kgcjw3c8lt4lyq9,2535048,
91d9fcd37dfa8bc4c2e6d9bcd8a09f77748967aa5ec62f74a16464b03bdb25da,2023-12-06T23:26:55.674000,sent,kaspa:qpsjm3z605t5d09mpac4nudz4ptvffyyru035mlkhcuhuqc2lxgrj2z42gn5c,35116099994478,
91d9fcd37dfa8bc4c2e6d9bcd8a09f77748967aa5ec62f74a16464b03bdb25da,2023-12-06T23:26:55.674000,sent,kaspa:qrgg3wszmgykrdsgxf77wejrtd0x4va5yvnxf44m8y4ue3kgcjw3c8lt4lyq9,2535048,
52d22544c3c8fd1a09ded899b3758b4b0a1fadce4fd9e4e61742d630760c21f0,2023-12-06T23:03:23.965000,sent,kaspa:qpsjm3z605t5d09mpac4nudz4ptvffyyru035mlkhcuhuqc2lxgrj2z42gn5c,200000000000,
52d22544c3c8fd1a09ded899b3758b4b0a1fadce4fd9e4e61742d630760c21f0,2023-12-06T23:03:23.965000,sent,kaspa:qr7kxpqtleeh7q50xggcn9mp7wa4jrdxp8s48xwquamk0h70qsz2vuc6keg97,9816102535048,
63976e98d9658907cea0ce78fe8b289b43fe5a39cc34567cc1b8b6ae772cfe0b,2023-12-06T14:17:51.441000,received,kaspa:qp6ujhh6k95l3jms67cg4zlvga50navclzc6pxmdlx383e948rayyxhspkch6,8500000000000,
63976e98d9658907cea0ce78fe8b289b43fe5a39cc34567cc1b8b6ae772cfe0b,2023-12-06T14:17:51.441000,received,kaspa:qp6ujhh6k95l3jms67cg4zlvga50navclzc6pxmdlx383e948rayyxhspkch6,8500000000000,
63976e98d9658907cea0ce78fe8b289b43fe5a39cc34567cc1b8b6ae772cfe0b,2023-12-06T14:17:51.441000,received,kaspa:qp6ujhh6k95l3jms67cg4zlvga50navclzc6pxmdlx383e948rayyxhspkch6,8500000000000,
63976e98d9658907cea0ce78fe8b289b43fe5a39cc34567cc1b8b6ae772cfe0b,2023-12-06T14:17:51.441000,received,kaspa:qp6ujhh6k95l3jms67cg4zlvga50navclzc6pxmdlx383e948rayyxhspkch6,8500000000000,
63976e98d9658907cea0ce78fe8b289b43fe5a39cc34567cc1b8b6ae772cfe0b,2023-12-06T14:17:51.441000,received,kaspa:qp6ujhh6k95l3jms67cg4zlvga50navclzc6pxmdlx383e948rayyxhspkch6,8500000000000,
63976e98d9658907cea0ce78fe8b289b43fe5a39cc34567cc1b8b6ae772cfe0b,2023-12-06T14:17:51.441000,received,kaspa:qp6ujhh6k95l3jms67cg4zlvga50navclzc6pxmdlx383e948rayyxhspkch6,8500000000000,
63976e98d9658907cea0ce78fe8b289b43fe5a39cc34567cc1b8b6ae772cfe0b,2023-12-06T14:17:51.441000,received,kaspa:qp6ujhh6k95l3jms67cg4zlvga50navclzc6pxmdlx383e948rayyxhspkch6,8500000000000,
63976e98d9658907cea0ce78fe8b289b43fe5a39cc34567cc1b8b6ae772cfe0b,2023-12-06T14:17:51.441000,received,kaspa:qp6ujhh6k95l3jms67cg4zlvga50navclzc6pxmdlx383e948rayyxhspkch6,8500000000000,
63976e98d9658907cea0ce78fe8b289b43fe5a39cc34567cc1b8b6ae772cfe0b,2023-12-06T14:17:51.441000,received,kaspa:qp6ujhh6k95l3jms67cg4zlvga50navclzc6pxmdlx383e948rayyxhspkch6,8500000000000,
63976e98d9658907cea0ce78fe8b289b43fe5a39cc34567cc1b8b6ae772cfe0b,2023-12-06T14:17:51.441000,received,kaspa:qp6ujhh6k95l3jms67cg4zlvga50navclzc6pxmdlx383e948rayyxhspkch6,8500000000000,
63976e98d9658907cea0ce78fe8b289b43fe5a39cc34567cc1b8b6ae772cfe0b,2023-12-06T14:17:51.441000,received,kaspa:qp6ujhh6k95l3jms67cg4zlvga50navclzc6pxmdlx383e948rayyxhspkch6,8500000000000,
63976e98d9658907cea0ce78fe8b289b43fe5a39cc34567cc1b8b6ae772cfe0b,2023-12-06T14:17:51.441000,received,kaspa:qp6ujhh6k95l3jms67cg4zlvga50navclzc6pxmdlx383e948rayyxhspkch6,8500000000000,
63976e98d9658907cea0ce78fe8b289b43fe5a39cc34567cc1b8b6ae772cfe0b,2023-12-06T14:17:51.441000,received,kaspa:qp6ujhh6k95l3jms67cg4zlvga50navclzc6pxmdlx383e948rayyxhspkch6,8500000000000,
63976e98d9658907cea0ce78fe8b289b43fe5a39cc34567cc1b8b6ae772cfe0b,2023-12-06T14:17:51.441000,received,kaspa:qp6ujhh6k95l3jms67cg4zlvga50navclzc6pxmdlx383e948rayyxhspkch6,8500000000000,
63976e98d9658907cea0ce78fe8b289b43fe5a39cc34567cc1b8b6ae772cfe0b,2023-12-06T14:17:51.441000,received,kaspa:qp6ujhh6k95l3jms67cg4zlvga50navclzc6pxmdlx383e948rayyxhspkch6,8500000000000,
63976e98d9658907cea0ce78fe8b289b43fe5a39cc34567cc1b8b6ae772cfe0b,2023-12-06T14:17:51.441000,received,kaspa:qp6ujhh6k95l3jms67cg4zlvga50navclzc6pxmdlx383e948rayyxhspkch6,8500000000000,
63976e98d9658907cea0ce78fe8b289b43fe5a39cc34567cc1b8b6ae772cfe0b,2023-12-06T14:17:51.441000,received,kaspa:qp6ujhh6k95l3jms67cg4zlvga50navclzc6pxmdlx383e948rayyxhspkch6,8500000000000,
63976e98d9658907cea0ce78fe8b289b43fe5a39cc34567cc1b8b6ae772cfe0b,2023-12-06T14:17:51.441000,received,kaspa:qza76jveh83t5hz696hwflzmzfu20j5w5r304dcumhm7x6v60mxjx7j50qr92,8500000000000,
63976e98d9658907cea0ce78fe8b289b43fe5a39cc34567cc1b8b6ae772cfe0b,2023-12-06T14:17:51.441000,received,kaspa:qq6l97m9tg9cxteugmx9lxah53ce0zdel25ks83akgm6vl54t77z29hfysfat,8500000000000,
63976e98d9658907cea0ce78fe8b289b43fe5a39cc34567cc1b8b6ae772cfe0b,2023-12-06T14:17:51.441000,received,kaspa:qz0avkyqs5lnme4e5uz5zatzk3wnc98gfu296kxltlmgu8nlckkagpn2vd4m5,8500000000000,
63976e98d9658907cea0ce78fe8b289b43fe5a39cc34567cc1b8b6ae772cfe0b,2023-12-06T14:17:51.441000,received,kaspa:qrp0wl4xl4t3leyhqy5v3pceygmq205xcqdr4wglauj3aw8lrhv52285hrvae,8500000000000,
63976e98d9658907cea0ce78fe8b289b43fe5a39cc34567cc1b8b6ae772cfe0b,2023-12-06T14:17:51.441000,received,kaspa:qqxl8td7u8yhktcxpmmxvd6aasg4ykdkmfy7t2crc5kls3cp8jnpzvryyzkcu,8500000000000,
63976e98d9658907cea0ce78fe8b289b43fe5a39cc34567cc1b8b6ae772cfe0b,2023-12-06T14:17:51.441000,received,kaspa:qqxl8td7u8yhktcxpmmxvd6aasg4ykdkmfy7t2crc5kls3cp8jnpzvryyzkcu,8500000000000,
63976e98d9658907cea0ce78fe8b289b43fe5a39cc34567cc1b8b6ae772cfe0b,2023-12-06T14:17:51.441000,received,kaspa:qqxl8td7u8yhktcxpmmxvd6aasg4ykdkmfy7t2crc5kls3cp8jnpzvryyzkcu,8500000000000,
63976e98d9658907cea0ce78fe8b289b43fe5a39cc34567cc1b8b6ae772cfe0b,2023-12-06T14:17:51.441000,received,kaspa:qqxl8td7u8yhktcxpmmxvd6aasg4ykdkmfy7t2crc5kls3cp8jnpzvryyzkcu,8500000000000,
63976e98d9658907cea0ce78fe8b289b43fe5a39cc34567cc1b8b6ae772cfe0b,2023-12-06T14:17:51.441000,received,kaspa:qqxl8td7u8yhktcxpmmxvd6aasg4ykdkmfy7t2crc5kls3cp8jnpzvryyzkcu,8500000000000,
63976e98d9658907cea0ce78fe8b289b43fe5a39cc34567cc1b8b6ae772cfe0b,2023-12-06T14:17:51.441000,received,kaspa:qqxl8td7u8yhktcxpmmxvd6aasg4ykdkmfy7t2crc5kls3cp8jnpzvryyzkcu,8500000000000,
63976e98d9658907cea0ce78fe8b289b43fe5a39cc34567cc1b8b6ae772cfe0b,2023-12-06T14:17:51.441000,received,kaspa:qqxl8td7u8yhktcxpmmxvd6aasg4ykdkmfy7t2crc5kls3cp8jnpzvryyzkcu,8500000000000,
63976e98d9658907cea0ce78fe8b289b43fe5a39cc34567cc1b8b6ae772cfe0b,2023-12-06T14:17:51.441000,received,kaspa:qqxl8td7u8yhktcxpmmxvd6aasg4ykdkmfy7t2crc5kls3cp8jnpzvryyzkcu,8500000000000,
63976e98d9658907cea0ce78fe8b289b43fe5a39cc34567cc1b8b6ae772cfe0b,2023-12-06T14:17:51.441000,received,kaspa:qqxl8td7u8yhktcxpmmxvd6aasg4ykdkmfy7t2crc5kls3cp8jnpzvryyzkcu,8500000000000,
63976e98d9658907cea0ce78fe8b289b43fe5a39cc34567cc1b8b6ae772cfe0b,2023-12-06T14:17:51.441000,received,kaspa:qqxl8td7u8yhktcxpmmxvd6aasg4ykdkmfy7t2crc5kls3cp8jnpzvryyzkcu,8500000000000,
63976e98d9658907cea0ce78fe8b289b43fe5a39cc34567cc1b8b6ae772cfe0b,2023-12-06T14:17:51.441000,received,kaspa:qqxl8td7u8yhktcxpmmxvd6aasg4ykdkmfy7t2crc5kls3cp8jnpzvryyzkcu,8500000000000,
63976e98d9658907cea0ce78fe8b289b43fe5a39cc34567cc1b8b6ae772cfe0b,2023-12-06T14:17:51.441000,received,kaspa:qqxl8td7u8yhktcxpmmxvd6aasg4ykdkmfy7t2crc5kls3cp8jnpzvryyzkcu,8500000000000,
63976e98d9658907cea0ce78fe8b289b43fe5a39cc34567cc1b8b6ae772cfe0b,2023-12-06T14:17:51.441000,received,kaspa:qqxl8td7u8yhktcxpmmxvd6aasg4ykdkmfy7t2crc5kls3cp8jnpzvryyzkcu,8500000000000,
63976e98d9658907cea0ce78fe8b289b43fe5a39cc34567cc1b8b6ae772cfe0b,2023-12-06T14:17:51.441000,received,kaspa:qqxl8td7u8yhktcxpmmxvd6aasg4ykdkmfy7t2crc5kls3cp8jnpzvryyzkcu,8500000000000,
63976e98d9658907cea0ce78fe8b289b43fe5a39cc34567cc1b8b6ae772cfe0b,2023-12-06T14:17:51.441000,received,kaspa:qqxl8td7u8yhktcxpmmxvd6aasg4ykdkmfy7t2crc5kls3cp8jnpzvryyzkcu,8500000000000,
63976e98d9658907cea0ce78fe8b289b43fe5a39cc34567cc1b8b6ae772cfe0b,2023-12-06T14:17:51.441000,received,kaspa:qqxl8td7u8yhktcxpmmxvd6aasg4ykdkmfy7t2crc5kls3cp8jnpzvryyzkcu,8500000000000,
63976e98d9658907cea0ce78fe8b289b43fe5a39cc34567cc1b8b6ae772cfe0b,2023-12-06T14:17:51.441000,received,kaspa:qqxl8td7u8yhktcxpmmxvd6aasg4ykdkmfy7t2crc5kls3cp8jnpzvryyzkcu,8500000000000,
63976e98d9658907cea0ce78fe8b289b43fe5a39cc34567cc1b8b6ae772cfe0b,2023-12-06T14:17:51.441000,received,kaspa:qqxl8td7u8yhktcxpmmxvd6aasg4ykdkmfy7t2crc5kls3cp8jnpzvryyzkcu,8500000000000,
63976e98d9658907cea0ce78fe8b289b43fe5a39cc34567cc1b8b6ae772cfe0b,2023-12-06T14:17:51.441000,received,kaspa:qqxl8td7u8yhktcxpmmxvd6aasg4ykdkmfy7t2crc5kls3cp8jnpzvryyzkcu,8500000000000,
63976e98d9658907cea0ce78fe8b289b43fe5a39cc34567cc1b8b6ae772cfe0b,2023-12-06T14:17:51.441000,received,kaspa:qqxl8td7u8yhktcxpmmxvd6aasg4ykdkmfy7t2crc5kls3cp8jnpzvryyzkcu,8500000000000,
63976e98d9658907cea0ce78fe8b289b43fe5a39cc34567cc1b8b6ae772cfe0b,2023-12-06T14:17:51.441000,received,kaspa:qqxl8td7u8yhktcxpmmxvd6aasg4ykdkmfy7t2crc5kls3cp8jnpzvryyzkcu,8500000000000,
63976e98d9658907cea0ce78fe8b289b43fe5a39cc34567cc1b8b6ae772cfe0b,2023-12-06T14:17:51.441000,received,kaspa:qqxl8td7u8yhktcxpmmxvd6aasg4ykdkmfy7t2crc5kls3cp8jnpzvryyzkcu,8500000000000,
63976e98d9658907cea0ce78fe8b289b43fe5a39cc34567cc1b8b6ae772cfe0b,2023-12-06T14:17:51.441000,received,kaspa:qqxl8td7u8yhktcxpmmxvd6aasg4ykdkmfy7t2crc5kls3cp8jnpzvryyzkcu,8500000000000,
63976e98d9658907cea0ce78fe8b289b43fe5a39cc34567cc1b8b6ae772cfe0b,2023-12-06T14:17:51.441000,received,kaspa:qzsaqhdnr0gpkq7xelkhg4t3nlmm3l25pyk5y774vfftu2q2zx4hkrmqamrqe,8500000000000,
63976e98d9658907cea0ce78fe8b289b43fe5a39cc34567cc1b8b6ae772cfe0b,2023-12-06T14:17:51.441000,received,kaspa:qrxuxsu682tn0xj3a5eg3gg2ppufwepjm3yvq3wtaldalqtl0c9nxk0j63aef,8500000000000,
63976e98d9658907cea0ce78fe8b289b43fe5a39cc34567cc1b8b6ae772cfe0b,2023-12-06T14:17:51.441000,received,kaspa:qqxl8td7u8yhktcxpmmxvd6aasg4ykdkmfy7t2crc5kls3cp8jnpzvryyzkcu,8500000000000,
bc43f761e3b8d70b089a613f8bacb231973e04bbcf791ce2d484f17aaf2749bd,2023-12-06T14:17:02.877000,received,kaspa:qp6ujhh6k95l3jms67cg4zlvga50navclzc6pxmdlx383e948rayyxhspkch6,10000000000000,
bc43f761e3b8d70b089a613f8bacb231973e04bbcf791ce2d484f17aaf2749bd,2023-12-06T14:17:02.877000,received,kaspa:qp6ujhh6k95l3jms67cg4zlvga50navclzc6pxmdlx383e948rayyxhspkch6,10000000000000,
bc43f761e3b8d70b089a613f8bacb231973e04bbcf791ce2d484f17aaf2749bd,2023-12-06T14:17:02.877000,received,kaspa:qp6ujhh6k95l3jms67cg4zlvga50navclzc6pxmdlx383e948rayyxhspkch6,10000000000000,
bc43f761e3b8d70b089a613f8bacb231973e04bbcf791ce2d484f17aaf2749bd,2023-12-06T14:17:02.877000,received,kaspa:qp6ujhh6k95l3jms67cg4zlvga50navclzc6pxmdlx383e948rayyxhspkch6,10000000000000,
bc43f761e3b8d70b089a613f8bacb231973e04bbcf791ce2d484f17aaf2749bd,2023-12-06T14:17:02.877000,received,kaspa:qp6ujhh6k95l3jms67cg4zlvga50navclzc6pxmdlx383e948rayyxhspkch6,10000000000000,
bc43f761e3b8d70b089a613f8bacb231973e04bbcf791ce2d484f17aaf2749bd,2023-12-06T14:17:02.877000,received,kaspa:qp6ujhh6k95l3jms67cg4zlvga50navclzc6pxmdlx383e948rayyxhspkch6,10000000000000,
bc43f761e3b8d70b089a613f8bacb231973e04bbcf791ce2d484f17aaf2749bd,2023-12-06T14:17:02.877000,received,kaspa:qp6ujhh6k95l3jms67cg4zlvga50navclzc6pxmdlx383e948rayyxhspkch6,10000000000000,
bc43f761e3b8d70b089a613f8bacb231973e04bbcf791ce2d484f17aaf2749bd,2023-12-06T14:17:02.877000,received,kaspa:qp6ujhh6k95l3jms67cg4zlvga50navclzc6pxmdlx383e948rayyxhspkch6,10000000000000,
bc43f761e3b8d70b089a613f8bacb231973e04bbcf791ce2d484f17aaf2749bd,2023-12-06T14:17:02.877000,received,kaspa:qp6ujhh6k95l3jms67cg4zlvga50navclzc6pxmdlx383e948rayyxhspkch6,10000000000000,
bc43f761e3b8d70b089a613f8bacb231973e04bbcf791ce2d484f17aaf2749bd,2023-12-06T14:17:02.877000,received,kaspa:qp6ujhh6k95l3jms67cg4zlvga50navclzc6pxmdlx383e948rayyxhspkch6,10000000000000,
bc43f761e3b8d70b089a613f8bacb231973e04bbcf791ce2d484f17aaf2749bd,2023-12-06T14:17:02.877000,received,kaspa:qrnwpaxjwh9klugw3g0p6clf9qx024vpe2a7azdzz9zvhn2wczc2qn97rd2sy,10000000000000,
bc43f761e3b8d70b089a613f8bacb231973e04bbcf791ce2d484f17aaf2749bd,2023-12-06T14:17:02.877000,received,kaspa:qrnwpaxjwh9klugw3g0p6clf9qx024vpe2a7azdzz9zvhn2wczc2qn97rd2sy,10000000000000,
bc43f761e3b8d70b089a613f8bacb231973e04bbcf791ce2d484f17aaf2749bd,2023-12-06T14:17:02.877000,received,kaspa:qqeae9w0pt5ayg4da7s2tzz2g0x2s5dley05qjyexedfpeu2tr6uwav0sggmz,10000000000000,
bc43f761e3b8d70b089a613f8bacb231973e04bbcf791ce2d484f17aaf2749bd,2023-12-06T14:17:02.877000,received,kaspa:qpqjakmj03rxluh0550eyty9vxvajrv6e5j9lwct7y2etl3x5xpq7dy8pm34t,10000000000000,
bc43f761e3b8d70b089a613f8bacb231973e04bbcf791ce2d484f17aaf2749bd,2023-12-06T14:17:02.877000,received,kaspa:qp6ujhh6k95l3jms67cg4zlvga50navclzc6pxmdlx383e948rayyxhspkch6,10000000000000,
bc43f761e3b8d70b089a613f8bacb231973e04bbcf791ce2d484f17aaf2749bd,2023-12-06T14:17:02.877000,received,kaspa:qrjvhu0n9ndg5x2mgn2j4k2puk9yqer3fp206fk0w9ayxrcmt4g6uw2244k6p,10000000000000,
bc43f761e3b8d70b089a613f8bacb231973e04bbcf791ce2d484f17aaf2749bd,2023-12-06T14:17:02.877000,received,kaspa:qpd7t0lae673nyvu0nnrfmylv9ynes4h3udxa58gyd0pwyqt3cwnsqs0exlvc,10000000000000,
bc43f761e3b8d70b089a613f8bacb231973e04bbcf791ce2d484f17aaf2749bd,2023-12-06T14:17:02.877000,received,kaspa:qph6x399asc3j5ay8n7xkrc9j2050hl03m0w2ls20hwets9uxtfmsqv5rxhah,10000000000000,
bc43f761e3b8d70b089a613f8bacb231973e04bbcf791ce2d484f17aaf2749bd,2023-12-06T14:17:02.877000,received,kaspa:qp2csf2cwk9eqjqn2wd5yrcx247lwhq5suguw7x3gvyaqs9ezjefg4rwhwds4,10000000000000,
bc43f761e3b8d70b089a613f8bacb231973e04bbcf791ce2d484f17aaf2749bd,2023-12-06T14:17:02.877000,received,kaspa:qp6ujhh6k95l3jms67cg4zlvga50navclzc6pxmdlx383e948rayyxhspkch6,10000000000000,
bc43f761e3b8d70b089a613f8bacb231973e04bbcf791ce2d484f17aaf2749bd,2023-12-06T14:17:02.877000,received,kaspa:qp6ujhh6k95l3jms67cg4zlvga50navclzc6pxmdlx383e948rayyxhspkch6,10000000000000,
bc43f761e3b8d70b089a613f8bacb231973e04bbcf791ce2d484f17aaf2749bd,2023-12-06T14:17:02.877000,received,kaspa:qp6ujhh6k95l3jms67cg4zlvga50navclzc6pxmdlx383e948rayyxhspkch6,10000000000000,
bc43f761e3b8d70b089a613f8bacb231973e04bbcf791ce2d484f17aaf2749bd,2023-12-06T14:17:02.877000,received,kaspa:qp6ujhh6k95l3jms67cg4zlvga50navclzc6pxmdlx383e948rayyxhspkch6,10000000000000,
bc43f761e3b8d70b089a613f8bacb231973e04bbcf791ce2d484f17aaf2749bd,2023-12-06T14:17:02.877000,received,kaspa:qp6ujhh6k95l3jms67cg4zlvga50navclzc6pxmdlx383e948rayyxhspkch6,10000000000000,
bc43f761e3b8d70b089a613f8bacb231973e04bbcf791ce2d484f17aaf2749bd,2023-12-06T14:17:02.877000,received,kaspa:qp6ujhh6k95l3jms67cg4zlvga50navclzc6pxmdlx383e948rayyxhspkch6,10000000000000,
bc43f761e3b8d70b089a613f8bacb231973e04bbcf791ce2d484f17aaf2749bd,2023-12-06T14:17:02.877000,received,kaspa:qp6ujhh6k95l3jms67cg4zlvga50navclzc6pxmdlx383e948rayyxhspkch6,10000000000000,
bc43f761e3b8d70b089a613f8bacb231973e04bbcf791ce2d484f17aaf2749bd,2023-12-06T14:17:02.877000,received,kaspa:qp6ujhh6k95l3jms67cg4zlvga50navclzc6pxmdlx383e948rayyxhspkch6,10000000000000,
bc43f761e3b8d70b089a613f8bacb231973e04bbcf791ce2d484f17aaf2749bd,2023-12-06T14:17:02.877000,received,kaspa:qp6ujhh6k95l3jms67cg4zlvga50navclzc6pxmdlx383e948rayyxhspkch6,10000000000000,
bc43f761e3b8d70b089a613f8bacb231973e04bbcf791ce2d484f17aaf2749bd,2023-12-06T14:17:02.877000,received,kaspa:qp6ujhh6k95l3jms67cg4zlvga50navclzc6pxmdlx383e948rayyxhspkch6,10000000000000,
bc43f761e3b8d70b089a613f8bacb231973e04bbcf791ce2d484f17aaf2749bd,2023-12-06T14:17:02.877000,received,kaspa:qp6ujhh6k95l3jms67cg4zlvga50navclzc6pxmdlx383e948rayyxhspkch6,10000000000000,
bc43f761e3b8d70b089a613f8bacb231973e04bbcf791ce2d484f17aaf2749bd,2023-12-06T14:17:02.877000,received,kaspa:qp6ujhh6k95l3jms67cg4zlvga50navclzc6pxmdlx383e948rayyxhspkch6,10000000000000,
bc43f761e3b8d70b089a613f8bacb231973e04bbcf791ce2d484f17aaf2749bd,2023-12-06T14:17:02.877000,received,kaspa:qp6ujhh6k95l3jms67cg4zlvga50navclzc6pxmdlx383e948rayyxhspkch6,10000000000000,
bc43f761e3b8d70b089a613f8bacb231973e04bbcf791ce2d484f17aaf2749bd,2023-12-06T14:17:02.877000,received,kaspa:qp6ujhh6k95l3jms67cg4zlvga50navclzc6pxmdlx383e948rayyxhspkch6,10000000000000,
bc43f761e3b8d70b089a613f8bacb231973e04bbcf791ce2d484f17aaf2749bd,2023-12-06T14:17:02.877000,received,kaspa:qp6ujhh6k95l3jms67cg4zlvga50navclzc6pxmdlx383e948rayyxhspkch6,10000000000000,
bc43f761e3b8d70b089a613f8bacb231973e04bbcf791ce2d484f17aaf2749bd,2023-12-06T14:17:02.877000,received,kaspa:qp6ujhh6k95l3jms67cg4zlvga50navclzc6pxmdlx383e948rayyxhspkch6,10000000000000,
bc43f761e3b8d70b089a613f8bacb231973e04bbcf791ce2d484f17aaf2749bd,2023-12-06T14:17:02.877000,received,kaspa:qp6ujhh6k95l3jms67cg4zlvga50navclzc6pxmdlx383e948rayyxhspkch6,10000000000000,
bc43f761e3b8d70b089a613f8bacb231973e04bbcf791ce2d484f17aaf2749bd,2023-12-06T14:17:02.877000,received,kaspa:qp6ujhh6k95l3jms67cg4zlvga50navclzc6pxmdlx383e948rayyxhspkch6,10000000000000,
bc43f761e3b8d70b089a613f8bacb231973e04bbcf791ce2d484f17aaf2749bd,2023-12-06T14:17:02.877000,received,kaspa:qp6ujhh6k95l3jms67cg4zlvga50navclzc6pxmdlx383e948rayyxhspkch6,10000000000000,
bc43f761e3b8d70b089a613f8bacb231973e04bbcf791ce2d484f17aaf2749bd,2023-12-06T14:17:02.877000,received,kaspa:qp6ujhh6k95l3jms67cg4zlvga50navclzc6pxmdlx383e948rayyxhspkch6,10000000000000,
bc43f761e3b8d70b089a613f8bacb231973e04bbcf791ce2d484f17aaf2749bd,2023-12-06T14:17:02.877000,received,kaspa:qp6ujhh6k95l3jms67cg4zlvga50navclzc6pxmdlx383e948rayyxhspkch6,10000000000000,
bc43f761e3b8d70b089a613f8bacb231973e04bbcf791ce2d484f17aaf2749bd,2023-12-06T14:17:02.877000,received,kaspa:qp6ujhh6k95l3jms67cg4zlvga50navclzc6pxmdlx383e948rayyxhspkch6,10000000000000,
bc43f761e3b8d70b089a613f8bacb231973e04bbcf791ce2d484f17aaf2749bd,2023-12-06T14:17:02.877000,received,kaspa:qp6ujhh6k95l3jms67cg4zlvga50navclzc6pxmdlx383e948rayyxhspkch6,10000000000000,
bc43f761e3b8d70b089a613f8bacb231973e04bbcf791ce2d484f17aaf2749bd,2023-12-06T14:17:02.877000,received,kaspa:qp6ujhh6k95l3jms67cg4zlvga50navclzc6pxmdlx383e948rayyxhspkch6,10000000000000,
bc43f761e3b8d70b089a613f8bacb231973e04bbcf791ce2d484f17aaf2749bd,2023-12-06T14:17:02.877000,received,kaspa:qp6ujhh6k95l3jms67cg4zlvga50navclzc6pxmdlx383e948rayyxhspkch6,10000000000000,
bc43f761e3b8d70b089a613f8bacb231973e04bbcf791ce2d484f17aaf2749bd,2023-12-06T14:17:02.877000,received,kaspa:qp6ujhh6k95l3jms67cg4zlvga50navclzc6pxmdlx383e948rayyxhspkch6,10000000000000,
bc43f761e3b8d70b089a613f8bacb231973e04bbcf791ce2d484f17aaf2749bd,2023-12-06T14:17:02.877000,received,kaspa:qp6ujhh6k95l3jms67cg4zlvga50navclzc6pxmdlx383e948rayyxhspkch6,10000000000000,
bc43f761e3b8d70b089a613f8bacb231973e04bbcf791ce2d484f17aaf2749bd,2023-12-06T14:17:02.877000,received,kaspa:qp6ujhh6k95l3jms67cg4zlvga50navclzc6pxmdlx383e948rayyxhspkch6,10000000000000,
bc43f761e3b8d70b089a613f8bacb231973e04bbcf791ce2d484f17aaf2749bd,2023-12-06T14:17:02.877000,received,kaspa:qp6ujhh6k95l3jms67cg4zlvga50navclzc6pxmdlx383e948rayyxhspkch6,10000000000000,
bc43f761e3b8d70b089a613f8bacb231973e04bbcf791ce2d484f17aaf2749bd,2023-12-06T14:17:02.877000,received,kaspa:qp6ujhh6k95l3jms67cg4zlvga50navclzc6pxmdlx383e948rayyxhspkch6,10000000000000,
bc43f761e3b8d70b089a613f8bacb231973e04bbcf791ce2d484f17aaf2749bd,2023-12-06T14:17:02.877000,received,kaspa:qp6ujhh6k95l3jms67cg4zlvga50navclzc6pxmdlx383e948rayyxhspkch6,10000000000000,
bc43f761e3b8d70b089a613f8bacb231973e04bbcf791ce2d484f17aaf2749bd,2023-12-06T14:17:02.877000,received,kaspa:qp6ujhh6k95l3jms67cg4zlvga50navclzc6pxmdlx383e948rayyxhspkch6,10000000000000,
bc43f761e3b8d70b089a613f8bacb231973e04bbcf791ce2d484f17aaf2749bd,2023-12-06T14:17:02.877000,received,kaspa:qp6ujhh6k95l3jms67cg4zlvga50navclzc6pxmdlx383e948rayyxhspkch6,10000000000000,
bc43f761e3b8d70b089a613f8bacb231973e04bbcf791ce2d484f17aaf2749bd,2023-12-06T14:17:02.877000,received,kaspa:qp6ujhh6k95l3jms67cg4zlvga50navclzc6pxmdlx383e948rayyxhspkch6,10000000000000,
bc43f761e3b8d70b089a613f8bacb231973e04bbcf791ce2d484f17aaf2749bd,2023-12-06T14:17:02.877000,received,kaspa:qp6ujhh6k95l3jms67cg4zlvga50navclzc6pxmdlx383e948rayyxhspkch6,10000000000000,
bc43f761e3b8d70b089a613f8bacb231973e04bbcf791ce2d484f17aaf2749bd,2023-12-06T14:17:02.877000,received,kaspa:qp6ujhh6k95l3jms67cg4zlvga50navclzc6pxmdlx383e948rayyxhspkch6,10000000000000,
bc43f761e3b8d70b089a613f8bacb231973e04bbcf791ce2d484f17aaf2749bd,2023-12-06T14:17:02.877000,received,kaspa:qp6ujhh6k95l3jms67cg4zlvga50navclzc6pxmdlx383e948rayyxhspkch6,10000000000000,
bc43f761e3b8d70b089a613f8bacb231973e04bbcf791ce2d484f17aaf2749bd,2023-12-06T14:17:02.877000,received,kaspa:qp6ujhh6k95l3jms67cg4zlvga50navclzc6pxmdlx383e948rayyxhspkch6,10000000000000,
bc43f761e3b8d70b089a613f8bacb231973e04bbcf791ce2d484f17aaf2749bd,2023-12-06T14:17:02.877000,received,kaspa:qp6ujhh6k95l3jms67cg4zlvga50navclzc6pxmdlx383e948rayyxhspkch6,10000000000000,
bc43f761e3b8d70b089a613f8bacb231973e04bbcf791ce2d484f17aaf2749bd,2023-12-06T14:17:02.877000,received,kaspa:qp6ujhh6k95l3jms67cg4zlvga50navclzc6pxmdlx383e948rayyxhspkch6,10000000000000,
bc43f761e3b8d70b089a613f8bacb231973e04bbcf791ce2d484f17aaf2749bd,2023-12-06T14:17:02.877000,received,kaspa:qp6ujhh6k95l3jms67cg4zlvga50navclzc6pxmdlx383e948rayyxhspkch6,10000000000000,
bc43f761e3b8d70b089a613f8bacb231973e04bbcf791ce2d484f17aaf2749bd,2023-12-06T14:17:02.877000,received,kaspa:qp6ujhh6k95l3jms67cg4zlvga50navclzc6pxmdlx383e948rayyxhspkch6,10000000000000,
bc43f761e3b8d70b089a613f8bacb231973e04bbcf791ce2d484f17aaf2749bd,2023-12-06T14:17:02.877000,received,kaspa:qp6ujhh6k95l3jms67cg4zlvga50navclzc6pxmdlx383e948rayyxhspkch6,10000000000000,
bc43f761e3b8d70b089a613f8bacb231973e04bbcf791ce2d484f17aaf2749bd,2023-12-06T14:17:02.877000,received,kaspa:qp6ujhh6k95l3jms67cg4zlvga50navclzc6pxmdlx383e948rayyxhspkch6,10000000000000,
bc43f761e3b8d70b089a613f8bacb231973e04bbcf791ce2d484f17aaf2749bd,2023-12-06T14:17:02.877000,received,kaspa:qp6ujhh6k95l3jms67cg4zlvga50navclzc6pxmdlx383e948rayyxhspkch6,10000000000000,
bc43f761e3b8d70b089a613f8bacb231973e04bbcf791ce2d484f17aaf2749bd,2023-12-06T14:17:02.877000,received,kaspa:qp6ujhh6k95l3jms67cg4zlvga50navclzc6pxmdlx383e948rayyxhspkch6,10000000000000,
787794ef7eab4c51856d5dcbe46a9a11d47946c1956b781750eb4102f9c5b9e2,2023-12-05T17:15:06.513000,received,kaspa:qp6ujhh6k95l3jms67cg4zlvga50navclzc6pxmdlx383e948rayyxhspkch6,6800000000000,
787794ef7eab4c51856d5dcbe46a9a11d47946c1956b781750eb4102f9c5b9e2,2023-12-05T17:15:06.513000,received,kaspa:qp6ujhh6k95l3jms67cg4zlvga50navclzc6pxmdlx383e948rayyxhspkch6,6800000000000,
787794ef7eab4c51856d5dcbe46a9a11d47946c1956b781750eb4102f9c5b9e2,2023-12-05T17:15:06.513000,received,kaspa:qp6ujhh6k95l3jms67cg4zlvga50navclzc6pxmdlx383e948rayyxhspkch6,6800000000000,
787794ef7eab4c51856d5dcbe46a9a11d47946c1956b781750eb4102f9c5b9e2,2023-12-05T17:15:06.513000,received,kaspa:qp6ujhh6k95l3jms67cg4zlvga50navclzc6pxmdlx383e948rayyxhspkch6,6800000000000,
787794ef7eab4c51856d5dcbe46a9a11d47946c1956b781750eb4102f9c5b9e2,2023-12-05T17:15:06.513000,received,kaspa:qp6ujhh6k95l3jms67cg4zlvga50navclzc6pxmdlx383e948rayyxhspkch6,6800000000000,
787794ef7eab4c51856d5dcbe46a9a11d47946c1956b781750eb4102f9c5b9e2,2023-12-05T17:15:06.513000,received,kaspa:qp6ujhh6k95l3jms67cg4zlvga50navclzc6pxmdlx383e948rayyxhspkch6,6800000000000,
787794ef7eab4c51856d5dcbe46a9a11d47946c1956b781750eb4102f9c5b9e2,2023-12-05T17:15:06.513000,received,kaspa:qp6ujhh6k95l3jms67cg4zlvga50navclzc6pxmdlx383e948rayyxhspkch6,6800000000000,
787794ef7eab4c51856d5dcbe46a9a11d47946c1956b781750eb4102f9c5b9e2,2023-12-05T17:15:06.513000,received,kaspa:qp6ujhh6k95l3jms67cg4zlvga50navclzc6pxmdlx383e948rayyxhspkch6,6800000000000,
787794ef7eab4c51856d5dcbe46a9a11d47946c1956b781750eb4102f9c5b9e2,2023-12-05T17:15:06.513000,received,kaspa:qp6ujhh6k95l3jms67cg4zlvga50navclzc6pxmdlx383e948rayyxhspkch6,6800000000000,
787794ef7eab4c51856d5dcbe46a9a11d47946c1956b781750eb4102f9c5b9e2,2023-12-05T17:15:06.513000,received,kaspa:qp6ujhh6k95l3jms67cg4zlvga50navclzc6pxmdlx383e948rayyxhspkch6,6800000000000,
787794ef7eab4c51856d5dcbe46a9a11d47946c1956b781750eb4102f9c5b9e2,2023-12-05T17:15:06.513000,received,kaspa:qp6ujhh6k95l3jms67cg4zlvga50navclzc6pxmdlx383e948rayyxhspkch6,6800000000000,
787794ef7eab4c51856d5dcbe46a9a11d47946c1956b781750eb4102f9c5b9e2,2023-12-05T17:15:06.513000,received,kaspa:qp6ujhh6k95l3jms67cg4zlvga50navclzc6pxmdlx383e948rayyxhspkch6,6800000000000,
787794ef7eab4c51856d5dcbe46a9a11d47946c1956b781750eb4102f9c5b9e2,2023-12-05T17:15:06.513000,received,kaspa:qp6ujhh6k95l3jms67cg4zlvga50navclzc6pxmdlx383e948rayyxhspkch6,6800000000000,
787794ef7eab4c51856d5dcbe46a9a11d47946c1956b781750eb4102f9c5b9e2,2023-12-05T17:15:06.513000,received,kaspa:qp6ujhh6k95l3jms67cg4zlvga50navclzc6pxmdlx383e948rayyxhspkch6,6800000000000,
787794ef7eab4c51856d5dcbe46a9a11d47946c1956b781750eb4102f9c5b9e2,2023-12-05T17:15:06.513000,received,kaspa:qp6ujhh6k95l3jms67cg4zlvga50navclzc6pxmdlx383e948rayyxhspkch6,6800000000000,
787794ef7eab4c51856d5dcbe46a9a11d47946c1956b781750eb4102f9c5b9e2,2023-12-05T17:15:06.513000,received,kaspa:qp6ujhh6k95l3jms67cg4zlvga50navclzc6pxmdlx383e948rayyxhspkch6,6800000000000,
787794ef7eab4c51856d5dcbe46a9a11d47946c1956b781750eb4102f9c5b9e2,2023-12-05T17:15:06.513000,received,kaspa:qp6ujhh6k95l3jms67cg4zlvga50navclzc6pxmdlx383e948rayyxhspkch6,6800000000000,
787794ef7eab4c51856d5dcbe46a9a11d47946c1956b781750eb4102f9c5b9e2,2023-12-05T17:15:06.513000,received,kaspa:qp6ujhh6k95l3jms67cg4zlvga50navclzc6pxmdlx383e948rayyxhspkch6,6800000000000,
787794ef7eab4c51856d5dcbe46a9a11d47946c1956b781750eb4102f9c5b9e2,2023-12-05T17:15:06.513000,received,kaspa:qp6ujhh6k95l3jms67cg4zlvga50navclzc6pxmdlx383e948rayyxhspkch6,6800000000000,
787794ef7eab4c51856d5dcbe46a9a11d47946c1956b781750eb4102f9c5b9e2,2023-12-05T17:15:06.513000,received,kaspa:qp6ujhh6k95l3jms67cg4zlvga50navclzc6pxmdlx383e948rayyxhspkch6,6800000000000,
787794ef7eab4c51856d5dcbe46a9a11d47946c1956b781750eb4102f9c5b9e2,2023-12-05T17:15:06.513000,received,kaspa:qp6ujhh6k95l3jms67cg4zlvga50navclzc6pxmdlx383e948rayyxhspkch6,6800000000000,
787794ef7eab4c51856d5dcbe46a9a11d47946c1956b781750eb4102f9c5b9e2,2023-12-05T17:15:06.513000,received,kaspa:qp6ujhh6k95l3jms67cg4zlvga50navclzc6pxmdlx383e948rayyxhspkch6,6800000000000,
787794ef7eab4c51856d5dcbe46a9a11d47946c1956b781750eb4102f9c5b9e2,2023-12-05T17:15:06.513000,received,kaspa:qp6ujhh6k95l3jms67cg4zlvga50navclzc6pxmdlx383e948rayyxhspkch6,6800000000000,
787794ef7eab4c51856d5dcbe46a9a11d47946c1956b781750eb4102f9c5b9e2,2023-12-05T17:15:06.513000,received,kaspa:qp6ujhh6k95l3jms67cg4zlvga50navclzc6pxmdlx383e948rayyxhspkch6,6800000000000,
787794ef7eab4c51856d5dcbe46a9a11d47946c1956b781750eb4102f9c5b9e2,2023-12-05T17:15:06.513000,received,kaspa:qp6ujhh6k95l3jms67cg4zlvga50navclzc6pxmdlx383e948rayyxhspkch6,6800000000000,
787794ef7eab4c51856d5dcbe46a9a11d47946c1956b781750eb4102f9c5b9e2,2023-12-05T17:15:06.513000,received,kaspa:qp6ujhh6k95l3jms67cg4zlvga50navclzc6pxmdlx383e948rayyxhspkch6,6800000000000,
787794ef7eab4c51856d5dcbe46a9a11d47946c1956b781750eb4102f9c5b9e2,2023-12-05T17:15:06.513000,received,kaspa:qp6ujhh6k95l3jms67cg4zlvga50navclzc6pxmdlx383e948rayyxhspkch6,6800000000000,
787794ef7eab4c51856d5dcbe46a9a11d47946c1956b781750eb4102f9c5b9e2,2023-12-05T17:15:06.513000,received,kaspa:qp6ujhh6k95l3jms67cg4zlvga50navclzc6pxmdlx383e948rayyxhspkch6,6800000000000,
787794ef7eab4c51856d5dcbe46a9a11d47946c1956b781750eb4102f9c5b9e2,2023-12-05T17:15:06.513000,received,kaspa:qp6ujhh6k95l3jms67cg4zlvga50navclzc6pxmdlx383e948rayyxhspkch6,6800000000000,
787794ef7eab4c51856d5dcbe46a9a11d47946c1956b781750eb4102f9c5b9e2,2023-12-05T17:15:06.513000,received,kaspa:qp6ujhh6k95l3jms67cg4zlvga50navclzc6pxmdlx383e948rayyxhspkch6,6800000000000,
787794ef7eab4c51856d5dcbe46a9a11d47946c1956b781750eb4102f9c5b9e2,2023-12-05T17:15:06.513000,received,kaspa:qp6ujhh6k95l3jms67cg4zlvga50navclzc6pxmdlx383e948rayyxhspkch6,6800000000000,
787794ef7eab4c51856d5dcbe46a9a11d47946c1956b781750eb4102f9c5b9e2,2023-12-05T17:15:06.513000,received,kaspa:qp6ujhh6k95l3jms67cg4zlvga50navclzc6pxmdlx383e948rayyxhspkch6,6800000000000,
787794ef7eab4c51856d5dcbe46a9a11d47946c1956b781750eb4102f9c5b9e2,2023-12-05T17:15:06.513000,received,kaspa:qp6ujhh6k95l3jms67cg4zlvga50navclzc6pxmdlx383e948rayyxhspkch6,6800000000000,
787794ef7eab4c51856d5dcbe46a9a11d47946c1956b781750eb4102f9c5b9e2,2023-12-05T17:15:06.513000,received,kaspa:qp6ujhh6k95l3jms67cg4zlvga50navclzc6pxmdlx383e948rayyxhspkch6,6800000000000,
787794ef7eab4c51856d5dcbe46a9a11d47946c1956b781750eb4102f9c5b9e2,2023-12-05T17:15:06.513000,received,kaspa:qp6ujhh6k95l3jms67cg4zlvga50navclzc6pxmdlx383e948rayyxhspkch6,6800000000000,
787794ef7eab4c51856d5dcbe46a9a11d47946c1956b781750eb4102f9c5b9e2,2023-12-05T17:15:06.513000,received,kaspa:qp6ujhh6k95l3jms67cg4zlvga50navclzc6pxmdlx383e948rayyxhspkch6,6800000000000,
787794ef7eab4c51856d5dcbe46a9a11d47946c1956b781750eb4102f9c5b9e2,2023-12-05T17:15:06.513000,received,kaspa:qp6ujhh6k95l3jms67cg4zlvga50navclzc6pxmdlx383e948rayyxhspkch6,6800000000000,
787794ef7eab4c51856d5dcbe46a9a11d47946c1956b781750eb4102f9c5b9e2,2023-12-05T17:15:06.513000,received,kaspa:qp6ujhh6k95l3jms67cg4zlvga50navclzc6pxmdlx383e948rayyxhspkch6,6800000000000,
787794ef7eab4c51856d5dcbe46a9a11d47946c1956b781750eb4102f9c5b9e2,2023-12-05T17:15:06.513000,received,kaspa:qp6ujhh6k95l3jms67cg4zlvga50navclzc6pxmdlx383e948rayyxhspkch6,6800000000000,
787794ef7eab4c51856d5dcbe46a9a11d47946c1956b781750eb4102f9c5b9e2,2023-12-05T17:15:06.513000,received,kaspa:qp6ujhh6k95l3jms67cg4zlvga50navclzc6pxmdlx383e948rayyxhspkch6,6800000000000,
787794ef7eab4c51856d5dcbe46a9a11d47946c1956b781750eb4102f9c5b9e2,2023-12-05T17:15:06.513000,received,kaspa:qp6ujhh6k95l3jms67cg4zlvga50navclzc6pxmdlx383e948rayyxhspkch6,6800000000000,
787794ef7eab4c51856d5dcbe46a9a11d47946c1956b781750eb4102f9c5b9e2,2023-12-05T17:15:06.513000,received,kaspa:qp6ujhh6k95l3jms67cg4zlvga50navclzc6pxmdlx383e948rayyxhspkch6,6800000000000,
787794ef7eab4c51856d5dcbe46a9a11d47946c1956b781750eb4102f9c5b9e2,2023-12-05T17:15:06.513000,received,kaspa:qp6ujhh6k95l3jms67cg4zlvga50navclzc6pxmdlx383e948rayyxhspkch6,6800000000000,
37c8e50e193e733f34664aaf7973ef6265023e89c92228f78571e84e2aaf36bd,2023-12-05T17:12:45.080000,received,kaspa:qp6ujhh6k95l3jms67cg4zlvga50navclzc6pxmdlx383e948rayyxhspkch6,10000000000000,
37c8e50e193e733f34664aaf7973ef6265023e89c92228f78571e84e2aaf36bd,2023-12-05T17:12:45.080000,received,kaspa:qp6ujhh6k95l3jms67cg4zlvga50navclzc6pxmdlx383e948rayyxhspkch6,10000000000000,
37c8e50e193e733f34664aaf7973ef6265023e89c92228f78571e84e2aaf36bd,2023-12-05T17:12:45.080000,received,kaspa:qp6ujhh6k95l3jms67cg4zlvga50navclzc6pxmdlx383e948rayyxhspkch6,10000000000000,
37c8e50e193e733f34664aaf7973ef6265023e89c92228f78571e84e2aaf36bd,2023-12-05T17:12:45.080000,received,kaspa:qp6ujhh6k95l3jms67cg4zlvga50navclzc6pxmdlx383e948rayyxhspkch6,10000000000000,
37c8e50e193e733f34664aaf7973ef6265023e89c92228f78571e84e2aaf36bd,2023-12-05T17:12:45.080000,received,kaspa:qp6ujhh6k95l3jms67cg4zlvga50navclzc6pxmdlx383e948rayyxhspkch6,10000000000000,
37c8e50e193e733f34664aaf7973ef6265023e89c92228f78571e84e2aaf36bd,2023-12-05T17:12:45.080000,received,kaspa:qp6ujhh6k95l3jms67cg4zlvga50navclzc6pxmdlx383e948rayyxhspkch6,10000000000000,
37c8e50e193e733f34664aaf7973ef6265023e89c92228f78571e84e2aaf36bd,2023-12-05T17:12:45.080000,received,kaspa:qp6ujhh6k95l3jms67cg4zlvga50navclzc6pxmdlx383e948rayyxhspkch6,10000000000000,
37c8e50e193e733f34664aaf7973ef6265023e89c92228f78571e84e2aaf36bd,2023-12-05T17:12:45.080000,received,kaspa:qp6ujhh6k95l3jms67cg4zlvga50navclzc6pxmdlx383e948rayyxhspkch6,10000000000000,
37c8e50e193e733f34664aaf7973ef6265023e89c92228f78571e84e2aaf36bd,2023-12-05T17:12:45.080000,received,kaspa:qp6ujhh6k95l3jms67cg4zlvga50navclzc6pxmdlx383e948rayyxhspkch6,10000000000000,
37c8e50e193e733f34664aaf7973ef6265023e89c92228f78571e84e2aaf36bd,2023-12-05T17:12:45.080000,received,kaspa:qp6ujhh6k95l3jms67cg4zlvga50navclzc6pxmdlx383e948rayyxhspkch6,10000000000000,
37c8e50e193e733f34664aaf7973ef6265023e89c92228f78571e84e2aaf36bd,2023-12-05T17:12:45.080000,received,kaspa:qp6ujhh6k95l3jms67cg4zlvga50navclzc6pxmdlx383e948rayyxhspkch6,10000000000000,
37c8e50e193e733f34664aaf7973ef6265023e89c92228f78571e84e2aaf36bd,2023-12-05T17:12:45.080000,received,kaspa:qp6ujhh6k95l3jms67cg4zlvga50navclzc6pxmdlx383e948rayyxhspkch6,10000000000000,
37c8e50e193e733f34664aaf7973ef6265023e89c92228f78571e84e2aaf36bd,2023-12-05T17:12:45.080000,received,kaspa:qp6ujhh6k95l3jms67cg4zlvga50navclzc6pxmdlx383e948rayyxhspkch6,10000000000000,
37c8e50e193e733f34664aaf7973ef6265023e89c92228f78571e84e2aaf36bd,2023-12-05T17:12:45.080000,received,kaspa:qp6ujhh6k95l3jms67cg4zlvga50navclzc6pxmdlx383e948rayyxhspkch6,10000000000000,
37c8e50e193e733f34664aaf7973ef6265023e89c92228f78571e84e2aaf36bd,2023-12-05T17:12:45.080000,received,kaspa:qp6ujhh6k95l3jms67cg4zlvga50navclzc6pxmdlx383e948rayyxhspkch6,10000000000000,
37c8e50e193e733f34664aaf7973ef6265023e89c92228f78571e84e2aaf36bd,2023-12-05T17:12:45.080000,received,kaspa:qp6ujhh6k95l3jms67cg4zlvga50navclzc6pxmdlx383e948rayyxhspkch6,10000000000000,
37c8e50e193e733f34664aaf7973ef6265023e89c92228f78571e84e2aaf36bd,2023-12-05T17:12:45.080000,received,kaspa:qp6ujhh6k95l3jms67cg4zlvga50navclzc6pxmdlx383e948rayyxhspkch6,10000000000000,
37c8e50e193e733f34664aaf7973ef6265023e89c92228f78571e84e2aaf36bd,2023-12-05T17:12:45.080000,received,kaspa:qp6ujhh6k95l3jms67cg4zlvga50navclzc6pxmdlx383e948rayyxhspkch6,10000000000000,
37c8e50e193e733f34664aaf7973ef6265023e89c92228f78571e84e2aaf36bd,2023-12-05T17:12:45.080000,received,kaspa:qp6ujhh6k95l3jms67cg4zlvga50navclzc6pxmdlx383e948rayyxhspkch6,10000000000000,
37c8e50e193e733f34664aaf7973ef6265023e89c92228f78571e84e2aaf36bd,2023-12-05T17:12:45.080000,received,kaspa:qp6ujhh6k95l3jms67cg4zlvga50navclzc6pxmdlx383e948rayyxhspkch6,10000000000000,
37c8e50e193e733f34664aaf7973ef6265023e89c92228f78571e84e2aaf36bd,2023-12-05T17:12:45.080000,received,kaspa:qp6ujhh6k95l3jms67cg4zlvga50navclzc6pxmdlx383e948rayyxhspkch6,10000000000000,
37c8e50e193e733f34664aaf7973ef6265023e89c92228f78571e84e2aaf36bd,2023-12-05T17:12:45.080000,received,kaspa:qp6ujhh6k95l3jms67cg4zlvga50navclzc6pxmdlx383e948rayyxhspkch6,10000000000000,
37c8e50e193e733f34664aaf7973ef6265023e89c92228f78571e84e2aaf36bd,2023-12-05T17:12:45.080000,received,kaspa:qp6ujhh6k95l3jms67cg4zlvga50navclzc6pxmdlx383e948rayyxhspkch6,10000000000000,
37c8e50e193e733f34664aaf7973ef6265023e89c92228f78571e84e2aaf36bd,2023-12-05T17:12:45.080000,received,kaspa:qp6ujhh6k95l3jms67cg4zlvga50navclzc6pxmdlx383e948rayyxhspkch6,10000000000000,
37c8e50e193e733f34664aaf7973ef6265023e89c92228f78571e84e2aaf36bd,2023-12-05T17:12:45.080000,received,kaspa:qp6ujhh6k95l3jms67cg4zlvga50navclzc6pxmdlx383e948rayyxhspkch6,10000000000000,
37c8e50e193e733f34664aaf7973ef6265023e89c92228f78571e84e2aaf36bd,2023-12-05T17:12:45.080000,received,kaspa:qp6ujhh6k95l3jms67cg4zlvga50navclzc6pxmdlx383e948rayyxhspkch6,10000000000000,
37c8e50e193e733f34664aaf7973ef6265023e89c92228f78571e84e2aaf36bd,2023-12-05T17:12:45.080000,received,kaspa:qp6ujhh6k95l3jms67cg4zlvga50navclzc6pxmdlx383e948rayyxhspkch6,10000000000000,
37c8e50e193e733f34664aaf7973ef6265023e89c92228f78571e84e2aaf36bd,2023-12-05T17:12:45.080000,received,kaspa:qp6ujhh6k95l3jms67cg4zlvga50navclzc6pxmdlx383e948rayyxhspkch6,10000000000000,
37c8e50e193e733f34664aaf7973ef6265023e89c92228f78571e84e2aaf36bd,2023-12-05T17:12:45.080000,received,kaspa:qp6ujhh6k95l3jms67cg4zlvga50navclzc6pxmdlx383e948rayyxhspkch6,10000000000000,
37c8e50e193e733f34664aaf7973ef6265023e89c92228f78571e84e2aaf36bd,2023-12-05T17:12:45.080000,received,kaspa:qp6ujhh6k95l3jms67cg4zlvga50navclzc6pxmdlx383e948rayyxhspkch6,10000000000000,
37c8e50e193e733f34664aaf7973ef6265023e89c92228f78571e84e2aaf36bd,2023-12-05T17:12:45.080000,received,kaspa:qp6ujhh6k95l3jms67cg4zlvga50navclzc6pxmdlx383e948rayyxhspkch6,10000000000000,
37c8e50e193e733f34664aaf7973ef6265023e89c92228f78571e84e2aaf36bd,2023-12-05T17:12:45.080000,received,kaspa:qp6ujhh6k95l3jms67cg4zlvga50navclzc6pxmdlx383e948rayyxhspkch6,10000000000000,
37c8e50e193e733f34664aaf7973ef6265023e89c92228f78571e84e2aaf36bd,2023-12-05T17:12:45.080000,received,kaspa:qp6ujhh6k95l3jms67cg4zlvga50navclzc6pxmdlx383e948rayyxhspkch6,10000000000000,
37c8e50e193e733f34664aaf7973ef6265023e89c92228f78571e84e2aaf36bd,2023-12-05T17:12:45.080000,received,kaspa:qp6ujhh6k95l3jms67cg4zlvga50navclzc6pxmdlx383e948rayyxhspkch6,10000000000000,
37c8e50e193e733f34664aaf7973ef6265023e89c92228f78571e84e2aaf36bd,2023-12-05T17:12:45.080000,received,kaspa:qp6ujhh6k95l3jms67cg4zlvga50navclzc6pxmdlx383e948rayyxhspkch6,10000000000000,
37c8e50e193e733f34664aaf7973ef6265023e89c92228f78571e84e2aaf36bd,2023-12-05T17:12:45.080000,received,kaspa:qp6ujhh6k95l3jms67cg4zlvga50navclzc6pxmdlx383e948rayyxhspkch6,10000000000000,
37c8e50e193e733f34664aaf7973ef6265023e89c92228f78571e84e2aaf36bd,2023-12-05T17:12:45.080000,received,kaspa:qp6ujhh6k95l3jms67cg4zlvga50navclzc6pxmdlx383e948rayyxhspkch6,10000000000000,
37c8e50e193e733f34664aaf7973ef6265023e89c92228f78571e84e2aaf36bd,2023-12-05T17:12:45.080000,received,kaspa:qp6ujhh6k95l3jms67cg4zlvga50navclzc6pxmdlx383e948rayyxhspkch6,10000000000000,
37c8e50e193e733f34664aaf7973ef6265023e89c92228f78571e84e2aaf36bd,2023-12-05T17:12:45.080000,received,kaspa:qp6ujhh6k95l3jms67cg4zlvga50navclzc6pxmdlx383e948rayyxhspkch6,10000000000000,
37c8e50e193e733f34664aaf7973ef6265023e89c92228f78571e84e2aaf36bd,2023-12-05T17:12:45.080000,received,kaspa:qp6ujhh6k95l3jms67cg4zlvga50navclzc6pxmdlx383e948rayyxhspkch6,10000000000000,
37c8e50e193e733f34664aaf7973ef6265023e89c92228f78571e84e2aaf36bd,2023-12-05T17:12:45.080000,received,kaspa:qp6ujhh6k95l3jms67cg4zlvga50navclzc6pxmdlx383e948rayyxhspkch6,10000000000000,
37c8e50e193e733f34664aaf7973ef6265023e89c92228f78571e84e2aaf36bd,2023-12-05T17:12:45.080000,received,kaspa:qp6ujhh6k95l3jms67cg4zlvga50navclzc6pxmdlx383e948rayyxhspkch6,10000000000000,
37c8e50e193e733f34664aaf7973ef6265023e89c92228f78571e84e2aaf36bd,2023-12-05T17:12:45.080000,received,kaspa:qp6ujhh6k95l3jms67cg4zlvga50navclzc6pxmdlx383e948rayyxhspkch6,10000000000000,
37c8e50e193e733f34664aaf7973ef6265023e89c92228f78571e84e2aaf36bd,2023-12-05T17:12:45.080000,received,kaspa:qp6ujhh6k95l3jms67cg4zlvga50navclzc6pxmdlx383e948rayyxhspkch6,10000000000000,
37c8e50e193e733f34664aaf7973ef6265023e89c92228f78571e84e2aaf36bd,2023-12-05T17:12:45.080000,received,kaspa:qp6ujhh6k95l3jms67cg4zlvga50navclzc6pxmdlx383e948rayyxhspkch6,10000000000000,
37c8e50e193e733f34664aaf7973ef6265023e89c92228f78571e84e2aaf36bd,2023-12-05T17:12:45.080000,received,kaspa:qp6ujhh6k95l3jms67cg4zlvga50navclzc6pxmdlx383e948rayyxhspkch6,10000000000000,
37c8e50e193e733f34664aaf7973ef6265023e89c92228f78571e84e2aaf36bd,2023-12-05T17:12:45.080000,received,kaspa:qp6ujhh6k95l3jms67cg4zlvga50navclzc6pxmdlx383e948rayyxhspkch6,10000000000000,
37c8e50e193e733f34664aaf7973ef6265023e89c92228f78571e84e2aaf36bd,2023-12-05T17:12:45.080000,received,kaspa:qp6ujhh6k95l3jms67cg4zlvga50navclzc6pxmdlx383e948rayyxhspkch6,10000000000000,
37c8e50e193e733f34664aaf7973ef6265023e89c92228f78571e84e2aaf36bd,2023-12-05T17:12:45.080000,received,kaspa:qp6ujhh6k95l3jms67cg4zlvga50navclzc6pxmdlx383e948rayyxhspkch6,10000000000000,
37c8e50e193e733f34664aaf7973ef6265023e89c92228f78571e84e2aaf36bd,2023-12-05T17:12:45.080000,received,kaspa:qp6ujhh6k95l3jms67cg4zlvga50navclzc6pxmdlx383e948rayyxhspkch6,10000000000000,
37c8e50e193e733f34664aaf7973ef6265023e89c92228f78571e84e2aaf36bd,2023-12-05T17:12:45.080000,received,kaspa:qp6ujhh6k95l3jms67cg4zlvga50navclzc6pxmdlx383e948rayyxhspkch6,10000000000000,
37c8e50e193e733f34664aaf7973ef6265023e89c92228f78571e84e2aaf36bd,2023-12-05T17:12:45.080000,received,kaspa:qp6ujhh6k95l3jms67cg4zlvga50navclzc6pxmdlx383e948rayyxhspkch6,10000000000000,
37c8e50e193e733f34664aaf7973ef6265023e89c92228f78571e84e2aaf36bd,2023-12-05T17:12:45.080000,received,kaspa:qp6ujhh6k95l3jms67cg4zlvga50navclzc6pxmdlx383e948rayyxhspkch6,10000000000000,
37c8e50e193e733f34664aaf7973ef6265023e89c92228f78571e84e2aaf36bd,2023-12-05T17:12:45.080000,received,kaspa:qp6ujhh6k95l3jms67cg4zlvga50navclzc6pxmdlx383e948rayyxhspkch6,10000000000000,
37c8e50e193e733f34664aaf7973ef6265023e89c92228f78571e84e2aaf36bd,2023-12-05T17:12:45.080000,received,kaspa:qp6ujhh6k95l3jms67cg4zlvga50navclzc6pxmdlx383e948rayyxhspkch6,10000000000000,
37c8e50e193e733f34664aaf7973ef6265023e89c92228f78571e84e2aaf36bd,2023-12-05T17:12:45.080000,received,kaspa:qp6ujhh6k95l3jms67cg4zlvga50navclzc6pxmdlx383e948rayyxhspkch6,10000000000000,
37c8e50e193e733f34664aaf7973ef6265023e89c92228f78571e84e2aaf36bd,2023-12-05T17:12:45.080000,received,kaspa:qp6ujhh6k95l3jms67cg4zlvga50navclzc6pxmdlx383e948rayyxhspkch6,10000000000000,
37c8e50e193e733f34664aaf7973ef6265023e89c92228f78571e84e2aaf36bd,2023-12-05T17:12:45.080000,received,kaspa:qp6ujhh6k95l3jms67cg4zlvga50navclzc6pxmdlx383e948rayyxhspkch6,10000000000000,
37c8e50e193e733f34664aaf7973ef6265023e89c92228f78571e84e2aaf36bd,2023-12-05T17:12:45.080000,received,kaspa:qp6ujhh6k95l3jms67cg4zlvga50navclzc6pxmdlx383e948rayyxhspkch6,10000000000000,
37c8e50e193e733f34664aaf7973ef6265023e89c92228f78571e84e2aaf36bd,2023-12-05T17:12:45.080000,received,kaspa:qp6ujhh6k95l3jms67cg4zlvga50navclzc6pxmdlx383e948rayyxhspkch6,10000000000000,
37c8e50e193e733f34664aaf7973ef6265023e89c92228f78571e84e2aaf36bd,2023-12-05T17:12:45.080000,received,kaspa:qp6ujhh6k95l3jms67cg4zlvga50navclzc6pxmdlx383e948rayyxhspkch6,10000000000000,
37c8e50e193e733f34664aaf7973ef6265023e89c92228f78571e84e2aaf36bd,2023-12-05T17:12:45.080000,received,kaspa:qp6ujhh6k95l3jms67cg4zlvga50navclzc6pxmdlx383e948rayyxhspkch6,10000000000000,
37c8e50e193e733f34664aaf7973ef6265023e89c92228f78571e84e2aaf36bd,2023-12-05T17:12:45.080000,received,kaspa:qp6ujhh6k95l3jms67cg4zlvga50navclzc6pxmdlx383e948rayyxhspkch6,10000000000000,
