tx_id,timestamp,direction,peer_address,amount_sompi,cex_label
9e75a39ae3fa0fe8e47329a1e2da9b79aeb04c4f33daaf6843fd8cd2d0c05a3c,2023-12-19T02:51:20.540000,sent,kaspa:qrkaxvl2tw6pq6zx9xrr9lqnt9x72upf0hsrp3cvgcmfz77m50ycua35nz200,172970000,
9e75a39ae3fa0fe8e47329a1e2da9b79aeb04c4f33daaf6843fd8cd2d0c05a3c,2023-12-19T02:51:20.540000,sent,kaspa:qrkaxvl2tw6pq6zx9xrr9lqnt9x72upf0hsrp3cvgcmfz77m50ycua35nz200,172970000,
a80f9829620077d965b8ceaa45a767edb2bfc6efdb66af568cc1edd8189c5f53,2023-12-12T18:29:51.784000,received,kaspa:qypswxtcrv4ssyjaswy5w9387vq73mkuyq85tl34cee6qn5uexqy0csgnafnjx7,171000000,
5b086f9a5a9f8aa6c2ade30b217213d55a5a6f50e7af4e5876ea3646e481ca7c,2023-11-29T07:31:11.805000,sent,kaspa:qypt29h2jcus4jkjx93ukma3etg3m5p4ncptnxqunp40k2uhekwuk4ggjag294y,18000000,
24b00ec90b2974408dfe1f365162c4a928d05367f4065e2887b51856bbb27203,2023-11-28T09:46:41.270000,received,kaspa:qplzezpz3f9ku6lm86mxgs33cxqd8eghw7e82nxkkvj7hph5vlmzw43mpefpt,20000000,
