tx_id,timestamp,direction,peer_address,amount_sompi,cex_label
5e1e08888fd9d22e1129e15d65f262e6add2fd6ff81acad6aa3bb546d24e8ee1,2024-10-29T12:09:13.558000,sent,kaspa:qps4z972plkpregyw40j7tvecfhcdur00g7ef0nml97c0tqjf60csglnzh7mh,7952118992089,
20e0da3b725cc77083ea2cf03913940fff4287db8e76df350460f1ab39a6bd8b,2024-10-13T13:27:06.863000,sent,kaspa:qps4z972plkpregyw40j7tvecfhcdur00g7ef0nml97c0tqjf60csglnzh7mh,4746300000000,
20e0da3b725cc77083ea2cf03913940fff4287db8e76df350460f1ab39a6bd8b,2024-10-13T13:27:06.863000,sent,kaspa:qps4z972plkpregyw40j7tvecfhcdur00g7ef0nml97c0tqjf60csglnzh7mh,4746300000000,
20e0da3b725cc77083ea2cf03913940fff4287db8e76df350460f1ab39a6bd8b,2024-10-13T13:27:06.863000,sent,kaspa:qps4z972plkpregyw40j7tvecfhcdur00g7ef0nml97c0tqjf60csglnzh7mh,4746300000000,
e6b7a160a6fec43ecaf6433702a3afea10afd2b8eb3dd4beb541201f4e869f04,2024-10-11T05:45:58.676000,received,kaspa:qqre3f04x02hwwsql4ull9mhmfh8jmzqh49z9kt22zxgt654ucevgvgd39su6,4736038398000,
228ebd3027b219bea598ffdae11524483ee1ee51472cb7b3db812ac87bea3d41,2024-10-02T12:25:28.122000,received,kaspa:qqre3f04x02hwwsql4ull9mhmfh8jmzqh49z9kt22zxgt654ucevgvgd39su6,7523060600000,
62b5050d01202ab65a999f3c93c29c2f4ec25c4e3d0a1a5c0a6ad7e8dfc445f7,2024-10-02T12:20:36.077000,received,kaspa:qqre3f04x02hwwsql4ull9mhmfh8jmzqh49z9kt22zxgt654ucevgvgd39su6,439320000000,
6565a12c34344744aa740ea53b66d8451c7adad253a2b2984906f19534c04437,2024-04-13T02:34:10.443000,sent,kaspa:qrdhvjrw2lm3xaaqjspqrgmn96k0fsndfxkjvgamgu0mrevxvamrqlftql03h,168897515861000,
ad9fba7f968cc0ad7867c892d06e97488596b00e28a9ac3c100dd376f7964996,2024-04-13T01:55:18.355000,sent,kaspa:qrdhvjrw2lm3xaaqjspqrgmn96k0fsndfxkjvgamgu0mrevxvamrqlftql03h,40000000000000,
ad9fba7f968cc0ad7867c892d06e97488596b00e28a9ac3c100dd376f7964996,2024-04-13T01:55:18.355000,sent,kaspa:qrdhvjrw2lm3xaaqjspqrgmn96k0fsndfxkjvgamgu0mrevxvamrqlftql03h,40000000000000,
ad9fba7f968cc0ad7867c892d06e97488596b00e28a9ac3c100dd376f7964996,2024-04-13T01:55:18.355000,sent,kaspa:qrdhvjrw2lm3xaaqjspqrgmn96k0fsndfxkjvgamgu0mrevxvamrqlftql03h,40000000000000,
ad9fba7f968cc0ad7867c892d06e97488596b00e28a9ac3c100dd376f7964996,2024-04-13T01:55:18.355000,sent,kaspa:qrdhvjrw2lm3xaaqjspqrgmn96k0fsndfxkjvgamgu0mrevxvamrqlftql03h,40000000000000,
ad9fba7f968cc0ad7867c892d06e97488596b00e28a9ac3c100dd376f7964996,2024-04-13T01:55:18.355000,sent,kaspa:qrdhvjrw2lm3xaaqjspqrgmn96k0fsndfxkjvgamgu0mrevxvamrqlftql03h,40000000000000,
ad9fba7f968cc0ad7867c892d06e97488596b00e28a9ac3c100dd376f7964996,2024-04-13T01:55:18.355000,sent,kaspa:qrdhvjrw2lm3xaaqjspqrgmn96k0fsndfxkjvgamgu0mrevxvamrqlftql03h,40000000000000,
ad9fba7f968cc0ad7867c892d06e97488596b00e28a9ac3c100dd376f7964996,2024-04-13T01:55:18.355000,sent,kaspa:qrdhvjrw2lm3xaaqjspqrgmn96k0fsndfxkjvgamgu0mrevxvamrqlftql03h,40000000000000,
73f59160b7028d3a071d9d8a84d4d64495fb6c4c70bcbe121506014b2a6dcca7,2024-04-11T15:51:16.822000,received,kaspa:qrvum29vk365g0zcd5gx3c7h829etfq2ytdmscjzw4zw04fjfnprcg9c3tges,101972202416600,
73f59160b7028d3a071d9d8a84d4d64495fb6c4c70bcbe121506014b2a6dcca7,2024-04-11T15:51:16.822000,received,kaspa:qrvum29vk365g0zcd5gx3c7h829etfq2ytdmscjzw4zw04fjfnprcg9c3tges,101972202416600,
73f59160b7028d3a071d9d8a84d4d64495fb6c4c70bcbe121506014b2a6dcca7,2024-04-11T15:51:16.822000,received,kaspa:qrvum29vk365g0zcd5gx3c7h829etfq2ytdmscjzw4zw04fjfnprcg9c3tges,101972202416600,
73f59160b7028d3a071d9d8a84d4d64495fb6c4c70bcbe121506014b2a6dcca7,2024-04-11T15:51:16.822000,received,kaspa:qrvum29vk365g0zcd5gx3c7h829etfq2ytdmscjzw4zw04fjfnprcg9c3tges,101972202416600,
73f59160b7028d3a071d9d8a84d4d64495fb6c4c70bcbe121506014b2a6dcca7,2024-04-11T15:51:16.822000,received,kaspa:qrvum29vk365g0zcd5gx3c7h829etfq2ytdmscjzw4zw04fjfnprcg9c3tges,101972202416600,
501b22740e8864e4a69f9ff13662f85c3bbc766050d894682ec0d6150720a336,2024-04-11T15:47:31.081000,received,kaspa:qrvum29vk365g0zcd5gx3c7h829etfq2ytdmscjzw4zw04fjfnprcg9c3tges,30000000000000,
bc9ddcea81bd4356cfd1e5da007555682bf09757a8700e3df5a11c0bfbf5ba7e,2024-04-10T02:08:11.988000,received,kaspa:qrvum29vk365g0zcd5gx3c7h829etfq2ytdmscjzw4zw04fjfnprcg9c3tges,39920126703000,
d4bd40701590e3d1eb180ec8cdccaaecbdb61638f6d403a2620685963c5be918,2024-04-10T02:01:19.989000,received,kaspa:qrvum29vk365g0zcd5gx3c7h829etfq2ytdmscjzw4zw04fjfnprcg9c3tges,10000000000000,
e31c271226562bc59f7771dcdd8e2d1393f203fda86a944da8cbbf7f8992055c,2024-02-14T12:56:05.844000,received,kaspa:qrvum29vk365g0zcd5gx3c7h829etfq2ytdmscjzw4zw04fjfnprcg9c3tges,8447794280000,
54d9b71282a1f5178dcdb7f13b0333ea52f120b7f62d2faac17b2ecd6495121e,2024-02-14T12:31:16.430000,received,kaspa:qrvum29vk365g0zcd5gx3c7h829etfq2ytdmscjzw4zw04fjfnprcg9c3tges,1000000000000,
a75714713552e9dc33d924f838084ef802bc8eb18efe012d0aff073c2ef0614f,2024-01-28T12:23:40.176000,sent,kaspa:qrdhvjrw2lm3xaaqjspqrgmn96k0fsndfxkjvgamgu0mrevxvamrqlftql03h,9935134000000,
a75714713552e9dc33d924f838084ef802bc8eb18efe012d0aff073c2ef0614f,2024-01-28T12:23:40.176000,sent,kaspa:qrdhvjrw2lm3xaaqjspqrgmn96k0fsndfxkjvgamgu0mrevxvamrqlftql03h,9935134000000,
a75714713552e9dc33d924f838084ef802bc8eb18efe012d0aff073c2ef0614f,2024-01-28T12:23:40.176000,sent,kaspa:qrdhvjrw2lm3xaaqjspqrgmn96k0fsndfxkjvgamgu0mrevxvamrqlftql03h,9935134000000,
a75714713552e9dc33d924f838084ef802bc8eb18efe012d0aff073c2ef0614f,2024-01-28T12:23:40.176000,sent,kaspa:qrdhvjrw2lm3xaaqjspqrgmn96k0fsndfxkjvgamgu0mrevxvamrqlftql03h,9935134000000,
a75714713552e9dc33d924f838084ef802bc8eb18efe012d0aff073c2ef0614f,2024-01-28T12:23:40.176000,sent,kaspa:qrdhvjrw2lm3xaaqjspqrgmn96k0fsndfxkjvgamgu0mrevxvamrqlftql03h,9935134000000,
4eb3ccb4c9c2c7d83a88bb1c6e1bb5007aec546cee64f8df01ab6c579ce68b32,2024-01-22T13:32:44.799000,received,kaspa:qpm2mxcvxp0nt59r3hcsal8gdq0ka3zkq3e48kgv8udvsju0vqh9wmsmtv5nq,7926985892800,
cc9aacff3fde010300fa9044e627c4ee147c07329bb3a0605be5d0c3ca61559e,2024-01-22T13:27:45.825000,received,kaspa:qrvum29vk365g0zcd5gx3c7h829etfq2ytdmscjzw4zw04fjfnprcg9c3tges,2000000000000,
14b13afd302df3bd04d8bbcf4ee6e8513c72a910030bb3f74fadd77ec38662e1,2024-01-10T13:24:46.065000,received,kaspa:qp4us679pv3ecvc20namj7zcr32c7h65ft94mgx5lq4snt5ftyjwuqkc0rapl,13465540698600,
f3291918a1c033011bd976fa01179eea14f53b6a137b07eb78ff6b8d45771c70,2024-01-10T13:00:02.537000,received,kaspa:qplj0xdafvpt0u9tkwereeflhnx26um6f0t44vx3vw54n606mcfpwe83g2a6a,4000000000000,
a2dbe54ee9cdc846be74ffd5e69aeb5d6722eb70e8e03beef7cbed90670bd5d8,2024-01-10T12:55:01.463000,received,kaspa:qzk0g3thwv02r5rxdzvgm6f4zj80jtekuzaqgqdnhvlhrrjuemxqj73fvejda,100000000000,
