tx_id,timestamp,direction,peer_address,amount_sompi,cex_label
061fdd0e0bcd78b0b6ecbc07975649255f4e057a94449acb8ffc4f78e1f0d2c7,2023-12-16T04:14:46.730000,sent,kaspa:qzslgwenzu78t6tldlng383g7ruu4enaljmnkgaulyrscjp7ldt26x8gfxck5,171940000,
061fdd0e0bcd78b0b6ecbc07975649255f4e057a94449acb8ffc4f78e1f0d2c7,2023-12-16T04:14:46.730000,sent,kaspa:qzslgwenzu78t6tldlng383g7ruu4enaljmnkgaulyrscjp7ldt26x8gfxck5,171940000,
05b3c7a4b769e38482edf9ee810f5bfa3c5a202b5d8c046479aab226108c2d2e,2023-12-12T09:37:43.204000,received,kaspa:qypswxtcrv4ssyjaswy5w9387vq73mkuyq85tl34cee6qn5uexqy0csgnafnjx7,171000000,
ea32eac46e16b1542c67a26e9c2609cbe618632989e1504eb085baa8bcb89be6,2023-11-28T13:40:07.877000,sent,kaspa:qyp9nypdnv4r6se3a4gsqy5wk68wa8khjst60ecglkt6ly8c0tr9leghejzgmqq,18000000,
7b8d731f09a3086d06b28fb6e440468591abeaea71189d957835f01d6e81eddc,2023-11-27T19:43:39.977000,received,kaspa:qrqxzdquf8znzr6hc0nscqgf377fps4pncal6r8a7wthkmmkz845wgu57tavk,19000000,
