tx_id,timestamp,direction,peer_address,amount_sompi,cex_label
cb526c0884cf6ac198aeaf7a7f18958e584fa47e6f1ec751679a5d17b0337639,2022-12-15T12:33:17.624000,sent,kaspa:qzxp6upsvham7ghlk96vq2p64da9xsgl927nwuh057058vhpyjuuxc5lvthss,4995000000000,
cb526c0884cf6ac198aeaf7a7f18958e584fa47e6f1ec751679a5d17b0337639,2022-12-15T12:33:17.624000,sent,kaspa:qzvya6hwluw6pcpkhrgj603ypr45rdnegd75fgxm0hssxwg7fec35n0xqdgy2,4810035993780,
2fe75bdacd91702f1f76b04b7040cd6a0617b762ca51937f499a6d4ad6efb87a,2022-12-01T02:32:10.647000,received,kaspa:qp752utyem45ctkgrlcl8gs44rnqda9523n0wun46kqe992jxqaf6zrukuua6,9805040993780,
2fe75bdacd91702f1f76b04b7040cd6a0617b762ca51937f499a6d4ad6efb87a,2022-12-01T02:32:10.647000,received,kaspa:qpxlmvmz3vuhsjmpv293hnk43yaza0jd55hv8sdtqmxzf7y5ky2kjajz7449l,9805040993780,
