tx_id,timestamp,direction,peer_address,amount_sompi,cex_label
1290f15ede3d3766bac04e79e73d4d2bf7df88bf4f278299604181c7ba2a2980,2024-01-17T02:49:08.056000,sent,kaspa:qpzpfwcsqsxhxwup26r55fd0ghqlhyugz8cp6y3wxuddc02vcxtjg75pspnwz,2000000000000,MEXC
1290f15ede3d3766bac04e79e73d4d2bf7df88bf4f278299604181c7ba2a2980,2024-01-17T02:49:08.056000,sent,kaspa:qpjunp39ssazf4rzfxxu0hd35xggfxn6lq0ls9u9q6peevzcmcv4xmv9q4njd,14718792826228709,
99ba49c4200af63e74a329807d79bfd86dd21cfe0ede39b9977d4f0872f2a487,2024-01-17T02:47:32.722000,received,kaspa:qqwvnkp47wsj6n4hkdlgj8dsauyx0xvefunnwvvsmpq2udd0ka8ckmpuqw3k5,109734394594,
99ba49c4200af63e74a329807d79bfd86dd21cfe0ede39b9977d4f0872f2a487,2024-01-17T02:47:32.722000,received,kaspa:qqwvnkp47wsj6n4hkdlgj8dsauyx0xvefunnwvvsmpq2udd0ka8ckmpuqw3k5,109734394594,
99ba49c4200af63e74a329807d79bfd86dd21cfe0ede39b9977d4f0872f2a487,2024-01-17T02:47:32.722000,received,kaspa:qqwvnkp47wsj6n4hkdlgj8dsauyx0xvefunnwvvsmpq2udd0ka8ckmpuqw3k5,109734394594,
99ba49c4200af63e74a329807d79bfd86dd21cfe0ede39b9977d4f0872f2a487,2024-01-17T02:47:32.722000,received,kaspa:qqwvnkp47wsj6n4hkdlgj8dsauyx0xvefunnwvvsmpq2udd0ka8ckmpuqw3k5,109734394594,
99ba49c4200af63e74a329807d79bfd86dd21cfe0ede39b9977d4f0872f2a487,2024-01-17T02:47:32.722000,received,kaspa:qqwvnkp47wsj6n4hkdlgj8dsauyx0xvefunnwvvsmpq2udd0ka8ckmpuqw3k5,109734394594,
