tx_id,timestamp,direction,peer_address,amount_sompi,cex_label
0b6e0e7ee299484094bf93381d56eae0ab284886fdda3f1d822e42d28feec0ae,2023-12-18T12:39:46.626000,sent,kaspa:qr57zzheyw9nke602g9j5h90vd9k777k3p6clp5xv76ppqnxrtwajv8082m7x,11286720000,
28396fc0588e2288ab0cd1f54f8e9294f1bdd33b6053f8b1c448b9b5147c1948,2023-12-12T17:49:14.327000,received,kaspa:qypswxtcrv4ssyjaswy5w9387vq73mkuyq85tl34cee6qn5uexqy0csgnafnjx7,171000000,
e4fc986bf89dc7d6a1cde4803c4a218ee8153066eea7e7b93170c51d6ce37250,2023-11-29T06:28:57.825000,sent,kaspa:qyplwanjtzj67dwrg5zunnarhe96ezpndmpfvag6u02zj5n8xmdhjdqkxzjvkun,18000000,
e4fc986bf89dc7d6a1cde4803c4a218ee8153066eea7e7b93170c51d6ce37250,2023-11-29T06:28:57.825000,sent,kaspa:qrr3ss4zt8j5vc9kydde8slcttdaajqftfq7unf9a5xafph76e00xsav0yfwq,505670000,
e74694fed53282f6f66ed80cdcf398002d0908079092afbd5b9b9c96cc842665,2023-11-29T06:18:39.911000,received,kaspa:qzzn68xrkes2eg0u2yuv0j8wj3247vfw4c0uusc5wnvfev3puuzwjmy34d9ph,523680000,
