tx_id,timestamp,direction,peer_address,amount_sompi,cex_label
2ea37eb7b314234ed5425c7ce7649280ea1d021eeef7143281b78c3f64e13206,2023-12-16T05:05:08.760000,sent,kaspa:qzslgwenzu78t6tldlng383g7ruu4enaljmnkgaulyrscjp7ldt26x8gfxck5,171940000,
2ea37eb7b314234ed5425c7ce7649280ea1d021eeef7143281b78c3f64e13206,2023-12-16T05:05:08.760000,sent,kaspa:qzslgwenzu78t6tldlng383g7ruu4enaljmnkgaulyrscjp7ldt26x8gfxck5,171940000,
d3e76d9cb9eaeba60f6d2044ba9047683f72b5f34b7b20ef41b1f31496e91115,2023-12-13T03:49:27.836000,received,kaspa:qypswxtcrv4ssyjaswy5w9387vq73mkuyq85tl34cee6qn5uexqy0csgnafnjx7,171000000,
99325b7a6f1015fa07a589cc380b63e2aebfa4ac2e301fd51bfec4ed0a812477,2023-11-29T19:05:34.080000,sent,kaspa:qypypyc8rc2dl9uql49c28xhpppjq7urfl8cyqu4ntkgzu7w5ssn2ksvqv8cfjk,18000000,
7a970d040321b1438e2e447dba25e78faafe21fb664a5af21de5157981e0e0b7,2023-11-28T23:37:32.227000,received,kaspa:qzx39q2av8c4pcf9a2dccc0escyhhy4zx09de3cagwkeme9c325kymvu2sdhq,19000000,
