tx_id,timestamp,direction,peer_address,amount_sompi,cex_label
1df07c6fed35c2f42f542a763a804dd83f4ef3d64bfda991d33f3b83f258ad01,2023-12-16T04:11:21.138000,sent,kaspa:qzslgwenzu78t6tldlng383g7ruu4enaljmnkgaulyrscjp7ldt26x8gfxck5,171940000,
1df07c6fed35c2f42f542a763a804dd83f4ef3d64bfda991d33f3b83f258ad01,2023-12-16T04:11:21.138000,sent,kaspa:qzslgwenzu78t6tldlng383g7ruu4enaljmnkgaulyrscjp7ldt26x8gfxck5,171940000,
00d4da849c1f3f74165d33ffa74689a5b3d92f0e37a2ef6c1e67d29477e1b6c4,2023-12-12T08:45:03.204000,received,kaspa:qypswxtcrv4ssyjaswy5w9387vq73mkuyq85tl34cee6qn5uexqy0csgnafnjx7,171000000,
382cae7ef9da175ec689acc443e87f19fd35fbeb1bf5104992a5f58b09a1ee8a,2023-11-28T11:35:44.226000,sent,kaspa:qypl7gz0h2qdlfu5dcznd5zeswsucqmqsal9r2ekdt9c8yd05p36kaq5vx8eq78,18000000,
1d245d87dd9379efac423871499c0e8e9b550a03a612be1e2ff092fe83f7fe45,2023-11-27T07:51:54.799000,received,kaspa:qqxrda0n7wx2zyhkxu2gx3hc5mraf7l7h90szkz8vrs4sa9cf0hvc6ysg6shy,19000000,
