tx_id,timestamp,direction,peer_address,amount_sompi,cex_label
cc0f4bbd55e48e62592210fc6ddabcf132db90e6b4d9f60169b7e8cc1c5f9217,2023-12-16T03:42:55.001000,sent,kaspa:qzslgwenzu78t6tldlng383g7ruu4enaljmnkgaulyrscjp7ldt26x8gfxck5,171940000,
cc0f4bbd55e48e62592210fc6ddabcf132db90e6b4d9f60169b7e8cc1c5f9217,2023-12-16T03:42:55.001000,sent,kaspa:qzslgwenzu78t6tldlng383g7ruu4enaljmnkgaulyrscjp7ldt26x8gfxck5,171940000,
c7d6c5e91dedd2c6c2dac015773161e1be077eaade21712b0ddfcdae4aae5cbb,2023-12-12T03:04:33.742000,received,kaspa:qypswxtcrv4ssyjaswy5w9387vq73mkuyq85tl34cee6qn5uexqy0csgnafnjx7,171000000,
3c696cdcc5e38c6210e6ff0ccdb9425f30c44f24e1a6414dc06763f8354e6f7d,2023-11-28T00:58:37.366000,sent,kaspa:qypaanjdn83jpvnhe5zn04c8g42myu4dcexsmvq90qkhwl8qcjthh7qwwu4hyng,18000000,
8250baf8c73ea9d1092ed1974532bf3b21b07d82a65b3b2a8768365b585797eb,2023-11-27T20:35:04.310000,received,kaspa:qpmp7s9we4nmtuq7fahr68pkxddehqer4r278q8wwtrgp4p5cqqj7e08uvv05,19000000,
