tx_id,timestamp,direction,peer_address,amount_sompi,cex_label
2bff5cbf5ce7885a6698d49e336a535af91b6304798fe947306647acdd452478,2024-02-17T09:16:56.999000,sent,kaspa:qqd463qjk795l7x06el7qjdh4hjtprah8mtnxx8exg8wz43fla4djkghheu25,172980000,
2bff5cbf5ce7885a6698d49e336a535af91b6304798fe947306647acdd452478,2024-02-17T09:16:56.999000,sent,kaspa:qqd463qjk795l7x06el7qjdh4hjtprah8mtnxx8exg8wz43fla4djkghheu25,172980000,
f91c9f62e391c50f3efe51999d1dc3c14df49b0e9745184e5acfd8095bd54c19,2023-12-12T23:00:37.327000,received,kaspa:qypswxtcrv4ssyjaswy5w9387vq73mkuyq85tl34cee6qn5uexqy0csgnafnjx7,171000000,
8828bac7c532776962f0a43b552b720efba5063276914921ff3011f153e21dca,2023-11-29T14:36:30.489000,sent,kaspa:qypkvfkn9elknmx9c35d979whtyk4px0mawzmzvza59ksh3n9mp4n7sjfuu6sy6,18000000,
3a4051bf11910d77e5fb953d83f27ae75ad29801643361b6b9710c5f7c2a4208,2023-11-27T04:15:21.841000,received,kaspa:qypxznxgupa8eac5m4a9tyzuaja0eguaas4q5aje0378z4yypf3u3rc34prk2qn,20000000,
