tx_id,timestamp,direction,peer_address,amount_sompi,cex_label
2e05dc6e59691209a9b8a73825d50695aabf5e5a64b64c7246a22e36ce18e61c,2023-12-14T06:39:07.324000,sent,kaspa:qr7r8rtehym00mcmmucflvu2003fsevzc9s0rezsltzwd6jd34p2cg3nd43cf,170990000,
f48fbbe916f306ae6d4fad2b1ba8c222f4cac91150a8cb535db1967c1f59d3a6,2023-12-12T18:28:58.341000,received,kaspa:qypswxtcrv4ssyjaswy5w9387vq73mkuyq85tl34cee6qn5uexqy0csgnafnjx7,171000000,
1e57e58fd0d7cff28c3e0aea72298a408b252318a9eb51478d0e8980874ccb44,2023-11-29T07:29:12.089000,sent,kaspa:qypxnjxgdvdx98wulfdlh74cuxcewyzl0u03gl7mm5svny6etr29c9qs77djahv,18001111,
bdfc9f44a456c6a4864bab8f0a723d200d5f93dc4e4285f11d9143e64a7c4367,2023-11-29T07:22:04.276000,received,kaspa:qqz3f90u0dyt6kcla7yljt059xl6jay6zvxjpj0ll7hmm03sl05sszfluz3pc,18011111,
