tx_id,timestamp,direction,peer_address,amount_sompi,cex_label
4b11cf4cbfcf0203741f26d86e71c2afeaa9e8b02c2c6a4cabe094dd8f3057b4,2024-08-19T20:42:20.683000,sent,kaspa:qrjfudl3x2c6gc9fquret8ewkh2dxqrutykewppmq62varmm5xm9s324cqulv,16000000000,
4b11cf4cbfcf0203741f26d86e71c2afeaa9e8b02c2c6a4cabe094dd8f3057b4,2024-08-19T20:42:20.683000,sent,kaspa:qrjfudl3x2c6gc9fquret8ewkh2dxqrutykewppmq62varmm5xm9s324cqulv,16000000000,
4fc940542a567f6a8293299d9666394f5983fe1ecd95fb864fbf07c5eab092af,2024-08-19T20:38:58.468000,received,kaspa:qq9zagcza4jt76eev9jl5z0nqhe0thcu7js8larktj4sle7lvgnw7sfcewlty,16118267828,
cfc3b7109c839f3b80be3e8cd71a34e8144ae40114dc9e212d4837ab28648c00,2024-08-02T13:49:54.829000,sent,kaspa:qq9zagcza4jt76eev9jl5z0nqhe0thcu7js8larktj4sle7lvgnw7sfcewlty,50000000000,
cfc3b7109c839f3b80be3e8cd71a34e8144ae40114dc9e212d4837ab28648c00,2024-08-02T13:49:54.829000,sent,kaspa:qq9zagcza4jt76eev9jl5z0nqhe0thcu7js8larktj4sle7lvgnw7sfcewlty,50000000000,
aa825ccc2f2d6aa27141af672902befae7591871be4a7d73edba5c237364d861,2024-08-02T13:43:35.527000,received,kaspa:qqutzsdzng0fy3fk8tw2z5345pxzs8yeee2c9ftjemqds4dfncq4q589xzpd0,50000000000,
aa825ccc2f2d6aa27141af672902befae7591871be4a7d73edba5c237364d861,2024-08-02T13:43:35.527000,received,kaspa:qqutzsdzng0fy3fk8tw2z5345pxzs8yeee2c9ftjemqds4dfncq4q589xzpd0,50000000000,
aa825ccc2f2d6aa27141af672902befae7591871be4a7d73edba5c237364d861,2024-08-02T13:43:35.527000,received,kaspa:qqutzsdzng0fy3fk8tw2z5345pxzs8yeee2c9ftjemqds4dfncq4q589xzpd0,50000000000,
aa825ccc2f2d6aa27141af672902befae7591871be4a7d73edba5c237364d861,2024-08-02T13:43:35.527000,received,kaspa:qqutzsdzng0fy3fk8tw2z5345pxzs8yeee2c9ftjemqds4dfncq4q589xzpd0,50000000000,
aa825ccc2f2d6aa27141af672902befae7591871be4a7d73edba5c237364d861,2024-08-02T13:43:35.527000,received,kaspa:qqutzsdzng0fy3fk8tw2z5345pxzs8yeee2c9ftjemqds4dfncq4q589xzpd0,50000000000,
ee9bfcf88cf7ea497dce2fc293a79a884d8884c19a3da03b0b9a1b2f20321996,2024-07-07T18:32:02.565000,sent,kaspa:qq9zagcza4jt76eev9jl5z0nqhe0thcu7js8larktj4sle7lvgnw7sfcewlty,10000000000,
ee9bfcf88cf7ea497dce2fc293a79a884d8884c19a3da03b0b9a1b2f20321996,2024-07-07T18:32:02.565000,sent,kaspa:qq9zagcza4jt76eev9jl5z0nqhe0thcu7js8larktj4sle7lvgnw7sfcewlty,10000000000,
2e135b9ae3bcd07c9e32136a4b410dec63f31ebfa9f2f7c724c4a78884a0ac78,2024-07-07T18:28:01.366000,received,kaspa:qrv622yuq6lp96mzuksn5n8aqpxnpku9vd7f4qpl9jmsnul5f44d2n6486p90,9999996835,
2e135b9ae3bcd07c9e32136a4b410dec63f31ebfa9f2f7c724c4a78884a0ac78,2024-07-07T18:28:01.366000,received,kaspa:qrv622yuq6lp96mzuksn5n8aqpxnpku9vd7f4qpl9jmsnul5f44d2n6486p90,9999996835,
75fe7eef3244df62ec338c0f0fbc3dddd9a1356aee2cf77c5d6b978d76766892,2024-04-10T05:35:27.471000,sent,kaspa:qq9zagcza4jt76eev9jl5z0nqhe0thcu7js8larktj4sle7lvgnw7sfcewlty,900000000,
6e5c3d1425e1781011961326a2103a336c2393bde00c3d9bd23b45483831952d,2024-04-10T05:27:15.718000,received,kaspa:qrgy5qask35r8krjqvyq4c88c67786xuscu8g2zlc6csp5xck3x7xts9ghq34,1000000000,
