tx_id,timestamp,direction,peer_address,amount_sompi,cex_label
72f350f6334368d05cf01e98c90a7d89188b6efd392aeb04bbc034acc1a9a8bc,2025-05-14T07:48:02.335000,sent,kaspa:qryq3aplm0p67h0c953j6m6xkgnd258d8gmjmmrwxl3mf976k7qsxy3kjg526,495000000000,
d66ee9098988ce556c8b636744c2cd4b086181c8e89ddf16222525e1c4bae6f3,2025-05-14T07:46:51.889000,sent,kaspa:qqjxcjkmgz3nx6cmly78xhh8zc2mlsr38sgckdgwwtyvq0d865a3un92alqyr,55000000000,
5ca5028d94f7cff645e96ee692e8038785e4a052e63093a11136259a309e0ea2,2024-04-13T13:22:45.549000,sent,kaspa:qq9zagcza4jt76eev9jl5z0nqhe0thcu7js8larktj4sle7lvgnw7sfcewlty,18000000000,
874a011c5e0d595a6ec4a71a76db63f10fb9c1d87fe1f972f46b0373e37edb2f,2023-09-01T19:03:34.742000,received,kaspa:qq3k4du6wf2g26j7ds6fqmgtgavgm3zy676wntp2e52nsuns2n4s6xkndmx0y,568168020000,
