tx_id,timestamp,direction,peer_address,amount_sompi,cex_label
efb81f44350d3122fea69e7cf2f5e1752987ee8d4ec0efdb8a0c6dbd0d3215ee,2023-12-16T04:19:04.341000,sent,kaspa:qzslgwenzu78t6tldlng383g7ruu4enaljmnkgaulyrscjp7ldt26x8gfxck5,171940000,
efb81f44350d3122fea69e7cf2f5e1752987ee8d4ec0efdb8a0c6dbd0d3215ee,2023-12-16T04:19:04.341000,sent,kaspa:qzslgwenzu78t6tldlng383g7ruu4enaljmnkgaulyrscjp7ldt26x8gfxck5,171940000,
28f0c90de30d3a69af7e6691b7c73c87b0e8f18d162d862fa65092cc5597682b,2023-12-12T11:29:41.376000,received,kaspa:qypswxtcrv4ssyjaswy5w9387vq73mkuyq85tl34cee6qn5uexqy0csgnafnjx7,171000000,
28f60dae66b44ac3e056a554b2d47256c0b8797ae3f6876293fe5f966ac1e38d,2023-11-28T15:55:05.120000,sent,kaspa:qypc9yerrjw52vjkhyzyxjjkak9xxlyae2nd8upfke625gr59x9x08sh2lkywkg,18000000,
5269362d3ded0e17c6186cdcc8293e0c4e5408662a0ae44ef0c1dc68b546aa26,2023-11-28T11:54:36.788000,received,kaspa:qpedmf364umpvsyuzxh5lcnd0uq690kpewh2m64nphtu53uyflsex8djflldj,19000000,
