tx_id,timestamp,direction,peer_address,amount_sompi,cex_label
01853baa13effb5ae426453208098a7c987867666b91145689c7a97d3a9b6013,2024-12-07T20:25:21.771000,sent,kaspa:qpqpyavkqnp60q6t4sfctz4yp3n0ct963z65rxkd5ft32vkehnd3wx8jqctr2,27799940000,CoinEx
4c4807ebc583ae028805e5432130dc167dfbeff2415f3ed041d05391b5ad1d18,2024-12-07T20:04:25.381000,received,kaspa:qpvseq3hjzjtyctvlpe4csv6qeler8x576y9d3cwlhnruuamcvcyggqzeqn6u,27800000000,
4c4807ebc583ae028805e5432130dc167dfbeff2415f3ed041d05391b5ad1d18,2024-12-07T20:04:25.381000,received,kaspa:qpvseq3hjzjtyctvlpe4csv6qeler8x576y9d3cwlhnruuamcvcyggqzeqn6u,27800000000,
4c4807ebc583ae028805e5432130dc167dfbeff2415f3ed041d05391b5ad1d18,2024-12-07T20:04:25.381000,received,kaspa:qpvseq3hjzjtyctvlpe4csv6qeler8x576y9d3cwlhnruuamcvcyggqzeqn6u,27800000000,
4c4807ebc583ae028805e5432130dc167dfbeff2415f3ed041d05391b5ad1d18,2024-12-07T20:04:25.381000,received,kaspa:qpvseq3hjzjtyctvlpe4csv6qeler8x576y9d3cwlhnruuamcvcyggqzeqn6u,27800000000,
4c4807ebc583ae028805e5432130dc167dfbeff2415f3ed041d05391b5ad1d18,2024-12-07T20:04:25.381000,received,kaspa:qpvseq3hjzjtyctvlpe4csv6qeler8x576y9d3cwlhnruuamcvcyggqzeqn6u,27800000000,
