tx_id,timestamp,direction,peer_address,amount_sompi,cex_label
6196b394ad78e8363aca2c89a04fbe9c4e06a41f79d68153b164f3d884ff7c47,2025-03-26T16:32:03.306000,sent,kaspa:qq3k4du6wf2g26j7ds6fqmgtgavgm3zy676wntp2e52nsuns2n4s6xkndmx0y,9189070908019,
6210df2fb926a46ecf4dc5b72a299100866011bb0eae4a668f0812a5c2b7483c,2025-03-26T16:28:35.719000,received,kaspa:qypj9n54ry3mm94eepupz5zensfdeer47ut0gwzawspxe3p66w9feqs53y3rrcv,9189070928019,
7bbea2b68dd4bea8537518cfe11fee55bd4936c75177fdda781be8a8a17a8bb1,2025-03-26T16:03:43.348000,sent,kaspa:qq3k4du6wf2g26j7ds6fqmgtgavgm3zy676wntp2e52nsuns2n4s6xkndmx0y,14999999980000,
2f398919f1702f5aae7be7d584849d86c5687b13198b0847c926709692c9c65b,2025-03-26T15:59:35.063000,received,kaspa:qypj9n54ry3mm94eepupz5zensfdeer47ut0gwzawspxe3p66w9feqs53y3rrcv,15000000000000,
b996428d2926abd51e87ce1f379262e38a048b4499147bb2576f0766be017781,2025-03-26T15:36:42.527000,sent,kaspa:qq3k4du6wf2g26j7ds6fqmgtgavgm3zy676wntp2e52nsuns2n4s6xkndmx0y,14999999980000,
bbc2a782fed7c595d79f39d94eefcc5900353555ac29a2bf7b5e5d0891cedc12,2025-03-26T15:32:48.016000,received,kaspa:qypj9n54ry3mm94eepupz5zensfdeer47ut0gwzawspxe3p66w9feqs53y3rrcv,15000000000000,
893a1f80c59eb5abc3b8230091692dfab722c1dfaccee31094ee81bb3b0e8770,2025-03-26T15:15:43.940000,sent,kaspa:qq3k4du6wf2g26j7ds6fqmgtgavgm3zy676wntp2e52nsuns2n4s6xkndmx0y,14999999980000,
9d89f18c4b48808d3c13593ab0a1307368052ec58e2c8d37a2696201920a0c38,2025-03-26T15:11:15.805000,received,kaspa:qypj9n54ry3mm94eepupz5zensfdeer47ut0gwzawspxe3p66w9feqs53y3rrcv,15000000000000,
fa3e68ec4c20293474bee8d1ce41a9cc384162d23bcddabd2a567533908d9c10,2025-03-26T14:50:43.259000,sent,kaspa:qq3k4du6wf2g26j7ds6fqmgtgavgm3zy676wntp2e52nsuns2n4s6xkndmx0y,19999980000,
4a2ea1ed13e59fc45c537b986a8e244eaed8de2b69f37c80999bdf45daeb0dd5,2025-03-26T14:46:48.441000,received,kaspa:qypj9n54ry3mm94eepupz5zensfdeer47ut0gwzawspxe3p66w9feqs53y3rrcv,20000000000,
4a2ea1ed13e59fc45c537b986a8e244eaed8de2b69f37c80999bdf45daeb0dd5,2025-03-26T14:46:48.441000,received,kaspa:qypj9n54ry3mm94eepupz5zensfdeer47ut0gwzawspxe3p66w9feqs53y3rrcv,20000000000,
4a2ea1ed13e59fc45c537b986a8e244eaed8de2b69f37c80999bdf45daeb0dd5,2025-03-26T14:46:48.441000,received,kaspa:qypj9n54ry3mm94eepupz5zensfdeer47ut0gwzawspxe3p66w9feqs53y3rrcv,20000000000,
4a2ea1ed13e59fc45c537b986a8e244eaed8de2b69f37c80999bdf45daeb0dd5,2025-03-26T14:46:48.441000,received,kaspa:qypj9n54ry3mm94eepupz5zensfdeer47ut0gwzawspxe3p66w9feqs53y3rrcv,20000000000,
4a2ea1ed13e59fc45c537b986a8e244eaed8de2b69f37c80999bdf45daeb0dd5,2025-03-26T14:46:48.441000,received,kaspa:qypj9n54ry3mm94eepupz5zensfdeer47ut0gwzawspxe3p66w9feqs53y3rrcv,20000000000,
4a2ea1ed13e59fc45c537b986a8e244eaed8de2b69f37c80999bdf45daeb0dd5,2025-03-26T14:46:48.441000,received,kaspa:qypj9n54ry3mm94eepupz5zensfdeer47ut0gwzawspxe3p66w9feqs53y3rrcv,20000000000,
4a2ea1ed13e59fc45c537b986a8e244eaed8de2b69f37c80999bdf45daeb0dd5,2025-03-26T14:46:48.441000,received,kaspa:qypj9n54ry3mm94eepupz5zensfdeer47ut0gwzawspxe3p66w9feqs53y3rrcv,20000000000,
