tx_id,timestamp,direction,peer_address,amount_sompi,cex_label
62a0fa0e769967531c46b1ef33e473550b820a14349ac1c8ec918db1d8b3fc9c,2023-12-16T05:01:27.953000,sent,kaspa:qzslgwenzu78t6tldlng383g7ruu4enaljmnkgaulyrscjp7ldt26x8gfxck5,171940000,
62a0fa0e769967531c46b1ef33e473550b820a14349ac1c8ec918db1d8b3fc9c,2023-12-16T05:01:27.953000,sent,kaspa:qzslgwenzu78t6tldlng383g7ruu4enaljmnkgaulyrscjp7ldt26x8gfxck5,171940000,
451a53d569bec1cc9abb62822863ac6b91c715016081a0d69d62432b2ce18352,2023-12-13T02:22:19.183000,received,kaspa:qypswxtcrv4ssyjaswy5w9387vq73mkuyq85tl34cee6qn5uexqy0csgnafnjx7,171000000,
32f66577719727214817876520008e1886f22fd315a9cead603ed399bfe8a126,2023-11-29T17:47:25.611000,sent,kaspa:qyp0xaatxwes5xcvkp7ngrjkm55t60da4mhvyjw2e8n0cq3la5dr9gc095hwsws,18000000,
9c870d5e9f0f53b3be0e315fa7b91b207527ad7b35d4bb01421ed5348fa0ad1e,2023-11-28T10:32:16.101000,received,kaspa:qpwhru0ycq9aqhmkwzwsz5q888cxytn6pjlhang56rff0m2ysh727vazd7ejt,19000000,
