tx_id,timestamp,direction,peer_address,amount_sompi,cex_label
6210df2fb926a46ecf4dc5b72a299100866011bb0eae4a668f0812a5c2b7483c,2025-03-26T16:28:35.719000,sent,kaspa:qz38nswmt76jch7xcs94ksusxcc48qr2ke9ttqyvf3vz9rnkjaw6jt3rmx4mp,9189070928019,
2f398919f1702f5aae7be7d584849d86c5687b13198b0847c926709692c9c65b,2025-03-26T15:59:35.063000,sent,kaspa:qz38nswmt76jch7xcs94ksusxcc48qr2ke9ttqyvf3vz9rnkjaw6jt3rmx4mp,15000000000000,
bbc2a782fed7c595d79f39d94eefcc5900353555ac29a2bf7b5e5d0891cedc12,2025-03-26T15:32:48.016000,sent,kaspa:qz38nswmt76jch7xcs94ksusxcc48qr2ke9ttqyvf3vz9rnkjaw6jt3rmx4mp,15000000000000,
9d89f18c4b48808d3c13593ab0a1307368052ec58e2c8d37a2696201920a0c38,2025-03-26T15:11:15.805000,sent,kaspa:qz38nswmt76jch7xcs94ksusxcc48qr2ke9ttqyvf3vz9rnkjaw6jt3rmx4mp,15000000000000,
4a2ea1ed13e59fc45c537b986a8e244eaed8de2b69f37c80999bdf45daeb0dd5,2025-03-26T14:46:48.441000,sent,kaspa:qz38nswmt76jch7xcs94ksusxcc48qr2ke9ttqyvf3vz9rnkjaw6jt3rmx4mp,20000000000,
4a2ea1ed13e59fc45c537b986a8e244eaed8de2b69f37c80999bdf45daeb0dd5,2025-03-26T14:46:48.441000,sent,kaspa:qz38nswmt76jch7xcs94ksusxcc48qr2ke9ttqyvf3vz9rnkjaw6jt3rmx4mp,20000000000,
4a2ea1ed13e59fc45c537b986a8e244eaed8de2b69f37c80999bdf45daeb0dd5,2025-03-26T14:46:48.441000,sent,kaspa:qz38nswmt76jch7xcs94ksusxcc48qr2ke9ttqyvf3vz9rnkjaw6jt3rmx4mp,20000000000,
4a2ea1ed13e59fc45c537b986a8e244eaed8de2b69f37c80999bdf45daeb0dd5,2025-03-26T14:46:48.441000,sent,kaspa:qz38nswmt76jch7xcs94ksusxcc48qr2ke9ttqyvf3vz9rnkjaw6jt3rmx4mp,20000000000,
4a2ea1ed13e59fc45c537b986a8e244eaed8de2b69f37c80999bdf45daeb0dd5,2025-03-26T14:46:48.441000,sent,kaspa:qz38nswmt76jch7xcs94ksusxcc48qr2ke9ttqyvf3vz9rnkjaw6jt3rmx4mp,20000000000,
4a2ea1ed13e59fc45c537b986a8e244eaed8de2b69f37c80999bdf45daeb0dd5,2025-03-26T14:46:48.441000,sent,kaspa:qz38nswmt76jch7xcs94ksusxcc48qr2ke9ttqyvf3vz9rnkjaw6jt3rmx4mp,20000000000,
4a2ea1ed13e59fc45c537b986a8e244eaed8de2b69f37c80999bdf45daeb0dd5,2025-03-26T14:46:48.441000,sent,kaspa:qz38nswmt76jch7xcs94ksusxcc48qr2ke9ttqyvf3vz9rnkjaw6jt3rmx4mp,20000000000,
8934f8f267a7a9c689629dab41516ac5a1baadbdc1a9b547c9e06d607c63ee46,2024-02-13T09:54:07.895000,received,kaspa:qp4x42tudyehxtg5wz9qzlcuupclxler4mlzpdlng84jchu9jvdpueht8wd8s,19715900000000,
8934f8f267a7a9c689629dab41516ac5a1baadbdc1a9b547c9e06d607c63ee46,2024-02-13T09:54:07.895000,received,kaspa:qpec5vv5snrzty83j3g2hagc8rndym6fdvt4mpneskwclp50nx5ex4s6rwnke,19715900000000,
8934f8f267a7a9c689629dab41516ac5a1baadbdc1a9b547c9e06d607c63ee46,2024-02-13T09:54:07.895000,received,kaspa:qrlv5y5x64e7z6nvswe5lvye39uuesdthc9fmvrfuyfcljf7vqw9vmtenxw7l,19715900000000,
8934f8f267a7a9c689629dab41516ac5a1baadbdc1a9b547c9e06d607c63ee46,2024-02-13T09:54:07.895000,received,kaspa:qz835vas53ptw362d94pjulfltfefkhp9mqrpccm0uf6fc3q5d3usw4y22lj3,19715900000000,
8934f8f267a7a9c689629dab41516ac5a1baadbdc1a9b547c9e06d607c63ee46,2024-02-13T09:54:07.895000,received,kaspa:qpllenyhleuxwug3vzz9wxtmmtenkfvqutzngfeycx2h5ryq7fd323fygxn60,19715900000000,
b712dc2e0473b6ea5742b6071878eb7a8629a9b52a777f79651abcf741d9d029,2024-02-13T09:48:59.711000,received,kaspa:qzj2urmekpx4jnfun8wpexecmutf0mdlvx4erxy86rx05wuwgl4ksv5q9ftqg,10000000000000,
b712dc2e0473b6ea5742b6071878eb7a8629a9b52a777f79651abcf741d9d029,2024-02-13T09:48:59.711000,received,kaspa:qq0v88m7x6apl6unzxyqpfq7z0c5fz3e2shn7s5vu6rkvzt9qpnrcp7eyz5js,10000000000000,
0e6635b05cc8da30380d17d860f0cf4e53cce860bab1cda1c08286c73b302b4b,2024-02-13T09:45:41.686000,received,kaspa:qp7jfu74xgpyfrmmdxtcu30tdjxjln379r8kaeu8hj0runz8d09z58sfqn0eh,10000000000,
dfa432bb6e9a63048bd2bb7605fc7c08d8f9ea75d7c4b2c49c41068be518747c,2024-01-17T18:22:40.846000,received,kaspa:qqwvnkp47wsj6n4hkdlgj8dsauyx0xvefunnwvvsmpq2udd0ka8ckmpuqw3k5,13473170944550,
c8ccb5e3ac98f4e830106ac759a9de2fb0f43eaf5c13b54d6fe3226b42d59e4a,2024-01-17T17:55:19.248000,received,kaspa:qqwvnkp47wsj6n4hkdlgj8dsauyx0xvefunnwvvsmpq2udd0ka8ckmpuqw3k5,10000000000000,
3e2c68576af8ab071d25b5d7ddaa37fadb6eee7e93846603790560f07f843213,2024-01-17T17:26:34.435000,received,kaspa:qqwvnkp47wsj6n4hkdlgj8dsauyx0xvefunnwvvsmpq2udd0ka8ckmpuqw3k5,1000000000000,
3e2c68576af8ab071d25b5d7ddaa37fadb6eee7e93846603790560f07f843213,2024-01-17T17:26:34.435000,received,kaspa:qqwvnkp47wsj6n4hkdlgj8dsauyx0xvefunnwvvsmpq2udd0ka8ckmpuqw3k5,1000000000000,
cf61d7c05b9bfd569311d13ad31e50c3c75d04da63c6f7e5d62263d0eda138a1,2024-01-10T17:12:27.718000,received,kaspa:qqwvnkp47wsj6n4hkdlgj8dsauyx0xvefunnwvvsmpq2udd0ka8ckmpuqw3k5,10000000000,
cf61d7c05b9bfd569311d13ad31e50c3c75d04da63c6f7e5d62263d0eda138a1,2024-01-10T17:12:27.718000,received,kaspa:qqwvnkp47wsj6n4hkdlgj8dsauyx0xvefunnwvvsmpq2udd0ka8ckmpuqw3k5,10000000000,
cf61d7c05b9bfd569311d13ad31e50c3c75d04da63c6f7e5d62263d0eda138a1,2024-01-10T17:12:27.718000,received,kaspa:qqwvnkp47wsj6n4hkdlgj8dsauyx0xvefunnwvvsmpq2udd0ka8ckmpuqw3k5,10000000000,
cf61d7c05b9bfd569311d13ad31e50c3c75d04da63c6f7e5d62263d0eda138a1,2024-01-10T17:12:27.718000,received,kaspa:qqwvnkp47wsj6n4hkdlgj8dsauyx0xvefunnwvvsmpq2udd0ka8ckmpuqw3k5,10000000000,
cf61d7c05b9bfd569311d13ad31e50c3c75d04da63c6f7e5d62263d0eda138a1,2024-01-10T17:12:27.718000,received,kaspa:qqwvnkp47wsj6n4hkdlgj8dsauyx0xvefunnwvvsmpq2udd0ka8ckmpuqw3k5,10000000000,
cf61d7c05b9bfd569311d13ad31e50c3c75d04da63c6f7e5d62263d0eda138a1,2024-01-10T17:12:27.718000,received,kaspa:qqwvnkp47wsj6n4hkdlgj8dsauyx0xvefunnwvvsmpq2udd0ka8ckmpuqw3k5,10000000000,
cf61d7c05b9bfd569311d13ad31e50c3c75d04da63c6f7e5d62263d0eda138a1,2024-01-10T17:12:27.718000,received,kaspa:qqwvnkp47wsj6n4hkdlgj8dsauyx0xvefunnwvvsmpq2udd0ka8ckmpuqw3k5,10000000000,
cf61d7c05b9bfd569311d13ad31e50c3c75d04da63c6f7e5d62263d0eda138a1,2024-01-10T17:12:27.718000,received,kaspa:qqwvnkp47wsj6n4hkdlgj8dsauyx0xvefunnwvvsmpq2udd0ka8ckmpuqw3k5,10000000000,
cf61d7c05b9bfd569311d13ad31e50c3c75d04da63c6f7e5d62263d0eda138a1,2024-01-10T17:12:27.718000,received,kaspa:qqwvnkp47wsj6n4hkdlgj8dsauyx0xvefunnwvvsmpq2udd0ka8ckmpuqw3k5,10000000000,
cf61d7c05b9bfd569311d13ad31e50c3c75d04da63c6f7e5d62263d0eda138a1,2024-01-10T17:12:27.718000,received,kaspa:qqwvnkp47wsj6n4hkdlgj8dsauyx0xvefunnwvvsmpq2udd0ka8ckmpuqw3k5,10000000000,
cf61d7c05b9bfd569311d13ad31e50c3c75d04da63c6f7e5d62263d0eda138a1,2024-01-10T17:12:27.718000,received,kaspa:qqwvnkp47wsj6n4hkdlgj8dsauyx0xvefunnwvvsmpq2udd0ka8ckmpuqw3k5,10000000000,
cf61d7c05b9bfd569311d13ad31e50c3c75d04da63c6f7e5d62263d0eda138a1,2024-01-10T17:12:27.718000,received,kaspa:qqwvnkp47wsj6n4hkdlgj8dsauyx0xvefunnwvvsmpq2udd0ka8ckmpuqw3k5,10000000000,
cf61d7c05b9bfd569311d13ad31e50c3c75d04da63c6f7e5d62263d0eda138a1,2024-01-10T17:12:27.718000,received,kaspa:qqwvnkp47wsj6n4hkdlgj8dsauyx0xvefunnwvvsmpq2udd0ka8ckmpuqw3k5,10000000000,
cf61d7c05b9bfd569311d13ad31e50c3c75d04da63c6f7e5d62263d0eda138a1,2024-01-10T17:12:27.718000,received,kaspa:qqwvnkp47wsj6n4hkdlgj8dsauyx0xvefunnwvvsmpq2udd0ka8ckmpuqw3k5,10000000000,
cf61d7c05b9bfd569311d13ad31e50c3c75d04da63c6f7e5d62263d0eda138a1,2024-01-10T17:12:27.718000,received,kaspa:qqwvnkp47wsj6n4hkdlgj8dsauyx0xvefunnwvvsmpq2udd0ka8ckmpuqw3k5,10000000000,
cf61d7c05b9bfd569311d13ad31e50c3c75d04da63c6f7e5d62263d0eda138a1,2024-01-10T17:12:27.718000,received,kaspa:qqwvnkp47wsj6n4hkdlgj8dsauyx0xvefunnwvvsmpq2udd0ka8ckmpuqw3k5,10000000000,
cf61d7c05b9bfd569311d13ad31e50c3c75d04da63c6f7e5d62263d0eda138a1,2024-01-10T17:12:27.718000,received,kaspa:qqwvnkp47wsj6n4hkdlgj8dsauyx0xvefunnwvvsmpq2udd0ka8ckmpuqw3k5,10000000000,
cf61d7c05b9bfd569311d13ad31e50c3c75d04da63c6f7e5d62263d0eda138a1,2024-01-10T17:12:27.718000,received,kaspa:qqwvnkp47wsj6n4hkdlgj8dsauyx0xvefunnwvvsmpq2udd0ka8ckmpuqw3k5,10000000000,
cf61d7c05b9bfd569311d13ad31e50c3c75d04da63c6f7e5d62263d0eda138a1,2024-01-10T17:12:27.718000,received,kaspa:qqwvnkp47wsj6n4hkdlgj8dsauyx0xvefunnwvvsmpq2udd0ka8ckmpuqw3k5,10000000000,
cf61d7c05b9bfd569311d13ad31e50c3c75d04da63c6f7e5d62263d0eda138a1,2024-01-10T17:12:27.718000,received,kaspa:qqwvnkp47wsj6n4hkdlgj8dsauyx0xvefunnwvvsmpq2udd0ka8ckmpuqw3k5,10000000000,
cf61d7c05b9bfd569311d13ad31e50c3c75d04da63c6f7e5d62263d0eda138a1,2024-01-10T17:12:27.718000,received,kaspa:qqwvnkp47wsj6n4hkdlgj8dsauyx0xvefunnwvvsmpq2udd0ka8ckmpuqw3k5,10000000000,
cf61d7c05b9bfd569311d13ad31e50c3c75d04da63c6f7e5d62263d0eda138a1,2024-01-10T17:12:27.718000,received,kaspa:qqwvnkp47wsj6n4hkdlgj8dsauyx0xvefunnwvvsmpq2udd0ka8ckmpuqw3k5,10000000000,
cf61d7c05b9bfd569311d13ad31e50c3c75d04da63c6f7e5d62263d0eda138a1,2024-01-10T17:12:27.718000,received,kaspa:qqwvnkp47wsj6n4hkdlgj8dsauyx0xvefunnwvvsmpq2udd0ka8ckmpuqw3k5,10000000000,
cf61d7c05b9bfd569311d13ad31e50c3c75d04da63c6f7e5d62263d0eda138a1,2024-01-10T17:12:27.718000,received,kaspa:qqwvnkp47wsj6n4hkdlgj8dsauyx0xvefunnwvvsmpq2udd0ka8ckmpuqw3k5,10000000000,
cf61d7c05b9bfd569311d13ad31e50c3c75d04da63c6f7e5d62263d0eda138a1,2024-01-10T17:12:27.718000,received,kaspa:qqwvnkp47wsj6n4hkdlgj8dsauyx0xvefunnwvvsmpq2udd0ka8ckmpuqw3k5,10000000000,
cf61d7c05b9bfd569311d13ad31e50c3c75d04da63c6f7e5d62263d0eda138a1,2024-01-10T17:12:27.718000,received,kaspa:qqwvnkp47wsj6n4hkdlgj8dsauyx0xvefunnwvvsmpq2udd0ka8ckmpuqw3k5,10000000000,
cf61d7c05b9bfd569311d13ad31e50c3c75d04da63c6f7e5d62263d0eda138a1,2024-01-10T17:12:27.718000,received,kaspa:qqwvnkp47wsj6n4hkdlgj8dsauyx0xvefunnwvvsmpq2udd0ka8ckmpuqw3k5,10000000000,
cf61d7c05b9bfd569311d13ad31e50c3c75d04da63c6f7e5d62263d0eda138a1,2024-01-10T17:12:27.718000,received,kaspa:qqwvnkp47wsj6n4hkdlgj8dsauyx0xvefunnwvvsmpq2udd0ka8ckmpuqw3k5,10000000000,
cf61d7c05b9bfd569311d13ad31e50c3c75d04da63c6f7e5d62263d0eda138a1,2024-01-10T17:12:27.718000,received,kaspa:qqwvnkp47wsj6n4hkdlgj8dsauyx0xvefunnwvvsmpq2udd0ka8ckmpuqw3k5,10000000000,
