tx_id,timestamp,direction,peer_address,amount_sompi,cex_label
df0dd938488ba8c117f736f8bf7c1c92a3d45ecf4fbe59847ce12851a9a3f556,2025-03-23T18:49:29.013000,sent,kaspa:qp8axuj8493lykf4g5adkz2r2sqef50g3f8ctq8euc5r8vlarkyxqw0lv67dy,2621396926235,
df0dd938488ba8c117f736f8bf7c1c92a3d45ecf4fbe59847ce12851a9a3f556,2025-03-23T18:49:29.013000,sent,kaspa:qp8axuj8493lykf4g5adkz2r2sqef50g3f8ctq8euc5r8vlarkyxqw0lv67dy,2621396926235,
df0dd938488ba8c117f736f8bf7c1c92a3d45ecf4fbe59847ce12851a9a3f556,2025-03-23T18:49:29.013000,sent,kaspa:qp8axuj8493lykf4g5adkz2r2sqef50g3f8ctq8euc5r8vlarkyxqw0lv67dy,2621396926235,
12baa1ff9cf15bb5694dc0be1d7b1724041199d311426766e685e8459d4d5eee,2025-03-15T21:53:06.257000,received,kaspa:qqetp7ct8kqss99fxmymyz5t3fezppxp0t58wl6pawp27elqd46uudme00cl0,1566796000000,
12baa1ff9cf15bb5694dc0be1d7b1724041199d311426766e685e8459d4d5eee,2025-03-15T21:53:06.257000,received,kaspa:qpzpfwcsqsxhxwup26r55fd0ghqlhyugz8cp6y3wxuddc02vcxtjg75pspnwz,1566796000000,MEXC
a5be351acdd3e56e692469806efc46f11fa0d8371191b82045e4a5f35fc3c0cd,2025-03-14T20:16:06.803000,received,kaspa:qqetp7ct8kqss99fxmymyz5t3fezppxp0t58wl6pawp27elqd46uudme00cl0,1054500000000,
a5be351acdd3e56e692469806efc46f11fa0d8371191b82045e4a5f35fc3c0cd,2025-03-14T20:16:06.803000,received,kaspa:qqetp7ct8kqss99fxmymyz5t3fezppxp0t58wl6pawp27elqd46uudme00cl0,1054500000000,
0b08419effc9bc2fe9293d62abaeeb25b35c993782fe8f47d67b2ebd37d4198a,2025-03-01T15:11:17.204000,sent,kaspa:qzn5dcjj9jmycjs3r7n5nmxhrp0r3djn6twfv2x7rxpg0dglt59jztvmdlra5,2038400000000,
0b08419effc9bc2fe9293d62abaeeb25b35c993782fe8f47d67b2ebd37d4198a,2025-03-01T15:11:17.204000,sent,kaspa:qzn5dcjj9jmycjs3r7n5nmxhrp0r3djn6twfv2x7rxpg0dglt59jztvmdlra5,2038400000000,
0b08419effc9bc2fe9293d62abaeeb25b35c993782fe8f47d67b2ebd37d4198a,2025-03-01T15:11:17.204000,sent,kaspa:qzn5dcjj9jmycjs3r7n5nmxhrp0r3djn6twfv2x7rxpg0dglt59jztvmdlra5,2038400000000,
0b08419effc9bc2fe9293d62abaeeb25b35c993782fe8f47d67b2ebd37d4198a,2025-03-01T15:11:17.204000,sent,kaspa:qzn5dcjj9jmycjs3r7n5nmxhrp0r3djn6twfv2x7rxpg0dglt59jztvmdlra5,2038400000000,
9423570d1d8960bd30afdb70ed602fe4ca13b850cbdea272a1cec65b1a50ca5a,2024-11-22T17:15:50.146000,received,kaspa:qzxvs0858rqrnn6wcl5a7v9rv2txmv74d6m59u75a50cd825q2d0s8mvn20hq,997999970000,
9f9eeb52c908156b08e7698da3b4493bc485600d7cec74aaba9f641e898e5629,2024-11-22T16:43:46.799000,received,kaspa:qzxvs0858rqrnn6wcl5a7v9rv2txmv74d6m59u75a50cd825q2d0s8mvn20hq,9000000000,
9f9eeb52c908156b08e7698da3b4493bc485600d7cec74aaba9f641e898e5629,2024-11-22T16:43:46.799000,received,kaspa:qzxvs0858rqrnn6wcl5a7v9rv2txmv74d6m59u75a50cd825q2d0s8mvn20hq,9000000000,
919dd3227844bad4b47fe42e5dad1f96b8c19d7dd56d5aed37b5e572a6f04062,2024-07-07T09:33:08.284000,received,kaspa:qqetp7ct8kqss99fxmymyz5t3fezppxp0t58wl6pawp27elqd46uudme00cl0,504900000000,
919dd3227844bad4b47fe42e5dad1f96b8c19d7dd56d5aed37b5e572a6f04062,2024-07-07T09:33:08.284000,received,kaspa:qpzpfwcsqsxhxwup26r55fd0ghqlhyugz8cp6y3wxuddc02vcxtjg75pspnwz,504900000000,MEXC
937a9e4b8bcc4ae9085448c2b51c65495b2e2ec9e5e6634b7aa7e826f11ae42a,2024-07-07T08:35:40.812000,sent,kaspa:qp8axuj8493lykf4g5adkz2r2sqef50g3f8ctq8euc5r8vlarkyxqw0lv67dy,5000000000,
937a9e4b8bcc4ae9085448c2b51c65495b2e2ec9e5e6634b7aa7e826f11ae42a,2024-07-07T08:35:40.812000,sent,kaspa:qp8axuj8493lykf4g5adkz2r2sqef50g3f8ctq8euc5r8vlarkyxqw0lv67dy,5000000000,
937a9e4b8bcc4ae9085448c2b51c65495b2e2ec9e5e6634b7aa7e826f11ae42a,2024-07-07T08:35:40.812000,sent,kaspa:qp8axuj8493lykf4g5adkz2r2sqef50g3f8ctq8euc5r8vlarkyxqw0lv67dy,5000000000,
eb77ac01c904bb57eda6d447dba5c916abd20fd035363970f4ab7a43d587a68f,2024-06-24T12:01:04.061000,received,kaspa:qpzpfwcsqsxhxwup26r55fd0ghqlhyugz8cp6y3wxuddc02vcxtjg75pspnwz,299000000000,MEXC
eb77ac01c904bb57eda6d447dba5c916abd20fd035363970f4ab7a43d587a68f,2024-06-24T12:01:04.061000,received,kaspa:qpzpfwcsqsxhxwup26r55fd0ghqlhyugz8cp6y3wxuddc02vcxtjg75pspnwz,299000000000,MEXC
c80ba4d4179013564d81c702b447c3dd9d0480aa14a6828d57ec52ea1da6e3f5,2024-06-22T16:48:02.404000,received,kaspa:qqetp7ct8kqss99fxmymyz5t3fezppxp0t58wl6pawp27elqd46uudme00cl0,199000000000,
c80ba4d4179013564d81c702b447c3dd9d0480aa14a6828d57ec52ea1da6e3f5,2024-06-22T16:48:02.404000,received,kaspa:qpzpfwcsqsxhxwup26r55fd0ghqlhyugz8cp6y3wxuddc02vcxtjg75pspnwz,199000000000,MEXC
9b1e1601bd773cc3ada51deed499c8f91ee3c726e9995ed1e86da26224cbe9b5,2024-06-19T21:31:02.198000,received,kaspa:qqetp7ct8kqss99fxmymyz5t3fezppxp0t58wl6pawp27elqd46uudme00cl0,33601000000,
9b1e1601bd773cc3ada51deed499c8f91ee3c726e9995ed1e86da26224cbe9b5,2024-06-19T21:31:02.198000,received,kaspa:qpzpfwcsqsxhxwup26r55fd0ghqlhyugz8cp6y3wxuddc02vcxtjg75pspnwz,33601000000,MEXC
