tx_id,timestamp,direction,peer_address,amount_sompi,cex_label
63625bf81a92d181e3925508ec7381544f5e43b74d5238accb2ed8f7eb563f68,2023-12-16T04:32:25.844000,sent,kaspa:qzslgwenzu78t6tldlng383g7ruu4enaljmnkgaulyrscjp7ldt26x8gfxck5,171940000,
63625bf81a92d181e3925508ec7381544f5e43b74d5238accb2ed8f7eb563f68,2023-12-16T04:32:25.844000,sent,kaspa:qzslgwenzu78t6tldlng383g7ruu4enaljmnkgaulyrscjp7ldt26x8gfxck5,171940000,
36832380d44576eb870ab4c405b6a051ed79bc0fb8a39d6830513c6246052e0b,2023-12-12T17:33:43.242000,received,kaspa:qypswxtcrv4ssyjaswy5w9387vq73mkuyq85tl34cee6qn5uexqy0csgnafnjx7,171000000,
cbcbd683b2b24752cf78dc1b989359979d4467076f436a80dcda10947f65936f,2023-11-29T05:57:26.929000,sent,kaspa:qypzgz9wjpv0lrsml8049yzjxmq224cm04sfyfh9zhqxtvgdgzs2sxq2nunrtj9,18000000,
195761b56def3ecead249ddcf97b5b4d437f07a443a76bebade2d26dc1e80c73,2023-11-28T19:18:04.528000,received,kaspa:qqaugwf5jw2eagnzq0ncvce6p8n8nwyxzwxmyxwqx7uast3nnv6q6xd4qglxr,19000000,
