tx_id,timestamp,direction,peer_address,amount_sompi,cex_label
72710f3855320625e1ce300a89e5e39728b7b4553978bab88f80ae05e5bb7b11,2024-03-24T04:40:31.294000,sent,kaspa:qpwhtp0fsxje3fpwl3axzd2wzl7wv5jsvrenrs60s20xvfenvw56gj3kkzc2y,7749500000000,
27eec7e845cd4c87111a95b9d6352faac7f0e386a81ee5c5d5879769c20f1f83,2024-03-24T00:01:06.920000,sent,kaspa:qrtk7wpuqym6j998xzhchf8dpav2sqgzggx9qfa9lwms57zkvme0q887z0qa6,2500000000000,
90ee15c5b3d0983eb252107dcecb74696643b63bffbcf8c57c5053bca423ad5f,2024-03-23T23:45:29.555000,sent,kaspa:qrtk7wpuqym6j998xzhchf8dpav2sqgzggx9qfa9lwms57zkvme0q887z0qa6,200000000000,
e56ab824983feca21e0b02ec4b6e08b868077c6d3830a2dd4537fc356cc57034,2024-03-23T23:37:33.453000,sent,kaspa:qq9zagcza4jt76eev9jl5z0nqhe0thcu7js8larktj4sle7lvgnw7sfcewlty,5000000000,
2a1351abddd989938a4e1084c67c67eebbef506811cc8b652761876363d496e4,2024-03-23T23:21:17.099000,sent,kaspa:qq9zagcza4jt76eev9jl5z0nqhe0thcu7js8larktj4sle7lvgnw7sfcewlty,1000000000000,
4cb3d17d211f9eb3490060887efab89a7eb66b4d9cfe0fb52be078fd16fbca0e,2024-03-23T23:15:13.429000,sent,kaspa:qq9zagcza4jt76eev9jl5z0nqhe0thcu7js8larktj4sle7lvgnw7sfcewlty,1000000000000,
4cb3d17d211f9eb3490060887efab89a7eb66b4d9cfe0fb52be078fd16fbca0e,2024-03-23T23:15:13.429000,sent,kaspa:qq9zagcza4jt76eev9jl5z0nqhe0thcu7js8larktj4sle7lvgnw7sfcewlty,1000000000000,
6d46014133f42aca84e6e8d8ee37412ff28942c233b1904825794be2d72b4cb8,2023-12-06T00:13:06.285000,received,kaspa:qqetp7ct8kqss99fxmymyz5t3fezppxp0t58wl6pawp27elqd46uudme00cl0,9999000000000,
7e721e6a961794031afc66af5d90f07522f7b2cfa7ae8195c7d45714ebf6d380,2023-03-29T22:51:42.094000,received,kaspa:qpzfpjm6m5zynqarj9wttpvzjephkmfepqd689qv0nweymze40unzlc6mra4t,2455600000000,
7e721e6a961794031afc66af5d90f07522f7b2cfa7ae8195c7d45714ebf6d380,2023-03-29T22:51:42.094000,received,kaspa:qpzfpjm6m5zynqarj9wttpvzjephkmfepqd689qv0nweymze40unzlc6mra4t,2455600000000,
