tx_id,timestamp,direction,peer_address,amount_sompi,cex_label
6926fd1940b4c1e738c974ad7023e31938c2e1ddec0676c10f2c7d00b3cd7283,2023-12-27T14:34:02.972000,sent,kaspa:qqwvnkp47wsj6n4hkdlgj8dsauyx0xvefunnwvvsmpq2udd0ka8ckmpuqw3k5,1997999900000,
6926fd1940b4c1e738c974ad7023e31938c2e1ddec0676c10f2c7d00b3cd7283,2023-12-27T14:34:02.972000,sent,kaspa:qqwvnkp47wsj6n4hkdlgj8dsauyx0xvefunnwvvsmpq2udd0ka8ckmpuqw3k5,1997999900000,
6926fd1940b4c1e738c974ad7023e31938c2e1ddec0676c10f2c7d00b3cd7283,2023-12-27T14:34:02.972000,sent,kaspa:qqwvnkp47wsj6n4hkdlgj8dsauyx0xvefunnwvvsmpq2udd0ka8ckmpuqw3k5,1997999900000,
fb8434bfb89a73ead166176bab2c2df1b38821cee68e413195c5096994ff1edb,2023-12-11T08:18:04.342000,received,kaspa:qqetp7ct8kqss99fxmymyz5t3fezppxp0t58wl6pawp27elqd46uudme00cl0,999000000000,
e77db1e5d5841a1669309cb4815237ffc7ce6c68c9aecacd62fdee372fefd42f,2023-12-06T13:29:08.455000,received,kaspa:qqetp7ct8kqss99fxmymyz5t3fezppxp0t58wl6pawp27elqd46uudme00cl0,500000000000,
0b75713713a2f90fa7e2b18111ae40f339afe89cdf0d3d1ae30fdb4f5b044579,2023-12-02T10:41:04.518000,received,kaspa:qqetp7ct8kqss99fxmymyz5t3fezppxp0t58wl6pawp27elqd46uudme00cl0,499000000000,
74981821d44ce0a2aabf9f3595234116103f940760c217bb7c65f61a0f97926a,2023-08-02T16:11:41.007000,sent,kaspa:qzf8c2t8rl77nh59jrgcx8xzrzwl9zhc9casa74avyrwum45kn9xs3mu8d8zv,4486999800000,
6cea4b1729a245b185f88c9dfe1f99120487657ec7fff2afc6c9550d33fc4e24,2023-08-02T15:46:13.377000,sent,kaspa:qzf8c2t8rl77nh59jrgcx8xzrzwl9zhc9casa74avyrwum45kn9xs3mu8d8zv,10000000000,
fda7cbf73fa805a1b768b05749365096a93605648f591adbb0161c05362434f1,2023-06-22T13:28:30.063000,received,kaspa:qq3k4du6wf2g26j7ds6fqmgtgavgm3zy676wntp2e52nsuns2n4s6xkndmx0y,4497000000000,
