tx_id,timestamp,direction,peer_address,amount_sompi,cex_label
d369e46a5e7a279b617df0c6a0cd3048ee56d0c37aa6a4fca3bf28aff68a87ef,2025-03-14T08:50:09.809000,sent,kaspa:qqcppe5qyle43ezwxtpu4lyvmgdyxy0d6rz6zg3wp97kk2p4wtxjg2s3mq5mc,10000000000,
d369e46a5e7a279b617df0c6a0cd3048ee56d0c37aa6a4fca3bf28aff68a87ef,2025-03-14T08:50:09.809000,sent,kaspa:qrcfjtm0n8fnlwwh4ys83d024vy9mdw6d05a8r087yw4jgv8njpx793q3kw9u,138899830000,
625966771979887a292150431564ce6ea2cdc5245c46080f6798f87fc18645ee,2025-03-13T08:07:18.413000,received,kaspa:qpyfq34h9eqjxepst53hkmjfshx9ht4tyttuev36x289wssqd3t9s2admx65t,128899850000,
625966771979887a292150431564ce6ea2cdc5245c46080f6798f87fc18645ee,2025-03-13T08:07:18.413000,received,kaspa:qrqg0gztfc6a7754qcn4xrqtlj9pr2wm33qlskfpm6kvpvgd6ghsv0kzjsf04,128899850000,
