tx_id,timestamp,direction,peer_address,amount_sompi,cex_label
a232ef7ac86ff69f56cbe56fb325ecb3b54f37d6fc79315aa058066802ebda97,2023-12-16T04:46:05.774000,sent,kaspa:qzslgwenzu78t6tldlng383g7ruu4enaljmnkgaulyrscjp7ldt26x8gfxck5,171940000,
a232ef7ac86ff69f56cbe56fb325ecb3b54f37d6fc79315aa058066802ebda97,2023-12-16T04:46:05.774000,sent,kaspa:qzslgwenzu78t6tldlng383g7ruu4enaljmnkgaulyrscjp7ldt26x8gfxck5,171940000,
d0f9162bf02ec2a10788b072119c2d0a92a4dafb8ba7640097e8f1156f399d18,2023-12-12T13:14:21.728000,received,kaspa:qypswxtcrv4ssyjaswy5w9387vq73mkuyq85tl34cee6qn5uexqy0csgnafnjx7,171000000,
43e70da4e42f0b3a7ba5e83360eae4fa53699c2472bc7eb977f2a37d2d9fe3df,2023-11-28T18:02:34.804000,sent,kaspa:qypj5erj5dgklsc59aypr3l294gfzqusjt59rf40cw4z6rlvz9ts3lquxmzn2c6,18000000,
05c5a8fe98f58b4689cf002acf01adc9f8d3e7bb3e885332d82440d544f5851a,2023-11-28T05:25:20.929000,received,kaspa:qz6l8tgf857xsthzey5323llrrazwwjguaza9ahgna75apjuczwac56pn4plh,19000000,
