tx_id,timestamp,direction,peer_address,amount_sompi,cex_label
41e953d1280a5256a72a6fc789b143d434dc2d6faefad5fbe3c0c9b46e28108f,2023-12-16T04:45:41.978000,sent,kaspa:qzslgwenzu78t6tldlng383g7ruu4enaljmnkgaulyrscjp7ldt26x8gfxck5,171940000,
41e953d1280a5256a72a6fc789b143d434dc2d6faefad5fbe3c0c9b46e28108f,2023-12-16T04:45:41.978000,sent,kaspa:qzslgwenzu78t6tldlng383g7ruu4enaljmnkgaulyrscjp7ldt26x8gfxck5,171940000,
91d810420363ab40539ce5d5498bf5259717d53bc2f93da0f3a69d564f79cfb0,2023-12-12T20:58:08.682000,received,kaspa:qypswxtcrv4ssyjaswy5w9387vq73mkuyq85tl34cee6qn5uexqy0csgnafnjx7,171000000,
ed5362cc62f515314c83751bf711f1dfdc718a7289c7e97e584cb599b7b456f7,2023-11-29T11:43:33.730000,sent,kaspa:qyp44tx8kvwvsttwdzd32yme76c2kk85vnncapf458nnf0skmvsqnpgzjk2tp9k,18000000,
8a75589af5b06a5c40cea62f13352b7640a929660cecdac83403b0a4691fde19,2023-11-27T23:44:13.935000,received,kaspa:qrw0mzm34kk0c6xkzawnmwqzd5pmyrga84uwd2thhw7qnd52qfeusmy6nkax7,19000000,
