tx_id,timestamp,direction,peer_address,amount_sompi,cex_label
9245e1580bef9f30012d2309bed7ea345d9dc41cc56c720734493dbb74c130e2,2024-04-13T23:05:24.903000,sent,kaspa:qqvt43dmz7qjaftt6524w00zkps8y7j884skmgfudg7hulrgtj9es0hdncvyg,30000000000,
80c23a6379fb9e3ce9cc116e490c6b304b191f977ee02117d4181825bec1bbbe,2024-04-05T23:46:00.471000,sent,kaspa:qqvt43dmz7qjaftt6524w00zkps8y7j884skmgfudg7hulrgtj9es0hdncvyg,30000000000,
80c23a6379fb9e3ce9cc116e490c6b304b191f977ee02117d4181825bec1bbbe,2024-04-05T23:46:00.471000,sent,kaspa:qqvt43dmz7qjaftt6524w00zkps8y7j884skmgfudg7hulrgtj9es0hdncvyg,30000000000,
80c23a6379fb9e3ce9cc116e490c6b304b191f977ee02117d4181825bec1bbbe,2024-04-05T23:46:00.471000,sent,kaspa:qqvt43dmz7qjaftt6524w00zkps8y7j884skmgfudg7hulrgtj9es0hdncvyg,30000000000,
4ab10d9f2e71ee053225beab01500a394d5600543bbdf42110d8726a2d12f00b,2024-03-27T23:53:09.212000,received,kaspa:qrvum29vk365g0zcd5gx3c7h829etfq2ytdmscjzw4zw04fjfnprcg9c3tges,18892988000,
e306cdaf4d1909ca1453a5d67ae9c05477e1d9efd1ce7609aed109bed73a386f,2024-03-24T01:22:16.248000,received,kaspa:qrvum29vk365g0zcd5gx3c7h829etfq2ytdmscjzw4zw04fjfnprcg9c3tges,20585294000,
03e092a19851503c909c0b5a1738882edf5dd04d21260b9f6b7c723bb969313c,2024-03-22T23:07:08.122000,sent,kaspa:qpxynkg57ssz08r57tvp483st0g8svpqy4jpa46ksf2qzl6frta8srtw0r5mr,16300000000,
766b1fc97b03407bcc21ccabcee403fd6170815f2aa9383894266d665f1e4a4a,2024-03-22T14:22:31.548000,sent,kaspa:qrqrd3ye4v8prke4jl7vh37y9ddcltmvh8cqrm4ksp0yg6zd4mf5yxrtwwmwu,92000000000,
ff1d6d8e8e7a5e64da4cec07f6703c76cfbf12839cd6f66f04e06d8cc428b108,2024-03-22T13:25:35.105000,sent,kaspa:qppawrvztew4sjhudgj7ttk3myzajzqe3dkv0kvlmy37cngvjnlput4tyzhwp,50000000000,
e9e0451d16b7ee9cba11c06f43f147c3b2926e08d9aa69d8a7f8412fd1aced4e,2024-03-21T22:38:49.906000,sent,kaspa:qqvt43dmz7qjaftt6524w00zkps8y7j884skmgfudg7hulrgtj9es0hdncvyg,45000000000,
ca8e39ddbdb3c0a2ff3333bd296c59ea34bfaa6966831de3709b839b2e609361,2024-03-16T22:37:06.451000,sent,kaspa:qqvt43dmz7qjaftt6524w00zkps8y7j884skmgfudg7hulrgtj9es0hdncvyg,100000000000,
c4011b39e652a0e56614847a7add40e7327b45d369309fcb7ce7df4b317950b2,2024-03-15T10:23:11.868000,sent,kaspa:qqvt43dmz7qjaftt6524w00zkps8y7j884skmgfudg7hulrgtj9es0hdncvyg,75500000000,
c4011b39e652a0e56614847a7add40e7327b45d369309fcb7ce7df4b317950b2,2024-03-15T10:23:11.868000,sent,kaspa:qqvt43dmz7qjaftt6524w00zkps8y7j884skmgfudg7hulrgtj9es0hdncvyg,75500000000,
c4011b39e652a0e56614847a7add40e7327b45d369309fcb7ce7df4b317950b2,2024-03-15T10:23:11.868000,sent,kaspa:qqvt43dmz7qjaftt6524w00zkps8y7j884skmgfudg7hulrgtj9es0hdncvyg,75500000000,
c4011b39e652a0e56614847a7add40e7327b45d369309fcb7ce7df4b317950b2,2024-03-15T10:23:11.868000,sent,kaspa:qqvt43dmz7qjaftt6524w00zkps8y7j884skmgfudg7hulrgtj9es0hdncvyg,75500000000,
c4011b39e652a0e56614847a7add40e7327b45d369309fcb7ce7df4b317950b2,2024-03-15T10:23:11.868000,sent,kaspa:qqvt43dmz7qjaftt6524w00zkps8y7j884skmgfudg7hulrgtj9es0hdncvyg,75500000000,
55a50c6316210c539f3ba68fefe23292cb3ac9f91b701cfa559c8af867a3db4e,2024-03-09T05:31:33.505000,received,kaspa:qrvum29vk365g0zcd5gx3c7h829etfq2ytdmscjzw4zw04fjfnprcg9c3tges,4994900000,
8a059e7e162c9b92ba3693fcc01fd7e3f3b5a7714fbdad6bf50824b816c7fb7d,2024-03-05T05:38:29.895000,received,kaspa:qrvum29vk365g0zcd5gx3c7h829etfq2ytdmscjzw4zw04fjfnprcg9c3tges,9768122000,
e0789ae74953f36fc3a82bfe12716712f69fc145488ece289d9f1fbb09ec1821,2024-03-05T01:30:40.267000,received,kaspa:qrvum29vk365g0zcd5gx3c7h829etfq2ytdmscjzw4zw04fjfnprcg9c3tges,100846952000,
fa3b2de500dec903dd5d16591fa45c239e65cbf731c0699cdbe9ec887573a466,2024-02-29T16:46:13.955000,received,kaspa:qrvum29vk365g0zcd5gx3c7h829etfq2ytdmscjzw4zw04fjfnprcg9c3tges,45516338000,
35fb6f442c206e5d182aabeb8fe7168e3e50fcdb95081e664cc92389a30f9c73,2024-02-29T16:28:22.388000,sent,kaspa:qp0zt4xcpxnlehawg8u5a2rnedf5andnu69pycrt88m2v3pm9y0rvtncxkgn2,91600000000,
f79aa3c9c3e274dbb9e1d3fd87043f10b44b2362f3ff048ce18b47681a9c5192,2024-02-29T15:57:24.077000,sent,kaspa:qqvt43dmz7qjaftt6524w00zkps8y7j884skmgfudg7hulrgtj9es0hdncvyg,74200000000,
f79aa3c9c3e274dbb9e1d3fd87043f10b44b2362f3ff048ce18b47681a9c5192,2024-02-29T15:57:24.077000,sent,kaspa:qqvt43dmz7qjaftt6524w00zkps8y7j884skmgfudg7hulrgtj9es0hdncvyg,74200000000,
f79aa3c9c3e274dbb9e1d3fd87043f10b44b2362f3ff048ce18b47681a9c5192,2024-02-29T15:57:24.077000,sent,kaspa:qqvt43dmz7qjaftt6524w00zkps8y7j884skmgfudg7hulrgtj9es0hdncvyg,74200000000,
0c071a6cfd46fe557a772619ef6300ce3465a2ad8420968effbfacc6dba97599,2024-02-28T05:06:02.953000,received,kaspa:qrvum29vk365g0zcd5gx3c7h829etfq2ytdmscjzw4zw04fjfnprcg9c3tges,6625268000,
b0883dab01f6e6fe89b6202ba366b31f38035af6cc932386d1296ad36772e93f,2024-02-27T15:13:17.766000,received,kaspa:qrvum29vk365g0zcd5gx3c7h829etfq2ytdmscjzw4zw04fjfnprcg9c3tges,91670041971,
613b3b434527fcfbe430ad6425f0067fb69e4c0b0ea784d6ad891f547b468c11,2024-02-18T04:15:17.981000,sent,kaspa:qqvt43dmz7qjaftt6524w00zkps8y7j884skmgfudg7hulrgtj9es0hdncvyg,30833469971,
613b3b434527fcfbe430ad6425f0067fb69e4c0b0ea784d6ad891f547b468c11,2024-02-18T04:15:17.981000,sent,kaspa:qqvt43dmz7qjaftt6524w00zkps8y7j884skmgfudg7hulrgtj9es0hdncvyg,30833469971,
613b3b434527fcfbe430ad6425f0067fb69e4c0b0ea784d6ad891f547b468c11,2024-02-18T04:15:17.981000,sent,kaspa:qqvt43dmz7qjaftt6524w00zkps8y7j884skmgfudg7hulrgtj9es0hdncvyg,30833469971,
cbe1bb7d743f36193c44fa12135b6fe02b9cccfc8f29b26313be1ad085c7d929,2024-02-07T08:35:01.747000,received,kaspa:qqak354p4vn7ulye59k7yevmjy77wh4lx8qmzzmf80l5sza9eh2sqsywkp8zr,194500000000,
719185a56eea534606d5d56f0daaa62052a89cdeec4f02bd1f9525ed287286ff,2024-02-07T08:33:39.212000,received,kaspa:qrvum29vk365g0zcd5gx3c7h829etfq2ytdmscjzw4zw04fjfnprcg9c3tges,1707000000,
0e89b20eb5c8c078ae86037a0cead8098c5c0d79978d249f0a3b628da896b69e,2024-02-07T06:57:33.406000,sent,kaspa:qpw4fhlpslhjl60j4yeqswm5whgv6pfsw8jfc8cd9xczpm9lah93gpr243u85,196000000000,
d1873346c4c8f2c543e6c8b3e2c7baa26a236ed2f908afe0739f9c2beeb13b96,2024-01-31T07:11:19.625000,sent,kaspa:qqvt43dmz7qjaftt6524w00zkps8y7j884skmgfudg7hulrgtj9es0hdncvyg,99500000000,
d1873346c4c8f2c543e6c8b3e2c7baa26a236ed2f908afe0739f9c2beeb13b96,2024-01-31T07:11:19.625000,sent,kaspa:qqvt43dmz7qjaftt6524w00zkps8y7j884skmgfudg7hulrgtj9es0hdncvyg,99500000000,
d1873346c4c8f2c543e6c8b3e2c7baa26a236ed2f908afe0739f9c2beeb13b96,2024-01-31T07:11:19.625000,sent,kaspa:qqvt43dmz7qjaftt6524w00zkps8y7j884skmgfudg7hulrgtj9es0hdncvyg,99500000000,
5462d0780807f784ee43c7ce2b3a530cb69805e0ecfc14517aab910a4426d1eb,2024-01-29T17:13:26.202000,received,kaspa:qrvum29vk365g0zcd5gx3c7h829etfq2ytdmscjzw4zw04fjfnprcg9c3tges,17535347000,
f00fc4dd145b6235b733906570d3884a6fdf3a17c9de04fb5ebf844ebe91a8f8,2024-01-27T05:18:09.034000,received,kaspa:qrvum29vk365g0zcd5gx3c7h829etfq2ytdmscjzw4zw04fjfnprcg9c3tges,6200693000,
c5dd9b26e8e886d43ef7f0d04c1fcd6b49bb09238b0d8ee4f8024623def75a94,2024-01-26T15:06:28.885000,sent,kaspa:qrfenk8agxr7f2n57e5h7c4plc2vryyvep93y7a0hx2t4lwzzaknu2np9s25n,50000000000,
c5dd9b26e8e886d43ef7f0d04c1fcd6b49bb09238b0d8ee4f8024623def75a94,2024-01-26T15:06:28.885000,sent,kaspa:qrfenk8agxr7f2n57e5h7c4plc2vryyvep93y7a0hx2t4lwzzaknu2np9s25n,50000000000,
c5dd9b26e8e886d43ef7f0d04c1fcd6b49bb09238b0d8ee4f8024623def75a94,2024-01-26T15:06:28.885000,sent,kaspa:qrfenk8agxr7f2n57e5h7c4plc2vryyvep93y7a0hx2t4lwzzaknu2np9s25n,50000000000,
c5dd9b26e8e886d43ef7f0d04c1fcd6b49bb09238b0d8ee4f8024623def75a94,2024-01-26T15:06:28.885000,sent,kaspa:qrfenk8agxr7f2n57e5h7c4plc2vryyvep93y7a0hx2t4lwzzaknu2np9s25n,50000000000,
c5dd9b26e8e886d43ef7f0d04c1fcd6b49bb09238b0d8ee4f8024623def75a94,2024-01-26T15:06:28.885000,sent,kaspa:qrfenk8agxr7f2n57e5h7c4plc2vryyvep93y7a0hx2t4lwzzaknu2np9s25n,50000000000,
f006cbd309240313c066a64f708eba009dc47506359d23faf543da6f764be55f,2024-01-24T08:46:17.796000,received,kaspa:qrvum29vk365g0zcd5gx3c7h829etfq2ytdmscjzw4zw04fjfnprcg9c3tges,30784085000,
a289ce8abedc6477ad994202a1e2898c5e90df23887fccec568d6f67cff30100,2024-01-22T05:59:20.943000,received,kaspa:qrvum29vk365g0zcd5gx3c7h829etfq2ytdmscjzw4zw04fjfnprcg9c3tges,3311585000,
98fe40f3c91a100615efc98339bc82147b34406e298678c7c8e8baa7af0b1955,2024-01-18T12:10:18.303000,received,kaspa:qrvum29vk365g0zcd5gx3c7h829etfq2ytdmscjzw4zw04fjfnprcg9c3tges,12177743051,
6af4562c09106f1744f6b59eb63adf72aa49760837283dea02e4d0ea9d72c042,2024-01-18T09:14:14.128000,received,kaspa:qqwvnkp47wsj6n4hkdlgj8dsauyx0xvefunnwvvsmpq2udd0ka8ckmpuqw3k5,13507729522,
6af4562c09106f1744f6b59eb63adf72aa49760837283dea02e4d0ea9d72c042,2024-01-18T09:14:14.128000,received,kaspa:qqwvnkp47wsj6n4hkdlgj8dsauyx0xvefunnwvvsmpq2udd0ka8ckmpuqw3k5,13507729522,
6af4562c09106f1744f6b59eb63adf72aa49760837283dea02e4d0ea9d72c042,2024-01-18T09:14:14.128000,received,kaspa:qqwvnkp47wsj6n4hkdlgj8dsauyx0xvefunnwvvsmpq2udd0ka8ckmpuqw3k5,13507729522,
81b4d2ab1cc8ea676029ad7b0a56b29f82ffe9af665ab5ceb4f03b801f21dfe1,2024-01-16T06:48:00.125000,sent,kaspa:qretjzh63s6r3nzurss933qe04kzhxcgxetn9vm47y6u2cjr2q476s2x06954,100000000000,
1595283c447103abf99f469be365970512aa5d775fed728bcb166c61ff4509e4,2024-01-14T12:03:52.732000,sent,kaspa:qretjzh63s6r3nzurss933qe04kzhxcgxetn9vm47y6u2cjr2q476s2x06954,100000,
1595283c447103abf99f469be365970512aa5d775fed728bcb166c61ff4509e4,2024-01-14T12:03:52.732000,sent,kaspa:qretjzh63s6r3nzurss933qe04kzhxcgxetn9vm47y6u2cjr2q476s2x06954,100000,
1595283c447103abf99f469be365970512aa5d775fed728bcb166c61ff4509e4,2024-01-14T12:03:52.732000,sent,kaspa:qretjzh63s6r3nzurss933qe04kzhxcgxetn9vm47y6u2cjr2q476s2x06954,100000,
1595283c447103abf99f469be365970512aa5d775fed728bcb166c61ff4509e4,2024-01-14T12:03:52.732000,sent,kaspa:qretjzh63s6r3nzurss933qe04kzhxcgxetn9vm47y6u2cjr2q476s2x06954,100000,
1595283c447103abf99f469be365970512aa5d775fed728bcb166c61ff4509e4,2024-01-14T12:03:52.732000,sent,kaspa:qretjzh63s6r3nzurss933qe04kzhxcgxetn9vm47y6u2cjr2q476s2x06954,100000,
1595283c447103abf99f469be365970512aa5d775fed728bcb166c61ff4509e4,2024-01-14T12:03:52.732000,sent,kaspa:qretjzh63s6r3nzurss933qe04kzhxcgxetn9vm47y6u2cjr2q476s2x06954,100000,
1595283c447103abf99f469be365970512aa5d775fed728bcb166c61ff4509e4,2024-01-14T12:03:52.732000,sent,kaspa:qretjzh63s6r3nzurss933qe04kzhxcgxetn9vm47y6u2cjr2q476s2x06954,100000,
ff5a13978ea14f8414d80961612eef9f86a844f411f35bcd5922a3a9b46b2385,2024-01-01T06:11:07.459000,received,kaspa:qqwvnkp47wsj6n4hkdlgj8dsauyx0xvefunnwvvsmpq2udd0ka8ckmpuqw3k5,262990356824,
ff5a13978ea14f8414d80961612eef9f86a844f411f35bcd5922a3a9b46b2385,2024-01-01T06:11:07.459000,received,kaspa:qqwvnkp47wsj6n4hkdlgj8dsauyx0xvefunnwvvsmpq2udd0ka8ckmpuqw3k5,262990356824,
ff5a13978ea14f8414d80961612eef9f86a844f411f35bcd5922a3a9b46b2385,2024-01-01T06:11:07.459000,received,kaspa:qqwvnkp47wsj6n4hkdlgj8dsauyx0xvefunnwvvsmpq2udd0ka8ckmpuqw3k5,262990356824,
ff5a13978ea14f8414d80961612eef9f86a844f411f35bcd5922a3a9b46b2385,2024-01-01T06:11:07.459000,received,kaspa:qqwvnkp47wsj6n4hkdlgj8dsauyx0xvefunnwvvsmpq2udd0ka8ckmpuqw3k5,262990356824,
ff5a13978ea14f8414d80961612eef9f86a844f411f35bcd5922a3a9b46b2385,2024-01-01T06:11:07.459000,received,kaspa:qqwvnkp47wsj6n4hkdlgj8dsauyx0xvefunnwvvsmpq2udd0ka8ckmpuqw3k5,262990356824,
ff5a13978ea14f8414d80961612eef9f86a844f411f35bcd5922a3a9b46b2385,2024-01-01T06:11:07.459000,received,kaspa:qqwvnkp47wsj6n4hkdlgj8dsauyx0xvefunnwvvsmpq2udd0ka8ckmpuqw3k5,262990356824,
ff5a13978ea14f8414d80961612eef9f86a844f411f35bcd5922a3a9b46b2385,2024-01-01T06:11:07.459000,received,kaspa:qqwvnkp47wsj6n4hkdlgj8dsauyx0xvefunnwvvsmpq2udd0ka8ckmpuqw3k5,262990356824,
ff5a13978ea14f8414d80961612eef9f86a844f411f35bcd5922a3a9b46b2385,2024-01-01T06:11:07.459000,received,kaspa:qqwvnkp47wsj6n4hkdlgj8dsauyx0xvefunnwvvsmpq2udd0ka8ckmpuqw3k5,262990356824,
ff5a13978ea14f8414d80961612eef9f86a844f411f35bcd5922a3a9b46b2385,2024-01-01T06:11:07.459000,received,kaspa:qqwvnkp47wsj6n4hkdlgj8dsauyx0xvefunnwvvsmpq2udd0ka8ckmpuqw3k5,262990356824,
ff5a13978ea14f8414d80961612eef9f86a844f411f35bcd5922a3a9b46b2385,2024-01-01T06:11:07.459000,received,kaspa:qqwvnkp47wsj6n4hkdlgj8dsauyx0xvefunnwvvsmpq2udd0ka8ckmpuqw3k5,262990356824,
ff5a13978ea14f8414d80961612eef9f86a844f411f35bcd5922a3a9b46b2385,2024-01-01T06:11:07.459000,received,kaspa:qqwvnkp47wsj6n4hkdlgj8dsauyx0xvefunnwvvsmpq2udd0ka8ckmpuqw3k5,262990356824,
0ecffee9c0a24d4a11cedde81a8c6e5830558982d2bff20082d8be890b7fea60,2023-12-30T19:58:07.033000,received,kaspa:qqwvnkp47wsj6n4hkdlgj8dsauyx0xvefunnwvvsmpq2udd0ka8ckmpuqw3k5,6900119384,
0ecffee9c0a24d4a11cedde81a8c6e5830558982d2bff20082d8be890b7fea60,2023-12-30T19:58:07.033000,received,kaspa:qqwvnkp47wsj6n4hkdlgj8dsauyx0xvefunnwvvsmpq2udd0ka8ckmpuqw3k5,6900119384,
0ecffee9c0a24d4a11cedde81a8c6e5830558982d2bff20082d8be890b7fea60,2023-12-30T19:58:07.033000,received,kaspa:qqwvnkp47wsj6n4hkdlgj8dsauyx0xvefunnwvvsmpq2udd0ka8ckmpuqw3k5,6900119384,
0ecffee9c0a24d4a11cedde81a8c6e5830558982d2bff20082d8be890b7fea60,2023-12-30T19:58:07.033000,received,kaspa:qqwvnkp47wsj6n4hkdlgj8dsauyx0xvefunnwvvsmpq2udd0ka8ckmpuqw3k5,6900119384,
7f23d43e67875cb8a4fc31bf4ae7bee4f8d07e0f0057a02a0de96ffd22ccce55,2023-12-27T17:36:19.889000,received,kaspa:qqwvnkp47wsj6n4hkdlgj8dsauyx0xvefunnwvvsmpq2udd0ka8ckmpuqw3k5,4146189159,
7f23d43e67875cb8a4fc31bf4ae7bee4f8d07e0f0057a02a0de96ffd22ccce55,2023-12-27T17:36:19.889000,received,kaspa:qqwvnkp47wsj6n4hkdlgj8dsauyx0xvefunnwvvsmpq2udd0ka8ckmpuqw3k5,4146189159,
7f23d43e67875cb8a4fc31bf4ae7bee4f8d07e0f0057a02a0de96ffd22ccce55,2023-12-27T17:36:19.889000,received,kaspa:qqwvnkp47wsj6n4hkdlgj8dsauyx0xvefunnwvvsmpq2udd0ka8ckmpuqw3k5,4146189159,
7f23d43e67875cb8a4fc31bf4ae7bee4f8d07e0f0057a02a0de96ffd22ccce55,2023-12-27T17:36:19.889000,received,kaspa:qqwvnkp47wsj6n4hkdlgj8dsauyx0xvefunnwvvsmpq2udd0ka8ckmpuqw3k5,4146189159,
7f23d43e67875cb8a4fc31bf4ae7bee4f8d07e0f0057a02a0de96ffd22ccce55,2023-12-27T17:36:19.889000,received,kaspa:qqwvnkp47wsj6n4hkdlgj8dsauyx0xvefunnwvvsmpq2udd0ka8ckmpuqw3k5,4146189159,
7f23d43e67875cb8a4fc31bf4ae7bee4f8d07e0f0057a02a0de96ffd22ccce55,2023-12-27T17:36:19.889000,received,kaspa:qqwvnkp47wsj6n4hkdlgj8dsauyx0xvefunnwvvsmpq2udd0ka8ckmpuqw3k5,4146189159,
7f23d43e67875cb8a4fc31bf4ae7bee4f8d07e0f0057a02a0de96ffd22ccce55,2023-12-27T17:36:19.889000,received,kaspa:qqwvnkp47wsj6n4hkdlgj8dsauyx0xvefunnwvvsmpq2udd0ka8ckmpuqw3k5,4146189159,
7f23d43e67875cb8a4fc31bf4ae7bee4f8d07e0f0057a02a0de96ffd22ccce55,2023-12-27T17:36:19.889000,received,kaspa:qqwvnkp47wsj6n4hkdlgj8dsauyx0xvefunnwvvsmpq2udd0ka8ckmpuqw3k5,4146189159,
7f23d43e67875cb8a4fc31bf4ae7bee4f8d07e0f0057a02a0de96ffd22ccce55,2023-12-27T17:36:19.889000,received,kaspa:qqwvnkp47wsj6n4hkdlgj8dsauyx0xvefunnwvvsmpq2udd0ka8ckmpuqw3k5,4146189159,
7f23d43e67875cb8a4fc31bf4ae7bee4f8d07e0f0057a02a0de96ffd22ccce55,2023-12-27T17:36:19.889000,received,kaspa:qqwvnkp47wsj6n4hkdlgj8dsauyx0xvefunnwvvsmpq2udd0ka8ckmpuqw3k5,4146189159,
7f23d43e67875cb8a4fc31bf4ae7bee4f8d07e0f0057a02a0de96ffd22ccce55,2023-12-27T17:36:19.889000,received,kaspa:qqwvnkp47wsj6n4hkdlgj8dsauyx0xvefunnwvvsmpq2udd0ka8ckmpuqw3k5,4146189159,
7f23d43e67875cb8a4fc31bf4ae7bee4f8d07e0f0057a02a0de96ffd22ccce55,2023-12-27T17:36:19.889000,received,kaspa:qqwvnkp47wsj6n4hkdlgj8dsauyx0xvefunnwvvsmpq2udd0ka8ckmpuqw3k5,4146189159,
7f23d43e67875cb8a4fc31bf4ae7bee4f8d07e0f0057a02a0de96ffd22ccce55,2023-12-27T17:36:19.889000,received,kaspa:qqwvnkp47wsj6n4hkdlgj8dsauyx0xvefunnwvvsmpq2udd0ka8ckmpuqw3k5,4146189159,
7f23d43e67875cb8a4fc31bf4ae7bee4f8d07e0f0057a02a0de96ffd22ccce55,2023-12-27T17:36:19.889000,received,kaspa:qqwvnkp47wsj6n4hkdlgj8dsauyx0xvefunnwvvsmpq2udd0ka8ckmpuqw3k5,4146189159,
5b2a7b98e1699764fc7da92c26efd8773b605406bcec794e389b8473ab80e28c,2023-12-25T18:00:36.231000,received,kaspa:qqwvnkp47wsj6n4hkdlgj8dsauyx0xvefunnwvvsmpq2udd0ka8ckmpuqw3k5,6119049923,
88886cc409dd62281833a5244d3852106e758e2915eb3735ee47f9e769d0c9b8,2023-12-23T05:03:27.948000,received,kaspa:qqwvnkp47wsj6n4hkdlgj8dsauyx0xvefunnwvvsmpq2udd0ka8ckmpuqw3k5,4109005828,
3779496a53070b3b80c0870ac7c84612d53f9a47f814c7a4c7cbe0d9631651a9,2023-12-23T01:38:40.375000,received,kaspa:qrvum29vk365g0zcd5gx3c7h829etfq2ytdmscjzw4zw04fjfnprcg9c3tges,13748138000,
0c7b2bcfbd87b42f7846351815b57597f8386772cb09310e484e7ee85618a3b8,2023-12-22T05:50:16.531000,sent,kaspa:qqvt43dmz7qjaftt6524w00zkps8y7j884skmgfudg7hulrgtj9es0hdncvyg,48000000000,
0c7b2bcfbd87b42f7846351815b57597f8386772cb09310e484e7ee85618a3b8,2023-12-22T05:50:16.531000,sent,kaspa:qqvt43dmz7qjaftt6524w00zkps8y7j884skmgfudg7hulrgtj9es0hdncvyg,48000000000,
6938cc57d47bd91cdab31eec11b11b0cdaac0b10165819d5ffb3200c4ac7428a,2023-12-21T04:41:16.963000,received,kaspa:qqwvnkp47wsj6n4hkdlgj8dsauyx0xvefunnwvvsmpq2udd0ka8ckmpuqw3k5,4324914153,
6938cc57d47bd91cdab31eec11b11b0cdaac0b10165819d5ffb3200c4ac7428a,2023-12-21T04:41:16.963000,received,kaspa:qqwvnkp47wsj6n4hkdlgj8dsauyx0xvefunnwvvsmpq2udd0ka8ckmpuqw3k5,4324914153,
6938cc57d47bd91cdab31eec11b11b0cdaac0b10165819d5ffb3200c4ac7428a,2023-12-21T04:41:16.963000,received,kaspa:qqwvnkp47wsj6n4hkdlgj8dsauyx0xvefunnwvvsmpq2udd0ka8ckmpuqw3k5,4324914153,
639bc218db8b555eee101d30aa5d65464f323ccdab17eefd957d8c051e408a94,2023-12-20T05:11:28.588000,sent,kaspa:qqm8fvhxtrnstw2nx95rxuwn5kqynp8lxxgq4h9g2vldw8g08mt5jd4pvlfpt,23000000000,
639bc218db8b555eee101d30aa5d65464f323ccdab17eefd957d8c051e408a94,2023-12-20T05:11:28.588000,sent,kaspa:qqm8fvhxtrnstw2nx95rxuwn5kqynp8lxxgq4h9g2vldw8g08mt5jd4pvlfpt,23000000000,
639bc218db8b555eee101d30aa5d65464f323ccdab17eefd957d8c051e408a94,2023-12-20T05:11:28.588000,sent,kaspa:qqm8fvhxtrnstw2nx95rxuwn5kqynp8lxxgq4h9g2vldw8g08mt5jd4pvlfpt,23000000000,
639bc218db8b555eee101d30aa5d65464f323ccdab17eefd957d8c051e408a94,2023-12-20T05:11:28.588000,sent,kaspa:qqm8fvhxtrnstw2nx95rxuwn5kqynp8lxxgq4h9g2vldw8g08mt5jd4pvlfpt,23000000000,
639bc218db8b555eee101d30aa5d65464f323ccdab17eefd957d8c051e408a94,2023-12-20T05:11:28.588000,sent,kaspa:qqm8fvhxtrnstw2nx95rxuwn5kqynp8lxxgq4h9g2vldw8g08mt5jd4pvlfpt,23000000000,
639bc218db8b555eee101d30aa5d65464f323ccdab17eefd957d8c051e408a94,2023-12-20T05:11:28.588000,sent,kaspa:qqm8fvhxtrnstw2nx95rxuwn5kqynp8lxxgq4h9g2vldw8g08mt5jd4pvlfpt,23000000000,
639bc218db8b555eee101d30aa5d65464f323ccdab17eefd957d8c051e408a94,2023-12-20T05:11:28.588000,sent,kaspa:qqm8fvhxtrnstw2nx95rxuwn5kqynp8lxxgq4h9g2vldw8g08mt5jd4pvlfpt,23000000000,
0cea2d3abc1e0bc119a26e6b092f444a6226aa02866019ae169f4ebcc285b8c7,2023-12-19T05:02:56.109000,received,kaspa:qqwvnkp47wsj6n4hkdlgj8dsauyx0xvefunnwvvsmpq2udd0ka8ckmpuqw3k5,3284484347,
0cea2d3abc1e0bc119a26e6b092f444a6226aa02866019ae169f4ebcc285b8c7,2023-12-19T05:02:56.109000,received,kaspa:qqwvnkp47wsj6n4hkdlgj8dsauyx0xvefunnwvvsmpq2udd0ka8ckmpuqw3k5,3284484347,
0cea2d3abc1e0bc119a26e6b092f444a6226aa02866019ae169f4ebcc285b8c7,2023-12-19T05:02:56.109000,received,kaspa:qqwvnkp47wsj6n4hkdlgj8dsauyx0xvefunnwvvsmpq2udd0ka8ckmpuqw3k5,3284484347,
0cea2d3abc1e0bc119a26e6b092f444a6226aa02866019ae169f4ebcc285b8c7,2023-12-19T05:02:56.109000,received,kaspa:qqwvnkp47wsj6n4hkdlgj8dsauyx0xvefunnwvvsmpq2udd0ka8ckmpuqw3k5,3284484347,
cfc36eebca0ea0c35d0a8c7d696cc52ae0b7071aa781e8cd3f2f820b0d5431b8,2023-12-17T05:12:15.523000,received,kaspa:qqwvnkp47wsj6n4hkdlgj8dsauyx0xvefunnwvvsmpq2udd0ka8ckmpuqw3k5,3098569045,
cfc36eebca0ea0c35d0a8c7d696cc52ae0b7071aa781e8cd3f2f820b0d5431b8,2023-12-17T05:12:15.523000,received,kaspa:qqwvnkp47wsj6n4hkdlgj8dsauyx0xvefunnwvvsmpq2udd0ka8ckmpuqw3k5,3098569045,
cfc36eebca0ea0c35d0a8c7d696cc52ae0b7071aa781e8cd3f2f820b0d5431b8,2023-12-17T05:12:15.523000,received,kaspa:qqwvnkp47wsj6n4hkdlgj8dsauyx0xvefunnwvvsmpq2udd0ka8ckmpuqw3k5,3098569045,
cfc36eebca0ea0c35d0a8c7d696cc52ae0b7071aa781e8cd3f2f820b0d5431b8,2023-12-17T05:12:15.523000,received,kaspa:qqwvnkp47wsj6n4hkdlgj8dsauyx0xvefunnwvvsmpq2udd0ka8ckmpuqw3k5,3098569045,
cfc36eebca0ea0c35d0a8c7d696cc52ae0b7071aa781e8cd3f2f820b0d5431b8,2023-12-17T05:12:15.523000,received,kaspa:qqwvnkp47wsj6n4hkdlgj8dsauyx0xvefunnwvvsmpq2udd0ka8ckmpuqw3k5,3098569045,
cfc36eebca0ea0c35d0a8c7d696cc52ae0b7071aa781e8cd3f2f820b0d5431b8,2023-12-17T05:12:15.523000,received,kaspa:qqwvnkp47wsj6n4hkdlgj8dsauyx0xvefunnwvvsmpq2udd0ka8ckmpuqw3k5,3098569045,
cfc36eebca0ea0c35d0a8c7d696cc52ae0b7071aa781e8cd3f2f820b0d5431b8,2023-12-17T05:12:15.523000,received,kaspa:qqwvnkp47wsj6n4hkdlgj8dsauyx0xvefunnwvvsmpq2udd0ka8ckmpuqw3k5,3098569045,
cfc36eebca0ea0c35d0a8c7d696cc52ae0b7071aa781e8cd3f2f820b0d5431b8,2023-12-17T05:12:15.523000,received,kaspa:qqwvnkp47wsj6n4hkdlgj8dsauyx0xvefunnwvvsmpq2udd0ka8ckmpuqw3k5,3098569045,
cfc36eebca0ea0c35d0a8c7d696cc52ae0b7071aa781e8cd3f2f820b0d5431b8,2023-12-17T05:12:15.523000,received,kaspa:qqwvnkp47wsj6n4hkdlgj8dsauyx0xvefunnwvvsmpq2udd0ka8ckmpuqw3k5,3098569045,
f944c525cd9e1004e6ad26ef24463baf96045a85a31def88dfe5e4e91ad490aa,2023-12-15T05:06:53.662000,received,kaspa:qqwvnkp47wsj6n4hkdlgj8dsauyx0xvefunnwvvsmpq2udd0ka8ckmpuqw3k5,2986646771,
f944c525cd9e1004e6ad26ef24463baf96045a85a31def88dfe5e4e91ad490aa,2023-12-15T05:06:53.662000,received,kaspa:qqwvnkp47wsj6n4hkdlgj8dsauyx0xvefunnwvvsmpq2udd0ka8ckmpuqw3k5,2986646771,
571b57cf70759d397672dac8932b2d5d5ff317ff121ad67d0dc6ea63d81031f4,2023-12-13T08:08:06.231000,received,kaspa:qqwvnkp47wsj6n4hkdlgj8dsauyx0xvefunnwvvsmpq2udd0ka8ckmpuqw3k5,2990963830,
571b57cf70759d397672dac8932b2d5d5ff317ff121ad67d0dc6ea63d81031f4,2023-12-13T08:08:06.231000,received,kaspa:qqwvnkp47wsj6n4hkdlgj8dsauyx0xvefunnwvvsmpq2udd0ka8ckmpuqw3k5,2990963830,
6a44eab8a162a480a66a9847c353ec8681fc4c341e2838e95ad0be19fc6a1759,2023-12-13T02:42:21.484000,received,kaspa:qrvum29vk365g0zcd5gx3c7h829etfq2ytdmscjzw4zw04fjfnprcg9c3tges,11159729000,
031ca4aba421ed0e81b02512a8a32427f215e3feaa5c5ec23efa76389b7295d8,2023-12-11T05:03:24.566000,received,kaspa:qqwvnkp47wsj6n4hkdlgj8dsauyx0xvefunnwvvsmpq2udd0ka8ckmpuqw3k5,2846715285,
031ca4aba421ed0e81b02512a8a32427f215e3feaa5c5ec23efa76389b7295d8,2023-12-11T05:03:24.566000,received,kaspa:qqwvnkp47wsj6n4hkdlgj8dsauyx0xvefunnwvvsmpq2udd0ka8ckmpuqw3k5,2846715285,
031ca4aba421ed0e81b02512a8a32427f215e3feaa5c5ec23efa76389b7295d8,2023-12-11T05:03:24.566000,received,kaspa:qqwvnkp47wsj6n4hkdlgj8dsauyx0xvefunnwvvsmpq2udd0ka8ckmpuqw3k5,2846715285,
031ca4aba421ed0e81b02512a8a32427f215e3feaa5c5ec23efa76389b7295d8,2023-12-11T05:03:24.566000,received,kaspa:qqwvnkp47wsj6n4hkdlgj8dsauyx0xvefunnwvvsmpq2udd0ka8ckmpuqw3k5,2846715285,
031ca4aba421ed0e81b02512a8a32427f215e3feaa5c5ec23efa76389b7295d8,2023-12-11T05:03:24.566000,received,kaspa:qqwvnkp47wsj6n4hkdlgj8dsauyx0xvefunnwvvsmpq2udd0ka8ckmpuqw3k5,2846715285,
031ca4aba421ed0e81b02512a8a32427f215e3feaa5c5ec23efa76389b7295d8,2023-12-11T05:03:24.566000,received,kaspa:qqwvnkp47wsj6n4hkdlgj8dsauyx0xvefunnwvvsmpq2udd0ka8ckmpuqw3k5,2846715285,
031ca4aba421ed0e81b02512a8a32427f215e3feaa5c5ec23efa76389b7295d8,2023-12-11T05:03:24.566000,received,kaspa:qqwvnkp47wsj6n4hkdlgj8dsauyx0xvefunnwvvsmpq2udd0ka8ckmpuqw3k5,2846715285,
031ca4aba421ed0e81b02512a8a32427f215e3feaa5c5ec23efa76389b7295d8,2023-12-11T05:03:24.566000,received,kaspa:qqwvnkp47wsj6n4hkdlgj8dsauyx0xvefunnwvvsmpq2udd0ka8ckmpuqw3k5,2846715285,
031ca4aba421ed0e81b02512a8a32427f215e3feaa5c5ec23efa76389b7295d8,2023-12-11T05:03:24.566000,received,kaspa:qqwvnkp47wsj6n4hkdlgj8dsauyx0xvefunnwvvsmpq2udd0ka8ckmpuqw3k5,2846715285,
031ca4aba421ed0e81b02512a8a32427f215e3feaa5c5ec23efa76389b7295d8,2023-12-11T05:03:24.566000,received,kaspa:qqwvnkp47wsj6n4hkdlgj8dsauyx0xvefunnwvvsmpq2udd0ka8ckmpuqw3k5,2846715285,
031ca4aba421ed0e81b02512a8a32427f215e3feaa5c5ec23efa76389b7295d8,2023-12-11T05:03:24.566000,received,kaspa:qqwvnkp47wsj6n4hkdlgj8dsauyx0xvefunnwvvsmpq2udd0ka8ckmpuqw3k5,2846715285,
031ca4aba421ed0e81b02512a8a32427f215e3feaa5c5ec23efa76389b7295d8,2023-12-11T05:03:24.566000,received,kaspa:qqwvnkp47wsj6n4hkdlgj8dsauyx0xvefunnwvvsmpq2udd0ka8ckmpuqw3k5,2846715285,
031ca4aba421ed0e81b02512a8a32427f215e3feaa5c5ec23efa76389b7295d8,2023-12-11T05:03:24.566000,received,kaspa:qqwvnkp47wsj6n4hkdlgj8dsauyx0xvefunnwvvsmpq2udd0ka8ckmpuqw3k5,2846715285,
031ca4aba421ed0e81b02512a8a32427f215e3feaa5c5ec23efa76389b7295d8,2023-12-11T05:03:24.566000,received,kaspa:qqwvnkp47wsj6n4hkdlgj8dsauyx0xvefunnwvvsmpq2udd0ka8ckmpuqw3k5,2846715285,
031ca4aba421ed0e81b02512a8a32427f215e3feaa5c5ec23efa76389b7295d8,2023-12-11T05:03:24.566000,received,kaspa:qqwvnkp47wsj6n4hkdlgj8dsauyx0xvefunnwvvsmpq2udd0ka8ckmpuqw3k5,2846715285,
031ca4aba421ed0e81b02512a8a32427f215e3feaa5c5ec23efa76389b7295d8,2023-12-11T05:03:24.566000,received,kaspa:qqwvnkp47wsj6n4hkdlgj8dsauyx0xvefunnwvvsmpq2udd0ka8ckmpuqw3k5,2846715285,
031ca4aba421ed0e81b02512a8a32427f215e3feaa5c5ec23efa76389b7295d8,2023-12-11T05:03:24.566000,received,kaspa:qqwvnkp47wsj6n4hkdlgj8dsauyx0xvefunnwvvsmpq2udd0ka8ckmpuqw3k5,2846715285,
031ca4aba421ed0e81b02512a8a32427f215e3feaa5c5ec23efa76389b7295d8,2023-12-11T05:03:24.566000,received,kaspa:qqwvnkp47wsj6n4hkdlgj8dsauyx0xvefunnwvvsmpq2udd0ka8ckmpuqw3k5,2846715285,
031ca4aba421ed0e81b02512a8a32427f215e3feaa5c5ec23efa76389b7295d8,2023-12-11T05:03:24.566000,received,kaspa:qqwvnkp47wsj6n4hkdlgj8dsauyx0xvefunnwvvsmpq2udd0ka8ckmpuqw3k5,2846715285,
031ca4aba421ed0e81b02512a8a32427f215e3feaa5c5ec23efa76389b7295d8,2023-12-11T05:03:24.566000,received,kaspa:qqwvnkp47wsj6n4hkdlgj8dsauyx0xvefunnwvvsmpq2udd0ka8ckmpuqw3k5,2846715285,
031ca4aba421ed0e81b02512a8a32427f215e3feaa5c5ec23efa76389b7295d8,2023-12-11T05:03:24.566000,received,kaspa:qqwvnkp47wsj6n4hkdlgj8dsauyx0xvefunnwvvsmpq2udd0ka8ckmpuqw3k5,2846715285,
031ca4aba421ed0e81b02512a8a32427f215e3feaa5c5ec23efa76389b7295d8,2023-12-11T05:03:24.566000,received,kaspa:qqwvnkp47wsj6n4hkdlgj8dsauyx0xvefunnwvvsmpq2udd0ka8ckmpuqw3k5,2846715285,
031ca4aba421ed0e81b02512a8a32427f215e3feaa5c5ec23efa76389b7295d8,2023-12-11T05:03:24.566000,received,kaspa:qqwvnkp47wsj6n4hkdlgj8dsauyx0xvefunnwvvsmpq2udd0ka8ckmpuqw3k5,2846715285,
031ca4aba421ed0e81b02512a8a32427f215e3feaa5c5ec23efa76389b7295d8,2023-12-11T05:03:24.566000,received,kaspa:qqwvnkp47wsj6n4hkdlgj8dsauyx0xvefunnwvvsmpq2udd0ka8ckmpuqw3k5,2846715285,
031ca4aba421ed0e81b02512a8a32427f215e3feaa5c5ec23efa76389b7295d8,2023-12-11T05:03:24.566000,received,kaspa:qqwvnkp47wsj6n4hkdlgj8dsauyx0xvefunnwvvsmpq2udd0ka8ckmpuqw3k5,2846715285,
031ca4aba421ed0e81b02512a8a32427f215e3feaa5c5ec23efa76389b7295d8,2023-12-11T05:03:24.566000,received,kaspa:qqwvnkp47wsj6n4hkdlgj8dsauyx0xvefunnwvvsmpq2udd0ka8ckmpuqw3k5,2846715285,
031ca4aba421ed0e81b02512a8a32427f215e3feaa5c5ec23efa76389b7295d8,2023-12-11T05:03:24.566000,received,kaspa:qqwvnkp47wsj6n4hkdlgj8dsauyx0xvefunnwvvsmpq2udd0ka8ckmpuqw3k5,2846715285,
031ca4aba421ed0e81b02512a8a32427f215e3feaa5c5ec23efa76389b7295d8,2023-12-11T05:03:24.566000,received,kaspa:qqwvnkp47wsj6n4hkdlgj8dsauyx0xvefunnwvvsmpq2udd0ka8ckmpuqw3k5,2846715285,
031ca4aba421ed0e81b02512a8a32427f215e3feaa5c5ec23efa76389b7295d8,2023-12-11T05:03:24.566000,received,kaspa:qqwvnkp47wsj6n4hkdlgj8dsauyx0xvefunnwvvsmpq2udd0ka8ckmpuqw3k5,2846715285,
031ca4aba421ed0e81b02512a8a32427f215e3feaa5c5ec23efa76389b7295d8,2023-12-11T05:03:24.566000,received,kaspa:qqwvnkp47wsj6n4hkdlgj8dsauyx0xvefunnwvvsmpq2udd0ka8ckmpuqw3k5,2846715285,
031ca4aba421ed0e81b02512a8a32427f215e3feaa5c5ec23efa76389b7295d8,2023-12-11T05:03:24.566000,received,kaspa:qqwvnkp47wsj6n4hkdlgj8dsauyx0xvefunnwvvsmpq2udd0ka8ckmpuqw3k5,2846715285,
a47f94fbaa8f90f5e3d6b33892668c548ac37ed82e36b715e5f8e28cc13692d7,2023-12-10T12:20:11.676000,sent,kaspa:qretjzh63s6r3nzurss933qe04kzhxcgxetn9vm47y6u2cjr2q476s2x06954,84000000000,
a47f94fbaa8f90f5e3d6b33892668c548ac37ed82e36b715e5f8e28cc13692d7,2023-12-10T12:20:11.676000,sent,kaspa:qretjzh63s6r3nzurss933qe04kzhxcgxetn9vm47y6u2cjr2q476s2x06954,84000000000,
a47f94fbaa8f90f5e3d6b33892668c548ac37ed82e36b715e5f8e28cc13692d7,2023-12-10T12:20:11.676000,sent,kaspa:qretjzh63s6r3nzurss933qe04kzhxcgxetn9vm47y6u2cjr2q476s2x06954,84000000000,
a47f94fbaa8f90f5e3d6b33892668c548ac37ed82e36b715e5f8e28cc13692d7,2023-12-10T12:20:11.676000,sent,kaspa:qretjzh63s6r3nzurss933qe04kzhxcgxetn9vm47y6u2cjr2q476s2x06954,84000000000,
cd9c2e3712974e1b05dca38ec6bc535bab7b6b09f782e315b41674700e1847ec,2023-12-09T12:38:28.532000,received,kaspa:qretjzh63s6r3nzurss933qe04kzhxcgxetn9vm47y6u2cjr2q476s2x06954,1862935000,
dd3d3e285d67b31b52d5f08705d097d8f612145ae7ad1aa09e838526c76768a8,2023-12-09T05:05:50.742000,received,kaspa:qqwvnkp47wsj6n4hkdlgj8dsauyx0xvefunnwvvsmpq2udd0ka8ckmpuqw3k5,3032631137,
dd3d3e285d67b31b52d5f08705d097d8f612145ae7ad1aa09e838526c76768a8,2023-12-09T05:05:50.742000,received,kaspa:qqwvnkp47wsj6n4hkdlgj8dsauyx0xvefunnwvvsmpq2udd0ka8ckmpuqw3k5,3032631137,
dd3d3e285d67b31b52d5f08705d097d8f612145ae7ad1aa09e838526c76768a8,2023-12-09T05:05:50.742000,received,kaspa:qqwvnkp47wsj6n4hkdlgj8dsauyx0xvefunnwvvsmpq2udd0ka8ckmpuqw3k5,3032631137,
dd3d3e285d67b31b52d5f08705d097d8f612145ae7ad1aa09e838526c76768a8,2023-12-09T05:05:50.742000,received,kaspa:qqwvnkp47wsj6n4hkdlgj8dsauyx0xvefunnwvvsmpq2udd0ka8ckmpuqw3k5,3032631137,
dd3d3e285d67b31b52d5f08705d097d8f612145ae7ad1aa09e838526c76768a8,2023-12-09T05:05:50.742000,received,kaspa:qqwvnkp47wsj6n4hkdlgj8dsauyx0xvefunnwvvsmpq2udd0ka8ckmpuqw3k5,3032631137,
dd3d3e285d67b31b52d5f08705d097d8f612145ae7ad1aa09e838526c76768a8,2023-12-09T05:05:50.742000,received,kaspa:qqwvnkp47wsj6n4hkdlgj8dsauyx0xvefunnwvvsmpq2udd0ka8ckmpuqw3k5,3032631137,
0a8db9af18a4825770fb922f8d1ace74c59c5c4da1ec05d233030535c8f391af,2023-12-07T05:03:19.617000,received,kaspa:qqwvnkp47wsj6n4hkdlgj8dsauyx0xvefunnwvvsmpq2udd0ka8ckmpuqw3k5,2585441618,
0a8db9af18a4825770fb922f8d1ace74c59c5c4da1ec05d233030535c8f391af,2023-12-07T05:03:19.617000,received,kaspa:qqwvnkp47wsj6n4hkdlgj8dsauyx0xvefunnwvvsmpq2udd0ka8ckmpuqw3k5,2585441618,
0a8db9af18a4825770fb922f8d1ace74c59c5c4da1ec05d233030535c8f391af,2023-12-07T05:03:19.617000,received,kaspa:qqwvnkp47wsj6n4hkdlgj8dsauyx0xvefunnwvvsmpq2udd0ka8ckmpuqw3k5,2585441618,
0a8db9af18a4825770fb922f8d1ace74c59c5c4da1ec05d233030535c8f391af,2023-12-07T05:03:19.617000,received,kaspa:qqwvnkp47wsj6n4hkdlgj8dsauyx0xvefunnwvvsmpq2udd0ka8ckmpuqw3k5,2585441618,
7ce39ca1282ea42e0b2b5ca4754d0afdc77083a0a29b5611c5e6a51966dda5f2,2023-12-07T01:25:11.833000,sent,kaspa:qpw4fhlpslhjl60j4yeqswm5whgv6pfsw8jfc8cd9xczpm9lah93gpr243u85,1000000000,
7ce39ca1282ea42e0b2b5ca4754d0afdc77083a0a29b5611c5e6a51966dda5f2,2023-12-07T01:25:11.833000,sent,kaspa:qpw4fhlpslhjl60j4yeqswm5whgv6pfsw8jfc8cd9xczpm9lah93gpr243u85,1000000000,
1e3c5cbe0bafbc3a899cec5b820f731049491031e35ac07ae8b584cac61a4344,2023-12-05T22:46:44.266000,received,kaspa:qqwvnkp47wsj6n4hkdlgj8dsauyx0xvefunnwvvsmpq2udd0ka8ckmpuqw3k5,9580211678,
1e3c5cbe0bafbc3a899cec5b820f731049491031e35ac07ae8b584cac61a4344,2023-12-05T22:46:44.266000,received,kaspa:qqwvnkp47wsj6n4hkdlgj8dsauyx0xvefunnwvvsmpq2udd0ka8ckmpuqw3k5,9580211678,
1e3c5cbe0bafbc3a899cec5b820f731049491031e35ac07ae8b584cac61a4344,2023-12-05T22:46:44.266000,received,kaspa:qqwvnkp47wsj6n4hkdlgj8dsauyx0xvefunnwvvsmpq2udd0ka8ckmpuqw3k5,9580211678,
1e3c5cbe0bafbc3a899cec5b820f731049491031e35ac07ae8b584cac61a4344,2023-12-05T22:46:44.266000,received,kaspa:qqwvnkp47wsj6n4hkdlgj8dsauyx0xvefunnwvvsmpq2udd0ka8ckmpuqw3k5,9580211678,
1e3c5cbe0bafbc3a899cec5b820f731049491031e35ac07ae8b584cac61a4344,2023-12-05T22:46:44.266000,received,kaspa:qqwvnkp47wsj6n4hkdlgj8dsauyx0xvefunnwvvsmpq2udd0ka8ckmpuqw3k5,9580211678,
1e3c5cbe0bafbc3a899cec5b820f731049491031e35ac07ae8b584cac61a4344,2023-12-05T22:46:44.266000,received,kaspa:qqwvnkp47wsj6n4hkdlgj8dsauyx0xvefunnwvvsmpq2udd0ka8ckmpuqw3k5,9580211678,
1e3c5cbe0bafbc3a899cec5b820f731049491031e35ac07ae8b584cac61a4344,2023-12-05T22:46:44.266000,received,kaspa:qqwvnkp47wsj6n4hkdlgj8dsauyx0xvefunnwvvsmpq2udd0ka8ckmpuqw3k5,9580211678,
f0ea6e0448efd2192ce05298f03b7d6576592836227df7712f2161be6fdb9e21,2023-12-05T15:52:05.217000,sent,kaspa:qqm8fvhxtrnstw2nx95rxuwn5kqynp8lxxgq4h9g2vldw8g08mt5jd4pvlfpt,8000000000,
f0ea6e0448efd2192ce05298f03b7d6576592836227df7712f2161be6fdb9e21,2023-12-05T15:52:05.217000,sent,kaspa:qqm8fvhxtrnstw2nx95rxuwn5kqynp8lxxgq4h9g2vldw8g08mt5jd4pvlfpt,8000000000,
f0ea6e0448efd2192ce05298f03b7d6576592836227df7712f2161be6fdb9e21,2023-12-05T15:52:05.217000,sent,kaspa:qqm8fvhxtrnstw2nx95rxuwn5kqynp8lxxgq4h9g2vldw8g08mt5jd4pvlfpt,8000000000,
f0ea6e0448efd2192ce05298f03b7d6576592836227df7712f2161be6fdb9e21,2023-12-05T15:52:05.217000,sent,kaspa:qqm8fvhxtrnstw2nx95rxuwn5kqynp8lxxgq4h9g2vldw8g08mt5jd4pvlfpt,8000000000,
f0ea6e0448efd2192ce05298f03b7d6576592836227df7712f2161be6fdb9e21,2023-12-05T15:52:05.217000,sent,kaspa:qqm8fvhxtrnstw2nx95rxuwn5kqynp8lxxgq4h9g2vldw8g08mt5jd4pvlfpt,8000000000,
f0ea6e0448efd2192ce05298f03b7d6576592836227df7712f2161be6fdb9e21,2023-12-05T15:52:05.217000,sent,kaspa:qqm8fvhxtrnstw2nx95rxuwn5kqynp8lxxgq4h9g2vldw8g08mt5jd4pvlfpt,8000000000,
f0ea6e0448efd2192ce05298f03b7d6576592836227df7712f2161be6fdb9e21,2023-12-05T15:52:05.217000,sent,kaspa:qqm8fvhxtrnstw2nx95rxuwn5kqynp8lxxgq4h9g2vldw8g08mt5jd4pvlfpt,8000000000,
f0ea6e0448efd2192ce05298f03b7d6576592836227df7712f2161be6fdb9e21,2023-12-05T15:52:05.217000,sent,kaspa:qqm8fvhxtrnstw2nx95rxuwn5kqynp8lxxgq4h9g2vldw8g08mt5jd4pvlfpt,8000000000,
855c665172e0ec7bba498edb31732eb1386cc2625bdda73973545b523181d993,2023-12-05T05:05:04.342000,received,kaspa:qqwvnkp47wsj6n4hkdlgj8dsauyx0xvefunnwvvsmpq2udd0ka8ckmpuqw3k5,2220674143,
855c665172e0ec7bba498edb31732eb1386cc2625bdda73973545b523181d993,2023-12-05T05:05:04.342000,received,kaspa:qqwvnkp47wsj6n4hkdlgj8dsauyx0xvefunnwvvsmpq2udd0ka8ckmpuqw3k5,2220674143,
855c665172e0ec7bba498edb31732eb1386cc2625bdda73973545b523181d993,2023-12-05T05:05:04.342000,received,kaspa:qqwvnkp47wsj6n4hkdlgj8dsauyx0xvefunnwvvsmpq2udd0ka8ckmpuqw3k5,2220674143,
855c665172e0ec7bba498edb31732eb1386cc2625bdda73973545b523181d993,2023-12-05T05:05:04.342000,received,kaspa:qqwvnkp47wsj6n4hkdlgj8dsauyx0xvefunnwvvsmpq2udd0ka8ckmpuqw3k5,2220674143,
855c665172e0ec7bba498edb31732eb1386cc2625bdda73973545b523181d993,2023-12-05T05:05:04.342000,received,kaspa:qqwvnkp47wsj6n4hkdlgj8dsauyx0xvefunnwvvsmpq2udd0ka8ckmpuqw3k5,2220674143,
cbcfb172dc8e39c0e917bfcc34fe06c181d86d29221b06c17d13db63c643b37c,2023-12-04T03:29:15.030000,received,kaspa:qrvum29vk365g0zcd5gx3c7h829etfq2ytdmscjzw4zw04fjfnprcg9c3tges,864035000,
c540d5f74392114583072a79db3b96eb58b1515801768f9134f23278fa2a80ab,2023-12-03T23:03:13.443000,received,kaspa:qrvum29vk365g0zcd5gx3c7h829etfq2ytdmscjzw4zw04fjfnprcg9c3tges,803096000,
a7fdd9941e363df506021473935c6be45bf0fc38c71e1e5c87ffb743e5498c8b,2023-12-03T05:12:10.171000,received,kaspa:qqwvnkp47wsj6n4hkdlgj8dsauyx0xvefunnwvvsmpq2udd0ka8ckmpuqw3k5,2225334112,
a7fdd9941e363df506021473935c6be45bf0fc38c71e1e5c87ffb743e5498c8b,2023-12-03T05:12:10.171000,received,kaspa:qqwvnkp47wsj6n4hkdlgj8dsauyx0xvefunnwvvsmpq2udd0ka8ckmpuqw3k5,2225334112,
a7fdd9941e363df506021473935c6be45bf0fc38c71e1e5c87ffb743e5498c8b,2023-12-03T05:12:10.171000,received,kaspa:qqwvnkp47wsj6n4hkdlgj8dsauyx0xvefunnwvvsmpq2udd0ka8ckmpuqw3k5,2225334112,
a7fdd9941e363df506021473935c6be45bf0fc38c71e1e5c87ffb743e5498c8b,2023-12-03T05:12:10.171000,received,kaspa:qqwvnkp47wsj6n4hkdlgj8dsauyx0xvefunnwvvsmpq2udd0ka8ckmpuqw3k5,2225334112,
a7fdd9941e363df506021473935c6be45bf0fc38c71e1e5c87ffb743e5498c8b,2023-12-03T05:12:10.171000,received,kaspa:qqwvnkp47wsj6n4hkdlgj8dsauyx0xvefunnwvvsmpq2udd0ka8ckmpuqw3k5,2225334112,
a7fdd9941e363df506021473935c6be45bf0fc38c71e1e5c87ffb743e5498c8b,2023-12-03T05:12:10.171000,received,kaspa:qqwvnkp47wsj6n4hkdlgj8dsauyx0xvefunnwvvsmpq2udd0ka8ckmpuqw3k5,2225334112,
a7fdd9941e363df506021473935c6be45bf0fc38c71e1e5c87ffb743e5498c8b,2023-12-03T05:12:10.171000,received,kaspa:qqwvnkp47wsj6n4hkdlgj8dsauyx0xvefunnwvvsmpq2udd0ka8ckmpuqw3k5,2225334112,
a7fdd9941e363df506021473935c6be45bf0fc38c71e1e5c87ffb743e5498c8b,2023-12-03T05:12:10.171000,received,kaspa:qqwvnkp47wsj6n4hkdlgj8dsauyx0xvefunnwvvsmpq2udd0ka8ckmpuqw3k5,2225334112,
a7fdd9941e363df506021473935c6be45bf0fc38c71e1e5c87ffb743e5498c8b,2023-12-03T05:12:10.171000,received,kaspa:qqwvnkp47wsj6n4hkdlgj8dsauyx0xvefunnwvvsmpq2udd0ka8ckmpuqw3k5,2225334112,
a7fdd9941e363df506021473935c6be45bf0fc38c71e1e5c87ffb743e5498c8b,2023-12-03T05:12:10.171000,received,kaspa:qqwvnkp47wsj6n4hkdlgj8dsauyx0xvefunnwvvsmpq2udd0ka8ckmpuqw3k5,2225334112,
a7fdd9941e363df506021473935c6be45bf0fc38c71e1e5c87ffb743e5498c8b,2023-12-03T05:12:10.171000,received,kaspa:qqwvnkp47wsj6n4hkdlgj8dsauyx0xvefunnwvvsmpq2udd0ka8ckmpuqw3k5,2225334112,
a7fdd9941e363df506021473935c6be45bf0fc38c71e1e5c87ffb743e5498c8b,2023-12-03T05:12:10.171000,received,kaspa:qqwvnkp47wsj6n4hkdlgj8dsauyx0xvefunnwvvsmpq2udd0ka8ckmpuqw3k5,2225334112,
a7fdd9941e363df506021473935c6be45bf0fc38c71e1e5c87ffb743e5498c8b,2023-12-03T05:12:10.171000,received,kaspa:qqwvnkp47wsj6n4hkdlgj8dsauyx0xvefunnwvvsmpq2udd0ka8ckmpuqw3k5,2225334112,
a7fdd9941e363df506021473935c6be45bf0fc38c71e1e5c87ffb743e5498c8b,2023-12-03T05:12:10.171000,received,kaspa:qqwvnkp47wsj6n4hkdlgj8dsauyx0xvefunnwvvsmpq2udd0ka8ckmpuqw3k5,2225334112,
00d93cd80e978137310d91d6c58ab5f90a96168521e14c7b6fbfd4d3b6b17b68,2023-12-02T22:37:25.537000,received,kaspa:qrvum29vk365g0zcd5gx3c7h829etfq2ytdmscjzw4zw04fjfnprcg9c3tges,1149749000,
928ed0c924d6a64f845caeec3f4246496e910c4f6fc56b65755b4b9ae52673b4,2023-12-01T08:19:56.138000,received,kaspa:qqwvnkp47wsj6n4hkdlgj8dsauyx0xvefunnwvvsmpq2udd0ka8ckmpuqw3k5,7448736270,
928ed0c924d6a64f845caeec3f4246496e910c4f6fc56b65755b4b9ae52673b4,2023-12-01T08:19:56.138000,received,kaspa:qqwvnkp47wsj6n4hkdlgj8dsauyx0xvefunnwvvsmpq2udd0ka8ckmpuqw3k5,7448736270,
928ed0c924d6a64f845caeec3f4246496e910c4f6fc56b65755b4b9ae52673b4,2023-12-01T08:19:56.138000,received,kaspa:qqwvnkp47wsj6n4hkdlgj8dsauyx0xvefunnwvvsmpq2udd0ka8ckmpuqw3k5,7448736270,
928ed0c924d6a64f845caeec3f4246496e910c4f6fc56b65755b4b9ae52673b4,2023-12-01T08:19:56.138000,received,kaspa:qqwvnkp47wsj6n4hkdlgj8dsauyx0xvefunnwvvsmpq2udd0ka8ckmpuqw3k5,7448736270,
928ed0c924d6a64f845caeec3f4246496e910c4f6fc56b65755b4b9ae52673b4,2023-12-01T08:19:56.138000,received,kaspa:qqwvnkp47wsj6n4hkdlgj8dsauyx0xvefunnwvvsmpq2udd0ka8ckmpuqw3k5,7448736270,
928ed0c924d6a64f845caeec3f4246496e910c4f6fc56b65755b4b9ae52673b4,2023-12-01T08:19:56.138000,received,kaspa:qqwvnkp47wsj6n4hkdlgj8dsauyx0xvefunnwvvsmpq2udd0ka8ckmpuqw3k5,7448736270,
928ed0c924d6a64f845caeec3f4246496e910c4f6fc56b65755b4b9ae52673b4,2023-12-01T08:19:56.138000,received,kaspa:qqwvnkp47wsj6n4hkdlgj8dsauyx0xvefunnwvvsmpq2udd0ka8ckmpuqw3k5,7448736270,
928ed0c924d6a64f845caeec3f4246496e910c4f6fc56b65755b4b9ae52673b4,2023-12-01T08:19:56.138000,received,kaspa:qqwvnkp47wsj6n4hkdlgj8dsauyx0xvefunnwvvsmpq2udd0ka8ckmpuqw3k5,7448736270,
928ed0c924d6a64f845caeec3f4246496e910c4f6fc56b65755b4b9ae52673b4,2023-12-01T08:19:56.138000,received,kaspa:qqwvnkp47wsj6n4hkdlgj8dsauyx0xvefunnwvvsmpq2udd0ka8ckmpuqw3k5,7448736270,
928ed0c924d6a64f845caeec3f4246496e910c4f6fc56b65755b4b9ae52673b4,2023-12-01T08:19:56.138000,received,kaspa:qqwvnkp47wsj6n4hkdlgj8dsauyx0xvefunnwvvsmpq2udd0ka8ckmpuqw3k5,7448736270,
928ed0c924d6a64f845caeec3f4246496e910c4f6fc56b65755b4b9ae52673b4,2023-12-01T08:19:56.138000,received,kaspa:qqwvnkp47wsj6n4hkdlgj8dsauyx0xvefunnwvvsmpq2udd0ka8ckmpuqw3k5,7448736270,
928ed0c924d6a64f845caeec3f4246496e910c4f6fc56b65755b4b9ae52673b4,2023-12-01T08:19:56.138000,received,kaspa:qqwvnkp47wsj6n4hkdlgj8dsauyx0xvefunnwvvsmpq2udd0ka8ckmpuqw3k5,7448736270,
928ed0c924d6a64f845caeec3f4246496e910c4f6fc56b65755b4b9ae52673b4,2023-12-01T08:19:56.138000,received,kaspa:qqwvnkp47wsj6n4hkdlgj8dsauyx0xvefunnwvvsmpq2udd0ka8ckmpuqw3k5,7448736270,
dd67acb91a712ac65beace7c4d232c363d93701d71ce3a3af9d59c95adcd1c51,2023-11-25T15:54:40.138000,received,kaspa:qqwvnkp47wsj6n4hkdlgj8dsauyx0xvefunnwvvsmpq2udd0ka8ckmpuqw3k5,303338673504,
dd67acb91a712ac65beace7c4d232c363d93701d71ce3a3af9d59c95adcd1c51,2023-11-25T15:54:40.138000,received,kaspa:qqwvnkp47wsj6n4hkdlgj8dsauyx0xvefunnwvvsmpq2udd0ka8ckmpuqw3k5,303338673504,
dd67acb91a712ac65beace7c4d232c363d93701d71ce3a3af9d59c95adcd1c51,2023-11-25T15:54:40.138000,received,kaspa:qqwvnkp47wsj6n4hkdlgj8dsauyx0xvefunnwvvsmpq2udd0ka8ckmpuqw3k5,303338673504,
76e6537780086bb333875da3e53d216014973e583d54bab74c1548213edf7cdc,2023-11-25T15:51:10.750000,sent,kaspa:qrl4ya2dkskj4gljr2gl9xqnf8hktkqva884eyyvevq7gclugelr6ns28y3k4,1000000000,
76e6537780086bb333875da3e53d216014973e583d54bab74c1548213edf7cdc,2023-11-25T15:51:10.750000,sent,kaspa:qrl4ya2dkskj4gljr2gl9xqnf8hktkqva884eyyvevq7gclugelr6ns28y3k4,1000000000,
911b06f361e1354a070d2e8618cfafb4fe764ec260dd87d56fd70077c56fd3db,2023-11-25T15:28:18.033000,received,kaspa:qqwvnkp47wsj6n4hkdlgj8dsauyx0xvefunnwvvsmpq2udd0ka8ckmpuqw3k5,5000000000,
d5d33282f6f51b02e1f10529cdd0704be282b0213a6aa1b2b8c3aeb5f61077b2,2023-11-25T14:20:33.912000,sent,kaspa:qrl4ya2dkskj4gljr2gl9xqnf8hktkqva884eyyvevq7gclugelr6ns28y3k4,2000000,
9386affe88fa455284d88ffab82c0bde8fb99701d5e3d8806e50b9704863eee7,2023-11-25T14:16:27.303000,received,kaspa:qqwvnkp47wsj6n4hkdlgj8dsauyx0xvefunnwvvsmpq2udd0ka8ckmpuqw3k5,200000000,
9386affe88fa455284d88ffab82c0bde8fb99701d5e3d8806e50b9704863eee7,2023-11-25T14:16:27.303000,received,kaspa:qqwvnkp47wsj6n4hkdlgj8dsauyx0xvefunnwvvsmpq2udd0ka8ckmpuqw3k5,200000000,
9386affe88fa455284d88ffab82c0bde8fb99701d5e3d8806e50b9704863eee7,2023-11-25T14:16:27.303000,received,kaspa:qqwvnkp47wsj6n4hkdlgj8dsauyx0xvefunnwvvsmpq2udd0ka8ckmpuqw3k5,200000000,
9386affe88fa455284d88ffab82c0bde8fb99701d5e3d8806e50b9704863eee7,2023-11-25T14:16:27.303000,received,kaspa:qqwvnkp47wsj6n4hkdlgj8dsauyx0xvefunnwvvsmpq2udd0ka8ckmpuqw3k5,200000000,
9386affe88fa455284d88ffab82c0bde8fb99701d5e3d8806e50b9704863eee7,2023-11-25T14:16:27.303000,received,kaspa:qqwvnkp47wsj6n4hkdlgj8dsauyx0xvefunnwvvsmpq2udd0ka8ckmpuqw3k5,200000000,
9386affe88fa455284d88ffab82c0bde8fb99701d5e3d8806e50b9704863eee7,2023-11-25T14:16:27.303000,received,kaspa:qqwvnkp47wsj6n4hkdlgj8dsauyx0xvefunnwvvsmpq2udd0ka8ckmpuqw3k5,200000000,
9386affe88fa455284d88ffab82c0bde8fb99701d5e3d8806e50b9704863eee7,2023-11-25T14:16:27.303000,received,kaspa:qqwvnkp47wsj6n4hkdlgj8dsauyx0xvefunnwvvsmpq2udd0ka8ckmpuqw3k5,200000000,
9386affe88fa455284d88ffab82c0bde8fb99701d5e3d8806e50b9704863eee7,2023-11-25T14:16:27.303000,received,kaspa:qqwvnkp47wsj6n4hkdlgj8dsauyx0xvefunnwvvsmpq2udd0ka8ckmpuqw3k5,200000000,
9386affe88fa455284d88ffab82c0bde8fb99701d5e3d8806e50b9704863eee7,2023-11-25T14:16:27.303000,received,kaspa:qqwvnkp47wsj6n4hkdlgj8dsauyx0xvefunnwvvsmpq2udd0ka8ckmpuqw3k5,200000000,
9386affe88fa455284d88ffab82c0bde8fb99701d5e3d8806e50b9704863eee7,2023-11-25T14:16:27.303000,received,kaspa:qqwvnkp47wsj6n4hkdlgj8dsauyx0xvefunnwvvsmpq2udd0ka8ckmpuqw3k5,200000000,
9386affe88fa455284d88ffab82c0bde8fb99701d5e3d8806e50b9704863eee7,2023-11-25T14:16:27.303000,received,kaspa:qqwvnkp47wsj6n4hkdlgj8dsauyx0xvefunnwvvsmpq2udd0ka8ckmpuqw3k5,200000000,
9386affe88fa455284d88ffab82c0bde8fb99701d5e3d8806e50b9704863eee7,2023-11-25T14:16:27.303000,received,kaspa:qqwvnkp47wsj6n4hkdlgj8dsauyx0xvefunnwvvsmpq2udd0ka8ckmpuqw3k5,200000000,
9386affe88fa455284d88ffab82c0bde8fb99701d5e3d8806e50b9704863eee7,2023-11-25T14:16:27.303000,received,kaspa:qqwvnkp47wsj6n4hkdlgj8dsauyx0xvefunnwvvsmpq2udd0ka8ckmpuqw3k5,200000000,
9386affe88fa455284d88ffab82c0bde8fb99701d5e3d8806e50b9704863eee7,2023-11-25T14:16:27.303000,received,kaspa:qqwvnkp47wsj6n4hkdlgj8dsauyx0xvefunnwvvsmpq2udd0ka8ckmpuqw3k5,200000000,
9386affe88fa455284d88ffab82c0bde8fb99701d5e3d8806e50b9704863eee7,2023-11-25T14:16:27.303000,received,kaspa:qqwvnkp47wsj6n4hkdlgj8dsauyx0xvefunnwvvsmpq2udd0ka8ckmpuqw3k5,200000000,
