tx_id,timestamp,direction,peer_address,amount_sompi,cex_label
5cbd92b16b77ac16d28778e417afc32f8f1650121985b35e8e00b17f2ad35ef4,2024-11-21T06:02:18.653000,sent,kaspa:qrr0rrkgl2jyq2k6ndk7f8xgq6z9ect07mq8tsktkju8xy547yrvsdwc4558c,41220000000000,
bf49b2e7475b20e334d1b6edc6631cca54ae025d6fff28b4053801cab0b330b2,2024-11-21T06:00:07.694000,sent,kaspa:qqyl5x07kcahax9ud3m4u26ua69une66rh3yv2664qhlxpx4rpu6kf750t8vv,19160740000000,
bf49b2e7475b20e334d1b6edc6631cca54ae025d6fff28b4053801cab0b330b2,2024-11-21T06:00:07.694000,sent,kaspa:qqyl5x07kcahax9ud3m4u26ua69une66rh3yv2664qhlxpx4rpu6kf750t8vv,19160740000000,
bf49b2e7475b20e334d1b6edc6631cca54ae025d6fff28b4053801cab0b330b2,2024-11-21T06:00:07.694000,sent,kaspa:qqyl5x07kcahax9ud3m4u26ua69une66rh3yv2664qhlxpx4rpu6kf750t8vv,19160740000000,
bf49b2e7475b20e334d1b6edc6631cca54ae025d6fff28b4053801cab0b330b2,2024-11-21T06:00:07.694000,sent,kaspa:qqyl5x07kcahax9ud3m4u26ua69une66rh3yv2664qhlxpx4rpu6kf750t8vv,19160740000000,
bf49b2e7475b20e334d1b6edc6631cca54ae025d6fff28b4053801cab0b330b2,2024-11-21T06:00:07.694000,sent,kaspa:qqyl5x07kcahax9ud3m4u26ua69une66rh3yv2664qhlxpx4rpu6kf750t8vv,19160740000000,
98939e7d44a74b0add561423a5720b84a066dc77ddda07e9f52dc3db2f13367f,2024-11-21T05:12:01.362000,received,kaspa:qq2g84fyvkhw7dag5rexreugr0njzzx4c0usnnzwjfj09hx99rwk27w0fkduj,39221173785215,
98939e7d44a74b0add561423a5720b84a066dc77ddda07e9f52dc3db2f13367f,2024-11-21T05:12:01.362000,received,kaspa:qq2g84fyvkhw7dag5rexreugr0njzzx4c0usnnzwjfj09hx99rwk27w0fkduj,39221173785215,
a8a15772adf953d05c50d29e2f2de0d09bc2853b19f8041b3b08b78c2d619ec0,2024-11-20T06:14:49.679000,received,kaspa:qq2g84fyvkhw7dag5rexreugr0njzzx4c0usnnzwjfj09hx99rwk27w0fkduj,19160744255945,
a8a15772adf953d05c50d29e2f2de0d09bc2853b19f8041b3b08b78c2d619ec0,2024-11-20T06:14:49.679000,received,kaspa:qq2g84fyvkhw7dag5rexreugr0njzzx4c0usnnzwjfj09hx99rwk27w0fkduj,19160744255945,
eb8be31d082946013b33eeafe325e73aa897ad04d3a1c4ff8f165341ee494843,2024-11-19T09:44:19.387000,received,kaspa:qzgtduqyccg66ms6crgpgnnn802c7drpevy4fsq8069lpzhdwfxhy4079jsrp,3245047895,
f4b671aa66a032545b82c5fd45c4e20bfabd6c7f1fcdafab3c320c7961caffbc,2024-11-18T17:27:22.524000,received,kaspa:qzgtduqyccg66ms6crgpgnnn802c7drpevy4fsq8069lpzhdwfxhy4079jsrp,1995988461792,
bfa06393fded955caf0bfa9a200223fa41ce9b5b88cecaa3154d54f1aac753a2,2024-11-18T12:01:53.703000,sent,kaspa:qp4us679pv3ecvc20namj7zcr32c7h65ft94mgx5lq4snt5ftyjwuqkc0rapl,600000000000,
bfa06393fded955caf0bfa9a200223fa41ce9b5b88cecaa3154d54f1aac753a2,2024-11-18T12:01:53.703000,sent,kaspa:qp4us679pv3ecvc20namj7zcr32c7h65ft94mgx5lq4snt5ftyjwuqkc0rapl,600000000000,
bfa06393fded955caf0bfa9a200223fa41ce9b5b88cecaa3154d54f1aac753a2,2024-11-18T12:01:53.703000,sent,kaspa:qp4us679pv3ecvc20namj7zcr32c7h65ft94mgx5lq4snt5ftyjwuqkc0rapl,600000000000,
bfa06393fded955caf0bfa9a200223fa41ce9b5b88cecaa3154d54f1aac753a2,2024-11-18T12:01:53.703000,sent,kaspa:qp4us679pv3ecvc20namj7zcr32c7h65ft94mgx5lq4snt5ftyjwuqkc0rapl,600000000000,
7947738c3918c02a97cde2db6b2c7332f428c2eecaa13988cce2f4734d485b7e,2024-11-18T11:16:30.955000,received,kaspa:qzgtduqyccg66ms6crgpgnnn802c7drpevy4fsq8069lpzhdwfxhy4079jsrp,298783630074,
7947738c3918c02a97cde2db6b2c7332f428c2eecaa13988cce2f4734d485b7e,2024-11-18T11:16:30.955000,received,kaspa:qzgtduqyccg66ms6crgpgnnn802c7drpevy4fsq8069lpzhdwfxhy4079jsrp,298783630074,
7947738c3918c02a97cde2db6b2c7332f428c2eecaa13988cce2f4734d485b7e,2024-11-18T11:16:30.955000,received,kaspa:qzgtduqyccg66ms6crgpgnnn802c7drpevy4fsq8069lpzhdwfxhy4079jsrp,298783630074,
8d52acedf6cf2cebbc4c616044b603e4becc93905efa8a280b1cbfdc019a3d9c,2024-11-18T10:52:08.015000,received,kaspa:qzgtduqyccg66ms6crgpgnnn802c7drpevy4fsq8069lpzhdwfxhy4079jsrp,299388372357,
8d52acedf6cf2cebbc4c616044b603e4becc93905efa8a280b1cbfdc019a3d9c,2024-11-18T10:52:08.015000,received,kaspa:qzgtduqyccg66ms6crgpgnnn802c7drpevy4fsq8069lpzhdwfxhy4079jsrp,299388372357,
80e05f09ef4d7c1729a71d73723b1a27a95eb9a5ead6445a91276e426d42aa38,2024-11-18T08:54:06.047000,received,kaspa:qzgtduqyccg66ms6crgpgnnn802c7drpevy4fsq8069lpzhdwfxhy4079jsrp,913507260,
98281f0fb2435de1ea3c5abfd68f19b4f21b28f0c8b16694afe441dfa817eafb,2024-11-18T08:34:35.073000,sent,kaspa:qpgmt2dn8wcqf0436n0kueap7yx82n7raurlj6aqjc3t3wm9y5ssqtg9e4lsm,3000000000,
518998b9e35e0a782c0a0a2fd443ab52a5bd474240ca0673b7e51aba89802b79,2024-06-14T05:17:38.813000,sent,kaspa:qq9zagcza4jt76eev9jl5z0nqhe0thcu7js8larktj4sle7lvgnw7sfcewlty,20020000000000,
518998b9e35e0a782c0a0a2fd443ab52a5bd474240ca0673b7e51aba89802b79,2024-06-14T05:17:38.813000,sent,kaspa:qq9zagcza4jt76eev9jl5z0nqhe0thcu7js8larktj4sle7lvgnw7sfcewlty,20020000000000,
7da5c0ae51559ad8ef54b83d0437aa3fd8794b89010e59fc10a595760eb05a4d,2024-06-14T05:16:25.126000,received,kaspa:qrvum29vk365g0zcd5gx3c7h829etfq2ytdmscjzw4zw04fjfnprcg9c3tges,20020000000000,
4f3a4344175a91d32a38b1e4f386bdd8442a9b70912366a1a0b3179499d27548,2024-06-04T06:19:25.547000,sent,kaspa:qpzpn3zpn0zahrgwayfc8fj9ru3u4m5lgfn7e5psypa66ppvusxvzfxwjvyhq,17100000000000,
4f3a4344175a91d32a38b1e4f386bdd8442a9b70912366a1a0b3179499d27548,2024-06-04T06:19:25.547000,sent,kaspa:qpzpn3zpn0zahrgwayfc8fj9ru3u4m5lgfn7e5psypa66ppvusxvzfxwjvyhq,17100000000000,
da7a4c55357d1e6533fde11436bd51a5da5e4b52fdb68a3d19a33a9133d8f37e,2024-06-04T06:17:28.064000,received,kaspa:qq9zagcza4jt76eev9jl5z0nqhe0thcu7js8larktj4sle7lvgnw7sfcewlty,17102441290044,
14243600bdfb751ffb9d695cac85dd3634300fc971b0fb0a11dd8aabd910684e,2024-05-24T15:39:43.353000,sent,kaspa:qpzpn3zpn0zahrgwayfc8fj9ru3u4m5lgfn7e5psypa66ppvusxvzfxwjvyhq,29880000000000,
14243600bdfb751ffb9d695cac85dd3634300fc971b0fb0a11dd8aabd910684e,2024-05-24T15:39:43.353000,sent,kaspa:qpzpn3zpn0zahrgwayfc8fj9ru3u4m5lgfn7e5psypa66ppvusxvzfxwjvyhq,29880000000000,
212ac24071e1c5a21fa01941e7edd1f9767cbce732b230be8e38765935139cdd,2024-05-24T15:37:43.794000,received,kaspa:qq9zagcza4jt76eev9jl5z0nqhe0thcu7js8larktj4sle7lvgnw7sfcewlty,29886933603274,
212ac24071e1c5a21fa01941e7edd1f9767cbce732b230be8e38765935139cdd,2024-05-24T15:37:43.794000,received,kaspa:qq9zagcza4jt76eev9jl5z0nqhe0thcu7js8larktj4sle7lvgnw7sfcewlty,29886933603274,
212ac24071e1c5a21fa01941e7edd1f9767cbce732b230be8e38765935139cdd,2024-05-24T15:37:43.794000,received,kaspa:qq9zagcza4jt76eev9jl5z0nqhe0thcu7js8larktj4sle7lvgnw7sfcewlty,29886933603274,
212ac24071e1c5a21fa01941e7edd1f9767cbce732b230be8e38765935139cdd,2024-05-24T15:37:43.794000,received,kaspa:qq9zagcza4jt76eev9jl5z0nqhe0thcu7js8larktj4sle7lvgnw7sfcewlty,29886933603274,
512fed87d22364013d2ba02f21537e096cda53a10ac593e7db28ab491acd4a16,2024-05-23T19:58:35.539000,sent,kaspa:qq9zagcza4jt76eev9jl5z0nqhe0thcu7js8larktj4sle7lvgnw7sfcewlty,10000000000,
512fed87d22364013d2ba02f21537e096cda53a10ac593e7db28ab491acd4a16,2024-05-23T19:58:35.539000,sent,kaspa:qq9zagcza4jt76eev9jl5z0nqhe0thcu7js8larktj4sle7lvgnw7sfcewlty,10000000000,
7213a91952688f5f6499d11f0dbf1bad371910180a01840c25f2125452390ab9,2024-05-23T19:57:15.944000,received,kaspa:qrelgny7sr3vahq69yykxx36m65gvmhryxrlwngfzgu8xkdslum2yxjp3ap8m,9643000000,Gate.io
0f8f7d6ceb25d093dddcc167134ab69fccc2bd5634d05522b3331a7c3a236d33,2024-05-23T14:44:57.041000,sent,kaspa:qq9zagcza4jt76eev9jl5z0nqhe0thcu7js8larktj4sle7lvgnw7sfcewlty,30000000000000,
0f8f7d6ceb25d093dddcc167134ab69fccc2bd5634d05522b3331a7c3a236d33,2024-05-23T14:44:57.041000,sent,kaspa:qq9zagcza4jt76eev9jl5z0nqhe0thcu7js8larktj4sle7lvgnw7sfcewlty,30000000000000,
711c700c6122a0f45a50faeef9a5d3f06c334a5ca12d98f13d290b442bbf62f4,2024-05-23T14:43:31.994000,received,kaspa:qq3k4du6wf2g26j7ds6fqmgtgavgm3zy676wntp2e52nsuns2n4s6xkndmx0y,29999010000000,
b9c02cd9819be274e3faa6e220075f2a371ea9d034d8063dd4f1eefff416e9fa,2024-05-13T03:10:41.093000,sent,kaspa:qp4us679pv3ecvc20namj7zcr32c7h65ft94mgx5lq4snt5ftyjwuqkc0rapl,20000000000000,
25227611c1b80a0f953abfd79ef889f7ed04d703fb0231f8afb8c277e1910fc8,2024-05-13T03:06:29.911000,sent,kaspa:qq9zagcza4jt76eev9jl5z0nqhe0thcu7js8larktj4sle7lvgnw7sfcewlty,20000000000000,
25227611c1b80a0f953abfd79ef889f7ed04d703fb0231f8afb8c277e1910fc8,2024-05-13T03:06:29.911000,sent,kaspa:qq9zagcza4jt76eev9jl5z0nqhe0thcu7js8larktj4sle7lvgnw7sfcewlty,20000000000000,
2f4db8963cb937ba999af522e73b320bc143c57407e0aefb992d6f65b2aa23ce,2024-05-13T03:04:25.058000,received,kaspa:qrvum29vk365g0zcd5gx3c7h829etfq2ytdmscjzw4zw04fjfnprcg9c3tges,40000000000000,
2f4db8963cb937ba999af522e73b320bc143c57407e0aefb992d6f65b2aa23ce,2024-05-13T03:04:25.058000,received,kaspa:qrvum29vk365g0zcd5gx3c7h829etfq2ytdmscjzw4zw04fjfnprcg9c3tges,40000000000000,
b80000500fa52589e71109dadbbc577da91a53080feec298e8a776ad0554ddd0,2024-05-10T07:00:55.242000,sent,kaspa:qpzpn3zpn0zahrgwayfc8fj9ru3u4m5lgfn7e5psypa66ppvusxvzfxwjvyhq,15430000000000,
b80000500fa52589e71109dadbbc577da91a53080feec298e8a776ad0554ddd0,2024-05-10T07:00:55.242000,sent,kaspa:qpzpn3zpn0zahrgwayfc8fj9ru3u4m5lgfn7e5psypa66ppvusxvzfxwjvyhq,15430000000000,
b2c523c9dacd6e2bbd89058d50a3092576f8180126b7dba141c326ffd42c8aeb,2024-05-10T06:57:42.315000,received,kaspa:qq9zagcza4jt76eev9jl5z0nqhe0thcu7js8larktj4sle7lvgnw7sfcewlty,15421975557995,
6187f158ef18c432af5a5579a162cb658a08650d329e6d30cd4cc31797ad2f83,2024-05-08T06:54:54.782000,sent,kaspa:qq9zagcza4jt76eev9jl5z0nqhe0thcu7js8larktj4sle7lvgnw7sfcewlty,20000000000,
d8692dd6e4faeb9bf6468c127395a7dd92d87a489fbd4a546339badbecebdf66,2024-05-08T06:34:42.175000,received,kaspa:qrelgny7sr3vahq69yykxx36m65gvmhryxrlwngfzgu8xkdslum2yxjp3ap8m,29544000000,Gate.io
