tx_id,timestamp,direction,peer_address,amount_sompi,cex_label
bee6b62d22433178ed89ea963a6cd2425ca84f09a51c24a8b75d53cda613baf5,2024-03-19T08:49:02.685000,sent,kaspa:qpzpfwcsqsxhxwup26r55fd0ghqlhyugz8cp6y3wxuddc02vcxtjg75pspnwz,2000000000000,MEXC
bee6b62d22433178ed89ea963a6cd2425ca84f09a51c24a8b75d53cda613baf5,2024-03-19T08:49:02.685000,sent,kaspa:qpjunp39ssazf4rzfxxu0hd35xggfxn6lq0ls9u9q6peevzcmcv4xmv9q4njd,379696148,
3d6b61a123e617d9236b55bfa20c794294c68a938c01f5f7fcb590b525f81384,2024-03-19T08:48:10.404000,sent,kaspa:qpzpfwcsqsxhxwup26r55fd0ghqlhyugz8cp6y3wxuddc02vcxtjg75pspnwz,2000000000000,MEXC
3d6b61a123e617d9236b55bfa20c794294c68a938c01f5f7fcb590b525f81384,2024-03-19T08:48:10.404000,sent,kaspa:qpjunp39ssazf4rzfxxu0hd35xggfxn6lq0ls9u9q6peevzcmcv4xmv9q4njd,20090927098282953,
c2ad3c1709d311b4f33c0e6e6c4bcd53db288d4f056938e579aab0bfd1017d92,2024-03-19T08:45:28.325000,received,kaspa:qpywcqt90w3269emuprgptcdcr6nh5k4qq6tqvsf6g2rrlppz077jhj25f2hh,500000000000,
9ecb31946d8708be674bbc6e21be26f4ba0e2067a8c5a2b3b54c97a476203113,2024-03-19T08:43:11.327000,received,kaspa:qypezhcquytvvkfchjh88lt052ayw2fr7p4tphchegn3g2ydun0kfysndkt3ujq,163600000000,
7f07e0260db415de02ff36796fed4f1f214cf0bff6fbe9a799f7adb79c9d8e3c,2024-03-18T14:05:36.419000,sent,kaspa:qpzpfwcsqsxhxwup26r55fd0ghqlhyugz8cp6y3wxuddc02vcxtjg75pspnwz,2000000000000,MEXC
7f07e0260db415de02ff36796fed4f1f214cf0bff6fbe9a799f7adb79c9d8e3c,2024-03-18T14:05:36.419000,sent,kaspa:qpjunp39ssazf4rzfxxu0hd35xggfxn6lq0ls9u9q6peevzcmcv4xmv9q4njd,20001028520023165,
b0cf1e4ed6a881420f6da85fed431f611f63b0e6c0dd78059aaf481cd58ec47d,2024-03-18T14:04:20.348000,received,kaspa:qypezhcquytvvkfchjh88lt052ayw2fr7p4tphchegn3g2ydun0kfysndkt3ujq,1000000000000,
b0cf1e4ed6a881420f6da85fed431f611f63b0e6c0dd78059aaf481cd58ec47d,2024-03-18T14:04:20.348000,received,kaspa:qypezhcquytvvkfchjh88lt052ayw2fr7p4tphchegn3g2ydun0kfysndkt3ujq,1000000000000,
8a30bef95bf8090433dcae9a89ad57273fa68195d7dad5329565c658346b64a3,2024-03-18T12:34:05.231000,sent,kaspa:qpzpfwcsqsxhxwup26r55fd0ghqlhyugz8cp6y3wxuddc02vcxtjg75pspnwz,2000000000000,MEXC
8a30bef95bf8090433dcae9a89ad57273fa68195d7dad5329565c658346b64a3,2024-03-18T12:34:05.231000,sent,kaspa:qpjunp39ssazf4rzfxxu0hd35xggfxn6lq0ls9u9q6peevzcmcv4xmv9q4njd,19996864419535007,
a17839209aab9aa4107caaadbfe196cd37c12476a5e667e8fa7b2656e06cd284,2024-03-18T12:26:43.183000,received,kaspa:qypezhcquytvvkfchjh88lt052ayw2fr7p4tphchegn3g2ydun0kfysndkt3ujq,500000000000,
a17839209aab9aa4107caaadbfe196cd37c12476a5e667e8fa7b2656e06cd284,2024-03-18T12:26:43.183000,received,kaspa:qypezhcquytvvkfchjh88lt052ayw2fr7p4tphchegn3g2ydun0kfysndkt3ujq,500000000000,
a17839209aab9aa4107caaadbfe196cd37c12476a5e667e8fa7b2656e06cd284,2024-03-18T12:26:43.183000,received,kaspa:qypezhcquytvvkfchjh88lt052ayw2fr7p4tphchegn3g2ydun0kfysndkt3ujq,500000000000,
a17839209aab9aa4107caaadbfe196cd37c12476a5e667e8fa7b2656e06cd284,2024-03-18T12:26:43.183000,received,kaspa:qypezhcquytvvkfchjh88lt052ayw2fr7p4tphchegn3g2ydun0kfysndkt3ujq,500000000000,
a17839209aab9aa4107caaadbfe196cd37c12476a5e667e8fa7b2656e06cd284,2024-03-18T12:26:43.183000,received,kaspa:qypezhcquytvvkfchjh88lt052ayw2fr7p4tphchegn3g2ydun0kfysndkt3ujq,500000000000,
a17839209aab9aa4107caaadbfe196cd37c12476a5e667e8fa7b2656e06cd284,2024-03-18T12:26:43.183000,received,kaspa:qypezhcquytvvkfchjh88lt052ayw2fr7p4tphchegn3g2ydun0kfysndkt3ujq,500000000000,
a17839209aab9aa4107caaadbfe196cd37c12476a5e667e8fa7b2656e06cd284,2024-03-18T12:26:43.183000,received,kaspa:qypezhcquytvvkfchjh88lt052ayw2fr7p4tphchegn3g2ydun0kfysndkt3ujq,500000000000,
a17839209aab9aa4107caaadbfe196cd37c12476a5e667e8fa7b2656e06cd284,2024-03-18T12:26:43.183000,received,kaspa:qypezhcquytvvkfchjh88lt052ayw2fr7p4tphchegn3g2ydun0kfysndkt3ujq,500000000000,
a17839209aab9aa4107caaadbfe196cd37c12476a5e667e8fa7b2656e06cd284,2024-03-18T12:26:43.183000,received,kaspa:qypezhcquytvvkfchjh88lt052ayw2fr7p4tphchegn3g2ydun0kfysndkt3ujq,500000000000,
a17839209aab9aa4107caaadbfe196cd37c12476a5e667e8fa7b2656e06cd284,2024-03-18T12:26:43.183000,received,kaspa:qypezhcquytvvkfchjh88lt052ayw2fr7p4tphchegn3g2ydun0kfysndkt3ujq,500000000000,
a17839209aab9aa4107caaadbfe196cd37c12476a5e667e8fa7b2656e06cd284,2024-03-18T12:26:43.183000,received,kaspa:qypezhcquytvvkfchjh88lt052ayw2fr7p4tphchegn3g2ydun0kfysndkt3ujq,500000000000,
a17839209aab9aa4107caaadbfe196cd37c12476a5e667e8fa7b2656e06cd284,2024-03-18T12:26:43.183000,received,kaspa:qypezhcquytvvkfchjh88lt052ayw2fr7p4tphchegn3g2ydun0kfysndkt3ujq,500000000000,
a17839209aab9aa4107caaadbfe196cd37c12476a5e667e8fa7b2656e06cd284,2024-03-18T12:26:43.183000,received,kaspa:qypezhcquytvvkfchjh88lt052ayw2fr7p4tphchegn3g2ydun0kfysndkt3ujq,500000000000,
a17839209aab9aa4107caaadbfe196cd37c12476a5e667e8fa7b2656e06cd284,2024-03-18T12:26:43.183000,received,kaspa:qypezhcquytvvkfchjh88lt052ayw2fr7p4tphchegn3g2ydun0kfysndkt3ujq,500000000000,
a17839209aab9aa4107caaadbfe196cd37c12476a5e667e8fa7b2656e06cd284,2024-03-18T12:26:43.183000,received,kaspa:qypezhcquytvvkfchjh88lt052ayw2fr7p4tphchegn3g2ydun0kfysndkt3ujq,500000000000,
ca4667a1a4d34461e5fb985e0bf8ac025aac92cf149bfeda1fe3acef13234f91,2024-01-18T23:20:07.888000,sent,kaspa:qpjunp39ssazf4rzfxxu0hd35xggfxn6lq0ls9u9q6peevzcmcv4xmv9q4njd,895452714735,
cc112c8111be23efc616376ddf683db6cb16b848910ff68925ddd2b63b0a7997,2023-09-14T07:51:17.716000,sent,kaspa:qpzpfwcsqsxhxwup26r55fd0ghqlhyugz8cp6y3wxuddc02vcxtjg75pspnwz,500000000000000,MEXC
cc112c8111be23efc616376ddf683db6cb16b848910ff68925ddd2b63b0a7997,2023-09-14T07:51:17.716000,sent,kaspa:qpjunp39ssazf4rzfxxu0hd35xggfxn6lq0ls9u9q6peevzcmcv4xmv9q4njd,182375097043,
8bbd850a9141eb631bc0924117004908704707664a444c1585cdb401d47cd2d7,2023-09-14T06:35:30.231000,received,kaspa:qqff8sh62j9wesle3u0ym806u33ja423frpw6hkknxft3s52fs5j5y0azl0h7,4499474900000,
3d85e2f142ea5b971e97009bb00e25f7eeebb11c86fdb713474a1c6a70d23052,2023-06-02T07:41:00.620000,sent,kaspa:qpjunp39ssazf4rzfxxu0hd35xggfxn6lq0ls9u9q6peevzcmcv4xmv9q4njd,196477781220980,
3221e45c8fb555e63fc15149515c02a67667c13d3dc105d60a9f4e3acb92f8d1,2023-06-02T07:31:44.416000,received,kaspa:qypezhcquytvvkfchjh88lt052ayw2fr7p4tphchegn3g2ydun0kfysndkt3ujq,1500000000000,
3221e45c8fb555e63fc15149515c02a67667c13d3dc105d60a9f4e3acb92f8d1,2023-06-02T07:31:44.416000,received,kaspa:qypezhcquytvvkfchjh88lt052ayw2fr7p4tphchegn3g2ydun0kfysndkt3ujq,1500000000000,
3221e45c8fb555e63fc15149515c02a67667c13d3dc105d60a9f4e3acb92f8d1,2023-06-02T07:31:44.416000,received,kaspa:qypezhcquytvvkfchjh88lt052ayw2fr7p4tphchegn3g2ydun0kfysndkt3ujq,1500000000000,
3221e45c8fb555e63fc15149515c02a67667c13d3dc105d60a9f4e3acb92f8d1,2023-06-02T07:31:44.416000,received,kaspa:qypezhcquytvvkfchjh88lt052ayw2fr7p4tphchegn3g2ydun0kfysndkt3ujq,1500000000000,
927232f1ee6d7687027e972ec5d2c8380598f15a44627855ed55df63de7eb27a,2023-04-19T00:30:36.261000,sent,kaspa:qpjunp39ssazf4rzfxxu0hd35xggfxn6lq0ls9u9q6peevzcmcv4xmv9q4njd,182314524450767,
d9391670cb1d51599f2f94fef7ec326882a7f1d0b8da5a185d40fc0294d1bd99,2023-03-25T05:08:43.081000,received,kaspa:qp0j2ad0cey756fufn0947wk5mnhanfra33kmrdsrckfyy7pkdulc4097jtl2,1500000000000,
d9391670cb1d51599f2f94fef7ec326882a7f1d0b8da5a185d40fc0294d1bd99,2023-03-25T05:08:43.081000,received,kaspa:qp0j2ad0cey756fufn0947wk5mnhanfra33kmrdsrckfyy7pkdulc4097jtl2,1500000000000,
d9391670cb1d51599f2f94fef7ec326882a7f1d0b8da5a185d40fc0294d1bd99,2023-03-25T05:08:43.081000,received,kaspa:qp0j2ad0cey756fufn0947wk5mnhanfra33kmrdsrckfyy7pkdulc4097jtl2,1500000000000,
d9391670cb1d51599f2f94fef7ec326882a7f1d0b8da5a185d40fc0294d1bd99,2023-03-25T05:08:43.081000,received,kaspa:qp0j2ad0cey756fufn0947wk5mnhanfra33kmrdsrckfyy7pkdulc4097jtl2,1500000000000,
84fc286cd6ddfc2667edcb8d99e4dfbd7d5de79b69b780c121d830a48f83bae2,2022-12-08T21:01:35.730000,received,kaspa:qzy66gzagsmsk5vg6klezrxunwvk30asevenu5emlmu5hu6c4el6cgnjwc3rm,9999997931,
