tx_id,timestamp,direction,peer_address,amount_sompi,cex_label
dc3197cf9294e9c50e9ff9e743c1c5f8122d688e8d7b15574263d20327d9d81d,2024-02-17T20:54:47.959000,sent,kaspa:qqyrl8sham25c7pvdxlzw5ev4lrfm80k8deymkwrz4kta0w5mma0g67pnq3f2,172980000,
dc3197cf9294e9c50e9ff9e743c1c5f8122d688e8d7b15574263d20327d9d81d,2024-02-17T20:54:47.959000,sent,kaspa:qqyrl8sham25c7pvdxlzw5ev4lrfm80k8deymkwrz4kta0w5mma0g67pnq3f2,172980000,
f0acf75c77229d85782e75b893b9058e043588ffe985508cacab292852d72466,2023-12-12T16:55:30.193000,received,kaspa:qypswxtcrv4ssyjaswy5w9387vq73mkuyq85tl34cee6qn5uexqy0csgnafnjx7,171000000,
15e88cc75bdb7dca0a1cbbea5f120aa484bc232f96f1aea5a4575a675876bf34,2023-11-29T04:51:30.157000,sent,kaspa:qypgqp8uacdtzmut3va3g4rqhnhfmychwfjudl02s2k7d8vrz3zge4c0d4hzwqg,18000000,
9d22516ded5f92e27223fd0082e235869a4f6f8baa7b4b653c0801aa0aabbc2c,2023-11-27T05:22:35.154000,received,kaspa:qypj4mpmfnmte39866f8ttexwhf0z3vql0qnz3agfmtgjdqjrfdg6mq6dfv0rpk,20000000,
