tx_id,timestamp,direction,peer_address,amount_sompi,cex_label
b83c32aa33fa0f83a01c6909e8dde00e6fec243b272e06a84298c18925eff386,2023-12-16T04:24:23.914000,sent,kaspa:qzslgwenzu78t6tldlng383g7ruu4enaljmnkgaulyrscjp7ldt26x8gfxck5,171940000,
b83c32aa33fa0f83a01c6909e8dde00e6fec243b272e06a84298c18925eff386,2023-12-16T04:24:23.914000,sent,kaspa:qzslgwenzu78t6tldlng383g7ruu4enaljmnkgaulyrscjp7ldt26x8gfxck5,171940000,
e178762489bf4fc599a4ddb2701761df5690c826dc5841e835977e860f276bc6,2023-12-12T10:35:47.959000,received,kaspa:qypswxtcrv4ssyjaswy5w9387vq73mkuyq85tl34cee6qn5uexqy0csgnafnjx7,171000000,
6a95ab7bd4e5f25ab43f976913792395dbce87313b6854daafb28e1ddf58e1b5,2023-11-28T14:50:54.569000,sent,kaspa:qyp3kusn7yqffusl7u0vlfyhfcl5x6y7qklw0fu2xf2pgjvuh4ywtps0rktkg53,18000000,
08b0bbace60f9578b2c7e7f2ffca34d2f26e1a07d305880913b9d211c7a70599,2023-11-27T18:37:41.592000,received,kaspa:qzggq9ds6xs7x9t3mxufu45te89sadcut2jre2pedc3llas0z8xxs36wcnlup,19000000,
