tx_id,timestamp,direction,peer_address,amount_sompi,cex_label
aac249b3fde4ab56addbc7327354621b8cfb10677b4647d13d9a5270b25a42b8,2023-12-16T04:34:00.475000,sent,kaspa:qzslgwenzu78t6tldlng383g7ruu4enaljmnkgaulyrscjp7ldt26x8gfxck5,171940000,
aac249b3fde4ab56addbc7327354621b8cfb10677b4647d13d9a5270b25a42b8,2023-12-16T04:34:00.475000,sent,kaspa:qzslgwenzu78t6tldlng383g7ruu4enaljmnkgaulyrscjp7ldt26x8gfxck5,171940000,
69e8ae66c0d3f5264fa24cc19a4efb232562080b3fbbbebaf938af61164c2ce2,2023-12-12T18:01:42.465000,received,kaspa:qypswxtcrv4ssyjaswy5w9387vq73mkuyq85tl34cee6qn5uexqy0csgnafnjx7,171000000,
0a686e0f792017e006d9379d45e967c6ebcb9585f8f95059dc56164396dda672,2023-11-29T06:39:48.511000,sent,kaspa:qypehd8c0kneswgfjps6ynestqg54qcr2frk06ny5whvvrxre5r6wdgs6xpdmex,18000000,
dc6825dd724a9efb7b5d9e0ba6c7a3b80261182f627b71c76b156f3654557385,2023-11-28T22:44:54.533000,received,kaspa:qqaugwf5jw2eagnzq0ncvce6p8n8nwyxzwxmyxwqx7uast3nnv6q6xd4qglxr,19000000,
