tx_id,timestamp,direction,peer_address,amount_sompi,cex_label
d4bd17317cf29041c8223d7f5872eacbcde69b12b95319b709a0384d643ae539,2025-05-25T07:00:04.564000,received,kaspa:qp9z8a0w7jedatvpr3l0knc6l0vdlpz7sp9kcd4yqq0up9hp87q4zyzr5ave9,102833697,
d4bd17317cf29041c8223d7f5872eacbcde69b12b95319b709a0384d643ae539,2025-05-25T07:00:04.564000,received,kaspa:qpy827u4r43hp36nu2w78dphwgzjr3e9xdwwvm7k7dalyhpfkr84qucn4ecud,102833697,
1e30652d0a122c12d8a4eba63b93b0fd04c2016a94b1f00ff71e31e48c8573c5,2025-05-24T16:59:58.913000,received,kaspa:qpy827u4r43hp36nu2w78dphwgzjr3e9xdwwvm7k7dalyhpfkr84qucn4ecud,100428549,
1e30652d0a122c12d8a4eba63b93b0fd04c2016a94b1f00ff71e31e48c8573c5,2025-05-24T16:59:58.913000,received,kaspa:qpy827u4r43hp36nu2w78dphwgzjr3e9xdwwvm7k7dalyhpfkr84qucn4ecud,100428549,
547b024ae2f246a9056c85b4e58f5ab37a75c10b0924025029e47bca9f305b7c,2025-05-24T04:00:02.162000,received,kaspa:qp9z8a0w7jedatvpr3l0knc6l0vdlpz7sp9kcd4yqq0up9hp87q4zyzr5ave9,100841491,
547b024ae2f246a9056c85b4e58f5ab37a75c10b0924025029e47bca9f305b7c,2025-05-24T04:00:02.162000,received,kaspa:qpy827u4r43hp36nu2w78dphwgzjr3e9xdwwvm7k7dalyhpfkr84qucn4ecud,100841491,
2d5efb6d111d1d559bb5016772f82784ff21d1c735590fdf5eb89fd01692a4c4,2025-05-23T14:00:14.024000,received,kaspa:qp9z8a0w7jedatvpr3l0knc6l0vdlpz7sp9kcd4yqq0up9hp87q4zyzr5ave9,105899164,
2d5efb6d111d1d559bb5016772f82784ff21d1c735590fdf5eb89fd01692a4c4,2025-05-23T14:00:14.024000,received,kaspa:qpy827u4r43hp36nu2w78dphwgzjr3e9xdwwvm7k7dalyhpfkr84qucn4ecud,105899164,
ebe0d0ecf947b3d051800699df6cf4b889703bb72ccd5f3671b3c016323e4c95,2025-05-22T23:59:58.934000,received,kaspa:qpy827u4r43hp36nu2w78dphwgzjr3e9xdwwvm7k7dalyhpfkr84qucn4ecud,100777287,
ebe0d0ecf947b3d051800699df6cf4b889703bb72ccd5f3671b3c016323e4c95,2025-05-22T23:59:58.934000,received,kaspa:qpy827u4r43hp36nu2w78dphwgzjr3e9xdwwvm7k7dalyhpfkr84qucn4ecud,100777287,
f3492fefa2bc17c95c4641b780fe4c668c8ab5ebb9b5999add0d8a58e0712789,2025-05-22T10:00:01.117000,received,kaspa:qp9z8a0w7jedatvpr3l0knc6l0vdlpz7sp9kcd4yqq0up9hp87q4zyzr5ave9,107318021,
f3492fefa2bc17c95c4641b780fe4c668c8ab5ebb9b5999add0d8a58e0712789,2025-05-22T10:00:01.117000,received,kaspa:qpy827u4r43hp36nu2w78dphwgzjr3e9xdwwvm7k7dalyhpfkr84qucn4ecud,107318021,
ef901cb218f49b02a0a6c0e7e5e636a5966da1b261ca24799f6ae771962e4088,2025-05-21T19:00:05.729000,received,kaspa:qp9z8a0w7jedatvpr3l0knc6l0vdlpz7sp9kcd4yqq0up9hp87q4zyzr5ave9,102477600,
ef901cb218f49b02a0a6c0e7e5e636a5966da1b261ca24799f6ae771962e4088,2025-05-21T19:00:05.729000,received,kaspa:qpy827u4r43hp36nu2w78dphwgzjr3e9xdwwvm7k7dalyhpfkr84qucn4ecud,102477600,
21ee98ee1e40446e6129a6c29bd76d9c58bcdc588f87ceed7d4c21f4684e4f83,2025-05-21T05:00:01.603000,received,kaspa:qp9z8a0w7jedatvpr3l0knc6l0vdlpz7sp9kcd4yqq0up9hp87q4zyzr5ave9,101996543,
21ee98ee1e40446e6129a6c29bd76d9c58bcdc588f87ceed7d4c21f4684e4f83,2025-05-21T05:00:01.603000,received,kaspa:qpy827u4r43hp36nu2w78dphwgzjr3e9xdwwvm7k7dalyhpfkr84qucn4ecud,101996543,
7bb99eeedf0bcbd92d80f3afed82c60d5e06fd6def6d5f869a5afd4bbde99f3b,2025-05-20T14:00:09.125000,received,kaspa:qp9z8a0w7jedatvpr3l0knc6l0vdlpz7sp9kcd4yqq0up9hp87q4zyzr5ave9,105479057,
7bb99eeedf0bcbd92d80f3afed82c60d5e06fd6def6d5f869a5afd4bbde99f3b,2025-05-20T14:00:09.125000,received,kaspa:qpy827u4r43hp36nu2w78dphwgzjr3e9xdwwvm7k7dalyhpfkr84qucn4ecud,105479057,
20bd66a574f3a498599c2ede9ff28e159ea6ed617af11aaa00a3b9c62b4822ea,2025-05-19T23:00:21.365000,received,kaspa:qp9z8a0w7jedatvpr3l0knc6l0vdlpz7sp9kcd4yqq0up9hp87q4zyzr5ave9,107152719,
20bd66a574f3a498599c2ede9ff28e159ea6ed617af11aaa00a3b9c62b4822ea,2025-05-19T23:00:21.365000,received,kaspa:qpy827u4r43hp36nu2w78dphwgzjr3e9xdwwvm7k7dalyhpfkr84qucn4ecud,107152719,
03893ee2686318efafd5116388b47dac1a1f4f212eb16aee886d2a956d69d327,2025-05-19T07:00:12.625000,received,kaspa:qp9z8a0w7jedatvpr3l0knc6l0vdlpz7sp9kcd4yqq0up9hp87q4zyzr5ave9,104581276,
03893ee2686318efafd5116388b47dac1a1f4f212eb16aee886d2a956d69d327,2025-05-19T07:00:12.625000,received,kaspa:qpy827u4r43hp36nu2w78dphwgzjr3e9xdwwvm7k7dalyhpfkr84qucn4ecud,104581276,
19254f759e24da32784ebc61e3a65f32e716c7658e1c733cda7fbed33cc20da6,2025-05-18T16:00:02.089000,received,kaspa:qp9z8a0w7jedatvpr3l0knc6l0vdlpz7sp9kcd4yqq0up9hp87q4zyzr5ave9,101967543,
19254f759e24da32784ebc61e3a65f32e716c7658e1c733cda7fbed33cc20da6,2025-05-18T16:00:02.089000,received,kaspa:qpy827u4r43hp36nu2w78dphwgzjr3e9xdwwvm7k7dalyhpfkr84qucn4ecud,101967543,
49c68358428e8707d7740db4ace346ed35ca6409d91bf85561d1cbc9955c67fb,2025-05-18T01:00:03.577000,received,kaspa:qp9z8a0w7jedatvpr3l0knc6l0vdlpz7sp9kcd4yqq0up9hp87q4zyzr5ave9,101512243,
49c68358428e8707d7740db4ace346ed35ca6409d91bf85561d1cbc9955c67fb,2025-05-18T01:00:03.577000,received,kaspa:qpy827u4r43hp36nu2w78dphwgzjr3e9xdwwvm7k7dalyhpfkr84qucn4ecud,101512243,
4d0314708bd7c530c7967e4606efdccdab074a62d54158b21efa09fd97c1208e,2025-05-17T09:00:20.338000,received,kaspa:qp9z8a0w7jedatvpr3l0knc6l0vdlpz7sp9kcd4yqq0up9hp87q4zyzr5ave9,107366271,
4d0314708bd7c530c7967e4606efdccdab074a62d54158b21efa09fd97c1208e,2025-05-17T09:00:20.338000,received,kaspa:qpy827u4r43hp36nu2w78dphwgzjr3e9xdwwvm7k7dalyhpfkr84qucn4ecud,107366271,
057245c4fc1fb0b3247060e6d17a3690efee808e549c61d4bd884aa7ecccea76,2025-05-16T20:00:10.143000,received,kaspa:qp9z8a0w7jedatvpr3l0knc6l0vdlpz7sp9kcd4yqq0up9hp87q4zyzr5ave9,103857545,
057245c4fc1fb0b3247060e6d17a3690efee808e549c61d4bd884aa7ecccea76,2025-05-16T20:00:10.143000,received,kaspa:qpy827u4r43hp36nu2w78dphwgzjr3e9xdwwvm7k7dalyhpfkr84qucn4ecud,103857545,
4c1215bd28bf67c7173c67aa83844bc6039d1eaa307e74608fe059e5c540d08a,2025-05-16T05:00:02.602000,received,kaspa:qp9z8a0w7jedatvpr3l0knc6l0vdlpz7sp9kcd4yqq0up9hp87q4zyzr5ave9,100826898,
4c1215bd28bf67c7173c67aa83844bc6039d1eaa307e74608fe059e5c540d08a,2025-05-16T05:00:02.602000,received,kaspa:qpy827u4r43hp36nu2w78dphwgzjr3e9xdwwvm7k7dalyhpfkr84qucn4ecud,100826898,
6eeaf6361d3bb7993ca625eb8b35493b7a2e4c925c3ad8190bd58da1aa37b107,2025-05-15T14:59:59.832000,received,kaspa:qpy827u4r43hp36nu2w78dphwgzjr3e9xdwwvm7k7dalyhpfkr84qucn4ecud,100239736,
6eeaf6361d3bb7993ca625eb8b35493b7a2e4c925c3ad8190bd58da1aa37b107,2025-05-15T14:59:59.832000,received,kaspa:qpy827u4r43hp36nu2w78dphwgzjr3e9xdwwvm7k7dalyhpfkr84qucn4ecud,100239736,
bd751bbc93efdbc35d02b6d419e2a88349938e3523b2a13ae5affe1e541ce91f,2025-05-15T01:00:14.514000,received,kaspa:qp9z8a0w7jedatvpr3l0knc6l0vdlpz7sp9kcd4yqq0up9hp87q4zyzr5ave9,106497464,
bd751bbc93efdbc35d02b6d419e2a88349938e3523b2a13ae5affe1e541ce91f,2025-05-15T01:00:14.514000,received,kaspa:qpy827u4r43hp36nu2w78dphwgzjr3e9xdwwvm7k7dalyhpfkr84qucn4ecud,106497464,
dc07f6ec0e40011eb701f933bd06f335b30019772f4ade7f872abf591d66874e,2025-05-14T10:07:33.833000,received,kaspa:qp9z8a0w7jedatvpr3l0knc6l0vdlpz7sp9kcd4yqq0up9hp87q4zyzr5ave9,103974515,
dc07f6ec0e40011eb701f933bd06f335b30019772f4ade7f872abf591d66874e,2025-05-14T10:07:33.833000,received,kaspa:qpy827u4r43hp36nu2w78dphwgzjr3e9xdwwvm7k7dalyhpfkr84qucn4ecud,103974515,
14b5942761e83603f3ec1ff34afc31d4e019d9fd240361c94f61a6dbe59deb9c,2025-05-13T19:03:44.184000,received,kaspa:qp9z8a0w7jedatvpr3l0knc6l0vdlpz7sp9kcd4yqq0up9hp87q4zyzr5ave9,107499711,
14b5942761e83603f3ec1ff34afc31d4e019d9fd240361c94f61a6dbe59deb9c,2025-05-13T19:03:44.184000,received,kaspa:qpy827u4r43hp36nu2w78dphwgzjr3e9xdwwvm7k7dalyhpfkr84qucn4ecud,107499711,
51db1381f02a5ec6912d99dbb1cbbdc8bc2e07d682e06c8551e178e4be2fc064,2025-05-13T05:03:28.100000,received,kaspa:qp9z8a0w7jedatvpr3l0knc6l0vdlpz7sp9kcd4yqq0up9hp87q4zyzr5ave9,101340465,
51db1381f02a5ec6912d99dbb1cbbdc8bc2e07d682e06c8551e178e4be2fc064,2025-05-13T05:03:28.100000,received,kaspa:qpy827u4r43hp36nu2w78dphwgzjr3e9xdwwvm7k7dalyhpfkr84qucn4ecud,101340465,
f0785b76732acb0a22f19d99b4ad98c84e732a109625c2117f9cb768da706455,2025-05-12T14:52:00.953000,received,kaspa:qp9z8a0w7jedatvpr3l0knc6l0vdlpz7sp9kcd4yqq0up9hp87q4zyzr5ave9,101680924,
f0785b76732acb0a22f19d99b4ad98c84e732a109625c2117f9cb768da706455,2025-05-12T14:52:00.953000,received,kaspa:qpy827u4r43hp36nu2w78dphwgzjr3e9xdwwvm7k7dalyhpfkr84qucn4ecud,101680924,
d8c70e7dc13f8ae679c2293135441df9838480a4a212d8b317b90db56c2e5a14,2025-05-12T00:49:25.115000,received,kaspa:qp9z8a0w7jedatvpr3l0knc6l0vdlpz7sp9kcd4yqq0up9hp87q4zyzr5ave9,105835244,
d8c70e7dc13f8ae679c2293135441df9838480a4a212d8b317b90db56c2e5a14,2025-05-12T00:49:25.115000,received,kaspa:qpy827u4r43hp36nu2w78dphwgzjr3e9xdwwvm7k7dalyhpfkr84qucn4ecud,105835244,
b354567672e8557b089145f30d7132cee89e7fa9466ad4fd6d028199af3850eb,2025-05-11T09:58:38.371000,received,kaspa:qp9z8a0w7jedatvpr3l0knc6l0vdlpz7sp9kcd4yqq0up9hp87q4zyzr5ave9,102894213,
b354567672e8557b089145f30d7132cee89e7fa9466ad4fd6d028199af3850eb,2025-05-11T09:58:38.371000,received,kaspa:qpy827u4r43hp36nu2w78dphwgzjr3e9xdwwvm7k7dalyhpfkr84qucn4ecud,102894213,
2728f2391cd71257dbb4120fc07e103070932365d43640a777cd843c8626d4cd,2025-05-10T20:58:42.459000,received,kaspa:qp9z8a0w7jedatvpr3l0knc6l0vdlpz7sp9kcd4yqq0up9hp87q4zyzr5ave9,107487992,
2728f2391cd71257dbb4120fc07e103070932365d43640a777cd843c8626d4cd,2025-05-10T20:58:42.459000,received,kaspa:qpy827u4r43hp36nu2w78dphwgzjr3e9xdwwvm7k7dalyhpfkr84qucn4ecud,107487992,
11b9c8f0d21a25e80c8cafe5181b3f62728d46e861bee8172d32072b90cd6dbd,2025-05-10T05:58:35.202000,received,kaspa:qp9z8a0w7jedatvpr3l0knc6l0vdlpz7sp9kcd4yqq0up9hp87q4zyzr5ave9,103071898,
11b9c8f0d21a25e80c8cafe5181b3f62728d46e861bee8172d32072b90cd6dbd,2025-05-10T05:58:35.202000,received,kaspa:qpy827u4r43hp36nu2w78dphwgzjr3e9xdwwvm7k7dalyhpfkr84qucn4ecud,103071898,
2e8505b1fb394710797c607b957b2ea84fc1ce2a8774a5029f63c4fd5356ffb6,2025-05-09T15:59:19.561000,received,kaspa:qp9z8a0w7jedatvpr3l0knc6l0vdlpz7sp9kcd4yqq0up9hp87q4zyzr5ave9,101133225,
2e8505b1fb394710797c607b957b2ea84fc1ce2a8774a5029f63c4fd5356ffb6,2025-05-09T15:59:19.561000,received,kaspa:qpy827u4r43hp36nu2w78dphwgzjr3e9xdwwvm7k7dalyhpfkr84qucn4ecud,101133225,
846e565afd389013a05f9a06185bf7dc994f1f8523fd19386f1580f051b12df4,2025-05-09T03:02:58.121000,received,kaspa:qp9z8a0w7jedatvpr3l0knc6l0vdlpz7sp9kcd4yqq0up9hp87q4zyzr5ave9,106953186,
846e565afd389013a05f9a06185bf7dc994f1f8523fd19386f1580f051b12df4,2025-05-09T03:02:58.121000,received,kaspa:qpy827u4r43hp36nu2w78dphwgzjr3e9xdwwvm7k7dalyhpfkr84qucn4ecud,106953186,
25bcc2a07f6a5dfefc42add68ce9034d2ec6b34ae9dd3290c66800f471a64cf1,2025-05-08T14:02:45.221000,received,kaspa:qp9z8a0w7jedatvpr3l0knc6l0vdlpz7sp9kcd4yqq0up9hp87q4zyzr5ave9,102490536,
25bcc2a07f6a5dfefc42add68ce9034d2ec6b34ae9dd3290c66800f471a64cf1,2025-05-08T14:02:45.221000,received,kaspa:qpy827u4r43hp36nu2w78dphwgzjr3e9xdwwvm7k7dalyhpfkr84qucn4ecud,102490536,
dbbbf26c2895790054a8e1cbc19e881b8c31e16d35f5dd0407af081220dafc6d,2025-05-08T01:02:40.121000,received,kaspa:qp9z8a0w7jedatvpr3l0knc6l0vdlpz7sp9kcd4yqq0up9hp87q4zyzr5ave9,100418218,
dbbbf26c2895790054a8e1cbc19e881b8c31e16d35f5dd0407af081220dafc6d,2025-05-08T01:02:40.121000,received,kaspa:qpy827u4r43hp36nu2w78dphwgzjr3e9xdwwvm7k7dalyhpfkr84qucn4ecud,100418218,
b67c8f92cc0d782ff383d171b217133f5f181bd748606718ff60312027b3b041,2025-05-07T12:03:02.987000,received,kaspa:qp9z8a0w7jedatvpr3l0knc6l0vdlpz7sp9kcd4yqq0up9hp87q4zyzr5ave9,110165090,
b67c8f92cc0d782ff383d171b217133f5f181bd748606718ff60312027b3b041,2025-05-07T12:03:02.987000,received,kaspa:qpy827u4r43hp36nu2w78dphwgzjr3e9xdwwvm7k7dalyhpfkr84qucn4ecud,110165090,
97c9d167204c39aa3cab0d43c177c64a404d96baed8e3d51aebf8795efdded73,2025-05-06T22:04:37.024000,received,kaspa:qp9z8a0w7jedatvpr3l0knc6l0vdlpz7sp9kcd4yqq0up9hp87q4zyzr5ave9,101035003,
97c9d167204c39aa3cab0d43c177c64a404d96baed8e3d51aebf8795efdded73,2025-05-06T22:04:37.024000,received,kaspa:qpy827u4r43hp36nu2w78dphwgzjr3e9xdwwvm7k7dalyhpfkr84qucn4ecud,101035003,
f19ec95c3b01dc1e6b0471f6cb05c5f159a9bb7be887a526790178b2eb9bf4ea,2025-05-06T10:02:55.272000,received,kaspa:qp9z8a0w7jedatvpr3l0knc6l0vdlpz7sp9kcd4yqq0up9hp87q4zyzr5ave9,110858773,
f19ec95c3b01dc1e6b0471f6cb05c5f159a9bb7be887a526790178b2eb9bf4ea,2025-05-06T10:02:55.272000,received,kaspa:qpy827u4r43hp36nu2w78dphwgzjr3e9xdwwvm7k7dalyhpfkr84qucn4ecud,110858773,
2738cc9b26a4fd0cd5d2272ee5c0ccb4795e8e062be51ba09b341b9fb1a26762,2025-05-05T19:02:56.763000,received,kaspa:qp9z8a0w7jedatvpr3l0knc6l0vdlpz7sp9kcd4yqq0up9hp87q4zyzr5ave9,112730211,
2738cc9b26a4fd0cd5d2272ee5c0ccb4795e8e062be51ba09b341b9fb1a26762,2025-05-05T19:02:56.763000,received,kaspa:qpy827u4r43hp36nu2w78dphwgzjr3e9xdwwvm7k7dalyhpfkr84qucn4ecud,112730211,
579a3511d2aa5c0ca9c5e5c0c95df96852b3bbaa57d2a03175b1f46ad76435cb,2025-05-05T03:37:55.458000,received,kaspa:qp9z8a0w7jedatvpr3l0knc6l0vdlpz7sp9kcd4yqq0up9hp87q4zyzr5ave9,101831315,
579a3511d2aa5c0ca9c5e5c0c95df96852b3bbaa57d2a03175b1f46ad76435cb,2025-05-05T03:37:55.458000,received,kaspa:qpy827u4r43hp36nu2w78dphwgzjr3e9xdwwvm7k7dalyhpfkr84qucn4ecud,101831315,
8e176cd0c6eea86f3665ab5d53c1ea01f3ff15090c094255662c6fa5e72af013,2025-05-04T13:38:20.013000,received,kaspa:qp9z8a0w7jedatvpr3l0knc6l0vdlpz7sp9kcd4yqq0up9hp87q4zyzr5ave9,103983826,
8e176cd0c6eea86f3665ab5d53c1ea01f3ff15090c094255662c6fa5e72af013,2025-05-04T13:38:20.013000,received,kaspa:qpy827u4r43hp36nu2w78dphwgzjr3e9xdwwvm7k7dalyhpfkr84qucn4ecud,103983826,
387cd4c343caac788f1bcd40efea25c7dc6abc606b0d7a9940ed1f9c10608e09,2025-05-03T22:38:09.407000,received,kaspa:qp9z8a0w7jedatvpr3l0knc6l0vdlpz7sp9kcd4yqq0up9hp87q4zyzr5ave9,103867134,
387cd4c343caac788f1bcd40efea25c7dc6abc606b0d7a9940ed1f9c10608e09,2025-05-03T22:38:09.407000,received,kaspa:qpy827u4r43hp36nu2w78dphwgzjr3e9xdwwvm7k7dalyhpfkr84qucn4ecud,103867134,
ffa83a53738fccdb13b5b1a3994c515f41038edce82a189e355b4de25dbc9457,2025-05-03T09:22:05.759000,received,kaspa:qp9z8a0w7jedatvpr3l0knc6l0vdlpz7sp9kcd4yqq0up9hp87q4zyzr5ave9,128582560,
ffa83a53738fccdb13b5b1a3994c515f41038edce82a189e355b4de25dbc9457,2025-05-03T09:22:05.759000,received,kaspa:qpy827u4r43hp36nu2w78dphwgzjr3e9xdwwvm7k7dalyhpfkr84qucn4ecud,128582560,
2fa40a19007cdb337255e63b37f40f0d7bfb17d0c6d3aff76afaf055b90539d3,2025-05-02T17:28:57.960000,received,kaspa:qp9z8a0w7jedatvpr3l0knc6l0vdlpz7sp9kcd4yqq0up9hp87q4zyzr5ave9,103667565,
2fa40a19007cdb337255e63b37f40f0d7bfb17d0c6d3aff76afaf055b90539d3,2025-05-02T17:28:57.960000,received,kaspa:qpy827u4r43hp36nu2w78dphwgzjr3e9xdwwvm7k7dalyhpfkr84qucn4ecud,103667565,
1d75e4b64cc143c5c6b45f2b918420fd9641b57ff45c9f4a87f01cb146adb7b7,2025-05-02T04:29:01.120000,received,kaspa:qp9z8a0w7jedatvpr3l0knc6l0vdlpz7sp9kcd4yqq0up9hp87q4zyzr5ave9,102943597,
1d75e4b64cc143c5c6b45f2b918420fd9641b57ff45c9f4a87f01cb146adb7b7,2025-05-02T04:29:01.120000,received,kaspa:qpy827u4r43hp36nu2w78dphwgzjr3e9xdwwvm7k7dalyhpfkr84qucn4ecud,102943597,
e181cdeadf06808aa955a925c000c282b7d16748228b6d691777d75f898fc9da,2025-05-01T16:28:54.640000,received,kaspa:qp9z8a0w7jedatvpr3l0knc6l0vdlpz7sp9kcd4yqq0up9hp87q4zyzr5ave9,100005626,
e181cdeadf06808aa955a925c000c282b7d16748228b6d691777d75f898fc9da,2025-05-01T16:28:54.640000,received,kaspa:qpy827u4r43hp36nu2w78dphwgzjr3e9xdwwvm7k7dalyhpfkr84qucn4ecud,100005626,
2da7c2465a50f0a54a1a86c587aa3d07a755c607a6463f9acfc0c399d09cd5b7,2025-05-01T03:29:10.489000,received,kaspa:qp9z8a0w7jedatvpr3l0knc6l0vdlpz7sp9kcd4yqq0up9hp87q4zyzr5ave9,106588730,
2da7c2465a50f0a54a1a86c587aa3d07a755c607a6463f9acfc0c399d09cd5b7,2025-05-01T03:29:10.489000,received,kaspa:qpy827u4r43hp36nu2w78dphwgzjr3e9xdwwvm7k7dalyhpfkr84qucn4ecud,106588730,
da8b8272155aa32c1dd6b94718e35c9a0a7ab95c967e36e67a6fcea0d068c80e,2025-04-30T13:28:50.934000,received,kaspa:qp9z8a0w7jedatvpr3l0knc6l0vdlpz7sp9kcd4yqq0up9hp87q4zyzr5ave9,101607319,
da8b8272155aa32c1dd6b94718e35c9a0a7ab95c967e36e67a6fcea0d068c80e,2025-04-30T13:28:50.934000,received,kaspa:qpy827u4r43hp36nu2w78dphwgzjr3e9xdwwvm7k7dalyhpfkr84qucn4ecud,101607319,
995c53505c0bbd08f2b81d547884e7bc30ef0c519f724a47ec44a671d69826c2,2025-04-30T01:29:05.067000,received,kaspa:qp9z8a0w7jedatvpr3l0knc6l0vdlpz7sp9kcd4yqq0up9hp87q4zyzr5ave9,107996443,
995c53505c0bbd08f2b81d547884e7bc30ef0c519f724a47ec44a671d69826c2,2025-04-30T01:29:05.067000,received,kaspa:qpy827u4r43hp36nu2w78dphwgzjr3e9xdwwvm7k7dalyhpfkr84qucn4ecud,107996443,
1e92902247ca122a506e6825268ae8c1101d3ab34cfe75cd97b1433a35f306e4,2025-04-29T10:29:14.792000,received,kaspa:qp9z8a0w7jedatvpr3l0knc6l0vdlpz7sp9kcd4yqq0up9hp87q4zyzr5ave9,106798150,
1e92902247ca122a506e6825268ae8c1101d3ab34cfe75cd97b1433a35f306e4,2025-04-29T10:29:14.792000,received,kaspa:qpy827u4r43hp36nu2w78dphwgzjr3e9xdwwvm7k7dalyhpfkr84qucn4ecud,106798150,
cc0826638378b5b31c15858e9be3c32077e9699e0d2c22e806dbf36ab7be4cd0,2025-04-28T19:29:04.052000,received,kaspa:qpy827u4r43hp36nu2w78dphwgzjr3e9xdwwvm7k7dalyhpfkr84qucn4ecud,104798247,
a2a0c3a5d1113e35451081cd86ee018b986394303b0e57289520fa0958f98cdd,2025-04-28T06:29:00.793000,received,kaspa:qp9z8a0w7jedatvpr3l0knc6l0vdlpz7sp9kcd4yqq0up9hp87q4zyzr5ave9,103917427,
a2a0c3a5d1113e35451081cd86ee018b986394303b0e57289520fa0958f98cdd,2025-04-28T06:29:00.793000,received,kaspa:qpy827u4r43hp36nu2w78dphwgzjr3e9xdwwvm7k7dalyhpfkr84qucn4ecud,103917427,
815643aa88d2ee9fa5300d3059180c848bd6c1bb7e8a07adcf61aa7ad31d8f18,2025-04-27T16:29:27.727000,received,kaspa:qp9z8a0w7jedatvpr3l0knc6l0vdlpz7sp9kcd4yqq0up9hp87q4zyzr5ave9,107578494,
815643aa88d2ee9fa5300d3059180c848bd6c1bb7e8a07adcf61aa7ad31d8f18,2025-04-27T16:29:27.727000,received,kaspa:qpy827u4r43hp36nu2w78dphwgzjr3e9xdwwvm7k7dalyhpfkr84qucn4ecud,107578494,
1484a3460f2b50da40e8f40f093e4463e75c5540043fe9bd8b179a5dac935766,2025-04-27T03:29:54.482000,received,kaspa:qp9z8a0w7jedatvpr3l0knc6l0vdlpz7sp9kcd4yqq0up9hp87q4zyzr5ave9,105951681,
1484a3460f2b50da40e8f40f093e4463e75c5540043fe9bd8b179a5dac935766,2025-04-27T03:29:54.482000,received,kaspa:qpy827u4r43hp36nu2w78dphwgzjr3e9xdwwvm7k7dalyhpfkr84qucn4ecud,105951681,
4f9a23096d84b1ec704ca2f2778b1eaf5878a74fd0f16f72034cae97a599af36,2025-04-26T13:19:28.121000,received,kaspa:qp9z8a0w7jedatvpr3l0knc6l0vdlpz7sp9kcd4yqq0up9hp87q4zyzr5ave9,210892535,
4f9a23096d84b1ec704ca2f2778b1eaf5878a74fd0f16f72034cae97a599af36,2025-04-26T13:19:28.121000,received,kaspa:qpy827u4r43hp36nu2w78dphwgzjr3e9xdwwvm7k7dalyhpfkr84qucn4ecud,210892535,
9a3c72cecfa63481634b60759307d6d096911394903edfb81122cde8ff52f2b5,2025-04-25T09:10:33.274000,received,kaspa:qp9z8a0w7jedatvpr3l0knc6l0vdlpz7sp9kcd4yqq0up9hp87q4zyzr5ave9,109877288,
9a3c72cecfa63481634b60759307d6d096911394903edfb81122cde8ff52f2b5,2025-04-25T09:10:33.274000,received,kaspa:qpy827u4r43hp36nu2w78dphwgzjr3e9xdwwvm7k7dalyhpfkr84qucn4ecud,109877288,
d04225b00e9a1b8db920ba279e9eb9157987075c8a7586835917fc5068032ead,2025-04-24T20:10:11.933000,received,kaspa:qp9z8a0w7jedatvpr3l0knc6l0vdlpz7sp9kcd4yqq0up9hp87q4zyzr5ave9,101052832,
d04225b00e9a1b8db920ba279e9eb9157987075c8a7586835917fc5068032ead,2025-04-24T20:10:11.933000,received,kaspa:qpy827u4r43hp36nu2w78dphwgzjr3e9xdwwvm7k7dalyhpfkr84qucn4ecud,101052832,
5086c26e0504de7410bb97469dd686daf216113b9bf8ea1b08e06d63bd7a4fb3,2025-04-24T09:10:28.562000,received,kaspa:qpy827u4r43hp36nu2w78dphwgzjr3e9xdwwvm7k7dalyhpfkr84qucn4ecud,107187020,
f810010b2797dec5f7e556c8897a2a11eae29d8f6f3353fdc2e24ed652b00a3f,2025-04-23T18:10:23.770000,received,kaspa:qp9z8a0w7jedatvpr3l0knc6l0vdlpz7sp9kcd4yqq0up9hp87q4zyzr5ave9,105128396,
f810010b2797dec5f7e556c8897a2a11eae29d8f6f3353fdc2e24ed652b00a3f,2025-04-23T18:10:23.770000,received,kaspa:qpy827u4r43hp36nu2w78dphwgzjr3e9xdwwvm7k7dalyhpfkr84qucn4ecud,105128396,
c0a349aaaf841aaed5e1b1bd669e9611d959cc0ed0bea5ad77281d10b79e70d5,2025-04-23T04:10:12.403000,received,kaspa:qp9z8a0w7jedatvpr3l0knc6l0vdlpz7sp9kcd4yqq0up9hp87q4zyzr5ave9,100996311,
c0a349aaaf841aaed5e1b1bd669e9611d959cc0ed0bea5ad77281d10b79e70d5,2025-04-23T04:10:12.403000,received,kaspa:qpy827u4r43hp36nu2w78dphwgzjr3e9xdwwvm7k7dalyhpfkr84qucn4ecud,100996311,
eaaa521d15ba0d1bbf42484b8265aefcd0b6399087aa098172405d38885038b1,2025-04-22T15:10:32.663000,received,kaspa:qp9z8a0w7jedatvpr3l0knc6l0vdlpz7sp9kcd4yqq0up9hp87q4zyzr5ave9,104264372,
eaaa521d15ba0d1bbf42484b8265aefcd0b6399087aa098172405d38885038b1,2025-04-22T15:10:32.663000,received,kaspa:qpy827u4r43hp36nu2w78dphwgzjr3e9xdwwvm7k7dalyhpfkr84qucn4ecud,104264372,
cdb29bcc409f1f5fbba9f4345baf3de8580ba8deed4e012b9c07cdf50f842a9d,2025-04-22T02:10:15.896000,received,kaspa:qp9z8a0w7jedatvpr3l0knc6l0vdlpz7sp9kcd4yqq0up9hp87q4zyzr5ave9,102210812,
cdb29bcc409f1f5fbba9f4345baf3de8580ba8deed4e012b9c07cdf50f842a9d,2025-04-22T02:10:15.896000,received,kaspa:qpy827u4r43hp36nu2w78dphwgzjr3e9xdwwvm7k7dalyhpfkr84qucn4ecud,102210812,
1539b0f3e7bd341c8455156a6a80b5e0c206738514b56e575afa935343c15b9a,2025-04-18T10:10:21.216000,received,kaspa:qp9z8a0w7jedatvpr3l0knc6l0vdlpz7sp9kcd4yqq0up9hp87q4zyzr5ave9,103963962,
1539b0f3e7bd341c8455156a6a80b5e0c206738514b56e575afa935343c15b9a,2025-04-18T10:10:21.216000,received,kaspa:qpy827u4r43hp36nu2w78dphwgzjr3e9xdwwvm7k7dalyhpfkr84qucn4ecud,103963962,
136a89ec48115c2f3a3dc1ac5dee9bc955931022eef2c1acfb242efa160022fd,2025-04-17T21:10:32.633000,received,kaspa:qp9z8a0w7jedatvpr3l0knc6l0vdlpz7sp9kcd4yqq0up9hp87q4zyzr5ave9,105653405,
136a89ec48115c2f3a3dc1ac5dee9bc955931022eef2c1acfb242efa160022fd,2025-04-17T21:10:32.633000,received,kaspa:qpy827u4r43hp36nu2w78dphwgzjr3e9xdwwvm7k7dalyhpfkr84qucn4ecud,105653405,
0227b93b200f224fa0fa9d329317caeec937074c81a068fa65dc909a77e73975,2025-04-17T07:10:20.017000,received,kaspa:qp9z8a0w7jedatvpr3l0knc6l0vdlpz7sp9kcd4yqq0up9hp87q4zyzr5ave9,103546986,
0227b93b200f224fa0fa9d329317caeec937074c81a068fa65dc909a77e73975,2025-04-17T07:10:20.017000,received,kaspa:qpy827u4r43hp36nu2w78dphwgzjr3e9xdwwvm7k7dalyhpfkr84qucn4ecud,103546986,
f721881ac32fefb0ed270f2c1c5e71c405ea03a5b800b36f8684cc8d5755a0bc,2025-04-16T16:10:25.990000,received,kaspa:qp9z8a0w7jedatvpr3l0knc6l0vdlpz7sp9kcd4yqq0up9hp87q4zyzr5ave9,106772810,
f721881ac32fefb0ed270f2c1c5e71c405ea03a5b800b36f8684cc8d5755a0bc,2025-04-16T16:10:25.990000,received,kaspa:qpy827u4r43hp36nu2w78dphwgzjr3e9xdwwvm7k7dalyhpfkr84qucn4ecud,106772810,
a0489d281f0f5734f3df68fbb309e3bc0005a5a5fa4f9855c250f7649d4dbbc5,2025-04-16T01:10:31.714000,received,kaspa:qp9z8a0w7jedatvpr3l0knc6l0vdlpz7sp9kcd4yqq0up9hp87q4zyzr5ave9,107257760,
a0489d281f0f5734f3df68fbb309e3bc0005a5a5fa4f9855c250f7649d4dbbc5,2025-04-16T01:10:31.714000,received,kaspa:qpy827u4r43hp36nu2w78dphwgzjr3e9xdwwvm7k7dalyhpfkr84qucn4ecud,107257760,
61dd069a65cd2c7d3c1fea331934adcb1589815790ae230f837060399c463b68,2025-04-15T12:10:18.216000,received,kaspa:qpy827u4r43hp36nu2w78dphwgzjr3e9xdwwvm7k7dalyhpfkr84qucn4ecud,104866748,
0b9cffea7ab0cd1296efd58310c08314dfaada7e1b3f5b26491d7ad76256116b,2025-04-15T01:10:17.694000,received,kaspa:qp9z8a0w7jedatvpr3l0knc6l0vdlpz7sp9kcd4yqq0up9hp87q4zyzr5ave9,103106702,
0b9cffea7ab0cd1296efd58310c08314dfaada7e1b3f5b26491d7ad76256116b,2025-04-15T01:10:17.694000,received,kaspa:qpy827u4r43hp36nu2w78dphwgzjr3e9xdwwvm7k7dalyhpfkr84qucn4ecud,103106702,
aa610a6ba9ac98d7ee3a73fe7ed4faf3a97780a33a3b0c91522689403a64bf64,2025-04-14T13:10:14.790000,received,kaspa:qp9z8a0w7jedatvpr3l0knc6l0vdlpz7sp9kcd4yqq0up9hp87q4zyzr5ave9,102148609,
aa610a6ba9ac98d7ee3a73fe7ed4faf3a97780a33a3b0c91522689403a64bf64,2025-04-14T13:10:14.790000,received,kaspa:qpy827u4r43hp36nu2w78dphwgzjr3e9xdwwvm7k7dalyhpfkr84qucn4ecud,102148609,
d2567c9aa14888052fc8df5e62e8d9febd4821536b6cfc6c32c8786dff890e31,2025-04-13T21:10:12.133000,received,kaspa:qp9z8a0w7jedatvpr3l0knc6l0vdlpz7sp9kcd4yqq0up9hp87q4zyzr5ave9,102162887,
d2567c9aa14888052fc8df5e62e8d9febd4821536b6cfc6c32c8786dff890e31,2025-04-13T21:10:12.133000,received,kaspa:qpy827u4r43hp36nu2w78dphwgzjr3e9xdwwvm7k7dalyhpfkr84qucn4ecud,102162887,
21f89991fec93f080387e8b4a7d27387eedf78a5835fd7bdf679cbacd5d088dc,2025-04-13T09:10:23.912000,received,kaspa:qp9z8a0w7jedatvpr3l0knc6l0vdlpz7sp9kcd4yqq0up9hp87q4zyzr5ave9,105317057,
21f89991fec93f080387e8b4a7d27387eedf78a5835fd7bdf679cbacd5d088dc,2025-04-13T09:10:23.912000,received,kaspa:qpy827u4r43hp36nu2w78dphwgzjr3e9xdwwvm7k7dalyhpfkr84qucn4ecud,105317057,
9dac4f8f248b85d24d5c99c43b87c2cd3c2d7cb909642ccb60c9e72f196c292c,2025-04-12T19:10:25.348000,received,kaspa:qp9z8a0w7jedatvpr3l0knc6l0vdlpz7sp9kcd4yqq0up9hp87q4zyzr5ave9,106889520,
9dac4f8f248b85d24d5c99c43b87c2cd3c2d7cb909642ccb60c9e72f196c292c,2025-04-12T19:10:25.348000,received,kaspa:qpy827u4r43hp36nu2w78dphwgzjr3e9xdwwvm7k7dalyhpfkr84qucn4ecud,106889520,
e2e746b2158e995694a2e1470adcef9841dccac3722d5d13bf992d2070d25185,2025-04-12T08:10:09.081000,received,kaspa:qp9z8a0w7jedatvpr3l0knc6l0vdlpz7sp9kcd4yqq0up9hp87q4zyzr5ave9,100583049,
e2e746b2158e995694a2e1470adcef9841dccac3722d5d13bf992d2070d25185,2025-04-12T08:10:09.081000,received,kaspa:qpy827u4r43hp36nu2w78dphwgzjr3e9xdwwvm7k7dalyhpfkr84qucn4ecud,100583049,
5059f4fa0d3ac98bbe545ec275dc45141548d68a67d556f85591eed42dd3180a,2025-04-11T20:10:29.507000,received,kaspa:qp9z8a0w7jedatvpr3l0knc6l0vdlpz7sp9kcd4yqq0up9hp87q4zyzr5ave9,105905355,
5059f4fa0d3ac98bbe545ec275dc45141548d68a67d556f85591eed42dd3180a,2025-04-11T20:10:29.507000,received,kaspa:qpy827u4r43hp36nu2w78dphwgzjr3e9xdwwvm7k7dalyhpfkr84qucn4ecud,105905355,
821137c36d8220450761fc5db1d826cd42f7e4dd2a53cfa8f64c2a1e90f156c3,2025-04-11T06:10:39.423000,received,kaspa:qp9z8a0w7jedatvpr3l0knc6l0vdlpz7sp9kcd4yqq0up9hp87q4zyzr5ave9,109171015,
821137c36d8220450761fc5db1d826cd42f7e4dd2a53cfa8f64c2a1e90f156c3,2025-04-11T06:10:39.423000,received,kaspa:qpy827u4r43hp36nu2w78dphwgzjr3e9xdwwvm7k7dalyhpfkr84qucn4ecud,109171015,
4a364161ce4efb3717b027d4c241feedc02fc2b488abec4284a62f54f4654ec5,2025-04-10T17:10:20.482000,received,kaspa:qp9z8a0w7jedatvpr3l0knc6l0vdlpz7sp9kcd4yqq0up9hp87q4zyzr5ave9,103616522,
4a364161ce4efb3717b027d4c241feedc02fc2b488abec4284a62f54f4654ec5,2025-04-10T17:10:20.482000,received,kaspa:qpy827u4r43hp36nu2w78dphwgzjr3e9xdwwvm7k7dalyhpfkr84qucn4ecud,103616522,
f6b344e7056b21159281215c22ff1544cb18df72ee629f851f2e73ec6bc66518,2025-04-10T13:16:27.121000,received,kaspa:qzkemc89qfeueuc3sg20h73dy07sxfh4khmfqr3jh7eajss20z39yhg2zpcl3,52329903894,
f6b344e7056b21159281215c22ff1544cb18df72ee629f851f2e73ec6bc66518,2025-04-10T13:16:27.121000,received,kaspa:qza9qxwr379k5akfzudrs6ypw0n524ppnmv60we3lkk6umc3vxxhvpwah8dg0,52329903894,
e2271ba1f9e96a1d63a6cc9994d04c728911a704c3519ded1223fbbc6b56f013,2025-04-10T04:10:11.348000,received,kaspa:qp9z8a0w7jedatvpr3l0knc6l0vdlpz7sp9kcd4yqq0up9hp87q4zyzr5ave9,101594802,
e2271ba1f9e96a1d63a6cc9994d04c728911a704c3519ded1223fbbc6b56f013,2025-04-10T04:10:11.348000,received,kaspa:qpy827u4r43hp36nu2w78dphwgzjr3e9xdwwvm7k7dalyhpfkr84qucn4ecud,101594802,
dfc780d039917958599809a9e3bde09acc067d61a10d1e14dd671226048c8c98,2025-04-09T17:10:33.348000,received,kaspa:qp9z8a0w7jedatvpr3l0knc6l0vdlpz7sp9kcd4yqq0up9hp87q4zyzr5ave9,108668957,
dfc780d039917958599809a9e3bde09acc067d61a10d1e14dd671226048c8c98,2025-04-09T17:10:33.348000,received,kaspa:qpy827u4r43hp36nu2w78dphwgzjr3e9xdwwvm7k7dalyhpfkr84qucn4ecud,108668957,
3f4c923342eb5ef4cc0690b0becc092ede89dff033daa63dd12dfb55d6ec2509,2025-04-09T04:10:33.723000,received,kaspa:qp9z8a0w7jedatvpr3l0knc6l0vdlpz7sp9kcd4yqq0up9hp87q4zyzr5ave9,108410856,
3f4c923342eb5ef4cc0690b0becc092ede89dff033daa63dd12dfb55d6ec2509,2025-04-09T04:10:33.723000,received,kaspa:qpy827u4r43hp36nu2w78dphwgzjr3e9xdwwvm7k7dalyhpfkr84qucn4ecud,108410856,
068c6c57b1fd120c03b561539a7f00bdd3c0ce63ef60989a418694840f0e4d4f,2025-04-08T16:10:28.260000,received,kaspa:qp9z8a0w7jedatvpr3l0knc6l0vdlpz7sp9kcd4yqq0up9hp87q4zyzr5ave9,108180882,
068c6c57b1fd120c03b561539a7f00bdd3c0ce63ef60989a418694840f0e4d4f,2025-04-08T16:10:28.260000,received,kaspa:qpy827u4r43hp36nu2w78dphwgzjr3e9xdwwvm7k7dalyhpfkr84qucn4ecud,108180882,
099e69967a5f6fc8450cbeb0bb687659d183ca40fb4b8c0c0068991771ca4f8a,2025-04-08T03:30:25.917000,received,kaspa:qpy827u4r43hp36nu2w78dphwgzjr3e9xdwwvm7k7dalyhpfkr84qucn4ecud,104359132,
e9af8f3aee80a71743c5de2837e2b55b5b37802ad9b63812587e147d91b6ebe9,2025-04-07T14:30:39.401000,received,kaspa:qp9z8a0w7jedatvpr3l0knc6l0vdlpz7sp9kcd4yqq0up9hp87q4zyzr5ave9,107271606,
e9af8f3aee80a71743c5de2837e2b55b5b37802ad9b63812587e147d91b6ebe9,2025-04-07T14:30:39.401000,received,kaspa:qpy827u4r43hp36nu2w78dphwgzjr3e9xdwwvm7k7dalyhpfkr84qucn4ecud,107271606,
c3f1ea5f9cf01b4c0ae5636ddaab297f218d80ea079494a7ea06ebcb6626fa79,2025-04-07T03:30:23.348000,received,kaspa:qp9z8a0w7jedatvpr3l0knc6l0vdlpz7sp9kcd4yqq0up9hp87q4zyzr5ave9,102569503,
c3f1ea5f9cf01b4c0ae5636ddaab297f218d80ea079494a7ea06ebcb6626fa79,2025-04-07T03:30:23.348000,received,kaspa:qpy827u4r43hp36nu2w78dphwgzjr3e9xdwwvm7k7dalyhpfkr84qucn4ecud,102569503,
f2b169613fa54f79284767df9a46530266bc2e44a99008cf57036117a43bbd70,2025-04-06T14:30:20.604000,received,kaspa:qp9z8a0w7jedatvpr3l0knc6l0vdlpz7sp9kcd4yqq0up9hp87q4zyzr5ave9,102091067,
f2b169613fa54f79284767df9a46530266bc2e44a99008cf57036117a43bbd70,2025-04-06T14:30:20.604000,received,kaspa:qpy827u4r43hp36nu2w78dphwgzjr3e9xdwwvm7k7dalyhpfkr84qucn4ecud,102091067,
92b5978e775b806695d7a50fe481deb374f8577ea8bc2e1402da2e619751a058,2025-04-06T00:30:28.246000,received,kaspa:qp9z8a0w7jedatvpr3l0knc6l0vdlpz7sp9kcd4yqq0up9hp87q4zyzr5ave9,103923277,
92b5978e775b806695d7a50fe481deb374f8577ea8bc2e1402da2e619751a058,2025-04-06T00:30:28.246000,received,kaspa:qpy827u4r43hp36nu2w78dphwgzjr3e9xdwwvm7k7dalyhpfkr84qucn4ecud,103923277,
38df5927d4bc4661930ea956cc7713edc216a63fe4b0450ae740b45909814a69,2025-04-05T09:30:28.338000,received,kaspa:qp9z8a0w7jedatvpr3l0knc6l0vdlpz7sp9kcd4yqq0up9hp87q4zyzr5ave9,104733225,
38df5927d4bc4661930ea956cc7713edc216a63fe4b0450ae740b45909814a69,2025-04-05T09:30:28.338000,received,kaspa:qpy827u4r43hp36nu2w78dphwgzjr3e9xdwwvm7k7dalyhpfkr84qucn4ecud,104733225,
6b3bf696c5635db65847c6baf2ba8c5c4918ee9f2fc2862f0b9bf12db4d1771a,2025-04-04T17:30:11.348000,received,kaspa:qp9z8a0w7jedatvpr3l0knc6l0vdlpz7sp9kcd4yqq0up9hp87q4zyzr5ave9,101176404,
6b3bf696c5635db65847c6baf2ba8c5c4918ee9f2fc2862f0b9bf12db4d1771a,2025-04-04T17:30:11.348000,received,kaspa:qpy827u4r43hp36nu2w78dphwgzjr3e9xdwwvm7k7dalyhpfkr84qucn4ecud,101176404,
cd131681f9380be6d14bc14118702d7c7588a5b3521ed196f4fa4cc03cadc1ad,2025-04-04T03:30:21.353000,received,kaspa:qp9z8a0w7jedatvpr3l0knc6l0vdlpz7sp9kcd4yqq0up9hp87q4zyzr5ave9,102850580,
cd131681f9380be6d14bc14118702d7c7588a5b3521ed196f4fa4cc03cadc1ad,2025-04-04T03:30:21.353000,received,kaspa:qpy827u4r43hp36nu2w78dphwgzjr3e9xdwwvm7k7dalyhpfkr84qucn4ecud,102850580,
0b8c51deae007dbae3bc60302bbca15758e8dd12b8c2685ad59041788a0fb8a4,2025-04-03T14:30:14.219000,received,kaspa:qp9z8a0w7jedatvpr3l0knc6l0vdlpz7sp9kcd4yqq0up9hp87q4zyzr5ave9,100500728,
0b8c51deae007dbae3bc60302bbca15758e8dd12b8c2685ad59041788a0fb8a4,2025-04-03T14:30:14.219000,received,kaspa:qpy827u4r43hp36nu2w78dphwgzjr3e9xdwwvm7k7dalyhpfkr84qucn4ecud,100500728,
5d8c151b534ede8e04b318f4267d0a2256bf910194f49af68bec7ad374c0af21,2025-04-03T02:30:47.449000,received,kaspa:qp9z8a0w7jedatvpr3l0knc6l0vdlpz7sp9kcd4yqq0up9hp87q4zyzr5ave9,107513763,
5d8c151b534ede8e04b318f4267d0a2256bf910194f49af68bec7ad374c0af21,2025-04-03T02:30:47.449000,received,kaspa:qpy827u4r43hp36nu2w78dphwgzjr3e9xdwwvm7k7dalyhpfkr84qucn4ecud,107513763,
5d692e2f142dd40fd525d6cb89c87c223d4ce7766c8c39b306359611b20f8d3c,2025-04-02T13:30:47.348000,received,kaspa:qp9z8a0w7jedatvpr3l0knc6l0vdlpz7sp9kcd4yqq0up9hp87q4zyzr5ave9,106786156,
5d692e2f142dd40fd525d6cb89c87c223d4ce7766c8c39b306359611b20f8d3c,2025-04-02T13:30:47.348000,received,kaspa:qpy827u4r43hp36nu2w78dphwgzjr3e9xdwwvm7k7dalyhpfkr84qucn4ecud,106786156,
fb3ed1acdad5915c02a9b258c404dbb7d36c7b365214263239f82b0d25fcdcc1,2025-04-02T00:30:21.868000,received,kaspa:qp9z8a0w7jedatvpr3l0knc6l0vdlpz7sp9kcd4yqq0up9hp87q4zyzr5ave9,101220809,
fb3ed1acdad5915c02a9b258c404dbb7d36c7b365214263239f82b0d25fcdcc1,2025-04-02T00:30:21.868000,received,kaspa:qpy827u4r43hp36nu2w78dphwgzjr3e9xdwwvm7k7dalyhpfkr84qucn4ecud,101220809,
5235d13e59f312c9f0b78e07ad6ff77343a96380f7a267535f9f500def6eb651,2025-04-01T10:22:50.804000,received,kaspa:qp9z8a0w7jedatvpr3l0knc6l0vdlpz7sp9kcd4yqq0up9hp87q4zyzr5ave9,103407399,
5235d13e59f312c9f0b78e07ad6ff77343a96380f7a267535f9f500def6eb651,2025-04-01T10:22:50.804000,received,kaspa:qpy827u4r43hp36nu2w78dphwgzjr3e9xdwwvm7k7dalyhpfkr84qucn4ecud,103407399,
747105c9c63966af328fb5cdce5b7c5e37f6ecd19c5a2b4806881f088ca794f3,2025-03-31T21:22:57.524000,received,kaspa:qp9z8a0w7jedatvpr3l0knc6l0vdlpz7sp9kcd4yqq0up9hp87q4zyzr5ave9,103535370,
747105c9c63966af328fb5cdce5b7c5e37f6ecd19c5a2b4806881f088ca794f3,2025-03-31T21:22:57.524000,received,kaspa:qpy827u4r43hp36nu2w78dphwgzjr3e9xdwwvm7k7dalyhpfkr84qucn4ecud,103535370,
0c1732529180cb8c947f0f4cb1300dec6f99035eae27376f51b090f86c622802,2025-03-31T07:22:52.484000,received,kaspa:qp9z8a0w7jedatvpr3l0knc6l0vdlpz7sp9kcd4yqq0up9hp87q4zyzr5ave9,102808781,
0c1732529180cb8c947f0f4cb1300dec6f99035eae27376f51b090f86c622802,2025-03-31T07:22:52.484000,received,kaspa:qpy827u4r43hp36nu2w78dphwgzjr3e9xdwwvm7k7dalyhpfkr84qucn4ecud,102808781,
c6cf75956cf328bb68f5b0f180f468d4b542c7416342590a7ef2877762224dd5,2025-03-30T17:23:15.693000,received,kaspa:qp9z8a0w7jedatvpr3l0knc6l0vdlpz7sp9kcd4yqq0up9hp87q4zyzr5ave9,109747025,
c6cf75956cf328bb68f5b0f180f468d4b542c7416342590a7ef2877762224dd5,2025-03-30T17:23:15.693000,received,kaspa:qpy827u4r43hp36nu2w78dphwgzjr3e9xdwwvm7k7dalyhpfkr84qucn4ecud,109747025,
6698c951569f653e47bdc8f9b44830d2461a8e575b5cb5a381a4c3710ce3c91a,2025-03-30T02:22:56.170000,received,kaspa:qp9z8a0w7jedatvpr3l0knc6l0vdlpz7sp9kcd4yqq0up9hp87q4zyzr5ave9,106123147,
6698c951569f653e47bdc8f9b44830d2461a8e575b5cb5a381a4c3710ce3c91a,2025-03-30T02:22:56.170000,received,kaspa:qpy827u4r43hp36nu2w78dphwgzjr3e9xdwwvm7k7dalyhpfkr84qucn4ecud,106123147,
ac57fe2dc4002dd8515077ece6823a43df7f2c9b73d2cb07b1b7d7061812fd38,2025-03-29T08:22:53.144000,received,kaspa:qp9z8a0w7jedatvpr3l0knc6l0vdlpz7sp9kcd4yqq0up9hp87q4zyzr5ave9,102001961,
ac57fe2dc4002dd8515077ece6823a43df7f2c9b73d2cb07b1b7d7061812fd38,2025-03-29T08:22:53.144000,received,kaspa:qpy827u4r43hp36nu2w78dphwgzjr3e9xdwwvm7k7dalyhpfkr84qucn4ecud,102001961,
8906b12f2f02849ca777a8932bd8a031680371f067f203e30f5b4208d05f3601,2025-03-28T18:23:02.711000,received,kaspa:qp9z8a0w7jedatvpr3l0knc6l0vdlpz7sp9kcd4yqq0up9hp87q4zyzr5ave9,102991239,
8906b12f2f02849ca777a8932bd8a031680371f067f203e30f5b4208d05f3601,2025-03-28T18:23:02.711000,received,kaspa:qpy827u4r43hp36nu2w78dphwgzjr3e9xdwwvm7k7dalyhpfkr84qucn4ecud,102991239,
3e73c39a8bff5d06cc721eb90bb54cb69eaa9a35695e71b9b504e1cfb74152ff,2025-03-28T01:23:02.961000,received,kaspa:qp9z8a0w7jedatvpr3l0knc6l0vdlpz7sp9kcd4yqq0up9hp87q4zyzr5ave9,104773071,
3e73c39a8bff5d06cc721eb90bb54cb69eaa9a35695e71b9b504e1cfb74152ff,2025-03-28T01:23:02.961000,received,kaspa:qpy827u4r43hp36nu2w78dphwgzjr3e9xdwwvm7k7dalyhpfkr84qucn4ecud,104773071,
020d4261a4d03207d0a6cf420488b95b2eb50aa1b4b28a3514cd9002bf12f354,2025-03-27T08:22:57.431000,received,kaspa:qp9z8a0w7jedatvpr3l0knc6l0vdlpz7sp9kcd4yqq0up9hp87q4zyzr5ave9,105167783,
020d4261a4d03207d0a6cf420488b95b2eb50aa1b4b28a3514cd9002bf12f354,2025-03-27T08:22:57.431000,received,kaspa:qpy827u4r43hp36nu2w78dphwgzjr3e9xdwwvm7k7dalyhpfkr84qucn4ecud,105167783,
5a41b0ffabed0a2fa550f68aead5682eeae6e775ec745e2aa1f3371739a424f6,2025-03-26T17:22:59.940000,received,kaspa:qp9z8a0w7jedatvpr3l0knc6l0vdlpz7sp9kcd4yqq0up9hp87q4zyzr5ave9,110790329,
5a41b0ffabed0a2fa550f68aead5682eeae6e775ec745e2aa1f3371739a424f6,2025-03-26T17:22:59.940000,received,kaspa:qpy827u4r43hp36nu2w78dphwgzjr3e9xdwwvm7k7dalyhpfkr84qucn4ecud,110790329,
b667a3bab73d3ae8da813ff57296f9833fa5b25f97204667efe8ea80636232b2,2025-03-26T02:22:53.507000,received,kaspa:qp9z8a0w7jedatvpr3l0knc6l0vdlpz7sp9kcd4yqq0up9hp87q4zyzr5ave9,103231751,
b667a3bab73d3ae8da813ff57296f9833fa5b25f97204667efe8ea80636232b2,2025-03-26T02:22:53.507000,received,kaspa:qpy827u4r43hp36nu2w78dphwgzjr3e9xdwwvm7k7dalyhpfkr84qucn4ecud,103231751,
9ef26d697d3be1863771bf0138865fd5a49584c40c55b5f50cd69b3c6dab4879,2025-03-25T11:22:55.142000,received,kaspa:qp9z8a0w7jedatvpr3l0knc6l0vdlpz7sp9kcd4yqq0up9hp87q4zyzr5ave9,103579902,
9ef26d697d3be1863771bf0138865fd5a49584c40c55b5f50cd69b3c6dab4879,2025-03-25T11:22:55.142000,received,kaspa:qpy827u4r43hp36nu2w78dphwgzjr3e9xdwwvm7k7dalyhpfkr84qucn4ecud,103579902,
986fecb09b5d7978dc27dfc694ae7b117e5b7fe05cb6055de7566c8c473931f1,2025-03-24T20:23:01.998000,received,kaspa:qp9z8a0w7jedatvpr3l0knc6l0vdlpz7sp9kcd4yqq0up9hp87q4zyzr5ave9,103689840,
986fecb09b5d7978dc27dfc694ae7b117e5b7fe05cb6055de7566c8c473931f1,2025-03-24T20:23:01.998000,received,kaspa:qpy827u4r43hp36nu2w78dphwgzjr3e9xdwwvm7k7dalyhpfkr84qucn4ecud,103689840,
daee26d626278014cea47c455e67b6a1dd90d959e48a1d07a661a38bf4e5dc46,2025-03-24T06:23:15.217000,received,kaspa:qp9z8a0w7jedatvpr3l0knc6l0vdlpz7sp9kcd4yqq0up9hp87q4zyzr5ave9,107236010,
daee26d626278014cea47c455e67b6a1dd90d959e48a1d07a661a38bf4e5dc46,2025-03-24T06:23:15.217000,received,kaspa:qpy827u4r43hp36nu2w78dphwgzjr3e9xdwwvm7k7dalyhpfkr84qucn4ecud,107236010,
b9a9c567d00d712c5720b42c951bfba2680dba32fc381f82b342a500005d7b91,2025-03-23T14:23:10.955000,received,kaspa:qp9z8a0w7jedatvpr3l0knc6l0vdlpz7sp9kcd4yqq0up9hp87q4zyzr5ave9,107135335,
b9a9c567d00d712c5720b42c951bfba2680dba32fc381f82b342a500005d7b91,2025-03-23T14:23:10.955000,received,kaspa:qpy827u4r43hp36nu2w78dphwgzjr3e9xdwwvm7k7dalyhpfkr84qucn4ecud,107135335,
a05eb65da4a6735989858069b434852d6eecbca66c5bb5e5545de25b64f29778,2025-03-22T23:22:42.296000,received,kaspa:qp9z8a0w7jedatvpr3l0knc6l0vdlpz7sp9kcd4yqq0up9hp87q4zyzr5ave9,100216755,
a05eb65da4a6735989858069b434852d6eecbca66c5bb5e5545de25b64f29778,2025-03-22T23:22:42.296000,received,kaspa:qpy827u4r43hp36nu2w78dphwgzjr3e9xdwwvm7k7dalyhpfkr84qucn4ecud,100216755,
f773382a13fd640fe0007fc0720a9d9589c8d2e99adf8778ea90d0803e7077c0,2025-03-22T10:22:58.820000,received,kaspa:qp9z8a0w7jedatvpr3l0knc6l0vdlpz7sp9kcd4yqq0up9hp87q4zyzr5ave9,101902234,
f773382a13fd640fe0007fc0720a9d9589c8d2e99adf8778ea90d0803e7077c0,2025-03-22T10:22:58.820000,received,kaspa:qpy827u4r43hp36nu2w78dphwgzjr3e9xdwwvm7k7dalyhpfkr84qucn4ecud,101902234,
22230f16499be84a702251ef8f4fc9578e8a201fae6ba2a705aa1fb6f529e8df,2025-03-21T22:22:53.754000,received,kaspa:qp9z8a0w7jedatvpr3l0knc6l0vdlpz7sp9kcd4yqq0up9hp87q4zyzr5ave9,104910966,
22230f16499be84a702251ef8f4fc9578e8a201fae6ba2a705aa1fb6f529e8df,2025-03-21T22:22:53.754000,received,kaspa:qpy827u4r43hp36nu2w78dphwgzjr3e9xdwwvm7k7dalyhpfkr84qucn4ecud,104910966,
d7d862450a66f38a2b6181f6ce7ada54a4677c1556bb7e4c31b85a2f08df8035,2025-03-21T12:22:53.625000,received,kaspa:qp9z8a0w7jedatvpr3l0knc6l0vdlpz7sp9kcd4yqq0up9hp87q4zyzr5ave9,105248644,
d7d862450a66f38a2b6181f6ce7ada54a4677c1556bb7e4c31b85a2f08df8035,2025-03-21T12:22:53.625000,received,kaspa:qpy827u4r43hp36nu2w78dphwgzjr3e9xdwwvm7k7dalyhpfkr84qucn4ecud,105248644,
a4b4ce83d14f8f7b300f01533961e11176e7c740b0d5f02a3ea62783f77ccdfc,2025-03-20T22:23:00.170000,received,kaspa:qp9z8a0w7jedatvpr3l0knc6l0vdlpz7sp9kcd4yqq0up9hp87q4zyzr5ave9,105934890,
a4b4ce83d14f8f7b300f01533961e11176e7c740b0d5f02a3ea62783f77ccdfc,2025-03-20T22:23:00.170000,received,kaspa:qpy827u4r43hp36nu2w78dphwgzjr3e9xdwwvm7k7dalyhpfkr84qucn4ecud,105934890,
c89bd6e5964bf3925d0bf846b39610825d73fb3c84d71ee3a2b701ae18ece27a,2025-03-19T17:22:46,received,kaspa:qp9z8a0w7jedatvpr3l0knc6l0vdlpz7sp9kcd4yqq0up9hp87q4zyzr5ave9,101241572,
c89bd6e5964bf3925d0bf846b39610825d73fb3c84d71ee3a2b701ae18ece27a,2025-03-19T17:22:46,received,kaspa:qpy827u4r43hp36nu2w78dphwgzjr3e9xdwwvm7k7dalyhpfkr84qucn4ecud,101241572,
1cbcafb8fe319b221b06ae3f8cb7604067038bbe9f24630d7aff51f338f28281,2025-03-19T03:22:43.058000,received,kaspa:qp9z8a0w7jedatvpr3l0knc6l0vdlpz7sp9kcd4yqq0up9hp87q4zyzr5ave9,102135456,
1cbcafb8fe319b221b06ae3f8cb7604067038bbe9f24630d7aff51f338f28281,2025-03-19T03:22:43.058000,received,kaspa:qpy827u4r43hp36nu2w78dphwgzjr3e9xdwwvm7k7dalyhpfkr84qucn4ecud,102135456,
73f82a1e54a89fdc9f33207b1d82d7a8ab7f00d9f4a0659a6551427110d81f68,2025-03-18T06:23:03.093000,received,kaspa:qp9z8a0w7jedatvpr3l0knc6l0vdlpz7sp9kcd4yqq0up9hp87q4zyzr5ave9,104497400,
73f82a1e54a89fdc9f33207b1d82d7a8ab7f00d9f4a0659a6551427110d81f68,2025-03-18T06:23:03.093000,received,kaspa:qpy827u4r43hp36nu2w78dphwgzjr3e9xdwwvm7k7dalyhpfkr84qucn4ecud,104497400,
8b702d81010dd887edeb2d65f4f775cfc9d10296a438e729e7d48b8e686cc53a,2025-03-17T05:22:43.060000,received,kaspa:qp9z8a0w7jedatvpr3l0knc6l0vdlpz7sp9kcd4yqq0up9hp87q4zyzr5ave9,100986641,
8b702d81010dd887edeb2d65f4f775cfc9d10296a438e729e7d48b8e686cc53a,2025-03-17T05:22:43.060000,received,kaspa:qpy827u4r43hp36nu2w78dphwgzjr3e9xdwwvm7k7dalyhpfkr84qucn4ecud,100986641,
81cae37194d30e4f3a1bc4656fbee112c948eaf3aaab70ae9e786ee72c3ea3e8,2025-03-16T06:22:44.950000,received,kaspa:qp9z8a0w7jedatvpr3l0knc6l0vdlpz7sp9kcd4yqq0up9hp87q4zyzr5ave9,100875719,
81cae37194d30e4f3a1bc4656fbee112c948eaf3aaab70ae9e786ee72c3ea3e8,2025-03-16T06:22:44.950000,received,kaspa:qpy827u4r43hp36nu2w78dphwgzjr3e9xdwwvm7k7dalyhpfkr84qucn4ecud,100875719,
b7918c090f522da9b87817b443c5c0ae5208b2b0ef0b05cf2e84389fe7c02a08,2025-03-15T08:22:46.429000,received,kaspa:qp9z8a0w7jedatvpr3l0knc6l0vdlpz7sp9kcd4yqq0up9hp87q4zyzr5ave9,100383130,
b7918c090f522da9b87817b443c5c0ae5208b2b0ef0b05cf2e84389fe7c02a08,2025-03-15T08:22:46.429000,received,kaspa:qpy827u4r43hp36nu2w78dphwgzjr3e9xdwwvm7k7dalyhpfkr84qucn4ecud,100383130,
c6d3572d79530d7d5c1e6b6e1d01d7c4b084641a30a1a1486d5b88478dd76a99,2025-03-14T14:22:48.650000,received,kaspa:qp9z8a0w7jedatvpr3l0knc6l0vdlpz7sp9kcd4yqq0up9hp87q4zyzr5ave9,100808922,
c6d3572d79530d7d5c1e6b6e1d01d7c4b084641a30a1a1486d5b88478dd76a99,2025-03-14T14:22:48.650000,received,kaspa:qpy827u4r43hp36nu2w78dphwgzjr3e9xdwwvm7k7dalyhpfkr84qucn4ecud,100808922,
80ece545d83ce8d3690589369f091c410dc8ab56b8b27d6459a7903b3ebb19eb,2025-03-13T23:22:58.550000,received,kaspa:qpy827u4r43hp36nu2w78dphwgzjr3e9xdwwvm7k7dalyhpfkr84qucn4ecud,105466577,
d1002c2c2c8a9c49f04e5b6d84e46ed0a7ce64d971d1c1f92cd0dc0e5b019b16,2025-03-13T04:23:00.372000,received,kaspa:qp9z8a0w7jedatvpr3l0knc6l0vdlpz7sp9kcd4yqq0up9hp87q4zyzr5ave9,104339849,
d1002c2c2c8a9c49f04e5b6d84e46ed0a7ce64d971d1c1f92cd0dc0e5b019b16,2025-03-13T04:23:00.372000,received,kaspa:qpy827u4r43hp36nu2w78dphwgzjr3e9xdwwvm7k7dalyhpfkr84qucn4ecud,104339849,
7fd03fb63704fe893380084cf8f2c3a2644fb8b32ddb1fdb32042fe77f68db63,2025-03-12T07:23:01.625000,received,kaspa:qp9z8a0w7jedatvpr3l0knc6l0vdlpz7sp9kcd4yqq0up9hp87q4zyzr5ave9,105428331,
7fd03fb63704fe893380084cf8f2c3a2644fb8b32ddb1fdb32042fe77f68db63,2025-03-12T07:23:01.625000,received,kaspa:qpy827u4r43hp36nu2w78dphwgzjr3e9xdwwvm7k7dalyhpfkr84qucn4ecud,105428331,
e376024e4b62e63bd7b571ad09fdcda5bd744a8be28a3db429e9d5cd9cd38865,2025-03-11T15:22:58.010000,received,kaspa:qp9z8a0w7jedatvpr3l0knc6l0vdlpz7sp9kcd4yqq0up9hp87q4zyzr5ave9,104052637,
e376024e4b62e63bd7b571ad09fdcda5bd744a8be28a3db429e9d5cd9cd38865,2025-03-11T15:22:58.010000,received,kaspa:qpy827u4r43hp36nu2w78dphwgzjr3e9xdwwvm7k7dalyhpfkr84qucn4ecud,104052637,
84a4e9241d74705913843e4de930f649b237441804d2b92d87a6dc31d8cfeced,2025-03-11T01:22:44.124000,received,kaspa:qp9z8a0w7jedatvpr3l0knc6l0vdlpz7sp9kcd4yqq0up9hp87q4zyzr5ave9,101946686,
84a4e9241d74705913843e4de930f649b237441804d2b92d87a6dc31d8cfeced,2025-03-11T01:22:44.124000,received,kaspa:qpy827u4r43hp36nu2w78dphwgzjr3e9xdwwvm7k7dalyhpfkr84qucn4ecud,101946686,
99f10a1470e530e8364b93d80cb181a342c7be086d204324efe4ead48aa43619,2025-03-10T10:22:49.899000,received,kaspa:qp9z8a0w7jedatvpr3l0knc6l0vdlpz7sp9kcd4yqq0up9hp87q4zyzr5ave9,102512037,
99f10a1470e530e8364b93d80cb181a342c7be086d204324efe4ead48aa43619,2025-03-10T10:22:49.899000,received,kaspa:qpy827u4r43hp36nu2w78dphwgzjr3e9xdwwvm7k7dalyhpfkr84qucn4ecud,102512037,
0bc006bad526bf87c5dbd2af92e4c63e924428176a6d0a38a7349f8d26693696,2025-03-09T18:22:53.694000,received,kaspa:qp9z8a0w7jedatvpr3l0knc6l0vdlpz7sp9kcd4yqq0up9hp87q4zyzr5ave9,103781838,
0bc006bad526bf87c5dbd2af92e4c63e924428176a6d0a38a7349f8d26693696,2025-03-09T18:22:53.694000,received,kaspa:qpy827u4r43hp36nu2w78dphwgzjr3e9xdwwvm7k7dalyhpfkr84qucn4ecud,103781838,
af6f6efc281db69ae9babe5d075eaf03812c1a62fa5f965e969ab2836ecd4a5f,2025-03-09T01:35:06.531000,received,kaspa:qqetp7ct8kqss99fxmymyz5t3fezppxp0t58wl6pawp27elqd46uudme00cl0,30761548821,
af6f6efc281db69ae9babe5d075eaf03812c1a62fa5f965e969ab2836ecd4a5f,2025-03-09T01:35:06.531000,received,kaspa:qpzpfwcsqsxhxwup26r55fd0ghqlhyugz8cp6y3wxuddc02vcxtjg75pspnwz,30761548821,MEXC
0d1ce4e17570d274f263db25e130124f8170b6c14b3eb38eda66555bae85b46d,2025-03-09T01:22:50.816000,received,kaspa:qp9z8a0w7jedatvpr3l0knc6l0vdlpz7sp9kcd4yqq0up9hp87q4zyzr5ave9,104205837,
0d1ce4e17570d274f263db25e130124f8170b6c14b3eb38eda66555bae85b46d,2025-03-09T01:22:50.816000,received,kaspa:qpy827u4r43hp36nu2w78dphwgzjr3e9xdwwvm7k7dalyhpfkr84qucn4ecud,104205837,
3c6da15a856bf4f264601937c567216e01a6b6dee7db762c5927e6139a76731c,2025-03-08T08:33:16.482000,received,kaspa:qp9z8a0w7jedatvpr3l0knc6l0vdlpz7sp9kcd4yqq0up9hp87q4zyzr5ave9,100496945,
3c6da15a856bf4f264601937c567216e01a6b6dee7db762c5927e6139a76731c,2025-03-08T08:33:16.482000,received,kaspa:qpy827u4r43hp36nu2w78dphwgzjr3e9xdwwvm7k7dalyhpfkr84qucn4ecud,100496945,
4db2f198a3d75a55c9acdc19e0b1fd7c82437cbe562a9e8c1313c95581a697fa,2025-03-07T11:33:18.359000,received,kaspa:qp9z8a0w7jedatvpr3l0knc6l0vdlpz7sp9kcd4yqq0up9hp87q4zyzr5ave9,102380354,
4db2f198a3d75a55c9acdc19e0b1fd7c82437cbe562a9e8c1313c95581a697fa,2025-03-07T11:33:18.359000,received,kaspa:qpy827u4r43hp36nu2w78dphwgzjr3e9xdwwvm7k7dalyhpfkr84qucn4ecud,102380354,
e0ee4b68877a98ce6caaf5175059161092242306840d769f96d0ce66e5a9dea7,2025-03-06T14:33:43.713000,received,kaspa:qp9z8a0w7jedatvpr3l0knc6l0vdlpz7sp9kcd4yqq0up9hp87q4zyzr5ave9,105267883,
e0ee4b68877a98ce6caaf5175059161092242306840d769f96d0ce66e5a9dea7,2025-03-06T14:33:43.713000,received,kaspa:qpy827u4r43hp36nu2w78dphwgzjr3e9xdwwvm7k7dalyhpfkr84qucn4ecud,105267883,
f26a85dada8b7064b02c36bd1ed15002a0f46e6a646e09a1d6248679010744fa,2025-03-05T22:33:27.104000,received,kaspa:qp9z8a0w7jedatvpr3l0knc6l0vdlpz7sp9kcd4yqq0up9hp87q4zyzr5ave9,102652619,
f26a85dada8b7064b02c36bd1ed15002a0f46e6a646e09a1d6248679010744fa,2025-03-05T22:33:27.104000,received,kaspa:qpy827u4r43hp36nu2w78dphwgzjr3e9xdwwvm7k7dalyhpfkr84qucn4ecud,102652619,
47bc36f86457d0a1b8e2e3ba8d49b02702d96bc75bfce7787edae671d7dd70cc,2025-03-05T12:38:05.532000,received,kaspa:qqetp7ct8kqss99fxmymyz5t3fezppxp0t58wl6pawp27elqd46uudme00cl0,6459493745,
47bc36f86457d0a1b8e2e3ba8d49b02702d96bc75bfce7787edae671d7dd70cc,2025-03-05T12:38:05.532000,received,kaspa:qpzpfwcsqsxhxwup26r55fd0ghqlhyugz8cp6y3wxuddc02vcxtjg75pspnwz,6459493745,MEXC
fe485195a604be6b232d2eee9a8a85b08837cc3bdfdf6007846ee6a8726fbec1,2025-03-05T08:33:38.650000,received,kaspa:qp9z8a0w7jedatvpr3l0knc6l0vdlpz7sp9kcd4yqq0up9hp87q4zyzr5ave9,107681228,
fe485195a604be6b232d2eee9a8a85b08837cc3bdfdf6007846ee6a8726fbec1,2025-03-05T08:33:38.650000,received,kaspa:qpy827u4r43hp36nu2w78dphwgzjr3e9xdwwvm7k7dalyhpfkr84qucn4ecud,107681228,
5a4c9944425914735b23a64b6ef93bf2774c24f75222459039e8e62606f5b7af,2025-03-04T12:35:07.700000,received,kaspa:qqetp7ct8kqss99fxmymyz5t3fezppxp0t58wl6pawp27elqd46uudme00cl0,32312010986,
5a4c9944425914735b23a64b6ef93bf2774c24f75222459039e8e62606f5b7af,2025-03-04T12:35:07.700000,received,kaspa:qpzpfwcsqsxhxwup26r55fd0ghqlhyugz8cp6y3wxuddc02vcxtjg75pspnwz,32312010986,MEXC
52dc5c45425e60aa4f3461da112e2953bfdc2cbdceb50e11cdfc1c64aa3182e8,2025-03-04T10:33:21.331000,received,kaspa:qp9z8a0w7jedatvpr3l0knc6l0vdlpz7sp9kcd4yqq0up9hp87q4zyzr5ave9,102616433,
52dc5c45425e60aa4f3461da112e2953bfdc2cbdceb50e11cdfc1c64aa3182e8,2025-03-04T10:33:21.331000,received,kaspa:qpy827u4r43hp36nu2w78dphwgzjr3e9xdwwvm7k7dalyhpfkr84qucn4ecud,102616433,
2cdbdb13f607080b6e29b5cc7a0a028a6565ac9261bcb00dd09d284b1a8b4b03,2025-03-03T17:33:18.382000,received,kaspa:qp9z8a0w7jedatvpr3l0knc6l0vdlpz7sp9kcd4yqq0up9hp87q4zyzr5ave9,101328190,
2cdbdb13f607080b6e29b5cc7a0a028a6565ac9261bcb00dd09d284b1a8b4b03,2025-03-03T17:33:18.382000,received,kaspa:qpy827u4r43hp36nu2w78dphwgzjr3e9xdwwvm7k7dalyhpfkr84qucn4ecud,101328190,
14e2bca1f4aa2bed2ede744c1a712d3ad0a9844249243b7b8f6d015bb7f52d9e,2025-03-03T01:33:27.048000,received,kaspa:qp9z8a0w7jedatvpr3l0knc6l0vdlpz7sp9kcd4yqq0up9hp87q4zyzr5ave9,101043636,
14e2bca1f4aa2bed2ede744c1a712d3ad0a9844249243b7b8f6d015bb7f52d9e,2025-03-03T01:33:27.048000,received,kaspa:qpy827u4r43hp36nu2w78dphwgzjr3e9xdwwvm7k7dalyhpfkr84qucn4ecud,101043636,
b814195567069b9f00a4313e2cf95fd4a830671e8aee8f06fca87f2fa3ba7c92,2025-03-02T10:33:22.395000,received,kaspa:qp9z8a0w7jedatvpr3l0knc6l0vdlpz7sp9kcd4yqq0up9hp87q4zyzr5ave9,101762407,
b814195567069b9f00a4313e2cf95fd4a830671e8aee8f06fca87f2fa3ba7c92,2025-03-02T10:33:22.395000,received,kaspa:qpy827u4r43hp36nu2w78dphwgzjr3e9xdwwvm7k7dalyhpfkr84qucn4ecud,101762407,
cc9ff931b409e6a9f7b4c451a3816eb537874ec8563cf0d7796ae8851b255b01,2025-03-01T19:33:24.816000,received,kaspa:qp9z8a0w7jedatvpr3l0knc6l0vdlpz7sp9kcd4yqq0up9hp87q4zyzr5ave9,103083732,
cc9ff931b409e6a9f7b4c451a3816eb537874ec8563cf0d7796ae8851b255b01,2025-03-01T19:33:24.816000,received,kaspa:qpy827u4r43hp36nu2w78dphwgzjr3e9xdwwvm7k7dalyhpfkr84qucn4ecud,103083732,
a27412c9425b884bef2f6b6e25557949e0bd4e96d5aa7cb7404716a0503cd355,2025-03-01T01:33:27.086000,received,kaspa:qp9z8a0w7jedatvpr3l0knc6l0vdlpz7sp9kcd4yqq0up9hp87q4zyzr5ave9,105628234,
a27412c9425b884bef2f6b6e25557949e0bd4e96d5aa7cb7404716a0503cd355,2025-03-01T01:33:27.086000,received,kaspa:qpy827u4r43hp36nu2w78dphwgzjr3e9xdwwvm7k7dalyhpfkr84qucn4ecud,105628234,
9869ab0060937f633a31e937e059f30adc2269bf6ef4255cfa17ebdb95cd7a13,2025-02-28T02:33:26.649000,received,kaspa:qp9z8a0w7jedatvpr3l0knc6l0vdlpz7sp9kcd4yqq0up9hp87q4zyzr5ave9,102898048,
9869ab0060937f633a31e937e059f30adc2269bf6ef4255cfa17ebdb95cd7a13,2025-02-28T02:33:26.649000,received,kaspa:qpy827u4r43hp36nu2w78dphwgzjr3e9xdwwvm7k7dalyhpfkr84qucn4ecud,102898048,
31c81c10577cc75faaeeb1897abd41a2ac202d225a7959f774cb3f60ab469ec4,2025-02-27T10:33:16.815000,received,kaspa:qp9z8a0w7jedatvpr3l0knc6l0vdlpz7sp9kcd4yqq0up9hp87q4zyzr5ave9,101624396,
31c81c10577cc75faaeeb1897abd41a2ac202d225a7959f774cb3f60ab469ec4,2025-02-27T10:33:16.815000,received,kaspa:qpy827u4r43hp36nu2w78dphwgzjr3e9xdwwvm7k7dalyhpfkr84qucn4ecud,101624396,
45deb970f655dd2b6d64f76e8628ab38eea6df847606e86143e33f660fb6f611,2024-11-28T11:54:33.968000,sent,kaspa:qza625c6xwzkep75zpvdn2d53m7tr7g2hrrr25pqyt69wqvu6k84kjsm9fv0l,2000000000000,
de3ac029666712e3ec9109e1df200639e647e2c1430a92241110793536e7f785,2024-10-19T17:59:45.043000,sent,kaspa:qza625c6xwzkep75zpvdn2d53m7tr7g2hrrr25pqyt69wqvu6k84kjsm9fv0l,3000000000000,
1ea1dfd043079f82701b24b3f03f49854e16ab1724add88f489c8c917775f468,2024-08-07T15:32:08.725000,sent,kaspa:qza625c6xwzkep75zpvdn2d53m7tr7g2hrrr25pqyt69wqvu6k84kjsm9fv0l,5000000000000,
a2dd0f26447a1b9c977286eafdbc69313b0cef1591b3448dfccb0193152a52b0,2024-07-27T13:11:30.982000,sent,kaspa:qrn4rhskrkz47du4q4fn6w4rku7msw695vevy09wk8fg24774lkquywm5nqg0,1000000000000,
175d928b9d786dba756241cfb6ea22693f57fe098ef13027e68e7b4a86b1e4b7,2024-07-25T17:14:57.949000,sent,kaspa:qza625c6xwzkep75zpvdn2d53m7tr7g2hrrr25pqyt69wqvu6k84kjsm9fv0l,1000000000000,
125ffe4550638f6dbdf8159d779ab74c0864822ae6c89a1bd9cf45a588a45b7f,2024-07-11T17:11:09.327000,sent,kaspa:qza625c6xwzkep75zpvdn2d53m7tr7g2hrrr25pqyt69wqvu6k84kjsm9fv0l,1800000000000,
bf3f864fb2772dad386f9e22a19fbe3d727f2fd61e219bbdb99c5b1b3e64f632,2024-07-09T14:31:52.121000,sent,kaspa:qza625c6xwzkep75zpvdn2d53m7tr7g2hrrr25pqyt69wqvu6k84kjsm9fv0l,1200000000000,
bafe03f097fee4aa7165fd8cf799e305e68fde3479c86aa5c3afe4709130f1c9,2024-06-03T15:30:59.005000,sent,kaspa:qza625c6xwzkep75zpvdn2d53m7tr7g2hrrr25pqyt69wqvu6k84kjsm9fv0l,5000000000000,
5ae1d2f6a5299305d4c45ba7275617651fa855f4fad5375c65cf091da7331162,2024-03-21T08:57:39.678000,sent,kaspa:qza625c6xwzkep75zpvdn2d53m7tr7g2hrrr25pqyt69wqvu6k84kjsm9fv0l,578453000000,
5ae1d2f6a5299305d4c45ba7275617651fa855f4fad5375c65cf091da7331162,2024-03-21T08:57:39.678000,sent,kaspa:qza625c6xwzkep75zpvdn2d53m7tr7g2hrrr25pqyt69wqvu6k84kjsm9fv0l,578453000000,
5ae1d2f6a5299305d4c45ba7275617651fa855f4fad5375c65cf091da7331162,2024-03-21T08:57:39.678000,sent,kaspa:qza625c6xwzkep75zpvdn2d53m7tr7g2hrrr25pqyt69wqvu6k84kjsm9fv0l,578453000000,
ed1e5a5d4819d7fdc23292104deea8ac0d6fb25606603be1bc2b2dae6446288e,2024-03-19T04:15:57.764000,received,kaspa:qqsuu8una8y2trd5gnfmg52l0c6vsg343lc0paj9rlvz2fayzw4hsuurwmf0c,416837280000,
070620af3cda1aa44ff71fb2dbc3dfd0a3944fbea0e295dc627b49e4097eed22,2024-03-18T14:01:29.181000,received,kaspa:qr63ajn80z05m86uh5fvrk0yw0s09zr4kwmvcy0g7vm8m2l58vdykhfr3qu8q,161603680000,
d80b6301d02b2c750c20f373ec9ce7f05de753b3d28ab39ab5a33738d6e64964,2024-01-22T18:06:58.131000,sent,kaspa:qza625c6xwzkep75zpvdn2d53m7tr7g2hrrr25pqyt69wqvu6k84kjsm9fv0l,5000000000000,
539fc97f9449b4b580a7d7932645956e02058b461a16a1bfe2e3b740d543eced,2024-01-05T17:30:55.542000,sent,kaspa:qza625c6xwzkep75zpvdn2d53m7tr7g2hrrr25pqyt69wqvu6k84kjsm9fv0l,5000000000000,
df1889f141a25707090e2bc98474eb6bff1ca06dc946aec68a77808d658ab8b5,2024-01-05T12:07:01.850000,sent,kaspa:qrn4rhskrkz47du4q4fn6w4rku7msw695vevy09wk8fg24774lkquywm5nqg0,98500000000,
315f513b3b6f8658c6134fcff50f6cc016516c4f0f2ba6e6166ee65cb1e58446,2024-01-02T16:45:36.079000,sent,kaspa:qza625c6xwzkep75zpvdn2d53m7tr7g2hrrr25pqyt69wqvu6k84kjsm9fv0l,5500000000000,
315f513b3b6f8658c6134fcff50f6cc016516c4f0f2ba6e6166ee65cb1e58446,2024-01-02T16:45:36.079000,sent,kaspa:qza625c6xwzkep75zpvdn2d53m7tr7g2hrrr25pqyt69wqvu6k84kjsm9fv0l,5500000000000,
cb1d619913846c70ec481280001cc8acc69a3fc69db197a018469f77574be414,2023-12-30T18:22:59.591000,received,kaspa:qqc6p8v8ecznqw3559xkga0zg93tj223qry4gpv7hfj2z9k8kkxnx0mwr2pmq,466481140000,
2518b3a2d4ae2a03ec2d940fbbd663cbf681862854265e48704354cdebce8496,2023-12-26T21:11:19.160000,sent,kaspa:qza625c6xwzkep75zpvdn2d53m7tr7g2hrrr25pqyt69wqvu6k84kjsm9fv0l,5000000000000,
2518b3a2d4ae2a03ec2d940fbbd663cbf681862854265e48704354cdebce8496,2023-12-26T21:11:19.160000,sent,kaspa:qza625c6xwzkep75zpvdn2d53m7tr7g2hrrr25pqyt69wqvu6k84kjsm9fv0l,5000000000000,
2518b3a2d4ae2a03ec2d940fbbd663cbf681862854265e48704354cdebce8496,2023-12-26T21:11:19.160000,sent,kaspa:qza625c6xwzkep75zpvdn2d53m7tr7g2hrrr25pqyt69wqvu6k84kjsm9fv0l,5000000000000,
2518b3a2d4ae2a03ec2d940fbbd663cbf681862854265e48704354cdebce8496,2023-12-26T21:11:19.160000,sent,kaspa:qza625c6xwzkep75zpvdn2d53m7tr7g2hrrr25pqyt69wqvu6k84kjsm9fv0l,5000000000000,
2518b3a2d4ae2a03ec2d940fbbd663cbf681862854265e48704354cdebce8496,2023-12-26T21:11:19.160000,sent,kaspa:qza625c6xwzkep75zpvdn2d53m7tr7g2hrrr25pqyt69wqvu6k84kjsm9fv0l,5000000000000,
2518b3a2d4ae2a03ec2d940fbbd663cbf681862854265e48704354cdebce8496,2023-12-26T21:11:19.160000,sent,kaspa:qza625c6xwzkep75zpvdn2d53m7tr7g2hrrr25pqyt69wqvu6k84kjsm9fv0l,5000000000000,
2518b3a2d4ae2a03ec2d940fbbd663cbf681862854265e48704354cdebce8496,2023-12-26T21:11:19.160000,sent,kaspa:qza625c6xwzkep75zpvdn2d53m7tr7g2hrrr25pqyt69wqvu6k84kjsm9fv0l,5000000000000,
277e4007cf254d541a78e2a234d713eaaccfd264382d06678a2d05ff745027d8,2023-12-26T13:25:05.027000,received,kaspa:qqetp7ct8kqss99fxmymyz5t3fezppxp0t58wl6pawp27elqd46uudme00cl0,8599000000000,
277e4007cf254d541a78e2a234d713eaaccfd264382d06678a2d05ff745027d8,2023-12-26T13:25:05.027000,received,kaspa:qpzpfwcsqsxhxwup26r55fd0ghqlhyugz8cp6y3wxuddc02vcxtjg75pspnwz,8599000000000,MEXC
0a435a8299113d4cfe75930e9ea02903a6c25daf94f927cd916788c4c1966ace,2023-12-26T13:17:22.060000,received,kaspa:qrhcu39jfxsptk3cnvkhv39znc2k3wj7xjrfkyqq35kjkwtt09du7wy24auth,40064260000,
684a3760d2c060ab2acb2146ff376602c26ed980fd3ae1c5ba535b841eb7262f,2023-12-26T12:44:52.787000,received,kaspa:qp9zqh23z694t5w267tdlwyzux8t976t0rn27h20vahl3l7qvat7uw9e6dtsv,359870460000,
b5fd6ca3ef2c4353f4a96e0bebcbe2a2d271c3fb853a08511bbaaf81fa136cc5,2023-12-26T11:52:01.406000,received,kaspa:qzh6695na2q3ughzxxhup456qephxk9hf78e2pyen2ayr6ngnn5mj5lln30yl,212598270000,
92b9ed80b2ac919f2747ecddd9f9f8b13440924bf0509227fefac561ce89ffaa,2023-12-25T21:57:59.174000,received,kaspa:qzr0sefthsa95zt4t6ylsq4d6dddrxps0dxn56l04v092f798lvczfyzwwzet,340160880000,
69f659373fceccb0c0f2bc5aec4023b39bd6ebb9755158df1e69bb4a1c5f8fa7,2023-12-24T14:02:51.541000,received,kaspa:qrjw5pvay6qvcaxexae8fgpe08ntmx9mp2dyrhcsu7cf445uqsvg7zy8qgrwh,580336730000,
0994afb3662dc988d3e1fb38ae717d99ba8fecb7f33a6a021684040e3d321a91,2023-12-21T23:28:58.130000,sent,kaspa:qza625c6xwzkep75zpvdn2d53m7tr7g2hrrr25pqyt69wqvu6k84kjsm9fv0l,10000000000000,
1136c1fcc069595057659dd4fab54e76e8463cbc2c3fd28157ea898f28b39f47,2023-12-20T17:04:57.688000,sent,kaspa:qza625c6xwzkep75zpvdn2d53m7tr7g2hrrr25pqyt69wqvu6k84kjsm9fv0l,999999990000,
5d1b675939d3953c922bd1de7d87e3b825933d398f5a18d0f8d2ff14a169ca96,2023-12-18T18:30:24.233000,sent,kaspa:qza625c6xwzkep75zpvdn2d53m7tr7g2hrrr25pqyt69wqvu6k84kjsm9fv0l,1014943000000,
5d1b675939d3953c922bd1de7d87e3b825933d398f5a18d0f8d2ff14a169ca96,2023-12-18T18:30:24.233000,sent,kaspa:qza625c6xwzkep75zpvdn2d53m7tr7g2hrrr25pqyt69wqvu6k84kjsm9fv0l,1014943000000,
7cf4cb5c4228270e74efa4322de8f099d4a1173a9273b14933c8033c83a6f8d5,2023-12-12T21:30:14.128000,received,kaspa:qz09hdlufhvayu2f5x8kuk7d96ff5jc5r0mfqhj4ygufaeg7su4ayeare9rst,2014854550000,
5a0bfa82519fda7ea3084a48b0fa7c1cbcbd5b2d439e18527d57e6f878796f19,2023-12-05T17:10:52.063000,sent,kaspa:qza625c6xwzkep75zpvdn2d53m7tr7g2hrrr25pqyt69wqvu6k84kjsm9fv0l,1650900000000,
5a0bfa82519fda7ea3084a48b0fa7c1cbcbd5b2d439e18527d57e6f878796f19,2023-12-05T17:10:52.063000,sent,kaspa:qza625c6xwzkep75zpvdn2d53m7tr7g2hrrr25pqyt69wqvu6k84kjsm9fv0l,1650900000000,
5a0bfa82519fda7ea3084a48b0fa7c1cbcbd5b2d439e18527d57e6f878796f19,2023-12-05T17:10:52.063000,sent,kaspa:qza625c6xwzkep75zpvdn2d53m7tr7g2hrrr25pqyt69wqvu6k84kjsm9fv0l,1650900000000,
5a0bfa82519fda7ea3084a48b0fa7c1cbcbd5b2d439e18527d57e6f878796f19,2023-12-05T17:10:52.063000,sent,kaspa:qza625c6xwzkep75zpvdn2d53m7tr7g2hrrr25pqyt69wqvu6k84kjsm9fv0l,1650900000000,
5a0bfa82519fda7ea3084a48b0fa7c1cbcbd5b2d439e18527d57e6f878796f19,2023-12-05T17:10:52.063000,sent,kaspa:qza625c6xwzkep75zpvdn2d53m7tr7g2hrrr25pqyt69wqvu6k84kjsm9fv0l,1650900000000,
5a0bfa82519fda7ea3084a48b0fa7c1cbcbd5b2d439e18527d57e6f878796f19,2023-12-05T17:10:52.063000,sent,kaspa:qza625c6xwzkep75zpvdn2d53m7tr7g2hrrr25pqyt69wqvu6k84kjsm9fv0l,1650900000000,
5a0bfa82519fda7ea3084a48b0fa7c1cbcbd5b2d439e18527d57e6f878796f19,2023-12-05T17:10:52.063000,sent,kaspa:qza625c6xwzkep75zpvdn2d53m7tr7g2hrrr25pqyt69wqvu6k84kjsm9fv0l,1650900000000,
5a0bfa82519fda7ea3084a48b0fa7c1cbcbd5b2d439e18527d57e6f878796f19,2023-12-05T17:10:52.063000,sent,kaspa:qza625c6xwzkep75zpvdn2d53m7tr7g2hrrr25pqyt69wqvu6k84kjsm9fv0l,1650900000000,
10f7ed77a4c213a964eae42548202799bf38878eafaab95b710a2623d3ab0646,2023-12-03T16:57:03.023000,received,kaspa:qzp2uh5teuh7755mw4667lvsrfk84z2q0yv495t7jhz4zw45ke9wquc8tzeg7,145857230000,
65efbab8e38110cb1e46c94c28e0280b2a66ac5046fe9ecf27699246fb8e9561,2023-11-30T15:16:05.275000,received,kaspa:qqeg35khwrymnrqzca5jsj2p3e97av3uremtdpevdv5eu8x9fdpyyudrn2f6p,187572410000,
4743faa10fe672d5d80906878171cc55cde0cede23063057f58c1a4b172d1299,2023-11-28T16:22:57.677000,received,kaspa:qpyn49vsvtgqcaa0dectzq3jcxc72u30q2dd2u876spm3kf5zzxcjswstaa8v,129445280000,
bf204e0d00a8f32742c19eeeae0231287a55f910e3a84fe6530e1400ab22cf65,2023-11-28T16:10:11.439000,received,kaspa:qqp8y4w6cf43fqpye7akdp9lh5k8zmxhfkhq0h8we5gvrpzl2pppqc2v76mm8,299332900000,
5dc73de68d3fb5964420e1ccdb41bc79c89ddb308957dc21bd976af03e17977a,2023-11-28T00:00:22.246000,received,kaspa:qzxf6c9k40d9s2v74dnwyv68ee8wk4kf4tqtavpn882ewdz3lw8rgv24stzz9,413164770000,
1d8c06bf3245c67bb4f539c6448f0d286b4d6896bc90348dcf54ad74ea9b0ace,2023-11-24T19:33:40.210000,received,kaspa:qzevykpj0sxcgw8d2lmhquta6vhgqmqw4n9kp7kqddc64ay09evgx4xc6p7z0,477517785736,
84599ef16f32befcbc9476f103a19ea30a7609b2674088c92d275ab12ea6646c,2023-11-16T07:01:11.153000,received,kaspa:qqetp7ct8kqss99fxmymyz5t3fezppxp0t58wl6pawp27elqd46uudme00cl0,9998000000000,
7927d4aae1ff994b7d2b704ea2d235c63877f07e341b3cb6d8a7936687756d0c,2023-11-07T16:40:50.451000,sent,kaspa:qza625c6xwzkep75zpvdn2d53m7tr7g2hrrr25pqyt69wqvu6k84kjsm9fv0l,20000000000000,
339bd2823113bee7b89d6e28b701d306db8d0f3794baa49ad4e39e3dbeab25db,2023-10-04T23:35:47.672000,sent,kaspa:qrn4rhskrkz47du4q4fn6w4rku7msw695vevy09wk8fg24774lkquywm5nqg0,10000000000000,
3ef78b635e6d91520075fe4fcf7d78db2817b3f57fc8b1fbfd67b84a0b1c10d1,2023-10-02T17:58:25.155000,sent,kaspa:qrn4rhskrkz47du4q4fn6w4rku7msw695vevy09wk8fg24774lkquywm5nqg0,5010300000000,
d545a6140c0fe4fe1320009943893b3210a797c40d8713603c5177304e692a66,2023-10-01T14:37:34.651000,sent,kaspa:qrn4rhskrkz47du4q4fn6w4rku7msw695vevy09wk8fg24774lkquywm5nqg0,3000000000000,
d545a6140c0fe4fe1320009943893b3210a797c40d8713603c5177304e692a66,2023-10-01T14:37:34.651000,sent,kaspa:qrn4rhskrkz47du4q4fn6w4rku7msw695vevy09wk8fg24774lkquywm5nqg0,3000000000000,
d8706e866e617025066f1e1f245ab63ed398b7c924b78f5b21ce50ef634834b0,2023-09-28T13:39:23.367000,received,kaspa:qqa66s3cqphzsqe3pv9y743nyl4zfpe58ey3csm5h0qx8rjd8lyvx7ka4ucfu,8000071982624,
feaf95651f57982706e80fe168f26b91eb4d128061c7849d63c9a92255410cb0,2023-09-19T16:13:57.233000,sent,kaspa:qrn4rhskrkz47du4q4fn6w4rku7msw695vevy09wk8fg24774lkquywm5nqg0,8200000000000,
feaf95651f57982706e80fe168f26b91eb4d128061c7849d63c9a92255410cb0,2023-09-19T16:13:57.233000,sent,kaspa:qrn4rhskrkz47du4q4fn6w4rku7msw695vevy09wk8fg24774lkquywm5nqg0,8200000000000,
feaf95651f57982706e80fe168f26b91eb4d128061c7849d63c9a92255410cb0,2023-09-19T16:13:57.233000,sent,kaspa:qrn4rhskrkz47du4q4fn6w4rku7msw695vevy09wk8fg24774lkquywm5nqg0,8200000000000,
4eb53e9a17c5f6d9881a4cd09c898d94c0a5ed9c559e50f05839bfac76d800b9,2023-09-18T19:46:11.041000,received,kaspa:qqnv4fwlnf3pa8747kz9jwjaj3zlcaknw8myzqlpdn62jgzyk66y24fdff3yk,5601572012,
331ca8ce3b57cd13ffc70309c5938249fdac4c9f279b090b040d8be9433efe5c,2023-09-18T00:36:17.294000,received,kaspa:qrwqjd8fdpf7tl228n9n68czvzwxx4wepsvjgxadkag89huqxal2gl4xy4vcm,204640646679,
3a6f7c74b5467daf84068d9d8a996e42cc1b54957b4a6c4c7b4e8b5447fca011,2023-09-17T20:54:12.336000,sent,kaspa:qrn4rhskrkz47du4q4fn6w4rku7msw695vevy09wk8fg24774lkquywm5nqg0,301100000000,
a33161cfa1382e52cfbdad3f6cdbd045fb3916cafab66937698318194e3895a3,2023-09-17T17:29:33.539000,sent,kaspa:qrn4rhskrkz47du4q4fn6w4rku7msw695vevy09wk8fg24774lkquywm5nqg0,2000000000000,
a33161cfa1382e52cfbdad3f6cdbd045fb3916cafab66937698318194e3895a3,2023-09-17T17:29:33.539000,sent,kaspa:qrn4rhskrkz47du4q4fn6w4rku7msw695vevy09wk8fg24774lkquywm5nqg0,2000000000000,
a33161cfa1382e52cfbdad3f6cdbd045fb3916cafab66937698318194e3895a3,2023-09-17T17:29:33.539000,sent,kaspa:qrn4rhskrkz47du4q4fn6w4rku7msw695vevy09wk8fg24774lkquywm5nqg0,2000000000000,
a33161cfa1382e52cfbdad3f6cdbd045fb3916cafab66937698318194e3895a3,2023-09-17T17:29:33.539000,sent,kaspa:qrn4rhskrkz47du4q4fn6w4rku7msw695vevy09wk8fg24774lkquywm5nqg0,2000000000000,
a33161cfa1382e52cfbdad3f6cdbd045fb3916cafab66937698318194e3895a3,2023-09-17T17:29:33.539000,sent,kaspa:qrn4rhskrkz47du4q4fn6w4rku7msw695vevy09wk8fg24774lkquywm5nqg0,2000000000000,
a33161cfa1382e52cfbdad3f6cdbd045fb3916cafab66937698318194e3895a3,2023-09-17T17:29:33.539000,sent,kaspa:qrn4rhskrkz47du4q4fn6w4rku7msw695vevy09wk8fg24774lkquywm5nqg0,2000000000000,
a33161cfa1382e52cfbdad3f6cdbd045fb3916cafab66937698318194e3895a3,2023-09-17T17:29:33.539000,sent,kaspa:qrn4rhskrkz47du4q4fn6w4rku7msw695vevy09wk8fg24774lkquywm5nqg0,2000000000000,
a33161cfa1382e52cfbdad3f6cdbd045fb3916cafab66937698318194e3895a3,2023-09-17T17:29:33.539000,sent,kaspa:qrn4rhskrkz47du4q4fn6w4rku7msw695vevy09wk8fg24774lkquywm5nqg0,2000000000000,
a33161cfa1382e52cfbdad3f6cdbd045fb3916cafab66937698318194e3895a3,2023-09-17T17:29:33.539000,sent,kaspa:qrn4rhskrkz47du4q4fn6w4rku7msw695vevy09wk8fg24774lkquywm5nqg0,2000000000000,
a33161cfa1382e52cfbdad3f6cdbd045fb3916cafab66937698318194e3895a3,2023-09-17T17:29:33.539000,sent,kaspa:qrn4rhskrkz47du4q4fn6w4rku7msw695vevy09wk8fg24774lkquywm5nqg0,2000000000000,
a33161cfa1382e52cfbdad3f6cdbd045fb3916cafab66937698318194e3895a3,2023-09-17T17:29:33.539000,sent,kaspa:qrn4rhskrkz47du4q4fn6w4rku7msw695vevy09wk8fg24774lkquywm5nqg0,2000000000000,
979f6d18f1305400a46984ef49a247587792988624c9fad434f2624edd14165a,2023-09-16T14:08:07.475000,received,kaspa:qzlqkz6hga3gpyungpjx8yy8ckc9g88h8g4njaqhjyuj0mfc06r52xsg59tve,6178875919,
5949e788669bb82d9265cec27bf0d428748fb08cd6a140ab99cdd3bfa1edee92,2023-09-15T17:50:02.500000,received,kaspa:qrg9y9yt6sfzrm3llh2qphdvcgdd8gm8zlsphr836qkdzmv6h5tq5nse4mx6g,7704709432,
c8273a01089dee64f00e98b1ec6eceaabfd005cc8875890aef43939f7afd0e3c,2023-09-14T14:03:43.435000,received,kaspa:qrktf0d8rnw9dn3hhhf3mtwxpmawry8pjtyss366m8w3sld5hclyw8rwhnnwx,7965081350,
99719400e685adc4dc5fc77c34e9547068ed424585ab06c51d5ec0789a69c12c,2023-09-13T14:13:19.353000,received,kaspa:qpgy55u7paxel2w3euyg2e0attysj00k0ewlwuycch30kt0wyp4eua955scuu,13609071996,
936799c4183fc96bcb440c47df2e0cc278c33b813ef4d0b3913e8893fa962aab,2023-09-12T02:53:21.948000,received,kaspa:qp9u3658gwfaddt0un6p44h0rn9237nzd64h0hztacycl0y3wxeqsreht6y5x,19223379993,
9159d7146aaa900504cd53bef5fc543c9e5ec4b1eb600353902b1a2e147ce1c7,2023-09-10T22:21:20.281000,received,kaspa:qr8k0z675jd05j5uw5w8zl202tf7g9v49nhdnp80ml33zef9wx3mgqd3a8r9l,20121491576,
c6ed7d95f5d133ba1c26158455341d978fce6e02010106bb15711266d6d35d15,2023-08-31T15:42:19.755000,received,kaspa:qppgvnqx3akd7ce32lqs54f3qysmvzmguu8kcxcu9k4zcel6sl0e6md5m265h,159167811000,
e5aa81fd33f9a58455ee9d2f4abbcf51648223af828525e4f26b11ed6b3a9ef8,2023-08-30T15:20:05.635000,received,kaspa:qqetp7ct8kqss99fxmymyz5t3fezppxp0t58wl6pawp27elqd46uudme00cl0,20000000000000,
30feed0373ae4bda95dea0dd53b10f1fdfc06984f2ecbc89dc9597f447ace5e2,2023-08-23T15:22:36.174000,received,kaspa:qrpvknp0g0dc9q0n5zu95t5n68saxsq5xdeqg4cpfc7m3aqv8nzq7n9vjye8y,70182480159,
b54dd5969b42111d73b42318c6749e5965608acd5b8201b2c461c3198c56507c,2023-08-03T22:23:03.379000,received,kaspa:qqetp7ct8kqss99fxmymyz5t3fezppxp0t58wl6pawp27elqd46uudme00cl0,29997012749800,
c36d955ce490add11ae6783de055adef6bd853a5e234227b0dae1c401d349f99,2023-08-03T22:19:13.773000,sent,kaspa:qrn4rhskrkz47du4q4fn6w4rku7msw695vevy09wk8fg24774lkquywm5nqg0,4007800000000,
5422daa4f894f274c00982b3d210017f0847136ee2064482152a376e92a20367,2023-08-03T01:12:12.324000,sent,kaspa:qrn4rhskrkz47du4q4fn6w4rku7msw695vevy09wk8fg24774lkquywm5nqg0,4400000000000,
5422daa4f894f274c00982b3d210017f0847136ee2064482152a376e92a20367,2023-08-03T01:12:12.324000,sent,kaspa:qrn4rhskrkz47du4q4fn6w4rku7msw695vevy09wk8fg24774lkquywm5nqg0,4400000000000,
5422daa4f894f274c00982b3d210017f0847136ee2064482152a376e92a20367,2023-08-03T01:12:12.324000,sent,kaspa:qrn4rhskrkz47du4q4fn6w4rku7msw695vevy09wk8fg24774lkquywm5nqg0,4400000000000,
5422daa4f894f274c00982b3d210017f0847136ee2064482152a376e92a20367,2023-08-03T01:12:12.324000,sent,kaspa:qrn4rhskrkz47du4q4fn6w4rku7msw695vevy09wk8fg24774lkquywm5nqg0,4400000000000,
5422daa4f894f274c00982b3d210017f0847136ee2064482152a376e92a20367,2023-08-03T01:12:12.324000,sent,kaspa:qrn4rhskrkz47du4q4fn6w4rku7msw695vevy09wk8fg24774lkquywm5nqg0,4400000000000,
f7d11265c23ebe9d87aa039003df4c4a650ad6442bc83d452e794cce5b8f0103,2023-06-22T13:08:23.338000,received,kaspa:qqde4vvjclcv9zxun8wywzfmryvtyp27wfkew90fquppgef46an8krdpxpulr,20042200000000,
957971ab8a8e4b51abb75051f3dd66304afaa16c7645c9c224fc19927766533e,2023-06-22T08:34:28.240000,received,kaspa:qrelgny7sr3vahq69yykxx36m65gvmhryxrlwngfzgu8xkdslum2yxjp3ap8m,2615192808000,Gate.io
6a2005978d90ab62d37e764fa938111e95c05fdae0421327ca945c0e3a27c858,2023-05-19T20:05:23.195000,received,kaspa:qqme5xje42j0zdu3r3esnqe0j2lqal33umjfzcqfflhfceyh798dwgn8ravq9,30000000000000,
6f3cac19f8f08c9e5659c968a1618643ac87bdf86448646b174ed98aa0cb043f,2023-05-12T20:34:04.190000,received,kaspa:qqywx2wszmnrsu0mzgav85rdwvzangfpdj9j3ady9jpr7hu4u8c2wl9wqgd6j,4198328460931,
853f6cfef951e2b971016c0e69a46683ef42271def1c9a8de76070b4034eed5a,2023-05-12T12:47:08.502000,received,kaspa:qp8kjzprfpee3vrhhk8sza4f3ggadnt8nu2f0jng52xzsldx2yh26hcs5p488,1552098290000,
853f6cfef951e2b971016c0e69a46683ef42271def1c9a8de76070b4034eed5a,2023-05-12T12:47:08.502000,received,kaspa:qp8kjzprfpee3vrhhk8sza4f3ggadnt8nu2f0jng52xzsldx2yh26hcs5p488,1552098290000,
853f6cfef951e2b971016c0e69a46683ef42271def1c9a8de76070b4034eed5a,2023-05-12T12:47:08.502000,received,kaspa:qp8kjzprfpee3vrhhk8sza4f3ggadnt8nu2f0jng52xzsldx2yh26hcs5p488,1552098290000,
853f6cfef951e2b971016c0e69a46683ef42271def1c9a8de76070b4034eed5a,2023-05-12T12:47:08.502000,received,kaspa:qp8kjzprfpee3vrhhk8sza4f3ggadnt8nu2f0jng52xzsldx2yh26hcs5p488,1552098290000,
853f6cfef951e2b971016c0e69a46683ef42271def1c9a8de76070b4034eed5a,2023-05-12T12:47:08.502000,received,kaspa:qp8kjzprfpee3vrhhk8sza4f3ggadnt8nu2f0jng52xzsldx2yh26hcs5p488,1552098290000,
853f6cfef951e2b971016c0e69a46683ef42271def1c9a8de76070b4034eed5a,2023-05-12T12:47:08.502000,received,kaspa:qp8kjzprfpee3vrhhk8sza4f3ggadnt8nu2f0jng52xzsldx2yh26hcs5p488,1552098290000,
853f6cfef951e2b971016c0e69a46683ef42271def1c9a8de76070b4034eed5a,2023-05-12T12:47:08.502000,received,kaspa:qp8kjzprfpee3vrhhk8sza4f3ggadnt8nu2f0jng52xzsldx2yh26hcs5p488,1552098290000,
853f6cfef951e2b971016c0e69a46683ef42271def1c9a8de76070b4034eed5a,2023-05-12T12:47:08.502000,received,kaspa:qp8kjzprfpee3vrhhk8sza4f3ggadnt8nu2f0jng52xzsldx2yh26hcs5p488,1552098290000,
853f6cfef951e2b971016c0e69a46683ef42271def1c9a8de76070b4034eed5a,2023-05-12T12:47:08.502000,received,kaspa:qp8kjzprfpee3vrhhk8sza4f3ggadnt8nu2f0jng52xzsldx2yh26hcs5p488,1552098290000,
853f6cfef951e2b971016c0e69a46683ef42271def1c9a8de76070b4034eed5a,2023-05-12T12:47:08.502000,received,kaspa:qp8kjzprfpee3vrhhk8sza4f3ggadnt8nu2f0jng52xzsldx2yh26hcs5p488,1552098290000,
