tx_id,timestamp,direction,peer_address,amount_sompi,cex_label
ff84b3e945d76d3431f8f9457c916ae38911e444a1375e374ec7054596f2bccc,2024-01-04T03:14:39.908000,sent,kaspa:qrg3hs5l445e5da29e26vm4l5jhhe2e6y66f8ux8nvd9xwe5glm3cdv7cz8rl,1999999997931,
ff84b3e945d76d3431f8f9457c916ae38911e444a1375e374ec7054596f2bccc,2024-01-04T03:14:39.908000,sent,kaspa:qrrgkknd6etqe3mv2ntyvtsa3s5xmgtcxre7vkvq5c6c4dv4ezjrs5q3v7prk,2232836026406,
fede35af2b7135bebe92c7875d2cea7f457ca9f81d7d33285f6ef4026c6b274a,2024-01-03T22:01:01.652000,received,kaspa:qzlwqln0vyjkj26m49ldmczrm5ltczl2q94v2n53as6nf64r97wm637mw6jms,4232836026406,
fede35af2b7135bebe92c7875d2cea7f457ca9f81d7d33285f6ef4026c6b274a,2024-01-03T22:01:01.652000,received,kaspa:qryxdt2echlu0g4hx3rzdtsuy3fnmt7p0nhvkrlvps2yhjp64a8qvmk7rcxc8,4232836026406,
fede35af2b7135bebe92c7875d2cea7f457ca9f81d7d33285f6ef4026c6b274a,2024-01-03T22:01:01.652000,received,kaspa:qrmgpspmlh6uf5lwesa7vtwhqr9txh8mccwnlqgwfhvl7029gc8s7m2r8278q,4232836026406,
