tx_id,timestamp,direction,peer_address,amount_sompi,cex_label
2d42c265f3ad3a8bb1af4fcc647f04e437b70515d550e626a05713ab88b49f35,2025-05-22T12:41:53.530000,sent,kaspa:qzhdyj845qqj395t8zchlycggqw4cmw0msftll7yqaz2ftrw9ed4ykfyy52sz,3667446874865,
2d42c265f3ad3a8bb1af4fcc647f04e437b70515d550e626a05713ab88b49f35,2025-05-22T12:41:53.530000,sent,kaspa:qzhdyj845qqj395t8zchlycggqw4cmw0msftll7yqaz2ftrw9ed4ykfyy52sz,3667446874865,
2d42c265f3ad3a8bb1af4fcc647f04e437b70515d550e626a05713ab88b49f35,2025-05-22T12:41:53.530000,sent,kaspa:qzhdyj845qqj395t8zchlycggqw4cmw0msftll7yqaz2ftrw9ed4ykfyy52sz,3667446874865,
2d42c265f3ad3a8bb1af4fcc647f04e437b70515d550e626a05713ab88b49f35,2025-05-22T12:41:53.530000,sent,kaspa:qzhdyj845qqj395t8zchlycggqw4cmw0msftll7yqaz2ftrw9ed4ykfyy52sz,3667446874865,
2d42c265f3ad3a8bb1af4fcc647f04e437b70515d550e626a05713ab88b49f35,2025-05-22T12:41:53.530000,sent,kaspa:qzhdyj845qqj395t8zchlycggqw4cmw0msftll7yqaz2ftrw9ed4ykfyy52sz,3667446874865,
2d42c265f3ad3a8bb1af4fcc647f04e437b70515d550e626a05713ab88b49f35,2025-05-22T12:41:53.530000,sent,kaspa:qzhdyj845qqj395t8zchlycggqw4cmw0msftll7yqaz2ftrw9ed4ykfyy52sz,3667446874865,
2d42c265f3ad3a8bb1af4fcc647f04e437b70515d550e626a05713ab88b49f35,2025-05-22T12:41:53.530000,sent,kaspa:qzhdyj845qqj395t8zchlycggqw4cmw0msftll7yqaz2ftrw9ed4ykfyy52sz,3667446874865,
2d42c265f3ad3a8bb1af4fcc647f04e437b70515d550e626a05713ab88b49f35,2025-05-22T12:41:53.530000,sent,kaspa:qzhdyj845qqj395t8zchlycggqw4cmw0msftll7yqaz2ftrw9ed4ykfyy52sz,3667446874865,
0ae51ef30b8e8a357253100eb9fdb1f9c8920c24b238a06d18e82ff1cffbf4ee,2025-05-22T05:50:30.511000,sent,kaspa:qzhdyj845qqj395t8zchlycggqw4cmw0msftll7yqaz2ftrw9ed4ykfyy52sz,567600000000,
652581239fd3d4f1c3020530aa6d06d510e51bd8c9a1d796f5777e7ce28958f9,2025-05-22T05:33:54.683000,sent,kaspa:qzhdyj845qqj395t8zchlycggqw4cmw0msftll7yqaz2ftrw9ed4ykfyy52sz,1830321480462,
652581239fd3d4f1c3020530aa6d06d510e51bd8c9a1d796f5777e7ce28958f9,2025-05-22T05:33:54.683000,sent,kaspa:qzhdyj845qqj395t8zchlycggqw4cmw0msftll7yqaz2ftrw9ed4ykfyy52sz,1830321480462,
45472b276862dc3aae8fe41fc7c4365ee672794417ff7dedb55c3e8811f4c0c2,2025-05-14T09:46:36.148000,received,kaspa:qpq94ntnvy8p9q6wrdwtn37xtspgashrydc0kuu8ctpyxulmh0wlxh2807zdh,347415690000,
084ec3fea30a15c6c0f0eb05ec8a824adac99c2c027116db0263ae8fe891e989,2025-05-13T10:14:35.187000,received,kaspa:qq3k4du6wf2g26j7ds6fqmgtgavgm3zy676wntp2e52nsuns2n4s6xkndmx0y,278891940000,
441f99aafab6945a932717f3d5753ab793f39cb3069be51fbd85a42e6cce2d98,2025-05-12T23:45:35.945000,received,kaspa:qq3k4du6wf2g26j7ds6fqmgtgavgm3zy676wntp2e52nsuns2n4s6xkndmx0y,281207660000,
a8407443c006521f9c3e31c97f4b65c41ed8472b8f75d72618d7a2e4dde0f7db,2025-05-12T11:42:35.430000,received,kaspa:qpq94ntnvy8p9q6wrdwtn37xtspgashrydc0kuu8ctpyxulmh0wlxh2807zdh,246950500000,
b822ef7867760ad0d2109258e9e6c8cc9fe387affdaf010d59750533dce6f798,2025-05-12T07:01:35.734000,received,kaspa:qq3k4du6wf2g26j7ds6fqmgtgavgm3zy676wntp2e52nsuns2n4s6xkndmx0y,271419320000,
26cfc8cfe14efcd6744f5efa78fe95851d4c6605b751ae858222b35c311626dd,2025-05-12T03:34:35.549000,received,kaspa:qpq94ntnvy8p9q6wrdwtn37xtspgashrydc0kuu8ctpyxulmh0wlxh2807zdh,572181670000,
89a2c9aad0dadc33b583c9be06c662ea544223b997473535d30058decfb817a8,2025-05-12T00:17:35.651000,received,kaspa:qq3k4du6wf2g26j7ds6fqmgtgavgm3zy676wntp2e52nsuns2n4s6xkndmx0y,1343910470000,
8097014df1274196669e2ee0d520c280fda905af208b8a7948c9b0d235c37226,2025-05-11T22:26:35.606000,received,kaspa:qq3k4du6wf2g26j7ds6fqmgtgavgm3zy676wntp2e52nsuns2n4s6xkndmx0y,1539310520000,
b79dc3940d5e4386ec401bcc4f55b095049a10ec8b26e74c18f28401b3bbab64,2025-05-11T21:59:35.266000,received,kaspa:qq3k4du6wf2g26j7ds6fqmgtgavgm3zy676wntp2e52nsuns2n4s6xkndmx0y,1184080600000,
1e5295adfa811b28d8e144bca66dd4853a7dbaf098006071ba08a033c5a0333d,2024-12-05T01:07:29.454000,sent,kaspa:qqu4fxz6j8pvhfnu7e320v29xv4p6hq6t9l6f396p8qd70eep9hdq0xthdgcj,1547869995631,
ab86123d88b947378b32a24d494e966241ffdf365690818e0711daa7600b72f6,2024-12-04T11:58:18.699000,received,kaspa:qpq94ntnvy8p9q6wrdwtn37xtspgashrydc0kuu8ctpyxulmh0wlxh2807zdh,1547869997256,
