tx_id,timestamp,direction,peer_address,amount_sompi,cex_label
aef9b748a51fc5cc372f90d9a957c275b4f5e094b3a13b83e09ab67650528934,2023-12-16T05:09:32.239000,sent,kaspa:qzslgwenzu78t6tldlng383g7ruu4enaljmnkgaulyrscjp7ldt26x8gfxck5,171940000,
aef9b748a51fc5cc372f90d9a957c275b4f5e094b3a13b83e09ab67650528934,2023-12-16T05:09:32.239000,sent,kaspa:qzslgwenzu78t6tldlng383g7ruu4enaljmnkgaulyrscjp7ldt26x8gfxck5,171940000,
13241890c36c909e3abe5d4fef6c305b4cba97a7107a7ee4d273569a97683dd4,2023-12-13T03:11:35.549000,received,kaspa:qypswxtcrv4ssyjaswy5w9387vq73mkuyq85tl34cee6qn5uexqy0csgnafnjx7,171000000,
0e2a48fd7c611d8d92b175f0c24e5062dbf43fd70185b8e1b5c17da6cb1621aa,2023-11-29T18:29:52.818000,sent,kaspa:qypawmdpmykm5wfyhgskepd345t7fg6jxwdgky2lk0mw2wrd3zqvjfs3yve2297,18000000,
099c956f06bceee43a8a2bcce394ae42035af8f1264fd45bf3afcd816f2e8b9e,2023-11-29T12:50:21.633000,received,kaspa:qpvn753256550h3q748kk43ek6u8sag3uw2c06vf5zsew86ncfraj8p7qkk3n,19000000,
