tx_id,timestamp,direction,peer_address,amount_sompi,cex_label
5c1b741a6aca285fb889b1f9e6a04059de58b77726af32b738a78db0879ae518,2024-07-11T20:52:34.936000,sent,kaspa:qq3k4du6wf2g26j7ds6fqmgtgavgm3zy676wntp2e52nsuns2n4s6xkndmx0y,5548257370,
d686bae4d3bc6aa21cccb3c93b727cd3b12ef9208b4e87445b8614964a57e8ed,2024-07-11T20:48:06.178000,received,kaspa:qpsl3w8l3zc9at870pkp4ufr32g55umt3yaa4qf3n2zw6xjv86lnjvjpkvdcy,5548367370,
5107276921f0ad295e868ce9923374509a3c08ad43c581b21011e9778a30404c,2024-07-05T21:58:42.322000,sent,kaspa:qq3k4du6wf2g26j7ds6fqmgtgavgm3zy676wntp2e52nsuns2n4s6xkndmx0y,5018290425,
8cf8eef5d5d7c4663ba5c94ccaaad9d0be96652ad47918c51662eeb78c7c2493,2024-07-05T21:53:53.188000,received,kaspa:qpsl3w8l3zc9at870pkp4ufr32g55umt3yaa4qf3n2zw6xjv86lnjvjpkvdcy,5018400425,
9d226016789bbaa94df765c99779cde538503570c5880b8c755f15c67fe18901,2024-07-01T14:50:14.471000,sent,kaspa:qq3k4du6wf2g26j7ds6fqmgtgavgm3zy676wntp2e52nsuns2n4s6xkndmx0y,5071214885,
b242bba1c272f77a842322c06019c258b4d2e1cba4625699d3626bc1952d7c8a,2024-07-01T14:45:35.861000,received,kaspa:qpsl3w8l3zc9at870pkp4ufr32g55umt3yaa4qf3n2zw6xjv86lnjvjpkvdcy,5071324885,
ce455ae674e6f1d57e8b12b2b74be77c8ae058822d313cb6305b5b14bb01811e,2024-06-26T01:30:59.154000,sent,kaspa:qq3k4du6wf2g26j7ds6fqmgtgavgm3zy676wntp2e52nsuns2n4s6xkndmx0y,9948178723,
031f7be59e8e283714115a93c74a0dc0178a10cbcaf4b09dea6d5ebc62bb3b47,2024-06-26T01:26:08.220000,received,kaspa:qpsl3w8l3zc9at870pkp4ufr32g55umt3yaa4qf3n2zw6xjv86lnjvjpkvdcy,9948288723,
d503f6c34074dcdcdf69bcd8eb2e38d03bb481684634b604297644a435c7c7ae,2024-06-07T19:20:23.403000,sent,kaspa:qq3k4du6wf2g26j7ds6fqmgtgavgm3zy676wntp2e52nsuns2n4s6xkndmx0y,5060042488,
f744f45300008d29614b0af38b56c40666a1a4dbe6d0bfb96c9b0dc85e1783ba,2024-06-07T19:15:20.820000,received,kaspa:qpsl3w8l3zc9at870pkp4ufr32g55umt3yaa4qf3n2zw6xjv86lnjvjpkvdcy,5060152488,
185e9ebfbb8398b8bf9755b1010d566e73c1176f98794ce56ac2790b8fe4f805,2024-06-03T16:01:25.323000,sent,kaspa:qq3k4du6wf2g26j7ds6fqmgtgavgm3zy676wntp2e52nsuns2n4s6xkndmx0y,5002000997,
a869efb38bd8110a9920c1b1160f55883ae2f56a4b15342def1cfedb8ef5063e,2024-06-03T15:56:43.394000,received,kaspa:qpsl3w8l3zc9at870pkp4ufr32g55umt3yaa4qf3n2zw6xjv86lnjvjpkvdcy,5002110997,
d15c514e97c2dd80acffac586f40f2b8b01f0e74165458fde399618637bf645b,2024-05-30T21:52:05.013000,sent,kaspa:qq3k4du6wf2g26j7ds6fqmgtgavgm3zy676wntp2e52nsuns2n4s6xkndmx0y,5124856458,
a0ed783cec6b7ffab3d33786dacc03568711d977832d966598c866dfe1c2a4ad,2024-05-30T21:47:26.199000,received,kaspa:qpsl3w8l3zc9at870pkp4ufr32g55umt3yaa4qf3n2zw6xjv86lnjvjpkvdcy,5124966458,
f98ee2bcc107a9768990b2e4b55260f9c3774b0f6c7248cdff370e4962fb9ece,2024-05-27T01:49:08.951000,sent,kaspa:qq3k4du6wf2g26j7ds6fqmgtgavgm3zy676wntp2e52nsuns2n4s6xkndmx0y,5267374763,
57ad95f8522742a4308c3f1f12feef4171ab6c1f52092f8ba30116287c9f58f8,2024-05-27T01:44:29.379000,received,kaspa:qpsl3w8l3zc9at870pkp4ufr32g55umt3yaa4qf3n2zw6xjv86lnjvjpkvdcy,5267484763,
fa5ced0b5592fdf39e77097473f5c04d25a7ac4ea2d41c67734172ce40effea7,2024-05-23T05:09:46.954000,sent,kaspa:qq3k4du6wf2g26j7ds6fqmgtgavgm3zy676wntp2e52nsuns2n4s6xkndmx0y,5000765749,
a7e2fb9116b14564411cf9ab7be32a8ab83ac9e43d64dbbaaabdeeb4b81c9cb5,2024-05-23T05:05:00.891000,received,kaspa:qpsl3w8l3zc9at870pkp4ufr32g55umt3yaa4qf3n2zw6xjv86lnjvjpkvdcy,5000875749,
9cefc1db3035144e0c3f356246440cec7f4b2a73a0f26e7841e840d28d83c4a5,2024-05-18T09:24:38.068000,sent,kaspa:qq3k4du6wf2g26j7ds6fqmgtgavgm3zy676wntp2e52nsuns2n4s6xkndmx0y,10218785129,
b8db2329948f74650e15bf17b5192fc13bb5f8418aeed4dbee68045290de6574,2024-05-18T09:19:55.026000,received,kaspa:qpsl3w8l3zc9at870pkp4ufr32g55umt3yaa4qf3n2zw6xjv86lnjvjpkvdcy,10218895129,
b8db2329948f74650e15bf17b5192fc13bb5f8418aeed4dbee68045290de6574,2024-05-18T09:19:55.026000,received,kaspa:qpsl3w8l3zc9at870pkp4ufr32g55umt3yaa4qf3n2zw6xjv86lnjvjpkvdcy,10218895129,
aeedd37eb92b7dccc74aefa8cab70c72777bcce5a2b7f54eb56b43b3b9f5b66c,2024-05-09T04:03:02.839000,sent,kaspa:qq3k4du6wf2g26j7ds6fqmgtgavgm3zy676wntp2e52nsuns2n4s6xkndmx0y,5005788112,
fcdbc16cd9ccaaf7bd138c40b8028643f74ad8745c085c2cc43e142154b71359,2024-05-09T03:58:22.111000,received,kaspa:qpsl3w8l3zc9at870pkp4ufr32g55umt3yaa4qf3n2zw6xjv86lnjvjpkvdcy,5005898112,
45d3574e75e06a625819f57ee91543fa28242819b5f556eb6d7bd9da3815e61b,2024-04-23T20:49:07.795000,sent,kaspa:qq3k4du6wf2g26j7ds6fqmgtgavgm3zy676wntp2e52nsuns2n4s6xkndmx0y,9931729182,
8567ee3440795b5eb6f4b7d596f441cf2585838a81dafc4d3f9648eb25909a45,2024-04-23T20:44:29.352000,received,kaspa:qpsl3w8l3zc9at870pkp4ufr32g55umt3yaa4qf3n2zw6xjv86lnjvjpkvdcy,9931839182,
52f68a5b64de695543d2b5388a9bb9668d1ea6bbdd4d0101682b8736382f78cd,2024-03-22T14:45:07.557000,sent,kaspa:qq3k4du6wf2g26j7ds6fqmgtgavgm3zy676wntp2e52nsuns2n4s6xkndmx0y,44994977984,
ace59415bb6cf6577eb1c060f87f101c6061a0eddd8dacaad3376e1a891997a5,2024-03-22T14:40:44.895000,received,kaspa:qpsl3w8l3zc9at870pkp4ufr32g55umt3yaa4qf3n2zw6xjv86lnjvjpkvdcy,44995087984,
ace59415bb6cf6577eb1c060f87f101c6061a0eddd8dacaad3376e1a891997a5,2024-03-22T14:40:44.895000,received,kaspa:qpsl3w8l3zc9at870pkp4ufr32g55umt3yaa4qf3n2zw6xjv86lnjvjpkvdcy,44995087984,
ace59415bb6cf6577eb1c060f87f101c6061a0eddd8dacaad3376e1a891997a5,2024-03-22T14:40:44.895000,received,kaspa:qpsl3w8l3zc9at870pkp4ufr32g55umt3yaa4qf3n2zw6xjv86lnjvjpkvdcy,44995087984,
ace59415bb6cf6577eb1c060f87f101c6061a0eddd8dacaad3376e1a891997a5,2024-03-22T14:40:44.895000,received,kaspa:qpsl3w8l3zc9at870pkp4ufr32g55umt3yaa4qf3n2zw6xjv86lnjvjpkvdcy,44995087984,
ace59415bb6cf6577eb1c060f87f101c6061a0eddd8dacaad3376e1a891997a5,2024-03-22T14:40:44.895000,received,kaspa:qpsl3w8l3zc9at870pkp4ufr32g55umt3yaa4qf3n2zw6xjv86lnjvjpkvdcy,44995087984,
ace59415bb6cf6577eb1c060f87f101c6061a0eddd8dacaad3376e1a891997a5,2024-03-22T14:40:44.895000,received,kaspa:qpsl3w8l3zc9at870pkp4ufr32g55umt3yaa4qf3n2zw6xjv86lnjvjpkvdcy,44995087984,
ace59415bb6cf6577eb1c060f87f101c6061a0eddd8dacaad3376e1a891997a5,2024-03-22T14:40:44.895000,received,kaspa:qpsl3w8l3zc9at870pkp4ufr32g55umt3yaa4qf3n2zw6xjv86lnjvjpkvdcy,44995087984,
c7739b59d9aa3aff02fb15f79fd2412a89c71198e4d3ddf42089aaf3eba97355,2024-03-07T18:37:28.431000,sent,kaspa:qq3k4du6wf2g26j7ds6fqmgtgavgm3zy676wntp2e52nsuns2n4s6xkndmx0y,45368882316,
f183890486fafac8f4930ea19f9856ea5ca6f30dbba663891fcfb27d3ce5b5c8,2024-03-07T18:32:48.222000,received,kaspa:qr4r7nl5eqve79vm9wpxjm68tqmgp44wfpu85yzan5k2tsaz265ajapjr37dx,45368992316,
f183890486fafac8f4930ea19f9856ea5ca6f30dbba663891fcfb27d3ce5b5c8,2024-03-07T18:32:48.222000,received,kaspa:qpsl3w8l3zc9at870pkp4ufr32g55umt3yaa4qf3n2zw6xjv86lnjvjpkvdcy,45368992316,
f183890486fafac8f4930ea19f9856ea5ca6f30dbba663891fcfb27d3ce5b5c8,2024-03-07T18:32:48.222000,received,kaspa:qpsl3w8l3zc9at870pkp4ufr32g55umt3yaa4qf3n2zw6xjv86lnjvjpkvdcy,45368992316,
f183890486fafac8f4930ea19f9856ea5ca6f30dbba663891fcfb27d3ce5b5c8,2024-03-07T18:32:48.222000,received,kaspa:qpsl3w8l3zc9at870pkp4ufr32g55umt3yaa4qf3n2zw6xjv86lnjvjpkvdcy,45368992316,
f183890486fafac8f4930ea19f9856ea5ca6f30dbba663891fcfb27d3ce5b5c8,2024-03-07T18:32:48.222000,received,kaspa:qpsl3w8l3zc9at870pkp4ufr32g55umt3yaa4qf3n2zw6xjv86lnjvjpkvdcy,45368992316,
f183890486fafac8f4930ea19f9856ea5ca6f30dbba663891fcfb27d3ce5b5c8,2024-03-07T18:32:48.222000,received,kaspa:qpsl3w8l3zc9at870pkp4ufr32g55umt3yaa4qf3n2zw6xjv86lnjvjpkvdcy,45368992316,
f183890486fafac8f4930ea19f9856ea5ca6f30dbba663891fcfb27d3ce5b5c8,2024-03-07T18:32:48.222000,received,kaspa:qpsl3w8l3zc9at870pkp4ufr32g55umt3yaa4qf3n2zw6xjv86lnjvjpkvdcy,45368992316,
f183890486fafac8f4930ea19f9856ea5ca6f30dbba663891fcfb27d3ce5b5c8,2024-03-07T18:32:48.222000,received,kaspa:qpsl3w8l3zc9at870pkp4ufr32g55umt3yaa4qf3n2zw6xjv86lnjvjpkvdcy,45368992316,
f183890486fafac8f4930ea19f9856ea5ca6f30dbba663891fcfb27d3ce5b5c8,2024-03-07T18:32:48.222000,received,kaspa:qpsl3w8l3zc9at870pkp4ufr32g55umt3yaa4qf3n2zw6xjv86lnjvjpkvdcy,45368992316,
f183890486fafac8f4930ea19f9856ea5ca6f30dbba663891fcfb27d3ce5b5c8,2024-03-07T18:32:48.222000,received,kaspa:qpsl3w8l3zc9at870pkp4ufr32g55umt3yaa4qf3n2zw6xjv86lnjvjpkvdcy,45368992316,
f183890486fafac8f4930ea19f9856ea5ca6f30dbba663891fcfb27d3ce5b5c8,2024-03-07T18:32:48.222000,received,kaspa:qpsl3w8l3zc9at870pkp4ufr32g55umt3yaa4qf3n2zw6xjv86lnjvjpkvdcy,45368992316,
f183890486fafac8f4930ea19f9856ea5ca6f30dbba663891fcfb27d3ce5b5c8,2024-03-07T18:32:48.222000,received,kaspa:qpsl3w8l3zc9at870pkp4ufr32g55umt3yaa4qf3n2zw6xjv86lnjvjpkvdcy,45368992316,
f183890486fafac8f4930ea19f9856ea5ca6f30dbba663891fcfb27d3ce5b5c8,2024-03-07T18:32:48.222000,received,kaspa:qpsl3w8l3zc9at870pkp4ufr32g55umt3yaa4qf3n2zw6xjv86lnjvjpkvdcy,45368992316,
f183890486fafac8f4930ea19f9856ea5ca6f30dbba663891fcfb27d3ce5b5c8,2024-03-07T18:32:48.222000,received,kaspa:qpsl3w8l3zc9at870pkp4ufr32g55umt3yaa4qf3n2zw6xjv86lnjvjpkvdcy,45368992316,
f183890486fafac8f4930ea19f9856ea5ca6f30dbba663891fcfb27d3ce5b5c8,2024-03-07T18:32:48.222000,received,kaspa:qpsl3w8l3zc9at870pkp4ufr32g55umt3yaa4qf3n2zw6xjv86lnjvjpkvdcy,45368992316,
f183890486fafac8f4930ea19f9856ea5ca6f30dbba663891fcfb27d3ce5b5c8,2024-03-07T18:32:48.222000,received,kaspa:qpsl3w8l3zc9at870pkp4ufr32g55umt3yaa4qf3n2zw6xjv86lnjvjpkvdcy,45368992316,
f183890486fafac8f4930ea19f9856ea5ca6f30dbba663891fcfb27d3ce5b5c8,2024-03-07T18:32:48.222000,received,kaspa:qpsl3w8l3zc9at870pkp4ufr32g55umt3yaa4qf3n2zw6xjv86lnjvjpkvdcy,45368992316,
f183890486fafac8f4930ea19f9856ea5ca6f30dbba663891fcfb27d3ce5b5c8,2024-03-07T18:32:48.222000,received,kaspa:qpsl3w8l3zc9at870pkp4ufr32g55umt3yaa4qf3n2zw6xjv86lnjvjpkvdcy,45368992316,
f183890486fafac8f4930ea19f9856ea5ca6f30dbba663891fcfb27d3ce5b5c8,2024-03-07T18:32:48.222000,received,kaspa:qpsl3w8l3zc9at870pkp4ufr32g55umt3yaa4qf3n2zw6xjv86lnjvjpkvdcy,45368992316,
f183890486fafac8f4930ea19f9856ea5ca6f30dbba663891fcfb27d3ce5b5c8,2024-03-07T18:32:48.222000,received,kaspa:qpsl3w8l3zc9at870pkp4ufr32g55umt3yaa4qf3n2zw6xjv86lnjvjpkvdcy,45368992316,
f183890486fafac8f4930ea19f9856ea5ca6f30dbba663891fcfb27d3ce5b5c8,2024-03-07T18:32:48.222000,received,kaspa:qpsl3w8l3zc9at870pkp4ufr32g55umt3yaa4qf3n2zw6xjv86lnjvjpkvdcy,45368992316,
f183890486fafac8f4930ea19f9856ea5ca6f30dbba663891fcfb27d3ce5b5c8,2024-03-07T18:32:48.222000,received,kaspa:qpsl3w8l3zc9at870pkp4ufr32g55umt3yaa4qf3n2zw6xjv86lnjvjpkvdcy,45368992316,
f183890486fafac8f4930ea19f9856ea5ca6f30dbba663891fcfb27d3ce5b5c8,2024-03-07T18:32:48.222000,received,kaspa:qpsl3w8l3zc9at870pkp4ufr32g55umt3yaa4qf3n2zw6xjv86lnjvjpkvdcy,45368992316,
f183890486fafac8f4930ea19f9856ea5ca6f30dbba663891fcfb27d3ce5b5c8,2024-03-07T18:32:48.222000,received,kaspa:qpsl3w8l3zc9at870pkp4ufr32g55umt3yaa4qf3n2zw6xjv86lnjvjpkvdcy,45368992316,
f183890486fafac8f4930ea19f9856ea5ca6f30dbba663891fcfb27d3ce5b5c8,2024-03-07T18:32:48.222000,received,kaspa:qpsl3w8l3zc9at870pkp4ufr32g55umt3yaa4qf3n2zw6xjv86lnjvjpkvdcy,45368992316,
f183890486fafac8f4930ea19f9856ea5ca6f30dbba663891fcfb27d3ce5b5c8,2024-03-07T18:32:48.222000,received,kaspa:qpsl3w8l3zc9at870pkp4ufr32g55umt3yaa4qf3n2zw6xjv86lnjvjpkvdcy,45368992316,
f183890486fafac8f4930ea19f9856ea5ca6f30dbba663891fcfb27d3ce5b5c8,2024-03-07T18:32:48.222000,received,kaspa:qpsl3w8l3zc9at870pkp4ufr32g55umt3yaa4qf3n2zw6xjv86lnjvjpkvdcy,45368992316,
f183890486fafac8f4930ea19f9856ea5ca6f30dbba663891fcfb27d3ce5b5c8,2024-03-07T18:32:48.222000,received,kaspa:qpsl3w8l3zc9at870pkp4ufr32g55umt3yaa4qf3n2zw6xjv86lnjvjpkvdcy,45368992316,
f183890486fafac8f4930ea19f9856ea5ca6f30dbba663891fcfb27d3ce5b5c8,2024-03-07T18:32:48.222000,received,kaspa:qpsl3w8l3zc9at870pkp4ufr32g55umt3yaa4qf3n2zw6xjv86lnjvjpkvdcy,45368992316,
f183890486fafac8f4930ea19f9856ea5ca6f30dbba663891fcfb27d3ce5b5c8,2024-03-07T18:32:48.222000,received,kaspa:qpsl3w8l3zc9at870pkp4ufr32g55umt3yaa4qf3n2zw6xjv86lnjvjpkvdcy,45368992316,
f183890486fafac8f4930ea19f9856ea5ca6f30dbba663891fcfb27d3ce5b5c8,2024-03-07T18:32:48.222000,received,kaspa:qpsl3w8l3zc9at870pkp4ufr32g55umt3yaa4qf3n2zw6xjv86lnjvjpkvdcy,45368992316,
f183890486fafac8f4930ea19f9856ea5ca6f30dbba663891fcfb27d3ce5b5c8,2024-03-07T18:32:48.222000,received,kaspa:qpsl3w8l3zc9at870pkp4ufr32g55umt3yaa4qf3n2zw6xjv86lnjvjpkvdcy,45368992316,
f183890486fafac8f4930ea19f9856ea5ca6f30dbba663891fcfb27d3ce5b5c8,2024-03-07T18:32:48.222000,received,kaspa:qpsl3w8l3zc9at870pkp4ufr32g55umt3yaa4qf3n2zw6xjv86lnjvjpkvdcy,45368992316,
f183890486fafac8f4930ea19f9856ea5ca6f30dbba663891fcfb27d3ce5b5c8,2024-03-07T18:32:48.222000,received,kaspa:qpsl3w8l3zc9at870pkp4ufr32g55umt3yaa4qf3n2zw6xjv86lnjvjpkvdcy,45368992316,
f183890486fafac8f4930ea19f9856ea5ca6f30dbba663891fcfb27d3ce5b5c8,2024-03-07T18:32:48.222000,received,kaspa:qpsl3w8l3zc9at870pkp4ufr32g55umt3yaa4qf3n2zw6xjv86lnjvjpkvdcy,45368992316,
f183890486fafac8f4930ea19f9856ea5ca6f30dbba663891fcfb27d3ce5b5c8,2024-03-07T18:32:48.222000,received,kaspa:qpsl3w8l3zc9at870pkp4ufr32g55umt3yaa4qf3n2zw6xjv86lnjvjpkvdcy,45368992316,
f183890486fafac8f4930ea19f9856ea5ca6f30dbba663891fcfb27d3ce5b5c8,2024-03-07T18:32:48.222000,received,kaspa:qpsl3w8l3zc9at870pkp4ufr32g55umt3yaa4qf3n2zw6xjv86lnjvjpkvdcy,45368992316,
f183890486fafac8f4930ea19f9856ea5ca6f30dbba663891fcfb27d3ce5b5c8,2024-03-07T18:32:48.222000,received,kaspa:qpsl3w8l3zc9at870pkp4ufr32g55umt3yaa4qf3n2zw6xjv86lnjvjpkvdcy,45368992316,
f183890486fafac8f4930ea19f9856ea5ca6f30dbba663891fcfb27d3ce5b5c8,2024-03-07T18:32:48.222000,received,kaspa:qpsl3w8l3zc9at870pkp4ufr32g55umt3yaa4qf3n2zw6xjv86lnjvjpkvdcy,45368992316,
f183890486fafac8f4930ea19f9856ea5ca6f30dbba663891fcfb27d3ce5b5c8,2024-03-07T18:32:48.222000,received,kaspa:qpsl3w8l3zc9at870pkp4ufr32g55umt3yaa4qf3n2zw6xjv86lnjvjpkvdcy,45368992316,
f183890486fafac8f4930ea19f9856ea5ca6f30dbba663891fcfb27d3ce5b5c8,2024-03-07T18:32:48.222000,received,kaspa:qpsl3w8l3zc9at870pkp4ufr32g55umt3yaa4qf3n2zw6xjv86lnjvjpkvdcy,45368992316,
f183890486fafac8f4930ea19f9856ea5ca6f30dbba663891fcfb27d3ce5b5c8,2024-03-07T18:32:48.222000,received,kaspa:qpsl3w8l3zc9at870pkp4ufr32g55umt3yaa4qf3n2zw6xjv86lnjvjpkvdcy,45368992316,
f183890486fafac8f4930ea19f9856ea5ca6f30dbba663891fcfb27d3ce5b5c8,2024-03-07T18:32:48.222000,received,kaspa:qpsl3w8l3zc9at870pkp4ufr32g55umt3yaa4qf3n2zw6xjv86lnjvjpkvdcy,45368992316,
f183890486fafac8f4930ea19f9856ea5ca6f30dbba663891fcfb27d3ce5b5c8,2024-03-07T18:32:48.222000,received,kaspa:qpsl3w8l3zc9at870pkp4ufr32g55umt3yaa4qf3n2zw6xjv86lnjvjpkvdcy,45368992316,
f183890486fafac8f4930ea19f9856ea5ca6f30dbba663891fcfb27d3ce5b5c8,2024-03-07T18:32:48.222000,received,kaspa:qpsl3w8l3zc9at870pkp4ufr32g55umt3yaa4qf3n2zw6xjv86lnjvjpkvdcy,45368992316,
f183890486fafac8f4930ea19f9856ea5ca6f30dbba663891fcfb27d3ce5b5c8,2024-03-07T18:32:48.222000,received,kaspa:qpsl3w8l3zc9at870pkp4ufr32g55umt3yaa4qf3n2zw6xjv86lnjvjpkvdcy,45368992316,
f183890486fafac8f4930ea19f9856ea5ca6f30dbba663891fcfb27d3ce5b5c8,2024-03-07T18:32:48.222000,received,kaspa:qpsl3w8l3zc9at870pkp4ufr32g55umt3yaa4qf3n2zw6xjv86lnjvjpkvdcy,45368992316,
f183890486fafac8f4930ea19f9856ea5ca6f30dbba663891fcfb27d3ce5b5c8,2024-03-07T18:32:48.222000,received,kaspa:qpsl3w8l3zc9at870pkp4ufr32g55umt3yaa4qf3n2zw6xjv86lnjvjpkvdcy,45368992316,
15f398b69bd0d347146c74b9c36b90214b7d11063136dd80764b3b8c50fe236d,2024-02-26T05:40:47.821000,sent,kaspa:qq3k4du6wf2g26j7ds6fqmgtgavgm3zy676wntp2e52nsuns2n4s6xkndmx0y,54662341621,
5b74357a031bd3eaf534a72f25c7e757fd3976c4648cad9fe8b0588e0a315e00,2024-02-26T05:36:13.318000,received,kaspa:qr4r7nl5eqve79vm9wpxjm68tqmgp44wfpu85yzan5k2tsaz265ajapjr37dx,54662451621,
5b74357a031bd3eaf534a72f25c7e757fd3976c4648cad9fe8b0588e0a315e00,2024-02-26T05:36:13.318000,received,kaspa:qpsl3w8l3zc9at870pkp4ufr32g55umt3yaa4qf3n2zw6xjv86lnjvjpkvdcy,54662451621,
5b74357a031bd3eaf534a72f25c7e757fd3976c4648cad9fe8b0588e0a315e00,2024-02-26T05:36:13.318000,received,kaspa:qpsl3w8l3zc9at870pkp4ufr32g55umt3yaa4qf3n2zw6xjv86lnjvjpkvdcy,54662451621,
5b74357a031bd3eaf534a72f25c7e757fd3976c4648cad9fe8b0588e0a315e00,2024-02-26T05:36:13.318000,received,kaspa:qpsl3w8l3zc9at870pkp4ufr32g55umt3yaa4qf3n2zw6xjv86lnjvjpkvdcy,54662451621,
5b74357a031bd3eaf534a72f25c7e757fd3976c4648cad9fe8b0588e0a315e00,2024-02-26T05:36:13.318000,received,kaspa:qpsl3w8l3zc9at870pkp4ufr32g55umt3yaa4qf3n2zw6xjv86lnjvjpkvdcy,54662451621,
5b74357a031bd3eaf534a72f25c7e757fd3976c4648cad9fe8b0588e0a315e00,2024-02-26T05:36:13.318000,received,kaspa:qpsl3w8l3zc9at870pkp4ufr32g55umt3yaa4qf3n2zw6xjv86lnjvjpkvdcy,54662451621,
5b74357a031bd3eaf534a72f25c7e757fd3976c4648cad9fe8b0588e0a315e00,2024-02-26T05:36:13.318000,received,kaspa:qpsl3w8l3zc9at870pkp4ufr32g55umt3yaa4qf3n2zw6xjv86lnjvjpkvdcy,54662451621,
5b74357a031bd3eaf534a72f25c7e757fd3976c4648cad9fe8b0588e0a315e00,2024-02-26T05:36:13.318000,received,kaspa:qpsl3w8l3zc9at870pkp4ufr32g55umt3yaa4qf3n2zw6xjv86lnjvjpkvdcy,54662451621,
5b74357a031bd3eaf534a72f25c7e757fd3976c4648cad9fe8b0588e0a315e00,2024-02-26T05:36:13.318000,received,kaspa:qpsl3w8l3zc9at870pkp4ufr32g55umt3yaa4qf3n2zw6xjv86lnjvjpkvdcy,54662451621,
5b74357a031bd3eaf534a72f25c7e757fd3976c4648cad9fe8b0588e0a315e00,2024-02-26T05:36:13.318000,received,kaspa:qpsl3w8l3zc9at870pkp4ufr32g55umt3yaa4qf3n2zw6xjv86lnjvjpkvdcy,54662451621,
5b74357a031bd3eaf534a72f25c7e757fd3976c4648cad9fe8b0588e0a315e00,2024-02-26T05:36:13.318000,received,kaspa:qpsl3w8l3zc9at870pkp4ufr32g55umt3yaa4qf3n2zw6xjv86lnjvjpkvdcy,54662451621,
5b74357a031bd3eaf534a72f25c7e757fd3976c4648cad9fe8b0588e0a315e00,2024-02-26T05:36:13.318000,received,kaspa:qpsl3w8l3zc9at870pkp4ufr32g55umt3yaa4qf3n2zw6xjv86lnjvjpkvdcy,54662451621,
5b74357a031bd3eaf534a72f25c7e757fd3976c4648cad9fe8b0588e0a315e00,2024-02-26T05:36:13.318000,received,kaspa:qpsl3w8l3zc9at870pkp4ufr32g55umt3yaa4qf3n2zw6xjv86lnjvjpkvdcy,54662451621,
5b74357a031bd3eaf534a72f25c7e757fd3976c4648cad9fe8b0588e0a315e00,2024-02-26T05:36:13.318000,received,kaspa:qpsl3w8l3zc9at870pkp4ufr32g55umt3yaa4qf3n2zw6xjv86lnjvjpkvdcy,54662451621,
5b74357a031bd3eaf534a72f25c7e757fd3976c4648cad9fe8b0588e0a315e00,2024-02-26T05:36:13.318000,received,kaspa:qpsl3w8l3zc9at870pkp4ufr32g55umt3yaa4qf3n2zw6xjv86lnjvjpkvdcy,54662451621,
5b74357a031bd3eaf534a72f25c7e757fd3976c4648cad9fe8b0588e0a315e00,2024-02-26T05:36:13.318000,received,kaspa:qpsl3w8l3zc9at870pkp4ufr32g55umt3yaa4qf3n2zw6xjv86lnjvjpkvdcy,54662451621,
5b74357a031bd3eaf534a72f25c7e757fd3976c4648cad9fe8b0588e0a315e00,2024-02-26T05:36:13.318000,received,kaspa:qpsl3w8l3zc9at870pkp4ufr32g55umt3yaa4qf3n2zw6xjv86lnjvjpkvdcy,54662451621,
5b74357a031bd3eaf534a72f25c7e757fd3976c4648cad9fe8b0588e0a315e00,2024-02-26T05:36:13.318000,received,kaspa:qpsl3w8l3zc9at870pkp4ufr32g55umt3yaa4qf3n2zw6xjv86lnjvjpkvdcy,54662451621,
5b74357a031bd3eaf534a72f25c7e757fd3976c4648cad9fe8b0588e0a315e00,2024-02-26T05:36:13.318000,received,kaspa:qpsl3w8l3zc9at870pkp4ufr32g55umt3yaa4qf3n2zw6xjv86lnjvjpkvdcy,54662451621,
5b74357a031bd3eaf534a72f25c7e757fd3976c4648cad9fe8b0588e0a315e00,2024-02-26T05:36:13.318000,received,kaspa:qpsl3w8l3zc9at870pkp4ufr32g55umt3yaa4qf3n2zw6xjv86lnjvjpkvdcy,54662451621,
5b74357a031bd3eaf534a72f25c7e757fd3976c4648cad9fe8b0588e0a315e00,2024-02-26T05:36:13.318000,received,kaspa:qpsl3w8l3zc9at870pkp4ufr32g55umt3yaa4qf3n2zw6xjv86lnjvjpkvdcy,54662451621,
5b74357a031bd3eaf534a72f25c7e757fd3976c4648cad9fe8b0588e0a315e00,2024-02-26T05:36:13.318000,received,kaspa:qpsl3w8l3zc9at870pkp4ufr32g55umt3yaa4qf3n2zw6xjv86lnjvjpkvdcy,54662451621,
5b74357a031bd3eaf534a72f25c7e757fd3976c4648cad9fe8b0588e0a315e00,2024-02-26T05:36:13.318000,received,kaspa:qpsl3w8l3zc9at870pkp4ufr32g55umt3yaa4qf3n2zw6xjv86lnjvjpkvdcy,54662451621,
5b74357a031bd3eaf534a72f25c7e757fd3976c4648cad9fe8b0588e0a315e00,2024-02-26T05:36:13.318000,received,kaspa:qpsl3w8l3zc9at870pkp4ufr32g55umt3yaa4qf3n2zw6xjv86lnjvjpkvdcy,54662451621,
5b74357a031bd3eaf534a72f25c7e757fd3976c4648cad9fe8b0588e0a315e00,2024-02-26T05:36:13.318000,received,kaspa:qpsl3w8l3zc9at870pkp4ufr32g55umt3yaa4qf3n2zw6xjv86lnjvjpkvdcy,54662451621,
5b74357a031bd3eaf534a72f25c7e757fd3976c4648cad9fe8b0588e0a315e00,2024-02-26T05:36:13.318000,received,kaspa:qpsl3w8l3zc9at870pkp4ufr32g55umt3yaa4qf3n2zw6xjv86lnjvjpkvdcy,54662451621,
5b74357a031bd3eaf534a72f25c7e757fd3976c4648cad9fe8b0588e0a315e00,2024-02-26T05:36:13.318000,received,kaspa:qpsl3w8l3zc9at870pkp4ufr32g55umt3yaa4qf3n2zw6xjv86lnjvjpkvdcy,54662451621,
5b74357a031bd3eaf534a72f25c7e757fd3976c4648cad9fe8b0588e0a315e00,2024-02-26T05:36:13.318000,received,kaspa:qpsl3w8l3zc9at870pkp4ufr32g55umt3yaa4qf3n2zw6xjv86lnjvjpkvdcy,54662451621,
5b74357a031bd3eaf534a72f25c7e757fd3976c4648cad9fe8b0588e0a315e00,2024-02-26T05:36:13.318000,received,kaspa:qpsl3w8l3zc9at870pkp4ufr32g55umt3yaa4qf3n2zw6xjv86lnjvjpkvdcy,54662451621,
5b74357a031bd3eaf534a72f25c7e757fd3976c4648cad9fe8b0588e0a315e00,2024-02-26T05:36:13.318000,received,kaspa:qpsl3w8l3zc9at870pkp4ufr32g55umt3yaa4qf3n2zw6xjv86lnjvjpkvdcy,54662451621,
5b74357a031bd3eaf534a72f25c7e757fd3976c4648cad9fe8b0588e0a315e00,2024-02-26T05:36:13.318000,received,kaspa:qpsl3w8l3zc9at870pkp4ufr32g55umt3yaa4qf3n2zw6xjv86lnjvjpkvdcy,54662451621,
5b74357a031bd3eaf534a72f25c7e757fd3976c4648cad9fe8b0588e0a315e00,2024-02-26T05:36:13.318000,received,kaspa:qpsl3w8l3zc9at870pkp4ufr32g55umt3yaa4qf3n2zw6xjv86lnjvjpkvdcy,54662451621,
5b74357a031bd3eaf534a72f25c7e757fd3976c4648cad9fe8b0588e0a315e00,2024-02-26T05:36:13.318000,received,kaspa:qpsl3w8l3zc9at870pkp4ufr32g55umt3yaa4qf3n2zw6xjv86lnjvjpkvdcy,54662451621,
5b74357a031bd3eaf534a72f25c7e757fd3976c4648cad9fe8b0588e0a315e00,2024-02-26T05:36:13.318000,received,kaspa:qpsl3w8l3zc9at870pkp4ufr32g55umt3yaa4qf3n2zw6xjv86lnjvjpkvdcy,54662451621,
5b74357a031bd3eaf534a72f25c7e757fd3976c4648cad9fe8b0588e0a315e00,2024-02-26T05:36:13.318000,received,kaspa:qpsl3w8l3zc9at870pkp4ufr32g55umt3yaa4qf3n2zw6xjv86lnjvjpkvdcy,54662451621,
5b74357a031bd3eaf534a72f25c7e757fd3976c4648cad9fe8b0588e0a315e00,2024-02-26T05:36:13.318000,received,kaspa:qpsl3w8l3zc9at870pkp4ufr32g55umt3yaa4qf3n2zw6xjv86lnjvjpkvdcy,54662451621,
5b74357a031bd3eaf534a72f25c7e757fd3976c4648cad9fe8b0588e0a315e00,2024-02-26T05:36:13.318000,received,kaspa:qpsl3w8l3zc9at870pkp4ufr32g55umt3yaa4qf3n2zw6xjv86lnjvjpkvdcy,54662451621,
5b74357a031bd3eaf534a72f25c7e757fd3976c4648cad9fe8b0588e0a315e00,2024-02-26T05:36:13.318000,received,kaspa:qpsl3w8l3zc9at870pkp4ufr32g55umt3yaa4qf3n2zw6xjv86lnjvjpkvdcy,54662451621,
5b74357a031bd3eaf534a72f25c7e757fd3976c4648cad9fe8b0588e0a315e00,2024-02-26T05:36:13.318000,received,kaspa:qpsl3w8l3zc9at870pkp4ufr32g55umt3yaa4qf3n2zw6xjv86lnjvjpkvdcy,54662451621,
5b74357a031bd3eaf534a72f25c7e757fd3976c4648cad9fe8b0588e0a315e00,2024-02-26T05:36:13.318000,received,kaspa:qpsl3w8l3zc9at870pkp4ufr32g55umt3yaa4qf3n2zw6xjv86lnjvjpkvdcy,54662451621,
5b74357a031bd3eaf534a72f25c7e757fd3976c4648cad9fe8b0588e0a315e00,2024-02-26T05:36:13.318000,received,kaspa:qpsl3w8l3zc9at870pkp4ufr32g55umt3yaa4qf3n2zw6xjv86lnjvjpkvdcy,54662451621,
5b74357a031bd3eaf534a72f25c7e757fd3976c4648cad9fe8b0588e0a315e00,2024-02-26T05:36:13.318000,received,kaspa:qpsl3w8l3zc9at870pkp4ufr32g55umt3yaa4qf3n2zw6xjv86lnjvjpkvdcy,54662451621,
5b74357a031bd3eaf534a72f25c7e757fd3976c4648cad9fe8b0588e0a315e00,2024-02-26T05:36:13.318000,received,kaspa:qpsl3w8l3zc9at870pkp4ufr32g55umt3yaa4qf3n2zw6xjv86lnjvjpkvdcy,54662451621,
5b74357a031bd3eaf534a72f25c7e757fd3976c4648cad9fe8b0588e0a315e00,2024-02-26T05:36:13.318000,received,kaspa:qpsl3w8l3zc9at870pkp4ufr32g55umt3yaa4qf3n2zw6xjv86lnjvjpkvdcy,54662451621,
5b74357a031bd3eaf534a72f25c7e757fd3976c4648cad9fe8b0588e0a315e00,2024-02-26T05:36:13.318000,received,kaspa:qpsl3w8l3zc9at870pkp4ufr32g55umt3yaa4qf3n2zw6xjv86lnjvjpkvdcy,54662451621,
5b74357a031bd3eaf534a72f25c7e757fd3976c4648cad9fe8b0588e0a315e00,2024-02-26T05:36:13.318000,received,kaspa:qpsl3w8l3zc9at870pkp4ufr32g55umt3yaa4qf3n2zw6xjv86lnjvjpkvdcy,54662451621,
5b74357a031bd3eaf534a72f25c7e757fd3976c4648cad9fe8b0588e0a315e00,2024-02-26T05:36:13.318000,received,kaspa:qpsl3w8l3zc9at870pkp4ufr32g55umt3yaa4qf3n2zw6xjv86lnjvjpkvdcy,54662451621,
5b74357a031bd3eaf534a72f25c7e757fd3976c4648cad9fe8b0588e0a315e00,2024-02-26T05:36:13.318000,received,kaspa:qpsl3w8l3zc9at870pkp4ufr32g55umt3yaa4qf3n2zw6xjv86lnjvjpkvdcy,54662451621,
5b74357a031bd3eaf534a72f25c7e757fd3976c4648cad9fe8b0588e0a315e00,2024-02-26T05:36:13.318000,received,kaspa:qpsl3w8l3zc9at870pkp4ufr32g55umt3yaa4qf3n2zw6xjv86lnjvjpkvdcy,54662451621,
5b74357a031bd3eaf534a72f25c7e757fd3976c4648cad9fe8b0588e0a315e00,2024-02-26T05:36:13.318000,received,kaspa:qpsl3w8l3zc9at870pkp4ufr32g55umt3yaa4qf3n2zw6xjv86lnjvjpkvdcy,54662451621,
5b74357a031bd3eaf534a72f25c7e757fd3976c4648cad9fe8b0588e0a315e00,2024-02-26T05:36:13.318000,received,kaspa:qpsl3w8l3zc9at870pkp4ufr32g55umt3yaa4qf3n2zw6xjv86lnjvjpkvdcy,54662451621,
5b74357a031bd3eaf534a72f25c7e757fd3976c4648cad9fe8b0588e0a315e00,2024-02-26T05:36:13.318000,received,kaspa:qpsl3w8l3zc9at870pkp4ufr32g55umt3yaa4qf3n2zw6xjv86lnjvjpkvdcy,54662451621,
5b74357a031bd3eaf534a72f25c7e757fd3976c4648cad9fe8b0588e0a315e00,2024-02-26T05:36:13.318000,received,kaspa:qpsl3w8l3zc9at870pkp4ufr32g55umt3yaa4qf3n2zw6xjv86lnjvjpkvdcy,54662451621,
5b74357a031bd3eaf534a72f25c7e757fd3976c4648cad9fe8b0588e0a315e00,2024-02-26T05:36:13.318000,received,kaspa:qpsl3w8l3zc9at870pkp4ufr32g55umt3yaa4qf3n2zw6xjv86lnjvjpkvdcy,54662451621,
5b74357a031bd3eaf534a72f25c7e757fd3976c4648cad9fe8b0588e0a315e00,2024-02-26T05:36:13.318000,received,kaspa:qpsl3w8l3zc9at870pkp4ufr32g55umt3yaa4qf3n2zw6xjv86lnjvjpkvdcy,54662451621,
5b74357a031bd3eaf534a72f25c7e757fd3976c4648cad9fe8b0588e0a315e00,2024-02-26T05:36:13.318000,received,kaspa:qpsl3w8l3zc9at870pkp4ufr32g55umt3yaa4qf3n2zw6xjv86lnjvjpkvdcy,54662451621,
5b74357a031bd3eaf534a72f25c7e757fd3976c4648cad9fe8b0588e0a315e00,2024-02-26T05:36:13.318000,received,kaspa:qpsl3w8l3zc9at870pkp4ufr32g55umt3yaa4qf3n2zw6xjv86lnjvjpkvdcy,54662451621,
5b74357a031bd3eaf534a72f25c7e757fd3976c4648cad9fe8b0588e0a315e00,2024-02-26T05:36:13.318000,received,kaspa:qpsl3w8l3zc9at870pkp4ufr32g55umt3yaa4qf3n2zw6xjv86lnjvjpkvdcy,54662451621,
5b74357a031bd3eaf534a72f25c7e757fd3976c4648cad9fe8b0588e0a315e00,2024-02-26T05:36:13.318000,received,kaspa:qpsl3w8l3zc9at870pkp4ufr32g55umt3yaa4qf3n2zw6xjv86lnjvjpkvdcy,54662451621,
5b74357a031bd3eaf534a72f25c7e757fd3976c4648cad9fe8b0588e0a315e00,2024-02-26T05:36:13.318000,received,kaspa:qpsl3w8l3zc9at870pkp4ufr32g55umt3yaa4qf3n2zw6xjv86lnjvjpkvdcy,54662451621,
5b74357a031bd3eaf534a72f25c7e757fd3976c4648cad9fe8b0588e0a315e00,2024-02-26T05:36:13.318000,received,kaspa:qpsl3w8l3zc9at870pkp4ufr32g55umt3yaa4qf3n2zw6xjv86lnjvjpkvdcy,54662451621,
5b74357a031bd3eaf534a72f25c7e757fd3976c4648cad9fe8b0588e0a315e00,2024-02-26T05:36:13.318000,received,kaspa:qpsl3w8l3zc9at870pkp4ufr32g55umt3yaa4qf3n2zw6xjv86lnjvjpkvdcy,54662451621,
5b74357a031bd3eaf534a72f25c7e757fd3976c4648cad9fe8b0588e0a315e00,2024-02-26T05:36:13.318000,received,kaspa:qpsl3w8l3zc9at870pkp4ufr32g55umt3yaa4qf3n2zw6xjv86lnjvjpkvdcy,54662451621,
5b74357a031bd3eaf534a72f25c7e757fd3976c4648cad9fe8b0588e0a315e00,2024-02-26T05:36:13.318000,received,kaspa:qpsl3w8l3zc9at870pkp4ufr32g55umt3yaa4qf3n2zw6xjv86lnjvjpkvdcy,54662451621,
5b74357a031bd3eaf534a72f25c7e757fd3976c4648cad9fe8b0588e0a315e00,2024-02-26T05:36:13.318000,received,kaspa:qpsl3w8l3zc9at870pkp4ufr32g55umt3yaa4qf3n2zw6xjv86lnjvjpkvdcy,54662451621,
5b74357a031bd3eaf534a72f25c7e757fd3976c4648cad9fe8b0588e0a315e00,2024-02-26T05:36:13.318000,received,kaspa:qpsl3w8l3zc9at870pkp4ufr32g55umt3yaa4qf3n2zw6xjv86lnjvjpkvdcy,54662451621,
5b74357a031bd3eaf534a72f25c7e757fd3976c4648cad9fe8b0588e0a315e00,2024-02-26T05:36:13.318000,received,kaspa:qpsl3w8l3zc9at870pkp4ufr32g55umt3yaa4qf3n2zw6xjv86lnjvjpkvdcy,54662451621,
5b74357a031bd3eaf534a72f25c7e757fd3976c4648cad9fe8b0588e0a315e00,2024-02-26T05:36:13.318000,received,kaspa:qpsl3w8l3zc9at870pkp4ufr32g55umt3yaa4qf3n2zw6xjv86lnjvjpkvdcy,54662451621,
5b74357a031bd3eaf534a72f25c7e757fd3976c4648cad9fe8b0588e0a315e00,2024-02-26T05:36:13.318000,received,kaspa:qpsl3w8l3zc9at870pkp4ufr32g55umt3yaa4qf3n2zw6xjv86lnjvjpkvdcy,54662451621,
5b74357a031bd3eaf534a72f25c7e757fd3976c4648cad9fe8b0588e0a315e00,2024-02-26T05:36:13.318000,received,kaspa:qpsl3w8l3zc9at870pkp4ufr32g55umt3yaa4qf3n2zw6xjv86lnjvjpkvdcy,54662451621,
5b74357a031bd3eaf534a72f25c7e757fd3976c4648cad9fe8b0588e0a315e00,2024-02-26T05:36:13.318000,received,kaspa:qpsl3w8l3zc9at870pkp4ufr32g55umt3yaa4qf3n2zw6xjv86lnjvjpkvdcy,54662451621,
5b74357a031bd3eaf534a72f25c7e757fd3976c4648cad9fe8b0588e0a315e00,2024-02-26T05:36:13.318000,received,kaspa:qpsl3w8l3zc9at870pkp4ufr32g55umt3yaa4qf3n2zw6xjv86lnjvjpkvdcy,54662451621,
cd2b9e36bff1070246906555dea13e4e198288890ea90fb50a4b35c76b2fe52b,2024-02-16T05:56:48.367000,sent,kaspa:qq3k4du6wf2g26j7ds6fqmgtgavgm3zy676wntp2e52nsuns2n4s6xkndmx0y,38699890000,
8374049b43f843f22c51183152a35c9918f8f7cecddc1ce72cbcf32391819e3d,2024-02-16T05:52:44.456000,received,kaspa:qpvseq3hjzjtyctvlpe4csv6qeler8x576y9d3cwlhnruuamcvcyggqzeqn6u,38700000000,
8374049b43f843f22c51183152a35c9918f8f7cecddc1ce72cbcf32391819e3d,2024-02-16T05:52:44.456000,received,kaspa:qpvseq3hjzjtyctvlpe4csv6qeler8x576y9d3cwlhnruuamcvcyggqzeqn6u,38700000000,
d5e2a0b902e96d33fa681c85da33b8c1d457b39aa04d60f7b023b3aef439f085,2024-02-16T03:36:45.822000,sent,kaspa:qq3k4du6wf2g26j7ds6fqmgtgavgm3zy676wntp2e52nsuns2n4s6xkndmx0y,49999890000,
43ffeb68582b27e74d138b6d8be494049587a1fd9b602d3fd92dcb6bd8308962,2024-02-16T03:32:03.389000,received,kaspa:qpvseq3hjzjtyctvlpe4csv6qeler8x576y9d3cwlhnruuamcvcyggqzeqn6u,50000000000,
df4ed8c10ead2993a006673e086dac6189da7d0e87c310eb2c16ced1d39ccd63,2024-02-16T03:14:48.143000,sent,kaspa:qq3k4du6wf2g26j7ds6fqmgtgavgm3zy676wntp2e52nsuns2n4s6xkndmx0y,49999890000,
8e72143bce8bd8a40ac0e37fd45ca204b58febaf044b8c7c54887d200c85c4f4,2024-02-16T03:10:28.207000,received,kaspa:qpvseq3hjzjtyctvlpe4csv6qeler8x576y9d3cwlhnruuamcvcyggqzeqn6u,50000000000,
4e93040e256b270965f8c07b06ed17f3c9baadfd18b3983813f965cd2f7fb47d,2024-02-14T09:36:46.057000,sent,kaspa:qq3k4du6wf2g26j7ds6fqmgtgavgm3zy676wntp2e52nsuns2n4s6xkndmx0y,14315044391,
202cc026152abfec59a8127d6b5e73cc94a74cb632a6a9260658f2b3f608e19b,2024-02-14T09:31:56.218000,received,kaspa:qpsl3w8l3zc9at870pkp4ufr32g55umt3yaa4qf3n2zw6xjv86lnjvjpkvdcy,14315154391,
202cc026152abfec59a8127d6b5e73cc94a74cb632a6a9260658f2b3f608e19b,2024-02-14T09:31:56.218000,received,kaspa:qpsl3w8l3zc9at870pkp4ufr32g55umt3yaa4qf3n2zw6xjv86lnjvjpkvdcy,14315154391,
202cc026152abfec59a8127d6b5e73cc94a74cb632a6a9260658f2b3f608e19b,2024-02-14T09:31:56.218000,received,kaspa:qpsl3w8l3zc9at870pkp4ufr32g55umt3yaa4qf3n2zw6xjv86lnjvjpkvdcy,14315154391,
202cc026152abfec59a8127d6b5e73cc94a74cb632a6a9260658f2b3f608e19b,2024-02-14T09:31:56.218000,received,kaspa:qpsl3w8l3zc9at870pkp4ufr32g55umt3yaa4qf3n2zw6xjv86lnjvjpkvdcy,14315154391,
202cc026152abfec59a8127d6b5e73cc94a74cb632a6a9260658f2b3f608e19b,2024-02-14T09:31:56.218000,received,kaspa:qpsl3w8l3zc9at870pkp4ufr32g55umt3yaa4qf3n2zw6xjv86lnjvjpkvdcy,14315154391,
202cc026152abfec59a8127d6b5e73cc94a74cb632a6a9260658f2b3f608e19b,2024-02-14T09:31:56.218000,received,kaspa:qpsl3w8l3zc9at870pkp4ufr32g55umt3yaa4qf3n2zw6xjv86lnjvjpkvdcy,14315154391,
202cc026152abfec59a8127d6b5e73cc94a74cb632a6a9260658f2b3f608e19b,2024-02-14T09:31:56.218000,received,kaspa:qpsl3w8l3zc9at870pkp4ufr32g55umt3yaa4qf3n2zw6xjv86lnjvjpkvdcy,14315154391,
202cc026152abfec59a8127d6b5e73cc94a74cb632a6a9260658f2b3f608e19b,2024-02-14T09:31:56.218000,received,kaspa:qpsl3w8l3zc9at870pkp4ufr32g55umt3yaa4qf3n2zw6xjv86lnjvjpkvdcy,14315154391,
202cc026152abfec59a8127d6b5e73cc94a74cb632a6a9260658f2b3f608e19b,2024-02-14T09:31:56.218000,received,kaspa:qpsl3w8l3zc9at870pkp4ufr32g55umt3yaa4qf3n2zw6xjv86lnjvjpkvdcy,14315154391,
1be9b83ccf8d4aa38646818c06a319e936d4b582edfee96d02b2f32abf47f765,2024-02-13T17:11:48.330000,sent,kaspa:qq3k4du6wf2g26j7ds6fqmgtgavgm3zy676wntp2e52nsuns2n4s6xkndmx0y,11531016141,
f77dd238d892f6a4d19bbb344d61aedfcd44c9e4ca5c7fd1eeeb1c6d278e1a1e,2024-02-13T17:06:24.957000,received,kaspa:qpsl3w8l3zc9at870pkp4ufr32g55umt3yaa4qf3n2zw6xjv86lnjvjpkvdcy,11531126141,
f77dd238d892f6a4d19bbb344d61aedfcd44c9e4ca5c7fd1eeeb1c6d278e1a1e,2024-02-13T17:06:24.957000,received,kaspa:qpsl3w8l3zc9at870pkp4ufr32g55umt3yaa4qf3n2zw6xjv86lnjvjpkvdcy,11531126141,
f77dd238d892f6a4d19bbb344d61aedfcd44c9e4ca5c7fd1eeeb1c6d278e1a1e,2024-02-13T17:06:24.957000,received,kaspa:qpsl3w8l3zc9at870pkp4ufr32g55umt3yaa4qf3n2zw6xjv86lnjvjpkvdcy,11531126141,
f77dd238d892f6a4d19bbb344d61aedfcd44c9e4ca5c7fd1eeeb1c6d278e1a1e,2024-02-13T17:06:24.957000,received,kaspa:qpsl3w8l3zc9at870pkp4ufr32g55umt3yaa4qf3n2zw6xjv86lnjvjpkvdcy,11531126141,
f77dd238d892f6a4d19bbb344d61aedfcd44c9e4ca5c7fd1eeeb1c6d278e1a1e,2024-02-13T17:06:24.957000,received,kaspa:qpsl3w8l3zc9at870pkp4ufr32g55umt3yaa4qf3n2zw6xjv86lnjvjpkvdcy,11531126141,
f77dd238d892f6a4d19bbb344d61aedfcd44c9e4ca5c7fd1eeeb1c6d278e1a1e,2024-02-13T17:06:24.957000,received,kaspa:qpsl3w8l3zc9at870pkp4ufr32g55umt3yaa4qf3n2zw6xjv86lnjvjpkvdcy,11531126141,
f77dd238d892f6a4d19bbb344d61aedfcd44c9e4ca5c7fd1eeeb1c6d278e1a1e,2024-02-13T17:06:24.957000,received,kaspa:qpsl3w8l3zc9at870pkp4ufr32g55umt3yaa4qf3n2zw6xjv86lnjvjpkvdcy,11531126141,
f77dd238d892f6a4d19bbb344d61aedfcd44c9e4ca5c7fd1eeeb1c6d278e1a1e,2024-02-13T17:06:24.957000,received,kaspa:qpsl3w8l3zc9at870pkp4ufr32g55umt3yaa4qf3n2zw6xjv86lnjvjpkvdcy,11531126141,
f77dd238d892f6a4d19bbb344d61aedfcd44c9e4ca5c7fd1eeeb1c6d278e1a1e,2024-02-13T17:06:24.957000,received,kaspa:qpsl3w8l3zc9at870pkp4ufr32g55umt3yaa4qf3n2zw6xjv86lnjvjpkvdcy,11531126141,
f77dd238d892f6a4d19bbb344d61aedfcd44c9e4ca5c7fd1eeeb1c6d278e1a1e,2024-02-13T17:06:24.957000,received,kaspa:qpsl3w8l3zc9at870pkp4ufr32g55umt3yaa4qf3n2zw6xjv86lnjvjpkvdcy,11531126141,
f77dd238d892f6a4d19bbb344d61aedfcd44c9e4ca5c7fd1eeeb1c6d278e1a1e,2024-02-13T17:06:24.957000,received,kaspa:qpsl3w8l3zc9at870pkp4ufr32g55umt3yaa4qf3n2zw6xjv86lnjvjpkvdcy,11531126141,
f77dd238d892f6a4d19bbb344d61aedfcd44c9e4ca5c7fd1eeeb1c6d278e1a1e,2024-02-13T17:06:24.957000,received,kaspa:qpsl3w8l3zc9at870pkp4ufr32g55umt3yaa4qf3n2zw6xjv86lnjvjpkvdcy,11531126141,
f77dd238d892f6a4d19bbb344d61aedfcd44c9e4ca5c7fd1eeeb1c6d278e1a1e,2024-02-13T17:06:24.957000,received,kaspa:qpsl3w8l3zc9at870pkp4ufr32g55umt3yaa4qf3n2zw6xjv86lnjvjpkvdcy,11531126141,
f77dd238d892f6a4d19bbb344d61aedfcd44c9e4ca5c7fd1eeeb1c6d278e1a1e,2024-02-13T17:06:24.957000,received,kaspa:qpsl3w8l3zc9at870pkp4ufr32g55umt3yaa4qf3n2zw6xjv86lnjvjpkvdcy,11531126141,
f77dd238d892f6a4d19bbb344d61aedfcd44c9e4ca5c7fd1eeeb1c6d278e1a1e,2024-02-13T17:06:24.957000,received,kaspa:qpsl3w8l3zc9at870pkp4ufr32g55umt3yaa4qf3n2zw6xjv86lnjvjpkvdcy,11531126141,
f77dd238d892f6a4d19bbb344d61aedfcd44c9e4ca5c7fd1eeeb1c6d278e1a1e,2024-02-13T17:06:24.957000,received,kaspa:qpsl3w8l3zc9at870pkp4ufr32g55umt3yaa4qf3n2zw6xjv86lnjvjpkvdcy,11531126141,
f77dd238d892f6a4d19bbb344d61aedfcd44c9e4ca5c7fd1eeeb1c6d278e1a1e,2024-02-13T17:06:24.957000,received,kaspa:qpsl3w8l3zc9at870pkp4ufr32g55umt3yaa4qf3n2zw6xjv86lnjvjpkvdcy,11531126141,
f77dd238d892f6a4d19bbb344d61aedfcd44c9e4ca5c7fd1eeeb1c6d278e1a1e,2024-02-13T17:06:24.957000,received,kaspa:qpsl3w8l3zc9at870pkp4ufr32g55umt3yaa4qf3n2zw6xjv86lnjvjpkvdcy,11531126141,
f77dd238d892f6a4d19bbb344d61aedfcd44c9e4ca5c7fd1eeeb1c6d278e1a1e,2024-02-13T17:06:24.957000,received,kaspa:qpsl3w8l3zc9at870pkp4ufr32g55umt3yaa4qf3n2zw6xjv86lnjvjpkvdcy,11531126141,
f77dd238d892f6a4d19bbb344d61aedfcd44c9e4ca5c7fd1eeeb1c6d278e1a1e,2024-02-13T17:06:24.957000,received,kaspa:qpsl3w8l3zc9at870pkp4ufr32g55umt3yaa4qf3n2zw6xjv86lnjvjpkvdcy,11531126141,
f77dd238d892f6a4d19bbb344d61aedfcd44c9e4ca5c7fd1eeeb1c6d278e1a1e,2024-02-13T17:06:24.957000,received,kaspa:qpsl3w8l3zc9at870pkp4ufr32g55umt3yaa4qf3n2zw6xjv86lnjvjpkvdcy,11531126141,
f77dd238d892f6a4d19bbb344d61aedfcd44c9e4ca5c7fd1eeeb1c6d278e1a1e,2024-02-13T17:06:24.957000,received,kaspa:qpsl3w8l3zc9at870pkp4ufr32g55umt3yaa4qf3n2zw6xjv86lnjvjpkvdcy,11531126141,
f77dd238d892f6a4d19bbb344d61aedfcd44c9e4ca5c7fd1eeeb1c6d278e1a1e,2024-02-13T17:06:24.957000,received,kaspa:qpsl3w8l3zc9at870pkp4ufr32g55umt3yaa4qf3n2zw6xjv86lnjvjpkvdcy,11531126141,
f77dd238d892f6a4d19bbb344d61aedfcd44c9e4ca5c7fd1eeeb1c6d278e1a1e,2024-02-13T17:06:24.957000,received,kaspa:qpsl3w8l3zc9at870pkp4ufr32g55umt3yaa4qf3n2zw6xjv86lnjvjpkvdcy,11531126141,
f77dd238d892f6a4d19bbb344d61aedfcd44c9e4ca5c7fd1eeeb1c6d278e1a1e,2024-02-13T17:06:24.957000,received,kaspa:qpsl3w8l3zc9at870pkp4ufr32g55umt3yaa4qf3n2zw6xjv86lnjvjpkvdcy,11531126141,
f77dd238d892f6a4d19bbb344d61aedfcd44c9e4ca5c7fd1eeeb1c6d278e1a1e,2024-02-13T17:06:24.957000,received,kaspa:qpsl3w8l3zc9at870pkp4ufr32g55umt3yaa4qf3n2zw6xjv86lnjvjpkvdcy,11531126141,
f77dd238d892f6a4d19bbb344d61aedfcd44c9e4ca5c7fd1eeeb1c6d278e1a1e,2024-02-13T17:06:24.957000,received,kaspa:qpsl3w8l3zc9at870pkp4ufr32g55umt3yaa4qf3n2zw6xjv86lnjvjpkvdcy,11531126141,
f77dd238d892f6a4d19bbb344d61aedfcd44c9e4ca5c7fd1eeeb1c6d278e1a1e,2024-02-13T17:06:24.957000,received,kaspa:qpsl3w8l3zc9at870pkp4ufr32g55umt3yaa4qf3n2zw6xjv86lnjvjpkvdcy,11531126141,
f77dd238d892f6a4d19bbb344d61aedfcd44c9e4ca5c7fd1eeeb1c6d278e1a1e,2024-02-13T17:06:24.957000,received,kaspa:qpsl3w8l3zc9at870pkp4ufr32g55umt3yaa4qf3n2zw6xjv86lnjvjpkvdcy,11531126141,
f77dd238d892f6a4d19bbb344d61aedfcd44c9e4ca5c7fd1eeeb1c6d278e1a1e,2024-02-13T17:06:24.957000,received,kaspa:qpsl3w8l3zc9at870pkp4ufr32g55umt3yaa4qf3n2zw6xjv86lnjvjpkvdcy,11531126141,
f77dd238d892f6a4d19bbb344d61aedfcd44c9e4ca5c7fd1eeeb1c6d278e1a1e,2024-02-13T17:06:24.957000,received,kaspa:qpsl3w8l3zc9at870pkp4ufr32g55umt3yaa4qf3n2zw6xjv86lnjvjpkvdcy,11531126141,
f77dd238d892f6a4d19bbb344d61aedfcd44c9e4ca5c7fd1eeeb1c6d278e1a1e,2024-02-13T17:06:24.957000,received,kaspa:qpsl3w8l3zc9at870pkp4ufr32g55umt3yaa4qf3n2zw6xjv86lnjvjpkvdcy,11531126141,
f77dd238d892f6a4d19bbb344d61aedfcd44c9e4ca5c7fd1eeeb1c6d278e1a1e,2024-02-13T17:06:24.957000,received,kaspa:qpsl3w8l3zc9at870pkp4ufr32g55umt3yaa4qf3n2zw6xjv86lnjvjpkvdcy,11531126141,
f77dd238d892f6a4d19bbb344d61aedfcd44c9e4ca5c7fd1eeeb1c6d278e1a1e,2024-02-13T17:06:24.957000,received,kaspa:qpsl3w8l3zc9at870pkp4ufr32g55umt3yaa4qf3n2zw6xjv86lnjvjpkvdcy,11531126141,
f77dd238d892f6a4d19bbb344d61aedfcd44c9e4ca5c7fd1eeeb1c6d278e1a1e,2024-02-13T17:06:24.957000,received,kaspa:qpsl3w8l3zc9at870pkp4ufr32g55umt3yaa4qf3n2zw6xjv86lnjvjpkvdcy,11531126141,
f77dd238d892f6a4d19bbb344d61aedfcd44c9e4ca5c7fd1eeeb1c6d278e1a1e,2024-02-13T17:06:24.957000,received,kaspa:qpsl3w8l3zc9at870pkp4ufr32g55umt3yaa4qf3n2zw6xjv86lnjvjpkvdcy,11531126141,
f77dd238d892f6a4d19bbb344d61aedfcd44c9e4ca5c7fd1eeeb1c6d278e1a1e,2024-02-13T17:06:24.957000,received,kaspa:qpsl3w8l3zc9at870pkp4ufr32g55umt3yaa4qf3n2zw6xjv86lnjvjpkvdcy,11531126141,
f77dd238d892f6a4d19bbb344d61aedfcd44c9e4ca5c7fd1eeeb1c6d278e1a1e,2024-02-13T17:06:24.957000,received,kaspa:qpsl3w8l3zc9at870pkp4ufr32g55umt3yaa4qf3n2zw6xjv86lnjvjpkvdcy,11531126141,
f77dd238d892f6a4d19bbb344d61aedfcd44c9e4ca5c7fd1eeeb1c6d278e1a1e,2024-02-13T17:06:24.957000,received,kaspa:qpsl3w8l3zc9at870pkp4ufr32g55umt3yaa4qf3n2zw6xjv86lnjvjpkvdcy,11531126141,
f77dd238d892f6a4d19bbb344d61aedfcd44c9e4ca5c7fd1eeeb1c6d278e1a1e,2024-02-13T17:06:24.957000,received,kaspa:qpsl3w8l3zc9at870pkp4ufr32g55umt3yaa4qf3n2zw6xjv86lnjvjpkvdcy,11531126141,
f77dd238d892f6a4d19bbb344d61aedfcd44c9e4ca5c7fd1eeeb1c6d278e1a1e,2024-02-13T17:06:24.957000,received,kaspa:qpsl3w8l3zc9at870pkp4ufr32g55umt3yaa4qf3n2zw6xjv86lnjvjpkvdcy,11531126141,
f77dd238d892f6a4d19bbb344d61aedfcd44c9e4ca5c7fd1eeeb1c6d278e1a1e,2024-02-13T17:06:24.957000,received,kaspa:qpsl3w8l3zc9at870pkp4ufr32g55umt3yaa4qf3n2zw6xjv86lnjvjpkvdcy,11531126141,
f77dd238d892f6a4d19bbb344d61aedfcd44c9e4ca5c7fd1eeeb1c6d278e1a1e,2024-02-13T17:06:24.957000,received,kaspa:qpsl3w8l3zc9at870pkp4ufr32g55umt3yaa4qf3n2zw6xjv86lnjvjpkvdcy,11531126141,
f77dd238d892f6a4d19bbb344d61aedfcd44c9e4ca5c7fd1eeeb1c6d278e1a1e,2024-02-13T17:06:24.957000,received,kaspa:qpsl3w8l3zc9at870pkp4ufr32g55umt3yaa4qf3n2zw6xjv86lnjvjpkvdcy,11531126141,
f77dd238d892f6a4d19bbb344d61aedfcd44c9e4ca5c7fd1eeeb1c6d278e1a1e,2024-02-13T17:06:24.957000,received,kaspa:qpsl3w8l3zc9at870pkp4ufr32g55umt3yaa4qf3n2zw6xjv86lnjvjpkvdcy,11531126141,
f77dd238d892f6a4d19bbb344d61aedfcd44c9e4ca5c7fd1eeeb1c6d278e1a1e,2024-02-13T17:06:24.957000,received,kaspa:qpsl3w8l3zc9at870pkp4ufr32g55umt3yaa4qf3n2zw6xjv86lnjvjpkvdcy,11531126141,
f77dd238d892f6a4d19bbb344d61aedfcd44c9e4ca5c7fd1eeeb1c6d278e1a1e,2024-02-13T17:06:24.957000,received,kaspa:qpsl3w8l3zc9at870pkp4ufr32g55umt3yaa4qf3n2zw6xjv86lnjvjpkvdcy,11531126141,
f77dd238d892f6a4d19bbb344d61aedfcd44c9e4ca5c7fd1eeeb1c6d278e1a1e,2024-02-13T17:06:24.957000,received,kaspa:qpsl3w8l3zc9at870pkp4ufr32g55umt3yaa4qf3n2zw6xjv86lnjvjpkvdcy,11531126141,
f77dd238d892f6a4d19bbb344d61aedfcd44c9e4ca5c7fd1eeeb1c6d278e1a1e,2024-02-13T17:06:24.957000,received,kaspa:qpsl3w8l3zc9at870pkp4ufr32g55umt3yaa4qf3n2zw6xjv86lnjvjpkvdcy,11531126141,
f77dd238d892f6a4d19bbb344d61aedfcd44c9e4ca5c7fd1eeeb1c6d278e1a1e,2024-02-13T17:06:24.957000,received,kaspa:qpsl3w8l3zc9at870pkp4ufr32g55umt3yaa4qf3n2zw6xjv86lnjvjpkvdcy,11531126141,
f77dd238d892f6a4d19bbb344d61aedfcd44c9e4ca5c7fd1eeeb1c6d278e1a1e,2024-02-13T17:06:24.957000,received,kaspa:qpsl3w8l3zc9at870pkp4ufr32g55umt3yaa4qf3n2zw6xjv86lnjvjpkvdcy,11531126141,
f77dd238d892f6a4d19bbb344d61aedfcd44c9e4ca5c7fd1eeeb1c6d278e1a1e,2024-02-13T17:06:24.957000,received,kaspa:qpsl3w8l3zc9at870pkp4ufr32g55umt3yaa4qf3n2zw6xjv86lnjvjpkvdcy,11531126141,
f77dd238d892f6a4d19bbb344d61aedfcd44c9e4ca5c7fd1eeeb1c6d278e1a1e,2024-02-13T17:06:24.957000,received,kaspa:qpsl3w8l3zc9at870pkp4ufr32g55umt3yaa4qf3n2zw6xjv86lnjvjpkvdcy,11531126141,
f77dd238d892f6a4d19bbb344d61aedfcd44c9e4ca5c7fd1eeeb1c6d278e1a1e,2024-02-13T17:06:24.957000,received,kaspa:qpsl3w8l3zc9at870pkp4ufr32g55umt3yaa4qf3n2zw6xjv86lnjvjpkvdcy,11531126141,
f77dd238d892f6a4d19bbb344d61aedfcd44c9e4ca5c7fd1eeeb1c6d278e1a1e,2024-02-13T17:06:24.957000,received,kaspa:qpsl3w8l3zc9at870pkp4ufr32g55umt3yaa4qf3n2zw6xjv86lnjvjpkvdcy,11531126141,
f77dd238d892f6a4d19bbb344d61aedfcd44c9e4ca5c7fd1eeeb1c6d278e1a1e,2024-02-13T17:06:24.957000,received,kaspa:qpsl3w8l3zc9at870pkp4ufr32g55umt3yaa4qf3n2zw6xjv86lnjvjpkvdcy,11531126141,
f77dd238d892f6a4d19bbb344d61aedfcd44c9e4ca5c7fd1eeeb1c6d278e1a1e,2024-02-13T17:06:24.957000,received,kaspa:qpsl3w8l3zc9at870pkp4ufr32g55umt3yaa4qf3n2zw6xjv86lnjvjpkvdcy,11531126141,
f77dd238d892f6a4d19bbb344d61aedfcd44c9e4ca5c7fd1eeeb1c6d278e1a1e,2024-02-13T17:06:24.957000,received,kaspa:qpsl3w8l3zc9at870pkp4ufr32g55umt3yaa4qf3n2zw6xjv86lnjvjpkvdcy,11531126141,
f77dd238d892f6a4d19bbb344d61aedfcd44c9e4ca5c7fd1eeeb1c6d278e1a1e,2024-02-13T17:06:24.957000,received,kaspa:qpsl3w8l3zc9at870pkp4ufr32g55umt3yaa4qf3n2zw6xjv86lnjvjpkvdcy,11531126141,
f77dd238d892f6a4d19bbb344d61aedfcd44c9e4ca5c7fd1eeeb1c6d278e1a1e,2024-02-13T17:06:24.957000,received,kaspa:qpsl3w8l3zc9at870pkp4ufr32g55umt3yaa4qf3n2zw6xjv86lnjvjpkvdcy,11531126141,
f77dd238d892f6a4d19bbb344d61aedfcd44c9e4ca5c7fd1eeeb1c6d278e1a1e,2024-02-13T17:06:24.957000,received,kaspa:qpsl3w8l3zc9at870pkp4ufr32g55umt3yaa4qf3n2zw6xjv86lnjvjpkvdcy,11531126141,
f77dd238d892f6a4d19bbb344d61aedfcd44c9e4ca5c7fd1eeeb1c6d278e1a1e,2024-02-13T17:06:24.957000,received,kaspa:qpsl3w8l3zc9at870pkp4ufr32g55umt3yaa4qf3n2zw6xjv86lnjvjpkvdcy,11531126141,
f77dd238d892f6a4d19bbb344d61aedfcd44c9e4ca5c7fd1eeeb1c6d278e1a1e,2024-02-13T17:06:24.957000,received,kaspa:qpsl3w8l3zc9at870pkp4ufr32g55umt3yaa4qf3n2zw6xjv86lnjvjpkvdcy,11531126141,
f77dd238d892f6a4d19bbb344d61aedfcd44c9e4ca5c7fd1eeeb1c6d278e1a1e,2024-02-13T17:06:24.957000,received,kaspa:qpsl3w8l3zc9at870pkp4ufr32g55umt3yaa4qf3n2zw6xjv86lnjvjpkvdcy,11531126141,
f77dd238d892f6a4d19bbb344d61aedfcd44c9e4ca5c7fd1eeeb1c6d278e1a1e,2024-02-13T17:06:24.957000,received,kaspa:qpsl3w8l3zc9at870pkp4ufr32g55umt3yaa4qf3n2zw6xjv86lnjvjpkvdcy,11531126141,
f77dd238d892f6a4d19bbb344d61aedfcd44c9e4ca5c7fd1eeeb1c6d278e1a1e,2024-02-13T17:06:24.957000,received,kaspa:qpsl3w8l3zc9at870pkp4ufr32g55umt3yaa4qf3n2zw6xjv86lnjvjpkvdcy,11531126141,
f77dd238d892f6a4d19bbb344d61aedfcd44c9e4ca5c7fd1eeeb1c6d278e1a1e,2024-02-13T17:06:24.957000,received,kaspa:qpsl3w8l3zc9at870pkp4ufr32g55umt3yaa4qf3n2zw6xjv86lnjvjpkvdcy,11531126141,
f77dd238d892f6a4d19bbb344d61aedfcd44c9e4ca5c7fd1eeeb1c6d278e1a1e,2024-02-13T17:06:24.957000,received,kaspa:qpsl3w8l3zc9at870pkp4ufr32g55umt3yaa4qf3n2zw6xjv86lnjvjpkvdcy,11531126141,
f77dd238d892f6a4d19bbb344d61aedfcd44c9e4ca5c7fd1eeeb1c6d278e1a1e,2024-02-13T17:06:24.957000,received,kaspa:qpsl3w8l3zc9at870pkp4ufr32g55umt3yaa4qf3n2zw6xjv86lnjvjpkvdcy,11531126141,
f77dd238d892f6a4d19bbb344d61aedfcd44c9e4ca5c7fd1eeeb1c6d278e1a1e,2024-02-13T17:06:24.957000,received,kaspa:qpsl3w8l3zc9at870pkp4ufr32g55umt3yaa4qf3n2zw6xjv86lnjvjpkvdcy,11531126141,
f77dd238d892f6a4d19bbb344d61aedfcd44c9e4ca5c7fd1eeeb1c6d278e1a1e,2024-02-13T17:06:24.957000,received,kaspa:qpsl3w8l3zc9at870pkp4ufr32g55umt3yaa4qf3n2zw6xjv86lnjvjpkvdcy,11531126141,
f77dd238d892f6a4d19bbb344d61aedfcd44c9e4ca5c7fd1eeeb1c6d278e1a1e,2024-02-13T17:06:24.957000,received,kaspa:qpsl3w8l3zc9at870pkp4ufr32g55umt3yaa4qf3n2zw6xjv86lnjvjpkvdcy,11531126141,
f77dd238d892f6a4d19bbb344d61aedfcd44c9e4ca5c7fd1eeeb1c6d278e1a1e,2024-02-13T17:06:24.957000,received,kaspa:qpsl3w8l3zc9at870pkp4ufr32g55umt3yaa4qf3n2zw6xjv86lnjvjpkvdcy,11531126141,
f77dd238d892f6a4d19bbb344d61aedfcd44c9e4ca5c7fd1eeeb1c6d278e1a1e,2024-02-13T17:06:24.957000,received,kaspa:qpsl3w8l3zc9at870pkp4ufr32g55umt3yaa4qf3n2zw6xjv86lnjvjpkvdcy,11531126141,
f77dd238d892f6a4d19bbb344d61aedfcd44c9e4ca5c7fd1eeeb1c6d278e1a1e,2024-02-13T17:06:24.957000,received,kaspa:qpsl3w8l3zc9at870pkp4ufr32g55umt3yaa4qf3n2zw6xjv86lnjvjpkvdcy,11531126141,
bc24e81dc8ca21445c4e718917c1c2352a478da2b1ca3e10f94897ece97e1283,2023-08-28T15:15:53.615000,sent,kaspa:qq3k4du6wf2g26j7ds6fqmgtgavgm3zy676wntp2e52nsuns2n4s6xkndmx0y,200947339525,
994ca67b1ea85d6e3254ab9c95caecad1c566dfe80a4989b0278eada9c792ded,2023-08-28T15:11:29.463000,received,kaspa:qpvseq3hjzjtyctvlpe4csv6qeler8x576y9d3cwlhnruuamcvcyggqzeqn6u,200947359525,
994ca67b1ea85d6e3254ab9c95caecad1c566dfe80a4989b0278eada9c792ded,2023-08-28T15:11:29.463000,received,kaspa:qpvseq3hjzjtyctvlpe4csv6qeler8x576y9d3cwlhnruuamcvcyggqzeqn6u,200947359525,
994ca67b1ea85d6e3254ab9c95caecad1c566dfe80a4989b0278eada9c792ded,2023-08-28T15:11:29.463000,received,kaspa:qpvseq3hjzjtyctvlpe4csv6qeler8x576y9d3cwlhnruuamcvcyggqzeqn6u,200947359525,
994ca67b1ea85d6e3254ab9c95caecad1c566dfe80a4989b0278eada9c792ded,2023-08-28T15:11:29.463000,received,kaspa:qpvseq3hjzjtyctvlpe4csv6qeler8x576y9d3cwlhnruuamcvcyggqzeqn6u,200947359525,
994ca67b1ea85d6e3254ab9c95caecad1c566dfe80a4989b0278eada9c792ded,2023-08-28T15:11:29.463000,received,kaspa:qpvseq3hjzjtyctvlpe4csv6qeler8x576y9d3cwlhnruuamcvcyggqzeqn6u,200947359525,
994ca67b1ea85d6e3254ab9c95caecad1c566dfe80a4989b0278eada9c792ded,2023-08-28T15:11:29.463000,received,kaspa:qpvseq3hjzjtyctvlpe4csv6qeler8x576y9d3cwlhnruuamcvcyggqzeqn6u,200947359525,
