tx_id,timestamp,direction,peer_address,amount_sompi,cex_label
72d06479ba5196e494c9b67182e0b7677e0fb2c8c7ef1ab85a53a82bce19a75a,2023-12-13T08:37:23.527000,sent,kaspa:qqh06puhtgsu5utuakvv88ewhppn4dtp0k4a2df0xxga6ytg5p7vzcs0tuml5,14363160000,
6d2ff4786849d29d319e8614b9a76e10c649d8a23413cd5d5dffe63fcc9082c9,2023-12-12T02:05:06.569000,received,kaspa:qypswxtcrv4ssyjaswy5w9387vq73mkuyq85tl34cee6qn5uexqy0csgnafnjx7,171000000,
45a784c2508f25efd80d61bad69a8fdade4d12e3c76ee3ffb65c5724e4aa14b2,2023-11-27T20:09:46.068000,sent,kaspa:qypyfeg47de6dcus2crtcv2a9nv4vj33y2p88pnv7566rsr5wjmhluq58h3x4w3,18000000,
45a784c2508f25efd80d61bad69a8fdade4d12e3c76ee3ffb65c5724e4aa14b2,2023-11-27T20:09:46.068000,sent,kaspa:qz09caweeu7f8mwg42ypn8df5hgxnuxp4a3fp3c5qeww2g8rgfrvg8hz6wx4e,484220000,
e59c2c232552a4d392bc1b1dc09b4d8620aae32c8abf5a4520e7aa8ea46429a7,2023-11-27T19:59:36.334000,received,kaspa:qzda0arp4gy7lzddt73u736sdc0mtrtl4guhpg2dvapgwfsp0443s24qtl7x7,502230000,
