tx_id,timestamp,direction,peer_address,amount_sompi,cex_label
5e6bab42102d98aaef293ba29d83507ad23f34fc13eb15815a10ad7321cd6de3,2023-12-16T04:59:01.612000,sent,kaspa:qzslgwenzu78t6tldlng383g7ruu4enaljmnkgaulyrscjp7ldt26x8gfxck5,171940000,
5e6bab42102d98aaef293ba29d83507ad23f34fc13eb15815a10ad7321cd6de3,2023-12-16T04:59:01.612000,sent,kaspa:qzslgwenzu78t6tldlng383g7ruu4enaljmnkgaulyrscjp7ldt26x8gfxck5,171940000,
e24b633c6feade506cf5c48f6debbb0b0c6208ecb6fd059f537b541f90931ac2,2023-12-12T22:41:04.210000,received,kaspa:qypswxtcrv4ssyjaswy5w9387vq73mkuyq85tl34cee6qn5uexqy0csgnafnjx7,171000000,
20683fecb063e5206a78763b2b0167905572b073c60905667da93a5714e92767,2023-11-29T14:16:20.402000,sent,kaspa:qypfe02ryjplls2x85y9tglpl9srdus9eaneu8drrrlm0msq3u5mv3gafsszd25,18000000,
00ab4bf37925a894d604c6458b3093eac00bc6c12dcaeb6147c31a730256cb8d,2023-11-27T16:14:32.674000,received,kaspa:qquypqr858tgfxhvg26d99awpw5s968ydghes4p36p8enjxuxy4hqv8l257ya,19000000,
