tx_id,timestamp,direction,peer_address,amount_sompi,cex_label
082cc9734620b3be545fa99783c004c13b0e5280c87caa6c39d8809f90cf240c,2023-12-13T08:43:42.379000,sent,kaspa:qqh06puhtgsu5utuakvv88ewhppn4dtp0k4a2df0xxga6ytg5p7vzcs0tuml5,14363160000,
67ce3a002456f49be2cd9ce60213b6d0e6f9d32596cb4b4bba2d339997bf8f4f,2023-12-11T23:45:53.980000,received,kaspa:qypswxtcrv4ssyjaswy5w9387vq73mkuyq85tl34cee6qn5uexqy0csgnafnjx7,171000000,
90c58a917fcee9f40e5856c1831a692537e7f725544916324f0690e8bc0bf8f8,2023-11-27T13:56:29.480000,sent,kaspa:qyp9stkfteknlnd4geqq38kvslzeel0p5v9vj8ujnavez2eq0tzupzgdlmsgnfu,18000000,
90c58a917fcee9f40e5856c1831a692537e7f725544916324f0690e8bc0bf8f8,2023-11-27T13:56:29.480000,sent,kaspa:qz4kvythrwdcscr2t2dh7y9taz97vfee0zn2wyd5flzgsltxc8gf6ewx6869l,869650000,
69d3789a90d626f91e9b3e99196b0fe5d28c553ef85afb7bc94cedc9194023d8,2023-11-27T13:54:38.593000,received,kaspa:qq6sm4gfnhc9qa4d4rmwueyy3xuvn33d7g9rrl3f35ak3n6kwgxzjjha28whm,887660000,
