tx_id,timestamp,direction,peer_address,amount_sompi,cex_label
7e880d153d4ec2b95cf012182e0dda4c77f883d494823e57ec16b9aae850e6f4,2023-12-16T04:22:28.374000,sent,kaspa:qzslgwenzu78t6tldlng383g7ruu4enaljmnkgaulyrscjp7ldt26x8gfxck5,171940000,
7e880d153d4ec2b95cf012182e0dda4c77f883d494823e57ec16b9aae850e6f4,2023-12-16T04:22:28.374000,sent,kaspa:qzslgwenzu78t6tldlng383g7ruu4enaljmnkgaulyrscjp7ldt26x8gfxck5,171940000,
47755c1d2ef29fa810e7c6d10893eae1487a9210c5a9b4a576956ed5c0678f2a,2023-12-12T10:28:31.337000,received,kaspa:qypswxtcrv4ssyjaswy5w9387vq73mkuyq85tl34cee6qn5uexqy0csgnafnjx7,171000000,
18f6337422079f4b8bae8bba0e774a7fcabb497606d4f971bc12808015a0410f,2023-11-28T14:44:14.965000,sent,kaspa:qypp6p479nvl6zj7tme0rz7n4aypl559jcqp2n2zxlelpjczamtz3xcq0hjm5cy,18000000,
14978e1a9d38b4d4e04ec49b3381259a95c6a743a7fee646b5102dc6ffe36be9,2023-11-27T11:16:01.504000,received,kaspa:qpqx4wpyukq68x0ld6shf0meucep064jufpyyzk5a4gnut8pntjx7d6cw9z8c,19000000,
