tx_id,timestamp,direction,peer_address,amount_sompi,cex_label
90d01a8136ae19ae05bfe0b15cc6315bc3ff6a13a9ae32e40f58c9f627640d9d,2023-12-27T04:35:41.026000,sent,kaspa:qpjunp39ssazf4rzfxxu0hd35xggfxn6lq0ls9u9q6peevzcmcv4xmv9q4njd,4795643951987,
0df7547590a1b0d167a6ac90f8b89fea268b713f15b01f0043404be0fe873d2e,2023-12-27T01:44:09.760000,sent,kaspa:qpjunp39ssazf4rzfxxu0hd35xggfxn6lq0ls9u9q6peevzcmcv4xmv9q4njd,7480480988787,
6d3c13c8baa43e7122b5cb8dfa0b76e0a2bfea4c4c10964714928268ae4767e6,2023-11-17T01:33:20.896000,received,kaspa:qqwvnkp47wsj6n4hkdlgj8dsauyx0xvefunnwvvsmpq2udd0ka8ckmpuqw3k5,54500000000,
6d3c13c8baa43e7122b5cb8dfa0b76e0a2bfea4c4c10964714928268ae4767e6,2023-11-17T01:33:20.896000,received,kaspa:qqwvnkp47wsj6n4hkdlgj8dsauyx0xvefunnwvvsmpq2udd0ka8ckmpuqw3k5,54500000000,
6d3c13c8baa43e7122b5cb8dfa0b76e0a2bfea4c4c10964714928268ae4767e6,2023-11-17T01:33:20.896000,received,kaspa:qqwvnkp47wsj6n4hkdlgj8dsauyx0xvefunnwvvsmpq2udd0ka8ckmpuqw3k5,54500000000,
6d3c13c8baa43e7122b5cb8dfa0b76e0a2bfea4c4c10964714928268ae4767e6,2023-11-17T01:33:20.896000,received,kaspa:qqwvnkp47wsj6n4hkdlgj8dsauyx0xvefunnwvvsmpq2udd0ka8ckmpuqw3k5,54500000000,
d12314e399b26593b357127648c6c3ec647b8f601057a0eb037a096e485572be,2023-11-16T09:03:07.878000,received,kaspa:qqwvnkp47wsj6n4hkdlgj8dsauyx0xvefunnwvvsmpq2udd0ka8ckmpuqw3k5,85000000000,
d12314e399b26593b357127648c6c3ec647b8f601057a0eb037a096e485572be,2023-11-16T09:03:07.878000,received,kaspa:qqwvnkp47wsj6n4hkdlgj8dsauyx0xvefunnwvvsmpq2udd0ka8ckmpuqw3k5,85000000000,
d12314e399b26593b357127648c6c3ec647b8f601057a0eb037a096e485572be,2023-11-16T09:03:07.878000,received,kaspa:qqwvnkp47wsj6n4hkdlgj8dsauyx0xvefunnwvvsmpq2udd0ka8ckmpuqw3k5,85000000000,
d12314e399b26593b357127648c6c3ec647b8f601057a0eb037a096e485572be,2023-11-16T09:03:07.878000,received,kaspa:qqwvnkp47wsj6n4hkdlgj8dsauyx0xvefunnwvvsmpq2udd0ka8ckmpuqw3k5,85000000000,
d12314e399b26593b357127648c6c3ec647b8f601057a0eb037a096e485572be,2023-11-16T09:03:07.878000,received,kaspa:qqwvnkp47wsj6n4hkdlgj8dsauyx0xvefunnwvvsmpq2udd0ka8ckmpuqw3k5,85000000000,
d12314e399b26593b357127648c6c3ec647b8f601057a0eb037a096e485572be,2023-11-16T09:03:07.878000,received,kaspa:qqwvnkp47wsj6n4hkdlgj8dsauyx0xvefunnwvvsmpq2udd0ka8ckmpuqw3k5,85000000000,
d12314e399b26593b357127648c6c3ec647b8f601057a0eb037a096e485572be,2023-11-16T09:03:07.878000,received,kaspa:qqwvnkp47wsj6n4hkdlgj8dsauyx0xvefunnwvvsmpq2udd0ka8ckmpuqw3k5,85000000000,
d12314e399b26593b357127648c6c3ec647b8f601057a0eb037a096e485572be,2023-11-16T09:03:07.878000,received,kaspa:qqwvnkp47wsj6n4hkdlgj8dsauyx0xvefunnwvvsmpq2udd0ka8ckmpuqw3k5,85000000000,
d12314e399b26593b357127648c6c3ec647b8f601057a0eb037a096e485572be,2023-11-16T09:03:07.878000,received,kaspa:qqwvnkp47wsj6n4hkdlgj8dsauyx0xvefunnwvvsmpq2udd0ka8ckmpuqw3k5,85000000000,
