tx_id,timestamp,direction,peer_address,amount_sompi,cex_label
abdbf6f20aa036f4306002b6699dba0399776d333b63088302f1c718951322b6,2022-11-08T13:00:58.105000,sent,kaspa:qzxqj5c7ymvjpxdxadpmth0lcpxhp25tv7gck7yl0cwxfjhw35mjy2jc5644c,58100436416000,
abdbf6f20aa036f4306002b6699dba0399776d333b63088302f1c718951322b6,2022-11-08T13:00:58.105000,sent,kaspa:qpf8vda922f9zjy99ccrr0wdazvjva7tvkzelx870wcdphutax3lkald5fntc,502151984381,
8715b1776a9e80cff143186016585f4c4ff477845a0ceb894817f78b14382803,2022-11-05T07:36:29.284000,received,kaspa:qqp6xzjc6nde54pwhc5qlu3zf5d0dltgw0aly56pn0rgznq0p9932lweu3hjz,2015290956344,
8715b1776a9e80cff143186016585f4c4ff477845a0ceb894817f78b14382803,2022-11-05T07:36:29.284000,received,kaspa:qrlttdzeayr0yg36yjgaut7s07x3ehcknjk8e8zd5sltwd5u89meq4lnvv3wz,2015290956344,
8715b1776a9e80cff143186016585f4c4ff477845a0ceb894817f78b14382803,2022-11-05T07:36:29.284000,received,kaspa:qrn2zqa3alehn9pyf06rhcnkxgy5l2tujlvwgx489wlllk2u3qxfvfzglx2vq,2015290956344,
