tx_id,timestamp,direction,peer_address,amount_sompi,cex_label
908e3e1b83b8eba5ed6a470de91307b991588a8de50893e91d70287fe760c2e3,2024-02-17T09:45:27.221000,sent,kaspa:qqd463qjk795l7x06el7qjdh4hjtprah8mtnxx8exg8wz43fla4djkghheu25,172980000,
908e3e1b83b8eba5ed6a470de91307b991588a8de50893e91d70287fe760c2e3,2024-02-17T09:45:27.221000,sent,kaspa:qqd463qjk795l7x06el7qjdh4hjtprah8mtnxx8exg8wz43fla4djkghheu25,172980000,
19efae4a693435e5295829d282407458f2e813bcc2266406c179369dabf90e34,2023-12-12T22:57:59.674000,received,kaspa:qypswxtcrv4ssyjaswy5w9387vq73mkuyq85tl34cee6qn5uexqy0csgnafnjx7,171000000,
67d211b80ff18119dc4b386bb3fb91618207640c1524c281de8e74c8fc1ff8a8,2023-11-29T14:34:15.366000,sent,kaspa:qypfg7x68xmq55k272nqezva2pasqd3cvse89xuqagvm3uegc6ej7ucl83ulngu,18000000,
e133b8cdae4949de38d33b3e7086cd64db197ab6093d16dcbe4c45effc42ee63,2023-11-26T18:18:57.148000,received,kaspa:qyphjdfspkrm9wh3vhcwrjvgkcp9m8magzyjnrchf54yez3ht9p2rzgf26qpgxz,20000000,
