tx_id,timestamp,direction,peer_address,amount_sompi,cex_label
18f240cf0285914eae05f789c2feba171adc717fe98635c4584abdacb25e5878,2023-12-16T03:19:56.574000,sent,kaspa:qzslgwenzu78t6tldlng383g7ruu4enaljmnkgaulyrscjp7ldt26x8gfxck5,171940000,
18f240cf0285914eae05f789c2feba171adc717fe98635c4584abdacb25e5878,2023-12-16T03:19:56.574000,sent,kaspa:qzslgwenzu78t6tldlng383g7ruu4enaljmnkgaulyrscjp7ldt26x8gfxck5,171940000,
79a3aef04353e20b9e9e04da41212bdb2b420547f9250dc32c583abfd0241d5c,2023-12-12T03:08:52.042000,received,kaspa:qypswxtcrv4ssyjaswy5w9387vq73mkuyq85tl34cee6qn5uexqy0csgnafnjx7,171000000,
d5a92d277bffb0d0443e8df485b60ac84ede44a66a0f08901e569ada9a9d65bf,2023-11-28T01:02:33.812000,sent,kaspa:qypwtmj407fa4d3ryfujq4t6fg6klv0djsv7rzsfsgeq6cn8jasgcqqu89ma004,18000000,
319676cc6564089f3c80fd7222d52c115415e541051296bdab359d9212208704,2023-11-27T20:20:57.299000,received,kaspa:qqjyq6k04n3x02w9rj97mqqj558shn4gyfkclm3ks928uypf45er5tfhm646q,19000000,
