tx_id,timestamp,direction,peer_address,amount_sompi,cex_label
57668d69c23bc1c68b999c8eb9f94028707295f02013e2138c052155755e5dfb,2025-01-29T08:16:04.896000,received,kaspa:qpf4gjshrv5xgd7s0l7uehvcczcgx3u5juw77pt4q95h0ax0k62hvsvme480f,12807352688,
57668d69c23bc1c68b999c8eb9f94028707295f02013e2138c052155755e5dfb,2025-01-29T08:16:04.896000,received,kaspa:qpf4gjshrv5xgd7s0l7uehvcczcgx3u5juw77pt4q95h0ax0k62hvsvme480f,12807352688,
b185acd2292e3b08de6c109fa0517a3ff83fab6d11b42988ce9b8ec8203dac77,2024-11-28T16:12:50.467000,sent,kaspa:qp2gcdpp2y32rj559sx5paxdn6r74j0fpkzgppvxuku5zaswaa39v387y9gy5,819058925571,
fd25aa997d6a115b845d94583af8c4664d03b60ade739356e9c41bdf98cecc2f,2024-11-16T13:13:20.633000,sent,kaspa:pqg2zvuh0nt7kthk8tvwkgjd6vj369r2ul6c0n7gf0w8j6nqwlre2rt8aps0k,1000000000,
456a4b79d61ac40673a7e64be637e0061ea460576cc7ea1f4ca095e710d60e6d,2024-06-14T16:27:56.541000,sent,kaspa:qqrwjaseqfukmm4tckzsdh4ujequet4trz94a79gjsflh0p7x76f2sa5fxx3w,5000000000,
84d3c786ae6358505b15ac8d8b014e107545d0ac74054484e90da51247c3ab3d,2024-03-09T12:54:05.207000,received,kaspa:qqetp7ct8kqss99fxmymyz5t3fezppxp0t58wl6pawp27elqd46uudme00cl0,825058939255,
84d3c786ae6358505b15ac8d8b014e107545d0ac74054484e90da51247c3ab3d,2024-03-09T12:54:05.207000,received,kaspa:qqetp7ct8kqss99fxmymyz5t3fezppxp0t58wl6pawp27elqd46uudme00cl0,825058939255,
44975192340aff6943e998c77c716f47b2d498a595baa53bbb7116af24139281,2024-03-03T18:05:55.361000,sent,kaspa:qzsr7wme568ap8xahfnwtcxwt08gk8yewq9yzlvx8avz9rykqg43594njrktd,799073939255,
bf6ed3cad26707b0f131e63f5c439e4b990d139e80a44f737ed5625fc459eefa,2024-03-03T17:36:49.124000,sent,kaspa:qzsr7wme568ap8xahfnwtcxwt08gk8yewq9yzlvx8avz9rykqg43594njrktd,1000000000,
b378e2333a28aaa7446c45ce741c1cded7eb55c23c118a0e64d85696a0250b24,2024-03-01T19:17:19.525000,sent,kaspa:qypp56eshqmapr7u957ecvelxdlxkamz4rhev2qmghpkarmzngvtnqcp7fch8g4,24800000000,
30e572306d763ce3cde206c0aaa6aae6e2daffedbb7f798fedd237ba570cc5df,2024-02-29T08:04:09.981000,sent,kaspa:pzmzafrp42y48x6mneeu4p4r6tu76pwzdgvxakq66wrqlmu7g5qtj8r4fn20t,5000000000,
30e572306d763ce3cde206c0aaa6aae6e2daffedbb7f798fedd237ba570cc5df,2024-02-29T08:04:09.981000,sent,kaspa:pzmzafrp42y48x6mneeu4p4r6tu76pwzdgvxakq66wrqlmu7g5qtj8r4fn20t,5000000000,
608d4675e4dad7f1d1d5e7484e40ec7f48294702096cc15d489ef8455ce2e7b1,2024-02-27T20:53:40.927000,received,kaspa:qpq94ntnvy8p9q6wrdwtn37xtspgashrydc0kuu8ctpyxulmh0wlxh2807zdh,659521065032,
bf8b923408a1d2e0349cbf9c24bba633d468c9c4571af64c32cd5bc72686b20f,2024-02-27T20:45:54.974000,sent,kaspa:qpr87dpcpy6vazu5kj8x9zn4d39u276ha4ywaxkm8k57kxpqsvmukqly4hpwq,6000000000,
a625311288b1f37ad79b6f289a66446b4298075163c8698dfa9c3ca55c41a91f,2024-02-27T20:45:13.987000,received,kaspa:qpq94ntnvy8p9q6wrdwtn37xtspgashrydc0kuu8ctpyxulmh0wlxh2807zdh,176352934223,
13f7e684e82bf1fe33c72a73c20656cdaf68b33dea3bba363c7f7f8898faf193,2024-02-27T09:10:34.629000,sent,kaspa:qp8hqrvl8yu6fs4f6crqmn4ny44w5tcs297wvpgxmmag263tqkpwwdwddhgm7,656880474615,
f85fa87794cc4e70661a9893d808abacf39910bddf3bbe549caa1b2e8fb21de3,2024-02-16T17:24:37.501000,sent,kaspa:qq2efzv0j7vt9gz9gfq44e6ggemjvvcuewhzqpm4ekf4fs5smruvs3c8ur9rp,10000000000,
e046848b4a36451ba17725fb4d17577a87eebacc4d40b8c6cc68459f70676b4d,2024-02-13T14:18:07.242000,received,kaspa:qpq94ntnvy8p9q6wrdwtn37xtspgashrydc0kuu8ctpyxulmh0wlxh2807zdh,666880494615,
5ffc0715e6d81c2fcad74ea00700564c859acbee415f9614508b21561bb2bd65,2024-02-13T08:07:38.045000,sent,kaspa:qrjwgjdvckxr76hx0lzreess4w4me8rqyxx5uactzdcw48qhtuek6vx84n82k,663890558132,
9e69182e2d365b92db7ee7ea9e0ba832b6936b7075e784c2d164d91631168914,2024-02-11T18:28:39.940000,sent,kaspa:qypp56eshqmapr7u957ecvelxdlxkamz4rhev2qmghpkarmzngvtnqcp7fch8g4,1000000000000,
1e08d231b8cf69f819ddbe5522fa86feb3bb6d8f2023023b03519a7e00b93326,2024-02-10T12:50:06.452000,received,kaspa:qpq94ntnvy8p9q6wrdwtn37xtspgashrydc0kuu8ctpyxulmh0wlxh2807zdh,1663890578132,
