tx_id,timestamp,direction,peer_address,amount_sompi,cex_label
55d49c44ff5393e5e13f377bab6e0f1742348fafc229387c2a58dc6647ece99a,2024-07-01T19:18:29.472000,sent,kaspa:qzxp6upsvham7ghlk96vq2p64da9xsgl927nwuh057058vhpyjuuxc5lvthss,122600000000,
55d49c44ff5393e5e13f377bab6e0f1742348fafc229387c2a58dc6647ece99a,2024-07-01T19:18:29.472000,sent,kaspa:qzjcq3smfxyaz5m3x304haaaqkktvfr2l3jzau02kanq7xjvpv7p6ng0syq5e,1052322140,
8d4c22d9e31af60b8cedeaa1b8bc90bcc3ec1456aa7ca96056a913a1a5fc6b8d,2024-06-30T06:17:36.658000,received,kaspa:qqm7daj3jqjvqnqk7z9xn9futkdct9dzuzzkqed5kgpppfw72hg4u66yh0fv9,1002525360,
8d4c22d9e31af60b8cedeaa1b8bc90bcc3ec1456aa7ca96056a913a1a5fc6b8d,2024-06-30T06:17:36.658000,received,kaspa:qp2lpd0476hqcqw4g0zrqr4wzjctlzj40qzk687kt9pw3r2vvdwt6nxdscf2y,1002525360,
