tx_id,timestamp,direction,peer_address,amount_sompi,cex_label
113fe7f93c51385a187687da629ebb63f1e38180227d9a9cdca6351770fb33da,2023-12-14T01:22:59.653000,sent,kaspa:qzur03nkqdu3w209dxmpttyp028ttkt3jy86tq3f6zmk9ydvz7s7yf4lpz8dq,4274750000,
38ec7a491e90cb141fa350cfe06aa41b31573da6bf84b5a79e4ca6ff7ab30dbd,2023-12-12T06:35:14.297000,received,kaspa:qypswxtcrv4ssyjaswy5w9387vq73mkuyq85tl34cee6qn5uexqy0csgnafnjx7,171000000,
7f949ecdc3a39c66036d673e3304b23ca76f8cccf687894478568813fdd0d8d9,2023-11-28T07:35:06.309000,sent,kaspa:qyp7jxcwrz0eq5zgcn6mmvu7z9pcms5x9u65653ct5ynqpdzkr43t5gu638gu4e,18000000,
7f949ecdc3a39c66036d673e3304b23ca76f8cccf687894478568813fdd0d8d9,2023-11-28T07:35:06.309000,sent,kaspa:qq29a058ksa07h9tham9vqhwwmusm84vhjwtshzcd7msnp43auq5gdkw7zz9k,356960000,
ae09017df2c6c9407705967b4d32724a20e75a5a2854768e4feca01fc86cd9e3,2023-11-28T07:22:04.824000,received,kaspa:qzatn4cvhvphvwv5sx0e0x6prtwntsqympaklc2e74lkll2ff4mzv8rw8ryya,374970000,
