tx_id,timestamp,direction,peer_address,amount_sompi,cex_label
fae0052704c06c12b18bf74d828a61f716c227fe8cbda95f2348f0e9a8088f96,2024-01-07T05:32:14.759000,sent,kaspa:qrg3hs5l445e5da29e26vm4l5jhhe2e6y66f8ux8nvd9xwe5glm3cdv7cz8rl,3000000000000,
fae0052704c06c12b18bf74d828a61f716c227fe8cbda95f2348f0e9a8088f96,2024-01-07T05:32:14.759000,sent,kaspa:qz8t5yv6gm2an6p9lv7wh7g7t3zkjvfmrw3ax04vrn7p3823zljvsq0m4mf0v,25531547897,
ded0411239245b357cc6690ba5151c6ca732eaf990a4db533184e25b9fc2fc09,2024-01-06T15:14:16.967000,received,kaspa:qrthvh36f65e6u7we0mp5jlwl5hw9zq5j8xwvlypa5h7e0yudz5x5urf9ejcc,2029586191117,
ded0411239245b357cc6690ba5151c6ca732eaf990a4db533184e25b9fc2fc09,2024-01-06T15:14:16.967000,received,kaspa:qrmgpspmlh6uf5lwesa7vtwhqr9txh8mccwnlqgwfhvl7029gc8s7m2r8278q,2029586191117,
