tx_id,timestamp,direction,peer_address,amount_sompi,cex_label
7d8738613cf59947a4e1a1b2782ad632dd8ce502fcd454b947f6be4303bcc230,2023-12-12T14:21:13.323000,sent,kaspa:qq4z065ydt5r00x8wmn4rhtez94gafudfh9nedstzqng68q2vp37jyztffxq3,4787000000,
7d8738613cf59947a4e1a1b2782ad632dd8ce502fcd454b947f6be4303bcc230,2023-12-12T14:21:13.323000,sent,kaspa:qp9rmuecxp3k3x8mfmm6378ucgpryj50084al83upeu6kgvxeuzm2cwnam6x5,1064535,
88488f8964953be746c3e95534d614b4f54ca087a73ba695bb1ad562fd424695,2023-12-12T09:58:44.329000,received,kaspa:qypswxtcrv4ssyjaswy5w9387vq73mkuyq85tl34cee6qn5uexqy0csgnafnjx7,171000000,
2c3bd4c3a3049996c8e84836558ed91c36e6bde098d00e8833e7966463fc6878,2023-11-28T14:06:02.855000,sent,kaspa:qyp6ftqy5s4t3a6q3x5j4jk8t82ekdnd5qgf76g4n4mlf5str0jncpgc3xcqlpw,18000000,
2c3bd4c3a3049996c8e84836558ed91c36e6bde098d00e8833e7966463fc6878,2023-11-28T14:06:02.855000,sent,kaspa:qpcndlxdsfk00qq8twvace6swjnazecjx9s0cytase2mm7szgna4gp9dg970u,333923040,
6920fc83d8c59046e9f38561238d357ab82264594cc33419bf00a30757d0b710,2023-11-28T11:58:28.202000,received,kaspa:qreu0pkygg8r9vumag057c085tq8ly9ux0qj9dwnap4hadngnhffjvpzaua2j,351925120,
