tx_id,timestamp,direction,peer_address,amount_sompi,cex_label
6a17d451ec28ae045823d00f986955a7e5749f7ed926c37dc8ff119871bd647d,2023-12-16T05:00:46.652000,sent,kaspa:qzslgwenzu78t6tldlng383g7ruu4enaljmnkgaulyrscjp7ldt26x8gfxck5,171940000,
6a17d451ec28ae045823d00f986955a7e5749f7ed926c37dc8ff119871bd647d,2023-12-16T05:00:46.652000,sent,kaspa:qzslgwenzu78t6tldlng383g7ruu4enaljmnkgaulyrscjp7ldt26x8gfxck5,171940000,
1b24c50e471fa1050358a0fafbafd726f966a1c4c0d965fb976495461957b203,2023-12-13T01:53:29.690000,received,kaspa:qypswxtcrv4ssyjaswy5w9387vq73mkuyq85tl34cee6qn5uexqy0csgnafnjx7,171000000,
585cc5fd44acd307be8bdb7645d2bd406297f422c241b7aa4a523f4b1b3dcbbc,2023-11-29T17:26:50.894000,sent,kaspa:qypg5sfvepgyqn65lkp9qk9g3rcefuvss4n3tjg5xfsf7kam3chgahqn5q40pst,18000000,
36fb296daeb9c0ca441c0a64c53a753a0b8e50bb8bdab3c7d9868347c9fc7587,2023-11-28T07:59:32.333000,received,kaspa:qzx39q2av8c4pcf9a2dccc0escyhhy4zx09de3cagwkeme9c325kymvu2sdhq,19000000,
