tx_id,timestamp,direction,peer_address,amount_sompi,cex_label
aceafbac235ccfe273c37afbf9252c8c9aa348a39a11568f4487b633950878c7,2023-12-16T04:45:48.056000,sent,kaspa:qzslgwenzu78t6tldlng383g7ruu4enaljmnkgaulyrscjp7ldt26x8gfxck5,171940000,
aceafbac235ccfe273c37afbf9252c8c9aa348a39a11568f4487b633950878c7,2023-12-16T04:45:48.056000,sent,kaspa:qzslgwenzu78t6tldlng383g7ruu4enaljmnkgaulyrscjp7ldt26x8gfxck5,171940000,
ae03acc0bceba171a3352c68a311b70d52acecd57bf0921933f14398281c423c,2023-12-12T13:10:46.689000,received,kaspa:qypswxtcrv4ssyjaswy5w9387vq73mkuyq85tl34cee6qn5uexqy0csgnafnjx7,171000000,
9b61cba29b188a1c45385937294edde75b7e30d710db1964669dd5c567cbc817,2023-11-28T17:56:36.179000,sent,kaspa:qypa6jfrtqluke24ars04ggx329knja0wrp978krx6y08qk4ud4t3ucdsxa497q,18000000,
ea3a7eee389cd5221bc3c451a27499da5c970ae7a4835650d5420132db73b266,2023-11-28T04:06:30.684000,received,kaspa:qz6l8tgf857xsthzey5323llrrazwwjguaza9ahgna75apjuczwac56pn4plh,19000000,
