tx_id,timestamp,direction,peer_address,amount_sompi,cex_label
d9afb863bb39b7a9ddffdd68453e7de02bbe2385d2141fefd979afb7175d1061,2023-12-16T03:57:21.837000,sent,kaspa:qzslgwenzu78t6tldlng383g7ruu4enaljmnkgaulyrscjp7ldt26x8gfxck5,171940000,
d9afb863bb39b7a9ddffdd68453e7de02bbe2385d2141fefd979afb7175d1061,2023-12-16T03:57:21.837000,sent,kaspa:qzslgwenzu78t6tldlng383g7ruu4enaljmnkgaulyrscjp7ldt26x8gfxck5,171940000,
0d2bcb262d1fbf3e87ae3a18f1c21372952f431ab528313e6ed5173dd508eba8,2023-12-12T01:20:19.085000,received,kaspa:qypswxtcrv4ssyjaswy5w9387vq73mkuyq85tl34cee6qn5uexqy0csgnafnjx7,171000000,
975d2ce42f44533b4f09fa72c8eb831370637f514339a9691d7f7ed5e9fb218c,2023-11-27T16:04:20.469000,sent,kaspa:qypw6dkw38pc48x74khum55ypd3z7chutq35z0qemqn0p7jml9zaplgdwtvafr0,18000000,
c1bd588ebb1f18c32af838e8d808b72ece97d8bedb6883386b5efac8c8081d72,2023-11-27T13:00:52.920000,received,kaspa:qq32dlcm3gqcz6lwwlq8x3a0lyslr4hqat2scen8h7ydd2p2mtvdwh03yrrta,19000000,
