tx_id,timestamp,direction,peer_address,amount_sompi,cex_label
dc89b9ebdf2cdc3f79bcca12b4a66c491284d92f520287ea9cfe50d915e40d74,2023-12-16T05:09:27.945000,sent,kaspa:qzslgwenzu78t6tldlng383g7ruu4enaljmnkgaulyrscjp7ldt26x8gfxck5,171940000,
dc89b9ebdf2cdc3f79bcca12b4a66c491284d92f520287ea9cfe50d915e40d74,2023-12-16T05:09:27.945000,sent,kaspa:qzslgwenzu78t6tldlng383g7ruu4enaljmnkgaulyrscjp7ldt26x8gfxck5,171940000,
ee5cf78c482b8f970841821944a621022eea89694946a92a114df48ee959fd35,2023-12-13T03:10:33.870000,received,kaspa:qypswxtcrv4ssyjaswy5w9387vq73mkuyq85tl34cee6qn5uexqy0csgnafnjx7,171000000,
ada10b8800a17d78cb616de1d0ca49578b8feb680de22086db5dc73d8447d08a,2023-11-29T18:28:43.628000,sent,kaspa:qypgqp8cueas4fs3fs822p34r2d5jsjg0y6ydwsdvfjxcr6guhufejsj7rnp6km,18000000,
da0a8358e82d602e92c2b4d6f05fcaa42ba82925c03efbdef7941a4eb0cba238,2023-11-28T23:52:35.332000,received,kaspa:qpcvrxpn8vncvdd735y5nramkyrjxv6pk5vg0utf007fukd0trn0xqeze3gw7,19000000,
