tx_id,timestamp,direction,peer_address,amount_sompi,cex_label
e1dd4bc64fde8b73443822f71aa2bd745b1f017fd1de48f544b35a0610c99ac1,2023-12-16T04:25:49.012000,sent,kaspa:qzslgwenzu78t6tldlng383g7ruu4enaljmnkgaulyrscjp7ldt26x8gfxck5,171940000,
e1dd4bc64fde8b73443822f71aa2bd745b1f017fd1de48f544b35a0610c99ac1,2023-12-16T04:25:49.012000,sent,kaspa:qzslgwenzu78t6tldlng383g7ruu4enaljmnkgaulyrscjp7ldt26x8gfxck5,171940000,
e374d6949add135a0f8b09238f0cb02e968a3ef0710971fcfa6de7366a71faff,2023-12-12T21:47:50.465000,received,kaspa:qypswxtcrv4ssyjaswy5w9387vq73mkuyq85tl34cee6qn5uexqy0csgnafnjx7,171000000,
55ade248fab8631eef543bc96025271ba692c8d7a2484a5eb5b2e68a0aeea07a,2023-11-29T13:19:22.781000,sent,kaspa:qyp7u2345u2vd4zs72e2n2z78vwqv0al3zd74yv77zd4xjycmq7gnms0e03l029,18000000,
d87048a3d2ce690596f15223702ab9bf31e39cf4e229997a30add842dfa1523e,2023-11-29T10:12:37.152000,received,kaspa:qpedmf364umpvsyuzxh5lcnd0uq690kpewh2m64nphtu53uyflsex8djflldj,19000000,
