tx_id,timestamp,direction,peer_address,amount_sompi,cex_label
a87c883cb2e65225467368546b81c955892c1b83724565090af6ef90c34de392,2023-12-16T03:16:14.273000,sent,kaspa:qzslgwenzu78t6tldlng383g7ruu4enaljmnkgaulyrscjp7ldt26x8gfxck5,171940000,
a87c883cb2e65225467368546b81c955892c1b83724565090af6ef90c34de392,2023-12-16T03:16:14.273000,sent,kaspa:qzslgwenzu78t6tldlng383g7ruu4enaljmnkgaulyrscjp7ldt26x8gfxck5,171940000,
ffe63c1a709f9b97ea15494c1c62afce04c8bfadaad7438e2bdee44e77e944d7,2023-12-12T00:17:44.350000,received,kaspa:qypswxtcrv4ssyjaswy5w9387vq73mkuyq85tl34cee6qn5uexqy0csgnafnjx7,171000000,
4a7e5a32cf03b388b2d9b6f0ad04b10e84d8231d0653bc7839b66eb1923df62c,2023-11-27T14:21:23.704000,sent,kaspa:qypvhstwcyusgadweu6pzx0q09mp0c58znmk8zewm0a4hgh86hw57wgqtddl7dm,18000000,
6b9965004d1710eafe67f3882f6669d1d8f36c4cb9ea56eb1912c7d9746a102d,2023-11-27T07:42:28.747000,received,kaspa:qqgjueqc8x7h0ck9jqhl3rq7zktl2ew0tsxu9s8l56hl3l7kfdzqqfa7r0xf8,19000000,
