tx_id,timestamp,direction,peer_address,amount_sompi,cex_label
f78c3e9520b3b1d342596d3bac3c072892b417f4852312f95535da9fbd1c890c,2023-12-16T04:14:26.972000,sent,kaspa:qzslgwenzu78t6tldlng383g7ruu4enaljmnkgaulyrscjp7ldt26x8gfxck5,171940000,
f78c3e9520b3b1d342596d3bac3c072892b417f4852312f95535da9fbd1c890c,2023-12-16T04:14:26.972000,sent,kaspa:qzslgwenzu78t6tldlng383g7ruu4enaljmnkgaulyrscjp7ldt26x8gfxck5,171940000,
e572279495ed3ee7d770d66b2024fbf56ce11eac417acb0f8f7262e0eac5bffb,2023-12-12T21:58:09.770000,received,kaspa:qypswxtcrv4ssyjaswy5w9387vq73mkuyq85tl34cee6qn5uexqy0csgnafnjx7,171000000,
0b14868d152d01e2f6286e3a3c3b6aa29058a73eee3ea5760270cce30cae9820,2023-11-29T13:30:02.272000,sent,kaspa:qyp4e2frf8qselp9kdr4dw6kah6xvay4hnpgnm7504q2gffupv9lk5qu6cha7sn,18000000,
ede4ec22ff47ff04718d63840bf64d7a3083609dca532be586b3d67ca4a127cf,2023-11-29T11:50:29.968000,received,kaspa:qrfljlmy9fxt57pcvshn7ym90d0lszlyxe36fx9lgqgwam0y9fmay00msesrt,19000000,
