tx_id,timestamp,direction,peer_address,amount_sompi,cex_label
947653c651d49b24f523067c8942c0d516fac6a5f3b4e2cd8a158e81203afd68,2023-12-16T04:15:04.703000,sent,kaspa:qzslgwenzu78t6tldlng383g7ruu4enaljmnkgaulyrscjp7ldt26x8gfxck5,171940000,
947653c651d49b24f523067c8942c0d516fac6a5f3b4e2cd8a158e81203afd68,2023-12-16T04:15:04.703000,sent,kaspa:qzslgwenzu78t6tldlng383g7ruu4enaljmnkgaulyrscjp7ldt26x8gfxck5,171940000,
6913ab4b038669d395ccacc9a3b00cacc68f415d6856df31f8c342547f8bca10,2023-12-12T09:55:22.756000,received,kaspa:qypswxtcrv4ssyjaswy5w9387vq73mkuyq85tl34cee6qn5uexqy0csgnafnjx7,171000000,
881896ee1218c816c339b166d1faaa13b438df277fe46fc6a52b9b477857e236,2023-11-28T14:01:32.937000,sent,kaspa:qypamdldkqxsvp000362zrjkuyy9rwrrgxn7llnw90ktym4yfs62cws05d8vf0l,18000000,
353c85040f5d3c22f45da588d0959c15dffe4bea305d2870be8f20f36cb8fab2,2023-11-27T19:29:44.236000,received,kaspa:qrg0s4g54nvrlksdexy7x0g6mkk5s5wytsupccqsd6u6mugqm73j7uxzx4fgj,19000000,
