tx_id,timestamp,direction,peer_address,amount_sompi,cex_label
8ba96227c15fd2652fab5858870e3b061bd3e1e39cef86029f52bb2fb9642ac4,2024-02-19T01:48:02.353000,sent,kaspa:qqghp34ez9a6rlswd66q5cnynq6s2szc0kdsve77sfrt6wagpa6evq8ek0ktn,980229999999,
8ba96227c15fd2652fab5858870e3b061bd3e1e39cef86029f52bb2fb9642ac4,2024-02-19T01:48:02.353000,sent,kaspa:qppc49eh2e0xwfy8zetdxapef8enupxt7ey5hgpuy8hhx8rplwhxxdl2kww85,4997932,
843b0cf8f64e3b8b82057c2b50d22363752ca4bb2c4b1703a815637219c1fc0e,2024-01-25T23:26:04.960000,received,kaspa:qqetp7ct8kqss99fxmymyz5t3fezppxp0t58wl6pawp27elqd46uudme00cl0,980235000000,
843b0cf8f64e3b8b82057c2b50d22363752ca4bb2c4b1703a815637219c1fc0e,2024-01-25T23:26:04.960000,received,kaspa:qpzpfwcsqsxhxwup26r55fd0ghqlhyugz8cp6y3wxuddc02vcxtjg75pspnwz,980235000000,MEXC
