tx_id,timestamp,direction,peer_address,amount_sompi,cex_label
4cf544308e8fa859bca37595de38e71d486669b4cba792f53b5994f3b84497fb,2023-12-16T04:17:14.604000,sent,kaspa:qzslgwenzu78t6tldlng383g7ruu4enaljmnkgaulyrscjp7ldt26x8gfxck5,171940000,
4cf544308e8fa859bca37595de38e71d486669b4cba792f53b5994f3b84497fb,2023-12-16T04:17:14.604000,sent,kaspa:qzslgwenzu78t6tldlng383g7ruu4enaljmnkgaulyrscjp7ldt26x8gfxck5,171940000,
5a0398dc7b98037bd10c77f3a7f4afb70fa359fdbf00155491025b96227b5167,2023-12-12T12:09:42.068000,received,kaspa:qypswxtcrv4ssyjaswy5w9387vq73mkuyq85tl34cee6qn5uexqy0csgnafnjx7,171000000,
ef83824715e23e243edd8f1cce983e3aa9fe53cc6627d89e885e74a5117d1c6d,2023-11-28T16:39:55.161000,sent,kaspa:qyp44ljy3f74m88rfa3tjhl952t43qj26k27pju8et96gxz06wpnr6s6cgc2cfv,18000000,
670a88b3b92d6d73618642f4e0634542b249e4c26b0836d53f23c7d4ca5c90ac,2023-11-28T06:02:01.329000,received,kaspa:qznsqyf0c6lpntrap2url6fu7vjep5qcq6q47lg25zhv5d3dpkv5wjejk2su4,19000000,
