tx_id,timestamp,direction,peer_address,amount_sompi,cex_label
8fcb8b1b58eae075e87acb41aa02cbe408a1ac24a2d9882356abb268441eff38,2023-07-24T16:52:23.779000,sent,kaspa:qznvtcjl2vnvxanp75mk2gwj4kvmd3q8hllu8y99jm5px4zt7v8g5qf05f366,20483702909,
233c2289c5034a3dba8f861e5b519a2ddd8db1b8c191f397448ad50b98b7ca34,2023-07-14T13:41:40.065000,received,kaspa:qpwnc922h7pwvu9mcv0f7zqxt94muyndvwhh6aqr5g4nhlau4dgnv602d64jy,1869908177,
233c2289c5034a3dba8f861e5b519a2ddd8db1b8c191f397448ad50b98b7ca34,2023-07-14T13:41:40.065000,received,kaspa:qq2r6vn0aarckvelw890qs6rcz8ackn3hsqhlpgjlzpsqqxdh3elkyktx3m52,1869908177,
233c2289c5034a3dba8f861e5b519a2ddd8db1b8c191f397448ad50b98b7ca34,2023-07-14T13:41:40.065000,received,kaspa:qz45895mr8k3hq338lu4p9rk4j4ykjem7s6a4sc9ddwtczfeqqnfjmdvuv2hj,1869908177,
