tx_id,timestamp,direction,peer_address,amount_sompi,cex_label
b100c5c2f0d1a9c438802c02b78b3ce15d271414a6c43565c22a1e91b8267d75,2023-12-18T04:56:43.560000,sent,kaspa:qzy02u86kvsgy4ccvrtntylt3m77lt8guh84tcjq4s7yra587zn25gp8euk6h,170990000,
78b501c86eec26277f325d5f129be59067ddb387e7251539cfd98e07cd05f480,2023-12-12T05:25:42.610000,received,kaspa:qypswxtcrv4ssyjaswy5w9387vq73mkuyq85tl34cee6qn5uexqy0csgnafnjx7,171000000,
9264b98dcb99c5218aeee526b8aa82b917cafb34d447a706eb5c7e5cfb30d5a3,2023-12-08T03:18:32.849000,sent,kaspa:qzy02u86kvsgy4ccvrtntylt3m77lt8guh84tcjq4s7yra587zn25gp8euk6h,531950000,
9264b98dcb99c5218aeee526b8aa82b917cafb34d447a706eb5c7e5cfb30d5a3,2023-12-08T03:18:32.849000,sent,kaspa:qzy02u86kvsgy4ccvrtntylt3m77lt8guh84tcjq4s7yra587zn25gp8euk6h,531950000,
3c243b10d2c3be7d6d63eb1a5daf75ca773517de609446e3e8e19264a5c38fd6,2023-11-30T08:39:45.478000,received,kaspa:qqusqnf3ftwrw8g9cj3qhk3dfw59t76h0mpfzym05h8e0swnu9gmw9vfr8x7x,500000000,
69444f3e1996e2dec3a2d1081b7ad876c91c7a0a11767be01cb9e8d6d14586be,2023-11-28T05:27:44.670000,sent,kaspa:qyp4hm323mtynwj9ge3ddva06jjhwev3ag89j2383lp69llazd3xdscc4gxhg2a,18000000,
ecd234b510dd416914f2a40890727f6e3075c6e53cd7d337b6ef68c288c934f7,2023-11-28T04:57:14.695000,sent,kaspa:qpaay4szztptg4qyl7uvej63plqh8tg5krdm4mmgztsa8fpvpudxyghuas449,50000000,
6fdd7d01867bef1fbb2783fb94e5daf4bc4e9327c6ca17b0652f25ac0b6e91f1,2023-11-28T04:46:27.928000,sent,kaspa:qp5jry8nhng0hydw7vc2jm5vxugjfw97pyjy4crepf4td95zkhglk40taz5qs,100000000,
275c7afa5fc5f4343ca6045c65a61e4588121758141b5fd603ff97e7e9484232,2023-11-28T04:30:12.582000,received,kaspa:qqusqnf3ftwrw8g9cj3qhk3dfw59t76h0mpfzym05h8e0swnu9gmw9vfr8x7x,200000000,
