tx_id,timestamp,direction,peer_address,amount_sompi,cex_label
0bbed4e0c80946e8a6d0babb458b3d70d0be3bad084d3a0cfe27fb1496e14a00,2024-04-29T00:20:35.075000,sent,kaspa:qq9zagcza4jt76eev9jl5z0nqhe0thcu7js8larktj4sle7lvgnw7sfcewlty,686600000000,
fdd08278f3f2bfe6059549bd87bcaaf0391e8b87458a5f596b2b7a6a0e5fd50e,2024-03-10T23:50:21.532000,sent,kaspa:qq9zagcza4jt76eev9jl5z0nqhe0thcu7js8larktj4sle7lvgnw7sfcewlty,13641100000000,
33ca639c322edc34aedf44450b90a416f6ee41381eaee62a9ec27ab486606e0c,2024-02-15T21:39:58.365000,sent,kaspa:qp7tjgnnrm8us735xx2f64mue9q3h7xuyeyyt66apnfs0xfuxx8kq2uykzsdf,3641100000000,
33ca639c322edc34aedf44450b90a416f6ee41381eaee62a9ec27ab486606e0c,2024-02-15T21:39:58.365000,sent,kaspa:qp7tjgnnrm8us735xx2f64mue9q3h7xuyeyyt66apnfs0xfuxx8kq2uykzsdf,3641100000000,
c49474f2958186d8e9bbba50d58115748a17ea34dd293d6808a39e05b3661999,2023-12-21T00:25:06.553000,received,kaspa:qqetp7ct8kqss99fxmymyz5t3fezppxp0t58wl6pawp27elqd46uudme00cl0,9410100000000,
2416c2af19a12f40ec1ca8b40e3df9dbf1cac317849fb5c30919b2acbfc3b2a5,2023-12-18T19:36:51.037000,sent,kaspa:qp7tjgnnrm8us735xx2f64mue9q3h7xuyeyyt66apnfs0xfuxx8kq2uykzsdf,9411100000000,
2416c2af19a12f40ec1ca8b40e3df9dbf1cac317849fb5c30919b2acbfc3b2a5,2023-12-18T19:36:51.037000,sent,kaspa:qp7tjgnnrm8us735xx2f64mue9q3h7xuyeyyt66apnfs0xfuxx8kq2uykzsdf,9411100000000,
2416c2af19a12f40ec1ca8b40e3df9dbf1cac317849fb5c30919b2acbfc3b2a5,2023-12-18T19:36:51.037000,sent,kaspa:qp7tjgnnrm8us735xx2f64mue9q3h7xuyeyyt66apnfs0xfuxx8kq2uykzsdf,9411100000000,
32dfcd7979d1d120914b78d1857091c219f6385d4ec8991568da5c5a1ae79b59,2023-12-08T18:42:08.342000,received,kaspa:qqetp7ct8kqss99fxmymyz5t3fezppxp0t58wl6pawp27elqd46uudme00cl0,5677159000000,
1eb86473f6b520294f9fc3b4ab20cde4ca4cb54b482e36a101e6814df736bf9b,2023-12-05T03:50:03.628000,received,kaspa:qqetp7ct8kqss99fxmymyz5t3fezppxp0t58wl6pawp27elqd46uudme00cl0,9420700000000,
b2a9c1bcf62c692f3ab68f6fffe9e26b8fb8f742cdb113edf188f2a4e0839b5e,2023-10-15T07:30:30.867000,sent,kaspa:qp7tjgnnrm8us735xx2f64mue9q3h7xuyeyyt66apnfs0xfuxx8kq2uykzsdf,10000000000000,
0a4305220faa26a4f1c5d90cf6e5cd38df9e9711781c1e5a3abbcb2ad66903e1,2023-10-15T07:03:25.353000,sent,kaspa:qp7tjgnnrm8us735xx2f64mue9q3h7xuyeyyt66apnfs0xfuxx8kq2uykzsdf,12500000000000,
2b3d667e01c455a759ae06232df3bc7d12883eb5548062e8cc7814ff6d139226,2023-10-13T14:33:05.150000,sent,kaspa:qp7tjgnnrm8us735xx2f64mue9q3h7xuyeyyt66apnfs0xfuxx8kq2uykzsdf,25372000000000,
4e648237319505455d8bab5674bdc72d7907266ba9a8d413dbdaf454f6bfd450,2023-10-07T03:23:52.746000,sent,kaspa:qp7tjgnnrm8us735xx2f64mue9q3h7xuyeyyt66apnfs0xfuxx8kq2uykzsdf,50000000000000,
d77ee3e90bc7bce11e62f2e5b595742709332beb166bd9faaecb274a704ff6a4,2023-10-03T06:52:03.454000,received,kaspa:qqetp7ct8kqss99fxmymyz5t3fezppxp0t58wl6pawp27elqd46uudme00cl0,100744046167250,
0673152f40c91b744048cbc1691550f5d6f6cd3841d26dc82a65e21e878553d2,2023-09-22T00:37:37.346000,sent,kaspa:qqwvnkp47wsj6n4hkdlgj8dsauyx0xvefunnwvvsmpq2udd0ka8ckmpuqw3k5,5908824500000,
ad4f1220fc14085a61c1173aacf528785c5b44a6522fd8b8796446910e4ee8df,2023-09-21T21:05:35.648000,sent,kaspa:qp7tjgnnrm8us735xx2f64mue9q3h7xuyeyyt66apnfs0xfuxx8kq2uykzsdf,45000000000000,
4d8345504a2d56b190f875b58460ca23416ac1440e3dfedfc404c6aef26ee483,2023-09-21T15:43:50.845000,sent,kaspa:qp7tjgnnrm8us735xx2f64mue9q3h7xuyeyyt66apnfs0xfuxx8kq2uykzsdf,64600000000000,
4d8345504a2d56b190f875b58460ca23416ac1440e3dfedfc404c6aef26ee483,2023-09-21T15:43:50.845000,sent,kaspa:qp7tjgnnrm8us735xx2f64mue9q3h7xuyeyyt66apnfs0xfuxx8kq2uykzsdf,64600000000000,
1a7fae4b6b0bf387251f7d335e714e3072bd2c328da1aa0fbf06768bec16a668,2023-09-20T23:11:02.845000,received,kaspa:qqetp7ct8kqss99fxmymyz5t3fezppxp0t58wl6pawp27elqd46uudme00cl0,61197000000000,
bfd7258ad4522a1d9a2d81c3648bf50251b501a3a2b1a46e31bdc6cb11cd2a08,2023-09-20T22:23:22.805000,sent,kaspa:qp7tjgnnrm8us735xx2f64mue9q3h7xuyeyyt66apnfs0xfuxx8kq2uykzsdf,61200000000000,
bfd7258ad4522a1d9a2d81c3648bf50251b501a3a2b1a46e31bdc6cb11cd2a08,2023-09-20T22:23:22.805000,sent,kaspa:qp7tjgnnrm8us735xx2f64mue9q3h7xuyeyyt66apnfs0xfuxx8kq2uykzsdf,61200000000000,
bfd7258ad4522a1d9a2d81c3648bf50251b501a3a2b1a46e31bdc6cb11cd2a08,2023-09-20T22:23:22.805000,sent,kaspa:qp7tjgnnrm8us735xx2f64mue9q3h7xuyeyyt66apnfs0xfuxx8kq2uykzsdf,61200000000000,
bfd7258ad4522a1d9a2d81c3648bf50251b501a3a2b1a46e31bdc6cb11cd2a08,2023-09-20T22:23:22.805000,sent,kaspa:qp7tjgnnrm8us735xx2f64mue9q3h7xuyeyyt66apnfs0xfuxx8kq2uykzsdf,61200000000000,
d22717edf20eee4cfa2cb1f2cac8601ca0fc3a2b7c29cafdb2e3a9ca0b6b4f94,2023-09-20T05:18:02.529000,received,kaspa:qqetp7ct8kqss99fxmymyz5t3fezppxp0t58wl6pawp27elqd46uudme00cl0,82897896000000,
aaa2788db2c712d6e50f03d8098729c7c5e02d4deed212cfd73e36fc9f796f48,2023-09-19T21:17:02.365000,received,kaspa:qqetp7ct8kqss99fxmymyz5t3fezppxp0t58wl6pawp27elqd46uudme00cl0,10031360000000,
e84578f2344342c6fd345c4f556b777615a8d122e4e260ee436241751348683e,2023-09-14T15:47:03.884000,received,kaspa:qqetp7ct8kqss99fxmymyz5t3fezppxp0t58wl6pawp27elqd46uudme00cl0,22347297000000,
09788af537b0f669c0ec7a32a43bd4b797d6fc988cd5dae56739d4e8771b6350,2023-08-25T15:46:03.021000,sent,kaspa:qp7tjgnnrm8us735xx2f64mue9q3h7xuyeyyt66apnfs0xfuxx8kq2uykzsdf,42000000000000,
09788af537b0f669c0ec7a32a43bd4b797d6fc988cd5dae56739d4e8771b6350,2023-08-25T15:46:03.021000,sent,kaspa:qp7tjgnnrm8us735xx2f64mue9q3h7xuyeyyt66apnfs0xfuxx8kq2uykzsdf,42000000000000,
09788af537b0f669c0ec7a32a43bd4b797d6fc988cd5dae56739d4e8771b6350,2023-08-25T15:46:03.021000,sent,kaspa:qp7tjgnnrm8us735xx2f64mue9q3h7xuyeyyt66apnfs0xfuxx8kq2uykzsdf,42000000000000,
09788af537b0f669c0ec7a32a43bd4b797d6fc988cd5dae56739d4e8771b6350,2023-08-25T15:46:03.021000,sent,kaspa:qp7tjgnnrm8us735xx2f64mue9q3h7xuyeyyt66apnfs0xfuxx8kq2uykzsdf,42000000000000,
a88f8e331e213c29ac767691e542ee04b2c380403d0679d80abeacc2e4cfa3e1,2023-08-06T19:07:02.112000,received,kaspa:qqetp7ct8kqss99fxmymyz5t3fezppxp0t58wl6pawp27elqd46uudme00cl0,12823099000000,
d7b7d193162109f1a43e046f7e2291c1bc3d6ff45adbdbeeaf23e5dbf274ebd7,2023-08-03T14:52:02.663000,received,kaspa:qqetp7ct8kqss99fxmymyz5t3fezppxp0t58wl6pawp27elqd46uudme00cl0,21976847000000,
b2baa4f48f3385d5cc81a46b422ec60ce8fe640eb2fc96ea3b0f5f9510ad5b7e,2023-08-03T01:13:03.846000,received,kaspa:qqetp7ct8kqss99fxmymyz5t3fezppxp0t58wl6pawp27elqd46uudme00cl0,6563426000000,
f64a744be2653b8dde4ccc207df4b18e3b696be27ef97a6a58a19719b0eb08dc,2023-07-22T07:06:12.245000,received,kaspa:qq3k4du6wf2g26j7ds6fqmgtgavgm3zy676wntp2e52nsuns2n4s6xkndmx0y,871900000000,
