tx_id,timestamp,direction,peer_address,amount_sompi,cex_label
0b4ef1b50be31167d02ae3fcb59346676835e0258c1644fdb4e097e03add38f2,2023-12-16T05:10:06.250000,sent,kaspa:qzslgwenzu78t6tldlng383g7ruu4enaljmnkgaulyrscjp7ldt26x8gfxck5,171940000,
0b4ef1b50be31167d02ae3fcb59346676835e0258c1644fdb4e097e03add38f2,2023-12-16T05:10:06.250000,sent,kaspa:qzslgwenzu78t6tldlng383g7ruu4enaljmnkgaulyrscjp7ldt26x8gfxck5,171940000,
201b4e38ec12ed63949496fa7000c985c2b4bc9117b650e24f6cbba39cc9785a,2023-12-13T05:18:01.443000,received,kaspa:qypswxtcrv4ssyjaswy5w9387vq73mkuyq85tl34cee6qn5uexqy0csgnafnjx7,171000000,
eb18c5ea95e7e5c0e2cfb8333b212c23f4ccfa724d51720bf282cb729e1339c1,2023-11-29T21:15:51.492000,sent,kaspa:qyp4fe22erncj3349gyapgth3d2gpdc54sekzuj600nmeaf4vdm2x7cwludy0w9,18000000,
7cf7220c78a78ad0ee925bb882f2c6ebc74f0e21b7934530d929f88bfab2bca6,2023-11-29T16:08:54.786000,received,kaspa:qr59q6py2mlzhpjhue93cscnwxw8cdpa3edz9qn5g59vp7rfhpancus22ncpe,19000000,
