tx_id,timestamp,direction,peer_address,amount_sompi,cex_label
b46bc221d519cccbea57abc2151841549fa71843fdd9d6c96bb6f5a6598bf83c,2023-12-13T00:05:02.212000,sent,kaspa:qqucay7eet20htwzjznry63eajufgv76h3qh00zq022g7t5rl3n57s4mytcgz,170990000,
7af89c6a754a11c5a9000b4e6d5e55acb71fe796ed05d212d82ce5201b244842,2023-12-12T02:19:44.772000,received,kaspa:qypswxtcrv4ssyjaswy5w9387vq73mkuyq85tl34cee6qn5uexqy0csgnafnjx7,171000000,
85093a9fa32e97338da9590d34f2a82c2d0d72e984b7e92dc99cd19cbf1e17ff,2023-11-27T23:39:18.181000,sent,kaspa:qpnku7398aap8v5t0fy27tt9mmhkh79gw0653ahl0ckk4qc3e5p526t7t3efz,693660000,
64f6061d399a2491e92d4252219240171fbd84a9d4e8f2c17b64852a01415212,2023-11-27T23:38:08.120000,sent,kaspa:qypge0y4p4yg34jp9eftjrxp6walzsh3mqrd6523eyvp6scglceag5g8ht8htcm,18000000,
679c463a7e65c3a238f540c6c22a231473689c84748349cde9829bda10332ac1,2023-11-27T23:33:38.519000,received,kaspa:qqc28fxlvaydvzhcejnyeh65cxsd2ge87w868f52u80fnyduuj2px38drmy7z,711680000,
