tx_id,timestamp,direction,peer_address,amount_sompi,cex_label
acbf89b6bacd2ffc404e7b8a55e6c8541f1b84a504bb69a3c5878315619b6f95,2025-02-16T01:20:39.777000,received,kaspa:qrk9decfnl4rayeegp6gd3tc6605zavclkpud5jp78axat5namppwt050d57j,628000000,
acbf89b6bacd2ffc404e7b8a55e6c8541f1b84a504bb69a3c5878315619b6f95,2025-02-16T01:20:39.777000,received,kaspa:qqfygshv9yx7e9mjzsd9cswact74keeuy5xy6cyw9gxyfzjmnwz4wsfsmukmu,628000000,
da9ae55df502556e9b76b76869b300197d1a44c8d75ef38f20a3aebc1672d59f,2024-09-11T09:20:41.896000,sent,kaspa:qpzeddfftmgq7fglsnp2ut39cxxrtzedqzdagl60rdagl0wsqahlqjjky36g2,30100000000,
da9ae55df502556e9b76b76869b300197d1a44c8d75ef38f20a3aebc1672d59f,2024-09-11T09:20:41.896000,sent,kaspa:qpzeddfftmgq7fglsnp2ut39cxxrtzedqzdagl60rdagl0wsqahlqjjky36g2,30100000000,
da9ae55df502556e9b76b76869b300197d1a44c8d75ef38f20a3aebc1672d59f,2024-09-11T09:20:41.896000,sent,kaspa:qpzeddfftmgq7fglsnp2ut39cxxrtzedqzdagl60rdagl0wsqahlqjjky36g2,30100000000,
da9ae55df502556e9b76b76869b300197d1a44c8d75ef38f20a3aebc1672d59f,2024-09-11T09:20:41.896000,sent,kaspa:qpzeddfftmgq7fglsnp2ut39cxxrtzedqzdagl60rdagl0wsqahlqjjky36g2,30100000000,
68813cf0b8edce19bfedbc173b3cfe2204fb27284e68a1555fd482ab3615542d,2024-08-31T17:13:31.009000,received,kaspa:qp9rv9jvx2kyf6wu4lupuruunq5zsuszyxs0dr3l89ej7wsgs48jqkewy6xtl,10006818390,
68813cf0b8edce19bfedbc173b3cfe2204fb27284e68a1555fd482ab3615542d,2024-08-31T17:13:31.009000,received,kaspa:qp9rv9jvx2kyf6wu4lupuruunq5zsuszyxs0dr3l89ej7wsgs48jqkewy6xtl,10006818390,
2c229b64f857f946dadb0636895d901ee687ff46823ab77eff4287d7554cd1ae,2024-08-31T11:41:31.182000,received,kaspa:qzptk8av4p5jmvdrnacrg36jxc2nhwmhcmu4093l8pcc93hxd3tj5f3eaxzqz,10036798543,
2c229b64f857f946dadb0636895d901ee687ff46823ab77eff4287d7554cd1ae,2024-08-31T11:41:31.182000,received,kaspa:qzptk8av4p5jmvdrnacrg36jxc2nhwmhcmu4093l8pcc93hxd3tj5f3eaxzqz,10036798543,
7181c7be22d67cc39561bc3fae09529582e8d10dc785fb7d5df4d20a18668510,2024-08-31T08:02:42.603000,received,kaspa:qp9rv9jvx2kyf6wu4lupuruunq5zsuszyxs0dr3l89ej7wsgs48jqkewy6xtl,10013159138,
7181c7be22d67cc39561bc3fae09529582e8d10dc785fb7d5df4d20a18668510,2024-08-31T08:02:42.603000,received,kaspa:qp9rv9jvx2kyf6wu4lupuruunq5zsuszyxs0dr3l89ej7wsgs48jqkewy6xtl,10013159138,
d4f65f0de599f5d72309c1ded0cf810a4b1002d3f2fd5ea27b1a0c518a3db504,2024-08-31T07:20:46.675000,sent,kaspa:qpzeddfftmgq7fglsnp2ut39cxxrtzedqzdagl60rdagl0wsqahlqjjky36g2,70500000000,
d4f65f0de599f5d72309c1ded0cf810a4b1002d3f2fd5ea27b1a0c518a3db504,2024-08-31T07:20:46.675000,sent,kaspa:qpzeddfftmgq7fglsnp2ut39cxxrtzedqzdagl60rdagl0wsqahlqjjky36g2,70500000000,
d4f65f0de599f5d72309c1ded0cf810a4b1002d3f2fd5ea27b1a0c518a3db504,2024-08-31T07:20:46.675000,sent,kaspa:qpzeddfftmgq7fglsnp2ut39cxxrtzedqzdagl60rdagl0wsqahlqjjky36g2,70500000000,
d4f65f0de599f5d72309c1ded0cf810a4b1002d3f2fd5ea27b1a0c518a3db504,2024-08-31T07:20:46.675000,sent,kaspa:qpzeddfftmgq7fglsnp2ut39cxxrtzedqzdagl60rdagl0wsqahlqjjky36g2,70500000000,
d4f65f0de599f5d72309c1ded0cf810a4b1002d3f2fd5ea27b1a0c518a3db504,2024-08-31T07:20:46.675000,sent,kaspa:qpzeddfftmgq7fglsnp2ut39cxxrtzedqzdagl60rdagl0wsqahlqjjky36g2,70500000000,
d4f65f0de599f5d72309c1ded0cf810a4b1002d3f2fd5ea27b1a0c518a3db504,2024-08-31T07:20:46.675000,sent,kaspa:qpzeddfftmgq7fglsnp2ut39cxxrtzedqzdagl60rdagl0wsqahlqjjky36g2,70500000000,
d4f65f0de599f5d72309c1ded0cf810a4b1002d3f2fd5ea27b1a0c518a3db504,2024-08-31T07:20:46.675000,sent,kaspa:qpzeddfftmgq7fglsnp2ut39cxxrtzedqzdagl60rdagl0wsqahlqjjky36g2,70500000000,
d4f65f0de599f5d72309c1ded0cf810a4b1002d3f2fd5ea27b1a0c518a3db504,2024-08-31T07:20:46.675000,sent,kaspa:qpzeddfftmgq7fglsnp2ut39cxxrtzedqzdagl60rdagl0wsqahlqjjky36g2,70500000000,
4a174d8fe809334bbd1fe0a966d1047843a5f223531b1394a2832ef5362b78c4,2024-08-31T04:58:56.646000,received,kaspa:qzptk8av4p5jmvdrnacrg36jxc2nhwmhcmu4093l8pcc93hxd3tj5f3eaxzqz,10040338225,
4a174d8fe809334bbd1fe0a966d1047843a5f223531b1394a2832ef5362b78c4,2024-08-31T04:58:56.646000,received,kaspa:qp9rv9jvx2kyf6wu4lupuruunq5zsuszyxs0dr3l89ej7wsgs48jqkewy6xtl,10040338225,
177f43c68b36b9bf9ecf00dde35063233c793cf0f2a42941fa2696dfee6f4347,2024-08-31T01:47:40.042000,received,kaspa:qzptk8av4p5jmvdrnacrg36jxc2nhwmhcmu4093l8pcc93hxd3tj5f3eaxzqz,10053878282,
177f43c68b36b9bf9ecf00dde35063233c793cf0f2a42941fa2696dfee6f4347,2024-08-31T01:47:40.042000,received,kaspa:qp9rv9jvx2kyf6wu4lupuruunq5zsuszyxs0dr3l89ej7wsgs48jqkewy6xtl,10053878282,
3c363ef88e982029095ef39e87b50da40f254122bdbe46109d1247c451e22bd9,2024-08-30T22:24:39.279000,received,kaspa:qp9rv9jvx2kyf6wu4lupuruunq5zsuszyxs0dr3l89ej7wsgs48jqkewy6xtl,10118678560,
3c363ef88e982029095ef39e87b50da40f254122bdbe46109d1247c451e22bd9,2024-08-30T22:24:39.279000,received,kaspa:qp9rv9jvx2kyf6wu4lupuruunq5zsuszyxs0dr3l89ej7wsgs48jqkewy6xtl,10118678560,
1669367b14d44ab95f5df9af108ebdad2f0b73eb2d63453782ffdafecd7fa179,2024-08-30T19:22:22.478000,received,kaspa:qzptk8av4p5jmvdrnacrg36jxc2nhwmhcmu4093l8pcc93hxd3tj5f3eaxzqz,10078907010,
1669367b14d44ab95f5df9af108ebdad2f0b73eb2d63453782ffdafecd7fa179,2024-08-30T19:22:22.478000,received,kaspa:qp9rv9jvx2kyf6wu4lupuruunq5zsuszyxs0dr3l89ej7wsgs48jqkewy6xtl,10078907010,
a7a45797643cafae3e632e23d4d39cce860792e806e4e188913cedd1263aab1e,2024-08-30T16:30:45.736000,received,kaspa:qp9rv9jvx2kyf6wu4lupuruunq5zsuszyxs0dr3l89ej7wsgs48jqkewy6xtl,10073581375,
a7a45797643cafae3e632e23d4d39cce860792e806e4e188913cedd1263aab1e,2024-08-30T16:30:45.736000,received,kaspa:qp9rv9jvx2kyf6wu4lupuruunq5zsuszyxs0dr3l89ej7wsgs48jqkewy6xtl,10073581375,
b10a9522b96eeb52e74bfc5d06a6046028f1fc8b322bb24689079fa5358993be,2024-08-30T12:20:30.356000,received,kaspa:qzptk8av4p5jmvdrnacrg36jxc2nhwmhcmu4093l8pcc93hxd3tj5f3eaxzqz,10114317561,
b10a9522b96eeb52e74bfc5d06a6046028f1fc8b322bb24689079fa5358993be,2024-08-30T12:20:30.356000,received,kaspa:qzptk8av4p5jmvdrnacrg36jxc2nhwmhcmu4093l8pcc93hxd3tj5f3eaxzqz,10114317561,
f0118c3d9fcb908d8a2bd6aedb0dd5e7704e7f57c4c7afc7c79c715933036e5a,2024-08-30T08:49:19.859000,received,kaspa:qzptk8av4p5jmvdrnacrg36jxc2nhwmhcmu4093l8pcc93hxd3tj5f3eaxzqz,10025060945,
f0118c3d9fcb908d8a2bd6aedb0dd5e7704e7f57c4c7afc7c79c715933036e5a,2024-08-30T08:49:19.859000,received,kaspa:qzptk8av4p5jmvdrnacrg36jxc2nhwmhcmu4093l8pcc93hxd3tj5f3eaxzqz,10025060945,
f0118c3d9fcb908d8a2bd6aedb0dd5e7704e7f57c4c7afc7c79c715933036e5a,2024-08-30T08:49:19.859000,received,kaspa:qzptk8av4p5jmvdrnacrg36jxc2nhwmhcmu4093l8pcc93hxd3tj5f3eaxzqz,10025060945,
e842fffaa1e6d45d91eb20f4b8288322f2c8e9ab1cd76c737a4d1570e5c1e4cb,2024-08-30T05:33:28.733000,sent,kaspa:qpzeddfftmgq7fglsnp2ut39cxxrtzedqzdagl60rdagl0wsqahlqjjky36g2,50100000000,
e842fffaa1e6d45d91eb20f4b8288322f2c8e9ab1cd76c737a4d1570e5c1e4cb,2024-08-30T05:33:28.733000,sent,kaspa:qpzeddfftmgq7fglsnp2ut39cxxrtzedqzdagl60rdagl0wsqahlqjjky36g2,50100000000,
e842fffaa1e6d45d91eb20f4b8288322f2c8e9ab1cd76c737a4d1570e5c1e4cb,2024-08-30T05:33:28.733000,sent,kaspa:qpzeddfftmgq7fglsnp2ut39cxxrtzedqzdagl60rdagl0wsqahlqjjky36g2,50100000000,
e842fffaa1e6d45d91eb20f4b8288322f2c8e9ab1cd76c737a4d1570e5c1e4cb,2024-08-30T05:33:28.733000,sent,kaspa:qpzeddfftmgq7fglsnp2ut39cxxrtzedqzdagl60rdagl0wsqahlqjjky36g2,50100000000,
e842fffaa1e6d45d91eb20f4b8288322f2c8e9ab1cd76c737a4d1570e5c1e4cb,2024-08-30T05:33:28.733000,sent,kaspa:qpzeddfftmgq7fglsnp2ut39cxxrtzedqzdagl60rdagl0wsqahlqjjky36g2,50100000000,
418b4e0b41696bb46dd982c66ea9e655fe3c65364eb7705e4c8c951c50e20566,2024-08-30T05:27:14.781000,received,kaspa:qp9rv9jvx2kyf6wu4lupuruunq5zsuszyxs0dr3l89ej7wsgs48jqkewy6xtl,10065075054,
418b4e0b41696bb46dd982c66ea9e655fe3c65364eb7705e4c8c951c50e20566,2024-08-30T05:27:14.781000,received,kaspa:qp9rv9jvx2kyf6wu4lupuruunq5zsuszyxs0dr3l89ej7wsgs48jqkewy6xtl,10065075054,
5abc4a8d65fa2fa1ee3609ac8e150ed67b7b5aea151d985749c75c452e277581,2024-08-30T02:23:42.176000,received,kaspa:qp9rv9jvx2kyf6wu4lupuruunq5zsuszyxs0dr3l89ej7wsgs48jqkewy6xtl,10031041962,
5abc4a8d65fa2fa1ee3609ac8e150ed67b7b5aea151d985749c75c452e277581,2024-08-30T02:23:42.176000,received,kaspa:qp9rv9jvx2kyf6wu4lupuruunq5zsuszyxs0dr3l89ej7wsgs48jqkewy6xtl,10031041962,
d228aeffc7120a916176e9449febb494c8e1332aab1dfa3577a637aad02f2370,2024-08-29T23:20:40.169000,received,kaspa:qzptk8av4p5jmvdrnacrg36jxc2nhwmhcmu4093l8pcc93hxd3tj5f3eaxzqz,10009694652,
d228aeffc7120a916176e9449febb494c8e1332aab1dfa3577a637aad02f2370,2024-08-29T23:20:40.169000,received,kaspa:qzptk8av4p5jmvdrnacrg36jxc2nhwmhcmu4093l8pcc93hxd3tj5f3eaxzqz,10009694652,
d228aeffc7120a916176e9449febb494c8e1332aab1dfa3577a637aad02f2370,2024-08-29T23:20:40.169000,received,kaspa:qzptk8av4p5jmvdrnacrg36jxc2nhwmhcmu4093l8pcc93hxd3tj5f3eaxzqz,10009694652,
d228aeffc7120a916176e9449febb494c8e1332aab1dfa3577a637aad02f2370,2024-08-29T23:20:40.169000,received,kaspa:qzptk8av4p5jmvdrnacrg36jxc2nhwmhcmu4093l8pcc93hxd3tj5f3eaxzqz,10009694652,
25689eb8f4a125306a31457ac14115bec989a017e8293109e8c4e43c72e3d2f5,2024-08-29T20:09:45.002000,received,kaspa:qzptk8av4p5jmvdrnacrg36jxc2nhwmhcmu4093l8pcc93hxd3tj5f3eaxzqz,10064834748,
25689eb8f4a125306a31457ac14115bec989a017e8293109e8c4e43c72e3d2f5,2024-08-29T20:09:45.002000,received,kaspa:qzptk8av4p5jmvdrnacrg36jxc2nhwmhcmu4093l8pcc93hxd3tj5f3eaxzqz,10064834748,
8efbb133de502e7b4197a85edcb2f8dcb57487077180570db24aed8c313e6d4e,2024-08-29T16:58:50.257000,received,kaspa:qp9rv9jvx2kyf6wu4lupuruunq5zsuszyxs0dr3l89ej7wsgs48jqkewy6xtl,10008310310,
8efbb133de502e7b4197a85edcb2f8dcb57487077180570db24aed8c313e6d4e,2024-08-29T16:58:50.257000,received,kaspa:qp9rv9jvx2kyf6wu4lupuruunq5zsuszyxs0dr3l89ej7wsgs48jqkewy6xtl,10008310310,
c125b8c31b9071a9049a66909504dcb89cc62f63334d985f846fd844751722f0,2024-08-29T15:57:20.549000,sent,kaspa:qpzeddfftmgq7fglsnp2ut39cxxrtzedqzdagl60rdagl0wsqahlqjjky36g2,90211776989,
c125b8c31b9071a9049a66909504dcb89cc62f63334d985f846fd844751722f0,2024-08-29T15:57:20.549000,sent,kaspa:qpzeddfftmgq7fglsnp2ut39cxxrtzedqzdagl60rdagl0wsqahlqjjky36g2,90211776989,
c125b8c31b9071a9049a66909504dcb89cc62f63334d985f846fd844751722f0,2024-08-29T15:57:20.549000,sent,kaspa:qpzeddfftmgq7fglsnp2ut39cxxrtzedqzdagl60rdagl0wsqahlqjjky36g2,90211776989,
c125b8c31b9071a9049a66909504dcb89cc62f63334d985f846fd844751722f0,2024-08-29T15:57:20.549000,sent,kaspa:qpzeddfftmgq7fglsnp2ut39cxxrtzedqzdagl60rdagl0wsqahlqjjky36g2,90211776989,
c125b8c31b9071a9049a66909504dcb89cc62f63334d985f846fd844751722f0,2024-08-29T15:57:20.549000,sent,kaspa:qpzeddfftmgq7fglsnp2ut39cxxrtzedqzdagl60rdagl0wsqahlqjjky36g2,90211776989,
c125b8c31b9071a9049a66909504dcb89cc62f63334d985f846fd844751722f0,2024-08-29T15:57:20.549000,sent,kaspa:qpzeddfftmgq7fglsnp2ut39cxxrtzedqzdagl60rdagl0wsqahlqjjky36g2,90211776989,
c125b8c31b9071a9049a66909504dcb89cc62f63334d985f846fd844751722f0,2024-08-29T15:57:20.549000,sent,kaspa:qpzeddfftmgq7fglsnp2ut39cxxrtzedqzdagl60rdagl0wsqahlqjjky36g2,90211776989,
c125b8c31b9071a9049a66909504dcb89cc62f63334d985f846fd844751722f0,2024-08-29T15:57:20.549000,sent,kaspa:qpzeddfftmgq7fglsnp2ut39cxxrtzedqzdagl60rdagl0wsqahlqjjky36g2,90211776989,
c125b8c31b9071a9049a66909504dcb89cc62f63334d985f846fd844751722f0,2024-08-29T15:57:20.549000,sent,kaspa:qpzeddfftmgq7fglsnp2ut39cxxrtzedqzdagl60rdagl0wsqahlqjjky36g2,90211776989,
89677a19cd061cb98b6fa6f2cb1f976def52363da0ad2b84c8108957d5a82bec,2024-08-29T13:09:09.907000,received,kaspa:qzptk8av4p5jmvdrnacrg36jxc2nhwmhcmu4093l8pcc93hxd3tj5f3eaxzqz,10018757520,
89677a19cd061cb98b6fa6f2cb1f976def52363da0ad2b84c8108957d5a82bec,2024-08-29T13:09:09.907000,received,kaspa:qzptk8av4p5jmvdrnacrg36jxc2nhwmhcmu4093l8pcc93hxd3tj5f3eaxzqz,10018757520,
00c4b23bb524e7372f6f232979b353854f17ee3d0ed9aeb31b558fa74d4d0cc5,2024-08-29T09:04:19.063000,received,kaspa:qp9rv9jvx2kyf6wu4lupuruunq5zsuszyxs0dr3l89ej7wsgs48jqkewy6xtl,10033650956,
00c4b23bb524e7372f6f232979b353854f17ee3d0ed9aeb31b558fa74d4d0cc5,2024-08-29T09:04:19.063000,received,kaspa:qp9rv9jvx2kyf6wu4lupuruunq5zsuszyxs0dr3l89ej7wsgs48jqkewy6xtl,10033650956,
489acc40d92624b94dd081fc5a305c084efddf923e182fa83368faebbe200081,2024-08-29T06:19:18.424000,received,kaspa:qzptk8av4p5jmvdrnacrg36jxc2nhwmhcmu4093l8pcc93hxd3tj5f3eaxzqz,10029729475,
489acc40d92624b94dd081fc5a305c084efddf923e182fa83368faebbe200081,2024-08-29T06:19:18.424000,received,kaspa:qzptk8av4p5jmvdrnacrg36jxc2nhwmhcmu4093l8pcc93hxd3tj5f3eaxzqz,10029729475,
bcdcef4e3272e0f3031844cb6fc064b4a15a2439c090cd54f3ae45cbeccfb119,2024-08-29T03:30:16.718000,received,kaspa:qp9rv9jvx2kyf6wu4lupuruunq5zsuszyxs0dr3l89ej7wsgs48jqkewy6xtl,10040111437,
bcdcef4e3272e0f3031844cb6fc064b4a15a2439c090cd54f3ae45cbeccfb119,2024-08-29T03:30:16.718000,received,kaspa:qp9rv9jvx2kyf6wu4lupuruunq5zsuszyxs0dr3l89ej7wsgs48jqkewy6xtl,10040111437,
65da8b6e995ef8f192dfb9107409b364be43e8e1fcf958d135393bdc529a48ae,2024-08-29T00:47:43.829000,received,kaspa:qp9rv9jvx2kyf6wu4lupuruunq5zsuszyxs0dr3l89ej7wsgs48jqkewy6xtl,10119287548,
65da8b6e995ef8f192dfb9107409b364be43e8e1fcf958d135393bdc529a48ae,2024-08-29T00:47:43.829000,received,kaspa:qp9rv9jvx2kyf6wu4lupuruunq5zsuszyxs0dr3l89ej7wsgs48jqkewy6xtl,10119287548,
e8b2390d61fa7dd115d5b9eee4a0cbb1d502731051eb78c85ae0c463a9ea1b96,2024-08-28T22:00:33.995000,received,kaspa:qzptk8av4p5jmvdrnacrg36jxc2nhwmhcmu4093l8pcc93hxd3tj5f3eaxzqz,10032911579,
e8b2390d61fa7dd115d5b9eee4a0cbb1d502731051eb78c85ae0c463a9ea1b96,2024-08-28T22:00:33.995000,received,kaspa:qzptk8av4p5jmvdrnacrg36jxc2nhwmhcmu4093l8pcc93hxd3tj5f3eaxzqz,10032911579,
8a1047136e901743702cd854be3931321f579451f6417bd0432f293610337912,2024-08-28T19:34:45.635000,received,kaspa:qp9rv9jvx2kyf6wu4lupuruunq5zsuszyxs0dr3l89ej7wsgs48jqkewy6xtl,10125638694,
8a1047136e901743702cd854be3931321f579451f6417bd0432f293610337912,2024-08-28T19:34:45.635000,received,kaspa:qp9rv9jvx2kyf6wu4lupuruunq5zsuszyxs0dr3l89ej7wsgs48jqkewy6xtl,10125638694,
f0bce346c072783bf649c445a5eb59066d6e19f04257f9c761ef72624038cf41,2024-08-28T16:31:36.768000,received,kaspa:qp9rv9jvx2kyf6wu4lupuruunq5zsuszyxs0dr3l89ej7wsgs48jqkewy6xtl,10023424581,
f0bce346c072783bf649c445a5eb59066d6e19f04257f9c761ef72624038cf41,2024-08-28T16:31:36.768000,received,kaspa:qp9rv9jvx2kyf6wu4lupuruunq5zsuszyxs0dr3l89ej7wsgs48jqkewy6xtl,10023424581,
226ff57f846007cba19526d42ee5e80cf66016b3e0cb87e57bef300fbdf808e0,2024-08-23T05:41:17.831000,sent,kaspa:qpzeddfftmgq7fglsnp2ut39cxxrtzedqzdagl60rdagl0wsqahlqjjky36g2,200000000000,
be4a6cc45a4e4746868d5c9a4120cc1d7c9cd6de35ee00edcfc70425b0ae8491,2024-08-16T10:13:07.240000,sent,kaspa:qz36rg93dludj4zczekmud86lvn38ge2u59n5t27zmsp8rqxrsk0vc4e3rftf,310000000000,
be4a6cc45a4e4746868d5c9a4120cc1d7c9cd6de35ee00edcfc70425b0ae8491,2024-08-16T10:13:07.240000,sent,kaspa:qz36rg93dludj4zczekmud86lvn38ge2u59n5t27zmsp8rqxrsk0vc4e3rftf,310000000000,
5f8275336258e7228047e9f0014846afb55ac222dff60f6b090cc3deb17886d3,2024-08-14T13:11:22.498000,received,kaspa:qru6qv0wyf7sl7qtwqkx7c03yhs244c2nwavxaszhrm8rmk5dtlvwztc5arzk,519498918255,
13ed64485b41e9d6fa949d3a1927f94fc8bb987687d3efbddb6adf3c24932f9f,2024-08-11T08:47:20.870000,sent,kaspa:qq64cvqmwkkseh9hgjatw4vmymquddeqcxk5wh7ksh4j3xkekx0yyerk9dfmk,974000000000,
13ed64485b41e9d6fa949d3a1927f94fc8bb987687d3efbddb6adf3c24932f9f,2024-08-11T08:47:20.870000,sent,kaspa:qq64cvqmwkkseh9hgjatw4vmymquddeqcxk5wh7ksh4j3xkekx0yyerk9dfmk,974000000000,
13ed64485b41e9d6fa949d3a1927f94fc8bb987687d3efbddb6adf3c24932f9f,2024-08-11T08:47:20.870000,sent,kaspa:qq64cvqmwkkseh9hgjatw4vmymquddeqcxk5wh7ksh4j3xkekx0yyerk9dfmk,974000000000,
13ed64485b41e9d6fa949d3a1927f94fc8bb987687d3efbddb6adf3c24932f9f,2024-08-11T08:47:20.870000,sent,kaspa:qq64cvqmwkkseh9hgjatw4vmymquddeqcxk5wh7ksh4j3xkekx0yyerk9dfmk,974000000000,
13ed64485b41e9d6fa949d3a1927f94fc8bb987687d3efbddb6adf3c24932f9f,2024-08-11T08:47:20.870000,sent,kaspa:qq64cvqmwkkseh9hgjatw4vmymquddeqcxk5wh7ksh4j3xkekx0yyerk9dfmk,974000000000,
13ed64485b41e9d6fa949d3a1927f94fc8bb987687d3efbddb6adf3c24932f9f,2024-08-11T08:47:20.870000,sent,kaspa:qq64cvqmwkkseh9hgjatw4vmymquddeqcxk5wh7ksh4j3xkekx0yyerk9dfmk,974000000000,
13ed64485b41e9d6fa949d3a1927f94fc8bb987687d3efbddb6adf3c24932f9f,2024-08-11T08:47:20.870000,sent,kaspa:qq64cvqmwkkseh9hgjatw4vmymquddeqcxk5wh7ksh4j3xkekx0yyerk9dfmk,974000000000,
13ed64485b41e9d6fa949d3a1927f94fc8bb987687d3efbddb6adf3c24932f9f,2024-08-11T08:47:20.870000,sent,kaspa:qq64cvqmwkkseh9hgjatw4vmymquddeqcxk5wh7ksh4j3xkekx0yyerk9dfmk,974000000000,
13ed64485b41e9d6fa949d3a1927f94fc8bb987687d3efbddb6adf3c24932f9f,2024-08-11T08:47:20.870000,sent,kaspa:qq64cvqmwkkseh9hgjatw4vmymquddeqcxk5wh7ksh4j3xkekx0yyerk9dfmk,974000000000,
13ed64485b41e9d6fa949d3a1927f94fc8bb987687d3efbddb6adf3c24932f9f,2024-08-11T08:47:20.870000,sent,kaspa:qq64cvqmwkkseh9hgjatw4vmymquddeqcxk5wh7ksh4j3xkekx0yyerk9dfmk,974000000000,
13ed64485b41e9d6fa949d3a1927f94fc8bb987687d3efbddb6adf3c24932f9f,2024-08-11T08:47:20.870000,sent,kaspa:qq64cvqmwkkseh9hgjatw4vmymquddeqcxk5wh7ksh4j3xkekx0yyerk9dfmk,974000000000,
13ed64485b41e9d6fa949d3a1927f94fc8bb987687d3efbddb6adf3c24932f9f,2024-08-11T08:47:20.870000,sent,kaspa:qq64cvqmwkkseh9hgjatw4vmymquddeqcxk5wh7ksh4j3xkekx0yyerk9dfmk,974000000000,
13ed64485b41e9d6fa949d3a1927f94fc8bb987687d3efbddb6adf3c24932f9f,2024-08-11T08:47:20.870000,sent,kaspa:qq64cvqmwkkseh9hgjatw4vmymquddeqcxk5wh7ksh4j3xkekx0yyerk9dfmk,974000000000,
13ed64485b41e9d6fa949d3a1927f94fc8bb987687d3efbddb6adf3c24932f9f,2024-08-11T08:47:20.870000,sent,kaspa:qq64cvqmwkkseh9hgjatw4vmymquddeqcxk5wh7ksh4j3xkekx0yyerk9dfmk,974000000000,
13ed64485b41e9d6fa949d3a1927f94fc8bb987687d3efbddb6adf3c24932f9f,2024-08-11T08:47:20.870000,sent,kaspa:qq64cvqmwkkseh9hgjatw4vmymquddeqcxk5wh7ksh4j3xkekx0yyerk9dfmk,974000000000,
13ed64485b41e9d6fa949d3a1927f94fc8bb987687d3efbddb6adf3c24932f9f,2024-08-11T08:47:20.870000,sent,kaspa:qq64cvqmwkkseh9hgjatw4vmymquddeqcxk5wh7ksh4j3xkekx0yyerk9dfmk,974000000000,
13ed64485b41e9d6fa949d3a1927f94fc8bb987687d3efbddb6adf3c24932f9f,2024-08-11T08:47:20.870000,sent,kaspa:qq64cvqmwkkseh9hgjatw4vmymquddeqcxk5wh7ksh4j3xkekx0yyerk9dfmk,974000000000,
13ed64485b41e9d6fa949d3a1927f94fc8bb987687d3efbddb6adf3c24932f9f,2024-08-11T08:47:20.870000,sent,kaspa:qq64cvqmwkkseh9hgjatw4vmymquddeqcxk5wh7ksh4j3xkekx0yyerk9dfmk,974000000000,
13ed64485b41e9d6fa949d3a1927f94fc8bb987687d3efbddb6adf3c24932f9f,2024-08-11T08:47:20.870000,sent,kaspa:qq64cvqmwkkseh9hgjatw4vmymquddeqcxk5wh7ksh4j3xkekx0yyerk9dfmk,974000000000,
13ed64485b41e9d6fa949d3a1927f94fc8bb987687d3efbddb6adf3c24932f9f,2024-08-11T08:47:20.870000,sent,kaspa:qq64cvqmwkkseh9hgjatw4vmymquddeqcxk5wh7ksh4j3xkekx0yyerk9dfmk,974000000000,
13ed64485b41e9d6fa949d3a1927f94fc8bb987687d3efbddb6adf3c24932f9f,2024-08-11T08:47:20.870000,sent,kaspa:qq64cvqmwkkseh9hgjatw4vmymquddeqcxk5wh7ksh4j3xkekx0yyerk9dfmk,974000000000,
13ed64485b41e9d6fa949d3a1927f94fc8bb987687d3efbddb6adf3c24932f9f,2024-08-11T08:47:20.870000,sent,kaspa:qq64cvqmwkkseh9hgjatw4vmymquddeqcxk5wh7ksh4j3xkekx0yyerk9dfmk,974000000000,
13ed64485b41e9d6fa949d3a1927f94fc8bb987687d3efbddb6adf3c24932f9f,2024-08-11T08:47:20.870000,sent,kaspa:qq64cvqmwkkseh9hgjatw4vmymquddeqcxk5wh7ksh4j3xkekx0yyerk9dfmk,974000000000,
13ed64485b41e9d6fa949d3a1927f94fc8bb987687d3efbddb6adf3c24932f9f,2024-08-11T08:47:20.870000,sent,kaspa:qq64cvqmwkkseh9hgjatw4vmymquddeqcxk5wh7ksh4j3xkekx0yyerk9dfmk,974000000000,
13ed64485b41e9d6fa949d3a1927f94fc8bb987687d3efbddb6adf3c24932f9f,2024-08-11T08:47:20.870000,sent,kaspa:qq64cvqmwkkseh9hgjatw4vmymquddeqcxk5wh7ksh4j3xkekx0yyerk9dfmk,974000000000,
13ed64485b41e9d6fa949d3a1927f94fc8bb987687d3efbddb6adf3c24932f9f,2024-08-11T08:47:20.870000,sent,kaspa:qq64cvqmwkkseh9hgjatw4vmymquddeqcxk5wh7ksh4j3xkekx0yyerk9dfmk,974000000000,
13ed64485b41e9d6fa949d3a1927f94fc8bb987687d3efbddb6adf3c24932f9f,2024-08-11T08:47:20.870000,sent,kaspa:qq64cvqmwkkseh9hgjatw4vmymquddeqcxk5wh7ksh4j3xkekx0yyerk9dfmk,974000000000,
13ed64485b41e9d6fa949d3a1927f94fc8bb987687d3efbddb6adf3c24932f9f,2024-08-11T08:47:20.870000,sent,kaspa:qq64cvqmwkkseh9hgjatw4vmymquddeqcxk5wh7ksh4j3xkekx0yyerk9dfmk,974000000000,
13ed64485b41e9d6fa949d3a1927f94fc8bb987687d3efbddb6adf3c24932f9f,2024-08-11T08:47:20.870000,sent,kaspa:qq64cvqmwkkseh9hgjatw4vmymquddeqcxk5wh7ksh4j3xkekx0yyerk9dfmk,974000000000,
13ed64485b41e9d6fa949d3a1927f94fc8bb987687d3efbddb6adf3c24932f9f,2024-08-11T08:47:20.870000,sent,kaspa:qq64cvqmwkkseh9hgjatw4vmymquddeqcxk5wh7ksh4j3xkekx0yyerk9dfmk,974000000000,
13ed64485b41e9d6fa949d3a1927f94fc8bb987687d3efbddb6adf3c24932f9f,2024-08-11T08:47:20.870000,sent,kaspa:qq64cvqmwkkseh9hgjatw4vmymquddeqcxk5wh7ksh4j3xkekx0yyerk9dfmk,974000000000,
13ed64485b41e9d6fa949d3a1927f94fc8bb987687d3efbddb6adf3c24932f9f,2024-08-11T08:47:20.870000,sent,kaspa:qq64cvqmwkkseh9hgjatw4vmymquddeqcxk5wh7ksh4j3xkekx0yyerk9dfmk,974000000000,
13ed64485b41e9d6fa949d3a1927f94fc8bb987687d3efbddb6adf3c24932f9f,2024-08-11T08:47:20.870000,sent,kaspa:qq64cvqmwkkseh9hgjatw4vmymquddeqcxk5wh7ksh4j3xkekx0yyerk9dfmk,974000000000,
13ed64485b41e9d6fa949d3a1927f94fc8bb987687d3efbddb6adf3c24932f9f,2024-08-11T08:47:20.870000,sent,kaspa:qq64cvqmwkkseh9hgjatw4vmymquddeqcxk5wh7ksh4j3xkekx0yyerk9dfmk,974000000000,
13ed64485b41e9d6fa949d3a1927f94fc8bb987687d3efbddb6adf3c24932f9f,2024-08-11T08:47:20.870000,sent,kaspa:qq64cvqmwkkseh9hgjatw4vmymquddeqcxk5wh7ksh4j3xkekx0yyerk9dfmk,974000000000,
13ed64485b41e9d6fa949d3a1927f94fc8bb987687d3efbddb6adf3c24932f9f,2024-08-11T08:47:20.870000,sent,kaspa:qq64cvqmwkkseh9hgjatw4vmymquddeqcxk5wh7ksh4j3xkekx0yyerk9dfmk,974000000000,
13ed64485b41e9d6fa949d3a1927f94fc8bb987687d3efbddb6adf3c24932f9f,2024-08-11T08:47:20.870000,sent,kaspa:qq64cvqmwkkseh9hgjatw4vmymquddeqcxk5wh7ksh4j3xkekx0yyerk9dfmk,974000000000,
13ed64485b41e9d6fa949d3a1927f94fc8bb987687d3efbddb6adf3c24932f9f,2024-08-11T08:47:20.870000,sent,kaspa:qq64cvqmwkkseh9hgjatw4vmymquddeqcxk5wh7ksh4j3xkekx0yyerk9dfmk,974000000000,
13ed64485b41e9d6fa949d3a1927f94fc8bb987687d3efbddb6adf3c24932f9f,2024-08-11T08:47:20.870000,sent,kaspa:qq64cvqmwkkseh9hgjatw4vmymquddeqcxk5wh7ksh4j3xkekx0yyerk9dfmk,974000000000,
13ed64485b41e9d6fa949d3a1927f94fc8bb987687d3efbddb6adf3c24932f9f,2024-08-11T08:47:20.870000,sent,kaspa:qq64cvqmwkkseh9hgjatw4vmymquddeqcxk5wh7ksh4j3xkekx0yyerk9dfmk,974000000000,
13ed64485b41e9d6fa949d3a1927f94fc8bb987687d3efbddb6adf3c24932f9f,2024-08-11T08:47:20.870000,sent,kaspa:qq64cvqmwkkseh9hgjatw4vmymquddeqcxk5wh7ksh4j3xkekx0yyerk9dfmk,974000000000,
13ed64485b41e9d6fa949d3a1927f94fc8bb987687d3efbddb6adf3c24932f9f,2024-08-11T08:47:20.870000,sent,kaspa:qq64cvqmwkkseh9hgjatw4vmymquddeqcxk5wh7ksh4j3xkekx0yyerk9dfmk,974000000000,
13ed64485b41e9d6fa949d3a1927f94fc8bb987687d3efbddb6adf3c24932f9f,2024-08-11T08:47:20.870000,sent,kaspa:qq64cvqmwkkseh9hgjatw4vmymquddeqcxk5wh7ksh4j3xkekx0yyerk9dfmk,974000000000,
13ed64485b41e9d6fa949d3a1927f94fc8bb987687d3efbddb6adf3c24932f9f,2024-08-11T08:47:20.870000,sent,kaspa:qq64cvqmwkkseh9hgjatw4vmymquddeqcxk5wh7ksh4j3xkekx0yyerk9dfmk,974000000000,
13ed64485b41e9d6fa949d3a1927f94fc8bb987687d3efbddb6adf3c24932f9f,2024-08-11T08:47:20.870000,sent,kaspa:qq64cvqmwkkseh9hgjatw4vmymquddeqcxk5wh7ksh4j3xkekx0yyerk9dfmk,974000000000,
13ed64485b41e9d6fa949d3a1927f94fc8bb987687d3efbddb6adf3c24932f9f,2024-08-11T08:47:20.870000,sent,kaspa:qq64cvqmwkkseh9hgjatw4vmymquddeqcxk5wh7ksh4j3xkekx0yyerk9dfmk,974000000000,
13ed64485b41e9d6fa949d3a1927f94fc8bb987687d3efbddb6adf3c24932f9f,2024-08-11T08:47:20.870000,sent,kaspa:qq64cvqmwkkseh9hgjatw4vmymquddeqcxk5wh7ksh4j3xkekx0yyerk9dfmk,974000000000,
13ed64485b41e9d6fa949d3a1927f94fc8bb987687d3efbddb6adf3c24932f9f,2024-08-11T08:47:20.870000,sent,kaspa:qq64cvqmwkkseh9hgjatw4vmymquddeqcxk5wh7ksh4j3xkekx0yyerk9dfmk,974000000000,
13ed64485b41e9d6fa949d3a1927f94fc8bb987687d3efbddb6adf3c24932f9f,2024-08-11T08:47:20.870000,sent,kaspa:qq64cvqmwkkseh9hgjatw4vmymquddeqcxk5wh7ksh4j3xkekx0yyerk9dfmk,974000000000,
13ed64485b41e9d6fa949d3a1927f94fc8bb987687d3efbddb6adf3c24932f9f,2024-08-11T08:47:20.870000,sent,kaspa:qq64cvqmwkkseh9hgjatw4vmymquddeqcxk5wh7ksh4j3xkekx0yyerk9dfmk,974000000000,
13ed64485b41e9d6fa949d3a1927f94fc8bb987687d3efbddb6adf3c24932f9f,2024-08-11T08:47:20.870000,sent,kaspa:qq64cvqmwkkseh9hgjatw4vmymquddeqcxk5wh7ksh4j3xkekx0yyerk9dfmk,974000000000,
13ed64485b41e9d6fa949d3a1927f94fc8bb987687d3efbddb6adf3c24932f9f,2024-08-11T08:47:20.870000,sent,kaspa:qq64cvqmwkkseh9hgjatw4vmymquddeqcxk5wh7ksh4j3xkekx0yyerk9dfmk,974000000000,
13ed64485b41e9d6fa949d3a1927f94fc8bb987687d3efbddb6adf3c24932f9f,2024-08-11T08:47:20.870000,sent,kaspa:qq64cvqmwkkseh9hgjatw4vmymquddeqcxk5wh7ksh4j3xkekx0yyerk9dfmk,974000000000,
13ed64485b41e9d6fa949d3a1927f94fc8bb987687d3efbddb6adf3c24932f9f,2024-08-11T08:47:20.870000,sent,kaspa:qq64cvqmwkkseh9hgjatw4vmymquddeqcxk5wh7ksh4j3xkekx0yyerk9dfmk,974000000000,
13ed64485b41e9d6fa949d3a1927f94fc8bb987687d3efbddb6adf3c24932f9f,2024-08-11T08:47:20.870000,sent,kaspa:qq64cvqmwkkseh9hgjatw4vmymquddeqcxk5wh7ksh4j3xkekx0yyerk9dfmk,974000000000,
13ed64485b41e9d6fa949d3a1927f94fc8bb987687d3efbddb6adf3c24932f9f,2024-08-11T08:47:20.870000,sent,kaspa:qq64cvqmwkkseh9hgjatw4vmymquddeqcxk5wh7ksh4j3xkekx0yyerk9dfmk,974000000000,
13ed64485b41e9d6fa949d3a1927f94fc8bb987687d3efbddb6adf3c24932f9f,2024-08-11T08:47:20.870000,sent,kaspa:qq64cvqmwkkseh9hgjatw4vmymquddeqcxk5wh7ksh4j3xkekx0yyerk9dfmk,974000000000,
13ed64485b41e9d6fa949d3a1927f94fc8bb987687d3efbddb6adf3c24932f9f,2024-08-11T08:47:20.870000,sent,kaspa:qq64cvqmwkkseh9hgjatw4vmymquddeqcxk5wh7ksh4j3xkekx0yyerk9dfmk,974000000000,
13ed64485b41e9d6fa949d3a1927f94fc8bb987687d3efbddb6adf3c24932f9f,2024-08-11T08:47:20.870000,sent,kaspa:qq64cvqmwkkseh9hgjatw4vmymquddeqcxk5wh7ksh4j3xkekx0yyerk9dfmk,974000000000,
13ed64485b41e9d6fa949d3a1927f94fc8bb987687d3efbddb6adf3c24932f9f,2024-08-11T08:47:20.870000,sent,kaspa:qq64cvqmwkkseh9hgjatw4vmymquddeqcxk5wh7ksh4j3xkekx0yyerk9dfmk,974000000000,
13ed64485b41e9d6fa949d3a1927f94fc8bb987687d3efbddb6adf3c24932f9f,2024-08-11T08:47:20.870000,sent,kaspa:qq64cvqmwkkseh9hgjatw4vmymquddeqcxk5wh7ksh4j3xkekx0yyerk9dfmk,974000000000,
13ed64485b41e9d6fa949d3a1927f94fc8bb987687d3efbddb6adf3c24932f9f,2024-08-11T08:47:20.870000,sent,kaspa:qq64cvqmwkkseh9hgjatw4vmymquddeqcxk5wh7ksh4j3xkekx0yyerk9dfmk,974000000000,
13ed64485b41e9d6fa949d3a1927f94fc8bb987687d3efbddb6adf3c24932f9f,2024-08-11T08:47:20.870000,sent,kaspa:qq64cvqmwkkseh9hgjatw4vmymquddeqcxk5wh7ksh4j3xkekx0yyerk9dfmk,974000000000,
13ed64485b41e9d6fa949d3a1927f94fc8bb987687d3efbddb6adf3c24932f9f,2024-08-11T08:47:20.870000,sent,kaspa:qq64cvqmwkkseh9hgjatw4vmymquddeqcxk5wh7ksh4j3xkekx0yyerk9dfmk,974000000000,
13ed64485b41e9d6fa949d3a1927f94fc8bb987687d3efbddb6adf3c24932f9f,2024-08-11T08:47:20.870000,sent,kaspa:qq64cvqmwkkseh9hgjatw4vmymquddeqcxk5wh7ksh4j3xkekx0yyerk9dfmk,974000000000,
13ed64485b41e9d6fa949d3a1927f94fc8bb987687d3efbddb6adf3c24932f9f,2024-08-11T08:47:20.870000,sent,kaspa:qq64cvqmwkkseh9hgjatw4vmymquddeqcxk5wh7ksh4j3xkekx0yyerk9dfmk,974000000000,
13ed64485b41e9d6fa949d3a1927f94fc8bb987687d3efbddb6adf3c24932f9f,2024-08-11T08:47:20.870000,sent,kaspa:qq64cvqmwkkseh9hgjatw4vmymquddeqcxk5wh7ksh4j3xkekx0yyerk9dfmk,974000000000,
13ed64485b41e9d6fa949d3a1927f94fc8bb987687d3efbddb6adf3c24932f9f,2024-08-11T08:47:20.870000,sent,kaspa:qq64cvqmwkkseh9hgjatw4vmymquddeqcxk5wh7ksh4j3xkekx0yyerk9dfmk,974000000000,
13ed64485b41e9d6fa949d3a1927f94fc8bb987687d3efbddb6adf3c24932f9f,2024-08-11T08:47:20.870000,sent,kaspa:qq64cvqmwkkseh9hgjatw4vmymquddeqcxk5wh7ksh4j3xkekx0yyerk9dfmk,974000000000,
13ed64485b41e9d6fa949d3a1927f94fc8bb987687d3efbddb6adf3c24932f9f,2024-08-11T08:47:20.870000,sent,kaspa:qq64cvqmwkkseh9hgjatw4vmymquddeqcxk5wh7ksh4j3xkekx0yyerk9dfmk,974000000000,
13ed64485b41e9d6fa949d3a1927f94fc8bb987687d3efbddb6adf3c24932f9f,2024-08-11T08:47:20.870000,sent,kaspa:qq64cvqmwkkseh9hgjatw4vmymquddeqcxk5wh7ksh4j3xkekx0yyerk9dfmk,974000000000,
13ed64485b41e9d6fa949d3a1927f94fc8bb987687d3efbddb6adf3c24932f9f,2024-08-11T08:47:20.870000,sent,kaspa:qq64cvqmwkkseh9hgjatw4vmymquddeqcxk5wh7ksh4j3xkekx0yyerk9dfmk,974000000000,
13ed64485b41e9d6fa949d3a1927f94fc8bb987687d3efbddb6adf3c24932f9f,2024-08-11T08:47:20.870000,sent,kaspa:qq64cvqmwkkseh9hgjatw4vmymquddeqcxk5wh7ksh4j3xkekx0yyerk9dfmk,974000000000,
13ed64485b41e9d6fa949d3a1927f94fc8bb987687d3efbddb6adf3c24932f9f,2024-08-11T08:47:20.870000,sent,kaspa:qq64cvqmwkkseh9hgjatw4vmymquddeqcxk5wh7ksh4j3xkekx0yyerk9dfmk,974000000000,
13ed64485b41e9d6fa949d3a1927f94fc8bb987687d3efbddb6adf3c24932f9f,2024-08-11T08:47:20.870000,sent,kaspa:qq64cvqmwkkseh9hgjatw4vmymquddeqcxk5wh7ksh4j3xkekx0yyerk9dfmk,974000000000,
f9637ebda575b1f4ab020490da1b8b60ea73108bc12cd4a79d1e144c17591b57,2024-08-10T06:41:47.492000,received,kaspa:qp9rv9jvx2kyf6wu4lupuruunq5zsuszyxs0dr3l89ej7wsgs48jqkewy6xtl,10058167117,
f9637ebda575b1f4ab020490da1b8b60ea73108bc12cd4a79d1e144c17591b57,2024-08-10T06:41:47.492000,received,kaspa:qp9rv9jvx2kyf6wu4lupuruunq5zsuszyxs0dr3l89ej7wsgs48jqkewy6xtl,10058167117,
ebe46c6f1dd612d217290f389821530618f36e596bcc277f7ae678d44f862aa4,2024-08-10T04:14:06.496000,received,kaspa:qp9rv9jvx2kyf6wu4lupuruunq5zsuszyxs0dr3l89ej7wsgs48jqkewy6xtl,10126490610,
ebe46c6f1dd612d217290f389821530618f36e596bcc277f7ae678d44f862aa4,2024-08-10T04:14:06.496000,received,kaspa:qp9rv9jvx2kyf6wu4lupuruunq5zsuszyxs0dr3l89ej7wsgs48jqkewy6xtl,10126490610,
1fc426c46047492ca5aa6d594b2a415843f2901fe5feb868a3624dcb3f7c57bd,2024-08-10T01:54:32.046000,received,kaspa:qp9rv9jvx2kyf6wu4lupuruunq5zsuszyxs0dr3l89ej7wsgs48jqkewy6xtl,10044204974,
1fc426c46047492ca5aa6d594b2a415843f2901fe5feb868a3624dcb3f7c57bd,2024-08-10T01:54:32.046000,received,kaspa:qp9rv9jvx2kyf6wu4lupuruunq5zsuszyxs0dr3l89ej7wsgs48jqkewy6xtl,10044204974,
8e6fb4a67e8d7923894b0b644b2dc0d164b79f2234088f60bc38580d2958fe3e,2024-08-09T23:34:55.973000,received,kaspa:qp9rv9jvx2kyf6wu4lupuruunq5zsuszyxs0dr3l89ej7wsgs48jqkewy6xtl,10102406523,
8e6fb4a67e8d7923894b0b644b2dc0d164b79f2234088f60bc38580d2958fe3e,2024-08-09T23:34:55.973000,received,kaspa:qp9rv9jvx2kyf6wu4lupuruunq5zsuszyxs0dr3l89ej7wsgs48jqkewy6xtl,10102406523,
f0e77c29ad719f92e4ee23bed17480cde26bd6df499e0555575a250a4c1ee7eb,2024-08-09T21:15:05.950000,received,kaspa:qp9rv9jvx2kyf6wu4lupuruunq5zsuszyxs0dr3l89ej7wsgs48jqkewy6xtl,10075407526,
f0e77c29ad719f92e4ee23bed17480cde26bd6df499e0555575a250a4c1ee7eb,2024-08-09T21:15:05.950000,received,kaspa:qp9rv9jvx2kyf6wu4lupuruunq5zsuszyxs0dr3l89ej7wsgs48jqkewy6xtl,10075407526,
7b35f7d8d705606655c3b0967081aab3680627a2ed79954a6e1acc88079ee6eb,2024-08-09T14:37:55.986000,received,kaspa:qzptk8av4p5jmvdrnacrg36jxc2nhwmhcmu4093l8pcc93hxd3tj5f3eaxzqz,10060700021,
7b35f7d8d705606655c3b0967081aab3680627a2ed79954a6e1acc88079ee6eb,2024-08-09T14:37:55.986000,received,kaspa:qzptk8av4p5jmvdrnacrg36jxc2nhwmhcmu4093l8pcc93hxd3tj5f3eaxzqz,10060700021,
7b35f7d8d705606655c3b0967081aab3680627a2ed79954a6e1acc88079ee6eb,2024-08-09T14:37:55.986000,received,kaspa:qzptk8av4p5jmvdrnacrg36jxc2nhwmhcmu4093l8pcc93hxd3tj5f3eaxzqz,10060700021,
2bd55bcc2ec24a9af15e9a4429100dc95e968e80c0eebaaebd15191628832207,2024-08-09T12:14:52.034000,received,kaspa:qp9rv9jvx2kyf6wu4lupuruunq5zsuszyxs0dr3l89ej7wsgs48jqkewy6xtl,10087910053,
2bd55bcc2ec24a9af15e9a4429100dc95e968e80c0eebaaebd15191628832207,2024-08-09T12:14:52.034000,received,kaspa:qp9rv9jvx2kyf6wu4lupuruunq5zsuszyxs0dr3l89ej7wsgs48jqkewy6xtl,10087910053,
4070baa8b1a15c5abcb08c2fecdb8053e1c3f325dfd125d3bd34fdfc1a206a79,2024-08-09T09:46:05.887000,received,kaspa:qp9rv9jvx2kyf6wu4lupuruunq5zsuszyxs0dr3l89ej7wsgs48jqkewy6xtl,10017878170,
4070baa8b1a15c5abcb08c2fecdb8053e1c3f325dfd125d3bd34fdfc1a206a79,2024-08-09T09:46:05.887000,received,kaspa:qp9rv9jvx2kyf6wu4lupuruunq5zsuszyxs0dr3l89ej7wsgs48jqkewy6xtl,10017878170,
1312efc013d465d94564ef67cdd085010389efccb5e478a98e33ffcf33645d8e,2024-08-09T07:26:06.855000,received,kaspa:qp9rv9jvx2kyf6wu4lupuruunq5zsuszyxs0dr3l89ej7wsgs48jqkewy6xtl,10112003280,
1312efc013d465d94564ef67cdd085010389efccb5e478a98e33ffcf33645d8e,2024-08-09T07:26:06.855000,received,kaspa:qp9rv9jvx2kyf6wu4lupuruunq5zsuszyxs0dr3l89ej7wsgs48jqkewy6xtl,10112003280,
4b18da3b33bf00df5c37f339e8236c6d5f87b14c894f01391f57b3159135890e,2024-08-09T05:00:28.462000,received,kaspa:qzptk8av4p5jmvdrnacrg36jxc2nhwmhcmu4093l8pcc93hxd3tj5f3eaxzqz,10008991828,
4b18da3b33bf00df5c37f339e8236c6d5f87b14c894f01391f57b3159135890e,2024-08-09T05:00:28.462000,received,kaspa:qzptk8av4p5jmvdrnacrg36jxc2nhwmhcmu4093l8pcc93hxd3tj5f3eaxzqz,10008991828,
4b18da3b33bf00df5c37f339e8236c6d5f87b14c894f01391f57b3159135890e,2024-08-09T05:00:28.462000,received,kaspa:qzptk8av4p5jmvdrnacrg36jxc2nhwmhcmu4093l8pcc93hxd3tj5f3eaxzqz,10008991828,
4b18da3b33bf00df5c37f339e8236c6d5f87b14c894f01391f57b3159135890e,2024-08-09T05:00:28.462000,received,kaspa:qzptk8av4p5jmvdrnacrg36jxc2nhwmhcmu4093l8pcc93hxd3tj5f3eaxzqz,10008991828,
26e54015dc9fdb0ff7a9ac649c21c5f89865a78af3ccab7f982d811d4f3082d7,2024-08-09T02:44:38.513000,received,kaspa:qzptk8av4p5jmvdrnacrg36jxc2nhwmhcmu4093l8pcc93hxd3tj5f3eaxzqz,10030745694,
26e54015dc9fdb0ff7a9ac649c21c5f89865a78af3ccab7f982d811d4f3082d7,2024-08-09T02:44:38.513000,received,kaspa:qzptk8av4p5jmvdrnacrg36jxc2nhwmhcmu4093l8pcc93hxd3tj5f3eaxzqz,10030745694,
5c06b70ea06fc59a9350f8a2a265c66cd53b31c6e7b0c12eec65fa5ec7bd936a,2024-08-09T00:23:31,received,kaspa:qzptk8av4p5jmvdrnacrg36jxc2nhwmhcmu4093l8pcc93hxd3tj5f3eaxzqz,10018083113,
5c06b70ea06fc59a9350f8a2a265c66cd53b31c6e7b0c12eec65fa5ec7bd936a,2024-08-09T00:23:31,received,kaspa:qp9rv9jvx2kyf6wu4lupuruunq5zsuszyxs0dr3l89ej7wsgs48jqkewy6xtl,10018083113,
25cb924fa172c25bdc641372774656ab4a3e64b2c5e16cc6c212705ef891a33b,2024-08-08T22:08:19.584000,received,kaspa:qp9rv9jvx2kyf6wu4lupuruunq5zsuszyxs0dr3l89ej7wsgs48jqkewy6xtl,10118955306,
25cb924fa172c25bdc641372774656ab4a3e64b2c5e16cc6c212705ef891a33b,2024-08-08T22:08:19.584000,received,kaspa:qp9rv9jvx2kyf6wu4lupuruunq5zsuszyxs0dr3l89ej7wsgs48jqkewy6xtl,10118955306,
ebce22a57dab2f70434bb293704a24e54e6fc06e7f663d54341593608f9c548e,2024-08-08T19:47:35.112000,received,kaspa:qp9rv9jvx2kyf6wu4lupuruunq5zsuszyxs0dr3l89ej7wsgs48jqkewy6xtl,10164916982,
ebce22a57dab2f70434bb293704a24e54e6fc06e7f663d54341593608f9c548e,2024-08-08T19:47:35.112000,received,kaspa:qp9rv9jvx2kyf6wu4lupuruunq5zsuszyxs0dr3l89ej7wsgs48jqkewy6xtl,10164916982,
bfd1f9fb49747581d25b374be40b65606c70b7f21473e67a4a4192397e91f0e2,2024-08-08T17:30:38.611000,received,kaspa:qzptk8av4p5jmvdrnacrg36jxc2nhwmhcmu4093l8pcc93hxd3tj5f3eaxzqz,10074372148,
bfd1f9fb49747581d25b374be40b65606c70b7f21473e67a4a4192397e91f0e2,2024-08-08T17:30:38.611000,received,kaspa:qzptk8av4p5jmvdrnacrg36jxc2nhwmhcmu4093l8pcc93hxd3tj5f3eaxzqz,10074372148,
bfd1f9fb49747581d25b374be40b65606c70b7f21473e67a4a4192397e91f0e2,2024-08-08T17:30:38.611000,received,kaspa:qzptk8av4p5jmvdrnacrg36jxc2nhwmhcmu4093l8pcc93hxd3tj5f3eaxzqz,10074372148,
8213e54788c4d6ed597cfa162327a052bc06c685a94fcaa94bb41a7414ccb00b,2024-08-08T15:17:48.998000,received,kaspa:qp9rv9jvx2kyf6wu4lupuruunq5zsuszyxs0dr3l89ej7wsgs48jqkewy6xtl,10004164160,
8213e54788c4d6ed597cfa162327a052bc06c685a94fcaa94bb41a7414ccb00b,2024-08-08T15:17:48.998000,received,kaspa:qp9rv9jvx2kyf6wu4lupuruunq5zsuszyxs0dr3l89ej7wsgs48jqkewy6xtl,10004164160,
2fea79d9473756407b5a2f5c9b36eed9298e4eb9a4ef7d18f8a6a8706065026b,2024-08-08T13:06:49.121000,received,kaspa:qzptk8av4p5jmvdrnacrg36jxc2nhwmhcmu4093l8pcc93hxd3tj5f3eaxzqz,10113464629,
2fea79d9473756407b5a2f5c9b36eed9298e4eb9a4ef7d18f8a6a8706065026b,2024-08-08T13:06:49.121000,received,kaspa:qzptk8av4p5jmvdrnacrg36jxc2nhwmhcmu4093l8pcc93hxd3tj5f3eaxzqz,10113464629,
2fe62edc146e6b11920a27548bb599d8378a9111fa884542a8cffa40ef66baf4,2024-08-08T10:51:42.929000,received,kaspa:qp9rv9jvx2kyf6wu4lupuruunq5zsuszyxs0dr3l89ej7wsgs48jqkewy6xtl,10148014109,
2fe62edc146e6b11920a27548bb599d8378a9111fa884542a8cffa40ef66baf4,2024-08-08T10:51:42.929000,received,kaspa:qp9rv9jvx2kyf6wu4lupuruunq5zsuszyxs0dr3l89ej7wsgs48jqkewy6xtl,10148014109,
f79192c4e41bc7fc9ee4467ebfed06caabef67953a58b5e4939f9bca318cdeba,2024-08-08T08:49:05.867000,received,kaspa:qzptk8av4p5jmvdrnacrg36jxc2nhwmhcmu4093l8pcc93hxd3tj5f3eaxzqz,10154059938,
f79192c4e41bc7fc9ee4467ebfed06caabef67953a58b5e4939f9bca318cdeba,2024-08-08T08:49:05.867000,received,kaspa:qp9rv9jvx2kyf6wu4lupuruunq5zsuszyxs0dr3l89ej7wsgs48jqkewy6xtl,10154059938,
670eebcb1b945b7adbf815140d35a763c3b1a2922c052481d36773b7ec7b3561,2024-08-08T06:34:35.701000,received,kaspa:qp9rv9jvx2kyf6wu4lupuruunq5zsuszyxs0dr3l89ej7wsgs48jqkewy6xtl,10036820880,
670eebcb1b945b7adbf815140d35a763c3b1a2922c052481d36773b7ec7b3561,2024-08-08T06:34:35.701000,received,kaspa:qp9rv9jvx2kyf6wu4lupuruunq5zsuszyxs0dr3l89ej7wsgs48jqkewy6xtl,10036820880,
0371e7b69d6ce3837b4d7c14eb0fcb5b739299bf0a74a4a02db25bc797ae713f,2024-08-08T04:18:12.439000,received,kaspa:qp9rv9jvx2kyf6wu4lupuruunq5zsuszyxs0dr3l89ej7wsgs48jqkewy6xtl,10144728132,
0371e7b69d6ce3837b4d7c14eb0fcb5b739299bf0a74a4a02db25bc797ae713f,2024-08-08T04:18:12.439000,received,kaspa:qp9rv9jvx2kyf6wu4lupuruunq5zsuszyxs0dr3l89ej7wsgs48jqkewy6xtl,10144728132,
72ad61d0d8f8f3ca660e3f9c702501a3e23445e9bdd7f7533f3a0ad1e3864720,2024-08-08T01:59:18.785000,received,kaspa:qzptk8av4p5jmvdrnacrg36jxc2nhwmhcmu4093l8pcc93hxd3tj5f3eaxzqz,10007840969,
72ad61d0d8f8f3ca660e3f9c702501a3e23445e9bdd7f7533f3a0ad1e3864720,2024-08-08T01:59:18.785000,received,kaspa:qp9rv9jvx2kyf6wu4lupuruunq5zsuszyxs0dr3l89ej7wsgs48jqkewy6xtl,10007840969,
1bab900a9fc1141290bfda332f39cb582b8de0741795f8504bf3d7b5e49f6517,2024-08-07T23:46:14.310000,received,kaspa:qzptk8av4p5jmvdrnacrg36jxc2nhwmhcmu4093l8pcc93hxd3tj5f3eaxzqz,10023806342,
1bab900a9fc1141290bfda332f39cb582b8de0741795f8504bf3d7b5e49f6517,2024-08-07T23:46:14.310000,received,kaspa:qzptk8av4p5jmvdrnacrg36jxc2nhwmhcmu4093l8pcc93hxd3tj5f3eaxzqz,10023806342,
770e1a682c80699905396fd4c5ad265a1e44d2567ef78443555804b89a45a36d,2024-08-07T21:25:43.792000,received,kaspa:qzptk8av4p5jmvdrnacrg36jxc2nhwmhcmu4093l8pcc93hxd3tj5f3eaxzqz,10113115433,
770e1a682c80699905396fd4c5ad265a1e44d2567ef78443555804b89a45a36d,2024-08-07T21:25:43.792000,received,kaspa:qp9rv9jvx2kyf6wu4lupuruunq5zsuszyxs0dr3l89ej7wsgs48jqkewy6xtl,10113115433,
f6d2eb5e971d792a3f203d5bd2f4dae66c8d614366e14ab96f3af593e73e70ab,2024-08-07T19:06:54.566000,received,kaspa:qp9rv9jvx2kyf6wu4lupuruunq5zsuszyxs0dr3l89ej7wsgs48jqkewy6xtl,10067799115,
f6d2eb5e971d792a3f203d5bd2f4dae66c8d614366e14ab96f3af593e73e70ab,2024-08-07T19:06:54.566000,received,kaspa:qp9rv9jvx2kyf6wu4lupuruunq5zsuszyxs0dr3l89ej7wsgs48jqkewy6xtl,10067799115,
9f2f83511415761e5a84944dc29f0941c7e0b5fdfb5737a3530e79a5e4a6e131,2024-08-07T16:40:13.559000,received,kaspa:qzptk8av4p5jmvdrnacrg36jxc2nhwmhcmu4093l8pcc93hxd3tj5f3eaxzqz,10087688507,
9f2f83511415761e5a84944dc29f0941c7e0b5fdfb5737a3530e79a5e4a6e131,2024-08-07T16:40:13.559000,received,kaspa:qzptk8av4p5jmvdrnacrg36jxc2nhwmhcmu4093l8pcc93hxd3tj5f3eaxzqz,10087688507,
1c283139f31873279e9fe85d2a773dc457a4cbcc97107f47629185fa4b22c18a,2024-08-07T14:25:36.663000,received,kaspa:qzptk8av4p5jmvdrnacrg36jxc2nhwmhcmu4093l8pcc93hxd3tj5f3eaxzqz,10019242362,
1c283139f31873279e9fe85d2a773dc457a4cbcc97107f47629185fa4b22c18a,2024-08-07T14:25:36.663000,received,kaspa:qzptk8av4p5jmvdrnacrg36jxc2nhwmhcmu4093l8pcc93hxd3tj5f3eaxzqz,10019242362,
9a7a65f209c29cf4ebeda4b521e3f164fcbfee2bbd307562467d261349fbfbef,2024-08-07T12:17:10.672000,received,kaspa:qzptk8av4p5jmvdrnacrg36jxc2nhwmhcmu4093l8pcc93hxd3tj5f3eaxzqz,10001258357,
9a7a65f209c29cf4ebeda4b521e3f164fcbfee2bbd307562467d261349fbfbef,2024-08-07T12:17:10.672000,received,kaspa:qzptk8av4p5jmvdrnacrg36jxc2nhwmhcmu4093l8pcc93hxd3tj5f3eaxzqz,10001258357,
798fc92bfeea1570860d403bf48494f62284cb1b56566c56f871afe80b7e43ae,2024-08-07T10:04:33.035000,received,kaspa:qp9rv9jvx2kyf6wu4lupuruunq5zsuszyxs0dr3l89ej7wsgs48jqkewy6xtl,10150575984,
798fc92bfeea1570860d403bf48494f62284cb1b56566c56f871afe80b7e43ae,2024-08-07T10:04:33.035000,received,kaspa:qp9rv9jvx2kyf6wu4lupuruunq5zsuszyxs0dr3l89ej7wsgs48jqkewy6xtl,10150575984,
8e21d2089859a6362b3adbbd78fca20bfcad17ada7fc2fe95f9df4405b7e9f90,2024-08-07T07:35:32.557000,received,kaspa:qzptk8av4p5jmvdrnacrg36jxc2nhwmhcmu4093l8pcc93hxd3tj5f3eaxzqz,10134215868,
8e21d2089859a6362b3adbbd78fca20bfcad17ada7fc2fe95f9df4405b7e9f90,2024-08-07T07:35:32.557000,received,kaspa:qzptk8av4p5jmvdrnacrg36jxc2nhwmhcmu4093l8pcc93hxd3tj5f3eaxzqz,10134215868,
1a624a5cf7db026e65b82bf02a0eaf60446468779902e87e678bc5185de1c6e8,2024-08-07T04:14:16.918000,received,kaspa:qp9rv9jvx2kyf6wu4lupuruunq5zsuszyxs0dr3l89ej7wsgs48jqkewy6xtl,10064975361,
1a624a5cf7db026e65b82bf02a0eaf60446468779902e87e678bc5185de1c6e8,2024-08-07T04:14:16.918000,received,kaspa:qp9rv9jvx2kyf6wu4lupuruunq5zsuszyxs0dr3l89ej7wsgs48jqkewy6xtl,10064975361,
dde91d7afc765035192f739c77203ebd49eaca02e03af9db8350cca8df8b0ce9,2024-08-07T01:51:22.348000,received,kaspa:qzptk8av4p5jmvdrnacrg36jxc2nhwmhcmu4093l8pcc93hxd3tj5f3eaxzqz,10057992339,
dde91d7afc765035192f739c77203ebd49eaca02e03af9db8350cca8df8b0ce9,2024-08-07T01:51:22.348000,received,kaspa:qzptk8av4p5jmvdrnacrg36jxc2nhwmhcmu4093l8pcc93hxd3tj5f3eaxzqz,10057992339,
dde91d7afc765035192f739c77203ebd49eaca02e03af9db8350cca8df8b0ce9,2024-08-07T01:51:22.348000,received,kaspa:qzptk8av4p5jmvdrnacrg36jxc2nhwmhcmu4093l8pcc93hxd3tj5f3eaxzqz,10057992339,
dde91d7afc765035192f739c77203ebd49eaca02e03af9db8350cca8df8b0ce9,2024-08-07T01:51:22.348000,received,kaspa:qzptk8av4p5jmvdrnacrg36jxc2nhwmhcmu4093l8pcc93hxd3tj5f3eaxzqz,10057992339,
35b497be4b3eb3622b1b632ed34dadcb3ff9a7adadffbf16e04a3a8b542c5509,2024-08-06T23:28:36.447000,received,kaspa:qzptk8av4p5jmvdrnacrg36jxc2nhwmhcmu4093l8pcc93hxd3tj5f3eaxzqz,10113802205,
35b497be4b3eb3622b1b632ed34dadcb3ff9a7adadffbf16e04a3a8b542c5509,2024-08-06T23:28:36.447000,received,kaspa:qzptk8av4p5jmvdrnacrg36jxc2nhwmhcmu4093l8pcc93hxd3tj5f3eaxzqz,10113802205,
8208bdf17d9a81526dcb25bd7834edc3d8f267674563401b946c2b8089a2fb17,2024-08-06T21:05:04.565000,received,kaspa:qzptk8av4p5jmvdrnacrg36jxc2nhwmhcmu4093l8pcc93hxd3tj5f3eaxzqz,10106982677,
8208bdf17d9a81526dcb25bd7834edc3d8f267674563401b946c2b8089a2fb17,2024-08-06T21:05:04.565000,received,kaspa:qzptk8av4p5jmvdrnacrg36jxc2nhwmhcmu4093l8pcc93hxd3tj5f3eaxzqz,10106982677,
7cd8cdac803f8c9dbdd2c608bce5fe6005b2ff280aa43296c3b881a5a795d7d0,2024-08-06T18:52:09.964000,received,kaspa:qzptk8av4p5jmvdrnacrg36jxc2nhwmhcmu4093l8pcc93hxd3tj5f3eaxzqz,10198921880,
7cd8cdac803f8c9dbdd2c608bce5fe6005b2ff280aa43296c3b881a5a795d7d0,2024-08-06T18:52:09.964000,received,kaspa:qp9rv9jvx2kyf6wu4lupuruunq5zsuszyxs0dr3l89ej7wsgs48jqkewy6xtl,10198921880,
90413466e7555aca1b14da0c8ebc12210def2770d68e32326c411495ffffbdbe,2024-08-06T16:37:42.897000,received,kaspa:qzptk8av4p5jmvdrnacrg36jxc2nhwmhcmu4093l8pcc93hxd3tj5f3eaxzqz,10024904612,
90413466e7555aca1b14da0c8ebc12210def2770d68e32326c411495ffffbdbe,2024-08-06T16:37:42.897000,received,kaspa:qzptk8av4p5jmvdrnacrg36jxc2nhwmhcmu4093l8pcc93hxd3tj5f3eaxzqz,10024904612,
90413466e7555aca1b14da0c8ebc12210def2770d68e32326c411495ffffbdbe,2024-08-06T16:37:42.897000,received,kaspa:qzptk8av4p5jmvdrnacrg36jxc2nhwmhcmu4093l8pcc93hxd3tj5f3eaxzqz,10024904612,
0a66193606f95f8d566721d581464181d00365d641c5a9a5193d56fa096afff8,2024-08-06T14:22:38.339000,received,kaspa:qzptk8av4p5jmvdrnacrg36jxc2nhwmhcmu4093l8pcc93hxd3tj5f3eaxzqz,10083979329,
0a66193606f95f8d566721d581464181d00365d641c5a9a5193d56fa096afff8,2024-08-06T14:22:38.339000,received,kaspa:qp9rv9jvx2kyf6wu4lupuruunq5zsuszyxs0dr3l89ej7wsgs48jqkewy6xtl,10083979329,
32cf5d942e378f4f5fd7872e4e1ff3f3beac1e3415d32268ac5f8afa08b52e35,2024-08-06T12:03:56.007000,received,kaspa:qp9rv9jvx2kyf6wu4lupuruunq5zsuszyxs0dr3l89ej7wsgs48jqkewy6xtl,10081712958,
32cf5d942e378f4f5fd7872e4e1ff3f3beac1e3415d32268ac5f8afa08b52e35,2024-08-06T12:03:56.007000,received,kaspa:qp9rv9jvx2kyf6wu4lupuruunq5zsuszyxs0dr3l89ej7wsgs48jqkewy6xtl,10081712958,
e4fd32e8719e6963883a5c2d3cf5504dbabebe466dfe3914ab9ba80ebbf72e0f,2024-08-06T09:43:18.987000,received,kaspa:qp9rv9jvx2kyf6wu4lupuruunq5zsuszyxs0dr3l89ej7wsgs48jqkewy6xtl,10014408726,
e4fd32e8719e6963883a5c2d3cf5504dbabebe466dfe3914ab9ba80ebbf72e0f,2024-08-06T09:43:18.987000,received,kaspa:qp9rv9jvx2kyf6wu4lupuruunq5zsuszyxs0dr3l89ej7wsgs48jqkewy6xtl,10014408726,
dab5576d0eeee1721c44ffd5ae4295bbded6c2a939f9f6028c29b4c7a210bdee,2024-08-06T07:32:54.689000,received,kaspa:qp9rv9jvx2kyf6wu4lupuruunq5zsuszyxs0dr3l89ej7wsgs48jqkewy6xtl,10110317204,
dab5576d0eeee1721c44ffd5ae4295bbded6c2a939f9f6028c29b4c7a210bdee,2024-08-06T07:32:54.689000,received,kaspa:qp9rv9jvx2kyf6wu4lupuruunq5zsuszyxs0dr3l89ej7wsgs48jqkewy6xtl,10110317204,
9be53e3efaab0ef5fcb9af822e518f562cd8c6b34a154aacb3cbd72d6c302cbb,2024-08-06T05:15:58.043000,received,kaspa:qzptk8av4p5jmvdrnacrg36jxc2nhwmhcmu4093l8pcc93hxd3tj5f3eaxzqz,10032939147,
9be53e3efaab0ef5fcb9af822e518f562cd8c6b34a154aacb3cbd72d6c302cbb,2024-08-06T05:15:58.043000,received,kaspa:qzptk8av4p5jmvdrnacrg36jxc2nhwmhcmu4093l8pcc93hxd3tj5f3eaxzqz,10032939147,
9be53e3efaab0ef5fcb9af822e518f562cd8c6b34a154aacb3cbd72d6c302cbb,2024-08-06T05:15:58.043000,received,kaspa:qzptk8av4p5jmvdrnacrg36jxc2nhwmhcmu4093l8pcc93hxd3tj5f3eaxzqz,10032939147,
33d91521a49490e37abb0d998f4a4a1cadee7e9654e706c37ddf92bffa45e70d,2024-08-06T02:56:50.946000,received,kaspa:qzptk8av4p5jmvdrnacrg36jxc2nhwmhcmu4093l8pcc93hxd3tj5f3eaxzqz,10002460530,
33d91521a49490e37abb0d998f4a4a1cadee7e9654e706c37ddf92bffa45e70d,2024-08-06T02:56:50.946000,received,kaspa:qzptk8av4p5jmvdrnacrg36jxc2nhwmhcmu4093l8pcc93hxd3tj5f3eaxzqz,10002460530,
33d91521a49490e37abb0d998f4a4a1cadee7e9654e706c37ddf92bffa45e70d,2024-08-06T02:56:50.946000,received,kaspa:qzptk8av4p5jmvdrnacrg36jxc2nhwmhcmu4093l8pcc93hxd3tj5f3eaxzqz,10002460530,
ad4e06ef20416247984adf04533ba3473f59fb350bc893de734d5ad71cf33039,2024-08-06T00:39:50.593000,received,kaspa:qzptk8av4p5jmvdrnacrg36jxc2nhwmhcmu4093l8pcc93hxd3tj5f3eaxzqz,10036122252,
ad4e06ef20416247984adf04533ba3473f59fb350bc893de734d5ad71cf33039,2024-08-06T00:39:50.593000,received,kaspa:qzptk8av4p5jmvdrnacrg36jxc2nhwmhcmu4093l8pcc93hxd3tj5f3eaxzqz,10036122252,
ad4e06ef20416247984adf04533ba3473f59fb350bc893de734d5ad71cf33039,2024-08-06T00:39:50.593000,received,kaspa:qzptk8av4p5jmvdrnacrg36jxc2nhwmhcmu4093l8pcc93hxd3tj5f3eaxzqz,10036122252,
28d7661046343a6e8bf012490995795ba89e4be2e3a579fb5acec25f19ab1623,2024-08-05T22:33:35.130000,received,kaspa:qp9rv9jvx2kyf6wu4lupuruunq5zsuszyxs0dr3l89ej7wsgs48jqkewy6xtl,10019886899,
28d7661046343a6e8bf012490995795ba89e4be2e3a579fb5acec25f19ab1623,2024-08-05T22:33:35.130000,received,kaspa:qp9rv9jvx2kyf6wu4lupuruunq5zsuszyxs0dr3l89ej7wsgs48jqkewy6xtl,10019886899,
71ea075dbd5bfbb401d836f6737eb7c0c7b62ea8f700524bf582fa3e91a191d8,2024-08-05T20:31:12.362000,received,kaspa:qp9rv9jvx2kyf6wu4lupuruunq5zsuszyxs0dr3l89ej7wsgs48jqkewy6xtl,10128654065,
71ea075dbd5bfbb401d836f6737eb7c0c7b62ea8f700524bf582fa3e91a191d8,2024-08-05T20:31:12.362000,received,kaspa:qp9rv9jvx2kyf6wu4lupuruunq5zsuszyxs0dr3l89ej7wsgs48jqkewy6xtl,10128654065,
2af492a50771d7a08826fa91b79af33ef094c943a67c6ccc544745c3a59be47b,2024-08-05T18:22:59.156000,received,kaspa:qzptk8av4p5jmvdrnacrg36jxc2nhwmhcmu4093l8pcc93hxd3tj5f3eaxzqz,10039961434,
2af492a50771d7a08826fa91b79af33ef094c943a67c6ccc544745c3a59be47b,2024-08-05T18:22:59.156000,received,kaspa:qzptk8av4p5jmvdrnacrg36jxc2nhwmhcmu4093l8pcc93hxd3tj5f3eaxzqz,10039961434,
e23d0411a5ed45e768d4160735a5f9eb8db26198b5c24757450076609a9a33d6,2024-08-05T16:15:41.822000,received,kaspa:qzptk8av4p5jmvdrnacrg36jxc2nhwmhcmu4093l8pcc93hxd3tj5f3eaxzqz,10038857271,
e23d0411a5ed45e768d4160735a5f9eb8db26198b5c24757450076609a9a33d6,2024-08-05T16:15:41.822000,received,kaspa:qzptk8av4p5jmvdrnacrg36jxc2nhwmhcmu4093l8pcc93hxd3tj5f3eaxzqz,10038857271,
e8c4ce98ccf626d4fd3ff27c7a49b9df354571d0c6e63623a9bc849515002abd,2024-08-05T14:00:18.053000,received,kaspa:qp9rv9jvx2kyf6wu4lupuruunq5zsuszyxs0dr3l89ej7wsgs48jqkewy6xtl,10016044695,
e8c4ce98ccf626d4fd3ff27c7a49b9df354571d0c6e63623a9bc849515002abd,2024-08-05T14:00:18.053000,received,kaspa:qp9rv9jvx2kyf6wu4lupuruunq5zsuszyxs0dr3l89ej7wsgs48jqkewy6xtl,10016044695,
a7f171dca6657c95a6479568b3d71c3a5773c9e7ba92aa701a28cc3bca786ed8,2024-08-05T11:47:08.070000,received,kaspa:qzptk8av4p5jmvdrnacrg36jxc2nhwmhcmu4093l8pcc93hxd3tj5f3eaxzqz,10147985321,
a7f171dca6657c95a6479568b3d71c3a5773c9e7ba92aa701a28cc3bca786ed8,2024-08-05T11:47:08.070000,received,kaspa:qzptk8av4p5jmvdrnacrg36jxc2nhwmhcmu4093l8pcc93hxd3tj5f3eaxzqz,10147985321,
a7f171dca6657c95a6479568b3d71c3a5773c9e7ba92aa701a28cc3bca786ed8,2024-08-05T11:47:08.070000,received,kaspa:qzptk8av4p5jmvdrnacrg36jxc2nhwmhcmu4093l8pcc93hxd3tj5f3eaxzqz,10147985321,
2fbf3b9089d809bb3095221a12d8f58d101a10fac692fbc670d86f6c07f9f30f,2024-08-05T09:20:21.840000,received,kaspa:qzptk8av4p5jmvdrnacrg36jxc2nhwmhcmu4093l8pcc93hxd3tj5f3eaxzqz,10179445772,
2fbf3b9089d809bb3095221a12d8f58d101a10fac692fbc670d86f6c07f9f30f,2024-08-05T09:20:21.840000,received,kaspa:qzptk8av4p5jmvdrnacrg36jxc2nhwmhcmu4093l8pcc93hxd3tj5f3eaxzqz,10179445772,
2fbf3b9089d809bb3095221a12d8f58d101a10fac692fbc670d86f6c07f9f30f,2024-08-05T09:20:21.840000,received,kaspa:qzptk8av4p5jmvdrnacrg36jxc2nhwmhcmu4093l8pcc93hxd3tj5f3eaxzqz,10179445772,
ff7342e4f37806ffbca5e9686ed92f4449af50e7732811f10d65f8d0d22f3fe4,2024-08-05T07:05:53.581000,received,kaspa:qzptk8av4p5jmvdrnacrg36jxc2nhwmhcmu4093l8pcc93hxd3tj5f3eaxzqz,10026358123,
ff7342e4f37806ffbca5e9686ed92f4449af50e7732811f10d65f8d0d22f3fe4,2024-08-05T07:05:53.581000,received,kaspa:qzptk8av4p5jmvdrnacrg36jxc2nhwmhcmu4093l8pcc93hxd3tj5f3eaxzqz,10026358123,
4ce934d4ceceff4ee2a0f1b5558ce922abb75e70ea9a4b66c32a4461950d0284,2024-08-05T04:59:22.493000,received,kaspa:qp9rv9jvx2kyf6wu4lupuruunq5zsuszyxs0dr3l89ej7wsgs48jqkewy6xtl,10053580079,
4ce934d4ceceff4ee2a0f1b5558ce922abb75e70ea9a4b66c32a4461950d0284,2024-08-05T04:59:22.493000,received,kaspa:qp9rv9jvx2kyf6wu4lupuruunq5zsuszyxs0dr3l89ej7wsgs48jqkewy6xtl,10053580079,
b247373bbb31dcf42f587001c504f5ab74b58972441415df24f6a46a99359f44,2024-08-05T02:59:18.946000,received,kaspa:qzptk8av4p5jmvdrnacrg36jxc2nhwmhcmu4093l8pcc93hxd3tj5f3eaxzqz,10748206610,
b247373bbb31dcf42f587001c504f5ab74b58972441415df24f6a46a99359f44,2024-08-05T02:59:18.946000,received,kaspa:qzptk8av4p5jmvdrnacrg36jxc2nhwmhcmu4093l8pcc93hxd3tj5f3eaxzqz,10748206610,
50856e1e07462b2fa8ce85a8d1dd294f8e81923c1f1fdfa941ea0e0a376aeb26,2024-08-05T00:52:30.796000,received,kaspa:qp9rv9jvx2kyf6wu4lupuruunq5zsuszyxs0dr3l89ej7wsgs48jqkewy6xtl,10042132035,
50856e1e07462b2fa8ce85a8d1dd294f8e81923c1f1fdfa941ea0e0a376aeb26,2024-08-05T00:52:30.796000,received,kaspa:qp9rv9jvx2kyf6wu4lupuruunq5zsuszyxs0dr3l89ej7wsgs48jqkewy6xtl,10042132035,
47e79e94e8f608efda02110cca9e5cc8a5553641fb6dd4ee0ceb6d7498063ca5,2024-08-04T22:56:06.950000,received,kaspa:qzptk8av4p5jmvdrnacrg36jxc2nhwmhcmu4093l8pcc93hxd3tj5f3eaxzqz,10059445926,
47e79e94e8f608efda02110cca9e5cc8a5553641fb6dd4ee0ceb6d7498063ca5,2024-08-04T22:56:06.950000,received,kaspa:qzptk8av4p5jmvdrnacrg36jxc2nhwmhcmu4093l8pcc93hxd3tj5f3eaxzqz,10059445926,
d5ace4192b7bed2813ffa8c3b38413e05e9ea2d4e4a53242d9e9b33cc9240f19,2024-08-04T20:52:05.274000,received,kaspa:qzptk8av4p5jmvdrnacrg36jxc2nhwmhcmu4093l8pcc93hxd3tj5f3eaxzqz,10105608866,
d5ace4192b7bed2813ffa8c3b38413e05e9ea2d4e4a53242d9e9b33cc9240f19,2024-08-04T20:52:05.274000,received,kaspa:qzptk8av4p5jmvdrnacrg36jxc2nhwmhcmu4093l8pcc93hxd3tj5f3eaxzqz,10105608866,
5e2e263836d34c5f20d1fcca36719e671a0655d27255c9c6c88f98845754f618,2024-08-04T19:00:04.612000,received,kaspa:qp9rv9jvx2kyf6wu4lupuruunq5zsuszyxs0dr3l89ej7wsgs48jqkewy6xtl,10013307907,
5e2e263836d34c5f20d1fcca36719e671a0655d27255c9c6c88f98845754f618,2024-08-04T19:00:04.612000,received,kaspa:qp9rv9jvx2kyf6wu4lupuruunq5zsuszyxs0dr3l89ej7wsgs48jqkewy6xtl,10013307907,
4f2377d647eee39be54930ef1fd7009cc465a6c089c7027761f9f0c2b687ba4a,2024-08-04T16:53:56.352000,received,kaspa:qzptk8av4p5jmvdrnacrg36jxc2nhwmhcmu4093l8pcc93hxd3tj5f3eaxzqz,10166443276,
4f2377d647eee39be54930ef1fd7009cc465a6c089c7027761f9f0c2b687ba4a,2024-08-04T16:53:56.352000,received,kaspa:qp9rv9jvx2kyf6wu4lupuruunq5zsuszyxs0dr3l89ej7wsgs48jqkewy6xtl,10166443276,
ad1683268671b25e4f87d9ae7d69e5e67814c7b2d12a1faf887f6c992f311460,2024-08-04T14:45:42.888000,received,kaspa:qp9rv9jvx2kyf6wu4lupuruunq5zsuszyxs0dr3l89ej7wsgs48jqkewy6xtl,10150014620,
ad1683268671b25e4f87d9ae7d69e5e67814c7b2d12a1faf887f6c992f311460,2024-08-04T14:45:42.888000,received,kaspa:qp9rv9jvx2kyf6wu4lupuruunq5zsuszyxs0dr3l89ej7wsgs48jqkewy6xtl,10150014620,
ae2e8fdbde1e268eecb68afe2f040fe70a7698668fb2e2d0b59df29e9082ccd8,2024-08-04T12:33:28.406000,received,kaspa:qp9rv9jvx2kyf6wu4lupuruunq5zsuszyxs0dr3l89ej7wsgs48jqkewy6xtl,10126730680,
ae2e8fdbde1e268eecb68afe2f040fe70a7698668fb2e2d0b59df29e9082ccd8,2024-08-04T12:33:28.406000,received,kaspa:qp9rv9jvx2kyf6wu4lupuruunq5zsuszyxs0dr3l89ej7wsgs48jqkewy6xtl,10126730680,
c579a744051c34f5aec2724ef65cbdb7f4765f3713033ee8660c01fee9d9e387,2024-08-04T10:28:47.676000,received,kaspa:qzptk8av4p5jmvdrnacrg36jxc2nhwmhcmu4093l8pcc93hxd3tj5f3eaxzqz,10044206460,
c579a744051c34f5aec2724ef65cbdb7f4765f3713033ee8660c01fee9d9e387,2024-08-04T10:28:47.676000,received,kaspa:qzptk8av4p5jmvdrnacrg36jxc2nhwmhcmu4093l8pcc93hxd3tj5f3eaxzqz,10044206460,
75e0266ead13d25cdadad922bdb53c39ba135d44c12dfc1e9d74050ad0b94a99,2024-08-04T08:34:44.759000,received,kaspa:qp9rv9jvx2kyf6wu4lupuruunq5zsuszyxs0dr3l89ej7wsgs48jqkewy6xtl,10006305047,
75e0266ead13d25cdadad922bdb53c39ba135d44c12dfc1e9d74050ad0b94a99,2024-08-04T08:34:44.759000,received,kaspa:qp9rv9jvx2kyf6wu4lupuruunq5zsuszyxs0dr3l89ej7wsgs48jqkewy6xtl,10006305047,
5fefd215e527405eaba0775ca8ffaa5136d7a25e7add03fc779bd8529848d835,2024-08-04T06:36:27.288000,received,kaspa:qzptk8av4p5jmvdrnacrg36jxc2nhwmhcmu4093l8pcc93hxd3tj5f3eaxzqz,11022030310,
5fefd215e527405eaba0775ca8ffaa5136d7a25e7add03fc779bd8529848d835,2024-08-04T06:36:27.288000,received,kaspa:qzptk8av4p5jmvdrnacrg36jxc2nhwmhcmu4093l8pcc93hxd3tj5f3eaxzqz,11022030310,
5fefd215e527405eaba0775ca8ffaa5136d7a25e7add03fc779bd8529848d835,2024-08-04T06:36:27.288000,received,kaspa:qzptk8av4p5jmvdrnacrg36jxc2nhwmhcmu4093l8pcc93hxd3tj5f3eaxzqz,11022030310,
b74bca99d6d17996aeb128eb5207844561b8772cdaa67d3ff58b2319c80d2a30,2024-08-04T04:24:16.135000,received,kaspa:qzptk8av4p5jmvdrnacrg36jxc2nhwmhcmu4093l8pcc93hxd3tj5f3eaxzqz,10113133382,
b74bca99d6d17996aeb128eb5207844561b8772cdaa67d3ff58b2319c80d2a30,2024-08-04T04:24:16.135000,received,kaspa:qzptk8av4p5jmvdrnacrg36jxc2nhwmhcmu4093l8pcc93hxd3tj5f3eaxzqz,10113133382,
8b715ae665778a750cef9f047a18478027940a04f4ecdb05de18b1c64ccf45e4,2024-08-04T02:20:32.086000,received,kaspa:qp9rv9jvx2kyf6wu4lupuruunq5zsuszyxs0dr3l89ej7wsgs48jqkewy6xtl,10021483415,
8b715ae665778a750cef9f047a18478027940a04f4ecdb05de18b1c64ccf45e4,2024-08-04T02:20:32.086000,received,kaspa:qp9rv9jvx2kyf6wu4lupuruunq5zsuszyxs0dr3l89ej7wsgs48jqkewy6xtl,10021483415,
ae9eb20c2a62b25b5c16eab0430dbb8e67ab8af3ce46d32437b055258ee20747,2024-08-04T00:20:44.077000,received,kaspa:qzptk8av4p5jmvdrnacrg36jxc2nhwmhcmu4093l8pcc93hxd3tj5f3eaxzqz,10147022649,
ae9eb20c2a62b25b5c16eab0430dbb8e67ab8af3ce46d32437b055258ee20747,2024-08-04T00:20:44.077000,received,kaspa:qzptk8av4p5jmvdrnacrg36jxc2nhwmhcmu4093l8pcc93hxd3tj5f3eaxzqz,10147022649,
ae9eb20c2a62b25b5c16eab0430dbb8e67ab8af3ce46d32437b055258ee20747,2024-08-04T00:20:44.077000,received,kaspa:qzptk8av4p5jmvdrnacrg36jxc2nhwmhcmu4093l8pcc93hxd3tj5f3eaxzqz,10147022649,
ae9eb20c2a62b25b5c16eab0430dbb8e67ab8af3ce46d32437b055258ee20747,2024-08-04T00:20:44.077000,received,kaspa:qp9rv9jvx2kyf6wu4lupuruunq5zsuszyxs0dr3l89ej7wsgs48jqkewy6xtl,10147022649,
a4cbd18410574e56026fc88b4174d179e81be966e289b53399ff0e873390d9e9,2024-08-03T22:30:12.556000,received,kaspa:qp9rv9jvx2kyf6wu4lupuruunq5zsuszyxs0dr3l89ej7wsgs48jqkewy6xtl,10145720726,
a4cbd18410574e56026fc88b4174d179e81be966e289b53399ff0e873390d9e9,2024-08-03T22:30:12.556000,received,kaspa:qp9rv9jvx2kyf6wu4lupuruunq5zsuszyxs0dr3l89ej7wsgs48jqkewy6xtl,10145720726,
d1fb3ec64f4081615819603fb06aba2128f32de565f9038cdaa1eb90f5b53f7d,2024-08-03T20:38:15.935000,received,kaspa:qp9rv9jvx2kyf6wu4lupuruunq5zsuszyxs0dr3l89ej7wsgs48jqkewy6xtl,10221398910,
d1fb3ec64f4081615819603fb06aba2128f32de565f9038cdaa1eb90f5b53f7d,2024-08-03T20:38:15.935000,received,kaspa:qp9rv9jvx2kyf6wu4lupuruunq5zsuszyxs0dr3l89ej7wsgs48jqkewy6xtl,10221398910,
9d5a4e0fbad8f903c7443a965b45ba7bb736f60980bffbad8af5655e1a45565d,2024-08-03T18:52:28.376000,received,kaspa:qzptk8av4p5jmvdrnacrg36jxc2nhwmhcmu4093l8pcc93hxd3tj5f3eaxzqz,10130930372,
9d5a4e0fbad8f903c7443a965b45ba7bb736f60980bffbad8af5655e1a45565d,2024-08-03T18:52:28.376000,received,kaspa:qzptk8av4p5jmvdrnacrg36jxc2nhwmhcmu4093l8pcc93hxd3tj5f3eaxzqz,10130930372,
f7b2d0a3cc1dbbda7ed81c702909950e31388c702c678f8770360373ef30f8cc,2024-08-03T17:00:55.824000,received,kaspa:qp9rv9jvx2kyf6wu4lupuruunq5zsuszyxs0dr3l89ej7wsgs48jqkewy6xtl,10173405451,
f7b2d0a3cc1dbbda7ed81c702909950e31388c702c678f8770360373ef30f8cc,2024-08-03T17:00:55.824000,received,kaspa:qp9rv9jvx2kyf6wu4lupuruunq5zsuszyxs0dr3l89ej7wsgs48jqkewy6xtl,10173405451,
abf061e631e25dbb133c60facbb4d40d331fc2f9796a95efabbee25be726d427,2024-08-03T15:05:14.889000,received,kaspa:qzptk8av4p5jmvdrnacrg36jxc2nhwmhcmu4093l8pcc93hxd3tj5f3eaxzqz,10009707004,
abf061e631e25dbb133c60facbb4d40d331fc2f9796a95efabbee25be726d427,2024-08-03T15:05:14.889000,received,kaspa:qzptk8av4p5jmvdrnacrg36jxc2nhwmhcmu4093l8pcc93hxd3tj5f3eaxzqz,10009707004,
2463345122c90db4ac7924278b761cf8b037f8983c3788a78359ed4a06605350,2024-08-03T13:21:33.049000,received,kaspa:qp9rv9jvx2kyf6wu4lupuruunq5zsuszyxs0dr3l89ej7wsgs48jqkewy6xtl,10118157943,
2463345122c90db4ac7924278b761cf8b037f8983c3788a78359ed4a06605350,2024-08-03T13:21:33.049000,received,kaspa:qp9rv9jvx2kyf6wu4lupuruunq5zsuszyxs0dr3l89ej7wsgs48jqkewy6xtl,10118157943,
2dab3c56da651c4cc8c10b17e26f981eb0c1feab94cb74f8a6cf0c496d6ea9fa,2024-08-03T11:31:56.433000,received,kaspa:qp9rv9jvx2kyf6wu4lupuruunq5zsuszyxs0dr3l89ej7wsgs48jqkewy6xtl,10000796821,
2dab3c56da651c4cc8c10b17e26f981eb0c1feab94cb74f8a6cf0c496d6ea9fa,2024-08-03T11:31:56.433000,received,kaspa:qp9rv9jvx2kyf6wu4lupuruunq5zsuszyxs0dr3l89ej7wsgs48jqkewy6xtl,10000796821,
3418207c183498d471e0605fcadc23d61f9ed34eb1d223ab84d7a05a0248e4d8,2024-08-03T09:30:33.075000,received,kaspa:qp9rv9jvx2kyf6wu4lupuruunq5zsuszyxs0dr3l89ej7wsgs48jqkewy6xtl,10035714216,
3418207c183498d471e0605fcadc23d61f9ed34eb1d223ab84d7a05a0248e4d8,2024-08-03T09:30:33.075000,received,kaspa:qp9rv9jvx2kyf6wu4lupuruunq5zsuszyxs0dr3l89ej7wsgs48jqkewy6xtl,10035714216,
37044d9b7532d1392af2628a0b4c2cbe0ae898a4bdfc275d667cec1eb9c8c10d,2024-08-03T08:04:42.379000,sent,kaspa:qrm94navp6pyrytan7y4hqq26p85qqwm29a95w9xmk9me2p5mvx6kaljnxxfu,200000000000,
37044d9b7532d1392af2628a0b4c2cbe0ae898a4bdfc275d667cec1eb9c8c10d,2024-08-03T08:04:42.379000,sent,kaspa:qrm94navp6pyrytan7y4hqq26p85qqwm29a95w9xmk9me2p5mvx6kaljnxxfu,200000000000,
37044d9b7532d1392af2628a0b4c2cbe0ae898a4bdfc275d667cec1eb9c8c10d,2024-08-03T08:04:42.379000,sent,kaspa:qrm94navp6pyrytan7y4hqq26p85qqwm29a95w9xmk9me2p5mvx6kaljnxxfu,200000000000,
37044d9b7532d1392af2628a0b4c2cbe0ae898a4bdfc275d667cec1eb9c8c10d,2024-08-03T08:04:42.379000,sent,kaspa:qrm94navp6pyrytan7y4hqq26p85qqwm29a95w9xmk9me2p5mvx6kaljnxxfu,200000000000,
37044d9b7532d1392af2628a0b4c2cbe0ae898a4bdfc275d667cec1eb9c8c10d,2024-08-03T08:04:42.379000,sent,kaspa:qrm94navp6pyrytan7y4hqq26p85qqwm29a95w9xmk9me2p5mvx6kaljnxxfu,200000000000,
37044d9b7532d1392af2628a0b4c2cbe0ae898a4bdfc275d667cec1eb9c8c10d,2024-08-03T08:04:42.379000,sent,kaspa:qrm94navp6pyrytan7y4hqq26p85qqwm29a95w9xmk9me2p5mvx6kaljnxxfu,200000000000,
37044d9b7532d1392af2628a0b4c2cbe0ae898a4bdfc275d667cec1eb9c8c10d,2024-08-03T08:04:42.379000,sent,kaspa:qrm94navp6pyrytan7y4hqq26p85qqwm29a95w9xmk9me2p5mvx6kaljnxxfu,200000000000,
37044d9b7532d1392af2628a0b4c2cbe0ae898a4bdfc275d667cec1eb9c8c10d,2024-08-03T08:04:42.379000,sent,kaspa:qrm94navp6pyrytan7y4hqq26p85qqwm29a95w9xmk9me2p5mvx6kaljnxxfu,200000000000,
37044d9b7532d1392af2628a0b4c2cbe0ae898a4bdfc275d667cec1eb9c8c10d,2024-08-03T08:04:42.379000,sent,kaspa:qrm94navp6pyrytan7y4hqq26p85qqwm29a95w9xmk9me2p5mvx6kaljnxxfu,200000000000,
37044d9b7532d1392af2628a0b4c2cbe0ae898a4bdfc275d667cec1eb9c8c10d,2024-08-03T08:04:42.379000,sent,kaspa:qrm94navp6pyrytan7y4hqq26p85qqwm29a95w9xmk9me2p5mvx6kaljnxxfu,200000000000,
37044d9b7532d1392af2628a0b4c2cbe0ae898a4bdfc275d667cec1eb9c8c10d,2024-08-03T08:04:42.379000,sent,kaspa:qrm94navp6pyrytan7y4hqq26p85qqwm29a95w9xmk9me2p5mvx6kaljnxxfu,200000000000,
37044d9b7532d1392af2628a0b4c2cbe0ae898a4bdfc275d667cec1eb9c8c10d,2024-08-03T08:04:42.379000,sent,kaspa:qrm94navp6pyrytan7y4hqq26p85qqwm29a95w9xmk9me2p5mvx6kaljnxxfu,200000000000,
37044d9b7532d1392af2628a0b4c2cbe0ae898a4bdfc275d667cec1eb9c8c10d,2024-08-03T08:04:42.379000,sent,kaspa:qrm94navp6pyrytan7y4hqq26p85qqwm29a95w9xmk9me2p5mvx6kaljnxxfu,200000000000,
37044d9b7532d1392af2628a0b4c2cbe0ae898a4bdfc275d667cec1eb9c8c10d,2024-08-03T08:04:42.379000,sent,kaspa:qrm94navp6pyrytan7y4hqq26p85qqwm29a95w9xmk9me2p5mvx6kaljnxxfu,200000000000,
37044d9b7532d1392af2628a0b4c2cbe0ae898a4bdfc275d667cec1eb9c8c10d,2024-08-03T08:04:42.379000,sent,kaspa:qrm94navp6pyrytan7y4hqq26p85qqwm29a95w9xmk9me2p5mvx6kaljnxxfu,200000000000,
37044d9b7532d1392af2628a0b4c2cbe0ae898a4bdfc275d667cec1eb9c8c10d,2024-08-03T08:04:42.379000,sent,kaspa:qrm94navp6pyrytan7y4hqq26p85qqwm29a95w9xmk9me2p5mvx6kaljnxxfu,200000000000,
37044d9b7532d1392af2628a0b4c2cbe0ae898a4bdfc275d667cec1eb9c8c10d,2024-08-03T08:04:42.379000,sent,kaspa:qrm94navp6pyrytan7y4hqq26p85qqwm29a95w9xmk9me2p5mvx6kaljnxxfu,200000000000,
37044d9b7532d1392af2628a0b4c2cbe0ae898a4bdfc275d667cec1eb9c8c10d,2024-08-03T08:04:42.379000,sent,kaspa:qrm94navp6pyrytan7y4hqq26p85qqwm29a95w9xmk9me2p5mvx6kaljnxxfu,200000000000,
37044d9b7532d1392af2628a0b4c2cbe0ae898a4bdfc275d667cec1eb9c8c10d,2024-08-03T08:04:42.379000,sent,kaspa:qrm94navp6pyrytan7y4hqq26p85qqwm29a95w9xmk9me2p5mvx6kaljnxxfu,200000000000,
37044d9b7532d1392af2628a0b4c2cbe0ae898a4bdfc275d667cec1eb9c8c10d,2024-08-03T08:04:42.379000,sent,kaspa:qrm94navp6pyrytan7y4hqq26p85qqwm29a95w9xmk9me2p5mvx6kaljnxxfu,200000000000,
37044d9b7532d1392af2628a0b4c2cbe0ae898a4bdfc275d667cec1eb9c8c10d,2024-08-03T08:04:42.379000,sent,kaspa:qrm94navp6pyrytan7y4hqq26p85qqwm29a95w9xmk9me2p5mvx6kaljnxxfu,200000000000,
37044d9b7532d1392af2628a0b4c2cbe0ae898a4bdfc275d667cec1eb9c8c10d,2024-08-03T08:04:42.379000,sent,kaspa:qrm94navp6pyrytan7y4hqq26p85qqwm29a95w9xmk9me2p5mvx6kaljnxxfu,200000000000,
37044d9b7532d1392af2628a0b4c2cbe0ae898a4bdfc275d667cec1eb9c8c10d,2024-08-03T08:04:42.379000,sent,kaspa:qrm94navp6pyrytan7y4hqq26p85qqwm29a95w9xmk9me2p5mvx6kaljnxxfu,200000000000,
37044d9b7532d1392af2628a0b4c2cbe0ae898a4bdfc275d667cec1eb9c8c10d,2024-08-03T08:04:42.379000,sent,kaspa:qrm94navp6pyrytan7y4hqq26p85qqwm29a95w9xmk9me2p5mvx6kaljnxxfu,200000000000,
37044d9b7532d1392af2628a0b4c2cbe0ae898a4bdfc275d667cec1eb9c8c10d,2024-08-03T08:04:42.379000,sent,kaspa:qrm94navp6pyrytan7y4hqq26p85qqwm29a95w9xmk9me2p5mvx6kaljnxxfu,200000000000,
213a6c5c8c1010245f3612a2aa41148ff2b054412093494078ffd8b7a72b29c3,2024-08-03T07:42:42.173000,received,kaspa:qp9rv9jvx2kyf6wu4lupuruunq5zsuszyxs0dr3l89ej7wsgs48jqkewy6xtl,10012377727,
213a6c5c8c1010245f3612a2aa41148ff2b054412093494078ffd8b7a72b29c3,2024-08-03T07:42:42.173000,received,kaspa:qp9rv9jvx2kyf6wu4lupuruunq5zsuszyxs0dr3l89ej7wsgs48jqkewy6xtl,10012377727,
209c0ab4958350275ea6624b42f30a5e609d725666b0c7f060e6f2f943df6dc7,2024-08-03T05:50:50.738000,received,kaspa:qzptk8av4p5jmvdrnacrg36jxc2nhwmhcmu4093l8pcc93hxd3tj5f3eaxzqz,10070746076,
209c0ab4958350275ea6624b42f30a5e609d725666b0c7f060e6f2f943df6dc7,2024-08-03T05:50:50.738000,received,kaspa:qzptk8av4p5jmvdrnacrg36jxc2nhwmhcmu4093l8pcc93hxd3tj5f3eaxzqz,10070746076,
cdc5e510cbb5036dd0e1901d8632032ca2f45dc441de115a20ed768c8699c9bf,2024-08-03T03:57:20.022000,received,kaspa:qzptk8av4p5jmvdrnacrg36jxc2nhwmhcmu4093l8pcc93hxd3tj5f3eaxzqz,10071027580,
cdc5e510cbb5036dd0e1901d8632032ca2f45dc441de115a20ed768c8699c9bf,2024-08-03T03:57:20.022000,received,kaspa:qzptk8av4p5jmvdrnacrg36jxc2nhwmhcmu4093l8pcc93hxd3tj5f3eaxzqz,10071027580,
aa058f8a25e92682fbe8b93d7c6aa8dacc43b641457d00773d615426dc54a652,2024-08-03T02:15:44.472000,received,kaspa:qzptk8av4p5jmvdrnacrg36jxc2nhwmhcmu4093l8pcc93hxd3tj5f3eaxzqz,10011485275,
aa058f8a25e92682fbe8b93d7c6aa8dacc43b641457d00773d615426dc54a652,2024-08-03T02:15:44.472000,received,kaspa:qzptk8av4p5jmvdrnacrg36jxc2nhwmhcmu4093l8pcc93hxd3tj5f3eaxzqz,10011485275,
e6d06a6e83d253baad52762381362aaa0d2afe28286df9bc0dbf9c2355756c52,2024-08-03T00:30:11.799000,received,kaspa:qp9rv9jvx2kyf6wu4lupuruunq5zsuszyxs0dr3l89ej7wsgs48jqkewy6xtl,10035658746,
e6d06a6e83d253baad52762381362aaa0d2afe28286df9bc0dbf9c2355756c52,2024-08-03T00:30:11.799000,received,kaspa:qp9rv9jvx2kyf6wu4lupuruunq5zsuszyxs0dr3l89ej7wsgs48jqkewy6xtl,10035658746,
d56bdd866498b96263f6d3de5c2bfe24fab52d9014320f386aac6136698e2f7d,2024-08-02T22:42:24.207000,received,kaspa:qp9rv9jvx2kyf6wu4lupuruunq5zsuszyxs0dr3l89ej7wsgs48jqkewy6xtl,10052921747,
d56bdd866498b96263f6d3de5c2bfe24fab52d9014320f386aac6136698e2f7d,2024-08-02T22:42:24.207000,received,kaspa:qp9rv9jvx2kyf6wu4lupuruunq5zsuszyxs0dr3l89ej7wsgs48jqkewy6xtl,10052921747,
c2e04bd5f305acab32a796e88caa8002feb176d4df258d85d72df58be9430ca2,2024-08-02T20:52:49.345000,received,kaspa:qp9rv9jvx2kyf6wu4lupuruunq5zsuszyxs0dr3l89ej7wsgs48jqkewy6xtl,10037412992,
c2e04bd5f305acab32a796e88caa8002feb176d4df258d85d72df58be9430ca2,2024-08-02T20:52:49.345000,received,kaspa:qp9rv9jvx2kyf6wu4lupuruunq5zsuszyxs0dr3l89ej7wsgs48jqkewy6xtl,10037412992,
9122e4b873c4fc0b05b9bc569f83b54cfd1cebc1be1acf570ecf9bf04e40ec87,2024-08-02T18:57:16.777000,received,kaspa:qzptk8av4p5jmvdrnacrg36jxc2nhwmhcmu4093l8pcc93hxd3tj5f3eaxzqz,10140831887,
9122e4b873c4fc0b05b9bc569f83b54cfd1cebc1be1acf570ecf9bf04e40ec87,2024-08-02T18:57:16.777000,received,kaspa:qzptk8av4p5jmvdrnacrg36jxc2nhwmhcmu4093l8pcc93hxd3tj5f3eaxzqz,10140831887,
b03bd597daf4fc973e1ef28392c8f77c90a33cbe116c09c4c874aa18e1181c14,2024-08-02T17:01:40.211000,received,kaspa:qzptk8av4p5jmvdrnacrg36jxc2nhwmhcmu4093l8pcc93hxd3tj5f3eaxzqz,10044295085,
b03bd597daf4fc973e1ef28392c8f77c90a33cbe116c09c4c874aa18e1181c14,2024-08-02T17:01:40.211000,received,kaspa:qzptk8av4p5jmvdrnacrg36jxc2nhwmhcmu4093l8pcc93hxd3tj5f3eaxzqz,10044295085,
39132a099eeff01bd16aa2c363f771b675a61602dbf778c0f56d123dafaf10d0,2024-08-02T15:18:15.902000,received,kaspa:qzptk8av4p5jmvdrnacrg36jxc2nhwmhcmu4093l8pcc93hxd3tj5f3eaxzqz,10024582832,
39132a099eeff01bd16aa2c363f771b675a61602dbf778c0f56d123dafaf10d0,2024-08-02T15:18:15.902000,received,kaspa:qzptk8av4p5jmvdrnacrg36jxc2nhwmhcmu4093l8pcc93hxd3tj5f3eaxzqz,10024582832,
65d5b17bc511c04de0eeeeab489888c485aaf8c5eba769dfb5cd50fd4c143a05,2024-08-02T13:24:56.566000,received,kaspa:qzptk8av4p5jmvdrnacrg36jxc2nhwmhcmu4093l8pcc93hxd3tj5f3eaxzqz,10170751170,
65d5b17bc511c04de0eeeeab489888c485aaf8c5eba769dfb5cd50fd4c143a05,2024-08-02T13:24:56.566000,received,kaspa:qp9rv9jvx2kyf6wu4lupuruunq5zsuszyxs0dr3l89ej7wsgs48jqkewy6xtl,10170751170,
e81403fc3fa997eba1696358c209992b25553d2d442af23a104ab85252a00a69,2024-08-02T12:16:15.621000,received,kaspa:qrne76s83ezyurqmqqqkzu74sp7nax5tu4d4deyw3f8vx32h5wtyyp54e43j3,132322608649,
dfd988e34dc2af4e664a3ce7c8320707f2b6da5aa747c0b3bae9d672d44adc17,2024-08-02T11:27:09.698000,received,kaspa:qp9rv9jvx2kyf6wu4lupuruunq5zsuszyxs0dr3l89ej7wsgs48jqkewy6xtl,10169711672,
dfd988e34dc2af4e664a3ce7c8320707f2b6da5aa747c0b3bae9d672d44adc17,2024-08-02T11:27:09.698000,received,kaspa:qp9rv9jvx2kyf6wu4lupuruunq5zsuszyxs0dr3l89ej7wsgs48jqkewy6xtl,10169711672,
42f5e7d54aa97d01e7abbdd622c95c2225311ff8cedcc00ffb5c854f055e6cc2,2024-08-02T09:33:59.627000,received,kaspa:qp9rv9jvx2kyf6wu4lupuruunq5zsuszyxs0dr3l89ej7wsgs48jqkewy6xtl,10021675232,
42f5e7d54aa97d01e7abbdd622c95c2225311ff8cedcc00ffb5c854f055e6cc2,2024-08-02T09:33:59.627000,received,kaspa:qp9rv9jvx2kyf6wu4lupuruunq5zsuszyxs0dr3l89ej7wsgs48jqkewy6xtl,10021675232,
0c4125792adb562a4ecd0f2cf501a52e3fb7aeaadae35c7c7071eb96f6b64e69,2024-08-02T07:45:03.811000,received,kaspa:qzptk8av4p5jmvdrnacrg36jxc2nhwmhcmu4093l8pcc93hxd3tj5f3eaxzqz,10081749667,
0c4125792adb562a4ecd0f2cf501a52e3fb7aeaadae35c7c7071eb96f6b64e69,2024-08-02T07:45:03.811000,received,kaspa:qzptk8av4p5jmvdrnacrg36jxc2nhwmhcmu4093l8pcc93hxd3tj5f3eaxzqz,10081749667,
0c4125792adb562a4ecd0f2cf501a52e3fb7aeaadae35c7c7071eb96f6b64e69,2024-08-02T07:45:03.811000,received,kaspa:qzptk8av4p5jmvdrnacrg36jxc2nhwmhcmu4093l8pcc93hxd3tj5f3eaxzqz,10081749667,
0c4125792adb562a4ecd0f2cf501a52e3fb7aeaadae35c7c7071eb96f6b64e69,2024-08-02T07:45:03.811000,received,kaspa:qzptk8av4p5jmvdrnacrg36jxc2nhwmhcmu4093l8pcc93hxd3tj5f3eaxzqz,10081749667,
2387c1ec032c613c6d42345ad9edbbc349748029d15cfb01e7c572fe0cf7dfeb,2024-08-02T05:55:56.450000,received,kaspa:qp9rv9jvx2kyf6wu4lupuruunq5zsuszyxs0dr3l89ej7wsgs48jqkewy6xtl,10120460430,
2387c1ec032c613c6d42345ad9edbbc349748029d15cfb01e7c572fe0cf7dfeb,2024-08-02T05:55:56.450000,received,kaspa:qp9rv9jvx2kyf6wu4lupuruunq5zsuszyxs0dr3l89ej7wsgs48jqkewy6xtl,10120460430,
b469e5da922a33a69c7c5fc56110f61571023ccc70baf14a74ba64bc98abe3bf,2024-08-02T04:12:40.770000,received,kaspa:qzptk8av4p5jmvdrnacrg36jxc2nhwmhcmu4093l8pcc93hxd3tj5f3eaxzqz,10078323552,
b469e5da922a33a69c7c5fc56110f61571023ccc70baf14a74ba64bc98abe3bf,2024-08-02T04:12:40.770000,received,kaspa:qp9rv9jvx2kyf6wu4lupuruunq5zsuszyxs0dr3l89ej7wsgs48jqkewy6xtl,10078323552,
40b3cadc6498f73a99d16bb6d08243ccc0bc4b0610382eca83607533f8251ea3,2024-08-02T02:25:32.844000,received,kaspa:qp9rv9jvx2kyf6wu4lupuruunq5zsuszyxs0dr3l89ej7wsgs48jqkewy6xtl,10110728033,
40b3cadc6498f73a99d16bb6d08243ccc0bc4b0610382eca83607533f8251ea3,2024-08-02T02:25:32.844000,received,kaspa:qp9rv9jvx2kyf6wu4lupuruunq5zsuszyxs0dr3l89ej7wsgs48jqkewy6xtl,10110728033,
90b5462bc9778cdd6c5fde0acf8f5e86e53bf7c4d74d35907bc809248e212f7c,2024-08-02T00:38:15.877000,received,kaspa:qzptk8av4p5jmvdrnacrg36jxc2nhwmhcmu4093l8pcc93hxd3tj5f3eaxzqz,10094601630,
90b5462bc9778cdd6c5fde0acf8f5e86e53bf7c4d74d35907bc809248e212f7c,2024-08-02T00:38:15.877000,received,kaspa:qzptk8av4p5jmvdrnacrg36jxc2nhwmhcmu4093l8pcc93hxd3tj5f3eaxzqz,10094601630,
90b5462bc9778cdd6c5fde0acf8f5e86e53bf7c4d74d35907bc809248e212f7c,2024-08-02T00:38:15.877000,received,kaspa:qzptk8av4p5jmvdrnacrg36jxc2nhwmhcmu4093l8pcc93hxd3tj5f3eaxzqz,10094601630,
90b5462bc9778cdd6c5fde0acf8f5e86e53bf7c4d74d35907bc809248e212f7c,2024-08-02T00:38:15.877000,received,kaspa:qzptk8av4p5jmvdrnacrg36jxc2nhwmhcmu4093l8pcc93hxd3tj5f3eaxzqz,10094601630,
90b5462bc9778cdd6c5fde0acf8f5e86e53bf7c4d74d35907bc809248e212f7c,2024-08-02T00:38:15.877000,received,kaspa:qzptk8av4p5jmvdrnacrg36jxc2nhwmhcmu4093l8pcc93hxd3tj5f3eaxzqz,10094601630,
dbe9c8c763897424e00c5a6faac5d459b0716b29d317eff16dc0b8506b8d5b52,2024-08-01T23:02:53.163000,received,kaspa:qzptk8av4p5jmvdrnacrg36jxc2nhwmhcmu4093l8pcc93hxd3tj5f3eaxzqz,10065996847,
dbe9c8c763897424e00c5a6faac5d459b0716b29d317eff16dc0b8506b8d5b52,2024-08-01T23:02:53.163000,received,kaspa:qzptk8av4p5jmvdrnacrg36jxc2nhwmhcmu4093l8pcc93hxd3tj5f3eaxzqz,10065996847,
6167b66295ba4c5f9e270e20541feba0343ce87484115f3fa0586cb4459a4c34,2024-08-01T21:33:56.292000,received,kaspa:qzptk8av4p5jmvdrnacrg36jxc2nhwmhcmu4093l8pcc93hxd3tj5f3eaxzqz,10066284239,
6167b66295ba4c5f9e270e20541feba0343ce87484115f3fa0586cb4459a4c34,2024-08-01T21:33:56.292000,received,kaspa:qzptk8av4p5jmvdrnacrg36jxc2nhwmhcmu4093l8pcc93hxd3tj5f3eaxzqz,10066284239,
32d2ac9be3f2a46efeb3aee2f9ec0bac56ba8819b1673044871aecebc9903698,2024-08-01T20:01:01.332000,received,kaspa:qzptk8av4p5jmvdrnacrg36jxc2nhwmhcmu4093l8pcc93hxd3tj5f3eaxzqz,10202609189,
32d2ac9be3f2a46efeb3aee2f9ec0bac56ba8819b1673044871aecebc9903698,2024-08-01T20:01:01.332000,received,kaspa:qzptk8av4p5jmvdrnacrg36jxc2nhwmhcmu4093l8pcc93hxd3tj5f3eaxzqz,10202609189,
ec4ec61f461e2003b3df046f33824e968f3d4cf41504ffc30a3bd7e0c6a0c120,2024-08-01T18:10:10.028000,received,kaspa:qp9rv9jvx2kyf6wu4lupuruunq5zsuszyxs0dr3l89ej7wsgs48jqkewy6xtl,10143268826,
ec4ec61f461e2003b3df046f33824e968f3d4cf41504ffc30a3bd7e0c6a0c120,2024-08-01T18:10:10.028000,received,kaspa:qp9rv9jvx2kyf6wu4lupuruunq5zsuszyxs0dr3l89ej7wsgs48jqkewy6xtl,10143268826,
c1bdc2cb11995743739ae26d6a8938f6e21bea75a81ec5f73780f752ea49b240,2024-08-01T16:16:57.266000,received,kaspa:qzptk8av4p5jmvdrnacrg36jxc2nhwmhcmu4093l8pcc93hxd3tj5f3eaxzqz,10058230368,
c1bdc2cb11995743739ae26d6a8938f6e21bea75a81ec5f73780f752ea49b240,2024-08-01T16:16:57.266000,received,kaspa:qzptk8av4p5jmvdrnacrg36jxc2nhwmhcmu4093l8pcc93hxd3tj5f3eaxzqz,10058230368,
c1bdc2cb11995743739ae26d6a8938f6e21bea75a81ec5f73780f752ea49b240,2024-08-01T16:16:57.266000,received,kaspa:qzptk8av4p5jmvdrnacrg36jxc2nhwmhcmu4093l8pcc93hxd3tj5f3eaxzqz,10058230368,
c1bdc2cb11995743739ae26d6a8938f6e21bea75a81ec5f73780f752ea49b240,2024-08-01T16:16:57.266000,received,kaspa:qzptk8av4p5jmvdrnacrg36jxc2nhwmhcmu4093l8pcc93hxd3tj5f3eaxzqz,10058230368,
4a3ca5857d64642eb8eda6b023d21ca224255e8f28b374156d3fdabb1bf01f82,2024-08-01T12:31:24.516000,sent,kaspa:qqr00n5zf87emdkufgy0tk37xhstgxjwqgt2skpnp79v3xeccp2nv382v4q9w,230000000000,
4a3ca5857d64642eb8eda6b023d21ca224255e8f28b374156d3fdabb1bf01f82,2024-08-01T12:31:24.516000,sent,kaspa:qqr00n5zf87emdkufgy0tk37xhstgxjwqgt2skpnp79v3xeccp2nv382v4q9w,230000000000,
8a693b504a172df1a6d5a8db5a1a3ba622a93557aaf4fd455a52f00a56be5c2d,2024-07-31T12:12:56.278000,received,kaspa:qq8kmv4k5lcysmurmvvg3hvrgmnf8x5f0ls28gdwd6dkmas5ggq35z9am03mx,254594264583,
823bb2b573ece52321714ab4a4e7e3c6630c25acafc29c21a62c22f297cefe67,2024-07-28T14:38:47.933000,sent,kaspa:qz4w4987x779wy9l9uzf8dp787ljft78yhe2trthvtxdtp7lkxdvx7t0lst0x,250000000000,
823bb2b573ece52321714ab4a4e7e3c6630c25acafc29c21a62c22f297cefe67,2024-07-28T14:38:47.933000,sent,kaspa:qz4w4987x779wy9l9uzf8dp787ljft78yhe2trthvtxdtp7lkxdvx7t0lst0x,250000000000,
823bb2b573ece52321714ab4a4e7e3c6630c25acafc29c21a62c22f297cefe67,2024-07-28T14:38:47.933000,sent,kaspa:qz4w4987x779wy9l9uzf8dp787ljft78yhe2trthvtxdtp7lkxdvx7t0lst0x,250000000000,
823bb2b573ece52321714ab4a4e7e3c6630c25acafc29c21a62c22f297cefe67,2024-07-28T14:38:47.933000,sent,kaspa:qz4w4987x779wy9l9uzf8dp787ljft78yhe2trthvtxdtp7lkxdvx7t0lst0x,250000000000,
823bb2b573ece52321714ab4a4e7e3c6630c25acafc29c21a62c22f297cefe67,2024-07-28T14:38:47.933000,sent,kaspa:qz4w4987x779wy9l9uzf8dp787ljft78yhe2trthvtxdtp7lkxdvx7t0lst0x,250000000000,
46956dda1be7635a71b462def49782b306519c75341ed483e1f53747bf712470,2024-07-28T04:18:06.034000,received,kaspa:qzlg6v4pw3xf8r7zezjja35atmd7jspz7du4sfazchtr3k7ejc0rg30faemt5,16063458077,
7217af715c6475d65120dea3e7cfcdf346ac76b023c5e8ed433b7f2799d28cf5,2024-07-27T04:11:30.201000,received,kaspa:qzlg6v4pw3xf8r7zezjja35atmd7jspz7du4sfazchtr3k7ejc0rg30faemt5,86042295829,
a618090bf37d5a8355acc836b1008258c6b59a2bdf274110adfb81a09d9f6cd5,2024-07-26T04:16:24.742000,received,kaspa:qzlg6v4pw3xf8r7zezjja35atmd7jspz7du4sfazchtr3k7ejc0rg30faemt5,91824406879,
775b119da5ade7db613ef7f6ce744c49a38fbd7dc57c0a574c06c8dd7153f28d,2024-07-25T04:19:39.532000,received,kaspa:qzlg6v4pw3xf8r7zezjja35atmd7jspz7du4sfazchtr3k7ejc0rg30faemt5,87543987001,
033f8255417c591b6c861c332c03ad7fac1a023be56a468619dd13eb9d55551e,2024-07-24T14:38:04.090000,sent,kaspa:qzr8v0nkd9ax5hwtsdxxqhupjmnwuch395szyc2e3dnrx23udsw85ejh4gkw0,250000000000,
91d2924c45eee06d29ba309d43a02cd0fa862315b748615066c1c481bd01d6b3,2024-07-24T06:53:01.080000,sent,kaspa:qql5a3yukegngsrdq4n4g02dlmuk4jlmascaygcknc2xunzhcdt5s8edqdw9e,100000000000,
91d2924c45eee06d29ba309d43a02cd0fa862315b748615066c1c481bd01d6b3,2024-07-24T06:53:01.080000,sent,kaspa:qql5a3yukegngsrdq4n4g02dlmuk4jlmascaygcknc2xunzhcdt5s8edqdw9e,100000000000,
91d2924c45eee06d29ba309d43a02cd0fa862315b748615066c1c481bd01d6b3,2024-07-24T06:53:01.080000,sent,kaspa:qql5a3yukegngsrdq4n4g02dlmuk4jlmascaygcknc2xunzhcdt5s8edqdw9e,100000000000,
91d2924c45eee06d29ba309d43a02cd0fa862315b748615066c1c481bd01d6b3,2024-07-24T06:53:01.080000,sent,kaspa:qql5a3yukegngsrdq4n4g02dlmuk4jlmascaygcknc2xunzhcdt5s8edqdw9e,100000000000,
bf8fb982d33718def64dfe7b7ecde60a7123fc65462dde30be1e7590cc38507c,2024-07-24T04:14:57.487000,received,kaspa:qzlg6v4pw3xf8r7zezjja35atmd7jspz7du4sfazchtr3k7ejc0rg30faemt5,90432599082,
a65dc9c98a71c8add44a5a8b281dfa6c3cd2b65bc6637284c986981c21506624,2024-07-23T04:18:49.181000,received,kaspa:qzlg6v4pw3xf8r7zezjja35atmd7jspz7du4sfazchtr3k7ejc0rg30faemt5,94146137805,
5d2251d08fa6556707d2934249913e8258159902bf2cdce12ce1e307acb03982,2024-07-22T04:22:01.828000,received,kaspa:qzlg6v4pw3xf8r7zezjja35atmd7jspz7du4sfazchtr3k7ejc0rg30faemt5,96933118673,
b1a81f6de1f130d5102b50e8899d3db4c8722cafb95862700288e193e756dc24,2024-07-21T13:34:12.430000,sent,kaspa:qrj8gm35es3ak5pmtr62w0y7kpe3efsk9rsa4npwen5u7yfv7k0n5dwe98qx4,400000000000,
b1a81f6de1f130d5102b50e8899d3db4c8722cafb95862700288e193e756dc24,2024-07-21T13:34:12.430000,sent,kaspa:qrj8gm35es3ak5pmtr62w0y7kpe3efsk9rsa4npwen5u7yfv7k0n5dwe98qx4,400000000000,
41a27ae977300553c684e838f54100ed87a7b780d0d681bae78958a4d1a823cc,2024-07-21T04:17:29.970000,received,kaspa:qzlg6v4pw3xf8r7zezjja35atmd7jspz7du4sfazchtr3k7ejc0rg30faemt5,100413000450,
18baf635f81580fcd5ff2c43f33a5c214b6796875c112bf5fe8d6a0d843f9b12,2024-07-20T18:00:39.332000,sent,kaspa:qq547xh0t6c7fvf0jkr9gf0cnfuvhwn7kf7jhrmfhe6408jl74t5jc58p366k,20000000000,
a3a4481488df42dc96dbad9b9848e1d296c828b5ad444f7d54ed8fb3fb6c2faf,2024-07-20T17:41:37.232000,sent,kaspa:qzm5d7zc8hcn8ycjnx929zsmvretp0h8t9dnampery8c4hgnsqcx2p3wlxnts,70000000000,
a3a4481488df42dc96dbad9b9848e1d296c828b5ad444f7d54ed8fb3fb6c2faf,2024-07-20T17:41:37.232000,sent,kaspa:qzm5d7zc8hcn8ycjnx929zsmvretp0h8t9dnampery8c4hgnsqcx2p3wlxnts,70000000000,
a3a4481488df42dc96dbad9b9848e1d296c828b5ad444f7d54ed8fb3fb6c2faf,2024-07-20T17:41:37.232000,sent,kaspa:qzm5d7zc8hcn8ycjnx929zsmvretp0h8t9dnampery8c4hgnsqcx2p3wlxnts,70000000000,
a3a4481488df42dc96dbad9b9848e1d296c828b5ad444f7d54ed8fb3fb6c2faf,2024-07-20T17:41:37.232000,sent,kaspa:qzm5d7zc8hcn8ycjnx929zsmvretp0h8t9dnampery8c4hgnsqcx2p3wlxnts,70000000000,
0f7bacb9a73240d56cde1f47202127facf2e5ee14a20091a9775376f9cdca0d9,2024-07-20T04:23:04.148000,received,kaspa:qzlg6v4pw3xf8r7zezjja35atmd7jspz7du4sfazchtr3k7ejc0rg30faemt5,38666952177,
f18ddee32d84b517514827fbdfb411cac9045281f08d264844b4593ecb7f2a20,2024-07-19T18:40:04.325000,received,kaspa:qzlg6v4pw3xf8r7zezjja35atmd7jspz7du4sfazchtr3k7ejc0rg30faemt5,137394529223,
7ef35ee1b4c40c74357bfd710e249b4a665b061a9532f9d0b5135da00ef09b03,2024-07-19T14:44:18.164000,received,kaspa:qp64k3cfk4ym2cuhdgycu33kmv0euf5tyl37hddgzu7ql59ewvdzkghxxkga9,46143909890,
4f4fb3fb0e7161b1eb9536a7aa379378f337528295d335198c83d2abefea9be9,2024-07-19T05:57:52.565000,sent,kaspa:qrcpn30h4hyu7gmsszq9ec5mgug2s4v7vgsvrxmjcvfqwzqr28g2y8qrvjftd,200000000000,
a579fbfc4ffa6975bc1dcfeb52942660bd19b6fcce9c5990ea414d830c5c2c99,2024-07-19T05:57:00.114000,sent,kaspa:qzf9hrhy9suse475uf009szc24c3sq3rm2cfs4qruj2f9p270gzskf5jxpgtq,6000000000,
a579fbfc4ffa6975bc1dcfeb52942660bd19b6fcce9c5990ea414d830c5c2c99,2024-07-19T05:57:00.114000,sent,kaspa:qzf9hrhy9suse475uf009szc24c3sq3rm2cfs4qruj2f9p270gzskf5jxpgtq,6000000000,
d409b92d3eff9677d18d5797d89d8d735b1b57cb751db339a62666dd1968f6b0,2024-07-18T09:33:55.485000,received,kaspa:qzrfkz6qu9az33qevc2tlx32ywlde32etk62zz5z88auzssxv806sl0tjfm3k,448322290553,
23fa6fe36199e23238e45a04d81f6cb06eb7d4b9db4bb997e2268e79eb44de3f,2024-07-09T07:36:28.680000,sent,kaspa:qrd84gpmm3t5c7rqjddzqew6njhvx84sag3sy84x5ajmd49p4rxmjpr446rm2,573100000000,
23fa6fe36199e23238e45a04d81f6cb06eb7d4b9db4bb997e2268e79eb44de3f,2024-07-09T07:36:28.680000,sent,kaspa:qrd84gpmm3t5c7rqjddzqew6njhvx84sag3sy84x5ajmd49p4rxmjpr446rm2,573100000000,
23fa6fe36199e23238e45a04d81f6cb06eb7d4b9db4bb997e2268e79eb44de3f,2024-07-09T07:36:28.680000,sent,kaspa:qrd84gpmm3t5c7rqjddzqew6njhvx84sag3sy84x5ajmd49p4rxmjpr446rm2,573100000000,
23fa6fe36199e23238e45a04d81f6cb06eb7d4b9db4bb997e2268e79eb44de3f,2024-07-09T07:36:28.680000,sent,kaspa:qrd84gpmm3t5c7rqjddzqew6njhvx84sag3sy84x5ajmd49p4rxmjpr446rm2,573100000000,
a68d517b72cdcd5d1c885c9317bcbf3b61c827315eb3c142d47a54aa3857982f,2024-07-08T12:05:21.373000,received,kaspa:qp2dl78vlrejhvs4xlg5cy2wkyx07s46wj2lukjh9x8cdz2jl7djypem5vl7z,156625106194,
a68d517b72cdcd5d1c885c9317bcbf3b61c827315eb3c142d47a54aa3857982f,2024-07-08T12:05:21.373000,received,kaspa:qphtmcv5hya78zwe49mkzdtz5x4jmgydp0duv90ee2ujujqeclemj9d7xjc73,156625106194,
a68d517b72cdcd5d1c885c9317bcbf3b61c827315eb3c142d47a54aa3857982f,2024-07-08T12:05:21.373000,received,kaspa:qphtmcv5hya78zwe49mkzdtz5x4jmgydp0duv90ee2ujujqeclemj9d7xjc73,156625106194,
a68d517b72cdcd5d1c885c9317bcbf3b61c827315eb3c142d47a54aa3857982f,2024-07-08T12:05:21.373000,received,kaspa:qp2dl78vlrejhvs4xlg5cy2wkyx07s46wj2lukjh9x8cdz2jl7djypem5vl7z,156625106194,
a68d517b72cdcd5d1c885c9317bcbf3b61c827315eb3c142d47a54aa3857982f,2024-07-08T12:05:21.373000,received,kaspa:qrcr73hxnhgxkm9qvwcvwzt2qsynsdkve5dv4psr97p99975267p69x9laz9k,156625106194,
a68d517b72cdcd5d1c885c9317bcbf3b61c827315eb3c142d47a54aa3857982f,2024-07-08T12:05:21.373000,received,kaspa:qzptxj3k56gadfrvlu3zvn9ynmfha0zmey0x4eyklvleut9z0zxvvzlgmrke8,156625106194,
a68d517b72cdcd5d1c885c9317bcbf3b61c827315eb3c142d47a54aa3857982f,2024-07-08T12:05:21.373000,received,kaspa:qzptxj3k56gadfrvlu3zvn9ynmfha0zmey0x4eyklvleut9z0zxvvzlgmrke8,156625106194,
a68d517b72cdcd5d1c885c9317bcbf3b61c827315eb3c142d47a54aa3857982f,2024-07-08T12:05:21.373000,received,kaspa:qrd70d9h85d2k9t8tup6zdfzvdsf57ntkmh0xlqv2tt4qrj3rccuwzvm5l2hy,156625106194,
a68d517b72cdcd5d1c885c9317bcbf3b61c827315eb3c142d47a54aa3857982f,2024-07-08T12:05:21.373000,received,kaspa:qp8z6w2p3pldpcnzrjmfv35g64akg6hq0mh9pwsvmet8d9pet298gdrmygszm,156625106194,
a68d517b72cdcd5d1c885c9317bcbf3b61c827315eb3c142d47a54aa3857982f,2024-07-08T12:05:21.373000,received,kaspa:qzf969l3a6ftua20pz6d5crrkgfk9jx642m6z6lwajdes7umuv7fv8lwz2fnh,156625106194,
a68d517b72cdcd5d1c885c9317bcbf3b61c827315eb3c142d47a54aa3857982f,2024-07-08T12:05:21.373000,received,kaspa:qzf969l3a6ftua20pz6d5crrkgfk9jx642m6z6lwajdes7umuv7fv8lwz2fnh,156625106194,
a68d517b72cdcd5d1c885c9317bcbf3b61c827315eb3c142d47a54aa3857982f,2024-07-08T12:05:21.373000,received,kaspa:qqxh6dng4q97ezqe4lz3dgnyhanmp25prc5flqklpw9wu5l3mqvl2muq3zyuw,156625106194,
a68d517b72cdcd5d1c885c9317bcbf3b61c827315eb3c142d47a54aa3857982f,2024-07-08T12:05:21.373000,received,kaspa:qr4wp94au4yk7ldn4d2sjfg3hw9x80y6pn3skfap68pe70u89asjg23k7pygj,156625106194,
a68d517b72cdcd5d1c885c9317bcbf3b61c827315eb3c142d47a54aa3857982f,2024-07-08T12:05:21.373000,received,kaspa:qr4wp94au4yk7ldn4d2sjfg3hw9x80y6pn3skfap68pe70u89asjg23k7pygj,156625106194,
a68d517b72cdcd5d1c885c9317bcbf3b61c827315eb3c142d47a54aa3857982f,2024-07-08T12:05:21.373000,received,kaspa:qq3y98d2r9tdcc8zvxkwmq704cd28ywj4v625eyyuxancqralre8kddrlh78u,156625106194,
a68d517b72cdcd5d1c885c9317bcbf3b61c827315eb3c142d47a54aa3857982f,2024-07-08T12:05:21.373000,received,kaspa:qr4wp94au4yk7ldn4d2sjfg3hw9x80y6pn3skfap68pe70u89asjg23k7pygj,156625106194,
a68d517b72cdcd5d1c885c9317bcbf3b61c827315eb3c142d47a54aa3857982f,2024-07-08T12:05:21.373000,received,kaspa:qr4wp94au4yk7ldn4d2sjfg3hw9x80y6pn3skfap68pe70u89asjg23k7pygj,156625106194,
a68d517b72cdcd5d1c885c9317bcbf3b61c827315eb3c142d47a54aa3857982f,2024-07-08T12:05:21.373000,received,kaspa:qzf969l3a6ftua20pz6d5crrkgfk9jx642m6z6lwajdes7umuv7fv8lwz2fnh,156625106194,
a68d517b72cdcd5d1c885c9317bcbf3b61c827315eb3c142d47a54aa3857982f,2024-07-08T12:05:21.373000,received,kaspa:qr4wp94au4yk7ldn4d2sjfg3hw9x80y6pn3skfap68pe70u89asjg23k7pygj,156625106194,
a68d517b72cdcd5d1c885c9317bcbf3b61c827315eb3c142d47a54aa3857982f,2024-07-08T12:05:21.373000,received,kaspa:qqj3zqenyds5esghxt5nf46gql0xznnsfezh4tn84c5j4z4etr5eup9f74mqt,156625106194,
a68d517b72cdcd5d1c885c9317bcbf3b61c827315eb3c142d47a54aa3857982f,2024-07-08T12:05:21.373000,received,kaspa:qzf969l3a6ftua20pz6d5crrkgfk9jx642m6z6lwajdes7umuv7fv8lwz2fnh,156625106194,
a68d517b72cdcd5d1c885c9317bcbf3b61c827315eb3c142d47a54aa3857982f,2024-07-08T12:05:21.373000,received,kaspa:qp46vde0uzwhwqpm6z5zr20w07cxfe0j7k4ed568dry5kujvgx3sjfxkdvqma,156625106194,
a68d517b72cdcd5d1c885c9317bcbf3b61c827315eb3c142d47a54aa3857982f,2024-07-08T12:05:21.373000,received,kaspa:qrgh87m57jp45yrmz46exwntnltwvrjrqhtgvf5tmvut36dmxaseg96398r44,156625106194,
a68d517b72cdcd5d1c885c9317bcbf3b61c827315eb3c142d47a54aa3857982f,2024-07-08T12:05:21.373000,received,kaspa:qrgh87m57jp45yrmz46exwntnltwvrjrqhtgvf5tmvut36dmxaseg96398r44,156625106194,
a68d517b72cdcd5d1c885c9317bcbf3b61c827315eb3c142d47a54aa3857982f,2024-07-08T12:05:21.373000,received,kaspa:qp46vde0uzwhwqpm6z5zr20w07cxfe0j7k4ed568dry5kujvgx3sjfxkdvqma,156625106194,
a68d517b72cdcd5d1c885c9317bcbf3b61c827315eb3c142d47a54aa3857982f,2024-07-08T12:05:21.373000,received,kaspa:qrgh87m57jp45yrmz46exwntnltwvrjrqhtgvf5tmvut36dmxaseg96398r44,156625106194,
1774f4d97bc718351b478c14b86a205d4399d9fd4d42441de239e74aa084b5ea,2024-07-05T12:06:35.830000,received,kaspa:qp2dl78vlrejhvs4xlg5cy2wkyx07s46wj2lukjh9x8cdz2jl7djypem5vl7z,183360755451,
1774f4d97bc718351b478c14b86a205d4399d9fd4d42441de239e74aa084b5ea,2024-07-05T12:06:35.830000,received,kaspa:qphtmcv5hya78zwe49mkzdtz5x4jmgydp0duv90ee2ujujqeclemj9d7xjc73,183360755451,
1774f4d97bc718351b478c14b86a205d4399d9fd4d42441de239e74aa084b5ea,2024-07-05T12:06:35.830000,received,kaspa:qphtmcv5hya78zwe49mkzdtz5x4jmgydp0duv90ee2ujujqeclemj9d7xjc73,183360755451,
1774f4d97bc718351b478c14b86a205d4399d9fd4d42441de239e74aa084b5ea,2024-07-05T12:06:35.830000,received,kaspa:qphtmcv5hya78zwe49mkzdtz5x4jmgydp0duv90ee2ujujqeclemj9d7xjc73,183360755451,
1774f4d97bc718351b478c14b86a205d4399d9fd4d42441de239e74aa084b5ea,2024-07-05T12:06:35.830000,received,kaspa:qp2dl78vlrejhvs4xlg5cy2wkyx07s46wj2lukjh9x8cdz2jl7djypem5vl7z,183360755451,
1774f4d97bc718351b478c14b86a205d4399d9fd4d42441de239e74aa084b5ea,2024-07-05T12:06:35.830000,received,kaspa:qp2dl78vlrejhvs4xlg5cy2wkyx07s46wj2lukjh9x8cdz2jl7djypem5vl7z,183360755451,
1774f4d97bc718351b478c14b86a205d4399d9fd4d42441de239e74aa084b5ea,2024-07-05T12:06:35.830000,received,kaspa:qp2dl78vlrejhvs4xlg5cy2wkyx07s46wj2lukjh9x8cdz2jl7djypem5vl7z,183360755451,
1774f4d97bc718351b478c14b86a205d4399d9fd4d42441de239e74aa084b5ea,2024-07-05T12:06:35.830000,received,kaspa:qp2dl78vlrejhvs4xlg5cy2wkyx07s46wj2lukjh9x8cdz2jl7djypem5vl7z,183360755451,
1774f4d97bc718351b478c14b86a205d4399d9fd4d42441de239e74aa084b5ea,2024-07-05T12:06:35.830000,received,kaspa:qp2dl78vlrejhvs4xlg5cy2wkyx07s46wj2lukjh9x8cdz2jl7djypem5vl7z,183360755451,
1774f4d97bc718351b478c14b86a205d4399d9fd4d42441de239e74aa084b5ea,2024-07-05T12:06:35.830000,received,kaspa:qphtmcv5hya78zwe49mkzdtz5x4jmgydp0duv90ee2ujujqeclemj9d7xjc73,183360755451,
1774f4d97bc718351b478c14b86a205d4399d9fd4d42441de239e74aa084b5ea,2024-07-05T12:06:35.830000,received,kaspa:qp2dl78vlrejhvs4xlg5cy2wkyx07s46wj2lukjh9x8cdz2jl7djypem5vl7z,183360755451,
1774f4d97bc718351b478c14b86a205d4399d9fd4d42441de239e74aa084b5ea,2024-07-05T12:06:35.830000,received,kaspa:qr7pjtp045ygdlv6rw0mfvx9mpqnlfpffu3ejtwjgk0q7gxgyqt6kzh8sthl0,183360755451,
1774f4d97bc718351b478c14b86a205d4399d9fd4d42441de239e74aa084b5ea,2024-07-05T12:06:35.830000,received,kaspa:qr7pjtp045ygdlv6rw0mfvx9mpqnlfpffu3ejtwjgk0q7gxgyqt6kzh8sthl0,183360755451,
1774f4d97bc718351b478c14b86a205d4399d9fd4d42441de239e74aa084b5ea,2024-07-05T12:06:35.830000,received,kaspa:qp2dl78vlrejhvs4xlg5cy2wkyx07s46wj2lukjh9x8cdz2jl7djypem5vl7z,183360755451,
1774f4d97bc718351b478c14b86a205d4399d9fd4d42441de239e74aa084b5ea,2024-07-05T12:06:35.830000,received,kaspa:qp2dl78vlrejhvs4xlg5cy2wkyx07s46wj2lukjh9x8cdz2jl7djypem5vl7z,183360755451,
1774f4d97bc718351b478c14b86a205d4399d9fd4d42441de239e74aa084b5ea,2024-07-05T12:06:35.830000,received,kaspa:qp2dl78vlrejhvs4xlg5cy2wkyx07s46wj2lukjh9x8cdz2jl7djypem5vl7z,183360755451,
1774f4d97bc718351b478c14b86a205d4399d9fd4d42441de239e74aa084b5ea,2024-07-05T12:06:35.830000,received,kaspa:qp2dl78vlrejhvs4xlg5cy2wkyx07s46wj2lukjh9x8cdz2jl7djypem5vl7z,183360755451,
1774f4d97bc718351b478c14b86a205d4399d9fd4d42441de239e74aa084b5ea,2024-07-05T12:06:35.830000,received,kaspa:qp2dl78vlrejhvs4xlg5cy2wkyx07s46wj2lukjh9x8cdz2jl7djypem5vl7z,183360755451,
1774f4d97bc718351b478c14b86a205d4399d9fd4d42441de239e74aa084b5ea,2024-07-05T12:06:35.830000,received,kaspa:qp2dl78vlrejhvs4xlg5cy2wkyx07s46wj2lukjh9x8cdz2jl7djypem5vl7z,183360755451,
737310e2d93faa2b6923c819ece241d8d77c6d8d97fd21b0c102a64092229641,2024-07-01T12:13:26.016000,received,kaspa:qzn6yy46sqw2xfmnalc50p4ax8qthg2szl3c57fzm9urcd0d2e4hu5afyzk9d,233128442634,
ae83de6f4004c6e8e1fe4b7690204d2b92117b7a981019e3a7aca58514dd4cdc,2024-07-01T02:47:21.530000,sent,kaspa:qqs0rn6u8smlav7wkzuesa4xnryklhg5tvt6ptjt0pd3jk2rkm4g55fuy8kah,348800000000,
ae83de6f4004c6e8e1fe4b7690204d2b92117b7a981019e3a7aca58514dd4cdc,2024-07-01T02:47:21.530000,sent,kaspa:qqs0rn6u8smlav7wkzuesa4xnryklhg5tvt6ptjt0pd3jk2rkm4g55fuy8kah,348800000000,
ae83de6f4004c6e8e1fe4b7690204d2b92117b7a981019e3a7aca58514dd4cdc,2024-07-01T02:47:21.530000,sent,kaspa:qqs0rn6u8smlav7wkzuesa4xnryklhg5tvt6ptjt0pd3jk2rkm4g55fuy8kah,348800000000,
ae83de6f4004c6e8e1fe4b7690204d2b92117b7a981019e3a7aca58514dd4cdc,2024-07-01T02:47:21.530000,sent,kaspa:qqs0rn6u8smlav7wkzuesa4xnryklhg5tvt6ptjt0pd3jk2rkm4g55fuy8kah,348800000000,
ae83de6f4004c6e8e1fe4b7690204d2b92117b7a981019e3a7aca58514dd4cdc,2024-07-01T02:47:21.530000,sent,kaspa:qqs0rn6u8smlav7wkzuesa4xnryklhg5tvt6ptjt0pd3jk2rkm4g55fuy8kah,348800000000,
ae83de6f4004c6e8e1fe4b7690204d2b92117b7a981019e3a7aca58514dd4cdc,2024-07-01T02:47:21.530000,sent,kaspa:qqs0rn6u8smlav7wkzuesa4xnryklhg5tvt6ptjt0pd3jk2rkm4g55fuy8kah,348800000000,
6e846e4978c9fffda344688b73328ec5c016c531b14430c50e5256ac3a75f32d,2024-06-28T12:09:32.204000,received,kaspa:qplly8775rtds2jjknesmr8gmerr0ak27dg20xnkr2ekdtae5ya5jq6evhs7l,152549555006,
714510550ceb4b86f0ea68d08fa3d62292a888753366a11843cf3a7b23b82364,2024-06-25T04:29:34.607000,received,kaspa:qzlg6v4pw3xf8r7zezjja35atmd7jspz7du4sfazchtr3k7ejc0rg30faemt5,21764515372,
17fbd7d792c30db16c787fdae7698a178f468c5b56d34e5d4de2a67731755925,2024-06-24T04:35:41.710000,received,kaspa:qzlg6v4pw3xf8r7zezjja35atmd7jspz7du4sfazchtr3k7ejc0rg30faemt5,57107546014,
6f838cb6657409ea59ec345e8d5fa04f5175bac24f87417fc7beba88693cae23,2024-06-23T04:34:00.155000,received,kaspa:qzlg6v4pw3xf8r7zezjja35atmd7jspz7du4sfazchtr3k7ejc0rg30faemt5,59052465841,
127f633e8c279988862d60dce1276d0c008dd603f9e85922764a5164ff12eae6,2024-06-22T04:32:10.181000,received,kaspa:qzlg6v4pw3xf8r7zezjja35atmd7jspz7du4sfazchtr3k7ejc0rg30faemt5,58285465400,
9f5da2a5fa07b4ea1e6d1d6276e4e72cce7a2613f09668428de19ff1f5905ff1,2024-06-21T10:11:31.443000,sent,kaspa:qp7jwsz237tp5qsdskj534unzjcase7924vysdnc8lwyehjrlj0evxj488g0m,59000000000,
9f5da2a5fa07b4ea1e6d1d6276e4e72cce7a2613f09668428de19ff1f5905ff1,2024-06-21T10:11:31.443000,sent,kaspa:qp7jwsz237tp5qsdskj534unzjcase7924vysdnc8lwyehjrlj0evxj488g0m,59000000000,
3afc16a477385c7f10e47c3b3af001f534d6c7fc0e982df8fbff63c41060b106,2024-06-21T04:33:14.154000,received,kaspa:qzlg6v4pw3xf8r7zezjja35atmd7jspz7du4sfazchtr3k7ejc0rg30faemt5,58312230983,
db89da85df35eb52763813db1feaf31007854db9732c6493b95531098c40ea27,2024-06-20T13:06:21.328000,sent,kaspa:qq5ppwwu4jesm3hyd6m7wrmanqqry9gcxhpczpz5drkujhnud0dhkhumc0359,490000000000,
a050abdbc121b161aee1f75db4a517dec361ce876dd826738c2895ab8515721b,2024-06-20T12:26:57.665000,sent,kaspa:qze7yxr4s7jwpclh534luesh6prqeetxwvsezjvvrzrwt7sg6cllj6pw9u9md,5000000000,
a050abdbc121b161aee1f75db4a517dec361ce876dd826738c2895ab8515721b,2024-06-20T12:26:57.665000,sent,kaspa:qze7yxr4s7jwpclh534luesh6prqeetxwvsezjvvrzrwt7sg6cllj6pw9u9md,5000000000,
a050abdbc121b161aee1f75db4a517dec361ce876dd826738c2895ab8515721b,2024-06-20T12:26:57.665000,sent,kaspa:qze7yxr4s7jwpclh534luesh6prqeetxwvsezjvvrzrwt7sg6cllj6pw9u9md,5000000000,
a050abdbc121b161aee1f75db4a517dec361ce876dd826738c2895ab8515721b,2024-06-20T12:26:57.665000,sent,kaspa:qze7yxr4s7jwpclh534luesh6prqeetxwvsezjvvrzrwt7sg6cllj6pw9u9md,5000000000,
a050abdbc121b161aee1f75db4a517dec361ce876dd826738c2895ab8515721b,2024-06-20T12:26:57.665000,sent,kaspa:qze7yxr4s7jwpclh534luesh6prqeetxwvsezjvvrzrwt7sg6cllj6pw9u9md,5000000000,
a050abdbc121b161aee1f75db4a517dec361ce876dd826738c2895ab8515721b,2024-06-20T12:26:57.665000,sent,kaspa:qze7yxr4s7jwpclh534luesh6prqeetxwvsezjvvrzrwt7sg6cllj6pw9u9md,5000000000,
d90bd57f11105cefea30a69bab6311d576a5735a9c875445bdcdc621578c6c1e,2024-06-20T04:33:28.232000,received,kaspa:qzlg6v4pw3xf8r7zezjja35atmd7jspz7du4sfazchtr3k7ejc0rg30faemt5,59153887326,
aca70971bba69e41716ca528576a0881d79e9139fc827e83b6ec37e493b38caf,2024-06-19T04:27:31.861000,received,kaspa:qzlg6v4pw3xf8r7zezjja35atmd7jspz7du4sfazchtr3k7ejc0rg30faemt5,58879082132,
c719f139f3020d2a2a339a9a48be3b495d349c255bc613452275129b80cd222a,2024-06-18T04:37:13.625000,received,kaspa:qzlg6v4pw3xf8r7zezjja35atmd7jspz7du4sfazchtr3k7ejc0rg30faemt5,28089682933,
395015b8effe556697847b6f07fabbe00bc6bed78bafb59c7a9b40af7fe775a6,2024-06-17T16:30:05.939000,received,kaspa:qzlg6v4pw3xf8r7zezjja35atmd7jspz7du4sfazchtr3k7ejc0rg30faemt5,186344425848,
8bfa75b99ac5f6a76d02ce1006527c375e234e04fa832133bd7e0ee45a89f40f,2024-06-14T15:32:44.726000,received,kaspa:qq53hs4jex4kh86etft4d9w3vngsnfddqxtw6q97fn4se8hxpelfc5ex6jcng,8589063297,
a744db3c16df526301bd33f6b722a1aa8537d9c38d42a4755a2534c202062674,2024-06-14T15:02:39.407000,received,kaspa:qzlg6v4pw3xf8r7zezjja35atmd7jspz7du4sfazchtr3k7ejc0rg30faemt5,154729139205,
