tx_id,timestamp,direction,peer_address,amount_sompi,cex_label
789757af3eab83ee8f386428ca13160509debf2e35a5c543a093ebca3fd70da8,2023-12-16T05:00:20.477000,sent,kaspa:qzslgwenzu78t6tldlng383g7ruu4enaljmnkgaulyrscjp7ldt26x8gfxck5,171940000,
789757af3eab83ee8f386428ca13160509debf2e35a5c543a093ebca3fd70da8,2023-12-16T05:00:20.477000,sent,kaspa:qzslgwenzu78t6tldlng383g7ruu4enaljmnkgaulyrscjp7ldt26x8gfxck5,171940000,
ca18563ce4357c0b876177e7cdaaa33429c288f8774172632eda0ddfbe688e8a,2023-12-12T23:17:31.749000,received,kaspa:qypswxtcrv4ssyjaswy5w9387vq73mkuyq85tl34cee6qn5uexqy0csgnafnjx7,171000000,
96e18305a73f7ea992de50c7f3fc900101c588c83fffc122d8bba71c47717c92,2023-11-29T14:50:38.474000,sent,kaspa:qypwh20mfryqckyh7mw2sascrudktzuux9dyvv6pk9q4e05jrcykmdq33y66m39,18000000,
7270091d6504f7e0f022572c888ca3fb2137861f179993734ec60a3d18decbd8,2023-11-27T18:42:38.831000,received,kaspa:qpy942kygd8zc5u3w0cc3jjnf29ttsednx3p0fmyq4yd2rcxpx35vgu4hl9w4,19000000,
