tx_id,timestamp,direction,peer_address,amount_sompi,cex_label
80cabf27f92412e040c4c2f177deedd264bd6db6ae4e9062a69806b10aeb7fd8,2023-12-16T04:51:00.529000,sent,kaspa:qzslgwenzu78t6tldlng383g7ruu4enaljmnkgaulyrscjp7ldt26x8gfxck5,171940000,
80cabf27f92412e040c4c2f177deedd264bd6db6ae4e9062a69806b10aeb7fd8,2023-12-16T04:51:00.529000,sent,kaspa:qzslgwenzu78t6tldlng383g7ruu4enaljmnkgaulyrscjp7ldt26x8gfxck5,171940000,
246f180158f58287d96eb44597b4c5a4c3fd941db2e824353cd4ad927e783113,2023-12-13T00:27:48.838000,received,kaspa:qypswxtcrv4ssyjaswy5w9387vq73mkuyq85tl34cee6qn5uexqy0csgnafnjx7,171000000,
76a301ada861c6ddeb713571e2a54f190b6c400403415c43e93cb50585fb48a3,2023-11-29T16:09:19.251000,sent,kaspa:qypv97p6wlrn633l5vrqvvsjnx2kqsfp5l35uz5y942lu57wy8u88ts90cdz88z,18000000,
005106fff22fab8b6a55b57fbd41e7f8ee84bc2581c64136a94f0f08cb7507c2,2023-11-28T21:33:53.276000,received,kaspa:qqshwyxdqnef5w786j5s9uutek3an7ns3rt5hwfza7frfrxp6yx5w34ld2707,19000000,
