tx_id,timestamp,direction,peer_address,amount_sompi,cex_label
5c5e0fc8717e0a7997bcc33b8277d647e186a7b2857df91824213be465a6a40b,2023-12-13T13:11:18.689000,sent,kaspa:qr7r8rtehym00mcmmucflvu2003fsevzc9s0rezsltzwd6jd34p2cg3nd43cf,170990000,
9a7dfe2b04521a67cd48025ceee1767e86047aaf7f74a30ce4c60b7efe4be829,2023-12-12T12:22:06.268000,received,kaspa:qypswxtcrv4ssyjaswy5w9387vq73mkuyq85tl34cee6qn5uexqy0csgnafnjx7,171000000,
b427dc2da9a0620b5501df9e0ca5986311abb7ebb969476c01150a8282153ea1,2023-11-28T16:54:10.638000,sent,kaspa:qyp50m70gv045r3sgdqrkepdj5lhe0gc94jjjndazmd42hrpn8rt05s6ahlnkka,18000000,
0d58bc254697ae8df7030059a4731ec508ca4fec01d9fadb0f79a7a7fe24a235,2023-11-28T14:12:13.217000,received,kaspa:qrzredw2skkltrwvwyzt63lupfk5l3dk8w53x7sh0n5hrqgkq4mq6yze3qzuc,18010000,
