tx_id,timestamp,direction,peer_address,amount_sompi,cex_label
96adaafd50b9d725878085e326c79f858ac9f11c7369e4c6dc5f71665b1be539,2023-12-13T04:33:01.944000,sent,kaspa:qq4z065ydt5r00x8wmn4rhtez94gafudfh9nedstzqng68q2vp37jyztffxq3,12996799999,
96adaafd50b9d725878085e326c79f858ac9f11c7369e4c6dc5f71665b1be539,2023-12-13T04:33:01.944000,sent,kaspa:qrruaa5xk350ejgs340ggh7sdgmys7q7gaxr2u3a3zhsct0xk7d3cqvlzwaa5,33765,
b066e17242e0ac529bbcf09b97787ea372b1c92a43e9b3f8850f5bcd6f0d7850,2023-12-13T00:18:20.995000,received,kaspa:qypswxtcrv4ssyjaswy5w9387vq73mkuyq85tl34cee6qn5uexqy0csgnafnjx7,171000000,
2c68d11019272b5bf86b4f71a1304d5800172889f41f128ce3a229645a41b643,2023-11-29T16:03:01.954000,sent,kaspa:qypq4d3xd98u8rda827uuptsv7eejf04mthc3c2cxhfqvn6ajpnv4lgdwghmfp9,18000000,
2c68d11019272b5bf86b4f71a1304d5800172889f41f128ce3a229645a41b643,2023-11-29T16:03:01.954000,sent,kaspa:qzkj8022uecx2ku3gxsttax2rp2y5h7hfuw9rlv5w9zjyd7ayy5azcs6dqtn0,895790849,
ab4c9f9a1a5c934b6392ed7871e39d6759ae2c555ce61d468becf6247dc92f15,2023-11-29T15:59:53.118000,received,kaspa:qpa9vfl988maurkg7yjsq0hd8y44wgua7dc92ezy3nrkn9fynz6sjyny38hrw,915792929,
