tx_id,timestamp,direction,peer_address,amount_sompi,cex_label
201c2c76f82bf589f90ca21f63656d207666aff018a79dfae8f6dadf44981496,2023-12-16T04:07:42.037000,sent,kaspa:qzslgwenzu78t6tldlng383g7ruu4enaljmnkgaulyrscjp7ldt26x8gfxck5,171940000,
201c2c76f82bf589f90ca21f63656d207666aff018a79dfae8f6dadf44981496,2023-12-16T04:07:42.037000,sent,kaspa:qzslgwenzu78t6tldlng383g7ruu4enaljmnkgaulyrscjp7ldt26x8gfxck5,171940000,
1d3f8eb640170556e5549391934d93113edf2bde65987ea2061309835d96b1ad,2023-12-12T07:19:05.108000,received,kaspa:qypswxtcrv4ssyjaswy5w9387vq73mkuyq85tl34cee6qn5uexqy0csgnafnjx7,171000000,
e03b7543c3926e9fbb93ccc0ea1cdcadb8340ae416e15348fd1a1655fb966202,2023-11-28T08:52:12.235000,sent,kaspa:qyp257c3ragyhp8jj4g0mthycqpw6mxvxjyu9j3ympr73c2n322d7qc7llpfq7g,18000000,
e077af10cc6ef9a91325fa67f0073ddc7d2f549791971e95b82448b2290a8c70,2023-11-28T07:30:34.149000,received,kaspa:qpt5gdymkxn3et43vpm4scm2a8jjjhtrnevyly2m4hp66kndxr5x6u8yqjzk2,19000000,
