tx_id,timestamp,direction,peer_address,amount_sompi,cex_label
4e617298140295b381222fc9e476d557c1f56fa32ec2324a4ba925049a5d300f,2023-12-16T04:06:15.745000,sent,kaspa:qzslgwenzu78t6tldlng383g7ruu4enaljmnkgaulyrscjp7ldt26x8gfxck5,171940000,
4e617298140295b381222fc9e476d557c1f56fa32ec2324a4ba925049a5d300f,2023-12-16T04:06:15.745000,sent,kaspa:qzslgwenzu78t6tldlng383g7ruu4enaljmnkgaulyrscjp7ldt26x8gfxck5,171940000,
8903e2415436ce0ec452d3e64e1e948ef5a11b223c141d07bd1066c80c5c1c19,2023-12-12T05:20:25.798000,received,kaspa:qypswxtcrv4ssyjaswy5w9387vq73mkuyq85tl34cee6qn5uexqy0csgnafnjx7,171000000,
a9c25233b333f484d385325cb05f28a26b0ccd7d2c4d6857172f870c54edc641,2023-11-28T05:20:04.931000,sent,kaspa:qyphystz8l77h0akyx2x2x45tkh8fazyph38hz67xfn4cgecdh3jtvc3ep4x3ce,18000000,
f0501a850ef168e1d4f935917eb53c1439858910659277815c44d243a3bda255,2023-11-28T03:45:57.310000,received,kaspa:qq9lyhkvtjr628ps724afyqk9n83d0tljqhleedzrmqvmlhldaunut5739sg7,19000000,
