tx_id,timestamp,direction,peer_address,amount_sompi,cex_label
b3e453958f312c47fe5a049918aeb7551eab5d02bd4b17181b9f02af33306c84,2024-02-29T11:04:53.461000,sent,kaspa:qq9wduxl9047syl7dvl5qh6p70lq3vrj0kpyeqavv8kr65yyh35t7uaswspvr,1683900000000,
75ac7a4ee0b50f7b98eb9dad065f98e23607f538d85358e9872c09257b0c1803,2024-02-27T09:31:26.984000,sent,kaspa:qp0rxahp6smedr0skhy63vunk29ezf2z888zrm087cc8fy7079jgke8sdpy9j,500000000000,
de7ebb6d4f80cbaef8befb5f6345b20949013f05c3c6cec22572e09b644f93dc,2024-02-24T12:22:27.426000,sent,kaspa:qq9zagcza4jt76eev9jl5z0nqhe0thcu7js8larktj4sle7lvgnw7sfcewlty,1000000000000,
de7ebb6d4f80cbaef8befb5f6345b20949013f05c3c6cec22572e09b644f93dc,2024-02-24T12:22:27.426000,sent,kaspa:qq9zagcza4jt76eev9jl5z0nqhe0thcu7js8larktj4sle7lvgnw7sfcewlty,1000000000000,
a88bcc3abbe9b0b59a9fe7837aa5c29ddff1db478aed7fc7a323585652b2b2ab,2024-02-24T12:03:40.804000,received,kaspa:qq9zagcza4jt76eev9jl5z0nqhe0thcu7js8larktj4sle7lvgnw7sfcewlty,3166382055153,
a88bcc3abbe9b0b59a9fe7837aa5c29ddff1db478aed7fc7a323585652b2b2ab,2024-02-24T12:03:40.804000,received,kaspa:qq9zagcza4jt76eev9jl5z0nqhe0thcu7js8larktj4sle7lvgnw7sfcewlty,3166382055153,
a88bcc3abbe9b0b59a9fe7837aa5c29ddff1db478aed7fc7a323585652b2b2ab,2024-02-24T12:03:40.804000,received,kaspa:qq9zagcza4jt76eev9jl5z0nqhe0thcu7js8larktj4sle7lvgnw7sfcewlty,3166382055153,
a88bcc3abbe9b0b59a9fe7837aa5c29ddff1db478aed7fc7a323585652b2b2ab,2024-02-24T12:03:40.804000,received,kaspa:qq9zagcza4jt76eev9jl5z0nqhe0thcu7js8larktj4sle7lvgnw7sfcewlty,3166382055153,
a88bcc3abbe9b0b59a9fe7837aa5c29ddff1db478aed7fc7a323585652b2b2ab,2024-02-24T12:03:40.804000,received,kaspa:qq9zagcza4jt76eev9jl5z0nqhe0thcu7js8larktj4sle7lvgnw7sfcewlty,3166382055153,
2affa92fe44474a87a8723388796c5ac81d45a4df7e3fecd894771b7bde02432,2024-02-24T01:23:14.971000,sent,kaspa:qq9zagcza4jt76eev9jl5z0nqhe0thcu7js8larktj4sle7lvgnw7sfcewlty,2400000000000,
2affa92fe44474a87a8723388796c5ac81d45a4df7e3fecd894771b7bde02432,2024-02-24T01:23:14.971000,sent,kaspa:qq9zagcza4jt76eev9jl5z0nqhe0thcu7js8larktj4sle7lvgnw7sfcewlty,2400000000000,
2affa92fe44474a87a8723388796c5ac81d45a4df7e3fecd894771b7bde02432,2024-02-24T01:23:14.971000,sent,kaspa:qq9zagcza4jt76eev9jl5z0nqhe0thcu7js8larktj4sle7lvgnw7sfcewlty,2400000000000,
4ce93eee963f9fcc36a2d95eeb4f0d29d3b56b84a01ec45f36c2e58bfa3a9270,2024-02-24T01:19:39.108000,received,kaspa:qq4hc04y7zevyychvjxda5gjujtgr0rlyzxzhmch9dwgy22ycuqmctscuks8e,2417099970000,
4ce93eee963f9fcc36a2d95eeb4f0d29d3b56b84a01ec45f36c2e58bfa3a9270,2024-02-24T01:19:39.108000,received,kaspa:qpa00s4j4l36r67w823s0yk5m64094adcuarrs58cz84fvd3cwt7w4w64h2p3,2417099970000,
36b0d9816d271afe349f717eb51432d1352ca5773a78762b52f30d5e77ccd569,2024-02-24T01:18:48.651000,received,kaspa:qrwdg6h4pyzk2cwyktarnswyflhllsdzg8r3jyj33k93xhddansfudt6hgr4z,500000000,
4624131690de4ecb4d2271a62eb2d06d7ed3b770bcf9d884543c837630c8bfeb,2024-02-11T12:55:13.423000,sent,kaspa:qrwdg6h4pyzk2cwyktarnswyflhllsdzg8r3jyj33k93xhddansfudt6hgr4z,2416600000000,
7cd64be7855468112ba5a5de53d46b4e7afcf5b94750f757f61ad3fa1c4955a5,2024-02-11T12:53:45.190000,sent,kaspa:qpa00s4j4l36r67w823s0yk5m64094adcuarrs58cz84fvd3cwt7w4w64h2p3,1000000000,
b50263a5fe3a75218306de23e11f1174a9dd3b366f4687187520e277b245c139,2024-02-10T14:37:45.390000,sent,kaspa:qq9zagcza4jt76eev9jl5z0nqhe0thcu7js8larktj4sle7lvgnw7sfcewlty,500000000,
b51fb0ecd9bb614205e08d43e7df73bfc8458974e1396046946938b25b350513,2024-01-08T10:53:18.286000,sent,kaspa:qqwvnkp47wsj6n4hkdlgj8dsauyx0xvefunnwvvsmpq2udd0ka8ckmpuqw3k5,500000000000,
99caf92ff7be04fc7417f8aaf4952dfdcbeab748806b1a6f9dc6af1ea4d0df54,2023-12-05T10:42:51.385000,sent,kaspa:qqwvnkp47wsj6n4hkdlgj8dsauyx0xvefunnwvvsmpq2udd0ka8ckmpuqw3k5,72000000000,
99caf92ff7be04fc7417f8aaf4952dfdcbeab748806b1a6f9dc6af1ea4d0df54,2023-12-05T10:42:51.385000,sent,kaspa:qqwvnkp47wsj6n4hkdlgj8dsauyx0xvefunnwvvsmpq2udd0ka8ckmpuqw3k5,72000000000,
ee7805e1cb001f75983cf674fe89a3a67f7ccfccd4b9cbcf806fbbee88f7d7d2,2023-08-08T17:21:11.509000,received,kaspa:qq3k4du6wf2g26j7ds6fqmgtgavgm3zy676wntp2e52nsuns2n4s6xkndmx0y,2984174480000,
bc3104343ea89e228fcfa293baed4997b4fd2d77578848b4dd1cb015ebf76816,2023-08-08T17:18:07.586000,received,kaspa:qq3k4du6wf2g26j7ds6fqmgtgavgm3zy676wntp2e52nsuns2n4s6xkndmx0y,6000000000,
