tx_id,timestamp,direction,peer_address,amount_sompi,cex_label
305d18bbc85ed0096e9d1bc84509de70e657f09bbd6ad78952a69beb23a87e0d,2023-12-16T06:24:32.034000,sent,kaspa:qqql6ng9zt4s46k9d6jeen6fyq498jj6mqampkfsmvrxhnwp6wek65qnjv7a0,170990000,
6175d935b5886652040252c9493ea731c39fc106a3ca690ea3681e6bbb4c6873,2023-12-16T05:57:34.273000,received,kaspa:qyp8vk4us67xk78zu9yc3x4ptl9xff3vg820vvqzx7gec6nk62jl3pgfp3h7hy4,171000000,
488f8c856b8ebd88194a3f82018edd5764856112836ae62cd751ed5de132c9df,2023-12-16T05:20:04.654000,sent,kaspa:qqql6ng9zt4s46k9d6jeen6fyq498jj6mqampkfsmvrxhnwp6wek65qnjv7a0,683960000,
488f8c856b8ebd88194a3f82018edd5764856112836ae62cd751ed5de132c9df,2023-12-16T05:20:04.654000,sent,kaspa:qqql6ng9zt4s46k9d6jeen6fyq498jj6mqampkfsmvrxhnwp6wek65qnjv7a0,683960000,
488f8c856b8ebd88194a3f82018edd5764856112836ae62cd751ed5de132c9df,2023-12-16T05:20:04.654000,sent,kaspa:qqql6ng9zt4s46k9d6jeen6fyq498jj6mqampkfsmvrxhnwp6wek65qnjv7a0,683960000,
488f8c856b8ebd88194a3f82018edd5764856112836ae62cd751ed5de132c9df,2023-12-16T05:20:04.654000,sent,kaspa:qqql6ng9zt4s46k9d6jeen6fyq498jj6mqampkfsmvrxhnwp6wek65qnjv7a0,683960000,
ca146490bb5e067902414e8d12f55f981209b74820171721f3f7895143f6e30a,2023-12-16T04:32:23.607000,received,kaspa:qyp8vk4us67xk78zu9yc3x4ptl9xff3vg820vvqzx7gec6nk62jl3pgfp3h7hy4,171000000,
8f9ccb5a15587b29b7063c26c85ac444a69a46100156f66fe9dd4e88fb5c0a28,2023-12-16T03:36:12.882000,received,kaspa:qyp8vk4us67xk78zu9yc3x4ptl9xff3vg820vvqzx7gec6nk62jl3pgfp3h7hy4,171000000,
7ec77bcad40ce119d12f53c005033d20bfc42000d054151f028eec24577d1c2a,2023-12-16T02:57:13.685000,received,kaspa:qyp8vk4us67xk78zu9yc3x4ptl9xff3vg820vvqzx7gec6nk62jl3pgfp3h7hy4,171000000,
7a0d1d8a3900eae2199ea13c4449d004bb4c07aaf7fe98fa2bcbba55eb932345,2023-12-16T01:33:59.580000,received,kaspa:qyp8vk4us67xk78zu9yc3x4ptl9xff3vg820vvqzx7gec6nk62jl3pgfp3h7hy4,171000000,
fc4aee5f1ad89e4c3ac957812e752ddf51f28b06507d671208dbdc2a15ee4302,2023-12-16T01:22:34.292000,sent,kaspa:qqql6ng9zt4s46k9d6jeen6fyq498jj6mqampkfsmvrxhnwp6wek65qnjv7a0,3077820000,
fc4aee5f1ad89e4c3ac957812e752ddf51f28b06507d671208dbdc2a15ee4302,2023-12-16T01:22:34.292000,sent,kaspa:qqql6ng9zt4s46k9d6jeen6fyq498jj6mqampkfsmvrxhnwp6wek65qnjv7a0,3077820000,
fc4aee5f1ad89e4c3ac957812e752ddf51f28b06507d671208dbdc2a15ee4302,2023-12-16T01:22:34.292000,sent,kaspa:qqql6ng9zt4s46k9d6jeen6fyq498jj6mqampkfsmvrxhnwp6wek65qnjv7a0,3077820000,
fc4aee5f1ad89e4c3ac957812e752ddf51f28b06507d671208dbdc2a15ee4302,2023-12-16T01:22:34.292000,sent,kaspa:qqql6ng9zt4s46k9d6jeen6fyq498jj6mqampkfsmvrxhnwp6wek65qnjv7a0,3077820000,
fc4aee5f1ad89e4c3ac957812e752ddf51f28b06507d671208dbdc2a15ee4302,2023-12-16T01:22:34.292000,sent,kaspa:qqql6ng9zt4s46k9d6jeen6fyq498jj6mqampkfsmvrxhnwp6wek65qnjv7a0,3077820000,
fc4aee5f1ad89e4c3ac957812e752ddf51f28b06507d671208dbdc2a15ee4302,2023-12-16T01:22:34.292000,sent,kaspa:qqql6ng9zt4s46k9d6jeen6fyq498jj6mqampkfsmvrxhnwp6wek65qnjv7a0,3077820000,
fc4aee5f1ad89e4c3ac957812e752ddf51f28b06507d671208dbdc2a15ee4302,2023-12-16T01:22:34.292000,sent,kaspa:qqql6ng9zt4s46k9d6jeen6fyq498jj6mqampkfsmvrxhnwp6wek65qnjv7a0,3077820000,
fc4aee5f1ad89e4c3ac957812e752ddf51f28b06507d671208dbdc2a15ee4302,2023-12-16T01:22:34.292000,sent,kaspa:qqql6ng9zt4s46k9d6jeen6fyq498jj6mqampkfsmvrxhnwp6wek65qnjv7a0,3077820000,
fc4aee5f1ad89e4c3ac957812e752ddf51f28b06507d671208dbdc2a15ee4302,2023-12-16T01:22:34.292000,sent,kaspa:qqql6ng9zt4s46k9d6jeen6fyq498jj6mqampkfsmvrxhnwp6wek65qnjv7a0,3077820000,
fc4aee5f1ad89e4c3ac957812e752ddf51f28b06507d671208dbdc2a15ee4302,2023-12-16T01:22:34.292000,sent,kaspa:qqql6ng9zt4s46k9d6jeen6fyq498jj6mqampkfsmvrxhnwp6wek65qnjv7a0,3077820000,
fc4aee5f1ad89e4c3ac957812e752ddf51f28b06507d671208dbdc2a15ee4302,2023-12-16T01:22:34.292000,sent,kaspa:qqql6ng9zt4s46k9d6jeen6fyq498jj6mqampkfsmvrxhnwp6wek65qnjv7a0,3077820000,
fc4aee5f1ad89e4c3ac957812e752ddf51f28b06507d671208dbdc2a15ee4302,2023-12-16T01:22:34.292000,sent,kaspa:qqql6ng9zt4s46k9d6jeen6fyq498jj6mqampkfsmvrxhnwp6wek65qnjv7a0,3077820000,
fc4aee5f1ad89e4c3ac957812e752ddf51f28b06507d671208dbdc2a15ee4302,2023-12-16T01:22:34.292000,sent,kaspa:qqql6ng9zt4s46k9d6jeen6fyq498jj6mqampkfsmvrxhnwp6wek65qnjv7a0,3077820000,
fc4aee5f1ad89e4c3ac957812e752ddf51f28b06507d671208dbdc2a15ee4302,2023-12-16T01:22:34.292000,sent,kaspa:qqql6ng9zt4s46k9d6jeen6fyq498jj6mqampkfsmvrxhnwp6wek65qnjv7a0,3077820000,
fc4aee5f1ad89e4c3ac957812e752ddf51f28b06507d671208dbdc2a15ee4302,2023-12-16T01:22:34.292000,sent,kaspa:qqql6ng9zt4s46k9d6jeen6fyq498jj6mqampkfsmvrxhnwp6wek65qnjv7a0,3077820000,
fc4aee5f1ad89e4c3ac957812e752ddf51f28b06507d671208dbdc2a15ee4302,2023-12-16T01:22:34.292000,sent,kaspa:qqql6ng9zt4s46k9d6jeen6fyq498jj6mqampkfsmvrxhnwp6wek65qnjv7a0,3077820000,
fc4aee5f1ad89e4c3ac957812e752ddf51f28b06507d671208dbdc2a15ee4302,2023-12-16T01:22:34.292000,sent,kaspa:qqql6ng9zt4s46k9d6jeen6fyq498jj6mqampkfsmvrxhnwp6wek65qnjv7a0,3077820000,
fc4aee5f1ad89e4c3ac957812e752ddf51f28b06507d671208dbdc2a15ee4302,2023-12-16T01:22:34.292000,sent,kaspa:qqql6ng9zt4s46k9d6jeen6fyq498jj6mqampkfsmvrxhnwp6wek65qnjv7a0,3077820000,
60ecd7c958d47829057a3c19b90667cca780ba9ddb56e5847a07a32b3c68d59c,2023-12-16T01:18:07.733000,received,kaspa:qyp8vk4us67xk78zu9yc3x4ptl9xff3vg820vvqzx7gec6nk62jl3pgfp3h7hy4,171000000,
8da5498f19d09918e50604961f400042a5333b5e71650036e5b49692c151ff56,2023-12-16T00:06:07.593000,received,kaspa:qyp8vk4us67xk78zu9yc3x4ptl9xff3vg820vvqzx7gec6nk62jl3pgfp3h7hy4,171000000,
557ab9ac79d5aaee4a45d7448f3c9f7b7c6d30293045deefc749fe0847f44f95,2023-12-15T23:00:31.349000,received,kaspa:qyp8vk4us67xk78zu9yc3x4ptl9xff3vg820vvqzx7gec6nk62jl3pgfp3h7hy4,171000000,
a445b2308c9c9ba53f9ec118b0b46455043ab0ec98d2347d81b0547ab509c0dc,2023-12-15T22:29:20.839000,received,kaspa:qyp8vk4us67xk78zu9yc3x4ptl9xff3vg820vvqzx7gec6nk62jl3pgfp3h7hy4,171000000,
0c20e0a243aea21ed13e81511a52d174661ca58af5960d5a13b451c1b02c67e8,2023-12-15T21:51:00.483000,received,kaspa:qyp8vk4us67xk78zu9yc3x4ptl9xff3vg820vvqzx7gec6nk62jl3pgfp3h7hy4,171000000,
03de4bd3b4cca11cb0bbc309a65c2fa92d414ce13a7c8e35d4b0fe609e4d7938,2023-12-15T20:58:47.502000,received,kaspa:qyp8vk4us67xk78zu9yc3x4ptl9xff3vg820vvqzx7gec6nk62jl3pgfp3h7hy4,171000000,
d505963caf209a322bdbd1ac4cfc4e56796116d503515ad48c7207302644679a,2023-12-15T20:56:04.111000,received,kaspa:qyp8vk4us67xk78zu9yc3x4ptl9xff3vg820vvqzx7gec6nk62jl3pgfp3h7hy4,171000000,
1d04b2404a7add896b6777242d5b93046b4c5e9defc01442ab59e98da885cab5,2023-12-15T20:25:31.563000,received,kaspa:qyp8vk4us67xk78zu9yc3x4ptl9xff3vg820vvqzx7gec6nk62jl3pgfp3h7hy4,171000000,
9bd6cc4258742e066d75612b90ce95e00a093121147084751e8793848cfadbc3,2023-12-15T19:00:30.529000,received,kaspa:qyp8vk4us67xk78zu9yc3x4ptl9xff3vg820vvqzx7gec6nk62jl3pgfp3h7hy4,171000000,
b8ecb5bfb1c53bb637e4907a6b008d8bb4d2199fb5b85d41a18175c59d5c2614,2023-12-15T17:05:33.159000,received,kaspa:qyp8vk4us67xk78zu9yc3x4ptl9xff3vg820vvqzx7gec6nk62jl3pgfp3h7hy4,171000000,
8fd0bae0edfed42b989bb52338e7f5079e4a0c06ef67e770dc621a3b0786d127,2023-12-15T16:31:34.793000,received,kaspa:qyp8vk4us67xk78zu9yc3x4ptl9xff3vg820vvqzx7gec6nk62jl3pgfp3h7hy4,171000000,
5c0eb459952a97cf75ee0bfca5c5ff561f9b641555749abd04fdd0dc0dce0e65,2023-12-15T15:13:28.955000,received,kaspa:qyp8vk4us67xk78zu9yc3x4ptl9xff3vg820vvqzx7gec6nk62jl3pgfp3h7hy4,171000000,
1378a3d654b515d7ad337d6dd429ffa2792a1a75a25b536e4fc64995ff590b12,2023-12-15T15:09:16.423000,received,kaspa:qyp8vk4us67xk78zu9yc3x4ptl9xff3vg820vvqzx7gec6nk62jl3pgfp3h7hy4,171000000,
d7858bae1dc57c2fcd8682b6751ff79cf674f1c9e4671502f9116a0227e49667,2023-12-15T13:20:19.209000,received,kaspa:qyp8vk4us67xk78zu9yc3x4ptl9xff3vg820vvqzx7gec6nk62jl3pgfp3h7hy4,171000000,
c90b7f0ed106b57b54d51a7d0f66368e24f7264056dfb3cf8b8fd140cb2b370a,2023-12-15T12:21:45.944000,received,kaspa:qyp8vk4us67xk78zu9yc3x4ptl9xff3vg820vvqzx7gec6nk62jl3pgfp3h7hy4,171000000,
3e08dc937e1334b38de79002b49d4171c83d36e6404fbfba29b343d74e465219,2023-12-15T11:40:47.094000,received,kaspa:qyp8vk4us67xk78zu9yc3x4ptl9xff3vg820vvqzx7gec6nk62jl3pgfp3h7hy4,171000000,
7bbda3f517b7ae20bd0d689fa89abf058f9e8f6d34fe796322878a286e3e6151,2023-12-15T10:22:54.753000,received,kaspa:qyp8vk4us67xk78zu9yc3x4ptl9xff3vg820vvqzx7gec6nk62jl3pgfp3h7hy4,171000000,
2ee0d24f3f3ef272796905e9b3b7fc6d5e79d109526c4cf5bc500cdd20891240,2023-12-15T10:22:18.140000,received,kaspa:qyp8vk4us67xk78zu9yc3x4ptl9xff3vg820vvqzx7gec6nk62jl3pgfp3h7hy4,171000000,
82402d5dc675511e6975470cf886bf657c58afea4047ed2580ff5c91b6c93aa8,2023-12-15T09:53:58.516000,sent,kaspa:qrtthu48p0xm24d2pdhee2zmuyphrljfz33da5gdpgk5v7xarcar5el4vg690,1880890000,
82402d5dc675511e6975470cf886bf657c58afea4047ed2580ff5c91b6c93aa8,2023-12-15T09:53:58.516000,sent,kaspa:qrtthu48p0xm24d2pdhee2zmuyphrljfz33da5gdpgk5v7xarcar5el4vg690,1880890000,
82402d5dc675511e6975470cf886bf657c58afea4047ed2580ff5c91b6c93aa8,2023-12-15T09:53:58.516000,sent,kaspa:qrtthu48p0xm24d2pdhee2zmuyphrljfz33da5gdpgk5v7xarcar5el4vg690,1880890000,
82402d5dc675511e6975470cf886bf657c58afea4047ed2580ff5c91b6c93aa8,2023-12-15T09:53:58.516000,sent,kaspa:qrtthu48p0xm24d2pdhee2zmuyphrljfz33da5gdpgk5v7xarcar5el4vg690,1880890000,
82402d5dc675511e6975470cf886bf657c58afea4047ed2580ff5c91b6c93aa8,2023-12-15T09:53:58.516000,sent,kaspa:qrtthu48p0xm24d2pdhee2zmuyphrljfz33da5gdpgk5v7xarcar5el4vg690,1880890000,
82402d5dc675511e6975470cf886bf657c58afea4047ed2580ff5c91b6c93aa8,2023-12-15T09:53:58.516000,sent,kaspa:qrtthu48p0xm24d2pdhee2zmuyphrljfz33da5gdpgk5v7xarcar5el4vg690,1880890000,
82402d5dc675511e6975470cf886bf657c58afea4047ed2580ff5c91b6c93aa8,2023-12-15T09:53:58.516000,sent,kaspa:qrtthu48p0xm24d2pdhee2zmuyphrljfz33da5gdpgk5v7xarcar5el4vg690,1880890000,
82402d5dc675511e6975470cf886bf657c58afea4047ed2580ff5c91b6c93aa8,2023-12-15T09:53:58.516000,sent,kaspa:qrtthu48p0xm24d2pdhee2zmuyphrljfz33da5gdpgk5v7xarcar5el4vg690,1880890000,
82402d5dc675511e6975470cf886bf657c58afea4047ed2580ff5c91b6c93aa8,2023-12-15T09:53:58.516000,sent,kaspa:qrtthu48p0xm24d2pdhee2zmuyphrljfz33da5gdpgk5v7xarcar5el4vg690,1880890000,
82402d5dc675511e6975470cf886bf657c58afea4047ed2580ff5c91b6c93aa8,2023-12-15T09:53:58.516000,sent,kaspa:qrtthu48p0xm24d2pdhee2zmuyphrljfz33da5gdpgk5v7xarcar5el4vg690,1880890000,
82402d5dc675511e6975470cf886bf657c58afea4047ed2580ff5c91b6c93aa8,2023-12-15T09:53:58.516000,sent,kaspa:qrtthu48p0xm24d2pdhee2zmuyphrljfz33da5gdpgk5v7xarcar5el4vg690,1880890000,
cbe1e265f9549d650940f370b6311ccaac7dc97b3f17f72a538bf89a1c1fd197,2023-12-15T09:30:14.689000,received,kaspa:qyp8vk4us67xk78zu9yc3x4ptl9xff3vg820vvqzx7gec6nk62jl3pgfp3h7hy4,171000000,
db0154a6215b3a5c763205fba69dfb06f60936901148013bc906dc30134ecca1,2023-12-15T09:14:33.540000,received,kaspa:qyp8vk4us67xk78zu9yc3x4ptl9xff3vg820vvqzx7gec6nk62jl3pgfp3h7hy4,171000000,
aba3a21f7c62588e22aceae78b4256b2c1d18201c6794c46fe749080c50cfa40,2023-12-15T07:51:23.822000,received,kaspa:qyp8vk4us67xk78zu9yc3x4ptl9xff3vg820vvqzx7gec6nk62jl3pgfp3h7hy4,171000000,
c5841ed11ec0a05053b221cb3f7059004dd664233a289962eb4614640e5aa930,2023-12-15T07:32:02.840000,received,kaspa:qyp8vk4us67xk78zu9yc3x4ptl9xff3vg820vvqzx7gec6nk62jl3pgfp3h7hy4,171000000,
714d394e006dd92a74009b9ac307ebc001b08777d3800f8174ed671ffed85162,2023-12-15T07:13:05.359000,received,kaspa:qyp8vk4us67xk78zu9yc3x4ptl9xff3vg820vvqzx7gec6nk62jl3pgfp3h7hy4,171000000,
46e119d81162a29568574539c2cedc5b78f55270a0d7de4bc8f70423227b0012,2023-12-15T06:17:43.980000,received,kaspa:qyp8vk4us67xk78zu9yc3x4ptl9xff3vg820vvqzx7gec6nk62jl3pgfp3h7hy4,171000000,
2588e26a26146baeee9583c1e12c0c41eb37d11011226e3dcd9dba97c7893cbd,2023-12-15T04:45:04.345000,received,kaspa:qyp8vk4us67xk78zu9yc3x4ptl9xff3vg820vvqzx7gec6nk62jl3pgfp3h7hy4,171000000,
1e64c8a7eb48c2e2d2a4e7ca96811c4c0860a1e79191c03016b05abdb5f62687,2023-12-15T04:00:45.809000,received,kaspa:qyp8vk4us67xk78zu9yc3x4ptl9xff3vg820vvqzx7gec6nk62jl3pgfp3h7hy4,171000000,
35a33c841a0510dfd3cae0eb65211cbd71453be66747582a1701ebdf4caaec38,2023-12-15T03:14:43.511000,received,kaspa:qyp8vk4us67xk78zu9yc3x4ptl9xff3vg820vvqzx7gec6nk62jl3pgfp3h7hy4,171000000,
0035f727f55af059c9c76949f21e46d6580390446d0838778a316cdac2542095,2023-12-15T01:24:33.254000,received,kaspa:qyp8vk4us67xk78zu9yc3x4ptl9xff3vg820vvqzx7gec6nk62jl3pgfp3h7hy4,171000000,
4952d1c9d4486f9f5042bebed7f8b1cd1ea989f3985b1dbc198217a261ec6ffc,2023-12-15T01:01:16.546000,received,kaspa:qyp8vk4us67xk78zu9yc3x4ptl9xff3vg820vvqzx7gec6nk62jl3pgfp3h7hy4,171000000,
359638073cadc7241a6090a2be02aab62cfc1ba0892df9779fb656c5371c16e5,2023-12-15T00:51:53.705000,sent,kaspa:qrtthu48p0xm24d2pdhee2zmuyphrljfz33da5gdpgk5v7xarcar5el4vg690,2735840000,
359638073cadc7241a6090a2be02aab62cfc1ba0892df9779fb656c5371c16e5,2023-12-15T00:51:53.705000,sent,kaspa:qrtthu48p0xm24d2pdhee2zmuyphrljfz33da5gdpgk5v7xarcar5el4vg690,2735840000,
359638073cadc7241a6090a2be02aab62cfc1ba0892df9779fb656c5371c16e5,2023-12-15T00:51:53.705000,sent,kaspa:qrtthu48p0xm24d2pdhee2zmuyphrljfz33da5gdpgk5v7xarcar5el4vg690,2735840000,
359638073cadc7241a6090a2be02aab62cfc1ba0892df9779fb656c5371c16e5,2023-12-15T00:51:53.705000,sent,kaspa:qrtthu48p0xm24d2pdhee2zmuyphrljfz33da5gdpgk5v7xarcar5el4vg690,2735840000,
359638073cadc7241a6090a2be02aab62cfc1ba0892df9779fb656c5371c16e5,2023-12-15T00:51:53.705000,sent,kaspa:qrtthu48p0xm24d2pdhee2zmuyphrljfz33da5gdpgk5v7xarcar5el4vg690,2735840000,
359638073cadc7241a6090a2be02aab62cfc1ba0892df9779fb656c5371c16e5,2023-12-15T00:51:53.705000,sent,kaspa:qrtthu48p0xm24d2pdhee2zmuyphrljfz33da5gdpgk5v7xarcar5el4vg690,2735840000,
359638073cadc7241a6090a2be02aab62cfc1ba0892df9779fb656c5371c16e5,2023-12-15T00:51:53.705000,sent,kaspa:qrtthu48p0xm24d2pdhee2zmuyphrljfz33da5gdpgk5v7xarcar5el4vg690,2735840000,
359638073cadc7241a6090a2be02aab62cfc1ba0892df9779fb656c5371c16e5,2023-12-15T00:51:53.705000,sent,kaspa:qrtthu48p0xm24d2pdhee2zmuyphrljfz33da5gdpgk5v7xarcar5el4vg690,2735840000,
359638073cadc7241a6090a2be02aab62cfc1ba0892df9779fb656c5371c16e5,2023-12-15T00:51:53.705000,sent,kaspa:qrtthu48p0xm24d2pdhee2zmuyphrljfz33da5gdpgk5v7xarcar5el4vg690,2735840000,
359638073cadc7241a6090a2be02aab62cfc1ba0892df9779fb656c5371c16e5,2023-12-15T00:51:53.705000,sent,kaspa:qrtthu48p0xm24d2pdhee2zmuyphrljfz33da5gdpgk5v7xarcar5el4vg690,2735840000,
359638073cadc7241a6090a2be02aab62cfc1ba0892df9779fb656c5371c16e5,2023-12-15T00:51:53.705000,sent,kaspa:qrtthu48p0xm24d2pdhee2zmuyphrljfz33da5gdpgk5v7xarcar5el4vg690,2735840000,
359638073cadc7241a6090a2be02aab62cfc1ba0892df9779fb656c5371c16e5,2023-12-15T00:51:53.705000,sent,kaspa:qrtthu48p0xm24d2pdhee2zmuyphrljfz33da5gdpgk5v7xarcar5el4vg690,2735840000,
359638073cadc7241a6090a2be02aab62cfc1ba0892df9779fb656c5371c16e5,2023-12-15T00:51:53.705000,sent,kaspa:qrtthu48p0xm24d2pdhee2zmuyphrljfz33da5gdpgk5v7xarcar5el4vg690,2735840000,
359638073cadc7241a6090a2be02aab62cfc1ba0892df9779fb656c5371c16e5,2023-12-15T00:51:53.705000,sent,kaspa:qrtthu48p0xm24d2pdhee2zmuyphrljfz33da5gdpgk5v7xarcar5el4vg690,2735840000,
359638073cadc7241a6090a2be02aab62cfc1ba0892df9779fb656c5371c16e5,2023-12-15T00:51:53.705000,sent,kaspa:qrtthu48p0xm24d2pdhee2zmuyphrljfz33da5gdpgk5v7xarcar5el4vg690,2735840000,
359638073cadc7241a6090a2be02aab62cfc1ba0892df9779fb656c5371c16e5,2023-12-15T00:51:53.705000,sent,kaspa:qrtthu48p0xm24d2pdhee2zmuyphrljfz33da5gdpgk5v7xarcar5el4vg690,2735840000,
bfc6f6ceef2683ce2d5a336e8854ccafec2beeef85196114b50e02f3417872b5,2023-12-15T00:43:13.652000,received,kaspa:qyp8vk4us67xk78zu9yc3x4ptl9xff3vg820vvqzx7gec6nk62jl3pgfp3h7hy4,171000000,
8e46acc9923e3788329a0e5eecacd65aa1c820011e812ba37e087d55288f6581,2023-12-15T00:29:43.725000,received,kaspa:qyp8vk4us67xk78zu9yc3x4ptl9xff3vg820vvqzx7gec6nk62jl3pgfp3h7hy4,171000000,
4f418b4dfeef7bc376a8cf8e0477505ac7eaa8069f4378ba8c74afbdee4e90ad,2023-12-15T00:10:05.283000,received,kaspa:qyp8vk4us67xk78zu9yc3x4ptl9xff3vg820vvqzx7gec6nk62jl3pgfp3h7hy4,171000000,
a6a744838f35fac8da77050f5236eaaba789030494dfed16ffca3097e7da64e0,2023-12-15T00:07:53.200000,received,kaspa:qyp8vk4us67xk78zu9yc3x4ptl9xff3vg820vvqzx7gec6nk62jl3pgfp3h7hy4,171000000,
403fb43e271a4eb62980c85e93a7fa5c7083cdc6745b1baa252ae2559b8e1c5d,2023-12-14T23:23:54.142000,received,kaspa:qyp8vk4us67xk78zu9yc3x4ptl9xff3vg820vvqzx7gec6nk62jl3pgfp3h7hy4,171000000,
069ded16a1941182504b13e684c6513d7c2ad3033a8b36431525dea2639c5508,2023-12-14T22:46:08.611000,received,kaspa:qyp8vk4us67xk78zu9yc3x4ptl9xff3vg820vvqzx7gec6nk62jl3pgfp3h7hy4,171000000,
21edabc339a53d324fb536162334d05c01a3cb93a3463d042de58cd49d4c4cf1,2023-12-14T21:11:44.976000,received,kaspa:qyp8vk4us67xk78zu9yc3x4ptl9xff3vg820vvqzx7gec6nk62jl3pgfp3h7hy4,171000000,
388c619293d02bcc1a6eeb6a5c3e94a8aa56b65fe0c1b2be8b05e9d93e1d4f59,2023-12-14T20:57:19.592000,received,kaspa:qyp8vk4us67xk78zu9yc3x4ptl9xff3vg820vvqzx7gec6nk62jl3pgfp3h7hy4,171000000,
3527a7b2514618589c024f5b581fa824a74d3ab5e4a319e9fa6475015a3c7759,2023-12-14T19:43:30.139000,received,kaspa:qyp8vk4us67xk78zu9yc3x4ptl9xff3vg820vvqzx7gec6nk62jl3pgfp3h7hy4,171000000,
180f87b9fa101334f9acadd8bd41feae223e0245c525663710a95318cdeb6c81,2023-12-14T19:19:24.597000,received,kaspa:qyp8vk4us67xk78zu9yc3x4ptl9xff3vg820vvqzx7gec6nk62jl3pgfp3h7hy4,171000000,
65134fc26ef7c3e20444f92e7b9a7c5128cd21d8e110413696c4a35091aa8615,2023-12-14T17:44:37.010000,received,kaspa:qyp8vk4us67xk78zu9yc3x4ptl9xff3vg820vvqzx7gec6nk62jl3pgfp3h7hy4,171000000,
8d356cdb0b5e6b1ed5efdadd6ef68a4945e630bafe367492f2ddd602062f8e19,2023-12-14T17:04:39.707000,received,kaspa:qyp8vk4us67xk78zu9yc3x4ptl9xff3vg820vvqzx7gec6nk62jl3pgfp3h7hy4,171000000,
bc1b1b0fbd6b1deebb38b327d9b6ff62707ecda07c199fed73dac204734025d5,2023-12-14T17:01:50.388000,received,kaspa:qyp8vk4us67xk78zu9yc3x4ptl9xff3vg820vvqzx7gec6nk62jl3pgfp3h7hy4,171000000,
719958ff1b9076e73eb31c25d02933ad7f1fccdb7c60cd5da520606cd7dd7ffa,2023-12-14T16:31:55.027000,received,kaspa:qyp8vk4us67xk78zu9yc3x4ptl9xff3vg820vvqzx7gec6nk62jl3pgfp3h7hy4,171000000,
8828fc1f8429917edff965d99b4bb77eaca5e1d7bc5714dbebde55f05968a1ef,2023-12-14T15:49:22.498000,received,kaspa:qyp8vk4us67xk78zu9yc3x4ptl9xff3vg820vvqzx7gec6nk62jl3pgfp3h7hy4,171000000,
664bb0482a1477e6e38f7954ad9a4c77327b6a7615a2bb759b3d466daf4fb920,2023-12-14T14:58:05.719000,received,kaspa:qyp8vk4us67xk78zu9yc3x4ptl9xff3vg820vvqzx7gec6nk62jl3pgfp3h7hy4,171000000,
1abae5a5265f8bf79026c5306e9394de92b8a4b55349e6344ba5bbc376a82b61,2023-12-14T14:52:52.190000,sent,kaspa:qrtthu48p0xm24d2pdhee2zmuyphrljfz33da5gdpgk5v7xarcar5el4vg690,854950000,
1abae5a5265f8bf79026c5306e9394de92b8a4b55349e6344ba5bbc376a82b61,2023-12-14T14:52:52.190000,sent,kaspa:qrtthu48p0xm24d2pdhee2zmuyphrljfz33da5gdpgk5v7xarcar5el4vg690,854950000,
1abae5a5265f8bf79026c5306e9394de92b8a4b55349e6344ba5bbc376a82b61,2023-12-14T14:52:52.190000,sent,kaspa:qrtthu48p0xm24d2pdhee2zmuyphrljfz33da5gdpgk5v7xarcar5el4vg690,854950000,
1abae5a5265f8bf79026c5306e9394de92b8a4b55349e6344ba5bbc376a82b61,2023-12-14T14:52:52.190000,sent,kaspa:qrtthu48p0xm24d2pdhee2zmuyphrljfz33da5gdpgk5v7xarcar5el4vg690,854950000,
1abae5a5265f8bf79026c5306e9394de92b8a4b55349e6344ba5bbc376a82b61,2023-12-14T14:52:52.190000,sent,kaspa:qrtthu48p0xm24d2pdhee2zmuyphrljfz33da5gdpgk5v7xarcar5el4vg690,854950000,
43ae6eb857cf8d63b801daf0266f97e6d6d3e6be273833b78387a1cb8aeb3ba9,2023-12-14T14:00:39.876000,received,kaspa:qyp8vk4us67xk78zu9yc3x4ptl9xff3vg820vvqzx7gec6nk62jl3pgfp3h7hy4,171000000,
d1082b2566f1a97acd6282402ed384ac870b40b571fd06efbd43f051ae4e6ab4,2023-12-14T11:03:50.473000,received,kaspa:qyp8vk4us67xk78zu9yc3x4ptl9xff3vg820vvqzx7gec6nk62jl3pgfp3h7hy4,171000000,
f3357a87c539e2d9240ec8df745c4e11c1330856ac0517c89639f8d385e55566,2023-12-14T11:01:41.671000,received,kaspa:qyp8vk4us67xk78zu9yc3x4ptl9xff3vg820vvqzx7gec6nk62jl3pgfp3h7hy4,171000000,
e29909c5dbdea5de6bd3acd0c756be2f2b4cc0924c00d940bdb7033557bfe14f,2023-12-14T11:00:51.533000,received,kaspa:qyp8vk4us67xk78zu9yc3x4ptl9xff3vg820vvqzx7gec6nk62jl3pgfp3h7hy4,171000000,
c6b1ad59eb8046a987a89f63e536814abbd355b12c4613c0759577d979cec26f,2023-12-14T09:44:45.887000,received,kaspa:qyp8vk4us67xk78zu9yc3x4ptl9xff3vg820vvqzx7gec6nk62jl3pgfp3h7hy4,171000000,
9b14e3a6c9a298cc6cc44060a29e4dc2c91ad7958262437950e07c65888ac905,2023-12-14T08:16:12.510000,sent,kaspa:qrtthu48p0xm24d2pdhee2zmuyphrljfz33da5gdpgk5v7xarcar5el4vg690,683960000,
9b14e3a6c9a298cc6cc44060a29e4dc2c91ad7958262437950e07c65888ac905,2023-12-14T08:16:12.510000,sent,kaspa:qrtthu48p0xm24d2pdhee2zmuyphrljfz33da5gdpgk5v7xarcar5el4vg690,683960000,
9b14e3a6c9a298cc6cc44060a29e4dc2c91ad7958262437950e07c65888ac905,2023-12-14T08:16:12.510000,sent,kaspa:qrtthu48p0xm24d2pdhee2zmuyphrljfz33da5gdpgk5v7xarcar5el4vg690,683960000,
9b14e3a6c9a298cc6cc44060a29e4dc2c91ad7958262437950e07c65888ac905,2023-12-14T08:16:12.510000,sent,kaspa:qrtthu48p0xm24d2pdhee2zmuyphrljfz33da5gdpgk5v7xarcar5el4vg690,683960000,
07947e679ee9bd59c223dd3e16b5f1fbdc08bc6f321a83ac949dc45324de7e23,2023-12-14T07:42:05.561000,received,kaspa:qyp8vk4us67xk78zu9yc3x4ptl9xff3vg820vvqzx7gec6nk62jl3pgfp3h7hy4,171000000,
404ec97cd2933fd949acba7140d528816965e9e2e164a2b2dbd813a0968060b9,2023-12-14T06:34:30.002000,received,kaspa:qyp8vk4us67xk78zu9yc3x4ptl9xff3vg820vvqzx7gec6nk62jl3pgfp3h7hy4,171000000,
bc8135f6b57d8ee76403ed25876c4771cb0eccf7e251fe20c7e7f5f1237b5ee7,2023-12-14T05:44:27.953000,received,kaspa:qyp8vk4us67xk78zu9yc3x4ptl9xff3vg820vvqzx7gec6nk62jl3pgfp3h7hy4,171000000,
5ddbf92fbd1e14e1aa41183024064950e4142c8f72c87f082638377620812162,2023-12-14T04:16:40.219000,received,kaspa:qyp8vk4us67xk78zu9yc3x4ptl9xff3vg820vvqzx7gec6nk62jl3pgfp3h7hy4,171000000,
9da4f0147e243b08db6d84496f2aad3a448b280d093d4cf231767664da3f7168,2023-12-14T03:48:11.565000,sent,kaspa:qrtthu48p0xm24d2pdhee2zmuyphrljfz33da5gdpgk5v7xarcar5el4vg690,512970000,
9da4f0147e243b08db6d84496f2aad3a448b280d093d4cf231767664da3f7168,2023-12-14T03:48:11.565000,sent,kaspa:qrtthu48p0xm24d2pdhee2zmuyphrljfz33da5gdpgk5v7xarcar5el4vg690,512970000,
9da4f0147e243b08db6d84496f2aad3a448b280d093d4cf231767664da3f7168,2023-12-14T03:48:11.565000,sent,kaspa:qrtthu48p0xm24d2pdhee2zmuyphrljfz33da5gdpgk5v7xarcar5el4vg690,512970000,
6d988bf038cf2f4189549c291972c8cf0015de1c429dd88c161b1f72f56d0c22,2023-12-14T01:28:50.984000,received,kaspa:qyp8vk4us67xk78zu9yc3x4ptl9xff3vg820vvqzx7gec6nk62jl3pgfp3h7hy4,171000000,
35363a43f24673f427ef20a7bfaec518e7dd0b318c9d0bdcdb9a45020e36a139,2023-12-13T23:08:53.555000,received,kaspa:qyp8vk4us67xk78zu9yc3x4ptl9xff3vg820vvqzx7gec6nk62jl3pgfp3h7hy4,171000000,
8d2d5cf64b52f06427eedcc15b7eb614c80c76fb26835c957029ec3d3c58c36d,2023-12-13T23:01:33.209000,received,kaspa:qyp8vk4us67xk78zu9yc3x4ptl9xff3vg820vvqzx7gec6nk62jl3pgfp3h7hy4,171000000,
55eb9866d519dc582aa2d8bf21038fd7c636b0ca62f4cbd5aab4b7174e214aba,2023-12-13T22:47:18.730000,sent,kaspa:qrtthu48p0xm24d2pdhee2zmuyphrljfz33da5gdpgk5v7xarcar5el4vg690,854950000,
55eb9866d519dc582aa2d8bf21038fd7c636b0ca62f4cbd5aab4b7174e214aba,2023-12-13T22:47:18.730000,sent,kaspa:qrtthu48p0xm24d2pdhee2zmuyphrljfz33da5gdpgk5v7xarcar5el4vg690,854950000,
55eb9866d519dc582aa2d8bf21038fd7c636b0ca62f4cbd5aab4b7174e214aba,2023-12-13T22:47:18.730000,sent,kaspa:qrtthu48p0xm24d2pdhee2zmuyphrljfz33da5gdpgk5v7xarcar5el4vg690,854950000,
55eb9866d519dc582aa2d8bf21038fd7c636b0ca62f4cbd5aab4b7174e214aba,2023-12-13T22:47:18.730000,sent,kaspa:qrtthu48p0xm24d2pdhee2zmuyphrljfz33da5gdpgk5v7xarcar5el4vg690,854950000,
55eb9866d519dc582aa2d8bf21038fd7c636b0ca62f4cbd5aab4b7174e214aba,2023-12-13T22:47:18.730000,sent,kaspa:qrtthu48p0xm24d2pdhee2zmuyphrljfz33da5gdpgk5v7xarcar5el4vg690,854950000,
36c8b3bd64f65df2d30100810570ce8ac799cd3b5907a5e84808f184106c9be5,2023-12-13T22:12:20.766000,received,kaspa:qyp8vk4us67xk78zu9yc3x4ptl9xff3vg820vvqzx7gec6nk62jl3pgfp3h7hy4,171000000,
3e1b59ec4495996e889ea60c8092c21f75a88d11b2bb6a02334e70e2f99f9694,2023-12-13T22:11:40.633000,received,kaspa:qyp8vk4us67xk78zu9yc3x4ptl9xff3vg820vvqzx7gec6nk62jl3pgfp3h7hy4,171000000,
5170407a6f0c4f4f11ab7e9f8211d0dbb628e5a8c1973edb82cca02aaaa4a711,2023-12-13T20:42:09.996000,received,kaspa:qyp8vk4us67xk78zu9yc3x4ptl9xff3vg820vvqzx7gec6nk62jl3pgfp3h7hy4,171000000,
a3fdb50fdba05363ea6bf60921a5d1ecc575d356e757d15e1fe3ecb4eb6536e9,2023-12-13T16:57:39.610000,received,kaspa:qyp8vk4us67xk78zu9yc3x4ptl9xff3vg820vvqzx7gec6nk62jl3pgfp3h7hy4,171000000,
ffb090faa588da44943befd44177de96d15af0184aa7eff3249e4119b748d272,2023-12-13T16:37:37.241000,received,kaspa:qyp8vk4us67xk78zu9yc3x4ptl9xff3vg820vvqzx7gec6nk62jl3pgfp3h7hy4,171000000,
7a508d91d6f9d2bd2a12bc5e98b5153ed414a729fe75814050fc9ca39a80b1bb,2023-12-13T16:12:21.421000,sent,kaspa:qrtthu48p0xm24d2pdhee2zmuyphrljfz33da5gdpgk5v7xarcar5el4vg690,170990000,
80a0c16ed3f4611e6a3071d270f9a71d87b5424a6f6acbf0da7de30df3a0ccd5,2023-12-13T15:36:52.353000,received,kaspa:qyp8vk4us67xk78zu9yc3x4ptl9xff3vg820vvqzx7gec6nk62jl3pgfp3h7hy4,171000000,
774c796feed266556688146c10958e67868d63ca6ce1a271a003300acd4f2158,2023-12-13T14:58:47.026000,sent,kaspa:qrtthu48p0xm24d2pdhee2zmuyphrljfz33da5gdpgk5v7xarcar5el4vg690,2393860000,
774c796feed266556688146c10958e67868d63ca6ce1a271a003300acd4f2158,2023-12-13T14:58:47.026000,sent,kaspa:qrtthu48p0xm24d2pdhee2zmuyphrljfz33da5gdpgk5v7xarcar5el4vg690,2393860000,
774c796feed266556688146c10958e67868d63ca6ce1a271a003300acd4f2158,2023-12-13T14:58:47.026000,sent,kaspa:qrtthu48p0xm24d2pdhee2zmuyphrljfz33da5gdpgk5v7xarcar5el4vg690,2393860000,
774c796feed266556688146c10958e67868d63ca6ce1a271a003300acd4f2158,2023-12-13T14:58:47.026000,sent,kaspa:qrtthu48p0xm24d2pdhee2zmuyphrljfz33da5gdpgk5v7xarcar5el4vg690,2393860000,
774c796feed266556688146c10958e67868d63ca6ce1a271a003300acd4f2158,2023-12-13T14:58:47.026000,sent,kaspa:qrtthu48p0xm24d2pdhee2zmuyphrljfz33da5gdpgk5v7xarcar5el4vg690,2393860000,
774c796feed266556688146c10958e67868d63ca6ce1a271a003300acd4f2158,2023-12-13T14:58:47.026000,sent,kaspa:qrtthu48p0xm24d2pdhee2zmuyphrljfz33da5gdpgk5v7xarcar5el4vg690,2393860000,
774c796feed266556688146c10958e67868d63ca6ce1a271a003300acd4f2158,2023-12-13T14:58:47.026000,sent,kaspa:qrtthu48p0xm24d2pdhee2zmuyphrljfz33da5gdpgk5v7xarcar5el4vg690,2393860000,
774c796feed266556688146c10958e67868d63ca6ce1a271a003300acd4f2158,2023-12-13T14:58:47.026000,sent,kaspa:qrtthu48p0xm24d2pdhee2zmuyphrljfz33da5gdpgk5v7xarcar5el4vg690,2393860000,
774c796feed266556688146c10958e67868d63ca6ce1a271a003300acd4f2158,2023-12-13T14:58:47.026000,sent,kaspa:qrtthu48p0xm24d2pdhee2zmuyphrljfz33da5gdpgk5v7xarcar5el4vg690,2393860000,
774c796feed266556688146c10958e67868d63ca6ce1a271a003300acd4f2158,2023-12-13T14:58:47.026000,sent,kaspa:qrtthu48p0xm24d2pdhee2zmuyphrljfz33da5gdpgk5v7xarcar5el4vg690,2393860000,
774c796feed266556688146c10958e67868d63ca6ce1a271a003300acd4f2158,2023-12-13T14:58:47.026000,sent,kaspa:qrtthu48p0xm24d2pdhee2zmuyphrljfz33da5gdpgk5v7xarcar5el4vg690,2393860000,
774c796feed266556688146c10958e67868d63ca6ce1a271a003300acd4f2158,2023-12-13T14:58:47.026000,sent,kaspa:qrtthu48p0xm24d2pdhee2zmuyphrljfz33da5gdpgk5v7xarcar5el4vg690,2393860000,
774c796feed266556688146c10958e67868d63ca6ce1a271a003300acd4f2158,2023-12-13T14:58:47.026000,sent,kaspa:qrtthu48p0xm24d2pdhee2zmuyphrljfz33da5gdpgk5v7xarcar5el4vg690,2393860000,
774c796feed266556688146c10958e67868d63ca6ce1a271a003300acd4f2158,2023-12-13T14:58:47.026000,sent,kaspa:qrtthu48p0xm24d2pdhee2zmuyphrljfz33da5gdpgk5v7xarcar5el4vg690,2393860000,
e148e90cc2e5d4c7c221f6c2b7ec9cfa4baa57885ef641da8ec0036fc35e5325,2023-12-13T14:50:21.142000,received,kaspa:qyp8vk4us67xk78zu9yc3x4ptl9xff3vg820vvqzx7gec6nk62jl3pgfp3h7hy4,171000000,
908e12bccb8b0935a281897af0b225be9e23efa2aa668bd6cc7e5bcc16b9b5ce,2023-12-13T14:42:21.848000,received,kaspa:qyp8vk4us67xk78zu9yc3x4ptl9xff3vg820vvqzx7gec6nk62jl3pgfp3h7hy4,171000000,
b68ea44562969f6b71237205dc2b615f5cafc77eadf99e70624c8ebdd46e1298,2023-12-13T13:59:08.411000,received,kaspa:qyp8vk4us67xk78zu9yc3x4ptl9xff3vg820vvqzx7gec6nk62jl3pgfp3h7hy4,171000000,
d9baed601ae3bc761554b4da4b8d067a3f0d905e1ee6df7dd4378607c0a861ec,2023-12-13T13:26:05.880000,received,kaspa:qyp8vk4us67xk78zu9yc3x4ptl9xff3vg820vvqzx7gec6nk62jl3pgfp3h7hy4,171000000,
ab23fad76c587fbd795c63d5a49fdde874f35dd5e3e408839383715120ccb085,2023-12-13T13:04:21.609000,received,kaspa:qyp8vk4us67xk78zu9yc3x4ptl9xff3vg820vvqzx7gec6nk62jl3pgfp3h7hy4,171000000,
660c2a6b32cffc8a59347d30e0c7ac0b9407ce19d4920a39219aa3ddd9178b87,2023-12-13T12:15:06.169000,received,kaspa:qyp8vk4us67xk78zu9yc3x4ptl9xff3vg820vvqzx7gec6nk62jl3pgfp3h7hy4,171000000,
3ccb30ce663618a7309c9dfd20c54a2b0a741a385958517656f6be95003c5525,2023-12-13T12:13:50.755000,received,kaspa:qyp8vk4us67xk78zu9yc3x4ptl9xff3vg820vvqzx7gec6nk62jl3pgfp3h7hy4,171000000,
04abd0da15b324807beaea5ab025c21d89ce08f2ca43bcfb4da013d50c0a9fd4,2023-12-13T12:07:38.119000,received,kaspa:qyp8vk4us67xk78zu9yc3x4ptl9xff3vg820vvqzx7gec6nk62jl3pgfp3h7hy4,171000000,
36458f391c56ecdb1f824af62f06eea224ca814abb6215a951dcb94ce0359054,2023-12-13T11:56:21.109000,received,kaspa:qyp8vk4us67xk78zu9yc3x4ptl9xff3vg820vvqzx7gec6nk62jl3pgfp3h7hy4,171000000,
4fd6851a85abab5125c55ebbce6d35ce53e2c91d2a00c74750e4262c5a3b3e4b,2023-12-13T11:11:00.033000,received,kaspa:qyp8vk4us67xk78zu9yc3x4ptl9xff3vg820vvqzx7gec6nk62jl3pgfp3h7hy4,171000000,
df44bdb8c9bdf5d0e3433315e8275b83f95757bebf2a554c0c357b486c4ae10c,2023-12-13T10:57:55.532000,received,kaspa:qypxznxgupa8eac5m4a9tyzuaja0eguaas4q5aje0378z4yypf3u3rc34prk2qn,171000000,
308bae223a4bbb58dc791af558a4d29dd84ae3f0f28b8b64ac38ce6a802d11d4,2023-12-13T10:30:55.389000,received,kaspa:qypxznxgupa8eac5m4a9tyzuaja0eguaas4q5aje0378z4yypf3u3rc34prk2qn,171000000,
3124d3d3e2bfde8c0c788c0285de8f99be3a75c2e677d315e1046ca8daa09351,2023-12-13T10:18:54.310000,received,kaspa:qypxh795z50lqe9u3fqnmlwyw7fjgw5xsd0ey6ltg0t3qwvhfpuqakgrgux5h9d,171000000,
21ef765d4185d5a7179a6fbace1f90fa289e14630dbb1797376da6ee7f4e7290,2023-12-13T09:29:49.199000,received,kaspa:qyp0jd37dhx6sqrr682y6cme89gjn4quzpeuuu3y9c82drvcpnecjjcssx3qp4x,171000000,
d75e3d527be74eda3b578cc094e67e8d942a37315b2f40f4e11d69aa3e06a3c2,2023-12-13T07:48:56.945000,sent,kaspa:qp2n8m859p79cdutmrjhafn92sw77xz30wz6s8vh440hrd2qrsvxjcwzlla2p,10088410000,
d75e3d527be74eda3b578cc094e67e8d942a37315b2f40f4e11d69aa3e06a3c2,2023-12-13T07:48:56.945000,sent,kaspa:qp2n8m859p79cdutmrjhafn92sw77xz30wz6s8vh440hrd2qrsvxjcwzlla2p,10088410000,
d75e3d527be74eda3b578cc094e67e8d942a37315b2f40f4e11d69aa3e06a3c2,2023-12-13T07:48:56.945000,sent,kaspa:qp2n8m859p79cdutmrjhafn92sw77xz30wz6s8vh440hrd2qrsvxjcwzlla2p,10088410000,
d75e3d527be74eda3b578cc094e67e8d942a37315b2f40f4e11d69aa3e06a3c2,2023-12-13T07:48:56.945000,sent,kaspa:qp2n8m859p79cdutmrjhafn92sw77xz30wz6s8vh440hrd2qrsvxjcwzlla2p,10088410000,
d75e3d527be74eda3b578cc094e67e8d942a37315b2f40f4e11d69aa3e06a3c2,2023-12-13T07:48:56.945000,sent,kaspa:qp2n8m859p79cdutmrjhafn92sw77xz30wz6s8vh440hrd2qrsvxjcwzlla2p,10088410000,
d75e3d527be74eda3b578cc094e67e8d942a37315b2f40f4e11d69aa3e06a3c2,2023-12-13T07:48:56.945000,sent,kaspa:qp2n8m859p79cdutmrjhafn92sw77xz30wz6s8vh440hrd2qrsvxjcwzlla2p,10088410000,
d75e3d527be74eda3b578cc094e67e8d942a37315b2f40f4e11d69aa3e06a3c2,2023-12-13T07:48:56.945000,sent,kaspa:qp2n8m859p79cdutmrjhafn92sw77xz30wz6s8vh440hrd2qrsvxjcwzlla2p,10088410000,
d75e3d527be74eda3b578cc094e67e8d942a37315b2f40f4e11d69aa3e06a3c2,2023-12-13T07:48:56.945000,sent,kaspa:qp2n8m859p79cdutmrjhafn92sw77xz30wz6s8vh440hrd2qrsvxjcwzlla2p,10088410000,
d75e3d527be74eda3b578cc094e67e8d942a37315b2f40f4e11d69aa3e06a3c2,2023-12-13T07:48:56.945000,sent,kaspa:qp2n8m859p79cdutmrjhafn92sw77xz30wz6s8vh440hrd2qrsvxjcwzlla2p,10088410000,
d75e3d527be74eda3b578cc094e67e8d942a37315b2f40f4e11d69aa3e06a3c2,2023-12-13T07:48:56.945000,sent,kaspa:qp2n8m859p79cdutmrjhafn92sw77xz30wz6s8vh440hrd2qrsvxjcwzlla2p,10088410000,
d75e3d527be74eda3b578cc094e67e8d942a37315b2f40f4e11d69aa3e06a3c2,2023-12-13T07:48:56.945000,sent,kaspa:qp2n8m859p79cdutmrjhafn92sw77xz30wz6s8vh440hrd2qrsvxjcwzlla2p,10088410000,
d75e3d527be74eda3b578cc094e67e8d942a37315b2f40f4e11d69aa3e06a3c2,2023-12-13T07:48:56.945000,sent,kaspa:qp2n8m859p79cdutmrjhafn92sw77xz30wz6s8vh440hrd2qrsvxjcwzlla2p,10088410000,
d75e3d527be74eda3b578cc094e67e8d942a37315b2f40f4e11d69aa3e06a3c2,2023-12-13T07:48:56.945000,sent,kaspa:qp2n8m859p79cdutmrjhafn92sw77xz30wz6s8vh440hrd2qrsvxjcwzlla2p,10088410000,
d75e3d527be74eda3b578cc094e67e8d942a37315b2f40f4e11d69aa3e06a3c2,2023-12-13T07:48:56.945000,sent,kaspa:qp2n8m859p79cdutmrjhafn92sw77xz30wz6s8vh440hrd2qrsvxjcwzlla2p,10088410000,
d75e3d527be74eda3b578cc094e67e8d942a37315b2f40f4e11d69aa3e06a3c2,2023-12-13T07:48:56.945000,sent,kaspa:qp2n8m859p79cdutmrjhafn92sw77xz30wz6s8vh440hrd2qrsvxjcwzlla2p,10088410000,
d75e3d527be74eda3b578cc094e67e8d942a37315b2f40f4e11d69aa3e06a3c2,2023-12-13T07:48:56.945000,sent,kaspa:qp2n8m859p79cdutmrjhafn92sw77xz30wz6s8vh440hrd2qrsvxjcwzlla2p,10088410000,
d75e3d527be74eda3b578cc094e67e8d942a37315b2f40f4e11d69aa3e06a3c2,2023-12-13T07:48:56.945000,sent,kaspa:qp2n8m859p79cdutmrjhafn92sw77xz30wz6s8vh440hrd2qrsvxjcwzlla2p,10088410000,
d75e3d527be74eda3b578cc094e67e8d942a37315b2f40f4e11d69aa3e06a3c2,2023-12-13T07:48:56.945000,sent,kaspa:qp2n8m859p79cdutmrjhafn92sw77xz30wz6s8vh440hrd2qrsvxjcwzlla2p,10088410000,
d75e3d527be74eda3b578cc094e67e8d942a37315b2f40f4e11d69aa3e06a3c2,2023-12-13T07:48:56.945000,sent,kaspa:qp2n8m859p79cdutmrjhafn92sw77xz30wz6s8vh440hrd2qrsvxjcwzlla2p,10088410000,
d75e3d527be74eda3b578cc094e67e8d942a37315b2f40f4e11d69aa3e06a3c2,2023-12-13T07:48:56.945000,sent,kaspa:qp2n8m859p79cdutmrjhafn92sw77xz30wz6s8vh440hrd2qrsvxjcwzlla2p,10088410000,
d75e3d527be74eda3b578cc094e67e8d942a37315b2f40f4e11d69aa3e06a3c2,2023-12-13T07:48:56.945000,sent,kaspa:qp2n8m859p79cdutmrjhafn92sw77xz30wz6s8vh440hrd2qrsvxjcwzlla2p,10088410000,
d75e3d527be74eda3b578cc094e67e8d942a37315b2f40f4e11d69aa3e06a3c2,2023-12-13T07:48:56.945000,sent,kaspa:qp2n8m859p79cdutmrjhafn92sw77xz30wz6s8vh440hrd2qrsvxjcwzlla2p,10088410000,
d75e3d527be74eda3b578cc094e67e8d942a37315b2f40f4e11d69aa3e06a3c2,2023-12-13T07:48:56.945000,sent,kaspa:qp2n8m859p79cdutmrjhafn92sw77xz30wz6s8vh440hrd2qrsvxjcwzlla2p,10088410000,
d75e3d527be74eda3b578cc094e67e8d942a37315b2f40f4e11d69aa3e06a3c2,2023-12-13T07:48:56.945000,sent,kaspa:qp2n8m859p79cdutmrjhafn92sw77xz30wz6s8vh440hrd2qrsvxjcwzlla2p,10088410000,
d75e3d527be74eda3b578cc094e67e8d942a37315b2f40f4e11d69aa3e06a3c2,2023-12-13T07:48:56.945000,sent,kaspa:qp2n8m859p79cdutmrjhafn92sw77xz30wz6s8vh440hrd2qrsvxjcwzlla2p,10088410000,
d75e3d527be74eda3b578cc094e67e8d942a37315b2f40f4e11d69aa3e06a3c2,2023-12-13T07:48:56.945000,sent,kaspa:qp2n8m859p79cdutmrjhafn92sw77xz30wz6s8vh440hrd2qrsvxjcwzlla2p,10088410000,
d75e3d527be74eda3b578cc094e67e8d942a37315b2f40f4e11d69aa3e06a3c2,2023-12-13T07:48:56.945000,sent,kaspa:qp2n8m859p79cdutmrjhafn92sw77xz30wz6s8vh440hrd2qrsvxjcwzlla2p,10088410000,
d75e3d527be74eda3b578cc094e67e8d942a37315b2f40f4e11d69aa3e06a3c2,2023-12-13T07:48:56.945000,sent,kaspa:qp2n8m859p79cdutmrjhafn92sw77xz30wz6s8vh440hrd2qrsvxjcwzlla2p,10088410000,
d75e3d527be74eda3b578cc094e67e8d942a37315b2f40f4e11d69aa3e06a3c2,2023-12-13T07:48:56.945000,sent,kaspa:qp2n8m859p79cdutmrjhafn92sw77xz30wz6s8vh440hrd2qrsvxjcwzlla2p,10088410000,
d75e3d527be74eda3b578cc094e67e8d942a37315b2f40f4e11d69aa3e06a3c2,2023-12-13T07:48:56.945000,sent,kaspa:qp2n8m859p79cdutmrjhafn92sw77xz30wz6s8vh440hrd2qrsvxjcwzlla2p,10088410000,
d75e3d527be74eda3b578cc094e67e8d942a37315b2f40f4e11d69aa3e06a3c2,2023-12-13T07:48:56.945000,sent,kaspa:qp2n8m859p79cdutmrjhafn92sw77xz30wz6s8vh440hrd2qrsvxjcwzlla2p,10088410000,
d75e3d527be74eda3b578cc094e67e8d942a37315b2f40f4e11d69aa3e06a3c2,2023-12-13T07:48:56.945000,sent,kaspa:qp2n8m859p79cdutmrjhafn92sw77xz30wz6s8vh440hrd2qrsvxjcwzlla2p,10088410000,
d75e3d527be74eda3b578cc094e67e8d942a37315b2f40f4e11d69aa3e06a3c2,2023-12-13T07:48:56.945000,sent,kaspa:qp2n8m859p79cdutmrjhafn92sw77xz30wz6s8vh440hrd2qrsvxjcwzlla2p,10088410000,
d75e3d527be74eda3b578cc094e67e8d942a37315b2f40f4e11d69aa3e06a3c2,2023-12-13T07:48:56.945000,sent,kaspa:qp2n8m859p79cdutmrjhafn92sw77xz30wz6s8vh440hrd2qrsvxjcwzlla2p,10088410000,
d75e3d527be74eda3b578cc094e67e8d942a37315b2f40f4e11d69aa3e06a3c2,2023-12-13T07:48:56.945000,sent,kaspa:qp2n8m859p79cdutmrjhafn92sw77xz30wz6s8vh440hrd2qrsvxjcwzlla2p,10088410000,
d75e3d527be74eda3b578cc094e67e8d942a37315b2f40f4e11d69aa3e06a3c2,2023-12-13T07:48:56.945000,sent,kaspa:qp2n8m859p79cdutmrjhafn92sw77xz30wz6s8vh440hrd2qrsvxjcwzlla2p,10088410000,
d75e3d527be74eda3b578cc094e67e8d942a37315b2f40f4e11d69aa3e06a3c2,2023-12-13T07:48:56.945000,sent,kaspa:qp2n8m859p79cdutmrjhafn92sw77xz30wz6s8vh440hrd2qrsvxjcwzlla2p,10088410000,
d75e3d527be74eda3b578cc094e67e8d942a37315b2f40f4e11d69aa3e06a3c2,2023-12-13T07:48:56.945000,sent,kaspa:qp2n8m859p79cdutmrjhafn92sw77xz30wz6s8vh440hrd2qrsvxjcwzlla2p,10088410000,
d75e3d527be74eda3b578cc094e67e8d942a37315b2f40f4e11d69aa3e06a3c2,2023-12-13T07:48:56.945000,sent,kaspa:qp2n8m859p79cdutmrjhafn92sw77xz30wz6s8vh440hrd2qrsvxjcwzlla2p,10088410000,
d75e3d527be74eda3b578cc094e67e8d942a37315b2f40f4e11d69aa3e06a3c2,2023-12-13T07:48:56.945000,sent,kaspa:qp2n8m859p79cdutmrjhafn92sw77xz30wz6s8vh440hrd2qrsvxjcwzlla2p,10088410000,
d75e3d527be74eda3b578cc094e67e8d942a37315b2f40f4e11d69aa3e06a3c2,2023-12-13T07:48:56.945000,sent,kaspa:qp2n8m859p79cdutmrjhafn92sw77xz30wz6s8vh440hrd2qrsvxjcwzlla2p,10088410000,
d75e3d527be74eda3b578cc094e67e8d942a37315b2f40f4e11d69aa3e06a3c2,2023-12-13T07:48:56.945000,sent,kaspa:qp2n8m859p79cdutmrjhafn92sw77xz30wz6s8vh440hrd2qrsvxjcwzlla2p,10088410000,
d75e3d527be74eda3b578cc094e67e8d942a37315b2f40f4e11d69aa3e06a3c2,2023-12-13T07:48:56.945000,sent,kaspa:qp2n8m859p79cdutmrjhafn92sw77xz30wz6s8vh440hrd2qrsvxjcwzlla2p,10088410000,
d75e3d527be74eda3b578cc094e67e8d942a37315b2f40f4e11d69aa3e06a3c2,2023-12-13T07:48:56.945000,sent,kaspa:qp2n8m859p79cdutmrjhafn92sw77xz30wz6s8vh440hrd2qrsvxjcwzlla2p,10088410000,
d75e3d527be74eda3b578cc094e67e8d942a37315b2f40f4e11d69aa3e06a3c2,2023-12-13T07:48:56.945000,sent,kaspa:qp2n8m859p79cdutmrjhafn92sw77xz30wz6s8vh440hrd2qrsvxjcwzlla2p,10088410000,
d75e3d527be74eda3b578cc094e67e8d942a37315b2f40f4e11d69aa3e06a3c2,2023-12-13T07:48:56.945000,sent,kaspa:qp2n8m859p79cdutmrjhafn92sw77xz30wz6s8vh440hrd2qrsvxjcwzlla2p,10088410000,
d75e3d527be74eda3b578cc094e67e8d942a37315b2f40f4e11d69aa3e06a3c2,2023-12-13T07:48:56.945000,sent,kaspa:qp2n8m859p79cdutmrjhafn92sw77xz30wz6s8vh440hrd2qrsvxjcwzlla2p,10088410000,
d75e3d527be74eda3b578cc094e67e8d942a37315b2f40f4e11d69aa3e06a3c2,2023-12-13T07:48:56.945000,sent,kaspa:qp2n8m859p79cdutmrjhafn92sw77xz30wz6s8vh440hrd2qrsvxjcwzlla2p,10088410000,
d75e3d527be74eda3b578cc094e67e8d942a37315b2f40f4e11d69aa3e06a3c2,2023-12-13T07:48:56.945000,sent,kaspa:qp2n8m859p79cdutmrjhafn92sw77xz30wz6s8vh440hrd2qrsvxjcwzlla2p,10088410000,
d75e3d527be74eda3b578cc094e67e8d942a37315b2f40f4e11d69aa3e06a3c2,2023-12-13T07:48:56.945000,sent,kaspa:qp2n8m859p79cdutmrjhafn92sw77xz30wz6s8vh440hrd2qrsvxjcwzlla2p,10088410000,
d75e3d527be74eda3b578cc094e67e8d942a37315b2f40f4e11d69aa3e06a3c2,2023-12-13T07:48:56.945000,sent,kaspa:qp2n8m859p79cdutmrjhafn92sw77xz30wz6s8vh440hrd2qrsvxjcwzlla2p,10088410000,
d75e3d527be74eda3b578cc094e67e8d942a37315b2f40f4e11d69aa3e06a3c2,2023-12-13T07:48:56.945000,sent,kaspa:qp2n8m859p79cdutmrjhafn92sw77xz30wz6s8vh440hrd2qrsvxjcwzlla2p,10088410000,
d75e3d527be74eda3b578cc094e67e8d942a37315b2f40f4e11d69aa3e06a3c2,2023-12-13T07:48:56.945000,sent,kaspa:qp2n8m859p79cdutmrjhafn92sw77xz30wz6s8vh440hrd2qrsvxjcwzlla2p,10088410000,
d75e3d527be74eda3b578cc094e67e8d942a37315b2f40f4e11d69aa3e06a3c2,2023-12-13T07:48:56.945000,sent,kaspa:qp2n8m859p79cdutmrjhafn92sw77xz30wz6s8vh440hrd2qrsvxjcwzlla2p,10088410000,
d75e3d527be74eda3b578cc094e67e8d942a37315b2f40f4e11d69aa3e06a3c2,2023-12-13T07:48:56.945000,sent,kaspa:qp2n8m859p79cdutmrjhafn92sw77xz30wz6s8vh440hrd2qrsvxjcwzlla2p,10088410000,
d75e3d527be74eda3b578cc094e67e8d942a37315b2f40f4e11d69aa3e06a3c2,2023-12-13T07:48:56.945000,sent,kaspa:qp2n8m859p79cdutmrjhafn92sw77xz30wz6s8vh440hrd2qrsvxjcwzlla2p,10088410000,
d75e3d527be74eda3b578cc094e67e8d942a37315b2f40f4e11d69aa3e06a3c2,2023-12-13T07:48:56.945000,sent,kaspa:qp2n8m859p79cdutmrjhafn92sw77xz30wz6s8vh440hrd2qrsvxjcwzlla2p,10088410000,
d75e3d527be74eda3b578cc094e67e8d942a37315b2f40f4e11d69aa3e06a3c2,2023-12-13T07:48:56.945000,sent,kaspa:qp2n8m859p79cdutmrjhafn92sw77xz30wz6s8vh440hrd2qrsvxjcwzlla2p,10088410000,
d75e3d527be74eda3b578cc094e67e8d942a37315b2f40f4e11d69aa3e06a3c2,2023-12-13T07:48:56.945000,sent,kaspa:qp2n8m859p79cdutmrjhafn92sw77xz30wz6s8vh440hrd2qrsvxjcwzlla2p,10088410000,
5cfa9a90d94f6428246469c8c69b8aea7a1a42be9eb2aa907efe12317ef5620b,2023-12-13T06:56:02.239000,received,kaspa:qyp0jd37dhx6sqrr682y6cme89gjn4quzpeuuu3y9c82drvcpnecjjcssx3qp4x,171000000,
8562285a69313c9d35a87fb413282731f9d053d8482ecca641c78ee1c8629dd6,2023-12-13T06:54:16.234000,received,kaspa:qyp9pslfu0q8wn2h0psl2k0dnexe5n68ydj72dl76ws6xslaxp475zgp2323uud,171000000,
39e90909fcaa95bed3dd927dc5afed1cc3167922f2021a16e406f07f66f29908,2023-12-13T06:52:13.766000,received,kaspa:qyphjdfspkrm9wh3vhcwrjvgkcp9m8magzyjnrchf54yez3ht9p2rzgf26qpgxz,171000000,
d029f451e11c192fcb26867078637db3699b76fda6abf6595e3d59943875cf43,2023-12-13T06:46:09.551000,received,kaspa:qypdv6v6mdm8sme0ryuw06axg22uqz3szzrs3jdadje2z2uqszhgm2q6rvux8k8,171000000,
6cc249b827a37b738a251311bd8e076caada597a5da89bc87060e4565ae75349,2023-12-13T06:44:12.358000,received,kaspa:qyplygdysxukhd27ua75kjvmvs8j04dz0apehqpgudgez74zym5jauqpt8f52gc,171000000,
43e6b1f93078505ca5ea60ed46fc5d9c217a89ead43ce81085a542cfc49e4c21,2023-12-13T06:41:29.045000,received,kaspa:qypkgqkmfhc6flcfwlh05dep6cgx686vnuszmee3sm262t808k2eazcjmalx6k8,171000000,
a8ad5d233bcc6b742eb88f55628b5c43ffe27e78c1fddff572fcfa9c2cc99b46,2023-12-13T06:39:49.926000,received,kaspa:qyprcjlnm6na4u2gkg476zv2qyl0vqvwssyj8zqrfxsvk0k8vyaha5stj42hf4h,171000000,
e1ad7586072177a8bfef9b22d328e015a2fbaef02edd4d57e4516ad11d1d4886,2023-12-13T06:36:53.114000,received,kaspa:qypl86lat3lsadpv20ywkl4he24sj5klmvdsm4k30ndlmyq63g8fcaqgn725vdv,171000000,
e0ef57e0c9e38925ddcd759109ccc2f71438ceccb50a657dc505043940ccb13c,2023-12-13T06:36:05.600000,received,kaspa:qypqhwaag39ahn934e9njgp5uuzr7zxgcwtqpzwrkehmxrgl608urmg4e9n5dh0,171000000,
50250ed4bf8c805e797893d6713a9c7eefd5313b6a4b2317037f4876254a58b4,2023-12-13T06:34:45.233000,received,kaspa:qype3mfd4s9y9lvc9qfprut60upxh2p2d424sq3ahymsg40m3yyhnfgpgyqxkn7,171000000,
12a64bd33546ee8b27ddb9f5363dca968edb6fc8c4fc57e8bdf0d5336f2632e7,2023-12-13T06:33:46.296000,received,kaspa:qypamkqlgmq5vuvdg4q6wghkecpvfd5y7yfmmgy4xz09hfgrajla6tg5xqdffl8,171000000,
df40af3162aa06ce5eb1376409a0082fb8bde24159dba3864533914bf7d241fd,2023-12-13T06:31:55.204000,received,kaspa:qype3mfd4s9y9lvc9qfprut60upxh2p2d424sq3ahymsg40m3yyhnfgpgyqxkn7,171000000,
5c93cfa5d5871ffc663e3e497bee7fa31810528c7400fda36e662f3f90f1542c,2023-12-13T06:29:51.077000,received,kaspa:qypwcme2wrftxsx5v9j6gtqcdt6lekdmlgny7uy2c65g58usa2pknqch006uh92,171000000,
6bab9a388d7d60ec33bc29d8bd70860ff59444ccf3372d0834a4a0ff52fb5007,2023-12-13T06:27:38.376000,received,kaspa:qyp3tqm6gwk4ysnttvtq2haz8ffmpd62mcjj5dcz9jqg3lm58jpxrrqya7l88kj,171000000,
37625870268d808ed2ce4e8b30ee5fd748693bd669c6cfa267fca3e1646f4de7,2023-12-13T06:25:51.318000,received,kaspa:qyp0jd37dhx6sqrr682y6cme89gjn4quzpeuuu3y9c82drvcpnecjjcssx3qp4x,171000000,
e3c90a6254b38c4b7d1b8854355445c47d1bdb732fc53730b8c0083ba042dbc4,2023-12-13T06:23:02.872000,received,kaspa:qyp4shc2j2r2dvsn2kqplylp5dkjav6s89yr5096wfyjr75h5y4q6uq2rg3x5c8,171000000,
8dfced003aeda1db9f76e49b48429f091facbed64999574c04f8843ff8503d38,2023-12-13T06:19:54.746000,received,kaspa:qyp0m9genxg0q72e6ejem4nhu6nv8mya886g76ays3s8q9499nnj0dc0wepjlw5,171000000,
59c87cad80ed92fd55d2c7ed93695f5680debacda5d2ea1b162d1c9ec9a526c6,2023-12-13T06:16:54.836000,received,kaspa:qyplygdysxukhd27ua75kjvmvs8j04dz0apehqpgudgez74zym5jauqpt8f52gc,171000000,
b7c86f68f8c5c603cf20c2da4eef8106706c058d51ad5d6d98aadaee2a4b7317,2023-12-13T06:13:51.427000,received,kaspa:qypqhwaag39ahn934e9njgp5uuzr7zxgcwtqpzwrkehmxrgl608urmg4e9n5dh0,171000000,
7bfcfa35a09634d9603d68fa6de9e3c26d25f599bdbe553baf34bdb22784d319,2023-12-13T06:10:32.830000,received,kaspa:qyp8vk4us67xk78zu9yc3x4ptl9xff3vg820vvqzx7gec6nk62jl3pgfp3h7hy4,171000000,
1fb6a14790d4bd8f1196e9d241b4589b1966e90aedabc449bb77846e1599f5e4,2023-12-13T06:04:44.121000,received,kaspa:qyp4shc2j2r2dvsn2kqplylp5dkjav6s89yr5096wfyjr75h5y4q6uq2rg3x5c8,171000000,
ac278311983aef0b82c5f6e0aae8f2549ceeac850dd20bbbc5f133c52d9d078b,2023-12-13T06:00:46.627000,received,kaspa:qypdv6v6mdm8sme0ryuw06axg22uqz3szzrs3jdadje2z2uqszhgm2q6rvux8k8,171000000,
2f6341dc2960763574a60b61cba607378bd83d2250e4c6058f3b0525fce4489e,2023-12-13T01:03:23.658000,received,kaspa:qypqhwaag39ahn934e9njgp5uuzr7zxgcwtqpzwrkehmxrgl608urmg4e9n5dh0,171000000,
79cd87b8a2c7d648c3bc0a742dc795c1ccda88299a452c0ed134fbe78115d6bb,2023-12-13T00:21:00.502000,received,kaspa:qypqhwaag39ahn934e9njgp5uuzr7zxgcwtqpzwrkehmxrgl608urmg4e9n5dh0,171000000,
0d927863b5bf1e026ff80dd938d875290694f82adabf02a9507327e5edc100ae,2023-12-13T00:08:52.056000,received,kaspa:qyp9pslfu0q8wn2h0psl2k0dnexe5n68ydj72dl76ws6xslaxp475zgp2323uud,171000000,
d2eb74c18b227dd2e0706fe9eb776f21ca9ad6cd9e9f443964c50dcedb990beb,2023-12-13T00:03:46.222000,received,kaspa:qyphjdfspkrm9wh3vhcwrjvgkcp9m8magzyjnrchf54yez3ht9p2rzgf26qpgxz,171000000,
0b0f352995e94ee2521c44be0dd03ad64ebbe814033b7c0add62a9cfd6702e3d,2023-12-12T22:33:20.369000,received,kaspa:qypdv6v6mdm8sme0ryuw06axg22uqz3szzrs3jdadje2z2uqszhgm2q6rvux8k8,171000000,
27befb42e01d2fa54ab3dd8cf591c16f592808c27db3779800b329e61990a184,2023-12-12T22:10:33.889000,received,kaspa:qypj4mpmfnmte39866f8ttexwhf0z3vql0qnz3agfmtgjdqjrfdg6mq6dfv0rpk,171000000,
4fa6b1dc788c135823597fb5325c5b883c94e239932df9bdd6846125fde330ea,2023-12-12T21:21:01.073000,received,kaspa:qypxh795z50lqe9u3fqnmlwyw7fjgw5xsd0ey6ltg0t3qwvhfpuqakgrgux5h9d,171000000,
f6fa71486c56c56d8da4c19de406adbc37264d66456a1dc010260dd3a13d5106,2023-12-12T21:18:51.434000,received,kaspa:qypamkqlgmq5vuvdg4q6wghkecpvfd5y7yfmmgy4xz09hfgrajla6tg5xqdffl8,171000000,
127c877f3ca840c78e6d2337f67341ccb56ddf952da6584a8e47b8c599575418,2023-12-12T21:16:34.059000,received,kaspa:qypkgqkmfhc6flcfwlh05dep6cgx686vnuszmee3sm262t808k2eazcjmalx6k8,171000000,
f1e5b03270c7eb72615201f3eeee4bce8d7d7bac166d69a7881e9e98a6f3cdfd,2023-12-12T21:14:54.523000,received,kaspa:qypxznxgupa8eac5m4a9tyzuaja0eguaas4q5aje0378z4yypf3u3rc34prk2qn,171000000,
61f123a1af9fead99dcf4fceef6cb57b9fb0cc7bfd10b3e9b75bb825e61ed1e3,2023-12-12T21:13:11.737000,received,kaspa:qypxznxgupa8eac5m4a9tyzuaja0eguaas4q5aje0378z4yypf3u3rc34prk2qn,171000000,
f0c75b90e71a98f7aa433c3bc45b588a595c6679093a675d347c16130a273f35,2023-12-12T21:10:03.469000,received,kaspa:qypdv6v6mdm8sme0ryuw06axg22uqz3szzrs3jdadje2z2uqszhgm2q6rvux8k8,171000000,
9a4bbea9ae49c043ebed168013dd03206eddb1b0b4d64f1bad5d9140a1b35b80,2023-12-12T21:06:38.719000,received,kaspa:qypqhwaag39ahn934e9njgp5uuzr7zxgcwtqpzwrkehmxrgl608urmg4e9n5dh0,171000000,
2d7c9a33acd9dab028a6f027157395296be6726e1ad978ee84367f5ffe394b46,2023-12-12T20:45:59.707000,received,kaspa:qypswxtcrv4ssyjaswy5w9387vq73mkuyq85tl34cee6qn5uexqy0csgnafnjx7,171000000,
4b645bf671d61e778bc84d6d7188b002ff6c56975f555bce61581dbaec9b27c6,2023-12-12T20:38:01.786000,received,kaspa:qyp8vk4us67xk78zu9yc3x4ptl9xff3vg820vvqzx7gec6nk62jl3pgfp3h7hy4,171000000,
e5a3cf9c5d129c82a207fe779dec66677afabbd102a7f7ca88470d3678716f5d,2023-12-12T20:29:20.537000,received,kaspa:qyp2y2afskgrk04gsaktpgcwqs50g3ucp9k6yw3gzq383zlggeqm7dgpuu0kdj9,171000000,
21b0b9350eeab46550e36d3a981395861b9983239fa582cd6eb5ab54007ddebe,2023-12-12T20:25:21.858000,received,kaspa:qyp0m9genxg0q72e6ejem4nhu6nv8mya886g76ays3s8q9499nnj0dc0wepjlw5,171000000,
48b8d7e1f282273356cec9fc5acb4cd80290a2ddf8a7a795edce0f7415ab70b5,2023-12-12T20:19:42.129000,received,kaspa:qyp8vk4us67xk78zu9yc3x4ptl9xff3vg820vvqzx7gec6nk62jl3pgfp3h7hy4,171000000,
0781c9894c470ec2ca4ad19be12f44171024509034c97b697b1680863572bd1d,2023-12-12T20:12:12.988000,received,kaspa:qyp2y2afskgrk04gsaktpgcwqs50g3ucp9k6yw3gzq383zlggeqm7dgpuu0kdj9,171000000,
eda77374959f29ea86533f737e0c9c67aff0139eb5f2b15589206fbba64bd93d,2023-12-12T20:05:41.984000,received,kaspa:qypamkqlgmq5vuvdg4q6wghkecpvfd5y7yfmmgy4xz09hfgrajla6tg5xqdffl8,171000000,
d0df831d1f5f4570594a5ab1e3c781d2142b85e2c6990b82224da659afae124c,2023-12-12T20:00:37.666000,received,kaspa:qypwcme2wrftxsx5v9j6gtqcdt6lekdmlgny7uy2c65g58usa2pknqch006uh92,171000000,
854bf201ce743e7934ccef3f9ca10a002bbb1bfd630b6c554e43c51050f6c92e,2023-12-12T19:54:19.536000,received,kaspa:qypkgqkmfhc6flcfwlh05dep6cgx686vnuszmee3sm262t808k2eazcjmalx6k8,171000000,
73ea5c3f92038de4ae075efe15392b419570609c70ec2f70b58965667fc6658c,2023-12-12T19:52:02.968000,received,kaspa:qypl6a6nm0hqlpqz5k628yrc59vl9gpx5ulqwxsr36pua75u9gevxhgq8nrc0km,171000000,
e158438a73e6ecc39b337f00b915f642146fe5b46760f09c5af59f8344f88a04,2023-12-12T19:48:17.665000,received,kaspa:qypxh795z50lqe9u3fqnmlwyw7fjgw5xsd0ey6ltg0t3qwvhfpuqakgrgux5h9d,171000000,
1c0c272d110930baa9cae9b28979849f3f1c91ba3478ca199e655fe3f6fc44f0,2023-12-12T19:45:17.341000,received,kaspa:qyp7pdnl7lcvupjaqrq07jgytn27yctey22a0l4hj6yy6w8ujauzzeg3wyd5jt4,171000000,
080c697d143e905c046df0398a310316d0d5384eb67e2025342b42841f54d60c,2023-12-12T19:42:31.099000,received,kaspa:qype3mfd4s9y9lvc9qfprut60upxh2p2d424sq3ahymsg40m3yyhnfgpgyqxkn7,171000000,
80969167b377994a5da932a9bbaf8241c697b1fb81568ed75ded7af5215b840a,2023-12-12T18:06:33.749000,received,kaspa:qyp09jwvzzyp0g4fdep2d2fekeh7gss2cd4mnug4jc5uel6xflyzw8csmlsjrqg,171000000,
324b2bc8ed6f7fec453373804fa94f1d9a30031c10311eaab2e0d9c5a962aa36,2023-12-12T18:01:29.534000,received,kaspa:qypl86lat3lsadpv20ywkl4he24sj5klmvdsm4k30ndlmyq63g8fcaqgn725vdv,171000000,
b64211576efb2edc0e6e6bdc2e4a254d3012b8834b7130dd461ed25110010ed1,2023-12-12T17:55:20.153000,received,kaspa:qypl6a6nm0hqlpqz5k628yrc59vl9gpx5ulqwxsr36pua75u9gevxhgq8nrc0km,171000000,
ffc0bff36b61c3e9564835687183d071b6c95ae505371a146d76d69955f9eda6,2023-12-12T17:48:44.233000,received,kaspa:qyp09jwvzzyp0g4fdep2d2fekeh7gss2cd4mnug4jc5uel6xflyzw8csmlsjrqg,171000000,
3b5cead9fd454304e7281a6d8039d81ffe74541bc7217923669d55f525ce2e82,2023-12-12T17:43:18.097000,received,kaspa:qyp3tqm6gwk4ysnttvtq2haz8ffmpd62mcjj5dcz9jqg3lm58jpxrrqya7l88kj,171000000,
2082aeda286db89dfd0c8eb153569023ab54ea7daaf602af58ae46e96341a65a,2023-12-12T17:35:14.157000,received,kaspa:qyp70qht6pjqk2yl6cwl2n296pgcnwmtj8w0clcle08m5p8yu4tg7kgvv4n0qrg,171000000,
16b9193b67db9fba2398395e82f36dbedc5872e8a63706978998c8b0b9886e91,2023-12-12T17:30:17.491000,received,kaspa:qypj4mpmfnmte39866f8ttexwhf0z3vql0qnz3agfmtgjdqjrfdg6mq6dfv0rpk,171000000,
42122b3e5a48efc424e6b7b7957af12cbd30bc7e070c80217a211976032979ea,2023-12-12T17:24:08.990000,received,kaspa:qypamkqlgmq5vuvdg4q6wghkecpvfd5y7yfmmgy4xz09hfgrajla6tg5xqdffl8,171000000,
561850287ac82957b0e6fd2b42ccccea8d3c0f6a1c8785e767d28f47afeb8d0a,2023-12-12T17:18:17.758000,received,kaspa:qyprcjlnm6na4u2gkg476zv2qyl0vqvwssyj8zqrfxsvk0k8vyaha5stj42hf4h,171000000,
e28e18da4596134b89ce213eb0f0b087a293cd5657dff3545743ec579a4e7e13,2023-12-12T17:15:33.225000,received,kaspa:qyphjdfspkrm9wh3vhcwrjvgkcp9m8magzyjnrchf54yez3ht9p2rzgf26qpgxz,171000000,
61e03e18825c4b71a304f12fa6ffa8c142c2fa6c13faba73f5e0528903643bf2,2023-12-12T17:12:46.256000,received,kaspa:qyphjdfspkrm9wh3vhcwrjvgkcp9m8magzyjnrchf54yez3ht9p2rzgf26qpgxz,171000000,
b6ee849f6779008deb2c4b72915726391acdd20c5401bc1c480b3397a8dd48bf,2023-12-12T15:12:00.896000,sent,kaspa:qp2n8m859p79cdutmrjhafn92sw77xz30wz6s8vh440hrd2qrsvxjcwzlla2p,1538910000,
b6ee849f6779008deb2c4b72915726391acdd20c5401bc1c480b3397a8dd48bf,2023-12-12T15:12:00.896000,sent,kaspa:qp2n8m859p79cdutmrjhafn92sw77xz30wz6s8vh440hrd2qrsvxjcwzlla2p,1538910000,
b6ee849f6779008deb2c4b72915726391acdd20c5401bc1c480b3397a8dd48bf,2023-12-12T15:12:00.896000,sent,kaspa:qp2n8m859p79cdutmrjhafn92sw77xz30wz6s8vh440hrd2qrsvxjcwzlla2p,1538910000,
b6ee849f6779008deb2c4b72915726391acdd20c5401bc1c480b3397a8dd48bf,2023-12-12T15:12:00.896000,sent,kaspa:qp2n8m859p79cdutmrjhafn92sw77xz30wz6s8vh440hrd2qrsvxjcwzlla2p,1538910000,
b6ee849f6779008deb2c4b72915726391acdd20c5401bc1c480b3397a8dd48bf,2023-12-12T15:12:00.896000,sent,kaspa:qp2n8m859p79cdutmrjhafn92sw77xz30wz6s8vh440hrd2qrsvxjcwzlla2p,1538910000,
b6ee849f6779008deb2c4b72915726391acdd20c5401bc1c480b3397a8dd48bf,2023-12-12T15:12:00.896000,sent,kaspa:qp2n8m859p79cdutmrjhafn92sw77xz30wz6s8vh440hrd2qrsvxjcwzlla2p,1538910000,
b6ee849f6779008deb2c4b72915726391acdd20c5401bc1c480b3397a8dd48bf,2023-12-12T15:12:00.896000,sent,kaspa:qp2n8m859p79cdutmrjhafn92sw77xz30wz6s8vh440hrd2qrsvxjcwzlla2p,1538910000,
b6ee849f6779008deb2c4b72915726391acdd20c5401bc1c480b3397a8dd48bf,2023-12-12T15:12:00.896000,sent,kaspa:qp2n8m859p79cdutmrjhafn92sw77xz30wz6s8vh440hrd2qrsvxjcwzlla2p,1538910000,
b6ee849f6779008deb2c4b72915726391acdd20c5401bc1c480b3397a8dd48bf,2023-12-12T15:12:00.896000,sent,kaspa:qp2n8m859p79cdutmrjhafn92sw77xz30wz6s8vh440hrd2qrsvxjcwzlla2p,1538910000,
fdd462dd9c3b3babb2e00599d6dce7f42269e2e38bf2d6aedab0423bc6126b3d,2023-12-12T11:34:23.770000,received,kaspa:qyplygdysxukhd27ua75kjvmvs8j04dz0apehqpgudgez74zym5jauqpt8f52gc,171000000,
10d97c499694814e5bceef55834a302653fdf96f125c4399fa608bba404cc66a,2023-12-12T11:16:19.092000,received,kaspa:qyp2y2afskgrk04gsaktpgcwqs50g3ucp9k6yw3gzq383zlggeqm7dgpuu0kdj9,171000000,
0cd0f2ce5b82dc38aaaa77e5756224c386d3f9d495bbb93263fbc7aee31dd463,2023-12-12T11:00:55.725000,received,kaspa:qyplygdysxukhd27ua75kjvmvs8j04dz0apehqpgudgez74zym5jauqpt8f52gc,171000000,
12337e40946e7971285f2254eebf51b7d319d93009b2f1620f98ef70ed423310,2023-12-12T10:19:26.043000,received,kaspa:qypkgqkmfhc6flcfwlh05dep6cgx686vnuszmee3sm262t808k2eazcjmalx6k8,171000000,
03eff0f4c3e65971f7aa5b4af97f11fadd6bee268af6f226bf675b73e97e8569,2023-12-12T10:15:33.383000,received,kaspa:qyp09jwvzzyp0g4fdep2d2fekeh7gss2cd4mnug4jc5uel6xflyzw8csmlsjrqg,171000000,
1a62e00bfd87f322a0000e871b4ae694755061e6a445b87cdb691bf9cd059ec5,2023-12-12T10:01:05.780000,received,kaspa:qypwcme2wrftxsx5v9j6gtqcdt6lekdmlgny7uy2c65g58usa2pknqch006uh92,171000000,
af52e12f2bd3d0da8b479fc5adfce9415d9cdcc276d28b085dcaad4df31050ce,2023-12-12T09:42:41.906000,received,kaspa:qyprcjlnm6na4u2gkg476zv2qyl0vqvwssyj8zqrfxsvk0k8vyaha5stj42hf4h,171000000,
9337976470fbae7427042116a613a791b8d37a10a7e4826db6f2a341f47aa3d9,2023-12-12T09:36:49.131000,received,kaspa:qypl86lat3lsadpv20ywkl4he24sj5klmvdsm4k30ndlmyq63g8fcaqgn725vdv,171000000,
f1ce8aac518271a555acf49868ef38052dfb372ab51099fc5b7f4066eb31f370,2023-12-12T09:23:23.478000,received,kaspa:qypamkqlgmq5vuvdg4q6wghkecpvfd5y7yfmmgy4xz09hfgrajla6tg5xqdffl8,171000000,
1d1808bdd3a38cf438f54450e8655f58ba7bb032c9baf904a76bdce6438ac1b9,2023-12-01T06:50:48.023000,sent,kaspa:qp0p3xyg009w5qghp0p84lq92s8zq0vq0672zxjz6w6gtw8halfsvzm5cfyg9,158450000,
4f9211fd0bbb754c78f944e1b1f95a5d7189648d2ce1c9429ed7b5e6aa48c028,2023-12-01T02:24:18.948000,sent,kaspa:qypul096xxma90ttrannnwckcjn539vya2w2rcd7505nx5h076hnntss0mssl7x,18000000,
a0d65f3c12f9b34a47d5d4253ef8861362e745a6a1fc26c4bd55f2d24c84437f,2023-12-01T02:18:38.877000,sent,kaspa:qypesj44486egnk6e7wwvy8qm2r3yjp9r8s6h7lnxavnhvrgpxkn6tgh7easy3d,18000000,
2dd875f15bba44546d52121f40f94dea710cdaf6d5f442208e5fe1a6bb4a0520,2023-12-01T02:12:36.313000,sent,kaspa:qyp3j8pp3mzeh33j8x2w2zfyy2hdectwz8fn7h3vewkqxz2p7rjlmqgzlxedhql,18000000,
0cfafb448a92bb1a4d223a7f695deaa3435938668fd40f1ae35d7196265bf1f9,2023-12-01T02:07:43.290000,sent,kaspa:qypp945w4cktwk9jp94mgrajpr5a0hv3fnrnjs4ka94dfgfepkm4y6qv75qd568,18000000,
0a2ca148ea17fd7adc31292e4b31bc2bcf87c232f7e7fb34622bb416ba486fb4,2023-12-01T02:02:56.277000,sent,kaspa:qypmn33almkmqtjeksspw74vd6dg8t4488jwh00vh64heu8783zxutgmg3eq0gz,18000000,
320b398602fcfd50fab79d15f921c7153e5814c129d377501d8ce49c42c17e34,2023-12-01T01:57:59.419000,sent,kaspa:qyp0hz6hz8957ldrhuvxjhe4l59ckjutumm55nyd78spf6309ycnw9qyp3zgedh,18000000,
0d984a1581b536c5a2ee6a3d67053d80c1d0907dae7c4e9e51cf7e316e5bee1f,2023-12-01T01:52:18.017000,sent,kaspa:qyp9h6jq9d2uwktalxzvcxl3xxx0xxfzr3mq4sncddjxedsnkv7cggc7sch2xq4,18000000,
612ff6b0418e7a5d29f39bd387083b9bab0549e64fd8fc65616742c1715f7b90,2023-12-01T01:47:01.135000,sent,kaspa:qypvkatmuswan2827n827pvrkhsds45hkpjy8yv8putaf89gnq4rpyqushughz9,18000000,
0e168121c7067aaa6552fdfb646cd6cd221fe4200c6fbbdeed183fe992f65841,2023-12-01T01:41:55.292000,sent,kaspa:qype7v9qnfstqnugrxhae6a32pkf55gy79zd702tejjkx2ymcj47yrca3ysaktr,18000000,
3c87509d14aed6600d2cd173dd928e51d161162cb73c9f4f987d6420daa5b821,2023-12-01T01:28:02.191000,sent,kaspa:qyppnggjhve3c229v8j2p7hxgjwcpw2sw4skkfsuaa66qyrj4ddgqdc4zxj6xy2,18000000,
343a28937c1de7df405b077c92d05aaba2c63123d2f2acf39a2c919cf69ff7e4,2023-12-01T00:24:05.294000,sent,kaspa:qyp345n87np83wms66h4ehqpwy2pu56z0z3azp6mu2uu7955zwf6trsh08qcq4d,18000000,
acaad158a3a1b6def4986d2ddeea169877b6cbb6d33dad91a53fe878b9b14d57,2023-12-01T00:18:14.004000,sent,kaspa:qypz9zpl82w2y9akjdvs8kk4jdqtx88ff5ayrrffpnjyvj9xh58fxvqlgkx2ch8,18000000,
00fd7b0cd1609ba888b4986a0ada3e8eb8ccf6f1f562d65a3aac603b3a1fa256,2023-12-01T00:10:55.878000,sent,kaspa:qypl3lqfnat6e6nx8lhcyfq74ul0fj0fw53av4lnzx8gtxxqg54rdfsx62d6asq,18000000,
df5062481d2e9cb8a108c5ad31f2d5b0f298a19d28c9cf54bf57d58744cdc3a6,2023-12-01T00:03:22.240000,sent,kaspa:qypqym823llp0zuxz6pyum225h0muqw99kmqw4flqv6tguaxuryuanst24ywx7j,18000000,
70729ec6fb2bd22eeb6583c2129abb8fa7a1ff30892b2907b4b6defd5780fee6,2023-11-30T23:53:45.275000,sent,kaspa:qypzhxk0sjueewr55tna6l79qakscvlpfqjzjn05tu04maxqnr7k3ng5pmgc78y,18000000,
556a84dd177aff8c664ca22f197146568dc76bddbd1dd599ba01dbf2012c89a4,2023-11-30T23:43:30.537000,sent,kaspa:qyp4s8v89dsll442mkh5dyytxsk93q2nntqfmj4wa30lhf5h2nthtes0zcp2gxq,18000000,
2fa94b9c78e43e0963124b4412166046bdc61862e823fff508347163a04f9644,2023-11-30T23:35:40.207000,sent,kaspa:qypv2peumacsvyak33avlnavqqy6skc4h6krkh59m2ynn8sll2k4wzg4x78wg0m,18000000,
a36589f90ec705fb24cd2dd6fdb3b74bb7b1ddecd91ba7ed700ccd78808e4ee8,2023-11-30T23:30:27.835000,sent,kaspa:qypram86akpa7ha5jneegnvn94xv35xr33mtpumpat04qp84aw8exwg9cgur7nw,18000000,
a6a536e8d4e62244c1de322567bf6c58bb12e6e03f0bf57aa46047d5e4550f5c,2023-11-30T23:22:13.506000,sent,kaspa:qyppfh35f4vazpxghx4p5x2dqs2rpjcuh3tk9ke0xdw8t4dkyptk8tsq24hxzkt,18000000,
d03b0ca3d2bc290ada88dc60431415e4d9dbe6619920e3f58729da2de0a5cbfc,2023-11-30T21:51:57.679000,sent,kaspa:qyp86ut9derxmphz3j88aa9ha2uz458hcn3w2r8xl0y9szpx37dtrhgcr0rrr2g,18000000,
486b55d2ae185b566507f5c973027b7a02add940535f38dbbfa8a76c003954f2,2023-11-30T21:36:49.207000,sent,kaspa:qypn9v3kp0vjxhmper2ytafuca4cnup8ccrhg0w2d54ynp84jw7252cxcy6ewk0,18000000,
8da6c9f255230a65c13fc1240b4edc7de3e64bfdcf4e0e59e66ae78ba9b54191,2023-11-30T21:31:00.133000,sent,kaspa:qyp6xk7cyfkpumlre48j4vk0f4h2aky243arja3hfhqnnfdm2kym6zcgzs9ls43,18000000,
4e0c949e1597801df2f82129b221a75c7ad48b7a14baae7874c8db1e325fcad6,2023-11-30T21:26:37.476000,sent,kaspa:qypfck700d60jpgz3hh7tlv55ddsucf5jtzdxdw2ydteehhjjul6v7c4wse44s9,18000000,
e4bd2afb474831fe87aeaab9cfb3526a0bd79c6800f5d85fb589770c83166526,2023-11-30T21:23:37.682000,sent,kaspa:qyp84gcw0m06yde69560pv8xxp5elysgph2favm544dwps78vdzmnvqpkgqsux4,18000000,
011da6f3fd89719ef77e2aa04d069cbd0d51caafc5db5e722222ec3bc1874eec,2023-11-30T21:18:10.703000,sent,kaspa:qypqwn9z8a9ft0sgf8xx73jvqw7c6ewptjgkk9nt4mw3wlm46vxpqtspt0hkv7d,18000000,
3920e4310cc5b61f9008a1c1ce8d0f41061fb53ff3de4e06360a3b027181f4ee,2023-11-30T21:14:12.811000,sent,kaspa:qyp33t8neeadjepxfdlf9rkljkxprx3l9kl4w3uaea3ctu3rmkvtj6q8nurwcca,18000000,
6054f31a3a72394ba5cb7f0e6944965c1a98a121e2f852c39db9ed4fb0de0a56,2023-11-30T21:08:59.423000,sent,kaspa:qypyjawwp07elhzqlp9fs2guwmszh9hh093m5fh4fucah64ka3h602cnnx3uygw,18000000,
09fd59e15fa07a2a83ca9eef7f2912a10860dc1a7f0b25fb9ec41b8ab2816216,2023-11-30T21:02:56.451000,sent,kaspa:qypr7e8l6556qnggyxnmrl4ujvwmpu84uj2wexlteeg8cxwkksftg7qjur7fvqh,18000000,
f623a14bcd8918c14117eb2e1c1361ab7c00f29a4d64f9e10187e2ae0806ecfd,2023-11-30T17:44:34.137000,sent,kaspa:qypwd2sz72vxkth9555zl3jtuwzx8n8mkk5pyvd4ly422fldh24d9msuneze7um,18000000,
a68377a094f7448e5fc9b6c6016fd45117756d6e7bc303d8b0f8ee68fd99f5d0,2023-11-30T17:40:38.897000,sent,kaspa:qypdefc9t677nnqpdvpjdnme542720zrm6yjhzfxsp3g0nw8njtsjvcp2pau2vk,18000000,
42fafce272a15cf120126ea56bc6c7b631ae261f36a4b0d43e9fd28a85e16ee9,2023-11-30T17:34:52.847000,sent,kaspa:qypxgw2aggxxnxvppp39cru7mk9u94dtx7jjhtet9lcsyrxksll4qgc0tqpae5q,18000000,
6ee9501caacb3b5cf57e7303145f85473207427e1717f663624577ba3584be55,2023-11-30T17:29:18.812000,sent,kaspa:qypxtanezw3et6lpxmqcm8r4hg3smx4xqykstpnyzzvhvmg2gq7adzgjx2s7sv2,18000000,
935b1c3a787dfc5de92cfd93703f544b63af64095d417e1acc55fb8abfd47728,2023-11-30T17:22:52.679000,sent,kaspa:qypacmf73lvnjwuewnufqqfqxv6sn9q6hfaqzjq3g76j7zwa24vd6gshcw5vjhx,18000000,
a216668251b2994435d0e12fc5415ee074c3774570ead311289ddaf1589f62ee,2023-11-30T17:16:02.029000,sent,kaspa:qyp9ftxz4h6x5w0mggw446pacqmpk5jraxc4dqmpqdkjyrtu2lyfj4cyd2e6rg5,18000000,
5d57c56ab7945a52195ff760e32f4e2201b310070e4a689afb8c4777e47b3ea6,2023-11-30T17:07:39.784000,sent,kaspa:qypzsdnxcztfna6e3zxmprnhhn9wwlpeaumhjppjtvd52zw9u49tf5g9hykmyct,18000000,
33679b5d22ec663a60acdeaf1f5613430b1a9e19fd5fd1d2e29be2ee69d23e4e,2023-11-30T16:52:18.532000,sent,kaspa:qypvc2fa0504tmf3c47xccerxmgjdjwthel96xr6juh5c879km2cx9ct9aylv0f,18000000,
c5862182961a1f3ed37ae9935af76ff22d1660f61cb238c250d6568619f739b8,2023-11-30T16:46:53.291000,sent,kaspa:qypulu3xrywpcqarnt9s98dj562j72736e83gwaen0nzsw84rc780dcry0tghj4,18000000,
e61ecaefb42abc890132dc790e270f1eeace0108dc2eadd6ca0c3bcff95b0348,2023-11-30T16:38:30.030000,sent,kaspa:qyp8jaffm8cm34tddlhujx9c2qa3xv8jenfe9448recw7wlmzwhlmvstf0z2fln,18000000,
fbcf8e035813daacad891986745f35cd6b7e92caf152b0db8d1dee7826bbee09,2023-11-30T16:32:29.295000,sent,kaspa:qyp6jet6swy05wf6wjgyzttpg3tjs5fqdm9jzzfvz88qzzfee5zh9rquvafwu73,18000000,
b54335a69bb5901dabf06838790aeb1fee4b28e1b2330bbef68377f350985252,2023-11-30T16:26:44.471000,sent,kaspa:qypxydufscmez3q99pfw6amw9rvnps5qtkg46qdv5a3jwr8kucxvyagff27fev4,18000000,
6ced779d7a2b1e692922b45e804cfaf95dca9e50c3f65a272ffdb47901775ecc,2023-11-30T16:21:40.779000,sent,kaspa:qyp9zgnr4yjgtd9p0gwsnnh8cuputexfajypzcsudzvy6h47v96ln4c2njyrmp4,18000000,
85e3af1199ae7c41403e6fa356240c93a52bd41ba2690bd016ddbc739f3d81f8,2023-11-30T16:17:14.268000,sent,kaspa:qypadm77g5th8dku676uusyvfr0zh9dm0c8wxmhslv2kvn79rgdp9ggyz8hrs7a,18000000,
44dfcd934d42a4fd1626abeab752c003f52cde8a018f9f44d3df3fb647756902,2023-11-30T16:12:30.779000,sent,kaspa:qyp36jgxkmqa9h5yzhgdhzeuxn2rwntm742302728tpp7qpv54y66rsjg5nlygx,18000000,
44dfcd934d42a4fd1626abeab752c003f52cde8a018f9f44d3df3fb647756902,2023-11-30T16:12:30.779000,sent,kaspa:qyp36jgxkmqa9h5yzhgdhzeuxn2rwntm742302728tpp7qpv54y66rsjg5nlygx,18000000,
0822e9befb3d45991e782800c51396100b71ff267c94b88fd0092a78d56b6aeb,2023-11-30T16:07:14.108000,received,kaspa:qp0p3xyg009w5qghp0p84lq92s8zq0vq0672zxjz6w6gtw8halfsvzm5cfyg9,700000000,
8488127e54606f94e85beb66b9cb1cd3d7963366f0c5f340fe9590508e64b4a3,2023-11-30T16:05:25.972000,sent,kaspa:qypjxke6m8w5v5pzj5rlp95qg9ma88nqjjnprd7nyvcjttz702qtxjgrhwh83a5,18000000,
2c71f5494bc37f782ec29615d58b1b36dfda104e07052f5c4943b7e0369ded57,2023-11-30T15:59:38.323000,sent,kaspa:qypt6vwnmgg6g6teg2kw4dt088tk7r9nlmwdlfum5hthq4p8h3ardmsh67kc7uq,18000000,
c407a1d36ce5e3977272a48398d8920d390882ad6fbe891903a7af28c66f3b75,2023-11-30T13:14:08.287000,sent,kaspa:qypt0pmyjw64x5l7fxflmsgpeuje943f5fajsqkaynkpsp2nax0vkhsgeev5lc0,18000000,
21ac1a8147badac72df0a40dfc304d3ea37cff3fb1c0e0f617c3f715d9f58295,2023-11-30T13:09:24.474000,sent,kaspa:qypejfa2gl7t8ah003hcd8qduk8szvmkny9mph5872gn2cesawlvfsc6ck0vc4g,18000000,
c34e78b9654169e63b64504f07921edb6124f96ff827de9f5715a597db9dcc65,2023-11-30T13:03:19.124000,sent,kaspa:qypadcvzylnqj8x8u35qw5telgfjcywecyhjl9al4m9cuctajt5evrscpm3sqp0,18000000,
4b84eec331ab83940f3683f11ce3086236cdf0d244376caa0e880c851aa93ce5,2023-11-30T12:58:39.102000,sent,kaspa:qypaeswkp7a6p95y7tu2kksan0uzrjhclxx6n3jhdvnc90jf23reaec57sta2lg,18000000,
140b46a42924e4a12da15d9227091c008d768f8377cd2c581c2acb3df58112e4,2023-11-30T12:53:41.830000,sent,kaspa:qype48pgznyk4rerx2rddj22x3y6hg8kgxfcu8pa527v4hj3pwyghyqtw2npn0f,18000000,
2a0f5740d1ecb900a2fa1b0be19f9d239522053bd2df70c15ed64191672bd97f,2023-11-30T12:43:09.882000,sent,kaspa:qypgsqexss6qjgaujnck7dm6u9zalprzntl9wtmt8hf9eraxt2fmezs4pw0h2th,18000000,
5d11b80bfb9540795e9e89a54c73b44d0b34a963cc2bd5c1c2cae8d3585b3578,2023-11-30T12:37:56.988000,sent,kaspa:qypyms5g0rvxgcygmser9u363dukfk7mzs0shyt0g3xztrcmhtl6c6qe8udvlhk,18000000,
6ae0b947b8a4f3fa255a90e303c04ba4f2f682f2e056534978d444d16403441f,2023-11-30T12:32:19.587000,sent,kaspa:qyp4zzmfn3h8wcwxgglg9hm9dlapast2rrmr4ea9vm8q8zuljx38mzqkl4z3pw8,18000000,
461d33dbe8a0eaabc8f32a950bd6b34fd67e012b90c2c5a27d0a62e726e8c4bd,2023-11-30T12:27:14.364000,sent,kaspa:qypxqfqcp0w92rww69c37xevv2jn69kxk7u0ynnfxuztlpd3alrr60srz7p802m,18000000,
5cbf590cf058c876582d10dbf02059a39ae5a634d46cc79259f8edf3d30b4637,2023-11-30T12:20:55.046000,sent,kaspa:qypn7psrjjl9lmj5zfv2tefpsca40awpe3464yjm44klpysqa8hwpmguvt5uds7,18000000,
56bfd5a6474bb6ed1fb7f195908d4c19f2bd52ff2a9b16b0e0aa8960eb1e221a,2023-11-30T12:13:50.584000,sent,kaspa:qypn7mz2paegpsyfvedx34qy622r4hdfnns68k5jp35q2mgsatg8kasj9a2drel,18000000,
ae55a4d891ebce94caea693b5300840fe1e7034e1abb6db6771389f0c035373e,2023-11-30T12:07:18.143000,sent,kaspa:qypds3efc6yjhmyu00y6p8c6znyyjvjxzlv60apy007krcya2n70pjqg93cysnf,18000000,
b207a9a8d1723770d750a7fe8a36b30d8e0af2d5c276a45f838765f34b57e051,2023-11-30T11:58:08.827000,sent,kaspa:qypghlphjdrq4qfzn5tn5y257wld4lam3ehpdkdgft5htl3ncpx9hwqy8xdx34l,18000000,
13b50074036b99a799623edbfd727c89eafd6324c8cf93d3a55d3425f5a329d8,2023-11-30T11:50:23.972000,sent,kaspa:qyp2gc9hr3sez7trf7r0efym6v3wcvywqw38pmgazjvgj3kamlwttxcuzr8nzkz,18000000,
d1e67a1b08e9d763944c0d0ca848db4bf59ad6de535f1b03bba1b112c5c0290d,2023-11-30T11:41:20.010000,sent,kaspa:qyp70plwvalzra7xawd8hc9z5snpeqmvzenuuqwfcvtfxvwzsj4q9sc3qawk87e,18000000,
4f98a517182a72bfded835cea9557323d4cad84f3745790c64481a41559db756,2023-11-30T11:36:41.371000,sent,kaspa:qypccnrn4jag6yyqeht6cxyre94444ekd623d4xx4rf5jrs7k78pkmg4m47uksa,18000000,
2a9027604ea0f07baafe080f45493adac7403d6f757f022b2ffe4562c769896e,2023-11-30T11:30:03.861000,sent,kaspa:qyp872zesqna32yayj4x9dtun3msx9q0k9jqd3eemyrxelakwdgc37syy2um6sf,18000000,
f2fec7ad553f8b5e396020f5eb604711e34c303e8b37ec126f7bd83495224411,2023-11-30T11:21:45.898000,sent,kaspa:qyp0kwcpkjl0feln6l96yevayasyku572fgvsgu008jqmk0vkszk97gqrvz760d,18000000,
d34f27f225a3354185e38ab562a24ce74c3c4439e147505ccbe4803e4cb6ce80,2023-11-30T11:15:37.351000,sent,kaspa:qyp3mpjt5qxqyshjn2up5me89wga88kxrtcdzfrmketyxu2f4vrjeqcaynwa7up,18000000,
03458b248d0c7fbdff6ef0a1cdbff5935073e2fbf4472728cf851ce16518247a,2023-11-30T11:10:52.271000,sent,kaspa:qyp20d2nj3e8msv3wy2vztp7c2tynlyr3wxaqw32aqpwyp5retf03tc8h9dzg8k,18000000,
469ebac0bcdd769ee4506cd40865ce682dc90c157704bccef5f7c91c6211ce38,2023-11-30T11:04:38.286000,sent,kaspa:qypehvykhjaute6y4xnpy44lrr96m3gl5e8v0lfqf6f3vdd8lhf8t3cqchd0a3d,40000000,
d0d2fc0f4775b3acd3f54da2428c6cce0df63faf95bfa59ef63c5052531eb364,2023-11-30T10:57:50.882000,sent,kaspa:qyp4hwp0cateeagzf4y3cz5ygud5ncvn8jxfe427gerl2vaq4uhsptch9c9ns6r,18000000,
06a8cd55abc13cfa9cfa839d0e2146fc20a784bb6ea36ca27e388af62c04a7a2,2023-11-30T10:47:45.490000,sent,kaspa:qyptce0rtssdwzfy8q5x6tft6j4eh54036ya7yrn7tn3ma09r0pef3s53ftcsmw,18000000,
0c2dde301b09c5c7319011f64047ff02e713197dee494991bd958baed6259ad0,2023-11-30T08:51:27.726000,sent,kaspa:qypjmxt57un4e5r2lp07sn6z3gnyxasngmqd4dws0xv93696jmgd9hqdsz7cdf0,18000000,
2b2d64efb0a609573e139a634c32e902a9ae9534cdd9c8f96f43e363eef606af,2023-11-30T08:39:45.478000,sent,kaspa:qyprmchpmu8nen45rfxqay5q5n882tw02vwrh3qn6eenhvxnp02yctg2sntr7hc,18000000,
e17c850ab03be43d6c8406d5776f30354fd8228480984c04ea01641b7bb734eb,2023-11-30T08:26:26.551000,sent,kaspa:qyp4mxvkn3ef03p4h6g305644zzsulxzj3sm6c3ttcd67dlzp3ygdrgmercgmk8,18000000,
4f48bb2c475bb34368704a027cf45d8796eb90186ca73c257f66292737d12b7e,2023-11-30T08:13:42.344000,sent,kaspa:qyptysu33xszqvl7dx5nr2njdrlf3c08e3j32zrvqedakz9qm7fctfqhfgy0pfp,18000000,
0036551dd9dc5e6f214d070c5de61a26c5aef310bdada749871067e6048ce22a,2023-11-30T08:00:51.309000,sent,kaspa:qyp5wjh36qjgkcgmknt5nhm7gmne3dcayuf7ggsjkdrkshnmczxpzcgj2efvjmu,18000000,
f1ca04030b75027cabaf0d64e1e4c8ed311ad70277f888f60e9694f8ea730376,2023-11-30T07:50:24.961000,sent,kaspa:qyptpmcstcpgsxv9r9xxqpuwura9wfypytkudwwakyd9h30ekjhdcds8fdyhksg,18000000,
2d6d0be139197c8a51eaa0320654983901b48f4af52898c767a505e2e9fcd1c7,2023-11-30T06:55:19.880000,sent,kaspa:qype7g3tftmadva5q4xv26jqdeykv3uph6l8e489tg9z4294x6u70scpltlq857,18000000,
0647b3fff2649a181d73070de3b582457839160cfe47974b5b220108c1a82962,2023-11-30T06:45:05.067000,sent,kaspa:qypvg0y03wf6y8066pg7eml254ttjntlduvdk2ktxylnlhtv74muh7cc4sxmmdw,18000000,
8acb148ef10cb289818e22c13302efa43dfc71dfa5bfdba35163b66560ae58cb,2023-11-30T06:30:24.222000,sent,kaspa:qypcww4lutlxzmgx8k5wylkep3syet7ln6rqxrq76akmjsj0frlzj8q6l3w9zw3,18000000,
1081b2413200bb7e3527dbc964fd2408472321689c6c03106ccbab35a909048b,2023-11-30T06:19:42.257000,sent,kaspa:qypf943uwd48ekg043ln5ecv85jqqu6xfzlzfnhrtcgjatsk2kh7xyc253tnld4,18000000,
b56b5263526b51a82f90e2aeca8dc0fa125bfb51902a7725ed7618d879e0f031,2023-11-30T06:01:44.822000,sent,kaspa:qyppe3ses9yvw5gcxeaxtl72g2kqffdnlq6028ct6dgene9uelqxu2gza36ehyz,18000000,
35df964eacb802c0df4d9cee3f08be2fbfc8377a97151ef3c2399c95ad1b198f,2023-11-30T04:44:13.197000,sent,kaspa:qyptluyhg3awzxp096dv382j2ahrlsyws88ssjc0cud3445j3nrpy5srplg9l50,18000000,
30daad973b800c392b2f432efff580ce908c08bc50cdd07f2f87d832d1b51f4b,2023-11-30T04:29:17.846000,sent,kaspa:qypzaxhaw0gu6xfvwhnt44ve3959j87w08rs98dh9pcvpqw6vfd686qg8mga9lz,18000000,
abd44158671b34d4bcc1b173548c493471dd4e822056e28d974ae82394952d77,2023-11-30T04:16:56.821000,sent,kaspa:qypphtg6edw8k6yuuc3etlx8ey0vsw9hp7tegxtgmv0dkv83n4pkelg7h3njtk3,18000000,
abd44158671b34d4bcc1b173548c493471dd4e822056e28d974ae82394952d77,2023-11-30T04:16:56.821000,sent,kaspa:qypphtg6edw8k6yuuc3etlx8ey0vsw9hp7tegxtgmv0dkv83n4pkelg7h3njtk3,18000000,
c35893a9cb4d3e47d4dd10c116df6f1a208dffc9c274a68b93a4ef5858fe3e78,2023-11-30T03:51:02.061000,received,kaspa:qp0p3xyg009w5qghp0p84lq92s8zq0vq0672zxjz6w6gtw8halfsvzm5cfyg9,500000000,
4bdf561f64b8ccc09097d12ac3df83d0ef786c44b2b1c12451191da00c26e487,2023-11-30T00:31:01.572000,sent,kaspa:qypnehwcr3ffwmxsnjqtd3n4cq9r03ep7smz3ajpfzhlgk8gjsk0k8gggtzp5g4,18000000,
2f899b2c7a6898f61343c77e7c4085ed2d1e5e40e7bc9daa5c0fea9c3ff7f858,2023-11-30T00:26:01.235000,sent,kaspa:qypam5psep6k4gn80ggqt20k9tjzr2jxaagpk3ea3ydmqwxt6s3j3ggaupjw7d2,18000000,
8e7da3ad9f4fc5e196411cbae30f8b4ff4175972bf5209c5fa03bb0a5589e6e8,2023-11-30T00:20:00.886000,sent,kaspa:qyp88u23qh0kg9ffrafsmn6h20mar9f0r3a89nacfx9fx84uj3xgtxcl5y68kut,18000000,
78123484655f0589c630e01edd3c63b238ba19e638e59df63b05154f20c1db64,2023-11-30T00:03:43.555000,sent,kaspa:qypvnfvppp8l59n6kqy7z8c9svkjdlwasktcq2mptnw745xm4fxz5xqjjgkudh9,18000000,
5d8e1ef3d2d70d4eed1bc930a435d53c52ca029a9ebb864b3051d3f0c7c4db96,2023-11-29T23:57:17.177000,sent,kaspa:qyp47eyf8kgjhue3t5y5393a7n28x2q99zehvhyzcs0k09le7m2424sragjz4ku,18000000,
24ce4c635bf266a9d74ad86a79b4d6e30d3df3bddc92dc4cabae0c647f0f0fb1,2023-11-29T23:51:52.956000,sent,kaspa:qyp28u7dpee64yrr4krxhean29et0z0yzanuzd4kecffxpkaanyjuzcalt652sx,18000000,
80f6742d5f2c46f6762dc7b2954d2e9a9bf27c725f6bb6ba3ebf43afe6e94cb1,2023-11-29T23:46:35.935000,sent,kaspa:qypa3pf9ftwrer0w6ut3h3lqx78c8m4r8scq2x3wgel2dgf7t224r5qr679cetk,18000000,
604a18eb33eb244026c9a652885619f20a9f84330610800cd8672667ae38de58,2023-11-29T23:41:44.065000,sent,kaspa:qypawflp83j2j4krzwak8e03vus526e9a76tsgp8e3z92g7pn347fcsl6u065hs,18000000,
5dd3d130b04161ff30b0a1c53ea3e5041cceef89fabdd85497ea2708342e7bdb,2023-11-29T23:36:53.576000,sent,kaspa:qypkjgcckkz2ah9pkttqul9fznm5mv42waa0p38zkvejxgtc99yfeagyutc8mqj,18000000,
fcca369032fc0327b08ca4279eb8657e33ebd27859936f803b8596058b5da042,2023-11-29T23:32:29.157000,sent,kaspa:qyp6x6tq0dq30k36x8ynjm2detlvuds7shaagmpavap6rsrlzzg2axq4shxpvqj,18000000,
f3d9f8d41a1b36b09393539b858fb2be633c7151cbe619458c25e64d8729168d,2023-11-29T23:27:12.334000,sent,kaspa:qyp7zy0tkzvg7uhuxhwl8uxtdfk76mqsrq7q2w09gaqjuyrqlu2x3mgx268kulm,18000000,
f5cc2f594673f7ad272fbedfd2d969e4d1be8440437ac8082422f9cfff2fe545,2023-11-29T23:22:33.159000,sent,kaspa:qypr00hz8cl3kss4qt2nw3r54qg8juxnn8p49v6csrgtcclccqejhrsectalcyj,18000000,
be4d1d30ce683461fc8f36ee43282604ac50898b9b834e732fcdc0395598d6d0,2023-11-29T23:16:34.620000,sent,kaspa:qypvmzpegmh9f2sjcq7c9mk5lfc6j58gae3443ha29qvqds2m0wajdsls3j77nw,18000000,
514152192cecae6e365b55869845d9a709aa6db057e903b4ac9b9d703ca4d55d,2023-11-29T23:11:18.168000,sent,kaspa:qyppztxehmv4ljgxyacx2j5llykwpmt5vpcuc8x5cf998xtpcavq0dsxxr39m80,18000000,
74e92f2cd1e815c9067bacc116e9310d80f3c300b94cb20e7e7ee707aee7c58b,2023-11-29T23:06:13.572000,sent,kaspa:qypdz6m43v9mc8c8sc53a60a8vhmkxeh8egaj9vrqlssku4g0xytxrqa3s30er8,18000000,
a9c669accfa6c59e18d97fd71dca86c428603fb2405ccb6c3ec6a5c66d516569,2023-11-29T23:01:41.626000,sent,kaspa:qyppxv4kwkj9xpvq6nj50svj8clnp5whhk0t3f0s9hl5m7qhak8398stv7xwjz0,18000000,
54240cb9d1be7b75ca81c29a3b40add02ff95b7b5957d44ebe8271a82eca20f1,2023-11-29T22:55:42.176000,sent,kaspa:qyp59lkm9u6xt9dhpjpl2mpf3cg74g9g75sec9wacefrd3x5xvgh5jqzauw33fg,18000000,
d22bae1c483bd44e799e58a59a151a50d570d911c908105d1c8fe864114fa721,2023-11-29T22:48:10.084000,sent,kaspa:qypgc22uucpd5sss8j2l9hcr90dpejt69d66sk9cw6ke8kn89we973gyvezalzj,18000000,
62dcabbd61192259fe8ccac5f581f788169d090dbf63e50a2d3aaca4e291f88e,2023-11-29T22:41:21.331000,sent,kaspa:qypp3r5xfljfpvr4pzmtaderzzsyzwkeq3kv79fefwm6dklksv5v8tqvkgectwk,18000000,
441d398d3062b143da24652ed9397d3113675c6dc01c51dc3d9884d4b16852f9,2023-11-29T22:36:44.694000,sent,kaspa:qyphp42f6gvrpeu54rdzl0tzwvy5h2c0ddwy5vhvnu6pzg0nq074z5qgy5zxl2m,18000000,
b0a4c7931724b24ea091ad8ed6c9ca294604ee4fb40e009f8d12d200812bb8c9,2023-11-29T22:28:39.178000,sent,kaspa:qypr6zfw9t80dsfu9xatnzq3cl9yjtsc02mmf8sdsuk58l9uw8t79zcfhtneyn2,18000000,
3138ac4caa822462f829c07ea6ec7dc071000bf7575e6acce26c2c3a46262328,2023-11-29T22:18:02.995000,sent,kaspa:qyp845yzm07l4ghw0l4psvadhjdg6q3286tf00mdgw6tp7ftamzcctsw8rfncyg,18000000,
d40a321d76d08e15587edbdf37e4d2a94b08889c7ebbf8cc3ff11a44ce46b000,2023-11-29T22:08:51.817000,sent,kaspa:qypgk56483xjyj9xut5cqzq9rjzgt8njv85vtqd99pk0zhteg8cml6szjeywat4,18000000,
f5bb9df2e474b349b745ba0c48606ae67e4e7d4ad60d4db0c77b633030f43918,2023-11-29T16:45:40.151000,sent,kaspa:qypzpppf0y2y0z0g63uj5ktgvwt909yse4fp7t8h4unaxq4pzhwx07sw49aktw3,18000000,
3fee51db8ce03d52075d83dd73a5d7b6267cc192a4e4d2207f1deacdd20b9a8f,2023-11-29T16:08:58.596000,sent,kaspa:qyp3p23rc737wtjpnwfzqtteaczp804365g68kwv66zprlk8hu4a3us2u28ahcz,18000000,
c7c9b3c7e5daea810d3a59daacd0e2f18d1913dd55067ddf409ba9f557033e3d,2023-11-29T15:59:53.118000,sent,kaspa:qyp0ud3gwzpkh32lkwgw2hwlhg8kx3xqen7qdx8n380uhazla6f35xqn0d060hw,18000000,
ed89aa9c3f8fb5372aa0e4f37b128e97a7f6739bc209a1c2be83f66d58da5642,2023-11-29T15:46:52.217000,sent,kaspa:qyp6cqy27nugh6luwsac3q58cmeyqsp2s29fyz6zvt5du8szl2tdhggfvt5gcca,18000000,
9863b507fdf56293846a2db43a706632b51327f291f04df7106b2c1ed4f106a5,2023-11-29T14:11:18.736000,sent,kaspa:qypa49vfwmyvjau9xdy3erp2e7a442g8d0qmwxawx94u59x33g8c7zqspxvndl0,18000000,
e970faebd930e8b917fe554b647d8bf0b74d5e6e367235e0157f71b9c6406a35,2023-11-29T13:45:24.977000,sent,kaspa:qyp3lchwg3lxg7lxm3c2uhgfmcsdd92w8cq5ttylmuyp500sew6ggesyjmyj8qu,18000000,
de6d05ffd116e26fe28ae026bf0396de41250928ad466c8d63c4afc6cfeca06b,2023-11-29T12:35:09.621000,sent,kaspa:qyp2ru8zt6f9vyjfuqfeqcnn50t0r2860x869f0qlfjtu5flk2294xsh8fwkm40,18000000,
3d50e70907e60309b6013d773967183c79ab56f32032a5e108df00283d61a447,2023-11-29T12:28:29.384000,sent,kaspa:qypqak3rktx3pclwv9zuqczp6x406p7ms72hd4xyyr4lru2v9zphseqr050urgr,18000000,
f1b25046e123fc30bd4af414bac392565d186fdd6388f4456bc92c41539deb63,2023-11-29T12:21:26.462000,sent,kaspa:qypzuez5tarwsdhh4v9utrlm9ryl50lthss87fxa7k7arud8myzarqsjk9rtjxe,18000000,
76227fa74605a0ef8462432a7bf8e39305e810072b106c0c472db585c188c743,2023-11-29T12:15:10.499000,sent,kaspa:qypvw56y8qdxtg0j0ep0k8p8ea58wv9t9j9gfpp2305eypapgnq8rsgl0jhr3k9,18000000,
70e3a2153533f58d7ceb53d86197352b6a723f3af2c29b02f4b753a7a411dcfc,2023-11-29T12:09:05.647000,sent,kaspa:qypr6glqe52gq879nruht88chvncauzqhtvwn5mgaql6dwm7cewlp9gq0a2seq5,18000000,
50fdefa90708cf0d5f2b3cdd2ac0a38902c970571d9c5579f44f180574c469d0,2023-11-29T12:03:28.723000,sent,kaspa:qyppk2k6pz9tkf8rmjzmqv4gdt6wkxnpl5e9lm8xdc4trmgnt76rpvcj3dx6rtv,18000000,
76e1cde6b6277945e4adb19aea4e97d8bab7b4978017dbc244dbff6c63ed8e78,2023-11-29T11:55:54.782000,sent,kaspa:qypq98rcmumyrfqvc4yux333kda9fddcvwyqxnrhaztgkkfct88n37gx6tg9n3w,18000000,
76e1cde6b6277945e4adb19aea4e97d8bab7b4978017dbc244dbff6c63ed8e78,2023-11-29T11:55:54.782000,sent,kaspa:qypq98rcmumyrfqvc4yux333kda9fddcvwyqxnrhaztgkkfct88n37gx6tg9n3w,18000000,
7aebe8ddc974be61ccbc4eb58f95636380798afcdd58028a6d7c173316a4d5fa,2023-11-29T11:50:15.656000,received,kaspa:qp0p3xyg009w5qghp0p84lq92s8zq0vq0672zxjz6w6gtw8halfsvzm5cfyg9,800000000,
e0f557d12a754d5e681712d2f846c1a6452ee3a20b66dd00a9d95a47087beab6,2023-11-29T11:24:40.092000,sent,kaspa:qypx2t6ts8lg6mxwf34jzqp44se2vrxyg6ujt4cf7eg0k8egxc92qts4u869hd5,18000000,
dcf1f664d34a1e13197554975d35c38da5674a1dd280a4dc6ab7ea1e8c0433b6,2023-11-29T11:15:08.750000,sent,kaspa:qyp7xkksz3c4ftndpveqjveysad6k9yna98qpelvcdekj2yfj6v0sqq7hq5prlj,18000000,
0b34925ac2ca7d2b41a005a4ac2335b6461aa76cfb26214e1a714335d8d3b611,2023-11-29T11:05:37.538000,sent,kaspa:qyph269pr4de5cg7tascyajumgewad6lad08n9rhetmdwtalcxdz7rgvtw2c80n,18000000,
7a5e154ab4e547f3a9865e58f959d7ecb1eff1e9aca035790d62bd94aa0294e5,2023-11-29T10:53:15.256000,sent,kaspa:qyp72lkdnujxzwtw948nv7f5j5r28a7287smx4d503wdx86pcyn63mcwqztezdk,18000000,
b3af17c5fa6268c37d8914c33964bf97cc3088f22e657435a1041a585cd704f0,2023-11-29T10:45:14.437000,sent,kaspa:qyp80jggjyagprejc2l3l4m786w0mdgf6afugw5m9qj8x9gr0cyexjsep0au8y9,18000000,
afd8d1043d229061472384008e9f4507122b87a5ff32a81bfa08b5f9a09b1152,2023-11-29T10:32:32.619000,sent,kaspa:qyph0sjn4j4x2u9tq8e5c2krk0qaph9065aajt9w92vhzquw5563clsw2et70v4,18000000,
01d4755115e644fc6c7d05cbdfd0126a91e81fedfb4bc8ddb8424a615ad1074d,2023-11-29T10:22:18.281000,sent,kaspa:qyp5ctjkrxy5qgzuch8fla47q6nkfzrgllhq0cmn3ggcac36avyc5ysq38sqsja,18000000,
3da811653ed2bcfb60d4c17182e23e977c5e50664c057a3f5fb5bca3f8334be0,2023-11-29T10:13:14.863000,sent,kaspa:qyppmdyrqy0k57ytqjv26fzcgytgvzl7nt900geck5e4csupxhvqtmgth0fyr90,18000000,
a00789cecd77f55b07aed8a4ad58ab74a5781ac8ecadce58a228ab4e8d37e1ce,2023-11-29T10:00:21.924000,sent,kaspa:qypee2jez6rsrsg4f5mfnsyfk67hjry60shkt543ltav9sgq0dqd9mgck7rmltc,18000000,
9e0aa3a91326cce4cbe3a299e2d851683e3f84133cf59381eaa0e54788afc389,2023-11-29T09:55:32.727000,sent,kaspa:qypcz7pgnwvalnzxlg5d4xvp8kpyua3jgxr62skdqxjyhvweurtqfmgx0spdpfw,18000000,
81094efec8fce427295e04ae48ae35634509a8bc33c6df1e5de2ae8bb0d528f4,2023-11-29T09:49:25.487000,sent,kaspa:qyp2903uj5jz6ylnpzv2yy66zmk0cakzyuptaxzf8xq5sx2ycpxjets8as4898e,18000000,
73694d270ae19624edaf55b1bd46c2e4be6bd4e7c34adc90257c91ee76d48992,2023-11-29T09:44:24.415000,sent,kaspa:qypaqy7fz255xkz5c0x863jawttcxawygw6fwpycvsgdy4wyeyqahjgau3hsjde,18000000,
763834560524c8be55aeead8bc07653cf24873a4897281ef8992a1ef5a4076fd,2023-11-29T09:38:41.380000,sent,kaspa:qypr6muqfmt86y92fa2jq8h9ulf5tlda3mkjw5s2utldt069nq2593s7tcw2s85,18000000,
4325f548c1b0f81b617ac5dcd041de0ac4d2ddb169b732554ff2986117c044f2,2023-11-29T06:55:06.274000,sent,kaspa:qyp79w3fsvcqgruyjuzx3zew2sgwvakgum2vfgjc046ww39h64u5k6ge2nqqw56,18000000,
6c7e9f91ac655422dc90a03aae85ff8014bb33201bf71888aa4a09b739fb46f9,2023-11-29T06:44:38.909000,sent,kaspa:qypy9du76s9wmvs9pthuhddpnkw4j82fl5n4nvl490uxmdy7m59nw3g5us8fl0c,18000000,
0ab2ba609fd4f740cfe2aab9d856205e3eb6eeb9eed0a770b748b6790f85470a,2023-11-29T06:34:18.201000,sent,kaspa:qypps0rd97a3kyhakyyl7tp72mst49g99gz0cchy9z5n2dyfsjs5lvcd8xhcgt0,18000000,
543185d6a4a532e693a9b5d6665556710a418a8d3733449f41fde8d2541900f8,2023-11-29T06:24:54.018000,sent,kaspa:qyp5uwzgd0ega9a9v3pvc2rgg09dts8d4gsucpapeh8j053v7zlsykcxswtl4s9,18000000,
c79f6513b01d6735afeac716bab8ce92cbb8ef734dea63fca4f9b40ee588fd5e,2023-11-29T06:13:43.119000,sent,kaspa:qypt9k9t9pdnu4gfmwrkg8nh0kpxfm25ljf6sxdnyqlkxpkgvr6a3ccs32m54hf,18000000,
bd50ddb55a7d99e91389376c9ac984b415799925b4b1ba253e47b5991d710c61,2023-11-29T06:03:44.276000,sent,kaspa:qyp6m96el7c8d4qlrlkm0q72ffs8x76l2cq9ax4nxv8lxu34yxajfyqnvmn2q9l,18000000,
f71e552ecbf3cfdf29e26cebddd26833eb2029a0306383e17b17422ca1a9318c,2023-11-29T05:53:57.261000,sent,kaspa:qyphetmmt0tt9vc5we77mvyjeaatkat5hkg5nhtsx54hq7yn7r3lhxgn6u3p9sj,18000000,
b9fb0fee06624de8282835e1401200d254a420f3ad9509f55125b58f3d1cbe0e,2023-11-29T05:43:44.761000,sent,kaspa:qyp9uyxkhg5gvw4tx59ggnrdl7ae6sx43gawtuud58j0r7ks0h50uvs33n0rkrk,18000000,
778931de2dcdb3326a2fff2648caca06cb8791c7321ea8902e7c142cc9b9fc20,2023-11-29T05:34:54.647000,sent,kaspa:qyp8c4zfq86n6dqz4vgphuwr73wgdk9zfgv2zmaenpgw7ttr9enf6vsge4tzsfk,18000000,
4c0c6891e562b6ffa7676ab2632808c60d3d517c1b184879624108800b475f62,2023-11-29T05:27:05.473000,sent,kaspa:qyprz8t66susvchnccy8aa5esuv6hxzkquhwu0wzh5f555tn77vaw9q84tdp042,18000000,
c0de09b083341894620f0292f7901d938d33c5ff12ed28f87331215abd946153,2023-11-29T05:20:23.701000,sent,kaspa:qypn8vnfn9fmj2a7uz0jqhh2nsh0dqlep9t3pa7c3r8j775xtueufgcj94jrvae,18000000,
854e867a67d72d830b64deb2ed6a63f8785f31dd4a2605fb28d68bdd04fcc85e,2023-11-28T16:01:03.244000,sent,kaspa:qypegemhudgt09n5emdg2ngqr23tkke6qjqgdhet40rr4804she8nngkmrknrc0,18000000,
ca26c286e859e812d457c5db58b34178ed2f8171329bc0db62a0ca5083d80f48,2023-11-28T15:37:40.823000,sent,kaspa:qypvnenpq9zca6dayt82hstklhp9caanjsq0emunla0vxjcnswe6a3g0ef6gkyx,18000000,
38deac4da213486f0e395d99a4fa2c898749e540b2962b72e79f1304d8edf149,2023-11-28T15:19:35.552000,sent,kaspa:qypz9lhzh86fs83a3vkyxt74w8upxp5amyxa22cus5sage7mu8f3u6gr80lw8w6,18000000,
50c81a7a14d6e6b1355556c8eb44a4005b699c2d5e12e8427f21d3b0898ba0ce,2023-11-28T14:36:12.373000,sent,kaspa:qypqwd07utwnsy0nnpwplpwnyn24g8fxy3htqttp53uu6vakk69awcsmvfl3xdn,18000000,
40deee3b5227c024eca179635e2b6ea04dafb4027aa4330dbe5f1bfb4f7b495a,2023-11-28T14:28:42.099000,sent,kaspa:qyphr5y7m4d2wds2gx2qdr4avcwdrwma0fe47s40jyv3n4s28ts89vcwl6qtl2f,18000000,
81da346eff4cbaa8d91b77ac28b3c8a4bc5db80bd8dd57bb06ad7d172b82b8d4,2023-11-28T14:10:05.444000,sent,kaspa:qyp2hxy5et0ncwnplx90nhpuqq8w9ghpvhjzpks8y4cncekf7dped7qwh2curz6,18000000,
49597b853140ae22ce1cdaef46adc63a28f3a8e6a832c1f162d58e6d6705e971,2023-11-28T13:46:34.910000,sent,kaspa:qypkny64fuprz5xenn5lzecjuupcan2qhuw4r7d2urcjslv2n2vl3ksq90wf50g,18000000,
1c2f8edaf89107907f921f5e7faf55781e6b5f181e92acd7ec19f83d1a627b24,2023-11-28T13:39:15.803000,sent,kaspa:qypqve84nwe64t5dqflyyxsrdhwtq6hxd0sr9zhnpyl7qx4v233mclqrsp027v3,18000000,
c7b7d43cf482804f9d6ae43ba9627e27f3a39acbcf14da2d02e56c56c728d9dc,2023-11-28T13:24:11.636000,sent,kaspa:qyphd8g4qej7pygp43ukp67ufnucl0a93e6p6dmfahrxz9p4ezsfq7seychy6jn,18000000,
9c1a5896222e92817ad36be287ac48814e0ca59ade6495f64e8e72e1b43e5ad4,2023-11-28T12:13:09.779000,received,kaspa:qp0p3xyg009w5qghp0p84lq92s8zq0vq0672zxjz6w6gtw8halfsvzm5cfyg9,900000000,
