tx_id,timestamp,direction,peer_address,amount_sompi,cex_label
544ffbc89190b3588cd84663880bbd71a0f31f80083949b92d11097c8a44a45f,2023-12-16T04:14:53.302000,sent,kaspa:qzslgwenzu78t6tldlng383g7ruu4enaljmnkgaulyrscjp7ldt26x8gfxck5,171940000,
544ffbc89190b3588cd84663880bbd71a0f31f80083949b92d11097c8a44a45f,2023-12-16T04:14:53.302000,sent,kaspa:qzslgwenzu78t6tldlng383g7ruu4enaljmnkgaulyrscjp7ldt26x8gfxck5,171940000,
98d0ee868890700e98ce46ab12aaa9328bea7f9245dd19a6eacd78b7d808da3b,2023-12-12T15:45:10.620000,received,kaspa:qypswxtcrv4ssyjaswy5w9387vq73mkuyq85tl34cee6qn5uexqy0csgnafnjx7,171000000,
6c7e931adc815d0c5022101973872de7b74a22d808b190cbb7db72c49900967c,2023-11-29T01:55:30.042000,sent,kaspa:qypu6kf04upc9z8uvkx2ukccumk04wh5fm7gkezwvq529lsxuzty76sffu3car8,18000000,
b4518fbb5d6d61d497e54d4fde6b907a015c7474a568c3b063121e079c4cf114,2023-11-28T23:33:16.818000,received,kaspa:qpdey2edmc9jv748tf7cm5kzdqmvw5jv73p2htah8g3mu4x8amu0qylp5xc8q,19000000,
