tx_id,timestamp,direction,peer_address,amount_sompi,cex_label
e790a19fdec30faa519795e330f061711037b78b4b6c7cceee65c14da9c5ba4e,2023-04-04T20:45:31.099000,sent,kaspa:qzxqj5c7ymvjpxdxadpmth0lcpxhp25tv7gck7yl0cwxfjhw35mjy2jc5644c,40000000000000,
e790a19fdec30faa519795e330f061711037b78b4b6c7cceee65c14da9c5ba4e,2023-04-04T20:45:31.099000,sent,kaspa:qp4d2yjgxs2xffhu6gq04cyrcw3azsrxyt65nuk2mu8a80elngvxuqm002djm,115062745067219,
a6f24053db083e2f4c626e194e7899c3d968e366d24a0c4ba4c1ff54af64fa01,2023-01-25T16:34:32.893000,received,kaspa:qpjunp39ssazf4rzfxxu0hd35xggfxn6lq0ls9u9q6peevzcmcv4xmv9q4njd,640591000000,
38d5fd9e33d28ace6515864ebaa82a69a15c1213ae0ff30aee80ac29e08ff521,2022-12-29T11:12:31.522000,sent,kaspa:qr7fp0ws3geqqjzq0nktrl7vscnzzxaxet7t7fsf7egm9wunq4zyvx9ajzjf4,148190425071590,
c78dc26f274631a49e33b25ab79bed8c19c68514036cc3fee41df56293342e6e,2022-12-21T13:11:27.446000,received,kaspa:qpjunp39ssazf4rzfxxu0hd35xggfxn6lq0ls9u9q6peevzcmcv4xmv9q4njd,47235393000000,
c78dc26f274631a49e33b25ab79bed8c19c68514036cc3fee41df56293342e6e,2022-12-21T13:11:27.446000,received,kaspa:qpjunp39ssazf4rzfxxu0hd35xggfxn6lq0ls9u9q6peevzcmcv4xmv9q4njd,47235393000000,
530a09b1922861f910458af738f5a3f0622f72d1dc72625915c15502310888fa,2022-11-14T23:27:16.657000,sent,kaspa:qzxqj5c7ymvjpxdxadpmth0lcpxhp25tv7gck7yl0cwxfjhw35mjy2jc5644c,50000000000000,
530a09b1922861f910458af738f5a3f0622f72d1dc72625915c15502310888fa,2022-11-14T23:27:16.657000,sent,kaspa:qqancd0nfyfkzcqvkuse5jvm9ynsttx0d8q4dh0c7la4hh5vdqq9kg0sc523t,10359530662357,
530a09b1922861f910458af738f5a3f0622f72d1dc72625915c15502310888fa,2022-11-14T23:27:16.657000,sent,kaspa:qzxqj5c7ymvjpxdxadpmth0lcpxhp25tv7gck7yl0cwxfjhw35mjy2jc5644c,50000000000000,
530a09b1922861f910458af738f5a3f0622f72d1dc72625915c15502310888fa,2022-11-14T23:27:16.657000,sent,kaspa:qqancd0nfyfkzcqvkuse5jvm9ynsttx0d8q4dh0c7la4hh5vdqq9kg0sc523t,10359530662357,
530a09b1922861f910458af738f5a3f0622f72d1dc72625915c15502310888fa,2022-11-14T23:27:16.657000,sent,kaspa:qzxqj5c7ymvjpxdxadpmth0lcpxhp25tv7gck7yl0cwxfjhw35mjy2jc5644c,50000000000000,
530a09b1922861f910458af738f5a3f0622f72d1dc72625915c15502310888fa,2022-11-14T23:27:16.657000,sent,kaspa:qqancd0nfyfkzcqvkuse5jvm9ynsttx0d8q4dh0c7la4hh5vdqq9kg0sc523t,10359530662357,
d8518eb4ad1f9b8453ba698476a565eb5eaa10b3af0700b34369742c79aded57,2022-09-10T09:20:47.069000,received,kaspa:qzacs3vl34sswlmalkwkrc53c0kexrtnjxx3a6mkvs60r0qt7lauglmn08307,100000000,
b4dc6e432a16a49ae6bfc4e2741af9b44ca60fb5cf21ee916e7d4ae85db05aa6,2022-09-10T09:19:46.324000,received,kaspa:qzacs3vl34sswlmalkwkrc53c0kexrtnjxx3a6mkvs60r0qt7lauglmn08307,100000000,
8a2e83461230d7e3c7209bcbaa0b0a9540e0428973bd85314b6f7fdd0d0fcc55,2022-09-10T09:15:05.954000,received,kaspa:qzacs3vl34sswlmalkwkrc53c0kexrtnjxx3a6mkvs60r0qt7lauglmn08307,100000000,
77c2dec6f3a3fd96c32acdfc8e9b80aa05e377eaa9389982ead3f07fea24a84e,2022-09-08T21:44:16.549000,sent,kaspa:qrzjrgduvudvnkfs84s3t6p0perv0zz0kzaw5hl5u7qvwdxg4k9g66l4cs0m9,40000000000000,
77c2dec6f3a3fd96c32acdfc8e9b80aa05e377eaa9389982ead3f07fea24a84e,2022-09-08T21:44:16.549000,sent,kaspa:qpkv5j777wyx36vmerycs2tucvc752uszt7cnavnzvc72r278jyxyvd4qursy,31740886913760,
fe181799b77809e3edec30e56f9d8b86c3cbc2488397beafb48b681dc72b3bfe,2022-08-16T23:55:24.121000,received,kaspa:qrx4x3n9uhm8s2qnz33q5vewskrs5ytmw0n6sgqawc8jt803d4upcl8mdsh5r,23002892320000,
