tx_id,timestamp,direction,peer_address,amount_sompi,cex_label
7d091245934d4457743022cb547d78a2a5c605c0560f810be76800dd6d2db764,2024-04-10T20:54:29.556000,sent,kaspa:qypgaxvcg5flwpzluygcgqsl8juupph0drwwqh3jzwv48k4khd63uncfjgdqtnd,8600000000,
7d091245934d4457743022cb547d78a2a5c605c0560f810be76800dd6d2db764,2024-04-10T20:54:29.556000,sent,kaspa:qypgaxvcg5flwpzluygcgqsl8juupph0drwwqh3jzwv48k4khd63uncfjgdqtnd,8600000000,
35342b2fd49e119ba1da958c344ab8f90fe5af19b6c4e021a088f47cc58d46e6,2024-04-09T18:43:03.782000,received,kaspa:qq9zagcza4jt76eev9jl5z0nqhe0thcu7js8larktj4sle7lvgnw7sfcewlty,7676905275,
35342b2fd49e119ba1da958c344ab8f90fe5af19b6c4e021a088f47cc58d46e6,2024-04-09T18:43:03.782000,received,kaspa:qq9zagcza4jt76eev9jl5z0nqhe0thcu7js8larktj4sle7lvgnw7sfcewlty,7676905275,
c81ef943c85eee1df07701774553f50445c0df0ea5e6a6f18e7e3111c8cfcf21,2024-04-09T18:18:35.536000,sent,kaspa:qq9zagcza4jt76eev9jl5z0nqhe0thcu7js8larktj4sle7lvgnw7sfcewlty,8000000000,
7faea112472a3b9228f303f048c7a976f1f59784ca7d271698ad30232fa264ff,2024-02-23T21:56:58.550000,sent,kaspa:qq9zagcza4jt76eev9jl5z0nqhe0thcu7js8larktj4sle7lvgnw7sfcewlty,1000000000,
13e95d6e2dae3817cb90f75acd0f97f68548c52e5e0d316d787f5d1cef606c7b,2024-02-23T14:18:21.024000,received,kaspa:qypgaxvcg5flwpzluygcgqsl8juupph0drwwqh3jzwv48k4khd63uncfjgdqtnd,10000000000,
13e95d6e2dae3817cb90f75acd0f97f68548c52e5e0d316d787f5d1cef606c7b,2024-02-23T14:18:21.024000,received,kaspa:qypgaxvcg5flwpzluygcgqsl8juupph0drwwqh3jzwv48k4khd63uncfjgdqtnd,10000000000,
13e95d6e2dae3817cb90f75acd0f97f68548c52e5e0d316d787f5d1cef606c7b,2024-02-23T14:18:21.024000,received,kaspa:qypgaxvcg5flwpzluygcgqsl8juupph0drwwqh3jzwv48k4khd63uncfjgdqtnd,10000000000,
13e95d6e2dae3817cb90f75acd0f97f68548c52e5e0d316d787f5d1cef606c7b,2024-02-23T14:18:21.024000,received,kaspa:qypgaxvcg5flwpzluygcgqsl8juupph0drwwqh3jzwv48k4khd63uncfjgdqtnd,10000000000,
