tx_id,timestamp,direction,peer_address,amount_sompi,cex_label
6f6e318daf9f0f3ecabfe220e551bf2d0e5e33bbb8e7a067add62360ceb8cd14,2023-12-16T04:12:45.264000,sent,kaspa:qzslgwenzu78t6tldlng383g7ruu4enaljmnkgaulyrscjp7ldt26x8gfxck5,171940000,
6f6e318daf9f0f3ecabfe220e551bf2d0e5e33bbb8e7a067add62360ceb8cd14,2023-12-16T04:12:45.264000,sent,kaspa:qzslgwenzu78t6tldlng383g7ruu4enaljmnkgaulyrscjp7ldt26x8gfxck5,171940000,
624d9b06160e345491d8e4c4dfd923deca9def408be1dfa0f3f962ba5c4db9b3,2023-12-12T05:36:42.031000,received,kaspa:qypswxtcrv4ssyjaswy5w9387vq73mkuyq85tl34cee6qn5uexqy0csgnafnjx7,171000000,
f3c8293c20295cb09e6855cba24526663dc8619cdb36da367e40a15d4ef2d6de,2023-11-28T05:46:28.632000,sent,kaspa:qypjqz7vm04hcksp4k0d89m75tkd3tytmphcyp3dkju3ncppcu0d46cgvnzn0az,18000000,
9501074099a865ee03d43065944ad6aa4d97951cae94a80b843e46c73ff6a913,2023-11-27T14:10:03.679000,received,kaspa:qpzwgfxxerkaexvudhula82mzdutl5kqg80ehnhlzfh56n9gwfqgwgyn0m3fd,19000000,
