tx_id,timestamp,direction,peer_address,amount_sompi,cex_label
9de903a2295c77ec66a85484c3e75490885b8dee003dee741358c356b605c556,2023-12-16T03:39:43.001000,sent,kaspa:qzslgwenzu78t6tldlng383g7ruu4enaljmnkgaulyrscjp7ldt26x8gfxck5,171940000,
9de903a2295c77ec66a85484c3e75490885b8dee003dee741358c356b605c556,2023-12-16T03:39:43.001000,sent,kaspa:qzslgwenzu78t6tldlng383g7ruu4enaljmnkgaulyrscjp7ldt26x8gfxck5,171940000,
bf17edf3a33a87fa1cbbad04ca46135a5c6c039fb08dd7b98a88401984378f86,2023-12-12T00:28:19.694000,received,kaspa:qypswxtcrv4ssyjaswy5w9387vq73mkuyq85tl34cee6qn5uexqy0csgnafnjx7,171000000,
1219372fffedc258e4ecf7e452c77d6ab95a8842cc4ecbbc199d5cbbb08aabc6,2023-11-27T14:34:20.872000,sent,kaspa:qypm0633gtjj8j20ptha46y5l7enh9el6kunfljk94kygu0pdzcm4fsz684lm0u,18000000,
2cacbdb5d5750e1878054abb634ec92e2d91e46d5b29d6272f8c8475234c7f0c,2023-11-27T10:46:24.985000,received,kaspa:qzx39q2av8c4pcf9a2dccc0escyhhy4zx09de3cagwkeme9c325kymvu2sdhq,19000000,
