tx_id,timestamp,direction,peer_address,amount_sompi,cex_label
3c485e77e40603993f349985e5eadcc141d0975e175051f92749bc5edd90ab50,2023-12-16T05:00:29.273000,sent,kaspa:qzslgwenzu78t6tldlng383g7ruu4enaljmnkgaulyrscjp7ldt26x8gfxck5,171940000,
3c485e77e40603993f349985e5eadcc141d0975e175051f92749bc5edd90ab50,2023-12-16T05:00:29.273000,sent,kaspa:qzslgwenzu78t6tldlng383g7ruu4enaljmnkgaulyrscjp7ldt26x8gfxck5,171940000,
c2e5deffed51a4078f8527e1062470502b76130fa2189b3048ad62ca12aff704,2023-12-13T01:54:24.675000,received,kaspa:qypswxtcrv4ssyjaswy5w9387vq73mkuyq85tl34cee6qn5uexqy0csgnafnjx7,171000000,
e630bdb7910224f9f0220917e63817042a2bf4d25b9407c7203eafb87a9e1e55,2023-11-29T17:27:34.855000,sent,kaspa:qyp3s4wrrenxq8vpkswsa2ff578nng4kk85warph7dp4shuwnu5ppec248ual7j,18000000,
81f038ba7601a767ead694ddb3de67e9d97bbbe59ef026fdabeb4afff9748a45,2023-11-28T07:00:58.318000,received,kaspa:qpmp7s9we4nmtuq7fahr68pkxddehqer4r278q8wwtrgp4p5cqqj7e08uvv05,19000000,
