tx_id,timestamp,direction,peer_address,amount_sompi,cex_label
04872b7357ed241aaa9638b097702cd593b9e13891d522f83e1103e05595799a,2023-12-16T04:16:36.076000,sent,kaspa:qzslgwenzu78t6tldlng383g7ruu4enaljmnkgaulyrscjp7ldt26x8gfxck5,171940000,
04872b7357ed241aaa9638b097702cd593b9e13891d522f83e1103e05595799a,2023-12-16T04:16:36.076000,sent,kaspa:qzslgwenzu78t6tldlng383g7ruu4enaljmnkgaulyrscjp7ldt26x8gfxck5,171940000,
ab80344e0fd7eeff5321fe0623f4c61e72ed5b5d1dc568c3faacbaab8cfbcaac,2023-12-12T11:06:16.491000,received,kaspa:qypswxtcrv4ssyjaswy5w9387vq73mkuyq85tl34cee6qn5uexqy0csgnafnjx7,171000000,
cd6318a7c376e46a8dfa4aea40375602e1176a4ad96a36bc0681917edb8808ac,2023-11-28T15:23:49.649000,sent,kaspa:qyp32fcpna75mv9zln5576e727347rjl0drjpg8s2m7a0w0c9ak4fus0690wrsj,18000000,
31becc11f420ef7f8ff066a066a72b0e8792a47733b883e2d0607cc604d1c5dd,2023-11-27T22:12:01.018000,received,kaspa:qqxrda0n7wx2zyhkxu2gx3hc5mraf7l7h90szkz8vrs4sa9cf0hvc6ysg6shy,19000000,
