tx_id,timestamp,direction,peer_address,amount_sompi,cex_label
484b66488f8d984d8af76a4212e27a9a00fb6099cbdd2503a2b67ad0f7e5317a,2023-12-20T10:56:08.031000,sent,kaspa:qrkaxvl2tw6pq6zx9xrr9lqnt9x72upf0hsrp3cvgcmfz77m50ycua35nz200,172970000,
484b66488f8d984d8af76a4212e27a9a00fb6099cbdd2503a2b67ad0f7e5317a,2023-12-20T10:56:08.031000,sent,kaspa:qrkaxvl2tw6pq6zx9xrr9lqnt9x72upf0hsrp3cvgcmfz77m50ycua35nz200,172970000,
c07979f9bad906f142698b7aa580ad14a7841e4b5ad1d3ae215f697ac6d25603,2023-12-12T17:17:15.200000,received,kaspa:qypswxtcrv4ssyjaswy5w9387vq73mkuyq85tl34cee6qn5uexqy0csgnafnjx7,171000000,
0acc1bd6f4ab27fab738149b982195c17f05550d6b2429f1334fcafad53ae002,2023-11-29T05:29:42.132000,sent,kaspa:qypv762anekgvm2agcqpc9wdurafw92qznzua4wflwv4f0s87x94zwgeesth2k8,18000000,
1d1c8a3d6287f08e19dfcde42a6789e89bf18585eccf939456a507e6b903937e,2023-11-28T08:18:41.333000,received,kaspa:qpdvsvmvwgrq7gxw4yxsqx9gu5lwk8ve8emjue8t90kn9hk3c73jqhmrsa5pl,20000000,
