tx_id,timestamp,direction,peer_address,amount_sompi,cex_label
cdc91666dd81d98ef46b3a32a90b006c8e59eecaa572eb84271033f8fb9dc5ac,2023-12-13T14:09:20.052000,sent,kaspa:qqfskms0j8gc3dvrv9hreym7g2jjgcnl2udr0kykv9nqtgw5sayg2k5mlm3x7,172970000,
cdc91666dd81d98ef46b3a32a90b006c8e59eecaa572eb84271033f8fb9dc5ac,2023-12-13T14:09:20.052000,sent,kaspa:qqfskms0j8gc3dvrv9hreym7g2jjgcnl2udr0kykv9nqtgw5sayg2k5mlm3x7,172970000,
f8554bc0928b2d48e3cb2b7d4032a97b6f2ae32768cc1a5eeca418e9b33d8dc4,2023-12-12T05:55:09.961000,received,kaspa:qypswxtcrv4ssyjaswy5w9387vq73mkuyq85tl34cee6qn5uexqy0csgnafnjx7,171000000,
27b04b4ac1972c45cd9191b286b620f758b246d0582cb004b2b8cd310f7ba176,2023-11-28T06:18:39.076000,sent,kaspa:qyp3ejsdnx0fuazgcynuj7xp0h3a5kgzfnsah4mr2qe6s5ls97asyespzdtm95p,18000000,
7e5a199aa3a31e62ad76c734aa21397ddeda89c0371852ab6753cb191c75e90c,2023-11-27T22:08:40.016000,received,kaspa:qypkgqkmfhc6flcfwlh05dep6cgx686vnuszmee3sm262t808k2eazcjmalx6k8,20000000,
