tx_id,timestamp,direction,peer_address,amount_sompi,cex_label
7e599b748a864f27c15c0e09b1b796c175ef0faeb21f81410901aebdca772576,2023-12-11T17:13:12.237000,sent,kaspa:qqwvnkp47wsj6n4hkdlgj8dsauyx0xvefunnwvvsmpq2udd0ka8ckmpuqw3k5,800791000,
42567e9f3b0b6a6153b807fcfeca3bb3369e9be751001a749bafc31beedf5de1,2023-12-08T21:34:19.548000,sent,kaspa:qqwvnkp47wsj6n4hkdlgj8dsauyx0xvefunnwvvsmpq2udd0ka8ckmpuqw3k5,8098909000,
7ad4fb0bd2ac29aeed70050579a38d84dcd82cf8ae0eb5e8359317332b6cd839,2023-12-08T21:27:30.532000,sent,kaspa:qqwvnkp47wsj6n4hkdlgj8dsauyx0xvefunnwvvsmpq2udd0ka8ckmpuqw3k5,1100000000,
b74e5216e3af83a8d002ec45923ffc0b77115258e7e71af9be436de48b966e8f,2023-12-08T20:54:17.255000,received,kaspa:qqetp7ct8kqss99fxmymyz5t3fezppxp0t58wl6pawp27elqd46uudme00cl0,10000000000,
