tx_id,timestamp,direction,peer_address,amount_sompi,cex_label
fc11b0a99bb6a0adfb02e5c1f338d19a5739ab9409fc85447b18db50a8311fab,2023-12-16T04:54:47.905000,sent,kaspa:qzslgwenzu78t6tldlng383g7ruu4enaljmnkgaulyrscjp7ldt26x8gfxck5,171940000,
fc11b0a99bb6a0adfb02e5c1f338d19a5739ab9409fc85447b18db50a8311fab,2023-12-16T04:54:47.905000,sent,kaspa:qzslgwenzu78t6tldlng383g7ruu4enaljmnkgaulyrscjp7ldt26x8gfxck5,171940000,
37893fb6efaab4992ec4e03af0e37c79c7642b1a6d6ab78ad9f93097c719af91,2023-12-12T22:16:22.034000,received,kaspa:qypswxtcrv4ssyjaswy5w9387vq73mkuyq85tl34cee6qn5uexqy0csgnafnjx7,171000000,
1de334f7e4e6bdf7e367dcf929bf5daccf7d9fadc5ec2f6492035a7fa884dc8f,2023-11-29T13:51:24.465000,sent,kaspa:qyp9yn9z3l5gk3v972t8xw9x97egcc9tgxjkuxgf5thg9a4t4cpv7lcss8t2w6p,18000000,
992ec55f9075967a7d71fd86e6dc2f8ada29895bb645e9ac75accc4e657752eb,2023-11-29T12:21:53.989000,received,kaspa:qzgd6ztyczzv7rxjwyxt9amzufaazt8tj7z8uyy6kw5hcsx89h8pwdrly4z0u,19000000,
