tx_id,timestamp,direction,peer_address,amount_sompi,cex_label
7815f3e4e6ce3dd57c31f7abb0a2c99e06d47a1a1d55647eb992a588c4281f0f,2023-12-16T05:14:58.691000,sent,kaspa:qzslgwenzu78t6tldlng383g7ruu4enaljmnkgaulyrscjp7ldt26x8gfxck5,171940000,
7815f3e4e6ce3dd57c31f7abb0a2c99e06d47a1a1d55647eb992a588c4281f0f,2023-12-16T05:14:58.691000,sent,kaspa:qzslgwenzu78t6tldlng383g7ruu4enaljmnkgaulyrscjp7ldt26x8gfxck5,171940000,
d3e2266eb568525520660fe57c3d065ee345b85c0b8f4a64697964ae9da685b8,2023-12-13T04:36:06.108000,received,kaspa:qypswxtcrv4ssyjaswy5w9387vq73mkuyq85tl34cee6qn5uexqy0csgnafnjx7,171000000,
7a2894fbca38490bc8aa459b55a9af499e3898ac66eb2f573b3dedbf15606aa1,2023-11-29T19:49:04.839000,sent,kaspa:qypahzjsvc0nwk2sdeep5v6gukm2vydl642mkj82tj6gqd87p6arqhg5cze2hh6,18000000,
9b849710e9ccc41f7ac7e208f93947d90b3694ed2bc088b8756f9e8984aac352,2023-11-28T21:57:51.009000,received,kaspa:qz6xn8qdjqjdkwq7hhrsfdtv53zq2xu8pdwy4jnlw2nkx2gq7hsjk26ukzwpq,19000000,
