tx_id,timestamp,direction,peer_address,amount_sompi,cex_label
8794155c52c9dc301a3198195006d413dce7b20dc9a33f6e3b85dd7c312697e9,2023-12-16T03:13:27.324000,sent,kaspa:qzslgwenzu78t6tldlng383g7ruu4enaljmnkgaulyrscjp7ldt26x8gfxck5,171940000,
8794155c52c9dc301a3198195006d413dce7b20dc9a33f6e3b85dd7c312697e9,2023-12-16T03:13:27.324000,sent,kaspa:qzslgwenzu78t6tldlng383g7ruu4enaljmnkgaulyrscjp7ldt26x8gfxck5,171940000,
cc2ac6175aa848b7bf28a3612e596dd61191c40e9639042444c74d4b47f3c8d1,2023-12-11T23:21:20.819000,received,kaspa:qypswxtcrv4ssyjaswy5w9387vq73mkuyq85tl34cee6qn5uexqy0csgnafnjx7,171000000,
d34662432560628017cb5a3e85c8d22c745b6e987df97ea627cc62bbc14c2c93,2023-11-27T13:30:40.686000,sent,kaspa:qypxsdff09328fcyx4kz7l6yvdagv8mpngtcm927wc6qwvs2zqp5gvgexga0s46,18000000,
b66272faed62afddbe1003c803771df5c69d6511121d73b5bb709f0b25b4f163,2023-11-27T02:34:24.511000,received,kaspa:qzgjznhauul6ynlssnt804gj3g8z0yyenwf9jya9cmjfmlseg3h76gy5urjdy,19000000,
