tx_id,timestamp,direction,peer_address,amount_sompi,cex_label
ca4e622af06334c117c7d27c036c32accb6bffa2547579effb31393e449a370e,2024-11-19T05:42:40.998000,sent,kaspa:qqnqv3rvnctfyrjteurqm0gmqfu7yjg3949yxpyxxfa4rgm9nt2zxauwq8xvs,200000000000,
ca4e622af06334c117c7d27c036c32accb6bffa2547579effb31393e449a370e,2024-11-19T05:42:40.998000,sent,kaspa:qp5hnluz804w53prsnv3ztg8j7wsvh29278gek2lt0w4n73dzvamg69lvusxx,12340155262,
a3a48aa499788ef7fb5cdfee858f0a6feed0b4441c4dfc90edc8caa63d856318,2024-11-18T17:56:40.762000,received,kaspa:qr4gyxkkz0wflgrt2452xu29k8f7sa7gydxg5e5ccrrt663lw4xhclek9uakj,12752172226,
a3a48aa499788ef7fb5cdfee858f0a6feed0b4441c4dfc90edc8caa63d856318,2024-11-18T17:56:40.762000,received,kaspa:qqmdrrlznz7cgax9jvefm4g4fwtsnnz8r96574qduyjakmyd5rtgc3a4rx0qr,12752172226,
