tx_id,timestamp,direction,peer_address,amount_sompi,cex_label
e134b832f59132ee8443205edf319f14c9e5b77f878e4f268552c17878017e7c,2025-02-27T12:17:13.587000,received,kaspa:qrvum29vk365g0zcd5gx3c7h829etfq2ytdmscjzw4zw04fjfnprcg9c3tges,987874636000,
303bf50dbf883b4da3def16844870037cd21a36c9a67148df843cd948212e5b2,2025-02-25T16:01:44.067000,received,kaspa:qrvum29vk365g0zcd5gx3c7h829etfq2ytdmscjzw4zw04fjfnprcg9c3tges,2447218831000,
ca1b98ddd9e4ae8364fe98f6df475c09840ea1a32caf8f8c29b78c841c200019,2024-11-03T10:09:22.548000,received,kaspa:qrvum29vk365g0zcd5gx3c7h829etfq2ytdmscjzw4zw04fjfnprcg9c3tges,1683895334000,
6084a078e5834faa31a1568b2573db816d0bd9c8c53981b6c226c548bddd1272,2024-05-25T06:45:38.039000,sent,kaspa:qzhunurrm7wp5z2pp5mlcz7kcuw66r366qe3r3eqhrt42drd96zx6xw4ntvdt,2600000000000,
6084a078e5834faa31a1568b2573db816d0bd9c8c53981b6c226c548bddd1272,2024-05-25T06:45:38.039000,sent,kaspa:qzhunurrm7wp5z2pp5mlcz7kcuw66r366qe3r3eqhrt42drd96zx6xw4ntvdt,2600000000000,
48d31f32f07cdcc92b66a0a57c82f29548bdb855309fc2a9f1abf8999bcefb9a,2024-03-06T03:30:57.720000,received,kaspa:qrvum29vk365g0zcd5gx3c7h829etfq2ytdmscjzw4zw04fjfnprcg9c3tges,1557860480000,
e125320f173a6fadf809c447e455356cd055d2962a6f7e6690f1c4c7525edb66,2024-02-19T13:15:51.496000,sent,kaspa:qzf2c24y037h2kae5v8nesfpqtleh4qnkjen4x8r73sqhq6mu3hd2tsryu0g9,1000000000,
e125320f173a6fadf809c447e455356cd055d2962a6f7e6690f1c4c7525edb66,2024-02-19T13:15:51.496000,sent,kaspa:qzf2c24y037h2kae5v8nesfpqtleh4qnkjen4x8r73sqhq6mu3hd2tsryu0g9,1000000000,
e125320f173a6fadf809c447e455356cd055d2962a6f7e6690f1c4c7525edb66,2024-02-19T13:15:51.496000,sent,kaspa:qzf2c24y037h2kae5v8nesfpqtleh4qnkjen4x8r73sqhq6mu3hd2tsryu0g9,1000000000,
e125320f173a6fadf809c447e455356cd055d2962a6f7e6690f1c4c7525edb66,2024-02-19T13:15:51.496000,sent,kaspa:qzf2c24y037h2kae5v8nesfpqtleh4qnkjen4x8r73sqhq6mu3hd2tsryu0g9,1000000000,
e125320f173a6fadf809c447e455356cd055d2962a6f7e6690f1c4c7525edb66,2024-02-19T13:15:51.496000,sent,kaspa:qzf2c24y037h2kae5v8nesfpqtleh4qnkjen4x8r73sqhq6mu3hd2tsryu0g9,1000000000,
e125320f173a6fadf809c447e455356cd055d2962a6f7e6690f1c4c7525edb66,2024-02-19T13:15:51.496000,sent,kaspa:qzf2c24y037h2kae5v8nesfpqtleh4qnkjen4x8r73sqhq6mu3hd2tsryu0g9,1000000000,
e125320f173a6fadf809c447e455356cd055d2962a6f7e6690f1c4c7525edb66,2024-02-19T13:15:51.496000,sent,kaspa:qzf2c24y037h2kae5v8nesfpqtleh4qnkjen4x8r73sqhq6mu3hd2tsryu0g9,1000000000,
e125320f173a6fadf809c447e455356cd055d2962a6f7e6690f1c4c7525edb66,2024-02-19T13:15:51.496000,sent,kaspa:qzf2c24y037h2kae5v8nesfpqtleh4qnkjen4x8r73sqhq6mu3hd2tsryu0g9,1000000000,
e125320f173a6fadf809c447e455356cd055d2962a6f7e6690f1c4c7525edb66,2024-02-19T13:15:51.496000,sent,kaspa:qzf2c24y037h2kae5v8nesfpqtleh4qnkjen4x8r73sqhq6mu3hd2tsryu0g9,1000000000,
e125320f173a6fadf809c447e455356cd055d2962a6f7e6690f1c4c7525edb66,2024-02-19T13:15:51.496000,sent,kaspa:qzf2c24y037h2kae5v8nesfpqtleh4qnkjen4x8r73sqhq6mu3hd2tsryu0g9,1000000000,
e125320f173a6fadf809c447e455356cd055d2962a6f7e6690f1c4c7525edb66,2024-02-19T13:15:51.496000,sent,kaspa:qzf2c24y037h2kae5v8nesfpqtleh4qnkjen4x8r73sqhq6mu3hd2tsryu0g9,1000000000,
e125320f173a6fadf809c447e455356cd055d2962a6f7e6690f1c4c7525edb66,2024-02-19T13:15:51.496000,sent,kaspa:qzf2c24y037h2kae5v8nesfpqtleh4qnkjen4x8r73sqhq6mu3hd2tsryu0g9,1000000000,
e125320f173a6fadf809c447e455356cd055d2962a6f7e6690f1c4c7525edb66,2024-02-19T13:15:51.496000,sent,kaspa:qzf2c24y037h2kae5v8nesfpqtleh4qnkjen4x8r73sqhq6mu3hd2tsryu0g9,1000000000,
8711354db7667ead4c770c30892b5bfdf0538f4183cd2b8d910e02b79b3af17d,2024-02-01T03:12:11.954000,received,kaspa:qrvum29vk365g0zcd5gx3c7h829etfq2ytdmscjzw4zw04fjfnprcg9c3tges,891666341000,
7f85e40837d4540cc40af6b132b718838083a6568424b39ec2d4b3e1ba2a61c6,2024-01-31T12:10:40.323000,received,kaspa:qrvum29vk365g0zcd5gx3c7h829etfq2ytdmscjzw4zw04fjfnprcg9c3tges,873493532000,
da7e8764ba9a5f9b0c8cdd032b951769d07183fc1bac5a9a8248b55467dee71d,2024-01-25T13:37:38.151000,received,kaspa:qrvum29vk365g0zcd5gx3c7h829etfq2ytdmscjzw4zw04fjfnprcg9c3tges,592972334000,
8818515e1be5c22dbc1a39e13a28ae48a0f15c150c6a0d14034705021d562998,2024-01-24T05:23:44.640000,received,kaspa:qrvum29vk365g0zcd5gx3c7h829etfq2ytdmscjzw4zw04fjfnprcg9c3tges,1436291171000,
6c89c6ebdbf20864b2be7ac52b82665455db299ab61f14024ef772d3fc465681,2024-01-22T12:57:11.667000,received,kaspa:qrvum29vk365g0zcd5gx3c7h829etfq2ytdmscjzw4zw04fjfnprcg9c3tges,881972045000,
27b8aab57382583c50590e717e40910f412a6f7efd7083dbe92342af1f054841,2024-01-19T14:37:13.269000,received,kaspa:qrvum29vk365g0zcd5gx3c7h829etfq2ytdmscjzw4zw04fjfnprcg9c3tges,885148865000,
c771b07de2f450bc85e3fb73ec305868bd63f553ae70f6ce4204e305ec1b3a2b,2024-01-18T13:10:33.372000,received,kaspa:qrvum29vk365g0zcd5gx3c7h829etfq2ytdmscjzw4zw04fjfnprcg9c3tges,1503614780000,
38d60d2509b8914926dea0af88fd39b0291a37752bf044fc51f1f223e29bb322,2024-01-15T13:35:17.398000,received,kaspa:qrvum29vk365g0zcd5gx3c7h829etfq2ytdmscjzw4zw04fjfnprcg9c3tges,1258093547000,
e8d5d2f13083fb61fdf2bc514ad1eee02c63ec141b8d04cf8d561082af27e2fa,2024-01-13T09:40:44.020000,received,kaspa:qplj0xdafvpt0u9tkwereeflhnx26um6f0t44vx3vw54n606mcfpwe83g2a6a,765792341000,
efb59474197951700f33dbd442941874489669edd63fedc4f471e3824e422c6b,2024-01-13T00:31:00.892000,received,kaspa:qrvum29vk365g0zcd5gx3c7h829etfq2ytdmscjzw4zw04fjfnprcg9c3tges,762421715000,
120abce83e6b6cf4107b92c94ac95d0508871b0c58bedd6acd856b2a3494261b,2024-01-12T08:14:23.169000,received,kaspa:qrvum29vk365g0zcd5gx3c7h829etfq2ytdmscjzw4zw04fjfnprcg9c3tges,1451949497000,
86e889cd0ec6444b99b82b18d94bf630dd4bab353534c6a6cdb1a1d80f8470a5,2024-01-09T14:54:19.221000,received,kaspa:qrvum29vk365g0zcd5gx3c7h829etfq2ytdmscjzw4zw04fjfnprcg9c3tges,797597504000,
c642b7e1ae2449067b26ae0e1f1da2854ee2893e1bb347ce9d1080873851444d,2024-01-09T08:08:36.134000,received,kaspa:qrvum29vk365g0zcd5gx3c7h829etfq2ytdmscjzw4zw04fjfnprcg9c3tges,8993828089000,
