tx_id,timestamp,direction,peer_address,amount_sompi,cex_label
0b30c6ebcdfc6437c59b9da6ee03379df19d11ef56cbc980478c66ee9105d4d7,2023-12-16T03:46:08.619000,sent,kaspa:qzslgwenzu78t6tldlng383g7ruu4enaljmnkgaulyrscjp7ldt26x8gfxck5,171940000,
0b30c6ebcdfc6437c59b9da6ee03379df19d11ef56cbc980478c66ee9105d4d7,2023-12-16T03:46:08.619000,sent,kaspa:qzslgwenzu78t6tldlng383g7ruu4enaljmnkgaulyrscjp7ldt26x8gfxck5,171940000,
cb1803e0ecd262af3f101ddb50adb48c5a2551b9e665c7bf60ac808f71717fa7,2023-12-12T07:02:24.458000,received,kaspa:qypswxtcrv4ssyjaswy5w9387vq73mkuyq85tl34cee6qn5uexqy0csgnafnjx7,171000000,
82b1fe44ae311661b4ab507feae59f8fe6313a5395f3ed3048a88659ccbc87c2,2023-11-28T08:26:07.725000,sent,kaspa:qypzsu384dhlkdcfsh7p4uv7ehamk5nyfsrqy236nuzxcgamyky35ysx0gu9acl,18000000,
1f9722e414dbdf8057da6130283c096544ba3ce08e5aab863cea17b8f7694c10,2023-11-28T06:50:33.276000,received,kaspa:qp4u3g6z0559q488y8qx8eq7kxhtqlx5kveyphtskn5zdgrtlx02vrjhcj6e2,19000000,
