tx_id,timestamp,direction,peer_address,amount_sompi,cex_label
b8a4d4a0f0eec14479a2fd0691b27575c02f68ad9a4fd3cd9bca64bfc54b7d6f,2025-03-20T17:48:35.879000,received,kaspa:qr9fqcxp9xjprsm9sv7apy6qc0ja2p676m9gf9fkcww2qmaw4npxzllh7lrw0,8530289000,
5f07ef0d0ec3f2f066bb07fced5c2e5f0da15f69215139cdee2bcf4b85786b5d,2025-03-19T07:05:10.267000,received,kaspa:qrtnpvl4nzhguss0epjaqanss20kjkj5v379nn9np3xk93zlmv3469rllfcu5,2179924000,
df7c49d83a7ecc17cdaf5e750d898078367903c16d1a9cefe23faac4bcfba929,2025-03-18T04:20:59.695000,received,kaspa:qpxahuf5sk047cqhh6jq7x2345c2gjkddpfzxvzg9kwjym079xv6kldzvhw7w,8492250000,
47759c3770727414fe508d12da500f8480a77fa019be27e84bd2bde6a04d9bb9,2025-03-18T04:18:48.649000,received,kaspa:qr9fqcxp9xjprsm9sv7apy6qc0ja2p676m9gf9fkcww2qmaw4npxzllh7lrw0,38871447000,
31fe8b924e391952a78a4464e9a95d90d9a51b14cf99c51f47c92083f010f70b,2025-03-18T04:16:39.416000,received,kaspa:qr9fqcxp9xjprsm9sv7apy6qc0ja2p676m9gf9fkcww2qmaw4npxzllh7lrw0,179151674000,
a23e0cad2d3937fae76309a3f6f0705f3e43c03c78480123a91b081e9b2be2fb,2025-03-17T18:58:37.506000,received,kaspa:qqvn2d8rsq05acgfd7urxdz57s30w5rt48d9u89ssz0973lmv5hfw2twd873a,1038777154000,
ee34d2604b9378bf0fcb86347810610a45a9273265ee35cdccffa985a68ed38d,2025-03-17T18:49:50.358000,received,kaspa:qqsmru5xeau4mmjgsjl4pvzklnkxdy7refnmmkzylsm07d8399weu70zrcdhf,5639727712000,
482fd6e0a9e676f1137843168333341d7e36a160f34b41dea684b84ebb46bf38,2025-03-07T07:35:49.115000,received,kaspa:qr9fqcxp9xjprsm9sv7apy6qc0ja2p676m9gf9fkcww2qmaw4npxzllh7lrw0,94725765000,
1cdf32fda3aa8fef62ee94438a497a87931d1b6b4f303efac909cff12b62bafe,2025-02-19T18:03:01.179000,received,kaspa:qr9fqcxp9xjprsm9sv7apy6qc0ja2p676m9gf9fkcww2qmaw4npxzllh7lrw0,98428379000,
99dbe12cc5c5f3fae8a45e756b8e5497cf713e2480282f4403082e4029b81384,2025-02-13T17:19:04.593000,received,kaspa:qr9fqcxp9xjprsm9sv7apy6qc0ja2p676m9gf9fkcww2qmaw4npxzllh7lrw0,55851032000,
e645593aa1cac3a979275a6f6c928c8e68a42afcfb92534b22a8b73e01f691e8,2025-02-10T10:28:21.688000,received,kaspa:qpa2swl5tv0ek8p7e03cwmx2ad45wl5460l2pfale65ql7dxmas258qa3zv8m,179891319000,
2f4e0bb2a3ded6f74b8c3e406236fc8af490508c9f923184ef9a85fee96bfe94,2025-02-03T17:30:56.845000,received,kaspa:qr9fqcxp9xjprsm9sv7apy6qc0ja2p676m9gf9fkcww2qmaw4npxzllh7lrw0,90016985000,
5ef25ae7ac433fb83f9bbf01f6859d35cb77f9b995597d34a4c148d4db2d23c9,2025-01-30T06:11:40.559000,received,kaspa:qqpfq466c4sh8m6fv5qz5xwecztney876cx6n369r42ar9850achszczkzplz,47080510000,
4dc2c46501c46aad9e6a67c0e136b07a952d22955abce4483aaa792ab750be19,2025-01-26T21:10:19.975000,received,kaspa:qrgsmy66fefhja34nqucwl2fgnghryvxmr9744tqe058jkcrgzugstzcruf2n,59150406000,
dedb5b37020e13b1c99b68390e392bb4b72b7565e2665d119e70cb00fd232453,2025-01-22T18:32:41.571000,received,kaspa:qp5vfvtzm4lsajyq4nphfts4munm374s7klee697pj0wv7ff7h8suu5x4fq7e,27851284000,
653e5a69831cc431aac19d29fa2f652b233fd24e6183ceecee9041d584b55a36,2025-01-16T06:40:20.839000,received,kaspa:qqdymtvs7wd0clptjzxsty3l054xcyytf875rl7dqpdf4syj822ruufymwtq2,55405381000,
0d872b1e4b1d6d5a72d88a5c6eeb3933207810585e5a1c4800c719fb773b7da1,2025-01-08T01:31:45.461000,received,kaspa:qz4jgyqeg329fj36xzm5k6nzushxnvqsr8fu3sqalwr4z9rcrj25c383hyz07,39310764000,
64ea40f14b29eebd0d625f92f773cbc1277946f41d8030c3f7f027df3feba5c0,2025-01-02T16:33:00.009000,received,kaspa:qqkzaeg2zzpxmhqfn8n9xvydswzspwtye6suhkalx26vgwsgfdh0775nppmnw,33846264000,
6e0014bd3adb4345cbf4c907b2755e56a9791edce382d80c04d31797b2c403d8,2024-12-26T18:46:37.957000,received,kaspa:qzdz2qhptcemt869fkeneq32ayqxxge30f6jywqam4ytjrxkpvjess4s2wzu6,33053333000,
d5ff60ccc63f1abcbe57c530ae54a50622dd22ee06a77e9287401897a127ae67,2024-12-23T14:54:09.305000,received,kaspa:qrkja4vj4hhj52yv207r4t4ukfy08wh7fx7pzv88xwa3px87q68pwmeky7a33,33647831000,
8215a8b4cf1d519a43c86ac3762e0a5661a9e80d5e873db8a44e90de4ed49840,2024-12-20T21:28:12.519000,received,kaspa:qp4q3aypuggyccxdnrgetlhzg45xlxu5vzu5hspltd6g7aau44dl6wnmjtqxw,29250253000,
8e95e23780403258f0c0457dcb0c0b2d787ff1629f8b76426578968989e70d8e,2024-12-01T23:23:37.729000,received,kaspa:qptvrs7mwc0mhqflu70eg7s8k89rmhqdc2lyv2h24hy2k8hg5fxskjahxalcv,4892000000,
cf287b2e7e90679e147c5c4805fdbb70ac9da3c5b7c8e27ea2af38fefa9ac4d8,2024-10-08T17:40:57.331000,sent,kaspa:qr8kfc75q3hrct45ya79ctmq3w0c2k4ughc2tyscrymlphxc3zs75lgqcvjys,150000000000,
cf287b2e7e90679e147c5c4805fdbb70ac9da3c5b7c8e27ea2af38fefa9ac4d8,2024-10-08T17:40:57.331000,sent,kaspa:qr8kfc75q3hrct45ya79ctmq3w0c2k4ughc2tyscrymlphxc3zs75lgqcvjys,150000000000,
0f04266016ee97b7bb85b356e17c09befd52435691e0a9dd90d074fbebb2eb17,2024-10-08T16:58:48.817000,received,kaspa:qqphmp3y7rucezjaylr6jjk3v2el0vaqglkqnkfdkmuse2fya6zeyjp32walj,118617000000,
0f04266016ee97b7bb85b356e17c09befd52435691e0a9dd90d074fbebb2eb17,2024-10-08T16:58:48.817000,received,kaspa:qqphmp3y7rucezjaylr6jjk3v2el0vaqglkqnkfdkmuse2fya6zeyjp32walj,118617000000,
0f04266016ee97b7bb85b356e17c09befd52435691e0a9dd90d074fbebb2eb17,2024-10-08T16:58:48.817000,received,kaspa:qqphmp3y7rucezjaylr6jjk3v2el0vaqglkqnkfdkmuse2fya6zeyjp32walj,118617000000,
212be872e3b82ffed97845cd332b52d4a7d4aa1017a4f81dd9686b332196892e,2024-10-08T16:51:10.278000,sent,kaspa:qqphmp3y7rucezjaylr6jjk3v2el0vaqglkqnkfdkmuse2fya6zeyjp32walj,1200000000,
212be872e3b82ffed97845cd332b52d4a7d4aa1017a4f81dd9686b332196892e,2024-10-08T16:51:10.278000,sent,kaspa:qqphmp3y7rucezjaylr6jjk3v2el0vaqglkqnkfdkmuse2fya6zeyjp32walj,1200000000,
212be872e3b82ffed97845cd332b52d4a7d4aa1017a4f81dd9686b332196892e,2024-10-08T16:51:10.278000,sent,kaspa:qqphmp3y7rucezjaylr6jjk3v2el0vaqglkqnkfdkmuse2fya6zeyjp32walj,1200000000,
212be872e3b82ffed97845cd332b52d4a7d4aa1017a4f81dd9686b332196892e,2024-10-08T16:51:10.278000,sent,kaspa:qqphmp3y7rucezjaylr6jjk3v2el0vaqglkqnkfdkmuse2fya6zeyjp32walj,1200000000,
212be872e3b82ffed97845cd332b52d4a7d4aa1017a4f81dd9686b332196892e,2024-10-08T16:51:10.278000,sent,kaspa:qqphmp3y7rucezjaylr6jjk3v2el0vaqglkqnkfdkmuse2fya6zeyjp32walj,1200000000,
212be872e3b82ffed97845cd332b52d4a7d4aa1017a4f81dd9686b332196892e,2024-10-08T16:51:10.278000,sent,kaspa:qqphmp3y7rucezjaylr6jjk3v2el0vaqglkqnkfdkmuse2fya6zeyjp32walj,1200000000,
212be872e3b82ffed97845cd332b52d4a7d4aa1017a4f81dd9686b332196892e,2024-10-08T16:51:10.278000,sent,kaspa:qqphmp3y7rucezjaylr6jjk3v2el0vaqglkqnkfdkmuse2fya6zeyjp32walj,1200000000,
212be872e3b82ffed97845cd332b52d4a7d4aa1017a4f81dd9686b332196892e,2024-10-08T16:51:10.278000,sent,kaspa:qqphmp3y7rucezjaylr6jjk3v2el0vaqglkqnkfdkmuse2fya6zeyjp32walj,1200000000,
212be872e3b82ffed97845cd332b52d4a7d4aa1017a4f81dd9686b332196892e,2024-10-08T16:51:10.278000,sent,kaspa:qqphmp3y7rucezjaylr6jjk3v2el0vaqglkqnkfdkmuse2fya6zeyjp32walj,1200000000,
4f788a0f97d22c02b93007ed97aab2fe2301d6d7211ff5d4d914d504c7b3ff85,2024-10-01T21:02:47.686000,received,kaspa:qqphmp3y7rucezjaylr6jjk3v2el0vaqglkqnkfdkmuse2fya6zeyjp32walj,99712000000,
4f788a0f97d22c02b93007ed97aab2fe2301d6d7211ff5d4d914d504c7b3ff85,2024-10-01T21:02:47.686000,received,kaspa:qqphmp3y7rucezjaylr6jjk3v2el0vaqglkqnkfdkmuse2fya6zeyjp32walj,99712000000,
4f788a0f97d22c02b93007ed97aab2fe2301d6d7211ff5d4d914d504c7b3ff85,2024-10-01T21:02:47.686000,received,kaspa:qqphmp3y7rucezjaylr6jjk3v2el0vaqglkqnkfdkmuse2fya6zeyjp32walj,99712000000,
4f788a0f97d22c02b93007ed97aab2fe2301d6d7211ff5d4d914d504c7b3ff85,2024-10-01T21:02:47.686000,received,kaspa:qqphmp3y7rucezjaylr6jjk3v2el0vaqglkqnkfdkmuse2fya6zeyjp32walj,99712000000,
4f788a0f97d22c02b93007ed97aab2fe2301d6d7211ff5d4d914d504c7b3ff85,2024-10-01T21:02:47.686000,received,kaspa:qqphmp3y7rucezjaylr6jjk3v2el0vaqglkqnkfdkmuse2fya6zeyjp32walj,99712000000,
4f788a0f97d22c02b93007ed97aab2fe2301d6d7211ff5d4d914d504c7b3ff85,2024-10-01T21:02:47.686000,received,kaspa:qqphmp3y7rucezjaylr6jjk3v2el0vaqglkqnkfdkmuse2fya6zeyjp32walj,99712000000,
4f788a0f97d22c02b93007ed97aab2fe2301d6d7211ff5d4d914d504c7b3ff85,2024-10-01T21:02:47.686000,received,kaspa:qqphmp3y7rucezjaylr6jjk3v2el0vaqglkqnkfdkmuse2fya6zeyjp32walj,99712000000,
4f788a0f97d22c02b93007ed97aab2fe2301d6d7211ff5d4d914d504c7b3ff85,2024-10-01T21:02:47.686000,received,kaspa:qqphmp3y7rucezjaylr6jjk3v2el0vaqglkqnkfdkmuse2fya6zeyjp32walj,99712000000,
4f788a0f97d22c02b93007ed97aab2fe2301d6d7211ff5d4d914d504c7b3ff85,2024-10-01T21:02:47.686000,received,kaspa:qqphmp3y7rucezjaylr6jjk3v2el0vaqglkqnkfdkmuse2fya6zeyjp32walj,99712000000,
4f788a0f97d22c02b93007ed97aab2fe2301d6d7211ff5d4d914d504c7b3ff85,2024-10-01T21:02:47.686000,received,kaspa:qqphmp3y7rucezjaylr6jjk3v2el0vaqglkqnkfdkmuse2fya6zeyjp32walj,99712000000,
a9124c9e31f96d3a574d1b0c89de20115c46291f5079e3880be33333b4f8289b,2024-05-02T07:07:09.086000,received,kaspa:qppr7q4mykgfw4s37lh4z7pqa6x5a5aya9g0ku4dvyk4rttf2smrxk4680npn,428185337575,
a24c6d70987a62728924c73150e0b0a5793f66749e520200bc3599d6922e73b9,2023-12-22T08:48:26.109000,received,kaspa:qz5wq720uhez82722dcepryf4eufefa8npntvdyqnvzxmnme0lu2vzgxn7usd,729109905,
fc11e7bd01344bd22a963ad0841912c17e454e3a794f98f3eaff1faa07021742,2023-12-16T19:44:51.113000,received,kaspa:qqwvnkp47wsj6n4hkdlgj8dsauyx0xvefunnwvvsmpq2udd0ka8ckmpuqw3k5,2243512197,
fc11e7bd01344bd22a963ad0841912c17e454e3a794f98f3eaff1faa07021742,2023-12-16T19:44:51.113000,received,kaspa:qqwvnkp47wsj6n4hkdlgj8dsauyx0xvefunnwvvsmpq2udd0ka8ckmpuqw3k5,2243512197,
fc11e7bd01344bd22a963ad0841912c17e454e3a794f98f3eaff1faa07021742,2023-12-16T19:44:51.113000,received,kaspa:qqwvnkp47wsj6n4hkdlgj8dsauyx0xvefunnwvvsmpq2udd0ka8ckmpuqw3k5,2243512197,
fc11e7bd01344bd22a963ad0841912c17e454e3a794f98f3eaff1faa07021742,2023-12-16T19:44:51.113000,received,kaspa:qqwvnkp47wsj6n4hkdlgj8dsauyx0xvefunnwvvsmpq2udd0ka8ckmpuqw3k5,2243512197,
fc11e7bd01344bd22a963ad0841912c17e454e3a794f98f3eaff1faa07021742,2023-12-16T19:44:51.113000,received,kaspa:qqwvnkp47wsj6n4hkdlgj8dsauyx0xvefunnwvvsmpq2udd0ka8ckmpuqw3k5,2243512197,
fc11e7bd01344bd22a963ad0841912c17e454e3a794f98f3eaff1faa07021742,2023-12-16T19:44:51.113000,received,kaspa:qqwvnkp47wsj6n4hkdlgj8dsauyx0xvefunnwvvsmpq2udd0ka8ckmpuqw3k5,2243512197,
1b3ff32887f07339d9d5249e5b4cbc9488d3ec34d0b607732bee6c30df0fa91e,2023-12-16T19:17:54.494000,received,kaspa:qz5wq720uhez82722dcepryf4eufefa8npntvdyqnvzxmnme0lu2vzgxn7usd,56700000000,
1b3ff32887f07339d9d5249e5b4cbc9488d3ec34d0b607732bee6c30df0fa91e,2023-12-16T19:17:54.494000,received,kaspa:qz5wq720uhez82722dcepryf4eufefa8npntvdyqnvzxmnme0lu2vzgxn7usd,56700000000,
1b3ff32887f07339d9d5249e5b4cbc9488d3ec34d0b607732bee6c30df0fa91e,2023-12-16T19:17:54.494000,received,kaspa:qz5wq720uhez82722dcepryf4eufefa8npntvdyqnvzxmnme0lu2vzgxn7usd,56700000000,
1b3ff32887f07339d9d5249e5b4cbc9488d3ec34d0b607732bee6c30df0fa91e,2023-12-16T19:17:54.494000,received,kaspa:qz5wq720uhez82722dcepryf4eufefa8npntvdyqnvzxmnme0lu2vzgxn7usd,56700000000,
1b3ff32887f07339d9d5249e5b4cbc9488d3ec34d0b607732bee6c30df0fa91e,2023-12-16T19:17:54.494000,received,kaspa:qz5wq720uhez82722dcepryf4eufefa8npntvdyqnvzxmnme0lu2vzgxn7usd,56700000000,
1b3ff32887f07339d9d5249e5b4cbc9488d3ec34d0b607732bee6c30df0fa91e,2023-12-16T19:17:54.494000,received,kaspa:qz5wq720uhez82722dcepryf4eufefa8npntvdyqnvzxmnme0lu2vzgxn7usd,56700000000,
93198a3c28e42814f9c8d9bb9d68ab1f44aa777278307a7252d359e71c296b64,2023-12-16T19:16:22.513000,received,kaspa:qz5wq720uhez82722dcepryf4eufefa8npntvdyqnvzxmnme0lu2vzgxn7usd,500000000000,
93198a3c28e42814f9c8d9bb9d68ab1f44aa777278307a7252d359e71c296b64,2023-12-16T19:16:22.513000,received,kaspa:qz5wq720uhez82722dcepryf4eufefa8npntvdyqnvzxmnme0lu2vzgxn7usd,500000000000,
93198a3c28e42814f9c8d9bb9d68ab1f44aa777278307a7252d359e71c296b64,2023-12-16T19:16:22.513000,received,kaspa:qz5wq720uhez82722dcepryf4eufefa8npntvdyqnvzxmnme0lu2vzgxn7usd,500000000000,
93198a3c28e42814f9c8d9bb9d68ab1f44aa777278307a7252d359e71c296b64,2023-12-16T19:16:22.513000,received,kaspa:qz5wq720uhez82722dcepryf4eufefa8npntvdyqnvzxmnme0lu2vzgxn7usd,500000000000,
93198a3c28e42814f9c8d9bb9d68ab1f44aa777278307a7252d359e71c296b64,2023-12-16T19:16:22.513000,received,kaspa:qz5wq720uhez82722dcepryf4eufefa8npntvdyqnvzxmnme0lu2vzgxn7usd,500000000000,
93198a3c28e42814f9c8d9bb9d68ab1f44aa777278307a7252d359e71c296b64,2023-12-16T19:16:22.513000,received,kaspa:qz5wq720uhez82722dcepryf4eufefa8npntvdyqnvzxmnme0lu2vzgxn7usd,500000000000,
93198a3c28e42814f9c8d9bb9d68ab1f44aa777278307a7252d359e71c296b64,2023-12-16T19:16:22.513000,received,kaspa:qz5wq720uhez82722dcepryf4eufefa8npntvdyqnvzxmnme0lu2vzgxn7usd,500000000000,
93198a3c28e42814f9c8d9bb9d68ab1f44aa777278307a7252d359e71c296b64,2023-12-16T19:16:22.513000,received,kaspa:qz5wq720uhez82722dcepryf4eufefa8npntvdyqnvzxmnme0lu2vzgxn7usd,500000000000,
93198a3c28e42814f9c8d9bb9d68ab1f44aa777278307a7252d359e71c296b64,2023-12-16T19:16:22.513000,received,kaspa:qz5wq720uhez82722dcepryf4eufefa8npntvdyqnvzxmnme0lu2vzgxn7usd,500000000000,
93198a3c28e42814f9c8d9bb9d68ab1f44aa777278307a7252d359e71c296b64,2023-12-16T19:16:22.513000,received,kaspa:qz5wq720uhez82722dcepryf4eufefa8npntvdyqnvzxmnme0lu2vzgxn7usd,500000000000,
93198a3c28e42814f9c8d9bb9d68ab1f44aa777278307a7252d359e71c296b64,2023-12-16T19:16:22.513000,received,kaspa:qz5wq720uhez82722dcepryf4eufefa8npntvdyqnvzxmnme0lu2vzgxn7usd,500000000000,
93198a3c28e42814f9c8d9bb9d68ab1f44aa777278307a7252d359e71c296b64,2023-12-16T19:16:22.513000,received,kaspa:qz5wq720uhez82722dcepryf4eufefa8npntvdyqnvzxmnme0lu2vzgxn7usd,500000000000,
93198a3c28e42814f9c8d9bb9d68ab1f44aa777278307a7252d359e71c296b64,2023-12-16T19:16:22.513000,received,kaspa:qz5wq720uhez82722dcepryf4eufefa8npntvdyqnvzxmnme0lu2vzgxn7usd,500000000000,
93198a3c28e42814f9c8d9bb9d68ab1f44aa777278307a7252d359e71c296b64,2023-12-16T19:16:22.513000,received,kaspa:qz5wq720uhez82722dcepryf4eufefa8npntvdyqnvzxmnme0lu2vzgxn7usd,500000000000,
93198a3c28e42814f9c8d9bb9d68ab1f44aa777278307a7252d359e71c296b64,2023-12-16T19:16:22.513000,received,kaspa:qz5wq720uhez82722dcepryf4eufefa8npntvdyqnvzxmnme0lu2vzgxn7usd,500000000000,
93198a3c28e42814f9c8d9bb9d68ab1f44aa777278307a7252d359e71c296b64,2023-12-16T19:16:22.513000,received,kaspa:qz5wq720uhez82722dcepryf4eufefa8npntvdyqnvzxmnme0lu2vzgxn7usd,500000000000,
93198a3c28e42814f9c8d9bb9d68ab1f44aa777278307a7252d359e71c296b64,2023-12-16T19:16:22.513000,received,kaspa:qz5wq720uhez82722dcepryf4eufefa8npntvdyqnvzxmnme0lu2vzgxn7usd,500000000000,
93198a3c28e42814f9c8d9bb9d68ab1f44aa777278307a7252d359e71c296b64,2023-12-16T19:16:22.513000,received,kaspa:qz5wq720uhez82722dcepryf4eufefa8npntvdyqnvzxmnme0lu2vzgxn7usd,500000000000,
93198a3c28e42814f9c8d9bb9d68ab1f44aa777278307a7252d359e71c296b64,2023-12-16T19:16:22.513000,received,kaspa:qz5wq720uhez82722dcepryf4eufefa8npntvdyqnvzxmnme0lu2vzgxn7usd,500000000000,
93198a3c28e42814f9c8d9bb9d68ab1f44aa777278307a7252d359e71c296b64,2023-12-16T19:16:22.513000,received,kaspa:qz5wq720uhez82722dcepryf4eufefa8npntvdyqnvzxmnme0lu2vzgxn7usd,500000000000,
93198a3c28e42814f9c8d9bb9d68ab1f44aa777278307a7252d359e71c296b64,2023-12-16T19:16:22.513000,received,kaspa:qz5wq720uhez82722dcepryf4eufefa8npntvdyqnvzxmnme0lu2vzgxn7usd,500000000000,
93198a3c28e42814f9c8d9bb9d68ab1f44aa777278307a7252d359e71c296b64,2023-12-16T19:16:22.513000,received,kaspa:qz5wq720uhez82722dcepryf4eufefa8npntvdyqnvzxmnme0lu2vzgxn7usd,500000000000,
93198a3c28e42814f9c8d9bb9d68ab1f44aa777278307a7252d359e71c296b64,2023-12-16T19:16:22.513000,received,kaspa:qz5wq720uhez82722dcepryf4eufefa8npntvdyqnvzxmnme0lu2vzgxn7usd,500000000000,
93198a3c28e42814f9c8d9bb9d68ab1f44aa777278307a7252d359e71c296b64,2023-12-16T19:16:22.513000,received,kaspa:qz5wq720uhez82722dcepryf4eufefa8npntvdyqnvzxmnme0lu2vzgxn7usd,500000000000,
93198a3c28e42814f9c8d9bb9d68ab1f44aa777278307a7252d359e71c296b64,2023-12-16T19:16:22.513000,received,kaspa:qz5wq720uhez82722dcepryf4eufefa8npntvdyqnvzxmnme0lu2vzgxn7usd,500000000000,
93198a3c28e42814f9c8d9bb9d68ab1f44aa777278307a7252d359e71c296b64,2023-12-16T19:16:22.513000,received,kaspa:qz5wq720uhez82722dcepryf4eufefa8npntvdyqnvzxmnme0lu2vzgxn7usd,500000000000,
93198a3c28e42814f9c8d9bb9d68ab1f44aa777278307a7252d359e71c296b64,2023-12-16T19:16:22.513000,received,kaspa:qz5wq720uhez82722dcepryf4eufefa8npntvdyqnvzxmnme0lu2vzgxn7usd,500000000000,
93198a3c28e42814f9c8d9bb9d68ab1f44aa777278307a7252d359e71c296b64,2023-12-16T19:16:22.513000,received,kaspa:qz5wq720uhez82722dcepryf4eufefa8npntvdyqnvzxmnme0lu2vzgxn7usd,500000000000,
93198a3c28e42814f9c8d9bb9d68ab1f44aa777278307a7252d359e71c296b64,2023-12-16T19:16:22.513000,received,kaspa:qz5wq720uhez82722dcepryf4eufefa8npntvdyqnvzxmnme0lu2vzgxn7usd,500000000000,
93198a3c28e42814f9c8d9bb9d68ab1f44aa777278307a7252d359e71c296b64,2023-12-16T19:16:22.513000,received,kaspa:qz5wq720uhez82722dcepryf4eufefa8npntvdyqnvzxmnme0lu2vzgxn7usd,500000000000,
93198a3c28e42814f9c8d9bb9d68ab1f44aa777278307a7252d359e71c296b64,2023-12-16T19:16:22.513000,received,kaspa:qz5wq720uhez82722dcepryf4eufefa8npntvdyqnvzxmnme0lu2vzgxn7usd,500000000000,
93198a3c28e42814f9c8d9bb9d68ab1f44aa777278307a7252d359e71c296b64,2023-12-16T19:16:22.513000,received,kaspa:qz5wq720uhez82722dcepryf4eufefa8npntvdyqnvzxmnme0lu2vzgxn7usd,500000000000,
93198a3c28e42814f9c8d9bb9d68ab1f44aa777278307a7252d359e71c296b64,2023-12-16T19:16:22.513000,received,kaspa:qz5wq720uhez82722dcepryf4eufefa8npntvdyqnvzxmnme0lu2vzgxn7usd,500000000000,
93198a3c28e42814f9c8d9bb9d68ab1f44aa777278307a7252d359e71c296b64,2023-12-16T19:16:22.513000,received,kaspa:qz5wq720uhez82722dcepryf4eufefa8npntvdyqnvzxmnme0lu2vzgxn7usd,500000000000,
93198a3c28e42814f9c8d9bb9d68ab1f44aa777278307a7252d359e71c296b64,2023-12-16T19:16:22.513000,received,kaspa:qz5wq720uhez82722dcepryf4eufefa8npntvdyqnvzxmnme0lu2vzgxn7usd,500000000000,
93198a3c28e42814f9c8d9bb9d68ab1f44aa777278307a7252d359e71c296b64,2023-12-16T19:16:22.513000,received,kaspa:qz5wq720uhez82722dcepryf4eufefa8npntvdyqnvzxmnme0lu2vzgxn7usd,500000000000,
93198a3c28e42814f9c8d9bb9d68ab1f44aa777278307a7252d359e71c296b64,2023-12-16T19:16:22.513000,received,kaspa:qz5wq720uhez82722dcepryf4eufefa8npntvdyqnvzxmnme0lu2vzgxn7usd,500000000000,
93198a3c28e42814f9c8d9bb9d68ab1f44aa777278307a7252d359e71c296b64,2023-12-16T19:16:22.513000,received,kaspa:qz5wq720uhez82722dcepryf4eufefa8npntvdyqnvzxmnme0lu2vzgxn7usd,500000000000,
93198a3c28e42814f9c8d9bb9d68ab1f44aa777278307a7252d359e71c296b64,2023-12-16T19:16:22.513000,received,kaspa:qz5wq720uhez82722dcepryf4eufefa8npntvdyqnvzxmnme0lu2vzgxn7usd,500000000000,
93198a3c28e42814f9c8d9bb9d68ab1f44aa777278307a7252d359e71c296b64,2023-12-16T19:16:22.513000,received,kaspa:qz5wq720uhez82722dcepryf4eufefa8npntvdyqnvzxmnme0lu2vzgxn7usd,500000000000,
93198a3c28e42814f9c8d9bb9d68ab1f44aa777278307a7252d359e71c296b64,2023-12-16T19:16:22.513000,received,kaspa:qz5wq720uhez82722dcepryf4eufefa8npntvdyqnvzxmnme0lu2vzgxn7usd,500000000000,
93198a3c28e42814f9c8d9bb9d68ab1f44aa777278307a7252d359e71c296b64,2023-12-16T19:16:22.513000,received,kaspa:qz5wq720uhez82722dcepryf4eufefa8npntvdyqnvzxmnme0lu2vzgxn7usd,500000000000,
93198a3c28e42814f9c8d9bb9d68ab1f44aa777278307a7252d359e71c296b64,2023-12-16T19:16:22.513000,received,kaspa:qz5wq720uhez82722dcepryf4eufefa8npntvdyqnvzxmnme0lu2vzgxn7usd,500000000000,
93198a3c28e42814f9c8d9bb9d68ab1f44aa777278307a7252d359e71c296b64,2023-12-16T19:16:22.513000,received,kaspa:qz5wq720uhez82722dcepryf4eufefa8npntvdyqnvzxmnme0lu2vzgxn7usd,500000000000,
93198a3c28e42814f9c8d9bb9d68ab1f44aa777278307a7252d359e71c296b64,2023-12-16T19:16:22.513000,received,kaspa:qz5wq720uhez82722dcepryf4eufefa8npntvdyqnvzxmnme0lu2vzgxn7usd,500000000000,
93198a3c28e42814f9c8d9bb9d68ab1f44aa777278307a7252d359e71c296b64,2023-12-16T19:16:22.513000,received,kaspa:qz5wq720uhez82722dcepryf4eufefa8npntvdyqnvzxmnme0lu2vzgxn7usd,500000000000,
93198a3c28e42814f9c8d9bb9d68ab1f44aa777278307a7252d359e71c296b64,2023-12-16T19:16:22.513000,received,kaspa:qz5wq720uhez82722dcepryf4eufefa8npntvdyqnvzxmnme0lu2vzgxn7usd,500000000000,
93198a3c28e42814f9c8d9bb9d68ab1f44aa777278307a7252d359e71c296b64,2023-12-16T19:16:22.513000,received,kaspa:qz5wq720uhez82722dcepryf4eufefa8npntvdyqnvzxmnme0lu2vzgxn7usd,500000000000,
93198a3c28e42814f9c8d9bb9d68ab1f44aa777278307a7252d359e71c296b64,2023-12-16T19:16:22.513000,received,kaspa:qz5wq720uhez82722dcepryf4eufefa8npntvdyqnvzxmnme0lu2vzgxn7usd,500000000000,
93198a3c28e42814f9c8d9bb9d68ab1f44aa777278307a7252d359e71c296b64,2023-12-16T19:16:22.513000,received,kaspa:qz5wq720uhez82722dcepryf4eufefa8npntvdyqnvzxmnme0lu2vzgxn7usd,500000000000,
93198a3c28e42814f9c8d9bb9d68ab1f44aa777278307a7252d359e71c296b64,2023-12-16T19:16:22.513000,received,kaspa:qz5wq720uhez82722dcepryf4eufefa8npntvdyqnvzxmnme0lu2vzgxn7usd,500000000000,
93198a3c28e42814f9c8d9bb9d68ab1f44aa777278307a7252d359e71c296b64,2023-12-16T19:16:22.513000,received,kaspa:qz5wq720uhez82722dcepryf4eufefa8npntvdyqnvzxmnme0lu2vzgxn7usd,500000000000,
93198a3c28e42814f9c8d9bb9d68ab1f44aa777278307a7252d359e71c296b64,2023-12-16T19:16:22.513000,received,kaspa:qz5wq720uhez82722dcepryf4eufefa8npntvdyqnvzxmnme0lu2vzgxn7usd,500000000000,
93198a3c28e42814f9c8d9bb9d68ab1f44aa777278307a7252d359e71c296b64,2023-12-16T19:16:22.513000,received,kaspa:qz5wq720uhez82722dcepryf4eufefa8npntvdyqnvzxmnme0lu2vzgxn7usd,500000000000,
93198a3c28e42814f9c8d9bb9d68ab1f44aa777278307a7252d359e71c296b64,2023-12-16T19:16:22.513000,received,kaspa:qz5wq720uhez82722dcepryf4eufefa8npntvdyqnvzxmnme0lu2vzgxn7usd,500000000000,
93198a3c28e42814f9c8d9bb9d68ab1f44aa777278307a7252d359e71c296b64,2023-12-16T19:16:22.513000,received,kaspa:qz5wq720uhez82722dcepryf4eufefa8npntvdyqnvzxmnme0lu2vzgxn7usd,500000000000,
93198a3c28e42814f9c8d9bb9d68ab1f44aa777278307a7252d359e71c296b64,2023-12-16T19:16:22.513000,received,kaspa:qz5wq720uhez82722dcepryf4eufefa8npntvdyqnvzxmnme0lu2vzgxn7usd,500000000000,
93198a3c28e42814f9c8d9bb9d68ab1f44aa777278307a7252d359e71c296b64,2023-12-16T19:16:22.513000,received,kaspa:qz5wq720uhez82722dcepryf4eufefa8npntvdyqnvzxmnme0lu2vzgxn7usd,500000000000,
93198a3c28e42814f9c8d9bb9d68ab1f44aa777278307a7252d359e71c296b64,2023-12-16T19:16:22.513000,received,kaspa:qz5wq720uhez82722dcepryf4eufefa8npntvdyqnvzxmnme0lu2vzgxn7usd,500000000000,
93198a3c28e42814f9c8d9bb9d68ab1f44aa777278307a7252d359e71c296b64,2023-12-16T19:16:22.513000,received,kaspa:qz5wq720uhez82722dcepryf4eufefa8npntvdyqnvzxmnme0lu2vzgxn7usd,500000000000,
93198a3c28e42814f9c8d9bb9d68ab1f44aa777278307a7252d359e71c296b64,2023-12-16T19:16:22.513000,received,kaspa:qz5wq720uhez82722dcepryf4eufefa8npntvdyqnvzxmnme0lu2vzgxn7usd,500000000000,
93198a3c28e42814f9c8d9bb9d68ab1f44aa777278307a7252d359e71c296b64,2023-12-16T19:16:22.513000,received,kaspa:qz5wq720uhez82722dcepryf4eufefa8npntvdyqnvzxmnme0lu2vzgxn7usd,500000000000,
93198a3c28e42814f9c8d9bb9d68ab1f44aa777278307a7252d359e71c296b64,2023-12-16T19:16:22.513000,received,kaspa:qz5wq720uhez82722dcepryf4eufefa8npntvdyqnvzxmnme0lu2vzgxn7usd,500000000000,
93198a3c28e42814f9c8d9bb9d68ab1f44aa777278307a7252d359e71c296b64,2023-12-16T19:16:22.513000,received,kaspa:qz5wq720uhez82722dcepryf4eufefa8npntvdyqnvzxmnme0lu2vzgxn7usd,500000000000,
93198a3c28e42814f9c8d9bb9d68ab1f44aa777278307a7252d359e71c296b64,2023-12-16T19:16:22.513000,received,kaspa:qz5wq720uhez82722dcepryf4eufefa8npntvdyqnvzxmnme0lu2vzgxn7usd,500000000000,
93198a3c28e42814f9c8d9bb9d68ab1f44aa777278307a7252d359e71c296b64,2023-12-16T19:16:22.513000,received,kaspa:qz5wq720uhez82722dcepryf4eufefa8npntvdyqnvzxmnme0lu2vzgxn7usd,500000000000,
93198a3c28e42814f9c8d9bb9d68ab1f44aa777278307a7252d359e71c296b64,2023-12-16T19:16:22.513000,received,kaspa:qz5wq720uhez82722dcepryf4eufefa8npntvdyqnvzxmnme0lu2vzgxn7usd,500000000000,
93198a3c28e42814f9c8d9bb9d68ab1f44aa777278307a7252d359e71c296b64,2023-12-16T19:16:22.513000,received,kaspa:qz5wq720uhez82722dcepryf4eufefa8npntvdyqnvzxmnme0lu2vzgxn7usd,500000000000,
93198a3c28e42814f9c8d9bb9d68ab1f44aa777278307a7252d359e71c296b64,2023-12-16T19:16:22.513000,received,kaspa:qz5wq720uhez82722dcepryf4eufefa8npntvdyqnvzxmnme0lu2vzgxn7usd,500000000000,
93198a3c28e42814f9c8d9bb9d68ab1f44aa777278307a7252d359e71c296b64,2023-12-16T19:16:22.513000,received,kaspa:qz5wq720uhez82722dcepryf4eufefa8npntvdyqnvzxmnme0lu2vzgxn7usd,500000000000,
93198a3c28e42814f9c8d9bb9d68ab1f44aa777278307a7252d359e71c296b64,2023-12-16T19:16:22.513000,received,kaspa:qz5wq720uhez82722dcepryf4eufefa8npntvdyqnvzxmnme0lu2vzgxn7usd,500000000000,
93198a3c28e42814f9c8d9bb9d68ab1f44aa777278307a7252d359e71c296b64,2023-12-16T19:16:22.513000,received,kaspa:qz5wq720uhez82722dcepryf4eufefa8npntvdyqnvzxmnme0lu2vzgxn7usd,500000000000,
93198a3c28e42814f9c8d9bb9d68ab1f44aa777278307a7252d359e71c296b64,2023-12-16T19:16:22.513000,received,kaspa:qz5wq720uhez82722dcepryf4eufefa8npntvdyqnvzxmnme0lu2vzgxn7usd,500000000000,
93198a3c28e42814f9c8d9bb9d68ab1f44aa777278307a7252d359e71c296b64,2023-12-16T19:16:22.513000,received,kaspa:qz5wq720uhez82722dcepryf4eufefa8npntvdyqnvzxmnme0lu2vzgxn7usd,500000000000,
93198a3c28e42814f9c8d9bb9d68ab1f44aa777278307a7252d359e71c296b64,2023-12-16T19:16:22.513000,received,kaspa:qz5wq720uhez82722dcepryf4eufefa8npntvdyqnvzxmnme0lu2vzgxn7usd,500000000000,
93198a3c28e42814f9c8d9bb9d68ab1f44aa777278307a7252d359e71c296b64,2023-12-16T19:16:22.513000,received,kaspa:qz5wq720uhez82722dcepryf4eufefa8npntvdyqnvzxmnme0lu2vzgxn7usd,500000000000,
93198a3c28e42814f9c8d9bb9d68ab1f44aa777278307a7252d359e71c296b64,2023-12-16T19:16:22.513000,received,kaspa:qz5wq720uhez82722dcepryf4eufefa8npntvdyqnvzxmnme0lu2vzgxn7usd,500000000000,
93198a3c28e42814f9c8d9bb9d68ab1f44aa777278307a7252d359e71c296b64,2023-12-16T19:16:22.513000,received,kaspa:qz5wq720uhez82722dcepryf4eufefa8npntvdyqnvzxmnme0lu2vzgxn7usd,500000000000,
93198a3c28e42814f9c8d9bb9d68ab1f44aa777278307a7252d359e71c296b64,2023-12-16T19:16:22.513000,received,kaspa:qz5wq720uhez82722dcepryf4eufefa8npntvdyqnvzxmnme0lu2vzgxn7usd,500000000000,
93198a3c28e42814f9c8d9bb9d68ab1f44aa777278307a7252d359e71c296b64,2023-12-16T19:16:22.513000,received,kaspa:qz5wq720uhez82722dcepryf4eufefa8npntvdyqnvzxmnme0lu2vzgxn7usd,500000000000,
93198a3c28e42814f9c8d9bb9d68ab1f44aa777278307a7252d359e71c296b64,2023-12-16T19:16:22.513000,received,kaspa:qz5wq720uhez82722dcepryf4eufefa8npntvdyqnvzxmnme0lu2vzgxn7usd,500000000000,
93198a3c28e42814f9c8d9bb9d68ab1f44aa777278307a7252d359e71c296b64,2023-12-16T19:16:22.513000,received,kaspa:qz5wq720uhez82722dcepryf4eufefa8npntvdyqnvzxmnme0lu2vzgxn7usd,500000000000,
93198a3c28e42814f9c8d9bb9d68ab1f44aa777278307a7252d359e71c296b64,2023-12-16T19:16:22.513000,received,kaspa:qz5wq720uhez82722dcepryf4eufefa8npntvdyqnvzxmnme0lu2vzgxn7usd,500000000000,
93198a3c28e42814f9c8d9bb9d68ab1f44aa777278307a7252d359e71c296b64,2023-12-16T19:16:22.513000,received,kaspa:qz5wq720uhez82722dcepryf4eufefa8npntvdyqnvzxmnme0lu2vzgxn7usd,500000000000,
93198a3c28e42814f9c8d9bb9d68ab1f44aa777278307a7252d359e71c296b64,2023-12-16T19:16:22.513000,received,kaspa:qz5wq720uhez82722dcepryf4eufefa8npntvdyqnvzxmnme0lu2vzgxn7usd,500000000000,
8fa0076a40add8c91b8ff9b750c9657d6c3d47a868d7ec7d85504ca2fde7123c,2023-09-03T02:14:03.219000,received,kaspa:qqetp7ct8kqss99fxmymyz5t3fezppxp0t58wl6pawp27elqd46uudme00cl0,122363000000,
82d595a0fd0a39c3a5ae7d351cad1a68bdf41eb2e2c29125ca290cb802d15a72,2023-08-10T18:42:52.568000,received,kaspa:qrwj6sjc7mcx3rk5wpvnvc63hgqqhjhtn0kk559k9zut8zu8ldvszm59we5ks,1027756988803,
82d595a0fd0a39c3a5ae7d351cad1a68bdf41eb2e2c29125ca290cb802d15a72,2023-08-10T18:42:52.568000,received,kaspa:qrwj6sjc7mcx3rk5wpvnvc63hgqqhjhtn0kk559k9zut8zu8ldvszm59we5ks,1027756988803,
82d595a0fd0a39c3a5ae7d351cad1a68bdf41eb2e2c29125ca290cb802d15a72,2023-08-10T18:42:52.568000,received,kaspa:qrwj6sjc7mcx3rk5wpvnvc63hgqqhjhtn0kk559k9zut8zu8ldvszm59we5ks,1027756988803,
82d595a0fd0a39c3a5ae7d351cad1a68bdf41eb2e2c29125ca290cb802d15a72,2023-08-10T18:42:52.568000,received,kaspa:qrwj6sjc7mcx3rk5wpvnvc63hgqqhjhtn0kk559k9zut8zu8ldvszm59we5ks,1027756988803,
f69355c50ea66c4fd58e6819ced4533bb3b4e672e7731baac719ec9b5ef51697,2023-08-10T18:40:42.359000,received,kaspa:qrwj6sjc7mcx3rk5wpvnvc63hgqqhjhtn0kk559k9zut8zu8ldvszm59we5ks,200000000,
