tx_id,timestamp,direction,peer_address,amount_sompi,cex_label
4d10da3c5fdad911fb18de9d27986da5625ed8d4f85ff9f4ef3d1b3bce5b929c,2023-12-16T04:54:44.690000,sent,kaspa:qzslgwenzu78t6tldlng383g7ruu4enaljmnkgaulyrscjp7ldt26x8gfxck5,171940000,
4d10da3c5fdad911fb18de9d27986da5625ed8d4f85ff9f4ef3d1b3bce5b929c,2023-12-16T04:54:44.690000,sent,kaspa:qzslgwenzu78t6tldlng383g7ruu4enaljmnkgaulyrscjp7ldt26x8gfxck5,171940000,
e59bdb0a5d18e2ab23bda9bfb35d3b4d8a9d540ab9056d9d0d98fb4b2d0d1521,2023-12-12T23:51:42.021000,received,kaspa:qypswxtcrv4ssyjaswy5w9387vq73mkuyq85tl34cee6qn5uexqy0csgnafnjx7,171000000,
1088aba8a1937da083c51252ed67f05990b099d24f18776942d91bcd021af85f,2023-11-29T15:33:57.669000,sent,kaspa:qypamyqmxtnlgvs359lenjmwxcg924dvrudwnfag9l64hwm5hjepzlgsh7nne0j,18000000,
e50b3857e7e4e0ac5119aa2de378ae73ac19e32765a9d74b28a47ee5f5f9095a,2023-11-28T02:34:32.158000,received,kaspa:qr00szcfm9lqrrz4zhrls9l8uhvdez5xl4wytlfmfjz9gy4g9eneqn90c9aer,19000000,
