tx_id,timestamp,direction,peer_address,amount_sompi,cex_label
41888c7df173c08555b891461c5120209c55c58dfcbcc0d76e8bc794c67bb10e,2024-03-07T08:54:56.081000,sent,kaspa:qrxjrv2yrwezxefg6dzjxdt0jlpfuv7g8qprpeaurzega3dck5yhzkmnl0gl4,10000000000,
41888c7df173c08555b891461c5120209c55c58dfcbcc0d76e8bc794c67bb10e,2024-03-07T08:54:56.081000,sent,kaspa:qrmvefusuw5xa5z0edw76t5shyl27vnln6fws2chtnpd8atv8wla5m2rtnx0x,82708999996780,
f4bb3d88bfd486d81491d2b2c6bd2156a8a24179370ad43dd11346ea6086900e,2023-09-13T11:08:38.862000,received,kaspa:qp4005ljnfwgl38cssqj3gw9te8sgtlxk3h2qx699z44g9hks5hqgad7rp3vw,82710000000000,
f4bb3d88bfd486d81491d2b2c6bd2156a8a24179370ad43dd11346ea6086900e,2023-09-13T11:08:38.862000,received,kaspa:qp4005ljnfwgl38cssqj3gw9te8sgtlxk3h2qx699z44g9hks5hqgad7rp3vw,82710000000000,
f4bb3d88bfd486d81491d2b2c6bd2156a8a24179370ad43dd11346ea6086900e,2023-09-13T11:08:38.862000,received,kaspa:qp4005ljnfwgl38cssqj3gw9te8sgtlxk3h2qx699z44g9hks5hqgad7rp3vw,82710000000000,
