tx_id,timestamp,direction,peer_address,amount_sompi,cex_label
55a53aa9711b63e24a6471f2e19b7aa6997539c696170f379f4138b620f52061,2023-12-16T04:10:07.095000,sent,kaspa:qzslgwenzu78t6tldlng383g7ruu4enaljmnkgaulyrscjp7ldt26x8gfxck5,171940000,
55a53aa9711b63e24a6471f2e19b7aa6997539c696170f379f4138b620f52061,2023-12-16T04:10:07.095000,sent,kaspa:qzslgwenzu78t6tldlng383g7ruu4enaljmnkgaulyrscjp7ldt26x8gfxck5,171940000,
bbaae41c88f33a75f048a45b7516f55bff74272ff887fe94b7807c61025211a2,2023-12-11T22:59:06.593000,received,kaspa:qypswxtcrv4ssyjaswy5w9387vq73mkuyq85tl34cee6qn5uexqy0csgnafnjx7,171000000,
bbb8b2f8e1a70fdf49adf0278ffc5163fcb9e1f4367898f018aaf5bdc5cfb8c9,2023-11-27T11:59:06.507000,sent,kaspa:qypge2ag6tn795tmskx8l4cw98xtmn976tzja5vj0p02e7hl2z62a6c4dj8372m,18000000,
44581bba6091e2d653f3287d02380c528c4a0b1ec66c8a9c97850a3ec5e99258,2023-11-27T08:56:52.208000,received,kaspa:qrxpy6wkrhpm9an2vzqs6n4d0nerxzy74gqhtgx0hm778stfw8y4szhmvdp4s,19000000,
