tx_id,timestamp,direction,peer_address,amount_sompi,cex_label
76cbf0fd7d2371e020af9a9d1ee110ded477e70278ae9a6189f9c4e5b17553f6,2023-12-16T04:25:11.083000,sent,kaspa:qzslgwenzu78t6tldlng383g7ruu4enaljmnkgaulyrscjp7ldt26x8gfxck5,171940000,
76cbf0fd7d2371e020af9a9d1ee110ded477e70278ae9a6189f9c4e5b17553f6,2023-12-16T04:25:11.083000,sent,kaspa:qzslgwenzu78t6tldlng383g7ruu4enaljmnkgaulyrscjp7ldt26x8gfxck5,171940000,
3317bf8a2364e67f5b468b92b8c8f02bc58a33ebf4f97616faf34e21023e87b4,2023-12-12T21:32:02.954000,received,kaspa:qypswxtcrv4ssyjaswy5w9387vq73mkuyq85tl34cee6qn5uexqy0csgnafnjx7,171000000,
57698a52f47625ae6780294fc20ea90394e0c0d283c7beae358de29b2af8f8a6,2023-11-29T13:02:56.654000,sent,kaspa:qyppcfed4lc4h2n4q2dq8d7rnrp37xka8gwruqcn9dct5sxswghrf0s09f3h8xz,18000000,
c4bf26b157772a5ddc65eb53754fff51c6e85c9efaf50ba2e0041160af3b6169,2023-11-29T06:30:47.384000,received,kaspa:qpedmf364umpvsyuzxh5lcnd0uq690kpewh2m64nphtu53uyflsex8djflldj,19000000,
