tx_id,timestamp,direction,peer_address,amount_sompi,cex_label
aad78cfa2d6ad8307bdd352f033edcb8ba509dfc888751b3553e089665290d4a,2023-12-13T08:38:58.467000,sent,kaspa:qqh06puhtgsu5utuakvv88ewhppn4dtp0k4a2df0xxga6ytg5p7vzcs0tuml5,14363160000,
4641baa8edf9dee43f0d01b309c7aef3a540b095afa009d8c18d178ee5a05378,2023-12-12T09:18:16.481000,received,kaspa:qypswxtcrv4ssyjaswy5w9387vq73mkuyq85tl34cee6qn5uexqy0csgnafnjx7,171000000,
b7ebaa7c3774d41a5964b6a9398304a6b8afa976a0b6955faca2fb8600cf7282,2023-11-28T13:20:32.575000,sent,kaspa:qypwl338htj4px0987dt96pehaarlkzmad7zkqmf6f3cf50jf60mc4cr3dzqxjt,18000000,
b7ebaa7c3774d41a5964b6a9398304a6b8afa976a0b6955faca2fb8600cf7282,2023-11-28T13:20:32.575000,sent,kaspa:qpjtxcx2lyryr7zwn726g2m60q2kxhphgkdt7fm3ljvgpalyn9dkqjlg7n962,2849060000,
5fac010b4894672fb08e23f41ccdeaa4689b6619c017233f55116c550c6ab72d,2023-11-28T13:12:59.103000,received,kaspa:qp4gtunsudtxrus79y3zpq2udel8hhkeshu7j3x7zvkm73x0qwcgucpap2awg,2867070000,
