tx_id,timestamp,direction,peer_address,amount_sompi,cex_label
39adf32e272bb6fb62cec82f0a4865f7e91139a31282edd749cd6db026e5c740,2024-06-28T12:24:08.050000,sent,kaspa:qqqhcd3knxx7uewacnye90a3rtzq2vx9rxuw5wk7u6wwza0aa8wdjjw74hpre,501626283064,
116b021b17b1182b95f8e0c541bacb2bf0c943ea266fb743bc74618ddbebb482,2024-06-28T12:21:01.347000,sent,kaspa:qqqhcd3knxx7uewacnye90a3rtzq2vx9rxuw5wk7u6wwza0aa8wdjjw74hpre,500000000000,
78a862e7f2f6276796d88dcef6fd9ddc88e1acfd9f0ee5f5236e3d8ff892158f,2024-06-28T11:57:54.565000,sent,kaspa:qqqhcd3knxx7uewacnye90a3rtzq2vx9rxuw5wk7u6wwza0aa8wdjjw74hpre,600000000000,
bd98414eba1098691c38ffb18784ab4b59b63f83321afa9a62efe1b231baf251,2024-06-28T10:51:01.683000,sent,kaspa:qqqhcd3knxx7uewacnye90a3rtzq2vx9rxuw5wk7u6wwza0aa8wdjjw74hpre,40000000000,
bd98414eba1098691c38ffb18784ab4b59b63f83321afa9a62efe1b231baf251,2024-06-28T10:51:01.683000,sent,kaspa:qqqhcd3knxx7uewacnye90a3rtzq2vx9rxuw5wk7u6wwza0aa8wdjjw74hpre,40000000000,
de81c0ed60317bbf1cd87368c9adbd19da550e0847e5b3026b16c19e3cc883c4,2024-06-28T10:43:57.214000,received,kaspa:qppr7q4mykgfw4s37lh4z7pqa6x5a5aya9g0ku4dvyk4rttf2smrxk4680npn,32272067423,
de81c0ed60317bbf1cd87368c9adbd19da550e0847e5b3026b16c19e3cc883c4,2024-06-28T10:43:57.214000,received,kaspa:qppr7q4mykgfw4s37lh4z7pqa6x5a5aya9g0ku4dvyk4rttf2smrxk4680npn,32272067423,
ae32ff5b96495207591a41002e9b546ac77a41fc014e6e10f2378402cb340908,2024-06-27T11:45:14.244000,sent,kaspa:qqqhcd3knxx7uewacnye90a3rtzq2vx9rxuw5wk7u6wwza0aa8wdjjw74hpre,100000000000,
50d7739682a019f00021b9677eba797b4ae7bdeac58d18672479aec3fa7eee15,2024-06-26T12:18:38.825000,sent,kaspa:qqqhcd3knxx7uewacnye90a3rtzq2vx9rxuw5wk7u6wwza0aa8wdjjw74hpre,40000000000,
6e23148a8c19d9099b1bf98412095fe22349f44463dc6a455f50930166e8d7d1,2024-06-07T14:15:54.301000,sent,kaspa:qq4unk8vetypygmxw6x9qansh4enucqn3fxv7pej5lskeh3gce55zyasekqlx,14010000000,
8be6893fa27f7c785658b878c7c2522e503da8e5c3880894bd4f899bd0e4a32d,2024-06-04T14:37:34.287000,sent,kaspa:qqqhcd3knxx7uewacnye90a3rtzq2vx9rxuw5wk7u6wwza0aa8wdjjw74hpre,40000000000,
32e1e02c9e3e88877b6d2ca707d4a4a068c215713f7cdace5d34ffc6cf0bebc0,2024-06-04T14:34:27.279000,sent,kaspa:qqqhcd3knxx7uewacnye90a3rtzq2vx9rxuw5wk7u6wwza0aa8wdjjw74hpre,500000000,
f6eb64b1f96f5aaef74fff507be56bea0f1fe10db5878ca22035dad46950355d,2024-05-28T13:04:18.734000,sent,kaspa:qrl00kqglzu27sc4gvtqkemh2dvc58dav4w4xv97ugzt33cs28v4635rs8yqv,40000000000,
5c6a2ddd055c6a0436ca4f9dc5dd8b7825c35e4c01ccbe13e28e8e82f44d215e,2024-05-28T13:01:51.119000,sent,kaspa:qrl00kqglzu27sc4gvtqkemh2dvc58dav4w4xv97ugzt33cs28v4635rs8yqv,300000000,
cb5f828f3b54a6600b56e1f3c373de229ba62857eb2e82feb4d611b9adea5988,2024-04-19T14:10:04.213000,sent,kaspa:qrt3cqmet6dzazzk6tdq5pcr3p035lfsjfm7r287e7llym0e3r8268zhwm6qt,200000000000,
20b115e8ea04625d50d33ad14262ce21000a232a07ace90a627d55490b60a819,2024-04-12T16:57:11.796000,sent,kaspa:qrstdxug936egvruwmknwpkshsenfxperdc05zk5us5qk5d7qz36g53y2vva6,13500000000,
320988028f7fffabf7c607446a86dc631fd32e9f63a7e1e63042f254ba72b192,2024-04-12T14:12:53.616000,sent,kaspa:qqqhcd3knxx7uewacnye90a3rtzq2vx9rxuw5wk7u6wwza0aa8wdjjw74hpre,43100000000,
19d934455944678b6427a0869ef34e3880ec0bc8fcfd585b4d9fafbf91803c04,2024-04-11T19:28:35.221000,sent,kaspa:qqqhcd3knxx7uewacnye90a3rtzq2vx9rxuw5wk7u6wwza0aa8wdjjw74hpre,100000000000,
f72129c1bea3b0e300b2369d9d3a297a21e0df1eaa8734fc40a9374bbabd385b,2024-04-11T18:55:58.661000,sent,kaspa:qqqhcd3knxx7uewacnye90a3rtzq2vx9rxuw5wk7u6wwza0aa8wdjjw74hpre,30000000000,
c62a3900d749feaef0d3a8699235c7c93476ce60efc974a9a8eb6050b45bc63f,2024-04-11T16:25:28.465000,sent,kaspa:qqgxxf39efg75jyulk4kgtwgeczu3nd7ywplvh02uzy8qfxvtf39g3zv8s05k,400000000000,
aa8bb2cfd2df6d7084ed06e7f9fa3f7c228b65c80362eda7461743a792dadbb0,2024-03-05T22:27:32.033000,sent,kaspa:qz4qlqkayh5kw0tcqmr7ft93mrycvcx9fw8n3swhhyejth8v8p4zx8ha6qtz5,200000000,
70ffe1beae2556bf05af257c4263962945398a01cda97ebb59be63ed0f5a96ac,2024-03-05T20:23:03.930000,sent,kaspa:qrnrrct3jul6rxvjxrzm8ath7mn6r8l2fspsq627m9rdstfcypjuzhdgllxr2,200000000,
7c096653a37a430cdc6c849f871fb4dd84d494a2f82ac30bc868bf81b30779c9,2024-03-05T18:35:54.997000,sent,kaspa:qr3t5fndatq5a4fjak7aeymkudw99h6sl5xg5ltdfyty072nrwn9wpmexy0nf,350000000000,
bce0abe968756820219bb00a2dc1fd628dc3bb420a8ec9acfab9bae5c94d4685,2024-03-04T16:50:54.668000,sent,kaspa:qypw9hnytn8gxmnsfwpsgul86s2tp7zczg3sg4ur0pgftf30yaxck5sdzmpcr52,316700000000,
b05bf6a2f4f6929b8486543f82145bebe1aacab35fdd5bbeb4d8d279db942713,2024-03-04T13:19:29.515000,sent,kaspa:qypklgnl5wpddqk2006ghcpuq6qqyzlt27lhcecwsr4fqzhcxwv9kwc5wnaef2e,309500000000,
b05bf6a2f4f6929b8486543f82145bebe1aacab35fdd5bbeb4d8d279db942713,2024-03-04T13:19:29.515000,sent,kaspa:qypklgnl5wpddqk2006ghcpuq6qqyzlt27lhcecwsr4fqzhcxwv9kwc5wnaef2e,309500000000,
854268a250eafc15a3788dd69c6a64075c4f424fae08ce2d15d7e13e50dfb06e,2024-03-02T20:57:58.950000,received,kaspa:qqqhcd3knxx7uewacnye90a3rtzq2vx9rxuw5wk7u6wwza0aa8wdjjw74hpre,11311661481,
854268a250eafc15a3788dd69c6a64075c4f424fae08ce2d15d7e13e50dfb06e,2024-03-02T20:57:58.950000,received,kaspa:qqqhcd3knxx7uewacnye90a3rtzq2vx9rxuw5wk7u6wwza0aa8wdjjw74hpre,11311661481,
854268a250eafc15a3788dd69c6a64075c4f424fae08ce2d15d7e13e50dfb06e,2024-03-02T20:57:58.950000,received,kaspa:qqf3k9kduu6uzczk0zale6r9jtejunxznulzk5pg6aydacpg0jqzxqmtm8zqe,11311661481,
854268a250eafc15a3788dd69c6a64075c4f424fae08ce2d15d7e13e50dfb06e,2024-03-02T20:57:58.950000,received,kaspa:qq2rqaxcxvqqcqmtu2awz6rea5uxzrlvqwclahf7pks779v26xvsslyj7kyl0,11311661481,
239b8349c7396ebda3cd86729b2efe33d7997203a7f0200a3797545c9a063639,2024-02-26T17:26:01.301000,sent,kaspa:qr7lkl66s508nhnrnm9xrzkn24e3yx5vk5054cnv67dfadfg4cj87zqftqw3v,330000000000,
239b8349c7396ebda3cd86729b2efe33d7997203a7f0200a3797545c9a063639,2024-02-26T17:26:01.301000,sent,kaspa:qr7lkl66s508nhnrnm9xrzkn24e3yx5vk5054cnv67dfadfg4cj87zqftqw3v,330000000000,
239b8349c7396ebda3cd86729b2efe33d7997203a7f0200a3797545c9a063639,2024-02-26T17:26:01.301000,sent,kaspa:qr7lkl66s508nhnrnm9xrzkn24e3yx5vk5054cnv67dfadfg4cj87zqftqw3v,330000000000,
239b8349c7396ebda3cd86729b2efe33d7997203a7f0200a3797545c9a063639,2024-02-26T17:26:01.301000,sent,kaspa:qr7lkl66s508nhnrnm9xrzkn24e3yx5vk5054cnv67dfadfg4cj87zqftqw3v,330000000000,
239b8349c7396ebda3cd86729b2efe33d7997203a7f0200a3797545c9a063639,2024-02-26T17:26:01.301000,sent,kaspa:qr7lkl66s508nhnrnm9xrzkn24e3yx5vk5054cnv67dfadfg4cj87zqftqw3v,330000000000,
239b8349c7396ebda3cd86729b2efe33d7997203a7f0200a3797545c9a063639,2024-02-26T17:26:01.301000,sent,kaspa:qr7lkl66s508nhnrnm9xrzkn24e3yx5vk5054cnv67dfadfg4cj87zqftqw3v,330000000000,
239b8349c7396ebda3cd86729b2efe33d7997203a7f0200a3797545c9a063639,2024-02-26T17:26:01.301000,sent,kaspa:qr7lkl66s508nhnrnm9xrzkn24e3yx5vk5054cnv67dfadfg4cj87zqftqw3v,330000000000,
239b8349c7396ebda3cd86729b2efe33d7997203a7f0200a3797545c9a063639,2024-02-26T17:26:01.301000,sent,kaspa:qr7lkl66s508nhnrnm9xrzkn24e3yx5vk5054cnv67dfadfg4cj87zqftqw3v,330000000000,
239b8349c7396ebda3cd86729b2efe33d7997203a7f0200a3797545c9a063639,2024-02-26T17:26:01.301000,sent,kaspa:qr7lkl66s508nhnrnm9xrzkn24e3yx5vk5054cnv67dfadfg4cj87zqftqw3v,330000000000,
239b8349c7396ebda3cd86729b2efe33d7997203a7f0200a3797545c9a063639,2024-02-26T17:26:01.301000,sent,kaspa:qr7lkl66s508nhnrnm9xrzkn24e3yx5vk5054cnv67dfadfg4cj87zqftqw3v,330000000000,
239b8349c7396ebda3cd86729b2efe33d7997203a7f0200a3797545c9a063639,2024-02-26T17:26:01.301000,sent,kaspa:qr7lkl66s508nhnrnm9xrzkn24e3yx5vk5054cnv67dfadfg4cj87zqftqw3v,330000000000,
239b8349c7396ebda3cd86729b2efe33d7997203a7f0200a3797545c9a063639,2024-02-26T17:26:01.301000,sent,kaspa:qr7lkl66s508nhnrnm9xrzkn24e3yx5vk5054cnv67dfadfg4cj87zqftqw3v,330000000000,
6e8da30372e4bc389096130ef5a0e061692cd1ed98e6b0509ccd1a33c7328a64,2024-02-23T03:05:26.772000,received,kaspa:qqs0pak6fc9dehtsg2n4utezy7yufnpapp05dmc9cks2w4t9dft6vsfykq7dr,179758989854,
6e8da30372e4bc389096130ef5a0e061692cd1ed98e6b0509ccd1a33c7328a64,2024-02-23T03:05:26.772000,received,kaspa:qpu794jk3y5s9dhv494j0ne4mzmhhkluyr3wnhngjgwvf89ane4rg6fhj9yqq,179758989854,
6e8da30372e4bc389096130ef5a0e061692cd1ed98e6b0509ccd1a33c7328a64,2024-02-23T03:05:26.772000,received,kaspa:qzm98hwu0m4rlqg3nzwjlz0p7f230dvagdqzwn5a7q2fx7n22lxpvprthjsed,179758989854,
6e8da30372e4bc389096130ef5a0e061692cd1ed98e6b0509ccd1a33c7328a64,2024-02-23T03:05:26.772000,received,kaspa:qqqhcd3knxx7uewacnye90a3rtzq2vx9rxuw5wk7u6wwza0aa8wdjjw74hpre,179758989854,
6e8da30372e4bc389096130ef5a0e061692cd1ed98e6b0509ccd1a33c7328a64,2024-02-23T03:05:26.772000,received,kaspa:qqqhcd3knxx7uewacnye90a3rtzq2vx9rxuw5wk7u6wwza0aa8wdjjw74hpre,179758989854,
6e8da30372e4bc389096130ef5a0e061692cd1ed98e6b0509ccd1a33c7328a64,2024-02-23T03:05:26.772000,received,kaspa:qqqhcd3knxx7uewacnye90a3rtzq2vx9rxuw5wk7u6wwza0aa8wdjjw74hpre,179758989854,
6e8da30372e4bc389096130ef5a0e061692cd1ed98e6b0509ccd1a33c7328a64,2024-02-23T03:05:26.772000,received,kaspa:qqqhcd3knxx7uewacnye90a3rtzq2vx9rxuw5wk7u6wwza0aa8wdjjw74hpre,179758989854,
6e8da30372e4bc389096130ef5a0e061692cd1ed98e6b0509ccd1a33c7328a64,2024-02-23T03:05:26.772000,received,kaspa:qqqhcd3knxx7uewacnye90a3rtzq2vx9rxuw5wk7u6wwza0aa8wdjjw74hpre,179758989854,
6e8da30372e4bc389096130ef5a0e061692cd1ed98e6b0509ccd1a33c7328a64,2024-02-23T03:05:26.772000,received,kaspa:qqqhcd3knxx7uewacnye90a3rtzq2vx9rxuw5wk7u6wwza0aa8wdjjw74hpre,179758989854,
6e8da30372e4bc389096130ef5a0e061692cd1ed98e6b0509ccd1a33c7328a64,2024-02-23T03:05:26.772000,received,kaspa:qqqhcd3knxx7uewacnye90a3rtzq2vx9rxuw5wk7u6wwza0aa8wdjjw74hpre,179758989854,
6e8da30372e4bc389096130ef5a0e061692cd1ed98e6b0509ccd1a33c7328a64,2024-02-23T03:05:26.772000,received,kaspa:qqqhcd3knxx7uewacnye90a3rtzq2vx9rxuw5wk7u6wwza0aa8wdjjw74hpre,179758989854,
6e8da30372e4bc389096130ef5a0e061692cd1ed98e6b0509ccd1a33c7328a64,2024-02-23T03:05:26.772000,received,kaspa:qqqhcd3knxx7uewacnye90a3rtzq2vx9rxuw5wk7u6wwza0aa8wdjjw74hpre,179758989854,
6e8da30372e4bc389096130ef5a0e061692cd1ed98e6b0509ccd1a33c7328a64,2024-02-23T03:05:26.772000,received,kaspa:qqqhcd3knxx7uewacnye90a3rtzq2vx9rxuw5wk7u6wwza0aa8wdjjw74hpre,179758989854,
6e8da30372e4bc389096130ef5a0e061692cd1ed98e6b0509ccd1a33c7328a64,2024-02-23T03:05:26.772000,received,kaspa:qqqhcd3knxx7uewacnye90a3rtzq2vx9rxuw5wk7u6wwza0aa8wdjjw74hpre,179758989854,
6e8da30372e4bc389096130ef5a0e061692cd1ed98e6b0509ccd1a33c7328a64,2024-02-23T03:05:26.772000,received,kaspa:qqqhcd3knxx7uewacnye90a3rtzq2vx9rxuw5wk7u6wwza0aa8wdjjw74hpre,179758989854,
6e8da30372e4bc389096130ef5a0e061692cd1ed98e6b0509ccd1a33c7328a64,2024-02-23T03:05:26.772000,received,kaspa:qqqhcd3knxx7uewacnye90a3rtzq2vx9rxuw5wk7u6wwza0aa8wdjjw74hpre,179758989854,
6e8da30372e4bc389096130ef5a0e061692cd1ed98e6b0509ccd1a33c7328a64,2024-02-23T03:05:26.772000,received,kaspa:qqqhcd3knxx7uewacnye90a3rtzq2vx9rxuw5wk7u6wwza0aa8wdjjw74hpre,179758989854,
6e8da30372e4bc389096130ef5a0e061692cd1ed98e6b0509ccd1a33c7328a64,2024-02-23T03:05:26.772000,received,kaspa:qqqhcd3knxx7uewacnye90a3rtzq2vx9rxuw5wk7u6wwza0aa8wdjjw74hpre,179758989854,
6e8da30372e4bc389096130ef5a0e061692cd1ed98e6b0509ccd1a33c7328a64,2024-02-23T03:05:26.772000,received,kaspa:qqqhcd3knxx7uewacnye90a3rtzq2vx9rxuw5wk7u6wwza0aa8wdjjw74hpre,179758989854,
6e8da30372e4bc389096130ef5a0e061692cd1ed98e6b0509ccd1a33c7328a64,2024-02-23T03:05:26.772000,received,kaspa:qpaw5ctry24qzufa6u6wpc3pfkyzen3dlmu627zww3cawklatc4w7ua9yju4w,179758989854,
6e8da30372e4bc389096130ef5a0e061692cd1ed98e6b0509ccd1a33c7328a64,2024-02-23T03:05:26.772000,received,kaspa:qqqhcd3knxx7uewacnye90a3rtzq2vx9rxuw5wk7u6wwza0aa8wdjjw74hpre,179758989854,
d2ed122911f5b0d08128712fd60e9a1d3842e9c7911171af3369cbcb90ff1fc9,2024-02-23T03:03:58.697000,received,kaspa:qqch9vtrydet8hk2wpplm2tf04j6jnrzt9ws3rag8rf2yq92radg6l6nh53v4,10000000000,
929fd340d3a2266dfe3271d521be2cd512ec038a4e7c5cd4152d536d2993a34c,2024-02-23T03:02:17.705000,received,kaspa:qrydkhut3aaetc48lf4049d2mas0x7y3e67lq8h89c00knfgnvgng8am96l73,10000000000,
4a3df0b0eb742fdf14d035e55ee1a929668d567440783d0e9f8c22fd3e45494e,2023-09-15T01:55:39.258000,received,kaspa:qqwvnkp47wsj6n4hkdlgj8dsauyx0xvefunnwvvsmpq2udd0ka8ckmpuqw3k5,413729259498,
33f3c79018bc68fd75bc9f9ffe2efc1a3932ba4681b713633b21559d8b2c9614,2023-09-15T01:52:20.145000,received,kaspa:qqwvnkp47wsj6n4hkdlgj8dsauyx0xvefunnwvvsmpq2udd0ka8ckmpuqw3k5,10000000000,
33f3c79018bc68fd75bc9f9ffe2efc1a3932ba4681b713633b21559d8b2c9614,2023-09-15T01:52:20.145000,received,kaspa:qqwvnkp47wsj6n4hkdlgj8dsauyx0xvefunnwvvsmpq2udd0ka8ckmpuqw3k5,10000000000,
33f3c79018bc68fd75bc9f9ffe2efc1a3932ba4681b713633b21559d8b2c9614,2023-09-15T01:52:20.145000,received,kaspa:qqwvnkp47wsj6n4hkdlgj8dsauyx0xvefunnwvvsmpq2udd0ka8ckmpuqw3k5,10000000000,
33f3c79018bc68fd75bc9f9ffe2efc1a3932ba4681b713633b21559d8b2c9614,2023-09-15T01:52:20.145000,received,kaspa:qqwvnkp47wsj6n4hkdlgj8dsauyx0xvefunnwvvsmpq2udd0ka8ckmpuqw3k5,10000000000,
42237068ad30ba1668e26b7dab75dff7f5cdf6f7af2ca6649735e9def703338d,2023-08-08T21:01:25.552000,received,kaspa:qrfft7zqv9wvjwjn9mqcr60qm0gr7ggqgw8r8gna962vrqu9dgksqp35hr2p5,1002500000000,
42237068ad30ba1668e26b7dab75dff7f5cdf6f7af2ca6649735e9def703338d,2023-08-08T21:01:25.552000,received,kaspa:qrfft7zqv9wvjwjn9mqcr60qm0gr7ggqgw8r8gna962vrqu9dgksqp35hr2p5,1002500000000,
42237068ad30ba1668e26b7dab75dff7f5cdf6f7af2ca6649735e9def703338d,2023-08-08T21:01:25.552000,received,kaspa:qrfft7zqv9wvjwjn9mqcr60qm0gr7ggqgw8r8gna962vrqu9dgksqp35hr2p5,1002500000000,
42237068ad30ba1668e26b7dab75dff7f5cdf6f7af2ca6649735e9def703338d,2023-08-08T21:01:25.552000,received,kaspa:qrfft7zqv9wvjwjn9mqcr60qm0gr7ggqgw8r8gna962vrqu9dgksqp35hr2p5,1002500000000,
42237068ad30ba1668e26b7dab75dff7f5cdf6f7af2ca6649735e9def703338d,2023-08-08T21:01:25.552000,received,kaspa:qrfft7zqv9wvjwjn9mqcr60qm0gr7ggqgw8r8gna962vrqu9dgksqp35hr2p5,1002500000000,
42237068ad30ba1668e26b7dab75dff7f5cdf6f7af2ca6649735e9def703338d,2023-08-08T21:01:25.552000,received,kaspa:qrfft7zqv9wvjwjn9mqcr60qm0gr7ggqgw8r8gna962vrqu9dgksqp35hr2p5,1002500000000,
42237068ad30ba1668e26b7dab75dff7f5cdf6f7af2ca6649735e9def703338d,2023-08-08T21:01:25.552000,received,kaspa:qrfft7zqv9wvjwjn9mqcr60qm0gr7ggqgw8r8gna962vrqu9dgksqp35hr2p5,1002500000000,
42237068ad30ba1668e26b7dab75dff7f5cdf6f7af2ca6649735e9def703338d,2023-08-08T21:01:25.552000,received,kaspa:qrfft7zqv9wvjwjn9mqcr60qm0gr7ggqgw8r8gna962vrqu9dgksqp35hr2p5,1002500000000,
42237068ad30ba1668e26b7dab75dff7f5cdf6f7af2ca6649735e9def703338d,2023-08-08T21:01:25.552000,received,kaspa:qrfft7zqv9wvjwjn9mqcr60qm0gr7ggqgw8r8gna962vrqu9dgksqp35hr2p5,1002500000000,
42237068ad30ba1668e26b7dab75dff7f5cdf6f7af2ca6649735e9def703338d,2023-08-08T21:01:25.552000,received,kaspa:qrfft7zqv9wvjwjn9mqcr60qm0gr7ggqgw8r8gna962vrqu9dgksqp35hr2p5,1002500000000,
42237068ad30ba1668e26b7dab75dff7f5cdf6f7af2ca6649735e9def703338d,2023-08-08T21:01:25.552000,received,kaspa:qrfft7zqv9wvjwjn9mqcr60qm0gr7ggqgw8r8gna962vrqu9dgksqp35hr2p5,1002500000000,
42237068ad30ba1668e26b7dab75dff7f5cdf6f7af2ca6649735e9def703338d,2023-08-08T21:01:25.552000,received,kaspa:qrfft7zqv9wvjwjn9mqcr60qm0gr7ggqgw8r8gna962vrqu9dgksqp35hr2p5,1002500000000,
42237068ad30ba1668e26b7dab75dff7f5cdf6f7af2ca6649735e9def703338d,2023-08-08T21:01:25.552000,received,kaspa:qrfft7zqv9wvjwjn9mqcr60qm0gr7ggqgw8r8gna962vrqu9dgksqp35hr2p5,1002500000000,
42237068ad30ba1668e26b7dab75dff7f5cdf6f7af2ca6649735e9def703338d,2023-08-08T21:01:25.552000,received,kaspa:qrfft7zqv9wvjwjn9mqcr60qm0gr7ggqgw8r8gna962vrqu9dgksqp35hr2p5,1002500000000,
42237068ad30ba1668e26b7dab75dff7f5cdf6f7af2ca6649735e9def703338d,2023-08-08T21:01:25.552000,received,kaspa:qrfft7zqv9wvjwjn9mqcr60qm0gr7ggqgw8r8gna962vrqu9dgksqp35hr2p5,1002500000000,
42237068ad30ba1668e26b7dab75dff7f5cdf6f7af2ca6649735e9def703338d,2023-08-08T21:01:25.552000,received,kaspa:qrfft7zqv9wvjwjn9mqcr60qm0gr7ggqgw8r8gna962vrqu9dgksqp35hr2p5,1002500000000,
42237068ad30ba1668e26b7dab75dff7f5cdf6f7af2ca6649735e9def703338d,2023-08-08T21:01:25.552000,received,kaspa:qrfft7zqv9wvjwjn9mqcr60qm0gr7ggqgw8r8gna962vrqu9dgksqp35hr2p5,1002500000000,
42237068ad30ba1668e26b7dab75dff7f5cdf6f7af2ca6649735e9def703338d,2023-08-08T21:01:25.552000,received,kaspa:qrfft7zqv9wvjwjn9mqcr60qm0gr7ggqgw8r8gna962vrqu9dgksqp35hr2p5,1002500000000,
42237068ad30ba1668e26b7dab75dff7f5cdf6f7af2ca6649735e9def703338d,2023-08-08T21:01:25.552000,received,kaspa:qrfft7zqv9wvjwjn9mqcr60qm0gr7ggqgw8r8gna962vrqu9dgksqp35hr2p5,1002500000000,
42237068ad30ba1668e26b7dab75dff7f5cdf6f7af2ca6649735e9def703338d,2023-08-08T21:01:25.552000,received,kaspa:qrfft7zqv9wvjwjn9mqcr60qm0gr7ggqgw8r8gna962vrqu9dgksqp35hr2p5,1002500000000,
42237068ad30ba1668e26b7dab75dff7f5cdf6f7af2ca6649735e9def703338d,2023-08-08T21:01:25.552000,received,kaspa:qrfft7zqv9wvjwjn9mqcr60qm0gr7ggqgw8r8gna962vrqu9dgksqp35hr2p5,1002500000000,
42237068ad30ba1668e26b7dab75dff7f5cdf6f7af2ca6649735e9def703338d,2023-08-08T21:01:25.552000,received,kaspa:qrfft7zqv9wvjwjn9mqcr60qm0gr7ggqgw8r8gna962vrqu9dgksqp35hr2p5,1002500000000,
42237068ad30ba1668e26b7dab75dff7f5cdf6f7af2ca6649735e9def703338d,2023-08-08T21:01:25.552000,received,kaspa:qrfft7zqv9wvjwjn9mqcr60qm0gr7ggqgw8r8gna962vrqu9dgksqp35hr2p5,1002500000000,
42237068ad30ba1668e26b7dab75dff7f5cdf6f7af2ca6649735e9def703338d,2023-08-08T21:01:25.552000,received,kaspa:qrfft7zqv9wvjwjn9mqcr60qm0gr7ggqgw8r8gna962vrqu9dgksqp35hr2p5,1002500000000,
42237068ad30ba1668e26b7dab75dff7f5cdf6f7af2ca6649735e9def703338d,2023-08-08T21:01:25.552000,received,kaspa:qrfft7zqv9wvjwjn9mqcr60qm0gr7ggqgw8r8gna962vrqu9dgksqp35hr2p5,1002500000000,
42237068ad30ba1668e26b7dab75dff7f5cdf6f7af2ca6649735e9def703338d,2023-08-08T21:01:25.552000,received,kaspa:qrfft7zqv9wvjwjn9mqcr60qm0gr7ggqgw8r8gna962vrqu9dgksqp35hr2p5,1002500000000,
42237068ad30ba1668e26b7dab75dff7f5cdf6f7af2ca6649735e9def703338d,2023-08-08T21:01:25.552000,received,kaspa:qrfft7zqv9wvjwjn9mqcr60qm0gr7ggqgw8r8gna962vrqu9dgksqp35hr2p5,1002500000000,
42237068ad30ba1668e26b7dab75dff7f5cdf6f7af2ca6649735e9def703338d,2023-08-08T21:01:25.552000,received,kaspa:qrfft7zqv9wvjwjn9mqcr60qm0gr7ggqgw8r8gna962vrqu9dgksqp35hr2p5,1002500000000,
42237068ad30ba1668e26b7dab75dff7f5cdf6f7af2ca6649735e9def703338d,2023-08-08T21:01:25.552000,received,kaspa:qrfft7zqv9wvjwjn9mqcr60qm0gr7ggqgw8r8gna962vrqu9dgksqp35hr2p5,1002500000000,
42237068ad30ba1668e26b7dab75dff7f5cdf6f7af2ca6649735e9def703338d,2023-08-08T21:01:25.552000,received,kaspa:qrfft7zqv9wvjwjn9mqcr60qm0gr7ggqgw8r8gna962vrqu9dgksqp35hr2p5,1002500000000,
42237068ad30ba1668e26b7dab75dff7f5cdf6f7af2ca6649735e9def703338d,2023-08-08T21:01:25.552000,received,kaspa:qrfft7zqv9wvjwjn9mqcr60qm0gr7ggqgw8r8gna962vrqu9dgksqp35hr2p5,1002500000000,
42237068ad30ba1668e26b7dab75dff7f5cdf6f7af2ca6649735e9def703338d,2023-08-08T21:01:25.552000,received,kaspa:qrfft7zqv9wvjwjn9mqcr60qm0gr7ggqgw8r8gna962vrqu9dgksqp35hr2p5,1002500000000,
42237068ad30ba1668e26b7dab75dff7f5cdf6f7af2ca6649735e9def703338d,2023-08-08T21:01:25.552000,received,kaspa:qrfft7zqv9wvjwjn9mqcr60qm0gr7ggqgw8r8gna962vrqu9dgksqp35hr2p5,1002500000000,
42237068ad30ba1668e26b7dab75dff7f5cdf6f7af2ca6649735e9def703338d,2023-08-08T21:01:25.552000,received,kaspa:qrfft7zqv9wvjwjn9mqcr60qm0gr7ggqgw8r8gna962vrqu9dgksqp35hr2p5,1002500000000,
42237068ad30ba1668e26b7dab75dff7f5cdf6f7af2ca6649735e9def703338d,2023-08-08T21:01:25.552000,received,kaspa:qrfft7zqv9wvjwjn9mqcr60qm0gr7ggqgw8r8gna962vrqu9dgksqp35hr2p5,1002500000000,
42237068ad30ba1668e26b7dab75dff7f5cdf6f7af2ca6649735e9def703338d,2023-08-08T21:01:25.552000,received,kaspa:qrfft7zqv9wvjwjn9mqcr60qm0gr7ggqgw8r8gna962vrqu9dgksqp35hr2p5,1002500000000,
42237068ad30ba1668e26b7dab75dff7f5cdf6f7af2ca6649735e9def703338d,2023-08-08T21:01:25.552000,received,kaspa:qrfft7zqv9wvjwjn9mqcr60qm0gr7ggqgw8r8gna962vrqu9dgksqp35hr2p5,1002500000000,
42237068ad30ba1668e26b7dab75dff7f5cdf6f7af2ca6649735e9def703338d,2023-08-08T21:01:25.552000,received,kaspa:qrfft7zqv9wvjwjn9mqcr60qm0gr7ggqgw8r8gna962vrqu9dgksqp35hr2p5,1002500000000,
42237068ad30ba1668e26b7dab75dff7f5cdf6f7af2ca6649735e9def703338d,2023-08-08T21:01:25.552000,received,kaspa:qrfft7zqv9wvjwjn9mqcr60qm0gr7ggqgw8r8gna962vrqu9dgksqp35hr2p5,1002500000000,
42237068ad30ba1668e26b7dab75dff7f5cdf6f7af2ca6649735e9def703338d,2023-08-08T21:01:25.552000,received,kaspa:qrfft7zqv9wvjwjn9mqcr60qm0gr7ggqgw8r8gna962vrqu9dgksqp35hr2p5,1002500000000,
42237068ad30ba1668e26b7dab75dff7f5cdf6f7af2ca6649735e9def703338d,2023-08-08T21:01:25.552000,received,kaspa:qrfft7zqv9wvjwjn9mqcr60qm0gr7ggqgw8r8gna962vrqu9dgksqp35hr2p5,1002500000000,
42237068ad30ba1668e26b7dab75dff7f5cdf6f7af2ca6649735e9def703338d,2023-08-08T21:01:25.552000,received,kaspa:qrfft7zqv9wvjwjn9mqcr60qm0gr7ggqgw8r8gna962vrqu9dgksqp35hr2p5,1002500000000,
42237068ad30ba1668e26b7dab75dff7f5cdf6f7af2ca6649735e9def703338d,2023-08-08T21:01:25.552000,received,kaspa:qrfft7zqv9wvjwjn9mqcr60qm0gr7ggqgw8r8gna962vrqu9dgksqp35hr2p5,1002500000000,
42237068ad30ba1668e26b7dab75dff7f5cdf6f7af2ca6649735e9def703338d,2023-08-08T21:01:25.552000,received,kaspa:qqccvlvdejkaflcq348seemh3e2mu89dhrc57cv0mnetle5qmmy4shfycmlvj,1002500000000,
e9e9066ffa8784922de62f8e190c3c12c186e31251ba4883cfcdb691473f829f,2023-08-08T20:59:41.716000,received,kaspa:qzckst4t900xfz00d95uznsuhrlapaflgd4zd002ek5p6nnnvj9tyscv5cyjj,9999997920,
ce88bfe5905a906f8c252dfa17a058c57b375200086ee13d9fc74534c177d1ea,2023-08-08T20:59:08.458000,received,kaspa:qqwvnkp47wsj6n4hkdlgj8dsauyx0xvefunnwvvsmpq2udd0ka8ckmpuqw3k5,982396212802,
c6efacff297a4fdf4747302e7760aedd547b83cef7eaf6a38f6c86970cdbc43a,2023-08-08T20:56:18.726000,received,kaspa:qqwvnkp47wsj6n4hkdlgj8dsauyx0xvefunnwvvsmpq2udd0ka8ckmpuqw3k5,1000000000000,
b29bf0f72b43b52085f2894b246d8c9426d5dd6eda135330008f15ea2dce30b7,2023-08-08T20:50:53.263000,received,kaspa:qqwvnkp47wsj6n4hkdlgj8dsauyx0xvefunnwvvsmpq2udd0ka8ckmpuqw3k5,10000000000,
b29bf0f72b43b52085f2894b246d8c9426d5dd6eda135330008f15ea2dce30b7,2023-08-08T20:50:53.263000,received,kaspa:qqwvnkp47wsj6n4hkdlgj8dsauyx0xvefunnwvvsmpq2udd0ka8ckmpuqw3k5,10000000000,
b29bf0f72b43b52085f2894b246d8c9426d5dd6eda135330008f15ea2dce30b7,2023-08-08T20:50:53.263000,received,kaspa:qqwvnkp47wsj6n4hkdlgj8dsauyx0xvefunnwvvsmpq2udd0ka8ckmpuqw3k5,10000000000,
b29bf0f72b43b52085f2894b246d8c9426d5dd6eda135330008f15ea2dce30b7,2023-08-08T20:50:53.263000,received,kaspa:qqwvnkp47wsj6n4hkdlgj8dsauyx0xvefunnwvvsmpq2udd0ka8ckmpuqw3k5,10000000000,
b29bf0f72b43b52085f2894b246d8c9426d5dd6eda135330008f15ea2dce30b7,2023-08-08T20:50:53.263000,received,kaspa:qqwvnkp47wsj6n4hkdlgj8dsauyx0xvefunnwvvsmpq2udd0ka8ckmpuqw3k5,10000000000,
b29bf0f72b43b52085f2894b246d8c9426d5dd6eda135330008f15ea2dce30b7,2023-08-08T20:50:53.263000,received,kaspa:qqwvnkp47wsj6n4hkdlgj8dsauyx0xvefunnwvvsmpq2udd0ka8ckmpuqw3k5,10000000000,
b29bf0f72b43b52085f2894b246d8c9426d5dd6eda135330008f15ea2dce30b7,2023-08-08T20:50:53.263000,received,kaspa:qqwvnkp47wsj6n4hkdlgj8dsauyx0xvefunnwvvsmpq2udd0ka8ckmpuqw3k5,10000000000,
b29bf0f72b43b52085f2894b246d8c9426d5dd6eda135330008f15ea2dce30b7,2023-08-08T20:50:53.263000,received,kaspa:qqwvnkp47wsj6n4hkdlgj8dsauyx0xvefunnwvvsmpq2udd0ka8ckmpuqw3k5,10000000000,
f1b97f3d8a23516036248452cb2bab05834148ddfbe8df48d97db978a2533855,2023-08-08T20:41:23.885000,received,kaspa:qp2rnwhzzjsht7fnhzyw4f6k3uctf7wqd20n8tdpgztl8we8gjaukj5su9wen,287668454086,
f1b97f3d8a23516036248452cb2bab05834148ddfbe8df48d97db978a2533855,2023-08-08T20:41:23.885000,received,kaspa:qp2rnwhzzjsht7fnhzyw4f6k3uctf7wqd20n8tdpgztl8we8gjaukj5su9wen,287668454086,
f1b97f3d8a23516036248452cb2bab05834148ddfbe8df48d97db978a2533855,2023-08-08T20:41:23.885000,received,kaspa:qp2rnwhzzjsht7fnhzyw4f6k3uctf7wqd20n8tdpgztl8we8gjaukj5su9wen,287668454086,
f1b97f3d8a23516036248452cb2bab05834148ddfbe8df48d97db978a2533855,2023-08-08T20:41:23.885000,received,kaspa:qp2rnwhzzjsht7fnhzyw4f6k3uctf7wqd20n8tdpgztl8we8gjaukj5su9wen,287668454086,
f1b97f3d8a23516036248452cb2bab05834148ddfbe8df48d97db978a2533855,2023-08-08T20:41:23.885000,received,kaspa:qp2rnwhzzjsht7fnhzyw4f6k3uctf7wqd20n8tdpgztl8we8gjaukj5su9wen,287668454086,
f1b97f3d8a23516036248452cb2bab05834148ddfbe8df48d97db978a2533855,2023-08-08T20:41:23.885000,received,kaspa:qp2rnwhzzjsht7fnhzyw4f6k3uctf7wqd20n8tdpgztl8we8gjaukj5su9wen,287668454086,
f1b97f3d8a23516036248452cb2bab05834148ddfbe8df48d97db978a2533855,2023-08-08T20:41:23.885000,received,kaspa:qp2rnwhzzjsht7fnhzyw4f6k3uctf7wqd20n8tdpgztl8we8gjaukj5su9wen,287668454086,
f1b97f3d8a23516036248452cb2bab05834148ddfbe8df48d97db978a2533855,2023-08-08T20:41:23.885000,received,kaspa:qp2rnwhzzjsht7fnhzyw4f6k3uctf7wqd20n8tdpgztl8we8gjaukj5su9wen,287668454086,
f1b97f3d8a23516036248452cb2bab05834148ddfbe8df48d97db978a2533855,2023-08-08T20:41:23.885000,received,kaspa:qp2rnwhzzjsht7fnhzyw4f6k3uctf7wqd20n8tdpgztl8we8gjaukj5su9wen,287668454086,
f1b97f3d8a23516036248452cb2bab05834148ddfbe8df48d97db978a2533855,2023-08-08T20:41:23.885000,received,kaspa:qp2rnwhzzjsht7fnhzyw4f6k3uctf7wqd20n8tdpgztl8we8gjaukj5su9wen,287668454086,
f1b97f3d8a23516036248452cb2bab05834148ddfbe8df48d97db978a2533855,2023-08-08T20:41:23.885000,received,kaspa:qp2rnwhzzjsht7fnhzyw4f6k3uctf7wqd20n8tdpgztl8we8gjaukj5su9wen,287668454086,
f1b97f3d8a23516036248452cb2bab05834148ddfbe8df48d97db978a2533855,2023-08-08T20:41:23.885000,received,kaspa:qp2rnwhzzjsht7fnhzyw4f6k3uctf7wqd20n8tdpgztl8we8gjaukj5su9wen,287668454086,
f1b97f3d8a23516036248452cb2bab05834148ddfbe8df48d97db978a2533855,2023-08-08T20:41:23.885000,received,kaspa:qp2rnwhzzjsht7fnhzyw4f6k3uctf7wqd20n8tdpgztl8we8gjaukj5su9wen,287668454086,
f1b97f3d8a23516036248452cb2bab05834148ddfbe8df48d97db978a2533855,2023-08-08T20:41:23.885000,received,kaspa:qp2rnwhzzjsht7fnhzyw4f6k3uctf7wqd20n8tdpgztl8we8gjaukj5su9wen,287668454086,
f1b97f3d8a23516036248452cb2bab05834148ddfbe8df48d97db978a2533855,2023-08-08T20:41:23.885000,received,kaspa:qp2rnwhzzjsht7fnhzyw4f6k3uctf7wqd20n8tdpgztl8we8gjaukj5su9wen,287668454086,
f1b97f3d8a23516036248452cb2bab05834148ddfbe8df48d97db978a2533855,2023-08-08T20:41:23.885000,received,kaspa:qp2rnwhzzjsht7fnhzyw4f6k3uctf7wqd20n8tdpgztl8we8gjaukj5su9wen,287668454086,
f1b97f3d8a23516036248452cb2bab05834148ddfbe8df48d97db978a2533855,2023-08-08T20:41:23.885000,received,kaspa:qp2rnwhzzjsht7fnhzyw4f6k3uctf7wqd20n8tdpgztl8we8gjaukj5su9wen,287668454086,
f1b97f3d8a23516036248452cb2bab05834148ddfbe8df48d97db978a2533855,2023-08-08T20:41:23.885000,received,kaspa:qp2rnwhzzjsht7fnhzyw4f6k3uctf7wqd20n8tdpgztl8we8gjaukj5su9wen,287668454086,
55b4edddd21f3e0a79d25f413f455a8e5f12447bd34257ca80c0f37b8c63f867,2023-08-08T20:40:00.535000,received,kaspa:qp2rnwhzzjsht7fnhzyw4f6k3uctf7wqd20n8tdpgztl8we8gjaukj5su9wen,10000000000,
55b4edddd21f3e0a79d25f413f455a8e5f12447bd34257ca80c0f37b8c63f867,2023-08-08T20:40:00.535000,received,kaspa:qp2rnwhzzjsht7fnhzyw4f6k3uctf7wqd20n8tdpgztl8we8gjaukj5su9wen,10000000000,
