tx_id,timestamp,direction,peer_address,amount_sompi,cex_label
a4f808df689dc7f13b6964ff6946023c6b99dabd9fa3ac936f5bbef900a6a8ab,2024-02-17T12:50:45.515000,sent,kaspa:qqd463qjk795l7x06el7qjdh4hjtprah8mtnxx8exg8wz43fla4djkghheu25,172980000,
a4f808df689dc7f13b6964ff6946023c6b99dabd9fa3ac936f5bbef900a6a8ab,2024-02-17T12:50:45.515000,sent,kaspa:qqd463qjk795l7x06el7qjdh4hjtprah8mtnxx8exg8wz43fla4djkghheu25,172980000,
ba9740beef3941b437c20f68448a284620058e7cbbfa3a9de96c0d2854bc7cf4,2023-12-12T17:35:43.842000,received,kaspa:qypswxtcrv4ssyjaswy5w9387vq73mkuyq85tl34cee6qn5uexqy0csgnafnjx7,171000000,
fd452eec7daec4f169d99129eaea0fc1bc8417716f0869fbbc5f3d0d4307346f,2023-11-29T06:03:51.786000,sent,kaspa:qyp8zzx57p03twpudlf8r7hdekx056xfck9zptxwd5nxrgjwc3l6q9g8kr7408s,18000000,
47e9c12fcfa2b324be5ec0a8dca5b89e7428a501e72021fe0009535df059d175,2023-11-27T21:32:59.375000,received,kaspa:qypxznxgupa8eac5m4a9tyzuaja0eguaas4q5aje0378z4yypf3u3rc34prk2qn,20000000,
