tx_id,timestamp,direction,peer_address,amount_sompi,cex_label
5a974c7a5dec3f57cfc4e1dfc26117b00f199e530185c0de9173f83eeb912702,2024-05-02T13:05:10.663000,received,kaspa:qq9zagcza4jt76eev9jl5z0nqhe0thcu7js8larktj4sle7lvgnw7sfcewlty,377473964,
d93901c6be343a47a3fe62dab19da25851ec4b182697fa8f3c71009a0ac60fa9,2023-11-13T05:37:23.023000,sent,kaspa:qqwvnkp47wsj6n4hkdlgj8dsauyx0xvefunnwvvsmpq2udd0ka8ckmpuqw3k5,23966191,
3b4a8639e4fb25c0a541e638bb6af140a481eae15c8271d620c8333f685b73f0,2023-09-30T12:23:12.469000,sent,kaspa:qqwvnkp47wsj6n4hkdlgj8dsauyx0xvefunnwvvsmpq2udd0ka8ckmpuqw3k5,73091903,
3b4a8639e4fb25c0a541e638bb6af140a481eae15c8271d620c8333f685b73f0,2023-09-30T12:23:12.469000,sent,kaspa:qqwvnkp47wsj6n4hkdlgj8dsauyx0xvefunnwvvsmpq2udd0ka8ckmpuqw3k5,73091903,
7969cbfc0f63cc953c2dd1b3cd10cc0676cd8b115f94b4fbf501a7a7fd2538a0,2023-09-25T15:58:43.924000,received,kaspa:qqwvnkp47wsj6n4hkdlgj8dsauyx0xvefunnwvvsmpq2udd0ka8ckmpuqw3k5,100000000,
7969cbfc0f63cc953c2dd1b3cd10cc0676cd8b115f94b4fbf501a7a7fd2538a0,2023-09-25T15:58:43.924000,received,kaspa:qqwvnkp47wsj6n4hkdlgj8dsauyx0xvefunnwvvsmpq2udd0ka8ckmpuqw3k5,100000000,
7969cbfc0f63cc953c2dd1b3cd10cc0676cd8b115f94b4fbf501a7a7fd2538a0,2023-09-25T15:58:43.924000,received,kaspa:qqwvnkp47wsj6n4hkdlgj8dsauyx0xvefunnwvvsmpq2udd0ka8ckmpuqw3k5,100000000,
7969cbfc0f63cc953c2dd1b3cd10cc0676cd8b115f94b4fbf501a7a7fd2538a0,2023-09-25T15:58:43.924000,received,kaspa:qqwvnkp47wsj6n4hkdlgj8dsauyx0xvefunnwvvsmpq2udd0ka8ckmpuqw3k5,100000000,
7969cbfc0f63cc953c2dd1b3cd10cc0676cd8b115f94b4fbf501a7a7fd2538a0,2023-09-25T15:58:43.924000,received,kaspa:qqwvnkp47wsj6n4hkdlgj8dsauyx0xvefunnwvvsmpq2udd0ka8ckmpuqw3k5,100000000,
7969cbfc0f63cc953c2dd1b3cd10cc0676cd8b115f94b4fbf501a7a7fd2538a0,2023-09-25T15:58:43.924000,received,kaspa:qqwvnkp47wsj6n4hkdlgj8dsauyx0xvefunnwvvsmpq2udd0ka8ckmpuqw3k5,100000000,
7969cbfc0f63cc953c2dd1b3cd10cc0676cd8b115f94b4fbf501a7a7fd2538a0,2023-09-25T15:58:43.924000,received,kaspa:qqwvnkp47wsj6n4hkdlgj8dsauyx0xvefunnwvvsmpq2udd0ka8ckmpuqw3k5,100000000,
7969cbfc0f63cc953c2dd1b3cd10cc0676cd8b115f94b4fbf501a7a7fd2538a0,2023-09-25T15:58:43.924000,received,kaspa:qqwvnkp47wsj6n4hkdlgj8dsauyx0xvefunnwvvsmpq2udd0ka8ckmpuqw3k5,100000000,
7969cbfc0f63cc953c2dd1b3cd10cc0676cd8b115f94b4fbf501a7a7fd2538a0,2023-09-25T15:58:43.924000,received,kaspa:qqwvnkp47wsj6n4hkdlgj8dsauyx0xvefunnwvvsmpq2udd0ka8ckmpuqw3k5,100000000,
7969cbfc0f63cc953c2dd1b3cd10cc0676cd8b115f94b4fbf501a7a7fd2538a0,2023-09-25T15:58:43.924000,received,kaspa:qqwvnkp47wsj6n4hkdlgj8dsauyx0xvefunnwvvsmpq2udd0ka8ckmpuqw3k5,100000000,
7969cbfc0f63cc953c2dd1b3cd10cc0676cd8b115f94b4fbf501a7a7fd2538a0,2023-09-25T15:58:43.924000,received,kaspa:qqwvnkp47wsj6n4hkdlgj8dsauyx0xvefunnwvvsmpq2udd0ka8ckmpuqw3k5,100000000,
04068dc5d113a1945a1e864fc72e6854c3bdf4eabf40718d1909c710114cc601,2023-07-07T06:15:34.006000,received,kaspa:qzc3fe64r9jxnvwhusd4lymzskha8d2m7lpy4g747kj2ldy0tdwmwh9x6nahc,10000,
52a257bf9212597861bb63a168e3dc2148352ea63c9f539d39d62433dae619f5,2023-06-16T06:34:15.311000,sent,kaspa:qpwtm9m4cwn4u74cn5lpmrny2xgzmtcl45kfpx6ep3rf29taq742cwje85xwp,99999900000,
5a98227f31fb017a127288b4c6d8efe58024ba0b7ebc95a0bee37d031cb99497,2023-06-16T04:42:40.556000,received,kaspa:qqhhqf575p4ekz7dq2r7f57g7uf6rpkf89c4vsv8sxhaetzguvlvjpqt4tr6v,100000000000,
bc0b34e49581eddca6f2c65347690e6565ae6ae1aa72f2048a9169edd6926197,2023-06-15T13:30:39.980000,sent,kaspa:qpwtm9m4cwn4u74cn5lpmrny2xgzmtcl45kfpx6ep3rf29taq742cwje85xwp,99999900000,
7124a3348e92db73e94b76f1fd4d0ae6afe8717c468a8482c99b10bad5f9f615,2023-06-11T15:18:48.693000,received,kaspa:qrxq0kwjsfpgwuut2erlgftmacvwm69djav9t3qlfevf902n6hxv6q3j4u5pg,100000000000,
