tx_id,timestamp,direction,peer_address,amount_sompi,cex_label
08da5648959c8a7f302cfce139991ae04242e84dc0a0e2afcc2a8e35b8a45279,2023-12-05T15:16:51.312000,sent,kaspa:qqwvnkp47wsj6n4hkdlgj8dsauyx0xvefunnwvvsmpq2udd0ka8ckmpuqw3k5,3901613520000,
2febf99696fb1b4e58e7794a1aa60c80df41d1ab51f4e43caee9c460dfc1dd37,2023-12-05T15:15:58.375000,sent,kaspa:qz4lsrd8gycmua9zf93ryddjzuh5d29h9f0uvsk4y5tvqn6wcvfrkyr4ql0rf,10000000000,
2febf99696fb1b4e58e7794a1aa60c80df41d1ab51f4e43caee9c460dfc1dd37,2023-12-05T15:15:58.375000,sent,kaspa:qz4lsrd8gycmua9zf93ryddjzuh5d29h9f0uvsk4y5tvqn6wcvfrkyr4ql0rf,10000000000,
2febf99696fb1b4e58e7794a1aa60c80df41d1ab51f4e43caee9c460dfc1dd37,2023-12-05T15:15:58.375000,sent,kaspa:qz4lsrd8gycmua9zf93ryddjzuh5d29h9f0uvsk4y5tvqn6wcvfrkyr4ql0rf,10000000000,
2febf99696fb1b4e58e7794a1aa60c80df41d1ab51f4e43caee9c460dfc1dd37,2023-12-05T15:15:58.375000,sent,kaspa:qz4lsrd8gycmua9zf93ryddjzuh5d29h9f0uvsk4y5tvqn6wcvfrkyr4ql0rf,10000000000,
2febf99696fb1b4e58e7794a1aa60c80df41d1ab51f4e43caee9c460dfc1dd37,2023-12-05T15:15:58.375000,sent,kaspa:qz4lsrd8gycmua9zf93ryddjzuh5d29h9f0uvsk4y5tvqn6wcvfrkyr4ql0rf,10000000000,
4f765e02a69f8c851029e77526f5d340829f0635ad0f4ec4c0fe26f32d65e4cb,2023-09-02T05:24:28.308000,received,kaspa:qqwvnkp47wsj6n4hkdlgj8dsauyx0xvefunnwvvsmpq2udd0ka8ckmpuqw3k5,820000000000,
30c9c0d070898c7ebc8cc631e6243d8190cd94975d21f6fe0633c42d9fce0efb,2023-09-01T08:27:07.486000,received,kaspa:qrelgny7sr3vahq69yykxx36m65gvmhryxrlwngfzgu8xkdslum2yxjp3ap8m,2894513720000,Gate.io
71a4f18a6216cc000c69cfd84063d9d59046ed88b98c189401d663a8a823bba8,2023-09-01T07:45:11.864000,received,kaspa:qrelgny7sr3vahq69yykxx36m65gvmhryxrlwngfzgu8xkdslum2yxjp3ap8m,97000000000,Gate.io
604150abb519340404e89026fb48845667b36e7ca3df3256786a777227500a36,2023-08-21T07:06:57.637000,received,kaspa:qqwvnkp47wsj6n4hkdlgj8dsauyx0xvefunnwvvsmpq2udd0ka8ckmpuqw3k5,100000000000,
67ae285eaaebd7ac4f3304bac92dc561e443e70543ab64415f712e1f90793f76,2023-08-18T08:08:20.898000,received,kaspa:qqwvnkp47wsj6n4hkdlgj8dsauyx0xvefunnwvvsmpq2udd0ka8ckmpuqw3k5,100000000,
67ae285eaaebd7ac4f3304bac92dc561e443e70543ab64415f712e1f90793f76,2023-08-18T08:08:20.898000,received,kaspa:qqwvnkp47wsj6n4hkdlgj8dsauyx0xvefunnwvvsmpq2udd0ka8ckmpuqw3k5,100000000,
67ae285eaaebd7ac4f3304bac92dc561e443e70543ab64415f712e1f90793f76,2023-08-18T08:08:20.898000,received,kaspa:qqwvnkp47wsj6n4hkdlgj8dsauyx0xvefunnwvvsmpq2udd0ka8ckmpuqw3k5,100000000,
48e319b270566b61f868bd24aefaf2bbf18f7d77a43bd1f9b4fd43f1eefb7323,2023-08-18T04:42:16.605000,sent,kaspa:qqwvnkp47wsj6n4hkdlgj8dsauyx0xvefunnwvvsmpq2udd0ka8ckmpuqw3k5,36999900000,
48e319b270566b61f868bd24aefaf2bbf18f7d77a43bd1f9b4fd43f1eefb7323,2023-08-18T04:42:16.605000,sent,kaspa:qqwvnkp47wsj6n4hkdlgj8dsauyx0xvefunnwvvsmpq2udd0ka8ckmpuqw3k5,36999900000,
48e319b270566b61f868bd24aefaf2bbf18f7d77a43bd1f9b4fd43f1eefb7323,2023-08-18T04:42:16.605000,sent,kaspa:qqwvnkp47wsj6n4hkdlgj8dsauyx0xvefunnwvvsmpq2udd0ka8ckmpuqw3k5,36999900000,
cb6041103067db9942e5747022093d7675cd56121ace5edb55dd59a3a7678096,2023-08-16T12:14:25.485000,received,kaspa:qqywx2wszmnrsu0mzgav85rdwvzangfpdj9j3ady9jpr7hu4u8c2wl9wqgd6j,19000000000,
cd964c40ebb23070177d8ff0ff8ad2e22977aa33befebf0afc95e067451949e5,2023-08-16T12:12:01.923000,received,kaspa:qqywx2wszmnrsu0mzgav85rdwvzangfpdj9j3ady9jpr7hu4u8c2wl9wqgd6j,9000000000,
08ad96657cee066df8bb27d391f2663e50cd51c6cbc6c6c50fe9c519427ef877,2023-08-16T12:07:01.908000,received,kaspa:qqywx2wszmnrsu0mzgav85rdwvzangfpdj9j3ady9jpr7hu4u8c2wl9wqgd6j,9000000000,
