tx_id,timestamp,direction,peer_address,amount_sompi,cex_label
8f85c338588502d7d781d1c39b2e9556529d6fdbc2b8fa952de5cc9da5b91406,2023-12-01T13:38:45.779000,sent,kaspa:qqwvnkp47wsj6n4hkdlgj8dsauyx0xvefunnwvvsmpq2udd0ka8ckmpuqw3k5,470666257,
81bb99dc16fee2bd97b61db22baa53282e06d951a04e6c627a917b303ca844f7,2023-11-15T07:46:18.495000,sent,kaspa:qyp7tpr782mcamgj6hhsn6r5zz9zc0mzwh89l807xekmsmzrwmmm8ngax395h7p,114000000000,
5c960db3b3ab9fc2cdaa43a706ada23e441e9d61cec1a164ab756731f4be0b89,2023-10-29T15:17:52.423000,sent,kaspa:qrsnrx96uwmere0zyg7lfjvrszu5yzhp3yk9svezvmvxzgadsa92q6dgwpclv,500000000000,
df29cae07893b1b7bc07e9cb29f579b9f5f6353a4049d56fb343d9914d9616e1,2023-10-13T08:07:29.055000,sent,kaspa:qyp7tpr782mcamgj6hhsn6r5zz9zc0mzwh89l807xekmsmzrwmmm8ngax395h7p,1000000000,
a0c45b85476bf8417facd07f86abdc598d3ee9ff8b5ca48819c501d9fd070337,2023-08-24T08:38:45.690000,sent,kaspa:qzmld7z2xqfn8kg4r2pjltzpla4qrh4yvqph9qp5430486z3vvnzuc6kxe2nj,3000000000000,
bbb75f58aeaebe6ba2eb6fca1a79937c8eb9e529b299c6a8669b6b7bafb2b275,2023-08-24T08:32:58.768000,sent,kaspa:qq8nkfrt355m4hl04ed3uepkenukthl2txjzezqt3yzct6cvfvhpgjqw9vddy,100000000,
af2196a68c1030426906346fdc8160360be1a10370ca46f9d2659dec31b15754,2023-08-17T11:39:06.938000,sent,kaspa:qrahxt8yvr6sftad992qdzrqxfzgad69f28ep96kf8znhu8sl9j26d8k4ppfn,3211328531674,
af2196a68c1030426906346fdc8160360be1a10370ca46f9d2659dec31b15754,2023-08-17T11:39:06.938000,sent,kaspa:qrahxt8yvr6sftad992qdzrqxfzgad69f28ep96kf8znhu8sl9j26d8k4ppfn,3211328531674,
ffafa4beeea352ae627107d5ec2aec1ebb232b7c6912714735b31eaf775084d3,2023-08-16T09:44:25.716000,received,kaspa:qrahxt8yvr6sftad992qdzrqxfzgad69f28ep96kf8znhu8sl9j26d8k4ppfn,2899997931,
77569fd83bd6a9fc0cd3b952756b335b7ed9a373a6f02bc0e9fe7c2a6f9ab93a,2023-07-29T11:49:03.603000,sent,kaspa:qrahxt8yvr6sftad992qdzrqxfzgad69f28ep96kf8znhu8sl9j26d8k4ppfn,10000000000,
77569fd83bd6a9fc0cd3b952756b335b7ed9a373a6f02bc0e9fe7c2a6f9ab93a,2023-07-29T11:49:03.603000,sent,kaspa:qrahxt8yvr6sftad992qdzrqxfzgad69f28ep96kf8znhu8sl9j26d8k4ppfn,10000000000,
14f9653d6b4635836f3f0d7a4e84bc429bd026ba398ae7e56eba8623d429afd9,2023-07-24T10:00:08.377000,received,kaspa:qqetp7ct8kqss99fxmymyz5t3fezppxp0t58wl6pawp27elqd46uudme00cl0,6737000000000,
40a47ddd1000a40750a581664acab571239724d40121626e7451035bdd07debd,2023-03-13T14:59:41.240000,received,kaspa:qpjunp39ssazf4rzfxxu0hd35xggfxn6lq0ls9u9q6peevzcmcv4xmv9q4njd,97000000000,
