tx_id,timestamp,direction,peer_address,amount_sompi,cex_label
92e410085e696edaf84429d3b2d58f5596d9171303c875d3cab78a204df57e46,2024-04-14T01:43:38.339000,sent,kaspa:qpzpfwcsqsxhxwup26r55fd0ghqlhyugz8cp6y3wxuddc02vcxtjg75pspnwz,2000000000000,MEXC
92e410085e696edaf84429d3b2d58f5596d9171303c875d3cab78a204df57e46,2024-04-14T01:43:38.339000,sent,kaspa:qpjunp39ssazf4rzfxxu0hd35xggfxn6lq0ls9u9q6peevzcmcv4xmv9q4njd,21950821934677408,
6647f7cb1cdae4ce85ce3e428ee47fdb93544268f6397568d4fe9efe02b8737c,2024-04-14T01:43:04.061000,received,kaspa:qzymtyv0mc9gj8pj0pwv8stl6kwvmdx7p4dtdhw00f052yvw862egxdnlm4u0,500000000000,
76b19cdada7a5bac6f3699a2bcb25537f4804e906bc4ba63926e299bbd2d1526,2024-03-13T03:53:35.711000,sent,kaspa:qpzpfwcsqsxhxwup26r55fd0ghqlhyugz8cp6y3wxuddc02vcxtjg75pspnwz,2000000000000,MEXC
76b19cdada7a5bac6f3699a2bcb25537f4804e906bc4ba63926e299bbd2d1526,2024-03-13T03:53:35.711000,sent,kaspa:qpjunp39ssazf4rzfxxu0hd35xggfxn6lq0ls9u9q6peevzcmcv4xmv9q4njd,20068937872198520,
91447ac540b8f33638d59f111f363c3e44f1bc88efe8a898129639ad36dc3119,2024-03-13T03:52:42.333000,received,kaspa:qzymtyv0mc9gj8pj0pwv8stl6kwvmdx7p4dtdhw00f052yvw862egxdnlm4u0,331000000000,
a4338af410db3ba034335a7e48cdcba97b27d888e75ee77451e963045a751bd6,2024-03-12T04:50:05.766000,sent,kaspa:qpzpfwcsqsxhxwup26r55fd0ghqlhyugz8cp6y3wxuddc02vcxtjg75pspnwz,2000000000000,MEXC
a4338af410db3ba034335a7e48cdcba97b27d888e75ee77451e963045a751bd6,2024-03-12T04:50:05.766000,sent,kaspa:qpjunp39ssazf4rzfxxu0hd35xggfxn6lq0ls9u9q6peevzcmcv4xmv9q4njd,4788348990,
e359e652bf80e397e3c7944d791b57fd69544cf81132ec3641ee6ac6cac89ef6,2024-03-12T04:19:40.185000,received,kaspa:qzymtyv0mc9gj8pj0pwv8stl6kwvmdx7p4dtdhw00f052yvw862egxdnlm4u0,80000000000,
e359e652bf80e397e3c7944d791b57fd69544cf81132ec3641ee6ac6cac89ef6,2024-03-12T04:19:40.185000,received,kaspa:qzymtyv0mc9gj8pj0pwv8stl6kwvmdx7p4dtdhw00f052yvw862egxdnlm4u0,80000000000,
bfdddb6b7241862280a8bcb196e8f96556a6973d793964002ac126f22372fcff,2024-01-09T02:48:40.109000,sent,kaspa:qpzpfwcsqsxhxwup26r55fd0ghqlhyugz8cp6y3wxuddc02vcxtjg75pspnwz,2000000000000,MEXC
bfdddb6b7241862280a8bcb196e8f96556a6973d793964002ac126f22372fcff,2024-01-09T02:48:40.109000,sent,kaspa:qpjunp39ssazf4rzfxxu0hd35xggfxn6lq0ls9u9q6peevzcmcv4xmv9q4njd,9469621251482480,
141da89178f99936370c7696c12e83edebebe72e908d9aa3cdcdb641ec46ac37,2024-01-09T02:47:13.520000,received,kaspa:qzymtyv0mc9gj8pj0pwv8stl6kwvmdx7p4dtdhw00f052yvw862egxdnlm4u0,1009441801884,
b1c910ff338c4ad65ba138d87f39b2f8100089c4b08ecf1ec1a5919ec8e72532,2024-01-06T06:40:08.004000,sent,kaspa:qpzpfwcsqsxhxwup26r55fd0ghqlhyugz8cp6y3wxuddc02vcxtjg75pspnwz,2000000000000,MEXC
b1c910ff338c4ad65ba138d87f39b2f8100089c4b08ecf1ec1a5919ec8e72532,2024-01-06T06:40:08.004000,sent,kaspa:qpjunp39ssazf4rzfxxu0hd35xggfxn6lq0ls9u9q6peevzcmcv4xmv9q4njd,332272970000,
379e2b2b93b037a3447a9fbb940fdbe4f16c1a9268320177ce74fa996ff6af89,2024-01-06T06:29:44.242000,received,kaspa:qzymtyv0mc9gj8pj0pwv8stl6kwvmdx7p4dtdhw00f052yvw862egxdnlm4u0,634000000000,
5686c6ef902c31125b8ddd551c19bf6c114a4c4de6d2a66934d7f650322ac3f7,2024-01-06T05:20:08.259000,sent,kaspa:qpzpfwcsqsxhxwup26r55fd0ghqlhyugz8cp6y3wxuddc02vcxtjg75pspnwz,2000000000000,MEXC
5686c6ef902c31125b8ddd551c19bf6c114a4c4de6d2a66934d7f650322ac3f7,2024-01-06T05:20:08.259000,sent,kaspa:qpjunp39ssazf4rzfxxu0hd35xggfxn6lq0ls9u9q6peevzcmcv4xmv9q4njd,296519161186,
6f4d803f3e5508f98133f073a1b1414dd18ce31119da5812152dd2c559cfcc52,2024-01-06T05:11:50.527000,received,kaspa:qzymtyv0mc9gj8pj0pwv8stl6kwvmdx7p4dtdhw00f052yvw862egxdnlm4u0,500000000000,
6f4d803f3e5508f98133f073a1b1414dd18ce31119da5812152dd2c559cfcc52,2024-01-06T05:11:50.527000,received,kaspa:qzymtyv0mc9gj8pj0pwv8stl6kwvmdx7p4dtdhw00f052yvw862egxdnlm4u0,500000000000,
ccd2611b3ca9482bdad6ab05a4ddd29365abaa7fdfeeddb2e7e60b6a4d6c388f,2024-01-03T17:10:41.017000,sent,kaspa:qpzpfwcsqsxhxwup26r55fd0ghqlhyugz8cp6y3wxuddc02vcxtjg75pspnwz,2000000000000,MEXC
ccd2611b3ca9482bdad6ab05a4ddd29365abaa7fdfeeddb2e7e60b6a4d6c388f,2024-01-03T17:10:41.017000,sent,kaspa:qpjunp39ssazf4rzfxxu0hd35xggfxn6lq0ls9u9q6peevzcmcv4xmv9q4njd,3859114847687295,
903dd4ff1005d72fb44a7405d0984a099e294f7058bf74d75965ec6fc60e5ea6,2024-01-03T17:09:34.687000,received,kaspa:qzymtyv0mc9gj8pj0pwv8stl6kwvmdx7p4dtdhw00f052yvw862egxdnlm4u0,500000000000,
1c2282903d260d5ce1f13dd4e04226464aa720ee7a672b661d98c0ee1f88e59e,2024-01-03T16:28:41.900000,sent,kaspa:qpzpfwcsqsxhxwup26r55fd0ghqlhyugz8cp6y3wxuddc02vcxtjg75pspnwz,2000000000000,MEXC
1c2282903d260d5ce1f13dd4e04226464aa720ee7a672b661d98c0ee1f88e59e,2024-01-03T16:28:41.900000,sent,kaspa:qpjunp39ssazf4rzfxxu0hd35xggfxn6lq0ls9u9q6peevzcmcv4xmv9q4njd,3754278486201016,
fa3aefc84d9f1714ac84cee7ec86d47b60e49028a4917cc4b4977bf1a575e597,2024-01-03T16:26:12.525000,received,kaspa:qzymtyv0mc9gj8pj0pwv8stl6kwvmdx7p4dtdhw00f052yvw862egxdnlm4u0,500000000000,
6313da86bfaaa047e2cc321dda18102ccb28528d780fd786ca40340a41f57b92,2023-12-26T09:25:46.297000,sent,kaspa:qpjunp39ssazf4rzfxxu0hd35xggfxn6lq0ls9u9q6peevzcmcv4xmv9q4njd,11439999120000,
82d60f151e849aa33f02a05ca638bfcf8592969c038e82a70c771c4ec14151f1,2023-12-26T07:47:06.454000,sent,kaspa:qpjunp39ssazf4rzfxxu0hd35xggfxn6lq0ls9u9q6peevzcmcv4xmv9q4njd,19235177372804,
a2e03d50b85087c4b73cc04fa954aec4bb43c5fb6c7630c403867dea9f77badf,2023-12-25T22:45:10.608000,sent,kaspa:qpjunp39ssazf4rzfxxu0hd35xggfxn6lq0ls9u9q6peevzcmcv4xmv9q4njd,26399999120000,
cabb5ba386a9d549d968c9b25b3fe48549ac9daf23ebfa5dd9d2a6145c3d740f,2023-12-25T01:41:11.759000,sent,kaspa:qpzpfwcsqsxhxwup26r55fd0ghqlhyugz8cp6y3wxuddc02vcxtjg75pspnwz,30000000000000,MEXC
cabb5ba386a9d549d968c9b25b3fe48549ac9daf23ebfa5dd9d2a6145c3d740f,2023-12-25T01:41:11.759000,sent,kaspa:qpjunp39ssazf4rzfxxu0hd35xggfxn6lq0ls9u9q6peevzcmcv4xmv9q4njd,48349652281,
8ad1d9a8ee3f5e3af3393979dd48575cb3ed384f000b2c9e9c32bd7546b14b8a,2023-12-24T23:03:22.509000,received,kaspa:qzymtyv0mc9gj8pj0pwv8stl6kwvmdx7p4dtdhw00f052yvw862egxdnlm4u0,500000000000,
4f49fa2a6c2a5df18596a77507338cd023c2d507ed09da7c0a5f65f0819c1121,2023-12-24T22:36:02.373000,sent,kaspa:qpzpfwcsqsxhxwup26r55fd0ghqlhyugz8cp6y3wxuddc02vcxtjg75pspnwz,30000000000000,MEXC
4f49fa2a6c2a5df18596a77507338cd023c2d507ed09da7c0a5f65f0819c1121,2023-12-24T22:36:02.373000,sent,kaspa:qpjunp39ssazf4rzfxxu0hd35xggfxn6lq0ls9u9q6peevzcmcv4xmv9q4njd,112681510784,
e5814629d9a43e9d80047f16c46e36e2ac5fe086a4510aee171ff6da06fdaddd,2023-12-24T22:21:23.578000,received,kaspa:qzymtyv0mc9gj8pj0pwv8stl6kwvmdx7p4dtdhw00f052yvw862egxdnlm4u0,1000000000000,
746453446f2c2b9c7147792f2aa4e15bf7f011c68e97754a04efb03024e0e969,2023-12-24T16:51:10.774000,sent,kaspa:qpzpfwcsqsxhxwup26r55fd0ghqlhyugz8cp6y3wxuddc02vcxtjg75pspnwz,30000000000000,MEXC
746453446f2c2b9c7147792f2aa4e15bf7f011c68e97754a04efb03024e0e969,2023-12-24T16:51:10.774000,sent,kaspa:qpjunp39ssazf4rzfxxu0hd35xggfxn6lq0ls9u9q6peevzcmcv4xmv9q4njd,237407158318,
147c9d80cd0f2bcf8d54da5bc0da726a673354ac02065b2b591db92216d441b9,2023-12-24T16:06:04.255000,received,kaspa:qzymtyv0mc9gj8pj0pwv8stl6kwvmdx7p4dtdhw00f052yvw862egxdnlm4u0,1000000000000,
147c9d80cd0f2bcf8d54da5bc0da726a673354ac02065b2b591db92216d441b9,2023-12-24T16:06:04.255000,received,kaspa:qzymtyv0mc9gj8pj0pwv8stl6kwvmdx7p4dtdhw00f052yvw862egxdnlm4u0,1000000000000,
c9845cb3e67a3c0bd6dd8489c4481124a15fe6d2622d5a2fa7e0096f6857c8d6,2023-12-21T18:34:07.465000,received,kaspa:qzymtyv0mc9gj8pj0pwv8stl6kwvmdx7p4dtdhw00f052yvw862egxdnlm4u0,130000000000,
c9845cb3e67a3c0bd6dd8489c4481124a15fe6d2622d5a2fa7e0096f6857c8d6,2023-12-21T18:34:07.465000,received,kaspa:qzymtyv0mc9gj8pj0pwv8stl6kwvmdx7p4dtdhw00f052yvw862egxdnlm4u0,130000000000,
724348ce702b2ef981bbfcb554637b191ee24b554bebbbc2665b0cf2d3204120,2023-12-07T23:31:03.304000,sent,kaspa:qpzpfwcsqsxhxwup26r55fd0ghqlhyugz8cp6y3wxuddc02vcxtjg75pspnwz,30000000000000,MEXC
724348ce702b2ef981bbfcb554637b191ee24b554bebbbc2665b0cf2d3204120,2023-12-07T23:31:03.304000,sent,kaspa:qpjunp39ssazf4rzfxxu0hd35xggfxn6lq0ls9u9q6peevzcmcv4xmv9q4njd,232499286669,
869025b8dba89813b537dd1fcc275a748fc4bcb402c27e0989c36ad05f333f2e,2023-12-07T23:22:48.489000,received,kaspa:qzymtyv0mc9gj8pj0pwv8stl6kwvmdx7p4dtdhw00f052yvw862egxdnlm4u0,1700000000000,
15e14bd425dc239dea7f88e7609887672351e192d9f40df672cb59ed6a6e9b22,2023-11-29T23:21:25.304000,sent,kaspa:qpzpfwcsqsxhxwup26r55fd0ghqlhyugz8cp6y3wxuddc02vcxtjg75pspnwz,30000000000000,MEXC
15e14bd425dc239dea7f88e7609887672351e192d9f40df672cb59ed6a6e9b22,2023-11-29T23:21:25.304000,sent,kaspa:qpjunp39ssazf4rzfxxu0hd35xggfxn6lq0ls9u9q6peevzcmcv4xmv9q4njd,101146358852,
3a68e28de4914f7aa022d696e892db252462e7b0d3b44fa13beef01e974b782d,2023-11-29T23:12:17.756000,received,kaspa:qzymtyv0mc9gj8pj0pwv8stl6kwvmdx7p4dtdhw00f052yvw862egxdnlm4u0,800000000000,
3a68e28de4914f7aa022d696e892db252462e7b0d3b44fa13beef01e974b782d,2023-11-29T23:12:17.756000,received,kaspa:qzymtyv0mc9gj8pj0pwv8stl6kwvmdx7p4dtdhw00f052yvw862egxdnlm4u0,800000000000,
3a68e28de4914f7aa022d696e892db252462e7b0d3b44fa13beef01e974b782d,2023-11-29T23:12:17.756000,received,kaspa:qzymtyv0mc9gj8pj0pwv8stl6kwvmdx7p4dtdhw00f052yvw862egxdnlm4u0,800000000000,
3a68e28de4914f7aa022d696e892db252462e7b0d3b44fa13beef01e974b782d,2023-11-29T23:12:17.756000,received,kaspa:qzymtyv0mc9gj8pj0pwv8stl6kwvmdx7p4dtdhw00f052yvw862egxdnlm4u0,800000000000,
b41e6b7fa7f29975501f39a769311348021ab1a4bed1e429e0d20e0ffc8b5873,2023-11-20T17:41:31.079000,sent,kaspa:qpzpfwcsqsxhxwup26r55fd0ghqlhyugz8cp6y3wxuddc02vcxtjg75pspnwz,30000000000000,MEXC
b41e6b7fa7f29975501f39a769311348021ab1a4bed1e429e0d20e0ffc8b5873,2023-11-20T17:41:31.079000,sent,kaspa:qpjunp39ssazf4rzfxxu0hd35xggfxn6lq0ls9u9q6peevzcmcv4xmv9q4njd,304492497551,
aa09fcd260f804288030d5eff093864b50f0a24db0e85aafc627bf3858240312,2023-11-20T17:26:10.671000,received,kaspa:qzymtyv0mc9gj8pj0pwv8stl6kwvmdx7p4dtdhw00f052yvw862egxdnlm4u0,2500000000000,
b25b48d7bf0b202a3ee459fc588b5ae26735c1aecdca6a7fbba8b305815fffce,2023-11-18T01:32:50.360000,received,kaspa:qzymtyv0mc9gj8pj0pwv8stl6kwvmdx7p4dtdhw00f052yvw862egxdnlm4u0,218600000000,
b25b48d7bf0b202a3ee459fc588b5ae26735c1aecdca6a7fbba8b305815fffce,2023-11-18T01:32:50.360000,received,kaspa:qzymtyv0mc9gj8pj0pwv8stl6kwvmdx7p4dtdhw00f052yvw862egxdnlm4u0,218600000000,
8be6535e86260ecd743be740149a555e56f99cac33707cf778c191239864ff67,2023-11-16T23:51:14.953000,sent,kaspa:qpzpfwcsqsxhxwup26r55fd0ghqlhyugz8cp6y3wxuddc02vcxtjg75pspnwz,100000000000000,MEXC
8be6535e86260ecd743be740149a555e56f99cac33707cf778c191239864ff67,2023-11-16T23:51:14.953000,sent,kaspa:qpjunp39ssazf4rzfxxu0hd35xggfxn6lq0ls9u9q6peevzcmcv4xmv9q4njd,347641988758,
6fc97c295dd8d3f1f12a317da83c146a9908988d8dc9d741b099bba75207f2ea,2023-11-16T23:32:40.536000,received,kaspa:qzymtyv0mc9gj8pj0pwv8stl6kwvmdx7p4dtdhw00f052yvw862egxdnlm4u0,5023465101884,
f3644493638fddd38911f0945c43c2706cb38e6e5c335690debb9c609d3a639b,2023-11-16T21:46:40.122000,sent,kaspa:qpzpfwcsqsxhxwup26r55fd0ghqlhyugz8cp6y3wxuddc02vcxtjg75pspnwz,100000000000000,MEXC
f3644493638fddd38911f0945c43c2706cb38e6e5c335690debb9c609d3a639b,2023-11-16T21:46:40.122000,sent,kaspa:qpjunp39ssazf4rzfxxu0hd35xggfxn6lq0ls9u9q6peevzcmcv4xmv9q4njd,1950871048568,
a48dc18a044127628c60227b6803a5d35d9156563ea29f055b6781fa25a17ced,2023-11-16T21:02:49.728000,received,kaspa:qqwvnkp47wsj6n4hkdlgj8dsauyx0xvefunnwvvsmpq2udd0ka8ckmpuqw3k5,5082638201884,
a48dc18a044127628c60227b6803a5d35d9156563ea29f055b6781fa25a17ced,2023-11-16T21:02:49.728000,received,kaspa:qqwvnkp47wsj6n4hkdlgj8dsauyx0xvefunnwvvsmpq2udd0ka8ckmpuqw3k5,5082638201884,
a48dc18a044127628c60227b6803a5d35d9156563ea29f055b6781fa25a17ced,2023-11-16T21:02:49.728000,received,kaspa:qqwvnkp47wsj6n4hkdlgj8dsauyx0xvefunnwvvsmpq2udd0ka8ckmpuqw3k5,5082638201884,
b383bee573a639ebb9cbb3040c1c17d767f6e149fc2b17859a252204eb46003e,2023-11-12T03:23:12.967000,sent,kaspa:qpjunp39ssazf4rzfxxu0hd35xggfxn6lq0ls9u9q6peevzcmcv4xmv9q4njd,80124685099031,
6a6b67c169a17d0c4ce6045151981a0b205fcaca935fb2ad34fedddcf7809e28,2023-11-12T03:14:19.619000,received,kaspa:qzymtyv0mc9gj8pj0pwv8stl6kwvmdx7p4dtdhw00f052yvw862egxdnlm4u0,747600000000,
6a6b67c169a17d0c4ce6045151981a0b205fcaca935fb2ad34fedddcf7809e28,2023-11-12T03:14:19.619000,received,kaspa:qzymtyv0mc9gj8pj0pwv8stl6kwvmdx7p4dtdhw00f052yvw862egxdnlm4u0,747600000000,
6a6b67c169a17d0c4ce6045151981a0b205fcaca935fb2ad34fedddcf7809e28,2023-11-12T03:14:19.619000,received,kaspa:qzymtyv0mc9gj8pj0pwv8stl6kwvmdx7p4dtdhw00f052yvw862egxdnlm4u0,747600000000,
6a6b67c169a17d0c4ce6045151981a0b205fcaca935fb2ad34fedddcf7809e28,2023-11-12T03:14:19.619000,received,kaspa:qzymtyv0mc9gj8pj0pwv8stl6kwvmdx7p4dtdhw00f052yvw862egxdnlm4u0,747600000000,
6a6b67c169a17d0c4ce6045151981a0b205fcaca935fb2ad34fedddcf7809e28,2023-11-12T03:14:19.619000,received,kaspa:qzymtyv0mc9gj8pj0pwv8stl6kwvmdx7p4dtdhw00f052yvw862egxdnlm4u0,747600000000,
0322566ace1656656323b82e1d7f185f0989c5eb35a6db5265ee5b2507c1519e,2023-10-24T01:37:29.026000,sent,kaspa:qpjunp39ssazf4rzfxxu0hd35xggfxn6lq0ls9u9q6peevzcmcv4xmv9q4njd,84863152120000,
7f714abe6b3b5e56bb64211d7abe8c440e8b6b0058774516893c1f764fbf2848,2023-10-24T01:11:44.921000,sent,kaspa:qpjunp39ssazf4rzfxxu0hd35xggfxn6lq0ls9u9q6peevzcmcv4xmv9q4njd,49599175367338,
9add73cda56592e2e3feaecc26bae33dc677d374e30f6ac2c8fea4950ea55955,2023-10-23T22:47:14.911000,sent,kaspa:qpjunp39ssazf4rzfxxu0hd35xggfxn6lq0ls9u9q6peevzcmcv4xmv9q4njd,88018694813536,
d9e219e0945450eb8c569142a7f446c4ecbdec588233a7ad8194ab4d949fa86b,2023-10-23T19:07:18.708000,sent,kaspa:qpzpfwcsqsxhxwup26r55fd0ghqlhyugz8cp6y3wxuddc02vcxtjg75pspnwz,100000000000000,MEXC
d9e219e0945450eb8c569142a7f446c4ecbdec588233a7ad8194ab4d949fa86b,2023-10-23T19:07:18.708000,sent,kaspa:qpjunp39ssazf4rzfxxu0hd35xggfxn6lq0ls9u9q6peevzcmcv4xmv9q4njd,1988447841338,
d5e9ce7d7cf0e628b5ad52e02edef9f0736872a111cabf817f427116dff0b174,2023-10-13T10:30:19.750000,received,kaspa:qzymtyv0mc9gj8pj0pwv8stl6kwvmdx7p4dtdhw00f052yvw862egxdnlm4u0,3000000000000,
de0bc3e4a83c4bd99bebffda862308ac6da792649c7fb45a774b23a66f7b39c7,2023-10-04T01:26:38.482000,received,kaspa:qpgs7fvtz5s5v5r4mmqym28pc6qu429vwxgtddpq5033vgzjlfuqgrv4jgp85,568030980000,
4f3ab036d49e7d4f70141577b0c93edf474d10b8a880d42816150918bd4a24ea,2023-10-03T19:58:28.778000,received,kaspa:qp8dm0vw9ypm4rdkgz3c49k36nxta0pjasvu8je05x2fhw2svfn3svpr8jwuy,500000000000,
b1bb2dfabc9ac1fe02ceb3f468b6a4be8f87c5667d571e0dc762518af8a20f62,2023-09-30T16:52:04.293000,received,kaspa:qzymtyv0mc9gj8pj0pwv8stl6kwvmdx7p4dtdhw00f052yvw862egxdnlm4u0,1000000000000,
257d38d6daae5cab67752b603829ba4f242b79758b300703eb939a0ad1eed096,2023-09-29T16:24:29.419000,received,kaspa:qzymtyv0mc9gj8pj0pwv8stl6kwvmdx7p4dtdhw00f052yvw862egxdnlm4u0,300000000000,
257d38d6daae5cab67752b603829ba4f242b79758b300703eb939a0ad1eed096,2023-09-29T16:24:29.419000,received,kaspa:qzymtyv0mc9gj8pj0pwv8stl6kwvmdx7p4dtdhw00f052yvw862egxdnlm4u0,300000000000,
257d38d6daae5cab67752b603829ba4f242b79758b300703eb939a0ad1eed096,2023-09-29T16:24:29.419000,received,kaspa:qzymtyv0mc9gj8pj0pwv8stl6kwvmdx7p4dtdhw00f052yvw862egxdnlm4u0,300000000000,
eecfe676c07c8a917ecac2d95defef1f34460f5e82b7f081b4b740e3b65e7a30,2023-08-23T17:10:53.423000,sent,kaspa:qpjunp39ssazf4rzfxxu0hd35xggfxn6lq0ls9u9q6peevzcmcv4xmv9q4njd,175995693356291,
4eb0635c27bece57c078dfeb2eddbc7e4c30ffa1217db3694ef6f877e0a2b717,2023-08-10T22:47:57.270000,received,kaspa:qzymtyv0mc9gj8pj0pwv8stl6kwvmdx7p4dtdhw00f052yvw862egxdnlm4u0,2000000000000,
b7917a95962726d49f8b3c3427bec69f81df15ff7d81cbbbb7be563eaf7bbbdf,2023-05-28T00:05:46.668000,sent,kaspa:qpjunp39ssazf4rzfxxu0hd35xggfxn6lq0ls9u9q6peevzcmcv4xmv9q4njd,61600065892593,
5016fa4309b859aa8361e3fd8c79c7854a6107f53a2674bf81398864b8d79d31,2023-04-25T14:20:53.188000,sent,kaspa:qpjunp39ssazf4rzfxxu0hd35xggfxn6lq0ls9u9q6peevzcmcv4xmv9q4njd,162360004303676,
e78ea836b13ab1e5bb183e47f22b191650bb5953f4ea347e1a2383a435bac601,2023-04-25T13:37:55.696000,received,kaspa:qzymtyv0mc9gj8pj0pwv8stl6kwvmdx7p4dtdhw00f052yvw862egxdnlm4u0,3700000000000,
e78ea836b13ab1e5bb183e47f22b191650bb5953f4ea347e1a2383a435bac601,2023-04-25T13:37:55.696000,received,kaspa:qzymtyv0mc9gj8pj0pwv8stl6kwvmdx7p4dtdhw00f052yvw862egxdnlm4u0,3700000000000,
e78ea836b13ab1e5bb183e47f22b191650bb5953f4ea347e1a2383a435bac601,2023-04-25T13:37:55.696000,received,kaspa:qzymtyv0mc9gj8pj0pwv8stl6kwvmdx7p4dtdhw00f052yvw862egxdnlm4u0,3700000000000,
72cf49b57306c8bf6f615d05e52c3755540315fe8ee66ee8a64698d3eea70dd4,2023-04-12T13:51:01.855000,received,kaspa:qzymtyv0mc9gj8pj0pwv8stl6kwvmdx7p4dtdhw00f052yvw862egxdnlm4u0,700000000000,
72cf49b57306c8bf6f615d05e52c3755540315fe8ee66ee8a64698d3eea70dd4,2023-04-12T13:51:01.855000,received,kaspa:qzymtyv0mc9gj8pj0pwv8stl6kwvmdx7p4dtdhw00f052yvw862egxdnlm4u0,700000000000,
72cf49b57306c8bf6f615d05e52c3755540315fe8ee66ee8a64698d3eea70dd4,2023-04-12T13:51:01.855000,received,kaspa:qzymtyv0mc9gj8pj0pwv8stl6kwvmdx7p4dtdhw00f052yvw862egxdnlm4u0,700000000000,
72cf49b57306c8bf6f615d05e52c3755540315fe8ee66ee8a64698d3eea70dd4,2023-04-12T13:51:01.855000,received,kaspa:qzymtyv0mc9gj8pj0pwv8stl6kwvmdx7p4dtdhw00f052yvw862egxdnlm4u0,700000000000,
72cf49b57306c8bf6f615d05e52c3755540315fe8ee66ee8a64698d3eea70dd4,2023-04-12T13:51:01.855000,received,kaspa:qzymtyv0mc9gj8pj0pwv8stl6kwvmdx7p4dtdhw00f052yvw862egxdnlm4u0,700000000000,
72cf49b57306c8bf6f615d05e52c3755540315fe8ee66ee8a64698d3eea70dd4,2023-04-12T13:51:01.855000,received,kaspa:qzymtyv0mc9gj8pj0pwv8stl6kwvmdx7p4dtdhw00f052yvw862egxdnlm4u0,700000000000,
