tx_id,timestamp,direction,peer_address,amount_sompi,cex_label
ed185daeba745a4dad109d60b56f1cc665daf2057c4d38ce50eee6b6740c5559,2023-12-16T04:27:03.286000,sent,kaspa:qzslgwenzu78t6tldlng383g7ruu4enaljmnkgaulyrscjp7ldt26x8gfxck5,171940000,
ed185daeba745a4dad109d60b56f1cc665daf2057c4d38ce50eee6b6740c5559,2023-12-16T04:27:03.286000,sent,kaspa:qzslgwenzu78t6tldlng383g7ruu4enaljmnkgaulyrscjp7ldt26x8gfxck5,171940000,
9607b87adbd9ed3b4033e2f3f7d136a9fcb6db6be22e94d7d8ddbac6a9d801e9,2023-12-12T12:16:07.292000,received,kaspa:qypswxtcrv4ssyjaswy5w9387vq73mkuyq85tl34cee6qn5uexqy0csgnafnjx7,171000000,
88b717deab8f77b8aa9b7e1cce042fa8f97a60d7e770d407c537a44d2a631949,2023-11-28T16:46:33.045000,sent,kaspa:qyp3777p8c064wr70vkxznkm9xd0th6fk9cr74t9jk9w20ae3jx85pg4cdzlv4v,18000000,
2b95b8d5f2461decc20f6ef4098179223a837e47a007a8bcde116b688c55e394,2023-11-28T02:38:37.715000,received,kaspa:qpt4rs4dse5l4ane0e0tv6nc2m9eu9gd33t5rkm6dtu8dpvxatuajce59z4ea,19000000,
