tx_id,timestamp,direction,peer_address,amount_sompi,cex_label
979348c16ceb31437f4cba4d730772b5e3a23f6bbf114075219ed255e6a4b3e1,2023-12-02T16:05:46.377000,sent,kaspa:qqwvnkp47wsj6n4hkdlgj8dsauyx0xvefunnwvvsmpq2udd0ka8ckmpuqw3k5,1610999800000,
d19688248cef224f6f40646281a36a5b3d454d25ed68d64ac379973c5e4fc84c,2023-11-23T13:26:03.334000,sent,kaspa:qqwvnkp47wsj6n4hkdlgj8dsauyx0xvefunnwvvsmpq2udd0ka8ckmpuqw3k5,540000000000,
d19688248cef224f6f40646281a36a5b3d454d25ed68d64ac379973c5e4fc84c,2023-11-23T13:26:03.334000,sent,kaspa:qqwvnkp47wsj6n4hkdlgj8dsauyx0xvefunnwvvsmpq2udd0ka8ckmpuqw3k5,540000000000,
d19688248cef224f6f40646281a36a5b3d454d25ed68d64ac379973c5e4fc84c,2023-11-23T13:26:03.334000,sent,kaspa:qqwvnkp47wsj6n4hkdlgj8dsauyx0xvefunnwvvsmpq2udd0ka8ckmpuqw3k5,540000000000,
574e2d0a1c34edf1b49f434ac179bb7324f780db14e027c5d4e79f2bf179d4ef,2023-10-24T14:14:04.558000,received,kaspa:qqetp7ct8kqss99fxmymyz5t3fezppxp0t58wl6pawp27elqd46uudme00cl0,1047000000000,
94d8d1725aeadc51c0da3d84bfa6ff3cdf01e2ca2258702c00e0da6d7a4dbcfd,2023-10-24T13:47:03.403000,received,kaspa:qqetp7ct8kqss99fxmymyz5t3fezppxp0t58wl6pawp27elqd46uudme00cl0,1097000000000,
db7f91ba42c8e2f121369e3cba08f803f2aa4b2119cc911a59e8a67bf1f5e0b6,2023-10-24T13:43:04.142000,received,kaspa:qqetp7ct8kqss99fxmymyz5t3fezppxp0t58wl6pawp27elqd46uudme00cl0,7000000000,
