tx_id,timestamp,direction,peer_address,amount_sompi,cex_label
7cc0a3ce432b4eb87b47cc023049aa677cad831b99c4d1fca9839e25b484bf90,2023-12-16T04:56:54.534000,sent,kaspa:qzslgwenzu78t6tldlng383g7ruu4enaljmnkgaulyrscjp7ldt26x8gfxck5,171940000,
7cc0a3ce432b4eb87b47cc023049aa677cad831b99c4d1fca9839e25b484bf90,2023-12-16T04:56:54.534000,sent,kaspa:qzslgwenzu78t6tldlng383g7ruu4enaljmnkgaulyrscjp7ldt26x8gfxck5,171940000,
7f8030cb9dcdb37c92adfc9ebb02da6ff573b9b3d9267cd33c651b0a88fb79f0,2023-12-13T02:45:32.538000,received,kaspa:qypswxtcrv4ssyjaswy5w9387vq73mkuyq85tl34cee6qn5uexqy0csgnafnjx7,171000000,
2c5b20224c085445d1f5c8d8009f2ea29dbfb6feeed040a08620038202cd5458,2023-11-29T18:05:24.635000,sent,kaspa:qypvthdy8vk5v9nnr8n4rhsfpz43uryus9rm30uz22wph7r0vh8e7wg2wjw63ft,18000000,
47e1289db088f5c9c9edf2bf2b319898aa10a29c7e9ed6937ca967e9fff12ea4,2023-11-29T13:38:46.157000,received,kaspa:qz2mfwckqf336hmfsmq2wesgv3up3emyec0yvszzk8g03pj05qr5u7pet9th0,19000000,
