tx_id,timestamp,direction,peer_address,amount_sompi,cex_label
fb2240dc29d32aa42c06604d031114328ccd8a0f88b3f2e726fc955b45f777f4,2023-12-16T03:19:45.074000,sent,kaspa:qzslgwenzu78t6tldlng383g7ruu4enaljmnkgaulyrscjp7ldt26x8gfxck5,171940000,
fb2240dc29d32aa42c06604d031114328ccd8a0f88b3f2e726fc955b45f777f4,2023-12-16T03:19:45.074000,sent,kaspa:qzslgwenzu78t6tldlng383g7ruu4enaljmnkgaulyrscjp7ldt26x8gfxck5,171940000,
6c53b26c69996f0c6b83894ea1c1e80fd1a2e284f13edc6690bc6db14c998f28,2023-12-12T03:07:25.908000,received,kaspa:qypswxtcrv4ssyjaswy5w9387vq73mkuyq85tl34cee6qn5uexqy0csgnafnjx7,171000000,
5f4f81d1a08f218dc8396eb1a257a1d9b48f9f213920627698102c4e186df458,2023-11-28T01:00:30.333000,sent,kaspa:qypftceqtznqys9j36hvyv4hak8et59r5wnerkeed2emgc7qktj2stca4ygdh5a,18000000,
150a9d355165d0572f0c9d4d7f3fd262305d4e2a3435d739637fc5057ffbfb27,2023-11-27T20:01:23.204000,received,kaspa:qqjyq6k04n3x02w9rj97mqqj558shn4gyfkclm3ks928uypf45er5tfhm646q,19000000,
