tx_id,timestamp,direction,peer_address,amount_sompi,cex_label
6ae248e4967fd70da114654bc54b55efa95c586dca7140e001d11b80d31437ae,2023-12-13T08:43:38.920000,sent,kaspa:qqh06puhtgsu5utuakvv88ewhppn4dtp0k4a2df0xxga6ytg5p7vzcs0tuml5,14363160000,
a17fbb79d82818d05c46c6b6df2209bae686275716eb50517eaf336c6ea95fc4,2023-12-12T08:43:56.958000,received,kaspa:qypswxtcrv4ssyjaswy5w9387vq73mkuyq85tl34cee6qn5uexqy0csgnafnjx7,171000000,
fab0655bd9d5c2b3917486f92312abdf6a084c02fe6894fec7d6442e516de0cd,2023-11-28T11:36:55.354000,sent,kaspa:qypsdeujmek9nw9hdqhjvf5rg7pdkmhdzmp4lpcpatc0gffnw8zajqgr9992mn3,18000000,
fab0655bd9d5c2b3917486f92312abdf6a084c02fe6894fec7d6442e516de0cd,2023-11-28T11:36:55.354000,sent,kaspa:qzpy6farahp2q4h93fv4yruf6wgfzk7g6vpnax86rghyrhp4jwn6xw7qnaaey,3217310000,
2fbf5e6a2ddbcb458661c18ec1ced8c03567b7335ac52d0b5fd9d4751d444a90,2023-11-28T11:18:59.648000,received,kaspa:qru973a2jhlu9sgwafm3fupzvfcfz6ejkarjz9r3vqh8tgf7uj3ajgmmuy6yk,3235320000,
