tx_id,timestamp,direction,peer_address,amount_sompi,cex_label
2fcfc6035174f4ac444f31ed5daa1b48278e5e5085c792891365d9fcd41a81f1,2023-12-14T07:33:16.779000,sent,kaspa:qr7r8rtehym00mcmmucflvu2003fsevzc9s0rezsltzwd6jd34p2cg3nd43cf,170990000,
fd1cdf7490629edfe29549047c4e3b06535a979103de8d18b151dbe04929c0d5,2023-12-12T17:09:12.647000,received,kaspa:qypswxtcrv4ssyjaswy5w9387vq73mkuyq85tl34cee6qn5uexqy0csgnafnjx7,171000000,
bcb06f2e0fcda9070d75f7e8eedb0f160140e7094290665aca48ec6cf096e2be,2023-11-29T05:13:20.324000,sent,kaspa:qypcsqyfalcg3f47fzj3k8urpgu887lzfvg0q87xe5arf6mmchdn74cyzu5jmxu,18000000,
31edb497a670845b0db9591ba50098e9f773f806d378304d82ebc616f286af5c,2023-11-29T05:05:30.984000,received,kaspa:qrzredw2skkltrwvwyzt63lupfk5l3dk8w53x7sh0n5hrqgkq4mq6yze3qzuc,18010000,
