tx_id,timestamp,direction,peer_address,amount_sompi,cex_label
6b3ba0728afdc270d507bd45ffb38e3bfca1db9505aaf3f2e229c3eff05b69dc,2024-02-21T06:46:47.731000,sent,kaspa:qq6unnf8p62vkudx94u4t90ruxma7zad8wew463l5dhgnyjtrt0sc82lc5ykw,170990000,
1bd24abcd83a81f1f74b38dabf87278c76aca49fc401af22547ae3425b2b7816,2023-12-12T16:01:18.156000,received,kaspa:qypswxtcrv4ssyjaswy5w9387vq73mkuyq85tl34cee6qn5uexqy0csgnafnjx7,171000000,
d60b15d29d01621bc1e2ec42dec2ead2b84ab7e274a86e6200cf4bc6f95fc3aa,2023-11-29T03:06:33.768000,sent,kaspa:qpqqlh06hhvd5gf62hvhdqua9hxte8usuwx96fs97ppay6jkdcaxjx0qyhex6,366490000,
e63bf1fa9ae39acfd0cb37e91db3a0ec03b43226ad38bb167c19ec9b0c9d8362,2023-11-29T03:02:19.600000,sent,kaspa:qyp0q4n5d48myfhm6l2leat0dyvtjyy4kcm0w52nf0fns6emed97eeqa2u2v25c,18000000,
bcb7e0cf46debfe212e5aa42f43b39bc0cd07471ef31d9b259f9223c27cb64b8,2023-11-29T02:56:55.929000,received,kaspa:qqfll84u572gjrm702g8tlypfrrtplk8lh2urxkpsfjh2dsjcjmt5y80a44l4,384510000,
