tx_id,timestamp,direction,peer_address,amount_sompi,cex_label
50691ca3c4f352abcb01255c50629161daa70a214e7a8183fa3098f68624d657,2024-03-29T04:39:55.286000,sent,kaspa:qq9zagcza4jt76eev9jl5z0nqhe0thcu7js8larktj4sle7lvgnw7sfcewlty,94400000000,
82e0fc482d96988cd9eb4b83b3f8dc89cc2efe87c5260629ebe465f7539e6716,2024-03-29T04:34:56.351000,sent,kaspa:qq9zagcza4jt76eev9jl5z0nqhe0thcu7js8larktj4sle7lvgnw7sfcewlty,380000000000,
82e0fc482d96988cd9eb4b83b3f8dc89cc2efe87c5260629ebe465f7539e6716,2024-03-29T04:34:56.351000,sent,kaspa:qq9zagcza4jt76eev9jl5z0nqhe0thcu7js8larktj4sle7lvgnw7sfcewlty,380000000000,
c72f77f8a2d8bfe3101b79a371b531ffa8f4bfc2b3652a80076a7bc617c09dbe,2024-03-29T04:29:59.147000,received,kaspa:qz6mxru5xgzmk6xnghqld95st4pjaerfdn8av8sp9qg3858ev6fzw5fvyeggl,34200000000,
6d55933abaa1970ec7ecf5d9dd872a4cc3657dc8f8006ebea7272b3b29420fc7,2024-03-15T07:49:39.719000,sent,kaspa:qqrzcgdlr4wedql7sk6g00w3wrdrez8rx5fnn7re4as9s6jglfq3usj0wpgyq,560000000000,
aa7468c7a38aba6b95f556c5ca28588b079c8c7a1cdf5a819a410f536e2784a6,2024-03-10T05:06:02.181000,sent,kaspa:qqrzcgdlr4wedql7sk6g00w3wrdrez8rx5fnn7re4as9s6jglfq3usj0wpgyq,50000000000,
f70a087330156cf7413dd11087064a73aa7559ac65a38a91371fae2063fcd02c,2024-03-08T19:30:38.162000,sent,kaspa:qzlpj7yjm324mpttm2c34kpjnp5hqapqyraeeus2j6ys5qru699vzqfyh2yps,500000000000,
f70a087330156cf7413dd11087064a73aa7559ac65a38a91371fae2063fcd02c,2024-03-08T19:30:38.162000,sent,kaspa:qzlpj7yjm324mpttm2c34kpjnp5hqapqyraeeus2j6ys5qru699vzqfyh2yps,500000000000,
72ccfc4adcf5d4f70a2aaa5ec188f0d11820f0b3906db6250fdfa12450f7c483,2024-03-08T19:27:58.800000,received,kaspa:qq9zagcza4jt76eev9jl5z0nqhe0thcu7js8larktj4sle7lvgnw7sfcewlty,1314471982486,
72ccfc4adcf5d4f70a2aaa5ec188f0d11820f0b3906db6250fdfa12450f7c483,2024-03-08T19:27:58.800000,received,kaspa:qq9zagcza4jt76eev9jl5z0nqhe0thcu7js8larktj4sle7lvgnw7sfcewlty,1314471982486,
f4cfc5fe4afc7e606af3900a20ad12338daada47ad3fad5f13d5cd0416c48f07,2024-03-02T20:33:35.397000,sent,kaspa:qzlpj7yjm324mpttm2c34kpjnp5hqapqyraeeus2j6ys5qru699vzqfyh2yps,2300000000000,
999c84b7313c2fb6b07d6b5fad11068c987596529b033d93030891d1e6945c23,2024-01-10T15:40:24.743000,sent,kaspa:qzlpj7yjm324mpttm2c34kpjnp5hqapqyraeeus2j6ys5qru699vzqfyh2yps,300000000000,
29c5b6c091462bf6b7cc8a2641baf6d0086897cfd4867d25b7d0d7887a126590,2023-12-30T16:04:59.684000,sent,kaspa:qzlpj7yjm324mpttm2c34kpjnp5hqapqyraeeus2j6ys5qru699vzqfyh2yps,252100000000,
f82d27ce24c4c4fa9826267572bbe1b5757f7a05e39ca5369e6ab6c891b3827c,2023-12-11T07:28:41.421000,sent,kaspa:qzlpj7yjm324mpttm2c34kpjnp5hqapqyraeeus2j6ys5qru699vzqfyh2yps,1000000000000,
df799c784b1502664a3fd5260529a82a17b25a11ca2cb2f56598276255824d02,2023-12-08T14:19:16.701000,sent,kaspa:qzlpj7yjm324mpttm2c34kpjnp5hqapqyraeeus2j6ys5qru699vzqfyh2yps,750000000000,
cdffaf47bdf6a8e1a74775a96a8e8776a0dd11a14c9bda99b7046f6fab889115,2023-11-08T05:43:20.310000,sent,kaspa:qzlpj7yjm324mpttm2c34kpjnp5hqapqyraeeus2j6ys5qru699vzqfyh2yps,495000000000,
b9fea4e59b3601bd28c327f62ded25c4b18754c437d5a17680b3431a032689f0,2023-11-04T17:26:33.548000,sent,kaspa:qzlpj7yjm324mpttm2c34kpjnp5hqapqyraeeus2j6ys5qru699vzqfyh2yps,500000000000,
b9fea4e59b3601bd28c327f62ded25c4b18754c437d5a17680b3431a032689f0,2023-11-04T17:26:33.548000,sent,kaspa:qzlpj7yjm324mpttm2c34kpjnp5hqapqyraeeus2j6ys5qru699vzqfyh2yps,500000000000,
9d91cde53bdc8134428a0958564bb7276a420cb0d9ad35574f9a5b4953bdc9ea,2023-10-24T05:20:05.754000,received,kaspa:qqetp7ct8kqss99fxmymyz5t3fezppxp0t58wl6pawp27elqd46uudme00cl0,307000000000,
75be4f14ab324536291bf7d5327235f0e285ec5e004decc9a558940132d9e211,2023-09-12T09:11:27.649000,sent,kaspa:qzlpj7yjm324mpttm2c34kpjnp5hqapqyraeeus2j6ys5qru699vzqfyh2yps,1000000000000,
75be4f14ab324536291bf7d5327235f0e285ec5e004decc9a558940132d9e211,2023-09-12T09:11:27.649000,sent,kaspa:qzlpj7yjm324mpttm2c34kpjnp5hqapqyraeeus2j6ys5qru699vzqfyh2yps,1000000000000,
75be4f14ab324536291bf7d5327235f0e285ec5e004decc9a558940132d9e211,2023-09-12T09:11:27.649000,sent,kaspa:qzlpj7yjm324mpttm2c34kpjnp5hqapqyraeeus2j6ys5qru699vzqfyh2yps,1000000000000,
75be4f14ab324536291bf7d5327235f0e285ec5e004decc9a558940132d9e211,2023-09-12T09:11:27.649000,sent,kaspa:qzlpj7yjm324mpttm2c34kpjnp5hqapqyraeeus2j6ys5qru699vzqfyh2yps,1000000000000,
75be4f14ab324536291bf7d5327235f0e285ec5e004decc9a558940132d9e211,2023-09-12T09:11:27.649000,sent,kaspa:qzlpj7yjm324mpttm2c34kpjnp5hqapqyraeeus2j6ys5qru699vzqfyh2yps,1000000000000,
9325a60aa6921c573c850629a9077e12a8a07fb275500592b53dd053ef2631c4,2023-07-15T15:15:02.909000,received,kaspa:qqetp7ct8kqss99fxmymyz5t3fezppxp0t58wl6pawp27elqd46uudme00cl0,711552000000,
f93ca006181bdd66a34d6e6e7d2c51aa44963f2eee6f63bdd1ebea35ac5c91f9,2023-06-19T13:35:02.155000,received,kaspa:qqetp7ct8kqss99fxmymyz5t3fezppxp0t58wl6pawp27elqd46uudme00cl0,2000000000000,
e2a63e1c337108a1972d465e590d475a847aaa2c6b1d7ec22a3737863c27123a,2023-06-02T23:35:03.633000,received,kaspa:qqetp7ct8kqss99fxmymyz5t3fezppxp0t58wl6pawp27elqd46uudme00cl0,655433000000,
1757724d74b476861783b3d509b80baeff07c4de2fd954fa5485bd23b9131820,2023-05-26T21:12:04.878000,received,kaspa:qpzpfwcsqsxhxwup26r55fd0ghqlhyugz8cp6y3wxuddc02vcxtjg75pspnwz,3061855000000,MEXC
b56599c8c99ec97987b458ef38e45c2352f91d897a263c108b86fbec7f438640,2023-05-26T06:13:04.625000,received,kaspa:qqetp7ct8kqss99fxmymyz5t3fezppxp0t58wl6pawp27elqd46uudme00cl0,97000000000,
