tx_id,timestamp,direction,peer_address,amount_sompi,cex_label
1e1a5d52c5c0d4e070cc16919db51a8ed2e54667dcabc218012cf29f965a4e5f,2025-05-11T23:26:10.786000,sent,kaspa:qqs8vcwdph7pu8nk9su0y8rmxvl9kzvltm9yv0960cp9ducem2mkjyjkd47cp,100000000000,
1e1a5d52c5c0d4e070cc16919db51a8ed2e54667dcabc218012cf29f965a4e5f,2025-05-11T23:26:10.786000,sent,kaspa:qqs8vcwdph7pu8nk9su0y8rmxvl9kzvltm9yv0960cp9ducem2mkjyjkd47cp,100000000000,
1e1a5d52c5c0d4e070cc16919db51a8ed2e54667dcabc218012cf29f965a4e5f,2025-05-11T23:26:10.786000,sent,kaspa:qqs8vcwdph7pu8nk9su0y8rmxvl9kzvltm9yv0960cp9ducem2mkjyjkd47cp,100000000000,
d8c9d56dfa8a1e7e92813a3349ffba6066878f3f75a52128e9ba289123e4f053,2025-04-14T21:18:38.749000,received,kaspa:qqa2qm9ur9t4realfvsmn830ept53x49mf6zw87gs2qc74q883xq7qhwel8uk,90000000000,
137dc7f72ff8f33315f564b86480e32ba27d069ca01637b770acffcbf3b622de,2025-04-14T19:11:47.354000,received,kaspa:qqa2qm9ur9t4realfvsmn830ept53x49mf6zw87gs2qc74q883xq7qhwel8uk,10000000000,
137dc7f72ff8f33315f564b86480e32ba27d069ca01637b770acffcbf3b622de,2025-04-14T19:11:47.354000,received,kaspa:qqa2qm9ur9t4realfvsmn830ept53x49mf6zw87gs2qc74q883xq7qhwel8uk,10000000000,
89e5cad3cdf26d0d0e601aceac834a7487409a0d2142d45674ea5c0608b19b80,2025-03-08T01:41:49.349000,sent,kaspa:qqs8vcwdph7pu8nk9su0y8rmxvl9kzvltm9yv0960cp9ducem2mkjyjkd47cp,1030000000000,
e4155e923e15e685bdc5c6ee55a6f528c7be5ab6e8bfc44afeb9cdd5bd294c2b,2025-03-08T01:20:33.275000,sent,kaspa:qqs8vcwdph7pu8nk9su0y8rmxvl9kzvltm9yv0960cp9ducem2mkjyjkd47cp,1000000000,
e4155e923e15e685bdc5c6ee55a6f528c7be5ab6e8bfc44afeb9cdd5bd294c2b,2025-03-08T01:20:33.275000,sent,kaspa:qqs8vcwdph7pu8nk9su0y8rmxvl9kzvltm9yv0960cp9ducem2mkjyjkd47cp,1000000000,
e4155e923e15e685bdc5c6ee55a6f528c7be5ab6e8bfc44afeb9cdd5bd294c2b,2025-03-08T01:20:33.275000,sent,kaspa:qqs8vcwdph7pu8nk9su0y8rmxvl9kzvltm9yv0960cp9ducem2mkjyjkd47cp,1000000000,
e4155e923e15e685bdc5c6ee55a6f528c7be5ab6e8bfc44afeb9cdd5bd294c2b,2025-03-08T01:20:33.275000,sent,kaspa:qqs8vcwdph7pu8nk9su0y8rmxvl9kzvltm9yv0960cp9ducem2mkjyjkd47cp,1000000000,
e4155e923e15e685bdc5c6ee55a6f528c7be5ab6e8bfc44afeb9cdd5bd294c2b,2025-03-08T01:20:33.275000,sent,kaspa:qqs8vcwdph7pu8nk9su0y8rmxvl9kzvltm9yv0960cp9ducem2mkjyjkd47cp,1000000000,
e4155e923e15e685bdc5c6ee55a6f528c7be5ab6e8bfc44afeb9cdd5bd294c2b,2025-03-08T01:20:33.275000,sent,kaspa:qqs8vcwdph7pu8nk9su0y8rmxvl9kzvltm9yv0960cp9ducem2mkjyjkd47cp,1000000000,
e4155e923e15e685bdc5c6ee55a6f528c7be5ab6e8bfc44afeb9cdd5bd294c2b,2025-03-08T01:20:33.275000,sent,kaspa:qqs8vcwdph7pu8nk9su0y8rmxvl9kzvltm9yv0960cp9ducem2mkjyjkd47cp,1000000000,
e4155e923e15e685bdc5c6ee55a6f528c7be5ab6e8bfc44afeb9cdd5bd294c2b,2025-03-08T01:20:33.275000,sent,kaspa:qqs8vcwdph7pu8nk9su0y8rmxvl9kzvltm9yv0960cp9ducem2mkjyjkd47cp,1000000000,
e4155e923e15e685bdc5c6ee55a6f528c7be5ab6e8bfc44afeb9cdd5bd294c2b,2025-03-08T01:20:33.275000,sent,kaspa:qqs8vcwdph7pu8nk9su0y8rmxvl9kzvltm9yv0960cp9ducem2mkjyjkd47cp,1000000000,
e4155e923e15e685bdc5c6ee55a6f528c7be5ab6e8bfc44afeb9cdd5bd294c2b,2025-03-08T01:20:33.275000,sent,kaspa:qqs8vcwdph7pu8nk9su0y8rmxvl9kzvltm9yv0960cp9ducem2mkjyjkd47cp,1000000000,
e4155e923e15e685bdc5c6ee55a6f528c7be5ab6e8bfc44afeb9cdd5bd294c2b,2025-03-08T01:20:33.275000,sent,kaspa:qqs8vcwdph7pu8nk9su0y8rmxvl9kzvltm9yv0960cp9ducem2mkjyjkd47cp,1000000000,
e4155e923e15e685bdc5c6ee55a6f528c7be5ab6e8bfc44afeb9cdd5bd294c2b,2025-03-08T01:20:33.275000,sent,kaspa:qqs8vcwdph7pu8nk9su0y8rmxvl9kzvltm9yv0960cp9ducem2mkjyjkd47cp,1000000000,
e4155e923e15e685bdc5c6ee55a6f528c7be5ab6e8bfc44afeb9cdd5bd294c2b,2025-03-08T01:20:33.275000,sent,kaspa:qqs8vcwdph7pu8nk9su0y8rmxvl9kzvltm9yv0960cp9ducem2mkjyjkd47cp,1000000000,
e4155e923e15e685bdc5c6ee55a6f528c7be5ab6e8bfc44afeb9cdd5bd294c2b,2025-03-08T01:20:33.275000,sent,kaspa:qqs8vcwdph7pu8nk9su0y8rmxvl9kzvltm9yv0960cp9ducem2mkjyjkd47cp,1000000000,
e4155e923e15e685bdc5c6ee55a6f528c7be5ab6e8bfc44afeb9cdd5bd294c2b,2025-03-08T01:20:33.275000,sent,kaspa:qqs8vcwdph7pu8nk9su0y8rmxvl9kzvltm9yv0960cp9ducem2mkjyjkd47cp,1000000000,
e4155e923e15e685bdc5c6ee55a6f528c7be5ab6e8bfc44afeb9cdd5bd294c2b,2025-03-08T01:20:33.275000,sent,kaspa:qqs8vcwdph7pu8nk9su0y8rmxvl9kzvltm9yv0960cp9ducem2mkjyjkd47cp,1000000000,
e4155e923e15e685bdc5c6ee55a6f528c7be5ab6e8bfc44afeb9cdd5bd294c2b,2025-03-08T01:20:33.275000,sent,kaspa:qqs8vcwdph7pu8nk9su0y8rmxvl9kzvltm9yv0960cp9ducem2mkjyjkd47cp,1000000000,
e4155e923e15e685bdc5c6ee55a6f528c7be5ab6e8bfc44afeb9cdd5bd294c2b,2025-03-08T01:20:33.275000,sent,kaspa:qqs8vcwdph7pu8nk9su0y8rmxvl9kzvltm9yv0960cp9ducem2mkjyjkd47cp,1000000000,
e4155e923e15e685bdc5c6ee55a6f528c7be5ab6e8bfc44afeb9cdd5bd294c2b,2025-03-08T01:20:33.275000,sent,kaspa:qqs8vcwdph7pu8nk9su0y8rmxvl9kzvltm9yv0960cp9ducem2mkjyjkd47cp,1000000000,
e4155e923e15e685bdc5c6ee55a6f528c7be5ab6e8bfc44afeb9cdd5bd294c2b,2025-03-08T01:20:33.275000,sent,kaspa:qqs8vcwdph7pu8nk9su0y8rmxvl9kzvltm9yv0960cp9ducem2mkjyjkd47cp,1000000000,
e4155e923e15e685bdc5c6ee55a6f528c7be5ab6e8bfc44afeb9cdd5bd294c2b,2025-03-08T01:20:33.275000,sent,kaspa:qqs8vcwdph7pu8nk9su0y8rmxvl9kzvltm9yv0960cp9ducem2mkjyjkd47cp,1000000000,
4681551373d8c5932e1e40fb0bd3eae00adb1e21517414abcd883f1bd8d2bc36,2025-02-24T04:32:37.794000,received,kaspa:qqa2qm9ur9t4realfvsmn830ept53x49mf6zw87gs2qc74q883xq7qhwel8uk,90000000000,
fd2c37ad28a8a38ee5b8dd4e8166c8a7aec18bd4fb924ce4e4b2754b194f7aa9,2025-02-24T03:16:38.387000,received,kaspa:qqa2qm9ur9t4realfvsmn830ept53x49mf6zw87gs2qc74q883xq7qhwel8uk,10000000000,
1bc2091bc07a04d30f192f0dc7e4d57c28f10be193408c15dec264e77b33d645,2025-01-13T00:45:40.048000,received,kaspa:qqa2qm9ur9t4realfvsmn830ept53x49mf6zw87gs2qc74q883xq7qhwel8uk,90000000000,
117437f0a8aa162996ac49769ea07c5576cd21c923678cbda6afbc7fba1f8c6a,2025-01-12T23:42:20.490000,received,kaspa:qqa2qm9ur9t4realfvsmn830ept53x49mf6zw87gs2qc74q883xq7qhwel8uk,10000000000,
7ec92306cfb0127850b0dbfc68bfd51f78451ddd3d7ddb405d2430f59f7a31f9,2024-12-17T01:28:06.936000,received,kaspa:qqa2qm9ur9t4realfvsmn830ept53x49mf6zw87gs2qc74q883xq7qhwel8uk,90000000000,
70ce60eb7c5c2f11e2c83fdd9cf705938af519af36790bc0a5e391f54ec3b5ef,2024-12-17T01:16:18.089000,received,kaspa:qqa2qm9ur9t4realfvsmn830ept53x49mf6zw87gs2qc74q883xq7qhwel8uk,10000000000,
1a15dd2e5c7fe0ae6086d162d0c9248958a4e1e934140ec0e69ca8c81d6078f4,2024-11-13T21:29:57.394000,received,kaspa:qqa2qm9ur9t4realfvsmn830ept53x49mf6zw87gs2qc74q883xq7qhwel8uk,90000000000,
1a6e88fc1b7348ce8d182e851ddcb823faa23b59cf9ba9aa704322d3bbe842c1,2024-11-13T21:20:46.444000,received,kaspa:qqa2qm9ur9t4realfvsmn830ept53x49mf6zw87gs2qc74q883xq7qhwel8uk,10000000000,
dff9ed91f4dc2ee0bf8e0e7d26c67006b5c849ccee0c3f3e91e342fdf6e8e88d,2024-10-25T05:38:34.537000,received,kaspa:qqa2qm9ur9t4realfvsmn830ept53x49mf6zw87gs2qc74q883xq7qhwel8uk,90000000000,
51000996481a2cd466ebcb3dd9858648d45842d2c3b265444c2cc1fadd8b446f,2024-10-25T05:33:50.202000,received,kaspa:qqa2qm9ur9t4realfvsmn830ept53x49mf6zw87gs2qc74q883xq7qhwel8uk,10000000000,
a466bdb3e1c2678bb2ffce09b08c435e7e51e55788444b0125b83cda511b377c,2024-10-10T00:57:53.684000,received,kaspa:qqa2qm9ur9t4realfvsmn830ept53x49mf6zw87gs2qc74q883xq7qhwel8uk,90000000000,
661b584c32ac606433883755248087de24a42e400f13f005d850ee273f4d3560,2024-10-10T00:55:49.579000,received,kaspa:qqa2qm9ur9t4realfvsmn830ept53x49mf6zw87gs2qc74q883xq7qhwel8uk,10000000000,
7ff2610f76b4a9e20eb0f768a66fb6e9a5c52ae5497a7d28b908e286676a785c,2024-09-17T00:04:49.403000,received,kaspa:qqa2qm9ur9t4realfvsmn830ept53x49mf6zw87gs2qc74q883xq7qhwel8uk,122379000000,
7ff2610f76b4a9e20eb0f768a66fb6e9a5c52ae5497a7d28b908e286676a785c,2024-09-17T00:04:49.403000,received,kaspa:qqa2qm9ur9t4realfvsmn830ept53x49mf6zw87gs2qc74q883xq7qhwel8uk,122379000000,
7ff2610f76b4a9e20eb0f768a66fb6e9a5c52ae5497a7d28b908e286676a785c,2024-09-17T00:04:49.403000,received,kaspa:qqa2qm9ur9t4realfvsmn830ept53x49mf6zw87gs2qc74q883xq7qhwel8uk,122379000000,
bd48bd5e290bbf83398cc6b5c28b5a023c13f72d971e666d8d23740ae39d20b5,2024-09-16T23:26:06.778000,received,kaspa:qqa2qm9ur9t4realfvsmn830ept53x49mf6zw87gs2qc74q883xq7qhwel8uk,10000000000,
994b2af2a980be4329c13bc2179dfcb16245452960f3222532d8e2deac0bd9eb,2024-09-02T00:18:32.683000,received,kaspa:qqa2qm9ur9t4realfvsmn830ept53x49mf6zw87gs2qc74q883xq7qhwel8uk,90000000000,
a187d819fbaadae86ce8a4cd7aa2a8acf15be799f5f32f4f563da00918626e35,2024-09-01T21:38:27.536000,received,kaspa:qqa2qm9ur9t4realfvsmn830ept53x49mf6zw87gs2qc74q883xq7qhwel8uk,10000000000,
a519b20e5f6d52c0eb173e41082de04b24ff2d222c14b9f469d561cd2d987dcd,2024-07-20T06:43:52.674000,received,kaspa:qqa2qm9ur9t4realfvsmn830ept53x49mf6zw87gs2qc74q883xq7qhwel8uk,90000000000,
a519b20e5f6d52c0eb173e41082de04b24ff2d222c14b9f469d561cd2d987dcd,2024-07-20T06:43:52.674000,received,kaspa:qqa2qm9ur9t4realfvsmn830ept53x49mf6zw87gs2qc74q883xq7qhwel8uk,90000000000,
a519b20e5f6d52c0eb173e41082de04b24ff2d222c14b9f469d561cd2d987dcd,2024-07-20T06:43:52.674000,received,kaspa:qqa2qm9ur9t4realfvsmn830ept53x49mf6zw87gs2qc74q883xq7qhwel8uk,90000000000,
5d6491b0a33d8ef6967cb0e821045924591a14f2c6476dbff537c9ecc13604a4,2024-07-20T06:38:26.719000,received,kaspa:qqa2qm9ur9t4realfvsmn830ept53x49mf6zw87gs2qc74q883xq7qhwel8uk,10000000000,
ae7fc467319ae258b0d0519919d77434f8f1d150d4794e938c9d6d522feae1d0,2024-06-17T20:17:46.745000,received,kaspa:qqa2qm9ur9t4realfvsmn830ept53x49mf6zw87gs2qc74q883xq7qhwel8uk,90000000000,
5a2c2cdc101a70ad23c72073f24e9a0b0a522215dba2f5a1de2112b571ae0951,2024-06-17T19:57:32.639000,received,kaspa:qqa2qm9ur9t4realfvsmn830ept53x49mf6zw87gs2qc74q883xq7qhwel8uk,10000000000,
da4bc5dc6d67a879c71e1680964679981d0df85b5cb175627031c3db185e837f,2024-05-24T15:45:36.749000,sent,kaspa:qq9zagcza4jt76eev9jl5z0nqhe0thcu7js8larktj4sle7lvgnw7sfcewlty,754900000000,
d929647d228eb292b0d18785300a596f3cef20624ad91ac1e385f860fe47cbc6,2024-05-24T15:42:41.181000,sent,kaspa:qq9zagcza4jt76eev9jl5z0nqhe0thcu7js8larktj4sle7lvgnw7sfcewlty,50000000000,
5770a1a264d1db1884e988befb05720edfe7994c4fb99746c97db4987c090dc1,2024-05-23T05:20:52.921000,sent,kaspa:qq9zagcza4jt76eev9jl5z0nqhe0thcu7js8larktj4sle7lvgnw7sfcewlty,10000000000,
7e8a053a1802f2a1fa3fd64b03985b115bccfb3148231c6b43b871918c4978e7,2024-05-23T05:03:51.946000,sent,kaspa:qq9zagcza4jt76eev9jl5z0nqhe0thcu7js8larktj4sle7lvgnw7sfcewlty,10000000000,
f1a181c5c9b678f741da2e5add8963211b23eb0e2f9a5fc88339667fed41c608,2024-05-22T23:51:12.771000,sent,kaspa:qq9zagcza4jt76eev9jl5z0nqhe0thcu7js8larktj4sle7lvgnw7sfcewlty,5000000000,
c8f4a5ddc46b79108c06b520852d1f23dc711fc7cdfb3580616dd630f71f57fc,2024-05-22T22:46:45.018000,sent,kaspa:qq9zagcza4jt76eev9jl5z0nqhe0thcu7js8larktj4sle7lvgnw7sfcewlty,50000000000,
c8f4a5ddc46b79108c06b520852d1f23dc711fc7cdfb3580616dd630f71f57fc,2024-05-22T22:46:45.018000,sent,kaspa:qq9zagcza4jt76eev9jl5z0nqhe0thcu7js8larktj4sle7lvgnw7sfcewlty,50000000000,
c8f4a5ddc46b79108c06b520852d1f23dc711fc7cdfb3580616dd630f71f57fc,2024-05-22T22:46:45.018000,sent,kaspa:qq9zagcza4jt76eev9jl5z0nqhe0thcu7js8larktj4sle7lvgnw7sfcewlty,50000000000,
c8f4a5ddc46b79108c06b520852d1f23dc711fc7cdfb3580616dd630f71f57fc,2024-05-22T22:46:45.018000,sent,kaspa:qq9zagcza4jt76eev9jl5z0nqhe0thcu7js8larktj4sle7lvgnw7sfcewlty,50000000000,
c8f4a5ddc46b79108c06b520852d1f23dc711fc7cdfb3580616dd630f71f57fc,2024-05-22T22:46:45.018000,sent,kaspa:qq9zagcza4jt76eev9jl5z0nqhe0thcu7js8larktj4sle7lvgnw7sfcewlty,50000000000,
c8f4a5ddc46b79108c06b520852d1f23dc711fc7cdfb3580616dd630f71f57fc,2024-05-22T22:46:45.018000,sent,kaspa:qq9zagcza4jt76eev9jl5z0nqhe0thcu7js8larktj4sle7lvgnw7sfcewlty,50000000000,
c8f4a5ddc46b79108c06b520852d1f23dc711fc7cdfb3580616dd630f71f57fc,2024-05-22T22:46:45.018000,sent,kaspa:qq9zagcza4jt76eev9jl5z0nqhe0thcu7js8larktj4sle7lvgnw7sfcewlty,50000000000,
c8f4a5ddc46b79108c06b520852d1f23dc711fc7cdfb3580616dd630f71f57fc,2024-05-22T22:46:45.018000,sent,kaspa:qq9zagcza4jt76eev9jl5z0nqhe0thcu7js8larktj4sle7lvgnw7sfcewlty,50000000000,
c8f4a5ddc46b79108c06b520852d1f23dc711fc7cdfb3580616dd630f71f57fc,2024-05-22T22:46:45.018000,sent,kaspa:qq9zagcza4jt76eev9jl5z0nqhe0thcu7js8larktj4sle7lvgnw7sfcewlty,50000000000,
c8f4a5ddc46b79108c06b520852d1f23dc711fc7cdfb3580616dd630f71f57fc,2024-05-22T22:46:45.018000,sent,kaspa:qq9zagcza4jt76eev9jl5z0nqhe0thcu7js8larktj4sle7lvgnw7sfcewlty,50000000000,
c8f4a5ddc46b79108c06b520852d1f23dc711fc7cdfb3580616dd630f71f57fc,2024-05-22T22:46:45.018000,sent,kaspa:qq9zagcza4jt76eev9jl5z0nqhe0thcu7js8larktj4sle7lvgnw7sfcewlty,50000000000,
c8f4a5ddc46b79108c06b520852d1f23dc711fc7cdfb3580616dd630f71f57fc,2024-05-22T22:46:45.018000,sent,kaspa:qq9zagcza4jt76eev9jl5z0nqhe0thcu7js8larktj4sle7lvgnw7sfcewlty,50000000000,
c8f4a5ddc46b79108c06b520852d1f23dc711fc7cdfb3580616dd630f71f57fc,2024-05-22T22:46:45.018000,sent,kaspa:qq9zagcza4jt76eev9jl5z0nqhe0thcu7js8larktj4sle7lvgnw7sfcewlty,50000000000,
c8f4a5ddc46b79108c06b520852d1f23dc711fc7cdfb3580616dd630f71f57fc,2024-05-22T22:46:45.018000,sent,kaspa:qq9zagcza4jt76eev9jl5z0nqhe0thcu7js8larktj4sle7lvgnw7sfcewlty,50000000000,
c8f4a5ddc46b79108c06b520852d1f23dc711fc7cdfb3580616dd630f71f57fc,2024-05-22T22:46:45.018000,sent,kaspa:qq9zagcza4jt76eev9jl5z0nqhe0thcu7js8larktj4sle7lvgnw7sfcewlty,50000000000,
c8f4a5ddc46b79108c06b520852d1f23dc711fc7cdfb3580616dd630f71f57fc,2024-05-22T22:46:45.018000,sent,kaspa:qq9zagcza4jt76eev9jl5z0nqhe0thcu7js8larktj4sle7lvgnw7sfcewlty,50000000000,
3b09481f93ec5fb494ec28e8de425f0d8d33bf7d50e24e06da5033462451dcda,2024-05-17T20:04:09.081000,received,kaspa:qqa2qm9ur9t4realfvsmn830ept53x49mf6zw87gs2qc74q883xq7qhwel8uk,90000000000,
199de7e8b3368a55bab58353f99f5ff37267b1243f8cbc3b2255c8262c0a9c6e,2024-05-14T03:56:53.179000,received,kaspa:qqa2qm9ur9t4realfvsmn830ept53x49mf6zw87gs2qc74q883xq7qhwel8uk,10000000000,
7ef232b769702f8524a6a23d45e48a523a4074c72b93f0e11ad88a2c867eb9f1,2024-04-17T03:48:02.263000,received,kaspa:qqa2qm9ur9t4realfvsmn830ept53x49mf6zw87gs2qc74q883xq7qhwel8uk,90000000000,
b4701204d374172c0e9dda543518e4ffa918def4a02da59f548259708d6cf6bc,2024-04-17T03:42:33.670000,received,kaspa:qqa2qm9ur9t4realfvsmn830ept53x49mf6zw87gs2qc74q883xq7qhwel8uk,10000000000,
59d56e8fe5189c245bca72af1bdcc7f85d69d23f1e2d8493a8fe5194e18e6912,2024-03-28T02:12:18.817000,received,kaspa:qqa2qm9ur9t4realfvsmn830ept53x49mf6zw87gs2qc74q883xq7qhwel8uk,90000000000,
276d0b050a3b411c56003c52ed3afff583b0b88bc91967e5f7dea60b815a041d,2024-03-28T02:09:37.699000,received,kaspa:qqa2qm9ur9t4realfvsmn830ept53x49mf6zw87gs2qc74q883xq7qhwel8uk,10000000000,
43be1606e3465e1c427884a7cd85cbc9413b3f74c2b230f0a7ce40b662bbb28a,2024-02-20T18:26:25.367000,received,kaspa:qqa2qm9ur9t4realfvsmn830ept53x49mf6zw87gs2qc74q883xq7qhwel8uk,90000000000,
402846fb1436b2304e602aefffbdc22d1dac0984839ddf36dfea0dab42225386,2024-02-20T04:38:54.973000,received,kaspa:qqa2qm9ur9t4realfvsmn830ept53x49mf6zw87gs2qc74q883xq7qhwel8uk,10000000000,
5783a23ca80c73e176989231cf5f893fed1a2b3a94669131348bc77e03775b4d,2024-01-19T22:07:09.854000,received,kaspa:qqa2qm9ur9t4realfvsmn830ept53x49mf6zw87gs2qc74q883xq7qhwel8uk,89800000000,
5783a23ca80c73e176989231cf5f893fed1a2b3a94669131348bc77e03775b4d,2024-01-19T22:07:09.854000,received,kaspa:qqa2qm9ur9t4realfvsmn830ept53x49mf6zw87gs2qc74q883xq7qhwel8uk,89800000000,
f32ec6a3d4c0eeff056aef134b4273a84aa453492f4619349e4d7a9cb818c4de,2024-01-19T22:02:42.013000,received,kaspa:qqa2qm9ur9t4realfvsmn830ept53x49mf6zw87gs2qc74q883xq7qhwel8uk,10200000000,
f32ec6a3d4c0eeff056aef134b4273a84aa453492f4619349e4d7a9cb818c4de,2024-01-19T22:02:42.013000,received,kaspa:qqa2qm9ur9t4realfvsmn830ept53x49mf6zw87gs2qc74q883xq7qhwel8uk,10200000000,
3e9acca29a6563fd1c009a63f1659c3581880be0c323c995cd2e61561a85597f,2023-12-26T22:12:01.720000,received,kaspa:qqa2qm9ur9t4realfvsmn830ept53x49mf6zw87gs2qc74q883xq7qhwel8uk,90000000000,
448f5e5af87de8c822b808060efdb66115f1f958f61916ff99ff96a71b0201d3,2023-12-26T21:59:43.597000,received,kaspa:qqa2qm9ur9t4realfvsmn830ept53x49mf6zw87gs2qc74q883xq7qhwel8uk,10000000000,
49dd5dc97eca0bc2e8de7bd9b1153026d04d0f2608a62d2f3767977a0e4be30a,2023-12-06T06:25:53.136000,received,kaspa:qqa2qm9ur9t4realfvsmn830ept53x49mf6zw87gs2qc74q883xq7qhwel8uk,100000000000,
49dd5dc97eca0bc2e8de7bd9b1153026d04d0f2608a62d2f3767977a0e4be30a,2023-12-06T06:25:53.136000,received,kaspa:qqa2qm9ur9t4realfvsmn830ept53x49mf6zw87gs2qc74q883xq7qhwel8uk,100000000000,
1119306692f86feca0759e8af0c0ad366baa93777c3e03f87761f1c40ed037d2,2023-11-28T03:15:26.617000,received,kaspa:qqa2qm9ur9t4realfvsmn830ept53x49mf6zw87gs2qc74q883xq7qhwel8uk,140000000000,
1119306692f86feca0759e8af0c0ad366baa93777c3e03f87761f1c40ed037d2,2023-11-28T03:15:26.617000,received,kaspa:qqa2qm9ur9t4realfvsmn830ept53x49mf6zw87gs2qc74q883xq7qhwel8uk,140000000000,
530ce6ade56a0b9224477160884a7559a6aad21d0f2d0d2d72eb31615660d81a,2023-11-28T02:09:41.364000,received,kaspa:qqa2qm9ur9t4realfvsmn830ept53x49mf6zw87gs2qc74q883xq7qhwel8uk,10000000000,
049f568db2c38b6227868c6c2861c7fffac5bea2f95c8638e8abcfc9ce6d78d3,2023-10-25T03:20:35.050000,received,kaspa:qqa2qm9ur9t4realfvsmn830ept53x49mf6zw87gs2qc74q883xq7qhwel8uk,30000000000,
