tx_id,timestamp,direction,peer_address,amount_sompi,cex_label
fda6d27a8132de5decf121cb54a4e527d4967627bd56c498795f73e3b7b2bfe7,2023-12-19T02:52:23.667000,sent,kaspa:qrkaxvl2tw6pq6zx9xrr9lqnt9x72upf0hsrp3cvgcmfz77m50ycua35nz200,192960000,
fda6d27a8132de5decf121cb54a4e527d4967627bd56c498795f73e3b7b2bfe7,2023-12-19T02:52:23.667000,sent,kaspa:qrkaxvl2tw6pq6zx9xrr9lqnt9x72upf0hsrp3cvgcmfz77m50ycua35nz200,192960000,
5b5f2a67e51da46886e30b8af644d4d6aed2850e1214fb86cf9d80c2829f3980,2023-12-12T17:08:11.602000,received,kaspa:qypswxtcrv4ssyjaswy5w9387vq73mkuyq85tl34cee6qn5uexqy0csgnafnjx7,171000000,
98c75403b2687d2a41215c982f5655307f9e7a43b22044375e065c3e1715757d,2023-11-29T05:12:18.314000,sent,kaspa:qyp0r6z33rku004gephglnp2hzmvztxqk7d3yn0ylql47zak3yav3gc2jg2lyld,18000000,
98c75403b2687d2a41215c982f5655307f9e7a43b22044375e065c3e1715757d,2023-11-29T05:12:18.314000,sent,kaspa:qyp0r6z33rku004gephglnp2hzmvztxqk7d3yn0ylql47zak3yav3gc2jg2lyld,18000000,
0de947a3d24b5331690000f80857746dda244d8adf07b80ec6bb5145ceb365d0,2023-11-28T08:49:36.173000,received,kaspa:qpdpe5nz2mdj36lvnlaz7lkg38ge9nky40m496a2tyq0j4n0rh47sq3graf7a,20000000,
0534aaaa59626c0ab40ff346dda3a59155cef49958e356e70e696964de317890,2023-11-28T08:43:47.143000,received,kaspa:qpuv9mylg6cyvs203xra9j04thqcvjjjfj5wpdqqksk2nc94uslak845mkrrd,20000000,
