tx_id,timestamp,direction,peer_address,amount_sompi,cex_label
26cbc4c7f78c0620618430049a7f9a56ce0a817ffa2e08851391fde23c7f2292,2024-03-07T04:51:35.967000,sent,kaspa:qqnqv3rvnctfyrjteurqm0gmqfu7yjg3949yxpyxxfa4rgm9nt2zxauwq8xvs,1980000000000,
26cbc4c7f78c0620618430049a7f9a56ce0a817ffa2e08851391fde23c7f2292,2024-03-07T04:51:35.967000,sent,kaspa:qz94f2nlwn0kqr89ewglaxtxr8hjya75gzs50jalhe8v54lz5kktq9xww4kma,22223223048,
4bebe0a6b49af695c86c79c5c37404d305cf40603ac567730957e2ed9e7cd457,2024-03-07T03:19:30.463000,received,kaspa:qqlg8c6g2py8jwu9rf47nym6kgr3783gamkwj0u4dkh6zg3ez3s3q4xmfwcdw,2002223225117,
4bebe0a6b49af695c86c79c5c37404d305cf40603ac567730957e2ed9e7cd457,2024-03-07T03:19:30.463000,received,kaspa:qqmdrrlznz7cgax9jvefm4g4fwtsnnz8r96574qduyjakmyd5rtgc3a4rx0qr,2002223225117,
