tx_id,timestamp,direction,peer_address,amount_sompi,cex_label
abac70550b93ba3c913cc39b27cfe5449ce11ceefd25bae90b8478f3ad544828,2023-12-16T03:21:17.945000,sent,kaspa:qzslgwenzu78t6tldlng383g7ruu4enaljmnkgaulyrscjp7ldt26x8gfxck5,171940000,
abac70550b93ba3c913cc39b27cfe5449ce11ceefd25bae90b8478f3ad544828,2023-12-16T03:21:17.945000,sent,kaspa:qzslgwenzu78t6tldlng383g7ruu4enaljmnkgaulyrscjp7ldt26x8gfxck5,171940000,
812033135598517aa57342595f2b19f8ad583560e7387de2f109cc581ab154f5,2023-12-12T03:33:17.846000,received,kaspa:qypswxtcrv4ssyjaswy5w9387vq73mkuyq85tl34cee6qn5uexqy0csgnafnjx7,171000000,
fdec2f6a739f7ab2cb4da41c67dbe4a6cf87d25be59d50742ae61ff0392f2919,2023-11-28T01:23:00.475000,sent,kaspa:qyph0tau65tt37l996g7qqtdr0vmndfqsu08sdqcu3gq7t4mlwn03xc4m6qq9a6,18000000,
35cb95722fb3a766ec8707d438fd0d0b2daad13c20ecd411d25e5a3a8881f941,2023-11-27T23:06:09.009000,received,kaspa:qzgjznhauul6ynlssnt804gj3g8z0yyenwf9jya9cmjfmlseg3h76gy5urjdy,19000000,
