tx_id,timestamp,direction,peer_address,amount_sompi,cex_label
347bb6bba056a8e862c14ab13e526e1cc6ac08dbce6df5effff33a37155b6545,2023-12-16T05:07:06.509000,sent,kaspa:qzslgwenzu78t6tldlng383g7ruu4enaljmnkgaulyrscjp7ldt26x8gfxck5,171940000,
347bb6bba056a8e862c14ab13e526e1cc6ac08dbce6df5effff33a37155b6545,2023-12-16T05:07:06.509000,sent,kaspa:qzslgwenzu78t6tldlng383g7ruu4enaljmnkgaulyrscjp7ldt26x8gfxck5,171940000,
caeb87e6175e489b8bc91c2c002e57bae9bf1452133d7683909a62faee8d9d7e,2023-12-13T04:23:01.745000,received,kaspa:qypswxtcrv4ssyjaswy5w9387vq73mkuyq85tl34cee6qn5uexqy0csgnafnjx7,171000000,
cc658d2d793625b845de167ba5ef495a439b01fe050558a46619d8c3fc52f6f1,2023-11-29T19:37:21.231000,sent,kaspa:qypz7343706l8ezxxrdp053tp95z4rcxlp9uvq8nwdlqgp3meqhwgzs4y3ysw2s,18000000,
1958fc8e88e5ba0fe078a9a132bb5ba5fae2aea4691b2f8cc58816805ec233fa,2023-11-29T11:47:10.323000,received,kaspa:qrx394nm44ft5mxqxg7z5pgt7rt73l0usfrpm8kz3srqlqww5rmfc3tm8kplr,19000000,
