tx_id,timestamp,direction,peer_address,amount_sompi,cex_label
93f0cbeea59069aa5b80996ae06204c98c09773119b95c93fd87a0607b91683d,2023-12-18T05:37:01.378000,sent,kaspa:qrkaxvl2tw6pq6zx9xrr9lqnt9x72upf0hsrp3cvgcmfz77m50ycua35nz200,172970000,
93f0cbeea59069aa5b80996ae06204c98c09773119b95c93fd87a0607b91683d,2023-12-18T05:37:01.378000,sent,kaspa:qrkaxvl2tw6pq6zx9xrr9lqnt9x72upf0hsrp3cvgcmfz77m50ycua35nz200,172970000,
f341072757344078f9d7b62d4c939e11fa569e8b2bd8898b39ce634866885684,2023-12-12T15:13:55.449000,received,kaspa:qypswxtcrv4ssyjaswy5w9387vq73mkuyq85tl34cee6qn5uexqy0csgnafnjx7,171000000,
8f9838c157d3d4b3cf8e65083c8f211a3ae9d584ad84e1803e54c9e4fec865b9,2023-11-29T01:27:08.972000,sent,kaspa:qypdp3qqqg444ukk77x2smvn33wk2fvyuhc0gkap6ym2g4vrz6wnfnsuqct7zkq,18000000,
f1d62d3fcc466ef2c5f10b0f1c5e1b8d3b5e6f048f1313de0e504cd52f5d483b,2023-11-28T09:13:47.884000,received,kaspa:qqj53ysw7ptu7wklmxf20ezhgpyknwflugwne3mne2m64mst85gqc44cdsa8j,20000000,
