tx_id,timestamp,direction,peer_address,amount_sompi,cex_label
fb3b8164e6a4c296c2bdc94559d8d63686ddf4a69ab3a86008bc68f10541a96d,2023-12-16T04:48:48.135000,sent,kaspa:qzslgwenzu78t6tldlng383g7ruu4enaljmnkgaulyrscjp7ldt26x8gfxck5,171940000,
fb3b8164e6a4c296c2bdc94559d8d63686ddf4a69ab3a86008bc68f10541a96d,2023-12-16T04:48:48.135000,sent,kaspa:qzslgwenzu78t6tldlng383g7ruu4enaljmnkgaulyrscjp7ldt26x8gfxck5,171940000,
3c78ebf5f2fb8b775b1e2b6f551f1eae9ba1db399a1c3e89ee3095b0c7e28bc8,2023-12-12T23:11:42.215000,received,kaspa:qypswxtcrv4ssyjaswy5w9387vq73mkuyq85tl34cee6qn5uexqy0csgnafnjx7,171000000,
010a1e6f50d48ef23c169b3a0e0134253d69983137d44230cc943e09ea93505a,2023-11-29T14:46:20.793000,sent,kaspa:qypmny86lprythdhpasgzg9e4jaks67wcrzhkme5ulg0upagsxqwj4gm8444p20,18000000,
c37b061080c66477bec2985561a01476ef84c08cc42befda14181f58114d4507,2023-11-28T12:10:30.894000,received,kaspa:qz2mfwckqf336hmfsmq2wesgv3up3emyec0yvszzk8g03pj05qr5u7pet9th0,19000000,
