tx_id,timestamp,direction,peer_address,amount_sompi,cex_label
ea728733ec392deba934341a26f0f79c3af733a1e76e49df421837e1be3e212d,2025-03-30T07:27:08.424000,sent,kaspa:qp66keaky7tqpk3vlpxg68pv4lmzcyaxxnpslavsp9eu86jpwjvlkz8jr238j,2100000000,
ea728733ec392deba934341a26f0f79c3af733a1e76e49df421837e1be3e212d,2025-03-30T07:27:08.424000,sent,kaspa:qqz6jcsdntdamcqx3ghn7gw7a3f7njapzkf65yqej3qq2q9pkeh87pcavesqd,51903204,
1f2b42c0f780628fa60e340a21cac331c9f1aec66146a73f4863dbeead22741a,2025-03-29T16:51:03.390000,received,kaspa:qrwzm8eqj44m7w6tn2lyfcxte2zkerdj350jeppcfr5r5l52fx87jlzes2suj,33628147,
1f2b42c0f780628fa60e340a21cac331c9f1aec66146a73f4863dbeead22741a,2025-03-29T16:51:03.390000,received,kaspa:qr60htent3t2xhv92l0rtn27xkct8vgg6htnfwergdluuhj8yas8zaqlcgxu5,33628147,
