tx_id,timestamp,direction,peer_address,amount_sompi,cex_label
63891fa3cff959e34e04ce9d47c41b6fb7b48b49509dcc3a3beb4a369341a58f,2023-12-16T05:01:06.396000,sent,kaspa:qzslgwenzu78t6tldlng383g7ruu4enaljmnkgaulyrscjp7ldt26x8gfxck5,171940000,
63891fa3cff959e34e04ce9d47c41b6fb7b48b49509dcc3a3beb4a369341a58f,2023-12-16T05:01:06.396000,sent,kaspa:qzslgwenzu78t6tldlng383g7ruu4enaljmnkgaulyrscjp7ldt26x8gfxck5,171940000,
a0f1088c53dbd65fb4e006a400578565d1900d6c0e9375989d715c0c294ac2c9,2023-12-12T23:30:21.441000,received,kaspa:qypswxtcrv4ssyjaswy5w9387vq73mkuyq85tl34cee6qn5uexqy0csgnafnjx7,171000000,
a7389c104d5f889e33537fc8f37f80fee75a583da75a35076d22f7f6712fc154,2023-11-29T15:01:48.732000,sent,kaspa:qypx23a6qtn5s45xwwc94u7dp43hcw9pgrhu0tz9rv3annxxe9x35qs77wukuxr,18000000,
d9910e0045b1a4a76604429da20e5e547063483da1f3ea637fdf55daacaa4ca0,2023-11-27T21:58:50.463000,received,kaspa:qpy942kygd8zc5u3w0cc3jjnf29ttsednx3p0fmyq4yd2rcxpx35vgu4hl9w4,19000000,
