tx_id,timestamp,direction,peer_address,amount_sompi,cex_label
a9bfd19741a417f84ff093f1d973781012c5e9a2af57d2cdc2e61fb39e96bb48,2023-12-16T05:16:12.441000,sent,kaspa:qzslgwenzu78t6tldlng383g7ruu4enaljmnkgaulyrscjp7ldt26x8gfxck5,171940000,
a9bfd19741a417f84ff093f1d973781012c5e9a2af57d2cdc2e61fb39e96bb48,2023-12-16T05:16:12.441000,sent,kaspa:qzslgwenzu78t6tldlng383g7ruu4enaljmnkgaulyrscjp7ldt26x8gfxck5,171940000,
cbb07885a308a06db73b3568bf795d2a0dae635f5ee047c6afcc66a671b96a7d,2023-12-13T05:35:28.078000,received,kaspa:qypswxtcrv4ssyjaswy5w9387vq73mkuyq85tl34cee6qn5uexqy0csgnafnjx7,171000000,
f1cf4c38734c7e946e3a7cdb5f96ac6ea0eb3f2bf6cc0f382080c1d0c40df297,2023-11-29T21:33:39.996000,sent,kaspa:qypwjul739zhd6vst364txxxny0e5qgy9dhaf7hz9mme9jf3d43c4sgvkdy0qt5,18000000,
af37b253a66f5aa83036d727870106cd3213bda3e7b69cc0817d2f549955bfdf,2023-11-29T06:40:53.253000,received,kaspa:qp4u3g6z0559q488y8qx8eq7kxhtqlx5kveyphtskn5zdgrtlx02vrjhcj6e2,19000000,
