tx_id,timestamp,direction,peer_address,amount_sompi,cex_label
c1e1bf393788f9c0b740109af9379efe8e50aa4a808b1b23e04e3db9d6b728f1,2023-12-12T17:53:34.970000,sent,kaspa:qqqggmlxag64me9qfqqa7zakva92mqk8pgpav204ny49x3zhqwxvy47mzl2kq,171070000,
c1e1bf393788f9c0b740109af9379efe8e50aa4a808b1b23e04e3db9d6b728f1,2023-12-12T17:53:34.970000,sent,kaspa:qqqggmlxag64me9qfqqa7zakva92mqk8pgpav204ny49x3zhqwxvy47mzl2kq,171070000,
e2178276c3e0599a951d3893de4651b8caf8ad900e9a6f8ec53a311a8ce7f779,2023-12-12T14:17:42.922000,received,kaspa:qypswxtcrv4ssyjaswy5w9387vq73mkuyq85tl34cee6qn5uexqy0csgnafnjx7,171000000,
1d124e61fec8884bef4311d226d6b24f6e34441e8c9587de072f4538af842062,2023-11-28T21:52:11.572000,sent,kaspa:qypjp3pmazvcpr47wzvs77th9w2eazwfd7h6qajrsn7puaaa0ee2umgazapp3wq,18000000,
66e826222d5bdc439517b6326e11e6e4ba179891592bde14b31fe04d47b78694,2023-11-28T21:26:29.292000,received,kaspa:qqdg4lspmdsq90avxk3fqm4sps0qlf0fsl6ussg697hefztghgmzsundznnd9,18100000,
