tx_id,timestamp,direction,peer_address,amount_sompi,cex_label
78f2ae5879f80719ce12fdf5bc5272a74b0fad27f1eded4e62df9e891e9763d1,2024-12-04T00:05:58.178000,sent,kaspa:qp4s20tvw82uyugtrdj6y5e5hxtuykmuhekw7nux6es6htwzxluvk6rplnvut,139032818411,
40b44d331d64e5b51be38e24df67e1aac4c598e79bcafe33a90f8250b6f26c62,2024-11-25T04:49:47.527000,sent,kaspa:qp4s20tvw82uyugtrdj6y5e5hxtuykmuhekw7nux6es6htwzxluvk6rplnvut,133971673540,
40b44d331d64e5b51be38e24df67e1aac4c598e79bcafe33a90f8250b6f26c62,2024-11-25T04:49:47.527000,sent,kaspa:qp4s20tvw82uyugtrdj6y5e5hxtuykmuhekw7nux6es6htwzxluvk6rplnvut,133971673540,
87088e2615ab5693bc57d5582cc41d6e35670c671e2f5dee5551c2dd500ce299,2024-11-23T06:11:46.918000,sent,kaspa:qp4s20tvw82uyugtrdj6y5e5hxtuykmuhekw7nux6es6htwzxluvk6rplnvut,76028990272,
87088e2615ab5693bc57d5582cc41d6e35670c671e2f5dee5551c2dd500ce299,2024-11-23T06:11:46.918000,sent,kaspa:qp4s20tvw82uyugtrdj6y5e5hxtuykmuhekw7nux6es6htwzxluvk6rplnvut,76028990272,
134ee04e70d8dfb947cd9da89bbe51d2061949b16b95fc6d2fe778ff4f2f1fa1,2024-11-22T09:33:31.235000,received,kaspa:qrvum29vk365g0zcd5gx3c7h829etfq2ytdmscjzw4zw04fjfnprcg9c3tges,132372853616,
f3b210c78b6d1962f80aea54acf5150d268d587566120e72dcbc81a4f8ad7a2a,2024-11-21T01:40:45.604000,sent,kaspa:qp4s20tvw82uyugtrdj6y5e5hxtuykmuhekw7nux6es6htwzxluvk6rplnvut,58020858616,
f3b210c78b6d1962f80aea54acf5150d268d587566120e72dcbc81a4f8ad7a2a,2024-11-21T01:40:45.604000,sent,kaspa:qp4s20tvw82uyugtrdj6y5e5hxtuykmuhekw7nux6es6htwzxluvk6rplnvut,58020858616,
55b6188ba11da5eb88004b47664ae1a81a5339169967ce1ad12c37a52d5c968c,2024-11-14T01:27:20.803000,received,kaspa:qrvum29vk365g0zcd5gx3c7h829etfq2ytdmscjzw4zw04fjfnprcg9c3tges,274582704412,
7c52fdb0c3205c8ffed8d9aa973df8be572645a70140bd4cfb990f2d2b0dfa44,2024-03-06T06:25:05.480000,sent,kaspa:qzrcme0wvkw5w2jzxznm85yczjdrzqpvus0r6uq7jy3p4fjyuymcst2jh7z7e,162200000000,
aa47026be149f73ccdf795b14546f895d11bf411749c0c5fc5db0f6f8a1ce402,2024-02-20T09:50:29.966000,sent,kaspa:qp4s20tvw82uyugtrdj6y5e5hxtuykmuhekw7nux6es6htwzxluvk6rplnvut,123600000000,
679712f3cce616d65b91653a9f0b0e74879d8093f8bae59445e7aa2399d08c0b,2024-02-19T05:55:44.857000,sent,kaspa:qp4s20tvw82uyugtrdj6y5e5hxtuykmuhekw7nux6es6htwzxluvk6rplnvut,272425919534,
bd98dfc9a7f5933d80ab29128c4ff53456076cf7c20a10d6beaa1a8e96afd9cc,2024-02-18T15:35:25.312000,sent,kaspa:qp4s20tvw82uyugtrdj6y5e5hxtuykmuhekw7nux6es6htwzxluvk6rplnvut,223711707127,
b7bcb50edf3cf8d23cb943a91e498ab8146a32ee33a2ac744b60ded45bfc53e5,2024-02-17T03:53:20.624000,sent,kaspa:qp4s20tvw82uyugtrdj6y5e5hxtuykmuhekw7nux6es6htwzxluvk6rplnvut,444194786778,
dabea15b2c061b75dc6299a1952f5bea54eeaf5928201bd93166863584f896f4,2024-02-09T02:40:19.208000,sent,kaspa:qp4s20tvw82uyugtrdj6y5e5hxtuykmuhekw7nux6es6htwzxluvk6rplnvut,277785618973,
dabea15b2c061b75dc6299a1952f5bea54eeaf5928201bd93166863584f896f4,2024-02-09T02:40:19.208000,sent,kaspa:qp4s20tvw82uyugtrdj6y5e5hxtuykmuhekw7nux6es6htwzxluvk6rplnvut,277785618973,
dabea15b2c061b75dc6299a1952f5bea54eeaf5928201bd93166863584f896f4,2024-02-09T02:40:19.208000,sent,kaspa:qp4s20tvw82uyugtrdj6y5e5hxtuykmuhekw7nux6es6htwzxluvk6rplnvut,277785618973,
dabea15b2c061b75dc6299a1952f5bea54eeaf5928201bd93166863584f896f4,2024-02-09T02:40:19.208000,sent,kaspa:qp4s20tvw82uyugtrdj6y5e5hxtuykmuhekw7nux6es6htwzxluvk6rplnvut,277785618973,
dabea15b2c061b75dc6299a1952f5bea54eeaf5928201bd93166863584f896f4,2024-02-09T02:40:19.208000,sent,kaspa:qp4s20tvw82uyugtrdj6y5e5hxtuykmuhekw7nux6es6htwzxluvk6rplnvut,277785618973,
35aa181b0baa5bcd21d7f6465086b6f4b699a0dc1db413ce41d4beccace0d329,2024-01-13T09:18:18.910000,received,kaspa:qplj0xdafvpt0u9tkwereeflhnx26um6f0t44vx3vw54n606mcfpwe83g2a6a,343888667000,
dcd1057eee864cd5fabae04342da034e363fe1cd95ca6ab3ff6f79d97e242796,2023-12-30T13:07:54.993000,received,kaspa:qrvum29vk365g0zcd5gx3c7h829etfq2ytdmscjzw4zw04fjfnprcg9c3tges,448214237000,
f1063b4ebc7c718f2d4d7168f4e3cc839745f8f16f094a3e464369b01430cbcd,2023-12-24T04:49:09.613000,received,kaspa:qrvum29vk365g0zcd5gx3c7h829etfq2ytdmscjzw4zw04fjfnprcg9c3tges,162166571000,
fd1345309ca7ea9654521f228c1313ef4784932318531efcfd31dca61d2e1de1,2023-12-23T03:07:59.928000,received,kaspa:qrvum29vk365g0zcd5gx3c7h829etfq2ytdmscjzw4zw04fjfnprcg9c3tges,549524825000,
9e82f83b1dce4db07d6caa6c0200596d4d435b01214f3f1a65e2eea7a72f0aa5,2023-11-18T06:32:53.513000,sent,kaspa:qp4s20tvw82uyugtrdj6y5e5hxtuykmuhekw7nux6es6htwzxluvk6rplnvut,1095800000000,
cf58f1bd929a231ac6acc72ff05d5854f0b972fbffcff64fab9703b3df354271,2023-11-03T12:07:55.378000,sent,kaspa:qr4a70q4xdqgenfee5tk3du799jl502n9utfxmylzud76lk37syy7ks966y59,200000000000,
8da8d07be08f9664ef2fb0a59259521ea2d76ebabe8b4e8544aaa728080892db,2023-11-01T05:28:55.432000,sent,kaspa:qp4s20tvw82uyugtrdj6y5e5hxtuykmuhekw7nux6es6htwzxluvk6rplnvut,370000000000,
97847bc7e17d43bfe40eddeccbea34d2055cf14015232e7de70205d2b88eb203,2023-10-27T22:29:10.187000,sent,kaspa:qp4s20tvw82uyugtrdj6y5e5hxtuykmuhekw7nux6es6htwzxluvk6rplnvut,180000000000,
97847bc7e17d43bfe40eddeccbea34d2055cf14015232e7de70205d2b88eb203,2023-10-27T22:29:10.187000,sent,kaspa:qp4s20tvw82uyugtrdj6y5e5hxtuykmuhekw7nux6es6htwzxluvk6rplnvut,180000000000,
97847bc7e17d43bfe40eddeccbea34d2055cf14015232e7de70205d2b88eb203,2023-10-27T22:29:10.187000,sent,kaspa:qp4s20tvw82uyugtrdj6y5e5hxtuykmuhekw7nux6es6htwzxluvk6rplnvut,180000000000,
0e3b8afc9775afc93ea27d67fa55f40aa72470d4334490642779b92e3b1bd1aa,2023-10-13T04:16:23.160000,received,kaspa:qp852p2jvkgxym83mh8n0hahnzratquxuwzpw7mztq5at9q26cv9kadnpukt2,205538146000,
1ff08156e133998a3fe98539e8a58aae9548e634d121d3a785c5c64ed7743ca0,2023-10-12T01:45:18.424000,received,kaspa:qpn3c07n6kky9g3ue56l3chpst8ps9u8t4mgke8z8x6yen724k2jcytmve60y,360267386000,
87edfff95386d9a65028dd210ef24776edd5425db8fdead16a19b75e1f9816af,2023-10-12T01:01:27.688000,sent,kaspa:qp4s20tvw82uyugtrdj6y5e5hxtuykmuhekw7nux6es6htwzxluvk6rplnvut,499990000,
6f976412f3272bbbfa91951b11cd123691aa8fb328d666893fa8b4a3104f7d72,2023-10-12T00:30:08.752000,sent,kaspa:qp4s20tvw82uyugtrdj6y5e5hxtuykmuhekw7nux6es6htwzxluvk6rplnvut,385000000000,
e6e88084d5e584994d009b21f6945c61658adfde654588d124c2048cd46f7d2f,2023-10-04T08:22:02.455000,sent,kaspa:qp4s20tvw82uyugtrdj6y5e5hxtuykmuhekw7nux6es6htwzxluvk6rplnvut,355000000000,
8407f19d0af77c8d50a2ca79a87f177e4d14b7abd24bf8dfb87c753620b3be93,2023-09-29T23:45:16.413000,sent,kaspa:qp4s20tvw82uyugtrdj6y5e5hxtuykmuhekw7nux6es6htwzxluvk6rplnvut,112000000000,
2a82bb042c14c36e5826e45891f91bbf8e7892cd346911832a6ea086b51a8809,2023-09-29T11:26:32.878000,sent,kaspa:qzhjc086qcee4ym6g2aepafv0s5f5wn5eru0uqzhphzgrval3twlg32xwhhqm,200000000000,
2a82bb042c14c36e5826e45891f91bbf8e7892cd346911832a6ea086b51a8809,2023-09-29T11:26:32.878000,sent,kaspa:qzhjc086qcee4ym6g2aepafv0s5f5wn5eru0uqzhphzgrval3twlg32xwhhqm,200000000000,
2a82bb042c14c36e5826e45891f91bbf8e7892cd346911832a6ea086b51a8809,2023-09-29T11:26:32.878000,sent,kaspa:qzhjc086qcee4ym6g2aepafv0s5f5wn5eru0uqzhphzgrval3twlg32xwhhqm,200000000000,
2a82bb042c14c36e5826e45891f91bbf8e7892cd346911832a6ea086b51a8809,2023-09-29T11:26:32.878000,sent,kaspa:qzhjc086qcee4ym6g2aepafv0s5f5wn5eru0uqzhphzgrval3twlg32xwhhqm,200000000000,
2a82bb042c14c36e5826e45891f91bbf8e7892cd346911832a6ea086b51a8809,2023-09-29T11:26:32.878000,sent,kaspa:qzhjc086qcee4ym6g2aepafv0s5f5wn5eru0uqzhphzgrval3twlg32xwhhqm,200000000000,
2a82bb042c14c36e5826e45891f91bbf8e7892cd346911832a6ea086b51a8809,2023-09-29T11:26:32.878000,sent,kaspa:qzhjc086qcee4ym6g2aepafv0s5f5wn5eru0uqzhphzgrval3twlg32xwhhqm,200000000000,
2a82bb042c14c36e5826e45891f91bbf8e7892cd346911832a6ea086b51a8809,2023-09-29T11:26:32.878000,sent,kaspa:qzhjc086qcee4ym6g2aepafv0s5f5wn5eru0uqzhphzgrval3twlg32xwhhqm,200000000000,
2a82bb042c14c36e5826e45891f91bbf8e7892cd346911832a6ea086b51a8809,2023-09-29T11:26:32.878000,sent,kaspa:qzhjc086qcee4ym6g2aepafv0s5f5wn5eru0uqzhphzgrval3twlg32xwhhqm,200000000000,
ad16bec2dee9498364d3a2ea2a3b8838b7d2fa50a7beb6413bf85eb977422372,2023-09-28T21:55:28.431000,received,kaspa:qrelgny7sr3vahq69yykxx36m65gvmhryxrlwngfzgu8xkdslum2yxjp3ap8m,180496272000,Gate.io
07a4cb977cebdd6f56abee072c546022eef6b1e16243fc135c84704677ac104e,2023-09-16T06:07:17.811000,received,kaspa:qq7hw36gsdtnvcr8mltxxtlcryp6rep83gdg9xk9ac7csw39npsr2ejn4t4vv,349800000000,
5c88f54795ac1ed4663789aae969962fdc1a68e476dd59db4d98d1ce10fd4c73,2023-09-15T05:32:03.311000,received,kaspa:qqpvk8f904tlkla0r9l2yesrwhaagxwxpvk3y2ggw6ngms0dweggzna7l2pp8,183135124000,
5c88f54795ac1ed4663789aae969962fdc1a68e476dd59db4d98d1ce10fd4c73,2023-09-15T05:32:03.311000,received,kaspa:qq34t7u5yl0kq7kr89fueexj4hp84yxq9elt0h4r8j2zeg4u4uv2vl2r6la0e,183135124000,
5c88f54795ac1ed4663789aae969962fdc1a68e476dd59db4d98d1ce10fd4c73,2023-09-15T05:32:03.311000,received,kaspa:qq34t7u5yl0kq7kr89fueexj4hp84yxq9elt0h4r8j2zeg4u4uv2vl2r6la0e,183135124000,
5c88f54795ac1ed4663789aae969962fdc1a68e476dd59db4d98d1ce10fd4c73,2023-09-15T05:32:03.311000,received,kaspa:qq34t7u5yl0kq7kr89fueexj4hp84yxq9elt0h4r8j2zeg4u4uv2vl2r6la0e,183135124000,
5c88f54795ac1ed4663789aae969962fdc1a68e476dd59db4d98d1ce10fd4c73,2023-09-15T05:32:03.311000,received,kaspa:qq34t7u5yl0kq7kr89fueexj4hp84yxq9elt0h4r8j2zeg4u4uv2vl2r6la0e,183135124000,
62ee2e80b855c2a2077cefe15d42ed5ef9e8bb52e84f728847bc04b9054b42e5,2023-09-15T05:28:15.405000,received,kaspa:qq34t7u5yl0kq7kr89fueexj4hp84yxq9elt0h4r8j2zeg4u4uv2vl2r6la0e,1000000000,
efda5794e54f334e3132ee17ece3d8aedd990948eebdf087bd0344bebbd25f86,2023-09-09T12:56:26.359000,received,kaspa:qrelgny7sr3vahq69yykxx36m65gvmhryxrlwngfzgu8xkdslum2yxjp3ap8m,455001162000,Gate.io
9ecaf9f270762908a5fe312d54cffdab83c7cd6f46a464c17abd8e7fd36640ba,2023-09-04T05:35:06.820000,received,kaspa:qrelgny7sr3vahq69yykxx36m65gvmhryxrlwngfzgu8xkdslum2yxjp3ap8m,289327080400,Gate.io
f7da53b25a570ef544cd411ce013f4950d0bba02bcd92f282d931b39c39bd557,2023-08-17T06:11:02.315000,received,kaspa:qp2al6p6vl5e347ql6hy0z5ccrevfahsuzwhm5wsnlsp8hjjackr65jvdmmxc,863957628000,
f7da53b25a570ef544cd411ce013f4950d0bba02bcd92f282d931b39c39bd557,2023-08-17T06:11:02.315000,received,kaspa:qz6gd45hwxr7annvap3t2tkq2lda3qxupa3x9zn0hj85d2448m5f2m4ppdgu3,863957628000,
f7da53b25a570ef544cd411ce013f4950d0bba02bcd92f282d931b39c39bd557,2023-08-17T06:11:02.315000,received,kaspa:qzyt63cl85wle2crazzah9wmcl38fxuvhs8fsc2vnu5w3z6sdazmuk2ru9c2u,863957628000,
f7da53b25a570ef544cd411ce013f4950d0bba02bcd92f282d931b39c39bd557,2023-08-17T06:11:02.315000,received,kaspa:qpumc952jz9d8utj5jpjzeg7wkwfm06lej3ujrg22m7wg2lg3n5swf5rwudus,863957628000,
f7da53b25a570ef544cd411ce013f4950d0bba02bcd92f282d931b39c39bd557,2023-08-17T06:11:02.315000,received,kaspa:qzyt63cl85wle2crazzah9wmcl38fxuvhs8fsc2vnu5w3z6sdazmuk2ru9c2u,863957628000,
f7da53b25a570ef544cd411ce013f4950d0bba02bcd92f282d931b39c39bd557,2023-08-17T06:11:02.315000,received,kaspa:qzyt63cl85wle2crazzah9wmcl38fxuvhs8fsc2vnu5w3z6sdazmuk2ru9c2u,863957628000,
8c7c54a8acf854dee1ba607ee4f8ed902f32fac86a08c17152bdc6d6beabee68,2023-08-17T06:10:21.107000,received,kaspa:qqv2p2n80cn2j5dns08rv4p4q097ucvurcelzaquct7ddwmfxa6hq94fsd4t5,10000000000,
