tx_id,timestamp,direction,peer_address,amount_sompi,cex_label
74e269a864ed4265f6093874629a3dbbb7be61f8467813ff3b2e25f6fc5ddefe,2023-12-20T14:52:22.985000,sent,kaspa:qpsuvw0lgzpzkxvz5aad22h8kzd645jrnznz6tlrxdsalkypey2jyjeeakgr4,4999999993327,
74e269a864ed4265f6093874629a3dbbb7be61f8467813ff3b2e25f6fc5ddefe,2023-12-20T14:52:22.985000,sent,kaspa:qr57e63clcdknes3vfql4ykrqxyfcum2ulhwtwx3lllxxqapmtg5yhjaugedy,1678559500800,
8fcfac18c61ad69a0085275eea33d19731b6bdcc0f772614018e36d28c0c5b75,2023-11-15T13:16:02.863000,received,kaspa:qqetp7ct8kqss99fxmymyz5t3fezppxp0t58wl6pawp27elqd46uudme00cl0,2396259397900,
15cada23ce50cabe9b75129438306da6ec185a42123d20613e71345b3c5ab7a1,2023-11-15T13:13:30.952000,sent,kaspa:qpm4m48qt47v7xyt5h7lnucna6zc3ecawen3ygzgemnxxkgeyavpj25wsge3v,3657233658821,
15cada23ce50cabe9b75129438306da6ec185a42123d20613e71345b3c5ab7a1,2023-11-15T13:13:30.952000,sent,kaspa:qpm4m48qt47v7xyt5h7lnucna6zc3ecawen3ygzgemnxxkgeyavpj25wsge3v,3657233658821,
15cada23ce50cabe9b75129438306da6ec185a42123d20613e71345b3c5ab7a1,2023-11-15T13:13:30.952000,sent,kaspa:qpm4m48qt47v7xyt5h7lnucna6zc3ecawen3ygzgemnxxkgeyavpj25wsge3v,3657233658821,
d5860e8f481d2a5dcf7058f3c564ec8f009d80e63646de2fa0daf3667690eb78,2023-11-15T13:06:04.770000,received,kaspa:qqetp7ct8kqss99fxmymyz5t3fezppxp0t58wl6pawp27elqd46uudme00cl0,1275450686500,
3f62604b0633aa84ce0f698d11e752690cf09b03cb09174dfb9f486813b20b13,2023-11-15T12:58:04.243000,received,kaspa:qqetp7ct8kqss99fxmymyz5t3fezppxp0t58wl6pawp27elqd46uudme00cl0,1283819207900,
9f2441a56703d42ec9c8a24291713b878ed67a60ad4c742d3ed57a96e2a677a5,2023-11-15T12:55:03.326000,received,kaspa:qqetp7ct8kqss99fxmymyz5t3fezppxp0t58wl6pawp27elqd46uudme00cl0,1097961668000,
294a526c039464f8d610296f1946bd3ba3248fced103178abc9a8e80641e98e0,2023-11-09T05:28:18.002000,sent,kaspa:qrjgnmexg66sh7e65eqk7vxah07dr99ud2m9krekhg8qw8pme5f5qf3pll4e3,4699997931,
294a526c039464f8d610296f1946bd3ba3248fced103178abc9a8e80641e98e0,2023-11-09T05:28:18.002000,sent,kaspa:qz28vs5jtsz88elyh2gqwg2xtyfkrtz4h6vcadxjcq8at0xdz83d6sx2zj76p,33565308000,
3b1ae9393f5b20116e5640be8088dd12302cc6b2581884aefbb18c075085e9dd,2023-11-09T03:58:09.079000,received,kaspa:qqetp7ct8kqss99fxmymyz5t3fezppxp0t58wl6pawp27elqd46uudme00cl0,38265308000,
