tx_id,timestamp,direction,peer_address,amount_sompi,cex_label
7a0ad16b376e7a315f918c95f7f1bd46cd839f6945204233933164ed55f97c75,2023-12-14T20:52:21.594000,sent,kaspa:qph5a9h95dhmunwlkr3qae5g7sgucwky59ure05m99df8j6sg9m2q88js600t,150000000000,
7a0ad16b376e7a315f918c95f7f1bd46cd839f6945204233933164ed55f97c75,2023-12-14T20:52:21.594000,sent,kaspa:qrycawpzcudreuuuq2fwcuutf2e8d7t88st9umtjz6jsaf5k75sd5ze2xp0ct,2848834579024,
31e3c3b34ff5b7f1f822fa5c30101e9420c0dd1549868bfb1b3c83a2fdbf5f9b,2023-12-12T08:37:50.825000,received,kaspa:qqwvnkp47wsj6n4hkdlgj8dsauyx0xvefunnwvvsmpq2udd0ka8ckmpuqw3k5,2998834589024,
31e3c3b34ff5b7f1f822fa5c30101e9420c0dd1549868bfb1b3c83a2fdbf5f9b,2023-12-12T08:37:50.825000,received,kaspa:qqwvnkp47wsj6n4hkdlgj8dsauyx0xvefunnwvvsmpq2udd0ka8ckmpuqw3k5,2998834589024,
31e3c3b34ff5b7f1f822fa5c30101e9420c0dd1549868bfb1b3c83a2fdbf5f9b,2023-12-12T08:37:50.825000,received,kaspa:qqwvnkp47wsj6n4hkdlgj8dsauyx0xvefunnwvvsmpq2udd0ka8ckmpuqw3k5,2998834589024,
31e3c3b34ff5b7f1f822fa5c30101e9420c0dd1549868bfb1b3c83a2fdbf5f9b,2023-12-12T08:37:50.825000,received,kaspa:qqwvnkp47wsj6n4hkdlgj8dsauyx0xvefunnwvvsmpq2udd0ka8ckmpuqw3k5,2998834589024,
31e3c3b34ff5b7f1f822fa5c30101e9420c0dd1549868bfb1b3c83a2fdbf5f9b,2023-12-12T08:37:50.825000,received,kaspa:qqwvnkp47wsj6n4hkdlgj8dsauyx0xvefunnwvvsmpq2udd0ka8ckmpuqw3k5,2998834589024,
31e3c3b34ff5b7f1f822fa5c30101e9420c0dd1549868bfb1b3c83a2fdbf5f9b,2023-12-12T08:37:50.825000,received,kaspa:qqwvnkp47wsj6n4hkdlgj8dsauyx0xvefunnwvvsmpq2udd0ka8ckmpuqw3k5,2998834589024,
31e3c3b34ff5b7f1f822fa5c30101e9420c0dd1549868bfb1b3c83a2fdbf5f9b,2023-12-12T08:37:50.825000,received,kaspa:qqwvnkp47wsj6n4hkdlgj8dsauyx0xvefunnwvvsmpq2udd0ka8ckmpuqw3k5,2998834589024,
