tx_id,timestamp,direction,peer_address,amount_sompi,cex_label
a7d1a4179a8f9c380ffaeb451468f3ae5b23ab6ad7a6364082c9a66b48ea95ad,2023-12-13T00:11:41.141000,sent,kaspa:qqucay7eet20htwzjznry63eajufgv76h3qh00zq022g7t5rl3n57s4mytcgz,170990000,
2472a77160fa837c70a420070d82a9f16ab211afd512ce3df79a14d1663d4073,2023-12-12T02:20:41.596000,received,kaspa:qypswxtcrv4ssyjaswy5w9387vq73mkuyq85tl34cee6qn5uexqy0csgnafnjx7,171000000,
e0d3e56edb4d3005078f72b52282ebd7732d7db2ab1a64b6777a8fa625f76823,2023-11-27T23:54:18.693000,sent,kaspa:qzjwx387mtsp4zxqusx7ekwmm7efta97k4xn0mtek8zkqr2lksdd6777dym93,639600000,
505fad91229043d9fce036d350af880fc1828fc4b8ef581c5d512b76f292a4dd,2023-11-27T23:53:27.865000,sent,kaspa:qypwz4xuwvzp8g5hvdqn62pwejyfjn4yhmhaumqf6y5uwsxxeuj8p0s47cs9uck,18000000,
be2f0049fb2c75311c868dc71be3d24bfef60b33591875fdf2618e914c5b2e30,2023-11-27T23:49:49.047000,received,kaspa:qq6gy0arxqjnec0mnkt6nafaagw5rqqvsv4xk8ttf3q3csyllau472y4e7yx0,657620000,
