tx_id,timestamp,direction,peer_address,amount_sompi,cex_label
d9906800c4402f8ecb0824b171010738a3a20cfde1926cde6ff1cacec4ba6ce3,2024-11-16T18:55:35.687000,sent,kaspa:qqnqv3rvnctfyrjteurqm0gmqfu7yjg3949yxpyxxfa4rgm9nt2zxauwq8xvs,3390000000000,
d9906800c4402f8ecb0824b171010738a3a20cfde1926cde6ff1cacec4ba6ce3,2024-11-16T18:55:35.687000,sent,kaspa:qz4f880tpt24h08e0ycqxual4yga60547lzzlht50ekpvr5msls6zu6v63n5q,8690771370,
5e4c3cdbc69d26ce085fa1bed7791004f0b7a1944cf160de4ea09ffac3b22571,2024-11-16T09:46:21.289000,received,kaspa:qphxqfr9m8vcdsw236esxdts4fwvz5cxaz2cd3r5vnw6rjp6sm5jj40ht637d,3398690773439,
5e4c3cdbc69d26ce085fa1bed7791004f0b7a1944cf160de4ea09ffac3b22571,2024-11-16T09:46:21.289000,received,kaspa:qqmdrrlznz7cgax9jvefm4g4fwtsnnz8r96574qduyjakmyd5rtgc3a4rx0qr,3398690773439,
