tx_id,timestamp,direction,peer_address,amount_sompi,cex_label
06e93b9be64075aa63ee793819b3bf9e350d61529bf290b7dcc65870b1fbf160,2025-01-10T15:57:49.416000,received,kaspa:qr5tz2qjk29qpfjepxxtlcpcsv9xn6hwlfkvhpyz45mxl7qh22hy5gupl5awf,1322213530000,
06e93b9be64075aa63ee793819b3bf9e350d61529bf290b7dcc65870b1fbf160,2025-01-10T15:57:49.416000,received,kaspa:qr5tz2qjk29qpfjepxxtlcpcsv9xn6hwlfkvhpyz45mxl7qh22hy5gupl5awf,1322213530000,
ac163aab1d3dd0a5b7b7b4237c63c45c6cc196c53e2422552a2cf1a908586aaf,2025-01-09T17:21:22.704000,received,kaspa:qr5tz2qjk29qpfjepxxtlcpcsv9xn6hwlfkvhpyz45mxl7qh22hy5gupl5awf,2639985724000,
ac163aab1d3dd0a5b7b7b4237c63c45c6cc196c53e2422552a2cf1a908586aaf,2025-01-09T17:21:22.704000,received,kaspa:qr5tz2qjk29qpfjepxxtlcpcsv9xn6hwlfkvhpyz45mxl7qh22hy5gupl5awf,2639985724000,
ac163aab1d3dd0a5b7b7b4237c63c45c6cc196c53e2422552a2cf1a908586aaf,2025-01-09T17:21:22.704000,received,kaspa:qr5tz2qjk29qpfjepxxtlcpcsv9xn6hwlfkvhpyz45mxl7qh22hy5gupl5awf,2639985724000,
ac163aab1d3dd0a5b7b7b4237c63c45c6cc196c53e2422552a2cf1a908586aaf,2025-01-09T17:21:22.704000,received,kaspa:qr5tz2qjk29qpfjepxxtlcpcsv9xn6hwlfkvhpyz45mxl7qh22hy5gupl5awf,2639985724000,
ac163aab1d3dd0a5b7b7b4237c63c45c6cc196c53e2422552a2cf1a908586aaf,2025-01-09T17:21:22.704000,received,kaspa:qr5tz2qjk29qpfjepxxtlcpcsv9xn6hwlfkvhpyz45mxl7qh22hy5gupl5awf,2639985724000,
ac163aab1d3dd0a5b7b7b4237c63c45c6cc196c53e2422552a2cf1a908586aaf,2025-01-09T17:21:22.704000,received,kaspa:qr5tz2qjk29qpfjepxxtlcpcsv9xn6hwlfkvhpyz45mxl7qh22hy5gupl5awf,2639985724000,
ac163aab1d3dd0a5b7b7b4237c63c45c6cc196c53e2422552a2cf1a908586aaf,2025-01-09T17:21:22.704000,received,kaspa:qr5tz2qjk29qpfjepxxtlcpcsv9xn6hwlfkvhpyz45mxl7qh22hy5gupl5awf,2639985724000,
ac163aab1d3dd0a5b7b7b4237c63c45c6cc196c53e2422552a2cf1a908586aaf,2025-01-09T17:21:22.704000,received,kaspa:qr5tz2qjk29qpfjepxxtlcpcsv9xn6hwlfkvhpyz45mxl7qh22hy5gupl5awf,2639985724000,
e358ac555f0b2ee27df557c21ba4e5b45203bbb89d733f9278c0ad6d5e2fe639,2025-01-06T10:43:44.302000,received,kaspa:qr5tz2qjk29qpfjepxxtlcpcsv9xn6hwlfkvhpyz45mxl7qh22hy5gupl5awf,4291429298000,
e358ac555f0b2ee27df557c21ba4e5b45203bbb89d733f9278c0ad6d5e2fe639,2025-01-06T10:43:44.302000,received,kaspa:qr5tz2qjk29qpfjepxxtlcpcsv9xn6hwlfkvhpyz45mxl7qh22hy5gupl5awf,4291429298000,
e358ac555f0b2ee27df557c21ba4e5b45203bbb89d733f9278c0ad6d5e2fe639,2025-01-06T10:43:44.302000,received,kaspa:qr5tz2qjk29qpfjepxxtlcpcsv9xn6hwlfkvhpyz45mxl7qh22hy5gupl5awf,4291429298000,
e358ac555f0b2ee27df557c21ba4e5b45203bbb89d733f9278c0ad6d5e2fe639,2025-01-06T10:43:44.302000,received,kaspa:qr5tz2qjk29qpfjepxxtlcpcsv9xn6hwlfkvhpyz45mxl7qh22hy5gupl5awf,4291429298000,
e358ac555f0b2ee27df557c21ba4e5b45203bbb89d733f9278c0ad6d5e2fe639,2025-01-06T10:43:44.302000,received,kaspa:qr5tz2qjk29qpfjepxxtlcpcsv9xn6hwlfkvhpyz45mxl7qh22hy5gupl5awf,4291429298000,
e358ac555f0b2ee27df557c21ba4e5b45203bbb89d733f9278c0ad6d5e2fe639,2025-01-06T10:43:44.302000,received,kaspa:qr5tz2qjk29qpfjepxxtlcpcsv9xn6hwlfkvhpyz45mxl7qh22hy5gupl5awf,4291429298000,
e358ac555f0b2ee27df557c21ba4e5b45203bbb89d733f9278c0ad6d5e2fe639,2025-01-06T10:43:44.302000,received,kaspa:qr5tz2qjk29qpfjepxxtlcpcsv9xn6hwlfkvhpyz45mxl7qh22hy5gupl5awf,4291429298000,
e2a63b5a48f6265b6a8034ab320b81dd622069de7ffb44d4172d6b214a6ebf9f,2024-08-27T12:59:08.566000,received,kaspa:qqetp7ct8kqss99fxmymyz5t3fezppxp0t58wl6pawp27elqd46uudme00cl0,786252000000,
e2a63b5a48f6265b6a8034ab320b81dd622069de7ffb44d4172d6b214a6ebf9f,2024-08-27T12:59:08.566000,received,kaspa:qpzpfwcsqsxhxwup26r55fd0ghqlhyugz8cp6y3wxuddc02vcxtjg75pspnwz,786252000000,MEXC
b13952e338c3530155ffa7592b1b970fa31306328e99abf1230563d9d258acad,2024-08-13T19:58:06.565000,received,kaspa:qqetp7ct8kqss99fxmymyz5t3fezppxp0t58wl6pawp27elqd46uudme00cl0,277384000000,
b13952e338c3530155ffa7592b1b970fa31306328e99abf1230563d9d258acad,2024-08-13T19:58:06.565000,received,kaspa:qqetp7ct8kqss99fxmymyz5t3fezppxp0t58wl6pawp27elqd46uudme00cl0,277384000000,
c824ff185967451f6fe300c12a635547f3d655fa67a221586453d271ca4371f5,2024-08-04T18:03:06.575000,received,kaspa:qqetp7ct8kqss99fxmymyz5t3fezppxp0t58wl6pawp27elqd46uudme00cl0,25393637000000,
c824ff185967451f6fe300c12a635547f3d655fa67a221586453d271ca4371f5,2024-08-04T18:03:06.575000,received,kaspa:qpzpfwcsqsxhxwup26r55fd0ghqlhyugz8cp6y3wxuddc02vcxtjg75pspnwz,25393637000000,MEXC
c824ff185967451f6fe300c12a635547f3d655fa67a221586453d271ca4371f5,2024-08-04T18:03:06.575000,received,kaspa:qpzpfwcsqsxhxwup26r55fd0ghqlhyugz8cp6y3wxuddc02vcxtjg75pspnwz,25393637000000,MEXC
c824ff185967451f6fe300c12a635547f3d655fa67a221586453d271ca4371f5,2024-08-04T18:03:06.575000,received,kaspa:qpzpfwcsqsxhxwup26r55fd0ghqlhyugz8cp6y3wxuddc02vcxtjg75pspnwz,25393637000000,MEXC
c824ff185967451f6fe300c12a635547f3d655fa67a221586453d271ca4371f5,2024-08-04T18:03:06.575000,received,kaspa:qpzpfwcsqsxhxwup26r55fd0ghqlhyugz8cp6y3wxuddc02vcxtjg75pspnwz,25393637000000,MEXC
c824ff185967451f6fe300c12a635547f3d655fa67a221586453d271ca4371f5,2024-08-04T18:03:06.575000,received,kaspa:qpzpfwcsqsxhxwup26r55fd0ghqlhyugz8cp6y3wxuddc02vcxtjg75pspnwz,25393637000000,MEXC
c824ff185967451f6fe300c12a635547f3d655fa67a221586453d271ca4371f5,2024-08-04T18:03:06.575000,received,kaspa:qpzpfwcsqsxhxwup26r55fd0ghqlhyugz8cp6y3wxuddc02vcxtjg75pspnwz,25393637000000,MEXC
c824ff185967451f6fe300c12a635547f3d655fa67a221586453d271ca4371f5,2024-08-04T18:03:06.575000,received,kaspa:qpzpfwcsqsxhxwup26r55fd0ghqlhyugz8cp6y3wxuddc02vcxtjg75pspnwz,25393637000000,MEXC
c824ff185967451f6fe300c12a635547f3d655fa67a221586453d271ca4371f5,2024-08-04T18:03:06.575000,received,kaspa:qpzpfwcsqsxhxwup26r55fd0ghqlhyugz8cp6y3wxuddc02vcxtjg75pspnwz,25393637000000,MEXC
c824ff185967451f6fe300c12a635547f3d655fa67a221586453d271ca4371f5,2024-08-04T18:03:06.575000,received,kaspa:qpzpfwcsqsxhxwup26r55fd0ghqlhyugz8cp6y3wxuddc02vcxtjg75pspnwz,25393637000000,MEXC
9970bdfc2b81ef0afdacfe367b266a440c35dbe16e7bfc189a823ba9bb48b7b9,2024-06-25T13:42:05.288000,received,kaspa:qpzpfwcsqsxhxwup26r55fd0ghqlhyugz8cp6y3wxuddc02vcxtjg75pspnwz,22077000000,MEXC
9970bdfc2b81ef0afdacfe367b266a440c35dbe16e7bfc189a823ba9bb48b7b9,2024-06-25T13:42:05.288000,received,kaspa:qpzpfwcsqsxhxwup26r55fd0ghqlhyugz8cp6y3wxuddc02vcxtjg75pspnwz,22077000000,MEXC
3d4c680ce9882b1879a5763f87abfb848ed145539d2634d0d89f24b2fe241c44,2024-06-12T13:36:01.969000,received,kaspa:qqetp7ct8kqss99fxmymyz5t3fezppxp0t58wl6pawp27elqd46uudme00cl0,303091000000,
3d4c680ce9882b1879a5763f87abfb848ed145539d2634d0d89f24b2fe241c44,2024-06-12T13:36:01.969000,received,kaspa:qqetp7ct8kqss99fxmymyz5t3fezppxp0t58wl6pawp27elqd46uudme00cl0,303091000000,
1c05c6b5be72bcf19f89e0da3978ea3919fd478c88a21ce186d148c626348dfc,2024-06-11T10:48:02.923000,received,kaspa:qqetp7ct8kqss99fxmymyz5t3fezppxp0t58wl6pawp27elqd46uudme00cl0,4499000000000,
1c05c6b5be72bcf19f89e0da3978ea3919fd478c88a21ce186d148c626348dfc,2024-06-11T10:48:02.923000,received,kaspa:qpzpfwcsqsxhxwup26r55fd0ghqlhyugz8cp6y3wxuddc02vcxtjg75pspnwz,4499000000000,MEXC
7461ccf222384755cdbbe5136b21a115ea9d366eccdaa74d2738a331ffd14506,2024-05-17T16:31:03.341000,received,kaspa:qqetp7ct8kqss99fxmymyz5t3fezppxp0t58wl6pawp27elqd46uudme00cl0,5407157000000,
7461ccf222384755cdbbe5136b21a115ea9d366eccdaa74d2738a331ffd14506,2024-05-17T16:31:03.341000,received,kaspa:qpzpfwcsqsxhxwup26r55fd0ghqlhyugz8cp6y3wxuddc02vcxtjg75pspnwz,5407157000000,MEXC
500fc62d8c816a893b836715995103f95e307a7f575f3724c29384e460850398,2024-04-01T18:54:04.485000,received,kaspa:qqetp7ct8kqss99fxmymyz5t3fezppxp0t58wl6pawp27elqd46uudme00cl0,7548646000000,
500fc62d8c816a893b836715995103f95e307a7f575f3724c29384e460850398,2024-04-01T18:54:04.485000,received,kaspa:qpzpfwcsqsxhxwup26r55fd0ghqlhyugz8cp6y3wxuddc02vcxtjg75pspnwz,7548646000000,MEXC
b933cb8f12ca20e78cbad7d718b15d65808f0e763236641a34dab676b1c5c96b,2024-03-16T13:10:02.445000,received,kaspa:qqetp7ct8kqss99fxmymyz5t3fezppxp0t58wl6pawp27elqd46uudme00cl0,3919436000000,
b933cb8f12ca20e78cbad7d718b15d65808f0e763236641a34dab676b1c5c96b,2024-03-16T13:10:02.445000,received,kaspa:qqetp7ct8kqss99fxmymyz5t3fezppxp0t58wl6pawp27elqd46uudme00cl0,3919436000000,
f68af9f0c679203780684d61f4cf8fbd1ad1f416a77cea63e2e96a4d3d7dd149,2024-03-12T14:41:02.562000,received,kaspa:qqetp7ct8kqss99fxmymyz5t3fezppxp0t58wl6pawp27elqd46uudme00cl0,3549152000000,
f68af9f0c679203780684d61f4cf8fbd1ad1f416a77cea63e2e96a4d3d7dd149,2024-03-12T14:41:02.562000,received,kaspa:qqetp7ct8kqss99fxmymyz5t3fezppxp0t58wl6pawp27elqd46uudme00cl0,3549152000000,
862922f76906aca05c54883b315084d9b0e1b3c67e8a9b694cf95864eca1c7f9,2024-02-08T19:33:01.619000,received,kaspa:qqxfeaudzn6kcukr2wg6mvp0mddty5fru2y0twe65e0paxpwa32hckcehuxry,100011700000000,
a0d4a732ea1b587a9f2c2f809a412539fe0cb0280e4d3ebe4f7c79bd5469d12a,2024-02-08T19:25:45.557000,received,kaspa:qqxfeaudzn6kcukr2wg6mvp0mddty5fru2y0twe65e0paxpwa32hckcehuxry,100000000000,
a0d4a732ea1b587a9f2c2f809a412539fe0cb0280e4d3ebe4f7c79bd5469d12a,2024-02-08T19:25:45.557000,received,kaspa:qqxfeaudzn6kcukr2wg6mvp0mddty5fru2y0twe65e0paxpwa32hckcehuxry,100000000000,
a0d4a732ea1b587a9f2c2f809a412539fe0cb0280e4d3ebe4f7c79bd5469d12a,2024-02-08T19:25:45.557000,received,kaspa:qqxfeaudzn6kcukr2wg6mvp0mddty5fru2y0twe65e0paxpwa32hckcehuxry,100000000000,
a0d4a732ea1b587a9f2c2f809a412539fe0cb0280e4d3ebe4f7c79bd5469d12a,2024-02-08T19:25:45.557000,received,kaspa:qqxfeaudzn6kcukr2wg6mvp0mddty5fru2y0twe65e0paxpwa32hckcehuxry,100000000000,
a0d4a732ea1b587a9f2c2f809a412539fe0cb0280e4d3ebe4f7c79bd5469d12a,2024-02-08T19:25:45.557000,received,kaspa:qqxfeaudzn6kcukr2wg6mvp0mddty5fru2y0twe65e0paxpwa32hckcehuxry,100000000000,
a0d4a732ea1b587a9f2c2f809a412539fe0cb0280e4d3ebe4f7c79bd5469d12a,2024-02-08T19:25:45.557000,received,kaspa:qqxfeaudzn6kcukr2wg6mvp0mddty5fru2y0twe65e0paxpwa32hckcehuxry,100000000000,
a0d4a732ea1b587a9f2c2f809a412539fe0cb0280e4d3ebe4f7c79bd5469d12a,2024-02-08T19:25:45.557000,received,kaspa:qqxfeaudzn6kcukr2wg6mvp0mddty5fru2y0twe65e0paxpwa32hckcehuxry,100000000000,
a0d4a732ea1b587a9f2c2f809a412539fe0cb0280e4d3ebe4f7c79bd5469d12a,2024-02-08T19:25:45.557000,received,kaspa:qqxfeaudzn6kcukr2wg6mvp0mddty5fru2y0twe65e0paxpwa32hckcehuxry,100000000000,
a0d4a732ea1b587a9f2c2f809a412539fe0cb0280e4d3ebe4f7c79bd5469d12a,2024-02-08T19:25:45.557000,received,kaspa:qqxfeaudzn6kcukr2wg6mvp0mddty5fru2y0twe65e0paxpwa32hckcehuxry,100000000000,
a0d4a732ea1b587a9f2c2f809a412539fe0cb0280e4d3ebe4f7c79bd5469d12a,2024-02-08T19:25:45.557000,received,kaspa:qqxfeaudzn6kcukr2wg6mvp0mddty5fru2y0twe65e0paxpwa32hckcehuxry,100000000000,
a0d4a732ea1b587a9f2c2f809a412539fe0cb0280e4d3ebe4f7c79bd5469d12a,2024-02-08T19:25:45.557000,received,kaspa:qqxfeaudzn6kcukr2wg6mvp0mddty5fru2y0twe65e0paxpwa32hckcehuxry,100000000000,
a0d4a732ea1b587a9f2c2f809a412539fe0cb0280e4d3ebe4f7c79bd5469d12a,2024-02-08T19:25:45.557000,received,kaspa:qqxfeaudzn6kcukr2wg6mvp0mddty5fru2y0twe65e0paxpwa32hckcehuxry,100000000000,
a0d4a732ea1b587a9f2c2f809a412539fe0cb0280e4d3ebe4f7c79bd5469d12a,2024-02-08T19:25:45.557000,received,kaspa:qqxfeaudzn6kcukr2wg6mvp0mddty5fru2y0twe65e0paxpwa32hckcehuxry,100000000000,
a0d4a732ea1b587a9f2c2f809a412539fe0cb0280e4d3ebe4f7c79bd5469d12a,2024-02-08T19:25:45.557000,received,kaspa:qqxfeaudzn6kcukr2wg6mvp0mddty5fru2y0twe65e0paxpwa32hckcehuxry,100000000000,
a0d4a732ea1b587a9f2c2f809a412539fe0cb0280e4d3ebe4f7c79bd5469d12a,2024-02-08T19:25:45.557000,received,kaspa:qqxfeaudzn6kcukr2wg6mvp0mddty5fru2y0twe65e0paxpwa32hckcehuxry,100000000000,
