tx_id,timestamp,direction,peer_address,amount_sompi,cex_label
d951e5eeb640a39a5eb43232d9f98a45ff3e36f7b1dd553b443eb64ed1f325bb,2024-03-27T18:19:34.783000,sent,kaspa:qr3ww6nxsxdx8n6qm4k9qleyfs5nxx4z5sa63gtrpdnu97hn5y6gyhpekf655,1059700000000,
d951e5eeb640a39a5eb43232d9f98a45ff3e36f7b1dd553b443eb64ed1f325bb,2024-03-27T18:19:34.783000,sent,kaspa:qr3ww6nxsxdx8n6qm4k9qleyfs5nxx4z5sa63gtrpdnu97hn5y6gyhpekf655,1059700000000,
26e73c2f24bd7274a015b2214d62161f45688009f76d59ad92e2ed77ff413046,2024-03-25T11:29:02.097000,received,kaspa:qqetp7ct8kqss99fxmymyz5t3fezppxp0t58wl6pawp27elqd46uudme00cl0,638787000000,
26e73c2f24bd7274a015b2214d62161f45688009f76d59ad92e2ed77ff413046,2024-03-25T11:29:02.097000,received,kaspa:qpzpfwcsqsxhxwup26r55fd0ghqlhyugz8cp6y3wxuddc02vcxtjg75pspnwz,638787000000,MEXC
56beff56a860bbcd2451cb40699c1e54969aec925330a92b49e045ce7d31a8c7,2024-02-27T13:11:18.335000,sent,kaspa:qq9zagcza4jt76eev9jl5z0nqhe0thcu7js8larktj4sle7lvgnw7sfcewlty,9000000000,
3228fd0e9512356501ec4dac7f54b65194ae5b9212bdd2340947328966cf4391,2024-02-27T11:40:11.555000,sent,kaspa:qq9zagcza4jt76eev9jl5z0nqhe0thcu7js8larktj4sle7lvgnw7sfcewlty,1995380830,
01837fed34d9fbef2629cbe89eb9f6398878c80217b7b618da16607e1b727eaf,2023-12-25T00:47:02.859000,received,kaspa:qqetp7ct8kqss99fxmymyz5t3fezppxp0t58wl6pawp27elqd46uudme00cl0,431995380830,
13360d1f6728d3da3af14322ce829376ad3e54556a85f1a6e073670c35929c81,2023-06-15T01:22:54.447000,sent,kaspa:qq9r7jluazdmjy0a6sqp7jmrytt7t5a4s5jn0xzq3akuywrsafm5c3r8p60f9,4500054380830,
7867c183c40d4a953a044eda3362cfb6d9a1e642fc6437ddb3a24edc8ee652eb,2023-06-14T23:51:15.151000,sent,kaspa:qq9r7jluazdmjy0a6sqp7jmrytt7t5a4s5jn0xzq3akuywrsafm5c3r8p60f9,94100000000,
7867c183c40d4a953a044eda3362cfb6d9a1e642fc6437ddb3a24edc8ee652eb,2023-06-14T23:51:15.151000,sent,kaspa:qq9r7jluazdmjy0a6sqp7jmrytt7t5a4s5jn0xzq3akuywrsafm5c3r8p60f9,94100000000,
88cfcdd4d24b07970481ad2787fdfe70021c997245cfc04aabe75ea109e96582,2023-05-20T08:33:04.254000,received,kaspa:qqetp7ct8kqss99fxmymyz5t3fezppxp0t58wl6pawp27elqd46uudme00cl0,3594064680830,
0110e8870e8ea621b9d0c38b8aaf6e06fba3431de41f7ed60a415b2e5470777f,2023-05-01T20:11:32.290000,sent,kaspa:qq9r7jluazdmjy0a6sqp7jmrytt7t5a4s5jn0xzq3akuywrsafm5c3r8p60f9,597000000000,
beeccc506f937e1ffaf4ef8e3f833b12b7e464fe6024b46b1337c9985816872f,2023-04-05T08:45:01.256000,received,kaspa:qqetp7ct8kqss99fxmymyz5t3fezppxp0t58wl6pawp27elqd46uudme00cl0,1597090000000,
