tx_id,timestamp,direction,peer_address,amount_sompi,cex_label
0a5a33574960961567665f5ee5e5f45398ad718952c2c20e7733bf0fa705ce38,2023-12-16T04:12:30.043000,sent,kaspa:qzslgwenzu78t6tldlng383g7ruu4enaljmnkgaulyrscjp7ldt26x8gfxck5,171940000,
0a5a33574960961567665f5ee5e5f45398ad718952c2c20e7733bf0fa705ce38,2023-12-16T04:12:30.043000,sent,kaspa:qzslgwenzu78t6tldlng383g7ruu4enaljmnkgaulyrscjp7ldt26x8gfxck5,171940000,
91a74d31d32b014dfbac8ca2ed74fa4e8575815cf893ed0a5743dcb0bd134529,2023-12-12T08:55:31.610000,received,kaspa:qypswxtcrv4ssyjaswy5w9387vq73mkuyq85tl34cee6qn5uexqy0csgnafnjx7,171000000,
99e3480b9f2835ab5d6de79365bba5fe46a924c7abcfb4e0e38fb2ffec9101d5,2023-11-28T11:49:35.892000,sent,kaspa:qypefylktcr9cngegvr405asdsmm7gm0w3yehrc6lzrmtgm92dtjsycyed6y9z2,18000000,
257173d6b3fb961b5cb60f2ffaf44c0db4789e9da9aa24eb0b545e3a2ed37bc6,2023-11-27T13:45:19.081000,received,kaspa:qp8a2fcu2cxaltk6t2uh0m0pgx8jxydj5wsd66gept78s8x68n98qdvhh8tzp,19000000,
