tx_id,timestamp,direction,peer_address,amount_sompi,cex_label
40c705ecef3c19e59cf2565d677806b1a0f043fe49df430a9f7a6f09db75492e,2023-12-16T04:25:12.420000,sent,kaspa:qzslgwenzu78t6tldlng383g7ruu4enaljmnkgaulyrscjp7ldt26x8gfxck5,171940000,
40c705ecef3c19e59cf2565d677806b1a0f043fe49df430a9f7a6f09db75492e,2023-12-16T04:25:12.420000,sent,kaspa:qzslgwenzu78t6tldlng383g7ruu4enaljmnkgaulyrscjp7ldt26x8gfxck5,171940000,
a04321fb9da58b3601bb0ffc94bda8257db44c583938b038da6eaa5366a8635f,2023-12-12T21:43:30.878000,received,kaspa:qypswxtcrv4ssyjaswy5w9387vq73mkuyq85tl34cee6qn5uexqy0csgnafnjx7,171000000,
3993d4745fa3aad9626c05c78b0142ea2447966e5e1934ec38136156ccd93e1e,2023-11-29T13:14:01.597000,sent,kaspa:qyp2na5auud2skg25z0w2955kxnjp9rleh83t0y3hncq060yxyfae4ggyv95tmk,18000000,
1591aff8401d0438186c09a1d15b0a620c8db0ce6e46a3575a68fcb3b4353287,2023-11-29T08:50:31.416000,received,kaspa:qznsqyf0c6lpntrap2url6fu7vjep5qcq6q47lg25zhv5d3dpkv5wjejk2su4,19000000,
