tx_id,timestamp,direction,peer_address,amount_sompi,cex_label
ae7b2523aa70811ef60cad5442872ddf64f295c3eac20e7d536204e54b46d24d,2023-12-16T04:24:25.609000,sent,kaspa:qzslgwenzu78t6tldlng383g7ruu4enaljmnkgaulyrscjp7ldt26x8gfxck5,171940000,
ae7b2523aa70811ef60cad5442872ddf64f295c3eac20e7d536204e54b46d24d,2023-12-16T04:24:25.609000,sent,kaspa:qzslgwenzu78t6tldlng383g7ruu4enaljmnkgaulyrscjp7ldt26x8gfxck5,171940000,
7ec1bd1e4d7a1b6fb29399cb3673c4b60a5a4bbf0bbcb6d791302e588fbf9e3d,2023-12-12T17:02:12.019000,received,kaspa:qypswxtcrv4ssyjaswy5w9387vq73mkuyq85tl34cee6qn5uexqy0csgnafnjx7,171000000,
89cc5eb0658bb502a6894666ba2ffb15ef846bb70a434f7c0c802278826aa5b6,2023-11-29T05:01:52.595000,sent,kaspa:qypzaz0hs7hzp9lw4785yfuj9h50czlfxgxdvxwfnmatftvuzw39kacmaf5jyn2,18000000,
264adbcaeba0d38eaa5e74c98a840abd8507c41c3f133c122433f5999be07222,2023-11-29T03:42:54.225000,received,kaspa:qpedmf364umpvsyuzxh5lcnd0uq690kpewh2m64nphtu53uyflsex8djflldj,19000000,
