tx_id,timestamp,direction,peer_address,amount_sompi,cex_label
a4e55c8e6f9bd1227062acf7c32996df6ce2358034bafe9f3da0509e306114b4,2023-12-16T04:26:11.162000,sent,kaspa:qzslgwenzu78t6tldlng383g7ruu4enaljmnkgaulyrscjp7ldt26x8gfxck5,171940000,
a4e55c8e6f9bd1227062acf7c32996df6ce2358034bafe9f3da0509e306114b4,2023-12-16T04:26:11.162000,sent,kaspa:qzslgwenzu78t6tldlng383g7ruu4enaljmnkgaulyrscjp7ldt26x8gfxck5,171940000,
73f01600216bd755567d7bafbee69f7bf4c472823f844be788683d6deaf031a2,2023-12-12T11:57:02.544000,received,kaspa:qypswxtcrv4ssyjaswy5w9387vq73mkuyq85tl34cee6qn5uexqy0csgnafnjx7,171000000,
328acc37baefca6118dd6280a792ce272500945305b5ab353df2710bfa869454,2023-11-28T16:26:55.781000,sent,kaspa:qyp7gl5lgxwmznaaxf8mc83sx3dvzkfgw8fwxtyt93dx9azlq4ag2nqxcxj92dv,18000000,
9c053c2e5ea3cb0937e0fff8ad3d913805ea11eaee7fec8dd16ebc1322401595,2023-11-27T23:36:12.528000,received,kaspa:qpt4rs4dse5l4ane0e0tv6nc2m9eu9gd33t5rkm6dtu8dpvxatuajce59z4ea,19000000,
