tx_id,timestamp,direction,peer_address,amount_sompi,cex_label
2f755d077511679ecfbc171175f4285e22e983729c63bd78943f035bbf2b5f4d,2023-12-16T04:07:04.114000,sent,kaspa:qzslgwenzu78t6tldlng383g7ruu4enaljmnkgaulyrscjp7ldt26x8gfxck5,171940000,
2f755d077511679ecfbc171175f4285e22e983729c63bd78943f035bbf2b5f4d,2023-12-16T04:07:04.114000,sent,kaspa:qzslgwenzu78t6tldlng383g7ruu4enaljmnkgaulyrscjp7ldt26x8gfxck5,171940000,
5b57a013141f71660e3765647c10cf8bee800b4945649cf58c4b15299dd6a808,2023-12-12T09:26:38.911000,received,kaspa:qypswxtcrv4ssyjaswy5w9387vq73mkuyq85tl34cee6qn5uexqy0csgnafnjx7,171000000,
a948476a2d036e140bcb149a5e26b53586c3975d182e72f27ef035935cc28f5c,2023-11-28T13:27:16.997000,sent,kaspa:qypy4jj30zekhj99ncje5cu78fc2x9fvhcfcxhxhfvz9llpsus6y36gyudvhjz2,18000000,
95101cd87bdf81bd6aaf279dbba177512eeddef585197d22287c22f86b03b055,2023-11-28T10:59:43.841000,received,kaspa:qrfljlmy9fxt57pcvshn7ym90d0lszlyxe36fx9lgqgwam0y9fmay00msesrt,19000000,
