tx_id,timestamp,direction,peer_address,amount_sompi,cex_label
3c35fc27c5c879c9a526852ffbf6dc2d71c3dccb3b3fd457d27b21888ebb279a,2023-12-16T04:47:13.158000,sent,kaspa:qzslgwenzu78t6tldlng383g7ruu4enaljmnkgaulyrscjp7ldt26x8gfxck5,171940000,
3c35fc27c5c879c9a526852ffbf6dc2d71c3dccb3b3fd457d27b21888ebb279a,2023-12-16T04:47:13.158000,sent,kaspa:qzslgwenzu78t6tldlng383g7ruu4enaljmnkgaulyrscjp7ldt26x8gfxck5,171940000,
1336933bf2c259e0f0777fa2f558569333f20492efd60f1ef0b41b9940c430c4,2023-12-12T22:28:51.431000,received,kaspa:qypswxtcrv4ssyjaswy5w9387vq73mkuyq85tl34cee6qn5uexqy0csgnafnjx7,171000000,
4439f13e165631200cf701178cd93aa554f47a9cce70195a97e1f3f4e787685f,2023-11-29T14:04:29.071000,sent,kaspa:qypfqq80ew78hy0mw0rrznpxlx0ywqcvmehhep3xutgec6247we5fmsj7ty7ese,18000000,
500742e396da19638ab00f0c258eaca2a6e7bfd700bd879d94237586ed210104,2023-11-28T05:32:23.044000,received,kaspa:qqshwyxdqnef5w786j5s9uutek3an7ns3rt5hwfza7frfrxp6yx5w34ld2707,19000000,
