tx_id,timestamp,direction,peer_address,amount_sompi,cex_label
009416386fadd6b6b36b7ea8aefc376c463c630eb58b5e40fb42349c20f58f67,2024-02-17T10:14:13.727000,sent,kaspa:qqsslpr5gst3y2s87k402r9yt7ajmak63vkgmathj8ys5qx4273jg40nngrd2,172980000,
009416386fadd6b6b36b7ea8aefc376c463c630eb58b5e40fb42349c20f58f67,2024-02-17T10:14:13.727000,sent,kaspa:qqsslpr5gst3y2s87k402r9yt7ajmak63vkgmathj8ys5qx4273jg40nngrd2,172980000,
8f62e1beba90e730494ed1329faa5290b4da7bee76e2c0c6fc868acbe4477286,2023-12-12T11:44:01.260000,received,kaspa:qypswxtcrv4ssyjaswy5w9387vq73mkuyq85tl34cee6qn5uexqy0csgnafnjx7,171000000,
4e7b8eb43ba5902efe9e10e041cf5342573865f9bfbdd5f947f1ce5e3935debe,2023-11-28T16:12:52.896000,sent,kaspa:qypagjz6axmhsec0tku0psnxt240d3jdj9npxc50xnlzr3hz0cd9kssm6fg2nxt,18000000,
fb1dc38e9f6c13504c3886513eb681fe71827100fd6f508ab9489ea425b30d7d,2023-11-27T04:26:54.609000,received,kaspa:qyp7pdnl7lcvupjaqrq07jgytn27yctey22a0l4hj6yy6w8ujauzzeg3wyd5jt4,20000000,
