tx_id,timestamp,direction,peer_address,amount_sompi,cex_label
9a7fce2715e19612d1575999d22f2513a920f75fce4dada2960edc2419346ae3,2023-12-13T02:46:35.343000,sent,kaspa:qqeru76zxpjccguw2u65aztyecyrdmm42sct42yg64fragp3x0yfvj87ttdzy,171170000,
9a7fce2715e19612d1575999d22f2513a920f75fce4dada2960edc2419346ae3,2023-12-13T02:46:35.343000,sent,kaspa:qqeru76zxpjccguw2u65aztyecyrdmm42sct42yg64fragp3x0yfvj87ttdzy,171170000,
6fef6ce108b24b9a85f349db04cadf10802a20291abe82b420ac8adff58a047f,2023-12-12T04:35:35.892000,received,kaspa:qypswxtcrv4ssyjaswy5w9387vq73mkuyq85tl34cee6qn5uexqy0csgnafnjx7,171000000,
c596c6fe023ad0d91cd36b9ffcf33cf2558a1c12b73fd62d2efe21cdbaa41b73,2023-11-28T04:26:05.176000,sent,kaspa:qypnl4f4vgm9v2mcw6lu3ge7tyvk68x740dawu5x8ws4hq2x87f5uzgeuaxvncw,18000000,
64dfaaf481e5075fb6dc392ea2b893a3f8dc295d37a91f076e201e0bc8d37cec,2023-11-28T04:13:22.481000,received,kaspa:qqffqtmh3uak2wgharv390hgqtx2jxup3sut42emjjgpfdclmn8ejehlntvwa,18200000,
