tx_id,timestamp,direction,peer_address,amount_sompi,cex_label
8e1eb77d55597020ebd43376f681ebfe40dde1f0c74d2cefa00af197e8238fd9,2023-12-18T16:18:34.959000,sent,kaspa:qrkaxvl2tw6pq6zx9xrr9lqnt9x72upf0hsrp3cvgcmfz77m50ycua35nz200,172970000,
8e1eb77d55597020ebd43376f681ebfe40dde1f0c74d2cefa00af197e8238fd9,2023-12-18T16:18:34.959000,sent,kaspa:qrkaxvl2tw6pq6zx9xrr9lqnt9x72upf0hsrp3cvgcmfz77m50ycua35nz200,172970000,
ced5b6d8f0e6f037cf291af6bec7441ba07920675a87530540ea5e3268ae21bd,2023-12-12T16:42:31.465000,received,kaspa:qypswxtcrv4ssyjaswy5w9387vq73mkuyq85tl34cee6qn5uexqy0csgnafnjx7,171000000,
29b5e7146b61fbe0cd63310168cf2f32a445982459be230d77df5842e9fb5fe1,2023-11-29T04:30:12.888000,sent,kaspa:qyppe2futh7msft3auzhcruustggran049vt5peu9uwmu63q88stahqxexcz3nh,18000000,
771e105461b59b32512e92a4175c7650abea943337dfecc4105cf070a3840e5d,2023-11-28T10:01:00.791000,received,kaspa:qqrkkapvkd95uf2lz3hmffx33xjj0s582qq2ljdcnp9tf0fa5w44wsgxf8peg,20000000,
