tx_id,timestamp,direction,peer_address,amount_sompi,cex_label
e034f17997f1f0885a51ea9132fcecb8190b07368dd4cab054f7eebd51710699,2023-12-16T03:38:01.616000,sent,kaspa:qzslgwenzu78t6tldlng383g7ruu4enaljmnkgaulyrscjp7ldt26x8gfxck5,171940000,
e034f17997f1f0885a51ea9132fcecb8190b07368dd4cab054f7eebd51710699,2023-12-16T03:38:01.616000,sent,kaspa:qzslgwenzu78t6tldlng383g7ruu4enaljmnkgaulyrscjp7ldt26x8gfxck5,171940000,
f9edd2bef50cdb9f109ae78545ba1a377c07a3c9368e84914ab22ac653bffc20,2023-12-12T00:46:51.110000,received,kaspa:qypswxtcrv4ssyjaswy5w9387vq73mkuyq85tl34cee6qn5uexqy0csgnafnjx7,171000000,
2563f4471bce3d69994d9115fdaae4b10de7a5a5ecb4a6c1f0b72e5eff0d65ee,2023-11-27T14:58:28.960000,sent,kaspa:qypnv2500q30xc4htnnhdpdsd6lscu7l7jrnktkgk9zqjjg663h63acu82jy4py,18000000,
e649fb013f632ddbdcf559b6ea997317e4e6a66e82b5a9e59408d70e895609fe,2023-11-27T13:01:00.538000,received,kaspa:qr4l6ccrnequlsgxdtfmc748wfv0dlcywwh86sweqrn68kve6kptwajp8fk3g,19000000,
