tx_id,timestamp,direction,peer_address,amount_sompi,cex_label
58be4b6a8d45e169e62b8f2e14bedc1f381201d6f76987c1a90ddffc2e6abbd4,2023-12-27T09:47:08.171000,sent,kaspa:qyply3grnv0xg5e9p5pc8dljqr3r0kh8samxzxty30trk7wy5gnndycvrhf5jjc,172970000,
58be4b6a8d45e169e62b8f2e14bedc1f381201d6f76987c1a90ddffc2e6abbd4,2023-12-27T09:47:08.171000,sent,kaspa:qyply3grnv0xg5e9p5pc8dljqr3r0kh8samxzxty30trk7wy5gnndycvrhf5jjc,172970000,
6fdfed03b53ee1ced0ec9bc82ac891961fa2e4158c9784223531e5c7cb3bb4f4,2023-12-12T09:07:31.423000,received,kaspa:qypswxtcrv4ssyjaswy5w9387vq73mkuyq85tl34cee6qn5uexqy0csgnafnjx7,171000000,
df15d6dfa5356e5237731a4f91da37123326b8fefa0cb4027a523dcc409942c9,2023-11-28T12:26:03.026000,sent,kaspa:qypj0sknv7g76f84j5nlpc9c7d5847v66zsn9k2as9w5sux5anpvy2gtqxtlexz,18000000,
342f5c6078a54b8d1d5979c1f82f76f408c63ca56b66af6b564247c209a610df,2023-11-28T12:07:34.596000,received,kaspa:qq9jzkqdaawuza54rx7u9gf9gq9gdsamyawryv6r2qrvnjv62xdmgy6kexyr7,20000000,
342f5c6078a54b8d1d5979c1f82f76f408c63ca56b66af6b564247c209a610df,2023-11-28T12:07:34.596000,received,kaspa:qpd377e7zd2ha3ama8cyu8y8phejqnhz9fy4w78a0lvuasknmvdejmsv0xu6r,20000000,
342f5c6078a54b8d1d5979c1f82f76f408c63ca56b66af6b564247c209a610df,2023-11-28T12:07:34.596000,received,kaspa:qzx7dx8tk35zqjpul4y8qvul8eqrtdp7lmwshfnecvkt2zt22npn6zxchzrgc,20000000,
342f5c6078a54b8d1d5979c1f82f76f408c63ca56b66af6b564247c209a610df,2023-11-28T12:07:34.596000,received,kaspa:qqmkm573lkhl56d4674ew4lu3k33dt56af2h4n3x6dpnn6kurx9fy6d3hx7y7,20000000,
342f5c6078a54b8d1d5979c1f82f76f408c63ca56b66af6b564247c209a610df,2023-11-28T12:07:34.596000,received,kaspa:qz9fzs98ldn7f9p2pz572cqkcpdzulwz6uy6qglsnpcgfz52fngfxpt9v9yuh,20000000,
342f5c6078a54b8d1d5979c1f82f76f408c63ca56b66af6b564247c209a610df,2023-11-28T12:07:34.596000,received,kaspa:qpdzcw2dfpujd7rhjw0x0h9m0xwfa3ddfhm5g8q8ug02u084hm4yvayd0g9e8,20000000,
