tx_id,timestamp,direction,peer_address,amount_sompi,cex_label
fde271b7f725e77e795f0fc7268c404dde32f98c5efbcb0344e9435f7ffe3e83,2024-11-23T04:30:19.196000,sent,kaspa:qqnqv3rvnctfyrjteurqm0gmqfu7yjg3949yxpyxxfa4rgm9nt2zxauwq8xvs,165000000000,
fde271b7f725e77e795f0fc7268c404dde32f98c5efbcb0344e9435f7ffe3e83,2024-11-23T04:30:19.196000,sent,kaspa:qp4u4vv929q3nd0serl4kdj4py7n6f9tqwa0q69g6jtsy6fl2jfljmxhhe9tx,7662568407,
f7d9468e2dbf8e56caaf9e8e9b9d426b45370ef4d558525d29708db3104968fd,2024-11-21T14:49:04.363000,received,kaspa:qp5hnluz804w53prsnv3ztg8j7wsvh29278gek2lt0w4n73dzvamg69lvusxx,8222152042,
f7d9468e2dbf8e56caaf9e8e9b9d426b45370ef4d558525d29708db3104968fd,2024-11-21T14:49:04.363000,received,kaspa:qqmdrrlznz7cgax9jvefm4g4fwtsnnz8r96574qduyjakmyd5rtgc3a4rx0qr,8222152042,
