tx_id,timestamp,direction,peer_address,amount_sompi,cex_label
1d3099cfcf228f00247ff06af2dcc24e574bac84fd848d3e6ad1d47f80a6927c,2023-12-16T04:53:52.181000,sent,kaspa:qzslgwenzu78t6tldlng383g7ruu4enaljmnkgaulyrscjp7ldt26x8gfxck5,171940000,
1d3099cfcf228f00247ff06af2dcc24e574bac84fd848d3e6ad1d47f80a6927c,2023-12-16T04:53:52.181000,sent,kaspa:qzslgwenzu78t6tldlng383g7ruu4enaljmnkgaulyrscjp7ldt26x8gfxck5,171940000,
37eac764ccb26c26924a7f8dd9bee68c9771aa5346089c8339365973e367578b,2023-12-12T20:12:57.612000,received,kaspa:qypswxtcrv4ssyjaswy5w9387vq73mkuyq85tl34cee6qn5uexqy0csgnafnjx7,171000000,
d4162569fb9c8421061143bef1765ef3e40a7d618f47d6eb76b9002788598034,2023-11-29T10:33:02.714000,sent,kaspa:qyp3q9zlm400rzuhaq0ycl4x063a0ahnagsvhgrxma60pcqlensmjjqz8kesjlq,18000000,
415d0154d34bbe17248796f01826c5eb8866c0279afaa2dacf5a07df206d9d0c,2023-11-29T08:53:39.699000,received,kaspa:qzgd6ztyczzv7rxjwyxt9amzufaazt8tj7z8uyy6kw5hcsx89h8pwdrly4z0u,19000000,
