tx_id,timestamp,direction,peer_address,amount_sompi,cex_label
99494c76ada0d4c5ca42104b20c510381adc95c6918ca04992f77c7a0cc59b2a,2023-12-16T04:38:05.738000,sent,kaspa:qzslgwenzu78t6tldlng383g7ruu4enaljmnkgaulyrscjp7ldt26x8gfxck5,171940000,
99494c76ada0d4c5ca42104b20c510381adc95c6918ca04992f77c7a0cc59b2a,2023-12-16T04:38:05.738000,sent,kaspa:qzslgwenzu78t6tldlng383g7ruu4enaljmnkgaulyrscjp7ldt26x8gfxck5,171940000,
9e79a3b112381e3d6350add08b78562fd6cc1905e5a826098a4a98e4ae45714e,2023-12-12T21:38:33.602000,received,kaspa:qypswxtcrv4ssyjaswy5w9387vq73mkuyq85tl34cee6qn5uexqy0csgnafnjx7,171000000,
9ba8bdf59c32e514f28654655136c24c11553f373eabcaa540ffd4517c893eea,2023-11-29T13:08:57.008000,sent,kaspa:qyp3a4gjcvd0clmm23ldxdc8ryxtkp337jllpnm6egggwpnk7qmttyqgdrwxgx6,18000000,
70584b7f7db42cdfe505b5bf39b9b5de1f446bf9686c0c97d287c9bc806f054d,2023-11-29T09:54:20.770000,received,kaspa:qpst6xz7793hkwsh0aa30sdt73cmpd5h4eqahmwa0w6872d0knwf5dd3cj9qe,19000000,
