tx_id,timestamp,direction,peer_address,amount_sompi,cex_label
92ed5f2aa1b832a05914c95b27ee7def321b8497f1c05fcdd34f5f938c4b6f29,2023-12-16T05:18:25.728000,sent,kaspa:qzslgwenzu78t6tldlng383g7ruu4enaljmnkgaulyrscjp7ldt26x8gfxck5,171940000,
92ed5f2aa1b832a05914c95b27ee7def321b8497f1c05fcdd34f5f938c4b6f29,2023-12-16T05:18:25.728000,sent,kaspa:qzslgwenzu78t6tldlng383g7ruu4enaljmnkgaulyrscjp7ldt26x8gfxck5,171940000,
2f132dd4cfa403e7d6861462875277c31f5708e34b5ea78f01b3eec8abc89685,2023-12-13T05:37:20.095000,received,kaspa:qypswxtcrv4ssyjaswy5w9387vq73mkuyq85tl34cee6qn5uexqy0csgnafnjx7,171000000,
8bf67ff1c982ffd335e955b482ba792bacbfa5f1f7ac1f4a11f9af853743bbc0,2023-11-29T21:35:27.509000,sent,kaspa:qyp9vrumm3dw4dr2c6qeh7awxpc59w2523aausxzzevafmz5udkjdjgj0p490jf,18000000,
2c1e3887a8116fdfcb0300e321b461b89dd0599ba62e16fa6caa01e635254b9d,2023-11-29T06:06:26.382000,received,kaspa:qpzwgfxxerkaexvudhula82mzdutl5kqg80ehnhlzfh56n9gwfqgwgyn0m3fd,19000000,
