tx_id,timestamp,direction,peer_address,amount_sompi,cex_label
b74ab3fcec8d27a1bed4c21cb7cee0a79f0aee3c34cda231d74d7db858c9b0a4,2025-02-21T23:11:08.639000,received,kaspa:qpzpfwcsqsxhxwup26r55fd0ghqlhyugz8cp6y3wxuddc02vcxtjg75pspnwz,17651479000000,MEXC
b74ab3fcec8d27a1bed4c21cb7cee0a79f0aee3c34cda231d74d7db858c9b0a4,2025-02-21T23:11:08.639000,received,kaspa:qpzpfwcsqsxhxwup26r55fd0ghqlhyugz8cp6y3wxuddc02vcxtjg75pspnwz,17651479000000,MEXC
b74ab3fcec8d27a1bed4c21cb7cee0a79f0aee3c34cda231d74d7db858c9b0a4,2025-02-21T23:11:08.639000,received,kaspa:qpzpfwcsqsxhxwup26r55fd0ghqlhyugz8cp6y3wxuddc02vcxtjg75pspnwz,17651479000000,MEXC
b74ab3fcec8d27a1bed4c21cb7cee0a79f0aee3c34cda231d74d7db858c9b0a4,2025-02-21T23:11:08.639000,received,kaspa:qpzpfwcsqsxhxwup26r55fd0ghqlhyugz8cp6y3wxuddc02vcxtjg75pspnwz,17651479000000,MEXC
b74ab3fcec8d27a1bed4c21cb7cee0a79f0aee3c34cda231d74d7db858c9b0a4,2025-02-21T23:11:08.639000,received,kaspa:qpzpfwcsqsxhxwup26r55fd0ghqlhyugz8cp6y3wxuddc02vcxtjg75pspnwz,17651479000000,MEXC
b74ab3fcec8d27a1bed4c21cb7cee0a79f0aee3c34cda231d74d7db858c9b0a4,2025-02-21T23:11:08.639000,received,kaspa:qpzpfwcsqsxhxwup26r55fd0ghqlhyugz8cp6y3wxuddc02vcxtjg75pspnwz,17651479000000,MEXC
b74ab3fcec8d27a1bed4c21cb7cee0a79f0aee3c34cda231d74d7db858c9b0a4,2025-02-21T23:11:08.639000,received,kaspa:qpzpfwcsqsxhxwup26r55fd0ghqlhyugz8cp6y3wxuddc02vcxtjg75pspnwz,17651479000000,MEXC
b74ab3fcec8d27a1bed4c21cb7cee0a79f0aee3c34cda231d74d7db858c9b0a4,2025-02-21T23:11:08.639000,received,kaspa:qpzpfwcsqsxhxwup26r55fd0ghqlhyugz8cp6y3wxuddc02vcxtjg75pspnwz,17651479000000,MEXC
b74ab3fcec8d27a1bed4c21cb7cee0a79f0aee3c34cda231d74d7db858c9b0a4,2025-02-21T23:11:08.639000,received,kaspa:qpzpfwcsqsxhxwup26r55fd0ghqlhyugz8cp6y3wxuddc02vcxtjg75pspnwz,17651479000000,MEXC
c5ff2cc04db84392881a4f896cd7c36661ee0b136e3be77e66ff34b2b6a8eafa,2025-02-21T23:09:06.543000,received,kaspa:qqetp7ct8kqss99fxmymyz5t3fezppxp0t58wl6pawp27elqd46uudme00cl0,2170000000,
c5ff2cc04db84392881a4f896cd7c36661ee0b136e3be77e66ff34b2b6a8eafa,2025-02-21T23:09:06.543000,received,kaspa:qpzpfwcsqsxhxwup26r55fd0ghqlhyugz8cp6y3wxuddc02vcxtjg75pspnwz,2170000000,MEXC
b876062db886f7749214e3aa2d0df3249db99879813ac1fa4f177d5a01ae2cd6,2025-01-19T22:09:44.840000,sent,kaspa:qqwelxa7djrhk399nk7gwdggy52yctplny2xwk04sutnpv2eamvxck0g4xd6l,169999998365,
05ef3d2b77f26f0bda4d9e114b8fc77bafb789c41b704705dc758251b77d6b86,2025-01-19T22:04:42.313000,received,kaspa:qr6w7a44kap33en0fpldthjn3077klat5xwlruccphzn9m9k4kh2j8gqr2vsx,170000000000,
4664e340ed635d70593924f25d3c6d1e63212a13065894797306306cbe938936,2025-01-08T00:54:24.901000,sent,kaspa:qqtzwdy36qkee9m2u9l5j7t8ctjegh94jpzdexqjpt8mww4c7gjmcarkpxe5h,690780998365,
1ba66058c29c3eaf4cf685c8ae7f09244e03ce27da7f8f401f06a8bfc6834b89,2025-01-08T00:16:39.194000,received,kaspa:qzfgfkfvsf7v7j6al50q9mr2f2n6ahtrstem5aed2vnsyphzga4kvfysx3t3f,690781000000,
1ba66058c29c3eaf4cf685c8ae7f09244e03ce27da7f8f401f06a8bfc6834b89,2025-01-08T00:16:39.194000,received,kaspa:qzfgfkfvsf7v7j6al50q9mr2f2n6ahtrstem5aed2vnsyphzga4kvfysx3t3f,690781000000,
1ba66058c29c3eaf4cf685c8ae7f09244e03ce27da7f8f401f06a8bfc6834b89,2025-01-08T00:16:39.194000,received,kaspa:qzfgfkfvsf7v7j6al50q9mr2f2n6ahtrstem5aed2vnsyphzga4kvfysx3t3f,690781000000,
1ba66058c29c3eaf4cf685c8ae7f09244e03ce27da7f8f401f06a8bfc6834b89,2025-01-08T00:16:39.194000,received,kaspa:qzfgfkfvsf7v7j6al50q9mr2f2n6ahtrstem5aed2vnsyphzga4kvfysx3t3f,690781000000,
1ba66058c29c3eaf4cf685c8ae7f09244e03ce27da7f8f401f06a8bfc6834b89,2025-01-08T00:16:39.194000,received,kaspa:qzfgfkfvsf7v7j6al50q9mr2f2n6ahtrstem5aed2vnsyphzga4kvfysx3t3f,690781000000,
1ba66058c29c3eaf4cf685c8ae7f09244e03ce27da7f8f401f06a8bfc6834b89,2025-01-08T00:16:39.194000,received,kaspa:qzfgfkfvsf7v7j6al50q9mr2f2n6ahtrstem5aed2vnsyphzga4kvfysx3t3f,690781000000,
29d77fbdc1310481b20bde3387f146bf63e6e8a128f5897b9a676c6ca76f19a0,2025-01-07T00:19:10.130000,sent,kaspa:qr98m6w95f4vamxyfaxjfmkfssm6ut3ts88qkhnxykwwt0al2sptsl7qj64zp,500999998365,
475e21b9b67817ede2b57807de438dc7f550521eb2f812ed310dd709494a600e,2025-01-07T00:14:41.386000,received,kaspa:qr6w7a44kap33en0fpldthjn3077klat5xwlruccphzn9m9k4kh2j8gqr2vsx,501000000000,
52de3a719b7d3eef6212f3b87716998d38a75d76bcabf36a907629f94f965e8a,2024-11-09T22:17:21.240000,sent,kaspa:qqh3s4tkncc39fy5xtkky57pc4a8ttew799js0s7sa05tlvaylecjevc0q6rk,5000099988881,
52de3a719b7d3eef6212f3b87716998d38a75d76bcabf36a907629f94f965e8a,2024-11-09T22:17:21.240000,sent,kaspa:qqh3s4tkncc39fy5xtkky57pc4a8ttew799js0s7sa05tlvaylecjevc0q6rk,5000099988881,
7e1cafb5a5b238e71a8dc507fbf5194c69fa7757f94aa54f2006eefcc3338893,2024-11-08T10:43:39.844000,received,kaspa:qzthv53klvu2jkff2nz95rhh92unf0zx8eqnfk8k4z29eg4gkpcq2tlh66wrr,320000000000,
85996954be34fcd426bbdcab073fe99cf7ffacf00793f61c844a0f77496ed697,2024-11-08T04:11:07.667000,sent,kaspa:qr6w7a44kap33en0fpldthjn3077klat5xwlruccphzn9m9k4kh2j8gqr2vsx,320000000000,
abc6498b741fa13ccad3672b425ba557c8fd8df7730123521eba7f59cc4505fe,2024-11-05T21:31:06.127000,sent,kaspa:qzthv53klvu2jkff2nz95rhh92unf0zx8eqnfk8k4z29eg4gkpcq2tlh66wrr,500000000000,
f7297413759ff980854293678374b70fd65cc20322307490e10e025b2328c72d,2024-11-04T13:48:07.335000,sent,kaspa:qr6w7a44kap33en0fpldthjn3077klat5xwlruccphzn9m9k4kh2j8gqr2vsx,300000000000,
f7297413759ff980854293678374b70fd65cc20322307490e10e025b2328c72d,2024-11-04T13:48:07.335000,sent,kaspa:qr6w7a44kap33en0fpldthjn3077klat5xwlruccphzn9m9k4kh2j8gqr2vsx,300000000000,
f7297413759ff980854293678374b70fd65cc20322307490e10e025b2328c72d,2024-11-04T13:48:07.335000,sent,kaspa:qr6w7a44kap33en0fpldthjn3077klat5xwlruccphzn9m9k4kh2j8gqr2vsx,300000000000,
5508d1ca93a9083c8980f5766206bea67ed8c50b95dd4a1cfbbd959ab24c464c,2024-11-02T15:19:14.567000,received,kaspa:qr6w7a44kap33en0fpldthjn3077klat5xwlruccphzn9m9k4kh2j8gqr2vsx,200000000000,
5508d1ca93a9083c8980f5766206bea67ed8c50b95dd4a1cfbbd959ab24c464c,2024-11-02T15:19:14.567000,received,kaspa:qr6w7a44kap33en0fpldthjn3077klat5xwlruccphzn9m9k4kh2j8gqr2vsx,200000000000,
19f60f5b56fb776c2619794ba5fe2bf0c6730c6cf79c6f29305904ea17fc1517,2024-11-02T00:32:48.526000,received,kaspa:qr6w7a44kap33en0fpldthjn3077klat5xwlruccphzn9m9k4kh2j8gqr2vsx,4800000000000,
19f60f5b56fb776c2619794ba5fe2bf0c6730c6cf79c6f29305904ea17fc1517,2024-11-02T00:32:48.526000,received,kaspa:qr6w7a44kap33en0fpldthjn3077klat5xwlruccphzn9m9k4kh2j8gqr2vsx,4800000000000,
1950a131be0da84a4d5d39627f29b809be258eb7d58a74412a7f90e084a444dc,2024-10-31T00:41:49.687000,received,kaspa:qpvdfd9f5nhwqtxq2xnx6v2aq2j20melygcmzzl69l0hg4f3daltqq28mkagz,800100000000,
1fbd1946cfa6e4c0db9436abefa0b4f4763c975b25d1f9fc2b1f6d504f7e4ee8,2024-10-31T00:31:10.139000,sent,kaspa:qrvj0v7d8smsd6nftnj2fpht0t6w02jcsdqwlgfulznmf450rf225syzdmfc9,22495472617,
277fa955de0d3492c93c548c1a453a90264ebe1f329d748be79b0c3d4d5bc0f6,2024-10-30T22:49:43.686000,received,kaspa:qpf4gjshrv5xgd7s0l7uehvcczcgx3u5juw77pt4q95h0ax0k62hvsvme480f,22495474241,
7bf3687bd301be08b12296b1a757cc15eb99547ce82ab19cc4f8c64f1f7d22e0,2024-10-04T18:13:01.995000,sent,kaspa:qr6w7a44kap33en0fpldthjn3077klat5xwlruccphzn9m9k4kh2j8gqr2vsx,2652422079247,
64aae4df31427e4c986dd15733532b5bfd742e1a28c11686752fd759cd04ed16,2024-10-04T17:30:57.832000,received,kaspa:qru6qv0wyf7sl7qtwqkx7c03yhs244c2nwavxaszhrm8rmk5dtlvwztc5arzk,2652422080871,
64aae4df31427e4c986dd15733532b5bfd742e1a28c11686752fd759cd04ed16,2024-10-04T17:30:57.832000,received,kaspa:qru6qv0wyf7sl7qtwqkx7c03yhs244c2nwavxaszhrm8rmk5dtlvwztc5arzk,2652422080871,
64aae4df31427e4c986dd15733532b5bfd742e1a28c11686752fd759cd04ed16,2024-10-04T17:30:57.832000,received,kaspa:qru6qv0wyf7sl7qtwqkx7c03yhs244c2nwavxaszhrm8rmk5dtlvwztc5arzk,2652422080871,
64aae4df31427e4c986dd15733532b5bfd742e1a28c11686752fd759cd04ed16,2024-10-04T17:30:57.832000,received,kaspa:qru6qv0wyf7sl7qtwqkx7c03yhs244c2nwavxaszhrm8rmk5dtlvwztc5arzk,2652422080871,
64aae4df31427e4c986dd15733532b5bfd742e1a28c11686752fd759cd04ed16,2024-10-04T17:30:57.832000,received,kaspa:qru6qv0wyf7sl7qtwqkx7c03yhs244c2nwavxaszhrm8rmk5dtlvwztc5arzk,2652422080871,
2f37466e952d938dab169f82703b04766d07b4fbfd3a2f729ca853a76030c413,2024-08-27T08:44:35.824000,sent,kaspa:qqh3s4tkncc39fy5xtkky57pc4a8ttew799js0s7sa05tlvaylecjevc0q6rk,5000230229381,
b35cac7bd99dc69bb0c4393f493bed40575af451a67e0e25f5b8096fc995a595,2024-08-25T16:39:48.835000,sent,kaspa:qqh3s4tkncc39fy5xtkky57pc4a8ttew799js0s7sa05tlvaylecjevc0q6rk,4000000000000,
89dbc6e6066faf125240f11fd296b96fba48507c49996ce55b6964bea0a77283,2024-08-23T23:17:41.897000,sent,kaspa:qpvdfd9f5nhwqtxq2xnx6v2aq2j20melygcmzzl69l0hg4f3daltqq28mkagz,1000001000000,
d2e86ddaa0dfdb94482de89502f19d0e44a6a1bce43066d1ee71bb1716d215c8,2024-08-07T21:40:20.087000,sent,kaspa:qqh3s4tkncc39fy5xtkky57pc4a8ttew799js0s7sa05tlvaylecjevc0q6rk,5000000000000,
7db3ccc4acb35e837bde0b3b560ea0e56a9004114fcb59a706e0f7bbca7b4f4a,2024-08-05T10:36:11.334000,sent,kaspa:qqh3s4tkncc39fy5xtkky57pc4a8ttew799js0s7sa05tlvaylecjevc0q6rk,5000000000000,
103c5cc65538c6a715e37d0a4873ccd37286930847178ecc3eb59e5a9c2693d4,2024-08-05T09:01:27.426000,sent,kaspa:qqh3s4tkncc39fy5xtkky57pc4a8ttew799js0s7sa05tlvaylecjevc0q6rk,5000000000000,
84632c61f0fd0447e936919ec5937b085aecb4a0757e7e3e8a7b6776fbb6f599,2024-08-05T04:59:20.182000,sent,kaspa:qqh3s4tkncc39fy5xtkky57pc4a8ttew799js0s7sa05tlvaylecjevc0q6rk,3000000000000,
0f87be5884e4c59f26a8bc0642ba628b11f709b7acaf014bc64a6c45a1ba3bdf,2024-08-05T04:30:38.883000,sent,kaspa:qqh3s4tkncc39fy5xtkky57pc4a8ttew799js0s7sa05tlvaylecjevc0q6rk,2000000000000,
0f87be5884e4c59f26a8bc0642ba628b11f709b7acaf014bc64a6c45a1ba3bdf,2024-08-05T04:30:38.883000,sent,kaspa:qqh3s4tkncc39fy5xtkky57pc4a8ttew799js0s7sa05tlvaylecjevc0q6rk,2000000000000,
f2650018a263afbc62485cc37e76dbb0742699f408c0712d0bd8cc2b872426ce,2024-03-12T23:43:48.608000,received,kaspa:qzv6rcqjl7jwf0r7q2tee7eftst3vva060257t4epeejcj42uu7rc3kgkself,172970000,
f2650018a263afbc62485cc37e76dbb0742699f408c0712d0bd8cc2b872426ce,2024-03-12T23:43:48.608000,received,kaspa:qzv6rcqjl7jwf0r7q2tee7eftst3vva060257t4epeejcj42uu7rc3kgkself,172970000,
997f0eab5358b5477f3cb1d60abaad8ffb06ae22e15a01538befb259596c2e56,2024-02-26T14:40:12.714000,sent,kaspa:qqh3s4tkncc39fy5xtkky57pc4a8ttew799js0s7sa05tlvaylecjevc0q6rk,5133300000000,
4e102ecfcf5a021885b419d6bf8076f8a0ed1db7f5168b2ad0a84ebb68490a7b,2024-02-26T14:13:55.979000,sent,kaspa:qqh3s4tkncc39fy5xtkky57pc4a8ttew799js0s7sa05tlvaylecjevc0q6rk,100000000,
4e102ecfcf5a021885b419d6bf8076f8a0ed1db7f5168b2ad0a84ebb68490a7b,2024-02-26T14:13:55.979000,sent,kaspa:qqh3s4tkncc39fy5xtkky57pc4a8ttew799js0s7sa05tlvaylecjevc0q6rk,100000000,
4e102ecfcf5a021885b419d6bf8076f8a0ed1db7f5168b2ad0a84ebb68490a7b,2024-02-26T14:13:55.979000,sent,kaspa:qqh3s4tkncc39fy5xtkky57pc4a8ttew799js0s7sa05tlvaylecjevc0q6rk,100000000,
f8f1883749babce3345b82b34b21d97fd9bc983c6af49e637293a10333bc86c7,2024-02-09T21:58:12.287000,received,kaspa:qpx3km8kvqpdglpm47fxrvptt9dj634jl6e92vqngnchdjghffxxj60wurk2s,242153032828,
f8f1883749babce3345b82b34b21d97fd9bc983c6af49e637293a10333bc86c7,2024-02-09T21:58:12.287000,received,kaspa:qpx3km8kvqpdglpm47fxrvptt9dj634jl6e92vqngnchdjghffxxj60wurk2s,242153032828,
f11466f0792d2a17a887d11878f0533fd9f5a035c8ea3ebbddf80075e1ffcb3b,2024-02-09T21:49:12.177000,received,kaspa:qpx3km8kvqpdglpm47fxrvptt9dj634jl6e92vqngnchdjghffxxj60wurk2s,34891205356553,
bb819503edbbd55e332de1baa42431feb731aadf5db7e54d96a2d72801eabb9c,2024-02-09T21:41:59.543000,received,kaspa:qpx3km8kvqpdglpm47fxrvptt9dj634jl6e92vqngnchdjghffxxj60wurk2s,100000000,
bb819503edbbd55e332de1baa42431feb731aadf5db7e54d96a2d72801eabb9c,2024-02-09T21:41:59.543000,received,kaspa:qpx3km8kvqpdglpm47fxrvptt9dj634jl6e92vqngnchdjghffxxj60wurk2s,100000000,
bb819503edbbd55e332de1baa42431feb731aadf5db7e54d96a2d72801eabb9c,2024-02-09T21:41:59.543000,received,kaspa:qpx3km8kvqpdglpm47fxrvptt9dj634jl6e92vqngnchdjghffxxj60wurk2s,100000000,
bb819503edbbd55e332de1baa42431feb731aadf5db7e54d96a2d72801eabb9c,2024-02-09T21:41:59.543000,received,kaspa:qpx3km8kvqpdglpm47fxrvptt9dj634jl6e92vqngnchdjghffxxj60wurk2s,100000000,
