tx_id,timestamp,direction,peer_address,amount_sompi,cex_label
4c7000e038f7a47a9d93fdc8ee03e79d088ef4ab1eed22f60d87fd36dbb55972,2023-12-16T04:54:02.315000,sent,kaspa:qzslgwenzu78t6tldlng383g7ruu4enaljmnkgaulyrscjp7ldt26x8gfxck5,171940000,
4c7000e038f7a47a9d93fdc8ee03e79d088ef4ab1eed22f60d87fd36dbb55972,2023-12-16T04:54:02.315000,sent,kaspa:qzslgwenzu78t6tldlng383g7ruu4enaljmnkgaulyrscjp7ldt26x8gfxck5,171940000,
ed21bebc13e6a0c3591b0a50b80dcad37d87bc889097c3b915571a1a1c151ad0,2023-12-13T01:42:33.436000,received,kaspa:qypswxtcrv4ssyjaswy5w9387vq73mkuyq85tl34cee6qn5uexqy0csgnafnjx7,171000000,
910e299fa27c816608665804e311b07337ff0ebc0113022ef478d8e2feef4027,2023-11-29T17:18:09.243000,sent,kaspa:qypgy4jnps0w6m5x0385nfqsvwenjg4j8zhur6epm9k28np8je6zgfs7ddydvzg,18000000,
fb83e68685f15f807b488c2d0a758196f3d077d2510a401fe0da3b4101a3be3a,2023-11-29T04:05:45.065000,received,kaspa:qqshwyxdqnef5w786j5s9uutek3an7ns3rt5hwfza7frfrxp6yx5w34ld2707,19000000,
