tx_id,timestamp,direction,peer_address,amount_sompi,cex_label
44d84883f534476da785d57f7ca4aca7b7ebd9d5430c9a84b61ce723a5795137,2023-12-16T03:16:08.467000,sent,kaspa:qzslgwenzu78t6tldlng383g7ruu4enaljmnkgaulyrscjp7ldt26x8gfxck5,171940000,
44d84883f534476da785d57f7ca4aca7b7ebd9d5430c9a84b61ce723a5795137,2023-12-16T03:16:08.467000,sent,kaspa:qzslgwenzu78t6tldlng383g7ruu4enaljmnkgaulyrscjp7ldt26x8gfxck5,171940000,
07543b7fa4aeb76ec24ced6e6254bbfe3f2f1824e85e62353bdce8b46c6aabd4,2023-12-12T00:22:49.533000,received,kaspa:qypswxtcrv4ssyjaswy5w9387vq73mkuyq85tl34cee6qn5uexqy0csgnafnjx7,171000000,
59dd999aeb8571a3c35b2aac58eaa3e748f6ac4c7e26ad29157f0dd869292456,2023-11-27T14:27:10.456000,sent,kaspa:qyp9vt4f5ksrnyw2uvzvvdyu6guldr3mkfyy3mhfc5sn6apfxw7j27cucunng0w,18000000,
a723260f119280a62d9248d4fe4b563f22023c7b630b1fad113ae67c80ad29cb,2023-11-27T09:33:40.645000,received,kaspa:qqjyq6k04n3x02w9rj97mqqj558shn4gyfkclm3ks928uypf45er5tfhm646q,19000000,
