tx_id,timestamp,direction,peer_address,amount_sompi,cex_label
83403d9f5b522a5a89f52f054a1bfdb5dc3e919d4aadf01b9c09bb6cf2aa0450,2024-11-18T11:53:49.931000,sent,kaspa:qqnqv3rvnctfyrjteurqm0gmqfu7yjg3949yxpyxxfa4rgm9nt2zxauwq8xvs,600000000000,
83403d9f5b522a5a89f52f054a1bfdb5dc3e919d4aadf01b9c09bb6cf2aa0450,2024-11-18T11:53:49.931000,sent,kaspa:qrlne3erkjry7anwrgltrnq3f9lcea9wsqku20y2g3dmcra8ghxawkzvxw4ck,6431805363,
29fe55abc99dd714dbb8f4226841b800100dfa84a1dd721c4244445752d410ef,2024-11-18T11:33:17.109000,received,kaspa:qp23mxlyyy3ys39ew2j0q5ttn5sw90dg5kdqft7jmsxdv00mzl2kjdjcm5wj3,7667268032,
29fe55abc99dd714dbb8f4226841b800100dfa84a1dd721c4244445752d410ef,2024-11-18T11:33:17.109000,received,kaspa:qpka638kkgcp4azwmynrxsetvgatz89f84gl2gq6px8d6uu9ldwu2538v4xg3,7667268032,
29fe55abc99dd714dbb8f4226841b800100dfa84a1dd721c4244445752d410ef,2024-11-18T11:33:17.109000,received,kaspa:qrgggjw6jan2rgae6at34n3zsjqvhaq3g7ls0vwqnjl5aqvmaru3qxw8wjywe,7667268032,
29fe55abc99dd714dbb8f4226841b800100dfa84a1dd721c4244445752d410ef,2024-11-18T11:33:17.109000,received,kaspa:qp5wsazw408e3hjqjtkt5suxjya2khz4gd0a3qdm5uau4hcawh3aq0y6l4687,7667268032,
