tx_id,timestamp,direction,peer_address,amount_sompi,cex_label
06a4b00b29ec54eb4c615a8e20271c8bcdb47af983998af454588aea10d804a1,2023-12-13T01:08:03.072000,sent,kaspa:qqucay7eet20htwzjznry63eajufgv76h3qh00zq022g7t5rl3n57s4mytcgz,170990000,
012010dd12da7edb636593c3d859d9716b7f7f3a693674450fa30348e41ff96b,2023-12-12T18:14:37.993000,received,kaspa:qypswxtcrv4ssyjaswy5w9387vq73mkuyq85tl34cee6qn5uexqy0csgnafnjx7,171000000,
c3c752a830a557b7e1f1ca30502050c8dbbd9ee09baa3522d08cd75c4f3903c1,2023-11-29T07:17:51.602000,sent,kaspa:qp4mm54csnzh0warryt2fhwrntmm0n85l2vmqm5zc5xeyqctalkdw8yx3yxrr,711680000,
669c32c03da6259e8f2cb63c0ec1dcf78f056fdda010a43da1f5299e3a05c42b,2023-11-29T07:13:26.246000,sent,kaspa:qyp5aac7v8cxk9yescl44vv705m050nhl84uaazzh8nneerc6ll3nngpp33snc5,18000000,
44e6516befc7a06b005e4f3f6ecb10b2d3c2de6c38db091831a85da82a2a3687,2023-11-29T07:02:37.955000,received,kaspa:qqqene6rf8pjhtjuqkudg4vafndcux0xnk8rp0xc6fwrqaj48thxx6hnql3pr,729700000,
