tx_id,timestamp,direction,peer_address,amount_sompi,cex_label
95eb432f32b9c605d320c0460dba8cc1fd28ca4572aa98f674f071d8d78d62f2,2024-06-27T23:38:07.857000,received,kaspa:qq9zagcza4jt76eev9jl5z0nqhe0thcu7js8larktj4sle7lvgnw7sfcewlty,54640327572,
95eb432f32b9c605d320c0460dba8cc1fd28ca4572aa98f674f071d8d78d62f2,2024-06-27T23:38:07.857000,received,kaspa:qq9zagcza4jt76eev9jl5z0nqhe0thcu7js8larktj4sle7lvgnw7sfcewlty,54640327572,
7871fbdf8da047cff8912d93f1eb0088e717c0c58214dcc7325c2250f21c4e97,2024-06-15T20:45:48.526000,received,kaspa:qq9zagcza4jt76eev9jl5z0nqhe0thcu7js8larktj4sle7lvgnw7sfcewlty,15380096494,
7871fbdf8da047cff8912d93f1eb0088e717c0c58214dcc7325c2250f21c4e97,2024-06-15T20:45:48.526000,received,kaspa:qq9zagcza4jt76eev9jl5z0nqhe0thcu7js8larktj4sle7lvgnw7sfcewlty,15380096494,
7871fbdf8da047cff8912d93f1eb0088e717c0c58214dcc7325c2250f21c4e97,2024-06-15T20:45:48.526000,received,kaspa:qq9zagcza4jt76eev9jl5z0nqhe0thcu7js8larktj4sle7lvgnw7sfcewlty,15380096494,
7871fbdf8da047cff8912d93f1eb0088e717c0c58214dcc7325c2250f21c4e97,2024-06-15T20:45:48.526000,received,kaspa:qq9zagcza4jt76eev9jl5z0nqhe0thcu7js8larktj4sle7lvgnw7sfcewlty,15380096494,
7871fbdf8da047cff8912d93f1eb0088e717c0c58214dcc7325c2250f21c4e97,2024-06-15T20:45:48.526000,received,kaspa:qq9zagcza4jt76eev9jl5z0nqhe0thcu7js8larktj4sle7lvgnw7sfcewlty,15380096494,
7871fbdf8da047cff8912d93f1eb0088e717c0c58214dcc7325c2250f21c4e97,2024-06-15T20:45:48.526000,received,kaspa:qq9zagcza4jt76eev9jl5z0nqhe0thcu7js8larktj4sle7lvgnw7sfcewlty,15380096494,
7871fbdf8da047cff8912d93f1eb0088e717c0c58214dcc7325c2250f21c4e97,2024-06-15T20:45:48.526000,received,kaspa:qq9zagcza4jt76eev9jl5z0nqhe0thcu7js8larktj4sle7lvgnw7sfcewlty,15380096494,
7871fbdf8da047cff8912d93f1eb0088e717c0c58214dcc7325c2250f21c4e97,2024-06-15T20:45:48.526000,received,kaspa:qq9zagcza4jt76eev9jl5z0nqhe0thcu7js8larktj4sle7lvgnw7sfcewlty,15380096494,
7871fbdf8da047cff8912d93f1eb0088e717c0c58214dcc7325c2250f21c4e97,2024-06-15T20:45:48.526000,received,kaspa:qq9zagcza4jt76eev9jl5z0nqhe0thcu7js8larktj4sle7lvgnw7sfcewlty,15380096494,
7871fbdf8da047cff8912d93f1eb0088e717c0c58214dcc7325c2250f21c4e97,2024-06-15T20:45:48.526000,received,kaspa:qq9zagcza4jt76eev9jl5z0nqhe0thcu7js8larktj4sle7lvgnw7sfcewlty,15380096494,
