tx_id,timestamp,direction,peer_address,amount_sompi,cex_label
59e7d02b25ebda777b2f81f24cbe624326d182f3a011d22cdb90c126bdd6f70c,2024-02-17T12:25:45.936000,sent,kaspa:qqd463qjk795l7x06el7qjdh4hjtprah8mtnxx8exg8wz43fla4djkghheu25,172980000,
59e7d02b25ebda777b2f81f24cbe624326d182f3a011d22cdb90c126bdd6f70c,2024-02-17T12:25:45.936000,sent,kaspa:qqd463qjk795l7x06el7qjdh4hjtprah8mtnxx8exg8wz43fla4djkghheu25,172980000,
493e95c5141a885256937a7acfe2a8cadf9856bb013761980abc685101ba8fa1,2023-12-12T17:50:17.471000,received,kaspa:qypswxtcrv4ssyjaswy5w9387vq73mkuyq85tl34cee6qn5uexqy0csgnafnjx7,171000000,
24821f926b0552faa0e77b160d7f5a8dbfad962e043d97e9d3d92644a864a4e1,2023-11-29T06:24:50.900000,sent,kaspa:qypsu4z3elrqj4hf4u6jv0t4hwnfdgewl3fstx5sac75dl2w6g0dr8gyu5cgkdw,18000000,
23a255a864076896fa0f13d50062c472a4a04b33f876fbfa7e9ceb110bde4e18,2023-11-28T03:05:05.127000,received,kaspa:qyplygdysxukhd27ua75kjvmvs8j04dz0apehqpgudgez74zym5jauqpt8f52gc,20000000,
