tx_id,timestamp,direction,peer_address,amount_sompi,cex_label
30034b09d5b38a9548d2dccc95d4099023e3aa620736665a1385a50ae3007359,2023-12-14T05:33:12.753000,sent,kaspa:qr7r8rtehym00mcmmucflvu2003fsevzc9s0rezsltzwd6jd34p2cg3nd43cf,170990000,
9ef20e48929ce736249d08f7810fbbce768e2bbcc6091240570e0509e8a07457,2023-12-12T06:36:01.110000,received,kaspa:qypswxtcrv4ssyjaswy5w9387vq73mkuyq85tl34cee6qn5uexqy0csgnafnjx7,171000000,
ae28f0057b6a5f265991b4ec12d5b06e958ad482e3f8584999204791c0ed74e9,2023-11-28T07:37:08.983000,sent,kaspa:qypgq0j8zeqa53am2yeffk34qyy2kqp4nekwnysc0awrwhv8arzjxtstmw26f2s,18000000,
0ffd135b832399d9b0b4dc087276c8553da190f359b475cb781e1ccea8c2a0eb,2023-11-28T07:27:22.709000,received,kaspa:qzkcaapkdv8e5j9z29l6fwq2kg7h8r6a8hzudrfnc024d52shvexsmzxdhzy5,18010000,
