tx_id,timestamp,direction,peer_address,amount_sompi,cex_label
0ee6217a14fd7289cf2a1efeb85ab6e42c6e58abb92945e16553f5c65d8ae80a,2024-11-17T23:31:32.140000,received,kaspa:qp9rv9jvx2kyf6wu4lupuruunq5zsuszyxs0dr3l89ej7wsgs48jqkewy6xtl,10000093083,
0ee6217a14fd7289cf2a1efeb85ab6e42c6e58abb92945e16553f5c65d8ae80a,2024-11-17T23:31:32.140000,received,kaspa:qp9rv9jvx2kyf6wu4lupuruunq5zsuszyxs0dr3l89ej7wsgs48jqkewy6xtl,10000093083,
580dc4f284faebeec34a02c4e13532f77e733a011d8d3bfa8bb4f9b5225263de,2024-07-26T02:31:54.717000,received,kaspa:qp9rv9jvx2kyf6wu4lupuruunq5zsuszyxs0dr3l89ej7wsgs48jqkewy6xtl,10000010357,
580dc4f284faebeec34a02c4e13532f77e733a011d8d3bfa8bb4f9b5225263de,2024-07-26T02:31:54.717000,received,kaspa:qp9rv9jvx2kyf6wu4lupuruunq5zsuszyxs0dr3l89ej7wsgs48jqkewy6xtl,10000010357,
255d51cb54bf67de722bc26a6c150e99712b07d52d724b6e9507df01889feb72,2024-06-12T00:08:09.893000,received,kaspa:qp9rv9jvx2kyf6wu4lupuruunq5zsuszyxs0dr3l89ej7wsgs48jqkewy6xtl,10000428876,
7c7dead3c9fbc7ff79615373e7008f93e6d35ba8b9d3843807cf2a309821d636,2024-05-12T08:22:39.081000,received,kaspa:qp9rv9jvx2kyf6wu4lupuruunq5zsuszyxs0dr3l89ej7wsgs48jqkewy6xtl,10000133477,
34ff4ee41b1a9934f2486fdf8f74d5324a919c1d7cebf4ecce6736a30337611c,2024-04-18T12:45:18.888000,received,kaspa:qp9rv9jvx2kyf6wu4lupuruunq5zsuszyxs0dr3l89ej7wsgs48jqkewy6xtl,10001098368,
a459439c616433799fbcaa6a99895f753fdad82272baff89aca6fd9454be4869,2024-03-29T04:29:44.715000,received,kaspa:qp9rv9jvx2kyf6wu4lupuruunq5zsuszyxs0dr3l89ej7wsgs48jqkewy6xtl,10000503586,
87a49a5b3f38df1bc8e35d7e960cdc01be8050de6569a24ac7b34dabf450721d,2024-03-11T15:03:09.121000,received,kaspa:qp9rv9jvx2kyf6wu4lupuruunq5zsuszyxs0dr3l89ej7wsgs48jqkewy6xtl,10000244960,
bbdcd8762e6bdc92f1eaa89eac1635de3a968570f64018ee70428084f0ce4074,2024-02-25T01:01:41.316000,received,kaspa:qzptk8av4p5jmvdrnacrg36jxc2nhwmhcmu4093l8pcc93hxd3tj5f3eaxzqz,10000392835,
bbdcd8762e6bdc92f1eaa89eac1635de3a968570f64018ee70428084f0ce4074,2024-02-25T01:01:41.316000,received,kaspa:qzptk8av4p5jmvdrnacrg36jxc2nhwmhcmu4093l8pcc93hxd3tj5f3eaxzqz,10000392835,
bbdcd8762e6bdc92f1eaa89eac1635de3a968570f64018ee70428084f0ce4074,2024-02-25T01:01:41.316000,received,kaspa:qzptk8av4p5jmvdrnacrg36jxc2nhwmhcmu4093l8pcc93hxd3tj5f3eaxzqz,10000392835,
bbdcd8762e6bdc92f1eaa89eac1635de3a968570f64018ee70428084f0ce4074,2024-02-25T01:01:41.316000,received,kaspa:qzptk8av4p5jmvdrnacrg36jxc2nhwmhcmu4093l8pcc93hxd3tj5f3eaxzqz,10000392835,
bbdcd8762e6bdc92f1eaa89eac1635de3a968570f64018ee70428084f0ce4074,2024-02-25T01:01:41.316000,received,kaspa:qzptk8av4p5jmvdrnacrg36jxc2nhwmhcmu4093l8pcc93hxd3tj5f3eaxzqz,10000392835,
c96e9bc9551090ff37750ca52386f7f518a5f474f8a86c21fe1111dc02d87bea,2024-02-10T10:24:08.419000,sent,kaspa:qq9zagcza4jt76eev9jl5z0nqhe0thcu7js8larktj4sle7lvgnw7sfcewlty,571500000000,
c96e9bc9551090ff37750ca52386f7f518a5f474f8a86c21fe1111dc02d87bea,2024-02-10T10:24:08.419000,sent,kaspa:qq9zagcza4jt76eev9jl5z0nqhe0thcu7js8larktj4sle7lvgnw7sfcewlty,571500000000,
c96e9bc9551090ff37750ca52386f7f518a5f474f8a86c21fe1111dc02d87bea,2024-02-10T10:24:08.419000,sent,kaspa:qq9zagcza4jt76eev9jl5z0nqhe0thcu7js8larktj4sle7lvgnw7sfcewlty,571500000000,
c96e9bc9551090ff37750ca52386f7f518a5f474f8a86c21fe1111dc02d87bea,2024-02-10T10:24:08.419000,sent,kaspa:qq9zagcza4jt76eev9jl5z0nqhe0thcu7js8larktj4sle7lvgnw7sfcewlty,571500000000,
c96e9bc9551090ff37750ca52386f7f518a5f474f8a86c21fe1111dc02d87bea,2024-02-10T10:24:08.419000,sent,kaspa:qq9zagcza4jt76eev9jl5z0nqhe0thcu7js8larktj4sle7lvgnw7sfcewlty,571500000000,
f65b3369a72f2515df439977b7c9efca2e4f3a471d5b378f110ac409ad6d75bc,2024-02-09T19:00:18.429000,received,kaspa:qp9rv9jvx2kyf6wu4lupuruunq5zsuszyxs0dr3l89ej7wsgs48jqkewy6xtl,10000437313,
51cad067962fa20bdfdbbe5032f37a768ab5485c9c02ff6d01cc84e96d79ca86,2024-02-09T03:14:15.678000,received,kaspa:qqlhppu2p2elcextezvyq8pwp8phhfehy3hrl0qrl0hz6d6857nxc6pfwq34s,531509016432,
6a01b75b35dc4b1565e2944afbc08aca09d491dd8483d0c76321371daf013f3b,2024-01-26T16:49:32.658000,received,kaspa:qp9rv9jvx2kyf6wu4lupuruunq5zsuszyxs0dr3l89ej7wsgs48jqkewy6xtl,10000183450,
c5dba20a5537c9f60770ea8d45fe2db284b63186b83c22405dbc30e20acf56f5,2024-01-14T05:52:06.200000,received,kaspa:qzpsrd6d3jdtv5z6er28xtvnp0ln3zpx8a07cv2jmc0cltcpkx7jy7lt5rya7,10000843159,
b9dbbcb3f17a3f5ac19ffe9f0885bd887571b755e24e877cfd8b4729634005d1,2024-01-02T16:12:06.907000,received,kaspa:qpru5qxrtthdkvkc3rzwlq6rzr2pnu8plg882yuqtja03vt8ktjm2g6zpc2nn,10000005104,
9e2166bc419b7300a89351da82c8372bcbfa77adb43afdf5048440b1e7a62a40,2024-01-01T20:16:05.658000,sent,kaspa:qqwvnkp47wsj6n4hkdlgj8dsauyx0xvefunnwvvsmpq2udd0ka8ckmpuqw3k5,730011137467,
9e2166bc419b7300a89351da82c8372bcbfa77adb43afdf5048440b1e7a62a40,2024-01-01T20:16:05.658000,sent,kaspa:qqwvnkp47wsj6n4hkdlgj8dsauyx0xvefunnwvvsmpq2udd0ka8ckmpuqw3k5,730011137467,
9e2166bc419b7300a89351da82c8372bcbfa77adb43afdf5048440b1e7a62a40,2024-01-01T20:16:05.658000,sent,kaspa:qqwvnkp47wsj6n4hkdlgj8dsauyx0xvefunnwvvsmpq2udd0ka8ckmpuqw3k5,730011137467,
9e2166bc419b7300a89351da82c8372bcbfa77adb43afdf5048440b1e7a62a40,2024-01-01T20:16:05.658000,sent,kaspa:qqwvnkp47wsj6n4hkdlgj8dsauyx0xvefunnwvvsmpq2udd0ka8ckmpuqw3k5,730011137467,
9e2166bc419b7300a89351da82c8372bcbfa77adb43afdf5048440b1e7a62a40,2024-01-01T20:16:05.658000,sent,kaspa:qqwvnkp47wsj6n4hkdlgj8dsauyx0xvefunnwvvsmpq2udd0ka8ckmpuqw3k5,730011137467,
8cf369476d6971895565c4dfdf0f0e11bb35c1065926e41354868453ca0ce95b,2024-01-01T01:14:32.497000,received,kaspa:qr4h36a50xwklyxpkv0yl2uudjvxzapfmev9nen7umt30uskpr7fjn03pqneg,690006000000,
82271951c9c8d13dbfa1516fdfabf8aeabf5cad421761f59c874fb2668c8f0c0,2023-12-23T07:50:48.727000,received,kaspa:qpru5qxrtthdkvkc3rzwlq6rzr2pnu8plg882yuqtja03vt8ktjm2g6zpc2nn,10001150467,
8a2894f04f3f26f6b8fc797648bb25a5f36ebf9e18d66a295f46a5d504ce1053,2023-12-14T01:38:55.687000,received,kaspa:qp9rv9jvx2kyf6wu4lupuruunq5zsuszyxs0dr3l89ej7wsgs48jqkewy6xtl,10000588000,
51fa2eb63750317c98007b30e6fb185a99b665c969a9e55c81c1a5a9c4b31b9a,2023-12-06T03:15:15.761000,received,kaspa:qp9rv9jvx2kyf6wu4lupuruunq5zsuszyxs0dr3l89ej7wsgs48jqkewy6xtl,10000077600,
71aafe1707af3a5fc488295e510aacf434c24850b43101fc57aeb99e158a81f9,2023-11-29T19:26:35.749000,received,kaspa:qrcmaaktwet37603sn9nukfl98nl5hfudfcrwftkq7n4xwe7lnutve76p3esv,10003421400,
ed4452a4308a0c41cb9fef91c38e59903af30562f85f6c8f5965925c43a09d68,2023-11-26T04:12:00.517000,sent,kaspa:qqwvnkp47wsj6n4hkdlgj8dsauyx0xvefunnwvvsmpq2udd0ka8ckmpuqw3k5,1091640695599,
ed4452a4308a0c41cb9fef91c38e59903af30562f85f6c8f5965925c43a09d68,2023-11-26T04:12:00.517000,sent,kaspa:qqwvnkp47wsj6n4hkdlgj8dsauyx0xvefunnwvvsmpq2udd0ka8ckmpuqw3k5,1091640695599,
ed4452a4308a0c41cb9fef91c38e59903af30562f85f6c8f5965925c43a09d68,2023-11-26T04:12:00.517000,sent,kaspa:qqwvnkp47wsj6n4hkdlgj8dsauyx0xvefunnwvvsmpq2udd0ka8ckmpuqw3k5,1091640695599,
06f96d4f4e2842f8156dbc5cf94d09e5a3d9a0b3b4d6c66b13c040bc2dc8408e,2023-11-24T11:39:01.955000,received,kaspa:qp9rv9jvx2kyf6wu4lupuruunq5zsuszyxs0dr3l89ej7wsgs48jqkewy6xtl,10001544800,
19972b694473c9ad927b0fec5291827a582ea2d493d09b17acea78a940237ef8,2023-11-24T01:41:33.473000,received,kaspa:qq0en2f73enjl9997e3gpw5grmlrkf7pge0jn3nj9rmdkpfxjnrsx38750p70,1071637999999,
80068adcfb3c2c1b05b47a8fd79183cbd4c909c70e490c2e0bf3555905237e4d,2023-11-19T16:49:42.500000,received,kaspa:qzpsrd6d3jdtv5z6er28xtvnp0ln3zpx8a07cv2jmc0cltcpkx7jy7lt5rya7,10001250800,
d18cacaed2c01937841a608649ffacb7ee26313076980e8d5f4d674a41317915,2023-11-15T18:57:01.953000,sent,kaspa:qqwvnkp47wsj6n4hkdlgj8dsauyx0xvefunnwvvsmpq2udd0ka8ckmpuqw3k5,70012473600,
d18cacaed2c01937841a608649ffacb7ee26313076980e8d5f4d674a41317915,2023-11-15T18:57:01.953000,sent,kaspa:qqwvnkp47wsj6n4hkdlgj8dsauyx0xvefunnwvvsmpq2udd0ka8ckmpuqw3k5,70012473600,
d18cacaed2c01937841a608649ffacb7ee26313076980e8d5f4d674a41317915,2023-11-15T18:57:01.953000,sent,kaspa:qqwvnkp47wsj6n4hkdlgj8dsauyx0xvefunnwvvsmpq2udd0ka8ckmpuqw3k5,70012473600,
d18cacaed2c01937841a608649ffacb7ee26313076980e8d5f4d674a41317915,2023-11-15T18:57:01.953000,sent,kaspa:qqwvnkp47wsj6n4hkdlgj8dsauyx0xvefunnwvvsmpq2udd0ka8ckmpuqw3k5,70012473600,
d18cacaed2c01937841a608649ffacb7ee26313076980e8d5f4d674a41317915,2023-11-15T18:57:01.953000,sent,kaspa:qqwvnkp47wsj6n4hkdlgj8dsauyx0xvefunnwvvsmpq2udd0ka8ckmpuqw3k5,70012473600,
d18cacaed2c01937841a608649ffacb7ee26313076980e8d5f4d674a41317915,2023-11-15T18:57:01.953000,sent,kaspa:qqwvnkp47wsj6n4hkdlgj8dsauyx0xvefunnwvvsmpq2udd0ka8ckmpuqw3k5,70012473600,
d18cacaed2c01937841a608649ffacb7ee26313076980e8d5f4d674a41317915,2023-11-15T18:57:01.953000,sent,kaspa:qqwvnkp47wsj6n4hkdlgj8dsauyx0xvefunnwvvsmpq2udd0ka8ckmpuqw3k5,70012473600,
778a11b0326ac32a165fd2351253d0e5e2cae9291eb3326f88bb05856c55eead,2023-11-15T01:03:14.006000,received,kaspa:qzptk8av4p5jmvdrnacrg36jxc2nhwmhcmu4093l8pcc93hxd3tj5f3eaxzqz,10001539400,
778a11b0326ac32a165fd2351253d0e5e2cae9291eb3326f88bb05856c55eead,2023-11-15T01:03:14.006000,received,kaspa:qzptk8av4p5jmvdrnacrg36jxc2nhwmhcmu4093l8pcc93hxd3tj5f3eaxzqz,10001539400,
3c45673801467786a2bc63b64f7f895c14eb86eaa54355171117c13b088b075c,2023-11-10T19:12:45.647000,received,kaspa:qzptk8av4p5jmvdrnacrg36jxc2nhwmhcmu4093l8pcc93hxd3tj5f3eaxzqz,10005444800,
eb47998901209743194c1be9e33341444a3dd65d1fdc6003109b22d400de5abf,2023-11-06T17:49:02.310000,received,kaspa:qzptk8av4p5jmvdrnacrg36jxc2nhwmhcmu4093l8pcc93hxd3tj5f3eaxzqz,10001317000,
4e3d670017fc5fdbd328850e883df5a05c9f0bec809a587c0d35b6f30d57caf1,2023-11-02T22:45:06.692000,received,kaspa:qpru5qxrtthdkvkc3rzwlq6rzr2pnu8plg882yuqtja03vt8ktjm2g6zpc2nn,10001044300,
f0d6736e44d7d6bccb8c04ea5b535e080723df85b3580f6a0b1ce4f3b38acca9,2023-10-30T03:08:59.470000,received,kaspa:qp9rv9jvx2kyf6wu4lupuruunq5zsuszyxs0dr3l89ej7wsgs48jqkewy6xtl,10001981700,
88e2e12d98c80b63a7b9560ac722dc606f38c317a22a18bbf424e5641761f85f,2023-10-26T09:05:08.649000,received,kaspa:qp9rv9jvx2kyf6wu4lupuruunq5zsuszyxs0dr3l89ej7wsgs48jqkewy6xtl,10001134900,
1492c77e24248db285b74ff85b73cb0787475d2187eed78ff6b4e17235d04aed,2023-10-22T17:21:41.310000,received,kaspa:qpru5qxrtthdkvkc3rzwlq6rzr2pnu8plg882yuqtja03vt8ktjm2g6zpc2nn,10000111500,
