tx_id,timestamp,direction,peer_address,amount_sompi,cex_label
2dafa380602180919a54312b2166f85a600302b4e9704dacc778f52f72f449fe,2025-04-08T22:23:57.920000,received,kaspa:qpf4gjshrv5xgd7s0l7uehvcczcgx3u5juw77pt4q95h0ax0k62hvsvme480f,2451913139863,
2dafa380602180919a54312b2166f85a600302b4e9704dacc778f52f72f449fe,2025-04-08T22:23:57.920000,received,kaspa:qpf4gjshrv5xgd7s0l7uehvcczcgx3u5juw77pt4q95h0ax0k62hvsvme480f,2451913139863,
2dafa380602180919a54312b2166f85a600302b4e9704dacc778f52f72f449fe,2025-04-08T22:23:57.920000,received,kaspa:qpf4gjshrv5xgd7s0l7uehvcczcgx3u5juw77pt4q95h0ax0k62hvsvme480f,2451913139863,
2dafa380602180919a54312b2166f85a600302b4e9704dacc778f52f72f449fe,2025-04-08T22:23:57.920000,received,kaspa:qpf4gjshrv5xgd7s0l7uehvcczcgx3u5juw77pt4q95h0ax0k62hvsvme480f,2451913139863,
2dafa380602180919a54312b2166f85a600302b4e9704dacc778f52f72f449fe,2025-04-08T22:23:57.920000,received,kaspa:qpf4gjshrv5xgd7s0l7uehvcczcgx3u5juw77pt4q95h0ax0k62hvsvme480f,2451913139863,
2dafa380602180919a54312b2166f85a600302b4e9704dacc778f52f72f449fe,2025-04-08T22:23:57.920000,received,kaspa:qpf4gjshrv5xgd7s0l7uehvcczcgx3u5juw77pt4q95h0ax0k62hvsvme480f,2451913139863,
2dafa380602180919a54312b2166f85a600302b4e9704dacc778f52f72f449fe,2025-04-08T22:23:57.920000,received,kaspa:qpf4gjshrv5xgd7s0l7uehvcczcgx3u5juw77pt4q95h0ax0k62hvsvme480f,2451913139863,
2dafa380602180919a54312b2166f85a600302b4e9704dacc778f52f72f449fe,2025-04-08T22:23:57.920000,received,kaspa:qpf4gjshrv5xgd7s0l7uehvcczcgx3u5juw77pt4q95h0ax0k62hvsvme480f,2451913139863,
2dafa380602180919a54312b2166f85a600302b4e9704dacc778f52f72f449fe,2025-04-08T22:23:57.920000,received,kaspa:qpf4gjshrv5xgd7s0l7uehvcczcgx3u5juw77pt4q95h0ax0k62hvsvme480f,2451913139863,
41c700d9ed84ebaa43ed5f2a9462618b33b2f9f10a847ce20161bdd7c46adb46,2025-03-26T12:40:36.703000,received,kaspa:qpf4gjshrv5xgd7s0l7uehvcczcgx3u5juw77pt4q95h0ax0k62hvsvme480f,1241031035520,
ae4e3bb4ac15604cc8d1da1223eff53cba3d74af68f0f487c1ae49fc01cd00ac,2025-03-23T01:14:16.854000,received,kaspa:qpf4gjshrv5xgd7s0l7uehvcczcgx3u5juw77pt4q95h0ax0k62hvsvme480f,986635925261,
92453420741fb982e1e8ea30893970d664382105583fba3fb264535c715c7b7f,2025-03-20T11:33:45.316000,received,kaspa:qpf4gjshrv5xgd7s0l7uehvcczcgx3u5juw77pt4q95h0ax0k62hvsvme480f,124275437755,
92453420741fb982e1e8ea30893970d664382105583fba3fb264535c715c7b7f,2025-03-20T11:33:45.316000,received,kaspa:qpf4gjshrv5xgd7s0l7uehvcczcgx3u5juw77pt4q95h0ax0k62hvsvme480f,124275437755,
0f1eaf7847e25a3dac80e8c98c14c9da927bc1063eb87a781cf5ef60e61c8cea,2025-03-13T02:07:28.111000,received,kaspa:qpf4gjshrv5xgd7s0l7uehvcczcgx3u5juw77pt4q95h0ax0k62hvsvme480f,934362556873,
99f97f96ffff5ea69e3f69747dcebe360bf9d7013ddad1f4da95297c3cb5e4f2,2025-03-12T14:12:00.169000,received,kaspa:qpf4gjshrv5xgd7s0l7uehvcczcgx3u5juw77pt4q95h0ax0k62hvsvme480f,1416222913098,
01d75640e8fa884ffe0d1ee76b3f35d87db32af82b8263e41295bd7954130811,2025-03-09T01:30:11.693000,received,kaspa:qpf4gjshrv5xgd7s0l7uehvcczcgx3u5juw77pt4q95h0ax0k62hvsvme480f,705672021192,
01d75640e8fa884ffe0d1ee76b3f35d87db32af82b8263e41295bd7954130811,2025-03-09T01:30:11.693000,received,kaspa:qpf4gjshrv5xgd7s0l7uehvcczcgx3u5juw77pt4q95h0ax0k62hvsvme480f,705672021192,
2c0d188794ea4f8bf15a3c594bb3913082e3e4394a1e4490eb4cc16c514d75b4,2025-03-09T01:19:09.466000,received,kaspa:qpf4gjshrv5xgd7s0l7uehvcczcgx3u5juw77pt4q95h0ax0k62hvsvme480f,1403400331629,
2c0d188794ea4f8bf15a3c594bb3913082e3e4394a1e4490eb4cc16c514d75b4,2025-03-09T01:19:09.466000,received,kaspa:qpf4gjshrv5xgd7s0l7uehvcczcgx3u5juw77pt4q95h0ax0k62hvsvme480f,1403400331629,
2c0d188794ea4f8bf15a3c594bb3913082e3e4394a1e4490eb4cc16c514d75b4,2025-03-09T01:19:09.466000,received,kaspa:qpf4gjshrv5xgd7s0l7uehvcczcgx3u5juw77pt4q95h0ax0k62hvsvme480f,1403400331629,
aea4b2f925f3414c9c07486039c3d8bdd3e4e2a3638645e694efbf3242546967,2025-02-28T15:20:49.820000,received,kaspa:qpf4gjshrv5xgd7s0l7uehvcczcgx3u5juw77pt4q95h0ax0k62hvsvme480f,1198133133429,
aea4b2f925f3414c9c07486039c3d8bdd3e4e2a3638645e694efbf3242546967,2025-02-28T15:20:49.820000,received,kaspa:qpf4gjshrv5xgd7s0l7uehvcczcgx3u5juw77pt4q95h0ax0k62hvsvme480f,1198133133429,
0643e8a15cc7f1c8e6fb6fa33a45637af6cc3c99ef6b99cab027b2eb5f009f19,2025-02-14T02:34:56.304000,received,kaspa:qpf4gjshrv5xgd7s0l7uehvcczcgx3u5juw77pt4q95h0ax0k62hvsvme480f,959652345438,
4dd35e00950736333c4c978647a1381b5182cd8498d368df193e96989c179250,2025-02-12T17:32:54.751000,received,kaspa:qpf4gjshrv5xgd7s0l7uehvcczcgx3u5juw77pt4q95h0ax0k62hvsvme480f,1010639655601,
4dd35e00950736333c4c978647a1381b5182cd8498d368df193e96989c179250,2025-02-12T17:32:54.751000,received,kaspa:qpf4gjshrv5xgd7s0l7uehvcczcgx3u5juw77pt4q95h0ax0k62hvsvme480f,1010639655601,
938b658aa0ec533eeebc7b795effebe23dd3a82875d90573b1fc530c258be68b,2025-02-08T17:58:51.980000,received,kaspa:qpf4gjshrv5xgd7s0l7uehvcczcgx3u5juw77pt4q95h0ax0k62hvsvme480f,1130949363380,
938b658aa0ec533eeebc7b795effebe23dd3a82875d90573b1fc530c258be68b,2025-02-08T17:58:51.980000,received,kaspa:qpf4gjshrv5xgd7s0l7uehvcczcgx3u5juw77pt4q95h0ax0k62hvsvme480f,1130949363380,
938b658aa0ec533eeebc7b795effebe23dd3a82875d90573b1fc530c258be68b,2025-02-08T17:58:51.980000,received,kaspa:qpf4gjshrv5xgd7s0l7uehvcczcgx3u5juw77pt4q95h0ax0k62hvsvme480f,1130949363380,
2d5dffbf332d15c1fb347636bcbb06c0e51980af6018a55b1a29ad8ab39f50d1,2025-02-03T06:57:30.275000,received,kaspa:qr5tz2qjk29qpfjepxxtlcpcsv9xn6hwlfkvhpyz45mxl7qh22hy5gupl5awf,754921148000,
daf9bcd6c2ff3a657cae2d95205a452aed81c61f4e444011e0b6fe23e6f6eb75,2025-02-03T05:03:52.976000,received,kaspa:qpf4gjshrv5xgd7s0l7uehvcczcgx3u5juw77pt4q95h0ax0k62hvsvme480f,675410439029,
032ba2744696959acd6fd845633734e6309142a83bc186631b738147a8dc1050,2025-02-03T00:19:04.653000,received,kaspa:qpf4gjshrv5xgd7s0l7uehvcczcgx3u5juw77pt4q95h0ax0k62hvsvme480f,495318730448,
032ba2744696959acd6fd845633734e6309142a83bc186631b738147a8dc1050,2025-02-03T00:19:04.653000,received,kaspa:qpf4gjshrv5xgd7s0l7uehvcczcgx3u5juw77pt4q95h0ax0k62hvsvme480f,495318730448,
032ba2744696959acd6fd845633734e6309142a83bc186631b738147a8dc1050,2025-02-03T00:19:04.653000,received,kaspa:qpf4gjshrv5xgd7s0l7uehvcczcgx3u5juw77pt4q95h0ax0k62hvsvme480f,495318730448,
032ba2744696959acd6fd845633734e6309142a83bc186631b738147a8dc1050,2025-02-03T00:19:04.653000,received,kaspa:qpf4gjshrv5xgd7s0l7uehvcczcgx3u5juw77pt4q95h0ax0k62hvsvme480f,495318730448,
032ba2744696959acd6fd845633734e6309142a83bc186631b738147a8dc1050,2025-02-03T00:19:04.653000,received,kaspa:qpf4gjshrv5xgd7s0l7uehvcczcgx3u5juw77pt4q95h0ax0k62hvsvme480f,495318730448,
4116c83cf76ee77fb0d7c536d6cf3d6c8ab7aa8fee7f4cdc27e13d3b45537849,2025-01-14T14:59:49.971000,received,kaspa:qpf4gjshrv5xgd7s0l7uehvcczcgx3u5juw77pt4q95h0ax0k62hvsvme480f,370295427706,
51cf8ca477c8f2aaf446f3be290b7d41cd36dc70d82af4dc5124d7b7dd062965,2024-12-20T08:54:48.839000,sent,kaspa:qq87vhte6xj67dzvarnjdmms6n705x67gtzmddstd5a6l3t6md25sakh6tqjg,20000000000000,
51cf8ca477c8f2aaf446f3be290b7d41cd36dc70d82af4dc5124d7b7dd062965,2024-12-20T08:54:48.839000,sent,kaspa:qq87vhte6xj67dzvarnjdmms6n705x67gtzmddstd5a6l3t6md25sakh6tqjg,20000000000000,
51cf8ca477c8f2aaf446f3be290b7d41cd36dc70d82af4dc5124d7b7dd062965,2024-12-20T08:54:48.839000,sent,kaspa:qq87vhte6xj67dzvarnjdmms6n705x67gtzmddstd5a6l3t6md25sakh6tqjg,20000000000000,
51cf8ca477c8f2aaf446f3be290b7d41cd36dc70d82af4dc5124d7b7dd062965,2024-12-20T08:54:48.839000,sent,kaspa:qq87vhte6xj67dzvarnjdmms6n705x67gtzmddstd5a6l3t6md25sakh6tqjg,20000000000000,
51cf8ca477c8f2aaf446f3be290b7d41cd36dc70d82af4dc5124d7b7dd062965,2024-12-20T08:54:48.839000,sent,kaspa:qq87vhte6xj67dzvarnjdmms6n705x67gtzmddstd5a6l3t6md25sakh6tqjg,20000000000000,
51cf8ca477c8f2aaf446f3be290b7d41cd36dc70d82af4dc5124d7b7dd062965,2024-12-20T08:54:48.839000,sent,kaspa:qq87vhte6xj67dzvarnjdmms6n705x67gtzmddstd5a6l3t6md25sakh6tqjg,20000000000000,
51cf8ca477c8f2aaf446f3be290b7d41cd36dc70d82af4dc5124d7b7dd062965,2024-12-20T08:54:48.839000,sent,kaspa:qq87vhte6xj67dzvarnjdmms6n705x67gtzmddstd5a6l3t6md25sakh6tqjg,20000000000000,
51cf8ca477c8f2aaf446f3be290b7d41cd36dc70d82af4dc5124d7b7dd062965,2024-12-20T08:54:48.839000,sent,kaspa:qq87vhte6xj67dzvarnjdmms6n705x67gtzmddstd5a6l3t6md25sakh6tqjg,20000000000000,
5cfdf6d37d7d2cb3f675f8e8b5bdec3b1f2e826153dbe972b3abf0acc9898cf5,2024-11-27T16:55:03.915000,received,kaspa:qpf4gjshrv5xgd7s0l7uehvcczcgx3u5juw77pt4q95h0ax0k62hvsvme480f,383967632689,
5cfdf6d37d7d2cb3f675f8e8b5bdec3b1f2e826153dbe972b3abf0acc9898cf5,2024-11-27T16:55:03.915000,received,kaspa:qpf4gjshrv5xgd7s0l7uehvcczcgx3u5juw77pt4q95h0ax0k62hvsvme480f,383967632689,
5cfdf6d37d7d2cb3f675f8e8b5bdec3b1f2e826153dbe972b3abf0acc9898cf5,2024-11-27T16:55:03.915000,received,kaspa:qpf4gjshrv5xgd7s0l7uehvcczcgx3u5juw77pt4q95h0ax0k62hvsvme480f,383967632689,
5cfdf6d37d7d2cb3f675f8e8b5bdec3b1f2e826153dbe972b3abf0acc9898cf5,2024-11-27T16:55:03.915000,received,kaspa:qpf4gjshrv5xgd7s0l7uehvcczcgx3u5juw77pt4q95h0ax0k62hvsvme480f,383967632689,
5cfdf6d37d7d2cb3f675f8e8b5bdec3b1f2e826153dbe972b3abf0acc9898cf5,2024-11-27T16:55:03.915000,received,kaspa:qpf4gjshrv5xgd7s0l7uehvcczcgx3u5juw77pt4q95h0ax0k62hvsvme480f,383967632689,
5cfdf6d37d7d2cb3f675f8e8b5bdec3b1f2e826153dbe972b3abf0acc9898cf5,2024-11-27T16:55:03.915000,received,kaspa:qpf4gjshrv5xgd7s0l7uehvcczcgx3u5juw77pt4q95h0ax0k62hvsvme480f,383967632689,
5cfdf6d37d7d2cb3f675f8e8b5bdec3b1f2e826153dbe972b3abf0acc9898cf5,2024-11-27T16:55:03.915000,received,kaspa:qpf4gjshrv5xgd7s0l7uehvcczcgx3u5juw77pt4q95h0ax0k62hvsvme480f,383967632689,
5cfdf6d37d7d2cb3f675f8e8b5bdec3b1f2e826153dbe972b3abf0acc9898cf5,2024-11-27T16:55:03.915000,received,kaspa:qpf4gjshrv5xgd7s0l7uehvcczcgx3u5juw77pt4q95h0ax0k62hvsvme480f,383967632689,
5cfdf6d37d7d2cb3f675f8e8b5bdec3b1f2e826153dbe972b3abf0acc9898cf5,2024-11-27T16:55:03.915000,received,kaspa:qpf4gjshrv5xgd7s0l7uehvcczcgx3u5juw77pt4q95h0ax0k62hvsvme480f,383967632689,
5cfdf6d37d7d2cb3f675f8e8b5bdec3b1f2e826153dbe972b3abf0acc9898cf5,2024-11-27T16:55:03.915000,received,kaspa:qpf4gjshrv5xgd7s0l7uehvcczcgx3u5juw77pt4q95h0ax0k62hvsvme480f,383967632689,
5cfdf6d37d7d2cb3f675f8e8b5bdec3b1f2e826153dbe972b3abf0acc9898cf5,2024-11-27T16:55:03.915000,received,kaspa:qpf4gjshrv5xgd7s0l7uehvcczcgx3u5juw77pt4q95h0ax0k62hvsvme480f,383967632689,
5cfdf6d37d7d2cb3f675f8e8b5bdec3b1f2e826153dbe972b3abf0acc9898cf5,2024-11-27T16:55:03.915000,received,kaspa:qpf4gjshrv5xgd7s0l7uehvcczcgx3u5juw77pt4q95h0ax0k62hvsvme480f,383967632689,
5cfdf6d37d7d2cb3f675f8e8b5bdec3b1f2e826153dbe972b3abf0acc9898cf5,2024-11-27T16:55:03.915000,received,kaspa:qpf4gjshrv5xgd7s0l7uehvcczcgx3u5juw77pt4q95h0ax0k62hvsvme480f,383967632689,
80dcc65c4bd9cbe8de31e2fb8b75f241d31b95085601a1da53e519f819474e66,2024-11-11T16:39:29.890000,received,kaspa:qpf4gjshrv5xgd7s0l7uehvcczcgx3u5juw77pt4q95h0ax0k62hvsvme480f,1457075046531,
80dcc65c4bd9cbe8de31e2fb8b75f241d31b95085601a1da53e519f819474e66,2024-11-11T16:39:29.890000,received,kaspa:qpf4gjshrv5xgd7s0l7uehvcczcgx3u5juw77pt4q95h0ax0k62hvsvme480f,1457075046531,
be696b80d630afdb4482cf15c56349fc31e3061050882d8b56852001f21a89d7,2024-10-26T00:25:44.228000,received,kaspa:qpf4gjshrv5xgd7s0l7uehvcczcgx3u5juw77pt4q95h0ax0k62hvsvme480f,876274244000,
4d278676f1607fa5148c21f7c92f6e4f5655af834fa1e8ead49ae1dce8b75726,2024-10-18T17:37:34.896000,received,kaspa:qpf4gjshrv5xgd7s0l7uehvcczcgx3u5juw77pt4q95h0ax0k62hvsvme480f,1492456221586,
63561ccff208a47ba0e0a01c0adc357e616b05ddefe37d05332a94813aa5cd32,2024-09-21T14:05:04.370000,received,kaspa:qpf4gjshrv5xgd7s0l7uehvcczcgx3u5juw77pt4q95h0ax0k62hvsvme480f,1667584123692,
63561ccff208a47ba0e0a01c0adc357e616b05ddefe37d05332a94813aa5cd32,2024-09-21T14:05:04.370000,received,kaspa:qpf4gjshrv5xgd7s0l7uehvcczcgx3u5juw77pt4q95h0ax0k62hvsvme480f,1667584123692,
63561ccff208a47ba0e0a01c0adc357e616b05ddefe37d05332a94813aa5cd32,2024-09-21T14:05:04.370000,received,kaspa:qpf4gjshrv5xgd7s0l7uehvcczcgx3u5juw77pt4q95h0ax0k62hvsvme480f,1667584123692,
63561ccff208a47ba0e0a01c0adc357e616b05ddefe37d05332a94813aa5cd32,2024-09-21T14:05:04.370000,received,kaspa:qpf4gjshrv5xgd7s0l7uehvcczcgx3u5juw77pt4q95h0ax0k62hvsvme480f,1667584123692,
63561ccff208a47ba0e0a01c0adc357e616b05ddefe37d05332a94813aa5cd32,2024-09-21T14:05:04.370000,received,kaspa:qpf4gjshrv5xgd7s0l7uehvcczcgx3u5juw77pt4q95h0ax0k62hvsvme480f,1667584123692,
f2189f61fa69b60eb719da5fd4c14864486a87bc4bd983f6af0019e55798886b,2024-09-07T15:18:04.193000,received,kaspa:qpf4gjshrv5xgd7s0l7uehvcczcgx3u5juw77pt4q95h0ax0k62hvsvme480f,3253858050861,
f2189f61fa69b60eb719da5fd4c14864486a87bc4bd983f6af0019e55798886b,2024-09-07T15:18:04.193000,received,kaspa:qpf4gjshrv5xgd7s0l7uehvcczcgx3u5juw77pt4q95h0ax0k62hvsvme480f,3253858050861,
89dd71a7c88af1b8511faa2834bd6cf1677879aa29067ab1f6bcb50d2965203d,2024-08-30T11:08:03.051000,sent,kaspa:qrjfym9x0ft4s4262k4e0glz6lx3l6hqjx8udgvta5f0rdvtp7hcskyrydl5s,10000000000000,
89dd71a7c88af1b8511faa2834bd6cf1677879aa29067ab1f6bcb50d2965203d,2024-08-30T11:08:03.051000,sent,kaspa:qrjfym9x0ft4s4262k4e0glz6lx3l6hqjx8udgvta5f0rdvtp7hcskyrydl5s,10000000000000,
89dd71a7c88af1b8511faa2834bd6cf1677879aa29067ab1f6bcb50d2965203d,2024-08-30T11:08:03.051000,sent,kaspa:qrjfym9x0ft4s4262k4e0glz6lx3l6hqjx8udgvta5f0rdvtp7hcskyrydl5s,10000000000000,
89dd71a7c88af1b8511faa2834bd6cf1677879aa29067ab1f6bcb50d2965203d,2024-08-30T11:08:03.051000,sent,kaspa:qrjfym9x0ft4s4262k4e0glz6lx3l6hqjx8udgvta5f0rdvtp7hcskyrydl5s,10000000000000,
89dd71a7c88af1b8511faa2834bd6cf1677879aa29067ab1f6bcb50d2965203d,2024-08-30T11:08:03.051000,sent,kaspa:qrjfym9x0ft4s4262k4e0glz6lx3l6hqjx8udgvta5f0rdvtp7hcskyrydl5s,10000000000000,
89dd71a7c88af1b8511faa2834bd6cf1677879aa29067ab1f6bcb50d2965203d,2024-08-30T11:08:03.051000,sent,kaspa:qrjfym9x0ft4s4262k4e0glz6lx3l6hqjx8udgvta5f0rdvtp7hcskyrydl5s,10000000000000,
091b11080dc9f1a6b894f569418a048fb48ebcb7e0f021294db206095cb95528,2024-08-12T01:07:35.926000,received,kaspa:qppr7q4mykgfw4s37lh4z7pqa6x5a5aya9g0ku4dvyk4rttf2smrxk4680npn,4016380713757,
ac5cbbd156436d213d7d26f4a06b75fa3cb49a20221b23b06a504eace9c8a525,2024-08-11T18:05:37.900000,received,kaspa:qppr7q4mykgfw4s37lh4z7pqa6x5a5aya9g0ku4dvyk4rttf2smrxk4680npn,4547540673876,
ac5cbbd156436d213d7d26f4a06b75fa3cb49a20221b23b06a504eace9c8a525,2024-08-11T18:05:37.900000,received,kaspa:qppr7q4mykgfw4s37lh4z7pqa6x5a5aya9g0ku4dvyk4rttf2smrxk4680npn,4547540673876,
7e0318d43770b986ab4c7475615ca326c1ad411113c97fcea8caff170e35c9a5,2024-08-08T19:02:21.002000,sent,kaspa:qzsvs8v0mfzwzqg3eg9js6qlvwyk55564trctatjeud5ukuna6dp2gykruuqg,10000000000000,
7e0318d43770b986ab4c7475615ca326c1ad411113c97fcea8caff170e35c9a5,2024-08-08T19:02:21.002000,sent,kaspa:qzsvs8v0mfzwzqg3eg9js6qlvwyk55564trctatjeud5ukuna6dp2gykruuqg,10000000000000,
a1f3c359d72752746fe0ece2a0ed087c598855302541e936859d46f1f94a0a33,2024-08-02T19:49:48.758000,sent,kaspa:qq9q3exr0fl3qjgkemlszptauyaueqvtpdd8ztqh7mm82yjedvfgkdfqpwwuy,10000000000000,
a1f3c359d72752746fe0ece2a0ed087c598855302541e936859d46f1f94a0a33,2024-08-02T19:49:48.758000,sent,kaspa:qq9q3exr0fl3qjgkemlszptauyaueqvtpdd8ztqh7mm82yjedvfgkdfqpwwuy,10000000000000,
a1f3c359d72752746fe0ece2a0ed087c598855302541e936859d46f1f94a0a33,2024-08-02T19:49:48.758000,sent,kaspa:qq9q3exr0fl3qjgkemlszptauyaueqvtpdd8ztqh7mm82yjedvfgkdfqpwwuy,10000000000000,
a1f3c359d72752746fe0ece2a0ed087c598855302541e936859d46f1f94a0a33,2024-08-02T19:49:48.758000,sent,kaspa:qq9q3exr0fl3qjgkemlszptauyaueqvtpdd8ztqh7mm82yjedvfgkdfqpwwuy,10000000000000,
7bc13f4747610a9b32dce69f9c949e9a971c05e4a04846b42a0efc80fd3a3373,2024-07-24T22:52:02.395000,sent,kaspa:qpp0my55nechsrqsvmhfryrmezhrm7znp264mwrtmr82760hm9d7uksvkcnj6,10000000000000,
7bc13f4747610a9b32dce69f9c949e9a971c05e4a04846b42a0efc80fd3a3373,2024-07-24T22:52:02.395000,sent,kaspa:qpp0my55nechsrqsvmhfryrmezhrm7znp264mwrtmr82760hm9d7uksvkcnj6,10000000000000,
7bc13f4747610a9b32dce69f9c949e9a971c05e4a04846b42a0efc80fd3a3373,2024-07-24T22:52:02.395000,sent,kaspa:qpp0my55nechsrqsvmhfryrmezhrm7znp264mwrtmr82760hm9d7uksvkcnj6,10000000000000,
7bc13f4747610a9b32dce69f9c949e9a971c05e4a04846b42a0efc80fd3a3373,2024-07-24T22:52:02.395000,sent,kaspa:qpp0my55nechsrqsvmhfryrmezhrm7znp264mwrtmr82760hm9d7uksvkcnj6,10000000000000,
7bc13f4747610a9b32dce69f9c949e9a971c05e4a04846b42a0efc80fd3a3373,2024-07-24T22:52:02.395000,sent,kaspa:qpp0my55nechsrqsvmhfryrmezhrm7znp264mwrtmr82760hm9d7uksvkcnj6,10000000000000,
7bc13f4747610a9b32dce69f9c949e9a971c05e4a04846b42a0efc80fd3a3373,2024-07-24T22:52:02.395000,sent,kaspa:qpp0my55nechsrqsvmhfryrmezhrm7znp264mwrtmr82760hm9d7uksvkcnj6,10000000000000,
7bc13f4747610a9b32dce69f9c949e9a971c05e4a04846b42a0efc80fd3a3373,2024-07-24T22:52:02.395000,sent,kaspa:qpp0my55nechsrqsvmhfryrmezhrm7znp264mwrtmr82760hm9d7uksvkcnj6,10000000000000,
7bc13f4747610a9b32dce69f9c949e9a971c05e4a04846b42a0efc80fd3a3373,2024-07-24T22:52:02.395000,sent,kaspa:qpp0my55nechsrqsvmhfryrmezhrm7znp264mwrtmr82760hm9d7uksvkcnj6,10000000000000,
7bc13f4747610a9b32dce69f9c949e9a971c05e4a04846b42a0efc80fd3a3373,2024-07-24T22:52:02.395000,sent,kaspa:qpp0my55nechsrqsvmhfryrmezhrm7znp264mwrtmr82760hm9d7uksvkcnj6,10000000000000,
7bc13f4747610a9b32dce69f9c949e9a971c05e4a04846b42a0efc80fd3a3373,2024-07-24T22:52:02.395000,sent,kaspa:qpp0my55nechsrqsvmhfryrmezhrm7znp264mwrtmr82760hm9d7uksvkcnj6,10000000000000,
7bc13f4747610a9b32dce69f9c949e9a971c05e4a04846b42a0efc80fd3a3373,2024-07-24T22:52:02.395000,sent,kaspa:qpp0my55nechsrqsvmhfryrmezhrm7znp264mwrtmr82760hm9d7uksvkcnj6,10000000000000,
7bc13f4747610a9b32dce69f9c949e9a971c05e4a04846b42a0efc80fd3a3373,2024-07-24T22:52:02.395000,sent,kaspa:qpp0my55nechsrqsvmhfryrmezhrm7znp264mwrtmr82760hm9d7uksvkcnj6,10000000000000,
7bc13f4747610a9b32dce69f9c949e9a971c05e4a04846b42a0efc80fd3a3373,2024-07-24T22:52:02.395000,sent,kaspa:qpp0my55nechsrqsvmhfryrmezhrm7znp264mwrtmr82760hm9d7uksvkcnj6,10000000000000,
7bc13f4747610a9b32dce69f9c949e9a971c05e4a04846b42a0efc80fd3a3373,2024-07-24T22:52:02.395000,sent,kaspa:qpp0my55nechsrqsvmhfryrmezhrm7znp264mwrtmr82760hm9d7uksvkcnj6,10000000000000,
db113ea0204c9f6fc927658959edaf24584b9ba88a8b885265e1aaaa0214dfcc,2024-07-10T02:04:54.990000,received,kaspa:qppr7q4mykgfw4s37lh4z7pqa6x5a5aya9g0ku4dvyk4rttf2smrxk4680npn,220995378950,
db113ea0204c9f6fc927658959edaf24584b9ba88a8b885265e1aaaa0214dfcc,2024-07-10T02:04:54.990000,received,kaspa:qppr7q4mykgfw4s37lh4z7pqa6x5a5aya9g0ku4dvyk4rttf2smrxk4680npn,220995378950,
ec752a0beec8d202254f72a167593f701b46e3ddbedfe3ee66fe0d7e29c7ebc9,2024-07-10T01:44:23.574000,received,kaspa:qppr7q4mykgfw4s37lh4z7pqa6x5a5aya9g0ku4dvyk4rttf2smrxk4680npn,2302287351748,
ec752a0beec8d202254f72a167593f701b46e3ddbedfe3ee66fe0d7e29c7ebc9,2024-07-10T01:44:23.574000,received,kaspa:qppr7q4mykgfw4s37lh4z7pqa6x5a5aya9g0ku4dvyk4rttf2smrxk4680npn,2302287351748,
aaefd3cdeda1b5781af071014d59a40b0095fa04eb4a32f7504f172be9e7562b,2024-07-09T14:58:41.066000,received,kaspa:qppr7q4mykgfw4s37lh4z7pqa6x5a5aya9g0ku4dvyk4rttf2smrxk4680npn,3564621097156,
aaefd3cdeda1b5781af071014d59a40b0095fa04eb4a32f7504f172be9e7562b,2024-07-09T14:58:41.066000,received,kaspa:qppr7q4mykgfw4s37lh4z7pqa6x5a5aya9g0ku4dvyk4rttf2smrxk4680npn,3564621097156,
aaefd3cdeda1b5781af071014d59a40b0095fa04eb4a32f7504f172be9e7562b,2024-07-09T14:58:41.066000,received,kaspa:qppr7q4mykgfw4s37lh4z7pqa6x5a5aya9g0ku4dvyk4rttf2smrxk4680npn,3564621097156,
b2ce2e1329436803c613ef17719c2aef3144c38ab2273d006d7fb40818413eb7,2024-07-02T14:35:38.852000,received,kaspa:qpuq5kyz0vc306p420u0rranasrnhekx7um4cxkzuj2jt5tq2p8mqyywp4vqh,1465000000000,
b2ce2e1329436803c613ef17719c2aef3144c38ab2273d006d7fb40818413eb7,2024-07-02T14:35:38.852000,received,kaspa:qpuq5kyz0vc306p420u0rranasrnhekx7um4cxkzuj2jt5tq2p8mqyywp4vqh,1465000000000,
b2ce2e1329436803c613ef17719c2aef3144c38ab2273d006d7fb40818413eb7,2024-07-02T14:35:38.852000,received,kaspa:qpuq5kyz0vc306p420u0rranasrnhekx7um4cxkzuj2jt5tq2p8mqyywp4vqh,1465000000000,
b2ce2e1329436803c613ef17719c2aef3144c38ab2273d006d7fb40818413eb7,2024-07-02T14:35:38.852000,received,kaspa:qpuq5kyz0vc306p420u0rranasrnhekx7um4cxkzuj2jt5tq2p8mqyywp4vqh,1465000000000,
b2ce2e1329436803c613ef17719c2aef3144c38ab2273d006d7fb40818413eb7,2024-07-02T14:35:38.852000,received,kaspa:qpuq5kyz0vc306p420u0rranasrnhekx7um4cxkzuj2jt5tq2p8mqyywp4vqh,1465000000000,
b2ce2e1329436803c613ef17719c2aef3144c38ab2273d006d7fb40818413eb7,2024-07-02T14:35:38.852000,received,kaspa:qpuq5kyz0vc306p420u0rranasrnhekx7um4cxkzuj2jt5tq2p8mqyywp4vqh,1465000000000,
b2ce2e1329436803c613ef17719c2aef3144c38ab2273d006d7fb40818413eb7,2024-07-02T14:35:38.852000,received,kaspa:qpuq5kyz0vc306p420u0rranasrnhekx7um4cxkzuj2jt5tq2p8mqyywp4vqh,1465000000000,
b2ce2e1329436803c613ef17719c2aef3144c38ab2273d006d7fb40818413eb7,2024-07-02T14:35:38.852000,received,kaspa:qpuq5kyz0vc306p420u0rranasrnhekx7um4cxkzuj2jt5tq2p8mqyywp4vqh,1465000000000,
b2ce2e1329436803c613ef17719c2aef3144c38ab2273d006d7fb40818413eb7,2024-07-02T14:35:38.852000,received,kaspa:qpuq5kyz0vc306p420u0rranasrnhekx7um4cxkzuj2jt5tq2p8mqyywp4vqh,1465000000000,
b2ce2e1329436803c613ef17719c2aef3144c38ab2273d006d7fb40818413eb7,2024-07-02T14:35:38.852000,received,kaspa:qpuq5kyz0vc306p420u0rranasrnhekx7um4cxkzuj2jt5tq2p8mqyywp4vqh,1465000000000,
b2ce2e1329436803c613ef17719c2aef3144c38ab2273d006d7fb40818413eb7,2024-07-02T14:35:38.852000,received,kaspa:qpuq5kyz0vc306p420u0rranasrnhekx7um4cxkzuj2jt5tq2p8mqyywp4vqh,1465000000000,
b2ce2e1329436803c613ef17719c2aef3144c38ab2273d006d7fb40818413eb7,2024-07-02T14:35:38.852000,received,kaspa:qpuq5kyz0vc306p420u0rranasrnhekx7um4cxkzuj2jt5tq2p8mqyywp4vqh,1465000000000,
b2ce2e1329436803c613ef17719c2aef3144c38ab2273d006d7fb40818413eb7,2024-07-02T14:35:38.852000,received,kaspa:qpuq5kyz0vc306p420u0rranasrnhekx7um4cxkzuj2jt5tq2p8mqyywp4vqh,1465000000000,
b2ce2e1329436803c613ef17719c2aef3144c38ab2273d006d7fb40818413eb7,2024-07-02T14:35:38.852000,received,kaspa:qpuq5kyz0vc306p420u0rranasrnhekx7um4cxkzuj2jt5tq2p8mqyywp4vqh,1465000000000,
b2ce2e1329436803c613ef17719c2aef3144c38ab2273d006d7fb40818413eb7,2024-07-02T14:35:38.852000,received,kaspa:qpuq5kyz0vc306p420u0rranasrnhekx7um4cxkzuj2jt5tq2p8mqyywp4vqh,1465000000000,
b2ce2e1329436803c613ef17719c2aef3144c38ab2273d006d7fb40818413eb7,2024-07-02T14:35:38.852000,received,kaspa:qpuq5kyz0vc306p420u0rranasrnhekx7um4cxkzuj2jt5tq2p8mqyywp4vqh,1465000000000,
b2ce2e1329436803c613ef17719c2aef3144c38ab2273d006d7fb40818413eb7,2024-07-02T14:35:38.852000,received,kaspa:qpuq5kyz0vc306p420u0rranasrnhekx7um4cxkzuj2jt5tq2p8mqyywp4vqh,1465000000000,
b2ce2e1329436803c613ef17719c2aef3144c38ab2273d006d7fb40818413eb7,2024-07-02T14:35:38.852000,received,kaspa:qpuq5kyz0vc306p420u0rranasrnhekx7um4cxkzuj2jt5tq2p8mqyywp4vqh,1465000000000,
b2ce2e1329436803c613ef17719c2aef3144c38ab2273d006d7fb40818413eb7,2024-07-02T14:35:38.852000,received,kaspa:qpuq5kyz0vc306p420u0rranasrnhekx7um4cxkzuj2jt5tq2p8mqyywp4vqh,1465000000000,
b2ce2e1329436803c613ef17719c2aef3144c38ab2273d006d7fb40818413eb7,2024-07-02T14:35:38.852000,received,kaspa:qpuq5kyz0vc306p420u0rranasrnhekx7um4cxkzuj2jt5tq2p8mqyywp4vqh,1465000000000,
b2ce2e1329436803c613ef17719c2aef3144c38ab2273d006d7fb40818413eb7,2024-07-02T14:35:38.852000,received,kaspa:qpuq5kyz0vc306p420u0rranasrnhekx7um4cxkzuj2jt5tq2p8mqyywp4vqh,1465000000000,
b2ce2e1329436803c613ef17719c2aef3144c38ab2273d006d7fb40818413eb7,2024-07-02T14:35:38.852000,received,kaspa:qpuq5kyz0vc306p420u0rranasrnhekx7um4cxkzuj2jt5tq2p8mqyywp4vqh,1465000000000,
b2ce2e1329436803c613ef17719c2aef3144c38ab2273d006d7fb40818413eb7,2024-07-02T14:35:38.852000,received,kaspa:qpuq5kyz0vc306p420u0rranasrnhekx7um4cxkzuj2jt5tq2p8mqyywp4vqh,1465000000000,
b2ce2e1329436803c613ef17719c2aef3144c38ab2273d006d7fb40818413eb7,2024-07-02T14:35:38.852000,received,kaspa:qpuq5kyz0vc306p420u0rranasrnhekx7um4cxkzuj2jt5tq2p8mqyywp4vqh,1465000000000,
b2ce2e1329436803c613ef17719c2aef3144c38ab2273d006d7fb40818413eb7,2024-07-02T14:35:38.852000,received,kaspa:qpuq5kyz0vc306p420u0rranasrnhekx7um4cxkzuj2jt5tq2p8mqyywp4vqh,1465000000000,
b2ce2e1329436803c613ef17719c2aef3144c38ab2273d006d7fb40818413eb7,2024-07-02T14:35:38.852000,received,kaspa:qpuq5kyz0vc306p420u0rranasrnhekx7um4cxkzuj2jt5tq2p8mqyywp4vqh,1465000000000,
b2ce2e1329436803c613ef17719c2aef3144c38ab2273d006d7fb40818413eb7,2024-07-02T14:35:38.852000,received,kaspa:qpuq5kyz0vc306p420u0rranasrnhekx7um4cxkzuj2jt5tq2p8mqyywp4vqh,1465000000000,
b2ce2e1329436803c613ef17719c2aef3144c38ab2273d006d7fb40818413eb7,2024-07-02T14:35:38.852000,received,kaspa:qpuq5kyz0vc306p420u0rranasrnhekx7um4cxkzuj2jt5tq2p8mqyywp4vqh,1465000000000,
b2ce2e1329436803c613ef17719c2aef3144c38ab2273d006d7fb40818413eb7,2024-07-02T14:35:38.852000,received,kaspa:qpuq5kyz0vc306p420u0rranasrnhekx7um4cxkzuj2jt5tq2p8mqyywp4vqh,1465000000000,
b2ce2e1329436803c613ef17719c2aef3144c38ab2273d006d7fb40818413eb7,2024-07-02T14:35:38.852000,received,kaspa:qpuq5kyz0vc306p420u0rranasrnhekx7um4cxkzuj2jt5tq2p8mqyywp4vqh,1465000000000,
b2ce2e1329436803c613ef17719c2aef3144c38ab2273d006d7fb40818413eb7,2024-07-02T14:35:38.852000,received,kaspa:qpuq5kyz0vc306p420u0rranasrnhekx7um4cxkzuj2jt5tq2p8mqyywp4vqh,1465000000000,
b2ce2e1329436803c613ef17719c2aef3144c38ab2273d006d7fb40818413eb7,2024-07-02T14:35:38.852000,received,kaspa:qpuq5kyz0vc306p420u0rranasrnhekx7um4cxkzuj2jt5tq2p8mqyywp4vqh,1465000000000,
b2ce2e1329436803c613ef17719c2aef3144c38ab2273d006d7fb40818413eb7,2024-07-02T14:35:38.852000,received,kaspa:qpuq5kyz0vc306p420u0rranasrnhekx7um4cxkzuj2jt5tq2p8mqyywp4vqh,1465000000000,
b2ce2e1329436803c613ef17719c2aef3144c38ab2273d006d7fb40818413eb7,2024-07-02T14:35:38.852000,received,kaspa:qpuq5kyz0vc306p420u0rranasrnhekx7um4cxkzuj2jt5tq2p8mqyywp4vqh,1465000000000,
b2ce2e1329436803c613ef17719c2aef3144c38ab2273d006d7fb40818413eb7,2024-07-02T14:35:38.852000,received,kaspa:qpuq5kyz0vc306p420u0rranasrnhekx7um4cxkzuj2jt5tq2p8mqyywp4vqh,1465000000000,
b2ce2e1329436803c613ef17719c2aef3144c38ab2273d006d7fb40818413eb7,2024-07-02T14:35:38.852000,received,kaspa:qpuq5kyz0vc306p420u0rranasrnhekx7um4cxkzuj2jt5tq2p8mqyywp4vqh,1465000000000,
b2ce2e1329436803c613ef17719c2aef3144c38ab2273d006d7fb40818413eb7,2024-07-02T14:35:38.852000,received,kaspa:qpuq5kyz0vc306p420u0rranasrnhekx7um4cxkzuj2jt5tq2p8mqyywp4vqh,1465000000000,
b2ce2e1329436803c613ef17719c2aef3144c38ab2273d006d7fb40818413eb7,2024-07-02T14:35:38.852000,received,kaspa:qpuq5kyz0vc306p420u0rranasrnhekx7um4cxkzuj2jt5tq2p8mqyywp4vqh,1465000000000,
b2ce2e1329436803c613ef17719c2aef3144c38ab2273d006d7fb40818413eb7,2024-07-02T14:35:38.852000,received,kaspa:qpuq5kyz0vc306p420u0rranasrnhekx7um4cxkzuj2jt5tq2p8mqyywp4vqh,1465000000000,
b2ce2e1329436803c613ef17719c2aef3144c38ab2273d006d7fb40818413eb7,2024-07-02T14:35:38.852000,received,kaspa:qpuq5kyz0vc306p420u0rranasrnhekx7um4cxkzuj2jt5tq2p8mqyywp4vqh,1465000000000,
b2ce2e1329436803c613ef17719c2aef3144c38ab2273d006d7fb40818413eb7,2024-07-02T14:35:38.852000,received,kaspa:qpuq5kyz0vc306p420u0rranasrnhekx7um4cxkzuj2jt5tq2p8mqyywp4vqh,1465000000000,
b2ce2e1329436803c613ef17719c2aef3144c38ab2273d006d7fb40818413eb7,2024-07-02T14:35:38.852000,received,kaspa:qpuq5kyz0vc306p420u0rranasrnhekx7um4cxkzuj2jt5tq2p8mqyywp4vqh,1465000000000,
b2ce2e1329436803c613ef17719c2aef3144c38ab2273d006d7fb40818413eb7,2024-07-02T14:35:38.852000,received,kaspa:qpuq5kyz0vc306p420u0rranasrnhekx7um4cxkzuj2jt5tq2p8mqyywp4vqh,1465000000000,
b2ce2e1329436803c613ef17719c2aef3144c38ab2273d006d7fb40818413eb7,2024-07-02T14:35:38.852000,received,kaspa:qpuq5kyz0vc306p420u0rranasrnhekx7um4cxkzuj2jt5tq2p8mqyywp4vqh,1465000000000,
b2ce2e1329436803c613ef17719c2aef3144c38ab2273d006d7fb40818413eb7,2024-07-02T14:35:38.852000,received,kaspa:qpuq5kyz0vc306p420u0rranasrnhekx7um4cxkzuj2jt5tq2p8mqyywp4vqh,1465000000000,
b2ce2e1329436803c613ef17719c2aef3144c38ab2273d006d7fb40818413eb7,2024-07-02T14:35:38.852000,received,kaspa:qpuq5kyz0vc306p420u0rranasrnhekx7um4cxkzuj2jt5tq2p8mqyywp4vqh,1465000000000,
b2ce2e1329436803c613ef17719c2aef3144c38ab2273d006d7fb40818413eb7,2024-07-02T14:35:38.852000,received,kaspa:qpuq5kyz0vc306p420u0rranasrnhekx7um4cxkzuj2jt5tq2p8mqyywp4vqh,1465000000000,
b2ce2e1329436803c613ef17719c2aef3144c38ab2273d006d7fb40818413eb7,2024-07-02T14:35:38.852000,received,kaspa:qpuq5kyz0vc306p420u0rranasrnhekx7um4cxkzuj2jt5tq2p8mqyywp4vqh,1465000000000,
b2ce2e1329436803c613ef17719c2aef3144c38ab2273d006d7fb40818413eb7,2024-07-02T14:35:38.852000,received,kaspa:qpuq5kyz0vc306p420u0rranasrnhekx7um4cxkzuj2jt5tq2p8mqyywp4vqh,1465000000000,
b2ce2e1329436803c613ef17719c2aef3144c38ab2273d006d7fb40818413eb7,2024-07-02T14:35:38.852000,received,kaspa:qpuq5kyz0vc306p420u0rranasrnhekx7um4cxkzuj2jt5tq2p8mqyywp4vqh,1465000000000,
b2ce2e1329436803c613ef17719c2aef3144c38ab2273d006d7fb40818413eb7,2024-07-02T14:35:38.852000,received,kaspa:qpuq5kyz0vc306p420u0rranasrnhekx7um4cxkzuj2jt5tq2p8mqyywp4vqh,1465000000000,
b2ce2e1329436803c613ef17719c2aef3144c38ab2273d006d7fb40818413eb7,2024-07-02T14:35:38.852000,received,kaspa:qpuq5kyz0vc306p420u0rranasrnhekx7um4cxkzuj2jt5tq2p8mqyywp4vqh,1465000000000,
b2ce2e1329436803c613ef17719c2aef3144c38ab2273d006d7fb40818413eb7,2024-07-02T14:35:38.852000,received,kaspa:qrjh5hlmwg9s804yjskjqvs2xcyv66y3czsqvtw23k92mglvjq6gkxajtamhs,1465000000000,
7c9a600b778684359d5aef1556f40559488c502472e29485c532837466adc627,2024-06-15T00:54:21.612000,received,kaspa:qppr7q4mykgfw4s37lh4z7pqa6x5a5aya9g0ku4dvyk4rttf2smrxk4680npn,3865431108126,
7c9a600b778684359d5aef1556f40559488c502472e29485c532837466adc627,2024-06-15T00:54:21.612000,received,kaspa:qppr7q4mykgfw4s37lh4z7pqa6x5a5aya9g0ku4dvyk4rttf2smrxk4680npn,3865431108126,
7c9a600b778684359d5aef1556f40559488c502472e29485c532837466adc627,2024-06-15T00:54:21.612000,received,kaspa:qppr7q4mykgfw4s37lh4z7pqa6x5a5aya9g0ku4dvyk4rttf2smrxk4680npn,3865431108126,
7c9a600b778684359d5aef1556f40559488c502472e29485c532837466adc627,2024-06-15T00:54:21.612000,received,kaspa:qppr7q4mykgfw4s37lh4z7pqa6x5a5aya9g0ku4dvyk4rttf2smrxk4680npn,3865431108126,
7c9a600b778684359d5aef1556f40559488c502472e29485c532837466adc627,2024-06-15T00:54:21.612000,received,kaspa:qppr7q4mykgfw4s37lh4z7pqa6x5a5aya9g0ku4dvyk4rttf2smrxk4680npn,3865431108126,
1dda6047188d839850e58cc1760853da81885d6e3e60c66445de27123f5ddd2e,2024-06-14T16:22:16.285000,sent,kaspa:qrcuyg2dkv9ucjy6aeljqsfrrkwlsa5zn3md87cx3wja7pc5raz9ks08ru5kd,20000000000000,
1dda6047188d839850e58cc1760853da81885d6e3e60c66445de27123f5ddd2e,2024-06-14T16:22:16.285000,sent,kaspa:qrcuyg2dkv9ucjy6aeljqsfrrkwlsa5zn3md87cx3wja7pc5raz9ks08ru5kd,20000000000000,
1dda6047188d839850e58cc1760853da81885d6e3e60c66445de27123f5ddd2e,2024-06-14T16:22:16.285000,sent,kaspa:qrcuyg2dkv9ucjy6aeljqsfrrkwlsa5zn3md87cx3wja7pc5raz9ks08ru5kd,20000000000000,
1dda6047188d839850e58cc1760853da81885d6e3e60c66445de27123f5ddd2e,2024-06-14T16:22:16.285000,sent,kaspa:qrcuyg2dkv9ucjy6aeljqsfrrkwlsa5zn3md87cx3wja7pc5raz9ks08ru5kd,20000000000000,
1dda6047188d839850e58cc1760853da81885d6e3e60c66445de27123f5ddd2e,2024-06-14T16:22:16.285000,sent,kaspa:qrcuyg2dkv9ucjy6aeljqsfrrkwlsa5zn3md87cx3wja7pc5raz9ks08ru5kd,20000000000000,
1dda6047188d839850e58cc1760853da81885d6e3e60c66445de27123f5ddd2e,2024-06-14T16:22:16.285000,sent,kaspa:qrcuyg2dkv9ucjy6aeljqsfrrkwlsa5zn3md87cx3wja7pc5raz9ks08ru5kd,20000000000000,
1dda6047188d839850e58cc1760853da81885d6e3e60c66445de27123f5ddd2e,2024-06-14T16:22:16.285000,sent,kaspa:qrcuyg2dkv9ucjy6aeljqsfrrkwlsa5zn3md87cx3wja7pc5raz9ks08ru5kd,20000000000000,
1dda6047188d839850e58cc1760853da81885d6e3e60c66445de27123f5ddd2e,2024-06-14T16:22:16.285000,sent,kaspa:qrcuyg2dkv9ucjy6aeljqsfrrkwlsa5zn3md87cx3wja7pc5raz9ks08ru5kd,20000000000000,
1dda6047188d839850e58cc1760853da81885d6e3e60c66445de27123f5ddd2e,2024-06-14T16:22:16.285000,sent,kaspa:qrcuyg2dkv9ucjy6aeljqsfrrkwlsa5zn3md87cx3wja7pc5raz9ks08ru5kd,20000000000000,
28db9bd76f75af95534a4043814f2346966e1c1a625f92dc774c99c0c1aeb926,2024-06-08T16:33:59.061000,received,kaspa:qppr7q4mykgfw4s37lh4z7pqa6x5a5aya9g0ku4dvyk4rttf2smrxk4680npn,2894692525943,
28db9bd76f75af95534a4043814f2346966e1c1a625f92dc774c99c0c1aeb926,2024-06-08T16:33:59.061000,received,kaspa:qppr7q4mykgfw4s37lh4z7pqa6x5a5aya9g0ku4dvyk4rttf2smrxk4680npn,2894692525943,
28db9bd76f75af95534a4043814f2346966e1c1a625f92dc774c99c0c1aeb926,2024-06-08T16:33:59.061000,received,kaspa:qppr7q4mykgfw4s37lh4z7pqa6x5a5aya9g0ku4dvyk4rttf2smrxk4680npn,2894692525943,
28db9bd76f75af95534a4043814f2346966e1c1a625f92dc774c99c0c1aeb926,2024-06-08T16:33:59.061000,received,kaspa:qppr7q4mykgfw4s37lh4z7pqa6x5a5aya9g0ku4dvyk4rttf2smrxk4680npn,2894692525943,
c37f0d49daaa6a6328f0afcaf9e724a52e0d7ecfcf733b5cd1d96cdacccf5ccf,2024-05-30T16:42:42.693000,received,kaspa:qppr7q4mykgfw4s37lh4z7pqa6x5a5aya9g0ku4dvyk4rttf2smrxk4680npn,701654686111,
df120ab45679c25e1064152a1bc7a0b4b7115d31429d5ae1a1fc61dd61b97929,2024-05-27T16:40:21.091000,received,kaspa:qppr7q4mykgfw4s37lh4z7pqa6x5a5aya9g0ku4dvyk4rttf2smrxk4680npn,5517865997286,
ce85d13723436941cf41841e4eba4d2b4d80dabbbe12dacc190e73b7ee4af79a,2024-05-27T15:31:37.859000,received,kaspa:qppr7q4mykgfw4s37lh4z7pqa6x5a5aya9g0ku4dvyk4rttf2smrxk4680npn,5259579218292,
ce85d13723436941cf41841e4eba4d2b4d80dabbbe12dacc190e73b7ee4af79a,2024-05-27T15:31:37.859000,received,kaspa:qppr7q4mykgfw4s37lh4z7pqa6x5a5aya9g0ku4dvyk4rttf2smrxk4680npn,5259579218292,
ce85d13723436941cf41841e4eba4d2b4d80dabbbe12dacc190e73b7ee4af79a,2024-05-27T15:31:37.859000,received,kaspa:qppr7q4mykgfw4s37lh4z7pqa6x5a5aya9g0ku4dvyk4rttf2smrxk4680npn,5259579218292,
381dd8ce42586793c733d971fef2e853c86525140e9914afb5a17dfda66d98da,2024-05-26T12:19:15.200000,received,kaspa:qppr7q4mykgfw4s37lh4z7pqa6x5a5aya9g0ku4dvyk4rttf2smrxk4680npn,5263186406072,
381dd8ce42586793c733d971fef2e853c86525140e9914afb5a17dfda66d98da,2024-05-26T12:19:15.200000,received,kaspa:qppr7q4mykgfw4s37lh4z7pqa6x5a5aya9g0ku4dvyk4rttf2smrxk4680npn,5263186406072,
381dd8ce42586793c733d971fef2e853c86525140e9914afb5a17dfda66d98da,2024-05-26T12:19:15.200000,received,kaspa:qppr7q4mykgfw4s37lh4z7pqa6x5a5aya9g0ku4dvyk4rttf2smrxk4680npn,5263186406072,
381dd8ce42586793c733d971fef2e853c86525140e9914afb5a17dfda66d98da,2024-05-26T12:19:15.200000,received,kaspa:qppr7q4mykgfw4s37lh4z7pqa6x5a5aya9g0ku4dvyk4rttf2smrxk4680npn,5263186406072,
381dd8ce42586793c733d971fef2e853c86525140e9914afb5a17dfda66d98da,2024-05-26T12:19:15.200000,received,kaspa:qppr7q4mykgfw4s37lh4z7pqa6x5a5aya9g0ku4dvyk4rttf2smrxk4680npn,5263186406072,
381dd8ce42586793c733d971fef2e853c86525140e9914afb5a17dfda66d98da,2024-05-26T12:19:15.200000,received,kaspa:qppr7q4mykgfw4s37lh4z7pqa6x5a5aya9g0ku4dvyk4rttf2smrxk4680npn,5263186406072,
381dd8ce42586793c733d971fef2e853c86525140e9914afb5a17dfda66d98da,2024-05-26T12:19:15.200000,received,kaspa:qppr7q4mykgfw4s37lh4z7pqa6x5a5aya9g0ku4dvyk4rttf2smrxk4680npn,5263186406072,
fa93b6763f2b8a1d71cdb1886231b9cd3c537bd6fd5800f0f4f72cb790042bec,2024-05-23T12:36:06.895000,received,kaspa:qppr7q4mykgfw4s37lh4z7pqa6x5a5aya9g0ku4dvyk4rttf2smrxk4680npn,5222984968930,
fa93b6763f2b8a1d71cdb1886231b9cd3c537bd6fd5800f0f4f72cb790042bec,2024-05-23T12:36:06.895000,received,kaspa:qppr7q4mykgfw4s37lh4z7pqa6x5a5aya9g0ku4dvyk4rttf2smrxk4680npn,5222984968930,
569b30f4271eb1b34318506b2a757b8972d0b021e48dea6a73bf0e33f01a4d6d,2024-05-23T10:52:09.795000,received,kaspa:qppr7q4mykgfw4s37lh4z7pqa6x5a5aya9g0ku4dvyk4rttf2smrxk4680npn,2440109196029,
569b30f4271eb1b34318506b2a757b8972d0b021e48dea6a73bf0e33f01a4d6d,2024-05-23T10:52:09.795000,received,kaspa:qppr7q4mykgfw4s37lh4z7pqa6x5a5aya9g0ku4dvyk4rttf2smrxk4680npn,2440109196029,
1bd3f40fec2a9958330bfcb20b55815e46ca8eb835d04e34df23ec3de33c83c4,2024-05-10T15:12:21.081000,sent,kaspa:qpz8vf5es769e5g7dk9kheuxd80s5xmtwydjm64gyr4y3h688wx960s6kfc38,20000000000000,
1bd3f40fec2a9958330bfcb20b55815e46ca8eb835d04e34df23ec3de33c83c4,2024-05-10T15:12:21.081000,sent,kaspa:qpz8vf5es769e5g7dk9kheuxd80s5xmtwydjm64gyr4y3h688wx960s6kfc38,20000000000000,
1bd3f40fec2a9958330bfcb20b55815e46ca8eb835d04e34df23ec3de33c83c4,2024-05-10T15:12:21.081000,sent,kaspa:qpz8vf5es769e5g7dk9kheuxd80s5xmtwydjm64gyr4y3h688wx960s6kfc38,20000000000000,
1bd3f40fec2a9958330bfcb20b55815e46ca8eb835d04e34df23ec3de33c83c4,2024-05-10T15:12:21.081000,sent,kaspa:qpz8vf5es769e5g7dk9kheuxd80s5xmtwydjm64gyr4y3h688wx960s6kfc38,20000000000000,
1bd3f40fec2a9958330bfcb20b55815e46ca8eb835d04e34df23ec3de33c83c4,2024-05-10T15:12:21.081000,sent,kaspa:qpz8vf5es769e5g7dk9kheuxd80s5xmtwydjm64gyr4y3h688wx960s6kfc38,20000000000000,
1bd3f40fec2a9958330bfcb20b55815e46ca8eb835d04e34df23ec3de33c83c4,2024-05-10T15:12:21.081000,sent,kaspa:qpz8vf5es769e5g7dk9kheuxd80s5xmtwydjm64gyr4y3h688wx960s6kfc38,20000000000000,
1bd3f40fec2a9958330bfcb20b55815e46ca8eb835d04e34df23ec3de33c83c4,2024-05-10T15:12:21.081000,sent,kaspa:qpz8vf5es769e5g7dk9kheuxd80s5xmtwydjm64gyr4y3h688wx960s6kfc38,20000000000000,
1bd3f40fec2a9958330bfcb20b55815e46ca8eb835d04e34df23ec3de33c83c4,2024-05-10T15:12:21.081000,sent,kaspa:qpz8vf5es769e5g7dk9kheuxd80s5xmtwydjm64gyr4y3h688wx960s6kfc38,20000000000000,
c4a52294b466b82ca05c67409606ddeeb0b08fa44239dad5138658bd74d14b71,2024-04-28T01:28:32.160000,received,kaspa:qppr7q4mykgfw4s37lh4z7pqa6x5a5aya9g0ku4dvyk4rttf2smrxk4680npn,5693937481763,
22cdfbfb9b79917d2943b85f48a98d171a68de645e06b403c3874cc013d0ac50,2024-04-27T16:29:51.014000,received,kaspa:qrh0j9p5yjyn686thpnxsf0vqum2mnfqupnd4qy2xcnzg27ssdlf6s5cawewj,21100000000,
1ae4c589c4d55385a5ccbea1cd9594578aed51e154604f8639242d3672867f83,2024-04-27T16:29:08.360000,received,kaspa:qq0uv2sse5fj0ft7akea86xuupyrg2s5gskvnzjyzzneu40cjzmrxkyar9qur,1000000000000,
f7bbd1a194ecccb41ca90a0fdcc2b73dfa2fb9348cb32cc53c564fcdbc911216,2024-04-20T02:51:34.752000,received,kaspa:qppr7q4mykgfw4s37lh4z7pqa6x5a5aya9g0ku4dvyk4rttf2smrxk4680npn,862346219685,
82af63336d037a9a56ad6d0c8264f1e0f4ed3091814139de6bf58d73898988df,2024-04-14T20:45:55.242000,received,kaspa:qppr7q4mykgfw4s37lh4z7pqa6x5a5aya9g0ku4dvyk4rttf2smrxk4680npn,128448261990,
82af63336d037a9a56ad6d0c8264f1e0f4ed3091814139de6bf58d73898988df,2024-04-14T20:45:55.242000,received,kaspa:qppr7q4mykgfw4s37lh4z7pqa6x5a5aya9g0ku4dvyk4rttf2smrxk4680npn,128448261990,
672974c0f62e2aba8df1ab1531138c9525bfae21403653f7a339a1bf54391801,2024-04-14T20:36:43.419000,received,kaspa:qppr7q4mykgfw4s37lh4z7pqa6x5a5aya9g0ku4dvyk4rttf2smrxk4680npn,128473012262,
731177d98488da55a05d441f3ecc57a54cdb81e03fca8abb3f3e0cf98ad2e56e,2024-04-14T17:10:11.310000,received,kaspa:qppr7q4mykgfw4s37lh4z7pqa6x5a5aya9g0ku4dvyk4rttf2smrxk4680npn,244566745845,
731177d98488da55a05d441f3ecc57a54cdb81e03fca8abb3f3e0cf98ad2e56e,2024-04-14T17:10:11.310000,received,kaspa:qppr7q4mykgfw4s37lh4z7pqa6x5a5aya9g0ku4dvyk4rttf2smrxk4680npn,244566745845,
0bc82f5e62131bdf3262a134d1aa74365865d0bc3855d4647d40e80bf3627e8b,2024-04-14T17:08:39.123000,received,kaspa:qppr7q4mykgfw4s37lh4z7pqa6x5a5aya9g0ku4dvyk4rttf2smrxk4680npn,1642395837597,
6300d6419e1f84caae10cc4ecdeda8a55f2dd7d09c91e34182b2a95914f35109,2024-04-14T16:38:15.082000,received,kaspa:qppr7q4mykgfw4s37lh4z7pqa6x5a5aya9g0ku4dvyk4rttf2smrxk4680npn,1647959746611,
d64bae8f361320abbacee25f477574323849b5a4b7dc44e5436db6fd20e567b7,2024-04-14T01:10:53.875000,received,kaspa:qppr7q4mykgfw4s37lh4z7pqa6x5a5aya9g0ku4dvyk4rttf2smrxk4680npn,1004888657880,
5886e907d01a598b5f0865e3390c93068c17ef07bc3d6a0a3cffa5c75faf693e,2024-04-07T15:38:34.438000,received,kaspa:qppr7q4mykgfw4s37lh4z7pqa6x5a5aya9g0ku4dvyk4rttf2smrxk4680npn,131852346883,
aefffa99c82f5c3b8897bc54b1a5aea1c5f8b49cb4dfbe0165aac85a7de3e5c3,2024-04-07T01:50:45.759000,received,kaspa:qrelgny7sr3vahq69yykxx36m65gvmhryxrlwngfzgu8xkdslum2yxjp3ap8m,510156000000,Gate.io
3747d5e60e22c4c1e04b73953466572c0fe8adbf2da5e9817a83cabf07eebaa4,2024-04-06T21:32:41.574000,received,kaspa:qppr7q4mykgfw4s37lh4z7pqa6x5a5aya9g0ku4dvyk4rttf2smrxk4680npn,848293695964,
3747d5e60e22c4c1e04b73953466572c0fe8adbf2da5e9817a83cabf07eebaa4,2024-04-06T21:32:41.574000,received,kaspa:qppr7q4mykgfw4s37lh4z7pqa6x5a5aya9g0ku4dvyk4rttf2smrxk4680npn,848293695964,
68fd48220ffb1e842b783b0e9dd50041eb78cc13632bc4a424318dbe17dfdbe8,2024-04-06T19:34:57.674000,received,kaspa:qppr7q4mykgfw4s37lh4z7pqa6x5a5aya9g0ku4dvyk4rttf2smrxk4680npn,710973474377,
c7ac77444f45ed5e78632934a8b7fa2d7f842455e49da9bbbf023a0fd63b329b,2024-04-06T17:08:13.065000,received,kaspa:qppr7q4mykgfw4s37lh4z7pqa6x5a5aya9g0ku4dvyk4rttf2smrxk4680npn,2590701072692,
c7ac77444f45ed5e78632934a8b7fa2d7f842455e49da9bbbf023a0fd63b329b,2024-04-06T17:08:13.065000,received,kaspa:qppr7q4mykgfw4s37lh4z7pqa6x5a5aya9g0ku4dvyk4rttf2smrxk4680npn,2590701072692,
b36c0f5a6e74caa3068220d0b704cca2cbefd341a89e3c2b4478df1a27a895dc,2024-04-04T15:19:56.279000,received,kaspa:qppr7q4mykgfw4s37lh4z7pqa6x5a5aya9g0ku4dvyk4rttf2smrxk4680npn,2603160402800,
04572b86c6954abc9d6c450a4033030df99ba2f8e7b59fe34903acbd760c2023,2024-04-02T14:08:06.923000,received,kaspa:qppr7q4mykgfw4s37lh4z7pqa6x5a5aya9g0ku4dvyk4rttf2smrxk4680npn,2590602307552,
3963daa6301fc826a6925999c8e9107e473615702ab9001d03e63a080874bbb8,2024-04-02T12:51:14.039000,received,kaspa:qppr7q4mykgfw4s37lh4z7pqa6x5a5aya9g0ku4dvyk4rttf2smrxk4680npn,3143043576564,
3963daa6301fc826a6925999c8e9107e473615702ab9001d03e63a080874bbb8,2024-04-02T12:51:14.039000,received,kaspa:qppr7q4mykgfw4s37lh4z7pqa6x5a5aya9g0ku4dvyk4rttf2smrxk4680npn,3143043576564,
3963daa6301fc826a6925999c8e9107e473615702ab9001d03e63a080874bbb8,2024-04-02T12:51:14.039000,received,kaspa:qppr7q4mykgfw4s37lh4z7pqa6x5a5aya9g0ku4dvyk4rttf2smrxk4680npn,3143043576564,
a681db4600ee36ea0a5f85625e13567e1317fbb37ec2269973d33e7985a0f3d4,2024-03-28T15:34:32.636000,received,kaspa:qppr7q4mykgfw4s37lh4z7pqa6x5a5aya9g0ku4dvyk4rttf2smrxk4680npn,1437269100729,
a681db4600ee36ea0a5f85625e13567e1317fbb37ec2269973d33e7985a0f3d4,2024-03-28T15:34:32.636000,received,kaspa:qppr7q4mykgfw4s37lh4z7pqa6x5a5aya9g0ku4dvyk4rttf2smrxk4680npn,1437269100729,
a681db4600ee36ea0a5f85625e13567e1317fbb37ec2269973d33e7985a0f3d4,2024-03-28T15:34:32.636000,received,kaspa:qppr7q4mykgfw4s37lh4z7pqa6x5a5aya9g0ku4dvyk4rttf2smrxk4680npn,1437269100729,
b1d5e15e60c9e712ea71471fed5ec125b405514773361cb5df8dbda2b720f003,2024-03-23T19:04:15.367000,received,kaspa:qppr7q4mykgfw4s37lh4z7pqa6x5a5aya9g0ku4dvyk4rttf2smrxk4680npn,2309808098184,
e9c5938c3f0514477c542b464fd842a5b85e5ea68d50834cf0cf25a43333189c,2024-03-22T18:20:26.544000,received,kaspa:qppr7q4mykgfw4s37lh4z7pqa6x5a5aya9g0ku4dvyk4rttf2smrxk4680npn,3479654972836,
e9c5938c3f0514477c542b464fd842a5b85e5ea68d50834cf0cf25a43333189c,2024-03-22T18:20:26.544000,received,kaspa:qppr7q4mykgfw4s37lh4z7pqa6x5a5aya9g0ku4dvyk4rttf2smrxk4680npn,3479654972836,
de412b12ced68244b9ca219549ff6c0ef333db1448adc2f822203ffe3af0939b,2024-03-19T19:57:28.477000,received,kaspa:qppr7q4mykgfw4s37lh4z7pqa6x5a5aya9g0ku4dvyk4rttf2smrxk4680npn,1840594247272,
de412b12ced68244b9ca219549ff6c0ef333db1448adc2f822203ffe3af0939b,2024-03-19T19:57:28.477000,received,kaspa:qppr7q4mykgfw4s37lh4z7pqa6x5a5aya9g0ku4dvyk4rttf2smrxk4680npn,1840594247272,
64563f0377e176248ea50ddf672c19f5f6eb9a4a4df7d33d9faf2ede2f3c7b4f,2024-02-22T14:17:25.791000,received,kaspa:qpq94ntnvy8p9q6wrdwtn37xtspgashrydc0kuu8ctpyxulmh0wlxh2807zdh,571134165602,
4734d8a7e52673ea14bc94367434e2a299eba86560d7f2a28a2ede646fd95404,2024-02-18T19:03:08.711000,received,kaspa:qq3k4du6wf2g26j7ds6fqmgtgavgm3zy676wntp2e52nsuns2n4s6xkndmx0y,477745186059,
d69afe6540a8c061105687ead9aba5b1cfcc4e56c3769b3107fde5dd48a32aa3,2024-02-17T20:49:27.601000,received,kaspa:qpq94ntnvy8p9q6wrdwtn37xtspgashrydc0kuu8ctpyxulmh0wlxh2807zdh,3812010895513,
12732e000689ff61e2240cd7f11543dd3f641c019caa3eab7ef0b529f8580d19,2024-02-17T01:39:07.245000,received,kaspa:qpq94ntnvy8p9q6wrdwtn37xtspgashrydc0kuu8ctpyxulmh0wlxh2807zdh,2875357578686,
ff3c28442c95497acc49440ecec09aeaa5716ac5bdc60d3b3eb1013625568206,2024-02-17T00:34:08.212000,received,kaspa:qpq94ntnvy8p9q6wrdwtn37xtspgashrydc0kuu8ctpyxulmh0wlxh2807zdh,1289894063747,
a225d694187f73cc903bfec15e7ecdc251b11a55e30f21eb399981f24a320d7e,2024-02-12T12:43:26.300000,received,kaspa:qzhv45rlz7mlcvnllnl84m37z7lgtft55qweqdx8h9n39fdafckas2qx98rgf,10090000000000,
eaf95045fe7156454d988586a85e10e75c4b7e9ce48285952d00b24b6498edb4,2024-02-10T12:59:26.271000,received,kaspa:qpq94ntnvy8p9q6wrdwtn37xtspgashrydc0kuu8ctpyxulmh0wlxh2807zdh,1087141822323,
33a1e85affefa7e3a4d4e058d38e7feef02900b6ca21e72cfb6986b881ccd347,2024-01-28T09:50:30.501000,received,kaspa:qpq94ntnvy8p9q6wrdwtn37xtspgashrydc0kuu8ctpyxulmh0wlxh2807zdh,330134535640,
c6ad68bf23fc14c2d8ec5c8b56044e1cd18e05cdff27bb959ec19fee0b0a7d14,2024-01-21T20:52:57.556000,sent,kaspa:qpfgsncwn7upvqf5waks002xysqqtrp5fz8m0z9q3cxm22gr2gzr5tvlw89r7,8000000000000,
c6ad68bf23fc14c2d8ec5c8b56044e1cd18e05cdff27bb959ec19fee0b0a7d14,2024-01-21T20:52:57.556000,sent,kaspa:qpfgsncwn7upvqf5waks002xysqqtrp5fz8m0z9q3cxm22gr2gzr5tvlw89r7,8000000000000,
c6ad68bf23fc14c2d8ec5c8b56044e1cd18e05cdff27bb959ec19fee0b0a7d14,2024-01-21T20:52:57.556000,sent,kaspa:qpfgsncwn7upvqf5waks002xysqqtrp5fz8m0z9q3cxm22gr2gzr5tvlw89r7,8000000000000,
52a878a8a448cc10b702e74be716ed6aa1599cc1e89ed3a3ac94fce3af9c923a,2024-01-21T19:18:54.206000,sent,kaspa:qpnnw3xvrmu7c24rn9ccpfd5dt75ysqykjya5hmxdn4cudjl6v0pgjyja8cm4,20000000000000,
52a878a8a448cc10b702e74be716ed6aa1599cc1e89ed3a3ac94fce3af9c923a,2024-01-21T19:18:54.206000,sent,kaspa:qpnnw3xvrmu7c24rn9ccpfd5dt75ysqykjya5hmxdn4cudjl6v0pgjyja8cm4,20000000000000,
52a878a8a448cc10b702e74be716ed6aa1599cc1e89ed3a3ac94fce3af9c923a,2024-01-21T19:18:54.206000,sent,kaspa:qpnnw3xvrmu7c24rn9ccpfd5dt75ysqykjya5hmxdn4cudjl6v0pgjyja8cm4,20000000000000,
52a878a8a448cc10b702e74be716ed6aa1599cc1e89ed3a3ac94fce3af9c923a,2024-01-21T19:18:54.206000,sent,kaspa:qpnnw3xvrmu7c24rn9ccpfd5dt75ysqykjya5hmxdn4cudjl6v0pgjyja8cm4,20000000000000,
d9832813281941605091244363aa5a242a4a95f628e091b409096db6fa5f30bf,2024-01-18T16:00:22.371000,received,kaspa:qppr7q4mykgfw4s37lh4z7pqa6x5a5aya9g0ku4dvyk4rttf2smrxk4680npn,3184332140045,
812296f0d34c055cab147edc03f36c001cb080a8f34a31556e4d0b728dea0bda,2024-01-10T17:24:02.950000,received,kaspa:qqetp7ct8kqss99fxmymyz5t3fezppxp0t58wl6pawp27elqd46uudme00cl0,4378628000000,
812296f0d34c055cab147edc03f36c001cb080a8f34a31556e4d0b728dea0bda,2024-01-10T17:24:02.950000,received,kaspa:qpzpfwcsqsxhxwup26r55fd0ghqlhyugz8cp6y3wxuddc02vcxtjg75pspnwz,4378628000000,MEXC
d00df797c52cbd88833222e61f53e28586d160a23efff82c0efb96517377b3ab,2024-01-09T20:49:33.726000,sent,kaspa:qzhv45rlz7mlcvnllnl84m37z7lgtft55qweqdx8h9n39fdafckas2qx98rgf,5000000000000,
d00df797c52cbd88833222e61f53e28586d160a23efff82c0efb96517377b3ab,2024-01-09T20:49:33.726000,sent,kaspa:qzhv45rlz7mlcvnllnl84m37z7lgtft55qweqdx8h9n39fdafckas2qx98rgf,5000000000000,
d00df797c52cbd88833222e61f53e28586d160a23efff82c0efb96517377b3ab,2024-01-09T20:49:33.726000,sent,kaspa:qzhv45rlz7mlcvnllnl84m37z7lgtft55qweqdx8h9n39fdafckas2qx98rgf,5000000000000,
6af76c6f8811ac59610cc2c69a9999d62f12aa8cc611d328c3bd74a9ddc9667a,2024-01-09T20:26:50.306000,sent,kaspa:qzhv45rlz7mlcvnllnl84m37z7lgtft55qweqdx8h9n39fdafckas2qx98rgf,1000000000000,
eebbfd60d44e44ea1447b031ff3a48a8cb780dc0386dbc2153b84224af5c3af7,2023-11-10T14:52:06.496000,received,kaspa:qqetp7ct8kqss99fxmymyz5t3fezppxp0t58wl6pawp27elqd46uudme00cl0,4654175000000,
16ad022e7f309f6fbbf7e2f8cfff5a65be4ed99fff1eec9339ed166657171705,2023-10-30T13:58:05.773000,received,kaspa:qpzpfwcsqsxhxwup26r55fd0ghqlhyugz8cp6y3wxuddc02vcxtjg75pspnwz,11254236000000,MEXC
1046c736418a07f5f00e59e8954e8d05d6d942befa8fc85fd0f5265f5d83b1be,2023-10-05T23:46:04.606000,received,kaspa:qqetp7ct8kqss99fxmymyz5t3fezppxp0t58wl6pawp27elqd46uudme00cl0,6183787000000,
d701d9d9b92c7be3d3a90bf24e008d8c2f2317a6d960d9d8f11c3932f71a19ed,2023-10-04T03:33:05.220000,received,kaspa:qqetp7ct8kqss99fxmymyz5t3fezppxp0t58wl6pawp27elqd46uudme00cl0,969567000000,
03ce80e382d13adf2bb061972bdccbc55715cd37b12d4a957eea2446ec9a2640,2023-09-09T18:47:01.900000,received,kaspa:qqetp7ct8kqss99fxmymyz5t3fezppxp0t58wl6pawp27elqd46uudme00cl0,1292630000000,
deb74efe30d53a511ed665d929a604e28cc28e3411376ffa36049fd0f107bb98,2023-09-09T15:29:01.653000,received,kaspa:qqetp7ct8kqss99fxmymyz5t3fezppxp0t58wl6pawp27elqd46uudme00cl0,2589500000000,
