tx_id,timestamp,direction,peer_address,amount_sompi,cex_label
520019a8e570c743b856fb389072cc3a11878e7f6cfb77a0c4fe73675bebff73,2024-09-21T20:52:58.327000,sent,kaspa:qprm9jj96ajjt2dlnyj7j2qkdgp5hlk8lnugyl9hfr8tg0ndl3hwwx4jcpyhl,549900000000,
ccf1666f90f7235aa6857a89333fe9a00e3bfac7b7e39575c53da2c6aff05f43,2024-09-21T20:25:28.296000,sent,kaspa:qprm9jj96ajjt2dlnyj7j2qkdgp5hlk8lnugyl9hfr8tg0ndl3hwwx4jcpyhl,4452364000,
ccf1666f90f7235aa6857a89333fe9a00e3bfac7b7e39575c53da2c6aff05f43,2024-09-21T20:25:28.296000,sent,kaspa:qprm9jj96ajjt2dlnyj7j2qkdgp5hlk8lnugyl9hfr8tg0ndl3hwwx4jcpyhl,4452364000,
a0adcfe6e8aaf99b48916775d7845b114d4ed3cc46dd823b8468e2f9438fd073,2024-07-29T11:11:36.799000,received,kaspa:qq9zagcza4jt76eev9jl5z0nqhe0thcu7js8larktj4sle7lvgnw7sfcewlty,34381664015,
91fa7dce8602d56458e986f0dfdab1a325d3b673f05f43abbc73ba8438f0c0c9,2024-07-17T17:18:16.640000,sent,kaspa:qprm9jj96ajjt2dlnyj7j2qkdgp5hlk8lnugyl9hfr8tg0ndl3hwwx4jcpyhl,500000000000,
888049decb5fdd08022a10c1b1a896e3dbe7102b7ddbe07d7ba9e13ed4186196,2024-07-17T16:42:59.937000,sent,kaspa:qprm9jj96ajjt2dlnyj7j2qkdgp5hlk8lnugyl9hfr8tg0ndl3hwwx4jcpyhl,4100000000,
888049decb5fdd08022a10c1b1a896e3dbe7102b7ddbe07d7ba9e13ed4186196,2024-07-17T16:42:59.937000,sent,kaspa:qprm9jj96ajjt2dlnyj7j2qkdgp5hlk8lnugyl9hfr8tg0ndl3hwwx4jcpyhl,4100000000,
8e5d2efab39de4a15aa9b484c16322c7980bc6a023b427ba7faac3f20c30712c,2023-12-28T15:13:09.773000,received,kaspa:qqetp7ct8kqss99fxmymyz5t3fezppxp0t58wl6pawp27elqd46uudme00cl0,999000000000,
8e5d2efab39de4a15aa9b484c16322c7980bc6a023b427ba7faac3f20c30712c,2023-12-28T15:13:09.773000,received,kaspa:qpzpfwcsqsxhxwup26r55fd0ghqlhyugz8cp6y3wxuddc02vcxtjg75pspnwz,999000000000,MEXC
772bdd0b7248bc4f946ad1f2429cce28821dcc48f29b34e62b8500fdc556a3d5,2023-12-28T15:05:04.922000,received,kaspa:qqetp7ct8kqss99fxmymyz5t3fezppxp0t58wl6pawp27elqd46uudme00cl0,25170900000,
772bdd0b7248bc4f946ad1f2429cce28821dcc48f29b34e62b8500fdc556a3d5,2023-12-28T15:05:04.922000,received,kaspa:qpzpfwcsqsxhxwup26r55fd0ghqlhyugz8cp6y3wxuddc02vcxtjg75pspnwz,25170900000,MEXC
da24a4ba3ac4479017132c8669e774049ae570b330a6efc49aad836966b8be74,2023-08-30T08:43:39.274000,sent,kaspa:qpucy9yp26gl55vvzqfkr20k7pe62rh6l25q3c9lhuycftc872a7ksucwyuc8,3799404900000,
0f0e1cbf49458ff4f684a0a88ef746ce81a6d4abe582f60872e94c2e2ec49d84,2023-08-14T14:58:04.094000,received,kaspa:qqetp7ct8kqss99fxmymyz5t3fezppxp0t58wl6pawp27elqd46uudme00cl0,3799405000000,
