tx_id,timestamp,direction,peer_address,amount_sompi,cex_label
5705b8dbab659e0b8f6091b7ee2d084e3a0cad56c26d06408bcfff68f8f4b2c4,2023-12-13T08:38:57.091000,sent,kaspa:qqh06puhtgsu5utuakvv88ewhppn4dtp0k4a2df0xxga6ytg5p7vzcs0tuml5,14363160000,
43e87703f7f25bbb57cbdf403379ca311da378b00e78ee84881b8fc58c3e2b9c,2023-12-12T11:11:18.703000,received,kaspa:qypswxtcrv4ssyjaswy5w9387vq73mkuyq85tl34cee6qn5uexqy0csgnafnjx7,171000000,
74845a1b11c4b8e5c310b69f94591f4a734303e82f988d3641f208f10f915dd1,2023-11-28T15:41:11.609000,sent,kaspa:qyps06sa3c4z2vxct727nt4rztrt2dkqt8ywzks66ma0t9vjfvqmw8g3nxasp8v,18000000,
74845a1b11c4b8e5c310b69f94591f4a734303e82f988d3641f208f10f915dd1,2023-11-28T15:41:11.609000,sent,kaspa:qrr9442ezj032vfj327u5j3y9dwn30ysh92604zg3493zpnrndk7vuklstlfz,2604980000,
d84b3e6b5f07554997a56c4921a7c01e42ad0db47b093313ef2f20e6c51792ec,2023-11-28T15:24:58.301000,received,kaspa:qpx3qp3rr6cwsa86vu9qegdf78lxzcr3mwqv3uulq8e2gs9lnsddqv9g99man,2622990000,
