tx_id,timestamp,direction,peer_address,amount_sompi,cex_label
3138eaaaf871e86b404b0b94026e06b96f61ad269d1cde1e727426c5c32f410a,2024-09-24T08:31:56.117000,sent,kaspa:qptm606npg4yu8t8gkqc9x6lrq5m367avztxkgl5wyacpm5fun8x585rnw0fj,310000000000,
f2f35a39b32685967a1d25b48574bef803a612b27273bf065942266821a373cd,2024-09-19T20:09:36.825000,sent,kaspa:qzyuyp06trnqwcpcgxqp74rn0nytqpp33jh5clk6ldwrz9t9rec5vnnf5e0ax,500000000000,
f2f35a39b32685967a1d25b48574bef803a612b27273bf065942266821a373cd,2024-09-19T20:09:36.825000,sent,kaspa:qzyuyp06trnqwcpcgxqp74rn0nytqpp33jh5clk6ldwrz9t9rec5vnnf5e0ax,500000000000,
60f978e874b55fed6419777e7d98917762a0ef5fbf652fa829cf1ad5fc35e6f7,2024-08-05T12:15:58.757000,received,kaspa:qq9zagcza4jt76eev9jl5z0nqhe0thcu7js8larktj4sle7lvgnw7sfcewlty,173148569245,
60f978e874b55fed6419777e7d98917762a0ef5fbf652fa829cf1ad5fc35e6f7,2024-08-05T12:15:58.757000,received,kaspa:qq9zagcza4jt76eev9jl5z0nqhe0thcu7js8larktj4sle7lvgnw7sfcewlty,173148569245,
c60c4321255c977a48f179d344963fb17e371ec4b44eb62d255c5763d8be60c9,2024-08-05T12:11:38.586000,sent,kaspa:qq9zagcza4jt76eev9jl5z0nqhe0thcu7js8larktj4sle7lvgnw7sfcewlty,10000000000,
42a26d6819fa7e83c0074faade65d72098f2c36f08deda9dcb1268a40ef675d4,2024-03-20T21:12:00.394000,sent,kaspa:ppnx8w08jc45xnunkgvktzp5lw2du3qrqr9j5yjrx7pf8a8dzstkyfmlsr734,25000000000,
42a26d6819fa7e83c0074faade65d72098f2c36f08deda9dcb1268a40ef675d4,2024-03-20T21:12:00.394000,sent,kaspa:ppnx8w08jc45xnunkgvktzp5lw2du3qrqr9j5yjrx7pf8a8dzstkyfmlsr734,25000000000,
42a26d6819fa7e83c0074faade65d72098f2c36f08deda9dcb1268a40ef675d4,2024-03-20T21:12:00.394000,sent,kaspa:ppnx8w08jc45xnunkgvktzp5lw2du3qrqr9j5yjrx7pf8a8dzstkyfmlsr734,25000000000,
6c42bd311cf22f1cd1a6e6d6284d501b735e27bb368e41dded391b6370d238c5,2024-03-09T08:35:38.900000,received,kaspa:qq9zagcza4jt76eev9jl5z0nqhe0thcu7js8larktj4sle7lvgnw7sfcewlty,61099919461,
6c42bd311cf22f1cd1a6e6d6284d501b735e27bb368e41dded391b6370d238c5,2024-03-09T08:35:38.900000,received,kaspa:qq9zagcza4jt76eev9jl5z0nqhe0thcu7js8larktj4sle7lvgnw7sfcewlty,61099919461,
6c42bd311cf22f1cd1a6e6d6284d501b735e27bb368e41dded391b6370d238c5,2024-03-09T08:35:38.900000,received,kaspa:qq9zagcza4jt76eev9jl5z0nqhe0thcu7js8larktj4sle7lvgnw7sfcewlty,61099919461,
6c42bd311cf22f1cd1a6e6d6284d501b735e27bb368e41dded391b6370d238c5,2024-03-09T08:35:38.900000,received,kaspa:qq9zagcza4jt76eev9jl5z0nqhe0thcu7js8larktj4sle7lvgnw7sfcewlty,61099919461,
6c42bd311cf22f1cd1a6e6d6284d501b735e27bb368e41dded391b6370d238c5,2024-03-09T08:35:38.900000,received,kaspa:qq9zagcza4jt76eev9jl5z0nqhe0thcu7js8larktj4sle7lvgnw7sfcewlty,61099919461,
6c42bd311cf22f1cd1a6e6d6284d501b735e27bb368e41dded391b6370d238c5,2024-03-09T08:35:38.900000,received,kaspa:qq9zagcza4jt76eev9jl5z0nqhe0thcu7js8larktj4sle7lvgnw7sfcewlty,61099919461,
b6a6fa196c25508d35b7eb76bf53ae38724dd95d0160c33185f394d669aef013,2024-02-28T08:13:10.629000,received,kaspa:qq9zagcza4jt76eev9jl5z0nqhe0thcu7js8larktj4sle7lvgnw7sfcewlty,66182947135,
0d5750a19fffc7e48b4a6ef7b0c7e026c7a0f3e240eb99672c908c569c4eef6a,2024-02-25T15:25:43.195000,sent,kaspa:qqvx5h7g6esqqv4gh734jznlzcdqk74fefa9qwhmmdtzzut9hm73x5pca3pu7,100000000000,
0d5750a19fffc7e48b4a6ef7b0c7e026c7a0f3e240eb99672c908c569c4eef6a,2024-02-25T15:25:43.195000,sent,kaspa:qqvx5h7g6esqqv4gh734jznlzcdqk74fefa9qwhmmdtzzut9hm73x5pca3pu7,100000000000,
0d5750a19fffc7e48b4a6ef7b0c7e026c7a0f3e240eb99672c908c569c4eef6a,2024-02-25T15:25:43.195000,sent,kaspa:qqvx5h7g6esqqv4gh734jznlzcdqk74fefa9qwhmmdtzzut9hm73x5pca3pu7,100000000000,
0d5750a19fffc7e48b4a6ef7b0c7e026c7a0f3e240eb99672c908c569c4eef6a,2024-02-25T15:25:43.195000,sent,kaspa:qqvx5h7g6esqqv4gh734jznlzcdqk74fefa9qwhmmdtzzut9hm73x5pca3pu7,100000000000,
ceef04c009f16e92d627880830e0a30f8df08ae834aa83e7b69ee5e47ad82f4b,2024-02-25T15:13:40.974000,received,kaspa:qq9zagcza4jt76eev9jl5z0nqhe0thcu7js8larktj4sle7lvgnw7sfcewlty,59121251304,
4a370af39a12ae3ef24d072ee7bbc4e836aef38e63ca7574a7d419130d7ba30d,2024-02-07T10:13:53.130000,received,kaspa:qq9zagcza4jt76eev9jl5z0nqhe0thcu7js8larktj4sle7lvgnw7sfcewlty,609981188316,
80f641afc4154cdadc33195df1f88422664237dd3461107cd8b4bca2123f6d2a,2023-12-10T18:23:11.007000,received,kaspa:qphgyc6w4q0k2s9xxyjwp3zc2memdkqf877k3f8u23k5r3ahtysmc64cv27z9,8975000000,
fa17d18672b285dd4a8f800d52f213db23b22c5a95aad72805efed497a5ef0c0,2023-12-06T19:56:58.999000,sent,kaspa:qqwvnkp47wsj6n4hkdlgj8dsauyx0xvefunnwvvsmpq2udd0ka8ckmpuqw3k5,122420498000,
fa17d18672b285dd4a8f800d52f213db23b22c5a95aad72805efed497a5ef0c0,2023-12-06T19:56:58.999000,sent,kaspa:qqwvnkp47wsj6n4hkdlgj8dsauyx0xvefunnwvvsmpq2udd0ka8ckmpuqw3k5,122420498000,
686cf3fc09ca8983ac12c7b07e98e353c76c393ff5f4418419a6ad4ec4790b74,2023-12-05T16:59:33.735000,received,kaspa:qp9n73f54ta5xrk75p9x4nq9xx0jjlqpm2gjmkr5g99wfl2ulht7zcmhjem79,74600000000,
b4b32311cfe3735f88b029fe8f50e1687e65e08fcf69f04a23969a0ad1e9d689,2023-11-23T18:25:14.631000,sent,kaspa:qq8pmffkg4hegmtcuslfr8sdn4z82hmnts4rrnutsa52tgnzk8qq7l6z6gq63,619754940000,
e359dd80a057e67c562ffbcad2e92d7b395e9e562cd11e2f272ef632078f55f6,2023-11-23T17:30:29.276000,sent,kaspa:qq8pmffkg4hegmtcuslfr8sdn4z82hmnts4rrnutsa52tgnzk8qq7l6z6gq63,1000000000,
e359dd80a057e67c562ffbcad2e92d7b395e9e562cd11e2f272ef632078f55f6,2023-11-23T17:30:29.276000,sent,kaspa:qq8pmffkg4hegmtcuslfr8sdn4z82hmnts4rrnutsa52tgnzk8qq7l6z6gq63,1000000000,
072211eeb4a61f8de625f2761c9181be27abd7a063ea8ad80a3ac039104dc3cd,2023-11-23T10:44:01.899000,received,kaspa:qqfssrr8slphxf7ua60v5ph7wmyal2qutgq75sm8kwz02kvlv8s3qgxq62cm7,305500640000,
078cb2304dd268145ed38d751cf8c72443437135161521139ce53df9ffc7a799,2023-11-21T17:10:55.736000,sent,kaspa:qyppejqajtcekfmrk7275pw7p5gza7aquuwxg80mfdvskrmyedty4tc749x4vmw,10000000000,
adee7b2ea9e1d3291c8827f92ec768502baacd6c71751f6176f3ea5bb803ac9d,2023-11-20T11:40:31.164000,received,kaspa:qqgd80fs6ktwlfanr98nhtpp22mtsswhnsn3fnrywsj3ekssj5ne7596rur64,397000000000,
