tx_id,timestamp,direction,peer_address,amount_sompi,cex_label
3381ae16c7a2cd1312f6db58eaa3e5e30b5e2192aa50f9b898972af38473624b,2023-12-16T05:01:58.373000,sent,kaspa:qzslgwenzu78t6tldlng383g7ruu4enaljmnkgaulyrscjp7ldt26x8gfxck5,171940000,
3381ae16c7a2cd1312f6db58eaa3e5e30b5e2192aa50f9b898972af38473624b,2023-12-16T05:01:58.373000,sent,kaspa:qzslgwenzu78t6tldlng383g7ruu4enaljmnkgaulyrscjp7ldt26x8gfxck5,171940000,
564833241f3f22c72d20606b1da87c3b02950fa8e5d30a7e4eaf9fd1ce73c103,2023-12-13T00:08:35.032000,received,kaspa:qypswxtcrv4ssyjaswy5w9387vq73mkuyq85tl34cee6qn5uexqy0csgnafnjx7,171000000,
d1eeb26b3d627b186145bd9aba22bf87d1ed30a51fe81202f9e27cc144b92327,2023-11-29T15:50:48.915000,sent,kaspa:qypy8pdm02rfqtmgqum0qd8laeya3zt02c29kewsh304mu75lq7k99sf6e92al4,18000000,
f3246543f12f13b0276f1f427bc3f6628c69d366fd81c15bff51089adc78308b,2023-11-27T23:08:35.236000,received,kaspa:qq9dz6cceyh5g8yy55qje94ds3nllscazxg3d79exxxnusfepdqh57t968mtx,19000000,
