tx_id,timestamp,direction,peer_address,amount_sompi,cex_label
dc0b17dd22198f86baf9dd9b75d1816c423ca26a86d3dd7ddeabe70365bcc31a,2023-12-16T05:16:31.792000,sent,kaspa:qzslgwenzu78t6tldlng383g7ruu4enaljmnkgaulyrscjp7ldt26x8gfxck5,171940000,
dc0b17dd22198f86baf9dd9b75d1816c423ca26a86d3dd7ddeabe70365bcc31a,2023-12-16T05:16:31.792000,sent,kaspa:qzslgwenzu78t6tldlng383g7ruu4enaljmnkgaulyrscjp7ldt26x8gfxck5,171940000,
5044b727c4809b365c9c817544eafa910ce45702e916f85c13110e930fdd55ee,2023-12-13T03:34:59.099000,received,kaspa:qypswxtcrv4ssyjaswy5w9387vq73mkuyq85tl34cee6qn5uexqy0csgnafnjx7,171000000,
1259026ec18d45012649f0626deaf4dd37092c0aad8af0351fe1b025552a15ec,2023-11-29T18:50:31.822000,sent,kaspa:qypd6df500tmcp7deh7cdpufjumwny8gakrhsagl3l9yymz36j7m2xchpaddd5w,18000000,
1070bd79e4a3f38e686a25eebedc0647c56e23dea49ccfaf27ad0ae784db38eb,2023-11-28T13:07:24.757000,received,kaspa:qr6uctv0jtk6hvppfh98yec3yrqtpqgaplm57220c0lf0nvhzqe7xx45xh4w0,19000000,
