tx_id,timestamp,direction,peer_address,amount_sompi,cex_label
a3000621c08bc950c4f924834f65f0de0ebdf999b63c2d8c47c7eca1120df0e9,2023-12-09T21:18:42.676000,sent,kaspa:qq3k4du6wf2g26j7ds6fqmgtgavgm3zy676wntp2e52nsuns2n4s6xkndmx0y,417976894975,
684571cb9abf886ffea035ffe8b490f025e84b8da3fb56a7c077166a9b828b0f,2023-12-09T21:13:28.925000,received,kaspa:qyprv3r2k62vvwy9ef4p97gu9hrx7z7sw6ry0dlf7mremmehjjudz3g0zzy2lxk,417977004975,
691d13ebbf1af917db366428c57ec982cd28a91d7adfa6b81ba64a65a94b4193,2023-11-28T11:27:21.582000,sent,kaspa:qq3k4du6wf2g26j7ds6fqmgtgavgm3zy676wntp2e52nsuns2n4s6xkndmx0y,441563890000,
b7e8835dcd76accd6c3eb1224730316800e4f4805a8c990057c64913473b0d11,2023-11-28T11:23:05.564000,received,kaspa:qqetp7ct8kqss99fxmymyz5t3fezppxp0t58wl6pawp27elqd46uudme00cl0,441564000000,
c567e4a4936b7bf44fb5c36412fd831aff17b926080fefd2fd6b7adca67cbeeb,2023-08-31T14:44:35.928000,sent,kaspa:qq3k4du6wf2g26j7ds6fqmgtgavgm3zy676wntp2e52nsuns2n4s6xkndmx0y,299999980000,
b5801041a3d01479c21b18af2912672e667004fa5efa8fcba8f5bb95d2a2d88d,2023-08-31T14:40:26.899000,received,kaspa:qza77k37p68n6ycwx4qs7fx82ccvqzy9enas7zw6dlf5lg87kqq3yd7lkw4h4,300000000000,
b5801041a3d01479c21b18af2912672e667004fa5efa8fcba8f5bb95d2a2d88d,2023-08-31T14:40:26.899000,received,kaspa:qza77k37p68n6ycwx4qs7fx82ccvqzy9enas7zw6dlf5lg87kqq3yd7lkw4h4,300000000000,
b5801041a3d01479c21b18af2912672e667004fa5efa8fcba8f5bb95d2a2d88d,2023-08-31T14:40:26.899000,received,kaspa:qza77k37p68n6ycwx4qs7fx82ccvqzy9enas7zw6dlf5lg87kqq3yd7lkw4h4,300000000000,
b5801041a3d01479c21b18af2912672e667004fa5efa8fcba8f5bb95d2a2d88d,2023-08-31T14:40:26.899000,received,kaspa:qza77k37p68n6ycwx4qs7fx82ccvqzy9enas7zw6dlf5lg87kqq3yd7lkw4h4,300000000000,
b5801041a3d01479c21b18af2912672e667004fa5efa8fcba8f5bb95d2a2d88d,2023-08-31T14:40:26.899000,received,kaspa:qza77k37p68n6ycwx4qs7fx82ccvqzy9enas7zw6dlf5lg87kqq3yd7lkw4h4,300000000000,
a09fb1bfef783a60000ffb741bf206830d74a939603c3698b44a0307d494c58a,2023-07-13T12:26:50.739000,sent,kaspa:qq3k4du6wf2g26j7ds6fqmgtgavgm3zy676wntp2e52nsuns2n4s6xkndmx0y,113878980000,
930f59abc57eecc3149deb5129920f594fccc2a2aaf9a9af40aec29c9410e761,2023-07-13T12:22:03.803000,received,kaspa:qqetp7ct8kqss99fxmymyz5t3fezppxp0t58wl6pawp27elqd46uudme00cl0,113879000000,
