tx_id,timestamp,direction,peer_address,amount_sompi,cex_label
eaa0a3db8881cc2c09d674ea0a35d5bcb0c9d53f2d52ab60f89c65ca0c9c451a,2023-11-28T14:16:28.648000,sent,kaspa:qph07c6sgz3tnt6qq2rq3nr97mcrw0rrffj0un86fttmt4927uenjt83e8cy4,20000000000000,
eaa0a3db8881cc2c09d674ea0a35d5bcb0c9d53f2d52ab60f89c65ca0c9c451a,2023-11-28T14:16:28.648000,sent,kaspa:qqk684luajlrfd8233dlfvxamda5rxwv3a6r6a5mcv6ggksd8a836u740qmv3,1068408970994711,
00f7aa677197e02ec51b6b97a90c445e93fec33f12271d75671941e1fba6b42f,2023-05-27T00:27:22.467000,received,kaspa:qq7hfzy0fzp0f3k0qg6q7tzxen93qm8v598kfuddlksq2873n9g7gpq8jjszz,1088408970996780,
00f7aa677197e02ec51b6b97a90c445e93fec33f12271d75671941e1fba6b42f,2023-05-27T00:27:22.467000,received,kaspa:qpqc5n4qm0sgdy7lqms3wa23ydpceh22xtdlw3ey5pv3sulelt8v2auquhmf7,1088408970996780,
