tx_id,timestamp,direction,peer_address,amount_sompi,cex_label
823768982ef6007e0c139aab32705d3a99b32453d35f9d13a92db9ef9c4417f9,2023-12-16T04:06:48.806000,sent,kaspa:qzslgwenzu78t6tldlng383g7ruu4enaljmnkgaulyrscjp7ldt26x8gfxck5,171940000,
823768982ef6007e0c139aab32705d3a99b32453d35f9d13a92db9ef9c4417f9,2023-12-16T04:06:48.806000,sent,kaspa:qzslgwenzu78t6tldlng383g7ruu4enaljmnkgaulyrscjp7ldt26x8gfxck5,171940000,
6c5f083f612bf70ef1f16aa078c46a3c81ee852060787dbf7a1be2095eef9ef1,2023-12-12T19:35:52.111000,received,kaspa:qypswxtcrv4ssyjaswy5w9387vq73mkuyq85tl34cee6qn5uexqy0csgnafnjx7,171000000,
1cda3595a3250144d2515ea5f4b29ab0c07d27dbdbcaf9f2ca6c4619c8e50ba9,2023-11-29T09:24:33.618000,sent,kaspa:qyp4a9uv9j9975perhju85maluhrw5udwd8476ltlnk32dletmv086g7nrzufjx,18000000,
79c873c410d74008c145257d36bad8e826533974a908f697c567e22cb92d366d,2023-11-27T18:15:58.627000,received,kaspa:qpj4z7muxq5rzynfd4ku407v4x4v4w7pxykpd92m370v8zpg4ywsz4n5r9cju,19000000,
