tx_id,timestamp,direction,peer_address,amount_sompi,cex_label
c8935d5cf47aa1f105a49494aca27d7da5c7e9219e1ad05ecf3da92e21209b95,2025-01-12T12:00:50.193000,sent,kaspa:qqau5swtsul8l8dvmwhtxwqnvaeeazzwjvuj8xcmft3s3fy9yvh7yk8pn0k26,4690000000000,
c8935d5cf47aa1f105a49494aca27d7da5c7e9219e1ad05ecf3da92e21209b95,2025-01-12T12:00:50.193000,sent,kaspa:qqau5swtsul8l8dvmwhtxwqnvaeeazzwjvuj8xcmft3s3fy9yvh7yk8pn0k26,4690000000000,
f30ca7c5bed978f75a7f47fcdf59467adc34756b09e98a0f2aff6243f5b9e0b6,2024-10-23T10:57:39.534000,received,kaspa:qpzpfwcsqsxhxwup26r55fd0ghqlhyugz8cp6y3wxuddc02vcxtjg75pspnwz,2278119000000,MEXC
f30ca7c5bed978f75a7f47fcdf59467adc34756b09e98a0f2aff6243f5b9e0b6,2024-10-23T10:57:39.534000,received,kaspa:qpzpfwcsqsxhxwup26r55fd0ghqlhyugz8cp6y3wxuddc02vcxtjg75pspnwz,2278119000000,MEXC
8b78368dfc93fa23893acf2fa1daea93f7bc08640af29887828203a114d36395,2024-10-22T14:35:16.626000,sent,kaspa:qzk8wy5agnfw6s90lxtu26022l477kzlhcw87tjtvc6tqrzqx4xl7j9q6dvtr,1500000000000,
8b78368dfc93fa23893acf2fa1daea93f7bc08640af29887828203a114d36395,2024-10-22T14:35:16.626000,sent,kaspa:qzk8wy5agnfw6s90lxtu26022l477kzlhcw87tjtvc6tqrzqx4xl7j9q6dvtr,1500000000000,
166e4dd26ceb79fb122e7ff13052b68386961a57b9284403675bb9908d96d065,2024-10-22T14:15:03.756000,received,kaspa:qrelgny7sr3vahq69yykxx36m65gvmhryxrlwngfzgu8xkdslum2yxjp3ap8m,750965874000,Gate.io
38aa6c6fa70dbca361020cb949931a5a5529a39f3ad55b50ccce83d35d5d85b3,2024-10-22T11:37:39.417000,sent,kaspa:qzk8wy5agnfw6s90lxtu26022l477kzlhcw87tjtvc6tqrzqx4xl7j9q6dvtr,750000000000,
7eec2ca38452bed57bb0c7dd29cc8d85c49823a10d32ee69c182ba7b583c70eb,2024-10-22T10:13:22.721000,sent,kaspa:qzk8wy5agnfw6s90lxtu26022l477kzlhcw87tjtvc6tqrzqx4xl7j9q6dvtr,750000000000,
ced9a83228e8680e446c0f08d4c1bca07f2314dfdf6ca17bb637bd1ce8e91e06,2024-10-22T10:02:56.778000,sent,kaspa:qzk8wy5agnfw6s90lxtu26022l477kzlhcw87tjtvc6tqrzqx4xl7j9q6dvtr,1000000000,
343f6dff80db192091a4a0d0e8bfc070c18bf4b0cdc0af792aef1e171ba103f9,2024-08-24T16:37:11.375000,sent,kaspa:qqau5swtsul8l8dvmwhtxwqnvaeeazzwjvuj8xcmft3s3fy9yvh7yk8pn0k26,175000000000,
343f6dff80db192091a4a0d0e8bfc070c18bf4b0cdc0af792aef1e171ba103f9,2024-08-24T16:37:11.375000,sent,kaspa:qqau5swtsul8l8dvmwhtxwqnvaeeazzwjvuj8xcmft3s3fy9yvh7yk8pn0k26,175000000000,
08b4ea9989be0b7b0d6e08d0f0a3afad6a2ba9dfc099a2012160a0277255095b,2024-05-24T08:57:05.118000,received,kaspa:qpzpfwcsqsxhxwup26r55fd0ghqlhyugz8cp6y3wxuddc02vcxtjg75pspnwz,4183823000000,MEXC
08b4ea9989be0b7b0d6e08d0f0a3afad6a2ba9dfc099a2012160a0277255095b,2024-05-24T08:57:05.118000,received,kaspa:qpzpfwcsqsxhxwup26r55fd0ghqlhyugz8cp6y3wxuddc02vcxtjg75pspnwz,4183823000000,MEXC
08b4ea9989be0b7b0d6e08d0f0a3afad6a2ba9dfc099a2012160a0277255095b,2024-05-24T08:57:05.118000,received,kaspa:qpzpfwcsqsxhxwup26r55fd0ghqlhyugz8cp6y3wxuddc02vcxtjg75pspnwz,4183823000000,MEXC
db361202c176817f6d6ae680f12771ee796037967110d35f8d396f76b37aa353,2024-05-23T18:21:04.221000,sent,kaspa:qq9zagcza4jt76eev9jl5z0nqhe0thcu7js8larktj4sle7lvgnw7sfcewlty,1000000000000,
854638ccaad1d518f8fe15a077446d4175e9366a1b4333e05739a61d65bf39f0,2024-05-23T18:19:44.866000,sent,kaspa:qq9zagcza4jt76eev9jl5z0nqhe0thcu7js8larktj4sle7lvgnw7sfcewlty,1000000000000,
590c97bf602affca97177aa1e539bff3c9c8afdf16398a8a89e5acce1e33cea3,2024-05-23T18:17:44.161000,sent,kaspa:qq9zagcza4jt76eev9jl5z0nqhe0thcu7js8larktj4sle7lvgnw7sfcewlty,1000000000000,
5a0abb51721811f1ec8bf41dda4b54523ef90b086e858465dcaafe67aad150ce,2024-05-23T18:15:50.982000,sent,kaspa:qq9zagcza4jt76eev9jl5z0nqhe0thcu7js8larktj4sle7lvgnw7sfcewlty,1000000000000,
5a0abb51721811f1ec8bf41dda4b54523ef90b086e858465dcaafe67aad150ce,2024-05-23T18:15:50.982000,sent,kaspa:qq9zagcza4jt76eev9jl5z0nqhe0thcu7js8larktj4sle7lvgnw7sfcewlty,1000000000000,
5a0abb51721811f1ec8bf41dda4b54523ef90b086e858465dcaafe67aad150ce,2024-05-23T18:15:50.982000,sent,kaspa:qq9zagcza4jt76eev9jl5z0nqhe0thcu7js8larktj4sle7lvgnw7sfcewlty,1000000000000,
5aa3504527a55baaa809cbdcc45e8156befe9f8dfaac066753929dda1e25b31d,2024-05-23T18:01:03.262000,received,kaspa:qqetp7ct8kqss99fxmymyz5t3fezppxp0t58wl6pawp27elqd46uudme00cl0,2622971000000,
5aa3504527a55baaa809cbdcc45e8156befe9f8dfaac066753929dda1e25b31d,2024-05-23T18:01:03.262000,received,kaspa:qpzpfwcsqsxhxwup26r55fd0ghqlhyugz8cp6y3wxuddc02vcxtjg75pspnwz,2622971000000,MEXC
7fe0b6125beced3a5e9eec130f70451cc9bd6473efa43709d07306729b7b69b1,2024-05-17T10:34:03.282000,received,kaspa:qqetp7ct8kqss99fxmymyz5t3fezppxp0t58wl6pawp27elqd46uudme00cl0,2021849000000,
7fe0b6125beced3a5e9eec130f70451cc9bd6473efa43709d07306729b7b69b1,2024-05-17T10:34:03.282000,received,kaspa:qpzpfwcsqsxhxwup26r55fd0ghqlhyugz8cp6y3wxuddc02vcxtjg75pspnwz,2021849000000,MEXC
91eece464938c579043e2a89d626f8b33bf61c47a63d5848a082ec84f470bf33,2024-05-17T10:29:04.781000,received,kaspa:qqetp7ct8kqss99fxmymyz5t3fezppxp0t58wl6pawp27elqd46uudme00cl0,9000000000,
91eece464938c579043e2a89d626f8b33bf61c47a63d5848a082ec84f470bf33,2024-05-17T10:29:04.781000,received,kaspa:qpzpfwcsqsxhxwup26r55fd0ghqlhyugz8cp6y3wxuddc02vcxtjg75pspnwz,9000000000,MEXC
