tx_id,timestamp,direction,peer_address,amount_sompi,cex_label
b8921b51a13638944c4fae44f6115687b9e34d6f90c1f12c38462b8b5886e255,2023-12-16T03:20:14.690000,sent,kaspa:qzslgwenzu78t6tldlng383g7ruu4enaljmnkgaulyrscjp7ldt26x8gfxck5,171940000,
b8921b51a13638944c4fae44f6115687b9e34d6f90c1f12c38462b8b5886e255,2023-12-16T03:20:14.690000,sent,kaspa:qzslgwenzu78t6tldlng383g7ruu4enaljmnkgaulyrscjp7ldt26x8gfxck5,171940000,
04c9166f67083c841202f88c05fbad2daa90397170dfd3127d4811fda8645f48,2023-12-12T03:00:48.574000,received,kaspa:qypswxtcrv4ssyjaswy5w9387vq73mkuyq85tl34cee6qn5uexqy0csgnafnjx7,171000000,
52b5df4b6b2fe8cdd1f9a3af12d96358b4dbecbb35c2a168f0460c9495704a8b,2023-11-28T00:55:08.124000,sent,kaspa:qypsmctlngh2j4k5zzakgm3u2wv3q7kw0peugm09d8fn02dlf0l786cdxnln3yh,18000000,
69d73e9272312f768573832498d9d8c3840c4618aeedec9d38aa1deed4b4e020,2023-11-27T20:09:21.519000,received,kaspa:qqeyly5kcha7xxm6c6vy78m4le9jwx6tdwdeuxx60khd9pr9h37n7rhwsfj9p,19000000,
