tx_id,timestamp,direction,peer_address,amount_sompi,cex_label
06560650c807e359f3391c50b66e2cabf071bf1b15783c26c188490b781b9bab,2023-12-20T06:20:05.117000,sent,kaspa:qqsslpr5gst3y2s87k402r9yt7ajmak63vkgmathj8ys5qx4273jg40nngrd2,172970000,
06560650c807e359f3391c50b66e2cabf071bf1b15783c26c188490b781b9bab,2023-12-20T06:20:05.117000,sent,kaspa:qqsslpr5gst3y2s87k402r9yt7ajmak63vkgmathj8ys5qx4273jg40nngrd2,172970000,
b05c842320789d613dc7724a99137acbb126fa8bea185136d2a40d4f9b47f340,2023-12-12T07:43:49.287000,received,kaspa:qypswxtcrv4ssyjaswy5w9387vq73mkuyq85tl34cee6qn5uexqy0csgnafnjx7,171000000,
6c59b4de95384fca526b53b6ff3bf38ead7fa3a387023566e704b0d554384147,2023-11-28T09:41:30.189000,sent,kaspa:qypyavszv2s4t3aug93qh674fmsyg7t9v08dsyfn9g9a87wsm7qfsugcjgw6n8s,18000000,
f4f6c91677b2fd08b05db6295ebc48b224ee32ce73b6bbc8ff507ad96a1712f6,2023-11-26T18:57:14.950000,received,kaspa:qypl6a6nm0hqlpqz5k628yrc59vl9gpx5ulqwxsr36pua75u9gevxhgq8nrc0km,20000000,
