tx_id,timestamp,direction,peer_address,amount_sompi,cex_label
5619f0f4b1e24a3ef3b3e7ef52547ad18c58c7d46eb2cc1ba0d3d83727b104ec,2023-12-16T05:01:26.112000,sent,kaspa:qzslgwenzu78t6tldlng383g7ruu4enaljmnkgaulyrscjp7ldt26x8gfxck5,171940000,
5619f0f4b1e24a3ef3b3e7ef52547ad18c58c7d46eb2cc1ba0d3d83727b104ec,2023-12-16T05:01:26.112000,sent,kaspa:qzslgwenzu78t6tldlng383g7ruu4enaljmnkgaulyrscjp7ldt26x8gfxck5,171940000,
cdf99e2a9a2d8ac61edcab817c51467bc8cca29784159db7cfee65ea7fe6cc3b,2023-12-12T23:48:48.089000,received,kaspa:qypswxtcrv4ssyjaswy5w9387vq73mkuyq85tl34cee6qn5uexqy0csgnafnjx7,171000000,
7b32f64657474bb9cc80eb4660b7132d3b0c6f9f2730b6b6ed51c85441faa1d3,2023-11-29T15:29:11.778000,sent,kaspa:qyphgmfaz8df8q294eaut74ysd43qejmxwuj0rsyetask45e9977jts9slkdn9u,18000000,
fc1863507f37f680ad784d310fe921f983d4c1ede6af020d88d8f994e4111530,2023-11-27T21:20:53.682000,received,kaspa:qzaqxltqvnat7lqekkqaf586rmyxjkru76a5g23yjcw5x0ymx0sxsftlzpgws,19000000,
