tx_id,timestamp,direction,peer_address,amount_sompi,cex_label
d151b965d8ed940e74601862f25799bd85c4e975a61ebef9ffc7a95d97dff90a,2023-12-16T04:12:14.097000,sent,kaspa:qzslgwenzu78t6tldlng383g7ruu4enaljmnkgaulyrscjp7ldt26x8gfxck5,171940000,
d151b965d8ed940e74601862f25799bd85c4e975a61ebef9ffc7a95d97dff90a,2023-12-16T04:12:14.097000,sent,kaspa:qzslgwenzu78t6tldlng383g7ruu4enaljmnkgaulyrscjp7ldt26x8gfxck5,171940000,
8d763d6f7e932ceb5c3c5a680302ef56a0457dd0c801d2df7887c81efc583b60,2023-12-12T08:49:55.111000,received,kaspa:qypswxtcrv4ssyjaswy5w9387vq73mkuyq85tl34cee6qn5uexqy0csgnafnjx7,171000000,
90824e1bc16d70a5b116ca5deefdf3f94d24bb19576b0743a0d49c7c23cbc948,2023-11-28T11:41:18.684000,sent,kaspa:qyp2hjazh6llhjzpe44ymduu4dkgmqes6scz7t0z0mwh0s6y4n8jzfgrqfd8efj,18000000,
449c0bb29543733489dcbaf920b4cabdd3227b365ef42da87d5b4cd42a5f7782,2023-11-27T13:00:13.683000,received,kaspa:qqu3y9zclllm6ldy3fkthve4f96p2xez7c28fya96vp3kh34ulnvy8fldmvve,19000000,
