tx_id,timestamp,direction,peer_address,amount_sompi,cex_label
998465593bd7b41da191f26810596c99fea33006d4fe3ef066ed48f79e11866c,2024-09-26T00:24:18.937000,sent,kaspa:qpy3jdwf6g2dxserev0y54g5ryf7eqxta9gxf4veens86xh69ah2yzn4z6fuj,15589604457580,
998465593bd7b41da191f26810596c99fea33006d4fe3ef066ed48f79e11866c,2024-09-26T00:24:18.937000,sent,kaspa:qpy3jdwf6g2dxserev0y54g5ryf7eqxta9gxf4veens86xh69ah2yzn4z6fuj,15589604457580,
75f780cca0962bc31eee89f4a202cc3be487016c0eef49fb92f17e84fa65551c,2024-09-26T00:03:03.259000,sent,kaspa:qpy3jdwf6g2dxserev0y54g5ryf7eqxta9gxf4veens86xh69ah2yzn4z6fuj,5000000000,
75f780cca0962bc31eee89f4a202cc3be487016c0eef49fb92f17e84fa65551c,2024-09-26T00:03:03.259000,sent,kaspa:qpy3jdwf6g2dxserev0y54g5ryf7eqxta9gxf4veens86xh69ah2yzn4z6fuj,5000000000,
75f780cca0962bc31eee89f4a202cc3be487016c0eef49fb92f17e84fa65551c,2024-09-26T00:03:03.259000,sent,kaspa:qpy3jdwf6g2dxserev0y54g5ryf7eqxta9gxf4veens86xh69ah2yzn4z6fuj,5000000000,
89f5bb981fa687fdf8eb6055433be91ad74d5756019e276e075edfbe68df2844,2024-09-26T00:00:06.041000,received,kaspa:qqetp7ct8kqss99fxmymyz5t3fezppxp0t58wl6pawp27elqd46uudme00cl0,2598000000,
89f5bb981fa687fdf8eb6055433be91ad74d5756019e276e075edfbe68df2844,2024-09-26T00:00:06.041000,received,kaspa:qpzpfwcsqsxhxwup26r55fd0ghqlhyugz8cp6y3wxuddc02vcxtjg75pspnwz,2598000000,MEXC
c40151f806d61c9a405142370f812328eff0dc0beebdea09933e6bc9829d1576,2024-09-24T20:53:37.666000,received,kaspa:qpgmt2dn8wcqf0436n0kueap7yx82n7raurlj6aqjc3t3wm9y5ssqtg9e4lsm,15581721411333,
c40151f806d61c9a405142370f812328eff0dc0beebdea09933e6bc9829d1576,2024-09-24T20:53:37.666000,received,kaspa:qpgmt2dn8wcqf0436n0kueap7yx82n7raurlj6aqjc3t3wm9y5ssqtg9e4lsm,15581721411333,
c40151f806d61c9a405142370f812328eff0dc0beebdea09933e6bc9829d1576,2024-09-24T20:53:37.666000,received,kaspa:qpgmt2dn8wcqf0436n0kueap7yx82n7raurlj6aqjc3t3wm9y5ssqtg9e4lsm,15581721411333,
c40151f806d61c9a405142370f812328eff0dc0beebdea09933e6bc9829d1576,2024-09-24T20:53:37.666000,received,kaspa:qpgmt2dn8wcqf0436n0kueap7yx82n7raurlj6aqjc3t3wm9y5ssqtg9e4lsm,15581721411333,
c40151f806d61c9a405142370f812328eff0dc0beebdea09933e6bc9829d1576,2024-09-24T20:53:37.666000,received,kaspa:qpgmt2dn8wcqf0436n0kueap7yx82n7raurlj6aqjc3t3wm9y5ssqtg9e4lsm,15581721411333,
c40151f806d61c9a405142370f812328eff0dc0beebdea09933e6bc9829d1576,2024-09-24T20:53:37.666000,received,kaspa:qpgmt2dn8wcqf0436n0kueap7yx82n7raurlj6aqjc3t3wm9y5ssqtg9e4lsm,15581721411333,
c40151f806d61c9a405142370f812328eff0dc0beebdea09933e6bc9829d1576,2024-09-24T20:53:37.666000,received,kaspa:qpgmt2dn8wcqf0436n0kueap7yx82n7raurlj6aqjc3t3wm9y5ssqtg9e4lsm,15581721411333,
c40151f806d61c9a405142370f812328eff0dc0beebdea09933e6bc9829d1576,2024-09-24T20:53:37.666000,received,kaspa:qpgmt2dn8wcqf0436n0kueap7yx82n7raurlj6aqjc3t3wm9y5ssqtg9e4lsm,15581721411333,
eefdd9083425c86d490ddeb1f52d3fcb4c3fe5a6a574a1a27d421a7938c4bef7,2024-09-24T20:48:57.658000,received,kaspa:qpgmt2dn8wcqf0436n0kueap7yx82n7raurlj6aqjc3t3wm9y5ssqtg9e4lsm,9917908546,
f5bfd9c39df029f8feb22dda4657e395413abd22701afd089c5d9efdf15ee438,2024-09-19T03:45:25.462000,sent,kaspa:qq9zagcza4jt76eev9jl5z0nqhe0thcu7js8larktj4sle7lvgnw7sfcewlty,8397500000000,
f5bfd9c39df029f8feb22dda4657e395413abd22701afd089c5d9efdf15ee438,2024-09-19T03:45:25.462000,sent,kaspa:qq9zagcza4jt76eev9jl5z0nqhe0thcu7js8larktj4sle7lvgnw7sfcewlty,8397500000000,
a3e30b7f868357e7abeef2fadd4ad4da776be8f2f8ca1336a86014b593571a6a,2024-09-19T03:42:53.491000,received,kaspa:qpf4gjshrv5xgd7s0l7uehvcczcgx3u5juw77pt4q95h0ax0k62hvsvme480f,8396623384095,
374bd0dde621ff4d1360b218b53b9ac995c5cc8e03eaf22c99da1ac2dc78e8a0,2024-09-19T03:36:14.643000,sent,kaspa:qq9zagcza4jt76eev9jl5z0nqhe0thcu7js8larktj4sle7lvgnw7sfcewlty,3992207250,
b375ff51a3651fcbe67b11aefae12c06c8290ed74ebbd4d11dfe945a43cbeb61,2024-09-19T03:34:56.672000,received,kaspa:qqa2w94ylvy5ugu4zt7wscp3n6jqfvqm3ma5qe0e3yyaqwuu3hhv7eqzanh3m,5322943745,
