tx_id,timestamp,direction,peer_address,amount_sompi,cex_label
f9f6a13b20ac7b623256c94effa2d72c534fe95cd63a1e4ed46c689a9c4788a7,2024-01-03T11:52:07.002000,sent,kaspa:qq3k4du6wf2g26j7ds6fqmgtgavgm3zy676wntp2e52nsuns2n4s6xkndmx0y,799999890000,
fdf201ab0f5a2c6be75b46b0e8341f8d9921713499de3560d9af969355b31841,2024-01-03T11:47:54.679000,received,kaspa:qqwvnkp47wsj6n4hkdlgj8dsauyx0xvefunnwvvsmpq2udd0ka8ckmpuqw3k5,800000000000,
fdf201ab0f5a2c6be75b46b0e8341f8d9921713499de3560d9af969355b31841,2024-01-03T11:47:54.679000,received,kaspa:qqwvnkp47wsj6n4hkdlgj8dsauyx0xvefunnwvvsmpq2udd0ka8ckmpuqw3k5,800000000000,
fdf201ab0f5a2c6be75b46b0e8341f8d9921713499de3560d9af969355b31841,2024-01-03T11:47:54.679000,received,kaspa:qqwvnkp47wsj6n4hkdlgj8dsauyx0xvefunnwvvsmpq2udd0ka8ckmpuqw3k5,800000000000,
fdf201ab0f5a2c6be75b46b0e8341f8d9921713499de3560d9af969355b31841,2024-01-03T11:47:54.679000,received,kaspa:qqwvnkp47wsj6n4hkdlgj8dsauyx0xvefunnwvvsmpq2udd0ka8ckmpuqw3k5,800000000000,
fdf201ab0f5a2c6be75b46b0e8341f8d9921713499de3560d9af969355b31841,2024-01-03T11:47:54.679000,received,kaspa:qqwvnkp47wsj6n4hkdlgj8dsauyx0xvefunnwvvsmpq2udd0ka8ckmpuqw3k5,800000000000,
fdf201ab0f5a2c6be75b46b0e8341f8d9921713499de3560d9af969355b31841,2024-01-03T11:47:54.679000,received,kaspa:qqwvnkp47wsj6n4hkdlgj8dsauyx0xvefunnwvvsmpq2udd0ka8ckmpuqw3k5,800000000000,
fdf201ab0f5a2c6be75b46b0e8341f8d9921713499de3560d9af969355b31841,2024-01-03T11:47:54.679000,received,kaspa:qqwvnkp47wsj6n4hkdlgj8dsauyx0xvefunnwvvsmpq2udd0ka8ckmpuqw3k5,800000000000,
fdf201ab0f5a2c6be75b46b0e8341f8d9921713499de3560d9af969355b31841,2024-01-03T11:47:54.679000,received,kaspa:qqwvnkp47wsj6n4hkdlgj8dsauyx0xvefunnwvvsmpq2udd0ka8ckmpuqw3k5,800000000000,
fdf201ab0f5a2c6be75b46b0e8341f8d9921713499de3560d9af969355b31841,2024-01-03T11:47:54.679000,received,kaspa:qqwvnkp47wsj6n4hkdlgj8dsauyx0xvefunnwvvsmpq2udd0ka8ckmpuqw3k5,800000000000,
fdf201ab0f5a2c6be75b46b0e8341f8d9921713499de3560d9af969355b31841,2024-01-03T11:47:54.679000,received,kaspa:qqwvnkp47wsj6n4hkdlgj8dsauyx0xvefunnwvvsmpq2udd0ka8ckmpuqw3k5,800000000000,
d3887eecde8c4fd495b40ccb73cca934652ad0203f1cff057a34c5f5f286c074,2023-11-21T14:51:41.392000,sent,kaspa:qq3k4du6wf2g26j7ds6fqmgtgavgm3zy676wntp2e52nsuns2n4s6xkndmx0y,499999890000,
d5fc6201e671c7b8a2bea77ded99718020e5a9b9a0c7b7a40acf82cf9154f983,2023-11-21T14:46:40.319000,received,kaspa:qqwvnkp47wsj6n4hkdlgj8dsauyx0xvefunnwvvsmpq2udd0ka8ckmpuqw3k5,500000000000,
3223b252e1a321f109684705648c86dc71e75f3e137335728806d4a0e5bdf59e,2023-11-08T14:09:35.827000,sent,kaspa:qq3k4du6wf2g26j7ds6fqmgtgavgm3zy676wntp2e52nsuns2n4s6xkndmx0y,49999890000,
4c223dc29a972555cfe62b5152bd521dc171fbe3cb61c84d6b69b6aae8cde117,2023-11-08T14:05:01.202000,received,kaspa:qqwvnkp47wsj6n4hkdlgj8dsauyx0xvefunnwvvsmpq2udd0ka8ckmpuqw3k5,50000000000,
4c223dc29a972555cfe62b5152bd521dc171fbe3cb61c84d6b69b6aae8cde117,2023-11-08T14:05:01.202000,received,kaspa:qqwvnkp47wsj6n4hkdlgj8dsauyx0xvefunnwvvsmpq2udd0ka8ckmpuqw3k5,50000000000,
4c223dc29a972555cfe62b5152bd521dc171fbe3cb61c84d6b69b6aae8cde117,2023-11-08T14:05:01.202000,received,kaspa:qqwvnkp47wsj6n4hkdlgj8dsauyx0xvefunnwvvsmpq2udd0ka8ckmpuqw3k5,50000000000,
4c223dc29a972555cfe62b5152bd521dc171fbe3cb61c84d6b69b6aae8cde117,2023-11-08T14:05:01.202000,received,kaspa:qqwvnkp47wsj6n4hkdlgj8dsauyx0xvefunnwvvsmpq2udd0ka8ckmpuqw3k5,50000000000,
