tx_id,timestamp,direction,peer_address,amount_sompi,cex_label
988279ce4ca91eb65aba5cd5f842baa1b9dd46cb05654c4389efa99812342033,2024-01-04T12:39:39.529000,sent,kaspa:qpzpfwcsqsxhxwup26r55fd0ghqlhyugz8cp6y3wxuddc02vcxtjg75pspnwz,2000000000000,MEXC
988279ce4ca91eb65aba5cd5f842baa1b9dd46cb05654c4389efa99812342033,2024-01-04T12:39:39.529000,sent,kaspa:qpjunp39ssazf4rzfxxu0hd35xggfxn6lq0ls9u9q6peevzcmcv4xmv9q4njd,8874647013,
55f5a52792e36e3eb8bcd566bc92d019287c83b7a62219f1baaab13b02f25065,2024-01-04T12:31:07.300000,received,kaspa:qqwvnkp47wsj6n4hkdlgj8dsauyx0xvefunnwvvsmpq2udd0ka8ckmpuqw3k5,625132234390,
55f5a52792e36e3eb8bcd566bc92d019287c83b7a62219f1baaab13b02f25065,2024-01-04T12:31:07.300000,received,kaspa:qqwvnkp47wsj6n4hkdlgj8dsauyx0xvefunnwvvsmpq2udd0ka8ckmpuqw3k5,625132234390,
55f5a52792e36e3eb8bcd566bc92d019287c83b7a62219f1baaab13b02f25065,2024-01-04T12:31:07.300000,received,kaspa:qqwvnkp47wsj6n4hkdlgj8dsauyx0xvefunnwvvsmpq2udd0ka8ckmpuqw3k5,625132234390,
55f5a52792e36e3eb8bcd566bc92d019287c83b7a62219f1baaab13b02f25065,2024-01-04T12:31:07.300000,received,kaspa:qqwvnkp47wsj6n4hkdlgj8dsauyx0xvefunnwvvsmpq2udd0ka8ckmpuqw3k5,625132234390,
55f5a52792e36e3eb8bcd566bc92d019287c83b7a62219f1baaab13b02f25065,2024-01-04T12:31:07.300000,received,kaspa:qqwvnkp47wsj6n4hkdlgj8dsauyx0xvefunnwvvsmpq2udd0ka8ckmpuqw3k5,625132234390,
55f5a52792e36e3eb8bcd566bc92d019287c83b7a62219f1baaab13b02f25065,2024-01-04T12:31:07.300000,received,kaspa:qqwvnkp47wsj6n4hkdlgj8dsauyx0xvefunnwvvsmpq2udd0ka8ckmpuqw3k5,625132234390,
55f5a52792e36e3eb8bcd566bc92d019287c83b7a62219f1baaab13b02f25065,2024-01-04T12:31:07.300000,received,kaspa:qqwvnkp47wsj6n4hkdlgj8dsauyx0xvefunnwvvsmpq2udd0ka8ckmpuqw3k5,625132234390,
55f5a52792e36e3eb8bcd566bc92d019287c83b7a62219f1baaab13b02f25065,2024-01-04T12:31:07.300000,received,kaspa:qqwvnkp47wsj6n4hkdlgj8dsauyx0xvefunnwvvsmpq2udd0ka8ckmpuqw3k5,625132234390,
55f5a52792e36e3eb8bcd566bc92d019287c83b7a62219f1baaab13b02f25065,2024-01-04T12:31:07.300000,received,kaspa:qqwvnkp47wsj6n4hkdlgj8dsauyx0xvefunnwvvsmpq2udd0ka8ckmpuqw3k5,625132234390,
55f5a52792e36e3eb8bcd566bc92d019287c83b7a62219f1baaab13b02f25065,2024-01-04T12:31:07.300000,received,kaspa:qqwvnkp47wsj6n4hkdlgj8dsauyx0xvefunnwvvsmpq2udd0ka8ckmpuqw3k5,625132234390,
55f5a52792e36e3eb8bcd566bc92d019287c83b7a62219f1baaab13b02f25065,2024-01-04T12:31:07.300000,received,kaspa:qqwvnkp47wsj6n4hkdlgj8dsauyx0xvefunnwvvsmpq2udd0ka8ckmpuqw3k5,625132234390,
55f5a52792e36e3eb8bcd566bc92d019287c83b7a62219f1baaab13b02f25065,2024-01-04T12:31:07.300000,received,kaspa:qqwvnkp47wsj6n4hkdlgj8dsauyx0xvefunnwvvsmpq2udd0ka8ckmpuqw3k5,625132234390,
55f5a52792e36e3eb8bcd566bc92d019287c83b7a62219f1baaab13b02f25065,2024-01-04T12:31:07.300000,received,kaspa:qqwvnkp47wsj6n4hkdlgj8dsauyx0xvefunnwvvsmpq2udd0ka8ckmpuqw3k5,625132234390,
55f5a52792e36e3eb8bcd566bc92d019287c83b7a62219f1baaab13b02f25065,2024-01-04T12:31:07.300000,received,kaspa:qqwvnkp47wsj6n4hkdlgj8dsauyx0xvefunnwvvsmpq2udd0ka8ckmpuqw3k5,625132234390,
55f5a52792e36e3eb8bcd566bc92d019287c83b7a62219f1baaab13b02f25065,2024-01-04T12:31:07.300000,received,kaspa:qqwvnkp47wsj6n4hkdlgj8dsauyx0xvefunnwvvsmpq2udd0ka8ckmpuqw3k5,625132234390,
55f5a52792e36e3eb8bcd566bc92d019287c83b7a62219f1baaab13b02f25065,2024-01-04T12:31:07.300000,received,kaspa:qqwvnkp47wsj6n4hkdlgj8dsauyx0xvefunnwvvsmpq2udd0ka8ckmpuqw3k5,625132234390,
