tx_id,timestamp,direction,peer_address,amount_sompi,cex_label
278cd9d58a9f3b6321faf1a956e7b8dc0258086f25914f14cf1a34015f0480a5,2023-12-19T05:39:55.028000,sent,kaspa:qrkaxvl2tw6pq6zx9xrr9lqnt9x72upf0hsrp3cvgcmfz77m50ycua35nz200,172970000,
278cd9d58a9f3b6321faf1a956e7b8dc0258086f25914f14cf1a34015f0480a5,2023-12-19T05:39:55.028000,sent,kaspa:qrkaxvl2tw6pq6zx9xrr9lqnt9x72upf0hsrp3cvgcmfz77m50ycua35nz200,172970000,
053de92f31f073aec156aa065e20f17db18bcbf3c100eb1ad0aa6c65e8bb18e5,2023-12-12T20:25:59.357000,received,kaspa:qypswxtcrv4ssyjaswy5w9387vq73mkuyq85tl34cee6qn5uexqy0csgnafnjx7,171000000,
e6cfea5fd329abe844ae6fea4892e9dc44e9360512eff756b87b216218c89167,2023-11-29T10:54:15.327000,sent,kaspa:qypxvfscgsj2dck9q68ydckdzw2qa4qz79m404mvg2dp74lyzgnwlecxa3mcrku,18000000,
2c1c354cc9d6fd795cc7dc62dd760c4288e418f53c4e66fd820c95a865932bed,2023-11-28T09:47:51.746000,received,kaspa:qrk0wzkkvzvqk424fu2ld8j6gp7xlk3easu8dgunuhcwh5qvfa732rmucv3yu,20000000,
