tx_id,timestamp,direction,peer_address,amount_sompi,cex_label
ef4ec4b6f200e6eed5f74d6d25643ff0352f2714ce540f879e7f466a9c9254a2,2025-02-15T07:09:59.816000,sent,kaspa:qz9tpjgkt0jv3q07nz40uclc7lhasvmhgcnmwuwuqf4wqt3xvedv5hhaa97f3,93000000000,
ef4ec4b6f200e6eed5f74d6d25643ff0352f2714ce540f879e7f466a9c9254a2,2025-02-15T07:09:59.816000,sent,kaspa:qz9tpjgkt0jv3q07nz40uclc7lhasvmhgcnmwuwuqf4wqt3xvedv5hhaa97f3,93000000000,
2a7dc39a1a00b43d98b75e231fc4627591768119f5c5e5792a8500844670ba5c,2025-02-03T13:21:30.054000,received,kaspa:qrvum29vk365g0zcd5gx3c7h829etfq2ytdmscjzw4zw04fjfnprcg9c3tges,93229177000,
2185a2a8a80b8a8f08c63c9b373b9a42694ffab52947b238337ca727b250678a,2024-11-29T08:05:40.526000,sent,kaspa:qzqgh8dhp64vnzzk5zzd4923wytstkxtasg8868q6sea7l69puvucqncpkzvh,100000000000,
2185a2a8a80b8a8f08c63c9b373b9a42694ffab52947b238337ca727b250678a,2024-11-29T08:05:40.526000,sent,kaspa:qzqgh8dhp64vnzzk5zzd4923wytstkxtasg8868q6sea7l69puvucqncpkzvh,100000000000,
f1313fc55cd916be1cb216fd30fccb44d4f233c029c6450188c2f7d8dae2518b,2024-11-24T07:15:12.379000,received,kaspa:qzktcc9lwu3kmlrs6jzau087y8dx2t4vyd6uugcf98ggwa4dklr25l9st8xyr,100000000000,
32781208ab90aa6f49a22e4cd1c7c42e9f9354f2be146dc7d1783115700fa969,2024-11-21T14:16:25.408000,sent,kaspa:qzqgh8dhp64vnzzk5zzd4923wytstkxtasg8868q6sea7l69puvucqncpkzvh,291500000000,
32781208ab90aa6f49a22e4cd1c7c42e9f9354f2be146dc7d1783115700fa969,2024-11-21T14:16:25.408000,sent,kaspa:qzqgh8dhp64vnzzk5zzd4923wytstkxtasg8868q6sea7l69puvucqncpkzvh,291500000000,
32781208ab90aa6f49a22e4cd1c7c42e9f9354f2be146dc7d1783115700fa969,2024-11-21T14:16:25.408000,sent,kaspa:qzqgh8dhp64vnzzk5zzd4923wytstkxtasg8868q6sea7l69puvucqncpkzvh,291500000000,
32781208ab90aa6f49a22e4cd1c7c42e9f9354f2be146dc7d1783115700fa969,2024-11-21T14:16:25.408000,sent,kaspa:qzqgh8dhp64vnzzk5zzd4923wytstkxtasg8868q6sea7l69puvucqncpkzvh,291500000000,
a44c8dc3d6164c88878e72ff9834e59d6f55dffeb7e6be98f10a5dec071ee748,2024-11-18T06:12:50.955000,received,kaspa:qru6qv0wyf7sl7qtwqkx7c03yhs244c2nwavxaszhrm8rmk5dtlvwztc5arzk,202609975760,
a44c8dc3d6164c88878e72ff9834e59d6f55dffeb7e6be98f10a5dec071ee748,2024-11-18T06:12:50.955000,received,kaspa:qru6qv0wyf7sl7qtwqkx7c03yhs244c2nwavxaszhrm8rmk5dtlvwztc5arzk,202609975760,
e4b9122f581576494c930789ed11dd2804e02dd57d17c69b338bc310a9b8ec86,2024-11-18T06:08:51.696000,received,kaspa:qru6qv0wyf7sl7qtwqkx7c03yhs244c2nwavxaszhrm8rmk5dtlvwztc5arzk,26808816109,
816d5bad1d6455a2ce26c961f584f8ff28cf46a040c22674a1fd4c380eb010a6,2024-11-18T06:04:34.426000,received,kaspa:qpf4gjshrv5xgd7s0l7uehvcczcgx3u5juw77pt4q95h0ax0k62hvsvme480f,61461582601,
37c11bb8a25b69851daaddd8e8bd2b51bee75e472c52b7455c114bb7ce24c841,2024-11-11T18:21:15.598000,sent,kaspa:qrre6kkcp8xg2pfp3qwv2dfscv6342qxw0lgjad85cjd74yx9ssz2wrtp6c9l,99000000000,
6ff5a2b2b71d9ef6031c2abd32f55ccc2ad2d5cd9febd6935bdefe65f34ece08,2024-11-11T12:31:10.608000,received,kaspa:qpzpfwcsqsxhxwup26r55fd0ghqlhyugz8cp6y3wxuddc02vcxtjg75pspnwz,99720407042,MEXC
6ff5a2b2b71d9ef6031c2abd32f55ccc2ad2d5cd9febd6935bdefe65f34ece08,2024-11-11T12:31:10.608000,received,kaspa:qpzpfwcsqsxhxwup26r55fd0ghqlhyugz8cp6y3wxuddc02vcxtjg75pspnwz,99720407042,MEXC
5427c8d5ac871032ea90278d293c18ca3a1b8fd783ed3755ecd266b06867f055,2024-11-11T05:01:17.008000,sent,kaspa:qp56gcda0egwl0s32seame7smtsntcm6q45fttwt3u5xvvrajxgxqhr0upc00,117221407042,
5427c8d5ac871032ea90278d293c18ca3a1b8fd783ed3755ecd266b06867f055,2024-11-11T05:01:17.008000,sent,kaspa:qp56gcda0egwl0s32seame7smtsntcm6q45fttwt3u5xvvrajxgxqhr0upc00,117221407042,
5427c8d5ac871032ea90278d293c18ca3a1b8fd783ed3755ecd266b06867f055,2024-11-11T05:01:17.008000,sent,kaspa:qp56gcda0egwl0s32seame7smtsntcm6q45fttwt3u5xvvrajxgxqhr0upc00,117221407042,
5427c8d5ac871032ea90278d293c18ca3a1b8fd783ed3755ecd266b06867f055,2024-11-11T05:01:17.008000,sent,kaspa:qp56gcda0egwl0s32seame7smtsntcm6q45fttwt3u5xvvrajxgxqhr0upc00,117221407042,
1aed46fc9f7f71959ba587ac575add4a1000bae32401b275c9fa6c6b1061e885,2024-11-10T11:10:51.627000,received,kaspa:qpf4gjshrv5xgd7s0l7uehvcczcgx3u5juw77pt4q95h0ax0k62hvsvme480f,28807367502,
1aed46fc9f7f71959ba587ac575add4a1000bae32401b275c9fa6c6b1061e885,2024-11-10T11:10:51.627000,received,kaspa:qpf4gjshrv5xgd7s0l7uehvcczcgx3u5juw77pt4q95h0ax0k62hvsvme480f,28807367502,
01e68f5b457eccdf478daf6874f8772b88418757d9d7dce4291770f3ccbbfae8,2024-11-10T09:24:14.066000,received,kaspa:qpf4gjshrv5xgd7s0l7uehvcczcgx3u5juw77pt4q95h0ax0k62hvsvme480f,42160049624,
cda63e354f296996f2a24e349420ee4ddb8ae1792449542bc3076120043a76bc,2024-11-04T10:22:05.775000,received,kaspa:qqetp7ct8kqss99fxmymyz5t3fezppxp0t58wl6pawp27elqd46uudme00cl0,46058000000,
cda63e354f296996f2a24e349420ee4ddb8ae1792449542bc3076120043a76bc,2024-11-04T10:22:05.775000,received,kaspa:qpzpfwcsqsxhxwup26r55fd0ghqlhyugz8cp6y3wxuddc02vcxtjg75pspnwz,46058000000,MEXC
798d06e55270152a643c6ad34b9444b253cd0627424f084b90bfa838e6095f9e,2024-10-29T19:13:16.052000,sent,kaspa:qqnwprny5ck7qeeapw8htnptg8uwm048dymf3att80k34698jkd5z05sc6hvk,47000000000,
d7a5d1e74e7973c31e368a744f2411173d530dbcc22e7c7297117ac2b9eea55c,2024-10-28T11:59:07.424000,received,kaspa:qpzpfwcsqsxhxwup26r55fd0ghqlhyugz8cp6y3wxuddc02vcxtjg75pspnwz,47196000000,MEXC
d7a5d1e74e7973c31e368a744f2411173d530dbcc22e7c7297117ac2b9eea55c,2024-10-28T11:59:07.424000,received,kaspa:qpzpfwcsqsxhxwup26r55fd0ghqlhyugz8cp6y3wxuddc02vcxtjg75pspnwz,47196000000,MEXC
e0336662c459b551a466fd845a6d030126c48802d08444e4bc5cd84cf264526d,2024-10-24T14:02:18.228000,sent,kaspa:qp56gcda0egwl0s32seame7smtsntcm6q45fttwt3u5xvvrajxgxqhr0upc00,111957292803,
e0336662c459b551a466fd845a6d030126c48802d08444e4bc5cd84cf264526d,2024-10-24T14:02:18.228000,sent,kaspa:qp56gcda0egwl0s32seame7smtsntcm6q45fttwt3u5xvvrajxgxqhr0upc00,111957292803,
e0336662c459b551a466fd845a6d030126c48802d08444e4bc5cd84cf264526d,2024-10-24T14:02:18.228000,sent,kaspa:qp56gcda0egwl0s32seame7smtsntcm6q45fttwt3u5xvvrajxgxqhr0upc00,111957292803,
a7fc420b20dcff4fc922a76ca2b91bb354b5db2342d633c36474de8191b055aa,2024-10-23T07:56:05.688000,received,kaspa:qrmyvjydj57k980g9a8457j8ls2vxznzapxdxpezs3908pq9drt5qu8xhyqah,39500000000,
206587ce7f5b84ec11b936c2bac37c19735209cdb88563ec3b08444e0341b7d6,2024-10-13T16:07:29.317000,received,kaspa:qpf4gjshrv5xgd7s0l7uehvcczcgx3u5juw77pt4q95h0ax0k62hvsvme480f,6073550863,
0b9afb272bab49caba03d1bd8515d37a1dadc3f013ad1a78cc04fbba5cc2eb66,2024-10-13T16:01:57.265000,sent,kaspa:qr4m95nqwhpc737h7p84s5464u38skym502rd83zccrrrx4k7y53q9vh7ufcw,10000000000,
4f36e72885d9e1bb9de85b2f964adc07fc112e081b341e6a25572563c624b76c,2024-10-11T13:52:06.674000,received,kaspa:qpzpfwcsqsxhxwup26r55fd0ghqlhyugz8cp6y3wxuddc02vcxtjg75pspnwz,76383747862,MEXC
4f36e72885d9e1bb9de85b2f964adc07fc112e081b341e6a25572563c624b76c,2024-10-11T13:52:06.674000,received,kaspa:qpzpfwcsqsxhxwup26r55fd0ghqlhyugz8cp6y3wxuddc02vcxtjg75pspnwz,76383747862,MEXC
3fab1de5e8036259aaed58221445e76123f5e0835b18e6ce1cd978bf60117048,2024-10-03T16:58:50.443000,sent,kaspa:qp56gcda0egwl0s32seame7smtsntcm6q45fttwt3u5xvvrajxgxqhr0upc00,1002446747862,
3fab1de5e8036259aaed58221445e76123f5e0835b18e6ce1cd978bf60117048,2024-10-03T16:58:50.443000,sent,kaspa:qp56gcda0egwl0s32seame7smtsntcm6q45fttwt3u5xvvrajxgxqhr0upc00,1002446747862,
4b97e083e6a88b1cc5ed9c3080acda756459beeb3b254b5b11f8e6f2c883a5e3,2024-09-29T08:40:05.991000,received,kaspa:qqetp7ct8kqss99fxmymyz5t3fezppxp0t58wl6pawp27elqd46uudme00cl0,102450648939,
4b97e083e6a88b1cc5ed9c3080acda756459beeb3b254b5b11f8e6f2c883a5e3,2024-09-29T08:40:05.991000,received,kaspa:qpzpfwcsqsxhxwup26r55fd0ghqlhyugz8cp6y3wxuddc02vcxtjg75pspnwz,102450648939,MEXC
697c622ce9aa4df3d993328aac64482d98d4f05c36cebdb6f2657b267b5d5e87,2024-09-16T12:51:49.904000,sent,kaspa:qz9tpjgkt0jv3q07nz40uclc7lhasvmhgcnmwuwuqf4wqt3xvedv5hhaa97f3,6750000000000,
7b4e084e5a525f35a35f3bdf8f80847bc2b9072a81975ce5530cd45a075b3864,2024-09-16T12:50:15.727000,sent,kaspa:qz9tpjgkt0jv3q07nz40uclc7lhasvmhgcnmwuwuqf4wqt3xvedv5hhaa97f3,500000000000,
5f55c90b56ed46c48e5aecb2d878b151bd9a14857187a4b6a03aa78664e55e69,2024-09-16T12:44:40.525000,sent,kaspa:qpmmw8tj9zuwcmg2xeyjz0h5dn3qt2nclmtuemeqzaamq6ss2ug4y43xnkpfu,1000100000000,
09b53640dd8eee3424193d2320e84dd2338bf7f7813a84c94c5bb6035a1ae13a,2024-09-16T12:43:47.065000,sent,kaspa:qpmmw8tj9zuwcmg2xeyjz0h5dn3qt2nclmtuemeqzaamq6ss2ug4y43xnkpfu,1000000000000,
2ef8b7164ad12275d67fd0598e525b7d3706de643ae058aa9e59aae32ac2fe4b,2024-09-16T12:42:56.035000,sent,kaspa:qpmmw8tj9zuwcmg2xeyjz0h5dn3qt2nclmtuemeqzaamq6ss2ug4y43xnkpfu,1000000000000,
755eeebe4b7c102cac7b8d092eeea257791858cf23cac0ee5091494abd8603bb,2024-09-16T12:42:05.685000,sent,kaspa:qpmmw8tj9zuwcmg2xeyjz0h5dn3qt2nclmtuemeqzaamq6ss2ug4y43xnkpfu,1000000000000,
4ae0db9577a6daa0c02a8739453eba3807cf5fd06ff9b36df9996dc72d7cde51,2024-09-16T12:41:26.828000,sent,kaspa:qpmmw8tj9zuwcmg2xeyjz0h5dn3qt2nclmtuemeqzaamq6ss2ug4y43xnkpfu,500000000000,
4353cacaaddf9d6e099cad49cbf08c6aa78289d8c889d4d0c18be5508e76a2a3,2024-09-16T12:40:28.526000,sent,kaspa:qpmmw8tj9zuwcmg2xeyjz0h5dn3qt2nclmtuemeqzaamq6ss2ug4y43xnkpfu,500000000000,
a456e5da0cde7dac29eb9c019113e77edce56a8266843891b030d0f5327af89f,2024-09-16T12:39:45.686000,sent,kaspa:qpmmw8tj9zuwcmg2xeyjz0h5dn3qt2nclmtuemeqzaamq6ss2ug4y43xnkpfu,500000000000,
178909d99a682628d316a84438483a8ab1606d6e1f9af5ad48f6c1665bedb5be,2024-09-16T12:38:35.009000,sent,kaspa:qpmmw8tj9zuwcmg2xeyjz0h5dn3qt2nclmtuemeqzaamq6ss2ug4y43xnkpfu,500000000000,
3e81a1a0399258a37ec97d282d2e05dcbd5396ba347b41dce076c214380e741a,2024-09-16T12:37:41.935000,sent,kaspa:qpmmw8tj9zuwcmg2xeyjz0h5dn3qt2nclmtuemeqzaamq6ss2ug4y43xnkpfu,500000000000,
2d2dc6a83d910bbe19ceffb0dd56585b94fe177b3d02c25b46dd8e3789a4130d,2024-09-16T12:36:45.569000,sent,kaspa:qpmmw8tj9zuwcmg2xeyjz0h5dn3qt2nclmtuemeqzaamq6ss2ug4y43xnkpfu,500000000000,
647ddf5d87d5b678a89c25919b08c2ceb1660dc43e2a146486fae728db26f7c4,2024-09-16T12:35:53.972000,sent,kaspa:qpmmw8tj9zuwcmg2xeyjz0h5dn3qt2nclmtuemeqzaamq6ss2ug4y43xnkpfu,500000000000,
e8f3902a329d4d5971a5148670fabdef20498298ecff9b711e29b0f3b7a36c92,2024-09-16T12:33:37.969000,sent,kaspa:qpmmw8tj9zuwcmg2xeyjz0h5dn3qt2nclmtuemeqzaamq6ss2ug4y43xnkpfu,500000000000,
9c87eca1e100fc08eab1ed13a669db3cabf74f119ecda361a57ce20e01ee3533,2024-09-16T12:31:38.469000,sent,kaspa:qpmmw8tj9zuwcmg2xeyjz0h5dn3qt2nclmtuemeqzaamq6ss2ug4y43xnkpfu,500000000000,
9c87eca1e100fc08eab1ed13a669db3cabf74f119ecda361a57ce20e01ee3533,2024-09-16T12:31:38.469000,sent,kaspa:qpmmw8tj9zuwcmg2xeyjz0h5dn3qt2nclmtuemeqzaamq6ss2ug4y43xnkpfu,500000000000,
9c87eca1e100fc08eab1ed13a669db3cabf74f119ecda361a57ce20e01ee3533,2024-09-16T12:31:38.469000,sent,kaspa:qpmmw8tj9zuwcmg2xeyjz0h5dn3qt2nclmtuemeqzaamq6ss2ug4y43xnkpfu,500000000000,
9c87eca1e100fc08eab1ed13a669db3cabf74f119ecda361a57ce20e01ee3533,2024-09-16T12:31:38.469000,sent,kaspa:qpmmw8tj9zuwcmg2xeyjz0h5dn3qt2nclmtuemeqzaamq6ss2ug4y43xnkpfu,500000000000,
9c87eca1e100fc08eab1ed13a669db3cabf74f119ecda361a57ce20e01ee3533,2024-09-16T12:31:38.469000,sent,kaspa:qpmmw8tj9zuwcmg2xeyjz0h5dn3qt2nclmtuemeqzaamq6ss2ug4y43xnkpfu,500000000000,
aa89b443911d3792b3cd7a8645dade0c6782f34a8208abf1cd42024e37bcf027,2024-09-11T14:24:15.558000,received,kaspa:qrmyvjydj57k980g9a8457j8ls2vxznzapxdxpezs3908pq9drt5qu8xhyqah,150000000000,
aa89b443911d3792b3cd7a8645dade0c6782f34a8208abf1cd42024e37bcf027,2024-09-11T14:24:15.558000,received,kaspa:qqf6n2aqp2q3nu2q3jdnwmdcjsdrqkc9ep3aqcupa2jzr0vcgudkwefdzc70z,150000000000,
106a31e79120ab5834df5f4bf1c08c06414e8b2142fca6c28b392bf43c53a489,2024-08-08T11:20:26.566000,received,kaspa:qqdsdqqwvwkzxr3hx8m6fd8802lzrsl73s9797al74ew5kp9d3crw7w4un99f,250000000000,
e4aceb637b8a866e8245aafd1bd8f9cd5d3b3d1fe1ce39071d87f2adb40ff881,2024-07-24T10:43:42.461000,received,kaspa:qzzm2j8kgyfc6w038vetk72y0jm3r306hns7ycms4l05p4nm97uj2quyx4leu,100000000000,
fd5839832e730134c6b3a3d00a34c3bbc6e4bd4db548acd7fcce9c6b388c17b9,2024-06-30T10:00:50.213000,received,kaspa:qqwejuk6rrngnwcgh4nvdk9d3gkj63nu5deg23sduj0a3wptyuzkzc852t996,150000000000,
a0611e8590d8983d440bd96ad36057da61bd02dd4e22d3cdfb974ba193245929,2024-05-24T09:15:54.456000,sent,kaspa:qp82cw64e3nvw3e70cx2wkv6h94nnesfp0cf6tlg0x79ja4v5ydk5lrrrruw9,990000000000,
db917d2b30d7809da5749f4a06a61ef9f95bb817052f2cf963bf1a351f82846f,2024-05-24T09:12:15.783000,sent,kaspa:qp82cw64e3nvw3e70cx2wkv6h94nnesfp0cf6tlg0x79ja4v5ydk5lrrrruw9,10000000000,
db917d2b30d7809da5749f4a06a61ef9f95bb817052f2cf963bf1a351f82846f,2024-05-24T09:12:15.783000,sent,kaspa:qp82cw64e3nvw3e70cx2wkv6h94nnesfp0cf6tlg0x79ja4v5ydk5lrrrruw9,10000000000,
db917d2b30d7809da5749f4a06a61ef9f95bb817052f2cf963bf1a351f82846f,2024-05-24T09:12:15.783000,sent,kaspa:qp82cw64e3nvw3e70cx2wkv6h94nnesfp0cf6tlg0x79ja4v5ydk5lrrrruw9,10000000000,
db917d2b30d7809da5749f4a06a61ef9f95bb817052f2cf963bf1a351f82846f,2024-05-24T09:12:15.783000,sent,kaspa:qp82cw64e3nvw3e70cx2wkv6h94nnesfp0cf6tlg0x79ja4v5ydk5lrrrruw9,10000000000,
db917d2b30d7809da5749f4a06a61ef9f95bb817052f2cf963bf1a351f82846f,2024-05-24T09:12:15.783000,sent,kaspa:qp82cw64e3nvw3e70cx2wkv6h94nnesfp0cf6tlg0x79ja4v5ydk5lrrrruw9,10000000000,
db917d2b30d7809da5749f4a06a61ef9f95bb817052f2cf963bf1a351f82846f,2024-05-24T09:12:15.783000,sent,kaspa:qp82cw64e3nvw3e70cx2wkv6h94nnesfp0cf6tlg0x79ja4v5ydk5lrrrruw9,10000000000,
77466764c2608d7ebb631b23e308a332238172c75819f954054bd34d11903fa3,2024-05-19T06:41:38.397000,received,kaspa:qptk6mau6v33vefy9uq2survsnrfncte63zxksnyc62lhq24hq6k5zc2kehec,861900000000,
ae98acd4c61b4a02d0126372734ebe00b3ae4544c3fdfba730ecac6f9f48dbf4,2024-05-19T06:40:53.290000,received,kaspa:qzf8mj8k0l5g2ft4jm9a6umd49e6awr50wxea8d87rx4w4uvapacyhykppezd,8000000000,
39cd6b2f0fbb587b423a321b261e7c567455e253543d351b6f7f5ebf9b40d8ef,2024-05-06T09:07:00.702000,received,kaspa:qzd6msxw2nlvfm3cdp44pj0jv76cp6gwkknmk0erud3qgq8wwrdrjkya2j2vl,100000000000,
7e58d1e09e91ef253cc13ba6d7fed9d42c0cb8d14869c9fbaac51eb093703f6a,2024-04-08T11:10:48.120000,received,kaspa:qp3eslp9fsawc7x5d9fl8kawgrfwjutr6lj9w07wajjfgamhcrklynwx7vm7g,10000000000,
23c84306bf3b0d716f38434fd4f23b9030640956688eaeabd19e43349f625180,2024-04-07T11:58:00.415000,received,kaspa:qr74dnwnu94mytsvnveqhkd8qqexh65sqjn75uwhyvtsdl46ns4ezlf63ul0s,20000000000,
291dc3e6b641cc12f31cc10536cf99e76021a6a7a6747095ee78b6cfc3e298b9,2024-02-25T14:32:01.797000,sent,kaspa:qpwk672lnygfa9su7jnerkzyzn2p5eeyz0m6z0sheu42d2nq8rh86dpqhgezk,3999900000000,
324b54186ff3722bbb4a43e48f365503619cd0dd28f81eaaf1cae65752789334,2024-02-25T14:29:20.115000,sent,kaspa:qpa3yhl625exg0zyf0wtfmcp93fz9u5jkwfant8ll89ws6khyjqujj4c6dfc6,100000000,
a6ea4ad6e0a1e5cc8e164a284dd0fe15ac1fdb7e10a7365ee2829888a8967737,2023-12-08T14:48:00.003000,sent,kaspa:qqdsdqqwvwkzxr3hx8m6fd8802lzrsl73s9797al74ew5kp9d3crw7w4un99f,366900000000,
a6ea4ad6e0a1e5cc8e164a284dd0fe15ac1fdb7e10a7365ee2829888a8967737,2023-12-08T14:48:00.003000,sent,kaspa:qqdsdqqwvwkzxr3hx8m6fd8802lzrsl73s9797al74ew5kp9d3crw7w4un99f,366900000000,
a6ea4ad6e0a1e5cc8e164a284dd0fe15ac1fdb7e10a7365ee2829888a8967737,2023-12-08T14:48:00.003000,sent,kaspa:qqdsdqqwvwkzxr3hx8m6fd8802lzrsl73s9797al74ew5kp9d3crw7w4un99f,366900000000,
a6ea4ad6e0a1e5cc8e164a284dd0fe15ac1fdb7e10a7365ee2829888a8967737,2023-12-08T14:48:00.003000,sent,kaspa:qqdsdqqwvwkzxr3hx8m6fd8802lzrsl73s9797al74ew5kp9d3crw7w4un99f,366900000000,
d6f0f6fa577be020cc31c1b132738662379fe430ccf7f4ec64d350a0f05a257d,2023-12-08T11:55:27.071000,received,kaspa:qrvum29vk365g0zcd5gx3c7h829etfq2ytdmscjzw4zw04fjfnprcg9c3tges,92350457000,
c8fb5a9c416060c87275be785df9c0e664ed3bbfbaa5a58b5aa11988221dc69d,2023-12-08T10:05:04.574000,received,kaspa:qqywx2wszmnrsu0mzgav85rdwvzangfpdj9j3ady9jpr7hu4u8c2wl9wqgd6j,89086274324,
3d42618093415e7f0715b846e85ce0af02723329de49ca49a518cb31be3d9a5c,2023-12-07T19:11:09.127000,received,kaspa:qrvum29vk365g0zcd5gx3c7h829etfq2ytdmscjzw4zw04fjfnprcg9c3tges,185629085000,
3b2b00b337985a9f849c5eebff614e2efb1b743fa7a8ed957d7050716c5d6a17,2023-12-07T18:38:15.610000,sent,kaspa:qp56gcda0egwl0s32seame7smtsntcm6q45fttwt3u5xvvrajxgxqhr0upc00,1000000000000,
f78922cddefd3f2006f23e1f19e329f31e06179d08edcfedea0c13fb0c6e05a7,2023-11-23T16:42:33.144000,sent,kaspa:qp56gcda0egwl0s32seame7smtsntcm6q45fttwt3u5xvvrajxgxqhr0upc00,100000000000,
f78922cddefd3f2006f23e1f19e329f31e06179d08edcfedea0c13fb0c6e05a7,2023-11-23T16:42:33.144000,sent,kaspa:qp56gcda0egwl0s32seame7smtsntcm6q45fttwt3u5xvvrajxgxqhr0upc00,100000000000,
def8115778995971d96980aaa14a808b43a8c652678a46b94317c269997d15e6,2023-11-22T23:06:11.453000,received,kaspa:qp6l27jeps7vn0kcqlu9df9a98fj6005usa78w7h0syt8slnsl9rqputqqlyj,100000000000,
def8115778995971d96980aaa14a808b43a8c652678a46b94317c269997d15e6,2023-11-22T23:06:11.453000,received,kaspa:qqdsdqqwvwkzxr3hx8m6fd8802lzrsl73s9797al74ew5kp9d3crw7w4un99f,100000000000,
def8115778995971d96980aaa14a808b43a8c652678a46b94317c269997d15e6,2023-11-22T23:06:11.453000,received,kaspa:qz7n90jjsxc43tw5myen8qakldwe4wqv9la4vg33pjkc5u5wr6f8sz35s4z83,100000000000,
ff103363c864730a3863c9e42701aa3c746c973f57df61a13429aa563699806c,2023-11-19T08:46:29.072000,sent,kaspa:qp56gcda0egwl0s32seame7smtsntcm6q45fttwt3u5xvvrajxgxqhr0upc00,500000000000,
d0c4e75ef5d99e2f0da788f51452831fb80df5aee191e35ab0b66c4987ae8200,2023-11-19T08:20:48.210000,sent,kaspa:qrdz3dgrx2j6e7ndj5d6e6cc69nhfs20cemqf3hrt3nmz2qgwv0lwmx20vx8q,500000000000,
a392b4418ec2238beee959146779d468f7e0339672a524f285c23419576d994b,2023-11-18T09:37:02.968000,sent,kaspa:qrdz3dgrx2j6e7ndj5d6e6cc69nhfs20cemqf3hrt3nmz2qgwv0lwmx20vx8q,500000000000,
a392b4418ec2238beee959146779d468f7e0339672a524f285c23419576d994b,2023-11-18T09:37:02.968000,sent,kaspa:qrdz3dgrx2j6e7ndj5d6e6cc69nhfs20cemqf3hrt3nmz2qgwv0lwmx20vx8q,500000000000,
c461a45b3e27f16397e0117dc48b073918a3721099a80406860a15d3b7022a87,2023-11-17T16:47:55.158000,received,kaspa:qqvpylhkzca4dlrzc2mqmxy3sxn00tvqxrhx2f5srusd4qw250t9u8vady848,550000000000,
cf6f61056bd502638f83b7323e77d45c5399c49f9213d199c67d83375878b7ea,2023-11-12T14:48:29.598000,sent,kaspa:qqefl6nnec9kvnpulqlwt8vljk6vnw869nym8fm0jlk8myxa4xtjym2rx30jr,60000000000,
cf6f61056bd502638f83b7323e77d45c5399c49f9213d199c67d83375878b7ea,2023-11-12T14:48:29.598000,sent,kaspa:qqefl6nnec9kvnpulqlwt8vljk6vnw869nym8fm0jlk8myxa4xtjym2rx30jr,60000000000,
cf6f61056bd502638f83b7323e77d45c5399c49f9213d199c67d83375878b7ea,2023-11-12T14:48:29.598000,sent,kaspa:qqefl6nnec9kvnpulqlwt8vljk6vnw869nym8fm0jlk8myxa4xtjym2rx30jr,60000000000,
cf6f61056bd502638f83b7323e77d45c5399c49f9213d199c67d83375878b7ea,2023-11-12T14:48:29.598000,sent,kaspa:qqefl6nnec9kvnpulqlwt8vljk6vnw869nym8fm0jlk8myxa4xtjym2rx30jr,60000000000,
cf6f61056bd502638f83b7323e77d45c5399c49f9213d199c67d83375878b7ea,2023-11-12T14:48:29.598000,sent,kaspa:qqefl6nnec9kvnpulqlwt8vljk6vnw869nym8fm0jlk8myxa4xtjym2rx30jr,60000000000,
98bce39fcacf8b39b2c105f9fb885ebea8bea33d1a4ac11357d95891d15f9ad3,2023-11-10T20:15:42.699000,received,kaspa:qrwewqyxzr4w5rjl9jfd92kdk238shuxqurlqgwlq7rp45ppmz7gstdw35fvq,10000000000,
98bce39fcacf8b39b2c105f9fb885ebea8bea33d1a4ac11357d95891d15f9ad3,2023-11-10T20:15:42.699000,received,kaspa:qzjyudz6awx56c5hcet7789uy3c4wrzpwvk7lxt4e77vneu34jalxpj69379n,10000000000,
2c11b749523dd0347a96e098b7d39b392032a7f8b15b8d844ac14bb04f55c3cf,2023-11-09T13:02:45.584000,received,kaspa:qqdsdqqwvwkzxr3hx8m6fd8802lzrsl73s9797al74ew5kp9d3crw7w4un99f,500000000000,
2c11b749523dd0347a96e098b7d39b392032a7f8b15b8d844ac14bb04f55c3cf,2023-11-09T13:02:45.584000,received,kaspa:qqdsdqqwvwkzxr3hx8m6fd8802lzrsl73s9797al74ew5kp9d3crw7w4un99f,500000000000,
2c11b749523dd0347a96e098b7d39b392032a7f8b15b8d844ac14bb04f55c3cf,2023-11-09T13:02:45.584000,received,kaspa:qpwnc922h7pwvu9mcv0f7zqxt94muyndvwhh6aqr5g4nhlau4dgnv602d64jy,500000000000,
2c11b749523dd0347a96e098b7d39b392032a7f8b15b8d844ac14bb04f55c3cf,2023-11-09T13:02:45.584000,received,kaspa:qp5qm9lw75q797tnpfj66xf7c3wenzfplag22p0jrck5jn3mhps854nj9gfrs,500000000000,
87d99019baa139caf6599c5839384f97170e2236b7b8b65bd2452494ceb98f7b,2023-11-08T10:08:55.080000,received,kaspa:qrpfhqpdx9a4vr3rutuw8a7rsmyqklu33llpy6zvcu7uqulsvss5vshvhha4p,500000000000,
87d99019baa139caf6599c5839384f97170e2236b7b8b65bd2452494ceb98f7b,2023-11-08T10:08:55.080000,received,kaspa:qpwnc922h7pwvu9mcv0f7zqxt94muyndvwhh6aqr5g4nhlau4dgnv602d64jy,500000000000,
75ab5964d3eb2a1be6f21fb1daa90a201f81fa4895d248f4ed9a85f066d5e6a6,2023-11-05T11:28:47.283000,received,kaspa:qrezmyq7nj30luc0dk5t00w37p75mvmffzugsd85fmuc2lymsr8fzlylnaw6p,1000000000000,
75ab5964d3eb2a1be6f21fb1daa90a201f81fa4895d248f4ed9a85f066d5e6a6,2023-11-05T11:28:47.283000,received,kaspa:qqdsdqqwvwkzxr3hx8m6fd8802lzrsl73s9797al74ew5kp9d3crw7w4un99f,1000000000000,
75ab5964d3eb2a1be6f21fb1daa90a201f81fa4895d248f4ed9a85f066d5e6a6,2023-11-05T11:28:47.283000,received,kaspa:qqdsdqqwvwkzxr3hx8m6fd8802lzrsl73s9797al74ew5kp9d3crw7w4un99f,1000000000000,
64e8bf811ef973cb954412f39f697d38aaa5375d6c1b84037573c78d1a6f3539,2023-11-04T07:23:16.220000,sent,kaspa:qrhcy3jmreg0q62ntzgsdz5vjj920h85f85830sjtpeetjr3wjtrw3755yg7l,1500000000000,
64e8bf811ef973cb954412f39f697d38aaa5375d6c1b84037573c78d1a6f3539,2023-11-04T07:23:16.220000,sent,kaspa:qrhcy3jmreg0q62ntzgsdz5vjj920h85f85830sjtpeetjr3wjtrw3755yg7l,1500000000000,
64e8bf811ef973cb954412f39f697d38aaa5375d6c1b84037573c78d1a6f3539,2023-11-04T07:23:16.220000,sent,kaspa:qrhcy3jmreg0q62ntzgsdz5vjj920h85f85830sjtpeetjr3wjtrw3755yg7l,1500000000000,
64e8bf811ef973cb954412f39f697d38aaa5375d6c1b84037573c78d1a6f3539,2023-11-04T07:23:16.220000,sent,kaspa:qrhcy3jmreg0q62ntzgsdz5vjj920h85f85830sjtpeetjr3wjtrw3755yg7l,1500000000000,
64e8bf811ef973cb954412f39f697d38aaa5375d6c1b84037573c78d1a6f3539,2023-11-04T07:23:16.220000,sent,kaspa:qrhcy3jmreg0q62ntzgsdz5vjj920h85f85830sjtpeetjr3wjtrw3755yg7l,1500000000000,
64e8bf811ef973cb954412f39f697d38aaa5375d6c1b84037573c78d1a6f3539,2023-11-04T07:23:16.220000,sent,kaspa:qrhcy3jmreg0q62ntzgsdz5vjj920h85f85830sjtpeetjr3wjtrw3755yg7l,1500000000000,
64e8bf811ef973cb954412f39f697d38aaa5375d6c1b84037573c78d1a6f3539,2023-11-04T07:23:16.220000,sent,kaspa:qrhcy3jmreg0q62ntzgsdz5vjj920h85f85830sjtpeetjr3wjtrw3755yg7l,1500000000000,
64e8bf811ef973cb954412f39f697d38aaa5375d6c1b84037573c78d1a6f3539,2023-11-04T07:23:16.220000,sent,kaspa:qrhcy3jmreg0q62ntzgsdz5vjj920h85f85830sjtpeetjr3wjtrw3755yg7l,1500000000000,
64e8bf811ef973cb954412f39f697d38aaa5375d6c1b84037573c78d1a6f3539,2023-11-04T07:23:16.220000,sent,kaspa:qrhcy3jmreg0q62ntzgsdz5vjj920h85f85830sjtpeetjr3wjtrw3755yg7l,1500000000000,
64e8bf811ef973cb954412f39f697d38aaa5375d6c1b84037573c78d1a6f3539,2023-11-04T07:23:16.220000,sent,kaspa:qrhcy3jmreg0q62ntzgsdz5vjj920h85f85830sjtpeetjr3wjtrw3755yg7l,1500000000000,
64e8bf811ef973cb954412f39f697d38aaa5375d6c1b84037573c78d1a6f3539,2023-11-04T07:23:16.220000,sent,kaspa:qrhcy3jmreg0q62ntzgsdz5vjj920h85f85830sjtpeetjr3wjtrw3755yg7l,1500000000000,
64e8bf811ef973cb954412f39f697d38aaa5375d6c1b84037573c78d1a6f3539,2023-11-04T07:23:16.220000,sent,kaspa:qrhcy3jmreg0q62ntzgsdz5vjj920h85f85830sjtpeetjr3wjtrw3755yg7l,1500000000000,
5c6c2a18c53dcbd3d1411b9b8c2e650f73ec573d5a7e2afd9c7c5c5c1ff917c7,2023-10-24T17:13:50.672000,received,kaspa:qqjj0uzxylz0xuvh2f30a4mt6y5sfcp66pxl59xx95k6pt0ex35guz5mpcgcl,1500000000000,
5c6c2a18c53dcbd3d1411b9b8c2e650f73ec573d5a7e2afd9c7c5c5c1ff917c7,2023-10-24T17:13:50.672000,received,kaspa:qzjdpf66ls9a0g89jdk270hmxq7wrtc4gh5mye6a5zc8pr2udav0gxrt0xr7h,1500000000000,
5c6c2a18c53dcbd3d1411b9b8c2e650f73ec573d5a7e2afd9c7c5c5c1ff917c7,2023-10-24T17:13:50.672000,received,kaspa:qznwxg0axcavtdghy3unnsvznf02g7tj4rneqh0r42e562znrdg8jntnaec8l,1500000000000,
07e837595c8da245725ac5e7ec2c08720e2d3c51235b725ed78584b9e7afeba9,2023-10-24T13:45:11.504000,received,kaspa:qz2dyhdn5sn7v5qrljh7sena40hy9s69z9faw544xksfzx0wptz3uhjysc4gh,2262600000000,
1a1f2cd944dd1cd216d87687119a39ade00a41bce6acf8d5c563d669a68ba756,2023-10-23T10:49:31.170000,received,kaspa:qppr7q4mykgfw4s37lh4z7pqa6x5a5aya9g0ku4dvyk4rttf2smrxk4680npn,32596835776,
bd747942468603fe76d8be9caa920e8b98f8b3759dce50cf6855072ed484b893,2023-10-23T09:37:23.761000,received,kaspa:qzvnyf20khf45p6hyv8gf4sju28faecjqezy6q0qgrsqzrm8v0xvspk9n99u3,46000000000,
bd747942468603fe76d8be9caa920e8b98f8b3759dce50cf6855072ed484b893,2023-10-23T09:37:23.761000,received,kaspa:qzxduwkap7v40mz4meqjqxjxscmrlq66t0xgzpmwywqq8lc45gvyunaw95sy0,46000000000,
d7fdc59007eabbfab20afa6517a45c5587794ee317d6b4de95b8678527a3a348,2023-10-20T20:30:56.683000,received,kaspa:qqwvnkp47wsj6n4hkdlgj8dsauyx0xvefunnwvvsmpq2udd0ka8ckmpuqw3k5,117872014645,
d7fdc59007eabbfab20afa6517a45c5587794ee317d6b4de95b8678527a3a348,2023-10-20T20:30:56.683000,received,kaspa:qqwvnkp47wsj6n4hkdlgj8dsauyx0xvefunnwvvsmpq2udd0ka8ckmpuqw3k5,117872014645,
72d0b0b252b6996be1fe4bdd69c50854463867eedfc43c3b5b2f61918bc38b22,2023-10-20T11:42:38.222000,received,kaspa:qppr7q4mykgfw4s37lh4z7pqa6x5a5aya9g0ku4dvyk4rttf2smrxk4680npn,35249138797,
ac9db6f85576fbbb6e7e678d4f407ae429a922f8a3e72af40176619660a08691,2023-09-13T09:20:52.613000,received,kaspa:qz6npvz45nptsw4yyh2pqjcjwgenhws5flvtyt68mgysu4w825w8gv439uy8j,500000000000,
8c8370a95b3a1591b6430d6dbc10661b080b7c01025d44fef6ab48f01ccbfb6f,2023-08-26T16:25:28.720000,received,kaspa:qqn2lvwl0g8x0vhl4jh8vfk33zxhcd7tq6hxtwlkkstm2ydheht2w22hl8sk2,200000000000,
2a3ba319cecbeea917dbd00114b99c545ca705f738bc5b27e00fbfaa8a492577,2023-08-26T16:16:40.366000,received,kaspa:qpzjk95406982vdf925dk8wlpy8cpemqqr9qjkrvmvmg59jja63hw49yemrsm,9801758016125,
2a3ba319cecbeea917dbd00114b99c545ca705f738bc5b27e00fbfaa8a492577,2023-08-26T16:16:40.366000,received,kaspa:qp7msrllqrxwdv298yvghsq08af6wa0f7e2ypsj80kll0xadwckxjt2vmma55,9801758016125,
2a3ba319cecbeea917dbd00114b99c545ca705f738bc5b27e00fbfaa8a492577,2023-08-26T16:16:40.366000,received,kaspa:qp82cw64e3nvw3e70cx2wkv6h94nnesfp0cf6tlg0x79ja4v5ydk5lrrrruw9,9801758016125,
2a3ba319cecbeea917dbd00114b99c545ca705f738bc5b27e00fbfaa8a492577,2023-08-26T16:16:40.366000,received,kaspa:qp82cw64e3nvw3e70cx2wkv6h94nnesfp0cf6tlg0x79ja4v5ydk5lrrrruw9,9801758016125,
2a3ba319cecbeea917dbd00114b99c545ca705f738bc5b27e00fbfaa8a492577,2023-08-26T16:16:40.366000,received,kaspa:qp82cw64e3nvw3e70cx2wkv6h94nnesfp0cf6tlg0x79ja4v5ydk5lrrrruw9,9801758016125,
2a3ba319cecbeea917dbd00114b99c545ca705f738bc5b27e00fbfaa8a492577,2023-08-26T16:16:40.366000,received,kaspa:qp82cw64e3nvw3e70cx2wkv6h94nnesfp0cf6tlg0x79ja4v5ydk5lrrrruw9,9801758016125,
2a3ba319cecbeea917dbd00114b99c545ca705f738bc5b27e00fbfaa8a492577,2023-08-26T16:16:40.366000,received,kaspa:qp2kv3utdg6nk7g0hvcwpuvcgmpvt8kz7s7ahdw9cmk2f5zht2k95ehavnss9,9801758016125,
2a3ba319cecbeea917dbd00114b99c545ca705f738bc5b27e00fbfaa8a492577,2023-08-26T16:16:40.366000,received,kaspa:qp7msrllqrxwdv298yvghsq08af6wa0f7e2ypsj80kll0xadwckxjt2vmma55,9801758016125,
138ccde0dcb93cb6392de2e9784788eec834012ffb60299aebc56a97abe68ed0,2023-08-26T16:15:15.873000,received,kaspa:qqxpryd7vtnr94klmcw5d43wufnrdl0h5e4743xucw0c5sm4q7g6cvlzvf0ux,3000000000,
6a26385b1d5631cf0d1d0d0e9e00cca2657258989856b3dac7b8b1f7895dea71,2023-08-26T08:28:04.757000,received,kaspa:qpwnc922h7pwvu9mcv0f7zqxt94muyndvwhh6aqr5g4nhlau4dgnv602d64jy,150000000000,
f88c7e34f88113259e09bdc3e24bb6ca9d30efcb6746b048247da821a15a1b3c,2023-08-09T17:18:16.156000,sent,kaspa:qprk8ufvsfvcwxafk2u2anzuvqg20tvku9w5nmhvk937wsjl7cg0k5zy4wqej,250000000000,
f88c7e34f88113259e09bdc3e24bb6ca9d30efcb6746b048247da821a15a1b3c,2023-08-09T17:18:16.156000,sent,kaspa:qprk8ufvsfvcwxafk2u2anzuvqg20tvku9w5nmhvk937wsjl7cg0k5zy4wqej,250000000000,
f88c7e34f88113259e09bdc3e24bb6ca9d30efcb6746b048247da821a15a1b3c,2023-08-09T17:18:16.156000,sent,kaspa:qprk8ufvsfvcwxafk2u2anzuvqg20tvku9w5nmhvk937wsjl7cg0k5zy4wqej,250000000000,
f88c7e34f88113259e09bdc3e24bb6ca9d30efcb6746b048247da821a15a1b3c,2023-08-09T17:18:16.156000,sent,kaspa:qprk8ufvsfvcwxafk2u2anzuvqg20tvku9w5nmhvk937wsjl7cg0k5zy4wqej,250000000000,
f88c7e34f88113259e09bdc3e24bb6ca9d30efcb6746b048247da821a15a1b3c,2023-08-09T17:18:16.156000,sent,kaspa:qprk8ufvsfvcwxafk2u2anzuvqg20tvku9w5nmhvk937wsjl7cg0k5zy4wqej,250000000000,
f88c7e34f88113259e09bdc3e24bb6ca9d30efcb6746b048247da821a15a1b3c,2023-08-09T17:18:16.156000,sent,kaspa:qprk8ufvsfvcwxafk2u2anzuvqg20tvku9w5nmhvk937wsjl7cg0k5zy4wqej,250000000000,
f88c7e34f88113259e09bdc3e24bb6ca9d30efcb6746b048247da821a15a1b3c,2023-08-09T17:18:16.156000,sent,kaspa:qprk8ufvsfvcwxafk2u2anzuvqg20tvku9w5nmhvk937wsjl7cg0k5zy4wqej,250000000000,
f88c7e34f88113259e09bdc3e24bb6ca9d30efcb6746b048247da821a15a1b3c,2023-08-09T17:18:16.156000,sent,kaspa:qprk8ufvsfvcwxafk2u2anzuvqg20tvku9w5nmhvk937wsjl7cg0k5zy4wqej,250000000000,
f88c7e34f88113259e09bdc3e24bb6ca9d30efcb6746b048247da821a15a1b3c,2023-08-09T17:18:16.156000,sent,kaspa:qprk8ufvsfvcwxafk2u2anzuvqg20tvku9w5nmhvk937wsjl7cg0k5zy4wqej,250000000000,
f88c7e34f88113259e09bdc3e24bb6ca9d30efcb6746b048247da821a15a1b3c,2023-08-09T17:18:16.156000,sent,kaspa:qprk8ufvsfvcwxafk2u2anzuvqg20tvku9w5nmhvk937wsjl7cg0k5zy4wqej,250000000000,
a996f070888b347dd314bb43f092b71eab21274a1aa1e59a075cf532298ce62d,2023-08-09T09:34:26.114000,received,kaspa:qrnhu7hqwzj2l8hw4wl3xcq9lqaunl80t6lx2du3l77gxul2l6e2yn7ax38cq,100100000000,
ef24e5647babb7becbdfbfcc2ed5377df50b1ad5f7e25aa676680ff177c120e8,2023-08-06T18:16:56.297000,received,kaspa:qq0v40dcgwr0ux4e2endfdesqe027ceuhjyxkc40x026q4j4zqnq5ecca7rkg,600000000000,
ef24e5647babb7becbdfbfcc2ed5377df50b1ad5f7e25aa676680ff177c120e8,2023-08-06T18:16:56.297000,received,kaspa:qzrc6qexy8nt8paumpvuxttzxxwpyr4k6gd2lvsc5msvxaaj9ls378v7xcn0u,600000000000,
ef24e5647babb7becbdfbfcc2ed5377df50b1ad5f7e25aa676680ff177c120e8,2023-08-06T18:16:56.297000,received,kaspa:qpjt0psvw8whxpczsuhr9kye3cptxqk4ad4h2chsmacdc4dgyhtw6ntj0gzfv,600000000000,
1709a8a37e56fef9d132c127d5b97d35dc14c888c871b638b18f1fd709488739,2023-08-05T17:40:45.268000,received,kaspa:qpwnc922h7pwvu9mcv0f7zqxt94muyndvwhh6aqr5g4nhlau4dgnv602d64jy,100000000000,
2196e4ecbe980e87c5e0a0bb732d95124f13562be872a4c8a68a0a81f95865d5,2023-08-05T06:11:08.707000,received,kaspa:qqetp7ct8kqss99fxmymyz5t3fezppxp0t58wl6pawp27elqd46uudme00cl0,202789000000,
e44f61b9fe31e60c2d22929c7bcf04c8f506b4b91ed3cc2cfdb45b7a7d5833a3,2023-07-29T16:37:05.051000,received,kaspa:qpnfvghywhg0fng9jnwqcp76kxnp6tff4kqz5472kxqae6cmejpw79qfue05f,8000000000,
da8e865e0df1a87d156a39b2b624b351ce6065df036b3cc59a579cb4628ab63a,2023-07-29T10:57:08.054000,received,kaspa:qr76s0wg4xzmmlarurzvs6yx7esd9d7744p436kd5cfceaa7u6rmk8a6qg0qn,90000000000,
dfd6f4d46c72598827e87ccf50f9436da74e1058813d3f35ba9aad0b1c42ab66,2023-07-24T18:05:18.606000,received,kaspa:qprjru7s6r5zz09fgtunxlhsy8z64264ujd6d32vuzc3av6vyd30geuamldkw,163200000000,
9398cd5cbd8a2f1241f8d553cfcd68221ed659902c33a8e236ec517ff0debd01,2023-07-24T16:40:39.954000,received,kaspa:qpj8qwkz5xvjflgz5n580nhas4tywfklvh8wc6vslck303yezxtk69lummjmw,50000000000,
eac3133567942b9b9ed43c466b8f50f2f969d83091a17fc190b01eb55c98c002,2023-07-24T16:39:40.736000,received,kaspa:qrdd0929l8d5f7eqrxzsyglvwdcquanz4kw9z20ktgxjyyen9qen5myvqhvtx,100000000000,
8cf81f860ee69aa4f622c389c51514ee5eb8565204d66825ed4c108968bc7a63,2023-07-19T08:23:12.917000,sent,kaspa:qp56gcda0egwl0s32seame7smtsntcm6q45fttwt3u5xvvrajxgxqhr0upc00,250000000000,
8cf81f860ee69aa4f622c389c51514ee5eb8565204d66825ed4c108968bc7a63,2023-07-19T08:23:12.917000,sent,kaspa:qp56gcda0egwl0s32seame7smtsntcm6q45fttwt3u5xvvrajxgxqhr0upc00,250000000000,
8cf81f860ee69aa4f622c389c51514ee5eb8565204d66825ed4c108968bc7a63,2023-07-19T08:23:12.917000,sent,kaspa:qp56gcda0egwl0s32seame7smtsntcm6q45fttwt3u5xvvrajxgxqhr0upc00,250000000000,
8cf81f860ee69aa4f622c389c51514ee5eb8565204d66825ed4c108968bc7a63,2023-07-19T08:23:12.917000,sent,kaspa:qp56gcda0egwl0s32seame7smtsntcm6q45fttwt3u5xvvrajxgxqhr0upc00,250000000000,
8cf81f860ee69aa4f622c389c51514ee5eb8565204d66825ed4c108968bc7a63,2023-07-19T08:23:12.917000,sent,kaspa:qp56gcda0egwl0s32seame7smtsntcm6q45fttwt3u5xvvrajxgxqhr0upc00,250000000000,
8cf81f860ee69aa4f622c389c51514ee5eb8565204d66825ed4c108968bc7a63,2023-07-19T08:23:12.917000,sent,kaspa:qp56gcda0egwl0s32seame7smtsntcm6q45fttwt3u5xvvrajxgxqhr0upc00,250000000000,
8cf81f860ee69aa4f622c389c51514ee5eb8565204d66825ed4c108968bc7a63,2023-07-19T08:23:12.917000,sent,kaspa:qp56gcda0egwl0s32seame7smtsntcm6q45fttwt3u5xvvrajxgxqhr0upc00,250000000000,
8cf81f860ee69aa4f622c389c51514ee5eb8565204d66825ed4c108968bc7a63,2023-07-19T08:23:12.917000,sent,kaspa:qp56gcda0egwl0s32seame7smtsntcm6q45fttwt3u5xvvrajxgxqhr0upc00,250000000000,
8cf81f860ee69aa4f622c389c51514ee5eb8565204d66825ed4c108968bc7a63,2023-07-19T08:23:12.917000,sent,kaspa:qp56gcda0egwl0s32seame7smtsntcm6q45fttwt3u5xvvrajxgxqhr0upc00,250000000000,
8cf81f860ee69aa4f622c389c51514ee5eb8565204d66825ed4c108968bc7a63,2023-07-19T08:23:12.917000,sent,kaspa:qp56gcda0egwl0s32seame7smtsntcm6q45fttwt3u5xvvrajxgxqhr0upc00,250000000000,
8cf81f860ee69aa4f622c389c51514ee5eb8565204d66825ed4c108968bc7a63,2023-07-19T08:23:12.917000,sent,kaspa:qp56gcda0egwl0s32seame7smtsntcm6q45fttwt3u5xvvrajxgxqhr0upc00,250000000000,
8cf81f860ee69aa4f622c389c51514ee5eb8565204d66825ed4c108968bc7a63,2023-07-19T08:23:12.917000,sent,kaspa:qp56gcda0egwl0s32seame7smtsntcm6q45fttwt3u5xvvrajxgxqhr0upc00,250000000000,
8cf81f860ee69aa4f622c389c51514ee5eb8565204d66825ed4c108968bc7a63,2023-07-19T08:23:12.917000,sent,kaspa:qp56gcda0egwl0s32seame7smtsntcm6q45fttwt3u5xvvrajxgxqhr0upc00,250000000000,
8cf81f860ee69aa4f622c389c51514ee5eb8565204d66825ed4c108968bc7a63,2023-07-19T08:23:12.917000,sent,kaspa:qp56gcda0egwl0s32seame7smtsntcm6q45fttwt3u5xvvrajxgxqhr0upc00,250000000000,
8cf81f860ee69aa4f622c389c51514ee5eb8565204d66825ed4c108968bc7a63,2023-07-19T08:23:12.917000,sent,kaspa:qp56gcda0egwl0s32seame7smtsntcm6q45fttwt3u5xvvrajxgxqhr0upc00,250000000000,
259a8f64ccf7d4c8ee435b117192bee0bf611a277c6a4b450ed79b34ef196ddb,2023-07-17T16:20:03.272000,received,kaspa:qqwvnkp47wsj6n4hkdlgj8dsauyx0xvefunnwvvsmpq2udd0ka8ckmpuqw3k5,60000000000,
259a8f64ccf7d4c8ee435b117192bee0bf611a277c6a4b450ed79b34ef196ddb,2023-07-17T16:20:03.272000,received,kaspa:qqwvnkp47wsj6n4hkdlgj8dsauyx0xvefunnwvvsmpq2udd0ka8ckmpuqw3k5,60000000000,
259a8f64ccf7d4c8ee435b117192bee0bf611a277c6a4b450ed79b34ef196ddb,2023-07-17T16:20:03.272000,received,kaspa:qqwvnkp47wsj6n4hkdlgj8dsauyx0xvefunnwvvsmpq2udd0ka8ckmpuqw3k5,60000000000,
259a8f64ccf7d4c8ee435b117192bee0bf611a277c6a4b450ed79b34ef196ddb,2023-07-17T16:20:03.272000,received,kaspa:qqwvnkp47wsj6n4hkdlgj8dsauyx0xvefunnwvvsmpq2udd0ka8ckmpuqw3k5,60000000000,
259a8f64ccf7d4c8ee435b117192bee0bf611a277c6a4b450ed79b34ef196ddb,2023-07-17T16:20:03.272000,received,kaspa:qqwvnkp47wsj6n4hkdlgj8dsauyx0xvefunnwvvsmpq2udd0ka8ckmpuqw3k5,60000000000,
d7cc69d9cf3ba9e35192dee693ca7a2d927c0d0b8c7ee3fd7fb98827346889f9,2023-07-16T16:50:02.337000,received,kaspa:qqetp7ct8kqss99fxmymyz5t3fezppxp0t58wl6pawp27elqd46uudme00cl0,62380000000,
34e6d7d289678d15f606565f2db304ab2115311d1da15b4a1f3a2c67b5bdcf70,2023-07-14T13:50:30.642000,received,kaspa:qppqnvz0z73p64cf6kzc95z4el58fkqln262tffqarg3ghuwjglg5fpfhqgvy,122200000000,
1a657e98cffac8e9a3113ce5c0ace505361adbed0c9009182a3f1649d158b3ea,2023-07-07T11:01:02.841000,received,kaspa:qqetp7ct8kqss99fxmymyz5t3fezppxp0t58wl6pawp27elqd46uudme00cl0,92103000000,
6faa0a49f73b907893c9ce7dcb8ac04181bafff8facafd1e718608a982d0583d,2023-07-04T10:54:57.566000,received,kaspa:qztgcaapjqwvxpvt9w5ta2guus2uv5fhfsvuvjvx670fedc4spdzgjlenacyc,600000000000,
6faa0a49f73b907893c9ce7dcb8ac04181bafff8facafd1e718608a982d0583d,2023-07-04T10:54:57.566000,received,kaspa:qpwnc922h7pwvu9mcv0f7zqxt94muyndvwhh6aqr5g4nhlau4dgnv602d64jy,600000000000,
f7d044f57d5557c511073bceb00939517e9bd4dc9c45e1e8a2b4d95da73eb072,2023-06-20T05:06:26.454000,received,kaspa:qqwvnkp47wsj6n4hkdlgj8dsauyx0xvefunnwvvsmpq2udd0ka8ckmpuqw3k5,131000000000,
f7d044f57d5557c511073bceb00939517e9bd4dc9c45e1e8a2b4d95da73eb072,2023-06-20T05:06:26.454000,received,kaspa:qqwvnkp47wsj6n4hkdlgj8dsauyx0xvefunnwvvsmpq2udd0ka8ckmpuqw3k5,131000000000,
f7d044f57d5557c511073bceb00939517e9bd4dc9c45e1e8a2b4d95da73eb072,2023-06-20T05:06:26.454000,received,kaspa:qqwvnkp47wsj6n4hkdlgj8dsauyx0xvefunnwvvsmpq2udd0ka8ckmpuqw3k5,131000000000,
f7d044f57d5557c511073bceb00939517e9bd4dc9c45e1e8a2b4d95da73eb072,2023-06-20T05:06:26.454000,received,kaspa:qqwvnkp47wsj6n4hkdlgj8dsauyx0xvefunnwvvsmpq2udd0ka8ckmpuqw3k5,131000000000,
f7d044f57d5557c511073bceb00939517e9bd4dc9c45e1e8a2b4d95da73eb072,2023-06-20T05:06:26.454000,received,kaspa:qqwvnkp47wsj6n4hkdlgj8dsauyx0xvefunnwvvsmpq2udd0ka8ckmpuqw3k5,131000000000,
f7d044f57d5557c511073bceb00939517e9bd4dc9c45e1e8a2b4d95da73eb072,2023-06-20T05:06:26.454000,received,kaspa:qqwvnkp47wsj6n4hkdlgj8dsauyx0xvefunnwvvsmpq2udd0ka8ckmpuqw3k5,131000000000,
f7d044f57d5557c511073bceb00939517e9bd4dc9c45e1e8a2b4d95da73eb072,2023-06-20T05:06:26.454000,received,kaspa:qqwvnkp47wsj6n4hkdlgj8dsauyx0xvefunnwvvsmpq2udd0ka8ckmpuqw3k5,131000000000,
f7d044f57d5557c511073bceb00939517e9bd4dc9c45e1e8a2b4d95da73eb072,2023-06-20T05:06:26.454000,received,kaspa:qqwvnkp47wsj6n4hkdlgj8dsauyx0xvefunnwvvsmpq2udd0ka8ckmpuqw3k5,131000000000,
c5840de5db75db04a3941ed93941bcadf2835fb17d55a9c3ed6b76252b312ad8,2023-06-19T06:57:18.543000,received,kaspa:qqwvnkp47wsj6n4hkdlgj8dsauyx0xvefunnwvvsmpq2udd0ka8ckmpuqw3k5,20000000000,
c5840de5db75db04a3941ed93941bcadf2835fb17d55a9c3ed6b76252b312ad8,2023-06-19T06:57:18.543000,received,kaspa:qqwvnkp47wsj6n4hkdlgj8dsauyx0xvefunnwvvsmpq2udd0ka8ckmpuqw3k5,20000000000,
c5840de5db75db04a3941ed93941bcadf2835fb17d55a9c3ed6b76252b312ad8,2023-06-19T06:57:18.543000,received,kaspa:qqwvnkp47wsj6n4hkdlgj8dsauyx0xvefunnwvvsmpq2udd0ka8ckmpuqw3k5,20000000000,
786e7668828c9ad0860812bf89923154385f6ffe0fb34c424e80e819d752f9c0,2023-06-18T17:48:33.463000,received,kaspa:qpwnc922h7pwvu9mcv0f7zqxt94muyndvwhh6aqr5g4nhlau4dgnv602d64jy,1400000000000,
786e7668828c9ad0860812bf89923154385f6ffe0fb34c424e80e819d752f9c0,2023-06-18T17:48:33.463000,received,kaspa:qpwnc922h7pwvu9mcv0f7zqxt94muyndvwhh6aqr5g4nhlau4dgnv602d64jy,1400000000000,
786e7668828c9ad0860812bf89923154385f6ffe0fb34c424e80e819d752f9c0,2023-06-18T17:48:33.463000,received,kaspa:qrt8al2uavqu9nzl29nuyedm4qgm5da0hl8emyhl0r92yhds8rv7qkmr8nkn7,1400000000000,
343b9a887dbacc5ee346dcabbb57127970600791a71e7e029e7b14ede4aba6a4,2023-06-13T16:14:05.295000,received,kaspa:qqetp7ct8kqss99fxmymyz5t3fezppxp0t58wl6pawp27elqd46uudme00cl0,268719000000,
261338e5da3aa9bcb270d412fb7b3652837cd8be27ca306a4bc1d1786408c5bf,2023-06-11T07:23:17.340000,received,kaspa:qpwnc922h7pwvu9mcv0f7zqxt94muyndvwhh6aqr5g4nhlau4dgnv602d64jy,640000000000,
261338e5da3aa9bcb270d412fb7b3652837cd8be27ca306a4bc1d1786408c5bf,2023-06-11T07:23:17.340000,received,kaspa:qpwnc922h7pwvu9mcv0f7zqxt94muyndvwhh6aqr5g4nhlau4dgnv602d64jy,640000000000,
261338e5da3aa9bcb270d412fb7b3652837cd8be27ca306a4bc1d1786408c5bf,2023-06-11T07:23:17.340000,received,kaspa:qr50ucvynejhhn29fr8qhtm8a3l8pse65qgg20ud7lkmvx65cd24sa0z5zje3,640000000000,
76579ebf773063c6fdd89a7cd1b61effb4097f07a254097bca15f54acb875b95,2023-06-10T04:49:05.723000,received,kaspa:qqetp7ct8kqss99fxmymyz5t3fezppxp0t58wl6pawp27elqd46uudme00cl0,311179000000,
c813baac50f8aeab59205bba3293d6788d6c9e5a9be18c7ea92be7144c2c4a5a,2023-06-09T16:39:31.490000,received,kaspa:qpq94ntnvy8p9q6wrdwtn37xtspgashrydc0kuu8ctpyxulmh0wlxh2807zdh,147420810000,
df23e992eee460396b2f0b6386c01d9f0d982ef1693bc9f1710dbff16cb35c00,2023-06-09T10:10:03.576000,received,kaspa:qqetp7ct8kqss99fxmymyz5t3fezppxp0t58wl6pawp27elqd46uudme00cl0,248667000000,
daf665c4e0a779c73857f87bb1bda8532bb8439cf0f82840571b43eae939d050,2023-06-05T18:45:34.130000,received,kaspa:qpwnc922h7pwvu9mcv0f7zqxt94muyndvwhh6aqr5g4nhlau4dgnv602d64jy,120000000000,
daf665c4e0a779c73857f87bb1bda8532bb8439cf0f82840571b43eae939d050,2023-06-05T18:45:34.130000,received,kaspa:qrcc25xpxnvtqyhgtvmj0v3e0c97483yrm6rr4gked92e3rk8hf47dxmka4nh,120000000000,
daf665c4e0a779c73857f87bb1bda8532bb8439cf0f82840571b43eae939d050,2023-06-05T18:45:34.130000,received,kaspa:qzceewawe2xav8chq27d7hfw4t75h3h0w3hhhs5jme07ckr64286w7cd9zgd4,120000000000,
d5456760f833b94e61ee8a372d13f93fb4716ea5dc43d14213ebf1080b4df2ea,2023-05-29T13:21:41.879000,sent,kaspa:qqq2zmhm3dun73g6zr6sdnrzmsujagdf99ev2msr6ju6c5kvqlcx78aylhfed,600000000000,
41d294ec86bad1056461064dc675c3f1d84e224ac4a8ca8076b4ec4463450105,2023-05-29T13:20:56.590000,sent,kaspa:qqq2zmhm3dun73g6zr6sdnrzmsujagdf99ev2msr6ju6c5kvqlcx78aylhfed,20500000000,
41d294ec86bad1056461064dc675c3f1d84e224ac4a8ca8076b4ec4463450105,2023-05-29T13:20:56.590000,sent,kaspa:qqq2zmhm3dun73g6zr6sdnrzmsujagdf99ev2msr6ju6c5kvqlcx78aylhfed,20500000000,
83485b9c18036ad1dd639e166ae8206c66d38a7ab63a9b9f500a145d56a481ae,2023-05-25T11:58:21.283000,received,kaspa:qqwvnkp47wsj6n4hkdlgj8dsauyx0xvefunnwvvsmpq2udd0ka8ckmpuqw3k5,440000000000,
83485b9c18036ad1dd639e166ae8206c66d38a7ab63a9b9f500a145d56a481ae,2023-05-25T11:58:21.283000,received,kaspa:qqwvnkp47wsj6n4hkdlgj8dsauyx0xvefunnwvvsmpq2udd0ka8ckmpuqw3k5,440000000000,
83485b9c18036ad1dd639e166ae8206c66d38a7ab63a9b9f500a145d56a481ae,2023-05-25T11:58:21.283000,received,kaspa:qqwvnkp47wsj6n4hkdlgj8dsauyx0xvefunnwvvsmpq2udd0ka8ckmpuqw3k5,440000000000,
3d7086730b4f65c2327fc7b0a4dd1128431a9e952535f9c1e194eb37e5a6e717,2023-05-25T09:52:12.574000,sent,kaspa:qpndj0wd2j7jy3qpan5tmcggn9eah7m8zjxy6u2prgk864p88ajxz7j39k4c4,2000000000000,
3d7086730b4f65c2327fc7b0a4dd1128431a9e952535f9c1e194eb37e5a6e717,2023-05-25T09:52:12.574000,sent,kaspa:qpndj0wd2j7jy3qpan5tmcggn9eah7m8zjxy6u2prgk864p88ajxz7j39k4c4,2000000000000,
3d7086730b4f65c2327fc7b0a4dd1128431a9e952535f9c1e194eb37e5a6e717,2023-05-25T09:52:12.574000,sent,kaspa:qpndj0wd2j7jy3qpan5tmcggn9eah7m8zjxy6u2prgk864p88ajxz7j39k4c4,2000000000000,
3d7086730b4f65c2327fc7b0a4dd1128431a9e952535f9c1e194eb37e5a6e717,2023-05-25T09:52:12.574000,sent,kaspa:qpndj0wd2j7jy3qpan5tmcggn9eah7m8zjxy6u2prgk864p88ajxz7j39k4c4,2000000000000,
59b989eb203ef10f3e71d0458e5d96b7ef581b54f0bbcc2528cbff461ed77a5e,2023-05-25T06:45:29.689000,received,kaspa:qq3k4du6wf2g26j7ds6fqmgtgavgm3zy676wntp2e52nsuns2n4s6xkndmx0y,2988592790000,
561c487131ebe0e7c42ea64af6a53c5623c74835593d25241f89176b942e3a2b,2023-05-24T19:57:29.466000,received,kaspa:qq3k4du6wf2g26j7ds6fqmgtgavgm3zy676wntp2e52nsuns2n4s6xkndmx0y,745104560000,
35aca7fa25fe458b018e5d1e9b8e00dcaad55d2ce556c31e38f73951eb46e8ba,2023-05-23T15:45:34.092000,received,kaspa:qqwvnkp47wsj6n4hkdlgj8dsauyx0xvefunnwvvsmpq2udd0ka8ckmpuqw3k5,150000000000,
66c6aacd88fc9bcfd45ab0ea5c4d2d89b9a4387d46777abae94c5c83faff6a56,2023-05-23T15:42:30.855000,received,kaspa:qqwvnkp47wsj6n4hkdlgj8dsauyx0xvefunnwvvsmpq2udd0ka8ckmpuqw3k5,10000000000,
66c6aacd88fc9bcfd45ab0ea5c4d2d89b9a4387d46777abae94c5c83faff6a56,2023-05-23T15:42:30.855000,received,kaspa:qqwvnkp47wsj6n4hkdlgj8dsauyx0xvefunnwvvsmpq2udd0ka8ckmpuqw3k5,10000000000,
66c6aacd88fc9bcfd45ab0ea5c4d2d89b9a4387d46777abae94c5c83faff6a56,2023-05-23T15:42:30.855000,received,kaspa:qqwvnkp47wsj6n4hkdlgj8dsauyx0xvefunnwvvsmpq2udd0ka8ckmpuqw3k5,10000000000,
66c6aacd88fc9bcfd45ab0ea5c4d2d89b9a4387d46777abae94c5c83faff6a56,2023-05-23T15:42:30.855000,received,kaspa:qqwvnkp47wsj6n4hkdlgj8dsauyx0xvefunnwvvsmpq2udd0ka8ckmpuqw3k5,10000000000,
66c6aacd88fc9bcfd45ab0ea5c4d2d89b9a4387d46777abae94c5c83faff6a56,2023-05-23T15:42:30.855000,received,kaspa:qqwvnkp47wsj6n4hkdlgj8dsauyx0xvefunnwvvsmpq2udd0ka8ckmpuqw3k5,10000000000,
66c6aacd88fc9bcfd45ab0ea5c4d2d89b9a4387d46777abae94c5c83faff6a56,2023-05-23T15:42:30.855000,received,kaspa:qqwvnkp47wsj6n4hkdlgj8dsauyx0xvefunnwvvsmpq2udd0ka8ckmpuqw3k5,10000000000,
