tx_id,timestamp,direction,peer_address,amount_sompi,cex_label
cbfd947f9d59397997d63bcec13174af188ad312f68e8393d25383c8863e2e55,2025-04-28T19:36:52.350000,sent,kaspa:qp66keaky7tqpk3vlpxg68pv4lmzcyaxxnpslavsp9eu86jpwjvlkz8jr238j,2900000000,
cbfd947f9d59397997d63bcec13174af188ad312f68e8393d25383c8863e2e55,2025-04-28T19:36:52.350000,sent,kaspa:qpe33lasqwensys6kqcx6v2gckmmmse8rs72lpr3am3s2r3fhvrculprru2d4,19767995,
14e8db9a7c9d248371cce0f59bca53a3d908ae2f425e6d7e5e89fef589acd96d,2025-04-24T10:58:14.315000,received,kaspa:qzfja56x6uut28w47jrxjcdgdl8273pur5mlrxly4fezajkt8gu0zq3fnxt32,65159884,
14e8db9a7c9d248371cce0f59bca53a3d908ae2f425e6d7e5e89fef589acd96d,2025-04-24T10:58:14.315000,received,kaspa:qr60htent3t2xhv92l0rtn27xkct8vgg6htnfwergdluuhj8yas8zaqlcgxu5,65159884,
