tx_id,timestamp,direction,peer_address,amount_sompi,cex_label
35fef1d99236b0b123c8576fb61be431f96961a808e6364652e0cc69a2344edd,2025-04-21T17:59:29.221000,sent,kaspa:qrv9grywlwdaug3fkxx4v6f3353vax9hyyktfnqknc7qk828lwcsykgwrysxk,400000000000,
6884ff9c160be726f349c1d12c4df6779e9296356bb51cfb4b1099abc06a5702,2025-04-19T00:07:40.151000,sent,kaspa:qra97fhj0h7tz459yypdy5c79k6gxlxznh0pwm80kdvl8snyym2nvmwt6mfsx,900000000000,
76a26dadcc3810fe79ec9ed0179ae6e75cbc4f2cdd9efafa9c1c5f11357221cb,2025-04-19T00:05:20.447000,sent,kaspa:qra97fhj0h7tz459yypdy5c79k6gxlxznh0pwm80kdvl8snyym2nvmwt6mfsx,1000000000000,
7a90010571666adab041da55c0bf5eb2bbd4755a95b069eccd2424363fe63a36,2025-04-18T20:56:15.141000,sent,kaspa:qzzq3p9xuru4v3lk0xuqj4z26tm8jsgnnkr352cheq4ugvuqu7s42rc0v2560,100000000000,
dd0431d4f24803fa86ee740201bf24bb74ccce098e4a15a696376f3982f31482,2025-04-18T20:31:57.052000,sent,kaspa:qra97fhj0h7tz459yypdy5c79k6gxlxznh0pwm80kdvl8snyym2nvmwt6mfsx,1000000000000,
4959913e3d9a429767845ccba834c82e038ca1b79792f6eb6870b52b2489e352,2024-08-07T01:59:58.561000,sent,kaspa:qzmclx2ylcphl7zpn2gnwa4da67zmet42ett7uj02j4man3zzp49up0cl9x0h,500000000000,
adc477d127252d822f3a1b59af689d2d3905c6293558266323a5a2bf55bbf987,2024-08-07T01:57:18.435000,sent,kaspa:qzmclx2ylcphl7zpn2gnwa4da67zmet42ett7uj02j4man3zzp49up0cl9x0h,500000000000,
6b7fbeb1231ba56968f92fb83750e043384e67379f4eeee0eb8940040044a0e3,2024-08-02T02:35:09.865000,sent,kaspa:qrx87qget3vhfccx0xt79kyvqksxyew7ckvlvjmjzqa6x3mgy578ksmc9cujf,233700000000,
8258d137a18bbbc984a4cf788183fb8185409fbaaa4d09a14e30bf6b5cb833de,2024-06-25T01:41:54.028000,sent,kaspa:qpkva5wg0xdx0rlknprh2znpazjlvmy8vzkawk7f23yjsj3a5jrkkf95d5t0v,2000000000000,
8258d137a18bbbc984a4cf788183fb8185409fbaaa4d09a14e30bf6b5cb833de,2024-06-25T01:41:54.028000,sent,kaspa:qpkva5wg0xdx0rlknprh2znpazjlvmy8vzkawk7f23yjsj3a5jrkkf95d5t0v,2000000000000,
9112437d56a1c4801c1ec4320fa4905e6f4e7653959ec32b2171c52911e5a547,2023-12-04T00:02:00.073000,received,kaspa:qryw8cnlsnh6chatcla3pd2rsn56ralywy7qzalgvduy30jztt4szvm5r0gpf,10000000000000,
9112437d56a1c4801c1ec4320fa4905e6f4e7653959ec32b2171c52911e5a547,2023-12-04T00:02:00.073000,received,kaspa:qqrn2qu9jn227e6u6tmk6nkf5mc8wh2xmnj8umxr9h7rxu7mlvxu5r8whc68q,10000000000000,
9112437d56a1c4801c1ec4320fa4905e6f4e7653959ec32b2171c52911e5a547,2023-12-04T00:02:00.073000,received,kaspa:qzl9pnp3qa8a09uplv6348gy43anhc3ac9yyvrpfgee2l0syypmj7v5hphe53,10000000000000,
9112437d56a1c4801c1ec4320fa4905e6f4e7653959ec32b2171c52911e5a547,2023-12-04T00:02:00.073000,received,kaspa:qqkj0xzjllp6a97znc6ucdmhpwmyc7322c2hej8q0j49lzdxrtltcanlhr6e8,10000000000000,
47d9a128db17b9980b4e8f96ff56da74a43b766a4d4e8d0564c2750edf582275,2023-12-04T00:00:40.592000,received,kaspa:qqwvnkp47wsj6n4hkdlgj8dsauyx0xvefunnwvvsmpq2udd0ka8ckmpuqw3k5,233719668733,
47d9a128db17b9980b4e8f96ff56da74a43b766a4d4e8d0564c2750edf582275,2023-12-04T00:00:40.592000,received,kaspa:qqwvnkp47wsj6n4hkdlgj8dsauyx0xvefunnwvvsmpq2udd0ka8ckmpuqw3k5,233719668733,
47d9a128db17b9980b4e8f96ff56da74a43b766a4d4e8d0564c2750edf582275,2023-12-04T00:00:40.592000,received,kaspa:qqwvnkp47wsj6n4hkdlgj8dsauyx0xvefunnwvvsmpq2udd0ka8ckmpuqw3k5,233719668733,
47d9a128db17b9980b4e8f96ff56da74a43b766a4d4e8d0564c2750edf582275,2023-12-04T00:00:40.592000,received,kaspa:qqwvnkp47wsj6n4hkdlgj8dsauyx0xvefunnwvvsmpq2udd0ka8ckmpuqw3k5,233719668733,
