tx_id,timestamp,direction,peer_address,amount_sompi,cex_label
9cda8769a24ca3fad99e14caa9b1d8860e13aa468a0ce1430b66c68cbc917522,2024-07-29T08:07:45.422000,sent,kaspa:qz29cqu03wt7u6g3y2ntu58k0k6fwycf4k9ehujtl4fpe4hnhuqw5a7p5l92x,49000000000,
9cda8769a24ca3fad99e14caa9b1d8860e13aa468a0ce1430b66c68cbc917522,2024-07-29T08:07:45.422000,sent,kaspa:qzdrgzapx0rlvkf7jz36jdxme732uxsxekvfuffru9l0h8zarf0a5upxdzhgm,1078496949,
87aa5cfc3487f03f68061b8f3e79f72d38ec6f56d84ecffb533224c19ce04c8e,2024-07-28T13:06:22.163000,received,kaspa:qzgt50yuzy42u6sqwfl3n99huv8rakvnnfxx5g43wxewsz3jsmrsqudwuee6y,4663599127,
87aa5cfc3487f03f68061b8f3e79f72d38ec6f56d84ecffb533224c19ce04c8e,2024-07-28T13:06:22.163000,received,kaspa:qzgt50yuzy42u6sqwfl3n99huv8rakvnnfxx5g43wxewsz3jsmrsqudwuee6y,4663599127,
87aa5cfc3487f03f68061b8f3e79f72d38ec6f56d84ecffb533224c19ce04c8e,2024-07-28T13:06:22.163000,received,kaspa:qzgt50yuzy42u6sqwfl3n99huv8rakvnnfxx5g43wxewsz3jsmrsqudwuee6y,4663599127,
87aa5cfc3487f03f68061b8f3e79f72d38ec6f56d84ecffb533224c19ce04c8e,2024-07-28T13:06:22.163000,received,kaspa:qzgt50yuzy42u6sqwfl3n99huv8rakvnnfxx5g43wxewsz3jsmrsqudwuee6y,4663599127,
87aa5cfc3487f03f68061b8f3e79f72d38ec6f56d84ecffb533224c19ce04c8e,2024-07-28T13:06:22.163000,received,kaspa:qzgt50yuzy42u6sqwfl3n99huv8rakvnnfxx5g43wxewsz3jsmrsqudwuee6y,4663599127,
87aa5cfc3487f03f68061b8f3e79f72d38ec6f56d84ecffb533224c19ce04c8e,2024-07-28T13:06:22.163000,received,kaspa:qzgt50yuzy42u6sqwfl3n99huv8rakvnnfxx5g43wxewsz3jsmrsqudwuee6y,4663599127,
87aa5cfc3487f03f68061b8f3e79f72d38ec6f56d84ecffb533224c19ce04c8e,2024-07-28T13:06:22.163000,received,kaspa:qzgt50yuzy42u6sqwfl3n99huv8rakvnnfxx5g43wxewsz3jsmrsqudwuee6y,4663599127,
