tx_id,timestamp,direction,peer_address,amount_sompi,cex_label
dcb5dfcb11663ceb7b014f2f5b83a6a5cee10344f1f56d239ff90d96f4e6cc77,2023-12-16T04:05:12.575000,sent,kaspa:qzslgwenzu78t6tldlng383g7ruu4enaljmnkgaulyrscjp7ldt26x8gfxck5,171940000,
dcb5dfcb11663ceb7b014f2f5b83a6a5cee10344f1f56d239ff90d96f4e6cc77,2023-12-16T04:05:12.575000,sent,kaspa:qzslgwenzu78t6tldlng383g7ruu4enaljmnkgaulyrscjp7ldt26x8gfxck5,171940000,
4a3435c62ba6cbf0953e4ef00d5d5d530048436aa627ef87f5dc769b9724f0a1,2023-12-12T01:18:06.375000,received,kaspa:qypswxtcrv4ssyjaswy5w9387vq73mkuyq85tl34cee6qn5uexqy0csgnafnjx7,171000000,
06c7715e573a8eb51441b506dc86524810b891a1eaec9909515c2c61792e0045,2023-11-27T15:59:01.926000,sent,kaspa:qyplkdpld4lqv7y8m503jlwm8s8u5ypz2psg06cn9ws0k2vkjxphrgs2rjauqal,18000000,
b4912742dd494492343952e14b16209c6106c2918bf718b07cd22df8ccd246ea,2023-11-27T12:58:39.977000,received,kaspa:qpj4z7muxq5rzynfd4ku407v4x4v4w7pxykpd92m370v8zpg4ywsz4n5r9cju,19000000,
