tx_id,timestamp,direction,peer_address,amount_sompi,cex_label
111513340ff62ce138ba3cd9bb57043ef3fb809fc8b10290af8bb70af27f40d0,2023-12-16T03:44:27.907000,sent,kaspa:qzslgwenzu78t6tldlng383g7ruu4enaljmnkgaulyrscjp7ldt26x8gfxck5,171940000,
111513340ff62ce138ba3cd9bb57043ef3fb809fc8b10290af8bb70af27f40d0,2023-12-16T03:44:27.907000,sent,kaspa:qzslgwenzu78t6tldlng383g7ruu4enaljmnkgaulyrscjp7ldt26x8gfxck5,171940000,
e83fc50728f68c4c0310485eb798a5bf524645f963ed6ec8566b929a61bb6708,2023-12-12T03:36:02.072000,received,kaspa:qypswxtcrv4ssyjaswy5w9387vq73mkuyq85tl34cee6qn5uexqy0csgnafnjx7,171000000,
baf324d8d15dbd19fc79323b6b3ab195c925ce37fc13cc6f6ba347be0dd97349,2023-11-28T01:26:37.634000,sent,kaspa:qyp9ywr3e9caxgs7mu6stkc5yqyux666ck6s4q49gdh45jaephruqtq3jqtwddh,18000000,
697a329d7a6e144fbbb4643b2ceb93c64c6caafc7fafc216037446eeb8b16f5f,2023-11-27T23:23:49.592000,received,kaspa:qpmp7s9we4nmtuq7fahr68pkxddehqer4r278q8wwtrgp4p5cqqj7e08uvv05,19000000,
