tx_id,timestamp,direction,peer_address,amount_sompi,cex_label
fb4441a8121c9beaa494c488f22772a8797bb3d8750a5b3a8372651b6e19f8fa,2023-12-15T05:44:07.773000,sent,kaspa:qqgp6uc45ma93sr5kkjt4dwxtunkyajl30dwre9ug9erfju259pjqm85g990t,171070000,
fb4441a8121c9beaa494c488f22772a8797bb3d8750a5b3a8372651b6e19f8fa,2023-12-15T05:44:07.773000,sent,kaspa:qqgp6uc45ma93sr5kkjt4dwxtunkyajl30dwre9ug9erfju259pjqm85g990t,171070000,
3bd516df3893f2e76df52eec9b937d95e634871e3ffe46433924e199d507d506,2023-12-12T05:34:34.005000,received,kaspa:qypswxtcrv4ssyjaswy5w9387vq73mkuyq85tl34cee6qn5uexqy0csgnafnjx7,171000000,
1cf931f9ef85e50eb395cfb66e8e83b81b4d206187721b3b3c69a308f5b04def,2023-11-28T05:43:48.263000,sent,kaspa:qypvm6p99nnvsta7npzjnnd88ktzj8d5khqhlz6pw9rmhs3fgxtqpxgd98gnp83,18000000,
f84230fff34ef5612a1f9698e0d75c2c6984824f64df6085bd83f7d9603c1bed,2023-11-27T20:23:09.822000,received,kaspa:qqchg5aj8ea9n9dxm9ca6ncgnjxwk8pkjdx9x202jav5hrnsdu5s6g6un23ew,18100000,
