tx_id,timestamp,direction,peer_address,amount_sompi,cex_label
14b519ac6ea8d580ede5f746af5dd387432e283b950abc1f4813be22736403da,2023-12-16T04:28:43.744000,sent,kaspa:qzslgwenzu78t6tldlng383g7ruu4enaljmnkgaulyrscjp7ldt26x8gfxck5,171940000,
14b519ac6ea8d580ede5f746af5dd387432e283b950abc1f4813be22736403da,2023-12-16T04:28:43.744000,sent,kaspa:qzslgwenzu78t6tldlng383g7ruu4enaljmnkgaulyrscjp7ldt26x8gfxck5,171940000,
f001c9c523647a673002d881bf398ca38cc58e238b7dff259399ae8df20cafaa,2023-12-12T11:59:56.302000,received,kaspa:qypswxtcrv4ssyjaswy5w9387vq73mkuyq85tl34cee6qn5uexqy0csgnafnjx7,171000000,
e518f57427d85b034ad3a01fb16de30cf0bc75cc87534c5b0490c149d140c753,2023-11-28T16:30:00.770000,sent,kaspa:qyp7nzfyx5xp7xef3vku8se3hlk2fghv4mgk8x0hjy2rarffgvcdlwgrmwr37kz,18000000,
a637e4ce4cd29bde911d51f83b46425672f6c480517b08f866eb6799dccf0cb8,2023-11-28T06:41:48.736000,received,kaspa:qpst6xz7793hkwsh0aa30sdt73cmpd5h4eqahmwa0w6872d0knwf5dd3cj9qe,19000000,
