tx_id,timestamp,direction,peer_address,amount_sompi,cex_label
0295eecca565f690e07c35d5d972db926c4fcf819d14bf343047fdcc5f007789,2024-05-02T16:59:47.081000,sent,kaspa:qq9zagcza4jt76eev9jl5z0nqhe0thcu7js8larktj4sle7lvgnw7sfcewlty,50000000000,
0295eecca565f690e07c35d5d972db926c4fcf819d14bf343047fdcc5f007789,2024-05-02T16:59:47.081000,sent,kaspa:qq9zagcza4jt76eev9jl5z0nqhe0thcu7js8larktj4sle7lvgnw7sfcewlty,50000000000,
c1a2db758384c6794adc36d87d211b18d6ea80b3fe87b1705e84047ea6af9065,2024-05-02T16:56:58.736000,received,kaspa:qp9zy3fj83wr843lrh60pe49u0cx6mey4p530c35d7sgcmx9pz6nx457nk8sr,50000000000,
c1a2db758384c6794adc36d87d211b18d6ea80b3fe87b1705e84047ea6af9065,2024-05-02T16:56:58.736000,received,kaspa:qqe6rwnkazv9la2mwj4gkg3anyt2vfyag4c5ludhs4s4d6hn5yj7sf2n4tmmx,50000000000,
b20ac2ca8e0d530a0baa0f2554c737cf52689c32809f6e85e0b31b618343ab46,2024-04-14T09:10:41.313000,sent,kaspa:qqwna83s2xqs20qy5deqyyexeelp74p6vyy854zrh92uggumwa2sq6qtgr7xe,59740000000,
b20ac2ca8e0d530a0baa0f2554c737cf52689c32809f6e85e0b31b618343ab46,2024-04-14T09:10:41.313000,sent,kaspa:qqwna83s2xqs20qy5deqyyexeelp74p6vyy854zrh92uggumwa2sq6qtgr7xe,59740000000,
b20ac2ca8e0d530a0baa0f2554c737cf52689c32809f6e85e0b31b618343ab46,2024-04-14T09:10:41.313000,sent,kaspa:qqwna83s2xqs20qy5deqyyexeelp74p6vyy854zrh92uggumwa2sq6qtgr7xe,59740000000,
b20ac2ca8e0d530a0baa0f2554c737cf52689c32809f6e85e0b31b618343ab46,2024-04-14T09:10:41.313000,sent,kaspa:qqwna83s2xqs20qy5deqyyexeelp74p6vyy854zrh92uggumwa2sq6qtgr7xe,59740000000,
b20ac2ca8e0d530a0baa0f2554c737cf52689c32809f6e85e0b31b618343ab46,2024-04-14T09:10:41.313000,sent,kaspa:qqwna83s2xqs20qy5deqyyexeelp74p6vyy854zrh92uggumwa2sq6qtgr7xe,59740000000,
b20ac2ca8e0d530a0baa0f2554c737cf52689c32809f6e85e0b31b618343ab46,2024-04-14T09:10:41.313000,sent,kaspa:qqwna83s2xqs20qy5deqyyexeelp74p6vyy854zrh92uggumwa2sq6qtgr7xe,59740000000,
b20ac2ca8e0d530a0baa0f2554c737cf52689c32809f6e85e0b31b618343ab46,2024-04-14T09:10:41.313000,sent,kaspa:qqwna83s2xqs20qy5deqyyexeelp74p6vyy854zrh92uggumwa2sq6qtgr7xe,59740000000,
b20ac2ca8e0d530a0baa0f2554c737cf52689c32809f6e85e0b31b618343ab46,2024-04-14T09:10:41.313000,sent,kaspa:qqwna83s2xqs20qy5deqyyexeelp74p6vyy854zrh92uggumwa2sq6qtgr7xe,59740000000,
b20ac2ca8e0d530a0baa0f2554c737cf52689c32809f6e85e0b31b618343ab46,2024-04-14T09:10:41.313000,sent,kaspa:qqwna83s2xqs20qy5deqyyexeelp74p6vyy854zrh92uggumwa2sq6qtgr7xe,59740000000,
b20ac2ca8e0d530a0baa0f2554c737cf52689c32809f6e85e0b31b618343ab46,2024-04-14T09:10:41.313000,sent,kaspa:qqwna83s2xqs20qy5deqyyexeelp74p6vyy854zrh92uggumwa2sq6qtgr7xe,59740000000,
b20ac2ca8e0d530a0baa0f2554c737cf52689c32809f6e85e0b31b618343ab46,2024-04-14T09:10:41.313000,sent,kaspa:qqwna83s2xqs20qy5deqyyexeelp74p6vyy854zrh92uggumwa2sq6qtgr7xe,59740000000,
b20ac2ca8e0d530a0baa0f2554c737cf52689c32809f6e85e0b31b618343ab46,2024-04-14T09:10:41.313000,sent,kaspa:qqwna83s2xqs20qy5deqyyexeelp74p6vyy854zrh92uggumwa2sq6qtgr7xe,59740000000,
b20ac2ca8e0d530a0baa0f2554c737cf52689c32809f6e85e0b31b618343ab46,2024-04-14T09:10:41.313000,sent,kaspa:qqwna83s2xqs20qy5deqyyexeelp74p6vyy854zrh92uggumwa2sq6qtgr7xe,59740000000,
0b0231791f43a136868b604a03786dfe9a2990081a2f396915c2b53b90f4f232,2024-04-14T09:07:59.568000,received,kaspa:qq9zagcza4jt76eev9jl5z0nqhe0thcu7js8larktj4sle7lvgnw7sfcewlty,4750976839,
cc2eb78c3f0a3514a716637aad49e04304674165f4ae2561bc50f632260c9c72,2024-04-14T09:06:55.338000,received,kaspa:qq9zagcza4jt76eev9jl5z0nqhe0thcu7js8larktj4sle7lvgnw7sfcewlty,5295880544,
dfffe8c1a1b04d89b8d655c01b588521a6f5019844b93bd9d4e0bb0473ff94c6,2024-04-14T09:06:21.352000,received,kaspa:qq9zagcza4jt76eev9jl5z0nqhe0thcu7js8larktj4sle7lvgnw7sfcewlty,4663359561,
4d9fc4513d3fca508e0000b8fa33736159df6232aa9509e6eb80a83ef998dbef,2024-04-14T09:04:34.417000,received,kaspa:qq9zagcza4jt76eev9jl5z0nqhe0thcu7js8larktj4sle7lvgnw7sfcewlty,4761256091,
fc65dee90036bb55f81f0b80c5194ec70c2d87b4e6ea766ae40e3393d7ddfaa0,2024-04-14T09:03:40.465000,received,kaspa:qq9zagcza4jt76eev9jl5z0nqhe0thcu7js8larktj4sle7lvgnw7sfcewlty,4841002844,
a38f377a6b4a4401a2191aa340601ba6d4b5cd748d9c186f4c872d90bc212a53,2024-04-14T09:02:44.557000,received,kaspa:qq9zagcza4jt76eev9jl5z0nqhe0thcu7js8larktj4sle7lvgnw7sfcewlty,4882430160,
779739c028af934659a5acb88aafac5922629c71cd6ede8e5c9314ae2c7e3deb,2024-04-14T09:01:50.248000,received,kaspa:qq9zagcza4jt76eev9jl5z0nqhe0thcu7js8larktj4sle7lvgnw7sfcewlty,4932953426,
eb84350ee407c2e8afb8e35fb10bb2104e04d8224e0a6d63a10073e8b7fa4521,2024-04-14T09:01:04.397000,received,kaspa:qq9zagcza4jt76eev9jl5z0nqhe0thcu7js8larktj4sle7lvgnw7sfcewlty,5008321376,
c42dc977d28b2277f9e4aae71ace47c067508cef785cd6871ba9b35530cfe53d,2024-04-14T08:58:52.868000,received,kaspa:qq9zagcza4jt76eev9jl5z0nqhe0thcu7js8larktj4sle7lvgnw7sfcewlty,5077846615,
d9a4147dc04bc7aafd8a317ef41e7419f5c639f0cd078724e647a0e3473ed0f2,2024-04-14T08:54:14.394000,received,kaspa:qq9zagcza4jt76eev9jl5z0nqhe0thcu7js8larktj4sle7lvgnw7sfcewlty,5130971121,
34e75f80f05a1f2f0ee4373e531718b344d2361e1b2611ac095b1b35da0719e5,2024-04-14T08:52:29.978000,received,kaspa:qq9zagcza4jt76eev9jl5z0nqhe0thcu7js8larktj4sle7lvgnw7sfcewlty,5170693030,
3558d7425449f2028876633be51b6d655576b4dea4de91f51801f07ff5ea5a78,2024-04-14T08:50:47.114000,received,kaspa:qq9zagcza4jt76eev9jl5z0nqhe0thcu7js8larktj4sle7lvgnw7sfcewlty,5233986299,
d4b2f97fca24d54bf12d326f5bed8c60e9de36e113d28c93b0d33f8e8663c35c,2024-03-27T18:18:42.777000,sent,kaspa:qr3nmusaycke5ysmvn9a6hkpfg2tq2e3q08e5sx8qm70r52c7um2w6y7c9gmq,103810000000,
d4b2f97fca24d54bf12d326f5bed8c60e9de36e113d28c93b0d33f8e8663c35c,2024-03-27T18:18:42.777000,sent,kaspa:qr3nmusaycke5ysmvn9a6hkpfg2tq2e3q08e5sx8qm70r52c7um2w6y7c9gmq,103810000000,
6da0941c92c96650fe62a247423142464c42db25c70cfe737a608fdc649954f7,2024-03-27T18:12:04.086000,received,kaspa:qpzpfwcsqsxhxwup26r55fd0ghqlhyugz8cp6y3wxuddc02vcxtjg75pspnwz,35804000000,MEXC
6da0941c92c96650fe62a247423142464c42db25c70cfe737a608fdc649954f7,2024-03-27T18:12:04.086000,received,kaspa:qpzpfwcsqsxhxwup26r55fd0ghqlhyugz8cp6y3wxuddc02vcxtjg75pspnwz,35804000000,MEXC
3b6e463de3c8ea9a3b53b07dad4d34917f59cc89f9097c999453a8b1ee5d9277,2024-03-27T17:56:28.155000,sent,kaspa:qq9zagcza4jt76eev9jl5z0nqhe0thcu7js8larktj4sle7lvgnw7sfcewlty,4000000000,
0d6ac151777c66f8d1e650c705b31a3bd2f1d0d4d3c3d27206d9c91434962c13,2024-03-27T17:55:19.533000,sent,kaspa:qq9zagcza4jt76eev9jl5z0nqhe0thcu7js8larktj4sle7lvgnw7sfcewlty,4000000000,
954ec8519dc7fc0b0715f0647c1667919e275d61faac4f3c3a080294eb630b57,2024-03-27T17:54:26.147000,sent,kaspa:qq9zagcza4jt76eev9jl5z0nqhe0thcu7js8larktj4sle7lvgnw7sfcewlty,4000000000,
4862ca4395309e8a9f87ec3980f39d6f8ababed7523c0333365e9ae6fd10232d,2024-03-27T17:53:34.639000,sent,kaspa:qq9zagcza4jt76eev9jl5z0nqhe0thcu7js8larktj4sle7lvgnw7sfcewlty,4000000000,
93a738e767b6452f42b2bdfbb243a3921f3a9e1c6e38c73ae71eb05b2f5ac91c,2024-03-27T17:52:36.678000,sent,kaspa:qq9zagcza4jt76eev9jl5z0nqhe0thcu7js8larktj4sle7lvgnw7sfcewlty,4000000000,
ec893cc480397bd73aadc80b7cfb762a2048b132a8441c6c68249f3727324388,2024-03-27T17:51:50.046000,sent,kaspa:qq9zagcza4jt76eev9jl5z0nqhe0thcu7js8larktj4sle7lvgnw7sfcewlty,4000000000,
4e3405709537853ef36b7dbe4b11039d78cc80b12dfcdf823695c4c8f530e451,2024-03-27T17:50:59.978000,sent,kaspa:qq9zagcza4jt76eev9jl5z0nqhe0thcu7js8larktj4sle7lvgnw7sfcewlty,4000000000,
0e7abea2c7d6672ed1ed845f725fd14d49d86ceccd211b336acdfecd948f1506,2024-03-27T17:49:09.725000,sent,kaspa:qq9zagcza4jt76eev9jl5z0nqhe0thcu7js8larktj4sle7lvgnw7sfcewlty,4000000000,
0e7abea2c7d6672ed1ed845f725fd14d49d86ceccd211b336acdfecd948f1506,2024-03-27T17:49:09.725000,sent,kaspa:qq9zagcza4jt76eev9jl5z0nqhe0thcu7js8larktj4sle7lvgnw7sfcewlty,4000000000,
96b6e40513fd76bef51e5cd6cd089307ef03efb6dc76882df30319438860648f,2024-03-27T17:47:20.816000,received,kaspa:qzgs0mx396lczgcnn0qmg66zyz7u0qvk9wy4vrncpzp6n46ctaccj0z5qeqrz,100000000000,
50789b7d58b902c197379a4a23148949f06de516d7af13c9cf6243da45fd474c,2024-03-19T18:06:09.907000,sent,kaspa:qqwna83s2xqs20qy5deqyyexeelp74p6vyy854zrh92uggumwa2sq6qtgr7xe,68990000000,
4d43da92f633cbd8f9ee7401840f638bd3e3bba60b3372cc24e27eceff1f968a,2024-03-19T17:17:15.604000,sent,kaspa:qq9zagcza4jt76eev9jl5z0nqhe0thcu7js8larktj4sle7lvgnw7sfcewlty,1000000000,
9f764aa882e11d3b1705b172dfb23073b412d0c82e8102851564bb0d3c44d042,2024-03-19T17:09:59.432000,sent,kaspa:qq9zagcza4jt76eev9jl5z0nqhe0thcu7js8larktj4sle7lvgnw7sfcewlty,3000000000,
228c449e529b477cb78823f22615fa45b5ba9e8a493571fc0f569bc1c6efb711,2024-03-19T17:02:12.263000,sent,kaspa:qq9zagcza4jt76eev9jl5z0nqhe0thcu7js8larktj4sle7lvgnw7sfcewlty,3000000000,
6c7b3ce4057b2173b88cc4d0500cef9f5c6903ed7cb91d0a0d8d49588e55f70c,2024-03-19T16:59:11.280000,sent,kaspa:qq9zagcza4jt76eev9jl5z0nqhe0thcu7js8larktj4sle7lvgnw7sfcewlty,3000000000,
73002aeb58573e26da4a969e7b83af29316c40c667ccf504dee85033e95de534,2024-03-19T16:57:33.178000,sent,kaspa:qq9zagcza4jt76eev9jl5z0nqhe0thcu7js8larktj4sle7lvgnw7sfcewlty,4000000000,
9ea7e61052c02dedaa84391a532326ba93d99dbfd5924a3d3d8fd78b04dd01d6,2024-03-19T16:56:28.282000,sent,kaspa:qq9zagcza4jt76eev9jl5z0nqhe0thcu7js8larktj4sle7lvgnw7sfcewlty,5000000000,
70c6e32dbe9c3ef0d17bb7e4953acd49a40c3f86a489decc12c0859cf8b165b9,2024-03-19T16:54:40.393000,sent,kaspa:qq9zagcza4jt76eev9jl5z0nqhe0thcu7js8larktj4sle7lvgnw7sfcewlty,3000000000,
5309aaf8c4286903104d780c730ed3b469e612231c8a769dde22c5b1b72b29ed,2024-03-19T16:53:19.217000,sent,kaspa:qq9zagcza4jt76eev9jl5z0nqhe0thcu7js8larktj4sle7lvgnw7sfcewlty,3000000000,
b1710c4b012da9bb005f3e1162aae310e6df2006b461bfd12247b1e6e0f6559b,2024-03-19T16:50:03.147000,sent,kaspa:qq9zagcza4jt76eev9jl5z0nqhe0thcu7js8larktj4sle7lvgnw7sfcewlty,3000000000,
53cf5f7aa9dc32458ab912b9a36cfcde44d37d10b95f704c99c4c72f2e9a845e,2024-03-19T16:47:06.662000,sent,kaspa:qq9zagcza4jt76eev9jl5z0nqhe0thcu7js8larktj4sle7lvgnw7sfcewlty,3000000000,
03dcf037394a498131e164a269d0a138a76358373c29f8c04484efa2159d8a60,2024-03-19T16:45:10.164000,received,kaspa:qr3nmusaycke5ysmvn9a6hkpfg2tq2e3q08e5sx8qm70r52c7um2w6y7c9gmq,100000000000,
cf2a1db2e14d4dae09aea1ba72403b2d4af6bb3ca7ad906638acfcaf3ad84cbe,2023-08-07T03:46:23.339000,sent,kaspa:qqwna83s2xqs20qy5deqyyexeelp74p6vyy854zrh92uggumwa2sq6qtgr7xe,496999900000,
49f002fe542b52d50e1faa4aa2ae9185da678ce672f456ce1b7e745814a49603,2023-08-07T03:44:03.516000,received,kaspa:qqetp7ct8kqss99fxmymyz5t3fezppxp0t58wl6pawp27elqd46uudme00cl0,497000000000,
4b3d4791b5661bb6d1b344a86b2b487417904a2b042a8c302873b42b4129c50b,2023-08-06T13:02:42.947000,sent,kaspa:qqwvnkp47wsj6n4hkdlgj8dsauyx0xvefunnwvvsmpq2udd0ka8ckmpuqw3k5,99999900000,
ea5302397038054815df0a56b7348558d75c8292c46cef49b588bf2a80643c51,2023-08-06T13:01:42.104000,received,kaspa:qrpgzgzt87vvaa2ktzd0s6zwy3duwelrfvnw5t3qzeqmsz5kkvtzgjdeluxj4,100000000000,
be7e99305a34ebf247a8831167baff0113732c6c243c0662aff512aada8601de,2023-08-05T11:08:31.965000,sent,kaspa:qqwvnkp47wsj6n4hkdlgj8dsauyx0xvefunnwvvsmpq2udd0ka8ckmpuqw3k5,99999800000,
dfe055ac177d226c68b75bdb2e1ea7233864778d42b43ca12feea4b7155b0a63,2023-08-05T10:59:08.201000,sent,kaspa:qqwvnkp47wsj6n4hkdlgj8dsauyx0xvefunnwvvsmpq2udd0ka8ckmpuqw3k5,100000000000,
89cf2310d746937c2551298801a8cae69287e6f8e6603794e76adb5d875c478e,2023-08-05T10:57:46.277000,received,kaspa:qqewkrdhswp750f3d46ds7977p4qkxlymlvpm8wq57pcanmjxrl5g5v5zs90y,200000000000,
727643a265be4ba9804df64f69980a7ce637ecd3d37d5f900faf432871619622,2023-08-02T17:33:31.749000,sent,kaspa:qqwvnkp47wsj6n4hkdlgj8dsauyx0xvefunnwvvsmpq2udd0ka8ckmpuqw3k5,199999900000,
5d94412df64e80361ff4baa2f3f892d89495426043e10c2b10c0ccc126f057fb,2023-08-02T17:32:34.782000,received,kaspa:qpfgsd48yywpmsg5np4n63tlr80hj6rp7kf56cnc2pt00gwquzy6xa9mrnsvl,200000000000,
347a25b34b3c8c089ab0ce1476d56d7226a75f88cc292eaefa5961b0b3036f61,2023-08-02T17:12:36.094000,sent,kaspa:qqwvnkp47wsj6n4hkdlgj8dsauyx0xvefunnwvvsmpq2udd0ka8ckmpuqw3k5,149999900000,
f708e05732d44a3dda2ac84eff6383447bf93025fbbb6540d00525aa12ff3f89,2023-08-02T17:10:50.508000,received,kaspa:qrcv9m2qc4jayk7d6hg82mwjlgc0pvsa2kqe2gd5pfd3pu3ycpw9y2jm7wfme,150000000000,
011504f9345cd8f5eaa06ddb9805e815faea0b1187403cb89746f05d510aee2c,2023-08-02T16:43:09.982000,sent,kaspa:qqwvnkp47wsj6n4hkdlgj8dsauyx0xvefunnwvvsmpq2udd0ka8ckmpuqw3k5,149999900000,
1ceb63db00f1db83259c5c601b2d3c03e2191f0464321179b3e9ea409424861b,2023-08-02T16:41:51.269000,received,kaspa:qpkg42qwa3gvygk9lk0as5a7skvtacjqwtp0xamf3d4fnwlaxclcsy32zkuyj,150000000000,
46c25ae0598cfa3e2358ec31c7f7c63998c208055e2d31311182d42d53c8fa7a,2023-08-02T16:21:51.434000,sent,kaspa:qqwvnkp47wsj6n4hkdlgj8dsauyx0xvefunnwvvsmpq2udd0ka8ckmpuqw3k5,199999900000,
6188526e0c5cae8faf560b702f138c1cfd543f55b2b399fb9575d16c28ae3cd0,2023-08-02T16:20:57.364000,received,kaspa:qql6q0vzhfctqqxw4p9nnm7tuwsw4juzm53u9mnkfuhhx3yfvevdyzrfw6tjr,200000000000,
671c8838e54803e74ba093045c5f4f1ebd6623f382db57a2cac9142c6749744d,2023-08-02T15:59:46.899000,sent,kaspa:qqwvnkp47wsj6n4hkdlgj8dsauyx0xvefunnwvvsmpq2udd0ka8ckmpuqw3k5,149999900000,
80f527fc08bf0c03e351a80108c4e5a849d97e97fa3f0598b0f134697c2b5ae4,2023-08-02T15:58:20.960000,received,kaspa:qqvutcudp4ven9h58he6s8gtgxde0zpklwk99yne2ap76aafpwk7u867yeyus,150000000000,
1b7dc21a1c6c91617bda85aad0f6fb8a197d4d47199142fbe74db3b78eb7ce36,2023-08-02T15:26:07.043000,sent,kaspa:qqwvnkp47wsj6n4hkdlgj8dsauyx0xvefunnwvvsmpq2udd0ka8ckmpuqw3k5,149999900000,
9a67d8955b3f3764940cd0639ea694370f5672c47af491cef4bee2a5c0d9b39d,2023-08-02T15:24:38.840000,received,kaspa:qqlpzsl6tcg95w7ujwl7zpa7zk53uze9nufv3jycdpfj8t5yfmjnskf0v542f,150000000000,
f50e7e3c8fe4f882fe2e2507025f59d7f6c67be099ab34838f84514111d7430d,2023-08-01T18:36:54.579000,sent,kaspa:qqwvnkp47wsj6n4hkdlgj8dsauyx0xvefunnwvvsmpq2udd0ka8ckmpuqw3k5,199999900000,
66ecd0c8b0fad9ff864fec525a2c9e58b1e0d5a28ecb8fba3c6f9e2a10ef5a03,2023-08-01T18:34:58.149000,received,kaspa:qz7x4ksca3sqaf6637d9ee7xxvmsg7zx8yes7uk7a2p6aw273c63sgmlksndl,200000000000,
e7b8088ef926ac1ad96368786e9803eac8381e8e5cd1ea02bb6776f0285a8450,2023-08-01T18:00:17.353000,sent,kaspa:qqwvnkp47wsj6n4hkdlgj8dsauyx0xvefunnwvvsmpq2udd0ka8ckmpuqw3k5,199999900000,
0d133965cdeaeef2edd7912bb7e3bf7dc505485b6446bca2a68b3d0260ac81c1,2023-08-01T17:58:54.335000,received,kaspa:qr3nmusaycke5ysmvn9a6hkpfg2tq2e3q08e5sx8qm70r52c7um2w6y7c9gmq,200000000000,
f36b185a184195c7ba43529f0e5cc5a574cf7ffd098a6b23c46f383541119963,2023-07-31T19:13:10.799000,sent,kaspa:qqwvnkp47wsj6n4hkdlgj8dsauyx0xvefunnwvvsmpq2udd0ka8ckmpuqw3k5,99999900000,
e1ce8971f172b829e12d7930fa8833589111bebde7a94f8bc1b175eff4abb76e,2023-07-31T19:12:16.772000,received,kaspa:qqg8y5clzqwd37q4zry4xqp79fr0qj2qtwnwzxlgtnk8tmtn6xt4qenvxkx7k,100000000000,
665a68970b090e42ce485411dba2e53a14e361395b20daab59b4d08c3b62fb69,2023-07-31T16:45:40.900000,sent,kaspa:qqwvnkp47wsj6n4hkdlgj8dsauyx0xvefunnwvvsmpq2udd0ka8ckmpuqw3k5,199999900000,
54c5f5130c7b41c78f5a5ee3fc9ae0822fb26177fd8f603d0dfcea3eb24affe0,2023-07-31T16:44:15.317000,received,kaspa:qq3uf3ffm6d8a986xp8use9qz92j7hh8w9fj4l26g8h3c3tf35xazak2mlj0j,200000000000,
b6005e00b29eaa8591b9c519f8fe8220b817fc41f304ee5069c9c3364675fdad,2023-07-31T16:10:23.239000,sent,kaspa:qqwvnkp47wsj6n4hkdlgj8dsauyx0xvefunnwvvsmpq2udd0ka8ckmpuqw3k5,146999900000,
78864f550a14258995a2ae313ffab465ebfc6fbf0164ef9303891c6c0b3810a7,2023-07-31T16:08:59.354000,received,kaspa:qpcah50k5kkjjhvyt35leffrjyumtyd0uxk09r3r4xxfqnxwngeyvhtvfymqe,147000000000,
62952b3749da4827b4d75a2454eac86de7094c5f7ec00a25d91b7bfe1b727fb4,2023-07-31T15:38:17.882000,sent,kaspa:qqwvnkp47wsj6n4hkdlgj8dsauyx0xvefunnwvvsmpq2udd0ka8ckmpuqw3k5,149999900000,
4a4bf91a3210242884bf0da862c4904e2c484201a60eefb32ef4f6d77ed7054e,2023-07-31T15:36:47.062000,received,kaspa:qp8fn6mva8xuhrqev2xkwuyt6vqh7dsetpleqxe6hwzv7jv2lrluydgzacrk2,150000000000,
02200e979f5f0f928c4af3861b4d5ee595abcb914bbc6a77fa268a381f679a12,2023-07-26T14:39:00.400000,sent,kaspa:qqwvnkp47wsj6n4hkdlgj8dsauyx0xvefunnwvvsmpq2udd0ka8ckmpuqw3k5,99999900000,
4c9e72e42efc63febb6c70f8672fdccf1f10bfe686038e417bfd0e2741242898,2023-07-26T14:34:18.348000,received,kaspa:qz27j64zk3aldfctttjgzgsn0dxsk3nqgy26dxwlqtfav6gszhuhv7g7wa3ah,100000000000,
ede70b0e9f248b75c191d900104517ecb72ff46e0d27d81771f81cdebe639f83,2023-07-23T13:45:28.650000,sent,kaspa:qqwvnkp47wsj6n4hkdlgj8dsauyx0xvefunnwvvsmpq2udd0ka8ckmpuqw3k5,99999900000,
9a408b07b6aeb257b10ffdaf6e636e2ca4d8a01b71e7f80bc45efed7d1e00e4f,2023-07-23T13:43:42.911000,received,kaspa:qze4cz6z048husp8umq2d3kzt0x7st8w5a8433fjm83xsa2kx9wpvjvvncrt7,100000000000,
97b87d2567e49f8ad8c916346fab5615a8543dffeaa0a853d59a3255c9004212,2023-07-23T11:58:22.667000,sent,kaspa:qqwvnkp47wsj6n4hkdlgj8dsauyx0xvefunnwvvsmpq2udd0ka8ckmpuqw3k5,149999900000,
2159f2d296f5984d5e80c104033d8ef447702d90dba91ba2b3dc6adce3eb4fa6,2023-07-23T11:56:54.682000,received,kaspa:qpe4jnsrqd8e2vw269v00j2qul5678nk47wvuq95u0perrtvvdeaupdfnghg0,150000000000,
26b70f5a8b81769265a98dd4486c19100b93bc96a4528e4aead16b229511962f,2023-07-16T18:27:17.276000,sent,kaspa:qqwvnkp47wsj6n4hkdlgj8dsauyx0xvefunnwvvsmpq2udd0ka8ckmpuqw3k5,49999900000,
18af20b112ca46020237aeb2e5f693b7573da9caf7889c9ce6c2d32dd0d1f867,2023-07-16T18:16:47.992000,received,kaspa:qrlgsj45c3j2z2drf6xapupsqt862fgmd5h985fcruqr3nz77d5az39narcy9,50000000000,
5c64848ca6021067756bee57e0550f995253a8024a01bb9b22ec535a32539825,2023-07-16T10:19:44.992000,sent,kaspa:qqwvnkp47wsj6n4hkdlgj8dsauyx0xvefunnwvvsmpq2udd0ka8ckmpuqw3k5,199999900000,
8f5af9c99cb59dc119800daf79e795c04c745021f01f80023019636e9b0866d9,2023-07-16T10:11:16.361000,received,kaspa:qqupu8mfew4rfs6306ncqm2cj2a9jxdhq5ruhcp48dpsa3alr7hkv56ks36t0,200000000000,
3250b20cda598230dff4e51656011143acc389e0a77358f3d6888108a6680de9,2023-07-16T08:56:38.696000,sent,kaspa:qqwvnkp47wsj6n4hkdlgj8dsauyx0xvefunnwvvsmpq2udd0ka8ckmpuqw3k5,146999900000,
c11f159e939c23d0c01fdc7d6cea05ab38ca320c4c873ae599cdf5f7bfc8519d,2023-07-16T08:52:39.706000,received,kaspa:qzqjemesnwg08xxyenvamws4rxee5jvg9d8nckwz67pkmnd2p8utqqkmlgyrg,147000000000,
7be2f528c147923a00c0687c50afac598f96742f148a33e8a80873d5fc79653f,2023-07-15T11:40:58.789000,sent,kaspa:qqwvnkp47wsj6n4hkdlgj8dsauyx0xvefunnwvvsmpq2udd0ka8ckmpuqw3k5,199999900000,
4b16776352d22a1b69a63f9f77e2bec7eaef3d967a875f99c8cd1008c8f9149d,2023-07-15T11:39:01.830000,received,kaspa:qr3nmusaycke5ysmvn9a6hkpfg2tq2e3q08e5sx8qm70r52c7um2w6y7c9gmq,200000000000,
42240c025a1f8e7d7bcded84168b43126e087fbeba31de083276c7c05bd702c7,2023-07-15T11:17:44.582000,sent,kaspa:qqwvnkp47wsj6n4hkdlgj8dsauyx0xvefunnwvvsmpq2udd0ka8ckmpuqw3k5,199999900000,
7e4df86390aa709609e1c835d864a4437c5e0430fdfe7feb4c3a53cdf8cb51fd,2023-07-15T11:12:05.511000,received,kaspa:qzd7m3f2a7rghhdtwjm5en9tfadfnxg2fmtpuct2fjs5xsygjhvmqjcyp7c7n,200000000000,
c4e6e82f00942384c817b7f19e3e94e2f163ea428995a6e399a12aecebbbd716,2023-07-13T18:23:19.706000,sent,kaspa:qqwvnkp47wsj6n4hkdlgj8dsauyx0xvefunnwvvsmpq2udd0ka8ckmpuqw3k5,99999900000,
657dca36eb1197104342a2dba721b562b3085e5c80fee565b36483a5c9ff339b,2023-07-13T18:21:47.767000,received,kaspa:qq5w8h2g4jxxu7f9q8656yu5nrtaj046ggcf44pvegdgf5k8rk2j202npv99n,100000000000,
035024be5219b960c925c2c59ecdc31ab87f0d78f0627a21f3af363c0da62f57,2023-07-13T18:17:12.232000,sent,kaspa:qqwvnkp47wsj6n4hkdlgj8dsauyx0xvefunnwvvsmpq2udd0ka8ckmpuqw3k5,99999900000,
ad3e61576a62e2a904313b90508f699d5b910599465b47bfa325448b36eaf1c5,2023-07-13T18:16:06.376000,received,kaspa:qp2am6vewwlr6fpqtt6h9u6f5wmaq7vrp9sjvnc909jnyz7wttpek97n29eka,100000000000,
1b5620c3e2645beeadc273dfb66775a3aa31b547584f73475e4e6eda0e97686c,2023-07-09T11:32:24.272000,sent,kaspa:qqwvnkp47wsj6n4hkdlgj8dsauyx0xvefunnwvvsmpq2udd0ka8ckmpuqw3k5,249999900000,
ebde4555ac38584d4d2918de7ce3410f307e7e4f8776f252fdf7988cb046e5a4,2023-07-09T11:29:04.341000,received,kaspa:qp2flvsgwpfu8tusuyqyvg30gus6g26j3a3hf33wwt6rr7gapegsz5s75kht9,250000000000,
1cdeeb11eeb5e1b34570723815d7653f5ba794632bd43b4809795998e802849b,2023-07-09T10:22:35.718000,sent,kaspa:qqwvnkp47wsj6n4hkdlgj8dsauyx0xvefunnwvvsmpq2udd0ka8ckmpuqw3k5,249999900000,
77b55db6e3746950411067bc175f8826d95b3740a0aedea5cd8f0cd0bf1bd249,2023-07-09T10:20:58.743000,received,kaspa:qqw0kjq5z2y3029gs3utyfvxdk8tyqq8d4f3458afmqjxskf4g4hw529j4mea,250000000000,
214df30c7f352182a3de1fa34c1349190f2fda39244a94841de1715acd0bd629,2023-07-09T10:00:39.275000,sent,kaspa:qqwvnkp47wsj6n4hkdlgj8dsauyx0xvefunnwvvsmpq2udd0ka8ckmpuqw3k5,249999900000,
a02d4054a71b3622bd370d6276d4e823a55b5e447103193ceef051f2c3d368eb,2023-07-09T09:58:50.552000,received,kaspa:qq4eyylse67n9kyldndpqheya7fauyswvms3swfh40qexzsqgncpwl02f283a,250000000000,
cb84d44404764e1324ad49bd947288c8b839fc093e1f6c05c3a03ae12c483266,2023-06-30T20:22:57.438000,sent,kaspa:qqwvnkp47wsj6n4hkdlgj8dsauyx0xvefunnwvvsmpq2udd0ka8ckmpuqw3k5,249999700000,
a806b3cbfb10275796b22deaefe638cb22c798f7d7763c3f650fbb8e723c45e6,2023-06-30T20:21:56.927000,sent,kaspa:qqwvnkp47wsj6n4hkdlgj8dsauyx0xvefunnwvvsmpq2udd0ka8ckmpuqw3k5,250000000000,
32720cfd8c4dbfeaa350caaa7b09db2ed32adf57ae5abaadfbc2d035e5e9e1b7,2023-06-30T20:20:05.550000,sent,kaspa:qqwvnkp47wsj6n4hkdlgj8dsauyx0xvefunnwvvsmpq2udd0ka8ckmpuqw3k5,250000000000,
f6dba2f5cc69cd98ca186334e44df359d2d2a8635a541847ddaecc70df69465c,2023-06-30T20:18:47.058000,received,kaspa:qrqpv7fs2cvz8c0gw5kz2qzvymckza0xpfrt7acawje88qm0caz0zf8m3uaqq,750000000000,
a15b7b48d2e82212fd6e0661af1aeba75704c3b78b5584d2bfbe2fc8db1182a9,2023-06-30T15:06:29.623000,sent,kaspa:qqwvnkp47wsj6n4hkdlgj8dsauyx0xvefunnwvvsmpq2udd0ka8ckmpuqw3k5,249999900000,
a115d34136b88b3535bee32862b7863a4feed787d00b38ac56e85550f912d535,2023-06-30T15:05:47.171000,received,kaspa:qpzjjakqr6tkqym933hax5qvk36c873u4faz9jza57a8qk02zttey4l0gwpun,250000000000,
603a20293e32e9071936d0020a5e4134c3bc333e9301f99a7c926939e2972e63,2023-06-30T14:54:59.956000,sent,kaspa:qqwvnkp47wsj6n4hkdlgj8dsauyx0xvefunnwvvsmpq2udd0ka8ckmpuqw3k5,249999900000,
e879f34ed0f051bc26cc6a6ffab4834e89fc77a6d60b43c1e95bf365c542d487,2023-06-30T14:53:58.491000,received,kaspa:qz58cy7skkg0fg4ylmdap8m6zrudlzmtjh4tz69r93gzsj65dh3sx59hfsk6j,250000000000,
102fea3e3f468cc7db3afe749e8f7d65a9a1bb656a8b395e067826e8c9956808,2023-06-30T14:34:06.041000,sent,kaspa:qqwvnkp47wsj6n4hkdlgj8dsauyx0xvefunnwvvsmpq2udd0ka8ckmpuqw3k5,249999900000,
764f5b8f26d8ac54e5bfccebf6c6642a4344efde0a21bc8cea3e62f8b7f41a40,2023-06-30T14:30:02.046000,received,kaspa:qzuktvl3cynlvsymtp7kpyzsnpy5znnlpsnum07ucaarygjt3avxxuf5yg3zm,250000000000,
97fc0a914e405dfd537592c0958b450efa0c193b8736d6057549bddfbdf60bb5,2023-06-29T17:31:21.473000,sent,kaspa:qqwvnkp47wsj6n4hkdlgj8dsauyx0xvefunnwvvsmpq2udd0ka8ckmpuqw3k5,249999900000,
b18ab8ca6fd5ec678f8d634537c7cb4cf5633aa5bb2829bca577aaf21192a9a0,2023-06-29T17:30:13.412000,received,kaspa:qrleyq9l2ea7zrzxd4l0dzlpez8xluls2wacv0kqcgn6qsel6zcuqgqr8vaz8,250000000000,
468bf5585ab17821dd8f43530e8a1b4ddd4ce4613e410a1755d7dc7e5ff73b5f,2023-06-29T14:38:18.494000,sent,kaspa:qqwvnkp47wsj6n4hkdlgj8dsauyx0xvefunnwvvsmpq2udd0ka8ckmpuqw3k5,249999900000,
6d59a86133589eaee7107bfd5e5445242b9578b72297766215b439e6a216dbf6,2023-06-29T14:37:33.258000,received,kaspa:qz2qpwzcg6hnmtwruarxg5d84mv74c43a5t72cw4rnhjtnvsphlz72lfz9l2k,250000000000,
e0d0f36cd8b4730c548358789f36adb60835eda1792afea8ca3ca8215a3e78b4,2023-06-24T21:34:17.998000,sent,kaspa:qqwvnkp47wsj6n4hkdlgj8dsauyx0xvefunnwvvsmpq2udd0ka8ckmpuqw3k5,249999800000,
c6912e4681ad38f925452ac3b4057b8157f537ff658067682fb49358aa4d7923,2023-06-24T21:23:48.551000,sent,kaspa:qqwvnkp47wsj6n4hkdlgj8dsauyx0xvefunnwvvsmpq2udd0ka8ckmpuqw3k5,250000000000,
c99b61bd9a62e87c2988ba72ba7f36f67b32656db99e5e239a25f96deaf99ec6,2023-06-24T21:21:52.520000,received,kaspa:qp88982la78cmq2the499u0rxaas5tcm0svv0mthkuv5f7h3epufxpskl5dwa,500000000000,
8371c0988d7797b48b9cc52ca507bf5e7746189c69221896f731ebe818f2beeb,2023-06-24T17:56:21.831000,sent,kaspa:qqwvnkp47wsj6n4hkdlgj8dsauyx0xvefunnwvvsmpq2udd0ka8ckmpuqw3k5,249999800000,
c7558c5645777c0533f4c4987f6841ba893e60a213cd4b1fb726d8fdc7f4e347,2023-06-24T17:22:34.332000,sent,kaspa:qqwvnkp47wsj6n4hkdlgj8dsauyx0xvefunnwvvsmpq2udd0ka8ckmpuqw3k5,250000000000,
2b8a083069b053e344c16e93f4b598fff7cba2a50fb3f168bbe8e3e4acba48bc,2023-06-24T17:21:07.059000,received,kaspa:qr3nmusaycke5ysmvn9a6hkpfg2tq2e3q08e5sx8qm70r52c7um2w6y7c9gmq,500000000000,
3e40296af88a0e4115ef348ea3be66d42f99525a5d8f9ecf6f94757a9d1f50e5,2023-06-24T11:45:22.071000,sent,kaspa:qqwvnkp47wsj6n4hkdlgj8dsauyx0xvefunnwvvsmpq2udd0ka8ckmpuqw3k5,249999800000,
8e916721c63de2d75c8c58819cc45af95c22e66834c9f15bd30e2ad12960e77d,2023-06-24T11:26:09.998000,sent,kaspa:qqwvnkp47wsj6n4hkdlgj8dsauyx0xvefunnwvvsmpq2udd0ka8ckmpuqw3k5,250000000000,
da8b8a31d1a491815b736b684b158e48a5722d7f9f4a76dd804f02ccbeb899fb,2023-06-24T11:22:23.538000,received,kaspa:qz8704jcv9r43js566ynrv4l4cel766jg95fr7d4vjjcvmfvl8kfg738tm7t8,500000000000,
