tx_id,timestamp,direction,peer_address,amount_sompi,cex_label
8b716c19fa288d983d7bccc10ac2bfb2a2f7faa048d567fe654751bf353f0be3,2023-12-16T04:16:46.284000,sent,kaspa:qzslgwenzu78t6tldlng383g7ruu4enaljmnkgaulyrscjp7ldt26x8gfxck5,171940000,
8b716c19fa288d983d7bccc10ac2bfb2a2f7faa048d567fe654751bf353f0be3,2023-12-16T04:16:46.284000,sent,kaspa:qzslgwenzu78t6tldlng383g7ruu4enaljmnkgaulyrscjp7ldt26x8gfxck5,171940000,
31a67ac9a74aadc8a712f3dd65bd4792637f14f441372eb5062b8f565ec46bb1,2023-12-12T06:17:34.053000,received,kaspa:qypswxtcrv4ssyjaswy5w9387vq73mkuyq85tl34cee6qn5uexqy0csgnafnjx7,171000000,
50eb9c47bec93492891fa4071211abb105ce4489238ab294c2a12fc572eed0fd,2023-11-28T06:58:43.010000,sent,kaspa:qyph83pce75z2trz5r02wr6vdk257hqtwwf9e5rvnte3fk7k9p7s0rctm0nq5te,18000000,
8e6e184ff4522a1bf3a63d89aaf948ff45239e4b847a1ba4995b0a41b48c3130,2023-11-28T01:07:41.483000,received,kaspa:qza2tqfcw6dckpck2wtdazuqm02vl2nqw8crr8dhjxt6mulmum88s7y72f98a,19000000,
