tx_id,timestamp,direction,peer_address,amount_sompi,cex_label
f507fe5c4bc8363f5cb1c3b96b3a0397900a4ea1d43fdf86f98dd25af1885a88,2024-08-06T12:44:24.727000,sent,kaspa:qztdr0a6q5rw9gvadkftehp62sk023atan540xa9p6ywavukn3e4vf33d6yln,5012181459,
f507fe5c4bc8363f5cb1c3b96b3a0397900a4ea1d43fdf86f98dd25af1885a88,2024-08-06T12:44:24.727000,sent,kaspa:qztdr0a6q5rw9gvadkftehp62sk023atan540xa9p6ywavukn3e4vf33d6yln,5012181459,
6889e10fbace2d70b3a6b6291a8f198032409c78a1fa2b8b3910606f469aa228,2024-08-06T12:42:17.354000,received,kaspa:qpkfdrj5zdvjv6whhld2c33u9nklzmtm23ax0apmmffu5zp66xpqury56su7k,5000000000,
f9711de729a1a1e93c6981bc401d6a6f43b400848e6d377a10b5eb43b9966039,2023-12-12T17:05:15.492000,sent,kaspa:qrx2nhnevm9vgn5rjfevlsxdylmzsr9fl5gx23z32fa4jqp66yp4j3kdjp4uz,960000000000,
bdce7fc2f0d47c6a4dcdea94c9d946407ba7192a6098065fce1c19ae5b7bfa53,2023-12-12T13:22:15.968000,sent,kaspa:qr5rxsjc5dh2rehmzxuav270v6av9g9g80tja0djpj5m3p9d9uwjxzlwydh20,103900000000,
33dc8631ea601f6f3ebf119b0bdff202fc988a6a3f603421dd46201a8071af13,2023-12-12T12:25:28.452000,sent,kaspa:qr5rxsjc5dh2rehmzxuav270v6av9g9g80tja0djpj5m3p9d9uwjxzlwydh20,100000000000,
67e572c9e3de3a8e21a48c754e05d56d722b4d05f21b0034b0a5654cd9b6e7b5,2023-12-11T05:26:40.937000,sent,kaspa:qr5rxsjc5dh2rehmzxuav270v6av9g9g80tja0djpj5m3p9d9uwjxzlwydh20,100000000000,
3395a693debcb5013415590984fe8614f36e9f2cb273c197806436cb47d483a0,2023-12-10T12:41:59.101000,sent,kaspa:qr5rxsjc5dh2rehmzxuav270v6av9g9g80tja0djpj5m3p9d9uwjxzlwydh20,110000000000,
ff3388c57ca1c876cb331e5a55410f2c2b978e3abcabba59c01afb6215d76265,2023-12-10T11:43:03.638000,sent,kaspa:qr5rxsjc5dh2rehmzxuav270v6av9g9g80tja0djpj5m3p9d9uwjxzlwydh20,100000000000,
06e0b7d52d94abe42b8593e9eef015237d9eaea104f7049db25a4a4ea6d26b3d,2023-12-10T03:12:52.743000,sent,kaspa:qr5rxsjc5dh2rehmzxuav270v6av9g9g80tja0djpj5m3p9d9uwjxzlwydh20,11500000000,
2c3cc689643f24080f493d286ec2e4c0a715d51cc32e818bf9f8fbda53a976c7,2023-12-09T05:35:30.006000,sent,kaspa:qqf2d7x30740aj7l8pvn874g2a7uj4pjaxe20d7xqdgf47pk7xcxxpufsjmse,10000000000000,
e76c3bcf12529c17d778e165d9cc8d8823af6ae2ff0c0bf36ed515bdd5ffecb7,2023-12-09T05:27:36.478000,sent,kaspa:qz655360engpjlj5wk9axmk9zgepw7vqnlsw6el6g9qa7tzfdnssjc7d066h9,69900000000000,
df532bdbb57c45c6a5c89b92507f7bebdf2b685319ee35846228aeaa9862c18e,2023-12-09T05:21:29.797000,sent,kaspa:qrdn5zhj0fadx0smqqaa3da5vnr0g0qplzy5wuqvfcf9lygd5suq2ykkj7gfn,100000000000,
df532bdbb57c45c6a5c89b92507f7bebdf2b685319ee35846228aeaa9862c18e,2023-12-09T05:21:29.797000,sent,kaspa:qrdn5zhj0fadx0smqqaa3da5vnr0g0qplzy5wuqvfcf9lygd5suq2ykkj7gfn,100000000000,
df532bdbb57c45c6a5c89b92507f7bebdf2b685319ee35846228aeaa9862c18e,2023-12-09T05:21:29.797000,sent,kaspa:qrdn5zhj0fadx0smqqaa3da5vnr0g0qplzy5wuqvfcf9lygd5suq2ykkj7gfn,100000000000,
f5a14c8e4512e15fa9f14c202ad80cc6077dd730d680cec7cf84daf12f9ad45c,2023-12-09T04:22:38.438000,received,kaspa:qzrhymcdsth7jwnrzay9k6s05gskw3lzjfk79rd2ek9v6j8x6han2gm50j6s3,69000012521459,
f5a14c8e4512e15fa9f14c202ad80cc6077dd730d680cec7cf84daf12f9ad45c,2023-12-09T04:22:38.438000,received,kaspa:qq7pmtt2249j4rhulj7d7tpg0gwqepypxskl5srmweh6pf20f0qcz8veumama,69000012521459,
f5a14c8e4512e15fa9f14c202ad80cc6077dd730d680cec7cf84daf12f9ad45c,2023-12-09T04:22:38.438000,received,kaspa:qzpk728njzhewzrqx3v3qu7ym64y0qlz9ptw6w0uc2tmxruzvt3s2qg3t57ta,69000012521459,
f5a14c8e4512e15fa9f14c202ad80cc6077dd730d680cec7cf84daf12f9ad45c,2023-12-09T04:22:38.438000,received,kaspa:qrz5arn57cfq2anxtsksx3xxxp3m6falxcmrl9zxzkhq056nmt88257zfuqxx,69000012521459,
f5a14c8e4512e15fa9f14c202ad80cc6077dd730d680cec7cf84daf12f9ad45c,2023-12-09T04:22:38.438000,received,kaspa:qzcs7fe6ms0jq3jluwj97yvp8p8u4rgexmy3qg6gpjql86qfv6mnvxlyzqu9k,69000012521459,
f5a14c8e4512e15fa9f14c202ad80cc6077dd730d680cec7cf84daf12f9ad45c,2023-12-09T04:22:38.438000,received,kaspa:qz3vc5w9kfnl6uulzs3hzcg9uc8kngd03y47j0yqgxzajs7aw0etvv4430mk3,69000012521459,
f5a14c8e4512e15fa9f14c202ad80cc6077dd730d680cec7cf84daf12f9ad45c,2023-12-09T04:22:38.438000,received,kaspa:qraxpyscye4ccgxyk5gkcqy0df0srmr2n8x87zk30kskecg3vhsmqyu08e7ja,69000012521459,
f5a14c8e4512e15fa9f14c202ad80cc6077dd730d680cec7cf84daf12f9ad45c,2023-12-09T04:22:38.438000,received,kaspa:qrqdl0kc52whgnvv8hdre5g6zuqx9muyck7csc6ljjdp7mkwtjmuwv8ezw6ac,69000012521459,
f5a14c8e4512e15fa9f14c202ad80cc6077dd730d680cec7cf84daf12f9ad45c,2023-12-09T04:22:38.438000,received,kaspa:qp9yaqzlhqelqfplcks9fkxjerd9m9h7xs0pucsjee2a03yp4sgfymgraxs62,69000012521459,
f5a14c8e4512e15fa9f14c202ad80cc6077dd730d680cec7cf84daf12f9ad45c,2023-12-09T04:22:38.438000,received,kaspa:qpc0wfqcecu0lgrctplywlgpk5wat2dxae7egwvq6s2y4ek0exc7c3vyauakt,69000012521459,
f5a14c8e4512e15fa9f14c202ad80cc6077dd730d680cec7cf84daf12f9ad45c,2023-12-09T04:22:38.438000,received,kaspa:qzh9dcd900hwj4u7t6wwe2gff9yy4wrzh5dtn9zg42hq5rwhdg7r6sx7utky3,69000012521459,
f5a14c8e4512e15fa9f14c202ad80cc6077dd730d680cec7cf84daf12f9ad45c,2023-12-09T04:22:38.438000,received,kaspa:qzpzqrj0eanpv0rtg2grpkdhfpm9g6f8amfkxlktxdyp03734mntvwdf84arw,69000012521459,
38f637cd1226874f14c35f92334fe156fc08a2b2296216e959a520d39d0ba09c,2023-12-09T03:37:01.416000,received,kaspa:qzqggxcm968us52yenewdc2y2yt2ky44mah8xjk26y7p5rjapkdsg3k5j6vf3,1000000000000,
3bcc0bbefbb268de962176dae3282e3c3c4f6c49b16777204b2e4caa7962bba5,2023-12-09T03:28:04.599000,sent,kaspa:qr5rxsjc5dh2rehmzxuav270v6av9g9g80tja0djpj5m3p9d9uwjxzlwydh20,10000000000,
3bcc0bbefbb268de962176dae3282e3c3c4f6c49b16777204b2e4caa7962bba5,2023-12-09T03:28:04.599000,sent,kaspa:qr5rxsjc5dh2rehmzxuav270v6av9g9g80tja0djpj5m3p9d9uwjxzlwydh20,10000000000,
6dc4cf2bac422ccf1157fae0da179a6a7b12adbfd889532abb2bd3cd0ef4f17a,2023-12-08T17:14:45.171000,received,kaspa:qz2zul2wgc66jhea9xrtcr4tn33nutq9xp3d4rcha3jv3nhxk0u6q67sf3kdr,6300000000000,
8b7b2d70f82e97a4210e6217f97b75306e209b219395a5874fd92bcec7fbb20d,2023-12-08T15:02:59.811000,received,kaspa:qpqts9ydgegy7cva2v5nnyfnz489nwhzhh5703m4sz4xj557cmu2kx5hs6lgt,1000000000000,
7a3aa3c3a74ce2263dad372fbe88c20b10a09373b434a1a9bc0e080d6bb80a6d,2023-12-08T12:14:25.321000,received,kaspa:qp4x5mdrk9k8xsjwgr8gj69g0a77lgvcam05lawhjl9gxledc7ux6m4t024la,700000000000,
187b49c2c95bffd0876a52d500dfa19299789feffb79e46372b300f25c035174,2023-12-08T10:42:58.565000,received,kaspa:qq08th8lz3kvlv4hzwfm88ezcsn39k5sax05udvkqml0vya00juvx3ugelx4u,1000000000000,
b726d98a20ba73bbcbeb85a181018fdbbe1b1b2c57d495f40eab484ad78ccdd0,2023-12-08T07:35:37.929000,received,kaspa:qrcs3ug4a7u55q7nwfgsgjr5kckrelud5my2fc02tmuu2ddrkp4r6m4xufkzp,1000000000000,
a3e3488ecfdc97a160181b010ed64792bc7edb7caa206a0849605908cadc2cd3,2023-12-08T05:12:32.149000,received,kaspa:qzc8jtxqwx0ygezxjxmv3d4mn0sp2z3l86t24704f5apdsl5e5knsge2ra00s,500000000000,
a377e69aa0caed62bbdf1699102fe9251fb7dccb634ace69ba09a4568afb2969,2023-12-08T04:22:14.866000,received,kaspa:qz3jygrq4dynytltp8n55ez943mltr5q35t469jg94ds4x5vrrkgqhg77n8gw,500000000000,
9ce0645a9c00475ecb36b22c3c1c785c87ca5e8a0a02f90032a8bbb874922d81,2023-12-08T03:53:17.732000,received,kaspa:qpkph5mradqu7jtpat7aprdn4dmw4n5y8ar8k0aldwsu4mklqzv97r8l2924w,400000000000,
b0e28fc42c224169582a616405d49619ce44e7cf45790408838429c98e50759a,2023-12-08T03:44:49.475000,received,kaspa:qz590yffmw7pjzk2ma2cslqxq95ku8q20mclfeeye2n5eqlgk5ljvpn6cvteg,95300000000,
e46fc1e8422ee899860e5572d8550daef1964fce0abf2e2a31827b132374cd84,2023-12-08T03:39:54.894000,sent,kaspa:qr5rxsjc5dh2rehmzxuav270v6av9g9g80tja0djpj5m3p9d9uwjxzlwydh20,4900000000,
1f6708c57d625a1e0731943b0e27cbba9de76c3af1108ad89892a770f1b6576f,2023-12-08T03:32:35.863000,received,kaspa:qrhm0hpjmhhxs4nr7zfzyehxn4pn0rmhvfwju2rzpq68nhteephg2w6jkva99,5000000000,
