tx_id,timestamp,direction,peer_address,amount_sompi,cex_label
f1be6f82cd71c931f4c70897b15f8480785c442516f4b5e6ed194c66cc442018,2023-12-04T08:11:13.231000,sent,kaspa:qpzpfwcsqsxhxwup26r55fd0ghqlhyugz8cp6y3wxuddc02vcxtjg75pspnwz,30000000000000,MEXC
f1be6f82cd71c931f4c70897b15f8480785c442516f4b5e6ed194c66cc442018,2023-12-04T08:11:13.231000,sent,kaspa:qpjunp39ssazf4rzfxxu0hd35xggfxn6lq0ls9u9q6peevzcmcv4xmv9q4njd,145177716031,
161829de82cf3021054f3954feea02617fc990132bae5fe8204fb5eeb212f081,2023-12-04T07:37:19.987000,received,kaspa:qz35xyc7w3tm8q3hupgspfcp7nkglrysvslfr32hjuycjtmyzkd9c4v65jzcs,4408096700000,
101ab435c61756affc7eadca895a5a49c1c1de27283b4b1ea1f744950454a513,2023-07-03T00:51:03.193000,sent,kaspa:qpjunp39ssazf4rzfxxu0hd35xggfxn6lq0ls9u9q6peevzcmcv4xmv9q4njd,143169708774860,
f14ace1ebbdd22a37ec1f8c149a7ee31102f53d29fc0c3a7b1a87a30a24b40af,2023-07-03T00:22:37.534000,received,kaspa:qz35xyc7w3tm8q3hupgspfcp7nkglrysvslfr32hjuycjtmyzkd9c4v65jzcs,14550000000000,
