tx_id,timestamp,direction,peer_address,amount_sompi,cex_label
f2a00967c071cce447703731305a89ffeac44858fffca516b72d1119e7611955,2023-12-13T10:32:33.759000,sent,kaspa:qqksuvge6flgfypvk2t6mc6xkj055fwr42c90kuf8hc2mgp5lnnmuctxpsh5v,172970000,
f2a00967c071cce447703731305a89ffeac44858fffca516b72d1119e7611955,2023-12-13T10:32:33.759000,sent,kaspa:qqksuvge6flgfypvk2t6mc6xkj055fwr42c90kuf8hc2mgp5lnnmuctxpsh5v,172970000,
710a2cdd5648da503d7540da617a7377ee83842a951d37b7cb8451024d677c1a,2023-12-12T05:33:53.489000,received,kaspa:qypswxtcrv4ssyjaswy5w9387vq73mkuyq85tl34cee6qn5uexqy0csgnafnjx7,171000000,
becf99a0a66d23c1299ff50ec2ca5cd05ef524250eab0311bcb820d2f0b7ea51,2023-11-28T05:42:04.100000,sent,kaspa:qypqxk0dh5fl55yapwjrczymhcqka8shapgkkdp2rjyuvtjp8q3stlqal53utua,18000000,
294b33b260fc0322349c85c57aec6c2a042f2cf7f731ebe4816f7d4139389203,2023-11-28T00:55:51.666000,received,kaspa:qrgvstd267r9e0fn7r799lvctvrt4a3d5ngvzzexvv4xjtvwknxqkz56rzhss,20000000,
