tx_id,timestamp,direction,peer_address,amount_sompi,cex_label
8b0ccb053b5a7519d58be354b452989a833d046d8b8e7e397df9bd0c8fb56f7a,2023-12-16T04:45:01.365000,sent,kaspa:qzslgwenzu78t6tldlng383g7ruu4enaljmnkgaulyrscjp7ldt26x8gfxck5,171940000,
8b0ccb053b5a7519d58be354b452989a833d046d8b8e7e397df9bd0c8fb56f7a,2023-12-16T04:45:01.365000,sent,kaspa:qzslgwenzu78t6tldlng383g7ruu4enaljmnkgaulyrscjp7ldt26x8gfxck5,171940000,
3e3cdce02c1165f2bc40bdacbd83eac49aa42fc4763e1328362f0b0fe2718d89,2023-12-13T02:33:55.610000,received,kaspa:qypswxtcrv4ssyjaswy5w9387vq73mkuyq85tl34cee6qn5uexqy0csgnafnjx7,171000000,
889bb5daebc79a5660817690586609acf996fcdbba918506219f89d34a4bddee,2023-11-29T17:56:40.497000,sent,kaspa:qypzayyt3dfsmewaazuaxcq7a96rz2wzeuz6msysml2r8az3jxwpqlgff3hq3ep,18000000,
49b7c993399e257d123e642cd69e06fb0b22ebb55d8c8ec3b8aea140a3d762b5,2023-11-27T22:10:07.595000,received,kaspa:qrh7hg99wa55cem920u9ctccq9xec25rsh55pp4t0gzqtls6nusrc4m4z5ddx,19000000,
