tx_id,timestamp,direction,peer_address,amount_sompi,cex_label
16d08e567fe7e92330e79134c08e6ae6b5a697f64492180d05f3c3c36346212b,2023-11-28T08:48:47.918000,received,kaspa:qqwvnkp47wsj6n4hkdlgj8dsauyx0xvefunnwvvsmpq2udd0ka8ckmpuqw3k5,503402857618,
16d08e567fe7e92330e79134c08e6ae6b5a697f64492180d05f3c3c36346212b,2023-11-28T08:48:47.918000,received,kaspa:qqwvnkp47wsj6n4hkdlgj8dsauyx0xvefunnwvvsmpq2udd0ka8ckmpuqw3k5,503402857618,
16d08e567fe7e92330e79134c08e6ae6b5a697f64492180d05f3c3c36346212b,2023-11-28T08:48:47.918000,received,kaspa:qqwvnkp47wsj6n4hkdlgj8dsauyx0xvefunnwvvsmpq2udd0ka8ckmpuqw3k5,503402857618,
16d08e567fe7e92330e79134c08e6ae6b5a697f64492180d05f3c3c36346212b,2023-11-28T08:48:47.918000,received,kaspa:qqwvnkp47wsj6n4hkdlgj8dsauyx0xvefunnwvvsmpq2udd0ka8ckmpuqw3k5,503402857618,
16d08e567fe7e92330e79134c08e6ae6b5a697f64492180d05f3c3c36346212b,2023-11-28T08:48:47.918000,received,kaspa:qqwvnkp47wsj6n4hkdlgj8dsauyx0xvefunnwvvsmpq2udd0ka8ckmpuqw3k5,503402857618,
16d08e567fe7e92330e79134c08e6ae6b5a697f64492180d05f3c3c36346212b,2023-11-28T08:48:47.918000,received,kaspa:qqwvnkp47wsj6n4hkdlgj8dsauyx0xvefunnwvvsmpq2udd0ka8ckmpuqw3k5,503402857618,
16d08e567fe7e92330e79134c08e6ae6b5a697f64492180d05f3c3c36346212b,2023-11-28T08:48:47.918000,received,kaspa:qqwvnkp47wsj6n4hkdlgj8dsauyx0xvefunnwvvsmpq2udd0ka8ckmpuqw3k5,503402857618,
16d08e567fe7e92330e79134c08e6ae6b5a697f64492180d05f3c3c36346212b,2023-11-28T08:48:47.918000,received,kaspa:qqwvnkp47wsj6n4hkdlgj8dsauyx0xvefunnwvvsmpq2udd0ka8ckmpuqw3k5,503402857618,
e5124369a9e8bb3cbdf0ef2a4a0a92aa930a7dec8ff7c7eb4111b31137ec1957,2023-11-22T21:04:28.691000,received,kaspa:qqvlzxly8cgvfdcu6te0y5uas4qgp06j7d0mucsmy4t32jucum6s2arh4652x,10000000000000,
e5124369a9e8bb3cbdf0ef2a4a0a92aa930a7dec8ff7c7eb4111b31137ec1957,2023-11-22T21:04:28.691000,received,kaspa:qz05c3ltktvjx8ky94heayexreduev666a5pmphuztvfmarkng8yjxv8f3rtg,10000000000000,
b205695c79766d335b308dc671583a21dbaafe30a39b0cce3f38b923099ea125,2023-11-22T21:03:02.226000,received,kaspa:qqm4vumceechefpxnuc4e7phy7wp98mwdemt5rvyg0pzna0mzndxzl55zfm8s,10000000000000,
4b9ce000900a98d768cd2bdedc5dd420de9af4a5a46f546f5b66203998ac7fad,2023-11-22T21:01:25.717000,received,kaspa:qqm4vumceechefpxnuc4e7phy7wp98mwdemt5rvyg0pzna0mzndxzl55zfm8s,239900000000,
