tx_id,timestamp,direction,peer_address,amount_sompi,cex_label
6ee3f45d550274f4cbb63b789033e495f7209e470209df8456391967121106ea,2023-12-15T23:03:03.242000,sent,kaspa:qz4w8nhulhmtwjlvmlfvh3gznf4jckp02hllnsty24zxjqllng98225ska3m9,171070000,
6ee3f45d550274f4cbb63b789033e495f7209e470209df8456391967121106ea,2023-12-15T23:03:03.242000,sent,kaspa:qz4w8nhulhmtwjlvmlfvh3gznf4jckp02hllnsty24zxjqllng98225ska3m9,171070000,
4614ff2ce7a6d68c2f504df624a5293c80edcc4018478e4c310c9b3fa6239d60,2023-12-12T06:15:40.930000,received,kaspa:qypswxtcrv4ssyjaswy5w9387vq73mkuyq85tl34cee6qn5uexqy0csgnafnjx7,171000000,
c5a9ecc26cb5329e225a096a103c8f9532ebd34a9a706cf0a23b1bd740923564,2023-11-28T06:56:47.438000,sent,kaspa:qypf5mn20m0nzgq5t5dwg2n0avxf9vs22qlaf46q82zx3upusa2zm7gnar8wquz,18000000,
42ea1d851271fcdb58365e5fa39ebc756bb10cfa470d7305b0f199042e034f06,2023-11-27T23:18:13.277000,received,kaspa:qq5atqecxl8nq2n0y4fj7rv7fwdp449s9cgwfnyf886t3learqlzg38mm0mwx,18100000,
