tx_id,timestamp,direction,peer_address,amount_sompi,cex_label
9d9d5a9348b49d201b2fb014cdd87ee2f424730ee1ba348541fa4a9bd449f1a4,2023-12-18T09:21:59.227000,sent,kaspa:qrkaxvl2tw6pq6zx9xrr9lqnt9x72upf0hsrp3cvgcmfz77m50ycua35nz200,172940000,
9d9d5a9348b49d201b2fb014cdd87ee2f424730ee1ba348541fa4a9bd449f1a4,2023-12-18T09:21:59.227000,sent,kaspa:qrkaxvl2tw6pq6zx9xrr9lqnt9x72upf0hsrp3cvgcmfz77m50ycua35nz200,172940000,
0afb3e324a0f8f94af5c23fdeda3fc30f13fd68a01f1dc142a730f9a004f86eb,2023-12-12T09:59:23.135000,received,kaspa:qypswxtcrv4ssyjaswy5w9387vq73mkuyq85tl34cee6qn5uexqy0csgnafnjx7,171000000,
279f1083e8cd44aa0f3c233a59c1d4b08b1ca680ae525aaa7ccb822a4f17f9ee,2023-11-28T14:07:03.701000,sent,kaspa:qyp8ft6qnyj3rel9736u50r843a7af5m0mt6j05nytz5amaelmwrsyc332hu8ww,18000000,
7039909b77377dea71a738cb4309fdfe8511ed6498240d9a7723df84136bd5ec,2023-11-28T09:50:55.976000,sent,kaspa:qreuvh77n3wmz24hkr4k77827xkc9et0z0we3zm2jnyl2sg0x77qwnku39d2a,20000000,
6e33b14a5d4c364f991255ac344972fbe47e08fb20cc83ffd12fdfc5e4aef08e,2023-11-28T09:17:23.636000,sent,kaspa:qrrx50utak0v4c5789uspw3ddhxpujcpm5xx45l08gf6mmzy8lpu26ljfyrvx,20000000,
a4911f0ac1c97a14a46a3e1d911c3b270c737962bc51347f51c52c07723388ee,2023-11-28T08:17:47.025000,sent,kaspa:qzkcyzqz3vw2x68rj23fptjfalgg60k5jer6w7h6c08njum64qugsxed2amf4,20000000,
b894a07322aa354ce90809bdd9b10c797fb9f92a02bc50c124a7828374f28694,2023-11-28T05:17:04.915000,received,kaspa:qpghtvag86zc08ur2htc6swlclule5d6gr0hz3nyk7uv728725fcgdfg6jn8n,80000000,
