tx_id,timestamp,direction,peer_address,amount_sompi,cex_label
d3c8e71a91d2f5d3586c7e01c7a9a9d7c075c94491c0d8419f5a92d17537c317,2023-11-18T05:33:18.513000,sent,kaspa:qyp7tm06ae5rcwfpefzezrve7edrmaz40k9al30um2saptlp65c3zvq80rscvkd,7023971214297,
f0be6bc17861a2445f5df4041887e1bc05616bb98d287135fd3f13636dd9a9b7,2023-11-17T15:10:59.669000,received,kaspa:qqwvnkp47wsj6n4hkdlgj8dsauyx0xvefunnwvvsmpq2udd0ka8ckmpuqw3k5,18000000,
f0be6bc17861a2445f5df4041887e1bc05616bb98d287135fd3f13636dd9a9b7,2023-11-17T15:10:59.669000,received,kaspa:qqwvnkp47wsj6n4hkdlgj8dsauyx0xvefunnwvvsmpq2udd0ka8ckmpuqw3k5,18000000,
f0be6bc17861a2445f5df4041887e1bc05616bb98d287135fd3f13636dd9a9b7,2023-11-17T15:10:59.669000,received,kaspa:qqwvnkp47wsj6n4hkdlgj8dsauyx0xvefunnwvvsmpq2udd0ka8ckmpuqw3k5,18000000,
f0be6bc17861a2445f5df4041887e1bc05616bb98d287135fd3f13636dd9a9b7,2023-11-17T15:10:59.669000,received,kaspa:qqwvnkp47wsj6n4hkdlgj8dsauyx0xvefunnwvvsmpq2udd0ka8ckmpuqw3k5,18000000,
