tx_id,timestamp,direction,peer_address,amount_sompi,cex_label
5dfe1169ae450a28521988745b6b8524178f82c2a05893698a12f03a05a7eef2,2023-12-16T04:11:51.049000,sent,kaspa:qzslgwenzu78t6tldlng383g7ruu4enaljmnkgaulyrscjp7ldt26x8gfxck5,171940000,
5dfe1169ae450a28521988745b6b8524178f82c2a05893698a12f03a05a7eef2,2023-12-16T04:11:51.049000,sent,kaspa:qzslgwenzu78t6tldlng383g7ruu4enaljmnkgaulyrscjp7ldt26x8gfxck5,171940000,
69d880c49042bd37843957d0709583fea41600afe102526629cf20aa61bce2cf,2023-12-12T08:38:36.783000,received,kaspa:qypswxtcrv4ssyjaswy5w9387vq73mkuyq85tl34cee6qn5uexqy0csgnafnjx7,171000000,
f19b2da9a8c95308cda43b2613c6c91126ab4a507fa7b44489b8bddac5db1bc3,2023-11-28T11:27:14.620000,sent,kaspa:qypk0cfpd9frjth34fdguawg8ukrm2pwjugvd45d8kqswdr4udfpdrg0fd77f0u,18000000,
15857ae06d408b6f2e976cfdd51c1d39441dee56e0fbdcc56793f1e1d81f5301,2023-11-27T11:15:27.705000,received,kaspa:qrqxzdquf8znzr6hc0nscqgf377fps4pncal6r8a7wthkmmkz845wgu57tavk,19000000,
