tx_id,timestamp,direction,peer_address,amount_sompi,cex_label
03b9ea3b0d0bf1827f2100fa3ce6c8f34f4d470d66bec32a6f14f60b24318e6d,2024-01-18T06:36:30.136000,sent,kaspa:qq3k4du6wf2g26j7ds6fqmgtgavgm3zy676wntp2e52nsuns2n4s6xkndmx0y,149999790000,
786b837d938b36e0de988bb158adb14fbc348e8881376613676f1a54baeee4f6,2024-01-18T06:32:05.336000,received,kaspa:qzzhv83pmvl5xstgc3y9tlyxxp6xlr6p8j0rr26j5yrvwpehw2cg29wqx2trd,149999900000,
ace2793df7e9b974230836cd08ac064fb904b70b4f715ed4d513878fea063e7b,2024-01-05T15:01:32.849000,sent,kaspa:qq3k4du6wf2g26j7ds6fqmgtgavgm3zy676wntp2e52nsuns2n4s6xkndmx0y,124999890000,
4ef51032c65e6e486064ed915cd94080090d8a529aa50d07bcfd8cd80539889a,2024-01-05T14:56:43.287000,received,kaspa:qzuuky4xcdd2ur0u24l0drn9xjyf0d95ll25hyk9ttcz4x9wxlhrcrrm8s0a5,125000000000,
c81b21ffe276162eafca65780a05ed4c2842b62f4b96049d2999c50b2da0b6c8,2023-09-23T07:50:14.727000,sent,kaspa:qq3k4du6wf2g26j7ds6fqmgtgavgm3zy676wntp2e52nsuns2n4s6xkndmx0y,499980000,
dbd9afebce7d4cb620a695926b99fcb4a28220618ef2181b893ead400a660c56,2023-09-23T07:45:44.915000,received,kaspa:qzzhv83pmvl5xstgc3y9tlyxxp6xlr6p8j0rr26j5yrvwpehw2cg29wqx2trd,500000000,
