tx_id,timestamp,direction,peer_address,amount_sompi,cex_label
3229d013b64abcf5553a7e3d9cdd60ae74a800e8274298649adf4f57626fe971,2023-12-16T04:41:22.453000,sent,kaspa:qzslgwenzu78t6tldlng383g7ruu4enaljmnkgaulyrscjp7ldt26x8gfxck5,171940000,
3229d013b64abcf5553a7e3d9cdd60ae74a800e8274298649adf4f57626fe971,2023-12-16T04:41:22.453000,sent,kaspa:qzslgwenzu78t6tldlng383g7ruu4enaljmnkgaulyrscjp7ldt26x8gfxck5,171940000,
bc43a79ce6ce94f172ed810f07f9849dde9173aedd9229e1a3f49aff09716730,2023-12-12T12:18:49.531000,received,kaspa:qypswxtcrv4ssyjaswy5w9387vq73mkuyq85tl34cee6qn5uexqy0csgnafnjx7,171000000,
c795b7c698824f9afba938b053c9fabca8e4aed313327081e96fe5be103a1b16,2023-11-28T16:48:51.872000,sent,kaspa:qypxj7wk7lz3vak0dagr8hfr8s676q5v9dh9t9xpdvp8g0jk4zgxzzsnj37g455,18000000,
28a4f56856d59e76f768c3000b380d1643f28ed879724819ef11f84abe9d7bb1,2023-11-27T21:09:42.340000,received,kaspa:qz8v94urkf42xeundqczn5fwe0ja4ldhrgwl2h2hxp9u92phqjexj4rgag53r,19000000,
