tx_id,timestamp,direction,peer_address,amount_sompi,cex_label
977ce77345794f691d5e12d29fd1d26fc228a98b6b61384dee08b3e0da14b9f4,2023-12-16T04:46:59.238000,sent,kaspa:qzslgwenzu78t6tldlng383g7ruu4enaljmnkgaulyrscjp7ldt26x8gfxck5,171940000,
977ce77345794f691d5e12d29fd1d26fc228a98b6b61384dee08b3e0da14b9f4,2023-12-16T04:46:59.238000,sent,kaspa:qzslgwenzu78t6tldlng383g7ruu4enaljmnkgaulyrscjp7ldt26x8gfxck5,171940000,
f22d65903bb2c43a8842d2c12c6ef7ce42123990421d926f81197f12cef05f79,2023-12-12T22:19:42.502000,received,kaspa:qypswxtcrv4ssyjaswy5w9387vq73mkuyq85tl34cee6qn5uexqy0csgnafnjx7,171000000,
6acd43afadb4f24772c0630c5a7cdcb3917678c24a40d8c7e8d4aa4da6a99393,2023-11-29T13:54:37.646000,sent,kaspa:qyp8rpu9hddlgnd0wwv76lp54vyn9e54zfcdazqa7x5jdjgyuhm4vwcg6cc0d35,18000000,
cec340e204d07bee194be8f3f9b1ed267ed90482da3f137289569581ef4ae1b9,2023-11-28T03:30:58.139000,received,kaspa:qz2mfwckqf336hmfsmq2wesgv3up3emyec0yvszzk8g03pj05qr5u7pet9th0,19000000,
