tx_id,timestamp,direction,peer_address,amount_sompi,cex_label
364c0c21cbba6fbbdbb2e6ef4da2f1d189eb80a8d737e450d01e22bc3388a9fa,2024-11-29T09:13:53.942000,sent,kaspa:qqf0zrlwnccexh5g8jt0ljgfkf4dfxgzzytgexkdqxc3skyguw3mgsxazrz9l,109999998376,
08a7a5baf42e2579cf8ab2dec5311deb3201074d361828f349d2ca01c78ca0ab,2024-11-28T08:10:11.590000,received,kaspa:qq3k4du6wf2g26j7ds6fqmgtgavgm3zy676wntp2e52nsuns2n4s6xkndmx0y,110000000000,
c98f965688f5508d4cc07aa0cd00571ec0db6c45b99c1be4a9f5e2b89f37db7f,2024-10-28T14:23:23.265000,sent,kaspa:qp69wtu9eeckt9jhzxsec030n6a7khq6a9tsdlh4ym2hg25alwuus66qzsvvv,2573464596736,
c98f965688f5508d4cc07aa0cd00571ec0db6c45b99c1be4a9f5e2b89f37db7f,2024-10-28T14:23:23.265000,sent,kaspa:qp69wtu9eeckt9jhzxsec030n6a7khq6a9tsdlh4ym2hg25alwuus66qzsvvv,2573464596736,
9fc416049d90376c0b7286cecae267a398a063ac968b2ff805012127b133a021,2024-09-26T13:14:53.647000,received,kaspa:qru6qv0wyf7sl7qtwqkx7c03yhs244c2nwavxaszhrm8rmk5dtlvwztc5arzk,973193845963,
a3889010a2fa8dfc2394c94f044cd4758a03fc945c374655cbb292eb75400376,2024-09-23T10:47:38.405000,sent,kaspa:qqluq0eeejkcp02j2kze0vdyxcw7mhrear7phwrt0z9e6j82aek2cs2cvcg5n,1000000000000,
a3889010a2fa8dfc2394c94f044cd4758a03fc945c374655cbb292eb75400376,2024-09-23T10:47:38.405000,sent,kaspa:qqluq0eeejkcp02j2kze0vdyxcw7mhrear7phwrt0z9e6j82aek2cs2cvcg5n,1000000000000,
a3889010a2fa8dfc2394c94f044cd4758a03fc945c374655cbb292eb75400376,2024-09-23T10:47:38.405000,sent,kaspa:qqluq0eeejkcp02j2kze0vdyxcw7mhrear7phwrt0z9e6j82aek2cs2cvcg5n,1000000000000,
4bac5a1422667214bee3334c931c0faa966b26848562a8ad97edf4a391db4d5f,2024-07-22T13:57:16.731000,received,kaspa:qrhns7lxd5txmjhypcccg9dmtlf6kuyd2f6mxdcylx3ev7kqa8h7j0nzhs2ss,7300000000,
938558941af37084b1ab12333faca5918ee1b4078fbeefec71263433929d4939,2024-07-22T13:55:45.003000,received,kaspa:qrhns7lxd5txmjhypcccg9dmtlf6kuyd2f6mxdcylx3ev7kqa8h7j0nzhs2ss,690000000000,
938558941af37084b1ab12333faca5918ee1b4078fbeefec71263433929d4939,2024-07-22T13:55:45.003000,received,kaspa:qrhns7lxd5txmjhypcccg9dmtlf6kuyd2f6mxdcylx3ev7kqa8h7j0nzhs2ss,690000000000,
44d9bc837c57c9e7921606f4d3ed8de6cec8e1aff13514564f60b76ed716e1bc,2024-06-30T11:30:20.041000,sent,kaspa:qpytd84h60twe85tsau00v7cng559dyyqsy3gns0qtnvxqn94nf37hzyqslar,10000000000,
44d9bc837c57c9e7921606f4d3ed8de6cec8e1aff13514564f60b76ed716e1bc,2024-06-30T11:30:20.041000,sent,kaspa:qpytd84h60twe85tsau00v7cng559dyyqsy3gns0qtnvxqn94nf37hzyqslar,10000000000,
44d9bc837c57c9e7921606f4d3ed8de6cec8e1aff13514564f60b76ed716e1bc,2024-06-30T11:30:20.041000,sent,kaspa:qpytd84h60twe85tsau00v7cng559dyyqsy3gns0qtnvxqn94nf37hzyqslar,10000000000,
44d9bc837c57c9e7921606f4d3ed8de6cec8e1aff13514564f60b76ed716e1bc,2024-06-30T11:30:20.041000,sent,kaspa:qpytd84h60twe85tsau00v7cng559dyyqsy3gns0qtnvxqn94nf37hzyqslar,10000000000,
a033d4b7e9b31e066df989f899876bfdcb6807eaec7675dd5efc57ba84ae36b0,2024-05-22T16:25:10.510000,received,kaspa:qppr7q4mykgfw4s37lh4z7pqa6x5a5aya9g0ku4dvyk4rttf2smrxk4680npn,370955222202,
a033d4b7e9b31e066df989f899876bfdcb6807eaec7675dd5efc57ba84ae36b0,2024-05-22T16:25:10.510000,received,kaspa:qppr7q4mykgfw4s37lh4z7pqa6x5a5aya9g0ku4dvyk4rttf2smrxk4680npn,370955222202,
a033d4b7e9b31e066df989f899876bfdcb6807eaec7675dd5efc57ba84ae36b0,2024-05-22T16:25:10.510000,received,kaspa:qppr7q4mykgfw4s37lh4z7pqa6x5a5aya9g0ku4dvyk4rttf2smrxk4680npn,370955222202,
a033d4b7e9b31e066df989f899876bfdcb6807eaec7675dd5efc57ba84ae36b0,2024-05-22T16:25:10.510000,received,kaspa:qppr7q4mykgfw4s37lh4z7pqa6x5a5aya9g0ku4dvyk4rttf2smrxk4680npn,370955222202,
a033d4b7e9b31e066df989f899876bfdcb6807eaec7675dd5efc57ba84ae36b0,2024-05-22T16:25:10.510000,received,kaspa:qppr7q4mykgfw4s37lh4z7pqa6x5a5aya9g0ku4dvyk4rttf2smrxk4680npn,370955222202,
a033d4b7e9b31e066df989f899876bfdcb6807eaec7675dd5efc57ba84ae36b0,2024-05-22T16:25:10.510000,received,kaspa:qppr7q4mykgfw4s37lh4z7pqa6x5a5aya9g0ku4dvyk4rttf2smrxk4680npn,370955222202,
e6525ab03ff593ff8b8765b0fa7f6cca14893e049cfeea68f33f9a1979338197,2024-03-27T05:42:32.889000,received,kaspa:qpq94ntnvy8p9q6wrdwtn37xtspgashrydc0kuu8ctpyxulmh0wlxh2807zdh,1296457300000,
e9165d87ecdd47484bbd9de1aa5d143486fa3b0730784ca2e33754b87e1fad97,2024-02-29T13:41:52.893000,received,kaspa:qppr7q4mykgfw4s37lh4z7pqa6x5a5aya9g0ku4dvyk4rttf2smrxk4680npn,206616997184,
9ee4b7fae71775b6921ac96115de100be99d5ed2b3853cb6b6f94fc5a51aa750,2024-02-26T14:33:55.833000,sent,kaspa:qplcg6k8jmc5q227n9y7xke4yuu4j2g7ezlfm4qawnlxfxgc6k69zqevr8ynk,1000000000000,
f0f2f14cc1d9ba6cb754b1f921d6afb8e1dd33fb174e32cf918d4bf51f332138,2024-01-15T17:54:56.692000,received,kaspa:qqwvnkp47wsj6n4hkdlgj8dsauyx0xvefunnwvvsmpq2udd0ka8ckmpuqw3k5,1038941288434,
f0f2f14cc1d9ba6cb754b1f921d6afb8e1dd33fb174e32cf918d4bf51f332138,2024-01-15T17:54:56.692000,received,kaspa:qqwvnkp47wsj6n4hkdlgj8dsauyx0xvefunnwvvsmpq2udd0ka8ckmpuqw3k5,1038941288434,
