tx_id,timestamp,direction,peer_address,amount_sompi,cex_label
ec3d66a943533fb3396d545a3149fc20fa50df8946715b3ee15a51334aee64a3,2024-03-24T08:54:23.020000,sent,kaspa:qpmuyp96dwrzkt7e3cvkjzplwvz6kt6ac39djtj8fn8m6kddywpnz0jqamuly,172980000,
ec3d66a943533fb3396d545a3149fc20fa50df8946715b3ee15a51334aee64a3,2024-03-24T08:54:23.020000,sent,kaspa:qpmuyp96dwrzkt7e3cvkjzplwvz6kt6ac39djtj8fn8m6kddywpnz0jqamuly,172980000,
7979e87f1675a8e2a2ecd4e6bed0d54f982f3196adfd3e42607437504bdf0609,2023-12-12T21:23:45.358000,received,kaspa:qypswxtcrv4ssyjaswy5w9387vq73mkuyq85tl34cee6qn5uexqy0csgnafnjx7,171000000,
c4b8f492c29cb68dba60118a38242678f08af556d08dddb60ad5dcf243a6428c,2023-11-29T12:48:01.669000,sent,kaspa:qyp05cpps76cxqc5zkc6k2jlsgzv5rj6l2fp3mug88av0xa80f6ntjcc5attge8,18000000,
c3a2be8daf836b4b61c2d9d6d8c8e02f9fcca9a3e65c665882ed44fa9ee83747,2023-11-27T11:55:38.927000,received,kaspa:qyp9pslfu0q8wn2h0psl2k0dnexe5n68ydj72dl76ws6xslaxp475zgp2323uud,20000000,
