tx_id,timestamp,direction,peer_address,amount_sompi,cex_label
8f23646e5cf090d6d22c54fdcd1f164c14e677c61b0e977bfb841d2638d4ff62,2023-12-16T03:44:15.822000,sent,kaspa:qzslgwenzu78t6tldlng383g7ruu4enaljmnkgaulyrscjp7ldt26x8gfxck5,171940000,
8f23646e5cf090d6d22c54fdcd1f164c14e677c61b0e977bfb841d2638d4ff62,2023-12-16T03:44:15.822000,sent,kaspa:qzslgwenzu78t6tldlng383g7ruu4enaljmnkgaulyrscjp7ldt26x8gfxck5,171940000,
2f3adbcc0503b69d951688a71016bc0228503783752e5706fe868e1d8ef6d8d3,2023-12-12T03:18:40.186000,received,kaspa:qypswxtcrv4ssyjaswy5w9387vq73mkuyq85tl34cee6qn5uexqy0csgnafnjx7,171000000,
cc8228e51e3a0bae993eab7f1762e7eecf15b270fd9751fa83190a79ef39800c,2023-11-28T01:11:12.216000,sent,kaspa:qypaaqz6mwea5nnnzj4jeud9uv25308mt97wpa69sy6e3ae8m4wdhyce23s0asq,18000000,
df8f165396b276873610587bc00d141705a52f0167a6c73e184bbe5a514fcca2,2023-11-27T21:31:28.955000,received,kaspa:qrjsf4py4h49sth5efpjmqe0tvde5pj2j35rvkkrpzaqhdsrlrn0zfa0rje7h,19000000,
