tx_id,timestamp,direction,peer_address,amount_sompi,cex_label
d362155e0cd639be0aecb3dea6c37805e267a16945c5d4d8da8748b09da50bb3,2023-12-18T12:39:46.626000,sent,kaspa:qr57zzheyw9nke602g9j5h90vd9k777k3p6clp5xv76ppqnxrtwajv8082m7x,9870880000,
6c17bcca24fd2ffd65d32bfd332000360518e835b56a71cbba453a725ca60b9c,2023-12-12T19:32:44.774000,received,kaspa:qypswxtcrv4ssyjaswy5w9387vq73mkuyq85tl34cee6qn5uexqy0csgnafnjx7,171000000,
b1586e079424bcda0bf27d55d7d5a6baed62926b2a518c9fdb05611a306f5a6e,2023-11-29T09:19:02.046000,sent,kaspa:qypdpsdu0znygz3a5px8zs64fjndy9vtk8zrr4k4q0zhudfp93zszqg9hfd0wxk,18000000,
b1586e079424bcda0bf27d55d7d5a6baed62926b2a518c9fdb05611a306f5a6e,2023-11-29T09:19:02.046000,sent,kaspa:qr2jyvvs20jv6ejaevykn7058x6jne2me72m0ww8ndjp85fc7rvqz2tvwuqjf,199500000,
8f017e6980bef2ad416ee69206752509442ad78cf594c5137cf7ebd13a8f06f7,2023-11-29T09:12:17.147000,received,kaspa:qrmm5mfvtrml70kda55lhh072vzqgyrmzdl0wjfh0cg8xhdk0u6tcut2mdx79,217510000,
