tx_id,timestamp,direction,peer_address,amount_sompi,cex_label
1f28ff9a2a8a3ce9463a0307e9daddd285adab5c2be7deb8d69aee71f24f7a3c,2023-12-13T02:14:02.159000,sent,kaspa:qq3ldft5y4cpd64k3ylgcd5xrnfk2r5pnag78kmhcg4vysc7nzw8yghcpa5xk,172970000,
1f28ff9a2a8a3ce9463a0307e9daddd285adab5c2be7deb8d69aee71f24f7a3c,2023-12-13T02:14:02.159000,sent,kaspa:qq3ldft5y4cpd64k3ylgcd5xrnfk2r5pnag78kmhcg4vysc7nzw8yghcpa5xk,172970000,
838f6b142301a5f44b891f10f5ac91af9b874139b899ab8c50246542f847c89f,2023-12-12T14:16:12.389000,received,kaspa:qypswxtcrv4ssyjaswy5w9387vq73mkuyq85tl34cee6qn5uexqy0csgnafnjx7,171000000,
617a4e5c34611049c9ce87e19c5671fe77dffa53115283d39beda6c59c21c7fa,2023-11-28T21:46:07.664000,sent,kaspa:qypd24xgj0g5djg7dej003mgcyl3092aphacjlal6zvma3n9xm2slxca0jgazjp,18000000,
96ce45992181b93c1dbbd77e211fdd5585194272859241301d50ffbc86a1ddc1,2023-11-28T20:11:41.312000,received,kaspa:qzvfg673272mryjmza6c7tp50xwr8t6ftmde6ten88g24phulyk75z8dmchue,20000000,
