tx_id,timestamp,direction,peer_address,amount_sompi,cex_label
c39b973b7ddbcc88f99d9353327a6c3190620314a557c89799760765577aa10d,2023-12-16T04:51:38.379000,sent,kaspa:qzslgwenzu78t6tldlng383g7ruu4enaljmnkgaulyrscjp7ldt26x8gfxck5,171940000,
c39b973b7ddbcc88f99d9353327a6c3190620314a557c89799760765577aa10d,2023-12-16T04:51:38.379000,sent,kaspa:qzslgwenzu78t6tldlng383g7ruu4enaljmnkgaulyrscjp7ldt26x8gfxck5,171940000,
6911054af906a8aec79a8be9bff1940deb7c7e87ae8322f75d03f6a273d24ae7,2023-12-13T00:40:09.757000,received,kaspa:qypswxtcrv4ssyjaswy5w9387vq73mkuyq85tl34cee6qn5uexqy0csgnafnjx7,171000000,
dcc45c3bee471d396c2c61362e234921d2defc81c4601340e0b60ac8fced43a9,2023-11-29T16:21:19.439000,sent,kaspa:qypjntxhgdwq6cwzjk253gjxy9j70auvrr8k88lls2ksf6vpwegnxgsrlmpws4j,18000000,
8745fef443619a67296565e46fca6c3998dcee68ed57308dcc6a9186314e8138,2023-11-28T22:42:34.805000,received,kaspa:qqshwyxdqnef5w786j5s9uutek3an7ns3rt5hwfza7frfrxp6yx5w34ld2707,19000000,
