tx_id,timestamp,direction,peer_address,amount_sompi,cex_label
9b1e530ac9723ed3e575a8de5e8bd222c55c49c218c5140b60a3835243e43c64,2025-04-05T18:43:29.831000,sent,kaspa:qzxjemww365xj8ul8ve7w07vvc27gf60mlr5xthhrhp4r5vv7k3pg3x0tlx42,61644129495,
7d8d99d02e828686485b7cfaf55ea6f159dcc4543d76c0081cdd3b5ccbc5635c,2025-04-02T18:36:15.316000,sent,kaspa:qzxjemww365xj8ul8ve7w07vvc27gf60mlr5xthhrhp4r5vv7k3pg3x0tlx42,500000000000,
7d8d99d02e828686485b7cfaf55ea6f159dcc4543d76c0081cdd3b5ccbc5635c,2025-04-02T18:36:15.316000,sent,kaspa:qzxjemww365xj8ul8ve7w07vvc27gf60mlr5xthhrhp4r5vv7k3pg3x0tlx42,500000000000,
f482625bd8997e87fed7bfd5e9194db70498ccb6ab20b5583e0e44e0eb6a7d0d,2025-04-01T10:13:10.459000,received,kaspa:qzlwuwe9xmwv0n7ypwfy2q5hy77tqt50hy2ncjcpmjhtwu7q9cc2qv70t2d4s,550000000000,
f482625bd8997e87fed7bfd5e9194db70498ccb6ab20b5583e0e44e0eb6a7d0d,2025-04-01T10:13:10.459000,received,kaspa:qzlwuwe9xmwv0n7ypwfy2q5hy77tqt50hy2ncjcpmjhtwu7q9cc2qv70t2d4s,550000000000,
2b81f32a0fa4112ee20349bfb067a670c941573381cb49f22cfb003b064a6b8e,2025-03-19T16:22:34.566000,sent,kaspa:qpw03ymdase8tdf3nkez4qrckdt9kuq8xzph0karkqhfe9da6hc26ujhy64pg,1100000000000,
893d4c7f0c3c5cce0eb1895a4c0ff2c65cde4dc73e1c44daaf1b705639ba692d,2025-03-16T17:21:28.170000,sent,kaspa:qpw03ymdase8tdf3nkez4qrckdt9kuq8xzph0karkqhfe9da6hc26ujhy64pg,333300000000,
1c5bbb919000c8400fe84474b24c7c899d11038627b227484e54b9f69823a079,2025-03-16T16:46:26.590000,sent,kaspa:qpw03ymdase8tdf3nkez4qrckdt9kuq8xzph0karkqhfe9da6hc26ujhy64pg,1666600000000,
6e1db66080465262e7ee16f5458b93a0b93cab864cebe3347784de564662a2ea,2025-03-16T16:05:01.628000,sent,kaspa:qpw03ymdase8tdf3nkez4qrckdt9kuq8xzph0karkqhfe9da6hc26ujhy64pg,1888800000000,
b9c3bf58419714f5f44ad816bf6b7defebb4ec58a0c534319a88cbeb86b67466,2025-03-16T15:07:31.929000,sent,kaspa:qpw03ymdase8tdf3nkez4qrckdt9kuq8xzph0karkqhfe9da6hc26ujhy64pg,1111100000000,
c21408e995f7ffa1c4689da2f481d6721d1e764db2005f3e2436393c48c69e8a,2025-03-16T12:27:22.982000,sent,kaspa:qpw03ymdase8tdf3nkez4qrckdt9kuq8xzph0karkqhfe9da6hc26ujhy64pg,1888800000000,
d1812125856a3fec9f7ca9d85ac6c4edb10531117f95838f793acd9aef7b2894,2025-03-16T10:33:10.535000,sent,kaspa:qpw03ymdase8tdf3nkez4qrckdt9kuq8xzph0karkqhfe9da6hc26ujhy64pg,9500000000,
c2b32a96d151c60ea56faf93ab8d3530f0e8fc0d444dd6268d2b9f4cfdb08612,2025-03-05T17:46:15.637000,sent,kaspa:qzlwuwe9xmwv0n7ypwfy2q5hy77tqt50hy2ncjcpmjhtwu7q9cc2qv70t2d4s,240000000000,
c2b32a96d151c60ea56faf93ab8d3530f0e8fc0d444dd6268d2b9f4cfdb08612,2025-03-05T17:46:15.637000,sent,kaspa:qzlwuwe9xmwv0n7ypwfy2q5hy77tqt50hy2ncjcpmjhtwu7q9cc2qv70t2d4s,240000000000,
c2b32a96d151c60ea56faf93ab8d3530f0e8fc0d444dd6268d2b9f4cfdb08612,2025-03-05T17:46:15.637000,sent,kaspa:qzlwuwe9xmwv0n7ypwfy2q5hy77tqt50hy2ncjcpmjhtwu7q9cc2qv70t2d4s,240000000000,
c2b32a96d151c60ea56faf93ab8d3530f0e8fc0d444dd6268d2b9f4cfdb08612,2025-03-05T17:46:15.637000,sent,kaspa:qzlwuwe9xmwv0n7ypwfy2q5hy77tqt50hy2ncjcpmjhtwu7q9cc2qv70t2d4s,240000000000,
6196c35b2c03e203ad5569ba5e0dab4d08071b173526165a62cbc4b8e7c71c3f,2025-03-05T17:31:39.690000,received,kaspa:qru6qv0wyf7sl7qtwqkx7c03yhs244c2nwavxaszhrm8rmk5dtlvwztc5arzk,92191485814,
f83f9c879e82b084809091fb6a48a495d3f6bea5e8e41f189269891eaf714b67,2025-03-05T17:15:40.005000,received,kaspa:qru6qv0wyf7sl7qtwqkx7c03yhs244c2nwavxaszhrm8rmk5dtlvwztc5arzk,1928020235637,
d3a5da0442947065cc6fb173cc30a025c23fe29789a38105f9ea09fc4a3adc76,2025-03-05T12:15:39.348000,received,kaspa:qru6qv0wyf7sl7qtwqkx7c03yhs244c2nwavxaszhrm8rmk5dtlvwztc5arzk,28453255787,
1b070773ac829d373f8566fd4c2709b2aa10ec59b94ed2e896b5fa1ed5248ca4,2025-02-22T12:37:11.820000,sent,kaspa:qzlwuwe9xmwv0n7ypwfy2q5hy77tqt50hy2ncjcpmjhtwu7q9cc2qv70t2d4s,300000000000,
5fa57421fb864beec20e7535ad51c68d1d75fd8eae3b3c414f5115582e4a40d1,2025-02-21T07:39:36.028000,sent,kaspa:qzlwuwe9xmwv0n7ypwfy2q5hy77tqt50hy2ncjcpmjhtwu7q9cc2qv70t2d4s,100000000000,
cd329085c6c588382017dbff3477583ac3b5643b8cc0b34b80fe4f41613c8aea,2025-02-20T14:49:37.396000,sent,kaspa:qzlwuwe9xmwv0n7ypwfy2q5hy77tqt50hy2ncjcpmjhtwu7q9cc2qv70t2d4s,46500000000,
cd329085c6c588382017dbff3477583ac3b5643b8cc0b34b80fe4f41613c8aea,2025-02-20T14:49:37.396000,sent,kaspa:qzlwuwe9xmwv0n7ypwfy2q5hy77tqt50hy2ncjcpmjhtwu7q9cc2qv70t2d4s,46500000000,
cd329085c6c588382017dbff3477583ac3b5643b8cc0b34b80fe4f41613c8aea,2025-02-20T14:49:37.396000,sent,kaspa:qzlwuwe9xmwv0n7ypwfy2q5hy77tqt50hy2ncjcpmjhtwu7q9cc2qv70t2d4s,46500000000,
0c264cd937f6fd9540407be361583cdd74af837921f087c2e096e76cdedfb3ed,2025-02-19T12:10:11.525000,received,kaspa:qpq94ntnvy8p9q6wrdwtn37xtspgashrydc0kuu8ctpyxulmh0wlxh2807zdh,141375899519,
d6d79d44d33815f4f2f4fbe8eca3437c2a222b915ac75991227a152e9b419a8d,2025-02-19T10:49:18.199000,received,kaspa:qru6qv0wyf7sl7qtwqkx7c03yhs244c2nwavxaszhrm8rmk5dtlvwztc5arzk,3218003804398,
49a2e218c309e8d9d9e46d61d25e70306badb8cffca92efe7de440e973666bb8,2025-02-17T19:06:00.165000,sent,kaspa:qqygxgd70ve9vhweyrd8u5gnunhwcnfd6mcm0tz6tqg59a9u3jppjae0tgca5,100000000000,
b319f04498a2824a593c589009e50d8b6b14c14912213883ed7bbe9dd2388606,2025-02-17T19:02:59.225000,sent,kaspa:qqygxgd70ve9vhweyrd8u5gnunhwcnfd6mcm0tz6tqg59a9u3jppjae0tgca5,100000000000,
b319f04498a2824a593c589009e50d8b6b14c14912213883ed7bbe9dd2388606,2025-02-17T19:02:59.225000,sent,kaspa:qqygxgd70ve9vhweyrd8u5gnunhwcnfd6mcm0tz6tqg59a9u3jppjae0tgca5,100000000000,
97bc49d2b6aa4f1e09e35c337bf6825f8e7f236eab898480249d809a872e8a10,2025-02-17T19:01:09.205000,received,kaspa:qq3k4du6wf2g26j7ds6fqmgtgavgm3zy676wntp2e52nsuns2n4s6xkndmx0y,3465084556448,
31ce89226fce55f658d2da1d5d835f3edcd07d56dfcf320debdbf695fc00d8b5,2025-02-17T13:29:10.240000,received,kaspa:qq3k4du6wf2g26j7ds6fqmgtgavgm3zy676wntp2e52nsuns2n4s6xkndmx0y,23114930000,
c542df4f7209593655008c0d3d27908d7a59b67fca6f27536fe18f0345b1fbe9,2025-02-15T14:39:51.719000,sent,kaspa:qzlwuwe9xmwv0n7ypwfy2q5hy77tqt50hy2ncjcpmjhtwu7q9cc2qv70t2d4s,53493548376,
7e5ca886fe7be41c7919e057aaeb944ec817e604eea3ad37c384de2a9a61d9a6,2025-02-15T08:59:09.914000,received,kaspa:qpq94ntnvy8p9q6wrdwtn37xtspgashrydc0kuu8ctpyxulmh0wlxh2807zdh,53493550000,
d6881d431109eb0c762b27ec4b104b0b844208ee067373a45aea4ced41dc708c,2025-02-13T06:08:14.839000,sent,kaspa:qzlwuwe9xmwv0n7ypwfy2q5hy77tqt50hy2ncjcpmjhtwu7q9cc2qv70t2d4s,24834638376,
2dcb66901a71d02ad9fb7a979d6f6c9f1a389ac66420c07986c9159f8700540d,2025-02-12T18:46:30.978000,received,kaspa:qrvum29vk365g0zcd5gx3c7h829etfq2ytdmscjzw4zw04fjfnprcg9c3tges,24834640000,
42e3da39b1b199266dfeccf0ab7e5340e13edace3b5a38339c496bdb491f9c46,2025-02-11T15:25:22.619000,sent,kaspa:qzlwuwe9xmwv0n7ypwfy2q5hy77tqt50hy2ncjcpmjhtwu7q9cc2qv70t2d4s,306540637934,
f363fdba347af3b2c75749dc0ffff71dbbd883e1a68cd20b6fbf64e2dfbe622e,2025-02-11T05:33:16.905000,received,kaspa:qru6qv0wyf7sl7qtwqkx7c03yhs244c2nwavxaszhrm8rmk5dtlvwztc5arzk,306540639558,
662df39367ae0aec50cc37c8596f7914cb2bef125c221a719df1791e21c54b4f,2025-02-10T17:10:29.967000,sent,kaspa:qzlwuwe9xmwv0n7ypwfy2q5hy77tqt50hy2ncjcpmjhtwu7q9cc2qv70t2d4s,26230918376,
f8beb8b551daa9b35aac2217e748444c9d1049e823be9c4cfcd8825a9231e471,2025-02-10T17:08:09.148000,received,kaspa:qpq94ntnvy8p9q6wrdwtn37xtspgashrydc0kuu8ctpyxulmh0wlxh2807zdh,26230920000,
d3b13724f7f587a7352ccd116525f65440a83cc0204e1758575a1abc5538bffc,2025-02-10T12:58:24.606000,sent,kaspa:qzlwuwe9xmwv0n7ypwfy2q5hy77tqt50hy2ncjcpmjhtwu7q9cc2qv70t2d4s,26821948376,
49c656e86146e981cf664355437d3d87a41efedea6e58a758672e56de5e5fb10,2025-02-10T12:56:08.277000,received,kaspa:qq3k4du6wf2g26j7ds6fqmgtgavgm3zy676wntp2e52nsuns2n4s6xkndmx0y,26821950000,
d3eae3b02c2d2c206e3e4defbc6f243503894a7cd77654af379ca206903fe144,2025-02-10T10:28:39.184000,sent,kaspa:qzlwuwe9xmwv0n7ypwfy2q5hy77tqt50hy2ncjcpmjhtwu7q9cc2qv70t2d4s,62414246508,
d3eae3b02c2d2c206e3e4defbc6f243503894a7cd77654af379ca206903fe144,2025-02-10T10:28:39.184000,sent,kaspa:qzlwuwe9xmwv0n7ypwfy2q5hy77tqt50hy2ncjcpmjhtwu7q9cc2qv70t2d4s,62414246508,
cfe95f09e4497b9c7b4357de46790631fcc677540848b9a8149efa0984e81b8b,2025-02-10T10:26:20.218000,received,kaspa:qpf4gjshrv5xgd7s0l7uehvcczcgx3u5juw77pt4q95h0ax0k62hvsvme480f,43012887507,
2ffedfcfb9d792491f660554b7bfbc10b536b1c152d1c186241b81d868e47c06,2025-02-10T10:24:39.264000,received,kaspa:qpf4gjshrv5xgd7s0l7uehvcczcgx3u5juw77pt4q95h0ax0k62hvsvme480f,19401361743,
4b77f00d66fa5e4f987787744f6731e8374c8f7eb305b7dec16a53dd9cfe51da,2025-02-09T16:19:23.857000,sent,kaspa:qqygxgd70ve9vhweyrd8u5gnunhwcnfd6mcm0tz6tqg59a9u3jppjae0tgca5,236238168376,
2ee12ec08b37b96e5da05877f3651393e9c3f923bd1ee42c0cb2a4738bfb9488,2025-02-09T16:17:12.453000,received,kaspa:qpq94ntnvy8p9q6wrdwtn37xtspgashrydc0kuu8ctpyxulmh0wlxh2807zdh,236238170000,
04e601c1090a00fafd3c2468e40d2a7ff2294e2679be3ad07c1fd0507503c0f1,2025-02-08T18:42:18.601000,sent,kaspa:qzlwuwe9xmwv0n7ypwfy2q5hy77tqt50hy2ncjcpmjhtwu7q9cc2qv70t2d4s,26627272327,
04e601c1090a00fafd3c2468e40d2a7ff2294e2679be3ad07c1fd0507503c0f1,2025-02-08T18:42:18.601000,sent,kaspa:qzlwuwe9xmwv0n7ypwfy2q5hy77tqt50hy2ncjcpmjhtwu7q9cc2qv70t2d4s,26627272327,
e886b12c4142366a98e924255a73ffc20229f1f6a9e09e0aa1efda354f8481d1,2025-02-08T18:16:36.016000,received,kaspa:qpf4gjshrv5xgd7s0l7uehvcczcgx3u5juw77pt4q95h0ax0k62hvsvme480f,26492277505,
e886b12c4142366a98e924255a73ffc20229f1f6a9e09e0aa1efda354f8481d1,2025-02-08T18:16:36.016000,received,kaspa:qpf4gjshrv5xgd7s0l7uehvcczcgx3u5juw77pt4q95h0ax0k62hvsvme480f,26492277505,
a98fabdee28b6ecb5a3f08e4057c8d4dafec057d7f6b2a5667d5f87f66382dcf,2025-02-08T08:59:17.987000,sent,kaspa:qzlwuwe9xmwv0n7ypwfy2q5hy77tqt50hy2ncjcpmjhtwu7q9cc2qv70t2d4s,175000000000,
a98fabdee28b6ecb5a3f08e4057c8d4dafec057d7f6b2a5667d5f87f66382dcf,2025-02-08T08:59:17.987000,sent,kaspa:qzlwuwe9xmwv0n7ypwfy2q5hy77tqt50hy2ncjcpmjhtwu7q9cc2qv70t2d4s,175000000000,
a98fabdee28b6ecb5a3f08e4057c8d4dafec057d7f6b2a5667d5f87f66382dcf,2025-02-08T08:59:17.987000,sent,kaspa:qzlwuwe9xmwv0n7ypwfy2q5hy77tqt50hy2ncjcpmjhtwu7q9cc2qv70t2d4s,175000000000,
8bb0e82ab97dcb92875be2da49c32dde8d675f70583b0dff85831de96e9418cd,2025-02-08T08:41:17.429000,received,kaspa:qru6qv0wyf7sl7qtwqkx7c03yhs244c2nwavxaszhrm8rmk5dtlvwztc5arzk,25799496693,
6c837cf346cdf8a687e1b9f2a4cbf9180e5a50d77c2f152e1ad2e82894e1fb6f,2025-02-08T08:39:10.863000,received,kaspa:qpq94ntnvy8p9q6wrdwtn37xtspgashrydc0kuu8ctpyxulmh0wlxh2807zdh,149194867508,
8e6d9077689f05c054ba2b39195d52d354f7aa63a6e3856997e477e012810dfc,2025-02-06T17:03:08.096000,sent,kaspa:qzlwuwe9xmwv0n7ypwfy2q5hy77tqt50hy2ncjcpmjhtwu7q9cc2qv70t2d4s,27100000000,
96ed51226517618b93140a6cb32509c8096e4bd429fa4c7ab6bf01c355aa48bb,2025-02-06T16:58:45.643000,received,kaspa:qpf4gjshrv5xgd7s0l7uehvcczcgx3u5juw77pt4q95h0ax0k62hvsvme480f,27240647833,
7fe671bf812f34e0e9337f39baa0d5f23dea3fe1efe22de7c8b931f8852ae764,2025-02-03T19:42:09.497000,sent,kaspa:qzlwuwe9xmwv0n7ypwfy2q5hy77tqt50hy2ncjcpmjhtwu7q9cc2qv70t2d4s,9562630533,
22fa8c3c32f2509ed43a5dcf5d6e7af04fd804c0cd429bd3b2f188398a820e2d,2025-02-03T19:28:42.083000,sent,kaspa:qzlwuwe9xmwv0n7ypwfy2q5hy77tqt50hy2ncjcpmjhtwu7q9cc2qv70t2d4s,500000000000,
22fa8c3c32f2509ed43a5dcf5d6e7af04fd804c0cd429bd3b2f188398a820e2d,2025-02-03T19:28:42.083000,sent,kaspa:qzlwuwe9xmwv0n7ypwfy2q5hy77tqt50hy2ncjcpmjhtwu7q9cc2qv70t2d4s,500000000000,
23be9eb3eba24869a68a9e1aaa84023f3732ee48ba2adc2a36fa07183cf5832c,2025-02-03T15:04:10.057000,received,kaspa:qqygxgd70ve9vhweyrd8u5gnunhwcnfd6mcm0tz6tqg59a9u3jppjae0tgca5,409562637369,
23be9eb3eba24869a68a9e1aaa84023f3732ee48ba2adc2a36fa07183cf5832c,2025-02-03T15:04:10.057000,received,kaspa:qqygxgd70ve9vhweyrd8u5gnunhwcnfd6mcm0tz6tqg59a9u3jppjae0tgca5,409562637369,
a04359e0214b31b2d6d2beb65da5f07d46fcbec7ff323fa3c1a3310e0114e38e,2025-02-03T14:54:14.615000,sent,kaspa:qqygxgd70ve9vhweyrd8u5gnunhwcnfd6mcm0tz6tqg59a9u3jppjae0tgca5,9579903182311,
59208d269466e44368b52812f1ad9f51dad26c635b0065caad346b670ee7816e,2025-02-03T14:53:09.614000,sent,kaspa:qrvjt60tvslhfz6zlqt5jdxdf4f5hh6vr79syre6qxfzga2288fz53c2nuq9m,10008800000000,
e2265752b10276e3a492a37944ec5aa4f975b4e4e67c50017cee723770134e5d,2025-02-03T14:52:28.412000,sent,kaspa:qp4tf84pf6gtrf57esu3yr447z8yl82e6dseflynwnkp022t02hrsnx2jksv4,10008800000000,
d8117e68aaed202a0d06f2cede0d4b60e00ff5ee1b24484368bc9f5a823c11df,2025-02-03T14:51:47.787000,sent,kaspa:qzzrw3wnlw34u6tr4396p0xzmmpr3fdusu4q853pt9y9xn06dyr7yu6f36amp,10008800000000,
0de13b7144f886fd2500fd78dcff7a6dfcd808aa61fdfcf173a81bed5d6d333d,2025-02-03T14:50:39.929000,sent,kaspa:qz0adzk59f3htgk7wkfj07e2nzcpjluy8ll2zjx9hscuuztaetrp55yseylnj,10008800000000,
387bf061a1c94aa4146b01b8a6d7df9d33befe254af66a17d4ce44628aeadc9c,2025-02-03T14:49:46.959000,sent,kaspa:qqezfwmmmu8zrj27xxhzckrmu2u723kdffcukhuzasuvljcmukeyjf4urm579,10008800000000,
276749092f7e1864633aa2cd390f1b2f2bfde352890bad0a54b6d9d559f03eb5,2025-02-03T14:48:20.299000,sent,kaspa:qp9a0753le4h32zlqnaer3hgplnmxdes5dfd65suvw886wrt0r8h74w63fzr0,10008800000000,
321666c4225cc4ce9d3586df686ab1ffcd32e0cd3e5e38f109c04b115411ef24,2025-02-03T14:47:34.185000,sent,kaspa:qqd6y9dmu5vuvaxy8a5mjdnuqz88lptv3sl6prcqxfshz69z4mt9vjneafuyn,10008800000000,
e143bc85a486d649c5fdf38a0f387d5fb5ca6f237d3fa93c0d0fee5508b91f70,2025-02-03T14:46:28.996000,sent,kaspa:qptr4a8nsnd30haa4lqsht7ahvt07m424wjp2ypqp88lup0v9wkuutw7hyvm9,10008800000000,
e143bc85a486d649c5fdf38a0f387d5fb5ca6f237d3fa93c0d0fee5508b91f70,2025-02-03T14:46:28.996000,sent,kaspa:qptr4a8nsnd30haa4lqsht7ahvt07m424wjp2ypqp88lup0v9wkuutw7hyvm9,10008800000000,
e143bc85a486d649c5fdf38a0f387d5fb5ca6f237d3fa93c0d0fee5508b91f70,2025-02-03T14:46:28.996000,sent,kaspa:qptr4a8nsnd30haa4lqsht7ahvt07m424wjp2ypqp88lup0v9wkuutw7hyvm9,10008800000000,
e143bc85a486d649c5fdf38a0f387d5fb5ca6f237d3fa93c0d0fee5508b91f70,2025-02-03T14:46:28.996000,sent,kaspa:qptr4a8nsnd30haa4lqsht7ahvt07m424wjp2ypqp88lup0v9wkuutw7hyvm9,10008800000000,
0d72376c5fb46efabadc72ecbd4598822a8a9f11af79fd28a2a11d4ddd5bad01,2025-02-03T14:44:47.070000,received,kaspa:qzffnn0zkngrazpr7wz2tqlkuzdhvj2lcsygdedmv5qpsvxngplck4cm0q8sc,13179663000000,
0d72376c5fb46efabadc72ecbd4598822a8a9f11af79fd28a2a11d4ddd5bad01,2025-02-03T14:44:47.070000,received,kaspa:qzffnn0zkngrazpr7wz2tqlkuzdhvj2lcsygdedmv5qpsvxngplck4cm0q8sc,13179663000000,
0d72376c5fb46efabadc72ecbd4598822a8a9f11af79fd28a2a11d4ddd5bad01,2025-02-03T14:44:47.070000,received,kaspa:qzffnn0zkngrazpr7wz2tqlkuzdhvj2lcsygdedmv5qpsvxngplck4cm0q8sc,13179663000000,
80800ce9859903965816449f6dba1386aad991aae1b64d543b2f358f0af99144,2025-02-02T02:29:16.676000,received,kaspa:qru6qv0wyf7sl7qtwqkx7c03yhs244c2nwavxaszhrm8rmk5dtlvwztc5arzk,5019937396454,
b90329626ea31e7fabe9faad50653c09b500f884a0d45111f4c52851d5e0480a,2025-02-01T18:47:18.516000,received,kaspa:qru6qv0wyf7sl7qtwqkx7c03yhs244c2nwavxaszhrm8rmk5dtlvwztc5arzk,7544690825620,
b90329626ea31e7fabe9faad50653c09b500f884a0d45111f4c52851d5e0480a,2025-02-01T18:47:18.516000,received,kaspa:qru6qv0wyf7sl7qtwqkx7c03yhs244c2nwavxaszhrm8rmk5dtlvwztc5arzk,7544690825620,
fe1e70c5f5afa919322dc254bcb48c729fe059fe7be400e1eba08f3a711cd57d,2025-02-01T17:54:36.229000,sent,kaspa:qzlwuwe9xmwv0n7ypwfy2q5hy77tqt50hy2ncjcpmjhtwu7q9cc2qv70t2d4s,300000000000,
369bc09434f77e248d82680373ef81a8064cb097804fa17ca391331d178c4390,2025-02-01T17:52:33.373000,sent,kaspa:qzlwuwe9xmwv0n7ypwfy2q5hy77tqt50hy2ncjcpmjhtwu7q9cc2qv70t2d4s,200000000000,
7b917a3f14520f9e9fc03c6a06204c8ddfc5f6f8557ba9e8a9824f780e532b9b,2025-02-01T17:49:03.161000,sent,kaspa:qzlwuwe9xmwv0n7ypwfy2q5hy77tqt50hy2ncjcpmjhtwu7q9cc2qv70t2d4s,500000000000,
46a1b8457ee93f606543c8aa23bdf5d952cf10f7b56d21a1b0cb898dd8d4605e,2025-02-01T17:37:00.896000,sent,kaspa:qzlwuwe9xmwv0n7ypwfy2q5hy77tqt50hy2ncjcpmjhtwu7q9cc2qv70t2d4s,500000000000,
755b29047031037480a9bb5a9787ea2645247de8bcc65e020fc12eb7e9d3e5f9,2025-02-01T17:31:00.839000,sent,kaspa:qzlwuwe9xmwv0n7ypwfy2q5hy77tqt50hy2ncjcpmjhtwu7q9cc2qv70t2d4s,500000000000,
430088de9447c78dc21c8433d54bcd649edb39a3047f9aedc2bb8a6ed2b527e3,2025-02-01T17:25:20.524000,sent,kaspa:qzlwuwe9xmwv0n7ypwfy2q5hy77tqt50hy2ncjcpmjhtwu7q9cc2qv70t2d4s,100000000000,
3817d117af7f3fc45d744ab33a08065e601485ce697696e42226f6e97103ffa2,2025-02-01T13:13:24.060000,sent,kaspa:qzlwuwe9xmwv0n7ypwfy2q5hy77tqt50hy2ncjcpmjhtwu7q9cc2qv70t2d4s,200000000000,
4f1a5e0e508ec01f48bd3d46b51ce25ba9fbf82b039d0ceca1a6e09a791134e7,2025-01-31T19:39:57.225000,sent,kaspa:qzlwuwe9xmwv0n7ypwfy2q5hy77tqt50hy2ncjcpmjhtwu7q9cc2qv70t2d4s,200000000000,
e47119f132ef5256eb30875c8eb3c7219b95ce9a8d05a930c53f806f0358817e,2025-01-31T19:23:02.101000,sent,kaspa:qzlwuwe9xmwv0n7ypwfy2q5hy77tqt50hy2ncjcpmjhtwu7q9cc2qv70t2d4s,100000000000,
64b70c43a6a1b9b26f08c739c4591a7265e553c4bd222bdcbcb4c830d07bb8ec,2025-01-31T13:46:10.145000,sent,kaspa:qzlwuwe9xmwv0n7ypwfy2q5hy77tqt50hy2ncjcpmjhtwu7q9cc2qv70t2d4s,200000000000,
76724ce813e0715e294f4a2204230f3262e33c4c9284a2192b151ca491dbaebd,2025-01-31T13:37:49.968000,sent,kaspa:qzlwuwe9xmwv0n7ypwfy2q5hy77tqt50hy2ncjcpmjhtwu7q9cc2qv70t2d4s,200000000000,
977113deba246b5942fcf7686db80222495b72b90ee5207a8321b0dfb76d11c9,2025-01-31T01:23:02.727000,sent,kaspa:qzlwuwe9xmwv0n7ypwfy2q5hy77tqt50hy2ncjcpmjhtwu7q9cc2qv70t2d4s,100000000000,
72c23d09544e110661c39229a75894112d62ab14999718bd8f62ab662f6fae0a,2025-01-30T18:58:11.200000,sent,kaspa:qzlwuwe9xmwv0n7ypwfy2q5hy77tqt50hy2ncjcpmjhtwu7q9cc2qv70t2d4s,100000000000,
4ad1de25883a9daafe00870402328c1266b357b5a5bf7f68efe07e9cd31c402c,2025-01-30T18:16:24.980000,sent,kaspa:qzlwuwe9xmwv0n7ypwfy2q5hy77tqt50hy2ncjcpmjhtwu7q9cc2qv70t2d4s,100000000000,
940bf93556dc4e132776ef48faf370e7d4c851d4ff5330cd1d6175d9bb75ddbe,2025-01-30T17:42:12.376000,sent,kaspa:qzlwuwe9xmwv0n7ypwfy2q5hy77tqt50hy2ncjcpmjhtwu7q9cc2qv70t2d4s,200000000000,
014659c56e13c1e445a18a4b1db19439d6eda040093decb07070261068baa97c,2025-01-29T16:43:49.365000,sent,kaspa:qzlwuwe9xmwv0n7ypwfy2q5hy77tqt50hy2ncjcpmjhtwu7q9cc2qv70t2d4s,300000000000,
5645f6eb727049a3c02edc5c2a8f32241db8fea24c40e241fcd89413c37a571f,2025-01-29T16:20:13.910000,sent,kaspa:qzlwuwe9xmwv0n7ypwfy2q5hy77tqt50hy2ncjcpmjhtwu7q9cc2qv70t2d4s,200000000000,
826a87921998d8a9895eb65a1a07a5687d05a00d17094e7d2104eb043219a365,2025-01-29T14:34:39.481000,sent,kaspa:qzlwuwe9xmwv0n7ypwfy2q5hy77tqt50hy2ncjcpmjhtwu7q9cc2qv70t2d4s,500000000000,
90a6e9deec5a223ad20f8406e9b12dce87dcf7d4f98c52113f8d2d9eb3598f13,2025-01-29T13:41:24.341000,sent,kaspa:qzlwuwe9xmwv0n7ypwfy2q5hy77tqt50hy2ncjcpmjhtwu7q9cc2qv70t2d4s,300000000000,
91523c012df683a5fdcba5c9e757410f122254cea9d2caba50b3ced803fe3274,2025-01-29T13:16:37.769000,sent,kaspa:qzlwuwe9xmwv0n7ypwfy2q5hy77tqt50hy2ncjcpmjhtwu7q9cc2qv70t2d4s,200000000000,
8b81a497e6ac907f4f7af95762028d14c1690dd7476e00199fb55227f4e942df,2025-01-29T12:35:35.351000,sent,kaspa:qzlwuwe9xmwv0n7ypwfy2q5hy77tqt50hy2ncjcpmjhtwu7q9cc2qv70t2d4s,100000000000,
b8d9afe1d1a95160b37585028e1e69623fc81b80b42c477dd27fc007f7685e1d,2025-01-29T11:53:32.547000,sent,kaspa:qzlwuwe9xmwv0n7ypwfy2q5hy77tqt50hy2ncjcpmjhtwu7q9cc2qv70t2d4s,500000000000,
b8d9afe1d1a95160b37585028e1e69623fc81b80b42c477dd27fc007f7685e1d,2025-01-29T11:53:32.547000,sent,kaspa:qzlwuwe9xmwv0n7ypwfy2q5hy77tqt50hy2ncjcpmjhtwu7q9cc2qv70t2d4s,500000000000,
5978b52cf0d3c60b6145d83d2462c7b13fa6ed51ee739b8dad61c2bf22fbe30d,2025-01-26T22:30:44.359000,received,kaspa:qzlwuwe9xmwv0n7ypwfy2q5hy77tqt50hy2ncjcpmjhtwu7q9cc2qv70t2d4s,550000000000,
5978b52cf0d3c60b6145d83d2462c7b13fa6ed51ee739b8dad61c2bf22fbe30d,2025-01-26T22:30:44.359000,received,kaspa:qzlwuwe9xmwv0n7ypwfy2q5hy77tqt50hy2ncjcpmjhtwu7q9cc2qv70t2d4s,550000000000,
33bd1baa298f6541f9354071f5e5c6c19a850c4e69ff6debcb812b45b62acf11,2025-01-26T22:19:14.508000,sent,kaspa:qzlwuwe9xmwv0n7ypwfy2q5hy77tqt50hy2ncjcpmjhtwu7q9cc2qv70t2d4s,500000000000,
f86041ef1199821ad39cd24289c0179e0904d9557576420e9773b92a986611b6,2025-01-26T22:18:41.463000,sent,kaspa:qzlwuwe9xmwv0n7ypwfy2q5hy77tqt50hy2ncjcpmjhtwu7q9cc2qv70t2d4s,500000000000,
89bed29af5394635a9ef693ef8c82104b3fdb3acbcb5ed30fbd6a21b752dae71,2025-01-15T17:22:44.217000,sent,kaspa:qzlwuwe9xmwv0n7ypwfy2q5hy77tqt50hy2ncjcpmjhtwu7q9cc2qv70t2d4s,300000000000,
8adf8fc38964d53c0205b7e6a149dbde1ba6fe14d5743050c0155ae77ebad6fc,2024-12-22T14:06:14.838000,sent,kaspa:qqawklt546ljkpkzz5jqx6uj7untwuq5as9yhx7j7dtxzpplz9q6clgdcurxr,1000000000000,
98a019594fd1ee939ad230cf5f9398c9b138426872be87d2b52ab1d44ccd9b74,2024-12-15T20:11:16.638000,sent,kaspa:qzlwuwe9xmwv0n7ypwfy2q5hy77tqt50hy2ncjcpmjhtwu7q9cc2qv70t2d4s,200000000000,
4cc236082fedd1919698084469269b425bcea145e76572b5cda8744c2aefe5af,2024-12-10T17:39:19.397000,sent,kaspa:qzlwuwe9xmwv0n7ypwfy2q5hy77tqt50hy2ncjcpmjhtwu7q9cc2qv70t2d4s,100000000000,
4cc236082fedd1919698084469269b425bcea145e76572b5cda8744c2aefe5af,2024-12-10T17:39:19.397000,sent,kaspa:qzlwuwe9xmwv0n7ypwfy2q5hy77tqt50hy2ncjcpmjhtwu7q9cc2qv70t2d4s,100000000000,
b17197b7bd0f600ffffaf4ba046db3e32c06168278bd3acb12a8b6af1d002da4,2024-12-09T19:32:27.189000,received,kaspa:qpclmncjhlzpkkh8z534n0x0y9ly7l4kvdyqlnrpd003nl6dafz5gum43fm00,99900000000,
b015085b62a5a19d2dae7c3e990d27bfee56cccc97e3a14e87f4e530011abc06,2024-12-09T19:11:14.340000,sent,kaspa:qpclmncjhlzpkkh8z534n0x0y9ly7l4kvdyqlnrpd003nl6dafz5gum43fm00,100000000000,
62c1d83def69730a6c136229ca74db7d341c603be5c948bb5c43563696f3ff39,2024-12-07T16:50:00.450000,sent,kaspa:qzlwuwe9xmwv0n7ypwfy2q5hy77tqt50hy2ncjcpmjhtwu7q9cc2qv70t2d4s,150000000000,
29298c585b957c95288b4c48c2b6917b86eedcde2fdf204043c42830911d8ebc,2024-12-07T16:47:51.254000,sent,kaspa:qzlwuwe9xmwv0n7ypwfy2q5hy77tqt50hy2ncjcpmjhtwu7q9cc2qv70t2d4s,100000000000,
2fe8220fd12e89fccb037e310d0525079b5e56935c5e45474944798decfb3883,2024-12-06T18:27:50.525000,sent,kaspa:qqlgae5vjflze7ej6xy9sxst6hsvqqxnsxdccpey5gten83hx37jvpz8djukf,10088800000000,
8ef3a26b9e36dbd24d1a30b3e4e31c2d4a927389d40bbb865598f2cd46eb94d7,2024-12-06T18:27:17.615000,sent,kaspa:qpkr0p6fzq8t6vqydczfqkzf80vedcpzfhu4wvqu9cutcwlhhmr3ypf67djcz,10088800000000,
807bfa8932a8beed9686e7d9cec601dfcf42a101666fcf7664bdc26f49744098,2024-12-06T18:25:14.706000,sent,kaspa:qrj537ttm87yy6v7f3dmmu0s243yuvspcyeku2x5qw06wa47d4dxq9p3mrp5j,10088800000000,
b2ebd86c1951678168c4b5df1503ba63ecabcfcbffb5a99c3d333b3a7cde9309,2024-12-06T18:24:38.526000,sent,kaspa:qqfhdpvuawhdyvgcpqtrulkgtvjaj6pprts8excpw4kyhrmzehzwsd7pnm27c,10088800000000,
635b99be2544b7437eef462273c1c94092d2d6a3249723742e305c16b787d87a,2024-12-06T18:24:02.941000,sent,kaspa:qqprkx6h0dauu2fxkr77yp94gn99pnvsv02dxrsle0z3pth55uqcsvf4eee6h,10088800000000,
c233274ff1944fa319fb558c1570fa09a6a0eab3b7b844b64b0af926ab0eb169,2024-12-06T18:23:23.184000,sent,kaspa:qz7k8v0rl7tuu5tl4frf575v3s22yp6ckmpnjy0s4amxg3yerm9f604gnpnwf,10088800000000,
02bfaffb65baf157635fbc2bd159e686cf7d4c4b222e511dc80374bf1c3c1d9b,2024-12-06T18:22:45.687000,sent,kaspa:qqwfgvh272064sku0nadc7864g2zvggd2d09cz2n4v8gd3dz76qhjyf3qzf32,10088800000000,
f109e8360f401bf440dd0725e0373959b58dcf62398e95f635e28db0bcf136d7,2024-12-06T18:21:48.182000,sent,kaspa:qpltefykgsewvkfza8xsw0rktjrv5qhk33xh70zaggtujddq8dysupz8q5t9p,10088800000000,
cae3a79ae6c446eeb8ee59a6285b7e860c44143f4812bdd5e2b73af3dd0a915f,2024-12-06T18:21:09.687000,sent,kaspa:qpcdn8ljqntszwr0zeq2j02057hetwztxhvwwhuuuvyp3fprwa7cj97rrc82v,10088800000000,
560c006fc093a950ae401543e43dbc62c92af2f97a6dde08f3335601b6f96755,2024-12-06T18:18:26.533000,sent,kaspa:qpqynrh5k6jeqvqhx4rc372mwljuu3qulqngn8djcw79jj79hzav6zdjfrrvp,10000000000000,
2acb4e6f79d60cbe8bd54228ec487def26993c707f35191091fe56dad5596c7f,2024-12-06T15:08:04.179000,sent,kaspa:qzlwuwe9xmwv0n7ypwfy2q5hy77tqt50hy2ncjcpmjhtwu7q9cc2qv70t2d4s,150000000000,
ae8db39169693c9dacecfbed65f4e736929ddb48a59e18d3cac03048c7ad55a5,2024-12-06T15:02:33.003000,sent,kaspa:qzlwuwe9xmwv0n7ypwfy2q5hy77tqt50hy2ncjcpmjhtwu7q9cc2qv70t2d4s,60000000000,
7d6960e71cddf769dab3f0c62a26f1359ed1e73e6a686ffa80bcfa3b938ce3b0,2024-12-02T19:00:53.749000,sent,kaspa:qpqynrh5k6jeqvqhx4rc372mwljuu3qulqngn8djcw79jj79hzav6zdjfrrvp,88800000000,
181b3e0fd4a12c9c1a3eaeeeebc0aa4452de38278e6e3ce0fa4ae1f3e28b18a7,2024-11-10T21:49:11.686000,sent,kaspa:qzlwuwe9xmwv0n7ypwfy2q5hy77tqt50hy2ncjcpmjhtwu7q9cc2qv70t2d4s,180000000000,
cebd3e863dece17cd17654a979c7cb50943ab87523fd5f551089b4aa0d635d2f,2024-11-10T21:40:10.359000,sent,kaspa:qzlwuwe9xmwv0n7ypwfy2q5hy77tqt50hy2ncjcpmjhtwu7q9cc2qv70t2d4s,500000000000,
cebd3e863dece17cd17654a979c7cb50943ab87523fd5f551089b4aa0d635d2f,2024-11-10T21:40:10.359000,sent,kaspa:qzlwuwe9xmwv0n7ypwfy2q5hy77tqt50hy2ncjcpmjhtwu7q9cc2qv70t2d4s,500000000000,
cebd3e863dece17cd17654a979c7cb50943ab87523fd5f551089b4aa0d635d2f,2024-11-10T21:40:10.359000,sent,kaspa:qzlwuwe9xmwv0n7ypwfy2q5hy77tqt50hy2ncjcpmjhtwu7q9cc2qv70t2d4s,500000000000,
863d92de537228155c1a73efb75251ec4562c73e0903938caaa9283af20d6f83,2024-11-10T11:43:02.341000,received,kaspa:qpf4gjshrv5xgd7s0l7uehvcczcgx3u5juw77pt4q95h0ax0k62hvsvme480f,6567098976100,
863d92de537228155c1a73efb75251ec4562c73e0903938caaa9283af20d6f83,2024-11-10T11:43:02.341000,received,kaspa:qpf4gjshrv5xgd7s0l7uehvcczcgx3u5juw77pt4q95h0ax0k62hvsvme480f,6567098976100,
3bee0564649c3f347319f08a67d52fe5ae73205b96c40815ac0524d0c4245eba,2024-11-09T16:39:23.802000,received,kaspa:qru6qv0wyf7sl7qtwqkx7c03yhs244c2nwavxaszhrm8rmk5dtlvwztc5arzk,63141623540,
f834e4082fc7cbf65f26f76379d21629e196e4bbb5d10b2e035c8b398d64b08d,2024-11-09T16:23:34.044000,sent,kaspa:qzlwuwe9xmwv0n7ypwfy2q5hy77tqt50hy2ncjcpmjhtwu7q9cc2qv70t2d4s,110000000000,
f834e4082fc7cbf65f26f76379d21629e196e4bbb5d10b2e035c8b398d64b08d,2024-11-09T16:23:34.044000,sent,kaspa:qzlwuwe9xmwv0n7ypwfy2q5hy77tqt50hy2ncjcpmjhtwu7q9cc2qv70t2d4s,110000000000,
96760ec8b34f0652ffe78047c9dc041ab597a76421546dbf86ba2d5333606bff,2024-11-08T17:30:24.778000,received,kaspa:qru6qv0wyf7sl7qtwqkx7c03yhs244c2nwavxaszhrm8rmk5dtlvwztc5arzk,63871487527,
784d4bb3a7d03dfdff7a4baa266173dc18a64a7b163d2fc15dfdc05b45a1c2b0,2024-11-08T16:35:40.071000,sent,kaspa:qzlwuwe9xmwv0n7ypwfy2q5hy77tqt50hy2ncjcpmjhtwu7q9cc2qv70t2d4s,397584417828,
784d4bb3a7d03dfdff7a4baa266173dc18a64a7b163d2fc15dfdc05b45a1c2b0,2024-11-08T16:35:40.071000,sent,kaspa:qzlwuwe9xmwv0n7ypwfy2q5hy77tqt50hy2ncjcpmjhtwu7q9cc2qv70t2d4s,397584417828,
784d4bb3a7d03dfdff7a4baa266173dc18a64a7b163d2fc15dfdc05b45a1c2b0,2024-11-08T16:35:40.071000,sent,kaspa:qzlwuwe9xmwv0n7ypwfy2q5hy77tqt50hy2ncjcpmjhtwu7q9cc2qv70t2d4s,397584417828,
784d4bb3a7d03dfdff7a4baa266173dc18a64a7b163d2fc15dfdc05b45a1c2b0,2024-11-08T16:35:40.071000,sent,kaspa:qzlwuwe9xmwv0n7ypwfy2q5hy77tqt50hy2ncjcpmjhtwu7q9cc2qv70t2d4s,397584417828,
4a96285d0d3f583d39af9e908fd16c3556017f1f0d586ada93371e878fdd42b5,2024-11-06T17:49:23.010000,received,kaspa:qru6qv0wyf7sl7qtwqkx7c03yhs244c2nwavxaszhrm8rmk5dtlvwztc5arzk,5691360079882,
cf4038b31aa82782663d924ada0fb7e565606e020923cfe4ac35191f770f70f4,2024-11-05T18:43:26.581000,received,kaspa:qru6qv0wyf7sl7qtwqkx7c03yhs244c2nwavxaszhrm8rmk5dtlvwztc5arzk,2786437566031,
cf4038b31aa82782663d924ada0fb7e565606e020923cfe4ac35191f770f70f4,2024-11-05T18:43:26.581000,received,kaspa:qru6qv0wyf7sl7qtwqkx7c03yhs244c2nwavxaszhrm8rmk5dtlvwztc5arzk,2786437566031,
cf4038b31aa82782663d924ada0fb7e565606e020923cfe4ac35191f770f70f4,2024-11-05T18:43:26.581000,received,kaspa:qru6qv0wyf7sl7qtwqkx7c03yhs244c2nwavxaszhrm8rmk5dtlvwztc5arzk,2786437566031,
cc1ec2d4185c85ae983f221e759b8f65ff3f35abab08ecc5248a73873819d94f,2024-11-02T08:32:08.011000,received,kaspa:qru6qv0wyf7sl7qtwqkx7c03yhs244c2nwavxaszhrm8rmk5dtlvwztc5arzk,15069599616,
be71bbe3449b1c3611e08cfab1859f66c0ba8a6bc5527fbb0494a75b93fdb474,2024-10-31T13:26:02.909000,sent,kaspa:qzlwuwe9xmwv0n7ypwfy2q5hy77tqt50hy2ncjcpmjhtwu7q9cc2qv70t2d4s,55000000000,
be71bbe3449b1c3611e08cfab1859f66c0ba8a6bc5527fbb0494a75b93fdb474,2024-10-31T13:26:02.909000,sent,kaspa:qzlwuwe9xmwv0n7ypwfy2q5hy77tqt50hy2ncjcpmjhtwu7q9cc2qv70t2d4s,55000000000,
9c48fac199ac574cb8213a08ff0334b54852303553526262a20705167f376dad,2024-10-30T14:01:16.392000,received,kaspa:qru6qv0wyf7sl7qtwqkx7c03yhs244c2nwavxaszhrm8rmk5dtlvwztc5arzk,57757612864,
60190c02f5c491a599f5964be41e4dfd876952b246dc1796d79df93303f2075c,2024-10-29T16:40:23.685000,sent,kaspa:qzlwuwe9xmwv0n7ypwfy2q5hy77tqt50hy2ncjcpmjhtwu7q9cc2qv70t2d4s,63000000000,
9a0a2f4cd6c879483f7e3ea853e59bd9b2aa2fc952c1a929666f5cecb896503f,2024-10-27T15:25:59.988000,sent,kaspa:qzlwuwe9xmwv0n7ypwfy2q5hy77tqt50hy2ncjcpmjhtwu7q9cc2qv70t2d4s,500000000000,
9a0a2f4cd6c879483f7e3ea853e59bd9b2aa2fc952c1a929666f5cecb896503f,2024-10-27T15:25:59.988000,sent,kaspa:qzlwuwe9xmwv0n7ypwfy2q5hy77tqt50hy2ncjcpmjhtwu7q9cc2qv70t2d4s,500000000000,
9a0a2f4cd6c879483f7e3ea853e59bd9b2aa2fc952c1a929666f5cecb896503f,2024-10-27T15:25:59.988000,sent,kaspa:qzlwuwe9xmwv0n7ypwfy2q5hy77tqt50hy2ncjcpmjhtwu7q9cc2qv70t2d4s,500000000000,
a7dda8c7b4437fd025051875ce4ed6daf39064afa67e47483070a7030a37e357,2024-10-26T16:21:52.418000,received,kaspa:qzlwuwe9xmwv0n7ypwfy2q5hy77tqt50hy2ncjcpmjhtwu7q9cc2qv70t2d4s,100000000000,
a7dda8c7b4437fd025051875ce4ed6daf39064afa67e47483070a7030a37e357,2024-10-26T16:21:52.418000,received,kaspa:qzlwuwe9xmwv0n7ypwfy2q5hy77tqt50hy2ncjcpmjhtwu7q9cc2qv70t2d4s,100000000000,
a7dda8c7b4437fd025051875ce4ed6daf39064afa67e47483070a7030a37e357,2024-10-26T16:21:52.418000,received,kaspa:qzlwuwe9xmwv0n7ypwfy2q5hy77tqt50hy2ncjcpmjhtwu7q9cc2qv70t2d4s,100000000000,
a7dda8c7b4437fd025051875ce4ed6daf39064afa67e47483070a7030a37e357,2024-10-26T16:21:52.418000,received,kaspa:qzlwuwe9xmwv0n7ypwfy2q5hy77tqt50hy2ncjcpmjhtwu7q9cc2qv70t2d4s,100000000000,
2d611681720162fe80538cce95e2a0a8baf163a0ff56737f70aaa674dd7f2476,2024-10-26T14:24:44.525000,received,kaspa:qru6qv0wyf7sl7qtwqkx7c03yhs244c2nwavxaszhrm8rmk5dtlvwztc5arzk,49063270765,
7d3df5e335a10a28e5d7306c856ded072d0be0d77f6cac3d9b8a04fb0f79ab3a,2024-10-25T08:56:41.421000,sent,kaspa:qzlwuwe9xmwv0n7ypwfy2q5hy77tqt50hy2ncjcpmjhtwu7q9cc2qv70t2d4s,300000000000,
1b9dffe34080ba4c88e6f3662509fbb71d353f9395e043eabf1a29e929d119d0,2024-10-25T08:38:57.956000,sent,kaspa:qzlwuwe9xmwv0n7ypwfy2q5hy77tqt50hy2ncjcpmjhtwu7q9cc2qv70t2d4s,300000000000,
a7869bdd7dad4f2d2e0d6f81c05d904e4dc1adc42f0a3529682258b5dd52d53b,2024-10-24T17:34:07.577000,sent,kaspa:qzlwuwe9xmwv0n7ypwfy2q5hy77tqt50hy2ncjcpmjhtwu7q9cc2qv70t2d4s,100000000000,
a7869bdd7dad4f2d2e0d6f81c05d904e4dc1adc42f0a3529682258b5dd52d53b,2024-10-24T17:34:07.577000,sent,kaspa:qzlwuwe9xmwv0n7ypwfy2q5hy77tqt50hy2ncjcpmjhtwu7q9cc2qv70t2d4s,100000000000,
3d0db4e426d8345d6ba71250e4abbd81c6c332d53163e119df4e2b0763020dc1,2024-10-24T17:32:44.840000,received,kaspa:qru6qv0wyf7sl7qtwqkx7c03yhs244c2nwavxaszhrm8rmk5dtlvwztc5arzk,93772404061,
053a7a4985a42bc2fc0e277503a4420ae1f731b88d6f3f0ee43d9c9403952d10,2024-10-23T16:28:43.173000,sent,kaspa:qzlwuwe9xmwv0n7ypwfy2q5hy77tqt50hy2ncjcpmjhtwu7q9cc2qv70t2d4s,180000000000,
c42b6fb2606894c0408b1e720e52747a3a166fee60e09f06e0472bcafceec4fa,2024-10-22T16:23:22.888000,sent,kaspa:qzlwuwe9xmwv0n7ypwfy2q5hy77tqt50hy2ncjcpmjhtwu7q9cc2qv70t2d4s,300000000000,
43c84e6cb7c5d4718632d0bbb8aea8f1897f30a165ecdc0467e4e34871fe8268,2024-10-22T12:12:02.531000,sent,kaspa:qzlwuwe9xmwv0n7ypwfy2q5hy77tqt50hy2ncjcpmjhtwu7q9cc2qv70t2d4s,120000000000,
7df434414b2ba57f9a5a80fa046e7952fb1c26bea0b26fc9d12e7fe2070d8fc2,2024-10-22T10:50:27.673000,sent,kaspa:qzlwuwe9xmwv0n7ypwfy2q5hy77tqt50hy2ncjcpmjhtwu7q9cc2qv70t2d4s,300000000000,
eeb47c487f12b14fda5b9c598adf13c87cdc97aff2c73431c91d974430e5a842,2024-10-22T09:40:18.206000,sent,kaspa:qzlwuwe9xmwv0n7ypwfy2q5hy77tqt50hy2ncjcpmjhtwu7q9cc2qv70t2d4s,300000000000,
29dddea34c02849ea92e4e539c5e63937e69ad736d5e7cf83e154053bf71c296,2024-10-21T19:30:05.772000,sent,kaspa:qzlwuwe9xmwv0n7ypwfy2q5hy77tqt50hy2ncjcpmjhtwu7q9cc2qv70t2d4s,300000000000,
76aa8e4083c225f8bf5aa3deb3681aef6966fd85ca4103137c182cacf43d761e,2024-10-21T19:25:15.970000,sent,kaspa:qzlwuwe9xmwv0n7ypwfy2q5hy77tqt50hy2ncjcpmjhtwu7q9cc2qv70t2d4s,500000000000,
7c4e6a596fb34b1ec96ff19c72e7ab5791e9ce525906adc0e0eb061c8ddf8b7b,2024-10-21T19:09:19.406000,sent,kaspa:qzlwuwe9xmwv0n7ypwfy2q5hy77tqt50hy2ncjcpmjhtwu7q9cc2qv70t2d4s,500000000000,
65155b06b68332f17817646c39b7f91d73abab253a145a25ecf5f696ee14f4db,2024-10-21T17:32:03.209000,sent,kaspa:qzlwuwe9xmwv0n7ypwfy2q5hy77tqt50hy2ncjcpmjhtwu7q9cc2qv70t2d4s,300000000000,
0acc638e8c4f9d90c5bdaf78be21304f1d946c3d9897302420441b5d6a415b1a,2024-10-21T16:43:29.153000,sent,kaspa:qzlwuwe9xmwv0n7ypwfy2q5hy77tqt50hy2ncjcpmjhtwu7q9cc2qv70t2d4s,300000000000,
a185e1467ced7f85aafb130a0af77191b649c57178250b2ad67fed39a6877f60,2024-10-20T15:58:23.316000,sent,kaspa:qzxjemww365xj8ul8ve7w07vvc27gf60mlr5xthhrhp4r5vv7k3pg3x0tlx42,388800000000,
a185e1467ced7f85aafb130a0af77191b649c57178250b2ad67fed39a6877f60,2024-10-20T15:58:23.316000,sent,kaspa:qzxjemww365xj8ul8ve7w07vvc27gf60mlr5xthhrhp4r5vv7k3pg3x0tlx42,388800000000,
1b5c4b15c8b50476e3139aa611fd8dc317ee7fa17574f91f7ed2ae8a48efb75e,2024-10-20T12:57:52.998000,received,kaspa:qru6qv0wyf7sl7qtwqkx7c03yhs244c2nwavxaszhrm8rmk5dtlvwztc5arzk,3425336571789,
7e00536c1bdda61b794bf85a37d2d95589eb7362283a7fb31e50ca875e954261,2024-10-20T12:11:31.605000,sent,kaspa:qzlwuwe9xmwv0n7ypwfy2q5hy77tqt50hy2ncjcpmjhtwu7q9cc2qv70t2d4s,50000000000,
7e00536c1bdda61b794bf85a37d2d95589eb7362283a7fb31e50ca875e954261,2024-10-20T12:11:31.605000,sent,kaspa:qzlwuwe9xmwv0n7ypwfy2q5hy77tqt50hy2ncjcpmjhtwu7q9cc2qv70t2d4s,50000000000,
e7851cb990a34d7b78188d3790dcf5f3740e201c2b00ad77ed4cd606abb0b71c,2024-10-18T17:49:54.309000,received,kaspa:qru6qv0wyf7sl7qtwqkx7c03yhs244c2nwavxaszhrm8rmk5dtlvwztc5arzk,5080524572043,
e7851cb990a34d7b78188d3790dcf5f3740e201c2b00ad77ed4cd606abb0b71c,2024-10-18T17:49:54.309000,received,kaspa:qru6qv0wyf7sl7qtwqkx7c03yhs244c2nwavxaszhrm8rmk5dtlvwztc5arzk,5080524572043,
e7851cb990a34d7b78188d3790dcf5f3740e201c2b00ad77ed4cd606abb0b71c,2024-10-18T17:49:54.309000,received,kaspa:qru6qv0wyf7sl7qtwqkx7c03yhs244c2nwavxaszhrm8rmk5dtlvwztc5arzk,5080524572043,
e7851cb990a34d7b78188d3790dcf5f3740e201c2b00ad77ed4cd606abb0b71c,2024-10-18T17:49:54.309000,received,kaspa:qru6qv0wyf7sl7qtwqkx7c03yhs244c2nwavxaszhrm8rmk5dtlvwztc5arzk,5080524572043,
e7851cb990a34d7b78188d3790dcf5f3740e201c2b00ad77ed4cd606abb0b71c,2024-10-18T17:49:54.309000,received,kaspa:qru6qv0wyf7sl7qtwqkx7c03yhs244c2nwavxaszhrm8rmk5dtlvwztc5arzk,5080524572043,
e7851cb990a34d7b78188d3790dcf5f3740e201c2b00ad77ed4cd606abb0b71c,2024-10-18T17:49:54.309000,received,kaspa:qru6qv0wyf7sl7qtwqkx7c03yhs244c2nwavxaszhrm8rmk5dtlvwztc5arzk,5080524572043,
e7851cb990a34d7b78188d3790dcf5f3740e201c2b00ad77ed4cd606abb0b71c,2024-10-18T17:49:54.309000,received,kaspa:qru6qv0wyf7sl7qtwqkx7c03yhs244c2nwavxaszhrm8rmk5dtlvwztc5arzk,5080524572043,
e7851cb990a34d7b78188d3790dcf5f3740e201c2b00ad77ed4cd606abb0b71c,2024-10-18T17:49:54.309000,received,kaspa:qru6qv0wyf7sl7qtwqkx7c03yhs244c2nwavxaszhrm8rmk5dtlvwztc5arzk,5080524572043,
cee95a63e0f8457d41b40597fd07a4ea807343b75e93d31462014617b9b9890e,2024-10-18T17:41:46.499000,sent,kaspa:qzlwuwe9xmwv0n7ypwfy2q5hy77tqt50hy2ncjcpmjhtwu7q9cc2qv70t2d4s,200000000000,
c3926e9243055d1f47ca69f5b4f6f487a2aadd009ad5dbd33431dfaa70bfba6c,2024-10-18T12:27:59.685000,sent,kaspa:qzlwuwe9xmwv0n7ypwfy2q5hy77tqt50hy2ncjcpmjhtwu7q9cc2qv70t2d4s,500000000000,
c3926e9243055d1f47ca69f5b4f6f487a2aadd009ad5dbd33431dfaa70bfba6c,2024-10-18T12:27:59.685000,sent,kaspa:qzlwuwe9xmwv0n7ypwfy2q5hy77tqt50hy2ncjcpmjhtwu7q9cc2qv70t2d4s,500000000000,
93afa1e546d696e589e1a999aca422c30d2d74cd081333521000678920a94184,2024-10-18T11:54:54.379000,received,kaspa:qru6qv0wyf7sl7qtwqkx7c03yhs244c2nwavxaszhrm8rmk5dtlvwztc5arzk,5253915763414,
93afa1e546d696e589e1a999aca422c30d2d74cd081333521000678920a94184,2024-10-18T11:54:54.379000,received,kaspa:qru6qv0wyf7sl7qtwqkx7c03yhs244c2nwavxaszhrm8rmk5dtlvwztc5arzk,5253915763414,
3a33dc0ee7fc1ec47242a003c8bb60820a783687beff7c4f1d236ea5ef16eb42,2024-10-12T05:51:07.880000,sent,kaspa:qzlwuwe9xmwv0n7ypwfy2q5hy77tqt50hy2ncjcpmjhtwu7q9cc2qv70t2d4s,666600000000,
3a33dc0ee7fc1ec47242a003c8bb60820a783687beff7c4f1d236ea5ef16eb42,2024-10-12T05:51:07.880000,sent,kaspa:qzlwuwe9xmwv0n7ypwfy2q5hy77tqt50hy2ncjcpmjhtwu7q9cc2qv70t2d4s,666600000000,
3a33dc0ee7fc1ec47242a003c8bb60820a783687beff7c4f1d236ea5ef16eb42,2024-10-12T05:51:07.880000,sent,kaspa:qzlwuwe9xmwv0n7ypwfy2q5hy77tqt50hy2ncjcpmjhtwu7q9cc2qv70t2d4s,666600000000,
bb898780a5bc0e230959ed05ded5ada052e384d689ab2ca4fe25037c399033f0,2024-10-11T15:06:58.927000,received,kaspa:qru6qv0wyf7sl7qtwqkx7c03yhs244c2nwavxaszhrm8rmk5dtlvwztc5arzk,1068895755491,
73e3bbc84443b820b7dcca1f57a092648ae4b5a7fea02295dfe459538c54b3e1,2024-10-11T15:03:54.846000,received,kaspa:qru6qv0wyf7sl7qtwqkx7c03yhs244c2nwavxaszhrm8rmk5dtlvwztc5arzk,5004451865461,
fcdffa7948b7e1c90bba91a3ffb03637a988f746226f0bf61e9cb27432eb45be,2024-10-09T13:51:13.605000,sent,kaspa:qzlwuwe9xmwv0n7ypwfy2q5hy77tqt50hy2ncjcpmjhtwu7q9cc2qv70t2d4s,200000000000,
fcdffa7948b7e1c90bba91a3ffb03637a988f746226f0bf61e9cb27432eb45be,2024-10-09T13:51:13.605000,sent,kaspa:qzlwuwe9xmwv0n7ypwfy2q5hy77tqt50hy2ncjcpmjhtwu7q9cc2qv70t2d4s,200000000000,
3f9b7a4e95f94509ff32835d7694ceec88ff4f8b6607fc4695d09589695e384c,2024-10-08T15:24:57.685000,received,kaspa:qru6qv0wyf7sl7qtwqkx7c03yhs244c2nwavxaszhrm8rmk5dtlvwztc5arzk,5186672117583,
3f9b7a4e95f94509ff32835d7694ceec88ff4f8b6607fc4695d09589695e384c,2024-10-08T15:24:57.685000,received,kaspa:qru6qv0wyf7sl7qtwqkx7c03yhs244c2nwavxaszhrm8rmk5dtlvwztc5arzk,5186672117583,
3f9b7a4e95f94509ff32835d7694ceec88ff4f8b6607fc4695d09589695e384c,2024-10-08T15:24:57.685000,received,kaspa:qru6qv0wyf7sl7qtwqkx7c03yhs244c2nwavxaszhrm8rmk5dtlvwztc5arzk,5186672117583,
a3c9daeb7db11acbd7ccf5e43f1144a1e920cc1ad43a2a2354c5d7a5f62a789a,2024-10-07T17:44:26.698000,sent,kaspa:qzlwuwe9xmwv0n7ypwfy2q5hy77tqt50hy2ncjcpmjhtwu7q9cc2qv70t2d4s,300000000000,
ffa9dad87dcf5eb9b1d8da525281675c7266c46c06b4fc8f612892c40c5cc69b,2024-10-04T14:46:45.355000,sent,kaspa:qzlwuwe9xmwv0n7ypwfy2q5hy77tqt50hy2ncjcpmjhtwu7q9cc2qv70t2d4s,300000000000,
ffa9dad87dcf5eb9b1d8da525281675c7266c46c06b4fc8f612892c40c5cc69b,2024-10-04T14:46:45.355000,sent,kaspa:qzlwuwe9xmwv0n7ypwfy2q5hy77tqt50hy2ncjcpmjhtwu7q9cc2qv70t2d4s,300000000000,
269b87377ec7d0b4a3da2f893d71e3df9e6a3206a86c4d69c4f8f792d2e95d4e,2024-10-04T06:12:54.355000,received,kaspa:qru6qv0wyf7sl7qtwqkx7c03yhs244c2nwavxaszhrm8rmk5dtlvwztc5arzk,10148025179434,
269b87377ec7d0b4a3da2f893d71e3df9e6a3206a86c4d69c4f8f792d2e95d4e,2024-10-04T06:12:54.355000,received,kaspa:qru6qv0wyf7sl7qtwqkx7c03yhs244c2nwavxaszhrm8rmk5dtlvwztc5arzk,10148025179434,
269b87377ec7d0b4a3da2f893d71e3df9e6a3206a86c4d69c4f8f792d2e95d4e,2024-10-04T06:12:54.355000,received,kaspa:qru6qv0wyf7sl7qtwqkx7c03yhs244c2nwavxaszhrm8rmk5dtlvwztc5arzk,10148025179434,
269b87377ec7d0b4a3da2f893d71e3df9e6a3206a86c4d69c4f8f792d2e95d4e,2024-10-04T06:12:54.355000,received,kaspa:qru6qv0wyf7sl7qtwqkx7c03yhs244c2nwavxaszhrm8rmk5dtlvwztc5arzk,10148025179434,
269b87377ec7d0b4a3da2f893d71e3df9e6a3206a86c4d69c4f8f792d2e95d4e,2024-10-04T06:12:54.355000,received,kaspa:qru6qv0wyf7sl7qtwqkx7c03yhs244c2nwavxaszhrm8rmk5dtlvwztc5arzk,10148025179434,
269b87377ec7d0b4a3da2f893d71e3df9e6a3206a86c4d69c4f8f792d2e95d4e,2024-10-04T06:12:54.355000,received,kaspa:qru6qv0wyf7sl7qtwqkx7c03yhs244c2nwavxaszhrm8rmk5dtlvwztc5arzk,10148025179434,
6bd7df66070bd1b35e2ca5ac05e23cc4dfe36622488add199e00df106e8cbe19,2024-09-29T16:55:24.212000,sent,kaspa:qzlwuwe9xmwv0n7ypwfy2q5hy77tqt50hy2ncjcpmjhtwu7q9cc2qv70t2d4s,300000000000,
425ba2672ae1e26d021a7951f029692f1bb71082bfd5caca8f7c08882cf855ba,2024-09-25T15:01:24.144000,sent,kaspa:qzlwuwe9xmwv0n7ypwfy2q5hy77tqt50hy2ncjcpmjhtwu7q9cc2qv70t2d4s,200000000000,
ddba04de9e646814227ce43f3a9d4f8ee5cdcf1c8d6a6c76056679c4310520af,2024-09-25T14:39:35.162000,sent,kaspa:qzlwuwe9xmwv0n7ypwfy2q5hy77tqt50hy2ncjcpmjhtwu7q9cc2qv70t2d4s,250000000000,
e64f59d42318aa688a4ec26bb9295057f3e5436a9b295e9836e972b2c780a584,2024-09-24T18:21:08.447000,sent,kaspa:qzlwuwe9xmwv0n7ypwfy2q5hy77tqt50hy2ncjcpmjhtwu7q9cc2qv70t2d4s,310000000000,
44acd8f2f72d88a7f60dd6e5809632c9c5bda6936c8d770016d085d70b31b461,2024-09-24T18:05:13.336000,sent,kaspa:qzlwuwe9xmwv0n7ypwfy2q5hy77tqt50hy2ncjcpmjhtwu7q9cc2qv70t2d4s,300000000000,
e656d200e9a1d90468f63ad80a5b47cd91238367587331423702f791405e3629,2024-09-18T11:27:17.211000,sent,kaspa:qzlwuwe9xmwv0n7ypwfy2q5hy77tqt50hy2ncjcpmjhtwu7q9cc2qv70t2d4s,100000000000,
65b2c2a2991c0084da3702f57ae7bbbff873027dc303b975116ccf85759d0794,2024-09-18T07:49:16.743000,sent,kaspa:qzlwuwe9xmwv0n7ypwfy2q5hy77tqt50hy2ncjcpmjhtwu7q9cc2qv70t2d4s,100000000000,
a97adb1e0e36ca0fbae57f467a6a59036cf0ad2ae2794b4090bc38d22a6a9698,2024-09-17T15:46:42.870000,sent,kaspa:qzlwuwe9xmwv0n7ypwfy2q5hy77tqt50hy2ncjcpmjhtwu7q9cc2qv70t2d4s,100000000000,
56de5ca4469f80d61ce66bb5744464b7d31827515a5c6fb37e328cbe50bd1403,2024-09-17T07:02:35.174000,sent,kaspa:qzlwuwe9xmwv0n7ypwfy2q5hy77tqt50hy2ncjcpmjhtwu7q9cc2qv70t2d4s,130000000000,
18a8299247906c18625b46a227dd74f8f8b263248a94cbef3c0d3b61123ea38a,2024-09-17T06:24:52.992000,sent,kaspa:qzlwuwe9xmwv0n7ypwfy2q5hy77tqt50hy2ncjcpmjhtwu7q9cc2qv70t2d4s,130000000000,
18a8299247906c18625b46a227dd74f8f8b263248a94cbef3c0d3b61123ea38a,2024-09-17T06:24:52.992000,sent,kaspa:qzlwuwe9xmwv0n7ypwfy2q5hy77tqt50hy2ncjcpmjhtwu7q9cc2qv70t2d4s,130000000000,
96f4ece8b5d349b2cc78234f7bc8f21834772466a19938bf4ef31a8d7bf0b217,2024-07-31T16:42:30.361000,received,kaspa:qru6qv0wyf7sl7qtwqkx7c03yhs244c2nwavxaszhrm8rmk5dtlvwztc5arzk,31660863232098,
96f4ece8b5d349b2cc78234f7bc8f21834772466a19938bf4ef31a8d7bf0b217,2024-07-31T16:42:30.361000,received,kaspa:qru6qv0wyf7sl7qtwqkx7c03yhs244c2nwavxaszhrm8rmk5dtlvwztc5arzk,31660863232098,
96f4ece8b5d349b2cc78234f7bc8f21834772466a19938bf4ef31a8d7bf0b217,2024-07-31T16:42:30.361000,received,kaspa:qru6qv0wyf7sl7qtwqkx7c03yhs244c2nwavxaszhrm8rmk5dtlvwztc5arzk,31660863232098,
e47b81dc42928a020099d9fc732b2463e963fe906808c485ac58997239735955,2024-06-27T10:58:32.041000,sent,kaspa:qzlwuwe9xmwv0n7ypwfy2q5hy77tqt50hy2ncjcpmjhtwu7q9cc2qv70t2d4s,8800000000,
4b4a9d69d41a4f914ef182971093ac7b1eecec5aa5b39a2058a2f9ff8ce96fef,2024-05-30T10:33:38.377000,sent,kaspa:qz2je777ry3gmd4ejlyq55dv2mfyjeglwd5ufak2eyxkt0ckhwrq606q8rywz,31218800000000,
4b4a9d69d41a4f914ef182971093ac7b1eecec5aa5b39a2058a2f9ff8ce96fef,2024-05-30T10:33:38.377000,sent,kaspa:qz2je777ry3gmd4ejlyq55dv2mfyjeglwd5ufak2eyxkt0ckhwrq606q8rywz,31218800000000,
4b4a9d69d41a4f914ef182971093ac7b1eecec5aa5b39a2058a2f9ff8ce96fef,2024-05-30T10:33:38.377000,sent,kaspa:qz2je777ry3gmd4ejlyq55dv2mfyjeglwd5ufak2eyxkt0ckhwrq606q8rywz,31218800000000,
4b4a9d69d41a4f914ef182971093ac7b1eecec5aa5b39a2058a2f9ff8ce96fef,2024-05-30T10:33:38.377000,sent,kaspa:qz2je777ry3gmd4ejlyq55dv2mfyjeglwd5ufak2eyxkt0ckhwrq606q8rywz,31218800000000,
4b4a9d69d41a4f914ef182971093ac7b1eecec5aa5b39a2058a2f9ff8ce96fef,2024-05-30T10:33:38.377000,sent,kaspa:qz2je777ry3gmd4ejlyq55dv2mfyjeglwd5ufak2eyxkt0ckhwrq606q8rywz,31218800000000,
4b4a9d69d41a4f914ef182971093ac7b1eecec5aa5b39a2058a2f9ff8ce96fef,2024-05-30T10:33:38.377000,sent,kaspa:qz2je777ry3gmd4ejlyq55dv2mfyjeglwd5ufak2eyxkt0ckhwrq606q8rywz,31218800000000,
4b4a9d69d41a4f914ef182971093ac7b1eecec5aa5b39a2058a2f9ff8ce96fef,2024-05-30T10:33:38.377000,sent,kaspa:qz2je777ry3gmd4ejlyq55dv2mfyjeglwd5ufak2eyxkt0ckhwrq606q8rywz,31218800000000,
4b4a9d69d41a4f914ef182971093ac7b1eecec5aa5b39a2058a2f9ff8ce96fef,2024-05-30T10:33:38.377000,sent,kaspa:qz2je777ry3gmd4ejlyq55dv2mfyjeglwd5ufak2eyxkt0ckhwrq606q8rywz,31218800000000,
4b4a9d69d41a4f914ef182971093ac7b1eecec5aa5b39a2058a2f9ff8ce96fef,2024-05-30T10:33:38.377000,sent,kaspa:qz2je777ry3gmd4ejlyq55dv2mfyjeglwd5ufak2eyxkt0ckhwrq606q8rywz,31218800000000,
1821f8e6d574760dcc335c6c34e0bdcc1fb0d3224a88fa172cf76985b77ecd8e,2024-05-23T09:32:57.789000,received,kaspa:qru6qv0wyf7sl7qtwqkx7c03yhs244c2nwavxaszhrm8rmk5dtlvwztc5arzk,5430045530621,
1821f8e6d574760dcc335c6c34e0bdcc1fb0d3224a88fa172cf76985b77ecd8e,2024-05-23T09:32:57.789000,received,kaspa:qru6qv0wyf7sl7qtwqkx7c03yhs244c2nwavxaszhrm8rmk5dtlvwztc5arzk,5430045530621,
1821f8e6d574760dcc335c6c34e0bdcc1fb0d3224a88fa172cf76985b77ecd8e,2024-05-23T09:32:57.789000,received,kaspa:qru6qv0wyf7sl7qtwqkx7c03yhs244c2nwavxaszhrm8rmk5dtlvwztc5arzk,5430045530621,
1821f8e6d574760dcc335c6c34e0bdcc1fb0d3224a88fa172cf76985b77ecd8e,2024-05-23T09:32:57.789000,received,kaspa:qru6qv0wyf7sl7qtwqkx7c03yhs244c2nwavxaszhrm8rmk5dtlvwztc5arzk,5430045530621,
1821f8e6d574760dcc335c6c34e0bdcc1fb0d3224a88fa172cf76985b77ecd8e,2024-05-23T09:32:57.789000,received,kaspa:qru6qv0wyf7sl7qtwqkx7c03yhs244c2nwavxaszhrm8rmk5dtlvwztc5arzk,5430045530621,
1821f8e6d574760dcc335c6c34e0bdcc1fb0d3224a88fa172cf76985b77ecd8e,2024-05-23T09:32:57.789000,received,kaspa:qru6qv0wyf7sl7qtwqkx7c03yhs244c2nwavxaszhrm8rmk5dtlvwztc5arzk,5430045530621,
1821f8e6d574760dcc335c6c34e0bdcc1fb0d3224a88fa172cf76985b77ecd8e,2024-05-23T09:32:57.789000,received,kaspa:qru6qv0wyf7sl7qtwqkx7c03yhs244c2nwavxaszhrm8rmk5dtlvwztc5arzk,5430045530621,
1821f8e6d574760dcc335c6c34e0bdcc1fb0d3224a88fa172cf76985b77ecd8e,2024-05-23T09:32:57.789000,received,kaspa:qru6qv0wyf7sl7qtwqkx7c03yhs244c2nwavxaszhrm8rmk5dtlvwztc5arzk,5430045530621,
1821f8e6d574760dcc335c6c34e0bdcc1fb0d3224a88fa172cf76985b77ecd8e,2024-05-23T09:32:57.789000,received,kaspa:qru6qv0wyf7sl7qtwqkx7c03yhs244c2nwavxaszhrm8rmk5dtlvwztc5arzk,5430045530621,
521f45174b1d36db6264551eab7f50e69d06a5ab174eee6cafc4abbbde31d4ca,2024-05-20T12:33:24.606000,received,kaspa:qru6qv0wyf7sl7qtwqkx7c03yhs244c2nwavxaszhrm8rmk5dtlvwztc5arzk,12826174185485,
521f45174b1d36db6264551eab7f50e69d06a5ab174eee6cafc4abbbde31d4ca,2024-05-20T12:33:24.606000,received,kaspa:qru6qv0wyf7sl7qtwqkx7c03yhs244c2nwavxaszhrm8rmk5dtlvwztc5arzk,12826174185485,
521f45174b1d36db6264551eab7f50e69d06a5ab174eee6cafc4abbbde31d4ca,2024-05-20T12:33:24.606000,received,kaspa:qru6qv0wyf7sl7qtwqkx7c03yhs244c2nwavxaszhrm8rmk5dtlvwztc5arzk,12826174185485,
521f45174b1d36db6264551eab7f50e69d06a5ab174eee6cafc4abbbde31d4ca,2024-05-20T12:33:24.606000,received,kaspa:qru6qv0wyf7sl7qtwqkx7c03yhs244c2nwavxaszhrm8rmk5dtlvwztc5arzk,12826174185485,
521f45174b1d36db6264551eab7f50e69d06a5ab174eee6cafc4abbbde31d4ca,2024-05-20T12:33:24.606000,received,kaspa:qru6qv0wyf7sl7qtwqkx7c03yhs244c2nwavxaszhrm8rmk5dtlvwztc5arzk,12826174185485,
521f45174b1d36db6264551eab7f50e69d06a5ab174eee6cafc4abbbde31d4ca,2024-05-20T12:33:24.606000,received,kaspa:qru6qv0wyf7sl7qtwqkx7c03yhs244c2nwavxaszhrm8rmk5dtlvwztc5arzk,12826174185485,
521f45174b1d36db6264551eab7f50e69d06a5ab174eee6cafc4abbbde31d4ca,2024-05-20T12:33:24.606000,received,kaspa:qru6qv0wyf7sl7qtwqkx7c03yhs244c2nwavxaszhrm8rmk5dtlvwztc5arzk,12826174185485,
521f45174b1d36db6264551eab7f50e69d06a5ab174eee6cafc4abbbde31d4ca,2024-05-20T12:33:24.606000,received,kaspa:qru6qv0wyf7sl7qtwqkx7c03yhs244c2nwavxaszhrm8rmk5dtlvwztc5arzk,12826174185485,
521f45174b1d36db6264551eab7f50e69d06a5ab174eee6cafc4abbbde31d4ca,2024-05-20T12:33:24.606000,received,kaspa:qru6qv0wyf7sl7qtwqkx7c03yhs244c2nwavxaszhrm8rmk5dtlvwztc5arzk,12826174185485,
521f45174b1d36db6264551eab7f50e69d06a5ab174eee6cafc4abbbde31d4ca,2024-05-20T12:33:24.606000,received,kaspa:qru6qv0wyf7sl7qtwqkx7c03yhs244c2nwavxaszhrm8rmk5dtlvwztc5arzk,12826174185485,
24b342170e4324ba3b1b56cf74a1cc43634aa3a4a476fc701cf535516249cd04,2024-05-20T12:26:21.022000,received,kaspa:qru6qv0wyf7sl7qtwqkx7c03yhs244c2nwavxaszhrm8rmk5dtlvwztc5arzk,7468042653217,
24b342170e4324ba3b1b56cf74a1cc43634aa3a4a476fc701cf535516249cd04,2024-05-20T12:26:21.022000,received,kaspa:qru6qv0wyf7sl7qtwqkx7c03yhs244c2nwavxaszhrm8rmk5dtlvwztc5arzk,7468042653217,
ce683b8ae909a9754aaea142d8ccf9e910a39df17d4743a094930e2910829aed,2024-05-17T14:58:57.884000,received,kaspa:qru6qv0wyf7sl7qtwqkx7c03yhs244c2nwavxaszhrm8rmk5dtlvwztc5arzk,4767306337909,
ce683b8ae909a9754aaea142d8ccf9e910a39df17d4743a094930e2910829aed,2024-05-17T14:58:57.884000,received,kaspa:qru6qv0wyf7sl7qtwqkx7c03yhs244c2nwavxaszhrm8rmk5dtlvwztc5arzk,4767306337909,
ce683b8ae909a9754aaea142d8ccf9e910a39df17d4743a094930e2910829aed,2024-05-17T14:58:57.884000,received,kaspa:qru6qv0wyf7sl7qtwqkx7c03yhs244c2nwavxaszhrm8rmk5dtlvwztc5arzk,4767306337909,
1975695ffbfdbf30a06c0127d3db44b375d86379ddc3d1647fd0e7dd4151d578,2024-05-16T06:43:35.609000,received,kaspa:qru6qv0wyf7sl7qtwqkx7c03yhs244c2nwavxaszhrm8rmk5dtlvwztc5arzk,1003419359137,
4d420e5bada3e5e2ec0c0ae91446ef4971170a521369a97aca55ca1067563edc,2024-05-16T06:43:06.558000,received,kaspa:qru6qv0wyf7sl7qtwqkx7c03yhs244c2nwavxaszhrm8rmk5dtlvwztc5arzk,10087649578256,
c656e8e9e4ab7adfa3205aa4cdbef116398104fee915ac9c393e56ee230091e1,2024-05-13T17:12:23.498000,received,kaspa:qru6qv0wyf7sl7qtwqkx7c03yhs244c2nwavxaszhrm8rmk5dtlvwztc5arzk,10464108778932,
c656e8e9e4ab7adfa3205aa4cdbef116398104fee915ac9c393e56ee230091e1,2024-05-13T17:12:23.498000,received,kaspa:qru6qv0wyf7sl7qtwqkx7c03yhs244c2nwavxaszhrm8rmk5dtlvwztc5arzk,10464108778932,
c656e8e9e4ab7adfa3205aa4cdbef116398104fee915ac9c393e56ee230091e1,2024-05-13T17:12:23.498000,received,kaspa:qru6qv0wyf7sl7qtwqkx7c03yhs244c2nwavxaszhrm8rmk5dtlvwztc5arzk,10464108778932,
e3b8737c96222bf8fdf3cae0e57c526a6c02bf53d9d7223d72a25737bdc83455,2024-03-18T14:42:57.968000,received,kaspa:qruyz80pxfmnds9w96fhm76s0xvq50c2gmywftds2800900xqvc77xtm6s0qw,800000000,
e62666150c35ae6d3b840eaa90fb992bb38a7996225eebc2456ff5c92f927a43,2024-03-18T14:40:50.780000,sent,kaspa:qpwyjd68kp3t9hq0dace9r0tu7efu9gmv9uy6wmmc5lqyhkz7aefc2l62c3ky,10000000000000,
40cef6c2235beec7f6ada68002f7e11d067d3f3a69478c635b5060e3d395504a,2024-03-05T07:40:44.411000,sent,kaspa:qruyz80pxfmnds9w96fhm76s0xvq50c2gmywftds2800900xqvc77xtm6s0qw,10697259575123,
b8643ef776ced99bb1be960e4adf07bf28c7346cffcdffa7cd9f254b048c3597,2024-02-28T03:16:22.257000,sent,kaspa:qzdxvvttmvm6uszvgp2jv0wg3ape4ltyyhkrrs6hnahpetkdn52h50j9fhfxn,30000000000000,
fcfe4b001a95bbf2c43ac21c91333910474b0ed856fc3ab25e3cbefc47e3826b,2024-02-03T15:29:38.580000,sent,kaspa:qzkpxfx82hvznj0ejkraz2acj0hrpymswl04s9j3jd2dpd5tjjgkjqk40k0w5,20000000000000,
e7977cb5005daf72ccd07353e10b8c8f14ee82096825890047350e60c565ebba,2024-01-31T11:27:01.073000,sent,kaspa:qz2je777ry3gmd4ejlyq55dv2mfyjeglwd5ufak2eyxkt0ckhwrq606q8rywz,8888800000000,
e7977cb5005daf72ccd07353e10b8c8f14ee82096825890047350e60c565ebba,2024-01-31T11:27:01.073000,sent,kaspa:qz2je777ry3gmd4ejlyq55dv2mfyjeglwd5ufak2eyxkt0ckhwrq606q8rywz,8888800000000,
e7977cb5005daf72ccd07353e10b8c8f14ee82096825890047350e60c565ebba,2024-01-31T11:27:01.073000,sent,kaspa:qz2je777ry3gmd4ejlyq55dv2mfyjeglwd5ufak2eyxkt0ckhwrq606q8rywz,8888800000000,
75cf51286fb06bc288d1a141a43ec4ef7095243af1dd90e4c1541091f7d04b9e,2023-12-19T14:07:35.853000,received,kaspa:qqetp7ct8kqss99fxmymyz5t3fezppxp0t58wl6pawp27elqd46uudme00cl0,3991938000000,
e1f23618657f47298ffef6503c54661c4b7580bb7a9942518c5a1568f64ea4e8,2023-10-18T10:50:17.071000,received,kaspa:qzpf3ueqh3r2e6x09mt4fzr9l5fz6jzu3zg8upmlc3cqqdma3q4j6qrcfgszq,155194121645123,
e1f23618657f47298ffef6503c54661c4b7580bb7a9942518c5a1568f64ea4e8,2023-10-18T10:50:17.071000,received,kaspa:qrtc40he4a7rrp6kf2mupqth80xjks9urc7upu2nm3mp2a9awzl0x0jzqrd3n,155194121645123,
e1f23618657f47298ffef6503c54661c4b7580bb7a9942518c5a1568f64ea4e8,2023-10-18T10:50:17.071000,received,kaspa:qq2htnss7trx3t8ht98y5d6attjaasl2dw9th6n2dhx3uj8pwgp9g6tph68hu,155194121645123,
e1f23618657f47298ffef6503c54661c4b7580bb7a9942518c5a1568f64ea4e8,2023-10-18T10:50:17.071000,received,kaspa:qqjrgfx9r6zy8uy677laxqdn4jwnvatyg8g0qrc3tlerwn4lef5rygf78rer5,155194121645123,
e1f23618657f47298ffef6503c54661c4b7580bb7a9942518c5a1568f64ea4e8,2023-10-18T10:50:17.071000,received,kaspa:qzclpwkkq26redqc98gay378nkvmgfj906e47tdagc2wd7uhcaxpzhx9shyua,155194121645123,
e1f23618657f47298ffef6503c54661c4b7580bb7a9942518c5a1568f64ea4e8,2023-10-18T10:50:17.071000,received,kaspa:qq050xadyemd7sgtxyw0flhjn7n4pmuk40g249c8lglmdeemy73qk3gygqgc7,155194121645123,
e1f23618657f47298ffef6503c54661c4b7580bb7a9942518c5a1568f64ea4e8,2023-10-18T10:50:17.071000,received,kaspa:qqyt7ep2tzdm2v4m45ztxykyewydn5fzzvyf4l7dl74mg2mnv63u2sqf96c3l,155194121645123,
e1f23618657f47298ffef6503c54661c4b7580bb7a9942518c5a1568f64ea4e8,2023-10-18T10:50:17.071000,received,kaspa:qqcdeedhl675xx0qn3jjqk54l878r3crpdx3va8qfgl5gk59v0vhsc29gffvh,155194121645123,
e1f23618657f47298ffef6503c54661c4b7580bb7a9942518c5a1568f64ea4e8,2023-10-18T10:50:17.071000,received,kaspa:qp45knk7slz0y0fvzemy5lw3lhsxps4zc9nrt46nxavd24kh2yyh6qrwukl20,155194121645123,
e1f23618657f47298ffef6503c54661c4b7580bb7a9942518c5a1568f64ea4e8,2023-10-18T10:50:17.071000,received,kaspa:qzcjxucvngps6nuetgs52gltevp66l7suuvk497g2dsg5mpglqehuky0jmufa,155194121645123,
e1f23618657f47298ffef6503c54661c4b7580bb7a9942518c5a1568f64ea4e8,2023-10-18T10:50:17.071000,received,kaspa:qpkx4wfqxkuynz93wfd399xhafvckcu7gfre7fkp68axmsnnmw6gy2havn9a3,155194121645123,
e1f23618657f47298ffef6503c54661c4b7580bb7a9942518c5a1568f64ea4e8,2023-10-18T10:50:17.071000,received,kaspa:qq95a5f67shrpy4078jw2rq00lf3cgxexngcdd26vwqv92ea4yzdwrdvrqvjs,155194121645123,
e1f23618657f47298ffef6503c54661c4b7580bb7a9942518c5a1568f64ea4e8,2023-10-18T10:50:17.071000,received,kaspa:qp20tvs9gtnk2qzmp96ack964a7jyp7apcg7x6zfcqmzgh3pw8e5xhe5lu0md,155194121645123,
e1f23618657f47298ffef6503c54661c4b7580bb7a9942518c5a1568f64ea4e8,2023-10-18T10:50:17.071000,received,kaspa:qqpzzrtw6d8jwl5jxmmkdjzg63fl3uagrw8ydy5ghr8qrkjh608s5a6ea9a4e,155194121645123,
e1f23618657f47298ffef6503c54661c4b7580bb7a9942518c5a1568f64ea4e8,2023-10-18T10:50:17.071000,received,kaspa:qrhjtjgjmf9w0kdu87qgk063vdq0d6twyljvssqa0p5s7tvyftkmvv6wkr4hd,155194121645123,
e1f23618657f47298ffef6503c54661c4b7580bb7a9942518c5a1568f64ea4e8,2023-10-18T10:50:17.071000,received,kaspa:qr3pdfafgrrr36u8hqshql2huee84x7sjhwlfswqf322u3tpd8ge2z2j0r5z0,155194121645123,
e1f23618657f47298ffef6503c54661c4b7580bb7a9942518c5a1568f64ea4e8,2023-10-18T10:50:17.071000,received,kaspa:qq5dfrt4qrfaazyd5ccpun274uppyzt4f9th4xjmt9jqhawwslatqd5f4k55c,155194121645123,
e1f23618657f47298ffef6503c54661c4b7580bb7a9942518c5a1568f64ea4e8,2023-10-18T10:50:17.071000,received,kaspa:qph4r2fuypyn98ec7rru78h6txxpz6g3fw4yhsk3zx69tgdzpx53xxlggq5vd,155194121645123,
e1f23618657f47298ffef6503c54661c4b7580bb7a9942518c5a1568f64ea4e8,2023-10-18T10:50:17.071000,received,kaspa:qr8xcjfeh237uhf78cjc957v4qwar3wyv9aaq23pxguf7nmvu22lqrpss0qee,155194121645123,
e1f23618657f47298ffef6503c54661c4b7580bb7a9942518c5a1568f64ea4e8,2023-10-18T10:50:17.071000,received,kaspa:qp6q2xy6tzs4uxazhzt5n3yg0wfm7wlg3gss5wn0gq8hng6radxhjh0u0ysu3,155194121645123,
e1f23618657f47298ffef6503c54661c4b7580bb7a9942518c5a1568f64ea4e8,2023-10-18T10:50:17.071000,received,kaspa:qz6t0tjus0hxhkcjq0k5qn9fmmhz4s2kdtv4xflqxl4t5rzatl6wx7macu7kc,155194121645123,
e1f23618657f47298ffef6503c54661c4b7580bb7a9942518c5a1568f64ea4e8,2023-10-18T10:50:17.071000,received,kaspa:qp24g4xyl0dmn83j97jqmc5kefaq55r3l6t3v9u9c3uy6j8j4ytccrkt50845,155194121645123,
e1f23618657f47298ffef6503c54661c4b7580bb7a9942518c5a1568f64ea4e8,2023-10-18T10:50:17.071000,received,kaspa:qpf7um7suhtuxpryey89x5ypmqn6zzs59xnq5gfa82da656xdvgmj9w3ekyht,155194121645123,
e1f23618657f47298ffef6503c54661c4b7580bb7a9942518c5a1568f64ea4e8,2023-10-18T10:50:17.071000,received,kaspa:qq6uajm9nqfyqaspkk0tvvxa34r45pc5fmdulgz07trgggst79qcusxdgyjd6,155194121645123,
e1f23618657f47298ffef6503c54661c4b7580bb7a9942518c5a1568f64ea4e8,2023-10-18T10:50:17.071000,received,kaspa:qqz3zh0wznxytun6xcd86lgpd9und3mer6qg2vure5ff9rx4ghy8xsar8lc34,155194121645123,
e1f23618657f47298ffef6503c54661c4b7580bb7a9942518c5a1568f64ea4e8,2023-10-18T10:50:17.071000,received,kaspa:qzpvtd9j4ekkr5eal5vw49aj9h8yvkk3ujnm7vlfvuqqk9hwvq7ujr9egkznv,155194121645123,
e1f23618657f47298ffef6503c54661c4b7580bb7a9942518c5a1568f64ea4e8,2023-10-18T10:50:17.071000,received,kaspa:qq5pf647a94826x92ykvy9scuj0u8myc0mkw9eehqcreqmd0wxhmq6uekkvaq,155194121645123,
e1f23618657f47298ffef6503c54661c4b7580bb7a9942518c5a1568f64ea4e8,2023-10-18T10:50:17.071000,received,kaspa:qzzdppm7gmhqur3fqgnxnkl5qgnch4crd9t66ac5u8ykut3j8u4wvjay6nsct,155194121645123,
e1f23618657f47298ffef6503c54661c4b7580bb7a9942518c5a1568f64ea4e8,2023-10-18T10:50:17.071000,received,kaspa:qp7psnrcfglk5dey4tyf6ff5gtr0gdsu3m33zghh0ygpmkmgh0g0g4nh4z29l,155194121645123,
e1f23618657f47298ffef6503c54661c4b7580bb7a9942518c5a1568f64ea4e8,2023-10-18T10:50:17.071000,received,kaspa:qpr5k9y08jnumxh9wrqkf8jz3az4m2f8uml0arx57xkrq590yg43zxnj8jx04,155194121645123,
e1f23618657f47298ffef6503c54661c4b7580bb7a9942518c5a1568f64ea4e8,2023-10-18T10:50:17.071000,received,kaspa:qrzk78ggw70kgyk7zp6nyq7hp7vt427ew4azpa5ag825g3504mxfu7hkva3gz,155194121645123,
e1f23618657f47298ffef6503c54661c4b7580bb7a9942518c5a1568f64ea4e8,2023-10-18T10:50:17.071000,received,kaspa:qrwfh0460426psd7zct7jpaeqqs32s0tnvn6xhxxjwjt7nd8nvvajmz7cszvw,155194121645123,
e1f23618657f47298ffef6503c54661c4b7580bb7a9942518c5a1568f64ea4e8,2023-10-18T10:50:17.071000,received,kaspa:qpx0cv9gdh2jxgh7j0wvj8g0q7hdl9xvjnkuf22punl3t0cdlqj4cqmhgqpy4,155194121645123,
e1f23618657f47298ffef6503c54661c4b7580bb7a9942518c5a1568f64ea4e8,2023-10-18T10:50:17.071000,received,kaspa:qpxrax6qayvh4y47p0h8t3y5qscfxnh3rz5r436kt7hd2v9ecq4dufz5th6mk,155194121645123,
f90612608eea935f9ef1d614f30dff00b95ce7d582b8dc11490af1718ae80d00,2023-10-18T10:48:27.689000,sent,kaspa:qpx0cv9gdh2jxgh7j0wvj8g0q7hdl9xvjnkuf22punl3t0cdlqj4cqmhgqpy4,100000000000,
4f22918559771dc461ea6698edf6a4daac4c4652969015eea6e73cd227d2b069,2023-10-18T10:46:30.449000,received,kaspa:qqpacmprms8gqrdyu8ej28alsh4q8ln4f3nk6wzf8cdmy0f2m2hu2uwjnw7jv,500000000000,
