tx_id,timestamp,direction,peer_address,amount_sompi,cex_label
17fec3fd7ff28841c63af7860dce71ce215fb29c780c7f0160d3234e62dd5cd4,2023-12-16T04:33:53.235000,sent,kaspa:qzslgwenzu78t6tldlng383g7ruu4enaljmnkgaulyrscjp7ldt26x8gfxck5,171940000,
17fec3fd7ff28841c63af7860dce71ce215fb29c780c7f0160d3234e62dd5cd4,2023-12-16T04:33:53.235000,sent,kaspa:qzslgwenzu78t6tldlng383g7ruu4enaljmnkgaulyrscjp7ldt26x8gfxck5,171940000,
8e6ddf6888398189cb3dde2dfb4cf9f398dd1817576e23dc739f74b7f0e02e53,2023-12-12T17:57:39.529000,received,kaspa:qypswxtcrv4ssyjaswy5w9387vq73mkuyq85tl34cee6qn5uexqy0csgnafnjx7,171000000,
838d49f57d43d68413824c9ca798bb9882bee4cdaaa9e931345a52be05e47e92,2023-11-29T06:33:25.787000,sent,kaspa:qypav72283dfpywpfzed5fx8d4dk8drnskeryqx687kvta5c8dk7fxgjddqzgqm,18000000,
387d1741b7cad3d03925c735373a5ba623ee638752c2587f7cd31039e5bf7eed,2023-11-28T22:26:33.204000,received,kaspa:qqaugwf5jw2eagnzq0ncvce6p8n8nwyxzwxmyxwqx7uast3nnv6q6xd4qglxr,19000000,
