tx_id,timestamp,direction,peer_address,amount_sompi,cex_label
0c675b45a035559f3ed918c71073254a6c159a398f390e4bae0fe20a3a534f35,2024-10-03T04:49:13.337000,sent,kaspa:qpv79ag7vcskujcf5g3q3py3yx5h352d6mtzgsh6mwratcn6lfyvjzrh8d9su,4358004681955,
55217b11e4d394d4bd5c585269ac8cbdffe10e82d4c5408f296a056dd6af4156,2024-10-03T04:42:39.949000,sent,kaspa:qpv79ag7vcskujcf5g3q3py3yx5h352d6mtzgsh6mwratcn6lfyvjzrh8d9su,34116004406,
84dde9e61c1942f9de936bdc0c5a7a0b893a13869a1d80a85686017f5afcf5a5,2024-07-31T02:20:17.784000,sent,kaspa:qr7tl6wfjt0q3mec6jw3nupn2hkuq7xh935xhc5vakte2eww7k75kw43t4r75,485102733039,
0dac375927053a5357b5340b48de2c84c15aa86fac26182b0ab7c5921a098fef,2024-07-31T02:14:29.403000,sent,kaspa:qr7tl6wfjt0q3mec6jw3nupn2hkuq7xh935xhc5vakte2eww7k75kw43t4r75,2544814572,
8746b9cfc05efa527ba068b4175c0ad06491671643ee9aaf92ebc0525841e97e,2024-07-11T19:33:59.474000,sent,kaspa:qqmsv95m27fx5p3g4ynh8406vdmjcaat9ch0k96dz8zhfftnd4rsxsrk9svvx,1350000000000,
4eba3db26266fb00e8cdea29529c0775bf0a50d164a2660e860d369fea5ec3a8,2024-05-29T04:58:13.382000,sent,kaspa:qpv79ag7vcskujcf5g3q3py3yx5h352d6mtzgsh6mwratcn6lfyvjzrh8d9su,5000000000000,
e34bfcdbbb2b5bc09c414a365392e008dbd804d7735cf78298b12443ace2a261,2024-05-29T04:39:00.708000,sent,kaspa:qpv79ag7vcskujcf5g3q3py3yx5h352d6mtzgsh6mwratcn6lfyvjzrh8d9su,1000000000,
e34bfcdbbb2b5bc09c414a365392e008dbd804d7735cf78298b12443ace2a261,2024-05-29T04:39:00.708000,sent,kaspa:qpv79ag7vcskujcf5g3q3py3yx5h352d6mtzgsh6mwratcn6lfyvjzrh8d9su,1000000000,
e34bfcdbbb2b5bc09c414a365392e008dbd804d7735cf78298b12443ace2a261,2024-05-29T04:39:00.708000,sent,kaspa:qpv79ag7vcskujcf5g3q3py3yx5h352d6mtzgsh6mwratcn6lfyvjzrh8d9su,1000000000,
e34bfcdbbb2b5bc09c414a365392e008dbd804d7735cf78298b12443ace2a261,2024-05-29T04:39:00.708000,sent,kaspa:qpv79ag7vcskujcf5g3q3py3yx5h352d6mtzgsh6mwratcn6lfyvjzrh8d9su,1000000000,
e34bfcdbbb2b5bc09c414a365392e008dbd804d7735cf78298b12443ace2a261,2024-05-29T04:39:00.708000,sent,kaspa:qpv79ag7vcskujcf5g3q3py3yx5h352d6mtzgsh6mwratcn6lfyvjzrh8d9su,1000000000,
f62173781fb1299f4a68f7ca02fcc6648b6dd1247712273c74ea1745fe0fa94f,2024-03-26T05:21:02.841000,received,kaspa:qqetp7ct8kqss99fxmymyz5t3fezppxp0t58wl6pawp27elqd46uudme00cl0,528955000000,
f62173781fb1299f4a68f7ca02fcc6648b6dd1247712273c74ea1745fe0fa94f,2024-03-26T05:21:02.841000,received,kaspa:qpzpfwcsqsxhxwup26r55fd0ghqlhyugz8cp6y3wxuddc02vcxtjg75pspnwz,528955000000,MEXC
c021353ca711c57ff3fefccdd59e9e9c76eff55fcf34935d62e2cfb4bceff455,2024-03-17T23:25:00.813000,received,kaspa:qqetp7ct8kqss99fxmymyz5t3fezppxp0t58wl6pawp27elqd46uudme00cl0,624312000000,
c021353ca711c57ff3fefccdd59e9e9c76eff55fcf34935d62e2cfb4bceff455,2024-03-17T23:25:00.813000,received,kaspa:qpzpfwcsqsxhxwup26r55fd0ghqlhyugz8cp6y3wxuddc02vcxtjg75pspnwz,624312000000,MEXC
519121b80fb5652a4135ce1b53c90f20c8c0ee935fc2e131c808659505714cee,2024-02-07T03:27:04.536000,received,kaspa:qqetp7ct8kqss99fxmymyz5t3fezppxp0t58wl6pawp27elqd46uudme00cl0,1224286000000,
519121b80fb5652a4135ce1b53c90f20c8c0ee935fc2e131c808659505714cee,2024-02-07T03:27:04.536000,received,kaspa:qpzpfwcsqsxhxwup26r55fd0ghqlhyugz8cp6y3wxuddc02vcxtjg75pspnwz,1224286000000,MEXC
c11d82d6ab5ce65830041df06ed6dc6fc956ebb23f7daba63ac24d5c2476bf60,2024-01-12T06:00:50.525000,received,kaspa:qqwvnkp47wsj6n4hkdlgj8dsauyx0xvefunnwvvsmpq2udd0ka8ckmpuqw3k5,8843215327645,
c11d82d6ab5ce65830041df06ed6dc6fc956ebb23f7daba63ac24d5c2476bf60,2024-01-12T06:00:50.525000,received,kaspa:qqwvnkp47wsj6n4hkdlgj8dsauyx0xvefunnwvvsmpq2udd0ka8ckmpuqw3k5,8843215327645,
c11d82d6ab5ce65830041df06ed6dc6fc956ebb23f7daba63ac24d5c2476bf60,2024-01-12T06:00:50.525000,received,kaspa:qqwvnkp47wsj6n4hkdlgj8dsauyx0xvefunnwvvsmpq2udd0ka8ckmpuqw3k5,8843215327645,
4c733c0a0784c659dff0bb34aaa634d495b0e49fc84c36db3604a480587b8b1b,2024-01-12T05:56:41.590000,received,kaspa:qr5qs43ufn8k8vhflcquw2wserch92ph8mjdhdpaaplu0ju4ff435gpzaxf30,10000000000,
4c733c0a0784c659dff0bb34aaa634d495b0e49fc84c36db3604a480587b8b1b,2024-01-12T05:56:41.590000,received,kaspa:qr5qs43ufn8k8vhflcquw2wserch92ph8mjdhdpaaplu0ju4ff435gpzaxf30,10000000000,
