tx_id,timestamp,direction,peer_address,amount_sompi,cex_label
8f376743e66a68e1233a1591e9da0b435823bae0f958e35f3fd47639df876033,2025-04-17T15:55:54.521000,sent,kaspa:qp66keaky7tqpk3vlpxg68pv4lmzcyaxxnpslavsp9eu86jpwjvlkz8jr238j,2500000000,
8f376743e66a68e1233a1591e9da0b435823bae0f958e35f3fd47639df876033,2025-04-17T15:55:54.521000,sent,kaspa:qqk7spnvxsq09e84dwhv3a8ckng3uftg2k74tnk5mzh4rlz0rc3cu5dnyqcta,92301811,
3c7dceeff6a32b6bbd1884b8269b498c2bcccd2e1406a7ae87759b467525eb0b,2025-04-12T19:29:25.945000,received,kaspa:qqz6jcsdntdamcqx3ghn7gw7a3f7njapzkf65yqej3qq2q9pkeh87pcavesqd,78775236,
3c7dceeff6a32b6bbd1884b8269b498c2bcccd2e1406a7ae87759b467525eb0b,2025-04-12T19:29:25.945000,received,kaspa:qr60htent3t2xhv92l0rtn27xkct8vgg6htnfwergdluuhj8yas8zaqlcgxu5,78775236,
3c7dceeff6a32b6bbd1884b8269b498c2bcccd2e1406a7ae87759b467525eb0b,2025-04-12T19:29:25.945000,received,kaspa:qr60htent3t2xhv92l0rtn27xkct8vgg6htnfwergdluuhj8yas8zaqlcgxu5,78775236,
3c7dceeff6a32b6bbd1884b8269b498c2bcccd2e1406a7ae87759b467525eb0b,2025-04-12T19:29:25.945000,received,kaspa:qr60htent3t2xhv92l0rtn27xkct8vgg6htnfwergdluuhj8yas8zaqlcgxu5,78775236,
