tx_id,timestamp,direction,peer_address,amount_sompi,cex_label
2de6e8a6b2cb545a0be9f6f2d6ecfddb6086b7dabbc22e7ee2f2b3f1454205e3,2023-09-26T19:42:53.226000,sent,kaspa:qzwk8pms5suw28z9kzjtysmgresvmxpkw8k5dvytx5pkc8t98l7vke6ud2gjd,6524983475601,
c29e3aa38ea310099ad6486c70e86199b66bbccaf2a48314dade455738f7b545,2023-08-02T22:48:39.775000,sent,kaspa:qp75adr69fwqxex8sn9eaxuz4nuk2l30uka3am9wmhhh8lr8ld8rvk7xgyazl,100000000,
c29e3aa38ea310099ad6486c70e86199b66bbccaf2a48314dade455738f7b545,2023-08-02T22:48:39.775000,sent,kaspa:qquztrca65hjjrdmsr3nwzf6wf5hsxltdvkxf0vlzfav3lrc7k2wwvfrd8p8n,209899990000,
96d4398084a0ad5fe570ad72197060ed0faaa802855d31b7418a715d20fa0af6,2023-08-01T03:02:25.188000,received,kaspa:qq3k4du6wf2g26j7ds6fqmgtgavgm3zy676wntp2e52nsuns2n4s6xkndmx0y,120000000000,
86154ec3f2b61ed73619e257d3d9e247ccbeca6a09230d64da6b20104dca3b05,2023-07-27T04:18:49.193000,received,kaspa:qrfvvayrlcf89lg6xr55m034p2dvljswzg8h0gdsrvrx4ulzyhp7k3kpdutzf,210000000000,
86154ec3f2b61ed73619e257d3d9e247ccbeca6a09230d64da6b20104dca3b05,2023-07-27T04:18:49.193000,received,kaspa:qrfvvayrlcf89lg6xr55m034p2dvljswzg8h0gdsrvrx4ulzyhp7k3kpdutzf,210000000000,
86154ec3f2b61ed73619e257d3d9e247ccbeca6a09230d64da6b20104dca3b05,2023-07-27T04:18:49.193000,received,kaspa:qrfvvayrlcf89lg6xr55m034p2dvljswzg8h0gdsrvrx4ulzyhp7k3kpdutzf,210000000000,
86154ec3f2b61ed73619e257d3d9e247ccbeca6a09230d64da6b20104dca3b05,2023-07-27T04:18:49.193000,received,kaspa:qrfvvayrlcf89lg6xr55m034p2dvljswzg8h0gdsrvrx4ulzyhp7k3kpdutzf,210000000000,
86154ec3f2b61ed73619e257d3d9e247ccbeca6a09230d64da6b20104dca3b05,2023-07-27T04:18:49.193000,received,kaspa:qrfvvayrlcf89lg6xr55m034p2dvljswzg8h0gdsrvrx4ulzyhp7k3kpdutzf,210000000000,
86154ec3f2b61ed73619e257d3d9e247ccbeca6a09230d64da6b20104dca3b05,2023-07-27T04:18:49.193000,received,kaspa:qrfvvayrlcf89lg6xr55m034p2dvljswzg8h0gdsrvrx4ulzyhp7k3kpdutzf,210000000000,
86154ec3f2b61ed73619e257d3d9e247ccbeca6a09230d64da6b20104dca3b05,2023-07-27T04:18:49.193000,received,kaspa:qrfvvayrlcf89lg6xr55m034p2dvljswzg8h0gdsrvrx4ulzyhp7k3kpdutzf,210000000000,
