tx_id,timestamp,direction,peer_address,amount_sompi,cex_label
c280252516250b123d8c74fd107070effe0589866304e7fd6aa4f5cf93fb0071,2023-12-14T06:55:42.026000,sent,kaspa:qr7r8rtehym00mcmmucflvu2003fsevzc9s0rezsltzwd6jd34p2cg3nd43cf,170990000,
5ea19ffff68d827d36d536028f1ab11bafa1bb2516ee12cc1373f833fa97a3f3,2023-12-12T18:31:44.178000,received,kaspa:qypswxtcrv4ssyjaswy5w9387vq73mkuyq85tl34cee6qn5uexqy0csgnafnjx7,171000000,
7902d2ba843ccfdb2ef33f01a217e649802d880bb34fd6790fee4aa494ee59f6,2023-11-29T07:34:32.228000,sent,kaspa:qypqnfcu98ng65wy2lm7ahlwxvttz3s4678cl5uz6jras2dl7sknkec44j5rrsz,18001111,
73288f78bb412b0abf9bde32107e187362f4d70da4c34021833c1fe853b80be9,2023-11-29T07:30:57.424000,received,kaspa:qpsxgmx2uptjwjaz7ceqamyqwyp5hxq6qm3cxks4xyxv02ucrqfqv6u9meuja,18011111,
