tx_id,timestamp,direction,peer_address,amount_sompi,cex_label
fb90b9409142c4aa2cd7b1636fd8b6d929cc7673887676e0b955ee910682b979,2023-12-18T12:12:24.388000,sent,kaspa:qrkaxvl2tw6pq6zx9xrr9lqnt9x72upf0hsrp3cvgcmfz77m50ycua35nz200,172940000,
fb90b9409142c4aa2cd7b1636fd8b6d929cc7673887676e0b955ee910682b979,2023-12-18T12:12:24.388000,sent,kaspa:qrkaxvl2tw6pq6zx9xrr9lqnt9x72upf0hsrp3cvgcmfz77m50ycua35nz200,172940000,
22d3efeeb6c2d4fd3535cb1804dcbf6d289239889508e8724c3e14bbba33935c,2023-12-12T09:52:36.090000,received,kaspa:qypswxtcrv4ssyjaswy5w9387vq73mkuyq85tl34cee6qn5uexqy0csgnafnjx7,171000000,
43340623fbf41c0207d6d6f5d15198fb6a9e19a678fa39c9d07c96ddbf295302,2023-11-28T13:59:52.629000,sent,kaspa:qypluamsp28vezfyrkxnstga4562jj0sf7nfs5u0r7e06qqc6cg02qcxzqreutt,18000000,
5f4e2c6b6e84e9bc40617e1d8ae7c20d0bbd6c0c9d74e2f979df598f5146647c,2023-11-28T09:35:14.775000,sent,kaspa:qpdf8cknxyucw630n57cs4n35gs7yl4xnlhzhcam9eal0u09rh5026jqdv75q,20000000,
3321a19df0761cc9ab8441e08798173e943609b237b3ab454819396a6bccff19,2023-11-28T09:00:42.568000,sent,kaspa:qrsgczakl7phcg5mmwc2ycwrq97lkvn7ewwxgz30wx6wc39f8ag8jee3e7des,20000000,
3faf8819691a25603ddb25fbb48ee6cbf30725b9669fe22990d0beb346a51538,2023-11-28T08:16:24.906000,sent,kaspa:qp9yh2wvhggpkt4tz6gsutrvf39wa7ngqecaag2ajgmz8apr9eda70du4gvcy,20000000,
f1ba51044289fdc6d9d31041b8a8498583f59537ec92cdcb529cbc4709d18c31,2023-11-28T05:11:54.294000,received,kaspa:qrwhdfn42x2zg7m7fnuh8wccmkttg7469n944pygwlc727cqn0ftcuurrnegq,80000000,
