tx_id,timestamp,direction,peer_address,amount_sompi,cex_label
fcbee44abf8527ff80961a6f8810b79ad3b2800397e99bb14dd45fac68d8e10b,2023-12-16T04:44:29.953000,sent,kaspa:qzslgwenzu78t6tldlng383g7ruu4enaljmnkgaulyrscjp7ldt26x8gfxck5,171940000,
fcbee44abf8527ff80961a6f8810b79ad3b2800397e99bb14dd45fac68d8e10b,2023-12-16T04:44:29.953000,sent,kaspa:qzslgwenzu78t6tldlng383g7ruu4enaljmnkgaulyrscjp7ldt26x8gfxck5,171940000,
938a853c9a5e5ffced2ba5de4f76218cb621435dbec17b13693174b8308ef31d,2023-12-12T13:02:40.713000,received,kaspa:qypswxtcrv4ssyjaswy5w9387vq73mkuyq85tl34cee6qn5uexqy0csgnafnjx7,171000000,
8e4a127ce000bcf94b3c1a9a962e77429120290f67f410138614fc1505e71d0f,2023-11-28T17:43:54.054000,sent,kaspa:qypck72l3llku2vy0kpgpzhhvsz9a4pyzvj74uw8cczzpaw49dva45qpw33t2m6,18000000,
9ac09360607d9dccf874766eb6f2689729a2f37fe2d9ade824dc30e04cfc4510,2023-11-28T00:23:52.273000,received,kaspa:qzgd6ztyczzv7rxjwyxt9amzufaazt8tj7z8uyy6kw5hcsx89h8pwdrly4z0u,19000000,
