tx_id,timestamp,direction,peer_address,amount_sompi,cex_label
df136af1b78d5fc9cddde426834c0a5360f17e51a242e68979f34bef1506e935,2023-12-16T03:42:12.173000,sent,kaspa:qzslgwenzu78t6tldlng383g7ruu4enaljmnkgaulyrscjp7ldt26x8gfxck5,171940000,
df136af1b78d5fc9cddde426834c0a5360f17e51a242e68979f34bef1506e935,2023-12-16T03:42:12.173000,sent,kaspa:qzslgwenzu78t6tldlng383g7ruu4enaljmnkgaulyrscjp7ldt26x8gfxck5,171940000,
1040813a88237e911cab465c94056809f169f561cc06bcd4e5c249736e130780,2023-12-12T03:45:00.723000,received,kaspa:qypswxtcrv4ssyjaswy5w9387vq73mkuyq85tl34cee6qn5uexqy0csgnafnjx7,171000000,
a45b35c16f1a16936c4f2a686ae7c5fdb5d783076e42b3f97b3e5e74f583fac0,2023-11-28T01:32:01.352000,sent,kaspa:qypd20cxf7tfzrqugqr6km7vcl63842c3kmsf9xaxm7za5j0qtcpmecgt52p9t0,18000000,
8ff2b60f23ced1ff15ce2cfbfb584cb5f6e1fbf572a75772497af7d0a47a7e70,2023-11-27T23:39:06.583000,received,kaspa:qr4l6ccrnequlsgxdtfmc748wfv0dlcywwh86sweqrn68kve6kptwajp8fk3g,19000000,
