tx_id,timestamp,direction,peer_address,amount_sompi,cex_label
a110e3d6b8c90c76614ff8a2e5ad8e41fd9e5e993306dda7942999d73570ee22,2024-02-17T08:11:57.511000,sent,kaspa:qqsslpr5gst3y2s87k402r9yt7ajmak63vkgmathj8ys5qx4273jg40nngrd2,172980000,
a110e3d6b8c90c76614ff8a2e5ad8e41fd9e5e993306dda7942999d73570ee22,2024-02-17T08:11:57.511000,sent,kaspa:qqsslpr5gst3y2s87k402r9yt7ajmak63vkgmathj8ys5qx4273jg40nngrd2,172980000,
2da530127d07835379ff9f9963a2b4409296c2d36e74744415e81e76dffc6cd7,2023-12-12T15:07:26.131000,received,kaspa:qypswxtcrv4ssyjaswy5w9387vq73mkuyq85tl34cee6qn5uexqy0csgnafnjx7,171000000,
6a0a5677f89bd6e5160787cd0e607164915dfe54296834518df3a2d41a14f2bb,2023-11-29T01:22:11.834000,sent,kaspa:qypm5azy3e9nudmd324kz8c6gg548lnn3srz58vx25dks03q6r3lvqs8m85gzxj,18000000,
6c33d700135a9ba484c14fd39a0966a8339a77d34f6513eb5241a1a809a4f962,2023-11-26T16:32:45.671000,received,kaspa:qypkgqkmfhc6flcfwlh05dep6cgx686vnuszmee3sm262t808k2eazcjmalx6k8,20000000,
