tx_id,timestamp,direction,peer_address,amount_sompi,cex_label
fdf53366f1cdb5d7c494c318f995371de37b2b9ec7826a6ba2fab803d693696c,2023-12-16T04:18:20.498000,sent,kaspa:qzslgwenzu78t6tldlng383g7ruu4enaljmnkgaulyrscjp7ldt26x8gfxck5,171940000,
fdf53366f1cdb5d7c494c318f995371de37b2b9ec7826a6ba2fab803d693696c,2023-12-16T04:18:20.498000,sent,kaspa:qzslgwenzu78t6tldlng383g7ruu4enaljmnkgaulyrscjp7ldt26x8gfxck5,171940000,
53eade95c5dcf8dfbd99a0862e98f1ef438966fb3c1d251de51f2fd83267dc55,2023-12-12T07:18:19.434000,received,kaspa:qypswxtcrv4ssyjaswy5w9387vq73mkuyq85tl34cee6qn5uexqy0csgnafnjx7,171000000,
6da0a2a7cb37dc7cf946156ac065b1e1433cc1b932fcf7c8f38b2351be2a7582,2023-11-28T08:51:22.831000,sent,kaspa:qypn6c0j0f0cdr3jg9w7mujmqwrtgv6ra4nsujd7j2y8tpc5w9evsfcdfv5mrnu,18000000,
d51a405255353a97922441a0a31193a8004153ab8c4530bd31989084ad35a30f,2023-11-28T07:35:40.412000,received,kaspa:qza2tqfcw6dckpck2wtdazuqm02vl2nqw8crr8dhjxt6mulmum88s7y72f98a,19000000,
