tx_id,timestamp,direction,peer_address,amount_sompi,cex_label
6315c7ad95394c4815a3ffa29f35bbb24501355ff7a33b27ddfc0d723586de73,2023-12-18T05:47:58.356000,sent,kaspa:qrkaxvl2tw6pq6zx9xrr9lqnt9x72upf0hsrp3cvgcmfz77m50ycua35nz200,172970000,
6315c7ad95394c4815a3ffa29f35bbb24501355ff7a33b27ddfc0d723586de73,2023-12-18T05:47:58.356000,sent,kaspa:qrkaxvl2tw6pq6zx9xrr9lqnt9x72upf0hsrp3cvgcmfz77m50ycua35nz200,172970000,
bb9a563e68b496059bed7f621db18ee3dd42fbe5a6edfa5ae83ca4ea4b08508a,2023-12-12T15:33:59.631000,received,kaspa:qypswxtcrv4ssyjaswy5w9387vq73mkuyq85tl34cee6qn5uexqy0csgnafnjx7,171000000,
de43ce4f5dbf882dfd47bf7944326d2ea30d2145a842ad3d1be9bbfdb9ef8e75,2023-11-29T01:45:46.224000,sent,kaspa:qypvf0yy3qcxf75ulwpcu3q526nfgjdpynmy9sn02wwk6sq2lx9x2usdp9zwq7e,18000000,
f4d0c4f428d5bf1337c412c6cb71cff8bec9f22606c4b5b7b10bc538f10388c5,2023-11-28T09:22:02.756000,received,kaspa:qrfkrlvu08uf20yt37xv8pfl8v2u059z2t568hmel0t75uv6f5eqxkcw99c9h,20000000,
