tx_id,timestamp,direction,peer_address,amount_sompi,cex_label
98110421115efb89be9efcebd5a0ff32360823130f058405f405c97d43e26a5a,2023-12-13T13:15:11.702000,sent,kaspa:qpt7kvwne2n3p7cp9259tav9yzjee0ls0v5j7ge569940gken4flj4c2mmwgv,8378510000,
abd4d8feab5b945a858a945eda817c256244ee55f807cbc37e95ea4492282360,2023-12-12T02:01:56.110000,received,kaspa:qypswxtcrv4ssyjaswy5w9387vq73mkuyq85tl34cee6qn5uexqy0csgnafnjx7,171000000,
f9c00203d0e5c2b540ad982db4660d821f9605206c589f7f3a2c4f836d905b12,2023-11-27T19:44:18.066000,sent,kaspa:qyp9sy2ur8k53lm275y69cu6gpk5s6pp75fznpygspy5lg93rse48uczakfuhf9,18000000,
f9c00203d0e5c2b540ad982db4660d821f9605206c589f7f3a2c4f836d905b12,2023-11-27T19:44:18.066000,sent,kaspa:qzes397xuvk70tkgc8yqxqq5ftld5jqjq433t5cfufja7rzx9xhc6m7mt7hs4,599090304,
52ec133bcb075c042282d6f0fc833595de4ff56ebdef98fb1f612f626be882b1,2023-11-27T19:40:31.998000,received,kaspa:qppmg6qjs07236epl9q3fkc4rq0skxm6kqr42v22ncz4rkt35vnx5r2k9lxmc,617100304,
