tx_id,timestamp,direction,peer_address,amount_sompi,cex_label
f677e0b93a800480d2df22d1637c76dbf93a538bba70338b5190c42ce4b17371,2023-12-12T09:38:19.211000,sent,kaspa:qz3ayntyrdv422cms66wq52pyszewrvr80cwtnrlml0j85wq0xqlwa232g9pm,190980000,
f677e0b93a800480d2df22d1637c76dbf93a538bba70338b5190c42ce4b17371,2023-12-12T09:38:19.211000,sent,kaspa:qz3ayntyrdv422cms66wq52pyszewrvr80cwtnrlml0j85wq0xqlwa232g9pm,190980000,
03f7b6ac84577c3756f7bdd5e98beea10ea4575de2b6e13593e3e3ae4a785ab6,2023-12-12T07:49:22.698000,received,kaspa:qypswxtcrv4ssyjaswy5w9387vq73mkuyq85tl34cee6qn5uexqy0csgnafnjx7,171000000,
94d9c845ed31330aaafee94c800b1fb767b943ec3f576fa41fbee661cd94bc48,2023-12-01T13:08:02.746000,received,kaspa:qyp3tqm6gwk4ysnttvtq2haz8ffmpd62mcjj5dcz9jqg3lm58jpxrrqya7l88kj,20000000,
11fdf2aed708c35fe1adc636a7835423cbff27d13b0e9c7c7ff055da45c60eb4,2023-11-28T10:10:52.300000,sent,kaspa:qrrzq6y6f26lqamur0wx480uqrncvrl4r3e8ezagj5hs5hfdy7j87lxqytwhq,148053519,
aa60721942dc13e05165ebe5d5d0e863a7c3a6180bc0d918f756c1cfe70ccbf2,2023-11-28T10:04:43.431000,sent,kaspa:qypwfn7knny9qe7kz693l47a3jn4mjredct2r4ssmpgnnfmmzv2vrhct9yda8e8,18000000,
d24b9ecc8c621fbcef41a3862c2b4c6b876c28cbf7174f9f0c08bfd42a1dad80,2023-11-28T09:47:29.041000,received,kaspa:qq2x3yml0cdermstvll4u0tacjeqsw48808sdjjzxa265hwetszzs73nr3kqe,166073519,
