tx_id,timestamp,direction,peer_address,amount_sompi,cex_label
4e4ebec4310ca36920ae0645eb09bc099867e273ae3c6e7a87efb2ba9d63d1df,2025-01-27T13:46:36.838000,sent,kaspa:qrak7ga2agve48we9j0pf3rj8pu9fmavaqm3q77e4qs4deq6f2jcql6t7jns7,8700000000,
f7f3d4aa192a249b2eacbbd1560813ea4c2ce339667238a6f03e9764735971fe,2025-01-25T11:53:30.426000,sent,kaspa:qz25ws0pryc0h48wk0fk3zkykzcyd3lfm4wx8xdgzpp5huwcuhcyv9mnxv48j,113140000,
f7f3d4aa192a249b2eacbbd1560813ea4c2ce339667238a6f03e9764735971fe,2025-01-25T11:53:30.426000,sent,kaspa:qz25ws0pryc0h48wk0fk3zkykzcyd3lfm4wx8xdgzpp5huwcuhcyv9mnxv48j,113140000,
31a70fd71411a18d1f478f0cc0e4f4737c4b4e77ef52c8706bf3a01d98ad0fd6,2025-01-22T23:44:30.168000,received,kaspa:qz84wvhwrdx7p4xjq9rqzqm9hzzg7kx7qql4874wyex39t7g86ls640lmjzmt,8888000000,
31a70fd71411a18d1f478f0cc0e4f4737c4b4e77ef52c8706bf3a01d98ad0fd6,2025-01-22T23:44:30.168000,received,kaspa:qz84wvhwrdx7p4xjq9rqzqm9hzzg7kx7qql4874wyex39t7g86ls640lmjzmt,8888000000,
3425877c062a0fcac5bc4dfd3b76c92c00d398109f4eab26f2dad8875b4eb38b,2025-01-19T05:19:35.527000,sent,kaspa:qzt6jspukcqd7ve7yc8uls0j9pmt0nwrsdhvh0t98gj2z8vnkqqgz4xdvj52t,8100000000,
d5fd624875bf125cf0322cf63d35d4ebdef56a7dc385a45d693a3ebd45733e0c,2025-01-15T10:58:50.747000,sent,kaspa:qzt6jspukcqd7ve7yc8uls0j9pmt0nwrsdhvh0t98gj2z8vnkqqgz4xdvj52t,13140000,
3dde43023b2777ee6693a030aa91927c46db8d66d2301bd80991948abcf28f01,2025-01-03T05:29:28.840000,sent,kaspa:qqqwlq3vh69gtwz7a2vew7qhl6n7drauw0765m752qg3w4fcnvnc78ks5pw0g,6613140000,
bdf3c8b9420302528817a103b766f2c91db8c42cd00cf7c5d8bc16d531a7103d,2025-01-01T04:55:20.798000,sent,kaspa:qqcj8wtt85gu8x7d50xc7lwhjj2am6dwl3dvsnlaaf4aexvtvktguhevela0h,202500000,
f21bb44663e54f1a76e0721456cee147e2c1d18e53263445ab944bb4b08f8409,2025-01-01T01:10:23.802000,sent,kaspa:qzt6jspukcqd7ve7yc8uls0j9pmt0nwrsdhvh0t98gj2z8vnkqqgz4xdvj52t,202500000,
1530d0f7a815aa861ce2dd0fd76ef218c9e190963fe164c3f7e6c7d81b66074e,2025-01-01T01:09:23.233000,sent,kaspa:qz25ws0pryc0h48wk0fk3zkykzcyd3lfm4wx8xdgzpp5huwcuhcyv9mnxv48j,202500000,
a7822401e121a297473163516ff17f44e9ef458902b0c6e3d25df93b23718357,2025-01-01T01:08:43.016000,sent,kaspa:qqqwlq3vh69gtwz7a2vew7qhl6n7drauw0765m752qg3w4fcnvnc78ks5pw0g,202500000,
3c264cc8058d12163918ab25ec7372e07a3705fe68138dc11dc440c41f3a0751,2025-01-01T01:07:37.119000,sent,kaspa:qz84wvhwrdx7p4xjq9rqzqm9hzzg7kx7qql4874wyex39t7g86ls640lmjzmt,202500000,
259734e11b1ab354c8b1dd60b94991f1919aad06f8c1ada8cf68ae5fa1363e40,2025-01-01T01:07:01.875000,sent,kaspa:qzendrmwyngg3nwer7ed9efp8c76dtjmqu43clj9hxg6avv59tfkurmalmkzs,202500000,
d47c0ddbfe70f2d13742884a33a8c3da079bf62d3d96fce72e4d327cfc84f75a,2024-12-27T05:20:58.585000,sent,kaspa:qz25ws0pryc0h48wk0fk3zkykzcyd3lfm4wx8xdgzpp5huwcuhcyv9mnxv48j,1618000000,
d47c0ddbfe70f2d13742884a33a8c3da079bf62d3d96fce72e4d327cfc84f75a,2024-12-27T05:20:58.585000,sent,kaspa:qz25ws0pryc0h48wk0fk3zkykzcyd3lfm4wx8xdgzpp5huwcuhcyv9mnxv48j,1618000000,
bdf307938d8e253c626c656589ee4dadf371e7fd9d2b68515e56476979744ebb,2024-12-27T01:34:45.038000,received,kaspa:qpnk70yfmgchayqkfhscaycvd99r3ky3jzw8muvmgc79xqvxyqmav0m2anynq,17545046321,
dd09948758de341061d425157a0a9b444ebe529eb3dc81c917a75770d640dd2b,2024-12-10T12:28:01.869000,sent,kaspa:qqqwlq3vh69gtwz7a2vew7qhl6n7drauw0765m752qg3w4fcnvnc78ks5pw0g,199990000,
dd09948758de341061d425157a0a9b444ebe529eb3dc81c917a75770d640dd2b,2024-12-10T12:28:01.869000,sent,kaspa:qqqwlq3vh69gtwz7a2vew7qhl6n7drauw0765m752qg3w4fcnvnc78ks5pw0g,199990000,
dd09948758de341061d425157a0a9b444ebe529eb3dc81c917a75770d640dd2b,2024-12-10T12:28:01.869000,sent,kaspa:qqqwlq3vh69gtwz7a2vew7qhl6n7drauw0765m752qg3w4fcnvnc78ks5pw0g,199990000,
6b418f6bd521fac28f445686049467982ef1f674009e812a4b9a9ab86c3dd920,2024-12-10T12:26:53.027000,received,kaspa:qqqwlq3vh69gtwz7a2vew7qhl6n7drauw0765m752qg3w4fcnvnc78ks5pw0g,113140000,
efc762dfbc92949588788a48a612e61438cdace935c98f524559842c4a7bb10a,2024-12-10T12:23:42.503000,received,kaspa:qqqwlq3vh69gtwz7a2vew7qhl6n7drauw0765m752qg3w4fcnvnc78ks5pw0g,100000000,
efc762dfbc92949588788a48a612e61438cdace935c98f524559842c4a7bb10a,2024-12-10T12:23:42.503000,received,kaspa:qqqwlq3vh69gtwz7a2vew7qhl6n7drauw0765m752qg3w4fcnvnc78ks5pw0g,100000000,
f521ae378c1c192c26ba94cd8c6b053f9bc71eb3b6881a4ddac5f00c08a4b3b8,2024-12-09T05:14:48.613000,sent,kaspa:qpnk70yfmgchayqkfhscaycvd99r3ky3jzw8muvmgc79xqvxyqmav0m2anynq,400000000,
37466cd8fb8c2847b4279010683acb6f046a164a5025aa0a3b26a6acc42c8f2f,2024-12-06T11:49:13.210000,sent,kaspa:qqcj8wtt85gu8x7d50xc7lwhjj2am6dwl3dvsnlaaf4aexvtvktguhevela0h,161813140,
bb3836efdb4ee48562aa699dd0eba4b676b9eafe6d1bdaf964ce6114ed814a03,2024-12-06T11:17:56.924000,sent,kaspa:qzx4czqemajdh3jwk7lrrmjvdjfaulzmp933rvl0p2xf0g09k5eaqunkafwwp,888000000,
68db716e6db9ba0683d7aceed9ea2092b99b9ab3f09d99714f2264bcdc5485fe,2024-12-06T11:15:46.170000,sent,kaspa:qqqwlq3vh69gtwz7a2vew7qhl6n7drauw0765m752qg3w4fcnvnc78ks5pw0g,888000000,
467817bcf5c3a7dc70a208c30425de613cef0f62bf8dee501d732e0919708c2f,2024-12-06T11:15:16.526000,sent,kaspa:qzt6jspukcqd7ve7yc8uls0j9pmt0nwrsdhvh0t98gj2z8vnkqqgz4xdvj52t,888000000,
8b1aa830627c82349d742c305ab1a2c47a7dd47fc1d25175ed05edaddbfbb398,2024-12-06T11:14:14.518000,received,kaspa:qru0p9czlyhkv3y8agjpvefhha0zuy2l6nrgy73syzvkzm9k7nqasrmggj3wm,3244600000,
12837fe02d00c4d14ccb970d0bfb8cb4150bfc6385796f586bf0d7198e9c5ded,2024-10-14T05:25:58.344000,sent,kaspa:qzlg959k3aeexj8q2n97y9ca3r6zstuak9fkhs5zww9682acdzl8q2qspnwu2,5959797958,
12837fe02d00c4d14ccb970d0bfb8cb4150bfc6385796f586bf0d7198e9c5ded,2024-10-14T05:25:58.344000,sent,kaspa:qzlg959k3aeexj8q2n97y9ca3r6zstuak9fkhs5zww9682acdzl8q2qspnwu2,5959797958,
12837fe02d00c4d14ccb970d0bfb8cb4150bfc6385796f586bf0d7198e9c5ded,2024-10-14T05:25:58.344000,sent,kaspa:qzlg959k3aeexj8q2n97y9ca3r6zstuak9fkhs5zww9682acdzl8q2qspnwu2,5959797958,
12837fe02d00c4d14ccb970d0bfb8cb4150bfc6385796f586bf0d7198e9c5ded,2024-10-14T05:25:58.344000,sent,kaspa:qzlg959k3aeexj8q2n97y9ca3r6zstuak9fkhs5zww9682acdzl8q2qspnwu2,5959797958,
ec4ffd960b447a83cb73c32ac7778e53c9a758321abbc1f741f65a7044887255,2024-10-11T16:10:39.938000,received,kaspa:qrhwnw2rh2tgk9v0h26asw0f824lg9mkjrzy3nfpcakhcdgxh7t5gr0rh42f0,5000000000,
3854c05338dcba7583922d7eb6e8e234fa78b7fdff0d35b13712721e07bfa4c6,2024-10-11T06:02:55.490000,received,kaspa:qzac2gsasq46xektzcy2z9wf7fcmkj95azm0xv43svjtssep8upxuvumf8qw9,880000000,
69e8c7b42934b76eabdd165262869329f0a3338bc9eb05e3060277b38087344c,2024-10-10T02:36:26.124000,received,kaspa:qzac2gsasq46xektzcy2z9wf7fcmkj95azm0xv43svjtssep8upxuvumf8qw9,52013140,
de65e17184ea01524bf6d6102cafac6a06b09ba2ecdb7ac42ea0988d4a426c1c,2024-09-27T13:17:17.825000,sent,kaspa:qrwu3xkvv7eg8s0x2ehrpjk9yz8jn9f4nlahyxvl6yvuhr7fd0k05647u0cvu,520000000,
de65e17184ea01524bf6d6102cafac6a06b09ba2ecdb7ac42ea0988d4a426c1c,2024-09-27T13:17:17.825000,sent,kaspa:qrwu3xkvv7eg8s0x2ehrpjk9yz8jn9f4nlahyxvl6yvuhr7fd0k05647u0cvu,520000000,
de65e17184ea01524bf6d6102cafac6a06b09ba2ecdb7ac42ea0988d4a426c1c,2024-09-27T13:17:17.825000,sent,kaspa:qrwu3xkvv7eg8s0x2ehrpjk9yz8jn9f4nlahyxvl6yvuhr7fd0k05647u0cvu,520000000,
607103aadb33a934e4f941cd9f9e20ff4d6f350461bed2a7f372557b82068d15,2024-09-27T13:16:48.256000,received,kaspa:qrwu3xkvv7eg8s0x2ehrpjk9yz8jn9f4nlahyxvl6yvuhr7fd0k05647u0cvu,520000000,
1a7a532fd4c3c3aabd8a4efc44a809566444f537ea2c9936d343e012f4c5ea93,2024-09-26T07:47:13.484000,sent,kaspa:qzlg959k3aeexj8q2n97y9ca3r6zstuak9fkhs5zww9682acdzl8q2qspnwu2,600000000,
1a7a532fd4c3c3aabd8a4efc44a809566444f537ea2c9936d343e012f4c5ea93,2024-09-26T07:47:13.484000,sent,kaspa:qzlg959k3aeexj8q2n97y9ca3r6zstuak9fkhs5zww9682acdzl8q2qspnwu2,600000000,
f32806120e7f24cc08ff02e88f939f642e78e220ae797b08169e916909fb775e,2024-09-25T12:24:48.524000,received,kaspa:qpu9xgfmgeu8zn60f39zeufgq8khj3vh8zw5px7pr4s77smcc96ccqwt0t7nw,16800000,
2fe0af1a566ccecb9d9d5d52d15aaaf3d0ad2fb19d3aae9fb76ef311477b6255,2024-09-25T03:41:10.556000,sent,kaspa:qp7ynj5v660pdmt84qztpmfw55mfvelntdk0yjvhtkp0nykxdt3g2jxxxwnam,88994711,
c7fd5bbff18a1de056df6c506e53b1b59df04740c7526f87e13e40b87dfae387,2024-09-24T16:20:41.200000,received,kaspa:qz25ws0pryc0h48wk0fk3zkykzcyd3lfm4wx8xdgzpp5huwcuhcyv9mnxv48j,600000000,
e099a8c9bf69abaee55f4950031ddf0ceed01bfd723fe12ea331912b1ec08e2f,2024-09-24T11:34:02.512000,sent,kaspa:qzku95t35c6c2c8vvuhr56egc0gvcjx2w8lck50nzezrnay732phqv8uj9cq0,4900000000,
7aafff38d7d19b85124e1fdf051586ade940d1aeab010991c23854f5c3666bdc,2024-09-24T11:26:34.220000,sent,kaspa:qz84wvhwrdx7p4xjq9rqzqm9hzzg7kx7qql4874wyex39t7g86ls640lmjzmt,45236669,
7aafff38d7d19b85124e1fdf051586ade940d1aeab010991c23854f5c3666bdc,2024-09-24T11:26:34.220000,sent,kaspa:qz84wvhwrdx7p4xjq9rqzqm9hzzg7kx7qql4874wyex39t7g86ls640lmjzmt,45236669,
ead5a13df49df1f30b787e482f7ee02aa27a7698a36aa92c27fe56abdab20082,2024-09-20T07:02:14.650000,received,kaspa:qrhwnw2rh2tgk9v0h26asw0f824lg9mkjrzy3nfpcakhcdgxh7t5gr0rh42f0,5000000000,
ead5a13df49df1f30b787e482f7ee02aa27a7698a36aa92c27fe56abdab20082,2024-09-20T07:02:14.650000,received,kaspa:qrhwnw2rh2tgk9v0h26asw0f824lg9mkjrzy3nfpcakhcdgxh7t5gr0rh42f0,5000000000,
ead5a13df49df1f30b787e482f7ee02aa27a7698a36aa92c27fe56abdab20082,2024-09-20T07:02:14.650000,received,kaspa:qrhwnw2rh2tgk9v0h26asw0f824lg9mkjrzy3nfpcakhcdgxh7t5gr0rh42f0,5000000000,
ead5a13df49df1f30b787e482f7ee02aa27a7698a36aa92c27fe56abdab20082,2024-09-20T07:02:14.650000,received,kaspa:qrhwnw2rh2tgk9v0h26asw0f824lg9mkjrzy3nfpcakhcdgxh7t5gr0rh42f0,5000000000,
312b985137d68853ab38fa660ad669f6f45c10b26df38c9b6d2eb45b646790da,2024-09-07T03:29:35.845000,sent,kaspa:qq3dlfmz8nu0e6jhwx2zduyzm4t4aqzlgnaspt4w55xq4cxzdye2s2tn6hutw,2700000000,
312b985137d68853ab38fa660ad669f6f45c10b26df38c9b6d2eb45b646790da,2024-09-07T03:29:35.845000,sent,kaspa:qq3dlfmz8nu0e6jhwx2zduyzm4t4aqzlgnaspt4w55xq4cxzdye2s2tn6hutw,2700000000,
312b985137d68853ab38fa660ad669f6f45c10b26df38c9b6d2eb45b646790da,2024-09-07T03:29:35.845000,sent,kaspa:qq3dlfmz8nu0e6jhwx2zduyzm4t4aqzlgnaspt4w55xq4cxzdye2s2tn6hutw,2700000000,
312b985137d68853ab38fa660ad669f6f45c10b26df38c9b6d2eb45b646790da,2024-09-07T03:29:35.845000,sent,kaspa:qq3dlfmz8nu0e6jhwx2zduyzm4t4aqzlgnaspt4w55xq4cxzdye2s2tn6hutw,2700000000,
312b985137d68853ab38fa660ad669f6f45c10b26df38c9b6d2eb45b646790da,2024-09-07T03:29:35.845000,sent,kaspa:qq3dlfmz8nu0e6jhwx2zduyzm4t4aqzlgnaspt4w55xq4cxzdye2s2tn6hutw,2700000000,
312b985137d68853ab38fa660ad669f6f45c10b26df38c9b6d2eb45b646790da,2024-09-07T03:29:35.845000,sent,kaspa:qq3dlfmz8nu0e6jhwx2zduyzm4t4aqzlgnaspt4w55xq4cxzdye2s2tn6hutw,2700000000,
312b985137d68853ab38fa660ad669f6f45c10b26df38c9b6d2eb45b646790da,2024-09-07T03:29:35.845000,sent,kaspa:qq3dlfmz8nu0e6jhwx2zduyzm4t4aqzlgnaspt4w55xq4cxzdye2s2tn6hutw,2700000000,
312b985137d68853ab38fa660ad669f6f45c10b26df38c9b6d2eb45b646790da,2024-09-07T03:29:35.845000,sent,kaspa:qq3dlfmz8nu0e6jhwx2zduyzm4t4aqzlgnaspt4w55xq4cxzdye2s2tn6hutw,2700000000,
312b985137d68853ab38fa660ad669f6f45c10b26df38c9b6d2eb45b646790da,2024-09-07T03:29:35.845000,sent,kaspa:qq3dlfmz8nu0e6jhwx2zduyzm4t4aqzlgnaspt4w55xq4cxzdye2s2tn6hutw,2700000000,
312b985137d68853ab38fa660ad669f6f45c10b26df38c9b6d2eb45b646790da,2024-09-07T03:29:35.845000,sent,kaspa:qq3dlfmz8nu0e6jhwx2zduyzm4t4aqzlgnaspt4w55xq4cxzdye2s2tn6hutw,2700000000,
085625f4bdce356abfd06e00f10770fcfdce56cf36e9631a4225ca47570382ab,2024-09-06T13:11:19.263000,received,kaspa:qzac2gsasq46xektzcy2z9wf7fcmkj95azm0xv43svjtssep8upxuvumf8qw9,180000000,
6ee42859cf780cc29abd9f23c22fb1dd803befb0d231f969e11fa94d1105db7d,2024-09-06T13:05:06.038000,received,kaspa:qzac2gsasq46xektzcy2z9wf7fcmkj95azm0xv43svjtssep8upxuvumf8qw9,150000000,
3ddff5ffe70a03e1593ad58d8b69016fc064bc96d77c7b5fc5713680ea720fdb,2024-09-03T15:18:32.081000,received,kaspa:qr0n6hs7xxj5pe6e00vef02vq5epm67ft07ppjc3jjvw85ear68v6fpky9ntt,300000000,
5de21aaa877b65ad46d325e0ae92a36fac908eed3f0e774fee34bb606e84bbeb,2024-09-03T15:14:19.139000,sent,kaspa:qpn46hnpencnx5akyzpg0w9vxxztafpmnlhrl4pmjxcust6g7jfxkandavjjs,113140000,
3998682938b549d4afe08412356cfc8d0ee5a121f2ce3ece2e7f949519d45c24,2024-09-03T15:03:53.919000,sent,kaspa:qr0n6hs7xxj5pe6e00vef02vq5epm67ft07ppjc3jjvw85ear68v6fpky9ntt,113140000,
3998682938b549d4afe08412356cfc8d0ee5a121f2ce3ece2e7f949519d45c24,2024-09-03T15:03:53.919000,sent,kaspa:qr0n6hs7xxj5pe6e00vef02vq5epm67ft07ppjc3jjvw85ear68v6fpky9ntt,113140000,
84f96525ae51e82aebc9a81402c2889b78c56d793bc01a158b8b2cf2ce442ca6,2024-09-02T15:23:10.404000,received,kaspa:qr0n6hs7xxj5pe6e00vef02vq5epm67ft07ppjc3jjvw85ear68v6fpky9ntt,111111111,
bdc33dd179cd98ee3f2008c3d0781ee7eb3d9864a4ed30ca828fe998ec4ce8b4,2024-09-02T15:21:05.527000,received,kaspa:qr0n6hs7xxj5pe6e00vef02vq5epm67ft07ppjc3jjvw85ear68v6fpky9ntt,111111111,
f522c50a364eec9464022e20f643d8c9b427640006446624d9b80d30427bc439,2024-09-02T03:43:23.053000,received,kaspa:qrhwnw2rh2tgk9v0h26asw0f824lg9mkjrzy3nfpcakhcdgxh7t5gr0rh42f0,1000000000,
f522c50a364eec9464022e20f643d8c9b427640006446624d9b80d30427bc439,2024-09-02T03:43:23.053000,received,kaspa:qrhwnw2rh2tgk9v0h26asw0f824lg9mkjrzy3nfpcakhcdgxh7t5gr0rh42f0,1000000000,
f522c50a364eec9464022e20f643d8c9b427640006446624d9b80d30427bc439,2024-09-02T03:43:23.053000,received,kaspa:qrhwnw2rh2tgk9v0h26asw0f824lg9mkjrzy3nfpcakhcdgxh7t5gr0rh42f0,1000000000,
f522c50a364eec9464022e20f643d8c9b427640006446624d9b80d30427bc439,2024-09-02T03:43:23.053000,received,kaspa:qrhwnw2rh2tgk9v0h26asw0f824lg9mkjrzy3nfpcakhcdgxh7t5gr0rh42f0,1000000000,
8b8ed44279231b225abd9b4d8e23b151ae9c533c12541bd23eadaee9201a316f,2024-09-01T23:54:58.565000,sent,kaspa:qrwu3xkvv7eg8s0x2ehrpjk9yz8jn9f4nlahyxvl6yvuhr7fd0k05647u0cvu,314159260,
8b8ed44279231b225abd9b4d8e23b151ae9c533c12541bd23eadaee9201a316f,2024-09-01T23:54:58.565000,sent,kaspa:qrwu3xkvv7eg8s0x2ehrpjk9yz8jn9f4nlahyxvl6yvuhr7fd0k05647u0cvu,314159260,
8b8ed44279231b225abd9b4d8e23b151ae9c533c12541bd23eadaee9201a316f,2024-09-01T23:54:58.565000,sent,kaspa:qrwu3xkvv7eg8s0x2ehrpjk9yz8jn9f4nlahyxvl6yvuhr7fd0k05647u0cvu,314159260,
8b8ed44279231b225abd9b4d8e23b151ae9c533c12541bd23eadaee9201a316f,2024-09-01T23:54:58.565000,sent,kaspa:qrwu3xkvv7eg8s0x2ehrpjk9yz8jn9f4nlahyxvl6yvuhr7fd0k05647u0cvu,314159260,
8b8ed44279231b225abd9b4d8e23b151ae9c533c12541bd23eadaee9201a316f,2024-09-01T23:54:58.565000,sent,kaspa:qrwu3xkvv7eg8s0x2ehrpjk9yz8jn9f4nlahyxvl6yvuhr7fd0k05647u0cvu,314159260,
fe474ae9dd321155e4cd0ca5938c5f85377ed648df5cc5d0a12857f836383cfa,2024-08-31T09:43:23.079000,sent,kaspa:qrh3z8rx92hfnc7w6y5x2qy7mntj05a7xj2rfkhjnfdrt2pz7hfa5h9pj66vg,314159260,
fe474ae9dd321155e4cd0ca5938c5f85377ed648df5cc5d0a12857f836383cfa,2024-08-31T09:43:23.079000,sent,kaspa:qrh3z8rx92hfnc7w6y5x2qy7mntj05a7xj2rfkhjnfdrt2pz7hfa5h9pj66vg,314159260,
fe474ae9dd321155e4cd0ca5938c5f85377ed648df5cc5d0a12857f836383cfa,2024-08-31T09:43:23.079000,sent,kaspa:qrh3z8rx92hfnc7w6y5x2qy7mntj05a7xj2rfkhjnfdrt2pz7hfa5h9pj66vg,314159260,
fe474ae9dd321155e4cd0ca5938c5f85377ed648df5cc5d0a12857f836383cfa,2024-08-31T09:43:23.079000,sent,kaspa:qrh3z8rx92hfnc7w6y5x2qy7mntj05a7xj2rfkhjnfdrt2pz7hfa5h9pj66vg,314159260,
fe474ae9dd321155e4cd0ca5938c5f85377ed648df5cc5d0a12857f836383cfa,2024-08-31T09:43:23.079000,sent,kaspa:qrh3z8rx92hfnc7w6y5x2qy7mntj05a7xj2rfkhjnfdrt2pz7hfa5h9pj66vg,314159260,
c8a05535fa99ab506a13ee4f60b8adeeacae3dd1dc9aee0484c50e9b4df76ceb,2024-08-30T14:34:09.679000,received,kaspa:qr0n6hs7xxj5pe6e00vef02vq5epm67ft07ppjc3jjvw85ear68v6fpky9ntt,168888880,
ab0bb23e8839996e2b5060e77981ecc0a9745a1b4d638de001c84eefc36410fb,2024-08-30T14:16:25.655000,received,kaspa:qzac2gsasq46xektzcy2z9wf7fcmkj95azm0xv43svjtssep8upxuvumf8qw9,120000000,
ee0881a21b2afc9b1ecc6aea8695e2203473009568ee0de9028df3924cb22417,2024-08-30T13:49:17.850000,received,kaspa:qr0n6hs7xxj5pe6e00vef02vq5epm67ft07ppjc3jjvw85ear68v6fpky9ntt,88888000,
1eb11f4cdf4a4518c37178a18830378d3a0c1ae8d5c9c8febd81baf829e740b5,2024-08-30T13:26:05.942000,received,kaspa:qr0n6hs7xxj5pe6e00vef02vq5epm67ft07ppjc3jjvw85ear68v6fpky9ntt,660000000,
1550aa3bf0eb65cf6f831906758ab20a3fceaea1d69f482ae637b0ee014be7ab,2024-08-27T09:57:30.976000,sent,kaspa:qzsaus88ljjvrewzd84592rdwnaz4wt7d6dfe2y7dzd6h8j2xtnxxwddv989n,13140000,
2c0f0d0530d07612e7216aeb3296fde696f4bc5d959b5a35bd4d3617865f80af,2024-08-26T08:16:37.588000,received,kaspa:qr0n6hs7xxj5pe6e00vef02vq5epm67ft07ppjc3jjvw85ear68v6fpky9ntt,88888000,
85b4b0c024fb0a772544c802afe0d59283036b52a518877c63b87f191f638f46,2024-08-26T08:03:04.840000,sent,kaspa:qrhhec8qctwj4zlela33sjy8hw3n430a22j4kcd6rr55jve4u57mwh5r0h0xr,113140000,
85b4b0c024fb0a772544c802afe0d59283036b52a518877c63b87f191f638f46,2024-08-26T08:03:04.840000,sent,kaspa:qrhhec8qctwj4zlela33sjy8hw3n430a22j4kcd6rr55jve4u57mwh5r0h0xr,113140000,
0f0e8699568db822009723ea013ce963de65778b3873955004c371305055b036,2024-08-26T07:45:44.703000,received,kaspa:qqwvtp4p757xlru4l8tnglf7ns035qg29nh4qrlp2srw3qyjc9w5c6yug7vk7,66660000,
c22d3161869eb87cf10508df9fe9dd463cb61349ef919497b97ffe13df572a75,2024-08-25T08:07:54.840000,sent,kaspa:qqntktgkayltvympnsdcayex9nk0jz5p3q0s54y459ucww397g2e5f00l90n9,113140000,
c22d3161869eb87cf10508df9fe9dd463cb61349ef919497b97ffe13df572a75,2024-08-25T08:07:54.840000,sent,kaspa:qqntktgkayltvympnsdcayex9nk0jz5p3q0s54y459ucww397g2e5f00l90n9,113140000,
8c5bf0401c3c3a45a312f58c02e36fe129ec6c3bae61348da2552c83cac2bdef,2024-08-25T07:49:53.680000,sent,kaspa:qrhhec8qctwj4zlela33sjy8hw3n430a22j4kcd6rr55jve4u57mwh5r0h0xr,113140000,
8c5bf0401c3c3a45a312f58c02e36fe129ec6c3bae61348da2552c83cac2bdef,2024-08-25T07:49:53.680000,sent,kaspa:qrhhec8qctwj4zlela33sjy8hw3n430a22j4kcd6rr55jve4u57mwh5r0h0xr,113140000,
08b7823e4673cbcc5db02105887ae54ab1d50356c773a45109cf6b19a4d989c4,2024-08-24T03:03:06.209000,sent,kaspa:qr49r0epzqms8d2dj5dl0rdxutfflm2yfftksxhu2qrmqgzdrklwcxugljk46,13141593,
0b7fc1a668fad3d2935f44f4fada914749072392067a04dbdf749403d4d9e4fe,2024-08-23T13:54:58.645000,received,kaspa:qr0n6hs7xxj5pe6e00vef02vq5epm67ft07ppjc3jjvw85ear68v6fpky9ntt,88888000,
ba99c6c6134d944e4d4a12bd5a9c99e113b43bd8322a0ae5a83b253f5a628ab0,2024-08-23T13:48:31.905000,received,kaspa:qr0n6hs7xxj5pe6e00vef02vq5epm67ft07ppjc3jjvw85ear68v6fpky9ntt,88888000,
32771797913605036b994fe1d7782bd29a6f1c52179f9ec3231c7022cd2f6ac0,2024-08-23T05:06:41.318000,received,kaspa:qr0n6hs7xxj5pe6e00vef02vq5epm67ft07ppjc3jjvw85ear68v6fpky9ntt,88888000,
6d70e0b3eb77805c3d2f0b5e58124f1e4daf5bfb08c77d964b06e979cd5793d6,2024-08-23T05:02:34.282000,received,kaspa:qr0n6hs7xxj5pe6e00vef02vq5epm67ft07ppjc3jjvw85ear68v6fpky9ntt,88888000,
6d70e0b3eb77805c3d2f0b5e58124f1e4daf5bfb08c77d964b06e979cd5793d6,2024-08-23T05:02:34.282000,received,kaspa:qr0n6hs7xxj5pe6e00vef02vq5epm67ft07ppjc3jjvw85ear68v6fpky9ntt,88888000,
94c88347e42af75d1ba86798641c92c4830fae12fe725250c16e37cce35fa9bf,2024-08-22T13:56:44.340000,sent,kaspa:qr0n6hs7xxj5pe6e00vef02vq5epm67ft07ppjc3jjvw85ear68v6fpky9ntt,113140000,
94c88347e42af75d1ba86798641c92c4830fae12fe725250c16e37cce35fa9bf,2024-08-22T13:56:44.340000,sent,kaspa:qr0n6hs7xxj5pe6e00vef02vq5epm67ft07ppjc3jjvw85ear68v6fpky9ntt,113140000,
b424f191203e76a5ceefd77d6c35092ef42657904f1945e418639f6d17d2c793,2024-08-22T13:51:12.808000,received,kaspa:qr0n6hs7xxj5pe6e00vef02vq5epm67ft07ppjc3jjvw85ear68v6fpky9ntt,110000000,
b7ae6c5954b0604b294bfe55d74d81be79024ccd42391a98f85a6263852eadf7,2024-08-22T13:45:17.215000,received,kaspa:qr0n6hs7xxj5pe6e00vef02vq5epm67ft07ppjc3jjvw85ear68v6fpky9ntt,110000000,
5e9b39e9a2228c7994148a1a94bde88b761e1cfc2f12449503e70435fcd1fe6d,2024-08-22T13:36:49.711000,received,kaspa:qr0n6hs7xxj5pe6e00vef02vq5epm67ft07ppjc3jjvw85ear68v6fpky9ntt,110000000,
6f49fe90078b56cf1d61ce5b950cd9bcd6f429a64f21f47adad98fd7734aa8ce,2024-08-22T13:14:00.910000,sent,kaspa:qr5trheyg9m9x6t6ph063vq9h9t6u8w40vzd4h0hey554p2q6c6qw6raedq3p,1000000000,
6f49fe90078b56cf1d61ce5b950cd9bcd6f429a64f21f47adad98fd7734aa8ce,2024-08-22T13:14:00.910000,sent,kaspa:qr5trheyg9m9x6t6ph063vq9h9t6u8w40vzd4h0hey554p2q6c6qw6raedq3p,1000000000,
6f49fe90078b56cf1d61ce5b950cd9bcd6f429a64f21f47adad98fd7734aa8ce,2024-08-22T13:14:00.910000,sent,kaspa:qr5trheyg9m9x6t6ph063vq9h9t6u8w40vzd4h0hey554p2q6c6qw6raedq3p,1000000000,
6f49fe90078b56cf1d61ce5b950cd9bcd6f429a64f21f47adad98fd7734aa8ce,2024-08-22T13:14:00.910000,sent,kaspa:qr5trheyg9m9x6t6ph063vq9h9t6u8w40vzd4h0hey554p2q6c6qw6raedq3p,1000000000,
6f49fe90078b56cf1d61ce5b950cd9bcd6f429a64f21f47adad98fd7734aa8ce,2024-08-22T13:14:00.910000,sent,kaspa:qr5trheyg9m9x6t6ph063vq9h9t6u8w40vzd4h0hey554p2q6c6qw6raedq3p,1000000000,
6f49fe90078b56cf1d61ce5b950cd9bcd6f429a64f21f47adad98fd7734aa8ce,2024-08-22T13:14:00.910000,sent,kaspa:qr5trheyg9m9x6t6ph063vq9h9t6u8w40vzd4h0hey554p2q6c6qw6raedq3p,1000000000,
6f49fe90078b56cf1d61ce5b950cd9bcd6f429a64f21f47adad98fd7734aa8ce,2024-08-22T13:14:00.910000,sent,kaspa:qr5trheyg9m9x6t6ph063vq9h9t6u8w40vzd4h0hey554p2q6c6qw6raedq3p,1000000000,
6f49fe90078b56cf1d61ce5b950cd9bcd6f429a64f21f47adad98fd7734aa8ce,2024-08-22T13:14:00.910000,sent,kaspa:qr5trheyg9m9x6t6ph063vq9h9t6u8w40vzd4h0hey554p2q6c6qw6raedq3p,1000000000,
6f49fe90078b56cf1d61ce5b950cd9bcd6f429a64f21f47adad98fd7734aa8ce,2024-08-22T13:14:00.910000,sent,kaspa:qr5trheyg9m9x6t6ph063vq9h9t6u8w40vzd4h0hey554p2q6c6qw6raedq3p,1000000000,
f004f6762423d19151387de6e093aa11cccc4aa51d328d43210f4865e231c091,2024-08-22T11:02:04.736000,received,kaspa:qr0n6hs7xxj5pe6e00vef02vq5epm67ft07ppjc3jjvw85ear68v6fpky9ntt,110000000,
ee874e8a0b613226614e57bf4ab7a321279776f80480c0a67dab4292c67b5144,2024-08-22T03:10:35.966000,received,kaspa:qr0n6hs7xxj5pe6e00vef02vq5epm67ft07ppjc3jjvw85ear68v6fpky9ntt,100000000,
7ae12856e1f93abe463d27b75d1c51c16f1543fe434895c5b081cb609bc9ca09,2024-08-21T14:00:38.401000,received,kaspa:qr0n6hs7xxj5pe6e00vef02vq5epm67ft07ppjc3jjvw85ear68v6fpky9ntt,110000000,
a0cbfa61526a5ec83a3dea02773d996e0722919934344bcbc335bd97c52d37af,2024-08-20T13:22:25.216000,received,kaspa:qz84wvhwrdx7p4xjq9rqzqm9hzzg7kx7qql4874wyex39t7g86ls640lmjzmt,110000000,
a0cbfa61526a5ec83a3dea02773d996e0722919934344bcbc335bd97c52d37af,2024-08-20T13:22:25.216000,received,kaspa:qz84wvhwrdx7p4xjq9rqzqm9hzzg7kx7qql4874wyex39t7g86ls640lmjzmt,110000000,
1223f4e5a8db058ff87559659856a402483cba6d8c9ac1e839be32cfb54fffba,2024-08-20T02:31:29.469000,received,kaspa:qr0n6hs7xxj5pe6e00vef02vq5epm67ft07ppjc3jjvw85ear68v6fpky9ntt,110000000,
4207841010ea2e144d1401a030101d5caae8641e7b852ecc73c4d01eb94865c8,2024-08-17T07:13:36.378000,received,kaspa:qr0n6hs7xxj5pe6e00vef02vq5epm67ft07ppjc3jjvw85ear68v6fpky9ntt,110000000,
1b80562040204987edf43384db2f01e98f38b1ebb74f2224c02c1bdd3efe494b,2024-08-17T03:37:48.796000,received,kaspa:qr0n6hs7xxj5pe6e00vef02vq5epm67ft07ppjc3jjvw85ear68v6fpky9ntt,52013140,
31ac0eb6e721fdfa3a13193d8f531fce80fd3877150bfb1c05ae29157412541c,2024-08-17T03:37:29.587000,received,kaspa:qr0n6hs7xxj5pe6e00vef02vq5epm67ft07ppjc3jjvw85ear68v6fpky9ntt,52013140,
1c866489802ba3975c1c485cb5991aed1e0cc1a44029059c674f72202cf03199,2024-08-17T03:33:48.038000,received,kaspa:qr0n6hs7xxj5pe6e00vef02vq5epm67ft07ppjc3jjvw85ear68v6fpky9ntt,52013140,
f7cf3a5ccdc10439aeef4c29a23fbd21bf92a6fb32a9b1d7a6cf72397948a535,2024-08-15T15:21:40.736000,sent,kaspa:qzyc9ks0yjypheg35au6j5pp4vhpvajw33t44s238fpcf980htpq6jtdgtssf,314159265,
f7cf3a5ccdc10439aeef4c29a23fbd21bf92a6fb32a9b1d7a6cf72397948a535,2024-08-15T15:21:40.736000,sent,kaspa:qzyc9ks0yjypheg35au6j5pp4vhpvajw33t44s238fpcf980htpq6jtdgtssf,314159265,
f7cf3a5ccdc10439aeef4c29a23fbd21bf92a6fb32a9b1d7a6cf72397948a535,2024-08-15T15:21:40.736000,sent,kaspa:qzyc9ks0yjypheg35au6j5pp4vhpvajw33t44s238fpcf980htpq6jtdgtssf,314159265,
f7cf3a5ccdc10439aeef4c29a23fbd21bf92a6fb32a9b1d7a6cf72397948a535,2024-08-15T15:21:40.736000,sent,kaspa:qzyc9ks0yjypheg35au6j5pp4vhpvajw33t44s238fpcf980htpq6jtdgtssf,314159265,
082e74358af7c01c80def99e774b85e286bf3693018d7bec0263901cc395ca7a,2024-08-15T15:16:45.504000,sent,kaspa:qpkg3ju3qw3xsdz7ygr60sqramp9qpkc6x3crt2098l54nkhyxc8v09u8rla5,314159256,
082e74358af7c01c80def99e774b85e286bf3693018d7bec0263901cc395ca7a,2024-08-15T15:16:45.504000,sent,kaspa:qpkg3ju3qw3xsdz7ygr60sqramp9qpkc6x3crt2098l54nkhyxc8v09u8rla5,314159256,
85e2faaec0f699303d416ae7223a763976c481f6014b928f5e43f232f24c6511,2024-08-15T15:16:11.753000,sent,kaspa:qzsfyjunt5w3tl265ralvy8su88l6ckr63kmxz34lrv5khaf5nw9gspfd3cu2,314159256,
85e2faaec0f699303d416ae7223a763976c481f6014b928f5e43f232f24c6511,2024-08-15T15:16:11.753000,sent,kaspa:qzsfyjunt5w3tl265ralvy8su88l6ckr63kmxz34lrv5khaf5nw9gspfd3cu2,314159256,
03ef9198b60c6587d07933087150fe88641f452384e318c2ecccdb86085e9ac1,2024-08-15T15:12:03.303000,sent,kaspa:qqwvtp4p757xlru4l8tnglf7ns035qg29nh4qrlp2srw3qyjc9w5c6yug7vk7,314159265,
03ef9198b60c6587d07933087150fe88641f452384e318c2ecccdb86085e9ac1,2024-08-15T15:12:03.303000,sent,kaspa:qqwvtp4p757xlru4l8tnglf7ns035qg29nh4qrlp2srw3qyjc9w5c6yug7vk7,314159265,
419db1a6c0a7c1bc3879894415c22b1f565c1f8a51e57477751448b064efed2f,2024-08-15T15:06:54.134000,received,kaspa:qqae4a87efhp58ecnn6c4vru4l49dlm6uepuxnr9ysd6jd9knqvxztwzh3qh2,12345679,
65ad5e947934f59cc186fe50543ee7a6699b23e097aef1dc6ebf7089081faeec,2024-08-15T15:06:22.592000,sent,kaspa:qpu9xgfmgeu8zn60f39zeufgq8khj3vh8zw5px7pr4s77smcc96ccqwt0t7nw,314159265,
65ad5e947934f59cc186fe50543ee7a6699b23e097aef1dc6ebf7089081faeec,2024-08-15T15:06:22.592000,sent,kaspa:qpu9xgfmgeu8zn60f39zeufgq8khj3vh8zw5px7pr4s77smcc96ccqwt0t7nw,314159265,
01dd2b1f020a2a3518d9ef092af50b486d7d4475d542b2571899e6fa9edf14af,2024-08-15T15:00:36.473000,sent,kaspa:qzsfyjunt5w3tl265ralvy8su88l6ckr63kmxz34lrv5khaf5nw9gspfd3cu2,314159256,
01dd2b1f020a2a3518d9ef092af50b486d7d4475d542b2571899e6fa9edf14af,2024-08-15T15:00:36.473000,sent,kaspa:qzsfyjunt5w3tl265ralvy8su88l6ckr63kmxz34lrv5khaf5nw9gspfd3cu2,314159256,
01dd2b1f020a2a3518d9ef092af50b486d7d4475d542b2571899e6fa9edf14af,2024-08-15T15:00:36.473000,sent,kaspa:qzsfyjunt5w3tl265ralvy8su88l6ckr63kmxz34lrv5khaf5nw9gspfd3cu2,314159256,
1907e4e7cfb9f3216224d29f6170d227cd0d4dcca0199437bfb2fca55150eee9,2024-08-15T14:12:58.467000,received,kaspa:qr0n6hs7xxj5pe6e00vef02vq5epm67ft07ppjc3jjvw85ear68v6fpky9ntt,288000000,
4cf166e915136e498baa91097309c4734e9d8241bcf42040df8f118970899493,2024-08-15T14:11:47.930000,received,kaspa:qr0n6hs7xxj5pe6e00vef02vq5epm67ft07ppjc3jjvw85ear68v6fpky9ntt,288000000,
6a5f216b25db1036897f3714ec685236b93303fc2b8058a316b55c5839a6e598,2024-08-15T14:11:18.191000,received,kaspa:qr0n6hs7xxj5pe6e00vef02vq5epm67ft07ppjc3jjvw85ear68v6fpky9ntt,288000000,
99c714bf156853b43cb8fcc40d985153410d9d75b9955ebc62c61b9e1874205b,2024-08-15T14:09:05.027000,received,kaspa:qr0n6hs7xxj5pe6e00vef02vq5epm67ft07ppjc3jjvw85ear68v6fpky9ntt,288000000,
8834061f7cd509111cbe7af2fcb6bd137530472d2f4ecf011149a5da763e7ebe,2024-08-15T14:08:21.960000,received,kaspa:qr0n6hs7xxj5pe6e00vef02vq5epm67ft07ppjc3jjvw85ear68v6fpky9ntt,288000000,
4c222ac607bd65986462849dc492ee28ac3a114e1a5bbdb1aad4267d63a5d31d,2024-08-15T13:57:37.522000,received,kaspa:qr0n6hs7xxj5pe6e00vef02vq5epm67ft07ppjc3jjvw85ear68v6fpky9ntt,260000000,
d286e4502aa9ec3e67224cabdd9ede2b82dc0efbf264084b57d6a108415f1750,2024-08-15T13:57:13.827000,received,kaspa:qr0n6hs7xxj5pe6e00vef02vq5epm67ft07ppjc3jjvw85ear68v6fpky9ntt,260000000,
1f6c56ab2718ab35e38e881694f531270431b33237b6879e36ee38d899a1193b,2024-08-15T13:40:25.657000,received,kaspa:qr0n6hs7xxj5pe6e00vef02vq5epm67ft07ppjc3jjvw85ear68v6fpky9ntt,110000000,
a0e8f61203e469691e86be169dac55303a421496b549b5c38b91cf0280dc421e,2024-08-15T13:35:42.504000,received,kaspa:qr0n6hs7xxj5pe6e00vef02vq5epm67ft07ppjc3jjvw85ear68v6fpky9ntt,52013140,
04e646aa3e7ca49abbcc40ae2a1569a77fd530fda04e186d885968fc92252af3,2024-08-15T13:18:45.644000,received,kaspa:qpu9xgfmgeu8zn60f39zeufgq8khj3vh8zw5px7pr4s77smcc96ccqwt0t7nw,12345679,
90c555a4741d2ba51cb20772426f9e08c241805032ea8ada0efa6f9686d03d34,2024-08-15T05:16:21.688000,sent,kaspa:qrwu3xkvv7eg8s0x2ehrpjk9yz8jn9f4nlahyxvl6yvuhr7fd0k05647u0cvu,314159265,
90c555a4741d2ba51cb20772426f9e08c241805032ea8ada0efa6f9686d03d34,2024-08-15T05:16:21.688000,sent,kaspa:qrwu3xkvv7eg8s0x2ehrpjk9yz8jn9f4nlahyxvl6yvuhr7fd0k05647u0cvu,314159265,
90c555a4741d2ba51cb20772426f9e08c241805032ea8ada0efa6f9686d03d34,2024-08-15T05:16:21.688000,sent,kaspa:qrwu3xkvv7eg8s0x2ehrpjk9yz8jn9f4nlahyxvl6yvuhr7fd0k05647u0cvu,314159265,
90c555a4741d2ba51cb20772426f9e08c241805032ea8ada0efa6f9686d03d34,2024-08-15T05:16:21.688000,sent,kaspa:qrwu3xkvv7eg8s0x2ehrpjk9yz8jn9f4nlahyxvl6yvuhr7fd0k05647u0cvu,314159265,
1b81cfb9b52b61ee7dc73713447516febb1731a05c1a51cd0e164d2622947063,2024-08-14T15:58:13.493000,sent,kaspa:qqt874j85r5ga5av0q6tthj2tu89dfpchjmvjuvx5tyn2vpjjrhk7tcpsx2vu,314159265,
1b81cfb9b52b61ee7dc73713447516febb1731a05c1a51cd0e164d2622947063,2024-08-14T15:58:13.493000,sent,kaspa:qqt874j85r5ga5av0q6tthj2tu89dfpchjmvjuvx5tyn2vpjjrhk7tcpsx2vu,314159265,
1b81cfb9b52b61ee7dc73713447516febb1731a05c1a51cd0e164d2622947063,2024-08-14T15:58:13.493000,sent,kaspa:qqt874j85r5ga5av0q6tthj2tu89dfpchjmvjuvx5tyn2vpjjrhk7tcpsx2vu,314159265,
32f5e85054a090b3a3d5b5e230e028abf3fd91e80e96bfdd80b4f63cfa3de4cf,2024-08-14T15:55:02.654000,sent,kaspa:qqwvtp4p757xlru4l8tnglf7ns035qg29nh4qrlp2srw3qyjc9w5c6yug7vk7,94247780,
e5d941ed7f97d815a6462cd8b84d932d2125164524dc53ded9d87cc2fdcc06d4,2024-08-14T15:53:29.432000,sent,kaspa:qpwz398fgaldxq0x2gvun3g6sxwcv0a5hmuxfsu2jrlmz3nnk3q5gsqj5gpuq,31415927,
35decea796dbc474e071180dd7139766a84b9d311d540877e9d01a0b1bf34c10,2024-08-14T15:53:08.555000,sent,kaspa:qqkq86tl8lm7hyamnagu9w3xxm594rn2td0z9xdsauemp2xkh85t5d2qgpkyx,31415927,
5ad0990f03b734225e479f683e9080de1b784674a922b79deeb724d9c8cfcf23,2024-08-14T15:50:31.888000,received,kaspa:qq55s82zfmphy0ggt33fspk4r405ex0l22h39296m3vgty34u8r8g87e7kzth,372100000,
c7c592edfc2fae65afe5a8eb0007575d7c39afe1c9bc959b826e67ad2207efc2,2024-08-14T15:50:02.066000,received,kaspa:qr0n6hs7xxj5pe6e00vef02vq5epm67ft07ppjc3jjvw85ear68v6fpky9ntt,131452000,
85508a038e405ea4ac71069d10ed19d0b59e51bbe27fbf5c5fe95a7fbb14a043,2024-08-14T15:49:49.535000,received,kaspa:qr0n6hs7xxj5pe6e00vef02vq5epm67ft07ppjc3jjvw85ear68v6fpky9ntt,131452000,
55365de2ab7c344b0ea57de2ebb8f9b4d99fc1a99f763166dd49c95273e2a41c,2024-08-14T15:49:13.652000,sent,kaspa:qqkq86tl8lm7hyamnagu9w3xxm594rn2td0z9xdsauemp2xkh85t5d2qgpkyx,314159260,
55365de2ab7c344b0ea57de2ebb8f9b4d99fc1a99f763166dd49c95273e2a41c,2024-08-14T15:49:13.652000,sent,kaspa:qqkq86tl8lm7hyamnagu9w3xxm594rn2td0z9xdsauemp2xkh85t5d2qgpkyx,314159260,
a90059b31f9c1ba3dc952a0756e83b944f8d8042220458119455b07ccb20d1f2,2024-08-14T15:47:24.403000,sent,kaspa:qqfwwfha340ha2xlsf9eps6rmgnk42w8qpvf9g8ymk72yzsljydxx34lvhuhz,314159270,
a90059b31f9c1ba3dc952a0756e83b944f8d8042220458119455b07ccb20d1f2,2024-08-14T15:47:24.403000,sent,kaspa:qqfwwfha340ha2xlsf9eps6rmgnk42w8qpvf9g8ymk72yzsljydxx34lvhuhz,314159270,
a90059b31f9c1ba3dc952a0756e83b944f8d8042220458119455b07ccb20d1f2,2024-08-14T15:47:24.403000,sent,kaspa:qqfwwfha340ha2xlsf9eps6rmgnk42w8qpvf9g8ymk72yzsljydxx34lvhuhz,314159270,
9213610dc10ea89aefa85a82c284f4e41d6271b6b053ad39ab5a02f9c3796016,2024-08-14T15:45:58.423000,sent,kaspa:qr0n6hs7xxj5pe6e00vef02vq5epm67ft07ppjc3jjvw85ear68v6fpky9ntt,314150000,
9213610dc10ea89aefa85a82c284f4e41d6271b6b053ad39ab5a02f9c3796016,2024-08-14T15:45:58.423000,sent,kaspa:qr0n6hs7xxj5pe6e00vef02vq5epm67ft07ppjc3jjvw85ear68v6fpky9ntt,314150000,
9213610dc10ea89aefa85a82c284f4e41d6271b6b053ad39ab5a02f9c3796016,2024-08-14T15:45:58.423000,sent,kaspa:qr0n6hs7xxj5pe6e00vef02vq5epm67ft07ppjc3jjvw85ear68v6fpky9ntt,314150000,
df5a760723eb81330f1b9b3636a5caae80f33273d32a2746e80888ed7dffac8c,2024-08-14T15:40:32.690000,received,kaspa:qr0n6hs7xxj5pe6e00vef02vq5epm67ft07ppjc3jjvw85ear68v6fpky9ntt,280000000,
fec2ac004554b0ff60558afb82d902e89641cf9c8629143b0440d18c3d239191,2024-08-14T15:39:06.443000,received,kaspa:qr0n6hs7xxj5pe6e00vef02vq5epm67ft07ppjc3jjvw85ear68v6fpky9ntt,280000000,
4f3328df8f84b97e6f1dab6f7a659bcd557166daade8c12efedee3e539bb61d2,2024-08-14T15:33:33.448000,received,kaspa:qr0n6hs7xxj5pe6e00vef02vq5epm67ft07ppjc3jjvw85ear68v6fpky9ntt,168000000,
f9ac999712bfdab553a4f568e65cef02a6c33ec3960b491ca47148840fbb5cbc,2024-08-14T15:29:23.791000,received,kaspa:qr0n6hs7xxj5pe6e00vef02vq5epm67ft07ppjc3jjvw85ear68v6fpky9ntt,168000000,
4d2ff5c6edbbf54197a5b97a378a4eb7d3b3949d723a36d67196184eae465b1e,2024-08-14T15:27:44.548000,received,kaspa:qqwvtp4p757xlru4l8tnglf7ns035qg29nh4qrlp2srw3qyjc9w5c6yug7vk7,98765432,
df30849fa972bb54198a9c03c89256c45b79577f1840fb2a009fbed2d160fb2a,2024-08-14T15:27:39.312000,received,kaspa:qr0n6hs7xxj5pe6e00vef02vq5epm67ft07ppjc3jjvw85ear68v6fpky9ntt,168000000,
0d03ae506dedc13efeacc1fbd4d41e78b5bbb9f1e2b9a43c82f32225794e1c33,2024-08-14T15:11:18.888000,sent,kaspa:qqkqkzjvr7zwxxmjxjkmxxdwju9kjs6e9u82uh59z07vgaks6gg62v8707g73,110076594,
0d03ae506dedc13efeacc1fbd4d41e78b5bbb9f1e2b9a43c82f32225794e1c33,2024-08-14T15:11:18.888000,sent,kaspa:qqkqkzjvr7zwxxmjxjkmxxdwju9kjs6e9u82uh59z07vgaks6gg62v8707g73,110076594,
1d1f57a025ba1ad4e37fd12a9442fa5cd2229d9bbe764fd7f478c1edb905a169,2024-08-14T15:03:48.433000,received,kaspa:qzac2gsasq46xektzcy2z9wf7fcmkj95azm0xv43svjtssep8upxuvumf8qw9,110000000,
ad914ca23359c4c9d01dc52f3db55841546df879587a5d726342e62eed5aa5c2,2024-08-14T15:03:01.033000,received,kaspa:qzac2gsasq46xektzcy2z9wf7fcmkj95azm0xv43svjtssep8upxuvumf8qw9,110000000,
e964587ee07189d4cb2acc28d7a2f016c256330421f5195823a8742e136f14c9,2024-08-13T13:22:25.830000,sent,kaspa:qpu9xgfmgeu8zn60f39zeufgq8khj3vh8zw5px7pr4s77smcc96ccqwt0t7nw,20000000,
e964587ee07189d4cb2acc28d7a2f016c256330421f5195823a8742e136f14c9,2024-08-13T13:22:25.830000,sent,kaspa:qpu9xgfmgeu8zn60f39zeufgq8khj3vh8zw5px7pr4s77smcc96ccqwt0t7nw,20000000,
175965554bd5d7a660efae2add819b91501ef01d3308b5d9323c698fde236ef3,2024-08-13T09:04:39.202000,received,kaspa:qr0n6hs7xxj5pe6e00vef02vq5epm67ft07ppjc3jjvw85ear68v6fpky9ntt,110000000,
f2409592f936180a830e6911d3dbbb8543dabd80e48d63a29711599608c66c90,2024-08-12T08:54:28.914000,sent,kaspa:qqkqkzjvr7zwxxmjxjkmxxdwju9kjs6e9u82uh59z07vgaks6gg62v8707g73,112000000,
f2409592f936180a830e6911d3dbbb8543dabd80e48d63a29711599608c66c90,2024-08-12T08:54:28.914000,sent,kaspa:qqkqkzjvr7zwxxmjxjkmxxdwju9kjs6e9u82uh59z07vgaks6gg62v8707g73,112000000,
8e0225c4e7ecf6fd425e98899acb9eb285944870ae5761000b45f309dd676029,2024-08-12T08:38:10.611000,received,kaspa:qr0n6hs7xxj5pe6e00vef02vq5epm67ft07ppjc3jjvw85ear68v6fpky9ntt,110000000,
64d6a29a23276bfcf67eb21e1b16968aa897752e37aa938a69c0dc0980c741d2,2024-08-12T02:50:31.561000,sent,kaspa:qq3dlfmz8nu0e6jhwx2zduyzm4t4aqzlgnaspt4w55xq4cxzdye2s2tn6hutw,7020000000,
64d6a29a23276bfcf67eb21e1b16968aa897752e37aa938a69c0dc0980c741d2,2024-08-12T02:50:31.561000,sent,kaspa:qq3dlfmz8nu0e6jhwx2zduyzm4t4aqzlgnaspt4w55xq4cxzdye2s2tn6hutw,7020000000,
64d6a29a23276bfcf67eb21e1b16968aa897752e37aa938a69c0dc0980c741d2,2024-08-12T02:50:31.561000,sent,kaspa:qq3dlfmz8nu0e6jhwx2zduyzm4t4aqzlgnaspt4w55xq4cxzdye2s2tn6hutw,7020000000,
64d6a29a23276bfcf67eb21e1b16968aa897752e37aa938a69c0dc0980c741d2,2024-08-12T02:50:31.561000,sent,kaspa:qq3dlfmz8nu0e6jhwx2zduyzm4t4aqzlgnaspt4w55xq4cxzdye2s2tn6hutw,7020000000,
64d6a29a23276bfcf67eb21e1b16968aa897752e37aa938a69c0dc0980c741d2,2024-08-12T02:50:31.561000,sent,kaspa:qq3dlfmz8nu0e6jhwx2zduyzm4t4aqzlgnaspt4w55xq4cxzdye2s2tn6hutw,7020000000,
5c0a0dd81bfc43e9faa5646a9b885b68d7b59a5d58db4a967f62eb747b07e0b4,2024-08-11T08:11:28.465000,received,kaspa:qr0n6hs7xxj5pe6e00vef02vq5epm67ft07ppjc3jjvw85ear68v6fpky9ntt,110000000,
ea8076a2ff8db0a264ee874e20e149fe6c43f1a8da8522385dc15b0da6955d7b,2024-08-11T02:53:57.888000,received,kaspa:qqwvtp4p757xlru4l8tnglf7ns035qg29nh4qrlp2srw3qyjc9w5c6yug7vk7,110000000,
bfcd33d9f84893d9edcc8d56c13e37dd4594a8e4ef1ee02ca80090f8071e255d,2024-08-07T04:42:52.314000,received,kaspa:qr0n6hs7xxj5pe6e00vef02vq5epm67ft07ppjc3jjvw85ear68v6fpky9ntt,6600000000,
9c64776a6dc8760e3499904577821723f7cb612464510d0c9c432a5db51e5d21,2024-08-05T13:41:05.749000,received,kaspa:qr0n6hs7xxj5pe6e00vef02vq5epm67ft07ppjc3jjvw85ear68v6fpky9ntt,131000000,
8248a095fa9e9c9dbeafca9d0b94ead08a16263f3263353969e0ec28f6379454,2024-08-05T01:24:15.656000,sent,kaspa:qzl950ht425ncksypxgqjs5z7auhnyvf2ctd5wkjez653mp8630gkutust66u,3000000000,
8248a095fa9e9c9dbeafca9d0b94ead08a16263f3263353969e0ec28f6379454,2024-08-05T01:24:15.656000,sent,kaspa:qzl950ht425ncksypxgqjs5z7auhnyvf2ctd5wkjez653mp8630gkutust66u,3000000000,
8248a095fa9e9c9dbeafca9d0b94ead08a16263f3263353969e0ec28f6379454,2024-08-05T01:24:15.656000,sent,kaspa:qzl950ht425ncksypxgqjs5z7auhnyvf2ctd5wkjez653mp8630gkutust66u,3000000000,
8248a095fa9e9c9dbeafca9d0b94ead08a16263f3263353969e0ec28f6379454,2024-08-05T01:24:15.656000,sent,kaspa:qzl950ht425ncksypxgqjs5z7auhnyvf2ctd5wkjez653mp8630gkutust66u,3000000000,
8248a095fa9e9c9dbeafca9d0b94ead08a16263f3263353969e0ec28f6379454,2024-08-05T01:24:15.656000,sent,kaspa:qzl950ht425ncksypxgqjs5z7auhnyvf2ctd5wkjez653mp8630gkutust66u,3000000000,
8248a095fa9e9c9dbeafca9d0b94ead08a16263f3263353969e0ec28f6379454,2024-08-05T01:24:15.656000,sent,kaspa:qzl950ht425ncksypxgqjs5z7auhnyvf2ctd5wkjez653mp8630gkutust66u,3000000000,
8248a095fa9e9c9dbeafca9d0b94ead08a16263f3263353969e0ec28f6379454,2024-08-05T01:24:15.656000,sent,kaspa:qzl950ht425ncksypxgqjs5z7auhnyvf2ctd5wkjez653mp8630gkutust66u,3000000000,
8248a095fa9e9c9dbeafca9d0b94ead08a16263f3263353969e0ec28f6379454,2024-08-05T01:24:15.656000,sent,kaspa:qzl950ht425ncksypxgqjs5z7auhnyvf2ctd5wkjez653mp8630gkutust66u,3000000000,
8248a095fa9e9c9dbeafca9d0b94ead08a16263f3263353969e0ec28f6379454,2024-08-05T01:24:15.656000,sent,kaspa:qzl950ht425ncksypxgqjs5z7auhnyvf2ctd5wkjez653mp8630gkutust66u,3000000000,
8248a095fa9e9c9dbeafca9d0b94ead08a16263f3263353969e0ec28f6379454,2024-08-05T01:24:15.656000,sent,kaspa:qzl950ht425ncksypxgqjs5z7auhnyvf2ctd5wkjez653mp8630gkutust66u,3000000000,
8248a095fa9e9c9dbeafca9d0b94ead08a16263f3263353969e0ec28f6379454,2024-08-05T01:24:15.656000,sent,kaspa:qzl950ht425ncksypxgqjs5z7auhnyvf2ctd5wkjez653mp8630gkutust66u,3000000000,
5a2a8c7fe61f7c95429d8b7e7f43b2285dfe29ffae0f922fe24415a085d3c50e,2024-08-05T00:35:20.994000,received,kaspa:qr0n6hs7xxj5pe6e00vef02vq5epm67ft07ppjc3jjvw85ear68v6fpky9ntt,330000000,
f5e66dd73fc46b3b3c7e885d74d3510c4ad066f188d29ca893c3799332a63ef0,2024-08-02T15:48:07.746000,received,kaspa:qr0n6hs7xxj5pe6e00vef02vq5epm67ft07ppjc3jjvw85ear68v6fpky9ntt,330000000,
d925d1873db8b22e10353b9e027a79d44c6d03382455804a35a0738914193eed,2024-08-02T15:42:22.317000,received,kaspa:qr0n6hs7xxj5pe6e00vef02vq5epm67ft07ppjc3jjvw85ear68v6fpky9ntt,330000000,
078b37daa2403d2966f0737e07538f753b8e6b172480b1b7907e5156434caa90,2024-08-02T12:29:12.107000,received,kaspa:qr0n6hs7xxj5pe6e00vef02vq5epm67ft07ppjc3jjvw85ear68v6fpky9ntt,211111110,
c4ea36052325b5265f86afdf1326bf5a34edf7aac8a2f5b7dcdf5bb0b721e9ca,2024-08-01T04:08:53.169000,received,kaspa:qr0n6hs7xxj5pe6e00vef02vq5epm67ft07ppjc3jjvw85ear68v6fpky9ntt,220000000,
c2dc18127d2ce360808943b5e747ab7e2d1f26f2c2ab9f4e64f950d6a6345a1b,2024-07-31T16:25:06.716000,received,kaspa:qr0n6hs7xxj5pe6e00vef02vq5epm67ft07ppjc3jjvw85ear68v6fpky9ntt,220000000,
0d257770deb2b24604e4bb2e79441eed92a57e2457e1d7f9f990e43449a3dc51,2024-07-31T07:32:26.286000,received,kaspa:qqwvtp4p757xlru4l8tnglf7ns035qg29nh4qrlp2srw3qyjc9w5c6yug7vk7,110000000,
d4b02b62828017b3e73bd9d1a5fd7ed1e6ae7a03ed8bf9e755561e1893477fbf,2024-07-31T07:31:19.360000,received,kaspa:qqwvtp4p757xlru4l8tnglf7ns035qg29nh4qrlp2srw3qyjc9w5c6yug7vk7,110000000,
7a9a7b8ad384699af5aa7ae8dbc88f5f6ba9ee4d98a8051b11d22de45c480bbb,2024-07-28T12:09:48.947000,received,kaspa:qr0n6hs7xxj5pe6e00vef02vq5epm67ft07ppjc3jjvw85ear68v6fpky9ntt,110000000,
dca0a6ef080f9ca71322bb4b4607c5911d399b2c8f15b448fbec5959c98e3f00,2024-07-27T11:17:30.581000,received,kaspa:qr0n6hs7xxj5pe6e00vef02vq5epm67ft07ppjc3jjvw85ear68v6fpky9ntt,110000000,
98b4a71ffc2898b497e5fe2c6badc659705679fe5234880c887226e9b02a30e0,2024-07-24T08:18:42.630000,sent,kaspa:qqntktgkayltvympnsdcayex9nk0jz5p3q0s54y459ucww397g2e5f00l90n9,999995862,
98b4a71ffc2898b497e5fe2c6badc659705679fe5234880c887226e9b02a30e0,2024-07-24T08:18:42.630000,sent,kaspa:qqntktgkayltvympnsdcayex9nk0jz5p3q0s54y459ucww397g2e5f00l90n9,999995862,
98b4a71ffc2898b497e5fe2c6badc659705679fe5234880c887226e9b02a30e0,2024-07-24T08:18:42.630000,sent,kaspa:qqntktgkayltvympnsdcayex9nk0jz5p3q0s54y459ucww397g2e5f00l90n9,999995862,
98b4a71ffc2898b497e5fe2c6badc659705679fe5234880c887226e9b02a30e0,2024-07-24T08:18:42.630000,sent,kaspa:qqntktgkayltvympnsdcayex9nk0jz5p3q0s54y459ucww397g2e5f00l90n9,999995862,
98b4a71ffc2898b497e5fe2c6badc659705679fe5234880c887226e9b02a30e0,2024-07-24T08:18:42.630000,sent,kaspa:qqntktgkayltvympnsdcayex9nk0jz5p3q0s54y459ucww397g2e5f00l90n9,999995862,
98b4a71ffc2898b497e5fe2c6badc659705679fe5234880c887226e9b02a30e0,2024-07-24T08:18:42.630000,sent,kaspa:qqntktgkayltvympnsdcayex9nk0jz5p3q0s54y459ucww397g2e5f00l90n9,999995862,
d1bd30c647c1d8103bf86d9973e4f76ff1b0e2e39f4272c1978e6edba014d392,2024-07-24T08:17:30.348000,received,kaspa:qr0n6hs7xxj5pe6e00vef02vq5epm67ft07ppjc3jjvw85ear68v6fpky9ntt,999997931,
9ba07842b63abd5ceea065cafd51762763dee817356acf02f374ffc47584327e,2024-07-24T08:09:34.977000,sent,kaspa:qp07dnultxa4mn462en36lpte4rurl0ujj2uqywhjgz50z7k3p9wj6nm0c543,209983900,
48a0dd52cf53517c36d70fa8726e7a5a3f9a21649cf1a743633dbd8fc764d269,2024-07-24T07:53:25.372000,sent,kaspa:qr0n6hs7xxj5pe6e00vef02vq5epm67ft07ppjc3jjvw85ear68v6fpky9ntt,110000000,
4b28ff629ba5a336db267b21c61f4487759a781c82590718428b94486394a658,2024-07-23T08:23:41.656000,received,kaspa:qr0n6hs7xxj5pe6e00vef02vq5epm67ft07ppjc3jjvw85ear68v6fpky9ntt,660000000,
bbcf0111d165664be857ba93d849b1d84469b49bc1212a7c9ff74c2b7d308c6b,2024-07-23T08:20:27.458000,received,kaspa:qpu9xgfmgeu8zn60f39zeufgq8khj3vh8zw5px7pr4s77smcc96ccqwt0t7nw,100000000,
bbcf0111d165664be857ba93d849b1d84469b49bc1212a7c9ff74c2b7d308c6b,2024-07-23T08:20:27.458000,received,kaspa:qpu9xgfmgeu8zn60f39zeufgq8khj3vh8zw5px7pr4s77smcc96ccqwt0t7nw,100000000,
21eed3ba4768eb1ab5c81609591c52ee9fca0b19f5928f8856557f7f90e55e79,2024-07-23T03:41:32.138000,sent,kaspa:qqjulzc8rgysw7c3zma6gvdzek8c299qw7gcj5mzq7st6q48wsglw2n5k9lpz,110000000,
21eed3ba4768eb1ab5c81609591c52ee9fca0b19f5928f8856557f7f90e55e79,2024-07-23T03:41:32.138000,sent,kaspa:qqjulzc8rgysw7c3zma6gvdzek8c299qw7gcj5mzq7st6q48wsglw2n5k9lpz,110000000,
755959ca6764159fdf7c084d04ee0d6eed65af208295317f8b1a3ebda37dfd27,2024-07-23T03:40:01.748000,received,kaspa:qr0n6hs7xxj5pe6e00vef02vq5epm67ft07ppjc3jjvw85ear68v6fpky9ntt,330000000,
7ced2b9b796efed6b1459dafd3804817c8eea6009383809621f4c3a03b31af51,2024-07-23T03:39:28.842000,received,kaspa:qr0n6hs7xxj5pe6e00vef02vq5epm67ft07ppjc3jjvw85ear68v6fpky9ntt,220000000,
548ed20141461d5dab65a61fa22d3ba21d623d1462c0f61cc8d2384fb9a372d2,2024-07-23T03:38:40.813000,received,kaspa:qr0n6hs7xxj5pe6e00vef02vq5epm67ft07ppjc3jjvw85ear68v6fpky9ntt,110000000,
96f565bf288bb820bb5e3d0cadf12b0c1c30bcbb954ab7d8405dfcf355e7b396,2024-07-10T12:13:35.255000,sent,kaspa:qzaljhvuyha7vdrxqdu2nsqqxnhp8jwuf6xugsun2qje4ap4gn38zupf70022,220000000,
96f565bf288bb820bb5e3d0cadf12b0c1c30bcbb954ab7d8405dfcf355e7b396,2024-07-10T12:13:35.255000,sent,kaspa:qzaljhvuyha7vdrxqdu2nsqqxnhp8jwuf6xugsun2qje4ap4gn38zupf70022,220000000,
96f565bf288bb820bb5e3d0cadf12b0c1c30bcbb954ab7d8405dfcf355e7b396,2024-07-10T12:13:35.255000,sent,kaspa:qzaljhvuyha7vdrxqdu2nsqqxnhp8jwuf6xugsun2qje4ap4gn38zupf70022,220000000,
a8f86d29ecc7153dbfa67a4645beb6198cd596ce7cbab047b88bf083b4fed928,2024-07-10T11:56:12.300000,received,kaspa:qr0n6hs7xxj5pe6e00vef02vq5epm67ft07ppjc3jjvw85ear68v6fpky9ntt,110000000,
535a234bfb124b3e7942efc17b0f203137bb19f0a8fd782a566bbd9b3a0dcb0e,2024-07-10T11:54:57.069000,received,kaspa:qr0n6hs7xxj5pe6e00vef02vq5epm67ft07ppjc3jjvw85ear68v6fpky9ntt,110000000,
12acb8986961414e31b86b03a28e74a0b24b2e0e0ca2eb67d3f3c6efe9114678,2024-06-30T11:23:16.204000,sent,kaspa:qpfeayfytm2280363g0wjarkmnkmlc9nc3xy4cn2xesa8auv2ugwyuv6k8u20,5100000000,
12acb8986961414e31b86b03a28e74a0b24b2e0e0ca2eb67d3f3c6efe9114678,2024-06-30T11:23:16.204000,sent,kaspa:qpfeayfytm2280363g0wjarkmnkmlc9nc3xy4cn2xesa8auv2ugwyuv6k8u20,5100000000,
9ce286c85eda44b718331b2a083ee7735c1826ed0792f52a4c80345d5c90b705,2024-06-29T22:17:37.239000,received,kaspa:qrhwnw2rh2tgk9v0h26asw0f824lg9mkjrzy3nfpcakhcdgxh7t5gr0rh42f0,5000000000,
b0b3e26e9f51e5ce3884da83b287c4360ebae2d2c6102469870e7186c74f6604,2024-06-27T06:11:14.051000,sent,kaspa:qqquwvwpcu3trvlmfwr22qrwzc80lcxhlwjxa7tpzztf5qkygqypyskkkyyhv,1000000000,
b0b3e26e9f51e5ce3884da83b287c4360ebae2d2c6102469870e7186c74f6604,2024-06-27T06:11:14.051000,sent,kaspa:qqquwvwpcu3trvlmfwr22qrwzc80lcxhlwjxa7tpzztf5qkygqypyskkkyyhv,1000000000,
1d40553110d292a34496ba23eabc566fbef7728517bc7ac56ca383555e64e08f,2024-06-27T06:10:58.418000,received,kaspa:qrhwnw2rh2tgk9v0h26asw0f824lg9mkjrzy3nfpcakhcdgxh7t5gr0rh42f0,110000000,
1d40553110d292a34496ba23eabc566fbef7728517bc7ac56ca383555e64e08f,2024-06-27T06:10:58.418000,received,kaspa:qrhwnw2rh2tgk9v0h26asw0f824lg9mkjrzy3nfpcakhcdgxh7t5gr0rh42f0,110000000,
9b0a4b00f2464d870e39d7ba80a7097b57f3259eaff54303d5cf461b75463554,2024-06-27T06:08:23.906000,received,kaspa:qrhwnw2rh2tgk9v0h26asw0f824lg9mkjrzy3nfpcakhcdgxh7t5gr0rh42f0,1000000000,
0ba935c0c86b36b7e3b83af7941f5cd6b4b31814d54e0baeb7164279ce4c96f4,2024-06-25T03:42:59.246000,sent,kaspa:qrl3l3lmgt8xfzjj5cj9j84xm7ngup3uaaehv2jxcshwmszxgmdjv78j6v4h3,8000993793,
2b8ed56aac8dba1488165f1b1b51c848239a3a4da45d1108f73b85a129dc8cf5,2024-06-25T00:32:21.353000,sent,kaspa:qqquwvwpcu3trvlmfwr22qrwzc80lcxhlwjxa7tpzztf5qkygqypyskkkyyhv,999000000,
d1a89c3c2f5322cce6cee138617c7f3742fa67eec0a035e7326ae12bc22d96a6,2024-06-25T00:30:44.358000,sent,kaspa:qqquwvwpcu3trvlmfwr22qrwzc80lcxhlwjxa7tpzztf5qkygqypyskkkyyhv,909896780,
f259130d7f2fe08447ff627c6183261d1eccda1574f4660a45bad01023ffbba5,2024-06-25T00:29:37.430000,sent,kaspa:qpf0k6sd6k76p0sa8exwpfdtuek55548xntsz4ech7ln80sq4yyhkuv8752fe,190096780,
f259130d7f2fe08447ff627c6183261d1eccda1574f4660a45bad01023ffbba5,2024-06-25T00:29:37.430000,sent,kaspa:qpf0k6sd6k76p0sa8exwpfdtuek55548xntsz4ech7ln80sq4yyhkuv8752fe,190096780,
8753ddb8041737beacc3914bdecf6d5f3edaf8d5367ee49e2e014b877e2b7520,2024-06-24T18:24:06.630000,received,kaspa:qrhwnw2rh2tgk9v0h26asw0f824lg9mkjrzy3nfpcakhcdgxh7t5gr0rh42f0,10000000000,
a38d6c499eb1f41a6f346d5056d1c78a56ec8edf6a8d0335b51e4b4919b78089,2024-06-24T02:25:28.203000,sent,kaspa:qqquwvwpcu3trvlmfwr22qrwzc80lcxhlwjxa7tpzztf5qkygqypyskkkyyhv,1000000000,
a38d6c499eb1f41a6f346d5056d1c78a56ec8edf6a8d0335b51e4b4919b78089,2024-06-24T02:25:28.203000,sent,kaspa:qqquwvwpcu3trvlmfwr22qrwzc80lcxhlwjxa7tpzztf5qkygqypyskkkyyhv,1000000000,
d48c54f96ddfd14f26fa7ff9c8c7ca9968cd35d809efc7d245b1ee6c117888cc,2024-06-24T02:24:42.013000,received,kaspa:qrhwnw2rh2tgk9v0h26asw0f824lg9mkjrzy3nfpcakhcdgxh7t5gr0rh42f0,100000000,
5927a2a61230e6e84c5b888a2cbd1ea0dde762e76e5385ef5e560ab97d651235,2024-06-24T02:23:08.564000,received,kaspa:qrhwnw2rh2tgk9v0h26asw0f824lg9mkjrzy3nfpcakhcdgxh7t5gr0rh42f0,1000000000,
cb3174001df3ff2074a8d9a6e402067eab2e1646d384336489af5c52e99632ad,2024-06-23T13:49:56.371000,sent,kaspa:qqquwvwpcu3trvlmfwr22qrwzc80lcxhlwjxa7tpzztf5qkygqypyskkkyyhv,9989422,
c72914e45a30da6ae6013a45573cbdee31ab245adf1e887c44eb08074387cb40,2024-06-23T10:22:02.954000,sent,kaspa:qrl3l3lmgt8xfzjj5cj9j84xm7ngup3uaaehv2jxcshwmszxgmdjv78j6v4h3,1000000000,
c72914e45a30da6ae6013a45573cbdee31ab245adf1e887c44eb08074387cb40,2024-06-23T10:22:02.954000,sent,kaspa:qrl3l3lmgt8xfzjj5cj9j84xm7ngup3uaaehv2jxcshwmszxgmdjv78j6v4h3,1000000000,
afaa75b60fb5b3d661f6ae5622ef26f22eb0733c7a2e3efcdaff0f163bdfb883,2024-06-23T02:44:15.169000,received,kaspa:qrhwnw2rh2tgk9v0h26asw0f824lg9mkjrzy3nfpcakhcdgxh7t5gr0rh42f0,1000000000,
afaa75b60fb5b3d661f6ae5622ef26f22eb0733c7a2e3efcdaff0f163bdfb883,2024-06-23T02:44:15.169000,received,kaspa:qrhwnw2rh2tgk9v0h26asw0f824lg9mkjrzy3nfpcakhcdgxh7t5gr0rh42f0,1000000000,
e95d57b7c8d29e7f1e6c6b52f3c3a4d01f0ad23c632723685dbad270007d8b2d,2024-06-19T04:48:33.939000,sent,kaspa:qrl3l3lmgt8xfzjj5cj9j84xm7ngup3uaaehv2jxcshwmszxgmdjv78j6v4h3,190000000,
e95d57b7c8d29e7f1e6c6b52f3c3a4d01f0ad23c632723685dbad270007d8b2d,2024-06-19T04:48:33.939000,sent,kaspa:qrl3l3lmgt8xfzjj5cj9j84xm7ngup3uaaehv2jxcshwmszxgmdjv78j6v4h3,190000000,
9b9c047ecfc7f8622aeccb361e59013ce9a8d43cd25a68dd5be52fa0708bba1b,2024-06-19T04:25:35.081000,received,kaspa:qr0n6hs7xxj5pe6e00vef02vq5epm67ft07ppjc3jjvw85ear68v6fpky9ntt,100000000,
bfac220b39106b34b56c00551032702be216daee48e516f46466c04501bad183,2024-06-08T01:37:09.543000,sent,kaspa:qqg68rk7sh3l4pvh4hagz3g84kc2rjdn3f0cz48u7l0epkv73yafu9ln385n8,900000000,
314a3125edee0c321159d8eb40ca05d1d435f79081e8180259b895cc9afcc3ab,2024-06-04T02:58:03.523000,received,kaspa:qqnjh3unxyyvz7h3t5y9vpv8tslknzkkufy8an6jkfmckzxtlfl05cu22urzq,1000000000,
8a1eddd452d8a74189fbd985cee5af2e8ac2c275ffebc5f8078d8797e55d83b0,2024-06-03T11:56:33.203000,sent,kaspa:qqh0qpwkgr69cemk755a6av9t53g799ys45hwztv20e2sdktfrllv8ysmu83f,99992322,
72dcc0fe8c3baf4bb0a86b35fc8632728d6b20c17aae2b0f586cf6965654073e,2024-04-11T11:49:21.271000,sent,kaspa:qr4r8jtskarpwqnehmeetutsyn6g9nc37enyxyatvwh6ln6x69xhsge6ruu8q,5000000000,
72dcc0fe8c3baf4bb0a86b35fc8632728d6b20c17aae2b0f586cf6965654073e,2024-04-11T11:49:21.271000,sent,kaspa:qr4r8jtskarpwqnehmeetutsyn6g9nc37enyxyatvwh6ln6x69xhsge6ruu8q,5000000000,
debaa19a3cc14e76db733af974227eacc9eed1247d8f465b4dfe4ac91ba6067e,2024-04-11T11:41:29.554000,received,kaspa:qr2kmhd66s2xfsg7r40xu9wmmfv4fc56et8rd8n3krcwj3nh9zq26zg0qx5ln,5000000000,
f4d17823bdc84afaf21f317048b088de6e83bbd47a7483aa9c68e3667dd4744d,2024-03-20T11:25:29.680000,sent,kaspa:qr4r8jtskarpwqnehmeetutsyn6g9nc37enyxyatvwh6ln6x69xhsge6ruu8q,19900000000,
f4d17823bdc84afaf21f317048b088de6e83bbd47a7483aa9c68e3667dd4744d,2024-03-20T11:25:29.680000,sent,kaspa:qr4r8jtskarpwqnehmeetutsyn6g9nc37enyxyatvwh6ln6x69xhsge6ruu8q,19900000000,
fbd8b26c9c65f0f89f6bef84f34ea1474e5ee203ebce1d65019828e0c34dca07,2024-03-18T18:05:31.386000,received,kaspa:qrhwnw2rh2tgk9v0h26asw0f824lg9mkjrzy3nfpcakhcdgxh7t5gr0rh42f0,20000000000,
fbd8b26c9c65f0f89f6bef84f34ea1474e5ee203ebce1d65019828e0c34dca07,2024-03-18T18:05:31.386000,received,kaspa:qrhwnw2rh2tgk9v0h26asw0f824lg9mkjrzy3nfpcakhcdgxh7t5gr0rh42f0,20000000000,
fbd8b26c9c65f0f89f6bef84f34ea1474e5ee203ebce1d65019828e0c34dca07,2024-03-18T18:05:31.386000,received,kaspa:qrhwnw2rh2tgk9v0h26asw0f824lg9mkjrzy3nfpcakhcdgxh7t5gr0rh42f0,20000000000,
8e297aef7500f97249d5372669248976e02fdc2118623257e7bb9804d7ae8816,2024-02-18T14:01:31.293000,sent,kaspa:qzzzastg0ul2zc4srjmfsm6d5t4cc7r5h5nnmp9ewrqk8hy9xp035c0cpsq8c,9999997100,
bd3d657f3f47bfc95fdfb4ac7a73d445ea3693ee09e957dd50df3a6850ef379c,2024-02-16T03:05:19.930000,received,kaspa:qrhwnw2rh2tgk9v0h26asw0f824lg9mkjrzy3nfpcakhcdgxh7t5gr0rh42f0,10000000000,
bd3d657f3f47bfc95fdfb4ac7a73d445ea3693ee09e957dd50df3a6850ef379c,2024-02-16T03:05:19.930000,received,kaspa:qrhwnw2rh2tgk9v0h26asw0f824lg9mkjrzy3nfpcakhcdgxh7t5gr0rh42f0,10000000000,
0749ba6382576d1b31603f97e85fa4d1c610544195a9db259b3b1e70661074f5,2024-02-09T13:45:22.669000,sent,kaspa:qrm7cecncwt27p0xrpftfpwg4ug0wzvzqn6mntzwgjrm6vxs94255hejjswsx,19999998600,
0749ba6382576d1b31603f97e85fa4d1c610544195a9db259b3b1e70661074f5,2024-02-09T13:45:22.669000,sent,kaspa:qrm7cecncwt27p0xrpftfpwg4ug0wzvzqn6mntzwgjrm6vxs94255hejjswsx,19999998600,
0749ba6382576d1b31603f97e85fa4d1c610544195a9db259b3b1e70661074f5,2024-02-09T13:45:22.669000,sent,kaspa:qrm7cecncwt27p0xrpftfpwg4ug0wzvzqn6mntzwgjrm6vxs94255hejjswsx,19999998600,
12579f18524b08585fda46845af7bfdf9832f1ec8919fd3b57ade5ccff41a06e,2024-02-09T11:56:30.204000,received,kaspa:qrhwnw2rh2tgk9v0h26asw0f824lg9mkjrzy3nfpcakhcdgxh7t5gr0rh42f0,10000000000,
12579f18524b08585fda46845af7bfdf9832f1ec8919fd3b57ade5ccff41a06e,2024-02-09T11:56:30.204000,received,kaspa:qrhwnw2rh2tgk9v0h26asw0f824lg9mkjrzy3nfpcakhcdgxh7t5gr0rh42f0,10000000000,
ca46ce7d442d7e9636ba379d2774aad86d7bba111f37dc11880c38b3c8000ee3,2024-02-03T07:29:07.734000,received,kaspa:qrhwnw2rh2tgk9v0h26asw0f824lg9mkjrzy3nfpcakhcdgxh7t5gr0rh42f0,10000000000,
57365cd9933b1c471d12733665f032105af0cbf850f93034366ec197160cea8f,2023-12-19T09:15:10.165000,sent,kaspa:qqhcgzff6ehsru2mvhqqlj2tsdr3vxe4e34y28c6rcghq84hdkzmv6ek5q30m,10999970000,
57365cd9933b1c471d12733665f032105af0cbf850f93034366ec197160cea8f,2023-12-19T09:15:10.165000,sent,kaspa:qqhcgzff6ehsru2mvhqqlj2tsdr3vxe4e34y28c6rcghq84hdkzmv6ek5q30m,10999970000,
57365cd9933b1c471d12733665f032105af0cbf850f93034366ec197160cea8f,2023-12-19T09:15:10.165000,sent,kaspa:qqhcgzff6ehsru2mvhqqlj2tsdr3vxe4e34y28c6rcghq84hdkzmv6ek5q30m,10999970000,
57365cd9933b1c471d12733665f032105af0cbf850f93034366ec197160cea8f,2023-12-19T09:15:10.165000,sent,kaspa:qqhcgzff6ehsru2mvhqqlj2tsdr3vxe4e34y28c6rcghq84hdkzmv6ek5q30m,10999970000,
57365cd9933b1c471d12733665f032105af0cbf850f93034366ec197160cea8f,2023-12-19T09:15:10.165000,sent,kaspa:qqhcgzff6ehsru2mvhqqlj2tsdr3vxe4e34y28c6rcghq84hdkzmv6ek5q30m,10999970000,
d7b75e42bcc02ed1f1c2b41d98e3da54b64e16aa713159c512b38caedf325e80,2023-12-19T08:46:08.813000,received,kaspa:qzgudv6napv69z88zd6k6c5mz9ax2px3u5h2pat36t09tm7gff447gn8w8x8k,99987931,
b45e7b5cf0ceebb74aa8d6f29562b8db273011735bbd9a1f511b47f5a90ed740,2023-12-11T06:22:53.855000,received,kaspa:qq5v6n55hmxnah4n8ujvdcj842vuv8we0s5hh9lg69msgl9g86u96cz8f7hv7,99990000,
27b8a75a1d13ec768716a142c7bed16cfaa09247671de1a0ae2c658b7273d54c,2023-12-11T06:15:50.891000,sent,kaspa:qq5v6n55hmxnah4n8ujvdcj842vuv8we0s5hh9lg69msgl9g86u96cz8f7hv7,100000000,
5c65dba8922185feca318fe5c7f146a81ebae34c2d02d7f376aec559626b405a,2023-12-10T15:36:12.688000,sent,kaspa:qz7c0h7fwgjle8hay850ml84h84xrramk8qs57ngna4yju209rnpukcapt756,71000000,
58064dd69de9743974363379a1c36611f6154c88cd588d4c8969ddf0228d27e3,2023-12-07T09:36:38.835000,received,kaspa:qypxh795z50lqe9u3fqnmlwyw7fjgw5xsd0ey6ltg0t3qwvhfpuqakgrgux5h9d,171000000,
c9239c1829e3b65a4a6e389363e09089133eca311e353f873f661de08f70a8c4,2023-11-30T14:32:31.505000,received,kaspa:qrhwnw2rh2tgk9v0h26asw0f824lg9mkjrzy3nfpcakhcdgxh7t5gr0rh42f0,10000000000,
c9239c1829e3b65a4a6e389363e09089133eca311e353f873f661de08f70a8c4,2023-11-30T14:32:31.505000,received,kaspa:qrhwnw2rh2tgk9v0h26asw0f824lg9mkjrzy3nfpcakhcdgxh7t5gr0rh42f0,10000000000,
62c58b0a33deccdb09967a3738bfd36e86797dd33df2281739027110cc9476b1,2023-11-18T16:14:07.010000,sent,kaspa:qqfkuxs7qpcykg4xc386skgue9xzgyufe6u7wluvk8jtvnmtfwz0xfwysz3xp,99990000,
e64ad854c0cc75dbcc4700bc2570b6f340c707f3ef14a33f36de33fe2263079c,2023-11-18T04:53:13.464000,sent,kaspa:precqv0krj3r6uyyfa36ga7s0u9jct0v4wg8ctsfde2gkrsgwgw8jgxfzfc98,81997920,
7eca5a06df1fe5ae64d4a227f70d21cbb2cfdac695f9be166f0eb3eada15c27e,2023-11-17T15:36:53.254000,sent,kaspa:qyp0mhyplf5r9lt9xcwkejwct5fndy7j570xp6t9jj086hqsuc49k3cpgxnh5zt,18000000,
50c2a2bcdf1f21aa7273e09bc97b2fe0d0abefcec5d670384a7874c7095d782d,2023-11-14T14:32:37.240000,received,kaspa:qrhwnw2rh2tgk9v0h26asw0f824lg9mkjrzy3nfpcakhcdgxh7t5gr0rh42f0,1000000000,
50c2a2bcdf1f21aa7273e09bc97b2fe0d0abefcec5d670384a7874c7095d782d,2023-11-14T14:32:37.240000,received,kaspa:qrhwnw2rh2tgk9v0h26asw0f824lg9mkjrzy3nfpcakhcdgxh7t5gr0rh42f0,1000000000,
