tx_id,timestamp,direction,peer_address,amount_sompi,cex_label
8b2129f2e417280fa571891e913e73ffceab5a4c81f1f04eba5840a491f13095,2023-12-16T04:11:14.762000,sent,kaspa:qzslgwenzu78t6tldlng383g7ruu4enaljmnkgaulyrscjp7ldt26x8gfxck5,171940000,
8b2129f2e417280fa571891e913e73ffceab5a4c81f1f04eba5840a491f13095,2023-12-16T04:11:14.762000,sent,kaspa:qzslgwenzu78t6tldlng383g7ruu4enaljmnkgaulyrscjp7ldt26x8gfxck5,171940000,
c635b032b4cf937f9ef1043cbd20e59224101740eda32903421a307d74afdfe5,2023-12-12T08:35:36.019000,received,kaspa:qypswxtcrv4ssyjaswy5w9387vq73mkuyq85tl34cee6qn5uexqy0csgnafnjx7,171000000,
9057f68efa5596a4e12b4d716814cfec994597efbe30364741caed088bf0e10d,2023-11-28T11:25:01.706000,sent,kaspa:qypg295vw5l8hltpc6xg6eua67ng30g5smfxa7ys5ed5g50cpcq894smsrcgmdt,18000000,
b9a95e52a03814dd177c612fb7ae568846cc03a1dbb7c54763c077de77c1b4ec,2023-11-27T10:14:21.072000,received,kaspa:qqu3y9zclllm6ldy3fkthve4f96p2xez7c28fya96vp3kh34ulnvy8fldmvve,19000000,
