tx_id,timestamp,direction,peer_address,amount_sompi,cex_label
082cc9734620b3be545fa99783c004c13b0e5280c87caa6c39d8809f90cf240c,2023-12-13T08:43:42.379000,sent,kaspa:qqh06puhtgsu5utuakvv88ewhppn4dtp0k4a2df0xxga6ytg5p7vzcs0tuml5,14363160000,
c8d73cc794d80f86d90a967d4fd938e9d9c1cd458ea9fe64d94c399c975bdc32,2023-12-12T12:16:57.911000,received,kaspa:qypswxtcrv4ssyjaswy5w9387vq73mkuyq85tl34cee6qn5uexqy0csgnafnjx7,171000000,
30680670632da13b44559fc721da0da4bb675f2845bf043d494461ad6aad61ca,2023-11-28T16:53:45.462000,sent,kaspa:qyphgzz8pw0vy3xalsgjrpk50xdcts6gulgk3llser5744jml5k4m5cwhjfdwhm,18000000,
30680670632da13b44559fc721da0da4bb675f2845bf043d494461ad6aad61ca,2023-11-28T16:53:45.462000,sent,kaspa:qp0kzl38n2nv8aetld2znrxv59y6hk4wa269npdpxgf9pdy59egz66sstzucl,2777020000,
73e78a04c1eb64b09daa735a12b40666c775161c38308e1bf867765f1c9b576f,2023-11-28T16:45:23.924000,received,kaspa:qpr582y3j6n2zac2nvxlzv5tecpl8a3tyn4maj3c0s9lp9ylaaa8ks2kqy4kf,2795030000,
