tx_id,timestamp,direction,peer_address,amount_sompi,cex_label
8d792a47d9ab21fa270ee1cc0eafe609ece689e5eaaa2057236060f3ac37b8e6,2023-12-16T04:25:45.830000,sent,kaspa:qzslgwenzu78t6tldlng383g7ruu4enaljmnkgaulyrscjp7ldt26x8gfxck5,171940000,
8d792a47d9ab21fa270ee1cc0eafe609ece689e5eaaa2057236060f3ac37b8e6,2023-12-16T04:25:45.830000,sent,kaspa:qzslgwenzu78t6tldlng383g7ruu4enaljmnkgaulyrscjp7ldt26x8gfxck5,171940000,
017f5e53d6983419ed752f5417d00ac8df2938441de14c49cbe65a3ddbf3ad1f,2023-12-12T11:01:29.610000,received,kaspa:qypswxtcrv4ssyjaswy5w9387vq73mkuyq85tl34cee6qn5uexqy0csgnafnjx7,171000000,
6420b2b13eb220a75e26afb131fdd2909dc6a28a28c25de1d0e14041c9e41756,2023-11-28T15:17:09.316000,sent,kaspa:qyptmvle3e5kdjryyffq30mgp568ex2h4pqr2zw877epsfrsjmwq9jsphds8f0j,18000000,
8e60cc62931cf92cb66a5b8d6f865b786568720afb25b1eb14f868ab616c5661,2023-11-27T21:35:45.553000,received,kaspa:qzggq9ds6xs7x9t3mxufu45te89sadcut2jre2pedc3llas0z8xxs36wcnlup,19000000,
