tx_id,timestamp,direction,peer_address,amount_sompi,cex_label
7e3f180fc22ed1477e2332f62c1e7cde51c50a684e47abf5beadb63f2191283a,2024-02-17T10:21:10.750000,sent,kaspa:qqsslpr5gst3y2s87k402r9yt7ajmak63vkgmathj8ys5qx4273jg40nngrd2,172980000,
7e3f180fc22ed1477e2332f62c1e7cde51c50a684e47abf5beadb63f2191283a,2024-02-17T10:21:10.750000,sent,kaspa:qqsslpr5gst3y2s87k402r9yt7ajmak63vkgmathj8ys5qx4273jg40nngrd2,172980000,
7a2b60e25ca4d3fa4e664460beba17c6cc410b005dd97d7500311b1968943825,2023-12-12T14:42:36.662000,received,kaspa:qypswxtcrv4ssyjaswy5w9387vq73mkuyq85tl34cee6qn5uexqy0csgnafnjx7,171000000,
8186d1c89d13e87906af9499b3babaeeb56cd8064f8af2c14af876ca564efee5,2023-11-29T00:24:33.035000,sent,kaspa:qypn6jka43utxwyy9rjsku63ea3tuy0gs766yhk36f28c8atxyapy4cjfjtdfxq,18000000,
7fc759b6527804db132b9977116d07e2f49bcb0849f9dfcbe6726c4996144a63,2023-11-27T05:15:26.138000,received,kaspa:qyp9pslfu0q8wn2h0psl2k0dnexe5n68ydj72dl76ws6xslaxp475zgp2323uud,20000000,
