tx_id,timestamp,direction,peer_address,amount_sompi,cex_label
cdd892c48e1a7c558e8e3ef8eecbccc90d678667f453cca66efca485625c8df9,2023-12-16T04:54:46.545000,sent,kaspa:qzslgwenzu78t6tldlng383g7ruu4enaljmnkgaulyrscjp7ldt26x8gfxck5,171940000,
cdd892c48e1a7c558e8e3ef8eecbccc90d678667f453cca66efca485625c8df9,2023-12-16T04:54:46.545000,sent,kaspa:qzslgwenzu78t6tldlng383g7ruu4enaljmnkgaulyrscjp7ldt26x8gfxck5,171940000,
36bfc26d70a60f98749b83d4562e71067d565283e04aed2a936f9519794690db,2023-12-12T20:53:27.211000,received,kaspa:qypswxtcrv4ssyjaswy5w9387vq73mkuyq85tl34cee6qn5uexqy0csgnafnjx7,171000000,
2120c129d8672fe8406eab17633f0e9363696aede76ad3fa22ee8465265092fc,2023-11-29T11:36:30.407000,sent,kaspa:qyp20c4pa0zwnk75mm7h83gat93naxx3tplv0sa803lezp7nx76y4pst6knfvt6,18000000,
bdc09a6d29a7d3769e5638f16141c30482d9755afb7f600bd7ed8c4dcb17ac1c,2023-11-29T06:40:17.045000,received,kaspa:qpelmscywk22ut5c7zmwt0vu96jveg9mwrdcwcx644t0yj9efvkl7kek7gc24,19000000,
