tx_id,timestamp,direction,peer_address,amount_sompi,cex_label
4338e74ac7abfcf5573ee908195a4c11b732b6885403e74e5f796aed94da6464,2023-12-16T04:12:09.335000,sent,kaspa:qzslgwenzu78t6tldlng383g7ruu4enaljmnkgaulyrscjp7ldt26x8gfxck5,171940000,
4338e74ac7abfcf5573ee908195a4c11b732b6885403e74e5f796aed94da6464,2023-12-16T04:12:09.335000,sent,kaspa:qzslgwenzu78t6tldlng383g7ruu4enaljmnkgaulyrscjp7ldt26x8gfxck5,171940000,
cf649df342adb0442d1b231ac4a6e974cdd8cf232382e56ed806ac9c2885a1d2,2023-12-12T08:56:47.570000,received,kaspa:qypswxtcrv4ssyjaswy5w9387vq73mkuyq85tl34cee6qn5uexqy0csgnafnjx7,171000000,
27eadd3954c01ef4f5572432995583b7cff64b1c8a1291fbf91718568e8c1fc1,2023-11-28T11:51:15.644000,sent,kaspa:qypja6xpp8xjrqqeyhztgd9cdfner3nm7anxm6cx6l4ja6lzrtw2wlsujgc3pz3,18000000,
6a0110a21cdfc231bc9b9fe52e5191c3d3990809743541c3373b65cd510e7d87,2023-11-27T10:25:14.248000,received,kaspa:qqxrda0n7wx2zyhkxu2gx3hc5mraf7l7h90szkz8vrs4sa9cf0hvc6ysg6shy,19000000,
