tx_id,timestamp,direction,peer_address,amount_sompi,cex_label
0d7170a83120a8ff07450702205e85856a5f5c8e09cfd03480ce975162be0394,2023-12-20T14:55:07.641000,sent,kaspa:qrkaxvl2tw6pq6zx9xrr9lqnt9x72upf0hsrp3cvgcmfz77m50ycua35nz200,172970000,
0d7170a83120a8ff07450702205e85856a5f5c8e09cfd03480ce975162be0394,2023-12-20T14:55:07.641000,sent,kaspa:qrkaxvl2tw6pq6zx9xrr9lqnt9x72upf0hsrp3cvgcmfz77m50ycua35nz200,172970000,
86031d8259bdb9c333c872ce65c8b98ca0e6e042710d0ca716fe10f4222ffae9,2023-12-12T17:46:39.226000,received,kaspa:qypswxtcrv4ssyjaswy5w9387vq73mkuyq85tl34cee6qn5uexqy0csgnafnjx7,171000000,
16f193eaac522a12f26ef9355c346cd850b0d391ae5f7c29b07309651bacd877,2023-11-29T06:16:23.969000,sent,kaspa:qyp5ksz2k4ysmguy89nv85ahumknknyutpg95vj99f6q7e3ap2fdhhgyhsh6fwa,18000000,
3efbf965aa594a70dc593d6b4053a70b7d842cf85d20107b625821d2054c53f0,2023-11-28T09:41:33.925000,received,kaspa:qqv3cz0y2wvauf8aw2lxdamvdslurg9ahzhplmzjze05x2ne0wnlcv3m25cf5,20000000,
