tx_id,timestamp,direction,peer_address,amount_sompi,cex_label
31a8e9581813a6ab8d57f58ad32ed0182e4a0cea2741f066b47346a57a84fd68,2024-02-17T09:22:31.460000,sent,kaspa:qqd463qjk795l7x06el7qjdh4hjtprah8mtnxx8exg8wz43fla4djkghheu25,172980000,
31a8e9581813a6ab8d57f58ad32ed0182e4a0cea2741f066b47346a57a84fd68,2024-02-17T09:22:31.460000,sent,kaspa:qqd463qjk795l7x06el7qjdh4hjtprah8mtnxx8exg8wz43fla4djkghheu25,172980000,
1992fb76e674c28fca1407ab657da11fd1f0b6745b96f6b7a35d3ef6dc67b8a2,2023-12-12T15:04:42.533000,received,kaspa:qypswxtcrv4ssyjaswy5w9387vq73mkuyq85tl34cee6qn5uexqy0csgnafnjx7,171000000,
f59c8818454ebccc762dfe6d3e7c8f9712c7626d6cf4ef9df95fdf0b2e2e0d50,2023-11-29T01:22:29.936000,sent,kaspa:qypg89zdfz759j6tdrvjfdyxvy34a652jwtcexrxxmaw0me74xhf5rs28urvz7d,18000000,
57168b471bdfc51af5abcaae70dda984863597656f48e6c43fbcc2c1d882069f,2023-11-26T10:38:25.326000,received,kaspa:qypwcme2wrftxsx5v9j6gtqcdt6lekdmlgny7uy2c65g58usa2pknqch006uh92,20000000,
