tx_id,timestamp,direction,peer_address,amount_sompi,cex_label
7066cb2a664ade8dcea61e1b37edaafad1629b5793bf35af972b28b05119ba02,2024-10-10T08:30:33.862000,sent,kaspa:qryxxqlsz5gtnw2smqhgm09ak8smtwa5k9v3zpq7l2c0xkllzv8wq9upypan5,87999120000,
cf135cd7cd7ffcd4d6f73a5dc5940c90872197dc10ad59cf45470016c3b0b7f6,2024-03-07T23:17:38.391000,sent,kaspa:qzf976wpjdqzxp4dwwre90z7z94jyrt3rpmuk8nnc4ggsywefnhfwpa0nhnd6,650424724054,
75f25298367ba0644b65e2f772b75d8d8e4062eb274921f1993c735a64886c16,2023-02-05T21:17:18.840000,sent,kaspa:qrs5fdkfzhly8tv4h2tsse50ntw25pnzj2mxgreppj2qptpeuaqgzuqeml6y8,7670752582908,
3cb316c74cbae7e214617b99e8c6bff2d8668f1642281b2fc7f7bb8b3ba2213d,2022-11-14T09:43:24.443000,sent,kaspa:qzr8yxhwxsg24p0pxrmmldskucls009nuwuq2el9nfkuj96wpndvvqx6z090q,28793318400000,
3cb316c74cbae7e214617b99e8c6bff2d8668f1642281b2fc7f7bb8b3ba2213d,2022-11-14T09:43:24.443000,sent,kaspa:qruh6p5eudm280ghl5h9hautrvcehnrmsdmq4nc5pln7w5dvkt48gjgedxjfl,647273325393,
81ba76fd3c2737c8a9a964b6605fd9923e41c15a3951de7fe3723afe1a0dad54,2022-11-13T05:27:24.036000,sent,kaspa:qqres485kyrnx97rdj9eltqzkgk5ht7s8vwj33hgfusm5ddcp2x2jcwvyvkr8,113400888736000,
81ba76fd3c2737c8a9a964b6605fd9923e41c15a3951de7fe3723afe1a0dad54,2022-11-13T05:27:24.036000,sent,kaspa:qq7p3mgt6pfmnttqeuv8vcretlzlt2829yhwwugqy4elkr84px6gvz07wrgxe,670763984990,
63b2ce585922b35ef64f162706023abfeb0a8722f4ccd1cb542a44862a1df5b9,2022-11-10T20:10:48.427000,sent,kaspa:qrg4kuehskcrnkhh3zxs6v4vsp7xg0c8nem8xmxrxf7yy8f4vtskzfmawcjjr,44583808942900,
63b2ce585922b35ef64f162706023abfeb0a8722f4ccd1cb542a44862a1df5b9,2022-11-10T20:10:48.427000,sent,kaspa:qpnre5jk7pam44fe9855vcmgq0tp82q7nhkr2s2slkz07585pm5tunxv65kp2,1442307176140,
8b6750f3456342ec1f15767760aafdcfb8b241a5cc2a04ba05e01ebc91aaf5a7,2022-11-10T08:30:42.905000,sent,kaspa:qqug6qtkckc7aktctsngjws9f6tnamu2mg2xtyz59hps3x354wy8jcnc0f37p,160108270407645,
abdbf6f20aa036f4306002b6699dba0399776d333b63088302f1c718951322b6,2022-11-08T13:00:58.105000,sent,kaspa:qzxqj5c7ymvjpxdxadpmth0lcpxhp25tv7gck7yl0cwxfjhw35mjy2jc5644c,58100436416000,
abdbf6f20aa036f4306002b6699dba0399776d333b63088302f1c718951322b6,2022-11-08T13:00:58.105000,sent,kaspa:qpf8vda922f9zjy99ccrr0wdazvjva7tvkzelx870wcdphutax3lkald5fntc,502151984381,
e50108b0617a708b35a736b9b780ef57d560faeeea37e17fb503bc0d433b870a,2022-11-02T00:34:31.685000,sent,kaspa:qz7gtc6gkgcj482s6jltww0j4n7664dhvgut5t4pn7333l7mmwah7veg0zxjq,41031782752000,
e50108b0617a708b35a736b9b780ef57d560faeeea37e17fb503bc0d433b870a,2022-11-02T00:34:31.685000,sent,kaspa:qp9kv9ffg02g226mg6qg94rcyxn7s5tx8eajhd4e8dcx88ykg9hczcayl2549,2398453731472,
f3c055d08db76283fbde8c748d9f2c7080a25617281e94b9e9df2d033347bb17,2022-10-19T07:08:05.793000,sent,kaspa:qrw6jklt7jxazsrqrpt5aq4fqlyjxlke0vd4xtjrwmatjgq4jaal6padspayl,488363054402682,
7d201d3483642237d960d2122688c9645ab6d05f7d0ef2fe30e80e56a4f42da6,2022-10-18T02:23:57.449000,sent,kaspa:qpx4kq4q2thjud8nz48n2xmfqj6e5ykufdj8dnh4mgy0eg6v4dyfk4w2qg29t,151629229200000,
7d201d3483642237d960d2122688c9645ab6d05f7d0ef2fe30e80e56a4f42da6,2022-10-18T02:23:57.449000,sent,kaspa:qptyfxaqnqx0a45akhs8vmgr2n393nf0q6tqdjukacuhmaq5qyry5k98ah76z,726445234469,
9cd31b5572f405812b17af30554428568e077b60980732965daeaaf8539bb74f,2022-10-06T08:24:08.362000,sent,kaspa:qzmrv6wmah6jt0eezdmc3fl0wk25fmwam4mwxjs9dmvwftz43wk366qee8x0q,298900544048447,
9b6c61b33532050fcd50363aa0d4a3e13717df1129842ee0b6199e7477f1ea55,2022-10-03T11:52:16.522000,received,kaspa:qza76pa98jk4k7g3a9re2lvyya8k2zvv8y69mrkjp57xgs7jvufj2rk9ladz0,1060206666667,
4c7ae4b7c03eaede57346662063dfed120a8c753a2cd2473d3395ccaa77be310,2022-09-28T03:59:03.445000,received,kaspa:qpjunp39ssazf4rzfxxu0hd35xggfxn6lq0ls9u9q6peevzcmcv4xmv9q4njd,1638007000000,
3ab008dd89a8817368608b4b5eb21629ff4ce26da5778a13e0ec6c5bd00d032a,2022-09-24T15:48:06.344000,received,kaspa:qqzyrq92tjanw7syayssgfz2gp3zuq83esru95mu99hl4cgrfncvssa9v3xny,87000000000,
b9313710c7b87b53e0280bb12d8d1cb03ac51a1b0a0338b290c849f4655b0157,2022-08-29T02:34:25.526000,received,kaspa:qr6utcmghsztmwdqmt0ft45dg847zvp6u377snvwjsucgvcd3hk4zj4ushu7m,3105016160000,
eed51e6af0042af66a516e218003da53a897602d2b0076a24ae9e2561a191f61,2022-08-24T14:19:07.332000,received,kaspa:qqxnp4etpr2yp68uk4u2d0fkwy57kx4l29t737ppe04wyfqjkudeghvcqtw9r,3132644770000,
cc93056f5d90be559d8ae07fc158695def52da37ee908a378439ff0b7955107d,2022-08-19T06:43:45.340000,received,kaspa:qrp4c337qaxwj5fnksuqqfddwu8f7a49tqkqcdfkzjmv0m0vfvv7sndmxpyxt,2721725250000,
73a469588ee704ecbb1f3bb66fcedf08481a0a35dc7de4d53fd21f09bcd5d16a,2022-08-19T04:41:29.912000,received,kaspa:qph6kq2ch8j6v8ejpptkr797v9m9wfq62qg8farla49hus7d9rzeg6afdc6lk,3418319400000,
68899a8d6c86557d49de63c774ea48b048bde9f3b25c8de6b66b303152c0a28b,2022-08-19T02:11:20.975000,received,kaspa:qrfa8xaw3y7fx9vjs9ttwk0n3uxhhaqs2rf90pv8hvjx8unqfmcuq7p0het0t,1701378760000,
9ca4b8c623487197b670fe782617b2e87486957c6b43b5a3004833dc8a4c65cf,2022-08-19T01:59:31.261000,received,kaspa:qq2vwfm4hf3jcuy40nu3gw4993yujwkpaptfg0e2kk3szjv5v22zwl5fp7qpg,1834117270000,
d252c5a810edaba63fe0269be6e978b90f42d27bf1a2e6f34dc09a9cc70aa1e6,2022-08-19T01:11:03.131000,received,kaspa:qqnsdashq8g26l03n4ye2t707drajvfvnfq889jdv0hs6h8zacfrwlc0jcd07,2016327580000,
e32f8bba0c76634bf3217e34687a5b75ffb4bfd2869bbd713ffe4c358187b447,2022-08-18T18:54:44.082000,sent,kaspa:qqkf4u4aywacwppwux7jxr2hay7ncwjjefqzfw75z5qy32x7arllqyckgusvh,1223462111681188,
7a08fe082ae46e3ca315a0d2938866f6c50431843315ddba80078cab1f7cdfde,2022-08-18T10:23:22.701000,received,kaspa:qrxrlqnaxsrs9hzr9xj6e2j9g4pjt34cv4366u8klgfl6erjp3pujgcjny9u4,1000000000,
ffd071eed02578ccc177d225e5d3c33b7c0fc31eb7a95151eac9a962fb495bc2,2022-08-14T17:12:27.727000,sent,kaspa:qq2senx6tj9a032xa9nn9awtn0tnlywsf4dv6jl60uyuap6xkvyy75uwu4csv,49999000000000,
ffd071eed02578ccc177d225e5d3c33b7c0fc31eb7a95151eac9a962fb495bc2,2022-08-14T17:12:27.727000,sent,kaspa:qqaqw6zv57wrs05v8usjn0l49t2qycw5ye5wreq3elkn5wdwf4vmw3zrrjzs5,6714556825212,
6a1a42f767ef78d6ad11e68a2706de56a18ac60c89b0556563277581eb12daf3,2022-08-14T16:47:07.731000,sent,kaspa:qq2senx6tj9a032xa9nn9awtn0tnlywsf4dv6jl60uyuap6xkvyy75uwu4csv,36999442271,
6a1a42f767ef78d6ad11e68a2706de56a18ac60c89b0556563277581eb12daf3,2022-08-14T16:47:07.731000,sent,kaspa:qza3mnfn35x9wwh2lhtdt3fl7luya0qlrcaht9f6ad89he6fkjckqh8wa9k3u,11963607797729,
8821fe4e4fa9c45e6d5a5a9e3ee85bb7cb0bb141b8e5f4deb596cf4af3f75da0,2022-08-13T02:27:51.968000,received,kaspa:qzrcxvj8ghly257m6ufmw6erqfwu7gfafsv46j2qvhq4980x7hx86z7kcxxzt,10079839500000,
4fb19fe35b069462b33f980dd74109aaa16453be77aaa4cea4fb150106c5ace1,2022-08-09T15:42:29.398000,received,kaspa:qrl00ss8cz5lzpztzsj4ml7xc6lpvl8awvxchc0cw3fncz6llnwtgupa3g84m,12000607250000,
7a02c2ba1152d62582ab0e46ddebc3a54ddc2f56f2f03daf4f264fa6dca348dd,2022-08-05T01:51:54.739000,received,kaspa:qpzasaqlrkjf0q4z8nayrlayl0t964m3guhfwd7ug4enkjfsw99a2ny72n58w,11283085010000,
dcdb70b14088ffd78343a74c3dc8cb74b2e7357972dcfc8b897d34bf43980d08,2022-08-04T09:07:56.740000,received,kaspa:qzufntclgnrszxa3nsuuuu02f3twkxy944394f3kay7yecywzz7728wnh6mw3,7387420000,
