tx_id,timestamp,direction,peer_address,amount_sompi,cex_label
901931bf9f8848a3ae39773b49af06c156b4f13a3fc2b6b5eaa7ca1a75368e65,2024-12-07T01:41:34.087000,sent,kaspa:qpzpfwcsqsxhxwup26r55fd0ghqlhyugz8cp6y3wxuddc02vcxtjg75pspnwz,10000000000000,MEXC
901931bf9f8848a3ae39773b49af06c156b4f13a3fc2b6b5eaa7ca1a75368e65,2024-12-07T01:41:34.087000,sent,kaspa:qpjunp39ssazf4rzfxxu0hd35xggfxn6lq0ls9u9q6peevzcmcv4xmv9q4njd,159321601273,
61833e09bbb4cd01300fb7144487a39627302b67d7237a26632e4a0625e1b0e9,2024-12-06T05:58:34.515000,received,kaspa:qrmrqhc5ss6c7ff847555z9zkf6xa8tq732q0dg4r04mnwsmr694vxzhy6znq,363999970000,
199b7608efc62cb61102c234f73936c4d690eab5896a27cbd80e51a64eeac4bc,2024-12-06T04:02:47.934000,sent,kaspa:qpjunp39ssazf4rzfxxu0hd35xggfxn6lq0ls9u9q6peevzcmcv4xmv9q4njd,439857507597,
e77dfb75a495612105abd30106af27d0e99ff8d49241527d21e387d01a2039ba,2024-12-06T01:48:35.804000,sent,kaspa:qpzpfwcsqsxhxwup26r55fd0ghqlhyugz8cp6y3wxuddc02vcxtjg75pspnwz,10000000000000,MEXC
e77dfb75a495612105abd30106af27d0e99ff8d49241527d21e387d01a2039ba,2024-12-06T01:48:35.804000,sent,kaspa:qpjunp39ssazf4rzfxxu0hd35xggfxn6lq0ls9u9q6peevzcmcv4xmv9q4njd,1654553699456671,
63145493d554e99c4c62123c08094cdbd7ad1c0501497d3dace7c409d32149c2,2024-12-06T01:47:26.462000,received,kaspa:qqgyqz8j7n7p0fm2a6hqy7mky3u04mavmqkrklk8pfvey9r9uh8vc82p42x5j,1500000000000,
c7d42d89bcaef4399907bb5f5cdc24f74bcce37b01cac223d7e451f75b58506e,2024-12-06T00:45:40.293000,received,kaspa:qp0ac7pqc73h7z4sfxggsv3kryyspt4skymhxlmusp5wwq95mskdvhrla8th6,5000000000,
90eeb09c89e74b250dd0e2baa92be2e202d33a9e32817831c525d739c45181f2,2024-08-30T01:27:34.846000,sent,kaspa:qpjunp39ssazf4rzfxxu0hd35xggfxn6lq0ls9u9q6peevzcmcv4xmv9q4njd,1403420170276,
90eeb09c89e74b250dd0e2baa92be2e202d33a9e32817831c525d739c45181f2,2024-08-30T01:27:34.846000,sent,kaspa:qpjunp39ssazf4rzfxxu0hd35xggfxn6lq0ls9u9q6peevzcmcv4xmv9q4njd,1403420170276,
3ef765614b04d57aebe04a59522a7e2ca3d9b5512a27705984cc9bbb1d18a8e3,2024-08-28T22:05:04.697000,sent,kaspa:qpzpfwcsqsxhxwup26r55fd0ghqlhyugz8cp6y3wxuddc02vcxtjg75pspnwz,2000000000000,MEXC
3ef765614b04d57aebe04a59522a7e2ca3d9b5512a27705984cc9bbb1d18a8e3,2024-08-28T22:05:04.697000,sent,kaspa:qpjunp39ssazf4rzfxxu0hd35xggfxn6lq0ls9u9q6peevzcmcv4xmv9q4njd,79618444009032410,
cc969a764c7b7f3221f56098e6c25d2522ef0d74fa1dd81e7237a89706c09f74,2024-08-28T22:03:51.529000,received,kaspa:qze02c3spnxyh08m2xq00gp96dqygytws77lezahxryds9haw5n8ytyfujuxe,1000099950000,
dabd0ff8675b4c932a2e1b39c1268ffd90966a36331038f4b1fc8c1394161166,2024-08-28T21:59:04.631000,sent,kaspa:qpzpfwcsqsxhxwup26r55fd0ghqlhyugz8cp6y3wxuddc02vcxtjg75pspnwz,2000000000000,MEXC
dabd0ff8675b4c932a2e1b39c1268ffd90966a36331038f4b1fc8c1394161166,2024-08-28T21:59:04.631000,sent,kaspa:qpjunp39ssazf4rzfxxu0hd35xggfxn6lq0ls9u9q6peevzcmcv4xmv9q4njd,79632297859294427,
d5803461c0830494a2517b85a82c6a6bf9a98d5a7fef5dfeb919008590fe614b,2024-08-28T21:58:30.402000,received,kaspa:qqazjpe9e0lathc7zz3fsgpr2g5upcxxjn03dll6cve3pyewespcur7tawygw,1764400000000,
d5803461c0830494a2517b85a82c6a6bf9a98d5a7fef5dfeb919008590fe614b,2024-08-28T21:58:30.402000,received,kaspa:qztmxh8quphn3mc7r4h66yd836rhyrlfjdm5xd6tpy4jf8r69z5w7y6dmynsg,1764400000000,
6b156de32e2bcb3c9f1e25bade873c3e3ed8c44cbc334d946b581b18db3865f4,2024-08-28T21:36:08.983000,received,kaspa:qq6j2zqx0l3sxt04v48fm2caczkd5lwsrpddemgjhaqj59x7s0amqka5rh7ym,10000000000,
5f1a7e8d2abfcd9018d0ec6948b7f851c69c3e0bb69c3838d2b4ebbf455ddf4e,2024-08-28T21:22:22.425000,received,kaspa:qpfgf9zfhy5fe202hp6tpm43l7smvw0s5g2w897ds3m56mp63akx5xk7wxp5p,10000000000,
5f1a7e8d2abfcd9018d0ec6948b7f851c69c3e0bb69c3838d2b4ebbf455ddf4e,2024-08-28T21:22:22.425000,received,kaspa:qpfgf9zfhy5fe202hp6tpm43l7smvw0s5g2w897ds3m56mp63akx5xk7wxp5p,10000000000,
0ab7470e6c4d3606155761fc38637f20cce887839193bd3e50a9671eaf731d68,2024-01-01T07:21:38.636000,sent,kaspa:qpzpfwcsqsxhxwup26r55fd0ghqlhyugz8cp6y3wxuddc02vcxtjg75pspnwz,2000000000000,MEXC
0ab7470e6c4d3606155761fc38637f20cce887839193bd3e50a9671eaf731d68,2024-01-01T07:21:38.636000,sent,kaspa:qpjunp39ssazf4rzfxxu0hd35xggfxn6lq0ls9u9q6peevzcmcv4xmv9q4njd,623416602774376,
d96622bbe8869cdfb036d74696f467d77255f439b2718d4d2ef8fec3f29f02d2,2024-01-01T07:19:21.300000,received,kaspa:qzzfwav5kt5mtn8w2ulu9gm2k6gg6f9shtcwrp45d2ggy0t35h2j53nrlsjmx,2759242716949,
d8d186a6c1955a8ed761d5c5e05fe087481201586bf9267e788dd50b43658576,2024-01-01T07:14:07.081000,sent,kaspa:qpjunp39ssazf4rzfxxu0hd35xggfxn6lq0ls9u9q6peevzcmcv4xmv9q4njd,1267719529103,
551d52fb56bfc683745aff09a4435c737f226d1e155e548113853f1605a1d86c,2024-01-01T06:52:40.445000,received,kaspa:qq3vhtze7skjs8d0srwvy3apvw07fr6ladvd3s0hh0l2yyt96wz8gxefnn2z7,100000000000,
31d94fe22171e6e8667e13fb6a515839c219bf7611c1359941fdf0a7262ec7b6,2023-12-27T07:39:09.510000,sent,kaspa:qpjunp39ssazf4rzfxxu0hd35xggfxn6lq0ls9u9q6peevzcmcv4xmv9q4njd,4399999120000,
a2db66568e8c3048427d08f705bdf661da03bafd1a7ac6b246fd72775ec91de3,2023-11-24T22:41:15.817000,sent,kaspa:qpzpfwcsqsxhxwup26r55fd0ghqlhyugz8cp6y3wxuddc02vcxtjg75pspnwz,30000000000000,MEXC
a2db66568e8c3048427d08f705bdf661da03bafd1a7ac6b246fd72775ec91de3,2023-11-24T22:41:15.817000,sent,kaspa:qpjunp39ssazf4rzfxxu0hd35xggfxn6lq0ls9u9q6peevzcmcv4xmv9q4njd,499790566878,
d39f4cbf51d6a20acc22b53eaa5f09fa2a507f33d6c4e9b5d673509036d1ea4e,2023-11-24T22:22:46.843000,received,kaspa:qqwvnkp47wsj6n4hkdlgj8dsauyx0xvefunnwvvsmpq2udd0ka8ckmpuqw3k5,1576176196103,
d39f4cbf51d6a20acc22b53eaa5f09fa2a507f33d6c4e9b5d673509036d1ea4e,2023-11-24T22:22:46.843000,received,kaspa:qqwvnkp47wsj6n4hkdlgj8dsauyx0xvefunnwvvsmpq2udd0ka8ckmpuqw3k5,1576176196103,
5bc36075adf123ee483117ff3d9d28f192e2e2e7efed27cb3af0715c0141bb8c,2023-11-23T01:20:18.638000,received,kaspa:qpfgf9zfhy5fe202hp6tpm43l7smvw0s5g2w897ds3m56mp63akx5xk7wxp5p,50000000000,
