tx_id,timestamp,direction,peer_address,amount_sompi,cex_label
7929126c823ee9e3f202f6bd8e129bf751e00caba2b52b445322ac26cdf76140,2023-12-16T04:15:51.276000,sent,kaspa:qzslgwenzu78t6tldlng383g7ruu4enaljmnkgaulyrscjp7ldt26x8gfxck5,171940000,
7929126c823ee9e3f202f6bd8e129bf751e00caba2b52b445322ac26cdf76140,2023-12-16T04:15:51.276000,sent,kaspa:qzslgwenzu78t6tldlng383g7ruu4enaljmnkgaulyrscjp7ldt26x8gfxck5,171940000,
2dbd560628eedc8071162a6c824e18a7f643b692f73fb7f2bca60131c578412a,2023-12-12T16:37:12.306000,received,kaspa:qypswxtcrv4ssyjaswy5w9387vq73mkuyq85tl34cee6qn5uexqy0csgnafnjx7,171000000,
8143e7b2ad7f592416f55163c8c203708b3f4f25fca04e7dd5fc9ced51cc2d4f,2023-11-29T04:22:59.881000,sent,kaspa:qyppazsjkkadv2e7tnct0z67vavzr8j8zec68zjv8k5gepwcjjj8zqc42fxe0r3,18000000,
bed19239d3e075fa3dfe7cb7b741e13fc4b4b64a184bc54e9ad8b8b499ce26df,2023-11-29T00:09:03.765000,received,kaspa:qz63ppr2zl6fny4vy8z3adjfsygghjqg58du4z7nd5wgep8snx5ssls2hfljj,19000000,
