tx_id,timestamp,direction,peer_address,amount_sompi,cex_label
73f29e94dfcc36be60a326f81e5649ef290e0889a49c199ba43ec7e0ec52f8df,2023-12-16T04:14:02.477000,sent,kaspa:qzslgwenzu78t6tldlng383g7ruu4enaljmnkgaulyrscjp7ldt26x8gfxck5,171940000,
73f29e94dfcc36be60a326f81e5649ef290e0889a49c199ba43ec7e0ec52f8df,2023-12-16T04:14:02.477000,sent,kaspa:qzslgwenzu78t6tldlng383g7ruu4enaljmnkgaulyrscjp7ldt26x8gfxck5,171940000,
a345c908a90bf4b1313188804e151a2d616a69338fc2fbf10defd5bb55892364,2023-12-12T06:51:27.920000,received,kaspa:qypswxtcrv4ssyjaswy5w9387vq73mkuyq85tl34cee6qn5uexqy0csgnafnjx7,171000000,
9da0d5444ba49e38a6830e72a44f317c1bf700e535be30c7eaab90adc1575cb2,2023-11-28T08:03:29.746000,sent,kaspa:qyps9jpnn72qak03suwtwnyjqs3hv4w2mrqvjzy5q5lhzs457pqtrnchmgtrwj0,18000000,
ffc35314475920781ae3f05caf38ef6224423f7117281e75135b352d0c637ae3,2023-11-27T20:10:49.053000,received,kaspa:qrxpy6wkrhpm9an2vzqs6n4d0nerxzy74gqhtgx0hm778stfw8y4szhmvdp4s,19000000,
