tx_id,timestamp,direction,peer_address,amount_sompi,cex_label
e790a19fdec30faa519795e330f061711037b78b4b6c7cceee65c14da9c5ba4e,2023-04-04T20:45:31.099000,sent,kaspa:qzxqj5c7ymvjpxdxadpmth0lcpxhp25tv7gck7yl0cwxfjhw35mjy2jc5644c,40000000000000,
e790a19fdec30faa519795e330f061711037b78b4b6c7cceee65c14da9c5ba4e,2023-04-04T20:45:31.099000,sent,kaspa:qp4d2yjgxs2xffhu6gq04cyrcw3azsrxyt65nuk2mu8a80elngvxuqm002djm,115062745067219,
abd46ee9a5a6669432639d0f3424955e382cb53f49e1b7da24254c392c6f3c77,2023-01-07T22:36:39.431000,received,kaspa:qpjunp39ssazf4rzfxxu0hd35xggfxn6lq0ls9u9q6peevzcmcv4xmv9q4njd,10231729000000,
38d5fd9e33d28ace6515864ebaa82a69a15c1213ae0ff30aee80ac29e08ff521,2022-12-29T11:12:31.522000,sent,kaspa:qr7fp0ws3geqqjzq0nktrl7vscnzzxaxet7t7fsf7egm9wunq4zyvx9ajzjf4,148190425071590,
51487309b2276642f12d0369e032445c0faa8f2dc6fdf4768a2bd5bd10c53277,2022-11-26T00:14:06.078000,received,kaspa:qpjunp39ssazf4rzfxxu0hd35xggfxn6lq0ls9u9q6peevzcmcv4xmv9q4njd,19997000000000,
530a09b1922861f910458af738f5a3f0622f72d1dc72625915c15502310888fa,2022-11-14T23:27:16.657000,sent,kaspa:qzxqj5c7ymvjpxdxadpmth0lcpxhp25tv7gck7yl0cwxfjhw35mjy2jc5644c,50000000000000,
530a09b1922861f910458af738f5a3f0622f72d1dc72625915c15502310888fa,2022-11-14T23:27:16.657000,sent,kaspa:qqancd0nfyfkzcqvkuse5jvm9ynsttx0d8q4dh0c7la4hh5vdqq9kg0sc523t,10359530662357,
0605b0e5a6bb6e0fb8e686f00a68ed7193f0f711b74f3111bb8eea8fac49173b,2022-10-26T16:58:31.538000,sent,kaspa:qrzjrgduvudvnkfs84s3t6p0perv0zz0kzaw5hl5u7qvwdxg4k9g66l4cs0m9,40000000000000,
0605b0e5a6bb6e0fb8e686f00a68ed7193f0f711b74f3111bb8eea8fac49173b,2022-10-26T16:58:31.538000,sent,kaspa:qqewsymc4qae8mxzlnej5y98jml9xtzrpp2yfd3jld8awhs7q5pcyn7w5kh4w,45332419710540,
0ca4702ea9f3f93c54d37d2ad0dd2e7e61e8d86b3b72b61ff32902cd62ada2c4,2022-09-10T09:13:14.011000,received,kaspa:qzacs3vl34sswlmalkwkrc53c0kexrtnjxx3a6mkvs60r0qt7lauglmn08307,100000000,
0284707f9a9f4e6db45f112c0eedf25a9389cd6124213ba981b18f1263ed1d61,2022-09-10T09:11:26.737000,received,kaspa:qz2rzvlxuycw3lfgk6a3503z9t7valaj4rds7a8drh24l47cxdyt7zrg2rksc,53591532800000,
77c2dec6f3a3fd96c32acdfc8e9b80aa05e377eaa9389982ead3f07fea24a84e,2022-09-08T21:44:16.549000,sent,kaspa:qrzjrgduvudvnkfs84s3t6p0perv0zz0kzaw5hl5u7qvwdxg4k9g66l4cs0m9,40000000000000,
77c2dec6f3a3fd96c32acdfc8e9b80aa05e377eaa9389982ead3f07fea24a84e,2022-09-08T21:44:16.549000,sent,kaspa:qpkv5j777wyx36vmerycs2tucvc752uszt7cnavnzvc72r278jyxyvd4qursy,31740886913760,
169bfebbac0a157e4a207d03a616b92e7fd92ebede02ff84439fd29c0646a81a,2022-08-16T23:12:42.805000,received,kaspa:qzacs3vl34sswlmalkwkrc53c0kexrtnjxx3a6mkvs60r0qt7lauglmn08307,100000000,
