tx_id,timestamp,direction,peer_address,amount_sompi,cex_label
f8324d5ae08cbccc58ffdb3dedf63b0b696741fe09ab1cc84187110a59a54d01,2023-12-19T11:55:18.998000,sent,kaspa:qqsslpr5gst3y2s87k402r9yt7ajmak63vkgmathj8ys5qx4273jg40nngrd2,172970000,
f8324d5ae08cbccc58ffdb3dedf63b0b696741fe09ab1cc84187110a59a54d01,2023-12-19T11:55:18.998000,sent,kaspa:qqsslpr5gst3y2s87k402r9yt7ajmak63vkgmathj8ys5qx4273jg40nngrd2,172970000,
82e02b61620a327562159c2284d4c0d93e43e47c938d901f7fcc7dad3d5e3082,2023-12-12T04:03:47.699000,received,kaspa:qypswxtcrv4ssyjaswy5w9387vq73mkuyq85tl34cee6qn5uexqy0csgnafnjx7,171000000,
39b403841b3d523030fb03b92c72efa392d8e8f29133bc93320ad3ddb5e4f30b,2023-11-28T02:35:36.191000,sent,kaspa:qypyvakl0q6yx98y9l483p2p6nnh6l9mrda3dmv2vyjj5ct4qe30wyc0u5amw6z,18000000,
efdb0d14d25b67f8c1444f461a604207df4737ce4be53387908fccf59436981f,2023-11-26T10:21:45.198000,received,kaspa:qypxh795z50lqe9u3fqnmlwyw7fjgw5xsd0ey6ltg0t3qwvhfpuqakgrgux5h9d,20000000,
