tx_id,timestamp,direction,peer_address,amount_sompi,cex_label
2e385828b3c7b607da07ec666939d943f7e749fed98a8194feafb9a2086807a8,2023-12-18T22:13:32.162000,sent,kaspa:qqsslpr5gst3y2s87k402r9yt7ajmak63vkgmathj8ys5qx4273jg40nngrd2,172970000,
2e385828b3c7b607da07ec666939d943f7e749fed98a8194feafb9a2086807a8,2023-12-18T22:13:32.162000,sent,kaspa:qqsslpr5gst3y2s87k402r9yt7ajmak63vkgmathj8ys5qx4273jg40nngrd2,172970000,
eaf052c36751ae565b0b135e2300a37099b648b8cb0edfd98a4965f7f484ea0a,2023-12-12T07:44:30.868000,received,kaspa:qypswxtcrv4ssyjaswy5w9387vq73mkuyq85tl34cee6qn5uexqy0csgnafnjx7,171000000,
87ee2ee7efaba4a8df826586daf1eadc0dae1c3a5779562f12a2461f0a32b58e,2023-11-28T09:44:16.857000,sent,kaspa:qypw35dn4ml53p77sqkmrqhm8slcw2sdnz9mxlhnefzykl285cq0x5q6uu5w9j9,18000000,
832ff7c77460e76771637856f313ebb9a56ef737f88d76b8a254f7d1ad518dcb,2023-11-27T02:22:41.780000,received,kaspa:qyp9pslfu0q8wn2h0psl2k0dnexe5n68ydj72dl76ws6xslaxp475zgp2323uud,20000000,
