tx_id,timestamp,direction,peer_address,amount_sompi,cex_label
1339c18e28bee5e7867d6e5dd632320284205e133471d0d869bc1c6b0e234008,2024-03-23T02:48:11.501000,sent,kaspa:qypwxt3qqje3srp7lry6dav08hgz0kkzf0juwpzxhgwlu7jpngdd2hqksaa3620,1928800000000,
d6f079c5238fdae1b2755225092ad04108e7ef741a4682d72acbb742041059af,2024-03-23T02:42:50.981000,sent,kaspa:qypwxt3qqje3srp7lry6dav08hgz0kkzf0juwpzxhgwlu7jpngdd2hqksaa3620,3000000000000,
749672322f28e487eede35e9454408f6ae79084a7e831624f42010d1199520d2,2024-03-23T02:37:55.533000,sent,kaspa:qypwxt3qqje3srp7lry6dav08hgz0kkzf0juwpzxhgwlu7jpngdd2hqksaa3620,1000000000000,
2807b09599cc2d7519470afc8eb465ed408ccda9f08f8c9f8b97e704efe9d027,2024-03-23T02:33:37.606000,sent,kaspa:qypwxt3qqje3srp7lry6dav08hgz0kkzf0juwpzxhgwlu7jpngdd2hqksaa3620,10000000000,
1953d103c3dbb571d2be97e71b48171f8022ee7bc49092b3e07cfaab8c4729df,2024-03-04T00:00:10.067000,sent,kaspa:qzpyve6tjk3p9gfudwwgag338avk0kumemdex3tj7a2r2cqq0my8s5zk4h3wh,100000000000,
1953d103c3dbb571d2be97e71b48171f8022ee7bc49092b3e07cfaab8c4729df,2024-03-04T00:00:10.067000,sent,kaspa:qzpyve6tjk3p9gfudwwgag338avk0kumemdex3tj7a2r2cqq0my8s5zk4h3wh,100000000000,
1953d103c3dbb571d2be97e71b48171f8022ee7bc49092b3e07cfaab8c4729df,2024-03-04T00:00:10.067000,sent,kaspa:qzpyve6tjk3p9gfudwwgag338avk0kumemdex3tj7a2r2cqq0my8s5zk4h3wh,100000000000,
1953d103c3dbb571d2be97e71b48171f8022ee7bc49092b3e07cfaab8c4729df,2024-03-04T00:00:10.067000,sent,kaspa:qzpyve6tjk3p9gfudwwgag338avk0kumemdex3tj7a2r2cqq0my8s5zk4h3wh,100000000000,
1953d103c3dbb571d2be97e71b48171f8022ee7bc49092b3e07cfaab8c4729df,2024-03-04T00:00:10.067000,sent,kaspa:qzpyve6tjk3p9gfudwwgag338avk0kumemdex3tj7a2r2cqq0my8s5zk4h3wh,100000000000,
1de950d21f7e3e413453a7c8337546ac3ad4d2802e1b9de14a8345a29cac8531,2024-02-08T03:06:02.203000,received,kaspa:qqetp7ct8kqss99fxmymyz5t3fezppxp0t58wl6pawp27elqd46uudme00cl0,277411000000,
1de950d21f7e3e413453a7c8337546ac3ad4d2802e1b9de14a8345a29cac8531,2024-02-08T03:06:02.203000,received,kaspa:qpzpfwcsqsxhxwup26r55fd0ghqlhyugz8cp6y3wxuddc02vcxtjg75pspnwz,277411000000,MEXC
afaf39bd53126cfd20f1a5c32134346b3253cbb6a3ffe7db7514563fc7aa9b40,2024-02-08T02:58:06.198000,received,kaspa:qqetp7ct8kqss99fxmymyz5t3fezppxp0t58wl6pawp27elqd46uudme00cl0,349000000000,
afaf39bd53126cfd20f1a5c32134346b3253cbb6a3ffe7db7514563fc7aa9b40,2024-02-08T02:58:06.198000,received,kaspa:qpzpfwcsqsxhxwup26r55fd0ghqlhyugz8cp6y3wxuddc02vcxtjg75pspnwz,349000000000,MEXC
b810d50e92c59392482dd182c6515ea0d913b280a5c92eaad45cff2252af7857,2024-02-07T05:43:03.382000,received,kaspa:qqetp7ct8kqss99fxmymyz5t3fezppxp0t58wl6pawp27elqd46uudme00cl0,516211000000,
b810d50e92c59392482dd182c6515ea0d913b280a5c92eaad45cff2252af7857,2024-02-07T05:43:03.382000,received,kaspa:qpzpfwcsqsxhxwup26r55fd0ghqlhyugz8cp6y3wxuddc02vcxtjg75pspnwz,516211000000,MEXC
90a75607893742dd55bf70358a8e71490e63351e0ea0ed1cbc216c7a1f5d1cb0,2024-02-07T05:39:02.612000,received,kaspa:qqetp7ct8kqss99fxmymyz5t3fezppxp0t58wl6pawp27elqd46uudme00cl0,99000000000,
90a75607893742dd55bf70358a8e71490e63351e0ea0ed1cbc216c7a1f5d1cb0,2024-02-07T05:39:02.612000,received,kaspa:qpzpfwcsqsxhxwup26r55fd0ghqlhyugz8cp6y3wxuddc02vcxtjg75pspnwz,99000000000,MEXC
5c0c955038b19c3f87f759755e2296acdf364a54ff7fd606a055af0b9bb907e6,2023-11-16T16:28:51.813000,sent,kaspa:qzpyve6tjk3p9gfudwwgag338avk0kumemdex3tj7a2r2cqq0my8s5zk4h3wh,1000000000000,
6842457e6eeae1df7644ae68f3e012ada7f9953f1189a5b811bedfa39da2df31,2023-11-16T15:54:38.262000,sent,kaspa:qzpyve6tjk3p9gfudwwgag338avk0kumemdex3tj7a2r2cqq0my8s5zk4h3wh,100000000000,
d9cf1a2b5c719dcf4340661cbdc5ac87f134be2c06996a63eebbc56be4b63719,2023-11-16T05:51:10.699000,sent,kaspa:qqwvnkp47wsj6n4hkdlgj8dsauyx0xvefunnwvvsmpq2udd0ka8ckmpuqw3k5,1002079135426,
74280bf1c684987608471f2e2c8cd939a05c74f2fc9988ceb05e010ee37bb976,2023-11-16T05:38:24.381000,sent,kaspa:qqwvnkp47wsj6n4hkdlgj8dsauyx0xvefunnwvvsmpq2udd0ka8ckmpuqw3k5,101559303675,
0f56144faf826f11fe76c5cd8c5c79235756974faec5e140ab9d6520f315d013,2023-10-03T01:38:13.219000,sent,kaspa:qzpyve6tjk3p9gfudwwgag338avk0kumemdex3tj7a2r2cqq0my8s5zk4h3wh,1500000000000,
b87e129756e190ca9ff90eb47543072cb09481c3c71175bf315c0e2af123be19,2023-10-03T01:03:13.569000,sent,kaspa:qzpyve6tjk3p9gfudwwgag338avk0kumemdex3tj7a2r2cqq0my8s5zk4h3wh,1500000000000,
477b54894ddbad8c818bd3e4e4c54f57ba3b0fb5710382c79b3cec14414f6a3f,2023-10-03T00:31:17.172000,sent,kaspa:qzpyve6tjk3p9gfudwwgag338avk0kumemdex3tj7a2r2cqq0my8s5zk4h3wh,255000000000,
5361b3b2195f73f73bcd1a5f7077447f33fc5a1482ae538ddd066d863e369ccd,2023-08-13T02:19:11.840000,sent,kaspa:qzpyve6tjk3p9gfudwwgag338avk0kumemdex3tj7a2r2cqq0my8s5zk4h3wh,800000000000,
1d27d8d3a884675dc3cd9d3cd54d323e0c4088f36e067e7a8eb7a42119fd32e8,2023-08-13T01:11:02.627000,sent,kaspa:qzpyve6tjk3p9gfudwwgag338avk0kumemdex3tj7a2r2cqq0my8s5zk4h3wh,1000000000000,
10421d7e37d93795a61e969ae496988aaca622530d6106b0fb704a3c30dbbce6,2023-08-13T00:30:22.952000,sent,kaspa:qzpyve6tjk3p9gfudwwgag338avk0kumemdex3tj7a2r2cqq0my8s5zk4h3wh,100000000000,
23eb5c3e43abf54d8995eac2a0ceb6eb414d0fb1d01e8a9ff6f2588152185e00,2023-07-06T04:33:18.681000,sent,kaspa:qzpyve6tjk3p9gfudwwgag338avk0kumemdex3tj7a2r2cqq0my8s5zk4h3wh,2000000000000,
d3a27a887708b32971002ba48c755175c0c4c4f681f718ff39dc0341071741c0,2023-07-06T04:32:04.070000,sent,kaspa:qzpyve6tjk3p9gfudwwgag338avk0kumemdex3tj7a2r2cqq0my8s5zk4h3wh,2000000000000,
d3a27a887708b32971002ba48c755175c0c4c4f681f718ff39dc0341071741c0,2023-07-06T04:32:04.070000,sent,kaspa:qzpyve6tjk3p9gfudwwgag338avk0kumemdex3tj7a2r2cqq0my8s5zk4h3wh,2000000000000,
d3a27a887708b32971002ba48c755175c0c4c4f681f718ff39dc0341071741c0,2023-07-06T04:32:04.070000,sent,kaspa:qzpyve6tjk3p9gfudwwgag338avk0kumemdex3tj7a2r2cqq0my8s5zk4h3wh,2000000000000,
d3a27a887708b32971002ba48c755175c0c4c4f681f718ff39dc0341071741c0,2023-07-06T04:32:04.070000,sent,kaspa:qzpyve6tjk3p9gfudwwgag338avk0kumemdex3tj7a2r2cqq0my8s5zk4h3wh,2000000000000,
d3a27a887708b32971002ba48c755175c0c4c4f681f718ff39dc0341071741c0,2023-07-06T04:32:04.070000,sent,kaspa:qzpyve6tjk3p9gfudwwgag338avk0kumemdex3tj7a2r2cqq0my8s5zk4h3wh,2000000000000,
0d08f0dd2ee2bffaca7773dbf5d6539d4be9397daf2be9baf205f6edef07eb5b,2023-06-10T19:19:06.917000,received,kaspa:qqetp7ct8kqss99fxmymyz5t3fezppxp0t58wl6pawp27elqd46uudme00cl0,1327000000000,
6414e98115826ac70bef0b5dcadae0c3da194e7279e178a4cbdd61e2760fca16,2023-05-24T04:58:01.654000,received,kaspa:qqetp7ct8kqss99fxmymyz5t3fezppxp0t58wl6pawp27elqd46uudme00cl0,1546227000000,
3736a5be4f92239061f2eb0fb34069bd6bc3333651b28665a5d561d2fe27484f,2023-05-19T16:08:03.667000,received,kaspa:qqetp7ct8kqss99fxmymyz5t3fezppxp0t58wl6pawp27elqd46uudme00cl0,1189606000000,
2940bef953bf70fb4a132c492638ba4524729575450ce279d72de7280d46930b,2023-04-17T16:46:02.005000,received,kaspa:qqetp7ct8kqss99fxmymyz5t3fezppxp0t58wl6pawp27elqd46uudme00cl0,1207000000000,
30bf10ab96eef82690b773768935fe63215a4a5dc61124af243be8bea8bd1a44,2023-03-27T13:26:57.876000,sent,kaspa:qqwvnkp47wsj6n4hkdlgj8dsauyx0xvefunnwvvsmpq2udd0ka8ckmpuqw3k5,5000000000000,
0278835fba6ce401cd0dc54d05cb0893c4af91c27b54bb9e6fa04ce31f1db891,2023-03-27T13:05:46.949000,sent,kaspa:qzpyve6tjk3p9gfudwwgag338avk0kumemdex3tj7a2r2cqq0my8s5zk4h3wh,100000000000,
0278835fba6ce401cd0dc54d05cb0893c4af91c27b54bb9e6fa04ce31f1db891,2023-03-27T13:05:46.949000,sent,kaspa:qzpyve6tjk3p9gfudwwgag338avk0kumemdex3tj7a2r2cqq0my8s5zk4h3wh,100000000000,
0278835fba6ce401cd0dc54d05cb0893c4af91c27b54bb9e6fa04ce31f1db891,2023-03-27T13:05:46.949000,sent,kaspa:qzpyve6tjk3p9gfudwwgag338avk0kumemdex3tj7a2r2cqq0my8s5zk4h3wh,100000000000,
0278835fba6ce401cd0dc54d05cb0893c4af91c27b54bb9e6fa04ce31f1db891,2023-03-27T13:05:46.949000,sent,kaspa:qzpyve6tjk3p9gfudwwgag338avk0kumemdex3tj7a2r2cqq0my8s5zk4h3wh,100000000000,
01026bb60929ba0e066f3f70684c0225cc333480992f7332632002b9c247c7b7,2023-03-23T06:06:15.150000,received,kaspa:qpt8pqcddaju9kjygqevxdfrmnlzhewt4jjmtkcxs9wcdfw69gaa6e4tflgd2,5075999993327,
01026bb60929ba0e066f3f70684c0225cc333480992f7332632002b9c247c7b7,2023-03-23T06:06:15.150000,received,kaspa:qqjuzpvqfacp26xdaj8c7tj59er7q8re7znpjs8kfzeqtzwk7utzy080q0q23,5075999993327,
01026bb60929ba0e066f3f70684c0225cc333480992f7332632002b9c247c7b7,2023-03-23T06:06:15.150000,received,kaspa:qzl6a0shd3w62gyphyeqrfhwzc3pnzmmhp4gucr7l8xtggcl2j3lszdwpvqpa,5075999993327,
01026bb60929ba0e066f3f70684c0225cc333480992f7332632002b9c247c7b7,2023-03-23T06:06:15.150000,received,kaspa:qr7sxhdjx2u2elxzusg7vrr3pusmupt7dnh5vave6j3mjjys82d7xny0dphgp,5075999993327,
01026bb60929ba0e066f3f70684c0225cc333480992f7332632002b9c247c7b7,2023-03-23T06:06:15.150000,received,kaspa:qzaeh8eyesv0895wj2dec0ycrqt5atkmt4mmgppdsp4sn0uwjesgkk6ssp64r,5075999993327,
ee04e3bd8cea3fbda7ba8d0021625214b805862bb68bbd35ccc0f6768e0c49c1,2023-03-23T06:03:42.848000,received,kaspa:qrqandaegeqtxk6k6q6npj7fqz0urgwr3pj0ctkjzxn2ymqclxjrzhnjl3px2,5899999992176,
ee04e3bd8cea3fbda7ba8d0021625214b805862bb68bbd35ccc0f6768e0c49c1,2023-03-23T06:03:42.848000,received,kaspa:qrgflrs4ttdj3jmxj0md0rf3n0yfvkmhun4p6fgl809nhd4pketycepmmwh3r,5899999992176,
ee04e3bd8cea3fbda7ba8d0021625214b805862bb68bbd35ccc0f6768e0c49c1,2023-03-23T06:03:42.848000,received,kaspa:qzctmhqysnkk47fcru2au8j455uwzdyf2veplr2rm5nsvxmjx3896ukhfqrk6,5899999992176,
ee04e3bd8cea3fbda7ba8d0021625214b805862bb68bbd35ccc0f6768e0c49c1,2023-03-23T06:03:42.848000,received,kaspa:qz5pskwwt2zctkwmkhaxaxy67jxlwhm4vp009gs9ldclrz7c0artqclyl6yjs,5899999992176,
ee04e3bd8cea3fbda7ba8d0021625214b805862bb68bbd35ccc0f6768e0c49c1,2023-03-23T06:03:42.848000,received,kaspa:qqhz3vurz7acw76m9d8622nuyjwt8td0egrn6x9mtad6zemy4scm6w9gtqdn7,5899999992176,
ee04e3bd8cea3fbda7ba8d0021625214b805862bb68bbd35ccc0f6768e0c49c1,2023-03-23T06:03:42.848000,received,kaspa:qz5sel506rzcepg7a07pgfjegpkxpuewjc42z9h4lxh7s2sx3v2977dprdwdn,5899999992176,
9d5304651ef6927d7c69ab54021ba573b767f6c9881245b86df074c211200268,2023-03-23T06:01:47.926000,received,kaspa:qpl3k0n4z4ja4vhpc2srg22al8c0fe33xvmm9c03k3hcpq66a74wjy2hxpvnw,4999999992176,
9d5304651ef6927d7c69ab54021ba573b767f6c9881245b86df074c211200268,2023-03-23T06:01:47.926000,received,kaspa:qz7c663jdtvlvth8lj9g0wtnkm3ea5tnqynapyxnsreft573sy4fkv8t2pmum,4999999992176,
9d5304651ef6927d7c69ab54021ba573b767f6c9881245b86df074c211200268,2023-03-23T06:01:47.926000,received,kaspa:qrlw6hf3h9zsg90xfchee3zkk55netmmyva3npem75y40gmnvuafu9gqqr759,4999999992176,
9d5304651ef6927d7c69ab54021ba573b767f6c9881245b86df074c211200268,2023-03-23T06:01:47.926000,received,kaspa:qzkd46d39vzlvzzsz4gev0fvhhx2jwj97jygumr3h7qh6ygevv00s3u7xkane,4999999992176,
9d5304651ef6927d7c69ab54021ba573b767f6c9881245b86df074c211200268,2023-03-23T06:01:47.926000,received,kaspa:qpvq3h2u8qy46yzjwvrcazrdk9u82mh5nym462t5efu03j58t5v4jmmryyttd,4999999992176,
9d5304651ef6927d7c69ab54021ba573b767f6c9881245b86df074c211200268,2023-03-23T06:01:47.926000,received,kaspa:qrhdvlvc8t85894ut76wguf7nfqwfywp3prsa9hrjltf0r57aw90uf64uzdke,4999999992176,
aba7cd879341d3df3f2d9578202a71b928f3254067967dc1df680f96f7f52d62,2023-03-23T05:58:12.049000,received,kaspa:qqp5zhurvdz2cr56q2f02whqpe5dwvdlpaezp678lc3rw4r02s3du4lm48zht,9999997931,
