tx_id,timestamp,direction,peer_address,amount_sompi,cex_label
1aad677dba8c6b4540362a812221f5a002cadd2dd60da3359dea2fb7ce9b4a89,2023-11-23T06:37:24.051000,sent,kaspa:qqwvnkp47wsj6n4hkdlgj8dsauyx0xvefunnwvvsmpq2udd0ka8ckmpuqw3k5,2618892824414,
1aad677dba8c6b4540362a812221f5a002cadd2dd60da3359dea2fb7ce9b4a89,2023-11-23T06:37:24.051000,sent,kaspa:qqwvnkp47wsj6n4hkdlgj8dsauyx0xvefunnwvvsmpq2udd0ka8ckmpuqw3k5,2618892824414,
1aad677dba8c6b4540362a812221f5a002cadd2dd60da3359dea2fb7ce9b4a89,2023-11-23T06:37:24.051000,sent,kaspa:qqwvnkp47wsj6n4hkdlgj8dsauyx0xvefunnwvvsmpq2udd0ka8ckmpuqw3k5,2618892824414,
1aad677dba8c6b4540362a812221f5a002cadd2dd60da3359dea2fb7ce9b4a89,2023-11-23T06:37:24.051000,sent,kaspa:qqwvnkp47wsj6n4hkdlgj8dsauyx0xvefunnwvvsmpq2udd0ka8ckmpuqw3k5,2618892824414,
1aad677dba8c6b4540362a812221f5a002cadd2dd60da3359dea2fb7ce9b4a89,2023-11-23T06:37:24.051000,sent,kaspa:qqwvnkp47wsj6n4hkdlgj8dsauyx0xvefunnwvvsmpq2udd0ka8ckmpuqw3k5,2618892824414,
044585f261810f188284ce6ae00ae1ef75890a69fa6b49c2b8fb276e6a6cfb3c,2023-11-11T04:05:54.756000,received,kaspa:qq3k4du6wf2g26j7ds6fqmgtgavgm3zy676wntp2e52nsuns2n4s6xkndmx0y,103317098272,
65013d09f8a95687e80658e54da23ebcbecd3d4ef8c365eadc6794a14f73ce04,2023-10-30T17:29:19.276000,received,kaspa:qpq94ntnvy8p9q6wrdwtn37xtspgashrydc0kuu8ctpyxulmh0wlxh2807zdh,663746771507,
36cc5ca12acea880b88acda5bb325a17143c985c023d4385360150316e8897c7,2023-10-20T01:41:32.596000,received,kaspa:qqfjjfgh2r4t4az3wgeqnl6w9x6aq5zkdva4j5yw8qu9tvm45rctkd3pu77ll,398000000000,
36cc5ca12acea880b88acda5bb325a17143c985c023d4385360150316e8897c7,2023-10-20T01:41:32.596000,received,kaspa:qqfjjfgh2r4t4az3wgeqnl6w9x6aq5zkdva4j5yw8qu9tvm45rctkd3pu77ll,398000000000,
3cabe4c3ac7e4a8bcb7263c967c229fd02ced1d0e810594ce4d9c2973719e891,2023-10-19T03:52:28.248000,received,kaspa:qqfjjfgh2r4t4az3wgeqnl6w9x6aq5zkdva4j5yw8qu9tvm45rctkd3pu77ll,40000000000,
690bde9945d8a4a59e046d41f7accb4bbc99fd9bd4d965e0c17a8d9dc8bb091d,2023-09-13T15:20:52.078000,sent,kaspa:qqwvnkp47wsj6n4hkdlgj8dsauyx0xvefunnwvvsmpq2udd0ka8ckmpuqw3k5,600000000000,
690bde9945d8a4a59e046d41f7accb4bbc99fd9bd4d965e0c17a8d9dc8bb091d,2023-09-13T15:20:52.078000,sent,kaspa:qqwvnkp47wsj6n4hkdlgj8dsauyx0xvefunnwvvsmpq2udd0ka8ckmpuqw3k5,600000000000,
690bde9945d8a4a59e046d41f7accb4bbc99fd9bd4d965e0c17a8d9dc8bb091d,2023-09-13T15:20:52.078000,sent,kaspa:qqwvnkp47wsj6n4hkdlgj8dsauyx0xvefunnwvvsmpq2udd0ka8ckmpuqw3k5,600000000000,
690bde9945d8a4a59e046d41f7accb4bbc99fd9bd4d965e0c17a8d9dc8bb091d,2023-09-13T15:20:52.078000,sent,kaspa:qqwvnkp47wsj6n4hkdlgj8dsauyx0xvefunnwvvsmpq2udd0ka8ckmpuqw3k5,600000000000,
40a4cd051907ff2d2d3cb5cc29cd7f63e24b7f2c8d54d16140def35a9cbd95b8,2023-08-31T06:57:34.639000,received,kaspa:qq3k4du6wf2g26j7ds6fqmgtgavgm3zy676wntp2e52nsuns2n4s6xkndmx0y,285416980000,
54bb753ae7ffbce9ba69224fc8904f21c51d5db3d764d288ac21b3dfe10da36e,2023-08-07T05:41:19.166000,received,kaspa:qqfjjfgh2r4t4az3wgeqnl6w9x6aq5zkdva4j5yw8qu9tvm45rctkd3pu77ll,1708730314635,
54bb753ae7ffbce9ba69224fc8904f21c51d5db3d764d288ac21b3dfe10da36e,2023-08-07T05:41:19.166000,received,kaspa:qqfjjfgh2r4t4az3wgeqnl6w9x6aq5zkdva4j5yw8qu9tvm45rctkd3pu77ll,1708730314635,
236b0e0f4a826114a1f6263d355b56193e660dbb4cac3a16c6ccc15b8772cb4d,2023-08-07T05:40:03.512000,received,kaspa:qqfjjfgh2r4t4az3wgeqnl6w9x6aq5zkdva4j5yw8qu9tvm45rctkd3pu77ll,17200000000,
ea022a8d3c3e94228843e32838fa57a25b73b9550709e43ab1dec484a2770366,2023-07-23T00:01:55.283000,sent,kaspa:qqfjjfgh2r4t4az3wgeqnl6w9x6aq5zkdva4j5yw8qu9tvm45rctkd3pu77ll,1455000000000,
e554bc86ac7f6b7ae041fca569f27143c16104e19df09ee426d1529279b10288,2023-07-14T22:10:32.969000,received,kaspa:qq3k4du6wf2g26j7ds6fqmgtgavgm3zy676wntp2e52nsuns2n4s6xkndmx0y,1457481960000,
