tx_id,timestamp,direction,peer_address,amount_sompi,cex_label
1a974c57bfcda2cb314406839b8915b8461c623b46bad31238e2f239ab99e7bf,2023-12-16T04:14:17.906000,sent,kaspa:qzslgwenzu78t6tldlng383g7ruu4enaljmnkgaulyrscjp7ldt26x8gfxck5,171940000,
1a974c57bfcda2cb314406839b8915b8461c623b46bad31238e2f239ab99e7bf,2023-12-16T04:14:17.906000,sent,kaspa:qzslgwenzu78t6tldlng383g7ruu4enaljmnkgaulyrscjp7ldt26x8gfxck5,171940000,
25a3c7393df510589071b1f8fd4c12bb0cd1844878a152ab01b719a183190dda,2023-12-12T21:55:13.389000,received,kaspa:qypswxtcrv4ssyjaswy5w9387vq73mkuyq85tl34cee6qn5uexqy0csgnafnjx7,171000000,
9f8ea473bbfbcc0b06fb8ef221d7eb2585ffc43950d46f2b8ead35386f88e5cf,2023-11-29T13:26:42.885000,sent,kaspa:qyppcn3sh2t5yxw7fzejz6rzctc7mz56k347g2pyzngrehjv7j76rkgdsc4v6hh,18000000,
0472ce4a59fad9bb84f68852a6591fb0df5777e83d4e99816016adb8c0746719,2023-11-29T11:31:55.934000,received,kaspa:qrfljlmy9fxt57pcvshn7ym90d0lszlyxe36fx9lgqgwam0y9fmay00msesrt,19000000,
