tx_id,timestamp,direction,peer_address,amount_sompi,cex_label
e04a4413e8edb88954073d10684f7bf39e2c23d7226915b86998a78c24ae1de7,2023-12-16T04:05:17.478000,sent,kaspa:qzslgwenzu78t6tldlng383g7ruu4enaljmnkgaulyrscjp7ldt26x8gfxck5,171940000,
e04a4413e8edb88954073d10684f7bf39e2c23d7226915b86998a78c24ae1de7,2023-12-16T04:05:17.478000,sent,kaspa:qzslgwenzu78t6tldlng383g7ruu4enaljmnkgaulyrscjp7ldt26x8gfxck5,171940000,
6e13731d13e634edc52f0a215933a6ef49ee936f5859576cd0e386feb4389053,2023-12-12T05:03:12.591000,received,kaspa:qypswxtcrv4ssyjaswy5w9387vq73mkuyq85tl34cee6qn5uexqy0csgnafnjx7,171000000,
86b23ea19989aa2b370cfea9e7423077730215e4f7ab89a1a6cd5f38c7f7dda3,2023-11-28T04:56:23.885000,sent,kaspa:qypkjd7r99dy7jjdjn98wptqpq03348fqvk5dq936u34znw4f79n2acuv7zve8w,18000000,
67910f649796202cd4ac471fa324ba53bc879759225b34ea5ce892a85f4a54d7,2023-11-27T23:04:06.354000,received,kaspa:qpw309ql97qqj6zc80wuq0pw64sw4n2l0jhq3lpx7amn38z4s02tj0dhumqnq,19000000,
