tx_id,timestamp,direction,peer_address,amount_sompi,cex_label
e089a38d7b5ebc943563ef2eda6760d6307ae1bab38889b0a047cb689a67bb6e,2023-12-19T08:32:07.287000,sent,kaspa:qqsslpr5gst3y2s87k402r9yt7ajmak63vkgmathj8ys5qx4273jg40nngrd2,172970000,
e089a38d7b5ebc943563ef2eda6760d6307ae1bab38889b0a047cb689a67bb6e,2023-12-19T08:32:07.287000,sent,kaspa:qqsslpr5gst3y2s87k402r9yt7ajmak63vkgmathj8ys5qx4273jg40nngrd2,172970000,
f7387624c36c6265a8fe186c6810a3c43afeb798ffc61021a269c09f75244731,2023-12-12T12:45:07.368000,received,kaspa:qypswxtcrv4ssyjaswy5w9387vq73mkuyq85tl34cee6qn5uexqy0csgnafnjx7,171000000,
956fd0fd97bd0170737d1324bb6b127ee6c7e9ee9bdfff54dcfdbfbbab92cd78,2023-11-28T17:20:11.580000,sent,kaspa:qyprrt0wt9xl4ngm5jjh686v0lmjcrfe0v0ctrtqt7lwxjtg2l60rmcw464yncx,18000000,
7fb256a8619d212fcb67fb55f500cfe90d52212bb6ef77d8c23ce5bc561da7b0,2023-11-27T04:56:22.976000,received,kaspa:qypdv6v6mdm8sme0ryuw06axg22uqz3szzrs3jdadje2z2uqszhgm2q6rvux8k8,20000000,
