tx_id,timestamp,direction,peer_address,amount_sompi,cex_label
ae5f5de8a69ce63605956f88a10ec000bd7d48c7d39fb401d63fafaba1b3b995,2024-10-25T05:56:00.927000,sent,kaspa:qpgmt2dn8wcqf0436n0kueap7yx82n7raurlj6aqjc3t3wm9y5ssqtg9e4lsm,100000000,
06060190d38833e4132f59cb868c2ae5dcb2f905de114bae4728ef9ab24782dc,2024-10-25T03:28:48.695000,sent,kaspa:qpgmt2dn8wcqf0436n0kueap7yx82n7raurlj6aqjc3t3wm9y5ssqtg9e4lsm,200000000,
06060190d38833e4132f59cb868c2ae5dcb2f905de114bae4728ef9ab24782dc,2024-10-25T03:28:48.695000,sent,kaspa:qpgmt2dn8wcqf0436n0kueap7yx82n7raurlj6aqjc3t3wm9y5ssqtg9e4lsm,200000000,
8397d55c58b36fcac759792daa410e25cea07697c5f93da375ec55e74c1e7dd0,2024-10-25T03:21:04.451000,received,kaspa:qzgtduqyccg66ms6crgpgnnn802c7drpevy4fsq8069lpzhdwfxhy4079jsrp,421467290,
8397d55c58b36fcac759792daa410e25cea07697c5f93da375ec55e74c1e7dd0,2024-10-25T03:21:04.451000,received,kaspa:qzgtduqyccg66ms6crgpgnnn802c7drpevy4fsq8069lpzhdwfxhy4079jsrp,421467290,
b6e7ac2286c3e2d7ea78673aa15af45fcb960f50bca5545161abf34a8a7bd605,2024-08-31T12:46:02.334000,sent,kaspa:qrvfcsz5r8d4n7ydnapkce7xsrdfd9az0ccfzp9jkx84xte2f78kqsm95drka,200000000,
582602c1e565f88412bf628176d4d981a3056fcb028d7587ad5888b4b7099c3e,2024-08-31T08:16:52.841000,sent,kaspa:qplg9tt6kksh3u9986falecy5re7hjk4w4l54tp2l3sqlhhkrzzhgw0yz65cs,100000000,
3418a83660fdccc6af20fd9407dba43bb11a6028b14f753d306eb1274dde985b,2024-08-31T06:35:01.635000,sent,kaspa:qrvfcsz5r8d4n7ydnapkce7xsrdfd9az0ccfzp9jkx84xte2f78kqsm95drka,600000000,
77fe17c9183c07141659063cb5b511e5f957675b0698cfb0612248f046c8b725,2024-08-26T07:31:46.488000,sent,kaspa:qplg9tt6kksh3u9986falecy5re7hjk4w4l54tp2l3sqlhhkrzzhgw0yz65cs,500000000,
77fe17c9183c07141659063cb5b511e5f957675b0698cfb0612248f046c8b725,2024-08-26T07:31:46.488000,sent,kaspa:qplg9tt6kksh3u9986falecy5re7hjk4w4l54tp2l3sqlhhkrzzhgw0yz65cs,500000000,
31ef515c9c61da0c73787fdc716954c57a9103525d644ca32e30aac8feb105b2,2024-08-26T07:28:45.359000,received,kaspa:qplg9tt6kksh3u9986falecy5re7hjk4w4l54tp2l3sqlhhkrzzhgw0yz65cs,938810434,
0f2943ffd8e2bbc3c22cdb06a31a2facc827fc15a31905f89864e8842fe6a7de,2024-08-24T11:42:40.382000,sent,kaspa:qplg9tt6kksh3u9986falecy5re7hjk4w4l54tp2l3sqlhhkrzzhgw0yz65cs,6500000000,
0f2943ffd8e2bbc3c22cdb06a31a2facc827fc15a31905f89864e8842fe6a7de,2024-08-24T11:42:40.382000,sent,kaspa:qplg9tt6kksh3u9986falecy5re7hjk4w4l54tp2l3sqlhhkrzzhgw0yz65cs,6500000000,
b230825f60f20c8588248901b74de13365e3282b7013c368af6b975e63034316,2024-08-24T10:19:24.839000,received,kaspa:qplg9tt6kksh3u9986falecy5re7hjk4w4l54tp2l3sqlhhkrzzhgw0yz65cs,1937782999,
9b2f5be4be93e96121ca8d404615e1a95051b5936b5f125b1068991a92e8b341,2024-08-24T10:05:37.597000,sent,kaspa:qplg9tt6kksh3u9986falecy5re7hjk4w4l54tp2l3sqlhhkrzzhgw0yz65cs,3000000000,
63d2386a435fc0f7036150730e3a62dc1a32f6f9bfa41a1b4127652edde6d82b,2024-07-27T10:19:36.567000,sent,kaspa:qq9zagcza4jt76eev9jl5z0nqhe0thcu7js8larktj4sle7lvgnw7sfcewlty,1000000000,
63d2386a435fc0f7036150730e3a62dc1a32f6f9bfa41a1b4127652edde6d82b,2024-07-27T10:19:36.567000,sent,kaspa:qq9zagcza4jt76eev9jl5z0nqhe0thcu7js8larktj4sle7lvgnw7sfcewlty,1000000000,
63d2386a435fc0f7036150730e3a62dc1a32f6f9bfa41a1b4127652edde6d82b,2024-07-27T10:19:36.567000,sent,kaspa:qq9zagcza4jt76eev9jl5z0nqhe0thcu7js8larktj4sle7lvgnw7sfcewlty,1000000000,
63d2386a435fc0f7036150730e3a62dc1a32f6f9bfa41a1b4127652edde6d82b,2024-07-27T10:19:36.567000,sent,kaspa:qq9zagcza4jt76eev9jl5z0nqhe0thcu7js8larktj4sle7lvgnw7sfcewlty,1000000000,
63d2386a435fc0f7036150730e3a62dc1a32f6f9bfa41a1b4127652edde6d82b,2024-07-27T10:19:36.567000,sent,kaspa:qq9zagcza4jt76eev9jl5z0nqhe0thcu7js8larktj4sle7lvgnw7sfcewlty,1000000000,
9ff8306a1483e9a6b80055a9db095616b60c4306f31837cb9f6aaeb60d3ca13a,2024-07-27T10:16:57.915000,received,kaspa:qq9zagcza4jt76eev9jl5z0nqhe0thcu7js8larktj4sle7lvgnw7sfcewlty,487282935,
53d738b342e6bd330226b534466f445efb20218093dbcbe90d0633bcb429f5d9,2024-07-27T10:03:19.384000,received,kaspa:qq9zagcza4jt76eev9jl5z0nqhe0thcu7js8larktj4sle7lvgnw7sfcewlty,945377580,
230ada3fcdcda879b403bff7a164348c1989994ff1971490d715557dc39be7fe,2024-07-26T09:23:38.565000,received,kaspa:qq9zagcza4jt76eev9jl5z0nqhe0thcu7js8larktj4sle7lvgnw7sfcewlty,477196037,
6a69a5734941d7552ade5e7afe7d9282ef118bb066a401476c34ea873fc6df67,2024-07-14T08:30:22.628000,received,kaspa:qru7mpntennz7q8558zjn0lsdfcunqj43jm5p7pjrcqzptzyk9djz5a30ky2k,105000000,
6a69a5734941d7552ade5e7afe7d9282ef118bb066a401476c34ea873fc6df67,2024-07-14T08:30:22.628000,received,kaspa:qru7mpntennz7q8558zjn0lsdfcunqj43jm5p7pjrcqzptzyk9djz5a30ky2k,105000000,
6a69a5734941d7552ade5e7afe7d9282ef118bb066a401476c34ea873fc6df67,2024-07-14T08:30:22.628000,received,kaspa:qru7mpntennz7q8558zjn0lsdfcunqj43jm5p7pjrcqzptzyk9djz5a30ky2k,105000000,
6a69a5734941d7552ade5e7afe7d9282ef118bb066a401476c34ea873fc6df67,2024-07-14T08:30:22.628000,received,kaspa:qru7mpntennz7q8558zjn0lsdfcunqj43jm5p7pjrcqzptzyk9djz5a30ky2k,105000000,
6a69a5734941d7552ade5e7afe7d9282ef118bb066a401476c34ea873fc6df67,2024-07-14T08:30:22.628000,received,kaspa:qru7mpntennz7q8558zjn0lsdfcunqj43jm5p7pjrcqzptzyk9djz5a30ky2k,105000000,
6a69a5734941d7552ade5e7afe7d9282ef118bb066a401476c34ea873fc6df67,2024-07-14T08:30:22.628000,received,kaspa:qru7mpntennz7q8558zjn0lsdfcunqj43jm5p7pjrcqzptzyk9djz5a30ky2k,105000000,
6a69a5734941d7552ade5e7afe7d9282ef118bb066a401476c34ea873fc6df67,2024-07-14T08:30:22.628000,received,kaspa:qru7mpntennz7q8558zjn0lsdfcunqj43jm5p7pjrcqzptzyk9djz5a30ky2k,105000000,
6a69a5734941d7552ade5e7afe7d9282ef118bb066a401476c34ea873fc6df67,2024-07-14T08:30:22.628000,received,kaspa:qru7mpntennz7q8558zjn0lsdfcunqj43jm5p7pjrcqzptzyk9djz5a30ky2k,105000000,
6a69a5734941d7552ade5e7afe7d9282ef118bb066a401476c34ea873fc6df67,2024-07-14T08:30:22.628000,received,kaspa:qru7mpntennz7q8558zjn0lsdfcunqj43jm5p7pjrcqzptzyk9djz5a30ky2k,105000000,
6a69a5734941d7552ade5e7afe7d9282ef118bb066a401476c34ea873fc6df67,2024-07-14T08:30:22.628000,received,kaspa:qru7mpntennz7q8558zjn0lsdfcunqj43jm5p7pjrcqzptzyk9djz5a30ky2k,105000000,
6a69a5734941d7552ade5e7afe7d9282ef118bb066a401476c34ea873fc6df67,2024-07-14T08:30:22.628000,received,kaspa:qru7mpntennz7q8558zjn0lsdfcunqj43jm5p7pjrcqzptzyk9djz5a30ky2k,105000000,
6a69a5734941d7552ade5e7afe7d9282ef118bb066a401476c34ea873fc6df67,2024-07-14T08:30:22.628000,received,kaspa:qru7mpntennz7q8558zjn0lsdfcunqj43jm5p7pjrcqzptzyk9djz5a30ky2k,105000000,
95c198adb312a07ec3c46d6dc13bb676fa7fe87e5dba7a85bd7f151bc064efc5,2024-07-14T08:19:29.300000,sent,kaspa:qqwnn0u78gu3pagsdzrjwdle23tdrtwq2j74ryylag2quaer4dv05c6r4qysa,100000000,
a8de4dbcb2c3d77f3b9a1081e93db1775c70672c40c2ecad351dcacfa6b68119,2024-07-03T04:50:03.044000,sent,kaspa:qqwnn0u78gu3pagsdzrjwdle23tdrtwq2j74ryylag2quaer4dv05c6r4qysa,200000000,
7404a6e5424d88a07bb0f1d8abb0c49df4f987be7093509f7bd465187b26ba49,2024-07-01T09:29:04.846000,sent,kaspa:qrjr8e43wk9qfwefpxrkzdr0at4gwm8ltnrcwvmjfw0yfl9584hxvwym438vh,10000000000,
de93a3434d0594e0983ab28d8f4fd0f52b7f1427f5649dffb62b256c1926c713,2024-06-28T04:01:57.623000,sent,kaspa:qq9zagcza4jt76eev9jl5z0nqhe0thcu7js8larktj4sle7lvgnw7sfcewlty,100000000,
51d5b6a2842f7008a6fa5e56a406811eae7a1eeb8c8d3dbb7b668a5395fcd6b2,2024-06-28T03:55:10.358000,sent,kaspa:qq9zagcza4jt76eev9jl5z0nqhe0thcu7js8larktj4sle7lvgnw7sfcewlty,100000000,
f4b1a317b3fca44e96988e73580a9bb9c7e2bb38b48d4912b85a813c3c59ab57,2024-06-28T03:54:46.921000,sent,kaspa:qq9zagcza4jt76eev9jl5z0nqhe0thcu7js8larktj4sle7lvgnw7sfcewlty,100000000,
dc0b8caf499ffd9896b08cad754bfdcb620ac357185d6916183d18ac6f57b7cc,2024-06-12T14:18:54.636000,sent,kaspa:qq9zagcza4jt76eev9jl5z0nqhe0thcu7js8larktj4sle7lvgnw7sfcewlty,100000000,
97482d7e830fe9b75c47245b7c860ca4166f1a9ff9cded0cb51fbc59e1a5375a,2024-06-12T14:06:23.004000,sent,kaspa:qq9zagcza4jt76eev9jl5z0nqhe0thcu7js8larktj4sle7lvgnw7sfcewlty,100000000,
d917b85807d8d4aa05c8dab7c0675c469ed4f16da771bdba2f54135a5b1e16ed,2024-06-12T13:56:50.228000,sent,kaspa:qq9zagcza4jt76eev9jl5z0nqhe0thcu7js8larktj4sle7lvgnw7sfcewlty,100000000,
80a10375413771dd9daddb7c0dba2e5e56b89f0747607d8b982dedd62d19c740,2024-06-12T13:52:28.971000,sent,kaspa:qq9zagcza4jt76eev9jl5z0nqhe0thcu7js8larktj4sle7lvgnw7sfcewlty,300000000,
65c34000797d72bc5ff07765087b2355b5932e0f6512cc5070c791f94b4fea71,2024-06-12T13:48:36.666000,sent,kaspa:qq9zagcza4jt76eev9jl5z0nqhe0thcu7js8larktj4sle7lvgnw7sfcewlty,1000000000,
63330e9ea0d9597ed83d3e088075a30307fcea3395319e4eb6f4c25c93f6e965,2024-06-12T13:43:49.910000,sent,kaspa:qq9zagcza4jt76eev9jl5z0nqhe0thcu7js8larktj4sle7lvgnw7sfcewlty,100000000,
c891ed3d560ba6fd637bc887e6cdfca667c1d82d9b3c7d4c2f80ed60145eadd6,2024-06-12T13:38:46.538000,sent,kaspa:qq9zagcza4jt76eev9jl5z0nqhe0thcu7js8larktj4sle7lvgnw7sfcewlty,100000000,
0728db478f12d8da0a0c732bb41acd810c843ae441b6713211108aeac727a661,2024-06-12T13:34:34.215000,sent,kaspa:qq9zagcza4jt76eev9jl5z0nqhe0thcu7js8larktj4sle7lvgnw7sfcewlty,100000000,
0728db478f12d8da0a0c732bb41acd810c843ae441b6713211108aeac727a661,2024-06-12T13:34:34.215000,sent,kaspa:qq9zagcza4jt76eev9jl5z0nqhe0thcu7js8larktj4sle7lvgnw7sfcewlty,100000000,
1de0835c32f73c34da48bcffaf58b5c7e781efde8bf023681b4fc23ba417987a,2024-05-17T02:22:30.080000,sent,kaspa:qz9x8u2p3wy8qhx4e5lytd0tht3n6czl8z329d68ahcc5ey0rzzh2g0pz3ls2,200000000,
5a272d583843ea5c0961d3d9d09150cec176ef2ec7ca830e90f1ae9e80f50133,2024-02-07T12:39:47.934000,sent,kaspa:qq9zagcza4jt76eev9jl5z0nqhe0thcu7js8larktj4sle7lvgnw7sfcewlty,1000000000,
6987229590886d376ffdcdc70786f6d212c8be3c84e2bb93bdf527813b28be86,2024-02-07T12:02:23.207000,sent,kaspa:qq9zagcza4jt76eev9jl5z0nqhe0thcu7js8larktj4sle7lvgnw7sfcewlty,1000000000,
888dd771f53d4a4654e45bcd91db86b0a359f686840aa0a28aaf7b0b758ab545,2024-02-07T11:38:54.876000,sent,kaspa:qq9zagcza4jt76eev9jl5z0nqhe0thcu7js8larktj4sle7lvgnw7sfcewlty,1000000000,
6547c49eb922a9c13182b1cc797660124b90dfd04e5ba28a7820106be4784383,2024-02-07T11:34:00.008000,sent,kaspa:qq9zagcza4jt76eev9jl5z0nqhe0thcu7js8larktj4sle7lvgnw7sfcewlty,1000000000,
c6c6a2bed799e0fdb6254ecd1c1b8689c8cf9b64725d11d7411e4f33c241796f,2024-02-07T10:36:18.687000,sent,kaspa:qq9zagcza4jt76eev9jl5z0nqhe0thcu7js8larktj4sle7lvgnw7sfcewlty,3000000000,
51742a62186acb234447c483407c797eb03350303c249effcaa50ce1261343f5,2024-02-07T10:18:27.439000,sent,kaspa:qq9zagcza4jt76eev9jl5z0nqhe0thcu7js8larktj4sle7lvgnw7sfcewlty,2000000000,
51742a62186acb234447c483407c797eb03350303c249effcaa50ce1261343f5,2024-02-07T10:18:27.439000,sent,kaspa:qq9zagcza4jt76eev9jl5z0nqhe0thcu7js8larktj4sle7lvgnw7sfcewlty,2000000000,
51742a62186acb234447c483407c797eb03350303c249effcaa50ce1261343f5,2024-02-07T10:18:27.439000,sent,kaspa:qq9zagcza4jt76eev9jl5z0nqhe0thcu7js8larktj4sle7lvgnw7sfcewlty,2000000000,
6f94a98cdd8faa0f219ff38d583fa1e434b0fdd722e166ef524328591754b7a3,2024-02-07T09:38:56.106000,received,kaspa:qq9zagcza4jt76eev9jl5z0nqhe0thcu7js8larktj4sle7lvgnw7sfcewlty,9133065496,
6f94a98cdd8faa0f219ff38d583fa1e434b0fdd722e166ef524328591754b7a3,2024-02-07T09:38:56.106000,received,kaspa:qq9zagcza4jt76eev9jl5z0nqhe0thcu7js8larktj4sle7lvgnw7sfcewlty,9133065496,
6f94a98cdd8faa0f219ff38d583fa1e434b0fdd722e166ef524328591754b7a3,2024-02-07T09:38:56.106000,received,kaspa:qq9zagcza4jt76eev9jl5z0nqhe0thcu7js8larktj4sle7lvgnw7sfcewlty,9133065496,
6f94a98cdd8faa0f219ff38d583fa1e434b0fdd722e166ef524328591754b7a3,2024-02-07T09:38:56.106000,received,kaspa:qq9zagcza4jt76eev9jl5z0nqhe0thcu7js8larktj4sle7lvgnw7sfcewlty,9133065496,
6f94a98cdd8faa0f219ff38d583fa1e434b0fdd722e166ef524328591754b7a3,2024-02-07T09:38:56.106000,received,kaspa:qq9zagcza4jt76eev9jl5z0nqhe0thcu7js8larktj4sle7lvgnw7sfcewlty,9133065496,
ebe2e38184dc5f69fab26ec4e8f446eb4f251317d2aeb7700fbb8b881c02e420,2024-02-04T08:46:21.714000,received,kaspa:qq9zagcza4jt76eev9jl5z0nqhe0thcu7js8larktj4sle7lvgnw7sfcewlty,4248014626,
ebe2e38184dc5f69fab26ec4e8f446eb4f251317d2aeb7700fbb8b881c02e420,2024-02-04T08:46:21.714000,received,kaspa:qq9zagcza4jt76eev9jl5z0nqhe0thcu7js8larktj4sle7lvgnw7sfcewlty,4248014626,
925ec5bdca5cf5c8036b1723a5f88b0f8cef905746cfd66ad6ae0fd16d9165ce,2024-01-30T03:11:02.744000,sent,kaspa:qrjr8e43wk9qfwefpxrkzdr0at4gwm8ltnrcwvmjfw0yfl9584hxvwym438vh,3000000000,
2b5cb5ba1a3d5065394e515a5fea65c8f046d30244b2e71ec7fa5fd6c66c0a30,2024-01-29T12:29:09.318000,sent,kaspa:qrjr8e43wk9qfwefpxrkzdr0at4gwm8ltnrcwvmjfw0yfl9584hxvwym438vh,3000000000,
2b5cb5ba1a3d5065394e515a5fea65c8f046d30244b2e71ec7fa5fd6c66c0a30,2024-01-29T12:29:09.318000,sent,kaspa:qrjr8e43wk9qfwefpxrkzdr0at4gwm8ltnrcwvmjfw0yfl9584hxvwym438vh,3000000000,
2b5cb5ba1a3d5065394e515a5fea65c8f046d30244b2e71ec7fa5fd6c66c0a30,2024-01-29T12:29:09.318000,sent,kaspa:qrjr8e43wk9qfwefpxrkzdr0at4gwm8ltnrcwvmjfw0yfl9584hxvwym438vh,3000000000,
2b5cb5ba1a3d5065394e515a5fea65c8f046d30244b2e71ec7fa5fd6c66c0a30,2024-01-29T12:29:09.318000,sent,kaspa:qrjr8e43wk9qfwefpxrkzdr0at4gwm8ltnrcwvmjfw0yfl9584hxvwym438vh,3000000000,
3469ae8f87f373267e2f0fe6f5cb9d5de85f2ac661bcd677cd31633138ff1d0b,2024-01-28T08:37:38.148000,received,kaspa:qrjr8e43wk9qfwefpxrkzdr0at4gwm8ltnrcwvmjfw0yfl9584hxvwym438vh,9994130940,
3469ae8f87f373267e2f0fe6f5cb9d5de85f2ac661bcd677cd31633138ff1d0b,2024-01-28T08:37:38.148000,received,kaspa:qrjr8e43wk9qfwefpxrkzdr0at4gwm8ltnrcwvmjfw0yfl9584hxvwym438vh,9994130940,
57518d576ccec6102f9a001510b2cee39177bc3d1942146c7a665f1c063ec3eb,2024-01-26T12:46:11.736000,received,kaspa:qrjr8e43wk9qfwefpxrkzdr0at4gwm8ltnrcwvmjfw0yfl9584hxvwym438vh,998630940,
91f8d486b7fd91766151d8274bd16e598131a7dab7e619a740355cfb3b559c27,2024-01-26T08:20:52.051000,received,kaspa:qrjr8e43wk9qfwefpxrkzdr0at4gwm8ltnrcwvmjfw0yfl9584hxvwym438vh,9994130940,
91f8d486b7fd91766151d8274bd16e598131a7dab7e619a740355cfb3b559c27,2024-01-26T08:20:52.051000,received,kaspa:qrjr8e43wk9qfwefpxrkzdr0at4gwm8ltnrcwvmjfw0yfl9584hxvwym438vh,9994130940,
0e71944287ec01f644a5103ce8fffa70a8dc9001b9667addbf11dc46379c75af,2024-01-26T08:19:29.615000,sent,kaspa:qrjr8e43wk9qfwefpxrkzdr0at4gwm8ltnrcwvmjfw0yfl9584hxvwym438vh,10000000000,
0e71944287ec01f644a5103ce8fffa70a8dc9001b9667addbf11dc46379c75af,2024-01-26T08:19:29.615000,sent,kaspa:qrjr8e43wk9qfwefpxrkzdr0at4gwm8ltnrcwvmjfw0yfl9584hxvwym438vh,10000000000,
6d7fa7e5facabcba26d00c3e7f83ed76a745492d3324bef45cff2546ed0c8243,2024-01-26T08:06:23.988000,received,kaspa:qrjr8e43wk9qfwefpxrkzdr0at4gwm8ltnrcwvmjfw0yfl9584hxvwym438vh,9994130940,
6d7fa7e5facabcba26d00c3e7f83ed76a745492d3324bef45cff2546ed0c8243,2024-01-26T08:06:23.988000,received,kaspa:qrjr8e43wk9qfwefpxrkzdr0at4gwm8ltnrcwvmjfw0yfl9584hxvwym438vh,9994130940,
2fa1151af26ddfbd489ac1ed36ad8b369a3ca5b6c243ef2f2a1dccb05e10eec2,2024-01-26T07:58:54.970000,sent,kaspa:qrjr8e43wk9qfwefpxrkzdr0at4gwm8ltnrcwvmjfw0yfl9584hxvwym438vh,10000000000,
2fa1151af26ddfbd489ac1ed36ad8b369a3ca5b6c243ef2f2a1dccb05e10eec2,2024-01-26T07:58:54.970000,sent,kaspa:qrjr8e43wk9qfwefpxrkzdr0at4gwm8ltnrcwvmjfw0yfl9584hxvwym438vh,10000000000,
00ea617875476221c8f0e71db00973b5b61ef93b3a632bd2ee6e499794480880,2024-01-25T18:22:22.744000,received,kaspa:qrjr8e43wk9qfwefpxrkzdr0at4gwm8ltnrcwvmjfw0yfl9584hxvwym438vh,9995000000,
00ea617875476221c8f0e71db00973b5b61ef93b3a632bd2ee6e499794480880,2024-01-25T18:22:22.744000,received,kaspa:qrjr8e43wk9qfwefpxrkzdr0at4gwm8ltnrcwvmjfw0yfl9584hxvwym438vh,9995000000,
00ea617875476221c8f0e71db00973b5b61ef93b3a632bd2ee6e499794480880,2024-01-25T18:22:22.744000,received,kaspa:qrjr8e43wk9qfwefpxrkzdr0at4gwm8ltnrcwvmjfw0yfl9584hxvwym438vh,9995000000,
00ea617875476221c8f0e71db00973b5b61ef93b3a632bd2ee6e499794480880,2024-01-25T18:22:22.744000,received,kaspa:qrjr8e43wk9qfwefpxrkzdr0at4gwm8ltnrcwvmjfw0yfl9584hxvwym438vh,9995000000,
00ea617875476221c8f0e71db00973b5b61ef93b3a632bd2ee6e499794480880,2024-01-25T18:22:22.744000,received,kaspa:qrjr8e43wk9qfwefpxrkzdr0at4gwm8ltnrcwvmjfw0yfl9584hxvwym438vh,9995000000,
0fc1d02ed43d72b21e8dc1ac65bdb6abca3a1c2dc0a99facc1e588b1ef8fd02e,2024-01-25T18:21:22.878000,sent,kaspa:qrjr8e43wk9qfwefpxrkzdr0at4gwm8ltnrcwvmjfw0yfl9584hxvwym438vh,11000000000,
fe01ebefa1a66a997b83cb3f0c95a105e0dcea2d0f43be2372edafc9f8c6c049,2024-01-25T17:17:37.262000,sent,kaspa:qrjr8e43wk9qfwefpxrkzdr0at4gwm8ltnrcwvmjfw0yfl9584hxvwym438vh,100000000,
6b8d7bed89505e793a2a7047ba35d2aa2b4e0048f2af3edae7ae25fc97b98410,2024-01-25T17:16:22.364000,sent,kaspa:qrjr8e43wk9qfwefpxrkzdr0at4gwm8ltnrcwvmjfw0yfl9584hxvwym438vh,100000000,
dbf07d8ac68b98c9ca39af13d163e07dd7678382b47cd1e1b28cfc5228e336b6,2024-01-25T17:14:39.758000,sent,kaspa:qrjr8e43wk9qfwefpxrkzdr0at4gwm8ltnrcwvmjfw0yfl9584hxvwym438vh,100000000,
4d8a8ab415c96dff8138925333fff6786e1856f1f3d86bb63e50250adfe2aa80,2024-01-25T17:11:04.520000,sent,kaspa:qrjr8e43wk9qfwefpxrkzdr0at4gwm8ltnrcwvmjfw0yfl9584hxvwym438vh,100000000,
d005247f92708a666316b02e108fecc841551a4105518ce6b540a72ce535fb33,2024-01-25T06:13:57.472000,sent,kaspa:qq9zagcza4jt76eev9jl5z0nqhe0thcu7js8larktj4sle7lvgnw7sfcewlty,123456,
d005247f92708a666316b02e108fecc841551a4105518ce6b540a72ce535fb33,2024-01-25T06:13:57.472000,sent,kaspa:qq9zagcza4jt76eev9jl5z0nqhe0thcu7js8larktj4sle7lvgnw7sfcewlty,123456,
7c275baa456b1710d429aa0b839fdd54c0e37f4594bce9896a3e93e10d36dfde,2024-01-24T14:57:55.374000,received,kaspa:qq9zagcza4jt76eev9jl5z0nqhe0thcu7js8larktj4sle7lvgnw7sfcewlty,5500000000,
7c275baa456b1710d429aa0b839fdd54c0e37f4594bce9896a3e93e10d36dfde,2024-01-24T14:57:55.374000,received,kaspa:qq9zagcza4jt76eev9jl5z0nqhe0thcu7js8larktj4sle7lvgnw7sfcewlty,5500000000,
7c275baa456b1710d429aa0b839fdd54c0e37f4594bce9896a3e93e10d36dfde,2024-01-24T14:57:55.374000,received,kaspa:qq9zagcza4jt76eev9jl5z0nqhe0thcu7js8larktj4sle7lvgnw7sfcewlty,5500000000,
cab090f56c05c60205e3f650916b6c1529fb512853dd91b9e142522bd3e6db6d,2024-01-24T14:54:39.421000,sent,kaspa:qq9zagcza4jt76eev9jl5z0nqhe0thcu7js8larktj4sle7lvgnw7sfcewlty,123456,
87ec11fa9aaad12e7ecafee88e1b27669eb5f4234158d1600841cf9672bf6d4f,2024-01-24T14:42:10.723000,sent,kaspa:qq9zagcza4jt76eev9jl5z0nqhe0thcu7js8larktj4sle7lvgnw7sfcewlty,100000000,
87ec11fa9aaad12e7ecafee88e1b27669eb5f4234158d1600841cf9672bf6d4f,2024-01-24T14:42:10.723000,sent,kaspa:qq9zagcza4jt76eev9jl5z0nqhe0thcu7js8larktj4sle7lvgnw7sfcewlty,100000000,
72416900f84d72b2565d8be9fd7d929e5b90216469f89ea600e2232ab5469d2c,2024-01-23T05:24:39.634000,sent,kaspa:qphtpvnccpwj5yelc2wr6k0gy9fzcukvhp5wf330hpdue87e574hc9a8deey2,1000000000,
aa76e1a857c159b8b5c92ea8b8fa9bdf20121d764594c34d1b5fa77a09a9b4df,2023-12-01T03:10:51.198000,sent,kaspa:qqwvnkp47wsj6n4hkdlgj8dsauyx0xvefunnwvvsmpq2udd0ka8ckmpuqw3k5,100000000,
2037db0cbfd658b935218c43e9327b150b7addeb5904c7241e12e09a9b89c0e7,2023-11-06T11:04:05.600000,sent,kaspa:qqwvnkp47wsj6n4hkdlgj8dsauyx0xvefunnwvvsmpq2udd0ka8ckmpuqw3k5,100000000,
32cd41d6981e664ab1267916042f556cab51b03abce8d03f2a6e40fd32912d1d,2023-11-06T11:03:11.717000,sent,kaspa:qqwvnkp47wsj6n4hkdlgj8dsauyx0xvefunnwvvsmpq2udd0ka8ckmpuqw3k5,100000000,
cd4fa7c1c01929ea133a557d3eb43b0008a7622b2308adf60e7a043ed99de5b4,2023-10-17T07:23:48.879000,sent,kaspa:qp5mnk49xlqtzu9wtt2hqlm9xtqt9kms2ln58eam4tmn52js04eeydjrcxtvu,100000000,
cd4fa7c1c01929ea133a557d3eb43b0008a7622b2308adf60e7a043ed99de5b4,2023-10-17T07:23:48.879000,sent,kaspa:qp5mnk49xlqtzu9wtt2hqlm9xtqt9kms2ln58eam4tmn52js04eeydjrcxtvu,100000000,
5f9a466b8badcd263271518247ad288b94d88442ac5ca63f28005e57a0718c6d,2023-10-17T07:20:08.584000,received,kaspa:qp5mnk49xlqtzu9wtt2hqlm9xtqt9kms2ln58eam4tmn52js04eeydjrcxtvu,100000000,
5f9a466b8badcd263271518247ad288b94d88442ac5ca63f28005e57a0718c6d,2023-10-17T07:20:08.584000,received,kaspa:qp5mnk49xlqtzu9wtt2hqlm9xtqt9kms2ln58eam4tmn52js04eeydjrcxtvu,100000000,
5f9a466b8badcd263271518247ad288b94d88442ac5ca63f28005e57a0718c6d,2023-10-17T07:20:08.584000,received,kaspa:qp5mnk49xlqtzu9wtt2hqlm9xtqt9kms2ln58eam4tmn52js04eeydjrcxtvu,100000000,
5f9a466b8badcd263271518247ad288b94d88442ac5ca63f28005e57a0718c6d,2023-10-17T07:20:08.584000,received,kaspa:qp5mnk49xlqtzu9wtt2hqlm9xtqt9kms2ln58eam4tmn52js04eeydjrcxtvu,100000000,
5f9a466b8badcd263271518247ad288b94d88442ac5ca63f28005e57a0718c6d,2023-10-17T07:20:08.584000,received,kaspa:qp5mnk49xlqtzu9wtt2hqlm9xtqt9kms2ln58eam4tmn52js04eeydjrcxtvu,100000000,
5f9a466b8badcd263271518247ad288b94d88442ac5ca63f28005e57a0718c6d,2023-10-17T07:20:08.584000,received,kaspa:qp5mnk49xlqtzu9wtt2hqlm9xtqt9kms2ln58eam4tmn52js04eeydjrcxtvu,100000000,
5f9a466b8badcd263271518247ad288b94d88442ac5ca63f28005e57a0718c6d,2023-10-17T07:20:08.584000,received,kaspa:qp5mnk49xlqtzu9wtt2hqlm9xtqt9kms2ln58eam4tmn52js04eeydjrcxtvu,100000000,
5f9a466b8badcd263271518247ad288b94d88442ac5ca63f28005e57a0718c6d,2023-10-17T07:20:08.584000,received,kaspa:qp5mnk49xlqtzu9wtt2hqlm9xtqt9kms2ln58eam4tmn52js04eeydjrcxtvu,100000000,
5f9a466b8badcd263271518247ad288b94d88442ac5ca63f28005e57a0718c6d,2023-10-17T07:20:08.584000,received,kaspa:qp5mnk49xlqtzu9wtt2hqlm9xtqt9kms2ln58eam4tmn52js04eeydjrcxtvu,100000000,
5f9a466b8badcd263271518247ad288b94d88442ac5ca63f28005e57a0718c6d,2023-10-17T07:20:08.584000,received,kaspa:qp5mnk49xlqtzu9wtt2hqlm9xtqt9kms2ln58eam4tmn52js04eeydjrcxtvu,100000000,
5f9a466b8badcd263271518247ad288b94d88442ac5ca63f28005e57a0718c6d,2023-10-17T07:20:08.584000,received,kaspa:qp5mnk49xlqtzu9wtt2hqlm9xtqt9kms2ln58eam4tmn52js04eeydjrcxtvu,100000000,
5f9a466b8badcd263271518247ad288b94d88442ac5ca63f28005e57a0718c6d,2023-10-17T07:20:08.584000,received,kaspa:qp5mnk49xlqtzu9wtt2hqlm9xtqt9kms2ln58eam4tmn52js04eeydjrcxtvu,100000000,
5f9a466b8badcd263271518247ad288b94d88442ac5ca63f28005e57a0718c6d,2023-10-17T07:20:08.584000,received,kaspa:qp5mnk49xlqtzu9wtt2hqlm9xtqt9kms2ln58eam4tmn52js04eeydjrcxtvu,100000000,
5f9a466b8badcd263271518247ad288b94d88442ac5ca63f28005e57a0718c6d,2023-10-17T07:20:08.584000,received,kaspa:qp5mnk49xlqtzu9wtt2hqlm9xtqt9kms2ln58eam4tmn52js04eeydjrcxtvu,100000000,
5f9a466b8badcd263271518247ad288b94d88442ac5ca63f28005e57a0718c6d,2023-10-17T07:20:08.584000,received,kaspa:qp5mnk49xlqtzu9wtt2hqlm9xtqt9kms2ln58eam4tmn52js04eeydjrcxtvu,100000000,
5f9a466b8badcd263271518247ad288b94d88442ac5ca63f28005e57a0718c6d,2023-10-17T07:20:08.584000,received,kaspa:qp5mnk49xlqtzu9wtt2hqlm9xtqt9kms2ln58eam4tmn52js04eeydjrcxtvu,100000000,
5f9a466b8badcd263271518247ad288b94d88442ac5ca63f28005e57a0718c6d,2023-10-17T07:20:08.584000,received,kaspa:qp5mnk49xlqtzu9wtt2hqlm9xtqt9kms2ln58eam4tmn52js04eeydjrcxtvu,100000000,
5f9a466b8badcd263271518247ad288b94d88442ac5ca63f28005e57a0718c6d,2023-10-17T07:20:08.584000,received,kaspa:qp5mnk49xlqtzu9wtt2hqlm9xtqt9kms2ln58eam4tmn52js04eeydjrcxtvu,100000000,
5f9a466b8badcd263271518247ad288b94d88442ac5ca63f28005e57a0718c6d,2023-10-17T07:20:08.584000,received,kaspa:qp5mnk49xlqtzu9wtt2hqlm9xtqt9kms2ln58eam4tmn52js04eeydjrcxtvu,100000000,
5f9a466b8badcd263271518247ad288b94d88442ac5ca63f28005e57a0718c6d,2023-10-17T07:20:08.584000,received,kaspa:qp5mnk49xlqtzu9wtt2hqlm9xtqt9kms2ln58eam4tmn52js04eeydjrcxtvu,100000000,
5f9a466b8badcd263271518247ad288b94d88442ac5ca63f28005e57a0718c6d,2023-10-17T07:20:08.584000,received,kaspa:qp5mnk49xlqtzu9wtt2hqlm9xtqt9kms2ln58eam4tmn52js04eeydjrcxtvu,100000000,
5f9a466b8badcd263271518247ad288b94d88442ac5ca63f28005e57a0718c6d,2023-10-17T07:20:08.584000,received,kaspa:qp5mnk49xlqtzu9wtt2hqlm9xtqt9kms2ln58eam4tmn52js04eeydjrcxtvu,100000000,
5f9a466b8badcd263271518247ad288b94d88442ac5ca63f28005e57a0718c6d,2023-10-17T07:20:08.584000,received,kaspa:qp5mnk49xlqtzu9wtt2hqlm9xtqt9kms2ln58eam4tmn52js04eeydjrcxtvu,100000000,
5f9a466b8badcd263271518247ad288b94d88442ac5ca63f28005e57a0718c6d,2023-10-17T07:20:08.584000,received,kaspa:qp5mnk49xlqtzu9wtt2hqlm9xtqt9kms2ln58eam4tmn52js04eeydjrcxtvu,100000000,
5f9a466b8badcd263271518247ad288b94d88442ac5ca63f28005e57a0718c6d,2023-10-17T07:20:08.584000,received,kaspa:qp5mnk49xlqtzu9wtt2hqlm9xtqt9kms2ln58eam4tmn52js04eeydjrcxtvu,100000000,
5f9a466b8badcd263271518247ad288b94d88442ac5ca63f28005e57a0718c6d,2023-10-17T07:20:08.584000,received,kaspa:qp5mnk49xlqtzu9wtt2hqlm9xtqt9kms2ln58eam4tmn52js04eeydjrcxtvu,100000000,
5f9a466b8badcd263271518247ad288b94d88442ac5ca63f28005e57a0718c6d,2023-10-17T07:20:08.584000,received,kaspa:qp5mnk49xlqtzu9wtt2hqlm9xtqt9kms2ln58eam4tmn52js04eeydjrcxtvu,100000000,
5f9a466b8badcd263271518247ad288b94d88442ac5ca63f28005e57a0718c6d,2023-10-17T07:20:08.584000,received,kaspa:qp5mnk49xlqtzu9wtt2hqlm9xtqt9kms2ln58eam4tmn52js04eeydjrcxtvu,100000000,
5f9a466b8badcd263271518247ad288b94d88442ac5ca63f28005e57a0718c6d,2023-10-17T07:20:08.584000,received,kaspa:qp5mnk49xlqtzu9wtt2hqlm9xtqt9kms2ln58eam4tmn52js04eeydjrcxtvu,100000000,
5f9a466b8badcd263271518247ad288b94d88442ac5ca63f28005e57a0718c6d,2023-10-17T07:20:08.584000,received,kaspa:qp5mnk49xlqtzu9wtt2hqlm9xtqt9kms2ln58eam4tmn52js04eeydjrcxtvu,100000000,
5f9a466b8badcd263271518247ad288b94d88442ac5ca63f28005e57a0718c6d,2023-10-17T07:20:08.584000,received,kaspa:qp5mnk49xlqtzu9wtt2hqlm9xtqt9kms2ln58eam4tmn52js04eeydjrcxtvu,100000000,
5f9a466b8badcd263271518247ad288b94d88442ac5ca63f28005e57a0718c6d,2023-10-17T07:20:08.584000,received,kaspa:qp5mnk49xlqtzu9wtt2hqlm9xtqt9kms2ln58eam4tmn52js04eeydjrcxtvu,100000000,
5f9a466b8badcd263271518247ad288b94d88442ac5ca63f28005e57a0718c6d,2023-10-17T07:20:08.584000,received,kaspa:qp5mnk49xlqtzu9wtt2hqlm9xtqt9kms2ln58eam4tmn52js04eeydjrcxtvu,100000000,
5f9a466b8badcd263271518247ad288b94d88442ac5ca63f28005e57a0718c6d,2023-10-17T07:20:08.584000,received,kaspa:qp5mnk49xlqtzu9wtt2hqlm9xtqt9kms2ln58eam4tmn52js04eeydjrcxtvu,100000000,
5f9a466b8badcd263271518247ad288b94d88442ac5ca63f28005e57a0718c6d,2023-10-17T07:20:08.584000,received,kaspa:qp5mnk49xlqtzu9wtt2hqlm9xtqt9kms2ln58eam4tmn52js04eeydjrcxtvu,100000000,
5f9a466b8badcd263271518247ad288b94d88442ac5ca63f28005e57a0718c6d,2023-10-17T07:20:08.584000,received,kaspa:qp5mnk49xlqtzu9wtt2hqlm9xtqt9kms2ln58eam4tmn52js04eeydjrcxtvu,100000000,
5f9a466b8badcd263271518247ad288b94d88442ac5ca63f28005e57a0718c6d,2023-10-17T07:20:08.584000,received,kaspa:qp5mnk49xlqtzu9wtt2hqlm9xtqt9kms2ln58eam4tmn52js04eeydjrcxtvu,100000000,
5f9a466b8badcd263271518247ad288b94d88442ac5ca63f28005e57a0718c6d,2023-10-17T07:20:08.584000,received,kaspa:qp5mnk49xlqtzu9wtt2hqlm9xtqt9kms2ln58eam4tmn52js04eeydjrcxtvu,100000000,
5f9a466b8badcd263271518247ad288b94d88442ac5ca63f28005e57a0718c6d,2023-10-17T07:20:08.584000,received,kaspa:qp5mnk49xlqtzu9wtt2hqlm9xtqt9kms2ln58eam4tmn52js04eeydjrcxtvu,100000000,
5f9a466b8badcd263271518247ad288b94d88442ac5ca63f28005e57a0718c6d,2023-10-17T07:20:08.584000,received,kaspa:qp5mnk49xlqtzu9wtt2hqlm9xtqt9kms2ln58eam4tmn52js04eeydjrcxtvu,100000000,
5f9a466b8badcd263271518247ad288b94d88442ac5ca63f28005e57a0718c6d,2023-10-17T07:20:08.584000,received,kaspa:qp5mnk49xlqtzu9wtt2hqlm9xtqt9kms2ln58eam4tmn52js04eeydjrcxtvu,100000000,
5f9a466b8badcd263271518247ad288b94d88442ac5ca63f28005e57a0718c6d,2023-10-17T07:20:08.584000,received,kaspa:qp5mnk49xlqtzu9wtt2hqlm9xtqt9kms2ln58eam4tmn52js04eeydjrcxtvu,100000000,
5f9a466b8badcd263271518247ad288b94d88442ac5ca63f28005e57a0718c6d,2023-10-17T07:20:08.584000,received,kaspa:qp5mnk49xlqtzu9wtt2hqlm9xtqt9kms2ln58eam4tmn52js04eeydjrcxtvu,100000000,
5f9a466b8badcd263271518247ad288b94d88442ac5ca63f28005e57a0718c6d,2023-10-17T07:20:08.584000,received,kaspa:qp5mnk49xlqtzu9wtt2hqlm9xtqt9kms2ln58eam4tmn52js04eeydjrcxtvu,100000000,
5f9a466b8badcd263271518247ad288b94d88442ac5ca63f28005e57a0718c6d,2023-10-17T07:20:08.584000,received,kaspa:qp5mnk49xlqtzu9wtt2hqlm9xtqt9kms2ln58eam4tmn52js04eeydjrcxtvu,100000000,
5f9a466b8badcd263271518247ad288b94d88442ac5ca63f28005e57a0718c6d,2023-10-17T07:20:08.584000,received,kaspa:qp5mnk49xlqtzu9wtt2hqlm9xtqt9kms2ln58eam4tmn52js04eeydjrcxtvu,100000000,
5f9a466b8badcd263271518247ad288b94d88442ac5ca63f28005e57a0718c6d,2023-10-17T07:20:08.584000,received,kaspa:qp5mnk49xlqtzu9wtt2hqlm9xtqt9kms2ln58eam4tmn52js04eeydjrcxtvu,100000000,
5f9a466b8badcd263271518247ad288b94d88442ac5ca63f28005e57a0718c6d,2023-10-17T07:20:08.584000,received,kaspa:qp5mnk49xlqtzu9wtt2hqlm9xtqt9kms2ln58eam4tmn52js04eeydjrcxtvu,100000000,
5f9a466b8badcd263271518247ad288b94d88442ac5ca63f28005e57a0718c6d,2023-10-17T07:20:08.584000,received,kaspa:qp5mnk49xlqtzu9wtt2hqlm9xtqt9kms2ln58eam4tmn52js04eeydjrcxtvu,100000000,
5f9a466b8badcd263271518247ad288b94d88442ac5ca63f28005e57a0718c6d,2023-10-17T07:20:08.584000,received,kaspa:qp5mnk49xlqtzu9wtt2hqlm9xtqt9kms2ln58eam4tmn52js04eeydjrcxtvu,100000000,
5f9a466b8badcd263271518247ad288b94d88442ac5ca63f28005e57a0718c6d,2023-10-17T07:20:08.584000,received,kaspa:qp5mnk49xlqtzu9wtt2hqlm9xtqt9kms2ln58eam4tmn52js04eeydjrcxtvu,100000000,
5f9a466b8badcd263271518247ad288b94d88442ac5ca63f28005e57a0718c6d,2023-10-17T07:20:08.584000,received,kaspa:qp5mnk49xlqtzu9wtt2hqlm9xtqt9kms2ln58eam4tmn52js04eeydjrcxtvu,100000000,
5f9a466b8badcd263271518247ad288b94d88442ac5ca63f28005e57a0718c6d,2023-10-17T07:20:08.584000,received,kaspa:qp5mnk49xlqtzu9wtt2hqlm9xtqt9kms2ln58eam4tmn52js04eeydjrcxtvu,100000000,
5f9a466b8badcd263271518247ad288b94d88442ac5ca63f28005e57a0718c6d,2023-10-17T07:20:08.584000,received,kaspa:qp5mnk49xlqtzu9wtt2hqlm9xtqt9kms2ln58eam4tmn52js04eeydjrcxtvu,100000000,
5f9a466b8badcd263271518247ad288b94d88442ac5ca63f28005e57a0718c6d,2023-10-17T07:20:08.584000,received,kaspa:qp5mnk49xlqtzu9wtt2hqlm9xtqt9kms2ln58eam4tmn52js04eeydjrcxtvu,100000000,
5f9a466b8badcd263271518247ad288b94d88442ac5ca63f28005e57a0718c6d,2023-10-17T07:20:08.584000,received,kaspa:qp5mnk49xlqtzu9wtt2hqlm9xtqt9kms2ln58eam4tmn52js04eeydjrcxtvu,100000000,
5f9a466b8badcd263271518247ad288b94d88442ac5ca63f28005e57a0718c6d,2023-10-17T07:20:08.584000,received,kaspa:qp5mnk49xlqtzu9wtt2hqlm9xtqt9kms2ln58eam4tmn52js04eeydjrcxtvu,100000000,
5f9a466b8badcd263271518247ad288b94d88442ac5ca63f28005e57a0718c6d,2023-10-17T07:20:08.584000,received,kaspa:qp5mnk49xlqtzu9wtt2hqlm9xtqt9kms2ln58eam4tmn52js04eeydjrcxtvu,100000000,
5f9a466b8badcd263271518247ad288b94d88442ac5ca63f28005e57a0718c6d,2023-10-17T07:20:08.584000,received,kaspa:qp5mnk49xlqtzu9wtt2hqlm9xtqt9kms2ln58eam4tmn52js04eeydjrcxtvu,100000000,
5f9a466b8badcd263271518247ad288b94d88442ac5ca63f28005e57a0718c6d,2023-10-17T07:20:08.584000,received,kaspa:qp5mnk49xlqtzu9wtt2hqlm9xtqt9kms2ln58eam4tmn52js04eeydjrcxtvu,100000000,
5f9a466b8badcd263271518247ad288b94d88442ac5ca63f28005e57a0718c6d,2023-10-17T07:20:08.584000,received,kaspa:qp5mnk49xlqtzu9wtt2hqlm9xtqt9kms2ln58eam4tmn52js04eeydjrcxtvu,100000000,
5f9a466b8badcd263271518247ad288b94d88442ac5ca63f28005e57a0718c6d,2023-10-17T07:20:08.584000,received,kaspa:qp5mnk49xlqtzu9wtt2hqlm9xtqt9kms2ln58eam4tmn52js04eeydjrcxtvu,100000000,
5f9a466b8badcd263271518247ad288b94d88442ac5ca63f28005e57a0718c6d,2023-10-17T07:20:08.584000,received,kaspa:qp5mnk49xlqtzu9wtt2hqlm9xtqt9kms2ln58eam4tmn52js04eeydjrcxtvu,100000000,
5f9a466b8badcd263271518247ad288b94d88442ac5ca63f28005e57a0718c6d,2023-10-17T07:20:08.584000,received,kaspa:qp5mnk49xlqtzu9wtt2hqlm9xtqt9kms2ln58eam4tmn52js04eeydjrcxtvu,100000000,
5f9a466b8badcd263271518247ad288b94d88442ac5ca63f28005e57a0718c6d,2023-10-17T07:20:08.584000,received,kaspa:qp5mnk49xlqtzu9wtt2hqlm9xtqt9kms2ln58eam4tmn52js04eeydjrcxtvu,100000000,
5f9a466b8badcd263271518247ad288b94d88442ac5ca63f28005e57a0718c6d,2023-10-17T07:20:08.584000,received,kaspa:qp5mnk49xlqtzu9wtt2hqlm9xtqt9kms2ln58eam4tmn52js04eeydjrcxtvu,100000000,
5f9a466b8badcd263271518247ad288b94d88442ac5ca63f28005e57a0718c6d,2023-10-17T07:20:08.584000,received,kaspa:qp5mnk49xlqtzu9wtt2hqlm9xtqt9kms2ln58eam4tmn52js04eeydjrcxtvu,100000000,
5f9a466b8badcd263271518247ad288b94d88442ac5ca63f28005e57a0718c6d,2023-10-17T07:20:08.584000,received,kaspa:qp5mnk49xlqtzu9wtt2hqlm9xtqt9kms2ln58eam4tmn52js04eeydjrcxtvu,100000000,
5f9a466b8badcd263271518247ad288b94d88442ac5ca63f28005e57a0718c6d,2023-10-17T07:20:08.584000,received,kaspa:qp5mnk49xlqtzu9wtt2hqlm9xtqt9kms2ln58eam4tmn52js04eeydjrcxtvu,100000000,
5f9a466b8badcd263271518247ad288b94d88442ac5ca63f28005e57a0718c6d,2023-10-17T07:20:08.584000,received,kaspa:qp5mnk49xlqtzu9wtt2hqlm9xtqt9kms2ln58eam4tmn52js04eeydjrcxtvu,100000000,
5f9a466b8badcd263271518247ad288b94d88442ac5ca63f28005e57a0718c6d,2023-10-17T07:20:08.584000,received,kaspa:qp5mnk49xlqtzu9wtt2hqlm9xtqt9kms2ln58eam4tmn52js04eeydjrcxtvu,100000000,
5f9a466b8badcd263271518247ad288b94d88442ac5ca63f28005e57a0718c6d,2023-10-17T07:20:08.584000,received,kaspa:qp5mnk49xlqtzu9wtt2hqlm9xtqt9kms2ln58eam4tmn52js04eeydjrcxtvu,100000000,
5f9a466b8badcd263271518247ad288b94d88442ac5ca63f28005e57a0718c6d,2023-10-17T07:20:08.584000,received,kaspa:qp5mnk49xlqtzu9wtt2hqlm9xtqt9kms2ln58eam4tmn52js04eeydjrcxtvu,100000000,
5f9a466b8badcd263271518247ad288b94d88442ac5ca63f28005e57a0718c6d,2023-10-17T07:20:08.584000,received,kaspa:qp5mnk49xlqtzu9wtt2hqlm9xtqt9kms2ln58eam4tmn52js04eeydjrcxtvu,100000000,
5f9a466b8badcd263271518247ad288b94d88442ac5ca63f28005e57a0718c6d,2023-10-17T07:20:08.584000,received,kaspa:qp5mnk49xlqtzu9wtt2hqlm9xtqt9kms2ln58eam4tmn52js04eeydjrcxtvu,100000000,
5f9a466b8badcd263271518247ad288b94d88442ac5ca63f28005e57a0718c6d,2023-10-17T07:20:08.584000,received,kaspa:qp5mnk49xlqtzu9wtt2hqlm9xtqt9kms2ln58eam4tmn52js04eeydjrcxtvu,100000000,
5f9a466b8badcd263271518247ad288b94d88442ac5ca63f28005e57a0718c6d,2023-10-17T07:20:08.584000,received,kaspa:qp5mnk49xlqtzu9wtt2hqlm9xtqt9kms2ln58eam4tmn52js04eeydjrcxtvu,100000000,
4bae8a4fbc909b1726513f8bb41c8a48d25e06114c6a22218f552998a0c48d80,2023-10-17T07:18:45.973000,sent,kaspa:qp5mnk49xlqtzu9wtt2hqlm9xtqt9kms2ln58eam4tmn52js04eeydjrcxtvu,100000000,
bc46d5747079d467288df96b96bd300d96e0098825428e267dbd3cf2ee1cff94,2023-10-17T03:56:00.974000,sent,kaspa:qrkkhprnmmqh3hdutvgpv8526j8azpk22dm99sdjr0yc4dngyzsp2ya708cuy,100000000,
afc83e773af8361ee11aa8f195e22c12f2723b5aee39269e5ce3cc854de193e4,2023-10-16T07:57:04.216000,sent,kaspa:qzy3m2zqdd0xskssrclju8e45f3ux4qeumvakayy44e62x70g0g8zlp6mzyfa,100000000,
1d85c28420ebd1b1ec5c631abf2a3161a62a7903e282c75e5810a47a9926fff0,2023-10-12T16:25:48.487000,sent,kaspa:qqwvnkp47wsj6n4hkdlgj8dsauyx0xvefunnwvvsmpq2udd0ka8ckmpuqw3k5,123456,
a3f6bde46c495e57290d18aaa0e352b50ec57258dc50f1adb878f6bc1b71f3ce,2023-09-29T03:12:13.037000,sent,kaspa:qqwvnkp47wsj6n4hkdlgj8dsauyx0xvefunnwvvsmpq2udd0ka8ckmpuqw3k5,123456,
87d36cc851887af9b7f1233facd54f63bec298ec9d97f4168a18a2659a30aa1d,2023-09-28T07:58:40.925000,sent,kaspa:qqwvnkp47wsj6n4hkdlgj8dsauyx0xvefunnwvvsmpq2udd0ka8ckmpuqw3k5,123456,
b08801e4e0bcf18030d0cab5524ca0bd421a4ca0372deabe6ba2e953f6e4471f,2023-09-28T07:57:34.049000,sent,kaspa:qqwvnkp47wsj6n4hkdlgj8dsauyx0xvefunnwvvsmpq2udd0ka8ckmpuqw3k5,123456,
a8c33c23014a819ac692d82f0018a1aa01739fb6a121c6e3a84ac7ca4805546a,2023-09-28T07:56:05.733000,sent,kaspa:qqwvnkp47wsj6n4hkdlgj8dsauyx0xvefunnwvvsmpq2udd0ka8ckmpuqw3k5,123456,
993186b48539c386334b2e80955efb2ae9351da580951002ee16b94bf21329e8,2023-09-26T05:21:56.964000,sent,kaspa:qqwvnkp47wsj6n4hkdlgj8dsauyx0xvefunnwvvsmpq2udd0ka8ckmpuqw3k5,123456,
f3ab2b73f741258373dc2120323ab7f4da54a32bcb828f772e91104e1e7f25fc,2023-09-26T05:20:57.943000,sent,kaspa:qqwvnkp47wsj6n4hkdlgj8dsauyx0xvefunnwvvsmpq2udd0ka8ckmpuqw3k5,123456,
7beecc73acbd0eded0390a21be87654c9d3931fc816abac953bb7036c88ba765,2023-09-25T06:53:16.748000,sent,kaspa:qqwvnkp47wsj6n4hkdlgj8dsauyx0xvefunnwvvsmpq2udd0ka8ckmpuqw3k5,123456,
53c5e5a4c14bf5fb389f92a4052d75f4344577861446799976bf1b90f8d64fc8,2023-09-25T06:52:40.087000,sent,kaspa:qqwvnkp47wsj6n4hkdlgj8dsauyx0xvefunnwvvsmpq2udd0ka8ckmpuqw3k5,123456,
ca95e788d9efa6b7f829dab6e4f6b9f6d98fa63e75469d54970d80781379bec4,2023-09-23T02:52:56.924000,sent,kaspa:qqwvnkp47wsj6n4hkdlgj8dsauyx0xvefunnwvvsmpq2udd0ka8ckmpuqw3k5,123456,
f2a6aee01db866534e5720b9c883797dd89014f8495d4f0ab0c890590bb12d89,2023-09-23T02:52:16.241000,sent,kaspa:qqwvnkp47wsj6n4hkdlgj8dsauyx0xvefunnwvvsmpq2udd0ka8ckmpuqw3k5,123456,
0cebf067cae4d9b271aa1f386ab21b52a2b06c5dd7cf19eff514c7a7c2475687,2023-09-23T02:51:29.815000,sent,kaspa:qqwvnkp47wsj6n4hkdlgj8dsauyx0xvefunnwvvsmpq2udd0ka8ckmpuqw3k5,123456,
6f80299125363b7b2f0bb7ae1f5464eb321c5be470dd0fc666bed026fd08ba78,2023-09-23T02:47:49.317000,sent,kaspa:qqwvnkp47wsj6n4hkdlgj8dsauyx0xvefunnwvvsmpq2udd0ka8ckmpuqw3k5,123456,
58884366239e0b8a9282f6e93215a8067c807a18508db804a9fd41484e20ad39,2023-09-23T02:46:57.562000,sent,kaspa:qqwvnkp47wsj6n4hkdlgj8dsauyx0xvefunnwvvsmpq2udd0ka8ckmpuqw3k5,123456,
9f818cd9a7cf8f8baf93ef9496ffa3d0045d8c78b41a3f4c75d8bb8e7ca138aa,2023-09-17T15:52:08.033000,sent,kaspa:qqwvnkp47wsj6n4hkdlgj8dsauyx0xvefunnwvvsmpq2udd0ka8ckmpuqw3k5,123456,
feaea60f7b76ef353eb509cc7c7244e67d1fc50b950da9fae39ffc8b62f0c8e1,2023-09-11T15:18:32.094000,sent,kaspa:qqwvnkp47wsj6n4hkdlgj8dsauyx0xvefunnwvvsmpq2udd0ka8ckmpuqw3k5,1006000000,
1ae815a638127925b679863c8f9d311b0f9f3756d5d81713fece0600af7db3f9,2023-09-11T14:59:48.045000,sent,kaspa:qphtpvnccpwj5yelc2wr6k0gy9fzcukvhp5wf330hpdue87e574hc9a8deey2,900000000,
7cecd0484e6113d42c01bac74a023fdfd20c467174e409fa54fe05bd8ecaa98b,2023-09-06T14:03:16.192000,sent,kaspa:qzv9lpxr3ae20xkggmxcncdjmzqx7t53rczzj6a3l9u6cqsu6tn5y68w5ga4e,20000000000,
13c902c0f16890f7cd144ab70fa1af1ef21c45c2547c12782ec2a0f114b2b53e,2023-08-10T16:49:55.565000,sent,kaspa:qru7mpntennz7q8558zjn0lsdfcunqj43jm5p7pjrcqzptzyk9djz5a30ky2k,8921129,
7ee746698b0d16177a8a184890af3dc798d8cb73c47f487712799afedd890f54,2023-08-10T15:42:27.842000,received,kaspa:qphtpvnccpwj5yelc2wr6k0gy9fzcukvhp5wf330hpdue87e574hc9a8deey2,30000000000,
7ee746698b0d16177a8a184890af3dc798d8cb73c47f487712799afedd890f54,2023-08-10T15:42:27.842000,received,kaspa:qphtpvnccpwj5yelc2wr6k0gy9fzcukvhp5wf330hpdue87e574hc9a8deey2,30000000000,
144afcd6e57c3cdaca7b3d78fb407fd443895225543a0f99835dd2cf95c081c2,2023-08-10T15:38:26.122000,sent,kaspa:qqwvnkp47wsj6n4hkdlgj8dsauyx0xvefunnwvvsmpq2udd0ka8ckmpuqw3k5,61891646452,
64d2260e037e2ca637964f51ceb2842980ff67e5f48d1978687ac90041e9e67a,2023-08-10T15:34:46.441000,sent,kaspa:qru7mpntennz7q8558zjn0lsdfcunqj43jm5p7pjrcqzptzyk9djz5a30ky2k,8921129,
82b8da3e219a4faaf9c55ef3164953d543fa819e9cb6616fcb0795f3c602f256,2023-08-10T15:09:00.348000,sent,kaspa:qru7mpntennz7q8558zjn0lsdfcunqj43jm5p7pjrcqzptzyk9djz5a30ky2k,8921129,
0031e63cfde4c2074ab62a96a8444827339a636a20241c9d864a9e4cbe206943,2023-08-10T05:11:49.434000,sent,kaspa:qru7mpntennz7q8558zjn0lsdfcunqj43jm5p7pjrcqzptzyk9djz5a30ky2k,8921129,
03962b8d7a6d19c550f13a250544215d09415cb357e4f53854e15258734e1162,2023-08-10T05:07:07.089000,sent,kaspa:qru7mpntennz7q8558zjn0lsdfcunqj43jm5p7pjrcqzptzyk9djz5a30ky2k,8921129,
c4d5dca74e5dc73a7902b39bc0264833ccc7a757a06021ae70f125895dc0ff46,2023-08-10T05:05:57.239000,sent,kaspa:qru7mpntennz7q8558zjn0lsdfcunqj43jm5p7pjrcqzptzyk9djz5a30ky2k,8921129,
a4eb4654cd227729821fb4c9aa04a4536094eabfa2be36e6443231038ff9baf3,2023-08-09T15:49:31.604000,sent,kaspa:qru7mpntennz7q8558zjn0lsdfcunqj43jm5p7pjrcqzptzyk9djz5a30ky2k,8921129,
785807ede3c029643b34756a23de5ac92cdb3d60ecc39cd88229e254b9382041,2023-08-09T15:41:11.698000,sent,kaspa:qru7mpntennz7q8558zjn0lsdfcunqj43jm5p7pjrcqzptzyk9djz5a30ky2k,8921129,
1ab090921feb39c322229d40fa1f392cca1bcff54109973a1c59e447e1bdd1d9,2023-08-09T13:37:53.236000,sent,kaspa:qru7mpntennz7q8558zjn0lsdfcunqj43jm5p7pjrcqzptzyk9djz5a30ky2k,8921129,
bf07012b5d5e66a8cdd97177e4277dcb4ca6360ba529fbb42e94535954d265bd,2023-08-09T13:11:32,sent,kaspa:qru7mpntennz7q8558zjn0lsdfcunqj43jm5p7pjrcqzptzyk9djz5a30ky2k,8921129,
8a1ffe24aeb4bfbcff77e743feba259f008e91c2f5a06dda6ad7225adbdbac93,2023-08-09T13:11:19.705000,sent,kaspa:qru7mpntennz7q8558zjn0lsdfcunqj43jm5p7pjrcqzptzyk9djz5a30ky2k,8921129,
7589d0a4a4c417ba4d9ae9290e6b732f4b95ec72e67d6b898c2caff7620f7c48,2023-08-09T10:58:18.573000,sent,kaspa:qru7mpntennz7q8558zjn0lsdfcunqj43jm5p7pjrcqzptzyk9djz5a30ky2k,8921129,
fc73a86c253289710c4f7dff39399dbc795083652226cc0291f962dc400595fe,2023-08-09T10:57:13.816000,sent,kaspa:qru7mpntennz7q8558zjn0lsdfcunqj43jm5p7pjrcqzptzyk9djz5a30ky2k,8921129,
34583477ad1bfa958f463f545b8cedff3264e21e4a16ec86606a12b00591e484,2023-06-08T06:41:59.073000,received,kaspa:qphtpvnccpwj5yelc2wr6k0gy9fzcukvhp5wf330hpdue87e574hc9a8deey2,62000000000,
34583477ad1bfa958f463f545b8cedff3264e21e4a16ec86606a12b00591e484,2023-06-08T06:41:59.073000,received,kaspa:qphtpvnccpwj5yelc2wr6k0gy9fzcukvhp5wf330hpdue87e574hc9a8deey2,62000000000,
e69d66dda1e2b08b22f4d02f54df5a8b5622cbb85d0844128b9a8872be8827e9,2023-06-08T06:39:49.765000,sent,kaspa:qqwvnkp47wsj6n4hkdlgj8dsauyx0xvefunnwvvsmpq2udd0ka8ckmpuqw3k5,24872097,
62fd7750ef1fd9c217c81db617de07174ea2c0bc29d8133bd2f9a894c1948ab9,2023-06-08T06:13:25.898000,sent,kaspa:qqwvnkp47wsj6n4hkdlgj8dsauyx0xvefunnwvvsmpq2udd0ka8ckmpuqw3k5,63912880000,
62fd7750ef1fd9c217c81db617de07174ea2c0bc29d8133bd2f9a894c1948ab9,2023-06-08T06:13:25.898000,sent,kaspa:qqwvnkp47wsj6n4hkdlgj8dsauyx0xvefunnwvvsmpq2udd0ka8ckmpuqw3k5,63912880000,
02cad64837ff6741a9fe8fe39d8130afd21dc69a1ebd13bbc34bcde5203fc19f,2023-06-08T06:11:36.431000,received,kaspa:qqwvnkp47wsj6n4hkdlgj8dsauyx0xvefunnwvvsmpq2udd0ka8ckmpuqw3k5,1800000000,
5f8241783ff4f792990733d7581c76246b0ba7e0770d6ce4e3964531b0505fd4,2023-06-08T06:10:13.470000,sent,kaspa:qphtpvnccpwj5yelc2wr6k0gy9fzcukvhp5wf330hpdue87e574hc9a8deey2,1000000000,
5f8241783ff4f792990733d7581c76246b0ba7e0770d6ce4e3964531b0505fd4,2023-06-08T06:10:13.470000,sent,kaspa:qphtpvnccpwj5yelc2wr6k0gy9fzcukvhp5wf330hpdue87e574hc9a8deey2,1000000000,
00aec249d894baa02db4348524ff7dfca6f7dab5c2e3fbd6421cf9ce0adc6f64,2023-05-22T05:57:55.945000,received,kaspa:qphtpvnccpwj5yelc2wr6k0gy9fzcukvhp5wf330hpdue87e574hc9a8deey2,100000000,
089888fc48ca112c408dea3bec0c158b4ee0a2497f568d9e39244dc85f253a74,2023-05-18T05:33:00.341000,sent,kaspa:qzfxpgwy85k2rp78nc8mkm7srgmque69axa7px0edhp2yx0xlghy5d7feccsp,2000000000,
593ab12c792bafa1ac93c94d6de6de5272bbd0dd6e365d595e53d57dcaffffa2,2023-05-11T03:17:25.472000,sent,kaspa:qqwvnkp47wsj6n4hkdlgj8dsauyx0xvefunnwvvsmpq2udd0ka8ckmpuqw3k5,100000000,
4a8a1ec7434ee81a18497d9141980afedd89964cfac29d85d8828ed22894bef1,2023-05-11T03:07:11.797000,sent,kaspa:qzfxpgwy85k2rp78nc8mkm7srgmque69axa7px0edhp2yx0xlghy5d7feccsp,200000000,
4a8a1ec7434ee81a18497d9141980afedd89964cfac29d85d8828ed22894bef1,2023-05-11T03:07:11.797000,sent,kaspa:qzfxpgwy85k2rp78nc8mkm7srgmque69axa7px0edhp2yx0xlghy5d7feccsp,200000000,
4a8a1ec7434ee81a18497d9141980afedd89964cfac29d85d8828ed22894bef1,2023-05-11T03:07:11.797000,sent,kaspa:qzfxpgwy85k2rp78nc8mkm7srgmque69axa7px0edhp2yx0xlghy5d7feccsp,200000000,
4a8a1ec7434ee81a18497d9141980afedd89964cfac29d85d8828ed22894bef1,2023-05-11T03:07:11.797000,sent,kaspa:qzfxpgwy85k2rp78nc8mkm7srgmque69axa7px0edhp2yx0xlghy5d7feccsp,200000000,
71df599ddeebc28aaf70306dbf2a1c6c341ef3ed8191d7f7173ba7436c9ac236,2023-05-10T06:04:16.845000,received,kaspa:qqwvnkp47wsj6n4hkdlgj8dsauyx0xvefunnwvvsmpq2udd0ka8ckmpuqw3k5,130000000,
71df599ddeebc28aaf70306dbf2a1c6c341ef3ed8191d7f7173ba7436c9ac236,2023-05-10T06:04:16.845000,received,kaspa:qqwvnkp47wsj6n4hkdlgj8dsauyx0xvefunnwvvsmpq2udd0ka8ckmpuqw3k5,130000000,
71df599ddeebc28aaf70306dbf2a1c6c341ef3ed8191d7f7173ba7436c9ac236,2023-05-10T06:04:16.845000,received,kaspa:qqwvnkp47wsj6n4hkdlgj8dsauyx0xvefunnwvvsmpq2udd0ka8ckmpuqw3k5,130000000,
71df599ddeebc28aaf70306dbf2a1c6c341ef3ed8191d7f7173ba7436c9ac236,2023-05-10T06:04:16.845000,received,kaspa:qqwvnkp47wsj6n4hkdlgj8dsauyx0xvefunnwvvsmpq2udd0ka8ckmpuqw3k5,130000000,
cf08770ce544892225ba90fb5613f63e3a577e94bf9e80fe1f51f06060b1e294,2023-04-23T02:21:44.912000,sent,kaspa:qyp0r5mcq4rd5grj3652ra09u5dcgwqq9ntuswp247nama5quyj40eq03sc2dkx,100000000,
07a98d0da968f04addad393d00eaf7440e2b3669290b137fedc8ea8cf0a24e2f,2023-04-17T03:28:43.367000,sent,kaspa:qzy3m2zqdd0xskssrclju8e45f3ux4qeumvakayy44e62x70g0g8zlp6mzyfa,100000000,
83c2835432746b1299f3d505560754218122fcf1e11912d58a73465f94af3376,2023-04-17T03:27:14.121000,sent,kaspa:qzy3m2zqdd0xskssrclju8e45f3ux4qeumvakayy44e62x70g0g8zlp6mzyfa,100000000,
a1952ef0fcf60329c5e1168b83b4af1dfa0bcfa9a4828d3b30c042ae4490ab8d,2023-04-17T03:14:34.108000,sent,kaspa:qzy3m2zqdd0xskssrclju8e45f3ux4qeumvakayy44e62x70g0g8zlp6mzyfa,500000000,
7cc6e1a4da5fdfcee55bdcb8906fbe4730031a0e4ad1159d3c5a22127edf86c8,2023-04-17T03:03:01.967000,sent,kaspa:qzy3m2zqdd0xskssrclju8e45f3ux4qeumvakayy44e62x70g0g8zlp6mzyfa,500000000,
9b6a2e0ecef4e939c880c46a775c86436ecfc1ff32f46831e17a0b56f28a78e0,2023-04-16T11:05:13.297000,sent,kaspa:qzy3m2zqdd0xskssrclju8e45f3ux4qeumvakayy44e62x70g0g8zlp6mzyfa,3000000000,
f5f1a28aef54b1d76662ba5ce6b2e8530ba16c33bcd80e924dd764db1f362f90,2023-04-16T11:00:46.242000,received,kaspa:qzy3m2zqdd0xskssrclju8e45f3ux4qeumvakayy44e62x70g0g8zlp6mzyfa,4000000000,
1446114e547bef9eddf36892911abb299185ac377990f588b915ba77f982514f,2023-04-16T10:59:46.347000,received,kaspa:qzy3m2zqdd0xskssrclju8e45f3ux4qeumvakayy44e62x70g0g8zlp6mzyfa,5000000000,
1446114e547bef9eddf36892911abb299185ac377990f588b915ba77f982514f,2023-04-16T10:59:46.347000,received,kaspa:qzy3m2zqdd0xskssrclju8e45f3ux4qeumvakayy44e62x70g0g8zlp6mzyfa,5000000000,
2bf02da34a3c1ff29cbacb53540dd446b84c91f4ec3697c7af24f1eee2fa9960,2023-04-16T10:56:38.927000,sent,kaspa:qzy3m2zqdd0xskssrclju8e45f3ux4qeumvakayy44e62x70g0g8zlp6mzyfa,10000000000,
15dcb1e81146dbeea945b65b6142ad2f76ad979dbd768ecfb0168d9dba327656,2023-04-16T10:54:45.306000,sent,kaspa:qzy3m2zqdd0xskssrclju8e45f3ux4qeumvakayy44e62x70g0g8zlp6mzyfa,1000000000,
1cda3a3ebe91a9201b962da7f65ca6dadac6c769cf587836e85f14280bb20f6a,2023-04-10T06:48:59.084000,sent,kaspa:qzfxpgwy85k2rp78nc8mkm7srgmque69axa7px0edhp2yx0xlghy5d7feccsp,100000000,
dc3f66ecd8bef13328820498f510bc365dfa719ed75c8f31bdb22bc91e7fdeb5,2023-04-10T06:45:57.260000,sent,kaspa:qqwvnkp47wsj6n4hkdlgj8dsauyx0xvefunnwvvsmpq2udd0ka8ckmpuqw3k5,100000000,
dc3f66ecd8bef13328820498f510bc365dfa719ed75c8f31bdb22bc91e7fdeb5,2023-04-10T06:45:57.260000,sent,kaspa:qqwvnkp47wsj6n4hkdlgj8dsauyx0xvefunnwvvsmpq2udd0ka8ckmpuqw3k5,100000000,
1d755f6f9fbaf2dd51c447cdf79a88d0f95bd0599adfa06cd8291927627af320,2023-03-10T03:53:05.611000,received,kaspa:qqwvnkp47wsj6n4hkdlgj8dsauyx0xvefunnwvvsmpq2udd0ka8ckmpuqw3k5,600000000,
1d755f6f9fbaf2dd51c447cdf79a88d0f95bd0599adfa06cd8291927627af320,2023-03-10T03:53:05.611000,received,kaspa:qqwvnkp47wsj6n4hkdlgj8dsauyx0xvefunnwvvsmpq2udd0ka8ckmpuqw3k5,600000000,
1d755f6f9fbaf2dd51c447cdf79a88d0f95bd0599adfa06cd8291927627af320,2023-03-10T03:53:05.611000,received,kaspa:qqwvnkp47wsj6n4hkdlgj8dsauyx0xvefunnwvvsmpq2udd0ka8ckmpuqw3k5,600000000,
9424b2b99ec16968705e0957dca83798a58d0e7f35036ff1717b83cdb3064d17,2023-03-10T03:51:35.781000,sent,kaspa:qqwvnkp47wsj6n4hkdlgj8dsauyx0xvefunnwvvsmpq2udd0ka8ckmpuqw3k5,1400000000,
a1868ea16313afa036e0131d70633a07c0602e77b59aa182d2ff951a567f8238,2023-03-10T03:49:10.068000,sent,kaspa:qphtpvnccpwj5yelc2wr6k0gy9fzcukvhp5wf330hpdue87e574hc9a8deey2,1000000000,
a1868ea16313afa036e0131d70633a07c0602e77b59aa182d2ff951a567f8238,2023-03-10T03:49:10.068000,sent,kaspa:qphtpvnccpwj5yelc2wr6k0gy9fzcukvhp5wf330hpdue87e574hc9a8deey2,1000000000,
a1868ea16313afa036e0131d70633a07c0602e77b59aa182d2ff951a567f8238,2023-03-10T03:49:10.068000,sent,kaspa:qphtpvnccpwj5yelc2wr6k0gy9fzcukvhp5wf330hpdue87e574hc9a8deey2,1000000000,
a1868ea16313afa036e0131d70633a07c0602e77b59aa182d2ff951a567f8238,2023-03-10T03:49:10.068000,sent,kaspa:qphtpvnccpwj5yelc2wr6k0gy9fzcukvhp5wf330hpdue87e574hc9a8deey2,1000000000,
64610a7645d2c36a454cc505a367224440d255c4500860cd2daab41bfdc616e2,2023-03-07T10:00:44.502000,received,kaspa:qqwvnkp47wsj6n4hkdlgj8dsauyx0xvefunnwvvsmpq2udd0ka8ckmpuqw3k5,200000000,
64610a7645d2c36a454cc505a367224440d255c4500860cd2daab41bfdc616e2,2023-03-07T10:00:44.502000,received,kaspa:qqwvnkp47wsj6n4hkdlgj8dsauyx0xvefunnwvvsmpq2udd0ka8ckmpuqw3k5,200000000,
64610a7645d2c36a454cc505a367224440d255c4500860cd2daab41bfdc616e2,2023-03-07T10:00:44.502000,received,kaspa:qqwvnkp47wsj6n4hkdlgj8dsauyx0xvefunnwvvsmpq2udd0ka8ckmpuqw3k5,200000000,
a0871a547946e404241de886c552df08538ddc986bdb83e38f386bfd38463700,2023-03-07T09:58:40.242000,received,kaspa:qphtpvnccpwj5yelc2wr6k0gy9fzcukvhp5wf330hpdue87e574hc9a8deey2,10000000,
d52f285b097ef9e6585d097311b2e650b4fcd0b234a94bf586a9a2adf78ff11a,2023-03-07T09:47:00.294000,received,kaspa:qrx89frf555jt6kkr49f48cagd43kqprmm5jhlxpgldvfl0sftzdxr6c4sxv2,500000000,
d52f285b097ef9e6585d097311b2e650b4fcd0b234a94bf586a9a2adf78ff11a,2023-03-07T09:47:00.294000,received,kaspa:qrx89frf555jt6kkr49f48cagd43kqprmm5jhlxpgldvfl0sftzdxr6c4sxv2,500000000,
010427ff5bb1bb63daf6cae46b48a4bed3f9e60e79913cced7f0af1463abf763,2023-03-07T09:44:54.710000,sent,kaspa:qrx89frf555jt6kkr49f48cagd43kqprmm5jhlxpgldvfl0sftzdxr6c4sxv2,1000000000,
010427ff5bb1bb63daf6cae46b48a4bed3f9e60e79913cced7f0af1463abf763,2023-03-07T09:44:54.710000,sent,kaspa:qrx89frf555jt6kkr49f48cagd43kqprmm5jhlxpgldvfl0sftzdxr6c4sxv2,1000000000,
010427ff5bb1bb63daf6cae46b48a4bed3f9e60e79913cced7f0af1463abf763,2023-03-07T09:44:54.710000,sent,kaspa:qrx89frf555jt6kkr49f48cagd43kqprmm5jhlxpgldvfl0sftzdxr6c4sxv2,1000000000,
42bcf86a78127b6a0bf18c47c7c66f4d4f325d91ff59bb306ba9b4122c863433,2023-03-07T07:31:36.104000,received,kaspa:qqwvnkp47wsj6n4hkdlgj8dsauyx0xvefunnwvvsmpq2udd0ka8ckmpuqw3k5,500000000,
42bcf86a78127b6a0bf18c47c7c66f4d4f325d91ff59bb306ba9b4122c863433,2023-03-07T07:31:36.104000,received,kaspa:qqwvnkp47wsj6n4hkdlgj8dsauyx0xvefunnwvvsmpq2udd0ka8ckmpuqw3k5,500000000,
0d7d99296f192fbe529165a06430eaa28afb897c6eab7a6824ca4f7defbfded0,2023-03-07T05:06:14.052000,received,kaspa:qqwvnkp47wsj6n4hkdlgj8dsauyx0xvefunnwvvsmpq2udd0ka8ckmpuqw3k5,200000000,
0d7d99296f192fbe529165a06430eaa28afb897c6eab7a6824ca4f7defbfded0,2023-03-07T05:06:14.052000,received,kaspa:qqwvnkp47wsj6n4hkdlgj8dsauyx0xvefunnwvvsmpq2udd0ka8ckmpuqw3k5,200000000,
79c6990c3374a0dc892bce56e4b2dd5e8acd7bf306feec53e99e36c693771934,2023-03-07T05:04:38.718000,sent,kaspa:qqwvnkp47wsj6n4hkdlgj8dsauyx0xvefunnwvvsmpq2udd0ka8ckmpuqw3k5,300000000,
79c6990c3374a0dc892bce56e4b2dd5e8acd7bf306feec53e99e36c693771934,2023-03-07T05:04:38.718000,sent,kaspa:qqwvnkp47wsj6n4hkdlgj8dsauyx0xvefunnwvvsmpq2udd0ka8ckmpuqw3k5,300000000,
6e1c6061177e457b3e8376126d143ad20024497043bea6e52a44e597127ee6c1,2023-03-07T05:03:46.241000,received,kaspa:qqwvnkp47wsj6n4hkdlgj8dsauyx0xvefunnwvvsmpq2udd0ka8ckmpuqw3k5,300000000,
6e1c6061177e457b3e8376126d143ad20024497043bea6e52a44e597127ee6c1,2023-03-07T05:03:46.241000,received,kaspa:qqwvnkp47wsj6n4hkdlgj8dsauyx0xvefunnwvvsmpq2udd0ka8ckmpuqw3k5,300000000,
6e1c6061177e457b3e8376126d143ad20024497043bea6e52a44e597127ee6c1,2023-03-07T05:03:46.241000,received,kaspa:qqwvnkp47wsj6n4hkdlgj8dsauyx0xvefunnwvvsmpq2udd0ka8ckmpuqw3k5,300000000,
6e1c6061177e457b3e8376126d143ad20024497043bea6e52a44e597127ee6c1,2023-03-07T05:03:46.241000,received,kaspa:qqwvnkp47wsj6n4hkdlgj8dsauyx0xvefunnwvvsmpq2udd0ka8ckmpuqw3k5,300000000,
7925de9608d87f18af336a9ed863761a94348041bc2171f16bb833ca2d996d4d,2023-03-07T03:56:56.648000,sent,kaspa:qqwvnkp47wsj6n4hkdlgj8dsauyx0xvefunnwvvsmpq2udd0ka8ckmpuqw3k5,500000000,
e7e0cb9ea0fcddb3470977421619f7ca3c70e52bcca25f58462cd54a13baebc7,2023-03-07T02:45:06.415000,sent,kaspa:qq3hk6mucufe0ct3gt74fthlxca6pze75zfmy47z5vlh3857fq3msvg0hmknf,1500000000,
996c298e5a4d77afb3417075639ecfb8f41d96e7e9afc2e4479455a3c797199d,2023-03-07T02:44:36.014000,sent,kaspa:qphtpvnccpwj5yelc2wr6k0gy9fzcukvhp5wf330hpdue87e574hc9a8deey2,1400000000,
619bec4869314f0d20176f0931cfb432111c5e22803d0f2f8733b08e39dd9365,2023-03-07T02:39:47.116000,sent,kaspa:qphtpvnccpwj5yelc2wr6k0gy9fzcukvhp5wf330hpdue87e574hc9a8deey2,450000000,
619bec4869314f0d20176f0931cfb432111c5e22803d0f2f8733b08e39dd9365,2023-03-07T02:39:47.116000,sent,kaspa:qphtpvnccpwj5yelc2wr6k0gy9fzcukvhp5wf330hpdue87e574hc9a8deey2,450000000,
5063ea69e34a6ad55bd8025a8a07f0c6077d68d7c6ec28fedec629466e7efb78,2023-03-07T02:31:54.314000,received,kaspa:qphtpvnccpwj5yelc2wr6k0gy9fzcukvhp5wf330hpdue87e574hc9a8deey2,1400000000,
5063ea69e34a6ad55bd8025a8a07f0c6077d68d7c6ec28fedec629466e7efb78,2023-03-07T02:31:54.314000,received,kaspa:qphtpvnccpwj5yelc2wr6k0gy9fzcukvhp5wf330hpdue87e574hc9a8deey2,1400000000,
5063ea69e34a6ad55bd8025a8a07f0c6077d68d7c6ec28fedec629466e7efb78,2023-03-07T02:31:54.314000,received,kaspa:qphtpvnccpwj5yelc2wr6k0gy9fzcukvhp5wf330hpdue87e574hc9a8deey2,1400000000,
5063ea69e34a6ad55bd8025a8a07f0c6077d68d7c6ec28fedec629466e7efb78,2023-03-07T02:31:54.314000,received,kaspa:qphtpvnccpwj5yelc2wr6k0gy9fzcukvhp5wf330hpdue87e574hc9a8deey2,1400000000,
690abfe758ac1fe50d8b15f84c6fe46d0c1f6557f500ef62a3177401a1e21d06,2023-03-06T11:12:03.306000,sent,kaspa:qqwvnkp47wsj6n4hkdlgj8dsauyx0xvefunnwvvsmpq2udd0ka8ckmpuqw3k5,500000000,
f57ffbc3b23cea690e66a0607a2220a9d73ea09154d5b13471cb3a681ce7ae58,2023-03-06T10:30:32.935000,sent,kaspa:qqwvnkp47wsj6n4hkdlgj8dsauyx0xvefunnwvvsmpq2udd0ka8ckmpuqw3k5,1900000000,
7312a1fadf56cf99f08fd2e87234ed745db6e3ce5372e16c683740fe605f9770,2023-03-06T10:05:43.310000,sent,kaspa:qphtpvnccpwj5yelc2wr6k0gy9fzcukvhp5wf330hpdue87e574hc9a8deey2,500000000,
fcc48de100748bc47ebb19a751481f6c591345521f61fab93bd955af5db9ace7,2023-03-06T10:02:52.883000,sent,kaspa:qqwvnkp47wsj6n4hkdlgj8dsauyx0xvefunnwvvsmpq2udd0ka8ckmpuqw3k5,1200000000,
968b1523698431b46a758b2df964792d0c0354c07396ddad7a83385369161c3e,2023-03-06T06:34:43.811000,sent,kaspa:qru7mpntennz7q8558zjn0lsdfcunqj43jm5p7pjrcqzptzyk9djz5a30ky2k,8921129,
f09a9566f525cce8cece71246a9ae343d0fd79c76ef974b7ab4267baa1853943,2023-03-03T13:00:29.388000,sent,kaspa:qru7mpntennz7q8558zjn0lsdfcunqj43jm5p7pjrcqzptzyk9djz5a30ky2k,8921129,
f09a9566f525cce8cece71246a9ae343d0fd79c76ef974b7ab4267baa1853943,2023-03-03T13:00:29.388000,sent,kaspa:qru7mpntennz7q8558zjn0lsdfcunqj43jm5p7pjrcqzptzyk9djz5a30ky2k,8921129,
f09a9566f525cce8cece71246a9ae343d0fd79c76ef974b7ab4267baa1853943,2023-03-03T13:00:29.388000,sent,kaspa:qru7mpntennz7q8558zjn0lsdfcunqj43jm5p7pjrcqzptzyk9djz5a30ky2k,8921129,
f09a9566f525cce8cece71246a9ae343d0fd79c76ef974b7ab4267baa1853943,2023-03-03T13:00:29.388000,sent,kaspa:qru7mpntennz7q8558zjn0lsdfcunqj43jm5p7pjrcqzptzyk9djz5a30ky2k,8921129,
60159b8746c845d44afff4e9867b9256ec7d05929732f22e7c085ee91a1f28b6,2023-03-02T04:00:37.580000,received,kaspa:qzahrlayjjfupwf22f4swfclzrtmpegt6zr3g65tps6qm0ulspf6wcnlhd2s3,2600000,
4750d4e1570d22f6af74bffcf3f35aa7dff667e71260354cfabdc7f4d9883c2e,2023-03-02T02:51:42.686000,received,kaspa:qzahrlayjjfupwf22f4swfclzrtmpegt6zr3g65tps6qm0ulspf6wcnlhd2s3,2600000,
ddd3602f12bd6a99909fc80d586ebcfca725ddcc097d96dec805625618692419,2023-02-28T15:06:33.567000,sent,kaspa:qru7mpntennz7q8558zjn0lsdfcunqj43jm5p7pjrcqzptzyk9djz5a30ky2k,8921129,
ddd3602f12bd6a99909fc80d586ebcfca725ddcc097d96dec805625618692419,2023-02-28T15:06:33.567000,sent,kaspa:qru7mpntennz7q8558zjn0lsdfcunqj43jm5p7pjrcqzptzyk9djz5a30ky2k,8921129,
a6420b6d7b30307bd1082b30b9e791fd35a7c61f8254974584f9dd83f79e6281,2023-02-28T13:58:47.273000,sent,kaspa:qru7mpntennz7q8558zjn0lsdfcunqj43jm5p7pjrcqzptzyk9djz5a30ky2k,8921129,
a6420b6d7b30307bd1082b30b9e791fd35a7c61f8254974584f9dd83f79e6281,2023-02-28T13:58:47.273000,sent,kaspa:qru7mpntennz7q8558zjn0lsdfcunqj43jm5p7pjrcqzptzyk9djz5a30ky2k,8921129,
4b0ec224f984443a4a49254dfad6af1c578febe45c1da3fe294688b56b57bbd9,2023-02-28T13:22:24.021000,received,kaspa:qzahrlayjjfupwf22f4swfclzrtmpegt6zr3g65tps6qm0ulspf6wcnlhd2s3,3500000,
508b39cff82f9cf4ccb7adceb47b3a575370742ba1316495b5fb3771949b3909,2023-02-28T13:14:28.561000,sent,kaspa:qru7mpntennz7q8558zjn0lsdfcunqj43jm5p7pjrcqzptzyk9djz5a30ky2k,8921129,
ccd9dd6aa5a3fdc4b3c867afe326f4c94c5f28cd24dc833b178f6afb18f1cbd4,2023-02-28T13:13:10.976000,sent,kaspa:qru7mpntennz7q8558zjn0lsdfcunqj43jm5p7pjrcqzptzyk9djz5a30ky2k,8921129,
14a2bec1bb1a96121aba5ecd5307f08cf8b6831bd659b6a14e3c2ae9e05222c1,2023-02-28T13:11:55.898000,sent,kaspa:qru7mpntennz7q8558zjn0lsdfcunqj43jm5p7pjrcqzptzyk9djz5a30ky2k,8921129,
14a2bec1bb1a96121aba5ecd5307f08cf8b6831bd659b6a14e3c2ae9e05222c1,2023-02-28T13:11:55.898000,sent,kaspa:qru7mpntennz7q8558zjn0lsdfcunqj43jm5p7pjrcqzptzyk9djz5a30ky2k,8921129,
f99ae7279f4e73a818048ebfe107072f7d394801e3562a28463f6eeb7f496de0,2023-02-28T12:26:28.621000,received,kaspa:qzahrlayjjfupwf22f4swfclzrtmpegt6zr3g65tps6qm0ulspf6wcnlhd2s3,3500000,
392e6a2ddaf98aec492cb39bea24a030047d20e07794daeb6b0ccf3c778a455b,2023-02-28T08:47:22.725000,received,kaspa:qzahrlayjjfupwf22f4swfclzrtmpegt6zr3g65tps6qm0ulspf6wcnlhd2s3,60000000,
906f119113c6972656bb3dbb5e95fb740cfd514b45cfa8a498436a7fbe2e97e6,2023-02-28T08:33:40.395000,received,kaspa:qzahrlayjjfupwf22f4swfclzrtmpegt6zr3g65tps6qm0ulspf6wcnlhd2s3,3500000,
ee4bea012724433eba2ee21276538bdaf2265261deb8e6ef35dbe50e70438841,2023-02-28T06:15:36.654000,received,kaspa:qzahrlayjjfupwf22f4swfclzrtmpegt6zr3g65tps6qm0ulspf6wcnlhd2s3,60000000,
a5167e79aa8c04ec47b8a51fa7422bad788e277a50bb27f34e03ff37fc743858,2023-02-28T06:08:26.067000,received,kaspa:qzahrlayjjfupwf22f4swfclzrtmpegt6zr3g65tps6qm0ulspf6wcnlhd2s3,35000000,
fd11bef95aa8e52aba358221fd6e6eee0d3968a25367f74709e95418db5307cd,2023-02-28T03:34:38.517000,received,kaspa:qzahrlayjjfupwf22f4swfclzrtmpegt6zr3g65tps6qm0ulspf6wcnlhd2s3,50000000,
8452b1a67b9e01c9dd5beef1cbf77cfabff9eb3b7ac333bd8bc2a11a16fd386d,2023-02-28T03:32:33.185000,received,kaspa:qzahrlayjjfupwf22f4swfclzrtmpegt6zr3g65tps6qm0ulspf6wcnlhd2s3,30000000,
288e0766b18801aeee7c386b74842d3ed1890ddf648431ac2d148ef47889312b,2023-02-28T02:28:39.780000,received,kaspa:qzahrlayjjfupwf22f4swfclzrtmpegt6zr3g65tps6qm0ulspf6wcnlhd2s3,30000000,
50982d787fcbacbc881510583fdd777a2c4a2c9d974f00e8cc3e5562639c12cf,2023-02-27T13:31:44.269000,received,kaspa:qzahrlayjjfupwf22f4swfclzrtmpegt6zr3g65tps6qm0ulspf6wcnlhd2s3,30000000,
42bf1dfe414c2a0cbbcd67c944d87648a0617bc5c9be917e2f325d0886bc5462,2023-02-27T13:30:42.581000,received,kaspa:qzahrlayjjfupwf22f4swfclzrtmpegt6zr3g65tps6qm0ulspf6wcnlhd2s3,20000000,
3e86da53f88090ba80e2ce0dc9c793d754b2274c8fc4d0e6dcdc349df61a5a2e,2023-02-27T13:24:45.321000,received,kaspa:qzahrlayjjfupwf22f4swfclzrtmpegt6zr3g65tps6qm0ulspf6wcnlhd2s3,20000000,
e1fbaea63ade8ce42935f7de487237d0f5c08954c8bd9ec1329b8605407e9557,2023-02-27T13:15:54.870000,received,kaspa:qzahrlayjjfupwf22f4swfclzrtmpegt6zr3g65tps6qm0ulspf6wcnlhd2s3,20000000,
43e2c73d017a2a356c5b3f3251bfc3bc35edbdf97b473e6923d9e22108fcc94a,2023-02-27T11:29:24.456000,received,kaspa:qzahrlayjjfupwf22f4swfclzrtmpegt6zr3g65tps6qm0ulspf6wcnlhd2s3,20000000,
b6927345fc9281bd3ec30c1bc668a3eba1058f1afdae8883a94f8b64f2d637e4,2023-02-27T08:45:30.725000,received,kaspa:qzahrlayjjfupwf22f4swfclzrtmpegt6zr3g65tps6qm0ulspf6wcnlhd2s3,20000000,
d4486e3ce3ea5cea9472a387e87545915e72d9e201390004c1d188e580985e4d,2023-02-27T07:28:31.086000,received,kaspa:qzahrlayjjfupwf22f4swfclzrtmpegt6zr3g65tps6qm0ulspf6wcnlhd2s3,20000000,
1fe8bf225f59cfd1d74879f25c19037e04edf67296007ffc0563a04bf58eb099,2023-02-10T07:15:25.562000,received,kaspa:qpjunp39ssazf4rzfxxu0hd35xggfxn6lq0ls9u9q6peevzcmcv4xmv9q4njd,79084000000,
981ddbdc04e89a042f251e598cd2bfe54d00543466f34cb5dbb9889196c7868f,2023-02-10T03:21:28.575000,received,kaspa:qzahrlayjjfupwf22f4swfclzrtmpegt6zr3g65tps6qm0ulspf6wcnlhd2s3,200000000,
