tx_id,timestamp,direction,peer_address,amount_sompi,cex_label
74e25ddc11df7960a954c9602843db00f5c3573df6948af00ccab6cfa8b3c15d,2023-12-16T04:51:51.113000,sent,kaspa:qzslgwenzu78t6tldlng383g7ruu4enaljmnkgaulyrscjp7ldt26x8gfxck5,171940000,
74e25ddc11df7960a954c9602843db00f5c3573df6948af00ccab6cfa8b3c15d,2023-12-16T04:51:51.113000,sent,kaspa:qzslgwenzu78t6tldlng383g7ruu4enaljmnkgaulyrscjp7ldt26x8gfxck5,171940000,
9b1d929cdc7e60b6f9c704fcf14b01ee18dddee4f2141bb64621fc2e571cb7d5,2023-12-12T20:06:37.433000,received,kaspa:qypswxtcrv4ssyjaswy5w9387vq73mkuyq85tl34cee6qn5uexqy0csgnafnjx7,171000000,
d9e1ea5a84ecb58bd2b0d1da6b999551f6e71e03e8acf2c97d991122da8e2603,2023-11-29T10:23:58.538000,sent,kaspa:qypfaj5g22u9pwz60xssfrsrfnuc6r83qu3zyncqd3d7ya3dy53tfxsyvzyjwjw,18000000,
9c11be0645634d90f79fcfff2707bd3ab56cf36bcb448de9a7e86959dafbc149,2023-11-28T22:59:02.921000,received,kaspa:qpelmscywk22ut5c7zmwt0vu96jveg9mwrdcwcx644t0yj9efvkl7kek7gc24,19000000,
