tx_id,timestamp,direction,peer_address,amount_sompi,cex_label
59f3666ca4eb48e2eebf65053c5cbedad38f987a82056cd960cd252261c63c63,2023-12-15T19:56:51.102000,sent,kaspa:qqsslpr5gst3y2s87k402r9yt7ajmak63vkgmathj8ys5qx4273jg40nngrd2,172970000,
59f3666ca4eb48e2eebf65053c5cbedad38f987a82056cd960cd252261c63c63,2023-12-15T19:56:51.102000,sent,kaspa:qqsslpr5gst3y2s87k402r9yt7ajmak63vkgmathj8ys5qx4273jg40nngrd2,172970000,
9d7fc6e9dbaedc2686f6e373e8744a9f307ff9c667c52e07bf7b4da159e20aa9,2023-12-12T04:40:33.733000,received,kaspa:qypswxtcrv4ssyjaswy5w9387vq73mkuyq85tl34cee6qn5uexqy0csgnafnjx7,171000000,
74c2d36017607fd05e8b382802847d42a661c98ed2593a4edd6403ceca4494a8,2023-11-28T04:23:33.904000,sent,kaspa:qyp0qv0nvmsqnep2h9pz0qpncr8ke2ta0xd8ztapvgnjjtx438e8tlsxn87hqtq,18000000,
38d900acd02c3a3e53067324b5b9ac1aa277a319e07c6ff95590e7b96ed1e45c,2023-11-26T10:56:24.489000,received,kaspa:qypxznxgupa8eac5m4a9tyzuaja0eguaas4q5aje0378z4yypf3u3rc34prk2qn,20000000,
