tx_id,timestamp,direction,peer_address,amount_sompi,cex_label
331e5b825d990265df2428dcce9e12822e593c60871e768846466317a71368bd,2023-12-16T04:11:16.407000,sent,kaspa:qzslgwenzu78t6tldlng383g7ruu4enaljmnkgaulyrscjp7ldt26x8gfxck5,171940000,
331e5b825d990265df2428dcce9e12822e593c60871e768846466317a71368bd,2023-12-16T04:11:16.407000,sent,kaspa:qzslgwenzu78t6tldlng383g7ruu4enaljmnkgaulyrscjp7ldt26x8gfxck5,171940000,
1eeda43c015135d8f1a43ecc70d742be9771d467aaf16912d35526098f674c2f,2023-12-11T22:58:02.606000,received,kaspa:qypswxtcrv4ssyjaswy5w9387vq73mkuyq85tl34cee6qn5uexqy0csgnafnjx7,171000000,
73623fcf2d406ea0661823845215399c0f7696784f794de224d95b736f463467,2023-11-27T11:55:47.331000,sent,kaspa:qypt5nxyjn2h9rkcy0sgj5ap22stff39dju5z8dmz6su64pkcke6r2c077yv006,18000000,
06f87f913b6b0e32ffd224e4ec6c44b06eedc6d22d8598cf585c34ced1ba42bd,2023-11-27T11:21:35.772000,received,kaspa:qqrldyr25f9rtxswh0fmuup5qsuemkjrsg5p5zgclzu4rx5fkeut2u2kc9jpv,19000000,
