tx_id,timestamp,direction,peer_address,amount_sompi,cex_label
e95b32081846bed42bead4cc0856edb1f7b9dc449446cdabdb601f3571bde849,2023-12-16T03:44:08.084000,sent,kaspa:qzslgwenzu78t6tldlng383g7ruu4enaljmnkgaulyrscjp7ldt26x8gfxck5,171940000,
e95b32081846bed42bead4cc0856edb1f7b9dc449446cdabdb601f3571bde849,2023-12-16T03:44:08.084000,sent,kaspa:qzslgwenzu78t6tldlng383g7ruu4enaljmnkgaulyrscjp7ldt26x8gfxck5,171940000,
1d27de1f8ca0793637ae6f9038e3c474ec3b24ed0aaf619123a136ab5851bbb5,2023-12-12T03:30:09.635000,received,kaspa:qypswxtcrv4ssyjaswy5w9387vq73mkuyq85tl34cee6qn5uexqy0csgnafnjx7,171000000,
7c2824ed8c1c01900f8f01539db182bfffc1d56e9127a3dbb8d6b17c0be78116,2023-11-28T01:20:35.963000,sent,kaspa:qypsqm4am7xwt7mux6tjzp9xn9md3dsjd0dut8j8ndfwgmkqscmvp4spnjrzkgs,18000000,
1444349e6e210df477088eb8346a006d62e88d469e15a07edb6ca4e196499b6f,2023-11-27T21:49:07.725000,received,kaspa:qpwhru0ycq9aqhmkwzwsz5q888cxytn6pjlhang56rff0m2ysh727vazd7ejt,19000000,
