tx_id,timestamp,direction,peer_address,amount_sompi,cex_label
75174b3ffe11f074b1d2999ff94412917e84b07719bc6e32efb53a95f53f8e8a,2023-12-13T02:13:23.392000,sent,kaspa:qq3ldft5y4cpd64k3ylgcd5xrnfk2r5pnag78kmhcg4vysc7nzw8yghcpa5xk,172970000,
75174b3ffe11f074b1d2999ff94412917e84b07719bc6e32efb53a95f53f8e8a,2023-12-13T02:13:23.392000,sent,kaspa:qq3ldft5y4cpd64k3ylgcd5xrnfk2r5pnag78kmhcg4vysc7nzw8yghcpa5xk,172970000,
4e0ebaf754dbceb1d8a1a4fe445c38507ce8142ef2d25c82b70392de31dda79f,2023-12-12T14:16:56,received,kaspa:qypswxtcrv4ssyjaswy5w9387vq73mkuyq85tl34cee6qn5uexqy0csgnafnjx7,171000000,
1f60158429ac3b1f90338f6b00003fe890b6d3e93fb37ede3b4e5041fd178241,2023-11-28T21:48:48.311000,sent,kaspa:qypkuk5dxaf2dqv7xz3dxtvgcnkl7ylz5qz3fwucz596h28ncurt92c5psgd37q,18000000,
0b578de7b5bd5e8f37b96ee0dc0763d7ee916f2cba2b2a1ec37571e505a95da7,2023-11-28T20:12:31.182000,received,kaspa:qre5pxcl22qdmy5ww68yhfakm0pzr8xkar0js9chr6ldzsgyfetajgpgffk3h,20000000,
