tx_id,timestamp,direction,peer_address,amount_sompi,cex_label
3ae08e9c3f92c339257943cdbf773c68be0fb7c66c38203f4cd882cdd05de045,2023-12-22T03:29:50.707000,sent,kaspa:qqsslpr5gst3y2s87k402r9yt7ajmak63vkgmathj8ys5qx4273jg40nngrd2,172970000,
3ae08e9c3f92c339257943cdbf773c68be0fb7c66c38203f4cd882cdd05de045,2023-12-22T03:29:50.707000,sent,kaspa:qqsslpr5gst3y2s87k402r9yt7ajmak63vkgmathj8ys5qx4273jg40nngrd2,172970000,
f005632b821690439c5917f1e683f0d49b691af82a2524bd8dd6819669996c63,2023-12-13T05:07:02.602000,received,kaspa:qypswxtcrv4ssyjaswy5w9387vq73mkuyq85tl34cee6qn5uexqy0csgnafnjx7,171000000,
c18a2d6bd8a3dc1310cb530cfd2217607738ed8ecc2a3fe7231eef5c34c1db79,2023-11-29T20:30:54.484000,sent,kaspa:qyp56p9423g7tj9w56hz982re35g6dfd7zc738yyrnnme49jsdvjwccepld00s3,18000000,
551975aca4401f4861d245a4e195b505ab7186340300fdf5e000d805086700ab,2023-11-26T19:44:00.782000,received,kaspa:qyp70qht6pjqk2yl6cwl2n296pgcnwmtj8w0clcle08m5p8yu4tg7kgvv4n0qrg,20000000,
