tx_id,timestamp,direction,peer_address,amount_sompi,cex_label
78d053f010e3829b6c3c1068aef4cb4f92c3435b3c5bc7890bc54d6182dcdc21,2023-12-16T04:59:19.405000,sent,kaspa:qzslgwenzu78t6tldlng383g7ruu4enaljmnkgaulyrscjp7ldt26x8gfxck5,171940000,
78d053f010e3829b6c3c1068aef4cb4f92c3435b3c5bc7890bc54d6182dcdc21,2023-12-16T04:59:19.405000,sent,kaspa:qzslgwenzu78t6tldlng383g7ruu4enaljmnkgaulyrscjp7ldt26x8gfxck5,171940000,
3bff0d9c74a98f979f9f60a5002e9d15b89ba4a5072b1207de5d6a4ff8c184e1,2023-12-13T02:19:25.707000,received,kaspa:qypswxtcrv4ssyjaswy5w9387vq73mkuyq85tl34cee6qn5uexqy0csgnafnjx7,171000000,
dd657ec2260f2ea965aab28146eb8a2bb5f95218aa02b93108806fbd37e5afc3,2023-11-29T17:45:54.840000,sent,kaspa:qyps9ejzqg4sg623djwvk5ttagasnzp0evw7mv7t6ps6txrz3uj2alcckwh0gxd,18000000,
998dd30ed0ca665386efe03796397e47980a1c2aad604779c85039bb139342c1,2023-11-29T03:44:09.977000,received,kaspa:qqrcr5cggyyldclcetquafmfz382dt6zft83pg3sz20wm2zegdceku03tecys,19000000,
