tx_id,timestamp,direction,peer_address,amount_sompi,cex_label
7afff7f5ad519166ecbc4506a026a4393836007b66c0e1a94aa7acbdea52b4db,2024-02-17T09:36:59.529000,sent,kaspa:qqd463qjk795l7x06el7qjdh4hjtprah8mtnxx8exg8wz43fla4djkghheu25,172980000,
7afff7f5ad519166ecbc4506a026a4393836007b66c0e1a94aa7acbdea52b4db,2024-02-17T09:36:59.529000,sent,kaspa:qqd463qjk795l7x06el7qjdh4hjtprah8mtnxx8exg8wz43fla4djkghheu25,172980000,
072c95a2e9d77cbcc31d32e5f80ac350f4efbcdcbc8282857cf97847191e8c00,2023-12-12T16:09:40.759000,received,kaspa:qypswxtcrv4ssyjaswy5w9387vq73mkuyq85tl34cee6qn5uexqy0csgnafnjx7,171000000,
d0e9f1a446b0013059ce0ae3d0c48d1d8e233db712697c266b914f8e01e544b7,2023-11-29T03:25:27.712000,sent,kaspa:qypekf8xtqrxfkmeqgfn6dx7yafcnjjtw4f655rhhzenlpfrrqhmu9qeuagnrmc,18000000,
471c50b1a714f32da263ea9ef3c41ce48b995e451112d63cdf0db63d7d94301d,2023-11-26T18:31:04.245000,received,kaspa:qyplygdysxukhd27ua75kjvmvs8j04dz0apehqpgudgez74zym5jauqpt8f52gc,20000000,
