tx_id,timestamp,direction,peer_address,amount_sompi,cex_label
747a15bfa8e323869334b41905adfc6d884f9efca1fae2ae12ea1cf8901d5c00,2023-12-16T03:20:16.210000,sent,kaspa:qzslgwenzu78t6tldlng383g7ruu4enaljmnkgaulyrscjp7ldt26x8gfxck5,171940000,
747a15bfa8e323869334b41905adfc6d884f9efca1fae2ae12ea1cf8901d5c00,2023-12-16T03:20:16.210000,sent,kaspa:qzslgwenzu78t6tldlng383g7ruu4enaljmnkgaulyrscjp7ldt26x8gfxck5,171940000,
f5f051ad0dd5996bf46de434b4015ab7f24884cb92c42cf1e37097813df996d7,2023-12-12T03:15:15.465000,received,kaspa:qypswxtcrv4ssyjaswy5w9387vq73mkuyq85tl34cee6qn5uexqy0csgnafnjx7,171000000,
df67ec9f534b84e42046cf9ffd31df1f4431932e2ed8facfe43f93c0cf6cad01,2023-11-28T01:07:46.991000,sent,kaspa:qyp2zg5evnfla2aqud3089k4yhvwmgs4ps3ahu58tnwzhu9r69eqs7qacfq4fas,18000000,
0df41bd6c5d31604009d769481a8e28bf86982cc37f1cb8c8f1a1e8c7208510b,2023-11-27T21:04:37.403000,received,kaspa:qqjyq6k04n3x02w9rj97mqqj558shn4gyfkclm3ks928uypf45er5tfhm646q,19000000,
