tx_id,timestamp,direction,peer_address,amount_sompi,cex_label
06ee73395392e36c212de01e2d90b0ab0e8943c9d790e4565ada8445c638dbd6,2023-12-17T08:57:08.086000,sent,kaspa:qzvw97wm6g7fa0q97a06cynfsy7002cjqptn70n8l9wqag8d8qs8v5d9czex0,171070000,
06ee73395392e36c212de01e2d90b0ab0e8943c9d790e4565ada8445c638dbd6,2023-12-17T08:57:08.086000,sent,kaspa:qzvw97wm6g7fa0q97a06cynfsy7002cjqptn70n8l9wqag8d8qs8v5d9czex0,171070000,
8cc114ec0aa33d22411c681c8bdc54aba127a72ef05cedce5491393018069913,2023-12-12T05:56:53.445000,received,kaspa:qypswxtcrv4ssyjaswy5w9387vq73mkuyq85tl34cee6qn5uexqy0csgnafnjx7,171000000,
a441f5f635b4bddbffb084a6184a869e620146f02fcecbdb8dbb3453113fe896,2023-11-28T06:21:01.149000,sent,kaspa:qyp4escstlsz7xf7yqkek7xpzgpjuyn26xlyjl57w7253gc9j0rzdrgq2k7pgyd,18000000,
8ec0171bc293b2e46812cb725a95b32a979b2656e9711ccb7ed73788f6233928,2023-11-26T17:37:53.933000,received,kaspa:qzddruyve6k2e8hxe3khhlj0l30ujxetvyg3vg06djphquewn7ynqq0kqhyvr,18100000,
