tx_id,timestamp,direction,peer_address,amount_sompi,cex_label
4d121a172e311b262487a3f9cde1e0284efd3f2e27b1baaa1260bb2d44d46143,2023-12-16T04:56:09.135000,sent,kaspa:qzslgwenzu78t6tldlng383g7ruu4enaljmnkgaulyrscjp7ldt26x8gfxck5,171940000,
4d121a172e311b262487a3f9cde1e0284efd3f2e27b1baaa1260bb2d44d46143,2023-12-16T04:56:09.135000,sent,kaspa:qzslgwenzu78t6tldlng383g7ruu4enaljmnkgaulyrscjp7ldt26x8gfxck5,171940000,
b0c4f3326c5c5109e091d01a359b46cdfa33aab56e4f2b3baa67141a5870d66f,2023-12-13T02:35:06.991000,received,kaspa:qypswxtcrv4ssyjaswy5w9387vq73mkuyq85tl34cee6qn5uexqy0csgnafnjx7,171000000,
fa4e0ef541641ad81628112327f7404d41d13d795cf3bf66ea22ee388e9e2882,2023-11-29T17:58:20.177000,sent,kaspa:qypvucqu68w2wfwmfgaszrmd0jtt9tk2qvuasv87smzrlxjfexmk44q5nnj500a,18000000,
8d9b0a28e0f547beedc1764cfb569c1bfd049af7772d90770c7c0f08c2e15ec1,2023-11-29T11:41:21.075000,received,kaspa:qrw0mzm34kk0c6xkzawnmwqzd5pmyrga84uwd2thhw7qnd52qfeusmy6nkax7,19000000,
