tx_id,timestamp,direction,peer_address,amount_sompi,cex_label
d5e098044d968cc541444a936a4a5792a45a20cf62e8de7779a44d86350c3d59,2023-12-13T08:42:41.446000,sent,kaspa:qqh06puhtgsu5utuakvv88ewhppn4dtp0k4a2df0xxga6ytg5p7vzcs0tuml5,14363160000,
55d2f526482e08a1a991b10ba4a404847e0761233ed520872bd5ae4edc5f0445,2023-12-12T16:56:22.488000,received,kaspa:qypswxtcrv4ssyjaswy5w9387vq73mkuyq85tl34cee6qn5uexqy0csgnafnjx7,171000000,
f6f865b97f2f80e566b1c718a4e5d2d9f3913765c3f414f6183841b39803a913,2023-11-29T04:54:39.671000,sent,kaspa:qypsrs746tdq2mklgysf434sym5u78lr8n0wa5auj0knfmczk36xtfqq443ps69,18000000,
f6f865b97f2f80e566b1c718a4e5d2d9f3913765c3f414f6183841b39803a913,2023-11-29T04:54:39.671000,sent,kaspa:qpvus7suw4vw8erpyfmeys7v8gcsx6ts05m6wvq0c33aktahfxlcx3y32u83h,2030540000,
4654622679f548eb89f120037f8a0c8ade6e944c6a164c13d66deea686a09a82,2023-11-29T04:45:02.648000,received,kaspa:qr0xlh5pz2nvlh5wcmnc94aaup95fxelxtsdmddrgtcskcn73enu22uyr6yay,2048550000,
