tx_id,timestamp,direction,peer_address,amount_sompi,cex_label
d1665a87d508e8e4076443ec98e439e514eda0d1d894869b1dc76c854c392b40,2023-12-16T04:33:50.723000,sent,kaspa:qzslgwenzu78t6tldlng383g7ruu4enaljmnkgaulyrscjp7ldt26x8gfxck5,171940000,
d1665a87d508e8e4076443ec98e439e514eda0d1d894869b1dc76c854c392b40,2023-12-16T04:33:50.723000,sent,kaspa:qzslgwenzu78t6tldlng383g7ruu4enaljmnkgaulyrscjp7ldt26x8gfxck5,171940000,
4274b12036e5c0fcba753d45dab3e9b4c1dd9581112e695befa5f655561611dc,2023-12-12T17:30:21.575000,received,kaspa:qypswxtcrv4ssyjaswy5w9387vq73mkuyq85tl34cee6qn5uexqy0csgnafnjx7,171000000,
fcb9d6d24d644825b1fcb73ec69be36cb55cdb7effc9dba0b3b0e59853a143fb,2023-11-29T05:51:00.057000,sent,kaspa:qypx049qe5pec0pnwtqaupth3se429wfjwq82xmwgexe85rcfntmvvqfkn0upfd,18000000,
39a9ca120ce7737a5e7fa915d2fb8f987874b66009bda1258727fcaef1285134,2023-11-28T20:06:39.373000,received,kaspa:qpdjqjhljgwecx97gmu3ppt82k6utc6sqn6t9wv53y3gqxj7vk6e53az8qzhz,19000000,
