tx_id,timestamp,direction,peer_address,amount_sompi,cex_label
47f6e2e2ada0a691229ce35b83e69f3b5408727a20b1c47a996cb80d5844d038,2023-12-13T00:40:18.859000,sent,kaspa:qqc2wj23lfzfxwxu3sfwlac23k9062ul56vq4y3dcj6srj8k6k8tvv66ydwhj,171070000,
47f6e2e2ada0a691229ce35b83e69f3b5408727a20b1c47a996cb80d5844d038,2023-12-13T00:40:18.859000,sent,kaspa:qqc2wj23lfzfxwxu3sfwlac23k9062ul56vq4y3dcj6srj8k6k8tvv66ydwhj,171070000,
16e0bb1b30d0bd660a0891b8c45d966fd0cacb8e6797f3aa42e4221fe1ba34ad,2023-12-12T20:22:18.681000,received,kaspa:qypswxtcrv4ssyjaswy5w9387vq73mkuyq85tl34cee6qn5uexqy0csgnafnjx7,171000000,
a5aca0778e653c96cf40f63f998ba472a1744c547c726762c79c0aba460c0710,2023-11-29T10:47:54.250000,sent,kaspa:qyp759q2h0yjxsel4hpue5jm89t8r42gyrs3g8l3aurt8cgq59pswdsge3skddh,18000000,
a6eddaded939e669c5d7dbd5cab15da0c7335876312698acbcf4188dff1f3433,2023-11-29T03:59:28.767000,received,kaspa:qzac00r4c00hel63uu2exmrnqqdkz93w3vuedxwdna2wsw559wpc7m2w3795d,18100000,
