tx_id,timestamp,direction,peer_address,amount_sompi,cex_label
b822a745a432ea10fa08d5e76c515e52f4e40a79b3fbefc77ffa20bc4ef882de,2023-12-16T03:17:31.202000,sent,kaspa:qzslgwenzu78t6tldlng383g7ruu4enaljmnkgaulyrscjp7ldt26x8gfxck5,171940000,
b822a745a432ea10fa08d5e76c515e52f4e40a79b3fbefc77ffa20bc4ef882de,2023-12-16T03:17:31.202000,sent,kaspa:qzslgwenzu78t6tldlng383g7ruu4enaljmnkgaulyrscjp7ldt26x8gfxck5,171940000,
7d85279444f9fcb3814ad49bbe1a25756529649f0ef92af4347f56f979f132a0,2023-12-12T00:38:21.325000,received,kaspa:qypswxtcrv4ssyjaswy5w9387vq73mkuyq85tl34cee6qn5uexqy0csgnafnjx7,171000000,
9193a89d746214eb3378eb2a799f5964fb60a92c9d34fdb0114e2297ac24156d,2023-11-27T14:47:28.351000,sent,kaspa:qypmfm0sz7ze3094dn6qw30he48vtj3sw7z47q0l0g4ver5duhtlnssuvzallsn,18000000,
4f934bc53737f467ae198157ed54dd80a7f9ca4adebed04fd2e2a241f82244a2,2023-11-27T11:52:44.547000,received,kaspa:qqgjueqc8x7h0ck9jqhl3rq7zktl2ew0tsxu9s8l56hl3l7kfdzqqfa7r0xf8,19000000,
