tx_id,timestamp,direction,peer_address,amount_sompi,cex_label
634cd008b69822bcc89d01d15284b592337af450fc04b351d07f36bd3041f34d,2024-06-03T11:13:25.305000,sent,kaspa:qq9zagcza4jt76eev9jl5z0nqhe0thcu7js8larktj4sle7lvgnw7sfcewlty,16800000000,
634cd008b69822bcc89d01d15284b592337af450fc04b351d07f36bd3041f34d,2024-06-03T11:13:25.305000,sent,kaspa:qq9zagcza4jt76eev9jl5z0nqhe0thcu7js8larktj4sle7lvgnw7sfcewlty,16800000000,
e337e70ce47cfa45eae1d936fef9fabf25fb423f4573e055cc98b97b4dfcc5d3,2024-06-03T11:09:22.399000,received,kaspa:qrc70gzdc93f38g7kp3p2jjmyrcnsegsqsf82zhz3znzu24987cpu03wjt4gj,16800000000,
35d2236013acf5e7dd07c1f0ce0fe7385c11159b2e709e675ada62022d7b9b44,2024-05-17T13:51:26.369000,sent,kaspa:qq9zagcza4jt76eev9jl5z0nqhe0thcu7js8larktj4sle7lvgnw7sfcewlty,45000000000,
35d2236013acf5e7dd07c1f0ce0fe7385c11159b2e709e675ada62022d7b9b44,2024-05-17T13:51:26.369000,sent,kaspa:qq9zagcza4jt76eev9jl5z0nqhe0thcu7js8larktj4sle7lvgnw7sfcewlty,45000000000,
588747e7721bb341750857719f0ab0eed37acdfa4d7f116417d7ceb288bd79f8,2024-05-17T13:46:21.072000,received,kaspa:qpgu9tvvkc536k5uglpvxgmrrdlwmwxkz0xkg8rukfzfz72z4v8hsxnr305xs,44400000000,
aa5bd39bff621d700d274e95a154e7c381cbab668f1313abbed693b0ce5e2d3c,2024-04-01T14:53:13.930000,sent,kaspa:qq9zagcza4jt76eev9jl5z0nqhe0thcu7js8larktj4sle7lvgnw7sfcewlty,39000000000,
aa5bd39bff621d700d274e95a154e7c381cbab668f1313abbed693b0ce5e2d3c,2024-04-01T14:53:13.930000,sent,kaspa:qq9zagcza4jt76eev9jl5z0nqhe0thcu7js8larktj4sle7lvgnw7sfcewlty,39000000000,
b198805e12333a5f847e6bb10cb4c101161e82632f7161f8fa599a8e64707a05,2024-04-01T14:35:40.393000,received,kaspa:qq9zagcza4jt76eev9jl5z0nqhe0thcu7js8larktj4sle7lvgnw7sfcewlty,38847285682,
c95dd8873e52d27eea1868c0433d5be4b5bb2c92824212db2d062e81d8a3f5b4,2024-03-05T09:20:57.729000,sent,kaspa:qq9zagcza4jt76eev9jl5z0nqhe0thcu7js8larktj4sle7lvgnw7sfcewlty,44400000000,
733cf0173465c65a7190faea9b5374c85fb87b4a313b13b35fc9975594030dc1,2024-03-02T10:03:01.372000,sent,kaspa:qq9zagcza4jt76eev9jl5z0nqhe0thcu7js8larktj4sle7lvgnw7sfcewlty,17400000000,
733cf0173465c65a7190faea9b5374c85fb87b4a313b13b35fc9975594030dc1,2024-03-02T10:03:01.372000,sent,kaspa:qq9zagcza4jt76eev9jl5z0nqhe0thcu7js8larktj4sle7lvgnw7sfcewlty,17400000000,
733cf0173465c65a7190faea9b5374c85fb87b4a313b13b35fc9975594030dc1,2024-03-02T10:03:01.372000,sent,kaspa:qq9zagcza4jt76eev9jl5z0nqhe0thcu7js8larktj4sle7lvgnw7sfcewlty,17400000000,
a56b02f028c479e3906ed13587fc1caefec249004fef2474ba4b75e0a57bd634,2024-02-29T20:35:37.180000,received,kaspa:qq9zagcza4jt76eev9jl5z0nqhe0thcu7js8larktj4sle7lvgnw7sfcewlty,7212667743,
fb16f9193e1ceb12faed3d9160c7a5fcb015808867a92306b49e702f312b0606,2024-02-29T09:36:22.991000,received,kaspa:qq9zagcza4jt76eev9jl5z0nqhe0thcu7js8larktj4sle7lvgnw7sfcewlty,55388438294,
fb16f9193e1ceb12faed3d9160c7a5fcb015808867a92306b49e702f312b0606,2024-02-29T09:36:22.991000,received,kaspa:qq9zagcza4jt76eev9jl5z0nqhe0thcu7js8larktj4sle7lvgnw7sfcewlty,55388438294,
2c4763d4b78682e4d0d6a1cb9d51f6996cbc64e34c3258c2199033759d6528f6,2024-02-14T17:01:50.835000,sent,kaspa:qq9zagcza4jt76eev9jl5z0nqhe0thcu7js8larktj4sle7lvgnw7sfcewlty,59000000000,
41a6df878c0bfa247100b50df97a6dcbd7f37b109316fff6ca35a06d377696a5,2023-12-31T13:02:34.179000,received,kaspa:qqv2654669pczng52zxyhn9qkf0e2vk4c3ukhkuqkzr9weapnlf0svgpxws5m,59091310000,
