tx_id,timestamp,direction,peer_address,amount_sompi,cex_label
5ee2e0fce94654c494f2eb2abac010d85538cae1859091ba558ae3f3bb76e011,2024-08-01T07:05:48.090000,sent,kaspa:qpcxtjs6mkwczec3c0ygtulsckuwc3het6hxaxc8gdgqdt0e797h5x46k4cnt,1300700000000,
3558259530752c6365116f21c7cb8f40a9664ddb349d04dd22007c4f24737181,2024-05-19T15:57:40.888000,received,kaspa:qq9zagcza4jt76eev9jl5z0nqhe0thcu7js8larktj4sle7lvgnw7sfcewlty,1300800323432,
3558259530752c6365116f21c7cb8f40a9664ddb349d04dd22007c4f24737181,2024-05-19T15:57:40.888000,received,kaspa:qq9zagcza4jt76eev9jl5z0nqhe0thcu7js8larktj4sle7lvgnw7sfcewlty,1300800323432,
3558259530752c6365116f21c7cb8f40a9664ddb349d04dd22007c4f24737181,2024-05-19T15:57:40.888000,received,kaspa:qq9zagcza4jt76eev9jl5z0nqhe0thcu7js8larktj4sle7lvgnw7sfcewlty,1300800323432,
3558259530752c6365116f21c7cb8f40a9664ddb349d04dd22007c4f24737181,2024-05-19T15:57:40.888000,received,kaspa:qq9zagcza4jt76eev9jl5z0nqhe0thcu7js8larktj4sle7lvgnw7sfcewlty,1300800323432,
3558259530752c6365116f21c7cb8f40a9664ddb349d04dd22007c4f24737181,2024-05-19T15:57:40.888000,received,kaspa:qq9zagcza4jt76eev9jl5z0nqhe0thcu7js8larktj4sle7lvgnw7sfcewlty,1300800323432,
