tx_id,timestamp,direction,peer_address,amount_sompi,cex_label
9cc30e1eb076c7a4a1194ae23295aebc45f15eacc238975049a095584d3e3955,2025-04-25T15:07:14.416000,sent,kaspa:qrzge3jxx9ez2z5wgt7r8rxp67xswvmhx20tmg2upyfewcjlt3p229jqrhuat,1182200000000,
4f0af1d1c6cbc99695ef96ebc526f992c61998afa0e27f9475ed5e1b4f566506,2025-04-25T15:03:09.027000,sent,kaspa:qrzge3jxx9ez2z5wgt7r8rxp67xswvmhx20tmg2upyfewcjlt3p229jqrhuat,1000000000,
4f0af1d1c6cbc99695ef96ebc526f992c61998afa0e27f9475ed5e1b4f566506,2025-04-25T15:03:09.027000,sent,kaspa:qrzge3jxx9ez2z5wgt7r8rxp67xswvmhx20tmg2upyfewcjlt3p229jqrhuat,1000000000,
4f0af1d1c6cbc99695ef96ebc526f992c61998afa0e27f9475ed5e1b4f566506,2025-04-25T15:03:09.027000,sent,kaspa:qrzge3jxx9ez2z5wgt7r8rxp67xswvmhx20tmg2upyfewcjlt3p229jqrhuat,1000000000,
4f0af1d1c6cbc99695ef96ebc526f992c61998afa0e27f9475ed5e1b4f566506,2025-04-25T15:03:09.027000,sent,kaspa:qrzge3jxx9ez2z5wgt7r8rxp67xswvmhx20tmg2upyfewcjlt3p229jqrhuat,1000000000,
4f0af1d1c6cbc99695ef96ebc526f992c61998afa0e27f9475ed5e1b4f566506,2025-04-25T15:03:09.027000,sent,kaspa:qrzge3jxx9ez2z5wgt7r8rxp67xswvmhx20tmg2upyfewcjlt3p229jqrhuat,1000000000,
4f0af1d1c6cbc99695ef96ebc526f992c61998afa0e27f9475ed5e1b4f566506,2025-04-25T15:03:09.027000,sent,kaspa:qrzge3jxx9ez2z5wgt7r8rxp67xswvmhx20tmg2upyfewcjlt3p229jqrhuat,1000000000,
4f0af1d1c6cbc99695ef96ebc526f992c61998afa0e27f9475ed5e1b4f566506,2025-04-25T15:03:09.027000,sent,kaspa:qrzge3jxx9ez2z5wgt7r8rxp67xswvmhx20tmg2upyfewcjlt3p229jqrhuat,1000000000,
4f0af1d1c6cbc99695ef96ebc526f992c61998afa0e27f9475ed5e1b4f566506,2025-04-25T15:03:09.027000,sent,kaspa:qrzge3jxx9ez2z5wgt7r8rxp67xswvmhx20tmg2upyfewcjlt3p229jqrhuat,1000000000,
1efdb0453a0eab05ebf12cbc4216cda7a409c453c216103f77bc67f69c625815,2024-12-04T09:26:36.221000,received,kaspa:qpq94ntnvy8p9q6wrdwtn37xtspgashrydc0kuu8ctpyxulmh0wlxh2807zdh,1770882041,
3064f967dc31b1e0cbeb973caa50cb3042491e743ade10137a402698ed543f1b,2024-12-04T09:18:05.296000,received,kaspa:qqetp7ct8kqss99fxmymyz5t3fezppxp0t58wl6pawp27elqd46uudme00cl0,6151000000,
3064f967dc31b1e0cbeb973caa50cb3042491e743ade10137a402698ed543f1b,2024-12-04T09:18:05.296000,received,kaspa:qpzpfwcsqsxhxwup26r55fd0ghqlhyugz8cp6y3wxuddc02vcxtjg75pspnwz,6151000000,MEXC
acc22be1d1f0e3a06127d5845ba5cfa754810d1b7022bf9ff6857f7354895a02,2024-11-05T09:55:35.702000,received,kaspa:qzgtduqyccg66ms6crgpgnnn802c7drpevy4fsq8069lpzhdwfxhy4079jsrp,77900811861,
e1b0d5a26c6561114dd6a138c1ee294e5a457649f3749bfc604c4c63867f0755,2024-07-16T10:03:14.373000,received,kaspa:qrelgny7sr3vahq69yykxx36m65gvmhryxrlwngfzgu8xkdslum2yxjp3ap8m,45220441000,Gate.io
8ffa42344b369c35f69fc4ea58ef1a36dba20b85a0ec4b2ad09d8102a93e41e2,2024-07-02T10:23:31.423000,received,kaspa:qpq94ntnvy8p9q6wrdwtn37xtspgashrydc0kuu8ctpyxulmh0wlxh2807zdh,697998610000,
9a2e7ef1b6299d749d3a1721ae1143f3006974499896ae065ecf4b87c183ebe0,2024-07-02T09:11:40.012000,received,kaspa:qypudvpf0dnezuaqa7s94ffs6h58wwzg4kthl3fvk07eg7k9rzyvqaq4h6gdvar,321257430000,
777ed8ee39752f8926034a5ecbf2c96074dd701b5a45564e4afaa92daf6c5723,2024-06-28T20:35:13.196000,received,kaspa:qq9zagcza4jt76eev9jl5z0nqhe0thcu7js8larktj4sle7lvgnw7sfcewlty,32288074903,
777ed8ee39752f8926034a5ecbf2c96074dd701b5a45564e4afaa92daf6c5723,2024-06-28T20:35:13.196000,received,kaspa:qq9zagcza4jt76eev9jl5z0nqhe0thcu7js8larktj4sle7lvgnw7sfcewlty,32288074903,
777ed8ee39752f8926034a5ecbf2c96074dd701b5a45564e4afaa92daf6c5723,2024-06-28T20:35:13.196000,received,kaspa:qq9zagcza4jt76eev9jl5z0nqhe0thcu7js8larktj4sle7lvgnw7sfcewlty,32288074903,
777ed8ee39752f8926034a5ecbf2c96074dd701b5a45564e4afaa92daf6c5723,2024-06-28T20:35:13.196000,received,kaspa:qq9zagcza4jt76eev9jl5z0nqhe0thcu7js8larktj4sle7lvgnw7sfcewlty,32288074903,
777ed8ee39752f8926034a5ecbf2c96074dd701b5a45564e4afaa92daf6c5723,2024-06-28T20:35:13.196000,received,kaspa:qq9zagcza4jt76eev9jl5z0nqhe0thcu7js8larktj4sle7lvgnw7sfcewlty,32288074903,
777ed8ee39752f8926034a5ecbf2c96074dd701b5a45564e4afaa92daf6c5723,2024-06-28T20:35:13.196000,received,kaspa:qq9zagcza4jt76eev9jl5z0nqhe0thcu7js8larktj4sle7lvgnw7sfcewlty,32288074903,
d851146529f2971a4fe55f7890dae55ae82243cc95251f898141069a36033081,2024-03-02T11:26:03.963000,sent,kaspa:qpgndqz0njhw569mvdmage3mhjhcf8mv7tmxl0umfefnvcjh2znvz0f802mec,135000000000,
05f3f8574672f090b2b2ee99b7342883579ca9747915079da51a1c1127d1ea3a,2023-05-12T12:24:26.163000,received,kaspa:qq3k4du6wf2g26j7ds6fqmgtgavgm3zy676wntp2e52nsuns2n4s6xkndmx0y,135694890000,
