tx_id,timestamp,direction,peer_address,amount_sompi,cex_label
e26144bebc3d4b410e94fc6c9028a7f22e91bda38819082d12522242c5d60e1e,2024-12-13T16:07:27.331000,sent,kaspa:qrrd8slgurkyzw9dszqw84vymq7dx8evnjglek2ua7gk7xneu87uuy6v0t72j,3462800000000,
e26144bebc3d4b410e94fc6c9028a7f22e91bda38819082d12522242c5d60e1e,2024-12-13T16:07:27.331000,sent,kaspa:qrrd8slgurkyzw9dszqw84vymq7dx8evnjglek2ua7gk7xneu87uuy6v0t72j,3462800000000,
7077484ace8065f5941566548d006867d695fa83addf38ceef22b0b5ae909a7d,2024-07-16T17:54:42.475000,received,kaspa:qq9zagcza4jt76eev9jl5z0nqhe0thcu7js8larktj4sle7lvgnw7sfcewlty,62916194256,
7077484ace8065f5941566548d006867d695fa83addf38ceef22b0b5ae909a7d,2024-07-16T17:54:42.475000,received,kaspa:qq9zagcza4jt76eev9jl5z0nqhe0thcu7js8larktj4sle7lvgnw7sfcewlty,62916194256,
7077484ace8065f5941566548d006867d695fa83addf38ceef22b0b5ae909a7d,2024-07-16T17:54:42.475000,received,kaspa:qq9zagcza4jt76eev9jl5z0nqhe0thcu7js8larktj4sle7lvgnw7sfcewlty,62916194256,
c47dbb54eff5ebef38a23f1883631977f8691f202634a3ac559609dd19972fd4,2024-07-16T17:47:35.061000,sent,kaspa:qq9zagcza4jt76eev9jl5z0nqhe0thcu7js8larktj4sle7lvgnw7sfcewlty,64200000000,
c47dbb54eff5ebef38a23f1883631977f8691f202634a3ac559609dd19972fd4,2024-07-16T17:47:35.061000,sent,kaspa:qq9zagcza4jt76eev9jl5z0nqhe0thcu7js8larktj4sle7lvgnw7sfcewlty,64200000000,
c47dbb54eff5ebef38a23f1883631977f8691f202634a3ac559609dd19972fd4,2024-07-16T17:47:35.061000,sent,kaspa:qq9zagcza4jt76eev9jl5z0nqhe0thcu7js8larktj4sle7lvgnw7sfcewlty,64200000000,
c47dbb54eff5ebef38a23f1883631977f8691f202634a3ac559609dd19972fd4,2024-07-16T17:47:35.061000,sent,kaspa:qq9zagcza4jt76eev9jl5z0nqhe0thcu7js8larktj4sle7lvgnw7sfcewlty,64200000000,
c47dbb54eff5ebef38a23f1883631977f8691f202634a3ac559609dd19972fd4,2024-07-16T17:47:35.061000,sent,kaspa:qq9zagcza4jt76eev9jl5z0nqhe0thcu7js8larktj4sle7lvgnw7sfcewlty,64200000000,
c47dbb54eff5ebef38a23f1883631977f8691f202634a3ac559609dd19972fd4,2024-07-16T17:47:35.061000,sent,kaspa:qq9zagcza4jt76eev9jl5z0nqhe0thcu7js8larktj4sle7lvgnw7sfcewlty,64200000000,
c47dbb54eff5ebef38a23f1883631977f8691f202634a3ac559609dd19972fd4,2024-07-16T17:47:35.061000,sent,kaspa:qq9zagcza4jt76eev9jl5z0nqhe0thcu7js8larktj4sle7lvgnw7sfcewlty,64200000000,
c47dbb54eff5ebef38a23f1883631977f8691f202634a3ac559609dd19972fd4,2024-07-16T17:47:35.061000,sent,kaspa:qq9zagcza4jt76eev9jl5z0nqhe0thcu7js8larktj4sle7lvgnw7sfcewlty,64200000000,
c47dbb54eff5ebef38a23f1883631977f8691f202634a3ac559609dd19972fd4,2024-07-16T17:47:35.061000,sent,kaspa:qq9zagcza4jt76eev9jl5z0nqhe0thcu7js8larktj4sle7lvgnw7sfcewlty,64200000000,
e9784207481564ba4caa2f206b3c9329a876b0356512938a167b2879fe8ad802,2024-04-01T15:24:22.497000,received,kaspa:qqa5mv232dzp7k3jype5wuz6aupvdawsn5allvskjmkhjha79a2j5azue7ujm,61400000000,
e9784207481564ba4caa2f206b3c9329a876b0356512938a167b2879fe8ad802,2024-04-01T15:24:22.497000,received,kaspa:qqa5mv232dzp7k3jype5wuz6aupvdawsn5allvskjmkhjha79a2j5azue7ujm,61400000000,
e9784207481564ba4caa2f206b3c9329a876b0356512938a167b2879fe8ad802,2024-04-01T15:24:22.497000,received,kaspa:qqa5mv232dzp7k3jype5wuz6aupvdawsn5allvskjmkhjha79a2j5azue7ujm,61400000000,
e9784207481564ba4caa2f206b3c9329a876b0356512938a167b2879fe8ad802,2024-04-01T15:24:22.497000,received,kaspa:qqa5mv232dzp7k3jype5wuz6aupvdawsn5allvskjmkhjha79a2j5azue7ujm,61400000000,
e9784207481564ba4caa2f206b3c9329a876b0356512938a167b2879fe8ad802,2024-04-01T15:24:22.497000,received,kaspa:qqa5mv232dzp7k3jype5wuz6aupvdawsn5allvskjmkhjha79a2j5azue7ujm,61400000000,
e9784207481564ba4caa2f206b3c9329a876b0356512938a167b2879fe8ad802,2024-04-01T15:24:22.497000,received,kaspa:qrxqegt677ek2saz0fwmkfml7f6nqyf4x9y78mte3cfmctzp8tar6s2knw6gx,61400000000,
e9784207481564ba4caa2f206b3c9329a876b0356512938a167b2879fe8ad802,2024-04-01T15:24:22.497000,received,kaspa:qqxgs04lsux8ekz68u6cfe84mkgj4pg9fhty7pwzeunnajwmrvkpqa9fel4m0,61400000000,
59fb8ac5eaadf0163899ef2f3533321cdbab8bd10c6d83f1554aef5e328bd8c0,2024-04-01T15:23:13.929000,received,kaspa:qz6a6wlln5rgdzqdnf8mk9h597puzryjc9vfacc82f8dntgcs4ng550yjk8yy,9999997931,
379fe88f4de30cc3344c120371c8a6807e001902a7ee5c47e6ba1132a24a67ac,2024-03-12T23:29:09.836000,received,kaspa:qq9zagcza4jt76eev9jl5z0nqhe0thcu7js8larktj4sle7lvgnw7sfcewlty,882071755238,
379fe88f4de30cc3344c120371c8a6807e001902a7ee5c47e6ba1132a24a67ac,2024-03-12T23:29:09.836000,received,kaspa:qq9zagcza4jt76eev9jl5z0nqhe0thcu7js8larktj4sle7lvgnw7sfcewlty,882071755238,
379fe88f4de30cc3344c120371c8a6807e001902a7ee5c47e6ba1132a24a67ac,2024-03-12T23:29:09.836000,received,kaspa:qq9zagcza4jt76eev9jl5z0nqhe0thcu7js8larktj4sle7lvgnw7sfcewlty,882071755238,
379fe88f4de30cc3344c120371c8a6807e001902a7ee5c47e6ba1132a24a67ac,2024-03-12T23:29:09.836000,received,kaspa:qq9zagcza4jt76eev9jl5z0nqhe0thcu7js8larktj4sle7lvgnw7sfcewlty,882071755238,
379fe88f4de30cc3344c120371c8a6807e001902a7ee5c47e6ba1132a24a67ac,2024-03-12T23:29:09.836000,received,kaspa:qq9zagcza4jt76eev9jl5z0nqhe0thcu7js8larktj4sle7lvgnw7sfcewlty,882071755238,
379fe88f4de30cc3344c120371c8a6807e001902a7ee5c47e6ba1132a24a67ac,2024-03-12T23:29:09.836000,received,kaspa:qq9zagcza4jt76eev9jl5z0nqhe0thcu7js8larktj4sle7lvgnw7sfcewlty,882071755238,
0d22813c45ffdb8586ee70aac9fe3ff359371630107a29d1776eb75d286da28e,2024-01-06T03:19:46.637000,received,kaspa:qqwvnkp47wsj6n4hkdlgj8dsauyx0xvefunnwvvsmpq2udd0ka8ckmpuqw3k5,497527511577,
0d22813c45ffdb8586ee70aac9fe3ff359371630107a29d1776eb75d286da28e,2024-01-06T03:19:46.637000,received,kaspa:qqwvnkp47wsj6n4hkdlgj8dsauyx0xvefunnwvvsmpq2udd0ka8ckmpuqw3k5,497527511577,
0d22813c45ffdb8586ee70aac9fe3ff359371630107a29d1776eb75d286da28e,2024-01-06T03:19:46.637000,received,kaspa:qqwvnkp47wsj6n4hkdlgj8dsauyx0xvefunnwvvsmpq2udd0ka8ckmpuqw3k5,497527511577,
0d22813c45ffdb8586ee70aac9fe3ff359371630107a29d1776eb75d286da28e,2024-01-06T03:19:46.637000,received,kaspa:qqwvnkp47wsj6n4hkdlgj8dsauyx0xvefunnwvvsmpq2udd0ka8ckmpuqw3k5,497527511577,
0d22813c45ffdb8586ee70aac9fe3ff359371630107a29d1776eb75d286da28e,2024-01-06T03:19:46.637000,received,kaspa:qqwvnkp47wsj6n4hkdlgj8dsauyx0xvefunnwvvsmpq2udd0ka8ckmpuqw3k5,497527511577,
0d22813c45ffdb8586ee70aac9fe3ff359371630107a29d1776eb75d286da28e,2024-01-06T03:19:46.637000,received,kaspa:qqwvnkp47wsj6n4hkdlgj8dsauyx0xvefunnwvvsmpq2udd0ka8ckmpuqw3k5,497527511577,
0d22813c45ffdb8586ee70aac9fe3ff359371630107a29d1776eb75d286da28e,2024-01-06T03:19:46.637000,received,kaspa:qqwvnkp47wsj6n4hkdlgj8dsauyx0xvefunnwvvsmpq2udd0ka8ckmpuqw3k5,497527511577,
0d22813c45ffdb8586ee70aac9fe3ff359371630107a29d1776eb75d286da28e,2024-01-06T03:19:46.637000,received,kaspa:qqwvnkp47wsj6n4hkdlgj8dsauyx0xvefunnwvvsmpq2udd0ka8ckmpuqw3k5,497527511577,
0d22813c45ffdb8586ee70aac9fe3ff359371630107a29d1776eb75d286da28e,2024-01-06T03:19:46.637000,received,kaspa:qqwvnkp47wsj6n4hkdlgj8dsauyx0xvefunnwvvsmpq2udd0ka8ckmpuqw3k5,497527511577,
0d22813c45ffdb8586ee70aac9fe3ff359371630107a29d1776eb75d286da28e,2024-01-06T03:19:46.637000,received,kaspa:qqwvnkp47wsj6n4hkdlgj8dsauyx0xvefunnwvvsmpq2udd0ka8ckmpuqw3k5,497527511577,
0d22813c45ffdb8586ee70aac9fe3ff359371630107a29d1776eb75d286da28e,2024-01-06T03:19:46.637000,received,kaspa:qqwvnkp47wsj6n4hkdlgj8dsauyx0xvefunnwvvsmpq2udd0ka8ckmpuqw3k5,497527511577,
0d22813c45ffdb8586ee70aac9fe3ff359371630107a29d1776eb75d286da28e,2024-01-06T03:19:46.637000,received,kaspa:qqwvnkp47wsj6n4hkdlgj8dsauyx0xvefunnwvvsmpq2udd0ka8ckmpuqw3k5,497527511577,
0d22813c45ffdb8586ee70aac9fe3ff359371630107a29d1776eb75d286da28e,2024-01-06T03:19:46.637000,received,kaspa:qqwvnkp47wsj6n4hkdlgj8dsauyx0xvefunnwvvsmpq2udd0ka8ckmpuqw3k5,497527511577,
b7d1f9e5f88ca8b0005e9db8c48b9765ef497f0dc65e86c3ca9dfbfb73fc3054,2023-09-09T01:49:58.311000,received,kaspa:qqwvnkp47wsj6n4hkdlgj8dsauyx0xvefunnwvvsmpq2udd0ka8ckmpuqw3k5,223988835572,
b7d1f9e5f88ca8b0005e9db8c48b9765ef497f0dc65e86c3ca9dfbfb73fc3054,2023-09-09T01:49:58.311000,received,kaspa:qqwvnkp47wsj6n4hkdlgj8dsauyx0xvefunnwvvsmpq2udd0ka8ckmpuqw3k5,223988835572,
b7d1f9e5f88ca8b0005e9db8c48b9765ef497f0dc65e86c3ca9dfbfb73fc3054,2023-09-09T01:49:58.311000,received,kaspa:qqwvnkp47wsj6n4hkdlgj8dsauyx0xvefunnwvvsmpq2udd0ka8ckmpuqw3k5,223988835572,
b7d1f9e5f88ca8b0005e9db8c48b9765ef497f0dc65e86c3ca9dfbfb73fc3054,2023-09-09T01:49:58.311000,received,kaspa:qqwvnkp47wsj6n4hkdlgj8dsauyx0xvefunnwvvsmpq2udd0ka8ckmpuqw3k5,223988835572,
b7d1f9e5f88ca8b0005e9db8c48b9765ef497f0dc65e86c3ca9dfbfb73fc3054,2023-09-09T01:49:58.311000,received,kaspa:qqwvnkp47wsj6n4hkdlgj8dsauyx0xvefunnwvvsmpq2udd0ka8ckmpuqw3k5,223988835572,
10c0e0692425cada891c68a517dc3c6befb112456df64698202ad89fb9597684,2023-08-07T01:42:17.375000,received,kaspa:qqwvnkp47wsj6n4hkdlgj8dsauyx0xvefunnwvvsmpq2udd0ka8ckmpuqw3k5,234423482703,
10c0e0692425cada891c68a517dc3c6befb112456df64698202ad89fb9597684,2023-08-07T01:42:17.375000,received,kaspa:qqwvnkp47wsj6n4hkdlgj8dsauyx0xvefunnwvvsmpq2udd0ka8ckmpuqw3k5,234423482703,
10c0e0692425cada891c68a517dc3c6befb112456df64698202ad89fb9597684,2023-08-07T01:42:17.375000,received,kaspa:qqwvnkp47wsj6n4hkdlgj8dsauyx0xvefunnwvvsmpq2udd0ka8ckmpuqw3k5,234423482703,
10c0e0692425cada891c68a517dc3c6befb112456df64698202ad89fb9597684,2023-08-07T01:42:17.375000,received,kaspa:qqwvnkp47wsj6n4hkdlgj8dsauyx0xvefunnwvvsmpq2udd0ka8ckmpuqw3k5,234423482703,
ac94064d186b49b2c47e5f79d083bb55a7a8304380da121944a63395693d1af2,2023-08-07T01:39:25.794000,received,kaspa:qzt6qkh0zy8rngcew6sp2h4tnsph8hqxgxtywglwa3060zfs775pxucyk8x5s,201615411000,
338b9b6b46152113d544d219447021c03635604ee861ced0424e95b732062ea0,2023-08-07T00:59:54.935000,received,kaspa:qzmj0v7uj7hjm00u3waj03h2cel9qn9ka23ss5cermjdz2ylwqkccc65yrh2h,53111931000,
ab5168ade0f1f9c043523b73c8f6f4c227f0c7b8c1d5071f85aab4c053933f46,2023-07-23T15:02:36.744000,sent,kaspa:qqwvnkp47wsj6n4hkdlgj8dsauyx0xvefunnwvvsmpq2udd0ka8ckmpuqw3k5,700000000000,
d1823f3f1b8b7e8fd8d171bcdb0e2e9cff5105767143b0333817b3da476fd1d3,2023-07-19T01:41:15.738000,sent,kaspa:qqwvnkp47wsj6n4hkdlgj8dsauyx0xvefunnwvvsmpq2udd0ka8ckmpuqw3k5,1000000000000,
42aed5760a68c8d307c634c8e9e6df33e49d7eafab32450330c6010320f34cdf,2023-07-18T21:00:17.853000,sent,kaspa:qqwvnkp47wsj6n4hkdlgj8dsauyx0xvefunnwvvsmpq2udd0ka8ckmpuqw3k5,2000000000000,
4a52098f5cd44c38caa1880741b1f1daab85b2e7ac843dbe3c9584b5b445b44e,2023-07-17T02:49:54.041000,sent,kaspa:qqwvnkp47wsj6n4hkdlgj8dsauyx0xvefunnwvvsmpq2udd0ka8ckmpuqw3k5,1463500000000,
4a52098f5cd44c38caa1880741b1f1daab85b2e7ac843dbe3c9584b5b445b44e,2023-07-17T02:49:54.041000,sent,kaspa:qqwvnkp47wsj6n4hkdlgj8dsauyx0xvefunnwvvsmpq2udd0ka8ckmpuqw3k5,1463500000000,
4a52098f5cd44c38caa1880741b1f1daab85b2e7ac843dbe3c9584b5b445b44e,2023-07-17T02:49:54.041000,sent,kaspa:qqwvnkp47wsj6n4hkdlgj8dsauyx0xvefunnwvvsmpq2udd0ka8ckmpuqw3k5,1463500000000,
4a52098f5cd44c38caa1880741b1f1daab85b2e7ac843dbe3c9584b5b445b44e,2023-07-17T02:49:54.041000,sent,kaspa:qqwvnkp47wsj6n4hkdlgj8dsauyx0xvefunnwvvsmpq2udd0ka8ckmpuqw3k5,1463500000000,
4a52098f5cd44c38caa1880741b1f1daab85b2e7ac843dbe3c9584b5b445b44e,2023-07-17T02:49:54.041000,sent,kaspa:qqwvnkp47wsj6n4hkdlgj8dsauyx0xvefunnwvvsmpq2udd0ka8ckmpuqw3k5,1463500000000,
4a52098f5cd44c38caa1880741b1f1daab85b2e7ac843dbe3c9584b5b445b44e,2023-07-17T02:49:54.041000,sent,kaspa:qqwvnkp47wsj6n4hkdlgj8dsauyx0xvefunnwvvsmpq2udd0ka8ckmpuqw3k5,1463500000000,
4a52098f5cd44c38caa1880741b1f1daab85b2e7ac843dbe3c9584b5b445b44e,2023-07-17T02:49:54.041000,sent,kaspa:qqwvnkp47wsj6n4hkdlgj8dsauyx0xvefunnwvvsmpq2udd0ka8ckmpuqw3k5,1463500000000,
4a52098f5cd44c38caa1880741b1f1daab85b2e7ac843dbe3c9584b5b445b44e,2023-07-17T02:49:54.041000,sent,kaspa:qqwvnkp47wsj6n4hkdlgj8dsauyx0xvefunnwvvsmpq2udd0ka8ckmpuqw3k5,1463500000000,
4a52098f5cd44c38caa1880741b1f1daab85b2e7ac843dbe3c9584b5b445b44e,2023-07-17T02:49:54.041000,sent,kaspa:qqwvnkp47wsj6n4hkdlgj8dsauyx0xvefunnwvvsmpq2udd0ka8ckmpuqw3k5,1463500000000,
4a52098f5cd44c38caa1880741b1f1daab85b2e7ac843dbe3c9584b5b445b44e,2023-07-17T02:49:54.041000,sent,kaspa:qqwvnkp47wsj6n4hkdlgj8dsauyx0xvefunnwvvsmpq2udd0ka8ckmpuqw3k5,1463500000000,
25c31933b959a97d5d51727d8e620fe2ad93cc86a0bd6965db4d2bdb8ddb44b1,2023-06-29T22:34:36.982000,received,kaspa:qqwvnkp47wsj6n4hkdlgj8dsauyx0xvefunnwvvsmpq2udd0ka8ckmpuqw3k5,191697322232,
25c31933b959a97d5d51727d8e620fe2ad93cc86a0bd6965db4d2bdb8ddb44b1,2023-06-29T22:34:36.982000,received,kaspa:qqwvnkp47wsj6n4hkdlgj8dsauyx0xvefunnwvvsmpq2udd0ka8ckmpuqw3k5,191697322232,
25c31933b959a97d5d51727d8e620fe2ad93cc86a0bd6965db4d2bdb8ddb44b1,2023-06-29T22:34:36.982000,received,kaspa:qqwvnkp47wsj6n4hkdlgj8dsauyx0xvefunnwvvsmpq2udd0ka8ckmpuqw3k5,191697322232,
25c31933b959a97d5d51727d8e620fe2ad93cc86a0bd6965db4d2bdb8ddb44b1,2023-06-29T22:34:36.982000,received,kaspa:qqwvnkp47wsj6n4hkdlgj8dsauyx0xvefunnwvvsmpq2udd0ka8ckmpuqw3k5,191697322232,
c3a85a84d221e4f247eb956e442a86135386acf9823f29548de53f299607d6d8,2023-06-21T00:20:25.690000,received,kaspa:qqwvnkp47wsj6n4hkdlgj8dsauyx0xvefunnwvvsmpq2udd0ka8ckmpuqw3k5,673248079205,
7f6c1ffc73684af7c70cbd7d915f4c876e2db46488e3b992883d37a74cf89bdc,2023-05-24T01:51:24.347000,received,kaspa:qq32tnp8p3r3heyyvyjy7xleyfh20xukva6d873whjpvw537mn2ds8uq2vjlu,344199954000,
f5d7ecc718ef438f963b84b2102c5f1e12cf3fb4596837762be2979f554b7f9a,2023-05-22T22:12:13.087000,received,kaspa:qz3kk9w2ptasw20dexsv7kjlpqmhts84secflxnx4lxungm6y82dul85z9l8y,242699954000,
2d5b0b952da769e921c1305f79510bde7bf5e197b441341f234703a79a2dcbab,2023-05-22T03:54:45.818000,received,kaspa:qqaj4hhzt689w7mx33r3z4tl4sec8qny405d0l4wr6zr9dxyks3wxhuk0h6vx,232616954000,
a7018ecb763026cd48707500b4b8a38acd42225b54d0e71b37405d7a7dde9258,2023-05-20T02:25:54.224000,received,kaspa:qqwvnkp47wsj6n4hkdlgj8dsauyx0xvefunnwvvsmpq2udd0ka8ckmpuqw3k5,450950521382,
a7018ecb763026cd48707500b4b8a38acd42225b54d0e71b37405d7a7dde9258,2023-05-20T02:25:54.224000,received,kaspa:qqwvnkp47wsj6n4hkdlgj8dsauyx0xvefunnwvvsmpq2udd0ka8ckmpuqw3k5,450950521382,
a7018ecb763026cd48707500b4b8a38acd42225b54d0e71b37405d7a7dde9258,2023-05-20T02:25:54.224000,received,kaspa:qqwvnkp47wsj6n4hkdlgj8dsauyx0xvefunnwvvsmpq2udd0ka8ckmpuqw3k5,450950521382,
a7018ecb763026cd48707500b4b8a38acd42225b54d0e71b37405d7a7dde9258,2023-05-20T02:25:54.224000,received,kaspa:qqwvnkp47wsj6n4hkdlgj8dsauyx0xvefunnwvvsmpq2udd0ka8ckmpuqw3k5,450950521382,
a7018ecb763026cd48707500b4b8a38acd42225b54d0e71b37405d7a7dde9258,2023-05-20T02:25:54.224000,received,kaspa:qqwvnkp47wsj6n4hkdlgj8dsauyx0xvefunnwvvsmpq2udd0ka8ckmpuqw3k5,450950521382,
a7018ecb763026cd48707500b4b8a38acd42225b54d0e71b37405d7a7dde9258,2023-05-20T02:25:54.224000,received,kaspa:qqwvnkp47wsj6n4hkdlgj8dsauyx0xvefunnwvvsmpq2udd0ka8ckmpuqw3k5,450950521382,
a7018ecb763026cd48707500b4b8a38acd42225b54d0e71b37405d7a7dde9258,2023-05-20T02:25:54.224000,received,kaspa:qqwvnkp47wsj6n4hkdlgj8dsauyx0xvefunnwvvsmpq2udd0ka8ckmpuqw3k5,450950521382,
a7018ecb763026cd48707500b4b8a38acd42225b54d0e71b37405d7a7dde9258,2023-05-20T02:25:54.224000,received,kaspa:qqwvnkp47wsj6n4hkdlgj8dsauyx0xvefunnwvvsmpq2udd0ka8ckmpuqw3k5,450950521382,
a7018ecb763026cd48707500b4b8a38acd42225b54d0e71b37405d7a7dde9258,2023-05-20T02:25:54.224000,received,kaspa:qqwvnkp47wsj6n4hkdlgj8dsauyx0xvefunnwvvsmpq2udd0ka8ckmpuqw3k5,450950521382,
3a0e6bb896e98916a71ca336f81eef4f53c632c38135ccd8f1aeb992336c2bbf,2023-05-19T11:25:00.287000,received,kaspa:qze3vzn8d8k5c8xu7fdp5r4kgj6jkqwfe430e8svqwrcp9ztwss6cv28uk8f2,349999997931,
f214d0a17c4fc228e6b30b9b59314c4325d0d4288468d780de7d388f366345fe,2023-05-19T11:21:45.361000,received,kaspa:qzj379asaa3p3r7t4y5d3kvt6an9xpjm2alyv8xlz7nsd2nkrmafglt6p08mg,572762344000,
db81330f7d41241262bdcb6654f27c19791a0c167bd083f69fc5cb60218bc8ef,2023-05-04T02:52:17.337000,received,kaspa:qzv7uay3zppwe74s465uza4e0548jyvge2rn4mpp9nqx6nq0jvasufdhk8awf,205407534000,
a3ec2d570c1d94834c25309e5d1a3092b3f60a4103c6a658ea6a6c51fdcbc4a9,2023-04-30T23:40:08.007000,received,kaspa:qr4gy6hmdd2ckugx6m9a0ydh25ghc3kynctw93vvdre3hcvz0xmuc9s8l04xs,3200000000000,
a3ec2d570c1d94834c25309e5d1a3092b3f60a4103c6a658ea6a6c51fdcbc4a9,2023-04-30T23:40:08.007000,received,kaspa:qqf4agprl2h9tcdz99zgnfpgfmkynsdhxqts3xtjj8et5e3cnqx26wy5gn2zj,3200000000000,
a3ec2d570c1d94834c25309e5d1a3092b3f60a4103c6a658ea6a6c51fdcbc4a9,2023-04-30T23:40:08.007000,received,kaspa:qpe8zp7vds3w3ydxlfcg7zsmes75ckz6curfv997566gh6j8dcf27n90hvvmg,3200000000000,
a3ec2d570c1d94834c25309e5d1a3092b3f60a4103c6a658ea6a6c51fdcbc4a9,2023-04-30T23:40:08.007000,received,kaspa:qqa5mv232dzp7k3jype5wuz6aupvdawsn5allvskjmkhjha79a2j5azue7ujm,3200000000000,
5d4d175016d50d67dcfb4dc84eac7a25fab3d16ce7619e725af6ab855a3392e4,2023-04-30T23:34:23.111000,sent,kaspa:qqwvnkp47wsj6n4hkdlgj8dsauyx0xvefunnwvvsmpq2udd0ka8ckmpuqw3k5,1156544084119,
5d4d175016d50d67dcfb4dc84eac7a25fab3d16ce7619e725af6ab855a3392e4,2023-04-30T23:34:23.111000,sent,kaspa:qqwvnkp47wsj6n4hkdlgj8dsauyx0xvefunnwvvsmpq2udd0ka8ckmpuqw3k5,1156544084119,
052f2f93bfd99ea8f951732b446748b937bb1db305f374cf5f82bc2e85d1e7b7,2023-04-19T21:20:34.209000,received,kaspa:qped02fx2w3kgc0hz9lkkg4mzmcz2kafu6vrw3efreevsr0n88aawrga4xjy5,1155544400000,
15e32b41d38888caf0d5e4e8a2c9071e842b4c1e2b2840feb7aa71230f0eba84,2023-04-13T20:51:11.378000,sent,kaspa:qqf4agprl2h9tcdz99zgnfpgfmkynsdhxqts3xtjj8et5e3cnqx26wy5gn2zj,899000000000,
86882c7a2be287459ff817c7e45c39e88983cd93d401bd9b5fdcdd3708b4caed,2023-04-12T12:43:35.570000,sent,kaspa:qqwvnkp47wsj6n4hkdlgj8dsauyx0xvefunnwvvsmpq2udd0ka8ckmpuqw3k5,300000000000,
5494035008e1e8e590c65243e06e6cbfa724735291b19626584593bfe9df7a6a,2023-04-11T12:28:04.763000,received,kaspa:qqa5mv232dzp7k3jype5wuz6aupvdawsn5allvskjmkhjha79a2j5azue7ujm,1199999984119,
5494035008e1e8e590c65243e06e6cbfa724735291b19626584593bfe9df7a6a,2023-04-11T12:28:04.763000,received,kaspa:qqa5mv232dzp7k3jype5wuz6aupvdawsn5allvskjmkhjha79a2j5azue7ujm,1199999984119,
5494035008e1e8e590c65243e06e6cbfa724735291b19626584593bfe9df7a6a,2023-04-11T12:28:04.763000,received,kaspa:qqa5mv232dzp7k3jype5wuz6aupvdawsn5allvskjmkhjha79a2j5azue7ujm,1199999984119,
5494035008e1e8e590c65243e06e6cbfa724735291b19626584593bfe9df7a6a,2023-04-11T12:28:04.763000,received,kaspa:qqa5mv232dzp7k3jype5wuz6aupvdawsn5allvskjmkhjha79a2j5azue7ujm,1199999984119,
5494035008e1e8e590c65243e06e6cbfa724735291b19626584593bfe9df7a6a,2023-04-11T12:28:04.763000,received,kaspa:qqjjghj2trf6ufer95pjdf7jcj4vxfny52dl02d8ufgzkt2yct9ak5lpxl8lq,1199999984119,
5494035008e1e8e590c65243e06e6cbfa724735291b19626584593bfe9df7a6a,2023-04-11T12:28:04.763000,received,kaspa:qqa5mv232dzp7k3jype5wuz6aupvdawsn5allvskjmkhjha79a2j5azue7ujm,1199999984119,
5494035008e1e8e590c65243e06e6cbfa724735291b19626584593bfe9df7a6a,2023-04-11T12:28:04.763000,received,kaspa:qqa5mv232dzp7k3jype5wuz6aupvdawsn5allvskjmkhjha79a2j5azue7ujm,1199999984119,
5494035008e1e8e590c65243e06e6cbfa724735291b19626584593bfe9df7a6a,2023-04-11T12:28:04.763000,received,kaspa:qqa5mv232dzp7k3jype5wuz6aupvdawsn5allvskjmkhjha79a2j5azue7ujm,1199999984119,
5494035008e1e8e590c65243e06e6cbfa724735291b19626584593bfe9df7a6a,2023-04-11T12:28:04.763000,received,kaspa:qqa5mv232dzp7k3jype5wuz6aupvdawsn5allvskjmkhjha79a2j5azue7ujm,1199999984119,
5494035008e1e8e590c65243e06e6cbfa724735291b19626584593bfe9df7a6a,2023-04-11T12:28:04.763000,received,kaspa:qpywgxag3g7g5h6eql72fdgqw2smz59j4h995zps4hzmth6hap5x5xcvzfn9e,1199999984119,
5494035008e1e8e590c65243e06e6cbfa724735291b19626584593bfe9df7a6a,2023-04-11T12:28:04.763000,received,kaspa:qzuqp9yud58nrmw5pqg2jls23g07zf50tdtc6h64ql4unw4gtee4yz43sf2u2,1199999984119,
5494035008e1e8e590c65243e06e6cbfa724735291b19626584593bfe9df7a6a,2023-04-11T12:28:04.763000,received,kaspa:qzyxf5tz4kmg0lysc0e470q2zu0je00zxsxxsspy9ksq6ez5rlp956elcw9nf,1199999984119,
5494035008e1e8e590c65243e06e6cbfa724735291b19626584593bfe9df7a6a,2023-04-11T12:28:04.763000,received,kaspa:qzl5907mp5mkd4dq456m2gj78t8q5m9ncfz0xl9u8lp9sug4qp79gtly7wdc8,1199999984119,
937ea5c56566a8b0add6e05942afb1d60a9637a5d1c9cb87c041c82676214c83,2023-04-11T00:27:54.562000,sent,kaspa:qqwvnkp47wsj6n4hkdlgj8dsauyx0xvefunnwvvsmpq2udd0ka8ckmpuqw3k5,76399686421,
914a5d46382639e8741f3f9e252f2ee12328fc9495c4022b96359822512fc1dc,2023-04-11T00:25:58.644000,sent,kaspa:qqwvnkp47wsj6n4hkdlgj8dsauyx0xvefunnwvvsmpq2udd0ka8ckmpuqw3k5,800000000000,
baeab954cdbed98ab290582a13067a763de74b4ec8ea06c9332eba8f09ae652b,2023-04-11T00:24:00.166000,sent,kaspa:qqwvnkp47wsj6n4hkdlgj8dsauyx0xvefunnwvvsmpq2udd0ka8ckmpuqw3k5,500000000000,
8500c332a9f69877c50c4c75a2327691624e17735c3eec5533bcb5b4646ff485,2023-04-11T00:19:52.553000,received,kaspa:qqa5mv232dzp7k3jype5wuz6aupvdawsn5allvskjmkhjha79a2j5azue7ujm,1376399986421,
8500c332a9f69877c50c4c75a2327691624e17735c3eec5533bcb5b4646ff485,2023-04-11T00:19:52.553000,received,kaspa:qqa5mv232dzp7k3jype5wuz6aupvdawsn5allvskjmkhjha79a2j5azue7ujm,1376399986421,
8500c332a9f69877c50c4c75a2327691624e17735c3eec5533bcb5b4646ff485,2023-04-11T00:19:52.553000,received,kaspa:qqa5mv232dzp7k3jype5wuz6aupvdawsn5allvskjmkhjha79a2j5azue7ujm,1376399986421,
8500c332a9f69877c50c4c75a2327691624e17735c3eec5533bcb5b4646ff485,2023-04-11T00:19:52.553000,received,kaspa:qqa5mv232dzp7k3jype5wuz6aupvdawsn5allvskjmkhjha79a2j5azue7ujm,1376399986421,
8500c332a9f69877c50c4c75a2327691624e17735c3eec5533bcb5b4646ff485,2023-04-11T00:19:52.553000,received,kaspa:qqa5mv232dzp7k3jype5wuz6aupvdawsn5allvskjmkhjha79a2j5azue7ujm,1376399986421,
8500c332a9f69877c50c4c75a2327691624e17735c3eec5533bcb5b4646ff485,2023-04-11T00:19:52.553000,received,kaspa:qrj0jfvcxctghlvd8ajtv2lulmxj5gsnjmf7cagknufahrezz0tjx3200ft35,1376399986421,
8500c332a9f69877c50c4c75a2327691624e17735c3eec5533bcb5b4646ff485,2023-04-11T00:19:52.553000,received,kaspa:qqa5mv232dzp7k3jype5wuz6aupvdawsn5allvskjmkhjha79a2j5azue7ujm,1376399986421,
8500c332a9f69877c50c4c75a2327691624e17735c3eec5533bcb5b4646ff485,2023-04-11T00:19:52.553000,received,kaspa:qqa5mv232dzp7k3jype5wuz6aupvdawsn5allvskjmkhjha79a2j5azue7ujm,1376399986421,
8500c332a9f69877c50c4c75a2327691624e17735c3eec5533bcb5b4646ff485,2023-04-11T00:19:52.553000,received,kaspa:qqa5mv232dzp7k3jype5wuz6aupvdawsn5allvskjmkhjha79a2j5azue7ujm,1376399986421,
8500c332a9f69877c50c4c75a2327691624e17735c3eec5533bcb5b4646ff485,2023-04-11T00:19:52.553000,received,kaspa:qqa5mv232dzp7k3jype5wuz6aupvdawsn5allvskjmkhjha79a2j5azue7ujm,1376399986421,
8500c332a9f69877c50c4c75a2327691624e17735c3eec5533bcb5b4646ff485,2023-04-11T00:19:52.553000,received,kaspa:qz3nm8t9ksuad6dm7matdnqygsn9xyxfsly0zxwp9sw7ra8tp6mnwk7pdav7q,1376399986421,
b0d6e32101725bd6094d1283f133736bdd260982842f245722bbe23aa61e1f5e,2023-04-04T02:15:03.490000,sent,kaspa:qqwvnkp47wsj6n4hkdlgj8dsauyx0xvefunnwvvsmpq2udd0ka8ckmpuqw3k5,600059681561,
38c37fc6365cd7925013de88a01c6209dddfd36191166d2114c2a5f3639bc707,2023-04-01T11:56:18.429000,sent,kaspa:qqwvnkp47wsj6n4hkdlgj8dsauyx0xvefunnwvvsmpq2udd0ka8ckmpuqw3k5,664500000000,
38c37fc6365cd7925013de88a01c6209dddfd36191166d2114c2a5f3639bc707,2023-04-01T11:56:18.429000,sent,kaspa:qqwvnkp47wsj6n4hkdlgj8dsauyx0xvefunnwvvsmpq2udd0ka8ckmpuqw3k5,664500000000,
38c37fc6365cd7925013de88a01c6209dddfd36191166d2114c2a5f3639bc707,2023-04-01T11:56:18.429000,sent,kaspa:qqwvnkp47wsj6n4hkdlgj8dsauyx0xvefunnwvvsmpq2udd0ka8ckmpuqw3k5,664500000000,
38c37fc6365cd7925013de88a01c6209dddfd36191166d2114c2a5f3639bc707,2023-04-01T11:56:18.429000,sent,kaspa:qqwvnkp47wsj6n4hkdlgj8dsauyx0xvefunnwvvsmpq2udd0ka8ckmpuqw3k5,664500000000,
99b79c2fe58b3c5f6b96e60d449c7346ba941a328ab94e78652a75fde0edd04e,2023-04-01T00:05:30.122000,received,kaspa:qrc5gwx8y45pa4um32rw93a7cnuj603er3qu8sneyjezmncmkaghs5l7mhyv8,244234884306,
d9dc4541624c7493fa07c43992848bfbcb51aec4aefe57638f8426305bf73e67,2023-03-31T22:59:35.878000,received,kaspa:qrxqegt677ek2saz0fwmkfml7f6nqyf4x9y78mte3cfmctzp8tar6s2knw6gx,1000000000000,
d9dc4541624c7493fa07c43992848bfbcb51aec4aefe57638f8426305bf73e67,2023-03-31T22:59:35.878000,received,kaspa:qz0zc8l9erup00rxcmv2gn53ta8ffyy6aejn2dau7f6qf2w6kxx5kpazfvmsq,1000000000000,
d9dc4541624c7493fa07c43992848bfbcb51aec4aefe57638f8426305bf73e67,2023-03-31T22:59:35.878000,received,kaspa:qztqtlsf79xtsxtczj4z2ld9cu3urjffkl3awher6atjsx7pertqq4u849hlm,1000000000000,
d9dc4541624c7493fa07c43992848bfbcb51aec4aefe57638f8426305bf73e67,2023-03-31T22:59:35.878000,received,kaspa:qq62emyw9ym2kuqqkfr0ykj994lcmchwyp3crm80a7u9qa056chfzflq37ln2,1000000000000,
d9dc4541624c7493fa07c43992848bfbcb51aec4aefe57638f8426305bf73e67,2023-03-31T22:59:35.878000,received,kaspa:qqa5mv232dzp7k3jype5wuz6aupvdawsn5allvskjmkhjha79a2j5azue7ujm,1000000000000,
d9dc4541624c7493fa07c43992848bfbcb51aec4aefe57638f8426305bf73e67,2023-03-31T22:59:35.878000,received,kaspa:qqa5mv232dzp7k3jype5wuz6aupvdawsn5allvskjmkhjha79a2j5azue7ujm,1000000000000,
d9dc4541624c7493fa07c43992848bfbcb51aec4aefe57638f8426305bf73e67,2023-03-31T22:59:35.878000,received,kaspa:qqa5mv232dzp7k3jype5wuz6aupvdawsn5allvskjmkhjha79a2j5azue7ujm,1000000000000,
d9dc4541624c7493fa07c43992848bfbcb51aec4aefe57638f8426305bf73e67,2023-03-31T22:59:35.878000,received,kaspa:qqa5mv232dzp7k3jype5wuz6aupvdawsn5allvskjmkhjha79a2j5azue7ujm,1000000000000,
d9dc4541624c7493fa07c43992848bfbcb51aec4aefe57638f8426305bf73e67,2023-03-31T22:59:35.878000,received,kaspa:qqa5mv232dzp7k3jype5wuz6aupvdawsn5allvskjmkhjha79a2j5azue7ujm,1000000000000,
d9dc4541624c7493fa07c43992848bfbcb51aec4aefe57638f8426305bf73e67,2023-03-31T22:59:35.878000,received,kaspa:qqa5mv232dzp7k3jype5wuz6aupvdawsn5allvskjmkhjha79a2j5azue7ujm,1000000000000,
d9dc4541624c7493fa07c43992848bfbcb51aec4aefe57638f8426305bf73e67,2023-03-31T22:59:35.878000,received,kaspa:qqa5mv232dzp7k3jype5wuz6aupvdawsn5allvskjmkhjha79a2j5azue7ujm,1000000000000,
d9dc4541624c7493fa07c43992848bfbcb51aec4aefe57638f8426305bf73e67,2023-03-31T22:59:35.878000,received,kaspa:qqa5mv232dzp7k3jype5wuz6aupvdawsn5allvskjmkhjha79a2j5azue7ujm,1000000000000,
d9dc4541624c7493fa07c43992848bfbcb51aec4aefe57638f8426305bf73e67,2023-03-31T22:59:35.878000,received,kaspa:qqa5mv232dzp7k3jype5wuz6aupvdawsn5allvskjmkhjha79a2j5azue7ujm,1000000000000,
d9dc4541624c7493fa07c43992848bfbcb51aec4aefe57638f8426305bf73e67,2023-03-31T22:59:35.878000,received,kaspa:qqf4yw2wppjvk8pzf4yx9gk3lp7avu4h4ym2e8nhmxmefxdgn9r2zft4fwp2j,1000000000000,
a5a15f6a1afff743f586c5d8da513d705bb1758ab2657937546462a93af92947,2023-03-31T22:58:00.613000,received,kaspa:qqa5mv232dzp7k3jype5wuz6aupvdawsn5allvskjmkhjha79a2j5azue7ujm,19999997931,
f963baa94c20d775353777769bd6ce7842c6e8354a5cb5a342eeb2a9e15fa6a6,2023-03-31T19:19:15.699000,sent,kaspa:qqwvnkp47wsj6n4hkdlgj8dsauyx0xvefunnwvvsmpq2udd0ka8ckmpuqw3k5,230674900676,
441d21aeaf271989c218d53295eac78f2b8c2b379133efd6e1cabbba15043b0e,2023-03-28T01:23:13.278000,received,kaspa:qqwvnkp47wsj6n4hkdlgj8dsauyx0xvefunnwvvsmpq2udd0ka8ckmpuqw3k5,231000000000,
33c52e6c57abf535f680300596a8716e71d2587eba7ca6909d78a22fbd439263,2023-03-26T19:21:11.274000,sent,kaspa:qqwvnkp47wsj6n4hkdlgj8dsauyx0xvefunnwvvsmpq2udd0ka8ckmpuqw3k5,15165250300,
929aba53dea92c5afb7b4982ae003c199c87634b4b46b8854c3f206b86f84ec0,2023-03-25T22:29:20.958000,sent,kaspa:qqwvnkp47wsj6n4hkdlgj8dsauyx0xvefunnwvvsmpq2udd0ka8ckmpuqw3k5,3420191482992,
a745d7caa312db94f748d7d6994c6cf772835a81b5180062ca7226a7d51819ed,2023-03-25T13:38:23.939000,received,kaspa:qqwvnkp47wsj6n4hkdlgj8dsauyx0xvefunnwvvsmpq2udd0ka8ckmpuqw3k5,3435356933292,
