tx_id,timestamp,direction,peer_address,amount_sompi,cex_label
2d406dfa01ff5525e64b8ad319735c965712e365256aebc9e0b876366061eb44,2023-12-16T04:49:46.462000,sent,kaspa:qzslgwenzu78t6tldlng383g7ruu4enaljmnkgaulyrscjp7ldt26x8gfxck5,171940000,
2d406dfa01ff5525e64b8ad319735c965712e365256aebc9e0b876366061eb44,2023-12-16T04:49:46.462000,sent,kaspa:qzslgwenzu78t6tldlng383g7ruu4enaljmnkgaulyrscjp7ldt26x8gfxck5,171940000,
78656d253ffce9cd4ce9afeebe116230b732e5c128acdbe2e4461ba7dbf34fab,2023-12-12T23:58:22.047000,received,kaspa:qypswxtcrv4ssyjaswy5w9387vq73mkuyq85tl34cee6qn5uexqy0csgnafnjx7,171000000,
03f6da4554e5d0b5e2452f56af6ea2dd20361aa2877784ea04832966661329cc,2023-11-29T15:40:53.782000,sent,kaspa:qypwcxd65x2eu0me94ckh33y75zj2xe573w6yr9sd4zrlvun9c4kdysghtexn3f,18000000,
b7ea8fd5e55b5c8550b91fce8d1ff03e584f363a16486a98c756c2c0661a17a4,2023-11-28T18:31:11.589000,received,kaspa:qqshwyxdqnef5w786j5s9uutek3an7ns3rt5hwfza7frfrxp6yx5w34ld2707,19000000,
