tx_id,timestamp,direction,peer_address,amount_sompi,cex_label
a4deac2daa972e524225798bb6a4a674e63b205036fd8db789211acb2dd893eb,2023-12-15T08:01:20.538000,sent,kaspa:qqgp6uc45ma93sr5kkjt4dwxtunkyajl30dwre9ug9erfju259pjqm85g990t,171070000,
a4deac2daa972e524225798bb6a4a674e63b205036fd8db789211acb2dd893eb,2023-12-15T08:01:20.538000,sent,kaspa:qqgp6uc45ma93sr5kkjt4dwxtunkyajl30dwre9ug9erfju259pjqm85g990t,171070000,
392eff69a658fefcc7b86e27a8819332718c9a84aaa4d5ca6b4188de6a7fcfd3,2023-12-12T05:15:45.451000,received,kaspa:qypswxtcrv4ssyjaswy5w9387vq73mkuyq85tl34cee6qn5uexqy0csgnafnjx7,171000000,
245be96cc7304c2228d71cb98f67a70309e4912a811ab7be015f54a5954c6efe,2023-11-28T05:14:18.580000,sent,kaspa:qyp9mc7eau7dffujwcx6fjakz5sajnnv7zwy0fkudu32l7vpas2s4sgxcuhw7ju,18000000,
93d0494e48999ea627df5a52be3bd42b384e1a3c1e79f0c2de3b5f188ecdd48d,2023-11-27T16:41:20.772000,received,kaspa:qzjw2ftzs4xh3lje6kusg34xe5atwne40c0ezndrx2sav3udwjgvk2qqmc00l,18100000,
