tx_id,timestamp,direction,peer_address,amount_sompi,cex_label
a78a518f7cf60186e835a1229422def723c3bcdc82c40b15e56d199f9fa65d85,2024-11-18T13:12:00.948000,sent,kaspa:qqnqv3rvnctfyrjteurqm0gmqfu7yjg3949yxpyxxfa4rgm9nt2zxauwq8xvs,795000000000,
a78a518f7cf60186e835a1229422def723c3bcdc82c40b15e56d199f9fa65d85,2024-11-18T13:12:00.948000,sent,kaspa:qpgl0dyfatnrflwssc2x2t4vu7e4mdcws5qfhvn2zmq0ay7vmmvuc4mss9j83,10663918541,
c0a9e4032694303853104b29ae33a8c4c3c0425c5cfccb0842199989ecfbb0d7,2024-11-18T13:05:19.383000,received,kaspa:qzgtduqyccg66ms6crgpgnnn802c7drpevy4fsq8069lpzhdwfxhy4079jsrp,199588079796,
c0a9e4032694303853104b29ae33a8c4c3c0425c5cfccb0842199989ecfbb0d7,2024-11-18T13:05:19.383000,received,kaspa:qzgtduqyccg66ms6crgpgnnn802c7drpevy4fsq8069lpzhdwfxhy4079jsrp,199588079796,
