tx_id,timestamp,direction,peer_address,amount_sompi,cex_label
cd6af5e5e40db1b8aa811c8a969a378f3264a189bb6632b557cc4cf643633299,2023-12-16T04:00:41.449000,sent,kaspa:qzslgwenzu78t6tldlng383g7ruu4enaljmnkgaulyrscjp7ldt26x8gfxck5,171940000,
cd6af5e5e40db1b8aa811c8a969a378f3264a189bb6632b557cc4cf643633299,2023-12-16T04:00:41.449000,sent,kaspa:qzslgwenzu78t6tldlng383g7ruu4enaljmnkgaulyrscjp7ldt26x8gfxck5,171940000,
cb890d18c152cb6d3358896e7d4ff87b434e7443d7626bd29414fffaaeeb9701,2023-12-12T01:14:49.496000,received,kaspa:qypswxtcrv4ssyjaswy5w9387vq73mkuyq85tl34cee6qn5uexqy0csgnafnjx7,171000000,
7151091ea99673df70e249a574147d4c4bd48d69579af9c929df6dece3929d82,2023-11-27T15:54:09.221000,sent,kaspa:qyp2eyqxq763ee5mlwpds4cvdlvf5jh470mjz69uhjy0xgsnsjqaauctymg68zr,18000000,
a70840c69182a72df32c5c928f85a67feb29881cf4517b48fc21915f7e539b30,2023-11-27T12:43:26.221000,received,kaspa:qr6uctv0jtk6hvppfh98yec3yrqtpqgaplm57220c0lf0nvhzqe7xx45xh4w0,19000000,
