tx_id,timestamp,direction,peer_address,amount_sompi,cex_label
3b0a07a3f0de03c16389524f09ca0cd9c07c8b6b495239311afd6e2e07e94ac5,2023-12-17T03:30:32.040000,sent,kaspa:qrvmv475repu9xvty0np5mmu3evetfmu7zglsvcm8zdrxzzehpjwgcd05jpa4,171070000,
3b0a07a3f0de03c16389524f09ca0cd9c07c8b6b495239311afd6e2e07e94ac5,2023-12-17T03:30:32.040000,sent,kaspa:qrvmv475repu9xvty0np5mmu3evetfmu7zglsvcm8zdrxzzehpjwgcd05jpa4,171070000,
eca4fe12a729eabb5ec9e9678674236ae6aebf8ece9e1b6d6a111c53d84c1182,2023-12-12T14:26:40.977000,received,kaspa:qypswxtcrv4ssyjaswy5w9387vq73mkuyq85tl34cee6qn5uexqy0csgnafnjx7,171000000,
4687373f7606ce4cfc1b9bd53fbc7caab1ce8dbe462d0d716979301fcaf7d18a,2023-11-28T22:43:41.316000,sent,kaspa:qypjtx9euscq8f39dhlsstw3za7xutun0h3wvlgkgkqzattyquvmsxq9a865mcw,18000000,
f0776b7aa77c7ad66e0508b55b4eb82befb3ea4c32d130466101a61cb95815f5,2023-11-27T22:48:57.297000,received,kaspa:qzjw2ftzs4xh3lje6kusg34xe5atwne40c0ezndrx2sav3udwjgvk2qqmc00l,18100000,
