tx_id,timestamp,direction,peer_address,amount_sompi,cex_label
089a50f5f7af0e6f13a90c71c938cf068a0973af4beecf0dcd8b8f56127e2bb6,2023-12-20T11:03:17.425000,sent,kaspa:qrkaxvl2tw6pq6zx9xrr9lqnt9x72upf0hsrp3cvgcmfz77m50ycua35nz200,172970000,
089a50f5f7af0e6f13a90c71c938cf068a0973af4beecf0dcd8b8f56127e2bb6,2023-12-20T11:03:17.425000,sent,kaspa:qrkaxvl2tw6pq6zx9xrr9lqnt9x72upf0hsrp3cvgcmfz77m50ycua35nz200,172970000,
47c26587af73f7831b9f40aacef73b0691008180dd97fee36d5cbeedbf7bb084,2023-12-12T17:24:21.655000,received,kaspa:qypswxtcrv4ssyjaswy5w9387vq73mkuyq85tl34cee6qn5uexqy0csgnafnjx7,171000000,
7230dd5a52de56844cea3871f6536b293f1074b9f179c87932fcdae321cc85f4,2023-11-29T05:41:52.250000,sent,kaspa:qypfz33hgjnmxsq4hz93kes7huq7cpw58lck8rwppn9r0xaf92sjalsuu9ekjtn,18000000,
d6719d5558f5badeee84137aac3ca8c155c6ecd0bd574d5af6375fc3da67f486,2023-11-28T08:25:03.185000,received,kaspa:qpk0fw5e09yzswfmhepk5paay5vl7rsaewhcrmf8twnk44k0uxuz29klgr8ju,20000000,
