tx_id,timestamp,direction,peer_address,amount_sompi,cex_label
1a4b996e7a17438e49161242c23bdf23cef67009cd37c4d58db731be8b042fe0,2024-04-19T00:28:24.200000,sent,kaspa:qzfux54ltwfa3ays5hat7r8un5crvsskhr5yd6zqcjtlxu4j3ph6u70aqkhzc,7247809219338,
caa369482d8a13e3d40891da47dbed57e1e3ca2f09300e8b4819e04fb11a7f18,2023-11-19T13:41:11.333000,sent,kaspa:qqfkuxs7qpcykg4xc386skgue9xzgyufe6u7wluvk8jtvnmtfwz0xfwysz3xp,10000000000,
caa369482d8a13e3d40891da47dbed57e1e3ca2f09300e8b4819e04fb11a7f18,2023-11-19T13:41:11.333000,sent,kaspa:qzfccn9793jhwaqpw2z40dthuxs2degr94rz2uncj9l23j3572tnvn944xrkt,4989999990000,
a3de5ddbcf76b4bc5d75eedd9dac525ebfe12eca95542451914bee29c5192c6b,2023-10-03T00:59:03.465000,received,kaspa:qq33nkznmvf2tl0treg62x0wkvwkkjf2eem895fcp4h3wr6uey7px544fx4vh,5000000000000,
a3de5ddbcf76b4bc5d75eedd9dac525ebfe12eca95542451914bee29c5192c6b,2023-10-03T00:59:03.465000,received,kaspa:qq33nkznmvf2tl0treg62x0wkvwkkjf2eem895fcp4h3wr6uey7px544fx4vh,5000000000000,
a3de5ddbcf76b4bc5d75eedd9dac525ebfe12eca95542451914bee29c5192c6b,2023-10-03T00:59:03.465000,received,kaspa:qq33nkznmvf2tl0treg62x0wkvwkkjf2eem895fcp4h3wr6uey7px544fx4vh,5000000000000,
a3de5ddbcf76b4bc5d75eedd9dac525ebfe12eca95542451914bee29c5192c6b,2023-10-03T00:59:03.465000,received,kaspa:qq33nkznmvf2tl0treg62x0wkvwkkjf2eem895fcp4h3wr6uey7px544fx4vh,5000000000000,
df44fd80faef7318994d5e0c9c190300c2d51cce7c470a8db55ca7099cdf051f,2023-10-01T00:40:35.920000,received,kaspa:qq33nkznmvf2tl0treg62x0wkvwkkjf2eem895fcp4h3wr6uey7px544fx4vh,100000000000,
df44fd80faef7318994d5e0c9c190300c2d51cce7c470a8db55ca7099cdf051f,2023-10-01T00:40:35.920000,received,kaspa:qq33nkznmvf2tl0treg62x0wkvwkkjf2eem895fcp4h3wr6uey7px544fx4vh,100000000000,
df44fd80faef7318994d5e0c9c190300c2d51cce7c470a8db55ca7099cdf051f,2023-10-01T00:40:35.920000,received,kaspa:qq33nkznmvf2tl0treg62x0wkvwkkjf2eem895fcp4h3wr6uey7px544fx4vh,100000000000,
0ca87847b62af101721fc8c89f6e3ac1a471a187aa8268584fc14d83c0505be3,2023-03-31T19:22:13.802000,sent,kaspa:qq33nkznmvf2tl0treg62x0wkvwkkjf2eem895fcp4h3wr6uey7px544fx4vh,12826917000000,
0ca87847b62af101721fc8c89f6e3ac1a471a187aa8268584fc14d83c0505be3,2023-03-31T19:22:13.802000,sent,kaspa:qqm49xptxy9yx5hjxl74zu89lujuq773frgw4cfl6l74qmsl4wdnqutrux2xj,95720,
a3ed093bdf2b0391f572e6ddb4db1b0b3e51144288443b96f7243013f331a06e,2023-03-12T18:55:25.072000,received,kaspa:qrrzeucwfetuty3qserqydw4z4ax9unxd23zwp7tndvg7cs3ls8dvwldeayv5,24471917576,
e64e501828fff4f9583ff70b0ca34919daebe183d51d2b0d311c9f223fff07c3,2022-11-14T20:15:23.492000,sent,kaspa:qzfux54ltwfa3ays5hat7r8un5crvsskhr5yd6zqcjtlxu4j3ph6u70aqkhzc,12190644909652,
706a45bfe62f4af42f83de7f14f29a22ee85a3b13cc37c0f81e1407b5316fc50,2022-09-30T01:45:04.362000,received,kaspa:qpjunp39ssazf4rzfxxu0hd35xggfxn6lq0ls9u9q6peevzcmcv4xmv9q4njd,10235861000000,
