tx_id,timestamp,direction,peer_address,amount_sompi,cex_label
005c54be6b2c10b6d048954053e3223169074242322902393d6da163d5fa4f99,2024-08-28T21:32:51.089000,sent,kaspa:qq6j2zqx0l3sxt04v48fm2caczkd5lwsrpddemgjhaqj59x7s0amqka5rh7ym,1474500000000,
5f1a7e8d2abfcd9018d0ec6948b7f851c69c3e0bb69c3838d2b4ebbf455ddf4e,2024-08-28T21:22:22.425000,sent,kaspa:qp6a399dqslzlmm3q4uunknwts99z224m46ye22wf22yg27whvk7wapn09j7w,10000000000,
5f1a7e8d2abfcd9018d0ec6948b7f851c69c3e0bb69c3838d2b4ebbf455ddf4e,2024-08-28T21:22:22.425000,sent,kaspa:qp6a399dqslzlmm3q4uunknwts99z224m46ye22wf22yg27whvk7wapn09j7w,10000000000,
940cb57ddd1b66617e901ff612d493781c868bbcf764daf6a3545a25ac758dbd,2024-08-13T10:08:42.873000,received,kaspa:qq9zagcza4jt76eev9jl5z0nqhe0thcu7js8larktj4sle7lvgnw7sfcewlty,1484000000000,
7aa0d32738a31d1e874e311665fe5ec48f1d2901066ea4badce8019250fc799c,2024-08-07T09:00:06.769000,sent,kaspa:qq9zagcza4jt76eev9jl5z0nqhe0thcu7js8larktj4sle7lvgnw7sfcewlty,1484000000000,
b8fab9fd7ea264a12aa8658184eda54cda4128c8ba6c44c8be5bd55b76bc4cc3,2024-08-07T08:58:55.332000,sent,kaspa:qq9zagcza4jt76eev9jl5z0nqhe0thcu7js8larktj4sle7lvgnw7sfcewlty,15000000000,
f77ec805382fcd11a27c3485fe4cc48bf67683a02b24f71ebd0a15e770a1e4e8,2024-08-07T08:55:57.233000,received,kaspa:qp8ktmhx5e7tjh8m96xttaqckywvdcvn6gc7gyxxl9y2npt4julkqw8037g3c,1500000000000,
5eba9a202b77521ac3553ed1c312e159309b4aa2a9b30b8ba47ddb6153d1ec99,2023-11-24T22:21:30.658000,sent,kaspa:qqwvnkp47wsj6n4hkdlgj8dsauyx0xvefunnwvvsmpq2udd0ka8ckmpuqw3k5,1569999100000,
5bc36075adf123ee483117ff3d9d28f192e2e2e7efed27cb3af0715c0141bb8c,2023-11-23T01:20:18.638000,sent,kaspa:qp6a399dqslzlmm3q4uunknwts99z224m46ye22wf22yg27whvk7wapn09j7w,50000000000,
eb00e5417577e3c753c62be874041b56416035aae9a2f86a8b4d2c5b8e0724b1,2023-11-23T00:49:10.271000,sent,kaspa:qqwvnkp47wsj6n4hkdlgj8dsauyx0xvefunnwvvsmpq2udd0ka8ckmpuqw3k5,100000000000,
e035fc08f4cb08f121fbc1109e3572aa9eb9c91f131a17839481f31bd4879e1a,2023-11-23T00:45:05.606000,sent,kaspa:qqwvnkp47wsj6n4hkdlgj8dsauyx0xvefunnwvvsmpq2udd0ka8ckmpuqw3k5,100000000000,
0bfc266617243dc497a0b47cfea81a914c744f424eb47aef40932b168c0c7812,2023-11-23T00:33:34.251000,sent,kaspa:qqwvnkp47wsj6n4hkdlgj8dsauyx0xvefunnwvvsmpq2udd0ka8ckmpuqw3k5,50000000000,
68f280955a12e766ebb34fc7d236e0c2b67c41d089abb116cf6f0f1d443ec0dc,2023-11-23T00:25:17.892000,sent,kaspa:qqwvnkp47wsj6n4hkdlgj8dsauyx0xvefunnwvvsmpq2udd0ka8ckmpuqw3k5,100000000000,
c8c6449b83fc3a32c641b6b0d36c1b9c04171126c2762c9c26cccef28bf66265,2023-11-23T00:11:58.591000,sent,kaspa:qqwvnkp47wsj6n4hkdlgj8dsauyx0xvefunnwvvsmpq2udd0ka8ckmpuqw3k5,500000000000,
a1bf96c13cfcc63eebd7c8daa0decef8ee32d0612819c647344bbcd60a78b355,2023-11-23T00:10:39.605000,sent,kaspa:qqwvnkp47wsj6n4hkdlgj8dsauyx0xvefunnwvvsmpq2udd0ka8ckmpuqw3k5,20000000000,
24586d32ec6a47c345f41bbbb6cb3995025658a997210ee043aa9446086a9899,2023-11-23T00:09:18.749000,sent,kaspa:qqwvnkp47wsj6n4hkdlgj8dsauyx0xvefunnwvvsmpq2udd0ka8ckmpuqw3k5,10000000000,
6a10fd68aadeb9255dd290296551bacd7568b4ab6eb757192b1621efa1424ed9,2023-10-03T20:09:34.705000,received,kaspa:qr99emzcd2cmfzurl8d0gsdmfe64sw7jc447xshjvkpxsn0g28mk236r0uxg7,2500000000000,
