tx_id,timestamp,direction,peer_address,amount_sompi,cex_label
2564335b8ab370b2dfe10eaf1e7e71fe7d424133fd0a9df2eb9bfe2883a3b455,2023-12-13T00:47:31.523000,sent,kaspa:qz2x78j3p5zhyvczlj6p9a64d5mf3m42jyg43r67qzu046hxfqtrkcvqpf0c2,171070000,
2564335b8ab370b2dfe10eaf1e7e71fe7d424133fd0a9df2eb9bfe2883a3b455,2023-12-13T00:47:31.523000,sent,kaspa:qz2x78j3p5zhyvczlj6p9a64d5mf3m42jyg43r67qzu046hxfqtrkcvqpf0c2,171070000,
9cc96c00f713eed82f4fccf374aeea434300c27906d68e180cb2cbb1fb2fbf51,2023-12-12T20:25:13.667000,received,kaspa:qypswxtcrv4ssyjaswy5w9387vq73mkuyq85tl34cee6qn5uexqy0csgnafnjx7,171000000,
16ed80e89b4de33ce9ca67b4d299fe83ec44becca360b3ce286edd587b9249dc,2023-11-29T10:52:40.882000,sent,kaspa:qypmtvtuj444tzkfhak8vlg2fhl3dy367vzuleyhxluhme2w37g7p8gtn5780av,18000000,
73743351a25005688968140a36d28408d99e8a85458d90c0fc269d6eeea7e790,2023-11-29T08:41:08.924000,received,kaspa:qz4fchetgh2jdhpehj2r95q4wthcad0qqy3du63nzduecvlg55gfj2y0pxucr,18100000,
