tx_id,timestamp,direction,peer_address,amount_sompi,cex_label
cc52cbc16e1cc89a15eaf6123d883467b3c6f86509cf9d15740878757f896a6a,2023-12-16T04:43:57.844000,sent,kaspa:qzslgwenzu78t6tldlng383g7ruu4enaljmnkgaulyrscjp7ldt26x8gfxck5,171940000,
cc52cbc16e1cc89a15eaf6123d883467b3c6f86509cf9d15740878757f896a6a,2023-12-16T04:43:57.844000,sent,kaspa:qzslgwenzu78t6tldlng383g7ruu4enaljmnkgaulyrscjp7ldt26x8gfxck5,171940000,
834d24f37531019d192541fd5f5ee3f433ba8d56b7884f3b65d5dd480bfe5db4,2023-12-13T02:07:45.263000,received,kaspa:qypswxtcrv4ssyjaswy5w9387vq73mkuyq85tl34cee6qn5uexqy0csgnafnjx7,171000000,
2389eb2651b46cf062502792b86fb8e971028d7f1e3a17ac89d27e8a11bc141c,2023-11-29T17:38:04.511000,sent,kaspa:qyppuajfnp9qxnz4d7cgcz7zh30sd3s3y83792etplyz63eesyjdhfc76clwnkg,18000000,
3cca80c1821276a1bfb4c7405f64476b47842a43d6e01bf97d961c996d7812f0,2023-11-27T20:05:21.103000,received,kaspa:qrh7hg99wa55cem920u9ctccq9xec25rsh55pp4t0gzqtls6nusrc4m4z5ddx,19000000,
