tx_id,timestamp,direction,peer_address,amount_sompi,cex_label
2753bdbc613ddcb184932c62bcacdac10ddb467de3b3f39182f91b7f3d05ed4b,2023-12-16T03:13:36.217000,sent,kaspa:qzslgwenzu78t6tldlng383g7ruu4enaljmnkgaulyrscjp7ldt26x8gfxck5,171940000,
2753bdbc613ddcb184932c62bcacdac10ddb467de3b3f39182f91b7f3d05ed4b,2023-12-16T03:13:36.217000,sent,kaspa:qzslgwenzu78t6tldlng383g7ruu4enaljmnkgaulyrscjp7ldt26x8gfxck5,171940000,
df52e939fcd7ac5572c05b603b6827346862ace8d4cda56e02202507b9ec6c44,2023-12-11T23:30:20.972000,received,kaspa:qypswxtcrv4ssyjaswy5w9387vq73mkuyq85tl34cee6qn5uexqy0csgnafnjx7,171000000,
6366db35ca1c58ce7b348f527825865362d3da103790edd902a837d7f666ea14,2023-11-27T13:41:26.825000,sent,kaspa:qypkr5n0d99emylqnuytrk8mtc9de7smklc2ur8qdxvdvuypwmppdngkmfglhlh,18000000,
e87512f5f9f129efff88acf4b7d223d85b1680a657a3df2996cd00d091b1b893,2023-11-27T03:47:58.781000,received,kaspa:qpe7n3hm27lszp3hh5974245t8a0mvahp6q820e44vs29sl0xljpg8f42mmlf,19000000,
