tx_id,timestamp,direction,peer_address,amount_sompi,cex_label
a36208f213c72708e0d94f2503aef1e45fead22687c996c0723beed9b8db320f,2023-12-16T05:10:21.187000,sent,kaspa:qzslgwenzu78t6tldlng383g7ruu4enaljmnkgaulyrscjp7ldt26x8gfxck5,171940000,
a36208f213c72708e0d94f2503aef1e45fead22687c996c0723beed9b8db320f,2023-12-16T05:10:21.187000,sent,kaspa:qzslgwenzu78t6tldlng383g7ruu4enaljmnkgaulyrscjp7ldt26x8gfxck5,171940000,
c4bcddd8d14f4d04151e21729e26219f557ed1ff2ed6fb7bcf07bdce198e87a6,2023-12-13T05:46:22.967000,received,kaspa:qypswxtcrv4ssyjaswy5w9387vq73mkuyq85tl34cee6qn5uexqy0csgnafnjx7,171000000,
a4ab404857c9906ea9bf3f557636f1c54b9948f528f8e6a890bbad1cbbb648bc,2023-11-29T21:46:35.174000,sent,kaspa:qypdpx8qsq2w3xa3a44x0u8sqyt3wfcf0cz35xklpyv3apvujzs0v0clsc2mxmw,18000000,
35ae96c8a133ea003ea13108b525f4b65b1afdbbc5340791d452ea6f88622350,2023-11-29T20:42:14.887000,received,kaspa:qpmp7s9we4nmtuq7fahr68pkxddehqer4r278q8wwtrgp4p5cqqj7e08uvv05,19000000,
