tx_id,timestamp,direction,peer_address,amount_sompi,cex_label
79206ed6e42352a456fef60ef310daadc23d5252dd83f7e32b0653b9389850c8,2024-04-20T00:33:05.352000,sent,kaspa:qpzpfwcsqsxhxwup26r55fd0ghqlhyugz8cp6y3wxuddc02vcxtjg75pspnwz,2000000000000,MEXC
79206ed6e42352a456fef60ef310daadc23d5252dd83f7e32b0653b9389850c8,2024-04-20T00:33:05.352000,sent,kaspa:qpjunp39ssazf4rzfxxu0hd35xggfxn6lq0ls9u9q6peevzcmcv4xmv9q4njd,19998856731246353,
1c236507de7995906accafb4766b7d6ba74893a6418ae041a6d8097b8c72ad2a,2024-04-20T00:31:31.515000,received,kaspa:qr49y83u5jqt834v8zder9ldprfn9zttn34hul85hlx09xrjek8yzxfy0627x,4969500000000,
762519a1aee30ce41a7226b239153be812aa81cd30aaad94cdb0a77e0671bcfa,2023-08-03T11:11:20.616000,sent,kaspa:qpzpfwcsqsxhxwup26r55fd0ghqlhyugz8cp6y3wxuddc02vcxtjg75pspnwz,200000000000000,MEXC
762519a1aee30ce41a7226b239153be812aa81cd30aaad94cdb0a77e0671bcfa,2023-08-03T11:11:20.616000,sent,kaspa:qpjunp39ssazf4rzfxxu0hd35xggfxn6lq0ls9u9q6peevzcmcv4xmv9q4njd,81375897966,
91bca776aa1eb299bf397b395e99e8facffb6fb330162910afe41eaf5dc27605,2023-08-03T10:18:14.695000,received,kaspa:qp88hcxy9w2uh4m8xhjm07wdnxarh9g9razrs60krxzq9gu2nam2696d7k3fz,5000000000000,
91bca776aa1eb299bf397b395e99e8facffb6fb330162910afe41eaf5dc27605,2023-08-03T10:18:14.695000,received,kaspa:qp88hcxy9w2uh4m8xhjm07wdnxarh9g9razrs60krxzq9gu2nam2696d7k3fz,5000000000000,
