tx_id,timestamp,direction,peer_address,amount_sompi,cex_label
f4a1257c577e3c001e219ae5af139b0bfdb0c29cff4366589a3baa6d6664c353,2023-12-18T10:27:25.921000,sent,kaspa:qrkaxvl2tw6pq6zx9xrr9lqnt9x72upf0hsrp3cvgcmfz77m50ycua35nz200,171770000,
f4a1257c577e3c001e219ae5af139b0bfdb0c29cff4366589a3baa6d6664c353,2023-12-18T10:27:25.921000,sent,kaspa:qrkaxvl2tw6pq6zx9xrr9lqnt9x72upf0hsrp3cvgcmfz77m50ycua35nz200,171770000,
43c2389b8db103697aaeb2525b7cddc0654e411ccfc0e34ee1b52d111d109c47,2023-12-12T07:22:30.321000,received,kaspa:qypswxtcrv4ssyjaswy5w9387vq73mkuyq85tl34cee6qn5uexqy0csgnafnjx7,171000000,
1472d30a85d1d5e8199c1f079325e458a876c399f71b33d228bd42830bcd7856,2023-11-28T08:57:53.655000,sent,kaspa:qypxtzc7aey0xmaphmtsdrtxzlx3akxsykpljltv8jvnhv2wcmrw6ycfdhk49dk,18000000,
c7ddca689cf47a260c081b449a6ccb90e79b6bc22361cb7c9adeb67ded896995,2023-11-26T15:24:58.524000,received,kaspa:qqrw30wcrzkqh3crp49plh7xy86mt0svvt8prv3umd2ltax50k452mwy89jj9,18800000,
