tx_id,timestamp,direction,peer_address,amount_sompi,cex_label
eb23d72c55dd38abed74e362f09feb9648d0edbf9cc3aa7c5c8e46a92c289d36,2023-12-16T04:10:21.036000,sent,kaspa:qzslgwenzu78t6tldlng383g7ruu4enaljmnkgaulyrscjp7ldt26x8gfxck5,171940000,
eb23d72c55dd38abed74e362f09feb9648d0edbf9cc3aa7c5c8e46a92c289d36,2023-12-16T04:10:21.036000,sent,kaspa:qzslgwenzu78t6tldlng383g7ruu4enaljmnkgaulyrscjp7ldt26x8gfxck5,171940000,
49f489233813fec006e17e524aa4ef86ec73944692b09d45d4ef79f544d70e5f,2023-12-12T06:21:10.333000,received,kaspa:qypswxtcrv4ssyjaswy5w9387vq73mkuyq85tl34cee6qn5uexqy0csgnafnjx7,171000000,
229c85625fde8ec48b79f444ae770562dbeba7dffc4156c3707ee81a140a083e,2023-11-28T07:06:40.828000,sent,kaspa:qypjq0k857vm7t4xm2ka29mulsz8asr9ku6gxcjzk76t68myzmv9elgnxw6ln8w,18000000,
cfcc21f018f1d1bd2da4b659f3bd64143235240bb01b37520882a97ffb472ec4,2023-11-28T04:29:05.789000,received,kaspa:qz63ppr2zl6fny4vy8z3adjfsygghjqg58du4z7nd5wgep8snx5ssls2hfljj,19000000,
