tx_id,timestamp,direction,peer_address,amount_sompi,cex_label
38d42a75ae14d125354251d475e3ecb62efb62524aa5ba7f7af32838e626b4b8,2024-07-23T14:30:55.951000,sent,kaspa:qz70cen3qve2yum724lsraa3arwqqx46n7rhw206fjw8t9r3keulzaskwx80y,7400000000,
241497653e7e1a4452f0062514f1fc3f423bbc64736416784ef60d40422304df,2024-07-23T10:44:00.769000,sent,kaspa:qz70cen3qve2yum724lsraa3arwqqx46n7rhw206fjw8t9r3keulzaskwx80y,1180000000000,
a72b8d06f3bcf69113e1a7749ea56e9ebfc0120cfb7d6b992bca591802a784ef,2024-07-23T10:24:03.235000,sent,kaspa:qz70cen3qve2yum724lsraa3arwqqx46n7rhw206fjw8t9r3keulzaskwx80y,10100000000,
85430f218b724e1c6e2108f3abde36620e3707d073f199d9fab7014a5fdd89cc,2024-04-09T16:57:51.644000,sent,kaspa:qq9zagcza4jt76eev9jl5z0nqhe0thcu7js8larktj4sle7lvgnw7sfcewlty,5000000000000,
3414ca33b91db63545d78ad7c0e4dd6496c02c2f5e11b33f786e4eb4c0fa7c3e,2024-04-09T16:54:57.029000,sent,kaspa:qq9zagcza4jt76eev9jl5z0nqhe0thcu7js8larktj4sle7lvgnw7sfcewlty,2000000000,
3414ca33b91db63545d78ad7c0e4dd6496c02c2f5e11b33f786e4eb4c0fa7c3e,2024-04-09T16:54:57.029000,sent,kaspa:qq9zagcza4jt76eev9jl5z0nqhe0thcu7js8larktj4sle7lvgnw7sfcewlty,2000000000,
dda434b03cb5d52dd5795a395d7444c9e20a76a9cd79946d839df4a8b837b4b3,2024-01-14T16:42:01.566000,received,kaspa:qqetp7ct8kqss99fxmymyz5t3fezppxp0t58wl6pawp27elqd46uudme00cl0,4774675000000,
dda434b03cb5d52dd5795a395d7444c9e20a76a9cd79946d839df4a8b837b4b3,2024-01-14T16:42:01.566000,received,kaspa:qpzpfwcsqsxhxwup26r55fd0ghqlhyugz8cp6y3wxuddc02vcxtjg75pspnwz,4774675000000,MEXC
e2e3b1cab123e5b5bd7a780c2ebe360062eba91955a015db24dcc66eeda9db97,2024-01-14T15:03:04.929000,received,kaspa:qqetp7ct8kqss99fxmymyz5t3fezppxp0t58wl6pawp27elqd46uudme00cl0,1424885000000,
e2e3b1cab123e5b5bd7a780c2ebe360062eba91955a015db24dcc66eeda9db97,2024-01-14T15:03:04.929000,received,kaspa:qpzpfwcsqsxhxwup26r55fd0ghqlhyugz8cp6y3wxuddc02vcxtjg75pspnwz,1424885000000,MEXC
