tx_id,timestamp,direction,peer_address,amount_sompi,cex_label
3298005c1ddaaa6e1c24814ef399c8f163ef73867a057d515b909b77c2939609,2023-12-16T04:13:06.049000,sent,kaspa:qzslgwenzu78t6tldlng383g7ruu4enaljmnkgaulyrscjp7ldt26x8gfxck5,171940000,
3298005c1ddaaa6e1c24814ef399c8f163ef73867a057d515b909b77c2939609,2023-12-16T04:13:06.049000,sent,kaspa:qzslgwenzu78t6tldlng383g7ruu4enaljmnkgaulyrscjp7ldt26x8gfxck5,171940000,
a7d7faa46908998f9378853d9d5bc61cd082155f9e3a78eea7a82ba38a278b79,2023-12-12T08:51:34.625000,received,kaspa:qypswxtcrv4ssyjaswy5w9387vq73mkuyq85tl34cee6qn5uexqy0csgnafnjx7,171000000,
7449f1dfd98638b393516518e825272f881ef33ddc734a1b4542ac227ce42086,2023-11-28T11:44:19.435000,sent,kaspa:qyp0kyp7qvekax7hsmq6na5wet6tt0hdd7ccugaguneycts5p6da5rgt93e44xf,18000000,
a4d4c93547fee5e071349559636d15c847e4b8cc936d5a9878dc38bb334dd73f,2023-11-27T15:26:01.757000,received,kaspa:qrqxzdquf8znzr6hc0nscqgf377fps4pncal6r8a7wthkmmkz845wgu57tavk,19000000,
