tx_id,timestamp,direction,peer_address,amount_sompi,cex_label
8119d5cf911c7b09db2ee5b7c612e1db3fa0bb85a01844f10ba2add2eced4a07,2023-12-16T05:03:02.065000,sent,kaspa:qzslgwenzu78t6tldlng383g7ruu4enaljmnkgaulyrscjp7ldt26x8gfxck5,171940000,
8119d5cf911c7b09db2ee5b7c612e1db3fa0bb85a01844f10ba2add2eced4a07,2023-12-16T05:03:02.065000,sent,kaspa:qzslgwenzu78t6tldlng383g7ruu4enaljmnkgaulyrscjp7ldt26x8gfxck5,171940000,
58196226b25b89eb2b8744012e83475e73655476e23e0e0c68241eecc268ee3f,2023-12-13T02:57:59.919000,received,kaspa:qypswxtcrv4ssyjaswy5w9387vq73mkuyq85tl34cee6qn5uexqy0csgnafnjx7,171000000,
96a787394d594a40b4ea4e9c066de102bf592124e0441447f1f9124b3b7f3b93,2023-11-29T18:15:46.608000,sent,kaspa:qypgpnluy5dqsx5wndv8fh9n45px7aq7ftuf4q5vk0jz8qvmtvxzu8qrqkuh9xj,18000000,
2b73f2c8c9ed7b4ac318922de5f816a1057c7beff7efaeb88518f94a7ba6d93d,2023-11-28T18:19:45.597000,received,kaspa:qpwhru0ycq9aqhmkwzwsz5q888cxytn6pjlhang56rff0m2ysh727vazd7ejt,19000000,
