tx_id,timestamp,direction,peer_address,amount_sompi,cex_label
6ad53c3f8d656c86b397b420c9e9c709de81d765d6e8d593ffd31b3f694bede3,2023-12-16T04:46:39.311000,sent,kaspa:qzslgwenzu78t6tldlng383g7ruu4enaljmnkgaulyrscjp7ldt26x8gfxck5,171940000,
6ad53c3f8d656c86b397b420c9e9c709de81d765d6e8d593ffd31b3f694bede3,2023-12-16T04:46:39.311000,sent,kaspa:qzslgwenzu78t6tldlng383g7ruu4enaljmnkgaulyrscjp7ldt26x8gfxck5,171940000,
4958f8bebe14d8b42751f2609f9239ad2fb0e9463cee5ab5159048d9a3abed9e,2023-12-12T21:07:01.435000,received,kaspa:qypswxtcrv4ssyjaswy5w9387vq73mkuyq85tl34cee6qn5uexqy0csgnafnjx7,171000000,
74546319a9f8d0ec40f7a92bb0b0233533e249ecde04493f7d9c5da6cc12cb0c,2023-11-29T11:55:42.245000,sent,kaspa:qypglacuwkk4u2ltwr9pe2se70l6apkvcmfcmp4fm280jcsngv90quggpe8677g,18000000,
3cdee4678f6079f949480167d112cc91cd14213940a03310a4cc9242bbf25d90,2023-11-28T03:18:23.198000,received,kaspa:qqshwyxdqnef5w786j5s9uutek3an7ns3rt5hwfza7frfrxp6yx5w34ld2707,19000000,
