tx_id,timestamp,direction,peer_address,amount_sompi,cex_label
d50b1921d898efbca3b683c47221f45fb926219b13bf7ca588fb096896208ecd,2023-12-13T01:30:36.042000,sent,kaspa:qqucay7eet20htwzjznry63eajufgv76h3qh00zq022g7t5rl3n57s4mytcgz,170990000,
5438fbb0076701a04f41d0f401c748072412e47349175220bad3254532c221e0,2023-12-12T20:37:06.688000,received,kaspa:qypswxtcrv4ssyjaswy5w9387vq73mkuyq85tl34cee6qn5uexqy0csgnafnjx7,171000000,
0e01a295f258bf4fd79b87ffaf6bd646241dcd1e37145158891eefc88c4636c9,2023-11-29T11:14:27.468000,sent,kaspa:qrc2lrmalq05ecj503eqptjchjn5j4t9le96srvzee4sahzwl3hg7rv084e9q,549500000,
118de4d6b8ed02d9052e05837376d7322dc86d6b24c1401dcba5eaca5b1414fa,2023-11-29T11:13:41.566000,sent,kaspa:qyptsyc42kv679c3vxm4lzefzp475t0ep0qxk8h9779lak3gq8x0pxc7kek0aa8,18000000,
dc6e028f038c8bbc34acce03f5e4649e65cfba84eda67eb43d15dc0dae050891,2023-11-29T11:03:39.301000,received,kaspa:qpsszc30swgj9xfhyuj8vj5p8lpnhwq7mm80ew9p0u58wlwvcm55yr6t40s0z,567520000,
