tx_id,timestamp,direction,peer_address,amount_sompi,cex_label
d786421475390bf6194fd96bafbaedbae2d4f39c919883faac0476333d7b2481,2023-12-16T05:02:07.879000,sent,kaspa:qzslgwenzu78t6tldlng383g7ruu4enaljmnkgaulyrscjp7ldt26x8gfxck5,171940000,
d786421475390bf6194fd96bafbaedbae2d4f39c919883faac0476333d7b2481,2023-12-16T05:02:07.879000,sent,kaspa:qzslgwenzu78t6tldlng383g7ruu4enaljmnkgaulyrscjp7ldt26x8gfxck5,171940000,
513ecfed34cfdd3076348cc652a02b1461e9464480cbc44ad34f50f7d36f86cf,2023-12-13T02:30:12.046000,received,kaspa:qypswxtcrv4ssyjaswy5w9387vq73mkuyq85tl34cee6qn5uexqy0csgnafnjx7,171000000,
cea15d399905d1f0137a62a51538eb14aaf2ef70825fc3da34c64ca7f25c1ced,2023-11-29T17:53:55.160000,sent,kaspa:qypzvjlskt5kt37pthsy9nwtgjevjd64382wxyhnzcplfp59v4htlzqsdq23agd,18000000,
ca3b1115c12a70bd9e4f9468417153dc08fcac9280490fa745dfe5c87676f440,2023-11-28T13:08:41.327000,received,kaspa:qr59q6py2mlzhpjhue93cscnwxw8cdpa3edz9qn5g59vp7rfhpancus22ncpe,19000000,
