tx_id,timestamp,direction,peer_address,amount_sompi,cex_label
f8a9e01f48e44600c6767b309fac463d3efbb292688f3789a68e982f5dbc3a4b,2024-11-18T16:31:40.779000,sent,kaspa:qqnqv3rvnctfyrjteurqm0gmqfu7yjg3949yxpyxxfa4rgm9nt2zxauwq8xvs,600000000000,
f8a9e01f48e44600c6767b309fac463d3efbb292688f3789a68e982f5dbc3a4b,2024-11-18T16:31:40.779000,sent,kaspa:qpg2jn2w5fzmhdd0antl6uq0mhwsmlzcljlrdgtwrsrqcmwtkue8gcwxn3mq7,7012144702,
fe53e82ad0e4c330ea0188e0a81b6b33dcf66a6569bf605ca92fa01491d623e5,2024-11-18T16:25:55.346000,received,kaspa:qzgtduqyccg66ms6crgpgnnn802c7drpevy4fsq8069lpzhdwfxhy4079jsrp,199588201766,
5858cb4d65fe82165e68218745402c3d0cdeed3090aad3e8f6d2ee5f690dcf64,2024-11-18T06:14:19.685000,sent,kaspa:qqnqv3rvnctfyrjteurqm0gmqfu7yjg3949yxpyxxfa4rgm9nt2zxauwq8xvs,998000000000,
5858cb4d65fe82165e68218745402c3d0cdeed3090aad3e8f6d2ee5f690dcf64,2024-11-18T06:14:19.685000,sent,kaspa:qzgae0z3cqykj7pmr7qyp93tp6gn75stjwc77jp5hpu0fg70eps5vn5y3gedy,6433140356,
654da905c9a53e67ecb5df97f47f960af508a8248a8656ff685a1c80a0db3410,2024-11-18T06:13:12.827000,received,kaspa:qzgtduqyccg66ms6crgpgnnn802c7drpevy4fsq8069lpzhdwfxhy4079jsrp,997987555211,
7d5d34d47e67fbfdaff2d339306b569472d15206eee0b45212caff46fdf30057,2024-02-08T15:12:52.124000,sent,kaspa:qqnqv3rvnctfyrjteurqm0gmqfu7yjg3949yxpyxxfa4rgm9nt2zxauwq8xvs,910000000000,
7d5d34d47e67fbfdaff2d339306b569472d15206eee0b45212caff46fdf30057,2024-02-08T15:12:52.124000,sent,kaspa:qrlt7024ssrq0re8syhm2mxjc69snkfff3lh20n0j2ek9lh7jz45qzu2a0pj8,17681690836,
f53621f972c147bec5c52c7b661b1024f9862bfd198719e90eb2a2c695f23f3b,2024-02-08T15:12:18.062000,received,kaspa:qptct2r0a80sf6ta43u4dte8d2m3eqg9p8xc7qxq76ds89da43yzu7m0sqr75,910000000000,
f53621f972c147bec5c52c7b661b1024f9862bfd198719e90eb2a2c695f23f3b,2024-02-08T15:12:18.062000,received,kaspa:qptct2r0a80sf6ta43u4dte8d2m3eqg9p8xc7qxq76ds89da43yzu7m0sqr75,910000000000,
