tx_id,timestamp,direction,peer_address,amount_sompi,cex_label
b80c6c70c486f2e8d0290d5d645e3299d83f3404a1c54305e1d929fab41a49ba,2023-08-21T19:22:58.726000,sent,kaspa:qypcrx5gzjh8j06c82dehkufzpys339knja3z33jzm9en7mmwlfx4ts46umdtm3,3999999996769,
b80c6c70c486f2e8d0290d5d645e3299d83f3404a1c54305e1d929fab41a49ba,2023-08-21T19:22:58.726000,sent,kaspa:qr09sgx8rqyw08cg5dvfjjq4vdkc96t0t0u2wxps3xr564ffkkmszp5lf3wa8,895941,
d65c66d2de9f24fc07127b5d4c24662289420d0afbfc5853850e64bedcae464b,2023-08-21T19:20:13.810000,received,kaspa:qr8hyd0v3wtpvxhupzfnl5xsst6qg9qs96ap3sxslndeekyf7vp3ctl4gzx7y,2100000895941,
d65c66d2de9f24fc07127b5d4c24662289420d0afbfc5853850e64bedcae464b,2023-08-21T19:20:13.810000,received,kaspa:qr8hyd0v3wtpvxhupzfnl5xsst6qg9qs96ap3sxslndeekyf7vp3ctl4gzx7y,2100000895941,
d65c66d2de9f24fc07127b5d4c24662289420d0afbfc5853850e64bedcae464b,2023-08-21T19:20:13.810000,received,kaspa:qqnd27nrygvym7azemn39wfl0d7jn6p5pz0cazmjnh9jt7undsekgvx8vw8k7,2100000895941,
d65c66d2de9f24fc07127b5d4c24662289420d0afbfc5853850e64bedcae464b,2023-08-21T19:20:13.810000,received,kaspa:qzwmrvswh457dnrmqldfdz7mfpgzk03c2987h6v7rmaarq4rdq5kwwf8h9nw9,2100000895941,
d65c66d2de9f24fc07127b5d4c24662289420d0afbfc5853850e64bedcae464b,2023-08-21T19:20:13.810000,received,kaspa:qqmaz4khjv5f9yxst0efqcrzz96raf7hgrsvjp5nrhtturxqa7lzk3ndr8wve,2100000895941,
d65c66d2de9f24fc07127b5d4c24662289420d0afbfc5853850e64bedcae464b,2023-08-21T19:20:13.810000,received,kaspa:qzlj9d9su878cvjdn2vnesuakexu350eszgn9uz5uvf9ewj9e0wwypncxgm5d,2100000895941,
d65c66d2de9f24fc07127b5d4c24662289420d0afbfc5853850e64bedcae464b,2023-08-21T19:20:13.810000,received,kaspa:qpz93mca8pzeq95dtmwk5p8fz0d80xjm89dum502vjxvxqa9hs2453yljdrrs,2100000895941,
