tx_id,timestamp,direction,peer_address,amount_sompi,cex_label
d306da168caa178ac71dabdb365bb003b217a8f1fd16f32e5463c43f9b0b2b40,2024-04-08T03:17:08.789000,sent,kaspa:qq9zagcza4jt76eev9jl5z0nqhe0thcu7js8larktj4sle7lvgnw7sfcewlty,1987000000,
07a90c364c268be2dc7051751b95f18a2e62364ff4e76cb84a5540db45285bf3,2024-04-07T04:14:08.107000,sent,kaspa:qq9zagcza4jt76eev9jl5z0nqhe0thcu7js8larktj4sle7lvgnw7sfcewlty,718500700000,
07a90c364c268be2dc7051751b95f18a2e62364ff4e76cb84a5540db45285bf3,2024-04-07T04:14:08.107000,sent,kaspa:qq9zagcza4jt76eev9jl5z0nqhe0thcu7js8larktj4sle7lvgnw7sfcewlty,718500700000,
9f3923b8b1eb689ab75412cce59fb0af6699e267c37fafc90c53696e6eb0ba98,2024-04-07T04:12:02.657000,received,kaspa:qqetp7ct8kqss99fxmymyz5t3fezppxp0t58wl6pawp27elqd46uudme00cl0,720500000000,
9f3923b8b1eb689ab75412cce59fb0af6699e267c37fafc90c53696e6eb0ba98,2024-04-07T04:12:02.657000,received,kaspa:qpzpfwcsqsxhxwup26r55fd0ghqlhyugz8cp6y3wxuddc02vcxtjg75pspnwz,720500000000,MEXC
ed96bef23c717b36f0cfb18206cae0a831d9da6d83ddf84565791147c94360b4,2024-04-06T03:53:35.968000,sent,kaspa:qq9zagcza4jt76eev9jl5z0nqhe0thcu7js8larktj4sle7lvgnw7sfcewlty,9000000,
224015b9e91817ea6b51d0589cbacdf99226f7464060e4ec9b6fd24114d935aa,2024-04-05T14:32:53.430000,sent,kaspa:qq9zagcza4jt76eev9jl5z0nqhe0thcu7js8larktj4sle7lvgnw7sfcewlty,1390000000,
8750062fc44eb3795ae8a36a30a5c6034aac48430be03cfc4b2007dbf105de47,2024-04-05T09:46:26.592000,sent,kaspa:qq9zagcza4jt76eev9jl5z0nqhe0thcu7js8larktj4sle7lvgnw7sfcewlty,767000000000,
c25aab90215b9b5219f4ed2f57a250430c8f36684a19aff22482021ba1f8a472,2024-04-05T09:42:02.875000,received,kaspa:qpzpfwcsqsxhxwup26r55fd0ghqlhyugz8cp6y3wxuddc02vcxtjg75pspnwz,768400000000,MEXC
c25aab90215b9b5219f4ed2f57a250430c8f36684a19aff22482021ba1f8a472,2024-04-05T09:42:02.875000,received,kaspa:qpzpfwcsqsxhxwup26r55fd0ghqlhyugz8cp6y3wxuddc02vcxtjg75pspnwz,768400000000,MEXC
