tx_id,timestamp,direction,peer_address,amount_sompi,cex_label
a756c9804f2134f38df0e4e10da198338e9da4cf51c3edc32aae8cba1432fc2f,2023-12-13T09:24:24.885000,sent,kaspa:qzrpsgcad6fjd3r6hwqxhwfw2y9a2fu38dhrmncggwxqr3dgg3kfkfuaaq2js,41721530000,
1ce88f8f97d9ba55acf1ad4c3b79582437818af4ebac5d14b330cdc8183fc7a5,2023-12-12T20:23:20.568000,received,kaspa:qypswxtcrv4ssyjaswy5w9387vq73mkuyq85tl34cee6qn5uexqy0csgnafnjx7,171000000,
55ea2d0756fa73d2a3b0a33d61b5b367322413d3b3fcd1cdbda28ec814d3c7c4,2023-11-29T10:50:07.475000,sent,kaspa:qypqv9a4rpfrfy8m89mmk7wz9h0rzs2zmkrr7shswyjahg4fkhr42sqkhzum8e6,18000000,
55ea2d0756fa73d2a3b0a33d61b5b367322413d3b3fcd1cdbda28ec814d3c7c4,2023-11-29T10:50:07.475000,sent,kaspa:qqj0m5t6df93edmuczkag560suwkcse09p0ylyghpugf6c73kd66w6qszau9c,2649200000,
63740a6cf98ff2dabff31a9170e3d7495ee8c256a3cd0280604dc07993b3adf5,2023-11-29T10:43:34.538000,received,kaspa:qqxprdxv7hsxmtgrsv0sarase8q27pkf0sq3lpkhcrl9763fq849zx80dw6xu,2667210000,
