tx_id,timestamp,direction,peer_address,amount_sompi,cex_label
001b36bf7868e1f815e6a03d2360f24999ae422e5bc97aef342c54c8cb38a3f8,2023-12-16T03:15:37.042000,sent,kaspa:qzslgwenzu78t6tldlng383g7ruu4enaljmnkgaulyrscjp7ldt26x8gfxck5,171940000,
001b36bf7868e1f815e6a03d2360f24999ae422e5bc97aef342c54c8cb38a3f8,2023-12-16T03:15:37.042000,sent,kaspa:qzslgwenzu78t6tldlng383g7ruu4enaljmnkgaulyrscjp7ldt26x8gfxck5,171940000,
91abd57ee6379fd23d4fd40648f0abee15d64aa07b1a8fdfdce32f8f357ea280,2023-12-12T03:32:04.977000,received,kaspa:qypswxtcrv4ssyjaswy5w9387vq73mkuyq85tl34cee6qn5uexqy0csgnafnjx7,171000000,
f0be764fac3cff17f51a005b11cd7caf6b2fd647197652625e9ee56119ac6655,2023-11-28T01:22:05.993000,sent,kaspa:qypr8nt3m8awp7tr23y3axa5l3t9xrph5n0cm5lhcju6n2vnknhj7wgulcc8nad,18000000,
d818725c266e2b5f1b247a29ab26b9e4f9c38a586de9b6b7b5806b576f33e5db,2023-11-27T22:29:05.887000,received,kaspa:qrvhmu7g3ykxqglvqnr3nqx22rs6fq2dz3mf5n25qlwz5ytpksv3q4lju593m,19000000,
