tx_id,timestamp,direction,peer_address,amount_sompi,cex_label
ec0068fb37fd5df85d740e165ddd12f509913b4242c1caa464f5c9dab362bb28,2023-12-16T04:45:05.527000,sent,kaspa:qzslgwenzu78t6tldlng383g7ruu4enaljmnkgaulyrscjp7ldt26x8gfxck5,171940000,
ec0068fb37fd5df85d740e165ddd12f509913b4242c1caa464f5c9dab362bb28,2023-12-16T04:45:05.527000,sent,kaspa:qzslgwenzu78t6tldlng383g7ruu4enaljmnkgaulyrscjp7ldt26x8gfxck5,171940000,
0ffb32980c6a42b88a2f1bc2cb91927fbdd9da5104eeee01718d8616dab50e45,2023-12-12T13:13:35.722000,received,kaspa:qypswxtcrv4ssyjaswy5w9387vq73mkuyq85tl34cee6qn5uexqy0csgnafnjx7,171000000,
39f2cc72fe1492bd6e204e2447f68af60c4ad3370ba0b936df40b15bfe6944fe,2023-11-28T18:01:05.271000,sent,kaspa:qyp34krwd4l7xcrtc24ajhf3yj3h9q2rxv0h67yyurcsnqfuaeqkjxcn0sshs5l,18000000,
d98b946fb9b12178a85c19f34bbd92264c1998a4ac161aca9a311a15bfab2538,2023-11-28T09:36:40.344000,received,kaspa:qz8v94urkf42xeundqczn5fwe0ja4ldhrgwl2h2hxp9u92phqjexj4rgag53r,19000000,
