tx_id,timestamp,direction,peer_address,amount_sompi,cex_label
62e6715bf9e57c4d89c7cd0225106b7eb24012d0d723e233f928295aebdc5102,2023-12-17T10:18:01.715000,sent,kaspa:qzvw97wm6g7fa0q97a06cynfsy7002cjqptn70n8l9wqag8d8qs8v5d9czex0,171070000,
62e6715bf9e57c4d89c7cd0225106b7eb24012d0d723e233f928295aebdc5102,2023-12-17T10:18:01.715000,sent,kaspa:qzvw97wm6g7fa0q97a06cynfsy7002cjqptn70n8l9wqag8d8qs8v5d9czex0,171070000,
a29e11bbdf7da78ae9624ffff1f0d0abc050463744f14767f0a11a62c291864e,2023-12-12T08:30:51.110000,received,kaspa:qypswxtcrv4ssyjaswy5w9387vq73mkuyq85tl34cee6qn5uexqy0csgnafnjx7,171000000,
6184f8b28e03884c2a03918fe7f4396fdedbfcdeb721dbeec1d99df973e26e39,2023-11-28T11:18:41.338000,sent,kaspa:qyp5nh9ssnwjmjpzcweqhej0vrm8x5wvrm7pwgerwlu39pzqqgr2ycs5u27gxcq,18000000,
d044ce839a1f82391887f281df7666cf0144fca631bbab4d37496af10ea3393c,2023-11-27T22:22:20.635000,received,kaspa:qrlqmycz699f8t95wcg0ahff20euyqzz64adfcjs0gyq4dnytqth2y862up27,18100000,
