tx_id,timestamp,direction,peer_address,amount_sompi,cex_label
4b05078c1c9ff41eab0473d82c0a52c2493cc085ab862fdfc5a4957de764da36,2023-12-16T03:52:20.951000,sent,kaspa:qzslgwenzu78t6tldlng383g7ruu4enaljmnkgaulyrscjp7ldt26x8gfxck5,171940000,
4b05078c1c9ff41eab0473d82c0a52c2493cc085ab862fdfc5a4957de764da36,2023-12-16T03:52:20.951000,sent,kaspa:qzslgwenzu78t6tldlng383g7ruu4enaljmnkgaulyrscjp7ldt26x8gfxck5,171940000,
012b69e629dae699d5efec4afc6f7ea215b476f51282bb5216f3b65cbe50c4bc,2023-12-12T00:53:57.784000,received,kaspa:qypswxtcrv4ssyjaswy5w9387vq73mkuyq85tl34cee6qn5uexqy0csgnafnjx7,171000000,
3cbf400472fd20dc08273b79086a041fd3aa8ffeca8e1408fed94f331a58f41e,2023-11-27T15:21:41.064000,sent,kaspa:qypafxuepj7qv3l5v54n0xg452c660w5zu883pskvu7gm97x9kw8h5svcndwhxz,18000000,
0b02e3f6bb5e7408594ed91b96e172985526ea5c6c542ba48564321d64d43469,2023-11-27T12:31:14.829000,received,kaspa:qplkgm8nea7xm5wdv8ujpvd0je0jkcnuxreplzspf0mlft8htzcvkux0u4u94,19000000,
