tx_id,timestamp,direction,peer_address,amount_sompi,cex_label
ba4d903d0e4c95098c5e7cfd8834997fd61c45799f48ec8c73cc1be1f40a3bd1,2024-02-17T21:38:14.497000,sent,kaspa:qqyrl8sham25c7pvdxlzw5ev4lrfm80k8deymkwrz4kta0w5mma0g67pnq3f2,172980000,
ba4d903d0e4c95098c5e7cfd8834997fd61c45799f48ec8c73cc1be1f40a3bd1,2024-02-17T21:38:14.497000,sent,kaspa:qqyrl8sham25c7pvdxlzw5ev4lrfm80k8deymkwrz4kta0w5mma0g67pnq3f2,172980000,
11a4456d61d0161d7d3559edd8e097f272a0b782d54c7fe2333fc562689004f3,2023-12-13T03:50:59.062000,received,kaspa:qypswxtcrv4ssyjaswy5w9387vq73mkuyq85tl34cee6qn5uexqy0csgnafnjx7,171000000,
2936d20539a5a2c22a8704c6e5c29635a553ed23127ae708ad194584bacc590d,2023-11-29T19:08:10.366000,sent,kaspa:qypeuf90jafdhn5jrnvgjnk24r4skuhssvvjp4hhc7p7yf5uxq6a7tcphv3zdwq,18000000,
367924d763510ebf30fdf08781e1ebafd25c7ea197a3a65c5a8d7fa6cc57bf81,2023-11-27T06:03:56.858000,received,kaspa:qyp9pslfu0q8wn2h0psl2k0dnexe5n68ydj72dl76ws6xslaxp475zgp2323uud,20000000,
