tx_id,timestamp,direction,peer_address,amount_sompi,cex_label
a6474a59f9347aa35d1a40e8ce85b591ac2dc4ab257150eb219cf90a6284e4f3,2024-11-18T13:41:55.494000,sent,kaspa:qqnqv3rvnctfyrjteurqm0gmqfu7yjg3949yxpyxxfa4rgm9nt2zxauwq8xvs,795000000000,
a6474a59f9347aa35d1a40e8ce85b591ac2dc4ab257150eb219cf90a6284e4f3,2024-11-18T13:41:55.494000,sent,kaspa:qqvjy3xp5vyx6jl0rrg6r3525q27qeawalwdpesvaj294lewuqt7z38yqejlg,12367394849,
b905b5d2db78df4ebcb5cb44d52d1c7abf5c5321f8a9a09973a272e7090a1545,2024-11-18T13:31:08.852000,received,kaspa:qzgtduqyccg66ms6crgpgnnn802c7drpevy4fsq8069lpzhdwfxhy4079jsrp,199587943751,
b905b5d2db78df4ebcb5cb44d52d1c7abf5c5321f8a9a09973a272e7090a1545,2024-11-18T13:31:08.852000,received,kaspa:qzgtduqyccg66ms6crgpgnnn802c7drpevy4fsq8069lpzhdwfxhy4079jsrp,199587943751,
