tx_id,timestamp,direction,peer_address,amount_sompi,cex_label
9c137dd71a7a13b2b21c11edd01a3130b6a4d581681ed88e80f78ea5c5d74ca2,2023-12-16T04:02:15.806000,sent,kaspa:qzslgwenzu78t6tldlng383g7ruu4enaljmnkgaulyrscjp7ldt26x8gfxck5,171940000,
9c137dd71a7a13b2b21c11edd01a3130b6a4d581681ed88e80f78ea5c5d74ca2,2023-12-16T04:02:15.806000,sent,kaspa:qzslgwenzu78t6tldlng383g7ruu4enaljmnkgaulyrscjp7ldt26x8gfxck5,171940000,
dc9028452983a73e6ab7bcda696368bec206f4dbfaf3501ef7611fbde510f4f4,2023-12-12T04:30:02.956000,received,kaspa:qypswxtcrv4ssyjaswy5w9387vq73mkuyq85tl34cee6qn5uexqy0csgnafnjx7,171000000,
74250e6011726482bb694370b386b54705d3b18261d912ee811a1e40e7b0a0ed,2023-11-28T04:07:27.748000,sent,kaspa:qyp8872xxrhj5dvzyexrpptxnvnyysnxtktwx3p8aqqhcyjur9wja7ga4jc0rxl,18000000,
3006ea630ba86a87928dd7415e6a1a2881fcfe49c732c26f14b81455755030da,2023-11-27T18:14:32.333000,received,kaspa:qrkclx2pp900t87vw8euqesglvsmga562wsf9w8s5x6exatxmtylkpv9rgltf,19000000,
