tx_id,timestamp,direction,peer_address,amount_sompi,cex_label
29fe55abc99dd714dbb8f4226841b800100dfa84a1dd721c4244445752d410ef,2024-11-18T11:33:17.109000,sent,kaspa:qqnqv3rvnctfyrjteurqm0gmqfu7yjg3949yxpyxxfa4rgm9nt2zxauwq8xvs,600000000000,
29fe55abc99dd714dbb8f4226841b800100dfa84a1dd721c4244445752d410ef,2024-11-18T11:33:17.109000,sent,kaspa:qz25z37qmngrx2xdvzyfna0n045pv3mg8y769eq3zft4ja58p8wxwxdms5q5p,7667268032,
164b21ea71fad1c5a73b9c79af008d411cd8928a8f49a442b14f696f2cfbcf53,2024-11-18T11:25:24.026000,received,kaspa:qzgtduqyccg66ms6crgpgnnn802c7drpevy4fsq8069lpzhdwfxhy4079jsrp,199588243691,
164b21ea71fad1c5a73b9c79af008d411cd8928a8f49a442b14f696f2cfbcf53,2024-11-18T11:25:24.026000,received,kaspa:qzgtduqyccg66ms6crgpgnnn802c7drpevy4fsq8069lpzhdwfxhy4079jsrp,199588243691,
