tx_id,timestamp,direction,peer_address,amount_sompi,cex_label
b132ab2ea9137ef602577d224bf92df0b05158e3cef53f4e9414a67a9ebb3f61,2023-12-16T04:54:20.050000,sent,kaspa:qzslgwenzu78t6tldlng383g7ruu4enaljmnkgaulyrscjp7ldt26x8gfxck5,171940000,
b132ab2ea9137ef602577d224bf92df0b05158e3cef53f4e9414a67a9ebb3f61,2023-12-16T04:54:20.050000,sent,kaspa:qzslgwenzu78t6tldlng383g7ruu4enaljmnkgaulyrscjp7ldt26x8gfxck5,171940000,
b913747ee700dc7588fcefffc999ad0fc7c228aea3857f50b3c37d895c6bc1ea,2023-12-12T23:27:46.580000,received,kaspa:qypswxtcrv4ssyjaswy5w9387vq73mkuyq85tl34cee6qn5uexqy0csgnafnjx7,171000000,
62897df30d80d2691a11f7b5be7861460b77a02ea1a1577fe77edd5c3f763385,2023-11-29T14:59:07.214000,sent,kaspa:qypyd0h9gesp6z0j0ure3lh06hwvutfz8rlvm46jkeslzeyhp7q2znsnw90t4ml,18000000,
39effc8c0df586d3956f7f5fd6b41e5d3faf7d544fdc76962415247134e87cd3,2023-11-28T16:01:07.283000,received,kaspa:qzp9y6fa5jhjyjv8njfk8ulj5qp043cv38jy63s4006qymlh7h4wwl4swgrsj,19000000,
