tx_id,timestamp,direction,peer_address,amount_sompi,cex_label
cf23d4164549449e6df26c1f5148147d5481cb7373f438eeb389e26efa9babb3,2025-01-22T13:36:20.060000,received,kaspa:qpx4ef0scj4rv7qckfmydsjqx7sk3p8amtp8cfx0pupty8xmm45mzrdnwedn2,30000000,
58b805a4e126f33dec21bb22ffd3b884a11541b27e97f4b0f273cfc1238e808b,2024-04-01T17:14:45.952000,received,kaspa:qp2ay94ur22vk2pwhxv8qd93np5dttwen2vdkqgg20rtt0fh0wxccsv8ak5qk,1000000000,
58b805a4e126f33dec21bb22ffd3b884a11541b27e97f4b0f273cfc1238e808b,2024-04-01T17:14:45.952000,received,kaspa:qzsh5rpj4q26lj3fr9wmy7wy43px4mrt3vd4pa2vfzsnm3085uyjvy083f3pd,1000000000,
8e8ea2c3a6b20e6995e13d2435e3565ca1b7816b83aa07461827a84eaf14828e,2024-03-11T00:23:31.478000,received,kaspa:qypvtr6a05gnumawxjxcfjjk9j5l2gxwsrpme9kravhfzxvcqwnqd7g0rwwnuqm,3000000000,
438b0e29a4e1e09577a287f3f34608c7bca5611b851a2601f55517912f4b0231,2024-03-07T21:01:04.463000,received,kaspa:qqetp7ct8kqss99fxmymyz5t3fezppxp0t58wl6pawp27elqd46uudme00cl0,10000000000,
438b0e29a4e1e09577a287f3f34608c7bca5611b851a2601f55517912f4b0231,2024-03-07T21:01:04.463000,received,kaspa:qpzpfwcsqsxhxwup26r55fd0ghqlhyugz8cp6y3wxuddc02vcxtjg75pspnwz,10000000000,MEXC
ff68771409a1967a21c46c705de7f0c61f60131ec73fc4b20a9ef47a66cb2e7b,2024-03-06T16:06:06.932000,received,kaspa:qyprdk4t0qrxtxgk7lcq79gukxj68xarxp2dnudlxlvvsk09wwkd2ncevtts75s,500000000,
ff68771409a1967a21c46c705de7f0c61f60131ec73fc4b20a9ef47a66cb2e7b,2024-03-06T16:06:06.932000,received,kaspa:qyprdk4t0qrxtxgk7lcq79gukxj68xarxp2dnudlxlvvsk09wwkd2ncevtts75s,500000000,
ff68771409a1967a21c46c705de7f0c61f60131ec73fc4b20a9ef47a66cb2e7b,2024-03-06T16:06:06.932000,received,kaspa:qyprdk4t0qrxtxgk7lcq79gukxj68xarxp2dnudlxlvvsk09wwkd2ncevtts75s,500000000,
58874fa492a6643ce934d89d1604040dc447f212e87fce93869fe6ccb5a200f1,2024-03-06T15:18:34.754000,received,kaspa:qzlnx6vxg356dcjmevg24yw3mk5u8h8c86vtggp8wq5n9qp2r68h22vln8kfu,1000000000,
8ef1ed30553f0a0e03681fac005fc8dc74b61f450175d82a6249c2eaa42508aa,2024-03-05T22:08:44.602000,received,kaspa:qzxnuwvhs7z4ajszsfpja8wpz0v45dkw8d8v08yhradjl433xkhx730duqgc9,100000000,
b72bc2327af166694c5ee766b7b9c4f5d9d48c460a5bc22d3675dc98594073b8,2024-03-05T22:08:35.409000,received,kaspa:qq2yhv6j4g6s5cfx4sy3ctl8stzeju0p6euskkr0s9yhh8ryr4s5qzllmfsd4,200000000,
0dc7138faad8e2d2b8327cd3e37efe2e206573170d20e6457ac66af7a0fa9a85,2024-03-05T22:08:16.470000,received,kaspa:qqyqzcdrt0rtf35320v09a2w2h5s0fdtjvsmaermjd74kyy59upkulllfmhlv,100000000,
d0b66ae0faf3697696e3b0bac6a7af07141cc9d3bf6b97aa36b6f41a346b9d83,2024-03-05T22:08:01.843000,received,kaspa:qz2j0a47xv55fhxr4s9jnk8hcx0wu3n7dxamk7geg3pd4mqefakh6qwjwcvul,100000000,
d7503cf88000d96b002d9ec3f9b308b0df5fabee9d91be3722c1bffc709d4db8,2024-03-05T22:07:55.468000,received,kaspa:qp5rsmtwzzfd3syp5ksdtphfatv9rs49hnspzarflaj6kc9yynxysy5mu47uw,100000000,
dc2fdc3839072e1a231bd466d02c61b717773f923df5364588c8a71e422d73e6,2024-03-05T22:07:44.761000,received,kaspa:qra96degy5fzck0r6xervhrplckrrguhfkrla203tv0j7uztn7l3g5w06thkr,100000000,
2382bff20a3cd517904a1842b5db734641f82f9913aa57196fc2613ee9655e66,2024-03-05T22:07:26.602000,received,kaspa:qrpd2q3zfaxs3sxujxszx0uk8t6grtzu625k6nw74ees4z07ty44c4ze2z22q,100000000,
fa48dcd840dbb0079612ccd5fed453df431710c17e31e2681d2d0d8879157782,2024-03-05T22:07:14.585000,received,kaspa:qz7d57wgaus95au8xrsvr3ytk25vmhrjp5frwqy9wd4v5yt4v35y5h80yuft0,100000000,
3695d9ea67b2fae607e9109a3675cae39fcff8a0f4daa4af16767d2ad660ab1e,2024-03-05T22:07:04.578000,received,kaspa:qpp2kde3guckjlh87le7v8cm4q86sxl8mdewrq3lz405c44p9ytvk79td7l7c,100000000,
7b8cf49a380863e4ea8a61b2198d818b0c84177fd64fda32cf635f03022862c6,2024-03-05T22:06:56.988000,received,kaspa:qzjggap6x6u0dy4j7y8kg0u5tt5nvc3jyl4g3srav7suqqyqcxzuu3fj588cu,100000000,
a764a6e5b8f771aa59dcaa62477d9ca6eb03a409cc4f76bfbcc85a2e1cbf9721,2024-03-05T22:06:18.693000,received,kaspa:qr9z7uxmmjgn5maljrkj0dp36jgwdvatxvkhceyt7l0zajuwmtghymhhxqrxm,100000000,
e889d37b0b9c2ba7f7b951015395250f948061e47e77a4f85178744d205616d4,2024-03-05T22:05:59.653000,received,kaspa:qpzezy8pmwyjsnz94ltvtv57y22nq7almn5er88jhufvtt2nje3ucc5m3rx8f,100000000,
446bb4c2546863caead660aa1ed1de65f3de98b98028250364a98eb13b5aa42f,2024-03-05T22:05:52.675000,received,kaspa:qpp04wjrw3nucq6vleuasryxs2tu035fslehyl5zfmwq9zhrhd6azm6n9lv3k,100000000,
bd30026d49fbbffb23ea4fcc5a251b33d68cfb1745ac7bf3fdeeb82307727e61,2024-03-05T22:05:37.809000,received,kaspa:qrufa29x6w24l0fvamuk5e0yrfazqpeenfjrz604zdkmdevdc3zcj5p4den2g,100000000,
9528a390b4afa4ee13bd2221c4997ed0f7c84d48adfccc2072526b564b41d6cc,2024-03-05T22:05:28.278000,received,kaspa:qz5q709cecgs389a55hgus4a2kw0743jlzyqngumfdwjjl9euceqv0n52gwyd,100000000,
cf932d76e0ebd18dcb381083d7d424e575f1aafef30a041ad75576c6836910d5,2024-03-05T22:05:17.362000,received,kaspa:qrpaqxt23hqxh5lw4gvfxm7mvu4gf62008ranpe9wx5rtmwn706syfcsvzqnf,100000000,
a3505a3aef643303bc557a396d93bce184004f300236c55eeed2d48210a328af,2024-03-05T22:05:04.850000,received,kaspa:qpwzwm5erj9nnu7yu66jla5vlxmfk5w9dra2c78nphnratqkv592vqn7sud7e,100000000,
99c88caf79825c1082f06490ee8a2083f2eae9a5d1ad0a92e4968539ef9888ab,2024-03-05T22:04:52.332000,received,kaspa:qr0nngm2eq5v49pnma3h78ust2aejl8cfv0rh4uq63mp83jxslt8udzajzr53,100000000,
51f2a5790d79e98fb1da27b7c88a4de294caae5c4933f0a85904a312dcf58559,2024-03-05T22:04:43.066000,received,kaspa:qpuqu0ea4nrgkdh0av087dasyc6r9854ddkh0tfajs2ct5smrgtgxrg74scsj,100000000,
57312f039dee2bf3351694d17878b255496e0c7c349a1f6bc98d9e6eeb028f04,2024-03-05T22:04:33.011000,received,kaspa:qzypnkg9cr4v839ypykt45d2m6zh2u9gmzmrvvh4l04vgl86pqaqym62qgshk,100000000,
0d3e3df6d5bb8c712039d0db5c990ec5ab40864896ccaa753795f3da2c1dbe35,2024-03-05T22:04:19.019000,received,kaspa:qrwave4etrx3z39prz3vqhwzgpc62v7fqp80v70nh8299me685yyj0t7vspc3,100000000,
d36bbf9eb20471ce16ac6936b592799c3e82ef779cca6d4f72d93efe5cfc62f9,2024-03-05T22:04:05.987000,received,kaspa:qp6pmx0kkfwran6vq5kxk33ach0wjtm88gsvrcl9vtxx23d3g7y7sje9ldwy7,100000000,
ab47ee0bddc06e836df453c3246b2f6569b11254e6cce28ccaa50509aee7258c,2024-03-05T22:03:57.857000,received,kaspa:qqn44mm6cnu2maalhp04g9l5ngvp4ajdhj76z2x9uxs9k7t5dqcm7pj73q9zq,100000000,
1f117963bb6e0e951fbb1d8447bdae8bf20cae1125482c75939161060133e3b6,2024-03-05T22:03:38.460000,received,kaspa:qpc26slrlm7m3x89wcekdt0n68t6205hc8v2snhjf5480h3msjezg6jkq6uka,100000000,
9b0fe17bba9bdbef2b01b0f5f493a416a1b02555372800c7775a7a07404d5fff,2024-03-05T22:03:27.436000,received,kaspa:qqe7t9ws429ny8t6zx096m2reax5mrwwsw3nq0ps56sl3xre644rgf8pxehld,100000000,
cecdc5201373a01ff382cb24a203df80339512014164b0cb3091485ee0e57dfd,2024-03-05T22:02:56.599000,received,kaspa:qrevr7ndld9778jnenr7pgata7me24lvffwslt5t09p2fxz00pgtumq6k5qge,100000000,
a4ccf8e1e945b94d5d82eee2ed1eb8e4d8f6f7f4a68698b755d6c703bcbfdf48,2024-03-05T22:02:42.845000,received,kaspa:qr9k2mcszgtksqal03umveszsymjkrq5rp8zhpy5zdaz6vyjfytzsqk7kr2u6,100000000,
207154b1758d16c3ec4cd899c4dc252a16aa81ede98fdcb4a0d297dd7dcaf115,2024-03-05T22:02:31.298000,received,kaspa:qqnpzdxcymz04pn735ndsmmxd6q96yngktup2vh5yf90qt24r3xesj0csfe9a,100000000,
8111439dfabadfdc189261c06f3d582928e0be1ff306c7b776c2075f024850fa,2024-03-05T22:02:22.823000,received,kaspa:qp8pgwufeq475pteeugr4zqvetur4jqxdv276m4qgs3hlr6a0ruuch0r7pual,100000000,
401a274200e754a398d113247b8bab0e62970503fa9b4a5420e6cf8e61c8ad54,2024-03-05T22:02:10.173000,received,kaspa:qqh6rrmh7w73wywv5g03kdnq2tasygtaymvt0zg8tu9p2jg9wf6uxk55cx9kt,100000000,
edada0f7b3efeb5a3e1622b99bd88059168c6b80c18f1f2f9e6b77e54c216188,2024-03-05T22:01:59.003000,received,kaspa:qpzg06gjzn8qg7my63d4cp3xe3j5l8d3k7ezvddkf26st8fmw4xky2q32v4m2,100000000,
a29f2b3747f2f450170451f987048da889d7ba6fa375154b7c30251f51bff3a8,2024-03-05T22:01:42.919000,received,kaspa:qztjzx4gjyxcf9s590xqg4kc34wn2s2wa8g3zqgtxeayuyhn3fahwhx3cufms,100000000,
5be0f73d49341fe04ba6d275726e038bc30798009e231e9e36d6f81c5beecd15,2024-03-05T22:01:24.394000,received,kaspa:qp6exh0jjjc3z4vvjw9zegynv96dcwnswp5hsuy4cke5djy0kcz3suhqmqpyh,100000000,
e00b55d58e9d7e98405ef750fd08aac82a2e932f3288c633f977b144e5b1e99f,2024-03-05T22:01:11.187000,received,kaspa:qzxu59qr48fmytfq4s8xdfm4rlf365yas2e5uvx4y47ss7nqmyhr6wukle4rw,100000000,
a5116fc54c9fff4ca8a0ac767f50e164722a83f0470fccfb7fe333d5720ad7b0,2024-03-05T22:00:59.522000,received,kaspa:qrpq58ghvj8kuv7n4rh8mvserllf6t879wl4gqan4tcdyaqxdgfyvdy0v63zh,100000000,
8ac8b8bcf35815c45889b033a46b4f21354b8a547a7ec9097bfbf01c09cc6a59,2024-03-05T22:00:24.848000,received,kaspa:qruan2pwum5pg5sqtv090fzmv77la7lqzd25gtspgg0tzueu9t6f2uxs9wypl,100000000,
ee11126b748f9832db9426e592d0ac810d5b7793bd95857cb10fd42b3c8d38a6,2024-03-05T22:00:16.395000,received,kaspa:qzpe9pnwx7qt0gzaza9ljjvxajhj57np97zk4dmsy9vmezywccun23vn5gggf,100000000,
7a8dc31f1cf88e1c9d008a56baaac87f32b38e95c869938cc01fa7e105fb3165,2024-03-05T22:00:03.232000,received,kaspa:qrjxktaqyjc596aa98pds7l9fjtj4x4rpxntggjvzkjxs2dqdgt7wmurug24v,100000000,
87bc1799400a6088470570270422569919238de40d086bd6734762b2b6c19955,2024-03-05T21:59:52.299000,received,kaspa:qzpr7dzdf5ds9qednsxjj8txpmz8c66q42y4ymumkjd8c6lmpfmequm7xd8vu,100000000,
157a322f424b9f644de19777979f93dbc29a474b117befa455972f1bee3dfc4b,2024-03-05T21:59:39.288000,received,kaspa:qzhw60rxsk46cfh8ewnw34yfq3s70kvxhj0wfcwjqkzztwu9g80zs776pzauc,100000000,
59a1ce8a58f50e805024cee971b252ff838315c628b8a61baa281a5c73feb113,2024-03-05T19:43:31.702000,sent,kaspa:qzvjhcm8c9gqjza7svpdn8qhzd3hhypfdelwy0vex22qslh74g7ekpn09fpkd,7641390101787,
59a1ce8a58f50e805024cee971b252ff838315c628b8a61baa281a5c73feb113,2024-03-05T19:43:31.702000,sent,kaspa:qzvjhcm8c9gqjza7svpdn8qhzd3hhypfdelwy0vex22qslh74g7ekpn09fpkd,7641390101787,
59a1ce8a58f50e805024cee971b252ff838315c628b8a61baa281a5c73feb113,2024-03-05T19:43:31.702000,sent,kaspa:qzvjhcm8c9gqjza7svpdn8qhzd3hhypfdelwy0vex22qslh74g7ekpn09fpkd,7641390101787,
59a1ce8a58f50e805024cee971b252ff838315c628b8a61baa281a5c73feb113,2024-03-05T19:43:31.702000,sent,kaspa:qzvjhcm8c9gqjza7svpdn8qhzd3hhypfdelwy0vex22qslh74g7ekpn09fpkd,7641390101787,
59a1ce8a58f50e805024cee971b252ff838315c628b8a61baa281a5c73feb113,2024-03-05T19:43:31.702000,sent,kaspa:qzvjhcm8c9gqjza7svpdn8qhzd3hhypfdelwy0vex22qslh74g7ekpn09fpkd,7641390101787,
59a1ce8a58f50e805024cee971b252ff838315c628b8a61baa281a5c73feb113,2024-03-05T19:43:31.702000,sent,kaspa:qzvjhcm8c9gqjza7svpdn8qhzd3hhypfdelwy0vex22qslh74g7ekpn09fpkd,7641390101787,
59a1ce8a58f50e805024cee971b252ff838315c628b8a61baa281a5c73feb113,2024-03-05T19:43:31.702000,sent,kaspa:qzvjhcm8c9gqjza7svpdn8qhzd3hhypfdelwy0vex22qslh74g7ekpn09fpkd,7641390101787,
59a1ce8a58f50e805024cee971b252ff838315c628b8a61baa281a5c73feb113,2024-03-05T19:43:31.702000,sent,kaspa:qzvjhcm8c9gqjza7svpdn8qhzd3hhypfdelwy0vex22qslh74g7ekpn09fpkd,7641390101787,
59a1ce8a58f50e805024cee971b252ff838315c628b8a61baa281a5c73feb113,2024-03-05T19:43:31.702000,sent,kaspa:qzvjhcm8c9gqjza7svpdn8qhzd3hhypfdelwy0vex22qslh74g7ekpn09fpkd,7641390101787,
59a1ce8a58f50e805024cee971b252ff838315c628b8a61baa281a5c73feb113,2024-03-05T19:43:31.702000,sent,kaspa:qzvjhcm8c9gqjza7svpdn8qhzd3hhypfdelwy0vex22qslh74g7ekpn09fpkd,7641390101787,
6cf599a54e45f6993b503de8022760af65681a52dd80780d590542747e64da32,2024-03-05T18:58:15.103000,received,kaspa:qpetwp2u9gj7v6gzp06hkyh24c59llkj062ks73qppal7tvu3e8ms27ws4mu6,2000000000000,
fa1012ab8915f08941e6e2dd8e407efbc4ee449fbc5fae7928c0069471efd9e4,2024-03-05T18:44:49.462000,received,kaspa:qpjh8zkeyu4ecm54690wnrh9245f4nh77cp94j43zvyghrjptj0n7jq07m062,2000000000000,
100800d57fdf73f45055cd1425cf8797f562b5fc478faf2edf13a86faab78f1d,2024-03-05T18:38:25.209000,received,kaspa:qypw4kuf32elytm6mqkk8qpy7cu9wghnhcu4c26eracgece3yegpnvsl5ql0mln,100000000000,
100800d57fdf73f45055cd1425cf8797f562b5fc478faf2edf13a86faab78f1d,2024-03-05T18:38:25.209000,received,kaspa:qypw4kuf32elytm6mqkk8qpy7cu9wghnhcu4c26eracgece3yegpnvsl5ql0mln,100000000000,
100800d57fdf73f45055cd1425cf8797f562b5fc478faf2edf13a86faab78f1d,2024-03-05T18:38:25.209000,received,kaspa:qypw4kuf32elytm6mqkk8qpy7cu9wghnhcu4c26eracgece3yegpnvsl5ql0mln,100000000000,
100800d57fdf73f45055cd1425cf8797f562b5fc478faf2edf13a86faab78f1d,2024-03-05T18:38:25.209000,received,kaspa:qypw4kuf32elytm6mqkk8qpy7cu9wghnhcu4c26eracgece3yegpnvsl5ql0mln,100000000000,
100800d57fdf73f45055cd1425cf8797f562b5fc478faf2edf13a86faab78f1d,2024-03-05T18:38:25.209000,received,kaspa:qypw4kuf32elytm6mqkk8qpy7cu9wghnhcu4c26eracgece3yegpnvsl5ql0mln,100000000000,
100800d57fdf73f45055cd1425cf8797f562b5fc478faf2edf13a86faab78f1d,2024-03-05T18:38:25.209000,received,kaspa:qypw4kuf32elytm6mqkk8qpy7cu9wghnhcu4c26eracgece3yegpnvsl5ql0mln,100000000000,
100800d57fdf73f45055cd1425cf8797f562b5fc478faf2edf13a86faab78f1d,2024-03-05T18:38:25.209000,received,kaspa:qypw4kuf32elytm6mqkk8qpy7cu9wghnhcu4c26eracgece3yegpnvsl5ql0mln,100000000000,
100800d57fdf73f45055cd1425cf8797f562b5fc478faf2edf13a86faab78f1d,2024-03-05T18:38:25.209000,received,kaspa:qypw4kuf32elytm6mqkk8qpy7cu9wghnhcu4c26eracgece3yegpnvsl5ql0mln,100000000000,
100800d57fdf73f45055cd1425cf8797f562b5fc478faf2edf13a86faab78f1d,2024-03-05T18:38:25.209000,received,kaspa:qypw4kuf32elytm6mqkk8qpy7cu9wghnhcu4c26eracgece3yegpnvsl5ql0mln,100000000000,
100800d57fdf73f45055cd1425cf8797f562b5fc478faf2edf13a86faab78f1d,2024-03-05T18:38:25.209000,received,kaspa:qypw4kuf32elytm6mqkk8qpy7cu9wghnhcu4c26eracgece3yegpnvsl5ql0mln,100000000000,
100800d57fdf73f45055cd1425cf8797f562b5fc478faf2edf13a86faab78f1d,2024-03-05T18:38:25.209000,received,kaspa:qypw4kuf32elytm6mqkk8qpy7cu9wghnhcu4c26eracgece3yegpnvsl5ql0mln,100000000000,
100800d57fdf73f45055cd1425cf8797f562b5fc478faf2edf13a86faab78f1d,2024-03-05T18:38:25.209000,received,kaspa:qypw4kuf32elytm6mqkk8qpy7cu9wghnhcu4c26eracgece3yegpnvsl5ql0mln,100000000000,
100800d57fdf73f45055cd1425cf8797f562b5fc478faf2edf13a86faab78f1d,2024-03-05T18:38:25.209000,received,kaspa:qypw4kuf32elytm6mqkk8qpy7cu9wghnhcu4c26eracgece3yegpnvsl5ql0mln,100000000000,
4bf608b3d0c2a180ef803bcf0aa10a63b4fb68e9dcbca68f2b52d45c3c81d872,2024-03-05T18:14:57.484000,received,kaspa:qqt874j85r5ga5av0q6tthj2tu89dfpchjmvjuvx5tyn2vpjjrhk7tcpsx2vu,9400000000,
8d4a7aa6fe1960164fa24663594d973fbfc7191ea48f2b6021948c2b4e542825,2024-03-05T18:13:44.950000,received,kaspa:qrxgw36y6nj0l5vg3kpnx738kftvqwyqu8w77w7wrpf5lum0gj8mz9l6ph2m5,9400000000,
8d4a7aa6fe1960164fa24663594d973fbfc7191ea48f2b6021948c2b4e542825,2024-03-05T18:13:44.950000,received,kaspa:qrxgw36y6nj0l5vg3kpnx738kftvqwyqu8w77w7wrpf5lum0gj8mz9l6ph2m5,9400000000,
962ab306ed21646f12213d61c0fe27c75e4585bc3f8793646316f5bd170d2fcd,2024-03-05T18:10:56.955000,received,kaspa:qqv86psy73xwg9sm5jkds7clehp2sdd0w4npztkmp7fhejvayxd462wlksh3d,1000000000,
2cc8ab0c66e421c6dfd5aad3afa51877716f21b608c0d55200448dddea216dda,2024-03-05T17:44:07.258000,received,kaspa:qrrp2xrkyn6e0nqklwptq4rxc79u4ytt2hrgt20lfy9sl7kvhf2ej9lemwcf2,5000000000,
2cc8ab0c66e421c6dfd5aad3afa51877716f21b608c0d55200448dddea216dda,2024-03-05T17:44:07.258000,received,kaspa:qrrp2xrkyn6e0nqklwptq4rxc79u4ytt2hrgt20lfy9sl7kvhf2ej9lemwcf2,5000000000,
2cc8ab0c66e421c6dfd5aad3afa51877716f21b608c0d55200448dddea216dda,2024-03-05T17:44:07.258000,received,kaspa:qrrp2xrkyn6e0nqklwptq4rxc79u4ytt2hrgt20lfy9sl7kvhf2ej9lemwcf2,5000000000,
2cc8ab0c66e421c6dfd5aad3afa51877716f21b608c0d55200448dddea216dda,2024-03-05T17:44:07.258000,received,kaspa:qrrp2xrkyn6e0nqklwptq4rxc79u4ytt2hrgt20lfy9sl7kvhf2ej9lemwcf2,5000000000,
2ccdee06ff1c4f7f07c7e176547e9a7648e899f81f3fdd9ff997a497ab74396b,2024-03-05T17:41:03.784000,received,kaspa:qreemt9aydnjmupc3a6z8mutrdpyc3k5tgxqdtj865mxxuh3detnkaqcc4r3g,23959453975,
2ccdee06ff1c4f7f07c7e176547e9a7648e899f81f3fdd9ff997a497ab74396b,2024-03-05T17:41:03.784000,received,kaspa:qreemt9aydnjmupc3a6z8mutrdpyc3k5tgxqdtj865mxxuh3detnkaqcc4r3g,23959453975,
2ccdee06ff1c4f7f07c7e176547e9a7648e899f81f3fdd9ff997a497ab74396b,2024-03-05T17:41:03.784000,received,kaspa:qreemt9aydnjmupc3a6z8mutrdpyc3k5tgxqdtj865mxxuh3detnkaqcc4r3g,23959453975,
2ccdee06ff1c4f7f07c7e176547e9a7648e899f81f3fdd9ff997a497ab74396b,2024-03-05T17:41:03.784000,received,kaspa:qreemt9aydnjmupc3a6z8mutrdpyc3k5tgxqdtj865mxxuh3detnkaqcc4r3g,23959453975,
2ccdee06ff1c4f7f07c7e176547e9a7648e899f81f3fdd9ff997a497ab74396b,2024-03-05T17:41:03.784000,received,kaspa:qreemt9aydnjmupc3a6z8mutrdpyc3k5tgxqdtj865mxxuh3detnkaqcc4r3g,23959453975,
2ccdee06ff1c4f7f07c7e176547e9a7648e899f81f3fdd9ff997a497ab74396b,2024-03-05T17:41:03.784000,received,kaspa:qreemt9aydnjmupc3a6z8mutrdpyc3k5tgxqdtj865mxxuh3detnkaqcc4r3g,23959453975,
2ccdee06ff1c4f7f07c7e176547e9a7648e899f81f3fdd9ff997a497ab74396b,2024-03-05T17:41:03.784000,received,kaspa:qreemt9aydnjmupc3a6z8mutrdpyc3k5tgxqdtj865mxxuh3detnkaqcc4r3g,23959453975,
2ccdee06ff1c4f7f07c7e176547e9a7648e899f81f3fdd9ff997a497ab74396b,2024-03-05T17:41:03.784000,received,kaspa:qreemt9aydnjmupc3a6z8mutrdpyc3k5tgxqdtj865mxxuh3detnkaqcc4r3g,23959453975,
2ccdee06ff1c4f7f07c7e176547e9a7648e899f81f3fdd9ff997a497ab74396b,2024-03-05T17:41:03.784000,received,kaspa:qreemt9aydnjmupc3a6z8mutrdpyc3k5tgxqdtj865mxxuh3detnkaqcc4r3g,23959453975,
2ccdee06ff1c4f7f07c7e176547e9a7648e899f81f3fdd9ff997a497ab74396b,2024-03-05T17:41:03.784000,received,kaspa:qreemt9aydnjmupc3a6z8mutrdpyc3k5tgxqdtj865mxxuh3detnkaqcc4r3g,23959453975,
2ccdee06ff1c4f7f07c7e176547e9a7648e899f81f3fdd9ff997a497ab74396b,2024-03-05T17:41:03.784000,received,kaspa:qreemt9aydnjmupc3a6z8mutrdpyc3k5tgxqdtj865mxxuh3detnkaqcc4r3g,23959453975,
2ccdee06ff1c4f7f07c7e176547e9a7648e899f81f3fdd9ff997a497ab74396b,2024-03-05T17:41:03.784000,received,kaspa:qreemt9aydnjmupc3a6z8mutrdpyc3k5tgxqdtj865mxxuh3detnkaqcc4r3g,23959453975,
2ccdee06ff1c4f7f07c7e176547e9a7648e899f81f3fdd9ff997a497ab74396b,2024-03-05T17:41:03.784000,received,kaspa:qreemt9aydnjmupc3a6z8mutrdpyc3k5tgxqdtj865mxxuh3detnkaqcc4r3g,23959453975,
2ccdee06ff1c4f7f07c7e176547e9a7648e899f81f3fdd9ff997a497ab74396b,2024-03-05T17:41:03.784000,received,kaspa:qreemt9aydnjmupc3a6z8mutrdpyc3k5tgxqdtj865mxxuh3detnkaqcc4r3g,23959453975,
2ccdee06ff1c4f7f07c7e176547e9a7648e899f81f3fdd9ff997a497ab74396b,2024-03-05T17:41:03.784000,received,kaspa:qreemt9aydnjmupc3a6z8mutrdpyc3k5tgxqdtj865mxxuh3detnkaqcc4r3g,23959453975,
2ccdee06ff1c4f7f07c7e176547e9a7648e899f81f3fdd9ff997a497ab74396b,2024-03-05T17:41:03.784000,received,kaspa:qreemt9aydnjmupc3a6z8mutrdpyc3k5tgxqdtj865mxxuh3detnkaqcc4r3g,23959453975,
2ccdee06ff1c4f7f07c7e176547e9a7648e899f81f3fdd9ff997a497ab74396b,2024-03-05T17:41:03.784000,received,kaspa:qreemt9aydnjmupc3a6z8mutrdpyc3k5tgxqdtj865mxxuh3detnkaqcc4r3g,23959453975,
2ccdee06ff1c4f7f07c7e176547e9a7648e899f81f3fdd9ff997a497ab74396b,2024-03-05T17:41:03.784000,received,kaspa:qreemt9aydnjmupc3a6z8mutrdpyc3k5tgxqdtj865mxxuh3detnkaqcc4r3g,23959453975,
2ccdee06ff1c4f7f07c7e176547e9a7648e899f81f3fdd9ff997a497ab74396b,2024-03-05T17:41:03.784000,received,kaspa:qreemt9aydnjmupc3a6z8mutrdpyc3k5tgxqdtj865mxxuh3detnkaqcc4r3g,23959453975,
2ccdee06ff1c4f7f07c7e176547e9a7648e899f81f3fdd9ff997a497ab74396b,2024-03-05T17:41:03.784000,received,kaspa:qreemt9aydnjmupc3a6z8mutrdpyc3k5tgxqdtj865mxxuh3detnkaqcc4r3g,23959453975,
2ccdee06ff1c4f7f07c7e176547e9a7648e899f81f3fdd9ff997a497ab74396b,2024-03-05T17:41:03.784000,received,kaspa:qreemt9aydnjmupc3a6z8mutrdpyc3k5tgxqdtj865mxxuh3detnkaqcc4r3g,23959453975,
2ccdee06ff1c4f7f07c7e176547e9a7648e899f81f3fdd9ff997a497ab74396b,2024-03-05T17:41:03.784000,received,kaspa:qreemt9aydnjmupc3a6z8mutrdpyc3k5tgxqdtj865mxxuh3detnkaqcc4r3g,23959453975,
2ccdee06ff1c4f7f07c7e176547e9a7648e899f81f3fdd9ff997a497ab74396b,2024-03-05T17:41:03.784000,received,kaspa:qp42w2fr5fywkrfde5cgcxu2jksg3pdzlqedsq2k54xauzjlfuw7qtl5jefw7,23959453975,
2ccdee06ff1c4f7f07c7e176547e9a7648e899f81f3fdd9ff997a497ab74396b,2024-03-05T17:41:03.784000,received,kaspa:qp9h705yshgen3ljj0t3zg06eql2380pqet0ayz35qrflmezane8std4z53p8,23959453975,
2ccdee06ff1c4f7f07c7e176547e9a7648e899f81f3fdd9ff997a497ab74396b,2024-03-05T17:41:03.784000,received,kaspa:qr9n49e4zw43e2xkufqhp8vm7xa44w98c348und8d6rz43q9l9c3slre7jca2,23959453975,
2bb579140cc32ebb6af708cca1020edf3ba9cf8c91186583c04b1bd695e039ca,2024-03-05T17:19:52.548000,received,kaspa:qq057a7v84sf4hnxs8hmrau8gph4uv8r3nk8wsvzg59fkhkd6kps2xkt57gqs,20000000000,
7bc8797c88debf33ed85bb0d1edd7971121b4da872bbf42a4067675aebf8f52a,2024-03-05T16:18:40.957000,received,kaspa:qzvzqsuhpxjg3sxfuvgwwj75dnefyu2xg947ksk2suquf4w6gf7z6e7rhaesm,1000000000,
fdd8e8756ef60a520b422807f04e999c1744d6f68a7226c42405c693caf24a0e,2024-03-05T16:10:08.005000,received,kaspa:qpekzua379cm0v3untt7v4utrhg2gyk8erv7lf7evj2htzjl3q4guwmcck3l3,1000000000,
44911828083c4096277304330ed60e3999bb2c8efade53d434f9e492762593e6,2024-03-05T15:00:04.395000,received,kaspa:qzlg6v4pw3xf8r7zezjja35atmd7jspz7du4sfazchtr3k7ejc0rg30faemt5,10100000000,
150f861cd2adbcc3744617d64777848c661dff7b6a4d8550b5fdabea28e8a60f,2024-03-05T13:32:44.783000,received,kaspa:qq4xsn8jf8a4ed5xqhwjrq05ar4vygahq7m3tv84fpup5twyhaz7g57vq384t,84687298492,
6646fd8e9467651a3b6a27327d5730fa4fba22d3e043a8838f4cb93eb125ffda,2024-03-05T09:16:04.235000,received,kaspa:qqetp7ct8kqss99fxmymyz5t3fezppxp0t58wl6pawp27elqd46uudme00cl0,4000000000,
6646fd8e9467651a3b6a27327d5730fa4fba22d3e043a8838f4cb93eb125ffda,2024-03-05T09:16:04.235000,received,kaspa:qqetp7ct8kqss99fxmymyz5t3fezppxp0t58wl6pawp27elqd46uudme00cl0,4000000000,
bcf83e71761ec131bda4cdb395980cc3a9fa3edca8ec458f7972b1286945ef9e,2024-03-05T07:16:06.646000,received,kaspa:qqhw3fnmfa72533ag97hcfq8v9l3hhpj3wyaznq7y6jsz7ptdhufkmn72zx9u,999997920,
2f7a3436c85b43c752eade3b719931693c379d250584cdcc0d2fff32366934ce,2024-03-05T03:18:46.831000,received,kaspa:qqjkn8y4wvkj4z60nnthrxnw76svjl4qh95u6c9qq539d83le20v2gk8z80zt,100000000000,
e80bc641fad6f35638c2fce9fa6885f54d70fc9a0260cdcfc975a4f6efe8e45a,2024-03-05T02:57:42.933000,received,kaspa:qrkl0t3udl4m7e8wxgl26jxd08d5t0f4q6t4q5e3lg9pgr2w6fx6633rn9hyy,10000000000,
acd005b7b1fdc9c4ecb379eaa093224d7a3be8bc91f3aab1f479aae534fea774,2024-03-04T21:47:15.662000,received,kaspa:qqu909xwvkkggwz0c2cepwzcemaclvn97tnls5txr6p9j8lrfl7x7w8hv2f5f,669700000,
b90a52901b15bff6c977239083b800343dc7b6a8969ea405909ec744dd5dfac4,2024-03-04T19:43:54.147000,received,kaspa:qrnafv8jd5thz9wytadxl7hgkdezxtekr5aqhjws86hdrqy84a3suujfrtnqp,1000000000,
a3448b36f7278410474b5001eb5fe36261ac1790f3fe9d73fb22bdca56302b4c,2024-03-04T19:28:30.788000,received,kaspa:qyp5zjsaf8k0l2x90hxe9zmf409cjvde08znnz5yrcaxcsjrmpp29lsfp3m0aha,20000000000,
a3448b36f7278410474b5001eb5fe36261ac1790f3fe9d73fb22bdca56302b4c,2024-03-04T19:28:30.788000,received,kaspa:qyp5zjsaf8k0l2x90hxe9zmf409cjvde08znnz5yrcaxcsjrmpp29lsfp3m0aha,20000000000,
7f3db323aa86c68b6c244aa529719117544bfa4f11a5dd1d1229d178538ef733,2024-03-04T19:19:54.448000,received,kaspa:qp9295k6nmrcha3z3wjy8gmj2jmv9gy8lvvwgpt2x4wqhteheaxwy4752xkwr,1000000000,
5fea421e6009f1adc1d9d8139199c315b1dafa3a4de7dc0897dac03665ad812b,2024-03-04T15:51:10.083000,received,kaspa:qrelgny7sr3vahq69yykxx36m65gvmhryxrlwngfzgu8xkdslum2yxjp3ap8m,2100441900,Gate.io
b56ecc8dc8183586a64133bffa300b1a72db4a43ce4b554de1c6ae90d4f8b2d0,2024-03-04T15:21:39.980000,received,kaspa:qpgtty07zx4glspgdmhrqqwyf7zrn2k5ryxeh59jmn2nhzu3ns9lge87k80y7,10000000000,
b56ecc8dc8183586a64133bffa300b1a72db4a43ce4b554de1c6ae90d4f8b2d0,2024-03-04T15:21:39.980000,received,kaspa:qq5sdf34vtqy64vjfd7vcq48lpxl7305ytmcrdpd0kw08e2wzathghkwggmrj,10000000000,
4d7c184f005d35f7586a9d45ac5a4fcfc14b73bb5bf6667ba9a7354c355e5a4a,2024-03-04T13:32:46.735000,received,kaspa:qypv04ryfa4lmerczpr0hw6d3cetgf66992n66pqkrq37uz03slal3qul7gjfph,2000000000,
848cd412b5e47e61e117fdbac5040b82e3ee1146dece7a6b1fe3827aca0f1515,2024-03-04T13:23:12.783000,received,kaspa:qypt7y6rj8h0lga54y84tsfxx766ud7464c8p7ekua9ajqlg50h7vnglh6vy5nv,1300000000,
9ab40057733678a12cd67193c8a8c5f1beacd4c5b3f2fff3c54dd83efd6a2057,2024-03-04T13:06:03.837000,received,kaspa:qpzpfwcsqsxhxwup26r55fd0ghqlhyugz8cp6y3wxuddc02vcxtjg75pspnwz,8758000000,MEXC
9ab40057733678a12cd67193c8a8c5f1beacd4c5b3f2fff3c54dd83efd6a2057,2024-03-04T13:06:03.837000,received,kaspa:qpzpfwcsqsxhxwup26r55fd0ghqlhyugz8cp6y3wxuddc02vcxtjg75pspnwz,8758000000,MEXC
f6dd35150d8a00956e460211ef1fca056e77209572d64c51cc1f232762de7511,2024-03-04T12:10:46.102000,received,kaspa:qzaqqq8mk3wh62ucwkky5rytknwge6mer3szvjsfwaaw573jyr0gvtzn44qw6,24999997920,
bf6c99a3e316da2117651078d62487f93ff15d6455a95e144a9150ccd48c150f,2024-03-04T11:44:30.494000,received,kaspa:qrxjv4sa8czn0vd6dju7h55vyfcw0azss90md63539ztyt0jxpn5x9e0cnqj5,10000000000,
10182c393523ff88ea2a52e9f719bad7bd63a8c543e875a06c43825594d671b0,2024-03-04T11:22:43.462000,received,kaspa:qzvxtjzpenleatnxjveux6u5rak434wnvwpylycye4zw5pj2qcz5wfe7fp6c0,5000000000,
82d4e4b9e0f59ab08b29b1c4f6c1320459854e02061a326668090bd5b815afb1,2024-03-04T11:00:35.512000,received,kaspa:qypnany4rpp6lxwhlwxq9d49q7dw8w765gw35sfzz7d32v2pg55wdec7myjt7fk,10000000000,
82d4e4b9e0f59ab08b29b1c4f6c1320459854e02061a326668090bd5b815afb1,2024-03-04T11:00:35.512000,received,kaspa:qypnany4rpp6lxwhlwxq9d49q7dw8w765gw35sfzz7d32v2pg55wdec7myjt7fk,10000000000,
82d4e4b9e0f59ab08b29b1c4f6c1320459854e02061a326668090bd5b815afb1,2024-03-04T11:00:35.512000,received,kaspa:qypnany4rpp6lxwhlwxq9d49q7dw8w765gw35sfzz7d32v2pg55wdec7myjt7fk,10000000000,
82d4e4b9e0f59ab08b29b1c4f6c1320459854e02061a326668090bd5b815afb1,2024-03-04T11:00:35.512000,received,kaspa:qypnany4rpp6lxwhlwxq9d49q7dw8w765gw35sfzz7d32v2pg55wdec7myjt7fk,10000000000,
82d4e4b9e0f59ab08b29b1c4f6c1320459854e02061a326668090bd5b815afb1,2024-03-04T11:00:35.512000,received,kaspa:qypnany4rpp6lxwhlwxq9d49q7dw8w765gw35sfzz7d32v2pg55wdec7myjt7fk,10000000000,
82d4e4b9e0f59ab08b29b1c4f6c1320459854e02061a326668090bd5b815afb1,2024-03-04T11:00:35.512000,received,kaspa:qypnany4rpp6lxwhlwxq9d49q7dw8w765gw35sfzz7d32v2pg55wdec7myjt7fk,10000000000,
82d4e4b9e0f59ab08b29b1c4f6c1320459854e02061a326668090bd5b815afb1,2024-03-04T11:00:35.512000,received,kaspa:qypnany4rpp6lxwhlwxq9d49q7dw8w765gw35sfzz7d32v2pg55wdec7myjt7fk,10000000000,
82d4e4b9e0f59ab08b29b1c4f6c1320459854e02061a326668090bd5b815afb1,2024-03-04T11:00:35.512000,received,kaspa:qypnany4rpp6lxwhlwxq9d49q7dw8w765gw35sfzz7d32v2pg55wdec7myjt7fk,10000000000,
919152838476449910e74db7c886e5b46f07ce814e8e55eacc1b454a1712cb7a,2024-03-04T08:20:03.214000,received,kaspa:qqetp7ct8kqss99fxmymyz5t3fezppxp0t58wl6pawp27elqd46uudme00cl0,16900000000,
919152838476449910e74db7c886e5b46f07ce814e8e55eacc1b454a1712cb7a,2024-03-04T08:20:03.214000,received,kaspa:qpzpfwcsqsxhxwup26r55fd0ghqlhyugz8cp6y3wxuddc02vcxtjg75pspnwz,16900000000,MEXC
15778c852b2473651ec71a4fba2dfc5474f87c367a93ab4d91bd7c40d21ee909,2024-03-04T08:01:04.738000,received,kaspa:qqetp7ct8kqss99fxmymyz5t3fezppxp0t58wl6pawp27elqd46uudme00cl0,5000000000,
15778c852b2473651ec71a4fba2dfc5474f87c367a93ab4d91bd7c40d21ee909,2024-03-04T08:01:04.738000,received,kaspa:qpzpfwcsqsxhxwup26r55fd0ghqlhyugz8cp6y3wxuddc02vcxtjg75pspnwz,5000000000,MEXC
8b0fc6ab7876d8c2850a81ca49423e78414e04fb21189cc67080be96a5391497,2024-03-04T03:05:53.519000,received,kaspa:qzr0yrrdrdprrn4q66jjfs2j5mrs6n2uznrnjacmk6alkj0cnwvxqgf7jft2a,2000000000,
90561605c6d2f230ae90ef048aab5bf24283127753c4ac55a7d2d681781d6fa3,2024-03-04T02:30:57.346000,received,kaspa:qzm6pu6vd4676znzvmjhdnjvwm6sgrrhh0dmgp20y0m46fhlnvvjjzqdkh8tf,10000000000,
d7e5021428a7be5cd2fc358bd78cd87cc6ec38f85f70f995767e817bd568e9b6,2024-03-04T01:40:57.444000,received,kaspa:qzz6md5dv3dz5370hv945zh402u6f6v2gh35qu2ghkr946q83fn65s26acr5j,7700000000,
892ed3dab6e0aa94d8d4ccd0b80ee7d5520f5b93b5b315e132b7e296872e278d,2024-03-04T00:11:49.170000,received,kaspa:qyph22mmthf8jpzzc5h6yhlw4qzepen70yhg0xfyhs6v3c9pkug47dgtsxhjwzc,1000000000,
892ed3dab6e0aa94d8d4ccd0b80ee7d5520f5b93b5b315e132b7e296872e278d,2024-03-04T00:11:49.170000,received,kaspa:qyph22mmthf8jpzzc5h6yhlw4qzepen70yhg0xfyhs6v3c9pkug47dgtsxhjwzc,1000000000,
892ed3dab6e0aa94d8d4ccd0b80ee7d5520f5b93b5b315e132b7e296872e278d,2024-03-04T00:11:49.170000,received,kaspa:qyph22mmthf8jpzzc5h6yhlw4qzepen70yhg0xfyhs6v3c9pkug47dgtsxhjwzc,1000000000,
892ed3dab6e0aa94d8d4ccd0b80ee7d5520f5b93b5b315e132b7e296872e278d,2024-03-04T00:11:49.170000,received,kaspa:qyph22mmthf8jpzzc5h6yhlw4qzepen70yhg0xfyhs6v3c9pkug47dgtsxhjwzc,1000000000,
892ed3dab6e0aa94d8d4ccd0b80ee7d5520f5b93b5b315e132b7e296872e278d,2024-03-04T00:11:49.170000,received,kaspa:qyph22mmthf8jpzzc5h6yhlw4qzepen70yhg0xfyhs6v3c9pkug47dgtsxhjwzc,1000000000,
892ed3dab6e0aa94d8d4ccd0b80ee7d5520f5b93b5b315e132b7e296872e278d,2024-03-04T00:11:49.170000,received,kaspa:qyph22mmthf8jpzzc5h6yhlw4qzepen70yhg0xfyhs6v3c9pkug47dgtsxhjwzc,1000000000,
892ed3dab6e0aa94d8d4ccd0b80ee7d5520f5b93b5b315e132b7e296872e278d,2024-03-04T00:11:49.170000,received,kaspa:qyph22mmthf8jpzzc5h6yhlw4qzepen70yhg0xfyhs6v3c9pkug47dgtsxhjwzc,1000000000,
892ed3dab6e0aa94d8d4ccd0b80ee7d5520f5b93b5b315e132b7e296872e278d,2024-03-04T00:11:49.170000,received,kaspa:qyph22mmthf8jpzzc5h6yhlw4qzepen70yhg0xfyhs6v3c9pkug47dgtsxhjwzc,1000000000,
892ed3dab6e0aa94d8d4ccd0b80ee7d5520f5b93b5b315e132b7e296872e278d,2024-03-04T00:11:49.170000,received,kaspa:qyph22mmthf8jpzzc5h6yhlw4qzepen70yhg0xfyhs6v3c9pkug47dgtsxhjwzc,1000000000,
892ed3dab6e0aa94d8d4ccd0b80ee7d5520f5b93b5b315e132b7e296872e278d,2024-03-04T00:11:49.170000,received,kaspa:qyph22mmthf8jpzzc5h6yhlw4qzepen70yhg0xfyhs6v3c9pkug47dgtsxhjwzc,1000000000,
892ed3dab6e0aa94d8d4ccd0b80ee7d5520f5b93b5b315e132b7e296872e278d,2024-03-04T00:11:49.170000,received,kaspa:qyph22mmthf8jpzzc5h6yhlw4qzepen70yhg0xfyhs6v3c9pkug47dgtsxhjwzc,1000000000,
892ed3dab6e0aa94d8d4ccd0b80ee7d5520f5b93b5b315e132b7e296872e278d,2024-03-04T00:11:49.170000,received,kaspa:qyph22mmthf8jpzzc5h6yhlw4qzepen70yhg0xfyhs6v3c9pkug47dgtsxhjwzc,1000000000,
892ed3dab6e0aa94d8d4ccd0b80ee7d5520f5b93b5b315e132b7e296872e278d,2024-03-04T00:11:49.170000,received,kaspa:qyph22mmthf8jpzzc5h6yhlw4qzepen70yhg0xfyhs6v3c9pkug47dgtsxhjwzc,1000000000,
597b059f11f6516fd01dd582358b458d0ccb38f5b1c9fa41d0237539b5aa49e8,2024-03-03T22:59:27.647000,received,kaspa:qr63zv6kh3n2yxljzjqkmgp96evcpu4ltahj3nz55xrydmk6ct9hv0vkrp9gu,500000000,
597b059f11f6516fd01dd582358b458d0ccb38f5b1c9fa41d0237539b5aa49e8,2024-03-03T22:59:27.647000,received,kaspa:qqn7std3vrdumus9zjkdhem7y5rpwd8py4d34vuslrrandddrar9zsjv6azzt,500000000,
613f2003640a6d83561a8c507e1b723f2760b1b93d3baadced0012703eddcf73,2024-03-03T21:46:31.334000,received,kaspa:qpn55pt8a59yeng0w8dt2s9uryps56cfqyv7wd0pe2pc6eq7clzjss88nyn6s,20000000000,
613f2003640a6d83561a8c507e1b723f2760b1b93d3baadced0012703eddcf73,2024-03-03T21:46:31.334000,received,kaspa:qq6nxupx4rjpdz0kj748nw9hrkj3fhd2lglxc6wxvvcfsr203nq37qwwqkpfk,20000000000,
8200ee092014f1586c24179793bd57bb3fa826e735a2372119b2a992e57e2fd7,2024-03-03T20:13:03.751000,received,kaspa:qqetp7ct8kqss99fxmymyz5t3fezppxp0t58wl6pawp27elqd46uudme00cl0,8000000000,
8200ee092014f1586c24179793bd57bb3fa826e735a2372119b2a992e57e2fd7,2024-03-03T20:13:03.751000,received,kaspa:qpzpfwcsqsxhxwup26r55fd0ghqlhyugz8cp6y3wxuddc02vcxtjg75pspnwz,8000000000,MEXC
c573b9822c1f813c664dc63a32dbdb9ce45d0f254e294d5af35d2bb95ad57674,2024-03-03T20:05:31.503000,received,kaspa:qry2u9y3ymx64fej72pv4ez3zhe5xu07y8a5phuxxq0gjxj95puzklpge8fjl,2000000000,
edd9f8051095ee4e26c143c7549ecaa337e0cb6a631957f2bd1aa2264ed38658,2024-03-03T18:05:42.190000,received,kaspa:qra23dsq2pry5wzmnvdz77cwfg7vp0lg7ygqxc9a823c72pyq0qnky63lh2wr,9999997920,
ce572cb463c836b44107547ecccf09f372a79f2bf844458a1e442dc2799bf7ea,2024-03-03T17:52:03.288000,received,kaspa:qpzpfwcsqsxhxwup26r55fd0ghqlhyugz8cp6y3wxuddc02vcxtjg75pspnwz,4000000000,MEXC
ce572cb463c836b44107547ecccf09f372a79f2bf844458a1e442dc2799bf7ea,2024-03-03T17:52:03.288000,received,kaspa:qpzpfwcsqsxhxwup26r55fd0ghqlhyugz8cp6y3wxuddc02vcxtjg75pspnwz,4000000000,MEXC
0cbc3e8cbb1a3b0f63f77f5f9fd9c16da23650244cabfdcc441b68c0d86c2b7a,2024-03-03T17:50:05.740000,received,kaspa:qqetp7ct8kqss99fxmymyz5t3fezppxp0t58wl6pawp27elqd46uudme00cl0,6188000000,
0cbc3e8cbb1a3b0f63f77f5f9fd9c16da23650244cabfdcc441b68c0d86c2b7a,2024-03-03T17:50:05.740000,received,kaspa:qpzpfwcsqsxhxwup26r55fd0ghqlhyugz8cp6y3wxuddc02vcxtjg75pspnwz,6188000000,MEXC
d979b237192377556110fa9a5ac0c78e19782c5b32ec77d5d4b725efd0585401,2024-03-03T16:23:28.808000,received,kaspa:qypnp3nfay8xzzndwpkk8vrvcatfvxg6ekn943dlk56ggrzrc909ccgckgrfnmx,27100000000,
d979b237192377556110fa9a5ac0c78e19782c5b32ec77d5d4b725efd0585401,2024-03-03T16:23:28.808000,received,kaspa:qypnp3nfay8xzzndwpkk8vrvcatfvxg6ekn943dlk56ggrzrc909ccgckgrfnmx,27100000000,
d979b237192377556110fa9a5ac0c78e19782c5b32ec77d5d4b725efd0585401,2024-03-03T16:23:28.808000,received,kaspa:qypnp3nfay8xzzndwpkk8vrvcatfvxg6ekn943dlk56ggrzrc909ccgckgrfnmx,27100000000,
d979b237192377556110fa9a5ac0c78e19782c5b32ec77d5d4b725efd0585401,2024-03-03T16:23:28.808000,received,kaspa:qypnp3nfay8xzzndwpkk8vrvcatfvxg6ekn943dlk56ggrzrc909ccgckgrfnmx,27100000000,
67f587bd35b5886894687820e14b86abd2721b5dfd88657102bc9f73014de926,2024-03-03T15:55:10.050000,received,kaspa:qqj8qrraxqxs4c7n3hjh879myspq2dsggxcs6tmhm8txmljsh49nkr727hrhd,1200000000,
67f587bd35b5886894687820e14b86abd2721b5dfd88657102bc9f73014de926,2024-03-03T15:55:10.050000,received,kaspa:qrjk3mjhzma3zhnpp4hu27e5mavwkfhyfcu6tvaxdf2xte4ldehfvqenc4tnq,1200000000,
1c63cc0d0fe604542f10be3f39b8ebf0a4c8c9bab16cbcb665b3d05b574e7ed2,2024-03-03T13:31:14.680000,received,kaspa:qz2qddcu8s8ughkmd8qkyjsx2cm305sph4mv86qzggl4nk3s0ded2qmkrzxnj,10200000000,
353b895adcd7aca9332e575634d80ccaff8e354df40338f3474f8cf1b0422e2e,2024-03-03T11:57:17.456000,received,kaspa:qpq94ntnvy8p9q6wrdwtn37xtspgashrydc0kuu8ctpyxulmh0wlxh2807zdh,7370510000,
f25c894f5b6575fb48d8899ade2fcc85a6d10ee0481d8e2960243f252394e8a0,2024-03-03T10:34:16.623000,received,kaspa:qyp0hyr4kxx295d3m98m9uu0wk4uuvh5yaf2l0ulct847y5jq8auymcu0caqkz7,1000000000,
f25c894f5b6575fb48d8899ade2fcc85a6d10ee0481d8e2960243f252394e8a0,2024-03-03T10:34:16.623000,received,kaspa:qyp0hyr4kxx295d3m98m9uu0wk4uuvh5yaf2l0ulct847y5jq8auymcu0caqkz7,1000000000,
f25c894f5b6575fb48d8899ade2fcc85a6d10ee0481d8e2960243f252394e8a0,2024-03-03T10:34:16.623000,received,kaspa:qyp0hyr4kxx295d3m98m9uu0wk4uuvh5yaf2l0ulct847y5jq8auymcu0caqkz7,1000000000,
f25c894f5b6575fb48d8899ade2fcc85a6d10ee0481d8e2960243f252394e8a0,2024-03-03T10:34:16.623000,received,kaspa:qyp0hyr4kxx295d3m98m9uu0wk4uuvh5yaf2l0ulct847y5jq8auymcu0caqkz7,1000000000,
f25c894f5b6575fb48d8899ade2fcc85a6d10ee0481d8e2960243f252394e8a0,2024-03-03T10:34:16.623000,received,kaspa:qyp0hyr4kxx295d3m98m9uu0wk4uuvh5yaf2l0ulct847y5jq8auymcu0caqkz7,1000000000,
f25c894f5b6575fb48d8899ade2fcc85a6d10ee0481d8e2960243f252394e8a0,2024-03-03T10:34:16.623000,received,kaspa:qyp0hyr4kxx295d3m98m9uu0wk4uuvh5yaf2l0ulct847y5jq8auymcu0caqkz7,1000000000,
c0e9ea20fa96aaafa0c1190b04c480d43a6f1aaddb47933499edabbda1f904cb,2024-03-03T09:22:21.414000,received,kaspa:qq4p9umecr8quku96nx0jc662u5s7tnzj94vt9dtmcpujputx8j6jh6khu3mc,2000000000,
1701f1bfc0fe605aa3c4fbacfd36540630eb6a2c71d95fc7d5e9bfbe7b7c409d,2024-03-03T04:58:34.923000,received,kaspa:qr6zcdwt889n5wu4c3ctyql364dvpfsap7gfdvdxtas7snsn87jaj35c95zkn,5000000000,
b7f1d25e0092dd205d9cb0095e88ddc1e106fe88730578da212f5384dc2317bf,2024-03-02T22:35:18.448000,received,kaspa:qqjkqzwg0k2y99k4ke7c47jwkr98jkzdtnsapyvm82xjknfxkh8a2ut0utgym,500000000,
dc9a8cc48b27552835e46865a6dbb8a5300b35441a7c15bd28b635a961265a07,2024-03-02T19:19:05.091000,received,kaspa:qq66mec693t2ll8mmtnuuzl8ujfrgfaql4tu3jv90r52maqxkxwsjffzqxame,5000000000,
2fe5511cdce50de59fd24472083886e5c01d0eb035c386efbb95f87fc6a8e430,2024-03-02T18:41:12.417000,received,kaspa:qyp46ztdk93acx8yj90gwljur32kfg5qxmtn3t9rc4hzn88amghge8c569qhhep,15000000000,
2fe5511cdce50de59fd24472083886e5c01d0eb035c386efbb95f87fc6a8e430,2024-03-02T18:41:12.417000,received,kaspa:qyp46ztdk93acx8yj90gwljur32kfg5qxmtn3t9rc4hzn88amghge8c569qhhep,15000000000,
2fe5511cdce50de59fd24472083886e5c01d0eb035c386efbb95f87fc6a8e430,2024-03-02T18:41:12.417000,received,kaspa:qyp46ztdk93acx8yj90gwljur32kfg5qxmtn3t9rc4hzn88amghge8c569qhhep,15000000000,
2fe5511cdce50de59fd24472083886e5c01d0eb035c386efbb95f87fc6a8e430,2024-03-02T18:41:12.417000,received,kaspa:qyp46ztdk93acx8yj90gwljur32kfg5qxmtn3t9rc4hzn88amghge8c569qhhep,15000000000,
2fe5511cdce50de59fd24472083886e5c01d0eb035c386efbb95f87fc6a8e430,2024-03-02T18:41:12.417000,received,kaspa:qyp46ztdk93acx8yj90gwljur32kfg5qxmtn3t9rc4hzn88amghge8c569qhhep,15000000000,
3f260a57d64719df9f20bc3cd2d54a7f7220ffe8b4b38719e1342e668c5b6174,2024-03-02T18:32:03.642000,received,kaspa:qpzpfwcsqsxhxwup26r55fd0ghqlhyugz8cp6y3wxuddc02vcxtjg75pspnwz,20000000000,MEXC
3f260a57d64719df9f20bc3cd2d54a7f7220ffe8b4b38719e1342e668c5b6174,2024-03-02T18:32:03.642000,received,kaspa:qpzpfwcsqsxhxwup26r55fd0ghqlhyugz8cp6y3wxuddc02vcxtjg75pspnwz,20000000000,MEXC
edb23c1fb437c94c5837fa78251cb61e3643be28ad8627dc3f67b6fba280d174,2024-03-02T18:09:51.499000,received,kaspa:qpfhwd3cduhsn0gfw8w0pgq24v0d6j6dzgtprj9827yntg9xs7qrjfyepmcxh,2500000000,
8af0eb90617386a75c97fe8dfa24ed89abc41fd8c730adc56d33bff7a9540114,2024-03-02T17:28:01.499000,received,kaspa:qrkynenjtn484ns5n6cz4kzw82swyxt5tjvr3kglys7zhpcrnrwav6g9zy454,10000000000,
8af0eb90617386a75c97fe8dfa24ed89abc41fd8c730adc56d33bff7a9540114,2024-03-02T17:28:01.499000,received,kaspa:qzpeqyktp0u7r3tkl0q3er70hq7l7gkqy3wwsafptz7r47pd2mwaqjtamf02t,10000000000,
d4eba799ba6be7e71652472d1a4021cd58b4a768c94d4c52cf7f9fcdc2c9001f,2024-03-02T17:01:59.728000,received,kaspa:qp9kkzqw9j7ftza37n3k9fwgqyp8tnw9ddfh8xj23yw69w9tas7c5sx548gyg,2000000000,
ce4289c1350c21e01c828174b61aae876ab8eb625124b6763640bb2e1dfd2b99,2024-03-02T16:15:50.928000,received,kaspa:qr7vrlhgekw9efxgfq09ca3wqcxlslgxndcpk77pguu2usaa9aa27lhuunewj,14573934661,
523bc30ac25f99719bc7329ae2ef66c040a1b857f7ba682972710a7eb4672f65,2024-03-02T15:32:47.930000,received,kaspa:qrjqwtgax79frmvyd9mygwrqyrlfs7gkjyu2cj5z4glr5l2sx8ez5kptuga7k,1000000000,
db1768129b92bcd990af0b92bbd66342dac62970b2e99112a56142639e45f999,2024-03-02T11:51:24.680000,received,kaspa:qq8epueg3ddv9vnn9krn9es848r746cm49skerkme5pqp80u9y6kyelkkvzu8,20000000000,
fb791047d5c6257edf0e7fb606f723c98bafd92c1753f70270225fc076302e5d,2024-03-02T11:29:06.570000,received,kaspa:qqetp7ct8kqss99fxmymyz5t3fezppxp0t58wl6pawp27elqd46uudme00cl0,7953000000,
fb791047d5c6257edf0e7fb606f723c98bafd92c1753f70270225fc076302e5d,2024-03-02T11:29:06.570000,received,kaspa:qpzpfwcsqsxhxwup26r55fd0ghqlhyugz8cp6y3wxuddc02vcxtjg75pspnwz,7953000000,MEXC
79a891de0e08c9ad5b9c8e0abb63a350c950635391487a4c97de21345801a223,2024-03-02T10:41:34.259000,received,kaspa:qqjz0w08k9hd938ngxjvm7grew4ztgq9n9dchduj2r0atavdurk2wp9a56kpq,1000000000,
1bd97c220284c4d6341e8ef600bee6bec37324e09f9c2104ec3cb472ccfe379c,2024-03-02T10:41:10.657000,received,kaspa:qp6h7r3d026lg5ljs2kl50yy69r3kgteuaj7tqtansz0z48chxnrykefp8mjr,10000000000,
1bd97c220284c4d6341e8ef600bee6bec37324e09f9c2104ec3cb472ccfe379c,2024-03-02T10:41:10.657000,received,kaspa:qp6h7r3d026lg5ljs2kl50yy69r3kgteuaj7tqtansz0z48chxnrykefp8mjr,10000000000,
cea009b88ee615c31d2fd12684eb5471be7b96692e9424bf257a57d528009b31,2024-03-02T10:27:27.201000,received,kaspa:qpatymsu88vzyy5sr0g8whfv92zjaczcjut9ha963ngde3whkgrgx70g9dt9k,1000000000,
cea009b88ee615c31d2fd12684eb5471be7b96692e9424bf257a57d528009b31,2024-03-02T10:27:27.201000,received,kaspa:qpatymsu88vzyy5sr0g8whfv92zjaczcjut9ha963ngde3whkgrgx70g9dt9k,1000000000,
c84c6242d9c9e96b4619677fed75ad5ee0e4718fcdbd0f75ab6c20d49b8a93eb,2024-03-02T09:19:22.647000,received,kaspa:qrrp2xrkyn6e0nqklwptq4rxc79u4ytt2hrgt20lfy9sl7kvhf2ej9lemwcf2,50000000000,
c84c6242d9c9e96b4619677fed75ad5ee0e4718fcdbd0f75ab6c20d49b8a93eb,2024-03-02T09:19:22.647000,received,kaspa:qrrp2xrkyn6e0nqklwptq4rxc79u4ytt2hrgt20lfy9sl7kvhf2ej9lemwcf2,50000000000,
c84c6242d9c9e96b4619677fed75ad5ee0e4718fcdbd0f75ab6c20d49b8a93eb,2024-03-02T09:19:22.647000,received,kaspa:qrrp2xrkyn6e0nqklwptq4rxc79u4ytt2hrgt20lfy9sl7kvhf2ej9lemwcf2,50000000000,
c84c6242d9c9e96b4619677fed75ad5ee0e4718fcdbd0f75ab6c20d49b8a93eb,2024-03-02T09:19:22.647000,received,kaspa:qrrp2xrkyn6e0nqklwptq4rxc79u4ytt2hrgt20lfy9sl7kvhf2ej9lemwcf2,50000000000,
c84c6242d9c9e96b4619677fed75ad5ee0e4718fcdbd0f75ab6c20d49b8a93eb,2024-03-02T09:19:22.647000,received,kaspa:qrrp2xrkyn6e0nqklwptq4rxc79u4ytt2hrgt20lfy9sl7kvhf2ej9lemwcf2,50000000000,
c84c6242d9c9e96b4619677fed75ad5ee0e4718fcdbd0f75ab6c20d49b8a93eb,2024-03-02T09:19:22.647000,received,kaspa:qrrp2xrkyn6e0nqklwptq4rxc79u4ytt2hrgt20lfy9sl7kvhf2ej9lemwcf2,50000000000,
c84c6242d9c9e96b4619677fed75ad5ee0e4718fcdbd0f75ab6c20d49b8a93eb,2024-03-02T09:19:22.647000,received,kaspa:qrrp2xrkyn6e0nqklwptq4rxc79u4ytt2hrgt20lfy9sl7kvhf2ej9lemwcf2,50000000000,
c84c6242d9c9e96b4619677fed75ad5ee0e4718fcdbd0f75ab6c20d49b8a93eb,2024-03-02T09:19:22.647000,received,kaspa:qrrp2xrkyn6e0nqklwptq4rxc79u4ytt2hrgt20lfy9sl7kvhf2ej9lemwcf2,50000000000,
c84c6242d9c9e96b4619677fed75ad5ee0e4718fcdbd0f75ab6c20d49b8a93eb,2024-03-02T09:19:22.647000,received,kaspa:qrrp2xrkyn6e0nqklwptq4rxc79u4ytt2hrgt20lfy9sl7kvhf2ej9lemwcf2,50000000000,
c84c6242d9c9e96b4619677fed75ad5ee0e4718fcdbd0f75ab6c20d49b8a93eb,2024-03-02T09:19:22.647000,received,kaspa:qrrp2xrkyn6e0nqklwptq4rxc79u4ytt2hrgt20lfy9sl7kvhf2ej9lemwcf2,50000000000,
c84c6242d9c9e96b4619677fed75ad5ee0e4718fcdbd0f75ab6c20d49b8a93eb,2024-03-02T09:19:22.647000,received,kaspa:qrrp2xrkyn6e0nqklwptq4rxc79u4ytt2hrgt20lfy9sl7kvhf2ej9lemwcf2,50000000000,
7268cd9ae6077d29e7b2fef6ec5ae01790bf4c61b71e1410506c98d5830613d7,2024-03-02T08:31:22.694000,received,kaspa:qphh8dhkm0gl7qp253dn9k3tck2wkyehczl64y5eumj86u2s3mrfjhz53he0p,1000000000,
7268cd9ae6077d29e7b2fef6ec5ae01790bf4c61b71e1410506c98d5830613d7,2024-03-02T08:31:22.694000,received,kaspa:qphh8dhkm0gl7qp253dn9k3tck2wkyehczl64y5eumj86u2s3mrfjhz53he0p,1000000000,
7268cd9ae6077d29e7b2fef6ec5ae01790bf4c61b71e1410506c98d5830613d7,2024-03-02T08:31:22.694000,received,kaspa:qphh8dhkm0gl7qp253dn9k3tck2wkyehczl64y5eumj86u2s3mrfjhz53he0p,1000000000,
7268cd9ae6077d29e7b2fef6ec5ae01790bf4c61b71e1410506c98d5830613d7,2024-03-02T08:31:22.694000,received,kaspa:qphh8dhkm0gl7qp253dn9k3tck2wkyehczl64y5eumj86u2s3mrfjhz53he0p,1000000000,
bb91bbc74c1fc9015941daa7d0bd39db1a30bbfa51f2ebddaeb7dde8a74c9f9b,2024-03-02T08:23:59.325000,received,kaspa:qprm37vslpe8lpk7w9xq9hnjnk7mulgc7zvwxgpunnfqzhkrphadsf3v05fyx,5000000000,
62b4b4f03dc005a2e4326e2bb435affec6d7ca9d0dfdb3cd4ff7a448e83770fc,2024-03-02T08:18:42.510000,received,kaspa:qypds32qxf2mp0x3nkrwkanfap39eyc77rzsv0tusws4efakp67q55chnl5l87m,10000000000,
62b4b4f03dc005a2e4326e2bb435affec6d7ca9d0dfdb3cd4ff7a448e83770fc,2024-03-02T08:18:42.510000,received,kaspa:qypds32qxf2mp0x3nkrwkanfap39eyc77rzsv0tusws4efakp67q55chnl5l87m,10000000000,
42ccc006d1455ecb929ee3578d17f512e16274e382e95a9cd098ba1c67e3d16c,2024-03-02T08:17:04.184000,received,kaspa:qz6xlkwf5gqv23c7ezlxyr5f5e6aswz6fxsps22zm9ev5q0w032tvwkqc9p8c,5000000000,
c9f0b50f327f42c31edc867beba80749497ef87c8aac2ff04267600af74fa247,2024-03-02T07:30:45.389000,received,kaspa:qreemt9aydnjmupc3a6z8mutrdpyc3k5tgxqdtj865mxxuh3detnkaqcc4r3g,5000000000,
c9f0b50f327f42c31edc867beba80749497ef87c8aac2ff04267600af74fa247,2024-03-02T07:30:45.389000,received,kaspa:qreemt9aydnjmupc3a6z8mutrdpyc3k5tgxqdtj865mxxuh3detnkaqcc4r3g,5000000000,
c9f0b50f327f42c31edc867beba80749497ef87c8aac2ff04267600af74fa247,2024-03-02T07:30:45.389000,received,kaspa:qreemt9aydnjmupc3a6z8mutrdpyc3k5tgxqdtj865mxxuh3detnkaqcc4r3g,5000000000,
c9f0b50f327f42c31edc867beba80749497ef87c8aac2ff04267600af74fa247,2024-03-02T07:30:45.389000,received,kaspa:qreemt9aydnjmupc3a6z8mutrdpyc3k5tgxqdtj865mxxuh3detnkaqcc4r3g,5000000000,
c9f0b50f327f42c31edc867beba80749497ef87c8aac2ff04267600af74fa247,2024-03-02T07:30:45.389000,received,kaspa:qreemt9aydnjmupc3a6z8mutrdpyc3k5tgxqdtj865mxxuh3detnkaqcc4r3g,5000000000,
4ebede3c7de98959c84ea399284a6e112454d54dfd1a90cd61f21fb713322ec3,2024-03-02T06:02:25.722000,received,kaspa:qqsuarq7uzqzgcszg4ammyn7rm73j2sj5qdtzu9m362gfntpg5872adtu6y6t,15000000000,
916ab056d75997fe129971be26806a88b7f65178e44cd55da85515954fc81c0a,2024-03-02T05:45:02.534000,received,kaspa:qqetp7ct8kqss99fxmymyz5t3fezppxp0t58wl6pawp27elqd46uudme00cl0,5000000000,
916ab056d75997fe129971be26806a88b7f65178e44cd55da85515954fc81c0a,2024-03-02T05:45:02.534000,received,kaspa:qpzpfwcsqsxhxwup26r55fd0ghqlhyugz8cp6y3wxuddc02vcxtjg75pspnwz,5000000000,MEXC
e9c1098a2beb629d768e60a33b8a80ef489b1a135529fa011eeecc875ec47dbd,2024-03-02T05:37:54.719000,received,kaspa:qzcldp7xtdykjnh6akgjtqua9x9r68wyxkdcaqrv93mjz7hz8yjdvuc98v3f8,1100000000,
35577372ddd039cf5d9d84fa70d059cbdb6d6ab85a5a2fffdfb569bc5e532589,2024-03-01T22:16:11.931000,received,kaspa:qzpeqyktp0u7r3tkl0q3er70hq7l7gkqy3wwsafptz7r47pd2mwaqjtamf02t,200000000,
35577372ddd039cf5d9d84fa70d059cbdb6d6ab85a5a2fffdfb569bc5e532589,2024-03-01T22:16:11.931000,received,kaspa:qrawxrs0w8upn23e7ky4un2lmu89hqf626e5v2uyz6ylklpu7rkn2hdhduwq8,200000000,
35577372ddd039cf5d9d84fa70d059cbdb6d6ab85a5a2fffdfb569bc5e532589,2024-03-01T22:16:11.931000,received,kaspa:qr7g0etz7vdhxykuev62yrg7gnn85jl2n9wxy6l62lc6xvjsz23kxflqkj2jq,200000000,
35577372ddd039cf5d9d84fa70d059cbdb6d6ab85a5a2fffdfb569bc5e532589,2024-03-01T22:16:11.931000,received,kaspa:qrjtsnnpjyvlmkffdqyayrny3qyen9yjkpuw7xvhsz36n69wmrfdyf3nwv67t,200000000,
d88b8b60a39643cf788c3d0fbdd6625404704bed82f9d04c90c0876de69a53ab,2024-03-01T20:02:48.999000,received,kaspa:qpr76m3vxgqt30kctmyfnnrcvwde597d5hc6lekkas27wspanp4lgmml32snd,1000000000,
f27680d5b8875a32f43241259d7b829705c588907ff2eea916c14ae4a705b5b2,2024-03-01T19:49:31.768000,received,kaspa:qpr55ggtx3ty5hvpxnfu3fjw444htgu40m4ktsjwhlml64dhluxevaaxewjt2,1000000000,
b7fa3c9cca9623a50b2b442b4bca9d68fdd1cd53f9da54d79596fbe5edd1a285,2024-03-01T19:14:51.058000,received,kaspa:qpq94ntnvy8p9q6wrdwtn37xtspgashrydc0kuu8ctpyxulmh0wlxh2807zdh,49000000000,
bf21998772f9a1df4414d95fc2258f4964de95b49c4290f86e7b11a99e353903,2024-03-01T19:01:59.991000,received,kaspa:qzkadjfmexn7n4xvdad42gg0lqsfcwk6ngjgtdkgknvhj4f3wuj55sj3h58aa,1000000000,
a32232232239a6af1eb0c4e6c474fb6ae1ed98c1458fbda8c32d0ac64127b38d,2024-03-01T18:39:41.626000,received,kaspa:qrvwy29el0kxlcdz7uf84w5r7uraapm9pvz0c2dgy6sa7qk5xpleky6kn9pl6,2500000000,
65c265e23473f2b1b340811c5c750698a64645d587a0ccecc8a9772a3fd2b8b2,2024-03-01T18:09:00.524000,received,kaspa:qzrw769nas46my285ewj2n44w4rl53h4wq0m5qxep9dgm37gjkpmxknvjhew3,5000000000,
580d637ff560114a969606e81ad0e8f7a5a903952094a21735b2e0d5a55cd706,2024-03-01T15:18:06.706000,received,kaspa:qqdux75pnw58lseyta9p7hahvqj8x9j0wpx8shyttcxyn4anp9xhxnhmn0r7z,100000000000,
580d637ff560114a969606e81ad0e8f7a5a903952094a21735b2e0d5a55cd706,2024-03-01T15:18:06.706000,received,kaspa:qq5dn3wkdkma7c94ey827s02zmatxq8q3lrnqjwf3x9fel4c4qlkcylf8w0uc,100000000000,
580d637ff560114a969606e81ad0e8f7a5a903952094a21735b2e0d5a55cd706,2024-03-01T15:18:06.706000,received,kaspa:qqdux75pnw58lseyta9p7hahvqj8x9j0wpx8shyttcxyn4anp9xhxnhmn0r7z,100000000000,
83cd13ea9acc2735d1e563b9774e67d6246338d217fb80f0d2b2353ef08859f3,2024-03-01T14:47:24.827000,received,kaspa:qpn82hyksecqzcqs6c5rhrx3pfg5c3dt5eusyxp09gc3vurmqhlxcd7lm9rks,1000000000,
2fae59a361c86c0c2c5062883e323626a37b331d405130b3575ec908a6769a71,2024-03-01T14:27:46.994000,received,kaspa:qqjyjsmcyy06yfwutafawhvqfz5c32pr0et0mv4uuxlltnr0tr02cx7ggmlzn,1000000000,
d7ec990fa94d4333d6180136169e09588582a09d7a448889eef6d2b0efd6d44b,2024-03-01T12:53:10.754000,received,kaspa:qpxlpxuw0skqhtdgk3vazwrh6em5sfjhngg027tea47ef8vp0uhy2udvud2xa,225000000000,
8deaeb740ef2fea041d509c895d2c0e7fce7ce3cc75eac75a4da7a206331d450,2024-03-01T12:40:19.867000,received,kaspa:qrurmrnsf33nkwfs4n2j27mmqpj6sxptds537ngfrdcjdcqe85truthwk29hn,100100000,
0a132e27a39f786de27458017d41be41e0f58b8b97135855bdc00229f947aa86,2024-03-01T12:05:31.500000,received,kaspa:qruywsv398eeywv53rq79cjrhvv4rpkm52kfna4thn4jzs3hk27vg77gsfwmp,10000000000,
4d3884de5581f891174e736a1f9879732c0e9a5ea305c4322aa83a55faf81d9c,2024-03-01T10:16:32.142000,received,kaspa:qpgte705l3n6sqw90hlt245takcl2a3sz4r5j9ah95xc9zkmaz8ys42jf2vr8,1000000000,
cf06ad21c850777e362695e5e768712bdca7a2744717e0053df18b02eba25136,2024-03-01T09:05:13.207000,received,kaspa:qq5psw0jxv63p9xhs0anslf3v4mrc08v7nsw5d8qevcey9g0066s2v4q558zh,15000000000,
14a39ab08a9c39f1c45d9a0dd540426e0a79cbca37593ade6e8bd061a3871ecf,2024-03-01T08:28:26.272000,received,kaspa:qqnjh3unxyyvz7h3t5y9vpv8tslknzkkufy8an6jkfmckzxtlfl05cu22urzq,1000000000,
f2dfeaff543abe0ee8b112b5b905d5882e8626df8753256f8146c68d2414db74,2024-03-01T08:00:44.403000,received,kaspa:qrelgny7sr3vahq69yykxx36m65gvmhryxrlwngfzgu8xkdslum2yxjp3ap8m,19714000000,Gate.io
75d904c288086d9eea95e030d38ca6995a5d5075ad095a77ade7971a1c97ef41,2024-03-01T06:01:03.230000,received,kaspa:qpzpfwcsqsxhxwup26r55fd0ghqlhyugz8cp6y3wxuddc02vcxtjg75pspnwz,59802000000,MEXC
75d904c288086d9eea95e030d38ca6995a5d5075ad095a77ade7971a1c97ef41,2024-03-01T06:01:03.230000,received,kaspa:qpzpfwcsqsxhxwup26r55fd0ghqlhyugz8cp6y3wxuddc02vcxtjg75pspnwz,59802000000,MEXC
ab7b2b89234d8006854804cf46b86ae6e246fb072387e983612be2f3bde7c645,2024-03-01T05:25:17.544000,received,kaspa:qzfcmc9wftlm7ymcdwe4gln7xecnv2a595mr3j5fuf428qzdn76r5s7nrtzyh,1000000000,
d42d8f7f0540198a1b656bf53b8669c24723fe851bbdec487587146d82880853,2024-03-01T04:17:24.074000,received,kaspa:qyp89eh0d9f008k3njptcwscxpv3eyng7yj5tn4afxhvqxrfh8n6afg89zppaqr,1000000000,
d42d8f7f0540198a1b656bf53b8669c24723fe851bbdec487587146d82880853,2024-03-01T04:17:24.074000,received,kaspa:qyp89eh0d9f008k3njptcwscxpv3eyng7yj5tn4afxhvqxrfh8n6afg89zppaqr,1000000000,
d42d8f7f0540198a1b656bf53b8669c24723fe851bbdec487587146d82880853,2024-03-01T04:17:24.074000,received,kaspa:qyp89eh0d9f008k3njptcwscxpv3eyng7yj5tn4afxhvqxrfh8n6afg89zppaqr,1000000000,
d42d8f7f0540198a1b656bf53b8669c24723fe851bbdec487587146d82880853,2024-03-01T04:17:24.074000,received,kaspa:qyp89eh0d9f008k3njptcwscxpv3eyng7yj5tn4afxhvqxrfh8n6afg89zppaqr,1000000000,
d42d8f7f0540198a1b656bf53b8669c24723fe851bbdec487587146d82880853,2024-03-01T04:17:24.074000,received,kaspa:qyp89eh0d9f008k3njptcwscxpv3eyng7yj5tn4afxhvqxrfh8n6afg89zppaqr,1000000000,
d42d8f7f0540198a1b656bf53b8669c24723fe851bbdec487587146d82880853,2024-03-01T04:17:24.074000,received,kaspa:qyp89eh0d9f008k3njptcwscxpv3eyng7yj5tn4afxhvqxrfh8n6afg89zppaqr,1000000000,
d42d8f7f0540198a1b656bf53b8669c24723fe851bbdec487587146d82880853,2024-03-01T04:17:24.074000,received,kaspa:qyp89eh0d9f008k3njptcwscxpv3eyng7yj5tn4afxhvqxrfh8n6afg89zppaqr,1000000000,
d42d8f7f0540198a1b656bf53b8669c24723fe851bbdec487587146d82880853,2024-03-01T04:17:24.074000,received,kaspa:qyp89eh0d9f008k3njptcwscxpv3eyng7yj5tn4afxhvqxrfh8n6afg89zppaqr,1000000000,
af2ea9e591e9505d9e150acfb2a8fc5963e74aea942b9d5a9893eaae514a988a,2024-03-01T04:13:30.126000,received,kaspa:qpgtty07zx4glspgdmhrqqwyf7zrn2k5ryxeh59jmn2nhzu3ns9lge87k80y7,1000000000,
99e4cd45147f31cd848a6835663813ad4dff91e8edd10ea4c8ab0e550dd74f7a,2024-03-01T03:24:02.078000,received,kaspa:qqetp7ct8kqss99fxmymyz5t3fezppxp0t58wl6pawp27elqd46uudme00cl0,10000000000,
99e4cd45147f31cd848a6835663813ad4dff91e8edd10ea4c8ab0e550dd74f7a,2024-03-01T03:24:02.078000,received,kaspa:qpzpfwcsqsxhxwup26r55fd0ghqlhyugz8cp6y3wxuddc02vcxtjg75pspnwz,10000000000,MEXC
cc97e6caeaed84e173bf4f9ed532a3bd83ef4061682d257b050a9199a567dbba,2024-03-01T03:06:23.489000,received,kaspa:qrrrts37wzau5n74clpqsfmu2r97x8mvjerdvafm2ezwkrydukp2yx5ju2upu,1000000000,
5b2f7adab0483ad9e14e841e0f712c014c015811cdb7af290567255bd50af203,2024-02-29T21:20:52.305000,received,kaspa:qr0hwz70fmpzh8n0yuagg78nfv6hkwk8axk0m0w7ga6m24z8thz9cmnwsfeqh,6900000000,
9d22a79570221104da05f0e11dbb57e2cb1985c04e03330d9a7ce6a45eb3009d,2024-02-29T20:34:32.295000,received,kaspa:qypcrx5gzjh8j06c82dehkufzpys339knja3z33jzm9en7mmwlfx4ts46umdtm3,3800000000,
9d22a79570221104da05f0e11dbb57e2cb1985c04e03330d9a7ce6a45eb3009d,2024-02-29T20:34:32.295000,received,kaspa:qypcrx5gzjh8j06c82dehkufzpys339knja3z33jzm9en7mmwlfx4ts46umdtm3,3800000000,
9d22a79570221104da05f0e11dbb57e2cb1985c04e03330d9a7ce6a45eb3009d,2024-02-29T20:34:32.295000,received,kaspa:qypcrx5gzjh8j06c82dehkufzpys339knja3z33jzm9en7mmwlfx4ts46umdtm3,3800000000,
9d22a79570221104da05f0e11dbb57e2cb1985c04e03330d9a7ce6a45eb3009d,2024-02-29T20:34:32.295000,received,kaspa:qypcrx5gzjh8j06c82dehkufzpys339knja3z33jzm9en7mmwlfx4ts46umdtm3,3800000000,
9d22a79570221104da05f0e11dbb57e2cb1985c04e03330d9a7ce6a45eb3009d,2024-02-29T20:34:32.295000,received,kaspa:qypcrx5gzjh8j06c82dehkufzpys339knja3z33jzm9en7mmwlfx4ts46umdtm3,3800000000,
4d5bd641d4538998283e707e90ba9c5c7771fc6893e75d500919040145690508,2024-02-29T20:08:22.039000,received,kaspa:qz9vm4jcx2hnngy2u392858fyes8j29gyy06t36ejk39sccnsc36kujvfldeu,4000000000,
e2d7c66c044956de69c6b0e80ca7d718b3b395aa469593f36cdd52ce63a0a575,2024-02-29T19:43:52.183000,received,kaspa:qzm5uuy8pdk0wuuz2wamveen6uk35hvxhaqq80rz24h2yr0q28e6jd224a6a4,60000000000,
075ffb97782b25216cf980e788073e7509d482182b241c0dd847690145a34b22,2024-02-29T19:39:55.081000,received,kaspa:qzsfvdtseyx7w3t9fpp3gn5hvfyv5eh7qvc3vc6g0t3ywrxzzwdnj0f3yjj0h,100000000000,
79226749082ed53dae0fbf94730c48041b8f394103ab8ecb863ba6a368e6af95,2024-02-29T19:28:49.362000,received,kaspa:qypw5ecjvk2tpk7hhe9xh2mth8ngdun9gn0hxwc8tmzpawwkmsk9xcqztg62uzs,100000000000,
79226749082ed53dae0fbf94730c48041b8f394103ab8ecb863ba6a368e6af95,2024-02-29T19:28:49.362000,received,kaspa:qypw5ecjvk2tpk7hhe9xh2mth8ngdun9gn0hxwc8tmzpawwkmsk9xcqztg62uzs,100000000000,
a9fdfd94bcfe6a5a42e3a6bc540179591be26ae1f44ac16bfd88591234b1acab,2024-02-29T19:18:59.344000,received,kaspa:qpky4npauxrqx2zm87hc9v02ta5vdppzvpnl8rkjqnnefdj4xqt3u630q9ae3,7000000000,
818ad400e5de502d5b3acdd05c8df02715be4ae7df9f1a88323f1cfd74860718,2024-02-29T18:48:40.451000,received,kaspa:qqj89k5wvzpz0hu8hy2u5qqw2hd8v6jdf67e57k8yel7365pq92ng7esde0nh,1000000000,
d4b4b31be7427125010be367525e14bb775625146ee61eb5535b416db23e5085,2024-02-29T18:46:54.967000,received,kaspa:qq4kndw9vmplu37p5zfq7fw75jufyf6dmz4xcje35pt0cgt55f4wkuysrzc9e,1000000000,
34ed9e98392db40d7bee616c12a02b66b658fa88f91874db2fb951c42623a7e5,2024-02-29T18:13:43.694000,received,kaspa:qpkasjxqd6wtyy4gvx9ca47hq9vlxzwrtelwqt8e3875yc6gf36v2awkz6958,5000000000,
fb3b7a2c89a732393ab7494d96b2b7227388b976762c518fd93cfd281f236788,2024-02-29T16:50:21.094000,received,kaspa:qq4mhc2cadpeeegg4eds6q0607tyfuk03k3u8rmmlfygs28h5fuj6zduw0rz0,5000000000,
7e32a170cc48fdb25b553b1f28f4fff72d0043c79bca56d1f1151ad702bff89c,2024-02-29T16:47:03.713000,received,kaspa:qqetp7ct8kqss99fxmymyz5t3fezppxp0t58wl6pawp27elqd46uudme00cl0,5000000000,
7e32a170cc48fdb25b553b1f28f4fff72d0043c79bca56d1f1151ad702bff89c,2024-02-29T16:47:03.713000,received,kaspa:qqetp7ct8kqss99fxmymyz5t3fezppxp0t58wl6pawp27elqd46uudme00cl0,5000000000,
6604202d4f9c9a40ce770c30fae595e4315c20184c027fdbc9fe5bd5a0c24f7d,2024-02-29T16:38:21.203000,received,kaspa:qql0vv6hcz5v2w2sv27gwmzylkj5wc806j8tr6r338ws8vtd5a5wxv856uqmv,32481231836,
968257055aba78a44894d9c9c9fdc30d8a8672d5570b0f76a4cf5390d8e60761,2024-02-29T16:36:44.004000,received,kaspa:qrzadn8dg3pe27jsnm23hwnsyawgpskucjfmg5pxmmtk7whmd4nk5n73gn5he,2216669000,
774c978cd1af05ff62086f08d0f702f2545e662f121b649386dc3c5c05419160,2024-02-29T16:34:07.328000,received,kaspa:qzfqj5w2whmy4xhfpssvcxj6gu9ece27ehvjeca6ge6stcd6ghvmzapyqh60k,1000000000,
3eb1b0a61ada91123792645c1fed7fee6a811732e991e38c668f3062f019cd8c,2024-02-29T16:28:16.644000,received,kaspa:qregt33zrjensggcxtdh756745jtwzzd0ys3qffc3t9cp7ynrkj6wg9z8rmwn,1000000000,
e7b7a9378d9a46ca6c6c2ab09d821001b7d6001865853cdffafa14c10ff8c49a,2024-02-29T16:27:52.058000,received,kaspa:qzuyfyg53ud59lxvhesysz5uks4vdl3rasvuajdwd356qc9t2uxz7zyz0ukhy,1000000000,
37aff951217b22755f89d2e58e9c66cd739d505e1de19b3dc41d57c2515ed8f4,2024-02-29T16:11:06.267000,received,kaspa:qrznm428v6mz9j94slhcqqsay02zs7x8cna3h89mlfyfky9sjc562tc47wnkm,1000000000,
e4612fecf7908cebc1c3d870f841dbeac3b7dd5364cbe586bdc200f1bd907ef3,2024-02-29T16:03:24.758000,received,kaspa:qrvum29vk365g0zcd5gx3c7h829etfq2ytdmscjzw4zw04fjfnprcg9c3tges,1000000000,
1370822e085873141f110c3321cd6d5a31fbbf1366fd45e5757caff4c87453a7,2024-02-29T15:58:09.406000,received,kaspa:qyp98v078s8g6jyntuqw2ucr9f7ry82r22hh0550cmy64p9809rfztcya4ys5yt,10000000000,
0e57cce4ecaf5f72ec3f8a6cea3a68e14f4858156a2ba5360b2fa071890c2426,2024-02-29T15:24:02.313000,received,kaspa:qqetp7ct8kqss99fxmymyz5t3fezppxp0t58wl6pawp27elqd46uudme00cl0,5000000000,
0e57cce4ecaf5f72ec3f8a6cea3a68e14f4858156a2ba5360b2fa071890c2426,2024-02-29T15:24:02.313000,received,kaspa:qpzpfwcsqsxhxwup26r55fd0ghqlhyugz8cp6y3wxuddc02vcxtjg75pspnwz,5000000000,MEXC
26d629c799143df42645d4478817fb685c250d4d587ce63d211040a8241a465a,2024-02-29T14:50:14.633000,received,kaspa:qrvum29vk365g0zcd5gx3c7h829etfq2ytdmscjzw4zw04fjfnprcg9c3tges,10000000000,
aa3fb54982a877c308e01842c31f6b99416e09204e6d46350a0e795eab36b4ed,2024-02-29T14:42:33.981000,received,kaspa:qqj2qvnndadgx85y9vsknkcm85peh8ny8ef6y89glv2emsh55kr7vealwqn8y,40000000000,
aa3fb54982a877c308e01842c31f6b99416e09204e6d46350a0e795eab36b4ed,2024-02-29T14:42:33.981000,received,kaspa:qrxkcw9uulsd0aeeumg9agpj84csrt48gtec57h0nly2euelmsf3wkmt3qy54,40000000000,
aa3fb54982a877c308e01842c31f6b99416e09204e6d46350a0e795eab36b4ed,2024-02-29T14:42:33.981000,received,kaspa:qrxkcw9uulsd0aeeumg9agpj84csrt48gtec57h0nly2euelmsf3wkmt3qy54,40000000000,
aa3fb54982a877c308e01842c31f6b99416e09204e6d46350a0e795eab36b4ed,2024-02-29T14:42:33.981000,received,kaspa:qrxkcw9uulsd0aeeumg9agpj84csrt48gtec57h0nly2euelmsf3wkmt3qy54,40000000000,
aa3fb54982a877c308e01842c31f6b99416e09204e6d46350a0e795eab36b4ed,2024-02-29T14:42:33.981000,received,kaspa:qrxkcw9uulsd0aeeumg9agpj84csrt48gtec57h0nly2euelmsf3wkmt3qy54,40000000000,
aa3fb54982a877c308e01842c31f6b99416e09204e6d46350a0e795eab36b4ed,2024-02-29T14:42:33.981000,received,kaspa:qrxkcw9uulsd0aeeumg9agpj84csrt48gtec57h0nly2euelmsf3wkmt3qy54,40000000000,
aa3fb54982a877c308e01842c31f6b99416e09204e6d46350a0e795eab36b4ed,2024-02-29T14:42:33.981000,received,kaspa:qrxkcw9uulsd0aeeumg9agpj84csrt48gtec57h0nly2euelmsf3wkmt3qy54,40000000000,
aa3fb54982a877c308e01842c31f6b99416e09204e6d46350a0e795eab36b4ed,2024-02-29T14:42:33.981000,received,kaspa:qrxkcw9uulsd0aeeumg9agpj84csrt48gtec57h0nly2euelmsf3wkmt3qy54,40000000000,
aa3fb54982a877c308e01842c31f6b99416e09204e6d46350a0e795eab36b4ed,2024-02-29T14:42:33.981000,received,kaspa:qrxkcw9uulsd0aeeumg9agpj84csrt48gtec57h0nly2euelmsf3wkmt3qy54,40000000000,
aa3fb54982a877c308e01842c31f6b99416e09204e6d46350a0e795eab36b4ed,2024-02-29T14:42:33.981000,received,kaspa:qrxkcw9uulsd0aeeumg9agpj84csrt48gtec57h0nly2euelmsf3wkmt3qy54,40000000000,
67ab470e459ceaf83ce9069ae264063bf8e1cd625d7cde5c5051eaf4228c2bd7,2024-02-29T14:01:51.317000,received,kaspa:qypflh88xkmmynwat02x37dqpyx5cvgxdn7dw32dpfkgqlqyy3dlc2szxkvrvf0,500000000,
67ab470e459ceaf83ce9069ae264063bf8e1cd625d7cde5c5051eaf4228c2bd7,2024-02-29T14:01:51.317000,received,kaspa:qypflh88xkmmynwat02x37dqpyx5cvgxdn7dw32dpfkgqlqyy3dlc2szxkvrvf0,500000000,
67ab470e459ceaf83ce9069ae264063bf8e1cd625d7cde5c5051eaf4228c2bd7,2024-02-29T14:01:51.317000,received,kaspa:qypflh88xkmmynwat02x37dqpyx5cvgxdn7dw32dpfkgqlqyy3dlc2szxkvrvf0,500000000,
67ab470e459ceaf83ce9069ae264063bf8e1cd625d7cde5c5051eaf4228c2bd7,2024-02-29T14:01:51.317000,received,kaspa:qypflh88xkmmynwat02x37dqpyx5cvgxdn7dw32dpfkgqlqyy3dlc2szxkvrvf0,500000000,
67ab470e459ceaf83ce9069ae264063bf8e1cd625d7cde5c5051eaf4228c2bd7,2024-02-29T14:01:51.317000,received,kaspa:qypflh88xkmmynwat02x37dqpyx5cvgxdn7dw32dpfkgqlqyy3dlc2szxkvrvf0,500000000,
67ab470e459ceaf83ce9069ae264063bf8e1cd625d7cde5c5051eaf4228c2bd7,2024-02-29T14:01:51.317000,received,kaspa:qypflh88xkmmynwat02x37dqpyx5cvgxdn7dw32dpfkgqlqyy3dlc2szxkvrvf0,500000000,
67ab470e459ceaf83ce9069ae264063bf8e1cd625d7cde5c5051eaf4228c2bd7,2024-02-29T14:01:51.317000,received,kaspa:qypflh88xkmmynwat02x37dqpyx5cvgxdn7dw32dpfkgqlqyy3dlc2szxkvrvf0,500000000,
cab2b4d0db091aa335bb928cc984aebb938f477ee5f372e76f139d8bbc124048,2024-02-29T13:49:06.855000,received,kaspa:qz0hzc630j5pmnw0tf9dvpu8g6ltvzwdkrvd6cffntzu33z42e99saplw9zu5,4900000000,
53484377752f1d1c1bb1feaaa2fc7265931f1fd023cf849d388fcd441e22a2c9,2024-02-29T13:44:55.715000,received,kaspa:qrzptn05dakqe8xcfv06m79rjdy7djht2eht8gzweplsk0evtcluwq76v34rj,1000000000,
7101da9c11fdc0074fd106477e9372c7b6d29275bf484ef8e342a1a171816551,2024-02-29T13:39:44.952000,received,kaspa:qrvum29vk365g0zcd5gx3c7h829etfq2ytdmscjzw4zw04fjfnprcg9c3tges,3000000000,
83a9a228bfd1113f103d068a5a9dc659e5ac725d6d0ec3d8e8672b41d15ae16c,2024-02-29T13:38:32.924000,received,kaspa:qzq8rlsde4h9ldp5fd2z7yr8svyvym4ukh3uzjr25wkukz2e6y2ys5kc08zw3,1000000000,
c33b81259dd98bf9ad73dfc694fd7aab46952de19a3f3407b8a88de4d0c1e7b1,2024-02-29T13:16:16.250000,received,kaspa:qyp283nyvdpw50rt7xfjvxpxp3u0y48q7klxyqytjxz4ujv77cm3zvglyg2l5t3,1000000000,
c33b81259dd98bf9ad73dfc694fd7aab46952de19a3f3407b8a88de4d0c1e7b1,2024-02-29T13:16:16.250000,received,kaspa:qyp283nyvdpw50rt7xfjvxpxp3u0y48q7klxyqytjxz4ujv77cm3zvglyg2l5t3,1000000000,
c33b81259dd98bf9ad73dfc694fd7aab46952de19a3f3407b8a88de4d0c1e7b1,2024-02-29T13:16:16.250000,received,kaspa:qyp283nyvdpw50rt7xfjvxpxp3u0y48q7klxyqytjxz4ujv77cm3zvglyg2l5t3,1000000000,
c33b81259dd98bf9ad73dfc694fd7aab46952de19a3f3407b8a88de4d0c1e7b1,2024-02-29T13:16:16.250000,received,kaspa:qyp283nyvdpw50rt7xfjvxpxp3u0y48q7klxyqytjxz4ujv77cm3zvglyg2l5t3,1000000000,
c33b81259dd98bf9ad73dfc694fd7aab46952de19a3f3407b8a88de4d0c1e7b1,2024-02-29T13:16:16.250000,received,kaspa:qyp283nyvdpw50rt7xfjvxpxp3u0y48q7klxyqytjxz4ujv77cm3zvglyg2l5t3,1000000000,
c33b81259dd98bf9ad73dfc694fd7aab46952de19a3f3407b8a88de4d0c1e7b1,2024-02-29T13:16:16.250000,received,kaspa:qyp283nyvdpw50rt7xfjvxpxp3u0y48q7klxyqytjxz4ujv77cm3zvglyg2l5t3,1000000000,
c33b81259dd98bf9ad73dfc694fd7aab46952de19a3f3407b8a88de4d0c1e7b1,2024-02-29T13:16:16.250000,received,kaspa:qyp283nyvdpw50rt7xfjvxpxp3u0y48q7klxyqytjxz4ujv77cm3zvglyg2l5t3,1000000000,
4c9af5b7fb860aba6e1e77adf6eddd89d66caca19ab57f5c75d97bca6adf5334,2024-02-29T13:03:08.697000,received,kaspa:qrvum29vk365g0zcd5gx3c7h829etfq2ytdmscjzw4zw04fjfnprcg9c3tges,1300000000,
402b18e82f1406179fd8d587dd9c15234190f0d3e2a0642e91ecf64cd61ad7cd,2024-02-29T13:02:45.214000,received,kaspa:qpjmwtvwyhs4ay2qh7egl4v6exlw6c95h4rhmwv3wa36qgqvax8pwym837e47,1000000000,
402b18e82f1406179fd8d587dd9c15234190f0d3e2a0642e91ecf64cd61ad7cd,2024-02-29T13:02:45.214000,received,kaspa:qq7s9ns89aup2x7clrdwpqvv5357kuj0kgrx38n0hng2fa2v3wtew7u68pgxv,1000000000,
4b68d6d3720ee67e916cf22d6efb146d303c5f0633b736631965b38805f6fa5b,2024-02-29T12:52:09.619000,received,kaspa:qypyuaxed3nqh9fw89qpxyw2wd8p72ucljanjm92gxtw690qs9za09q3s06zur4,1000000000,
4b68d6d3720ee67e916cf22d6efb146d303c5f0633b736631965b38805f6fa5b,2024-02-29T12:52:09.619000,received,kaspa:qypyuaxed3nqh9fw89qpxyw2wd8p72ucljanjm92gxtw690qs9za09q3s06zur4,1000000000,
4b68d6d3720ee67e916cf22d6efb146d303c5f0633b736631965b38805f6fa5b,2024-02-29T12:52:09.619000,received,kaspa:qypyuaxed3nqh9fw89qpxyw2wd8p72ucljanjm92gxtw690qs9za09q3s06zur4,1000000000,
4b68d6d3720ee67e916cf22d6efb146d303c5f0633b736631965b38805f6fa5b,2024-02-29T12:52:09.619000,received,kaspa:qypyuaxed3nqh9fw89qpxyw2wd8p72ucljanjm92gxtw690qs9za09q3s06zur4,1000000000,
4b68d6d3720ee67e916cf22d6efb146d303c5f0633b736631965b38805f6fa5b,2024-02-29T12:52:09.619000,received,kaspa:qypyuaxed3nqh9fw89qpxyw2wd8p72ucljanjm92gxtw690qs9za09q3s06zur4,1000000000,
4b68d6d3720ee67e916cf22d6efb146d303c5f0633b736631965b38805f6fa5b,2024-02-29T12:52:09.619000,received,kaspa:qypyuaxed3nqh9fw89qpxyw2wd8p72ucljanjm92gxtw690qs9za09q3s06zur4,1000000000,
4b68d6d3720ee67e916cf22d6efb146d303c5f0633b736631965b38805f6fa5b,2024-02-29T12:52:09.619000,received,kaspa:qypyuaxed3nqh9fw89qpxyw2wd8p72ucljanjm92gxtw690qs9za09q3s06zur4,1000000000,
4b68d6d3720ee67e916cf22d6efb146d303c5f0633b736631965b38805f6fa5b,2024-02-29T12:52:09.619000,received,kaspa:qypyuaxed3nqh9fw89qpxyw2wd8p72ucljanjm92gxtw690qs9za09q3s06zur4,1000000000,
4b68d6d3720ee67e916cf22d6efb146d303c5f0633b736631965b38805f6fa5b,2024-02-29T12:52:09.619000,received,kaspa:qypyuaxed3nqh9fw89qpxyw2wd8p72ucljanjm92gxtw690qs9za09q3s06zur4,1000000000,
4b68d6d3720ee67e916cf22d6efb146d303c5f0633b736631965b38805f6fa5b,2024-02-29T12:52:09.619000,received,kaspa:qypyuaxed3nqh9fw89qpxyw2wd8p72ucljanjm92gxtw690qs9za09q3s06zur4,1000000000,
74f20fdfde053c436dfd04246fc82edc8bcdbbfa98fda78b662f8d476d260453,2024-02-29T12:50:52.059000,received,kaspa:qqevjyzc36ldxmeqztcvcuecgll8cfzy00qmhvjfe7k9unn3svgl7wdvvzezl,1000000000,
f86692aaf58f877a48a8fba8349ad06d35f9510b354e97d617a313eac6102176,2024-02-29T12:45:54.253000,received,kaspa:qp3kehm4c0hmpy02cxzhu6et2nlzattd428qvzl3cjpt7wqu77wz6mu37qc0v,15000000000,
064e6c7804a0c1f37413788d24c39693b3376b39904ed0be5eedf4d3f12320ea,2024-02-29T12:40:47.953000,received,kaspa:qphf3v0j0pl68z7pzhr9cl4lwlz8qe474z056dxld0lzctq74wfzz3e79kuqu,1600000000,
8d76cac9d8389f1889b23dae0fae8b85c5e97c677d8b0585a17b13112e82ea56,2024-02-29T12:36:26.113000,received,kaspa:qzmq6af06f34cdk2z8fft3y7g0yr79dmgps0c9278zz6cp75rsdayx59clk3k,1000000000,
434dde1e6750baca30361a9f446fedc27fa11765e447dcadef8a41bd42a9f4a3,2024-02-29T12:28:06.964000,received,kaspa:qqhrcsmj35fth25szj4fg9pdlxs330kmd3kc4ntwp6p7c74cylzh6uxfq6wcw,1000000000,
fd7ab5eef142dcf75eedbad8d5b600283a3d879e219d16ca099a031a052dac28,2024-02-29T12:09:40.561000,received,kaspa:qrpz89e7zdkrp0j9qhr8rf9e0gacqsyemnndm863pn7ug33qd5v32tn5exfan,2500000000,
3b047554568b5714a8f089787613779b1cb5d262050a2b613e4518437ad5ac73,2024-02-29T12:06:20.225000,received,kaspa:qpqfaa3qmhjtqwerhwpv33erygtcy8g8reuy9fu9plkezk86ujlcyzwm7yuae,10001713356,
663c79931313e43713d9fd22a737901efcead86ea871111c05b532553e946795,2024-02-29T12:03:59.194000,received,kaspa:qpkhp049hawh083073cfg3ld507d7yrksk8f8e9qr903qvfpjgexkt7ewayf6,1000000000,
21fb390891b7941dc690e57f6121cda0657149a1e1e3dc2cc1aabf80dde0737e,2024-02-29T11:52:47.763000,received,kaspa:qq4z2vcp8wtnq4j0ma8kx6tfyk5zxjhejfrz66us3ghj0ywrlx7sqncjr0vst,10000000000,
9de0ffff46ab98f8d200e5b17551171edfd36340a6eb0ec06f1c10e55e086de5,2024-02-29T11:37:23.269000,received,kaspa:qqgvxuk07xash3y3fp9y4lpr5d7fm64drlns3t0kev8z7q9sm2j0gvd8zm2qz,1000000000,
c33b4f646ccae96adb5ed495d6cb1d92800d41675c096d208c8a1c9432a6f311,2024-02-29T11:24:29.828000,received,kaspa:qypaldgxwzyq5gv90va36mr6guymu7pxs7fjx6ayq7n7u6mean7eurcgkzw2dul,1000000000,
c33b4f646ccae96adb5ed495d6cb1d92800d41675c096d208c8a1c9432a6f311,2024-02-29T11:24:29.828000,received,kaspa:qypaldgxwzyq5gv90va36mr6guymu7pxs7fjx6ayq7n7u6mean7eurcgkzw2dul,1000000000,
c33b4f646ccae96adb5ed495d6cb1d92800d41675c096d208c8a1c9432a6f311,2024-02-29T11:24:29.828000,received,kaspa:qypaldgxwzyq5gv90va36mr6guymu7pxs7fjx6ayq7n7u6mean7eurcgkzw2dul,1000000000,
c33b4f646ccae96adb5ed495d6cb1d92800d41675c096d208c8a1c9432a6f311,2024-02-29T11:24:29.828000,received,kaspa:qypaldgxwzyq5gv90va36mr6guymu7pxs7fjx6ayq7n7u6mean7eurcgkzw2dul,1000000000,
c33b4f646ccae96adb5ed495d6cb1d92800d41675c096d208c8a1c9432a6f311,2024-02-29T11:24:29.828000,received,kaspa:qypaldgxwzyq5gv90va36mr6guymu7pxs7fjx6ayq7n7u6mean7eurcgkzw2dul,1000000000,
c33b4f646ccae96adb5ed495d6cb1d92800d41675c096d208c8a1c9432a6f311,2024-02-29T11:24:29.828000,received,kaspa:qypaldgxwzyq5gv90va36mr6guymu7pxs7fjx6ayq7n7u6mean7eurcgkzw2dul,1000000000,
c33b4f646ccae96adb5ed495d6cb1d92800d41675c096d208c8a1c9432a6f311,2024-02-29T11:24:29.828000,received,kaspa:qypaldgxwzyq5gv90va36mr6guymu7pxs7fjx6ayq7n7u6mean7eurcgkzw2dul,1000000000,
c33b4f646ccae96adb5ed495d6cb1d92800d41675c096d208c8a1c9432a6f311,2024-02-29T11:24:29.828000,received,kaspa:qypaldgxwzyq5gv90va36mr6guymu7pxs7fjx6ayq7n7u6mean7eurcgkzw2dul,1000000000,
c33b4f646ccae96adb5ed495d6cb1d92800d41675c096d208c8a1c9432a6f311,2024-02-29T11:24:29.828000,received,kaspa:qypaldgxwzyq5gv90va36mr6guymu7pxs7fjx6ayq7n7u6mean7eurcgkzw2dul,1000000000,
c33b4f646ccae96adb5ed495d6cb1d92800d41675c096d208c8a1c9432a6f311,2024-02-29T11:24:29.828000,received,kaspa:qypaldgxwzyq5gv90va36mr6guymu7pxs7fjx6ayq7n7u6mean7eurcgkzw2dul,1000000000,
38e576a30a38230dd680daaf94bfe3985123f8da97d98c6da9623c4835e128b9,2024-02-29T11:24:13.934000,received,kaspa:qypnx98rx59287c6wd5fcrg4l92rggc6cgxrewndygs9z6ruyf6q75c40a0uu45,10000000000,
fe3a5824e572632eaf30cd6f3f4919fd74434ec31e2f5789509e7e573cde0c2f,2024-02-29T11:23:44.317000,received,kaspa:qz20j2zf4qxx9m8xs6kf4pn8h7tn827hmxtqgrashfcjcuyt4el0yeh89f060,900000000,
17eb8aee4f55f3e0d860046afc254ac29e4ab42a19def17ed18875a92b4881e9,2024-02-29T11:23:21.040000,received,kaspa:qrvum29vk365g0zcd5gx3c7h829etfq2ytdmscjzw4zw04fjfnprcg9c3tges,1710775931,
a656984d410e06a59c46c5c9af71070a1aa92ebe7a8a7efe420392f62c9f32e7,2024-02-29T11:22:05.090000,received,kaspa:qqetp7ct8kqss99fxmymyz5t3fezppxp0t58wl6pawp27elqd46uudme00cl0,10000000000,
a656984d410e06a59c46c5c9af71070a1aa92ebe7a8a7efe420392f62c9f32e7,2024-02-29T11:22:05.090000,received,kaspa:qpzpfwcsqsxhxwup26r55fd0ghqlhyugz8cp6y3wxuddc02vcxtjg75pspnwz,10000000000,MEXC
3a3948971f92e9cc4a6e2ec11e97081ff93648aee75bc80e57face51c3c49543,2024-02-29T11:21:02.175000,received,kaspa:qqetp7ct8kqss99fxmymyz5t3fezppxp0t58wl6pawp27elqd46uudme00cl0,20500000000,
3a3948971f92e9cc4a6e2ec11e97081ff93648aee75bc80e57face51c3c49543,2024-02-29T11:21:02.175000,received,kaspa:qpzpfwcsqsxhxwup26r55fd0ghqlhyugz8cp6y3wxuddc02vcxtjg75pspnwz,20500000000,MEXC
17beee5b75f68cf9e8dbab65d11708731426a2c705e72a7580686016e2d12269,2024-02-29T11:20:00.748000,received,kaspa:qypzwcpmfe4kn9cwspsuastwcln965vjmqfx3c4vfr590708sg0x42s4xxtpp50,1059510000,
17beee5b75f68cf9e8dbab65d11708731426a2c705e72a7580686016e2d12269,2024-02-29T11:20:00.748000,received,kaspa:qypzwcpmfe4kn9cwspsuastwcln965vjmqfx3c4vfr590708sg0x42s4xxtpp50,1059510000,
17beee5b75f68cf9e8dbab65d11708731426a2c705e72a7580686016e2d12269,2024-02-29T11:20:00.748000,received,kaspa:qypzwcpmfe4kn9cwspsuastwcln965vjmqfx3c4vfr590708sg0x42s4xxtpp50,1059510000,
17beee5b75f68cf9e8dbab65d11708731426a2c705e72a7580686016e2d12269,2024-02-29T11:20:00.748000,received,kaspa:qypzwcpmfe4kn9cwspsuastwcln965vjmqfx3c4vfr590708sg0x42s4xxtpp50,1059510000,
17beee5b75f68cf9e8dbab65d11708731426a2c705e72a7580686016e2d12269,2024-02-29T11:20:00.748000,received,kaspa:qypzwcpmfe4kn9cwspsuastwcln965vjmqfx3c4vfr590708sg0x42s4xxtpp50,1059510000,
17beee5b75f68cf9e8dbab65d11708731426a2c705e72a7580686016e2d12269,2024-02-29T11:20:00.748000,received,kaspa:qypzwcpmfe4kn9cwspsuastwcln965vjmqfx3c4vfr590708sg0x42s4xxtpp50,1059510000,
17beee5b75f68cf9e8dbab65d11708731426a2c705e72a7580686016e2d12269,2024-02-29T11:20:00.748000,received,kaspa:qypzwcpmfe4kn9cwspsuastwcln965vjmqfx3c4vfr590708sg0x42s4xxtpp50,1059510000,
17beee5b75f68cf9e8dbab65d11708731426a2c705e72a7580686016e2d12269,2024-02-29T11:20:00.748000,received,kaspa:qypzwcpmfe4kn9cwspsuastwcln965vjmqfx3c4vfr590708sg0x42s4xxtpp50,1059510000,
17beee5b75f68cf9e8dbab65d11708731426a2c705e72a7580686016e2d12269,2024-02-29T11:20:00.748000,received,kaspa:qypzwcpmfe4kn9cwspsuastwcln965vjmqfx3c4vfr590708sg0x42s4xxtpp50,1059510000,
17beee5b75f68cf9e8dbab65d11708731426a2c705e72a7580686016e2d12269,2024-02-29T11:20:00.748000,received,kaspa:qypzwcpmfe4kn9cwspsuastwcln965vjmqfx3c4vfr590708sg0x42s4xxtpp50,1059510000,
17beee5b75f68cf9e8dbab65d11708731426a2c705e72a7580686016e2d12269,2024-02-29T11:20:00.748000,received,kaspa:qypzwcpmfe4kn9cwspsuastwcln965vjmqfx3c4vfr590708sg0x42s4xxtpp50,1059510000,
17beee5b75f68cf9e8dbab65d11708731426a2c705e72a7580686016e2d12269,2024-02-29T11:20:00.748000,received,kaspa:qypzwcpmfe4kn9cwspsuastwcln965vjmqfx3c4vfr590708sg0x42s4xxtpp50,1059510000,
17beee5b75f68cf9e8dbab65d11708731426a2c705e72a7580686016e2d12269,2024-02-29T11:20:00.748000,received,kaspa:qypzwcpmfe4kn9cwspsuastwcln965vjmqfx3c4vfr590708sg0x42s4xxtpp50,1059510000,
17beee5b75f68cf9e8dbab65d11708731426a2c705e72a7580686016e2d12269,2024-02-29T11:20:00.748000,received,kaspa:qypzwcpmfe4kn9cwspsuastwcln965vjmqfx3c4vfr590708sg0x42s4xxtpp50,1059510000,
17beee5b75f68cf9e8dbab65d11708731426a2c705e72a7580686016e2d12269,2024-02-29T11:20:00.748000,received,kaspa:qypzwcpmfe4kn9cwspsuastwcln965vjmqfx3c4vfr590708sg0x42s4xxtpp50,1059510000,
17beee5b75f68cf9e8dbab65d11708731426a2c705e72a7580686016e2d12269,2024-02-29T11:20:00.748000,received,kaspa:qypzwcpmfe4kn9cwspsuastwcln965vjmqfx3c4vfr590708sg0x42s4xxtpp50,1059510000,
17beee5b75f68cf9e8dbab65d11708731426a2c705e72a7580686016e2d12269,2024-02-29T11:20:00.748000,received,kaspa:qypzwcpmfe4kn9cwspsuastwcln965vjmqfx3c4vfr590708sg0x42s4xxtpp50,1059510000,
17beee5b75f68cf9e8dbab65d11708731426a2c705e72a7580686016e2d12269,2024-02-29T11:20:00.748000,received,kaspa:qypzwcpmfe4kn9cwspsuastwcln965vjmqfx3c4vfr590708sg0x42s4xxtpp50,1059510000,
17beee5b75f68cf9e8dbab65d11708731426a2c705e72a7580686016e2d12269,2024-02-29T11:20:00.748000,received,kaspa:qypzwcpmfe4kn9cwspsuastwcln965vjmqfx3c4vfr590708sg0x42s4xxtpp50,1059510000,
17beee5b75f68cf9e8dbab65d11708731426a2c705e72a7580686016e2d12269,2024-02-29T11:20:00.748000,received,kaspa:qypzwcpmfe4kn9cwspsuastwcln965vjmqfx3c4vfr590708sg0x42s4xxtpp50,1059510000,
17beee5b75f68cf9e8dbab65d11708731426a2c705e72a7580686016e2d12269,2024-02-29T11:20:00.748000,received,kaspa:qypzwcpmfe4kn9cwspsuastwcln965vjmqfx3c4vfr590708sg0x42s4xxtpp50,1059510000,
17beee5b75f68cf9e8dbab65d11708731426a2c705e72a7580686016e2d12269,2024-02-29T11:20:00.748000,received,kaspa:qypzwcpmfe4kn9cwspsuastwcln965vjmqfx3c4vfr590708sg0x42s4xxtpp50,1059510000,
17beee5b75f68cf9e8dbab65d11708731426a2c705e72a7580686016e2d12269,2024-02-29T11:20:00.748000,received,kaspa:qypzwcpmfe4kn9cwspsuastwcln965vjmqfx3c4vfr590708sg0x42s4xxtpp50,1059510000,
17beee5b75f68cf9e8dbab65d11708731426a2c705e72a7580686016e2d12269,2024-02-29T11:20:00.748000,received,kaspa:qypzwcpmfe4kn9cwspsuastwcln965vjmqfx3c4vfr590708sg0x42s4xxtpp50,1059510000,
17beee5b75f68cf9e8dbab65d11708731426a2c705e72a7580686016e2d12269,2024-02-29T11:20:00.748000,received,kaspa:qypzwcpmfe4kn9cwspsuastwcln965vjmqfx3c4vfr590708sg0x42s4xxtpp50,1059510000,
17beee5b75f68cf9e8dbab65d11708731426a2c705e72a7580686016e2d12269,2024-02-29T11:20:00.748000,received,kaspa:qypzwcpmfe4kn9cwspsuastwcln965vjmqfx3c4vfr590708sg0x42s4xxtpp50,1059510000,
17beee5b75f68cf9e8dbab65d11708731426a2c705e72a7580686016e2d12269,2024-02-29T11:20:00.748000,received,kaspa:qypzwcpmfe4kn9cwspsuastwcln965vjmqfx3c4vfr590708sg0x42s4xxtpp50,1059510000,
17beee5b75f68cf9e8dbab65d11708731426a2c705e72a7580686016e2d12269,2024-02-29T11:20:00.748000,received,kaspa:qypzwcpmfe4kn9cwspsuastwcln965vjmqfx3c4vfr590708sg0x42s4xxtpp50,1059510000,
17beee5b75f68cf9e8dbab65d11708731426a2c705e72a7580686016e2d12269,2024-02-29T11:20:00.748000,received,kaspa:qypzwcpmfe4kn9cwspsuastwcln965vjmqfx3c4vfr590708sg0x42s4xxtpp50,1059510000,
17beee5b75f68cf9e8dbab65d11708731426a2c705e72a7580686016e2d12269,2024-02-29T11:20:00.748000,received,kaspa:qypzwcpmfe4kn9cwspsuastwcln965vjmqfx3c4vfr590708sg0x42s4xxtpp50,1059510000,
17beee5b75f68cf9e8dbab65d11708731426a2c705e72a7580686016e2d12269,2024-02-29T11:20:00.748000,received,kaspa:qypzwcpmfe4kn9cwspsuastwcln965vjmqfx3c4vfr590708sg0x42s4xxtpp50,1059510000,
17beee5b75f68cf9e8dbab65d11708731426a2c705e72a7580686016e2d12269,2024-02-29T11:20:00.748000,received,kaspa:qypzwcpmfe4kn9cwspsuastwcln965vjmqfx3c4vfr590708sg0x42s4xxtpp50,1059510000,
17beee5b75f68cf9e8dbab65d11708731426a2c705e72a7580686016e2d12269,2024-02-29T11:20:00.748000,received,kaspa:qypzwcpmfe4kn9cwspsuastwcln965vjmqfx3c4vfr590708sg0x42s4xxtpp50,1059510000,
17beee5b75f68cf9e8dbab65d11708731426a2c705e72a7580686016e2d12269,2024-02-29T11:20:00.748000,received,kaspa:qypzwcpmfe4kn9cwspsuastwcln965vjmqfx3c4vfr590708sg0x42s4xxtpp50,1059510000,
17beee5b75f68cf9e8dbab65d11708731426a2c705e72a7580686016e2d12269,2024-02-29T11:20:00.748000,received,kaspa:qypzwcpmfe4kn9cwspsuastwcln965vjmqfx3c4vfr590708sg0x42s4xxtpp50,1059510000,
17beee5b75f68cf9e8dbab65d11708731426a2c705e72a7580686016e2d12269,2024-02-29T11:20:00.748000,received,kaspa:qypzwcpmfe4kn9cwspsuastwcln965vjmqfx3c4vfr590708sg0x42s4xxtpp50,1059510000,
17beee5b75f68cf9e8dbab65d11708731426a2c705e72a7580686016e2d12269,2024-02-29T11:20:00.748000,received,kaspa:qypzwcpmfe4kn9cwspsuastwcln965vjmqfx3c4vfr590708sg0x42s4xxtpp50,1059510000,
17beee5b75f68cf9e8dbab65d11708731426a2c705e72a7580686016e2d12269,2024-02-29T11:20:00.748000,received,kaspa:qypzwcpmfe4kn9cwspsuastwcln965vjmqfx3c4vfr590708sg0x42s4xxtpp50,1059510000,
17beee5b75f68cf9e8dbab65d11708731426a2c705e72a7580686016e2d12269,2024-02-29T11:20:00.748000,received,kaspa:qypzwcpmfe4kn9cwspsuastwcln965vjmqfx3c4vfr590708sg0x42s4xxtpp50,1059510000,
17beee5b75f68cf9e8dbab65d11708731426a2c705e72a7580686016e2d12269,2024-02-29T11:20:00.748000,received,kaspa:qypzwcpmfe4kn9cwspsuastwcln965vjmqfx3c4vfr590708sg0x42s4xxtpp50,1059510000,
17beee5b75f68cf9e8dbab65d11708731426a2c705e72a7580686016e2d12269,2024-02-29T11:20:00.748000,received,kaspa:qypzwcpmfe4kn9cwspsuastwcln965vjmqfx3c4vfr590708sg0x42s4xxtpp50,1059510000,
17beee5b75f68cf9e8dbab65d11708731426a2c705e72a7580686016e2d12269,2024-02-29T11:20:00.748000,received,kaspa:qypzwcpmfe4kn9cwspsuastwcln965vjmqfx3c4vfr590708sg0x42s4xxtpp50,1059510000,
17beee5b75f68cf9e8dbab65d11708731426a2c705e72a7580686016e2d12269,2024-02-29T11:20:00.748000,received,kaspa:qypzwcpmfe4kn9cwspsuastwcln965vjmqfx3c4vfr590708sg0x42s4xxtpp50,1059510000,
17beee5b75f68cf9e8dbab65d11708731426a2c705e72a7580686016e2d12269,2024-02-29T11:20:00.748000,received,kaspa:qypzwcpmfe4kn9cwspsuastwcln965vjmqfx3c4vfr590708sg0x42s4xxtpp50,1059510000,
17beee5b75f68cf9e8dbab65d11708731426a2c705e72a7580686016e2d12269,2024-02-29T11:20:00.748000,received,kaspa:qypzwcpmfe4kn9cwspsuastwcln965vjmqfx3c4vfr590708sg0x42s4xxtpp50,1059510000,
17beee5b75f68cf9e8dbab65d11708731426a2c705e72a7580686016e2d12269,2024-02-29T11:20:00.748000,received,kaspa:qypzwcpmfe4kn9cwspsuastwcln965vjmqfx3c4vfr590708sg0x42s4xxtpp50,1059510000,
17beee5b75f68cf9e8dbab65d11708731426a2c705e72a7580686016e2d12269,2024-02-29T11:20:00.748000,received,kaspa:qypzwcpmfe4kn9cwspsuastwcln965vjmqfx3c4vfr590708sg0x42s4xxtpp50,1059510000,
17beee5b75f68cf9e8dbab65d11708731426a2c705e72a7580686016e2d12269,2024-02-29T11:20:00.748000,received,kaspa:qypzwcpmfe4kn9cwspsuastwcln965vjmqfx3c4vfr590708sg0x42s4xxtpp50,1059510000,
17beee5b75f68cf9e8dbab65d11708731426a2c705e72a7580686016e2d12269,2024-02-29T11:20:00.748000,received,kaspa:qypzwcpmfe4kn9cwspsuastwcln965vjmqfx3c4vfr590708sg0x42s4xxtpp50,1059510000,
a42a61d3c0b7a33e55fce4228c0ddb555959c632f190d543b990de49fbb04194,2024-02-29T11:17:49.878000,received,kaspa:qqte4mgcdat7rjs64gzqn5c2smlnvnq6h2r96d3qp9gfzesnaf92jw05hadfm,3619640000,
c80dc1999c179d70b6f1a5a3c0d777c23549e37a88b7c13307f97b8b32a37a40,2024-02-29T11:16:00.761000,received,kaspa:qp4dvg86qayywnvsuznz39ws2knym2hhtg02pdc8dsj24evgpgdwj3m3tmm7k,2299000000,
62e0f91aa579417473dc317f8253e12e2173ccce61f8d01560c41aa2433a705a,2024-02-29T11:10:02.954000,received,kaspa:qqetp7ct8kqss99fxmymyz5t3fezppxp0t58wl6pawp27elqd46uudme00cl0,7100000000,
62e0f91aa579417473dc317f8253e12e2173ccce61f8d01560c41aa2433a705a,2024-02-29T11:10:02.954000,received,kaspa:qpzpfwcsqsxhxwup26r55fd0ghqlhyugz8cp6y3wxuddc02vcxtjg75pspnwz,7100000000,MEXC
7d56451be27e6d318d35788ceefd6917cf81864f66858f49367009a71ca26d7d,2024-02-29T11:06:40.386000,received,kaspa:qqywx2wszmnrsu0mzgav85rdwvzangfpdj9j3ady9jpr7hu4u8c2wl9wqgd6j,1300000000,
e55a77c5cac32aec233ca913e9f6315e1915d314075ab61634b0859eff132398,2024-02-29T11:06:20.447000,received,kaspa:qrffe2p00d9z4wsa0wmssxu57px9h0hzps95drzxpmpjzvsm4zdhk8vhv89el,1000000000,
013cc6b7a1b6c5162bb9361149eb497024ba7877ffbc6b295fd3b18ce49aed37,2024-02-29T11:03:07.942000,received,kaspa:qpjtrfwh8feeq0et5e45ar33d6x6q4gz3a72mupqdus629v3wnzrwug82f7tr,1000000000,
12d9ff77ef7d70dc7b7ba5f26a4e38474983bd45590e1fa44dc8e375e7775f66,2024-02-29T11:02:22.876000,received,kaspa:qyp9at8x7w73vgy022e3yjzp0pwke2lvrvwjd0ugsrgqw2zj5aevf2q4srj9j6v,3800000000,
12d9ff77ef7d70dc7b7ba5f26a4e38474983bd45590e1fa44dc8e375e7775f66,2024-02-29T11:02:22.876000,received,kaspa:qyp9at8x7w73vgy022e3yjzp0pwke2lvrvwjd0ugsrgqw2zj5aevf2q4srj9j6v,3800000000,
12d9ff77ef7d70dc7b7ba5f26a4e38474983bd45590e1fa44dc8e375e7775f66,2024-02-29T11:02:22.876000,received,kaspa:qyp9at8x7w73vgy022e3yjzp0pwke2lvrvwjd0ugsrgqw2zj5aevf2q4srj9j6v,3800000000,
12d9ff77ef7d70dc7b7ba5f26a4e38474983bd45590e1fa44dc8e375e7775f66,2024-02-29T11:02:22.876000,received,kaspa:qyp9at8x7w73vgy022e3yjzp0pwke2lvrvwjd0ugsrgqw2zj5aevf2q4srj9j6v,3800000000,
12d9ff77ef7d70dc7b7ba5f26a4e38474983bd45590e1fa44dc8e375e7775f66,2024-02-29T11:02:22.876000,received,kaspa:qyp9at8x7w73vgy022e3yjzp0pwke2lvrvwjd0ugsrgqw2zj5aevf2q4srj9j6v,3800000000,
12d9ff77ef7d70dc7b7ba5f26a4e38474983bd45590e1fa44dc8e375e7775f66,2024-02-29T11:02:22.876000,received,kaspa:qyp9at8x7w73vgy022e3yjzp0pwke2lvrvwjd0ugsrgqw2zj5aevf2q4srj9j6v,3800000000,
12d9ff77ef7d70dc7b7ba5f26a4e38474983bd45590e1fa44dc8e375e7775f66,2024-02-29T11:02:22.876000,received,kaspa:qyp9at8x7w73vgy022e3yjzp0pwke2lvrvwjd0ugsrgqw2zj5aevf2q4srj9j6v,3800000000,
12d9ff77ef7d70dc7b7ba5f26a4e38474983bd45590e1fa44dc8e375e7775f66,2024-02-29T11:02:22.876000,received,kaspa:qyp9at8x7w73vgy022e3yjzp0pwke2lvrvwjd0ugsrgqw2zj5aevf2q4srj9j6v,3800000000,
869a037f3c5a191602dbb0a72372b5486bc785c9a7b55b1c78c1d2d7047116c1,2024-02-29T10:59:53.300000,received,kaspa:qq5zsdwqwvc9jc4eeatphpfh5kc90kmt085wtvpfd7jzwv74p0pmuznsswdfh,1000000000,
6c669edb36c806589b2324f380ed0e899e5675fb547a274a62c4d6bb4577d18d,2024-02-29T10:00:01.477000,received,kaspa:qypztc3ahyxjsxas4xmrnqecjk3uwf0jtph97g9sp5jactzhedkevucv4sghs5e,30000000000,
6c669edb36c806589b2324f380ed0e899e5675fb547a274a62c4d6bb4577d18d,2024-02-29T10:00:01.477000,received,kaspa:qypztc3ahyxjsxas4xmrnqecjk3uwf0jtph97g9sp5jactzhedkevucv4sghs5e,30000000000,
66856b08792af828b6ff51f09d7188b551ef1f4cb74c3141a3172710da1fa77d,2024-02-29T09:31:52.060000,received,kaspa:qzmxck95lhlqkhn7d9j43umv7ydt9wnd9cmg4lk803nfhurs9ee9klj5yhjuj,1000000000,
e5112c93ddceb1ae5d97641937d1e081b3c8c58131e784fb7752b41f6cc36cc8,2024-02-29T09:05:51.999000,received,kaspa:qqgc33ecqss27wun43rh87ahupe6a8wzqy2ey2uhr48ttt6wr232k3leycfz2,4999996769,
e5112c93ddceb1ae5d97641937d1e081b3c8c58131e784fb7752b41f6cc36cc8,2024-02-29T09:05:51.999000,received,kaspa:qrfjf6ll6ygluj9gdce9dlvzq04z0g9hwlqsja9dvaz79qf0fnq7q7v6vpphg,4999996769,
30e572306d763ce3cde206c0aaa6aae6e2daffedbb7f798fedd237ba570cc5df,2024-02-29T08:04:09.981000,received,kaspa:qypl0tkx2z4zwwp57ewkgldyma8jz6fl2y78hynv0sx0xl6a6zeyahq5lktcae9,5000000000,
30e572306d763ce3cde206c0aaa6aae6e2daffedbb7f798fedd237ba570cc5df,2024-02-29T08:04:09.981000,received,kaspa:qypl0tkx2z4zwwp57ewkgldyma8jz6fl2y78hynv0sx0xl6a6zeyahq5lktcae9,5000000000,
cc3a6875f0f6cd4caa4958b1a4a4c4e8583ff82b1fa2f39579e1af3e51514746,2024-02-29T08:02:58.155000,received,kaspa:qpxexvtxrqnmx8haudtesdx3rvm6r0r6mqcaf6jyv44y285rl3du7m3fflj78,1000000000,
ca2b9c3a338a3d7c29517815c8648c550315ae3097574d111eace0d6510132b7,2024-02-29T07:43:33.086000,received,kaspa:qp86zdhrgx4ymknr7g4rusd3h88vepd66pzua77rxq0wauzys7dnztngpac5c,1000000000,
6efc2832ec8a9e3e5a63ad724047a5b1248e1ae6bbaa009ccc2c02369d6a3f26,2024-02-29T07:29:46.527000,received,kaspa:qypz9w3cf03ffe9aux9hdny2lxdpl3mc0j46tsxr4kstmh7zdp89nzsjv2csw3r,5000000000,
659689b3ee04928020137b45cbab1c5113fc1f62483fcd544bc407629702c068,2024-02-29T07:17:24.904000,received,kaspa:qpr5a298exwpn3qgpf5jeywphx4dnrw5t4anjzw7mq4q4eahjq5kwc5n5n3qc,5000000000,
5f1b14c83f3174eeff324c58d16f1a17318ed9685e1dedf551bd9f0e03b0a258,2024-02-29T07:06:28.046000,received,kaspa:qpq94ntnvy8p9q6wrdwtn37xtspgashrydc0kuu8ctpyxulmh0wlxh2807zdh,1000000000,
51e03dd5f60ddeb330bc8552aecdf1063786d7d91cefeb6bd9844b97a681d482,2024-02-29T07:05:41.703000,received,kaspa:qz3cd0kqlwrlrc3gljf273c48m8reqjcg8mxn8zml5wv2af3nja4qwm7faejs,150000000000,
a59902428e27c632a83991d4a88859f062c5a8194fd3442fc6499c0e5d50d23b,2024-02-29T06:27:11.871000,received,kaspa:qry96u9nlf5r2h7a8k8xg44yum34jh55jh95m26xc584lttm3j98jn989vrfq,1000000000,
04a8850cf2b36843acfbaca4ced83c571cf693cfd218df0ea2344fad84dd0c10,2024-02-29T01:41:46.001000,received,kaspa:qzur084rcx3lx5cye7yxh0257qk9w9kvgjutw50z6ar68cemkncv6hv6hgsgq,999499999,
04a8850cf2b36843acfbaca4ced83c571cf693cfd218df0ea2344fad84dd0c10,2024-02-29T01:41:46.001000,received,kaspa:qqczv3qrp40ywqhtravvefzen46nr7avgjwekp003rcnmu84f98jjnu85pw46,999499999,
6eea600079ad7de026573f25facbfa25289a98dd230c1ec9667b06eeacc2d76b,2024-02-29T01:29:41.575000,received,kaspa:qpcutmcqc4e4nk20dd7lsx9xaut4ndj8ecnwyae0nl37qspq294e79xkfjfq0,1500000000,
c8b29b4806a046b0241c088a97e01c4bba17515bdebc0c8a7c4db003819c5da0,2024-02-29T01:15:42.464000,received,kaspa:qqsyvfyx8guxdc5zthgnqxw0hw067w4jeccnkqr6l5m6lklq7as6yd9kva3e2,5000000000,
0cd8e3671976df3035bdacc782219eb92b6a208b9d79bef663e0dd2d369ca8d5,2024-02-29T00:18:08.768000,received,kaspa:qqajkh7y9k2g3nrqnltzwfq0kauhzll29t5560rgq732nkg7qyteuavawxdrg,1000000000,
0cd8e3671976df3035bdacc782219eb92b6a208b9d79bef663e0dd2d369ca8d5,2024-02-29T00:18:08.768000,received,kaspa:qrv4r6j978urteeq2sehlqf84yk94rfmn6506dh4m7lhdl3emv2txlyhayhn0,1000000000,
355c0ead91219a1905e3918d6d7f6056bf38e6cf5a6ca76f659fbe55c307a700,2024-02-28T23:55:37.536000,received,kaspa:qypw03r56d6xm9uc88z92ef4hs2z69dzt5kgsllhysg8kumvwptvvgshdnw8q9r,1000000000,
355c0ead91219a1905e3918d6d7f6056bf38e6cf5a6ca76f659fbe55c307a700,2024-02-28T23:55:37.536000,received,kaspa:qypw03r56d6xm9uc88z92ef4hs2z69dzt5kgsllhysg8kumvwptvvgshdnw8q9r,1000000000,
355c0ead91219a1905e3918d6d7f6056bf38e6cf5a6ca76f659fbe55c307a700,2024-02-28T23:55:37.536000,received,kaspa:qypw03r56d6xm9uc88z92ef4hs2z69dzt5kgsllhysg8kumvwptvvgshdnw8q9r,1000000000,
355c0ead91219a1905e3918d6d7f6056bf38e6cf5a6ca76f659fbe55c307a700,2024-02-28T23:55:37.536000,received,kaspa:qypw03r56d6xm9uc88z92ef4hs2z69dzt5kgsllhysg8kumvwptvvgshdnw8q9r,1000000000,
355c0ead91219a1905e3918d6d7f6056bf38e6cf5a6ca76f659fbe55c307a700,2024-02-28T23:55:37.536000,received,kaspa:qypw03r56d6xm9uc88z92ef4hs2z69dzt5kgsllhysg8kumvwptvvgshdnw8q9r,1000000000,
08435cf6e43e2d56dae74865ceedaff8521ee84314e3a242703dc18da4ab4882,2024-02-28T23:52:41.731000,received,kaspa:qqpc338rtj5mzw3peyv3c8zk5kg4gpwakqg2h4amrgvtj24e7evkujrdu70k6,1000000000,
8eb1b9d5c0cf491c40a691d97a212fead64b7b4f635da11c2d8618ccfa9508d4,2024-02-28T23:39:37.036000,received,kaspa:qzs526k7a5r4u8v5k2w9n78wpcxl986ww44e77mew6dtsjkgajj9su3mc7x98,1000000000,
f567b12611f54beae8894d34694eae5658ad3c58ba5e6739fb51d4d4f702c5db,2024-02-28T23:33:32.702000,received,kaspa:qqkw22syvn0kp0f036wy36wc2tc3q9trdwk77wvqf8mgrqcasrtyzshvjvvnx,1000000000,
a151466a6697c1f81e2fc4063cab32fe2a9555aa6ff33a801faf2ae754ba1a01,2024-02-28T23:32:23.353000,received,kaspa:qz3kwhu08m32h5vqwtfpktpvssehc9gr2jrps4hnav4zgdx9xat32e2hx9v8m,1000000000,
ee1ce64c8f5e2860fc852fe9a6541cab9c27d52692eb3289a386dbb2ad3d698a,2024-02-28T23:11:51.633000,received,kaspa:qpeqf2mf66zj8ce3ge9eu8ydmmvv8cmulll02vs3r0ujhjtky0zauy5h66chx,11000000000,
165e2657034d8a126768a70c00fece0834f3313f3142a8792bc8b3668ccfac88,2024-02-28T22:27:01.849000,received,kaspa:qrkjxds0uwfrj8ul09w0f7wm8f3q9mkqzyltnfzwjt7830cp78x757qcnflev,20000000000,
9fe37205d2b296260fbc9307b21ca2c6517c3f4da79c7b7fff7a45afdadf73f7,2024-02-28T18:57:14.973000,received,kaspa:qrgkyjxzfv9kp9axgk7jgnunulcnff6nxtemrxdvm5j8stujvudyy0hql8r32,10100000000,
a007191b19e2d686c1e4d01ecf56a6cb72e61c2221ee44a399c66f657dc704a1,2024-02-28T18:47:10.080000,received,kaspa:qrvum29vk365g0zcd5gx3c7h829etfq2ytdmscjzw4zw04fjfnprcg9c3tges,10000000000,
584614010aacdaf2752948f1e2508f03ac75201028d87eb394947f9b87ae2f7b,2024-02-28T18:18:45.421000,received,kaspa:qz3cz3mcck23n5eyl53aq9sguc8sue66f954ezpqrr7vyaecj6n67gnxv0h8a,18900000000,
931c9141cc0bc8e991a01460c27f1c4a2195b47c7ba604e9c57e8ad3a128e2b0,2024-02-28T17:52:54.602000,received,kaspa:qpa3psd72y58eqk0vrmd0saqnqqlve3cczr9q9l925p5lkuy7w4zs0z27cqzg,10000000000,
831fa14b6e3fd866135691bc76ad3d36f2352825e43b6d4462dd9c9c1565260a,2024-02-28T17:31:17.473000,received,kaspa:qqq58ecphnx825pvt40mp5sdkmsg20m755k4r34hmy86cd5hvvwfywmnzuc6m,10000000000,
831fa14b6e3fd866135691bc76ad3d36f2352825e43b6d4462dd9c9c1565260a,2024-02-28T17:31:17.473000,received,kaspa:qqq58ecphnx825pvt40mp5sdkmsg20m755k4r34hmy86cd5hvvwfywmnzuc6m,10000000000,
5fec79027e2a427295a48f27b694ea57b60aa622e2e98f44eb6c0efd25f5655d,2024-02-28T17:25:47.184000,received,kaspa:qypcu0vg07esvdqj2su6t80g32g99ffjlcm3ppg7ev29eztnjcecx6gx2j33hnv,50000000000,
f0775d33f583b9b979cc9cb7f5ab649e49bfb8a62fb3a2f780fdbc70feb01fcd,2024-02-28T16:20:15.894000,received,kaspa:qzfe5hmywjys976tmkhygszsn6tsj6xaz294vvrgp8vk0fp5wxx8vtxa8djax,10000000000,
c1f4f635adf9ec3b3d09fa6cc08bdd3459993498dc1cd7d6e620a5acd018c5dd,2024-02-28T16:17:49.220000,received,kaspa:qz9aa9k2wps20vuldc3zjcj8qxnyrrxfp3y7e8nauzwdczsgdwfju6ama686f,1000000000,
5a611abfbaa291248049f74ecab9592f168b0d8ee6117dbcc99f291d0399b3e3,2024-02-28T15:44:41.353000,received,kaspa:qzt7vs8dkyp2t8h8r8u0gast6dew4hpq7mcgm94d7dz8kn9yw9ze6h2f9czjp,2000000000,
148cf3533583c3610dd7633c2a48e88394fb41ae42479437b1d17484aae21505,2024-02-28T15:38:18.467000,received,kaspa:qqq29ksm7w0g7j8d033ayyau8xju9f2wry3ek9afwtsj9qscdpgzjx2yupf2s,1000000000,
4ff7468a9ca774a9e04f28944e23591b051aa0d8b243b72f13c9965052ad37ba,2024-02-28T15:07:20.174000,received,kaspa:qrvum29vk365g0zcd5gx3c7h829etfq2ytdmscjzw4zw04fjfnprcg9c3tges,1000000000,
e3ddd62533d2c94e728c7b1de712e63e3a07f81f1d670d8de8b44980c0706f86,2024-02-28T14:58:09.142000,received,kaspa:qzlexpma2afvjauzx7lc9h4jvurkvjuehql8tkm06ysqzh6tyk0k25ayestak,1800000000,
185153252793cb62635b548373c9735892fc88cb0e75f886aa3f14c356414bc0,2024-02-28T14:48:05.543000,received,kaspa:qpzpfwcsqsxhxwup26r55fd0ghqlhyugz8cp6y3wxuddc02vcxtjg75pspnwz,9000000000,MEXC
185153252793cb62635b548373c9735892fc88cb0e75f886aa3f14c356414bc0,2024-02-28T14:48:05.543000,received,kaspa:qpzpfwcsqsxhxwup26r55fd0ghqlhyugz8cp6y3wxuddc02vcxtjg75pspnwz,9000000000,MEXC
173eabd3286d74d4aabe303b01e679bd4cd894f8c06e4196a1b4a0667110686d,2024-02-28T13:56:09.147000,received,kaspa:qp9rfunpth0vn6qtcv64g6lxm7hmtnm9depgwn69df5tx8dssuygv5q5ahq44,25000000000,
c130afb847c2be6c7c1ed33dd149384b49887463ee7d2258ad9cdf43d457e170,2024-02-28T13:50:57.727000,received,kaspa:qrk7nsv4f59cdtwdc4zye8sjvj0zrm0whf6f4u6y72w5qrvge9wr7t68khsym,1000000000,
32b1f2ab1701c4c3ba7e4cd4f82e288dafdf6a405201db3f00adafc15866216e,2024-02-28T13:31:40.233000,received,kaspa:qr63kmptpe2dw9hhgy5hyftv2cnfyg73n628nedtuqeft4n65nqhjc9qsvvuq,50000000000,
32b1f2ab1701c4c3ba7e4cd4f82e288dafdf6a405201db3f00adafc15866216e,2024-02-28T13:31:40.233000,received,kaspa:qr63kmptpe2dw9hhgy5hyftv2cnfyg73n628nedtuqeft4n65nqhjc9qsvvuq,50000000000,
32b1f2ab1701c4c3ba7e4cd4f82e288dafdf6a405201db3f00adafc15866216e,2024-02-28T13:31:40.233000,received,kaspa:qr63kmptpe2dw9hhgy5hyftv2cnfyg73n628nedtuqeft4n65nqhjc9qsvvuq,50000000000,
32b1f2ab1701c4c3ba7e4cd4f82e288dafdf6a405201db3f00adafc15866216e,2024-02-28T13:31:40.233000,received,kaspa:qr63kmptpe2dw9hhgy5hyftv2cnfyg73n628nedtuqeft4n65nqhjc9qsvvuq,50000000000,
d07a8586b40fd59d4a068776a31ca60928c9445ddace219412b0d62c2183e3db,2024-02-28T13:18:51.308000,received,kaspa:qq4h56hatwtyjpjjk9720zfnz0a8etrt7e3tn4s7wkkfs2cyqd4fj3y6dq2nx,5000000000,
ab504892fa4d3d753b64e99fda64a7481820b723e17d02aa8ee8cdf2bbf3ff36,2024-02-28T13:13:05.778000,received,kaspa:qzn9jnnvq7u64nw7k8c3mu5ze3dfquqn4tv42px0sdz0pqmycnrqwyulhyh2x,3000000000,
464809a91fdf121e6b7f8bb16b7207d7734565407d166dc599022cb70da1bfd0,2024-02-28T13:10:31.844000,received,kaspa:qzlnm0e2w9d6qut8fv54prums3kpa6pd6s56wjz7p03zrgxpdtjav28ny3fkl,2000000000,
dc982a6ad28384185e68fe5cec1f1ea76641d9ee13384115b9075624f20efcb1,2024-02-28T13:01:10.269000,received,kaspa:qyp46ztdk93acx8yj90gwljur32kfg5qxmtn3t9rc4hzn88amghge8c569qhhep,5000000000,
dc982a6ad28384185e68fe5cec1f1ea76641d9ee13384115b9075624f20efcb1,2024-02-28T13:01:10.269000,received,kaspa:qyp46ztdk93acx8yj90gwljur32kfg5qxmtn3t9rc4hzn88amghge8c569qhhep,5000000000,
dc982a6ad28384185e68fe5cec1f1ea76641d9ee13384115b9075624f20efcb1,2024-02-28T13:01:10.269000,received,kaspa:qyp46ztdk93acx8yj90gwljur32kfg5qxmtn3t9rc4hzn88amghge8c569qhhep,5000000000,
dc982a6ad28384185e68fe5cec1f1ea76641d9ee13384115b9075624f20efcb1,2024-02-28T13:01:10.269000,received,kaspa:qyp46ztdk93acx8yj90gwljur32kfg5qxmtn3t9rc4hzn88amghge8c569qhhep,5000000000,
dc982a6ad28384185e68fe5cec1f1ea76641d9ee13384115b9075624f20efcb1,2024-02-28T13:01:10.269000,received,kaspa:qyp46ztdk93acx8yj90gwljur32kfg5qxmtn3t9rc4hzn88amghge8c569qhhep,5000000000,
dc982a6ad28384185e68fe5cec1f1ea76641d9ee13384115b9075624f20efcb1,2024-02-28T13:01:10.269000,received,kaspa:qyp46ztdk93acx8yj90gwljur32kfg5qxmtn3t9rc4hzn88amghge8c569qhhep,5000000000,
dc982a6ad28384185e68fe5cec1f1ea76641d9ee13384115b9075624f20efcb1,2024-02-28T13:01:10.269000,received,kaspa:qyp46ztdk93acx8yj90gwljur32kfg5qxmtn3t9rc4hzn88amghge8c569qhhep,5000000000,
dc982a6ad28384185e68fe5cec1f1ea76641d9ee13384115b9075624f20efcb1,2024-02-28T13:01:10.269000,received,kaspa:qyp46ztdk93acx8yj90gwljur32kfg5qxmtn3t9rc4hzn88amghge8c569qhhep,5000000000,
d775955f264c8a709f2ba0720a790c0ba417a8c36e1c5500bdf8ba45aaa6f2c6,2024-02-28T12:52:35.208000,received,kaspa:qqpmek82ycvfgf2s2svc8luzztj2lktkzytfxpnqwuhgrhp4effz753pkcx5n,10000000000,
4f7b985c87b38906f8b9cb62d312dab6e6952979ee8e8647b1726b08b9e8a50c,2024-02-28T12:45:56.806000,received,kaspa:qrvpgdhnfn5a243ngxjn9xpn9p443rkrepjudcfsu6syahxww4ttu8vr7emyh,10000000000,
35e480a196387b2805fc072da5e8e120abea8a41db56ba5f2c44bb155e38b238,2024-02-28T12:45:18.439000,received,kaspa:qqywd0dt5n8yt3mvn9mtgat68cygkctehwr0afv3tnn6etmqemgvgs60h3lep,100000000000,
4a71a7e21b9301d8b50109a381e400bced53756b5698c6dd17ca86e01e5b06f4,2024-02-28T12:18:36.174000,received,kaspa:qz2wtgep9cet60vpe2rm8es8vnpwstzcet57wec2sjm0fxne9glx6qjk48rkn,10000000000,
f468d1c9b0d9994f7a87890f99a2ad12636065094dc28413081cf834da537e63,2024-02-28T11:04:06.012000,received,kaspa:qqywx2wszmnrsu0mzgav85rdwvzangfpdj9j3ady9jpr7hu4u8c2wl9wqgd6j,19000000000,
8aa58a31fc5f30dc9c715705a535e9b35e3887f7f5063c392f7dc79ee4e0e39d,2024-02-28T10:54:39.710000,received,kaspa:qzaklg879gn4ht78s20hkz7yzuf3ycwq8hak2ep946ecpc4gmrlev0wa30dre,5000000000,
a6892119cdab5d011ceeb735185eb3132b2ad10fc7e3099430fdb66829a9f9d1,2024-02-28T10:53:59.341000,received,kaspa:qqphrtlm3uxlr8u8dekzjf5qdr5jldd85cqrmjr2aud02mpr6hs3wjcf9sqmp,2000000000,
b9e6945307aaa2e375c497141fa2fe28cb216fc67b798db1bee563abbb08df1c,2024-02-28T10:45:09.003000,received,kaspa:qzxfdzzsenmkj8awg0sw50xf7aq5w7vtspkpkx6p0jrzqg48mya9wsjw8wmr9,10000000000,
b3da74a11f132a133ded15a93661e6eb8d491f9b146f3af865f6b554a68ae6fd,2024-02-28T09:57:46.007000,received,kaspa:qrswyj4ywjk3l3jqgxrpr8gcwjznn2m495qx5em2jkjm3c5aswzmjdpndkne5,666600000000,
39e8922cc1615b6730a39dcc7610d10804a90091c166d5977ccd461276157c2e,2024-02-28T09:42:22.434000,received,kaspa:qq58mdetmksp784jxqdjz89gsewaj0pkls0wpgf2vxk259tkq9fdywe05wz9c,30000000000,
192b04b30fa3278b0e9204ea61d2d23e308206f11ff1e394b1343894f6e50a45,2024-02-28T09:41:56.551000,received,kaspa:qypue7c8443fjszupcuux370rzj57qp9f75rl37tvrzsvx7ztewlqcsr5qkza47,1000000000,
192b04b30fa3278b0e9204ea61d2d23e308206f11ff1e394b1343894f6e50a45,2024-02-28T09:41:56.551000,received,kaspa:qypue7c8443fjszupcuux370rzj57qp9f75rl37tvrzsvx7ztewlqcsr5qkza47,1000000000,
192b04b30fa3278b0e9204ea61d2d23e308206f11ff1e394b1343894f6e50a45,2024-02-28T09:41:56.551000,received,kaspa:qypue7c8443fjszupcuux370rzj57qp9f75rl37tvrzsvx7ztewlqcsr5qkza47,1000000000,
39c42406f2bfc6be29394947444af698664182121ccfa007fafec808076eeba3,2024-02-28T09:37:42.443000,received,kaspa:qq4g5mlt6hpz9f29rjenpae9s2hvtfdcxzwrz7ktumfpryqf8pj5xr7np0llq,10000000000,
266119b7e814c2da2e93a76eaaa7dd9cb31f004f84a87cddf5cb61e34d59038f,2024-02-28T09:37:28.857000,received,kaspa:qrh7674le6pdjezgdkkc353zve4xafmdtkmu3kl4serf8d29vkv5x9qzyy3f4,17600000000,
41ae597dcb76feba4425b434080e356919432eb522dbe6f94814553566f2c727,2024-02-28T09:29:59.163000,received,kaspa:qpqjg5m77jp29psd2uheawanv5qq99jspl2rrzc320w82ck4xy9ts25lqvscx,10000000000,
160416746fc77604e28154d6a6080df8ebe4a4584e6a34b3f849a7fa50031b0b,2024-02-28T09:25:38.069000,received,kaspa:qz7uw5vc9jfcwc4qhs0adn8xkc0mm4s9hgl80sjewrfzlcr4ug2xj8wultulp,2900000000,
037ef48d6a9b99bb716add6c20d708a19203eb67356886f8973aeb41dc652e30,2024-02-28T09:17:30.083000,received,kaspa:qqdkkzsqp2h7dfr64k4fsk6vddzte3vy4lf3qe0rlwh5vd5j7yqpu96d07j75,2328642109,
037ef48d6a9b99bb716add6c20d708a19203eb67356886f8973aeb41dc652e30,2024-02-28T09:17:30.083000,received,kaspa:qqdkkzsqp2h7dfr64k4fsk6vddzte3vy4lf3qe0rlwh5vd5j7yqpu96d07j75,2328642109,
5534e94b212cf4651f1f366bfd1dc114ddd9ea3ae4db7792dc8b50d6bd1af2d3,2024-02-28T09:12:26.653000,received,kaspa:qzl24lhvey8ymrv49zkxhva3gtck7zxcsgrlz6wpum3zjxl5pngg7shulhul4,10000000000,
14b94bea0d40e4965051cfe0e12706a5e650bb87045ea78e2550466dc3210302,2024-02-28T09:05:02.656000,received,kaspa:qrhwnw2rh2tgk9v0h26asw0f824lg9mkjrzy3nfpcakhcdgxh7t5gr0rh42f0,20000000000,
14b94bea0d40e4965051cfe0e12706a5e650bb87045ea78e2550466dc3210302,2024-02-28T09:05:02.656000,received,kaspa:qrhwnw2rh2tgk9v0h26asw0f824lg9mkjrzy3nfpcakhcdgxh7t5gr0rh42f0,20000000000,
eb534dadaa1ed570690c72b0e1e5f3440fc0594705b29e961166bbc269224cca,2024-02-28T09:03:25.387000,received,kaspa:qzn6eeafgl6v2vjf3s7lc5xryu2ner670uv9yy84gvpaghf4wls0kn4gkuazw,99900000000,
16a78f3da46c989987a84b9498280b79c6106f66315fa8f4b5197d93a4b44702,2024-02-28T09:02:54.829000,received,kaspa:qyp3pe2uwk43getyymz4h2suczm3ms72fyatrt2p7qm26vc3aypjflgc9k97upp,10000000000,
16a78f3da46c989987a84b9498280b79c6106f66315fa8f4b5197d93a4b44702,2024-02-28T09:02:54.829000,received,kaspa:qyp3pe2uwk43getyymz4h2suczm3ms72fyatrt2p7qm26vc3aypjflgc9k97upp,10000000000,
7acec8ab5765fa52f506f240527816d9011592965152dcad415c2b2cc0c451f5,2024-02-28T08:56:58.902000,received,kaspa:qpk6798c0996lkj0ssmw9sk55lp66pkhfxzpjczw4e8zy96uf3lusqdqq8yh7,200000000000,
cba98bbcdf78c0d224eac337158eb34a593b473e81b45fdbbe46f7aba9f01f0b,2024-02-28T08:56:34.278000,received,kaspa:qql68sd4h7nfhx7jss86x0ay88xmxhxfp2vermaew6k9z9cskxx36qwlgsqah,2999990000,
0cf4d5a76839fa64a1262501b5d35b64b8d3e9b35d2b46312e87e489638b9682,2024-02-28T08:54:47.012000,received,kaspa:qr8sqlhvkwe528yzy8wf7ynvfhf4npsvparmkwxu3kve90gat4j7vlynhfn39,16000000000,
0cf4d5a76839fa64a1262501b5d35b64b8d3e9b35d2b46312e87e489638b9682,2024-02-28T08:54:47.012000,received,kaspa:qpgfc42l4ct4c35whhrynqyr4tkadjtq39tspqt6rulwvg823cnvgu8zg7g0j,16000000000,
0cf4d5a76839fa64a1262501b5d35b64b8d3e9b35d2b46312e87e489638b9682,2024-02-28T08:54:47.012000,received,kaspa:qrcavrvcd0g0z0gpx36x5sqctv4yn6usc4x7uazvn0d7tw2jtqvfvn35z0xvn,16000000000,
0cf4d5a76839fa64a1262501b5d35b64b8d3e9b35d2b46312e87e489638b9682,2024-02-28T08:54:47.012000,received,kaspa:qpkpjrxdjn8hqqj00pnu3qa92hr6szn23hecd6m2ljspezdtv2vnvfk52y0cj,16000000000,
095776f5ae0893b02e4d2c930ee9f55cd5a2bdabd29c9ef0fb1f242e2e3e06d9,2024-02-28T08:53:31.901000,received,kaspa:qrrjkekrljk6t29slmx9rpy7f48luu9a0pn9g2grj4ldf6xu99zukt75qvs4z,17600000000,
095776f5ae0893b02e4d2c930ee9f55cd5a2bdabd29c9ef0fb1f242e2e3e06d9,2024-02-28T08:53:31.901000,received,kaspa:qze45kfunvjkpjnwcq4qm7s35wz075fmvk4ja0j4a60a3f60vjmlkcywq29al,17600000000,
3cb03cb157ad9c80c50a00fc390cf4cded5902b51bee8bf1befe42772463c149,2024-02-28T08:53:03.318000,received,kaspa:qqdknpvdav5wj0wyq03xtzpz7zt7wm44ask9tlr7hmsym6yp0jjc6h4k7zexr,10000000000,
dd4a8c0f1adb3ae5d0245292fa69a4db4cbd235d1af42cc29a87e6fe71ab498b,2024-02-28T08:47:36.196000,received,kaspa:qqe76nt7jqa6usdm939w8zyu52nd3y4s44lk53aag8hmfhqdnjtju0qwlhjfk,100000000,
71e03106f3e2bd6ae698615ab9954bc6be3cb1be59e2507e2b27723ad481315a,2024-02-28T08:43:53.125000,received,kaspa:qypjep784ts5295qyxdusztpsljv58u22dstsf3l4grq8yqmnzanklsft4nh75p,5000000000,
4e8641230c0fe8d5f708145fa9ca1002ccb7edd5fc849ce91f4af9449bd29ed3,2024-02-28T08:31:02.207000,received,kaspa:qr5vdf9y9dpemtkwjj6a5qsuea0csk8n7yf7xdc630rz2m4pg7ya69m9sgua9,100000000,
