tx_id,timestamp,direction,peer_address,amount_sompi,cex_label
7449cb7000672096f94eb14ef62b07e9217f8cb5923d58de21c58566f5d2b1a7,2024-01-11T22:09:03.402000,sent,kaspa:qr8jn3glhqknzxtn9ucklwmad4gk5wpxfkcvxdfkq0dejwza4eqcczmkee7vn,110000000000,
7449cb7000672096f94eb14ef62b07e9217f8cb5923d58de21c58566f5d2b1a7,2024-01-11T22:09:03.402000,sent,kaspa:qz0ln7vv2dtjyzsn2zuh86pk96qmssd0wga67e3vkfp7h2cvsk8gs4ye5cmz0,5540475691,
12845ae2e4312f4fa0a913796acb75a51b4ed5507c9164b13aaa8f2b86b96951,2024-01-11T02:35:49.386000,received,kaspa:qrzuw6khycn90l05k50xh8mjyynf43jfzkef2jf0rzyj89n3erzjj68tmrvrj,4520939736,
12845ae2e4312f4fa0a913796acb75a51b4ed5507c9164b13aaa8f2b86b96951,2024-01-11T02:35:49.386000,received,kaspa:qp0u3a6dgpm6j3j94v0wtgpcqm89cdy2cxm5jlrykuqgc4j2gl3qxlysxvrtl,4520939736,
12845ae2e4312f4fa0a913796acb75a51b4ed5507c9164b13aaa8f2b86b96951,2024-01-11T02:35:49.386000,received,kaspa:qq2e88nrkp3hfrp2sg839rf3qj934wxra7q05xeeht5ve60f5x7cc3rvmwag6,4520939736,
12845ae2e4312f4fa0a913796acb75a51b4ed5507c9164b13aaa8f2b86b96951,2024-01-11T02:35:49.386000,received,kaspa:qq2e88nrkp3hfrp2sg839rf3qj934wxra7q05xeeht5ve60f5x7cc3rvmwag6,4520939736,
12845ae2e4312f4fa0a913796acb75a51b4ed5507c9164b13aaa8f2b86b96951,2024-01-11T02:35:49.386000,received,kaspa:qq2e88nrkp3hfrp2sg839rf3qj934wxra7q05xeeht5ve60f5x7cc3rvmwag6,4520939736,
12845ae2e4312f4fa0a913796acb75a51b4ed5507c9164b13aaa8f2b86b96951,2024-01-11T02:35:49.386000,received,kaspa:qq2e88nrkp3hfrp2sg839rf3qj934wxra7q05xeeht5ve60f5x7cc3rvmwag6,4520939736,
12845ae2e4312f4fa0a913796acb75a51b4ed5507c9164b13aaa8f2b86b96951,2024-01-11T02:35:49.386000,received,kaspa:qq2e88nrkp3hfrp2sg839rf3qj934wxra7q05xeeht5ve60f5x7cc3rvmwag6,4520939736,
12845ae2e4312f4fa0a913796acb75a51b4ed5507c9164b13aaa8f2b86b96951,2024-01-11T02:35:49.386000,received,kaspa:qq2e88nrkp3hfrp2sg839rf3qj934wxra7q05xeeht5ve60f5x7cc3rvmwag6,4520939736,
12845ae2e4312f4fa0a913796acb75a51b4ed5507c9164b13aaa8f2b86b96951,2024-01-11T02:35:49.386000,received,kaspa:qq2e88nrkp3hfrp2sg839rf3qj934wxra7q05xeeht5ve60f5x7cc3rvmwag6,4520939736,
12845ae2e4312f4fa0a913796acb75a51b4ed5507c9164b13aaa8f2b86b96951,2024-01-11T02:35:49.386000,received,kaspa:qq2e88nrkp3hfrp2sg839rf3qj934wxra7q05xeeht5ve60f5x7cc3rvmwag6,4520939736,
12845ae2e4312f4fa0a913796acb75a51b4ed5507c9164b13aaa8f2b86b96951,2024-01-11T02:35:49.386000,received,kaspa:qq2e88nrkp3hfrp2sg839rf3qj934wxra7q05xeeht5ve60f5x7cc3rvmwag6,4520939736,
12845ae2e4312f4fa0a913796acb75a51b4ed5507c9164b13aaa8f2b86b96951,2024-01-11T02:35:49.386000,received,kaspa:qq2e88nrkp3hfrp2sg839rf3qj934wxra7q05xeeht5ve60f5x7cc3rvmwag6,4520939736,
12845ae2e4312f4fa0a913796acb75a51b4ed5507c9164b13aaa8f2b86b96951,2024-01-11T02:35:49.386000,received,kaspa:qq2e88nrkp3hfrp2sg839rf3qj934wxra7q05xeeht5ve60f5x7cc3rvmwag6,4520939736,
12845ae2e4312f4fa0a913796acb75a51b4ed5507c9164b13aaa8f2b86b96951,2024-01-11T02:35:49.386000,received,kaspa:qq2e88nrkp3hfrp2sg839rf3qj934wxra7q05xeeht5ve60f5x7cc3rvmwag6,4520939736,
12845ae2e4312f4fa0a913796acb75a51b4ed5507c9164b13aaa8f2b86b96951,2024-01-11T02:35:49.386000,received,kaspa:qq2e88nrkp3hfrp2sg839rf3qj934wxra7q05xeeht5ve60f5x7cc3rvmwag6,4520939736,
12845ae2e4312f4fa0a913796acb75a51b4ed5507c9164b13aaa8f2b86b96951,2024-01-11T02:35:49.386000,received,kaspa:qq2e88nrkp3hfrp2sg839rf3qj934wxra7q05xeeht5ve60f5x7cc3rvmwag6,4520939736,
12845ae2e4312f4fa0a913796acb75a51b4ed5507c9164b13aaa8f2b86b96951,2024-01-11T02:35:49.386000,received,kaspa:qq2e88nrkp3hfrp2sg839rf3qj934wxra7q05xeeht5ve60f5x7cc3rvmwag6,4520939736,
12845ae2e4312f4fa0a913796acb75a51b4ed5507c9164b13aaa8f2b86b96951,2024-01-11T02:35:49.386000,received,kaspa:qq2e88nrkp3hfrp2sg839rf3qj934wxra7q05xeeht5ve60f5x7cc3rvmwag6,4520939736,
12845ae2e4312f4fa0a913796acb75a51b4ed5507c9164b13aaa8f2b86b96951,2024-01-11T02:35:49.386000,received,kaspa:qq2e88nrkp3hfrp2sg839rf3qj934wxra7q05xeeht5ve60f5x7cc3rvmwag6,4520939736,
12845ae2e4312f4fa0a913796acb75a51b4ed5507c9164b13aaa8f2b86b96951,2024-01-11T02:35:49.386000,received,kaspa:qq2e88nrkp3hfrp2sg839rf3qj934wxra7q05xeeht5ve60f5x7cc3rvmwag6,4520939736,
12845ae2e4312f4fa0a913796acb75a51b4ed5507c9164b13aaa8f2b86b96951,2024-01-11T02:35:49.386000,received,kaspa:qq2e88nrkp3hfrp2sg839rf3qj934wxra7q05xeeht5ve60f5x7cc3rvmwag6,4520939736,
12845ae2e4312f4fa0a913796acb75a51b4ed5507c9164b13aaa8f2b86b96951,2024-01-11T02:35:49.386000,received,kaspa:qq2e88nrkp3hfrp2sg839rf3qj934wxra7q05xeeht5ve60f5x7cc3rvmwag6,4520939736,
12845ae2e4312f4fa0a913796acb75a51b4ed5507c9164b13aaa8f2b86b96951,2024-01-11T02:35:49.386000,received,kaspa:qq2e88nrkp3hfrp2sg839rf3qj934wxra7q05xeeht5ve60f5x7cc3rvmwag6,4520939736,
12845ae2e4312f4fa0a913796acb75a51b4ed5507c9164b13aaa8f2b86b96951,2024-01-11T02:35:49.386000,received,kaspa:qq2e88nrkp3hfrp2sg839rf3qj934wxra7q05xeeht5ve60f5x7cc3rvmwag6,4520939736,
12845ae2e4312f4fa0a913796acb75a51b4ed5507c9164b13aaa8f2b86b96951,2024-01-11T02:35:49.386000,received,kaspa:qq2e88nrkp3hfrp2sg839rf3qj934wxra7q05xeeht5ve60f5x7cc3rvmwag6,4520939736,
12845ae2e4312f4fa0a913796acb75a51b4ed5507c9164b13aaa8f2b86b96951,2024-01-11T02:35:49.386000,received,kaspa:qq2e88nrkp3hfrp2sg839rf3qj934wxra7q05xeeht5ve60f5x7cc3rvmwag6,4520939736,
12845ae2e4312f4fa0a913796acb75a51b4ed5507c9164b13aaa8f2b86b96951,2024-01-11T02:35:49.386000,received,kaspa:qq2e88nrkp3hfrp2sg839rf3qj934wxra7q05xeeht5ve60f5x7cc3rvmwag6,4520939736,
12845ae2e4312f4fa0a913796acb75a51b4ed5507c9164b13aaa8f2b86b96951,2024-01-11T02:35:49.386000,received,kaspa:qq2e88nrkp3hfrp2sg839rf3qj934wxra7q05xeeht5ve60f5x7cc3rvmwag6,4520939736,
12845ae2e4312f4fa0a913796acb75a51b4ed5507c9164b13aaa8f2b86b96951,2024-01-11T02:35:49.386000,received,kaspa:qq2e88nrkp3hfrp2sg839rf3qj934wxra7q05xeeht5ve60f5x7cc3rvmwag6,4520939736,
