tx_id,timestamp,direction,peer_address,amount_sompi,cex_label
33b4659c30758d078a67dbf128417541b8bb2d1099cf17abdd998043086cd3fd,2023-12-16T04:33:28.438000,sent,kaspa:qzslgwenzu78t6tldlng383g7ruu4enaljmnkgaulyrscjp7ldt26x8gfxck5,171940000,
33b4659c30758d078a67dbf128417541b8bb2d1099cf17abdd998043086cd3fd,2023-12-16T04:33:28.438000,sent,kaspa:qzslgwenzu78t6tldlng383g7ruu4enaljmnkgaulyrscjp7ldt26x8gfxck5,171940000,
171da1e451f5079e7f642688078681d6fe183dd076e05a30d3eca9d6180888ef,2023-12-12T18:43:58.784000,received,kaspa:qypswxtcrv4ssyjaswy5w9387vq73mkuyq85tl34cee6qn5uexqy0csgnafnjx7,171000000,
74b21b1b8765068738ea4fd8cea8179f60626624c511393cef4583b898b77a6f,2023-11-29T07:50:34.164000,sent,kaspa:qypgqxs5fzdu547j872rrj0ufvetzaz72psejq877ll0p64wsvrs7jq9qad5hv4,18000000,
e1815510ab28a39aee2a12a7fe9c38baccd42e57bde8e3c6eda131e65ce00f2e,2023-11-28T22:03:59.128000,received,kaspa:qzggq9ds6xs7x9t3mxufu45te89sadcut2jre2pedc3llas0z8xxs36wcnlup,19000000,
