tx_id,timestamp,direction,peer_address,amount_sompi,cex_label
7aa3174151621292474fd8de02457b5433ede0868c727394481146a3eed48af0,2024-08-16T20:10:37.273000,sent,kaspa:qq9zagcza4jt76eev9jl5z0nqhe0thcu7js8larktj4sle7lvgnw7sfcewlty,37446700000000,
9d3f26a8e6f48e7bff0fa8f548eb6a40bec56877e7608c8b9268ecfbc004a26c,2024-08-16T07:20:12.862000,received,kaspa:qypudvpf0dnezuaqa7s94ffs6h58wwzg4kthl3fvk07eg7k9rzyvqaq4h6gdvar,37446740000000,
9d3f26a8e6f48e7bff0fa8f548eb6a40bec56877e7608c8b9268ecfbc004a26c,2024-08-16T07:20:12.862000,received,kaspa:qypudvpf0dnezuaqa7s94ffs6h58wwzg4kthl3fvk07eg7k9rzyvqaq4h6gdvar,37446740000000,
9d3f26a8e6f48e7bff0fa8f548eb6a40bec56877e7608c8b9268ecfbc004a26c,2024-08-16T07:20:12.862000,received,kaspa:qypudvpf0dnezuaqa7s94ffs6h58wwzg4kthl3fvk07eg7k9rzyvqaq4h6gdvar,37446740000000,
9d3f26a8e6f48e7bff0fa8f548eb6a40bec56877e7608c8b9268ecfbc004a26c,2024-08-16T07:20:12.862000,received,kaspa:qypudvpf0dnezuaqa7s94ffs6h58wwzg4kthl3fvk07eg7k9rzyvqaq4h6gdvar,37446740000000,
9d3f26a8e6f48e7bff0fa8f548eb6a40bec56877e7608c8b9268ecfbc004a26c,2024-08-16T07:20:12.862000,received,kaspa:qypudvpf0dnezuaqa7s94ffs6h58wwzg4kthl3fvk07eg7k9rzyvqaq4h6gdvar,37446740000000,
9d3f26a8e6f48e7bff0fa8f548eb6a40bec56877e7608c8b9268ecfbc004a26c,2024-08-16T07:20:12.862000,received,kaspa:qypudvpf0dnezuaqa7s94ffs6h58wwzg4kthl3fvk07eg7k9rzyvqaq4h6gdvar,37446740000000,
9d3f26a8e6f48e7bff0fa8f548eb6a40bec56877e7608c8b9268ecfbc004a26c,2024-08-16T07:20:12.862000,received,kaspa:qypudvpf0dnezuaqa7s94ffs6h58wwzg4kthl3fvk07eg7k9rzyvqaq4h6gdvar,37446740000000,
9d3f26a8e6f48e7bff0fa8f548eb6a40bec56877e7608c8b9268ecfbc004a26c,2024-08-16T07:20:12.862000,received,kaspa:qypudvpf0dnezuaqa7s94ffs6h58wwzg4kthl3fvk07eg7k9rzyvqaq4h6gdvar,37446740000000,
9d3f26a8e6f48e7bff0fa8f548eb6a40bec56877e7608c8b9268ecfbc004a26c,2024-08-16T07:20:12.862000,received,kaspa:qypudvpf0dnezuaqa7s94ffs6h58wwzg4kthl3fvk07eg7k9rzyvqaq4h6gdvar,37446740000000,
9d3f26a8e6f48e7bff0fa8f548eb6a40bec56877e7608c8b9268ecfbc004a26c,2024-08-16T07:20:12.862000,received,kaspa:qypudvpf0dnezuaqa7s94ffs6h58wwzg4kthl3fvk07eg7k9rzyvqaq4h6gdvar,37446740000000,
9d3f26a8e6f48e7bff0fa8f548eb6a40bec56877e7608c8b9268ecfbc004a26c,2024-08-16T07:20:12.862000,received,kaspa:qypudvpf0dnezuaqa7s94ffs6h58wwzg4kthl3fvk07eg7k9rzyvqaq4h6gdvar,37446740000000,
9d3f26a8e6f48e7bff0fa8f548eb6a40bec56877e7608c8b9268ecfbc004a26c,2024-08-16T07:20:12.862000,received,kaspa:qypudvpf0dnezuaqa7s94ffs6h58wwzg4kthl3fvk07eg7k9rzyvqaq4h6gdvar,37446740000000,
9d3f26a8e6f48e7bff0fa8f548eb6a40bec56877e7608c8b9268ecfbc004a26c,2024-08-16T07:20:12.862000,received,kaspa:qypudvpf0dnezuaqa7s94ffs6h58wwzg4kthl3fvk07eg7k9rzyvqaq4h6gdvar,37446740000000,
9d3f26a8e6f48e7bff0fa8f548eb6a40bec56877e7608c8b9268ecfbc004a26c,2024-08-16T07:20:12.862000,received,kaspa:qypudvpf0dnezuaqa7s94ffs6h58wwzg4kthl3fvk07eg7k9rzyvqaq4h6gdvar,37446740000000,
e3ad4c2f898f1dc93e565e0c5bbe329fcb4fb3b394d3464de8de2b2e8e6b24f5,2024-08-09T20:12:20.371000,sent,kaspa:qyp2ru9fx6g8asjmncf5cnj64qvk8mqh39rhc07702nm7x6ywse9s3sza0radce,37452740000000,
7cc7dbf9cf0c9d0908e7af2e8f8d12ca6e85d7702be964e88d8711d95dea0703,2024-08-08T22:37:38.482000,sent,kaspa:qyp2ru9fx6g8asjmncf5cnj64qvk8mqh39rhc07702nm7x6ywse9s3sza0radce,1000000000000,
7cc7dbf9cf0c9d0908e7af2e8f8d12ca6e85d7702be964e88d8711d95dea0703,2024-08-08T22:37:38.482000,sent,kaspa:qyp2ru9fx6g8asjmncf5cnj64qvk8mqh39rhc07702nm7x6ywse9s3sza0radce,1000000000000,
42e21e519652fea1b9baed6b41ee2572905cdf45c7b586c4325e5cb74059245c,2023-12-13T19:31:04.602000,received,kaspa:qqetp7ct8kqss99fxmymyz5t3fezppxp0t58wl6pawp27elqd46uudme00cl0,376011000000,
4b62772f64b06d11f455c9bd1db034865ca03c212dfec54602f926b26e91052b,2023-09-16T17:00:13.680000,received,kaspa:qqetp7ct8kqss99fxmymyz5t3fezppxp0t58wl6pawp27elqd46uudme00cl0,38076729900000,
9d37c089933562409d7a4875b235e7546f63bd673cddec85345a29be2c9408fb,2023-09-15T18:41:14.554000,sent,kaspa:qzjc7dke47v6wazv6ln8hul0uamn8kdn7frn8l6wes7h9zsgwulm2yfn4ntp3,38079729900000,
9d37c089933562409d7a4875b235e7546f63bd673cddec85345a29be2c9408fb,2023-09-15T18:41:14.554000,sent,kaspa:qzjc7dke47v6wazv6ln8hul0uamn8kdn7frn8l6wes7h9zsgwulm2yfn4ntp3,38079729900000,
9d37c089933562409d7a4875b235e7546f63bd673cddec85345a29be2c9408fb,2023-09-15T18:41:14.554000,sent,kaspa:qzjc7dke47v6wazv6ln8hul0uamn8kdn7frn8l6wes7h9zsgwulm2yfn4ntp3,38079729900000,
9d37c089933562409d7a4875b235e7546f63bd673cddec85345a29be2c9408fb,2023-09-15T18:41:14.554000,sent,kaspa:qzjc7dke47v6wazv6ln8hul0uamn8kdn7frn8l6wes7h9zsgwulm2yfn4ntp3,38079729900000,
b3db537820c258412a2246d09bdf49ae1e35cfb9021c6d215c736c5d52fb2a9d,2023-09-11T23:38:01.509000,received,kaspa:qqetp7ct8kqss99fxmymyz5t3fezppxp0t58wl6pawp27elqd46uudme00cl0,18262321000000,
721211f296432e85f0812ddd3d9d0a838e029af1998760f8a5f10c5cdb8e4965,2023-05-24T00:19:03.149000,received,kaspa:qqetp7ct8kqss99fxmymyz5t3fezppxp0t58wl6pawp27elqd46uudme00cl0,3568419000000,
257d9cc751e1b44f3fbd668790c0620a3e2f27b4eef0d7a9f4d1e11b85ab38f2,2023-05-22T16:10:05.167000,received,kaspa:qpzpfwcsqsxhxwup26r55fd0ghqlhyugz8cp6y3wxuddc02vcxtjg75pspnwz,7001212000000,MEXC
3da795f8f82e7ea70f2e19638d52d15f86281c62ac6f7ab933db7b5d64d991e3,2023-05-21T19:48:01.791000,received,kaspa:qqetp7ct8kqss99fxmymyz5t3fezppxp0t58wl6pawp27elqd46uudme00cl0,9247778000000,
