tx_id,timestamp,direction,peer_address,amount_sompi,cex_label
a756c9804f2134f38df0e4e10da198338e9da4cf51c3edc32aae8cba1432fc2f,2023-12-13T09:24:24.885000,sent,kaspa:qzrpsgcad6fjd3r6hwqxhwfw2y9a2fu38dhrmncggwxqr3dgg3kfkfuaaq2js,41721530000,
ee5bb9a991b9d6a88d7a6a99a93cb7bb2b361e0d174bbba263ce9ea506a4fb24,2023-12-12T16:03:29.685000,received,kaspa:qypswxtcrv4ssyjaswy5w9387vq73mkuyq85tl34cee6qn5uexqy0csgnafnjx7,171000000,
0dc9b234946320402250d40d4711caa860701d49e17ff65120f0b7fba743ec53,2023-11-29T03:07:29.100000,sent,kaspa:qyp27mv3m283jr6e8m7ggj3y97qtanyud95vggwsrcnm084dngememcyyp8zzty,18000000,
0dc9b234946320402250d40d4711caa860701d49e17ff65120f0b7fba743ec53,2023-11-29T03:07:29.100000,sent,kaspa:qp52e35uyjg88l5wzseuvlzujnmm8fasvceyrz3fa2p6502p22e3sgs0n2sl4,3351590000,
26c096ff79c8eb0f9d0fcb1acee0438bac98ba69d13e4c417488531cc7b93bc0,2023-11-29T03:01:22.395000,received,kaspa:qpetvck7chda8da4f9h8zl335757llerru9j9ghnc26yj8fx97vqxx3g80d2k,3369600000,
