tx_id,timestamp,direction,peer_address,amount_sompi,cex_label
28369f7228a12756092ba69d5cd4d11968304d34f68fde2e84d5ef7c3082c453,2024-06-27T02:54:27.291000,sent,kaspa:qq9zagcza4jt76eev9jl5z0nqhe0thcu7js8larktj4sle7lvgnw7sfcewlty,39000000000,
35a219b955503d3c8c684bd096a0f49427145744c7f40e350fc661fcda805957,2023-07-03T17:08:14.771000,sent,kaspa:qp685l03zrgrrgwrkfrfnwzfeklqzde35dzajy5g0egsxkajuxxczum9sjlg9,1100000000000,
fcd88d42d9bfdc50dbf3ccf56609852c501e6a8bf58951ecc62ffccb7f799ced,2023-07-02T20:02:57.296000,sent,kaspa:qqsde0wg9pdt2ql3qes4lp7xy4fmzhvtudkrt2je0ntjehudk69q57pdyhudu,100000000,
ac9897d673f6917c882302098361fa6b5c150c9108cfe1a14c31476a0c27ad58,2023-07-02T07:47:16.122000,sent,kaspa:qqwvnkp47wsj6n4hkdlgj8dsauyx0xvefunnwvvsmpq2udd0ka8ckmpuqw3k5,100000000000,
ca05c8f2d0fe1846b989c135c2dda2cb1e9c7f5b071adde8331e84a950a04a45,2023-07-02T07:38:57.020000,sent,kaspa:qp685l03zrgrrgwrkfrfnwzfeklqzde35dzajy5g0egsxkajuxxczum9sjlg9,100000000000,
101b09e555156f6314e49aaeb60c1e908b2509996a94ebe20a431dbadd8c877d,2023-07-01T07:29:44.804000,sent,kaspa:qqwvnkp47wsj6n4hkdlgj8dsauyx0xvefunnwvvsmpq2udd0ka8ckmpuqw3k5,100000000000,
a4e793fd7edd4bf7986051b1f736a4374c5554af78aa69ff248eb7c3ff29c615,2023-06-28T07:14:51.446000,sent,kaspa:qqwvnkp47wsj6n4hkdlgj8dsauyx0xvefunnwvvsmpq2udd0ka8ckmpuqw3k5,49000000000,
a4e793fd7edd4bf7986051b1f736a4374c5554af78aa69ff248eb7c3ff29c615,2023-06-28T07:14:51.446000,sent,kaspa:qqwvnkp47wsj6n4hkdlgj8dsauyx0xvefunnwvvsmpq2udd0ka8ckmpuqw3k5,49000000000,
375dc674301ced39872e99dc848c7cf6d293cd2ca97563cd4a4087fa01ee8dd6,2023-06-07T00:47:17.990000,received,kaspa:qrelgny7sr3vahq69yykxx36m65gvmhryxrlwngfzgu8xkdslum2yxjp3ap8m,1488519954000,Gate.io
afd8513367f196e09085385089137751f24daccded8d718f3db1595153312494,2023-04-23T13:35:57.780000,sent,kaspa:qzxvuzxmsm3ps89ygwej409zjd6fhxmjezw939c6cgxrsa0gcc6cyf4ma2dn9,4000000000,
afd8513367f196e09085385089137751f24daccded8d718f3db1595153312494,2023-04-23T13:35:57.780000,sent,kaspa:qzxvuzxmsm3ps89ygwej409zjd6fhxmjezw939c6cgxrsa0gcc6cyf4ma2dn9,4000000000,
5db94bfa49ba91def666c152bcaac6b5e4fb0fed306f6019c1886ad5f579369a,2023-04-22T05:41:19.580000,received,kaspa:qzmsppmdmeuxu0cwkg9j9murxftpsvtsduv60qfeqje58v6k2z7jyzhkqpcxu,4000000000,
911e48ebd5d6aed200fbc146e0e1bace033ad2cde21e7581bce5c63a70c46010,2023-04-22T04:54:15.513000,sent,kaspa:qzgx5kngkgqlxa7c4vn4h4lwnqt0x35jdepx6475qht7jf9thjkhq0u8nzwpn,5000000000,
83607bc808bd038d726e796de6a33d9b8762be7c4af177f1931f1b8b5747ebc1,2023-04-19T05:49:06.644000,received,kaspa:qrelgny7sr3vahq69yykxx36m65gvmhryxrlwngfzgu8xkdslum2yxjp3ap8m,5557822000,Gate.io
