tx_id,timestamp,direction,peer_address,amount_sompi,cex_label
29fe55abc99dd714dbb8f4226841b800100dfa84a1dd721c4244445752d410ef,2024-11-18T11:33:17.109000,sent,kaspa:qqnqv3rvnctfyrjteurqm0gmqfu7yjg3949yxpyxxfa4rgm9nt2zxauwq8xvs,600000000000,
29fe55abc99dd714dbb8f4226841b800100dfa84a1dd721c4244445752d410ef,2024-11-18T11:33:17.109000,sent,kaspa:qz25z37qmngrx2xdvzyfna0n045pv3mg8y769eq3zft4ja58p8wxwxdms5q5p,7667268032,
0a3ae8b1bc44843504bfadd8694f474a8ee274f7532d269fd284007b1009c405,2024-11-18T11:18:13.632000,received,kaspa:qrc9dzeclgl6tfk09l4gsg88h6c47ztrlmdvpnhkek0zak9jnryc78lc52vxg,8902687564,
0a3ae8b1bc44843504bfadd8694f474a8ee274f7532d269fd284007b1009c405,2024-11-18T11:18:13.632000,received,kaspa:qp6xnhwcvvd6ll3njx7xw5tkjrn8d506y95a9jgtwq0wutq3rhv02v0zaf0af,8902687564,
0a3ae8b1bc44843504bfadd8694f474a8ee274f7532d269fd284007b1009c405,2024-11-18T11:18:13.632000,received,kaspa:qpjecddwss0ejlwv3z5dyzaad2l7sy6gkgktf40j5g3967ax07sfwdz6v3589,8902687564,
0a3ae8b1bc44843504bfadd8694f474a8ee274f7532d269fd284007b1009c405,2024-11-18T11:18:13.632000,received,kaspa:qr8slvhjckg4fyd7rjslve4mq259mzswr9wvd8xv537ut5w94xryzmq3gxgdl,8902687564,
0a3ae8b1bc44843504bfadd8694f474a8ee274f7532d269fd284007b1009c405,2024-11-18T11:18:13.632000,received,kaspa:qpsjh2v7gvwutp3ar2fchwlda8af5p27e9svzdnhglmd83c86z8dkyqx5cmwy,8902687564,
