tx_id,timestamp,direction,peer_address,amount_sompi,cex_label
326264e251f5dae5c72084a937c9c2de31180b71c9ae7cfd872c48e76d01c7de,2024-09-27T05:15:31.686000,sent,kaspa:qrswalc7ex3eejzataqxh33vku8zecppmcw7m4yjmdkkl9gfxhtmu97hws6ms,10000000000000,
326264e251f5dae5c72084a937c9c2de31180b71c9ae7cfd872c48e76d01c7de,2024-09-27T05:15:31.686000,sent,kaspa:qqypqgurlrca7ccmuma0kpnw9leskue9tnykaz6gwhar9c8sm6rvgel2c6tul,4336981256189,
e7f38d5e9b81f4706ae43e802404b51bf1a31701c03555b2f6a46e51d309b9a6,2024-08-20T10:27:55.813000,received,kaspa:qq4zuhujjv5qk48tkaagrf3tp0nhuyv93fmln5w4lr0s0gud963huyzp9j4dg,4940385507289,
e7f38d5e9b81f4706ae43e802404b51bf1a31701c03555b2f6a46e51d309b9a6,2024-08-20T10:27:55.813000,received,kaspa:qz7jvy9y74mvedk27gjl6kz2gx3lmdvy2p29rmeup3duwqhhy058s65zvnyvy,4940385507289,
e7f38d5e9b81f4706ae43e802404b51bf1a31701c03555b2f6a46e51d309b9a6,2024-08-20T10:27:55.813000,received,kaspa:qr9rrw06fnu4vkeqky82wpra4k3g3urw0n3lna875aghq05lcawxsgh60kxec,4940385507289,
e7f38d5e9b81f4706ae43e802404b51bf1a31701c03555b2f6a46e51d309b9a6,2024-08-20T10:27:55.813000,received,kaspa:qzudv7xam7eg6kqck30te9a8cjvngs329lsfhx2msnhjh06x9krqvd0cd27ng,4940385507289,
