tx_id,timestamp,direction,peer_address,amount_sompi,cex_label
436b5604aafd01c4825f5420d60adcfbb9d05345e9a82d7fd120da08d3076684,2024-02-07T19:43:24.568000,sent,kaspa:qqnqv3rvnctfyrjteurqm0gmqfu7yjg3949yxpyxxfa4rgm9nt2zxauwq8xvs,1300000000000,
436b5604aafd01c4825f5420d60adcfbb9d05345e9a82d7fd120da08d3076684,2024-02-07T19:43:24.568000,sent,kaspa:qpqcphpx4m9endca8hz9tqjs3afnmzsvyq6v5qsrpxcw873rc9p7qj0cs9rrr,22681706936,
146e37f344e9df759d1c568a6e3599103c3b1fc8a5255de05807977eee2c7a45,2024-02-07T19:29:11.581000,received,kaspa:qryqmetgnwg5rejrlry2ph6l5qy0sj4k7pnpanufyw8x3a89cax26jxtnlg8s,22681710156,
146e37f344e9df759d1c568a6e3599103c3b1fc8a5255de05807977eee2c7a45,2024-02-07T19:29:11.581000,received,kaspa:qpu25rxdr9euv976xk8lqnncfggvyeuhz7yg4pcdk87370aeqvxfuk35n50k6,22681710156,
