tx_id,timestamp,direction,peer_address,amount_sompi,cex_label
57636c9f4817abc58c7e2f05df50bfe639c5d1207db30eb6f4861d95675c57ee,2024-02-17T10:12:04.278000,sent,kaspa:qqd463qjk795l7x06el7qjdh4hjtprah8mtnxx8exg8wz43fla4djkghheu25,172980000,
57636c9f4817abc58c7e2f05df50bfe639c5d1207db30eb6f4861d95675c57ee,2024-02-17T10:12:04.278000,sent,kaspa:qqd463qjk795l7x06el7qjdh4hjtprah8mtnxx8exg8wz43fla4djkghheu25,172980000,
00c0de106be03c731987f5a700750cd05125ca6acbf15a6e8e269448f399fae5,2023-12-12T16:11:48.713000,received,kaspa:qypswxtcrv4ssyjaswy5w9387vq73mkuyq85tl34cee6qn5uexqy0csgnafnjx7,171000000,
0d2660902e92e77cd5d8d95dc1f096e4957cce08b36d8204b62712c576ee36ba,2023-11-29T03:35:57.556000,sent,kaspa:qyppkaf28dtzhsg0j06rktxqwdggyjd4rylunh28muj9za3q7knxvas2va5k386,18000000,
fb049e786f8698e4ae78f3fb2fe577fafe5b620e504c98ba9d3c2d0016683a5f,2023-11-27T05:19:55.903000,received,kaspa:qyp70qht6pjqk2yl6cwl2n296pgcnwmtj8w0clcle08m5p8yu4tg7kgvv4n0qrg,20000000,
