tx_id,timestamp,direction,peer_address,amount_sompi,cex_label
b64bf3073629455ce8bf06bffb142ca5df4e1093475e532764eb125f6b683adc,2023-12-16T04:58:35.790000,sent,kaspa:qzslgwenzu78t6tldlng383g7ruu4enaljmnkgaulyrscjp7ldt26x8gfxck5,171940000,
b64bf3073629455ce8bf06bffb142ca5df4e1093475e532764eb125f6b683adc,2023-12-16T04:58:35.790000,sent,kaspa:qzslgwenzu78t6tldlng383g7ruu4enaljmnkgaulyrscjp7ldt26x8gfxck5,171940000,
a9081b440a214f40a9f3c0144996c209def11260dfc87a0eeea66c38796a2f9e,2023-12-13T02:03:16.970000,received,kaspa:qypswxtcrv4ssyjaswy5w9387vq73mkuyq85tl34cee6qn5uexqy0csgnafnjx7,171000000,
ed642def75063f5c86b9e408f324ebe6abb53607ee81b16b40548b230ceaa481,2023-11-29T17:34:25.042000,sent,kaspa:qypmp20gpe06g9k6wuqnepl3hg9g53jus0r5cepm0lkw56q9fxry0dcqxpc2hcl,18000000,
dbf4416f9a41f2c24e73e57eaefe90e74c1aaf7cd0e02bd0f62592c21e451163,2023-11-28T17:09:31.640000,received,kaspa:qqwsmgw49jlnngfsqmtfxnu9e95hdwznezawzwvdfpjtc2rxj5a5gzzqujd0e,19000000,
