tx_id,timestamp,direction,peer_address,amount_sompi,cex_label
df570550afd6c428071a892b8099baba06bd9383c7fd45f265e29542058a7875,2023-12-16T04:20:25.667000,sent,kaspa:qzslgwenzu78t6tldlng383g7ruu4enaljmnkgaulyrscjp7ldt26x8gfxck5,171940000,
df570550afd6c428071a892b8099baba06bd9383c7fd45f265e29542058a7875,2023-12-16T04:20:25.667000,sent,kaspa:qzslgwenzu78t6tldlng383g7ruu4enaljmnkgaulyrscjp7ldt26x8gfxck5,171940000,
24097155fdee025ef05d29c2f96c0b209e4627c12368490b467909d835d47458,2023-12-12T14:59:07.088000,received,kaspa:qypswxtcrv4ssyjaswy5w9387vq73mkuyq85tl34cee6qn5uexqy0csgnafnjx7,171000000,
5779e12efe2dc7adb508156a415965dcd0a7f57a0170b42cd218065e6f57c1fe,2023-11-29T01:13:25.842000,sent,kaspa:qyprngwwezmx7wvduxt6t3zh00uhuay0ax58ejhrm8xc3ncfrn42xrsqd0mszcc,18000000,
1dee6ecf89afa2b68a5687e5ad1cc06e39983000cf60237648259001e58e4d43,2023-11-28T17:58:20.591000,received,kaspa:qrg0s4g54nvrlksdexy7x0g6mkk5s5wytsupccqsd6u6mugqm73j7uxzx4fgj,19000000,
