tx_id,timestamp,direction,peer_address,amount_sompi,cex_label
425bdd84aa002e43ed35f2edc458e3390de69ae3a41996c89310a804b9d2e15a,2024-03-14T08:05:19.484000,sent,kaspa:qrc7yeyjvxlys7ud0n5c2qr5u4k9zangnxspqwqlm8nnvw0xsuttvaa9t7z6j,5000000000000,
7e1c001b9fc5699e794af464b51b007f4e61b2d7ab28c8303f68cd74109d9202,2024-03-13T21:21:00.927000,sent,kaspa:qq9zagcza4jt76eev9jl5z0nqhe0thcu7js8larktj4sle7lvgnw7sfcewlty,5000000000000,
4da2c92664860d5b7d8aad003fe38abf675518b1cee8d5af90e6149caa99d613,2024-03-13T11:46:35.080000,sent,kaspa:qq9zagcza4jt76eev9jl5z0nqhe0thcu7js8larktj4sle7lvgnw7sfcewlty,5000000000000,
d2c5f71344fa3300259ebec2a63b331200f68a1dcc3ed4d5cb069f1e3bb0ea7a,2024-03-12T22:45:38.021000,sent,kaspa:qrc7yeyjvxlys7ud0n5c2qr5u4k9zangnxspqwqlm8nnvw0xsuttvaa9t7z6j,3000000000000,
94c743c2065c702ecbae092272cdab85453928c112ddfbccd590a9dd8e3cce3d,2024-03-11T03:56:07.255000,sent,kaspa:qrc7yeyjvxlys7ud0n5c2qr5u4k9zangnxspqwqlm8nnvw0xsuttvaa9t7z6j,2000000000000,
24e2fb43425ab32ade8f637d72578d89c83cda48fdc669ad1a4228ea8bbaee0a,2024-01-04T11:53:56.650000,sent,kaspa:qrc7yeyjvxlys7ud0n5c2qr5u4k9zangnxspqwqlm8nnvw0xsuttvaa9t7z6j,106400000000,
14ea3709467ffdac093ff677d938c82ff21ed2ff6a1feb950feb83f4cb6b9cfc,2024-01-02T01:50:29.935000,sent,kaspa:qrc7yeyjvxlys7ud0n5c2qr5u4k9zangnxspqwqlm8nnvw0xsuttvaa9t7z6j,5000000000000,
736d74ce1fd2cc8aa768097588e7e32d55fdbe09a586d678f1d332206e37dc63,2024-01-02T01:27:32.002000,sent,kaspa:qqwvnkp47wsj6n4hkdlgj8dsauyx0xvefunnwvvsmpq2udd0ka8ckmpuqw3k5,1000000000,
3997d8038fdeeae8d93a850847a3d575958ed6a709d5f7af38ffd4ecfb9aa804,2023-12-07T20:32:56.890000,sent,kaspa:qrc7yeyjvxlys7ud0n5c2qr5u4k9zangnxspqwqlm8nnvw0xsuttvaa9t7z6j,10000000000000,
3997d8038fdeeae8d93a850847a3d575958ed6a709d5f7af38ffd4ecfb9aa804,2023-12-07T20:32:56.890000,sent,kaspa:qrc7yeyjvxlys7ud0n5c2qr5u4k9zangnxspqwqlm8nnvw0xsuttvaa9t7z6j,10000000000000,
3997d8038fdeeae8d93a850847a3d575958ed6a709d5f7af38ffd4ecfb9aa804,2023-12-07T20:32:56.890000,sent,kaspa:qrc7yeyjvxlys7ud0n5c2qr5u4k9zangnxspqwqlm8nnvw0xsuttvaa9t7z6j,10000000000000,
3997d8038fdeeae8d93a850847a3d575958ed6a709d5f7af38ffd4ecfb9aa804,2023-12-07T20:32:56.890000,sent,kaspa:qrc7yeyjvxlys7ud0n5c2qr5u4k9zangnxspqwqlm8nnvw0xsuttvaa9t7z6j,10000000000000,
bbb740ed80e82cc5b96ddcbcf4122e6c7368aaf6113f1720657e0a1759e6035b,2023-12-07T15:38:29.708000,received,kaspa:qrelgny7sr3vahq69yykxx36m65gvmhryxrlwngfzgu8xkdslum2yxjp3ap8m,4766811268000,Gate.io
f6f69693e917e530cd5194191f927a9061caf6ae65e078cfb0a7d7195f417a04,2023-12-07T15:27:04.524000,received,kaspa:qqetp7ct8kqss99fxmymyz5t3fezppxp0t58wl6pawp27elqd46uudme00cl0,5341312000000,
848be9e5e8aafd094785ee6bb700960b848933f8088cd9db94a68eec73c0dc9d,2023-11-05T11:22:16.571000,received,kaspa:qrelgny7sr3vahq69yykxx36m65gvmhryxrlwngfzgu8xkdslum2yxjp3ap8m,10563862457200,Gate.io
12106633c2c593ac630afe58120f9358e43a1995744a11401b7da9216674e73c,2023-10-28T20:43:59.019000,sent,kaspa:qrc7yeyjvxlys7ud0n5c2qr5u4k9zangnxspqwqlm8nnvw0xsuttvaa9t7z6j,140000000000,
ac058874a0c071c61590656b738050dc73b33317e68f2e26c747375a2765fc11,2023-04-23T04:26:04.629000,received,kaspa:qqetp7ct8kqss99fxmymyz5t3fezppxp0t58wl6pawp27elqd46uudme00cl0,14575463000000,
