tx_id,timestamp,direction,peer_address,amount_sompi,cex_label
bd35c55b6b8693337c3ca383de9d7ae343c2e0a6c5034f922d8354278b5585b6,2024-01-04T17:53:51.351000,sent,kaspa:qrjrgkh25uhvmxfmly6gdjvuaew06uypwldzfew9na9uzfz6qz4g6az0tjm2g,5000000000000,
7709580b96c300ee524da7e8d74893c76d67037756e341fc8c139e2972742424,2024-01-04T15:37:49.267000,sent,kaspa:qqwvnkp47wsj6n4hkdlgj8dsauyx0xvefunnwvvsmpq2udd0ka8ckmpuqw3k5,400000000000,
7709580b96c300ee524da7e8d74893c76d67037756e341fc8c139e2972742424,2024-01-04T15:37:49.267000,sent,kaspa:qqwvnkp47wsj6n4hkdlgj8dsauyx0xvefunnwvvsmpq2udd0ka8ckmpuqw3k5,400000000000,
7709580b96c300ee524da7e8d74893c76d67037756e341fc8c139e2972742424,2024-01-04T15:37:49.267000,sent,kaspa:qqwvnkp47wsj6n4hkdlgj8dsauyx0xvefunnwvvsmpq2udd0ka8ckmpuqw3k5,400000000000,
335257733d49020a415345ac7fba2a2844dd7aeebfba5ec68d28bd113d9dca1d,2024-01-03T15:48:04.841000,received,kaspa:qpzpfwcsqsxhxwup26r55fd0ghqlhyugz8cp6y3wxuddc02vcxtjg75pspnwz,1132943000000,MEXC
335257733d49020a415345ac7fba2a2844dd7aeebfba5ec68d28bd113d9dca1d,2024-01-03T15:48:04.841000,received,kaspa:qpzpfwcsqsxhxwup26r55fd0ghqlhyugz8cp6y3wxuddc02vcxtjg75pspnwz,1132943000000,MEXC
5da6dad98d70c6a9b03356cf149b76f723aa3874548dde88871f17f7be50bf44,2024-01-02T22:42:07.801000,received,kaspa:qqetp7ct8kqss99fxmymyz5t3fezppxp0t58wl6pawp27elqd46uudme00cl0,4259612000000,
5da6dad98d70c6a9b03356cf149b76f723aa3874548dde88871f17f7be50bf44,2024-01-02T22:42:07.801000,received,kaspa:qpzpfwcsqsxhxwup26r55fd0ghqlhyugz8cp6y3wxuddc02vcxtjg75pspnwz,4259612000000,MEXC
1e4f8a750cf455a49928cbecc8f59396826ce3d6eda440c0f131da9d06fa1788,2024-01-02T22:38:03.481000,received,kaspa:qqetp7ct8kqss99fxmymyz5t3fezppxp0t58wl6pawp27elqd46uudme00cl0,9000000000,
1e4f8a750cf455a49928cbecc8f59396826ce3d6eda440c0f131da9d06fa1788,2024-01-02T22:38:03.481000,received,kaspa:qpzpfwcsqsxhxwup26r55fd0ghqlhyugz8cp6y3wxuddc02vcxtjg75pspnwz,9000000000,MEXC
