tx_id,timestamp,direction,peer_address,amount_sompi,cex_label
cac154d2125bbb1e40d41ed0662f8b7c1fd5dddb6398548f0b5663e44700cadf,2023-12-16T05:01:21.372000,sent,kaspa:qzslgwenzu78t6tldlng383g7ruu4enaljmnkgaulyrscjp7ldt26x8gfxck5,171940000,
cac154d2125bbb1e40d41ed0662f8b7c1fd5dddb6398548f0b5663e44700cadf,2023-12-16T05:01:21.372000,sent,kaspa:qzslgwenzu78t6tldlng383g7ruu4enaljmnkgaulyrscjp7ldt26x8gfxck5,171940000,
797143da9c82c519f6152990d835fb8a57cb4e1eb766e365c44fdf1ae115de99,2023-12-13T03:17:11.550000,received,kaspa:qypswxtcrv4ssyjaswy5w9387vq73mkuyq85tl34cee6qn5uexqy0csgnafnjx7,171000000,
608bb0b42ab8cfd98e32d2b24647333122b886dea9557400272b2673b97d2e05,2023-11-29T18:35:41.273000,sent,kaspa:qypssgc54mlvunzhqhdvsemf0uejdsqpftmt3fq3eeuakrtctdjaa8szzgnkvgz,18000000,
f4236a959c9c8f3882693e27162718ee6c89e145ada5aa3c5aa2b1f263978574,2023-11-29T11:46:42.871000,received,kaspa:qqrcr5cggyyldclcetquafmfz382dt6zft83pg3sz20wm2zegdceku03tecys,19000000,
