tx_id,timestamp,direction,peer_address,amount_sompi,cex_label
0596455cb8e3b041e7aef4f5899643bb03fdc9eae27e143c038b96fd4e237a87,2023-12-12T09:40:24.998000,sent,kaspa:qz3ayntyrdv422cms66wq52pyszewrvr80cwtnrlml0j85wq0xqlwa232g9pm,170990000,
225d4f40fee37a2f91fe5f46812c91565f7f339b2015c7c88c975cda7ea9a905,2023-12-12T09:02:31.064000,received,kaspa:qypswxtcrv4ssyjaswy5w9387vq73mkuyq85tl34cee6qn5uexqy0csgnafnjx7,171000000,
2ff3de7d9fb2a48d72c3def982fe4f33d5e325e06afbd012a2e3297b55afd84e,2023-11-29T02:15:18.229000,sent,kaspa:qpxq0u3t7gkzwyw03ve6y99uaa3ku965cvn9eh7q5jzxn5jrdrgwutdq5dvkr,1980000,
b4c47d3719785e2f429929685cfa0cfc1137da83b5d2f7b664d1d30ae97a6a67,2023-11-28T12:01:29.508000,sent,kaspa:qyps6u5m8vge7artw8y9j2lh5vvc34u73unfwvm8260ql4ydnjju9yg5zdacpks,18000000,
eb5c2d62c259b8b801a8df5796fcb712b8ed763f660a5323ed4c162b5f712790,2023-11-28T09:31:10.978000,received,kaspa:qypqhwaag39ahn934e9njgp5uuzr7zxgcwtqpzwrkehmxrgl608urmg4e9n5dh0,20000000,
