tx_id,timestamp,direction,peer_address,amount_sompi,cex_label
567be93cf46dd1a4353efa9b05bce6c8428494804e85aac5634ba4933343e348,2024-09-23T01:42:41.812000,sent,kaspa:qql5ruz7294aavwlrzlwzcnwv2z4nm545gvpg9mfk0z799zqe0asxl0gdlhxt,350000000000,
567be93cf46dd1a4353efa9b05bce6c8428494804e85aac5634ba4933343e348,2024-09-23T01:42:41.812000,sent,kaspa:qrfjcaeg54auv9ngsmsz9ugz6jk068trfl087xvkxwygavc46zz95lnce00fy,111656281061,
cb52ad3aa9ed6701d5dfa55c508d75d6f49c23a88a95de18161dd30aea3b5cec,2024-09-18T04:10:35.919000,sent,kaspa:qql5ruz7294aavwlrzlwzcnwv2z4nm545gvpg9mfk0z799zqe0asxl0gdlhxt,60000000000,
cb52ad3aa9ed6701d5dfa55c508d75d6f49c23a88a95de18161dd30aea3b5cec,2024-09-18T04:10:35.919000,sent,kaspa:qrsd393s8r8pwh8vx5xwgma04szje404rzad883sk2lpn83rtgf9zt43slcmc,752887502947,
8678bdcdd0a2da80e23426ceb932373ec564d04dd928f53fc43445e1d5f4ebe6,2024-09-18T03:35:34.293000,sent,kaspa:qql5ruz7294aavwlrzlwzcnwv2z4nm545gvpg9mfk0z799zqe0asxl0gdlhxt,189200000000,
8678bdcdd0a2da80e23426ceb932373ec564d04dd928f53fc43445e1d5f4ebe6,2024-09-18T03:35:34.293000,sent,kaspa:qrnvcar6zd8gwkum50uslh2xcn706yqv5es6fmamg6r359vj2mmpjrahw3az9,610806522947,
8678bdcdd0a2da80e23426ceb932373ec564d04dd928f53fc43445e1d5f4ebe6,2024-09-18T03:35:34.293000,sent,kaspa:qql5ruz7294aavwlrzlwzcnwv2z4nm545gvpg9mfk0z799zqe0asxl0gdlhxt,189200000000,
8678bdcdd0a2da80e23426ceb932373ec564d04dd928f53fc43445e1d5f4ebe6,2024-09-18T03:35:34.293000,sent,kaspa:qrnvcar6zd8gwkum50uslh2xcn706yqv5es6fmamg6r359vj2mmpjrahw3az9,610806522947,
9e0a192b72e8c05422cc6fcd571d1d0e02ff5847815d48e7e9d8d3babcc5404a,2024-09-11T19:35:09.691000,received,kaspa:qqetp7ct8kqss99fxmymyz5t3fezppxp0t58wl6pawp27elqd46uudme00cl0,202081000000,
9e0a192b72e8c05422cc6fcd571d1d0e02ff5847815d48e7e9d8d3babcc5404a,2024-09-11T19:35:09.691000,received,kaspa:qpzpfwcsqsxhxwup26r55fd0ghqlhyugz8cp6y3wxuddc02vcxtjg75pspnwz,202081000000,MEXC
3b1b0bdebce3b2c84bfd7c1872b9bf67238a7f581837c901743f034f8d5efdc5,2024-09-03T16:29:06.547000,received,kaspa:qqetp7ct8kqss99fxmymyz5t3fezppxp0t58wl6pawp27elqd46uudme00cl0,300006542947,
3b1b0bdebce3b2c84bfd7c1872b9bf67238a7f581837c901743f034f8d5efdc5,2024-09-03T16:29:06.547000,received,kaspa:qpzpfwcsqsxhxwup26r55fd0ghqlhyugz8cp6y3wxuddc02vcxtjg75pspnwz,300006542947,MEXC
9d2ae70fae7d8878288a5601cb78b972c1a5584588ae4641f7ce05b41c5c674c,2024-06-17T03:27:22.617000,received,kaspa:qypp3y8cs3kqt503uehnt0uh934w0az8y5fc7fa78gt00yf6zcrewycjdzv8vnj,500000000000,
2862bcbbe7340ee2158a0024915b2f2d7b4e62c217b988640d5ed71ee7002e60,2024-06-17T03:25:28.031000,received,kaspa:qypp3y8cs3kqt503uehnt0uh934w0az8y5fc7fa78gt00yf6zcrewycjdzv8vnj,300000000,
5e879a948eb056343c8394ceaebac3582e3ffd24dbfa3890d19c71d8fcdb2d0f,2024-01-30T23:03:52.346000,sent,kaspa:qqz6jvauv0vp8jc723f8rhfsc7mzq0pvufxuen5vpkaf8m6vne5vx7u66vrtv,100000000,
5e879a948eb056343c8394ceaebac3582e3ffd24dbfa3890d19c71d8fcdb2d0f,2024-01-30T23:03:52.346000,sent,kaspa:qpx0qqste0wk6qfypke3rdncuz68l236gjpzgy7uxe68x23603jsytv68dv8w,5083117691,
70c8dad585204830736f06b2854c9708a1307a010df840a0f019406aef07f2bc,2024-01-10T17:43:46.528000,received,kaspa:qz0s4tjug5860a09uerfq0ad6xv43dvlv8m2jce4fm4sfe9dnsks7f75cc4q6,5183127691,
d1d9f256bb244f68f3dfb83e5e635ad256bd721fd75ce6302af874ecf81765e5,2024-01-03T15:55:03.292000,sent,kaspa:qz0wqu0evjzy5dx2lwv0jzsxgmjffgjh3s5532qfgw8ven6ntpltjxccnj0xr,561122780553,
d1d9f256bb244f68f3dfb83e5e635ad256bd721fd75ce6302af874ecf81765e5,2024-01-03T15:55:03.292000,sent,kaspa:qz0wqu0evjzy5dx2lwv0jzsxgmjffgjh3s5532qfgw8ven6ntpltjxccnj0xr,561122780553,
d1d9f256bb244f68f3dfb83e5e635ad256bd721fd75ce6302af874ecf81765e5,2024-01-03T15:55:03.292000,sent,kaspa:qz0wqu0evjzy5dx2lwv0jzsxgmjffgjh3s5532qfgw8ven6ntpltjxccnj0xr,561122780553,
d1d9f256bb244f68f3dfb83e5e635ad256bd721fd75ce6302af874ecf81765e5,2024-01-03T15:55:03.292000,sent,kaspa:qz0wqu0evjzy5dx2lwv0jzsxgmjffgjh3s5532qfgw8ven6ntpltjxccnj0xr,561122780553,
d1d9f256bb244f68f3dfb83e5e635ad256bd721fd75ce6302af874ecf81765e5,2024-01-03T15:55:03.292000,sent,kaspa:qz0wqu0evjzy5dx2lwv0jzsxgmjffgjh3s5532qfgw8ven6ntpltjxccnj0xr,561122780553,
d1d9f256bb244f68f3dfb83e5e635ad256bd721fd75ce6302af874ecf81765e5,2024-01-03T15:55:03.292000,sent,kaspa:qz0wqu0evjzy5dx2lwv0jzsxgmjffgjh3s5532qfgw8ven6ntpltjxccnj0xr,561122780553,
d1d9f256bb244f68f3dfb83e5e635ad256bd721fd75ce6302af874ecf81765e5,2024-01-03T15:55:03.292000,sent,kaspa:qz0wqu0evjzy5dx2lwv0jzsxgmjffgjh3s5532qfgw8ven6ntpltjxccnj0xr,561122780553,
d1d9f256bb244f68f3dfb83e5e635ad256bd721fd75ce6302af874ecf81765e5,2024-01-03T15:55:03.292000,sent,kaspa:qz0wqu0evjzy5dx2lwv0jzsxgmjffgjh3s5532qfgw8ven6ntpltjxccnj0xr,561122780553,
fa68ece741242045b0bf27a0ec8901262843e2b2152e65438b8a4432774de028,2024-01-02T15:58:18.207000,received,kaspa:qypp3y8cs3kqt503uehnt0uh934w0az8y5fc7fa78gt00yf6zcrewycjdzv8vnj,500000000000,
3e8770bb7fec1cdb3d6eb5ea74bca460d275ff4e300ba75c48a352f0d4ceca9f,2023-11-24T21:26:17.317000,received,kaspa:qzmcxuh7td0t05n0khnm86kslq27m953fkhxpfwv5n5wl842gctpzutv783pu,1122810459,
3e8770bb7fec1cdb3d6eb5ea74bca460d275ff4e300ba75c48a352f0d4ceca9f,2023-11-24T21:26:17.317000,received,kaspa:qz0s4tjug5860a09uerfq0ad6xv43dvlv8m2jce4fm4sfe9dnsks7f75cc4q6,1122810459,
a1080087e3a427285f9d67acd83554c67643e81540b632d3253f33cb6d9fd7f1,2023-11-22T19:46:29.024000,received,kaspa:qpwmqzykyq73wwz7qnw4p822s2dk7gn0ahzcplsw503ftw8udpw0wmx4724vj,1769996780,
a1080087e3a427285f9d67acd83554c67643e81540b632d3253f33cb6d9fd7f1,2023-11-22T19:46:29.024000,received,kaspa:qz0s4tjug5860a09uerfq0ad6xv43dvlv8m2jce4fm4sfe9dnsks7f75cc4q6,1769996780,
ae290618667832b1f15cb4c23c30ccc9f2fcd26cd845d38b353b9516d65b729d,2023-11-22T19:40:00.333000,sent,kaspa:qqfkuxs7qpcykg4xc386skgue9xzgyufe6u7wluvk8jtvnmtfwz0xfwysz3xp,4400000000,
ae290618667832b1f15cb4c23c30ccc9f2fcd26cd845d38b353b9516d65b729d,2023-11-22T19:40:00.333000,sent,kaspa:qrgfqr5rmzm07vv56q5dyqkkdf9ye0kj8655g47vf7xr82a8zm5kcmx84lwmg,29258474118,
5ee031ad5b58ce25b59fcb0ab2b5eac024dbdf60f6bb587d583ab161df5ae573,2023-11-20T17:16:20.436000,received,kaspa:qrjg3lld80aj7ylmrvy55scjuszn2cuede26f727zp8xtls025eqqkv22nawz,7407994478,
5ee031ad5b58ce25b59fcb0ab2b5eac024dbdf60f6bb587d583ab161df5ae573,2023-11-20T17:16:20.436000,received,kaspa:qz0s4tjug5860a09uerfq0ad6xv43dvlv8m2jce4fm4sfe9dnsks7f75cc4q6,7407994478,
5ee031ad5b58ce25b59fcb0ab2b5eac024dbdf60f6bb587d583ab161df5ae573,2023-11-20T17:16:20.436000,received,kaspa:qz0s4tjug5860a09uerfq0ad6xv43dvlv8m2jce4fm4sfe9dnsks7f75cc4q6,7407994478,
5ee031ad5b58ce25b59fcb0ab2b5eac024dbdf60f6bb587d583ab161df5ae573,2023-11-20T17:16:20.436000,received,kaspa:qz0s4tjug5860a09uerfq0ad6xv43dvlv8m2jce4fm4sfe9dnsks7f75cc4q6,7407994478,
ca42d8fa3ca740e0cf30e359f2655fb81882355006f7c93ffe16f7094ecf5696,2023-11-11T22:08:23.736000,received,kaspa:qzymqtme89lvv4lp97zqprlugsc8vvz6heptx2t6r4f6gqy48kuzquuqrpp0w,33658484118,
ca42d8fa3ca740e0cf30e359f2655fb81882355006f7c93ffe16f7094ecf5696,2023-11-11T22:08:23.736000,received,kaspa:qz0s4tjug5860a09uerfq0ad6xv43dvlv8m2jce4fm4sfe9dnsks7f75cc4q6,33658484118,
ca42d8fa3ca740e0cf30e359f2655fb81882355006f7c93ffe16f7094ecf5696,2023-11-11T22:08:23.736000,received,kaspa:qz0s4tjug5860a09uerfq0ad6xv43dvlv8m2jce4fm4sfe9dnsks7f75cc4q6,33658484118,
ca42d8fa3ca740e0cf30e359f2655fb81882355006f7c93ffe16f7094ecf5696,2023-11-11T22:08:23.736000,received,kaspa:qz0s4tjug5860a09uerfq0ad6xv43dvlv8m2jce4fm4sfe9dnsks7f75cc4q6,33658484118,
ca42d8fa3ca740e0cf30e359f2655fb81882355006f7c93ffe16f7094ecf5696,2023-11-11T22:08:23.736000,received,kaspa:qz0s4tjug5860a09uerfq0ad6xv43dvlv8m2jce4fm4sfe9dnsks7f75cc4q6,33658484118,
ca42d8fa3ca740e0cf30e359f2655fb81882355006f7c93ffe16f7094ecf5696,2023-11-11T22:08:23.736000,received,kaspa:qz0s4tjug5860a09uerfq0ad6xv43dvlv8m2jce4fm4sfe9dnsks7f75cc4q6,33658484118,
ca42d8fa3ca740e0cf30e359f2655fb81882355006f7c93ffe16f7094ecf5696,2023-11-11T22:08:23.736000,received,kaspa:qz0s4tjug5860a09uerfq0ad6xv43dvlv8m2jce4fm4sfe9dnsks7f75cc4q6,33658484118,
ca42d8fa3ca740e0cf30e359f2655fb81882355006f7c93ffe16f7094ecf5696,2023-11-11T22:08:23.736000,received,kaspa:qz0s4tjug5860a09uerfq0ad6xv43dvlv8m2jce4fm4sfe9dnsks7f75cc4q6,33658484118,
ca42d8fa3ca740e0cf30e359f2655fb81882355006f7c93ffe16f7094ecf5696,2023-11-11T22:08:23.736000,received,kaspa:qz0s4tjug5860a09uerfq0ad6xv43dvlv8m2jce4fm4sfe9dnsks7f75cc4q6,33658484118,
ca42d8fa3ca740e0cf30e359f2655fb81882355006f7c93ffe16f7094ecf5696,2023-11-11T22:08:23.736000,received,kaspa:qz0s4tjug5860a09uerfq0ad6xv43dvlv8m2jce4fm4sfe9dnsks7f75cc4q6,33658484118,
ca42d8fa3ca740e0cf30e359f2655fb81882355006f7c93ffe16f7094ecf5696,2023-11-11T22:08:23.736000,received,kaspa:qz0s4tjug5860a09uerfq0ad6xv43dvlv8m2jce4fm4sfe9dnsks7f75cc4q6,33658484118,
ca42d8fa3ca740e0cf30e359f2655fb81882355006f7c93ffe16f7094ecf5696,2023-11-11T22:08:23.736000,received,kaspa:qz0s4tjug5860a09uerfq0ad6xv43dvlv8m2jce4fm4sfe9dnsks7f75cc4q6,33658484118,
ca42d8fa3ca740e0cf30e359f2655fb81882355006f7c93ffe16f7094ecf5696,2023-11-11T22:08:23.736000,received,kaspa:qz0s4tjug5860a09uerfq0ad6xv43dvlv8m2jce4fm4sfe9dnsks7f75cc4q6,33658484118,
4f12c6d278a5ccf3d73e37879490d42f6d40d16638e491e50bfc2c6a2e3abc66,2023-10-16T13:57:40.283000,received,kaspa:qqrlpuftgqdrnj5xmrt4za5pjzq0fpq0tnj6tzkx30ak6skk2gwszg2zjwvmf,2826266780,
4f12c6d278a5ccf3d73e37879490d42f6d40d16638e491e50bfc2c6a2e3abc66,2023-10-16T13:57:40.283000,received,kaspa:qz0s4tjug5860a09uerfq0ad6xv43dvlv8m2jce4fm4sfe9dnsks7f75cc4q6,2826266780,
ca10aa605eee563df1e8afc37933946377730eb031bdea941effa0e9ee4baa4e,2023-10-14T16:03:20.694000,received,kaspa:qp9q2x8yr3dzxsujf4wntmdy2k884m6f28kzrmyur6k4hxggvqadsdc2vj0zc,13763584478,
ca10aa605eee563df1e8afc37933946377730eb031bdea941effa0e9ee4baa4e,2023-10-14T16:03:20.694000,received,kaspa:qz0s4tjug5860a09uerfq0ad6xv43dvlv8m2jce4fm4sfe9dnsks7f75cc4q6,13763584478,
ca10aa605eee563df1e8afc37933946377730eb031bdea941effa0e9ee4baa4e,2023-10-14T16:03:20.694000,received,kaspa:qz0s4tjug5860a09uerfq0ad6xv43dvlv8m2jce4fm4sfe9dnsks7f75cc4q6,13763584478,
ca10aa605eee563df1e8afc37933946377730eb031bdea941effa0e9ee4baa4e,2023-10-14T16:03:20.694000,received,kaspa:qz0s4tjug5860a09uerfq0ad6xv43dvlv8m2jce4fm4sfe9dnsks7f75cc4q6,13763584478,
0c6d03f497aecf7104da7838bbf94d9a1e8b30d6002f799b907f41fec9db92ab,2023-10-07T03:12:32.141000,received,kaspa:qz0s4tjug5860a09uerfq0ad6xv43dvlv8m2jce4fm4sfe9dnsks7f75cc4q6,6499996780,
0c6d03f497aecf7104da7838bbf94d9a1e8b30d6002f799b907f41fec9db92ab,2023-10-07T03:12:32.141000,received,kaspa:qp3u6vezl8cjfcpzswxhefr4h5naswrxfhkqfp0xf3mf495la06d5h6qmqswq,6499996780,
dac4847fff0e2d63e1822a64f39a9b27a7c1a653aceb77a7bec8563c249205ad,2023-10-04T16:29:06.692000,received,kaspa:qqt7mg6ecnqdcjel92lcjclrrm3qk9ldlyvs9yehcyel6tlg5n9p6s9q475ph,300096780,
dac4847fff0e2d63e1822a64f39a9b27a7c1a653aceb77a7bec8563c249205ad,2023-10-04T16:29:06.692000,received,kaspa:qz0s4tjug5860a09uerfq0ad6xv43dvlv8m2jce4fm4sfe9dnsks7f75cc4q6,300096780,
