tx_id,timestamp,direction,peer_address,amount_sompi,cex_label
d6f6fcc86ae59576711ea6b86c0f468d39f0ed251fb982b0bc7efe54127a4735,2024-03-07T11:03:25.572000,sent,kaspa:qqnqv3rvnctfyrjteurqm0gmqfu7yjg3949yxpyxxfa4rgm9nt2zxauwq8xvs,2480000000000,
d6f6fcc86ae59576711ea6b86c0f468d39f0ed251fb982b0bc7efe54127a4735,2024-03-07T11:03:25.572000,sent,kaspa:qpxce9xmhqarx9jqlafv00deshhp39rt745u06t2v67zqvcnxwvyj9c0qtx5n,26223212470,
13186076f2310714a8c8cb38bade3906dc9c5217a6a4cf453a99590f99e8350d,2024-03-07T07:50:48.376000,received,kaspa:qqs4f8mggq3zp0p79dyfnvsu0dgq822ra20zezd0ykgz6jzqg5qxcslxkxy8e,2506223214539,
13186076f2310714a8c8cb38bade3906dc9c5217a6a4cf453a99590f99e8350d,2024-03-07T07:50:48.376000,received,kaspa:qqmdrrlznz7cgax9jvefm4g4fwtsnnz8r96574qduyjakmyd5rtgc3a4rx0qr,2506223214539,
