tx_id,timestamp,direction,peer_address,amount_sompi,cex_label
d5808911a5999be90f46566295a904d89d33a3c89cce0eb10b78523c6f3550e8,2024-06-06T11:42:41.248000,sent,kaspa:qrf46klp3ud5d7m4cuxcs6uqmf2jq5emt9dxg2736mgyq40rzp0xvjh9alwyt,9900000000,
d5808911a5999be90f46566295a904d89d33a3c89cce0eb10b78523c6f3550e8,2024-06-06T11:42:41.248000,sent,kaspa:qq4gnmj9g9clwn9n9jrdlr5v2djhklkvt3m5p7acvm6vlgs25tccqg85svfdm,34420000,
b11b83b0a5f7eea2f02699cc5041e3f8e9b5eaa2199da3148b03dbf5dbaa4eae,2024-03-23T14:43:09.461000,received,kaspa:qrnv4mxpw7qysc8zk32vn6fkevxnscgk4hnxjeuxvzlpwv0rszyhz2rattpqn,10000,
80c7d0c6e84bee2d99501123067c6b080d9575c24868295150eb7bc58f1a76b7,2024-03-23T14:34:52.664000,received,kaspa:qzghnfp4dmdz75zcnl36qw3lcjsufu6hlyd5mzevvfsgzwxwlzafkcar7vmte,800000000,
80c7d0c6e84bee2d99501123067c6b080d9575c24868295150eb7bc58f1a76b7,2024-03-23T14:34:52.664000,received,kaspa:qqzq93n8wfj7g7z7l0ed2j80hpjxc44x2zuk4x3d9gqn36uw0lpdu8w8af5q4,800000000,
80c7d0c6e84bee2d99501123067c6b080d9575c24868295150eb7bc58f1a76b7,2024-03-23T14:34:52.664000,received,kaspa:qp0qpl6l4xw662kk9a2rl6ckhalphahtrmjzc755pz4fe4y0rvqmuml8trux5,800000000,
bcf88e89a80a5346b4ea2340ee780522f529f034c7f510836f9cef6cb1d00834,2024-02-13T13:50:34.702000,sent,kaspa:qzghnfp4dmdz75zcnl36qw3lcjsufu6hlyd5mzevvfsgzwxwlzafkcar7vmte,1032937606,
bef37c59827f893e9833b1c26672b99a2821b13d3ce2ebe4c70d7875fc3c65b6,2023-12-06T13:20:23.061000,sent,kaspa:qzghnfp4dmdz75zcnl36qw3lcjsufu6hlyd5mzevvfsgzwxwlzafkcar7vmte,9000000000,
bef37c59827f893e9833b1c26672b99a2821b13d3ce2ebe4c70d7875fc3c65b6,2023-12-06T13:20:23.061000,sent,kaspa:qr5cpy8hgladvefjl7wmfujcpz8rtz864ythqy485rl07w08cfr0ssfc95vhj,380780000,
6ee4f9fdc57817236b744ab83ec054a08297f3ffce3dd5d0553d70aaa951b8ea,2023-12-05T16:21:49.588000,received,kaspa:qr89ahkgxc0r8vc4d4xvsnkf2f53ahpnt9dshp94xghae8m80gwczlm9d9229,8999800000,
f055b69d9eabee2bf2a410436379cce7bb63e2dfd2ca641f339757434bf358c0,2023-12-05T15:06:35.244000,sent,kaspa:qphttgkynx5aemz8rsurg34srknay79w00nel80a3lmdperdpgnxjm8rwsk2t,3500000000,
f055b69d9eabee2bf2a410436379cce7bb63e2dfd2ca641f339757434bf358c0,2023-12-05T15:06:35.244000,sent,kaspa:qpzfsp3pwz57j0pg0furuqn9kkcnzvw2cdv3xlg3ps2keu7lg8n6kxgsygl0w,381020000,
a80025b953e4592cc18ca798c27be2b6df57de27e14f714b6ba76498d8cf21e3,2023-12-05T15:05:54.457000,received,kaspa:qzy27dm9xz6wnw7eugl4myzcf2xlkqu5rsaclv6q5hjs7qfgax3tv2xgajj25,3500000000,
a80025b953e4592cc18ca798c27be2b6df57de27e14f714b6ba76498d8cf21e3,2023-12-05T15:05:54.457000,received,kaspa:qz77ahzxy4y4xz4unwvjfulhuvysl4fs03gmaja7lj05htdj56z36xf6clxcc,3500000000,
a80025b953e4592cc18ca798c27be2b6df57de27e14f714b6ba76498d8cf21e3,2023-12-05T15:05:54.457000,received,kaspa:qzwr3jcaut8xe57kjzhug27anr40gf8q70lu0me0d6lqn9kyygv7qzxxhxy4j,3500000000,
4943cf0d2f89b53bf6277ee104711cbaa4e98a5d0e00b6f57ad4e9e6a23455a1,2023-12-04T10:22:48.923000,sent,kaspa:qzghnfp4dmdz75zcnl36qw3lcjsufu6hlyd5mzevvfsgzwxwlzafkcar7vmte,9000,
4943cf0d2f89b53bf6277ee104711cbaa4e98a5d0e00b6f57ad4e9e6a23455a1,2023-12-04T10:22:48.923000,sent,kaspa:qzngx4u6wpa2nt6ht7pdt6h6hugm36l7hxsc2duxdwmed9gqexs85sttjwkms,2454350000,
40545981859d7eb7491a9488d8472f0f5af2a6ef4079dbfdb30ace97c0ed711a,2023-12-04T10:21:46.345000,received,kaspa:qp4gzu8s5457uv668zejuxt9pjkp6akm7jslqmgf2wjhq28cugpa6wr2echt9,2454369000,
c8c5c40ec14d4e506c30f208bfde4eb91898884229f24252d1af302ba0b2d04d,2023-12-03T11:58:17.489000,sent,kaspa:qzghnfp4dmdz75zcnl36qw3lcjsufu6hlyd5mzevvfsgzwxwlzafkcar7vmte,347752400,
c8c5c40ec14d4e506c30f208bfde4eb91898884229f24252d1af302ba0b2d04d,2023-12-03T11:58:17.489000,sent,kaspa:qp5u2s8hyuruj0eqn2hf9dqmhejrmlf2ysk897hkhfhylta7x3apslm5c404e,204235600,
c8c5c40ec14d4e506c30f208bfde4eb91898884229f24252d1af302ba0b2d04d,2023-12-03T11:58:17.489000,sent,kaspa:qzghnfp4dmdz75zcnl36qw3lcjsufu6hlyd5mzevvfsgzwxwlzafkcar7vmte,347752400,
c8c5c40ec14d4e506c30f208bfde4eb91898884229f24252d1af302ba0b2d04d,2023-12-03T11:58:17.489000,sent,kaspa:qp5u2s8hyuruj0eqn2hf9dqmhejrmlf2ysk897hkhfhylta7x3apslm5c404e,204235600,
01ecbd1ca35eabaecff47dd4ec7691dd4617ea9ba11d0ad736cfdee3cf8f2341,2023-11-30T20:54:20.380000,received,kaspa:qz6vtnskpp3ytrv8dxfl75wkmlp0y8gfrdmq8hezez9md2aay0ul2ydxdn2tt,252008000,
62f94a7c8a3c4f64b92b1517f9310df2fe1b5e8ce50ee1f2248856669d39f9dc,2023-11-20T18:11:01.904000,sent,kaspa:qrf46klp3ud5d7m4cuxcs6uqmf2jq5emt9dxg2736mgyq40rzp0xvjh9alwyt,8999990000,
62f94a7c8a3c4f64b92b1517f9310df2fe1b5e8ce50ee1f2248856669d39f9dc,2023-11-20T18:11:01.904000,sent,kaspa:qzuewc6qhqkyrnlyt9q3yl2f9zggdkdxesh555399t579zt4qs0psjaujymeh,499980000,
c284fff5748739a0e3501cfe80c1be5820814d8c231c55cb440cc29a92bbe31c,2023-11-15T13:03:05.971000,received,kaspa:qr7uzyly8d8qt6nax7qln2kjw0lvdc5ysfgk3y3ltqx8qt9wkgjajrmm47wlt,2246920000,
98ecda411a692c2ecca46fb5659c6372e6a52c8d06689a27cc2a31d76a84b04e,2023-11-14T10:35:17.036000,received,kaspa:qzklzqpv2v8uqexezn72vnjjpxp0ay8m6s80vf5yfh2nc8qru8n0s8umfd7qj,200000000,
ee7fdbb58c9ab1eb8ce0f3276dd60a48683a2edc19873f2da7c75aacfdbaa358,2023-11-13T19:28:44.643000,received,kaspa:qpz8r3x252a7462utwtrruvv4qjjrvkzww9mcqspvnwd7munkqtp5qe9h6vza,300000000,
c7f17e5153f076c56da2809b579e0e1b58cc9e9e1ff5ad5e60b5b0051e5c3bda,2023-11-05T16:56:17.217000,sent,kaspa:qzghnfp4dmdz75zcnl36qw3lcjsufu6hlyd5mzevvfsgzwxwlzafkcar7vmte,3000000000,
c7f17e5153f076c56da2809b579e0e1b58cc9e9e1ff5ad5e60b5b0051e5c3bda,2023-11-05T16:56:17.217000,sent,kaspa:qp4q5kc4hnxtj9f80wtxdtqtcxpuqgxahc26zs6687qscdtmh53zc3sfuglpe,6999990000,
39ccf80a617715f2ad062c0dc478340006b40f63b238a087dd5a36d86dcc4c27,2023-10-22T22:37:52.237000,received,kaspa:qqm6f6yzg3r9twp8wr84r7ajmey48ne9ezt0ex20v4tzseyx8dxrypj29ywsq,10000000000,
e054a9c4cbb17ca8995095fad088f656e0c3f42f67e5ce5b5fa0eb2b2fc8b5c9,2023-10-22T20:04:34.106000,sent,kaspa:qrf46klp3ud5d7m4cuxcs6uqmf2jq5emt9dxg2736mgyq40rzp0xvjh9alwyt,50589430000,
e054a9c4cbb17ca8995095fad088f656e0c3f42f67e5ce5b5fa0eb2b2fc8b5c9,2023-10-22T20:04:34.106000,sent,kaspa:qrf46klp3ud5d7m4cuxcs6uqmf2jq5emt9dxg2736mgyq40rzp0xvjh9alwyt,50589430000,
e054a9c4cbb17ca8995095fad088f656e0c3f42f67e5ce5b5fa0eb2b2fc8b5c9,2023-10-22T20:04:34.106000,sent,kaspa:qrf46klp3ud5d7m4cuxcs6uqmf2jq5emt9dxg2736mgyq40rzp0xvjh9alwyt,50589430000,
e054a9c4cbb17ca8995095fad088f656e0c3f42f67e5ce5b5fa0eb2b2fc8b5c9,2023-10-22T20:04:34.106000,sent,kaspa:qrf46klp3ud5d7m4cuxcs6uqmf2jq5emt9dxg2736mgyq40rzp0xvjh9alwyt,50589430000,
ec15abf5f3d195df819a0836ed58e17dd11c7832d60f974c25d8b4e4cefce714,2023-09-30T14:15:13.626000,received,kaspa:qzej53c678sjx040rnkt8t7hgw53kp38rm3f9v36aey5y4hpf62z2j3dd7w2f,1000000000,
c99f91c4bf20aabd3142d123d396ce0b863838b926f1c69c62756aac852549eb,2023-09-26T20:23:48.878000,received,kaspa:qrmmdmds9yqm44t5h28rpxzgp92xqqpgzk0xrgsj0ra6k8tyzuug7q8cumtfs,1000000000,
67094a4e7865b373c3bbb1b38ae56c77ce73de2670e5fa89fbdf7bd65637f462,2023-09-23T09:09:02.746000,sent,kaspa:qqxrm2kv8swrjy0p9rtq4j3efxxkgl9vnxu037fa6n84rwvfkufayy54gpznz,9900000000,
67094a4e7865b373c3bbb1b38ae56c77ce73de2670e5fa89fbdf7bd65637f462,2023-09-23T09:09:02.746000,sent,kaspa:qpcf3utsp2pm62yf0jachepyxk0rmmfps0443z0zjq3sncrxnaxukkm7jy9x4,990000000000,
3447904aa7627cc6d8b3998a0ccf03f0a8261ba967644a3c4f6452953c3d7dba,2023-09-23T09:08:26.275000,received,kaspa:qpt5fcpyqvmz0a370qfe20lgehg230fk7x78fzw72nyz66jr5hwz638w58t48,999900010000,
3447904aa7627cc6d8b3998a0ccf03f0a8261ba967644a3c4f6452953c3d7dba,2023-09-23T09:08:26.275000,received,kaspa:qqvcl8juz6g22ve4n3fmhuf77ng96m7u3zhwgf3lr4uxkfpxgmsvg2v9xvgls,999900010000,
de060b573a022236951927e3835066e4f40f548346b6ec0cbc2f6577223e9201,2023-09-22T16:09:38.579000,received,kaspa:qpfxtfl2d4a9y4az5vwrx2gc2p9uqvshx8jvwk7nyhp2h7d78ql85rmx9hl3f,10000,
900b1576952a1ab53f5318809dae147c66e7e58653d0c8676164ff15c1d4755a,2023-09-22T16:07:36.427000,received,kaspa:qzajaezz7uzljf0kjq50g5jldez5xqf4zn9ys2hwnvwt6r9vs766yqd4lnpm8,40000,
7c339147dedbb540ba782904b265a6721b45e7ce4e919c55a1ae89e9bc5e25d2,2023-09-22T15:35:43.703000,received,kaspa:qqxrm2kv8swrjy0p9rtq4j3efxxkgl9vnxu037fa6n84rwvfkufayy54gpznz,593080000,
ad2d45426a88f44b0a0d314b59c0ddb712c520b03710d84388e030ab7ef73b47,2023-09-22T15:33:41.277000,sent,kaspa:qqxrm2kv8swrjy0p9rtq4j3efxxkgl9vnxu037fa6n84rwvfkufayy54gpznz,803808060000,
ad2d45426a88f44b0a0d314b59c0ddb712c520b03710d84388e030ab7ef73b47,2023-09-22T15:33:41.277000,sent,kaspa:qqxrm2kv8swrjy0p9rtq4j3efxxkgl9vnxu037fa6n84rwvfkufayy54gpznz,803808060000,
ad2d45426a88f44b0a0d314b59c0ddb712c520b03710d84388e030ab7ef73b47,2023-09-22T15:33:41.277000,sent,kaspa:qqxrm2kv8swrjy0p9rtq4j3efxxkgl9vnxu037fa6n84rwvfkufayy54gpznz,803808060000,
ad2d45426a88f44b0a0d314b59c0ddb712c520b03710d84388e030ab7ef73b47,2023-09-22T15:33:41.277000,sent,kaspa:qqxrm2kv8swrjy0p9rtq4j3efxxkgl9vnxu037fa6n84rwvfkufayy54gpznz,803808060000,
ad2d45426a88f44b0a0d314b59c0ddb712c520b03710d84388e030ab7ef73b47,2023-09-22T15:33:41.277000,sent,kaspa:qqxrm2kv8swrjy0p9rtq4j3efxxkgl9vnxu037fa6n84rwvfkufayy54gpznz,803808060000,
ad2d45426a88f44b0a0d314b59c0ddb712c520b03710d84388e030ab7ef73b47,2023-09-22T15:33:41.277000,sent,kaspa:qqxrm2kv8swrjy0p9rtq4j3efxxkgl9vnxu037fa6n84rwvfkufayy54gpznz,803808060000,
eb7372e0ce98d1f89735780484bc898766b8965e00da2321a17b6596d5aef8d2,2023-09-22T15:18:07.646000,received,kaspa:qrxp4cln98ylnnx5een85gw4asagzl78gch4w54qe9kgufyukumssmgdk3rda,800000000000,
eb7372e0ce98d1f89735780484bc898766b8965e00da2321a17b6596d5aef8d2,2023-09-22T15:18:07.646000,received,kaspa:qzurm34wtzcf64z9tcxa32we3dx6pcnafzu7hedxxnfep5hdtqt52u55ythd5,800000000000,
8e8b6eb56d0305167ed2dfec63fe39e41143ccdfb04d17654ccf1f06a75ebf59,2023-09-22T08:30:51.600000,received,kaspa:qpcqet786kpetfetg82uy00jd8fzu0u2twazggcgnpndvgp3530w534vvg3rp,3990000,
5cf2f87a786f174b866614cd8b9ae4f79d3887a5b12868d6dfaa0649205e9abc,2023-09-22T08:30:23.682000,sent,kaspa:qqxrm2kv8swrjy0p9rtq4j3efxxkgl9vnxu037fa6n84rwvfkufayy54gpznz,69900000000,
5cf2f87a786f174b866614cd8b9ae4f79d3887a5b12868d6dfaa0649205e9abc,2023-09-22T08:30:23.682000,sent,kaspa:qpjh737nkpye5xqmszvjklw5c95yppv0pnccg8f8nhvgy2n9yuyes0vydpjmz,50780000,
5cf2f87a786f174b866614cd8b9ae4f79d3887a5b12868d6dfaa0649205e9abc,2023-09-22T08:30:23.682000,sent,kaspa:qqxrm2kv8swrjy0p9rtq4j3efxxkgl9vnxu037fa6n84rwvfkufayy54gpznz,69900000000,
5cf2f87a786f174b866614cd8b9ae4f79d3887a5b12868d6dfaa0649205e9abc,2023-09-22T08:30:23.682000,sent,kaspa:qpjh737nkpye5xqmszvjklw5c95yppv0pnccg8f8nhvgy2n9yuyes0vydpjmz,50780000,
3f4b4d30ae9f058cd41bd94cc14f43fc41aa29662871643b197d1ff00e6e4c6d,2023-09-21T19:42:14.618000,received,kaspa:qzk22h4j2hr6vy7q9msr3qdpp282ppypw37z5jaxpulzczxpeemy22lnpqa5c,3742210000,
9c43945a9a664aeb97cfcbf26ed54da0a2e430418a8268ae989cda24d4b3a965,2023-09-20T08:19:58.824000,received,kaspa:qz8e2husz0x6rqaznh8r7sd8ajqx570utsfmjlp76tu3vz5vgnrz5gy4xzmjm,11070000,
0ec530170be4c4cedc8b8068d529a73d79b218a0a91d99aa7cbf9f8d4e881910,2023-09-20T08:16:22.759000,received,kaspa:qq9p5l0xvtk9jhnqhyhd7znqcdf33vuwe0wl9q2yekej2yqfr6ucs779r7ac4,20000000000,
6399416ca5c38724502f6bd1f65010c9ea0c0a2aa1c8f294a87032f22b4d2c2c,2023-09-19T20:22:11.044000,sent,kaspa:qqxrm2kv8swrjy0p9rtq4j3efxxkgl9vnxu037fa6n84rwvfkufayy54gpznz,400000000000,
6399416ca5c38724502f6bd1f65010c9ea0c0a2aa1c8f294a87032f22b4d2c2c,2023-09-19T20:22:11.044000,sent,kaspa:qrkw9nae8z5ms3ecsrlztffma23c5zyevrrc5npcnlq00vehttxqkvt0w73ct,49999970000,
7c85aa4dcedd2a8e6253e02faacbda5cd0bf8c719c4c8b0f569db5400f494794,2023-09-19T18:03:17.034000,sent,kaspa:qqxrm2kv8swrjy0p9rtq4j3efxxkgl9vnxu037fa6n84rwvfkufayy54gpznz,20000,
7c85aa4dcedd2a8e6253e02faacbda5cd0bf8c719c4c8b0f569db5400f494794,2023-09-19T18:03:17.034000,sent,kaspa:qql6ah7ms44xng9063g0vvxpkyz4s2k68refn5zvvj08qwvkz97d6ypfwk58v,399999970000,
a76d9da298b2b6b0e11510e7001d2f56b4009235d642099ba612148866b8bb0d,2023-09-19T18:02:39.937000,received,kaspa:qzz46rzuffq5rzk5wkpwye8l3tv504vexk6ce7rduzdh4960vygzjzt8ms5pk,50000,
8fe4c8af85a80a023f8a84efac419bdbd29b8c911ac7fd361673928f6270be16,2023-09-19T13:02:03.751000,received,kaspa:qqf0rh347jtah2rfzja5cvfyzmyunxm5k27tgrmlhv082lqznhrwgx42a8qmy,10000,
bc98004be7651efa87830b3d1f2e8dbada0d4466273f378caaf73ca5ff02ed66,2023-09-19T12:54:42.471000,received,kaspa:qqrmd8l3rjutuuewermww4rjuhq8algsk7ss00rcwxes7l5vsgekvdmkmkf77,400000000000,
8f0068ec821128d461a78713f271dafb2ef159f465f02d6066994d94cdc89758,2023-09-19T09:38:42.378000,received,kaspa:qrk8ggqk3wec5al8pjpal8zr7puhpwwyl7502xlsz47gf0fwrccdsvfy8np5g,30000,
15fedb7ac8d37c6d68306f8d983b6ee04d7e0af845cdbe887e38589c7d083495,2023-09-19T09:35:02.874000,received,kaspa:qqetp7ct8kqss99fxmymyz5t3fezppxp0t58wl6pawp27elqd46uudme00cl0,50000020000,
13f5d2490eeb462c555ce3f4205486862ebe5eff06e720471202d9aa0faf64e2,2023-09-19T08:56:28.978000,sent,kaspa:qp0qnczz5jc8vpujuyqrjw5eey73paqfgxks7505pqdz9eqwmwftxg44gu00z,19400000,
13f5d2490eeb462c555ce3f4205486862ebe5eff06e720471202d9aa0faf64e2,2023-09-19T08:56:28.978000,sent,kaspa:qp9gt4fne3cp29mltzmr3w94jptxd9u8sljd009pszzp4eyjcz6ywdj2x4vvs,39999990000,
7ef0ede8c0758c022e9bbf91861c675e57938821d4133b36cd3892d3928cfe86,2023-09-19T08:54:08.454000,received,kaspa:qqetp7ct8kqss99fxmymyz5t3fezppxp0t58wl6pawp27elqd46uudme00cl0,10000000000,
a6bb836ecbf65d902564ee2083f92c25080d2d6ec36724e4140dbcdd197b98aa,2023-09-19T08:52:16.646000,received,kaspa:qqsu8we03zjey0cmfh2mzcktw475ygn5cllvjum7fh3nqyxzkwqrv7k6hs89n,40019400000,
87dd8b04e9b18de604c246a8d67f7560e935392c3c76c8c7180adb55a7534f14,2023-09-19T08:49:30.330000,sent,kaspa:qqxrm2kv8swrjy0p9rtq4j3efxxkgl9vnxu037fa6n84rwvfkufayy54gpznz,39999990000,
2fc880775c9051ac4afe94f4f60d2b3fd95df823b6fe271abfc3bc4c9604a444,2023-09-19T08:47:22.251000,received,kaspa:qqv53zsgjyac8gzprtmxvlxd6pzwv67vmfgpc7yj89a5h4as6l3rwhpkrj4yt,40000000000,
