tx_id,timestamp,direction,peer_address,amount_sompi,cex_label
4645cd3057480e8a1bbb0d160b4040f508dcb5f65ca37caf7de9b6227d465d15,2023-12-13T06:25:09.162000,sent,kaspa:qr7r8rtehym00mcmmucflvu2003fsevzc9s0rezsltzwd6jd34p2cg3nd43cf,170990000,
fd42eaebbf28964c6e7bb95686f031cae1f46c311dbd74a3b6ec35c02e0e2be3,2023-12-12T02:23:21.124000,received,kaspa:qypswxtcrv4ssyjaswy5w9387vq73mkuyq85tl34cee6qn5uexqy0csgnafnjx7,171000000,
ab8c82c4cc90c426e5e4274d188a95d6d64eeafa15426bad6acb2880ce2dbce3,2023-11-28T00:22:49.239000,sent,kaspa:qypd79396hvfjpmuyy66h8w6ur56unvhpz3gf4wxdyxngt3twjr3gecgzv60kvg,18000000,
723e94a6c590c40a2a0d0c329f19fa3bfd12096aee1a6ebddbb1eaa3fab04cbe,2023-11-27T16:39:02.687000,received,kaspa:qqant32k5qyajm5wrev93mmglf93cp4yunzyj3l3h9qeq390ft2jxgk8p8wpw,18010000,
