tx_id,timestamp,direction,peer_address,amount_sompi,cex_label
837abaf88b75a8afd666679254848173b72a2f53602d57a9d82806a8a47854ac,2024-01-25T03:06:13.440000,sent,kaspa:qpjunp39ssazf4rzfxxu0hd35xggfxn6lq0ls9u9q6peevzcmcv4xmv9q4njd,81659075492,
3d6e96bc860aa22d1c6554b2d007d90eb54bd1c8b44fdf08992434aa323653ed,2024-01-25T03:06:11.073000,sent,kaspa:qpjunp39ssazf4rzfxxu0hd35xggfxn6lq0ls9u9q6peevzcmcv4xmv9q4njd,81596512081,
d3fa92f8001a203d80082cab423cea6f14542269277f9374a5b71240a44f49f7,2024-01-22T17:15:35.099000,sent,kaspa:qpjunp39ssazf4rzfxxu0hd35xggfxn6lq0ls9u9q6peevzcmcv4xmv9q4njd,387203732192,
dadf34bc2091673649ce63ff78508159da6be35622e7e10e58fa3da4e0d2f88e,2023-12-28T22:40:07.768000,sent,kaspa:qpjunp39ssazf4rzfxxu0hd35xggfxn6lq0ls9u9q6peevzcmcv4xmv9q4njd,8825037890576,
9d3c88d6b9f617fc62e5f26c07953c2f317377b015f84515764d0a1174d9efca,2023-12-28T20:57:51.079000,received,kaspa:qqwvnkp47wsj6n4hkdlgj8dsauyx0xvefunnwvvsmpq2udd0ka8ckmpuqw3k5,195499001600,
b106b9fb8c38c1af5fbbde7e32e323b6cf85237719ca63292c1e8c1a3ca6c31f,2023-12-28T20:17:35.234000,received,kaspa:qqwvnkp47wsj6n4hkdlgj8dsauyx0xvefunnwvvsmpq2udd0ka8ckmpuqw3k5,4400000000,
b106b9fb8c38c1af5fbbde7e32e323b6cf85237719ca63292c1e8c1a3ca6c31f,2023-12-28T20:17:35.234000,received,kaspa:qqwvnkp47wsj6n4hkdlgj8dsauyx0xvefunnwvvsmpq2udd0ka8ckmpuqw3k5,4400000000,
b106b9fb8c38c1af5fbbde7e32e323b6cf85237719ca63292c1e8c1a3ca6c31f,2023-12-28T20:17:35.234000,received,kaspa:qqwvnkp47wsj6n4hkdlgj8dsauyx0xvefunnwvvsmpq2udd0ka8ckmpuqw3k5,4400000000,
b106b9fb8c38c1af5fbbde7e32e323b6cf85237719ca63292c1e8c1a3ca6c31f,2023-12-28T20:17:35.234000,received,kaspa:qqwvnkp47wsj6n4hkdlgj8dsauyx0xvefunnwvvsmpq2udd0ka8ckmpuqw3k5,4400000000,
b106b9fb8c38c1af5fbbde7e32e323b6cf85237719ca63292c1e8c1a3ca6c31f,2023-12-28T20:17:35.234000,received,kaspa:qqwvnkp47wsj6n4hkdlgj8dsauyx0xvefunnwvvsmpq2udd0ka8ckmpuqw3k5,4400000000,
b106b9fb8c38c1af5fbbde7e32e323b6cf85237719ca63292c1e8c1a3ca6c31f,2023-12-28T20:17:35.234000,received,kaspa:qqwvnkp47wsj6n4hkdlgj8dsauyx0xvefunnwvvsmpq2udd0ka8ckmpuqw3k5,4400000000,
b106b9fb8c38c1af5fbbde7e32e323b6cf85237719ca63292c1e8c1a3ca6c31f,2023-12-28T20:17:35.234000,received,kaspa:qqwvnkp47wsj6n4hkdlgj8dsauyx0xvefunnwvvsmpq2udd0ka8ckmpuqw3k5,4400000000,
b106b9fb8c38c1af5fbbde7e32e323b6cf85237719ca63292c1e8c1a3ca6c31f,2023-12-28T20:17:35.234000,received,kaspa:qqwvnkp47wsj6n4hkdlgj8dsauyx0xvefunnwvvsmpq2udd0ka8ckmpuqw3k5,4400000000,
b106b9fb8c38c1af5fbbde7e32e323b6cf85237719ca63292c1e8c1a3ca6c31f,2023-12-28T20:17:35.234000,received,kaspa:qqwvnkp47wsj6n4hkdlgj8dsauyx0xvefunnwvvsmpq2udd0ka8ckmpuqw3k5,4400000000,
b106b9fb8c38c1af5fbbde7e32e323b6cf85237719ca63292c1e8c1a3ca6c31f,2023-12-28T20:17:35.234000,received,kaspa:qqwvnkp47wsj6n4hkdlgj8dsauyx0xvefunnwvvsmpq2udd0ka8ckmpuqw3k5,4400000000,
b106b9fb8c38c1af5fbbde7e32e323b6cf85237719ca63292c1e8c1a3ca6c31f,2023-12-28T20:17:35.234000,received,kaspa:qqwvnkp47wsj6n4hkdlgj8dsauyx0xvefunnwvvsmpq2udd0ka8ckmpuqw3k5,4400000000,
337b0bb56ca01efa7bffb95df0cfbc0dbc9718060c712f14344717abf282d586,2023-08-09T11:39:44.215000,received,kaspa:qzhplznkasur07f4etz3mnfa7xpgrw3eqkfq08wfdxke6njkc3z95ltkxju4q,927197931,
7b1c1ac54f16a58e126be69ba49c84880dbb339a4874425f861dfdb05dc41383,2023-08-07T21:34:00.938000,received,kaspa:qpky30xgw6ktufacyssac8uxwjzacahljxmmh3ft30pvv82g7t7asxv0u4e2j,927997930,
