tx_id,timestamp,direction,peer_address,amount_sompi,cex_label
b51c59e0240c5082d4c93a555436efe5233065198196ac696d2d350363e2432f,2025-05-01T21:41:09.912000,sent,kaspa:qp66keaky7tqpk3vlpxg68pv4lmzcyaxxnpslavsp9eu86jpwjvlkz8jr238j,3000000000,
b51c59e0240c5082d4c93a555436efe5233065198196ac696d2d350363e2432f,2025-05-01T21:41:09.912000,sent,kaspa:qq56z7p0vx4ay2ukk9e45v95m3z609n3z770lrfafztwnv82heh8u9f07wd35,77595574,
cbfd947f9d59397997d63bcec13174af188ad312f68e8393d25383c8863e2e55,2025-04-28T19:36:52.350000,received,kaspa:qz8npgy2p0zqq3s33epl55xzrht32espwp888cpf3sf8yaep5l5mvd4ap9czx,19767995,
cbfd947f9d59397997d63bcec13174af188ad312f68e8393d25383c8863e2e55,2025-04-28T19:36:52.350000,received,kaspa:qr60htent3t2xhv92l0rtn27xkct8vgg6htnfwergdluuhj8yas8zaqlcgxu5,19767995,
