tx_id,timestamp,direction,peer_address,amount_sompi,cex_label
171a5fca32b770857dd1017568c85abddc5de72c568ad0c57fbe0d59ea032389,2023-12-16T03:02:38.089000,sent,kaspa:qzslgwenzu78t6tldlng383g7ruu4enaljmnkgaulyrscjp7ldt26x8gfxck5,171940000,
171a5fca32b770857dd1017568c85abddc5de72c568ad0c57fbe0d59ea032389,2023-12-16T03:02:38.089000,sent,kaspa:qzslgwenzu78t6tldlng383g7ruu4enaljmnkgaulyrscjp7ldt26x8gfxck5,171940000,
a50e5a4b6cdb5c1370c2ee3fab37ee178bdfccf258204aedfe201fcccc3a951b,2023-12-11T23:07:41.648000,received,kaspa:qypswxtcrv4ssyjaswy5w9387vq73mkuyq85tl34cee6qn5uexqy0csgnafnjx7,171000000,
3d37bb62345eee070f6dc12d79d395a4a76900b6b4071ce32219aceed6427367,2023-11-27T12:29:27.475000,sent,kaspa:qypptnc4lq6nkfvf5gvmv9jgdr9j58u3px8cj4v6zzkn725grmjgwps2ap3xx7t,18000000,
0804278e3fe5d85e59981f70b8a858e32388e7f0f337acbbbd666322f861ef5f,2023-11-27T03:59:52.537000,received,kaspa:qrl5z097v376x0t7s4u4ul3czqxfsx7nnxhd8c7pwmgv788x4f79xgmcmxqp6,19000000,
