tx_id,timestamp,direction,peer_address,amount_sompi,cex_label
72d06479ba5196e494c9b67182e0b7677e0fb2c8c7ef1ab85a53a82bce19a75a,2023-12-13T08:37:23.527000,sent,kaspa:qqh06puhtgsu5utuakvv88ewhppn4dtp0k4a2df0xxga6ytg5p7vzcs0tuml5,14363160000,
67e028a0c563c7623d4072d8d8ccde2d1f9132f0d1243d394506f5ebcc4dbbc1,2023-12-12T13:42:19.820000,received,kaspa:qypswxtcrv4ssyjaswy5w9387vq73mkuyq85tl34cee6qn5uexqy0csgnafnjx7,171000000,
0377be8f3a758884c63ed0164a1ec244b4a72d4704032c4aecd4cf2f84f2a7ca,2023-11-28T18:59:02.848000,sent,kaspa:qyp2vrextfd9hnxkrm3dyme7tna0dw0yac0rjm3mcuu55gxk5j93wrqt30pclys,18000000,
0377be8f3a758884c63ed0164a1ec244b4a72d4704032c4aecd4cf2f84f2a7ca,2023-11-28T18:59:02.848000,sent,kaspa:qr3vt4v2c4jmwdz8grds8kydu5new66tlxs827nrh3wzu24s9w7hs6ma04d8g,3011150000,
923fd2bd8ea17657f76c156e53dfb03a7fc5516cc82297502c7554c7a119ba58,2023-11-28T18:50:36.503000,received,kaspa:qqz6k6ynq68sxjschtkw74pumnfsq508j3ydx9tqcz27zv9fh2pm7hg6zcdxx,3029160000,
