tx_id,timestamp,direction,peer_address,amount_sompi,cex_label
756942bba329aebcb2881d36e896f5871f823cb256fdb3ff0f7558604ad1089e,2023-12-18T05:16:36.435000,sent,kaspa:qrkaxvl2tw6pq6zx9xrr9lqnt9x72upf0hsrp3cvgcmfz77m50ycua35nz200,172970000,
756942bba329aebcb2881d36e896f5871f823cb256fdb3ff0f7558604ad1089e,2023-12-18T05:16:36.435000,sent,kaspa:qrkaxvl2tw6pq6zx9xrr9lqnt9x72upf0hsrp3cvgcmfz77m50ycua35nz200,172970000,
02c3e07f29f047eea221f403576af3810aae0b3fddf4480ebb945a94d9bb0a2c,2023-12-12T15:51:02.363000,received,kaspa:qypswxtcrv4ssyjaswy5w9387vq73mkuyq85tl34cee6qn5uexqy0csgnafnjx7,171000000,
bbce8fbbc2775511b6bedd2908a4aa1ec7060d647deb49f775cf5eced01ca7fe,2023-11-29T02:23:08.168000,sent,kaspa:qypr3ysqngj9mgz0z9hxp87uyw3ap8lwj87d5hmyrzps0322xnj0dggmep9uuny,18000000,
9dfd0e36cd91965cb439cc50cbb19e280e542c82939f857772d676e0d5db14c1,2023-11-28T08:56:30.841000,received,kaspa:qzu40r2jlulrsv3pcugwx5985w66hwv8nqy0wugzhl7ty683yrf9kv4ps2w9j,20000000,
