tx_id,timestamp,direction,peer_address,amount_sompi,cex_label
d3bd5c5c8923fcbe123802bc5bedb3e44c77069a8eedd67fd428e7f76aa1dfe1,2023-12-16T05:10:21.187000,sent,kaspa:qzslgwenzu78t6tldlng383g7ruu4enaljmnkgaulyrscjp7ldt26x8gfxck5,171940000,
d3bd5c5c8923fcbe123802bc5bedb3e44c77069a8eedd67fd428e7f76aa1dfe1,2023-12-16T05:10:21.187000,sent,kaspa:qzslgwenzu78t6tldlng383g7ruu4enaljmnkgaulyrscjp7ldt26x8gfxck5,171940000,
999d95a76359ceb3045fe4ef1ddce58684e9d2c023a4d0f8349c4b49fe65a33f,2023-12-13T03:45:48.513000,received,kaspa:qypswxtcrv4ssyjaswy5w9387vq73mkuyq85tl34cee6qn5uexqy0csgnafnjx7,171000000,
a38666cf410fc27ec6460562d7950455070b8003fbd54ce7523cc0dad9ab4a4c,2023-11-29T19:01:02.143000,sent,kaspa:qypu77edlnhu9fuwwcg7lwvqq6629gp0z7n9gcgqz46paa2srukzlzsesmk02vz,18000000,
3e9a5d84b67c5f1e1b1582444523fea63f05249ee548f1ed6bfd4b2389216bb9,2023-11-29T07:31:55.760000,received,kaspa:qqrldyr25f9rtxswh0fmuup5qsuemkjrsg5p5zgclzu4rx5fkeut2u2kc9jpv,19000000,
