tx_id,timestamp,direction,peer_address,amount_sompi,cex_label
889976d98d9de19447effeaa770159843d04ed56a6d8c5e76b6fd7cc2d47ea8f,2023-12-16T04:37:40.577000,sent,kaspa:qzslgwenzu78t6tldlng383g7ruu4enaljmnkgaulyrscjp7ldt26x8gfxck5,171940000,
889976d98d9de19447effeaa770159843d04ed56a6d8c5e76b6fd7cc2d47ea8f,2023-12-16T04:37:40.577000,sent,kaspa:qzslgwenzu78t6tldlng383g7ruu4enaljmnkgaulyrscjp7ldt26x8gfxck5,171940000,
783bd8e5898d280e6b7ba8b6291fb573f9970f3bb4d93db44136377c5d637e3f,2023-12-12T22:09:17.880000,received,kaspa:qypswxtcrv4ssyjaswy5w9387vq73mkuyq85tl34cee6qn5uexqy0csgnafnjx7,171000000,
a42af558ecc326d14d2b1d1717acbba7fd4484982ee66ec5f3ca06257047b94f,2023-11-29T13:43:13.200000,sent,kaspa:qyp6w8m22fpmqpls9g9adt220nnca7vv9v0228z68c5uxxyhgngrjgs4efqpthv,18000000,
607016c828634bfda6a0df3adaba2e1bf027ec46c90a5506f8b784c92757bb4d,2023-11-29T10:59:06.272000,received,kaspa:qr5fd84m2hrt4lkqt6s5gjc2lwlsve5vd4eqyvtz3uagvau68w5d2zkljale4,19000000,
