tx_id,timestamp,direction,peer_address,amount_sompi,cex_label
834df8658ef6bef292095cbde4e81d2e93ea515767cc0eee0eea3d7819416141,2023-12-16T04:27:40.919000,sent,kaspa:qzslgwenzu78t6tldlng383g7ruu4enaljmnkgaulyrscjp7ldt26x8gfxck5,171940000,
834df8658ef6bef292095cbde4e81d2e93ea515767cc0eee0eea3d7819416141,2023-12-16T04:27:40.919000,sent,kaspa:qzslgwenzu78t6tldlng383g7ruu4enaljmnkgaulyrscjp7ldt26x8gfxck5,171940000,
0de7c2e4f588b90044cfff92684dbf6896375583c727482736438278e1d3c5a5,2023-12-12T11:37:48.064000,received,kaspa:qypswxtcrv4ssyjaswy5w9387vq73mkuyq85tl34cee6qn5uexqy0csgnafnjx7,171000000,
e3de5ee3a63c01dbbb2bc52137da9c0a6f0bd645e52936e8ae1093930484ffa2,2023-11-28T16:04:39.959000,sent,kaspa:qyp3l5mm84vyk5m89eexjczp3f8auacswumf9p6da9zadr534yh6sms9tyuc00g,18000000,
8aca606ff905877f64b645b59e4a3de408ce4391ccbe46fcf9cb3b9d8d00bbc4,2023-11-28T02:56:45.773000,received,kaspa:qqaugwf5jw2eagnzq0ncvce6p8n8nwyxzwxmyxwqx7uast3nnv6q6xd4qglxr,19000000,
