tx_id,timestamp,direction,peer_address,amount_sompi,cex_label
02d97990c8cef91ee037ec2df8d4117c2526d5117bc0ec53ed6353eacc72c863,2024-02-20T04:08:07.340000,sent,kaspa:qq6unnf8p62vkudx94u4t90ruxma7zad8wew463l5dhgnyjtrt0sc82lc5ykw,170990000,
c05e06d4589a5e301642eac3253bfd8fa2d87ff77c5fe2d00d7c9a614f273b56,2023-12-12T06:18:57.772000,received,kaspa:qypswxtcrv4ssyjaswy5w9387vq73mkuyq85tl34cee6qn5uexqy0csgnafnjx7,171000000,
62451cc18aceb24caf97c59c8054acc98733d59ddf3fd75c30661c2973fd4d43,2023-11-28T07:15:18.154000,sent,kaspa:qz9mjp0946l3wtg5wtj2aghmrzue4udq2z20v2wdwv8cqnjl7hxzgjgcg04xl,1077820000,
af89775c9ba545e539ee73e734bdfe9b88bdf1027d10915afcb5a3cf51b15d9e,2023-11-28T07:11:08.753000,sent,kaspa:qyphnyxutnjweafzsltaphzu0cfgx923v7x3wrm7utdgj68jelus34sq57wd5xa,18000000,
7bf9f7991028fb570c7d86389ca51303d28542a0e7d4236ee340b8ccf59b6a20,2023-11-28T07:01:33.225000,received,kaspa:qq90vha06f3yzjjkhu275kx47dnv3slrjsdrz70d9p2ahtuuc8wn50lwrn80d,1095840000,
