tx_id,timestamp,direction,peer_address,amount_sompi,cex_label
ee9c172f72ef9a742235d4bb2d18380f30b8d9bc10756fc919dcda188adc9eec,2023-12-16T04:38:25.911000,sent,kaspa:qzslgwenzu78t6tldlng383g7ruu4enaljmnkgaulyrscjp7ldt26x8gfxck5,171940000,
ee9c172f72ef9a742235d4bb2d18380f30b8d9bc10756fc919dcda188adc9eec,2023-12-16T04:38:25.911000,sent,kaspa:qzslgwenzu78t6tldlng383g7ruu4enaljmnkgaulyrscjp7ldt26x8gfxck5,171940000,
b002c42fb4babf96b839eae2ffa5bd4e0aad2c6669087fd2d5a921e6c48bcc46,2023-12-12T22:25:36.095000,received,kaspa:qypswxtcrv4ssyjaswy5w9387vq73mkuyq85tl34cee6qn5uexqy0csgnafnjx7,171000000,
635890e51a8c7d6b2bd8940ff3717ba5c666e35893810b2d0d844259455f3bb7,2023-11-29T14:00:40.201000,sent,kaspa:qyphr6w3ns6kl7qp5p33dcj70lf8my8q7yp06cygnmkx3tmnqzup0aqmftcadmk,18000000,
f183844d37dbb01bf30da09a43a6b9463e8e352086c448933d370fcdc769106c,2023-11-29T12:42:17.121000,received,kaspa:qpt4rs4dse5l4ane0e0tv6nc2m9eu9gd33t5rkm6dtu8dpvxatuajce59z4ea,19000000,
