tx_id,timestamp,direction,peer_address,amount_sompi,cex_label
d08e6d0e7932eb47616bb603e73a44f20705c377a7e4b0a830d76b9faa04bde0,2023-12-16T03:59:48.313000,sent,kaspa:qzslgwenzu78t6tldlng383g7ruu4enaljmnkgaulyrscjp7ldt26x8gfxck5,171940000,
d08e6d0e7932eb47616bb603e73a44f20705c377a7e4b0a830d76b9faa04bde0,2023-12-16T03:59:48.313000,sent,kaspa:qzslgwenzu78t6tldlng383g7ruu4enaljmnkgaulyrscjp7ldt26x8gfxck5,171940000,
ecacf8b4abce28c65baba27aabc829636caae5a50f7d2ef692b1e4a513704577,2023-12-12T04:50:06.916000,received,kaspa:qypswxtcrv4ssyjaswy5w9387vq73mkuyq85tl34cee6qn5uexqy0csgnafnjx7,171000000,
a3d37a42f1349806e42d98d4e6760a238d5f0705bf261678555cc916295ec1ed,2023-11-28T04:38:48.444000,sent,kaspa:qypmg875yrec9lughyfk5fjljgzq8v4c63spjcu22m7wfkg2zt202yqjg4t8wej,18000000,
fa79f2a64bc5004767bb6bd8839ff53084acb45558bd5f5d3245aa5edc51d3f8,2023-11-27T21:46:31.333000,received,kaspa:qzs93uy8lgftjy8s3hy4k4hdawca232l0j597rufq8m626hl8tk7q7cynjhdl,19000000,
