tx_id,timestamp,direction,peer_address,amount_sompi,cex_label
382122a99ee149d3d1854d8b313301a37bb609c2a9ac59317c4462c8ce500228,2023-12-16T04:22:00.221000,sent,kaspa:qzslgwenzu78t6tldlng383g7ruu4enaljmnkgaulyrscjp7ldt26x8gfxck5,171940000,
382122a99ee149d3d1854d8b313301a37bb609c2a9ac59317c4462c8ce500228,2023-12-16T04:22:00.221000,sent,kaspa:qzslgwenzu78t6tldlng383g7ruu4enaljmnkgaulyrscjp7ldt26x8gfxck5,171940000,
d70f87ecb06c58fff311d9ec61395a04058f92f3b152364ba0822108f5d58a49,2023-12-12T15:35:36.298000,received,kaspa:qypswxtcrv4ssyjaswy5w9387vq73mkuyq85tl34cee6qn5uexqy0csgnafnjx7,171000000,
703db9a25be69b8ede9eb45cc659454eac720a60132a4488ed492a77997759f2,2023-11-29T01:46:51.877000,sent,kaspa:qyp2srrzt76w5fsee8jhfww0vqhe7242jx2lqupk38ph0yqfpzc5auqwz2xna4y,18000000,
00946505e6b493b2d38cb3209b495d89ee7ad6413ee75aa8780d400e016dac13,2023-11-28T22:58:15.664000,received,kaspa:qp8a2fcu2cxaltk6t2uh0m0pgx8jxydj5wsd66gept78s8x68n98qdvhh8tzp,19000000,
