tx_id,timestamp,direction,peer_address,amount_sompi,cex_label
cc66c584adef805d25996aa93096919243143c13c12fdbf75fdc3423a635442d,2023-12-16T04:25:08.800000,sent,kaspa:qzslgwenzu78t6tldlng383g7ruu4enaljmnkgaulyrscjp7ldt26x8gfxck5,171940000,
cc66c584adef805d25996aa93096919243143c13c12fdbf75fdc3423a635442d,2023-12-16T04:25:08.800000,sent,kaspa:qzslgwenzu78t6tldlng383g7ruu4enaljmnkgaulyrscjp7ldt26x8gfxck5,171940000,
b6cec1378b10b983e4dc567004aea727d53d2193272287526cd923e0208d7c62,2023-12-12T11:32:14.370000,received,kaspa:qypswxtcrv4ssyjaswy5w9387vq73mkuyq85tl34cee6qn5uexqy0csgnafnjx7,171000000,
c462e459f02b120b1aa4d00e70cc2d859d1e0142e16ce20efee37a190d4e6c39,2023-11-28T15:58:03.366000,sent,kaspa:qyp47l57g357t5dnzfd3ey3w9zfak0h5z8pkq7zequwjsmnrvtlfz6qumkvjv3w,18000000,
343367de34c0c662ce103202ab4681c4617fd7caa7cdc5b5b3546c7ba0040c0e,2023-11-27T20:02:45.362000,received,kaspa:qr8y2cptndc87jqgkjh6rprjjuft7jw5ejvslqpytfe84dxzagefulpx60480,19000000,
