tx_id,timestamp,direction,peer_address,amount_sompi,cex_label
532aae102055232e2a7fd0ad44c694119f4937890a95af3369847b1743b5180d,2023-12-16T03:19:17.031000,sent,kaspa:qzslgwenzu78t6tldlng383g7ruu4enaljmnkgaulyrscjp7ldt26x8gfxck5,171940000,
532aae102055232e2a7fd0ad44c694119f4937890a95af3369847b1743b5180d,2023-12-16T03:19:17.031000,sent,kaspa:qzslgwenzu78t6tldlng383g7ruu4enaljmnkgaulyrscjp7ldt26x8gfxck5,171940000,
6ea00eb68b9448d705c1c725b797ffa12bff82bec571941ea1647acdcbbf5375,2023-12-12T02:46:09.605000,received,kaspa:qypswxtcrv4ssyjaswy5w9387vq73mkuyq85tl34cee6qn5uexqy0csgnafnjx7,171000000,
7c3183e730c35db7dc6c8a10e5f333198c83ef5f6f69b562856b9ed273ab1f45,2023-11-28T00:43:54.755000,sent,kaspa:qyp5ma7m86s5k7zaalgtqy9x049keqt72al48x0658jygqy7yw9xysczl3exr7r,18000000,
3794e50f1299d9fe0e19133f38cd713a517d6ee770a9211615246de26a10aaa7,2023-11-27T18:36:26.951000,received,kaspa:qqujzsgcev2hsngw75mukp0gftpammnnazutvl7n06j4s926h8htcnla68v5c,19000000,
