tx_id,timestamp,direction,peer_address,amount_sompi,cex_label
f28607a3708c66d79addf2cb1655c5dbdcb3f3e26e8683a5a67a4ead00b106c8,2023-12-16T04:24:00.940000,sent,kaspa:qzslgwenzu78t6tldlng383g7ruu4enaljmnkgaulyrscjp7ldt26x8gfxck5,171940000,
f28607a3708c66d79addf2cb1655c5dbdcb3f3e26e8683a5a67a4ead00b106c8,2023-12-16T04:24:00.940000,sent,kaspa:qzslgwenzu78t6tldlng383g7ruu4enaljmnkgaulyrscjp7ldt26x8gfxck5,171940000,
a2fd4011a3f1c5ba143249b4e8d47283e7062da14f27ad15363e6daa1703135a,2023-12-12T10:56:21.126000,received,kaspa:qypswxtcrv4ssyjaswy5w9387vq73mkuyq85tl34cee6qn5uexqy0csgnafnjx7,171000000,
511812de595237070513340b1e5eb73fcb649b460484dd5151a77e9cbdf73871,2023-11-28T15:11:00.335000,sent,kaspa:qypwakk5qj5fy29tyla69gcgvx9wu5w5n96smqv90n8tkqxs4kjhfwgm3695j7p,18000000,
d0921258c55cee3349c00fc05ad6e81802d03b1ece8ff944abf4888dad4b4d9f,2023-11-27T15:41:16.032000,received,kaspa:qr4svkt5vtyavdaqd9a5ug3hu7lsz56zqsrjvmm94rm075p6cqjd7a8zfg3g2,19000000,
