tx_id,timestamp,direction,peer_address,amount_sompi,cex_label
04e72e67ef0219b8f197db687160d588779b3c9c088baff808726e66c4c8fee2,2023-11-22T02:09:48.186000,sent,kaspa:qrfvvayrlcf89lg6xr55m034p2dvljswzg8h0gdsrvrx4ulzyhp7k3kpdutzf,20000000000,
04e72e67ef0219b8f197db687160d588779b3c9c088baff808726e66c4c8fee2,2023-11-22T02:09:48.186000,sent,kaspa:qz6u8ajgamt96xpectkzruttrejjgpgxzlkltzjhzzuc9vv6fcc3qhz4sxpy6,59999990000,
3a03b42adf0f7daa50035fe844ad9e078ddd9808a6300ae202ff65d462e73e18,2023-11-22T02:08:42.745000,received,kaspa:qyp5quwpgufmuty9uq3n25awgxjlvxk7pkfqlarsvquwr5glgzdguhq5z0k7fsc,80000000000,
3a03b42adf0f7daa50035fe844ad9e078ddd9808a6300ae202ff65d462e73e18,2023-11-22T02:08:42.745000,received,kaspa:qyp5quwpgufmuty9uq3n25awgxjlvxk7pkfqlarsvquwr5glgzdguhq5z0k7fsc,80000000000,
3a03b42adf0f7daa50035fe844ad9e078ddd9808a6300ae202ff65d462e73e18,2023-11-22T02:08:42.745000,received,kaspa:qyp5quwpgufmuty9uq3n25awgxjlvxk7pkfqlarsvquwr5glgzdguhq5z0k7fsc,80000000000,
3a03b42adf0f7daa50035fe844ad9e078ddd9808a6300ae202ff65d462e73e18,2023-11-22T02:08:42.745000,received,kaspa:qyp5quwpgufmuty9uq3n25awgxjlvxk7pkfqlarsvquwr5glgzdguhq5z0k7fsc,80000000000,
3a03b42adf0f7daa50035fe844ad9e078ddd9808a6300ae202ff65d462e73e18,2023-11-22T02:08:42.745000,received,kaspa:qyp5quwpgufmuty9uq3n25awgxjlvxk7pkfqlarsvquwr5glgzdguhq5z0k7fsc,80000000000,
3a03b42adf0f7daa50035fe844ad9e078ddd9808a6300ae202ff65d462e73e18,2023-11-22T02:08:42.745000,received,kaspa:qyp5quwpgufmuty9uq3n25awgxjlvxk7pkfqlarsvquwr5glgzdguhq5z0k7fsc,80000000000,
3a03b42adf0f7daa50035fe844ad9e078ddd9808a6300ae202ff65d462e73e18,2023-11-22T02:08:42.745000,received,kaspa:qyp5quwpgufmuty9uq3n25awgxjlvxk7pkfqlarsvquwr5glgzdguhq5z0k7fsc,80000000000,
3a03b42adf0f7daa50035fe844ad9e078ddd9808a6300ae202ff65d462e73e18,2023-11-22T02:08:42.745000,received,kaspa:qyp5quwpgufmuty9uq3n25awgxjlvxk7pkfqlarsvquwr5glgzdguhq5z0k7fsc,80000000000,
3a03b42adf0f7daa50035fe844ad9e078ddd9808a6300ae202ff65d462e73e18,2023-11-22T02:08:42.745000,received,kaspa:qyp5quwpgufmuty9uq3n25awgxjlvxk7pkfqlarsvquwr5glgzdguhq5z0k7fsc,80000000000,
3a03b42adf0f7daa50035fe844ad9e078ddd9808a6300ae202ff65d462e73e18,2023-11-22T02:08:42.745000,received,kaspa:qyp5quwpgufmuty9uq3n25awgxjlvxk7pkfqlarsvquwr5glgzdguhq5z0k7fsc,80000000000,
3a03b42adf0f7daa50035fe844ad9e078ddd9808a6300ae202ff65d462e73e18,2023-11-22T02:08:42.745000,received,kaspa:qyp5quwpgufmuty9uq3n25awgxjlvxk7pkfqlarsvquwr5glgzdguhq5z0k7fsc,80000000000,
3a03b42adf0f7daa50035fe844ad9e078ddd9808a6300ae202ff65d462e73e18,2023-11-22T02:08:42.745000,received,kaspa:qyp5quwpgufmuty9uq3n25awgxjlvxk7pkfqlarsvquwr5glgzdguhq5z0k7fsc,80000000000,
3a03b42adf0f7daa50035fe844ad9e078ddd9808a6300ae202ff65d462e73e18,2023-11-22T02:08:42.745000,received,kaspa:qyp5quwpgufmuty9uq3n25awgxjlvxk7pkfqlarsvquwr5glgzdguhq5z0k7fsc,80000000000,
3a03b42adf0f7daa50035fe844ad9e078ddd9808a6300ae202ff65d462e73e18,2023-11-22T02:08:42.745000,received,kaspa:qyp5quwpgufmuty9uq3n25awgxjlvxk7pkfqlarsvquwr5glgzdguhq5z0k7fsc,80000000000,
