tx_id,timestamp,direction,peer_address,amount_sompi,cex_label
ec5bde2be74a5d474c9193229b0796c7ab27408b801a054813e23fa01e2c7f24,2023-12-16T04:45:26.251000,sent,kaspa:qzslgwenzu78t6tldlng383g7ruu4enaljmnkgaulyrscjp7ldt26x8gfxck5,171940000,
ec5bde2be74a5d474c9193229b0796c7ab27408b801a054813e23fa01e2c7f24,2023-12-16T04:45:26.251000,sent,kaspa:qzslgwenzu78t6tldlng383g7ruu4enaljmnkgaulyrscjp7ldt26x8gfxck5,171940000,
9ab5831bb92bba9e63cbc14c402c28d3bff869719a260213686676534e7824c5,2023-12-12T13:05:03.979000,received,kaspa:qypswxtcrv4ssyjaswy5w9387vq73mkuyq85tl34cee6qn5uexqy0csgnafnjx7,171000000,
ff99298bb9b379c950b8870352d6f5258afbf61ed62c311a32fd1ca1e63d6798,2023-11-28T17:47:27.467000,sent,kaspa:qyprt27v3yd9z3hazkpmf6sxnp75klflff4lrz46kdh344hvxzrkjegc63k2835,18000000,
37633638a9a3bf57313073f8875953a361ec1b166287821ea1f5c5a1d63a7a57,2023-11-28T02:21:29.108000,received,kaspa:qpyec5ee4mgzj57yuy4arhk69uzct3su92hc0c7h6xw0h7u9qy7vymgz2jay8,19000000,
