tx_id,timestamp,direction,peer_address,amount_sompi,cex_label
e495efbd2aa5613f7185a5324ddd11562e1c71c2064380bb1d5b416158c85976,2023-12-12T02:12:50.454000,sent,kaspa:qp2n8m859p79cdutmrjhafn92sw77xz30wz6s8vh440hrd2qrsvxjcwzlla2p,4787720000,
e495efbd2aa5613f7185a5324ddd11562e1c71c2064380bb1d5b416158c85976,2023-12-12T02:12:50.454000,sent,kaspa:qp2n8m859p79cdutmrjhafn92sw77xz30wz6s8vh440hrd2qrsvxjcwzlla2p,4787720000,
e495efbd2aa5613f7185a5324ddd11562e1c71c2064380bb1d5b416158c85976,2023-12-12T02:12:50.454000,sent,kaspa:qp2n8m859p79cdutmrjhafn92sw77xz30wz6s8vh440hrd2qrsvxjcwzlla2p,4787720000,
e495efbd2aa5613f7185a5324ddd11562e1c71c2064380bb1d5b416158c85976,2023-12-12T02:12:50.454000,sent,kaspa:qp2n8m859p79cdutmrjhafn92sw77xz30wz6s8vh440hrd2qrsvxjcwzlla2p,4787720000,
e495efbd2aa5613f7185a5324ddd11562e1c71c2064380bb1d5b416158c85976,2023-12-12T02:12:50.454000,sent,kaspa:qp2n8m859p79cdutmrjhafn92sw77xz30wz6s8vh440hrd2qrsvxjcwzlla2p,4787720000,
e495efbd2aa5613f7185a5324ddd11562e1c71c2064380bb1d5b416158c85976,2023-12-12T02:12:50.454000,sent,kaspa:qp2n8m859p79cdutmrjhafn92sw77xz30wz6s8vh440hrd2qrsvxjcwzlla2p,4787720000,
e495efbd2aa5613f7185a5324ddd11562e1c71c2064380bb1d5b416158c85976,2023-12-12T02:12:50.454000,sent,kaspa:qp2n8m859p79cdutmrjhafn92sw77xz30wz6s8vh440hrd2qrsvxjcwzlla2p,4787720000,
e495efbd2aa5613f7185a5324ddd11562e1c71c2064380bb1d5b416158c85976,2023-12-12T02:12:50.454000,sent,kaspa:qp2n8m859p79cdutmrjhafn92sw77xz30wz6s8vh440hrd2qrsvxjcwzlla2p,4787720000,
e495efbd2aa5613f7185a5324ddd11562e1c71c2064380bb1d5b416158c85976,2023-12-12T02:12:50.454000,sent,kaspa:qp2n8m859p79cdutmrjhafn92sw77xz30wz6s8vh440hrd2qrsvxjcwzlla2p,4787720000,
e495efbd2aa5613f7185a5324ddd11562e1c71c2064380bb1d5b416158c85976,2023-12-12T02:12:50.454000,sent,kaspa:qp2n8m859p79cdutmrjhafn92sw77xz30wz6s8vh440hrd2qrsvxjcwzlla2p,4787720000,
e495efbd2aa5613f7185a5324ddd11562e1c71c2064380bb1d5b416158c85976,2023-12-12T02:12:50.454000,sent,kaspa:qp2n8m859p79cdutmrjhafn92sw77xz30wz6s8vh440hrd2qrsvxjcwzlla2p,4787720000,
e495efbd2aa5613f7185a5324ddd11562e1c71c2064380bb1d5b416158c85976,2023-12-12T02:12:50.454000,sent,kaspa:qp2n8m859p79cdutmrjhafn92sw77xz30wz6s8vh440hrd2qrsvxjcwzlla2p,4787720000,
e495efbd2aa5613f7185a5324ddd11562e1c71c2064380bb1d5b416158c85976,2023-12-12T02:12:50.454000,sent,kaspa:qp2n8m859p79cdutmrjhafn92sw77xz30wz6s8vh440hrd2qrsvxjcwzlla2p,4787720000,
e495efbd2aa5613f7185a5324ddd11562e1c71c2064380bb1d5b416158c85976,2023-12-12T02:12:50.454000,sent,kaspa:qp2n8m859p79cdutmrjhafn92sw77xz30wz6s8vh440hrd2qrsvxjcwzlla2p,4787720000,
e495efbd2aa5613f7185a5324ddd11562e1c71c2064380bb1d5b416158c85976,2023-12-12T02:12:50.454000,sent,kaspa:qp2n8m859p79cdutmrjhafn92sw77xz30wz6s8vh440hrd2qrsvxjcwzlla2p,4787720000,
e495efbd2aa5613f7185a5324ddd11562e1c71c2064380bb1d5b416158c85976,2023-12-12T02:12:50.454000,sent,kaspa:qp2n8m859p79cdutmrjhafn92sw77xz30wz6s8vh440hrd2qrsvxjcwzlla2p,4787720000,
e495efbd2aa5613f7185a5324ddd11562e1c71c2064380bb1d5b416158c85976,2023-12-12T02:12:50.454000,sent,kaspa:qp2n8m859p79cdutmrjhafn92sw77xz30wz6s8vh440hrd2qrsvxjcwzlla2p,4787720000,
e495efbd2aa5613f7185a5324ddd11562e1c71c2064380bb1d5b416158c85976,2023-12-12T02:12:50.454000,sent,kaspa:qp2n8m859p79cdutmrjhafn92sw77xz30wz6s8vh440hrd2qrsvxjcwzlla2p,4787720000,
e495efbd2aa5613f7185a5324ddd11562e1c71c2064380bb1d5b416158c85976,2023-12-12T02:12:50.454000,sent,kaspa:qp2n8m859p79cdutmrjhafn92sw77xz30wz6s8vh440hrd2qrsvxjcwzlla2p,4787720000,
e495efbd2aa5613f7185a5324ddd11562e1c71c2064380bb1d5b416158c85976,2023-12-12T02:12:50.454000,sent,kaspa:qp2n8m859p79cdutmrjhafn92sw77xz30wz6s8vh440hrd2qrsvxjcwzlla2p,4787720000,
e495efbd2aa5613f7185a5324ddd11562e1c71c2064380bb1d5b416158c85976,2023-12-12T02:12:50.454000,sent,kaspa:qp2n8m859p79cdutmrjhafn92sw77xz30wz6s8vh440hrd2qrsvxjcwzlla2p,4787720000,
e495efbd2aa5613f7185a5324ddd11562e1c71c2064380bb1d5b416158c85976,2023-12-12T02:12:50.454000,sent,kaspa:qp2n8m859p79cdutmrjhafn92sw77xz30wz6s8vh440hrd2qrsvxjcwzlla2p,4787720000,
e495efbd2aa5613f7185a5324ddd11562e1c71c2064380bb1d5b416158c85976,2023-12-12T02:12:50.454000,sent,kaspa:qp2n8m859p79cdutmrjhafn92sw77xz30wz6s8vh440hrd2qrsvxjcwzlla2p,4787720000,
e495efbd2aa5613f7185a5324ddd11562e1c71c2064380bb1d5b416158c85976,2023-12-12T02:12:50.454000,sent,kaspa:qp2n8m859p79cdutmrjhafn92sw77xz30wz6s8vh440hrd2qrsvxjcwzlla2p,4787720000,
e495efbd2aa5613f7185a5324ddd11562e1c71c2064380bb1d5b416158c85976,2023-12-12T02:12:50.454000,sent,kaspa:qp2n8m859p79cdutmrjhafn92sw77xz30wz6s8vh440hrd2qrsvxjcwzlla2p,4787720000,
e495efbd2aa5613f7185a5324ddd11562e1c71c2064380bb1d5b416158c85976,2023-12-12T02:12:50.454000,sent,kaspa:qp2n8m859p79cdutmrjhafn92sw77xz30wz6s8vh440hrd2qrsvxjcwzlla2p,4787720000,
e495efbd2aa5613f7185a5324ddd11562e1c71c2064380bb1d5b416158c85976,2023-12-12T02:12:50.454000,sent,kaspa:qp2n8m859p79cdutmrjhafn92sw77xz30wz6s8vh440hrd2qrsvxjcwzlla2p,4787720000,
e495efbd2aa5613f7185a5324ddd11562e1c71c2064380bb1d5b416158c85976,2023-12-12T02:12:50.454000,sent,kaspa:qp2n8m859p79cdutmrjhafn92sw77xz30wz6s8vh440hrd2qrsvxjcwzlla2p,4787720000,
d751f74393ae550c11f42585e91b7f996e25792803ec695fba7abb56d82d608f,2023-12-12T00:35:51.558000,received,kaspa:qypswxtcrv4ssyjaswy5w9387vq73mkuyq85tl34cee6qn5uexqy0csgnafnjx7,171000000,
8fab72449c08c88a82ab8af01c431a5ff6733e90f0857b7505edfda3143d77f6,2023-12-12T00:14:28.064000,received,kaspa:qyp7pdnl7lcvupjaqrq07jgytn27yctey22a0l4hj6yy6w8ujauzzeg3wyd5jt4,171000000,
dff1f4537b267f42893c9046242fb5be7ff67a42a5138299c989cd4b5d1f3026,2023-12-12T00:02:55.597000,received,kaspa:qyp09jwvzzyp0g4fdep2d2fekeh7gss2cd4mnug4jc5uel6xflyzw8csmlsjrqg,171000000,
01a9b0caa656252c5cc79994ddb1d14622b27ee7efa2a3336be9e2af044f5442,2023-12-11T21:17:15.612000,received,kaspa:qyp3tqm6gwk4ysnttvtq2haz8ffmpd62mcjj5dcz9jqg3lm58jpxrrqya7l88kj,171000000,
b08b5145ff71835a5afb1d82ddc32eae96a87fc05fb9102a041f14e663262cdb,2023-12-11T21:11:20.939000,received,kaspa:qyp09jwvzzyp0g4fdep2d2fekeh7gss2cd4mnug4jc5uel6xflyzw8csmlsjrqg,171000000,
969342952d7552fe2c12501954c3f3c9440ba0300c593f7d05d993e020fa4f67,2023-12-11T21:05:44.665000,received,kaspa:qyp09jwvzzyp0g4fdep2d2fekeh7gss2cd4mnug4jc5uel6xflyzw8csmlsjrqg,171000000,
7519cd85030213e9fc7199eb7f35363f5ea208cc6033b2bdec17d4fb099c7bcc,2023-12-11T21:01:42.760000,received,kaspa:qyp2y2afskgrk04gsaktpgcwqs50g3ucp9k6yw3gzq383zlggeqm7dgpuu0kdj9,171000000,
7890ec11a9c47a0fb73acadb0a7b0f5834cc9ac192a4108232b4b7b429adc8a2,2023-12-11T20:59:12.691000,received,kaspa:qyp0m9genxg0q72e6ejem4nhu6nv8mya886g76ays3s8q9499nnj0dc0wepjlw5,171000000,
1c34d1f8401d6a8fe24a8480b5b1a3af0d1169817134389b790aac205bae0df9,2023-12-11T20:50:32.981000,received,kaspa:qypamkqlgmq5vuvdg4q6wghkecpvfd5y7yfmmgy4xz09hfgrajla6tg5xqdffl8,171000000,
00fd9649171db8e29441310332eda6044b1826f9365041fc07e8e5177a7a89bc,2023-12-11T20:44:27.304000,received,kaspa:qyp7pdnl7lcvupjaqrq07jgytn27yctey22a0l4hj6yy6w8ujauzzeg3wyd5jt4,171000000,
ff4f46b117a5141d3de4c65c8190b562e8615085b95c9660baae2deaa595b96e,2023-12-11T20:41:21.042000,received,kaspa:qyp7pdnl7lcvupjaqrq07jgytn27yctey22a0l4hj6yy6w8ujauzzeg3wyd5jt4,171000000,
dee4e60e9c5a8136f127ae77d133e397a03db29dec6a2bc58b915184aada9d76,2023-12-11T20:39:12.091000,received,kaspa:qypswxtcrv4ssyjaswy5w9387vq73mkuyq85tl34cee6qn5uexqy0csgnafnjx7,171000000,
dc8ba6ff0e4b5c1a159935b2f22a817a7ceeba860d29d67bd4f0859581599fb2,2023-12-11T20:36:51.125000,received,kaspa:qypxznxgupa8eac5m4a9tyzuaja0eguaas4q5aje0378z4yypf3u3rc34prk2qn,171000000,
e44b330ca298970c6531cd01a875a64b34000a2600a9d5911e32bc58ae54e1c9,2023-12-11T20:34:43.214000,received,kaspa:qypqhwaag39ahn934e9njgp5uuzr7zxgcwtqpzwrkehmxrgl608urmg4e9n5dh0,171000000,
29e608d7db2d4a47bc2d189d91062390c5dcb55604bcd500e37a305ae604e062,2023-12-11T20:32:17.659000,received,kaspa:qypl86lat3lsadpv20ywkl4he24sj5klmvdsm4k30ndlmyq63g8fcaqgn725vdv,171000000,
586d92f77542557df58e542562563c97928f274cb5c2de5a7c782012b98ea353,2023-12-11T20:30:50.504000,received,kaspa:qyp9pslfu0q8wn2h0psl2k0dnexe5n68ydj72dl76ws6xslaxp475zgp2323uud,171000000,
7d1353762ddd8d83448d3a27f5f014a1309cfacc9697cdd9cbda78b16534f928,2023-12-11T20:28:50.960000,received,kaspa:qyp3tqm6gwk4ysnttvtq2haz8ffmpd62mcjj5dcz9jqg3lm58jpxrrqya7l88kj,171000000,
a30ae772712682078afb640f5ae6af39361053a6921c391a6bd1c0b5c00eaaab,2023-12-11T20:26:20.838000,received,kaspa:qypkgqkmfhc6flcfwlh05dep6cgx686vnuszmee3sm262t808k2eazcjmalx6k8,171000000,
f3c9564b57a7855f585063557c83ea1539a28642c6dfc2cc76c9415568462ef5,2023-12-11T20:23:30.594000,received,kaspa:qype3mfd4s9y9lvc9qfprut60upxh2p2d424sq3ahymsg40m3yyhnfgpgyqxkn7,171000000,
8cde8161b7888e988680576f26776c00298ac3bf5bb7005b7cdf0ad5a7f88746,2023-12-11T20:20:09.267000,received,kaspa:qypl86lat3lsadpv20ywkl4he24sj5klmvdsm4k30ndlmyq63g8fcaqgn725vdv,171000000,
e1e362290fc3012f8f4087777daea3a7a28fbc7d0103780d79951b1da2ff782f,2023-12-11T19:29:52.095000,received,kaspa:qypxh795z50lqe9u3fqnmlwyw7fjgw5xsd0ey6ltg0t3qwvhfpuqakgrgux5h9d,171000000,
55250af0e2da78d6ad2b48004db6816ed80578b8e7e3167b5b20e3bb7dda7232,2023-12-11T19:23:30.506000,received,kaspa:qyp9pslfu0q8wn2h0psl2k0dnexe5n68ydj72dl76ws6xslaxp475zgp2323uud,171000000,
ba7fc15e1dba7ae448784ad68c114ec3beb54d519f04a002c1624a51264730dd,2023-12-11T19:17:05.509000,received,kaspa:qypl6a6nm0hqlpqz5k628yrc59vl9gpx5ulqwxsr36pua75u9gevxhgq8nrc0km,171000000,
6e38b2c2a0ecbbe61127f75cd7ff3f0782c0b1083c874dd175d6bdb6aae9377c,2023-12-11T19:09:40.047000,received,kaspa:qypswxtcrv4ssyjaswy5w9387vq73mkuyq85tl34cee6qn5uexqy0csgnafnjx7,171000000,
ab2f6817c7d89ddfc19b339c0a8cd01b90ade4d8ac6934c78cd8398c099f3852,2023-12-11T19:04:51.832000,received,kaspa:qypl86lat3lsadpv20ywkl4he24sj5klmvdsm4k30ndlmyq63g8fcaqgn725vdv,171000000,
98c17ba850ead6f56b7133268b12c9743602729c44827a0328843d4c4140edea,2023-12-11T19:03:15.385000,received,kaspa:qyplygdysxukhd27ua75kjvmvs8j04dz0apehqpgudgez74zym5jauqpt8f52gc,171000000,
7b621f7010d39928eb58b7e15e5d6f0c0f37286061f735a58fb95cf8fda28962,2023-12-11T19:00:43.516000,received,kaspa:qyprcjlnm6na4u2gkg476zv2qyl0vqvwssyj8zqrfxsvk0k8vyaha5stj42hf4h,171000000,
ed5b7096eac1d583b43496ba8eb2ffabc7208076678aa082ae3a1f135d4ae163,2023-12-11T18:58:47.439000,received,kaspa:qypl86lat3lsadpv20ywkl4he24sj5klmvdsm4k30ndlmyq63g8fcaqgn725vdv,171000000,
e885c672d8bc83504fb1678115c7823f0b741dbf5512b4b5e1379e25f67d400e,2023-12-11T13:17:58.554000,sent,kaspa:qp2n8m859p79cdutmrjhafn92sw77xz30wz6s8vh440hrd2qrsvxjcwzlla2p,3077820000,
e885c672d8bc83504fb1678115c7823f0b741dbf5512b4b5e1379e25f67d400e,2023-12-11T13:17:58.554000,sent,kaspa:qp2n8m859p79cdutmrjhafn92sw77xz30wz6s8vh440hrd2qrsvxjcwzlla2p,3077820000,
e885c672d8bc83504fb1678115c7823f0b741dbf5512b4b5e1379e25f67d400e,2023-12-11T13:17:58.554000,sent,kaspa:qp2n8m859p79cdutmrjhafn92sw77xz30wz6s8vh440hrd2qrsvxjcwzlla2p,3077820000,
e885c672d8bc83504fb1678115c7823f0b741dbf5512b4b5e1379e25f67d400e,2023-12-11T13:17:58.554000,sent,kaspa:qp2n8m859p79cdutmrjhafn92sw77xz30wz6s8vh440hrd2qrsvxjcwzlla2p,3077820000,
e885c672d8bc83504fb1678115c7823f0b741dbf5512b4b5e1379e25f67d400e,2023-12-11T13:17:58.554000,sent,kaspa:qp2n8m859p79cdutmrjhafn92sw77xz30wz6s8vh440hrd2qrsvxjcwzlla2p,3077820000,
e885c672d8bc83504fb1678115c7823f0b741dbf5512b4b5e1379e25f67d400e,2023-12-11T13:17:58.554000,sent,kaspa:qp2n8m859p79cdutmrjhafn92sw77xz30wz6s8vh440hrd2qrsvxjcwzlla2p,3077820000,
e885c672d8bc83504fb1678115c7823f0b741dbf5512b4b5e1379e25f67d400e,2023-12-11T13:17:58.554000,sent,kaspa:qp2n8m859p79cdutmrjhafn92sw77xz30wz6s8vh440hrd2qrsvxjcwzlla2p,3077820000,
e885c672d8bc83504fb1678115c7823f0b741dbf5512b4b5e1379e25f67d400e,2023-12-11T13:17:58.554000,sent,kaspa:qp2n8m859p79cdutmrjhafn92sw77xz30wz6s8vh440hrd2qrsvxjcwzlla2p,3077820000,
e885c672d8bc83504fb1678115c7823f0b741dbf5512b4b5e1379e25f67d400e,2023-12-11T13:17:58.554000,sent,kaspa:qp2n8m859p79cdutmrjhafn92sw77xz30wz6s8vh440hrd2qrsvxjcwzlla2p,3077820000,
e885c672d8bc83504fb1678115c7823f0b741dbf5512b4b5e1379e25f67d400e,2023-12-11T13:17:58.554000,sent,kaspa:qp2n8m859p79cdutmrjhafn92sw77xz30wz6s8vh440hrd2qrsvxjcwzlla2p,3077820000,
e885c672d8bc83504fb1678115c7823f0b741dbf5512b4b5e1379e25f67d400e,2023-12-11T13:17:58.554000,sent,kaspa:qp2n8m859p79cdutmrjhafn92sw77xz30wz6s8vh440hrd2qrsvxjcwzlla2p,3077820000,
e885c672d8bc83504fb1678115c7823f0b741dbf5512b4b5e1379e25f67d400e,2023-12-11T13:17:58.554000,sent,kaspa:qp2n8m859p79cdutmrjhafn92sw77xz30wz6s8vh440hrd2qrsvxjcwzlla2p,3077820000,
e885c672d8bc83504fb1678115c7823f0b741dbf5512b4b5e1379e25f67d400e,2023-12-11T13:17:58.554000,sent,kaspa:qp2n8m859p79cdutmrjhafn92sw77xz30wz6s8vh440hrd2qrsvxjcwzlla2p,3077820000,
e885c672d8bc83504fb1678115c7823f0b741dbf5512b4b5e1379e25f67d400e,2023-12-11T13:17:58.554000,sent,kaspa:qp2n8m859p79cdutmrjhafn92sw77xz30wz6s8vh440hrd2qrsvxjcwzlla2p,3077820000,
e885c672d8bc83504fb1678115c7823f0b741dbf5512b4b5e1379e25f67d400e,2023-12-11T13:17:58.554000,sent,kaspa:qp2n8m859p79cdutmrjhafn92sw77xz30wz6s8vh440hrd2qrsvxjcwzlla2p,3077820000,
e885c672d8bc83504fb1678115c7823f0b741dbf5512b4b5e1379e25f67d400e,2023-12-11T13:17:58.554000,sent,kaspa:qp2n8m859p79cdutmrjhafn92sw77xz30wz6s8vh440hrd2qrsvxjcwzlla2p,3077820000,
e885c672d8bc83504fb1678115c7823f0b741dbf5512b4b5e1379e25f67d400e,2023-12-11T13:17:58.554000,sent,kaspa:qp2n8m859p79cdutmrjhafn92sw77xz30wz6s8vh440hrd2qrsvxjcwzlla2p,3077820000,
e885c672d8bc83504fb1678115c7823f0b741dbf5512b4b5e1379e25f67d400e,2023-12-11T13:17:58.554000,sent,kaspa:qp2n8m859p79cdutmrjhafn92sw77xz30wz6s8vh440hrd2qrsvxjcwzlla2p,3077820000,
2da1c6121147d88f7be0c56b3d6800ae375dbfa6bb6f0dec0416caa7e94d2197,2023-12-11T12:29:32.984000,received,kaspa:qypxznxgupa8eac5m4a9tyzuaja0eguaas4q5aje0378z4yypf3u3rc34prk2qn,171000000,
0a451ff89303d44af3466ce9c224fe3a89bb57650121052d0ac72296a467967c,2023-12-11T12:28:08.809000,received,kaspa:qypl86lat3lsadpv20ywkl4he24sj5klmvdsm4k30ndlmyq63g8fcaqgn725vdv,171000000,
cdca6a615445d1b1605638116a6324277c1632b20c0a0dd2deca69fdef2b73cb,2023-12-11T12:26:53.938000,received,kaspa:qyp3tqm6gwk4ysnttvtq2haz8ffmpd62mcjj5dcz9jqg3lm58jpxrrqya7l88kj,171000000,
2d1c47791b6ebc4b762ebeff4c8b150fbb68777838b0c848b686a22e109840c3,2023-12-11T12:25:41.753000,received,kaspa:qyp09jwvzzyp0g4fdep2d2fekeh7gss2cd4mnug4jc5uel6xflyzw8csmlsjrqg,171000000,
750304b3317d4f1593eb3f87033b480fc83f6a240a7a0fc96f9795c29d58dd94,2023-12-11T12:23:18.181000,received,kaspa:qyp70qht6pjqk2yl6cwl2n296pgcnwmtj8w0clcle08m5p8yu4tg7kgvv4n0qrg,171000000,
4242ef3e4fb5adcdfebc2e2f49bd4b767de912bc2b5d28c217277f68d256d3ba,2023-12-11T12:17:58.232000,received,kaspa:qyp4shc2j2r2dvsn2kqplylp5dkjav6s89yr5096wfyjr75h5y4q6uq2rg3x5c8,171000000,
7d915bd3f6969e0341aec6c6f15ff5f9882a883d8bbb645deee8f7d83d4c8dff,2023-12-11T12:16:50.305000,received,kaspa:qyp0jd37dhx6sqrr682y6cme89gjn4quzpeuuu3y9c82drvcpnecjjcssx3qp4x,171000000,
3d99b07d75b9eea4e76022f05eb37e8dec905997b6e4886d29c7328a0fb9840c,2023-12-11T12:15:29.069000,received,kaspa:qyp9pslfu0q8wn2h0psl2k0dnexe5n68ydj72dl76ws6xslaxp475zgp2323uud,171000000,
84bb1b325b13c2a69ad677ba8fe00032092435a1627c4ed77e92a377059a7cb6,2023-12-11T12:14:07.776000,received,kaspa:qyp8vk4us67xk78zu9yc3x4ptl9xff3vg820vvqzx7gec6nk62jl3pgfp3h7hy4,171000000,
543057ce3f4ba303edb50f5b00e9b53178b70bf80ad212f78daff4a789d8a457,2023-12-11T12:12:26.183000,received,kaspa:qyp7pdnl7lcvupjaqrq07jgytn27yctey22a0l4hj6yy6w8ujauzzeg3wyd5jt4,171000000,
80afcb7245134ed584ae7bcac3505ad01667d97fb47055212e18f03086b470c8,2023-12-11T12:10:50.342000,received,kaspa:qyp9pslfu0q8wn2h0psl2k0dnexe5n68ydj72dl76ws6xslaxp475zgp2323uud,171000000,
b981eb2659710f52379922f4a61c48d717d355815729bde6168aa02165d9bd83,2023-12-11T12:08:53.933000,received,kaspa:qyp0m9genxg0q72e6ejem4nhu6nv8mya886g76ays3s8q9499nnj0dc0wepjlw5,171000000,
229142b2eec9917ccab5f7281c50a36f06c651c8bf55f4d4f71a182a70b5dfc0,2023-12-11T12:06:19.291000,received,kaspa:qypl6a6nm0hqlpqz5k628yrc59vl9gpx5ulqwxsr36pua75u9gevxhgq8nrc0km,171000000,
18dc0ec6a46d32e7f5eececb00bab492d8b1c1359ed01584cff70dfbd4eeab93,2023-12-11T12:04:20.253000,received,kaspa:qyprcjlnm6na4u2gkg476zv2qyl0vqvwssyj8zqrfxsvk0k8vyaha5stj42hf4h,171000000,
5684c0b3832aa293fddc4978bc0c91393d7887d2bb22522a931fc89aa298b8bb,2023-12-11T11:59:54.738000,received,kaspa:qypqhwaag39ahn934e9njgp5uuzr7zxgcwtqpzwrkehmxrgl608urmg4e9n5dh0,171000000,
cfd53ebe02a287ae9fcc77f24d274ae7c3613a79f0c7c41ddaab9215687c7c11,2023-12-11T11:54:44.627000,received,kaspa:qyp8vk4us67xk78zu9yc3x4ptl9xff3vg820vvqzx7gec6nk62jl3pgfp3h7hy4,171000000,
58902c7a8d02af4da3889d06107f5e643c0f92383a4a0405e267b7d88fb97f3b,2023-12-11T11:52:42.136000,received,kaspa:qyp2y2afskgrk04gsaktpgcwqs50g3ucp9k6yw3gzq383zlggeqm7dgpuu0kdj9,171000000,
572234503d052fdd3d15ef5380dc51d3a2be79df24aaabadb612857ab55d43b2,2023-12-11T11:32:52.418000,received,kaspa:qyp3tqm6gwk4ysnttvtq2haz8ffmpd62mcjj5dcz9jqg3lm58jpxrrqya7l88kj,171000000,
b7042a81f5e4ec9946f166e2ee985d250ab4b8cd34c12df6bfc8aee144965186,2023-12-11T09:37:33.882000,sent,kaspa:qp2n8m859p79cdutmrjhafn92sw77xz30wz6s8vh440hrd2qrsvxjcwzlla2p,10852190000,
b7042a81f5e4ec9946f166e2ee985d250ab4b8cd34c12df6bfc8aee144965186,2023-12-11T09:37:33.882000,sent,kaspa:qp2n8m859p79cdutmrjhafn92sw77xz30wz6s8vh440hrd2qrsvxjcwzlla2p,10852190000,
b7042a81f5e4ec9946f166e2ee985d250ab4b8cd34c12df6bfc8aee144965186,2023-12-11T09:37:33.882000,sent,kaspa:qp2n8m859p79cdutmrjhafn92sw77xz30wz6s8vh440hrd2qrsvxjcwzlla2p,10852190000,
b7042a81f5e4ec9946f166e2ee985d250ab4b8cd34c12df6bfc8aee144965186,2023-12-11T09:37:33.882000,sent,kaspa:qp2n8m859p79cdutmrjhafn92sw77xz30wz6s8vh440hrd2qrsvxjcwzlla2p,10852190000,
b7042a81f5e4ec9946f166e2ee985d250ab4b8cd34c12df6bfc8aee144965186,2023-12-11T09:37:33.882000,sent,kaspa:qp2n8m859p79cdutmrjhafn92sw77xz30wz6s8vh440hrd2qrsvxjcwzlla2p,10852190000,
b7042a81f5e4ec9946f166e2ee985d250ab4b8cd34c12df6bfc8aee144965186,2023-12-11T09:37:33.882000,sent,kaspa:qp2n8m859p79cdutmrjhafn92sw77xz30wz6s8vh440hrd2qrsvxjcwzlla2p,10852190000,
b7042a81f5e4ec9946f166e2ee985d250ab4b8cd34c12df6bfc8aee144965186,2023-12-11T09:37:33.882000,sent,kaspa:qp2n8m859p79cdutmrjhafn92sw77xz30wz6s8vh440hrd2qrsvxjcwzlla2p,10852190000,
b7042a81f5e4ec9946f166e2ee985d250ab4b8cd34c12df6bfc8aee144965186,2023-12-11T09:37:33.882000,sent,kaspa:qp2n8m859p79cdutmrjhafn92sw77xz30wz6s8vh440hrd2qrsvxjcwzlla2p,10852190000,
b7042a81f5e4ec9946f166e2ee985d250ab4b8cd34c12df6bfc8aee144965186,2023-12-11T09:37:33.882000,sent,kaspa:qp2n8m859p79cdutmrjhafn92sw77xz30wz6s8vh440hrd2qrsvxjcwzlla2p,10852190000,
b7042a81f5e4ec9946f166e2ee985d250ab4b8cd34c12df6bfc8aee144965186,2023-12-11T09:37:33.882000,sent,kaspa:qp2n8m859p79cdutmrjhafn92sw77xz30wz6s8vh440hrd2qrsvxjcwzlla2p,10852190000,
b7042a81f5e4ec9946f166e2ee985d250ab4b8cd34c12df6bfc8aee144965186,2023-12-11T09:37:33.882000,sent,kaspa:qp2n8m859p79cdutmrjhafn92sw77xz30wz6s8vh440hrd2qrsvxjcwzlla2p,10852190000,
b7042a81f5e4ec9946f166e2ee985d250ab4b8cd34c12df6bfc8aee144965186,2023-12-11T09:37:33.882000,sent,kaspa:qp2n8m859p79cdutmrjhafn92sw77xz30wz6s8vh440hrd2qrsvxjcwzlla2p,10852190000,
b7042a81f5e4ec9946f166e2ee985d250ab4b8cd34c12df6bfc8aee144965186,2023-12-11T09:37:33.882000,sent,kaspa:qp2n8m859p79cdutmrjhafn92sw77xz30wz6s8vh440hrd2qrsvxjcwzlla2p,10852190000,
b7042a81f5e4ec9946f166e2ee985d250ab4b8cd34c12df6bfc8aee144965186,2023-12-11T09:37:33.882000,sent,kaspa:qp2n8m859p79cdutmrjhafn92sw77xz30wz6s8vh440hrd2qrsvxjcwzlla2p,10852190000,
b7042a81f5e4ec9946f166e2ee985d250ab4b8cd34c12df6bfc8aee144965186,2023-12-11T09:37:33.882000,sent,kaspa:qp2n8m859p79cdutmrjhafn92sw77xz30wz6s8vh440hrd2qrsvxjcwzlla2p,10852190000,
b7042a81f5e4ec9946f166e2ee985d250ab4b8cd34c12df6bfc8aee144965186,2023-12-11T09:37:33.882000,sent,kaspa:qp2n8m859p79cdutmrjhafn92sw77xz30wz6s8vh440hrd2qrsvxjcwzlla2p,10852190000,
b7042a81f5e4ec9946f166e2ee985d250ab4b8cd34c12df6bfc8aee144965186,2023-12-11T09:37:33.882000,sent,kaspa:qp2n8m859p79cdutmrjhafn92sw77xz30wz6s8vh440hrd2qrsvxjcwzlla2p,10852190000,
b7042a81f5e4ec9946f166e2ee985d250ab4b8cd34c12df6bfc8aee144965186,2023-12-11T09:37:33.882000,sent,kaspa:qp2n8m859p79cdutmrjhafn92sw77xz30wz6s8vh440hrd2qrsvxjcwzlla2p,10852190000,
b7042a81f5e4ec9946f166e2ee985d250ab4b8cd34c12df6bfc8aee144965186,2023-12-11T09:37:33.882000,sent,kaspa:qp2n8m859p79cdutmrjhafn92sw77xz30wz6s8vh440hrd2qrsvxjcwzlla2p,10852190000,
b7042a81f5e4ec9946f166e2ee985d250ab4b8cd34c12df6bfc8aee144965186,2023-12-11T09:37:33.882000,sent,kaspa:qp2n8m859p79cdutmrjhafn92sw77xz30wz6s8vh440hrd2qrsvxjcwzlla2p,10852190000,
b7042a81f5e4ec9946f166e2ee985d250ab4b8cd34c12df6bfc8aee144965186,2023-12-11T09:37:33.882000,sent,kaspa:qp2n8m859p79cdutmrjhafn92sw77xz30wz6s8vh440hrd2qrsvxjcwzlla2p,10852190000,
b7042a81f5e4ec9946f166e2ee985d250ab4b8cd34c12df6bfc8aee144965186,2023-12-11T09:37:33.882000,sent,kaspa:qp2n8m859p79cdutmrjhafn92sw77xz30wz6s8vh440hrd2qrsvxjcwzlla2p,10852190000,
b7042a81f5e4ec9946f166e2ee985d250ab4b8cd34c12df6bfc8aee144965186,2023-12-11T09:37:33.882000,sent,kaspa:qp2n8m859p79cdutmrjhafn92sw77xz30wz6s8vh440hrd2qrsvxjcwzlla2p,10852190000,
b7042a81f5e4ec9946f166e2ee985d250ab4b8cd34c12df6bfc8aee144965186,2023-12-11T09:37:33.882000,sent,kaspa:qp2n8m859p79cdutmrjhafn92sw77xz30wz6s8vh440hrd2qrsvxjcwzlla2p,10852190000,
b7042a81f5e4ec9946f166e2ee985d250ab4b8cd34c12df6bfc8aee144965186,2023-12-11T09:37:33.882000,sent,kaspa:qp2n8m859p79cdutmrjhafn92sw77xz30wz6s8vh440hrd2qrsvxjcwzlla2p,10852190000,
b7042a81f5e4ec9946f166e2ee985d250ab4b8cd34c12df6bfc8aee144965186,2023-12-11T09:37:33.882000,sent,kaspa:qp2n8m859p79cdutmrjhafn92sw77xz30wz6s8vh440hrd2qrsvxjcwzlla2p,10852190000,
b7042a81f5e4ec9946f166e2ee985d250ab4b8cd34c12df6bfc8aee144965186,2023-12-11T09:37:33.882000,sent,kaspa:qp2n8m859p79cdutmrjhafn92sw77xz30wz6s8vh440hrd2qrsvxjcwzlla2p,10852190000,
b7042a81f5e4ec9946f166e2ee985d250ab4b8cd34c12df6bfc8aee144965186,2023-12-11T09:37:33.882000,sent,kaspa:qp2n8m859p79cdutmrjhafn92sw77xz30wz6s8vh440hrd2qrsvxjcwzlla2p,10852190000,
b7042a81f5e4ec9946f166e2ee985d250ab4b8cd34c12df6bfc8aee144965186,2023-12-11T09:37:33.882000,sent,kaspa:qp2n8m859p79cdutmrjhafn92sw77xz30wz6s8vh440hrd2qrsvxjcwzlla2p,10852190000,
b7042a81f5e4ec9946f166e2ee985d250ab4b8cd34c12df6bfc8aee144965186,2023-12-11T09:37:33.882000,sent,kaspa:qp2n8m859p79cdutmrjhafn92sw77xz30wz6s8vh440hrd2qrsvxjcwzlla2p,10852190000,
b7042a81f5e4ec9946f166e2ee985d250ab4b8cd34c12df6bfc8aee144965186,2023-12-11T09:37:33.882000,sent,kaspa:qp2n8m859p79cdutmrjhafn92sw77xz30wz6s8vh440hrd2qrsvxjcwzlla2p,10852190000,
b7042a81f5e4ec9946f166e2ee985d250ab4b8cd34c12df6bfc8aee144965186,2023-12-11T09:37:33.882000,sent,kaspa:qp2n8m859p79cdutmrjhafn92sw77xz30wz6s8vh440hrd2qrsvxjcwzlla2p,10852190000,
b7042a81f5e4ec9946f166e2ee985d250ab4b8cd34c12df6bfc8aee144965186,2023-12-11T09:37:33.882000,sent,kaspa:qp2n8m859p79cdutmrjhafn92sw77xz30wz6s8vh440hrd2qrsvxjcwzlla2p,10852190000,
b7042a81f5e4ec9946f166e2ee985d250ab4b8cd34c12df6bfc8aee144965186,2023-12-11T09:37:33.882000,sent,kaspa:qp2n8m859p79cdutmrjhafn92sw77xz30wz6s8vh440hrd2qrsvxjcwzlla2p,10852190000,
b7042a81f5e4ec9946f166e2ee985d250ab4b8cd34c12df6bfc8aee144965186,2023-12-11T09:37:33.882000,sent,kaspa:qp2n8m859p79cdutmrjhafn92sw77xz30wz6s8vh440hrd2qrsvxjcwzlla2p,10852190000,
b7042a81f5e4ec9946f166e2ee985d250ab4b8cd34c12df6bfc8aee144965186,2023-12-11T09:37:33.882000,sent,kaspa:qp2n8m859p79cdutmrjhafn92sw77xz30wz6s8vh440hrd2qrsvxjcwzlla2p,10852190000,
b7042a81f5e4ec9946f166e2ee985d250ab4b8cd34c12df6bfc8aee144965186,2023-12-11T09:37:33.882000,sent,kaspa:qp2n8m859p79cdutmrjhafn92sw77xz30wz6s8vh440hrd2qrsvxjcwzlla2p,10852190000,
b7042a81f5e4ec9946f166e2ee985d250ab4b8cd34c12df6bfc8aee144965186,2023-12-11T09:37:33.882000,sent,kaspa:qp2n8m859p79cdutmrjhafn92sw77xz30wz6s8vh440hrd2qrsvxjcwzlla2p,10852190000,
b7042a81f5e4ec9946f166e2ee985d250ab4b8cd34c12df6bfc8aee144965186,2023-12-11T09:37:33.882000,sent,kaspa:qp2n8m859p79cdutmrjhafn92sw77xz30wz6s8vh440hrd2qrsvxjcwzlla2p,10852190000,
b7042a81f5e4ec9946f166e2ee985d250ab4b8cd34c12df6bfc8aee144965186,2023-12-11T09:37:33.882000,sent,kaspa:qp2n8m859p79cdutmrjhafn92sw77xz30wz6s8vh440hrd2qrsvxjcwzlla2p,10852190000,
b7042a81f5e4ec9946f166e2ee985d250ab4b8cd34c12df6bfc8aee144965186,2023-12-11T09:37:33.882000,sent,kaspa:qp2n8m859p79cdutmrjhafn92sw77xz30wz6s8vh440hrd2qrsvxjcwzlla2p,10852190000,
b7042a81f5e4ec9946f166e2ee985d250ab4b8cd34c12df6bfc8aee144965186,2023-12-11T09:37:33.882000,sent,kaspa:qp2n8m859p79cdutmrjhafn92sw77xz30wz6s8vh440hrd2qrsvxjcwzlla2p,10852190000,
b7042a81f5e4ec9946f166e2ee985d250ab4b8cd34c12df6bfc8aee144965186,2023-12-11T09:37:33.882000,sent,kaspa:qp2n8m859p79cdutmrjhafn92sw77xz30wz6s8vh440hrd2qrsvxjcwzlla2p,10852190000,
b7042a81f5e4ec9946f166e2ee985d250ab4b8cd34c12df6bfc8aee144965186,2023-12-11T09:37:33.882000,sent,kaspa:qp2n8m859p79cdutmrjhafn92sw77xz30wz6s8vh440hrd2qrsvxjcwzlla2p,10852190000,
b7042a81f5e4ec9946f166e2ee985d250ab4b8cd34c12df6bfc8aee144965186,2023-12-11T09:37:33.882000,sent,kaspa:qp2n8m859p79cdutmrjhafn92sw77xz30wz6s8vh440hrd2qrsvxjcwzlla2p,10852190000,
b7042a81f5e4ec9946f166e2ee985d250ab4b8cd34c12df6bfc8aee144965186,2023-12-11T09:37:33.882000,sent,kaspa:qp2n8m859p79cdutmrjhafn92sw77xz30wz6s8vh440hrd2qrsvxjcwzlla2p,10852190000,
b7042a81f5e4ec9946f166e2ee985d250ab4b8cd34c12df6bfc8aee144965186,2023-12-11T09:37:33.882000,sent,kaspa:qp2n8m859p79cdutmrjhafn92sw77xz30wz6s8vh440hrd2qrsvxjcwzlla2p,10852190000,
b7042a81f5e4ec9946f166e2ee985d250ab4b8cd34c12df6bfc8aee144965186,2023-12-11T09:37:33.882000,sent,kaspa:qp2n8m859p79cdutmrjhafn92sw77xz30wz6s8vh440hrd2qrsvxjcwzlla2p,10852190000,
b7042a81f5e4ec9946f166e2ee985d250ab4b8cd34c12df6bfc8aee144965186,2023-12-11T09:37:33.882000,sent,kaspa:qp2n8m859p79cdutmrjhafn92sw77xz30wz6s8vh440hrd2qrsvxjcwzlla2p,10852190000,
b7042a81f5e4ec9946f166e2ee985d250ab4b8cd34c12df6bfc8aee144965186,2023-12-11T09:37:33.882000,sent,kaspa:qp2n8m859p79cdutmrjhafn92sw77xz30wz6s8vh440hrd2qrsvxjcwzlla2p,10852190000,
b7042a81f5e4ec9946f166e2ee985d250ab4b8cd34c12df6bfc8aee144965186,2023-12-11T09:37:33.882000,sent,kaspa:qp2n8m859p79cdutmrjhafn92sw77xz30wz6s8vh440hrd2qrsvxjcwzlla2p,10852190000,
b7042a81f5e4ec9946f166e2ee985d250ab4b8cd34c12df6bfc8aee144965186,2023-12-11T09:37:33.882000,sent,kaspa:qp2n8m859p79cdutmrjhafn92sw77xz30wz6s8vh440hrd2qrsvxjcwzlla2p,10852190000,
b7042a81f5e4ec9946f166e2ee985d250ab4b8cd34c12df6bfc8aee144965186,2023-12-11T09:37:33.882000,sent,kaspa:qp2n8m859p79cdutmrjhafn92sw77xz30wz6s8vh440hrd2qrsvxjcwzlla2p,10852190000,
b7042a81f5e4ec9946f166e2ee985d250ab4b8cd34c12df6bfc8aee144965186,2023-12-11T09:37:33.882000,sent,kaspa:qp2n8m859p79cdutmrjhafn92sw77xz30wz6s8vh440hrd2qrsvxjcwzlla2p,10852190000,
b7042a81f5e4ec9946f166e2ee985d250ab4b8cd34c12df6bfc8aee144965186,2023-12-11T09:37:33.882000,sent,kaspa:qp2n8m859p79cdutmrjhafn92sw77xz30wz6s8vh440hrd2qrsvxjcwzlla2p,10852190000,
b7042a81f5e4ec9946f166e2ee985d250ab4b8cd34c12df6bfc8aee144965186,2023-12-11T09:37:33.882000,sent,kaspa:qp2n8m859p79cdutmrjhafn92sw77xz30wz6s8vh440hrd2qrsvxjcwzlla2p,10852190000,
b7042a81f5e4ec9946f166e2ee985d250ab4b8cd34c12df6bfc8aee144965186,2023-12-11T09:37:33.882000,sent,kaspa:qp2n8m859p79cdutmrjhafn92sw77xz30wz6s8vh440hrd2qrsvxjcwzlla2p,10852190000,
b7042a81f5e4ec9946f166e2ee985d250ab4b8cd34c12df6bfc8aee144965186,2023-12-11T09:37:33.882000,sent,kaspa:qp2n8m859p79cdutmrjhafn92sw77xz30wz6s8vh440hrd2qrsvxjcwzlla2p,10852190000,
b7042a81f5e4ec9946f166e2ee985d250ab4b8cd34c12df6bfc8aee144965186,2023-12-11T09:37:33.882000,sent,kaspa:qp2n8m859p79cdutmrjhafn92sw77xz30wz6s8vh440hrd2qrsvxjcwzlla2p,10852190000,
b7042a81f5e4ec9946f166e2ee985d250ab4b8cd34c12df6bfc8aee144965186,2023-12-11T09:37:33.882000,sent,kaspa:qp2n8m859p79cdutmrjhafn92sw77xz30wz6s8vh440hrd2qrsvxjcwzlla2p,10852190000,
b7042a81f5e4ec9946f166e2ee985d250ab4b8cd34c12df6bfc8aee144965186,2023-12-11T09:37:33.882000,sent,kaspa:qp2n8m859p79cdutmrjhafn92sw77xz30wz6s8vh440hrd2qrsvxjcwzlla2p,10852190000,
b7042a81f5e4ec9946f166e2ee985d250ab4b8cd34c12df6bfc8aee144965186,2023-12-11T09:37:33.882000,sent,kaspa:qp2n8m859p79cdutmrjhafn92sw77xz30wz6s8vh440hrd2qrsvxjcwzlla2p,10852190000,
b7042a81f5e4ec9946f166e2ee985d250ab4b8cd34c12df6bfc8aee144965186,2023-12-11T09:37:33.882000,sent,kaspa:qp2n8m859p79cdutmrjhafn92sw77xz30wz6s8vh440hrd2qrsvxjcwzlla2p,10852190000,
b7042a81f5e4ec9946f166e2ee985d250ab4b8cd34c12df6bfc8aee144965186,2023-12-11T09:37:33.882000,sent,kaspa:qp2n8m859p79cdutmrjhafn92sw77xz30wz6s8vh440hrd2qrsvxjcwzlla2p,10852190000,
1caf30a298b3e1aab9afa89e7e84301dd0935e9e1ee7aa0109fb1ffcaff57460,2023-12-11T08:15:44.059000,received,kaspa:qypl86lat3lsadpv20ywkl4he24sj5klmvdsm4k30ndlmyq63g8fcaqgn725vdv,171000000,
a96510098db62ebaa663ed10a8be5151b493fcd0d7d1015afc8f953874111ee5,2023-12-11T08:12:10.354000,received,kaspa:qyplygdysxukhd27ua75kjvmvs8j04dz0apehqpgudgez74zym5jauqpt8f52gc,171000000,
c4c1975152aeab08df28581a86997d7b851560959e07343cee9f6535499962df,2023-12-11T08:05:06.330000,received,kaspa:qypqhwaag39ahn934e9njgp5uuzr7zxgcwtqpzwrkehmxrgl608urmg4e9n5dh0,171000000,
52260a3ee3224d6cf22aefb71e5a1c6ff1e40e8f246c329eb17608f78166d3ff,2023-12-11T07:54:12.225000,received,kaspa:qypkgqkmfhc6flcfwlh05dep6cgx686vnuszmee3sm262t808k2eazcjmalx6k8,171000000,
93b09851cc34c53b57c0e614bb3dbac5cd1d059f6e24283dcfee3b71c1def6f3,2023-12-11T07:49:59.835000,received,kaspa:qyp09jwvzzyp0g4fdep2d2fekeh7gss2cd4mnug4jc5uel6xflyzw8csmlsjrqg,171000000,
9fe7cbf92c7c6a8d25e6d83108489dc9a0c5f4399ef0d7915b23295741d27616,2023-12-11T07:35:24.764000,received,kaspa:qyp09jwvzzyp0g4fdep2d2fekeh7gss2cd4mnug4jc5uel6xflyzw8csmlsjrqg,171000000,
1afd13f32927154ab8e7afdb7a55be8673c614156cb527b979ac9ff399f93c62,2023-12-11T07:27:11.245000,received,kaspa:qyp70qht6pjqk2yl6cwl2n296pgcnwmtj8w0clcle08m5p8yu4tg7kgvv4n0qrg,171000000,
c4328b61cbe3392262670a1d436c524b1cc6f3adcdafff5992c85b71926c0f8a,2023-12-11T07:18:56.664000,received,kaspa:qyp8vk4us67xk78zu9yc3x4ptl9xff3vg820vvqzx7gec6nk62jl3pgfp3h7hy4,171000000,
03a62672cab9a2c18c858e3597fac8bd96ae0c38c7d51728cbfc5cf145272fc3,2023-12-11T07:13:50.375000,received,kaspa:qypxh795z50lqe9u3fqnmlwyw7fjgw5xsd0ey6ltg0t3qwvhfpuqakgrgux5h9d,171000000,
f45839719f8006dd0dd4a1d48c9b18ca4fcfa83bc7ab45bf23694467241b6aed,2023-12-11T07:08:50.342000,received,kaspa:qypj4mpmfnmte39866f8ttexwhf0z3vql0qnz3agfmtgjdqjrfdg6mq6dfv0rpk,171000000,
2f20c3a6a3cbf4c064adf1462431e3c439348183ef965134224e413075406b5e,2023-12-11T07:01:56.859000,received,kaspa:qypswxtcrv4ssyjaswy5w9387vq73mkuyq85tl34cee6qn5uexqy0csgnafnjx7,171000000,
fedaf1d92e8436bdce67d14e185f4625fee3c095667735ddba1e61562a8c2976,2023-12-11T06:52:36.228000,received,kaspa:qyp70qht6pjqk2yl6cwl2n296pgcnwmtj8w0clcle08m5p8yu4tg7kgvv4n0qrg,171000000,
433f92538935dd79da02f88fb331b01e4154bd9a342449a74573adff82d1d29b,2023-12-11T06:48:11.153000,received,kaspa:qypxh795z50lqe9u3fqnmlwyw7fjgw5xsd0ey6ltg0t3qwvhfpuqakgrgux5h9d,171000000,
e79c815b9392e6fd3542d9f39c5a9ab12712f1b3498b79dd478a9eed96d1c5ab,2023-12-11T06:10:56.492000,received,kaspa:qypl86lat3lsadpv20ywkl4he24sj5klmvdsm4k30ndlmyq63g8fcaqgn725vdv,171000000,
e0cfe55bbe7e7a09eccb62ac8c719901a9397c12bfabaae1d1c507af7b069e5e,2023-12-11T06:02:32.133000,received,kaspa:qypl86lat3lsadpv20ywkl4he24sj5klmvdsm4k30ndlmyq63g8fcaqgn725vdv,171000000,
fb58cfb5f3d59f3e515d0623cb40250ba0bd13bb71770b0a98425bcf70950bb0,2023-12-11T05:49:09.539000,received,kaspa:qypxh795z50lqe9u3fqnmlwyw7fjgw5xsd0ey6ltg0t3qwvhfpuqakgrgux5h9d,171000000,
416b776704f641636e95319dd7f02da60e3b03f10c63e0b1d468da4b02e6163c,2023-12-11T05:45:42.360000,received,kaspa:qype3mfd4s9y9lvc9qfprut60upxh2p2d424sq3ahymsg40m3yyhnfgpgyqxkn7,171000000,
e38bcc2423d1eec5dc3593c0842e2c024e769440a163f8a393102ecd87c59914,2023-12-11T05:28:56.958000,received,kaspa:qyp7pdnl7lcvupjaqrq07jgytn27yctey22a0l4hj6yy6w8ujauzzeg3wyd5jt4,171000000,
f3d28e3dd2797ba6b56d7de7f9d395e220880f635f43e67c1cb342da1163f4bd,2023-12-11T05:19:43.962000,received,kaspa:qypwcme2wrftxsx5v9j6gtqcdt6lekdmlgny7uy2c65g58usa2pknqch006uh92,171000000,
a351ddcf00688020d15a7c89c62a5dc99e185316e6b741ce873ff5019320972a,2023-12-11T05:05:02.806000,received,kaspa:qyplygdysxukhd27ua75kjvmvs8j04dz0apehqpgudgez74zym5jauqpt8f52gc,171000000,
0997794a4afc8a0f4df591b162fe5ed9c73d16a4d9c3cb7d4d839bb5613eadcb,2023-12-11T04:59:54.424000,received,kaspa:qyphjdfspkrm9wh3vhcwrjvgkcp9m8magzyjnrchf54yez3ht9p2rzgf26qpgxz,171000000,
5fe589621d1889d6c92eff839b600b490c5936a6bbdf3b9c376165105873bf52,2023-12-11T04:45:17.270000,received,kaspa:qypl6a6nm0hqlpqz5k628yrc59vl9gpx5ulqwxsr36pua75u9gevxhgq8nrc0km,171000000,
569c2a54b84a7847c38723b02825df3a68b2b5bd838e9b17df83e84ec1bbbd2f,2023-12-11T03:58:35.885000,received,kaspa:qypamkqlgmq5vuvdg4q6wghkecpvfd5y7yfmmgy4xz09hfgrajla6tg5xqdffl8,171000000,
3f2efbf4dc67687ca024227303b80921854477cd96a309d0fe5b90a963e82625,2023-12-11T03:46:38.710000,received,kaspa:qyp9pslfu0q8wn2h0psl2k0dnexe5n68ydj72dl76ws6xslaxp475zgp2323uud,171000000,
dfd4d18e1a3e3e0dcccff23d4be5b6ac485b783398af7bfce24062e58dddf7ce,2023-12-11T03:21:18.366000,received,kaspa:qypdv6v6mdm8sme0ryuw06axg22uqz3szzrs3jdadje2z2uqszhgm2q6rvux8k8,171000000,
acc91fd18ad9eea4a77d5e59bf26b4a49ea3692dcbadd629847507c02b4735a3,2023-12-11T03:15:31.567000,received,kaspa:qyp9pslfu0q8wn2h0psl2k0dnexe5n68ydj72dl76ws6xslaxp475zgp2323uud,171000000,
b10aad889772a488833cf8d005ee9d859e6cee4674e5a124f23a6162ffe8a1bf,2023-12-11T03:04:40.493000,received,kaspa:qyp70qht6pjqk2yl6cwl2n296pgcnwmtj8w0clcle08m5p8yu4tg7kgvv4n0qrg,171000000,
53c84608bcbf932a6604433809554a82fe1a1b2ed64f6c00c2c76d59b002d227,2023-12-11T02:38:53.647000,received,kaspa:qypl6a6nm0hqlpqz5k628yrc59vl9gpx5ulqwxsr36pua75u9gevxhgq8nrc0km,171000000,
093b0fd3a3d9b01ca91118b141985689f8c81a4c889227f72bcdbcfa24aee4de,2023-12-11T02:23:26.016000,received,kaspa:qypamkqlgmq5vuvdg4q6wghkecpvfd5y7yfmmgy4xz09hfgrajla6tg5xqdffl8,171000000,
ed6569d4bb3f6fb2746e4286aff9e9d43873d650aa59656bbd2236c505b0ccbe,2023-12-11T02:19:37.435000,received,kaspa:qyphjdfspkrm9wh3vhcwrjvgkcp9m8magzyjnrchf54yez3ht9p2rzgf26qpgxz,171000000,
3e4ec2397ba8c1af55edf8637789f9c2ed6f6be698baf65786fb8e9fd04e0af6,2023-12-11T02:13:51.814000,received,kaspa:qypxh795z50lqe9u3fqnmlwyw7fjgw5xsd0ey6ltg0t3qwvhfpuqakgrgux5h9d,171000000,
2460d77c0179daf2141948bf537e1ab5c9db9394e84fd21eb9647d0fc55fe11d,2023-12-10T19:58:02.640000,received,kaspa:qypxh795z50lqe9u3fqnmlwyw7fjgw5xsd0ey6ltg0t3qwvhfpuqakgrgux5h9d,171000000,
06c7e94ff5d7ef2081bb0555a7c44b0d61731f7a9c8c39804b41ff2d2f973749,2023-12-10T19:49:43.212000,received,kaspa:qypl6a6nm0hqlpqz5k628yrc59vl9gpx5ulqwxsr36pua75u9gevxhgq8nrc0km,171000000,
45757a2d03d1ac980ab30ed4f48ce38b6aca3218b2bb9b39a618f682ae74fc73,2023-12-10T19:45:43.966000,received,kaspa:qypl86lat3lsadpv20ywkl4he24sj5klmvdsm4k30ndlmyq63g8fcaqgn725vdv,171000000,
5ac7394162d8be88c22490032f72ccaebe055ab167c5e345eaf53a5c7a508757,2023-12-10T18:15:32.341000,received,kaspa:qyp09jwvzzyp0g4fdep2d2fekeh7gss2cd4mnug4jc5uel6xflyzw8csmlsjrqg,171000000,
ee7e0f35e9619fcb6d9a53d112ef62ec6e410ad5303935d32d9b2b0ca0e7f841,2023-12-10T18:11:04.972000,received,kaspa:qyp0jd37dhx6sqrr682y6cme89gjn4quzpeuuu3y9c82drvcpnecjjcssx3qp4x,171000000,
3a49ec5790346e8f8c90bea35980f426fb2d093eff6476a0308c24ab6741f136,2023-12-10T18:10:21.098000,received,kaspa:qyp09jwvzzyp0g4fdep2d2fekeh7gss2cd4mnug4jc5uel6xflyzw8csmlsjrqg,171000000,
a9c53f4a77898c86eb4ee8276a0449c51ae0b9ef74c375f962f8ab11ddb95271,2023-12-10T18:08:10.957000,received,kaspa:qyp70qht6pjqk2yl6cwl2n296pgcnwmtj8w0clcle08m5p8yu4tg7kgvv4n0qrg,171000000,
a4ce8f7de6fc09f3d103793693350a7588400ab1a046379937fceee7d1fd6546,2023-12-10T18:06:02.373000,received,kaspa:qypamkqlgmq5vuvdg4q6wghkecpvfd5y7yfmmgy4xz09hfgrajla6tg5xqdffl8,171000000,
016036ec2d42ae2a2d6782469837d0723ab4cc28c0cb10e9528f5f5cb84950d4,2023-12-10T18:05:40.037000,received,kaspa:qypkgqkmfhc6flcfwlh05dep6cgx686vnuszmee3sm262t808k2eazcjmalx6k8,171000000,
aec86793d4472764af10f11afdaf496a0ba781338808251bd7f7b47177af4ad0,2023-12-10T18:04:46.786000,received,kaspa:qyp7pdnl7lcvupjaqrq07jgytn27yctey22a0l4hj6yy6w8ujauzzeg3wyd5jt4,171000000,
13e2147327467e13e7a044089308cf530ac6c5a3f3929fe555d0cf6a9cdbe1a3,2023-12-10T18:03:09.219000,received,kaspa:qyp9pslfu0q8wn2h0psl2k0dnexe5n68ydj72dl76ws6xslaxp475zgp2323uud,171000000,
65d952e9f90c75f83af28f2fd9a1fe243f82ed87561c7f43b35f3beb2f503bbf,2023-12-10T18:02:13.898000,received,kaspa:qyp4shc2j2r2dvsn2kqplylp5dkjav6s89yr5096wfyjr75h5y4q6uq2rg3x5c8,171000000,
3730497849f753d095f200e49563664c719a9f08db15d6d795c52d9202545751,2023-12-10T18:01:07.679000,received,kaspa:qypl6a6nm0hqlpqz5k628yrc59vl9gpx5ulqwxsr36pua75u9gevxhgq8nrc0km,171000000,
6d353eef2a26bc10943102342706c67b9113e4bf1b9d8dbbf21963e6216b078d,2023-12-10T16:44:36.767000,received,kaspa:qypdv6v6mdm8sme0ryuw06axg22uqz3szzrs3jdadje2z2uqszhgm2q6rvux8k8,171000000,
2ca4af02f0ee5ebe7ac05b22e57b7e22cf3463b2f5d1518078d7c52dbd669e67,2023-12-10T16:41:59.767000,received,kaspa:qypamkqlgmq5vuvdg4q6wghkecpvfd5y7yfmmgy4xz09hfgrajla6tg5xqdffl8,171000000,
045b9af782d9d41e2d1101acde8734222623f3fb437c5b584c8848ccc704130d,2023-12-10T16:39:16.086000,received,kaspa:qyp7pdnl7lcvupjaqrq07jgytn27yctey22a0l4hj6yy6w8ujauzzeg3wyd5jt4,171000000,
bfc601a777caf1c7521d16b0919a09603e5e4cdbde4a7bb659dde41471eb0d3e,2023-12-10T16:36:21.045000,received,kaspa:qypxh795z50lqe9u3fqnmlwyw7fjgw5xsd0ey6ltg0t3qwvhfpuqakgrgux5h9d,171000000,
68f5c86715ea50559791f1148f0679ee1bf60bf2d866b518b0459a482d01108b,2023-12-10T16:32:48.886000,received,kaspa:qypdv6v6mdm8sme0ryuw06axg22uqz3szzrs3jdadje2z2uqszhgm2q6rvux8k8,171000000,
ad68e172f75199bef2f3a99029da4f7df68f12e834acf3ee27b53f64e1d70db7,2023-12-10T16:29:40.614000,received,kaspa:qypl86lat3lsadpv20ywkl4he24sj5klmvdsm4k30ndlmyq63g8fcaqgn725vdv,171000000,
864ce7d2b1690a2de9ee780714cab35c861bd335d6661a66935969d3310ee87e,2023-12-10T16:27:12.442000,received,kaspa:qypj4mpmfnmte39866f8ttexwhf0z3vql0qnz3agfmtgjdqjrfdg6mq6dfv0rpk,171000000,
6c6f3e42358f8425a405b819fcbaa152269274ef3bd2e331bccbd8189f563f6a,2023-12-10T16:24:34.610000,received,kaspa:qypswxtcrv4ssyjaswy5w9387vq73mkuyq85tl34cee6qn5uexqy0csgnafnjx7,171000000,
49226ae9f6b9a9b60c03959a741a38a37b5bdf406d2272616ba54ff03a1cfbc4,2023-12-10T16:21:10.110000,received,kaspa:qyp8vk4us67xk78zu9yc3x4ptl9xff3vg820vvqzx7gec6nk62jl3pgfp3h7hy4,171000000,
ce8b9ce0e5f98d855d859f3e77d0a2a24047aac64df19dc5d82fc9a062ce7162,2023-12-10T16:15:44.189000,received,kaspa:qypl86lat3lsadpv20ywkl4he24sj5klmvdsm4k30ndlmyq63g8fcaqgn725vdv,171000000,
c41800dd53bb617d97be062c8f90e7f3a054b6aca1ab222d601a5bf8ead96ef1,2023-12-10T16:14:12.418000,received,kaspa:qyp0jd37dhx6sqrr682y6cme89gjn4quzpeuuu3y9c82drvcpnecjjcssx3qp4x,171000000,
5144d8607baa645c3ce01037da0094d809f6bd55f31e51eb4be06b2d0844e085,2023-12-10T16:09:28.605000,received,kaspa:qyplygdysxukhd27ua75kjvmvs8j04dz0apehqpgudgez74zym5jauqpt8f52gc,171000000,
7a07c0c52f57d91c81ec820b30e124b0fa5189a7d8932fbf43300ef7569ca80f,2023-12-10T16:08:00.744000,received,kaspa:qyphjdfspkrm9wh3vhcwrjvgkcp9m8magzyjnrchf54yez3ht9p2rzgf26qpgxz,171000000,
7cb2376a65705fcd9a2b1e266b019603490bdf11fbe8f00d89a371f3ef654aa8,2023-12-08T06:20:43.272000,received,kaspa:qpmrmknqn8p6x82437lmkjftuwywumfpr8n8u4mwm9dvd2pkaawl5g8gcs4u7,172970000,
7cb2376a65705fcd9a2b1e266b019603490bdf11fbe8f00d89a371f3ef654aa8,2023-12-08T06:20:43.272000,received,kaspa:qpmrmknqn8p6x82437lmkjftuwywumfpr8n8u4mwm9dvd2pkaawl5g8gcs4u7,172970000,
e269aa6f6104ed8666730477c9baf1dfab40acc4b9e67a4059cc8f78ee616595,2023-12-08T01:46:43.857000,received,kaspa:qr3aw76n5xnt272qdlz90dx823gpffrfwaelxr403pqdl8wjpzywycnpz4wfs,172970000,
e269aa6f6104ed8666730477c9baf1dfab40acc4b9e67a4059cc8f78ee616595,2023-12-08T01:46:43.857000,received,kaspa:qr3aw76n5xnt272qdlz90dx823gpffrfwaelxr403pqdl8wjpzywycnpz4wfs,172970000,
be641dccc08a4c6bf751cd2c4e2655697a4459b56c5a9020c3bc200ad13eabbd,2023-12-08T01:46:30.617000,received,kaspa:qpe6ec9qx3xcsp8vhr2ls90skyqvcvwx4r2hnu6atc8s2cjwlt6ywny4junaq,172970000,
be641dccc08a4c6bf751cd2c4e2655697a4459b56c5a9020c3bc200ad13eabbd,2023-12-08T01:46:30.617000,received,kaspa:qpe6ec9qx3xcsp8vhr2ls90skyqvcvwx4r2hnu6atc8s2cjwlt6ywny4junaq,172970000,
e2d53bc12e44190262395e84a12125e897c97481e0e4b6da58db83b469d01f50,2023-12-08T01:46:15.803000,received,kaspa:qrfumjwzh7wtpjjtkvx3cw8u8gpshhzgy8ywwcxu6kun6u8y63q2utsjzfuz7,172970000,
e2d53bc12e44190262395e84a12125e897c97481e0e4b6da58db83b469d01f50,2023-12-08T01:46:15.803000,received,kaspa:qrfumjwzh7wtpjjtkvx3cw8u8gpshhzgy8ywwcxu6kun6u8y63q2utsjzfuz7,172970000,
8e89987d26c31dcdfd889094d81bc0361a2748e86a28a4bd8a42b6d7cf647e18,2023-12-08T01:45:14.085000,received,kaspa:qzct86lqc7mhnn7fct4v8d93u5t5jvudmjvnnr0sra3p4pqt6tegsy0tdkwmq,172970000,
8e89987d26c31dcdfd889094d81bc0361a2748e86a28a4bd8a42b6d7cf647e18,2023-12-08T01:45:14.085000,received,kaspa:qzct86lqc7mhnn7fct4v8d93u5t5jvudmjvnnr0sra3p4pqt6tegsy0tdkwmq,172970000,
7a1b5765d0a9784f8fabcc0bc28a50efc7b183eea8439dcf56b48fdd8f1ac6a4,2023-12-07T15:52:19.313000,received,kaspa:qype3mfd4s9y9lvc9qfprut60upxh2p2d424sq3ahymsg40m3yyhnfgpgyqxkn7,171000000,
78bc5568fc7020319e751d16741efa46e40488ce772c219ceae56dfa3a7ac2df,2023-12-06T11:54:10.865000,sent,kaspa:qr8vsgygyl6rlxhc2tjzc5wddr59qxpy3npm4hwlp6ws9vmqjfl76xryyy8f6,36100000000,
78bc5568fc7020319e751d16741efa46e40488ce772c219ceae56dfa3a7ac2df,2023-12-06T11:54:10.865000,sent,kaspa:qr8vsgygyl6rlxhc2tjzc5wddr59qxpy3npm4hwlp6ws9vmqjfl76xryyy8f6,36100000000,
78ee98d723c493547f09c5ceff4e87bd3eb9760e6b6095547f1aef7813eb4c38,2023-12-06T11:51:06.451000,received,kaspa:qrmy37ke5xu3jg85mjxjmaxphhc7g85qq3uhwhx7z7jlk02sk2hzypgwx4cr2,18085000000,
78ee98d723c493547f09c5ceff4e87bd3eb9760e6b6095547f1aef7813eb4c38,2023-12-06T11:51:06.451000,received,kaspa:qrs2kctj5vzgut7x8l8pcmhu60yfr6v2ftqdp75tyhp2vrdvyhmt5dc86usem,18085000000,
3bf072bbd3dce3da99bdd6f1a38779bc5b0ac45847ca8623864f980bd1381d8a,2023-12-06T11:47:20.929000,received,kaspa:qyplygdysxukhd27ua75kjvmvs8j04dz0apehqpgudgez74zym5jauqpt8f52gc,18085000000,
d0dbe7ba1f615892911e72becaf4991ebd239038dc96a503e3c5f09b490e81be,2023-11-27T14:53:16.624000,sent,kaspa:qp0p3xyg009w5qghp0p84lq92s8zq0vq0672zxjz6w6gtw8halfsvzm5cfyg9,549801998,
9317706c1071d3af25ce009815a163838180bc7c44378ddbd6d72ff8b94c4879,2023-11-27T14:52:31.843000,sent,kaspa:qypqyl8mvasq74ssgvvxd4hmvmmsnvsur2zjh75amw53jzk49csqlncx8yqpkxs,18000000,
e3cc5d30dec62e23365676c12f56647755ea83aa47b8efa31a322281a513c4db,2023-11-27T14:39:21.757000,sent,kaspa:qyppy7upp0ewtucpu9fdv2hewfh398svvzlrfg54ydsmd9tmaqfp8tc4ka5ufg7,18000000,
5d10bcb6bb57525992f98f46b932d586c84cb5aa64e3e6b47f8b6a2ea55898f6,2023-11-27T14:13:08.814000,sent,kaspa:qypstnqudm0d8zute8j9q7p45hf234u649e0qfe6s2e0d4sekha3mvsnnle5zvp,18000000,
ba707fd784dc88e27d673c36bc1fa094480f3cf2be78ef695c0863ec9b3febb3,2023-11-27T09:17:04.058000,sent,kaspa:qz9tnprxra9myvdesehxlqsxvywf9kcs5uvyzvjjf6j9khh22luwqmhyhdls7,490000000,
db4647a521f42d946955c075f546c024a3f827c387d034debc89f955c585e53f,2023-11-27T09:00:23.162000,sent,kaspa:qyp0yvls726dq22d80khhmt76r85pg56s3pkpzzg6wrm4yzr3ujm2xg6xpm4rgp,18000000,
72a5eda5f098c5ce0a75f5ae943425b923556e6ff1015035e93e665d2d8cdd33,2023-11-27T08:51:46.104000,sent,kaspa:qypzdj0a20chvqxqjemzdm3jw9s4fclff9sxyqx3rteped8g4mjp8lc3wzdcvpr,18000000,
df63ff785b4d35b2f8f82c1eba68c1e141d49489311301428e302b6dcc1248c1,2023-11-27T08:43:45.561000,sent,kaspa:qyp2x7rpf2g5pvm8v4ejn20fda6f0wx8q03t7eanrr66xf99jfscf7g3erdp05f,18000000,
929e16648d6b3007478b1d52274edacb04bb224d69499a0af29f17d61801e70d,2023-11-27T08:35:07.311000,sent,kaspa:qypwqfyuv7mrdthjsug8qd7lwuf077r0tnq5r54fj86c4pn8r7dvlsgs08ea0e8,18000000,
c34521d811e7e9fc3b4a87cec6e8db7adfb0e33f0e950694684f492331a0b07b,2023-11-27T08:29:37.779000,sent,kaspa:qypgd948kvfps0ugl0vgz4p2hrsxpj4c2fw7drjx83xy8jsmdcwuktqlvxd7whc,18000000,
bdbf8646c98e917091df3881fb9b3f95333eeeac2da145fbc990857a53204720,2023-11-27T08:18:46.703000,sent,kaspa:qypz2wmd7cxg59rnsywygkatu4zmlchk5a6wjdeh7p7f79vhzn29qggexe9u0q6,18000000,
b8d3191072aa052828002aed19ed7ea2657a314db95661b4731f4aaf32db37ea,2023-11-27T08:08:35.736000,sent,kaspa:qyp5vwpesta5y4mmt8r80a4ggclga55xm4v3zadfpkhcyxjxqfr8r6g4xhmh6tu,18000000,
d17e8cc64bd06b389474ca767d11e03ad284acfb5ed64c7d01b9a28c43414ea4,2023-11-27T08:01:58.729000,sent,kaspa:qypng3mj0xun6taulq23e9eajaq7axgcw3qc7fe96eu9q5sxnwhyr2g3sjklcum,18000000,
0a961ebe41960fbbb6a1ddf656952e55db8a52a28bebec29024e741ba2326cbf,2023-11-27T07:56:29.183000,sent,kaspa:qypldhqkdn43gtsuf0ncsvyz3es94dlsatfj9kxq5gnwxfrs3n90ucqlak486zj,18000000,
60188f163081bd6236f39e5121d462bf65c1a0dbd990ee960be58b3a2e4ac181,2023-11-27T07:52:19.475000,sent,kaspa:qyp3gwewscux7vn67glp5myu4fhcnkz9egh2hd2k7jfgg9wfd4lufugq0qpsl34,18000000,
5b76a662e8e448ee57a6a146ecf9395984528af12d26a15247ee3b0cd5f7cc87,2023-11-27T07:47:04.906000,sent,kaspa:qyp6gdn4szrl9xl9e5ze6cajrl7sy6n8ylmscnpj2k65th745qu7znq9xhy0yf4,18000000,
be823e7a34cc0602bae9a5f1a7ae13efa5d01eb91ac83c21918fd9b1f4ed1281,2023-11-27T07:42:26.696000,sent,kaspa:qyp328l9gas46a77vszhld2xc5tqnp3gn3utud3xztw36ldspmf4jcqyu4qarf2,18000000,
cb34b89a6e71e0e8c99f4189c3896c9d17293dbcc8d002b4418656568e631073,2023-11-27T07:37:15.820000,sent,kaspa:qyp7ze60aqs87p7rev97c4gcpqyp37sqg8s8dwnat24945805zp6kusftuvnul8,18000000,
7a405b882535d192401d4d5dac8d0d3dee8911f254b3f511928445c4e8211310,2023-11-27T07:31:43.261000,sent,kaspa:qyp7mclylh0qzmv2pq9rtzdp5tmvzm020k4e2w40l3neheywawl2j0ge98naz44,18000000,
ed37ecb4d89f2618584f1e4de884102b05c2568360b105e0fd7e5c1126fb1f5f,2023-11-27T07:25:42.952000,sent,kaspa:qyp7t63cr28skkel9h8wjq8umdkzwzmxrzlg7cr6u6n37dpfddwpwasludmdfdv,18000000,
4cd86d12f697c4e6421448c753b1b253ba2cf2d964a01475b2150b61b07ff351,2023-11-27T07:19:19.160000,sent,kaspa:qyp2nucwqklayhygtuzzgxpwjps7t947hu7rxmh7rvhy9alqu85fefcq7zts3ml,18000000,
b2ba5bed7fdc5c9b3873ffbf65f16ed99dea0b5549ddba5c775acb6c8e08397b,2023-11-27T07:12:22.049000,sent,kaspa:qyplmgjq0hctsu2z5v7qejhv3zj9chvd8je5j6s9vs0gawpkl58gtygtdptn8q9,18000000,
2032c5d5d54039a231a8d78c3fd152dafc02dd6591c58fa4db27a6160b51d485,2023-11-27T07:06:17.819000,sent,kaspa:qzypprlx38csfzry3cq7srz5rlrfst6h5r0sf5szk033erlm6vr62upe7u0g5,690000000,
b23f7bcf775ff932a869ef2f5cce5e4639bb04fc71531251c013f0cedb2baa7e,2023-11-27T06:59:45.265000,sent,kaspa:qp9fdnfy6k4qxedx6km7wdryd0t80h2kf3a6c44nrvx22legr2v9v5ax3sgz6,710000000,
2b9ba1f726527011c136ac65da6425d4958dd1fa58cd52bd353d5232b475ae06,2023-11-27T06:53:29.437000,sent,kaspa:qqtye0gr6yzpqevl0g644ztvrm38vmckatxetdutff6e32ukj3ywqk8l4aely,700000000,
7f67e069cc2ed1ead914a683bb5e984bda6d775a8cebdc3bdebe63b7e98ecf83,2023-11-27T06:45:22.954000,sent,kaspa:qzqvhc3fdm6fxxn0ffa0jp0lvq0r0sngg2fzymfqx57dhmq7275hsu8ksus4w,700000000,
7f67e069cc2ed1ead914a683bb5e984bda6d775a8cebdc3bdebe63b7e98ecf83,2023-11-27T06:45:22.954000,sent,kaspa:qzqvhc3fdm6fxxn0ffa0jp0lvq0r0sngg2fzymfqx57dhmq7275hsu8ksus4w,700000000,
98660102e20582781a92b5604db0ad63e657a85e4f88ae5f9b7b26762b03e8ca,2023-11-27T06:36:58.561000,received,kaspa:qqnettyjpvt8qggs6g90xp0rrsdazrzd29tw3rcclmsdz3u9lqht6neuf8rve,3740303999,
8116b4b6a37e6ed4d8b404700ec82f78392c4b0df090e81cc2ecc2a7a269ba5d,2023-11-27T05:39:55.564000,sent,kaspa:qyprcsxtac33mmpyue9w9dm6e5naa4g9p834f7wa5prvtfpsvv5k8vg82y8hahp,18000000,
18220dfa33e09adc572ba18727c47a81584fb222607bcdd00570ef51f4760f65,2023-11-27T05:30:20.952000,sent,kaspa:qyp8kkr0xf8z2ftswkx8v6yqhn35a25ueutm58397kt7yuwn0jwsk7q73rvdyl6,18000000,
b731f788192a034949d57480c3083a70eac871c45027688d095d38106daced53,2023-11-27T05:21:10.343000,sent,kaspa:qypskqa34fla6dhdwww87xt09v9qvdetr239v6jxhz2nua7t9s3uc8s4w3d3kwc,18000000,
d6f37fa3e815c9c93fafda0e29b8f9af9d3f62dfa78605000390d94c19e4d2df,2023-11-27T05:11:52.115000,sent,kaspa:qypyqtcygfp0uwvkkxt6u0j5t6zur80tkz9zssdl7n7l5wrj980mtnshu946ekd,18000000,
48cb2dd9c8aa6d84c8faa5c0196e14616da9716644b9720b0d63dfe9983f33fe,2023-11-27T05:04:55.467000,sent,kaspa:qyprq06ltr0lpye6672682qvw2q9enqwpm2argwf6e4t20tez9t3eaqtfe08pk8,18000000,
2bf8d3c3b0a4f68347addb1743429632d2d4fd091f1c6badd8724868a9e01dca,2023-11-27T04:59:23.620000,sent,kaspa:qyph9mgu8tq22fz9vavqyw4dn3qnjsfmyvfs3l7fsu042jjpg8ka4agdaa6zmqt,18000000,
888c9f88df6e87ff003e6ebfb7ce0fe880c1523d07b43434f7371d309ed338a4,2023-11-27T04:54:31.165000,sent,kaspa:qypevjt9ls45ry4zf5ttqfq24gawfmd9w7n943fefdxg70azdmde8ucg39q79my,18000000,
ac8107edac10017f2b1162a2909f59c7a3a10b5fa3f271098914dd9942a9e84f,2023-11-27T04:49:54.085000,sent,kaspa:qyplzx2cfx3hx7d73zeg7gpl9jh0skgle5yydw7ypv6x8xeydvxnltsfp8au2ep,18000000,
501c39d456f5b61ea11811216a66b172675dd35864e8fff59f102caf906acb8f,2023-11-26T15:09:24.518000,sent,kaspa:qypy7nvfupys4k0xz9r6p9hyua45lahtjcdt46mszsl8rfa3mqzvscclch3w5r8,18000000,
f646b340fb022e6dacf17433c8ba229e0c5410c250d3cb5b3f9b976b26efc6cc,2023-11-26T15:04:30.525000,sent,kaspa:qypqnlw3hqw60e2dw944apht6dmc8ked98nu7l6s0h0khgsx0g88vqg7scjk4k5,18000000,
b995b0b1f33f06a3aaa5c5a90b1197f17cd31293db5526ff3e0f7e99be4980d8,2023-11-26T14:59:40.964000,sent,kaspa:qypkthvg0x2c8hss2ff24xvythrx0xhr8hmz94jk94k6e6deeccpkys3gw4yk6t,18000000,
9da37c6075c39f328579277a72cfbee9fda59c17eb7cadae95edf9cba539d486,2023-11-26T14:54:37.661000,sent,kaspa:qypwz46naa6a7xpun98rsxdk838njnrk860t9uvz0zhg9lxkq7qnsfqsgqtlv37,18000000,
ccacbf22e41850d7145d5c6cb6decb22cfb6054582773503652e952a3c0ec70c,2023-11-26T14:48:12.127000,sent,kaspa:qyp2rxq5t8zj9lfyvkjhht6au6e83xrx925v6trxws6ju53jhjndhxqj55zg8fu,18000000,
e6661a3817b5b22047b713f881cbfecc39e7969924357a8f63b9955644f47c2f,2023-11-26T14:41:42.147000,sent,kaspa:qypwf56fja9x0xkhvcxwdga4a7zkqr4zpjcsg2vxjgptppj5j8v96fcxljqnkhh,18000000,
89a2735e6b31aaaa003c1975f8ae2226b423d2476e7af9d180c5e24f6557722a,2023-11-26T14:38:05.455000,sent,kaspa:qypq66dvw9q05td3uz4jh2jvz0vszl0t04k3qyhsnmav8ggz0r4lzvcnvrtf0sm,18000000,
a53d0f1d92bd980e91bb3570af4917ac9b43819680d4471109f945e0efa2921f,2023-11-26T14:33:22.565000,sent,kaspa:qyphygmz6kgeuv24mwzqdnm458a9xqgze6pzjq0nd85wzjegch5l7cgvl58fzyq,18000000,
621dd36f649d9fd2c0b782332c6deb2953c377ccb88a0a3174fd253878299853,2023-11-26T14:29:11.847000,sent,kaspa:qyphla9c2fak7e3hq23pl5ypzlndq0z5675ldya57ld0me4jcrwgn9q4ef7s382,18000000,
f4e76084d8433d9f92675691a43c18435e2cb9695dc7a257f85a5429d364cb36,2023-11-26T14:24:15.626000,sent,kaspa:qyprz3my8znvjqxdd46e29w7fqhmlsrj3k58x7ascfyf0uqahglvrzsw2nguf74,18000000,
27d1679c28b8df71cbda771566d94d054f89575c1b06e026ff6b07987c1449da,2023-11-26T14:19:30.924000,sent,kaspa:qypdgps3vd3fn7k072qrhqpu47gfr7wpwueamdru6u67twq2l8f53wsh8zelylp,18000000,
c15023fb0aa83a345b5afc6524fc9d159a5644cba90c7ed2f7a78d673661485b,2023-11-26T14:13:56.331000,sent,kaspa:qypp048ql2yp3y3utp3wk582sgdkku6nutpdgvqsd5vnd3ydz06m7lg7ar7dml5,18000000,
c97bee22af82090d0544d355d4be9d546f6673379976d5e4c7f5700b60573c8d,2023-11-26T14:08:28.127000,sent,kaspa:qypajh67twetstvxwcjzze50xaf2ps6w6hfcrq6w5cpw994fjxdju5guv8nuazu,18000000,
f15dff061abcaa862536b335c1b7fb8b90148b66f081367320a03c31e49f204e,2023-11-26T14:03:14.333000,sent,kaspa:qypqd069z3d85rt6kxyj8zjy8ndy676jr6mgdy888d9apmqvw3p76agp5wtnq3a,18000000,
3aa3dd38d0e589233ca41104dd61731c744aec44ab0a3d2dc5573395f346b2c5,2023-11-26T13:56:21.477000,sent,kaspa:qypvpzg3fddq7a07z0975qul7cw42rs6vul0xexd9jvuhcvhx3pveggw3amzsg7,18000000,
83770e36db34d4f18e5f67d08bbc215f2a499aca0d6affe271cd8c0dd6237618,2023-11-26T13:47:49.557000,sent,kaspa:qyp9cr8w8ysgl7waftxh45t7chvprsy5uq6r4uqvz6zdleq2rava7vgtn9f84ae,18000000,
f5b0a1d1a995c5dc3e6a567eb57bc3c1f2dffb4a2cfd224f69be85be463768be,2023-11-26T13:41:41.332000,sent,kaspa:qypsggs4vtejlnms7x56vl3neapkm49jzm28cctjyjve7rkx9u9wv0q57y35unc,18000000,
38eabac5aeb14d744b17a2ca20044f46362e60d6b12654012fdb1a8177dcedf1,2023-11-26T13:35:12.658000,sent,kaspa:qyp8hv6s6hgzz5l2pae2cup6wsvqlx84hwq00ntyg57kjvkrr6x6eqcyzf7dlxu,18000000,
1ec6250408a6453d79d014f1adb1c2c69538392436ff76eae885e252a8b036ab,2023-11-26T13:21:12.567000,sent,kaspa:qyprzvhhryhdkhfqakfs2wtu3z5u55ddpx9929gjses6v7mxdm8f9pqpayummz6,18000000,
1ec6250408a6453d79d014f1adb1c2c69538392436ff76eae885e252a8b036ab,2023-11-26T13:21:12.567000,sent,kaspa:qyprzvhhryhdkhfqakfs2wtu3z5u55ddpx9929gjses6v7mxdm8f9pqpayummz6,18000000,
80a2dee73d3fddc983d8e8cd684b200000534ea9ce39069ed3c73c052ce584a4,2023-11-26T12:38:29.934000,received,kaspa:qz9tnprxra9myvdesehxlqsxvywf9kcs5uvyzvjjf6j9khh22luwqmhyhdls7,700000000,
0c68717a1a469aef5e3b770ff0a102ca7edeaae20bbe7d7d7ec56f45a61dae75,2023-11-26T08:12:08.031000,sent,kaspa:qyp9m6g8ycsn3mv9xqtql9qq99v4n7qkhwv5rfaryywg3adyllchndgdx5wex08,18000000,
712f2af8a1a062a6680baa64f303d6c9f10025615db73ec636c92e720fc572f2,2023-11-26T08:01:38.953000,sent,kaspa:qypr45gcpu540me724vqzc9c0nnnjek2guzrhtwz5u7yeqkql988x2qv68h678y,18000000,
493441c47dc4e0d410045d740d6522e9a5e20187ec87f138407e9230114c5698,2023-11-26T07:53:48.258000,sent,kaspa:qyp4chzpffutq9kg9pha9yz6rvmpp8qxq60z9y86qc7gsl9tt9z83dc2q5pyl57,18000000,
bebabf9bcaf8e09880e9f571ec6411f29d871dcdf08921b283d2d1c2fe4f5323,2023-11-26T07:44:30.179000,sent,kaspa:qyp3suu4drx5hgkw98yw3pn3t4j80jtsqz6djn2cveh3m49gfrllw8c0st9wanz,18000000,
9ca620e10ee65c52e8c2c464d4638597dc54d85b759b6fa405d004c9561f4a69,2023-11-26T07:35:13.986000,sent,kaspa:qypuj6m0pttrhh36c64yvvu932cnmvu454lk2afv57y00slfuhtj42c6tnqrszr,18000000,
22b46525fee42fb4116e603593ed8cca2838bd98a2c5fddcf5b22a6fb7724c6d,2023-11-26T07:25:45.792000,sent,kaspa:qypnq58ak2ffklk85xyt9d9dtuugkcfhkl46a8agy0caf6rgpdww2wsrppaqm2f,18000000,
85c949d3ded8a311fd17b4dac5fc578692f5bfc4691c0ae2747a6d8aaf5484f6,2023-11-26T07:17:46.014000,sent,kaspa:qyp0xuganmrzxv95njz342n00c2wcm5rk3whz0sath5s47njqhc3upgmpnut666,18000000,
024e8b42263719b165628360e567d30ee4aef310b9bbe758c38b4d16f99d6708,2023-11-26T07:08:32.594000,sent,kaspa:qypfxad3ypn87nrmep2m5glvlp7jphnclavscgfxcad3umua4rnj9zcp3k8na2p,18000000,
54053be4e2a0ce985218b0870ecd59e196f94d8a1409c70ad13db6022396143d,2023-11-26T06:59:56.319000,sent,kaspa:qypl5qt7yw9ffqxanscxn85swjurh5u6tlc8requ3ma4jwfsqzshgqsms98w6j5,18000000,
6141195891ba061e10f3648904b038c31d8a6a3d5d51ed227719a79e9ffbe3d8,2023-11-26T06:51:41.652000,sent,kaspa:qypmj4cpx9npu0ut3ppx0msk7rtj8m7l58sfujxz8jam8dp0j0utgnq6va2crr2,18000000,
469a5b9fe4af085aac0f99b2d6b9509f244d538a6a59411c3ec0f05701d71529,2023-11-26T06:42:34.902000,sent,kaspa:qyp9mypxrqt73vv0kn7l5ywz7pfdd0ducf08m6jwv4m4qrdq5ta5alcpz0ku4pw,18000000,
10d9efec54a29e68cbcb75e641eb04fb30f1bf07f250dac8f254ccd1f97df673,2023-11-26T06:34:19.285000,sent,kaspa:qyp66tnculncxcdrlqw0ugvkg5qly95gpa6a9umwd98z2hkq9xvejdscskj6gkt,18000000,
e123dbcc7557b413f7ac571b2b64c894fabcfaca9d97850a769aafaf16470774,2023-11-26T06:26:23.882000,sent,kaspa:qypa45fgufzsv7plguxxxwq5azz0emdce74q9mauez6vad9g54fyw5cfgxuue6s,18000000,
841731ae21a2c7796e917bb27c32dca74eb7de8d2db066bd369b7d6e65e0143b,2023-11-26T05:41:28.338000,sent,kaspa:qypuxz7gcwzchksnztmcpdgq0ghgdnwdu0myyz9s29q7nnwg3astjxq26uam4zg,18000000,
f114726142b6db36d63aca770e06777cfb3dad8db3b82234f21573ced7786e6e,2023-11-26T05:31:11.075000,sent,kaspa:qyp8c63shycwexvn79srdns7szrlz0a7w5k69h2435l3g6tswlnzvhgh9sudt44,18000000,
ecbe545629a6755f746485885b50a4003e985deb5bc0d4d9cb97be742a28dfaa,2023-11-26T05:19:02.771000,sent,kaspa:qyp67t76r7mp47rx8y9n84k75pptkwyhtafuhautwqfcuulzau2ctwcyp6pj2mh,18000000,
b14056e9ae2f61a3a6925033b5d9db933291e3a33d3f6859417ae495a8a4d0f8,2023-11-26T05:13:07.597000,sent,kaspa:qypdyzt6v7ju80n2k5t66345vsuez5j6radqgxgdx7av22amm4pgwaggm5qt56d,18000000,
a576e2b0fe1f43372d824d207702778507d3060dc969ae8b877d2ca5d5042bf7,2023-11-26T05:08:01.646000,sent,kaspa:qypzvhul20wr396kz0swu80e79kwkzehnkq6r2u7wvcqkrxw9nz377sf78vxzgw,18000000,
e4eb5bf78e0dd8908ddd2d142f65c01617ba173eee3c9d26e86c7785738be9ba,2023-11-26T04:54:16.587000,sent,kaspa:qypfdqrm9szfx7jsdrq34a9amspgxpyludyy8v3nsv8uwy400s3znugf6jap9av,18000000,
787593d9d0fe870155bfbd0c49af96ee434a75224e04d795c671dfed0889514c,2023-11-26T04:44:39.763000,sent,kaspa:qypakqhale5cwd5l4vswm2r3ve0tqyjvla2nawncuzky7t8gft7sltq92z4qhmh,18000000,
b43a33a267655b54eeea556e90082365b45f7aa8f026e17918d57de449be181d,2023-11-26T04:30:10.333000,sent,kaspa:qyp0xx7x7x4pzmr3qlfuhfq5a4ytk0zkfz70p206tf06xux4a42w3dcg23atmpr,18000000,
c4c3755d53793a3def0ea810f65ef58212e04295cfdba1ebb7e273a220f37f26,2023-11-26T04:12:25.202000,sent,kaspa:qypz823ullecghdzhaeyehd3dc45n26a8287qeqdwu5jn33en9mmlescpsf6h4s,18000000,
73f39fe56906d42d17b9b98052056ab37a6f7d1791be78b6a6d140b4ffe31b90,2023-11-26T03:55:51.250000,sent,kaspa:qypmmyehwevj3dmenfug54vj7scyryluuxa76fzkhx8xcyl7n554slcpfnhy35p,18000000,
b42dbe9071c8a0f1ea00791f9d3bf5265a84ba1ef9940db1ce7fb339c6f08a55,2023-11-26T03:24:00.477000,sent,kaspa:qypyguvnh3sya7t0zfhp3naw6kh972uzgel5h3fdlddtrv9fk9j3dvg0yudzpn0,18000000,
b99d2dc4b492ecac6f783cee1afc99da4bf2b3a9e30459e9d9148942f9b8b915,2023-11-26T03:06:43.795000,sent,kaspa:qypv4zmc4htnqdk33h32nxja4h5xw8ry4yf4xvmwcey0at52ee28yjq50vf8nkc,18000000,
6ae6d9c07560c8e5b31cd99e3c2505c98c1e2638cda148bee72b4ca6632dad77,2023-11-26T02:53:00.479000,sent,kaspa:qyplq538h4c9ult0stq4frd6njlsu37epkzf5xn5z26uthdqefukp8qvthvx74c,18000000,
9a4330173a7f22b9dde1a9758c0ea08efbf645d041deed66922ce2bc5af81ba4,2023-11-26T02:46:51.094000,sent,kaspa:qyputef8v3x9uhfflv8h4pgwd9p7qkzsnum2sn7yynqwujhx650wtjchnpj2lcr,18000000,
4e16985b0ccaa51481cbda80ca82e2964a9567fda09db46bee6b36b965cc8af7,2023-11-26T02:32:57.086000,sent,kaspa:qypaua77cl2zcrmx8sdzgg4p5ndzv37l8w8jawvjjg8kr2zteugrpvgd4e84277,18000000,
c0ba9ec84f97fa60da3be3f9762f015d07595fb480af7f0f2ba35b2cb6b3a6b7,2023-11-26T02:17:14.826000,sent,kaspa:qyptjkeu3hrjyqev73vu5atr3xex9acf934m4660txfxrtnl7kj65jgr4jjr5gs,18000000,
d194fa53ddcd80d3bdc07f5833c69eabe7d519e2f5469f3f269f61bc1a12368f,2023-11-26T02:05:44.333000,sent,kaspa:qypy7jv0ygy3mlkdd0efjul0cv7h6cfag7tskxy6wduljux2hrz5r7qft8mhgwj,18000000,
058156eae12dae66389edfb940950b1c4ca9cfb8e086caa29e320e341b478e38,2023-11-26T01:49:54.532000,sent,kaspa:qyp32gwjzgumvfe98ze5kr23pgg2wse083rlnkn5yh6gq37pt8zr5qcc6zku8fc,18000000,
5e2fb6450eace1b2663363cb76962aa2a8c1d8787750031e8ab76d25d6be404c,2023-11-25T15:53:50.654000,sent,kaspa:qz9tnprxra9myvdesehxlqsxvywf9kcs5uvyzvjjf6j9khh22luwqmhyhdls7,550000000,
302ae4b8c29292d25ba140908ad99c0bff598aea6828c72e83cee9bae58a41ef,2023-11-25T15:52:27.737000,sent,kaspa:qzypprlx38csfzry3cq7srz5rlrfst6h5r0sf5szk033erlm6vr62upe7u0g5,550000000,
e43c541855a33e5ec415837c68fdbdafecb9af1018e4b7a9a7e5cd16274933e7,2023-11-25T15:50:38.481000,sent,kaspa:qp9fdnfy6k4qxedx6km7wdryd0t80h2kf3a6c44nrvx22legr2v9v5ax3sgz6,550000000,
47b8c1f577604f10c7c0b216b70c3fe18a2105c1ba587de9e0bc2a021bf97d8a,2023-11-25T15:47:51.988000,sent,kaspa:qqtye0gr6yzpqevl0g644ztvrm38vmckatxetdutff6e32ukj3ywqk8l4aely,550000000,
42b3479469c1781b5ba3608ac125aeb817cb6cc39fa17073b4b28af96c76d8fb,2023-11-25T15:46:07.852000,sent,kaspa:qzqvhc3fdm6fxxn0ffa0jp0lvq0r0sngg2fzymfqx57dhmq7275hsu8ksus4w,550000000,
42b3479469c1781b5ba3608ac125aeb817cb6cc39fa17073b4b28af96c76d8fb,2023-11-25T15:46:07.852000,sent,kaspa:qzqvhc3fdm6fxxn0ffa0jp0lvq0r0sngg2fzymfqx57dhmq7275hsu8ksus4w,550000000,
c52e2918cd58e90bc988c8bae3df535577b5f263506fc1fd530e263900189470,2023-11-25T15:44:21.379000,received,kaspa:qzegd82kghzej0v5xmx8vljxku2ctah9q3986vrn0rx4w43ek0n66eheh7kaa,3538707999,
b34a2b7f576ca519f71cff781d09ecfe6bb9eb86f30e5908bc6137dc1398d573,2023-11-25T14:00:21.342000,sent,kaspa:qypdyyqn49akk6sf2l3zf308q66g64pkx8wl9jfwmdh93sxwpa4mapq7mpl9hmm,18000000,
bd6b2faa5fcf577f2039f17021873c498b4199b698a96061f265f8cd64332ac2,2023-11-25T13:53:47.413000,sent,kaspa:qypcfy5hyrmdxk74ekv6dk8ua4rzpueds88utecaqrzgandts6paqugfc6gqlz8,18000000,
cb01290cfc237a0ae159b6bd49ad8c81e0ba2e91f08a678ba784290dd0120a79,2023-11-25T13:45:21.214000,sent,kaspa:qypk5sphfdaa5fjvy8f4vjnc55eg3qhasv5v4ts0vawla59q7vqp94cax8kgfvu,18000000,
9cc5dbf0fd849947c10897d3dcf03a714b28c2dbcd589e4e709cf41829c7ccc8,2023-11-25T12:25:43.814000,sent,kaspa:qypk9ja0jlh4872rx562wplesz6z54ztjnezz8aw2h0rh0s83dagy3qe39tf757,18000000,
64a0bd93efdfd5ba1420e82c459c4a32dcccf3b92ad35d80bb82552cdb1be683,2023-11-25T12:16:20.675000,sent,kaspa:qyphaa3cyfqnx28djetyg79e9xqlf9scykc0u3k484vcplrmd46quwc0k6r8f29,18000000,
fb26106393973e6152e4e58c393e0a7b63f07024760d8c8411914732d6f39ade,2023-11-25T12:12:22.765000,sent,kaspa:qyppza9ale25mmxecce8pefshtlaq3jytwsckr9nnjw9z78jm4rrzjg6h3dx7a2,18000000,
f1fcd33c9c4d0770db47035d1667e33a06cf61f58cb73cad6314d883e0e0f3b0,2023-11-25T12:08:32.474000,sent,kaspa:qype90060eld5n6a96gsgwpal8z2yy8zezx2y83y9w829rucqapqxkqp4204he9,18000000,
f1a8bb49993e8c1e1b521ada80f6dbfdc3d623559db6062ef940ca04e3bb71a0,2023-11-25T12:05:39.199000,sent,kaspa:qyph39yuur2qvncjqv7gq0rvv2un9cggqunfs042txyuzaywrnuuzvqvesyathl,18000000,
73859c02b555a2baba72cb087c3ecc423e34e9aa63ea149f32ce7fd42466e982,2023-11-25T12:03:18.151000,sent,kaspa:qyp6z4rfus49d60c8m4n39a6ul6jf5522vs5d2jck3jcpxlw5ytmleq6qlm4xcp,18000000,
92d5882ce8cfaff43cea7264f91c96f016a012aae7560584c0d4b8b83eebb377,2023-11-25T12:00:30.899000,sent,kaspa:qyp4zt4wh3aenn9munqne2jg2kxxnqaeq5cyu3jvwl45hzesjnfq3aqnjn4lt5d,18000000,
a5c0422a5ce018be2f6ea26e3360720dd8a89db4b39a911f2fd555264c920093,2023-11-25T11:58:34.754000,sent,kaspa:qypu6a5lqckf0akcknurfjvlusr3mshh36hjw8rsldupqu3qmt6tgagetmx5qc7,18000000,
36779592f6bcfe9a1e40a9957b2ac1ccfbc706d48da4c06ceece3d30e1882bb9,2023-11-25T11:55:55.287000,sent,kaspa:qypuwcpjujqk2pusrnsz4yjdx2dwvrmarunz047wujtcxfsynkmhdaq0tyv94hk,18000000,
72a86ae502b32bb1622879177dbd659e2a751cf49fa7ce89f1fe04b2a78a5ce0,2023-11-25T11:53:31.208000,sent,kaspa:qyp52t9nctfvxhkwlqzn3c48wqdvkcx7as0dswmkqrlap2praktppfqtwx3qg3p,18000000,
89e3cf0c8e24f3b0ded4f64d8a566dc6d00db9b370dc4779f37251c60ec20807,2023-11-25T10:02:43.185000,sent,kaspa:qypxrujsa7j62gtd0x6qzvrzs8k94f8q5me2ral4072pqvehw40e3fgnt9sa5yz,18000000,
0e8bd0075187ccf9b6ac2f337682eca590fa02b2c77584bae83a0b1d5c40f35e,2023-11-25T09:58:32.610000,sent,kaspa:qyp5y8qqhzrashlkl7ctrfydmlefn3r4zr7kjk5ztp2zdt4a38rdxng0kxd8mxt,18000000,
b91af76d898d41ebe468202954e767a92a244338780a2c3bc96de619f7a7d2c7,2023-11-25T09:53:46.636000,sent,kaspa:qyp5dhg6f4xvsx758q8khvqa903v2nh694paeya4w2y7gwf88qk2p9qcn3ht4dc,18000000,
be5968427cac7645778144fefdb27a74893ce1422af00143d89ca13abef451fc,2023-11-25T09:51:04.341000,sent,kaspa:qypyl9ejrcklav4f3gn62v58h3aymf7hf3n5tckxyuqjx3qewqt7u4g5fqxdl30,18000000,
a54e48044dd73b9b7201eecc4c78841f8ce32f5bda8bd2c2aa47dd0493d9c758,2023-11-25T09:48:08.131000,sent,kaspa:qyps0pf3m4hl383uw42kt4j7nc4ahy0vtdz5sgzkq4tynasqrayvp5cfpd9xt0t,18000000,
dbffd48f40253a2a69d1d88dae531fd0788e5df8e179875dafffed3f85356ba2,2023-11-25T09:45:00.544000,sent,kaspa:qyp4p83l6etg3lf6r420ckjxq3z9hy72fsw3m0p6h5c7h3lujk79wzg4nhpm64t,18000000,
d3259b249871a7b78b48a564e5f87d600e8b6d977ac9a97ac64eac6ad46c9fea,2023-11-25T09:40:54.034000,sent,kaspa:qyp0nyyesvxf7w2fx2hwqsnyye9dsut39ytfpqgag28lsls9m4seajs9e5da2sh,18000000,
095d42e44e901e93f998278e03af2cad81be0aec60082b71277d0cd23f9f38d4,2023-11-25T09:36:55.592000,sent,kaspa:qypkey5g20glvhq4x638h789tdecys2tmqlka5jc72smlzwaa0m3v2slh7tccdt,18000000,
8a732282143535251d9b9a2c461cbecb4b27d38845fe93cc5a839d85637fb1ea,2023-11-25T09:34:13.391000,sent,kaspa:qypav3wrrgch2ea7z42akmvp52cc4we23cwm32sd30u0t0fkqa8m36cndc33lld,18000000,
4ca6d75c5c8990457849886176c2af22e47a8fb67673a4fc0c3f37533d7c7cc8,2023-11-25T09:29:24.317000,sent,kaspa:qyp63sg4srepngfj3epajgxv8848plj2dlq9nd9f6c9s8eja7gdgfjgf5c899ss,18000000,
8a083c3bb00e2e58ddd96797d5c5c9232afe0783b2c73b1593f4aa5d5ecb6120,2023-11-25T09:21:56.475000,sent,kaspa:qypdlm442u4dt420cpjujvz72fwrp6e7qkruxyxsgyxl4f5newst82c6zlennam,18000000,
ddebf8266d83705990520481e7be6a1ad4497afc1f4e1c0c27bdf8b6c7679dc4,2023-11-25T09:19:58.738000,sent,kaspa:qypghr8qp08lagxwcd8wsnka7ps6a9xmppfh09xgc3uf85g7099m8vs7vnxqfdc,18000000,
575a350bd4f218ed2c64e044c9dc2ac065afa88271b2c108a4b2d1740d0ff66d,2023-11-25T09:15:13.363000,sent,kaspa:qypnzcsp40fj6z5v2rrurupc2vssqlqjklq0vv53rpg8atq9rvuaaxc3t9690qk,18000000,
022d2685cce1ccc6c2c907241c4371b0dabeb55c48e2bebe40ed2d0bced6a4b7,2023-11-25T09:10:30.708000,sent,kaspa:qyp0gz2pmwh9xu8rwkryx7aqsxzq872f6f7vve07gwc3kv25z0n29jsmaucwunr,18000000,
022d2685cce1ccc6c2c907241c4371b0dabeb55c48e2bebe40ed2d0bced6a4b7,2023-11-25T09:10:30.708000,sent,kaspa:qyp0gz2pmwh9xu8rwkryx7aqsxzq872f6f7vve07gwc3kv25z0n29jsmaucwunr,18000000,
dc07f396e17cda5454ee22125a33e3bab0f81bde57ec493ead8d37166aaf9efa,2023-11-25T09:06:38.021000,received,kaspa:qzqvhc3fdm6fxxn0ffa0jp0lvq0r0sngg2fzymfqx57dhmq7275hsu8ksus4w,500000000,
9fd444b7a2e051280838bb6e82134f9922ebc849a40dbbfea3175d6661a25d6b,2023-11-18T05:45:31.726000,sent,kaspa:qyptuvclc3c0z8tfpqne945yqvqfjzfyyhhpgj643n5j85c5p7sl3jslmuqcqjs,18000000,
59d187a8599c3ea4f285d9c989778a7d86894be39ff423163b4cc810d5ce51d7,2023-11-18T05:25:13.008000,received,kaspa:qyp09jwvzzyp0g4fdep2d2fekeh7gss2cd4mnug4jc5uel6xflyzw8csmlsjrqg,20000000,
