tx_id,timestamp,direction,peer_address,amount_sompi,cex_label
e5a0b5eb839fce8243c8eb39bf29dc30eade5084e568ab42bbd98aed9b39c158,2023-11-09T16:15:10.638000,sent,kaspa:qznvtcjl2vnvxanp75mk2gwj4kvmd3q8hllu8y99jm5px4zt7v8g5qf05f366,7000000000,
e5a0b5eb839fce8243c8eb39bf29dc30eade5084e568ab42bbd98aed9b39c158,2023-11-09T16:15:10.638000,sent,kaspa:qzjyudz6awx56c5hcet7789uy3c4wrzpwvk7lxt4e77vneu34jalxpj69379n,2295780000,
2c11b749523dd0347a96e098b7d39b392032a7f8b15b8d844ac14bb04f55c3cf,2023-11-09T13:02:45.584000,received,kaspa:qqdsdqqwvwkzxr3hx8m6fd8802lzrsl73s9797al74ew5kp9d3crw7w4un99f,9295790000,
2c11b749523dd0347a96e098b7d39b392032a7f8b15b8d844ac14bb04f55c3cf,2023-11-09T13:02:45.584000,received,kaspa:qqdsdqqwvwkzxr3hx8m6fd8802lzrsl73s9797al74ew5kp9d3crw7w4un99f,9295790000,
2c11b749523dd0347a96e098b7d39b392032a7f8b15b8d844ac14bb04f55c3cf,2023-11-09T13:02:45.584000,received,kaspa:qpwnc922h7pwvu9mcv0f7zqxt94muyndvwhh6aqr5g4nhlau4dgnv602d64jy,9295790000,
2c11b749523dd0347a96e098b7d39b392032a7f8b15b8d844ac14bb04f55c3cf,2023-11-09T13:02:45.584000,received,kaspa:qp5qm9lw75q797tnpfj66xf7c3wenzfplag22p0jrck5jn3mhps854nj9gfrs,9295790000,
