tx_id,timestamp,direction,peer_address,amount_sompi,cex_label
7494a983a6aad65fd939759a80a220bfeb8e26a77739e350090a00cf5e6d7750,2024-07-09T19:50:32.149000,sent,kaspa:qr67kenetzr7guh800n04emasgk2lfuskz8f3kkr4kjyp40069xwxsrkr7n90,300000000000,
810e7ecb37bd34a5a42043df903c3196deabf34e10a0575448e3ae301882a635,2024-07-09T19:48:16.037000,sent,kaspa:qr67kenetzr7guh800n04emasgk2lfuskz8f3kkr4kjyp40069xwxsrkr7n90,300000000000,
7ea4b1d3f782f0fe2f8736a0b53dbadd5279b27021889c377e0de041f9ff3902,2024-07-09T19:45:22.752000,sent,kaspa:qr67kenetzr7guh800n04emasgk2lfuskz8f3kkr4kjyp40069xwxsrkr7n90,600000000000,
9c1e494124881bfae2490828f97da34953ee5eab868fdf8cc0d6c3fdda1181c9,2024-07-09T19:34:24.342000,sent,kaspa:qr67kenetzr7guh800n04emasgk2lfuskz8f3kkr4kjyp40069xwxsrkr7n90,1500000000000,
aa686726d0c6aa9efe62e9d0a85036ce41bcfa6bed320d95e8e5ed92d9f3cb7c,2024-07-09T18:50:16.565000,sent,kaspa:qr67kenetzr7guh800n04emasgk2lfuskz8f3kkr4kjyp40069xwxsrkr7n90,1500000000000,
aa686726d0c6aa9efe62e9d0a85036ce41bcfa6bed320d95e8e5ed92d9f3cb7c,2024-07-09T18:50:16.565000,sent,kaspa:qr67kenetzr7guh800n04emasgk2lfuskz8f3kkr4kjyp40069xwxsrkr7n90,1500000000000,
aa686726d0c6aa9efe62e9d0a85036ce41bcfa6bed320d95e8e5ed92d9f3cb7c,2024-07-09T18:50:16.565000,sent,kaspa:qr67kenetzr7guh800n04emasgk2lfuskz8f3kkr4kjyp40069xwxsrkr7n90,1500000000000,
8e34371c65507852d98c5a1cae299ff69f6790e31c049cb9592c568b3de1be65,2024-07-08T02:21:47.893000,received,kaspa:qq3k4du6wf2g26j7ds6fqmgtgavgm3zy676wntp2e52nsuns2n4s6xkndmx0y,2700000000000,
1bb117955a2031ee5ce91d6fd74d72699ef887a8a6b85bb4c1132515427d3ebb,2024-07-08T02:15:49.876000,received,kaspa:qpq94ntnvy8p9q6wrdwtn37xtspgashrydc0kuu8ctpyxulmh0wlxh2807zdh,1500000000000,
2ef16004e49b05e64a8ffdd03d7a285eb67eb48e0d7b4b9785882847d1a71637,2024-03-04T00:38:43.539000,sent,kaspa:qz5wykdm6fr4jff5jc83sf4dy09wmq2w2xkel5mjw9txxcv4nj2d2r5jgfux9,514000000000,
894fb4a8402743566025f37692048e8f2cb090e1ed4aaf9f9b730b0b75a62f4f,2024-03-04T00:38:01.469000,sent,kaspa:qz5wykdm6fr4jff5jc83sf4dy09wmq2w2xkel5mjw9txxcv4nj2d2r5jgfux9,500000000000,
ac8ebef9d777829c90e314bcb26d17d6f7ec871aa44e5dd0c9e4901818066eb5,2024-03-04T00:30:19.835000,sent,kaspa:qz5wykdm6fr4jff5jc83sf4dy09wmq2w2xkel5mjw9txxcv4nj2d2r5jgfux9,1500000000000,
cab34cac1570ed4bb95d9fca131ffcd522b8bf2f1d8a81149edeeeb643a73872,2024-03-04T00:25:34.735000,sent,kaspa:qz5wykdm6fr4jff5jc83sf4dy09wmq2w2xkel5mjw9txxcv4nj2d2r5jgfux9,5000000000000,
a00f0a8821f41964a24f9a825a4ed0b2a15a852f351f92b9a02361a33478a9dc,2024-03-04T00:22:15.772000,sent,kaspa:qz5wykdm6fr4jff5jc83sf4dy09wmq2w2xkel5mjw9txxcv4nj2d2r5jgfux9,2500000000000,
c4bd073732e544ecc964f791a417fae816952a39178e735123e7b038650ec10d,2024-03-04T00:20:20.762000,sent,kaspa:qq9zagcza4jt76eev9jl5z0nqhe0thcu7js8larktj4sle7lvgnw7sfcewlty,2500000000000,
d579a779b6f79b15d524bef872a00ee4db1b91094dbf80248876f5650af23979,2024-03-03T19:05:53.441000,sent,kaspa:qq9zagcza4jt76eev9jl5z0nqhe0thcu7js8larktj4sle7lvgnw7sfcewlty,2500000000000,
d579a779b6f79b15d524bef872a00ee4db1b91094dbf80248876f5650af23979,2024-03-03T19:05:53.441000,sent,kaspa:qq9zagcza4jt76eev9jl5z0nqhe0thcu7js8larktj4sle7lvgnw7sfcewlty,2500000000000,
d579a779b6f79b15d524bef872a00ee4db1b91094dbf80248876f5650af23979,2024-03-03T19:05:53.441000,sent,kaspa:qq9zagcza4jt76eev9jl5z0nqhe0thcu7js8larktj4sle7lvgnw7sfcewlty,2500000000000,
d579a779b6f79b15d524bef872a00ee4db1b91094dbf80248876f5650af23979,2024-03-03T19:05:53.441000,sent,kaspa:qq9zagcza4jt76eev9jl5z0nqhe0thcu7js8larktj4sle7lvgnw7sfcewlty,2500000000000,
d579a779b6f79b15d524bef872a00ee4db1b91094dbf80248876f5650af23979,2024-03-03T19:05:53.441000,sent,kaspa:qq9zagcza4jt76eev9jl5z0nqhe0thcu7js8larktj4sle7lvgnw7sfcewlty,2500000000000,
952204c54f13d0452ad6bb581fe44ed6f1294946c4bbde90c56b4cc37c624ecc,2024-02-26T00:50:05.198000,received,kaspa:qqetp7ct8kqss99fxmymyz5t3fezppxp0t58wl6pawp27elqd46uudme00cl0,904000000000,
952204c54f13d0452ad6bb581fe44ed6f1294946c4bbde90c56b4cc37c624ecc,2024-02-26T00:50:05.198000,received,kaspa:qpzpfwcsqsxhxwup26r55fd0ghqlhyugz8cp6y3wxuddc02vcxtjg75pspnwz,904000000000,MEXC
1675fc21236343ebf6e1f81d4068ac3895cebeb9257d2ee26a4a1386519b4fd5,2024-02-25T17:12:09.087000,received,kaspa:qpzpfwcsqsxhxwup26r55fd0ghqlhyugz8cp6y3wxuddc02vcxtjg75pspnwz,606989000000,MEXC
1675fc21236343ebf6e1f81d4068ac3895cebeb9257d2ee26a4a1386519b4fd5,2024-02-25T17:12:09.087000,received,kaspa:qpzpfwcsqsxhxwup26r55fd0ghqlhyugz8cp6y3wxuddc02vcxtjg75pspnwz,606989000000,MEXC
844c6c2e458ecc7370c82a676ed3208da1f5fc195ad3c269c2337138bbef8345,2024-02-25T05:07:03.005000,received,kaspa:qqetp7ct8kqss99fxmymyz5t3fezppxp0t58wl6pawp27elqd46uudme00cl0,1004000100000,
844c6c2e458ecc7370c82a676ed3208da1f5fc195ad3c269c2337138bbef8345,2024-02-25T05:07:03.005000,received,kaspa:qpzpfwcsqsxhxwup26r55fd0ghqlhyugz8cp6y3wxuddc02vcxtjg75pspnwz,1004000100000,MEXC
82d66225099535f5cbcbe4e8429e1aff5f499c431134b5a8c9bd598e4f5dfa2b,2024-01-16T05:04:01.953000,received,kaspa:qqetp7ct8kqss99fxmymyz5t3fezppxp0t58wl6pawp27elqd46uudme00cl0,5300000000000,
82d66225099535f5cbcbe4e8429e1aff5f499c431134b5a8c9bd598e4f5dfa2b,2024-01-16T05:04:01.953000,received,kaspa:qpzpfwcsqsxhxwup26r55fd0ghqlhyugz8cp6y3wxuddc02vcxtjg75pspnwz,5300000000000,MEXC
0ecb08b20c59ac7d01abf1d7da0fcc3efd55f9c3b26db9029d3f34d6e340d9e8,2024-01-16T04:00:02.590000,received,kaspa:qqetp7ct8kqss99fxmymyz5t3fezppxp0t58wl6pawp27elqd46uudme00cl0,7200000000000,
0ecb08b20c59ac7d01abf1d7da0fcc3efd55f9c3b26db9029d3f34d6e340d9e8,2024-01-16T04:00:02.590000,received,kaspa:qpzpfwcsqsxhxwup26r55fd0ghqlhyugz8cp6y3wxuddc02vcxtjg75pspnwz,7200000000000,MEXC
a40aab933d781b27e2c4c6381c791e456ff629c7a06a1d40675edb0dfddcaf32,2024-01-16T03:49:57.329000,sent,kaspa:qz5wykdm6fr4jff5jc83sf4dy09wmq2w2xkel5mjw9txxcv4nj2d2r5jgfux9,5499900000,
017dd7df32b720a42b8b07b0aa10fd8ac44c1cd04c8d21bd715762ad56957c69,2024-01-16T03:26:03.899000,received,kaspa:qqetp7ct8kqss99fxmymyz5t3fezppxp0t58wl6pawp27elqd46uudme00cl0,5500000000,
017dd7df32b720a42b8b07b0aa10fd8ac44c1cd04c8d21bd715762ad56957c69,2024-01-16T03:26:03.899000,received,kaspa:qpzpfwcsqsxhxwup26r55fd0ghqlhyugz8cp6y3wxuddc02vcxtjg75pspnwz,5500000000,MEXC
