tx_id,timestamp,direction,peer_address,amount_sompi,cex_label
bff02fbf89e1ff5ec5187773e2169417e69270db20d6913fd3eed729ee04f5b7,2023-12-16T03:42:42.898000,sent,kaspa:qzslgwenzu78t6tldlng383g7ruu4enaljmnkgaulyrscjp7ldt26x8gfxck5,171940000,
bff02fbf89e1ff5ec5187773e2169417e69270db20d6913fd3eed729ee04f5b7,2023-12-16T03:42:42.898000,sent,kaspa:qzslgwenzu78t6tldlng383g7ruu4enaljmnkgaulyrscjp7ldt26x8gfxck5,171940000,
960bb0376ef502aca651d26fd32b5abd1b806e158d36e84c1abf6ff0c3a563eb,2023-12-12T02:55:46.661000,received,kaspa:qypswxtcrv4ssyjaswy5w9387vq73mkuyq85tl34cee6qn5uexqy0csgnafnjx7,171000000,
80b725d2e0023c577bf989ec0cea54baee946fed4dee2d90c58505d48f387eba,2023-11-28T00:50:54.220000,sent,kaspa:qypspqw6v5gs2la4z5wn62hz36akfx2q7k6jt56qjmsxr9whrqsx93gumanqnpx,18000000,
a49a3be575b3ba94f4c89c0115cd8c5a5e3679feefa1346870a0c5bcc2b56279,2023-11-27T18:55:43.920000,received,kaspa:qpwhru0ycq9aqhmkwzwsz5q888cxytn6pjlhang56rff0m2ysh727vazd7ejt,19000000,
