tx_id,timestamp,direction,peer_address,amount_sompi,cex_label
d8033811c818a669b72dd23fecc0c5bb0b04ad278ddf14bf58f8e2ef681f57db,2024-01-29T16:37:07.886000,sent,kaspa:qpjunp39ssazf4rzfxxu0hd35xggfxn6lq0ls9u9q6peevzcmcv4xmv9q4njd,1726756309,
89d9b07790729a06f68bb58149354ce3788e0304eca9f65095107f8f8b74313f,2023-12-27T13:14:08.066000,sent,kaspa:qpjunp39ssazf4rzfxxu0hd35xggfxn6lq0ls9u9q6peevzcmcv4xmv9q4njd,3449718156116,
bef23e63caf433dc74cb8e097a81d30ef1950ec093c9b11cda98ff693fb7d6e0,2023-12-26T07:38:58.632000,sent,kaspa:qpjunp39ssazf4rzfxxu0hd35xggfxn6lq0ls9u9q6peevzcmcv4xmv9q4njd,20057615352710,
06a020e79916e4d706ed34ee65301e6d0aa2ce2edccb84a3a89ff8b64ee36528,2023-12-26T07:35:59.850000,sent,kaspa:qpjunp39ssazf4rzfxxu0hd35xggfxn6lq0ls9u9q6peevzcmcv4xmv9q4njd,20388279070172,
c6c3b6a2b67b1890e45a569d4506872de9c318d675760c6554e9aae8a63dfc3d,2023-12-08T12:49:00.342000,received,kaspa:qqwvnkp47wsj6n4hkdlgj8dsauyx0xvefunnwvvsmpq2udd0ka8ckmpuqw3k5,227886000000,
c4b52a96cc988c9b6abb2c0474cfed513d17e4ab5be5812041902d4a2acd511b,2023-12-08T12:13:17.580000,received,kaspa:qqwvnkp47wsj6n4hkdlgj8dsauyx0xvefunnwvvsmpq2udd0ka8ckmpuqw3k5,231731392096,
1e6ce8f8e3bbc94681d281f3d978c4a59f0132e4529406e99ef3caf79038c4d6,2023-12-08T11:33:08.347000,received,kaspa:qqwvnkp47wsj6n4hkdlgj8dsauyx0xvefunnwvvsmpq2udd0ka8ckmpuqw3k5,39200000000,
1e6ce8f8e3bbc94681d281f3d978c4a59f0132e4529406e99ef3caf79038c4d6,2023-12-08T11:33:08.347000,received,kaspa:qqwvnkp47wsj6n4hkdlgj8dsauyx0xvefunnwvvsmpq2udd0ka8ckmpuqw3k5,39200000000,
68bc705f1ffbbcd0358927e97e990005233bc2f66094a9a126ba54aa660747a3,2023-12-08T11:09:17.529000,received,kaspa:qqwvnkp47wsj6n4hkdlgj8dsauyx0xvefunnwvvsmpq2udd0ka8ckmpuqw3k5,20000000,
