tx_id,timestamp,direction,peer_address,amount_sompi,cex_label
0b4bca11c512046268d1de5577915c25bab559c53cd4fed799c3e94e0c528dbd,2023-12-12T13:34:17.513000,sent,kaspa:qrv64ra4syz0ztjrwp7qje02e33v9lcqewvhxp7v7gz7pk4rk6gwkt94xc3jx,16763000000,
0b4bca11c512046268d1de5577915c25bab559c53cd4fed799c3e94e0c528dbd,2023-12-12T13:34:17.513000,sent,kaspa:qrpj6mqfanf9emmpgcc5hsrjxuqfpz2gnxru2hzj5rpzaf42aq46wkke30h65,50272,
9e4eaabaf9e02d074455b4262ebf0c5afab8523921a7fe58d3c617910094f21a,2023-12-12T08:18:30.128000,received,kaspa:qypswxtcrv4ssyjaswy5w9387vq73mkuyq85tl34cee6qn5uexqy0csgnafnjx7,171000000,
71a85453332d749a5cc9b888c57bf75a2931396349ac380ee7f9daf802add6d5,2023-11-28T11:05:45.952000,sent,kaspa:qypdulxndsr9etvy72v89pnlm7m5t3cx6mtjzx3ymddrllf0dv8hk9c8kd4dfl4,18000000,
71a85453332d749a5cc9b888c57bf75a2931396349ac380ee7f9daf802add6d5,2023-11-28T11:05:45.952000,sent,kaspa:qrq98cy32vu90v6p0sv34stee50xtqvpl7z6jcklxhcxjf2qsqzrzkk89p74q,1287661306,
7b53bdeaf0d51cf771c92e0df724843534cb822d593dcc2c31c81fad529cff0b,2023-11-28T10:57:49.953000,received,kaspa:qrhnpsu8kfhkk8kaarqkpaaa0ctuntykdnjt87pcu0q7dh58s5yqvs09ahtvl,1307658986,
