tx_id,timestamp,direction,peer_address,amount_sompi,cex_label
371e9f325db67ff6e6ffcf15e2e65dd1956d30ceeae5d360152856d97436acf8,2023-12-16T04:48:30.807000,sent,kaspa:qzslgwenzu78t6tldlng383g7ruu4enaljmnkgaulyrscjp7ldt26x8gfxck5,171940000,
371e9f325db67ff6e6ffcf15e2e65dd1956d30ceeae5d360152856d97436acf8,2023-12-16T04:48:30.807000,sent,kaspa:qzslgwenzu78t6tldlng383g7ruu4enaljmnkgaulyrscjp7ldt26x8gfxck5,171940000,
dfd670e36f2f8601e585eeb809eb3aa792310d2886df5b265e6cfcd962c5d8e4,2023-12-12T20:21:06.958000,received,kaspa:qypswxtcrv4ssyjaswy5w9387vq73mkuyq85tl34cee6qn5uexqy0csgnafnjx7,171000000,
166d4274d6ad050d80800b467b79f9b5036481423243f55c08bc224eb4efaaee,2023-11-29T10:46:11.076000,sent,kaspa:qypztj9keldw042h9t4cfxjtwkhxgg0mmhx307tje3w0nvf49xflzqqxh757ll4,18000000,
ecf4bec57f027fa49a169b5d38c75f05b100047f65b3248a157f891acc2fcf6b,2023-11-28T10:25:30.701000,received,kaspa:qrh7hg99wa55cem920u9ctccq9xec25rsh55pp4t0gzqtls6nusrc4m4z5ddx,19000000,
