tx_id,timestamp,direction,peer_address,amount_sompi,cex_label
728fcf60c1372f7d66c973209f243117506386626d0569e99df8e375468b4a76,2023-12-16T03:15:49.268000,sent,kaspa:qzslgwenzu78t6tldlng383g7ruu4enaljmnkgaulyrscjp7ldt26x8gfxck5,171940000,
728fcf60c1372f7d66c973209f243117506386626d0569e99df8e375468b4a76,2023-12-16T03:15:49.268000,sent,kaspa:qzslgwenzu78t6tldlng383g7ruu4enaljmnkgaulyrscjp7ldt26x8gfxck5,171940000,
e5fe80ddec9bbb85f3637c438780274d88d3caa95af17f390cfbdb2e45bc4e99,2023-12-12T00:01:49.552000,received,kaspa:qypswxtcrv4ssyjaswy5w9387vq73mkuyq85tl34cee6qn5uexqy0csgnafnjx7,171000000,
6fe9562763882d972de7109a64659cf1d41a1ba3bf4cf43608ef499889f89c9a,2023-11-27T14:11:31.301000,sent,kaspa:qyp0qtrth2f2n6y7c9gwq6rsgpcvymkq480qxf2u5ec7as6xqvtz9eqf4lmqun6,18000000,
7ccd5bb95db571232b3f400c03cdbc4153e810b89547909e6873dc15ce4fa6e1,2023-11-27T07:05:28.591000,received,kaspa:qqeyly5kcha7xxm6c6vy78m4le9jwx6tdwdeuxx60khd9pr9h37n7rhwsfj9p,19000000,
