tx_id,timestamp,direction,peer_address,amount_sompi,cex_label
03fed4244b9a5e187c38c46c47fb4112a3c1c2af455310752cd7f88170eb2208,2023-12-16T03:39:20.539000,sent,kaspa:qzslgwenzu78t6tldlng383g7ruu4enaljmnkgaulyrscjp7ldt26x8gfxck5,171940000,
03fed4244b9a5e187c38c46c47fb4112a3c1c2af455310752cd7f88170eb2208,2023-12-16T03:39:20.539000,sent,kaspa:qzslgwenzu78t6tldlng383g7ruu4enaljmnkgaulyrscjp7ldt26x8gfxck5,171940000,
fa674ec1660696340d25b38a381a05c72e631498ddfc8cc4f3843bab3bd52b16,2023-12-12T00:06:14.862000,received,kaspa:qypswxtcrv4ssyjaswy5w9387vq73mkuyq85tl34cee6qn5uexqy0csgnafnjx7,171000000,
c164c56d2ac42b31f81d56094ca61ffc9e483ecdb2c9ca994e16e29f9e065f42,2023-11-27T14:13:58.892000,sent,kaspa:qypev4cemv52c4d6pcy5yc7wqv3ycmau5peyqus5wchpnqaxkfpkdeckgafdz49,18000000,
46fa983026809b9f01ef03d6f25ce53cb5e54fd082bf8eb4e39057f0e89a7322,2023-11-27T07:36:42.671000,received,kaspa:qrjsf4py4h49sth5efpjmqe0tvde5pj2j35rvkkrpzaqhdsrlrn0zfa0rje7h,19000000,
