tx_id,timestamp,direction,peer_address,amount_sompi,cex_label
42f02a9051284778a93551a63b3b7c7aa9a99e7d065bcc8d331909f7d683a36f,2023-12-29T07:24:25.444000,sent,kaspa:qqwvnkp47wsj6n4hkdlgj8dsauyx0xvefunnwvvsmpq2udd0ka8ckmpuqw3k5,329838900000,
42f02a9051284778a93551a63b3b7c7aa9a99e7d065bcc8d331909f7d683a36f,2023-12-29T07:24:25.444000,sent,kaspa:qqwvnkp47wsj6n4hkdlgj8dsauyx0xvefunnwvvsmpq2udd0ka8ckmpuqw3k5,329838900000,
42f02a9051284778a93551a63b3b7c7aa9a99e7d065bcc8d331909f7d683a36f,2023-12-29T07:24:25.444000,sent,kaspa:qqwvnkp47wsj6n4hkdlgj8dsauyx0xvefunnwvvsmpq2udd0ka8ckmpuqw3k5,329838900000,
365d9aaf5181322b877f9fd4d45c03a075619381c9ff985c7e13b887d17b9301,2023-12-29T07:16:58.386000,received,kaspa:qyp2t45fr2tf79v3hjwlfurxde87jah6wtfzzklaydm2dhytkge66jghfj48sgq,327839000000,
1263befa6439f971f9ebc77cc4fa40b0091d824ddac6cffa3f635d59e5c7d00a,2023-12-29T07:12:29.031000,received,kaspa:qyp2t45fr2tf79v3hjwlfurxde87jah6wtfzzklaydm2dhytkge66jghfj48sgq,1000000000,
0c52bcba97b5dfdee9b89d131496cea22b4a78ea47fbdc13a4f6870aa74d9734,2023-06-25T13:54:57.916000,received,kaspa:qyp2t45fr2tf79v3hjwlfurxde87jah6wtfzzklaydm2dhytkge66jghfj48sgq,1000000000,
0c52bcba97b5dfdee9b89d131496cea22b4a78ea47fbdc13a4f6870aa74d9734,2023-06-25T13:54:57.916000,received,kaspa:qyp2t45fr2tf79v3hjwlfurxde87jah6wtfzzklaydm2dhytkge66jghfj48sgq,1000000000,
1fc9a8b1df077eb57185f9007d2b43ab96febe10e84acdd272f5e7aaad24d14b,2023-06-24T15:58:57.899000,sent,kaspa:qyp2t45fr2tf79v3hjwlfurxde87jah6wtfzzklaydm2dhytkge66jghfj48sgq,20622871500000,
33580f1f387e2249401456f77f4f7151bf099eb3bb8dc3b0570ba7dc5b0ec5e5,2023-06-24T15:55:53.189000,sent,kaspa:qyp2t45fr2tf79v3hjwlfurxde87jah6wtfzzklaydm2dhytkge66jghfj48sgq,10000000000,
33580f1f387e2249401456f77f4f7151bf099eb3bb8dc3b0570ba7dc5b0ec5e5,2023-06-24T15:55:53.189000,sent,kaspa:qyp2t45fr2tf79v3hjwlfurxde87jah6wtfzzklaydm2dhytkge66jghfj48sgq,10000000000,
33580f1f387e2249401456f77f4f7151bf099eb3bb8dc3b0570ba7dc5b0ec5e5,2023-06-24T15:55:53.189000,sent,kaspa:qyp2t45fr2tf79v3hjwlfurxde87jah6wtfzzklaydm2dhytkge66jghfj48sgq,10000000000,
eede1dab01ea81baa36b9e64fa5e3899f38a158cb782391e6a35d433e78a0a7a,2023-06-11T17:45:35.923000,received,kaspa:qrpy9t2x7tn8ast6u2dyrypvzt6n0096sxc3jh2vk5dcfqnparcd7pgaphc6y,10622871700000,
eefc0231da89563ebce1907b0097d9241482a565df68ce558227d2f9f8a490e6,2023-06-11T17:40:54.460000,received,kaspa:qrpy9t2x7tn8ast6u2dyrypvzt6n0096sxc3jh2vk5dcfqnparcd7pgaphc6y,10000000000000,
52bde4d98a8a5c6bb979d8ce72c3fcd0e8964ca8811b523dc27b1f7e9125c3bf,2023-06-11T17:29:40.997000,received,kaspa:qrpy9t2x7tn8ast6u2dyrypvzt6n0096sxc3jh2vk5dcfqnparcd7pgaphc6y,10000000000,
52bde4d98a8a5c6bb979d8ce72c3fcd0e8964ca8811b523dc27b1f7e9125c3bf,2023-06-11T17:29:40.997000,received,kaspa:qrpy9t2x7tn8ast6u2dyrypvzt6n0096sxc3jh2vk5dcfqnparcd7pgaphc6y,10000000000,
52bde4d98a8a5c6bb979d8ce72c3fcd0e8964ca8811b523dc27b1f7e9125c3bf,2023-06-11T17:29:40.997000,received,kaspa:qrpy9t2x7tn8ast6u2dyrypvzt6n0096sxc3jh2vk5dcfqnparcd7pgaphc6y,10000000000,
