tx_id,timestamp,direction,peer_address,amount_sompi,cex_label
f5f56cab13fd08dab06a35d440cf7c3b0a91f602e982fa532b5600047a307a19,2023-12-16T04:48:36.289000,sent,kaspa:qzslgwenzu78t6tldlng383g7ruu4enaljmnkgaulyrscjp7ldt26x8gfxck5,171940000,
f5f56cab13fd08dab06a35d440cf7c3b0a91f602e982fa532b5600047a307a19,2023-12-16T04:48:36.289000,sent,kaspa:qzslgwenzu78t6tldlng383g7ruu4enaljmnkgaulyrscjp7ldt26x8gfxck5,171940000,
11681c5248bda0fbfc3809dfb86e1d6acb17bbb5c54a8b901e472772180fec36,2023-12-12T23:15:32.732000,received,kaspa:qypswxtcrv4ssyjaswy5w9387vq73mkuyq85tl34cee6qn5uexqy0csgnafnjx7,171000000,
2eb097a1181828fcd8611bab702973919b3666c1d143b7b0b641096dbbb94b3b,2023-11-29T14:48:45.034000,sent,kaspa:qypt9kqzx2722cxapuspw2ysjxauy2jw0yeckxat9vc0aejuu75e9zse6nz9kua,18000000,
105cbb60905049e163bc0aafaf1e543a1988cab4f024f0f4ec238ba0aac5f056,2023-11-28T16:53:45.462000,received,kaspa:qzcy48k6qudt2kh09sqrcjg4hhkpn0fhv989ja2jzdh7k293qf7fs0fer9g5a,19000000,
