tx_id,timestamp,direction,peer_address,amount_sompi,cex_label
aa7a9bff90f9cc848acdcf775de843ff7818f3aab67e631e54870b2169978b4e,2023-12-13T10:58:01.859000,sent,kaspa:qpvye489trt0qjkj7t4zmv3a0nymjeyxv4l0myt32czmqyll0smfs5hs8d5e3,52322900000,
182ad09183d8e762a017bf750290382fae2fb2544b13466b7ebf39c56c9a3e86,2023-12-12T14:32:21.743000,received,kaspa:qypswxtcrv4ssyjaswy5w9387vq73mkuyq85tl34cee6qn5uexqy0csgnafnjx7,171000000,
4d1e1c964ef06211f3f1a48779ae25a995f196ddacaa06aa4c6d2f915b6e4bf9,2023-11-28T23:34:52.023000,sent,kaspa:qypq0cf3zt3t8gcgzepef3c373usdpanxhf02462dlky4neexv8wd6c577a4krz,18000000,
4d1e1c964ef06211f3f1a48779ae25a995f196ddacaa06aa4c6d2f915b6e4bf9,2023-11-28T23:34:52.023000,sent,kaspa:qz3fh68etpdw8e7n325vxapaqv6rkh6k6pdjgydzn7gnhc3ftcpz7h7dge5hj,3765820000,
2b270ba7f528d8da48797b245a6c077167cb4a4c2ea345b897a4cf7257041162,2023-11-28T23:31:06.998000,received,kaspa:qq9e064034mgh0lel43y722wlmeusr8dfhle56wy3k88jm4qlhvjjzjaac2ze,3783830000,
