tx_id,timestamp,direction,peer_address,amount_sompi,cex_label
75b5aa5be4f1ffe528883629ccc59ea5a3750d8746f36253feb92a942be436c6,2024-11-19T06:57:39.462000,sent,kaspa:qpjunp39ssazf4rzfxxu0hd35xggfxn6lq0ls9u9q6peevzcmcv4xmv9q4njd,5176133696987,
630bc528b66f819d73048344d2647ca0bae216069fe933b589161cdccc5745d4,2024-11-18T13:19:10.787000,received,kaspa:qzfkepcekx3n4hvhwcv57uy6ys5wnzxefpx66496jhz6t66v7asas2nz96570,51465339818,
630bc528b66f819d73048344d2647ca0bae216069fe933b589161cdccc5745d4,2024-11-18T13:19:10.787000,received,kaspa:qqxnmr20vy3qevnvttmrdh88dq6awz460m3sns46yl5rx79kr8z9yux4vz0ya,51465339818,
fb54b78c17d27c1f0899028487af7ff40037dd10a9fcd1f0c7c4c5d644235887,2024-11-11T10:53:33.622000,sent,kaspa:qpzpfwcsqsxhxwup26r55fd0ghqlhyugz8cp6y3wxuddc02vcxtjg75pspnwz,10000000000000,MEXC
fb54b78c17d27c1f0899028487af7ff40037dd10a9fcd1f0c7c4c5d644235887,2024-11-11T10:53:33.622000,sent,kaspa:qpjunp39ssazf4rzfxxu0hd35xggfxn6lq0ls9u9q6peevzcmcv4xmv9q4njd,39611223932,
5427c8d5ac871032ea90278d293c18ca3a1b8fd783ed3755ecd266b06867f055,2024-11-11T05:01:17.008000,received,kaspa:qypvuuedsr43c9txedvmdwxgcxh35m4narjxz7f74a5c86tnj5734wq5mxm5kgf,117221407042,
5427c8d5ac871032ea90278d293c18ca3a1b8fd783ed3755ecd266b06867f055,2024-11-11T05:01:17.008000,received,kaspa:qypvuuedsr43c9txedvmdwxgcxh35m4narjxz7f74a5c86tnj5734wq5mxm5kgf,117221407042,
5427c8d5ac871032ea90278d293c18ca3a1b8fd783ed3755ecd266b06867f055,2024-11-11T05:01:17.008000,received,kaspa:qypvuuedsr43c9txedvmdwxgcxh35m4narjxz7f74a5c86tnj5734wq5mxm5kgf,117221407042,
5427c8d5ac871032ea90278d293c18ca3a1b8fd783ed3755ecd266b06867f055,2024-11-11T05:01:17.008000,received,kaspa:qypvuuedsr43c9txedvmdwxgcxh35m4narjxz7f74a5c86tnj5734wq5mxm5kgf,117221407042,
78670dc612480bcfd4985cf6253d2b34da17c6cc4f8c18ae16b69a03c4018e32,2024-11-09T06:58:32.778000,sent,kaspa:qpzpfwcsqsxhxwup26r55fd0ghqlhyugz8cp6y3wxuddc02vcxtjg75pspnwz,10000000000000,MEXC
78670dc612480bcfd4985cf6253d2b34da17c6cc4f8c18ae16b69a03c4018e32,2024-11-09T06:58:32.778000,sent,kaspa:qpjunp39ssazf4rzfxxu0hd35xggfxn6lq0ls9u9q6peevzcmcv4xmv9q4njd,202667023466,
e7e5e28eb76d67fe35921c76bfedbb2cdce68413c6c9ae71d5a2e2e1722b8cf0,2024-11-09T04:23:55.882000,received,kaspa:qz66rj6lhtg0rqrvr7dl7f0cdjhyg2ln48t2kv65azp8c0d06q6vw8y3p962n,1050272990316,
e7e5e28eb76d67fe35921c76bfedbb2cdce68413c6c9ae71d5a2e2e1722b8cf0,2024-11-09T04:23:55.882000,received,kaspa:qz66rj6lhtg0rqrvr7dl7f0cdjhyg2ln48t2kv65azp8c0d06q6vw8y3p962n,1050272990316,
e7e5e28eb76d67fe35921c76bfedbb2cdce68413c6c9ae71d5a2e2e1722b8cf0,2024-11-09T04:23:55.882000,received,kaspa:qz66rj6lhtg0rqrvr7dl7f0cdjhyg2ln48t2kv65azp8c0d06q6vw8y3p962n,1050272990316,
e7e5e28eb76d67fe35921c76bfedbb2cdce68413c6c9ae71d5a2e2e1722b8cf0,2024-11-09T04:23:55.882000,received,kaspa:qz66rj6lhtg0rqrvr7dl7f0cdjhyg2ln48t2kv65azp8c0d06q6vw8y3p962n,1050272990316,
e7e5e28eb76d67fe35921c76bfedbb2cdce68413c6c9ae71d5a2e2e1722b8cf0,2024-11-09T04:23:55.882000,received,kaspa:qz66rj6lhtg0rqrvr7dl7f0cdjhyg2ln48t2kv65azp8c0d06q6vw8y3p962n,1050272990316,
08d55d0029d37374f30d9a62bc15ddcf28b1c64294c9e45f6f1a7398bf693626,2024-11-08T12:08:07.293000,sent,kaspa:qpjunp39ssazf4rzfxxu0hd35xggfxn6lq0ls9u9q6peevzcmcv4xmv9q4njd,2808708340930,
d555407a2d98ccc29e3d3f84b039aed649985d9a5dd9c636dd323b6acb551658,2024-11-08T12:08:07.293000,sent,kaspa:qpjunp39ssazf4rzfxxu0hd35xggfxn6lq0ls9u9q6peevzcmcv4xmv9q4njd,6369018831348,
b59c7d4cc8bf12b2f600c47cf04b3b3fc0691fae98872470bfbc7bba6cc80114,2024-11-08T08:23:13.626000,received,kaspa:qp8u0lpzwm8w0p52fud2aps9ldwmqtj9ydzmq8zll3a9gsfzh4y6uxump9u8t,54505202803,
312f5b9e16c81c77c59f3bef89825b8f52cab46a4cad914805634f0a74874d58,2024-11-07T04:56:20.978000,received,kaspa:qzfkepcekx3n4hvhwcv57uy6ys5wnzxefpx66496jhz6t66v7asas2nz96570,40000000000,
312f5b9e16c81c77c59f3bef89825b8f52cab46a4cad914805634f0a74874d58,2024-11-07T04:56:20.978000,received,kaspa:qphec0mmcdfazucwxsnm83mwg0kam6vdvfh0g66j5tgyazhp6he97g2zpeppm,40000000000,
0d54bbb10dc479c2c4e012866c328a6845f25c63f75b5258c3d2bf78f6c27e48,2024-10-24T14:48:05.429000,sent,kaspa:qpzpfwcsqsxhxwup26r55fd0ghqlhyugz8cp6y3wxuddc02vcxtjg75pspnwz,2000000000000,MEXC
0d54bbb10dc479c2c4e012866c328a6845f25c63f75b5258c3d2bf78f6c27e48,2024-10-24T14:48:05.429000,sent,kaspa:qpjunp39ssazf4rzfxxu0hd35xggfxn6lq0ls9u9q6peevzcmcv4xmv9q4njd,65559198372,
e0336662c459b551a466fd845a6d030126c48802d08444e4bc5cd84cf264526d,2024-10-24T14:02:18.228000,received,kaspa:qypvuuedsr43c9txedvmdwxgcxh35m4narjxz7f74a5c86tnj5734wq5mxm5kgf,111957292803,
e0336662c459b551a466fd845a6d030126c48802d08444e4bc5cd84cf264526d,2024-10-24T14:02:18.228000,received,kaspa:qypvuuedsr43c9txedvmdwxgcxh35m4narjxz7f74a5c86tnj5734wq5mxm5kgf,111957292803,
e0336662c459b551a466fd845a6d030126c48802d08444e4bc5cd84cf264526d,2024-10-24T14:02:18.228000,received,kaspa:qypvuuedsr43c9txedvmdwxgcxh35m4narjxz7f74a5c86tnj5734wq5mxm5kgf,111957292803,
414f7702fea68d221a5ceeb6ed0d79f93fb760559e19adca04f56b2466ca488c,2024-10-13T14:09:04.304000,sent,kaspa:qpzpfwcsqsxhxwup26r55fd0ghqlhyugz8cp6y3wxuddc02vcxtjg75pspnwz,2000000000000,MEXC
414f7702fea68d221a5ceeb6ed0d79f93fb760559e19adca04f56b2466ca488c,2024-10-13T14:09:04.304000,sent,kaspa:qpjunp39ssazf4rzfxxu0hd35xggfxn6lq0ls9u9q6peevzcmcv4xmv9q4njd,20594018665599,
cee29d10388b706f89c9713f74707a4d45632cdbece155262f598e285eff1152,2024-10-13T14:08:14.167000,received,kaspa:qz66rj6lhtg0rqrvr7dl7f0cdjhyg2ln48t2kv65azp8c0d06q6vw8y3p962n,1005219996835,
cee29d10388b706f89c9713f74707a4d45632cdbece155262f598e285eff1152,2024-10-13T14:08:14.167000,received,kaspa:qz66rj6lhtg0rqrvr7dl7f0cdjhyg2ln48t2kv65azp8c0d06q6vw8y3p962n,1005219996835,
67a3ee6db56942bc9edf9d2ba0c6afb5f3cbb77a2d3e37e9bcd825eecf6e81f1,2024-10-03T16:59:33.981000,sent,kaspa:qpzpfwcsqsxhxwup26r55fd0ghqlhyugz8cp6y3wxuddc02vcxtjg75pspnwz,2000000000000,MEXC
67a3ee6db56942bc9edf9d2ba0c6afb5f3cbb77a2d3e37e9bcd825eecf6e81f1,2024-10-03T16:59:33.981000,sent,kaspa:qpjunp39ssazf4rzfxxu0hd35xggfxn6lq0ls9u9q6peevzcmcv4xmv9q4njd,5828415352624073,
3fab1de5e8036259aaed58221445e76123f5e0835b18e6ce1cd978bf60117048,2024-10-03T16:58:50.443000,received,kaspa:qypvuuedsr43c9txedvmdwxgcxh35m4narjxz7f74a5c86tnj5734wq5mxm5kgf,1002446747862,
3fab1de5e8036259aaed58221445e76123f5e0835b18e6ce1cd978bf60117048,2024-10-03T16:58:50.443000,received,kaspa:qypvuuedsr43c9txedvmdwxgcxh35m4narjxz7f74a5c86tnj5734wq5mxm5kgf,1002446747862,
ddb97ed0f6b3e5a5158e4c9e1a8112ab146549ac6572cf70532194dbdbaee70d,2024-09-28T18:29:11.467000,sent,kaspa:qpzpfwcsqsxhxwup26r55fd0ghqlhyugz8cp6y3wxuddc02vcxtjg75pspnwz,2000000000000,MEXC
ddb97ed0f6b3e5a5158e4c9e1a8112ab146549ac6572cf70532194dbdbaee70d,2024-09-28T18:29:11.467000,sent,kaspa:qpjunp39ssazf4rzfxxu0hd35xggfxn6lq0ls9u9q6peevzcmcv4xmv9q4njd,18725915961439571,
cde6692ff405c468bb1036c398ad9aa0cd626067fdfa898cb39b24a300887a20,2024-09-28T18:28:34.714000,received,kaspa:qpccnly85tx25jkpzkulvvqtgjaa858qegltu4m7798l3xk79hv5qj4ml6fd8,99999976835,
67ea1cba0b29fa678563194849d635c12d17e977c6d30faf9560480f1445ce86,2024-09-26T05:34:34.047000,sent,kaspa:qpzpfwcsqsxhxwup26r55fd0ghqlhyugz8cp6y3wxuddc02vcxtjg75pspnwz,2000000000000,MEXC
67ea1cba0b29fa678563194849d635c12d17e977c6d30faf9560480f1445ce86,2024-09-26T05:34:34.047000,sent,kaspa:qpjunp39ssazf4rzfxxu0hd35xggfxn6lq0ls9u9q6peevzcmcv4xmv9q4njd,21691292910211945,
8507379f9b26bdce239cfa918ddd0d3d15b55239502c0f0d2f126892ed598d9d,2024-09-26T05:33:38.511000,received,kaspa:qqdsdqqwvwkzxr3hx8m6fd8802lzrsl73s9797al74ew5kp9d3crw7w4un99f,200000000000,
daeb30675472ba7289fde125393761ca512c292701450487dbb3b5a5f997c8d8,2024-09-11T14:27:06.829000,sent,kaspa:qpzpfwcsqsxhxwup26r55fd0ghqlhyugz8cp6y3wxuddc02vcxtjg75pspnwz,2000000000000,MEXC
daeb30675472ba7289fde125393761ca512c292701450487dbb3b5a5f997c8d8,2024-09-11T14:27:06.829000,sent,kaspa:qpjunp39ssazf4rzfxxu0hd35xggfxn6lq0ls9u9q6peevzcmcv4xmv9q4njd,44704737983573389,
6b0fad0792398452a902efc2b4b960af4678041006084ca3671e7f8f587ded60,2024-09-11T14:24:06.051000,sent,kaspa:qpzpfwcsqsxhxwup26r55fd0ghqlhyugz8cp6y3wxuddc02vcxtjg75pspnwz,2000000000000,MEXC
6b0fad0792398452a902efc2b4b960af4678041006084ca3671e7f8f587ded60,2024-09-11T14:24:06.051000,sent,kaspa:qpjunp39ssazf4rzfxxu0hd35xggfxn6lq0ls9u9q6peevzcmcv4xmv9q4njd,44712420963983354,
1924102b8faa4414700e3deb142b1ba3b1f57a2d78bdab51068b3329f5f39640,2024-09-11T14:22:52.555000,received,kaspa:qrmyvjydj57k980g9a8457j8ls2vxznzapxdxpezs3908pq9drt5qu8xhyqah,100000000000,
d607833e9455ab06bb753fea4e45e34e676af8d6d9203e2dbabb4d86174acdd8,2024-09-11T14:22:11.521000,received,kaspa:qzfkepcekx3n4hvhwcv57uy6ys5wnzxefpx66496jhz6t66v7asas2nz96570,25432672104,
d607833e9455ab06bb753fea4e45e34e676af8d6d9203e2dbabb4d86174acdd8,2024-09-11T14:22:11.521000,received,kaspa:qrevnjz369ky43ytfh0p20r47nptaprh6dwu85f9d6tukll8a4a7yp4a9x85d,25432672104,
f709e32d5c5bdef138511d64cd6e37207e90f1b348ef9166cf781fe282542c37,2024-08-29T21:07:05.530000,sent,kaspa:qpjunp39ssazf4rzfxxu0hd35xggfxn6lq0ls9u9q6peevzcmcv4xmv9q4njd,1851576756263,
75c74facd0cbbaed4e1a9eff54b065d8ca6c75229be089cfcd149108f18031dc,2024-08-29T19:51:07.742000,sent,kaspa:qpjunp39ssazf4rzfxxu0hd35xggfxn6lq0ls9u9q6peevzcmcv4xmv9q4njd,689999603843,
344679f0ddca55de407796a8d347bdb22e7ee271a7d671850d361b5598aceed3,2024-08-29T19:28:05.295000,sent,kaspa:qpjunp39ssazf4rzfxxu0hd35xggfxn6lq0ls9u9q6peevzcmcv4xmv9q4njd,1405844623142,
bc603961d44c7aad8ea79a2708c6924064ba4134ab61ea0f23064ddaee72e707,2024-08-29T10:07:01.861000,sent,kaspa:qpzpfwcsqsxhxwup26r55fd0ghqlhyugz8cp6y3wxuddc02vcxtjg75pspnwz,2000000000000,MEXC
bc603961d44c7aad8ea79a2708c6924064ba4134ab61ea0f23064ddaee72e707,2024-08-29T10:07:01.861000,sent,kaspa:qpjunp39ssazf4rzfxxu0hd35xggfxn6lq0ls9u9q6peevzcmcv4xmv9q4njd,539600000,
b5f69f11a3b06eaec861b703787c99bc3b0a1d5865bea32a3b67b2c55bad6596,2024-08-29T10:04:02.268000,sent,kaspa:qpzpfwcsqsxhxwup26r55fd0ghqlhyugz8cp6y3wxuddc02vcxtjg75pspnwz,2000000000000,MEXC
b5f69f11a3b06eaec861b703787c99bc3b0a1d5865bea32a3b67b2c55bad6596,2024-08-29T10:04:02.268000,sent,kaspa:qpjunp39ssazf4rzfxxu0hd35xggfxn6lq0ls9u9q6peevzcmcv4xmv9q4njd,20532640000,
37d118c1b971e88e2bcdb734d8d9b3e560698b2e506104543c7ca7cadd651cfc,2024-08-29T02:31:34.201000,sent,kaspa:qpzpfwcsqsxhxwup26r55fd0ghqlhyugz8cp6y3wxuddc02vcxtjg75pspnwz,2000000000000,MEXC
37d118c1b971e88e2bcdb734d8d9b3e560698b2e506104543c7ca7cadd651cfc,2024-08-29T02:31:34.201000,sent,kaspa:qpjunp39ssazf4rzfxxu0hd35xggfxn6lq0ls9u9q6peevzcmcv4xmv9q4njd,33388024498,
735cd17a26b2293036fe6d8d90efb437cf1942669a2fa811baff4cb2b38b8829,2024-08-29T00:49:07.087000,sent,kaspa:qpzpfwcsqsxhxwup26r55fd0ghqlhyugz8cp6y3wxuddc02vcxtjg75pspnwz,2000000000000,MEXC
735cd17a26b2293036fe6d8d90efb437cf1942669a2fa811baff4cb2b38b8829,2024-08-29T00:49:07.087000,sent,kaspa:qpjunp39ssazf4rzfxxu0hd35xggfxn6lq0ls9u9q6peevzcmcv4xmv9q4njd,99999790000,
dce0f9b05cb6b635504f669ca7884d87ed6b5157777348ad8d1cc718fefbd643,2024-08-29T00:00:37.688000,sent,kaspa:qpzpfwcsqsxhxwup26r55fd0ghqlhyugz8cp6y3wxuddc02vcxtjg75pspnwz,2000000000000,MEXC
dce0f9b05cb6b635504f669ca7884d87ed6b5157777348ad8d1cc718fefbd643,2024-08-29T00:00:37.688000,sent,kaspa:qpjunp39ssazf4rzfxxu0hd35xggfxn6lq0ls9u9q6peevzcmcv4xmv9q4njd,79575077330694268,
05a653694e8327295285b15dbccaf5db06b28723c95376371212bcd6c5169b1f,2024-08-28T10:26:34.868000,sent,kaspa:qpzpfwcsqsxhxwup26r55fd0ghqlhyugz8cp6y3wxuddc02vcxtjg75pspnwz,2000000000000,MEXC
05a653694e8327295285b15dbccaf5db06b28723c95376371212bcd6c5169b1f,2024-08-28T10:26:34.868000,sent,kaspa:qpjunp39ssazf4rzfxxu0hd35xggfxn6lq0ls9u9q6peevzcmcv4xmv9q4njd,200662456573,
dadcd4d090102745080f9591fd749d84c3e94b0efc3d231153df888268bd863a,2024-08-27T07:36:06.373000,sent,kaspa:qpzpfwcsqsxhxwup26r55fd0ghqlhyugz8cp6y3wxuddc02vcxtjg75pspnwz,2000000000000,MEXC
dadcd4d090102745080f9591fd749d84c3e94b0efc3d231153df888268bd863a,2024-08-27T07:36:06.373000,sent,kaspa:qpjunp39ssazf4rzfxxu0hd35xggfxn6lq0ls9u9q6peevzcmcv4xmv9q4njd,599999947931,
9be8459022b9cdfaeae61455f0cfccef9e23320451813a87b122f56198abdae5,2024-08-23T17:13:40.466000,received,kaspa:qzmx5zsplf5g60qnrm8c3zpfklsh3tt4rl39ujg59e0yqafszz70qaq7y8qyj,220000000000,
ec2a2fc1cb616d4febccc569cb3d8007fb05a4b06bc8643672a2775587d54cf7,2024-08-23T05:46:49.524000,received,kaspa:qqsfwc3ymk59g48qeysa84dnkrlxazd5a7c82cmesavlffqurfkqvape98l4m,100099966835,
ebf17fc88f4bbfbefeb74b39d5337ff32ff782b51cd84989e399c9bbb7dcb9de,2024-08-08T11:23:21.836000,received,kaspa:qqf94y6kw9yujx28pgkfrzhd5udezwug5m6tnlhl5jt3v8ptpp35gkzr99k0v,650000000000,
5c2892e3593d053200d08ddc323125bff773a481a0c6faefafb13810f406a1c7,2024-08-05T14:02:59.027000,received,kaspa:qprkhd5ejhm4a33c0ge2l9vmywajzqkpxakseueprtgnsc42ja7cg9jr2lc76,11893001960,
5c2892e3593d053200d08ddc323125bff773a481a0c6faefafb13810f406a1c7,2024-08-05T14:02:59.027000,received,kaspa:qpvwwdzt5utlz6svw7a5rgkzfl6xqv5a82rzdlnrhwu2up90p4sy6jpnh3amc,11893001960,
13c1244f47595df7e9d49811bef25ebed894aecfd57a1d377345fc29968f0f70,2024-08-05T14:02:29.913000,received,kaspa:qr4d6rlxeelqn7x7rwu6m366tvn87t64wttua0hvynkr5mggtzu7u27tq87aq,88300000000,
13c1244f47595df7e9d49811bef25ebed894aecfd57a1d377345fc29968f0f70,2024-08-05T14:02:29.913000,received,kaspa:qrc34ekj23p8uummlde2hlfuc3sgwam2a7lgx2425lankkhlndkz2psxaem0c,88300000000,
a81b27d3685be58f5912db5c0ab9b56d62ab2fd311f8fc9252c584070c301ecb,2024-07-24T10:39:00.964000,received,kaspa:qzceewawe2xav8chq27d7hfw4t75h3h0w3hhhs5jme07ckr64286w7cd9zgd4,50000000000,
ea826c4ad961f1dac72580b614c36618754704dc1bc8599d8dc66d7cbce7749d,2024-07-19T16:44:19.732000,received,kaspa:qqq7s3k8j3wn5edr64e0pm07mv88u2760f5xp4ye089dkr8duz5rcxwj9znwm,50000000000,
d198523b0e54e4296960e900ae0f3b74b2fbadf7575be2461cd8f5807ee42d00,2024-07-19T06:06:48.183000,received,kaspa:qz7a384khjatq9axh6j3gs6yp2876pumfamn7muz2um8e3lts349ctfuvy6j6,100000000000,
d198523b0e54e4296960e900ae0f3b74b2fbadf7575be2461cd8f5807ee42d00,2024-07-19T06:06:48.183000,received,kaspa:qpsw2ldd0e6ry5r07n220us4u2yenqu3nethqnenms2a849aa2lp7ssfn47u8,100000000000,
81659bb8c6a2d9733356ddb2169fb111bc0d3b47866408b13026967e1fbcac59,2024-07-15T18:38:29.611000,received,kaspa:qpjt0psvw8whxpczsuhr9kye3cptxqk4ad4h2chsmacdc4dgyhtw6ntj0gzfv,16000000000,
f562961a0a449836dba42bf0eb11fe1346aabc60d102587602cddf2bdd9919ce,2024-07-15T18:38:04.722000,received,kaspa:qq53pkse7cf9pw04w3384tafd0eqfe7tj0mlfv6dv3j9q627dlux29pzewnkt,15000000000,
0cfb7a7203e0a2c9ab929f82350e1517fb5d916dc672d823f7f6311b0b420edb,2024-06-15T07:07:05.751000,sent,kaspa:qpzpfwcsqsxhxwup26r55fd0ghqlhyugz8cp6y3wxuddc02vcxtjg75pspnwz,2000000000000,MEXC
0cfb7a7203e0a2c9ab929f82350e1517fb5d916dc672d823f7f6311b0b420edb,2024-06-15T07:07:05.751000,sent,kaspa:qpjunp39ssazf4rzfxxu0hd35xggfxn6lq0ls9u9q6peevzcmcv4xmv9q4njd,20082127482917887,
3b99b1ad6d3b442e14af5dc8b120e8d442bc776ab7e387d75c3457deafdf5681,2024-06-15T07:05:15.766000,received,kaspa:qz9tpjgkt0jv3q07nz40uclc7lhasvmhgcnmwuwuqf4wqt3xvedv5hhaa97f3,239999996835,
3b99b1ad6d3b442e14af5dc8b120e8d442bc776ab7e387d75c3457deafdf5681,2024-06-15T07:05:15.766000,received,kaspa:qz9tpjgkt0jv3q07nz40uclc7lhasvmhgcnmwuwuqf4wqt3xvedv5hhaa97f3,239999996835,
977a9f9c9e10d9a26cf79e918577fa386a4faf1188aea9327b1a47f604f74b95,2024-06-11T10:12:06.191000,sent,kaspa:qpzpfwcsqsxhxwup26r55fd0ghqlhyugz8cp6y3wxuddc02vcxtjg75pspnwz,2000000000000,MEXC
977a9f9c9e10d9a26cf79e918577fa386a4faf1188aea9327b1a47f604f74b95,2024-06-11T10:12:06.191000,sent,kaspa:qpjunp39ssazf4rzfxxu0hd35xggfxn6lq0ls9u9q6peevzcmcv4xmv9q4njd,20131963290773030,
0526a43f9a7e4b29ddc1ae77a6640107e4b85af75955ba5a6f686e321d54f9c2,2024-06-11T10:11:26.995000,received,kaspa:qzfkepcekx3n4hvhwcv57uy6ys5wnzxefpx66496jhz6t66v7asas2nz96570,59694807260,
0526a43f9a7e4b29ddc1ae77a6640107e4b85af75955ba5a6f686e321d54f9c2,2024-06-11T10:11:26.995000,received,kaspa:qpsqwtzfy9qfdazu3eeprssys0em96nrznln298hzgpawxvmlw8zq44ktfxku,59694807260,
4ccaf76921790282a943306dfb19558e144a49d7b3ce163ecda4ab5393981166,2024-05-29T03:57:04.712000,sent,kaspa:qpzpfwcsqsxhxwup26r55fd0ghqlhyugz8cp6y3wxuddc02vcxtjg75pspnwz,2000000000000,MEXC
4ccaf76921790282a943306dfb19558e144a49d7b3ce163ecda4ab5393981166,2024-05-29T03:57:04.712000,sent,kaspa:qpjunp39ssazf4rzfxxu0hd35xggfxn6lq0ls9u9q6peevzcmcv4xmv9q4njd,7932895311,
360590084dd5c372228b9da52736e8447a0d9186b093d8f11dffd50d5fd6f87f,2024-05-29T03:15:43.130000,received,kaspa:qrmyvjydj57k980g9a8457j8ls2vxznzapxdxpezs3908pq9drt5qu8xhyqah,103643202635,
360590084dd5c372228b9da52736e8447a0d9186b093d8f11dffd50d5fd6f87f,2024-05-29T03:15:43.130000,received,kaspa:qq7f2st329hjy27mt7zd6epnuuqx7hm0d04pme3cgtapmzdlhsq767a5le4z4,103643202635,
aabe7209dd0f2bfdc70867ffe1f99f8767bc9a709eaddb7d22fe63083203bb1c,2024-05-18T06:24:37.299000,sent,kaspa:qpzpfwcsqsxhxwup26r55fd0ghqlhyugz8cp6y3wxuddc02vcxtjg75pspnwz,2000000000000,MEXC
aabe7209dd0f2bfdc70867ffe1f99f8767bc9a709eaddb7d22fe63083203bb1c,2024-05-18T06:24:37.299000,sent,kaspa:qpjunp39ssazf4rzfxxu0hd35xggfxn6lq0ls9u9q6peevzcmcv4xmv9q4njd,19968973374204703,
d63ecea7ed1fc9bf8683e07bdc65d63212b77e0afade637846405e8c6b25f0fb,2024-05-18T06:23:43.425000,received,kaspa:qqdsdqqwvwkzxr3hx8m6fd8802lzrsl73s9797al74ew5kp9d3crw7w4un99f,1450000000000,
ed14d7295bf594c2f88687cfd2fda0f0d8ec09a146f1f01363072c0fd08c9ca6,2024-05-14T12:51:05.633000,sent,kaspa:qpzpfwcsqsxhxwup26r55fd0ghqlhyugz8cp6y3wxuddc02vcxtjg75pspnwz,2000000000000,MEXC
ed14d7295bf594c2f88687cfd2fda0f0d8ec09a146f1f01363072c0fd08c9ca6,2024-05-14T12:51:05.633000,sent,kaspa:qpjunp39ssazf4rzfxxu0hd35xggfxn6lq0ls9u9q6peevzcmcv4xmv9q4njd,19998417801665265,
2cbc9fbfc98fa7a07d30c35f53003d858fe90895783a9e99a8deccd93343b3eb,2024-05-14T12:50:30.906000,received,kaspa:qpcqmt25av905a9w2ffw3ngxpjcn5gef75sj9720uap938k6r3sh6crq4prpp,1000000000000,
d130bbff681971f808246d181c73d4d764515fab8cbf45ec9f5effe388da025e,2024-05-13T12:23:05.719000,sent,kaspa:qpzpfwcsqsxhxwup26r55fd0ghqlhyugz8cp6y3wxuddc02vcxtjg75pspnwz,2000000000000,MEXC
d130bbff681971f808246d181c73d4d764515fab8cbf45ec9f5effe388da025e,2024-05-13T12:23:05.719000,sent,kaspa:qpjunp39ssazf4rzfxxu0hd35xggfxn6lq0ls9u9q6peevzcmcv4xmv9q4njd,3415928328,
8e29075f93ce9ee04652e8ee0339dbce456bc98eaad812df4ada6d0f24ee2423,2024-05-13T12:07:05.353000,received,kaspa:qpr0cnu2cj5j7snlxhuyuy36apnywhsl2q2xhr5u2nhwe9zg9e74gkpvsg37f,81563847260,
8e29075f93ce9ee04652e8ee0339dbce456bc98eaad812df4ada6d0f24ee2423,2024-05-13T12:07:05.353000,received,kaspa:qzezms2vc93rja25zel374cf68axhm0qtmqk5dsxc6epgjachdtm7kdhc732n,81563847260,
8e29075f93ce9ee04652e8ee0339dbce456bc98eaad812df4ada6d0f24ee2423,2024-05-13T12:07:05.353000,received,kaspa:qrnwmukt8xa6yjdpz70e3stvzfmz3gt9w7gjjc4tljy73p60333kv3hzvy70y,81563847260,
2184db21bb4fd4c1dfaf67bdd84bb7fe0b145492923e99a041901cf0cf23a7b5,2024-05-06T09:46:04.968000,sent,kaspa:qpzpfwcsqsxhxwup26r55fd0ghqlhyugz8cp6y3wxuddc02vcxtjg75pspnwz,2000000000000,MEXC
2184db21bb4fd4c1dfaf67bdd84bb7fe0b145492923e99a041901cf0cf23a7b5,2024-05-06T09:46:04.968000,sent,kaspa:qpjunp39ssazf4rzfxxu0hd35xggfxn6lq0ls9u9q6peevzcmcv4xmv9q4njd,24174190896,
b5920a51fb654b3f7a8d1a8ac368a08e44e4a8da18ab77bdf6fa8de110195455,2024-05-06T09:08:37.354000,sent,kaspa:qpzpfwcsqsxhxwup26r55fd0ghqlhyugz8cp6y3wxuddc02vcxtjg75pspnwz,2000000000000,MEXC
b5920a51fb654b3f7a8d1a8ac368a08e44e4a8da18ab77bdf6fa8de110195455,2024-05-06T09:08:37.354000,sent,kaspa:qpjunp39ssazf4rzfxxu0hd35xggfxn6lq0ls9u9q6peevzcmcv4xmv9q4njd,14843348138,
f159eb3137f6ec0fc80491a4ee8b492abe3a9a6cf4c41c3711ce7f1fefc225df,2024-05-06T09:08:11.057000,received,kaspa:qr9455pfnqfmjlr6ahnqjmymcw2tgm5jq752v4c5rwjs40je6d27uw8ak94h5,50000000000,
f159eb3137f6ec0fc80491a4ee8b492abe3a9a6cf4c41c3711ce7f1fefc225df,2024-05-06T09:08:11.057000,received,kaspa:qzrnzzyej35j24w8wswka5rm0h40cpp3jqys2lncc75sln5z43fnj04sjf95l,50000000000,
d001deff421fb0d88adbfa5d0e844cae9988c28b782c7ab88ad9f384ec3aa699,2024-05-06T09:05:08.728000,received,kaspa:qr9u567c6u5sach7hlft296mp6q7a3jlxkkf5g6pl0mad9kdcn7aze9arh95u,150000000000,
40c1027004892ee0fa80419e21b6a44c1f78d9710510bfff60a750c9f14f4ba1,2024-05-05T15:55:07.416000,sent,kaspa:qpzpfwcsqsxhxwup26r55fd0ghqlhyugz8cp6y3wxuddc02vcxtjg75pspnwz,2000000000000,MEXC
40c1027004892ee0fa80419e21b6a44c1f78d9710510bfff60a750c9f14f4ba1,2024-05-05T15:55:07.416000,sent,kaspa:qpjunp39ssazf4rzfxxu0hd35xggfxn6lq0ls9u9q6peevzcmcv4xmv9q4njd,7865990206,
40c1027004892ee0fa80419e21b6a44c1f78d9710510bfff60a750c9f14f4ba1,2024-05-05T15:55:07.416000,sent,kaspa:qpzpfwcsqsxhxwup26r55fd0ghqlhyugz8cp6y3wxuddc02vcxtjg75pspnwz,2000000000000,MEXC
40c1027004892ee0fa80419e21b6a44c1f78d9710510bfff60a750c9f14f4ba1,2024-05-05T15:55:07.416000,sent,kaspa:qpjunp39ssazf4rzfxxu0hd35xggfxn6lq0ls9u9q6peevzcmcv4xmv9q4njd,7865990206,
ab58b57f215f0c934380f572d117ccdaeedc4a457178a356b710babf4ec33448,2024-05-05T15:15:12.061000,received,kaspa:qq3kz987thxca50crghvdhrr9yx6cpatxsznk76mq87q27n7vsw0gf78wl28w,247800000000,
bc274a06103e0e43dc4dccb4b583140142c2ed5140230574b223a72b1ccc022f,2024-05-05T15:11:34.504000,received,kaspa:qqdsdqqwvwkzxr3hx8m6fd8802lzrsl73s9797al74ew5kp9d3crw7w4un99f,250000000000,
4f30674a1b0308fba13c1743aa57fd52246c92d41c79e2411dfc08602454acbf,2024-05-01T07:36:05.426000,sent,kaspa:qpzpfwcsqsxhxwup26r55fd0ghqlhyugz8cp6y3wxuddc02vcxtjg75pspnwz,2000000000000,MEXC
4f30674a1b0308fba13c1743aa57fd52246c92d41c79e2411dfc08602454acbf,2024-05-01T07:36:05.426000,sent,kaspa:qpjunp39ssazf4rzfxxu0hd35xggfxn6lq0ls9u9q6peevzcmcv4xmv9q4njd,19997923870723218,
afff84d7e0b026a6f2753fb3b5412a90cb904485576ff3a37df875703c6b678f,2024-05-01T07:35:37.343000,received,kaspa:qz9tpjgkt0jv3q07nz40uclc7lhasvmhgcnmwuwuqf4wqt3xvedv5hhaa97f3,999999996835,
afff84d7e0b026a6f2753fb3b5412a90cb904485576ff3a37df875703c6b678f,2024-05-01T07:35:37.343000,received,kaspa:qz9tpjgkt0jv3q07nz40uclc7lhasvmhgcnmwuwuqf4wqt3xvedv5hhaa97f3,999999996835,
959c36c182178a0828036ac0e04e67cf3975de6759fd47967604762768a0151e,2024-04-30T09:10:36.367000,sent,kaspa:qpzpfwcsqsxhxwup26r55fd0ghqlhyugz8cp6y3wxuddc02vcxtjg75pspnwz,2000000000000,MEXC
959c36c182178a0828036ac0e04e67cf3975de6759fd47967604762768a0151e,2024-04-30T09:10:36.367000,sent,kaspa:qpjunp39ssazf4rzfxxu0hd35xggfxn6lq0ls9u9q6peevzcmcv4xmv9q4njd,19996797759112434,
5cfec35862e20c789f3b0a18e66efb99629255141ec935201223e887068561cf,2024-04-30T09:09:23.155000,received,kaspa:qz9tpjgkt0jv3q07nz40uclc7lhasvmhgcnmwuwuqf4wqt3xvedv5hhaa97f3,1349999996835,
5cfec35862e20c789f3b0a18e66efb99629255141ec935201223e887068561cf,2024-04-30T09:09:23.155000,received,kaspa:qz9tpjgkt0jv3q07nz40uclc7lhasvmhgcnmwuwuqf4wqt3xvedv5hhaa97f3,1349999996835,
01838a765be6064cae4eb3dddf17305c45985504d8f32d8f537dc3526b78cc82,2024-04-21T09:23:35.355000,sent,kaspa:qpzpfwcsqsxhxwup26r55fd0ghqlhyugz8cp6y3wxuddc02vcxtjg75pspnwz,2000000000000,MEXC
01838a765be6064cae4eb3dddf17305c45985504d8f32d8f537dc3526b78cc82,2024-04-21T09:23:35.355000,sent,kaspa:qpjunp39ssazf4rzfxxu0hd35xggfxn6lq0ls9u9q6peevzcmcv4xmv9q4njd,7200470374,
fc055777bf7c02f8c24e67f073214f564493faf3b04734d2f46664b0f5c134a2,2024-04-21T09:18:44.718000,received,kaspa:qqfvkyg4ctd25vmew3c4twaxftt56atjlhezjxr6l8vmj4cackncs7cwe2juc,100090039442,
fc055777bf7c02f8c24e67f073214f564493faf3b04734d2f46664b0f5c134a2,2024-04-21T09:18:44.718000,received,kaspa:qqtl3zwdexmfdanpq49fu4y3y4czsaay6gav934xcz7u75ujjs3qk4lqz6fu4,100090039442,
fc055777bf7c02f8c24e67f073214f564493faf3b04734d2f46664b0f5c134a2,2024-04-21T09:18:44.718000,received,kaspa:qz77frgmx78grpy99nmc56f97slxd59thlhhycyx547zqumn72vxz38z48mvq,100090039442,
fc055777bf7c02f8c24e67f073214f564493faf3b04734d2f46664b0f5c134a2,2024-04-21T09:18:44.718000,received,kaspa:qqdsdqqwvwkzxr3hx8m6fd8802lzrsl73s9797al74ew5kp9d3crw7w4un99f,100090039442,
07fa7decbd235075acf0f44ca0cb3b86a07a3450e79b2c0ca6be3507760dd17c,2024-04-20T06:22:05.180000,sent,kaspa:qpzpfwcsqsxhxwup26r55fd0ghqlhyugz8cp6y3wxuddc02vcxtjg75pspnwz,2000000000000,MEXC
07fa7decbd235075acf0f44ca0cb3b86a07a3450e79b2c0ca6be3507760dd17c,2024-04-20T06:22:05.180000,sent,kaspa:qpjunp39ssazf4rzfxxu0hd35xggfxn6lq0ls9u9q6peevzcmcv4xmv9q4njd,31173981886,
a771db3c74130720e5acae7df5a6a38e1b3a76c25ab7a9e245da633fa92897fc,2024-04-20T05:09:18.408000,received,kaspa:qzqgjfn7kypnh584yq0f8mktv7yul5k32d35pth7tm7lx0k6e4w05au06mjt5,84075131886,
08440aa4f1df702feb30f20215e86ec57f8875a8b852005e746b53442aedfdd6,2024-04-13T18:14:36.890000,sent,kaspa:qpzpfwcsqsxhxwup26r55fd0ghqlhyugz8cp6y3wxuddc02vcxtjg75pspnwz,2000000000000,MEXC
08440aa4f1df702feb30f20215e86ec57f8875a8b852005e746b53442aedfdd6,2024-04-13T18:14:36.890000,sent,kaspa:qpjunp39ssazf4rzfxxu0hd35xggfxn6lq0ls9u9q6peevzcmcv4xmv9q4njd,20688949939569364,
54631f385ceaed7891126ff00db6ff9f49df3bf3ed3d2b120478f201a3d2f98a,2024-04-13T18:12:22.700000,received,kaspa:qqdsdqqwvwkzxr3hx8m6fd8802lzrsl73s9797al74ew5kp9d3crw7w4un99f,15000000000,
54631f385ceaed7891126ff00db6ff9f49df3bf3ed3d2b120478f201a3d2f98a,2024-04-13T18:12:22.700000,received,kaspa:qrthx7x7me9a7j5vhm3um0q7qrnc26t0qt2m7kdcq2hv0tc6pc4vssnrz3hlx,15000000000,
6a3f42fdd16c592861674173c5e96d6388d138f987e58cf09c11a5a198d92195,2024-04-11T13:59:03.513000,sent,kaspa:qpzpfwcsqsxhxwup26r55fd0ghqlhyugz8cp6y3wxuddc02vcxtjg75pspnwz,2000000000000,MEXC
6a3f42fdd16c592861674173c5e96d6388d138f987e58cf09c11a5a198d92195,2024-04-11T13:59:03.513000,sent,kaspa:qpjunp39ssazf4rzfxxu0hd35xggfxn6lq0ls9u9q6peevzcmcv4xmv9q4njd,6733387489,
081073ba75d42a903a381932911c3516ef9b48255a55f4b9bfc749fd3251df71,2024-04-11T12:55:49.850000,received,kaspa:qzya23f4xestd3x7qung9tkyrs3j4q8f7e5vdfqa6vz7hx4m4hmwk7laxlv48,28931618654,
081073ba75d42a903a381932911c3516ef9b48255a55f4b9bfc749fd3251df71,2024-04-11T12:55:49.850000,received,kaspa:qzfkepcekx3n4hvhwcv57uy6ys5wnzxefpx66496jhz6t66v7asas2nz96570,28931618654,
3b65b08de1626288f4d99bd15f4fbf038cd6444e5c1fd0b9fde70a50e76f3932,2024-04-02T08:16:02.871000,sent,kaspa:qpzpfwcsqsxhxwup26r55fd0ghqlhyugz8cp6y3wxuddc02vcxtjg75pspnwz,2000000000000,MEXC
3b65b08de1626288f4d99bd15f4fbf038cd6444e5c1fd0b9fde70a50e76f3932,2024-04-02T08:16:02.871000,sent,kaspa:qpjunp39ssazf4rzfxxu0hd35xggfxn6lq0ls9u9q6peevzcmcv4xmv9q4njd,4121662842,
3b3d0a80ec9a25b4dd7ef8db2a0945f54f95316cdc4344a2fff19d0b93e64da4,2024-04-02T08:14:29.353000,received,kaspa:qz9tpjgkt0jv3q07nz40uclc7lhasvmhgcnmwuwuqf4wqt3xvedv5hhaa97f3,599999996835,
3b3d0a80ec9a25b4dd7ef8db2a0945f54f95316cdc4344a2fff19d0b93e64da4,2024-04-02T08:14:29.353000,received,kaspa:qz9tpjgkt0jv3q07nz40uclc7lhasvmhgcnmwuwuqf4wqt3xvedv5hhaa97f3,599999996835,
c94263a516883286cdab4871cbea026cd8581dbae34e58ae7c9d88a23da55017,2024-03-28T03:35:34.905000,sent,kaspa:qpzpfwcsqsxhxwup26r55fd0ghqlhyugz8cp6y3wxuddc02vcxtjg75pspnwz,2000000000000,MEXC
c94263a516883286cdab4871cbea026cd8581dbae34e58ae7c9d88a23da55017,2024-03-28T03:35:34.905000,sent,kaspa:qpjunp39ssazf4rzfxxu0hd35xggfxn6lq0ls9u9q6peevzcmcv4xmv9q4njd,21603631313644109,
d688c1c33a562136dcb236c452c8aa1b7211ea3b07c43c7a146b44d30fd58bdb,2024-03-28T03:34:22.374000,received,kaspa:qzpyzcrtzmqfmrdywewmrhzhy7pt20cfsfe0uyd2h0khjhps8z2g7el9u2ke7,140000000000,
78b11b86338d2d419aef6af00e3b848882041fc6dbadb8a2c26832e50170b227,2024-03-18T14:04:06.194000,sent,kaspa:qpzpfwcsqsxhxwup26r55fd0ghqlhyugz8cp6y3wxuddc02vcxtjg75pspnwz,2000000000000,MEXC
78b11b86338d2d419aef6af00e3b848882041fc6dbadb8a2c26832e50170b227,2024-03-18T14:04:06.194000,sent,kaspa:qpjunp39ssazf4rzfxxu0hd35xggfxn6lq0ls9u9q6peevzcmcv4xmv9q4njd,20003028606053165,
164e300ef6912e1c61190589972edf768df17b089cf3c95275fd0d7c54742bef,2024-03-18T13:58:23.834000,received,kaspa:qz5x5zjvjt0kuvl5qd0uuz48evuwkdp5r9hgu4fkal3veu5dz2h2vcyydcw9g,1000000000000,
164e300ef6912e1c61190589972edf768df17b089cf3c95275fd0d7c54742bef,2024-03-18T13:58:23.834000,received,kaspa:qr5667l7amhku6lvgsh70ukt74nqqzq54w0wrdmm5gxlkz9c4j7rq2ze2axt6,1000000000000,
164e300ef6912e1c61190589972edf768df17b089cf3c95275fd0d7c54742bef,2024-03-18T13:58:23.834000,received,kaspa:qqmxam6w9mkfgrs3q5g2j2hw5e007u56578q6pzvdstdd04c3a3twk9ls7csn,1000000000000,
164e300ef6912e1c61190589972edf768df17b089cf3c95275fd0d7c54742bef,2024-03-18T13:58:23.834000,received,kaspa:qqk45d0drc224wp84ylwzj3xy4hkjrnw5rak44uxdysx50alzvypy75vme84l,1000000000000,
164e300ef6912e1c61190589972edf768df17b089cf3c95275fd0d7c54742bef,2024-03-18T13:58:23.834000,received,kaspa:qqmtz65mtyg8jtw3n33n3qcuqma9m0v8n6cv58pvsxzsm7377rk8c9vac3fkf,1000000000000,
164e300ef6912e1c61190589972edf768df17b089cf3c95275fd0d7c54742bef,2024-03-18T13:58:23.834000,received,kaspa:qz5x5zjvjt0kuvl5qd0uuz48evuwkdp5r9hgu4fkal3veu5dz2h2vcyydcw9g,1000000000000,
164e300ef6912e1c61190589972edf768df17b089cf3c95275fd0d7c54742bef,2024-03-18T13:58:23.834000,received,kaspa:qqk45d0drc224wp84ylwzj3xy4hkjrnw5rak44uxdysx50alzvypy75vme84l,1000000000000,
164e300ef6912e1c61190589972edf768df17b089cf3c95275fd0d7c54742bef,2024-03-18T13:58:23.834000,received,kaspa:qqk45d0drc224wp84ylwzj3xy4hkjrnw5rak44uxdysx50alzvypy75vme84l,1000000000000,
164e300ef6912e1c61190589972edf768df17b089cf3c95275fd0d7c54742bef,2024-03-18T13:58:23.834000,received,kaspa:qpchxzftq8qfp80cp8m03z6xv3vc5jqj44gnw2lfvqvd6z5n5d4c2rz8uvl8g,1000000000000,
31819850c896199741d995c7b976d2c36cf212744c53bbbcfdfd128c79e1d011,2024-03-17T18:00:39.354000,sent,kaspa:qpzpfwcsqsxhxwup26r55fd0ghqlhyugz8cp6y3wxuddc02vcxtjg75pspnwz,2000000000000,MEXC
31819850c896199741d995c7b976d2c36cf212744c53bbbcfdfd128c79e1d011,2024-03-17T18:00:39.354000,sent,kaspa:qpjunp39ssazf4rzfxxu0hd35xggfxn6lq0ls9u9q6peevzcmcv4xmv9q4njd,20063701523573749,
358a095811b0519b0a82078e235901953dc97bed582a09417b8fcaa7c9030a86,2024-03-17T18:00:13.826000,received,kaspa:qz9tpjgkt0jv3q07nz40uclc7lhasvmhgcnmwuwuqf4wqt3xvedv5hhaa97f3,1799999996835,
358a095811b0519b0a82078e235901953dc97bed582a09417b8fcaa7c9030a86,2024-03-17T18:00:13.826000,received,kaspa:qz9tpjgkt0jv3q07nz40uclc7lhasvmhgcnmwuwuqf4wqt3xvedv5hhaa97f3,1799999996835,
4175309112235e49c5a577425666df03bdeaaf6e58062c40b367a9331ae9129d,2024-03-16T06:59:36.362000,sent,kaspa:qpzpfwcsqsxhxwup26r55fd0ghqlhyugz8cp6y3wxuddc02vcxtjg75pspnwz,2000000000000,MEXC
4175309112235e49c5a577425666df03bdeaaf6e58062c40b367a9331ae9129d,2024-03-16T06:59:36.362000,sent,kaspa:qpjunp39ssazf4rzfxxu0hd35xggfxn6lq0ls9u9q6peevzcmcv4xmv9q4njd,20023974912074186,
0c8e4a3cc684a37eeee171c478f96126b8fe3d27e809d0df18299380a6b648a4,2024-03-16T06:46:59.846000,received,kaspa:qrmsskwsmnycde38zkzwdmsfwkjwm9pqgj7yjyzep85tnq2jdayu5x4ctkxrq,1000000000000,
0c8e4a3cc684a37eeee171c478f96126b8fe3d27e809d0df18299380a6b648a4,2024-03-16T06:46:59.846000,received,kaspa:qz5x5zjvjt0kuvl5qd0uuz48evuwkdp5r9hgu4fkal3veu5dz2h2vcyydcw9g,1000000000000,
0c8e4a3cc684a37eeee171c478f96126b8fe3d27e809d0df18299380a6b648a4,2024-03-16T06:46:59.846000,received,kaspa:qrt46heeud74h2ejprmcrfcgdge930flemuynrmxnm3hykr3d8clg5heecqcd,1000000000000,
4ac9c4c8c30f930d6f36c96a615631ed61edb08b13b28a58173c6e431627927f,2024-03-09T12:28:04.030000,sent,kaspa:qpzpfwcsqsxhxwup26r55fd0ghqlhyugz8cp6y3wxuddc02vcxtjg75pspnwz,2000000000000,MEXC
4ac9c4c8c30f930d6f36c96a615631ed61edb08b13b28a58173c6e431627927f,2024-03-09T12:28:04.030000,sent,kaspa:qpjunp39ssazf4rzfxxu0hd35xggfxn6lq0ls9u9q6peevzcmcv4xmv9q4njd,20634365225465876,
ef9190bbc0847153ec78400690556003b0f0e6b638b2d2f510d678e45ce529ce,2024-03-09T12:26:45.823000,received,kaspa:qz5x5zjvjt0kuvl5qd0uuz48evuwkdp5r9hgu4fkal3veu5dz2h2vcyydcw9g,407400000000,
df6296e1f86e57b5825bdc1174a4e00036d6b14d2c235b9aec8031a6c398481c,2024-03-07T16:50:07.864000,sent,kaspa:qpzpfwcsqsxhxwup26r55fd0ghqlhyugz8cp6y3wxuddc02vcxtjg75pspnwz,2000000000000,MEXC
df6296e1f86e57b5825bdc1174a4e00036d6b14d2c235b9aec8031a6c398481c,2024-03-07T16:50:07.864000,sent,kaspa:qpjunp39ssazf4rzfxxu0hd35xggfxn6lq0ls9u9q6peevzcmcv4xmv9q4njd,21770126636827363,
0ca2272cadfce3a2543b48614c0ee8bb39a33511c72a937bf3661e0b967d279d,2024-03-07T16:48:47.405000,received,kaspa:qz5x5zjvjt0kuvl5qd0uuz48evuwkdp5r9hgu4fkal3veu5dz2h2vcyydcw9g,190000000000,
1344ddb1925f8c22cd2cc7c5ef9926b875c9a161f8af117616e7ffbc28d370a9,2024-03-07T15:34:38.642000,sent,kaspa:qpzpfwcsqsxhxwup26r55fd0ghqlhyugz8cp6y3wxuddc02vcxtjg75pspnwz,2000000000000,MEXC
1344ddb1925f8c22cd2cc7c5ef9926b875c9a161f8af117616e7ffbc28d370a9,2024-03-07T15:34:38.642000,sent,kaspa:qpjunp39ssazf4rzfxxu0hd35xggfxn6lq0ls9u9q6peevzcmcv4xmv9q4njd,21885521637386771,
0484a8f4e4cecfc378de95793396858b64313cc3d8ddc798d4bdb15d66a8a797,2024-03-07T15:34:07.456000,received,kaspa:qz9tpjgkt0jv3q07nz40uclc7lhasvmhgcnmwuwuqf4wqt3xvedv5hhaa97f3,500000000000,
0484a8f4e4cecfc378de95793396858b64313cc3d8ddc798d4bdb15d66a8a797,2024-03-07T15:34:07.456000,received,kaspa:qz9tpjgkt0jv3q07nz40uclc7lhasvmhgcnmwuwuqf4wqt3xvedv5hhaa97f3,500000000000,
433673efc1504fb9bd5aafb769703ddc2c0974a0c7151bab9b56ec4f3d6f1252,2024-03-06T14:38:35.939000,sent,kaspa:qpzpfwcsqsxhxwup26r55fd0ghqlhyugz8cp6y3wxuddc02vcxtjg75pspnwz,2000000000000,MEXC
433673efc1504fb9bd5aafb769703ddc2c0974a0c7151bab9b56ec4f3d6f1252,2024-03-06T14:38:35.939000,sent,kaspa:qpjunp39ssazf4rzfxxu0hd35xggfxn6lq0ls9u9q6peevzcmcv4xmv9q4njd,21064226766857159,
e7742d5f8fa6a14bc1dd49dd9828e3a1aa161ee991207d94b401d4bc651c5ce6,2024-03-06T13:48:19.654000,received,kaspa:qra8r6qgfn4mrhxk9qu2vhzz5s79um7tzp4lgq8xyaguvlt69ae7jmf6a2v4l,11221383000,
e7742d5f8fa6a14bc1dd49dd9828e3a1aa161ee991207d94b401d4bc651c5ce6,2024-03-06T13:48:19.654000,received,kaspa:qpa3yhl625exg0zyf0wtfmcp93fz9u5jkwfant8ll89ws6khyjqujj4c6dfc6,11221383000,
e7742d5f8fa6a14bc1dd49dd9828e3a1aa161ee991207d94b401d4bc651c5ce6,2024-03-06T13:48:19.654000,received,kaspa:qqk4789zlrh9nzger8t2y5dnur28ncsvjmrtzlfqz5a2dzct7vjs7dlas4u3y,11221383000,
e7742d5f8fa6a14bc1dd49dd9828e3a1aa161ee991207d94b401d4bc651c5ce6,2024-03-06T13:48:19.654000,received,kaspa:qpdjnxy8xhffq0dtl79xyzuct2np8s9cfx9hmk608fggl26jfzrjw49nsxu8d,11221383000,
111ede52cb025ca76ede96d8541591fd21b07f32319269c4e582695f95e95cf8,2024-03-04T16:14:34.336000,sent,kaspa:qpzpfwcsqsxhxwup26r55fd0ghqlhyugz8cp6y3wxuddc02vcxtjg75pspnwz,2000000000000,MEXC
111ede52cb025ca76ede96d8541591fd21b07f32319269c4e582695f95e95cf8,2024-03-04T16:14:34.336000,sent,kaspa:qpjunp39ssazf4rzfxxu0hd35xggfxn6lq0ls9u9q6peevzcmcv4xmv9q4njd,20838377052162157,
5010b9180dce538276f11a652451fd7cd57eed932d5cd125cb0fcce81cf80e88,2024-03-04T16:13:30.518000,received,kaspa:qqyqk2jl87q3535zjg2drs3nplx9zk5uutsx2xx0rsj0cv7vh69pwx7m0ccyj,35000000000,
47a33c067cbbaee134743ec0fffa1fb32574304c795a8d2d181ffe5c43dad1d4,2024-03-01T11:45:36.626000,sent,kaspa:qpzpfwcsqsxhxwup26r55fd0ghqlhyugz8cp6y3wxuddc02vcxtjg75pspnwz,2000000000000,MEXC
47a33c067cbbaee134743ec0fffa1fb32574304c795a8d2d181ffe5c43dad1d4,2024-03-01T11:45:36.626000,sent,kaspa:qpjunp39ssazf4rzfxxu0hd35xggfxn6lq0ls9u9q6peevzcmcv4xmv9q4njd,20030627603013867,
6d0d4e68567cb0c75a446321bfb4ace6f7f83ba2b1f135288a28587d84334ea5,2024-03-01T11:44:40.565000,received,kaspa:qz9tpjgkt0jv3q07nz40uclc7lhasvmhgcnmwuwuqf4wqt3xvedv5hhaa97f3,189999996835,
6d0d4e68567cb0c75a446321bfb4ace6f7f83ba2b1f135288a28587d84334ea5,2024-03-01T11:44:40.565000,received,kaspa:qz9tpjgkt0jv3q07nz40uclc7lhasvmhgcnmwuwuqf4wqt3xvedv5hhaa97f3,189999996835,
af4b393f952b11a8aa1cd55b573854057f6e3257fdf3fdd0fba6f298ffdb2b99,2024-02-25T14:36:34.487000,sent,kaspa:qpjunp39ssazf4rzfxxu0hd35xggfxn6lq0ls9u9q6peevzcmcv4xmv9q4njd,1624469156027,
bf8f26d8cef295d5499e735f231cb0db51f0755858e0069118df2efe34e3fe12,2024-02-25T14:33:25.799000,received,kaspa:qph7xsgw7va4wekaw6pjfq6pr0u93mw7jlag06tfeqplwsl8q7w0c599qnjh0,500000000000,
bf8f26d8cef295d5499e735f231cb0db51f0755858e0069118df2efe34e3fe12,2024-02-25T14:33:25.799000,received,kaspa:qpha2clltvu6405z7a297vref6kr8hq8r2sn7q0fev27y3atqd7nstlngl68p,500000000000,
9181ca8ab8ac8f37d8a90507fcfb3b8b337196691f657e599c99dc73da8f07a0,2024-02-22T17:42:37.309000,sent,kaspa:qpzpfwcsqsxhxwup26r55fd0ghqlhyugz8cp6y3wxuddc02vcxtjg75pspnwz,2000000000000,MEXC
9181ca8ab8ac8f37d8a90507fcfb3b8b337196691f657e599c99dc73da8f07a0,2024-02-22T17:42:37.309000,sent,kaspa:qpjunp39ssazf4rzfxxu0hd35xggfxn6lq0ls9u9q6peevzcmcv4xmv9q4njd,19997621982190849,
79ef820ffa12cafc13a9ef03606ec40edf268100efc3bf64d637d1f3c733765e,2024-02-22T17:41:34.984000,received,kaspa:qz9tpjgkt0jv3q07nz40uclc7lhasvmhgcnmwuwuqf4wqt3xvedv5hhaa97f3,420000000000,
79ef820ffa12cafc13a9ef03606ec40edf268100efc3bf64d637d1f3c733765e,2024-02-22T17:41:34.984000,received,kaspa:qz9tpjgkt0jv3q07nz40uclc7lhasvmhgcnmwuwuqf4wqt3xvedv5hhaa97f3,420000000000,
c78b65490b1a4a16dbd3af3be0704bd055c9bc49004a8abe51b94da8877f181a,2024-02-18T15:44:05.393000,sent,kaspa:qpjunp39ssazf4rzfxxu0hd35xggfxn6lq0ls9u9q6peevzcmcv4xmv9q4njd,1358141817750,
c5143cedea4279f00ca6c4d9b694c137e965a47bbd3a3ba6d593e9b2904c3924,2024-02-18T15:30:42.022000,received,kaspa:qqgv0w5zmgsyyee79wjg0zmz9gy8p5gx28gx24v0g3atlugxsgsfysnd8mq07,50661950000,
c5143cedea4279f00ca6c4d9b694c137e965a47bbd3a3ba6d593e9b2904c3924,2024-02-18T15:30:42.022000,received,kaspa:qqunm3d8hjfhtna27k0vv8ga72jtk08s9zgvjeg444pqnk38uk7fqk4mdlqqk,50661950000,
7ddf77b9b67bc9adf33a725a27420ce0724b35217aa7df878d41db45e8610853,2024-02-10T12:04:35.074000,sent,kaspa:qpzpfwcsqsxhxwup26r55fd0ghqlhyugz8cp6y3wxuddc02vcxtjg75pspnwz,2000000000000,MEXC
7ddf77b9b67bc9adf33a725a27420ce0724b35217aa7df878d41db45e8610853,2024-02-10T12:04:35.074000,sent,kaspa:qpjunp39ssazf4rzfxxu0hd35xggfxn6lq0ls9u9q6peevzcmcv4xmv9q4njd,20107123427214350,
5704b2550f1ef0b6909221eeeb62783209bbe16bd688c1309f3d8b553d084d28,2024-02-10T12:03:32.537000,received,kaspa:qz9tpjgkt0jv3q07nz40uclc7lhasvmhgcnmwuwuqf4wqt3xvedv5hhaa97f3,1199999996835,
5704b2550f1ef0b6909221eeeb62783209bbe16bd688c1309f3d8b553d084d28,2024-02-10T12:03:32.537000,received,kaspa:qz9tpjgkt0jv3q07nz40uclc7lhasvmhgcnmwuwuqf4wqt3xvedv5hhaa97f3,1199999996835,
71aa1286cb06a3bb24234f380ebaddeced85b820a5db83e0bca6f0537af13a4c,2024-02-09T21:51:34.197000,sent,kaspa:qpzpfwcsqsxhxwup26r55fd0ghqlhyugz8cp6y3wxuddc02vcxtjg75pspnwz,2000000000000,MEXC
71aa1286cb06a3bb24234f380ebaddeced85b820a5db83e0bca6f0537af13a4c,2024-02-09T21:51:34.197000,sent,kaspa:qpjunp39ssazf4rzfxxu0hd35xggfxn6lq0ls9u9q6peevzcmcv4xmv9q4njd,19997308886902586,
b2d0e31d0438d7b56837163d821e015eb6f23648cf3f12dc938b730cdc69368d,2024-02-09T21:48:13.892000,received,kaspa:qz9tpjgkt0jv3q07nz40uclc7lhasvmhgcnmwuwuqf4wqt3xvedv5hhaa97f3,759999996835,
b2d0e31d0438d7b56837163d821e015eb6f23648cf3f12dc938b730cdc69368d,2024-02-09T21:48:13.892000,received,kaspa:qz9tpjgkt0jv3q07nz40uclc7lhasvmhgcnmwuwuqf4wqt3xvedv5hhaa97f3,759999996835,
fb4c3f1ab121f059e169c5da1463d8cc04698906330e21b063ddf52e4d42fa68,2024-02-09T11:39:06.098000,sent,kaspa:qpzpfwcsqsxhxwup26r55fd0ghqlhyugz8cp6y3wxuddc02vcxtjg75pspnwz,2000000000000,MEXC
fb4c3f1ab121f059e169c5da1463d8cc04698906330e21b063ddf52e4d42fa68,2024-02-09T11:39:06.098000,sent,kaspa:qpjunp39ssazf4rzfxxu0hd35xggfxn6lq0ls9u9q6peevzcmcv4xmv9q4njd,20018391412889461,
80319a631c6fc3a10b8e7aee4b1d35b02bc71e628d8eecd1e8ba68901086fac4,2024-02-09T11:37:50.666000,received,kaspa:qz9tpjgkt0jv3q07nz40uclc7lhasvmhgcnmwuwuqf4wqt3xvedv5hhaa97f3,380199996835,
80319a631c6fc3a10b8e7aee4b1d35b02bc71e628d8eecd1e8ba68901086fac4,2024-02-09T11:37:50.666000,received,kaspa:qz9tpjgkt0jv3q07nz40uclc7lhasvmhgcnmwuwuqf4wqt3xvedv5hhaa97f3,380199996835,
1b3463c72b2bc891e3e727f9b31e3c58f830610a5295b377bba326e763295e76,2024-02-08T10:11:01.961000,sent,kaspa:qpzpfwcsqsxhxwup26r55fd0ghqlhyugz8cp6y3wxuddc02vcxtjg75pspnwz,2000000000000,MEXC
1b3463c72b2bc891e3e727f9b31e3c58f830610a5295b377bba326e763295e76,2024-02-08T10:11:01.961000,sent,kaspa:qpjunp39ssazf4rzfxxu0hd35xggfxn6lq0ls9u9q6peevzcmcv4xmv9q4njd,4342285465,
0c32309da9893de0acda725fe1148a6a3243776484923f6163a298ad86c81d05,2024-02-08T10:08:25.780000,received,kaspa:qq53pkse7cf9pw04w3384tafd0eqfe7tj0mlfv6dv3j9q627dlux29pzewnkt,58500000000,
60470a9f0aef3d7cf4e8ced0c27db3d151e2aef134db6630c5103cfbd17fe5c5,2024-01-23T12:29:10.044000,sent,kaspa:qpzpfwcsqsxhxwup26r55fd0ghqlhyugz8cp6y3wxuddc02vcxtjg75pspnwz,2000000000000,MEXC
60470a9f0aef3d7cf4e8ced0c27db3d151e2aef134db6630c5103cfbd17fe5c5,2024-01-23T12:29:10.044000,sent,kaspa:qpjunp39ssazf4rzfxxu0hd35xggfxn6lq0ls9u9q6peevzcmcv4xmv9q4njd,19443657795359759,
06164b6090e003b0d47d8db19ffcce671024840594e0d599db95533ff8a747d8,2024-01-23T12:28:09.944000,received,kaspa:qrcnvr3xnfupx2s0rvw5tm724l08fkyr00acnw5a9h96947z7k6uxek3da0pl,1000000000000,
06164b6090e003b0d47d8db19ffcce671024840594e0d599db95533ff8a747d8,2024-01-23T12:28:09.944000,received,kaspa:qqdsdqqwvwkzxr3hx8m6fd8802lzrsl73s9797al74ew5kp9d3crw7w4un99f,1000000000000,
06164b6090e003b0d47d8db19ffcce671024840594e0d599db95533ff8a747d8,2024-01-23T12:28:09.944000,received,kaspa:qrlummunj7k52rak3q2hukrs4x847qx5rfld67aydh7nyh4q5fax5yysu4a9u,1000000000000,
06164b6090e003b0d47d8db19ffcce671024840594e0d599db95533ff8a747d8,2024-01-23T12:28:09.944000,received,kaspa:qphq5yajyafx7chvay7qpadjde7uc7thwkf7j5en5p74626w7ax5zjgn266qd,1000000000000,
06164b6090e003b0d47d8db19ffcce671024840594e0d599db95533ff8a747d8,2024-01-23T12:28:09.944000,received,kaspa:qqdsdqqwvwkzxr3hx8m6fd8802lzrsl73s9797al74ew5kp9d3crw7w4un99f,1000000000000,
06164b6090e003b0d47d8db19ffcce671024840594e0d599db95533ff8a747d8,2024-01-23T12:28:09.944000,received,kaspa:qzdqcj79d9v0wnjetwnwzdwk5mdcdygep27dvjvq5zl5m3wfv4eycuggqmmlu,1000000000000,
06164b6090e003b0d47d8db19ffcce671024840594e0d599db95533ff8a747d8,2024-01-23T12:28:09.944000,received,kaspa:qpvflep04dafqcc3ac2z0wmequ4726jupx83f9atana462apxw7wwjcp7pdtg,1000000000000,
06164b6090e003b0d47d8db19ffcce671024840594e0d599db95533ff8a747d8,2024-01-23T12:28:09.944000,received,kaspa:qqdsdqqwvwkzxr3hx8m6fd8802lzrsl73s9797al74ew5kp9d3crw7w4un99f,1000000000000,
06164b6090e003b0d47d8db19ffcce671024840594e0d599db95533ff8a747d8,2024-01-23T12:28:09.944000,received,kaspa:qqnpmp0k0tdnmwk3fc87ru6kdlt9kqh2yp4td7myqkxjpqr9y94rch7rp45vh,1000000000000,
06164b6090e003b0d47d8db19ffcce671024840594e0d599db95533ff8a747d8,2024-01-23T12:28:09.944000,received,kaspa:qqdsdqqwvwkzxr3hx8m6fd8802lzrsl73s9797al74ew5kp9d3crw7w4un99f,1000000000000,
06164b6090e003b0d47d8db19ffcce671024840594e0d599db95533ff8a747d8,2024-01-23T12:28:09.944000,received,kaspa:qqdsdqqwvwkzxr3hx8m6fd8802lzrsl73s9797al74ew5kp9d3crw7w4un99f,1000000000000,
873f11368ccee8953432b9c0702be9d8503e08f2e7c24f095b720c79c1f8d377,2024-01-19T01:55:07.574000,sent,kaspa:qpjunp39ssazf4rzfxxu0hd35xggfxn6lq0ls9u9q6peevzcmcv4xmv9q4njd,422999530000,
d6cc3d6c585f14b240471912e57a952a6f32f13a7a7bd478c6bb0e75af440eea,2024-01-18T18:05:38.622000,sent,kaspa:qpzpfwcsqsxhxwup26r55fd0ghqlhyugz8cp6y3wxuddc02vcxtjg75pspnwz,2000000000000,MEXC
d6cc3d6c585f14b240471912e57a952a6f32f13a7a7bd478c6bb0e75af440eea,2024-01-18T18:05:38.622000,sent,kaspa:qpjunp39ssazf4rzfxxu0hd35xggfxn6lq0ls9u9q6peevzcmcv4xmv9q4njd,15429916223090143,
d7ae58d5103759b29c1ac6cae0b80cbcc3cdb1404e477a591ebce69c85e08890,2024-01-18T18:04:46.220000,received,kaspa:qrvum29vk365g0zcd5gx3c7h829etfq2ytdmscjzw4zw04fjfnprcg9c3tges,58315526000,
861016795b2e788c6ebf7518f02e739ff557310e02c6057659751ac632cd8a2a,2024-01-18T12:19:06.121000,sent,kaspa:qpjunp39ssazf4rzfxxu0hd35xggfxn6lq0ls9u9q6peevzcmcv4xmv9q4njd,1371118189061,
7ec388bf80e0fb385329fa03b2e98894bfec5c950a84ff1665aae4ad20e6ebb8,2024-01-18T12:17:09.275000,received,kaspa:qzwtu8zk30jylw43lzxyk3u2mrm40rft6dv9vpjk4sngut2u642pj2z9m4t0a,500000000000,
5b195378809959c018741324dbaa198792b43a8cd4e28aa2e55ea44ef341d621,2024-01-17T18:07:07.621000,sent,kaspa:qpzpfwcsqsxhxwup26r55fd0ghqlhyugz8cp6y3wxuddc02vcxtjg75pspnwz,2000000000000,MEXC
5b195378809959c018741324dbaa198792b43a8cd4e28aa2e55ea44ef341d621,2024-01-17T18:07:07.621000,sent,kaspa:qpjunp39ssazf4rzfxxu0hd35xggfxn6lq0ls9u9q6peevzcmcv4xmv9q4njd,14615121492904296,
ebb6e1f5802c00208a7a8f2e6845e5193d7344f979baecab6b93bcd1fb38246f,2024-01-17T18:05:59.764000,received,kaspa:qrmz8crfhvpzg5fmgn9v93accc29jts25rzhe3crl9vhf6rtdhqhvyl75uk9p,500000000000,
fe5da703024a4fef8b74f3ef0b06a7394e7aafb85216fe2c1ed3d6941bd0bd3a,2024-01-11T22:17:40.471000,sent,kaspa:qpzpfwcsqsxhxwup26r55fd0ghqlhyugz8cp6y3wxuddc02vcxtjg75pspnwz,2000000000000,MEXC
fe5da703024a4fef8b74f3ef0b06a7394e7aafb85216fe2c1ed3d6941bd0bd3a,2024-01-11T22:17:40.471000,sent,kaspa:qpjunp39ssazf4rzfxxu0hd35xggfxn6lq0ls9u9q6peevzcmcv4xmv9q4njd,11881706907108909,
7de426165127d665a2f6e975c0ac77a7d2d794b00d7f87b8e684d7664c01598d,2024-01-11T22:16:10.239000,received,kaspa:qqdsdqqwvwkzxr3hx8m6fd8802lzrsl73s9797al74ew5kp9d3crw7w4un99f,880000000000,
1a9ac7107c47f6145f05fc1f6358823372cd8a9b5efc6f5ca1092646f86d1ec5,2024-01-08T14:12:08.401000,sent,kaspa:qpjunp39ssazf4rzfxxu0hd35xggfxn6lq0ls9u9q6peevzcmcv4xmv9q4njd,886509489824,
ffad0b2cc69846181fc72376d4706c0fac092e5ee3bd506f6c24f82358f988da,2024-01-06T12:09:36.438000,sent,kaspa:qpzpfwcsqsxhxwup26r55fd0ghqlhyugz8cp6y3wxuddc02vcxtjg75pspnwz,2000000000000,MEXC
ffad0b2cc69846181fc72376d4706c0fac092e5ee3bd506f6c24f82358f988da,2024-01-06T12:09:36.438000,sent,kaspa:qpjunp39ssazf4rzfxxu0hd35xggfxn6lq0ls9u9q6peevzcmcv4xmv9q4njd,24890180627,
6b2f9567f3c559f4732cdb34ba46ba9f5b27edfc1f0081378b47ed3ee91d5ff8,2024-01-06T11:41:34.672000,received,kaspa:qpl65fc6ypfljnm45xf88yqjeqvyhand97762reavep2av0expavq497z5ypx,47200000000,
86fbadaa3c1e0167c08f4bc52175d2c54322614e0b588a34a40d7e2a99736391,2024-01-05T10:02:38.207000,sent,kaspa:qpzpfwcsqsxhxwup26r55fd0ghqlhyugz8cp6y3wxuddc02vcxtjg75pspnwz,2000000000000,MEXC
86fbadaa3c1e0167c08f4bc52175d2c54322614e0b588a34a40d7e2a99736391,2024-01-05T10:02:38.207000,sent,kaspa:qpjunp39ssazf4rzfxxu0hd35xggfxn6lq0ls9u9q6peevzcmcv4xmv9q4njd,5595997149,
c5ef52e42e74a4f285cf3e8eed36ab603c59a25419aa425441aee859f4ffb1ab,2024-01-05T09:51:17.597000,received,kaspa:qzqcd9fj8j0uceqfnvqygcslnhqh006mp5e6smxwk3acxaj0swkmcarks7lew,20000000000,
be5a6594e3aae2557145d244b8b1da9634345ab2570014fad32439533228a0a5,2024-01-04T10:04:40.466000,sent,kaspa:qpzpfwcsqsxhxwup26r55fd0ghqlhyugz8cp6y3wxuddc02vcxtjg75pspnwz,2000000000000,MEXC
be5a6594e3aae2557145d244b8b1da9634345ab2570014fad32439533228a0a5,2024-01-04T10:04:40.466000,sent,kaspa:qpjunp39ssazf4rzfxxu0hd35xggfxn6lq0ls9u9q6peevzcmcv4xmv9q4njd,3838750711,
240a8ac3c919e02d9b87d902467320ff2d259f7a07799ddbb398302c27f3e94a,2024-01-04T10:02:41.387000,received,kaspa:qqdsdqqwvwkzxr3hx8m6fd8802lzrsl73s9797al74ew5kp9d3crw7w4un99f,97000000000,
adf65bb22dcf6d1fd72a351c738c9d5594ebf2d615b6bd4420b727f2f92fa1a9,2023-12-30T06:32:10.400000,sent,kaspa:qpjunp39ssazf4rzfxxu0hd35xggfxn6lq0ls9u9q6peevzcmcv4xmv9q4njd,592671499633,
738f03c26419cca2d7cc6a025c0981546268e8f66602370899db175f94726c0f,2023-12-30T05:43:11.445000,sent,kaspa:qpjunp39ssazf4rzfxxu0hd35xggfxn6lq0ls9u9q6peevzcmcv4xmv9q4njd,410806572476,
c5c1bed99741da46fa3bd238ac3338cc9846f8c63b8fd6984ff7dc262784aaa4,2023-12-30T00:13:06.305000,sent,kaspa:qpjunp39ssazf4rzfxxu0hd35xggfxn6lq0ls9u9q6peevzcmcv4xmv9q4njd,1495935730285,
0ca6108f74a23f3f7e970c2fea1827dafaa93b2b9055676bbca62b20466ecd9c,2023-12-29T14:15:09.478000,sent,kaspa:qpjunp39ssazf4rzfxxu0hd35xggfxn6lq0ls9u9q6peevzcmcv4xmv9q4njd,1698353328867,
6c05636be318214d118b0b607cf5bf14348a9316e5a379d00d924a97575de510,2023-12-29T11:18:39.656000,sent,kaspa:qpjunp39ssazf4rzfxxu0hd35xggfxn6lq0ls9u9q6peevzcmcv4xmv9q4njd,1759999120000,
ca32b39e00aceb766306822ac4c4f16ff9651b5bfdcf484d455ce1609336015e,2023-12-28T18:19:06.634000,sent,kaspa:qpzpfwcsqsxhxwup26r55fd0ghqlhyugz8cp6y3wxuddc02vcxtjg75pspnwz,10000000000000,MEXC
ca32b39e00aceb766306822ac4c4f16ff9651b5bfdcf484d455ce1609336015e,2023-12-28T18:19:06.634000,sent,kaspa:qpjunp39ssazf4rzfxxu0hd35xggfxn6lq0ls9u9q6peevzcmcv4xmv9q4njd,15080774363,
84bcf73f3dc246ecdf6439dc5db29d8849cdf0b0d7298249d0f86bc9a33f0d77,2023-12-28T18:09:57.524000,received,kaspa:qrvum29vk365g0zcd5gx3c7h829etfq2ytdmscjzw4zw04fjfnprcg9c3tges,32082785000,
e8bc13a164fb25e38ed7463808b58ce64924225109590b84803924a70e65f023,2023-12-28T17:28:06.757000,sent,kaspa:qpjunp39ssazf4rzfxxu0hd35xggfxn6lq0ls9u9q6peevzcmcv4xmv9q4njd,6166095608579,
2c653c4041c49f3c5f4dc65bb4460264fd89f8d52d185e6f0f53e2fa5c35acf0,2023-12-28T15:43:11.327000,received,kaspa:qrvum29vk365g0zcd5gx3c7h829etfq2ytdmscjzw4zw04fjfnprcg9c3tges,31567301000,
c54effdc4f39bd98683c3339fa400842c39fb644bce7e7c4b0bdc23b402f9563,2023-12-27T20:12:09.264000,sent,kaspa:qpjunp39ssazf4rzfxxu0hd35xggfxn6lq0ls9u9q6peevzcmcv4xmv9q4njd,1970645445500,
00891368ede7ba56ff55bf5b4412f098c02d27c6756180ac23829b8c65af5fa6,2023-12-27T16:44:14.480000,sent,kaspa:qpjunp39ssazf4rzfxxu0hd35xggfxn6lq0ls9u9q6peevzcmcv4xmv9q4njd,2586832093640,
4b9eb9df51c7155ec90fa41a6e1ab4e6d09b809ba75dbd4768dd13ccd2b8ef5c,2023-12-27T16:34:48.996000,sent,kaspa:qpjunp39ssazf4rzfxxu0hd35xggfxn6lq0ls9u9q6peevzcmcv4xmv9q4njd,2639999120000,
4b9eb9df51c7155ec90fa41a6e1ab4e6d09b809ba75dbd4768dd13ccd2b8ef5c,2023-12-27T16:34:48.996000,sent,kaspa:qpjunp39ssazf4rzfxxu0hd35xggfxn6lq0ls9u9q6peevzcmcv4xmv9q4njd,2639999120000,
46ae4fcbb7556cf4f9f69e88e217a17526e5db6b9192d58e17e07582f02698cd,2023-12-27T14:45:16.297000,sent,kaspa:qpjunp39ssazf4rzfxxu0hd35xggfxn6lq0ls9u9q6peevzcmcv4xmv9q4njd,1286996460861,
195f1e5303a57efca03a1c3f176864be0d3269175a4cfebc692180600518e17f,2023-12-27T12:23:41.320000,sent,kaspa:qpjunp39ssazf4rzfxxu0hd35xggfxn6lq0ls9u9q6peevzcmcv4xmv9q4njd,3764489376518,
368aed1651fb3d6e9d67147b7ab790bb85e90de26ff6fc40b86a03014bf28206,2023-12-27T11:57:46.521000,sent,kaspa:qpjunp39ssazf4rzfxxu0hd35xggfxn6lq0ls9u9q6peevzcmcv4xmv9q4njd,2114999530000,
a82988dcab358e44f83f689327bd6a6f8e299f67b272026bbad371b2f23a9eb9,2023-12-27T08:18:40.789000,sent,kaspa:qpjunp39ssazf4rzfxxu0hd35xggfxn6lq0ls9u9q6peevzcmcv4xmv9q4njd,1248189125093,
f9cf21fc332d702100956dd93b9dec946c7a0cab57c87b2d8707ff51916ee124,2023-12-27T07:41:09.789000,sent,kaspa:qpjunp39ssazf4rzfxxu0hd35xggfxn6lq0ls9u9q6peevzcmcv4xmv9q4njd,4399999120000,
f9cf21fc332d702100956dd93b9dec946c7a0cab57c87b2d8707ff51916ee124,2023-12-27T07:41:09.789000,sent,kaspa:qpjunp39ssazf4rzfxxu0hd35xggfxn6lq0ls9u9q6peevzcmcv4xmv9q4njd,4399999120000,
80e69b5e30a936b8b3b00e5fc6672839315585e11b5cd593ec8945b8481796b2,2023-12-27T05:56:38.083000,sent,kaspa:qpjunp39ssazf4rzfxxu0hd35xggfxn6lq0ls9u9q6peevzcmcv4xmv9q4njd,4445010203753,
48e3a5615be983a81815b4cb1aa1389bf4182c0dfd7683757d0f2eeeafca7d85,2023-12-27T03:19:10.577000,sent,kaspa:qpjunp39ssazf4rzfxxu0hd35xggfxn6lq0ls9u9q6peevzcmcv4xmv9q4njd,5368773273795,
1658d95d8d696680964a9160fcccd9484c46063e0a4291fb5e33df9a320f9431,2023-12-27T03:12:09.905000,sent,kaspa:qpjunp39ssazf4rzfxxu0hd35xggfxn6lq0ls9u9q6peevzcmcv4xmv9q4njd,2382437136749,
aaf8c288f629af9b7773bbfb0a1dc08d1fbe59fe7d6d6c3c163a330e42121844,2023-12-27T03:08:40.259000,sent,kaspa:qpjunp39ssazf4rzfxxu0hd35xggfxn6lq0ls9u9q6peevzcmcv4xmv9q4njd,5632053402523,
777fbd03fb5de426dc69836e9e4be49c2bb6582af5b010c87659ddba0d80e680,2023-12-27T02:52:11.508000,sent,kaspa:qpjunp39ssazf4rzfxxu0hd35xggfxn6lq0ls9u9q6peevzcmcv4xmv9q4njd,6103097488979,
13277261e089bbac93c90d17c746f36300839f6cdfaa84bac28705516e43efa7,2023-12-27T02:50:41.422000,sent,kaspa:qpjunp39ssazf4rzfxxu0hd35xggfxn6lq0ls9u9q6peevzcmcv4xmv9q4njd,5382153680378,
d07ab5c23b28169bd377a37c2dddd0b5a464a779022b9624f58290def165ffa2,2023-12-27T02:50:13.986000,sent,kaspa:qpjunp39ssazf4rzfxxu0hd35xggfxn6lq0ls9u9q6peevzcmcv4xmv9q4njd,5389999230000,
c3f741e690f89d7b63e8010253a4273bc1f5bfccd55ae5124d8854885cf3c5be,2023-12-27T02:22:11.308000,sent,kaspa:qpjunp39ssazf4rzfxxu0hd35xggfxn6lq0ls9u9q6peevzcmcv4xmv9q4njd,6730201402261,
d49e9ca636a1d7bb110f079168f9eced28e9d81a428cf58557b2901bf690730c,2023-12-26T19:51:47.113000,sent,kaspa:qpzpfwcsqsxhxwup26r55fd0ghqlhyugz8cp6y3wxuddc02vcxtjg75pspnwz,1000000000000,MEXC
d49e9ca636a1d7bb110f079168f9eced28e9d81a428cf58557b2901bf690730c,2023-12-26T19:51:47.113000,sent,kaspa:qpjunp39ssazf4rzfxxu0hd35xggfxn6lq0ls9u9q6peevzcmcv4xmv9q4njd,919026500218547,
f0a0babd3bb7a239cc94ec7885fd252a9b9af20e32b228d367d699fee8d4a8b1,2023-12-26T16:40:13.743000,received,kaspa:qqdsdqqwvwkzxr3hx8m6fd8802lzrsl73s9797al74ew5kp9d3crw7w4un99f,140769979000,
8d3b49c763c2366ae87bcb378b40822daa5a57b4345a845af6f074f8f573375f,2023-12-26T10:24:13.762000,sent,kaspa:qpjunp39ssazf4rzfxxu0hd35xggfxn6lq0ls9u9q6peevzcmcv4xmv9q4njd,8799999120000,
8d3b49c763c2366ae87bcb378b40822daa5a57b4345a845af6f074f8f573375f,2023-12-26T10:24:13.762000,sent,kaspa:qpjunp39ssazf4rzfxxu0hd35xggfxn6lq0ls9u9q6peevzcmcv4xmv9q4njd,8799999120000,
8d3b49c763c2366ae87bcb378b40822daa5a57b4345a845af6f074f8f573375f,2023-12-26T10:24:13.762000,sent,kaspa:qpjunp39ssazf4rzfxxu0hd35xggfxn6lq0ls9u9q6peevzcmcv4xmv9q4njd,8799999120000,
8d3b49c763c2366ae87bcb378b40822daa5a57b4345a845af6f074f8f573375f,2023-12-26T10:24:13.762000,sent,kaspa:qpjunp39ssazf4rzfxxu0hd35xggfxn6lq0ls9u9q6peevzcmcv4xmv9q4njd,8799999120000,
8d3b49c763c2366ae87bcb378b40822daa5a57b4345a845af6f074f8f573375f,2023-12-26T10:24:13.762000,sent,kaspa:qpjunp39ssazf4rzfxxu0hd35xggfxn6lq0ls9u9q6peevzcmcv4xmv9q4njd,8799999120000,
8d3b49c763c2366ae87bcb378b40822daa5a57b4345a845af6f074f8f573375f,2023-12-26T10:24:13.762000,sent,kaspa:qpjunp39ssazf4rzfxxu0hd35xggfxn6lq0ls9u9q6peevzcmcv4xmv9q4njd,8799999120000,
0d27c5d56e99e2baa71da27171e1f50d1df7fa9d8eca4cb4911daaf25423261e,2023-12-26T10:24:08.716000,sent,kaspa:qpjunp39ssazf4rzfxxu0hd35xggfxn6lq0ls9u9q6peevzcmcv4xmv9q4njd,8799999120000,
0d27c5d56e99e2baa71da27171e1f50d1df7fa9d8eca4cb4911daaf25423261e,2023-12-26T10:24:08.716000,sent,kaspa:qpjunp39ssazf4rzfxxu0hd35xggfxn6lq0ls9u9q6peevzcmcv4xmv9q4njd,8799999120000,
b6bd9182816a69342572b8414d894d632ac168bcaea14ea9355bc43967e2e3f7,2023-12-26T10:21:18.410000,sent,kaspa:qpjunp39ssazf4rzfxxu0hd35xggfxn6lq0ls9u9q6peevzcmcv4xmv9q4njd,8801370003063,
4c237d224f0caffb819e90da6f311885d71822cdf80b4faea42697d50740557e,2023-12-26T09:58:54.861000,sent,kaspa:qpjunp39ssazf4rzfxxu0hd35xggfxn6lq0ls9u9q6peevzcmcv4xmv9q4njd,8953690107841,
28b492158e833f914f8b09687cbdad453dd3c0e41ed7417c2381c8cd5badf7fe,2023-12-26T09:37:48.433000,sent,kaspa:qpjunp39ssazf4rzfxxu0hd35xggfxn6lq0ls9u9q6peevzcmcv4xmv9q4njd,10405050909548,
0613007b52cc47de45dc4c3b13747e31da73ebc7366521dee0d257090535109e,2023-12-26T09:28:45.237000,sent,kaspa:qpjunp39ssazf4rzfxxu0hd35xggfxn6lq0ls9u9q6peevzcmcv4xmv9q4njd,11246988777786,
4a3a6340c6bbe3a4a8f88a0b7c6802dc059224ba4d92fc8a4c7437d26f706152,2023-12-26T09:25:43.195000,sent,kaspa:qpjunp39ssazf4rzfxxu0hd35xggfxn6lq0ls9u9q6peevzcmcv4xmv9q4njd,11440642098623,
42cfde73f795bf1324e318001416c327dc57afa8ac8e1fea8c5175a3362ac97c,2023-12-26T09:06:43.430000,sent,kaspa:qpjunp39ssazf4rzfxxu0hd35xggfxn6lq0ls9u9q6peevzcmcv4xmv9q4njd,13199999120000,
1a850e52bd7e35079df6f48e0133209fe3c23106a3b3cc583c06cd5b722f7aa0,2023-12-26T09:06:41.309000,sent,kaspa:qpjunp39ssazf4rzfxxu0hd35xggfxn6lq0ls9u9q6peevzcmcv4xmv9q4njd,13206760359440,
c08596814b9f04c1d74d71b3f72d40661bc04c5b6565ce6a52fbc38d9324ac6d,2023-12-26T09:06:37.935000,sent,kaspa:qpjunp39ssazf4rzfxxu0hd35xggfxn6lq0ls9u9q6peevzcmcv4xmv9q4njd,13199999120000,
c08596814b9f04c1d74d71b3f72d40661bc04c5b6565ce6a52fbc38d9324ac6d,2023-12-26T09:06:37.935000,sent,kaspa:qpjunp39ssazf4rzfxxu0hd35xggfxn6lq0ls9u9q6peevzcmcv4xmv9q4njd,13199999120000,
74d9c31c207fd2fdb2498c45a1ed466c29153df7bf1e736da56e050636f63905,2023-12-26T08:34:06.838000,sent,kaspa:qpjunp39ssazf4rzfxxu0hd35xggfxn6lq0ls9u9q6peevzcmcv4xmv9q4njd,16719999096775,
9a74bb69fafb07e8b71397aa496bac59e51dfe3641ea5c0cea81b10e19ebf2ed,2023-12-26T08:25:25.687000,sent,kaspa:qpjunp39ssazf4rzfxxu0hd35xggfxn6lq0ls9u9q6peevzcmcv4xmv9q4njd,17599999120000,
47d04455a7120207b082336d1ce1dc12d1a68ac7550033f6883b6c1acdba0d89,2023-12-26T07:49:05.387000,sent,kaspa:qpjunp39ssazf4rzfxxu0hd35xggfxn6lq0ls9u9q6peevzcmcv4xmv9q4njd,18974860475677,
8086976671c2e5490bcd625bf0e6a775d52be9f9e75792edf9f94055ccc212f5,2023-12-26T07:27:30.090000,sent,kaspa:qpjunp39ssazf4rzfxxu0hd35xggfxn6lq0ls9u9q6peevzcmcv4xmv9q4njd,21117243188740,
1268476532f55da00904149692b7178c783aac7a9c05e2063dced4c20700b977,2023-12-26T07:23:29.257000,sent,kaspa:qpjunp39ssazf4rzfxxu0hd35xggfxn6lq0ls9u9q6peevzcmcv4xmv9q4njd,21559456042342,
d20a9558170e7f7e3d5c037d5ae7e010c41847316d75ba5e9df65c33f0d9adc2,2023-12-26T07:21:25.693000,sent,kaspa:qpjunp39ssazf4rzfxxu0hd35xggfxn6lq0ls9u9q6peevzcmcv4xmv9q4njd,22000065280815,
834586da29f5d37874d112f47d1c8e2891a9d946999bd35d3d983f87f01d8c8a,2023-12-26T06:54:15.230000,sent,kaspa:qpjunp39ssazf4rzfxxu0hd35xggfxn6lq0ls9u9q6peevzcmcv4xmv9q4njd,25263349595571,
3443a85ba4d40c51f57e0d89b5600021d74306b3cf9ecd2b41a2bc1d514342ed,2023-12-25T08:18:28.454000,received,kaspa:qqdsdqqwvwkzxr3hx8m6fd8802lzrsl73s9797al74ew5kp9d3crw7w4un99f,100015470000,
3443a85ba4d40c51f57e0d89b5600021d74306b3cf9ecd2b41a2bc1d514342ed,2023-12-25T08:18:28.454000,received,kaspa:qqdsdqqwvwkzxr3hx8m6fd8802lzrsl73s9797al74ew5kp9d3crw7w4un99f,100015470000,
3443a85ba4d40c51f57e0d89b5600021d74306b3cf9ecd2b41a2bc1d514342ed,2023-12-25T08:18:28.454000,received,kaspa:qqv6xxyyjlcy75kqyuahn3xnremacmn84s9wwtyslr7su3n4cw4qkjzcuv00d,100015470000,
339a8612c560e54556602bb0a0460100531736215143fb00f68ec8e4ca69ac52,2023-12-25T08:11:48.512000,received,kaspa:qpjjswrm066rthc8yvmfdp6aceca8x8d8qlcuuxzetl7qg78hs0ey5dzgv8m8,64000000000,
91a1cb19689b074de1ee18aedc694c841e7e5df08ad7055f98ae1b53f75396d5,2023-12-24T05:06:12.315000,received,kaspa:qqdsdqqwvwkzxr3hx8m6fd8802lzrsl73s9797al74ew5kp9d3crw7w4un99f,118207564000,
0fc686f090ec2be558008d20fd3b476eea66d36dac963fd3ee0948d865865ed2,2023-12-20T11:33:53.999000,received,kaspa:qqdsdqqwvwkzxr3hx8m6fd8802lzrsl73s9797al74ew5kp9d3crw7w4un99f,215606190427,
0fc686f090ec2be558008d20fd3b476eea66d36dac963fd3ee0948d865865ed2,2023-12-20T11:33:53.999000,received,kaspa:qqdsdqqwvwkzxr3hx8m6fd8802lzrsl73s9797al74ew5kp9d3crw7w4un99f,215606190427,
7bb3d3f0c3e2a0b0d0161c74a1c7d26c4c9f0da1fb4f1341898aa8b95b6da99f,2023-12-14T15:45:57.528000,received,kaspa:qqdsdqqwvwkzxr3hx8m6fd8802lzrsl73s9797al74ew5kp9d3crw7w4un99f,50509330000,
22bea2c92fb5a3d3017b55800b3b0d0da8dc2f878d8bf2e1f5a86def42aff682,2023-12-08T18:59:32.222000,received,kaspa:qqmmeyagxtcajmq8uhu6vde4s7u94t0eqea7xu5aur930278vqyljqsh8ll5d,50000000000,
bfab9c5671a085818b4b40e7634c8e7dd16897e4c59660f87af8f3ec81427543,2023-12-08T16:12:59.255000,received,kaspa:qqhgfxefecewcy7xxq3zqacv0tfpzxtcgw2mwcs6znh0l85u6yxfxzmej92s3,70000000000,
0860f57d560383fb1d9b3fea7927264a83e5bdf575b67444f41bfeee5230fcbe,2023-12-08T15:03:54.328000,received,kaspa:qqdsdqqwvwkzxr3hx8m6fd8802lzrsl73s9797al74ew5kp9d3crw7w4un99f,245000000000,
73ad9b51be0cfaca75a003cab805663d3c4a2a233c34544a1e564e59842f6d96,2023-12-07T18:51:23.005000,sent,kaspa:qpzpfwcsqsxhxwup26r55fd0ghqlhyugz8cp6y3wxuddc02vcxtjg75pspnwz,30000000000000,MEXC
73ad9b51be0cfaca75a003cab805663d3c4a2a233c34544a1e564e59842f6d96,2023-12-07T18:51:23.005000,sent,kaspa:qpjunp39ssazf4rzfxxu0hd35xggfxn6lq0ls9u9q6peevzcmcv4xmv9q4njd,102915040531,
3b2b00b337985a9f849c5eebff614e2efb1b743fa7a8ed957d7050716c5d6a17,2023-12-07T18:38:15.610000,received,kaspa:qypvuuedsr43c9txedvmdwxgcxh35m4narjxz7f74a5c86tnj5734wq5mxm5kgf,1000000000000,
cb960f33e7fc9cad64c9e2cd7bc6a6b104643b734d7c7d64af2b4a453172fcb8,2023-12-07T06:42:48.299000,received,kaspa:qp55jdwchhgtkt8n74name5m4t8wsl7nhf3uanh5nquu6gvvmyev7cjdxrrmg,100000000000,
cb960f33e7fc9cad64c9e2cd7bc6a6b104643b734d7c7d64af2b4a453172fcb8,2023-12-07T06:42:48.299000,received,kaspa:qqwkfhr6tgwj67dgdqagumlm8xt5hadnjgu07krhufh9m0y5fcqqcepgavdlf,100000000000,
572868d7330b36daa1c7b85b4c4a2dc317bba8036b297ee3ff852c9ad550bfca,2023-12-05T15:10:30.998000,received,kaspa:qr2nldfa7kp8lexkpxplurwjl27xhf3acmdjc682ezlau476d2aeslsskp9td,62700000000,
4a2cae41d27f4d20982ae0857092de39554b748748076977478830f1c7d8a3f6,2023-11-29T07:18:18.754000,received,kaspa:qppyusdw6s2x3yxddn73qm2xxv0nwqctqd7jfdvtz2w7nujrh7lz2m4me2k0k,10073980000,
8ca36ca1ed69d447e9d84186a66965d7f16ea32f4ae9cf917dbbdd57d0a0c178,2023-11-27T07:32:46.741000,received,kaspa:qqdsdqqwvwkzxr3hx8m6fd8802lzrsl73s9797al74ew5kp9d3crw7w4un99f,15800000000,
328dada62f02388cc91816b294c6d4d0481ef29f98733ed767a42510e1705e26,2023-11-26T09:34:28.766000,received,kaspa:qqdsdqqwvwkzxr3hx8m6fd8802lzrsl73s9797al74ew5kp9d3crw7w4un99f,22391868000,
328dada62f02388cc91816b294c6d4d0481ef29f98733ed767a42510e1705e26,2023-11-26T09:34:28.766000,received,kaspa:qqdsdqqwvwkzxr3hx8m6fd8802lzrsl73s9797al74ew5kp9d3crw7w4un99f,22391868000,
736a2a13c0a71083c3f8f4b9fddd054fb92af4790c2fa6feba5ecc198044a061,2023-11-23T19:19:38.819000,received,kaspa:qrvum29vk365g0zcd5gx3c7h829etfq2ytdmscjzw4zw04fjfnprcg9c3tges,15596288000,
f78922cddefd3f2006f23e1f19e329f31e06179d08edcfedea0c13fb0c6e05a7,2023-11-23T16:42:33.144000,received,kaspa:qypvuuedsr43c9txedvmdwxgcxh35m4narjxz7f74a5c86tnj5734wq5mxm5kgf,100000000000,
f78922cddefd3f2006f23e1f19e329f31e06179d08edcfedea0c13fb0c6e05a7,2023-11-23T16:42:33.144000,received,kaspa:qypvuuedsr43c9txedvmdwxgcxh35m4narjxz7f74a5c86tnj5734wq5mxm5kgf,100000000000,
48e4307a2b116b380a29a3d3cc12128624a79a938cd69bff4cdcda1c097b354e,2023-11-23T15:04:39.253000,received,kaspa:qpxx8uqvd75j5vu84fwhygasr8vy3j8pgjn30y3hjs8v5xajle4scnlah79np,69354897011,
48e4307a2b116b380a29a3d3cc12128624a79a938cd69bff4cdcda1c097b354e,2023-11-23T15:04:39.253000,received,kaspa:qrwl48wp44fh4ll96w2zklm856m6g04ecdp2sq53pajeyn80rv0xknftmupsm,69354897011,
48e4307a2b116b380a29a3d3cc12128624a79a938cd69bff4cdcda1c097b354e,2023-11-23T15:04:39.253000,received,kaspa:qqdsdqqwvwkzxr3hx8m6fd8802lzrsl73s9797al74ew5kp9d3crw7w4un99f,69354897011,
48e4307a2b116b380a29a3d3cc12128624a79a938cd69bff4cdcda1c097b354e,2023-11-23T15:04:39.253000,received,kaspa:qr87nfnzsmehmt9lx2glx9rcnyfjyg7hmzr78swrafr58d85h5lvgfheadh2p,69354897011,
c2da69ddee500bba63d9e63cc096d8403b0639b7933a2860c5f71001b5d5bea9,2023-11-20T07:56:25.640000,sent,kaspa:qpzpfwcsqsxhxwup26r55fd0ghqlhyugz8cp6y3wxuddc02vcxtjg75pspnwz,30000000000000,MEXC
c2da69ddee500bba63d9e63cc096d8403b0639b7933a2860c5f71001b5d5bea9,2023-11-20T07:56:25.640000,sent,kaspa:qpjunp39ssazf4rzfxxu0hd35xggfxn6lq0ls9u9q6peevzcmcv4xmv9q4njd,229864839519,
ff103363c864730a3863c9e42701aa3c746c973f57df61a13429aa563699806c,2023-11-19T08:46:29.072000,received,kaspa:qypvuuedsr43c9txedvmdwxgcxh35m4narjxz7f74a5c86tnj5734wq5mxm5kgf,500000000000,
b19b3f915ab8789449a96b82769d341be6d9020788580e1b3dbc2d1457a90e31,2023-11-18T06:00:53.671000,received,kaspa:qpn2dhygxaqt52hwudet8dh2a4j4ydmdx3gyg9jyfn9dnh0gxc6ugfdtx4ak9,33000000000,
cd878007bba4467d6ab25770feada77313a31416065f8bf248229d3babced2f1,2023-11-17T15:35:48.261000,received,kaspa:qzrunsdr2ecswrc0ugfwhct4jrwdszwqc7dgaaf8un9g2hxnkdnaqpy8cpvwk,100000000000,
3b8e5b85afa8f67b91008190c6539a2a9e2a8f94d9061254f84472e81ce60e94,2023-11-11T13:10:33.914000,received,kaspa:qqywx2wszmnrsu0mzgav85rdwvzangfpdj9j3ady9jpr7hu4u8c2wl9wqgd6j,42775994835,
734273f59bbd856df2efe65a95b029975abcfe8b88483cdfee04573203078ca6,2023-11-10T20:14:58.415000,received,kaspa:qqykqukllesxyn0v9ds346v7y6s4hn0xct3gnnxr7gdxfwqlszzh2psc09fxd,20000000000,
734273f59bbd856df2efe65a95b029975abcfe8b88483cdfee04573203078ca6,2023-11-10T20:14:58.415000,received,kaspa:qqqe9hewtrxpzq2ysyns2vtyhsr2t7488l23exnxhykq00kgsyyvsm44q5vds,20000000000,
56e409cf53034348122eeb4d075c8c31065536476831f8964d23947123e134d0,2023-11-09T15:16:13.143000,received,kaspa:qqwvnkp47wsj6n4hkdlgj8dsauyx0xvefunnwvvsmpq2udd0ka8ckmpuqw3k5,9000000000,
43393e6ec313e8c4449a5586ecadcf83a2449393b2fb27f3decd50c843a145e6,2023-11-08T14:11:45.184000,received,kaspa:qqdsdqqwvwkzxr3hx8m6fd8802lzrsl73s9797al74ew5kp9d3crw7w4un99f,190000000000,
43393e6ec313e8c4449a5586ecadcf83a2449393b2fb27f3decd50c843a145e6,2023-11-08T14:11:45.184000,received,kaspa:qqrgqgm3ljhsrgcwv9ff8s77lwuq2vnjpd97elyve4lfu2wd5lh86l5mytgkt,190000000000,
c811addc739d37ccdab7b8282f37f7bd414592ae6f33b16134885e0a51d87ffe,2023-11-08T09:38:03.140000,received,kaspa:qqdsdqqwvwkzxr3hx8m6fd8802lzrsl73s9797al74ew5kp9d3crw7w4un99f,150000000000,
e522f3ea068e5ba801f7f116cd02150e67f54243ac8a22538f7d4971ee541711,2023-11-06T15:12:43.763000,received,kaspa:qpn0l8sf2aw6svpemz60t7ear4duza4g2dfd66trglmw2lph3v30jt3gpd7fy,101739938000,
ade75ae7309a18e8b30978e6bb2a0f9b6ac9542bc337a2852dbc349064b8535e,2023-11-06T08:01:48.979000,received,kaspa:qqdsdqqwvwkzxr3hx8m6fd8802lzrsl73s9797al74ew5kp9d3crw7w4un99f,100000000000,
bca54e234ca2bf8ce511bb0d7799c576087927c23d4c0a2cf05f71b5a29fadbf,2023-11-06T07:16:35.640000,received,kaspa:qq9zqugek35mae6n0kdss6ur7ffmpgy7xwgqh0pt3mel0c6atu4hc0zkfzdcc,150068694432,
e48a1cfa4f7f9df22e3d167b54170f24cc2530981692593164f23dc438b1ddb3,2023-11-06T07:06:39.570000,received,kaspa:qqdsdqqwvwkzxr3hx8m6fd8802lzrsl73s9797al74ew5kp9d3crw7w4un99f,19300000000,
7710a4f3ec4c3d926658255f4125299799621b97a87f7a48e3ea43bc72da743b,2023-11-06T06:54:43.927000,received,kaspa:qrvum29vk365g0zcd5gx3c7h829etfq2ytdmscjzw4zw04fjfnprcg9c3tges,49932278000,
fd7c46df0807ff345448839afcbb6305929a5933da839a5b2e0e5b58c8daa614,2023-11-05T16:14:34.234000,received,kaspa:qrvum29vk365g0zcd5gx3c7h829etfq2ytdmscjzw4zw04fjfnprcg9c3tges,69900000000,
3a4ab74737519fe195eb83a099d22cf3d5ac0a83bd55ca15a86c95df08197996,2023-11-05T13:30:14.513000,received,kaspa:qzj4u9aqu95e37sdt494mf7vc98v3jl4lfkf33h3puhjv9kmknufy0x7x3huz,76480714432,
3a4ab74737519fe195eb83a099d22cf3d5ac0a83bd55ca15a86c95df08197996,2023-11-05T13:30:14.513000,received,kaspa:qr8krqjz0fn92vsqtw3y4rezzspdk447jf2e9zajacu9z86a295rc7k0cs0xj,76480714432,
c731889e99962e23eb33fc64addab0a7e8f2a12e060e08abce0b77e3a5bc2f90,2023-11-05T10:16:59.399000,sent,kaspa:qpzpfwcsqsxhxwup26r55fd0ghqlhyugz8cp6y3wxuddc02vcxtjg75pspnwz,100000000000000,MEXC
c731889e99962e23eb33fc64addab0a7e8f2a12e060e08abce0b77e3a5bc2f90,2023-11-05T10:16:59.399000,sent,kaspa:qpjunp39ssazf4rzfxxu0hd35xggfxn6lq0ls9u9q6peevzcmcv4xmv9q4njd,145189529920,
4b50ca73e8b053b153a4726294c41c8399524656f69e2839b596f029b07bfca6,2023-11-05T08:16:16.149000,received,kaspa:qrrg4cjxrj67pm7smpa4plpdcpy72zdjj5rsxplhdu2l0qjrh2v82mgh20z3k,100000000000,
1c18c8743501aec8b659c335d767d50a4eb566ec0425a3420233dbc15173c2d5,2023-11-05T08:00:56.782000,received,kaspa:qqql97ger2t2mrkwj9qs6ktjx267l9a3hkkw6a8wdzlt3rr7hqzawkwagtu6y,400000000000,
bc682990f16fe86175f4a06c64171e2ac4511193dc89f7be7cbcf8b5f892d351,2023-10-24T19:12:51.280000,sent,kaspa:qpjunp39ssazf4rzfxxu0hd35xggfxn6lq0ls9u9q6peevzcmcv4xmv9q4njd,80951201774537,
dbd3fee618f81b6c3e4d9ebdca89fba7461d73ba3b61d72c8613ba7523b14ad6,2023-10-24T16:53:26.506000,received,kaspa:qq2r6vn0aarckvelw890qs6rcz8ackn3hsqhlpgjlzpsqqxdh3elkyktx3m52,378000000000,
4bd5ebb351ea68b7a42a293df3e1966b3d241c78456a5dd44158c86191f51220,2023-10-24T13:52:48.399000,sent,kaspa:qpzpfwcsqsxhxwup26r55fd0ghqlhyugz8cp6y3wxuddc02vcxtjg75pspnwz,100000000000000,MEXC
4bd5ebb351ea68b7a42a293df3e1966b3d241c78456a5dd44158c86191f51220,2023-10-24T13:52:48.399000,sent,kaspa:qpjunp39ssazf4rzfxxu0hd35xggfxn6lq0ls9u9q6peevzcmcv4xmv9q4njd,323627230594,
38fd4240e5ecd15bbf793475f95a554e02c8415b46f5831d6b2c58cbe63902ca,2023-10-24T13:44:06.466000,received,kaspa:qpk2rrr8l54vhr5a02yqm5ryhmhsnyz4tp3dhd9yll85pd0rh0yczwnw4w8ne,1000000000000,
da20af5d464d95ab16a2e243828ebb31d54c7162d9b06c91133e86aee6432e83,2023-10-24T01:37:29.026000,sent,kaspa:qpjunp39ssazf4rzfxxu0hd35xggfxn6lq0ls9u9q6peevzcmcv4xmv9q4njd,15499999690000,
9f508e3e5375d6395aed37514494e731ec24642c2d5cfaf96c8c9c37edaea8e2,2023-10-23T09:36:17.196000,received,kaspa:qpk2rrr8l54vhr5a02yqm5ryhmhsnyz4tp3dhd9yll85pd0rh0yczwnw4w8ne,500000000000,
d387abf4b9c529f65a79edb8f2ab76bb3c3b4174341ef48b506d10785c4aee8b,2023-09-30T15:42:26.596000,received,kaspa:qrmyvjydj57k980g9a8457j8ls2vxznzapxdxpezs3908pq9drt5qu8xhyqah,100000000000,
1d73fe3d986fe4995618b60c7102954ca2077d2b00162594b5ea89534f6fb356,2023-09-22T06:48:24.240000,received,kaspa:qr4u3vduhp02qer7yf950hwjwlmvf986wycarxahugrzvcpj79m4qfemlx0hz,50000000000,
9d6ef6e5e8b541fd70a14f7065a329dbefd46d31ac28460d96b2575e48a00532,2023-09-21T07:34:16.950000,received,kaspa:qrnhu7hqwzj2l8hw4wl3xcq9lqaunl80t6lx2du3l77gxul2l6e2yn7ax38cq,287000000000,
90833852fe2374f995426679fd7c888e8bde9a2881ccd6cbec269221d3950cd8,2023-09-10T13:11:51.680000,received,kaspa:qztk33hmg939mulxy65m5a2qtwwygwlk0tg2zel6v5y6et5ggj577kejfugn5,29400000000,
90833852fe2374f995426679fd7c888e8bde9a2881ccd6cbec269221d3950cd8,2023-09-10T13:11:51.680000,received,kaspa:qqsre2r7x6dxv5qglmxhplf6kwjst9h7kvufvdp8q7l0gwr7w5hrg9ymr0wr2,29400000000,
ceb5027885856d8bde52e54585b7eb7677409fabbd4da0f54bff5e0f942a52f9,2023-09-02T11:49:39.827000,received,kaspa:qrzax6p2nm3lg9wvkta9uqk9mtt0648h3edwgqz5lddcq8mlvewaktwyfy03g,130000000000,
ceb5027885856d8bde52e54585b7eb7677409fabbd4da0f54bff5e0f942a52f9,2023-09-02T11:49:39.827000,received,kaspa:qz6tyu0d3x2dt6xlugdz83y59jagtd07qjcs8ce4zm7995ypzu3r24qpktqqa,130000000000,
ceb5027885856d8bde52e54585b7eb7677409fabbd4da0f54bff5e0f942a52f9,2023-09-02T11:49:39.827000,received,kaspa:qz2qync4jzelzesn904305yuxa7age8klpnrt94xrcv3mahqvrc9s6j86pz84,130000000000,
ceb5027885856d8bde52e54585b7eb7677409fabbd4da0f54bff5e0f942a52f9,2023-09-02T11:49:39.827000,received,kaspa:qrmyvjydj57k980g9a8457j8ls2vxznzapxdxpezs3908pq9drt5qu8xhyqah,130000000000,
b4feee9639f5358619a8848cf79c8e45ae10bb29b9631d2377026aa7dd5170e5,2023-08-19T09:58:02.202000,received,kaspa:qpwnc922h7pwvu9mcv0f7zqxt94muyndvwhh6aqr5g4nhlau4dgnv602d64jy,127800000000,
b4feee9639f5358619a8848cf79c8e45ae10bb29b9631d2377026aa7dd5170e5,2023-08-19T09:58:02.202000,received,kaspa:qzceewawe2xav8chq27d7hfw4t75h3h0w3hhhs5jme07ckr64286w7cd9zgd4,127800000000,
710a81685e3e929824caa9592c110af1b40bc95fe72cc1abcbcd460502b55cef,2023-08-16T14:14:33.382000,received,kaspa:qrmyvjydj57k980g9a8457j8ls2vxznzapxdxpezs3908pq9drt5qu8xhyqah,45000000000,
c66e013cc6127584c9e853f78d8557b8bb32db63b1a857da4fea409fda09d0ba,2023-08-10T11:25:26.009000,received,kaspa:qr28l23ekg5k3wxrwhvg9lklfx69mq6lfm8knaz9pryn6m9ysq0fx2lmls53a,100000000000,
c66e013cc6127584c9e853f78d8557b8bb32db63b1a857da4fea409fda09d0ba,2023-08-10T11:25:26.009000,received,kaspa:qzuwysrk6t4v7e5493uhhsyp6apjle5clm52ehgy23wpzthdnhq8qwg70qfl0,100000000000,
e608c3f7a7a068ee47ff522cd27e09e8637afa2641f10dcf072cb3908319f14b,2023-08-09T17:25:12.777000,received,kaspa:qzl2vk0rd88cdr8nytulfmurjjuhx3dg0xcya20ltuh7zhw2ucp055gttgpz7,100000000000,
3847ade68324ffc98fd75268c05a7977bffa50e004db8823ceb9267395518583,2023-08-09T09:35:01.108000,received,kaspa:qp34u3wxzg0lk38w3e52mpfwgk95h97sdvlkm30adja0yyc3elsec7m5lxfkq,61000000000,
3847ade68324ffc98fd75268c05a7977bffa50e004db8823ceb9267395518583,2023-08-09T09:35:01.108000,received,kaspa:qpwptscnh4zwt68dmnlq9eusv9aqdwdlwwmz3wmtd0k3g80k50rvvtvw4mgke,61000000000,
79db8c6c5eac098a4273cea6209aa97ea78fe2e236fff0d666e17eee9946be60,2023-08-08T20:24:14.495000,received,kaspa:qpwnc922h7pwvu9mcv0f7zqxt94muyndvwhh6aqr5g4nhlau4dgnv602d64jy,17000000000,
a8ee450e6bcc6323ed598a7211e65a7d2a293ea6ba756d9d15ad944e1c6f77eb,2023-08-07T13:46:57.406000,received,kaspa:qr32gn66k0vye3n7ujpudm00anpfd4zyheu0t8p899a0d8mvpwyn5829pxlw7,200000000000,
a8ee450e6bcc6323ed598a7211e65a7d2a293ea6ba756d9d15ad944e1c6f77eb,2023-08-07T13:46:57.406000,received,kaspa:qr980qvu0mwfuz7mqwslqmlkv3r5qf4sm8yejef5ta2r0m4efef4j7rmd9edv,200000000000,
a8ee450e6bcc6323ed598a7211e65a7d2a293ea6ba756d9d15ad944e1c6f77eb,2023-08-07T13:46:57.406000,received,kaspa:qpwnc922h7pwvu9mcv0f7zqxt94muyndvwhh6aqr5g4nhlau4dgnv602d64jy,200000000000,
a8ee450e6bcc6323ed598a7211e65a7d2a293ea6ba756d9d15ad944e1c6f77eb,2023-08-07T13:46:57.406000,received,kaspa:qpz3e2vmxj8ecea8xh8lvljejltz3utvhf52ac5vs5xusa4h6p97jxkvqzjal,200000000000,
a8ee450e6bcc6323ed598a7211e65a7d2a293ea6ba756d9d15ad944e1c6f77eb,2023-08-07T13:46:57.406000,received,kaspa:qpwnc922h7pwvu9mcv0f7zqxt94muyndvwhh6aqr5g4nhlau4dgnv602d64jy,200000000000,
a8ee450e6bcc6323ed598a7211e65a7d2a293ea6ba756d9d15ad944e1c6f77eb,2023-08-07T13:46:57.406000,received,kaspa:qpxt39algrazaqjm3k3gm4hk72txhcl99fj8304xnjgkrx4an5hxkcgxy6f4r,200000000000,
7e4408ceed8c5b806005125b5240da44f50afae90b7489d37182d2d1a793df10,2023-07-29T10:55:28.019000,received,kaspa:qqsu0aj0mmp28tmea628fmzyydq6weqws6vmkxyepdm5uyefjmeq62hkqn3ts,150000000000,
4ced5fc14fb25c9c0761a75bdc12c7042ec4c951cb82229a1d780158684e0b1d,2023-07-21T17:39:43.213000,received,kaspa:qpwnc922h7pwvu9mcv0f7zqxt94muyndvwhh6aqr5g4nhlau4dgnv602d64jy,240000000000,
4ced5fc14fb25c9c0761a75bdc12c7042ec4c951cb82229a1d780158684e0b1d,2023-07-21T17:39:43.213000,received,kaspa:qp40plqz0z82waqat66h3zullqdcjnp39fs2z2ajdfywmhyzsfsp555hxskm4,240000000000,
4ced5fc14fb25c9c0761a75bdc12c7042ec4c951cb82229a1d780158684e0b1d,2023-07-21T17:39:43.213000,received,kaspa:qpwnc922h7pwvu9mcv0f7zqxt94muyndvwhh6aqr5g4nhlau4dgnv602d64jy,240000000000,
4ced5fc14fb25c9c0761a75bdc12c7042ec4c951cb82229a1d780158684e0b1d,2023-07-21T17:39:43.213000,received,kaspa:qqy5wcccssm2jflzwvw20qhpm9ljzqsrn63ml8rpfjn9p06547xnqjyjcyxz5,240000000000,
4ced5fc14fb25c9c0761a75bdc12c7042ec4c951cb82229a1d780158684e0b1d,2023-07-21T17:39:43.213000,received,kaspa:qpwnc922h7pwvu9mcv0f7zqxt94muyndvwhh6aqr5g4nhlau4dgnv602d64jy,240000000000,
8cf81f860ee69aa4f622c389c51514ee5eb8565204d66825ed4c108968bc7a63,2023-07-19T08:23:12.917000,received,kaspa:qypvuuedsr43c9txedvmdwxgcxh35m4narjxz7f74a5c86tnj5734wq5mxm5kgf,250000000000,
8cf81f860ee69aa4f622c389c51514ee5eb8565204d66825ed4c108968bc7a63,2023-07-19T08:23:12.917000,received,kaspa:qypvuuedsr43c9txedvmdwxgcxh35m4narjxz7f74a5c86tnj5734wq5mxm5kgf,250000000000,
8cf81f860ee69aa4f622c389c51514ee5eb8565204d66825ed4c108968bc7a63,2023-07-19T08:23:12.917000,received,kaspa:qypvuuedsr43c9txedvmdwxgcxh35m4narjxz7f74a5c86tnj5734wq5mxm5kgf,250000000000,
8cf81f860ee69aa4f622c389c51514ee5eb8565204d66825ed4c108968bc7a63,2023-07-19T08:23:12.917000,received,kaspa:qypvuuedsr43c9txedvmdwxgcxh35m4narjxz7f74a5c86tnj5734wq5mxm5kgf,250000000000,
8cf81f860ee69aa4f622c389c51514ee5eb8565204d66825ed4c108968bc7a63,2023-07-19T08:23:12.917000,received,kaspa:qypvuuedsr43c9txedvmdwxgcxh35m4narjxz7f74a5c86tnj5734wq5mxm5kgf,250000000000,
8cf81f860ee69aa4f622c389c51514ee5eb8565204d66825ed4c108968bc7a63,2023-07-19T08:23:12.917000,received,kaspa:qypvuuedsr43c9txedvmdwxgcxh35m4narjxz7f74a5c86tnj5734wq5mxm5kgf,250000000000,
8cf81f860ee69aa4f622c389c51514ee5eb8565204d66825ed4c108968bc7a63,2023-07-19T08:23:12.917000,received,kaspa:qypvuuedsr43c9txedvmdwxgcxh35m4narjxz7f74a5c86tnj5734wq5mxm5kgf,250000000000,
8cf81f860ee69aa4f622c389c51514ee5eb8565204d66825ed4c108968bc7a63,2023-07-19T08:23:12.917000,received,kaspa:qypvuuedsr43c9txedvmdwxgcxh35m4narjxz7f74a5c86tnj5734wq5mxm5kgf,250000000000,
8cf81f860ee69aa4f622c389c51514ee5eb8565204d66825ed4c108968bc7a63,2023-07-19T08:23:12.917000,received,kaspa:qypvuuedsr43c9txedvmdwxgcxh35m4narjxz7f74a5c86tnj5734wq5mxm5kgf,250000000000,
8cf81f860ee69aa4f622c389c51514ee5eb8565204d66825ed4c108968bc7a63,2023-07-19T08:23:12.917000,received,kaspa:qypvuuedsr43c9txedvmdwxgcxh35m4narjxz7f74a5c86tnj5734wq5mxm5kgf,250000000000,
8cf81f860ee69aa4f622c389c51514ee5eb8565204d66825ed4c108968bc7a63,2023-07-19T08:23:12.917000,received,kaspa:qypvuuedsr43c9txedvmdwxgcxh35m4narjxz7f74a5c86tnj5734wq5mxm5kgf,250000000000,
8cf81f860ee69aa4f622c389c51514ee5eb8565204d66825ed4c108968bc7a63,2023-07-19T08:23:12.917000,received,kaspa:qypvuuedsr43c9txedvmdwxgcxh35m4narjxz7f74a5c86tnj5734wq5mxm5kgf,250000000000,
8cf81f860ee69aa4f622c389c51514ee5eb8565204d66825ed4c108968bc7a63,2023-07-19T08:23:12.917000,received,kaspa:qypvuuedsr43c9txedvmdwxgcxh35m4narjxz7f74a5c86tnj5734wq5mxm5kgf,250000000000,
8cf81f860ee69aa4f622c389c51514ee5eb8565204d66825ed4c108968bc7a63,2023-07-19T08:23:12.917000,received,kaspa:qypvuuedsr43c9txedvmdwxgcxh35m4narjxz7f74a5c86tnj5734wq5mxm5kgf,250000000000,
8cf81f860ee69aa4f622c389c51514ee5eb8565204d66825ed4c108968bc7a63,2023-07-19T08:23:12.917000,received,kaspa:qypvuuedsr43c9txedvmdwxgcxh35m4narjxz7f74a5c86tnj5734wq5mxm5kgf,250000000000,
233c2289c5034a3dba8f861e5b519a2ddd8db1b8c191f397448ad50b98b7ca34,2023-07-14T13:41:40.065000,received,kaspa:qpwnc922h7pwvu9mcv0f7zqxt94muyndvwhh6aqr5g4nhlau4dgnv602d64jy,30000000000,
233c2289c5034a3dba8f861e5b519a2ddd8db1b8c191f397448ad50b98b7ca34,2023-07-14T13:41:40.065000,received,kaspa:qq2r6vn0aarckvelw890qs6rcz8ackn3hsqhlpgjlzpsqqxdh3elkyktx3m52,30000000000,
233c2289c5034a3dba8f861e5b519a2ddd8db1b8c191f397448ad50b98b7ca34,2023-07-14T13:41:40.065000,received,kaspa:qz45895mr8k3hq338lu4p9rk4j4ykjem7s6a4sc9ddwtczfeqqnfjmdvuv2hj,30000000000,
91e3beb374e53989f08e8dc5598c0bdcdadfbd508aaabeb979a8ae948b4ad3c8,2023-07-14T13:41:30.064000,received,kaspa:qpgf99hkmsr0l953q9dvrwhckdtrafcyc4vjt92sll0eray0uzl45vskq5m7x,30000000000,
94c3d446cae853d4d42b823a8351af31ec8a4e907967fbfdac2a45656e322cdf,2023-07-04T11:04:12.248000,received,kaspa:qqrsj2qjwvy7hx3wfq2nuqxctp4ym9t3cejud5zykghtrrdyc7385atzvwz2e,150000000000,
