tx_id,timestamp,direction,peer_address,amount_sompi,cex_label
dbc03b732a3c2d00d9d962918d08d1cbf648f9147a5e7faa5e662ad7df69d052,2023-12-16T05:10:06.250000,sent,kaspa:qzslgwenzu78t6tldlng383g7ruu4enaljmnkgaulyrscjp7ldt26x8gfxck5,171940000,
dbc03b732a3c2d00d9d962918d08d1cbf648f9147a5e7faa5e662ad7df69d052,2023-12-16T05:10:06.250000,sent,kaspa:qzslgwenzu78t6tldlng383g7ruu4enaljmnkgaulyrscjp7ldt26x8gfxck5,171940000,
d7d4b549f9da05e27186a008ca88645b2fc6104211fdee07e7aa1833b62d9350,2023-12-13T03:29:44.682000,received,kaspa:qypswxtcrv4ssyjaswy5w9387vq73mkuyq85tl34cee6qn5uexqy0csgnafnjx7,171000000,
8768fbe6c55751cdbcf75ae7e3903fd0f1a3cd0afc7cb4a27926dbfd5add44ec,2023-11-29T18:44:16.147000,sent,kaspa:qype4963j4mxcmqj9yvhfakp6wh9uda6gc62evpntvysxvpm7lmfaucahnsf8gv,18000000,
c5d0a177b30da8ebd9b9102ee42b148839016c05aab9b4978e50ae8e42c7d7fe,2023-11-28T12:52:24.767000,received,kaspa:qpw309ql97qqj6zc80wuq0pw64sw4n2l0jhq3lpx7amn38z4s02tj0dhumqnq,19000000,
