tx_id,timestamp,direction,peer_address,amount_sompi,cex_label
404079d94e1021786f2bafe395bbbe327c2dbad144f4729d03c70b4587f87907,2024-02-17T10:10:13.686000,sent,kaspa:qqsslpr5gst3y2s87k402r9yt7ajmak63vkgmathj8ys5qx4273jg40nngrd2,172980000,
404079d94e1021786f2bafe395bbbe327c2dbad144f4729d03c70b4587f87907,2024-02-17T10:10:13.686000,sent,kaspa:qqsslpr5gst3y2s87k402r9yt7ajmak63vkgmathj8ys5qx4273jg40nngrd2,172980000,
ba2fe0328d093550222affbea88e34539e25830cddf2e2f30eb4560069836069,2023-12-12T12:19:44.167000,received,kaspa:qypswxtcrv4ssyjaswy5w9387vq73mkuyq85tl34cee6qn5uexqy0csgnafnjx7,171000000,
4115fe91a23eb8c95c70acd1f68fef50e45a963b4f113f3907a4bca2e09ed334,2023-11-28T16:51:27.861000,sent,kaspa:qypjswhk8tgc2arvg5knuxpl7hgrgh2cxlc7lue2hgh2lc866q3zflqcnewcnja,18000000,
be6329a8f30b5b3b2a5f9be21c88318fbb7032ee1d038c22f537bb3fa11fff1d,2023-11-27T04:41:02.108000,received,kaspa:qypqhwaag39ahn934e9njgp5uuzr7zxgcwtqpzwrkehmxrgl608urmg4e9n5dh0,20000000,
