tx_id,timestamp,direction,peer_address,amount_sompi,cex_label
733e59c206761c9e92b7017728907ee311c22bec57c322fa4526370a5a25291c,2023-12-16T04:03:21.593000,sent,kaspa:qzslgwenzu78t6tldlng383g7ruu4enaljmnkgaulyrscjp7ldt26x8gfxck5,171940000,
733e59c206761c9e92b7017728907ee311c22bec57c322fa4526370a5a25291c,2023-12-16T04:03:21.593000,sent,kaspa:qzslgwenzu78t6tldlng383g7ruu4enaljmnkgaulyrscjp7ldt26x8gfxck5,171940000,
f0fca17298c2f130fafb06ccf0b64270bf09d61ef2b64fa0231fd945f1fc996d,2023-12-12T23:28:34.398000,received,kaspa:qypswxtcrv4ssyjaswy5w9387vq73mkuyq85tl34cee6qn5uexqy0csgnafnjx7,171000000,
c21179d709cfd9d00898007c8158ccbe449ae27a036ba62c8e59744777443812,2023-11-29T15:00:00.778000,sent,kaspa:qyp8jvat7k92g8n07hpmrrlcvuzwvsvt6lmdsq7hdgvxpqhwcjrvfuccf32zh0v,18000000,
ea035adb282b2af8b239069abd113949f929f2078a0670e9c6225a2ab7dc2960,2023-11-27T18:49:41.982000,received,kaspa:qrfljlmy9fxt57pcvshn7ym90d0lszlyxe36fx9lgqgwam0y9fmay00msesrt,19000000,
