tx_id,timestamp,direction,peer_address,amount_sompi,cex_label
341a7dec8b229b4d2fe188e2f8b1f0cdd452f0ca8a10460ef7d0315e03bcb395,2024-08-01T02:53:07.089000,sent,kaspa:qq9zagcza4jt76eev9jl5z0nqhe0thcu7js8larktj4sle7lvgnw7sfcewlty,1100000000000,
341a7dec8b229b4d2fe188e2f8b1f0cdd452f0ca8a10460ef7d0315e03bcb395,2024-08-01T02:53:07.089000,sent,kaspa:qq9zagcza4jt76eev9jl5z0nqhe0thcu7js8larktj4sle7lvgnw7sfcewlty,1100000000000,
38134a0aa062cc66902ac8adb36acec44e457d3f15f2bc55273e6fa73d4e3f65,2024-07-17T11:31:05.980000,received,kaspa:qq9zagcza4jt76eev9jl5z0nqhe0thcu7js8larktj4sle7lvgnw7sfcewlty,1098449878521,
38134a0aa062cc66902ac8adb36acec44e457d3f15f2bc55273e6fa73d4e3f65,2024-07-17T11:31:05.980000,received,kaspa:qq9zagcza4jt76eev9jl5z0nqhe0thcu7js8larktj4sle7lvgnw7sfcewlty,1098449878521,
38134a0aa062cc66902ac8adb36acec44e457d3f15f2bc55273e6fa73d4e3f65,2024-07-17T11:31:05.980000,received,kaspa:qq9zagcza4jt76eev9jl5z0nqhe0thcu7js8larktj4sle7lvgnw7sfcewlty,1098449878521,
38134a0aa062cc66902ac8adb36acec44e457d3f15f2bc55273e6fa73d4e3f65,2024-07-17T11:31:05.980000,received,kaspa:qq9zagcza4jt76eev9jl5z0nqhe0thcu7js8larktj4sle7lvgnw7sfcewlty,1098449878521,
38134a0aa062cc66902ac8adb36acec44e457d3f15f2bc55273e6fa73d4e3f65,2024-07-17T11:31:05.980000,received,kaspa:qq9zagcza4jt76eev9jl5z0nqhe0thcu7js8larktj4sle7lvgnw7sfcewlty,1098449878521,
3ba8f3d811fd74a5c9fc06c17f810eb83ec52c628fd2dd5f99dcdec4e112bd7c,2024-07-09T20:53:57.994000,sent,kaspa:qq9zagcza4jt76eev9jl5z0nqhe0thcu7js8larktj4sle7lvgnw7sfcewlty,2500000000000,
0afac9921175780209eba65886f888dbf053eec73a2188adaa5518f0e1c0a35f,2024-07-05T01:52:14.594000,sent,kaspa:qr5860rf38v9tnjv4cs09qa4d78suguxx7tvtwhdxpq2ens8htw5jklkys309,10000000000,
84b87d236531cfac0301bd32bbf26e515d7e3a72f5695f4f277eaaed5e0c557e,2024-07-05T00:44:45.605000,sent,kaspa:qr5860rf38v9tnjv4cs09qa4d78suguxx7tvtwhdxpq2ens8htw5jklkys309,10000000000,
edbca2f035f542a3437b3fdf10f6778d7693839cebee586e76dfd61b067e0ce4,2024-02-09T22:52:03.674000,received,kaspa:qqetp7ct8kqss99fxmymyz5t3fezppxp0t58wl6pawp27elqd46uudme00cl0,2586564000000,
edbca2f035f542a3437b3fdf10f6778d7693839cebee586e76dfd61b067e0ce4,2024-02-09T22:52:03.674000,received,kaspa:qpzpfwcsqsxhxwup26r55fd0ghqlhyugz8cp6y3wxuddc02vcxtjg75pspnwz,2586564000000,MEXC
