tx_id,timestamp,direction,peer_address,amount_sompi,cex_label
e753584f1018590df88ae89ed9e6a30811cee3a78645731477cfd4007aa99590,2023-12-13T07:40:04.292000,sent,kaspa:qq93kj2twjchu49fgwnrjwph2xv230ys9n2lqjryunqt7psmtma254uv2xkr9,172970000,
e753584f1018590df88ae89ed9e6a30811cee3a78645731477cfd4007aa99590,2023-12-13T07:40:04.292000,sent,kaspa:qq93kj2twjchu49fgwnrjwph2xv230ys9n2lqjryunqt7psmtma254uv2xkr9,172970000,
78b0b10c61c721a2ca76a036fface03525bf8caf5da8c1c8fd639d62b1332fff,2023-12-12T04:00:20.979000,received,kaspa:qypswxtcrv4ssyjaswy5w9387vq73mkuyq85tl34cee6qn5uexqy0csgnafnjx7,171000000,
4b39087659eb1b775d362303c79b0fcf2b1fa343716ef405a19f6a2da330137d,2023-11-28T02:07:15.563000,sent,kaspa:qypm5f7p9xvk0lutdwxky092rz6pg0prydkytsexyw0uyly7vfetv4qzw8tsv06,18000000,
4cb4b0e8a7a5c981567f6b83db363a8561bfa612f0c293acbff6c53f94cf7e30,2023-11-28T01:45:33.800000,received,kaspa:qqcg09ekkku6wgwvw0nuqyahp60ncwyqg4a0kwgf3kx4nseu0su2cnnsgjtf5,20000000,
