tx_id,timestamp,direction,peer_address,amount_sompi,cex_label
929c4d5cae07314b30bd82671d9dd024ae0ef40433e9cc69a1377314b7c73c07,2024-02-17T10:32:58.704000,sent,kaspa:qqd463qjk795l7x06el7qjdh4hjtprah8mtnxx8exg8wz43fla4djkghheu25,172980000,
929c4d5cae07314b30bd82671d9dd024ae0ef40433e9cc69a1377314b7c73c07,2024-02-17T10:32:58.704000,sent,kaspa:qqd463qjk795l7x06el7qjdh4hjtprah8mtnxx8exg8wz43fla4djkghheu25,172980000,
11cb00955d16d34164436b33ec7cefbcedf4bffe730ad20739425382dfdd2c70,2023-12-13T05:48:03.136000,received,kaspa:qypswxtcrv4ssyjaswy5w9387vq73mkuyq85tl34cee6qn5uexqy0csgnafnjx7,171000000,
f619f2283b011063bce24b1e1346de0ae8efbebf76b777d9ed938a5b183eae81,2023-11-29T21:50:45.741000,sent,kaspa:qypp2zfeecs78xvucnpqu2rf8k3hg5q3dmf3mf09382xm3mld5wqsus4wfnrpc8,18000000,
494937dac6f3150459f3f71feb85a8e687206ab1cf794f785a7df735d0929bd2,2023-11-27T20:35:27.972000,received,kaspa:qyp70qht6pjqk2yl6cwl2n296pgcnwmtj8w0clcle08m5p8yu4tg7kgvv4n0qrg,20000000,
