tx_id,timestamp,direction,peer_address,amount_sompi,cex_label
a38887646c7d9aa4329993e1d3b2aa76d9e41c6f35ce590456fc1873c5662d9a,2024-03-30T01:16:59.256000,sent,kaspa:qzp4keawqwmf0cufq48fqnyc8u4slgdhmvsplpk7wxpde6x9tf5h7ythjxgsx,144381070529,
eedf98d7ef8f1e32884798e493bdf11193002892d676922ba8952b6064d78a9f,2024-03-30T00:50:22.083000,received,kaspa:qr7vrlhgekw9efxgfq09ca3wqcxlslgxndcpk77pguu2usaa9aa27lhuunewj,148072329656,
96995130e9dce4bfb45d7409f00a7599a1fffe50ad0cfc906ef50f45ea28ab63,2024-01-15T01:07:05.084000,sent,kaspa:qqwvnkp47wsj6n4hkdlgj8dsauyx0xvefunnwvvsmpq2udd0ka8ckmpuqw3k5,438408303840,
96995130e9dce4bfb45d7409f00a7599a1fffe50ad0cfc906ef50f45ea28ab63,2024-01-15T01:07:05.084000,sent,kaspa:qqwvnkp47wsj6n4hkdlgj8dsauyx0xvefunnwvvsmpq2udd0ka8ckmpuqw3k5,438408303840,
55c8d8c6a0fec2fd116eebae5027acc1de7ffe6f813dcacb45e9d060a543a43c,2024-01-14T23:04:26.148000,received,kaspa:qz92gqqks5m9kws94y45jw6e2s47fl7g6gju8a6v32jlkz60965zka5vafr77,430558030300,
