tx_id,timestamp,direction,peer_address,amount_sompi,cex_label
6e731af260d7d411ab908a5626d1adc9fe854e702d867d80ae62e899c064d96b,2024-02-17T12:35:04.231000,sent,kaspa:qqd463qjk795l7x06el7qjdh4hjtprah8mtnxx8exg8wz43fla4djkghheu25,172980000,
6e731af260d7d411ab908a5626d1adc9fe854e702d867d80ae62e899c064d96b,2024-02-17T12:35:04.231000,sent,kaspa:qqd463qjk795l7x06el7qjdh4hjtprah8mtnxx8exg8wz43fla4djkghheu25,172980000,
affc8ecb13a2e83e846511f0c67028b2fc0afbac88de6f8f719e222ecefa0b7c,2023-12-13T04:53:41.444000,received,kaspa:qypswxtcrv4ssyjaswy5w9387vq73mkuyq85tl34cee6qn5uexqy0csgnafnjx7,171000000,
e31789197389762b8585b45dae3e341b6096a78b7f5806038d92858d61aaf60f,2023-11-29T20:18:24.473000,sent,kaspa:qyp6gvd763ggr7ddnfzfycagw9dyuakygegq6mxgp9nkttt4hclw8zqkum65z0f,18000000,
f2cd9085b0c29ce6ef62e56f62b7a102716936e261048813b324af5c46344601,2023-11-27T20:49:51.097000,received,kaspa:qypwcme2wrftxsx5v9j6gtqcdt6lekdmlgny7uy2c65g58usa2pknqch006uh92,20000000,
