tx_id,timestamp,direction,peer_address,amount_sompi,cex_label
53c2f7b995718f2ab2e6c7d94aca17f7ba8bcf486a27a7a23d3dd7d4637f7744,2023-12-13T05:32:27.405000,sent,kaspa:qr7r8rtehym00mcmmucflvu2003fsevzc9s0rezsltzwd6jd34p2cg3nd43cf,170990000,
16da9de697aa4ff830c5387a6c075a90438886cbd77919c27fa47fb636a41321,2023-12-12T02:00:16.631000,received,kaspa:qypswxtcrv4ssyjaswy5w9387vq73mkuyq85tl34cee6qn5uexqy0csgnafnjx7,171000000,
4463904c1f1487846ec82c289ee80027c58f3249550f9e7458d5e08f68db51b0,2023-11-27T19:17:49.834000,sent,kaspa:qyp9693vp8umdl0z284jg42jnjkt0krp22t634s06deuwe64qj05q5s60xyphlu,18000000,
7bf0bc0fa7450c5e9c97dc11d789901fa7621943ce3390609caa5e2121c7f4ed,2023-11-27T16:09:11.559000,received,kaspa:qppsztan2697sg3slah2qsxzwn6d3wmrjp565d7p8a5xqmwl6lk2yvwts3trk,18010000,
