tx_id,timestamp,direction,peer_address,amount_sompi,cex_label
77368ba292c2e09d9707238840b679116ea36aefc40d6d884d2177b52e9aaf15,2024-02-21T02:41:29.340000,sent,kaspa:qq6unnf8p62vkudx94u4t90ruxma7zad8wew463l5dhgnyjtrt0sc82lc5ykw,170990000,
1debc8d63e1c228c6a76d17ff147690174ac78273cd677f8f00e5592c923364b,2023-12-12T09:11:01.004000,received,kaspa:qypswxtcrv4ssyjaswy5w9387vq73mkuyq85tl34cee6qn5uexqy0csgnafnjx7,171000000,
8c43d292735c8c4fcee924d7dee1fb3ee6540ced86955a867ab57c28f90537d4,2023-11-28T12:56:37.833000,sent,kaspa:qrlvakxnll8ry7qsxfwqtsh059weucg65ex80uws62qh3630ujmp7pkfakr7z,867510000,
67f1192b4f6949eaa6413493d8c38f986566991a29ee901b0d2ff0052d406db3,2023-11-28T12:48:53.068000,sent,kaspa:qyplyzzzvelljuq648dgjq2r8nwm7563n8swu5n8n3mg8hd7cvmd3ucjan5u486,18000000,
8f85f5df7fa42d81c3bd5166d5f398e0ca36ae08607ca43cb048292301c2c404,2023-11-28T12:43:28.543000,received,kaspa:qrq2ctdqz3tna6kttg7kr62j7wvhkkyn9an4sujyhjs2evsjjkzrwzwvd3g5w,885530000,
