tx_id,timestamp,direction,peer_address,amount_sompi,cex_label
590827a0e5ad8bb42044af55fa70daffa1bd7c7b4c40f019d51b4fe8a1782274,2024-04-19T13:29:37.353000,sent,kaspa:qq9zagcza4jt76eev9jl5z0nqhe0thcu7js8larktj4sle7lvgnw7sfcewlty,20000000000000,
590827a0e5ad8bb42044af55fa70daffa1bd7c7b4c40f019d51b4fe8a1782274,2024-04-19T13:29:37.353000,sent,kaspa:qq9zagcza4jt76eev9jl5z0nqhe0thcu7js8larktj4sle7lvgnw7sfcewlty,20000000000000,
4e20af6ee4127b8196cc0fb08b73a5d8d30b08ae5f6e9c3df0f866322151f9ed,2024-04-19T13:28:14.726000,received,kaspa:qpkw65af0wac37eyte9urs0dg5qtmrkhcfc286n6veceyw0tv8rwyf384amz2,20000000000000,
4e20af6ee4127b8196cc0fb08b73a5d8d30b08ae5f6e9c3df0f866322151f9ed,2024-04-19T13:28:14.726000,received,kaspa:qpkw65af0wac37eyte9urs0dg5qtmrkhcfc286n6veceyw0tv8rwyf384amz2,20000000000000,
0989be606fa2aa7f09c6aac3cf27234044e6ac09a14833f3299c098212748b41,2024-04-19T08:13:12.222000,sent,kaspa:qq9zagcza4jt76eev9jl5z0nqhe0thcu7js8larktj4sle7lvgnw7sfcewlty,20000000000000,
0989be606fa2aa7f09c6aac3cf27234044e6ac09a14833f3299c098212748b41,2024-04-19T08:13:12.222000,sent,kaspa:qq9zagcza4jt76eev9jl5z0nqhe0thcu7js8larktj4sle7lvgnw7sfcewlty,20000000000000,
fe9f08a08eb1e71f607fff21a84af7b2e8712ad7bbb10246d6da507fe52c23bf,2024-04-19T08:12:24.620000,received,kaspa:qpkw65af0wac37eyte9urs0dg5qtmrkhcfc286n6veceyw0tv8rwyf384amz2,20000000000000,
fe9f08a08eb1e71f607fff21a84af7b2e8712ad7bbb10246d6da507fe52c23bf,2024-04-19T08:12:24.620000,received,kaspa:qpkw65af0wac37eyte9urs0dg5qtmrkhcfc286n6veceyw0tv8rwyf384amz2,20000000000000,
bfbcacf82de864f09f7310fed20d736499caf50204beb8002f0774871ebd1edc,2024-04-19T04:19:33.275000,sent,kaspa:qq9zagcza4jt76eev9jl5z0nqhe0thcu7js8larktj4sle7lvgnw7sfcewlty,17500000000000,
bfbcacf82de864f09f7310fed20d736499caf50204beb8002f0774871ebd1edc,2024-04-19T04:19:33.275000,sent,kaspa:qq9zagcza4jt76eev9jl5z0nqhe0thcu7js8larktj4sle7lvgnw7sfcewlty,17500000000000,
67124004fdfd7c1259cbb8f150584f701f34109d132a4980e2be243b4c719655,2024-04-19T04:18:02.846000,received,kaspa:qpkw65af0wac37eyte9urs0dg5qtmrkhcfc286n6veceyw0tv8rwyf384amz2,17500000000000,
67124004fdfd7c1259cbb8f150584f701f34109d132a4980e2be243b4c719655,2024-04-19T04:18:02.846000,received,kaspa:qpkw65af0wac37eyte9urs0dg5qtmrkhcfc286n6veceyw0tv8rwyf384amz2,17500000000000,
67124004fdfd7c1259cbb8f150584f701f34109d132a4980e2be243b4c719655,2024-04-19T04:18:02.846000,received,kaspa:qpkw65af0wac37eyte9urs0dg5qtmrkhcfc286n6veceyw0tv8rwyf384amz2,17500000000000,
67124004fdfd7c1259cbb8f150584f701f34109d132a4980e2be243b4c719655,2024-04-19T04:18:02.846000,received,kaspa:qpkw65af0wac37eyte9urs0dg5qtmrkhcfc286n6veceyw0tv8rwyf384amz2,17500000000000,
22830b99736778916daec6fa0dbc63580dbf020679de07d0cf893b9c36521a84,2024-04-18T08:09:15.561000,sent,kaspa:qq9zagcza4jt76eev9jl5z0nqhe0thcu7js8larktj4sle7lvgnw7sfcewlty,15231000000000,
22830b99736778916daec6fa0dbc63580dbf020679de07d0cf893b9c36521a84,2024-04-18T08:09:15.561000,sent,kaspa:qq9zagcza4jt76eev9jl5z0nqhe0thcu7js8larktj4sle7lvgnw7sfcewlty,15231000000000,
22830b99736778916daec6fa0dbc63580dbf020679de07d0cf893b9c36521a84,2024-04-18T08:09:15.561000,sent,kaspa:qq9zagcza4jt76eev9jl5z0nqhe0thcu7js8larktj4sle7lvgnw7sfcewlty,15231000000000,
9758c92aa248db4979eb10b4deb702f38fd653610f3d2d51923a4702ce62b67c,2024-04-18T08:08:29.114000,received,kaspa:qpkw65af0wac37eyte9urs0dg5qtmrkhcfc286n6veceyw0tv8rwyf384amz2,15221000000000,
9758c92aa248db4979eb10b4deb702f38fd653610f3d2d51923a4702ce62b67c,2024-04-18T08:08:29.114000,received,kaspa:qpkw65af0wac37eyte9urs0dg5qtmrkhcfc286n6veceyw0tv8rwyf384amz2,15221000000000,
c9c778745b465afa80f70390f489e4c694ee558a8f10922290cdc7732096f7ab,2024-04-18T08:01:28.694000,received,kaspa:qpkw65af0wac37eyte9urs0dg5qtmrkhcfc286n6veceyw0tv8rwyf384amz2,10000000000,
c9c778745b465afa80f70390f489e4c694ee558a8f10922290cdc7732096f7ab,2024-04-18T08:01:28.694000,received,kaspa:qpkw65af0wac37eyte9urs0dg5qtmrkhcfc286n6veceyw0tv8rwyf384amz2,10000000000,
24d8ebde5f998ade3915813eea4587a9dc4b314a03ef707669c5d8f4243ec8e4,2024-04-17T22:38:44.955000,sent,kaspa:qq450vwjr7u77cu758apwd5sfvx0z0x0qs69dudl49fsryhgrxtyw68ep3d60,14970000000000,
24d8ebde5f998ade3915813eea4587a9dc4b314a03ef707669c5d8f4243ec8e4,2024-04-17T22:38:44.955000,sent,kaspa:qq450vwjr7u77cu758apwd5sfvx0z0x0qs69dudl49fsryhgrxtyw68ep3d60,14970000000000,
aa3330756860065fc473dfd1281a37ecd55c853eb1b71676eaf8f7a7a75f61bc,2024-04-17T22:38:00.111000,received,kaspa:qq9zagcza4jt76eev9jl5z0nqhe0thcu7js8larktj4sle7lvgnw7sfcewlty,14969917241665,
7cc700f0f9a65ae7e394f8b02cccfa26887f389f9eae14f8438a84e6eb16f545,2024-04-17T22:31:19.964000,sent,kaspa:qq450vwjr7u77cu758apwd5sfvx0z0x0qs69dudl49fsryhgrxtyw68ep3d60,19969900000000,
7cc700f0f9a65ae7e394f8b02cccfa26887f389f9eae14f8438a84e6eb16f545,2024-04-17T22:31:19.964000,sent,kaspa:qq450vwjr7u77cu758apwd5sfvx0z0x0qs69dudl49fsryhgrxtyw68ep3d60,19969900000000,
fb92179489480adabd59d6e5c617983ea6e4276d10549b1d8c4b65a271caf666,2024-04-17T22:30:39.401000,received,kaspa:qq9zagcza4jt76eev9jl5z0nqhe0thcu7js8larktj4sle7lvgnw7sfcewlty,19969896804174,
f2f521d98d4c2dd93c2028d684e09ec63493ff110ed55677d757d835f72e4d08,2024-04-17T10:01:51.529000,sent,kaspa:qq9zagcza4jt76eev9jl5z0nqhe0thcu7js8larktj4sle7lvgnw7sfcewlty,15572700000000,
f2f521d98d4c2dd93c2028d684e09ec63493ff110ed55677d757d835f72e4d08,2024-04-17T10:01:51.529000,sent,kaspa:qq9zagcza4jt76eev9jl5z0nqhe0thcu7js8larktj4sle7lvgnw7sfcewlty,15572700000000,
6ae873ec081a2a1ac04d648d6bce8973fe7a8ea4218bb151558a1fc67b4cc94e,2024-04-17T10:01:04.030000,received,kaspa:qqetp7ct8kqss99fxmymyz5t3fezppxp0t58wl6pawp27elqd46uudme00cl0,15572736000000,
6ae873ec081a2a1ac04d648d6bce8973fe7a8ea4218bb151558a1fc67b4cc94e,2024-04-17T10:01:04.030000,received,kaspa:qpzpfwcsqsxhxwup26r55fd0ghqlhyugz8cp6y3wxuddc02vcxtjg75pspnwz,15572736000000,MEXC
b05d9e83cdc2ef4d4d704d9a1517187b64335cf9c61dd2f281908d69eea82280,2024-04-16T23:48:47.216000,sent,kaspa:qq9zagcza4jt76eev9jl5z0nqhe0thcu7js8larktj4sle7lvgnw7sfcewlty,17543100000000,
b05d9e83cdc2ef4d4d704d9a1517187b64335cf9c61dd2f281908d69eea82280,2024-04-16T23:48:47.216000,sent,kaspa:qq9zagcza4jt76eev9jl5z0nqhe0thcu7js8larktj4sle7lvgnw7sfcewlty,17543100000000,
8600a2408d2b6724f90730cfb3bbe965ac07fa8365dc9cff6fcfcae04e9ba1f3,2024-04-16T23:48:06.613000,received,kaspa:qpzpfwcsqsxhxwup26r55fd0ghqlhyugz8cp6y3wxuddc02vcxtjg75pspnwz,17543156000000,MEXC
8600a2408d2b6724f90730cfb3bbe965ac07fa8365dc9cff6fcfcae04e9ba1f3,2024-04-16T23:48:06.613000,received,kaspa:qpzpfwcsqsxhxwup26r55fd0ghqlhyugz8cp6y3wxuddc02vcxtjg75pspnwz,17543156000000,MEXC
8600a2408d2b6724f90730cfb3bbe965ac07fa8365dc9cff6fcfcae04e9ba1f3,2024-04-16T23:48:06.613000,received,kaspa:qpzpfwcsqsxhxwup26r55fd0ghqlhyugz8cp6y3wxuddc02vcxtjg75pspnwz,17543156000000,MEXC
8600a2408d2b6724f90730cfb3bbe965ac07fa8365dc9cff6fcfcae04e9ba1f3,2024-04-16T23:48:06.613000,received,kaspa:qpzpfwcsqsxhxwup26r55fd0ghqlhyugz8cp6y3wxuddc02vcxtjg75pspnwz,17543156000000,MEXC
8600a2408d2b6724f90730cfb3bbe965ac07fa8365dc9cff6fcfcae04e9ba1f3,2024-04-16T23:48:06.613000,received,kaspa:qpzpfwcsqsxhxwup26r55fd0ghqlhyugz8cp6y3wxuddc02vcxtjg75pspnwz,17543156000000,MEXC
8600a2408d2b6724f90730cfb3bbe965ac07fa8365dc9cff6fcfcae04e9ba1f3,2024-04-16T23:48:06.613000,received,kaspa:qpzpfwcsqsxhxwup26r55fd0ghqlhyugz8cp6y3wxuddc02vcxtjg75pspnwz,17543156000000,MEXC
8600a2408d2b6724f90730cfb3bbe965ac07fa8365dc9cff6fcfcae04e9ba1f3,2024-04-16T23:48:06.613000,received,kaspa:qpzpfwcsqsxhxwup26r55fd0ghqlhyugz8cp6y3wxuddc02vcxtjg75pspnwz,17543156000000,MEXC
8600a2408d2b6724f90730cfb3bbe965ac07fa8365dc9cff6fcfcae04e9ba1f3,2024-04-16T23:48:06.613000,received,kaspa:qpzpfwcsqsxhxwup26r55fd0ghqlhyugz8cp6y3wxuddc02vcxtjg75pspnwz,17543156000000,MEXC
8600a2408d2b6724f90730cfb3bbe965ac07fa8365dc9cff6fcfcae04e9ba1f3,2024-04-16T23:48:06.613000,received,kaspa:qpzpfwcsqsxhxwup26r55fd0ghqlhyugz8cp6y3wxuddc02vcxtjg75pspnwz,17543156000000,MEXC
97507271515ca0a7ff2b229e377d918b5a5bb1c1b2f0d32996e1d765eb9caa92,2024-04-16T23:43:01.969000,sent,kaspa:qq9zagcza4jt76eev9jl5z0nqhe0thcu7js8larktj4sle7lvgnw7sfcewlty,16396100000000,
97507271515ca0a7ff2b229e377d918b5a5bb1c1b2f0d32996e1d765eb9caa92,2024-04-16T23:43:01.969000,sent,kaspa:qq9zagcza4jt76eev9jl5z0nqhe0thcu7js8larktj4sle7lvgnw7sfcewlty,16396100000000,
81405f0ec65d3c01ff960054c3c713d45e53334a760f6f85fe9536cf5ed4255d,2024-04-15T16:55:31.138000,received,kaspa:qrelgny7sr3vahq69yykxx36m65gvmhryxrlwngfzgu8xkdslum2yxjp3ap8m,16396018357600,Gate.io
06a755630c91a4c5d1191c990a66ef4edb76f70d2abfea514e56f64cf9d9dc47,2024-04-15T11:04:00.307000,sent,kaspa:qza5qwzhwmwhq9xz4c5pzqqf73zpn0s4cyny79njw6hdy5kr2n32zx6z4s6hq,21462700000000,
06a755630c91a4c5d1191c990a66ef4edb76f70d2abfea514e56f64cf9d9dc47,2024-04-15T11:04:00.307000,sent,kaspa:qza5qwzhwmwhq9xz4c5pzqqf73zpn0s4cyny79njw6hdy5kr2n32zx6z4s6hq,21462700000000,
91878fc930a10e78c2d5368ab83c5f2850a5855db5ecb6541a77c00489634428,2024-04-15T11:03:21.217000,received,kaspa:qq9zagcza4jt76eev9jl5z0nqhe0thcu7js8larktj4sle7lvgnw7sfcewlty,21462719670431,
3ba255616cd4cde3da311eaef879332d5ba5cc47e81291954c7477644677669a,2024-04-15T10:42:01.283000,sent,kaspa:qza5qwzhwmwhq9xz4c5pzqqf73zpn0s4cyny79njw6hdy5kr2n32zx6z4s6hq,9979900000000,
3ba255616cd4cde3da311eaef879332d5ba5cc47e81291954c7477644677669a,2024-04-15T10:42:01.283000,sent,kaspa:qza5qwzhwmwhq9xz4c5pzqqf73zpn0s4cyny79njw6hdy5kr2n32zx6z4s6hq,9979900000000,
aba6c308b945506fc38c298af8c454ea93658875c993a4884bff4d93c880944d,2024-04-15T10:41:24.726000,received,kaspa:qq9zagcza4jt76eev9jl5z0nqhe0thcu7js8larktj4sle7lvgnw7sfcewlty,9979923927714,
ea3aac47d9b96a88d2c0bd844e6c108f60053c223a2123a3d251a0f23b6449ab,2024-04-15T10:38:58.030000,sent,kaspa:qzkhapvag3wqml4rceuee7yjcf4acsaczkthu8738lfau7vvst6av6lxlkpaz,9979900000000,
ea3aac47d9b96a88d2c0bd844e6c108f60053c223a2123a3d251a0f23b6449ab,2024-04-15T10:38:58.030000,sent,kaspa:qzkhapvag3wqml4rceuee7yjcf4acsaczkthu8738lfau7vvst6av6lxlkpaz,9979900000000,
6858264776ab6ed3d3fb1f9d881d5834a09a432a37768478b9c53fea78c61896,2024-04-15T10:38:11.226000,received,kaspa:qq9zagcza4jt76eev9jl5z0nqhe0thcu7js8larktj4sle7lvgnw7sfcewlty,9979923787321,
c7d0d495a79347c339c56670b3d9fbf6825239eeb4da3018c79f9927851e7f34,2024-04-15T10:32:05.181000,sent,kaspa:qza5qwzhwmwhq9xz4c5pzqqf73zpn0s4cyny79njw6hdy5kr2n32zx6z4s6hq,9980200000000,
c7d0d495a79347c339c56670b3d9fbf6825239eeb4da3018c79f9927851e7f34,2024-04-15T10:32:05.181000,sent,kaspa:qza5qwzhwmwhq9xz4c5pzqqf73zpn0s4cyny79njw6hdy5kr2n32zx6z4s6hq,9980200000000,
80d6ce25625d5487bf2b8f5a4646c814f4accbbe1d477865b8e3b2766cb7847c,2024-04-15T10:31:24.314000,received,kaspa:qq9zagcza4jt76eev9jl5z0nqhe0thcu7js8larktj4sle7lvgnw7sfcewlty,9979922947087,
052871525c42bcde54dd3bafcceb13636d6a105453aef44b95d3ca74c39908a9,2024-04-15T10:08:57.857000,sent,kaspa:qza5qwzhwmwhq9xz4c5pzqqf73zpn0s4cyny79njw6hdy5kr2n32zx6z4s6hq,500000000,
c160d610886481a1ee30dea2e79a8d1592a26a00ce18a83b6eace323c591adeb,2024-04-15T09:48:12.407000,sent,kaspa:qzkhapvag3wqml4rceuee7yjcf4acsaczkthu8738lfau7vvst6av6lxlkpaz,99000000000,
c160d610886481a1ee30dea2e79a8d1592a26a00ce18a83b6eace323c591adeb,2024-04-15T09:48:12.407000,sent,kaspa:qzkhapvag3wqml4rceuee7yjcf4acsaczkthu8738lfau7vvst6av6lxlkpaz,99000000000,
4cce608f5b6efbff16264ccb8f0b8c508c6c648a3ea0d7c9ce5ed29f7fefa35c,2024-04-15T09:47:37.089000,received,kaspa:qq9zagcza4jt76eev9jl5z0nqhe0thcu7js8larktj4sle7lvgnw7sfcewlty,99725305175,
9293658b3736602f928d17bac74d750401760782f8008525a0baae50b5b0a75e,2024-04-15T00:56:06.926000,sent,kaspa:qq450vwjr7u77cu758apwd5sfvx0z0x0qs69dudl49fsryhgrxtyw68ep3d60,20321400000000,
9293658b3736602f928d17bac74d750401760782f8008525a0baae50b5b0a75e,2024-04-15T00:56:06.926000,sent,kaspa:qq450vwjr7u77cu758apwd5sfvx0z0x0qs69dudl49fsryhgrxtyw68ep3d60,20321400000000,
4126f81316afb85a81478b7f118120573be2a174f8833373a173700eb90bcded,2024-04-15T00:55:34.914000,received,kaspa:qq9zagcza4jt76eev9jl5z0nqhe0thcu7js8larktj4sle7lvgnw7sfcewlty,20321466623609,
05029ce7c6a60604349c97b543dd64caa4492318d4011d42d2f967ddb859c379,2024-04-14T08:32:05.446000,sent,kaspa:qq450vwjr7u77cu758apwd5sfvx0z0x0qs69dudl49fsryhgrxtyw68ep3d60,12439500000000,
05029ce7c6a60604349c97b543dd64caa4492318d4011d42d2f967ddb859c379,2024-04-14T08:32:05.446000,sent,kaspa:qq450vwjr7u77cu758apwd5sfvx0z0x0qs69dudl49fsryhgrxtyw68ep3d60,12439500000000,
274dbef4ec2f4a6a45ff67ecfc663e79069c90115039a7e006698ca2aceb0110,2024-04-14T08:31:24.463000,received,kaspa:qq9zagcza4jt76eev9jl5z0nqhe0thcu7js8larktj4sle7lvgnw7sfcewlty,12439457445666,
66cc7c15a95aa82cb1c416834b3c365a6f36e15f31d8e447a84f3e06d7714b23,2024-04-14T08:19:18.154000,sent,kaspa:qq450vwjr7u77cu758apwd5sfvx0z0x0qs69dudl49fsryhgrxtyw68ep3d60,29008800000000,
66cc7c15a95aa82cb1c416834b3c365a6f36e15f31d8e447a84f3e06d7714b23,2024-04-14T08:19:18.154000,sent,kaspa:qq450vwjr7u77cu758apwd5sfvx0z0x0qs69dudl49fsryhgrxtyw68ep3d60,29008800000000,
49e317c3cc040e7477040f403e2925c33aafb7f8138618c330e0faef56266fea,2024-04-14T08:18:01.615000,received,kaspa:qq9zagcza4jt76eev9jl5z0nqhe0thcu7js8larktj4sle7lvgnw7sfcewlty,29008805455431,
49e317c3cc040e7477040f403e2925c33aafb7f8138618c330e0faef56266fea,2024-04-14T08:18:01.615000,received,kaspa:qq9zagcza4jt76eev9jl5z0nqhe0thcu7js8larktj4sle7lvgnw7sfcewlty,29008805455431,
f758591cfcf71f89c04846dc94056fab80d9405fbf369eed38547be3b0b1f223,2024-04-13T09:55:55.725000,sent,kaspa:qq450vwjr7u77cu758apwd5sfvx0z0x0qs69dudl49fsryhgrxtyw68ep3d60,15216000000000,
f758591cfcf71f89c04846dc94056fab80d9405fbf369eed38547be3b0b1f223,2024-04-13T09:55:55.725000,sent,kaspa:qq450vwjr7u77cu758apwd5sfvx0z0x0qs69dudl49fsryhgrxtyw68ep3d60,15216000000000,
4a6123b14a67a2cbd8ab2f15da8c82c0db1600890865351493560c1bf9c790f8,2024-04-13T09:55:13.273000,received,kaspa:qq9zagcza4jt76eev9jl5z0nqhe0thcu7js8larktj4sle7lvgnw7sfcewlty,15215993397445,
e9f878728bd8386221ca58ed6c16e1a007c33c7405a21dfd2f91c831805a44af,2024-04-13T09:28:00.838000,sent,kaspa:qq450vwjr7u77cu758apwd5sfvx0z0x0qs69dudl49fsryhgrxtyw68ep3d60,15779200000000,
e9f878728bd8386221ca58ed6c16e1a007c33c7405a21dfd2f91c831805a44af,2024-04-13T09:28:00.838000,sent,kaspa:qq450vwjr7u77cu758apwd5sfvx0z0x0qs69dudl49fsryhgrxtyw68ep3d60,15779200000000,
ffb3ea5b2449a970a539c284cac1b8188e9c09f0def521f6cd5cf9b5abcc5ddb,2024-04-13T09:27:18.287000,received,kaspa:qq9zagcza4jt76eev9jl5z0nqhe0thcu7js8larktj4sle7lvgnw7sfcewlty,15779204692049,
9f2976ab7b455e97a1d139c64e7775bd950807d09fd17f5ca14d5fef857a68e9,2024-04-12T19:42:42.004000,sent,kaspa:qq9zagcza4jt76eev9jl5z0nqhe0thcu7js8larktj4sle7lvgnw7sfcewlty,26215700000000,
9f2976ab7b455e97a1d139c64e7775bd950807d09fd17f5ca14d5fef857a68e9,2024-04-12T19:42:42.004000,sent,kaspa:qq9zagcza4jt76eev9jl5z0nqhe0thcu7js8larktj4sle7lvgnw7sfcewlty,26215700000000,
6868c3faf7fb712841f31c96ff2599d7c0ba70f7018373131d838acf2e3a93d8,2024-04-12T19:42:04.571000,received,kaspa:qpzpfwcsqsxhxwup26r55fd0ghqlhyugz8cp6y3wxuddc02vcxtjg75pspnwz,26215724000000,MEXC
6868c3faf7fb712841f31c96ff2599d7c0ba70f7018373131d838acf2e3a93d8,2024-04-12T19:42:04.571000,received,kaspa:qpzpfwcsqsxhxwup26r55fd0ghqlhyugz8cp6y3wxuddc02vcxtjg75pspnwz,26215724000000,MEXC
6868c3faf7fb712841f31c96ff2599d7c0ba70f7018373131d838acf2e3a93d8,2024-04-12T19:42:04.571000,received,kaspa:qpzpfwcsqsxhxwup26r55fd0ghqlhyugz8cp6y3wxuddc02vcxtjg75pspnwz,26215724000000,MEXC
6868c3faf7fb712841f31c96ff2599d7c0ba70f7018373131d838acf2e3a93d8,2024-04-12T19:42:04.571000,received,kaspa:qpzpfwcsqsxhxwup26r55fd0ghqlhyugz8cp6y3wxuddc02vcxtjg75pspnwz,26215724000000,MEXC
6868c3faf7fb712841f31c96ff2599d7c0ba70f7018373131d838acf2e3a93d8,2024-04-12T19:42:04.571000,received,kaspa:qpzpfwcsqsxhxwup26r55fd0ghqlhyugz8cp6y3wxuddc02vcxtjg75pspnwz,26215724000000,MEXC
6868c3faf7fb712841f31c96ff2599d7c0ba70f7018373131d838acf2e3a93d8,2024-04-12T19:42:04.571000,received,kaspa:qpzpfwcsqsxhxwup26r55fd0ghqlhyugz8cp6y3wxuddc02vcxtjg75pspnwz,26215724000000,MEXC
6868c3faf7fb712841f31c96ff2599d7c0ba70f7018373131d838acf2e3a93d8,2024-04-12T19:42:04.571000,received,kaspa:qpzpfwcsqsxhxwup26r55fd0ghqlhyugz8cp6y3wxuddc02vcxtjg75pspnwz,26215724000000,MEXC
6868c3faf7fb712841f31c96ff2599d7c0ba70f7018373131d838acf2e3a93d8,2024-04-12T19:42:04.571000,received,kaspa:qpzpfwcsqsxhxwup26r55fd0ghqlhyugz8cp6y3wxuddc02vcxtjg75pspnwz,26215724000000,MEXC
6868c3faf7fb712841f31c96ff2599d7c0ba70f7018373131d838acf2e3a93d8,2024-04-12T19:42:04.571000,received,kaspa:qpzpfwcsqsxhxwup26r55fd0ghqlhyugz8cp6y3wxuddc02vcxtjg75pspnwz,26215724000000,MEXC
6868c3faf7fb712841f31c96ff2599d7c0ba70f7018373131d838acf2e3a93d8,2024-04-12T19:42:04.571000,received,kaspa:qpzpfwcsqsxhxwup26r55fd0ghqlhyugz8cp6y3wxuddc02vcxtjg75pspnwz,26215724000000,MEXC
6868c3faf7fb712841f31c96ff2599d7c0ba70f7018373131d838acf2e3a93d8,2024-04-12T19:42:04.571000,received,kaspa:qpzpfwcsqsxhxwup26r55fd0ghqlhyugz8cp6y3wxuddc02vcxtjg75pspnwz,26215724000000,MEXC
6868c3faf7fb712841f31c96ff2599d7c0ba70f7018373131d838acf2e3a93d8,2024-04-12T19:42:04.571000,received,kaspa:qpzpfwcsqsxhxwup26r55fd0ghqlhyugz8cp6y3wxuddc02vcxtjg75pspnwz,26215724000000,MEXC
6868c3faf7fb712841f31c96ff2599d7c0ba70f7018373131d838acf2e3a93d8,2024-04-12T19:42:04.571000,received,kaspa:qpzpfwcsqsxhxwup26r55fd0ghqlhyugz8cp6y3wxuddc02vcxtjg75pspnwz,26215724000000,MEXC
6868c3faf7fb712841f31c96ff2599d7c0ba70f7018373131d838acf2e3a93d8,2024-04-12T19:42:04.571000,received,kaspa:qpzpfwcsqsxhxwup26r55fd0ghqlhyugz8cp6y3wxuddc02vcxtjg75pspnwz,26215724000000,MEXC
6a3a7bebd5079e84f4522f67eef25f2ed9886c7eb5776570659353a364d3d3c5,2024-04-12T19:00:43.961000,sent,kaspa:qq9zagcza4jt76eev9jl5z0nqhe0thcu7js8larktj4sle7lvgnw7sfcewlty,11462400000000,
6a3a7bebd5079e84f4522f67eef25f2ed9886c7eb5776570659353a364d3d3c5,2024-04-12T19:00:43.961000,sent,kaspa:qq9zagcza4jt76eev9jl5z0nqhe0thcu7js8larktj4sle7lvgnw7sfcewlty,11462400000000,
6a3a7bebd5079e84f4522f67eef25f2ed9886c7eb5776570659353a364d3d3c5,2024-04-12T19:00:43.961000,sent,kaspa:qq9zagcza4jt76eev9jl5z0nqhe0thcu7js8larktj4sle7lvgnw7sfcewlty,11462400000000,
629be10e72ae8e1768a641a95b47e8c62257a7ea3c789271aac081276e0d2d31,2024-04-12T18:59:06.820000,received,kaspa:qpzpfwcsqsxhxwup26r55fd0ghqlhyugz8cp6y3wxuddc02vcxtjg75pspnwz,4805365000000,MEXC
629be10e72ae8e1768a641a95b47e8c62257a7ea3c789271aac081276e0d2d31,2024-04-12T18:59:06.820000,received,kaspa:qpzpfwcsqsxhxwup26r55fd0ghqlhyugz8cp6y3wxuddc02vcxtjg75pspnwz,4805365000000,MEXC
629be10e72ae8e1768a641a95b47e8c62257a7ea3c789271aac081276e0d2d31,2024-04-12T18:59:06.820000,received,kaspa:qpzpfwcsqsxhxwup26r55fd0ghqlhyugz8cp6y3wxuddc02vcxtjg75pspnwz,4805365000000,MEXC
66da454586d0200313c7e7eef1d7faeedbd27b99073418c4d5ecf3b83a90aa75,2024-04-12T18:54:03.034000,received,kaspa:qqetp7ct8kqss99fxmymyz5t3fezppxp0t58wl6pawp27elqd46uudme00cl0,6656960000000,
66da454586d0200313c7e7eef1d7faeedbd27b99073418c4d5ecf3b83a90aa75,2024-04-12T18:54:03.034000,received,kaspa:qpzpfwcsqsxhxwup26r55fd0ghqlhyugz8cp6y3wxuddc02vcxtjg75pspnwz,6656960000000,MEXC
c11bb85211f5f5085a22abc577f867ac6576e7213a7ade7293e30c25e1226b82,2024-04-12T00:54:08.018000,sent,kaspa:qq450vwjr7u77cu758apwd5sfvx0z0x0qs69dudl49fsryhgrxtyw68ep3d60,16862200000000,
c11bb85211f5f5085a22abc577f867ac6576e7213a7ade7293e30c25e1226b82,2024-04-12T00:54:08.018000,sent,kaspa:qq450vwjr7u77cu758apwd5sfvx0z0x0qs69dudl49fsryhgrxtyw68ep3d60,16862200000000,
1832c1759db6e10ae1c801a58b56938878f4fdf63e4d34ea7a7a3890a4d73c4c,2024-04-12T00:53:42.670000,received,kaspa:qq9zagcza4jt76eev9jl5z0nqhe0thcu7js8larktj4sle7lvgnw7sfcewlty,16862220265594,
1832c1759db6e10ae1c801a58b56938878f4fdf63e4d34ea7a7a3890a4d73c4c,2024-04-12T00:53:42.670000,received,kaspa:qq9zagcza4jt76eev9jl5z0nqhe0thcu7js8larktj4sle7lvgnw7sfcewlty,16862220265594,
6b5a21c5db10498ef0cd7ed4e2b891dfa018360bb78e910c36c22d5d1afdfb67,2024-04-12T00:14:07.354000,sent,kaspa:qq450vwjr7u77cu758apwd5sfvx0z0x0qs69dudl49fsryhgrxtyw68ep3d60,16901400000000,
6b5a21c5db10498ef0cd7ed4e2b891dfa018360bb78e910c36c22d5d1afdfb67,2024-04-12T00:14:07.354000,sent,kaspa:qq450vwjr7u77cu758apwd5sfvx0z0x0qs69dudl49fsryhgrxtyw68ep3d60,16901400000000,
8c497a734e2873e92e5ef0f3ea64129d58ce470550dd6f32f207c588686a5164,2024-04-12T00:13:35.601000,received,kaspa:qq9zagcza4jt76eev9jl5z0nqhe0thcu7js8larktj4sle7lvgnw7sfcewlty,16901379683607,
f1d0c68083269535c5a592996872a3b344144fb2ec9fc2a56b922f5f3917ed62,2024-04-11T22:31:54.610000,sent,kaspa:qq450vwjr7u77cu758apwd5sfvx0z0x0qs69dudl49fsryhgrxtyw68ep3d60,17765200000000,
f1d0c68083269535c5a592996872a3b344144fb2ec9fc2a56b922f5f3917ed62,2024-04-11T22:31:54.610000,sent,kaspa:qq450vwjr7u77cu758apwd5sfvx0z0x0qs69dudl49fsryhgrxtyw68ep3d60,17765200000000,
7f23092e411684bdb7e064a98231823aa0c3bf4ea5d9e7b580bf12270cb7acca,2024-04-11T22:31:13.918000,received,kaspa:qq9zagcza4jt76eev9jl5z0nqhe0thcu7js8larktj4sle7lvgnw7sfcewlty,17765195204463,
a4b2399ee8d3cd1d1af0b879e98d906a30b462c471b311b39d2d35d262e5d94c,2024-04-11T22:29:32.946000,sent,kaspa:qq450vwjr7u77cu758apwd5sfvx0z0x0qs69dudl49fsryhgrxtyw68ep3d60,15967900000000,
a4b2399ee8d3cd1d1af0b879e98d906a30b462c471b311b39d2d35d262e5d94c,2024-04-11T22:29:32.946000,sent,kaspa:qq450vwjr7u77cu758apwd5sfvx0z0x0qs69dudl49fsryhgrxtyw68ep3d60,15967900000000,
e9532d769f121f0a6bee6e3136a4bbf1db2535bcdd5cc720742276d441c19512,2024-04-11T22:28:55.549000,received,kaspa:qq9zagcza4jt76eev9jl5z0nqhe0thcu7js8larktj4sle7lvgnw7sfcewlty,15967930868180,
21068d5b4189f0a8dfc574c6eb820e781cae4018949309ceda0917d21f366d6c,2024-04-11T13:04:55.321000,sent,kaspa:qq450vwjr7u77cu758apwd5sfvx0z0x0qs69dudl49fsryhgrxtyw68ep3d60,16569700000000,
21068d5b4189f0a8dfc574c6eb820e781cae4018949309ceda0917d21f366d6c,2024-04-11T13:04:55.321000,sent,kaspa:qq450vwjr7u77cu758apwd5sfvx0z0x0qs69dudl49fsryhgrxtyw68ep3d60,16569700000000,
5c7cc2d377dcb62d8824fe248f124b9dd8d05921eeed24e850ec3929b7bfc129,2024-04-11T13:04:16.674000,received,kaspa:qq9zagcza4jt76eev9jl5z0nqhe0thcu7js8larktj4sle7lvgnw7sfcewlty,16569748061407,
a45e7781b947b14a1530db0328046858cd6f327b6caeddd5c214119175bab5ee,2024-04-10T19:43:59.837000,sent,kaspa:qq450vwjr7u77cu758apwd5sfvx0z0x0qs69dudl49fsryhgrxtyw68ep3d60,8557000000000,
a45e7781b947b14a1530db0328046858cd6f327b6caeddd5c214119175bab5ee,2024-04-10T19:43:59.837000,sent,kaspa:qq450vwjr7u77cu758apwd5sfvx0z0x0qs69dudl49fsryhgrxtyw68ep3d60,8557000000000,
4b81ef203278a054c793873ec01d273be3c53d87f530ef47482ba270b4e13961,2024-04-10T19:42:50.106000,received,kaspa:qq9zagcza4jt76eev9jl5z0nqhe0thcu7js8larktj4sle7lvgnw7sfcewlty,8556981123190,
2842552b13b831718ca8ed5ff9622e7738b5fd2189723ae88cf34d69d08a17cb,2024-04-10T17:50:37.209000,sent,kaspa:qq450vwjr7u77cu758apwd5sfvx0z0x0qs69dudl49fsryhgrxtyw68ep3d60,15273700000000,
2842552b13b831718ca8ed5ff9622e7738b5fd2189723ae88cf34d69d08a17cb,2024-04-10T17:50:37.209000,sent,kaspa:qq450vwjr7u77cu758apwd5sfvx0z0x0qs69dudl49fsryhgrxtyw68ep3d60,15273700000000,
76df8823541af76002e5cdf8b2442f50e2ddbce446086b1a3956af51e0affcb0,2024-04-10T17:49:40.431000,received,kaspa:qq9zagcza4jt76eev9jl5z0nqhe0thcu7js8larktj4sle7lvgnw7sfcewlty,15273719637014,
14245711a89bcbb2a7efd87d21b2b3b6b6c2ce87228fb1575db0cf37044f9ed9,2024-04-09T06:39:25.431000,sent,kaspa:qq9zagcza4jt76eev9jl5z0nqhe0thcu7js8larktj4sle7lvgnw7sfcewlty,16788000000000,
14245711a89bcbb2a7efd87d21b2b3b6b6c2ce87228fb1575db0cf37044f9ed9,2024-04-09T06:39:25.431000,sent,kaspa:qq9zagcza4jt76eev9jl5z0nqhe0thcu7js8larktj4sle7lvgnw7sfcewlty,16788000000000,
d0e68efdaf388aa2242d4f21654afdf8f5563dd3170d57dc6c04a763e57d4082,2024-04-09T06:38:03.800000,received,kaspa:qqetp7ct8kqss99fxmymyz5t3fezppxp0t58wl6pawp27elqd46uudme00cl0,16787992000000,
d0e68efdaf388aa2242d4f21654afdf8f5563dd3170d57dc6c04a763e57d4082,2024-04-09T06:38:03.800000,received,kaspa:qpzpfwcsqsxhxwup26r55fd0ghqlhyugz8cp6y3wxuddc02vcxtjg75pspnwz,16787992000000,MEXC
5299490f28624f1ace1626dc7cf079ea93728dbf758ef1bf9f18093063f8cb94,2024-04-08T12:55:54.706000,sent,kaspa:qq9zagcza4jt76eev9jl5z0nqhe0thcu7js8larktj4sle7lvgnw7sfcewlty,16143300000000,
5299490f28624f1ace1626dc7cf079ea93728dbf758ef1bf9f18093063f8cb94,2024-04-08T12:55:54.706000,sent,kaspa:qq9zagcza4jt76eev9jl5z0nqhe0thcu7js8larktj4sle7lvgnw7sfcewlty,16143300000000,
de83d12653d3b3f141a2080a26dcc2477de050c0168483bb47ffcf630e9b6e2c,2024-04-08T12:54:02.329000,received,kaspa:qqetp7ct8kqss99fxmymyz5t3fezppxp0t58wl6pawp27elqd46uudme00cl0,16143237000000,
de83d12653d3b3f141a2080a26dcc2477de050c0168483bb47ffcf630e9b6e2c,2024-04-08T12:54:02.329000,received,kaspa:qpzpfwcsqsxhxwup26r55fd0ghqlhyugz8cp6y3wxuddc02vcxtjg75pspnwz,16143237000000,MEXC
773e95a22b94f003a367e33dd8d84f59d6be7db9f148d747543066925434e146,2024-04-08T08:20:39.884000,sent,kaspa:qq9zagcza4jt76eev9jl5z0nqhe0thcu7js8larktj4sle7lvgnw7sfcewlty,15648900000000,
773e95a22b94f003a367e33dd8d84f59d6be7db9f148d747543066925434e146,2024-04-08T08:20:39.884000,sent,kaspa:qq9zagcza4jt76eev9jl5z0nqhe0thcu7js8larktj4sle7lvgnw7sfcewlty,15648900000000,
773e95a22b94f003a367e33dd8d84f59d6be7db9f148d747543066925434e146,2024-04-08T08:20:39.884000,sent,kaspa:qq9zagcza4jt76eev9jl5z0nqhe0thcu7js8larktj4sle7lvgnw7sfcewlty,15648900000000,
f447009a2fc66cf5b3082093d49bebc1536a5271fd19b34d31b00e3c076238bd,2024-04-08T08:20:02.653000,received,kaspa:qqetp7ct8kqss99fxmymyz5t3fezppxp0t58wl6pawp27elqd46uudme00cl0,10516476000000,
f447009a2fc66cf5b3082093d49bebc1536a5271fd19b34d31b00e3c076238bd,2024-04-08T08:20:02.653000,received,kaspa:qqetp7ct8kqss99fxmymyz5t3fezppxp0t58wl6pawp27elqd46uudme00cl0,10516476000000,
3cc527358708a73c591aeb41f411d0068e0ac2eb17b4251b1ada1affd26854e0,2024-04-08T08:18:01.890000,received,kaspa:qqetp7ct8kqss99fxmymyz5t3fezppxp0t58wl6pawp27elqd46uudme00cl0,5132462000000,
3cc527358708a73c591aeb41f411d0068e0ac2eb17b4251b1ada1affd26854e0,2024-04-08T08:18:01.890000,received,kaspa:qpzpfwcsqsxhxwup26r55fd0ghqlhyugz8cp6y3wxuddc02vcxtjg75pspnwz,5132462000000,MEXC
929f46dc197b0941c69b2d61c7ca22611ddbe20dc10bde2b4a89e396625b7d32,2024-04-06T23:02:37.477000,sent,kaspa:qq450vwjr7u77cu758apwd5sfvx0z0x0qs69dudl49fsryhgrxtyw68ep3d60,14969900000000,
929f46dc197b0941c69b2d61c7ca22611ddbe20dc10bde2b4a89e396625b7d32,2024-04-06T23:02:37.477000,sent,kaspa:qq450vwjr7u77cu758apwd5sfvx0z0x0qs69dudl49fsryhgrxtyw68ep3d60,14969900000000,
28e2b62a2b6fb2db6706f74d7b2aee7cdef5b172cff2d6db5887437b0271b9ab,2024-04-06T23:02:05.353000,received,kaspa:qq9zagcza4jt76eev9jl5z0nqhe0thcu7js8larktj4sle7lvgnw7sfcewlty,14969931234781,
8974f27f012fdce4c9e2eb1f0983b92cf3c2f977e20cddef34b127f4d0e32372,2024-04-06T22:38:58.149000,sent,kaspa:qq450vwjr7u77cu758apwd5sfvx0z0x0qs69dudl49fsryhgrxtyw68ep3d60,14970000000000,
8974f27f012fdce4c9e2eb1f0983b92cf3c2f977e20cddef34b127f4d0e32372,2024-04-06T22:38:58.149000,sent,kaspa:qq450vwjr7u77cu758apwd5sfvx0z0x0qs69dudl49fsryhgrxtyw68ep3d60,14970000000000,
ed4153284d1922088a263f94ebeaa6f9f92f8f9ad2758e3b87d13823ea4c064c,2024-04-06T22:38:23.323000,received,kaspa:qq9zagcza4jt76eev9jl5z0nqhe0thcu7js8larktj4sle7lvgnw7sfcewlty,14969929385264,
f8b1c4c77692b491791aa57ad5975068c804e75987ab01e4651a4cdfa014fb4b,2024-04-06T22:30:18.258000,sent,kaspa:qq450vwjr7u77cu758apwd5sfvx0z0x0qs69dudl49fsryhgrxtyw68ep3d60,14969900000000,
f8b1c4c77692b491791aa57ad5975068c804e75987ab01e4651a4cdfa014fb4b,2024-04-06T22:30:18.258000,sent,kaspa:qq450vwjr7u77cu758apwd5sfvx0z0x0qs69dudl49fsryhgrxtyw68ep3d60,14969900000000,
b12f3ce1e082d2da7db0a74b7fd89d4896fa1ffa871532b176f3e2a7704e79a7,2024-04-06T22:29:27.781000,received,kaspa:qq9zagcza4jt76eev9jl5z0nqhe0thcu7js8larktj4sle7lvgnw7sfcewlty,14969929290286,
b12f3ce1e082d2da7db0a74b7fd89d4896fa1ffa871532b176f3e2a7704e79a7,2024-04-06T22:29:27.781000,received,kaspa:qq9zagcza4jt76eev9jl5z0nqhe0thcu7js8larktj4sle7lvgnw7sfcewlty,14969929290286,
093ddd2280a99ebef6011d4f6da299753067c7f226aeb3eeecb3cfe5d4d6fdd5,2024-04-06T18:08:54.237000,sent,kaspa:qq450vwjr7u77cu758apwd5sfvx0z0x0qs69dudl49fsryhgrxtyw68ep3d60,14673900000000,
093ddd2280a99ebef6011d4f6da299753067c7f226aeb3eeecb3cfe5d4d6fdd5,2024-04-06T18:08:54.237000,sent,kaspa:qq450vwjr7u77cu758apwd5sfvx0z0x0qs69dudl49fsryhgrxtyw68ep3d60,14673900000000,
a20fe587adeffe0876e5a5f5f95ac3389b9db771d54c65a73b84d7281b28153d,2024-04-06T18:08:22.163000,received,kaspa:qq9zagcza4jt76eev9jl5z0nqhe0thcu7js8larktj4sle7lvgnw7sfcewlty,14673868813775,
a20fe587adeffe0876e5a5f5f95ac3389b9db771d54c65a73b84d7281b28153d,2024-04-06T18:08:22.163000,received,kaspa:qq9zagcza4jt76eev9jl5z0nqhe0thcu7js8larktj4sle7lvgnw7sfcewlty,14673868813775,
a20fe587adeffe0876e5a5f5f95ac3389b9db771d54c65a73b84d7281b28153d,2024-04-06T18:08:22.163000,received,kaspa:qq9zagcza4jt76eev9jl5z0nqhe0thcu7js8larktj4sle7lvgnw7sfcewlty,14673868813775,
a20fe587adeffe0876e5a5f5f95ac3389b9db771d54c65a73b84d7281b28153d,2024-04-06T18:08:22.163000,received,kaspa:qq9zagcza4jt76eev9jl5z0nqhe0thcu7js8larktj4sle7lvgnw7sfcewlty,14673868813775,
a20fe587adeffe0876e5a5f5f95ac3389b9db771d54c65a73b84d7281b28153d,2024-04-06T18:08:22.163000,received,kaspa:qq9zagcza4jt76eev9jl5z0nqhe0thcu7js8larktj4sle7lvgnw7sfcewlty,14673868813775,
a20fe587adeffe0876e5a5f5f95ac3389b9db771d54c65a73b84d7281b28153d,2024-04-06T18:08:22.163000,received,kaspa:qq9zagcza4jt76eev9jl5z0nqhe0thcu7js8larktj4sle7lvgnw7sfcewlty,14673868813775,
a20fe587adeffe0876e5a5f5f95ac3389b9db771d54c65a73b84d7281b28153d,2024-04-06T18:08:22.163000,received,kaspa:qq9zagcza4jt76eev9jl5z0nqhe0thcu7js8larktj4sle7lvgnw7sfcewlty,14673868813775,
a20fe587adeffe0876e5a5f5f95ac3389b9db771d54c65a73b84d7281b28153d,2024-04-06T18:08:22.163000,received,kaspa:qq9zagcza4jt76eev9jl5z0nqhe0thcu7js8larktj4sle7lvgnw7sfcewlty,14673868813775,
a20fe587adeffe0876e5a5f5f95ac3389b9db771d54c65a73b84d7281b28153d,2024-04-06T18:08:22.163000,received,kaspa:qq9zagcza4jt76eev9jl5z0nqhe0thcu7js8larktj4sle7lvgnw7sfcewlty,14673868813775,
a20fe587adeffe0876e5a5f5f95ac3389b9db771d54c65a73b84d7281b28153d,2024-04-06T18:08:22.163000,received,kaspa:qq9zagcza4jt76eev9jl5z0nqhe0thcu7js8larktj4sle7lvgnw7sfcewlty,14673868813775,
f4c4d8f59f41233b07681976eadaf1b363ae6a9e59f731b040f61f189942c5fd,2024-04-05T01:04:37.283000,sent,kaspa:qq450vwjr7u77cu758apwd5sfvx0z0x0qs69dudl49fsryhgrxtyw68ep3d60,13872100000000,
f4c4d8f59f41233b07681976eadaf1b363ae6a9e59f731b040f61f189942c5fd,2024-04-05T01:04:37.283000,sent,kaspa:qq450vwjr7u77cu758apwd5sfvx0z0x0qs69dudl49fsryhgrxtyw68ep3d60,13872100000000,
2576caf71f06844b36acd01d03eda0876b597817db7b39cb4f63b26af5bd6842,2024-04-05T01:04:01.177000,received,kaspa:qq9zagcza4jt76eev9jl5z0nqhe0thcu7js8larktj4sle7lvgnw7sfcewlty,13872125272790,
8da3fa0ff805c95b049af9e66cafec5a43e5c2cb614df7c4d81cb981f1b4d3b2,2024-04-05T00:41:07.590000,sent,kaspa:qq450vwjr7u77cu758apwd5sfvx0z0x0qs69dudl49fsryhgrxtyw68ep3d60,13973400000000,
8da3fa0ff805c95b049af9e66cafec5a43e5c2cb614df7c4d81cb981f1b4d3b2,2024-04-05T00:41:07.590000,sent,kaspa:qq450vwjr7u77cu758apwd5sfvx0z0x0qs69dudl49fsryhgrxtyw68ep3d60,13973400000000,
8da3fa0ff805c95b049af9e66cafec5a43e5c2cb614df7c4d81cb981f1b4d3b2,2024-04-05T00:41:07.590000,sent,kaspa:qq450vwjr7u77cu758apwd5sfvx0z0x0qs69dudl49fsryhgrxtyw68ep3d60,13973400000000,
8da3fa0ff805c95b049af9e66cafec5a43e5c2cb614df7c4d81cb981f1b4d3b2,2024-04-05T00:41:07.590000,sent,kaspa:qq450vwjr7u77cu758apwd5sfvx0z0x0qs69dudl49fsryhgrxtyw68ep3d60,13973400000000,
0b73b8d867cd4f5717b8d07052e6d0aa37f30d1eb7b1910cca77369bdc6ddbb4,2024-04-05T00:40:16.637000,received,kaspa:qq9zagcza4jt76eev9jl5z0nqhe0thcu7js8larktj4sle7lvgnw7sfcewlty,13971924491591,
fe5c9696d585503211b40999202ce636c437d05c2719f711a401050e8adb17e4,2024-04-03T16:23:36.796000,received,kaspa:qpkw65af0wac37eyte9urs0dg5qtmrkhcfc286n6veceyw0tv8rwyf384amz2,500000000,
485fb6a45f8d7d6df934b57b92166d90ebe786eee445e9d95775325ef7c92453,2024-04-03T16:21:09.969000,received,kaspa:qpkw65af0wac37eyte9urs0dg5qtmrkhcfc286n6veceyw0tv8rwyf384amz2,1000000000,
485fb6a45f8d7d6df934b57b92166d90ebe786eee445e9d95775325ef7c92453,2024-04-03T16:21:09.969000,received,kaspa:qpkw65af0wac37eyte9urs0dg5qtmrkhcfc286n6veceyw0tv8rwyf384amz2,1000000000,
d5a1576b99550bf33f2f7b32ab835b9c4c3739ea4ac0d3722f566ea54e3d2549,2024-04-02T19:12:27.663000,sent,kaspa:qq450vwjr7u77cu758apwd5sfvx0z0x0qs69dudl49fsryhgrxtyw68ep3d60,12175550000000,
d5a1576b99550bf33f2f7b32ab835b9c4c3739ea4ac0d3722f566ea54e3d2549,2024-04-02T19:12:27.663000,sent,kaspa:qq450vwjr7u77cu758apwd5sfvx0z0x0qs69dudl49fsryhgrxtyw68ep3d60,12175550000000,
d9c5a3b4b97993c3fd2ff25bec97e05f5f2acfd1b559c03d9c8cda70b422ec45,2024-04-02T19:11:52.385000,received,kaspa:qq9zagcza4jt76eev9jl5z0nqhe0thcu7js8larktj4sle7lvgnw7sfcewlty,12175523696661,
d456e720f95e2ae53e5c431c4d0a36c10e4d2761e5b66777ac9ce6698b1b2d9b,2024-04-02T17:05:14.875000,sent,kaspa:qq450vwjr7u77cu758apwd5sfvx0z0x0qs69dudl49fsryhgrxtyw68ep3d60,12973900000000,
d456e720f95e2ae53e5c431c4d0a36c10e4d2761e5b66777ac9ce6698b1b2d9b,2024-04-02T17:05:14.875000,sent,kaspa:qq450vwjr7u77cu758apwd5sfvx0z0x0qs69dudl49fsryhgrxtyw68ep3d60,12973900000000,
5d59dbae5da1216a05a86318b35adac9f647b8f04b23dc1f754bc8eccf4244c6,2024-04-02T17:04:16.464000,received,kaspa:qq9zagcza4jt76eev9jl5z0nqhe0thcu7js8larktj4sle7lvgnw7sfcewlty,12973924554258,
9220cdb574aebeef0e3c025cc03fcbdc9f6bc0f22e2ab1d0c0103816a55e5cca,2024-04-02T16:39:03.033000,sent,kaspa:qq450vwjr7u77cu758apwd5sfvx0z0x0qs69dudl49fsryhgrxtyw68ep3d60,12973900000000,
9220cdb574aebeef0e3c025cc03fcbdc9f6bc0f22e2ab1d0c0103816a55e5cca,2024-04-02T16:39:03.033000,sent,kaspa:qq450vwjr7u77cu758apwd5sfvx0z0x0qs69dudl49fsryhgrxtyw68ep3d60,12973900000000,
447d6edc4f6b7617111ef8cf12d103862526e9f9f767436f95d3a95c74d36fbb,2024-04-02T16:38:29.893000,received,kaspa:qq9zagcza4jt76eev9jl5z0nqhe0thcu7js8larktj4sle7lvgnw7sfcewlty,12973922413079,
5337a1834ad131bbb7a922c5d8fe743c58015fb4e4bc50f134e8450af8cd2d1d,2024-04-02T16:27:34.213000,sent,kaspa:qq450vwjr7u77cu758apwd5sfvx0z0x0qs69dudl49fsryhgrxtyw68ep3d60,12973900000000,
5337a1834ad131bbb7a922c5d8fe743c58015fb4e4bc50f134e8450af8cd2d1d,2024-04-02T16:27:34.213000,sent,kaspa:qq450vwjr7u77cu758apwd5sfvx0z0x0qs69dudl49fsryhgrxtyw68ep3d60,12973900000000,
184e3f742edb2ad6d026b08cb64b7c03a92bcab9be32866590b6ffa49e2ba965,2024-04-02T16:26:27.925000,received,kaspa:qq9zagcza4jt76eev9jl5z0nqhe0thcu7js8larktj4sle7lvgnw7sfcewlty,12973921045041,
184e3f742edb2ad6d026b08cb64b7c03a92bcab9be32866590b6ffa49e2ba965,2024-04-02T16:26:27.925000,received,kaspa:qq9zagcza4jt76eev9jl5z0nqhe0thcu7js8larktj4sle7lvgnw7sfcewlty,12973921045041,
184e3f742edb2ad6d026b08cb64b7c03a92bcab9be32866590b6ffa49e2ba965,2024-04-02T16:26:27.925000,received,kaspa:qq9zagcza4jt76eev9jl5z0nqhe0thcu7js8larktj4sle7lvgnw7sfcewlty,12973921045041,
cffb3b649a2d3771479ebc2e75e959b3159c890c2cbf7c64dde080bd18ee44ac,2024-04-01T01:51:46.346000,sent,kaspa:qq450vwjr7u77cu758apwd5sfvx0z0x0qs69dudl49fsryhgrxtyw68ep3d60,10822900000000,
cffb3b649a2d3771479ebc2e75e959b3159c890c2cbf7c64dde080bd18ee44ac,2024-04-01T01:51:46.346000,sent,kaspa:qq450vwjr7u77cu758apwd5sfvx0z0x0qs69dudl49fsryhgrxtyw68ep3d60,10822900000000,
00bdb0dd2773b648fb18eb9680b117dafadb700820fddc4bd3a1cace4a3d238f,2024-04-01T01:51:21.985000,received,kaspa:qq9zagcza4jt76eev9jl5z0nqhe0thcu7js8larktj4sle7lvgnw7sfcewlty,10822839965429,
0fcaf21122ddc09807e638c6e49f088b71f5adc91f530a74c725e386e9d22c2b,2024-04-01T01:20:08.049000,sent,kaspa:qq450vwjr7u77cu758apwd5sfvx0z0x0qs69dudl49fsryhgrxtyw68ep3d60,10701500000000,
0fcaf21122ddc09807e638c6e49f088b71f5adc91f530a74c725e386e9d22c2b,2024-04-01T01:20:08.049000,sent,kaspa:qq450vwjr7u77cu758apwd5sfvx0z0x0qs69dudl49fsryhgrxtyw68ep3d60,10701500000000,
71b9dfe3711d16f8ced0fbfbd496d3576f01788f87ae1cc65b72e1518f35b8bb,2024-04-01T01:18:15.605000,received,kaspa:qq9zagcza4jt76eev9jl5z0nqhe0thcu7js8larktj4sle7lvgnw7sfcewlty,10701482941463,
3fb9a49ec4cc1d5433771968d250e4d807bb069a534c9aa1468cc0f85a66335e,2024-04-01T00:51:11.903000,sent,kaspa:qq450vwjr7u77cu758apwd5sfvx0z0x0qs69dudl49fsryhgrxtyw68ep3d60,10727300000000,
3fb9a49ec4cc1d5433771968d250e4d807bb069a534c9aa1468cc0f85a66335e,2024-04-01T00:51:11.903000,sent,kaspa:qq450vwjr7u77cu758apwd5sfvx0z0x0qs69dudl49fsryhgrxtyw68ep3d60,10727300000000,
5ab4d46e84533ec8d02e40fe2a9a7f55deeac90c254a78edfe1e0435dd3c0421,2024-04-01T00:50:41.073000,received,kaspa:qq9zagcza4jt76eev9jl5z0nqhe0thcu7js8larktj4sle7lvgnw7sfcewlty,10727330903705,
6007d7ee17af3612b01a7595c44da4caa46cd278f7efc1c49da51ffa08b0b9a7,2024-04-01T00:42:12.570000,sent,kaspa:qq450vwjr7u77cu758apwd5sfvx0z0x0qs69dudl49fsryhgrxtyw68ep3d60,10748400000000,
6007d7ee17af3612b01a7595c44da4caa46cd278f7efc1c49da51ffa08b0b9a7,2024-04-01T00:42:12.570000,sent,kaspa:qq450vwjr7u77cu758apwd5sfvx0z0x0qs69dudl49fsryhgrxtyw68ep3d60,10748400000000,
5f35f90c3664bdc5bf334c6c4304c6f5207663af88e15ef5e6c1173b6d04c3e0,2024-04-01T00:41:37.779000,received,kaspa:qq9zagcza4jt76eev9jl5z0nqhe0thcu7js8larktj4sle7lvgnw7sfcewlty,10748388631415,
2729687d3aac3d733f3febf0dea08b2322f8cd640613c5af64892d24d2353fcf,2024-04-01T00:11:29.626000,sent,kaspa:qq450vwjr7u77cu758apwd5sfvx0z0x0qs69dudl49fsryhgrxtyw68ep3d60,10772400000000,
2729687d3aac3d733f3febf0dea08b2322f8cd640613c5af64892d24d2353fcf,2024-04-01T00:11:29.626000,sent,kaspa:qq450vwjr7u77cu758apwd5sfvx0z0x0qs69dudl49fsryhgrxtyw68ep3d60,10772400000000,
59670560747e601e39674f9c85f4b1adead2b5d453a270e59824dc3da2d950f1,2024-04-01T00:10:50.608000,received,kaspa:qq9zagcza4jt76eev9jl5z0nqhe0thcu7js8larktj4sle7lvgnw7sfcewlty,10772440752452,
59670560747e601e39674f9c85f4b1adead2b5d453a270e59824dc3da2d950f1,2024-04-01T00:10:50.608000,received,kaspa:qq9zagcza4jt76eev9jl5z0nqhe0thcu7js8larktj4sle7lvgnw7sfcewlty,10772440752452,
59670560747e601e39674f9c85f4b1adead2b5d453a270e59824dc3da2d950f1,2024-04-01T00:10:50.608000,received,kaspa:qq9zagcza4jt76eev9jl5z0nqhe0thcu7js8larktj4sle7lvgnw7sfcewlty,10772440752452,
59670560747e601e39674f9c85f4b1adead2b5d453a270e59824dc3da2d950f1,2024-04-01T00:10:50.608000,received,kaspa:qq9zagcza4jt76eev9jl5z0nqhe0thcu7js8larktj4sle7lvgnw7sfcewlty,10772440752452,
59670560747e601e39674f9c85f4b1adead2b5d453a270e59824dc3da2d950f1,2024-04-01T00:10:50.608000,received,kaspa:qq9zagcza4jt76eev9jl5z0nqhe0thcu7js8larktj4sle7lvgnw7sfcewlty,10772440752452,
59670560747e601e39674f9c85f4b1adead2b5d453a270e59824dc3da2d950f1,2024-04-01T00:10:50.608000,received,kaspa:qq9zagcza4jt76eev9jl5z0nqhe0thcu7js8larktj4sle7lvgnw7sfcewlty,10772440752452,
59670560747e601e39674f9c85f4b1adead2b5d453a270e59824dc3da2d950f1,2024-04-01T00:10:50.608000,received,kaspa:qq9zagcza4jt76eev9jl5z0nqhe0thcu7js8larktj4sle7lvgnw7sfcewlty,10772440752452,
59670560747e601e39674f9c85f4b1adead2b5d453a270e59824dc3da2d950f1,2024-04-01T00:10:50.608000,received,kaspa:qq9zagcza4jt76eev9jl5z0nqhe0thcu7js8larktj4sle7lvgnw7sfcewlty,10772440752452,
b94944d15cb8f585ac10ada6623ad526626731483004a5e3f652bbab2409dbd0,2024-03-31T11:06:37.662000,sent,kaspa:qq9zagcza4jt76eev9jl5z0nqhe0thcu7js8larktj4sle7lvgnw7sfcewlty,23359300000000,
b94944d15cb8f585ac10ada6623ad526626731483004a5e3f652bbab2409dbd0,2024-03-31T11:06:37.662000,sent,kaspa:qq9zagcza4jt76eev9jl5z0nqhe0thcu7js8larktj4sle7lvgnw7sfcewlty,23359300000000,
b94944d15cb8f585ac10ada6623ad526626731483004a5e3f652bbab2409dbd0,2024-03-31T11:06:37.662000,sent,kaspa:qq9zagcza4jt76eev9jl5z0nqhe0thcu7js8larktj4sle7lvgnw7sfcewlty,23359300000000,
5e98f345b63860ecdf502cffaca923bc69873bff33f1a986d77b9f7f1968d608,2024-03-31T11:06:02.077000,received,kaspa:qpkw65af0wac37eyte9urs0dg5qtmrkhcfc286n6veceyw0tv8rwyf384amz2,23349300000000,
5e98f345b63860ecdf502cffaca923bc69873bff33f1a986d77b9f7f1968d608,2024-03-31T11:06:02.077000,received,kaspa:qpkw65af0wac37eyte9urs0dg5qtmrkhcfc286n6veceyw0tv8rwyf384amz2,23349300000000,
5e98f345b63860ecdf502cffaca923bc69873bff33f1a986d77b9f7f1968d608,2024-03-31T11:06:02.077000,received,kaspa:qpkw65af0wac37eyte9urs0dg5qtmrkhcfc286n6veceyw0tv8rwyf384amz2,23349300000000,
a644c7cf5c1d79738605b667309ef8c6db30b42c64a2b314d79b85226c6705c0,2024-03-31T11:05:06.099000,received,kaspa:qpkw65af0wac37eyte9urs0dg5qtmrkhcfc286n6veceyw0tv8rwyf384amz2,10000000000,
ff5bcd8de118965e6a88b618ef2d720310d1389184f9ab002b465040e9b547c0,2024-03-29T15:45:10.330000,sent,kaspa:qq450vwjr7u77cu758apwd5sfvx0z0x0qs69dudl49fsryhgrxtyw68ep3d60,12973900000000,
cfdbac76afbc6e519f79cea77d7522de40c9008b225064814b07449992ad5005,2024-03-29T15:44:27.607000,received,kaspa:qq9zagcza4jt76eev9jl5z0nqhe0thcu7js8larktj4sle7lvgnw7sfcewlty,12973928913871,
cfdbac76afbc6e519f79cea77d7522de40c9008b225064814b07449992ad5005,2024-03-29T15:44:27.607000,received,kaspa:qq9zagcza4jt76eev9jl5z0nqhe0thcu7js8larktj4sle7lvgnw7sfcewlty,12973928913871,
