tx_id,timestamp,direction,peer_address,amount_sompi,cex_label
16c930331c7735eaa0411ed5228ede1157bb796c0aeceb2330d24407176a036c,2024-02-17T10:10:41.995000,sent,kaspa:qqsslpr5gst3y2s87k402r9yt7ajmak63vkgmathj8ys5qx4273jg40nngrd2,172980000,
16c930331c7735eaa0411ed5228ede1157bb796c0aeceb2330d24407176a036c,2024-02-17T10:10:41.995000,sent,kaspa:qqsslpr5gst3y2s87k402r9yt7ajmak63vkgmathj8ys5qx4273jg40nngrd2,172980000,
2e646e1f93bf1c185ee19791a3e641783d4c2ff989eca09f3e01dcfade87fd86,2023-12-12T09:16:25.147000,received,kaspa:qypswxtcrv4ssyjaswy5w9387vq73mkuyq85tl34cee6qn5uexqy0csgnafnjx7,171000000,
e01971b92d8299cc8ae3c5c58d60469411764438cd3792a8eafd6be9d6acaeed,2023-11-28T13:13:43.867000,sent,kaspa:qypk3yxaam4hq2tf7cmuls05wvv3elxqwv494jln08jgpa2dh47pwrsptcvhua5,18000000,
98e404200e5a756a8d8fce81af58bba056e0b7b02acf430c777cda87e5742b35,2023-11-27T03:20:34.371000,received,kaspa:qypxznxgupa8eac5m4a9tyzuaja0eguaas4q5aje0378z4yypf3u3rc34prk2qn,20000000,
