tx_id,timestamp,direction,peer_address,amount_sompi,cex_label
890927bbd4287661149826fa6ac4a66d6f7437fa53ce6a1e0e5a63f4ac129c10,2024-02-17T09:24:40.881000,sent,kaspa:qqd463qjk795l7x06el7qjdh4hjtprah8mtnxx8exg8wz43fla4djkghheu25,172980000,
890927bbd4287661149826fa6ac4a66d6f7437fa53ce6a1e0e5a63f4ac129c10,2024-02-17T09:24:40.881000,sent,kaspa:qqd463qjk795l7x06el7qjdh4hjtprah8mtnxx8exg8wz43fla4djkghheu25,172980000,
f054e5b677814947f9d47543308757dfeaffac63221f755948acd1b5dafdbc6e,2023-12-12T23:44:39.241000,received,kaspa:qypswxtcrv4ssyjaswy5w9387vq73mkuyq85tl34cee6qn5uexqy0csgnafnjx7,171000000,
5dc2d84efe610a5a0f0ed6ead8b84ee589bea63f6d9c801f45ed10ba68405b08,2023-11-29T15:26:58.184000,sent,kaspa:qyplzjkt7wq4nrqv9494h53q3ld308kvtdjhagn8pzxgv4c5zak0krcsevjhzlr,18000000,
6c95a8d914bff59c21df7900aa2a50c33c6991bf9abfd48fabbee2c6985443f0,2023-11-26T19:10:40.238000,received,kaspa:qyphjdfspkrm9wh3vhcwrjvgkcp9m8magzyjnrchf54yez3ht9p2rzgf26qpgxz,20000000,
