tx_id,timestamp,direction,peer_address,amount_sompi,cex_label
5d55a9f4829f39e6afa7b116faf1b5f2892d7c0861c62a753e952a758755e6de,2023-12-16T05:03:52.586000,sent,kaspa:qzslgwenzu78t6tldlng383g7ruu4enaljmnkgaulyrscjp7ldt26x8gfxck5,171940000,
5d55a9f4829f39e6afa7b116faf1b5f2892d7c0861c62a753e952a758755e6de,2023-12-16T05:03:52.586000,sent,kaspa:qzslgwenzu78t6tldlng383g7ruu4enaljmnkgaulyrscjp7ldt26x8gfxck5,171940000,
e95ec528c06d68dc120033a883edd86d3cbf484aa46e8a0f9eac9559a005922c,2023-12-13T00:47:14.029000,received,kaspa:qypswxtcrv4ssyjaswy5w9387vq73mkuyq85tl34cee6qn5uexqy0csgnafnjx7,171000000,
ddbe60b6fd569c5d7658c1ee1356170d7bfcbf1f41784060386ac6cef984d329,2023-11-29T16:28:36.499000,sent,kaspa:qypdr0w74dwfrxa0vdw4w5d9kc9au5casz7wank67t8nkeeauyzlrqqxte8486x,18000000,
603cb94650e2c83f882b52f36d7acb3f1eee00274a261d34449ebdae54729bec,2023-11-28T04:02:00.946000,received,kaspa:qpcvrxpn8vncvdd735y5nramkyrjxv6pk5vg0utf007fukd0trn0xqeze3gw7,19000000,
