tx_id,timestamp,direction,peer_address,amount_sompi,cex_label
ae114e3d647807f94d59d2cde16ffb88b7acebec44798708f0ccc231ea002b3f,2023-12-17T09:20:05.011000,sent,kaspa:qzvw97wm6g7fa0q97a06cynfsy7002cjqptn70n8l9wqag8d8qs8v5d9czex0,171070000,
ae114e3d647807f94d59d2cde16ffb88b7acebec44798708f0ccc231ea002b3f,2023-12-17T09:20:05.011000,sent,kaspa:qzvw97wm6g7fa0q97a06cynfsy7002cjqptn70n8l9wqag8d8qs8v5d9czex0,171070000,
a6c018ea86095c4313fd51a0c9660ebe94927033c0dca612624833546f1accad,2023-12-12T06:21:59.616000,received,kaspa:qypswxtcrv4ssyjaswy5w9387vq73mkuyq85tl34cee6qn5uexqy0csgnafnjx7,171000000,
1716b8db94d64885ec09137f051a5abfdc7c671d09c8d270468813086bb1fd4d,2023-11-28T07:09:04.734000,sent,kaspa:qypaj7z0x5xpq3e9jvz2pff5wfgqlxtue7uqmckq5z2qqvuy4nf00yqpwmw24e9,18000000,
3a56fec3032dfcb59bcc29aea81740fc5be282f7ab5f3b8fdb276ab66c3e07ea,2023-11-27T19:29:12.722000,received,kaspa:qrlqmycz699f8t95wcg0ahff20euyqzz64adfcjs0gyq4dnytqth2y862up27,18100000,
