tx_id,timestamp,direction,peer_address,amount_sompi,cex_label
1d017c72a16254306d9aec2bfba9309ab56167bc8ac39df2a2d5d6e07c3ac933,2023-12-23T21:04:35.174000,sent,kaspa:qr0k4f7ndsvtwpqld82zlcunml57qt6upljn4vqm0sc80ckxmaje5zm6cklvz,12500000000000,
1d017c72a16254306d9aec2bfba9309ab56167bc8ac39df2a2d5d6e07c3ac933,2023-12-23T21:04:35.174000,sent,kaspa:qq75mvpc90e3mtxzy3yzmd0vrwjhzjjw2eways4lq5uueu4q2qdscu9gcqdfh,814977803288,
f6931f1e5559c2bfd49ebbd30c015384b260b2dfd74d7096bfd740430d83f4a0,2023-11-24T01:15:39.953000,received,kaspa:qqwvnkp47wsj6n4hkdlgj8dsauyx0xvefunnwvvsmpq2udd0ka8ckmpuqw3k5,1000000000000,
f6931f1e5559c2bfd49ebbd30c015384b260b2dfd74d7096bfd740430d83f4a0,2023-11-24T01:15:39.953000,received,kaspa:qqwvnkp47wsj6n4hkdlgj8dsauyx0xvefunnwvvsmpq2udd0ka8ckmpuqw3k5,1000000000000,
f6931f1e5559c2bfd49ebbd30c015384b260b2dfd74d7096bfd740430d83f4a0,2023-11-24T01:15:39.953000,received,kaspa:qqwvnkp47wsj6n4hkdlgj8dsauyx0xvefunnwvvsmpq2udd0ka8ckmpuqw3k5,1000000000000,
f6931f1e5559c2bfd49ebbd30c015384b260b2dfd74d7096bfd740430d83f4a0,2023-11-24T01:15:39.953000,received,kaspa:qqwvnkp47wsj6n4hkdlgj8dsauyx0xvefunnwvvsmpq2udd0ka8ckmpuqw3k5,1000000000000,
f6931f1e5559c2bfd49ebbd30c015384b260b2dfd74d7096bfd740430d83f4a0,2023-11-24T01:15:39.953000,received,kaspa:qqwvnkp47wsj6n4hkdlgj8dsauyx0xvefunnwvvsmpq2udd0ka8ckmpuqw3k5,1000000000000,
f6931f1e5559c2bfd49ebbd30c015384b260b2dfd74d7096bfd740430d83f4a0,2023-11-24T01:15:39.953000,received,kaspa:qqwvnkp47wsj6n4hkdlgj8dsauyx0xvefunnwvvsmpq2udd0ka8ckmpuqw3k5,1000000000000,
f6931f1e5559c2bfd49ebbd30c015384b260b2dfd74d7096bfd740430d83f4a0,2023-11-24T01:15:39.953000,received,kaspa:qqwvnkp47wsj6n4hkdlgj8dsauyx0xvefunnwvvsmpq2udd0ka8ckmpuqw3k5,1000000000000,
