tx_id,timestamp,direction,peer_address,amount_sompi,cex_label
34962216deb03f9a6015ae0441219274b9588ff8e3fbc149375dcbb62fba7b39,2023-12-13T12:01:43.711000,sent,kaspa:qr7r8rtehym00mcmmucflvu2003fsevzc9s0rezsltzwd6jd34p2cg3nd43cf,170990000,
5c745d7ae70e9e031c0893c336c8da2c9b77087ab02da0b49f926b90bde5e49f,2023-12-12T14:09:04.186000,received,kaspa:qypswxtcrv4ssyjaswy5w9387vq73mkuyq85tl34cee6qn5uexqy0csgnafnjx7,171000000,
c8f3082e3151e711054bfea01816b4644c29bf7313522ee3f52b83c333bd2e17,2023-11-28T20:49:44.817000,sent,kaspa:qypr0dsrpp9k9swrncwy5d2zvk9duautqcdqhvavnq2js4hszvggyesxjczzh7c,18000000,
4348ea4bf2314f66748621c7708f0190e8250dccec8e9954832e6ba5726d958d,2023-11-28T20:40:49.707000,received,kaspa:qz0x5lf4ylgvn3sym4352wd8jhf82jasumw4gdsxsfcl2nm22aersp88rlr39,18010000,
