tx_id,timestamp,direction,peer_address,amount_sompi,cex_label
048e3aee2a22d412d8114d8d8efedc9de5d2b5a36f1b727825cd11e890011820,2023-11-09T12:33:21.546000,sent,kaspa:qzl4prt5l8xg7q825muadnlydvkw8zaxzc5vw5gmvr4rcntv5jjwzzg87kre3,12000000000000,
048e3aee2a22d412d8114d8d8efedc9de5d2b5a36f1b727825cd11e890011820,2023-11-09T12:33:21.546000,sent,kaspa:qrjqzj8mju7y28nfgsvt53vvk0qyek3py4a9htjatha8kqenwgd5zdcavjteq,320018989422,
0c574cb0427b6162df96d19855017b978391273358bdea3bce3df3572327f3c3,2023-11-09T12:21:50.488000,received,kaspa:qzkp07ah2kfpqu7gxkrmngqjkt946kxzeweyy08y56ukdd9f6g0w2rzezz86a,12320018991491,
0c574cb0427b6162df96d19855017b978391273358bdea3bce3df3572327f3c3,2023-11-09T12:21:50.488000,received,kaspa:qqzk6atzdlkmmp7ccgj5wl8q9at27kh0kj5lu6qeecefc2g6wtap5kjngq4yk,12320018991491,
