tx_id,timestamp,direction,peer_address,amount_sompi,cex_label
fb74ff090bd3aacf15afe013e6d221925664896888a6adf3dc2f46413a3cd56c,2023-12-16T04:51:43.809000,sent,kaspa:qzslgwenzu78t6tldlng383g7ruu4enaljmnkgaulyrscjp7ldt26x8gfxck5,171940000,
fb74ff090bd3aacf15afe013e6d221925664896888a6adf3dc2f46413a3cd56c,2023-12-16T04:51:43.809000,sent,kaspa:qzslgwenzu78t6tldlng383g7ruu4enaljmnkgaulyrscjp7ldt26x8gfxck5,171940000,
777d59444b588c77880515d3b2b8cd488087c63cf46c08cc6921a134a62262e8,2023-12-12T20:05:48.112000,received,kaspa:qypswxtcrv4ssyjaswy5w9387vq73mkuyq85tl34cee6qn5uexqy0csgnafnjx7,171000000,
72134a26beb8ff9e44c9d6ef994ecfd2f011463a2ec160a1951cda45330bda5d,2023-11-29T10:21:43.146000,sent,kaspa:qypnud23g2phx866jc986zhn3yev3rpmm8ct4evyjnpp9zrqmnnhvqgz5d4pyjl,18000000,
3ffdbc22bfa1e941daddc357611f17a9cab80c8f4bfe8340907d3b0b679d6a83,2023-11-28T22:51:54.399000,received,kaspa:qpelmscywk22ut5c7zmwt0vu96jveg9mwrdcwcx644t0yj9efvkl7kek7gc24,19000000,
