tx_id,timestamp,direction,peer_address,amount_sompi,cex_label
f32ce75a99ff78ef12824caeb4e079ba48bdd76d027588634db6d13086bfe089,2023-11-25T04:08:32.308000,sent,kaspa:qqwvnkp47wsj6n4hkdlgj8dsauyx0xvefunnwvvsmpq2udd0ka8ckmpuqw3k5,3846694801,
f32ce75a99ff78ef12824caeb4e079ba48bdd76d027588634db6d13086bfe089,2023-11-25T04:08:32.308000,sent,kaspa:qqwvnkp47wsj6n4hkdlgj8dsauyx0xvefunnwvvsmpq2udd0ka8ckmpuqw3k5,3846694801,
f32ce75a99ff78ef12824caeb4e079ba48bdd76d027588634db6d13086bfe089,2023-11-25T04:08:32.308000,sent,kaspa:qqwvnkp47wsj6n4hkdlgj8dsauyx0xvefunnwvvsmpq2udd0ka8ckmpuqw3k5,3846694801,
f7158372dd88f4dd6c085d4a3ed16f3149f0cb01cf0e8dc4b266814e5d2fbeaa,2023-11-25T04:07:25.125000,received,kaspa:qrvum29vk365g0zcd5gx3c7h829etfq2ytdmscjzw4zw04fjfnprcg9c3tges,3490406000,
3cce5216dd91e9ce7b2aed2d89c300817779d815b1a7d06b3425e1262199bf10,2023-11-25T03:44:04.332000,received,kaspa:qrvum29vk365g0zcd5gx3c7h829etfq2ytdmscjzw4zw04fjfnprcg9c3tges,1797000000,
e690224385a3109e45769e4336e833eb02a586e495b37d6a8de0bff969af8a52,2023-11-25T03:35:57.124000,sent,kaspa:qqwvnkp47wsj6n4hkdlgj8dsauyx0xvefunnwvvsmpq2udd0ka8ckmpuqw3k5,100000000,
181bbd53df2511251cd5c0ecf449532fc786f6374eb046bf427e13d8d8f388b8,2023-11-25T03:25:34.526000,received,kaspa:qp8fzwnzvak6cq5djtawdxlj3znxqtuxsg3ulkdnlgu0v22heuauk2tenfpmj,1000000000,
