tx_id,timestamp,direction,peer_address,amount_sompi,cex_label
14393f3dc7cdc45e3236241077db53f451a2d8f9ecd9d8e9289172b7842e1a9f,2025-04-30T13:57:26.116000,sent,kaspa:qr3vrdydtepenmdm86tw2949juqcfh0qcea8ujrv5xa0efe2f7lek4asq5p45,91917000000,
14393f3dc7cdc45e3236241077db53f451a2d8f9ecd9d8e9289172b7842e1a9f,2025-04-30T13:57:26.116000,sent,kaspa:qp07gmz4yjzsve6m5n6wfd95y0lzv7jpekvzjhu3wuze9hpj3t6hyakjyuaua,40743760960000,
8b1609a30a3f8a9b1aeb0aa709e6d99e2b052ed3505410260ab686089ec563d1,2025-04-13T05:48:56.759000,received,kaspa:qrpyafezcpck945gax6342nr7tx76p5z6hsw6wnxw574a7k6jjsyx23qjgztf,393300000000,
8b1609a30a3f8a9b1aeb0aa709e6d99e2b052ed3505410260ab686089ec563d1,2025-04-13T05:48:56.759000,received,kaspa:qrpyafezcpck945gax6342nr7tx76p5z6hsw6wnxw574a7k6jjsyx23qjgztf,393300000000,
8b1609a30a3f8a9b1aeb0aa709e6d99e2b052ed3505410260ab686089ec563d1,2025-04-13T05:48:56.759000,received,kaspa:qrpyafezcpck945gax6342nr7tx76p5z6hsw6wnxw574a7k6jjsyx23qjgztf,393300000000,
8b1609a30a3f8a9b1aeb0aa709e6d99e2b052ed3505410260ab686089ec563d1,2025-04-13T05:48:56.759000,received,kaspa:qrpyafezcpck945gax6342nr7tx76p5z6hsw6wnxw574a7k6jjsyx23qjgztf,393300000000,
8b1609a30a3f8a9b1aeb0aa709e6d99e2b052ed3505410260ab686089ec563d1,2025-04-13T05:48:56.759000,received,kaspa:qrpyafezcpck945gax6342nr7tx76p5z6hsw6wnxw574a7k6jjsyx23qjgztf,393300000000,
707e191b0c1b4f8e98eabf9f73791a7090a23e13518e3367e2b60f464ba7e126,2024-08-01T07:10:26.279000,sent,kaspa:qztc44rfpzdn4tsw8xa92f98t53trg0ze4lhy9w2j6thhaz6t3kqyz0nt95pw,100000085862,
707e191b0c1b4f8e98eabf9f73791a7090a23e13518e3367e2b60f464ba7e126,2024-08-01T07:10:26.279000,sent,kaspa:qrqltsp05gkwcse36ndcv3v4uxtj27tzgrgl97t592tw8t3lsx6g5ghu9tzw9,854235890000,
65d08994fa38c87cd080bd3759dfea464726c9d1c8b0599d85b4dd33b066cd91,2024-06-25T06:32:02.931000,received,kaspa:qqetp7ct8kqss99fxmymyz5t3fezppxp0t58wl6pawp27elqd46uudme00cl0,954235977931,
65d08994fa38c87cd080bd3759dfea464726c9d1c8b0599d85b4dd33b066cd91,2024-06-25T06:32:02.931000,received,kaspa:qpzpfwcsqsxhxwup26r55fd0ghqlhyugz8cp6y3wxuddc02vcxtjg75pspnwz,954235977931,MEXC
30b50845bd43444ca91917d33deb679a9bc29aa26bb0812999085563eac9b832,2024-05-01T13:26:55.039000,sent,kaspa:qztc44rfpzdn4tsw8xa92f98t53trg0ze4lhy9w2j6thhaz6t3kqyz0nt95pw,30000000000,
30b50845bd43444ca91917d33deb679a9bc29aa26bb0812999085563eac9b832,2024-05-01T13:26:55.039000,sent,kaspa:qpwf9znux2254eudamew2qcahjh7vyc3zhs77tzm09406u4vzp09vjy5zhqu8,1063876997931,
6e43dfa014abf21a08afa8c0d8164e0fc460237d75bb356f89ccf98612a467e7,2024-05-01T12:17:37.497000,sent,kaspa:qztc44rfpzdn4tsw8xa92f98t53trg0ze4lhy9w2j6thhaz6t3kqyz0nt95pw,5000000000,
6e43dfa014abf21a08afa8c0d8164e0fc460237d75bb356f89ccf98612a467e7,2024-05-01T12:17:37.497000,sent,kaspa:qpqmzzy8rmnzmpw0sw97lf5np2ar8l8359emul00d9ju5s4724qx6fmseu3aa,14999955931,
a369023213a1f32e092898778e90fea426b3e58bf9afbce76004f087d6679114,2024-04-25T06:56:53.204000,sent,kaspa:qztc44rfpzdn4tsw8xa92f98t53trg0ze4lhy9w2j6thhaz6t3kqyz0nt95pw,40000000000,
a369023213a1f32e092898778e90fea426b3e58bf9afbce76004f087d6679114,2024-04-25T06:56:53.204000,sent,kaspa:qrlsdcktf9t2dwxqcux5epnzt9e0husvpk3hvkq090hyu634ltp3j0z80hf0v,1052699997931,
3fef11a5cf7d2a7a83af25de0354d77ae5b766034eaf02e07fbe75cd4da49c50,2024-04-19T08:24:21.440000,sent,kaspa:qztc44rfpzdn4tsw8xa92f98t53trg0ze4lhy9w2j6thhaz6t3kqyz0nt95pw,17500000000,
3fef11a5cf7d2a7a83af25de0354d77ae5b766034eaf02e07fbe75cd4da49c50,2024-04-19T08:24:21.440000,sent,kaspa:qp0vth4h7ksse0vcukqhffyz357curfgf3csr6ka9a9pvj43f35f7jelpky8k,7500055931,
61830b1a560609584048fbda0bcd80328f398f43e51f661f5f82dec16453b1c2,2024-04-19T08:15:21.335000,sent,kaspa:qztc44rfpzdn4tsw8xa92f98t53trg0ze4lhy9w2j6thhaz6t3kqyz0nt95pw,20000000000,
61830b1a560609584048fbda0bcd80328f398f43e51f661f5f82dec16453b1c2,2024-04-19T08:15:21.335000,sent,kaspa:qrgl53ln8ny2jm5aj4k356trlkvmcvqq3nqkyssmtm84sf8562fxc877ehp9k,3150287797931,
741a00eb595fcb6f31cab4998564045a337c29f8f9f2415a25fc0c26fc38b1d3,2024-04-18T17:46:47.298000,sent,kaspa:qztc44rfpzdn4tsw8xa92f98t53trg0ze4lhy9w2j6thhaz6t3kqyz0nt95pw,20000000000,
741a00eb595fcb6f31cab4998564045a337c29f8f9f2415a25fc0c26fc38b1d3,2024-04-18T17:46:47.298000,sent,kaspa:qz6leet00zjh5jcy8xrqy9ka3z45lx8ayaaas20sgad86ny3gl42xjfst5c70,2225786855931,
0555d07e348f0a3ff797d3ed4e2c6dd0c4abcd3aca29c44334ee2bc41aaad3a7,2024-04-18T17:35:45.464000,sent,kaspa:qztc44rfpzdn4tsw8xa92f98t53trg0ze4lhy9w2j6thhaz6t3kqyz0nt95pw,4620000000,
0555d07e348f0a3ff797d3ed4e2c6dd0c4abcd3aca29c44334ee2bc41aaad3a7,2024-04-18T17:35:45.464000,sent,kaspa:qp55rga7fgwqcj9mjn4md20ardwmmgdy5l086gqatvxvx575clmqq802mrntn,1133634997931,
7879f1c454a2037cbe735ba7163ddeda41abf30c686dca2740a1f5b5a0aedc8c,2024-03-31T07:30:01.093000,received,kaspa:qqetp7ct8kqss99fxmymyz5t3fezppxp0t58wl6pawp27elqd46uudme00cl0,1093877000000,
7879f1c454a2037cbe735ba7163ddeda41abf30c686dca2740a1f5b5a0aedc8c,2024-03-31T07:30:01.093000,received,kaspa:qqetp7ct8kqss99fxmymyz5t3fezppxp0t58wl6pawp27elqd46uudme00cl0,1093877000000,
6a4c2aa7f21d7f5291d2967dac8ab3bfbc657b4a699a91d3b145bb0dba8ada85,2024-03-29T21:15:17.372000,received,kaspa:qzjszp25vgqc0tdzv3hkjkjyx5jrlcse5rf66cr7fv2qnl37efgaxyvahzhug,19999958000,
404ab2ac2841e48baf5a66a284c9e61fb5c345b20b0506b54eef692a107e4fac,2024-03-18T14:52:07.231000,received,kaspa:qqywx2wszmnrsu0mzgav85rdwvzangfpdj9j3ady9jpr7hu4u8c2wl9wqgd6j,1092700000000,
011e4b48242c49c69ab431c09f330844bbc0d73b0b811b8956ec13248158f474,2024-03-18T14:48:44.952000,received,kaspa:qrd65wm90nhyw29rywgu28us5mvfdeh5urwysddhwk5p6rmnedlvj8xx658av,25000058000,
a4571dea262785e120da6eb95c9ab8be1996ca9f895c3b2fb15677738be64ac9,2024-03-18T12:12:04.071000,received,kaspa:qqetp7ct8kqss99fxmymyz5t3fezppxp0t58wl6pawp27elqd46uudme00cl0,3170287800000,
a4571dea262785e120da6eb95c9ab8be1996ca9f895c3b2fb15677738be64ac9,2024-03-18T12:12:04.071000,received,kaspa:qpzpfwcsqsxhxwup26r55fd0ghqlhyugz8cp6y3wxuddc02vcxtjg75pspnwz,3170287800000,MEXC
cc84f2c294bb17e93860e5a8afeba08978308d1cecc09ed556c522ec9024786a,2024-03-11T23:58:03.968000,received,kaspa:qqetp7ct8kqss99fxmymyz5t3fezppxp0t58wl6pawp27elqd46uudme00cl0,2245786858000,
cc84f2c294bb17e93860e5a8afeba08978308d1cecc09ed556c522ec9024786a,2024-03-11T23:58:03.968000,received,kaspa:qpzpfwcsqsxhxwup26r55fd0ghqlhyugz8cp6y3wxuddc02vcxtjg75pspnwz,2245786858000,MEXC
f659eb9294dd7298c6c48db9c006a33eeb44d909ce72e61a9822723572f024cf,2024-03-11T18:23:08.745000,received,kaspa:qpzpfwcsqsxhxwup26r55fd0ghqlhyugz8cp6y3wxuddc02vcxtjg75pspnwz,1138255000000,MEXC
f659eb9294dd7298c6c48db9c006a33eeb44d909ce72e61a9822723572f024cf,2024-03-11T18:23:08.745000,received,kaspa:qpzpfwcsqsxhxwup26r55fd0ghqlhyugz8cp6y3wxuddc02vcxtjg75pspnwz,1138255000000,MEXC
4ba89a6d3285ab9bad210c0b55d53d7e58a88051809b53bf853e93c2c9357e38,2024-03-07T14:30:03.195000,sent,kaspa:qztc44rfpzdn4tsw8xa92f98t53trg0ze4lhy9w2j6thhaz6t3kqyz0nt95pw,20000000000,
4ba89a6d3285ab9bad210c0b55d53d7e58a88051809b53bf853e93c2c9357e38,2024-03-07T14:30:03.195000,sent,kaspa:qq2jnk5twdml5mr7nmlcwu0ftphz03sctev065x8qtv6zwmra2xfcp6nq5nwy,51292802820000,
15662295438fa0f9e871511b71a94e3ac3731341d08b931ddfb9524b6d029974,2024-03-06T21:49:07.349000,received,kaspa:qpzpfwcsqsxhxwup26r55fd0ghqlhyugz8cp6y3wxuddc02vcxtjg75pspnwz,51312802830000,MEXC
15662295438fa0f9e871511b71a94e3ac3731341d08b931ddfb9524b6d029974,2024-03-06T21:49:07.349000,received,kaspa:qpzpfwcsqsxhxwup26r55fd0ghqlhyugz8cp6y3wxuddc02vcxtjg75pspnwz,51312802830000,MEXC
15662295438fa0f9e871511b71a94e3ac3731341d08b931ddfb9524b6d029974,2024-03-06T21:49:07.349000,received,kaspa:qpzpfwcsqsxhxwup26r55fd0ghqlhyugz8cp6y3wxuddc02vcxtjg75pspnwz,51312802830000,MEXC
15662295438fa0f9e871511b71a94e3ac3731341d08b931ddfb9524b6d029974,2024-03-06T21:49:07.349000,received,kaspa:qpzpfwcsqsxhxwup26r55fd0ghqlhyugz8cp6y3wxuddc02vcxtjg75pspnwz,51312802830000,MEXC
15662295438fa0f9e871511b71a94e3ac3731341d08b931ddfb9524b6d029974,2024-03-06T21:49:07.349000,received,kaspa:qpzpfwcsqsxhxwup26r55fd0ghqlhyugz8cp6y3wxuddc02vcxtjg75pspnwz,51312802830000,MEXC
15662295438fa0f9e871511b71a94e3ac3731341d08b931ddfb9524b6d029974,2024-03-06T21:49:07.349000,received,kaspa:qpzpfwcsqsxhxwup26r55fd0ghqlhyugz8cp6y3wxuddc02vcxtjg75pspnwz,51312802830000,MEXC
15662295438fa0f9e871511b71a94e3ac3731341d08b931ddfb9524b6d029974,2024-03-06T21:49:07.349000,received,kaspa:qpzpfwcsqsxhxwup26r55fd0ghqlhyugz8cp6y3wxuddc02vcxtjg75pspnwz,51312802830000,MEXC
15662295438fa0f9e871511b71a94e3ac3731341d08b931ddfb9524b6d029974,2024-03-06T21:49:07.349000,received,kaspa:qpzpfwcsqsxhxwup26r55fd0ghqlhyugz8cp6y3wxuddc02vcxtjg75pspnwz,51312802830000,MEXC
15662295438fa0f9e871511b71a94e3ac3731341d08b931ddfb9524b6d029974,2024-03-06T21:49:07.349000,received,kaspa:qpzpfwcsqsxhxwup26r55fd0ghqlhyugz8cp6y3wxuddc02vcxtjg75pspnwz,51312802830000,MEXC
15662295438fa0f9e871511b71a94e3ac3731341d08b931ddfb9524b6d029974,2024-03-06T21:49:07.349000,received,kaspa:qpzpfwcsqsxhxwup26r55fd0ghqlhyugz8cp6y3wxuddc02vcxtjg75pspnwz,51312802830000,MEXC
15662295438fa0f9e871511b71a94e3ac3731341d08b931ddfb9524b6d029974,2024-03-06T21:49:07.349000,received,kaspa:qpzpfwcsqsxhxwup26r55fd0ghqlhyugz8cp6y3wxuddc02vcxtjg75pspnwz,51312802830000,MEXC
15662295438fa0f9e871511b71a94e3ac3731341d08b931ddfb9524b6d029974,2024-03-06T21:49:07.349000,received,kaspa:qpzpfwcsqsxhxwup26r55fd0ghqlhyugz8cp6y3wxuddc02vcxtjg75pspnwz,51312802830000,MEXC
15662295438fa0f9e871511b71a94e3ac3731341d08b931ddfb9524b6d029974,2024-03-06T21:49:07.349000,received,kaspa:qpzpfwcsqsxhxwup26r55fd0ghqlhyugz8cp6y3wxuddc02vcxtjg75pspnwz,51312802830000,MEXC
15662295438fa0f9e871511b71a94e3ac3731341d08b931ddfb9524b6d029974,2024-03-06T21:49:07.349000,received,kaspa:qpzpfwcsqsxhxwup26r55fd0ghqlhyugz8cp6y3wxuddc02vcxtjg75pspnwz,51312802830000,MEXC
15662295438fa0f9e871511b71a94e3ac3731341d08b931ddfb9524b6d029974,2024-03-06T21:49:07.349000,received,kaspa:qpzpfwcsqsxhxwup26r55fd0ghqlhyugz8cp6y3wxuddc02vcxtjg75pspnwz,51312802830000,MEXC
15662295438fa0f9e871511b71a94e3ac3731341d08b931ddfb9524b6d029974,2024-03-06T21:49:07.349000,received,kaspa:qpzpfwcsqsxhxwup26r55fd0ghqlhyugz8cp6y3wxuddc02vcxtjg75pspnwz,51312802830000,MEXC
15662295438fa0f9e871511b71a94e3ac3731341d08b931ddfb9524b6d029974,2024-03-06T21:49:07.349000,received,kaspa:qpzpfwcsqsxhxwup26r55fd0ghqlhyugz8cp6y3wxuddc02vcxtjg75pspnwz,51312802830000,MEXC
15662295438fa0f9e871511b71a94e3ac3731341d08b931ddfb9524b6d029974,2024-03-06T21:49:07.349000,received,kaspa:qpzpfwcsqsxhxwup26r55fd0ghqlhyugz8cp6y3wxuddc02vcxtjg75pspnwz,51312802830000,MEXC
15662295438fa0f9e871511b71a94e3ac3731341d08b931ddfb9524b6d029974,2024-03-06T21:49:07.349000,received,kaspa:qpzpfwcsqsxhxwup26r55fd0ghqlhyugz8cp6y3wxuddc02vcxtjg75pspnwz,51312802830000,MEXC
15662295438fa0f9e871511b71a94e3ac3731341d08b931ddfb9524b6d029974,2024-03-06T21:49:07.349000,received,kaspa:qpzpfwcsqsxhxwup26r55fd0ghqlhyugz8cp6y3wxuddc02vcxtjg75pspnwz,51312802830000,MEXC
15662295438fa0f9e871511b71a94e3ac3731341d08b931ddfb9524b6d029974,2024-03-06T21:49:07.349000,received,kaspa:qpzpfwcsqsxhxwup26r55fd0ghqlhyugz8cp6y3wxuddc02vcxtjg75pspnwz,51312802830000,MEXC
15662295438fa0f9e871511b71a94e3ac3731341d08b931ddfb9524b6d029974,2024-03-06T21:49:07.349000,received,kaspa:qpzpfwcsqsxhxwup26r55fd0ghqlhyugz8cp6y3wxuddc02vcxtjg75pspnwz,51312802830000,MEXC
15662295438fa0f9e871511b71a94e3ac3731341d08b931ddfb9524b6d029974,2024-03-06T21:49:07.349000,received,kaspa:qpzpfwcsqsxhxwup26r55fd0ghqlhyugz8cp6y3wxuddc02vcxtjg75pspnwz,51312802830000,MEXC
15662295438fa0f9e871511b71a94e3ac3731341d08b931ddfb9524b6d029974,2024-03-06T21:49:07.349000,received,kaspa:qpzpfwcsqsxhxwup26r55fd0ghqlhyugz8cp6y3wxuddc02vcxtjg75pspnwz,51312802830000,MEXC
15662295438fa0f9e871511b71a94e3ac3731341d08b931ddfb9524b6d029974,2024-03-06T21:49:07.349000,received,kaspa:qpzpfwcsqsxhxwup26r55fd0ghqlhyugz8cp6y3wxuddc02vcxtjg75pspnwz,51312802830000,MEXC
15662295438fa0f9e871511b71a94e3ac3731341d08b931ddfb9524b6d029974,2024-03-06T21:49:07.349000,received,kaspa:qpzpfwcsqsxhxwup26r55fd0ghqlhyugz8cp6y3wxuddc02vcxtjg75pspnwz,51312802830000,MEXC
7c0ebc84558f8d538bd6adb911e237db068e27d352e7b5a762a18e28a082f20e,2024-03-05T21:42:00.808000,sent,kaspa:qrg3780sjq4ps4ly89575ehjgcpdwnx80nka2umdfylauqrxlj4pz56sx7vfw,13715582830000,
7c0ebc84558f8d538bd6adb911e237db068e27d352e7b5a762a18e28a082f20e,2024-03-05T21:42:00.808000,sent,kaspa:qrg3780sjq4ps4ly89575ehjgcpdwnx80nka2umdfylauqrxlj4pz56sx7vfw,13715582830000,
7c0ebc84558f8d538bd6adb911e237db068e27d352e7b5a762a18e28a082f20e,2024-03-05T21:42:00.808000,sent,kaspa:qrg3780sjq4ps4ly89575ehjgcpdwnx80nka2umdfylauqrxlj4pz56sx7vfw,13715582830000,
7c0ebc84558f8d538bd6adb911e237db068e27d352e7b5a762a18e28a082f20e,2024-03-05T21:42:00.808000,sent,kaspa:qrg3780sjq4ps4ly89575ehjgcpdwnx80nka2umdfylauqrxlj4pz56sx7vfw,13715582830000,
732c66cfbeb420f480c431e935715f8cdac42191b5aea5af6921a02ebbbe1e77,2024-03-05T15:30:06.943000,received,kaspa:qqetp7ct8kqss99fxmymyz5t3fezppxp0t58wl6pawp27elqd46uudme00cl0,2978029000000,
732c66cfbeb420f480c431e935715f8cdac42191b5aea5af6921a02ebbbe1e77,2024-03-05T15:30:06.943000,received,kaspa:qpzpfwcsqsxhxwup26r55fd0ghqlhyugz8cp6y3wxuddc02vcxtjg75pspnwz,2978029000000,MEXC
503a98a1213dca27ce4bd0d605733ed4aec54f5669d4685522e6062f1bbd991f,2024-03-04T20:24:01.858000,sent,kaspa:qrg3780sjq4ps4ly89575ehjgcpdwnx80nka2umdfylauqrxlj4pz56sx7vfw,2820000000000,
503a98a1213dca27ce4bd0d605733ed4aec54f5669d4685522e6062f1bbd991f,2024-03-04T20:24:01.858000,sent,kaspa:qryt7nyhxfyrwnr8295zurz60wlaeaw8s9088c7fhexrjleqadfty82mytvqe,1926979950000,
919cfba930f79c3f805aa1ba513cd01441a43191e2ed13df23c5c26d1e497c8c,2024-03-02T16:27:05.328000,received,kaspa:qpzpfwcsqsxhxwup26r55fd0ghqlhyugz8cp6y3wxuddc02vcxtjg75pspnwz,1450053880000,MEXC
919cfba930f79c3f805aa1ba513cd01441a43191e2ed13df23c5c26d1e497c8c,2024-03-02T16:27:05.328000,received,kaspa:qpzpfwcsqsxhxwup26r55fd0ghqlhyugz8cp6y3wxuddc02vcxtjg75pspnwz,1450053880000,MEXC
0b3168ceb4b43473c228cefa229d5d4c188f510f6642b8193829f4f717c52d79,2024-03-02T00:20:06.128000,sent,kaspa:qrg3780sjq4ps4ly89575ehjgcpdwnx80nka2umdfylauqrxlj4pz56sx7vfw,1908714280000,
0b3168ceb4b43473c228cefa229d5d4c188f510f6642b8193829f4f717c52d79,2024-03-02T00:20:06.128000,sent,kaspa:qr0w2d9lp2pplclsehf6d565ewrs2w8tpau5l20ekma4j55tku35xdgf4wj44,21853017710000,
9a339e13bd5a1b781ac3212630fcdbec9f49e78e8ea9e3736c2977d394602d36,2024-02-29T19:32:06.087000,received,kaspa:qqetp7ct8kqss99fxmymyz5t3fezppxp0t58wl6pawp27elqd46uudme00cl0,1216081000000,
9a339e13bd5a1b781ac3212630fcdbec9f49e78e8ea9e3736c2977d394602d36,2024-02-29T19:32:06.087000,received,kaspa:qpzpfwcsqsxhxwup26r55fd0ghqlhyugz8cp6y3wxuddc02vcxtjg75pspnwz,1216081000000,MEXC
20a59fa7b754bf1b85318b1fe632cc9a0554a96c2aad7a49b318a4777768dd45,2024-02-29T08:29:04.053000,received,kaspa:qpzpfwcsqsxhxwup26r55fd0ghqlhyugz8cp6y3wxuddc02vcxtjg75pspnwz,23761732000000,MEXC
20a59fa7b754bf1b85318b1fe632cc9a0554a96c2aad7a49b318a4777768dd45,2024-02-29T08:29:04.053000,received,kaspa:qpzpfwcsqsxhxwup26r55fd0ghqlhyugz8cp6y3wxuddc02vcxtjg75pspnwz,23761732000000,MEXC
20a59fa7b754bf1b85318b1fe632cc9a0554a96c2aad7a49b318a4777768dd45,2024-02-29T08:29:04.053000,received,kaspa:qpzpfwcsqsxhxwup26r55fd0ghqlhyugz8cp6y3wxuddc02vcxtjg75pspnwz,23761732000000,MEXC
20a59fa7b754bf1b85318b1fe632cc9a0554a96c2aad7a49b318a4777768dd45,2024-02-29T08:29:04.053000,received,kaspa:qpzpfwcsqsxhxwup26r55fd0ghqlhyugz8cp6y3wxuddc02vcxtjg75pspnwz,23761732000000,MEXC
20a59fa7b754bf1b85318b1fe632cc9a0554a96c2aad7a49b318a4777768dd45,2024-02-29T08:29:04.053000,received,kaspa:qpzpfwcsqsxhxwup26r55fd0ghqlhyugz8cp6y3wxuddc02vcxtjg75pspnwz,23761732000000,MEXC
20a59fa7b754bf1b85318b1fe632cc9a0554a96c2aad7a49b318a4777768dd45,2024-02-29T08:29:04.053000,received,kaspa:qpzpfwcsqsxhxwup26r55fd0ghqlhyugz8cp6y3wxuddc02vcxtjg75pspnwz,23761732000000,MEXC
20a59fa7b754bf1b85318b1fe632cc9a0554a96c2aad7a49b318a4777768dd45,2024-02-29T08:29:04.053000,received,kaspa:qpzpfwcsqsxhxwup26r55fd0ghqlhyugz8cp6y3wxuddc02vcxtjg75pspnwz,23761732000000,MEXC
20a59fa7b754bf1b85318b1fe632cc9a0554a96c2aad7a49b318a4777768dd45,2024-02-29T08:29:04.053000,received,kaspa:qpzpfwcsqsxhxwup26r55fd0ghqlhyugz8cp6y3wxuddc02vcxtjg75pspnwz,23761732000000,MEXC
20a59fa7b754bf1b85318b1fe632cc9a0554a96c2aad7a49b318a4777768dd45,2024-02-29T08:29:04.053000,received,kaspa:qpzpfwcsqsxhxwup26r55fd0ghqlhyugz8cp6y3wxuddc02vcxtjg75pspnwz,23761732000000,MEXC
20a59fa7b754bf1b85318b1fe632cc9a0554a96c2aad7a49b318a4777768dd45,2024-02-29T08:29:04.053000,received,kaspa:qpzpfwcsqsxhxwup26r55fd0ghqlhyugz8cp6y3wxuddc02vcxtjg75pspnwz,23761732000000,MEXC
20a59fa7b754bf1b85318b1fe632cc9a0554a96c2aad7a49b318a4777768dd45,2024-02-29T08:29:04.053000,received,kaspa:qpzpfwcsqsxhxwup26r55fd0ghqlhyugz8cp6y3wxuddc02vcxtjg75pspnwz,23761732000000,MEXC
20a59fa7b754bf1b85318b1fe632cc9a0554a96c2aad7a49b318a4777768dd45,2024-02-29T08:29:04.053000,received,kaspa:qpzpfwcsqsxhxwup26r55fd0ghqlhyugz8cp6y3wxuddc02vcxtjg75pspnwz,23761732000000,MEXC
3ad0ddedc885fc5eda306242fce940de52e761f6d978bde5dbbb0eb1a958dc9d,2024-02-29T02:08:04.347000,received,kaspa:qqetp7ct8kqss99fxmymyz5t3fezppxp0t58wl6pawp27elqd46uudme00cl0,4336467000000,
3ad0ddedc885fc5eda306242fce940de52e761f6d978bde5dbbb0eb1a958dc9d,2024-02-29T02:08:04.347000,received,kaspa:qpzpfwcsqsxhxwup26r55fd0ghqlhyugz8cp6y3wxuddc02vcxtjg75pspnwz,4336467000000,MEXC
ae6cb67d72ed1711e0c48d6420dc5ac8a893e728c33870e92c4c6ebe04f52827,2024-02-28T21:28:03.687000,received,kaspa:qqetp7ct8kqss99fxmymyz5t3fezppxp0t58wl6pawp27elqd46uudme00cl0,4746979960000,
ae6cb67d72ed1711e0c48d6420dc5ac8a893e728c33870e92c4c6ebe04f52827,2024-02-28T21:28:03.687000,received,kaspa:qpzpfwcsqsxhxwup26r55fd0ghqlhyugz8cp6y3wxuddc02vcxtjg75pspnwz,4746979960000,MEXC
64fbf1e0d5f5c81371975bd22e14310918b42d9f816468fd0edc20a5b4681bf6,2024-02-28T16:58:38.838000,sent,kaspa:qrg3780sjq4ps4ly89575ehjgcpdwnx80nka2umdfylauqrxlj4pz56sx7vfw,24574044960000,
46668142ba1241d13cf79c1ea8e5d6be083bafb02ef2512118961c6f9879a6c1,2024-02-28T02:01:03.733000,received,kaspa:qqetp7ct8kqss99fxmymyz5t3fezppxp0t58wl6pawp27elqd46uudme00cl0,24574044970000,
46668142ba1241d13cf79c1ea8e5d6be083bafb02ef2512118961c6f9879a6c1,2024-02-28T02:01:03.733000,received,kaspa:qpzpfwcsqsxhxwup26r55fd0ghqlhyugz8cp6y3wxuddc02vcxtjg75pspnwz,24574044970000,MEXC
0719e9d0d58f83370be70d0bc5ac5b3c400f74efebd0c4a136b10245e51c364e,2024-02-26T14:03:00.300000,sent,kaspa:qrg3780sjq4ps4ly89575ehjgcpdwnx80nka2umdfylauqrxlj4pz56sx7vfw,40933282970000,
822587feee2a961d9d56f6637c9fcc1b1ee84ab7d991326bdf758ee4232fc6e3,2024-02-25T21:48:08.941000,received,kaspa:qpzpfwcsqsxhxwup26r55fd0ghqlhyugz8cp6y3wxuddc02vcxtjg75pspnwz,40933282980000,MEXC
822587feee2a961d9d56f6637c9fcc1b1ee84ab7d991326bdf758ee4232fc6e3,2024-02-25T21:48:08.941000,received,kaspa:qpzpfwcsqsxhxwup26r55fd0ghqlhyugz8cp6y3wxuddc02vcxtjg75pspnwz,40933282980000,MEXC
822587feee2a961d9d56f6637c9fcc1b1ee84ab7d991326bdf758ee4232fc6e3,2024-02-25T21:48:08.941000,received,kaspa:qpzpfwcsqsxhxwup26r55fd0ghqlhyugz8cp6y3wxuddc02vcxtjg75pspnwz,40933282980000,MEXC
822587feee2a961d9d56f6637c9fcc1b1ee84ab7d991326bdf758ee4232fc6e3,2024-02-25T21:48:08.941000,received,kaspa:qpzpfwcsqsxhxwup26r55fd0ghqlhyugz8cp6y3wxuddc02vcxtjg75pspnwz,40933282980000,MEXC
822587feee2a961d9d56f6637c9fcc1b1ee84ab7d991326bdf758ee4232fc6e3,2024-02-25T21:48:08.941000,received,kaspa:qpzpfwcsqsxhxwup26r55fd0ghqlhyugz8cp6y3wxuddc02vcxtjg75pspnwz,40933282980000,MEXC
822587feee2a961d9d56f6637c9fcc1b1ee84ab7d991326bdf758ee4232fc6e3,2024-02-25T21:48:08.941000,received,kaspa:qpzpfwcsqsxhxwup26r55fd0ghqlhyugz8cp6y3wxuddc02vcxtjg75pspnwz,40933282980000,MEXC
822587feee2a961d9d56f6637c9fcc1b1ee84ab7d991326bdf758ee4232fc6e3,2024-02-25T21:48:08.941000,received,kaspa:qpzpfwcsqsxhxwup26r55fd0ghqlhyugz8cp6y3wxuddc02vcxtjg75pspnwz,40933282980000,MEXC
822587feee2a961d9d56f6637c9fcc1b1ee84ab7d991326bdf758ee4232fc6e3,2024-02-25T21:48:08.941000,received,kaspa:qpzpfwcsqsxhxwup26r55fd0ghqlhyugz8cp6y3wxuddc02vcxtjg75pspnwz,40933282980000,MEXC
822587feee2a961d9d56f6637c9fcc1b1ee84ab7d991326bdf758ee4232fc6e3,2024-02-25T21:48:08.941000,received,kaspa:qpzpfwcsqsxhxwup26r55fd0ghqlhyugz8cp6y3wxuddc02vcxtjg75pspnwz,40933282980000,MEXC
822587feee2a961d9d56f6637c9fcc1b1ee84ab7d991326bdf758ee4232fc6e3,2024-02-25T21:48:08.941000,received,kaspa:qpzpfwcsqsxhxwup26r55fd0ghqlhyugz8cp6y3wxuddc02vcxtjg75pspnwz,40933282980000,MEXC
822587feee2a961d9d56f6637c9fcc1b1ee84ab7d991326bdf758ee4232fc6e3,2024-02-25T21:48:08.941000,received,kaspa:qpzpfwcsqsxhxwup26r55fd0ghqlhyugz8cp6y3wxuddc02vcxtjg75pspnwz,40933282980000,MEXC
822587feee2a961d9d56f6637c9fcc1b1ee84ab7d991326bdf758ee4232fc6e3,2024-02-25T21:48:08.941000,received,kaspa:qpzpfwcsqsxhxwup26r55fd0ghqlhyugz8cp6y3wxuddc02vcxtjg75pspnwz,40933282980000,MEXC
822587feee2a961d9d56f6637c9fcc1b1ee84ab7d991326bdf758ee4232fc6e3,2024-02-25T21:48:08.941000,received,kaspa:qpzpfwcsqsxhxwup26r55fd0ghqlhyugz8cp6y3wxuddc02vcxtjg75pspnwz,40933282980000,MEXC
822587feee2a961d9d56f6637c9fcc1b1ee84ab7d991326bdf758ee4232fc6e3,2024-02-25T21:48:08.941000,received,kaspa:qpzpfwcsqsxhxwup26r55fd0ghqlhyugz8cp6y3wxuddc02vcxtjg75pspnwz,40933282980000,MEXC
822587feee2a961d9d56f6637c9fcc1b1ee84ab7d991326bdf758ee4232fc6e3,2024-02-25T21:48:08.941000,received,kaspa:qpzpfwcsqsxhxwup26r55fd0ghqlhyugz8cp6y3wxuddc02vcxtjg75pspnwz,40933282980000,MEXC
822587feee2a961d9d56f6637c9fcc1b1ee84ab7d991326bdf758ee4232fc6e3,2024-02-25T21:48:08.941000,received,kaspa:qpzpfwcsqsxhxwup26r55fd0ghqlhyugz8cp6y3wxuddc02vcxtjg75pspnwz,40933282980000,MEXC
822587feee2a961d9d56f6637c9fcc1b1ee84ab7d991326bdf758ee4232fc6e3,2024-02-25T21:48:08.941000,received,kaspa:qpzpfwcsqsxhxwup26r55fd0ghqlhyugz8cp6y3wxuddc02vcxtjg75pspnwz,40933282980000,MEXC
822587feee2a961d9d56f6637c9fcc1b1ee84ab7d991326bdf758ee4232fc6e3,2024-02-25T21:48:08.941000,received,kaspa:qpzpfwcsqsxhxwup26r55fd0ghqlhyugz8cp6y3wxuddc02vcxtjg75pspnwz,40933282980000,MEXC
822587feee2a961d9d56f6637c9fcc1b1ee84ab7d991326bdf758ee4232fc6e3,2024-02-25T21:48:08.941000,received,kaspa:qpzpfwcsqsxhxwup26r55fd0ghqlhyugz8cp6y3wxuddc02vcxtjg75pspnwz,40933282980000,MEXC
822587feee2a961d9d56f6637c9fcc1b1ee84ab7d991326bdf758ee4232fc6e3,2024-02-25T21:48:08.941000,received,kaspa:qpzpfwcsqsxhxwup26r55fd0ghqlhyugz8cp6y3wxuddc02vcxtjg75pspnwz,40933282980000,MEXC
822587feee2a961d9d56f6637c9fcc1b1ee84ab7d991326bdf758ee4232fc6e3,2024-02-25T21:48:08.941000,received,kaspa:qpzpfwcsqsxhxwup26r55fd0ghqlhyugz8cp6y3wxuddc02vcxtjg75pspnwz,40933282980000,MEXC
f4ba21355155ec8970854cb0bcb99fe0b43fa74cf80bc674e0375e88b222988f,2024-02-19T06:47:12.846000,sent,kaspa:qrg3780sjq4ps4ly89575ehjgcpdwnx80nka2umdfylauqrxlj4pz56sx7vfw,2200000000000,
f4ba21355155ec8970854cb0bcb99fe0b43fa74cf80bc674e0375e88b222988f,2024-02-19T06:47:12.846000,sent,kaspa:qp2tqpn6u57spn0v9ds44g2ptslw826cy9rccl0hhh88c763sv8yu6nuhe7uc,36888931990000,
611f7012a99f8ee6a7d3fbece0368eb0331022f3217b4315761600dc6a7efd73,2024-02-17T08:28:10.512000,received,kaspa:qqetp7ct8kqss99fxmymyz5t3fezppxp0t58wl6pawp27elqd46uudme00cl0,39088932000000,
611f7012a99f8ee6a7d3fbece0368eb0331022f3217b4315761600dc6a7efd73,2024-02-17T08:28:10.512000,received,kaspa:qpzpfwcsqsxhxwup26r55fd0ghqlhyugz8cp6y3wxuddc02vcxtjg75pspnwz,39088932000000,MEXC
86068bb69008eb94529faf1f3a07da57d3aa1941c1652094dae61e6a53d14de9,2024-02-15T14:53:55.811000,sent,kaspa:qrg3780sjq4ps4ly89575ehjgcpdwnx80nka2umdfylauqrxlj4pz56sx7vfw,46759464700000,
86068bb69008eb94529faf1f3a07da57d3aa1941c1652094dae61e6a53d14de9,2024-02-15T14:53:55.811000,sent,kaspa:qrg3780sjq4ps4ly89575ehjgcpdwnx80nka2umdfylauqrxlj4pz56sx7vfw,46759464700000,
86068bb69008eb94529faf1f3a07da57d3aa1941c1652094dae61e6a53d14de9,2024-02-15T14:53:55.811000,sent,kaspa:qrg3780sjq4ps4ly89575ehjgcpdwnx80nka2umdfylauqrxlj4pz56sx7vfw,46759464700000,
610c4c3ed06bdc1161bb88afd5ec406bd138ed7c1d4c5c84b8581af7710c7715,2024-02-14T10:36:42.928000,sent,kaspa:qrunp8qxrtlzfa9pfpzzye4zxswqxh20gjfzkp842mn9axhfad5wv8pnvc3vz,600000000000,
610c4c3ed06bdc1161bb88afd5ec406bd138ed7c1d4c5c84b8581af7710c7715,2024-02-14T10:36:42.928000,sent,kaspa:qpg7naczcqnrat0ntsnxlk49xp6q7zgwssjfa26g6rlljljs8emrw0aaqyzs5,16371570090000,
72baf3cee4241f9a828d9a462558ba8c16b725b9ac8138f2907001eee28e0619,2024-02-13T16:38:01.908000,received,kaspa:qqetp7ct8kqss99fxmymyz5t3fezppxp0t58wl6pawp27elqd46uudme00cl0,14707246000000,
72baf3cee4241f9a828d9a462558ba8c16b725b9ac8138f2907001eee28e0619,2024-02-13T16:38:01.908000,received,kaspa:qpzpfwcsqsxhxwup26r55fd0ghqlhyugz8cp6y3wxuddc02vcxtjg75pspnwz,14707246000000,MEXC
61a0f45fba6b6ce56879433f4c8498495bce328b87fb84c639331dbbbf6b8415,2024-02-13T16:31:29.240000,received,kaspa:qqywx2wszmnrsu0mzgav85rdwvzangfpdj9j3ady9jpr7hu4u8c2wl9wqgd6j,16971570100000,
5e2299500ce9d132e5197722fa06c56a56858b16b3968c3360a37ae65d373be2,2024-02-13T15:09:12.189000,received,kaspa:qqywx2wszmnrsu0mzgav85rdwvzangfpdj9j3ady9jpr7hu4u8c2wl9wqgd6j,2549900000000,
5de0bacc6ffbce3c17ee223936e2720551cb3a2c56c68c00a73523681464a5bb,2024-02-13T13:45:55.119000,received,kaspa:qqywx2wszmnrsu0mzgav85rdwvzangfpdj9j3ady9jpr7hu4u8c2wl9wqgd6j,3130748670000,
0f6e96d26eca41d00698ba55d561a0958d0ac4fb152e38b1e708975604213fa6,2024-02-10T21:30:34.075000,sent,kaspa:qppw4wu4fkpwvdwrmf8kmmqywhg4k4u5dy2hgapahzucyqg26nprukz5yuwp7,1666666600000,
0f6e96d26eca41d00698ba55d561a0958d0ac4fb152e38b1e708975604213fa6,2024-02-10T21:30:34.075000,sent,kaspa:qq8h8ugt83xer4e5lfc7p055p35a7r5zcc4r3xu5r35hqy2kmk936yvpu2l8z,11832333390000,
03d9bf35780a2dd1cf9044e3955e8a616b583ffe0c89cce770a43cf6f93601b4,2024-02-06T16:43:59.421000,sent,kaspa:qppw4wu4fkpwvdwrmf8kmmqywhg4k4u5dy2hgapahzucyqg26nprukz5yuwp7,3204775800000,
03d9bf35780a2dd1cf9044e3955e8a616b583ffe0c89cce770a43cf6f93601b4,2024-02-06T16:43:59.421000,sent,kaspa:qpn4edmr5jy7uvtk3yqrcx77aqdrepnphkynq30yvn562tus4pw5zef4dqz83,23804125990000,
7d09a88f5a6c4aab074e0c24c71caa97ea5000d011871cbf6ee6481a89236c73,2024-01-30T22:23:35.724000,received,kaspa:qqywx2wszmnrsu0mzgav85rdwvzangfpdj9j3ady9jpr7hu4u8c2wl9wqgd6j,27008901800000,
7d09a88f5a6c4aab074e0c24c71caa97ea5000d011871cbf6ee6481a89236c73,2024-01-30T22:23:35.724000,received,kaspa:qqywx2wszmnrsu0mzgav85rdwvzangfpdj9j3ady9jpr7hu4u8c2wl9wqgd6j,27008901800000,
7d09a88f5a6c4aab074e0c24c71caa97ea5000d011871cbf6ee6481a89236c73,2024-01-30T22:23:35.724000,received,kaspa:qqywx2wszmnrsu0mzgav85rdwvzangfpdj9j3ady9jpr7hu4u8c2wl9wqgd6j,27008901800000,
7d09a88f5a6c4aab074e0c24c71caa97ea5000d011871cbf6ee6481a89236c73,2024-01-30T22:23:35.724000,received,kaspa:qqywx2wszmnrsu0mzgav85rdwvzangfpdj9j3ady9jpr7hu4u8c2wl9wqgd6j,27008901800000,
7d09a88f5a6c4aab074e0c24c71caa97ea5000d011871cbf6ee6481a89236c73,2024-01-30T22:23:35.724000,received,kaspa:qqywx2wszmnrsu0mzgav85rdwvzangfpdj9j3ady9jpr7hu4u8c2wl9wqgd6j,27008901800000,
b431658a48f679dd9d797b8d9ada6d1fcfe99a9ae421d46c4e6022c292ff4934,2024-01-30T22:19:14.646000,received,kaspa:qqywx2wszmnrsu0mzgav85rdwvzangfpdj9j3ady9jpr7hu4u8c2wl9wqgd6j,13499000000000,
