tx_id,timestamp,direction,peer_address,amount_sompi,cex_label
3354a3b73f2f6340f4822a7de9472d4209b0c1f58a4787b7557b0f3d8e4da97c,2024-04-13T11:54:34.982000,sent,kaspa:qpzpfwcsqsxhxwup26r55fd0ghqlhyugz8cp6y3wxuddc02vcxtjg75pspnwz,2000000000000,MEXC
3354a3b73f2f6340f4822a7de9472d4209b0c1f58a4787b7557b0f3d8e4da97c,2024-04-13T11:54:34.982000,sent,kaspa:qpjunp39ssazf4rzfxxu0hd35xggfxn6lq0ls9u9q6peevzcmcv4xmv9q4njd,20991759708738379,
f1a94c41941132723369cbe3bc8740ea95c607856fb2586a982ef278d5be1fee,2024-04-13T11:53:41.213000,received,kaspa:qq3k4du6wf2g26j7ds6fqmgtgavgm3zy676wntp2e52nsuns2n4s6xkndmx0y,131771530000,
394cced517b2259d73982e7ca01f1504ed3817da97ab99fee652b87257a96d57,2024-04-13T11:32:07.823000,sent,kaspa:qpzpfwcsqsxhxwup26r55fd0ghqlhyugz8cp6y3wxuddc02vcxtjg75pspnwz,2000000000000,MEXC
394cced517b2259d73982e7ca01f1504ed3817da97ab99fee652b87257a96d57,2024-04-13T11:32:07.823000,sent,kaspa:qpjunp39ssazf4rzfxxu0hd35xggfxn6lq0ls9u9q6peevzcmcv4xmv9q4njd,21042040882444024,
91e62a502e567b2ab01db9716c1d759b81db6c4eb4e037f595c9451441c09f61,2024-04-13T11:31:40.213000,received,kaspa:qpq94ntnvy8p9q6wrdwtn37xtspgashrydc0kuu8ctpyxulmh0wlxh2807zdh,99000000000,
6a544c022e5bd8b57fc370ee511db08486d4016b51fa7296abc7e788da1fee0d,2024-04-08T10:31:44.369000,sent,kaspa:qpzpfwcsqsxhxwup26r55fd0ghqlhyugz8cp6y3wxuddc02vcxtjg75pspnwz,2000000000000,MEXC
6a544c022e5bd8b57fc370ee511db08486d4016b51fa7296abc7e788da1fee0d,2024-04-08T10:31:44.369000,sent,kaspa:qpjunp39ssazf4rzfxxu0hd35xggfxn6lq0ls9u9q6peevzcmcv4xmv9q4njd,20087299775833769,
0c21e485f366001153f1e8807299ed372e1abd8637ccf518aef734e04a3468fa,2024-04-08T10:30:28.695000,received,kaspa:qpq94ntnvy8p9q6wrdwtn37xtspgashrydc0kuu8ctpyxulmh0wlxh2807zdh,715334800000,
d26984eeebdde7fc72b0490680b99789394455cf0d9d647e2536a54c25ab1967,2024-04-08T10:09:09.320000,sent,kaspa:qpzpfwcsqsxhxwup26r55fd0ghqlhyugz8cp6y3wxuddc02vcxtjg75pspnwz,2000000000000,MEXC
d26984eeebdde7fc72b0490680b99789394455cf0d9d647e2536a54c25ab1967,2024-04-08T10:09:09.320000,sent,kaspa:qpjunp39ssazf4rzfxxu0hd35xggfxn6lq0ls9u9q6peevzcmcv4xmv9q4njd,20111269467867749,
d7cae38efa9cf7df86c68b1f4a904690bb8a69a2e3fdba1047000f32a7b2f3f8,2024-04-08T10:07:48.005000,received,kaspa:qq3k4du6wf2g26j7ds6fqmgtgavgm3zy676wntp2e52nsuns2n4s6xkndmx0y,399000000000,
2ace8b1668fdaf52b95c97d971b5076fba7c5c7f97df22c6da4a8fc3ac76c37d,2024-03-27T04:26:35.751000,sent,kaspa:qpzpfwcsqsxhxwup26r55fd0ghqlhyugz8cp6y3wxuddc02vcxtjg75pspnwz,2000000000000,MEXC
2ace8b1668fdaf52b95c97d971b5076fba7c5c7f97df22c6da4a8fc3ac76c37d,2024-03-27T04:26:35.751000,sent,kaspa:qpjunp39ssazf4rzfxxu0hd35xggfxn6lq0ls9u9q6peevzcmcv4xmv9q4njd,20717919782004477,
4392849e521793243ac7548cdd6afb74bcd785425da21fe485be14bfaf6bc101,2024-03-27T04:24:10.558000,received,kaspa:qpq94ntnvy8p9q6wrdwtn37xtspgashrydc0kuu8ctpyxulmh0wlxh2807zdh,99000000000,
a524c572d18a3f92d424a14740c2a122941b435205cb7211d69c9bd71909bec6,2024-01-22T05:00:10.290000,sent,kaspa:qpjunp39ssazf4rzfxxu0hd35xggfxn6lq0ls9u9q6peevzcmcv4xmv9q4njd,439999120000,
5c7bc61f0e8467c4eadfd0578b47e5a01f18c7f991b22615129dfd65cbb70534,2023-12-09T01:50:47.526000,received,kaspa:qqwvnkp47wsj6n4hkdlgj8dsauyx0xvefunnwvvsmpq2udd0ka8ckmpuqw3k5,5000000000,
d1072cedce063087dbb019105c86f860983f1fc49409455c1c06566afda21083,2023-06-18T09:16:13.145000,sent,kaspa:qpjunp39ssazf4rzfxxu0hd35xggfxn6lq0ls9u9q6peevzcmcv4xmv9q4njd,8999999850000,
b9f6c627bb09213945719679ce1e7e2b0f459bc091d9302084735438d0394558,2023-04-03T12:34:46.991000,received,kaspa:qrvs9vn8cggduhvdqd7hlep954ejnnpq0s0yh88e2gth538r74jsx8ykf8kwt,600000000000,
b9f6c627bb09213945719679ce1e7e2b0f459bc091d9302084735438d0394558,2023-04-03T12:34:46.991000,received,kaspa:qrvs9vn8cggduhvdqd7hlep954ejnnpq0s0yh88e2gth538r74jsx8ykf8kwt,600000000000,
