tx_id,timestamp,direction,peer_address,amount_sompi,cex_label
5e3cafac85d33b10a2ad28d179e974e83d0ab3eb928c91e12c26bd5cc768bb31,2024-03-15T02:03:53.875000,sent,kaspa:qq9zagcza4jt76eev9jl5z0nqhe0thcu7js8larktj4sle7lvgnw7sfcewlty,2046100000000,
5e3cafac85d33b10a2ad28d179e974e83d0ab3eb928c91e12c26bd5cc768bb31,2024-03-15T02:03:53.875000,sent,kaspa:qq9zagcza4jt76eev9jl5z0nqhe0thcu7js8larktj4sle7lvgnw7sfcewlty,2046100000000,
5e3cafac85d33b10a2ad28d179e974e83d0ab3eb928c91e12c26bd5cc768bb31,2024-03-15T02:03:53.875000,sent,kaspa:qq9zagcza4jt76eev9jl5z0nqhe0thcu7js8larktj4sle7lvgnw7sfcewlty,2046100000000,
5e3cafac85d33b10a2ad28d179e974e83d0ab3eb928c91e12c26bd5cc768bb31,2024-03-15T02:03:53.875000,sent,kaspa:qq9zagcza4jt76eev9jl5z0nqhe0thcu7js8larktj4sle7lvgnw7sfcewlty,2046100000000,
5e3cafac85d33b10a2ad28d179e974e83d0ab3eb928c91e12c26bd5cc768bb31,2024-03-15T02:03:53.875000,sent,kaspa:qq9zagcza4jt76eev9jl5z0nqhe0thcu7js8larktj4sle7lvgnw7sfcewlty,2046100000000,
358a1b3c30de646c0dc51c4d4497a2dd6f10b05a64239aeeaec2304f708af906,2024-02-11T02:30:10.748000,received,kaspa:qpq94ntnvy8p9q6wrdwtn37xtspgashrydc0kuu8ctpyxulmh0wlxh2807zdh,1434110300000,
8c5e1993207d4b759aca680493a50a57f0fb25472d52f4a4d2db4012859516f5,2024-02-11T01:08:09.862000,received,kaspa:qpq94ntnvy8p9q6wrdwtn37xtspgashrydc0kuu8ctpyxulmh0wlxh2807zdh,500000000000,
df392f116f42cd12d98ac66038d1156ab26bc1b925af0d48907140719e3dee6e,2024-02-11T01:04:29.738000,received,kaspa:qpq94ntnvy8p9q6wrdwtn37xtspgashrydc0kuu8ctpyxulmh0wlxh2807zdh,100000000000,
1bae012994c051f6d95ba585b430d664d08fe57dc256b25827fad8ea385af57b,2024-02-11T01:02:06.190000,received,kaspa:qpq94ntnvy8p9q6wrdwtn37xtspgashrydc0kuu8ctpyxulmh0wlxh2807zdh,10000000000,
9e2fa199c06d2bf8647ea9b9e8ae5101d46274cede5fa0e367c8b88f61208aeb,2024-02-11T00:14:26.731000,received,kaspa:qpq94ntnvy8p9q6wrdwtn37xtspgashrydc0kuu8ctpyxulmh0wlxh2807zdh,2000000000,
