tx_id,timestamp,direction,peer_address,amount_sompi,cex_label
aa7a9bff90f9cc848acdcf775de843ff7818f3aab67e631e54870b2169978b4e,2023-12-13T10:58:01.859000,sent,kaspa:qpvye489trt0qjkj7t4zmv3a0nymjeyxv4l0myt32czmqyll0smfs5hs8d5e3,52322900000,
9ab7fdb88f2c8da50c8c8a5ab4db390268794a9cdbe90680e3fbd3e3459f63eb,2023-12-12T14:25:14.781000,received,kaspa:qypswxtcrv4ssyjaswy5w9387vq73mkuyq85tl34cee6qn5uexqy0csgnafnjx7,171000000,
8281dd18dd9ea1c3bb1c97fc0e160f5dc83697e6e5d277637aac4cf48e63920a,2023-11-28T22:35:12.315000,sent,kaspa:qyph4duspfckf7v4d0cr3yzndndx9upd2w63j93d504y3fgvdygvckc3600anhs,18000000,
8281dd18dd9ea1c3bb1c97fc0e160f5dc83697e6e5d277637aac4cf48e63920a,2023-11-28T22:35:12.315000,sent,kaspa:qzas7e6caml7sh4lpk0empawm4smpn76xlaehc6trzpua75a6yrdz9xh858z6,3837860000,
d57b6cba735d435581d0a1b34216730e540aafe70fbe5a0544f90c6bd7fda28a,2023-11-28T22:29:52.067000,received,kaspa:qrvecj2n5g2e9f58l8ez2au8kd32uufamyt9y34kadar7g6h3rmzv62hxy8lw,3855870000,
