tx_id,timestamp,direction,peer_address,amount_sompi,cex_label
d50dff58fbdfedd2e2c6c4000c1b2eaa71da6ffa86d8e50294be3ee255b906fd,2024-05-14T20:02:22.824000,sent,kaspa:qrf46klp3ud5d7m4cuxcs6uqmf2jq5emt9dxg2736mgyq40rzp0xvjh9alwyt,53000000000,
d50dff58fbdfedd2e2c6c4000c1b2eaa71da6ffa86d8e50294be3ee255b906fd,2024-05-14T20:02:22.824000,sent,kaspa:qpxfs92czufkwdgvle59duzmzwxf2vqyr9nuezzpfu4ce0ajhfvng7h4vynxl,7999920000,
a7e9f2452e1ebc838abbc1b1cdbeefcae518bda30181236d6e3ef886c6dfd2e4,2024-05-02T09:49:05.309000,received,kaspa:qqetp7ct8kqss99fxmymyz5t3fezppxp0t58wl6pawp27elqd46uudme00cl0,10000000000,
a7e9f2452e1ebc838abbc1b1cdbeefcae518bda30181236d6e3ef886c6dfd2e4,2024-05-02T09:49:05.309000,received,kaspa:qpzpfwcsqsxhxwup26r55fd0ghqlhyugz8cp6y3wxuddc02vcxtjg75pspnwz,10000000000,MEXC
