tx_id,timestamp,direction,peer_address,amount_sompi,cex_label
3cfd1c646bbd1b1415b2b0b8abb73a65854a7899cf68d5ac42f53c87d282d413,2023-12-12T20:29:11.056000,received,kaspa:qypswxtcrv4ssyjaswy5w9387vq73mkuyq85tl34cee6qn5uexqy0csgnafnjx7,171000000,
86080c1a7e823179cce9b62413b0daa997721b25756e33ee7c427e4d2051026e,2023-11-29T11:00:19.290000,sent,kaspa:qypwljrn7h8st4epw56ghtnxyxy53hm7rsvk0c8j34xpe5lhxkzprwcsc3yqf0a,18000000,
86080c1a7e823179cce9b62413b0daa997721b25756e33ee7c427e4d2051026e,2023-11-29T11:00:19.290000,sent,kaspa:qypwljrn7h8st4epw56ghtnxyxy53hm7rsvk0c8j34xpe5lhxkzprwcsc3yqf0a,18000000,
0dd4d5a31bcb16c6f21b5b77fb222793ff28a4d2b2eb36606f17ce1eed6e5410,2023-11-26T09:33:34.873000,received,kaspa:qyp70qht6pjqk2yl6cwl2n296pgcnwmtj8w0clcle08m5p8yu4tg7kgvv4n0qrg,20000000,
0f6ac82a2bdfb537c341671b491be85c167967b3a2ead83bf826d04c2e9b012a,2023-11-18T08:30:00.439000,received,kaspa:qp7p30d80mdzwjw8wvtngtjpe9t38nrknh2ps6xc97uuluszykhyyknxlu3u6,20000000,
0f6ac82a2bdfb537c341671b491be85c167967b3a2ead83bf826d04c2e9b012a,2023-11-18T08:30:00.439000,received,kaspa:qp7p30d80mdzwjw8wvtngtjpe9t38nrknh2ps6xc97uuluszykhyyknxlu3u6,20000000,
