tx_id,timestamp,direction,peer_address,amount_sompi,cex_label
69154f1503c4d30c4de79c0e5cd07db5ed675371543c2bacce9083266fe27ab3,2024-01-17T19:54:49.589000,sent,kaspa:qqwvnkp47wsj6n4hkdlgj8dsauyx0xvefunnwvvsmpq2udd0ka8ckmpuqw3k5,999999900000,
bcc71957e1c0bbd5d89e16c5c94e0887cc271f86c422498c474250b5c5b50a77,2024-01-17T19:26:05.931000,received,kaspa:qrvum29vk365g0zcd5gx3c7h829etfq2ytdmscjzw4zw04fjfnprcg9c3tges,1000000000000,
17f5fd0bc3800bcb551bf0a1cdc074b8cd1bcbd7ddd66231b655ac736a1d3d52,2024-01-17T19:09:00.922000,sent,kaspa:qqwvnkp47wsj6n4hkdlgj8dsauyx0xvefunnwvvsmpq2udd0ka8ckmpuqw3k5,99999900000,
5dd5818dd5883e8063ad5cf657219a469fb4ab4d08e464a3c8c6121b3c53def4,2024-01-17T19:04:30.906000,received,kaspa:qrvum29vk365g0zcd5gx3c7h829etfq2ytdmscjzw4zw04fjfnprcg9c3tges,100000000000,
e09ef06cdc7871f50bc5dec9a01163efd01e8da16a68ca11d8ce092f5c0e0e09,2023-12-30T05:25:17.143000,sent,kaspa:qqwvnkp47wsj6n4hkdlgj8dsauyx0xvefunnwvvsmpq2udd0ka8ckmpuqw3k5,99999900000,
0a413a288e758ee1aab894161b8fcfd1e8d3897b7c1988064e0f8f45eba6f33c,2023-12-30T05:23:19.241000,received,kaspa:qrvum29vk365g0zcd5gx3c7h829etfq2ytdmscjzw4zw04fjfnprcg9c3tges,100000000000,
ae4139a608395f2d7aaffedef08f0867174e0086ce050e186629c2590df2ef0d,2023-12-30T05:07:29.987000,sent,kaspa:qqwvnkp47wsj6n4hkdlgj8dsauyx0xvefunnwvvsmpq2udd0ka8ckmpuqw3k5,11799900000,
023d7cb10db4824e5671aa31d1df84d18ab35d780803af2a42bda7f7140c03e0,2023-12-30T05:04:31.759000,received,kaspa:qqwvnkp47wsj6n4hkdlgj8dsauyx0xvefunnwvvsmpq2udd0ka8ckmpuqw3k5,11800000000,
023d7cb10db4824e5671aa31d1df84d18ab35d780803af2a42bda7f7140c03e0,2023-12-30T05:04:31.759000,received,kaspa:qqwvnkp47wsj6n4hkdlgj8dsauyx0xvefunnwvvsmpq2udd0ka8ckmpuqw3k5,11800000000,
023d7cb10db4824e5671aa31d1df84d18ab35d780803af2a42bda7f7140c03e0,2023-12-30T05:04:31.759000,received,kaspa:qqwvnkp47wsj6n4hkdlgj8dsauyx0xvefunnwvvsmpq2udd0ka8ckmpuqw3k5,11800000000,
023d7cb10db4824e5671aa31d1df84d18ab35d780803af2a42bda7f7140c03e0,2023-12-30T05:04:31.759000,received,kaspa:qqwvnkp47wsj6n4hkdlgj8dsauyx0xvefunnwvvsmpq2udd0ka8ckmpuqw3k5,11800000000,
023d7cb10db4824e5671aa31d1df84d18ab35d780803af2a42bda7f7140c03e0,2023-12-30T05:04:31.759000,received,kaspa:qqwvnkp47wsj6n4hkdlgj8dsauyx0xvefunnwvvsmpq2udd0ka8ckmpuqw3k5,11800000000,
2f2d9a2b8625686e7afd1c504429028d2916586b53d6c940509b1503883acc41,2023-12-30T04:56:05.944000,sent,kaspa:qqwvnkp47wsj6n4hkdlgj8dsauyx0xvefunnwvvsmpq2udd0ka8ckmpuqw3k5,4999900000,
2dad7e10a1abe153fc7028a3ba261a5e3e8f02ef8174fda2fb473a7cf5cb5f66,2023-12-30T04:50:52.285000,received,kaspa:qrvum29vk365g0zcd5gx3c7h829etfq2ytdmscjzw4zw04fjfnprcg9c3tges,5000000000,
d17640e4535062a0c3bf34e1d40d9aad03a310235990c461e400f3b99b6d9b8f,2023-12-30T04:49:00.372000,sent,kaspa:qqwvnkp47wsj6n4hkdlgj8dsauyx0xvefunnwvvsmpq2udd0ka8ckmpuqw3k5,5499900000,
d17640e4535062a0c3bf34e1d40d9aad03a310235990c461e400f3b99b6d9b8f,2023-12-30T04:49:00.372000,sent,kaspa:qqwvnkp47wsj6n4hkdlgj8dsauyx0xvefunnwvvsmpq2udd0ka8ckmpuqw3k5,5499900000,
37682af737d85129d71960ea34ce54be30569bd78453ccf60bf3dadad913cfae,2023-12-25T05:01:38.064000,received,kaspa:qrvum29vk365g0zcd5gx3c7h829etfq2ytdmscjzw4zw04fjfnprcg9c3tges,5000000000,
fbc01f223d3b0c59b187f32d55042d885de6ce8bab0a97a857f48b98793429b8,2023-12-25T04:46:06.205000,received,kaspa:qrvum29vk365g0zcd5gx3c7h829etfq2ytdmscjzw4zw04fjfnprcg9c3tges,500000000,
55d0fd517ff2a80a11671321c0d3f1ed8afe6410d96d70015e9cf5792a38813e,2023-12-25T02:08:35.968000,sent,kaspa:qqwvnkp47wsj6n4hkdlgj8dsauyx0xvefunnwvvsmpq2udd0ka8ckmpuqw3k5,4999900000,
962a3aa074a1405e7ec50ed6e377610d0484b89083f34b83ebd1b4b78d07c345,2023-12-25T01:58:10.857000,received,kaspa:qrvum29vk365g0zcd5gx3c7h829etfq2ytdmscjzw4zw04fjfnprcg9c3tges,5000000000,
