tx_id,timestamp,direction,peer_address,amount_sompi,cex_label
27a8b08889a791702f5ec2f29bf15ed1cacb0a4ae67ad055525ee5a092cd9be9,2023-12-12T19:59:11.148000,received,kaspa:qypswxtcrv4ssyjaswy5w9387vq73mkuyq85tl34cee6qn5uexqy0csgnafnjx7,171000000,
17dbdc79baec6fa34a2909ae34a06f33162226160f073c3826e95d84c0907814,2023-11-29T10:16:09.137000,sent,kaspa:qypkvlcs0chwhg85z9slm93l6xtejhtdc8ewzp7vvdd6tx7qzfa66rgu0jd6d8q,18000000,
17dbdc79baec6fa34a2909ae34a06f33162226160f073c3826e95d84c0907814,2023-11-29T10:16:09.137000,sent,kaspa:qphscej9dh34uvc950sccypjuq3d4uqjkzagsumvauny53ar7z7jw5tgunxyu,1035430000,
2bec8b2337f74afa212e66d7cc7140fa16bc2a07f042418ab2bf498d21877acc,2023-11-29T10:07:19.583000,received,kaspa:qpyq0kdj2hts60qe4mu6gcynsuhcuz3xvyu62gmytqk4ns528307zuc0csgss,1053440000,
