tx_id,timestamp,direction,peer_address,amount_sompi,cex_label
f5a9987fafb780d65fdb4ea079d0e082e3218d1a9defc57548dfe3313daaffa2,2024-07-01T02:53:28.774000,sent,kaspa:qzzfm257rf79uk0g35pmlvufacz655upmhfqkk85uctve565fy9fxfgneycqt,100000000000,
f5a9987fafb780d65fdb4ea079d0e082e3218d1a9defc57548dfe3313daaffa2,2024-07-01T02:53:28.774000,sent,kaspa:qr2vv9mpa7jmhhl7prwj0wag87ktjkdh8zgt3raqt8r44y6a0c6l6qyc4cvql,179624485,
ae920bb8f7fe76ab4b97924adbcbf14ee237db33bcf9655aba938e8be06506c6,2024-06-29T05:56:46.964000,received,kaspa:qppr7q4mykgfw4s37lh4z7pqa6x5a5aya9g0ku4dvyk4rttf2smrxk4680npn,38706930390,
05ac7c647325d0ec226313214eb27eb25f1c310541868b1b8647df8381b3c523,2023-09-29T21:21:27.167000,sent,kaspa:qznvtcjl2vnvxanp75mk2gwj4kvmd3q8hllu8y99jm5px4zt7v8g5qf05f366,253726858426,
e9f0fa7877e4c600eac287b07ab85aac0342e6590a3912281b47b3de31f535ef,2023-09-24T13:58:03.350000,received,kaspa:qqwvnkp47wsj6n4hkdlgj8dsauyx0xvefunnwvvsmpq2udd0ka8ckmpuqw3k5,159472035665,
e9f0fa7877e4c600eac287b07ab85aac0342e6590a3912281b47b3de31f535ef,2023-09-24T13:58:03.350000,received,kaspa:qqwvnkp47wsj6n4hkdlgj8dsauyx0xvefunnwvvsmpq2udd0ka8ckmpuqw3k5,159472035665,
e9f0fa7877e4c600eac287b07ab85aac0342e6590a3912281b47b3de31f535ef,2023-09-24T13:58:03.350000,received,kaspa:qqwvnkp47wsj6n4hkdlgj8dsauyx0xvefunnwvvsmpq2udd0ka8ckmpuqw3k5,159472035665,
e9f0fa7877e4c600eac287b07ab85aac0342e6590a3912281b47b3de31f535ef,2023-09-24T13:58:03.350000,received,kaspa:qqwvnkp47wsj6n4hkdlgj8dsauyx0xvefunnwvvsmpq2udd0ka8ckmpuqw3k5,159472035665,
e9f0fa7877e4c600eac287b07ab85aac0342e6590a3912281b47b3de31f535ef,2023-09-24T13:58:03.350000,received,kaspa:qqwvnkp47wsj6n4hkdlgj8dsauyx0xvefunnwvvsmpq2udd0ka8ckmpuqw3k5,159472035665,
e9f0fa7877e4c600eac287b07ab85aac0342e6590a3912281b47b3de31f535ef,2023-09-24T13:58:03.350000,received,kaspa:qqwvnkp47wsj6n4hkdlgj8dsauyx0xvefunnwvvsmpq2udd0ka8ckmpuqw3k5,159472035665,
e9f0fa7877e4c600eac287b07ab85aac0342e6590a3912281b47b3de31f535ef,2023-09-24T13:58:03.350000,received,kaspa:qqwvnkp47wsj6n4hkdlgj8dsauyx0xvefunnwvvsmpq2udd0ka8ckmpuqw3k5,159472035665,
e9f0fa7877e4c600eac287b07ab85aac0342e6590a3912281b47b3de31f535ef,2023-09-24T13:58:03.350000,received,kaspa:qqwvnkp47wsj6n4hkdlgj8dsauyx0xvefunnwvvsmpq2udd0ka8ckmpuqw3k5,159472035665,
02d43e007f70b5cf754a049d53cb589b188e8152ac99589d8a263e72484faa83,2023-09-08T06:56:59.904000,sent,kaspa:qqk45d0drc224wp84ylwzj3xy4hkjrnw5rak44uxdysx50alzvypy75vme84l,65700000000,
02d43e007f70b5cf754a049d53cb589b188e8152ac99589d8a263e72484faa83,2023-09-08T06:56:59.904000,sent,kaspa:qznyaug32zyyugetqyn8gff2ep439a5ywqk6fh836zwcmde3eaxxcqywaawp5,129393990000,
9cca3a28a5ab79e5ceb9c6702948788c8ff224174827b6a422a628ccf43d3a4b,2023-09-08T06:43:04.275000,received,kaspa:qqetp7ct8kqss99fxmymyz5t3fezppxp0t58wl6pawp27elqd46uudme00cl0,195094000000,
4ced5fc14fb25c9c0761a75bdc12c7042ec4c951cb82229a1d780158684e0b1d,2023-07-21T17:39:43.213000,sent,kaspa:qp56gcda0egwl0s32seame7smtsntcm6q45fttwt3u5xvvrajxgxqhr0upc00,240000000000,
4ced5fc14fb25c9c0761a75bdc12c7042ec4c951cb82229a1d780158684e0b1d,2023-07-21T17:39:43.213000,sent,kaspa:qrnc4hzvssyyqjtsf37tml5hxsp75uyd36077teftzyqfp4303ykj78kq3x4a,3442112212,
43409ecb7c4c7f733fce71c57cf1b53d9e4e2d77d05e8e02a4ee22f15d8dc31e,2023-07-18T08:41:30.777000,received,kaspa:qqwvnkp47wsj6n4hkdlgj8dsauyx0xvefunnwvvsmpq2udd0ka8ckmpuqw3k5,30000000000,
