tx_id,timestamp,direction,peer_address,amount_sompi,cex_label
98052c5a13c7df232e093f4fcaf9de45372ae4e697e8046d42dc1895c9361627,2023-04-29T01:44:39.162000,sent,kaspa:qp33fwjudjds4mwmsrmwwpgceqzqcmy9kmtraddzhs62eyc90sg7cnte9nrw2,12339221457,
98052c5a13c7df232e093f4fcaf9de45372ae4e697e8046d42dc1895c9361627,2023-04-29T01:44:39.162000,sent,kaspa:qqlnqvfhsuhak9dapha5yu7pntrsnnlqamhpvsujxh37yzzc0utzuf6ns87se,111175435838,
b46eb87c0474ca32abf050167063ad611e75aca558ae99edddaca95c00eb468d,2023-04-29T01:11:20.402000,received,kaspa:qqx6pgzcdjs8gknpsd2skkupgwpte5mkmwxgufk0vrrzhfq4w2zj5epg00h9t,123514667295,
b46eb87c0474ca32abf050167063ad611e75aca558ae99edddaca95c00eb468d,2023-04-29T01:11:20.402000,received,kaspa:qz7p5ku7frcj3jq8kafxm5mftngxk77rlgxs74q0jehx7pvp665hj55eqekcz,123514667295,
