tx_id,timestamp,direction,peer_address,amount_sompi,cex_label
742d4a9c439bce8ad6412f754da1a875983c1c9e219b8e9fe508c16e6d82431e,2023-12-20T15:25:14.748000,received,kaspa:qp5t0uvhzlkg4tscgyqrvn3q0hchw8a4y30xlu2jues80yc86vpfv4cyp4y40,59621,
742d4a9c439bce8ad6412f754da1a875983c1c9e219b8e9fe508c16e6d82431e,2023-12-20T15:25:14.748000,received,kaspa:qrgmm2ul0avkqkcnjgatl8yr53rd9dy70vwaaerfmn89vgxnuh0zqhxlz6yxm,59621,
742d4a9c439bce8ad6412f754da1a875983c1c9e219b8e9fe508c16e6d82431e,2023-12-20T15:25:14.748000,received,kaspa:qr57e63clcdknes3vfql4ykrqxyfcum2ulhwtwx3lllxxqapmtg5yhjaugedy,59621,
198e45f225118cba9a677ddd350222a1bea78ac146b319184a015ff014ac1575,2023-11-11T03:50:30.549000,sent,kaspa:qrjgnmexg66sh7e65eqk7vxah07dr99ud2m9krekhg8qw8pme5f5qf3pll4e3,49997931,
198e45f225118cba9a677ddd350222a1bea78ac146b319184a015ff014ac1575,2023-11-11T03:50:30.549000,sent,kaspa:qqk4cte9z9hjdzma7dmnmtt8ge0sj3aws9m5hqdt5pz7ke64rx9asn7u0wwwn,2101531,
1a4c5f808ae13f6a7cbbe21aab66eaaf547dc6d708bb0568c86a79a8e765c3aa,2023-11-11T03:49:52.815000,received,kaspa:qz28vs5jtsz88elyh2gqwg2xtyfkrtz4h6vcadxjcq8at0xdz83d6sx2zj76p,52101531,
1a4c5f808ae13f6a7cbbe21aab66eaaf547dc6d708bb0568c86a79a8e765c3aa,2023-11-11T03:49:52.815000,received,kaspa:qrhwkwrnl2j6dm78j8gs3q6evjclwsm7cl4pu780fvx3ayj08sm26gh2cy7r0,52101531,
1a4c5f808ae13f6a7cbbe21aab66eaaf547dc6d708bb0568c86a79a8e765c3aa,2023-11-11T03:49:52.815000,received,kaspa:qr57e63clcdknes3vfql4ykrqxyfcum2ulhwtwx3lllxxqapmtg5yhjaugedy,52101531,
