tx_id,timestamp,direction,peer_address,amount_sompi,cex_label
6a9f2dffcc03fe8c4a1e590cf6916364c506b8ce2fca08ac42237fda61b83f07,2023-12-16T03:40:55.551000,sent,kaspa:qzslgwenzu78t6tldlng383g7ruu4enaljmnkgaulyrscjp7ldt26x8gfxck5,171940000,
6a9f2dffcc03fe8c4a1e590cf6916364c506b8ce2fca08ac42237fda61b83f07,2023-12-16T03:40:55.551000,sent,kaspa:qzslgwenzu78t6tldlng383g7ruu4enaljmnkgaulyrscjp7ldt26x8gfxck5,171940000,
d83777d69d55cf7667a98ae747e53f0fd3a6d3ef7ca11e9cba7ec504184dc58d,2023-12-12T00:39:17.109000,received,kaspa:qypswxtcrv4ssyjaswy5w9387vq73mkuyq85tl34cee6qn5uexqy0csgnafnjx7,171000000,
e73d913ee711935f98c460fd50c319c850f1197dffc92af5c7a3d8f009423b64,2023-11-27T14:48:56.584000,sent,kaspa:qype0z8fnw6eyr4emrmrkp8vy0txurft5uwez67wpdgqzlump7yxdpcavj3v9tr,18000000,
e363509bb21908752fce57ff69dce2a526736c65e1acdaa73d9dbb78d778d78f,2023-11-27T13:10:14.770000,received,kaspa:qpwhru0ycq9aqhmkwzwsz5q888cxytn6pjlhang56rff0m2ysh727vazd7ejt,19000000,
