tx_id,timestamp,direction,peer_address,amount_sompi,cex_label
d1dba0d72a442ee191139e7fdec991ee4cfbead8fdf55b821b4a124d03ea38b4,2023-12-13T03:03:35.103000,sent,kaspa:qzur03nkqdu3w209dxmpttyp028ttkt3jy86tq3f6zmk9ydvz7s7yf4lpz8dq,7352570000,
c264133e5ee8cf3761d1ace4f85325e36f09cf3965b1b09dd88fb1c8605f9736,2023-12-12T09:11:38.380000,received,kaspa:qypswxtcrv4ssyjaswy5w9387vq73mkuyq85tl34cee6qn5uexqy0csgnafnjx7,171000000,
0aa7a0e86909d0bfd1e5c274d0f8325ad5a688804c79022a57437f91f353fd35,2023-11-28T12:50:01.755000,sent,kaspa:qypwpgsf9q9jlscsfp0xvwrtme9g7ljsjakvrvnkf4scp2cacskslwqjlje3s0q,18000000,
0aa7a0e86909d0bfd1e5c274d0f8325ad5a688804c79022a57437f91f353fd35,2023-11-28T12:50:01.755000,sent,kaspa:qpck48kuh89n6wmma3khvqwq2fwkdqgmjnzacjzemwg55e6fhek6sqcs48jff,982830000,
159d99e8a37ec5aebb79e310aecde86abdd7528add7aacb0cbb4ab60e21c064c,2023-11-28T12:24:19.841000,received,kaspa:qpy54d6sjaej24munvqjhmld0c5vsk7u25uz3lux4mhheslfcmglwjm0s0nws,1000840000,
