tx_id,timestamp,direction,peer_address,amount_sompi,cex_label
1b7a4ad94b21d76ac9dc9116bb677559a6977adce32bc11cebd2e0937830b784,2023-12-16T04:46:03.179000,sent,kaspa:qzslgwenzu78t6tldlng383g7ruu4enaljmnkgaulyrscjp7ldt26x8gfxck5,171940000,
1b7a4ad94b21d76ac9dc9116bb677559a6977adce32bc11cebd2e0937830b784,2023-12-16T04:46:03.179000,sent,kaspa:qzslgwenzu78t6tldlng383g7ruu4enaljmnkgaulyrscjp7ldt26x8gfxck5,171940000,
a17b1120b37ff5826617ce746ae561e7335b983fed691e2bf527f1ebc580b4b2,2023-12-12T21:08:28.993000,received,kaspa:qypswxtcrv4ssyjaswy5w9387vq73mkuyq85tl34cee6qn5uexqy0csgnafnjx7,171000000,
08dcaddfb2ec31a56cdebd5491efeea3a4eaec212fef2996d4775e503b739a43,2023-11-29T11:57:58.020000,sent,kaspa:qypvjp5mfye94qnflrqf23uws62mtpvcwvk5n5hufmq3p8tgann5fpqlap32kfj,18000000,
99025a8655a49739782783f7910a4d8c17b2a63752b1b48f43d811289216641f,2023-11-27T21:21:00.094000,received,kaspa:qzmylezddvj3n5hr4d4yl2gkkukqqf8wsx3gq2devnvyjla5z94lqz3fhkqqh,19000000,
