tx_id,timestamp,direction,peer_address,amount_sompi,cex_label
75d2363fcfcd9cb730d9e300490d8ae37a5f85fa20f4e75d88113d5ecab04fab,2023-12-16T03:13:49.664000,sent,kaspa:qzslgwenzu78t6tldlng383g7ruu4enaljmnkgaulyrscjp7ldt26x8gfxck5,171940000,
75d2363fcfcd9cb730d9e300490d8ae37a5f85fa20f4e75d88113d5ecab04fab,2023-12-16T03:13:49.664000,sent,kaspa:qzslgwenzu78t6tldlng383g7ruu4enaljmnkgaulyrscjp7ldt26x8gfxck5,171940000,
8be148fa51f4213900943ddc7b7ba23717ae3bf6f4413bd2983e0eec5e9f1023,2023-12-11T23:23:11.641000,received,kaspa:qypswxtcrv4ssyjaswy5w9387vq73mkuyq85tl34cee6qn5uexqy0csgnafnjx7,171000000,
edfcbb6bb1cc0b5d55937728bdebc0ed4c107e61dce2d4729c8daf9e381b3607,2023-11-27T13:33:26.885000,sent,kaspa:qypg7n85xejm5jkecnseesh2gl3aq6tsts8fj88gpfgjuxl3w93gzlgzlnp6g4r,18000000,
a2dd45e38807b68bbab29529c36c6d6789f0cbd306334cefbb545682233da8b2,2023-11-27T02:15:15.866000,received,kaspa:qpcj4v4l03pdcs68wsrv79zzsuucmvvvf5989w79ey4mjfgskn9qgl20lyc7y,19000000,
