tx_id,timestamp,direction,peer_address,amount_sompi,cex_label
7dbd6ac4cccd9bf369fb793fb301a8ce86d71439529f079cfd0de71b5bf35371,2023-12-16T04:03:41.765000,sent,kaspa:qzslgwenzu78t6tldlng383g7ruu4enaljmnkgaulyrscjp7ldt26x8gfxck5,171940000,
7dbd6ac4cccd9bf369fb793fb301a8ce86d71439529f079cfd0de71b5bf35371,2023-12-16T04:03:41.765000,sent,kaspa:qzslgwenzu78t6tldlng383g7ruu4enaljmnkgaulyrscjp7ldt26x8gfxck5,171940000,
8a37c0652e904d4d5b2261d33d35bb317fb5e28ac13cc045850d77b4b00894bb,2023-12-12T04:43:33.600000,received,kaspa:qypswxtcrv4ssyjaswy5w9387vq73mkuyq85tl34cee6qn5uexqy0csgnafnjx7,171000000,
71353dfc9a496c8169f003a2f9e48ecf18c8ac67171ab31e9444d2b98436ca74,2023-11-28T04:27:04.915000,sent,kaspa:qyp9jwl066ctt2jcv7n8uevy3jff9vhzvrnn6urxnxanrk9a6uwys8gpzlnrqwt,18000000,
185d38ed2ce115b2cebe19d504cfb5f328518c797098a7f3e8ecf3a90ee17055,2023-11-27T21:09:42.340000,received,kaspa:qr6uctv0jtk6hvppfh98yec3yrqtpqgaplm57220c0lf0nvhzqe7xx45xh4w0,19000000,
