tx_id,timestamp,direction,peer_address,amount_sompi,cex_label
b4194a026becefcf15a32221bf1350b2955d7b259120d4089f5773377ea6dd1b,2023-12-13T08:38:57.091000,sent,kaspa:qqh06puhtgsu5utuakvv88ewhppn4dtp0k4a2df0xxga6ytg5p7vzcs0tuml5,14363160000,
bbd6c6a61df8a6e02d7e9141fe4d7084dc59e68a622c3a0aa2b8ea16e6150a0b,2023-12-12T01:56:47.380000,received,kaspa:qypswxtcrv4ssyjaswy5w9387vq73mkuyq85tl34cee6qn5uexqy0csgnafnjx7,171000000,
8f315b47ef1be149884db96102949fa6717e9cb4e0a0c9704d61e997522ea0b9,2023-11-27T18:51:38.027000,sent,kaspa:qyp46tus2vt9e69t0wu7u9lrj2cky2emzf4js4eqrxs0j00fxnh042qh0pxgpp2,18000000,
8f315b47ef1be149884db96102949fa6717e9cb4e0a0c9704d61e997522ea0b9,2023-11-27T18:51:38.027000,sent,kaspa:qzka4eqp338qdwdwu3xt45kflxv3gt5ew99fjmr6gtavlmpfx0mh6y76hz5yz,437410000,
4035a88fc64ac50d52499d76ed496a8039f1bb7fa2233bb5c8592e9bfcdf2f00,2023-11-27T18:45:55.008000,received,kaspa:qr9d6pfyjgde4esj68vdtegzlccxwd2ym2cccxe3pjtf2lqpsamz70yc2ugkn,455420000,
