tx_id,timestamp,direction,peer_address,amount_sompi,cex_label
db2a1f36716d83419beb958064e67959a7f930f80c024f547472d54786001169,2023-12-16T04:13:21.221000,sent,kaspa:qzslgwenzu78t6tldlng383g7ruu4enaljmnkgaulyrscjp7ldt26x8gfxck5,171940000,
db2a1f36716d83419beb958064e67959a7f930f80c024f547472d54786001169,2023-12-16T04:13:21.221000,sent,kaspa:qzslgwenzu78t6tldlng383g7ruu4enaljmnkgaulyrscjp7ldt26x8gfxck5,171940000,
733f85a230ee3eaeafb7560479844215a19d4403f7e506711296b850ddfe9b88,2023-12-12T09:30:53.544000,received,kaspa:qypswxtcrv4ssyjaswy5w9387vq73mkuyq85tl34cee6qn5uexqy0csgnafnjx7,171000000,
bea0d3443e724a80c26f600e14bee59b8506a05dcee4c5750a9133489c09a6f2,2023-11-28T13:31:48.440000,sent,kaspa:qypv3p9z8e7qmms73sygkej89fz2d9hgqyh4xtld7g7lmenv0dna3uc4kwkpruu,18000000,
bacb5d397a1858af8e820c824a491d812d859ba0385863d971a3530f40043572,2023-11-27T18:00:17.661000,received,kaspa:qpedmf364umpvsyuzxh5lcnd0uq690kpewh2m64nphtu53uyflsex8djflldj,19000000,
