tx_id,timestamp,direction,peer_address,amount_sompi,cex_label
56c6021382c8b4a8b37a1d0215d548b7a8027ab3937fe2d8219696eacd4a1f96,2023-12-16T03:17:03,sent,kaspa:qzslgwenzu78t6tldlng383g7ruu4enaljmnkgaulyrscjp7ldt26x8gfxck5,171940000,
56c6021382c8b4a8b37a1d0215d548b7a8027ab3937fe2d8219696eacd4a1f96,2023-12-16T03:17:03,sent,kaspa:qzslgwenzu78t6tldlng383g7ruu4enaljmnkgaulyrscjp7ldt26x8gfxck5,171940000,
74c82f345ed87913044087dbc1140937250014727100629c44efc989ef7366e4,2023-12-12T02:49:28.112000,received,kaspa:qypswxtcrv4ssyjaswy5w9387vq73mkuyq85tl34cee6qn5uexqy0csgnafnjx7,171000000,
b0cbb56aa782bbbb7d15befeda44571d7ccd6bad1f917212384d680ca8abdc59,2023-11-28T00:45:27.891000,sent,kaspa:qyp8n7r2hpnadl7dq97kj98agef5965xrwclpg5xjrc2uzjggax3nnqfssdl2s0,18000000,
28a3a2d23c9a96fead107b4d39a8953043c5971a86fd25b8da983b1ec2d43467,2023-11-27T10:55:04.974000,received,kaspa:qpcj4v4l03pdcs68wsrv79zzsuucmvvvf5989w79ey4mjfgskn9qgl20lyc7y,19000000,
