tx_id,timestamp,direction,peer_address,amount_sompi,cex_label
6cb9e6bb03a1e555a803dc3c7ce80c085edf7674bfad0336ef8b9ceb13d25e72,2023-12-16T04:51:31.484000,sent,kaspa:qzslgwenzu78t6tldlng383g7ruu4enaljmnkgaulyrscjp7ldt26x8gfxck5,171940000,
6cb9e6bb03a1e555a803dc3c7ce80c085edf7674bfad0336ef8b9ceb13d25e72,2023-12-16T04:51:31.484000,sent,kaspa:qzslgwenzu78t6tldlng383g7ruu4enaljmnkgaulyrscjp7ldt26x8gfxck5,171940000,
39f41e33c6679409a3d3197b0ed9f0e23f148aeedf7f5b554d24a5bfac935832,2023-12-12T19:52:07.427000,received,kaspa:qypswxtcrv4ssyjaswy5w9387vq73mkuyq85tl34cee6qn5uexqy0csgnafnjx7,171000000,
aed9701e2e5eacf1a865a3d6787fa103dc155068a23e30d0ba08bc6662296fa5,2023-11-29T09:54:58.704000,sent,kaspa:qyph8c3ex02s3dvwrsm7kz82x5thq5jtkz22ml8mfjq9gt6q3nqtx7c8lyu78lj,18000000,
985310ffc826cc7c07122145873a3c7ad0c1b08aba1be411e9140a4dcf4d15fd,2023-11-28T23:46:25.681000,received,kaspa:qpyec5ee4mgzj57yuy4arhk69uzct3su92hc0c7h6xw0h7u9qy7vymgz2jay8,19000000,
