tx_id,timestamp,direction,peer_address,amount_sompi,cex_label
0fba945c825480514eee9f903bb243471b412b55019cd416785f65833a0c64bb,2023-12-13T21:19:45.972000,sent,kaspa:qpelsrhusu8reyv0veuzhsgh72uachgg5eu56nv997humdueysnnvswj7tsdk,2906830000,
3425f0795e5eb965dd91783be1cf9c18d1afe7404142a488382814af29e71888,2023-12-11T23:13:14.806000,received,kaspa:qypswxtcrv4ssyjaswy5w9387vq73mkuyq85tl34cee6qn5uexqy0csgnafnjx7,171000000,
91e49fcc80a7bdbc28f677f203d5bb106533d5b3f9330be07961921dc556abf3,2023-11-27T13:10:41.760000,sent,kaspa:qypf4h79mj25rxn2f3m7uq5m6dsjzhg4pkh3w365l3r4u9kgfjulmecxt2jylq3,18000000,
91e49fcc80a7bdbc28f677f203d5bb106533d5b3f9330be07961921dc556abf3,2023-11-27T13:10:41.760000,sent,kaspa:qz54apqhdkjls88sgtz987tdrc47phrpp2sqw9nexe3khr7c7jdcxxmsykv4u,59080000,
16298c7a6a03c702042420757150ed01ef73bb8e63655bcb26dd66004ab8fc80,2023-11-27T13:06:21.815000,received,kaspa:qz8uz29auy2y7cyh9dmyv9vug6xgwq7620tkqt0tzt7076nr4g0467mkz02w0,77090000,
