tx_id,timestamp,direction,peer_address,amount_sompi,cex_label
4dd4fec34bc3d8bd8c42c10c0991eaddcad685ab1d410027b72d195c4043ac39,2023-12-16T04:47:56.794000,sent,kaspa:qzslgwenzu78t6tldlng383g7ruu4enaljmnkgaulyrscjp7ldt26x8gfxck5,171940000,
4dd4fec34bc3d8bd8c42c10c0991eaddcad685ab1d410027b72d195c4043ac39,2023-12-16T04:47:56.794000,sent,kaspa:qzslgwenzu78t6tldlng383g7ruu4enaljmnkgaulyrscjp7ldt26x8gfxck5,171940000,
d198972c510c4313233ee96558a6e912ea6fc9a392004257629c28067b25b932,2023-12-12T18:49:16.875000,received,kaspa:qypswxtcrv4ssyjaswy5w9387vq73mkuyq85tl34cee6qn5uexqy0csgnafnjx7,171000000,
d0f0d4e4cf0f9572520473bb8794429135e352ee19da881691b5c32aff9b673c,2023-11-29T07:58:31.353000,sent,kaspa:qyp76wlvl2kzu4y0v80xgsjnd00qplc88ujqxga6e90h447yp0m6ncgva2x3zgd,18000000,
f2f64d40c8cae82ba9bafbad462d390459646e4a2f68b385c4e106fe8c4b01b5,2023-11-28T21:20:58.780000,received,kaspa:qz8v94urkf42xeundqczn5fwe0ja4ldhrgwl2h2hxp9u92phqjexj4rgag53r,19000000,
