tx_id,timestamp,direction,peer_address,amount_sompi,cex_label
cf3c1db38bcb28225deccdf5c9d201ee1a76decada37147bbb9605f62a09331f,2024-02-06T01:53:37.115000,sent,kaspa:qpl92zvp5yg82sk87mg5flsl320lrp0wqj0lknmw84ah8a0nw3kj7eld0jn8c,7861700000000,
64393d945a4eef5f3a2a4cf1cf7946b9242935b0ee7a544f853c6e7070677d88,2024-02-06T01:51:03.869000,sent,kaspa:qpl92zvp5yg82sk87mg5flsl320lrp0wqj0lknmw84ah8a0nw3kj7eld0jn8c,100000000000,
64393d945a4eef5f3a2a4cf1cf7946b9242935b0ee7a544f853c6e7070677d88,2024-02-06T01:51:03.869000,sent,kaspa:qpl92zvp5yg82sk87mg5flsl320lrp0wqj0lknmw84ah8a0nw3kj7eld0jn8c,100000000000,
194e60c222e8e5ce1fac185a38d039118f9feae68534949055fd6e4df7a18d93,2024-02-06T01:43:20.513000,received,kaspa:qq9zagcza4jt76eev9jl5z0nqhe0thcu7js8larktj4sle7lvgnw7sfcewlty,3269349800876,
1abe0bb408ba4d195a166abb110848a0d555f73e100beaf95088f3597aadcbe2,2024-01-09T05:43:50.806000,sent,kaspa:qptj97hhcgdl04wuyagsv3tf7c2s900r8m2hqzwy08fs76g7uaef7sk53qlnj,1000000000000,
6e4eac11dabf7c60d0d43814dfcf669cf21cd8a7e564f67b63cfa5cab0f12467,2024-01-09T05:28:51.286000,sent,kaspa:qptj97hhcgdl04wuyagsv3tf7c2s900r8m2hqzwy08fs76g7uaef7sk53qlnj,1000000000000,
5087e3a635f39d205727dc21c3bd710110b6d3197a6e08dd8740eababcd6d627,2024-01-05T21:12:59.920000,sent,kaspa:qptj97hhcgdl04wuyagsv3tf7c2s900r8m2hqzwy08fs76g7uaef7sk53qlnj,1000000000000,
5087e3a635f39d205727dc21c3bd710110b6d3197a6e08dd8740eababcd6d627,2024-01-05T21:12:59.920000,sent,kaspa:qptj97hhcgdl04wuyagsv3tf7c2s900r8m2hqzwy08fs76g7uaef7sk53qlnj,1000000000000,
e6c28153030da0833b58c75149d02c88fd7c52ff1c1e256432f2d04bd0f3daf8,2024-01-05T05:39:00.356000,received,kaspa:qzsr46ynvc68m9dk36sjqcjxsp3t3tquw27st8wzqu73z45d0gr0u3fpwkxpz,1999170000000,
e6c28153030da0833b58c75149d02c88fd7c52ff1c1e256432f2d04bd0f3daf8,2024-01-05T05:39:00.356000,received,kaspa:qza9qxwr379k5akfzudrs6ypw0n524ppnmv60we3lkk6umc3vxxhvpwah8dg0,1999170000000,
e6c28153030da0833b58c75149d02c88fd7c52ff1c1e256432f2d04bd0f3daf8,2024-01-05T05:39:00.356000,received,kaspa:qza9qxwr379k5akfzudrs6ypw0n524ppnmv60we3lkk6umc3vxxhvpwah8dg0,1999170000000,
e6c28153030da0833b58c75149d02c88fd7c52ff1c1e256432f2d04bd0f3daf8,2024-01-05T05:39:00.356000,received,kaspa:qza9qxwr379k5akfzudrs6ypw0n524ppnmv60we3lkk6umc3vxxhvpwah8dg0,1999170000000,
e6c28153030da0833b58c75149d02c88fd7c52ff1c1e256432f2d04bd0f3daf8,2024-01-05T05:39:00.356000,received,kaspa:qza9qxwr379k5akfzudrs6ypw0n524ppnmv60we3lkk6umc3vxxhvpwah8dg0,1999170000000,
e6c28153030da0833b58c75149d02c88fd7c52ff1c1e256432f2d04bd0f3daf8,2024-01-05T05:39:00.356000,received,kaspa:qza9qxwr379k5akfzudrs6ypw0n524ppnmv60we3lkk6umc3vxxhvpwah8dg0,1999170000000,
e6c28153030da0833b58c75149d02c88fd7c52ff1c1e256432f2d04bd0f3daf8,2024-01-05T05:39:00.356000,received,kaspa:qza9qxwr379k5akfzudrs6ypw0n524ppnmv60we3lkk6umc3vxxhvpwah8dg0,1999170000000,
e6c28153030da0833b58c75149d02c88fd7c52ff1c1e256432f2d04bd0f3daf8,2024-01-05T05:39:00.356000,received,kaspa:qza9qxwr379k5akfzudrs6ypw0n524ppnmv60we3lkk6umc3vxxhvpwah8dg0,1999170000000,
e6c28153030da0833b58c75149d02c88fd7c52ff1c1e256432f2d04bd0f3daf8,2024-01-05T05:39:00.356000,received,kaspa:qza9qxwr379k5akfzudrs6ypw0n524ppnmv60we3lkk6umc3vxxhvpwah8dg0,1999170000000,
e6c28153030da0833b58c75149d02c88fd7c52ff1c1e256432f2d04bd0f3daf8,2024-01-05T05:39:00.356000,received,kaspa:qza9qxwr379k5akfzudrs6ypw0n524ppnmv60we3lkk6umc3vxxhvpwah8dg0,1999170000000,
e6c28153030da0833b58c75149d02c88fd7c52ff1c1e256432f2d04bd0f3daf8,2024-01-05T05:39:00.356000,received,kaspa:qza9qxwr379k5akfzudrs6ypw0n524ppnmv60we3lkk6umc3vxxhvpwah8dg0,1999170000000,
e6c28153030da0833b58c75149d02c88fd7c52ff1c1e256432f2d04bd0f3daf8,2024-01-05T05:39:00.356000,received,kaspa:qza9qxwr379k5akfzudrs6ypw0n524ppnmv60we3lkk6umc3vxxhvpwah8dg0,1999170000000,
e6c28153030da0833b58c75149d02c88fd7c52ff1c1e256432f2d04bd0f3daf8,2024-01-05T05:39:00.356000,received,kaspa:qza9qxwr379k5akfzudrs6ypw0n524ppnmv60we3lkk6umc3vxxhvpwah8dg0,1999170000000,
e6c28153030da0833b58c75149d02c88fd7c52ff1c1e256432f2d04bd0f3daf8,2024-01-05T05:39:00.356000,received,kaspa:qza9qxwr379k5akfzudrs6ypw0n524ppnmv60we3lkk6umc3vxxhvpwah8dg0,1999170000000,
e6c28153030da0833b58c75149d02c88fd7c52ff1c1e256432f2d04bd0f3daf8,2024-01-05T05:39:00.356000,received,kaspa:qza9qxwr379k5akfzudrs6ypw0n524ppnmv60we3lkk6umc3vxxhvpwah8dg0,1999170000000,
e6c28153030da0833b58c75149d02c88fd7c52ff1c1e256432f2d04bd0f3daf8,2024-01-05T05:39:00.356000,received,kaspa:qza9qxwr379k5akfzudrs6ypw0n524ppnmv60we3lkk6umc3vxxhvpwah8dg0,1999170000000,
e6c28153030da0833b58c75149d02c88fd7c52ff1c1e256432f2d04bd0f3daf8,2024-01-05T05:39:00.356000,received,kaspa:qp8l920zec2wf9f52lke0679pndl7vh4m5dtqrlxw0wg2wmgmcs8c2t02q3x2,1999170000000,
e6c28153030da0833b58c75149d02c88fd7c52ff1c1e256432f2d04bd0f3daf8,2024-01-05T05:39:00.356000,received,kaspa:qza9qxwr379k5akfzudrs6ypw0n524ppnmv60we3lkk6umc3vxxhvpwah8dg0,1999170000000,
41d80739c69982fc2ce5b69ba9fa743a77e8d22fe33ad45f8a42c8aa01ac149a,2024-01-04T16:30:49.133000,sent,kaspa:qpwe3nyltm9yjx4e29jxhn0643wcv2nxe75pcg7eaafjr8ecv0ms57pkrlscu,2000000000000,
5bf776081ebf5517c8a32aed93903ba024b83d61faeb53b95cabbab8ca70ec99,2023-12-14T22:34:53.025000,sent,kaspa:qqwvnkp47wsj6n4hkdlgj8dsauyx0xvefunnwvvsmpq2udd0ka8ckmpuqw3k5,1300676798779,
ca55c3afe20fb60248bd0761c8a3c61de41898928852701078de869d75651281,2023-12-14T22:03:28.538000,sent,kaspa:qptj97hhcgdl04wuyagsv3tf7c2s900r8m2hqzwy08fs76g7uaef7sk53qlnj,1300000000000,
892c53b0aebaa2f5d3c294a1c59d7c35cf68dd8f96512ab4da690377bb08a8b4,2023-12-14T06:46:45.195000,sent,kaspa:qqwvnkp47wsj6n4hkdlgj8dsauyx0xvefunnwvvsmpq2udd0ka8ckmpuqw3k5,1100576575511,
3b25313118ae9aa28517b8733b7158d6603faa5792c0d7fa8a766b9186b5073e,2023-12-14T06:13:02.597000,sent,kaspa:qptj97hhcgdl04wuyagsv3tf7c2s900r8m2hqzwy08fs76g7uaef7sk53qlnj,1300000000000,
17c2193e29bcda654d64fef9d2989b12dde5b894eddd4e311eabf4664a36731b,2023-12-14T05:58:02.746000,received,kaspa:qzyxqwc6aw9ddx7khn8w224zux2gshmnhpczmjal3af4ufnn68uc63m40dcga,12694499996780,
17c2193e29bcda654d64fef9d2989b12dde5b894eddd4e311eabf4664a36731b,2023-12-14T05:58:02.746000,received,kaspa:qrzuu8jpatpltrkex3p0v4h5k2f403xa0tarq8l89j0yjrfy56tkx7snqamsm,12694499996780,
