tx_id,timestamp,direction,peer_address,amount_sompi,cex_label
2d81be6ece2a257098a9dfa2ee7d52613355324662d43233f01a4676b24bc42b,2024-05-30T09:30:08.803000,sent,kaspa:qrrp83uzzvnu6v47vmyve3dnpz62p0gy75kpqw3wvz2nj92pntrvu0exyzc97,160000000000,
2d81be6ece2a257098a9dfa2ee7d52613355324662d43233f01a4676b24bc42b,2024-05-30T09:30:08.803000,sent,kaspa:qrrp83uzzvnu6v47vmyve3dnpz62p0gy75kpqw3wvz2nj92pntrvu0exyzc97,160000000000,
074e517f1868e1a6797fd6bacb491cd3b93e34de025b6f0fb95227ed896692f7,2024-05-29T07:31:48.857000,received,kaspa:qq9zagcza4jt76eev9jl5z0nqhe0thcu7js8larktj4sle7lvgnw7sfcewlty,35185671768,
0a5e67d4010718a523f4c9540c5a1311fd53a490118a281143cd3315e0ab7b0c,2024-05-29T07:28:51.779000,sent,kaspa:qrrp83uzzvnu6v47vmyve3dnpz62p0gy75kpqw3wvz2nj92pntrvu0exyzc97,900000000000,
0a5e67d4010718a523f4c9540c5a1311fd53a490118a281143cd3315e0ab7b0c,2024-05-29T07:28:51.779000,sent,kaspa:qrrp83uzzvnu6v47vmyve3dnpz62p0gy75kpqw3wvz2nj92pntrvu0exyzc97,900000000000,
d0661c8fe3640ad308421af61567c5aa7c053ff68d23b9589e0a41cbaac6e569,2024-03-14T09:16:51.403000,received,kaspa:qq9zagcza4jt76eev9jl5z0nqhe0thcu7js8larktj4sle7lvgnw7sfcewlty,23742494619,
d0661c8fe3640ad308421af61567c5aa7c053ff68d23b9589e0a41cbaac6e569,2024-03-14T09:16:51.403000,received,kaspa:qq9zagcza4jt76eev9jl5z0nqhe0thcu7js8larktj4sle7lvgnw7sfcewlty,23742494619,
456dbc800677dcc846d2a59268fccf21ef483f5bec25ad9a4b9e2ef1bfaba6ad,2024-01-01T08:02:19.834000,sent,kaspa:qq3xhxcczghc49j5zell394mev662upnqaasnt33mufjjrel7su2crgp8rv5k,85000000000,
5562af26ee0e8a7661b4f289175052667763568701675332ab142641eb0b3ac1,2023-11-09T09:29:31.730000,sent,kaspa:qq3xhxcczghc49j5zell394mev662upnqaasnt33mufjjrel7su2crgp8rv5k,1000000000000,
196bdd07b0ab83a85aec39ef494b4bf5caf5c039c6cf09fd7d6fae49368b5c53,2023-09-20T17:55:22.731000,sent,kaspa:qrrp83uzzvnu6v47vmyve3dnpz62p0gy75kpqw3wvz2nj92pntrvu0exyzc97,1000000000000,
d4ac5f97e553ef6ca4af9701daaa87efc74a73f31687e2a15874c7bbd1e51a92,2023-09-14T07:53:49.185000,sent,kaspa:qrrp83uzzvnu6v47vmyve3dnpz62p0gy75kpqw3wvz2nj92pntrvu0exyzc97,1600000000000,
cc2aa5da95a08af2de407c16266574bf2e789c57e3233ab072a58182149bdba1,2023-08-07T17:20:54.059000,sent,kaspa:qrrp83uzzvnu6v47vmyve3dnpz62p0gy75kpqw3wvz2nj92pntrvu0exyzc97,1750000000000,
2e17820d890e94708b89fada0add7766eaa6a7bd876ea33af06757de66988927,2023-08-07T17:17:16.035000,sent,kaspa:qqwvnkp47wsj6n4hkdlgj8dsauyx0xvefunnwvvsmpq2udd0ka8ckmpuqw3k5,500000000,
553390f05f6550dbb88c23e35881dc630aeec86e3516c5a640c63707a33bb881,2023-08-07T06:22:37.938000,sent,kaspa:qrrp83uzzvnu6v47vmyve3dnpz62p0gy75kpqw3wvz2nj92pntrvu0exyzc97,600000000000,
c426ee2b94bd54d32dc9b0a4c39a081f06dd3cda121b90107e6aac8fee7f50a9,2023-08-06T12:41:52.395000,sent,kaspa:qrrp83uzzvnu6v47vmyve3dnpz62p0gy75kpqw3wvz2nj92pntrvu0exyzc97,2010000000000,
7ee154427cbb514bc2adef8d7fcb6b2be2bb68df689972bfd77821d19b09afcb,2023-07-28T05:50:26.464000,sent,kaspa:qrrp83uzzvnu6v47vmyve3dnpz62p0gy75kpqw3wvz2nj92pntrvu0exyzc97,5600000000000,
76718c0da23c2856d15423a2e45e3df63d0c35cb70b3a55cd140a5d1e7c786b3,2023-07-17T21:16:25.540000,sent,kaspa:qrrp83uzzvnu6v47vmyve3dnpz62p0gy75kpqw3wvz2nj92pntrvu0exyzc97,2500000000000,
e85c34ff9dd616971309b56589d36c822e30f5bf569e6792dba7028ddfb97204,2023-07-10T11:42:32.580000,sent,kaspa:qrrp83uzzvnu6v47vmyve3dnpz62p0gy75kpqw3wvz2nj92pntrvu0exyzc97,1000000000000,
e85c34ff9dd616971309b56589d36c822e30f5bf569e6792dba7028ddfb97204,2023-07-10T11:42:32.580000,sent,kaspa:qrrp83uzzvnu6v47vmyve3dnpz62p0gy75kpqw3wvz2nj92pntrvu0exyzc97,1000000000000,
e85c34ff9dd616971309b56589d36c822e30f5bf569e6792dba7028ddfb97204,2023-07-10T11:42:32.580000,sent,kaspa:qrrp83uzzvnu6v47vmyve3dnpz62p0gy75kpqw3wvz2nj92pntrvu0exyzc97,1000000000000,
e85c34ff9dd616971309b56589d36c822e30f5bf569e6792dba7028ddfb97204,2023-07-10T11:42:32.580000,sent,kaspa:qrrp83uzzvnu6v47vmyve3dnpz62p0gy75kpqw3wvz2nj92pntrvu0exyzc97,1000000000000,
e85c34ff9dd616971309b56589d36c822e30f5bf569e6792dba7028ddfb97204,2023-07-10T11:42:32.580000,sent,kaspa:qrrp83uzzvnu6v47vmyve3dnpz62p0gy75kpqw3wvz2nj92pntrvu0exyzc97,1000000000000,
e85c34ff9dd616971309b56589d36c822e30f5bf569e6792dba7028ddfb97204,2023-07-10T11:42:32.580000,sent,kaspa:qrrp83uzzvnu6v47vmyve3dnpz62p0gy75kpqw3wvz2nj92pntrvu0exyzc97,1000000000000,
f0b9be58fe5005bd1920a6a5af6889d91561365514e3b63febf4e7c5a8127f4d,2023-06-27T14:48:02.159000,received,kaspa:qqetp7ct8kqss99fxmymyz5t3fezppxp0t58wl6pawp27elqd46uudme00cl0,2398152000000,
9603732d739992537f46fc4a7cf67815b73b0d4fe6df4ce1b4c8b25f28012825,2023-06-11T14:52:04.667000,received,kaspa:qqetp7ct8kqss99fxmymyz5t3fezppxp0t58wl6pawp27elqd46uudme00cl0,1319667000000,
f23cab6c69c4dc68a5b0752c1d1fd80a83c6a6d726686dd885f84bb7ff577b69,2023-06-11T02:52:38.018000,received,kaspa:qrsxu6caq5969cykxsa26hmxz8rt7s3c4cqn5sujtqawskewh6nuskdf3h2yw,14034610300000,
92c68b6bff63c16d3d53a5c0d2cbc9a6b6bb5cf9623bef99871cba7e211ab21f,2023-06-11T02:46:12.553000,received,kaspa:qrsxu6caq5969cykxsa26hmxz8rt7s3c4cqn5sujtqawskewh6nuskdf3h2yw,300000000000,
01a695a17cafab266c54fce353e109c0ae5b278351fe07faed173421731c4222,2023-06-11T02:34:58.564000,received,kaspa:qrsxu6caq5969cykxsa26hmxz8rt7s3c4cqn5sujtqawskewh6nuskdf3h2yw,50000000000,
01a695a17cafab266c54fce353e109c0ae5b278351fe07faed173421731c4222,2023-06-11T02:34:58.564000,received,kaspa:qrsxu6caq5969cykxsa26hmxz8rt7s3c4cqn5sujtqawskewh6nuskdf3h2yw,50000000000,
d7fbbb49af1f2f52ac26b0d499779bb25bb1ec687a6195cd14a18e8db8eef0e0,2023-06-10T12:53:02.703000,received,kaspa:qqetp7ct8kqss99fxmymyz5t3fezppxp0t58wl6pawp27elqd46uudme00cl0,47000000000,
