tx_id,timestamp,direction,peer_address,amount_sompi,cex_label
bec177b18ca64805ba07dd8a9d2a51842732df9b9304178a5c92fb7e955ead57,2023-04-02T21:22:58.381000,sent,kaspa:qr0u7s9wtpdr566p9nhcy07pzavp9flt26g7xn8v306h0447mwx92xa3564j8,1001000000000,
bec177b18ca64805ba07dd8a9d2a51842732df9b9304178a5c92fb7e955ead57,2023-04-02T21:22:58.381000,sent,kaspa:qzyvk08gylua97z4mrxdxamk3ctuvma80fmudpqw6555mptpq7vnk3nv6fg04,1113557997931,
ee38e0ef81d2d873027963a5f87abfcb43df81ee94688c20fdbdc6cbf69348df,2023-03-23T03:39:03.385000,received,kaspa:qqetp7ct8kqss99fxmymyz5t3fezppxp0t58wl6pawp27elqd46uudme00cl0,2114563000000,
2fe75bdacd91702f1f76b04b7040cd6a0617b762ca51937f499a6d4ad6efb87a,2022-12-01T02:32:10.647000,sent,kaspa:qzxp6upsvham7ghlk96vq2p64da9xsgl927nwuh057058vhpyjuuxc5lvthss,4990000000000,
2fe75bdacd91702f1f76b04b7040cd6a0617b762ca51937f499a6d4ad6efb87a,2022-12-01T02:32:10.647000,sent,kaspa:qzcr2g3krw0qtujh7rjqm4r0ej2vxweynm6mfzhj8m3uzgrjcg0lk49t8w73z,9805040993780,
5e9b8570e6712494c4c950af85246cbe464a5c80b3eb1c85959cfc31a9a018ea,2022-11-09T23:10:37.860000,received,kaspa:qpjunp39ssazf4rzfxxu0hd35xggfxn6lq0ls9u9q6peevzcmcv4xmv9q4njd,4042034000000,
