tx_id,timestamp,direction,peer_address,amount_sompi,cex_label
d491807878dfa456197f92fe720ca555bcc9bd86e5ff97e650bcdc62214348d6,2023-12-16T04:13:35.213000,sent,kaspa:qzslgwenzu78t6tldlng383g7ruu4enaljmnkgaulyrscjp7ldt26x8gfxck5,171940000,
d491807878dfa456197f92fe720ca555bcc9bd86e5ff97e650bcdc62214348d6,2023-12-16T04:13:35.213000,sent,kaspa:qzslgwenzu78t6tldlng383g7ruu4enaljmnkgaulyrscjp7ldt26x8gfxck5,171940000,
e4fb4f3deb0d9738335dbf42a26c95e06d58c3f1308dd67cd14e1f608e15fa62,2023-12-12T10:41:35.759000,received,kaspa:qypswxtcrv4ssyjaswy5w9387vq73mkuyq85tl34cee6qn5uexqy0csgnafnjx7,171000000,
cb16f892df51493237610ea2d00e2c59f1d978e0edaafdef63cff439288f2e90,2023-11-28T14:56:11.235000,sent,kaspa:qypwzd2y3gq4elgssgw6sp7ej5kknmt3ecgxhpn3662lfapnrcrk7ps96nygya4,18000000,
c69e5212e71ecf924f1c2341e693dfe20203ee1a4ffec03840e7799c7ecfe62c,2023-11-27T18:37:07.054000,received,kaspa:qznsqyf0c6lpntrap2url6fu7vjep5qcq6q47lg25zhv5d3dpkv5wjejk2su4,19000000,
