tx_id,timestamp,direction,peer_address,amount_sompi,cex_label
fbef447536f399ee227c40255416ee4de23c04519357c5e6423f2d9e14202457,2024-08-26T12:35:37.380000,sent,kaspa:qpzpfwcsqsxhxwup26r55fd0ghqlhyugz8cp6y3wxuddc02vcxtjg75pspnwz,2000000000000,MEXC
fbef447536f399ee227c40255416ee4de23c04519357c5e6423f2d9e14202457,2024-08-26T12:35:37.380000,sent,kaspa:qpjunp39ssazf4rzfxxu0hd35xggfxn6lq0ls9u9q6peevzcmcv4xmv9q4njd,599999970294,
01346cff1d29af58af254c647415d06007a4dc8f294b7492da0f33520121b905,2024-07-01T03:42:23.906000,received,kaspa:qqkgaw6u3dnx3luz8f8z4hu8s3pcwwsmlqwacgmxhxem768zd93658l7dfzgq,1299999992363,
01346cff1d29af58af254c647415d06007a4dc8f294b7492da0f33520121b905,2024-07-01T03:42:23.906000,received,kaspa:qqkgaw6u3dnx3luz8f8z4hu8s3pcwwsmlqwacgmxhxem768zd93658l7dfzgq,1299999992363,
01346cff1d29af58af254c647415d06007a4dc8f294b7492da0f33520121b905,2024-07-01T03:42:23.906000,received,kaspa:qqkgaw6u3dnx3luz8f8z4hu8s3pcwwsmlqwacgmxhxem768zd93658l7dfzgq,1299999992363,
01346cff1d29af58af254c647415d06007a4dc8f294b7492da0f33520121b905,2024-07-01T03:42:23.906000,received,kaspa:qqkgaw6u3dnx3luz8f8z4hu8s3pcwwsmlqwacgmxhxem768zd93658l7dfzgq,1299999992363,
01346cff1d29af58af254c647415d06007a4dc8f294b7492da0f33520121b905,2024-07-01T03:42:23.906000,received,kaspa:qqkgaw6u3dnx3luz8f8z4hu8s3pcwwsmlqwacgmxhxem768zd93658l7dfzgq,1299999992363,
01346cff1d29af58af254c647415d06007a4dc8f294b7492da0f33520121b905,2024-07-01T03:42:23.906000,received,kaspa:qqkgaw6u3dnx3luz8f8z4hu8s3pcwwsmlqwacgmxhxem768zd93658l7dfzgq,1299999992363,
b01fea47d7b3a094bc8d8c3ea4f730263fd1b26fbd638c4904c1b6d416742c62,2024-02-19T02:26:05.312000,sent,kaspa:qpzpfwcsqsxhxwup26r55fd0ghqlhyugz8cp6y3wxuddc02vcxtjg75pspnwz,2000000000000,MEXC
b01fea47d7b3a094bc8d8c3ea4f730263fd1b26fbd638c4904c1b6d416742c62,2024-02-19T02:26:05.312000,sent,kaspa:qpjunp39ssazf4rzfxxu0hd35xggfxn6lq0ls9u9q6peevzcmcv4xmv9q4njd,19997365782286515,
c5c9670dfc0ca0fadc95b4129d05695834e1b69e90dc2da42c70b5eadb07adc7,2024-02-19T02:25:48.852000,received,kaspa:qq6587at4hf796r48zgcle6zhzd8g32vk75c0r5s52gsp7epplqxxe6qm20lu,2071399994599,
c5c9670dfc0ca0fadc95b4129d05695834e1b69e90dc2da42c70b5eadb07adc7,2024-02-19T02:25:48.852000,received,kaspa:qq6587at4hf796r48zgcle6zhzd8g32vk75c0r5s52gsp7epplqxxe6qm20lu,2071399994599,
c5c9670dfc0ca0fadc95b4129d05695834e1b69e90dc2da42c70b5eadb07adc7,2024-02-19T02:25:48.852000,received,kaspa:qq6587at4hf796r48zgcle6zhzd8g32vk75c0r5s52gsp7epplqxxe6qm20lu,2071399994599,
c5c9670dfc0ca0fadc95b4129d05695834e1b69e90dc2da42c70b5eadb07adc7,2024-02-19T02:25:48.852000,received,kaspa:qq6587at4hf796r48zgcle6zhzd8g32vk75c0r5s52gsp7epplqxxe6qm20lu,2071399994599,
73e9988d81c2600aca30876ef8e0baf9dee5e933eac0d81da1e6d094609f01b9,2024-02-07T20:02:05.298000,sent,kaspa:qpzpfwcsqsxhxwup26r55fd0ghqlhyugz8cp6y3wxuddc02vcxtjg75pspnwz,2000000000000,MEXC
73e9988d81c2600aca30876ef8e0baf9dee5e933eac0d81da1e6d094609f01b9,2024-02-07T20:02:05.298000,sent,kaspa:qpjunp39ssazf4rzfxxu0hd35xggfxn6lq0ls9u9q6peevzcmcv4xmv9q4njd,20151888577580305,
c73a0d9a1e7a3a38d8ac7e72460ef18e31216ed1ccf29b8dafe0b51edadad6f8,2024-02-07T20:00:26.260000,received,kaspa:qz85tgpeapr9dgdafwex3ltmx7c6uhtv0k2f47r77lfs2yx9cx3r65kszd25h,178800000000,
5d36835fbf387c502f5dda3edc7a661cf0397504ef16096654f0d8d35a5e6102,2024-01-16T17:23:38.124000,sent,kaspa:qpzpfwcsqsxhxwup26r55fd0ghqlhyugz8cp6y3wxuddc02vcxtjg75pspnwz,2000000000000,MEXC
5d36835fbf387c502f5dda3edc7a661cf0397504ef16096654f0d8d35a5e6102,2024-01-16T17:23:38.124000,sent,kaspa:qpjunp39ssazf4rzfxxu0hd35xggfxn6lq0ls9u9q6peevzcmcv4xmv9q4njd,94147870739,
0449d5f89ea790c1bf0819082c90713d7111e71f7048ebdd15735fed28dc7c64,2024-01-15T11:22:48.585000,received,kaspa:qqwvnkp47wsj6n4hkdlgj8dsauyx0xvefunnwvvsmpq2udd0ka8ckmpuqw3k5,109900000000,
0f2d1324057ed69217c33852fcf362a82bcaf54c4865d67a3bcc73da84886cbd,2023-11-30T04:11:24.750000,sent,kaspa:qpzpfwcsqsxhxwup26r55fd0ghqlhyugz8cp6y3wxuddc02vcxtjg75pspnwz,30000000000000,MEXC
0f2d1324057ed69217c33852fcf362a82bcaf54c4865d67a3bcc73da84886cbd,2023-11-30T04:11:24.750000,sent,kaspa:qpjunp39ssazf4rzfxxu0hd35xggfxn6lq0ls9u9q6peevzcmcv4xmv9q4njd,148537135649,
1132bba3eabb2cb702da9d036df32277f5ba4579dc69f01cd68b2a36ed5b015f,2023-11-30T03:00:10.974000,received,kaspa:qqwvnkp47wsj6n4hkdlgj8dsauyx0xvefunnwvvsmpq2udd0ka8ckmpuqw3k5,10123919547218,
1132bba3eabb2cb702da9d036df32277f5ba4579dc69f01cd68b2a36ed5b015f,2023-11-30T03:00:10.974000,received,kaspa:qqwvnkp47wsj6n4hkdlgj8dsauyx0xvefunnwvvsmpq2udd0ka8ckmpuqw3k5,10123919547218,
70dd6fdc360a447919027a593efeb828ed8a969999b38f4d0ac1230d8526cd92,2023-11-25T00:26:59.952000,sent,kaspa:qpzpfwcsqsxhxwup26r55fd0ghqlhyugz8cp6y3wxuddc02vcxtjg75pspnwz,30000000000000,MEXC
70dd6fdc360a447919027a593efeb828ed8a969999b38f4d0ac1230d8526cd92,2023-11-25T00:26:59.952000,sent,kaspa:qpjunp39ssazf4rzfxxu0hd35xggfxn6lq0ls9u9q6peevzcmcv4xmv9q4njd,145280106553,
f38b53fd3634bac4cf4a7c713050ebd03523bbb9e50ed35529f3e1fe5c1e135b,2023-11-24T23:00:50.534000,received,kaspa:qqwvnkp47wsj6n4hkdlgj8dsauyx0xvefunnwvvsmpq2udd0ka8ckmpuqw3k5,399800050000,
9373950de4f57d46bed799ec470beaddaa63d28d014efb7756c7a93b0f8d84f9,2023-08-29T21:05:54.906000,sent,kaspa:qpjunp39ssazf4rzfxxu0hd35xggfxn6lq0ls9u9q6peevzcmcv4xmv9q4njd,446675920751998,
8f02470e39508d6642de67177a37a1bbb5fab197380efca0b56de684d9ee497b,2023-08-23T18:06:03.991000,sent,kaspa:qpjunp39ssazf4rzfxxu0hd35xggfxn6lq0ls9u9q6peevzcmcv4xmv9q4njd,43999999120000,
8f02470e39508d6642de67177a37a1bbb5fab197380efca0b56de684d9ee497b,2023-08-23T18:06:03.991000,sent,kaspa:qpjunp39ssazf4rzfxxu0hd35xggfxn6lq0ls9u9q6peevzcmcv4xmv9q4njd,43999999120000,
5cf7bc9cf7651ad067b822107117fac16442e56041534b476bcc515bd5cdf0de,2023-07-07T15:35:49.522000,sent,kaspa:qpjunp39ssazf4rzfxxu0hd35xggfxn6lq0ls9u9q6peevzcmcv4xmv9q4njd,141127611148587,
5cf7bc9cf7651ad067b822107117fac16442e56041534b476bcc515bd5cdf0de,2023-07-07T15:35:49.522000,sent,kaspa:qpjunp39ssazf4rzfxxu0hd35xggfxn6lq0ls9u9q6peevzcmcv4xmv9q4njd,141127611148587,
5ee9752049fc3189e3fa42095511e4c43fabf8a5a667b39aa7e35ae4b5a95703,2023-07-07T14:38:18.802000,received,kaspa:qzs5qezeym8kkzq2xl3v69enqvjvzj4dwsfrdukvn8jne7zw4ah97szafgldy,2800000000000,
5ee9752049fc3189e3fa42095511e4c43fabf8a5a667b39aa7e35ae4b5a95703,2023-07-07T14:38:18.802000,received,kaspa:qqd2han8el3u8qjvgt2ruax0s4jcck3kc5puux2x4g06wa7a66jjwkyh6dd0g,2800000000000,
5ee9752049fc3189e3fa42095511e4c43fabf8a5a667b39aa7e35ae4b5a95703,2023-07-07T14:38:18.802000,received,kaspa:qrklj6u8txk7swca6px0nhzpg3qqtxy45m0n8da8ne2yfwgw7sqpykf9s00dq,2800000000000,
5ee9752049fc3189e3fa42095511e4c43fabf8a5a667b39aa7e35ae4b5a95703,2023-07-07T14:38:18.802000,received,kaspa:qrqs62cc5rthudzd689l6hj05qnv5zcpwerkxmcxfhhh2kehpaz0y4a3zn488,2800000000000,
5ee9752049fc3189e3fa42095511e4c43fabf8a5a667b39aa7e35ae4b5a95703,2023-07-07T14:38:18.802000,received,kaspa:qzpm7en4fcx4xha0ty32jzer750cgt8e6zkmwurjxcmtdxxv77fr7r86tunfl,2800000000000,
5ee9752049fc3189e3fa42095511e4c43fabf8a5a667b39aa7e35ae4b5a95703,2023-07-07T14:38:18.802000,received,kaspa:qq4ylunxrznwjgwghlylfjyq2z5r3akvm04c9e59wjt8afem6r04zzy8l6h3p,2800000000000,
5ee9752049fc3189e3fa42095511e4c43fabf8a5a667b39aa7e35ae4b5a95703,2023-07-07T14:38:18.802000,received,kaspa:qzywfjkjdqvv450zp55patnxg7vjdqntwmuh9vpd5ymz22nm344xceujtlutk,2800000000000,
5ee9752049fc3189e3fa42095511e4c43fabf8a5a667b39aa7e35ae4b5a95703,2023-07-07T14:38:18.802000,received,kaspa:qzrz998r7p0gmgppkd4ry3k975qau6fjgjalc8h8h50f57ja6dg5s69fy6ren,2800000000000,
d7e02710b5444bbf2505a5c6a242ea4aff04337a19c7eb070dfd948d7a3048fb,2023-07-07T14:26:18.441000,sent,kaspa:qpzpfwcsqsxhxwup26r55fd0ghqlhyugz8cp6y3wxuddc02vcxtjg75pspnwz,200000000000000,MEXC
d7e02710b5444bbf2505a5c6a242ea4aff04337a19c7eb070dfd948d7a3048fb,2023-07-07T14:26:18.441000,sent,kaspa:qpjunp39ssazf4rzfxxu0hd35xggfxn6lq0ls9u9q6peevzcmcv4xmv9q4njd,805231850569,
90090e51d18213db997d62eea4b3c0c62089280db9701532d6a65d8ebf0758c1,2023-07-07T10:18:05.553000,received,kaspa:qpxw9s9fp93ng87egdqkw2u87cf4hzw5gazu9nsckqprekdqcdx0jvq4504pp,3500000000000,
90090e51d18213db997d62eea4b3c0c62089280db9701532d6a65d8ebf0758c1,2023-07-07T10:18:05.553000,received,kaspa:qpj52gd544sajd4lwydaejxpluh9990k03sqfgyyl8nkkmwgmw2v63mktg8xl,3500000000000,
90090e51d18213db997d62eea4b3c0c62089280db9701532d6a65d8ebf0758c1,2023-07-07T10:18:05.553000,received,kaspa:qr9xapajeag3lphlsgwvg8gkzk24k4n924m7mvnf3tj7a2e3y28mqqxlpxjms,3500000000000,
90090e51d18213db997d62eea4b3c0c62089280db9701532d6a65d8ebf0758c1,2023-07-07T10:18:05.553000,received,kaspa:qpje6k88tq49rzcd5p7hchlyehp65rr97uvnyjxqqeg289c4d090kduf80nl3,3500000000000,
90090e51d18213db997d62eea4b3c0c62089280db9701532d6a65d8ebf0758c1,2023-07-07T10:18:05.553000,received,kaspa:qq0w6q3rqn7tsyc00hrwrjs37t8uhzfvw7ee05yu0h7zeq4yql9x2lvljr5t3,3500000000000,
90090e51d18213db997d62eea4b3c0c62089280db9701532d6a65d8ebf0758c1,2023-07-07T10:18:05.553000,received,kaspa:qpcmnayy7u996x6uyvfmzevcq76l9693p30gf67hzmu59wntphjesp3554jp2,3500000000000,
1882f825776b38a45e84f8d576aeffa7b109a9d37b606734fbc6f04c010f9ec5,2023-07-07T08:55:55.869000,received,kaspa:qpy76uq3zf4xtzsq8jgjgxx63wruvyfuj9et59d2nt0ypa8ualdcugr5n6dv8,750000000000,
1882f825776b38a45e84f8d576aeffa7b109a9d37b606734fbc6f04c010f9ec5,2023-07-07T08:55:55.869000,received,kaspa:qrd8vdqwj9uax5xz3n06xx3pyx840lv4yhq898qvlygrvy0c88s7chg3ackeu,750000000000,
1882f825776b38a45e84f8d576aeffa7b109a9d37b606734fbc6f04c010f9ec5,2023-07-07T08:55:55.869000,received,kaspa:qry6plsfy3p7vdknh5zfkcrqcma6xs56nzjtat05xtc52umkn3cqqavy9cduh,750000000000,
1aed15ceadad4d0ac1dd41dcb27ea271ef5561638920f0eac7f5a404e9ee75c7,2023-07-06T13:25:35.549000,received,kaspa:qq3k4du6wf2g26j7ds6fqmgtgavgm3zy676wntp2e52nsuns2n4s6xkndmx0y,459598380000,
506e9fa23bb7a875fc1df1e270120368f872c3a4afa9db2d66b98295a48a35a2,2023-07-01T03:25:11.506000,received,kaspa:qzqfel5gu4vcf0xnptcgs22yd0ma8enlmrvl7p86jzfrpd6xmsy4syz60dqk5,500000000000,
506e9fa23bb7a875fc1df1e270120368f872c3a4afa9db2d66b98295a48a35a2,2023-07-01T03:25:11.506000,received,kaspa:qry4q20a2mvx5pe5dem0tdh5eca0mpvjen9l8zcv52huny7er5q4k4vafd34n,500000000000,
506e9fa23bb7a875fc1df1e270120368f872c3a4afa9db2d66b98295a48a35a2,2023-07-01T03:25:11.506000,received,kaspa:qzrk770cvqxjncdrh3xd8fgjqw7k7mqktgkmsntp0qs0n0uszxaqulusfarm2,500000000000,
a4b7a5b6e256bf788029dc0c9b6d4af19c77996a31b253481424082cd9319115,2023-05-12T19:05:44.706000,sent,kaspa:qpzpfwcsqsxhxwup26r55fd0ghqlhyugz8cp6y3wxuddc02vcxtjg75pspnwz,200000000000000,MEXC
a4b7a5b6e256bf788029dc0c9b6d4af19c77996a31b253481424082cd9319115,2023-05-12T19:05:44.706000,sent,kaspa:qpjunp39ssazf4rzfxxu0hd35xggfxn6lq0ls9u9q6peevzcmcv4xmv9q4njd,337196546645,
fdaebcbaebc4decb6dc327510a9369f11bbab6611a41c7249d3fb62fa0f8c78c,2023-05-12T18:17:57.855000,received,kaspa:qz85tgpeapr9dgdafwex3ltmx7c6uhtv0k2f47r77lfs2yx9cx3r65kszd25h,2740010496780,
33e4e176b8df5602b383753157d794333560a1b7bb7900d46a93146798535222,2023-05-04T18:00:53.601000,sent,kaspa:qpzpfwcsqsxhxwup26r55fd0ghqlhyugz8cp6y3wxuddc02vcxtjg75pspnwz,200000000000000,MEXC
33e4e176b8df5602b383753157d794333560a1b7bb7900d46a93146798535222,2023-05-04T18:00:53.601000,sent,kaspa:qpjunp39ssazf4rzfxxu0hd35xggfxn6lq0ls9u9q6peevzcmcv4xmv9q4njd,261314144824,
29b2dae3b3cc6df037337b8de43043878dacfa892e052ffe897b0dd819f46591,2023-05-04T17:25:26.188000,received,kaspa:qz85tgpeapr9dgdafwex3ltmx7c6uhtv0k2f47r77lfs2yx9cx3r65kszd25h,7032640000000,
844d4506d7242ea345d85fa8b49ecd76d8c95c3b3e52b971fd2e70d9bb3e7b66,2023-05-02T01:56:43.866000,received,kaspa:qz85tgpeapr9dgdafwex3ltmx7c6uhtv0k2f47r77lfs2yx9cx3r65kszd25h,500000000000,
844d4506d7242ea345d85fa8b49ecd76d8c95c3b3e52b971fd2e70d9bb3e7b66,2023-05-02T01:56:43.866000,received,kaspa:qz85tgpeapr9dgdafwex3ltmx7c6uhtv0k2f47r77lfs2yx9cx3r65kszd25h,500000000000,
844d4506d7242ea345d85fa8b49ecd76d8c95c3b3e52b971fd2e70d9bb3e7b66,2023-05-02T01:56:43.866000,received,kaspa:qz85tgpeapr9dgdafwex3ltmx7c6uhtv0k2f47r77lfs2yx9cx3r65kszd25h,500000000000,
844d4506d7242ea345d85fa8b49ecd76d8c95c3b3e52b971fd2e70d9bb3e7b66,2023-05-02T01:56:43.866000,received,kaspa:qz85tgpeapr9dgdafwex3ltmx7c6uhtv0k2f47r77lfs2yx9cx3r65kszd25h,500000000000,
844d4506d7242ea345d85fa8b49ecd76d8c95c3b3e52b971fd2e70d9bb3e7b66,2023-05-02T01:56:43.866000,received,kaspa:qz85tgpeapr9dgdafwex3ltmx7c6uhtv0k2f47r77lfs2yx9cx3r65kszd25h,500000000000,
844d4506d7242ea345d85fa8b49ecd76d8c95c3b3e52b971fd2e70d9bb3e7b66,2023-05-02T01:56:43.866000,received,kaspa:qz85tgpeapr9dgdafwex3ltmx7c6uhtv0k2f47r77lfs2yx9cx3r65kszd25h,500000000000,
844d4506d7242ea345d85fa8b49ecd76d8c95c3b3e52b971fd2e70d9bb3e7b66,2023-05-02T01:56:43.866000,received,kaspa:qz85tgpeapr9dgdafwex3ltmx7c6uhtv0k2f47r77lfs2yx9cx3r65kszd25h,500000000000,
844d4506d7242ea345d85fa8b49ecd76d8c95c3b3e52b971fd2e70d9bb3e7b66,2023-05-02T01:56:43.866000,received,kaspa:qz85tgpeapr9dgdafwex3ltmx7c6uhtv0k2f47r77lfs2yx9cx3r65kszd25h,500000000000,
