tx_id,timestamp,direction,peer_address,amount_sompi,cex_label
8433a41cd61f09ff74a39796a1793e5faa3310b586430036c9ed2b4d6b947777,2024-07-04T10:02:24.348000,sent,kaspa:qq9zagcza4jt76eev9jl5z0nqhe0thcu7js8larktj4sle7lvgnw7sfcewlty,5000000000000,
2686d15d54c25af2520ca7918f9e1da73e7817b56d85b358f4c7e9c4c4e3c224,2024-07-02T15:03:48.622000,sent,kaspa:qq9zagcza4jt76eev9jl5z0nqhe0thcu7js8larktj4sle7lvgnw7sfcewlty,2500000000000,
8122915d494c3862669cad6fea6c2a9c46eca4144b72015bd8a42010f2c3bf7e,2024-07-02T12:01:06.892000,sent,kaspa:qq9zagcza4jt76eev9jl5z0nqhe0thcu7js8larktj4sle7lvgnw7sfcewlty,1250000000000,
3dd3758fdea74d05d286fac5578387f334f6664109a55401dae493857b2483df,2024-07-01T12:37:59.897000,sent,kaspa:qq9zagcza4jt76eev9jl5z0nqhe0thcu7js8larktj4sle7lvgnw7sfcewlty,1250000000000,
05e8877eac5d9b717dda8fe6524306b6e76de2ff8fb98378294e50a348108eab,2024-06-30T13:24:57.616000,sent,kaspa:qq9zagcza4jt76eev9jl5z0nqhe0thcu7js8larktj4sle7lvgnw7sfcewlty,1499900000000,
3d62746e841f617da82266b130485fd46cd17294d48342ce0566d9365b58111c,2024-06-30T13:14:53.791000,sent,kaspa:qq9zagcza4jt76eev9jl5z0nqhe0thcu7js8larktj4sle7lvgnw7sfcewlty,992299400000,
a25b800f2a0f4666a5567fab1c546d348e61e7b19acee30cca5472479400c0dc,2024-06-21T18:16:48.852000,sent,kaspa:qre47khqpjhf5z6ruaxcps9f4tj3tj6usv5ztxmdycwwgtknyrs9ypws97eqa,7500000000000,
6e3c14d5477831464f001d9ed06289592df9b569b999c8a32aad7d96ac408ad5,2024-06-21T18:13:58.089000,sent,kaspa:qre47khqpjhf5z6ruaxcps9f4tj3tj6usv5ztxmdycwwgtknyrs9ypws97eqa,10000000000,
cc41adef38a8bb5aa7148d259382fe0c5987871b0b2cf20ad649813c8b34f3e7,2024-04-14T12:52:14.457000,sent,kaspa:qq9zagcza4jt76eev9jl5z0nqhe0thcu7js8larktj4sle7lvgnw7sfcewlty,1000000000000,
8b1f19cf8bb92aca168df39d2593b81141e6bef86fab16b48c7f5eb9826e44e5,2024-04-14T05:01:45.452000,sent,kaspa:qq9zagcza4jt76eev9jl5z0nqhe0thcu7js8larktj4sle7lvgnw7sfcewlty,2000000000000,
f663c70fe542d2d6b578ad5d0ead4b0761b9e8428cf9b8217a399b20efa347a4,2024-02-08T11:44:46.839000,sent,kaspa:qq9zagcza4jt76eev9jl5z0nqhe0thcu7js8larktj4sle7lvgnw7sfcewlty,1000000000000,
bf4e421ad7053114bfecabfbc7c2ed2c4f5cad3f07a84e6e2c49ce8b2b3b67b9,2023-03-29T14:25:02.262000,sent,kaspa:qqwvnkp47wsj6n4hkdlgj8dsauyx0xvefunnwvvsmpq2udd0ka8ckmpuqw3k5,750000000000,
bf4e421ad7053114bfecabfbc7c2ed2c4f5cad3f07a84e6e2c49ce8b2b3b67b9,2023-03-29T14:25:02.262000,sent,kaspa:qqwvnkp47wsj6n4hkdlgj8dsauyx0xvefunnwvvsmpq2udd0ka8ckmpuqw3k5,750000000000,
7bfb5f359c8fefe332ed28085e37f5940ef32b2af1dc7d278a1a2d877915760c,2023-03-11T08:09:28.587000,received,kaspa:qp8qhe8mfh2093tvgm0qu77lpxcrytdtlu7cjjdukuephmccqjqlyqngd86e6,24652300000000,
7bfb5f359c8fefe332ed28085e37f5940ef32b2af1dc7d278a1a2d877915760c,2023-03-11T08:09:28.587000,received,kaspa:qp8qhe8mfh2093tvgm0qu77lpxcrytdtlu7cjjdukuephmccqjqlyqngd86e6,24652300000000,
7bfb5f359c8fefe332ed28085e37f5940ef32b2af1dc7d278a1a2d877915760c,2023-03-11T08:09:28.587000,received,kaspa:qzaamp0y6czkg8yc0v8zhryq7yh88d2kr56gyk27j05zvggwk8q0ja6gw0pa9,24652300000000,
7bfb5f359c8fefe332ed28085e37f5940ef32b2af1dc7d278a1a2d877915760c,2023-03-11T08:09:28.587000,received,kaspa:qzh82lwpkj2jcsllmr6st48567rnewa9nyrzdwk4eme8f6x3y6drze60edsqv,24652300000000,
7bfb5f359c8fefe332ed28085e37f5940ef32b2af1dc7d278a1a2d877915760c,2023-03-11T08:09:28.587000,received,kaspa:qrvapcnrl52ndtg0nykpgwna6pnlmzce3netkfd6udwg5ced0rescdv8pxg8x,24652300000000,
895c09d558ebfdbe492c06d5f296ff935d21e4f3d6627aefc796e9a674f62e03,2023-03-11T08:08:27.150000,received,kaspa:qz6ey4zaj7ds3sallpeh8fc9rmavxahmtge3st80spynhcmj3mtmux7wh3um6,100000000000,
895c09d558ebfdbe492c06d5f296ff935d21e4f3d6627aefc796e9a674f62e03,2023-03-11T08:08:27.150000,received,kaspa:qquckmca9hf63vjwqkcypnyg0vyckzxvesdaghyhr42rfhvdl9agjyaj6h5aq,100000000000,
