tx_id,timestamp,direction,peer_address,amount_sompi,cex_label
bbccf55026a5f3b59feee50e664422aba3d25ff3e09158851871ae8220a980a5,2023-12-13T05:14:33.429000,sent,kaspa:qq9kdwr6egtx90227qrmra7expee9tvqs34vuc07r38unq4wp244y6hdtcjxl,171070000,
bbccf55026a5f3b59feee50e664422aba3d25ff3e09158851871ae8220a980a5,2023-12-13T05:14:33.429000,sent,kaspa:qq9kdwr6egtx90227qrmra7expee9tvqs34vuc07r38unq4wp244y6hdtcjxl,171070000,
3df17e79de47522c2c551db8fb2fdd44d8719ffdebd704f2137e7d5cdde13e38,2023-12-12T19:19:06.486000,received,kaspa:qypswxtcrv4ssyjaswy5w9387vq73mkuyq85tl34cee6qn5uexqy0csgnafnjx7,171000000,
0e8d0112bfd6f0928b120024e1ebf601e148d98c69d834373ade9712ba06879e,2023-11-29T08:47:57.031000,sent,kaspa:qypns6vmyff9s4lgs7mnyt3j88zl0ez46lxr6ty78sqdkpvcf4cjkmqlw68zq2u,18000000,
8bfe8ed3e2d134d0cfddba9df8dd7adbf271b10be071bcbd2fca2bfaf2140f48,2023-11-29T08:21:52.711000,received,kaspa:qqg2q84vm0w3eckrt8gtpjtfee36yn7fh6gtx63nv0fh6xf5t6lh7nxcudujv,18100000,
