tx_id,timestamp,direction,peer_address,amount_sompi,cex_label
bd6f61b22a04fa939705a15a0d3d4e04b1b37c058037d3b3cf510d0c08a6c2f5,2023-12-06T08:00:17.643000,received,kaspa:qqh0zzhdg5pe9c4tle2hwy2rxjuh8dxs70w9ut2k07kehrqqy63r28ltvnmkv,1000000000,
f1c65e0a972adb70bee18ac08d719cd40b7f5b19030b5a47bddd637ac28c40e9,2023-11-18T18:08:24.953000,sent,kaspa:qqwvnkp47wsj6n4hkdlgj8dsauyx0xvefunnwvvsmpq2udd0ka8ckmpuqw3k5,1687900000,
c52cbb54a35d138e6240904555b5456748fd3175111ed1bdeb4050d9a54811c0,2023-05-23T01:38:12.973000,received,kaspa:qpqwpsg2x9mnx8zrgkpc6zrz06grkass4qva5u83ua2n8f2n5txx2lehqzgjk,1688000000,
190eea22ce8ce3302ef71cf39690db1bddb29afbfd1282ebe3d9ba9ee2817f0e,2023-05-08T14:30:44.956000,sent,kaspa:qqwvnkp47wsj6n4hkdlgj8dsauyx0xvefunnwvvsmpq2udd0ka8ckmpuqw3k5,9551900000,
190eea22ce8ce3302ef71cf39690db1bddb29afbfd1282ebe3d9ba9ee2817f0e,2023-05-08T14:30:44.956000,sent,kaspa:qqwvnkp47wsj6n4hkdlgj8dsauyx0xvefunnwvvsmpq2udd0ka8ckmpuqw3k5,9551900000,
190eea22ce8ce3302ef71cf39690db1bddb29afbfd1282ebe3d9ba9ee2817f0e,2023-05-08T14:30:44.956000,sent,kaspa:qqwvnkp47wsj6n4hkdlgj8dsauyx0xvefunnwvvsmpq2udd0ka8ckmpuqw3k5,9551900000,
190eea22ce8ce3302ef71cf39690db1bddb29afbfd1282ebe3d9ba9ee2817f0e,2023-05-08T14:30:44.956000,sent,kaspa:qqwvnkp47wsj6n4hkdlgj8dsauyx0xvefunnwvvsmpq2udd0ka8ckmpuqw3k5,9551900000,
69661b4560c47a74f82be742a0329f9bd8e889d41ad081b6fe615541e1203039,2023-05-06T15:11:58.722000,received,kaspa:qpgj7a4stzhmft2prf8fk4anchnjvy0rcwtes2sj75l5fc08lvasu2hfs05ga,5888000000,
f6f4bf7f73516d15190758b23aa16da449db3a7ec6d3ef4692f6b04b7c569dfa,2023-05-06T08:36:54.536000,received,kaspa:qpgj7a4stzhmft2prf8fk4anchnjvy0rcwtes2sj75l5fc08lvasu2hfs05ga,888000000,
b897874b94cff042e13f6b69779e5ce60ea5639b91d78371fd447aebe8848fc3,2023-05-03T12:18:33.022000,received,kaspa:qpgj7a4stzhmft2prf8fk4anchnjvy0rcwtes2sj75l5fc08lvasu2hfs05ga,1888000000,
049b3cb18e86916c787d9594c4f7b4c77be9b872ae7e3975652f3710f1b8fafa,2023-04-17T03:21:30.534000,received,kaspa:qp3ju8265x9gpdumqgm8krtwqfed8ws7qtqat9y8v435sj9jdmy4wvwlne5y8,888000000,
5e61c2f8288ea7d459c693384cfa82e8856ab4951bff755d920161b90ed98bd2,2023-04-03T17:56:18.027000,sent,kaspa:qqwvnkp47wsj6n4hkdlgj8dsauyx0xvefunnwvvsmpq2udd0ka8ckmpuqw3k5,1887900000,
6c30673a78a7cce16e5362d2897209c0961ba522d87a451af7fa108b85a13366,2023-04-02T04:59:45.469000,received,kaspa:qzkrvlz8k78a7zxhpvqewmyacz6lny0y73m2fzcyrryqd4gfpjw85sr3l2m93,1888000000,
