tx_id,timestamp,direction,peer_address,amount_sompi,cex_label
ba50fdbc165975222ccfbf471d04b5a98a8369fc3a6f49da7f9c91ca03e064b0,2023-12-16T04:31:59.158000,sent,kaspa:qzslgwenzu78t6tldlng383g7ruu4enaljmnkgaulyrscjp7ldt26x8gfxck5,171940000,
ba50fdbc165975222ccfbf471d04b5a98a8369fc3a6f49da7f9c91ca03e064b0,2023-12-16T04:31:59.158000,sent,kaspa:qzslgwenzu78t6tldlng383g7ruu4enaljmnkgaulyrscjp7ldt26x8gfxck5,171940000,
441c2348b957fa54782e64e3d83319996f1eae287ce94dedfeacc222975ac0eb,2023-12-12T15:00:26.541000,received,kaspa:qypswxtcrv4ssyjaswy5w9387vq73mkuyq85tl34cee6qn5uexqy0csgnafnjx7,171000000,
ce7fc48eaea0af8d6635b9a82b8fde7ace2821a3187195ecac372fecba24d3d1,2023-11-29T01:15:15.215000,sent,kaspa:qyp8quxz58exwv6qctg2n3ech9686k2dr9j52xu4kvxy32llxxr8lnqefwuycdr,18000000,
17dd318465f6b67f9b864d16103e16d4841594fb454f5de4a13ad8eee7c186a1,2023-11-28T19:18:23.727000,received,kaspa:qpt4rs4dse5l4ane0e0tv6nc2m9eu9gd33t5rkm6dtu8dpvxatuajce59z4ea,19000000,
