tx_id,timestamp,direction,peer_address,amount_sompi,cex_label
f5a14c8e4512e15fa9f14c202ad80cc6077dd730d680cec7cf84daf12f9ad45c,2023-12-09T04:22:38.438000,sent,kaspa:qypsydhgm9py2wzvmezzc07q4smycx32ekdzmyfw5swzrepuhqs2pcskzyw6clv,69000012521459,
f87fcc7dc9c4047fb7d5e6fac27f2de4880a14a9adab6afdc8bddfd7c1143c00,2023-12-08T02:56:53.835000,received,kaspa:qqwvnkp47wsj6n4hkdlgj8dsauyx0xvefunnwvvsmpq2udd0ka8ckmpuqw3k5,10226741938,
f87fcc7dc9c4047fb7d5e6fac27f2de4880a14a9adab6afdc8bddfd7c1143c00,2023-12-08T02:56:53.835000,received,kaspa:qqwvnkp47wsj6n4hkdlgj8dsauyx0xvefunnwvvsmpq2udd0ka8ckmpuqw3k5,10226741938,
f87fcc7dc9c4047fb7d5e6fac27f2de4880a14a9adab6afdc8bddfd7c1143c00,2023-12-08T02:56:53.835000,received,kaspa:qqwvnkp47wsj6n4hkdlgj8dsauyx0xvefunnwvvsmpq2udd0ka8ckmpuqw3k5,10226741938,
f87fcc7dc9c4047fb7d5e6fac27f2de4880a14a9adab6afdc8bddfd7c1143c00,2023-12-08T02:56:53.835000,received,kaspa:qqwvnkp47wsj6n4hkdlgj8dsauyx0xvefunnwvvsmpq2udd0ka8ckmpuqw3k5,10226741938,
f87fcc7dc9c4047fb7d5e6fac27f2de4880a14a9adab6afdc8bddfd7c1143c00,2023-12-08T02:56:53.835000,received,kaspa:qqwvnkp47wsj6n4hkdlgj8dsauyx0xvefunnwvvsmpq2udd0ka8ckmpuqw3k5,10226741938,
f87fcc7dc9c4047fb7d5e6fac27f2de4880a14a9adab6afdc8bddfd7c1143c00,2023-12-08T02:56:53.835000,received,kaspa:qqwvnkp47wsj6n4hkdlgj8dsauyx0xvefunnwvvsmpq2udd0ka8ckmpuqw3k5,10226741938,
