tx_id,timestamp,direction,peer_address,amount_sompi,cex_label
aa0d1d6c8a45be980104873e4d6757697a6e3a455dafd14e2813439916a36fe4,2023-12-16T04:46:24.520000,sent,kaspa:qzslgwenzu78t6tldlng383g7ruu4enaljmnkgaulyrscjp7ldt26x8gfxck5,171940000,
aa0d1d6c8a45be980104873e4d6757697a6e3a455dafd14e2813439916a36fe4,2023-12-16T04:46:24.520000,sent,kaspa:qzslgwenzu78t6tldlng383g7ruu4enaljmnkgaulyrscjp7ldt26x8gfxck5,171940000,
63b941798eaef72528e4277044cef13ccf89b35f0085f894c8fcdbb692a6b7bc,2023-12-12T13:21:56.293000,received,kaspa:qypswxtcrv4ssyjaswy5w9387vq73mkuyq85tl34cee6qn5uexqy0csgnafnjx7,171000000,
deac4105c07259764042ebe00cc9f8bdb230f66b9f3861202d62b9039e141638,2023-11-28T18:16:52.889000,sent,kaspa:qypkwphgguus6asg0saurvwpp5rzhmqhv9cmguwazfr40nyck5skpaql2n6hl6c,18000000,
6556c03ff4622c60b3adc0f51402b5413264e75281af295923893426403712bb,2023-11-28T07:19:02.429000,received,kaspa:qz7mrcld5f5vpeek48ge2wctl94jf8jucstag3fsdk3jz9ftn35v2g42c5gf0,19000000,
