tx_id,timestamp,direction,peer_address,amount_sompi,cex_label
a5dd154206ce29ee9c30a141ddd3ea6153718f7bc52d3eb830d01e58a6f1f895,2023-12-16T04:25:28.598000,sent,kaspa:qzslgwenzu78t6tldlng383g7ruu4enaljmnkgaulyrscjp7ldt26x8gfxck5,171940000,
a5dd154206ce29ee9c30a141ddd3ea6153718f7bc52d3eb830d01e58a6f1f895,2023-12-16T04:25:28.598000,sent,kaspa:qzslgwenzu78t6tldlng383g7ruu4enaljmnkgaulyrscjp7ldt26x8gfxck5,171940000,
411ab0e70fbe3a20537598c2ada39b7ef063643448bfb8eb5525806ea456aa31,2023-12-13T00:36:47.957000,received,kaspa:qypswxtcrv4ssyjaswy5w9387vq73mkuyq85tl34cee6qn5uexqy0csgnafnjx7,171000000,
14748804d45a01c7e3a9a4b5fd240be690e11117ab35f84fa49838e963d3bd42,2023-11-29T16:19:10.626000,sent,kaspa:qyp2yl2pr35h3n8x6wdgyr7dwexkspe60raecec6r4cvtyuascmge2qk4xstuwy,18000000,
fa9d090c418654cccfc59cb8fd9251abd7adc20cbbe9eba911f5dde5d3a26c5f,2023-11-29T15:21:14.221000,received,kaspa:qrg0s4g54nvrlksdexy7x0g6mkk5s5wytsupccqsd6u6mugqm73j7uxzx4fgj,19000000,
