tx_id,timestamp,direction,peer_address,amount_sompi,cex_label
9787cbc49d215e400dd12a36a5f974920ed8eda69efb0c850a937a4e8e4fe47a,2023-12-16T04:50:56.769000,sent,kaspa:qzslgwenzu78t6tldlng383g7ruu4enaljmnkgaulyrscjp7ldt26x8gfxck5,171940000,
9787cbc49d215e400dd12a36a5f974920ed8eda69efb0c850a937a4e8e4fe47a,2023-12-16T04:50:56.769000,sent,kaspa:qzslgwenzu78t6tldlng383g7ruu4enaljmnkgaulyrscjp7ldt26x8gfxck5,171940000,
7671819834b569de4da93a615f0c54c62dd9486ea33bcd02d52cf3d3ebf856c0,2023-12-12T20:02:54.689000,received,kaspa:qypswxtcrv4ssyjaswy5w9387vq73mkuyq85tl34cee6qn5uexqy0csgnafnjx7,171000000,
83966e9c867fac3de3ea21ac51ac8c03cc56c1545a1bc0611cd6cfaa56c86735,2023-11-29T10:16:00.204000,sent,kaspa:qyprme4shdcs4tkh346pk94h4jf5qkt2awegt2kkd9qln0mrhejak6seam2grwv,18000000,
a2bc939f680a73a06bffb3ce237d3c82b65c37bcd4b3aa9cb2e77e1bfa43c998,2023-11-29T03:32:37.953000,received,kaspa:qz8v94urkf42xeundqczn5fwe0ja4ldhrgwl2h2hxp9u92phqjexj4rgag53r,19000000,
