tx_id,timestamp,direction,peer_address,amount_sompi,cex_label
f768c0ad4b600c35d4cb2d58d441a7bccc37d42fc4c67e58ef4f7cd95d42eaf6,2023-12-16T05:16:04.163000,sent,kaspa:qzslgwenzu78t6tldlng383g7ruu4enaljmnkgaulyrscjp7ldt26x8gfxck5,171940000,
f768c0ad4b600c35d4cb2d58d441a7bccc37d42fc4c67e58ef4f7cd95d42eaf6,2023-12-16T05:16:04.163000,sent,kaspa:qzslgwenzu78t6tldlng383g7ruu4enaljmnkgaulyrscjp7ldt26x8gfxck5,171940000,
904d8cf29b87558455ef9827de08d5e078fba4e9ed6e13a86852491b659015fd,2023-12-13T03:30:28.447000,received,kaspa:qypswxtcrv4ssyjaswy5w9387vq73mkuyq85tl34cee6qn5uexqy0csgnafnjx7,171000000,
f7a5a57ea4a598047e48564055a9ab5fa63ee514c2992402b99153345422ce01,2023-11-29T18:45:18.372000,sent,kaspa:qypg9frm7he2a9x3qqysl49322fsv8ex5hdezkcm2nwcq9rdvdsj8mgkm99s3k7,18000000,
0acbdf126f9e3402120c3922abb99cf7bb780f3e73addc41afa5f7294446991b,2023-11-28T12:50:45.704000,received,kaspa:qrqvcaxkmjun497mycnm9jmf8ntgdzm6dafyrguhtu352azffryc2yeypjtms,19000000,
