tx_id,timestamp,direction,peer_address,amount_sompi,cex_label
32d2165193a5f8c1eb45bb20069de372b4538cac11fe3d677a81b1abd7d7b694,2024-11-18T16:25:18.627000,sent,kaspa:qqnqv3rvnctfyrjteurqm0gmqfu7yjg3949yxpyxxfa4rgm9nt2zxauwq8xvs,800000000000,
32d2165193a5f8c1eb45bb20069de372b4538cac11fe3d677a81b1abd7d7b694,2024-11-18T16:25:18.627000,sent,kaspa:qqj0w2mplurxpsl08nvqvljkwmy2pq5snr9dct9a2625cehhusy2jkxzrgglp,8247626567,
0898520e2c9a61c4d6fd3c6128eb5da7cecd5a0100bd20afd19739b227787e98,2024-11-18T14:27:50.176000,received,kaspa:qpyzcuh47mjwe68wdelyxeyx35rnwnav8ffrgxhhn4alve38pm5hkxvc2s9qe,9894706993,
0898520e2c9a61c4d6fd3c6128eb5da7cecd5a0100bd20afd19739b227787e98,2024-11-18T14:27:50.176000,received,kaspa:qrm66yk6hzf7yuqzk4fklr550m9vzvnjjmev6eka0q5mm5vk7qgnyq5jnhu3e,9894706993,
0898520e2c9a61c4d6fd3c6128eb5da7cecd5a0100bd20afd19739b227787e98,2024-11-18T14:27:50.176000,received,kaspa:qrglknw70z3nyj0plqneuzjkxxh6yls4ulpzl0hh0yea55yqc36yja6gmkgnn,9894706993,
0898520e2c9a61c4d6fd3c6128eb5da7cecd5a0100bd20afd19739b227787e98,2024-11-18T14:27:50.176000,received,kaspa:qz6uvghmjjqy29fl0twfulvahjh7ry6csl22zpzg92duxq7hzuap5whh9sx5g,9894706993,
0898520e2c9a61c4d6fd3c6128eb5da7cecd5a0100bd20afd19739b227787e98,2024-11-18T14:27:50.176000,received,kaspa:qrhdtqawuyucp47uyk33hnk79fqalwjsrr3u8y29hc443xlx4xy2u54mvn5zw,9894706993,
