tx_id,timestamp,direction,peer_address,amount_sompi,cex_label
8cff2eada60f0c4ae61a067a82ac04bb17f10f79c531e0eb9bf6015353bcdae9,2024-08-12T09:50:52.196000,sent,kaspa:qppr7q4mykgfw4s37lh4z7pqa6x5a5aya9g0ku4dvyk4rttf2smrxk4680npn,126864409595600,
8cff2eada60f0c4ae61a067a82ac04bb17f10f79c531e0eb9bf6015353bcdae9,2024-08-12T09:50:52.196000,sent,kaspa:qr4cwlpjwcccdvaca7w8yn9uew5rtpzuarpadyt83dekvpp0jmjlj2wyfgtlv,669052630524,
8cff2eada60f0c4ae61a067a82ac04bb17f10f79c531e0eb9bf6015353bcdae9,2024-08-12T09:50:52.196000,sent,kaspa:qrvum29vk365g0zcd5gx3c7h829etfq2ytdmscjzw4zw04fjfnprcg9c3tges,1685551871299,
7ff3ebaa6b5c57ac1b44df64691530827242ec8262d863f1cd667147b69b91c8,2024-03-06T01:01:08.841000,received,kaspa:qqetp7ct8kqss99fxmymyz5t3fezppxp0t58wl6pawp27elqd46uudme00cl0,9132100000000,
7ff3ebaa6b5c57ac1b44df64691530827242ec8262d863f1cd667147b69b91c8,2024-03-06T01:01:08.841000,received,kaspa:qpzpfwcsqsxhxwup26r55fd0ghqlhyugz8cp6y3wxuddc02vcxtjg75pspnwz,9132100000000,MEXC
47980fddc27fb190369a30e398ff9cefbcf810a2127bb387cd65b46e0e0ebdbc,2023-12-13T22:21:05.583000,received,kaspa:qqetp7ct8kqss99fxmymyz5t3fezppxp0t58wl6pawp27elqd46uudme00cl0,7834600000000,
6e963ef907f7a232c4703c97c1e9e63d9f2c1339797c38278604b87d899bf254,2023-12-13T11:59:07.866000,received,kaspa:qqetp7ct8kqss99fxmymyz5t3fezppxp0t58wl6pawp27elqd46uudme00cl0,7322600000000,
ac2efae4be56dbe7bf4a9523b1815075dae50dc75885fc48ce1611f9b6063807,2023-12-12T16:28:04.072000,received,kaspa:qqetp7ct8kqss99fxmymyz5t3fezppxp0t58wl6pawp27elqd46uudme00cl0,7323700000000,
1b7ca37fee4fd848a07fba441c3c19f583c3cf14025ad00636cfe2cdee3da4e8,2023-12-08T12:32:35.884000,received,kaspa:qqwvnkp47wsj6n4hkdlgj8dsauyx0xvefunnwvvsmpq2udd0ka8ckmpuqw3k5,7469544989889,
