tx_id,timestamp,direction,peer_address,amount_sompi,cex_label
b8cf3af7d43802540c29b5d79e21ca4ba4930ae003a80b0932d1f25aa2ea6b02,2023-12-16T04:32:08.110000,sent,kaspa:qzslgwenzu78t6tldlng383g7ruu4enaljmnkgaulyrscjp7ldt26x8gfxck5,171940000,
b8cf3af7d43802540c29b5d79e21ca4ba4930ae003a80b0932d1f25aa2ea6b02,2023-12-16T04:32:08.110000,sent,kaspa:qzslgwenzu78t6tldlng383g7ruu4enaljmnkgaulyrscjp7ldt26x8gfxck5,171940000,
45484f95823d4776537283d17422c1c869f7e6c66a9e914bfbc3598a82e9630b,2023-12-12T17:27:56.748000,received,kaspa:qypswxtcrv4ssyjaswy5w9387vq73mkuyq85tl34cee6qn5uexqy0csgnafnjx7,171000000,
0e5f46e7199671a98d127503ea6495310d15a2404581b8b3e0e16d86388c0fd4,2023-11-29T05:46:45.129000,sent,kaspa:qyp9m5vrh46m8klu04w44pzzw89ymptvwqdnnz04txdg5rp42s8g86qcum7hr7l,18000000,
fa86e8d97daae262fee121710fb70a7bfcccdee7ca9306c68d4567b34878ddd7,2023-11-28T18:19:37.121000,received,kaspa:qqaugwf5jw2eagnzq0ncvce6p8n8nwyxzwxmyxwqx7uast3nnv6q6xd4qglxr,19000000,
