tx_id,timestamp,direction,peer_address,amount_sompi,cex_label
2732be3d2f9121a16f89f041a635fb6715fa3da13780817ba34090c08546baeb,2025-02-08T04:43:50.007000,sent,kaspa:qpw0740zz49xj82u5g753p62xqfdk8suknkt863p0s44wwzugel0g9rqv0vmt,181506667017,
fe65a513f3a4bfd4b02d62ac4746946d210ceafe76f7218064a5eeaf6b5f5632,2024-07-24T21:46:20.312000,sent,kaspa:qpw0740zz49xj82u5g753p62xqfdk8suknkt863p0s44wwzugel0g9rqv0vmt,150000000000,
fe65a513f3a4bfd4b02d62ac4746946d210ceafe76f7218064a5eeaf6b5f5632,2024-07-24T21:46:20.312000,sent,kaspa:qpw0740zz49xj82u5g753p62xqfdk8suknkt863p0s44wwzugel0g9rqv0vmt,150000000000,
afb85f501932a7210433069f98be63f4db6dc132124f333b4dbb1af6b3a1ec1a,2024-07-24T21:42:42.680000,received,kaspa:qq9zagcza4jt76eev9jl5z0nqhe0thcu7js8larktj4sle7lvgnw7sfcewlty,331128601209,
340b06809e99b9e997c746844a4c83d370adbc43408219bd8c460a303fb26d1c,2024-02-11T18:51:42.746000,sent,kaspa:qqmh7tymy645lwgxypjneyucewwualhyvcnrzl5u6c9jk34775cgk8883tn44,261000000000,
5eb7078825030ece37c5a409922bac289d5dd0a66cdaec9ed13f72cd7da21e0d,2024-02-11T18:45:35.994000,sent,kaspa:qqmh7tymy645lwgxypjneyucewwualhyvcnrzl5u6c9jk34775cgk8883tn44,500000000,
d9563b0fbbb4b9adb2e6ed6e2b4bfa0bd4550321d37956375b600ddb6b8b42f5,2023-11-12T09:38:48.009000,sent,kaspa:qpw0740zz49xj82u5g753p62xqfdk8suknkt863p0s44wwzugel0g9rqv0vmt,183000000000,
8d75b869907ff49c957b6aeedad225e5908d219d91a0c5cf2280e6e719a908d4,2023-09-26T10:52:21.840000,sent,kaspa:qqwvnkp47wsj6n4hkdlgj8dsauyx0xvefunnwvvsmpq2udd0ka8ckmpuqw3k5,500000000000,
bd4efa68a13a58f04be1b15d517e2e0321b6271bbe8743998a6101977151e3e3,2023-09-26T10:47:48.615000,sent,kaspa:qqwvnkp47wsj6n4hkdlgj8dsauyx0xvefunnwvvsmpq2udd0ka8ckmpuqw3k5,305788334192,
bd4efa68a13a58f04be1b15d517e2e0321b6271bbe8743998a6101977151e3e3,2023-09-26T10:47:48.615000,sent,kaspa:qqwvnkp47wsj6n4hkdlgj8dsauyx0xvefunnwvvsmpq2udd0ka8ckmpuqw3k5,305788334192,
bd4efa68a13a58f04be1b15d517e2e0321b6271bbe8743998a6101977151e3e3,2023-09-26T10:47:48.615000,sent,kaspa:qqwvnkp47wsj6n4hkdlgj8dsauyx0xvefunnwvvsmpq2udd0ka8ckmpuqw3k5,305788334192,
b9053c1f213932de809502e73ee41be22ad3b951da3be6d9a20b162dcc173157,2023-09-14T08:37:01.878000,received,kaspa:qqetp7ct8kqss99fxmymyz5t3fezppxp0t58wl6pawp27elqd46uudme00cl0,148000000000,
96c7994a40f66a30bbe87c1df0c4f2d81d740840e6f788263b1cbb6d775debc7,2023-05-15T19:06:04.903000,received,kaspa:qqetp7ct8kqss99fxmymyz5t3fezppxp0t58wl6pawp27elqd46uudme00cl0,1097067000000,
290badc470718e0f5369057e0c6ba12db68469b77ed27c66d140964b47bcf5f1,2023-05-15T19:01:03.335000,received,kaspa:qqetp7ct8kqss99fxmymyz5t3fezppxp0t58wl6pawp27elqd46uudme00cl0,5800000000,
