tx_id,timestamp,direction,peer_address,amount_sompi,cex_label
246948dbb1a3fc6a4e0c0e19377ca734bdcd2c87deb53c4f6c958fb1dff638ab,2024-09-29T05:34:03.136000,sent,kaspa:qr95cqh2t26u34727e6l02q3grczy695cyu5tj7wz6lwwrvrw4t36wu744mgx,19689250888849,
492254f260ed4feeedc4755be312cdd2a137ac2761d7304020ed012e3ba88eca,2024-01-11T04:52:14.641000,sent,kaspa:qrswalc7ex3eejzataqxh33vku8zecppmcw7m4yjmdkkl9gfxhtmu97hws6ms,10000000000,
492254f260ed4feeedc4755be312cdd2a137ac2761d7304020ed012e3ba88eca,2024-01-11T04:52:14.641000,sent,kaspa:qrne74f30xsc8u3vfhrest566cxcec6epd8tpnq980t79lqrnxu3yte4ajgvs,4989999990000,
3fe581424eee20f29b6254d057b28fe79ab537b06e831ce2d2ee2b634af38470,2024-01-11T04:50:33.218000,received,kaspa:qr95cqh2t26u34727e6l02q3grczy695cyu5tj7wz6lwwrvrw4t36wu744mgx,5000000000000,
63e902c092214e4a31453d71027982f2631f1a22e86c9b2b8ca6c34ce69bb06d,2024-01-11T04:49:51.546000,received,kaspa:qr95cqh2t26u34727e6l02q3grczy695cyu5tj7wz6lwwrvrw4t36wu744mgx,10000000000,
