tx_id,timestamp,direction,peer_address,amount_sompi,cex_label
a575939ff5cbdb7fe4d64da3febb474d4be2e7ad571f379d3a023cb6373e166a,2024-11-10T17:35:02.416000,sent,kaspa:qrel0a4at75k4cqehjs2ajcrc4kmmjryhv8zccgrpnz53undpq4mu8l0sujhv,60000000000,
a575939ff5cbdb7fe4d64da3febb474d4be2e7ad571f379d3a023cb6373e166a,2024-11-10T17:35:02.416000,sent,kaspa:qrel0a4at75k4cqehjs2ajcrc4kmmjryhv8zccgrpnz53undpq4mu8l0sujhv,60000000000,
bf1d2769a0f8cf9c442031a980fe736c8c204073c80b777f77fa4218c5947f96,2024-06-19T12:01:12.464000,received,kaspa:qrelgny7sr3vahq69yykxx36m65gvmhryxrlwngfzgu8xkdslum2yxjp3ap8m,199644000000,Gate.io
ceb3d0cdda501ad309680ce4b40e68de379d7690e1974ec6bf6c6a98ab0fcb64,2024-06-17T14:57:00.564000,sent,kaspa:qrel0a4at75k4cqehjs2ajcrc4kmmjryhv8zccgrpnz53undpq4mu8l0sujhv,200000000000,
b88595cd0727778dd797a8ef1c18f188771b0fb6c069804e8c59c0cbd8d08071,2024-03-29T18:29:59.878000,sent,kaspa:qp8cp3gu6y5e26p6fg58f4h8pkqdhgjh75csk2q49cwec7vj5mrvxgvztmfua,400000000000,
b88595cd0727778dd797a8ef1c18f188771b0fb6c069804e8c59c0cbd8d08071,2024-03-29T18:29:59.878000,sent,kaspa:qp8cp3gu6y5e26p6fg58f4h8pkqdhgjh75csk2q49cwec7vj5mrvxgvztmfua,400000000000,
ba50afb260c87f5b5873d2529b42f85664e457efe8dc85b8aa81a190262f2cdb,2024-03-17T10:00:50.577000,received,kaspa:qq9zagcza4jt76eev9jl5z0nqhe0thcu7js8larktj4sle7lvgnw7sfcewlty,399199243389,
2861caa581aa59674ea504a4c6d64b07b8ab2427160bc0297d3d943cb6eed350,2023-11-25T12:39:27.835000,sent,kaspa:qqwvnkp47wsj6n4hkdlgj8dsauyx0xvefunnwvvsmpq2udd0ka8ckmpuqw3k5,400000000000,
7207855cd233ac8ba044b4ba9b24f3fff7712998ba6a1e91949f85bcd667c736,2023-04-16T18:41:50.489000,sent,kaspa:qqwvnkp47wsj6n4hkdlgj8dsauyx0xvefunnwvvsmpq2udd0ka8ckmpuqw3k5,650000000000,
7207855cd233ac8ba044b4ba9b24f3fff7712998ba6a1e91949f85bcd667c736,2023-04-16T18:41:50.489000,sent,kaspa:qqwvnkp47wsj6n4hkdlgj8dsauyx0xvefunnwvvsmpq2udd0ka8ckmpuqw3k5,650000000000,
7207855cd233ac8ba044b4ba9b24f3fff7712998ba6a1e91949f85bcd667c736,2023-04-16T18:41:50.489000,sent,kaspa:qqwvnkp47wsj6n4hkdlgj8dsauyx0xvefunnwvvsmpq2udd0ka8ckmpuqw3k5,650000000000,
3bd808a02d4000dc4c916535c0724a7bcf17a399a446deaee9dde415f0300f65,2023-04-02T04:05:10.827000,received,kaspa:qzaznl62y7qecqgw42e3yenk4te46u9tx03g6kk9l83dsj7ttaywvzgng4p27,150000,
35a5d095d22454882a315f290b0718666514ec8c1b3d54eddca13f32d955375b,2023-04-02T04:03:38.325000,received,kaspa:qp09khj5cm23h3dyg2u46ej2zs3zrshsdtw2htgdhtnuyl3ncjpdcjhjgj9z3,1368730000000,
35a5d095d22454882a315f290b0718666514ec8c1b3d54eddca13f32d955375b,2023-04-02T04:03:38.325000,received,kaspa:qrtqdn4k3r9swd7hphgyanjzjalaxe8rj227sswd0fyru72uhlw8gs5nq4mw3,1368730000000,
35a5d095d22454882a315f290b0718666514ec8c1b3d54eddca13f32d955375b,2023-04-02T04:03:38.325000,received,kaspa:qqgy0k90naqd4ftwfwerg2gd4pswu6l76kc7zevyzau4dp884w5ugfmcthek2,1368730000000,
35a5d095d22454882a315f290b0718666514ec8c1b3d54eddca13f32d955375b,2023-04-02T04:03:38.325000,received,kaspa:qpzvtlqf235etj65aafdl9l234zl0dv57tds4nq06ny7x8ue9u725ftz4xmel,1368730000000,
2ded79bd7986ba7a29210f12059d33712bc3bf371abdd3464805f27502b121f9,2023-04-02T04:00:19.290000,received,kaspa:qpez7r9eynv2xs63hq4stch5lnxcwknjkqxlcqpu82mme7cslcf6c9pjvqreu,1000000000,
