tx_id,timestamp,direction,peer_address,amount_sompi,cex_label
5e8e2455a2d9ac2c82eddc56fe895f441610be87c0c5a601963426f5dcb4608c,2023-12-16T04:37:23.044000,sent,kaspa:qzslgwenzu78t6tldlng383g7ruu4enaljmnkgaulyrscjp7ldt26x8gfxck5,171940000,
5e8e2455a2d9ac2c82eddc56fe895f441610be87c0c5a601963426f5dcb4608c,2023-12-16T04:37:23.044000,sent,kaspa:qzslgwenzu78t6tldlng383g7ruu4enaljmnkgaulyrscjp7ldt26x8gfxck5,171940000,
4b206ce838b6551fcc955f415f153ce5e95ea09ebd57c23a075412a77d1f6362,2023-12-12T21:59:18.569000,received,kaspa:qypswxtcrv4ssyjaswy5w9387vq73mkuyq85tl34cee6qn5uexqy0csgnafnjx7,171000000,
b117aa45f0b65db3df5656267a0ae54041e7596ec5d2240279d0ae9ca61af7bb,2023-11-29T13:31:14.240000,sent,kaspa:qyp3la00ckc4vfsl89tdux9qphxuts770dv84rtvnp8xcj8z9y2ggygekmzgfs9,18000000,
70d21a39d6f0935fa6d41755522101312f93a0a825bc9c20165c81af91dfe4fa,2023-11-29T09:39:43.519000,received,kaspa:qpt4rs4dse5l4ane0e0tv6nc2m9eu9gd33t5rkm6dtu8dpvxatuajce59z4ea,19000000,
