tx_id,timestamp,direction,peer_address,amount_sompi,cex_label
35aec224e306d3eafe7c9c58a5a2fbd75ae1c521fcacc9a8adb037c3caf80e21,2024-02-17T10:05:02.104000,sent,kaspa:qqd463qjk795l7x06el7qjdh4hjtprah8mtnxx8exg8wz43fla4djkghheu25,172980000,
35aec224e306d3eafe7c9c58a5a2fbd75ae1c521fcacc9a8adb037c3caf80e21,2024-02-17T10:05:02.104000,sent,kaspa:qqd463qjk795l7x06el7qjdh4hjtprah8mtnxx8exg8wz43fla4djkghheu25,172980000,
d6f19d425b5d39eb1fbcc107871a949ab216208289a4c08d39e7f27368ef5caf,2023-12-12T23:21:42.197000,received,kaspa:qypswxtcrv4ssyjaswy5w9387vq73mkuyq85tl34cee6qn5uexqy0csgnafnjx7,171000000,
ad70c79088b67471b7d9c88c9f179c59938d85caa8f44e6822fa7512867a4b81,2023-11-29T14:56:26.662000,sent,kaspa:qypcp9t206ekamrlraexmwe05pp4u4h9va304np6hjk3n9kazlgf58sxp6dwj4c,18000000,
99a9764c063bc8241c18e8e8c4d47e43482c10a4c22e9dd26f434cf267766980,2023-11-27T07:07:44.627000,received,kaspa:qyphjdfspkrm9wh3vhcwrjvgkcp9m8magzyjnrchf54yez3ht9p2rzgf26qpgxz,20000000,
