tx_id,timestamp,direction,peer_address,amount_sompi,cex_label
7fb673320873551cf09ba79312590027f9b735ee8b52f460899393b96972b0b2,2023-12-13T04:30:56.572000,sent,kaspa:qq4z065ydt5r00x8wmn4rhtez94gafudfh9nedstzqng68q2vp37jyztffxq3,8548999999,
7fb673320873551cf09ba79312590027f9b735ee8b52f460899393b96972b0b2,2023-12-13T04:30:56.572000,sent,kaspa:qqjmymyfagkwc0nlzjq67spzth74rmzwvud8ufwyqkls0nvj4z94cvrn56mzx,941533,
a6af106c733680b0c1a29f964a14a83859bcbf8cc6cce0f2f5e18a234a09b83d,2023-12-13T03:12:43.446000,received,kaspa:qypswxtcrv4ssyjaswy5w9387vq73mkuyq85tl34cee6qn5uexqy0csgnafnjx7,171000000,
860be8b3f6db7d24ae39c24b7afa9168d3dba858b72c0f2f42594ec2783089d3,2023-12-07T15:04:56.650000,sent,kaspa:qq4z065ydt5r00x8wmn4rhtez94gafudfh9nedstzqng68q2vp37jyztffxq3,855000000,
860be8b3f6db7d24ae39c24b7afa9168d3dba858b72c0f2f42594ec2783089d3,2023-12-07T15:04:56.650000,sent,kaspa:qzqvu0lerpcedzk3vkyq3eqcta7d7qggwjyfk6pmw89uze93xerm727e49023,80921,
b9ea3f6c791e1a15cf599987a855dd1aa6c8b0286f82b233dc97af92b29b636e,2023-12-07T14:56:45.752000,received,kaspa:qypqhwaag39ahn934e9njgp5uuzr7zxgcwtqpzwrkehmxrgl608urmg4e9n5dh0,171000000,
0a54ce388b67b25069a13e151b0a29b406367ffa0c71382f5af84000d238ed42,2023-11-29T18:31:28.953000,sent,kaspa:qyp64dfnk993ghe0gl2eu080y70ha205uersk0p763wg032rq4h0lqcjpayd97u,18000000,
0a54ce388b67b25069a13e151b0a29b406367ffa0c71382f5af84000d238ed42,2023-11-29T18:31:28.953000,sent,kaspa:qrm9e0wv4df3vg0pq23vj82n2lf5f7nr4gw2pw4zzx2npk0wth6fy92q7mnmr,539931360,
86fa33278c5e3b656e027685e1405d29cdad60467b943ee261116c02ae0c0368,2023-11-29T18:30:15.952000,received,kaspa:qpheyjup6edyyfv5xqx62624dg7cwwdm52024ja0alxjmeu7kmcgyq0mv8ujv,559933440,
f30b53cc888f89b30080aebc5baa81bf72744bc682031378bf1197844aebadf4,2023-11-18T03:46:23.320000,sent,kaspa:qyplmf6ud37x67z4uu5zv9rprdtn3vwagy4rss3rhfcp236zsfr2mysjvr28qq7,18000000,
f30b53cc888f89b30080aebc5baa81bf72744bc682031378bf1197844aebadf4,2023-11-18T03:46:23.320000,sent,kaspa:qp4p3c5rzcpknagp5j0ukmjfe9z6gs23c7chha8fap6cpdd4gjawx3edqpzwr,151438307,
b7f34102ac01d9527e695289ac2b793ea9fab350967c35c2070f2f7b2ff2c66b,2023-11-18T03:25:12.955000,received,kaspa:qrzg4vcrug8dgzf986nh7xe3uglyvqysh8qefscrrhmcvula68w6kh2aaqa33,5745698,
