tx_id,timestamp,direction,peer_address,amount_sompi,cex_label
2202c0c976998018e701000655ebddb057e3411bca2622b7bde46203831b6b7f,2023-12-16T03:41:31.443000,sent,kaspa:qzslgwenzu78t6tldlng383g7ruu4enaljmnkgaulyrscjp7ldt26x8gfxck5,171940000,
2202c0c976998018e701000655ebddb057e3411bca2622b7bde46203831b6b7f,2023-12-16T03:41:31.443000,sent,kaspa:qzslgwenzu78t6tldlng383g7ruu4enaljmnkgaulyrscjp7ldt26x8gfxck5,171940000,
d1f0490435f9af1ffb3289f8adb05fb9d289d8169a5369e446db18c53bbe0ae8,2023-12-12T02:31:12.430000,received,kaspa:qypswxtcrv4ssyjaswy5w9387vq73mkuyq85tl34cee6qn5uexqy0csgnafnjx7,171000000,
27a820bc33caa7eb835b752a0e0b858b38d3af9756a7b79640aa09583d4863f8,2023-11-28T00:33:30.788000,sent,kaspa:qypl8ykj42xyja3rk4j43e6jkwtr7x20xaugw8f00p0m46sxh2khvzc7wzm6s8y,18000000,
0cc37bbe2fa1377dfc4fb7fe027eb60ae09c196fc2ea372c0bcae07132de7ec0,2023-11-27T17:31:06.554000,received,kaspa:qpmp7s9we4nmtuq7fahr68pkxddehqer4r278q8wwtrgp4p5cqqj7e08uvv05,19000000,
