tx_id,timestamp,direction,peer_address,amount_sompi,cex_label
2c55122a55410bfc159375960dfbba3c00dd9c5cd3b0509202241ea51c6c2b9b,2024-06-18T01:55:11.814000,sent,kaspa:qq9zagcza4jt76eev9jl5z0nqhe0thcu7js8larktj4sle7lvgnw7sfcewlty,10000000000000,
2c55122a55410bfc159375960dfbba3c00dd9c5cd3b0509202241ea51c6c2b9b,2024-06-18T01:55:11.814000,sent,kaspa:qq9zagcza4jt76eev9jl5z0nqhe0thcu7js8larktj4sle7lvgnw7sfcewlty,10000000000000,
ecea5876dc154c2d6a49cc3c6b7d8bdb3093ef19e82fd3b14388581fd305b08e,2024-06-18T01:53:42.969000,received,kaspa:qz24m0qke6qkppyehr3cqlphpxdp0erwkmp9lh0hc4w39l5k7lld6lesm50dv,10000000000000,
ecea5876dc154c2d6a49cc3c6b7d8bdb3093ef19e82fd3b14388581fd305b08e,2024-06-18T01:53:42.969000,received,kaspa:qqlm94d4kulzvy9wms8u2j8ymxm8nwd4cp6r8drkjt0f88aclh5l2wequed62,10000000000000,
c43f28066beffa3d34aef7457aa2371cc5b1fbb7f82972ce42d8e0d6ebaffb96,2024-06-15T10:23:33.054000,sent,kaspa:qq9zagcza4jt76eev9jl5z0nqhe0thcu7js8larktj4sle7lvgnw7sfcewlty,2000000000,
437d5cf4b0e3d67f5127e1f8e8c6b8767a45d150bd1a2ac1ee674c8ac1508ecd,2024-06-15T10:19:53.738000,sent,kaspa:qzaere0jsqg0rz3k4jcrrdtl0dnpzgf8uhw8nnx06rjcfd5ehm4uyz30xfgvv,20000000000,
437d5cf4b0e3d67f5127e1f8e8c6b8767a45d150bd1a2ac1ee674c8ac1508ecd,2024-06-15T10:19:53.738000,sent,kaspa:qzaere0jsqg0rz3k4jcrrdtl0dnpzgf8uhw8nnx06rjcfd5ehm4uyz30xfgvv,20000000000,
26861dc9bdc72ac32e45eb4ad3caff6d1cbd6adf30c09986bcb58a602ed5d405,2024-06-15T10:14:29.673000,received,kaspa:qq9zagcza4jt76eev9jl5z0nqhe0thcu7js8larktj4sle7lvgnw7sfcewlty,21865495603,
26861dc9bdc72ac32e45eb4ad3caff6d1cbd6adf30c09986bcb58a602ed5d405,2024-06-15T10:14:29.673000,received,kaspa:qq9zagcza4jt76eev9jl5z0nqhe0thcu7js8larktj4sle7lvgnw7sfcewlty,21865495603,
26861dc9bdc72ac32e45eb4ad3caff6d1cbd6adf30c09986bcb58a602ed5d405,2024-06-15T10:14:29.673000,received,kaspa:qq9zagcza4jt76eev9jl5z0nqhe0thcu7js8larktj4sle7lvgnw7sfcewlty,21865495603,
5c347d7f662fa799cd2ab50060c81e95c3bb498d9170d25a8bd4b5db832ed62d,2024-06-15T10:09:51.767000,received,kaspa:qz24m0qke6qkppyehr3cqlphpxdp0erwkmp9lh0hc4w39l5k7lld6lesm50dv,2000000000,
