tx_id,timestamp,direction,peer_address,amount_sompi,cex_label
f1109cec3307dd5e92e62dab68c1fd75ec22e6ff7bdcb0c96fc1ef49c935856d,2023-12-14T00:42:00.562000,sent,kaspa:qq3whcc5uawt5m40hgz2uqx7tllrcv489u6exlxa73sxpzv8z7yjcyuurz42f,172900000,
f1109cec3307dd5e92e62dab68c1fd75ec22e6ff7bdcb0c96fc1ef49c935856d,2023-12-14T00:42:00.562000,sent,kaspa:qq3whcc5uawt5m40hgz2uqx7tllrcv489u6exlxa73sxpzv8z7yjcyuurz42f,172900000,
542c98093150969dae24d78c9e26c2ed4f5350405b9c2356af76db3ab02d6d51,2023-12-13T03:41:20.991000,received,kaspa:qypswxtcrv4ssyjaswy5w9387vq73mkuyq85tl34cee6qn5uexqy0csgnafnjx7,171000000,
c8b7c52b62b8bc2153e3192c22cda1698a9933771a1cacc6dc8d01d0d8c53ee9,2023-11-29T18:57:13.963000,sent,kaspa:qyp5fcxlvraghuzd3r0pxyqec9fphjqsyjwx0gmx5jd80zwnug84cug9u20qkss,18000000,
29866049a6612bb0d5d101c758a1c6ff4fb2c7386e3cef63faf55789b4d5374a,2023-11-29T18:13:01.834000,received,kaspa:qrzkxskt9rfh69ax2u2nma9vy5ejjgx70ad4tlq929u2y9wrlup9czm74j6uk,20000000,
