tx_id,timestamp,direction,peer_address,amount_sompi,cex_label
50b8650b90cfde5bfcc303e046ff2bce8ece3202d3e4a043035eaec689423142,2023-12-13T15:14:23.544000,sent,kaspa:qr7r8rtehym00mcmmucflvu2003fsevzc9s0rezsltzwd6jd34p2cg3nd43cf,170990000,
f192f911756ab2c774c94dbb6e9be0271398ce1025c0a7f984a3eca1517ff978,2023-12-12T12:46:08.414000,received,kaspa:qypswxtcrv4ssyjaswy5w9387vq73mkuyq85tl34cee6qn5uexqy0csgnafnjx7,171000000,
e50884183a41717670552bea85b0ae028ea4cb04c14c273fe50fd92ba43d1de0,2023-11-28T17:20:33.157000,sent,kaspa:qypj3n3akzp56kexqr560snayfdchp8jt8yfvewnj6r4ltm6g6qjeksa7wxu6t0,18000000,
8d98dbd7888e2ba58b1f9773381c834f0b288a5de7f53423c1ee58dfa87a190b,2023-11-28T17:15:58.006000,received,kaspa:qqdk4wwyz8xh0ueus2rdawqcegw7qr44m7ly63d6z3m92pmg3sgcuwca6lxxl,18010000,
