tx_id,timestamp,direction,peer_address,amount_sompi,cex_label
8c0585868c9de1fc6097f5b54970112e9c327b7c51c3a28e55795b60232012bc,2023-12-16T05:15:02.144000,sent,kaspa:qzslgwenzu78t6tldlng383g7ruu4enaljmnkgaulyrscjp7ldt26x8gfxck5,171940000,
8c0585868c9de1fc6097f5b54970112e9c327b7c51c3a28e55795b60232012bc,2023-12-16T05:15:02.144000,sent,kaspa:qzslgwenzu78t6tldlng383g7ruu4enaljmnkgaulyrscjp7ldt26x8gfxck5,171940000,
6fb7e7a72eaa83aad192a59c5c74a42f92a4a94e756147087956b99b77c66029,2023-12-13T05:24:59.211000,received,kaspa:qypswxtcrv4ssyjaswy5w9387vq73mkuyq85tl34cee6qn5uexqy0csgnafnjx7,171000000,
58264b6260432b17b35b82875339afe30dd3b04ba2a81b00fea7d90f81d1e20f,2023-11-29T21:21:42.777000,sent,kaspa:qyp9lwmqp8w72dn749lj5edryaw8k4qule3u25q6k438zpljqfs9gpgk0kukngn,18000000,
5707b4386d6a1eaa19cd30a6fa2d7dfe93054a08b1ad2f907064c60fcf3d5b05,2023-11-29T03:12:21.767000,received,kaspa:qpw309ql97qqj6zc80wuq0pw64sw4n2l0jhq3lpx7amn38z4s02tj0dhumqnq,19000000,
