tx_id,timestamp,direction,peer_address,amount_sompi,cex_label
39d5f641a91cb68af7773ed923d1d22237fbd380b2ad3867085e768fea397157,2024-06-04T02:32:42.698000,sent,kaspa:qzd74u3ces5mh2ew23qh2u5u6780ag8fgcjxtt79wwkauvz7jcrek4pv7xznj,689480000000,
39d5f641a91cb68af7773ed923d1d22237fbd380b2ad3867085e768fea397157,2024-06-04T02:32:42.698000,sent,kaspa:qzd74u3ces5mh2ew23qh2u5u6780ag8fgcjxtt79wwkauvz7jcrek4pv7xznj,689480000000,
e51f0209d27ede5264008b79e84349be3a8c0d7f6e8112c0b6a0d19f30243aae,2024-06-04T02:29:05.829000,received,kaspa:qq9zagcza4jt76eev9jl5z0nqhe0thcu7js8larktj4sle7lvgnw7sfcewlty,689481427069,
e51f0209d27ede5264008b79e84349be3a8c0d7f6e8112c0b6a0d19f30243aae,2024-06-04T02:29:05.829000,received,kaspa:qq9zagcza4jt76eev9jl5z0nqhe0thcu7js8larktj4sle7lvgnw7sfcewlty,689481427069,
3000aa020caf2f9ba8a5e86d49cf427c37a476d0eacb030ae0e8866807ec8daf,2024-06-04T00:14:02.893000,sent,kaspa:qzd74u3ces5mh2ew23qh2u5u6780ag8fgcjxtt79wwkauvz7jcrek4pv7xznj,245600000000,
4fb7f6edecd92a826795be6441fa9a055395438953d28cdca602827387236c5d,2024-06-03T23:39:09.207000,sent,kaspa:qzd74u3ces5mh2ew23qh2u5u6780ag8fgcjxtt79wwkauvz7jcrek4pv7xznj,100000000,
fcad1f24a42820726c0e649bee9aa926696cde4868c4d2d6697dd4246c734ac2,2024-06-03T13:24:08.630000,sent,kaspa:qzst66q3jpz40gf2dw9ah3k7m8522m345de489ravlvllffdh5xtzr9yaedwh,15000000000,
621d2882a8e125ff7aacc4bc97d5ef42fb9e03a85fb39726f09af53165e04fda,2023-05-25T07:55:13.691000,sent,kaspa:qqwvnkp47wsj6n4hkdlgj8dsauyx0xvefunnwvvsmpq2udd0ka8ckmpuqw3k5,490000000000,
621d2882a8e125ff7aacc4bc97d5ef42fb9e03a85fb39726f09af53165e04fda,2023-05-25T07:55:13.691000,sent,kaspa:qqwvnkp47wsj6n4hkdlgj8dsauyx0xvefunnwvvsmpq2udd0ka8ckmpuqw3k5,490000000000,
54e023d8257668f8273166c5b99af9e70dc220c5a58b1079bf5f36ab87b48784,2023-05-17T06:28:51.150000,received,kaspa:qruy4lct3726vap94snxmrk2a9248h4akhkfkm47hyskdxnmtnvj7ha84dy0c,491272855672,
897884fc7a47dedc5816d6aa9750eb8947ebc4537aa3453380b551c22076ea7e,2023-05-09T12:44:49.397000,received,kaspa:qpdq8wsgs22t8fv8f3ef5464hkgdx7q87d2w3zq6scjfkek2as9xxth6dhe6z,259430679483,
cb645df43e88d856b5af999789d2b3f87ea727ad86c05e3a2101230bbca355d4,2023-05-05T17:46:00.860000,sent,kaspa:qqwvnkp47wsj6n4hkdlgj8dsauyx0xvefunnwvvsmpq2udd0ka8ckmpuqw3k5,193273212088,
fd0bd66486fa5068f5dd4d6291f12f26317ae872f57058c1fc049a67171c0687,2023-05-05T14:32:41.619000,received,kaspa:qq3rze8jhm4j6g60msn0zu2z0fgp97zjda22ga3kwzev69j2grhrzqewzevtn,193273312088,
