tx_id,timestamp,direction,peer_address,amount_sompi,cex_label
55764daf4056e5da1d8b82848aa89196a767c8f99b9c93c004defe7b218e6eb4,2023-12-16T04:21:46.006000,sent,kaspa:qzslgwenzu78t6tldlng383g7ruu4enaljmnkgaulyrscjp7ldt26x8gfxck5,171940000,
55764daf4056e5da1d8b82848aa89196a767c8f99b9c93c004defe7b218e6eb4,2023-12-16T04:21:46.006000,sent,kaspa:qzslgwenzu78t6tldlng383g7ruu4enaljmnkgaulyrscjp7ldt26x8gfxck5,171940000,
8bd1bc1330ecd4bad7579cb967550a81c3d61c99dbdf34627499c9398356c7b8,2023-12-12T15:21:34.863000,received,kaspa:qypswxtcrv4ssyjaswy5w9387vq73mkuyq85tl34cee6qn5uexqy0csgnafnjx7,171000000,
dc10cf5db69a0c7dc5524310f35682b39566ca1629b21c5ef63d01c500e65503,2023-11-29T01:33:42.673000,sent,kaspa:qypv5ex5749dqgryazsspnv3f40d53fhx04fvx3ynlm5hnk856yq5hsdvwa6pw6,18000000,
980517d3b87701fb0ef15bb1da25963a5a2252ef8d11d8bbd78369960ea881fd,2023-11-28T20:35:00.976000,received,kaspa:qrl5z097v376x0t7s4u4ul3czqxfsx7nnxhd8c7pwmgv788x4f79xgmcmxqp6,19000000,
