tx_id,timestamp,direction,peer_address,amount_sompi,cex_label
29c26431c75286bc8d97e2098a5c3660b8bcb2d2ef8a1b9a20d8299f242b7d02,2023-04-15T15:41:42.121000,sent,kaspa:qr7fp0ws3geqqjzq0nktrl7vscnzzxaxet7t7fsf7egm9wunq4zyvx9ajzjf4,118646303459091,
3bce043f80eb8a3b517f01c1e2bf66a84d276d40b711b809cc5dd30bce0d2cbd,2023-02-05T20:03:56.872000,received,kaspa:qpjunp39ssazf4rzfxxu0hd35xggfxn6lq0ls9u9q6peevzcmcv4xmv9q4njd,1184734000000,
530a09b1922861f910458af738f5a3f0622f72d1dc72625915c15502310888fa,2022-11-14T23:27:16.657000,sent,kaspa:qzxqj5c7ymvjpxdxadpmth0lcpxhp25tv7gck7yl0cwxfjhw35mjy2jc5644c,50000000000000,
530a09b1922861f910458af738f5a3f0622f72d1dc72625915c15502310888fa,2022-11-14T23:27:16.657000,sent,kaspa:qqancd0nfyfkzcqvkuse5jvm9ynsttx0d8q4dh0c7la4hh5vdqq9kg0sc523t,10359530662357,
d37fd7020ea6406057f137b172be7b2f968b96ca3be958b9a38b2fb635048d06,2022-09-10T09:29:05.369000,received,kaspa:qzacs3vl34sswlmalkwkrc53c0kexrtnjxx3a6mkvs60r0qt7lauglmn08307,100000000,
77c2dec6f3a3fd96c32acdfc8e9b80aa05e377eaa9389982ead3f07fea24a84e,2022-09-08T21:44:16.549000,sent,kaspa:qrzjrgduvudvnkfs84s3t6p0perv0zz0kzaw5hl5u7qvwdxg4k9g66l4cs0m9,40000000000000,
77c2dec6f3a3fd96c32acdfc8e9b80aa05e377eaa9389982ead3f07fea24a84e,2022-09-08T21:44:16.549000,sent,kaspa:qpkv5j777wyx36vmerycs2tucvc752uszt7cnavnzvc72r278jyxyvd4qursy,31740886913760,
6fa99db8cc633c9ec1b87d1fdeadf1fb583653ba66127b85a3525e9c8bbbd9ed,2022-08-19T21:08:26.204000,received,kaspa:qzacs3vl34sswlmalkwkrc53c0kexrtnjxx3a6mkvs60r0qt7lauglmn08307,100000000,
