tx_id,timestamp,direction,peer_address,amount_sompi,cex_label
1dd3f670e9210a507ecf926fa7d857083caab0e7093ac8c48ca42ea003acfc71,2023-12-12T18:11:51.896000,received,kaspa:qypswxtcrv4ssyjaswy5w9387vq73mkuyq85tl34cee6qn5uexqy0csgnafnjx7,171000000,
840184934aa8a381edb491507c67b60923a68605cbdedb8e117e081cbfb0d846,2023-11-29T06:59:11.691000,sent,kaspa:qypfhdh6txu0waxc2kh2nwf5d8mh4ueyv29xfhprzlqqzn738e520wgltpux4a0,18000000,
840184934aa8a381edb491507c67b60923a68605cbdedb8e117e081cbfb0d846,2023-11-29T06:59:11.691000,sent,kaspa:qrlk3lcuskeq46ulf9z9eyyf7kfpx8g2phkjtngs5s8tle3hgz0dx063xsxmd,1269600000,
6b4a8fbc9002c5cde255572d109ed03e2f7bf660ca31cc3ee53c723f9baf7892,2023-11-29T06:37:10.723000,received,kaspa:qpmt44jvycx6cwl29aw66zt0y8uv0ax0rdwpaksvmpregwkhnuycvkj92445y,1287610000,
