tx_id,timestamp,direction,peer_address,amount_sompi,cex_label
24095178245bb5a4ba8df038b058101d8dd90016e84ea634bda25e2e70e0538a,2024-02-17T19:12:08.532000,sent,kaspa:qqyrl8sham25c7pvdxlzw5ev4lrfm80k8deymkwrz4kta0w5mma0g67pnq3f2,172980000,
24095178245bb5a4ba8df038b058101d8dd90016e84ea634bda25e2e70e0538a,2024-02-17T19:12:08.532000,sent,kaspa:qqyrl8sham25c7pvdxlzw5ev4lrfm80k8deymkwrz4kta0w5mma0g67pnq3f2,172980000,
c2864f1d136460e346ee74b66691e64785cba342cf2da37380c39bf399684591,2023-12-12T16:04:39.883000,received,kaspa:qypswxtcrv4ssyjaswy5w9387vq73mkuyq85tl34cee6qn5uexqy0csgnafnjx7,171000000,
ca3b4152446518fb1fb3e9d550346770401929d10e7cd9dbaa1cad16a8c3fb94,2023-11-29T03:11:40.223000,sent,kaspa:qypgv3ww7kc83p2es8szkzex02g95exf8s9nf6936spp4q7mgzts00s9a6dl2la,18000000,
000f0937cb3649572549a9bb3b4645b9e868a7127db21b807ce3fb6baf69f922,2023-11-27T23:50:21.018000,received,kaspa:qyp09jwvzzyp0g4fdep2d2fekeh7gss2cd4mnug4jc5uel6xflyzw8csmlsjrqg,20000000,
