tx_id,timestamp,direction,peer_address,amount_sompi,cex_label
8201b3ce956727ba8c1556fdc1a46a5af381cee3b17d51aedca846fc28cf02ce,2023-12-16T04:56:12.351000,sent,kaspa:qzslgwenzu78t6tldlng383g7ruu4enaljmnkgaulyrscjp7ldt26x8gfxck5,171940000,
8201b3ce956727ba8c1556fdc1a46a5af381cee3b17d51aedca846fc28cf02ce,2023-12-16T04:56:12.351000,sent,kaspa:qzslgwenzu78t6tldlng383g7ruu4enaljmnkgaulyrscjp7ldt26x8gfxck5,171940000,
45737fc1bd475191eb5c96b4f6c74c2af9ce1b81d3cc97fd55379c9de0790e97,2023-12-13T00:35:46.458000,received,kaspa:qypswxtcrv4ssyjaswy5w9387vq73mkuyq85tl34cee6qn5uexqy0csgnafnjx7,171000000,
642008360357bc3ae2367571ebfab65d71f6ed32b05edfcce8e01133530ac371,2023-11-29T16:18:16.791000,sent,kaspa:qypsffv6l35q5hwwzhczuyp5e4mgffr54ur42jryeatwqld2wjyeu7czsjahdcu,18000000,
c6de538b6fe5f0b4f08063a74b69aae0f3baf32c8007183dd41645a1d108783e,2023-11-29T03:53:32.517000,received,kaspa:qz93n5nxf7a8s0swqvdhxs8v6dqel9yqdzy4ypkxhjmevkrl478yugutafnmr,19000000,
