tx_id,timestamp,direction,peer_address,amount_sompi,cex_label
f2291493f18361f94039c791535f8c88a08a9a39070e11512cd3b10bc0a94bc9,2023-11-25T10:52:58.331000,sent,kaspa:qqz4cjkm3q2dk3wm32yp3w9vjklfm9274yyf2mwf99ulrykfvzszy32hz652q,100000000000,
f2291493f18361f94039c791535f8c88a08a9a39070e11512cd3b10bc0a94bc9,2023-11-25T10:52:58.331000,sent,kaspa:qpuq2vdnd6usvqt07zu2nsu9ay9ft6js32huzhnkv5snghahkkutujmp0prld,1312013255715,
5c397d1ca4551ec924a990ec5531d7b1ba475c191cd481ca86ac2ebce3dbebd0,2023-10-02T10:31:06.523000,received,kaspa:qr329a4zezr59m34d5vax28yxsth8adazmkucf8d8g9qlzxpppclyn9nlcvav,1844188626,
5c397d1ca4551ec924a990ec5531d7b1ba475c191cd481ca86ac2ebce3dbebd0,2023-10-02T10:31:06.523000,received,kaspa:qr329a4zezr59m34d5vax28yxsth8adazmkucf8d8g9qlzxpppclyn9nlcvav,1844188626,
5c397d1ca4551ec924a990ec5531d7b1ba475c191cd481ca86ac2ebce3dbebd0,2023-10-02T10:31:06.523000,received,kaspa:qr329a4zezr59m34d5vax28yxsth8adazmkucf8d8g9qlzxpppclyn9nlcvav,1844188626,
5c397d1ca4551ec924a990ec5531d7b1ba475c191cd481ca86ac2ebce3dbebd0,2023-10-02T10:31:06.523000,received,kaspa:qr329a4zezr59m34d5vax28yxsth8adazmkucf8d8g9qlzxpppclyn9nlcvav,1844188626,
