tx_id,timestamp,direction,peer_address,amount_sompi,cex_label
013c63af84a5ee575e3abd90803cbf1c30a7999b58f5306969de2fdb915fb6ca,2023-12-16T04:29:35.620000,sent,kaspa:qzslgwenzu78t6tldlng383g7ruu4enaljmnkgaulyrscjp7ldt26x8gfxck5,171940000,
013c63af84a5ee575e3abd90803cbf1c30a7999b58f5306969de2fdb915fb6ca,2023-12-16T04:29:35.620000,sent,kaspa:qzslgwenzu78t6tldlng383g7ruu4enaljmnkgaulyrscjp7ldt26x8gfxck5,171940000,
42035a338d908babac04998288dc1786804fbe8595dc9d938728cb71a246ed8e,2023-12-12T12:49:41.166000,received,kaspa:qypswxtcrv4ssyjaswy5w9387vq73mkuyq85tl34cee6qn5uexqy0csgnafnjx7,171000000,
c61b5d480994c3e70f8632f2c735a5597abd25a14cd583aa9d618e5c3be178e3,2023-11-28T17:24:34.234000,sent,kaspa:qyp26342t2rud8f44w9xpefm3r6wduk20cw55u0uzatfjjmr630n9aqp48fd8tj,18000000,
aa2ed4dd55262e4763fbc012cd85ef09ebc1d36b9542eed5ff05d9e5fbea5a0a,2023-11-28T07:40:51.832000,received,kaspa:qpqx4wpyukq68x0ld6shf0meucep064jufpyyzk5a4gnut8pntjx7d6cw9z8c,19000000,
