tx_id,timestamp,direction,peer_address,amount_sompi,cex_label
786ded1fa19554282017918e3caa8a357fe0e4c6b664d3e61a0d1dc38e3dd6a9,2024-05-18T07:02:32.450000,sent,kaspa:qrs7wq36rxu97dgr46pnh8s0kvu2ur6wd8f8g5jkqra9knfg2g6r22d5yr4u3,640412575996,
d94845b8c588c7d397a7542c86cf9329d3176a415604b4c47d9d27e6433bafd4,2024-05-16T04:09:58.642000,received,kaspa:qq2m06juj3kvlqvnglcje669vr8a0n3lw8gwecnep3zfpkhg4jczzwmn80a8y,94275756967,
d94845b8c588c7d397a7542c86cf9329d3176a415604b4c47d9d27e6433bafd4,2024-05-16T04:09:58.642000,received,kaspa:qq2m06juj3kvlqvnglcje669vr8a0n3lw8gwecnep3zfpkhg4jczzwmn80a8y,94275756967,
d94845b8c588c7d397a7542c86cf9329d3176a415604b4c47d9d27e6433bafd4,2024-05-16T04:09:58.642000,received,kaspa:qq2m06juj3kvlqvnglcje669vr8a0n3lw8gwecnep3zfpkhg4jczzwmn80a8y,94275756967,
d94845b8c588c7d397a7542c86cf9329d3176a415604b4c47d9d27e6433bafd4,2024-05-16T04:09:58.642000,received,kaspa:qq2m06juj3kvlqvnglcje669vr8a0n3lw8gwecnep3zfpkhg4jczzwmn80a8y,94275756967,
