tx_id,timestamp,direction,peer_address,amount_sompi,cex_label
6d6c587bfe15f6e08ef166ea3b4f68b6f2f083a42ebc08f347adc1c328c93a79,2023-12-16T05:07:57.495000,sent,kaspa:qzslgwenzu78t6tldlng383g7ruu4enaljmnkgaulyrscjp7ldt26x8gfxck5,171940000,
6d6c587bfe15f6e08ef166ea3b4f68b6f2f083a42ebc08f347adc1c328c93a79,2023-12-16T05:07:57.495000,sent,kaspa:qzslgwenzu78t6tldlng383g7ruu4enaljmnkgaulyrscjp7ldt26x8gfxck5,171940000,
3830996ef2873dbda9843903c522ded2fb5d13084dde9a5752c115bfaff3f23a,2023-12-13T02:48:20.972000,received,kaspa:qypswxtcrv4ssyjaswy5w9387vq73mkuyq85tl34cee6qn5uexqy0csgnafnjx7,171000000,
0f6153b905745493a7477a99ba20b42b2789b714b0383423990232193de8e19c,2023-11-29T18:06:50.536000,sent,kaspa:qyp8gyen7szskanm5w6wg5xzu655mn0smsxalmtkh6vgk5nl356fvegkynfrae5,18000000,
5b7b0d8a2f2e98ad8a91fc222562eeb9ad3d2800ed51931b4e750f364022a6ca,2023-11-29T06:41:27.997000,received,kaspa:qpy942kygd8zc5u3w0cc3jjnf29ttsednx3p0fmyq4yd2rcxpx35vgu4hl9w4,19000000,
