tx_id,timestamp,direction,peer_address,amount_sompi,cex_label
4ea76a120bdb7c05921b0809e082af08e34f383803031e3932127e264fae9a2b,2024-02-17T10:04:28.037000,sent,kaspa:qqd463qjk795l7x06el7qjdh4hjtprah8mtnxx8exg8wz43fla4djkghheu25,172980000,
4ea76a120bdb7c05921b0809e082af08e34f383803031e3932127e264fae9a2b,2024-02-17T10:04:28.037000,sent,kaspa:qqd463qjk795l7x06el7qjdh4hjtprah8mtnxx8exg8wz43fla4djkghheu25,172980000,
581cd7296f1b167bab63e1f905104dfda3e67390bcdc037ca88557c8f95c573e,2023-12-12T16:02:05.058000,received,kaspa:qypswxtcrv4ssyjaswy5w9387vq73mkuyq85tl34cee6qn5uexqy0csgnafnjx7,171000000,
11187e33a9791f457a621e410271a6661d3605bd94d7b7d0ea21f8b1a80b4bfe,2023-11-29T03:06:50.335000,sent,kaspa:qypatf0z5x77gh3p5veeglvv2fluf5hr54qqkdzpn8h3wegzqxn0ngs3vrg039n,18000000,
81b6efb8ba9995e52da8eeadf16f148a1023be345c5d9e89f4162b97ae4b5a33,2023-11-26T20:19:43.197000,received,kaspa:qyp2y2afskgrk04gsaktpgcwqs50g3ucp9k6yw3gzq383zlggeqm7dgpuu0kdj9,20000000,
