tx_id,timestamp,direction,peer_address,amount_sompi,cex_label
1aad7554d0479df527b5bbdf5273fdd31611008044a8212202509a3a4bdbc717,2023-12-18T11:26:08.609000,sent,kaspa:qrkaxvl2tw6pq6zx9xrr9lqnt9x72upf0hsrp3cvgcmfz77m50ycua35nz200,172940000,
1aad7554d0479df527b5bbdf5273fdd31611008044a8212202509a3a4bdbc717,2023-12-18T11:26:08.609000,sent,kaspa:qrkaxvl2tw6pq6zx9xrr9lqnt9x72upf0hsrp3cvgcmfz77m50ycua35nz200,172940000,
a83f5ab3f950abdac73d05db88dc36e696a86361beb80e5e3aa6d9a1a04af670,2023-12-12T07:53:34.868000,received,kaspa:qypswxtcrv4ssyjaswy5w9387vq73mkuyq85tl34cee6qn5uexqy0csgnafnjx7,171000000,
f0f446c68b4bc258837bb1b2de857f60824c6363fd05f6e08eff6a3f832ce0d6,2023-11-28T10:10:28.346000,sent,kaspa:qypfauuykj6t6j2hyqthswywgqnalgrnhes38ppk9rza8gp4gkfc4wqeymksmqt,18000000,
fbdc4c92ef92313a8976ba6248cc0d71fed79e5fb83e492402353357ae566003,2023-11-28T06:45:48.994000,sent,kaspa:qqj53ysw7ptu7wklmxf20ezhgpyknwflugwne3mne2m64mst85gqc44cdsa8j,80000000,
a1b859b6c18263e81ed7d6a4ab29c2acd9da4a064e923ce6ffaa447c3705544d,2023-11-28T06:07:10.427000,sent,kaspa:qzrmkcarqfef0cwahqyn3xhzgle0a6qk5y3474g6ddvh95cgahaxxz3hnwqtw,80000000,
bcf4982bdfb4bef3c6b33385c73596cea3eb25e110f5cdd0343ba9ec53d2f1a2,2023-11-28T05:26:46.209000,sent,kaspa:qrvu22je7yj5x83pf0nqc8y38zsupnshlms606vz872nkdt89kdtknz2j37ug,80000000,
0bcfd71f78d3ddf88ba353f8114cf48e842b7ff21b280fba71b110b6ff9912af,2023-11-28T03:36:31.765000,received,kaspa:qq8xrtuna59fzufnuc03q797an63kjnnh2rlcval6srn9qvnyf3kjcmzu6jyg,260000000,
