tx_id,timestamp,direction,peer_address,amount_sompi,cex_label
51955615667c0e3e109d8a6e0b4b77477dc93d811f0353ff4126622f156873d7,2024-02-20T13:44:21.862000,sent,kaspa:qq6unnf8p62vkudx94u4t90ruxma7zad8wew463l5dhgnyjtrt0sc82lc5ykw,170990000,
a2707627767d51b4b931fb7305db7dac84e0ca8ca20845aa9708517d23c16f9c,2023-12-12T02:18:37.052000,received,kaspa:qypswxtcrv4ssyjaswy5w9387vq73mkuyq85tl34cee6qn5uexqy0csgnafnjx7,171000000,
9f1c46554fa8c54c08e54a7d7329f66514b47491c77291dcaa92a74bf6c2d7ed,2023-11-27T23:20:19.429000,sent,kaspa:qzpsvyuvmlqq8dp3hekrwzcnkwtmvt9gr69p8e87gukh3ntka737k82w5g8m9,1046926991,
86a91633af5f962031b77f271b2f57e4e737e7ef9ec7b03a7799f08cae5512bb,2023-11-27T23:19:35.844000,sent,kaspa:qypzll8fj9jdxmws35d77ssg2d6mszukvuarp45xggn7amdpzvfkt7qz4ty7xjr,18000000,
8f25e2a50c72224d299c4abe803b83d3b341166bb19597c77cc9da3604a332f9,2023-11-27T22:14:56.896000,received,kaspa:qztmnx0azn8czk5jkc59nc92ryyrw8puhn2j7g9hs7xpd9tn0vr272y3z846g,1064946991,
