tx_id,timestamp,direction,peer_address,amount_sompi,cex_label
1b6e746feb03cd936e312cd197b275631f248b27c7837dd1c89d7f13ae2650e9,2024-02-21T02:47:07.091000,sent,kaspa:qq6unnf8p62vkudx94u4t90ruxma7zad8wew463l5dhgnyjtrt0sc82lc5ykw,170990000,
c2eea098876ee620e2fa965db18e763841a5078434be9dff3d2cc7f488c8187d,2023-12-12T14:49:52.731000,received,kaspa:qypswxtcrv4ssyjaswy5w9387vq73mkuyq85tl34cee6qn5uexqy0csgnafnjx7,171000000,
36397bf65bbc0643034d7715d01d16e5edfe51783f1587d580efdf067942050f,2023-11-29T01:16:04.711000,sent,kaspa:qzeh0pqdqvtgzqe0r9ek8xu7tu944adaju3z69xhaceppzcz3urqv93qt5s8c,163960000,
f83a809f40d1d324d478be4e6b4d0008f3a866a3c29cf9a9af3bd65c197d936e,2023-11-29T01:13:01.980000,sent,kaspa:qypzaf2frap2ld230negfzq3u6afwg9davme2jnzqwxfegu4pu2c6aqwnec26n8,18000000,
df0d22691741fc3a574514897a42a7be4e17bb7dfb4205e7843fcb4163a9ae10,2023-11-29T01:01:08.579000,received,kaspa:qqngfjw5kg6vzq5fd8j0dckw9l2p8xrwpnky5k729lujlpxz5rgsweh5fqmsu,181980000,
