tx_id,timestamp,direction,peer_address,amount_sompi,cex_label
6f5e649a325da778f37ab730c017441db5af1210ead4b3e291375ac210bbf532,2024-03-12T19:50:19.018000,sent,kaspa:qqnqv3rvnctfyrjteurqm0gmqfu7yjg3949yxpyxxfa4rgm9nt2zxauwq8xvs,1000000000000,
6f5e649a325da778f37ab730c017441db5af1210ead4b3e291375ac210bbf532,2024-03-12T19:50:19.018000,sent,kaspa:qzcxz3y0csmst6jypkyfyqr490rcqsa9trml094z8s2v3kaqd3sww5ae2wz3d,5615223131532,
824e02837ca28ab749ced17ffa1b7c18a70572f8faa411b702d3f4234e04d275,2024-03-12T17:07:32.349000,received,kaspa:qru7n4r5xgf570ktqe07prd9j6k6xs8c264jr96zp8etv0pk2uqe50aa3s8kg,6615223133601,
824e02837ca28ab749ced17ffa1b7c18a70572f8faa411b702d3f4234e04d275,2024-03-12T17:07:32.349000,received,kaspa:qqmdrrlznz7cgax9jvefm4g4fwtsnnz8r96574qduyjakmyd5rtgc3a4rx0qr,6615223133601,
