tx_id,timestamp,direction,peer_address,amount_sompi,cex_label
46c407c471e4828d72973f9ad4485575b98fa093239c41cba07011e014e9c1ea,2025-05-22T14:10:00.141000,sent,kaspa:qyp3gz8pkmxz0t4qh9607vd80dwk24cmtd08ev4smmvm7e8jpwk8tkcf9l9relh,512619000000,
46c407c471e4828d72973f9ad4485575b98fa093239c41cba07011e014e9c1ea,2025-05-22T14:10:00.141000,sent,kaspa:qzffnn0zkngrazpr7wz2tqlkuzdhvj2lcsygdedmv5qpsvxngplck4cm0q8sc,6987380700000,
599dab76aed0515898d0e94e41d2330af17fbb8b8aa73e84113083d9a67ee1dc,2025-05-22T13:50:44.621000,received,kaspa:qypvrd8359mc4grl6nyyr9w7cs97c5pjf0yqc9xgmgq4xxxtrwds2sg46jnzj88,7500000000000,
efd1808c9b71d2a60cd99056439ab1928fa3f5cb735484c4e5dd23b7efe32278,2024-12-09T02:55:24.846000,sent,kaspa:qypcaey7mxdmtumudmjq93f43zmcsjs4gy2sp6zkj9j8lv08wg2jj8q6d2jherj,533808625680,
efd1808c9b71d2a60cd99056439ab1928fa3f5cb735484c4e5dd23b7efe32278,2024-12-09T02:55:24.846000,sent,kaspa:qzffnn0zkngrazpr7wz2tqlkuzdhvj2lcsygdedmv5qpsvxngplck4cm0q8sc,5504764074320,
b58aa24dfce5d4b2e6282bc5abed1057bfc070f87313216809e2f7e8a2cdc436,2024-12-09T02:36:28.827000,received,kaspa:qypvrd8359mc4grl6nyyr9w7cs97c5pjf0yqc9xgmgq4xxxtrwds2sg46jnzj88,6038573000000,
b58aa24dfce5d4b2e6282bc5abed1057bfc070f87313216809e2f7e8a2cdc436,2024-12-09T02:36:28.827000,received,kaspa:qypvrd8359mc4grl6nyyr9w7cs97c5pjf0yqc9xgmgq4xxxtrwds2sg46jnzj88,6038573000000,
b58aa24dfce5d4b2e6282bc5abed1057bfc070f87313216809e2f7e8a2cdc436,2024-12-09T02:36:28.827000,received,kaspa:qypvrd8359mc4grl6nyyr9w7cs97c5pjf0yqc9xgmgq4xxxtrwds2sg46jnzj88,6038573000000,
b58aa24dfce5d4b2e6282bc5abed1057bfc070f87313216809e2f7e8a2cdc436,2024-12-09T02:36:28.827000,received,kaspa:qypvrd8359mc4grl6nyyr9w7cs97c5pjf0yqc9xgmgq4xxxtrwds2sg46jnzj88,6038573000000,
