tx_id,timestamp,direction,peer_address,amount_sompi,cex_label
3ac6e9079bddd9537881a9631e487eaeb3056091e41ecddfd351a3d762f7be0f,2023-09-11T07:45:10.946000,sent,kaspa:qzxqj5c7ymvjpxdxadpmth0lcpxhp25tv7gck7yl0cwxfjhw35mjy2jc5644c,5000000000000,
3ac6e9079bddd9537881a9631e487eaeb3056091e41ecddfd351a3d762f7be0f,2023-09-11T07:45:10.946000,sent,kaspa:qrzae67jklp3r09fnayzdgpud6ut42rxwa0lhd5ev3ry6lxt7avxvzz2lz9ue,68646303452884,
427600e2e53269c2587a022bc55ba192e2f05459cb911f8a9d29630f290e8642,2023-09-04T07:30:43.696000,received,kaspa:qpuzwpm4rxa8phdja4te4j3utn8n87ee5mjv2g6qdlyqxq7yhx85v2wmqcktn,73646303454953,
29c26431c75286bc8d97e2098a5c3660b8bcb2d2ef8a1b9a20d8299f242b7d02,2023-04-15T15:41:42.121000,sent,kaspa:qr7fp0ws3geqqjzq0nktrl7vscnzzxaxet7t7fsf7egm9wunq4zyvx9ajzjf4,118646303459091,
e790a19fdec30faa519795e330f061711037b78b4b6c7cceee65c14da9c5ba4e,2023-04-04T20:45:31.099000,received,kaspa:qp0qecyemnlv542l4q32wfcxvfg5vnrtw7f2aqdja9q0kk7jrzm4xuul72309,115062745067219,
e790a19fdec30faa519795e330f061711037b78b4b6c7cceee65c14da9c5ba4e,2023-04-04T20:45:31.099000,received,kaspa:qzewvqgw4zz4qp9n0sh98tthjwf5cyu6t637e2s584lmk5ugg2hnwwv4qpkpm,115062745067219,
e790a19fdec30faa519795e330f061711037b78b4b6c7cceee65c14da9c5ba4e,2023-04-04T20:45:31.099000,received,kaspa:qpuzwpm4rxa8phdja4te4j3utn8n87ee5mjv2g6qdlyqxq7yhx85v2wmqcktn,115062745067219,
