tx_id,timestamp,direction,peer_address,amount_sompi,cex_label
540de4e50c02cb0dd77aaebd803511d0f732469d007e9b3c12a407a12e8361e1,2023-12-16T05:17:18.063000,sent,kaspa:qzslgwenzu78t6tldlng383g7ruu4enaljmnkgaulyrscjp7ldt26x8gfxck5,171940000,
540de4e50c02cb0dd77aaebd803511d0f732469d007e9b3c12a407a12e8361e1,2023-12-16T05:17:18.063000,sent,kaspa:qzslgwenzu78t6tldlng383g7ruu4enaljmnkgaulyrscjp7ldt26x8gfxck5,171940000,
7995556ac160f808b1955fa8620936c4e141ca6d3ff32f36561ae87e631fb5bc,2023-12-13T04:06:33.115000,received,kaspa:qypswxtcrv4ssyjaswy5w9387vq73mkuyq85tl34cee6qn5uexqy0csgnafnjx7,171000000,
d91ef133247115424649390a9af1f3d9fee35671a7ffa08bdb38d9e1e4bd31b4,2023-11-29T19:20:18.137000,sent,kaspa:qypc74nh270huzs70x6dysnrfly3wrhwhewmptzm4j3wmnm6r64nh4s5jtd88kp,18000000,
92dcd3d827ed45d538f9f66ece0283a3cacb2a9150f30499083eb252bd1f414c,2023-11-28T19:11:17.109000,received,kaspa:qrqvcaxkmjun497mycnm9jmf8ntgdzm6dafyrguhtu352azffryc2yeypjtms,19000000,
