tx_id,timestamp,direction,peer_address,amount_sompi,cex_label
42c286890ca20417371c908c205dff45cb16c2c13c10b57aa2a939575625c517,2023-12-16T04:37:16.300000,sent,kaspa:qzslgwenzu78t6tldlng383g7ruu4enaljmnkgaulyrscjp7ldt26x8gfxck5,171940000,
42c286890ca20417371c908c205dff45cb16c2c13c10b57aa2a939575625c517,2023-12-16T04:37:16.300000,sent,kaspa:qzslgwenzu78t6tldlng383g7ruu4enaljmnkgaulyrscjp7ldt26x8gfxck5,171940000,
a75f7ccc4419b0d283399e3826f2bb0d7921cf971d6d0008a7fe4f99dfea1058,2023-12-12T23:12:42.601000,received,kaspa:qypswxtcrv4ssyjaswy5w9387vq73mkuyq85tl34cee6qn5uexqy0csgnafnjx7,171000000,
ec42a6893120fdc9861042041335ba5b1e4a6e983844c2b301450200c1bd23ad,2023-11-29T14:48:26.796000,sent,kaspa:qyp5xfsmvaxzhqag7rnhdznfh8tx3ajszekswpkv0cnn8r7d0tvhf9s4wakc0r6,18000000,
8c594e763493c45880ff05143400449cac54c765c211373499a007cf76b15fdf,2023-11-29T03:32:40.070000,received,kaspa:qpqx4wpyukq68x0ld6shf0meucep064jufpyyzk5a4gnut8pntjx7d6cw9z8c,19000000,
