tx_id,timestamp,direction,peer_address,amount_sompi,cex_label
6c00c1a609ccb5346fcc77d0d3f734465a66950acdeb062bee2924349c520ab1,2024-08-23T18:29:23.129000,sent,kaspa:qqnqv3rvnctfyrjteurqm0gmqfu7yjg3949yxpyxxfa4rgm9nt2zxauwq8xvs,4000000000000,
6c00c1a609ccb5346fcc77d0d3f734465a66950acdeb062bee2924349c520ab1,2024-08-23T18:29:23.129000,sent,kaspa:qqyfs0qtwdudxw2kd9e2jrktwr7v5cp6ldwjge9ww964rxp2720y2833cxagl,1823989458533,
5813f985c07c47193a30081e48fe734cb90d87e4e3cc78f4aff438ca29d64858,2024-08-22T12:45:49.183000,received,kaspa:qrfm527j86dhsnwh5uf6ywau7z4l06fk497njrz8zecdssglrk96zheeftly7,5823989460602,
5813f985c07c47193a30081e48fe734cb90d87e4e3cc78f4aff438ca29d64858,2024-08-22T12:45:49.183000,received,kaspa:qqmdrrlznz7cgax9jvefm4g4fwtsnnz8r96574qduyjakmyd5rtgc3a4rx0qr,5823989460602,
