tx_id,timestamp,direction,peer_address,amount_sompi,cex_label
211277734aa343d0295b93f4bc43107a22d92b8a74cc1fbe743a296f34b392f5,2024-07-01T11:00:22.550000,sent,kaspa:qq9zagcza4jt76eev9jl5z0nqhe0thcu7js8larktj4sle7lvgnw7sfcewlty,109900000000,
b7733d7ca3d4730c2242caba9997496d4ffd7db5cebd5a35e1add3c6ffca4a32,2024-07-01T10:58:49.534000,sent,kaspa:qq9zagcza4jt76eev9jl5z0nqhe0thcu7js8larktj4sle7lvgnw7sfcewlty,3600000000,
b446294b6b2f230b917c71f28f35c01ec578b05bfbdfc6eb9cf35cc4df22338e,2024-07-01T08:50:18.921000,sent,kaspa:qzdzw82tzwradj5g425kul7rak7450szg80yq93k35x28mxutgn0qzg0vnu39,5000000000,
b446294b6b2f230b917c71f28f35c01ec578b05bfbdfc6eb9cf35cc4df22338e,2024-07-01T08:50:18.921000,sent,kaspa:qzdzw82tzwradj5g425kul7rak7450szg80yq93k35x28mxutgn0qzg0vnu39,5000000000,
b446294b6b2f230b917c71f28f35c01ec578b05bfbdfc6eb9cf35cc4df22338e,2024-07-01T08:50:18.921000,sent,kaspa:qzdzw82tzwradj5g425kul7rak7450szg80yq93k35x28mxutgn0qzg0vnu39,5000000000,
b446294b6b2f230b917c71f28f35c01ec578b05bfbdfc6eb9cf35cc4df22338e,2024-07-01T08:50:18.921000,sent,kaspa:qzdzw82tzwradj5g425kul7rak7450szg80yq93k35x28mxutgn0qzg0vnu39,5000000000,
62399e01b46c22c6fbd9185078e1375cec0bdf94225060643742e19d6c241d72,2024-07-01T08:34:30.901000,received,kaspa:qp0x9s8gcl7anzs9py3s2xtpm9dwc4y3g2mldnws4gx66u7stp0rc3qruf5pd,4700000000,
45bad0a7211c0ece029532fc894707e4d4b02daec2c47008b80cc6bafc8ac52a,2024-07-01T08:33:58.722000,received,kaspa:qp0x9s8gcl7anzs9py3s2xtpm9dwc4y3g2mldnws4gx66u7stp0rc3qruf5pd,59000000000,
45bad0a7211c0ece029532fc894707e4d4b02daec2c47008b80cc6bafc8ac52a,2024-07-01T08:33:58.722000,received,kaspa:qp0x9s8gcl7anzs9py3s2xtpm9dwc4y3g2mldnws4gx66u7stp0rc3qruf5pd,59000000000,
f4c912a23461112e86b0dbd2f814c3c37e5165bd69303110125d52ffa90f726c,2024-07-01T08:33:36.028000,received,kaspa:qp0x9s8gcl7anzs9py3s2xtpm9dwc4y3g2mldnws4gx66u7stp0rc3qruf5pd,50000000000,
f4c912a23461112e86b0dbd2f814c3c37e5165bd69303110125d52ffa90f726c,2024-07-01T08:33:36.028000,received,kaspa:qp0x9s8gcl7anzs9py3s2xtpm9dwc4y3g2mldnws4gx66u7stp0rc3qruf5pd,50000000000,
262e34a6d3448be94198510d56f6efbec20f906f1035ab3042bab0d02e03e083,2024-07-01T08:09:35.736000,received,kaspa:qp0x9s8gcl7anzs9py3s2xtpm9dwc4y3g2mldnws4gx66u7stp0rc3qruf5pd,5000000000,
262e34a6d3448be94198510d56f6efbec20f906f1035ab3042bab0d02e03e083,2024-07-01T08:09:35.736000,received,kaspa:qp0x9s8gcl7anzs9py3s2xtpm9dwc4y3g2mldnws4gx66u7stp0rc3qruf5pd,5000000000,
262e34a6d3448be94198510d56f6efbec20f906f1035ab3042bab0d02e03e083,2024-07-01T08:09:35.736000,received,kaspa:qp0x9s8gcl7anzs9py3s2xtpm9dwc4y3g2mldnws4gx66u7stp0rc3qruf5pd,5000000000,
262e34a6d3448be94198510d56f6efbec20f906f1035ab3042bab0d02e03e083,2024-07-01T08:09:35.736000,received,kaspa:qp0x9s8gcl7anzs9py3s2xtpm9dwc4y3g2mldnws4gx66u7stp0rc3qruf5pd,5000000000,
