tx_id,timestamp,direction,peer_address,amount_sompi,cex_label
c96f62071f07e2726a8208211f0aaf3863130e4737fe4f3d9d3e280052823219,2024-08-05T14:11:25.132000,sent,kaspa:qpwr3tgsrg6sxven43vulwmk2qe3lkdv2u4k6y6tscgemspv67q4qumu9h5w5,20000000000000,
c96f62071f07e2726a8208211f0aaf3863130e4737fe4f3d9d3e280052823219,2024-08-05T14:11:25.132000,sent,kaspa:qpwr3tgsrg6sxven43vulwmk2qe3lkdv2u4k6y6tscgemspv67q4qumu9h5w5,20000000000000,
7f421cacc92f9e3e63e5bcd0ce06e46ff56450fe834e4dde5a6274046b6478df,2024-08-05T14:10:31.860000,received,kaspa:qq9zagcza4jt76eev9jl5z0nqhe0thcu7js8larktj4sle7lvgnw7sfcewlty,20009828150567,
7f421cacc92f9e3e63e5bcd0ce06e46ff56450fe834e4dde5a6274046b6478df,2024-08-05T14:10:31.860000,received,kaspa:qq9zagcza4jt76eev9jl5z0nqhe0thcu7js8larktj4sle7lvgnw7sfcewlty,20009828150567,
7f421cacc92f9e3e63e5bcd0ce06e46ff56450fe834e4dde5a6274046b6478df,2024-08-05T14:10:31.860000,received,kaspa:qq9zagcza4jt76eev9jl5z0nqhe0thcu7js8larktj4sle7lvgnw7sfcewlty,20009828150567,
7f421cacc92f9e3e63e5bcd0ce06e46ff56450fe834e4dde5a6274046b6478df,2024-08-05T14:10:31.860000,received,kaspa:qq9zagcza4jt76eev9jl5z0nqhe0thcu7js8larktj4sle7lvgnw7sfcewlty,20009828150567,
7f421cacc92f9e3e63e5bcd0ce06e46ff56450fe834e4dde5a6274046b6478df,2024-08-05T14:10:31.860000,received,kaspa:qq9zagcza4jt76eev9jl5z0nqhe0thcu7js8larktj4sle7lvgnw7sfcewlty,20009828150567,
7f421cacc92f9e3e63e5bcd0ce06e46ff56450fe834e4dde5a6274046b6478df,2024-08-05T14:10:31.860000,received,kaspa:qq9zagcza4jt76eev9jl5z0nqhe0thcu7js8larktj4sle7lvgnw7sfcewlty,20009828150567,
04445bac5ba05cb28be992e070c27a31a267684309684d139ab80158fd4639de,2024-08-05T07:55:19.809000,sent,kaspa:qpwr3tgsrg6sxven43vulwmk2qe3lkdv2u4k6y6tscgemspv67q4qumu9h5w5,20000000000000,
04445bac5ba05cb28be992e070c27a31a267684309684d139ab80158fd4639de,2024-08-05T07:55:19.809000,sent,kaspa:qpwr3tgsrg6sxven43vulwmk2qe3lkdv2u4k6y6tscgemspv67q4qumu9h5w5,20000000000000,
e36f424118ce6979b2bbbed8e092ab05c14067076b9ab7df26ebc1a2e3b4edb1,2024-08-05T07:53:50.565000,received,kaspa:qq9zagcza4jt76eev9jl5z0nqhe0thcu7js8larktj4sle7lvgnw7sfcewlty,19959935064838,
e36f424118ce6979b2bbbed8e092ab05c14067076b9ab7df26ebc1a2e3b4edb1,2024-08-05T07:53:50.565000,received,kaspa:qq9zagcza4jt76eev9jl5z0nqhe0thcu7js8larktj4sle7lvgnw7sfcewlty,19959935064838,
e36f424118ce6979b2bbbed8e092ab05c14067076b9ab7df26ebc1a2e3b4edb1,2024-08-05T07:53:50.565000,received,kaspa:qq9zagcza4jt76eev9jl5z0nqhe0thcu7js8larktj4sle7lvgnw7sfcewlty,19959935064838,
e36f424118ce6979b2bbbed8e092ab05c14067076b9ab7df26ebc1a2e3b4edb1,2024-08-05T07:53:50.565000,received,kaspa:qq9zagcza4jt76eev9jl5z0nqhe0thcu7js8larktj4sle7lvgnw7sfcewlty,19959935064838,
e36f424118ce6979b2bbbed8e092ab05c14067076b9ab7df26ebc1a2e3b4edb1,2024-08-05T07:53:50.565000,received,kaspa:qq9zagcza4jt76eev9jl5z0nqhe0thcu7js8larktj4sle7lvgnw7sfcewlty,19959935064838,
e36f424118ce6979b2bbbed8e092ab05c14067076b9ab7df26ebc1a2e3b4edb1,2024-08-05T07:53:50.565000,received,kaspa:qq9zagcza4jt76eev9jl5z0nqhe0thcu7js8larktj4sle7lvgnw7sfcewlty,19959935064838,
e36f424118ce6979b2bbbed8e092ab05c14067076b9ab7df26ebc1a2e3b4edb1,2024-08-05T07:53:50.565000,received,kaspa:qq9zagcza4jt76eev9jl5z0nqhe0thcu7js8larktj4sle7lvgnw7sfcewlty,19959935064838,
efe294fa17cd2b8b56dd82412b0c0177f2dda474e97f6025e21354eb44f91f88,2024-08-03T20:20:06.142000,sent,kaspa:qpwr3tgsrg6sxven43vulwmk2qe3lkdv2u4k6y6tscgemspv67q4qumu9h5w5,20000000000000,
efe294fa17cd2b8b56dd82412b0c0177f2dda474e97f6025e21354eb44f91f88,2024-08-03T20:20:06.142000,sent,kaspa:qpwr3tgsrg6sxven43vulwmk2qe3lkdv2u4k6y6tscgemspv67q4qumu9h5w5,20000000000000,
a861203d4ca01c17b6d395a10bc3fa8237b053fbf42bc14c31761775b3456d25,2024-08-03T20:19:06.720000,received,kaspa:qq9zagcza4jt76eev9jl5z0nqhe0thcu7js8larktj4sle7lvgnw7sfcewlty,20009843355683,
a861203d4ca01c17b6d395a10bc3fa8237b053fbf42bc14c31761775b3456d25,2024-08-03T20:19:06.720000,received,kaspa:qq9zagcza4jt76eev9jl5z0nqhe0thcu7js8larktj4sle7lvgnw7sfcewlty,20009843355683,
a861203d4ca01c17b6d395a10bc3fa8237b053fbf42bc14c31761775b3456d25,2024-08-03T20:19:06.720000,received,kaspa:qq9zagcza4jt76eev9jl5z0nqhe0thcu7js8larktj4sle7lvgnw7sfcewlty,20009843355683,
fabbc9dba81c2c7ba046e082d3339e401fc9fa19eb764593ebc6c577151db7b1,2024-08-02T15:39:25.504000,sent,kaspa:qpwr3tgsrg6sxven43vulwmk2qe3lkdv2u4k6y6tscgemspv67q4qumu9h5w5,20000000000000,
fabbc9dba81c2c7ba046e082d3339e401fc9fa19eb764593ebc6c577151db7b1,2024-08-02T15:39:25.504000,sent,kaspa:qpwr3tgsrg6sxven43vulwmk2qe3lkdv2u4k6y6tscgemspv67q4qumu9h5w5,20000000000000,
5adf8cf1975be73db4d166dc077c88db518b633245b1aba194219b43cfc2d5dd,2024-08-02T15:38:25.630000,received,kaspa:qq9zagcza4jt76eev9jl5z0nqhe0thcu7js8larktj4sle7lvgnw7sfcewlty,19959946330890,
5adf8cf1975be73db4d166dc077c88db518b633245b1aba194219b43cfc2d5dd,2024-08-02T15:38:25.630000,received,kaspa:qq9zagcza4jt76eev9jl5z0nqhe0thcu7js8larktj4sle7lvgnw7sfcewlty,19959946330890,
5adf8cf1975be73db4d166dc077c88db518b633245b1aba194219b43cfc2d5dd,2024-08-02T15:38:25.630000,received,kaspa:qq9zagcza4jt76eev9jl5z0nqhe0thcu7js8larktj4sle7lvgnw7sfcewlty,19959946330890,
5adf8cf1975be73db4d166dc077c88db518b633245b1aba194219b43cfc2d5dd,2024-08-02T15:38:25.630000,received,kaspa:qq9zagcza4jt76eev9jl5z0nqhe0thcu7js8larktj4sle7lvgnw7sfcewlty,19959946330890,
5adf8cf1975be73db4d166dc077c88db518b633245b1aba194219b43cfc2d5dd,2024-08-02T15:38:25.630000,received,kaspa:qq9zagcza4jt76eev9jl5z0nqhe0thcu7js8larktj4sle7lvgnw7sfcewlty,19959946330890,
5adf8cf1975be73db4d166dc077c88db518b633245b1aba194219b43cfc2d5dd,2024-08-02T15:38:25.630000,received,kaspa:qq9zagcza4jt76eev9jl5z0nqhe0thcu7js8larktj4sle7lvgnw7sfcewlty,19959946330890,
5adf8cf1975be73db4d166dc077c88db518b633245b1aba194219b43cfc2d5dd,2024-08-02T15:38:25.630000,received,kaspa:qq9zagcza4jt76eev9jl5z0nqhe0thcu7js8larktj4sle7lvgnw7sfcewlty,19959946330890,
5adf8cf1975be73db4d166dc077c88db518b633245b1aba194219b43cfc2d5dd,2024-08-02T15:38:25.630000,received,kaspa:qq9zagcza4jt76eev9jl5z0nqhe0thcu7js8larktj4sle7lvgnw7sfcewlty,19959946330890,
5adf8cf1975be73db4d166dc077c88db518b633245b1aba194219b43cfc2d5dd,2024-08-02T15:38:25.630000,received,kaspa:qq9zagcza4jt76eev9jl5z0nqhe0thcu7js8larktj4sle7lvgnw7sfcewlty,19959946330890,
c39522334890d64d5d80d13ae86f2fb95254aefee0e6360af6462f5d9044ad44,2024-08-01T17:56:28.429000,sent,kaspa:qpwr3tgsrg6sxven43vulwmk2qe3lkdv2u4k6y6tscgemspv67q4qumu9h5w5,19900000000000,
c39522334890d64d5d80d13ae86f2fb95254aefee0e6360af6462f5d9044ad44,2024-08-01T17:56:28.429000,sent,kaspa:qpwr3tgsrg6sxven43vulwmk2qe3lkdv2u4k6y6tscgemspv67q4qumu9h5w5,19900000000000,
6ce04eab8d405f5c51fd1c4fe723e698bb0f5af3b76d8505753458cb501720d8,2024-08-01T17:54:49.425000,received,kaspa:qq9zagcza4jt76eev9jl5z0nqhe0thcu7js8larktj4sle7lvgnw7sfcewlty,19959948654383,
6ce04eab8d405f5c51fd1c4fe723e698bb0f5af3b76d8505753458cb501720d8,2024-08-01T17:54:49.425000,received,kaspa:qq9zagcza4jt76eev9jl5z0nqhe0thcu7js8larktj4sle7lvgnw7sfcewlty,19959948654383,
9c61f652e83743ff8bd6d8227acea83a30bdbaba3cf23644f3c3a5a8107bdf9c,2024-07-25T03:21:01.560000,sent,kaspa:qpwr3tgsrg6sxven43vulwmk2qe3lkdv2u4k6y6tscgemspv67q4qumu9h5w5,20000000000000,
9c61f652e83743ff8bd6d8227acea83a30bdbaba3cf23644f3c3a5a8107bdf9c,2024-07-25T03:21:01.560000,sent,kaspa:qpwr3tgsrg6sxven43vulwmk2qe3lkdv2u4k6y6tscgemspv67q4qumu9h5w5,20000000000000,
58fd9cfe6bcc61210b2c1b8aa156930d93e6d708fc3a7abe3a1ecc9460867141,2024-07-25T03:19:52.622000,received,kaspa:qq9zagcza4jt76eev9jl5z0nqhe0thcu7js8larktj4sle7lvgnw7sfcewlty,20009842634563,
973fab8bd6dca61778ad7f3bfb7628b10fa845a390e7d08ff6285b2e95107a0c,2024-07-24T23:28:59.592000,sent,kaspa:qpwr3tgsrg6sxven43vulwmk2qe3lkdv2u4k6y6tscgemspv67q4qumu9h5w5,19950000000000,
0a809cace0fe5cf0e6cc832addf3e3bab8b8122b50a86301f6cecf211cd18fff,2024-07-24T23:27:27.014000,received,kaspa:qq9zagcza4jt76eev9jl5z0nqhe0thcu7js8larktj4sle7lvgnw7sfcewlty,19959943854951,
0a809cace0fe5cf0e6cc832addf3e3bab8b8122b50a86301f6cecf211cd18fff,2024-07-24T23:27:27.014000,received,kaspa:qq9zagcza4jt76eev9jl5z0nqhe0thcu7js8larktj4sle7lvgnw7sfcewlty,19959943854951,
7f8f2f5c9c38f4087794a0b83940a6cac70db562ec8d1ce81f210bd0d2a8686a,2023-06-06T17:35:39.208000,sent,kaspa:qqwvnkp47wsj6n4hkdlgj8dsauyx0xvefunnwvvsmpq2udd0ka8ckmpuqw3k5,9996999900000,
54f9cee1a079699d171d15fec410bcd398026b2ba2af9a211ae4f757ff33c4b3,2023-06-06T17:35:09.394000,received,kaspa:qqetp7ct8kqss99fxmymyz5t3fezppxp0t58wl6pawp27elqd46uudme00cl0,9997000000000,
2b914ec603529ffbb5d6b7e3b304e9a88c26f17383dd799db22f335a6ae7f620,2023-06-05T01:05:08.877000,sent,kaspa:qqwvnkp47wsj6n4hkdlgj8dsauyx0xvefunnwvvsmpq2udd0ka8ckmpuqw3k5,9996999900000,
82d44deff48de9373dc7fc62f305964357cb863caf52ae469a09e19ea335bf3f,2023-06-05T01:03:04.621000,received,kaspa:qqetp7ct8kqss99fxmymyz5t3fezppxp0t58wl6pawp27elqd46uudme00cl0,9997000000000,
b79f87be97626cd92d9b1593a6e0ac9aeac7ec4e3e1f9bb73ea754622f1b6811,2023-05-27T08:41:15.075000,sent,kaspa:qqwvnkp47wsj6n4hkdlgj8dsauyx0xvefunnwvvsmpq2udd0ka8ckmpuqw3k5,5996999900000,
d9baa2e88176a71bd1ef05c9c79bdef4f17a639a7f5bbf2dc9b612a358f022fe,2023-05-27T08:21:07.824000,received,kaspa:qqetp7ct8kqss99fxmymyz5t3fezppxp0t58wl6pawp27elqd46uudme00cl0,5997000000000,
c59ff3baad02de6560f0c7ae26aabae72d8fb4a54a2829a160fdb1ce542ed939,2023-05-08T08:11:43.944000,sent,kaspa:qqwvnkp47wsj6n4hkdlgj8dsauyx0xvefunnwvvsmpq2udd0ka8ckmpuqw3k5,9996999900000,
c1cbf6e3eeda35dc238480df1298525eaad9e98a80bcdd0a6e5c48fe30052722,2023-05-08T08:08:02.722000,received,kaspa:qqetp7ct8kqss99fxmymyz5t3fezppxp0t58wl6pawp27elqd46uudme00cl0,9997000000000,
c668c0536eed23c027464a042dff7f97543365e7dec90ef58100e4a067f1b4a2,2023-04-29T15:30:05.176000,sent,kaspa:qqwvnkp47wsj6n4hkdlgj8dsauyx0xvefunnwvvsmpq2udd0ka8ckmpuqw3k5,8996999900000,
cddf8d9e662680f1e299b2cacba9345aefb9e11998ce15e95365d9a9e77f3508,2023-04-29T15:13:01.853000,received,kaspa:qqetp7ct8kqss99fxmymyz5t3fezppxp0t58wl6pawp27elqd46uudme00cl0,8997000000000,
3be7d0a2bdfee153f0d1fb1250ce4aefe45e9379c46959ee11cb7c0eeb7f01be,2023-04-21T14:23:44.070000,sent,kaspa:qqwvnkp47wsj6n4hkdlgj8dsauyx0xvefunnwvvsmpq2udd0ka8ckmpuqw3k5,5996999900000,
dfd48425ec17e87475fdb5a7687b5607560b7d462245eb4902a9fba0acea13ae,2023-04-18T16:12:04.235000,received,kaspa:qqetp7ct8kqss99fxmymyz5t3fezppxp0t58wl6pawp27elqd46uudme00cl0,5997000000000,
81b8ebfaba1ee9f3e0209e145d6cc52705a2f7a668a271285e6f626725150df8,2023-04-17T11:58:21.287000,sent,kaspa:qqwvnkp47wsj6n4hkdlgj8dsauyx0xvefunnwvvsmpq2udd0ka8ckmpuqw3k5,9996999900000,
013abac610006f1de9174c1027f96393f974dc161aa3af589cc74d38e71686a9,2023-04-17T11:31:03.678000,received,kaspa:qpzpfwcsqsxhxwup26r55fd0ghqlhyugz8cp6y3wxuddc02vcxtjg75pspnwz,9997000000000,MEXC
f309ef3f12414be8ea46d4e42bb0505abc87b2ea2f1c004451056bb3a655e99e,2023-04-12T11:01:57.046000,sent,kaspa:qqwvnkp47wsj6n4hkdlgj8dsauyx0xvefunnwvvsmpq2udd0ka8ckmpuqw3k5,7996999900000,
84eae7408745baad3951544579f9494c531dd568fccaf4e3f30babb84b592d88,2023-04-12T10:57:02.098000,received,kaspa:qqetp7ct8kqss99fxmymyz5t3fezppxp0t58wl6pawp27elqd46uudme00cl0,7997000000000,
6143c5f7708a625b5144d34bfce7619417c9c005be0f2753f1dcb4a19f2efda7,2023-04-06T08:35:36.880000,sent,kaspa:qqwvnkp47wsj6n4hkdlgj8dsauyx0xvefunnwvvsmpq2udd0ka8ckmpuqw3k5,6096999900000,
891f8e9b8b8870062f5f2fa9d3a858d84e51c7bd6b41d5d3e05d5940e607bc99,2023-04-06T08:33:04.581000,received,kaspa:qqetp7ct8kqss99fxmymyz5t3fezppxp0t58wl6pawp27elqd46uudme00cl0,6097000000000,
2039c6d8a35d9bd15bbb4b8ea12313fcad893cee424d69308b8a6c416593066e,2023-04-05T19:14:25.416000,sent,kaspa:qqwvnkp47wsj6n4hkdlgj8dsauyx0xvefunnwvvsmpq2udd0ka8ckmpuqw3k5,3796999900000,
2fd031dc4d71f5fff97500ff7b3af562e605b9ae0778ea7d74bcc5dd8dec0d05,2023-04-05T19:12:03.642000,received,kaspa:qqetp7ct8kqss99fxmymyz5t3fezppxp0t58wl6pawp27elqd46uudme00cl0,3797000000000,
1c688cd54dc10cbc0ac751f996a6c586affba291cc9b3161d528b4eee53415d0,2023-04-05T11:11:23.388000,sent,kaspa:qqwvnkp47wsj6n4hkdlgj8dsauyx0xvefunnwvvsmpq2udd0ka8ckmpuqw3k5,4996999900000,
449c499a563da699c7c8d2c240270d1ff75935e1ee45c57938f59d05b7ee0ea0,2023-04-05T11:08:03.254000,received,kaspa:qqetp7ct8kqss99fxmymyz5t3fezppxp0t58wl6pawp27elqd46uudme00cl0,4997000000000,
70d021539fe95ef95ac71103a8b08f70c9c2ccf16145478441b3cc5455482c7f,2023-04-03T19:02:28.879000,sent,kaspa:qqwvnkp47wsj6n4hkdlgj8dsauyx0xvefunnwvvsmpq2udd0ka8ckmpuqw3k5,4996999900000,
732dd424cfc333f188b8cb1f035bb36aa47cecebb50b975b5846c2af5747ad17,2023-04-03T18:19:04.002000,received,kaspa:qqetp7ct8kqss99fxmymyz5t3fezppxp0t58wl6pawp27elqd46uudme00cl0,4997000000000,
4ad3996c8b96b9055998c8af98cab665fd95a8a912b2697c17107f295f3fcf55,2023-04-03T12:53:24.437000,sent,kaspa:qqwvnkp47wsj6n4hkdlgj8dsauyx0xvefunnwvvsmpq2udd0ka8ckmpuqw3k5,4996999900000,
79472998627e1ebb018a6314c46631b81eeb71bfc876f130e31453c9acbc4929,2023-04-02T06:51:01.770000,received,kaspa:qqetp7ct8kqss99fxmymyz5t3fezppxp0t58wl6pawp27elqd46uudme00cl0,4997000000000,
ba78eb84100aa7d3ae0da098798e111ff83e002975c3c130225a7e24d1a1eb49,2023-04-01T06:18:46.817000,sent,kaspa:qqwvnkp47wsj6n4hkdlgj8dsauyx0xvefunnwvvsmpq2udd0ka8ckmpuqw3k5,3996999900000,
8b018f39c1321761dfc172b7ad034a308b59e5243c7465c99efbed98e1c7eafd,2023-04-01T06:13:03.213000,received,kaspa:qqetp7ct8kqss99fxmymyz5t3fezppxp0t58wl6pawp27elqd46uudme00cl0,3997000000000,
3938c01a87dd91dbc2d1b2954c793b3111e2a204f3197fc202e498363cd0c405,2023-03-30T09:12:44.075000,sent,kaspa:qqwvnkp47wsj6n4hkdlgj8dsauyx0xvefunnwvvsmpq2udd0ka8ckmpuqw3k5,3997999900000,
3938c01a87dd91dbc2d1b2954c793b3111e2a204f3197fc202e498363cd0c405,2023-03-30T09:12:44.075000,sent,kaspa:qqwvnkp47wsj6n4hkdlgj8dsauyx0xvefunnwvvsmpq2udd0ka8ckmpuqw3k5,3997999900000,
0e8120137774524b1f3f21dab3e2db20515d95390ea3f2a536590757750e61c7,2023-03-30T09:11:05.378000,received,kaspa:qqetp7ct8kqss99fxmymyz5t3fezppxp0t58wl6pawp27elqd46uudme00cl0,3997000000000,
6a8b54654dee9f11394b202aedafe8b66f2096665f0d21c2041bbd270d15726a,2023-03-30T06:54:01.153000,received,kaspa:qqwvnkp47wsj6n4hkdlgj8dsauyx0xvefunnwvvsmpq2udd0ka8ckmpuqw3k5,1000000000,
782e54ad95c48ea23c32086f3bd249cc889ceec1cf77f0cf25a9534d1d6c0a37,2023-03-29T09:16:57.139000,sent,kaspa:qqwvnkp47wsj6n4hkdlgj8dsauyx0xvefunnwvvsmpq2udd0ka8ckmpuqw3k5,10774203900000,
3a664a374f80ef3e3bd726b2ba7c455abfd01ed3eb1dc9d2030910da65f01f90,2023-03-29T09:16:02.337000,received,kaspa:qqetp7ct8kqss99fxmymyz5t3fezppxp0t58wl6pawp27elqd46uudme00cl0,10774204000000,
68d132d3ec620e4cb49ed5a2535aa120e88a6ba53a0afdcda35dce97da1986c8,2023-03-29T07:05:02.887000,sent,kaspa:qqwvnkp47wsj6n4hkdlgj8dsauyx0xvefunnwvvsmpq2udd0ka8ckmpuqw3k5,4426813900000,
154a9ed7a55daeb2addcd8ff827fca41fae50000f67b3a669b3f85ee405f69be,2023-03-29T07:02:04.240000,received,kaspa:qqetp7ct8kqss99fxmymyz5t3fezppxp0t58wl6pawp27elqd46uudme00cl0,4426814000000,
