tx_id,timestamp,direction,peer_address,amount_sompi,cex_label
e0b434fcb271fb56bacf4982de9faed7c5c480fba0289848bf9866bc3f949c00,2023-12-12T02:05:51.666000,received,kaspa:qypqhwaag39ahn934e9njgp5uuzr7zxgcwtqpzwrkehmxrgl608urmg4e9n5dh0,171000000,
d17c50fca97f6a83897763d8ac01d1a3a2465d7bf5cbdba996080992d1cd94dd,2023-12-12T02:05:22.466000,received,kaspa:qyp09jwvzzyp0g4fdep2d2fekeh7gss2cd4mnug4jc5uel6xflyzw8csmlsjrqg,171000000,
0a7f397cd6180167a1a3b72ed0f693490c1399dceafa656a206ca8c6b8c250a4,2023-12-12T00:32:59.518000,received,kaspa:qypxznxgupa8eac5m4a9tyzuaja0eguaas4q5aje0378z4yypf3u3rc34prk2qn,171000000,
c2be4a0f9a261831d1271471f3d0b34ea8467b1837d816d1c846fcac88c099db,2023-12-12T00:30:24.160000,received,kaspa:qyp70qht6pjqk2yl6cwl2n296pgcnwmtj8w0clcle08m5p8yu4tg7kgvv4n0qrg,171000000,
78825520bc4422bf2682dc9ce8f98d3d940ba0ea684e4f85851a581030106824,2023-12-11T23:25:02.280000,received,kaspa:qyp2y2afskgrk04gsaktpgcwqs50g3ucp9k6yw3gzq383zlggeqm7dgpuu0kdj9,171000000,
4bcef958782372ea927ca08b13133d3613db3063c18bb96af14bf0e8c7b091e0,2023-12-11T23:23:42.687000,received,kaspa:qyp0m9genxg0q72e6ejem4nhu6nv8mya886g76ays3s8q9499nnj0dc0wepjlw5,171000000,
19576bb688a56765f7ebc8bf67f0d9c5c1362734fd72769ef857c00f7b696ed8,2023-12-11T23:13:45.839000,received,kaspa:qyp0jd37dhx6sqrr682y6cme89gjn4quzpeuuu3y9c82drvcpnecjjcssx3qp4x,171000000,
c7400b7667f2afb961a30493787fdc1cb6191a560fd6d057bd8eab48415e6f74,2023-12-11T23:12:46.245000,received,kaspa:qypxznxgupa8eac5m4a9tyzuaja0eguaas4q5aje0378z4yypf3u3rc34prk2qn,171000000,
83e5baa83667c13f1076a24b764d075810bb7e053b5a6d25ed45367991cfd321,2023-12-11T23:12:20.146000,received,kaspa:qypamkqlgmq5vuvdg4q6wghkecpvfd5y7yfmmgy4xz09hfgrajla6tg5xqdffl8,171000000,
e9c5d4a36005b116534f91957441c8341e50c48fc086d47c2d8a28d1981b5446,2023-12-11T23:12:02.632000,received,kaspa:qyp09jwvzzyp0g4fdep2d2fekeh7gss2cd4mnug4jc5uel6xflyzw8csmlsjrqg,171000000,
8946d25bf1315417fdcc8d855e3c9e19ce391b081a242dc6d1f3652a0ed1096b,2023-12-11T23:11:52.172000,received,kaspa:qypswxtcrv4ssyjaswy5w9387vq73mkuyq85tl34cee6qn5uexqy0csgnafnjx7,171000000,
4a1b43d4bf731368883b1ca208e9e15e9d26b1fc571e2800cd8068703bad79cf,2023-12-11T22:17:14.497000,received,kaspa:qyp7pdnl7lcvupjaqrq07jgytn27yctey22a0l4hj6yy6w8ujauzzeg3wyd5jt4,171000000,
468174d9ad25576c5a8d042fb1af640f2a53eaa63ec3b06514cd60a1b990bab9,2023-12-11T22:14:48.195000,received,kaspa:qypxh795z50lqe9u3fqnmlwyw7fjgw5xsd0ey6ltg0t3qwvhfpuqakgrgux5h9d,171000000,
021a6b17be0e85892a9b04719d4b101f16c4288b30d2a9be4e3ec79e50c7d133,2023-11-27T20:17:13.512000,sent,kaspa:qyp86x60cxxmdgfpjdznvg6nyeaspnj68fa9jpa8st5pns7rzfjsy4g40znryfq,18000000,
51f3416a6ec032c8e0f5286ec083ebc077365947b80b059d6b476174fe303048,2023-11-27T20:12:15.348000,sent,kaspa:qyphxxqs2zvm0u3dht7044u49dtvzfvmlp5ddtm9fp8mcfly6hnzezcdq99e2zm,18000000,
7d2c9db584c4809322647752b1ca6f393c7e62c9682f5c2dec2fc3ae5aa9e766,2023-11-27T14:52:21.871000,sent,kaspa:qyprenrcv4rt4rc9rg586zg3pheae5lpjauwhydavw25yx8tt8qdxkgdu5peusv,18000000,
f6cbea7a9dd07196916c81bb7472c17aed56a925c87019bf4d6c124f76647822,2023-11-27T14:38:40.809000,sent,kaspa:qyp5emrvc9mngs0l8u3k5w2exsjkpvyhkg22zxuly28fy5kyyqnqdlcze067e93,18000000,
7782d49e8ea41afcbc6894cacdcb1f2cb49936e0b7632ff92c1335ad97e8ad4e,2023-11-27T13:51:45.686000,sent,kaspa:qyp3fg8n9n233shqr40htacyeqefgh8djlxk79z5crfzrprthem6awqkstwcjgd,18000000,
d64372b3ff40de6d9a92a52fd21fd724077f4d78936c5bfca8e01483e072cbaa,2023-11-27T13:34:23.520000,sent,kaspa:qypt6a8tv45c3asc8qafan3ufhk4770jasxxfaqd93rvqzmsgp0cqucld8ldpcc,18000000,
94c0f5615640f00659cf8024b530d71ef69615cfd067227b16b0e412eecca412,2023-11-27T13:13:34.024000,sent,kaspa:qypn6h7tzmp6pagn0uaerx2zhp5uqaq205amueyyry65ue8gc7aqmgsq9xj4ywz,18000000,
5a7d84a8c69265bc2b9ea233356d963fe178286c7f51caa000a0b5604a58c864,2023-11-27T13:08:52.100000,sent,kaspa:qypumx5u9epwhdz7ruc8fyugryc5fmtfelna58jscwfupttgjvmse2sm9cpvpu7,18000000,
c6e0c84328732e064c2bebbc8930c20b154751522273091e715a067b8725f3f8,2023-11-27T13:04:41.796000,sent,kaspa:qypqsg4lypcx8ta25rrpvq4n9d82wznd0n6sudhvm5dum5c8ln5nf6q78c6ppqu,18000000,
66f3f248d321fe75b6a03b6e8e9404a602e0c61ea55f355f794f52b06b1ec0dd,2023-11-27T13:00:35.038000,sent,kaspa:qyp34lf7yhmujyrzradun2t9zkf47s83yfswe9hvhscwpdypn7lcz7cdcvjerfg,18000000,
81ca8bfecbc7704a2ed321e07aa4d60f66758b62cdd270ee22319b759b4e5c67,2023-11-27T12:57:19.337000,sent,kaspa:qyp350kllx7tsg8fuce32f2s22j4a8xp80m9k2r23cs4lfk43d00cyg63ns694h,18000000,
a7a5073efaa766fe87432e85152a367985199cd1a4419ef72234d415a25d0379,2023-11-27T10:51:45.547000,sent,kaspa:qypzhm0qy50dxa5rsur78mhhxv2rktpua0faa4ekme96pv36fgr9qysl02guzh6,18000000,
c50920e2ea576985b5639f620cf9e35d32553e75060fb86ffb72522eb4d0d7b1,2023-11-27T10:42:51.651000,sent,kaspa:qypn35rkk9zfvfmd29sphdy205y4szy9mc74rgcrn2e8pz6n7peljqg0a4j83uu,18000000,
31a64a4d009d8c0eb7a29f0b9746ee664d9fec6d340006bed1a0ecc6eabc17b2,2023-11-27T10:25:40.993000,received,kaspa:qz8xmdtqffmy7lkh0avsmu450nka0k5qaamkrtddh06dql4y6m20g874mafzc,240000000,
