tx_id,timestamp,direction,peer_address,amount_sompi,cex_label
754bf1edd38a339205e63aed7162ea40ffb8d1e85919253c4841a4bf47229326,2023-12-16T04:03:59.713000,sent,kaspa:qzslgwenzu78t6tldlng383g7ruu4enaljmnkgaulyrscjp7ldt26x8gfxck5,171940000,
754bf1edd38a339205e63aed7162ea40ffb8d1e85919253c4841a4bf47229326,2023-12-16T04:03:59.713000,sent,kaspa:qzslgwenzu78t6tldlng383g7ruu4enaljmnkgaulyrscjp7ldt26x8gfxck5,171940000,
6a335ce12b23368bf9c45c61fd0a93b25db4b27fbc9db93e41584de9b17e8db4,2023-12-12T09:27:23.199000,received,kaspa:qypswxtcrv4ssyjaswy5w9387vq73mkuyq85tl34cee6qn5uexqy0csgnafnjx7,171000000,
ec286ae01f02bca4909f4c1b895b0445ffc96ed8f7871a88d1f9472b7c1ab1e9,2023-11-28T13:30:18.053000,sent,kaspa:qyp34nucjru4z6kcpkyatcdmcejqa3syd09ygcmgg822dxue9tyk3cgrp02c5zf,18000000,
bd9e3432f8c5a121538f8374923600050caf77763f005a675a58f1a60cdb2210,2023-11-28T12:15:45.015000,received,kaspa:qzs93uy8lgftjy8s3hy4k4hdawca232l0j597rufq8m626hl8tk7q7cynjhdl,19000000,
