tx_id,timestamp,direction,peer_address,amount_sompi,cex_label
beafcd5c859823636b3522ec87f400385d9784b1ad39e7098c9ed3bf512495ff,2024-03-07T06:55:28.562000,sent,kaspa:qrmzptwx5q2qu6ypyf5ppq3al43x4x9cy6edtqu538dz0kyygfwpjg049vv37,298770000000,
beafcd5c859823636b3522ec87f400385d9784b1ad39e7098c9ed3bf512495ff,2024-03-07T06:55:28.562000,sent,kaspa:qrmzptwx5q2qu6ypyf5ppq3al43x4x9cy6edtqu538dz0kyygfwpjg049vv37,298770000000,
becbfb9be8549dbc649345b4c11d75dc38bd2f237e757b2b97e41e09801274cc,2024-03-07T06:47:25.353000,received,kaspa:qq9zagcza4jt76eev9jl5z0nqhe0thcu7js8larktj4sle7lvgnw7sfcewlty,298711391057,
4070e00b29bb120acdf31f39313780c33d4a973c1f3fbf06fd1e99d91790bee1,2024-03-07T06:39:40.130000,sent,kaspa:qrmzptwx5q2qu6ypyf5ppq3al43x4x9cy6edtqu538dz0kyygfwpjg049vv37,1000000000,
4070e00b29bb120acdf31f39313780c33d4a973c1f3fbf06fd1e99d91790bee1,2024-03-07T06:39:40.130000,sent,kaspa:qrmzptwx5q2qu6ypyf5ppq3al43x4x9cy6edtqu538dz0kyygfwpjg049vv37,1000000000,
7aaf1351009ce4c9e91c03ee7871cad80254154c3713952b0222878eaf5eec23,2024-03-07T06:37:36.723000,received,kaspa:qq9zagcza4jt76eev9jl5z0nqhe0thcu7js8larktj4sle7lvgnw7sfcewlty,997324067,
c02bd9a72eb3fea8237b436f57365c2172dab1d8794262cb6602d908e224968f,2024-03-07T05:52:29.217000,sent,kaspa:qrmzptwx5q2qu6ypyf5ppq3al43x4x9cy6edtqu538dz0kyygfwpjg049vv37,1250000000,
7c5938ebc16830ba45194118a87238d2b49b513aba80bdbead6716857bfd0efb,2024-03-07T05:45:02.678000,received,kaspa:qq9zagcza4jt76eev9jl5z0nqhe0thcu7js8larktj4sle7lvgnw7sfcewlty,1312667834,
