tx_id,timestamp,direction,peer_address,amount_sompi,cex_label
6ae248e4967fd70da114654bc54b55efa95c586dca7140e001d11b80d31437ae,2023-12-13T08:43:38.920000,sent,kaspa:qqh06puhtgsu5utuakvv88ewhppn4dtp0k4a2df0xxga6ytg5p7vzcs0tuml5,14363160000,
3acb1479965cdd1951ee734b3734c98a783ab1bd6a749ac5f155f5afd702ed56,2023-12-12T01:41:01.208000,received,kaspa:qypswxtcrv4ssyjaswy5w9387vq73mkuyq85tl34cee6qn5uexqy0csgnafnjx7,171000000,
8167f748fea2b1f55e8a4e55fd0d412c812f3c9eb247b6339283c02bc796dcdc,2023-11-27T17:37:56.366000,sent,kaspa:qyplpza9mfur987hs53cel5ycxk6vjy9cg76dq62lgwhtusfhfepkyc57h4fgmx,18000000,
8167f748fea2b1f55e8a4e55fd0d412c812f3c9eb247b6339283c02bc796dcdc,2023-11-27T17:37:56.366000,sent,kaspa:qphwqg4jq6xal9xhq2vsz3j7r5yg5ls4nzyvutzaewcjkacvgryfv2clem6sf,671540000,
e60395b00f57e5a9a91fb28dfa8c3693391a1a88be0b9c8190dcc271d3682b8c,2023-11-27T17:33:58.807000,received,kaspa:qzkgrmx2ae0dvwurpn40e8w58904kywqa5htyaz59z76drdaud63ctlvuhr8c,689550000,
