tx_id,timestamp,direction,peer_address,amount_sompi,cex_label
8fcb8b1b58eae075e87acb41aa02cbe408a1ac24a2d9882356abb268441eff38,2023-07-24T16:52:23.779000,sent,kaspa:qznvtcjl2vnvxanp75mk2gwj4kvmd3q8hllu8y99jm5px4zt7v8g5qf05f366,20483702909,
3f306f15bc088d64df3fd082830bd70d84bf746704c2b19e5de3d867cb2937c1,2023-06-18T21:11:09.818000,received,kaspa:qp8n0a60f7s90vmnsaywy2g0s6jzdyarc36vtk0yw9nkwz50n3kr7uxyxt0zq,18752520,
3f306f15bc088d64df3fd082830bd70d84bf746704c2b19e5de3d867cb2937c1,2023-06-18T21:11:09.818000,received,kaspa:qpwnc922h7pwvu9mcv0f7zqxt94muyndvwhh6aqr5g4nhlau4dgnv602d64jy,18752520,
3f306f15bc088d64df3fd082830bd70d84bf746704c2b19e5de3d867cb2937c1,2023-06-18T21:11:09.818000,received,kaspa:qrmyvjydj57k980g9a8457j8ls2vxznzapxdxpezs3908pq9drt5qu8xhyqah,18752520,
