tx_id,timestamp,direction,peer_address,amount_sompi,cex_label
fb5904f0a1e7fc6988df6d3f0498a59bb4e6e9e72f641a7315f7f5ec73cee92e,2024-02-14T11:15:07.288000,sent,kaspa:qpzpfwcsqsxhxwup26r55fd0ghqlhyugz8cp6y3wxuddc02vcxtjg75pspnwz,2000000000000,MEXC
fb5904f0a1e7fc6988df6d3f0498a59bb4e6e9e72f641a7315f7f5ec73cee92e,2024-02-14T11:15:07.288000,sent,kaspa:qpjunp39ssazf4rzfxxu0hd35xggfxn6lq0ls9u9q6peevzcmcv4xmv9q4njd,20006378121943134,
ff51a86e1adc88da1a2a74452e12bf9e51c00f092b57652ec634ff457119a83d,2024-02-14T11:14:27.618000,received,kaspa:qzxxvupz6wkkrhcw9z8en6z2thrvah2zs5ff4ue3s087qcnkh7p62a7kx5fr6,17798000000000,
ff51a86e1adc88da1a2a74452e12bf9e51c00f092b57652ec634ff457119a83d,2024-02-14T11:14:27.618000,received,kaspa:qzxxvupz6wkkrhcw9z8en6z2thrvah2zs5ff4ue3s087qcnkh7p62a7kx5fr6,17798000000000,
ff51a86e1adc88da1a2a74452e12bf9e51c00f092b57652ec634ff457119a83d,2024-02-14T11:14:27.618000,received,kaspa:qzxxvupz6wkkrhcw9z8en6z2thrvah2zs5ff4ue3s087qcnkh7p62a7kx5fr6,17798000000000,
68c9916880e3531545b4b1bc60d3cc6affd9f99d0faa91c8c80ce2dbd20fb7ec,2024-02-12T00:47:05.380000,sent,kaspa:qpzpfwcsqsxhxwup26r55fd0ghqlhyugz8cp6y3wxuddc02vcxtjg75pspnwz,2000000000000,MEXC
68c9916880e3531545b4b1bc60d3cc6affd9f99d0faa91c8c80ce2dbd20fb7ec,2024-02-12T00:47:05.380000,sent,kaspa:qpjunp39ssazf4rzfxxu0hd35xggfxn6lq0ls9u9q6peevzcmcv4xmv9q4njd,20004500033040357,
c81a84baa1a657b6570f70d3d0302ada9d5f3f0b631a919dc25551f51506056e,2024-02-12T00:46:26.292000,received,kaspa:qzxxvupz6wkkrhcw9z8en6z2thrvah2zs5ff4ue3s087qcnkh7p62a7kx5fr6,8264900000000,
c81a84baa1a657b6570f70d3d0302ada9d5f3f0b631a919dc25551f51506056e,2024-02-12T00:46:26.292000,received,kaspa:qzxxvupz6wkkrhcw9z8en6z2thrvah2zs5ff4ue3s087qcnkh7p62a7kx5fr6,8264900000000,
86f620ac9bd2a00c3d23631772ff3f497cd1cca0f5a617054c701d84926e5461,2024-02-12T00:28:35.605000,sent,kaspa:qpzpfwcsqsxhxwup26r55fd0ghqlhyugz8cp6y3wxuddc02vcxtjg75pspnwz,2000000000000,MEXC
86f620ac9bd2a00c3d23631772ff3f497cd1cca0f5a617054c701d84926e5461,2024-02-12T00:28:35.605000,sent,kaspa:qpjunp39ssazf4rzfxxu0hd35xggfxn6lq0ls9u9q6peevzcmcv4xmv9q4njd,20037883466894563,
9a3997123fc1b9f1467f8f95c4c412e017dbdb0ff9c1410ed510e5cfd5745e88,2024-02-12T00:27:50.909000,received,kaspa:qzxxvupz6wkkrhcw9z8en6z2thrvah2zs5ff4ue3s087qcnkh7p62a7kx5fr6,8395800000000,
9a3997123fc1b9f1467f8f95c4c412e017dbdb0ff9c1410ed510e5cfd5745e88,2024-02-12T00:27:50.909000,received,kaspa:qzxxvupz6wkkrhcw9z8en6z2thrvah2zs5ff4ue3s087qcnkh7p62a7kx5fr6,8395800000000,
2a8998b2279653879e3c997cdbb2b8835781d1665781da5e14567bf085386f7b,2024-02-10T09:41:33.617000,sent,kaspa:qpzpfwcsqsxhxwup26r55fd0ghqlhyugz8cp6y3wxuddc02vcxtjg75pspnwz,2000000000000,MEXC
2a8998b2279653879e3c997cdbb2b8835781d1665781da5e14567bf085386f7b,2024-02-10T09:41:33.617000,sent,kaspa:qpjunp39ssazf4rzfxxu0hd35xggfxn6lq0ls9u9q6peevzcmcv4xmv9q4njd,20009321798398421,
60661d3db2ab5d4a5d40e4b57063792eab3a5601a2deb74888e989febabe721c,2024-02-10T09:40:56.744000,received,kaspa:qzxxvupz6wkkrhcw9z8en6z2thrvah2zs5ff4ue3s087qcnkh7p62a7kx5fr6,7918700000000,
60661d3db2ab5d4a5d40e4b57063792eab3a5601a2deb74888e989febabe721c,2024-02-10T09:40:56.744000,received,kaspa:qzxxvupz6wkkrhcw9z8en6z2thrvah2zs5ff4ue3s087qcnkh7p62a7kx5fr6,7918700000000,
4dcdeee595841cda4d3a41fa4c87a6faeeb2573e9b01eea2c1fbb2d57b83ed0f,2024-02-09T11:59:34.120000,sent,kaspa:qpzpfwcsqsxhxwup26r55fd0ghqlhyugz8cp6y3wxuddc02vcxtjg75pspnwz,2000000000000,MEXC
4dcdeee595841cda4d3a41fa4c87a6faeeb2573e9b01eea2c1fbb2d57b83ed0f,2024-02-09T11:59:34.120000,sent,kaspa:qpjunp39ssazf4rzfxxu0hd35xggfxn6lq0ls9u9q6peevzcmcv4xmv9q4njd,20014743393560719,
94a86636af1f8ce064301af762a4c20e08cbd7732c9809313ad4d4827e0838d1,2024-02-09T11:58:49.134000,received,kaspa:qzxxvupz6wkkrhcw9z8en6z2thrvah2zs5ff4ue3s087qcnkh7p62a7kx5fr6,16982700000000,
94a86636af1f8ce064301af762a4c20e08cbd7732c9809313ad4d4827e0838d1,2024-02-09T11:58:49.134000,received,kaspa:qzxxvupz6wkkrhcw9z8en6z2thrvah2zs5ff4ue3s087qcnkh7p62a7kx5fr6,16982700000000,
94a86636af1f8ce064301af762a4c20e08cbd7732c9809313ad4d4827e0838d1,2024-02-09T11:58:49.134000,received,kaspa:qzxxvupz6wkkrhcw9z8en6z2thrvah2zs5ff4ue3s087qcnkh7p62a7kx5fr6,16982700000000,
6c3f6d6c78227af2e86e78a0fc0d7e66630059be5fc23cf7b96c174f520ba2e0,2024-02-09T00:26:04.575000,sent,kaspa:qpzpfwcsqsxhxwup26r55fd0ghqlhyugz8cp6y3wxuddc02vcxtjg75pspnwz,2000000000000,MEXC
6c3f6d6c78227af2e86e78a0fc0d7e66630059be5fc23cf7b96c174f520ba2e0,2024-02-09T00:26:04.575000,sent,kaspa:qpjunp39ssazf4rzfxxu0hd35xggfxn6lq0ls9u9q6peevzcmcv4xmv9q4njd,20013662138314895,
78e2f88ccee18cd36b66323c4947ff5b917d059af96f95d2c923aab581989720,2024-02-09T00:25:38.097000,received,kaspa:qzxxvupz6wkkrhcw9z8en6z2thrvah2zs5ff4ue3s087qcnkh7p62a7kx5fr6,17391830000000,
78e2f88ccee18cd36b66323c4947ff5b917d059af96f95d2c923aab581989720,2024-02-09T00:25:38.097000,received,kaspa:qzxxvupz6wkkrhcw9z8en6z2thrvah2zs5ff4ue3s087qcnkh7p62a7kx5fr6,17391830000000,
6f342db3a39c42b6d16d873b7b55aa397627d82344951cd35313987bdbf7fd1a,2024-02-07T19:03:06.119000,sent,kaspa:qpzpfwcsqsxhxwup26r55fd0ghqlhyugz8cp6y3wxuddc02vcxtjg75pspnwz,2000000000000,MEXC
6f342db3a39c42b6d16d873b7b55aa397627d82344951cd35313987bdbf7fd1a,2024-02-07T19:03:06.119000,sent,kaspa:qpjunp39ssazf4rzfxxu0hd35xggfxn6lq0ls9u9q6peevzcmcv4xmv9q4njd,6545391616000,
75cb6de30f446b887a7b34b3ef23d0abcf3ecc15287f00bdfb695552bfd49173,2024-02-07T19:02:43.959000,received,kaspa:qzxxvupz6wkkrhcw9z8en6z2thrvah2zs5ff4ue3s087qcnkh7p62a7kx5fr6,8495750000000,
75cb6de30f446b887a7b34b3ef23d0abcf3ecc15287f00bdfb695552bfd49173,2024-02-07T19:02:43.959000,received,kaspa:qzxxvupz6wkkrhcw9z8en6z2thrvah2zs5ff4ue3s087qcnkh7p62a7kx5fr6,8495750000000,
8feb72ac5361f58cc4f551c4fb2fd0829e9fb29a4c9f82e2fc9fd1adc3f023c4,2024-02-07T16:03:06.312000,sent,kaspa:qpzpfwcsqsxhxwup26r55fd0ghqlhyugz8cp6y3wxuddc02vcxtjg75pspnwz,2000000000000,MEXC
8feb72ac5361f58cc4f551c4fb2fd0829e9fb29a4c9f82e2fc9fd1adc3f023c4,2024-02-07T16:03:06.312000,sent,kaspa:qpjunp39ssazf4rzfxxu0hd35xggfxn6lq0ls9u9q6peevzcmcv4xmv9q4njd,20147916745513297,
7d04949ebbb86131f611108586d9aef956336b4fa139500aec86a07971db61dc,2024-02-07T16:02:12.605000,received,kaspa:qzxxvupz6wkkrhcw9z8en6z2thrvah2zs5ff4ue3s087qcnkh7p62a7kx5fr6,8960420000000,
7d04949ebbb86131f611108586d9aef956336b4fa139500aec86a07971db61dc,2024-02-07T16:02:12.605000,received,kaspa:qzxxvupz6wkkrhcw9z8en6z2thrvah2zs5ff4ue3s087qcnkh7p62a7kx5fr6,8960420000000,
766496c8e0533080e45df801ad6081a8b375c0d6b1932476d9793fdf5391ae4d,2024-02-07T15:32:05.762000,sent,kaspa:qpzpfwcsqsxhxwup26r55fd0ghqlhyugz8cp6y3wxuddc02vcxtjg75pspnwz,2000000000000,MEXC
766496c8e0533080e45df801ad6081a8b375c0d6b1932476d9793fdf5391ae4d,2024-02-07T15:32:05.762000,sent,kaspa:qpjunp39ssazf4rzfxxu0hd35xggfxn6lq0ls9u9q6peevzcmcv4xmv9q4njd,20057192629869332,
b87f73e2ecb23742f8b10219e8521e967fc0d6e10bf8eb3ed0f1406b22f15c3e,2024-02-07T15:31:28.232000,received,kaspa:qzxxvupz6wkkrhcw9z8en6z2thrvah2zs5ff4ue3s087qcnkh7p62a7kx5fr6,9062460000000,
b87f73e2ecb23742f8b10219e8521e967fc0d6e10bf8eb3ed0f1406b22f15c3e,2024-02-07T15:31:28.232000,received,kaspa:qzxxvupz6wkkrhcw9z8en6z2thrvah2zs5ff4ue3s087qcnkh7p62a7kx5fr6,9062460000000,
46e53896b37db527e4f2a278b428e0fd4d2f63374d4fc7940f926f5af608756c,2024-02-07T13:25:36.737000,sent,kaspa:qpzpfwcsqsxhxwup26r55fd0ghqlhyugz8cp6y3wxuddc02vcxtjg75pspnwz,2000000000000,MEXC
46e53896b37db527e4f2a278b428e0fd4d2f63374d4fc7940f926f5af608756c,2024-02-07T13:25:36.737000,sent,kaspa:qpjunp39ssazf4rzfxxu0hd35xggfxn6lq0ls9u9q6peevzcmcv4xmv9q4njd,20007533042942280,
dcbed93237b0b91b5b1561bd8639e3a559b0b7e06487d17751fd95515686ded1,2024-02-07T13:24:56.996000,received,kaspa:qzxxvupz6wkkrhcw9z8en6z2thrvah2zs5ff4ue3s087qcnkh7p62a7kx5fr6,10095040000000,
dcbed93237b0b91b5b1561bd8639e3a559b0b7e06487d17751fd95515686ded1,2024-02-07T13:24:56.996000,received,kaspa:qzxxvupz6wkkrhcw9z8en6z2thrvah2zs5ff4ue3s087qcnkh7p62a7kx5fr6,10095040000000,
9b9b06772ca9a7e35baa72d2036c401280952fbdda7c9197463b2388d21b3a77,2024-02-06T11:35:35.101000,sent,kaspa:qpzpfwcsqsxhxwup26r55fd0ghqlhyugz8cp6y3wxuddc02vcxtjg75pspnwz,2000000000000,MEXC
9b9b06772ca9a7e35baa72d2036c401280952fbdda7c9197463b2388d21b3a77,2024-02-06T11:35:35.101000,sent,kaspa:qpjunp39ssazf4rzfxxu0hd35xggfxn6lq0ls9u9q6peevzcmcv4xmv9q4njd,20023318500267396,
65cbaf98c364fe8550b0651f78b8a43ccb689869ddae47f57f04857ec4421505,2024-02-06T11:35:03.874000,received,kaspa:qzxxvupz6wkkrhcw9z8en6z2thrvah2zs5ff4ue3s087qcnkh7p62a7kx5fr6,27062800000000,
07c49acd1319a57dd9d8dd1bc853ccc01f20c900e0b97f24fe463f2e4fd5f197,2024-01-12T17:07:07.676000,sent,kaspa:qpzpfwcsqsxhxwup26r55fd0ghqlhyugz8cp6y3wxuddc02vcxtjg75pspnwz,2000000000000,MEXC
07c49acd1319a57dd9d8dd1bc853ccc01f20c900e0b97f24fe463f2e4fd5f197,2024-01-12T17:07:07.676000,sent,kaspa:qpjunp39ssazf4rzfxxu0hd35xggfxn6lq0ls9u9q6peevzcmcv4xmv9q4njd,12218112076321819,
8741b02b5d114865c1058b2d40d2740a14531293dd7e9819194983d79b55ddf1,2024-01-12T17:05:34.644000,received,kaspa:qqwvnkp47wsj6n4hkdlgj8dsauyx0xvefunnwvvsmpq2udd0ka8ckmpuqw3k5,8295850000000,
8741b02b5d114865c1058b2d40d2740a14531293dd7e9819194983d79b55ddf1,2024-01-12T17:05:34.644000,received,kaspa:qqwvnkp47wsj6n4hkdlgj8dsauyx0xvefunnwvvsmpq2udd0ka8ckmpuqw3k5,8295850000000,
8741b02b5d114865c1058b2d40d2740a14531293dd7e9819194983d79b55ddf1,2024-01-12T17:05:34.644000,received,kaspa:qqwvnkp47wsj6n4hkdlgj8dsauyx0xvefunnwvvsmpq2udd0ka8ckmpuqw3k5,8295850000000,
8741b02b5d114865c1058b2d40d2740a14531293dd7e9819194983d79b55ddf1,2024-01-12T17:05:34.644000,received,kaspa:qqwvnkp47wsj6n4hkdlgj8dsauyx0xvefunnwvvsmpq2udd0ka8ckmpuqw3k5,8295850000000,
8741b02b5d114865c1058b2d40d2740a14531293dd7e9819194983d79b55ddf1,2024-01-12T17:05:34.644000,received,kaspa:qqwvnkp47wsj6n4hkdlgj8dsauyx0xvefunnwvvsmpq2udd0ka8ckmpuqw3k5,8295850000000,
8741b02b5d114865c1058b2d40d2740a14531293dd7e9819194983d79b55ddf1,2024-01-12T17:05:34.644000,received,kaspa:qqwvnkp47wsj6n4hkdlgj8dsauyx0xvefunnwvvsmpq2udd0ka8ckmpuqw3k5,8295850000000,
cb53fe87f01f6b25979180d4f86a49b06040a5a0906290d5c5da11830703757d,2024-01-11T15:45:07.753000,sent,kaspa:qpzpfwcsqsxhxwup26r55fd0ghqlhyugz8cp6y3wxuddc02vcxtjg75pspnwz,2000000000000,MEXC
cb53fe87f01f6b25979180d4f86a49b06040a5a0906290d5c5da11830703757d,2024-01-11T15:45:07.753000,sent,kaspa:qpjunp39ssazf4rzfxxu0hd35xggfxn6lq0ls9u9q6peevzcmcv4xmv9q4njd,11687021954607277,
c11c461e5d2f009b5b24144bef6a6a50fafba8b65e60fc052fc978755ed61f68,2024-01-11T15:44:13.845000,received,kaspa:qqwvnkp47wsj6n4hkdlgj8dsauyx0xvefunnwvvsmpq2udd0ka8ckmpuqw3k5,7896050000000,
cf402c6b2793517eb4b7c89a2d2045c3c0ca44ba1e0e5cfc3be92e5435a8b30b,2024-01-11T12:39:39.010000,sent,kaspa:qpzpfwcsqsxhxwup26r55fd0ghqlhyugz8cp6y3wxuddc02vcxtjg75pspnwz,2000000000000,MEXC
cf402c6b2793517eb4b7c89a2d2045c3c0ca44ba1e0e5cfc3be92e5435a8b30b,2024-01-11T12:39:39.010000,sent,kaspa:qpjunp39ssazf4rzfxxu0hd35xggfxn6lq0ls9u9q6peevzcmcv4xmv9q4njd,11550642649120828,
df069cd16adf5e6c60bc3a5cc1555093c74f238ad499a358a09b1609d1e97df4,2024-01-11T12:37:59.058000,received,kaspa:qqwvnkp47wsj6n4hkdlgj8dsauyx0xvefunnwvvsmpq2udd0ka8ckmpuqw3k5,8095950000000,
dd4c1f177c6ed68e7f4a01333bc48cb1d26ef7d545e031d6d2db0a6b15098b4e,2024-01-09T12:31:11.894000,sent,kaspa:qpzpfwcsqsxhxwup26r55fd0ghqlhyugz8cp6y3wxuddc02vcxtjg75pspnwz,2000000000000,MEXC
dd4c1f177c6ed68e7f4a01333bc48cb1d26ef7d545e031d6d2db0a6b15098b4e,2024-01-09T12:31:11.894000,sent,kaspa:qpjunp39ssazf4rzfxxu0hd35xggfxn6lq0ls9u9q6peevzcmcv4xmv9q4njd,9805448559464037,
21bb29b07c779f570deddc1744c7b1e2f9ece4a010fe92ce8101b653f33775fd,2024-01-09T12:29:51.417000,received,kaspa:qqwvnkp47wsj6n4hkdlgj8dsauyx0xvefunnwvvsmpq2udd0ka8ckmpuqw3k5,7796100000000,
05af065a90412477c17550c73edd5d36ca15d607297ba873ce605a48ea4d4c04,2024-01-09T12:02:08.618000,sent,kaspa:qpzpfwcsqsxhxwup26r55fd0ghqlhyugz8cp6y3wxuddc02vcxtjg75pspnwz,2000000000000,MEXC
05af065a90412477c17550c73edd5d36ca15d607297ba873ce605a48ea4d4c04,2024-01-09T12:02:08.618000,sent,kaspa:qpjunp39ssazf4rzfxxu0hd35xggfxn6lq0ls9u9q6peevzcmcv4xmv9q4njd,9683196655191692,
c2487364a9907b872c13bab65a4cc0101c15eeb6223f4c3508373b0c36d81aef,2024-01-09T12:01:01.821000,received,kaspa:qqwvnkp47wsj6n4hkdlgj8dsauyx0xvefunnwvvsmpq2udd0ka8ckmpuqw3k5,7996000000000,
6db4bc2ee0208fff9548363990e06a16d630aa9253220450770c2c5fbb6b8951,2024-01-08T21:46:07.628000,sent,kaspa:qpzpfwcsqsxhxwup26r55fd0ghqlhyugz8cp6y3wxuddc02vcxtjg75pspnwz,2000000000000,MEXC
6db4bc2ee0208fff9548363990e06a16d630aa9253220450770c2c5fbb6b8951,2024-01-08T21:46:07.628000,sent,kaspa:qpjunp39ssazf4rzfxxu0hd35xggfxn6lq0ls9u9q6peevzcmcv4xmv9q4njd,9411868322354428,
3586f129386e0a54d89a65f9f637e66b4841e0eebd6ee1b7255561f7b81b614e,2024-01-08T21:45:06.032000,received,kaspa:qqwvnkp47wsj6n4hkdlgj8dsauyx0xvefunnwvvsmpq2udd0ka8ckmpuqw3k5,8095950000000,
6ae495d7f55da5c8fe480bdfbcefb7feca0a2da6eab762ead40a4e8fb1d1ef39,2024-01-04T22:31:09.630000,sent,kaspa:qpzpfwcsqsxhxwup26r55fd0ghqlhyugz8cp6y3wxuddc02vcxtjg75pspnwz,2000000000000,MEXC
6ae495d7f55da5c8fe480bdfbcefb7feca0a2da6eab762ead40a4e8fb1d1ef39,2024-01-04T22:31:09.630000,sent,kaspa:qpjunp39ssazf4rzfxxu0hd35xggfxn6lq0ls9u9q6peevzcmcv4xmv9q4njd,5557608641648507,
5483f1dee8752d43720c54bd015b2d451b46a837a1cd873b4cde14fefe7a7649,2024-01-04T22:29:37.684000,received,kaspa:qqwvnkp47wsj6n4hkdlgj8dsauyx0xvefunnwvvsmpq2udd0ka8ckmpuqw3k5,8195900000000,
c188e97cae255646e072ed051b6ab3cdded345794343310bb3cf473d8bbca10c,2024-01-03T23:29:10.026000,sent,kaspa:qpzpfwcsqsxhxwup26r55fd0ghqlhyugz8cp6y3wxuddc02vcxtjg75pspnwz,2000000000000,MEXC
c188e97cae255646e072ed051b6ab3cdded345794343310bb3cf473d8bbca10c,2024-01-03T23:29:10.026000,sent,kaspa:qpjunp39ssazf4rzfxxu0hd35xggfxn6lq0ls9u9q6peevzcmcv4xmv9q4njd,4584281320842345,
e5bb43e6fdb5e1c23cc219fcdabf8ac4147ebf493f04bd51af3c007685e7dfa1,2024-01-03T23:28:01.192000,received,kaspa:qqwvnkp47wsj6n4hkdlgj8dsauyx0xvefunnwvvsmpq2udd0ka8ckmpuqw3k5,8095950000000,
9d413eee4feede8fb23594661f78f18098f07ab32b50fcb80c31be8cf7f5637f,2024-01-03T23:01:10.058000,sent,kaspa:qpzpfwcsqsxhxwup26r55fd0ghqlhyugz8cp6y3wxuddc02vcxtjg75pspnwz,2000000000000,MEXC
9d413eee4feede8fb23594661f78f18098f07ab32b50fcb80c31be8cf7f5637f,2024-01-03T23:01:10.058000,sent,kaspa:qpjunp39ssazf4rzfxxu0hd35xggfxn6lq0ls9u9q6peevzcmcv4xmv9q4njd,4582585410043430,
5370957a985c6643ce9ba8ba7ce616de2f71ca667f5444c85f28758af344543b,2024-01-03T22:59:05.323000,received,kaspa:qqwvnkp47wsj6n4hkdlgj8dsauyx0xvefunnwvvsmpq2udd0ka8ckmpuqw3k5,8095950000000,
a2534c7dfb5642e440578aaa0c063dcb087b1d4090fca0832d14475cdf6c30b6,2024-01-03T21:36:40.320000,sent,kaspa:qpzpfwcsqsxhxwup26r55fd0ghqlhyugz8cp6y3wxuddc02vcxtjg75pspnwz,2000000000000,MEXC
a2534c7dfb5642e440578aaa0c063dcb087b1d4090fca0832d14475cdf6c30b6,2024-01-03T21:36:40.320000,sent,kaspa:qpjunp39ssazf4rzfxxu0hd35xggfxn6lq0ls9u9q6peevzcmcv4xmv9q4njd,4311594780560084,
8985a2c1823c19a8e08f8aa12bd10033c6e4eb414f3e70e4a29b96d0d2f56eab,2024-01-03T21:35:30.322000,received,kaspa:qqwvnkp47wsj6n4hkdlgj8dsauyx0xvefunnwvvsmpq2udd0ka8ckmpuqw3k5,8095950000000,
11e04ba8debdca83ef390a198c320de3ced2e97cf28347d12048b2572e3fd35d,2024-01-02T11:46:38.867000,sent,kaspa:qpzpfwcsqsxhxwup26r55fd0ghqlhyugz8cp6y3wxuddc02vcxtjg75pspnwz,2000000000000,MEXC
11e04ba8debdca83ef390a198c320de3ced2e97cf28347d12048b2572e3fd35d,2024-01-02T11:46:38.867000,sent,kaspa:qpjunp39ssazf4rzfxxu0hd35xggfxn6lq0ls9u9q6peevzcmcv4xmv9q4njd,1435557706046806,
2eb5f514c191e639a13b72e62cb19c9f807598bb53c9dd4cad050f7ebccb9d5b,2024-01-02T11:45:23.867000,received,kaspa:qqwvnkp47wsj6n4hkdlgj8dsauyx0xvefunnwvvsmpq2udd0ka8ckmpuqw3k5,8095950000000,
f50f39e96ccd133e6d5c4d8a4aa1af401ae7051ac84ec6817b384838de5a9db1,2023-12-30T20:07:08.382000,sent,kaspa:qpzpfwcsqsxhxwup26r55fd0ghqlhyugz8cp6y3wxuddc02vcxtjg75pspnwz,2000000000000,MEXC
f50f39e96ccd133e6d5c4d8a4aa1af401ae7051ac84ec6817b384838de5a9db1,2023-12-30T20:07:08.382000,sent,kaspa:qpjunp39ssazf4rzfxxu0hd35xggfxn6lq0ls9u9q6peevzcmcv4xmv9q4njd,1631473952768842,
b9f31c2c334ab8c1279362513d207cc89ce511c12caa5f0b62b26eb09a11451b,2023-12-30T20:05:02.177000,received,kaspa:qqwvnkp47wsj6n4hkdlgj8dsauyx0xvefunnwvvsmpq2udd0ka8ckmpuqw3k5,7995983890567,
d8f9ebef63b073f30272b670ebf4b1c9d38c1f3e5c4a87916e025cd1402e6548,2023-12-28T00:42:36.856000,sent,kaspa:qpzpfwcsqsxhxwup26r55fd0ghqlhyugz8cp6y3wxuddc02vcxtjg75pspnwz,10000000000000,MEXC
d8f9ebef63b073f30272b670ebf4b1c9d38c1f3e5c4a87916e025cd1402e6548,2023-12-28T00:42:36.856000,sent,kaspa:qpjunp39ssazf4rzfxxu0hd35xggfxn6lq0ls9u9q6peevzcmcv4xmv9q4njd,2876652220,
a2dd32f3529e4a14f7cd3d71676b75a94f449442cbfc36ab4981bc3b9e9ec895,2023-12-28T00:37:51.900000,received,kaspa:qqwvnkp47wsj6n4hkdlgj8dsauyx0xvefunnwvvsmpq2udd0ka8ckmpuqw3k5,8495728921661,
66a553ac15f0b7c425d351bdec69d11f6629213706491179c596f6be8550a3f1,2023-12-26T08:47:44.196000,sent,kaspa:qpjunp39ssazf4rzfxxu0hd35xggfxn6lq0ls9u9q6peevzcmcv4xmv9q4njd,14790794368900,
9bf47da73d2c2d3d8d1bd6457d6b4c4f5c13be138bf66b7c4684b6a0ee8faad4,2023-12-26T00:44:33.675000,sent,kaspa:qpzpfwcsqsxhxwup26r55fd0ghqlhyugz8cp6y3wxuddc02vcxtjg75pspnwz,1000000000000,MEXC
9bf47da73d2c2d3d8d1bd6457d6b4c4f5c13be138bf66b7c4684b6a0ee8faad4,2023-12-26T00:44:33.675000,sent,kaspa:qpjunp39ssazf4rzfxxu0hd35xggfxn6lq0ls9u9q6peevzcmcv4xmv9q4njd,7495728432962,
b33fc05b79ea6d30b1ef4c111fec80d739d91acd5f2b4cd01a60aa7ce451eb3e,2023-12-26T00:40:23.327000,received,kaspa:qqwvnkp47wsj6n4hkdlgj8dsauyx0xvefunnwvvsmpq2udd0ka8ckmpuqw3k5,8495728442962,
b33fc05b79ea6d30b1ef4c111fec80d739d91acd5f2b4cd01a60aa7ce451eb3e,2023-12-26T00:40:23.327000,received,kaspa:qqwvnkp47wsj6n4hkdlgj8dsauyx0xvefunnwvvsmpq2udd0ka8ckmpuqw3k5,8495728442962,
b33fc05b79ea6d30b1ef4c111fec80d739d91acd5f2b4cd01a60aa7ce451eb3e,2023-12-26T00:40:23.327000,received,kaspa:qqwvnkp47wsj6n4hkdlgj8dsauyx0xvefunnwvvsmpq2udd0ka8ckmpuqw3k5,8495728442962,
dad594a73d120635704401b26babce18abc55d4eab2a7880e8cbf6ca5a0d1806,2023-12-23T22:56:21.547000,sent,kaspa:qpzpfwcsqsxhxwup26r55fd0ghqlhyugz8cp6y3wxuddc02vcxtjg75pspnwz,30000000000000,MEXC
dad594a73d120635704401b26babce18abc55d4eab2a7880e8cbf6ca5a0d1806,2023-12-23T22:56:21.547000,sent,kaspa:qpjunp39ssazf4rzfxxu0hd35xggfxn6lq0ls9u9q6peevzcmcv4xmv9q4njd,187452086091,
641cb73c69432ad3809697b2f0940b475ea8981eb3f64d927b9db32f9097b0bb,2023-12-23T22:54:13.950000,received,kaspa:qqwvnkp47wsj6n4hkdlgj8dsauyx0xvefunnwvvsmpq2udd0ka8ckmpuqw3k5,8995478078546,
86754880faf9c6183d0e835c8dbdd4c39289748eae27936282ec09d02d2f90a3,2023-12-13T21:10:55.309000,sent,kaspa:qpzpfwcsqsxhxwup26r55fd0ghqlhyugz8cp6y3wxuddc02vcxtjg75pspnwz,30000000000000,MEXC
86754880faf9c6183d0e835c8dbdd4c39289748eae27936282ec09d02d2f90a3,2023-12-13T21:10:55.309000,sent,kaspa:qpjunp39ssazf4rzfxxu0hd35xggfxn6lq0ls9u9q6peevzcmcv4xmv9q4njd,1092618032067,
ea433d449b4aa581ed372520f22fd7d00eac8ae747dc03142785c9caed565ee9,2023-12-13T20:48:14.218000,received,kaspa:qqwvnkp47wsj6n4hkdlgj8dsauyx0xvefunnwvvsmpq2udd0ka8ckmpuqw3k5,7831763831216,
240639ea0260e0a765f87a614aa5437388ce5b3943b6a9c4ac3d976ae2b67d24,2023-12-13T20:35:55.860000,sent,kaspa:qpzpfwcsqsxhxwup26r55fd0ghqlhyugz8cp6y3wxuddc02vcxtjg75pspnwz,30000000000000,MEXC
240639ea0260e0a765f87a614aa5437388ce5b3943b6a9c4ac3d976ae2b67d24,2023-12-13T20:35:55.860000,sent,kaspa:qpjunp39ssazf4rzfxxu0hd35xggfxn6lq0ls9u9q6peevzcmcv4xmv9q4njd,184463264996,
9ff33ca770e6205121f88f218d149c2564df446e6a091aabce2751d8fe8d8861,2023-12-13T20:31:58.952000,received,kaspa:qqwvnkp47wsj6n4hkdlgj8dsauyx0xvefunnwvvsmpq2udd0ka8ckmpuqw3k5,7856051554996,
9ff33ca770e6205121f88f218d149c2564df446e6a091aabce2751d8fe8d8861,2023-12-13T20:31:58.952000,received,kaspa:qqwvnkp47wsj6n4hkdlgj8dsauyx0xvefunnwvvsmpq2udd0ka8ckmpuqw3k5,7856051554996,
ebdf86f84c582c18d42258c4e072990b7360353fae1632a4206ccc731c235758,2023-12-13T10:41:12.581000,sent,kaspa:qpzpfwcsqsxhxwup26r55fd0ghqlhyugz8cp6y3wxuddc02vcxtjg75pspnwz,30000000000000,MEXC
ebdf86f84c582c18d42258c4e072990b7360353fae1632a4206ccc731c235758,2023-12-13T10:41:12.581000,sent,kaspa:qpjunp39ssazf4rzfxxu0hd35xggfxn6lq0ls9u9q6peevzcmcv4xmv9q4njd,161319340763,
c1a8c9cc1ef289375a975108a7778dbecbda2ce70c0b5dcc75f958b8935fd75d,2023-12-13T10:34:00.919000,received,kaspa:qqwvnkp47wsj6n4hkdlgj8dsauyx0xvefunnwvvsmpq2udd0ka8ckmpuqw3k5,8141408210762,
cd3617f186d463c06664d0ff4ce51d09ba074608b96cf013470662381f1598fa,2023-12-13T02:26:04.386000,sent,kaspa:qpzpfwcsqsxhxwup26r55fd0ghqlhyugz8cp6y3wxuddc02vcxtjg75pspnwz,30000000000000,MEXC
cd3617f186d463c06664d0ff4ce51d09ba074608b96cf013470662381f1598fa,2023-12-13T02:26:04.386000,sent,kaspa:qpjunp39ssazf4rzfxxu0hd35xggfxn6lq0ls9u9q6peevzcmcv4xmv9q4njd,1767936113597,
fc712eefd3dda995f06f0fd03e0a765ffb11d208958a710c7c45792a6cd8e076,2023-12-13T01:54:18.655000,received,kaspa:qqwvnkp47wsj6n4hkdlgj8dsauyx0xvefunnwvvsmpq2udd0ka8ckmpuqw3k5,8275540704241,
86aa3a352855f8e4ed068f71953caa12a0fe8ae4f40f21f01c64b8fb6891a299,2023-12-13T01:51:25.760000,sent,kaspa:qpzpfwcsqsxhxwup26r55fd0ghqlhyugz8cp6y3wxuddc02vcxtjg75pspnwz,30000000000000,MEXC
86aa3a352855f8e4ed068f71953caa12a0fe8ae4f40f21f01c64b8fb6891a299,2023-12-13T01:51:25.760000,sent,kaspa:qpjunp39ssazf4rzfxxu0hd35xggfxn6lq0ls9u9q6peevzcmcv4xmv9q4njd,2068482054833,
3c5f8ed7d335d4b0823178b6489f65bfb237e2af5995b5644b52f60a9c8ee80c,2023-12-13T01:39:26.519000,received,kaspa:qqwvnkp47wsj6n4hkdlgj8dsauyx0xvefunnwvvsmpq2udd0ka8ckmpuqw3k5,8238432094833,
7ff1540096f7242ed11ea127023d65172f5fd380f68b0b50b4cb51d80fe4fb38,2023-12-13T01:36:02.920000,sent,kaspa:qpzpfwcsqsxhxwup26r55fd0ghqlhyugz8cp6y3wxuddc02vcxtjg75pspnwz,30000000000000,MEXC
7ff1540096f7242ed11ea127023d65172f5fd380f68b0b50b4cb51d80fe4fb38,2023-12-13T01:36:02.920000,sent,kaspa:qpjunp39ssazf4rzfxxu0hd35xggfxn6lq0ls9u9q6peevzcmcv4xmv9q4njd,48833521191,
869df6f2d4fdc03101a60c6f6745f91b9f346db7b7bad1c5a052d134cc9ed14d,2023-12-13T01:26:20.859000,received,kaspa:qqwvnkp47wsj6n4hkdlgj8dsauyx0xvefunnwvvsmpq2udd0ka8ckmpuqw3k5,8395780569558,
3709eb58c50dfebd205e0023cb374439ea4979b7e6a3fe2e8575cd563b52dba1,2023-12-12T12:37:49.609000,sent,kaspa:qpzpfwcsqsxhxwup26r55fd0ghqlhyugz8cp6y3wxuddc02vcxtjg75pspnwz,30000000000000,MEXC
3709eb58c50dfebd205e0023cb374439ea4979b7e6a3fe2e8575cd563b52dba1,2023-12-12T12:37:49.609000,sent,kaspa:qpjunp39ssazf4rzfxxu0hd35xggfxn6lq0ls9u9q6peevzcmcv4xmv9q4njd,2245956204581,
14e13fd61587b60ceea11f5f83ccd911496367cf868b991b029addf28e1dee0b,2023-12-12T12:34:18.943000,received,kaspa:qqwvnkp47wsj6n4hkdlgj8dsauyx0xvefunnwvvsmpq2udd0ka8ckmpuqw3k5,8045956274581,
14e13fd61587b60ceea11f5f83ccd911496367cf868b991b029addf28e1dee0b,2023-12-12T12:34:18.943000,received,kaspa:qqwvnkp47wsj6n4hkdlgj8dsauyx0xvefunnwvvsmpq2udd0ka8ckmpuqw3k5,8045956274581,
14e13fd61587b60ceea11f5f83ccd911496367cf868b991b029addf28e1dee0b,2023-12-12T12:34:18.943000,received,kaspa:qqwvnkp47wsj6n4hkdlgj8dsauyx0xvefunnwvvsmpq2udd0ka8ckmpuqw3k5,8045956274581,
14e13fd61587b60ceea11f5f83ccd911496367cf868b991b029addf28e1dee0b,2023-12-12T12:34:18.943000,received,kaspa:qqwvnkp47wsj6n4hkdlgj8dsauyx0xvefunnwvvsmpq2udd0ka8ckmpuqw3k5,8045956274581,
14e13fd61587b60ceea11f5f83ccd911496367cf868b991b029addf28e1dee0b,2023-12-12T12:34:18.943000,received,kaspa:qqwvnkp47wsj6n4hkdlgj8dsauyx0xvefunnwvvsmpq2udd0ka8ckmpuqw3k5,8045956274581,
6e8a5fe9198954b10d7267191854ce8a0766d1d404a6606b39800064a9fe8e17,2023-12-12T11:11:06.202000,sent,kaspa:qpzpfwcsqsxhxwup26r55fd0ghqlhyugz8cp6y3wxuddc02vcxtjg75pspnwz,30000000000000,MEXC
6e8a5fe9198954b10d7267191854ce8a0766d1d404a6606b39800064a9fe8e17,2023-12-12T11:11:06.202000,sent,kaspa:qpjunp39ssazf4rzfxxu0hd35xggfxn6lq0ls9u9q6peevzcmcv4xmv9q4njd,8083923542987,
96826bf84a707873f94ad43c09e15a44ec938d9070b36f02cd2ba6906eedd267,2023-12-12T10:58:10.396000,received,kaspa:qqwvnkp47wsj6n4hkdlgj8dsauyx0xvefunnwvvsmpq2udd0ka8ckmpuqw3k5,8095931292987,
4451bdab3e325350363827f609e39a880d45af44e8f88e7ddf7077a453808422,2023-12-11T12:56:18.002000,sent,kaspa:qpzpfwcsqsxhxwup26r55fd0ghqlhyugz8cp6y3wxuddc02vcxtjg75pspnwz,30000000000000,MEXC
4451bdab3e325350363827f609e39a880d45af44e8f88e7ddf7077a453808422,2023-12-11T12:56:18.002000,sent,kaspa:qpjunp39ssazf4rzfxxu0hd35xggfxn6lq0ls9u9q6peevzcmcv4xmv9q4njd,240730566090,
143d1e1b8a0e8d50d4027a46203646256ed29fc6dc930fad4a50141fbf0c481a,2023-12-11T12:35:24.298000,received,kaspa:qqwvnkp47wsj6n4hkdlgj8dsauyx0xvefunnwvvsmpq2udd0ka8ckmpuqw3k5,8095931566577,
d3d40e4fd00a2a97ca9c2fdc35f0ea17c24fca25b4517de9d269e5a5182ae6a4,2023-12-10T02:16:45.634000,sent,kaspa:qpzpfwcsqsxhxwup26r55fd0ghqlhyugz8cp6y3wxuddc02vcxtjg75pspnwz,30000000000000,MEXC
d3d40e4fd00a2a97ca9c2fdc35f0ea17c24fca25b4517de9d269e5a5182ae6a4,2023-12-10T02:16:45.634000,sent,kaspa:qpjunp39ssazf4rzfxxu0hd35xggfxn6lq0ls9u9q6peevzcmcv4xmv9q4njd,230688735121,
2d9c08f399aebe494c8bd74cfb5b7e96ead6cb704ac67ed677bde0417e0e4e93,2023-12-10T01:59:09.822000,received,kaspa:qqwvnkp47wsj6n4hkdlgj8dsauyx0xvefunnwvvsmpq2udd0ka8ckmpuqw3k5,7726116759609,
e7263738964aa861838ad77b122bac97a5df35e5dffe18ba6c5f52f13dd05416,2023-12-10T00:41:01.789000,sent,kaspa:qpzpfwcsqsxhxwup26r55fd0ghqlhyugz8cp6y3wxuddc02vcxtjg75pspnwz,30000000000000,MEXC
e7263738964aa861838ad77b122bac97a5df35e5dffe18ba6c5f52f13dd05416,2023-12-10T00:41:01.789000,sent,kaspa:qpjunp39ssazf4rzfxxu0hd35xggfxn6lq0ls9u9q6peevzcmcv4xmv9q4njd,309020276455,
f78ca2070b88f3f669b406d6c54bf61a935cc71668c7ab359e1843885ebc29f2,2023-12-10T00:35:06.342000,received,kaspa:qqwvnkp47wsj6n4hkdlgj8dsauyx0xvefunnwvvsmpq2udd0ka8ckmpuqw3k5,7756101723689,
f78ca2070b88f3f669b406d6c54bf61a935cc71668c7ab359e1843885ebc29f2,2023-12-10T00:35:06.342000,received,kaspa:qqwvnkp47wsj6n4hkdlgj8dsauyx0xvefunnwvvsmpq2udd0ka8ckmpuqw3k5,7756101723689,
d17dc2467e8462cff5aaaca76e22fc5c7546fddb6086d71e2cf7ecc5d4b5c2a4,2023-12-09T01:01:59.834000,sent,kaspa:qpzpfwcsqsxhxwup26r55fd0ghqlhyugz8cp6y3wxuddc02vcxtjg75pspnwz,30000000000000,MEXC
d17dc2467e8462cff5aaaca76e22fc5c7546fddb6086d71e2cf7ecc5d4b5c2a4,2023-12-09T01:01:59.834000,sent,kaspa:qpjunp39ssazf4rzfxxu0hd35xggfxn6lq0ls9u9q6peevzcmcv4xmv9q4njd,237553555391,
22f04f2038e00be17a4e19478f36cbb84269d71d0660434fc8cc9f17898b3b04,2023-12-09T00:57:16.752000,received,kaspa:qqwvnkp47wsj6n4hkdlgj8dsauyx0xvefunnwvvsmpq2udd0ka8ckmpuqw3k5,7551203627849,
22f04f2038e00be17a4e19478f36cbb84269d71d0660434fc8cc9f17898b3b04,2023-12-09T00:57:16.752000,received,kaspa:qqwvnkp47wsj6n4hkdlgj8dsauyx0xvefunnwvvsmpq2udd0ka8ckmpuqw3k5,7551203627849,
22f04f2038e00be17a4e19478f36cbb84269d71d0660434fc8cc9f17898b3b04,2023-12-09T00:57:16.752000,received,kaspa:qqwvnkp47wsj6n4hkdlgj8dsauyx0xvefunnwvvsmpq2udd0ka8ckmpuqw3k5,7551203627849,
22f04f2038e00be17a4e19478f36cbb84269d71d0660434fc8cc9f17898b3b04,2023-12-09T00:57:16.752000,received,kaspa:qqwvnkp47wsj6n4hkdlgj8dsauyx0xvefunnwvvsmpq2udd0ka8ckmpuqw3k5,7551203627849,
cf23d7bed756fc4d571113ac757ce0c238cb1c2b8eac9ff2ea962739a7a46c1f,2023-12-08T21:11:35.291000,sent,kaspa:qpzpfwcsqsxhxwup26r55fd0ghqlhyugz8cp6y3wxuddc02vcxtjg75pspnwz,30000000000000,MEXC
cf23d7bed756fc4d571113ac757ce0c238cb1c2b8eac9ff2ea962739a7a46c1f,2023-12-08T21:11:35.291000,sent,kaspa:qpjunp39ssazf4rzfxxu0hd35xggfxn6lq0ls9u9q6peevzcmcv4xmv9q4njd,281413448152,
df5c1ecdff06fa0d7ba2de7891a2a024e748115de3155d9cf3d46286c065db86,2023-12-08T21:08:40.736000,received,kaspa:qqwvnkp47wsj6n4hkdlgj8dsauyx0xvefunnwvvsmpq2udd0ka8ckmpuqw3k5,7612673015542,
df5c1ecdff06fa0d7ba2de7891a2a024e748115de3155d9cf3d46286c065db86,2023-12-08T21:08:40.736000,received,kaspa:qqwvnkp47wsj6n4hkdlgj8dsauyx0xvefunnwvvsmpq2udd0ka8ckmpuqw3k5,7612673015542,
df5c1ecdff06fa0d7ba2de7891a2a024e748115de3155d9cf3d46286c065db86,2023-12-08T21:08:40.736000,received,kaspa:qqwvnkp47wsj6n4hkdlgj8dsauyx0xvefunnwvvsmpq2udd0ka8ckmpuqw3k5,7612673015542,
df5c1ecdff06fa0d7ba2de7891a2a024e748115de3155d9cf3d46286c065db86,2023-12-08T21:08:40.736000,received,kaspa:qqwvnkp47wsj6n4hkdlgj8dsauyx0xvefunnwvvsmpq2udd0ka8ckmpuqw3k5,7612673015542,
df5c1ecdff06fa0d7ba2de7891a2a024e748115de3155d9cf3d46286c065db86,2023-12-08T21:08:40.736000,received,kaspa:qqwvnkp47wsj6n4hkdlgj8dsauyx0xvefunnwvvsmpq2udd0ka8ckmpuqw3k5,7612673015542,
df5c1ecdff06fa0d7ba2de7891a2a024e748115de3155d9cf3d46286c065db86,2023-12-08T21:08:40.736000,received,kaspa:qqwvnkp47wsj6n4hkdlgj8dsauyx0xvefunnwvvsmpq2udd0ka8ckmpuqw3k5,7612673015542,
df5c1ecdff06fa0d7ba2de7891a2a024e748115de3155d9cf3d46286c065db86,2023-12-08T21:08:40.736000,received,kaspa:qqwvnkp47wsj6n4hkdlgj8dsauyx0xvefunnwvvsmpq2udd0ka8ckmpuqw3k5,7612673015542,
df5c1ecdff06fa0d7ba2de7891a2a024e748115de3155d9cf3d46286c065db86,2023-12-08T21:08:40.736000,received,kaspa:qqwvnkp47wsj6n4hkdlgj8dsauyx0xvefunnwvvsmpq2udd0ka8ckmpuqw3k5,7612673015542,
df5c1ecdff06fa0d7ba2de7891a2a024e748115de3155d9cf3d46286c065db86,2023-12-08T21:08:40.736000,received,kaspa:qqwvnkp47wsj6n4hkdlgj8dsauyx0xvefunnwvvsmpq2udd0ka8ckmpuqw3k5,7612673015542,
df5c1ecdff06fa0d7ba2de7891a2a024e748115de3155d9cf3d46286c065db86,2023-12-08T21:08:40.736000,received,kaspa:qqwvnkp47wsj6n4hkdlgj8dsauyx0xvefunnwvvsmpq2udd0ka8ckmpuqw3k5,7612673015542,
df5c1ecdff06fa0d7ba2de7891a2a024e748115de3155d9cf3d46286c065db86,2023-12-08T21:08:40.736000,received,kaspa:qqwvnkp47wsj6n4hkdlgj8dsauyx0xvefunnwvvsmpq2udd0ka8ckmpuqw3k5,7612673015542,
df5c1ecdff06fa0d7ba2de7891a2a024e748115de3155d9cf3d46286c065db86,2023-12-08T21:08:40.736000,received,kaspa:qqwvnkp47wsj6n4hkdlgj8dsauyx0xvefunnwvvsmpq2udd0ka8ckmpuqw3k5,7612673015542,
df5c1ecdff06fa0d7ba2de7891a2a024e748115de3155d9cf3d46286c065db86,2023-12-08T21:08:40.736000,received,kaspa:qqwvnkp47wsj6n4hkdlgj8dsauyx0xvefunnwvvsmpq2udd0ka8ckmpuqw3k5,7612673015542,
df5c1ecdff06fa0d7ba2de7891a2a024e748115de3155d9cf3d46286c065db86,2023-12-08T21:08:40.736000,received,kaspa:qqwvnkp47wsj6n4hkdlgj8dsauyx0xvefunnwvvsmpq2udd0ka8ckmpuqw3k5,7612673015542,
df5c1ecdff06fa0d7ba2de7891a2a024e748115de3155d9cf3d46286c065db86,2023-12-08T21:08:40.736000,received,kaspa:qqwvnkp47wsj6n4hkdlgj8dsauyx0xvefunnwvvsmpq2udd0ka8ckmpuqw3k5,7612673015542,
df5c1ecdff06fa0d7ba2de7891a2a024e748115de3155d9cf3d46286c065db86,2023-12-08T21:08:40.736000,received,kaspa:qqwvnkp47wsj6n4hkdlgj8dsauyx0xvefunnwvvsmpq2udd0ka8ckmpuqw3k5,7612673015542,
28b7df76967fbacf449302636e0a9ccd56e4c1996c0743d2ae6b516c6baf8430,2023-12-08T13:01:13.261000,sent,kaspa:qpzpfwcsqsxhxwup26r55fd0ghqlhyugz8cp6y3wxuddc02vcxtjg75pspnwz,30000000000000,MEXC
28b7df76967fbacf449302636e0a9ccd56e4c1996c0743d2ae6b516c6baf8430,2023-12-08T13:01:13.261000,sent,kaspa:qpjunp39ssazf4rzfxxu0hd35xggfxn6lq0ls9u9q6peevzcmcv4xmv9q4njd,1472877058949,
bde8509b85f00d82cf5207bcbf9141ed08cd76c10bb1f27245f810bf8d56aaee,2023-12-08T11:58:15.780000,received,kaspa:qqwvnkp47wsj6n4hkdlgj8dsauyx0xvefunnwvvsmpq2udd0ka8ckmpuqw3k5,7496250000000,
bde8509b85f00d82cf5207bcbf9141ed08cd76c10bb1f27245f810bf8d56aaee,2023-12-08T11:58:15.780000,received,kaspa:qqwvnkp47wsj6n4hkdlgj8dsauyx0xvefunnwvvsmpq2udd0ka8ckmpuqw3k5,7496250000000,
3083246fddef13875d5066dbfd9f897b286290d0e7af31a2881b4e45ef1ab5e3,2023-12-08T11:21:18.431000,sent,kaspa:qpzpfwcsqsxhxwup26r55fd0ghqlhyugz8cp6y3wxuddc02vcxtjg75pspnwz,30000000000000,MEXC
3083246fddef13875d5066dbfd9f897b286290d0e7af31a2881b4e45ef1ab5e3,2023-12-08T11:21:18.431000,sent,kaspa:qpjunp39ssazf4rzfxxu0hd35xggfxn6lq0ls9u9q6peevzcmcv4xmv9q4njd,62681340000,
acf093b2ec01cd18560b1be8856d3cdfb3782258ec679e74550ff3828b80f306,2023-12-08T11:19:27.153000,received,kaspa:qqwvnkp47wsj6n4hkdlgj8dsauyx0xvefunnwvvsmpq2udd0ka8ckmpuqw3k5,7556319950000,
acf093b2ec01cd18560b1be8856d3cdfb3782258ec679e74550ff3828b80f306,2023-12-08T11:19:27.153000,received,kaspa:qqwvnkp47wsj6n4hkdlgj8dsauyx0xvefunnwvvsmpq2udd0ka8ckmpuqw3k5,7556319950000,
8e78f800c77632c02962f8aa965f25b1059005d8e6aea6e5fba3da0fe8c22625,2023-12-08T10:51:37.942000,sent,kaspa:qpzpfwcsqsxhxwup26r55fd0ghqlhyugz8cp6y3wxuddc02vcxtjg75pspnwz,30000000000000,MEXC
8e78f800c77632c02962f8aa965f25b1059005d8e6aea6e5fba3da0fe8c22625,2023-12-08T10:51:37.942000,sent,kaspa:qpjunp39ssazf4rzfxxu0hd35xggfxn6lq0ls9u9q6peevzcmcv4xmv9q4njd,2040104208025,
7f21b03a44ec228fee9d665068c39f9d5e69384273bdae177601c880d700a0a4,2023-12-08T10:48:14.921000,received,kaspa:qqwvnkp47wsj6n4hkdlgj8dsauyx0xvefunnwvvsmpq2udd0ka8ckmpuqw3k5,16721635000000,
cf238c4db635da74ae10bcd5650705f6c94afc6df3d795c2aae0ad03c8c7ba19,2023-12-07T19:46:42.283000,sent,kaspa:qpzpfwcsqsxhxwup26r55fd0ghqlhyugz8cp6y3wxuddc02vcxtjg75pspnwz,30000000000000,MEXC
cf238c4db635da74ae10bcd5650705f6c94afc6df3d795c2aae0ad03c8c7ba19,2023-12-07T19:46:42.283000,sent,kaspa:qpjunp39ssazf4rzfxxu0hd35xggfxn6lq0ls9u9q6peevzcmcv4xmv9q4njd,527683584965,
313d740faaa23876d0b026d10cc8f04d1f4a50464a276f0c9d4a436887d37d7e,2023-12-07T18:52:09.576000,received,kaspa:qqwvnkp47wsj6n4hkdlgj8dsauyx0xvefunnwvvsmpq2udd0ka8ckmpuqw3k5,7995983013365,
313d740faaa23876d0b026d10cc8f04d1f4a50464a276f0c9d4a436887d37d7e,2023-12-07T18:52:09.576000,received,kaspa:qqwvnkp47wsj6n4hkdlgj8dsauyx0xvefunnwvvsmpq2udd0ka8ckmpuqw3k5,7995983013365,
313d740faaa23876d0b026d10cc8f04d1f4a50464a276f0c9d4a436887d37d7e,2023-12-07T18:52:09.576000,received,kaspa:qqwvnkp47wsj6n4hkdlgj8dsauyx0xvefunnwvvsmpq2udd0ka8ckmpuqw3k5,7995983013365,
313d740faaa23876d0b026d10cc8f04d1f4a50464a276f0c9d4a436887d37d7e,2023-12-07T18:52:09.576000,received,kaspa:qqwvnkp47wsj6n4hkdlgj8dsauyx0xvefunnwvvsmpq2udd0ka8ckmpuqw3k5,7995983013365,
313d740faaa23876d0b026d10cc8f04d1f4a50464a276f0c9d4a436887d37d7e,2023-12-07T18:52:09.576000,received,kaspa:qqwvnkp47wsj6n4hkdlgj8dsauyx0xvefunnwvvsmpq2udd0ka8ckmpuqw3k5,7995983013365,
313d740faaa23876d0b026d10cc8f04d1f4a50464a276f0c9d4a436887d37d7e,2023-12-07T18:52:09.576000,received,kaspa:qqwvnkp47wsj6n4hkdlgj8dsauyx0xvefunnwvvsmpq2udd0ka8ckmpuqw3k5,7995983013365,
313d740faaa23876d0b026d10cc8f04d1f4a50464a276f0c9d4a436887d37d7e,2023-12-07T18:52:09.576000,received,kaspa:qqwvnkp47wsj6n4hkdlgj8dsauyx0xvefunnwvvsmpq2udd0ka8ckmpuqw3k5,7995983013365,
313d740faaa23876d0b026d10cc8f04d1f4a50464a276f0c9d4a436887d37d7e,2023-12-07T18:52:09.576000,received,kaspa:qqwvnkp47wsj6n4hkdlgj8dsauyx0xvefunnwvvsmpq2udd0ka8ckmpuqw3k5,7995983013365,
ab742822d3a8c3cf29b16c58a8afe561402d9886a1206d4220cc307ccabbfcfe,2023-12-06T19:51:06.552000,sent,kaspa:qpzpfwcsqsxhxwup26r55fd0ghqlhyugz8cp6y3wxuddc02vcxtjg75pspnwz,30000000000000,MEXC
ab742822d3a8c3cf29b16c58a8afe561402d9886a1206d4220cc307ccabbfcfe,2023-12-06T19:51:06.552000,sent,kaspa:qpjunp39ssazf4rzfxxu0hd35xggfxn6lq0ls9u9q6peevzcmcv4xmv9q4njd,28033438630,
4e46dc96ffb90153ca3dd946fad84c93b0d0ae5f92f97668d31a7728ba9f3ff3,2023-12-06T19:49:06.548000,received,kaspa:qqwvnkp47wsj6n4hkdlgj8dsauyx0xvefunnwvvsmpq2udd0ka8ckmpuqw3k5,7908027099154,
4e46dc96ffb90153ca3dd946fad84c93b0d0ae5f92f97668d31a7728ba9f3ff3,2023-12-06T19:49:06.548000,received,kaspa:qqwvnkp47wsj6n4hkdlgj8dsauyx0xvefunnwvvsmpq2udd0ka8ckmpuqw3k5,7908027099154,
4e46dc96ffb90153ca3dd946fad84c93b0d0ae5f92f97668d31a7728ba9f3ff3,2023-12-06T19:49:06.548000,received,kaspa:qqwvnkp47wsj6n4hkdlgj8dsauyx0xvefunnwvvsmpq2udd0ka8ckmpuqw3k5,7908027099154,
4e46dc96ffb90153ca3dd946fad84c93b0d0ae5f92f97668d31a7728ba9f3ff3,2023-12-06T19:49:06.548000,received,kaspa:qqwvnkp47wsj6n4hkdlgj8dsauyx0xvefunnwvvsmpq2udd0ka8ckmpuqw3k5,7908027099154,
4e46dc96ffb90153ca3dd946fad84c93b0d0ae5f92f97668d31a7728ba9f3ff3,2023-12-06T19:49:06.548000,received,kaspa:qqwvnkp47wsj6n4hkdlgj8dsauyx0xvefunnwvvsmpq2udd0ka8ckmpuqw3k5,7908027099154,
4e46dc96ffb90153ca3dd946fad84c93b0d0ae5f92f97668d31a7728ba9f3ff3,2023-12-06T19:49:06.548000,received,kaspa:qqwvnkp47wsj6n4hkdlgj8dsauyx0xvefunnwvvsmpq2udd0ka8ckmpuqw3k5,7908027099154,
4e46dc96ffb90153ca3dd946fad84c93b0d0ae5f92f97668d31a7728ba9f3ff3,2023-12-06T19:49:06.548000,received,kaspa:qqwvnkp47wsj6n4hkdlgj8dsauyx0xvefunnwvvsmpq2udd0ka8ckmpuqw3k5,7908027099154,
4e46dc96ffb90153ca3dd946fad84c93b0d0ae5f92f97668d31a7728ba9f3ff3,2023-12-06T19:49:06.548000,received,kaspa:qqwvnkp47wsj6n4hkdlgj8dsauyx0xvefunnwvvsmpq2udd0ka8ckmpuqw3k5,7908027099154,
4e46dc96ffb90153ca3dd946fad84c93b0d0ae5f92f97668d31a7728ba9f3ff3,2023-12-06T19:49:06.548000,received,kaspa:qqwvnkp47wsj6n4hkdlgj8dsauyx0xvefunnwvvsmpq2udd0ka8ckmpuqw3k5,7908027099154,
591bbdd5256d0f79e9bedb270470760748ab33a39912d4c211f37bb6c1f4fca7,2023-12-05T00:16:02.577000,sent,kaspa:qpzpfwcsqsxhxwup26r55fd0ghqlhyugz8cp6y3wxuddc02vcxtjg75pspnwz,30000000000000,MEXC
591bbdd5256d0f79e9bedb270470760748ab33a39912d4c211f37bb6c1f4fca7,2023-12-05T00:16:02.577000,sent,kaspa:qpjunp39ssazf4rzfxxu0hd35xggfxn6lq0ls9u9q6peevzcmcv4xmv9q4njd,268147918350,
d6e532af062187389f17b31c2ba6f75dba8b380d85c39b38adac47e03cc8c6cf,2023-12-05T00:13:41.800000,received,kaspa:qqwvnkp47wsj6n4hkdlgj8dsauyx0xvefunnwvvsmpq2udd0ka8ckmpuqw3k5,7696134928133,
4f3cb3abd076d1ad20e1e702d64fe92d371e2e3011b6a23d1f3db1f833b4c48d,2023-12-02T12:36:43.423000,sent,kaspa:qpzpfwcsqsxhxwup26r55fd0ghqlhyugz8cp6y3wxuddc02vcxtjg75pspnwz,30000000000000,MEXC
4f3cb3abd076d1ad20e1e702d64fe92d371e2e3011b6a23d1f3db1f833b4c48d,2023-12-02T12:36:43.423000,sent,kaspa:qpjunp39ssazf4rzfxxu0hd35xggfxn6lq0ls9u9q6peevzcmcv4xmv9q4njd,112857234941,
19bb7bc3d141795cb963668e12a39cad58bf12732530a366f9baaf5b7d5fc57e,2023-12-02T11:54:51.043000,received,kaspa:qqwvnkp47wsj6n4hkdlgj8dsauyx0xvefunnwvvsmpq2udd0ka8ckmpuqw3k5,3662451681783,
19bb7bc3d141795cb963668e12a39cad58bf12732530a366f9baaf5b7d5fc57e,2023-12-02T11:54:51.043000,received,kaspa:qqwvnkp47wsj6n4hkdlgj8dsauyx0xvefunnwvvsmpq2udd0ka8ckmpuqw3k5,3662451681783,
19bb7bc3d141795cb963668e12a39cad58bf12732530a366f9baaf5b7d5fc57e,2023-12-02T11:54:51.043000,received,kaspa:qqwvnkp47wsj6n4hkdlgj8dsauyx0xvefunnwvvsmpq2udd0ka8ckmpuqw3k5,3662451681783,
19bb7bc3d141795cb963668e12a39cad58bf12732530a366f9baaf5b7d5fc57e,2023-12-02T11:54:51.043000,received,kaspa:qqwvnkp47wsj6n4hkdlgj8dsauyx0xvefunnwvvsmpq2udd0ka8ckmpuqw3k5,3662451681783,
19bb7bc3d141795cb963668e12a39cad58bf12732530a366f9baaf5b7d5fc57e,2023-12-02T11:54:51.043000,received,kaspa:qqwvnkp47wsj6n4hkdlgj8dsauyx0xvefunnwvvsmpq2udd0ka8ckmpuqw3k5,3662451681783,
19bb7bc3d141795cb963668e12a39cad58bf12732530a366f9baaf5b7d5fc57e,2023-12-02T11:54:51.043000,received,kaspa:qqwvnkp47wsj6n4hkdlgj8dsauyx0xvefunnwvvsmpq2udd0ka8ckmpuqw3k5,3662451681783,
19bb7bc3d141795cb963668e12a39cad58bf12732530a366f9baaf5b7d5fc57e,2023-12-02T11:54:51.043000,received,kaspa:qqwvnkp47wsj6n4hkdlgj8dsauyx0xvefunnwvvsmpq2udd0ka8ckmpuqw3k5,3662451681783,
19bb7bc3d141795cb963668e12a39cad58bf12732530a366f9baaf5b7d5fc57e,2023-12-02T11:54:51.043000,received,kaspa:qqwvnkp47wsj6n4hkdlgj8dsauyx0xvefunnwvvsmpq2udd0ka8ckmpuqw3k5,3662451681783,
814913bbca3f932bf66b6566cb3c850506970535251ce5cdf2400a5a0675798b,2023-12-01T15:52:09.888000,sent,kaspa:qpzpfwcsqsxhxwup26r55fd0ghqlhyugz8cp6y3wxuddc02vcxtjg75pspnwz,30000000000000,MEXC
814913bbca3f932bf66b6566cb3c850506970535251ce5cdf2400a5a0675798b,2023-12-01T15:52:09.888000,sent,kaspa:qpjunp39ssazf4rzfxxu0hd35xggfxn6lq0ls9u9q6peevzcmcv4xmv9q4njd,1188338669549,
48d9354c3e4a3e322f81bff0f03f6cd49feac6667090b1db7e05082ef2e8e2e3,2023-12-01T15:34:29.810000,received,kaspa:qqwvnkp47wsj6n4hkdlgj8dsauyx0xvefunnwvvsmpq2udd0ka8ckmpuqw3k5,3688338699549,
c7da5d8f8946d8b2ce85f635b8fe758d6d4f3d54bb4fce02a555fcef39a373bc,2023-12-01T13:11:29.138000,sent,kaspa:qpzpfwcsqsxhxwup26r55fd0ghqlhyugz8cp6y3wxuddc02vcxtjg75pspnwz,30000000000000,MEXC
c7da5d8f8946d8b2ce85f635b8fe758d6d4f3d54bb4fce02a555fcef39a373bc,2023-12-01T13:11:29.138000,sent,kaspa:qpjunp39ssazf4rzfxxu0hd35xggfxn6lq0ls9u9q6peevzcmcv4xmv9q4njd,2624066883684,
a86d0ec705589a53220e35200ee9aa6df79856604fd175ceddc32295e40d1f7f,2023-12-01T12:52:51.505000,received,kaspa:qqwvnkp47wsj6n4hkdlgj8dsauyx0xvefunnwvvsmpq2udd0ka8ckmpuqw3k5,3798083395149,
191552a4587666a6a06cedb32f079d55d8e002ecc84833a4c00528c08f19dfb3,2023-11-29T21:36:36.598000,sent,kaspa:qpzpfwcsqsxhxwup26r55fd0ghqlhyugz8cp6y3wxuddc02vcxtjg75pspnwz,30000000000000,MEXC
191552a4587666a6a06cedb32f079d55d8e002ecc84833a4c00528c08f19dfb3,2023-11-29T21:36:36.598000,sent,kaspa:qpjunp39ssazf4rzfxxu0hd35xggfxn6lq0ls9u9q6peevzcmcv4xmv9q4njd,1763642033942,
f37b1107bd2278e34722fa9ef523ad105c12079ac451c6ea217b22c90a22efc8,2023-11-29T20:56:56.976000,received,kaspa:qqwvnkp47wsj6n4hkdlgj8dsauyx0xvefunnwvvsmpq2udd0ka8ckmpuqw3k5,3918621809097,
4cadc980deaf20443c4310c255b1b9abefc1b56695b64c798c2b1671037e38de,2023-11-28T00:01:26.005000,sent,kaspa:qpzpfwcsqsxhxwup26r55fd0ghqlhyugz8cp6y3wxuddc02vcxtjg75pspnwz,30000000000000,MEXC
4cadc980deaf20443c4310c255b1b9abefc1b56695b64c798c2b1671037e38de,2023-11-28T00:01:26.005000,sent,kaspa:qpjunp39ssazf4rzfxxu0hd35xggfxn6lq0ls9u9q6peevzcmcv4xmv9q4njd,10653100639,
a7d04776966cdaa8f924e2d4632a2045bab44dff89f4ad0460e8eab37d127e83,2023-11-27T23:45:45.326000,received,kaspa:qqwvnkp47wsj6n4hkdlgj8dsauyx0xvefunnwvvsmpq2udd0ka8ckmpuqw3k5,3960999728492,
364f5eabf9b7c140e813fd8257dcac7e201ee5cbab6d92a17fe4cd37bc0f9a5f,2023-11-27T22:33:30.484000,sent,kaspa:qpzpfwcsqsxhxwup26r55fd0ghqlhyugz8cp6y3wxuddc02vcxtjg75pspnwz,30000000000000,MEXC
364f5eabf9b7c140e813fd8257dcac7e201ee5cbab6d92a17fe4cd37bc0f9a5f,2023-11-27T22:33:30.484000,sent,kaspa:qpjunp39ssazf4rzfxxu0hd35xggfxn6lq0ls9u9q6peevzcmcv4xmv9q4njd,4187061714,
64cd1d970218786f105a75ef843e36995709b4c9f9b365c2be110b390efc3b7e,2023-11-27T22:22:21.817000,received,kaspa:qqwvnkp47wsj6n4hkdlgj8dsauyx0xvefunnwvvsmpq2udd0ka8ckmpuqw3k5,4072943409355,
64cd1d970218786f105a75ef843e36995709b4c9f9b365c2be110b390efc3b7e,2023-11-27T22:22:21.817000,received,kaspa:qqwvnkp47wsj6n4hkdlgj8dsauyx0xvefunnwvvsmpq2udd0ka8ckmpuqw3k5,4072943409355,
64cd1d970218786f105a75ef843e36995709b4c9f9b365c2be110b390efc3b7e,2023-11-27T22:22:21.817000,received,kaspa:qqwvnkp47wsj6n4hkdlgj8dsauyx0xvefunnwvvsmpq2udd0ka8ckmpuqw3k5,4072943409355,
bd9d9066a8d299a69091812a6675ae88869a832b3c61cb83ba3e725e13a58084,2023-11-24T21:41:27.333000,sent,kaspa:qpzpfwcsqsxhxwup26r55fd0ghqlhyugz8cp6y3wxuddc02vcxtjg75pspnwz,30000000000000,MEXC
bd9d9066a8d299a69091812a6675ae88869a832b3c61cb83ba3e725e13a58084,2023-11-24T21:41:27.333000,sent,kaspa:qpjunp39ssazf4rzfxxu0hd35xggfxn6lq0ls9u9q6peevzcmcv4xmv9q4njd,1434029775704,
0ab6129ac23e640f60d84aa5cbd4dd9cbbdae1536e93c1bc80a2d3fb899b571c,2023-11-24T21:36:57.931000,sent,kaspa:qpzpfwcsqsxhxwup26r55fd0ghqlhyugz8cp6y3wxuddc02vcxtjg75pspnwz,30000000000000,MEXC
0ab6129ac23e640f60d84aa5cbd4dd9cbbdae1536e93c1bc80a2d3fb899b571c,2023-11-24T21:36:57.931000,sent,kaspa:qpjunp39ssazf4rzfxxu0hd35xggfxn6lq0ls9u9q6peevzcmcv4xmv9q4njd,1352608776982,
b14e85bff6667e8d84724de8ab28e1ccd3e6a26073cd2b393d72386e5cb80f5e,2023-11-24T16:09:02.196000,received,kaspa:qqwvnkp47wsj6n4hkdlgj8dsauyx0xvefunnwvvsmpq2udd0ka8ckmpuqw3k5,3609276955440,
8a511427e0836a4f699bd6fd4bc2098bf274171012505e5b0cc6b4ab42767a61,2023-11-24T15:25:20.027000,received,kaspa:qqwvnkp47wsj6n4hkdlgj8dsauyx0xvefunnwvvsmpq2udd0ka8ckmpuqw3k5,3690835696232,
9b509ab2caa3fce8095c868d04c01cfe9c00410133ba01a2cb64c7cad4c38dec,2023-11-24T12:21:00.581000,sent,kaspa:qpzpfwcsqsxhxwup26r55fd0ghqlhyugz8cp6y3wxuddc02vcxtjg75pspnwz,30000000000000,MEXC
9b509ab2caa3fce8095c868d04c01cfe9c00410133ba01a2cb64c7cad4c38dec,2023-11-24T12:21:00.581000,sent,kaspa:qpjunp39ssazf4rzfxxu0hd35xggfxn6lq0ls9u9q6peevzcmcv4xmv9q4njd,1436209813283,
4c94e9d660217dd03fdfed21616e65a924b7296cf91c525879db0d8280680b4a,2023-11-24T12:08:31.802000,received,kaspa:qqwvnkp47wsj6n4hkdlgj8dsauyx0xvefunnwvvsmpq2udd0ka8ckmpuqw3k5,4142209883283,
873dd106e3cb62abd8ca0a97c7c8478b8e93b8ab52d661f99bbb996a9b4aee21,2023-11-22T19:32:47.836000,sent,kaspa:qpzpfwcsqsxhxwup26r55fd0ghqlhyugz8cp6y3wxuddc02vcxtjg75pspnwz,30000000000000,MEXC
873dd106e3cb62abd8ca0a97c7c8478b8e93b8ab52d661f99bbb996a9b4aee21,2023-11-22T19:32:47.836000,sent,kaspa:qpjunp39ssazf4rzfxxu0hd35xggfxn6lq0ls9u9q6peevzcmcv4xmv9q4njd,173059901097,
509da717c802a365f913ae684f665200f64f7e40ba8ab80405ddef3137f50d60,2023-11-22T19:28:24.480000,sent,kaspa:qpzpfwcsqsxhxwup26r55fd0ghqlhyugz8cp6y3wxuddc02vcxtjg75pspnwz,30000000000000,MEXC
509da717c802a365f913ae684f665200f64f7e40ba8ab80405ddef3137f50d60,2023-11-22T19:28:24.480000,sent,kaspa:qpjunp39ssazf4rzfxxu0hd35xggfxn6lq0ls9u9q6peevzcmcv4xmv9q4njd,403412788821,
28345f093f13ff0fba27b004ceb1d573819cec8116bcc5574e8aa49ebf1ff6ee,2023-11-22T14:28:21.196000,received,kaspa:qq3k4du6wf2g26j7ds6fqmgtgavgm3zy676wntp2e52nsuns2n4s6xkndmx0y,1836649410000,
faca05675b36c87258e7321fda248b6d680addda62bdc249884460e26a334a3e,2023-11-22T13:53:41.945000,received,kaspa:qq3k4du6wf2g26j7ds6fqmgtgavgm3zy676wntp2e52nsuns2n4s6xkndmx0y,168120940000,
431e143c7ac2ac8c6545eb3030fbc56fd0cb5cceff0d3f184ed0a4943f809594,2023-11-22T13:44:40.957000,received,kaspa:qpq94ntnvy8p9q6wrdwtn37xtspgashrydc0kuu8ctpyxulmh0wlxh2807zdh,814421130000,
dad5018eb78831f0697eb58c8949e192cd37810004f617dbbcb03d51fabdcb00,2023-11-20T15:21:25.006000,sent,kaspa:qpzpfwcsqsxhxwup26r55fd0ghqlhyugz8cp6y3wxuddc02vcxtjg75pspnwz,30000000000000,MEXC
dad5018eb78831f0697eb58c8949e192cd37810004f617dbbcb03d51fabdcb00,2023-11-20T15:21:25.006000,sent,kaspa:qpjunp39ssazf4rzfxxu0hd35xggfxn6lq0ls9u9q6peevzcmcv4xmv9q4njd,138998000000,
4de8b0820fab8553b9cdca16f3ad2d717733b4c7e132d066bdacaefe111f35a9,2023-11-20T15:10:11.182000,received,kaspa:qq3k4du6wf2g26j7ds6fqmgtgavgm3zy676wntp2e52nsuns2n4s6xkndmx0y,3668000000000,
