tx_id,timestamp,direction,peer_address,amount_sompi,cex_label
364ffa1d3d0dbdcce391481924fb56adbef683ca383ec308340590a58324d02c,2025-03-27T16:59:34.558000,sent,kaspa:qpzpfwcsqsxhxwup26r55fd0ghqlhyugz8cp6y3wxuddc02vcxtjg75pspnwz,2621296926235,MEXC
df0dd938488ba8c117f736f8bf7c1c92a3d45ecf4fbe59847ce12851a9a3f556,2025-03-23T18:49:29.013000,received,kaspa:qypxwtd0dt5tv7w8vman8ef0ezhnqy9n7n2d9xd3uzrd90k8xlesy8sgvgjegrc,2621396926235,
df0dd938488ba8c117f736f8bf7c1c92a3d45ecf4fbe59847ce12851a9a3f556,2025-03-23T18:49:29.013000,received,kaspa:qypxwtd0dt5tv7w8vman8ef0ezhnqy9n7n2d9xd3uzrd90k8xlesy8sgvgjegrc,2621396926235,
df0dd938488ba8c117f736f8bf7c1c92a3d45ecf4fbe59847ce12851a9a3f556,2025-03-23T18:49:29.013000,received,kaspa:qypxwtd0dt5tv7w8vman8ef0ezhnqy9n7n2d9xd3uzrd90k8xlesy8sgvgjegrc,2621396926235,
768cdb8432faa87d0fde18cc2f1a6da5f08d91c104578a81f1a5d34cc2664d4c,2024-08-30T05:00:38.830000,sent,kaspa:qpjunp39ssazf4rzfxxu0hd35xggfxn6lq0ls9u9q6peevzcmcv4xmv9q4njd,439999057895,
937a9e4b8bcc4ae9085448c2b51c65495b2e2ec9e5e6634b7aa7e826f11ae42a,2024-07-07T08:35:40.812000,received,kaspa:qypxwtd0dt5tv7w8vman8ef0ezhnqy9n7n2d9xd3uzrd90k8xlesy8sgvgjegrc,5000000000,
937a9e4b8bcc4ae9085448c2b51c65495b2e2ec9e5e6634b7aa7e826f11ae42a,2024-07-07T08:35:40.812000,received,kaspa:qypxwtd0dt5tv7w8vman8ef0ezhnqy9n7n2d9xd3uzrd90k8xlesy8sgvgjegrc,5000000000,
937a9e4b8bcc4ae9085448c2b51c65495b2e2ec9e5e6634b7aa7e826f11ae42a,2024-07-07T08:35:40.812000,received,kaspa:qypxwtd0dt5tv7w8vman8ef0ezhnqy9n7n2d9xd3uzrd90k8xlesy8sgvgjegrc,5000000000,
5c18aa5385ead0b3532ea9f7cdf79d3920739ef4fc4784ffcf4b57caacfb7992,2023-12-29T19:48:12.156000,sent,kaspa:qpjunp39ssazf4rzfxxu0hd35xggfxn6lq0ls9u9q6peevzcmcv4xmv9q4njd,1567884913668,
7f90033bd61a8362450931b7260ed1ee287dc995e8bce1cd56925e83f97cfd69,2023-12-27T16:41:09.455000,sent,kaspa:qpjunp39ssazf4rzfxxu0hd35xggfxn6lq0ls9u9q6peevzcmcv4xmv9q4njd,2605225032830,
aaf2ee2d93a7a4713312297f94d00c7b9446828a36ce7b6d2f6757e978b55bc7,2023-11-17T22:55:58.940000,received,kaspa:qr7vrlhgekw9efxgfq09ca3wqcxlslgxndcpk77pguu2usaa9aa27lhuunewj,17818049918,
8a8e0e98e65a8f3cd247cbbe44ff72a7f39281ac6a8c8cb43a7ffbff62cd4fda,2023-11-17T22:30:13.594000,received,kaspa:qqwvnkp47wsj6n4hkdlgj8dsauyx0xvefunnwvvsmpq2udd0ka8ckmpuqw3k5,29605736833,
