tx_id,timestamp,direction,peer_address,amount_sompi,cex_label
11e83c2a9eac4a078403c9262da3639250a6f82e216ada3a0999ee4bd0e1da0c,2023-12-16T04:38:21.368000,sent,kaspa:qzslgwenzu78t6tldlng383g7ruu4enaljmnkgaulyrscjp7ldt26x8gfxck5,171940000,
11e83c2a9eac4a078403c9262da3639250a6f82e216ada3a0999ee4bd0e1da0c,2023-12-16T04:38:21.368000,sent,kaspa:qzslgwenzu78t6tldlng383g7ruu4enaljmnkgaulyrscjp7ldt26x8gfxck5,171940000,
03ef0e1cb2f5962c66db75f35bcbaad2c6081829dc93367b52d505b4be879bf8,2023-12-12T21:45:03.044000,received,kaspa:qypswxtcrv4ssyjaswy5w9387vq73mkuyq85tl34cee6qn5uexqy0csgnafnjx7,171000000,
c86949bc8a5538a193884927b2f136e8ebb4acf653c3f5e9839757938f14da2a,2023-11-29T13:16:36.392000,sent,kaspa:qypkx3dr2u44wd3tzvcveamysgjzpru3lccqw4vmu7yxyntnqj7zusghnr3hen5,18000000,
11a28e5b697c1c832731b470043a4fcc26dbfc80d3fb15398220aa777f84d124,2023-11-29T10:48:05.792000,received,kaspa:qpst6xz7793hkwsh0aa30sdt73cmpd5h4eqahmwa0w6872d0knwf5dd3cj9qe,19000000,
