tx_id,timestamp,direction,peer_address,amount_sompi,cex_label
3fef607f19c9577dc560609ed99aee1859bfd6790efc8b762b8d06f27ea7ce16,2025-05-24T00:26:10.554000,received,kaspa:qq3wrlkeustmu5uuh6r3mrmkly88x3mg4wajc7ktxmqfnqptkfxaqgu47jq8n,3142275191,
2a869bcbe0944430c21d385944039ea444f224023c164fec42cacb55b599bda1,2025-05-21T07:41:20.223000,received,kaspa:qq3wrlkeustmu5uuh6r3mrmkly88x3mg4wajc7ktxmqfnqptkfxaqgu47jq8n,3046031421,
8d578590b92db53eafd6da4cadf6b54e6186b897bd6a9a75aa7713738058a17d,2025-05-18T05:42:29.207000,received,kaspa:qq3wrlkeustmu5uuh6r3mrmkly88x3mg4wajc7ktxmqfnqptkfxaqgu47jq8n,3143032243,
23f6ec4690573380c4b4ffab32c3a9a5cb15cb251cfa159827b03b5efa51c26e,2025-05-14T05:59:13.538000,received,kaspa:qq3wrlkeustmu5uuh6r3mrmkly88x3mg4wajc7ktxmqfnqptkfxaqgu47jq8n,3044000457,
b6aace4517b3fa27ffc90b5eabc363c3c1cc9a690410ac2bd928b4a25a4b1310,2025-05-08T05:54:10.042000,received,kaspa:qq3wrlkeustmu5uuh6r3mrmkly88x3mg4wajc7ktxmqfnqptkfxaqgu47jq8n,3042711004,
8c3761206acc65d5ded8877690add1285cf726f0264c0754eece83852eef1f34,2025-04-16T03:46:19.352000,received,kaspa:qq3wrlkeustmu5uuh6r3mrmkly88x3mg4wajc7ktxmqfnqptkfxaqgu47jq8n,3149773703,
8c3761206acc65d5ded8877690add1285cf726f0264c0754eece83852eef1f34,2025-04-16T03:46:19.352000,received,kaspa:qpgqlempmc7cq70e6thcahjvv6w8j6pexfult5n470ptvvxr8gec2re6jd38r,3149773703,
18997816949813c821604e1c3fba4feb73f9c592700986e4259b47d9aeab4c1c,2025-04-12T19:20:52.432000,received,kaspa:qpgqlempmc7cq70e6thcahjvv6w8j6pexfult5n470ptvvxr8gec2re6jd38r,3015940290,
18997816949813c821604e1c3fba4feb73f9c592700986e4259b47d9aeab4c1c,2025-04-12T19:20:52.432000,received,kaspa:qpgqlempmc7cq70e6thcahjvv6w8j6pexfult5n470ptvvxr8gec2re6jd38r,3015940290,
60cfa9c6d0fcc76eff4279b7226b4c9317d1bd5f1d686b12b36f0b20a3ebb35c,2025-04-11T18:36:50.224000,sent,kaspa:qpzpfwcsqsxhxwup26r55fd0ghqlhyugz8cp6y3wxuddc02vcxtjg75pspnwz,92803412079,MEXC
60cfa9c6d0fcc76eff4279b7226b4c9317d1bd5f1d686b12b36f0b20a3ebb35c,2025-04-11T18:36:50.224000,sent,kaspa:qpzpfwcsqsxhxwup26r55fd0ghqlhyugz8cp6y3wxuddc02vcxtjg75pspnwz,92803412079,MEXC
60cfa9c6d0fcc76eff4279b7226b4c9317d1bd5f1d686b12b36f0b20a3ebb35c,2025-04-11T18:36:50.224000,sent,kaspa:qpzpfwcsqsxhxwup26r55fd0ghqlhyugz8cp6y3wxuddc02vcxtjg75pspnwz,92803412079,MEXC
60cfa9c6d0fcc76eff4279b7226b4c9317d1bd5f1d686b12b36f0b20a3ebb35c,2025-04-11T18:36:50.224000,sent,kaspa:qpzpfwcsqsxhxwup26r55fd0ghqlhyugz8cp6y3wxuddc02vcxtjg75pspnwz,92803412079,MEXC
c2dbc08359eb67358cf638cbeaf5b1cc94543aed0ea9c50c1b78c4b37479ff31,2025-04-11T18:24:15.469000,received,kaspa:qzd6sfx3a8gx3q0qjvsts0pc4gj62z8a4kdf6qcndq5fg42wwxpv6sv9ngmg9,49136147000,
c2dbc08359eb67358cf638cbeaf5b1cc94543aed0ea9c50c1b78c4b37479ff31,2025-04-11T18:24:15.469000,received,kaspa:qzd6sfx3a8gx3q0qjvsts0pc4gj62z8a4kdf6qcndq5fg42wwxpv6sv9ngmg9,49136147000,
c2dbc08359eb67358cf638cbeaf5b1cc94543aed0ea9c50c1b78c4b37479ff31,2025-04-11T18:24:15.469000,received,kaspa:qzd6sfx3a8gx3q0qjvsts0pc4gj62z8a4kdf6qcndq5fg42wwxpv6sv9ngmg9,49136147000,
c2dbc08359eb67358cf638cbeaf5b1cc94543aed0ea9c50c1b78c4b37479ff31,2025-04-11T18:24:15.469000,received,kaspa:qzd6sfx3a8gx3q0qjvsts0pc4gj62z8a4kdf6qcndq5fg42wwxpv6sv9ngmg9,49136147000,
c2dbc08359eb67358cf638cbeaf5b1cc94543aed0ea9c50c1b78c4b37479ff31,2025-04-11T18:24:15.469000,received,kaspa:qzd6sfx3a8gx3q0qjvsts0pc4gj62z8a4kdf6qcndq5fg42wwxpv6sv9ngmg9,49136147000,
c2dbc08359eb67358cf638cbeaf5b1cc94543aed0ea9c50c1b78c4b37479ff31,2025-04-11T18:24:15.469000,received,kaspa:qzd6sfx3a8gx3q0qjvsts0pc4gj62z8a4kdf6qcndq5fg42wwxpv6sv9ngmg9,49136147000,
c2dbc08359eb67358cf638cbeaf5b1cc94543aed0ea9c50c1b78c4b37479ff31,2025-04-11T18:24:15.469000,received,kaspa:qzd6sfx3a8gx3q0qjvsts0pc4gj62z8a4kdf6qcndq5fg42wwxpv6sv9ngmg9,49136147000,
c2dbc08359eb67358cf638cbeaf5b1cc94543aed0ea9c50c1b78c4b37479ff31,2025-04-11T18:24:15.469000,received,kaspa:qzd6sfx3a8gx3q0qjvsts0pc4gj62z8a4kdf6qcndq5fg42wwxpv6sv9ngmg9,49136147000,
c2dbc08359eb67358cf638cbeaf5b1cc94543aed0ea9c50c1b78c4b37479ff31,2025-04-11T18:24:15.469000,received,kaspa:qzd6sfx3a8gx3q0qjvsts0pc4gj62z8a4kdf6qcndq5fg42wwxpv6sv9ngmg9,49136147000,
be94779a4b6cf8d43036a41786609de7f8172c0331974fc077e89ac397f52151,2025-04-11T16:18:51.230000,received,kaspa:qqu6anems0elchluc8jjf5sqf02d9y4mjjp3y3erdaeyym642pxwu03q6sx0h,37448903965,
be94779a4b6cf8d43036a41786609de7f8172c0331974fc077e89ac397f52151,2025-04-11T16:18:51.230000,received,kaspa:qzd6sfx3a8gx3q0qjvsts0pc4gj62z8a4kdf6qcndq5fg42wwxpv6sv9ngmg9,37448903965,
be94779a4b6cf8d43036a41786609de7f8172c0331974fc077e89ac397f52151,2025-04-11T16:18:51.230000,received,kaspa:qzd6sfx3a8gx3q0qjvsts0pc4gj62z8a4kdf6qcndq5fg42wwxpv6sv9ngmg9,37448903965,
be94779a4b6cf8d43036a41786609de7f8172c0331974fc077e89ac397f52151,2025-04-11T16:18:51.230000,received,kaspa:qzd6sfx3a8gx3q0qjvsts0pc4gj62z8a4kdf6qcndq5fg42wwxpv6sv9ngmg9,37448903965,
dd29635a17283951ffe4f1a502ea8cfa0e4d1e7bf793bebb1b9edfc73f32b406,2025-04-10T17:42:32.051000,received,kaspa:qq3wrlkeustmu5uuh6r3mrmkly88x3mg4wajc7ktxmqfnqptkfxaqgu47jq8n,3142834078,
dd29635a17283951ffe4f1a502ea8cfa0e4d1e7bf793bebb1b9edfc73f32b406,2025-04-10T17:42:32.051000,received,kaspa:qpgqlempmc7cq70e6thcahjvv6w8j6pexfult5n470ptvvxr8gec2re6jd38r,3142834078,
c6023a42ac8b875b2045c587b60ffd3ad50ab9d9d51962397b9ce9171010b105,2025-03-23T22:20:59.889000,received,kaspa:qq3wrlkeustmu5uuh6r3mrmkly88x3mg4wajc7ktxmqfnqptkfxaqgu47jq8n,3175527036,
c6023a42ac8b875b2045c587b60ffd3ad50ab9d9d51962397b9ce9171010b105,2025-03-23T22:20:59.889000,received,kaspa:qpgqlempmc7cq70e6thcahjvv6w8j6pexfult5n470ptvvxr8gec2re6jd38r,3175527036,
6124be9275bd2a69f89647893b27dda3f9f4ab06b16e1ddbb8312c173b5fdca5,2025-03-17T01:46:11.695000,sent,kaspa:qpjunp39ssazf4rzfxxu0hd35xggfxn6lq0ls9u9q6peevzcmcv4xmv9q4njd,667690975547,
326429d8f8d89a732eaaa55c924e57d7acd92a310833dafcee50e882bdd457b3,2025-03-16T06:56:09.436000,received,kaspa:qq3wrlkeustmu5uuh6r3mrmkly88x3mg4wajc7ktxmqfnqptkfxaqgu47jq8n,6142683509,
326429d8f8d89a732eaaa55c924e57d7acd92a310833dafcee50e882bdd457b3,2025-03-16T06:56:09.436000,received,kaspa:qpgqlempmc7cq70e6thcahjvv6w8j6pexfult5n470ptvvxr8gec2re6jd38r,6142683509,
a23d83116f3f088f192877e24ee3428b0e65434082f24bb05e52855b181d5f25,2025-02-07T11:11:18.269000,sent,kaspa:qpjunp39ssazf4rzfxxu0hd35xggfxn6lq0ls9u9q6peevzcmcv4xmv9q4njd,277566551096,
254dff8f234157a563057900b621bc5428924ceadbeb756bbafa3d9d6383b42b,2025-02-07T10:31:10.840000,received,kaspa:qq3wrlkeustmu5uuh6r3mrmkly88x3mg4wajc7ktxmqfnqptkfxaqgu47jq8n,3023751478,
254dff8f234157a563057900b621bc5428924ceadbeb756bbafa3d9d6383b42b,2025-02-07T10:31:10.840000,received,kaspa:qpgqlempmc7cq70e6thcahjvv6w8j6pexfult5n470ptvvxr8gec2re6jd38r,3023751478,
be6103925834693b10e5cca2285ee76839f0bba6a9c34b0256c5f4fb2a6f0322,2025-02-02T15:28:08.890000,sent,kaspa:qpjunp39ssazf4rzfxxu0hd35xggfxn6lq0ls9u9q6peevzcmcv4xmv9q4njd,264270794839,
9f7fe2871b18856cd608baae9192289f584fdb4ec29468c8409f5f77f9cf0e7b,2025-02-02T01:29:44.062000,sent,kaspa:qpjunp39ssazf4rzfxxu0hd35xggfxn6lq0ls9u9q6peevzcmcv4xmv9q4njd,271224059801,
63bce8bd9df90bc0f6fe987b85b746b140869e90f028e09cf10b07476a139f03,2025-02-02T01:29:43.226000,sent,kaspa:qpjunp39ssazf4rzfxxu0hd35xggfxn6lq0ls9u9q6peevzcmcv4xmv9q4njd,249836276428,
1c337c6cf6e3067a3c435815a03e74fa363ff19147c2c6f8a117e7fd1c84f07d,2025-01-31T21:31:47.539000,sent,kaspa:qpjunp39ssazf4rzfxxu0hd35xggfxn6lq0ls9u9q6peevzcmcv4xmv9q4njd,280778904135,
1f17f2e1cb27e1c397600859ad175040d694ba42a4822a3663fca8bd389b6b0e,2025-01-31T20:10:01.041000,sent,kaspa:qpjunp39ssazf4rzfxxu0hd35xggfxn6lq0ls9u9q6peevzcmcv4xmv9q4njd,295582837730,
d8df3e86010d6c5c2526081d4d083c2e39dc9560e7960b775806067eb15618a8,2025-01-24T08:01:54.339000,received,kaspa:qq3wrlkeustmu5uuh6r3mrmkly88x3mg4wajc7ktxmqfnqptkfxaqgu47jq8n,3040151457,
d8df3e86010d6c5c2526081d4d083c2e39dc9560e7960b775806067eb15618a8,2025-01-24T08:01:54.339000,received,kaspa:qpgqlempmc7cq70e6thcahjvv6w8j6pexfult5n470ptvvxr8gec2re6jd38r,3040151457,
903aeeec1b41f080866fe614363257feb49138b8f98b50496f910b53b7b77f65,2025-01-21T11:11:22.060000,received,kaspa:qq3wrlkeustmu5uuh6r3mrmkly88x3mg4wajc7ktxmqfnqptkfxaqgu47jq8n,3007441457,
903aeeec1b41f080866fe614363257feb49138b8f98b50496f910b53b7b77f65,2025-01-21T11:11:22.060000,received,kaspa:qpgqlempmc7cq70e6thcahjvv6w8j6pexfult5n470ptvvxr8gec2re6jd38r,3007441457,
426acd193d105d6fec0fc5e46346c288b061d5c2efda3549c148a404157956cb,2025-01-17T06:56:01.103000,received,kaspa:qq3wrlkeustmu5uuh6r3mrmkly88x3mg4wajc7ktxmqfnqptkfxaqgu47jq8n,3174041155,
426acd193d105d6fec0fc5e46346c288b061d5c2efda3549c148a404157956cb,2025-01-17T06:56:01.103000,received,kaspa:qpgqlempmc7cq70e6thcahjvv6w8j6pexfult5n470ptvvxr8gec2re6jd38r,3174041155,
a761a715253f616bfcba90e0ab85f7bc6bd46f6f98a3bcd6addcfc1672e8ea66,2025-01-14T19:40:49.219000,received,kaspa:qq3wrlkeustmu5uuh6r3mrmkly88x3mg4wajc7ktxmqfnqptkfxaqgu47jq8n,3088936150,
90bd9681006cd13352d59016af185d072858ee52b1ef02328e2d920635a867fc,2025-01-12T08:03:58.061000,received,kaspa:qq3wrlkeustmu5uuh6r3mrmkly88x3mg4wajc7ktxmqfnqptkfxaqgu47jq8n,3366068934,
90bd9681006cd13352d59016af185d072858ee52b1ef02328e2d920635a867fc,2025-01-12T08:03:58.061000,received,kaspa:qpgqlempmc7cq70e6thcahjvv6w8j6pexfult5n470ptvvxr8gec2re6jd38r,3366068934,
b8e3eff017a7150bd2678c4866ff063be81ed18cfa7d3bc13b528dc11c3ea923,2024-12-31T21:31:22.169000,sent,kaspa:qpjunp39ssazf4rzfxxu0hd35xggfxn6lq0ls9u9q6peevzcmcv4xmv9q4njd,265746497107,
82cc4fa7cf8eee8f0ea26f8f05958d16924fbb1c72158cdacb56c1b1c53fb3ea,2024-12-31T14:33:33.181000,received,kaspa:qq3wrlkeustmu5uuh6r3mrmkly88x3mg4wajc7ktxmqfnqptkfxaqgu47jq8n,3019826108,
8706a63ce52822fb24af7a71d729064881c2533ac06aabdbe8b1c66e1a9578e1,2024-12-18T20:50:21.953000,sent,kaspa:qpjunp39ssazf4rzfxxu0hd35xggfxn6lq0ls9u9q6peevzcmcv4xmv9q4njd,272806025277,
34247a2b2bc80f5a893cdb3aa090b536275cf5d3a3afa8c1854de587c11fe129,2024-12-13T15:18:13.602000,received,kaspa:qq3wrlkeustmu5uuh6r3mrmkly88x3mg4wajc7ktxmqfnqptkfxaqgu47jq8n,3091633052,
c0122934c489535d1a832797dbfdf858039bf0ddbf1d773cc433522eed9a68ce,2024-12-12T23:11:40.266000,sent,kaspa:qpjunp39ssazf4rzfxxu0hd35xggfxn6lq0ls9u9q6peevzcmcv4xmv9q4njd,274727751609,
f9d07fa115ccc55b30e3e43043a8152b3258fe0a87007f55316100ecea89ec02,2024-12-10T15:27:59.789000,received,kaspa:qq3wrlkeustmu5uuh6r3mrmkly88x3mg4wajc7ktxmqfnqptkfxaqgu47jq8n,3112946612,
f9d07fa115ccc55b30e3e43043a8152b3258fe0a87007f55316100ecea89ec02,2024-12-10T15:27:59.789000,received,kaspa:qpgqlempmc7cq70e6thcahjvv6w8j6pexfult5n470ptvvxr8gec2re6jd38r,3112946612,
3b4003606a7b176ebe4e8e3e60b96e3f739ede60bb24c57a850f38f8003249a7,2024-12-07T05:01:36.975000,sent,kaspa:qpjunp39ssazf4rzfxxu0hd35xggfxn6lq0ls9u9q6peevzcmcv4xmv9q4njd,298930455410,
e6ab65ffeecb624bd602102643056be1c0ef5f20834d6ac08c9ba3ecb03f9380,2024-12-06T04:26:23.513000,received,kaspa:qq3wrlkeustmu5uuh6r3mrmkly88x3mg4wajc7ktxmqfnqptkfxaqgu47jq8n,3211736817,
f574a2a0f39b536fb66ab386435e3f59b91e53afd40f18f5bd3ea018487763d3,2024-12-06T04:10:18.148000,sent,kaspa:qpjunp39ssazf4rzfxxu0hd35xggfxn6lq0ls9u9q6peevzcmcv4xmv9q4njd,266521378555,
f148e12d4b472d463b1bfabe01b43225b0e731a61a9557ac3c3568ff54da0a1a,2024-12-06T04:10:18.148000,sent,kaspa:qpjunp39ssazf4rzfxxu0hd35xggfxn6lq0ls9u9q6peevzcmcv4xmv9q4njd,279039608638,
2403a14ef9c553bc83e3cd0623c4d3de468721b20c83ae573390343c011fa285,2024-12-06T04:10:13.665000,sent,kaspa:qpjunp39ssazf4rzfxxu0hd35xggfxn6lq0ls9u9q6peevzcmcv4xmv9q4njd,341099967694,
dfb015aee075afeb7fc66e12fb6f597f2e650363f208cc125dc735a6ee550641,2024-12-06T04:10:07.901000,sent,kaspa:qpjunp39ssazf4rzfxxu0hd35xggfxn6lq0ls9u9q6peevzcmcv4xmv9q4njd,288912430822,
e056d65ac6f116181239239b5be69a29bebc2a61dd47254439a125167e575bd3,2024-12-02T09:23:25.192000,received,kaspa:qq3wrlkeustmu5uuh6r3mrmkly88x3mg4wajc7ktxmqfnqptkfxaqgu47jq8n,3026956649,
e056d65ac6f116181239239b5be69a29bebc2a61dd47254439a125167e575bd3,2024-12-02T09:23:25.192000,received,kaspa:qpgqlempmc7cq70e6thcahjvv6w8j6pexfult5n470ptvvxr8gec2re6jd38r,3026956649,
e01c81da57461d2cbfb8f59312cf2a99ed11b0992b76394de8d31ae9af3bd6ea,2024-11-29T04:04:03.435000,received,kaspa:qq3wrlkeustmu5uuh6r3mrmkly88x3mg4wajc7ktxmqfnqptkfxaqgu47jq8n,3287585682,
e01c81da57461d2cbfb8f59312cf2a99ed11b0992b76394de8d31ae9af3bd6ea,2024-11-29T04:04:03.435000,received,kaspa:qq3wrlkeustmu5uuh6r3mrmkly88x3mg4wajc7ktxmqfnqptkfxaqgu47jq8n,3287585682,
a5a6de70907c21ef97db497f47df1d3b546ba76398aca5ed991e7607dda88d75,2024-11-27T04:15:38.210000,received,kaspa:qq3wrlkeustmu5uuh6r3mrmkly88x3mg4wajc7ktxmqfnqptkfxaqgu47jq8n,3181804093,
a5a6de70907c21ef97db497f47df1d3b546ba76398aca5ed991e7607dda88d75,2024-11-27T04:15:38.210000,received,kaspa:qpgqlempmc7cq70e6thcahjvv6w8j6pexfult5n470ptvvxr8gec2re6jd38r,3181804093,
d45bdecfb0b5cb50aeee8b01ccb80cf1ca173c78b307eca8062b0f129192da00,2024-11-25T09:04:08.963000,received,kaspa:qq3wrlkeustmu5uuh6r3mrmkly88x3mg4wajc7ktxmqfnqptkfxaqgu47jq8n,3845748778,
d45bdecfb0b5cb50aeee8b01ccb80cf1ca173c78b307eca8062b0f129192da00,2024-11-25T09:04:08.963000,received,kaspa:qpgqlempmc7cq70e6thcahjvv6w8j6pexfult5n470ptvvxr8gec2re6jd38r,3845748778,
87d05e3d58f26b50cf361c241eadb9381c7f7ab0a5fad2e76a4690a9a00da83f,2024-11-24T13:32:51.770000,sent,kaspa:qpjunp39ssazf4rzfxxu0hd35xggfxn6lq0ls9u9q6peevzcmcv4xmv9q4njd,277322456564,
99f7a2f66c1a5142aa1c2d63db4b89ce0f4d58bdec2f5d04dcdeeddbe2b0d43b,2024-11-24T13:32:51.770000,sent,kaspa:qpjunp39ssazf4rzfxxu0hd35xggfxn6lq0ls9u9q6peevzcmcv4xmv9q4njd,271479155777,
6600e778fc3fccee2c9a985e13b3ae00bc00ab8a474b46c994da0605a8842c9c,2024-11-23T14:26:33.797000,received,kaspa:qq3wrlkeustmu5uuh6r3mrmkly88x3mg4wajc7ktxmqfnqptkfxaqgu47jq8n,3063451000,
9758694603cc46a0b5e7d24c9de5726fe406d0fb92d61c008c89f81b8dfe404b,2024-11-20T10:44:21.092000,received,kaspa:qq3wrlkeustmu5uuh6r3mrmkly88x3mg4wajc7ktxmqfnqptkfxaqgu47jq8n,3177740848,
3d852d2429ddfb680d034d29d4a7409726158351b8e48951b46e346acf24e394,2024-11-20T06:59:14.661000,sent,kaspa:qpjunp39ssazf4rzfxxu0hd35xggfxn6lq0ls9u9q6peevzcmcv4xmv9q4njd,265046515164,
afe1ebe7c76af78b277ea5967f18f3354144067b004b98651797cfb69d08f6df,2024-11-19T11:41:29.747000,sent,kaspa:qpjunp39ssazf4rzfxxu0hd35xggfxn6lq0ls9u9q6peevzcmcv4xmv9q4njd,274904754321,
aaafed85da4d939d29fa65dcb7abf039008a862ce46ba2d31450c843acf3cb8a,2024-11-18T03:11:10.989000,received,kaspa:qq3wrlkeustmu5uuh6r3mrmkly88x3mg4wajc7ktxmqfnqptkfxaqgu47jq8n,3121474194,
56ea4a050ac32edfacd1b684af6fb5a2ca3d90c126e68cd7121c7a1cd721f56b,2024-11-10T05:47:15.209000,received,kaspa:qq3wrlkeustmu5uuh6r3mrmkly88x3mg4wajc7ktxmqfnqptkfxaqgu47jq8n,3013822697,
56ea4a050ac32edfacd1b684af6fb5a2ca3d90c126e68cd7121c7a1cd721f56b,2024-11-10T05:47:15.209000,received,kaspa:qpgqlempmc7cq70e6thcahjvv6w8j6pexfult5n470ptvvxr8gec2re6jd38r,3013822697,
04f9bb6fd49b39e7222eae3543732752d0e4c97934ca13f3601df64366786bf4,2024-11-04T18:05:46.404000,sent,kaspa:qpjunp39ssazf4rzfxxu0hd35xggfxn6lq0ls9u9q6peevzcmcv4xmv9q4njd,316427630108,
f6b636da28ca4fbd10561fca93e5ea6992c25330de826111e4de2cf38d4e9d34,2024-11-04T03:53:22.290000,received,kaspa:qq3wrlkeustmu5uuh6r3mrmkly88x3mg4wajc7ktxmqfnqptkfxaqgu47jq8n,3934471666,
97e370028b18c3513ca5cf36c3fa3c21d8fc0f7b8ba1148a2a6366fe91dbba74,2024-10-31T00:25:33.906000,sent,kaspa:qpzpfwcsqsxhxwup26r55fd0ghqlhyugz8cp6y3wxuddc02vcxtjg75pspnwz,2000000000000,MEXC
97e370028b18c3513ca5cf36c3fa3c21d8fc0f7b8ba1148a2a6366fe91dbba74,2024-10-31T00:25:33.906000,sent,kaspa:qpjunp39ssazf4rzfxxu0hd35xggfxn6lq0ls9u9q6peevzcmcv4xmv9q4njd,2443833817911917,
76efe3050260676dcccbfb260e30834b41b93647b27fd632e621e69ab522de12,2024-10-31T00:05:13.397000,received,kaspa:qq3wrlkeustmu5uuh6r3mrmkly88x3mg4wajc7ktxmqfnqptkfxaqgu47jq8n,3824366702,
210be8bd80ee9bd905f3995cf97eabe4739185320091f377135a2c93e3d71621,2024-10-28T00:46:46.138000,sent,kaspa:qpjunp39ssazf4rzfxxu0hd35xggfxn6lq0ls9u9q6peevzcmcv4xmv9q4njd,1771513689117,
2a5a1be494139a7fc82097fffeb369d3746e3c11ee370662ec7f2ee89d8faede,2024-10-27T22:31:56.122000,received,kaspa:qq3wrlkeustmu5uuh6r3mrmkly88x3mg4wajc7ktxmqfnqptkfxaqgu47jq8n,4306938314,
