tx_id,timestamp,direction,peer_address,amount_sompi,cex_label
ae5174d283a375d7733ae98c78d4e3c9279d285e7dea99c85b8f448d8e4183a0,2023-12-16T04:54:09.916000,sent,kaspa:qzslgwenzu78t6tldlng383g7ruu4enaljmnkgaulyrscjp7ldt26x8gfxck5,171940000,
ae5174d283a375d7733ae98c78d4e3c9279d285e7dea99c85b8f448d8e4183a0,2023-12-16T04:54:09.916000,sent,kaspa:qzslgwenzu78t6tldlng383g7ruu4enaljmnkgaulyrscjp7ldt26x8gfxck5,171940000,
ab08bf79a779ff3e09235121d9b82363f5ee15365a2e61e22c1303ca32c77921,2023-12-13T00:06:52.851000,received,kaspa:qypswxtcrv4ssyjaswy5w9387vq73mkuyq85tl34cee6qn5uexqy0csgnafnjx7,171000000,
66e9605d5aa4a7b550a28feb5994f52d60d0d6c4b99b844fcb9d262e08b22fd3,2023-11-29T15:48:59.795000,sent,kaspa:qypey2zlxk0lnfcrtnglag7qac4uxrfzrvmyrhatnyrdvp5zms0vj2gxvgdm4p2,18000000,
b9ed577766df7aa3c6b4f641bc22a25da4485c7780b90b02131445e3c2c28ac5,2023-11-27T22:46:02.930000,received,kaspa:qqwsmgw49jlnngfsqmtfxnu9e95hdwznezawzwvdfpjtc2rxj5a5gzzqujd0e,19000000,
