tx_id,timestamp,direction,peer_address,amount_sompi,cex_label
ef077e336ce9ab99f52111ef584dbab5e0fb3dc6ca8017266b87d23b9361f311,2023-12-15T11:49:38.353000,sent,kaspa:qqgp6uc45ma93sr5kkjt4dwxtunkyajl30dwre9ug9erfju259pjqm85g990t,171070000,
ef077e336ce9ab99f52111ef584dbab5e0fb3dc6ca8017266b87d23b9361f311,2023-12-15T11:49:38.353000,sent,kaspa:qqgp6uc45ma93sr5kkjt4dwxtunkyajl30dwre9ug9erfju259pjqm85g990t,171070000,
08edc37f2e35852957694cee4df9bb6ea40791b634b66723936f511ce40c2476,2023-12-12T05:49:21.997000,received,kaspa:qypswxtcrv4ssyjaswy5w9387vq73mkuyq85tl34cee6qn5uexqy0csgnafnjx7,171000000,
f2b60dca78d0f35794867f228b98ff70ed631409d4904711746eee8b573f764c,2023-11-28T06:08:34.017000,sent,kaspa:qypg56n7u55slzte5hhzlqqnr0msrvmy72v4yrffpt50levpvq3x7jcv36trh5p,18000000,
5bd690cfe168de5fb19af52662040cbf1087e6e19418289f754c0856dffb944e,2023-11-27T12:41:24.842000,received,kaspa:qphhn7g6d54y663yqa53m843mnmd6aev04mkmsw7jw5hgccad5fu2y5qlecd7,18100000,
