tx_id,timestamp,direction,peer_address,amount_sompi,cex_label
5a7424cdaa321ebe6848a9cc17c3f3b8cb1be002296ce608d3421b69cec89c57,2025-04-25T14:22:32.409000,received,kaspa:qrs5cyh7e8trenpfuvz0swsmp72k324g4782r29fcpck5re50d08524slwnja,200000000,
ac822178917779d5526dda58393ee620ba2df1dbfd3fe65558faf4b29b0dc05c,2025-03-23T14:29:05.890000,sent,kaspa:qp3qu7pqmgmz6gce9m4wwk0gxksgjcy4qm3sdc9fjw8j9u80ex7xwd7hqt3d3,3797276200000,
08b42e656dfff66f11de3e6260837831fdb9041105c6e226f3a18e5777fc7bc1,2024-12-11T17:51:27.395000,sent,kaspa:qq7xufw427n2hahd6slc2ecy760k8zpvzcayplu23uxtfwm5ru7qg9t22mtf9,138455397750,
caef7de05890f8bf9106042689de58767e8b78f5320bde3e7e6cc3ca68f4ddd7,2024-07-05T02:26:16.330000,sent,kaspa:qzecqn4qvsfcqws238wmu6d96weezrh72586j43e7r006ecqhqtcqjcvg5v0t,5555500000000,
4cddc29aff60d50bf878cdb3d058b1e25af4e9549cca943840c7ea8270002ee6,2024-04-27T15:08:51.654000,sent,kaspa:qp0zjp9m5zl64v8lmsasumkh2wfe2vrkhfjwyxpzm8l7nkrx0rwpqffeta2se,479000000000,
07f556de94a1796bd2fcac89e84cec9410a572faa084f27fb5de455d96321ce6,2024-04-02T22:54:38.145000,sent,kaspa:qqpnwau395p533ycewfae7axgjqvmg476emdnlqklt2xjhwuyee2sl2xe22nt,7800000000000,
d2522beb6c8eea4932412a609a8ede77f3264596f664b43370f89c981eb1a192,2024-03-12T02:44:51.550000,sent,kaspa:qqlstvmnq90rqgpe9l0hsvmfjjv2t678hrq20yylp8h5e2lhax73up86nr3a4,100000000000,
293ae88a1db090e204a0b5c09c7d6773aa9ee069bab4f622be140b80ba6ce543,2023-12-19T03:57:06.390000,sent,kaspa:qqwvnkp47wsj6n4hkdlgj8dsauyx0xvefunnwvvsmpq2udd0ka8ckmpuqw3k5,269000000000,
0625286cd0bbe9b1e7c09a65435aaa71aa6ce09b264704fa18a4ccd1f548f3fc,2023-11-16T00:08:21.146000,sent,kaspa:qpyr8yp7jmantyaatyqtpwuzv3fcthe2r7jz6n55nl4hdd0288e8jljunnqgv,1000000000000,
d4c7339a1f01b52676021e49c2412d8c9d772764b5179e753774855820c18e89,2023-11-14T17:28:04.593000,sent,kaspa:qqzj5wq2jmte6qn97ml7c4xm7rcmue5twyqe5xgmh2jermvule93ch5qmy8l8,120000000000000,
b0eca09d270e44d93dcf0e6bd7510f5ce4623d49f973d5f7d7453c3cc2b78e92,2023-10-17T02:08:09.073000,sent,kaspa:qqwvnkp47wsj6n4hkdlgj8dsauyx0xvefunnwvvsmpq2udd0ka8ckmpuqw3k5,66600000000,
445b0ea0012a3720b459842c85221e993d220bf4ac7d00bae13d012925786165,2023-10-13T12:01:43.746000,sent,kaspa:qqwvnkp47wsj6n4hkdlgj8dsauyx0xvefunnwvvsmpq2udd0ka8ckmpuqw3k5,455000000000,
30e5e3c37431cfcbc0bae77600b9776f806984d5c1aae6e808721bb562a93a4b,2023-09-26T13:47:09.232000,sent,kaspa:qphn7jh03zwjn4rveup09ev945v2glh3uulwlmcnzt3azrtd8vxhkuzhpz925,622067000000,
2e1ab3c67c391d9de991771caf6ebfac42a02ed1dde9fba6495fdc05048c7de3,2023-09-16T15:59:00.799000,sent,kaspa:qqwvnkp47wsj6n4hkdlgj8dsauyx0xvefunnwvvsmpq2udd0ka8ckmpuqw3k5,2500000000000,
f4e93ad5deeff6cef393855f32e60ad62fa7d89cb9cd33446fc7e2112b0e12f3,2023-09-15T15:55:51.944000,sent,kaspa:qqwvnkp47wsj6n4hkdlgj8dsauyx0xvefunnwvvsmpq2udd0ka8ckmpuqw3k5,50000000000,
f48356338b5651f3050d1f65ea8bc153dea19a9d2c93f5eaf9ba299df9f26cd8,2023-08-19T18:17:16.211000,sent,kaspa:qqwvnkp47wsj6n4hkdlgj8dsauyx0xvefunnwvvsmpq2udd0ka8ckmpuqw3k5,10000000000000,
a6ee81b838889c01251aea12d1e080dca2bb009895b392a6685b66273f2181aa,2023-08-06T16:59:13.535000,received,kaspa:qrw05v0csxe937stscj9ljcudgjpmk6ym9jdvhcmpqsj0mhaa9f4z3tu6ftnw,152833000000000,
a6ee81b838889c01251aea12d1e080dca2bb009895b392a6685b66273f2181aa,2023-08-06T16:59:13.535000,received,kaspa:qq07w5pvktkdlkp6z7mcc9khdxh2n3zxeehjgs5cha33m2fsjx2r7agga8r0e,152833000000000,
87dba7fa21046d612d49ffd886b8381796e6acab6954de963a43af660d40dba0,2023-08-06T16:33:31.575000,sent,kaspa:qqwvnkp47wsj6n4hkdlgj8dsauyx0xvefunnwvvsmpq2udd0ka8ckmpuqw3k5,142708984133681,
2f92f6c09884421253a1c89833dff0674b2fb172b2586edb26469f75871f448a,2023-08-04T15:53:39.183000,sent,kaspa:qzd4gp5wvlgxd580dpautxhsygasq0yu9t4t7wgmc0jw0cjw3kzq72whk4nk8,70000000000000,
759d5519b21ddf60e24a3112a47b83b781799fb26127b481d180131f65bd6553,2023-07-31T15:10:08.587000,sent,kaspa:qqwvnkp47wsj6n4hkdlgj8dsauyx0xvefunnwvvsmpq2udd0ka8ckmpuqw3k5,100000000000,
7b6420c916840581fe13ef10693c00583a399bbe1a62fa6103096847a91bfb94,2023-07-18T23:15:09.600000,sent,kaspa:qzd4gp5wvlgxd580dpautxhsygasq0yu9t4t7wgmc0jw0cjw3kzq72whk4nk8,145639100000000,
8ab4b2d9d91bb2ad90c54f770ec33a8e1b5e8b84eb78c152fb5b397910583ebf,2023-07-17T14:25:11.144000,sent,kaspa:qzd4gp5wvlgxd580dpautxhsygasq0yu9t4t7wgmc0jw0cjw3kzq72whk4nk8,25000000000000,
d0daa251690776fa8b5217d7fd4a2733e4eb45f1c8c7def996de22def200f1c7,2023-07-11T16:35:16.211000,sent,kaspa:qqwvnkp47wsj6n4hkdlgj8dsauyx0xvefunnwvvsmpq2udd0ka8ckmpuqw3k5,91113344743323,
d0daa251690776fa8b5217d7fd4a2733e4eb45f1c8c7def996de22def200f1c7,2023-07-11T16:35:16.211000,sent,kaspa:qqwvnkp47wsj6n4hkdlgj8dsauyx0xvefunnwvvsmpq2udd0ka8ckmpuqw3k5,91113344743323,
ce05491c6f0cea5ae6873c0806b0180fdb96cf8ab9c93c1892e1537f54f3ab93,2023-07-11T15:46:10.342000,received,kaspa:qq3k4du6wf2g26j7ds6fqmgtgavgm3zy676wntp2e52nsuns2n4s6xkndmx0y,100168439020469,
c37f25e5c71bd68b512f7f09fec1756cdd380a71cdc339da7091d2fe529f9845,2023-06-21T18:06:28.662000,sent,kaspa:qz2lrpucpvlf8rx0g7e4d5hrtzzqgjymup2jzacnkmwwne33u49eyuxs2srwr,500000000000000,
c37f25e5c71bd68b512f7f09fec1756cdd380a71cdc339da7091d2fe529f9845,2023-06-21T18:06:28.662000,sent,kaspa:qz2lrpucpvlf8rx0g7e4d5hrtzzqgjymup2jzacnkmwwne33u49eyuxs2srwr,500000000000000,
c37f25e5c71bd68b512f7f09fec1756cdd380a71cdc339da7091d2fe529f9845,2023-06-21T18:06:28.662000,sent,kaspa:qz2lrpucpvlf8rx0g7e4d5hrtzzqgjymup2jzacnkmwwne33u49eyuxs2srwr,500000000000000,
c37f25e5c71bd68b512f7f09fec1756cdd380a71cdc339da7091d2fe529f9845,2023-06-21T18:06:28.662000,sent,kaspa:qz2lrpucpvlf8rx0g7e4d5hrtzzqgjymup2jzacnkmwwne33u49eyuxs2srwr,500000000000000,
c37f25e5c71bd68b512f7f09fec1756cdd380a71cdc339da7091d2fe529f9845,2023-06-21T18:06:28.662000,sent,kaspa:qz2lrpucpvlf8rx0g7e4d5hrtzzqgjymup2jzacnkmwwne33u49eyuxs2srwr,500000000000000,
c37f25e5c71bd68b512f7f09fec1756cdd380a71cdc339da7091d2fe529f9845,2023-06-21T18:06:28.662000,sent,kaspa:qz2lrpucpvlf8rx0g7e4d5hrtzzqgjymup2jzacnkmwwne33u49eyuxs2srwr,500000000000000,
c37f25e5c71bd68b512f7f09fec1756cdd380a71cdc339da7091d2fe529f9845,2023-06-21T18:06:28.662000,sent,kaspa:qz2lrpucpvlf8rx0g7e4d5hrtzzqgjymup2jzacnkmwwne33u49eyuxs2srwr,500000000000000,
c37f25e5c71bd68b512f7f09fec1756cdd380a71cdc339da7091d2fe529f9845,2023-06-21T18:06:28.662000,sent,kaspa:qz2lrpucpvlf8rx0g7e4d5hrtzzqgjymup2jzacnkmwwne33u49eyuxs2srwr,500000000000000,
8ae5a866f51727a1f0c871529abf86db2e53cce873daf29a12c72257dc240403,2023-06-02T22:52:01.364000,received,kaspa:qqetp7ct8kqss99fxmymyz5t3fezppxp0t58wl6pawp27elqd46uudme00cl0,4308212000000,
d319062e287a5a3fa4c7000a647c4aee5d0cdd1cee332d4098c8a615fa6cfd6e,2023-06-02T13:53:02.521000,received,kaspa:qqetp7ct8kqss99fxmymyz5t3fezppxp0t58wl6pawp27elqd46uudme00cl0,115199909000000,
d319062e287a5a3fa4c7000a647c4aee5d0cdd1cee332d4098c8a615fa6cfd6e,2023-06-02T13:53:02.521000,received,kaspa:qqetp7ct8kqss99fxmymyz5t3fezppxp0t58wl6pawp27elqd46uudme00cl0,115199909000000,
180dc1db481606301c97f88f4c487645423e1ee2c96d6358e78252f60039bed8,2023-05-31T19:11:20.681000,received,kaspa:qrelgny7sr3vahq69yykxx36m65gvmhryxrlwngfzgu8xkdslum2yxjp3ap8m,499990000000000,Gate.io
b20810f4ec4379e09fdcb45e9302cbb80b15c9a111361e6d4710b922095955b3,2023-05-22T20:25:31.625000,received,kaspa:qrelgny7sr3vahq69yykxx36m65gvmhryxrlwngfzgu8xkdslum2yxjp3ap8m,614153000000,Gate.io
b13cdc81be8de8eb402fd7bcb3c2a6a4935d582b5c6b2ce4f10bf62dd50c8ea0,2023-05-03T17:00:02.143000,received,kaspa:qqetp7ct8kqss99fxmymyz5t3fezppxp0t58wl6pawp27elqd46uudme00cl0,250000000000000,
b13cdc81be8de8eb402fd7bcb3c2a6a4935d582b5c6b2ce4f10bf62dd50c8ea0,2023-05-03T17:00:02.143000,received,kaspa:qqetp7ct8kqss99fxmymyz5t3fezppxp0t58wl6pawp27elqd46uudme00cl0,250000000000000,
48441ee5e5de595e1544d29d02785aea3f709ae4e469e4006cbc64e8beb6bfb5,2023-05-01T12:58:58.518000,received,kaspa:qzy3m2zqdd0xskssrclju8e45f3ux4qeumvakayy44e62x70g0g8zlp6mzyfa,100000000,
48441ee5e5de595e1544d29d02785aea3f709ae4e469e4006cbc64e8beb6bfb5,2023-05-01T12:58:58.518000,received,kaspa:qzy3m2zqdd0xskssrclju8e45f3ux4qeumvakayy44e62x70g0g8zlp6mzyfa,100000000,
48441ee5e5de595e1544d29d02785aea3f709ae4e469e4006cbc64e8beb6bfb5,2023-05-01T12:58:58.518000,received,kaspa:qzy3m2zqdd0xskssrclju8e45f3ux4qeumvakayy44e62x70g0g8zlp6mzyfa,100000000,
48441ee5e5de595e1544d29d02785aea3f709ae4e469e4006cbc64e8beb6bfb5,2023-05-01T12:58:58.518000,received,kaspa:qzy3m2zqdd0xskssrclju8e45f3ux4qeumvakayy44e62x70g0g8zlp6mzyfa,100000000,
48441ee5e5de595e1544d29d02785aea3f709ae4e469e4006cbc64e8beb6bfb5,2023-05-01T12:58:58.518000,received,kaspa:qzy3m2zqdd0xskssrclju8e45f3ux4qeumvakayy44e62x70g0g8zlp6mzyfa,100000000,
48441ee5e5de595e1544d29d02785aea3f709ae4e469e4006cbc64e8beb6bfb5,2023-05-01T12:58:58.518000,received,kaspa:qzy3m2zqdd0xskssrclju8e45f3ux4qeumvakayy44e62x70g0g8zlp6mzyfa,100000000,
4a1dd395bf3c9dc342a0404b11d4e9da4ed612642300a977fb60904ed279051c,2023-04-29T17:50:10.421000,received,kaspa:qqwvnkp47wsj6n4hkdlgj8dsauyx0xvefunnwvvsmpq2udd0ka8ckmpuqw3k5,2900000000,
4a1dd395bf3c9dc342a0404b11d4e9da4ed612642300a977fb60904ed279051c,2023-04-29T17:50:10.421000,received,kaspa:qqwvnkp47wsj6n4hkdlgj8dsauyx0xvefunnwvvsmpq2udd0ka8ckmpuqw3k5,2900000000,
4a1dd395bf3c9dc342a0404b11d4e9da4ed612642300a977fb60904ed279051c,2023-04-29T17:50:10.421000,received,kaspa:qqwvnkp47wsj6n4hkdlgj8dsauyx0xvefunnwvvsmpq2udd0ka8ckmpuqw3k5,2900000000,
f0124cdd6ddcaa050637b4ac626c5d80a631449ba65286e90857334fcd225d65,2023-04-29T17:48:27.611000,sent,kaspa:qrz9kdmecw5pmremd0dd53xw5shduenwadnx2krs4949v3saqjl8zs345k6sk,5500000000,
fb40141a0f42f5927743a060738eb093d6de26ce8e2a719ca8d1bcffbc49b3f1,2023-04-27T01:27:54.613000,sent,kaspa:qpya2f0vhwyap6gu403gpul6f72z9zx57c8584y9ey3kv72ezm7h6nzk7wcws,100000000000,
aa0b79bb3a2d1c3cfd576b5fd49ced36dd81823650df57ec136660ff241b8534,2023-04-12T16:17:31.205000,sent,kaspa:qq42zyqtdt6fthm34rhr7dfc6estq0cr88mepmxvs08nwdpcnycdx09kpvdea,20000000000,
2351e8d62acd9987f4121d38ea463c5baf11a3ac321c98d5838f5e001ba76c0f,2023-04-09T19:16:33.468000,sent,kaspa:qqptpvqnks2zrw6xdwtrfzkptc65rcjp3342xg25jpxs08qxgm7l5dqc0q3up,1000000000000,
7bc772a9fce46bd65908d41ed1d63487955f66055fb58a15bce241b4c7189d4b,2023-04-09T12:51:17.515000,sent,kaspa:qqng9fcw9eesryvjdkswc5zle63rg9p44gcenl8temcanpx0cqmrg52q3x0cy,2000000000000,
7cbd49939af58ecfd0e4b88faf4104a67ef5126fbd4a6434feab71f1e9c00c1c,2023-03-22T18:25:33.857000,sent,kaspa:qqwvnkp47wsj6n4hkdlgj8dsauyx0xvefunnwvvsmpq2udd0ka8ckmpuqw3k5,5000000000000,
9cde0529cf3ab33ed6add45b3b06143f561f200046fa130abd112e4bd3a287ba,2023-03-15T18:11:11.093000,sent,kaspa:qqwvnkp47wsj6n4hkdlgj8dsauyx0xvefunnwvvsmpq2udd0ka8ckmpuqw3k5,4999999065,
cf1d43a4c0d4959d5cea685f8edb47806d13ed928608cbd5edb2509c9f984c8b,2023-03-14T04:27:18.890000,sent,kaspa:qp2wt7p7xcxrw0emhskjnxg3gry3g24kea3rd4qrf4h3ly4c5tzdzpe8tqamp,15200000000,
cf1d43a4c0d4959d5cea685f8edb47806d13ed928608cbd5edb2509c9f984c8b,2023-03-14T04:27:18.890000,sent,kaspa:qp2wt7p7xcxrw0emhskjnxg3gry3g24kea3rd4qrf4h3ly4c5tzdzpe8tqamp,15200000000,
6e3ddddb2aef45fa58807a30e168fa915817b9d91af63f90dbf3558442a90c97,2023-03-14T04:25:41.055000,received,kaspa:qpmvpem6jvcqlljx8wfu0vsxxu94jvfdtkd9uentudadkmzwy5kec8gtl5uxe,10000000000,
86af8bea8e1127b21647dcebaacd87a81cf2db91e98e614650ec16ff76546c42,2023-03-11T02:42:10.760000,sent,kaspa:qqwvnkp47wsj6n4hkdlgj8dsauyx0xvefunnwvvsmpq2udd0ka8ckmpuqw3k5,12986582544400,
86af8bea8e1127b21647dcebaacd87a81cf2db91e98e614650ec16ff76546c42,2023-03-11T02:42:10.760000,sent,kaspa:qqwvnkp47wsj6n4hkdlgj8dsauyx0xvefunnwvvsmpq2udd0ka8ckmpuqw3k5,12986582544400,
86af8bea8e1127b21647dcebaacd87a81cf2db91e98e614650ec16ff76546c42,2023-03-11T02:42:10.760000,sent,kaspa:qqwvnkp47wsj6n4hkdlgj8dsauyx0xvefunnwvvsmpq2udd0ka8ckmpuqw3k5,12986582544400,
f9ed391332c981d58596a3c537c7695aa4333e5d06aac39d1076f9e1e550f3a2,2023-03-11T02:25:43.602000,received,kaspa:qppgrkp9cqt7vcwz8x5d6uy8axdpd8c2n027tmaw6cvaew2zkgm7kfks8hef3,25000000000000,
fe5bda5ad9a2ce071fadf0971e5aea79d52f4314765826510dd6a7b90092b704,2023-03-10T22:15:39.079000,received,kaspa:qzrtyceg0eah74djxn4thaw0f3zk7nra7wvejws3392nhc8tzl50z0s9j9c9a,200000000000,
2e2e3655743aa12f006fc19838cb1b2b6fe6f2b924dbf6bb75c59c4503dffb89,2023-03-10T03:30:53.223000,received,kaspa:qzp3qlplrx7scfc56rdmm2fnzykym464v2665m8xz5xlzedkjtdkzh6ymql73,200000000000,
