tx_id,timestamp,direction,peer_address,amount_sompi,cex_label
637a54c96a30995aad7bf51c2005dc7bc12ed59ae091535a52cc7145498887f3,2025-01-26T21:48:02.064000,sent,kaspa:qq7x8wj7ns79vg4qgmnnh639ztyjenr2hy52cqptlz9d0gqsp63wc308sxu90,195540715187,
637a54c96a30995aad7bf51c2005dc7bc12ed59ae091535a52cc7145498887f3,2025-01-26T21:48:02.064000,sent,kaspa:qq7x8wj7ns79vg4qgmnnh639ztyjenr2hy52cqptlz9d0gqsp63wc308sxu90,195540715187,
637a54c96a30995aad7bf51c2005dc7bc12ed59ae091535a52cc7145498887f3,2025-01-26T21:48:02.064000,sent,kaspa:qq7x8wj7ns79vg4qgmnnh639ztyjenr2hy52cqptlz9d0gqsp63wc308sxu90,195540715187,
a7da6c659e9ff1ac8b46bc1bd7741dc8bf84a8d8abb573a8a17a27eed754d703,2025-01-26T21:46:49.743000,received,kaspa:qzgtduqyccg66ms6crgpgnnn802c7drpevy4fsq8069lpzhdwfxhy4079jsrp,192440602151,
35b7e3c7f63e14327289389968f195d849fe2dfd42e21d556349e92d44053516,2025-01-26T21:46:03.817000,received,kaspa:pzkmhkw3udqqs0q52vjsszxtqa8x8t94a0lzuf45t375mqn4y5jyu6ywwcfsl,300000000,
614ea51f55c0613822b9bf19d6db3dc782dbc7771c0f3017f84fc102790e92a5,2025-01-26T21:46:01.424000,sent,kaspa:pzkmhkw3udqqs0q52vjsszxtqa8x8t94a0lzuf45t375mqn4y5jyu6ywwcfsl,310010000,
5a07f3514d2e20a6ab7d7d32526b5abfe1cc3a6f70bfa0529aa16e063f9d8457,2024-11-18T05:19:14.508000,sent,kaspa:qpgmt2dn8wcqf0436n0kueap7yx82n7raurlj6aqjc3t3wm9y5ssqtg9e4lsm,78000000000,
5a07f3514d2e20a6ab7d7d32526b5abfe1cc3a6f70bfa0529aa16e063f9d8457,2024-11-18T05:19:14.508000,sent,kaspa:qpgmt2dn8wcqf0436n0kueap7yx82n7raurlj6aqjc3t3wm9y5ssqtg9e4lsm,78000000000,
36aaf754aafdaa0ef384d06668e45527c4fb9bad7570e63c3130fd098d1fcb8b,2024-11-18T05:17:22.526000,received,kaspa:qpq94ntnvy8p9q6wrdwtn37xtspgashrydc0kuu8ctpyxulmh0wlxh2807zdh,78281920468,
1d3754116350ef56c8fc874be4a7076e0a60c76eab638d55992bedeef6a87933,2024-11-14T09:59:50.132000,sent,kaspa:qpgmt2dn8wcqf0436n0kueap7yx82n7raurlj6aqjc3t3wm9y5ssqtg9e4lsm,67000000000,
1d3754116350ef56c8fc874be4a7076e0a60c76eab638d55992bedeef6a87933,2024-11-14T09:59:50.132000,sent,kaspa:qpgmt2dn8wcqf0436n0kueap7yx82n7raurlj6aqjc3t3wm9y5ssqtg9e4lsm,67000000000,
cfb5a2913d576c31eb1a000a452fc4360c5d67052d520414ce1919cc859118b1,2024-11-14T09:58:09.881000,received,kaspa:qqetp7ct8kqss99fxmymyz5t3fezppxp0t58wl6pawp27elqd46uudme00cl0,68025640643,
cfb5a2913d576c31eb1a000a452fc4360c5d67052d520414ce1919cc859118b1,2024-11-14T09:58:09.881000,received,kaspa:qpzpfwcsqsxhxwup26r55fd0ghqlhyugz8cp6y3wxuddc02vcxtjg75pspnwz,68025640643,MEXC
219d057ab482f8b0b0416a312fb58abe51dab41857ed626f9d7ebbfd37be6468,2024-11-13T22:59:57.207000,sent,kaspa:qpgmt2dn8wcqf0436n0kueap7yx82n7raurlj6aqjc3t3wm9y5ssqtg9e4lsm,71000000000,
219d057ab482f8b0b0416a312fb58abe51dab41857ed626f9d7ebbfd37be6468,2024-11-13T22:59:57.207000,sent,kaspa:qpgmt2dn8wcqf0436n0kueap7yx82n7raurlj6aqjc3t3wm9y5ssqtg9e4lsm,71000000000,
cf583e35230bb80a3cc599d247249b0783c529d45c35c070c6c76dd0383c586d,2024-11-13T22:58:09.711000,received,kaspa:qq3k4du6wf2g26j7ds6fqmgtgavgm3zy676wntp2e52nsuns2n4s6xkndmx0y,72406594416,
e88614d0f28205328b83e8e2c61f7993b94515293e8fa99a7c5d78497b85e64b,2024-09-17T11:50:31.123000,sent,kaspa:qq9zagcza4jt76eev9jl5z0nqhe0thcu7js8larktj4sle7lvgnw7sfcewlty,400000000000,
e88614d0f28205328b83e8e2c61f7993b94515293e8fa99a7c5d78497b85e64b,2024-09-17T11:50:31.123000,sent,kaspa:qq9zagcza4jt76eev9jl5z0nqhe0thcu7js8larktj4sle7lvgnw7sfcewlty,400000000000,
43add49f394de0eeb64ceb490f26d9c3bbfb5abf992c03890b38e32219f8e47d,2024-09-17T11:45:00.331000,received,kaspa:qyp4phkjggs2y6krtrp8dt7tp48f3rf2tsg9mzp7aljtemda0keefuscy426rqf,400000000000,
cbb7cb1ee2c17f2b907f28293a12ed568006107bb4da055f6260dad1b2aafb97,2024-09-16T23:52:44.654000,sent,kaspa:qq9zagcza4jt76eev9jl5z0nqhe0thcu7js8larktj4sle7lvgnw7sfcewlty,120000000000,
cbb7cb1ee2c17f2b907f28293a12ed568006107bb4da055f6260dad1b2aafb97,2024-09-16T23:52:44.654000,sent,kaspa:qq9zagcza4jt76eev9jl5z0nqhe0thcu7js8larktj4sle7lvgnw7sfcewlty,120000000000,
8105798f53a4ca904d26cfb7b1fccf2101b842e2f5b1218d9c96af84d79c1131,2024-09-16T23:50:11.822000,received,kaspa:qyp4phkjggs2y6krtrp8dt7tp48f3rf2tsg9mzp7aljtemda0keefuscy426rqf,120000000000,
6ceae26baae7edd93b0e61c48ae1b8c3c8fec94cd4609fa4270ba493676b4acd,2024-09-16T23:41:25.474000,sent,kaspa:qq9zagcza4jt76eev9jl5z0nqhe0thcu7js8larktj4sle7lvgnw7sfcewlty,10000000000,
6ceae26baae7edd93b0e61c48ae1b8c3c8fec94cd4609fa4270ba493676b4acd,2024-09-16T23:41:25.474000,sent,kaspa:qq9zagcza4jt76eev9jl5z0nqhe0thcu7js8larktj4sle7lvgnw7sfcewlty,10000000000,
f23ef23999ea6961dfe6a5733aeba750a08e78cf9b374aaf16cd79d72dcf1193,2024-09-16T23:30:44.636000,received,kaspa:qyp4phkjggs2y6krtrp8dt7tp48f3rf2tsg9mzp7aljtemda0keefuscy426rqf,10000000000,
b0ea01aff76ec19eb068010fe68c9c81558fbbe7b907a737bfdeb26d8b648956,2024-08-27T22:51:42.165000,sent,kaspa:qpm8rwdqp66jx47q0u7duq3psw3w4f2tjmkafd580m36es3tmly2g3mt0mdne,66000000000,
b0ea01aff76ec19eb068010fe68c9c81558fbbe7b907a737bfdeb26d8b648956,2024-08-27T22:51:42.165000,sent,kaspa:qpm8rwdqp66jx47q0u7duq3psw3w4f2tjmkafd580m36es3tmly2g3mt0mdne,66000000000,
b0ea01aff76ec19eb068010fe68c9c81558fbbe7b907a737bfdeb26d8b648956,2024-08-27T22:51:42.165000,sent,kaspa:qpm8rwdqp66jx47q0u7duq3psw3w4f2tjmkafd580m36es3tmly2g3mt0mdne,66000000000,
8b6bd447284f2c54c7a9ff9cfe897b24393489cc50e4e648e4c497db03f5abfb,2024-07-01T02:02:02.026000,sent,kaspa:prwc8h8ly3ftvf6zf8ta98mn5qndf0flzf9pg2hfnrra3dmptlgxzjend7qln,130100000,
a4262099094e9a134ca23d5d2c3cf195b2cde8e78037282084c5c308342bbc7f,2024-07-01T01:53:47.045000,received,kaspa:prwc8h8ly3ftvf6zf8ta98mn5qndf0flzf9pg2hfnrra3dmptlgxzjend7qln,20000000,
25387d29f9702e424b00166d6a6b2c07d16c35f27b279a3939edce90efc3c426,2024-07-01T01:53:21.641000,received,kaspa:prwc8h8ly3ftvf6zf8ta98mn5qndf0flzf9pg2hfnrra3dmptlgxzjend7qln,20000000,
a57da162af825999f99518addd68c3dd9d225060e5ad15247f824ec4a490f2b0,2024-07-01T01:52:57.703000,sent,kaspa:prwc8h8ly3ftvf6zf8ta98mn5qndf0flzf9pg2hfnrra3dmptlgxzjend7qln,150100000,
a57da162af825999f99518addd68c3dd9d225060e5ad15247f824ec4a490f2b0,2024-07-01T01:52:57.703000,sent,kaspa:prwc8h8ly3ftvf6zf8ta98mn5qndf0flzf9pg2hfnrra3dmptlgxzjend7qln,150100000,
1c4455822be163413d9ff07295de70688441cdaeb8babf4d987039883efc7f66,2024-07-01T01:52:40.605000,sent,kaspa:prwc8h8ly3ftvf6zf8ta98mn5qndf0flzf9pg2hfnrra3dmptlgxzjend7qln,130100000,
1c4455822be163413d9ff07295de70688441cdaeb8babf4d987039883efc7f66,2024-07-01T01:52:40.605000,sent,kaspa:prwc8h8ly3ftvf6zf8ta98mn5qndf0flzf9pg2hfnrra3dmptlgxzjend7qln,130100000,
1c4455822be163413d9ff07295de70688441cdaeb8babf4d987039883efc7f66,2024-07-01T01:52:40.605000,sent,kaspa:prwc8h8ly3ftvf6zf8ta98mn5qndf0flzf9pg2hfnrra3dmptlgxzjend7qln,130100000,
619a0fa2f2ef0296d76242c2de7627c48d18c66950723f6403656b866cc74b93,2024-07-01T01:51:49.140000,received,kaspa:prwc8h8ly3ftvf6zf8ta98mn5qndf0flzf9pg2hfnrra3dmptlgxzjend7qln,20000000,
bab65c698c117c22539692cada866c4f371b38209fa5494ab44f6544010c7e92,2024-07-01T01:51:37.339000,sent,kaspa:prwc8h8ly3ftvf6zf8ta98mn5qndf0flzf9pg2hfnrra3dmptlgxzjend7qln,150100000,
62d5dbcb74d63002c0f4040086f7dae8085c8b6f279ea9807a5f9d4554082625,2024-07-01T01:51:13.612000,received,kaspa:prwc8h8ly3ftvf6zf8ta98mn5qndf0flzf9pg2hfnrra3dmptlgxzjend7qln,20000000,
5f052e5e1f4e4910ac8bca8a758b6667a944f838b8aece2240cbc2505d0304ec,2024-07-01T01:50:02.643000,received,kaspa:prwc8h8ly3ftvf6zf8ta98mn5qndf0flzf9pg2hfnrra3dmptlgxzjend7qln,20000000,
d4eddfaf54850e0a5d22e3ee2cc45e7e84cde4d3f40fcc07300cab955e3bd88f,2024-07-01T01:49:02.832000,sent,kaspa:prwc8h8ly3ftvf6zf8ta98mn5qndf0flzf9pg2hfnrra3dmptlgxzjend7qln,130100000,
d4eddfaf54850e0a5d22e3ee2cc45e7e84cde4d3f40fcc07300cab955e3bd88f,2024-07-01T01:49:02.832000,sent,kaspa:prwc8h8ly3ftvf6zf8ta98mn5qndf0flzf9pg2hfnrra3dmptlgxzjend7qln,130100000,
8e3781bf14d80dd82452fb6c63afff979c774f044037227a026045669e67985a,2024-07-01T01:48:52.698000,sent,kaspa:prwc8h8ly3ftvf6zf8ta98mn5qndf0flzf9pg2hfnrra3dmptlgxzjend7qln,150100000,
8e3781bf14d80dd82452fb6c63afff979c774f044037227a026045669e67985a,2024-07-01T01:48:52.698000,sent,kaspa:prwc8h8ly3ftvf6zf8ta98mn5qndf0flzf9pg2hfnrra3dmptlgxzjend7qln,150100000,
7d4f13d198a85d0df4bdfe11406760325df593c8548296bd7510e6f3030b64a5,2024-07-01T01:48:44.578000,received,kaspa:prwc8h8ly3ftvf6zf8ta98mn5qndf0flzf9pg2hfnrra3dmptlgxzjend7qln,20000000,
8f727c9914337fc3f7fa09a91d4b21cef5aad556d78376075dde3e19b56346e2,2024-07-01T01:48:38.111000,sent,kaspa:prwc8h8ly3ftvf6zf8ta98mn5qndf0flzf9pg2hfnrra3dmptlgxzjend7qln,130100000,
8f727c9914337fc3f7fa09a91d4b21cef5aad556d78376075dde3e19b56346e2,2024-07-01T01:48:38.111000,sent,kaspa:prwc8h8ly3ftvf6zf8ta98mn5qndf0flzf9pg2hfnrra3dmptlgxzjend7qln,130100000,
ea2644849ba49c21f244f03c11499bc5f663f75ba7fd4a6a269b48357de41d16,2024-07-01T01:48:32.854000,received,kaspa:prwc8h8ly3ftvf6zf8ta98mn5qndf0flzf9pg2hfnrra3dmptlgxzjend7qln,20000000,
b92a4ed354d9371e57f6bd39b116c687cef188edced6f5ae9aba8d107515b6a1,2024-07-01T01:48:29.161000,sent,kaspa:prwc8h8ly3ftvf6zf8ta98mn5qndf0flzf9pg2hfnrra3dmptlgxzjend7qln,150100000,
b92a4ed354d9371e57f6bd39b116c687cef188edced6f5ae9aba8d107515b6a1,2024-07-01T01:48:29.161000,sent,kaspa:prwc8h8ly3ftvf6zf8ta98mn5qndf0flzf9pg2hfnrra3dmptlgxzjend7qln,150100000,
ffdbd4ac1bce06cae078f461e6848125d4d87ab63289efdbdff2fa07654fcf48,2024-07-01T01:48:07.724000,received,kaspa:prwc8h8ly3ftvf6zf8ta98mn5qndf0flzf9pg2hfnrra3dmptlgxzjend7qln,20000000,
8e2f2665bf0780db7f8a7c6799d857cc4fd4e35c123b765bb4aad2091ae2952b,2024-07-01T01:46:46.569000,sent,kaspa:prwc8h8ly3ftvf6zf8ta98mn5qndf0flzf9pg2hfnrra3dmptlgxzjend7qln,130100000,
6f048807e0afda5565dc9cd6fc3ee657d70a8ea37411e091349bf789fae528fe,2024-07-01T01:44:31.952000,received,kaspa:prwc8h8ly3ftvf6zf8ta98mn5qndf0flzf9pg2hfnrra3dmptlgxzjend7qln,20000000,
777f3a2b13a02963efef6d001856b14e886f4841b2d50a89b8ae0aab7f9e5fde,2024-07-01T01:44:26.423000,sent,kaspa:prwc8h8ly3ftvf6zf8ta98mn5qndf0flzf9pg2hfnrra3dmptlgxzjend7qln,150100000,
777f3a2b13a02963efef6d001856b14e886f4841b2d50a89b8ae0aab7f9e5fde,2024-07-01T01:44:26.423000,sent,kaspa:prwc8h8ly3ftvf6zf8ta98mn5qndf0flzf9pg2hfnrra3dmptlgxzjend7qln,150100000,
777f3a2b13a02963efef6d001856b14e886f4841b2d50a89b8ae0aab7f9e5fde,2024-07-01T01:44:26.423000,sent,kaspa:prwc8h8ly3ftvf6zf8ta98mn5qndf0flzf9pg2hfnrra3dmptlgxzjend7qln,150100000,
7513889de3c0bbfe20619ce73f379a27dba1631033681d838a4d4e86516a4dfe,2024-07-01T01:41:50.570000,sent,kaspa:prwc8h8ly3ftvf6zf8ta98mn5qndf0flzf9pg2hfnrra3dmptlgxzjend7qln,150100000,
bb16d3b230f4fd06449c27f3fb7e7bbb2b630771842cf22f2d638a651c9b6ce5,2024-07-01T01:41:03.748000,received,kaspa:prwc8h8ly3ftvf6zf8ta98mn5qndf0flzf9pg2hfnrra3dmptlgxzjend7qln,20000000,
5ea9557512efc4daff5a8c0c3c6e8a5f349ffcdef7809675c2ca287a25d8d9ab,2024-07-01T01:40:59.965000,received,kaspa:prwc8h8ly3ftvf6zf8ta98mn5qndf0flzf9pg2hfnrra3dmptlgxzjend7qln,20000000,
dfc0738fe8a304c66a38344f6b98347d8de2e449f3ed54635809896865d5d2f4,2024-07-01T01:40:56.210000,sent,kaspa:prwc8h8ly3ftvf6zf8ta98mn5qndf0flzf9pg2hfnrra3dmptlgxzjend7qln,240000000,
dfc0738fe8a304c66a38344f6b98347d8de2e449f3ed54635809896865d5d2f4,2024-07-01T01:40:56.210000,sent,kaspa:prwc8h8ly3ftvf6zf8ta98mn5qndf0flzf9pg2hfnrra3dmptlgxzjend7qln,240000000,
17a5061a028fa8fdf3c385c0c0b187d37509b2118943257eac4d413adc0e030f,2024-07-01T01:40:51.224000,sent,kaspa:prwc8h8ly3ftvf6zf8ta98mn5qndf0flzf9pg2hfnrra3dmptlgxzjend7qln,130100000,
50b78c265030d9c15f56d39b7817fd953a1ee555f977dab21708f90e7646d3a2,2024-07-01T01:33:35.221000,received,kaspa:prwc8h8ly3ftvf6zf8ta98mn5qndf0flzf9pg2hfnrra3dmptlgxzjend7qln,20000000,
8297ab6c30f56e9c98097727359ac16bf64523b490673af8ccfa4b3fa708c9d1,2024-07-01T01:33:18.869000,sent,kaspa:prwc8h8ly3ftvf6zf8ta98mn5qndf0flzf9pg2hfnrra3dmptlgxzjend7qln,150100000,
8297ab6c30f56e9c98097727359ac16bf64523b490673af8ccfa4b3fa708c9d1,2024-07-01T01:33:18.869000,sent,kaspa:prwc8h8ly3ftvf6zf8ta98mn5qndf0flzf9pg2hfnrra3dmptlgxzjend7qln,150100000,
07ab861a4295701b08434d0b7e8e286ea6c9441a96d33c3ff5ecd1334bada27c,2024-06-30T03:20:40.452000,received,kaspa:qpq94ntnvy8p9q6wrdwtn37xtspgashrydc0kuu8ctpyxulmh0wlxh2807zdh,65500000000,
e0cf38d138da3e757222d0a783cfb175ee086d6370fa1ebb5177f36ba0efa853,2024-06-30T03:18:39.624000,received,kaspa:qq3k4du6wf2g26j7ds6fqmgtgavgm3zy676wntp2e52nsuns2n4s6xkndmx0y,3000000000,
