tx_id,timestamp,direction,peer_address,amount_sompi,cex_label
7a5d2cb8428cb7cfd7bac1ed9c7fbe1c67f3fc88d289e5f89fc5bc6f266163f3,2023-12-16T04:34:16.777000,sent,kaspa:qzslgwenzu78t6tldlng383g7ruu4enaljmnkgaulyrscjp7ldt26x8gfxck5,171940000,
7a5d2cb8428cb7cfd7bac1ed9c7fbe1c67f3fc88d289e5f89fc5bc6f266163f3,2023-12-16T04:34:16.777000,sent,kaspa:qzslgwenzu78t6tldlng383g7ruu4enaljmnkgaulyrscjp7ldt26x8gfxck5,171940000,
dedf8c1ba19a08adf36a8968a6596c6ba414475f05edbde39c0366ce3f5a91f3,2023-12-12T19:17:27.497000,received,kaspa:qypswxtcrv4ssyjaswy5w9387vq73mkuyq85tl34cee6qn5uexqy0csgnafnjx7,171000000,
30d559b01b5409e12723008b70a7c2b3c2a337f5bc28b0c36db60ca7782ffb1e,2023-11-29T08:43:59.481000,sent,kaspa:qyprmf322zl5htjrmp03jtmnratzm6me8uwtacs688n0z29ravmq4cc9j2v9q4f,18000000,
370a8d8a0259e24dab4db7ed01fc15fd087c6fa62b98b356f7246628baa9020a,2023-11-28T21:10:22.444000,received,kaspa:qr4svkt5vtyavdaqd9a5ug3hu7lsz56zqsrjvmm94rm075p6cqjd7a8zfg3g2,19000000,
