tx_id,timestamp,direction,peer_address,amount_sompi,cex_label
965f66b7ba15139346269f8a68487e69a34864190c34a2dd6c6d22d2ee2689c8,2023-12-16T05:20:16.698000,sent,kaspa:qqql6ng9zt4s46k9d6jeen6fyq498jj6mqampkfsmvrxhnwp6wek65qnjv7a0,683960000,
965f66b7ba15139346269f8a68487e69a34864190c34a2dd6c6d22d2ee2689c8,2023-12-16T05:20:16.698000,sent,kaspa:qqql6ng9zt4s46k9d6jeen6fyq498jj6mqampkfsmvrxhnwp6wek65qnjv7a0,683960000,
965f66b7ba15139346269f8a68487e69a34864190c34a2dd6c6d22d2ee2689c8,2023-12-16T05:20:16.698000,sent,kaspa:qqql6ng9zt4s46k9d6jeen6fyq498jj6mqampkfsmvrxhnwp6wek65qnjv7a0,683960000,
965f66b7ba15139346269f8a68487e69a34864190c34a2dd6c6d22d2ee2689c8,2023-12-16T05:20:16.698000,sent,kaspa:qqql6ng9zt4s46k9d6jeen6fyq498jj6mqampkfsmvrxhnwp6wek65qnjv7a0,683960000,
9f4ab121b403938ccd8a8036104f67a8985a49beb13efbaebc944aefb300af97,2023-12-16T04:28:39.048000,received,kaspa:qyp8vk4us67xk78zu9yc3x4ptl9xff3vg820vvqzx7gec6nk62jl3pgfp3h7hy4,171000000,
dcfdcebe92d33512afa0b80c9b3d312eedc3ef9147cd58a6fa463ffdee3ab5f2,2023-12-16T03:31:39.158000,received,kaspa:qyp8vk4us67xk78zu9yc3x4ptl9xff3vg820vvqzx7gec6nk62jl3pgfp3h7hy4,171000000,
1b424b65e264f5a0a09919e9799edc998ba2010e50d1974f183176038922067b,2023-12-16T02:35:13.473000,received,kaspa:qyp8vk4us67xk78zu9yc3x4ptl9xff3vg820vvqzx7gec6nk62jl3pgfp3h7hy4,171000000,
28cca7a153b6df2f4a8e9ba2a8b115e459c307476c60a047e7c72c70cbb08365,2023-12-16T01:59:55.377000,received,kaspa:qyp8vk4us67xk78zu9yc3x4ptl9xff3vg820vvqzx7gec6nk62jl3pgfp3h7hy4,171000000,
8078c2e720b2097c68a4f06bd3338b38c14891b4abd7e6a2bd2f928a1f51b5bf,2023-12-16T01:22:45.075000,sent,kaspa:qqql6ng9zt4s46k9d6jeen6fyq498jj6mqampkfsmvrxhnwp6wek65qnjv7a0,2564850000,
8078c2e720b2097c68a4f06bd3338b38c14891b4abd7e6a2bd2f928a1f51b5bf,2023-12-16T01:22:45.075000,sent,kaspa:qqql6ng9zt4s46k9d6jeen6fyq498jj6mqampkfsmvrxhnwp6wek65qnjv7a0,2564850000,
8078c2e720b2097c68a4f06bd3338b38c14891b4abd7e6a2bd2f928a1f51b5bf,2023-12-16T01:22:45.075000,sent,kaspa:qqql6ng9zt4s46k9d6jeen6fyq498jj6mqampkfsmvrxhnwp6wek65qnjv7a0,2564850000,
8078c2e720b2097c68a4f06bd3338b38c14891b4abd7e6a2bd2f928a1f51b5bf,2023-12-16T01:22:45.075000,sent,kaspa:qqql6ng9zt4s46k9d6jeen6fyq498jj6mqampkfsmvrxhnwp6wek65qnjv7a0,2564850000,
8078c2e720b2097c68a4f06bd3338b38c14891b4abd7e6a2bd2f928a1f51b5bf,2023-12-16T01:22:45.075000,sent,kaspa:qqql6ng9zt4s46k9d6jeen6fyq498jj6mqampkfsmvrxhnwp6wek65qnjv7a0,2564850000,
8078c2e720b2097c68a4f06bd3338b38c14891b4abd7e6a2bd2f928a1f51b5bf,2023-12-16T01:22:45.075000,sent,kaspa:qqql6ng9zt4s46k9d6jeen6fyq498jj6mqampkfsmvrxhnwp6wek65qnjv7a0,2564850000,
8078c2e720b2097c68a4f06bd3338b38c14891b4abd7e6a2bd2f928a1f51b5bf,2023-12-16T01:22:45.075000,sent,kaspa:qqql6ng9zt4s46k9d6jeen6fyq498jj6mqampkfsmvrxhnwp6wek65qnjv7a0,2564850000,
8078c2e720b2097c68a4f06bd3338b38c14891b4abd7e6a2bd2f928a1f51b5bf,2023-12-16T01:22:45.075000,sent,kaspa:qqql6ng9zt4s46k9d6jeen6fyq498jj6mqampkfsmvrxhnwp6wek65qnjv7a0,2564850000,
8078c2e720b2097c68a4f06bd3338b38c14891b4abd7e6a2bd2f928a1f51b5bf,2023-12-16T01:22:45.075000,sent,kaspa:qqql6ng9zt4s46k9d6jeen6fyq498jj6mqampkfsmvrxhnwp6wek65qnjv7a0,2564850000,
8078c2e720b2097c68a4f06bd3338b38c14891b4abd7e6a2bd2f928a1f51b5bf,2023-12-16T01:22:45.075000,sent,kaspa:qqql6ng9zt4s46k9d6jeen6fyq498jj6mqampkfsmvrxhnwp6wek65qnjv7a0,2564850000,
8078c2e720b2097c68a4f06bd3338b38c14891b4abd7e6a2bd2f928a1f51b5bf,2023-12-16T01:22:45.075000,sent,kaspa:qqql6ng9zt4s46k9d6jeen6fyq498jj6mqampkfsmvrxhnwp6wek65qnjv7a0,2564850000,
8078c2e720b2097c68a4f06bd3338b38c14891b4abd7e6a2bd2f928a1f51b5bf,2023-12-16T01:22:45.075000,sent,kaspa:qqql6ng9zt4s46k9d6jeen6fyq498jj6mqampkfsmvrxhnwp6wek65qnjv7a0,2564850000,
8078c2e720b2097c68a4f06bd3338b38c14891b4abd7e6a2bd2f928a1f51b5bf,2023-12-16T01:22:45.075000,sent,kaspa:qqql6ng9zt4s46k9d6jeen6fyq498jj6mqampkfsmvrxhnwp6wek65qnjv7a0,2564850000,
8078c2e720b2097c68a4f06bd3338b38c14891b4abd7e6a2bd2f928a1f51b5bf,2023-12-16T01:22:45.075000,sent,kaspa:qqql6ng9zt4s46k9d6jeen6fyq498jj6mqampkfsmvrxhnwp6wek65qnjv7a0,2564850000,
8078c2e720b2097c68a4f06bd3338b38c14891b4abd7e6a2bd2f928a1f51b5bf,2023-12-16T01:22:45.075000,sent,kaspa:qqql6ng9zt4s46k9d6jeen6fyq498jj6mqampkfsmvrxhnwp6wek65qnjv7a0,2564850000,
0c9fa51137f1f23caf4a3dc5f69cd0b7abbe32b0a33cd235a81f31bcaf050fe7,2023-12-16T00:46:11.811000,received,kaspa:qyp8vk4us67xk78zu9yc3x4ptl9xff3vg820vvqzx7gec6nk62jl3pgfp3h7hy4,171000000,
60961db23e6e4936b981d5f1c239023c8b6138fb8dce801c89e058aeedeae330,2023-12-16T00:25:23.508000,received,kaspa:qyp8vk4us67xk78zu9yc3x4ptl9xff3vg820vvqzx7gec6nk62jl3pgfp3h7hy4,171000000,
e781d8f609fd2a611c9e5a8b2d436c19fe2094cca172ec1c4ad13894b49fb04b,2023-12-15T21:26:41.747000,received,kaspa:qyp8vk4us67xk78zu9yc3x4ptl9xff3vg820vvqzx7gec6nk62jl3pgfp3h7hy4,171000000,
1665eeb04ade4231a5cd450fd06bb72da8133d744a5afebfe5164ae109fce0de,2023-12-15T21:13:08.513000,received,kaspa:qyp8vk4us67xk78zu9yc3x4ptl9xff3vg820vvqzx7gec6nk62jl3pgfp3h7hy4,171000000,
a186b4d7538173cc448f9e4955964accc38e6bc521ca51210166276386f80082,2023-12-15T20:27:31.199000,received,kaspa:qyp8vk4us67xk78zu9yc3x4ptl9xff3vg820vvqzx7gec6nk62jl3pgfp3h7hy4,171000000,
51af87611d2f60f85d7d59880c9160dddeafc0041142d2488e23d9b6fa6221ef,2023-12-15T18:47:58,received,kaspa:qyp8vk4us67xk78zu9yc3x4ptl9xff3vg820vvqzx7gec6nk62jl3pgfp3h7hy4,171000000,
a7a1fdb5292c7f827286e79a1c9a58780319468ca2a1b4d712b7fcea314382ca,2023-12-15T17:27:45.535000,received,kaspa:qyp8vk4us67xk78zu9yc3x4ptl9xff3vg820vvqzx7gec6nk62jl3pgfp3h7hy4,171000000,
263b4778bebda4b85809808c1c72fd56b91fb8be8336688d346db21da76cf12d,2023-12-15T16:55:22.394000,received,kaspa:qyp8vk4us67xk78zu9yc3x4ptl9xff3vg820vvqzx7gec6nk62jl3pgfp3h7hy4,171000000,
2667702960b0562b1d43f2cd9458e86a2d9f7f45f81abcac4013e18765bc21bb,2023-12-15T16:44:38.447000,received,kaspa:qyp8vk4us67xk78zu9yc3x4ptl9xff3vg820vvqzx7gec6nk62jl3pgfp3h7hy4,171000000,
a2d586166429beed249639060fdec030dfdb8a7419509bfae91d7d42638cb984,2023-12-15T15:43:49.843000,received,kaspa:qyp8vk4us67xk78zu9yc3x4ptl9xff3vg820vvqzx7gec6nk62jl3pgfp3h7hy4,171000000,
df693ad1c5e3a2d0531309051b8a9b01836086ee9b2379c8053ceb73de95a303,2023-12-15T14:28:52.217000,received,kaspa:qyp8vk4us67xk78zu9yc3x4ptl9xff3vg820vvqzx7gec6nk62jl3pgfp3h7hy4,171000000,
3fdc91131da798193c00a9ace2b1f53599b6fa835c312df4352dde665f7cfe8d,2023-12-15T14:15:43.855000,received,kaspa:qyp8vk4us67xk78zu9yc3x4ptl9xff3vg820vvqzx7gec6nk62jl3pgfp3h7hy4,171000000,
1a672797ee69735be2025252299202ebe6efe7df688a034618ddb36b3f871ef7,2023-12-15T14:02:38.084000,received,kaspa:qyp8vk4us67xk78zu9yc3x4ptl9xff3vg820vvqzx7gec6nk62jl3pgfp3h7hy4,171000000,
977a963c979678cbd5f0e85c774386b1f2dc46133f91de84bce7ca519981fcfa,2023-12-15T12:45:32.019000,received,kaspa:qyp8vk4us67xk78zu9yc3x4ptl9xff3vg820vvqzx7gec6nk62jl3pgfp3h7hy4,171000000,
a39acd445caf31c3bbec82dfb3c164d22d4195f8b98dcdfb8ff5cbe4af1bc663,2023-12-15T10:42:11.999000,received,kaspa:qyp8vk4us67xk78zu9yc3x4ptl9xff3vg820vvqzx7gec6nk62jl3pgfp3h7hy4,171000000,
120f6ada8dd0857a56e7048aa9474de1853e799afba00b9e416a7f4e829f1963,2023-12-15T09:53:48.552000,sent,kaspa:qrtthu48p0xm24d2pdhee2zmuyphrljfz33da5gdpgk5v7xarcar5el4vg690,1538910000,
120f6ada8dd0857a56e7048aa9474de1853e799afba00b9e416a7f4e829f1963,2023-12-15T09:53:48.552000,sent,kaspa:qrtthu48p0xm24d2pdhee2zmuyphrljfz33da5gdpgk5v7xarcar5el4vg690,1538910000,
120f6ada8dd0857a56e7048aa9474de1853e799afba00b9e416a7f4e829f1963,2023-12-15T09:53:48.552000,sent,kaspa:qrtthu48p0xm24d2pdhee2zmuyphrljfz33da5gdpgk5v7xarcar5el4vg690,1538910000,
120f6ada8dd0857a56e7048aa9474de1853e799afba00b9e416a7f4e829f1963,2023-12-15T09:53:48.552000,sent,kaspa:qrtthu48p0xm24d2pdhee2zmuyphrljfz33da5gdpgk5v7xarcar5el4vg690,1538910000,
120f6ada8dd0857a56e7048aa9474de1853e799afba00b9e416a7f4e829f1963,2023-12-15T09:53:48.552000,sent,kaspa:qrtthu48p0xm24d2pdhee2zmuyphrljfz33da5gdpgk5v7xarcar5el4vg690,1538910000,
120f6ada8dd0857a56e7048aa9474de1853e799afba00b9e416a7f4e829f1963,2023-12-15T09:53:48.552000,sent,kaspa:qrtthu48p0xm24d2pdhee2zmuyphrljfz33da5gdpgk5v7xarcar5el4vg690,1538910000,
120f6ada8dd0857a56e7048aa9474de1853e799afba00b9e416a7f4e829f1963,2023-12-15T09:53:48.552000,sent,kaspa:qrtthu48p0xm24d2pdhee2zmuyphrljfz33da5gdpgk5v7xarcar5el4vg690,1538910000,
120f6ada8dd0857a56e7048aa9474de1853e799afba00b9e416a7f4e829f1963,2023-12-15T09:53:48.552000,sent,kaspa:qrtthu48p0xm24d2pdhee2zmuyphrljfz33da5gdpgk5v7xarcar5el4vg690,1538910000,
120f6ada8dd0857a56e7048aa9474de1853e799afba00b9e416a7f4e829f1963,2023-12-15T09:53:48.552000,sent,kaspa:qrtthu48p0xm24d2pdhee2zmuyphrljfz33da5gdpgk5v7xarcar5el4vg690,1538910000,
20e275adec085c1ebbdb742b4d517254b62f61593e8c7298d9e48e9bf9946023,2023-12-15T08:47:39.178000,received,kaspa:qyp8vk4us67xk78zu9yc3x4ptl9xff3vg820vvqzx7gec6nk62jl3pgfp3h7hy4,171000000,
d13365fdf61d2cc0afd7874b6e324d969426815c0eb1746643a1ef993b632532,2023-12-15T07:35:06.111000,received,kaspa:qyp8vk4us67xk78zu9yc3x4ptl9xff3vg820vvqzx7gec6nk62jl3pgfp3h7hy4,171000000,
42e7f38780ba213fa2bf75327eb25f5235efe518e8b0be03b0289ee05fa64296,2023-12-15T07:18:25.050000,received,kaspa:qyp8vk4us67xk78zu9yc3x4ptl9xff3vg820vvqzx7gec6nk62jl3pgfp3h7hy4,171000000,
3826b1a504f302ced7a7819bf6ba2a32f74984a52ee64d2bc97409fe57477fad,2023-12-15T06:37:37.003000,received,kaspa:qyp8vk4us67xk78zu9yc3x4ptl9xff3vg820vvqzx7gec6nk62jl3pgfp3h7hy4,171000000,
958f6de84c1a860cb9034505ca1a90d7cd2b577af6e47154c6b9791a2d782665,2023-12-15T04:46:55.690000,received,kaspa:qyp8vk4us67xk78zu9yc3x4ptl9xff3vg820vvqzx7gec6nk62jl3pgfp3h7hy4,171000000,
eedec717bfb6b75fdd32d176a7d1d1f696fbe87995956fe7ffe0533bf5352bdb,2023-12-15T04:09:45.311000,received,kaspa:qyp8vk4us67xk78zu9yc3x4ptl9xff3vg820vvqzx7gec6nk62jl3pgfp3h7hy4,171000000,
2654f5256319142c4558c30a10ffbd2d1531d44f0c81b4e39a994efaa5e16b7e,2023-12-15T03:36:44.544000,received,kaspa:qyp8vk4us67xk78zu9yc3x4ptl9xff3vg820vvqzx7gec6nk62jl3pgfp3h7hy4,171000000,
9037c470f0928356d21aa4fadc903365fc2d4ed239c34efe54730c35476ee6df,2023-12-15T02:18:16.460000,received,kaspa:qyp8vk4us67xk78zu9yc3x4ptl9xff3vg820vvqzx7gec6nk62jl3pgfp3h7hy4,171000000,
4a29b918049cb17e74a6535e37989240e671766206de4709ed4b329c3c628a55,2023-12-15T02:09:45.171000,received,kaspa:qyp8vk4us67xk78zu9yc3x4ptl9xff3vg820vvqzx7gec6nk62jl3pgfp3h7hy4,171000000,
807b64791c69ba6f9f31f89ef446b9773325ce75edf29861d22e5eb4648f4c5e,2023-12-15T00:52:06.536000,sent,kaspa:qrtthu48p0xm24d2pdhee2zmuyphrljfz33da5gdpgk5v7xarcar5el4vg690,1709900000,
807b64791c69ba6f9f31f89ef446b9773325ce75edf29861d22e5eb4648f4c5e,2023-12-15T00:52:06.536000,sent,kaspa:qrtthu48p0xm24d2pdhee2zmuyphrljfz33da5gdpgk5v7xarcar5el4vg690,1709900000,
807b64791c69ba6f9f31f89ef446b9773325ce75edf29861d22e5eb4648f4c5e,2023-12-15T00:52:06.536000,sent,kaspa:qrtthu48p0xm24d2pdhee2zmuyphrljfz33da5gdpgk5v7xarcar5el4vg690,1709900000,
807b64791c69ba6f9f31f89ef446b9773325ce75edf29861d22e5eb4648f4c5e,2023-12-15T00:52:06.536000,sent,kaspa:qrtthu48p0xm24d2pdhee2zmuyphrljfz33da5gdpgk5v7xarcar5el4vg690,1709900000,
807b64791c69ba6f9f31f89ef446b9773325ce75edf29861d22e5eb4648f4c5e,2023-12-15T00:52:06.536000,sent,kaspa:qrtthu48p0xm24d2pdhee2zmuyphrljfz33da5gdpgk5v7xarcar5el4vg690,1709900000,
807b64791c69ba6f9f31f89ef446b9773325ce75edf29861d22e5eb4648f4c5e,2023-12-15T00:52:06.536000,sent,kaspa:qrtthu48p0xm24d2pdhee2zmuyphrljfz33da5gdpgk5v7xarcar5el4vg690,1709900000,
807b64791c69ba6f9f31f89ef446b9773325ce75edf29861d22e5eb4648f4c5e,2023-12-15T00:52:06.536000,sent,kaspa:qrtthu48p0xm24d2pdhee2zmuyphrljfz33da5gdpgk5v7xarcar5el4vg690,1709900000,
807b64791c69ba6f9f31f89ef446b9773325ce75edf29861d22e5eb4648f4c5e,2023-12-15T00:52:06.536000,sent,kaspa:qrtthu48p0xm24d2pdhee2zmuyphrljfz33da5gdpgk5v7xarcar5el4vg690,1709900000,
807b64791c69ba6f9f31f89ef446b9773325ce75edf29861d22e5eb4648f4c5e,2023-12-15T00:52:06.536000,sent,kaspa:qrtthu48p0xm24d2pdhee2zmuyphrljfz33da5gdpgk5v7xarcar5el4vg690,1709900000,
807b64791c69ba6f9f31f89ef446b9773325ce75edf29861d22e5eb4648f4c5e,2023-12-15T00:52:06.536000,sent,kaspa:qrtthu48p0xm24d2pdhee2zmuyphrljfz33da5gdpgk5v7xarcar5el4vg690,1709900000,
3f6439210ef497a317798ad6ff9f4a5e716aebd410f52013b23a167f451b1214,2023-12-14T23:27:35.059000,received,kaspa:qyp8vk4us67xk78zu9yc3x4ptl9xff3vg820vvqzx7gec6nk62jl3pgfp3h7hy4,171000000,
36feacc72524520433a5aa6bf442cac7c1b2f6d0bdb304d7e136c71e2f56c073,2023-12-14T22:46:29.715000,received,kaspa:qyp8vk4us67xk78zu9yc3x4ptl9xff3vg820vvqzx7gec6nk62jl3pgfp3h7hy4,171000000,
543f50d2ee92844d86d02e45efe7e874c88f2fb2b38402ffba0d47e8415d987c,2023-12-14T21:34:44.973000,received,kaspa:qyp8vk4us67xk78zu9yc3x4ptl9xff3vg820vvqzx7gec6nk62jl3pgfp3h7hy4,171000000,
cc83f04acb15c6e7b01fbe9783297abaa488777d1c269cdd1ca71449e485a2b2,2023-12-14T19:03:00.581000,received,kaspa:qyp8vk4us67xk78zu9yc3x4ptl9xff3vg820vvqzx7gec6nk62jl3pgfp3h7hy4,171000000,
6a87af84831366c3ffc169f1652aa8c41b676a879c5ef6cefa176b579d698762,2023-12-14T18:31:40.044000,received,kaspa:qyp8vk4us67xk78zu9yc3x4ptl9xff3vg820vvqzx7gec6nk62jl3pgfp3h7hy4,171000000,
0aff3a8ec0900154cc1ac7aa32d2b8c7f636ddc3544f57fd275f9cf0dc120855,2023-12-14T17:36:07.603000,received,kaspa:qyp8vk4us67xk78zu9yc3x4ptl9xff3vg820vvqzx7gec6nk62jl3pgfp3h7hy4,171000000,
b817e02d6486d0be7b1e3d38ed43e48026b34fc20d1968b55403606c66158fcc,2023-12-14T17:18:00.796000,received,kaspa:qyp8vk4us67xk78zu9yc3x4ptl9xff3vg820vvqzx7gec6nk62jl3pgfp3h7hy4,171000000,
5ee66bc1b5ef18d80137ea486147d4b6a0d0e5bd4ac85a52caf744014caa35de,2023-12-14T16:29:47.670000,received,kaspa:qyp8vk4us67xk78zu9yc3x4ptl9xff3vg820vvqzx7gec6nk62jl3pgfp3h7hy4,171000000,
8f2225144b19b198a01d64b89e36a1b462654d12a15ac7f91d6ae0e54234835b,2023-12-14T15:30:26.207000,received,kaspa:qyp8vk4us67xk78zu9yc3x4ptl9xff3vg820vvqzx7gec6nk62jl3pgfp3h7hy4,171000000,
ea54e75d4d0f032b4cb53762bff2cf6dda0d87b20259979fbd4cfd206093c4ac,2023-12-14T14:58:15.735000,received,kaspa:qyp8vk4us67xk78zu9yc3x4ptl9xff3vg820vvqzx7gec6nk62jl3pgfp3h7hy4,171000000,
b546080ba1d30571285d481c503c5da070e5c0caab613f1a1cfe970bae988a0e,2023-12-14T14:52:39.933000,sent,kaspa:qrtthu48p0xm24d2pdhee2zmuyphrljfz33da5gdpgk5v7xarcar5el4vg690,512970000,
b546080ba1d30571285d481c503c5da070e5c0caab613f1a1cfe970bae988a0e,2023-12-14T14:52:39.933000,sent,kaspa:qrtthu48p0xm24d2pdhee2zmuyphrljfz33da5gdpgk5v7xarcar5el4vg690,512970000,
b546080ba1d30571285d481c503c5da070e5c0caab613f1a1cfe970bae988a0e,2023-12-14T14:52:39.933000,sent,kaspa:qrtthu48p0xm24d2pdhee2zmuyphrljfz33da5gdpgk5v7xarcar5el4vg690,512970000,
f8b39005ce369ec51cec165c08deb6f420236c03e87f73afba7f6017fe600e17,2023-12-14T14:24:40.610000,received,kaspa:qyp8vk4us67xk78zu9yc3x4ptl9xff3vg820vvqzx7gec6nk62jl3pgfp3h7hy4,171000000,
f75770b203208cc3f9950a6493074a8e5fb0623470c74619c83594ec92ab8768,2023-12-14T13:24:50.736000,received,kaspa:qyp8vk4us67xk78zu9yc3x4ptl9xff3vg820vvqzx7gec6nk62jl3pgfp3h7hy4,171000000,
1a310a7edef1d98f6eb5f64685935fe0711c8ab8eea28d9e0dd9ce5fadba74df,2023-12-14T11:05:23.369000,received,kaspa:qyp8vk4us67xk78zu9yc3x4ptl9xff3vg820vvqzx7gec6nk62jl3pgfp3h7hy4,171000000,
e5b6f30584f7df069a9be30a275304ed45678819fb1f27ebb69049c50530b90b,2023-12-14T08:15:53.051000,sent,kaspa:qrtthu48p0xm24d2pdhee2zmuyphrljfz33da5gdpgk5v7xarcar5el4vg690,1025940000,
e5b6f30584f7df069a9be30a275304ed45678819fb1f27ebb69049c50530b90b,2023-12-14T08:15:53.051000,sent,kaspa:qrtthu48p0xm24d2pdhee2zmuyphrljfz33da5gdpgk5v7xarcar5el4vg690,1025940000,
e5b6f30584f7df069a9be30a275304ed45678819fb1f27ebb69049c50530b90b,2023-12-14T08:15:53.051000,sent,kaspa:qrtthu48p0xm24d2pdhee2zmuyphrljfz33da5gdpgk5v7xarcar5el4vg690,1025940000,
e5b6f30584f7df069a9be30a275304ed45678819fb1f27ebb69049c50530b90b,2023-12-14T08:15:53.051000,sent,kaspa:qrtthu48p0xm24d2pdhee2zmuyphrljfz33da5gdpgk5v7xarcar5el4vg690,1025940000,
e5b6f30584f7df069a9be30a275304ed45678819fb1f27ebb69049c50530b90b,2023-12-14T08:15:53.051000,sent,kaspa:qrtthu48p0xm24d2pdhee2zmuyphrljfz33da5gdpgk5v7xarcar5el4vg690,1025940000,
e5b6f30584f7df069a9be30a275304ed45678819fb1f27ebb69049c50530b90b,2023-12-14T08:15:53.051000,sent,kaspa:qrtthu48p0xm24d2pdhee2zmuyphrljfz33da5gdpgk5v7xarcar5el4vg690,1025940000,
3baf42d9b1925beace612d1aae1434e54f38a3776af89387e2aeec7b202d7e69,2023-12-14T07:42:50.581000,received,kaspa:qyp8vk4us67xk78zu9yc3x4ptl9xff3vg820vvqzx7gec6nk62jl3pgfp3h7hy4,171000000,
c6cd19ee3865935961e17f8246e1a3e3c50c5654653522a0af375d7b18e402e5,2023-12-14T07:03:59.960000,received,kaspa:qyp8vk4us67xk78zu9yc3x4ptl9xff3vg820vvqzx7gec6nk62jl3pgfp3h7hy4,171000000,
c42d8154e278b3e871dd8df6528ce13e1c63dad4a8a391413f40fe69c134c6e7,2023-12-14T06:10:21.792000,received,kaspa:qyp8vk4us67xk78zu9yc3x4ptl9xff3vg820vvqzx7gec6nk62jl3pgfp3h7hy4,171000000,
5cbf48cc05a88094c22ade3313dcc58aca21a68cd4a11e6a53a9b5e75153c6ee,2023-12-14T05:47:00.888000,received,kaspa:qyp8vk4us67xk78zu9yc3x4ptl9xff3vg820vvqzx7gec6nk62jl3pgfp3h7hy4,171000000,
77a26d366762ed285992b5b0a283d4a0399f88391ee9f97a11e642db0fa6dd89,2023-12-14T05:16:37.870000,received,kaspa:qyp8vk4us67xk78zu9yc3x4ptl9xff3vg820vvqzx7gec6nk62jl3pgfp3h7hy4,171000000,
3287b063a79add9a04ebed64ab3d8a0d157a1f394800ad05c09d49aaee80e81a,2023-12-14T04:18:34.520000,received,kaspa:qyp8vk4us67xk78zu9yc3x4ptl9xff3vg820vvqzx7gec6nk62jl3pgfp3h7hy4,171000000,
2573ba7df296ce70625adf37e913b5f3bd8e2fc2e7f8230139d032a69f066f97,2023-12-14T03:48:03.069000,sent,kaspa:qrtthu48p0xm24d2pdhee2zmuyphrljfz33da5gdpgk5v7xarcar5el4vg690,854950000,
2573ba7df296ce70625adf37e913b5f3bd8e2fc2e7f8230139d032a69f066f97,2023-12-14T03:48:03.069000,sent,kaspa:qrtthu48p0xm24d2pdhee2zmuyphrljfz33da5gdpgk5v7xarcar5el4vg690,854950000,
2573ba7df296ce70625adf37e913b5f3bd8e2fc2e7f8230139d032a69f066f97,2023-12-14T03:48:03.069000,sent,kaspa:qrtthu48p0xm24d2pdhee2zmuyphrljfz33da5gdpgk5v7xarcar5el4vg690,854950000,
2573ba7df296ce70625adf37e913b5f3bd8e2fc2e7f8230139d032a69f066f97,2023-12-14T03:48:03.069000,sent,kaspa:qrtthu48p0xm24d2pdhee2zmuyphrljfz33da5gdpgk5v7xarcar5el4vg690,854950000,
2573ba7df296ce70625adf37e913b5f3bd8e2fc2e7f8230139d032a69f066f97,2023-12-14T03:48:03.069000,sent,kaspa:qrtthu48p0xm24d2pdhee2zmuyphrljfz33da5gdpgk5v7xarcar5el4vg690,854950000,
7dff9652c3a7d7b0164ca2a1dc081807b655d483e51af0638741c9c25f2b803a,2023-12-14T03:15:49.943000,received,kaspa:qyp8vk4us67xk78zu9yc3x4ptl9xff3vg820vvqzx7gec6nk62jl3pgfp3h7hy4,171000000,
5a1a1ac8efbe8259ff8bd6c94d99c300c5ecec8fc0f09c524da2b025d84f4585,2023-12-14T02:03:21.211000,received,kaspa:qyp8vk4us67xk78zu9yc3x4ptl9xff3vg820vvqzx7gec6nk62jl3pgfp3h7hy4,171000000,
a164760cb4b66012c5c2c25d643cff41913531535ffabf0147369c61a1086bc9,2023-12-14T01:16:20.616000,received,kaspa:qyp8vk4us67xk78zu9yc3x4ptl9xff3vg820vvqzx7gec6nk62jl3pgfp3h7hy4,171000000,
4400ea260a4af74d35330d2102d5037e05cee3933ea3e889e22d5cf40236d9d2,2023-12-14T00:10:37.452000,received,kaspa:qyp8vk4us67xk78zu9yc3x4ptl9xff3vg820vvqzx7gec6nk62jl3pgfp3h7hy4,171000000,
dba5293a3131011c414562aff89fbb497716c476dbe050c5a6645468fc425722,2023-12-13T23:01:04.815000,received,kaspa:qyp8vk4us67xk78zu9yc3x4ptl9xff3vg820vvqzx7gec6nk62jl3pgfp3h7hy4,171000000,
fe07ab50102d96f3a2be0c6e6a0968d6fb8f1cb97f6e9ae6d80ae1fc2224c977,2023-12-13T22:47:01.740000,sent,kaspa:qrtthu48p0xm24d2pdhee2zmuyphrljfz33da5gdpgk5v7xarcar5el4vg690,683960000,
fe07ab50102d96f3a2be0c6e6a0968d6fb8f1cb97f6e9ae6d80ae1fc2224c977,2023-12-13T22:47:01.740000,sent,kaspa:qrtthu48p0xm24d2pdhee2zmuyphrljfz33da5gdpgk5v7xarcar5el4vg690,683960000,
fe07ab50102d96f3a2be0c6e6a0968d6fb8f1cb97f6e9ae6d80ae1fc2224c977,2023-12-13T22:47:01.740000,sent,kaspa:qrtthu48p0xm24d2pdhee2zmuyphrljfz33da5gdpgk5v7xarcar5el4vg690,683960000,
fe07ab50102d96f3a2be0c6e6a0968d6fb8f1cb97f6e9ae6d80ae1fc2224c977,2023-12-13T22:47:01.740000,sent,kaspa:qrtthu48p0xm24d2pdhee2zmuyphrljfz33da5gdpgk5v7xarcar5el4vg690,683960000,
0916e568d014e643406e19ced7b36860408e74cfd4c072d9e659d9b7887989bd,2023-12-13T22:12:31.332000,received,kaspa:qyp8vk4us67xk78zu9yc3x4ptl9xff3vg820vvqzx7gec6nk62jl3pgfp3h7hy4,171000000,
4573dd36778b7e04b727757abf05a7955a1cc64086804d5505c6b4d99f399c0d,2023-12-13T19:52:00.797000,received,kaspa:qyp8vk4us67xk78zu9yc3x4ptl9xff3vg820vvqzx7gec6nk62jl3pgfp3h7hy4,171000000,
8fc2bd247c7f58a8c7aa5eb05ede4cdbb2cffb2b033c7967fedf8cac8850e02e,2023-12-13T17:56:46.369000,received,kaspa:qyp8vk4us67xk78zu9yc3x4ptl9xff3vg820vvqzx7gec6nk62jl3pgfp3h7hy4,171000000,
f0e7067fba1ac48c053056ca4f6e8a5f540758be34d0615b6dec4b4469b030ff,2023-12-13T16:28:30.145000,received,kaspa:qyp8vk4us67xk78zu9yc3x4ptl9xff3vg820vvqzx7gec6nk62jl3pgfp3h7hy4,171000000,
0df60ea6b5311ecb4094fc97d212b8c404dd11496ee0243908b865c022e8b15e,2023-12-13T16:12:06.285000,sent,kaspa:qrtthu48p0xm24d2pdhee2zmuyphrljfz33da5gdpgk5v7xarcar5el4vg690,170990000,
f847d711d4fbae5f967dddbb2a73a91ad724029ffb21010e99d5e2016f17de3c,2023-12-13T15:46:42.431000,received,kaspa:qyp8vk4us67xk78zu9yc3x4ptl9xff3vg820vvqzx7gec6nk62jl3pgfp3h7hy4,171000000,
e9669f7322946f29fdee2266c00370458898434ae92a1fdb50e7d29011db68dc,2023-12-13T14:59:02.510000,sent,kaspa:qrtthu48p0xm24d2pdhee2zmuyphrljfz33da5gdpgk5v7xarcar5el4vg690,2222870000,
e9669f7322946f29fdee2266c00370458898434ae92a1fdb50e7d29011db68dc,2023-12-13T14:59:02.510000,sent,kaspa:qrtthu48p0xm24d2pdhee2zmuyphrljfz33da5gdpgk5v7xarcar5el4vg690,2222870000,
e9669f7322946f29fdee2266c00370458898434ae92a1fdb50e7d29011db68dc,2023-12-13T14:59:02.510000,sent,kaspa:qrtthu48p0xm24d2pdhee2zmuyphrljfz33da5gdpgk5v7xarcar5el4vg690,2222870000,
e9669f7322946f29fdee2266c00370458898434ae92a1fdb50e7d29011db68dc,2023-12-13T14:59:02.510000,sent,kaspa:qrtthu48p0xm24d2pdhee2zmuyphrljfz33da5gdpgk5v7xarcar5el4vg690,2222870000,
e9669f7322946f29fdee2266c00370458898434ae92a1fdb50e7d29011db68dc,2023-12-13T14:59:02.510000,sent,kaspa:qrtthu48p0xm24d2pdhee2zmuyphrljfz33da5gdpgk5v7xarcar5el4vg690,2222870000,
e9669f7322946f29fdee2266c00370458898434ae92a1fdb50e7d29011db68dc,2023-12-13T14:59:02.510000,sent,kaspa:qrtthu48p0xm24d2pdhee2zmuyphrljfz33da5gdpgk5v7xarcar5el4vg690,2222870000,
e9669f7322946f29fdee2266c00370458898434ae92a1fdb50e7d29011db68dc,2023-12-13T14:59:02.510000,sent,kaspa:qrtthu48p0xm24d2pdhee2zmuyphrljfz33da5gdpgk5v7xarcar5el4vg690,2222870000,
e9669f7322946f29fdee2266c00370458898434ae92a1fdb50e7d29011db68dc,2023-12-13T14:59:02.510000,sent,kaspa:qrtthu48p0xm24d2pdhee2zmuyphrljfz33da5gdpgk5v7xarcar5el4vg690,2222870000,
e9669f7322946f29fdee2266c00370458898434ae92a1fdb50e7d29011db68dc,2023-12-13T14:59:02.510000,sent,kaspa:qrtthu48p0xm24d2pdhee2zmuyphrljfz33da5gdpgk5v7xarcar5el4vg690,2222870000,
e9669f7322946f29fdee2266c00370458898434ae92a1fdb50e7d29011db68dc,2023-12-13T14:59:02.510000,sent,kaspa:qrtthu48p0xm24d2pdhee2zmuyphrljfz33da5gdpgk5v7xarcar5el4vg690,2222870000,
e9669f7322946f29fdee2266c00370458898434ae92a1fdb50e7d29011db68dc,2023-12-13T14:59:02.510000,sent,kaspa:qrtthu48p0xm24d2pdhee2zmuyphrljfz33da5gdpgk5v7xarcar5el4vg690,2222870000,
e9669f7322946f29fdee2266c00370458898434ae92a1fdb50e7d29011db68dc,2023-12-13T14:59:02.510000,sent,kaspa:qrtthu48p0xm24d2pdhee2zmuyphrljfz33da5gdpgk5v7xarcar5el4vg690,2222870000,
e9669f7322946f29fdee2266c00370458898434ae92a1fdb50e7d29011db68dc,2023-12-13T14:59:02.510000,sent,kaspa:qrtthu48p0xm24d2pdhee2zmuyphrljfz33da5gdpgk5v7xarcar5el4vg690,2222870000,
22528fe7b0db62ab2fbac37ecc73e9af466f3a467155c243c1106990975b8589,2023-12-13T12:57:48.720000,received,kaspa:qyp8vk4us67xk78zu9yc3x4ptl9xff3vg820vvqzx7gec6nk62jl3pgfp3h7hy4,171000000,
064d992de5ba629b1ca63c3fb1d72445ed010e893948d8c8e3f5f0dec72d5fb2,2023-12-13T12:14:33.336000,received,kaspa:qyp8vk4us67xk78zu9yc3x4ptl9xff3vg820vvqzx7gec6nk62jl3pgfp3h7hy4,171000000,
4f7e3352fb0a15b0538ffbbe66f45169636907831dce471597c4038b9391d660,2023-12-13T12:12:07.192000,received,kaspa:qyp8vk4us67xk78zu9yc3x4ptl9xff3vg820vvqzx7gec6nk62jl3pgfp3h7hy4,171000000,
357d07dd096223b393a56e7c8458e0c15c862415085c98d2746ebfc93819b28e,2023-12-13T10:49:39.611000,received,kaspa:qyp9pslfu0q8wn2h0psl2k0dnexe5n68ydj72dl76ws6xslaxp475zgp2323uud,171000000,
a6289e2f5eb7ef46f1fc4e5893337bb2d2ddb3c1d5eadbd6ff5786304ebe83e1,2023-12-13T10:45:34.153000,received,kaspa:qypwcme2wrftxsx5v9j6gtqcdt6lekdmlgny7uy2c65g58usa2pknqch006uh92,171000000,
b32aabbe2b604a7d925d3e80b3f46a2b9902f4e5a40746c22edf7c53a644021b,2023-12-13T10:33:25.331000,received,kaspa:qypwcme2wrftxsx5v9j6gtqcdt6lekdmlgny7uy2c65g58usa2pknqch006uh92,171000000,
666bb79a905c3a0387cf6b2273beca72a76bf3cf88cdae501bdc4d028b162cac,2023-12-13T10:29:07.038000,received,kaspa:qypxznxgupa8eac5m4a9tyzuaja0eguaas4q5aje0378z4yypf3u3rc34prk2qn,171000000,
7a60b60ccc54372e1ee3af0bd5c494360cce328e8299130d6c18ae073471f98b,2023-12-13T10:22:00.917000,received,kaspa:qyp8vk4us67xk78zu9yc3x4ptl9xff3vg820vvqzx7gec6nk62jl3pgfp3h7hy4,171000000,
581a14074b4ee43f2fafd80d4800bfa561cc42238c52ce1e30d9f4a69f295d2a,2023-12-13T10:18:34.590000,received,kaspa:qyp0m9genxg0q72e6ejem4nhu6nv8mya886g76ays3s8q9499nnj0dc0wepjlw5,171000000,
ff0ec2a12623dd8e15489f228048e6b0d44c4cd268ccf64ea9db5e6542b479b2,2023-12-13T10:07:31.392000,received,kaspa:qyp8vk4us67xk78zu9yc3x4ptl9xff3vg820vvqzx7gec6nk62jl3pgfp3h7hy4,171000000,
39d8d1efbc36f571b33818d20b2a79ac7a3351fc32a526d94598310fef0e0892,2023-12-13T09:39:11.382000,received,kaspa:qyp8vk4us67xk78zu9yc3x4ptl9xff3vg820vvqzx7gec6nk62jl3pgfp3h7hy4,171000000,
d78781686deddc95e33de0faa20f30b697c797a9461e3ae26c6c79480ea68c85,2023-12-13T09:36:26.285000,received,kaspa:qyphjdfspkrm9wh3vhcwrjvgkcp9m8magzyjnrchf54yez3ht9p2rzgf26qpgxz,171000000,
6257445fefbcc7f3a18f32988c0a125b048106d7a60d059fc4660c62948f7ff6,2023-12-13T09:30:57.403000,received,kaspa:qypj4mpmfnmte39866f8ttexwhf0z3vql0qnz3agfmtgjdqjrfdg6mq6dfv0rpk,171000000,
910e87d0c5606a4db5f09b6f8dec51bf927805b2ddb77ddd468e074a2ca765b4,2023-12-13T07:48:43.243000,sent,kaspa:qp2n8m859p79cdutmrjhafn92sw77xz30wz6s8vh440hrd2qrsvxjcwzlla2p,7694550000,
910e87d0c5606a4db5f09b6f8dec51bf927805b2ddb77ddd468e074a2ca765b4,2023-12-13T07:48:43.243000,sent,kaspa:qp2n8m859p79cdutmrjhafn92sw77xz30wz6s8vh440hrd2qrsvxjcwzlla2p,7694550000,
910e87d0c5606a4db5f09b6f8dec51bf927805b2ddb77ddd468e074a2ca765b4,2023-12-13T07:48:43.243000,sent,kaspa:qp2n8m859p79cdutmrjhafn92sw77xz30wz6s8vh440hrd2qrsvxjcwzlla2p,7694550000,
910e87d0c5606a4db5f09b6f8dec51bf927805b2ddb77ddd468e074a2ca765b4,2023-12-13T07:48:43.243000,sent,kaspa:qp2n8m859p79cdutmrjhafn92sw77xz30wz6s8vh440hrd2qrsvxjcwzlla2p,7694550000,
910e87d0c5606a4db5f09b6f8dec51bf927805b2ddb77ddd468e074a2ca765b4,2023-12-13T07:48:43.243000,sent,kaspa:qp2n8m859p79cdutmrjhafn92sw77xz30wz6s8vh440hrd2qrsvxjcwzlla2p,7694550000,
910e87d0c5606a4db5f09b6f8dec51bf927805b2ddb77ddd468e074a2ca765b4,2023-12-13T07:48:43.243000,sent,kaspa:qp2n8m859p79cdutmrjhafn92sw77xz30wz6s8vh440hrd2qrsvxjcwzlla2p,7694550000,
910e87d0c5606a4db5f09b6f8dec51bf927805b2ddb77ddd468e074a2ca765b4,2023-12-13T07:48:43.243000,sent,kaspa:qp2n8m859p79cdutmrjhafn92sw77xz30wz6s8vh440hrd2qrsvxjcwzlla2p,7694550000,
910e87d0c5606a4db5f09b6f8dec51bf927805b2ddb77ddd468e074a2ca765b4,2023-12-13T07:48:43.243000,sent,kaspa:qp2n8m859p79cdutmrjhafn92sw77xz30wz6s8vh440hrd2qrsvxjcwzlla2p,7694550000,
910e87d0c5606a4db5f09b6f8dec51bf927805b2ddb77ddd468e074a2ca765b4,2023-12-13T07:48:43.243000,sent,kaspa:qp2n8m859p79cdutmrjhafn92sw77xz30wz6s8vh440hrd2qrsvxjcwzlla2p,7694550000,
910e87d0c5606a4db5f09b6f8dec51bf927805b2ddb77ddd468e074a2ca765b4,2023-12-13T07:48:43.243000,sent,kaspa:qp2n8m859p79cdutmrjhafn92sw77xz30wz6s8vh440hrd2qrsvxjcwzlla2p,7694550000,
910e87d0c5606a4db5f09b6f8dec51bf927805b2ddb77ddd468e074a2ca765b4,2023-12-13T07:48:43.243000,sent,kaspa:qp2n8m859p79cdutmrjhafn92sw77xz30wz6s8vh440hrd2qrsvxjcwzlla2p,7694550000,
910e87d0c5606a4db5f09b6f8dec51bf927805b2ddb77ddd468e074a2ca765b4,2023-12-13T07:48:43.243000,sent,kaspa:qp2n8m859p79cdutmrjhafn92sw77xz30wz6s8vh440hrd2qrsvxjcwzlla2p,7694550000,
910e87d0c5606a4db5f09b6f8dec51bf927805b2ddb77ddd468e074a2ca765b4,2023-12-13T07:48:43.243000,sent,kaspa:qp2n8m859p79cdutmrjhafn92sw77xz30wz6s8vh440hrd2qrsvxjcwzlla2p,7694550000,
910e87d0c5606a4db5f09b6f8dec51bf927805b2ddb77ddd468e074a2ca765b4,2023-12-13T07:48:43.243000,sent,kaspa:qp2n8m859p79cdutmrjhafn92sw77xz30wz6s8vh440hrd2qrsvxjcwzlla2p,7694550000,
910e87d0c5606a4db5f09b6f8dec51bf927805b2ddb77ddd468e074a2ca765b4,2023-12-13T07:48:43.243000,sent,kaspa:qp2n8m859p79cdutmrjhafn92sw77xz30wz6s8vh440hrd2qrsvxjcwzlla2p,7694550000,
910e87d0c5606a4db5f09b6f8dec51bf927805b2ddb77ddd468e074a2ca765b4,2023-12-13T07:48:43.243000,sent,kaspa:qp2n8m859p79cdutmrjhafn92sw77xz30wz6s8vh440hrd2qrsvxjcwzlla2p,7694550000,
910e87d0c5606a4db5f09b6f8dec51bf927805b2ddb77ddd468e074a2ca765b4,2023-12-13T07:48:43.243000,sent,kaspa:qp2n8m859p79cdutmrjhafn92sw77xz30wz6s8vh440hrd2qrsvxjcwzlla2p,7694550000,
910e87d0c5606a4db5f09b6f8dec51bf927805b2ddb77ddd468e074a2ca765b4,2023-12-13T07:48:43.243000,sent,kaspa:qp2n8m859p79cdutmrjhafn92sw77xz30wz6s8vh440hrd2qrsvxjcwzlla2p,7694550000,
910e87d0c5606a4db5f09b6f8dec51bf927805b2ddb77ddd468e074a2ca765b4,2023-12-13T07:48:43.243000,sent,kaspa:qp2n8m859p79cdutmrjhafn92sw77xz30wz6s8vh440hrd2qrsvxjcwzlla2p,7694550000,
910e87d0c5606a4db5f09b6f8dec51bf927805b2ddb77ddd468e074a2ca765b4,2023-12-13T07:48:43.243000,sent,kaspa:qp2n8m859p79cdutmrjhafn92sw77xz30wz6s8vh440hrd2qrsvxjcwzlla2p,7694550000,
910e87d0c5606a4db5f09b6f8dec51bf927805b2ddb77ddd468e074a2ca765b4,2023-12-13T07:48:43.243000,sent,kaspa:qp2n8m859p79cdutmrjhafn92sw77xz30wz6s8vh440hrd2qrsvxjcwzlla2p,7694550000,
910e87d0c5606a4db5f09b6f8dec51bf927805b2ddb77ddd468e074a2ca765b4,2023-12-13T07:48:43.243000,sent,kaspa:qp2n8m859p79cdutmrjhafn92sw77xz30wz6s8vh440hrd2qrsvxjcwzlla2p,7694550000,
910e87d0c5606a4db5f09b6f8dec51bf927805b2ddb77ddd468e074a2ca765b4,2023-12-13T07:48:43.243000,sent,kaspa:qp2n8m859p79cdutmrjhafn92sw77xz30wz6s8vh440hrd2qrsvxjcwzlla2p,7694550000,
910e87d0c5606a4db5f09b6f8dec51bf927805b2ddb77ddd468e074a2ca765b4,2023-12-13T07:48:43.243000,sent,kaspa:qp2n8m859p79cdutmrjhafn92sw77xz30wz6s8vh440hrd2qrsvxjcwzlla2p,7694550000,
910e87d0c5606a4db5f09b6f8dec51bf927805b2ddb77ddd468e074a2ca765b4,2023-12-13T07:48:43.243000,sent,kaspa:qp2n8m859p79cdutmrjhafn92sw77xz30wz6s8vh440hrd2qrsvxjcwzlla2p,7694550000,
910e87d0c5606a4db5f09b6f8dec51bf927805b2ddb77ddd468e074a2ca765b4,2023-12-13T07:48:43.243000,sent,kaspa:qp2n8m859p79cdutmrjhafn92sw77xz30wz6s8vh440hrd2qrsvxjcwzlla2p,7694550000,
910e87d0c5606a4db5f09b6f8dec51bf927805b2ddb77ddd468e074a2ca765b4,2023-12-13T07:48:43.243000,sent,kaspa:qp2n8m859p79cdutmrjhafn92sw77xz30wz6s8vh440hrd2qrsvxjcwzlla2p,7694550000,
910e87d0c5606a4db5f09b6f8dec51bf927805b2ddb77ddd468e074a2ca765b4,2023-12-13T07:48:43.243000,sent,kaspa:qp2n8m859p79cdutmrjhafn92sw77xz30wz6s8vh440hrd2qrsvxjcwzlla2p,7694550000,
910e87d0c5606a4db5f09b6f8dec51bf927805b2ddb77ddd468e074a2ca765b4,2023-12-13T07:48:43.243000,sent,kaspa:qp2n8m859p79cdutmrjhafn92sw77xz30wz6s8vh440hrd2qrsvxjcwzlla2p,7694550000,
910e87d0c5606a4db5f09b6f8dec51bf927805b2ddb77ddd468e074a2ca765b4,2023-12-13T07:48:43.243000,sent,kaspa:qp2n8m859p79cdutmrjhafn92sw77xz30wz6s8vh440hrd2qrsvxjcwzlla2p,7694550000,
910e87d0c5606a4db5f09b6f8dec51bf927805b2ddb77ddd468e074a2ca765b4,2023-12-13T07:48:43.243000,sent,kaspa:qp2n8m859p79cdutmrjhafn92sw77xz30wz6s8vh440hrd2qrsvxjcwzlla2p,7694550000,
910e87d0c5606a4db5f09b6f8dec51bf927805b2ddb77ddd468e074a2ca765b4,2023-12-13T07:48:43.243000,sent,kaspa:qp2n8m859p79cdutmrjhafn92sw77xz30wz6s8vh440hrd2qrsvxjcwzlla2p,7694550000,
910e87d0c5606a4db5f09b6f8dec51bf927805b2ddb77ddd468e074a2ca765b4,2023-12-13T07:48:43.243000,sent,kaspa:qp2n8m859p79cdutmrjhafn92sw77xz30wz6s8vh440hrd2qrsvxjcwzlla2p,7694550000,
910e87d0c5606a4db5f09b6f8dec51bf927805b2ddb77ddd468e074a2ca765b4,2023-12-13T07:48:43.243000,sent,kaspa:qp2n8m859p79cdutmrjhafn92sw77xz30wz6s8vh440hrd2qrsvxjcwzlla2p,7694550000,
910e87d0c5606a4db5f09b6f8dec51bf927805b2ddb77ddd468e074a2ca765b4,2023-12-13T07:48:43.243000,sent,kaspa:qp2n8m859p79cdutmrjhafn92sw77xz30wz6s8vh440hrd2qrsvxjcwzlla2p,7694550000,
910e87d0c5606a4db5f09b6f8dec51bf927805b2ddb77ddd468e074a2ca765b4,2023-12-13T07:48:43.243000,sent,kaspa:qp2n8m859p79cdutmrjhafn92sw77xz30wz6s8vh440hrd2qrsvxjcwzlla2p,7694550000,
910e87d0c5606a4db5f09b6f8dec51bf927805b2ddb77ddd468e074a2ca765b4,2023-12-13T07:48:43.243000,sent,kaspa:qp2n8m859p79cdutmrjhafn92sw77xz30wz6s8vh440hrd2qrsvxjcwzlla2p,7694550000,
910e87d0c5606a4db5f09b6f8dec51bf927805b2ddb77ddd468e074a2ca765b4,2023-12-13T07:48:43.243000,sent,kaspa:qp2n8m859p79cdutmrjhafn92sw77xz30wz6s8vh440hrd2qrsvxjcwzlla2p,7694550000,
910e87d0c5606a4db5f09b6f8dec51bf927805b2ddb77ddd468e074a2ca765b4,2023-12-13T07:48:43.243000,sent,kaspa:qp2n8m859p79cdutmrjhafn92sw77xz30wz6s8vh440hrd2qrsvxjcwzlla2p,7694550000,
910e87d0c5606a4db5f09b6f8dec51bf927805b2ddb77ddd468e074a2ca765b4,2023-12-13T07:48:43.243000,sent,kaspa:qp2n8m859p79cdutmrjhafn92sw77xz30wz6s8vh440hrd2qrsvxjcwzlla2p,7694550000,
910e87d0c5606a4db5f09b6f8dec51bf927805b2ddb77ddd468e074a2ca765b4,2023-12-13T07:48:43.243000,sent,kaspa:qp2n8m859p79cdutmrjhafn92sw77xz30wz6s8vh440hrd2qrsvxjcwzlla2p,7694550000,
910e87d0c5606a4db5f09b6f8dec51bf927805b2ddb77ddd468e074a2ca765b4,2023-12-13T07:48:43.243000,sent,kaspa:qp2n8m859p79cdutmrjhafn92sw77xz30wz6s8vh440hrd2qrsvxjcwzlla2p,7694550000,
910e87d0c5606a4db5f09b6f8dec51bf927805b2ddb77ddd468e074a2ca765b4,2023-12-13T07:48:43.243000,sent,kaspa:qp2n8m859p79cdutmrjhafn92sw77xz30wz6s8vh440hrd2qrsvxjcwzlla2p,7694550000,
910e87d0c5606a4db5f09b6f8dec51bf927805b2ddb77ddd468e074a2ca765b4,2023-12-13T07:48:43.243000,sent,kaspa:qp2n8m859p79cdutmrjhafn92sw77xz30wz6s8vh440hrd2qrsvxjcwzlla2p,7694550000,
910e87d0c5606a4db5f09b6f8dec51bf927805b2ddb77ddd468e074a2ca765b4,2023-12-13T07:48:43.243000,sent,kaspa:qp2n8m859p79cdutmrjhafn92sw77xz30wz6s8vh440hrd2qrsvxjcwzlla2p,7694550000,
eb272a5819e0ad8194ca7030c05d6cfdcf08da9421321290a8fd67e9a38fec42,2023-12-13T06:57:22.797000,received,kaspa:qype3mfd4s9y9lvc9qfprut60upxh2p2d424sq3ahymsg40m3yyhnfgpgyqxkn7,171000000,
2ce40cb3d481d1ba73662827acb2b3c7529cab22c02774c99c5aac6faea66f34,2023-12-13T06:55:24.822000,received,kaspa:qypqhwaag39ahn934e9njgp5uuzr7zxgcwtqpzwrkehmxrgl608urmg4e9n5dh0,171000000,
86a82d1a8336871c9d39bb426e22feeef967837172e3380ca675bbaea034f51c,2023-12-13T06:53:46.219000,received,kaspa:qypdv6v6mdm8sme0ryuw06axg22uqz3szzrs3jdadje2z2uqszhgm2q6rvux8k8,171000000,
d9f2277e5122e3e28500972ca58ed927ab76dc4d64e9220a8b41d09526658e9c,2023-12-13T06:51:52.973000,received,kaspa:qyp3tqm6gwk4ysnttvtq2haz8ffmpd62mcjj5dcz9jqg3lm58jpxrrqya7l88kj,171000000,
068b6cf666db331a14c579e6f91a535eb8a91d4d3db38b8041fe231f4b54565a,2023-12-13T06:47:40.684000,received,kaspa:qypj4mpmfnmte39866f8ttexwhf0z3vql0qnz3agfmtgjdqjrfdg6mq6dfv0rpk,171000000,
8755e900cf4fd9959de40d434addffbf72c9f342aed89b94714c0759b22e50bb,2023-12-13T06:45:05.647000,received,kaspa:qyprcjlnm6na4u2gkg476zv2qyl0vqvwssyj8zqrfxsvk0k8vyaha5stj42hf4h,171000000,
4388f8242bd2bdcd019db87970a82f8eb032449bf048860506b416ffbdf8866e,2023-12-13T06:42:20.022000,received,kaspa:qypwcme2wrftxsx5v9j6gtqcdt6lekdmlgny7uy2c65g58usa2pknqch006uh92,171000000,
cacbfb10e13d78f472e13fcb9c0f3ddb66c4f2c52f2c9dca2d11309b5634ec2b,2023-12-13T06:40:36.891000,received,kaspa:qyp4shc2j2r2dvsn2kqplylp5dkjav6s89yr5096wfyjr75h5y4q6uq2rg3x5c8,171000000,
d3ea4bda8355b5bb88836adccaed082736e68363cf7a069ee4023d261b410464,2023-12-13T06:38:55.281000,received,kaspa:qypamkqlgmq5vuvdg4q6wghkecpvfd5y7yfmmgy4xz09hfgrajla6tg5xqdffl8,171000000,
f63befc02bce75307e410e7d103a90084fa30fb891b3ba42f122350483a11382,2023-12-13T06:36:49.330000,received,kaspa:qypqhwaag39ahn934e9njgp5uuzr7zxgcwtqpzwrkehmxrgl608urmg4e9n5dh0,171000000,
e5dd34cb35477c3c03a81134e2c6348d56857227ff7f2e91c6917c8b9c82f8e6,2023-12-13T06:34:44.109000,received,kaspa:qyp09jwvzzyp0g4fdep2d2fekeh7gss2cd4mnug4jc5uel6xflyzw8csmlsjrqg,171000000,
cdfa8b99579ff49768def28f855e16bde516a0d0840117b141c41cce6e0bbfaa,2023-12-13T06:33:40.455000,received,kaspa:qyp9pslfu0q8wn2h0psl2k0dnexe5n68ydj72dl76ws6xslaxp475zgp2323uud,171000000,
a9d4e06a195fbee4cce103f4ec9a745f510e7fb6cc54a06e8aa0156143cd44e8,2023-12-13T06:29:40.499000,received,kaspa:qyp70qht6pjqk2yl6cwl2n296pgcnwmtj8w0clcle08m5p8yu4tg7kgvv4n0qrg,171000000,
88d57849be82cde3d51e21df84317640f680acf5dc3b1f1f9c213e701c1b1e14,2023-12-13T06:27:11.947000,received,kaspa:qyp9pslfu0q8wn2h0psl2k0dnexe5n68ydj72dl76ws6xslaxp475zgp2323uud,171000000,
a850db46023477e5f2a7f9160e3025c0ed3cf690801a09ef4104d33d8ee1e45c,2023-12-13T06:20:00.765000,received,kaspa:qyp9pslfu0q8wn2h0psl2k0dnexe5n68ydj72dl76ws6xslaxp475zgp2323uud,171000000,
9af38d337718a6898ef18795aec1beac67e8ccda8f1e32fe953432f2f682d9b5,2023-12-13T06:16:46.614000,received,kaspa:qypl86lat3lsadpv20ywkl4he24sj5klmvdsm4k30ndlmyq63g8fcaqgn725vdv,171000000,
a2a57f4a98b4e84734b62cbf7d504c79df84c91c7752c5cf43d71314cecf3849,2023-12-13T06:04:43.407000,received,kaspa:qype3mfd4s9y9lvc9qfprut60upxh2p2d424sq3ahymsg40m3yyhnfgpgyqxkn7,171000000,
18d8427958e640aebc1406448a7c790cb1dfcd60c9c40661be740eef639c2528,2023-12-13T00:26:23.284000,received,kaspa:qyp09jwvzzyp0g4fdep2d2fekeh7gss2cd4mnug4jc5uel6xflyzw8csmlsjrqg,171000000,
8afd5a624f1ce542b92e9e52d571ad8e9c23425886bceed5eee77c845020d2ba,2023-12-13T00:16:55.732000,received,kaspa:qyp0jd37dhx6sqrr682y6cme89gjn4quzpeuuu3y9c82drvcpnecjjcssx3qp4x,171000000,
7a9fe45dd38572b557c834ec7141dd7ac7d3f3773d394e271441425cd819b168,2023-12-12T23:59:39.731000,received,kaspa:qyprcjlnm6na4u2gkg476zv2qyl0vqvwssyj8zqrfxsvk0k8vyaha5stj42hf4h,171000000,
897f0327ccfd07291346f44620317550549d56cdbd40fef81d6d392b84ba0a72,2023-12-12T23:49:01.465000,received,kaspa:qyp7pdnl7lcvupjaqrq07jgytn27yctey22a0l4hj6yy6w8ujauzzeg3wyd5jt4,171000000,
0453f8f2b8e71a352fc3edb6bf6bb1b057c3c83001106835a873473b91279a07,2023-12-12T23:43:07.129000,received,kaspa:qypamkqlgmq5vuvdg4q6wghkecpvfd5y7yfmmgy4xz09hfgrajla6tg5xqdffl8,171000000,
b63bfd31dd4a2c5008ee8b1acf9d835af2997ccc6d63f504261109ed2a6eb6bd,2023-12-12T23:40:34.334000,received,kaspa:qyp0m9genxg0q72e6ejem4nhu6nv8mya886g76ays3s8q9499nnj0dc0wepjlw5,171000000,
8346696acb4812869c999317b1286b93f996d22a03bac1df102b3da77b923f14,2023-12-12T23:16:32.101000,received,kaspa:qypkgqkmfhc6flcfwlh05dep6cgx686vnuszmee3sm262t808k2eazcjmalx6k8,171000000,
b7eaf6174f85697e2901b86f5c31d4940889e22fb159ee7e2bb0aa68c66da311,2023-12-12T22:53:40.538000,received,kaspa:qyp7pdnl7lcvupjaqrq07jgytn27yctey22a0l4hj6yy6w8ujauzzeg3wyd5jt4,171000000,
03bd978fb560074e48acace80abb895677929801f7c51a00c8a3c13c4f08e114,2023-12-12T22:18:30.404000,received,kaspa:qypl86lat3lsadpv20ywkl4he24sj5klmvdsm4k30ndlmyq63g8fcaqgn725vdv,171000000,
d8d1fe64b1344826324ffcefbfdd056b8540ee5b93eb1f19d564fcaf23ba92a3,2023-12-12T22:01:24.322000,received,kaspa:qyp09jwvzzyp0g4fdep2d2fekeh7gss2cd4mnug4jc5uel6xflyzw8csmlsjrqg,171000000,
da1cacf21ef650aa5ce262813435fa7cd931f7a9a29cff14b7a899dfb8ccc1ac,2023-12-12T19:08:33.003000,received,kaspa:qyp70qht6pjqk2yl6cwl2n296pgcnwmtj8w0clcle08m5p8yu4tg7kgvv4n0qrg,171000000,
5ca4d3a0cbfda0e815ba1b6d4ffed97b31c568a9fddf6a446efb74c03a33cd82,2023-12-12T19:03:02.864000,received,kaspa:qyp3tqm6gwk4ysnttvtq2haz8ffmpd62mcjj5dcz9jqg3lm58jpxrrqya7l88kj,171000000,
756e6aec38e30f25958743bc4642a2e7749761f164f22bfe4a9d1af1cf990f4f,2023-12-12T18:59:13.612000,received,kaspa:qyp0m9genxg0q72e6ejem4nhu6nv8mya886g76ays3s8q9499nnj0dc0wepjlw5,171000000,
5ff4211927ad220cedfc6ea283a01cd6173bc808b0c37825dcf51b06814e32e7,2023-12-12T18:53:07.077000,received,kaspa:qyp0jd37dhx6sqrr682y6cme89gjn4quzpeuuu3y9c82drvcpnecjjcssx3qp4x,171000000,
e50f2c04d2ec1f0fa76242a36f448aee391cfcd01cffd51bd5af22312e3b8aa8,2023-12-12T18:48:52.021000,received,kaspa:qypj4mpmfnmte39866f8ttexwhf0z3vql0qnz3agfmtgjdqjrfdg6mq6dfv0rpk,171000000,
04cb6f8f251e6299d1a883edd09e7edcbc80d5752e25c27b04635083a7ac50ed,2023-12-12T18:32:41.594000,received,kaspa:qypqhwaag39ahn934e9njgp5uuzr7zxgcwtqpzwrkehmxrgl608urmg4e9n5dh0,171000000,
8931f2af5cce6b8da79dc79bb59bf071fecaf55d2f8124621874e990f0563fc7,2023-12-12T18:27:43.826000,received,kaspa:qyp3tqm6gwk4ysnttvtq2haz8ffmpd62mcjj5dcz9jqg3lm58jpxrrqya7l88kj,171000000,
e4f020ab005637f6b928ed0e8efe71637d17a31f6578bba399add473a267e076,2023-12-12T18:23:03.901000,received,kaspa:qyp0jd37dhx6sqrr682y6cme89gjn4quzpeuuu3y9c82drvcpnecjjcssx3qp4x,171000000,
7b81a2a856d514fb27ea24f3bb20f984a9d96ae011f31d837aa23c072fd70b04,2023-12-12T18:18:42.614000,received,kaspa:qypl86lat3lsadpv20ywkl4he24sj5klmvdsm4k30ndlmyq63g8fcaqgn725vdv,171000000,
f89c5db50cbb0b65867fd47451c36960f5a1eec048e703cde2f5ffa0c7149692,2023-12-12T18:01:51.377000,received,kaspa:qype3mfd4s9y9lvc9qfprut60upxh2p2d424sq3ahymsg40m3yyhnfgpgyqxkn7,171000000,
c87c5c87fb8da4ff3b6d287c13def5f6bbb0ed2de0a52e2a453b4ddaffe10f05,2023-12-12T17:55:30.831000,received,kaspa:qypkgqkmfhc6flcfwlh05dep6cgx686vnuszmee3sm262t808k2eazcjmalx6k8,171000000,
37e0d42e0116a48b0e6822a3d9c286c3703debff268dd9d1d76fd24582f093b1,2023-12-12T17:49:50.210000,received,kaspa:qypl6a6nm0hqlpqz5k628yrc59vl9gpx5ulqwxsr36pua75u9gevxhgq8nrc0km,171000000,
e9a0cbfbb9c3714b12201f57d2ea1db5e5d1bd2bb5dd6e056e23a0e5c8bef7bc,2023-12-12T17:42:43.952000,received,kaspa:qypwcme2wrftxsx5v9j6gtqcdt6lekdmlgny7uy2c65g58usa2pknqch006uh92,171000000,
361e2c4f22e8bee8266154a2f930f7dea484154cff663bb6f4a9cce120195ef8,2023-12-12T17:34:09.587000,received,kaspa:qypxh795z50lqe9u3fqnmlwyw7fjgw5xsd0ey6ltg0t3qwvhfpuqakgrgux5h9d,171000000,
ae514d588ad672af521a6a026c59277d2ff9c116c4afaed30bbe420bcb96c365,2023-12-12T17:28:31.359000,received,kaspa:qyp8vk4us67xk78zu9yc3x4ptl9xff3vg820vvqzx7gec6nk62jl3pgfp3h7hy4,171000000,
f98fd173393cebe9c2903daa6fa040132bfece2ade1667e0b18089c6a798bc28,2023-12-12T17:22:59.838000,received,kaspa:qyp09jwvzzyp0g4fdep2d2fekeh7gss2cd4mnug4jc5uel6xflyzw8csmlsjrqg,171000000,
e7698bdbe0f9f2bde511a5b039b7d40fe922df5988dc6fed09dd6568e3c4f439,2023-12-12T17:17:38.085000,received,kaspa:qyp70qht6pjqk2yl6cwl2n296pgcnwmtj8w0clcle08m5p8yu4tg7kgvv4n0qrg,171000000,
0779c24253226ad1be4a703828cd7982402d2b02817687d1d78d1ab73e2af164,2023-12-12T17:14:27.919000,received,kaspa:qyp3tqm6gwk4ysnttvtq2haz8ffmpd62mcjj5dcz9jqg3lm58jpxrrqya7l88kj,171000000,
901c616d5d890fa7b3fe6c720eb166de1125c35d278e2be029cc7c871a52af03,2023-12-12T15:12:13.282000,sent,kaspa:qp2n8m859p79cdutmrjhafn92sw77xz30wz6s8vh440hrd2qrsvxjcwzlla2p,1538910000,
901c616d5d890fa7b3fe6c720eb166de1125c35d278e2be029cc7c871a52af03,2023-12-12T15:12:13.282000,sent,kaspa:qp2n8m859p79cdutmrjhafn92sw77xz30wz6s8vh440hrd2qrsvxjcwzlla2p,1538910000,
901c616d5d890fa7b3fe6c720eb166de1125c35d278e2be029cc7c871a52af03,2023-12-12T15:12:13.282000,sent,kaspa:qp2n8m859p79cdutmrjhafn92sw77xz30wz6s8vh440hrd2qrsvxjcwzlla2p,1538910000,
901c616d5d890fa7b3fe6c720eb166de1125c35d278e2be029cc7c871a52af03,2023-12-12T15:12:13.282000,sent,kaspa:qp2n8m859p79cdutmrjhafn92sw77xz30wz6s8vh440hrd2qrsvxjcwzlla2p,1538910000,
901c616d5d890fa7b3fe6c720eb166de1125c35d278e2be029cc7c871a52af03,2023-12-12T15:12:13.282000,sent,kaspa:qp2n8m859p79cdutmrjhafn92sw77xz30wz6s8vh440hrd2qrsvxjcwzlla2p,1538910000,
901c616d5d890fa7b3fe6c720eb166de1125c35d278e2be029cc7c871a52af03,2023-12-12T15:12:13.282000,sent,kaspa:qp2n8m859p79cdutmrjhafn92sw77xz30wz6s8vh440hrd2qrsvxjcwzlla2p,1538910000,
901c616d5d890fa7b3fe6c720eb166de1125c35d278e2be029cc7c871a52af03,2023-12-12T15:12:13.282000,sent,kaspa:qp2n8m859p79cdutmrjhafn92sw77xz30wz6s8vh440hrd2qrsvxjcwzlla2p,1538910000,
901c616d5d890fa7b3fe6c720eb166de1125c35d278e2be029cc7c871a52af03,2023-12-12T15:12:13.282000,sent,kaspa:qp2n8m859p79cdutmrjhafn92sw77xz30wz6s8vh440hrd2qrsvxjcwzlla2p,1538910000,
901c616d5d890fa7b3fe6c720eb166de1125c35d278e2be029cc7c871a52af03,2023-12-12T15:12:13.282000,sent,kaspa:qp2n8m859p79cdutmrjhafn92sw77xz30wz6s8vh440hrd2qrsvxjcwzlla2p,1538910000,
da2bcd326b581aed4040ff42dd5726405dee4d068638ece8165f9822f26aa7d7,2023-12-12T11:24:24.714000,received,kaspa:qyp3tqm6gwk4ysnttvtq2haz8ffmpd62mcjj5dcz9jqg3lm58jpxrrqya7l88kj,171000000,
b82e301d534cb770f83fb3b8c987ddb93eff96cc1b74a547004a2804c409a394,2023-12-12T11:11:30.258000,received,kaspa:qyp9pslfu0q8wn2h0psl2k0dnexe5n68ydj72dl76ws6xslaxp475zgp2323uud,171000000,
9c6511a84f8eada2af1dafdfddd6ae210919a26fa8ced6baabd4981ec26129f7,2023-12-12T10:57:15.785000,received,kaspa:qypamkqlgmq5vuvdg4q6wghkecpvfd5y7yfmmgy4xz09hfgrajla6tg5xqdffl8,171000000,
3d7c03d8d08489a947e94f1a2bf1656c1d4472aa039fde2c9ca7df8890531572,2023-12-12T10:17:23.205000,received,kaspa:qypswxtcrv4ssyjaswy5w9387vq73mkuyq85tl34cee6qn5uexqy0csgnafnjx7,171000000,
14aa65929a4de5c179e8a865a6f2732007b53040d344f0719f21a5bc1ed2d3f3,2023-12-12T10:08:52.353000,received,kaspa:qyp0m9genxg0q72e6ejem4nhu6nv8mya886g76ays3s8q9499nnj0dc0wepjlw5,171000000,
f1aebd52da0275f6213ae1d4860adcb11211ce72a64141c9fc87cd0b164759c0,2023-12-12T09:51:30.199000,received,kaspa:qypwcme2wrftxsx5v9j6gtqcdt6lekdmlgny7uy2c65g58usa2pknqch006uh92,171000000,
45915a6350b7d5e79ba817415de5dae9a26ec4f44fe2dcbd55e7ce71feb5fc25,2023-12-12T09:39:26.545000,received,kaspa:qyp7pdnl7lcvupjaqrq07jgytn27yctey22a0l4hj6yy6w8ujauzzeg3wyd5jt4,171000000,
ebea17aa280197ef77d8979c1f2fc6761194eff9bc9ec9935440b70977b3d4bd,2023-12-12T09:28:13.455000,received,kaspa:qyp7pdnl7lcvupjaqrq07jgytn27yctey22a0l4hj6yy6w8ujauzzeg3wyd5jt4,171000000,
0b6ced77c0dbbd14d8d2742e2a4bd955c87a499bb05795b5ff0ee255d35c5c71,2023-12-12T09:21:12.750000,received,kaspa:qyp0jd37dhx6sqrr682y6cme89gjn4quzpeuuu3y9c82drvcpnecjjcssx3qp4x,171000000,
3817c2829efdf3464435d3a7abf43d97812f701b92e6d3d35ea330ae7ae2e746,2023-12-12T08:23:41.254000,sent,kaspa:qp2n8m859p79cdutmrjhafn92sw77xz30wz6s8vh440hrd2qrsvxjcwzlla2p,3932770000,
3817c2829efdf3464435d3a7abf43d97812f701b92e6d3d35ea330ae7ae2e746,2023-12-12T08:23:41.254000,sent,kaspa:qp2n8m859p79cdutmrjhafn92sw77xz30wz6s8vh440hrd2qrsvxjcwzlla2p,3932770000,
3817c2829efdf3464435d3a7abf43d97812f701b92e6d3d35ea330ae7ae2e746,2023-12-12T08:23:41.254000,sent,kaspa:qp2n8m859p79cdutmrjhafn92sw77xz30wz6s8vh440hrd2qrsvxjcwzlla2p,3932770000,
3817c2829efdf3464435d3a7abf43d97812f701b92e6d3d35ea330ae7ae2e746,2023-12-12T08:23:41.254000,sent,kaspa:qp2n8m859p79cdutmrjhafn92sw77xz30wz6s8vh440hrd2qrsvxjcwzlla2p,3932770000,
3817c2829efdf3464435d3a7abf43d97812f701b92e6d3d35ea330ae7ae2e746,2023-12-12T08:23:41.254000,sent,kaspa:qp2n8m859p79cdutmrjhafn92sw77xz30wz6s8vh440hrd2qrsvxjcwzlla2p,3932770000,
3817c2829efdf3464435d3a7abf43d97812f701b92e6d3d35ea330ae7ae2e746,2023-12-12T08:23:41.254000,sent,kaspa:qp2n8m859p79cdutmrjhafn92sw77xz30wz6s8vh440hrd2qrsvxjcwzlla2p,3932770000,
3817c2829efdf3464435d3a7abf43d97812f701b92e6d3d35ea330ae7ae2e746,2023-12-12T08:23:41.254000,sent,kaspa:qp2n8m859p79cdutmrjhafn92sw77xz30wz6s8vh440hrd2qrsvxjcwzlla2p,3932770000,
3817c2829efdf3464435d3a7abf43d97812f701b92e6d3d35ea330ae7ae2e746,2023-12-12T08:23:41.254000,sent,kaspa:qp2n8m859p79cdutmrjhafn92sw77xz30wz6s8vh440hrd2qrsvxjcwzlla2p,3932770000,
3817c2829efdf3464435d3a7abf43d97812f701b92e6d3d35ea330ae7ae2e746,2023-12-12T08:23:41.254000,sent,kaspa:qp2n8m859p79cdutmrjhafn92sw77xz30wz6s8vh440hrd2qrsvxjcwzlla2p,3932770000,
3817c2829efdf3464435d3a7abf43d97812f701b92e6d3d35ea330ae7ae2e746,2023-12-12T08:23:41.254000,sent,kaspa:qp2n8m859p79cdutmrjhafn92sw77xz30wz6s8vh440hrd2qrsvxjcwzlla2p,3932770000,
3817c2829efdf3464435d3a7abf43d97812f701b92e6d3d35ea330ae7ae2e746,2023-12-12T08:23:41.254000,sent,kaspa:qp2n8m859p79cdutmrjhafn92sw77xz30wz6s8vh440hrd2qrsvxjcwzlla2p,3932770000,
3817c2829efdf3464435d3a7abf43d97812f701b92e6d3d35ea330ae7ae2e746,2023-12-12T08:23:41.254000,sent,kaspa:qp2n8m859p79cdutmrjhafn92sw77xz30wz6s8vh440hrd2qrsvxjcwzlla2p,3932770000,
3817c2829efdf3464435d3a7abf43d97812f701b92e6d3d35ea330ae7ae2e746,2023-12-12T08:23:41.254000,sent,kaspa:qp2n8m859p79cdutmrjhafn92sw77xz30wz6s8vh440hrd2qrsvxjcwzlla2p,3932770000,
3817c2829efdf3464435d3a7abf43d97812f701b92e6d3d35ea330ae7ae2e746,2023-12-12T08:23:41.254000,sent,kaspa:qp2n8m859p79cdutmrjhafn92sw77xz30wz6s8vh440hrd2qrsvxjcwzlla2p,3932770000,
3817c2829efdf3464435d3a7abf43d97812f701b92e6d3d35ea330ae7ae2e746,2023-12-12T08:23:41.254000,sent,kaspa:qp2n8m859p79cdutmrjhafn92sw77xz30wz6s8vh440hrd2qrsvxjcwzlla2p,3932770000,
3817c2829efdf3464435d3a7abf43d97812f701b92e6d3d35ea330ae7ae2e746,2023-12-12T08:23:41.254000,sent,kaspa:qp2n8m859p79cdutmrjhafn92sw77xz30wz6s8vh440hrd2qrsvxjcwzlla2p,3932770000,
3817c2829efdf3464435d3a7abf43d97812f701b92e6d3d35ea330ae7ae2e746,2023-12-12T08:23:41.254000,sent,kaspa:qp2n8m859p79cdutmrjhafn92sw77xz30wz6s8vh440hrd2qrsvxjcwzlla2p,3932770000,
3817c2829efdf3464435d3a7abf43d97812f701b92e6d3d35ea330ae7ae2e746,2023-12-12T08:23:41.254000,sent,kaspa:qp2n8m859p79cdutmrjhafn92sw77xz30wz6s8vh440hrd2qrsvxjcwzlla2p,3932770000,
3817c2829efdf3464435d3a7abf43d97812f701b92e6d3d35ea330ae7ae2e746,2023-12-12T08:23:41.254000,sent,kaspa:qp2n8m859p79cdutmrjhafn92sw77xz30wz6s8vh440hrd2qrsvxjcwzlla2p,3932770000,
3817c2829efdf3464435d3a7abf43d97812f701b92e6d3d35ea330ae7ae2e746,2023-12-12T08:23:41.254000,sent,kaspa:qp2n8m859p79cdutmrjhafn92sw77xz30wz6s8vh440hrd2qrsvxjcwzlla2p,3932770000,
3817c2829efdf3464435d3a7abf43d97812f701b92e6d3d35ea330ae7ae2e746,2023-12-12T08:23:41.254000,sent,kaspa:qp2n8m859p79cdutmrjhafn92sw77xz30wz6s8vh440hrd2qrsvxjcwzlla2p,3932770000,
3817c2829efdf3464435d3a7abf43d97812f701b92e6d3d35ea330ae7ae2e746,2023-12-12T08:23:41.254000,sent,kaspa:qp2n8m859p79cdutmrjhafn92sw77xz30wz6s8vh440hrd2qrsvxjcwzlla2p,3932770000,
3817c2829efdf3464435d3a7abf43d97812f701b92e6d3d35ea330ae7ae2e746,2023-12-12T08:23:41.254000,sent,kaspa:qp2n8m859p79cdutmrjhafn92sw77xz30wz6s8vh440hrd2qrsvxjcwzlla2p,3932770000,
3444c15ae1e3471234d871a5ebd97c3076cfccd1fd690a5fe84d787f4d30221d,2023-12-12T07:42:40.268000,received,kaspa:qyp9pslfu0q8wn2h0psl2k0dnexe5n68ydj72dl76ws6xslaxp475zgp2323uud,171000000,
d6f423bcc7ebf16d63e9df77b873f74be70b16cab22cd65c11985078c7629f07,2023-12-12T07:36:49.663000,received,kaspa:qypwcme2wrftxsx5v9j6gtqcdt6lekdmlgny7uy2c65g58usa2pknqch006uh92,171000000,
5d8ee30cc05ea9d3666ad2921331837c4ff79475758741c9a4d19c1650c46acd,2023-12-12T07:25:43.857000,received,kaspa:qypl6a6nm0hqlpqz5k628yrc59vl9gpx5ulqwxsr36pua75u9gevxhgq8nrc0km,171000000,
d7efcdd531a0611ca6e1a2c4acd7d54a2e384aa04dafcf8e8d4bd67531fb66c2,2023-12-12T07:15:54.682000,received,kaspa:qyp8vk4us67xk78zu9yc3x4ptl9xff3vg820vvqzx7gec6nk62jl3pgfp3h7hy4,171000000,
426b56138c49393de340c4c615ac42f6cb5ae9e90b4d133a5e17590d62c6105c,2023-12-12T07:02:14.410000,received,kaspa:qyp4shc2j2r2dvsn2kqplylp5dkjav6s89yr5096wfyjr75h5y4q6uq2rg3x5c8,171000000,
cda523cdd9b2ae094000f558c8d48b08feb591b930775c458887c855deae09f4,2023-12-12T06:53:22.341000,received,kaspa:qyp0m9genxg0q72e6ejem4nhu6nv8mya886g76ays3s8q9499nnj0dc0wepjlw5,171000000,
5e8c5d4e1b81c50d33754b5b745e8238bcc76de237bab84b89629d15899b1e9a,2023-12-12T06:50:37.934000,received,kaspa:qypl6a6nm0hqlpqz5k628yrc59vl9gpx5ulqwxsr36pua75u9gevxhgq8nrc0km,171000000,
0c77591a2b2fe651761235e5d62e5fdfb048df4cbe1ecb078a0163d0ad0a7701,2023-12-12T06:46:40.063000,received,kaspa:qyp9pslfu0q8wn2h0psl2k0dnexe5n68ydj72dl76ws6xslaxp475zgp2323uud,171000000,
d9d740786fda817f773a71937e77d434231c3a1650a4c1b1a8e6f0aef13c1ec7,2023-12-12T06:39:04.889000,received,kaspa:qyp2y2afskgrk04gsaktpgcwqs50g3ucp9k6yw3gzq383zlggeqm7dgpuu0kdj9,171000000,
a2f931b21e71a3c05e3d96d91ebacb4fce63965f450910d3136b7385bac4332d,2023-12-12T06:01:26.705000,received,kaspa:qyp7pdnl7lcvupjaqrq07jgytn27yctey22a0l4hj6yy6w8ujauzzeg3wyd5jt4,171000000,
18d6601b87ba1fab7b85056830018ad2375c2f1c03540e82120c22124153765c,2023-12-12T05:55:22.997000,received,kaspa:qypxh795z50lqe9u3fqnmlwyw7fjgw5xsd0ey6ltg0t3qwvhfpuqakgrgux5h9d,171000000,
0c8d54d5947f4dda6fbb1598087982c580c3e71e94431c5790afe7392b66df0c,2023-12-12T05:49:33.191000,received,kaspa:qyp4shc2j2r2dvsn2kqplylp5dkjav6s89yr5096wfyjr75h5y4q6uq2rg3x5c8,171000000,
8fc0dc935f8667ba277552cb9ae0053904d594e3cbc79387ae84b4a7d2f6053c,2023-12-12T05:44:50.704000,received,kaspa:qyp09jwvzzyp0g4fdep2d2fekeh7gss2cd4mnug4jc5uel6xflyzw8csmlsjrqg,171000000,
b1ddd6dfaf3e59b5b47ff990f364ebeed0030fee3f22889bfa42f396445b5b6b,2023-12-12T05:36:26.060000,received,kaspa:qypwcme2wrftxsx5v9j6gtqcdt6lekdmlgny7uy2c65g58usa2pknqch006uh92,171000000,
e32b4faf97d19578e396f42a1e602048eeadcca10ee8111a4d3e05a3ce62f666,2023-12-12T05:27:26.380000,received,kaspa:qyp3tqm6gwk4ysnttvtq2haz8ffmpd62mcjj5dcz9jqg3lm58jpxrrqya7l88kj,171000000,
2f8f757f2e883e534d019c59c92b611986907de359be00df2ed4ac6b439ba694,2023-12-12T05:23:46.182000,received,kaspa:qyplygdysxukhd27ua75kjvmvs8j04dz0apehqpgudgez74zym5jauqpt8f52gc,171000000,
85b3b1d455fc914c1dd1122d5b15645547d8f3e0ae5f2652fb3aea8b11594ddc,2023-12-12T05:10:47.297000,received,kaspa:qyplygdysxukhd27ua75kjvmvs8j04dz0apehqpgudgez74zym5jauqpt8f52gc,171000000,
50890c9e73a7da688eaeec8a22d41f6393d0382f151575ef82344dd80df1ca4d,2023-12-12T05:02:44.034000,received,kaspa:qyp9pslfu0q8wn2h0psl2k0dnexe5n68ydj72dl76ws6xslaxp475zgp2323uud,171000000,
4ef6e39cf649b3bd65084e335749535576adb850c85abad036b499413ff5ea20,2023-12-12T04:55:40.582000,received,kaspa:qypswxtcrv4ssyjaswy5w9387vq73mkuyq85tl34cee6qn5uexqy0csgnafnjx7,171000000,
883a23b2a7d521574f2aacfb07ade4a5bcc057adb53b16369cfceb644dfdd5d6,2023-12-12T04:47:17.086000,received,kaspa:qyp09jwvzzyp0g4fdep2d2fekeh7gss2cd4mnug4jc5uel6xflyzw8csmlsjrqg,171000000,
d8beb15fb42d85b41a6cc4e61ce120e107288a5c5bd13105b25b2c1c5277f053,2023-12-12T04:43:20.665000,received,kaspa:qypqhwaag39ahn934e9njgp5uuzr7zxgcwtqpzwrkehmxrgl608urmg4e9n5dh0,171000000,
76ecc83f1d2be1b56d7cdcc6a1deef52275a99eecde0f56deb3a64838f1ce990,2023-12-12T04:34:02.010000,received,kaspa:qyplygdysxukhd27ua75kjvmvs8j04dz0apehqpgudgez74zym5jauqpt8f52gc,171000000,
8c6d70033d4e084d3ffa76ee0e451e7b3c9e2daa0df984c786c58ef4289789d8,2023-12-12T04:28:58.639000,received,kaspa:qyp8vk4us67xk78zu9yc3x4ptl9xff3vg820vvqzx7gec6nk62jl3pgfp3h7hy4,171000000,
7ec9331733616c001eb9d9c0e79c31ee2fe1ea58c2a2cd9a49f1401d7bfcd256,2023-12-12T02:13:48.643000,sent,kaspa:qp2n8m859p79cdutmrjhafn92sw77xz30wz6s8vh440hrd2qrsvxjcwzlla2p,854950000,
7ec9331733616c001eb9d9c0e79c31ee2fe1ea58c2a2cd9a49f1401d7bfcd256,2023-12-12T02:13:48.643000,sent,kaspa:qp2n8m859p79cdutmrjhafn92sw77xz30wz6s8vh440hrd2qrsvxjcwzlla2p,854950000,
7ec9331733616c001eb9d9c0e79c31ee2fe1ea58c2a2cd9a49f1401d7bfcd256,2023-12-12T02:13:48.643000,sent,kaspa:qp2n8m859p79cdutmrjhafn92sw77xz30wz6s8vh440hrd2qrsvxjcwzlla2p,854950000,
7ec9331733616c001eb9d9c0e79c31ee2fe1ea58c2a2cd9a49f1401d7bfcd256,2023-12-12T02:13:48.643000,sent,kaspa:qp2n8m859p79cdutmrjhafn92sw77xz30wz6s8vh440hrd2qrsvxjcwzlla2p,854950000,
7ec9331733616c001eb9d9c0e79c31ee2fe1ea58c2a2cd9a49f1401d7bfcd256,2023-12-12T02:13:48.643000,sent,kaspa:qp2n8m859p79cdutmrjhafn92sw77xz30wz6s8vh440hrd2qrsvxjcwzlla2p,854950000,
ca06d96649911c509c8b3e154efca2c9d071c00d673cb9ea61cf75efe13edf6c,2023-12-12T01:08:05.075000,received,kaspa:qypamkqlgmq5vuvdg4q6wghkecpvfd5y7yfmmgy4xz09hfgrajla6tg5xqdffl8,171000000,
a966d3d256f20f872141f224c523fb73853e647360f46da63c036693ffe7f083,2023-12-12T01:00:00.018000,received,kaspa:qyp7pdnl7lcvupjaqrq07jgytn27yctey22a0l4hj6yy6w8ujauzzeg3wyd5jt4,171000000,
446db3b403dbabbb985cec25f3b53ca1e85b69e5cb81a499533357604578ec96,2023-12-12T00:54:26.741000,received,kaspa:qyp0jd37dhx6sqrr682y6cme89gjn4quzpeuuu3y9c82drvcpnecjjcssx3qp4x,171000000,
e0da59a7a77b982536a464a079312c5632b2fb02c9e747dab37f5e2334d004ba,2023-12-12T00:52:34.563000,received,kaspa:qypj4mpmfnmte39866f8ttexwhf0z3vql0qnz3agfmtgjdqjrfdg6mq6dfv0rpk,171000000,
13416199ea09f7cb944dfd6d17b1fc20f5f3f4f21f56278ab75043eb322c5f30,2023-12-12T00:51:34.784000,received,kaspa:qypxh795z50lqe9u3fqnmlwyw7fjgw5xsd0ey6ltg0t3qwvhfpuqakgrgux5h9d,171000000,
139df78d4af65aa389c6e21c21ec3b6e68039410b946dbec435eb13cd79a8e7f,2023-12-11T09:39:22.271000,sent,kaspa:qp2n8m859p79cdutmrjhafn92sw77xz30wz6s8vh440hrd2qrsvxjcwzlla2p,341980000,
139df78d4af65aa389c6e21c21ec3b6e68039410b946dbec435eb13cd79a8e7f,2023-12-11T09:39:22.271000,sent,kaspa:qp2n8m859p79cdutmrjhafn92sw77xz30wz6s8vh440hrd2qrsvxjcwzlla2p,341980000,
2338a1b69103afb0b4b8bc46adef8f1e0b1ffef84b009f070fc4e4b68afc76cd,2023-12-07T06:36:54.531000,received,kaspa:qyp8vk4us67xk78zu9yc3x4ptl9xff3vg820vvqzx7gec6nk62jl3pgfp3h7hy4,171000000,
79debf8a4ec29df9a075b2c3787a08880654a4595e24e930aff37cd170490f2e,2023-12-07T06:30:09.519000,received,kaspa:qyp0jd37dhx6sqrr682y6cme89gjn4quzpeuuu3y9c82drvcpnecjjcssx3qp4x,171000000,
bd95a9693b0e07ddedc79b5d7cb199a97ea0479490779d201c047101ec49100f,2023-12-01T06:52:23.475000,sent,kaspa:qp0p3xyg009w5qghp0p84lq92s8zq0vq0672zxjz6w6gtw8halfsvzm5cfyg9,197488000,
656a0051ae3295ada88048db1181c3df2a656f99a2591900104c18e527bc000d,2023-12-01T03:39:17.601000,sent,kaspa:qypxnu5da5j9x3s3yznlpzhjpgjq5jkzpr88yeuvx93dak55m4r490g3lz4q7uw,18000000,
c585d471297cac67b669a5ec22a67bf1c661d86347476b4955d26929da2aa734,2023-12-01T03:28:00.120000,sent,kaspa:qypd3gl25j6qqq7xuqwl5fmtqeu723q69mycg3vhlyqhxerdmy4uslc0y7cftcv,18000000,
a4d6887c9eafef423ba76977248957b785d8c4ea961debef6df49682d6cde9f6,2023-12-01T03:22:10.290000,sent,kaspa:qypx03h705a7zawghms445j6q3h4gt7yhj2facvsp88jr5pf8g0tmqgy93qje0w,18000000,
268530c817f474c37f20d65c4322b33073b627a2bdfeb976f3807990cae776c0,2023-12-01T03:13:06.394000,sent,kaspa:qyp2yhklrtvw7c5v55eugfu4yt0r795ld7wzwkjssax0chey4ah2vhcmpvs9f4p,18000000,
00c85200c59a4f6b24dda89047abb40aa37e918a3d0acf94b07c4c6ac1bab90b,2023-12-01T02:54:43.428000,sent,kaspa:qypl0yl3dzx3la7x6m277h5nrshd8ym8rwz2kdyhu790de3vz62eqngdt445a6e,18000000,
da7be2ac39bd6cc9c38a62c640805ab0054dd0b161fcaeb0b3eddfec9a007c5e,2023-12-01T02:45:20.516000,sent,kaspa:qyptfwyzk0g4qluw2uz2mxqq4klryy34rz82pc790sr5cd40ya2pecsp4vj93s8,18000000,
075b014995dd236a340049d5ee871ed079b4ed36c6137ba9099032d62592139b,2023-12-01T02:37:45.947000,sent,kaspa:qypq89r9ujnxwqkddj367glu2f2u6459ghp8w4ruk82g4h9cd94z3fsc9z4nvf8,18000000,
3d5a419b3d8a849fbc516b2f06e8c2f23b60a43f4c8b567936a85e3dbd7d992b,2023-12-01T02:29:09.695000,sent,kaspa:qypct5f8l3dwpx34ucc9pfkcm9l4e382y59af6n43c0e25e6v73h3eq5ejkt4tv,18000000,
489ff05176aa808fbb4eaa9ffa64dc0579f06f93eeefc78971003b325feb49ee,2023-12-01T02:22:12.627000,sent,kaspa:qypnrsdugj93fpsn94w0pyz3w9mlxmpcafagjl0yrhfqayutc7z46kcjacc0ugr,18000000,
1b1a3a4e002e36003b277139e861a09e424f13419fd2aa3b70d49a99bd74e959,2023-12-01T02:12:57.626000,sent,kaspa:qyp5pdsj558h83j2ktzft2zju0m946um0z65ujx940swxf54wqvx68slquevfsv,18000000,
5e5f68516b6e11b77be29abacc660c6228b975ed9d8d25ff3e3e6147b9c94347,2023-12-01T02:02:48.487000,sent,kaspa:qyp5fpgpathn4953643genphqf9j40ezllq5u5q5hshf4mtlqndyeqcm54g7j6j,18000000,
de61fcf568831592749434a07ea730ca877762d320933267067572e3476b9d78,2023-12-01T01:53:37.405000,sent,kaspa:qyp3y7ldvpngjqmfp7sa58rku2wdzs4u7855udc8v0qnql99jnmvlxchae06p43,18000000,
273ec198d49a4bf927a3de6b229d12e44b03ed31a1b810152bce607c877bb3ed,2023-12-01T00:31:25.679000,sent,kaspa:qypxry8defm63u2ehxs5xmhf84w29zauafv60005zxa3fs8uxpf79mgw3fxsqze,18000000,
5a4bc2db1204e34b235413f9e84dbaf15d3e70d864de34ea3a1a0dafa0489a81,2023-12-01T00:24:32.671000,sent,kaspa:qypx8wcy7t45nscc0g8ngrnw0g2j448ghuydkv35dc0fvs4gz73prps7hu62f5q,18000000,
053c15bef29d0f19dd766922f0831cc16432834cfdbaed2cf9f08f152fb25b7e,2023-12-01T00:18:41.872000,sent,kaspa:qyp6zwch04ntn50sxffg7dgkenxtsf46te6pc5t6gwkt3pk4vx7j2wgcuh922d7,18000000,
2f9a4d46e3e6f73aa09e3e5532aa70c058c6cd91fd49a4fa8f9d9ca9a13d7600,2023-12-01T00:11:26.876000,sent,kaspa:qypgku07036nr0gq0jasfhqser70n5vrxzpkr7jg922ps3eu4tpsddsdg6fks2g,18000000,
8f47b991532413b9c4c97b993f9eec6e2f7758fa15a20827179f2408729f9e48,2023-12-01T00:05:54.330000,sent,kaspa:qyprcyx5d6efg24z70hz876zt7jptnl6cwtmczhdef2s4qg2tan85mqngmgk0zm,18000000,
f696f721ffc05d461cc39607097013551f1ceceb07ec82929ee88233a8a32cf0,2023-11-30T23:56:49.835000,sent,kaspa:qypeszdj34n3adeyhfjqqsrmr6g9qdh0zz3f4zjyax4ny0w375fc2act4rjr8tx,18000000,
7eb7229cc54be9e39cac2eb53b99e239a6567f48ba0ae692fa65ef6a2157cfad,2023-11-30T23:47:19.693000,sent,kaspa:qypzahe8fqjhjw35ekn5srdqx4p4h3j68k92nrnp8v78z5370rhmn4q0n8lf26a,18000000,
48066e6cac5517504de3ec1f2b9f620cf0852584856738337baafc17fec6dd6c,2023-11-30T23:40:09.292000,sent,kaspa:qypnelsxwsw7k2kpdst6ytm392chgyjst037epk83kvp3fu93sw2s5g53s56qug,18000000,
a2c2a4ddc733b90f31edf4c952c9eb9029eed70e73035e9c891ce8c81ffd0211,2023-11-30T21:31:49.093000,sent,kaspa:qypax7mg4dvrhwtjzlxjxqcsep3qgtz2vvupjj9897ut8626eczy8xgphtfj4ql,18000000,
5fb66b4aff585880881fe8f249bce037809edf16fc0adf2c56cbf58efc420bfe,2023-11-30T21:26:19.585000,sent,kaspa:qypy4nd60hegjqcrfgrm9l8ftgnlsqncxwyjf0yu757wwn0q9fyd2xc3428z3ng,18000000,
d68b6be64b62d4efd92d4180d4528bed8187ed1659d89e2d49988008bd220d64,2023-11-30T21:20:48.401000,sent,kaspa:qypl3tt5t8xccsmx4nz7h0n5szkxpjhsw23hfr5qf07x0rrgdtj0fgcjy87gm6c,18000000,
ee2da3cd8632fcacc10f984a740ca61f763ea0f9eb49311dc4623250afbfab79,2023-11-30T17:44:27.664000,sent,kaspa:qypslcmmqxlzw4gj2pzwz6rrc9f6d839cryarvypvqs39rskly3ya2qe88exp82,18000000,
6d77c2c0e8bc54bdc7fb893a4b99b5afce0276b7384e671da8adb264fe99dde6,2023-11-30T17:38:19.492000,sent,kaspa:qypc6hx09ud3d2cqc4x27vyrphrxchq5axtm3dgj47l42wzt3g6alpqrtvyk4cy,18000000,
adc584f48c5325c0fe3c7b6479957c4d8e4e6eac2b6ec733b0f3b0450cc49636,2023-11-30T17:30:49.750000,sent,kaspa:qypszpq2gzgdp0f8vpcfk2s4kwedkgwr0cy88dyy8t2j9qepv4l0vdsqhmatvxj,18000000,
4de1e08c1735eff269f8bdc94798bfbb30250e37c2a6c81e415d75ea32513c5d,2023-11-30T17:24:16.973000,sent,kaspa:qypjak9g079w6xfxu0y3cvg5w3h4xh8fnpkvw2rvvrheqf70kq380nsx9w42a3f,18000000,
25183675ad6ab6f5b9ccac196814873bb4e4082a09d87a9d00b891e239cf85ee,2023-11-30T17:17:49.522000,sent,kaspa:qyphf9luzrt40jqwwhzmee0zwra6ed349wq54mdguxdp2vantyf8rpgxnhnx8wn,18000000,
74c397083c926b1d2638603eb49ca074af48a7f92314e192da9cbd5f0dbb5935,2023-11-30T16:57:22.396000,sent,kaspa:qypwffvudxavq2qysuycuamk4q8elc0caulgew4lc5tuwn0uex3n3acle0w0zv8,18000000,
e45cf1a47967034654ecf02e566c7f189b5778462aa04aa67d63cbab455e627b,2023-11-30T16:46:48.367000,sent,kaspa:qypsg3mzphreywfrhhmux2rz7shctzzqvfucvxj4y464m4kxp4xlzschjycllj8,18000000,
4406376f356a0983ea8f7d42130c7721d26134c8b24dbb7d205e9872119b3b3d,2023-11-30T16:38:01.152000,sent,kaspa:qyp8qrapa3sh27x2h6lwgey7knsc344qux3ryr658ntdtvv530hyv9cty448m50,18000000,
9884cd36a438b9ce92233e097f1ada7df94938066d1a6b2ab32bebd0e6b7b5ef,2023-11-30T16:31:52.910000,sent,kaspa:qypywxme4ks06j7dhtvat6krrgy3grzvxxfgrhd4qrut6x830ykmzxs2jqdjjs4,18000000,
7b5bb1af00bc949b5b4d91ade32f9a091ee8365a8dd9be6610088e1a07a4a009,2023-11-30T16:26:25.875000,sent,kaspa:qypshlxw058rx8nsfnat3f339qam9ha7gawny3s6a3ugxds0w5qshegn27h7mdn,18000000,
65fff479ea67e8a394c3076afad8a8db9927b4dabaf97b6cfaa902fb18436cde,2023-11-30T16:21:27.076000,sent,kaspa:qyphxey67kkpzu4xreusw93nmzn3kay99m4442ftgrq402anezawy5q82fgf9yh,19000000,
22b11514d483245865f4e598a5ef6d4d7310ef5f608e65effe23a96f77c15a56,2023-11-30T16:16:17.886000,sent,kaspa:qyp344f034qxu0z9d3cc2pcamd5whqcu8qsc3295h39le4hclac0h7c6k30u0yn,18000000,
e4e83540730ad7bed941d3919b72a74bdfeb52a0d8f1002c01cfd648e07f6918,2023-11-30T16:10:50.523000,sent,kaspa:qyp3t366negw4ad3pz3qew7svedp8j0n74pv4p3dcsqrtf00v3a7pdstwxa6jrd,18000000,
199a9c020e2e972af0f517d1932772b8438b0a85d013357ba14d824d6498e354,2023-11-30T16:05:52.834000,sent,kaspa:qypt9dhdztxc00za8q7acv9330hfjq67dkecq4f4nd7ltyzzrgrufngl07zrz5k,18000000,
c29f26ce7cb5c83006ae43cc5e9757d3d9d1f600864ff738b87732fab4c4976a,2023-11-30T16:01:11.887000,sent,kaspa:qypk2xqyw664w63szf2jevdqgj28x50v0em7llkp5f0c4yasq4chpjgv3rauusf,18000000,
97e9413ead13c454b0bfb89837ceeb98a7b1289e13bb0ebb3203f3fe88eeade3,2023-11-30T15:55:43.336000,sent,kaspa:qypzzrft7pkvyx7ch73xgaxc2hntddpgknsgj527y7gxlm6mqvkf7ecf65ru4vl,18000000,
093d993ee7c3752e11253d6e49ea7057b63772dc16281d569ee7414324a9b797,2023-11-30T15:49:42.037000,sent,kaspa:qyp607acq459wrmtkmdjq7j6mez7n3m9n7gpw0pmu4744025zguqvssgr48wanr,18000000,
d5ba859ffd25765928017789290bb4c3045e200bd4c92183fa233c17e856545d,2023-11-30T13:03:50.294000,sent,kaspa:qyptmqnqfjqtzw3vjnugakeraggq9ppvtty5wnasnne5vxv94ltxwxgzm70f0uh,18000000,
2268aced5eaf69bea56682ebffafd509cbf0673b1a8ba39f5e49526745437440,2023-11-30T12:58:20.098000,sent,kaspa:qypd9nwp9xace5376fpgqyjf7plc0ekgujfpqrkghqntxru3kpq3g7g9g5l5786,18000000,
747a967ed8e75e4879c303e1239668332c238eb3b0dcd2af9cce8ae5308aae79,2023-11-30T12:51:43.104000,sent,kaspa:qyplj87mcszf0uyfuuvs9j5zmtnmec6w0ype90w8runnh6lddyaqeugrz4z0ayz,18000000,
8b5d927b8dbb834122830e9657014310ae7652d45d3c51e1060b19986446a303,2023-11-30T12:46:28.188000,sent,kaspa:qypsf9jqrz07ksd9tua44ylfrgucwsq8vlll3pgrq30s88jrfzcc2lg7n09l08m,18000000,
73493fb28ce1c7e22ddf83b0183c96f6b23b88698c4f091d5aebf3842c248a8d,2023-11-30T12:39:33.512000,sent,kaspa:qyp8kwc7rxyxwdpnd69mjk9kqcj7dd8y5h4p0z2a0j66ve5067eu0gs0ye564ev,18000000,
5adfa4ba9ca7284599e4fc8e32a733e9933a68aa33ea518c01b55010aeac26b5,2023-11-30T12:33:47.226000,sent,kaspa:qypqpdkpv5pqduzsa7gagq9vpna0p95v2m0muq78r9t72gms0ng8wvq8n8vpnsc,18000000,
b0bf04884d201101088b7e58b28704cf0ddc6ca6aff30013abdf33e5b2f5dc57,2023-11-30T12:24:55.540000,sent,kaspa:qypk76p6fzyntlfvdlqgdy53e635tu8cgmasj03fsyeuhpr9wvvmk6qvheyt85h,18000000,
f77da28e7b7a2e2fb297b95207bac78e23f7f8548af8fafe704451b4d32036a2,2023-11-30T12:19:04.717000,sent,kaspa:qyplj72v4waaf4dyzjac50v7tat502krvfufwf2wp2w0ygzdlnw2nvss662uk32,18000000,
5fd662498508da0d08b4a16acc6d8224f192cad19238359a655e00a3909ee62d,2023-11-30T12:12:57.664000,sent,kaspa:qyp3gkmutdzznjxasjwmh29repnczku7clvmymqgqwjnlrnw382qz3cyy09yhky,18000000,
5c8d5277886f98ae4b5bd580c3db9b3614ea4620cef9b78afd07e94f9d8bd840,2023-11-30T12:03:57.286000,sent,kaspa:qypcscvpgavq0u70matc4j9ydp4wztxcjsk7upm8m3l55zt7g929descyeckreh,18000000,
75b409c57fde05da53d997e1857cb4327fa7dedbb2f66fb33672b2c412ae6407,2023-11-30T11:54:55.097000,sent,kaspa:qypwa2zkntyencquy7u0wuzyh9v0wk6zmn6452pt9szu26yxwlrj7zg8eg0pfqe,18000000,
b27c5a7ba7f5f8cab5f14650bfc3147fcb73c357025ebcaf321a92fc15aa9739,2023-11-30T11:45:17.620000,sent,kaspa:qyp8swf294tyjmyyxkk0qk89aq9wxnn3y5ldk3dclacfv95q0zcfmugpztptjcz,18000000,
972ac089de399dd1cfed557b6d917973391f8de7fc8579c0804ee6704d1e7bc5,2023-11-30T11:39:00.370000,sent,kaspa:qypq4rqxr0wjz57qgl5yavx2cv0xuraegf689wq53c3xcfx7l6e227qzs0upj7y,18000000,
ffb72163295f4ae680caa9e7eb7a6073d0c359dd42eae4a17c7dbb3911b0d0df,2023-11-30T11:32:18.381000,sent,kaspa:qypejwjry884ka9pxec32jgyy625h448aym5jdqls7rg5awdg4cg0egymcrqnht,18000000,
3384b5bcfa08f37a1adce41acc83e97314dec57dd5b9c5bdd72ac72bca167f0f,2023-11-30T11:24:41.428000,sent,kaspa:qypufv0z8u4q7d4z2vckqvxn8dk3qfqw4cljyd6nx6czuxuy35lkfjq9yxhq8uq,18000000,
b794f4dc9c7c39dd0beb43c0c75f1bd70edd2078a13b6cf82469b19fb2196deb,2023-11-30T11:16:57.205000,sent,kaspa:qypczvey8r9khjanf3e0kdwrnf4jxmrhph8288amvpysdetjpf8yn5gzhtnrgp3,18000000,
c4c137339d93da50389d4c8240f0ecdef4afd702159d456affe0d2ab3c09d86c,2023-11-30T11:11:34.340000,sent,kaspa:qypnfkuvmtzaqu8hkujktd292p0uq6ck5cpatr84eu8wqc63cfch95sefgjp2ak,18000000,
bb9676ed01ac0d6c6cd3cb02d7eff67635939ec20dd05814fb528dd39f1cd1fa,2023-11-30T11:04:31.670000,sent,kaspa:qyphcy8ranak43dhlvt78v4tgptz9jlt83v7mjx8u0skwg3k89lxrdce24x55mg,18000000,
bb9676ed01ac0d6c6cd3cb02d7eff67635939ec20dd05814fb528dd39f1cd1fa,2023-11-30T11:04:31.670000,sent,kaspa:qyphcy8ranak43dhlvt78v4tgptz9jlt83v7mjx8u0skwg3k89lxrdce24x55mg,18000000,
da46a1764d435e6d1209797bc4750aeb00ab3d278269f61967642933acff52b8,2023-11-30T09:44:15.123000,received,kaspa:qp0p3xyg009w5qghp0p84lq92s8zq0vq0672zxjz6w6gtw8halfsvzm5cfyg9,1000000000,
b9e3eae04a7b9c495c31696152e9bab99eaba537f426ede62da35d1941bebf75,2023-11-30T07:50:26.139000,sent,kaspa:qypkzaaltaw04qaxqja3dystrssz0ndnz8r8j89ws96cvxghzdwsn8qew66ftqh,18000000,
c11b90cc4708311c19c6ec537b35fa0854dfd16cad87ac0a2e9c039117e4c0e9,2023-11-30T07:31:48.205000,sent,kaspa:qypm3ad8z7a4lrl6ezj0wxt8xtssvq5u5ndcm4x2jymaul0jgwxtw9q3ff9g5nu,18000000,
5caec852ae2c02b0d5b800160072fadc91aa45bc447196ab1ad1434308a5252a,2023-11-30T07:21:53.407000,sent,kaspa:qypzvr448lr5fxa32r4gwaswj8v4jwa2my9axycdm707z6juqtp879s0cp9gw8c,18000000,
04a4b52dcf6dd7881c38ec2e0f56e4a62696caeebbdef1d38ea0d67fc507a676,2023-11-30T06:59:28.963000,sent,kaspa:qyp5jhydwlhsqlk0ug82k6nvyhh0x3mqwkv2tg4wsarsw3csjaqg5scvts5tdga,18000000,
6d4bcf42c741d4a437ce0fe3f86cf4a5318f59bde65d9ac56c34a3343e11872b,2023-11-30T06:50:25.254000,sent,kaspa:qyp8443539yekax930k8wxxjfwhv73n6aarwe8t35cefpa32s2ws42smv70gjdn,18000000,
26663437e1c950d52792693471a09e19abf0bf542a4ecca49f6afa600ed7106e,2023-11-30T06:34:13.085000,sent,kaspa:qyp7adjd4z4lj0ufqhcz5gt5w4me3s9d6pq3q8vsu2qc7qmhj7d8t0csag70h4k,18000000,
40bd1fc9bb7828107990e85ef132d5524000c62bcd5a3e7799558286ba33c539,2023-11-30T06:23:41.730000,sent,kaspa:qypuvw89lgyhvksnluhvk80hfd6dkr2l0h3gjkdukftt334jhcq7spsyzzq3gtn,18000000,
00bdb8d54d0e8f161547198fea3faadec81626c5af75ec9a11021f7ff4dc67c2,2023-11-30T06:03:33.824000,sent,kaspa:qypa50vx8dgfwpln88j5rhx6v5j0c2yzgflv00vy3yetzqw08p4zmygl3cpyer5,18000000,
9901597fed6d81e7bf8f891713d5ac1acfd928f83c90381091b249dd0d2aff12,2023-11-30T04:37:46.760000,sent,kaspa:qypd0zz9485wfexyjl27shrr0gte6skmz2gaulgw47wjkxya0e7f9agdg2x5ljx,18000000,
9cd2176cebcfa87eea4a59cfb6c3ee2ebf4ecadec4eb938907478b4b2899cabf,2023-11-30T04:29:44.780000,sent,kaspa:qypvczx52lt0yu685wcr7mltuhkk2uldm5nt3k2rxqnn0nr8yrnltxqj7s535nh,18000000,
ab0e1eb1aa9ff8c4bf72760d221ea3506348053d5f7b2334b11bed80a7a5d439,2023-11-30T04:18:19.803000,sent,kaspa:qyp2v8dqlxla5weqq5vsuy297v0zg3494z6nwcad0dr8u8gdedpjdhqjwad75tp,18000000,
c872b4aec67d3cf7b7a22f41eb0d3e34fc65c8e98fa9e68fb551de004c302e15,2023-11-30T00:35:00.531000,sent,kaspa:qypwgpjljry2se6fd049p3d8z0edmycspfqujfshz5q8rt4pr8v6tycmksj8w5x,18000000,
ff59dd2ec6203cbc7b6f5c5a1b7e1e7b49081108860ad7a5bb8f84bbf72bba4f,2023-11-30T00:29:01.500000,sent,kaspa:qyp9ykkds6yr59mt0h9mqlxxn7hm4653f892zhesatz4l8nfxmwczmgfr8yg6g6,18000000,
8a8b36f2c0e653ca3716ea6c54f9c070bdd1e5a4b2e01f6d647ea189f273f3b3,2023-11-30T00:23:36.273000,sent,kaspa:qypqh80y333qwnh5aujgvmshaxqp46y094gdcf00xqma9ltpshy80yq33ny4nk6,18000000,
b7aa7d908655b19f86859f5350ede2735e37f1966381a9a6ba1b43e518531108,2023-11-30T00:18:16.519000,sent,kaspa:qyp8smtcc2enxr5wcvm4j3ql890ffa6ny729y9syspu8uxjzpp5n5sgc2ry9u6w,18000000,
4f5ee29599ab21709765a093a6d57906e82741574d3818f292c0855fb1bbc42d,2023-11-30T00:12:18.085000,sent,kaspa:qyprvlwlhx3a2zt4a5jas79e8s39ctvn5sa325u5ny0s8dgku9pfd7sggfkffxj,18000000,
0be8c0879aed7ff0c1b4ebc5ef0d6a693f424c2210bc376f92a417774565e654,2023-11-30T00:06:24.209000,sent,kaspa:qyputjnlhkjzah2g8f953n2uzpnw5pe7ggvy3ydm5gzsc7h8n6p0ntq5ypd5pt4,18000000,
1637d0e6fcb3d35bc1d830c1a8f6e442cbc3a41afe0eda0cca8a196cb9ad41c1,2023-11-29T23:59:58.750000,sent,kaspa:qypj5mksn8fzsl0fjlp22tnlzdhkfrfrjy3e6xywdcfhjzxqt8tx7zsmxm82jfc,18000000,
4b01cf019e460537a8b32e1bdbd4a09e3891e0ea3929723b6a195e3af7c7ba62,2023-11-29T23:54:04.877000,sent,kaspa:qyps344x9f47nvnkr7fgtd953ehzcg80sh5w093rm2sdfa238xvetsg70t5g2pr,18000000,
c3fe49bcb74c7948f977513b5bfa5a344ffd126329347cd6cda8180f6589c921,2023-11-29T23:47:57.414000,sent,kaspa:qypx806x3646zy2mmpqewken8ptwj4z2p3nnewtda4q6pk8g25yk3jcqzf2ppag,18000000,
40b0481183af956ee4c60e7c572fef3ec4ac29ffa4b88103357a224a7de2fdc1,2023-11-29T23:42:17.281000,sent,kaspa:qypxqt68m76jwemsev4tgqenrqd35g5l0zm0scaa6z6kuerxecadyegpkftw9g8,18000000,
69e2289c2fa2b1a290f2386d23b21974d8163daffe0fc6118e0bc1f5a895a0d4,2023-11-29T23:35:56.059000,sent,kaspa:qype25072htx5z9mgk4n3y64ecj5h4dmsjsfzvvtxgq84lmdm726phgw4wz744m,18000000,
01d7e4af19383d9823fe4ce7f34dd470d3e73a1cff951d76af37d33d92603f20,2023-11-29T23:26:57.197000,sent,kaspa:qypp8f6hrp8xq6wc2k5sg0xq88kdwagvyd3dx8fwe7efxag8zzcqx4g3d5xeklk,18000000,
35ee847e2e42dd32ca97b5d7ce60394d7c4d8f3d97660d06f8010ac8d834fe13,2023-11-29T23:21:42.109000,sent,kaspa:qyp9vf5mhk5hxuxkecqz8w4kemdyc4xcvs2nktv8nv9kxwsjcjkvqlshehjyayd,18000000,
3ea95ca02fea2d72c695b1ad2aabce03b6a6055b1c7db569319628530140ceb1,2023-11-29T23:15:42.033000,sent,kaspa:qypcs7shv00xsd7ck78uwh8arm6uplwpc4av8nlm4upmz0nds9syhfcc2z8ucv8,18000000,
42d988f93295d03f14818a5978292635c05fe257be5e79d17656818a7f208723,2023-11-29T23:09:53.827000,sent,kaspa:qyp35524cmvku0qra29vvwn39hhcdhfp4slc85sn6l2vymq8evtgylqmkz9u2vr,18000000,
cb7805461bf9be8d92f910b7919575438e159401a55698863abdc11ae0b5461f,2023-11-29T23:04:25.046000,sent,kaspa:qyptg7ltjcnwjr34vwk492k3t7s2crl50l9zypu26sex3epr9d473qgnth2hkll,18000000,
88a378ddedbf2926f697af371e06dfaa802c3596d3e9cafe33cbbb185fb7bfc4,2023-11-29T22:55:38.290000,sent,kaspa:qypwhxjtu9kpykk9uhcmnc0j2xjru0r4raz6u7rpr30uzyr3jmxwluq7t5ryezv,18000000,
ca7f9beb57d078b3d96bb6eabae9c05ab70e1daa14927362e0b6b0bb8002cfd1,2023-11-29T22:47:48.858000,sent,kaspa:qyph9cndf7ytap0hkms3uv84y55su05jxv7t0wvxv43lvtzuz60ftssnxntyj7n,18000000,
67a2553959221d46e769a07cb108faf60dbbd89b860715780ad4d9ca1ab9918f,2023-11-29T22:40:57.984000,sent,kaspa:qypt563t7ck0x533utlwuw80j7tf4f0xjhl8jsez75s560lfuqxmr7qwun79wjf,18000000,
7fc5a3919bbeff818c8765c70a38f957389d8155213007d394afbfa5869277b2,2023-11-29T22:33:11.477000,sent,kaspa:qypxr7flhfprd3ayn6lecwfasa3g5wcfe67vkzlg8kj4scr6gwz7xzg32306cl6,18000000,
9ac59b570f97891e29eec6687ecc7d0d8ce5f2e3ae0774f3a2282db1e39dc854,2023-11-29T22:24:37.601000,sent,kaspa:qypkghzr0m23sy5sdagdspzkf3ak8zgg47300at72q0lgg6dwq9nv8cq24j9qnt,18000000,
def1831f4d85c886ae41ab878cd1440536fc77039fee4e755f117a99a28ec49b,2023-11-29T22:16:49.869000,sent,kaspa:qypgerfy24dvk35sf34uyklmjzagxh22n074sr7h3eux5ra080d3ljs427ue8hp,18000000,
e3663d84525d4f68bbb6e2ac37f490a0372a396fca4d79ef65d0e9b90c5a4fdc,2023-11-29T16:12:52.721000,sent,kaspa:qypz5dx8j7pprg6aqtwkdvjpm7qak84us7nd7kzpxmqy7tn0yplyhggcujdtuf5,18000000,
c3477707a8ca36a1dc4d71deb2aad6b17110f50420ba4d8f926c8148317f02ca,2023-11-29T15:59:53.118000,sent,kaspa:qypu90e79jjpred4rlnx4pvgnlj4d3x8tg8yp0u2vlfz7tl0grmes8cmmlaahfr,18000000,
4a79677eb05254434a72a7b917bdee808d0e08ae20bf1a1efd37b633f0c31fa4,2023-11-29T15:45:49.416000,sent,kaspa:qypa5dzlhv0mza2tld96d4qtzl3vy8c6zp656xl3s4vrz8yfmnvrg6q0yqe78v4,18000000,
b3bcf6605a7d253d41b4e6eed68bf0a2291de5af76f2805abc74e47394ce93fe,2023-11-29T15:32:53.544000,sent,kaspa:qyplxg8p88fqje4277v8k53epsc42s49rl5tdyax6f77sr64wl9rx7qcrpqw773,18000000,
2e8532a61003cc4471c3eae7c6ac848efa03ee1355be1263fdc01ba56d5a1390,2023-11-29T15:23:15.693000,sent,kaspa:qypzcdenqn234f0ps20xwzx9u9qx3e7nn4tsgf7hmssgdx9wqucsf8gy8dj0ja8,18000000,
69e9f03bc44ea615cbbe060006eb79f991acae84383e0a806dde956189d166ac,2023-11-29T15:15:49.521000,sent,kaspa:qypmh3v0d78hgrmdd65v4euks5nz9gh4qc5a6akhdy5y5vpmf3ckl0qdglfxvku,18000000,
61871394002ad4cc70fc0cd24c6f60267a7ea46f8fc60a652d391bd7b0654c86,2023-11-29T14:50:03.438000,sent,kaspa:qyp9zypmh8d68kave6e77lx9a39rc4yd33dr3h6xc78x4e4nk98p9nqjcvajqnz,18000000,
197ea713077392ceff587c8222b69e7049cd60ea226b12443f1b6d850e403a1b,2023-11-29T14:30:29.346000,sent,kaspa:qyp3xvglptk4wkm52v3a8fv6fk6q43m5deqeknxj9y9lgzysdkgwf3gqh98zzty,18000000,
c8dfb714995adf6cb33f42238027aa1ebc3831241731f0edca64c11723293d25,2023-11-29T13:55:16.152000,sent,kaspa:qyp6k9hxguvulfak9lr50uz87mv0cnjf327sleat7aursn93h8t44dguylye6vu,18000000,
e9cd6a51a6a773e40582f54b0c998df6acba5689eb97a525c59d1b0dda535f27,2023-11-29T13:34:42.536000,sent,kaspa:qyp4fk4yqp6gmejf7f8fenzlzddztls9j3pd8g9urkwzqep7zp8nvpcruvasrvn,18000000,
e9cd6a51a6a773e40582f54b0c998df6acba5689eb97a525c59d1b0dda535f27,2023-11-29T13:34:42.536000,sent,kaspa:qyp4fk4yqp6gmejf7f8fenzlzddztls9j3pd8g9urkwzqep7zp8nvpcruvasrvn,18000000,
31436bcb3d79d307621bf72012e20e6188e6d1b5fc1d7d6d1c5bd59f0a4c613e,2023-11-29T12:41:46.596000,received,kaspa:qp0p3xyg009w5qghp0p84lq92s8zq0vq0672zxjz6w6gtw8halfsvzm5cfyg9,700000000,
e0c8c8616aecb6f3f53183059cbfd4d042b4e1d0098995998004f0dc18c9387f,2023-11-29T08:31:10.670000,sent,kaspa:qyptsdyt647asp6e6lkjzlyusweqlz0tu68kf26fwn0pl46vqz7d5jcqd4jk8v8,18000000,
99cf3d890b1961e8782657b41be3dc46241f0a8b14924f99d9e582babf6da219,2023-11-29T08:21:42.393000,sent,kaspa:qyptguz3y4p472rxa4asnvl6r2urakc2gjkml5e7mdm7al09p6tus7sy8qgv3t2,18000000,
8b5da96ba2266cf984b8281efc5ee9209b7cfe2fd8ac4d1a4d04a4b25922be26,2023-11-29T08:15:12.279000,sent,kaspa:qypeyh83srz4z787fqlajkmf7w38tu5qyk8vws4mh3zdy6ncwcj746g5cd5qcyz,18000000,
ed55a2b24c6bad82690f855ca0bf5d14e6bde7898afe465d71032292249e7f58,2023-11-29T08:06:27.390000,sent,kaspa:qyp07ardjd82ceuwtfyep237fwg986sc7ak328z3e7slgvu8nvtf9eg247t249m,18000000,
9c03a69f42f3bec9c199285a22259333dacd7aa0199a10e581ad6c65c13b0385,2023-11-29T07:58:08.033000,sent,kaspa:qyp9jjdxq4dgmce7gcx6cxszur2tnzjkmen0ztgrtkke8ne4nd7gd2qk99mmg3g,18000000,
d82e0c55e86de97f43d674d261e887f6642122bd6d936d5eaccdf9d5850e78d3,2023-11-29T07:47:33.750000,sent,kaspa:qyprckju660vxhtuhqguh3j6p4dpr6hwtf67a4js7fau4rs9jmupmkg353spxdd,18000000,
94035620c72044f22c9147a577559fd662992dd2bb4e1eb4b7a6bafcded8f027,2023-11-29T07:35:32.317000,sent,kaspa:qypj9ktvndtglhm6aw05dm4qxs6kkvdyd2ace60fn0aptea9snumcrqzev7ml3a,18000000,
5a97ed205719cd0f6d39dd7e35b392cc6f1b269116d854bf7fe74deb3ed38c63,2023-11-29T07:26:23.193000,sent,kaspa:qype36dk8jkrdp9z9ayhcmskcz2knsqh4e5w5y4jkrpwcwg7cd63r4sc6u84frd,18000000,
f0abc773d6babff8277aa96b5b636a0d8dc3fd8570fc699088802e23fe00b041,2023-11-29T07:18:31.190000,sent,kaspa:qyplhc77tc5ks6tqn58ca7csmrj5k6ltmd9xemhsqu9pm9t6flf2pss4slgmyds,18000000,
0b2c28e5fa2cba7c121b83d0c7af98e665ed9c7a0d8bda23f0534fdbdf026b00,2023-11-29T07:11:26.417000,sent,kaspa:qypqr2ygj056z4f8467t6nkrtmn5t7236amchyw27atpp0us7wt2atss2dcxhlw,18000000,
a34320b39745a42fd3a2a314da2660fec7fa08c036c705a0d69e141ed8d25039,2023-11-29T06:40:29.758000,sent,kaspa:qypqkt4qd4yfn0z04eds7wjynyc3k4n23ukjpqjxsx03runzt4mq5js73paww5z,18000000,
6fe605f35507c9d55e77fd4daf8548962de145d13c2c72639e4f0cd2b1390f3a,2023-11-29T06:30:18.131000,sent,kaspa:qyp6zkz0ttetap2gelrmtpv6xhmankkp8u8qqcnprmydlkr9xxtrpzqyl5nsvsa,18000000,
623abd70cec3763862755fed05f7ddce8a476ec0045a4834fd5268f9388dc29c,2023-11-29T06:20:31.595000,sent,kaspa:qyp087hg2a0gn0hkhqxqt4uxgz00uew0y4aykkgnqpvgqvucx23p8ccddxzamk7,18000000,
eccd1ee12eff77c015cd01628e6116340b12c8a0030e5a2f082e1273b523ff6e,2023-11-29T06:09:32.475000,sent,kaspa:qyph9nfppwcre86kvvzsj27fxxda3fqnn58hvxn5ahp7rtzqyd5rvxgpw9vq73s,18000000,
1191f82ef54b3fc22ef9f84ae6ada7ae6ac1811467bcaa8b0d0212e1675a49dd,2023-11-29T05:58:31.072000,sent,kaspa:qypeghym9mvww66fhstuefjxjyg92vv2mj396guf8wfwgry8e3gz55cg7wt734h,18000000,
3696094f92d299096ad51b2b78f4c13f714c0f725d321b1c81e882c60906b5fb,2023-11-29T05:49:17.292000,sent,kaspa:qypyhtewnecdwucjavadxu24pt6m7pz29svljvpvl72gc4zqu3x6n9sp2knvm9v,18000000,
21ebd1897f357382cae2ea5fe4b7c821a66886b1d4d14864cfdb7f9cad8811b2,2023-11-29T05:39:43.794000,sent,kaspa:qyp6wqxm5g9sv56wg27pjkm525nlgdl8wtrn8hum5qh23wqstmd5qksd8agnxf0,18000000,
6760d1cc4ff1b6aed1970ef3512adc19b33659aa752740bd9434283cba0597f4,2023-11-29T05:30:21.281000,sent,kaspa:qypufq8an2vp5a5ukaspvlszleum0ecd827nj9ay8hszc68pmkw2zyg47kwsrxe,18000000,
a3a87aa13a1f487f8b6997ca26c852214617b62f9c0dda91bd97596e17fe8311,2023-11-29T05:23:48.097000,sent,kaspa:qyp6yh5pyd8u506pz033h200ksz5pknau7vjhvaz23tje0rg6vhknnspw0u2tjz,18000000,
da459e23455feba0f0064415fcbbcead915b340ebe9728393b6fd28c70cdbcc7,2023-11-28T15:50:32.191000,sent,kaspa:qyp7mnfkynnsdlty9l6uplwd7lxhs2zzmlcg73ysrp6aq5qheduae8c2y8tctgh,18000000,
ac4f761ae857d57a896fe7ea627869ac740795fedf3216def2705d999aed34bc,2023-11-28T15:32:09.902000,sent,kaspa:qyp7j5ugzgxhlh32xlw37knke4jxmla9e2twz8lmlj3zkw4fxua5a0c6gqz9537,18000000,
1e43305531b3bbef858de92490c5de51b11da8f7bcb75e1e143750fd5c3b9060,2023-11-28T15:12:16.102000,sent,kaspa:qyp6y8hw0r28qj537teayhxe7xayfletjze8c40u486fp7y7gfj56hscv8desvw,18000000,
6952516c62b7f7c3f69c764022b8d18137dc3a0561a9df1553e9273fe98d0899,2023-11-28T14:32:56.025000,sent,kaspa:qyph6rad6a83634chfxjevrgqwy6aslq3j8h2zgn39qt3hrv2pufmrsxnkrk7c8,18000000,
680ff7919bb2bd7bf2664a59c5517cbaeae0164065dd237a7d9d7891e0827108,2023-11-28T14:21:03.254000,sent,kaspa:qyp5jjfh6ttk446eushuzncsuptgkltzzl4v9qa58dcj8jvgpjy0jeqxwahcfd9,18000000,
3b3896c76a2df2b5b61aa383cdb132983a19106feedde2861e4cae8c6bb18e06,2023-11-28T14:05:54.913000,sent,kaspa:qyp8nuv6wp0fqcw6cxm96ny9yp3gzq30c49x8u9s7jktg27julu5p6svgnq7ym0,18000000,
aa12cd96533ab8766c4fef368d88f24a2c4a4f92c6cb706d27c39820ccb29c97,2023-11-28T13:43:51.734000,sent,kaspa:qypqasa6m4rxhstcusma200j534zaxktq6nv6cz8rpx8y0pv4rdgw7qckyya564,18000000,
d10afbbc0453af4297aff2bcb3483f2e5746c4e4e6e842064c06c1b7c1720b6f,2023-11-28T13:34:28.298000,sent,kaspa:qyp0qlg3xk43j2d9m2l4tnl8rt4cqjuhjqw9ryh9wj0gpum3w5n3r0ssptv50zj,18000000,
71e5205e4f33917cdb0a0c4d48b65b2a9e0d5a60d75b60cebf8dd43be94afbec,2023-11-28T13:21:29.664000,sent,kaspa:qypgq7hyxghnu42zgfdv98j46eque0svfsusz54t5rsmy4gsgyhwfhs9jc87drd,18000000,
71e5205e4f33917cdb0a0c4d48b65b2a9e0d5a60d75b60cebf8dd43be94afbec,2023-11-28T13:21:29.664000,sent,kaspa:qypgq7hyxghnu42zgfdv98j46eque0svfsusz54t5rsmy4gsgyhwfhs9jc87drd,18000000,
d7e6cbad1086bdf8d25700fed0027bbb205b2b309cabfbc38120cbb2dacf8ad3,2023-11-28T11:40:19.996000,received,kaspa:qp0p3xyg009w5qghp0p84lq92s8zq0vq0672zxjz6w6gtw8halfsvzm5cfyg9,800000000,
ca77a8803dfe83971c9823081dcf2837a72823dc5796f4b3733ea15c37505bbc,2023-11-28T09:38:45.924000,sent,kaspa:qypzdwhj3ne55feem488huv9ushn6jnx9mx7c4cgn3kfm6jjxesdhschyd5tq07,18000000,
ecf74e09aa40b945d025434dce793decc839bfbbc7d0e0667bed056103300d9f,2023-11-28T09:29:53.364000,sent,kaspa:qypu07kj9xedhca0lvxpf5dshyvu5usj9fnrykj5n2flefdy9rd8f3gemcqnq5x,18000000,
c48466f089440eb456f27a59e7b92f3fb91a5c6ccae53df9259b6ebecab15db2,2023-11-28T09:05:46.410000,sent,kaspa:qyps6m57t09aa4wn45k3ezp0haaep7xd5mfr3kyrhse3wl3lx88hdlg45akfp54,18000000,
befeae2480ba666ca38638b7a447deee452920765ab193a041b45caa9a82c890,2023-11-28T08:47:17.439000,sent,kaspa:qyp5q8y8xe3t8r0vp3ll7twnzkx3enqm6t5ats57wv4c57gythzdrgqa39mvlrr,18000000,
b8190d6f823c482cad0fdb22adb338e92f95e2c01bda8098e7c777653e90b258,2023-11-28T08:25:47.383000,sent,kaspa:qypk6hjmc2em3vegv7vy56p6ks5wk4zh5yfd6f9wpqanm2dpywz4e3guwydj0jz,18000000,
a0816264ddbbc17e94ffa4c38e3d4de7efd3693a564e3d090af3b0c9659dbc2b,2023-11-28T08:09:56.936000,sent,kaspa:qyp8q807pm5lxvjgsm76jd3mqd6x4kryfxwun4shmejgeq9l6vv37gszgln2hg7,18000000,
a0bb15d64c9c0e18ef822b8ff8d7fe0dc1ee9e28b6e55fd14834e486f26fec07,2023-11-28T08:01:18.241000,sent,kaspa:qyp037wkjwq3uy2n9jlvn04chja2v8le7n7mz0t74le0zcuv8xstl6sx72ycqen,18000000,
b068eca15f85eadbe7e84a2db4f75e8f3cf1c8000b196f848843bfe056abda33,2023-11-28T07:53:05.859000,sent,kaspa:qyps8y2j3m34hnskwq6unkxks5lxyqv4ltsupu9tgnu25qq5saq9t9c8akgw2jw,18000000,
d29126555b3fdf2b8500b6f1cb2e340b0fde8c96a1a1b55cf49a850b11bd3278,2023-11-28T07:44:06.800000,sent,kaspa:qypp4u79drpuauwzj89ec6xdxagrxp7fmnd8f44la890q49wk5gdh5c5azt9n4c,18000000,
19bb0cb7150a8447c7eb0c389d5ba8da2b28e7212b85f31f735526710a0fc5b4,2023-11-28T06:27:56.749000,sent,kaspa:qyp067tudy76duqsvemessuy006gec46axjvdrk9nckehy2ftvkkycsl7w2pckm,18000000,
6fdc2f8f16b550ecf6fcf34f0e99d804a77b7786876a64a1d2b47bfce8b41117,2023-11-28T06:17:52.331000,sent,kaspa:qypnjrhzsp9knafv92vsns73cee6vk37996jfrn8ujhx2tmv3xphssqahfg6fyx,18000000,
2c5e3e0081b3872a0e9929f401aef15aa04d1451fbc666cdf5bc2811a3b3990e,2023-11-28T06:08:27.075000,sent,kaspa:qypspvfqxzpwjz4h46yu7n4hpjzt7z3r7fwq9725sgy2j9dkxz39tccawv479w8,18000000,
a5a87b3d00eb0c60c4e3116858b4f0ae1fea2f68cb537a308684d7a0fa19049a,2023-11-28T05:58:21.811000,sent,kaspa:qyp4sfh4zha4flywlxu0wtp2hkrdgk2q4640aer0e6fxscrqyytehts5p28gdax,18000000,
0ae8a63f863f182120424415bf27355dcd78fb3749dd1358418403d474a32c0a,2023-11-28T05:49:24.056000,sent,kaspa:qypxxhu7jxgs8esphxf8rqjrpuk2tuxghpve0n6shr95696dnz37fvqa6w5vnrh,18000000,
5b131aeb04eabe8cb9f7d385d16f57e7e68af657bac87946f9a5197bc6e8f810,2023-11-28T05:35:19.301000,sent,kaspa:qyp6ydqnh6kcf564tn6c3jfgfg3njguqwhe92uy6uvq0fgc8mkplt3gm8e47jvu,18000000,
719dcf142f25cb7b198c336d4ac8e4dc055f96c7f22816333017af39ea966e7a,2023-11-28T05:27:06.915000,sent,kaspa:qypzed392rju6ujxd3f9xh8qqv5u7z060tp6r8v5u87q2eh4sx9seeguh0pkps9,18000000,
6875d7568612d25ac74b5125fd0465d3686d78120a8ead2b46db41f6c0ca5098,2023-11-28T05:14:42.487000,sent,kaspa:qypwd5pg7rhuwe8ynyurdpvtk459lacvqeehvnducf0xsw2x7xjqv4ssng4q4ar,18000000,
786dab8fb528ab02dfbb7e21df124b12c8aad9382bfc583b248e787e704d69b6,2023-11-28T04:58:29.144000,sent,kaspa:qyp36es58cxvlxl39pasjf0y2z60z9rkqe0t09p2fnkuyhtn3paq82qnfxf49q0,18000000,
ae2cbb67083fe79c4d4a4c0b50633a3007285800862e489d4394214bc931e555,2023-11-28T04:48:23.373000,sent,kaspa:qypha5mz4pl90vfp9ygh4qkkn26u07as592qhxymkx4sxfmlq4w97nsaw4k2rg0,18000000,
1fc40199ddc251b7662af5bf7ec3bfa677e038be1baeb7ac939aa2249a1f2cdf,2023-11-28T04:34:17.075000,sent,kaspa:qypvhffuydvu6p6lj3majp6mfv29wvvrn69smsgdl79eh8ec5n2kgdgm5sxs0mu,18000000,
57087fee9e3cf2be58cdb53136c0bab3badf7cc63691445f359135659cfe43a0,2023-11-28T04:27:00.572000,sent,kaspa:qyp5pampk3uh9hcfpqpmapw2zcdqjsdp38x7ur58mrvwwlajf96k3csppht6u2a,18000000,
b5ce98328e5e128a9414c66a638ac76ffa349c0b43af5a1cf66bcb8aefd702d3,2023-11-28T04:14:39.269000,sent,kaspa:qyp0wpejhruujzdudp53t3l42nnxsjc9m950wuh8vy0yaa5hq83rmgqs9x75nhu,18000000,
e842b9c0298b47204b9cef47c17bb3edfdc3ad6fe45bdba37f091458ae8b6bf0,2023-11-28T04:05:22.335000,sent,kaspa:qypdvhy8v88369xn758hlmcy03g99t4wt96anaw6ztvz2ks4naan3qqqf8kxdv8,18000000,
8dbe3bb6f98a9670c7fa3f7ab843f16cd2a07e6951a88d26a64f911797303a49,2023-11-27T15:48:24.500000,sent,kaspa:qypclgef5hpwcmj99y2r8r63282vpyxw65udhd7m8xwls2ycr6fdy6cj4udyd33,18000000,
193c381bc3340e1a9551ee861e082bda1220a4924b6bf172d3f58a5ccad245fd,2023-11-27T15:35:11.614000,sent,kaspa:qyp85e73puh80d5uxjgygvngxe92cwfzz4kgkx8w3gk4dm5wm6r46kg6fdnnv2d,18000000,
a465d02b36d85d41a950ebaf26ba4fcc4dc43e1da498652384ad53029c3b25ac,2023-11-27T15:23:54.190000,sent,kaspa:qyp5cl8as2xy8sphsl3ynfdrx9dkzwlnfdy2fnq2m05gz3avus8utrqh2e9r3kd,18000000,
1706d6ac19a2a28f47159d834ca2644f96fd85825595fc3c27cc1832006df217,2023-11-27T15:16:32.471000,sent,kaspa:qypfu7klt2hkj9n84up56rhdw0nnrfurz56vhg2kkf8px3ft9h3ze3s8ts3rq5c,18000000,
8fc9703fe3d7e014dc63954275f5e1e6ad50b0f12f93c032b2dcd807f905af08,2023-11-27T15:10:01.224000,sent,kaspa:qypnh3hc2w6t0twqyhg8eclplhhhwmucl78fn28kllrt82epp9j0g4cvgq32mqx,18000000,
04199b1c7fff3527280f471a1d51dbbbb45e983e2f5b428dbdfa509a734bf802,2023-11-27T14:55:18.735000,received,kaspa:qzqvhc3fdm6fxxn0ffa0jp0lvq0r0sngg2fzymfqx57dhmq7275hsu8ksus4w,526098000,
