tx_id,timestamp,direction,peer_address,amount_sompi,cex_label
f46341b94de4efd54e0bb2d18fac3fa26a176e03290864de8b12fc9850c6398a,2024-07-17T01:47:17.659000,received,kaspa:qq9zagcza4jt76eev9jl5z0nqhe0thcu7js8larktj4sle7lvgnw7sfcewlty,81512938008,
f46341b94de4efd54e0bb2d18fac3fa26a176e03290864de8b12fc9850c6398a,2024-07-17T01:47:17.659000,received,kaspa:qq9zagcza4jt76eev9jl5z0nqhe0thcu7js8larktj4sle7lvgnw7sfcewlty,81512938008,
f46341b94de4efd54e0bb2d18fac3fa26a176e03290864de8b12fc9850c6398a,2024-07-17T01:47:17.659000,received,kaspa:qq9zagcza4jt76eev9jl5z0nqhe0thcu7js8larktj4sle7lvgnw7sfcewlty,81512938008,
f46341b94de4efd54e0bb2d18fac3fa26a176e03290864de8b12fc9850c6398a,2024-07-17T01:47:17.659000,received,kaspa:qq9zagcza4jt76eev9jl5z0nqhe0thcu7js8larktj4sle7lvgnw7sfcewlty,81512938008,
f46341b94de4efd54e0bb2d18fac3fa26a176e03290864de8b12fc9850c6398a,2024-07-17T01:47:17.659000,received,kaspa:qq9zagcza4jt76eev9jl5z0nqhe0thcu7js8larktj4sle7lvgnw7sfcewlty,81512938008,
f46341b94de4efd54e0bb2d18fac3fa26a176e03290864de8b12fc9850c6398a,2024-07-17T01:47:17.659000,received,kaspa:qq9zagcza4jt76eev9jl5z0nqhe0thcu7js8larktj4sle7lvgnw7sfcewlty,81512938008,
