tx_id,timestamp,direction,peer_address,amount_sompi,cex_label
68b35c8d091a13b168abac5c5fb11289c70b5d7943a11b75a0ddea62ce5bf452,2023-11-24T02:17:08.365000,sent,kaspa:qqwvnkp47wsj6n4hkdlgj8dsauyx0xvefunnwvvsmpq2udd0ka8ckmpuqw3k5,24982547045053,
18349124fdab83fd1343cc52253259e734665d81cdeac9ec2bf80be87a24fe3a,2023-11-24T02:12:33.159000,sent,kaspa:qqwvnkp47wsj6n4hkdlgj8dsauyx0xvefunnwvvsmpq2udd0ka8ckmpuqw3k5,11452654947,
91bca776aa1eb299bf397b395e99e8facffb6fb330162910afe41eaf5dc27605,2023-08-03T10:18:14.695000,sent,kaspa:qpdcmezr0z6s93s5345thuapxfjq9wkenlmc02a44epr24d4l6urg692rux8d,5000000000000,
91bca776aa1eb299bf397b395e99e8facffb6fb330162910afe41eaf5dc27605,2023-08-03T10:18:14.695000,sent,kaspa:qpdcmezr0z6s93s5345thuapxfjq9wkenlmc02a44epr24d4l6urg692rux8d,5000000000000,
84e36be812ef3648110236a651105dfae048f0f7b0472e5a5be61e1aed07a380,2023-04-30T16:34:04.639000,received,kaspa:qqetp7ct8kqss99fxmymyz5t3fezppxp0t58wl6pawp27elqd46uudme00cl0,29987000000000,
b21f1e779d82443c4c768594f60794169f93295c0a1a4b2136cb61d048fc225c,2023-04-30T16:32:02.967000,received,kaspa:qqetp7ct8kqss99fxmymyz5t3fezppxp0t58wl6pawp27elqd46uudme00cl0,7000000000,
