tx_id,timestamp,direction,peer_address,amount_sompi,cex_label
0fc9d46b8eb7eea33cc1485b8c58f9b3d10826393cbdcd8cdc3fb7469d2542ec,2023-12-13T08:42:44.513000,sent,kaspa:qqh06puhtgsu5utuakvv88ewhppn4dtp0k4a2df0xxga6ytg5p7vzcs0tuml5,14363160000,
a8081f0cda78c01864afe8e8c329f077242d152b0a050526828851ef6f03d037,2023-12-12T14:19:22.485000,received,kaspa:qypswxtcrv4ssyjaswy5w9387vq73mkuyq85tl34cee6qn5uexqy0csgnafnjx7,171000000,
b8f1f59990dd5bb37c86d928975bc07f26514ab2040458855edb85936e498022,2023-11-28T22:01:52.682000,sent,kaspa:qypzjm25v6f3599lkxlvsahqyppv9n88pw94ch4e4wclr297y209txgy6fsxsur,18000000,
b8f1f59990dd5bb37c86d928975bc07f26514ab2040458855edb85936e498022,2023-11-28T22:01:52.682000,sent,kaspa:qpaene32yxjdtgahmu6avqjm9m98dk60yme87psjd5fytr0c2x5acx9kkathw,2182690000,
b372ab6fc271ea1c182d40e888e2fea77157ee0b03af7cbf59aeaeff4beec89f,2023-11-28T21:58:20.698000,received,kaspa:qz7uc73tdf82yptsmu6hdrawftlgju2gvy5txwszr3j77mhq2dxkkc8ex2snd,2200700000,
