tx_id,timestamp,direction,peer_address,amount_sompi,cex_label
a5523221788edbf2d35a9ac23906ee0b6e2fb6d8d4b03adae7ce58b9bcdd50ff,2023-12-16T04:44:19.213000,sent,kaspa:qzslgwenzu78t6tldlng383g7ruu4enaljmnkgaulyrscjp7ldt26x8gfxck5,171940000,
a5523221788edbf2d35a9ac23906ee0b6e2fb6d8d4b03adae7ce58b9bcdd50ff,2023-12-16T04:44:19.213000,sent,kaspa:qzslgwenzu78t6tldlng383g7ruu4enaljmnkgaulyrscjp7ldt26x8gfxck5,171940000,
ba6d848da9c79c0f333f65444c2556db21f30fc26f7f80aabd8ab2f4c6684d48,2023-12-12T12:47:54.898000,received,kaspa:qypswxtcrv4ssyjaswy5w9387vq73mkuyq85tl34cee6qn5uexqy0csgnafnjx7,171000000,
517a6a5778cecdb720ae09b33a99300348de0a434c4fb3092bffc83d8e7ec6d1,2023-11-28T17:22:07.846000,sent,kaspa:qyp6gv0jd7h6r6m5c48uua4r7w0k98ufa53g0tgwqwq4ea3j5thnmzcu0y3panz,18000000,
64aabd2beb11d829f3c6b4bb55d48ae6f5d7b56c0b22709c5c67cfc67cf278dd,2023-11-27T23:29:58.103000,received,kaspa:qz7mrcld5f5vpeek48ge2wctl94jf8jucstag3fsdk3jz9ftn35v2g42c5gf0,19000000,
