tx_id,timestamp,direction,peer_address,amount_sompi,cex_label
de28aa6b3fc28890973d3c7f92996344c243e35a77339b64e7663e5dfdf4345e,2025-02-01T13:27:16.035000,received,kaspa:qypezhcquytvvkfchjh88lt052ayw2fr7p4tphchegn3g2ydun0kfysndkt3ujq,99998375,
f3b67011cf46fd6275511dc4998af39b9fc0d71ca78353ad8d988dc534bde320,2025-02-01T11:03:02.839000,sent,kaspa:qypezhcquytvvkfchjh88lt052ayw2fr7p4tphchegn3g2ydun0kfysndkt3ujq,100000000,
fcffac903dff0642e4694ce95bb004e5f907b065a230948c625e63a4eecac8c6,2025-02-01T06:23:56.226000,sent,kaspa:qyp4mwylecs2c89qk08w292xkvrnwlm52g65px63uxkhvyh28pjm9gsjlqzdthf,100000000,
c337eed34f1fc9bdbfdab7fdc8cb269f5bcd087cfdd5d0d6c7a182f6448ea70b,2025-01-31T14:03:31.378000,received,kaspa:qz5rkzq7qzxyj0y5sq2wwgxltneskmwyew337ekv7gc84grrrvawgjhph75ra,2406690303,
c337eed34f1fc9bdbfdab7fdc8cb269f5bcd087cfdd5d0d6c7a182f6448ea70b,2025-01-31T14:03:31.378000,received,kaspa:qz5rkzq7qzxyj0y5sq2wwgxltneskmwyew337ekv7gc84grrrvawgjhph75ra,2406690303,
809045561471224231ebc7eb669beb45faaea5cb1192266fe44175a021ad8423,2024-03-06T11:12:09.229000,sent,kaspa:qpywcqt90w3269emuprgptcdcr6nh5k4qq6tqvsf6g2rrlppz077jhj25f2hh,5494000000,
809045561471224231ebc7eb669beb45faaea5cb1192266fe44175a021ad8423,2024-03-06T11:12:09.229000,sent,kaspa:qpywcqt90w3269emuprgptcdcr6nh5k4qq6tqvsf6g2rrlppz077jhj25f2hh,5494000000,
814d7eb9bc2f0aa320a5e1eccf995180d59da426a7f425b0d1a40a30444089f4,2024-03-06T11:08:52.583000,received,kaspa:qq9zagcza4jt76eev9jl5z0nqhe0thcu7js8larktj4sle7lvgnw7sfcewlty,5395524757,
814d7eb9bc2f0aa320a5e1eccf995180d59da426a7f425b0d1a40a30444089f4,2024-03-06T11:08:52.583000,received,kaspa:qq9zagcza4jt76eev9jl5z0nqhe0thcu7js8larktj4sle7lvgnw7sfcewlty,5395524757,
814d7eb9bc2f0aa320a5e1eccf995180d59da426a7f425b0d1a40a30444089f4,2024-03-06T11:08:52.583000,received,kaspa:qq9zagcza4jt76eev9jl5z0nqhe0thcu7js8larktj4sle7lvgnw7sfcewlty,5395524757,
814d7eb9bc2f0aa320a5e1eccf995180d59da426a7f425b0d1a40a30444089f4,2024-03-06T11:08:52.583000,received,kaspa:qq9zagcza4jt76eev9jl5z0nqhe0thcu7js8larktj4sle7lvgnw7sfcewlty,5395524757,
814d7eb9bc2f0aa320a5e1eccf995180d59da426a7f425b0d1a40a30444089f4,2024-03-06T11:08:52.583000,received,kaspa:qq9zagcza4jt76eev9jl5z0nqhe0thcu7js8larktj4sle7lvgnw7sfcewlty,5395524757,
814d7eb9bc2f0aa320a5e1eccf995180d59da426a7f425b0d1a40a30444089f4,2024-03-06T11:08:52.583000,received,kaspa:qq9zagcza4jt76eev9jl5z0nqhe0thcu7js8larktj4sle7lvgnw7sfcewlty,5395524757,
814d7eb9bc2f0aa320a5e1eccf995180d59da426a7f425b0d1a40a30444089f4,2024-03-06T11:08:52.583000,received,kaspa:qq9zagcza4jt76eev9jl5z0nqhe0thcu7js8larktj4sle7lvgnw7sfcewlty,5395524757,
814d7eb9bc2f0aa320a5e1eccf995180d59da426a7f425b0d1a40a30444089f4,2024-03-06T11:08:52.583000,received,kaspa:qq9zagcza4jt76eev9jl5z0nqhe0thcu7js8larktj4sle7lvgnw7sfcewlty,5395524757,
814d7eb9bc2f0aa320a5e1eccf995180d59da426a7f425b0d1a40a30444089f4,2024-03-06T11:08:52.583000,received,kaspa:qq9zagcza4jt76eev9jl5z0nqhe0thcu7js8larktj4sle7lvgnw7sfcewlty,5395524757,
814d7eb9bc2f0aa320a5e1eccf995180d59da426a7f425b0d1a40a30444089f4,2024-03-06T11:08:52.583000,received,kaspa:qq9zagcza4jt76eev9jl5z0nqhe0thcu7js8larktj4sle7lvgnw7sfcewlty,5395524757,
814d7eb9bc2f0aa320a5e1eccf995180d59da426a7f425b0d1a40a30444089f4,2024-03-06T11:08:52.583000,received,kaspa:qq9zagcza4jt76eev9jl5z0nqhe0thcu7js8larktj4sle7lvgnw7sfcewlty,5395524757,
814d7eb9bc2f0aa320a5e1eccf995180d59da426a7f425b0d1a40a30444089f4,2024-03-06T11:08:52.583000,received,kaspa:qq9zagcza4jt76eev9jl5z0nqhe0thcu7js8larktj4sle7lvgnw7sfcewlty,5395524757,
814d7eb9bc2f0aa320a5e1eccf995180d59da426a7f425b0d1a40a30444089f4,2024-03-06T11:08:52.583000,received,kaspa:qq9zagcza4jt76eev9jl5z0nqhe0thcu7js8larktj4sle7lvgnw7sfcewlty,5395524757,
814d7eb9bc2f0aa320a5e1eccf995180d59da426a7f425b0d1a40a30444089f4,2024-03-06T11:08:52.583000,received,kaspa:qq9zagcza4jt76eev9jl5z0nqhe0thcu7js8larktj4sle7lvgnw7sfcewlty,5395524757,
814d7eb9bc2f0aa320a5e1eccf995180d59da426a7f425b0d1a40a30444089f4,2024-03-06T11:08:52.583000,received,kaspa:qq9zagcza4jt76eev9jl5z0nqhe0thcu7js8larktj4sle7lvgnw7sfcewlty,5395524757,
814d7eb9bc2f0aa320a5e1eccf995180d59da426a7f425b0d1a40a30444089f4,2024-03-06T11:08:52.583000,received,kaspa:qq9zagcza4jt76eev9jl5z0nqhe0thcu7js8larktj4sle7lvgnw7sfcewlty,5395524757,
814d7eb9bc2f0aa320a5e1eccf995180d59da426a7f425b0d1a40a30444089f4,2024-03-06T11:08:52.583000,received,kaspa:qq9zagcza4jt76eev9jl5z0nqhe0thcu7js8larktj4sle7lvgnw7sfcewlty,5395524757,
814d7eb9bc2f0aa320a5e1eccf995180d59da426a7f425b0d1a40a30444089f4,2024-03-06T11:08:52.583000,received,kaspa:qq9zagcza4jt76eev9jl5z0nqhe0thcu7js8larktj4sle7lvgnw7sfcewlty,5395524757,
814d7eb9bc2f0aa320a5e1eccf995180d59da426a7f425b0d1a40a30444089f4,2024-03-06T11:08:52.583000,received,kaspa:qq9zagcza4jt76eev9jl5z0nqhe0thcu7js8larktj4sle7lvgnw7sfcewlty,5395524757,
814d7eb9bc2f0aa320a5e1eccf995180d59da426a7f425b0d1a40a30444089f4,2024-03-06T11:08:52.583000,received,kaspa:qq9zagcza4jt76eev9jl5z0nqhe0thcu7js8larktj4sle7lvgnw7sfcewlty,5395524757,
814d7eb9bc2f0aa320a5e1eccf995180d59da426a7f425b0d1a40a30444089f4,2024-03-06T11:08:52.583000,received,kaspa:qq9zagcza4jt76eev9jl5z0nqhe0thcu7js8larktj4sle7lvgnw7sfcewlty,5395524757,
814d7eb9bc2f0aa320a5e1eccf995180d59da426a7f425b0d1a40a30444089f4,2024-03-06T11:08:52.583000,received,kaspa:qq9zagcza4jt76eev9jl5z0nqhe0thcu7js8larktj4sle7lvgnw7sfcewlty,5395524757,
814d7eb9bc2f0aa320a5e1eccf995180d59da426a7f425b0d1a40a30444089f4,2024-03-06T11:08:52.583000,received,kaspa:qq9zagcza4jt76eev9jl5z0nqhe0thcu7js8larktj4sle7lvgnw7sfcewlty,5395524757,
814d7eb9bc2f0aa320a5e1eccf995180d59da426a7f425b0d1a40a30444089f4,2024-03-06T11:08:52.583000,received,kaspa:qq9zagcza4jt76eev9jl5z0nqhe0thcu7js8larktj4sle7lvgnw7sfcewlty,5395524757,
bed9d88fec075f49e892e11007efae03105e3ef8b5dcd47b90a078cf2dd7314f,2024-03-06T11:04:37.379000,sent,kaspa:qpywcqt90w3269emuprgptcdcr6nh5k4qq6tqvsf6g2rrlppz077jhj25f2hh,3999900000000,
e5f6bb138fe55050fcd7e829ab0917c39d5ef9c797ebddb9ffedf587c596c744,2024-03-06T10:58:25.053000,received,kaspa:qpywcqt90w3269emuprgptcdcr6nh5k4qq6tqvsf6g2rrlppz077jhj25f2hh,4000000000000,
def7f31ddb50f11b48767474e9510d727c34491990a67bc77d4dc90d5a1b5fba,2023-12-26T05:21:39.219000,sent,kaspa:qqwvnkp47wsj6n4hkdlgj8dsauyx0xvefunnwvvsmpq2udd0ka8ckmpuqw3k5,999900000,
6aabd62a0b23824f282119d79d255af732fa5762a4ad7d0690a2d4dd651588ee,2023-12-26T05:18:44.581000,received,kaspa:qypezhcquytvvkfchjh88lt052ayw2fr7p4tphchegn3g2ydun0kfysndkt3ujq,1000000000,
6aabd62a0b23824f282119d79d255af732fa5762a4ad7d0690a2d4dd651588ee,2023-12-26T05:18:44.581000,received,kaspa:qypezhcquytvvkfchjh88lt052ayw2fr7p4tphchegn3g2ydun0kfysndkt3ujq,1000000000,
6aabd62a0b23824f282119d79d255af732fa5762a4ad7d0690a2d4dd651588ee,2023-12-26T05:18:44.581000,received,kaspa:qypezhcquytvvkfchjh88lt052ayw2fr7p4tphchegn3g2ydun0kfysndkt3ujq,1000000000,
6aabd62a0b23824f282119d79d255af732fa5762a4ad7d0690a2d4dd651588ee,2023-12-26T05:18:44.581000,received,kaspa:qypezhcquytvvkfchjh88lt052ayw2fr7p4tphchegn3g2ydun0kfysndkt3ujq,1000000000,
6aabd62a0b23824f282119d79d255af732fa5762a4ad7d0690a2d4dd651588ee,2023-12-26T05:18:44.581000,received,kaspa:qypezhcquytvvkfchjh88lt052ayw2fr7p4tphchegn3g2ydun0kfysndkt3ujq,1000000000,
6aabd62a0b23824f282119d79d255af732fa5762a4ad7d0690a2d4dd651588ee,2023-12-26T05:18:44.581000,received,kaspa:qypezhcquytvvkfchjh88lt052ayw2fr7p4tphchegn3g2ydun0kfysndkt3ujq,1000000000,
6aabd62a0b23824f282119d79d255af732fa5762a4ad7d0690a2d4dd651588ee,2023-12-26T05:18:44.581000,received,kaspa:qypezhcquytvvkfchjh88lt052ayw2fr7p4tphchegn3g2ydun0kfysndkt3ujq,1000000000,
6aabd62a0b23824f282119d79d255af732fa5762a4ad7d0690a2d4dd651588ee,2023-12-26T05:18:44.581000,received,kaspa:qypezhcquytvvkfchjh88lt052ayw2fr7p4tphchegn3g2ydun0kfysndkt3ujq,1000000000,
6aabd62a0b23824f282119d79d255af732fa5762a4ad7d0690a2d4dd651588ee,2023-12-26T05:18:44.581000,received,kaspa:qypezhcquytvvkfchjh88lt052ayw2fr7p4tphchegn3g2ydun0kfysndkt3ujq,1000000000,
6aabd62a0b23824f282119d79d255af732fa5762a4ad7d0690a2d4dd651588ee,2023-12-26T05:18:44.581000,received,kaspa:qypezhcquytvvkfchjh88lt052ayw2fr7p4tphchegn3g2ydun0kfysndkt3ujq,1000000000,
6aabd62a0b23824f282119d79d255af732fa5762a4ad7d0690a2d4dd651588ee,2023-12-26T05:18:44.581000,received,kaspa:qypezhcquytvvkfchjh88lt052ayw2fr7p4tphchegn3g2ydun0kfysndkt3ujq,1000000000,
6aabd62a0b23824f282119d79d255af732fa5762a4ad7d0690a2d4dd651588ee,2023-12-26T05:18:44.581000,received,kaspa:qypezhcquytvvkfchjh88lt052ayw2fr7p4tphchegn3g2ydun0kfysndkt3ujq,1000000000,
6aabd62a0b23824f282119d79d255af732fa5762a4ad7d0690a2d4dd651588ee,2023-12-26T05:18:44.581000,received,kaspa:qypezhcquytvvkfchjh88lt052ayw2fr7p4tphchegn3g2ydun0kfysndkt3ujq,1000000000,
6aabd62a0b23824f282119d79d255af732fa5762a4ad7d0690a2d4dd651588ee,2023-12-26T05:18:44.581000,received,kaspa:qypezhcquytvvkfchjh88lt052ayw2fr7p4tphchegn3g2ydun0kfysndkt3ujq,1000000000,
6aabd62a0b23824f282119d79d255af732fa5762a4ad7d0690a2d4dd651588ee,2023-12-26T05:18:44.581000,received,kaspa:qypezhcquytvvkfchjh88lt052ayw2fr7p4tphchegn3g2ydun0kfysndkt3ujq,1000000000,
6aabd62a0b23824f282119d79d255af732fa5762a4ad7d0690a2d4dd651588ee,2023-12-26T05:18:44.581000,received,kaspa:qypezhcquytvvkfchjh88lt052ayw2fr7p4tphchegn3g2ydun0kfysndkt3ujq,1000000000,
6aabd62a0b23824f282119d79d255af732fa5762a4ad7d0690a2d4dd651588ee,2023-12-26T05:18:44.581000,received,kaspa:qypezhcquytvvkfchjh88lt052ayw2fr7p4tphchegn3g2ydun0kfysndkt3ujq,1000000000,
6aabd62a0b23824f282119d79d255af732fa5762a4ad7d0690a2d4dd651588ee,2023-12-26T05:18:44.581000,received,kaspa:qypezhcquytvvkfchjh88lt052ayw2fr7p4tphchegn3g2ydun0kfysndkt3ujq,1000000000,
6aabd62a0b23824f282119d79d255af732fa5762a4ad7d0690a2d4dd651588ee,2023-12-26T05:18:44.581000,received,kaspa:qypezhcquytvvkfchjh88lt052ayw2fr7p4tphchegn3g2ydun0kfysndkt3ujq,1000000000,
6aabd62a0b23824f282119d79d255af732fa5762a4ad7d0690a2d4dd651588ee,2023-12-26T05:18:44.581000,received,kaspa:qypezhcquytvvkfchjh88lt052ayw2fr7p4tphchegn3g2ydun0kfysndkt3ujq,1000000000,
6aabd62a0b23824f282119d79d255af732fa5762a4ad7d0690a2d4dd651588ee,2023-12-26T05:18:44.581000,received,kaspa:qypezhcquytvvkfchjh88lt052ayw2fr7p4tphchegn3g2ydun0kfysndkt3ujq,1000000000,
6aabd62a0b23824f282119d79d255af732fa5762a4ad7d0690a2d4dd651588ee,2023-12-26T05:18:44.581000,received,kaspa:qypezhcquytvvkfchjh88lt052ayw2fr7p4tphchegn3g2ydun0kfysndkt3ujq,1000000000,
6aabd62a0b23824f282119d79d255af732fa5762a4ad7d0690a2d4dd651588ee,2023-12-26T05:18:44.581000,received,kaspa:qypezhcquytvvkfchjh88lt052ayw2fr7p4tphchegn3g2ydun0kfysndkt3ujq,1000000000,
6aabd62a0b23824f282119d79d255af732fa5762a4ad7d0690a2d4dd651588ee,2023-12-26T05:18:44.581000,received,kaspa:qypezhcquytvvkfchjh88lt052ayw2fr7p4tphchegn3g2ydun0kfysndkt3ujq,1000000000,
6aabd62a0b23824f282119d79d255af732fa5762a4ad7d0690a2d4dd651588ee,2023-12-26T05:18:44.581000,received,kaspa:qypezhcquytvvkfchjh88lt052ayw2fr7p4tphchegn3g2ydun0kfysndkt3ujq,1000000000,
6aabd62a0b23824f282119d79d255af732fa5762a4ad7d0690a2d4dd651588ee,2023-12-26T05:18:44.581000,received,kaspa:qypezhcquytvvkfchjh88lt052ayw2fr7p4tphchegn3g2ydun0kfysndkt3ujq,1000000000,
6aabd62a0b23824f282119d79d255af732fa5762a4ad7d0690a2d4dd651588ee,2023-12-26T05:18:44.581000,received,kaspa:qypezhcquytvvkfchjh88lt052ayw2fr7p4tphchegn3g2ydun0kfysndkt3ujq,1000000000,
6aabd62a0b23824f282119d79d255af732fa5762a4ad7d0690a2d4dd651588ee,2023-12-26T05:18:44.581000,received,kaspa:qypezhcquytvvkfchjh88lt052ayw2fr7p4tphchegn3g2ydun0kfysndkt3ujq,1000000000,
6aabd62a0b23824f282119d79d255af732fa5762a4ad7d0690a2d4dd651588ee,2023-12-26T05:18:44.581000,received,kaspa:qypezhcquytvvkfchjh88lt052ayw2fr7p4tphchegn3g2ydun0kfysndkt3ujq,1000000000,
6aabd62a0b23824f282119d79d255af732fa5762a4ad7d0690a2d4dd651588ee,2023-12-26T05:18:44.581000,received,kaspa:qypezhcquytvvkfchjh88lt052ayw2fr7p4tphchegn3g2ydun0kfysndkt3ujq,1000000000,
6aabd62a0b23824f282119d79d255af732fa5762a4ad7d0690a2d4dd651588ee,2023-12-26T05:18:44.581000,received,kaspa:qypezhcquytvvkfchjh88lt052ayw2fr7p4tphchegn3g2ydun0kfysndkt3ujq,1000000000,
6aabd62a0b23824f282119d79d255af732fa5762a4ad7d0690a2d4dd651588ee,2023-12-26T05:18:44.581000,received,kaspa:qypezhcquytvvkfchjh88lt052ayw2fr7p4tphchegn3g2ydun0kfysndkt3ujq,1000000000,
6aabd62a0b23824f282119d79d255af732fa5762a4ad7d0690a2d4dd651588ee,2023-12-26T05:18:44.581000,received,kaspa:qypezhcquytvvkfchjh88lt052ayw2fr7p4tphchegn3g2ydun0kfysndkt3ujq,1000000000,
6aabd62a0b23824f282119d79d255af732fa5762a4ad7d0690a2d4dd651588ee,2023-12-26T05:18:44.581000,received,kaspa:qypezhcquytvvkfchjh88lt052ayw2fr7p4tphchegn3g2ydun0kfysndkt3ujq,1000000000,
6aabd62a0b23824f282119d79d255af732fa5762a4ad7d0690a2d4dd651588ee,2023-12-26T05:18:44.581000,received,kaspa:qypezhcquytvvkfchjh88lt052ayw2fr7p4tphchegn3g2ydun0kfysndkt3ujq,1000000000,
6aabd62a0b23824f282119d79d255af732fa5762a4ad7d0690a2d4dd651588ee,2023-12-26T05:18:44.581000,received,kaspa:qypezhcquytvvkfchjh88lt052ayw2fr7p4tphchegn3g2ydun0kfysndkt3ujq,1000000000,
6aabd62a0b23824f282119d79d255af732fa5762a4ad7d0690a2d4dd651588ee,2023-12-26T05:18:44.581000,received,kaspa:qypezhcquytvvkfchjh88lt052ayw2fr7p4tphchegn3g2ydun0kfysndkt3ujq,1000000000,
6aabd62a0b23824f282119d79d255af732fa5762a4ad7d0690a2d4dd651588ee,2023-12-26T05:18:44.581000,received,kaspa:qypezhcquytvvkfchjh88lt052ayw2fr7p4tphchegn3g2ydun0kfysndkt3ujq,1000000000,
6aabd62a0b23824f282119d79d255af732fa5762a4ad7d0690a2d4dd651588ee,2023-12-26T05:18:44.581000,received,kaspa:qypezhcquytvvkfchjh88lt052ayw2fr7p4tphchegn3g2ydun0kfysndkt3ujq,1000000000,
6aabd62a0b23824f282119d79d255af732fa5762a4ad7d0690a2d4dd651588ee,2023-12-26T05:18:44.581000,received,kaspa:qypezhcquytvvkfchjh88lt052ayw2fr7p4tphchegn3g2ydun0kfysndkt3ujq,1000000000,
6aabd62a0b23824f282119d79d255af732fa5762a4ad7d0690a2d4dd651588ee,2023-12-26T05:18:44.581000,received,kaspa:qypezhcquytvvkfchjh88lt052ayw2fr7p4tphchegn3g2ydun0kfysndkt3ujq,1000000000,
6aabd62a0b23824f282119d79d255af732fa5762a4ad7d0690a2d4dd651588ee,2023-12-26T05:18:44.581000,received,kaspa:qypezhcquytvvkfchjh88lt052ayw2fr7p4tphchegn3g2ydun0kfysndkt3ujq,1000000000,
6aabd62a0b23824f282119d79d255af732fa5762a4ad7d0690a2d4dd651588ee,2023-12-26T05:18:44.581000,received,kaspa:qypezhcquytvvkfchjh88lt052ayw2fr7p4tphchegn3g2ydun0kfysndkt3ujq,1000000000,
6aabd62a0b23824f282119d79d255af732fa5762a4ad7d0690a2d4dd651588ee,2023-12-26T05:18:44.581000,received,kaspa:qypezhcquytvvkfchjh88lt052ayw2fr7p4tphchegn3g2ydun0kfysndkt3ujq,1000000000,
6aabd62a0b23824f282119d79d255af732fa5762a4ad7d0690a2d4dd651588ee,2023-12-26T05:18:44.581000,received,kaspa:qypezhcquytvvkfchjh88lt052ayw2fr7p4tphchegn3g2ydun0kfysndkt3ujq,1000000000,
6aabd62a0b23824f282119d79d255af732fa5762a4ad7d0690a2d4dd651588ee,2023-12-26T05:18:44.581000,received,kaspa:qypezhcquytvvkfchjh88lt052ayw2fr7p4tphchegn3g2ydun0kfysndkt3ujq,1000000000,
6aabd62a0b23824f282119d79d255af732fa5762a4ad7d0690a2d4dd651588ee,2023-12-26T05:18:44.581000,received,kaspa:qypezhcquytvvkfchjh88lt052ayw2fr7p4tphchegn3g2ydun0kfysndkt3ujq,1000000000,
6aabd62a0b23824f282119d79d255af732fa5762a4ad7d0690a2d4dd651588ee,2023-12-26T05:18:44.581000,received,kaspa:qypezhcquytvvkfchjh88lt052ayw2fr7p4tphchegn3g2ydun0kfysndkt3ujq,1000000000,
6aabd62a0b23824f282119d79d255af732fa5762a4ad7d0690a2d4dd651588ee,2023-12-26T05:18:44.581000,received,kaspa:qypezhcquytvvkfchjh88lt052ayw2fr7p4tphchegn3g2ydun0kfysndkt3ujq,1000000000,
6aabd62a0b23824f282119d79d255af732fa5762a4ad7d0690a2d4dd651588ee,2023-12-26T05:18:44.581000,received,kaspa:qypezhcquytvvkfchjh88lt052ayw2fr7p4tphchegn3g2ydun0kfysndkt3ujq,1000000000,
6aabd62a0b23824f282119d79d255af732fa5762a4ad7d0690a2d4dd651588ee,2023-12-26T05:18:44.581000,received,kaspa:qypezhcquytvvkfchjh88lt052ayw2fr7p4tphchegn3g2ydun0kfysndkt3ujq,1000000000,
6aabd62a0b23824f282119d79d255af732fa5762a4ad7d0690a2d4dd651588ee,2023-12-26T05:18:44.581000,received,kaspa:qypezhcquytvvkfchjh88lt052ayw2fr7p4tphchegn3g2ydun0kfysndkt3ujq,1000000000,
6aabd62a0b23824f282119d79d255af732fa5762a4ad7d0690a2d4dd651588ee,2023-12-26T05:18:44.581000,received,kaspa:qypezhcquytvvkfchjh88lt052ayw2fr7p4tphchegn3g2ydun0kfysndkt3ujq,1000000000,
6aabd62a0b23824f282119d79d255af732fa5762a4ad7d0690a2d4dd651588ee,2023-12-26T05:18:44.581000,received,kaspa:qypezhcquytvvkfchjh88lt052ayw2fr7p4tphchegn3g2ydun0kfysndkt3ujq,1000000000,
6aabd62a0b23824f282119d79d255af732fa5762a4ad7d0690a2d4dd651588ee,2023-12-26T05:18:44.581000,received,kaspa:qypezhcquytvvkfchjh88lt052ayw2fr7p4tphchegn3g2ydun0kfysndkt3ujq,1000000000,
6aabd62a0b23824f282119d79d255af732fa5762a4ad7d0690a2d4dd651588ee,2023-12-26T05:18:44.581000,received,kaspa:qypezhcquytvvkfchjh88lt052ayw2fr7p4tphchegn3g2ydun0kfysndkt3ujq,1000000000,
6aabd62a0b23824f282119d79d255af732fa5762a4ad7d0690a2d4dd651588ee,2023-12-26T05:18:44.581000,received,kaspa:qypezhcquytvvkfchjh88lt052ayw2fr7p4tphchegn3g2ydun0kfysndkt3ujq,1000000000,
6aabd62a0b23824f282119d79d255af732fa5762a4ad7d0690a2d4dd651588ee,2023-12-26T05:18:44.581000,received,kaspa:qypezhcquytvvkfchjh88lt052ayw2fr7p4tphchegn3g2ydun0kfysndkt3ujq,1000000000,
6aabd62a0b23824f282119d79d255af732fa5762a4ad7d0690a2d4dd651588ee,2023-12-26T05:18:44.581000,received,kaspa:qypezhcquytvvkfchjh88lt052ayw2fr7p4tphchegn3g2ydun0kfysndkt3ujq,1000000000,
6aabd62a0b23824f282119d79d255af732fa5762a4ad7d0690a2d4dd651588ee,2023-12-26T05:18:44.581000,received,kaspa:qypezhcquytvvkfchjh88lt052ayw2fr7p4tphchegn3g2ydun0kfysndkt3ujq,1000000000,
6aabd62a0b23824f282119d79d255af732fa5762a4ad7d0690a2d4dd651588ee,2023-12-26T05:18:44.581000,received,kaspa:qypezhcquytvvkfchjh88lt052ayw2fr7p4tphchegn3g2ydun0kfysndkt3ujq,1000000000,
6aabd62a0b23824f282119d79d255af732fa5762a4ad7d0690a2d4dd651588ee,2023-12-26T05:18:44.581000,received,kaspa:qypezhcquytvvkfchjh88lt052ayw2fr7p4tphchegn3g2ydun0kfysndkt3ujq,1000000000,
6aabd62a0b23824f282119d79d255af732fa5762a4ad7d0690a2d4dd651588ee,2023-12-26T05:18:44.581000,received,kaspa:qypezhcquytvvkfchjh88lt052ayw2fr7p4tphchegn3g2ydun0kfysndkt3ujq,1000000000,
6aabd62a0b23824f282119d79d255af732fa5762a4ad7d0690a2d4dd651588ee,2023-12-26T05:18:44.581000,received,kaspa:qypezhcquytvvkfchjh88lt052ayw2fr7p4tphchegn3g2ydun0kfysndkt3ujq,1000000000,
ea5a888141dba0aca8864d001a5a3759489ca2f2b0e20570a3ab7549a6b0e01d,2023-09-13T21:08:18.218000,sent,kaspa:qqwvnkp47wsj6n4hkdlgj8dsauyx0xvefunnwvvsmpq2udd0ka8ckmpuqw3k5,4009999640000,
8a756dc1331b8dfe7a2d2253942a631d6c55109d69fe2b9dd3b9309e582616f8,2023-09-13T21:03:07.260000,received,kaspa:qypezhcquytvvkfchjh88lt052ayw2fr7p4tphchegn3g2ydun0kfysndkt3ujq,4009999740000,
8a756dc1331b8dfe7a2d2253942a631d6c55109d69fe2b9dd3b9309e582616f8,2023-09-13T21:03:07.260000,received,kaspa:qypezhcquytvvkfchjh88lt052ayw2fr7p4tphchegn3g2ydun0kfysndkt3ujq,4009999740000,
8a756dc1331b8dfe7a2d2253942a631d6c55109d69fe2b9dd3b9309e582616f8,2023-09-13T21:03:07.260000,received,kaspa:qypezhcquytvvkfchjh88lt052ayw2fr7p4tphchegn3g2ydun0kfysndkt3ujq,4009999740000,
8a756dc1331b8dfe7a2d2253942a631d6c55109d69fe2b9dd3b9309e582616f8,2023-09-13T21:03:07.260000,received,kaspa:qypezhcquytvvkfchjh88lt052ayw2fr7p4tphchegn3g2ydun0kfysndkt3ujq,4009999740000,
8a756dc1331b8dfe7a2d2253942a631d6c55109d69fe2b9dd3b9309e582616f8,2023-09-13T21:03:07.260000,received,kaspa:qypezhcquytvvkfchjh88lt052ayw2fr7p4tphchegn3g2ydun0kfysndkt3ujq,4009999740000,
8a756dc1331b8dfe7a2d2253942a631d6c55109d69fe2b9dd3b9309e582616f8,2023-09-13T21:03:07.260000,received,kaspa:qypezhcquytvvkfchjh88lt052ayw2fr7p4tphchegn3g2ydun0kfysndkt3ujq,4009999740000,
8a756dc1331b8dfe7a2d2253942a631d6c55109d69fe2b9dd3b9309e582616f8,2023-09-13T21:03:07.260000,received,kaspa:qypezhcquytvvkfchjh88lt052ayw2fr7p4tphchegn3g2ydun0kfysndkt3ujq,4009999740000,
8a756dc1331b8dfe7a2d2253942a631d6c55109d69fe2b9dd3b9309e582616f8,2023-09-13T21:03:07.260000,received,kaspa:qypezhcquytvvkfchjh88lt052ayw2fr7p4tphchegn3g2ydun0kfysndkt3ujq,4009999740000,
8a756dc1331b8dfe7a2d2253942a631d6c55109d69fe2b9dd3b9309e582616f8,2023-09-13T21:03:07.260000,received,kaspa:qypezhcquytvvkfchjh88lt052ayw2fr7p4tphchegn3g2ydun0kfysndkt3ujq,4009999740000,
8a756dc1331b8dfe7a2d2253942a631d6c55109d69fe2b9dd3b9309e582616f8,2023-09-13T21:03:07.260000,received,kaspa:qypezhcquytvvkfchjh88lt052ayw2fr7p4tphchegn3g2ydun0kfysndkt3ujq,4009999740000,
8a756dc1331b8dfe7a2d2253942a631d6c55109d69fe2b9dd3b9309e582616f8,2023-09-13T21:03:07.260000,received,kaspa:qypezhcquytvvkfchjh88lt052ayw2fr7p4tphchegn3g2ydun0kfysndkt3ujq,4009999740000,
8a756dc1331b8dfe7a2d2253942a631d6c55109d69fe2b9dd3b9309e582616f8,2023-09-13T21:03:07.260000,received,kaspa:qypezhcquytvvkfchjh88lt052ayw2fr7p4tphchegn3g2ydun0kfysndkt3ujq,4009999740000,
8a756dc1331b8dfe7a2d2253942a631d6c55109d69fe2b9dd3b9309e582616f8,2023-09-13T21:03:07.260000,received,kaspa:qypezhcquytvvkfchjh88lt052ayw2fr7p4tphchegn3g2ydun0kfysndkt3ujq,4009999740000,
8a756dc1331b8dfe7a2d2253942a631d6c55109d69fe2b9dd3b9309e582616f8,2023-09-13T21:03:07.260000,received,kaspa:qypezhcquytvvkfchjh88lt052ayw2fr7p4tphchegn3g2ydun0kfysndkt3ujq,4009999740000,
8a756dc1331b8dfe7a2d2253942a631d6c55109d69fe2b9dd3b9309e582616f8,2023-09-13T21:03:07.260000,received,kaspa:qypezhcquytvvkfchjh88lt052ayw2fr7p4tphchegn3g2ydun0kfysndkt3ujq,4009999740000,
8a756dc1331b8dfe7a2d2253942a631d6c55109d69fe2b9dd3b9309e582616f8,2023-09-13T21:03:07.260000,received,kaspa:qypezhcquytvvkfchjh88lt052ayw2fr7p4tphchegn3g2ydun0kfysndkt3ujq,4009999740000,
8a756dc1331b8dfe7a2d2253942a631d6c55109d69fe2b9dd3b9309e582616f8,2023-09-13T21:03:07.260000,received,kaspa:qypezhcquytvvkfchjh88lt052ayw2fr7p4tphchegn3g2ydun0kfysndkt3ujq,4009999740000,
8a756dc1331b8dfe7a2d2253942a631d6c55109d69fe2b9dd3b9309e582616f8,2023-09-13T21:03:07.260000,received,kaspa:qypezhcquytvvkfchjh88lt052ayw2fr7p4tphchegn3g2ydun0kfysndkt3ujq,4009999740000,
8a756dc1331b8dfe7a2d2253942a631d6c55109d69fe2b9dd3b9309e582616f8,2023-09-13T21:03:07.260000,received,kaspa:qypezhcquytvvkfchjh88lt052ayw2fr7p4tphchegn3g2ydun0kfysndkt3ujq,4009999740000,
8a756dc1331b8dfe7a2d2253942a631d6c55109d69fe2b9dd3b9309e582616f8,2023-09-13T21:03:07.260000,received,kaspa:qypezhcquytvvkfchjh88lt052ayw2fr7p4tphchegn3g2ydun0kfysndkt3ujq,4009999740000,
8a756dc1331b8dfe7a2d2253942a631d6c55109d69fe2b9dd3b9309e582616f8,2023-09-13T21:03:07.260000,received,kaspa:qypezhcquytvvkfchjh88lt052ayw2fr7p4tphchegn3g2ydun0kfysndkt3ujq,4009999740000,
8a756dc1331b8dfe7a2d2253942a631d6c55109d69fe2b9dd3b9309e582616f8,2023-09-13T21:03:07.260000,received,kaspa:qypezhcquytvvkfchjh88lt052ayw2fr7p4tphchegn3g2ydun0kfysndkt3ujq,4009999740000,
8a756dc1331b8dfe7a2d2253942a631d6c55109d69fe2b9dd3b9309e582616f8,2023-09-13T21:03:07.260000,received,kaspa:qypezhcquytvvkfchjh88lt052ayw2fr7p4tphchegn3g2ydun0kfysndkt3ujq,4009999740000,
8a756dc1331b8dfe7a2d2253942a631d6c55109d69fe2b9dd3b9309e582616f8,2023-09-13T21:03:07.260000,received,kaspa:qypezhcquytvvkfchjh88lt052ayw2fr7p4tphchegn3g2ydun0kfysndkt3ujq,4009999740000,
8a756dc1331b8dfe7a2d2253942a631d6c55109d69fe2b9dd3b9309e582616f8,2023-09-13T21:03:07.260000,received,kaspa:qypezhcquytvvkfchjh88lt052ayw2fr7p4tphchegn3g2ydun0kfysndkt3ujq,4009999740000,
8a756dc1331b8dfe7a2d2253942a631d6c55109d69fe2b9dd3b9309e582616f8,2023-09-13T21:03:07.260000,received,kaspa:qypezhcquytvvkfchjh88lt052ayw2fr7p4tphchegn3g2ydun0kfysndkt3ujq,4009999740000,
497a9a9af7d06e49a05c41fca7cae8ddd5c3e54dbd754e3debcfaea4872ec7d1,2023-08-19T07:29:01.929000,sent,kaspa:qqwvnkp47wsj6n4hkdlgj8dsauyx0xvefunnwvvsmpq2udd0ka8ckmpuqw3k5,4009999900000,
aee7928a992f9180d46d36a24d789d6f972753471b691b62d6c8bb80a2ae23d0,2023-08-19T07:27:51.657000,received,kaspa:qypezhcquytvvkfchjh88lt052ayw2fr7p4tphchegn3g2ydun0kfysndkt3ujq,4010000000000,
8418dd212e9e379e475fa1adba894feaa7f6ddd850350e77fa5d99a0e3113658,2023-08-15T11:16:27.185000,sent,kaspa:qqwvnkp47wsj6n4hkdlgj8dsauyx0xvefunnwvvsmpq2udd0ka8ckmpuqw3k5,4009999900000,
61234df9422e37f6a7585f1b54537b35decec7f73ed5ff4553f3afb8048ea1ae,2023-08-15T11:15:11.808000,received,kaspa:qypezhcquytvvkfchjh88lt052ayw2fr7p4tphchegn3g2ydun0kfysndkt3ujq,4010000000000,
0e5db63182cfc65b4a7289adf58a03321da6f6c47ce62af718c06f93637a9b7f,2023-08-11T15:25:44.318000,sent,kaspa:qqwvnkp47wsj6n4hkdlgj8dsauyx0xvefunnwvvsmpq2udd0ka8ckmpuqw3k5,4009999900000,
c1f6f5066612767336389d3808d3db2e47d4bcafbfd36381e586ca599728d235,2023-08-11T15:24:14.628000,received,kaspa:qypezhcquytvvkfchjh88lt052ayw2fr7p4tphchegn3g2ydun0kfysndkt3ujq,4010000000000,
c1f6f5066612767336389d3808d3db2e47d4bcafbfd36381e586ca599728d235,2023-08-11T15:24:14.628000,received,kaspa:qypezhcquytvvkfchjh88lt052ayw2fr7p4tphchegn3g2ydun0kfysndkt3ujq,4010000000000,
d0274d49c610bd5327ec69a21ec873eefbfc060ef9ef978336ea40964d8c8278,2023-08-06T14:51:22.324000,sent,kaspa:qqwvnkp47wsj6n4hkdlgj8dsauyx0xvefunnwvvsmpq2udd0ka8ckmpuqw3k5,4009999900000,
add8299fe61605ce1e2c74c91a825116791e23c1108ceab50aa01149845a2502,2023-08-06T14:50:06.482000,received,kaspa:qypezhcquytvvkfchjh88lt052ayw2fr7p4tphchegn3g2ydun0kfysndkt3ujq,4010000000000,
add8299fe61605ce1e2c74c91a825116791e23c1108ceab50aa01149845a2502,2023-08-06T14:50:06.482000,received,kaspa:qypezhcquytvvkfchjh88lt052ayw2fr7p4tphchegn3g2ydun0kfysndkt3ujq,4010000000000,
e104f67911a4fb6c7eb195dc1c3a85363b4bd3ac1ece2b4d51a058e22e85b7d3,2023-08-03T01:41:16.625000,sent,kaspa:qqwvnkp47wsj6n4hkdlgj8dsauyx0xvefunnwvvsmpq2udd0ka8ckmpuqw3k5,4009999900000,
47c07937646df89e7d55fedb7e1d8d1dd1314141350cad7bb8c2b16cd6f47494,2023-08-03T01:40:08.749000,received,kaspa:qypezhcquytvvkfchjh88lt052ayw2fr7p4tphchegn3g2ydun0kfysndkt3ujq,4010000000000,
23a168a2351b0fe632f33dd9a48656a555ad2dd2ea6177188110d083b2b5b083,2023-08-03T01:17:55.129000,sent,kaspa:qqwvnkp47wsj6n4hkdlgj8dsauyx0xvefunnwvvsmpq2udd0ka8ckmpuqw3k5,4009999900000,
dd38b2a988678334d33dcb6f5daf83849a42a85fe594f20954cedc9fb845d79e,2023-08-03T01:16:05.091000,received,kaspa:qypezhcquytvvkfchjh88lt052ayw2fr7p4tphchegn3g2ydun0kfysndkt3ujq,4010000000000,
dd38b2a988678334d33dcb6f5daf83849a42a85fe594f20954cedc9fb845d79e,2023-08-03T01:16:05.091000,received,kaspa:qypezhcquytvvkfchjh88lt052ayw2fr7p4tphchegn3g2ydun0kfysndkt3ujq,4010000000000,
dd38b2a988678334d33dcb6f5daf83849a42a85fe594f20954cedc9fb845d79e,2023-08-03T01:16:05.091000,received,kaspa:qypezhcquytvvkfchjh88lt052ayw2fr7p4tphchegn3g2ydun0kfysndkt3ujq,4010000000000,
6f69f20fec812596d59594ae4dfd61cd78e05bbaf8909075d865bb91aa0cd8a6,2023-07-24T03:15:31.717000,sent,kaspa:qqwvnkp47wsj6n4hkdlgj8dsauyx0xvefunnwvvsmpq2udd0ka8ckmpuqw3k5,2005600054344,
a1035fc42c43b8883d0b74e78bba66cb2d2cb7dc2ca90db9c7baa62788b817f5,2023-07-24T03:02:51.486000,sent,kaspa:qqwvnkp47wsj6n4hkdlgj8dsauyx0xvefunnwvvsmpq2udd0ka8ckmpuqw3k5,2014399745656,
a1035fc42c43b8883d0b74e78bba66cb2d2cb7dc2ca90db9c7baa62788b817f5,2023-07-24T03:02:51.486000,sent,kaspa:qqwvnkp47wsj6n4hkdlgj8dsauyx0xvefunnwvvsmpq2udd0ka8ckmpuqw3k5,2014399745656,
27c61e7ceab97c48ba5dc58a425155d3c13d3a8a048900ada1ce54611ae28179,2023-07-24T03:01:21.172000,received,kaspa:qypezhcquytvvkfchjh88lt052ayw2fr7p4tphchegn3g2ydun0kfysndkt3ujq,2010000000000,
58e04fbab6c46a3596cfa1e122241488abf87e85f24ae5cbf40394c99d916541,2023-07-24T02:53:32.049000,received,kaspa:qypezhcquytvvkfchjh88lt052ayw2fr7p4tphchegn3g2ydun0kfysndkt3ujq,2010000000000,
17328d47604804b25ca8893d6f874e97b4f7b06c00764f5175deeaa0edf7f886,2023-07-24T02:47:26.985000,sent,kaspa:qqwvnkp47wsj6n4hkdlgj8dsauyx0xvefunnwvvsmpq2udd0ka8ckmpuqw3k5,2009999900000,
c849f8590d7c82527767e36569f122ffbb85276da38428e0928db17ddf018796,2023-07-24T02:45:42.851000,received,kaspa:qypezhcquytvvkfchjh88lt052ayw2fr7p4tphchegn3g2ydun0kfysndkt3ujq,2010000000000,
e1288a2b2f7d940398596c45dadc8e2cb0cabac43fcba8c629f2ca58b2dd77c2,2023-07-24T02:34:50.524000,sent,kaspa:qqwvnkp47wsj6n4hkdlgj8dsauyx0xvefunnwvvsmpq2udd0ka8ckmpuqw3k5,2009999900000,
04f08f4ea1839e2f640dd28af435a12be48ab053b60e7ab584855a86768323b7,2023-07-24T02:33:00.833000,received,kaspa:qypezhcquytvvkfchjh88lt052ayw2fr7p4tphchegn3g2ydun0kfysndkt3ujq,2010000000000,
44822f5524b7d64c817d925b6360af698713599289392da99a408d4ed8ee09a6,2023-07-11T02:31:08.712000,sent,kaspa:qqwvnkp47wsj6n4hkdlgj8dsauyx0xvefunnwvvsmpq2udd0ka8ckmpuqw3k5,1009999900000,
44822f5524b7d64c817d925b6360af698713599289392da99a408d4ed8ee09a6,2023-07-11T02:31:08.712000,sent,kaspa:qqwvnkp47wsj6n4hkdlgj8dsauyx0xvefunnwvvsmpq2udd0ka8ckmpuqw3k5,1009999900000,
9e0cfac92171f210d6d28ff1bcd737c8faae773a1f3fcb89b37fd16a36eb66f9,2023-07-11T02:08:40.750000,received,kaspa:qypezhcquytvvkfchjh88lt052ayw2fr7p4tphchegn3g2ydun0kfysndkt3ujq,909000000000,
4af2e3f98f0d85e6f5ddd3163ce1c784c0140a4d966da76929f980a874574999,2023-07-11T02:01:41.879000,received,kaspa:qypezhcquytvvkfchjh88lt052ayw2fr7p4tphchegn3g2ydun0kfysndkt3ujq,101000000000,
005e6af7592c4697c974cd9c0aa4408b8906a8ab4530ac04671f6e4b944c0b57,2023-07-10T12:27:46.876000,sent,kaspa:qqwvnkp47wsj6n4hkdlgj8dsauyx0xvefunnwvvsmpq2udd0ka8ckmpuqw3k5,1009999900000,
dcf67a0b73bf2edfa6ee7075a269fff8e9da1368d89381643a6d96d04b81f653,2023-07-10T12:25:38.052000,received,kaspa:qypezhcquytvvkfchjh88lt052ayw2fr7p4tphchegn3g2ydun0kfysndkt3ujq,1010000000000,
dcf67a0b73bf2edfa6ee7075a269fff8e9da1368d89381643a6d96d04b81f653,2023-07-10T12:25:38.052000,received,kaspa:qypezhcquytvvkfchjh88lt052ayw2fr7p4tphchegn3g2ydun0kfysndkt3ujq,1010000000000,
709533765173c42d8a97d3e1906035279e4cf17a83697c492d419fda139c59bd,2023-07-09T16:25:16.038000,sent,kaspa:qqwvnkp47wsj6n4hkdlgj8dsauyx0xvefunnwvvsmpq2udd0ka8ckmpuqw3k5,1009999900000,
2f0e830ffbdc7a9203fe2c635e5dc5fdf6ca9e85e52f57e07938b49001d9fb95,2023-07-09T16:23:13.536000,received,kaspa:qypezhcquytvvkfchjh88lt052ayw2fr7p4tphchegn3g2ydun0kfysndkt3ujq,1010000000000,
6e62bb959b635c414d0614777a9da1b5d0c6313e6954ccc7165fb4be663961b4,2023-07-08T06:22:09.795000,sent,kaspa:qqwvnkp47wsj6n4hkdlgj8dsauyx0xvefunnwvvsmpq2udd0ka8ckmpuqw3k5,1009999900000,
6596bb995509c075a2231f764211ed33b9467f27ecaef4f28353c5c64b2a1afa,2023-07-08T06:20:32.047000,received,kaspa:qypezhcquytvvkfchjh88lt052ayw2fr7p4tphchegn3g2ydun0kfysndkt3ujq,1010000000000,
6596bb995509c075a2231f764211ed33b9467f27ecaef4f28353c5c64b2a1afa,2023-07-08T06:20:32.047000,received,kaspa:qypezhcquytvvkfchjh88lt052ayw2fr7p4tphchegn3g2ydun0kfysndkt3ujq,1010000000000,
6596bb995509c075a2231f764211ed33b9467f27ecaef4f28353c5c64b2a1afa,2023-07-08T06:20:32.047000,received,kaspa:qypezhcquytvvkfchjh88lt052ayw2fr7p4tphchegn3g2ydun0kfysndkt3ujq,1010000000000,
2d7b3b44a027d1dbd8b5ee1b20b4584bd44667492d4b51f226a6a0f47f5ee9e0,2023-07-07T00:30:47.838000,sent,kaspa:qqwvnkp47wsj6n4hkdlgj8dsauyx0xvefunnwvvsmpq2udd0ka8ckmpuqw3k5,230505565210,
77f77a3d5ab2b4945914c750cfa9a4dbcd6791d4470986ee993986aeb253b42e,2023-07-07T00:28:26.086000,received,kaspa:qq777h335jvp03rjd050nqfkdn6ux23vrmdnhl2g5apz9fulu4qvcz8xyvaye,230505665210,
77f77a3d5ab2b4945914c750cfa9a4dbcd6791d4470986ee993986aeb253b42e,2023-07-07T00:28:26.086000,received,kaspa:qq777h335jvp03rjd050nqfkdn6ux23vrmdnhl2g5apz9fulu4qvcz8xyvaye,230505665210,
77f77a3d5ab2b4945914c750cfa9a4dbcd6791d4470986ee993986aeb253b42e,2023-07-07T00:28:26.086000,received,kaspa:qq777h335jvp03rjd050nqfkdn6ux23vrmdnhl2g5apz9fulu4qvcz8xyvaye,230505665210,
77f77a3d5ab2b4945914c750cfa9a4dbcd6791d4470986ee993986aeb253b42e,2023-07-07T00:28:26.086000,received,kaspa:qq777h335jvp03rjd050nqfkdn6ux23vrmdnhl2g5apz9fulu4qvcz8xyvaye,230505665210,
77f77a3d5ab2b4945914c750cfa9a4dbcd6791d4470986ee993986aeb253b42e,2023-07-07T00:28:26.086000,received,kaspa:qq777h335jvp03rjd050nqfkdn6ux23vrmdnhl2g5apz9fulu4qvcz8xyvaye,230505665210,
77f77a3d5ab2b4945914c750cfa9a4dbcd6791d4470986ee993986aeb253b42e,2023-07-07T00:28:26.086000,received,kaspa:qq777h335jvp03rjd050nqfkdn6ux23vrmdnhl2g5apz9fulu4qvcz8xyvaye,230505665210,
77f77a3d5ab2b4945914c750cfa9a4dbcd6791d4470986ee993986aeb253b42e,2023-07-07T00:28:26.086000,received,kaspa:qq777h335jvp03rjd050nqfkdn6ux23vrmdnhl2g5apz9fulu4qvcz8xyvaye,230505665210,
77f77a3d5ab2b4945914c750cfa9a4dbcd6791d4470986ee993986aeb253b42e,2023-07-07T00:28:26.086000,received,kaspa:qq777h335jvp03rjd050nqfkdn6ux23vrmdnhl2g5apz9fulu4qvcz8xyvaye,230505665210,
77f77a3d5ab2b4945914c750cfa9a4dbcd6791d4470986ee993986aeb253b42e,2023-07-07T00:28:26.086000,received,kaspa:qq777h335jvp03rjd050nqfkdn6ux23vrmdnhl2g5apz9fulu4qvcz8xyvaye,230505665210,
77f77a3d5ab2b4945914c750cfa9a4dbcd6791d4470986ee993986aeb253b42e,2023-07-07T00:28:26.086000,received,kaspa:qq777h335jvp03rjd050nqfkdn6ux23vrmdnhl2g5apz9fulu4qvcz8xyvaye,230505665210,
77f77a3d5ab2b4945914c750cfa9a4dbcd6791d4470986ee993986aeb253b42e,2023-07-07T00:28:26.086000,received,kaspa:qq777h335jvp03rjd050nqfkdn6ux23vrmdnhl2g5apz9fulu4qvcz8xyvaye,230505665210,
ab29531b57e1018b6c3bf26e32ea12ec041fa2ebe6a2f2e287ad8633e1d64a63,2023-07-07T00:13:21.644000,sent,kaspa:qqwvnkp47wsj6n4hkdlgj8dsauyx0xvefunnwvvsmpq2udd0ka8ckmpuqw3k5,17999999900000,
9cddeb2c86c4c092c28922bcfa8435a259d9f9b02388237eee53c080f6524474,2023-07-07T00:11:18.712000,received,kaspa:qypezhcquytvvkfchjh88lt052ayw2fr7p4tphchegn3g2ydun0kfysndkt3ujq,18000000000000,
c8b0b5583ece2cee80db2a3d4ed3797477ab9d017d4e0c01ddc70f4de0703ecd,2023-07-06T21:04:00.620000,sent,kaspa:qqwvnkp47wsj6n4hkdlgj8dsauyx0xvefunnwvvsmpq2udd0ka8ckmpuqw3k5,1000099900000,
1fbdd6a2d7616e5f7b2b81e59b56f83f8e3b77d685095718143b38ea8898918e,2023-07-06T20:40:10.123000,received,kaspa:qypezhcquytvvkfchjh88lt052ayw2fr7p4tphchegn3g2ydun0kfysndkt3ujq,1000100000000,
1fbdd6a2d7616e5f7b2b81e59b56f83f8e3b77d685095718143b38ea8898918e,2023-07-06T20:40:10.123000,received,kaspa:qypezhcquytvvkfchjh88lt052ayw2fr7p4tphchegn3g2ydun0kfysndkt3ujq,1000100000000,
a76dd43a69f3e56b024e49e1ead73ae77efe0c541506dd13ce464e112471ce2f,2023-04-13T12:43:07.021000,sent,kaspa:qqy3rpav26xt0wh8xr5q3c66ccfc9a8dc4f4dtvjezfuqv600pjtu36ttcdcw,71132733017259,
a76dd43a69f3e56b024e49e1ead73ae77efe0c541506dd13ce464e112471ce2f,2023-04-13T12:43:07.021000,sent,kaspa:qqy3rpav26xt0wh8xr5q3c66ccfc9a8dc4f4dtvjezfuqv600pjtu36ttcdcw,71132733017259,
a76dd43a69f3e56b024e49e1ead73ae77efe0c541506dd13ce464e112471ce2f,2023-04-13T12:43:07.021000,sent,kaspa:qqy3rpav26xt0wh8xr5q3c66ccfc9a8dc4f4dtvjezfuqv600pjtu36ttcdcw,71132733017259,
a76dd43a69f3e56b024e49e1ead73ae77efe0c541506dd13ce464e112471ce2f,2023-04-13T12:43:07.021000,sent,kaspa:qqy3rpav26xt0wh8xr5q3c66ccfc9a8dc4f4dtvjezfuqv600pjtu36ttcdcw,71132733017259,
a76dd43a69f3e56b024e49e1ead73ae77efe0c541506dd13ce464e112471ce2f,2023-04-13T12:43:07.021000,sent,kaspa:qqy3rpav26xt0wh8xr5q3c66ccfc9a8dc4f4dtvjezfuqv600pjtu36ttcdcw,71132733017259,
dab14ef2feaf8bbb552246b53d55eb652475afa37c90a7f1e9688fed670e3c3e,2023-04-11T23:08:11.038000,received,kaspa:qq777h335jvp03rjd050nqfkdn6ux23vrmdnhl2g5apz9fulu4qvcz8xyvaye,1079459181187,
dab14ef2feaf8bbb552246b53d55eb652475afa37c90a7f1e9688fed670e3c3e,2023-04-11T23:08:11.038000,received,kaspa:qq777h335jvp03rjd050nqfkdn6ux23vrmdnhl2g5apz9fulu4qvcz8xyvaye,1079459181187,
dab14ef2feaf8bbb552246b53d55eb652475afa37c90a7f1e9688fed670e3c3e,2023-04-11T23:08:11.038000,received,kaspa:qq777h335jvp03rjd050nqfkdn6ux23vrmdnhl2g5apz9fulu4qvcz8xyvaye,1079459181187,
dab14ef2feaf8bbb552246b53d55eb652475afa37c90a7f1e9688fed670e3c3e,2023-04-11T23:08:11.038000,received,kaspa:qq777h335jvp03rjd050nqfkdn6ux23vrmdnhl2g5apz9fulu4qvcz8xyvaye,1079459181187,
dab14ef2feaf8bbb552246b53d55eb652475afa37c90a7f1e9688fed670e3c3e,2023-04-11T23:08:11.038000,received,kaspa:qq777h335jvp03rjd050nqfkdn6ux23vrmdnhl2g5apz9fulu4qvcz8xyvaye,1079459181187,
dab14ef2feaf8bbb552246b53d55eb652475afa37c90a7f1e9688fed670e3c3e,2023-04-11T23:08:11.038000,received,kaspa:qq777h335jvp03rjd050nqfkdn6ux23vrmdnhl2g5apz9fulu4qvcz8xyvaye,1079459181187,
dab14ef2feaf8bbb552246b53d55eb652475afa37c90a7f1e9688fed670e3c3e,2023-04-11T23:08:11.038000,received,kaspa:qq777h335jvp03rjd050nqfkdn6ux23vrmdnhl2g5apz9fulu4qvcz8xyvaye,1079459181187,
dab14ef2feaf8bbb552246b53d55eb652475afa37c90a7f1e9688fed670e3c3e,2023-04-11T23:08:11.038000,received,kaspa:qq777h335jvp03rjd050nqfkdn6ux23vrmdnhl2g5apz9fulu4qvcz8xyvaye,1079459181187,
dab14ef2feaf8bbb552246b53d55eb652475afa37c90a7f1e9688fed670e3c3e,2023-04-11T23:08:11.038000,received,kaspa:qq777h335jvp03rjd050nqfkdn6ux23vrmdnhl2g5apz9fulu4qvcz8xyvaye,1079459181187,
dab14ef2feaf8bbb552246b53d55eb652475afa37c90a7f1e9688fed670e3c3e,2023-04-11T23:08:11.038000,received,kaspa:qq777h335jvp03rjd050nqfkdn6ux23vrmdnhl2g5apz9fulu4qvcz8xyvaye,1079459181187,
dab14ef2feaf8bbb552246b53d55eb652475afa37c90a7f1e9688fed670e3c3e,2023-04-11T23:08:11.038000,received,kaspa:qq777h335jvp03rjd050nqfkdn6ux23vrmdnhl2g5apz9fulu4qvcz8xyvaye,1079459181187,
dab14ef2feaf8bbb552246b53d55eb652475afa37c90a7f1e9688fed670e3c3e,2023-04-11T23:08:11.038000,received,kaspa:qq777h335jvp03rjd050nqfkdn6ux23vrmdnhl2g5apz9fulu4qvcz8xyvaye,1079459181187,
dab14ef2feaf8bbb552246b53d55eb652475afa37c90a7f1e9688fed670e3c3e,2023-04-11T23:08:11.038000,received,kaspa:qq777h335jvp03rjd050nqfkdn6ux23vrmdnhl2g5apz9fulu4qvcz8xyvaye,1079459181187,
dab14ef2feaf8bbb552246b53d55eb652475afa37c90a7f1e9688fed670e3c3e,2023-04-11T23:08:11.038000,received,kaspa:qq777h335jvp03rjd050nqfkdn6ux23vrmdnhl2g5apz9fulu4qvcz8xyvaye,1079459181187,
dab14ef2feaf8bbb552246b53d55eb652475afa37c90a7f1e9688fed670e3c3e,2023-04-11T23:08:11.038000,received,kaspa:qq777h335jvp03rjd050nqfkdn6ux23vrmdnhl2g5apz9fulu4qvcz8xyvaye,1079459181187,
dab14ef2feaf8bbb552246b53d55eb652475afa37c90a7f1e9688fed670e3c3e,2023-04-11T23:08:11.038000,received,kaspa:qq777h335jvp03rjd050nqfkdn6ux23vrmdnhl2g5apz9fulu4qvcz8xyvaye,1079459181187,
dab14ef2feaf8bbb552246b53d55eb652475afa37c90a7f1e9688fed670e3c3e,2023-04-11T23:08:11.038000,received,kaspa:qq777h335jvp03rjd050nqfkdn6ux23vrmdnhl2g5apz9fulu4qvcz8xyvaye,1079459181187,
95c138efc4bba9db663c63938a637d7c1d69f7727733f316cd5dee71a7e9e877,2023-04-03T18:31:08.829000,received,kaspa:qq777h335jvp03rjd050nqfkdn6ux23vrmdnhl2g5apz9fulu4qvcz8xyvaye,798191484920,
95c138efc4bba9db663c63938a637d7c1d69f7727733f316cd5dee71a7e9e877,2023-04-03T18:31:08.829000,received,kaspa:qq777h335jvp03rjd050nqfkdn6ux23vrmdnhl2g5apz9fulu4qvcz8xyvaye,798191484920,
95c138efc4bba9db663c63938a637d7c1d69f7727733f316cd5dee71a7e9e877,2023-04-03T18:31:08.829000,received,kaspa:qq777h335jvp03rjd050nqfkdn6ux23vrmdnhl2g5apz9fulu4qvcz8xyvaye,798191484920,
95c138efc4bba9db663c63938a637d7c1d69f7727733f316cd5dee71a7e9e877,2023-04-03T18:31:08.829000,received,kaspa:qq777h335jvp03rjd050nqfkdn6ux23vrmdnhl2g5apz9fulu4qvcz8xyvaye,798191484920,
95c138efc4bba9db663c63938a637d7c1d69f7727733f316cd5dee71a7e9e877,2023-04-03T18:31:08.829000,received,kaspa:qq777h335jvp03rjd050nqfkdn6ux23vrmdnhl2g5apz9fulu4qvcz8xyvaye,798191484920,
95c138efc4bba9db663c63938a637d7c1d69f7727733f316cd5dee71a7e9e877,2023-04-03T18:31:08.829000,received,kaspa:qq777h335jvp03rjd050nqfkdn6ux23vrmdnhl2g5apz9fulu4qvcz8xyvaye,798191484920,
95c138efc4bba9db663c63938a637d7c1d69f7727733f316cd5dee71a7e9e877,2023-04-03T18:31:08.829000,received,kaspa:qq777h335jvp03rjd050nqfkdn6ux23vrmdnhl2g5apz9fulu4qvcz8xyvaye,798191484920,
95c138efc4bba9db663c63938a637d7c1d69f7727733f316cd5dee71a7e9e877,2023-04-03T18:31:08.829000,received,kaspa:qq777h335jvp03rjd050nqfkdn6ux23vrmdnhl2g5apz9fulu4qvcz8xyvaye,798191484920,
95c138efc4bba9db663c63938a637d7c1d69f7727733f316cd5dee71a7e9e877,2023-04-03T18:31:08.829000,received,kaspa:qq777h335jvp03rjd050nqfkdn6ux23vrmdnhl2g5apz9fulu4qvcz8xyvaye,798191484920,
95c138efc4bba9db663c63938a637d7c1d69f7727733f316cd5dee71a7e9e877,2023-04-03T18:31:08.829000,received,kaspa:qq777h335jvp03rjd050nqfkdn6ux23vrmdnhl2g5apz9fulu4qvcz8xyvaye,798191484920,
95c138efc4bba9db663c63938a637d7c1d69f7727733f316cd5dee71a7e9e877,2023-04-03T18:31:08.829000,received,kaspa:qq777h335jvp03rjd050nqfkdn6ux23vrmdnhl2g5apz9fulu4qvcz8xyvaye,798191484920,
f73c0e6f94aec24c653c17abfec15bad48e9dc8bfc69265439464476ce1c97ad,2023-03-29T06:52:51.040000,received,kaspa:qq777h335jvp03rjd050nqfkdn6ux23vrmdnhl2g5apz9fulu4qvcz8xyvaye,670238897171,
f73c0e6f94aec24c653c17abfec15bad48e9dc8bfc69265439464476ce1c97ad,2023-03-29T06:52:51.040000,received,kaspa:qq777h335jvp03rjd050nqfkdn6ux23vrmdnhl2g5apz9fulu4qvcz8xyvaye,670238897171,
f73c0e6f94aec24c653c17abfec15bad48e9dc8bfc69265439464476ce1c97ad,2023-03-29T06:52:51.040000,received,kaspa:qq777h335jvp03rjd050nqfkdn6ux23vrmdnhl2g5apz9fulu4qvcz8xyvaye,670238897171,
f73c0e6f94aec24c653c17abfec15bad48e9dc8bfc69265439464476ce1c97ad,2023-03-29T06:52:51.040000,received,kaspa:qq777h335jvp03rjd050nqfkdn6ux23vrmdnhl2g5apz9fulu4qvcz8xyvaye,670238897171,
f73c0e6f94aec24c653c17abfec15bad48e9dc8bfc69265439464476ce1c97ad,2023-03-29T06:52:51.040000,received,kaspa:qq777h335jvp03rjd050nqfkdn6ux23vrmdnhl2g5apz9fulu4qvcz8xyvaye,670238897171,
f73c0e6f94aec24c653c17abfec15bad48e9dc8bfc69265439464476ce1c97ad,2023-03-29T06:52:51.040000,received,kaspa:qq777h335jvp03rjd050nqfkdn6ux23vrmdnhl2g5apz9fulu4qvcz8xyvaye,670238897171,
f73c0e6f94aec24c653c17abfec15bad48e9dc8bfc69265439464476ce1c97ad,2023-03-29T06:52:51.040000,received,kaspa:qq777h335jvp03rjd050nqfkdn6ux23vrmdnhl2g5apz9fulu4qvcz8xyvaye,670238897171,
f73c0e6f94aec24c653c17abfec15bad48e9dc8bfc69265439464476ce1c97ad,2023-03-29T06:52:51.040000,received,kaspa:qq777h335jvp03rjd050nqfkdn6ux23vrmdnhl2g5apz9fulu4qvcz8xyvaye,670238897171,
e3180f0a5054aa665be91ac9f4dc964df478baa87baed1f5c49e3603af75b691,2023-03-25T05:09:46.833000,received,kaspa:qq777h335jvp03rjd050nqfkdn6ux23vrmdnhl2g5apz9fulu4qvcz8xyvaye,422797207396,
e3180f0a5054aa665be91ac9f4dc964df478baa87baed1f5c49e3603af75b691,2023-03-25T05:09:46.833000,received,kaspa:qq777h335jvp03rjd050nqfkdn6ux23vrmdnhl2g5apz9fulu4qvcz8xyvaye,422797207396,
e3180f0a5054aa665be91ac9f4dc964df478baa87baed1f5c49e3603af75b691,2023-03-25T05:09:46.833000,received,kaspa:qq777h335jvp03rjd050nqfkdn6ux23vrmdnhl2g5apz9fulu4qvcz8xyvaye,422797207396,
e3180f0a5054aa665be91ac9f4dc964df478baa87baed1f5c49e3603af75b691,2023-03-25T05:09:46.833000,received,kaspa:qq777h335jvp03rjd050nqfkdn6ux23vrmdnhl2g5apz9fulu4qvcz8xyvaye,422797207396,
e3180f0a5054aa665be91ac9f4dc964df478baa87baed1f5c49e3603af75b691,2023-03-25T05:09:46.833000,received,kaspa:qq777h335jvp03rjd050nqfkdn6ux23vrmdnhl2g5apz9fulu4qvcz8xyvaye,422797207396,
d9391670cb1d51599f2f94fef7ec326882a7f1d0b8da5a185d40fc0294d1bd99,2023-03-25T05:08:43.081000,sent,kaspa:qz797a5csznzvtdzfy0uny2jpw9jjevz38s0qytpayl4p35guzv4qw962dwuy,1500000000000,
d9391670cb1d51599f2f94fef7ec326882a7f1d0b8da5a185d40fc0294d1bd99,2023-03-25T05:08:43.081000,sent,kaspa:qz797a5csznzvtdzfy0uny2jpw9jjevz38s0qytpayl4p35guzv4qw962dwuy,1500000000000,
d9391670cb1d51599f2f94fef7ec326882a7f1d0b8da5a185d40fc0294d1bd99,2023-03-25T05:08:43.081000,sent,kaspa:qz797a5csznzvtdzfy0uny2jpw9jjevz38s0qytpayl4p35guzv4qw962dwuy,1500000000000,
d9391670cb1d51599f2f94fef7ec326882a7f1d0b8da5a185d40fc0294d1bd99,2023-03-25T05:08:43.081000,sent,kaspa:qz797a5csznzvtdzfy0uny2jpw9jjevz38s0qytpayl4p35guzv4qw962dwuy,1500000000000,
0722c4ae70ff410fea2bb38acef4dca8e487fd773f7a7b4a76265535d2d78b19,2023-03-22T15:56:14.457000,received,kaspa:qrelgny7sr3vahq69yykxx36m65gvmhryxrlwngfzgu8xkdslum2yxjp3ap8m,1192799000000,Gate.io
526e4c9c037874410c68a3da2ded4948602fd97d29f3d2b0e3f567277b6de68d,2023-03-22T15:46:38.340000,received,kaspa:qq777h335jvp03rjd050nqfkdn6ux23vrmdnhl2g5apz9fulu4qvcz8xyvaye,728050055184,
526e4c9c037874410c68a3da2ded4948602fd97d29f3d2b0e3f567277b6de68d,2023-03-22T15:46:38.340000,received,kaspa:qq777h335jvp03rjd050nqfkdn6ux23vrmdnhl2g5apz9fulu4qvcz8xyvaye,728050055184,
526e4c9c037874410c68a3da2ded4948602fd97d29f3d2b0e3f567277b6de68d,2023-03-22T15:46:38.340000,received,kaspa:qq777h335jvp03rjd050nqfkdn6ux23vrmdnhl2g5apz9fulu4qvcz8xyvaye,728050055184,
526e4c9c037874410c68a3da2ded4948602fd97d29f3d2b0e3f567277b6de68d,2023-03-22T15:46:38.340000,received,kaspa:qq777h335jvp03rjd050nqfkdn6ux23vrmdnhl2g5apz9fulu4qvcz8xyvaye,728050055184,
526e4c9c037874410c68a3da2ded4948602fd97d29f3d2b0e3f567277b6de68d,2023-03-22T15:46:38.340000,received,kaspa:qq777h335jvp03rjd050nqfkdn6ux23vrmdnhl2g5apz9fulu4qvcz8xyvaye,728050055184,
526e4c9c037874410c68a3da2ded4948602fd97d29f3d2b0e3f567277b6de68d,2023-03-22T15:46:38.340000,received,kaspa:qq777h335jvp03rjd050nqfkdn6ux23vrmdnhl2g5apz9fulu4qvcz8xyvaye,728050055184,
526e4c9c037874410c68a3da2ded4948602fd97d29f3d2b0e3f567277b6de68d,2023-03-22T15:46:38.340000,received,kaspa:qq777h335jvp03rjd050nqfkdn6ux23vrmdnhl2g5apz9fulu4qvcz8xyvaye,728050055184,
526e4c9c037874410c68a3da2ded4948602fd97d29f3d2b0e3f567277b6de68d,2023-03-22T15:46:38.340000,received,kaspa:qq777h335jvp03rjd050nqfkdn6ux23vrmdnhl2g5apz9fulu4qvcz8xyvaye,728050055184,
2ed51f06e14044472eba9f6902fc5b97d4a884485427e53fceec46566ca6d715,2023-03-12T14:37:18.991000,received,kaspa:qq777h335jvp03rjd050nqfkdn6ux23vrmdnhl2g5apz9fulu4qvcz8xyvaye,67540997506690,
2ed51f06e14044472eba9f6902fc5b97d4a884485427e53fceec46566ca6d715,2023-03-12T14:37:18.991000,received,kaspa:qq777h335jvp03rjd050nqfkdn6ux23vrmdnhl2g5apz9fulu4qvcz8xyvaye,67540997506690,
2ed51f06e14044472eba9f6902fc5b97d4a884485427e53fceec46566ca6d715,2023-03-12T14:37:18.991000,received,kaspa:qq777h335jvp03rjd050nqfkdn6ux23vrmdnhl2g5apz9fulu4qvcz8xyvaye,67540997506690,
2ed51f06e14044472eba9f6902fc5b97d4a884485427e53fceec46566ca6d715,2023-03-12T14:37:18.991000,received,kaspa:qq777h335jvp03rjd050nqfkdn6ux23vrmdnhl2g5apz9fulu4qvcz8xyvaye,67540997506690,
2ed51f06e14044472eba9f6902fc5b97d4a884485427e53fceec46566ca6d715,2023-03-12T14:37:18.991000,received,kaspa:qq777h335jvp03rjd050nqfkdn6ux23vrmdnhl2g5apz9fulu4qvcz8xyvaye,67540997506690,
2ed51f06e14044472eba9f6902fc5b97d4a884485427e53fceec46566ca6d715,2023-03-12T14:37:18.991000,received,kaspa:qq777h335jvp03rjd050nqfkdn6ux23vrmdnhl2g5apz9fulu4qvcz8xyvaye,67540997506690,
2ed51f06e14044472eba9f6902fc5b97d4a884485427e53fceec46566ca6d715,2023-03-12T14:37:18.991000,received,kaspa:qq777h335jvp03rjd050nqfkdn6ux23vrmdnhl2g5apz9fulu4qvcz8xyvaye,67540997506690,
2ed51f06e14044472eba9f6902fc5b97d4a884485427e53fceec46566ca6d715,2023-03-12T14:37:18.991000,received,kaspa:qq777h335jvp03rjd050nqfkdn6ux23vrmdnhl2g5apz9fulu4qvcz8xyvaye,67540997506690,
2ed51f06e14044472eba9f6902fc5b97d4a884485427e53fceec46566ca6d715,2023-03-12T14:37:18.991000,received,kaspa:qq777h335jvp03rjd050nqfkdn6ux23vrmdnhl2g5apz9fulu4qvcz8xyvaye,67540997506690,
2ed51f06e14044472eba9f6902fc5b97d4a884485427e53fceec46566ca6d715,2023-03-12T14:37:18.991000,received,kaspa:qq777h335jvp03rjd050nqfkdn6ux23vrmdnhl2g5apz9fulu4qvcz8xyvaye,67540997506690,
2ed51f06e14044472eba9f6902fc5b97d4a884485427e53fceec46566ca6d715,2023-03-12T14:37:18.991000,received,kaspa:qq777h335jvp03rjd050nqfkdn6ux23vrmdnhl2g5apz9fulu4qvcz8xyvaye,67540997506690,
2ed51f06e14044472eba9f6902fc5b97d4a884485427e53fceec46566ca6d715,2023-03-12T14:37:18.991000,received,kaspa:qq777h335jvp03rjd050nqfkdn6ux23vrmdnhl2g5apz9fulu4qvcz8xyvaye,67540997506690,
2ed51f06e14044472eba9f6902fc5b97d4a884485427e53fceec46566ca6d715,2023-03-12T14:37:18.991000,received,kaspa:qq777h335jvp03rjd050nqfkdn6ux23vrmdnhl2g5apz9fulu4qvcz8xyvaye,67540997506690,
2ed51f06e14044472eba9f6902fc5b97d4a884485427e53fceec46566ca6d715,2023-03-12T14:37:18.991000,received,kaspa:qq777h335jvp03rjd050nqfkdn6ux23vrmdnhl2g5apz9fulu4qvcz8xyvaye,67540997506690,
2ed51f06e14044472eba9f6902fc5b97d4a884485427e53fceec46566ca6d715,2023-03-12T14:37:18.991000,received,kaspa:qq777h335jvp03rjd050nqfkdn6ux23vrmdnhl2g5apz9fulu4qvcz8xyvaye,67540997506690,
2ed51f06e14044472eba9f6902fc5b97d4a884485427e53fceec46566ca6d715,2023-03-12T14:37:18.991000,received,kaspa:qq777h335jvp03rjd050nqfkdn6ux23vrmdnhl2g5apz9fulu4qvcz8xyvaye,67540997506690,
2ed51f06e14044472eba9f6902fc5b97d4a884485427e53fceec46566ca6d715,2023-03-12T14:37:18.991000,received,kaspa:qq777h335jvp03rjd050nqfkdn6ux23vrmdnhl2g5apz9fulu4qvcz8xyvaye,67540997506690,
2ed51f06e14044472eba9f6902fc5b97d4a884485427e53fceec46566ca6d715,2023-03-12T14:37:18.991000,received,kaspa:qq777h335jvp03rjd050nqfkdn6ux23vrmdnhl2g5apz9fulu4qvcz8xyvaye,67540997506690,
2ed51f06e14044472eba9f6902fc5b97d4a884485427e53fceec46566ca6d715,2023-03-12T14:37:18.991000,received,kaspa:qq777h335jvp03rjd050nqfkdn6ux23vrmdnhl2g5apz9fulu4qvcz8xyvaye,67540997506690,
2ed51f06e14044472eba9f6902fc5b97d4a884485427e53fceec46566ca6d715,2023-03-12T14:37:18.991000,received,kaspa:qpunukm3s9d8am5d8wptk74l2em593767wygxgz4njdh9m03aqjwzk39qzdcs,67540997506690,
2ed51f06e14044472eba9f6902fc5b97d4a884485427e53fceec46566ca6d715,2023-03-12T14:37:18.991000,received,kaspa:qq777h335jvp03rjd050nqfkdn6ux23vrmdnhl2g5apz9fulu4qvcz8xyvaye,67540997506690,
2ed51f06e14044472eba9f6902fc5b97d4a884485427e53fceec46566ca6d715,2023-03-12T14:37:18.991000,received,kaspa:qq777h335jvp03rjd050nqfkdn6ux23vrmdnhl2g5apz9fulu4qvcz8xyvaye,67540997506690,
2ed51f06e14044472eba9f6902fc5b97d4a884485427e53fceec46566ca6d715,2023-03-12T14:37:18.991000,received,kaspa:qq777h335jvp03rjd050nqfkdn6ux23vrmdnhl2g5apz9fulu4qvcz8xyvaye,67540997506690,
2ed51f06e14044472eba9f6902fc5b97d4a884485427e53fceec46566ca6d715,2023-03-12T14:37:18.991000,received,kaspa:qq777h335jvp03rjd050nqfkdn6ux23vrmdnhl2g5apz9fulu4qvcz8xyvaye,67540997506690,
2ed51f06e14044472eba9f6902fc5b97d4a884485427e53fceec46566ca6d715,2023-03-12T14:37:18.991000,received,kaspa:qq777h335jvp03rjd050nqfkdn6ux23vrmdnhl2g5apz9fulu4qvcz8xyvaye,67540997506690,
2ed51f06e14044472eba9f6902fc5b97d4a884485427e53fceec46566ca6d715,2023-03-12T14:37:18.991000,received,kaspa:qq777h335jvp03rjd050nqfkdn6ux23vrmdnhl2g5apz9fulu4qvcz8xyvaye,67540997506690,
2ed51f06e14044472eba9f6902fc5b97d4a884485427e53fceec46566ca6d715,2023-03-12T14:37:18.991000,received,kaspa:qq777h335jvp03rjd050nqfkdn6ux23vrmdnhl2g5apz9fulu4qvcz8xyvaye,67540997506690,
2ed51f06e14044472eba9f6902fc5b97d4a884485427e53fceec46566ca6d715,2023-03-12T14:37:18.991000,received,kaspa:qzv5y8qmm0d05x9x8ckrhdacpavspac63czgce8qfpypwdsq48mk7pfty2rw0,67540997506690,
2ed51f06e14044472eba9f6902fc5b97d4a884485427e53fceec46566ca6d715,2023-03-12T14:37:18.991000,received,kaspa:qq777h335jvp03rjd050nqfkdn6ux23vrmdnhl2g5apz9fulu4qvcz8xyvaye,67540997506690,
2ed51f06e14044472eba9f6902fc5b97d4a884485427e53fceec46566ca6d715,2023-03-12T14:37:18.991000,received,kaspa:qparnl7my5gnj9wuw0khgqjntlewmhsnvpm3u2573zhasmngqww9w0vs20tcl,67540997506690,
1009965a612cf9e454f8cc4cf93e00c11d8b14d9ed8331f273d1308737d7eee3,2023-03-12T14:33:57.474000,sent,kaspa:qparnl7my5gnj9wuw0khgqjntlewmhsnvpm3u2573zhasmngqww9w0vs20tcl,100000000000,
1009965a612cf9e454f8cc4cf93e00c11d8b14d9ed8331f273d1308737d7eee3,2023-03-12T14:33:57.474000,sent,kaspa:qparnl7my5gnj9wuw0khgqjntlewmhsnvpm3u2573zhasmngqww9w0vs20tcl,100000000000,
ab9bc26537dfe5e5f3120fbf86d5726674f6ea7d5de1572c4aeee82547e5a504,2023-03-12T04:41:43.899000,received,kaspa:qqceagetcdj8pr5w4p5ycvhladu4y4sgqrsr340uats4n2tjggk072cx76av9,100099987931,
b60b22328836d05bc35b3b44cdde2597c8292532e2202873eb995c9b99436b5b,2023-03-12T04:38:21.501000,received,kaspa:qq777h335jvp03rjd050nqfkdn6ux23vrmdnhl2g5apz9fulu4qvcz8xyvaye,200099996780,
b60b22328836d05bc35b3b44cdde2597c8292532e2202873eb995c9b99436b5b,2023-03-12T04:38:21.501000,received,kaspa:qq777h335jvp03rjd050nqfkdn6ux23vrmdnhl2g5apz9fulu4qvcz8xyvaye,200099996780,
