tx_id,timestamp,direction,peer_address,amount_sompi,cex_label
2536310b9258a7eecd4a650c6d4560ff3948479c7884b678d4bdfdd4d8dfb511,2023-12-16T05:15:47.537000,sent,kaspa:qzslgwenzu78t6tldlng383g7ruu4enaljmnkgaulyrscjp7ldt26x8gfxck5,171940000,
2536310b9258a7eecd4a650c6d4560ff3948479c7884b678d4bdfdd4d8dfb511,2023-12-16T05:15:47.537000,sent,kaspa:qzslgwenzu78t6tldlng383g7ruu4enaljmnkgaulyrscjp7ldt26x8gfxck5,171940000,
8b1d52686eb3c509275b98d8e2167dbcc2c211daaa52a6c895341b0e9eebe84a,2023-12-13T05:38:13.706000,received,kaspa:qypswxtcrv4ssyjaswy5w9387vq73mkuyq85tl34cee6qn5uexqy0csgnafnjx7,171000000,
247c8f00ecbc821c4473508069da046910cbfe35b9b741d3720324e5a71224c7,2023-11-29T21:36:33.562000,sent,kaspa:qypfte2d8m82mf7wezj2uc6w9syzhsg7ees7v2fkfwrezdz20fv465sqgv4hm4u,18000000,
c974f3097b60b72f896100baa01537e2a4aa3105e0e2f5584ab04990b75ae647,2023-11-29T05:34:44.556000,received,kaspa:qpw309ql97qqj6zc80wuq0pw64sw4n2l0jhq3lpx7amn38z4s02tj0dhumqnq,19000000,
