tx_id,timestamp,direction,peer_address,amount_sompi,cex_label
d0c970711c332e9212eac14459b1fcdca32fda6dc515ddbfed015e7ece7f24ae,2023-12-16T04:32:16.088000,sent,kaspa:qzslgwenzu78t6tldlng383g7ruu4enaljmnkgaulyrscjp7ldt26x8gfxck5,171940000,
d0c970711c332e9212eac14459b1fcdca32fda6dc515ddbfed015e7ece7f24ae,2023-12-16T04:32:16.088000,sent,kaspa:qzslgwenzu78t6tldlng383g7ruu4enaljmnkgaulyrscjp7ldt26x8gfxck5,171940000,
574d2b4f8802b021c5e8e8f9b5c3fefa2bd2dac213b96e2073f0374846439ac0,2023-12-12T17:20:08.710000,received,kaspa:qypswxtcrv4ssyjaswy5w9387vq73mkuyq85tl34cee6qn5uexqy0csgnafnjx7,171000000,
5d9d14a81cc210f23b9d7e908985897cbe7a0dabb6bb832050e14ed9f8ef8f3e,2023-11-29T05:34:46.285000,sent,kaspa:qyp5r5u9cc58af5zh9ufs7vs37tk9jvm4rwancufj4jvarr63tl77zc6kt75ywg,18000000,
e7ce5a4b75b01f8a5fc88bff6e0e8320e96b616e9d0e61be7943d6386cab6d7a,2023-11-28T17:48:20.641000,received,kaspa:qpst6xz7793hkwsh0aa30sdt73cmpd5h4eqahmwa0w6872d0knwf5dd3cj9qe,19000000,
