tx_id,timestamp,direction,peer_address,amount_sompi,cex_label
4caa483624df97e8fafcdcf66c424543f811958f4db06558a86b168fd1dd3f06,2023-12-16T04:12:13.342000,sent,kaspa:qzslgwenzu78t6tldlng383g7ruu4enaljmnkgaulyrscjp7ldt26x8gfxck5,171940000,
4caa483624df97e8fafcdcf66c424543f811958f4db06558a86b168fd1dd3f06,2023-12-16T04:12:13.342000,sent,kaspa:qzslgwenzu78t6tldlng383g7ruu4enaljmnkgaulyrscjp7ldt26x8gfxck5,171940000,
b8d6819455adf958899060c514d4a1d5a38da215d044d21f6d4bb7b4dd87521c,2023-12-12T09:00:33.132000,received,kaspa:qypswxtcrv4ssyjaswy5w9387vq73mkuyq85tl34cee6qn5uexqy0csgnafnjx7,171000000,
81c6df557802d9659c11676cbfb3ab316ecb2c2f7511b0303c83375086f9ac93,2023-11-28T11:55:24.447000,sent,kaspa:qyp5vvhp54m0ak2zrdwl3fq7h33ajflpzxwm0eknq2e9f824esv9vyqzh2eek78,18000000,
21f48203dbd0d15d11de10650c2388416cfc6eff0e8db256b9e0363fce767817,2023-11-27T10:46:46.220000,received,kaspa:qqxrda0n7wx2zyhkxu2gx3hc5mraf7l7h90szkz8vrs4sa9cf0hvc6ysg6shy,19000000,
