tx_id,timestamp,direction,peer_address,amount_sompi,cex_label
73df37dd5578ed8dbc8761a53abd71165be2ca46e289ca5fe746397e3504cd83,2024-03-30T15:24:23.460000,sent,kaspa:qq9zagcza4jt76eev9jl5z0nqhe0thcu7js8larktj4sle7lvgnw7sfcewlty,17430000000000,
73df37dd5578ed8dbc8761a53abd71165be2ca46e289ca5fe746397e3504cd83,2024-03-30T15:24:23.460000,sent,kaspa:qq9zagcza4jt76eev9jl5z0nqhe0thcu7js8larktj4sle7lvgnw7sfcewlty,17430000000000,
73df37dd5578ed8dbc8761a53abd71165be2ca46e289ca5fe746397e3504cd83,2024-03-30T15:24:23.460000,sent,kaspa:qq9zagcza4jt76eev9jl5z0nqhe0thcu7js8larktj4sle7lvgnw7sfcewlty,17430000000000,
1c24f494af3096f66350619820ed93fcae98f32113b7702491e8f3c1cd5923ec,2023-09-13T00:54:49.862000,received,kaspa:qq6r9cfm00zzz0swpvf7ypaj454zmr3qrc8kqtlwqhz0ru8g3n2ssma279ssd,3459338410000,
1c24f494af3096f66350619820ed93fcae98f32113b7702491e8f3c1cd5923ec,2023-09-13T00:54:49.862000,received,kaspa:qq3up5d3shr386ts2qqelfvurf6u9zkwcn5u0g8txjm2sqyejyglvmxr6akar,3459338410000,
1c24f494af3096f66350619820ed93fcae98f32113b7702491e8f3c1cd5923ec,2023-09-13T00:54:49.862000,received,kaspa:qrljseuve7duzcavkgrxrgpzuraue9phg5cmfaynvq2qj3cfql79wvra4xp0v,3459338410000,
1c24f494af3096f66350619820ed93fcae98f32113b7702491e8f3c1cd5923ec,2023-09-13T00:54:49.862000,received,kaspa:qzfuvafpkl3wtnjtqyzecm0xvh40t4l0lt8kgnqzy8dgca3th8xqqfq2lz4kv,3459338410000,
30d6f7e185d73a28bdde0f819937342ab7e6a95e07dfe649bc4fc713ca680269,2023-09-10T17:39:11.958000,received,kaspa:qzn3mutwgyv88l0ra8pzaas3rsq7ljmxp9nzlf6k2x2p99y202k05pr5pn2dx,13899000000000,
30d6f7e185d73a28bdde0f819937342ab7e6a95e07dfe649bc4fc713ca680269,2023-09-10T17:39:11.958000,received,kaspa:qpavay8r7spjwr4rafnhny0hcmt4u0yue2hxrhaxtxpuw6xnsulj2ye4rv9hc,13899000000000,
30d6f7e185d73a28bdde0f819937342ab7e6a95e07dfe649bc4fc713ca680269,2023-09-10T17:39:11.958000,received,kaspa:qq5tntp6c3paprujgsvp8zxvpytlr8jd9pkkhc4tm426eyk4zcyyj8h2umfgx,13899000000000,
30d6f7e185d73a28bdde0f819937342ab7e6a95e07dfe649bc4fc713ca680269,2023-09-10T17:39:11.958000,received,kaspa:qp0gg57z07l7xf3m8xh8rpk6rkpfhpt53efc2r3ymrf2w4q39ydwjjevv8l88,13899000000000,
fce12e39092518cd855666144c9b3c3536fe5d9c29ce91135f87d5c6e9b564bc,2023-09-10T17:36:41.893000,received,kaspa:qzdqmu33amy7sd57hk9zys8pnujvyxu363su6taazlyzq4d8lq8x2jtju4dgz,99000000000,
