tx_id,timestamp,direction,peer_address,amount_sompi,cex_label
6709e20d332ded58c426fecbf8f70a92403eea9afb2f9580c3d3a66cf3375b63,2025-01-05T19:13:39.816000,sent,kaspa:qqa3rmchhffpjpxmaadhu5g6y78w6z4nk6mha6r0qt56m2n8szvqsw893su43,704500000000,
6709e20d332ded58c426fecbf8f70a92403eea9afb2f9580c3d3a66cf3375b63,2025-01-05T19:13:39.816000,sent,kaspa:qqa3rmchhffpjpxmaadhu5g6y78w6z4nk6mha6r0qt56m2n8szvqsw893su43,704500000000,
cf51266e1c98930d0a331652eea9bfe3ee8eb36674a931941c00c8702c90139e,2025-01-02T23:46:10.060000,received,kaspa:qqetp7ct8kqss99fxmymyz5t3fezppxp0t58wl6pawp27elqd46uudme00cl0,686199000000,
cf51266e1c98930d0a331652eea9bfe3ee8eb36674a931941c00c8702c90139e,2025-01-02T23:46:10.060000,received,kaspa:qpzpfwcsqsxhxwup26r55fd0ghqlhyugz8cp6y3wxuddc02vcxtjg75pspnwz,686199000000,MEXC
0d502e737757cde6f85c4da81d4d84f7f50207be931780d6485bdee25a2e6af4,2024-08-06T09:30:10.606000,sent,kaspa:qz9sxmpuaxpf8wr8phlc9wxawvquxzvxc940xalzmedqt5uwdgx5slcdnpyu7,1210000000000,
0d502e737757cde6f85c4da81d4d84f7f50207be931780d6485bdee25a2e6af4,2024-08-06T09:30:10.606000,sent,kaspa:qz9sxmpuaxpf8wr8phlc9wxawvquxzvxc940xalzmedqt5uwdgx5slcdnpyu7,1210000000000,
57f3fc6b40fcdbc225438a154d6a19e133bed5961bc660569f31a10f5bcc7b83,2024-08-05T21:22:06.937000,received,kaspa:qqetp7ct8kqss99fxmymyz5t3fezppxp0t58wl6pawp27elqd46uudme00cl0,1211341000000,
57f3fc6b40fcdbc225438a154d6a19e133bed5961bc660569f31a10f5bcc7b83,2024-08-05T21:22:06.937000,received,kaspa:qpzpfwcsqsxhxwup26r55fd0ghqlhyugz8cp6y3wxuddc02vcxtjg75pspnwz,1211341000000,MEXC
ef7fab6d4e1e2c97afaeafbf8370b6bd881b7c1c9f7248503f198dff82be89cc,2024-08-05T03:03:20.059000,sent,kaspa:qz9sxmpuaxpf8wr8phlc9wxawvquxzvxc940xalzmedqt5uwdgx5slcdnpyu7,1010000000000,
ef7fab6d4e1e2c97afaeafbf8370b6bd881b7c1c9f7248503f198dff82be89cc,2024-08-05T03:03:20.059000,sent,kaspa:qz9sxmpuaxpf8wr8phlc9wxawvquxzvxc940xalzmedqt5uwdgx5slcdnpyu7,1010000000000,
a1cacec79079fac2274136a79715d12d263f6bb40fe833663ca37bde059c7f90,2024-08-02T23:08:07.170000,received,kaspa:qqetp7ct8kqss99fxmymyz5t3fezppxp0t58wl6pawp27elqd46uudme00cl0,1020683000000,
a1cacec79079fac2274136a79715d12d263f6bb40fe833663ca37bde059c7f90,2024-08-02T23:08:07.170000,received,kaspa:qpzpfwcsqsxhxwup26r55fd0ghqlhyugz8cp6y3wxuddc02vcxtjg75pspnwz,1020683000000,MEXC
614a1a8e4deaeea5782cef49706103a0cb93b56d66a6005eb957aebdff97efa3,2024-07-27T08:44:24.129000,sent,kaspa:qz9sxmpuaxpf8wr8phlc9wxawvquxzvxc940xalzmedqt5uwdgx5slcdnpyu7,1000000000000,
614a1a8e4deaeea5782cef49706103a0cb93b56d66a6005eb957aebdff97efa3,2024-07-27T08:44:24.129000,sent,kaspa:qz9sxmpuaxpf8wr8phlc9wxawvquxzvxc940xalzmedqt5uwdgx5slcdnpyu7,1000000000000,
bd7de3ad69938d6a7a6254e682cffbcf992b8cb1511e8f2d0fb08eab88994707,2024-07-19T11:50:05.635000,received,kaspa:qqetp7ct8kqss99fxmymyz5t3fezppxp0t58wl6pawp27elqd46uudme00cl0,990788990000,
bd7de3ad69938d6a7a6254e682cffbcf992b8cb1511e8f2d0fb08eab88994707,2024-07-19T11:50:05.635000,received,kaspa:qpzpfwcsqsxhxwup26r55fd0ghqlhyugz8cp6y3wxuddc02vcxtjg75pspnwz,990788990000,MEXC
9604658d49fe4b254df290afa43ec1078ecb457804e7b78a92cda28efbaa859f,2024-06-08T13:55:40.487000,sent,kaspa:qz9sxmpuaxpf8wr8phlc9wxawvquxzvxc940xalzmedqt5uwdgx5slcdnpyu7,800000000000,
9604658d49fe4b254df290afa43ec1078ecb457804e7b78a92cda28efbaa859f,2024-06-08T13:55:40.487000,sent,kaspa:qz9sxmpuaxpf8wr8phlc9wxawvquxzvxc940xalzmedqt5uwdgx5slcdnpyu7,800000000000,
bdf153809dbabf6a6473bbcafc8e5e9f28cae748e3bb14c3ab33cec4ca214a89,2024-06-08T13:48:31.885000,received,kaspa:qq9zagcza4jt76eev9jl5z0nqhe0thcu7js8larktj4sle7lvgnw7sfcewlty,64100568111,
bdf153809dbabf6a6473bbcafc8e5e9f28cae748e3bb14c3ab33cec4ca214a89,2024-06-08T13:48:31.885000,received,kaspa:qq9zagcza4jt76eev9jl5z0nqhe0thcu7js8larktj4sle7lvgnw7sfcewlty,64100568111,
bdf153809dbabf6a6473bbcafc8e5e9f28cae748e3bb14c3ab33cec4ca214a89,2024-06-08T13:48:31.885000,received,kaspa:qq9zagcza4jt76eev9jl5z0nqhe0thcu7js8larktj4sle7lvgnw7sfcewlty,64100568111,
bdf153809dbabf6a6473bbcafc8e5e9f28cae748e3bb14c3ab33cec4ca214a89,2024-06-08T13:48:31.885000,received,kaspa:qq9zagcza4jt76eev9jl5z0nqhe0thcu7js8larktj4sle7lvgnw7sfcewlty,64100568111,
bdf153809dbabf6a6473bbcafc8e5e9f28cae748e3bb14c3ab33cec4ca214a89,2024-06-08T13:48:31.885000,received,kaspa:qq9zagcza4jt76eev9jl5z0nqhe0thcu7js8larktj4sle7lvgnw7sfcewlty,64100568111,
bdf153809dbabf6a6473bbcafc8e5e9f28cae748e3bb14c3ab33cec4ca214a89,2024-06-08T13:48:31.885000,received,kaspa:qq9zagcza4jt76eev9jl5z0nqhe0thcu7js8larktj4sle7lvgnw7sfcewlty,64100568111,
fe80b9c55b868d3d90f81896e0113d698fd54c4404937f0d9466c7b88d247641,2024-06-03T18:05:36.955000,sent,kaspa:qqa3rmchhffpjpxmaadhu5g6y78w6z4nk6mha6r0qt56m2n8szvqsw893su43,315000000000,
fe80b9c55b868d3d90f81896e0113d698fd54c4404937f0d9466c7b88d247641,2024-06-03T18:05:36.955000,sent,kaspa:qqa3rmchhffpjpxmaadhu5g6y78w6z4nk6mha6r0qt56m2n8szvqsw893su43,315000000000,
ebc2dc1aca64ccbb02da8a1ac21e39bfeb258466ad241573a364e3ab521b5eba,2024-05-08T09:33:05.385000,received,kaspa:qqetp7ct8kqss99fxmymyz5t3fezppxp0t58wl6pawp27elqd46uudme00cl0,718314000000,
ebc2dc1aca64ccbb02da8a1ac21e39bfeb258466ad241573a364e3ab521b5eba,2024-05-08T09:33:05.385000,received,kaspa:qpzpfwcsqsxhxwup26r55fd0ghqlhyugz8cp6y3wxuddc02vcxtjg75pspnwz,718314000000,MEXC
42b9a795517de57cc5cbdae4b9fb4f5cad8d91477d1cb83c6c081fcb7710402d,2024-04-18T07:18:20.152000,sent,kaspa:qz9sxmpuaxpf8wr8phlc9wxawvquxzvxc940xalzmedqt5uwdgx5slcdnpyu7,700000000000,
42b9a795517de57cc5cbdae4b9fb4f5cad8d91477d1cb83c6c081fcb7710402d,2024-04-18T07:18:20.152000,sent,kaspa:qz9sxmpuaxpf8wr8phlc9wxawvquxzvxc940xalzmedqt5uwdgx5slcdnpyu7,700000000000,
a47fab535c780347401c4e3565c3a987051f3aa5a0feb57db3a6a0f99c44f855,2024-03-27T10:07:04.316000,received,kaspa:qpzpfwcsqsxhxwup26r55fd0ghqlhyugz8cp6y3wxuddc02vcxtjg75pspnwz,799000000000,MEXC
a47fab535c780347401c4e3565c3a987051f3aa5a0feb57db3a6a0f99c44f855,2024-03-27T10:07:04.316000,received,kaspa:qpzpfwcsqsxhxwup26r55fd0ghqlhyugz8cp6y3wxuddc02vcxtjg75pspnwz,799000000000,MEXC
9d133aaf4417a2e2d694028865fee9bc54b425677e69392c20e3ccfec378ece9,2024-03-27T08:44:16.345000,sent,kaspa:qz9sxmpuaxpf8wr8phlc9wxawvquxzvxc940xalzmedqt5uwdgx5slcdnpyu7,1000000000000,
9d133aaf4417a2e2d694028865fee9bc54b425677e69392c20e3ccfec378ece9,2024-03-27T08:44:16.345000,sent,kaspa:qz9sxmpuaxpf8wr8phlc9wxawvquxzvxc940xalzmedqt5uwdgx5slcdnpyu7,1000000000000,
9d133aaf4417a2e2d694028865fee9bc54b425677e69392c20e3ccfec378ece9,2024-03-27T08:44:16.345000,sent,kaspa:qz9sxmpuaxpf8wr8phlc9wxawvquxzvxc940xalzmedqt5uwdgx5slcdnpyu7,1000000000000,
a9fa38356028498a1443f294b07c17501ad95d58948606b039b63e70ba5013fe,2024-03-03T13:05:05.118000,received,kaspa:qpzpfwcsqsxhxwup26r55fd0ghqlhyugz8cp6y3wxuddc02vcxtjg75pspnwz,180484490000,MEXC
a9fa38356028498a1443f294b07c17501ad95d58948606b039b63e70ba5013fe,2024-03-03T13:05:05.118000,received,kaspa:qpzpfwcsqsxhxwup26r55fd0ghqlhyugz8cp6y3wxuddc02vcxtjg75pspnwz,180484490000,MEXC
9612409962e510ee3c01776c668dfed41d0c6f65919a1873d3d09f3072f04f54,2024-03-03T10:28:07.651000,received,kaspa:qqetp7ct8kqss99fxmymyz5t3fezppxp0t58wl6pawp27elqd46uudme00cl0,170189000000,
9612409962e510ee3c01776c668dfed41d0c6f65919a1873d3d09f3072f04f54,2024-03-03T10:28:07.651000,received,kaspa:qpzpfwcsqsxhxwup26r55fd0ghqlhyugz8cp6y3wxuddc02vcxtjg75pspnwz,170189000000,MEXC
15e6d93a63de11c81f3bf6853cb1e5b01e563179b4b48f1838277c54f5fd7998,2024-02-27T11:07:02.949000,received,kaspa:qqetp7ct8kqss99fxmymyz5t3fezppxp0t58wl6pawp27elqd46uudme00cl0,899000909817,
15e6d93a63de11c81f3bf6853cb1e5b01e563179b4b48f1838277c54f5fd7998,2024-02-27T11:07:02.949000,received,kaspa:qqetp7ct8kqss99fxmymyz5t3fezppxp0t58wl6pawp27elqd46uudme00cl0,899000909817,
68a5cadfb351970b60d08b7ef69a36aeb90f2b0974b31997644ed16cd837b90b,2024-01-11T12:50:25.468000,sent,kaspa:qz9sxmpuaxpf8wr8phlc9wxawvquxzvxc940xalzmedqt5uwdgx5slcdnpyu7,1515157909817,
68a5cadfb351970b60d08b7ef69a36aeb90f2b0974b31997644ed16cd837b90b,2024-01-11T12:50:25.468000,sent,kaspa:qz9sxmpuaxpf8wr8phlc9wxawvquxzvxc940xalzmedqt5uwdgx5slcdnpyu7,1515157909817,
68a5cadfb351970b60d08b7ef69a36aeb90f2b0974b31997644ed16cd837b90b,2024-01-11T12:50:25.468000,sent,kaspa:qz9sxmpuaxpf8wr8phlc9wxawvquxzvxc940xalzmedqt5uwdgx5slcdnpyu7,1515157909817,
99e081969363b634f664e2360e395fdcf2b5023230eb9f0f053cd1a233f59ea4,2024-01-03T16:53:27.165000,received,kaspa:qpq94ntnvy8p9q6wrdwtn37xtspgashrydc0kuu8ctpyxulmh0wlxh2807zdh,99000009817,
3b16150f8088abba1461cfc6fd537636bb2f8af6d314e4793e1353e4c923f54b,2023-12-26T22:50:06.066000,received,kaspa:qqetp7ct8kqss99fxmymyz5t3fezppxp0t58wl6pawp27elqd46uudme00cl0,115660000000,
08745d1b0d8bd5711c9e52ee41b9e74aadd60ad1885ac66f6455d2e5da03e54a,2023-12-23T09:35:06,received,kaspa:qqetp7ct8kqss99fxmymyz5t3fezppxp0t58wl6pawp27elqd46uudme00cl0,1300498000000,
