tx_id,timestamp,direction,peer_address,amount_sompi,cex_label
72d235e36849487927b3d481fdea1063a23ee21661a35dda72f408e79d9c980e,2023-12-16T04:28:43.744000,sent,kaspa:qzslgwenzu78t6tldlng383g7ruu4enaljmnkgaulyrscjp7ldt26x8gfxck5,171940000,
72d235e36849487927b3d481fdea1063a23ee21661a35dda72f408e79d9c980e,2023-12-16T04:28:43.744000,sent,kaspa:qzslgwenzu78t6tldlng383g7ruu4enaljmnkgaulyrscjp7ldt26x8gfxck5,171940000,
a4ed89f5be33f36525b6b68ec573f9720226f403008d073bb150b96ee638c55f,2023-12-12T13:17:00.408000,received,kaspa:qypswxtcrv4ssyjaswy5w9387vq73mkuyq85tl34cee6qn5uexqy0csgnafnjx7,171000000,
c91f46551be99043c0881eb99bc3cdf0fe0b4d19120a5f9230ff3d66b8ca8a58,2023-11-28T18:07:07.139000,sent,kaspa:qyp7vrzj8y2s7y5935s3gyns3czuwf27605a074uzn04fyqnpu48duqd5leeq4z,18000000,
2e9e7745250a0808a182c969fdc115441d88169191ca93b43211922609e4f6e9,2023-11-28T06:22:47.768000,received,kaspa:qr5fd84m2hrt4lkqt6s5gjc2lwlsve5vd4eqyvtz3uagvau68w5d2zkljale4,19000000,
