tx_id,timestamp,direction,peer_address,amount_sompi,cex_label
5098b3b4b70802f579ba8e9a10097de1c99f48f48da136db680841e256c04fa2,2023-12-16T04:45:50.539000,sent,kaspa:qzslgwenzu78t6tldlng383g7ruu4enaljmnkgaulyrscjp7ldt26x8gfxck5,171940000,
5098b3b4b70802f579ba8e9a10097de1c99f48f48da136db680841e256c04fa2,2023-12-16T04:45:50.539000,sent,kaspa:qzslgwenzu78t6tldlng383g7ruu4enaljmnkgaulyrscjp7ldt26x8gfxck5,171940000,
b5825d42e2604781f0fdfaab16e80f7e5ff36b0b39ca258e7e3337863c3efdbf,2023-12-12T21:02:56.530000,received,kaspa:qypswxtcrv4ssyjaswy5w9387vq73mkuyq85tl34cee6qn5uexqy0csgnafnjx7,171000000,
7fbceb61a7acb53cc810a432c975119a9adc2b252e29ca56ed3b064a66c6f1ac,2023-11-29T11:50:12.861000,sent,kaspa:qypt0fnyhgcvvpgn396kaqqgt7jxlzdwfw3zfpz5r3rax8c5jg2qdsqq3q6lyfa,18000000,
f8e3d0ede289c3e46b6f6c6c7ebbedb8d6157ddd5d5d7f62a26cb7923115ba24,2023-11-27T22:01:54.317000,received,kaspa:qq8g5jhys5cvz58grz84uealpfzza7m75e44nvxqzwynqx25pushgdgjts76c,19000000,
