tx_id,timestamp,direction,peer_address,amount_sompi,cex_label
6124be9275bd2a69f89647893b27dda3f9f4ab06b16e1ddbb8312c173b5fdca5,2025-03-17T01:46:11.695000,sent,kaspa:qpjunp39ssazf4rzfxxu0hd35xggfxn6lq0ls9u9q6peevzcmcv4xmv9q4njd,667690975547,
254e88faabc26d8a9173dc072eb3c89d05ea84b2f99b0068819877a4650a4cc7,2025-03-16T13:38:37.556000,received,kaspa:qyphwahuhwwsk5c8y447yrqexl4kq80mte6cl0vgn9nmy7zgd0c07jscmjvr6jz,10000673746,
bf986847895cba586fb76ae50bc0fe0dafd0ca9c8643f59157de984f2c03c1bc,2025-03-10T15:44:08.098000,sent,kaspa:qpzpfwcsqsxhxwup26r55fd0ghqlhyugz8cp6y3wxuddc02vcxtjg75pspnwz,10000000000000,MEXC
bf986847895cba586fb76ae50bc0fe0dafd0ca9c8643f59157de984f2c03c1bc,2025-03-10T15:44:08.098000,sent,kaspa:qpjunp39ssazf4rzfxxu0hd35xggfxn6lq0ls9u9q6peevzcmcv4xmv9q4njd,9588577487,
4851c848fc8aebb4785db97f03a5c2d13555ff02141852047297636d192263af,2025-03-09T15:42:00.919000,received,kaspa:qyphwahuhwwsk5c8y447yrqexl4kq80mte6cl0vgn9nmy7zgd0c07jscmjvr6jz,60024229435,
4851c848fc8aebb4785db97f03a5c2d13555ff02141852047297636d192263af,2025-03-09T15:42:00.919000,received,kaspa:qyphwahuhwwsk5c8y447yrqexl4kq80mte6cl0vgn9nmy7zgd0c07jscmjvr6jz,60024229435,
4851c848fc8aebb4785db97f03a5c2d13555ff02141852047297636d192263af,2025-03-09T15:42:00.919000,received,kaspa:qyphwahuhwwsk5c8y447yrqexl4kq80mte6cl0vgn9nmy7zgd0c07jscmjvr6jz,60024229435,
4851c848fc8aebb4785db97f03a5c2d13555ff02141852047297636d192263af,2025-03-09T15:42:00.919000,received,kaspa:qyphwahuhwwsk5c8y447yrqexl4kq80mte6cl0vgn9nmy7zgd0c07jscmjvr6jz,60024229435,
4851c848fc8aebb4785db97f03a5c2d13555ff02141852047297636d192263af,2025-03-09T15:42:00.919000,received,kaspa:qyphwahuhwwsk5c8y447yrqexl4kq80mte6cl0vgn9nmy7zgd0c07jscmjvr6jz,60024229435,
4851c848fc8aebb4785db97f03a5c2d13555ff02141852047297636d192263af,2025-03-09T15:42:00.919000,received,kaspa:qyphwahuhwwsk5c8y447yrqexl4kq80mte6cl0vgn9nmy7zgd0c07jscmjvr6jz,60024229435,
03328d0092202edcacff3fd089d0109111d6e9d95821daea124ddecd4e07a38a,2025-02-25T14:52:57.335000,sent,kaspa:qpjunp39ssazf4rzfxxu0hd35xggfxn6lq0ls9u9q6peevzcmcv4xmv9q4njd,6112349243115,
523b5768adf9e3c1dbcded66ebca74f8f1f667c2d6f27f7886cb8b6d36fe7e99,2025-02-25T13:56:36.668000,received,kaspa:qyphwahuhwwsk5c8y447yrqexl4kq80mte6cl0vgn9nmy7zgd0c07jscmjvr6jz,80554934087,
523b5768adf9e3c1dbcded66ebca74f8f1f667c2d6f27f7886cb8b6d36fe7e99,2025-02-25T13:56:36.668000,received,kaspa:qyphwahuhwwsk5c8y447yrqexl4kq80mte6cl0vgn9nmy7zgd0c07jscmjvr6jz,80554934087,
523b5768adf9e3c1dbcded66ebca74f8f1f667c2d6f27f7886cb8b6d36fe7e99,2025-02-25T13:56:36.668000,received,kaspa:qyphwahuhwwsk5c8y447yrqexl4kq80mte6cl0vgn9nmy7zgd0c07jscmjvr6jz,80554934087,
523b5768adf9e3c1dbcded66ebca74f8f1f667c2d6f27f7886cb8b6d36fe7e99,2025-02-25T13:56:36.668000,received,kaspa:qyphwahuhwwsk5c8y447yrqexl4kq80mte6cl0vgn9nmy7zgd0c07jscmjvr6jz,80554934087,
523b5768adf9e3c1dbcded66ebca74f8f1f667c2d6f27f7886cb8b6d36fe7e99,2025-02-25T13:56:36.668000,received,kaspa:qyphwahuhwwsk5c8y447yrqexl4kq80mte6cl0vgn9nmy7zgd0c07jscmjvr6jz,80554934087,
523b5768adf9e3c1dbcded66ebca74f8f1f667c2d6f27f7886cb8b6d36fe7e99,2025-02-25T13:56:36.668000,received,kaspa:qyphwahuhwwsk5c8y447yrqexl4kq80mte6cl0vgn9nmy7zgd0c07jscmjvr6jz,80554934087,
523b5768adf9e3c1dbcded66ebca74f8f1f667c2d6f27f7886cb8b6d36fe7e99,2025-02-25T13:56:36.668000,received,kaspa:qyphwahuhwwsk5c8y447yrqexl4kq80mte6cl0vgn9nmy7zgd0c07jscmjvr6jz,80554934087,
523b5768adf9e3c1dbcded66ebca74f8f1f667c2d6f27f7886cb8b6d36fe7e99,2025-02-25T13:56:36.668000,received,kaspa:qyphwahuhwwsk5c8y447yrqexl4kq80mte6cl0vgn9nmy7zgd0c07jscmjvr6jz,80554934087,
523b5768adf9e3c1dbcded66ebca74f8f1f667c2d6f27f7886cb8b6d36fe7e99,2025-02-25T13:56:36.668000,received,kaspa:qyphwahuhwwsk5c8y447yrqexl4kq80mte6cl0vgn9nmy7zgd0c07jscmjvr6jz,80554934087,
e7c49b5a2b80b5a016cf986cb98427bcc51ea978d4e0b2b4d129020a9081e418,2025-01-25T06:42:13.080000,sent,kaspa:qpjunp39ssazf4rzfxxu0hd35xggfxn6lq0ls9u9q6peevzcmcv4xmv9q4njd,8571362220605,
4f512a69e224d6e9190eff9255ddadb8d8afa480b090b19ff52cef67d4324b01,2025-01-24T18:35:05.974000,received,kaspa:qyphwahuhwwsk5c8y447yrqexl4kq80mte6cl0vgn9nmy7zgd0c07jscmjvr6jz,43062379401,
4f512a69e224d6e9190eff9255ddadb8d8afa480b090b19ff52cef67d4324b01,2025-01-24T18:35:05.974000,received,kaspa:qyphwahuhwwsk5c8y447yrqexl4kq80mte6cl0vgn9nmy7zgd0c07jscmjvr6jz,43062379401,
4f512a69e224d6e9190eff9255ddadb8d8afa480b090b19ff52cef67d4324b01,2025-01-24T18:35:05.974000,received,kaspa:qyphwahuhwwsk5c8y447yrqexl4kq80mte6cl0vgn9nmy7zgd0c07jscmjvr6jz,43062379401,
4f512a69e224d6e9190eff9255ddadb8d8afa480b090b19ff52cef67d4324b01,2025-01-24T18:35:05.974000,received,kaspa:qyphwahuhwwsk5c8y447yrqexl4kq80mte6cl0vgn9nmy7zgd0c07jscmjvr6jz,43062379401,
528e43d1d9ca99524cf8387b22bb78067185e6ef57f33e435771ae4085b600a0,2025-01-24T14:51:42.660000,sent,kaspa:qpjunp39ssazf4rzfxxu0hd35xggfxn6lq0ls9u9q6peevzcmcv4xmv9q4njd,617910712228,
801db673a1c37eb72b3d14ba1445802791ac66f140acb694cacf00b07fbd8062,2025-01-21T18:26:06.519000,received,kaspa:qpgqlempmc7cq70e6thcahjvv6w8j6pexfult5n470ptvvxr8gec2re6jd38r,6894917945,
801db673a1c37eb72b3d14ba1445802791ac66f140acb694cacf00b07fbd8062,2025-01-21T18:26:06.519000,received,kaspa:qpgqlempmc7cq70e6thcahjvv6w8j6pexfult5n470ptvvxr8gec2re6jd38r,6894917945,
7c7ffd1d6065dc070af05b8f6b7044457dee0dd75cbc2892324dd901060176e0,2025-01-19T12:18:37.174000,sent,kaspa:qpjunp39ssazf4rzfxxu0hd35xggfxn6lq0ls9u9q6peevzcmcv4xmv9q4njd,3028869087563,
0384d1f702aba7fbfb9a0c170ce73d9deaf151e7a177ccea0775347a648c1df5,2025-01-19T11:08:14.806000,received,kaspa:qyphwahuhwwsk5c8y447yrqexl4kq80mte6cl0vgn9nmy7zgd0c07jscmjvr6jz,30013958097,
0384d1f702aba7fbfb9a0c170ce73d9deaf151e7a177ccea0775347a648c1df5,2025-01-19T11:08:14.806000,received,kaspa:qyphwahuhwwsk5c8y447yrqexl4kq80mte6cl0vgn9nmy7zgd0c07jscmjvr6jz,30013958097,
0384d1f702aba7fbfb9a0c170ce73d9deaf151e7a177ccea0775347a648c1df5,2025-01-19T11:08:14.806000,received,kaspa:qyphwahuhwwsk5c8y447yrqexl4kq80mte6cl0vgn9nmy7zgd0c07jscmjvr6jz,30013958097,
a6ee74ffe14314fa49d8f2b5521a850f3c68630401c0789dff5ccfdca45943f5,2024-12-31T21:10:36.011000,sent,kaspa:qpjunp39ssazf4rzfxxu0hd35xggfxn6lq0ls9u9q6peevzcmcv4xmv9q4njd,678998837164,
f2ae3bf0d3ebb742ff2d8a87fed592d62b99a18ab81efca537b6a291c66c5314,2024-12-31T07:40:48.629000,received,kaspa:qqwdr0v3fkfpjpl2xegxjeq0l3qacf4tp4za4vvxcwnsz0d4kmu82hfvx80vz,7921000489,
f2ae3bf0d3ebb742ff2d8a87fed592d62b99a18ab81efca537b6a291c66c5314,2024-12-31T07:40:48.629000,received,kaspa:qzf5xxw7g8uz2qeu7yhhw42jjewfynr9jjp6teqld2elyql98esu2v2rjh4vt,7921000489,
ff4c43dc97d536c958495e997739383157f6d882e32d61476aef4fb03eca2320,2024-09-13T14:42:06.099000,sent,kaspa:qpzpfwcsqsxhxwup26r55fd0ghqlhyugz8cp6y3wxuddc02vcxtjg75pspnwz,2000000000000,MEXC
ff4c43dc97d536c958495e997739383157f6d882e32d61476aef4fb03eca2320,2024-09-13T14:42:06.099000,sent,kaspa:qpjunp39ssazf4rzfxxu0hd35xggfxn6lq0ls9u9q6peevzcmcv4xmv9q4njd,38579487535349526,
9b474d9c078b4ae0ba6444e792071b44533e3346fee596194e58246bb1edfde4,2024-09-13T14:41:20.758000,received,kaspa:qyphwahuhwwsk5c8y447yrqexl4kq80mte6cl0vgn9nmy7zgd0c07jscmjvr6jz,740000000000,
9b474d9c078b4ae0ba6444e792071b44533e3346fee596194e58246bb1edfde4,2024-09-13T14:41:20.758000,received,kaspa:qyphwahuhwwsk5c8y447yrqexl4kq80mte6cl0vgn9nmy7zgd0c07jscmjvr6jz,740000000000,
d60560ba8b52bf745a46846d9060fb341536604e2b301e8cf0d427d7cbbe014b,2024-08-30T01:52:08.193000,sent,kaspa:qpjunp39ssazf4rzfxxu0hd35xggfxn6lq0ls9u9q6peevzcmcv4xmv9q4njd,809777454878,
75039bdbdeb6cba30066f4441fad5ae60d1f0d957e6bc9b3871bde4bbd0d0fb9,2024-08-30T01:50:38.147000,sent,kaspa:qpzpfwcsqsxhxwup26r55fd0ghqlhyugz8cp6y3wxuddc02vcxtjg75pspnwz,2000000000000,MEXC
75039bdbdeb6cba30066f4441fad5ae60d1f0d957e6bc9b3871bde4bbd0d0fb9,2024-08-30T01:50:38.147000,sent,kaspa:qpjunp39ssazf4rzfxxu0hd35xggfxn6lq0ls9u9q6peevzcmcv4xmv9q4njd,77536597770074370,
e5dc4fd05ac6751de7c0f5bb45add8a8687f316c4b208f580cf40654ccb4785b,2024-08-16T21:53:27.168000,received,kaspa:qpgqlempmc7cq70e6thcahjvv6w8j6pexfult5n470ptvvxr8gec2re6jd38r,9203611264,
e5dc4fd05ac6751de7c0f5bb45add8a8687f316c4b208f580cf40654ccb4785b,2024-08-16T21:53:27.168000,received,kaspa:qpgqlempmc7cq70e6thcahjvv6w8j6pexfult5n470ptvvxr8gec2re6jd38r,9203611264,
a417b72807412ad4a21231341f86b5e4ea553d9f9cc71899dfd0aa416abb5626,2024-08-08T18:08:26.833000,received,kaspa:qpgqlempmc7cq70e6thcahjvv6w8j6pexfult5n470ptvvxr8gec2re6jd38r,9203611264,
a417b72807412ad4a21231341f86b5e4ea553d9f9cc71899dfd0aa416abb5626,2024-08-08T18:08:26.833000,received,kaspa:qpgqlempmc7cq70e6thcahjvv6w8j6pexfult5n470ptvvxr8gec2re6jd38r,9203611264,
4caf8efc34fb1ffbd1ceaeab4a865b34deef93f3bcd0492fd4a874393301edee,2024-05-13T17:50:36.532000,sent,kaspa:qpzpfwcsqsxhxwup26r55fd0ghqlhyugz8cp6y3wxuddc02vcxtjg75pspnwz,2000000000000,MEXC
4caf8efc34fb1ffbd1ceaeab4a865b34deef93f3bcd0492fd4a874393301edee,2024-05-13T17:50:36.532000,sent,kaspa:qpjunp39ssazf4rzfxxu0hd35xggfxn6lq0ls9u9q6peevzcmcv4xmv9q4njd,12250818014,
021000da9b01b4cca3d07b65cc4576fc6ada2f1037df0a463fd099de18cc0b42,2024-05-13T17:22:33.987000,received,kaspa:qyphwahuhwwsk5c8y447yrqexl4kq80mte6cl0vgn9nmy7zgd0c07jscmjvr6jz,447200000000,
021000da9b01b4cca3d07b65cc4576fc6ada2f1037df0a463fd099de18cc0b42,2024-05-13T17:22:33.987000,received,kaspa:qyphwahuhwwsk5c8y447yrqexl4kq80mte6cl0vgn9nmy7zgd0c07jscmjvr6jz,447200000000,
021000da9b01b4cca3d07b65cc4576fc6ada2f1037df0a463fd099de18cc0b42,2024-05-13T17:22:33.987000,received,kaspa:qyphwahuhwwsk5c8y447yrqexl4kq80mte6cl0vgn9nmy7zgd0c07jscmjvr6jz,447200000000,
021000da9b01b4cca3d07b65cc4576fc6ada2f1037df0a463fd099de18cc0b42,2024-05-13T17:22:33.987000,received,kaspa:qyphwahuhwwsk5c8y447yrqexl4kq80mte6cl0vgn9nmy7zgd0c07jscmjvr6jz,447200000000,
021000da9b01b4cca3d07b65cc4576fc6ada2f1037df0a463fd099de18cc0b42,2024-05-13T17:22:33.987000,received,kaspa:qyphwahuhwwsk5c8y447yrqexl4kq80mte6cl0vgn9nmy7zgd0c07jscmjvr6jz,447200000000,
021000da9b01b4cca3d07b65cc4576fc6ada2f1037df0a463fd099de18cc0b42,2024-05-13T17:22:33.987000,received,kaspa:qyphwahuhwwsk5c8y447yrqexl4kq80mte6cl0vgn9nmy7zgd0c07jscmjvr6jz,447200000000,
021000da9b01b4cca3d07b65cc4576fc6ada2f1037df0a463fd099de18cc0b42,2024-05-13T17:22:33.987000,received,kaspa:qyphwahuhwwsk5c8y447yrqexl4kq80mte6cl0vgn9nmy7zgd0c07jscmjvr6jz,447200000000,
021000da9b01b4cca3d07b65cc4576fc6ada2f1037df0a463fd099de18cc0b42,2024-05-13T17:22:33.987000,received,kaspa:qyphwahuhwwsk5c8y447yrqexl4kq80mte6cl0vgn9nmy7zgd0c07jscmjvr6jz,447200000000,
021000da9b01b4cca3d07b65cc4576fc6ada2f1037df0a463fd099de18cc0b42,2024-05-13T17:22:33.987000,received,kaspa:qyphwahuhwwsk5c8y447yrqexl4kq80mte6cl0vgn9nmy7zgd0c07jscmjvr6jz,447200000000,
021000da9b01b4cca3d07b65cc4576fc6ada2f1037df0a463fd099de18cc0b42,2024-05-13T17:22:33.987000,received,kaspa:qyphwahuhwwsk5c8y447yrqexl4kq80mte6cl0vgn9nmy7zgd0c07jscmjvr6jz,447200000000,
021000da9b01b4cca3d07b65cc4576fc6ada2f1037df0a463fd099de18cc0b42,2024-05-13T17:22:33.987000,received,kaspa:qyphwahuhwwsk5c8y447yrqexl4kq80mte6cl0vgn9nmy7zgd0c07jscmjvr6jz,447200000000,
021000da9b01b4cca3d07b65cc4576fc6ada2f1037df0a463fd099de18cc0b42,2024-05-13T17:22:33.987000,received,kaspa:qyphwahuhwwsk5c8y447yrqexl4kq80mte6cl0vgn9nmy7zgd0c07jscmjvr6jz,447200000000,
021000da9b01b4cca3d07b65cc4576fc6ada2f1037df0a463fd099de18cc0b42,2024-05-13T17:22:33.987000,received,kaspa:qyphwahuhwwsk5c8y447yrqexl4kq80mte6cl0vgn9nmy7zgd0c07jscmjvr6jz,447200000000,
021000da9b01b4cca3d07b65cc4576fc6ada2f1037df0a463fd099de18cc0b42,2024-05-13T17:22:33.987000,received,kaspa:qyphwahuhwwsk5c8y447yrqexl4kq80mte6cl0vgn9nmy7zgd0c07jscmjvr6jz,447200000000,
021000da9b01b4cca3d07b65cc4576fc6ada2f1037df0a463fd099de18cc0b42,2024-05-13T17:22:33.987000,received,kaspa:qyphwahuhwwsk5c8y447yrqexl4kq80mte6cl0vgn9nmy7zgd0c07jscmjvr6jz,447200000000,
021000da9b01b4cca3d07b65cc4576fc6ada2f1037df0a463fd099de18cc0b42,2024-05-13T17:22:33.987000,received,kaspa:qyphwahuhwwsk5c8y447yrqexl4kq80mte6cl0vgn9nmy7zgd0c07jscmjvr6jz,447200000000,
021000da9b01b4cca3d07b65cc4576fc6ada2f1037df0a463fd099de18cc0b42,2024-05-13T17:22:33.987000,received,kaspa:qyphwahuhwwsk5c8y447yrqexl4kq80mte6cl0vgn9nmy7zgd0c07jscmjvr6jz,447200000000,
021000da9b01b4cca3d07b65cc4576fc6ada2f1037df0a463fd099de18cc0b42,2024-05-13T17:22:33.987000,received,kaspa:qyphwahuhwwsk5c8y447yrqexl4kq80mte6cl0vgn9nmy7zgd0c07jscmjvr6jz,447200000000,
021000da9b01b4cca3d07b65cc4576fc6ada2f1037df0a463fd099de18cc0b42,2024-05-13T17:22:33.987000,received,kaspa:qyphwahuhwwsk5c8y447yrqexl4kq80mte6cl0vgn9nmy7zgd0c07jscmjvr6jz,447200000000,
021000da9b01b4cca3d07b65cc4576fc6ada2f1037df0a463fd099de18cc0b42,2024-05-13T17:22:33.987000,received,kaspa:qyphwahuhwwsk5c8y447yrqexl4kq80mte6cl0vgn9nmy7zgd0c07jscmjvr6jz,447200000000,
021000da9b01b4cca3d07b65cc4576fc6ada2f1037df0a463fd099de18cc0b42,2024-05-13T17:22:33.987000,received,kaspa:qyphwahuhwwsk5c8y447yrqexl4kq80mte6cl0vgn9nmy7zgd0c07jscmjvr6jz,447200000000,
021000da9b01b4cca3d07b65cc4576fc6ada2f1037df0a463fd099de18cc0b42,2024-05-13T17:22:33.987000,received,kaspa:qyphwahuhwwsk5c8y447yrqexl4kq80mte6cl0vgn9nmy7zgd0c07jscmjvr6jz,447200000000,
021000da9b01b4cca3d07b65cc4576fc6ada2f1037df0a463fd099de18cc0b42,2024-05-13T17:22:33.987000,received,kaspa:qyphwahuhwwsk5c8y447yrqexl4kq80mte6cl0vgn9nmy7zgd0c07jscmjvr6jz,447200000000,
021000da9b01b4cca3d07b65cc4576fc6ada2f1037df0a463fd099de18cc0b42,2024-05-13T17:22:33.987000,received,kaspa:qyphwahuhwwsk5c8y447yrqexl4kq80mte6cl0vgn9nmy7zgd0c07jscmjvr6jz,447200000000,
021000da9b01b4cca3d07b65cc4576fc6ada2f1037df0a463fd099de18cc0b42,2024-05-13T17:22:33.987000,received,kaspa:qyphwahuhwwsk5c8y447yrqexl4kq80mte6cl0vgn9nmy7zgd0c07jscmjvr6jz,447200000000,
021000da9b01b4cca3d07b65cc4576fc6ada2f1037df0a463fd099de18cc0b42,2024-05-13T17:22:33.987000,received,kaspa:qyphwahuhwwsk5c8y447yrqexl4kq80mte6cl0vgn9nmy7zgd0c07jscmjvr6jz,447200000000,
021000da9b01b4cca3d07b65cc4576fc6ada2f1037df0a463fd099de18cc0b42,2024-05-13T17:22:33.987000,received,kaspa:qyphwahuhwwsk5c8y447yrqexl4kq80mte6cl0vgn9nmy7zgd0c07jscmjvr6jz,447200000000,
021000da9b01b4cca3d07b65cc4576fc6ada2f1037df0a463fd099de18cc0b42,2024-05-13T17:22:33.987000,received,kaspa:qyphwahuhwwsk5c8y447yrqexl4kq80mte6cl0vgn9nmy7zgd0c07jscmjvr6jz,447200000000,
021000da9b01b4cca3d07b65cc4576fc6ada2f1037df0a463fd099de18cc0b42,2024-05-13T17:22:33.987000,received,kaspa:qyphwahuhwwsk5c8y447yrqexl4kq80mte6cl0vgn9nmy7zgd0c07jscmjvr6jz,447200000000,
021000da9b01b4cca3d07b65cc4576fc6ada2f1037df0a463fd099de18cc0b42,2024-05-13T17:22:33.987000,received,kaspa:qyphwahuhwwsk5c8y447yrqexl4kq80mte6cl0vgn9nmy7zgd0c07jscmjvr6jz,447200000000,
021000da9b01b4cca3d07b65cc4576fc6ada2f1037df0a463fd099de18cc0b42,2024-05-13T17:22:33.987000,received,kaspa:qyphwahuhwwsk5c8y447yrqexl4kq80mte6cl0vgn9nmy7zgd0c07jscmjvr6jz,447200000000,
021000da9b01b4cca3d07b65cc4576fc6ada2f1037df0a463fd099de18cc0b42,2024-05-13T17:22:33.987000,received,kaspa:qyphwahuhwwsk5c8y447yrqexl4kq80mte6cl0vgn9nmy7zgd0c07jscmjvr6jz,447200000000,
021000da9b01b4cca3d07b65cc4576fc6ada2f1037df0a463fd099de18cc0b42,2024-05-13T17:22:33.987000,received,kaspa:qyphwahuhwwsk5c8y447yrqexl4kq80mte6cl0vgn9nmy7zgd0c07jscmjvr6jz,447200000000,
021000da9b01b4cca3d07b65cc4576fc6ada2f1037df0a463fd099de18cc0b42,2024-05-13T17:22:33.987000,received,kaspa:qyphwahuhwwsk5c8y447yrqexl4kq80mte6cl0vgn9nmy7zgd0c07jscmjvr6jz,447200000000,
021000da9b01b4cca3d07b65cc4576fc6ada2f1037df0a463fd099de18cc0b42,2024-05-13T17:22:33.987000,received,kaspa:qyphwahuhwwsk5c8y447yrqexl4kq80mte6cl0vgn9nmy7zgd0c07jscmjvr6jz,447200000000,
021000da9b01b4cca3d07b65cc4576fc6ada2f1037df0a463fd099de18cc0b42,2024-05-13T17:22:33.987000,received,kaspa:qyphwahuhwwsk5c8y447yrqexl4kq80mte6cl0vgn9nmy7zgd0c07jscmjvr6jz,447200000000,
021000da9b01b4cca3d07b65cc4576fc6ada2f1037df0a463fd099de18cc0b42,2024-05-13T17:22:33.987000,received,kaspa:qyphwahuhwwsk5c8y447yrqexl4kq80mte6cl0vgn9nmy7zgd0c07jscmjvr6jz,447200000000,
021000da9b01b4cca3d07b65cc4576fc6ada2f1037df0a463fd099de18cc0b42,2024-05-13T17:22:33.987000,received,kaspa:qyphwahuhwwsk5c8y447yrqexl4kq80mte6cl0vgn9nmy7zgd0c07jscmjvr6jz,447200000000,
021000da9b01b4cca3d07b65cc4576fc6ada2f1037df0a463fd099de18cc0b42,2024-05-13T17:22:33.987000,received,kaspa:qyphwahuhwwsk5c8y447yrqexl4kq80mte6cl0vgn9nmy7zgd0c07jscmjvr6jz,447200000000,
021000da9b01b4cca3d07b65cc4576fc6ada2f1037df0a463fd099de18cc0b42,2024-05-13T17:22:33.987000,received,kaspa:qyphwahuhwwsk5c8y447yrqexl4kq80mte6cl0vgn9nmy7zgd0c07jscmjvr6jz,447200000000,
902a389f4be2803e397ffb9863613a84d8b35221cfe9127234b1c9d36c9a9bd3,2024-04-27T10:01:05.310000,sent,kaspa:qpzpfwcsqsxhxwup26r55fd0ghqlhyugz8cp6y3wxuddc02vcxtjg75pspnwz,2000000000000,MEXC
902a389f4be2803e397ffb9863613a84d8b35221cfe9127234b1c9d36c9a9bd3,2024-04-27T10:01:05.310000,sent,kaspa:qpjunp39ssazf4rzfxxu0hd35xggfxn6lq0ls9u9q6peevzcmcv4xmv9q4njd,20272680289052767,
7f385ac96b83b3bd71ee5c20f12f3ccac4bde5a039e3558b9b2ba00acd253f45,2024-04-27T09:59:33.353000,received,kaspa:qyphwahuhwwsk5c8y447yrqexl4kq80mte6cl0vgn9nmy7zgd0c07jscmjvr6jz,300000000000,
7f385ac96b83b3bd71ee5c20f12f3ccac4bde5a039e3558b9b2ba00acd253f45,2024-04-27T09:59:33.353000,received,kaspa:qyphwahuhwwsk5c8y447yrqexl4kq80mte6cl0vgn9nmy7zgd0c07jscmjvr6jz,300000000000,
7f385ac96b83b3bd71ee5c20f12f3ccac4bde5a039e3558b9b2ba00acd253f45,2024-04-27T09:59:33.353000,received,kaspa:qyphwahuhwwsk5c8y447yrqexl4kq80mte6cl0vgn9nmy7zgd0c07jscmjvr6jz,300000000000,
7f385ac96b83b3bd71ee5c20f12f3ccac4bde5a039e3558b9b2ba00acd253f45,2024-04-27T09:59:33.353000,received,kaspa:qyphwahuhwwsk5c8y447yrqexl4kq80mte6cl0vgn9nmy7zgd0c07jscmjvr6jz,300000000000,
7f385ac96b83b3bd71ee5c20f12f3ccac4bde5a039e3558b9b2ba00acd253f45,2024-04-27T09:59:33.353000,received,kaspa:qyphwahuhwwsk5c8y447yrqexl4kq80mte6cl0vgn9nmy7zgd0c07jscmjvr6jz,300000000000,
7f385ac96b83b3bd71ee5c20f12f3ccac4bde5a039e3558b9b2ba00acd253f45,2024-04-27T09:59:33.353000,received,kaspa:qyphwahuhwwsk5c8y447yrqexl4kq80mte6cl0vgn9nmy7zgd0c07jscmjvr6jz,300000000000,
7f385ac96b83b3bd71ee5c20f12f3ccac4bde5a039e3558b9b2ba00acd253f45,2024-04-27T09:59:33.353000,received,kaspa:qyphwahuhwwsk5c8y447yrqexl4kq80mte6cl0vgn9nmy7zgd0c07jscmjvr6jz,300000000000,
7f385ac96b83b3bd71ee5c20f12f3ccac4bde5a039e3558b9b2ba00acd253f45,2024-04-27T09:59:33.353000,received,kaspa:qyphwahuhwwsk5c8y447yrqexl4kq80mte6cl0vgn9nmy7zgd0c07jscmjvr6jz,300000000000,
7f385ac96b83b3bd71ee5c20f12f3ccac4bde5a039e3558b9b2ba00acd253f45,2024-04-27T09:59:33.353000,received,kaspa:qyphwahuhwwsk5c8y447yrqexl4kq80mte6cl0vgn9nmy7zgd0c07jscmjvr6jz,300000000000,
7f385ac96b83b3bd71ee5c20f12f3ccac4bde5a039e3558b9b2ba00acd253f45,2024-04-27T09:59:33.353000,received,kaspa:qyphwahuhwwsk5c8y447yrqexl4kq80mte6cl0vgn9nmy7zgd0c07jscmjvr6jz,300000000000,
7f385ac96b83b3bd71ee5c20f12f3ccac4bde5a039e3558b9b2ba00acd253f45,2024-04-27T09:59:33.353000,received,kaspa:qyphwahuhwwsk5c8y447yrqexl4kq80mte6cl0vgn9nmy7zgd0c07jscmjvr6jz,300000000000,
7f385ac96b83b3bd71ee5c20f12f3ccac4bde5a039e3558b9b2ba00acd253f45,2024-04-27T09:59:33.353000,received,kaspa:qyphwahuhwwsk5c8y447yrqexl4kq80mte6cl0vgn9nmy7zgd0c07jscmjvr6jz,300000000000,
dfbe2f68cca9facb987f1e51022d041fad7186558aaf804445105d83293e2138,2024-03-25T15:58:34.735000,sent,kaspa:qpzpfwcsqsxhxwup26r55fd0ghqlhyugz8cp6y3wxuddc02vcxtjg75pspnwz,2000000000000,MEXC
dfbe2f68cca9facb987f1e51022d041fad7186558aaf804445105d83293e2138,2024-03-25T15:58:34.735000,sent,kaspa:qpjunp39ssazf4rzfxxu0hd35xggfxn6lq0ls9u9q6peevzcmcv4xmv9q4njd,16039190454,
56e1fef9bb8b436e63021f1c15133c7246ef13bed3a565d42b23a2c40e4fe7b4,2024-03-25T15:36:13.343000,received,kaspa:qyphwahuhwwsk5c8y447yrqexl4kq80mte6cl0vgn9nmy7zgd0c07jscmjvr6jz,350000000000,
56e1fef9bb8b436e63021f1c15133c7246ef13bed3a565d42b23a2c40e4fe7b4,2024-03-25T15:36:13.343000,received,kaspa:qyphwahuhwwsk5c8y447yrqexl4kq80mte6cl0vgn9nmy7zgd0c07jscmjvr6jz,350000000000,
56e1fef9bb8b436e63021f1c15133c7246ef13bed3a565d42b23a2c40e4fe7b4,2024-03-25T15:36:13.343000,received,kaspa:qyphwahuhwwsk5c8y447yrqexl4kq80mte6cl0vgn9nmy7zgd0c07jscmjvr6jz,350000000000,
56e1fef9bb8b436e63021f1c15133c7246ef13bed3a565d42b23a2c40e4fe7b4,2024-03-25T15:36:13.343000,received,kaspa:qyphwahuhwwsk5c8y447yrqexl4kq80mte6cl0vgn9nmy7zgd0c07jscmjvr6jz,350000000000,
56e1fef9bb8b436e63021f1c15133c7246ef13bed3a565d42b23a2c40e4fe7b4,2024-03-25T15:36:13.343000,received,kaspa:qyphwahuhwwsk5c8y447yrqexl4kq80mte6cl0vgn9nmy7zgd0c07jscmjvr6jz,350000000000,
56e1fef9bb8b436e63021f1c15133c7246ef13bed3a565d42b23a2c40e4fe7b4,2024-03-25T15:36:13.343000,received,kaspa:qyphwahuhwwsk5c8y447yrqexl4kq80mte6cl0vgn9nmy7zgd0c07jscmjvr6jz,350000000000,
56e1fef9bb8b436e63021f1c15133c7246ef13bed3a565d42b23a2c40e4fe7b4,2024-03-25T15:36:13.343000,received,kaspa:qyphwahuhwwsk5c8y447yrqexl4kq80mte6cl0vgn9nmy7zgd0c07jscmjvr6jz,350000000000,
56e1fef9bb8b436e63021f1c15133c7246ef13bed3a565d42b23a2c40e4fe7b4,2024-03-25T15:36:13.343000,received,kaspa:qyphwahuhwwsk5c8y447yrqexl4kq80mte6cl0vgn9nmy7zgd0c07jscmjvr6jz,350000000000,
56e1fef9bb8b436e63021f1c15133c7246ef13bed3a565d42b23a2c40e4fe7b4,2024-03-25T15:36:13.343000,received,kaspa:qyphwahuhwwsk5c8y447yrqexl4kq80mte6cl0vgn9nmy7zgd0c07jscmjvr6jz,350000000000,
56e1fef9bb8b436e63021f1c15133c7246ef13bed3a565d42b23a2c40e4fe7b4,2024-03-25T15:36:13.343000,received,kaspa:qyphwahuhwwsk5c8y447yrqexl4kq80mte6cl0vgn9nmy7zgd0c07jscmjvr6jz,350000000000,
56e1fef9bb8b436e63021f1c15133c7246ef13bed3a565d42b23a2c40e4fe7b4,2024-03-25T15:36:13.343000,received,kaspa:qyphwahuhwwsk5c8y447yrqexl4kq80mte6cl0vgn9nmy7zgd0c07jscmjvr6jz,350000000000,
56e1fef9bb8b436e63021f1c15133c7246ef13bed3a565d42b23a2c40e4fe7b4,2024-03-25T15:36:13.343000,received,kaspa:qyphwahuhwwsk5c8y447yrqexl4kq80mte6cl0vgn9nmy7zgd0c07jscmjvr6jz,350000000000,
56e1fef9bb8b436e63021f1c15133c7246ef13bed3a565d42b23a2c40e4fe7b4,2024-03-25T15:36:13.343000,received,kaspa:qyphwahuhwwsk5c8y447yrqexl4kq80mte6cl0vgn9nmy7zgd0c07jscmjvr6jz,350000000000,
56e1fef9bb8b436e63021f1c15133c7246ef13bed3a565d42b23a2c40e4fe7b4,2024-03-25T15:36:13.343000,received,kaspa:qyphwahuhwwsk5c8y447yrqexl4kq80mte6cl0vgn9nmy7zgd0c07jscmjvr6jz,350000000000,
56e1fef9bb8b436e63021f1c15133c7246ef13bed3a565d42b23a2c40e4fe7b4,2024-03-25T15:36:13.343000,received,kaspa:qyphwahuhwwsk5c8y447yrqexl4kq80mte6cl0vgn9nmy7zgd0c07jscmjvr6jz,350000000000,
56e1fef9bb8b436e63021f1c15133c7246ef13bed3a565d42b23a2c40e4fe7b4,2024-03-25T15:36:13.343000,received,kaspa:qyphwahuhwwsk5c8y447yrqexl4kq80mte6cl0vgn9nmy7zgd0c07jscmjvr6jz,350000000000,
56e1fef9bb8b436e63021f1c15133c7246ef13bed3a565d42b23a2c40e4fe7b4,2024-03-25T15:36:13.343000,received,kaspa:qyphwahuhwwsk5c8y447yrqexl4kq80mte6cl0vgn9nmy7zgd0c07jscmjvr6jz,350000000000,
56e1fef9bb8b436e63021f1c15133c7246ef13bed3a565d42b23a2c40e4fe7b4,2024-03-25T15:36:13.343000,received,kaspa:qyphwahuhwwsk5c8y447yrqexl4kq80mte6cl0vgn9nmy7zgd0c07jscmjvr6jz,350000000000,
56e1fef9bb8b436e63021f1c15133c7246ef13bed3a565d42b23a2c40e4fe7b4,2024-03-25T15:36:13.343000,received,kaspa:qyphwahuhwwsk5c8y447yrqexl4kq80mte6cl0vgn9nmy7zgd0c07jscmjvr6jz,350000000000,
56e1fef9bb8b436e63021f1c15133c7246ef13bed3a565d42b23a2c40e4fe7b4,2024-03-25T15:36:13.343000,received,kaspa:qyphwahuhwwsk5c8y447yrqexl4kq80mte6cl0vgn9nmy7zgd0c07jscmjvr6jz,350000000000,
3771d9a6344693201a513b3d38389c86c4370c903c8f3c9e318c164b2216c8a9,2024-03-15T00:36:35.703000,sent,kaspa:qpjunp39ssazf4rzfxxu0hd35xggfxn6lq0ls9u9q6peevzcmcv4xmv9q4njd,577427749447,
3426acbe698d6ddd704615d5938baddf6748a98869ecf33a6c364d31af6a8854,2024-03-15T00:19:46.812000,received,kaspa:qp9rv9jvx2kyf6wu4lupuruunq5zsuszyxs0dr3l89ej7wsgs48jqkewy6xtl,10000952613,
ac8962eec8c0cd06bf2b3f73fd0176141393b1a7c0add377a4f7cffe1487108b,2024-03-09T08:53:05.222000,sent,kaspa:qpjunp39ssazf4rzfxxu0hd35xggfxn6lq0ls9u9q6peevzcmcv4xmv9q4njd,1720770241437,
d1d968b61203c14b596f27e1f35c779ef9838e99da731424ee0ee49e9aa7be1a,2024-03-09T06:44:00.207000,received,kaspa:qzptk8av4p5jmvdrnacrg36jxc2nhwmhcmu4093l8pcc93hxd3tj5f3eaxzqz,10000477512,
d1d968b61203c14b596f27e1f35c779ef9838e99da731424ee0ee49e9aa7be1a,2024-03-09T06:44:00.207000,received,kaspa:qzptk8av4p5jmvdrnacrg36jxc2nhwmhcmu4093l8pcc93hxd3tj5f3eaxzqz,10000477512,
d1d968b61203c14b596f27e1f35c779ef9838e99da731424ee0ee49e9aa7be1a,2024-03-09T06:44:00.207000,received,kaspa:qzptk8av4p5jmvdrnacrg36jxc2nhwmhcmu4093l8pcc93hxd3tj5f3eaxzqz,10000477512,
e7acb4597ae42b159e01c8db9ddfffd05dbf3e606297bf647747001fbb4ea17a,2024-03-03T19:56:34.591000,sent,kaspa:qpjunp39ssazf4rzfxxu0hd35xggfxn6lq0ls9u9q6peevzcmcv4xmv9q4njd,1521747758029,
33996fab72c4d1f339d436fe4849eea2c56015ceaa55c4d4fd76ee7e42606d1b,2024-03-03T18:59:00.421000,received,kaspa:qp9rv9jvx2kyf6wu4lupuruunq5zsuszyxs0dr3l89ej7wsgs48jqkewy6xtl,10001184357,
e5239e532d3e5cda824bd15038d08344b21b089d19a45fcdacd6a16846bb4184,2024-02-27T16:26:36.157000,sent,kaspa:qpjunp39ssazf4rzfxxu0hd35xggfxn6lq0ls9u9q6peevzcmcv4xmv9q4njd,784865178298,
132fe52117c6d6f6d8c997d0f4c4191c17e1eadc22b5b896be11bb2c983db7a8,2024-02-27T16:02:34.091000,received,kaspa:qzptk8av4p5jmvdrnacrg36jxc2nhwmhcmu4093l8pcc93hxd3tj5f3eaxzqz,10000382114,
132fe52117c6d6f6d8c997d0f4c4191c17e1eadc22b5b896be11bb2c983db7a8,2024-02-27T16:02:34.091000,received,kaspa:qzptk8av4p5jmvdrnacrg36jxc2nhwmhcmu4093l8pcc93hxd3tj5f3eaxzqz,10000382114,
132fe52117c6d6f6d8c997d0f4c4191c17e1eadc22b5b896be11bb2c983db7a8,2024-02-27T16:02:34.091000,received,kaspa:qzptk8av4p5jmvdrnacrg36jxc2nhwmhcmu4093l8pcc93hxd3tj5f3eaxzqz,10000382114,
132fe52117c6d6f6d8c997d0f4c4191c17e1eadc22b5b896be11bb2c983db7a8,2024-02-27T16:02:34.091000,received,kaspa:qzptk8av4p5jmvdrnacrg36jxc2nhwmhcmu4093l8pcc93hxd3tj5f3eaxzqz,10000382114,
132fe52117c6d6f6d8c997d0f4c4191c17e1eadc22b5b896be11bb2c983db7a8,2024-02-27T16:02:34.091000,received,kaspa:qzptk8av4p5jmvdrnacrg36jxc2nhwmhcmu4093l8pcc93hxd3tj5f3eaxzqz,10000382114,
f8f0cebaa1a6cb5619f2366c37a70f159ecc3ee4e95ec5642bd75ab4a76fd8ba,2024-02-26T16:24:07.355000,sent,kaspa:qpzpfwcsqsxhxwup26r55fd0ghqlhyugz8cp6y3wxuddc02vcxtjg75pspnwz,2000000000000,MEXC
f8f0cebaa1a6cb5619f2366c37a70f159ecc3ee4e95ec5642bd75ab4a76fd8ba,2024-02-26T16:24:07.355000,sent,kaspa:qpjunp39ssazf4rzfxxu0hd35xggfxn6lq0ls9u9q6peevzcmcv4xmv9q4njd,20168310774854440,
f16113b665a7c56889a3d85a772ccb280dac6e50e8a00ddea388f151b97f8f70,2024-02-26T16:23:28.946000,received,kaspa:qyphwahuhwwsk5c8y447yrqexl4kq80mte6cl0vgn9nmy7zgd0c07jscmjvr6jz,425000000000,
f16113b665a7c56889a3d85a772ccb280dac6e50e8a00ddea388f151b97f8f70,2024-02-26T16:23:28.946000,received,kaspa:qyphwahuhwwsk5c8y447yrqexl4kq80mte6cl0vgn9nmy7zgd0c07jscmjvr6jz,425000000000,
f16113b665a7c56889a3d85a772ccb280dac6e50e8a00ddea388f151b97f8f70,2024-02-26T16:23:28.946000,received,kaspa:qyphwahuhwwsk5c8y447yrqexl4kq80mte6cl0vgn9nmy7zgd0c07jscmjvr6jz,425000000000,
f16113b665a7c56889a3d85a772ccb280dac6e50e8a00ddea388f151b97f8f70,2024-02-26T16:23:28.946000,received,kaspa:qyphwahuhwwsk5c8y447yrqexl4kq80mte6cl0vgn9nmy7zgd0c07jscmjvr6jz,425000000000,
f16113b665a7c56889a3d85a772ccb280dac6e50e8a00ddea388f151b97f8f70,2024-02-26T16:23:28.946000,received,kaspa:qyphwahuhwwsk5c8y447yrqexl4kq80mte6cl0vgn9nmy7zgd0c07jscmjvr6jz,425000000000,
13bda5cb3796ab5f5d0709d85d09f0a320a22c416ecb251441fe380f7d235105,2024-02-22T18:16:02.721000,sent,kaspa:qpjunp39ssazf4rzfxxu0hd35xggfxn6lq0ls9u9q6peevzcmcv4xmv9q4njd,1798531065071,
f9dc1bd715c3ec0f22ee2ed5d6a8560e5f3287ad4eb29379efb8839c3b966d1b,2024-02-22T17:23:01.778000,received,kaspa:qp9rv9jvx2kyf6wu4lupuruunq5zsuszyxs0dr3l89ej7wsgs48jqkewy6xtl,10000281772,
67217e6eacdc3bea8dc81b758654dac2ca1a39320ebf774c5d0b7ca107c56812,2024-02-17T13:01:34.315000,sent,kaspa:qpjunp39ssazf4rzfxxu0hd35xggfxn6lq0ls9u9q6peevzcmcv4xmv9q4njd,1562520577734,
eb1a65716a5d9e61217adb2fd7e6a2b97300f0c849e0b6a5dc67495626eed887,2024-02-17T12:19:52.240000,received,kaspa:qp9rv9jvx2kyf6wu4lupuruunq5zsuszyxs0dr3l89ej7wsgs48jqkewy6xtl,10000381680,
b3712b7e16c4135a8271939c2c06ea5e918dd7ce4a5306541efc7fe15adfc7cf,2024-02-12T06:27:36.010000,sent,kaspa:qpjunp39ssazf4rzfxxu0hd35xggfxn6lq0ls9u9q6peevzcmcv4xmv9q4njd,291942449696,
085e51cb79a096c83a23bb246f586decdbb8e355a46ce3a7a9f31181429cb0c9,2024-02-12T06:18:01.594000,received,kaspa:qp9rv9jvx2kyf6wu4lupuruunq5zsuszyxs0dr3l89ej7wsgs48jqkewy6xtl,10000185664,
c273826c891d171c5d359071ce6ca3148ee70530732bc2a2525dedd17357e812,2024-02-06T23:25:35.160000,sent,kaspa:qpjunp39ssazf4rzfxxu0hd35xggfxn6lq0ls9u9q6peevzcmcv4xmv9q4njd,1903163912868,
7358f10675bbef7a66ca4eb84f0eef6dfb02941e02dcb53b2d9edb15a765558e,2024-02-06T22:06:18.238000,received,kaspa:qp9rv9jvx2kyf6wu4lupuruunq5zsuszyxs0dr3l89ej7wsgs48jqkewy6xtl,10002349040,
ac6550176c2528035df4aa7aee12f3b39342978e5832d8088df33a5856f13a3d,2024-02-03T17:23:35.649000,sent,kaspa:qpzpfwcsqsxhxwup26r55fd0ghqlhyugz8cp6y3wxuddc02vcxtjg75pspnwz,2000000000000,MEXC
ac6550176c2528035df4aa7aee12f3b39342978e5832d8088df33a5856f13a3d,2024-02-03T17:23:35.649000,sent,kaspa:qpjunp39ssazf4rzfxxu0hd35xggfxn6lq0ls9u9q6peevzcmcv4xmv9q4njd,20007068332563891,
f659da8ef1de1e607aab9fd533ed413e6acd6bdb15bd60efcb73fe3ff6c55855,2024-02-03T17:22:49.722000,received,kaspa:qyphwahuhwwsk5c8y447yrqexl4kq80mte6cl0vgn9nmy7zgd0c07jscmjvr6jz,500000000000,
b7ec5299d3da48bbced4e17d4537508feb2976f8bbd9a9d9e99af2f102c807f3,2024-02-03T17:02:03.378000,sent,kaspa:qpzpfwcsqsxhxwup26r55fd0ghqlhyugz8cp6y3wxuddc02vcxtjg75pspnwz,2000000000000,MEXC
b7ec5299d3da48bbced4e17d4537508feb2976f8bbd9a9d9e99af2f102c807f3,2024-02-03T17:02:03.378000,sent,kaspa:qpjunp39ssazf4rzfxxu0hd35xggfxn6lq0ls9u9q6peevzcmcv4xmv9q4njd,675719008,
2f2dc3cb2807500376df283a9d88e6394943c33e2454d45f83adfcae80473187,2024-02-03T16:55:25.696000,received,kaspa:qyphwahuhwwsk5c8y447yrqexl4kq80mte6cl0vgn9nmy7zgd0c07jscmjvr6jz,59000000000,
2f2dc3cb2807500376df283a9d88e6394943c33e2454d45f83adfcae80473187,2024-02-03T16:55:25.696000,received,kaspa:qyphwahuhwwsk5c8y447yrqexl4kq80mte6cl0vgn9nmy7zgd0c07jscmjvr6jz,59000000000,
2f2dc3cb2807500376df283a9d88e6394943c33e2454d45f83adfcae80473187,2024-02-03T16:55:25.696000,received,kaspa:qyphwahuhwwsk5c8y447yrqexl4kq80mte6cl0vgn9nmy7zgd0c07jscmjvr6jz,59000000000,
2f2dc3cb2807500376df283a9d88e6394943c33e2454d45f83adfcae80473187,2024-02-03T16:55:25.696000,received,kaspa:qyphwahuhwwsk5c8y447yrqexl4kq80mte6cl0vgn9nmy7zgd0c07jscmjvr6jz,59000000000,
2f2dc3cb2807500376df283a9d88e6394943c33e2454d45f83adfcae80473187,2024-02-03T16:55:25.696000,received,kaspa:qyphwahuhwwsk5c8y447yrqexl4kq80mte6cl0vgn9nmy7zgd0c07jscmjvr6jz,59000000000,
2f2dc3cb2807500376df283a9d88e6394943c33e2454d45f83adfcae80473187,2024-02-03T16:55:25.696000,received,kaspa:qyphwahuhwwsk5c8y447yrqexl4kq80mte6cl0vgn9nmy7zgd0c07jscmjvr6jz,59000000000,
2f2dc3cb2807500376df283a9d88e6394943c33e2454d45f83adfcae80473187,2024-02-03T16:55:25.696000,received,kaspa:qyphwahuhwwsk5c8y447yrqexl4kq80mte6cl0vgn9nmy7zgd0c07jscmjvr6jz,59000000000,
2f2dc3cb2807500376df283a9d88e6394943c33e2454d45f83adfcae80473187,2024-02-03T16:55:25.696000,received,kaspa:qyphwahuhwwsk5c8y447yrqexl4kq80mte6cl0vgn9nmy7zgd0c07jscmjvr6jz,59000000000,
2f2dc3cb2807500376df283a9d88e6394943c33e2454d45f83adfcae80473187,2024-02-03T16:55:25.696000,received,kaspa:qyphwahuhwwsk5c8y447yrqexl4kq80mte6cl0vgn9nmy7zgd0c07jscmjvr6jz,59000000000,
2f2dc3cb2807500376df283a9d88e6394943c33e2454d45f83adfcae80473187,2024-02-03T16:55:25.696000,received,kaspa:qyphwahuhwwsk5c8y447yrqexl4kq80mte6cl0vgn9nmy7zgd0c07jscmjvr6jz,59000000000,
2f2dc3cb2807500376df283a9d88e6394943c33e2454d45f83adfcae80473187,2024-02-03T16:55:25.696000,received,kaspa:qyphwahuhwwsk5c8y447yrqexl4kq80mte6cl0vgn9nmy7zgd0c07jscmjvr6jz,59000000000,
2f2dc3cb2807500376df283a9d88e6394943c33e2454d45f83adfcae80473187,2024-02-03T16:55:25.696000,received,kaspa:qyphwahuhwwsk5c8y447yrqexl4kq80mte6cl0vgn9nmy7zgd0c07jscmjvr6jz,59000000000,
2f2dc3cb2807500376df283a9d88e6394943c33e2454d45f83adfcae80473187,2024-02-03T16:55:25.696000,received,kaspa:qyphwahuhwwsk5c8y447yrqexl4kq80mte6cl0vgn9nmy7zgd0c07jscmjvr6jz,59000000000,
2f2dc3cb2807500376df283a9d88e6394943c33e2454d45f83adfcae80473187,2024-02-03T16:55:25.696000,received,kaspa:qyphwahuhwwsk5c8y447yrqexl4kq80mte6cl0vgn9nmy7zgd0c07jscmjvr6jz,59000000000,
2f2dc3cb2807500376df283a9d88e6394943c33e2454d45f83adfcae80473187,2024-02-03T16:55:25.696000,received,kaspa:qyphwahuhwwsk5c8y447yrqexl4kq80mte6cl0vgn9nmy7zgd0c07jscmjvr6jz,59000000000,
b6b076f8022b784106e6f2940396ab1f70b32e2bbcc4813d8f9cc2454ca097ad,2024-02-02T10:04:36.309000,sent,kaspa:qpjunp39ssazf4rzfxxu0hd35xggfxn6lq0ls9u9q6peevzcmcv4xmv9q4njd,841496094766,
3df6331f8dc441fea120b87075c8a784efe581331037097806098a781ea85cff,2024-02-02T04:11:55.688000,received,kaspa:qp9rv9jvx2kyf6wu4lupuruunq5zsuszyxs0dr3l89ej7wsgs48jqkewy6xtl,10002286103,
f8698cddfe37d411d3638807c8921b1449fca98418e3b54b26c7ae1431872d0e,2024-01-28T16:03:07.122000,sent,kaspa:qpjunp39ssazf4rzfxxu0hd35xggfxn6lq0ls9u9q6peevzcmcv4xmv9q4njd,759785560007,
c1271c4773b173cdcf1bce18179c5fe8a7406097ed26c61d16ee41dbbeef8a63,2024-01-28T13:46:38.383000,received,kaspa:qzptk8av4p5jmvdrnacrg36jxc2nhwmhcmu4093l8pcc93hxd3tj5f3eaxzqz,10002501665,
c1271c4773b173cdcf1bce18179c5fe8a7406097ed26c61d16ee41dbbeef8a63,2024-01-28T13:46:38.383000,received,kaspa:qp9rv9jvx2kyf6wu4lupuruunq5zsuszyxs0dr3l89ej7wsgs48jqkewy6xtl,10002501665,
d0a58612c86e49fa0e417ab613452bbe1a0e145b7498ba57985d3903e2305524,2024-01-24T05:40:38.206000,sent,kaspa:qpjunp39ssazf4rzfxxu0hd35xggfxn6lq0ls9u9q6peevzcmcv4xmv9q4njd,867699323629,
247302f36234da981b6a20eaa5ddd69475e9b5f2f4fc344210021d30e90f1e3b,2024-01-24T02:43:58.655000,received,kaspa:qpax658feuv6y0222tuu3s95jg3cffk2l98y97fe6qlnfkzqn9uc2ty0a298l,10000105913,
3669998f2a9b261b001c5e12933287b430adbdac450a0784150881f4bae67948,2024-01-20T01:58:34.655000,sent,kaspa:qpzpfwcsqsxhxwup26r55fd0ghqlhyugz8cp6y3wxuddc02vcxtjg75pspnwz,2000000000000,MEXC
3669998f2a9b261b001c5e12933287b430adbdac450a0784150881f4bae67948,2024-01-20T01:58:34.655000,sent,kaspa:qpjunp39ssazf4rzfxxu0hd35xggfxn6lq0ls9u9q6peevzcmcv4xmv9q4njd,3305322915,
cf84acfff9b5b9ec63583946fac9dbae2fa290baa771f8def7df32e8c1b53467,2024-01-20T01:37:46.815000,received,kaspa:qzptk8av4p5jmvdrnacrg36jxc2nhwmhcmu4093l8pcc93hxd3tj5f3eaxzqz,10002264392,
cf84acfff9b5b9ec63583946fac9dbae2fa290baa771f8def7df32e8c1b53467,2024-01-20T01:37:46.815000,received,kaspa:qzptk8av4p5jmvdrnacrg36jxc2nhwmhcmu4093l8pcc93hxd3tj5f3eaxzqz,10002264392,
cf84acfff9b5b9ec63583946fac9dbae2fa290baa771f8def7df32e8c1b53467,2024-01-20T01:37:46.815000,received,kaspa:qzptk8av4p5jmvdrnacrg36jxc2nhwmhcmu4093l8pcc93hxd3tj5f3eaxzqz,10002264392,
cf84acfff9b5b9ec63583946fac9dbae2fa290baa771f8def7df32e8c1b53467,2024-01-20T01:37:46.815000,received,kaspa:qzptk8av4p5jmvdrnacrg36jxc2nhwmhcmu4093l8pcc93hxd3tj5f3eaxzqz,10002264392,
12b23d37e52e74184b4eccaab95734ca0e17690a41a7ca613c599d64ebf55e20,2024-01-18T22:51:36.608000,sent,kaspa:qpjunp39ssazf4rzfxxu0hd35xggfxn6lq0ls9u9q6peevzcmcv4xmv9q4njd,880001428518,
083c3388a18d2e364db8f86391e00153c9e1eccb800b995d944c07105bcb0efc,2024-01-18T21:54:05.113000,sent,kaspa:qpjunp39ssazf4rzfxxu0hd35xggfxn6lq0ls9u9q6peevzcmcv4xmv9q4njd,880043640661,
cc9dc15320d0a7323e8e5bbef38a5894627b15c14a2c7f5096f27e43e7d47906,2024-01-18T21:42:39.398000,sent,kaspa:qpjunp39ssazf4rzfxxu0hd35xggfxn6lq0ls9u9q6peevzcmcv4xmv9q4njd,880052842238,
868dd70aec9df1fd8b0b32d845a5b467bb8221eea0f5c8cb721bd324f2381f25,2024-01-18T21:30:40.122000,sent,kaspa:qpjunp39ssazf4rzfxxu0hd35xggfxn6lq0ls9u9q6peevzcmcv4xmv9q4njd,880063197122,
35d2b0b8205b4461cc0dd15baed1a066b51bcab80172996a2805311159ae0214,2024-01-18T20:51:35.144000,sent,kaspa:qpjunp39ssazf4rzfxxu0hd35xggfxn6lq0ls9u9q6peevzcmcv4xmv9q4njd,880280129023,
695be97a3c887cfa0026162e1775f4239f5556292d63caac22a17d0e94bcfe50,2024-01-18T20:02:36.644000,sent,kaspa:qpjunp39ssazf4rzfxxu0hd35xggfxn6lq0ls9u9q6peevzcmcv4xmv9q4njd,880136369663,
7d960911be260e2d2c0da73f33bda135dfbd593523ff09b8ff893fddcbb3a63a,2024-01-18T19:54:07.318000,sent,kaspa:qpjunp39ssazf4rzfxxu0hd35xggfxn6lq0ls9u9q6peevzcmcv4xmv9q4njd,880143301442,
b55fcfd7b343194f24613a701b7829065d640e4caa0569eb331fcd46a3155f64,2024-01-16T02:40:29.407000,received,kaspa:qzptk8av4p5jmvdrnacrg36jxc2nhwmhcmu4093l8pcc93hxd3tj5f3eaxzqz,10001558927,
b55fcfd7b343194f24613a701b7829065d640e4caa0569eb331fcd46a3155f64,2024-01-16T02:40:29.407000,received,kaspa:qzptk8av4p5jmvdrnacrg36jxc2nhwmhcmu4093l8pcc93hxd3tj5f3eaxzqz,10001558927,
b55fcfd7b343194f24613a701b7829065d640e4caa0569eb331fcd46a3155f64,2024-01-16T02:40:29.407000,received,kaspa:qzptk8av4p5jmvdrnacrg36jxc2nhwmhcmu4093l8pcc93hxd3tj5f3eaxzqz,10001558927,
b55fcfd7b343194f24613a701b7829065d640e4caa0569eb331fcd46a3155f64,2024-01-16T02:40:29.407000,received,kaspa:qzptk8av4p5jmvdrnacrg36jxc2nhwmhcmu4093l8pcc93hxd3tj5f3eaxzqz,10001558927,
a768473cb821ee1cb7b16b1e8d3616e53fd1886d4a382f5c2249a31741b02b50,2024-01-12T01:27:09.504000,received,kaspa:qp9rv9jvx2kyf6wu4lupuruunq5zsuszyxs0dr3l89ej7wsgs48jqkewy6xtl,10000609911,
4642d9300cb6c230900b9e1b21411a660da7282b2d061767f2b79416120502f0,2024-01-08T03:10:26.612000,received,kaspa:qp9rv9jvx2kyf6wu4lupuruunq5zsuszyxs0dr3l89ej7wsgs48jqkewy6xtl,10000506684,
bf68f8c7f7e5d7b10d55c9275a89fadb8083b5390ba08c1d4513092c1997ab53,2024-01-04T07:15:58.309000,received,kaspa:qzptk8av4p5jmvdrnacrg36jxc2nhwmhcmu4093l8pcc93hxd3tj5f3eaxzqz,10001095527,
3b0de9fbbe0a73c2f4557f0f2dedf172b9be56fe7d70e6057fab41eac99372c0,2023-12-31T14:35:14.767000,received,kaspa:qpru5qxrtthdkvkc3rzwlq6rzr2pnu8plg882yuqtja03vt8ktjm2g6zpc2nn,10000027371,
1a876ebf6d852c5e4abf44ba62185e38f8c65b81020159ef78614221a75544b3,2023-12-28T05:03:07.827000,received,kaspa:qzptk8av4p5jmvdrnacrg36jxc2nhwmhcmu4093l8pcc93hxd3tj5f3eaxzqz,10000728418,
1a876ebf6d852c5e4abf44ba62185e38f8c65b81020159ef78614221a75544b3,2023-12-28T05:03:07.827000,received,kaspa:qzptk8av4p5jmvdrnacrg36jxc2nhwmhcmu4093l8pcc93hxd3tj5f3eaxzqz,10000728418,
1a876ebf6d852c5e4abf44ba62185e38f8c65b81020159ef78614221a75544b3,2023-12-28T05:03:07.827000,received,kaspa:qzptk8av4p5jmvdrnacrg36jxc2nhwmhcmu4093l8pcc93hxd3tj5f3eaxzqz,10000728418,
d727be00ada4d1416c370d0dc5f6174ed0302efbfba1b6f9f52fe2ee7597ed6a,2023-12-27T16:34:48.996000,sent,kaspa:qpjunp39ssazf4rzfxxu0hd35xggfxn6lq0ls9u9q6peevzcmcv4xmv9q4njd,2639999120000,
42cfde73f795bf1324e318001416c327dc57afa8ac8e1fea8c5175a3362ac97c,2023-12-26T09:06:43.430000,sent,kaspa:qpjunp39ssazf4rzfxxu0hd35xggfxn6lq0ls9u9q6peevzcmcv4xmv9q4njd,13199999120000,
5eea60bd1c68995d0daad097253b1a18d6852c8a31cb82d942486672538cc138,2023-12-26T08:34:08.407000,sent,kaspa:qpjunp39ssazf4rzfxxu0hd35xggfxn6lq0ls9u9q6peevzcmcv4xmv9q4njd,16720953717705,
cb4304d6710e47fdd236ba62a4a7b9decd7ab2605b1b9bd19d791d2da40806e2,2023-12-26T08:15:50.363000,sent,kaspa:qpjunp39ssazf4rzfxxu0hd35xggfxn6lq0ls9u9q6peevzcmcv4xmv9q4njd,17652608530556,
548f7233fd5c7b8f10f9465000b48d90a80e475aa613549d2e4f6fb490407f24,2023-12-24T22:58:07.601000,received,kaspa:qpru5qxrtthdkvkc3rzwlq6rzr2pnu8plg882yuqtja03vt8ktjm2g6zpc2nn,10001639990,
9786f82da36ba69422493d198fc9ac636b1690ebd71aa672754395fe5e6695d8,2023-12-24T10:32:09.924000,received,kaspa:qyphwahuhwwsk5c8y447yrqexl4kq80mte6cl0vgn9nmy7zgd0c07jscmjvr6jz,190000000000,
9786f82da36ba69422493d198fc9ac636b1690ebd71aa672754395fe5e6695d8,2023-12-24T10:32:09.924000,received,kaspa:qyphwahuhwwsk5c8y447yrqexl4kq80mte6cl0vgn9nmy7zgd0c07jscmjvr6jz,190000000000,
9786f82da36ba69422493d198fc9ac636b1690ebd71aa672754395fe5e6695d8,2023-12-24T10:32:09.924000,received,kaspa:qyphwahuhwwsk5c8y447yrqexl4kq80mte6cl0vgn9nmy7zgd0c07jscmjvr6jz,190000000000,
9786f82da36ba69422493d198fc9ac636b1690ebd71aa672754395fe5e6695d8,2023-12-24T10:32:09.924000,received,kaspa:qyphwahuhwwsk5c8y447yrqexl4kq80mte6cl0vgn9nmy7zgd0c07jscmjvr6jz,190000000000,
9786f82da36ba69422493d198fc9ac636b1690ebd71aa672754395fe5e6695d8,2023-12-24T10:32:09.924000,received,kaspa:qyphwahuhwwsk5c8y447yrqexl4kq80mte6cl0vgn9nmy7zgd0c07jscmjvr6jz,190000000000,
9786f82da36ba69422493d198fc9ac636b1690ebd71aa672754395fe5e6695d8,2023-12-24T10:32:09.924000,received,kaspa:qyphwahuhwwsk5c8y447yrqexl4kq80mte6cl0vgn9nmy7zgd0c07jscmjvr6jz,190000000000,
9786f82da36ba69422493d198fc9ac636b1690ebd71aa672754395fe5e6695d8,2023-12-24T10:32:09.924000,received,kaspa:qyphwahuhwwsk5c8y447yrqexl4kq80mte6cl0vgn9nmy7zgd0c07jscmjvr6jz,190000000000,
9786f82da36ba69422493d198fc9ac636b1690ebd71aa672754395fe5e6695d8,2023-12-24T10:32:09.924000,received,kaspa:qyphwahuhwwsk5c8y447yrqexl4kq80mte6cl0vgn9nmy7zgd0c07jscmjvr6jz,190000000000,
9786f82da36ba69422493d198fc9ac636b1690ebd71aa672754395fe5e6695d8,2023-12-24T10:32:09.924000,received,kaspa:qyphwahuhwwsk5c8y447yrqexl4kq80mte6cl0vgn9nmy7zgd0c07jscmjvr6jz,190000000000,
9786f82da36ba69422493d198fc9ac636b1690ebd71aa672754395fe5e6695d8,2023-12-24T10:32:09.924000,received,kaspa:qyphwahuhwwsk5c8y447yrqexl4kq80mte6cl0vgn9nmy7zgd0c07jscmjvr6jz,190000000000,
9786f82da36ba69422493d198fc9ac636b1690ebd71aa672754395fe5e6695d8,2023-12-24T10:32:09.924000,received,kaspa:qyphwahuhwwsk5c8y447yrqexl4kq80mte6cl0vgn9nmy7zgd0c07jscmjvr6jz,190000000000,
9786f82da36ba69422493d198fc9ac636b1690ebd71aa672754395fe5e6695d8,2023-12-24T10:32:09.924000,received,kaspa:qyphwahuhwwsk5c8y447yrqexl4kq80mte6cl0vgn9nmy7zgd0c07jscmjvr6jz,190000000000,
9786f82da36ba69422493d198fc9ac636b1690ebd71aa672754395fe5e6695d8,2023-12-24T10:32:09.924000,received,kaspa:qyphwahuhwwsk5c8y447yrqexl4kq80mte6cl0vgn9nmy7zgd0c07jscmjvr6jz,190000000000,
9786f82da36ba69422493d198fc9ac636b1690ebd71aa672754395fe5e6695d8,2023-12-24T10:32:09.924000,received,kaspa:qyphwahuhwwsk5c8y447yrqexl4kq80mte6cl0vgn9nmy7zgd0c07jscmjvr6jz,190000000000,
9786f82da36ba69422493d198fc9ac636b1690ebd71aa672754395fe5e6695d8,2023-12-24T10:32:09.924000,received,kaspa:qyphwahuhwwsk5c8y447yrqexl4kq80mte6cl0vgn9nmy7zgd0c07jscmjvr6jz,190000000000,
9786f82da36ba69422493d198fc9ac636b1690ebd71aa672754395fe5e6695d8,2023-12-24T10:32:09.924000,received,kaspa:qyphwahuhwwsk5c8y447yrqexl4kq80mte6cl0vgn9nmy7zgd0c07jscmjvr6jz,190000000000,
9786f82da36ba69422493d198fc9ac636b1690ebd71aa672754395fe5e6695d8,2023-12-24T10:32:09.924000,received,kaspa:qyphwahuhwwsk5c8y447yrqexl4kq80mte6cl0vgn9nmy7zgd0c07jscmjvr6jz,190000000000,
9786f82da36ba69422493d198fc9ac636b1690ebd71aa672754395fe5e6695d8,2023-12-24T10:32:09.924000,received,kaspa:qyphwahuhwwsk5c8y447yrqexl4kq80mte6cl0vgn9nmy7zgd0c07jscmjvr6jz,190000000000,
9786f82da36ba69422493d198fc9ac636b1690ebd71aa672754395fe5e6695d8,2023-12-24T10:32:09.924000,received,kaspa:qyphwahuhwwsk5c8y447yrqexl4kq80mte6cl0vgn9nmy7zgd0c07jscmjvr6jz,190000000000,
9786f82da36ba69422493d198fc9ac636b1690ebd71aa672754395fe5e6695d8,2023-12-24T10:32:09.924000,received,kaspa:qyphwahuhwwsk5c8y447yrqexl4kq80mte6cl0vgn9nmy7zgd0c07jscmjvr6jz,190000000000,
9786f82da36ba69422493d198fc9ac636b1690ebd71aa672754395fe5e6695d8,2023-12-24T10:32:09.924000,received,kaspa:qyphwahuhwwsk5c8y447yrqexl4kq80mte6cl0vgn9nmy7zgd0c07jscmjvr6jz,190000000000,
9786f82da36ba69422493d198fc9ac636b1690ebd71aa672754395fe5e6695d8,2023-12-24T10:32:09.924000,received,kaspa:qyphwahuhwwsk5c8y447yrqexl4kq80mte6cl0vgn9nmy7zgd0c07jscmjvr6jz,190000000000,
9786f82da36ba69422493d198fc9ac636b1690ebd71aa672754395fe5e6695d8,2023-12-24T10:32:09.924000,received,kaspa:qyphwahuhwwsk5c8y447yrqexl4kq80mte6cl0vgn9nmy7zgd0c07jscmjvr6jz,190000000000,
9786f82da36ba69422493d198fc9ac636b1690ebd71aa672754395fe5e6695d8,2023-12-24T10:32:09.924000,received,kaspa:qyphwahuhwwsk5c8y447yrqexl4kq80mte6cl0vgn9nmy7zgd0c07jscmjvr6jz,190000000000,
39e0536a2c0d662cd748f4d0b8e6209e23e87fb094df6b52fed0b6a614abe60f,2023-11-13T10:57:26.907000,received,kaspa:qyphwahuhwwsk5c8y447yrqexl4kq80mte6cl0vgn9nmy7zgd0c07jscmjvr6jz,150000000000,
39e0536a2c0d662cd748f4d0b8e6209e23e87fb094df6b52fed0b6a614abe60f,2023-11-13T10:57:26.907000,received,kaspa:qyphwahuhwwsk5c8y447yrqexl4kq80mte6cl0vgn9nmy7zgd0c07jscmjvr6jz,150000000000,
39e0536a2c0d662cd748f4d0b8e6209e23e87fb094df6b52fed0b6a614abe60f,2023-11-13T10:57:26.907000,received,kaspa:qyphwahuhwwsk5c8y447yrqexl4kq80mte6cl0vgn9nmy7zgd0c07jscmjvr6jz,150000000000,
39e0536a2c0d662cd748f4d0b8e6209e23e87fb094df6b52fed0b6a614abe60f,2023-11-13T10:57:26.907000,received,kaspa:qyphwahuhwwsk5c8y447yrqexl4kq80mte6cl0vgn9nmy7zgd0c07jscmjvr6jz,150000000000,
39e0536a2c0d662cd748f4d0b8e6209e23e87fb094df6b52fed0b6a614abe60f,2023-11-13T10:57:26.907000,received,kaspa:qyphwahuhwwsk5c8y447yrqexl4kq80mte6cl0vgn9nmy7zgd0c07jscmjvr6jz,150000000000,
39e0536a2c0d662cd748f4d0b8e6209e23e87fb094df6b52fed0b6a614abe60f,2023-11-13T10:57:26.907000,received,kaspa:qyphwahuhwwsk5c8y447yrqexl4kq80mte6cl0vgn9nmy7zgd0c07jscmjvr6jz,150000000000,
39e0536a2c0d662cd748f4d0b8e6209e23e87fb094df6b52fed0b6a614abe60f,2023-11-13T10:57:26.907000,received,kaspa:qyphwahuhwwsk5c8y447yrqexl4kq80mte6cl0vgn9nmy7zgd0c07jscmjvr6jz,150000000000,
39e0536a2c0d662cd748f4d0b8e6209e23e87fb094df6b52fed0b6a614abe60f,2023-11-13T10:57:26.907000,received,kaspa:qyphwahuhwwsk5c8y447yrqexl4kq80mte6cl0vgn9nmy7zgd0c07jscmjvr6jz,150000000000,
39e0536a2c0d662cd748f4d0b8e6209e23e87fb094df6b52fed0b6a614abe60f,2023-11-13T10:57:26.907000,received,kaspa:qyphwahuhwwsk5c8y447yrqexl4kq80mte6cl0vgn9nmy7zgd0c07jscmjvr6jz,150000000000,
39e0536a2c0d662cd748f4d0b8e6209e23e87fb094df6b52fed0b6a614abe60f,2023-11-13T10:57:26.907000,received,kaspa:qyphwahuhwwsk5c8y447yrqexl4kq80mte6cl0vgn9nmy7zgd0c07jscmjvr6jz,150000000000,
39e0536a2c0d662cd748f4d0b8e6209e23e87fb094df6b52fed0b6a614abe60f,2023-11-13T10:57:26.907000,received,kaspa:qyphwahuhwwsk5c8y447yrqexl4kq80mte6cl0vgn9nmy7zgd0c07jscmjvr6jz,150000000000,
39e0536a2c0d662cd748f4d0b8e6209e23e87fb094df6b52fed0b6a614abe60f,2023-11-13T10:57:26.907000,received,kaspa:qyphwahuhwwsk5c8y447yrqexl4kq80mte6cl0vgn9nmy7zgd0c07jscmjvr6jz,150000000000,
39e0536a2c0d662cd748f4d0b8e6209e23e87fb094df6b52fed0b6a614abe60f,2023-11-13T10:57:26.907000,received,kaspa:qyphwahuhwwsk5c8y447yrqexl4kq80mte6cl0vgn9nmy7zgd0c07jscmjvr6jz,150000000000,
39e0536a2c0d662cd748f4d0b8e6209e23e87fb094df6b52fed0b6a614abe60f,2023-11-13T10:57:26.907000,received,kaspa:qyphwahuhwwsk5c8y447yrqexl4kq80mte6cl0vgn9nmy7zgd0c07jscmjvr6jz,150000000000,
39e0536a2c0d662cd748f4d0b8e6209e23e87fb094df6b52fed0b6a614abe60f,2023-11-13T10:57:26.907000,received,kaspa:qyphwahuhwwsk5c8y447yrqexl4kq80mte6cl0vgn9nmy7zgd0c07jscmjvr6jz,150000000000,
39e0536a2c0d662cd748f4d0b8e6209e23e87fb094df6b52fed0b6a614abe60f,2023-11-13T10:57:26.907000,received,kaspa:qyphwahuhwwsk5c8y447yrqexl4kq80mte6cl0vgn9nmy7zgd0c07jscmjvr6jz,150000000000,
11426689c43908d294485959895edc79dea579eb98ee2efb62a538db1ee0d561,2023-10-25T20:16:44.716000,sent,kaspa:qpzpfwcsqsxhxwup26r55fd0ghqlhyugz8cp6y3wxuddc02vcxtjg75pspnwz,100000000000000,MEXC
11426689c43908d294485959895edc79dea579eb98ee2efb62a538db1ee0d561,2023-10-25T20:16:44.716000,sent,kaspa:qpjunp39ssazf4rzfxxu0hd35xggfxn6lq0ls9u9q6peevzcmcv4xmv9q4njd,292269263334,
161ca2eec96835b028ff91ff95a62d9c5fabcb2a87f71ac6a7c366a34d20a6df,2023-10-25T18:57:53.166000,received,kaspa:qyphwahuhwwsk5c8y447yrqexl4kq80mte6cl0vgn9nmy7zgd0c07jscmjvr6jz,524900000000,
161ca2eec96835b028ff91ff95a62d9c5fabcb2a87f71ac6a7c366a34d20a6df,2023-10-25T18:57:53.166000,received,kaspa:qyphwahuhwwsk5c8y447yrqexl4kq80mte6cl0vgn9nmy7zgd0c07jscmjvr6jz,524900000000,
161ca2eec96835b028ff91ff95a62d9c5fabcb2a87f71ac6a7c366a34d20a6df,2023-10-25T18:57:53.166000,received,kaspa:qyphwahuhwwsk5c8y447yrqexl4kq80mte6cl0vgn9nmy7zgd0c07jscmjvr6jz,524900000000,
161ca2eec96835b028ff91ff95a62d9c5fabcb2a87f71ac6a7c366a34d20a6df,2023-10-25T18:57:53.166000,received,kaspa:qyphwahuhwwsk5c8y447yrqexl4kq80mte6cl0vgn9nmy7zgd0c07jscmjvr6jz,524900000000,
161ca2eec96835b028ff91ff95a62d9c5fabcb2a87f71ac6a7c366a34d20a6df,2023-10-25T18:57:53.166000,received,kaspa:qyphwahuhwwsk5c8y447yrqexl4kq80mte6cl0vgn9nmy7zgd0c07jscmjvr6jz,524900000000,
161ca2eec96835b028ff91ff95a62d9c5fabcb2a87f71ac6a7c366a34d20a6df,2023-10-25T18:57:53.166000,received,kaspa:qyphwahuhwwsk5c8y447yrqexl4kq80mte6cl0vgn9nmy7zgd0c07jscmjvr6jz,524900000000,
161ca2eec96835b028ff91ff95a62d9c5fabcb2a87f71ac6a7c366a34d20a6df,2023-10-25T18:57:53.166000,received,kaspa:qyphwahuhwwsk5c8y447yrqexl4kq80mte6cl0vgn9nmy7zgd0c07jscmjvr6jz,524900000000,
161ca2eec96835b028ff91ff95a62d9c5fabcb2a87f71ac6a7c366a34d20a6df,2023-10-25T18:57:53.166000,received,kaspa:qyphwahuhwwsk5c8y447yrqexl4kq80mte6cl0vgn9nmy7zgd0c07jscmjvr6jz,524900000000,
161ca2eec96835b028ff91ff95a62d9c5fabcb2a87f71ac6a7c366a34d20a6df,2023-10-25T18:57:53.166000,received,kaspa:qyphwahuhwwsk5c8y447yrqexl4kq80mte6cl0vgn9nmy7zgd0c07jscmjvr6jz,524900000000,
161ca2eec96835b028ff91ff95a62d9c5fabcb2a87f71ac6a7c366a34d20a6df,2023-10-25T18:57:53.166000,received,kaspa:qyphwahuhwwsk5c8y447yrqexl4kq80mte6cl0vgn9nmy7zgd0c07jscmjvr6jz,524900000000,
161ca2eec96835b028ff91ff95a62d9c5fabcb2a87f71ac6a7c366a34d20a6df,2023-10-25T18:57:53.166000,received,kaspa:qyphwahuhwwsk5c8y447yrqexl4kq80mte6cl0vgn9nmy7zgd0c07jscmjvr6jz,524900000000,
161ca2eec96835b028ff91ff95a62d9c5fabcb2a87f71ac6a7c366a34d20a6df,2023-10-25T18:57:53.166000,received,kaspa:qyphwahuhwwsk5c8y447yrqexl4kq80mte6cl0vgn9nmy7zgd0c07jscmjvr6jz,524900000000,
161ca2eec96835b028ff91ff95a62d9c5fabcb2a87f71ac6a7c366a34d20a6df,2023-10-25T18:57:53.166000,received,kaspa:qyphwahuhwwsk5c8y447yrqexl4kq80mte6cl0vgn9nmy7zgd0c07jscmjvr6jz,524900000000,
161ca2eec96835b028ff91ff95a62d9c5fabcb2a87f71ac6a7c366a34d20a6df,2023-10-25T18:57:53.166000,received,kaspa:qyphwahuhwwsk5c8y447yrqexl4kq80mte6cl0vgn9nmy7zgd0c07jscmjvr6jz,524900000000,
161ca2eec96835b028ff91ff95a62d9c5fabcb2a87f71ac6a7c366a34d20a6df,2023-10-25T18:57:53.166000,received,kaspa:qyphwahuhwwsk5c8y447yrqexl4kq80mte6cl0vgn9nmy7zgd0c07jscmjvr6jz,524900000000,
161ca2eec96835b028ff91ff95a62d9c5fabcb2a87f71ac6a7c366a34d20a6df,2023-10-25T18:57:53.166000,received,kaspa:qyphwahuhwwsk5c8y447yrqexl4kq80mte6cl0vgn9nmy7zgd0c07jscmjvr6jz,524900000000,
161ca2eec96835b028ff91ff95a62d9c5fabcb2a87f71ac6a7c366a34d20a6df,2023-10-25T18:57:53.166000,received,kaspa:qyphwahuhwwsk5c8y447yrqexl4kq80mte6cl0vgn9nmy7zgd0c07jscmjvr6jz,524900000000,
161ca2eec96835b028ff91ff95a62d9c5fabcb2a87f71ac6a7c366a34d20a6df,2023-10-25T18:57:53.166000,received,kaspa:qyphwahuhwwsk5c8y447yrqexl4kq80mte6cl0vgn9nmy7zgd0c07jscmjvr6jz,524900000000,
161ca2eec96835b028ff91ff95a62d9c5fabcb2a87f71ac6a7c366a34d20a6df,2023-10-25T18:57:53.166000,received,kaspa:qyphwahuhwwsk5c8y447yrqexl4kq80mte6cl0vgn9nmy7zgd0c07jscmjvr6jz,524900000000,
161ca2eec96835b028ff91ff95a62d9c5fabcb2a87f71ac6a7c366a34d20a6df,2023-10-25T18:57:53.166000,received,kaspa:qyphwahuhwwsk5c8y447yrqexl4kq80mte6cl0vgn9nmy7zgd0c07jscmjvr6jz,524900000000,
161ca2eec96835b028ff91ff95a62d9c5fabcb2a87f71ac6a7c366a34d20a6df,2023-10-25T18:57:53.166000,received,kaspa:qyphwahuhwwsk5c8y447yrqexl4kq80mte6cl0vgn9nmy7zgd0c07jscmjvr6jz,524900000000,
161ca2eec96835b028ff91ff95a62d9c5fabcb2a87f71ac6a7c366a34d20a6df,2023-10-25T18:57:53.166000,received,kaspa:qyphwahuhwwsk5c8y447yrqexl4kq80mte6cl0vgn9nmy7zgd0c07jscmjvr6jz,524900000000,
161ca2eec96835b028ff91ff95a62d9c5fabcb2a87f71ac6a7c366a34d20a6df,2023-10-25T18:57:53.166000,received,kaspa:qyphwahuhwwsk5c8y447yrqexl4kq80mte6cl0vgn9nmy7zgd0c07jscmjvr6jz,524900000000,
161ca2eec96835b028ff91ff95a62d9c5fabcb2a87f71ac6a7c366a34d20a6df,2023-10-25T18:57:53.166000,received,kaspa:qyphwahuhwwsk5c8y447yrqexl4kq80mte6cl0vgn9nmy7zgd0c07jscmjvr6jz,524900000000,
161ca2eec96835b028ff91ff95a62d9c5fabcb2a87f71ac6a7c366a34d20a6df,2023-10-25T18:57:53.166000,received,kaspa:qyphwahuhwwsk5c8y447yrqexl4kq80mte6cl0vgn9nmy7zgd0c07jscmjvr6jz,524900000000,
161ca2eec96835b028ff91ff95a62d9c5fabcb2a87f71ac6a7c366a34d20a6df,2023-10-25T18:57:53.166000,received,kaspa:qyphwahuhwwsk5c8y447yrqexl4kq80mte6cl0vgn9nmy7zgd0c07jscmjvr6jz,524900000000,
161ca2eec96835b028ff91ff95a62d9c5fabcb2a87f71ac6a7c366a34d20a6df,2023-10-25T18:57:53.166000,received,kaspa:qyphwahuhwwsk5c8y447yrqexl4kq80mte6cl0vgn9nmy7zgd0c07jscmjvr6jz,524900000000,
161ca2eec96835b028ff91ff95a62d9c5fabcb2a87f71ac6a7c366a34d20a6df,2023-10-25T18:57:53.166000,received,kaspa:qyphwahuhwwsk5c8y447yrqexl4kq80mte6cl0vgn9nmy7zgd0c07jscmjvr6jz,524900000000,
161ca2eec96835b028ff91ff95a62d9c5fabcb2a87f71ac6a7c366a34d20a6df,2023-10-25T18:57:53.166000,received,kaspa:qyphwahuhwwsk5c8y447yrqexl4kq80mte6cl0vgn9nmy7zgd0c07jscmjvr6jz,524900000000,
161ca2eec96835b028ff91ff95a62d9c5fabcb2a87f71ac6a7c366a34d20a6df,2023-10-25T18:57:53.166000,received,kaspa:qyphwahuhwwsk5c8y447yrqexl4kq80mte6cl0vgn9nmy7zgd0c07jscmjvr6jz,524900000000,
161ca2eec96835b028ff91ff95a62d9c5fabcb2a87f71ac6a7c366a34d20a6df,2023-10-25T18:57:53.166000,received,kaspa:qyphwahuhwwsk5c8y447yrqexl4kq80mte6cl0vgn9nmy7zgd0c07jscmjvr6jz,524900000000,
161ca2eec96835b028ff91ff95a62d9c5fabcb2a87f71ac6a7c366a34d20a6df,2023-10-25T18:57:53.166000,received,kaspa:qyphwahuhwwsk5c8y447yrqexl4kq80mte6cl0vgn9nmy7zgd0c07jscmjvr6jz,524900000000,
161ca2eec96835b028ff91ff95a62d9c5fabcb2a87f71ac6a7c366a34d20a6df,2023-10-25T18:57:53.166000,received,kaspa:qyphwahuhwwsk5c8y447yrqexl4kq80mte6cl0vgn9nmy7zgd0c07jscmjvr6jz,524900000000,
161ca2eec96835b028ff91ff95a62d9c5fabcb2a87f71ac6a7c366a34d20a6df,2023-10-25T18:57:53.166000,received,kaspa:qyphwahuhwwsk5c8y447yrqexl4kq80mte6cl0vgn9nmy7zgd0c07jscmjvr6jz,524900000000,
161ca2eec96835b028ff91ff95a62d9c5fabcb2a87f71ac6a7c366a34d20a6df,2023-10-25T18:57:53.166000,received,kaspa:qyphwahuhwwsk5c8y447yrqexl4kq80mte6cl0vgn9nmy7zgd0c07jscmjvr6jz,524900000000,
161ca2eec96835b028ff91ff95a62d9c5fabcb2a87f71ac6a7c366a34d20a6df,2023-10-25T18:57:53.166000,received,kaspa:qyphwahuhwwsk5c8y447yrqexl4kq80mte6cl0vgn9nmy7zgd0c07jscmjvr6jz,524900000000,
161ca2eec96835b028ff91ff95a62d9c5fabcb2a87f71ac6a7c366a34d20a6df,2023-10-25T18:57:53.166000,received,kaspa:qyphwahuhwwsk5c8y447yrqexl4kq80mte6cl0vgn9nmy7zgd0c07jscmjvr6jz,524900000000,
161ca2eec96835b028ff91ff95a62d9c5fabcb2a87f71ac6a7c366a34d20a6df,2023-10-25T18:57:53.166000,received,kaspa:qyphwahuhwwsk5c8y447yrqexl4kq80mte6cl0vgn9nmy7zgd0c07jscmjvr6jz,524900000000,
209af903cc0c4c432826c18d18be0dc5565e46f82506f17199451c508740533e,2023-09-19T08:11:16.306000,sent,kaspa:qpjunp39ssazf4rzfxxu0hd35xggfxn6lq0ls9u9q6peevzcmcv4xmv9q4njd,30140710983868,
2b7cfb0ac6266048f0e39b075eeaa53bdd5e6ce14c1fadf8a08ee87cdb621ebf,2023-09-09T03:26:22.375000,sent,kaspa:qpjunp39ssazf4rzfxxu0hd35xggfxn6lq0ls9u9q6peevzcmcv4xmv9q4njd,38508316501373,
be86328c39c84a0e3d7f23263d83dd28f24951c0ce31304e32b0666d4273096e,2023-07-29T16:40:57.527000,sent,kaspa:qpjunp39ssazf4rzfxxu0hd35xggfxn6lq0ls9u9q6peevzcmcv4xmv9q4njd,162822650108645,
ed0aebd1c45b2c52c5a397b92fcfc3cb3850d4b15b17fbb5aea48d614ff708fd,2023-07-29T12:18:14.895000,received,kaspa:qyphwahuhwwsk5c8y447yrqexl4kq80mte6cl0vgn9nmy7zgd0c07jscmjvr6jz,635400000000,
a66f2cb53e1b2e9905b697eadb5a930494b70e5801cd3e21e2dd828fc8e96fd2,2023-07-29T12:15:46.337000,received,kaspa:qz50j38rnpp3hgznayacnh99tkxthcrwrxgzrmsdpgv5rak49epm6t95xhnjk,436400000000,
a66f2cb53e1b2e9905b697eadb5a930494b70e5801cd3e21e2dd828fc8e96fd2,2023-07-29T12:15:46.337000,received,kaspa:qzelap5rcnhnllntp4wsn69ed2wy078f664dh9n2dfcmxtqn38tcg2qmef8kl,436400000000,
a66f2cb53e1b2e9905b697eadb5a930494b70e5801cd3e21e2dd828fc8e96fd2,2023-07-29T12:15:46.337000,received,kaspa:qzelap5rcnhnllntp4wsn69ed2wy078f664dh9n2dfcmxtqn38tcg2qmef8kl,436400000000,
a66f2cb53e1b2e9905b697eadb5a930494b70e5801cd3e21e2dd828fc8e96fd2,2023-07-29T12:15:46.337000,received,kaspa:qzelap5rcnhnllntp4wsn69ed2wy078f664dh9n2dfcmxtqn38tcg2qmef8kl,436400000000,
a66f2cb53e1b2e9905b697eadb5a930494b70e5801cd3e21e2dd828fc8e96fd2,2023-07-29T12:15:46.337000,received,kaspa:qzelap5rcnhnllntp4wsn69ed2wy078f664dh9n2dfcmxtqn38tcg2qmef8kl,436400000000,
a66f2cb53e1b2e9905b697eadb5a930494b70e5801cd3e21e2dd828fc8e96fd2,2023-07-29T12:15:46.337000,received,kaspa:qzelap5rcnhnllntp4wsn69ed2wy078f664dh9n2dfcmxtqn38tcg2qmef8kl,436400000000,
a66f2cb53e1b2e9905b697eadb5a930494b70e5801cd3e21e2dd828fc8e96fd2,2023-07-29T12:15:46.337000,received,kaspa:qzelap5rcnhnllntp4wsn69ed2wy078f664dh9n2dfcmxtqn38tcg2qmef8kl,436400000000,
a66f2cb53e1b2e9905b697eadb5a930494b70e5801cd3e21e2dd828fc8e96fd2,2023-07-29T12:15:46.337000,received,kaspa:qzelap5rcnhnllntp4wsn69ed2wy078f664dh9n2dfcmxtqn38tcg2qmef8kl,436400000000,
a66f2cb53e1b2e9905b697eadb5a930494b70e5801cd3e21e2dd828fc8e96fd2,2023-07-29T12:15:46.337000,received,kaspa:qzelap5rcnhnllntp4wsn69ed2wy078f664dh9n2dfcmxtqn38tcg2qmef8kl,436400000000,
a66f2cb53e1b2e9905b697eadb5a930494b70e5801cd3e21e2dd828fc8e96fd2,2023-07-29T12:15:46.337000,received,kaspa:qzelap5rcnhnllntp4wsn69ed2wy078f664dh9n2dfcmxtqn38tcg2qmef8kl,436400000000,
a66f2cb53e1b2e9905b697eadb5a930494b70e5801cd3e21e2dd828fc8e96fd2,2023-07-29T12:15:46.337000,received,kaspa:qzelap5rcnhnllntp4wsn69ed2wy078f664dh9n2dfcmxtqn38tcg2qmef8kl,436400000000,
a66f2cb53e1b2e9905b697eadb5a930494b70e5801cd3e21e2dd828fc8e96fd2,2023-07-29T12:15:46.337000,received,kaspa:qzelap5rcnhnllntp4wsn69ed2wy078f664dh9n2dfcmxtqn38tcg2qmef8kl,436400000000,
a66f2cb53e1b2e9905b697eadb5a930494b70e5801cd3e21e2dd828fc8e96fd2,2023-07-29T12:15:46.337000,received,kaspa:qzelap5rcnhnllntp4wsn69ed2wy078f664dh9n2dfcmxtqn38tcg2qmef8kl,436400000000,
a66f2cb53e1b2e9905b697eadb5a930494b70e5801cd3e21e2dd828fc8e96fd2,2023-07-29T12:15:46.337000,received,kaspa:qzelap5rcnhnllntp4wsn69ed2wy078f664dh9n2dfcmxtqn38tcg2qmef8kl,436400000000,
a66f2cb53e1b2e9905b697eadb5a930494b70e5801cd3e21e2dd828fc8e96fd2,2023-07-29T12:15:46.337000,received,kaspa:qzelap5rcnhnllntp4wsn69ed2wy078f664dh9n2dfcmxtqn38tcg2qmef8kl,436400000000,
a66f2cb53e1b2e9905b697eadb5a930494b70e5801cd3e21e2dd828fc8e96fd2,2023-07-29T12:15:46.337000,received,kaspa:qzelap5rcnhnllntp4wsn69ed2wy078f664dh9n2dfcmxtqn38tcg2qmef8kl,436400000000,
a66f2cb53e1b2e9905b697eadb5a930494b70e5801cd3e21e2dd828fc8e96fd2,2023-07-29T12:15:46.337000,received,kaspa:qzelap5rcnhnllntp4wsn69ed2wy078f664dh9n2dfcmxtqn38tcg2qmef8kl,436400000000,
a66f2cb53e1b2e9905b697eadb5a930494b70e5801cd3e21e2dd828fc8e96fd2,2023-07-29T12:15:46.337000,received,kaspa:qzelap5rcnhnllntp4wsn69ed2wy078f664dh9n2dfcmxtqn38tcg2qmef8kl,436400000000,
a66f2cb53e1b2e9905b697eadb5a930494b70e5801cd3e21e2dd828fc8e96fd2,2023-07-29T12:15:46.337000,received,kaspa:qzelap5rcnhnllntp4wsn69ed2wy078f664dh9n2dfcmxtqn38tcg2qmef8kl,436400000000,
a66f2cb53e1b2e9905b697eadb5a930494b70e5801cd3e21e2dd828fc8e96fd2,2023-07-29T12:15:46.337000,received,kaspa:qzelap5rcnhnllntp4wsn69ed2wy078f664dh9n2dfcmxtqn38tcg2qmef8kl,436400000000,
a66f2cb53e1b2e9905b697eadb5a930494b70e5801cd3e21e2dd828fc8e96fd2,2023-07-29T12:15:46.337000,received,kaspa:qzelap5rcnhnllntp4wsn69ed2wy078f664dh9n2dfcmxtqn38tcg2qmef8kl,436400000000,
a66f2cb53e1b2e9905b697eadb5a930494b70e5801cd3e21e2dd828fc8e96fd2,2023-07-29T12:15:46.337000,received,kaspa:qzelap5rcnhnllntp4wsn69ed2wy078f664dh9n2dfcmxtqn38tcg2qmef8kl,436400000000,
a66f2cb53e1b2e9905b697eadb5a930494b70e5801cd3e21e2dd828fc8e96fd2,2023-07-29T12:15:46.337000,received,kaspa:qzelap5rcnhnllntp4wsn69ed2wy078f664dh9n2dfcmxtqn38tcg2qmef8kl,436400000000,
a66f2cb53e1b2e9905b697eadb5a930494b70e5801cd3e21e2dd828fc8e96fd2,2023-07-29T12:15:46.337000,received,kaspa:qzelap5rcnhnllntp4wsn69ed2wy078f664dh9n2dfcmxtqn38tcg2qmef8kl,436400000000,
a66f2cb53e1b2e9905b697eadb5a930494b70e5801cd3e21e2dd828fc8e96fd2,2023-07-29T12:15:46.337000,received,kaspa:qzelap5rcnhnllntp4wsn69ed2wy078f664dh9n2dfcmxtqn38tcg2qmef8kl,436400000000,
a66f2cb53e1b2e9905b697eadb5a930494b70e5801cd3e21e2dd828fc8e96fd2,2023-07-29T12:15:46.337000,received,kaspa:qzelap5rcnhnllntp4wsn69ed2wy078f664dh9n2dfcmxtqn38tcg2qmef8kl,436400000000,
a66f2cb53e1b2e9905b697eadb5a930494b70e5801cd3e21e2dd828fc8e96fd2,2023-07-29T12:15:46.337000,received,kaspa:qzelap5rcnhnllntp4wsn69ed2wy078f664dh9n2dfcmxtqn38tcg2qmef8kl,436400000000,
a66f2cb53e1b2e9905b697eadb5a930494b70e5801cd3e21e2dd828fc8e96fd2,2023-07-29T12:15:46.337000,received,kaspa:qzelap5rcnhnllntp4wsn69ed2wy078f664dh9n2dfcmxtqn38tcg2qmef8kl,436400000000,
a66f2cb53e1b2e9905b697eadb5a930494b70e5801cd3e21e2dd828fc8e96fd2,2023-07-29T12:15:46.337000,received,kaspa:qzelap5rcnhnllntp4wsn69ed2wy078f664dh9n2dfcmxtqn38tcg2qmef8kl,436400000000,
a66f2cb53e1b2e9905b697eadb5a930494b70e5801cd3e21e2dd828fc8e96fd2,2023-07-29T12:15:46.337000,received,kaspa:qzelap5rcnhnllntp4wsn69ed2wy078f664dh9n2dfcmxtqn38tcg2qmef8kl,436400000000,
a66f2cb53e1b2e9905b697eadb5a930494b70e5801cd3e21e2dd828fc8e96fd2,2023-07-29T12:15:46.337000,received,kaspa:qzelap5rcnhnllntp4wsn69ed2wy078f664dh9n2dfcmxtqn38tcg2qmef8kl,436400000000,
a66f2cb53e1b2e9905b697eadb5a930494b70e5801cd3e21e2dd828fc8e96fd2,2023-07-29T12:15:46.337000,received,kaspa:qzelap5rcnhnllntp4wsn69ed2wy078f664dh9n2dfcmxtqn38tcg2qmef8kl,436400000000,
a66f2cb53e1b2e9905b697eadb5a930494b70e5801cd3e21e2dd828fc8e96fd2,2023-07-29T12:15:46.337000,received,kaspa:qzelap5rcnhnllntp4wsn69ed2wy078f664dh9n2dfcmxtqn38tcg2qmef8kl,436400000000,
a66f2cb53e1b2e9905b697eadb5a930494b70e5801cd3e21e2dd828fc8e96fd2,2023-07-29T12:15:46.337000,received,kaspa:qzelap5rcnhnllntp4wsn69ed2wy078f664dh9n2dfcmxtqn38tcg2qmef8kl,436400000000,
a66f2cb53e1b2e9905b697eadb5a930494b70e5801cd3e21e2dd828fc8e96fd2,2023-07-29T12:15:46.337000,received,kaspa:qzelap5rcnhnllntp4wsn69ed2wy078f664dh9n2dfcmxtqn38tcg2qmef8kl,436400000000,
a66f2cb53e1b2e9905b697eadb5a930494b70e5801cd3e21e2dd828fc8e96fd2,2023-07-29T12:15:46.337000,received,kaspa:qzelap5rcnhnllntp4wsn69ed2wy078f664dh9n2dfcmxtqn38tcg2qmef8kl,436400000000,
a66f2cb53e1b2e9905b697eadb5a930494b70e5801cd3e21e2dd828fc8e96fd2,2023-07-29T12:15:46.337000,received,kaspa:qzelap5rcnhnllntp4wsn69ed2wy078f664dh9n2dfcmxtqn38tcg2qmef8kl,436400000000,
a66f2cb53e1b2e9905b697eadb5a930494b70e5801cd3e21e2dd828fc8e96fd2,2023-07-29T12:15:46.337000,received,kaspa:qzelap5rcnhnllntp4wsn69ed2wy078f664dh9n2dfcmxtqn38tcg2qmef8kl,436400000000,
a66f2cb53e1b2e9905b697eadb5a930494b70e5801cd3e21e2dd828fc8e96fd2,2023-07-29T12:15:46.337000,received,kaspa:qzelap5rcnhnllntp4wsn69ed2wy078f664dh9n2dfcmxtqn38tcg2qmef8kl,436400000000,
a66f2cb53e1b2e9905b697eadb5a930494b70e5801cd3e21e2dd828fc8e96fd2,2023-07-29T12:15:46.337000,received,kaspa:qzelap5rcnhnllntp4wsn69ed2wy078f664dh9n2dfcmxtqn38tcg2qmef8kl,436400000000,
a66f2cb53e1b2e9905b697eadb5a930494b70e5801cd3e21e2dd828fc8e96fd2,2023-07-29T12:15:46.337000,received,kaspa:qzelap5rcnhnllntp4wsn69ed2wy078f664dh9n2dfcmxtqn38tcg2qmef8kl,436400000000,
a66f2cb53e1b2e9905b697eadb5a930494b70e5801cd3e21e2dd828fc8e96fd2,2023-07-29T12:15:46.337000,received,kaspa:qzelap5rcnhnllntp4wsn69ed2wy078f664dh9n2dfcmxtqn38tcg2qmef8kl,436400000000,
15c930b8d468355445285f114380f50f2a479fc3e660ca47f33596b8c87e23ce,2023-07-16T22:26:09.301000,sent,kaspa:qpzpfwcsqsxhxwup26r55fd0ghqlhyugz8cp6y3wxuddc02vcxtjg75pspnwz,200000000000000,MEXC
15c930b8d468355445285f114380f50f2a479fc3e660ca47f33596b8c87e23ce,2023-07-16T22:26:09.301000,sent,kaspa:qpjunp39ssazf4rzfxxu0hd35xggfxn6lq0ls9u9q6peevzcmcv4xmv9q4njd,284989352624,
1837bac8996009a6a419b0d53f1ac20ff60f6381e87601e418185c00fcf04e71,2023-07-16T22:01:50.712000,received,kaspa:qyphwahuhwwsk5c8y447yrqexl4kq80mte6cl0vgn9nmy7zgd0c07jscmjvr6jz,3000000000000,
fa20ad51bf018eaf0bb841735b472859ade20da8e30eca43623fe8ed00d9df4d,2023-07-16T08:16:00.487000,sent,kaspa:qpjunp39ssazf4rzfxxu0hd35xggfxn6lq0ls9u9q6peevzcmcv4xmv9q4njd,166400501157103,
3b04c8686a1fc013d2146e0a237a8f46072af219e55cf77a3297ed314ec5d979,2023-07-16T05:27:39.720000,received,kaspa:qyphwahuhwwsk5c8y447yrqexl4kq80mte6cl0vgn9nmy7zgd0c07jscmjvr6jz,1000000000000,
fed124f682f443edba9d244f7afd7f9e9e6be32cfedb28494b3d59c0d754d76a,2023-07-15T16:51:19.497000,sent,kaspa:qpjunp39ssazf4rzfxxu0hd35xggfxn6lq0ls9u9q6peevzcmcv4xmv9q4njd,158798877090864,
3ddeddf80ecfb6c28e24e6143121536b5d46afb2e3b6c158fb285b7de4b91a59,2023-07-15T16:36:34.271000,received,kaspa:qyphwahuhwwsk5c8y447yrqexl4kq80mte6cl0vgn9nmy7zgd0c07jscmjvr6jz,1500000000000,
3ddeddf80ecfb6c28e24e6143121536b5d46afb2e3b6c158fb285b7de4b91a59,2023-07-15T16:36:34.271000,received,kaspa:qyphwahuhwwsk5c8y447yrqexl4kq80mte6cl0vgn9nmy7zgd0c07jscmjvr6jz,1500000000000,
3ddeddf80ecfb6c28e24e6143121536b5d46afb2e3b6c158fb285b7de4b91a59,2023-07-15T16:36:34.271000,received,kaspa:qyphwahuhwwsk5c8y447yrqexl4kq80mte6cl0vgn9nmy7zgd0c07jscmjvr6jz,1500000000000,
3ddeddf80ecfb6c28e24e6143121536b5d46afb2e3b6c158fb285b7de4b91a59,2023-07-15T16:36:34.271000,received,kaspa:qyphwahuhwwsk5c8y447yrqexl4kq80mte6cl0vgn9nmy7zgd0c07jscmjvr6jz,1500000000000,
3ddeddf80ecfb6c28e24e6143121536b5d46afb2e3b6c158fb285b7de4b91a59,2023-07-15T16:36:34.271000,received,kaspa:qyphwahuhwwsk5c8y447yrqexl4kq80mte6cl0vgn9nmy7zgd0c07jscmjvr6jz,1500000000000,
b41211178415bff8d1a65fa90c1659dd2abc42645db8be34e1dc538cfee15f4e,2023-06-07T03:44:37.931000,received,kaspa:qp09qfyhe3fcvgj0ejq856hqh2y9cncp6cg5l2tyru37jkrz80yj6q87v848u,200600000000,
b41211178415bff8d1a65fa90c1659dd2abc42645db8be34e1dc538cfee15f4e,2023-06-07T03:44:37.931000,received,kaspa:qzelap5rcnhnllntp4wsn69ed2wy078f664dh9n2dfcmxtqn38tcg2qmef8kl,200600000000,
b41211178415bff8d1a65fa90c1659dd2abc42645db8be34e1dc538cfee15f4e,2023-06-07T03:44:37.931000,received,kaspa:qzelap5rcnhnllntp4wsn69ed2wy078f664dh9n2dfcmxtqn38tcg2qmef8kl,200600000000,
b41211178415bff8d1a65fa90c1659dd2abc42645db8be34e1dc538cfee15f4e,2023-06-07T03:44:37.931000,received,kaspa:qzelap5rcnhnllntp4wsn69ed2wy078f664dh9n2dfcmxtqn38tcg2qmef8kl,200600000000,
b41211178415bff8d1a65fa90c1659dd2abc42645db8be34e1dc538cfee15f4e,2023-06-07T03:44:37.931000,received,kaspa:qzelap5rcnhnllntp4wsn69ed2wy078f664dh9n2dfcmxtqn38tcg2qmef8kl,200600000000,
b41211178415bff8d1a65fa90c1659dd2abc42645db8be34e1dc538cfee15f4e,2023-06-07T03:44:37.931000,received,kaspa:qzelap5rcnhnllntp4wsn69ed2wy078f664dh9n2dfcmxtqn38tcg2qmef8kl,200600000000,
b41211178415bff8d1a65fa90c1659dd2abc42645db8be34e1dc538cfee15f4e,2023-06-07T03:44:37.931000,received,kaspa:qzelap5rcnhnllntp4wsn69ed2wy078f664dh9n2dfcmxtqn38tcg2qmef8kl,200600000000,
b41211178415bff8d1a65fa90c1659dd2abc42645db8be34e1dc538cfee15f4e,2023-06-07T03:44:37.931000,received,kaspa:qzelap5rcnhnllntp4wsn69ed2wy078f664dh9n2dfcmxtqn38tcg2qmef8kl,200600000000,
b41211178415bff8d1a65fa90c1659dd2abc42645db8be34e1dc538cfee15f4e,2023-06-07T03:44:37.931000,received,kaspa:qzelap5rcnhnllntp4wsn69ed2wy078f664dh9n2dfcmxtqn38tcg2qmef8kl,200600000000,
b41211178415bff8d1a65fa90c1659dd2abc42645db8be34e1dc538cfee15f4e,2023-06-07T03:44:37.931000,received,kaspa:qzelap5rcnhnllntp4wsn69ed2wy078f664dh9n2dfcmxtqn38tcg2qmef8kl,200600000000,
b41211178415bff8d1a65fa90c1659dd2abc42645db8be34e1dc538cfee15f4e,2023-06-07T03:44:37.931000,received,kaspa:qzelap5rcnhnllntp4wsn69ed2wy078f664dh9n2dfcmxtqn38tcg2qmef8kl,200600000000,
b41211178415bff8d1a65fa90c1659dd2abc42645db8be34e1dc538cfee15f4e,2023-06-07T03:44:37.931000,received,kaspa:qzelap5rcnhnllntp4wsn69ed2wy078f664dh9n2dfcmxtqn38tcg2qmef8kl,200600000000,
b41211178415bff8d1a65fa90c1659dd2abc42645db8be34e1dc538cfee15f4e,2023-06-07T03:44:37.931000,received,kaspa:qzelap5rcnhnllntp4wsn69ed2wy078f664dh9n2dfcmxtqn38tcg2qmef8kl,200600000000,
b41211178415bff8d1a65fa90c1659dd2abc42645db8be34e1dc538cfee15f4e,2023-06-07T03:44:37.931000,received,kaspa:qzelap5rcnhnllntp4wsn69ed2wy078f664dh9n2dfcmxtqn38tcg2qmef8kl,200600000000,
b41211178415bff8d1a65fa90c1659dd2abc42645db8be34e1dc538cfee15f4e,2023-06-07T03:44:37.931000,received,kaspa:qzelap5rcnhnllntp4wsn69ed2wy078f664dh9n2dfcmxtqn38tcg2qmef8kl,200600000000,
b41211178415bff8d1a65fa90c1659dd2abc42645db8be34e1dc538cfee15f4e,2023-06-07T03:44:37.931000,received,kaspa:qzelap5rcnhnllntp4wsn69ed2wy078f664dh9n2dfcmxtqn38tcg2qmef8kl,200600000000,
b41211178415bff8d1a65fa90c1659dd2abc42645db8be34e1dc538cfee15f4e,2023-06-07T03:44:37.931000,received,kaspa:qzelap5rcnhnllntp4wsn69ed2wy078f664dh9n2dfcmxtqn38tcg2qmef8kl,200600000000,
b41211178415bff8d1a65fa90c1659dd2abc42645db8be34e1dc538cfee15f4e,2023-06-07T03:44:37.931000,received,kaspa:qzelap5rcnhnllntp4wsn69ed2wy078f664dh9n2dfcmxtqn38tcg2qmef8kl,200600000000,
b41211178415bff8d1a65fa90c1659dd2abc42645db8be34e1dc538cfee15f4e,2023-06-07T03:44:37.931000,received,kaspa:qzelap5rcnhnllntp4wsn69ed2wy078f664dh9n2dfcmxtqn38tcg2qmef8kl,200600000000,
6c4fc6015c0e222e7df32ff4a17394842263598d4cdb415b9e56a67c9d6766d6,2023-06-04T16:20:45.140000,sent,kaspa:qpjunp39ssazf4rzfxxu0hd35xggfxn6lq0ls9u9q6peevzcmcv4xmv9q4njd,184565403750205,
2b24ae430f57b01ad5f373244244cff0b15cf5c0b754e00606d69c331cfe4e81,2023-06-04T15:49:31.138000,received,kaspa:qyphwahuhwwsk5c8y447yrqexl4kq80mte6cl0vgn9nmy7zgd0c07jscmjvr6jz,3000000000000,
2b24ae430f57b01ad5f373244244cff0b15cf5c0b754e00606d69c331cfe4e81,2023-06-04T15:49:31.138000,received,kaspa:qyphwahuhwwsk5c8y447yrqexl4kq80mte6cl0vgn9nmy7zgd0c07jscmjvr6jz,3000000000000,
2b24ae430f57b01ad5f373244244cff0b15cf5c0b754e00606d69c331cfe4e81,2023-06-04T15:49:31.138000,received,kaspa:qyphwahuhwwsk5c8y447yrqexl4kq80mte6cl0vgn9nmy7zgd0c07jscmjvr6jz,3000000000000,
2b24ae430f57b01ad5f373244244cff0b15cf5c0b754e00606d69c331cfe4e81,2023-06-04T15:49:31.138000,received,kaspa:qyphwahuhwwsk5c8y447yrqexl4kq80mte6cl0vgn9nmy7zgd0c07jscmjvr6jz,3000000000000,
2b24ae430f57b01ad5f373244244cff0b15cf5c0b754e00606d69c331cfe4e81,2023-06-04T15:49:31.138000,received,kaspa:qyphwahuhwwsk5c8y447yrqexl4kq80mte6cl0vgn9nmy7zgd0c07jscmjvr6jz,3000000000000,
2b24ae430f57b01ad5f373244244cff0b15cf5c0b754e00606d69c331cfe4e81,2023-06-04T15:49:31.138000,received,kaspa:qyphwahuhwwsk5c8y447yrqexl4kq80mte6cl0vgn9nmy7zgd0c07jscmjvr6jz,3000000000000,
2b24ae430f57b01ad5f373244244cff0b15cf5c0b754e00606d69c331cfe4e81,2023-06-04T15:49:31.138000,received,kaspa:qyphwahuhwwsk5c8y447yrqexl4kq80mte6cl0vgn9nmy7zgd0c07jscmjvr6jz,3000000000000,
2b24ae430f57b01ad5f373244244cff0b15cf5c0b754e00606d69c331cfe4e81,2023-06-04T15:49:31.138000,received,kaspa:qyphwahuhwwsk5c8y447yrqexl4kq80mte6cl0vgn9nmy7zgd0c07jscmjvr6jz,3000000000000,
2b24ae430f57b01ad5f373244244cff0b15cf5c0b754e00606d69c331cfe4e81,2023-06-04T15:49:31.138000,received,kaspa:qyphwahuhwwsk5c8y447yrqexl4kq80mte6cl0vgn9nmy7zgd0c07jscmjvr6jz,3000000000000,
2b24ae430f57b01ad5f373244244cff0b15cf5c0b754e00606d69c331cfe4e81,2023-06-04T15:49:31.138000,received,kaspa:qyphwahuhwwsk5c8y447yrqexl4kq80mte6cl0vgn9nmy7zgd0c07jscmjvr6jz,3000000000000,
2b24ae430f57b01ad5f373244244cff0b15cf5c0b754e00606d69c331cfe4e81,2023-06-04T15:49:31.138000,received,kaspa:qyphwahuhwwsk5c8y447yrqexl4kq80mte6cl0vgn9nmy7zgd0c07jscmjvr6jz,3000000000000,
56000516f63c878ae01d1597a01d09b761523b4df04abd866c68862f1d0abf69,2023-05-25T15:17:06.747000,received,kaspa:qzelap5rcnhnllntp4wsn69ed2wy078f664dh9n2dfcmxtqn38tcg2qmef8kl,413000000000,
56000516f63c878ae01d1597a01d09b761523b4df04abd866c68862f1d0abf69,2023-05-25T15:17:06.747000,received,kaspa:qzelap5rcnhnllntp4wsn69ed2wy078f664dh9n2dfcmxtqn38tcg2qmef8kl,413000000000,
56000516f63c878ae01d1597a01d09b761523b4df04abd866c68862f1d0abf69,2023-05-25T15:17:06.747000,received,kaspa:qzelap5rcnhnllntp4wsn69ed2wy078f664dh9n2dfcmxtqn38tcg2qmef8kl,413000000000,
56000516f63c878ae01d1597a01d09b761523b4df04abd866c68862f1d0abf69,2023-05-25T15:17:06.747000,received,kaspa:qzelap5rcnhnllntp4wsn69ed2wy078f664dh9n2dfcmxtqn38tcg2qmef8kl,413000000000,
56000516f63c878ae01d1597a01d09b761523b4df04abd866c68862f1d0abf69,2023-05-25T15:17:06.747000,received,kaspa:qzelap5rcnhnllntp4wsn69ed2wy078f664dh9n2dfcmxtqn38tcg2qmef8kl,413000000000,
56000516f63c878ae01d1597a01d09b761523b4df04abd866c68862f1d0abf69,2023-05-25T15:17:06.747000,received,kaspa:qzelap5rcnhnllntp4wsn69ed2wy078f664dh9n2dfcmxtqn38tcg2qmef8kl,413000000000,
56000516f63c878ae01d1597a01d09b761523b4df04abd866c68862f1d0abf69,2023-05-25T15:17:06.747000,received,kaspa:qzelap5rcnhnllntp4wsn69ed2wy078f664dh9n2dfcmxtqn38tcg2qmef8kl,413000000000,
56000516f63c878ae01d1597a01d09b761523b4df04abd866c68862f1d0abf69,2023-05-25T15:17:06.747000,received,kaspa:qzelap5rcnhnllntp4wsn69ed2wy078f664dh9n2dfcmxtqn38tcg2qmef8kl,413000000000,
56000516f63c878ae01d1597a01d09b761523b4df04abd866c68862f1d0abf69,2023-05-25T15:17:06.747000,received,kaspa:qzelap5rcnhnllntp4wsn69ed2wy078f664dh9n2dfcmxtqn38tcg2qmef8kl,413000000000,
56000516f63c878ae01d1597a01d09b761523b4df04abd866c68862f1d0abf69,2023-05-25T15:17:06.747000,received,kaspa:qzelap5rcnhnllntp4wsn69ed2wy078f664dh9n2dfcmxtqn38tcg2qmef8kl,413000000000,
56000516f63c878ae01d1597a01d09b761523b4df04abd866c68862f1d0abf69,2023-05-25T15:17:06.747000,received,kaspa:qzelap5rcnhnllntp4wsn69ed2wy078f664dh9n2dfcmxtqn38tcg2qmef8kl,413000000000,
56000516f63c878ae01d1597a01d09b761523b4df04abd866c68862f1d0abf69,2023-05-25T15:17:06.747000,received,kaspa:qzelap5rcnhnllntp4wsn69ed2wy078f664dh9n2dfcmxtqn38tcg2qmef8kl,413000000000,
56000516f63c878ae01d1597a01d09b761523b4df04abd866c68862f1d0abf69,2023-05-25T15:17:06.747000,received,kaspa:qzelap5rcnhnllntp4wsn69ed2wy078f664dh9n2dfcmxtqn38tcg2qmef8kl,413000000000,
56000516f63c878ae01d1597a01d09b761523b4df04abd866c68862f1d0abf69,2023-05-25T15:17:06.747000,received,kaspa:qzelap5rcnhnllntp4wsn69ed2wy078f664dh9n2dfcmxtqn38tcg2qmef8kl,413000000000,
56000516f63c878ae01d1597a01d09b761523b4df04abd866c68862f1d0abf69,2023-05-25T15:17:06.747000,received,kaspa:qzelap5rcnhnllntp4wsn69ed2wy078f664dh9n2dfcmxtqn38tcg2qmef8kl,413000000000,
56000516f63c878ae01d1597a01d09b761523b4df04abd866c68862f1d0abf69,2023-05-25T15:17:06.747000,received,kaspa:qzelap5rcnhnllntp4wsn69ed2wy078f664dh9n2dfcmxtqn38tcg2qmef8kl,413000000000,
56000516f63c878ae01d1597a01d09b761523b4df04abd866c68862f1d0abf69,2023-05-25T15:17:06.747000,received,kaspa:qzelap5rcnhnllntp4wsn69ed2wy078f664dh9n2dfcmxtqn38tcg2qmef8kl,413000000000,
56000516f63c878ae01d1597a01d09b761523b4df04abd866c68862f1d0abf69,2023-05-25T15:17:06.747000,received,kaspa:qzelap5rcnhnllntp4wsn69ed2wy078f664dh9n2dfcmxtqn38tcg2qmef8kl,413000000000,
56000516f63c878ae01d1597a01d09b761523b4df04abd866c68862f1d0abf69,2023-05-25T15:17:06.747000,received,kaspa:qzelap5rcnhnllntp4wsn69ed2wy078f664dh9n2dfcmxtqn38tcg2qmef8kl,413000000000,
56000516f63c878ae01d1597a01d09b761523b4df04abd866c68862f1d0abf69,2023-05-25T15:17:06.747000,received,kaspa:qzelap5rcnhnllntp4wsn69ed2wy078f664dh9n2dfcmxtqn38tcg2qmef8kl,413000000000,
56000516f63c878ae01d1597a01d09b761523b4df04abd866c68862f1d0abf69,2023-05-25T15:17:06.747000,received,kaspa:qzelap5rcnhnllntp4wsn69ed2wy078f664dh9n2dfcmxtqn38tcg2qmef8kl,413000000000,
56000516f63c878ae01d1597a01d09b761523b4df04abd866c68862f1d0abf69,2023-05-25T15:17:06.747000,received,kaspa:qzelap5rcnhnllntp4wsn69ed2wy078f664dh9n2dfcmxtqn38tcg2qmef8kl,413000000000,
56000516f63c878ae01d1597a01d09b761523b4df04abd866c68862f1d0abf69,2023-05-25T15:17:06.747000,received,kaspa:qzelap5rcnhnllntp4wsn69ed2wy078f664dh9n2dfcmxtqn38tcg2qmef8kl,413000000000,
56000516f63c878ae01d1597a01d09b761523b4df04abd866c68862f1d0abf69,2023-05-25T15:17:06.747000,received,kaspa:qzelap5rcnhnllntp4wsn69ed2wy078f664dh9n2dfcmxtqn38tcg2qmef8kl,413000000000,
56000516f63c878ae01d1597a01d09b761523b4df04abd866c68862f1d0abf69,2023-05-25T15:17:06.747000,received,kaspa:qzelap5rcnhnllntp4wsn69ed2wy078f664dh9n2dfcmxtqn38tcg2qmef8kl,413000000000,
56000516f63c878ae01d1597a01d09b761523b4df04abd866c68862f1d0abf69,2023-05-25T15:17:06.747000,received,kaspa:qzelap5rcnhnllntp4wsn69ed2wy078f664dh9n2dfcmxtqn38tcg2qmef8kl,413000000000,
56000516f63c878ae01d1597a01d09b761523b4df04abd866c68862f1d0abf69,2023-05-25T15:17:06.747000,received,kaspa:qzelap5rcnhnllntp4wsn69ed2wy078f664dh9n2dfcmxtqn38tcg2qmef8kl,413000000000,
56000516f63c878ae01d1597a01d09b761523b4df04abd866c68862f1d0abf69,2023-05-25T15:17:06.747000,received,kaspa:qzelap5rcnhnllntp4wsn69ed2wy078f664dh9n2dfcmxtqn38tcg2qmef8kl,413000000000,
56000516f63c878ae01d1597a01d09b761523b4df04abd866c68862f1d0abf69,2023-05-25T15:17:06.747000,received,kaspa:qzelap5rcnhnllntp4wsn69ed2wy078f664dh9n2dfcmxtqn38tcg2qmef8kl,413000000000,
56000516f63c878ae01d1597a01d09b761523b4df04abd866c68862f1d0abf69,2023-05-25T15:17:06.747000,received,kaspa:qzelap5rcnhnllntp4wsn69ed2wy078f664dh9n2dfcmxtqn38tcg2qmef8kl,413000000000,
56000516f63c878ae01d1597a01d09b761523b4df04abd866c68862f1d0abf69,2023-05-25T15:17:06.747000,received,kaspa:qzelap5rcnhnllntp4wsn69ed2wy078f664dh9n2dfcmxtqn38tcg2qmef8kl,413000000000,
56000516f63c878ae01d1597a01d09b761523b4df04abd866c68862f1d0abf69,2023-05-25T15:17:06.747000,received,kaspa:qzelap5rcnhnllntp4wsn69ed2wy078f664dh9n2dfcmxtqn38tcg2qmef8kl,413000000000,
56000516f63c878ae01d1597a01d09b761523b4df04abd866c68862f1d0abf69,2023-05-25T15:17:06.747000,received,kaspa:qzelap5rcnhnllntp4wsn69ed2wy078f664dh9n2dfcmxtqn38tcg2qmef8kl,413000000000,
56000516f63c878ae01d1597a01d09b761523b4df04abd866c68862f1d0abf69,2023-05-25T15:17:06.747000,received,kaspa:qzelap5rcnhnllntp4wsn69ed2wy078f664dh9n2dfcmxtqn38tcg2qmef8kl,413000000000,
56000516f63c878ae01d1597a01d09b761523b4df04abd866c68862f1d0abf69,2023-05-25T15:17:06.747000,received,kaspa:qzelap5rcnhnllntp4wsn69ed2wy078f664dh9n2dfcmxtqn38tcg2qmef8kl,413000000000,
56000516f63c878ae01d1597a01d09b761523b4df04abd866c68862f1d0abf69,2023-05-25T15:17:06.747000,received,kaspa:qzelap5rcnhnllntp4wsn69ed2wy078f664dh9n2dfcmxtqn38tcg2qmef8kl,413000000000,
56000516f63c878ae01d1597a01d09b761523b4df04abd866c68862f1d0abf69,2023-05-25T15:17:06.747000,received,kaspa:qpx55upyag8mhkd8h4dyju9yeuvalue07sf3sy8y402xjwze4aepc82sex79d,413000000000,
3b6a24660a60e7785cedab574557becb96421bfae02a417b1ab0c0f3ad1d4de3,2023-05-25T12:07:16.225000,received,kaspa:qz49c7e0zrd0ju277wr6hdpq50mmu5cdusn0c2hv3sclkdhg695jzmz55zjls,30000000000,
3b6a24660a60e7785cedab574557becb96421bfae02a417b1ab0c0f3ad1d4de3,2023-05-25T12:07:16.225000,received,kaspa:qzelap5rcnhnllntp4wsn69ed2wy078f664dh9n2dfcmxtqn38tcg2qmef8kl,30000000000,
3b6a24660a60e7785cedab574557becb96421bfae02a417b1ab0c0f3ad1d4de3,2023-05-25T12:07:16.225000,received,kaspa:qzelap5rcnhnllntp4wsn69ed2wy078f664dh9n2dfcmxtqn38tcg2qmef8kl,30000000000,
3b6a24660a60e7785cedab574557becb96421bfae02a417b1ab0c0f3ad1d4de3,2023-05-25T12:07:16.225000,received,kaspa:qzelap5rcnhnllntp4wsn69ed2wy078f664dh9n2dfcmxtqn38tcg2qmef8kl,30000000000,
