tx_id,timestamp,direction,peer_address,amount_sompi,cex_label
0c73f07b012866ffc5e04a8595f2df50f876e5419a29dcfcc5b049d97a07be4e,2023-12-16T04:25:20.855000,sent,kaspa:qzslgwenzu78t6tldlng383g7ruu4enaljmnkgaulyrscjp7ldt26x8gfxck5,171940000,
0c73f07b012866ffc5e04a8595f2df50f876e5419a29dcfcc5b049d97a07be4e,2023-12-16T04:25:20.855000,sent,kaspa:qzslgwenzu78t6tldlng383g7ruu4enaljmnkgaulyrscjp7ldt26x8gfxck5,171940000,
0490b33b51986dcde3466677c6e29ef9b7e60ee72577956ef9afc416824dc593,2023-12-12T17:59:41.173000,received,kaspa:qypswxtcrv4ssyjaswy5w9387vq73mkuyq85tl34cee6qn5uexqy0csgnafnjx7,171000000,
b05ade3fd91d737a654c1b0a2a2219cb987e2fa528b6be74198c1bb3896e4006,2023-11-29T06:36:36.377000,sent,kaspa:qypdm0yv7ux6vznts29dnkh8m23v7srt4fzy0t5hcmegf0eml5wpgwqm9k08zj0,18000000,
44c16703a41b86fcf5cc98b314f3537271e7b02a576fe133b94462aaa4aaf2af,2023-11-29T04:24:59.188000,received,kaspa:qrl5z097v376x0t7s4u4ul3czqxfsx7nnxhd8c7pwmgv788x4f79xgmcmxqp6,19000000,
