tx_id,timestamp,direction,peer_address,amount_sompi,cex_label
1b94604867098072dc34f674bf631a90d5738db25f4ee134cd34eca3e7ee51ff,2023-12-16T04:29:24.973000,sent,kaspa:qzslgwenzu78t6tldlng383g7ruu4enaljmnkgaulyrscjp7ldt26x8gfxck5,171940000,
1b94604867098072dc34f674bf631a90d5738db25f4ee134cd34eca3e7ee51ff,2023-12-16T04:29:24.973000,sent,kaspa:qzslgwenzu78t6tldlng383g7ruu4enaljmnkgaulyrscjp7ldt26x8gfxck5,171940000,
af17ed4223c416324477a69b37967c4cd650f6fb9e29d10f2cde910afd882585,2023-12-12T18:19:52.104000,received,kaspa:qypswxtcrv4ssyjaswy5w9387vq73mkuyq85tl34cee6qn5uexqy0csgnafnjx7,171000000,
628e7e593b754396042808294e42b958a4a1aeb2e363a2784a509e0bb5a88d77,2023-11-29T07:13:07.253000,sent,kaspa:qypctv68e4n2gpkhze6j5w2jaz2jkcu4mxsnjdtj5cmmkvdxqpd9e5qh7zhjdgq,18000000,
33e893293a53028960a8fba16fbd7d64867036a28291cfd16e540416f0a1f806,2023-11-28T05:49:48.780000,received,kaspa:qr4svkt5vtyavdaqd9a5ug3hu7lsz56zqsrjvmm94rm075p6cqjd7a8zfg3g2,19000000,
