tx_id,timestamp,direction,peer_address,amount_sompi,cex_label
c1554615c635e66f1ad23372455b5f3803589366bdeb0a37f6b3bf595b9671ef,2023-12-16T04:43:34.188000,sent,kaspa:qzslgwenzu78t6tldlng383g7ruu4enaljmnkgaulyrscjp7ldt26x8gfxck5,171940000,
c1554615c635e66f1ad23372455b5f3803589366bdeb0a37f6b3bf595b9671ef,2023-12-16T04:43:34.188000,sent,kaspa:qzslgwenzu78t6tldlng383g7ruu4enaljmnkgaulyrscjp7ldt26x8gfxck5,171940000,
6d35b1f3d6c50015ce0fbe103aa63aa2f24ed21121fc3bad342df7d859aea7ec,2023-12-12T12:55:28.480000,received,kaspa:qypswxtcrv4ssyjaswy5w9387vq73mkuyq85tl34cee6qn5uexqy0csgnafnjx7,171000000,
dcd21da74685d34eb929ca46e373bc09f2356d073dac185f2057eb21eff6b624,2023-11-28T17:33:09.593000,sent,kaspa:qypp3jh5h6p0al6k2v8spzhddaw68hnhx3j8hkc0sl6m6k4mrgkfhxgrq9nwf58,18000000,
4a98e8b9f4d8a92c9a3ab7babcdf806d9363f49734827d501e070a00582e09b8,2023-11-28T02:43:58.554000,received,kaspa:qz8v94urkf42xeundqczn5fwe0ja4ldhrgwl2h2hxp9u92phqjexj4rgag53r,19000000,
