tx_id,timestamp,direction,peer_address,amount_sompi,cex_label
bed7d62a44681836b165dbc9aa83d2db6325cd751448d4e4a8a58a223b642b21,2024-08-06T19:51:40.521000,sent,kaspa:qq9zagcza4jt76eev9jl5z0nqhe0thcu7js8larktj4sle7lvgnw7sfcewlty,23486600000000,
bed7d62a44681836b165dbc9aa83d2db6325cd751448d4e4a8a58a223b642b21,2024-08-06T19:51:40.521000,sent,kaspa:qq9zagcza4jt76eev9jl5z0nqhe0thcu7js8larktj4sle7lvgnw7sfcewlty,23486600000000,
b06f55f4506b71c4e0b4845f1fdd8694b3972f5b1f616f9b09197535f6d91ce3,2024-08-06T19:48:54.674000,received,kaspa:qrd3e858pqc43mkx35tqkncl2d3475070chkrlcxmk9fx82v7tmnjypcm5wyh,23400000000000,
1d7d8f4de683f61c3eea596db98df19c97e1ca3cce58cd4c7bdd82f6f0975e19,2024-08-06T19:12:33.170000,sent,kaspa:qq9zagcza4jt76eev9jl5z0nqhe0thcu7js8larktj4sle7lvgnw7sfcewlty,25000000000000,
1d7d8f4de683f61c3eea596db98df19c97e1ca3cce58cd4c7bdd82f6f0975e19,2024-08-06T19:12:33.170000,sent,kaspa:qq9zagcza4jt76eev9jl5z0nqhe0thcu7js8larktj4sle7lvgnw7sfcewlty,25000000000000,
b84269947806299a3b823a72047610b65af797f931d25ad72f0656320ef8d697,2024-08-06T19:10:52.219000,received,kaspa:qrz5ve589666vannw9ynvdclksruzcyhlp6dq5pm2ezujdkfujzvc8fa0j76r,25000000000000,
503b4e76b09dbf4e47ad0b9d0c95063d607774da28848d6ceaea0678fa8c30f3,2024-08-06T19:06:32.494000,sent,kaspa:qq9zagcza4jt76eev9jl5z0nqhe0thcu7js8larktj4sle7lvgnw7sfcewlty,26100000000000,
503b4e76b09dbf4e47ad0b9d0c95063d607774da28848d6ceaea0678fa8c30f3,2024-08-06T19:06:32.494000,sent,kaspa:qq9zagcza4jt76eev9jl5z0nqhe0thcu7js8larktj4sle7lvgnw7sfcewlty,26100000000000,
503b4e76b09dbf4e47ad0b9d0c95063d607774da28848d6ceaea0678fa8c30f3,2024-08-06T19:06:32.494000,sent,kaspa:qq9zagcza4jt76eev9jl5z0nqhe0thcu7js8larktj4sle7lvgnw7sfcewlty,26100000000000,
4a095010790230b128643447659c6abeaec52f98c60567a559c4137e282e4b79,2024-08-06T19:04:28.410000,received,kaspa:qq4xheg25c6apq99qe8g0l9gzjpt77xn0pa5anhz4p5a0rl93fpqkhjzh5aqn,25000000000000,
fe1b4f0d85dfb206ed7a4cfc4783e2851c5b81e906fa56652d74a5ae35b2ae4a,2024-08-06T19:02:00.136000,received,kaspa:qrrfu67fhwc3xnc099sy5x02wg8js2qwktx4ekzxm5kz9et8ccup2gp23546w,1050000000000,
bc591ba5b9c73b4a63335d844bafd4edd5546c73644f2396c8c6086538587e28,2024-08-06T18:54:33.036000,sent,kaspa:qq9zagcza4jt76eev9jl5z0nqhe0thcu7js8larktj4sle7lvgnw7sfcewlty,26000000000000,
bc591ba5b9c73b4a63335d844bafd4edd5546c73644f2396c8c6086538587e28,2024-08-06T18:54:33.036000,sent,kaspa:qq9zagcza4jt76eev9jl5z0nqhe0thcu7js8larktj4sle7lvgnw7sfcewlty,26000000000000,
d1676fe3b4a465659200498714db1f915a7299dfd4429e14c273678e3776de5c,2024-08-06T18:42:53.985000,sent,kaspa:qqaq7dzedq8rrykt9wxmv578xs9d78a77glepz4p8xtceys4m8a7cnt4v4697,10000000000,
9d6c90d67836cfcb7a3ed5929ce5233895b3310da7602abf42b1c9da453b8248,2024-08-06T18:42:37.967000,received,kaspa:qq9zagcza4jt76eev9jl5z0nqhe0thcu7js8larktj4sle7lvgnw7sfcewlty,25995637882487,
9d6c90d67836cfcb7a3ed5929ce5233895b3310da7602abf42b1c9da453b8248,2024-08-06T18:42:37.967000,received,kaspa:qq9zagcza4jt76eev9jl5z0nqhe0thcu7js8larktj4sle7lvgnw7sfcewlty,25995637882487,
9d6c90d67836cfcb7a3ed5929ce5233895b3310da7602abf42b1c9da453b8248,2024-08-06T18:42:37.967000,received,kaspa:qq9zagcza4jt76eev9jl5z0nqhe0thcu7js8larktj4sle7lvgnw7sfcewlty,25995637882487,
4fe80af8bc7900abd13a7154964c6e13f61d5b2c26456f2549f057c180670b53,2024-08-06T18:05:04.127000,sent,kaspa:qq9zagcza4jt76eev9jl5z0nqhe0thcu7js8larktj4sle7lvgnw7sfcewlty,26100000000000,
4fe80af8bc7900abd13a7154964c6e13f61d5b2c26456f2549f057c180670b53,2024-08-06T18:05:04.127000,sent,kaspa:qq9zagcza4jt76eev9jl5z0nqhe0thcu7js8larktj4sle7lvgnw7sfcewlty,26100000000000,
4fe80af8bc7900abd13a7154964c6e13f61d5b2c26456f2549f057c180670b53,2024-08-06T18:05:04.127000,sent,kaspa:qq9zagcza4jt76eev9jl5z0nqhe0thcu7js8larktj4sle7lvgnw7sfcewlty,26100000000000,
7cc5666a5796b210f67a06fc14199d03714d0cb764f86f3cbe7f5a92df91ab33,2024-08-06T17:39:22.565000,received,kaspa:qr7ufq6k99cx49w6h6nlndzu7vjkr9ar0gydghh2pjyjzv8e73096kagyv4d4,25000000000000,
7cc5666a5796b210f67a06fc14199d03714d0cb764f86f3cbe7f5a92df91ab33,2024-08-06T17:39:22.565000,received,kaspa:qz9dplhju6466ug84q0jssla26ut6w0s8094exaztj49z44j575n54pl4klmg,25000000000000,
c9aece363da8a53f593031f0b454222e9e11357724d34226534eb0583ead36da,2024-08-06T17:38:20.369000,received,kaspa:qrwugxefcwz57wxxz5a758cprsldm247k38qql36xnxs08ydethzvy0m0w8a7,1000000000000,
03a2005c7d9d98dfbbdfe36d3dfc31abccddfadd8b7edb232ac344c53ee3a8e4,2024-08-02T15:07:23.080000,sent,kaspa:qq9zagcza4jt76eev9jl5z0nqhe0thcu7js8larktj4sle7lvgnw7sfcewlty,100100000000000,
03a2005c7d9d98dfbbdfe36d3dfc31abccddfadd8b7edb232ac344c53ee3a8e4,2024-08-02T15:07:23.080000,sent,kaspa:qq9zagcza4jt76eev9jl5z0nqhe0thcu7js8larktj4sle7lvgnw7sfcewlty,100100000000000,
03a2005c7d9d98dfbbdfe36d3dfc31abccddfadd8b7edb232ac344c53ee3a8e4,2024-08-02T15:07:23.080000,sent,kaspa:qq9zagcza4jt76eev9jl5z0nqhe0thcu7js8larktj4sle7lvgnw7sfcewlty,100100000000000,
03a2005c7d9d98dfbbdfe36d3dfc31abccddfadd8b7edb232ac344c53ee3a8e4,2024-08-02T15:07:23.080000,sent,kaspa:qq9zagcza4jt76eev9jl5z0nqhe0thcu7js8larktj4sle7lvgnw7sfcewlty,100100000000000,
03a2005c7d9d98dfbbdfe36d3dfc31abccddfadd8b7edb232ac344c53ee3a8e4,2024-08-02T15:07:23.080000,sent,kaspa:qq9zagcza4jt76eev9jl5z0nqhe0thcu7js8larktj4sle7lvgnw7sfcewlty,100100000000000,
894f1ae65343b8a172f98f09bfa37be47811d9ca7aa0c68a0655aaf4d2a5b7d8,2024-08-02T15:03:31.984000,received,kaspa:qpa7lxcwhzjkhupxur62dl2d3txsqfv3paha9ap6uw6lpj3yypusj9f9tehe3,80050000000000,
894f1ae65343b8a172f98f09bfa37be47811d9ca7aa0c68a0655aaf4d2a5b7d8,2024-08-02T15:03:31.984000,received,kaspa:qzeutle9wnpdvkrj8f5jjagq3dlk6teu3gzj05fs4ydpn4v9ytwl7lcakvlk4,80050000000000,
894f1ae65343b8a172f98f09bfa37be47811d9ca7aa0c68a0655aaf4d2a5b7d8,2024-08-02T15:03:31.984000,received,kaspa:qpnvzh6k2g8h2l0hhh0spmnmqn9rmdn9gd5034vqh424efyt0w4ewppl6pkqy,80050000000000,
894f1ae65343b8a172f98f09bfa37be47811d9ca7aa0c68a0655aaf4d2a5b7d8,2024-08-02T15:03:31.984000,received,kaspa:qz27hg6tg4dh7fe4tl9cweje7m37emwqvmur3uzduh5xqaz7ywycsszqmhh33,80050000000000,
d9aa9c34efdd3c8cba6d1b5f14711b8af0b494837fb0c9e539ff1af36220cd13,2024-08-02T15:02:20.328000,received,kaspa:qrpee760kmm0zauvdealvpr8ypuvr07zw423rwlr8kd3fs0ec7xmuev4cxx7e,20000000000000,
466a823ca5102e1b359a645db341b1ad6f301e5e0631dd9b522ae92d4d5e3f76,2024-08-02T15:01:21.518000,received,kaspa:qp2hsh3lup0chllky64j4ldk44g2f5xdg9yn4nd6gyx6qqrlw4u0u09mxlvk5,200000000000,
571324ec527cf9b39a186c588202744856459d0634103e6631df08fb25df839d,2024-08-02T14:58:32.332000,received,kaspa:qp7cad0ay95heewwpkpt74472cq48l493lap7gpal6nrlf4vgld4yw6gmx0hh,100000000000,
d06d02740f659613a6cfbafa4b2f74a17d01b8abec4efe641d8463fdf8eeea88,2024-07-04T13:31:00.785000,sent,kaspa:qq9zagcza4jt76eev9jl5z0nqhe0thcu7js8larktj4sle7lvgnw7sfcewlty,10249000000000,
d06d02740f659613a6cfbafa4b2f74a17d01b8abec4efe641d8463fdf8eeea88,2024-07-04T13:31:00.785000,sent,kaspa:qq9zagcza4jt76eev9jl5z0nqhe0thcu7js8larktj4sle7lvgnw7sfcewlty,10249000000000,
0d26c79038541e4380a63ecc78d3c0e133852bc944eeab3f864fc31ba5421664,2024-07-04T13:10:17.758000,received,kaspa:qzhash3j5xpzds8hqnwweruez8ygyn9sy273xry5k3qw4jmlmet22qzztx59v,10049999997931,
cb3a04b14041e41489336e14d7577491491b8e5e2c7618aba98b56e60802467c,2024-07-04T12:55:08.223000,received,kaspa:qqdnprnl0y0tkglcuwk437ghy3rr3sthl88cw0xccq00fnuwehdfu2sj57tls,199999995629,
cb3a04b14041e41489336e14d7577491491b8e5e2c7618aba98b56e60802467c,2024-07-04T12:55:08.223000,received,kaspa:qr0ckze9y9ztt6s5a9nj8y4pmycyznhy9j9h24gxf3qzzwgvlyrsy2ce2u4yy,199999995629,
cb3a04b14041e41489336e14d7577491491b8e5e2c7618aba98b56e60802467c,2024-07-04T12:55:08.223000,received,kaspa:qzc9wvfqh6387m9s3esst6rrhzs0ev5z4dmn2e8unyz7uq7yyhayufqavccss,199999995629,
