tx_id,timestamp,direction,peer_address,amount_sompi,cex_label
76dfeed4340723f61aa8604056d89ec8d128bb195641dd755621ffe91652dc9e,2023-12-16T04:25:47.358000,sent,kaspa:qzslgwenzu78t6tldlng383g7ruu4enaljmnkgaulyrscjp7ldt26x8gfxck5,171940000,
76dfeed4340723f61aa8604056d89ec8d128bb195641dd755621ffe91652dc9e,2023-12-16T04:25:47.358000,sent,kaspa:qzslgwenzu78t6tldlng383g7ruu4enaljmnkgaulyrscjp7ldt26x8gfxck5,171940000,
c332722bf92c903789a24beb574c245b13fa005478f13cf148120f431c6b5d8a,2023-12-12T18:07:05.124000,received,kaspa:qypswxtcrv4ssyjaswy5w9387vq73mkuyq85tl34cee6qn5uexqy0csgnafnjx7,171000000,
c17e4c9ea74e824f5cc54f5db76b5f10d04cfa825745f9c9f2e5da14473a97f1,2023-11-29T06:51:14.950000,sent,kaspa:qypeejptnfap78u4lwt39fredvwls3w9x9xy8xdcasvcnx3ehz93gzqve35hmse,18000000,
eec30ed6c22e18b51efd2cdeefdc9b7c6c3fc6c8d4b68edf6bb062aeee94ab23,2023-11-29T06:15:52.435000,received,kaspa:qrl5z097v376x0t7s4u4ul3czqxfsx7nnxhd8c7pwmgv788x4f79xgmcmxqp6,19000000,
