tx_id,timestamp,direction,peer_address,amount_sompi,cex_label
524b8c812a67a82ae20e1abbfaf9c941ea4169c7ada0660177e0051456ed4e22,2023-12-20T13:45:20.081000,sent,kaspa:qrkaxvl2tw6pq6zx9xrr9lqnt9x72upf0hsrp3cvgcmfz77m50ycua35nz200,172970000,
524b8c812a67a82ae20e1abbfaf9c941ea4169c7ada0660177e0051456ed4e22,2023-12-20T13:45:20.081000,sent,kaspa:qrkaxvl2tw6pq6zx9xrr9lqnt9x72upf0hsrp3cvgcmfz77m50ycua35nz200,172970000,
842f8e0e94c4e73d769f83b40af14f672dec10f567caca1960d9e27c80601ca7,2023-12-12T15:31:22.660000,received,kaspa:qypswxtcrv4ssyjaswy5w9387vq73mkuyq85tl34cee6qn5uexqy0csgnafnjx7,171000000,
1e2bbc65f0e4069eeea86e41fc4d70bfad0275a9b10acbb0831a02ce7b258b4e,2023-11-29T01:43:10.903000,sent,kaspa:qypr6knvhmquks5vc8pz42d4tp4mleaht39lyp2e67l4qfpzrkt69ls5n65acm0,18000000,
81f42f57ce912a879a9b1e1343bfdaa089e49a5eb87ad52408412ea2e2df2608,2023-11-28T09:35:08.737000,received,kaspa:qpte3tf0yuluz5ku4cx34wvh5xe9apnfqe697dt9h72jd6fd49raxzw3ed2x3,20000000,
