tx_id,timestamp,direction,peer_address,amount_sompi,cex_label
b1e10ebb697c90e39e3cee7ce0428b2217180ac325baf51a1816d15197134ebf,2025-04-14T16:36:06.534000,sent,kaspa:qpgdv8c5p93w0thl772g398tnfp9glsye6mgv650nzwrawzw6fmkk7rjhltu6,900000000000,
44a92ac056e9a45677a43c9096dbd1a31da0a8b7073c33de2e63a6b6677e6b18,2025-04-14T16:10:35.425000,sent,kaspa:qpgdv8c5p93w0thl772g398tnfp9glsye6mgv650nzwrawzw6fmkk7rjhltu6,100069420000,
44a92ac056e9a45677a43c9096dbd1a31da0a8b7073c33de2e63a6b6677e6b18,2025-04-14T16:10:35.425000,sent,kaspa:qpgdv8c5p93w0thl772g398tnfp9glsye6mgv650nzwrawzw6fmkk7rjhltu6,100069420000,
9ea2ea3bf8cbe109bcb39f6afa0521acaa8d0595353940c359ab41e23acc16e6,2025-04-14T16:04:44.684000,received,kaspa:qqwjqww0rmeyu7fy6gk0uvj534hej4kypl6dl2zftpc8urjwwcjtv3kklafkf,1000000000000,
8669d6980fb3f364a4e88583a603b50c5a68f764509d5e743e063f94059e9078,2025-03-28T14:36:44.273000,sent,kaspa:qpgdv8c5p93w0thl772g398tnfp9glsye6mgv650nzwrawzw6fmkk7rjhltu6,1000000000000,
8669d6980fb3f364a4e88583a603b50c5a68f764509d5e743e063f94059e9078,2025-03-28T14:36:44.273000,sent,kaspa:qpgdv8c5p93w0thl772g398tnfp9glsye6mgv650nzwrawzw6fmkk7rjhltu6,1000000000000,
826e28ffaa706b75ef90756c81017fc528ff7534f6443d0e0168314f34f4aa8e,2025-03-28T14:35:55.017000,received,kaspa:qqwjqww0rmeyu7fy6gk0uvj534hej4kypl6dl2zftpc8urjwwcjtv3kklafkf,1000000000000,
9a6bc84b14f1d652de06fcabf2eaeffa633bebd633418d50f189be3da6b87e57,2024-09-12T13:35:08.123000,sent,kaspa:qqgwylhfe7f4vvc2yp7fjn2dyp2mhq0ywku5jxpe7eggsu4wer7avlgrj5d2h,139600000000,
9a6bc84b14f1d652de06fcabf2eaeffa633bebd633418d50f189be3da6b87e57,2024-09-12T13:35:08.123000,sent,kaspa:qqgwylhfe7f4vvc2yp7fjn2dyp2mhq0ywku5jxpe7eggsu4wer7avlgrj5d2h,139600000000,
0bc8d307815b3a92639f3a798722f2390aec1ce0c78135247e5cab3c88a1710f,2024-09-12T13:23:45.684000,received,kaspa:qpq94ntnvy8p9q6wrdwtn37xtspgashrydc0kuu8ctpyxulmh0wlxh2807zdh,139560230000,
1dd86e1a501aa8ce88be0f37538f709ad76d6e994ee01f93e22769797b03d694,2024-09-12T13:17:14.852000,sent,kaspa:qqgwylhfe7f4vvc2yp7fjn2dyp2mhq0ywku5jxpe7eggsu4wer7avlgrj5d2h,157500000000,
1399d94920f4a914f15d2c5feb4b0155fe8616cf5feb828cb9701bb9854da240,2024-09-12T13:15:59.618000,sent,kaspa:qqgwylhfe7f4vvc2yp7fjn2dyp2mhq0ywku5jxpe7eggsu4wer7avlgrj5d2h,10000000,
e23934f118820e50078fa2c76dd8beafdb637a7977a3055fe402365a23e1413f,2024-07-25T16:06:39.567000,sent,kaspa:qpgdv8c5p93w0thl772g398tnfp9glsye6mgv650nzwrawzw6fmkk7rjhltu6,500000000000,
e23934f118820e50078fa2c76dd8beafdb637a7977a3055fe402365a23e1413f,2024-07-25T16:06:39.567000,sent,kaspa:qpgdv8c5p93w0thl772g398tnfp9glsye6mgv650nzwrawzw6fmkk7rjhltu6,500000000000,
0f9885709959c5e2e1eb72da035f1f8be427c09bfd4d94cf8408f03f36dd2923,2024-07-25T16:02:31.378000,received,kaspa:qqwjqww0rmeyu7fy6gk0uvj534hej4kypl6dl2zftpc8urjwwcjtv3kklafkf,500000000000,
0f9885709959c5e2e1eb72da035f1f8be427c09bfd4d94cf8408f03f36dd2923,2024-07-25T16:02:31.378000,received,kaspa:qqwjqww0rmeyu7fy6gk0uvj534hej4kypl6dl2zftpc8urjwwcjtv3kklafkf,500000000000,
75c0dd005a98fe279d097e5490814628fd9862ce027f6deacf3701259a4b4d04,2024-06-03T20:33:44.762000,sent,kaspa:qpgdv8c5p93w0thl772g398tnfp9glsye6mgv650nzwrawzw6fmkk7rjhltu6,500000000000,
75c0dd005a98fe279d097e5490814628fd9862ce027f6deacf3701259a4b4d04,2024-06-03T20:33:44.762000,sent,kaspa:qpgdv8c5p93w0thl772g398tnfp9glsye6mgv650nzwrawzw6fmkk7rjhltu6,500000000000,
51f08aefd75ca0dc01660332d7593071c608708cf4f8215d4fb4b07f9e7eaca8,2024-06-03T20:22:59.977000,received,kaspa:qqwjqww0rmeyu7fy6gk0uvj534hej4kypl6dl2zftpc8urjwwcjtv3kklafkf,500000000000,
2b3688afebaca129d7cd83f29a1f4ab4e9ce1ca1c475e289fc662a6d445b0a52,2024-02-28T14:15:39.933000,sent,kaspa:qqwjqww0rmeyu7fy6gk0uvj534hej4kypl6dl2zftpc8urjwwcjtv3kklafkf,50000000000,
f15a057f3e6d469816f2a65bad1b91c02aa519aa9610017c57c4561c2331c6b3,2023-12-17T21:49:34.311000,sent,kaspa:qpgdv8c5p93w0thl772g398tnfp9glsye6mgv650nzwrawzw6fmkk7rjhltu6,300000000000,
f15a057f3e6d469816f2a65bad1b91c02aa519aa9610017c57c4561c2331c6b3,2023-12-17T21:49:34.311000,sent,kaspa:qpgdv8c5p93w0thl772g398tnfp9glsye6mgv650nzwrawzw6fmkk7rjhltu6,300000000000,
f15a057f3e6d469816f2a65bad1b91c02aa519aa9610017c57c4561c2331c6b3,2023-12-17T21:49:34.311000,sent,kaspa:qpgdv8c5p93w0thl772g398tnfp9glsye6mgv650nzwrawzw6fmkk7rjhltu6,300000000000,
afe0bb8342349f8bfe482731539b7ac801d58a8cc40fdc666809fb1d10688cfa,2023-12-17T21:48:13.274000,received,kaspa:qqwjqww0rmeyu7fy6gk0uvj534hej4kypl6dl2zftpc8urjwwcjtv3kklafkf,300000000000,
afe0bb8342349f8bfe482731539b7ac801d58a8cc40fdc666809fb1d10688cfa,2023-12-17T21:48:13.274000,received,kaspa:qqwjqww0rmeyu7fy6gk0uvj534hej4kypl6dl2zftpc8urjwwcjtv3kklafkf,300000000000,
d00d8e2f6b60f5e9225708e659681158de6a47e7290d954a86fedad6a2ed786d,2023-12-13T09:01:20.115000,received,kaspa:qqwjqww0rmeyu7fy6gk0uvj534hej4kypl6dl2zftpc8urjwwcjtv3kklafkf,206800000000,
eac117c4504f2d4db9db05b5fd22f654273d0f9e7a936e317ea0caa8cac68308,2023-12-07T10:48:07.342000,sent,kaspa:qpgdv8c5p93w0thl772g398tnfp9glsye6mgv650nzwrawzw6fmkk7rjhltu6,500000000000,
eac117c4504f2d4db9db05b5fd22f654273d0f9e7a936e317ea0caa8cac68308,2023-12-07T10:48:07.342000,sent,kaspa:qpgdv8c5p93w0thl772g398tnfp9glsye6mgv650nzwrawzw6fmkk7rjhltu6,500000000000,
ca23329803adad75073722880af562f4bf54ce6428d000dcd9f30cd5261ea392,2023-12-07T10:43:40.131000,received,kaspa:qqwjqww0rmeyu7fy6gk0uvj534hej4kypl6dl2zftpc8urjwwcjtv3kklafkf,500000000000,
099ff118e940c2bd61ed5dbf7e9fa4fdcd49df084ba1c5f2a79b8351d24d57fe,2023-11-18T09:14:07.516000,sent,kaspa:qqfkuxs7qpcykg4xc386skgue9xzgyufe6u7wluvk8jtvnmtfwz0xfwysz3xp,4206900000,
e0f6d46f4ad2f6e709280b738769713f8db48522a5ba2e04b30397369eb48c50,2023-11-12T22:05:11.659000,sent,kaspa:qpgdv8c5p93w0thl772g398tnfp9glsye6mgv650nzwrawzw6fmkk7rjhltu6,200000000000,
e0f6d46f4ad2f6e709280b738769713f8db48522a5ba2e04b30397369eb48c50,2023-11-12T22:05:11.659000,sent,kaspa:qpgdv8c5p93w0thl772g398tnfp9glsye6mgv650nzwrawzw6fmkk7rjhltu6,200000000000,
e0f6d46f4ad2f6e709280b738769713f8db48522a5ba2e04b30397369eb48c50,2023-11-12T22:05:11.659000,sent,kaspa:qpgdv8c5p93w0thl772g398tnfp9glsye6mgv650nzwrawzw6fmkk7rjhltu6,200000000000,
08fb88565a012ef7c09b4cd8fb2298f06a5c676cceb174a2fb099d5e4334a5d4,2023-11-12T22:03:03.009000,received,kaspa:qqwjqww0rmeyu7fy6gk0uvj534hej4kypl6dl2zftpc8urjwwcjtv3kklafkf,199999900000,
ef15349e5c4c086ab5e3a84d88d6e3d44fc65e1be1e0fd11bb8f6f0df81f7194,2023-11-08T12:25:08.625000,sent,kaspa:qpgdv8c5p93w0thl772g398tnfp9glsye6mgv650nzwrawzw6fmkk7rjhltu6,50000000000,
ef15349e5c4c086ab5e3a84d88d6e3d44fc65e1be1e0fd11bb8f6f0df81f7194,2023-11-08T12:25:08.625000,sent,kaspa:qpgdv8c5p93w0thl772g398tnfp9glsye6mgv650nzwrawzw6fmkk7rjhltu6,50000000000,
8647b40bb31f55ad413cd0188dc3525cc5053427a5dc939e6b7aa5b7255ea93c,2023-11-08T12:23:31.154000,received,kaspa:qqwjqww0rmeyu7fy6gk0uvj534hej4kypl6dl2zftpc8urjwwcjtv3kklafkf,42800000,
f429ea7e967c99f74a2e5e9d79077de4cbd1a48a7b03b3c12dd9b9b6290387ef,2023-11-08T12:21:57.031000,received,kaspa:qqwjqww0rmeyu7fy6gk0uvj534hej4kypl6dl2zftpc8urjwwcjtv3kklafkf,49999000000,
e7c1db5639dbc658c671dd09b2204ba6d82abdf574906b8859f46b0b9a69f619,2023-11-08T12:20:22.461000,sent,kaspa:qqwjqww0rmeyu7fy6gk0uvj534hej4kypl6dl2zftpc8urjwwcjtv3kklafkf,1201387000000,
e7c1db5639dbc658c671dd09b2204ba6d82abdf574906b8859f46b0b9a69f619,2023-11-08T12:20:22.461000,sent,kaspa:qqwjqww0rmeyu7fy6gk0uvj534hej4kypl6dl2zftpc8urjwwcjtv3kklafkf,1201387000000,
e7c1db5639dbc658c671dd09b2204ba6d82abdf574906b8859f46b0b9a69f619,2023-11-08T12:20:22.461000,sent,kaspa:qqwjqww0rmeyu7fy6gk0uvj534hej4kypl6dl2zftpc8urjwwcjtv3kklafkf,1201387000000,
cf559a3e875f2c77f985808c26059fbd2484b0e4d1b5755c41b08838dbdd7c58,2023-11-08T12:07:16.538000,received,kaspa:qq3k4du6wf2g26j7ds6fqmgtgavgm3zy676wntp2e52nsuns2n4s6xkndmx0y,60800000000,
a1a9f5fbc8901d686d2b45fbb449ed6b5686a47b0090f1388a01403a33be3ce3,2023-11-08T12:01:26.416000,received,kaspa:qpq94ntnvy8p9q6wrdwtn37xtspgashrydc0kuu8ctpyxulmh0wlxh2807zdh,1135000000000,
7240bcbfb1937104bb0d8da90fc43ee8c57686802e1466aac0ce112551109be7,2023-08-02T08:31:04.897000,sent,kaspa:qqwjqww0rmeyu7fy6gk0uvj534hej4kypl6dl2zftpc8urjwwcjtv3kklafkf,3055555000000,
03a91248b5efe9d5f48e6e78b337b1765ab4bc3a60f73b46f602144b030b97e1,2023-08-02T08:26:40.688000,received,kaspa:qq3k4du6wf2g26j7ds6fqmgtgavgm3zy676wntp2e52nsuns2n4s6xkndmx0y,3066159490000,
