tx_id,timestamp,direction,peer_address,amount_sompi,cex_label
bdc7261f8e6d81687f97e25d176b158a82b1418b06ecf80ed6ef218a691acf65,2024-02-17T10:32:02.465000,sent,kaspa:qqd463qjk795l7x06el7qjdh4hjtprah8mtnxx8exg8wz43fla4djkghheu25,172980000,
bdc7261f8e6d81687f97e25d176b158a82b1418b06ecf80ed6ef218a691acf65,2024-02-17T10:32:02.465000,sent,kaspa:qqd463qjk795l7x06el7qjdh4hjtprah8mtnxx8exg8wz43fla4djkghheu25,172980000,
0bd203b6b322cdcdd4ce9778860742813fa06f52f1938e4b46284a31290001d9,2023-12-13T05:28:08.032000,received,kaspa:qypswxtcrv4ssyjaswy5w9387vq73mkuyq85tl34cee6qn5uexqy0csgnafnjx7,171000000,
24bfdabbe39cf1a51fcbcdd61b19e9ca849a1150d08cbaeeaacd4cbcf9dfe0f9,2023-11-29T21:27:46.032000,sent,kaspa:qypge6n3a76u5dcn27yqrmydtjse0mcehex92ehlrjmmj3s0jfevdhqp4egk2f7,18000000,
c5b47039bf902498a25fc0345c41e077b66d108989eed5ba425b1a8128558e29,2023-11-27T22:11:02.085000,received,kaspa:qypswxtcrv4ssyjaswy5w9387vq73mkuyq85tl34cee6qn5uexqy0csgnafnjx7,20000000,
