tx_id,timestamp,direction,peer_address,amount_sompi,cex_label
96c1a8aed00c7696faf8b319c68304b3f0b586e5a2698cf21db233357829dc98,2023-12-16T05:20:42.636000,sent,kaspa:qqql6ng9zt4s46k9d6jeen6fyq498jj6mqampkfsmvrxhnwp6wek65qnjv7a0,170990000,
694c2a7a681e312c00e841c3da0a4a7d3d27b88864b48cb0dc651113b08e7046,2023-12-16T04:08:21.815000,received,kaspa:qyp8vk4us67xk78zu9yc3x4ptl9xff3vg820vvqzx7gec6nk62jl3pgfp3h7hy4,171000000,
d0d27cb3c0dc4ed7a16082083417d46845bbdf8598129e9f1ac3c70b64297b92,2023-12-16T01:23:04.960000,sent,kaspa:qqql6ng9zt4s46k9d6jeen6fyq498jj6mqampkfsmvrxhnwp6wek65qnjv7a0,2222870000,
d0d27cb3c0dc4ed7a16082083417d46845bbdf8598129e9f1ac3c70b64297b92,2023-12-16T01:23:04.960000,sent,kaspa:qqql6ng9zt4s46k9d6jeen6fyq498jj6mqampkfsmvrxhnwp6wek65qnjv7a0,2222870000,
d0d27cb3c0dc4ed7a16082083417d46845bbdf8598129e9f1ac3c70b64297b92,2023-12-16T01:23:04.960000,sent,kaspa:qqql6ng9zt4s46k9d6jeen6fyq498jj6mqampkfsmvrxhnwp6wek65qnjv7a0,2222870000,
d0d27cb3c0dc4ed7a16082083417d46845bbdf8598129e9f1ac3c70b64297b92,2023-12-16T01:23:04.960000,sent,kaspa:qqql6ng9zt4s46k9d6jeen6fyq498jj6mqampkfsmvrxhnwp6wek65qnjv7a0,2222870000,
d0d27cb3c0dc4ed7a16082083417d46845bbdf8598129e9f1ac3c70b64297b92,2023-12-16T01:23:04.960000,sent,kaspa:qqql6ng9zt4s46k9d6jeen6fyq498jj6mqampkfsmvrxhnwp6wek65qnjv7a0,2222870000,
d0d27cb3c0dc4ed7a16082083417d46845bbdf8598129e9f1ac3c70b64297b92,2023-12-16T01:23:04.960000,sent,kaspa:qqql6ng9zt4s46k9d6jeen6fyq498jj6mqampkfsmvrxhnwp6wek65qnjv7a0,2222870000,
d0d27cb3c0dc4ed7a16082083417d46845bbdf8598129e9f1ac3c70b64297b92,2023-12-16T01:23:04.960000,sent,kaspa:qqql6ng9zt4s46k9d6jeen6fyq498jj6mqampkfsmvrxhnwp6wek65qnjv7a0,2222870000,
d0d27cb3c0dc4ed7a16082083417d46845bbdf8598129e9f1ac3c70b64297b92,2023-12-16T01:23:04.960000,sent,kaspa:qqql6ng9zt4s46k9d6jeen6fyq498jj6mqampkfsmvrxhnwp6wek65qnjv7a0,2222870000,
d0d27cb3c0dc4ed7a16082083417d46845bbdf8598129e9f1ac3c70b64297b92,2023-12-16T01:23:04.960000,sent,kaspa:qqql6ng9zt4s46k9d6jeen6fyq498jj6mqampkfsmvrxhnwp6wek65qnjv7a0,2222870000,
d0d27cb3c0dc4ed7a16082083417d46845bbdf8598129e9f1ac3c70b64297b92,2023-12-16T01:23:04.960000,sent,kaspa:qqql6ng9zt4s46k9d6jeen6fyq498jj6mqampkfsmvrxhnwp6wek65qnjv7a0,2222870000,
d0d27cb3c0dc4ed7a16082083417d46845bbdf8598129e9f1ac3c70b64297b92,2023-12-16T01:23:04.960000,sent,kaspa:qqql6ng9zt4s46k9d6jeen6fyq498jj6mqampkfsmvrxhnwp6wek65qnjv7a0,2222870000,
d0d27cb3c0dc4ed7a16082083417d46845bbdf8598129e9f1ac3c70b64297b92,2023-12-16T01:23:04.960000,sent,kaspa:qqql6ng9zt4s46k9d6jeen6fyq498jj6mqampkfsmvrxhnwp6wek65qnjv7a0,2222870000,
d0d27cb3c0dc4ed7a16082083417d46845bbdf8598129e9f1ac3c70b64297b92,2023-12-16T01:23:04.960000,sent,kaspa:qqql6ng9zt4s46k9d6jeen6fyq498jj6mqampkfsmvrxhnwp6wek65qnjv7a0,2222870000,
5ba0ce9fb83f1cb7c1ce6a22ae50750ba8775b90328e74f8f1eeab75758afe8b,2023-12-16T00:00:36.220000,received,kaspa:qyp8vk4us67xk78zu9yc3x4ptl9xff3vg820vvqzx7gec6nk62jl3pgfp3h7hy4,171000000,
501f36351b4d6ce2c4d06d69b6e678a8862ce693b2470a2b7601184100514153,2023-12-15T23:00:06.793000,received,kaspa:qyp8vk4us67xk78zu9yc3x4ptl9xff3vg820vvqzx7gec6nk62jl3pgfp3h7hy4,171000000,
7161bb8fcae38b7b0f6dbd54ec393d5cd564ad5d580d3c273c43d7eef4be09af,2023-12-15T21:33:49.314000,received,kaspa:qyp8vk4us67xk78zu9yc3x4ptl9xff3vg820vvqzx7gec6nk62jl3pgfp3h7hy4,171000000,
959b1310a82055e54b7ee4a91aca9d6bb33dafb7afc1e98354df932a8683acab,2023-12-15T20:26:50.496000,received,kaspa:qyp8vk4us67xk78zu9yc3x4ptl9xff3vg820vvqzx7gec6nk62jl3pgfp3h7hy4,171000000,
5e97768d2630c59875f2012395a789dd32716997b898c736ff0a4e0bd520d8a8,2023-12-15T19:17:58.436000,received,kaspa:qyp8vk4us67xk78zu9yc3x4ptl9xff3vg820vvqzx7gec6nk62jl3pgfp3h7hy4,171000000,
0499e0cecde620cb48c9c302203a018736d22ca5172fb2154b3f4dff968a0ed0,2023-12-15T19:16:50.711000,received,kaspa:qyp8vk4us67xk78zu9yc3x4ptl9xff3vg820vvqzx7gec6nk62jl3pgfp3h7hy4,171000000,
1a918b90aa76d0a385602ae11f692e1d5bfcd1ba02b4745afb335480398b54ff,2023-12-15T18:21:43.875000,received,kaspa:qyp8vk4us67xk78zu9yc3x4ptl9xff3vg820vvqzx7gec6nk62jl3pgfp3h7hy4,171000000,
2e76558bf4bd13c919f18185398435ac602ecd313d03dad5b958c35284bfd041,2023-12-15T17:28:40.460000,received,kaspa:qyp8vk4us67xk78zu9yc3x4ptl9xff3vg820vvqzx7gec6nk62jl3pgfp3h7hy4,171000000,
3d60c5dd1e791adb5564a45cfad7c84a8df5be76994e050838be3cb43addeb6e,2023-12-15T16:16:27.189000,received,kaspa:qyp8vk4us67xk78zu9yc3x4ptl9xff3vg820vvqzx7gec6nk62jl3pgfp3h7hy4,171000000,
8ac8f1734526062ed5c3651e7682eddd4be2bc45472691ce445a80bddfa811d8,2023-12-15T14:34:25.518000,received,kaspa:qyp8vk4us67xk78zu9yc3x4ptl9xff3vg820vvqzx7gec6nk62jl3pgfp3h7hy4,171000000,
fe9bd84f129bfc7c764a5dce7445cacb5484354634ed3ca353b34cb2c9452da2,2023-12-15T13:34:13.690000,received,kaspa:qyp8vk4us67xk78zu9yc3x4ptl9xff3vg820vvqzx7gec6nk62jl3pgfp3h7hy4,171000000,
5390ce14624a2a683a84072672f1b7e9d4775808939b1188a4982b446550548b,2023-12-15T11:19:00.152000,received,kaspa:qyp8vk4us67xk78zu9yc3x4ptl9xff3vg820vvqzx7gec6nk62jl3pgfp3h7hy4,171000000,
ef6af84a51c890c85b478246ed123b4b147370baa228f572e528caeb61e1f5f5,2023-12-15T11:03:26.406000,received,kaspa:qyp8vk4us67xk78zu9yc3x4ptl9xff3vg820vvqzx7gec6nk62jl3pgfp3h7hy4,171000000,
42612d99be36d4e189907e125970b282c6fe7de9660e462f8c574a57ad225f2a,2023-12-15T09:53:17.534000,sent,kaspa:qrtthu48p0xm24d2pdhee2zmuyphrljfz33da5gdpgk5v7xarcar5el4vg690,1025940000,
42612d99be36d4e189907e125970b282c6fe7de9660e462f8c574a57ad225f2a,2023-12-15T09:53:17.534000,sent,kaspa:qrtthu48p0xm24d2pdhee2zmuyphrljfz33da5gdpgk5v7xarcar5el4vg690,1025940000,
42612d99be36d4e189907e125970b282c6fe7de9660e462f8c574a57ad225f2a,2023-12-15T09:53:17.534000,sent,kaspa:qrtthu48p0xm24d2pdhee2zmuyphrljfz33da5gdpgk5v7xarcar5el4vg690,1025940000,
42612d99be36d4e189907e125970b282c6fe7de9660e462f8c574a57ad225f2a,2023-12-15T09:53:17.534000,sent,kaspa:qrtthu48p0xm24d2pdhee2zmuyphrljfz33da5gdpgk5v7xarcar5el4vg690,1025940000,
42612d99be36d4e189907e125970b282c6fe7de9660e462f8c574a57ad225f2a,2023-12-15T09:53:17.534000,sent,kaspa:qrtthu48p0xm24d2pdhee2zmuyphrljfz33da5gdpgk5v7xarcar5el4vg690,1025940000,
42612d99be36d4e189907e125970b282c6fe7de9660e462f8c574a57ad225f2a,2023-12-15T09:53:17.534000,sent,kaspa:qrtthu48p0xm24d2pdhee2zmuyphrljfz33da5gdpgk5v7xarcar5el4vg690,1025940000,
b0adc40e20e9eaea0b072aa204d71b2a3e71f3a54fb72acf67db99c7b6b929f7,2023-12-15T08:46:42.972000,received,kaspa:qyp8vk4us67xk78zu9yc3x4ptl9xff3vg820vvqzx7gec6nk62jl3pgfp3h7hy4,171000000,
87f34b7739da4b697e40c3487ff27c80e0f3e4c0145f434a6af5d0a93140a5b1,2023-12-15T07:32:29.752000,received,kaspa:qyp8vk4us67xk78zu9yc3x4ptl9xff3vg820vvqzx7gec6nk62jl3pgfp3h7hy4,171000000,
3081a132087ade971e307474554a7bcc425cbfbad0d30f63fc6695bfab3e32e8,2023-12-15T06:37:17.585000,received,kaspa:qyp8vk4us67xk78zu9yc3x4ptl9xff3vg820vvqzx7gec6nk62jl3pgfp3h7hy4,171000000,
c78bf7cc4b53cd89917f6629fc99dffa709c07ae3d31dde4710ac22f8d069858,2023-12-15T04:02:37.774000,received,kaspa:qyp8vk4us67xk78zu9yc3x4ptl9xff3vg820vvqzx7gec6nk62jl3pgfp3h7hy4,171000000,
c80c6adc8dfc960f95fb19d29f906f4c8fa3341fd66ffe19ab9b4b6064ef48b7,2023-12-15T03:37:21.548000,received,kaspa:qyp8vk4us67xk78zu9yc3x4ptl9xff3vg820vvqzx7gec6nk62jl3pgfp3h7hy4,171000000,
7b9fc7d8a2514d807e2c743b23034ebf9eeed3559eac116e96624241749b057b,2023-12-15T01:10:46.918000,received,kaspa:qyp8vk4us67xk78zu9yc3x4ptl9xff3vg820vvqzx7gec6nk62jl3pgfp3h7hy4,171000000,
4bd899e2ebc26435fb43a6477f6b4a7684f63e3184e6439827e39a11d3683628,2023-12-15T00:52:30.647000,sent,kaspa:qrtthu48p0xm24d2pdhee2zmuyphrljfz33da5gdpgk5v7xarcar5el4vg690,2393860000,
4bd899e2ebc26435fb43a6477f6b4a7684f63e3184e6439827e39a11d3683628,2023-12-15T00:52:30.647000,sent,kaspa:qrtthu48p0xm24d2pdhee2zmuyphrljfz33da5gdpgk5v7xarcar5el4vg690,2393860000,
4bd899e2ebc26435fb43a6477f6b4a7684f63e3184e6439827e39a11d3683628,2023-12-15T00:52:30.647000,sent,kaspa:qrtthu48p0xm24d2pdhee2zmuyphrljfz33da5gdpgk5v7xarcar5el4vg690,2393860000,
4bd899e2ebc26435fb43a6477f6b4a7684f63e3184e6439827e39a11d3683628,2023-12-15T00:52:30.647000,sent,kaspa:qrtthu48p0xm24d2pdhee2zmuyphrljfz33da5gdpgk5v7xarcar5el4vg690,2393860000,
4bd899e2ebc26435fb43a6477f6b4a7684f63e3184e6439827e39a11d3683628,2023-12-15T00:52:30.647000,sent,kaspa:qrtthu48p0xm24d2pdhee2zmuyphrljfz33da5gdpgk5v7xarcar5el4vg690,2393860000,
4bd899e2ebc26435fb43a6477f6b4a7684f63e3184e6439827e39a11d3683628,2023-12-15T00:52:30.647000,sent,kaspa:qrtthu48p0xm24d2pdhee2zmuyphrljfz33da5gdpgk5v7xarcar5el4vg690,2393860000,
4bd899e2ebc26435fb43a6477f6b4a7684f63e3184e6439827e39a11d3683628,2023-12-15T00:52:30.647000,sent,kaspa:qrtthu48p0xm24d2pdhee2zmuyphrljfz33da5gdpgk5v7xarcar5el4vg690,2393860000,
4bd899e2ebc26435fb43a6477f6b4a7684f63e3184e6439827e39a11d3683628,2023-12-15T00:52:30.647000,sent,kaspa:qrtthu48p0xm24d2pdhee2zmuyphrljfz33da5gdpgk5v7xarcar5el4vg690,2393860000,
4bd899e2ebc26435fb43a6477f6b4a7684f63e3184e6439827e39a11d3683628,2023-12-15T00:52:30.647000,sent,kaspa:qrtthu48p0xm24d2pdhee2zmuyphrljfz33da5gdpgk5v7xarcar5el4vg690,2393860000,
4bd899e2ebc26435fb43a6477f6b4a7684f63e3184e6439827e39a11d3683628,2023-12-15T00:52:30.647000,sent,kaspa:qrtthu48p0xm24d2pdhee2zmuyphrljfz33da5gdpgk5v7xarcar5el4vg690,2393860000,
4bd899e2ebc26435fb43a6477f6b4a7684f63e3184e6439827e39a11d3683628,2023-12-15T00:52:30.647000,sent,kaspa:qrtthu48p0xm24d2pdhee2zmuyphrljfz33da5gdpgk5v7xarcar5el4vg690,2393860000,
4bd899e2ebc26435fb43a6477f6b4a7684f63e3184e6439827e39a11d3683628,2023-12-15T00:52:30.647000,sent,kaspa:qrtthu48p0xm24d2pdhee2zmuyphrljfz33da5gdpgk5v7xarcar5el4vg690,2393860000,
4bd899e2ebc26435fb43a6477f6b4a7684f63e3184e6439827e39a11d3683628,2023-12-15T00:52:30.647000,sent,kaspa:qrtthu48p0xm24d2pdhee2zmuyphrljfz33da5gdpgk5v7xarcar5el4vg690,2393860000,
4bd899e2ebc26435fb43a6477f6b4a7684f63e3184e6439827e39a11d3683628,2023-12-15T00:52:30.647000,sent,kaspa:qrtthu48p0xm24d2pdhee2zmuyphrljfz33da5gdpgk5v7xarcar5el4vg690,2393860000,
2cf045770a6f2303284a1af015a5e4c4935a3c02e419212fd8f096b9cc25e4a0,2023-12-15T00:30:17.591000,received,kaspa:qyp8vk4us67xk78zu9yc3x4ptl9xff3vg820vvqzx7gec6nk62jl3pgfp3h7hy4,171000000,
57de8e9544d71692725005531e7f2058d01e0745810034b8925d8d7fcfd0e065,2023-12-14T23:25:44.354000,received,kaspa:qyp8vk4us67xk78zu9yc3x4ptl9xff3vg820vvqzx7gec6nk62jl3pgfp3h7hy4,171000000,
09290db330801dae2beec8dfe2575e1237b783b55484a590fe32373034db0ac6,2023-12-14T23:22:20.438000,received,kaspa:qyp8vk4us67xk78zu9yc3x4ptl9xff3vg820vvqzx7gec6nk62jl3pgfp3h7hy4,171000000,
745273102eaf3989aa3b30468c4f8e9aa50bf50606244a7bcf033f41467a1445,2023-12-14T23:00:33.646000,received,kaspa:qyp8vk4us67xk78zu9yc3x4ptl9xff3vg820vvqzx7gec6nk62jl3pgfp3h7hy4,171000000,
ace92dde5869172d4b19d5e5734a590686b47ae970b336d55444375fecdfad97,2023-12-14T22:22:21.506000,received,kaspa:qyp8vk4us67xk78zu9yc3x4ptl9xff3vg820vvqzx7gec6nk62jl3pgfp3h7hy4,171000000,
a0219575ed0d8d68b98559d14fb57ff197f614a34cbef498c05d51d8921d6fe7,2023-12-14T21:28:41.781000,received,kaspa:qyp8vk4us67xk78zu9yc3x4ptl9xff3vg820vvqzx7gec6nk62jl3pgfp3h7hy4,171000000,
3ce784f552a2e78c3b07ddd83ffcfeeb95cd260aa03eefb749dd5296b99b1e3d,2023-12-14T20:28:54.639000,received,kaspa:qyp8vk4us67xk78zu9yc3x4ptl9xff3vg820vvqzx7gec6nk62jl3pgfp3h7hy4,171000000,
702fc700e9d7ce2191b07da6c83b8c10c4810a1392777d1e60d5f918fbb978e8,2023-12-14T19:06:35.258000,received,kaspa:qyp8vk4us67xk78zu9yc3x4ptl9xff3vg820vvqzx7gec6nk62jl3pgfp3h7hy4,171000000,
4e50fd5765aeae7455762f02130fa202fff76c1742ea7326c2e3f0a809ee67d6,2023-12-14T19:03:26.763000,received,kaspa:qyp8vk4us67xk78zu9yc3x4ptl9xff3vg820vvqzx7gec6nk62jl3pgfp3h7hy4,171000000,
e95ef411f7f1047d027c3990a8ff4a61f7d0df1238dbc567e5558e60a4c85dec,2023-12-14T17:52:58.083000,received,kaspa:qyp8vk4us67xk78zu9yc3x4ptl9xff3vg820vvqzx7gec6nk62jl3pgfp3h7hy4,171000000,
71803d68e03e9d3893131653be4ca51ff836658edf57372c5beac6526c25bfa0,2023-12-14T17:36:52.582000,received,kaspa:qyp8vk4us67xk78zu9yc3x4ptl9xff3vg820vvqzx7gec6nk62jl3pgfp3h7hy4,171000000,
2df84fe1897ca609ddb41600328e887739631f6743716136bc97eee2a1c2bf11,2023-12-14T17:35:07.141000,received,kaspa:qyp8vk4us67xk78zu9yc3x4ptl9xff3vg820vvqzx7gec6nk62jl3pgfp3h7hy4,171000000,
18d2a6d6775128e4cb5f3c9e0aa0b70eb4d85211d1eea32ceafb5720023908f0,2023-12-14T16:37:31.434000,received,kaspa:qyp8vk4us67xk78zu9yc3x4ptl9xff3vg820vvqzx7gec6nk62jl3pgfp3h7hy4,171000000,
2edb4233665b691e3d3ff84ef7ea8b16e425622b6c64010d394c7d8350dd9ba6,2023-12-14T16:36:28.212000,received,kaspa:qyp8vk4us67xk78zu9yc3x4ptl9xff3vg820vvqzx7gec6nk62jl3pgfp3h7hy4,171000000,
944d1597e576bb4c0a8cf0058d22616709508e8b06997a84acd39cf7a1c2086b,2023-12-14T14:52:16.747000,sent,kaspa:qrtthu48p0xm24d2pdhee2zmuyphrljfz33da5gdpgk5v7xarcar5el4vg690,1196930000,
944d1597e576bb4c0a8cf0058d22616709508e8b06997a84acd39cf7a1c2086b,2023-12-14T14:52:16.747000,sent,kaspa:qrtthu48p0xm24d2pdhee2zmuyphrljfz33da5gdpgk5v7xarcar5el4vg690,1196930000,
944d1597e576bb4c0a8cf0058d22616709508e8b06997a84acd39cf7a1c2086b,2023-12-14T14:52:16.747000,sent,kaspa:qrtthu48p0xm24d2pdhee2zmuyphrljfz33da5gdpgk5v7xarcar5el4vg690,1196930000,
944d1597e576bb4c0a8cf0058d22616709508e8b06997a84acd39cf7a1c2086b,2023-12-14T14:52:16.747000,sent,kaspa:qrtthu48p0xm24d2pdhee2zmuyphrljfz33da5gdpgk5v7xarcar5el4vg690,1196930000,
944d1597e576bb4c0a8cf0058d22616709508e8b06997a84acd39cf7a1c2086b,2023-12-14T14:52:16.747000,sent,kaspa:qrtthu48p0xm24d2pdhee2zmuyphrljfz33da5gdpgk5v7xarcar5el4vg690,1196930000,
944d1597e576bb4c0a8cf0058d22616709508e8b06997a84acd39cf7a1c2086b,2023-12-14T14:52:16.747000,sent,kaspa:qrtthu48p0xm24d2pdhee2zmuyphrljfz33da5gdpgk5v7xarcar5el4vg690,1196930000,
944d1597e576bb4c0a8cf0058d22616709508e8b06997a84acd39cf7a1c2086b,2023-12-14T14:52:16.747000,sent,kaspa:qrtthu48p0xm24d2pdhee2zmuyphrljfz33da5gdpgk5v7xarcar5el4vg690,1196930000,
978a40988bac8978716c07dfe9578d2002f615a92f1fe1d8625d9954d0e988a8,2023-12-14T14:19:49.811000,received,kaspa:qyp8vk4us67xk78zu9yc3x4ptl9xff3vg820vvqzx7gec6nk62jl3pgfp3h7hy4,171000000,
876f4edf1087943a1e3a6b908cd0c47579d2201f71ec3e2b5541746186c43939,2023-12-14T13:31:49.043000,received,kaspa:qyp8vk4us67xk78zu9yc3x4ptl9xff3vg820vvqzx7gec6nk62jl3pgfp3h7hy4,171000000,
fc4419c82582f392aa2dc6191b803fcff9c6a3d7d63ba5ceb7cd84b278cbb538,2023-12-14T13:28:07.177000,received,kaspa:qyp8vk4us67xk78zu9yc3x4ptl9xff3vg820vvqzx7gec6nk62jl3pgfp3h7hy4,171000000,
30cf27b396495d51c84faf4c30650b5551a67c73df3b903db032fe99efd6c003,2023-12-14T12:56:16.872000,received,kaspa:qyp8vk4us67xk78zu9yc3x4ptl9xff3vg820vvqzx7gec6nk62jl3pgfp3h7hy4,171000000,
6dfe5ab2836da3ca19258366a3e57bdc8c41e95e54edb6e9696d15e8c723fda7,2023-12-14T11:06:02.750000,received,kaspa:qyp8vk4us67xk78zu9yc3x4ptl9xff3vg820vvqzx7gec6nk62jl3pgfp3h7hy4,171000000,
aabe6246a3535e72dc050226c28920e7b1fb097af1f218214d859959809e6fbd,2023-12-14T10:33:18.403000,received,kaspa:qyp8vk4us67xk78zu9yc3x4ptl9xff3vg820vvqzx7gec6nk62jl3pgfp3h7hy4,171000000,
e4f3f95b5c19383edc2d242a2f25e4de2e57aed1a1dcd10ae3ec0f16735c60a4,2023-12-14T08:33:07.935000,received,kaspa:qyp8vk4us67xk78zu9yc3x4ptl9xff3vg820vvqzx7gec6nk62jl3pgfp3h7hy4,171000000,
b731f73a89c40473a1f6e7d9a2951afa5ba8701aa316c94d6cc278f994c504aa,2023-12-14T08:15:27.636000,sent,kaspa:qrtthu48p0xm24d2pdhee2zmuyphrljfz33da5gdpgk5v7xarcar5el4vg690,170990000,
2efe0886f47cd56dd548d5d840260c1572afc56d545b728801b869ef3c84928a,2023-12-14T05:22:47.814000,received,kaspa:qyp8vk4us67xk78zu9yc3x4ptl9xff3vg820vvqzx7gec6nk62jl3pgfp3h7hy4,171000000,
39126a3f072615aad5039be966af961197a4895ffa150fdaccc4cd51d99714fd,2023-12-14T03:47:30.428000,sent,kaspa:qrtthu48p0xm24d2pdhee2zmuyphrljfz33da5gdpgk5v7xarcar5el4vg690,1367920000,
39126a3f072615aad5039be966af961197a4895ffa150fdaccc4cd51d99714fd,2023-12-14T03:47:30.428000,sent,kaspa:qrtthu48p0xm24d2pdhee2zmuyphrljfz33da5gdpgk5v7xarcar5el4vg690,1367920000,
39126a3f072615aad5039be966af961197a4895ffa150fdaccc4cd51d99714fd,2023-12-14T03:47:30.428000,sent,kaspa:qrtthu48p0xm24d2pdhee2zmuyphrljfz33da5gdpgk5v7xarcar5el4vg690,1367920000,
39126a3f072615aad5039be966af961197a4895ffa150fdaccc4cd51d99714fd,2023-12-14T03:47:30.428000,sent,kaspa:qrtthu48p0xm24d2pdhee2zmuyphrljfz33da5gdpgk5v7xarcar5el4vg690,1367920000,
39126a3f072615aad5039be966af961197a4895ffa150fdaccc4cd51d99714fd,2023-12-14T03:47:30.428000,sent,kaspa:qrtthu48p0xm24d2pdhee2zmuyphrljfz33da5gdpgk5v7xarcar5el4vg690,1367920000,
39126a3f072615aad5039be966af961197a4895ffa150fdaccc4cd51d99714fd,2023-12-14T03:47:30.428000,sent,kaspa:qrtthu48p0xm24d2pdhee2zmuyphrljfz33da5gdpgk5v7xarcar5el4vg690,1367920000,
39126a3f072615aad5039be966af961197a4895ffa150fdaccc4cd51d99714fd,2023-12-14T03:47:30.428000,sent,kaspa:qrtthu48p0xm24d2pdhee2zmuyphrljfz33da5gdpgk5v7xarcar5el4vg690,1367920000,
39126a3f072615aad5039be966af961197a4895ffa150fdaccc4cd51d99714fd,2023-12-14T03:47:30.428000,sent,kaspa:qrtthu48p0xm24d2pdhee2zmuyphrljfz33da5gdpgk5v7xarcar5el4vg690,1367920000,
caa95662b8b925adab6a00d48fc5d9edb769c1ebd3509ebad564c3b020771e67,2023-12-14T03:35:59.819000,received,kaspa:qyp8vk4us67xk78zu9yc3x4ptl9xff3vg820vvqzx7gec6nk62jl3pgfp3h7hy4,171000000,
fe8855acfedd7f348e035c1f463761a6298b7625d8406a9046f95346931d341a,2023-12-14T03:29:00.290000,received,kaspa:qyp8vk4us67xk78zu9yc3x4ptl9xff3vg820vvqzx7gec6nk62jl3pgfp3h7hy4,171000000,
03acf5514816d1d656c790f80fa8faa885b7c712523b823b197bbfa48055cf5b,2023-12-14T03:12:17.910000,received,kaspa:qyp8vk4us67xk78zu9yc3x4ptl9xff3vg820vvqzx7gec6nk62jl3pgfp3h7hy4,171000000,
78ff271f646865d6bd14f68d438c7e86cb2136f95d15ce430e58d1f5102aff24,2023-12-14T02:48:30.864000,received,kaspa:qyp8vk4us67xk78zu9yc3x4ptl9xff3vg820vvqzx7gec6nk62jl3pgfp3h7hy4,171000000,
6b6acb7ed02e1d23ae67111213a7ad1160420e7ed77941de232a5d7efb656700,2023-12-14T02:08:50.237000,received,kaspa:qyp8vk4us67xk78zu9yc3x4ptl9xff3vg820vvqzx7gec6nk62jl3pgfp3h7hy4,171000000,
0a1fa502a8c677c93bf932af1aff2b49c254143fbcd661d8a81d954a895ced4e,2023-12-13T23:54:24.864000,received,kaspa:qyp8vk4us67xk78zu9yc3x4ptl9xff3vg820vvqzx7gec6nk62jl3pgfp3h7hy4,171000000,
9a51ef39a948c2f5fec070fece6252fe4c945df5da9ee8355209747142e0afea,2023-12-13T23:26:55.841000,received,kaspa:qyp8vk4us67xk78zu9yc3x4ptl9xff3vg820vvqzx7gec6nk62jl3pgfp3h7hy4,171000000,
3f2be6056f43471e21d57f86e9d940fa7296980f30fe349c12e77da52e56c2dd,2023-12-13T23:04:21.208000,received,kaspa:qyp8vk4us67xk78zu9yc3x4ptl9xff3vg820vvqzx7gec6nk62jl3pgfp3h7hy4,171000000,
2510a5b6e0fb480d8f35ab1a6123b8ab994a312bb41474e7d691a8664c71511b,2023-12-13T22:46:29.808000,sent,kaspa:qrtthu48p0xm24d2pdhee2zmuyphrljfz33da5gdpgk5v7xarcar5el4vg690,1367920000,
2510a5b6e0fb480d8f35ab1a6123b8ab994a312bb41474e7d691a8664c71511b,2023-12-13T22:46:29.808000,sent,kaspa:qrtthu48p0xm24d2pdhee2zmuyphrljfz33da5gdpgk5v7xarcar5el4vg690,1367920000,
2510a5b6e0fb480d8f35ab1a6123b8ab994a312bb41474e7d691a8664c71511b,2023-12-13T22:46:29.808000,sent,kaspa:qrtthu48p0xm24d2pdhee2zmuyphrljfz33da5gdpgk5v7xarcar5el4vg690,1367920000,
2510a5b6e0fb480d8f35ab1a6123b8ab994a312bb41474e7d691a8664c71511b,2023-12-13T22:46:29.808000,sent,kaspa:qrtthu48p0xm24d2pdhee2zmuyphrljfz33da5gdpgk5v7xarcar5el4vg690,1367920000,
2510a5b6e0fb480d8f35ab1a6123b8ab994a312bb41474e7d691a8664c71511b,2023-12-13T22:46:29.808000,sent,kaspa:qrtthu48p0xm24d2pdhee2zmuyphrljfz33da5gdpgk5v7xarcar5el4vg690,1367920000,
2510a5b6e0fb480d8f35ab1a6123b8ab994a312bb41474e7d691a8664c71511b,2023-12-13T22:46:29.808000,sent,kaspa:qrtthu48p0xm24d2pdhee2zmuyphrljfz33da5gdpgk5v7xarcar5el4vg690,1367920000,
2510a5b6e0fb480d8f35ab1a6123b8ab994a312bb41474e7d691a8664c71511b,2023-12-13T22:46:29.808000,sent,kaspa:qrtthu48p0xm24d2pdhee2zmuyphrljfz33da5gdpgk5v7xarcar5el4vg690,1367920000,
2510a5b6e0fb480d8f35ab1a6123b8ab994a312bb41474e7d691a8664c71511b,2023-12-13T22:46:29.808000,sent,kaspa:qrtthu48p0xm24d2pdhee2zmuyphrljfz33da5gdpgk5v7xarcar5el4vg690,1367920000,
b77628250d3d1a3dec25af996c1432e4a56db1e283a549d8192348924962ed8e,2023-12-13T21:14:12.503000,received,kaspa:qyp8vk4us67xk78zu9yc3x4ptl9xff3vg820vvqzx7gec6nk62jl3pgfp3h7hy4,171000000,
01132213a09c34d18d5e154d4710544b80819023ac4f014a412b679e74597f03,2023-12-13T19:52:18.130000,received,kaspa:qyp8vk4us67xk78zu9yc3x4ptl9xff3vg820vvqzx7gec6nk62jl3pgfp3h7hy4,171000000,
6ec217e7abc7584ae39381155bcf4056c8cae8322554cec353380fc182f7ee92,2023-12-13T19:11:13.370000,received,kaspa:qyp8vk4us67xk78zu9yc3x4ptl9xff3vg820vvqzx7gec6nk62jl3pgfp3h7hy4,171000000,
d042df6628f9ac7ce6f6c50300d783a263226a817b6a6c8960913a39564826e4,2023-12-13T19:08:36.994000,received,kaspa:qyp8vk4us67xk78zu9yc3x4ptl9xff3vg820vvqzx7gec6nk62jl3pgfp3h7hy4,171000000,
5322913c99c9c4aa6933ae6063ffb3eb55ab11dfc660b223220f10dac1e78fa4,2023-12-13T19:07:55.215000,received,kaspa:qyp8vk4us67xk78zu9yc3x4ptl9xff3vg820vvqzx7gec6nk62jl3pgfp3h7hy4,171000000,
e5f941bcb0ed49da1ae4ca160846fed5893699baa9f33074043c5222078d8f9e,2023-12-13T18:59:02.095000,received,kaspa:qyp8vk4us67xk78zu9yc3x4ptl9xff3vg820vvqzx7gec6nk62jl3pgfp3h7hy4,171000000,
0b99bb4886ba23417a9099f4df7b62c2918c63bd731f92d616d7ba188409ef2e,2023-12-13T18:57:53.189000,received,kaspa:qyp8vk4us67xk78zu9yc3x4ptl9xff3vg820vvqzx7gec6nk62jl3pgfp3h7hy4,171000000,
fff3c7c9b8ee16b26c22031980ae7dbbef0a493276b58b5f498543b696189a28,2023-12-13T16:36:12.303000,received,kaspa:qyp8vk4us67xk78zu9yc3x4ptl9xff3vg820vvqzx7gec6nk62jl3pgfp3h7hy4,171000000,
766ea38852061aea20e28f5cbce2e7bf1479c0f580aa4e9f9b368ccb061464de,2023-12-13T16:11:31.057000,sent,kaspa:qrtthu48p0xm24d2pdhee2zmuyphrljfz33da5gdpgk5v7xarcar5el4vg690,341980000,
766ea38852061aea20e28f5cbce2e7bf1479c0f580aa4e9f9b368ccb061464de,2023-12-13T16:11:31.057000,sent,kaspa:qrtthu48p0xm24d2pdhee2zmuyphrljfz33da5gdpgk5v7xarcar5el4vg690,341980000,
0e088311fb17c1580dbafef579493666bf0c1b1eee3793d7daac5f5802ba06bf,2023-12-13T15:50:31.839000,received,kaspa:qyp8vk4us67xk78zu9yc3x4ptl9xff3vg820vvqzx7gec6nk62jl3pgfp3h7hy4,171000000,
f71574c875fcc716013494f8bde7f1d5faf7aca2435029c0a9a7f6a10a18b21e,2023-12-13T15:46:53.194000,received,kaspa:qyp8vk4us67xk78zu9yc3x4ptl9xff3vg820vvqzx7gec6nk62jl3pgfp3h7hy4,171000000,
62eaf5b5779150e5387d093d1cada1c52a0867c4a1bea2f6afc0e446c7f62020,2023-12-13T14:59:32.602000,sent,kaspa:qrtthu48p0xm24d2pdhee2zmuyphrljfz33da5gdpgk5v7xarcar5el4vg690,1880890000,
62eaf5b5779150e5387d093d1cada1c52a0867c4a1bea2f6afc0e446c7f62020,2023-12-13T14:59:32.602000,sent,kaspa:qrtthu48p0xm24d2pdhee2zmuyphrljfz33da5gdpgk5v7xarcar5el4vg690,1880890000,
62eaf5b5779150e5387d093d1cada1c52a0867c4a1bea2f6afc0e446c7f62020,2023-12-13T14:59:32.602000,sent,kaspa:qrtthu48p0xm24d2pdhee2zmuyphrljfz33da5gdpgk5v7xarcar5el4vg690,1880890000,
62eaf5b5779150e5387d093d1cada1c52a0867c4a1bea2f6afc0e446c7f62020,2023-12-13T14:59:32.602000,sent,kaspa:qrtthu48p0xm24d2pdhee2zmuyphrljfz33da5gdpgk5v7xarcar5el4vg690,1880890000,
62eaf5b5779150e5387d093d1cada1c52a0867c4a1bea2f6afc0e446c7f62020,2023-12-13T14:59:32.602000,sent,kaspa:qrtthu48p0xm24d2pdhee2zmuyphrljfz33da5gdpgk5v7xarcar5el4vg690,1880890000,
62eaf5b5779150e5387d093d1cada1c52a0867c4a1bea2f6afc0e446c7f62020,2023-12-13T14:59:32.602000,sent,kaspa:qrtthu48p0xm24d2pdhee2zmuyphrljfz33da5gdpgk5v7xarcar5el4vg690,1880890000,
62eaf5b5779150e5387d093d1cada1c52a0867c4a1bea2f6afc0e446c7f62020,2023-12-13T14:59:32.602000,sent,kaspa:qrtthu48p0xm24d2pdhee2zmuyphrljfz33da5gdpgk5v7xarcar5el4vg690,1880890000,
62eaf5b5779150e5387d093d1cada1c52a0867c4a1bea2f6afc0e446c7f62020,2023-12-13T14:59:32.602000,sent,kaspa:qrtthu48p0xm24d2pdhee2zmuyphrljfz33da5gdpgk5v7xarcar5el4vg690,1880890000,
62eaf5b5779150e5387d093d1cada1c52a0867c4a1bea2f6afc0e446c7f62020,2023-12-13T14:59:32.602000,sent,kaspa:qrtthu48p0xm24d2pdhee2zmuyphrljfz33da5gdpgk5v7xarcar5el4vg690,1880890000,
62eaf5b5779150e5387d093d1cada1c52a0867c4a1bea2f6afc0e446c7f62020,2023-12-13T14:59:32.602000,sent,kaspa:qrtthu48p0xm24d2pdhee2zmuyphrljfz33da5gdpgk5v7xarcar5el4vg690,1880890000,
62eaf5b5779150e5387d093d1cada1c52a0867c4a1bea2f6afc0e446c7f62020,2023-12-13T14:59:32.602000,sent,kaspa:qrtthu48p0xm24d2pdhee2zmuyphrljfz33da5gdpgk5v7xarcar5el4vg690,1880890000,
01763c88a67c9336a9a6303f18bd336774907a6105af94ecc74f7564a154ec66,2023-12-13T12:55:18.741000,received,kaspa:qyp8vk4us67xk78zu9yc3x4ptl9xff3vg820vvqzx7gec6nk62jl3pgfp3h7hy4,171000000,
906ddc9952a404622818a20352ee080084e2491483c38a23405236cebb51f5c8,2023-12-13T11:57:39.982000,received,kaspa:qyp0jd37dhx6sqrr682y6cme89gjn4quzpeuuu3y9c82drvcpnecjjcssx3qp4x,171000000,
823742b9bd972a7fa42c42331bb190e35edfef1ab7548577b12cde6589c9fbcf,2023-12-13T10:56:36.850000,received,kaspa:qyp4shc2j2r2dvsn2kqplylp5dkjav6s89yr5096wfyjr75h5y4q6uq2rg3x5c8,171000000,
91e13b9a2c7d0d8b3fc5b9c8067182b0546f8b0c1f93575fc5fff34325d4460b,2023-12-13T10:35:28.782000,received,kaspa:qyplygdysxukhd27ua75kjvmvs8j04dz0apehqpgudgez74zym5jauqpt8f52gc,171000000,
5879beafa36f68150e0790a42647b63d71f0372ac780a77fb5a47937630a9a4c,2023-12-13T10:30:09.286000,received,kaspa:qyprcjlnm6na4u2gkg476zv2qyl0vqvwssyj8zqrfxsvk0k8vyaha5stj42hf4h,171000000,
543bc1efd494adc20eb3fc2856d33da3174f7f6768129a707d9f8eb66823d26f,2023-12-13T10:19:17.200000,received,kaspa:qypdv6v6mdm8sme0ryuw06axg22uqz3szzrs3jdadje2z2uqszhgm2q6rvux8k8,171000000,
81b09bb42b048df4cb494caa63c255e3c8ddad26b74ea8c7f15283be8364e22a,2023-12-13T10:06:10.324000,received,kaspa:qyplygdysxukhd27ua75kjvmvs8j04dz0apehqpgudgez74zym5jauqpt8f52gc,171000000,
5c76164c17da729a3c9cb3a67323b353ee9ee2f4fdd874f92b3b387a176bfd57,2023-12-13T09:39:35.963000,received,kaspa:qypj4mpmfnmte39866f8ttexwhf0z3vql0qnz3agfmtgjdqjrfdg6mq6dfv0rpk,171000000,
224ed76cec9dc4b57e2bf2b1e353f94031af337d4abac2fb4350b9fb046c05f1,2023-12-13T09:37:34.247000,received,kaspa:qyp3tqm6gwk4ysnttvtq2haz8ffmpd62mcjj5dcz9jqg3lm58jpxrrqya7l88kj,171000000,
8b9b487fbb8e4b61359412ceaa9d186395300a1a5680f3f5b32dd9f59b407caa,2023-12-13T09:32:36.978000,received,kaspa:qyp2y2afskgrk04gsaktpgcwqs50g3ucp9k6yw3gzq383zlggeqm7dgpuu0kdj9,171000000,
7fa249880e0d15ef3c327df47fb7a873de43e77a721fc666a6ebb951f1635681,2023-12-13T09:27:44.870000,received,kaspa:qyp8vk4us67xk78zu9yc3x4ptl9xff3vg820vvqzx7gec6nk62jl3pgfp3h7hy4,171000000,
f81d8f41e3852f2e8fb686eb52e8c6ccef28f3ca8c289f6fb711387d128ac125,2023-12-13T07:48:16.212000,sent,kaspa:qp2n8m859p79cdutmrjhafn92sw77xz30wz6s8vh440hrd2qrsvxjcwzlla2p,7181580000,
f81d8f41e3852f2e8fb686eb52e8c6ccef28f3ca8c289f6fb711387d128ac125,2023-12-13T07:48:16.212000,sent,kaspa:qp2n8m859p79cdutmrjhafn92sw77xz30wz6s8vh440hrd2qrsvxjcwzlla2p,7181580000,
f81d8f41e3852f2e8fb686eb52e8c6ccef28f3ca8c289f6fb711387d128ac125,2023-12-13T07:48:16.212000,sent,kaspa:qp2n8m859p79cdutmrjhafn92sw77xz30wz6s8vh440hrd2qrsvxjcwzlla2p,7181580000,
f81d8f41e3852f2e8fb686eb52e8c6ccef28f3ca8c289f6fb711387d128ac125,2023-12-13T07:48:16.212000,sent,kaspa:qp2n8m859p79cdutmrjhafn92sw77xz30wz6s8vh440hrd2qrsvxjcwzlla2p,7181580000,
f81d8f41e3852f2e8fb686eb52e8c6ccef28f3ca8c289f6fb711387d128ac125,2023-12-13T07:48:16.212000,sent,kaspa:qp2n8m859p79cdutmrjhafn92sw77xz30wz6s8vh440hrd2qrsvxjcwzlla2p,7181580000,
f81d8f41e3852f2e8fb686eb52e8c6ccef28f3ca8c289f6fb711387d128ac125,2023-12-13T07:48:16.212000,sent,kaspa:qp2n8m859p79cdutmrjhafn92sw77xz30wz6s8vh440hrd2qrsvxjcwzlla2p,7181580000,
f81d8f41e3852f2e8fb686eb52e8c6ccef28f3ca8c289f6fb711387d128ac125,2023-12-13T07:48:16.212000,sent,kaspa:qp2n8m859p79cdutmrjhafn92sw77xz30wz6s8vh440hrd2qrsvxjcwzlla2p,7181580000,
f81d8f41e3852f2e8fb686eb52e8c6ccef28f3ca8c289f6fb711387d128ac125,2023-12-13T07:48:16.212000,sent,kaspa:qp2n8m859p79cdutmrjhafn92sw77xz30wz6s8vh440hrd2qrsvxjcwzlla2p,7181580000,
f81d8f41e3852f2e8fb686eb52e8c6ccef28f3ca8c289f6fb711387d128ac125,2023-12-13T07:48:16.212000,sent,kaspa:qp2n8m859p79cdutmrjhafn92sw77xz30wz6s8vh440hrd2qrsvxjcwzlla2p,7181580000,
f81d8f41e3852f2e8fb686eb52e8c6ccef28f3ca8c289f6fb711387d128ac125,2023-12-13T07:48:16.212000,sent,kaspa:qp2n8m859p79cdutmrjhafn92sw77xz30wz6s8vh440hrd2qrsvxjcwzlla2p,7181580000,
f81d8f41e3852f2e8fb686eb52e8c6ccef28f3ca8c289f6fb711387d128ac125,2023-12-13T07:48:16.212000,sent,kaspa:qp2n8m859p79cdutmrjhafn92sw77xz30wz6s8vh440hrd2qrsvxjcwzlla2p,7181580000,
f81d8f41e3852f2e8fb686eb52e8c6ccef28f3ca8c289f6fb711387d128ac125,2023-12-13T07:48:16.212000,sent,kaspa:qp2n8m859p79cdutmrjhafn92sw77xz30wz6s8vh440hrd2qrsvxjcwzlla2p,7181580000,
f81d8f41e3852f2e8fb686eb52e8c6ccef28f3ca8c289f6fb711387d128ac125,2023-12-13T07:48:16.212000,sent,kaspa:qp2n8m859p79cdutmrjhafn92sw77xz30wz6s8vh440hrd2qrsvxjcwzlla2p,7181580000,
f81d8f41e3852f2e8fb686eb52e8c6ccef28f3ca8c289f6fb711387d128ac125,2023-12-13T07:48:16.212000,sent,kaspa:qp2n8m859p79cdutmrjhafn92sw77xz30wz6s8vh440hrd2qrsvxjcwzlla2p,7181580000,
f81d8f41e3852f2e8fb686eb52e8c6ccef28f3ca8c289f6fb711387d128ac125,2023-12-13T07:48:16.212000,sent,kaspa:qp2n8m859p79cdutmrjhafn92sw77xz30wz6s8vh440hrd2qrsvxjcwzlla2p,7181580000,
f81d8f41e3852f2e8fb686eb52e8c6ccef28f3ca8c289f6fb711387d128ac125,2023-12-13T07:48:16.212000,sent,kaspa:qp2n8m859p79cdutmrjhafn92sw77xz30wz6s8vh440hrd2qrsvxjcwzlla2p,7181580000,
f81d8f41e3852f2e8fb686eb52e8c6ccef28f3ca8c289f6fb711387d128ac125,2023-12-13T07:48:16.212000,sent,kaspa:qp2n8m859p79cdutmrjhafn92sw77xz30wz6s8vh440hrd2qrsvxjcwzlla2p,7181580000,
f81d8f41e3852f2e8fb686eb52e8c6ccef28f3ca8c289f6fb711387d128ac125,2023-12-13T07:48:16.212000,sent,kaspa:qp2n8m859p79cdutmrjhafn92sw77xz30wz6s8vh440hrd2qrsvxjcwzlla2p,7181580000,
f81d8f41e3852f2e8fb686eb52e8c6ccef28f3ca8c289f6fb711387d128ac125,2023-12-13T07:48:16.212000,sent,kaspa:qp2n8m859p79cdutmrjhafn92sw77xz30wz6s8vh440hrd2qrsvxjcwzlla2p,7181580000,
f81d8f41e3852f2e8fb686eb52e8c6ccef28f3ca8c289f6fb711387d128ac125,2023-12-13T07:48:16.212000,sent,kaspa:qp2n8m859p79cdutmrjhafn92sw77xz30wz6s8vh440hrd2qrsvxjcwzlla2p,7181580000,
f81d8f41e3852f2e8fb686eb52e8c6ccef28f3ca8c289f6fb711387d128ac125,2023-12-13T07:48:16.212000,sent,kaspa:qp2n8m859p79cdutmrjhafn92sw77xz30wz6s8vh440hrd2qrsvxjcwzlla2p,7181580000,
f81d8f41e3852f2e8fb686eb52e8c6ccef28f3ca8c289f6fb711387d128ac125,2023-12-13T07:48:16.212000,sent,kaspa:qp2n8m859p79cdutmrjhafn92sw77xz30wz6s8vh440hrd2qrsvxjcwzlla2p,7181580000,
f81d8f41e3852f2e8fb686eb52e8c6ccef28f3ca8c289f6fb711387d128ac125,2023-12-13T07:48:16.212000,sent,kaspa:qp2n8m859p79cdutmrjhafn92sw77xz30wz6s8vh440hrd2qrsvxjcwzlla2p,7181580000,
f81d8f41e3852f2e8fb686eb52e8c6ccef28f3ca8c289f6fb711387d128ac125,2023-12-13T07:48:16.212000,sent,kaspa:qp2n8m859p79cdutmrjhafn92sw77xz30wz6s8vh440hrd2qrsvxjcwzlla2p,7181580000,
f81d8f41e3852f2e8fb686eb52e8c6ccef28f3ca8c289f6fb711387d128ac125,2023-12-13T07:48:16.212000,sent,kaspa:qp2n8m859p79cdutmrjhafn92sw77xz30wz6s8vh440hrd2qrsvxjcwzlla2p,7181580000,
f81d8f41e3852f2e8fb686eb52e8c6ccef28f3ca8c289f6fb711387d128ac125,2023-12-13T07:48:16.212000,sent,kaspa:qp2n8m859p79cdutmrjhafn92sw77xz30wz6s8vh440hrd2qrsvxjcwzlla2p,7181580000,
f81d8f41e3852f2e8fb686eb52e8c6ccef28f3ca8c289f6fb711387d128ac125,2023-12-13T07:48:16.212000,sent,kaspa:qp2n8m859p79cdutmrjhafn92sw77xz30wz6s8vh440hrd2qrsvxjcwzlla2p,7181580000,
f81d8f41e3852f2e8fb686eb52e8c6ccef28f3ca8c289f6fb711387d128ac125,2023-12-13T07:48:16.212000,sent,kaspa:qp2n8m859p79cdutmrjhafn92sw77xz30wz6s8vh440hrd2qrsvxjcwzlla2p,7181580000,
f81d8f41e3852f2e8fb686eb52e8c6ccef28f3ca8c289f6fb711387d128ac125,2023-12-13T07:48:16.212000,sent,kaspa:qp2n8m859p79cdutmrjhafn92sw77xz30wz6s8vh440hrd2qrsvxjcwzlla2p,7181580000,
f81d8f41e3852f2e8fb686eb52e8c6ccef28f3ca8c289f6fb711387d128ac125,2023-12-13T07:48:16.212000,sent,kaspa:qp2n8m859p79cdutmrjhafn92sw77xz30wz6s8vh440hrd2qrsvxjcwzlla2p,7181580000,
f81d8f41e3852f2e8fb686eb52e8c6ccef28f3ca8c289f6fb711387d128ac125,2023-12-13T07:48:16.212000,sent,kaspa:qp2n8m859p79cdutmrjhafn92sw77xz30wz6s8vh440hrd2qrsvxjcwzlla2p,7181580000,
f81d8f41e3852f2e8fb686eb52e8c6ccef28f3ca8c289f6fb711387d128ac125,2023-12-13T07:48:16.212000,sent,kaspa:qp2n8m859p79cdutmrjhafn92sw77xz30wz6s8vh440hrd2qrsvxjcwzlla2p,7181580000,
f81d8f41e3852f2e8fb686eb52e8c6ccef28f3ca8c289f6fb711387d128ac125,2023-12-13T07:48:16.212000,sent,kaspa:qp2n8m859p79cdutmrjhafn92sw77xz30wz6s8vh440hrd2qrsvxjcwzlla2p,7181580000,
f81d8f41e3852f2e8fb686eb52e8c6ccef28f3ca8c289f6fb711387d128ac125,2023-12-13T07:48:16.212000,sent,kaspa:qp2n8m859p79cdutmrjhafn92sw77xz30wz6s8vh440hrd2qrsvxjcwzlla2p,7181580000,
f81d8f41e3852f2e8fb686eb52e8c6ccef28f3ca8c289f6fb711387d128ac125,2023-12-13T07:48:16.212000,sent,kaspa:qp2n8m859p79cdutmrjhafn92sw77xz30wz6s8vh440hrd2qrsvxjcwzlla2p,7181580000,
f81d8f41e3852f2e8fb686eb52e8c6ccef28f3ca8c289f6fb711387d128ac125,2023-12-13T07:48:16.212000,sent,kaspa:qp2n8m859p79cdutmrjhafn92sw77xz30wz6s8vh440hrd2qrsvxjcwzlla2p,7181580000,
f81d8f41e3852f2e8fb686eb52e8c6ccef28f3ca8c289f6fb711387d128ac125,2023-12-13T07:48:16.212000,sent,kaspa:qp2n8m859p79cdutmrjhafn92sw77xz30wz6s8vh440hrd2qrsvxjcwzlla2p,7181580000,
f81d8f41e3852f2e8fb686eb52e8c6ccef28f3ca8c289f6fb711387d128ac125,2023-12-13T07:48:16.212000,sent,kaspa:qp2n8m859p79cdutmrjhafn92sw77xz30wz6s8vh440hrd2qrsvxjcwzlla2p,7181580000,
f81d8f41e3852f2e8fb686eb52e8c6ccef28f3ca8c289f6fb711387d128ac125,2023-12-13T07:48:16.212000,sent,kaspa:qp2n8m859p79cdutmrjhafn92sw77xz30wz6s8vh440hrd2qrsvxjcwzlla2p,7181580000,
f81d8f41e3852f2e8fb686eb52e8c6ccef28f3ca8c289f6fb711387d128ac125,2023-12-13T07:48:16.212000,sent,kaspa:qp2n8m859p79cdutmrjhafn92sw77xz30wz6s8vh440hrd2qrsvxjcwzlla2p,7181580000,
f81d8f41e3852f2e8fb686eb52e8c6ccef28f3ca8c289f6fb711387d128ac125,2023-12-13T07:48:16.212000,sent,kaspa:qp2n8m859p79cdutmrjhafn92sw77xz30wz6s8vh440hrd2qrsvxjcwzlla2p,7181580000,
f81d8f41e3852f2e8fb686eb52e8c6ccef28f3ca8c289f6fb711387d128ac125,2023-12-13T07:48:16.212000,sent,kaspa:qp2n8m859p79cdutmrjhafn92sw77xz30wz6s8vh440hrd2qrsvxjcwzlla2p,7181580000,
5b9f2fc798d4d4e08dae453e1b686fe0e0fbd018a0bdc2785dbb4af11e9ce95d,2023-12-13T06:56:30.803000,received,kaspa:qyp09jwvzzyp0g4fdep2d2fekeh7gss2cd4mnug4jc5uel6xflyzw8csmlsjrqg,171000000,
a0f5acf400f30a6d4d98096d1527cd344e45c9f2ae6d0b717d36a98c15fe72f3,2023-12-13T06:54:12.844000,received,kaspa:qypj4mpmfnmte39866f8ttexwhf0z3vql0qnz3agfmtgjdqjrfdg6mq6dfv0rpk,171000000,
7609e8765561d62f18ff5f7826c9143e86d89a5f82fb8387e79256fb8eefdeb2,2023-12-13T06:52:17.659000,received,kaspa:qyp09jwvzzyp0g4fdep2d2fekeh7gss2cd4mnug4jc5uel6xflyzw8csmlsjrqg,171000000,
80a56f98bd0933dcca4f0e740cd5e1ee94b04fbcd90875323a27963547f82e82,2023-12-13T06:50:25.580000,received,kaspa:qypxh795z50lqe9u3fqnmlwyw7fjgw5xsd0ey6ltg0t3qwvhfpuqakgrgux5h9d,171000000,
e9c9a1db9f06b0950cecea876a3860db6e4e6864da51e63fb4a3bb09b7cbe5c1,2023-12-13T06:48:21.110000,received,kaspa:qyp2y2afskgrk04gsaktpgcwqs50g3ucp9k6yw3gzq383zlggeqm7dgpuu0kdj9,171000000,
b07cfdecae493a11da1e1e9a992167675beb2f461a3afe73da57c6461c870e3a,2023-12-13T06:46:25.102000,received,kaspa:qyp2y2afskgrk04gsaktpgcwqs50g3ucp9k6yw3gzq383zlggeqm7dgpuu0kdj9,171000000,
12379992c9a017590b34d92f861d81b7be45f16691db8a09b96291a130282fd3,2023-12-13T06:43:16.699000,received,kaspa:qyp0m9genxg0q72e6ejem4nhu6nv8mya886g76ays3s8q9499nnj0dc0wepjlw5,171000000,
ba036e55f012063c0162f497822980f5903de8ab8577f88ad755c563a447a09f,2023-12-13T06:39:37.042000,received,kaspa:qypdv6v6mdm8sme0ryuw06axg22uqz3szzrs3jdadje2z2uqszhgm2q6rvux8k8,171000000,
4f8ddb9584f841c52ff8d98c03c344fc0dcff31e5462e99f2d7527820bd376b0,2023-12-13T06:34:00.835000,received,kaspa:qyp3tqm6gwk4ysnttvtq2haz8ffmpd62mcjj5dcz9jqg3lm58jpxrrqya7l88kj,171000000,
4f0ed729261e1312148ce01948eee08c47c23161e21a17f9457362df20da9759,2023-12-13T06:32:33.464000,received,kaspa:qypwcme2wrftxsx5v9j6gtqcdt6lekdmlgny7uy2c65g58usa2pknqch006uh92,171000000,
74a7f196ea691b818e898dc2f5950f4f0dd0830fbbcea1679039298530ff2655,2023-12-13T06:30:24.632000,received,kaspa:qypl86lat3lsadpv20ywkl4he24sj5klmvdsm4k30ndlmyq63g8fcaqgn725vdv,171000000,
545c840c88637f364614c7ac4c1eb2c4ec4855efcbf39e1f25604ca3b5a8267c,2023-12-13T06:28:19.909000,received,kaspa:qyp8vk4us67xk78zu9yc3x4ptl9xff3vg820vvqzx7gec6nk62jl3pgfp3h7hy4,171000000,
734d893cb4ca17a6659a6d0009ba76e71110fb088ad27d863b972700f8df4902,2023-12-13T06:25:41.078000,received,kaspa:qypl6a6nm0hqlpqz5k628yrc59vl9gpx5ulqwxsr36pua75u9gevxhgq8nrc0km,171000000,
a3fc79c765f9d0c8232d26b2830bbd89174f9caacfcd86385e030c47718a4ccd,2023-12-13T06:21:21.591000,received,kaspa:qyprcjlnm6na4u2gkg476zv2qyl0vqvwssyj8zqrfxsvk0k8vyaha5stj42hf4h,171000000,
228c70655a7577a81a9a33603b9706e03dbb5e82ed8d9a6b63508217d4480c9e,2023-12-13T06:14:14.002000,received,kaspa:qyplygdysxukhd27ua75kjvmvs8j04dz0apehqpgudgez74zym5jauqpt8f52gc,171000000,
9d44b62a2b1b2abd8977ef7904bdddf55a6d2f0bedd2093c0f5b12b0677d77c9,2023-12-13T06:05:52.211000,received,kaspa:qyplygdysxukhd27ua75kjvmvs8j04dz0apehqpgudgez74zym5jauqpt8f52gc,171000000,
3eb0e77f52e318dbde6232a7505791553c10132d95f653f4b715d9e185195542,2023-12-13T06:02:43.302000,received,kaspa:qyp70qht6pjqk2yl6cwl2n296pgcnwmtj8w0clcle08m5p8yu4tg7kgvv4n0qrg,171000000,
b88c70b8aa4733a5c6366d23327328bcb10f06883d8f01afdfaa31d6a7c07941,2023-12-13T00:20:48.316000,received,kaspa:qypswxtcrv4ssyjaswy5w9387vq73mkuyq85tl34cee6qn5uexqy0csgnafnjx7,171000000,
20261d8e51889780444c4850fc3461e7f0d0f4138df5beef21bff197999c6737,2023-12-13T00:09:11.060000,received,kaspa:qyp09jwvzzyp0g4fdep2d2fekeh7gss2cd4mnug4jc5uel6xflyzw8csmlsjrqg,171000000,
71974945d5a4cefa59110553bffeba8f45408bbda47d8130058d4651fb04bd58,2023-12-12T23:32:26.592000,received,kaspa:qyp09jwvzzyp0g4fdep2d2fekeh7gss2cd4mnug4jc5uel6xflyzw8csmlsjrqg,171000000,
ddc377b091f965d7789fc944bee58d3462348e97904c2c937607b770d61f617b,2023-12-12T23:00:32.925000,received,kaspa:qypdv6v6mdm8sme0ryuw06axg22uqz3szzrs3jdadje2z2uqszhgm2q6rvux8k8,171000000,
205c877266c916e850be317f88283b32b709daaa2ea97c0a50d1032e7e9aec90,2023-12-12T22:22:22.956000,received,kaspa:qyp8vk4us67xk78zu9yc3x4ptl9xff3vg820vvqzx7gec6nk62jl3pgfp3h7hy4,171000000,
1b9eeb3ebf1990d620fe2d2f335a0f8e0a0ee9304f6cb436612cc75ca749b9de,2023-12-12T22:03:11.349000,received,kaspa:qypj4mpmfnmte39866f8ttexwhf0z3vql0qnz3agfmtgjdqjrfdg6mq6dfv0rpk,171000000,
842fd3d1bcdd7862a09f776ea7f26faa49d31f017c0ba00eeb9db46c53e4dedb,2023-12-12T21:58:53.871000,received,kaspa:qypj4mpmfnmte39866f8ttexwhf0z3vql0qnz3agfmtgjdqjrfdg6mq6dfv0rpk,171000000,
f987b0980bc26830c9dca359f96f36c80f2db87c5fb27bff7a2d5726cf2063ef,2023-12-12T19:04:31.344000,received,kaspa:qyprcjlnm6na4u2gkg476zv2qyl0vqvwssyj8zqrfxsvk0k8vyaha5stj42hf4h,171000000,
5d35dc1278b4599cb4dd11917de8c7f422a0c7a08d4cd3db202cb8e567aa909e,2023-12-12T19:00:53.913000,received,kaspa:qypqhwaag39ahn934e9njgp5uuzr7zxgcwtqpzwrkehmxrgl608urmg4e9n5dh0,171000000,
d151ad5ffc8f4af2102dd4133def74fea2fc23ca00a1cd820591fd2a3d2401b1,2023-12-12T18:54:42.814000,received,kaspa:qyp0jd37dhx6sqrr682y6cme89gjn4quzpeuuu3y9c82drvcpnecjjcssx3qp4x,171000000,
795fe93dc0014274f794077b0cef97f09a270c79ee615e8bd46831b6e664cb3c,2023-12-12T18:50:54.485000,received,kaspa:qypl6a6nm0hqlpqz5k628yrc59vl9gpx5ulqwxsr36pua75u9gevxhgq8nrc0km,171000000,
ddde9b0ed54628097b15c3b3604cd5d502737b95cbcd4659dda7889abdbb43ca,2023-12-12T18:43:51.333000,received,kaspa:qyplygdysxukhd27ua75kjvmvs8j04dz0apehqpgudgez74zym5jauqpt8f52gc,171000000,
1bbfe1ae14383a08b4c5b9eab343cd720a785987170bf1228bbcff0782b3b16e,2023-12-12T18:35:48.411000,received,kaspa:qypl86lat3lsadpv20ywkl4he24sj5klmvdsm4k30ndlmyq63g8fcaqgn725vdv,171000000,
e1f0764c24b1bde6fe81cd8303191361e9d94d55d633435662a090ff992fd04a,2023-12-12T18:28:56.928000,received,kaspa:qyp2y2afskgrk04gsaktpgcwqs50g3ucp9k6yw3gzq383zlggeqm7dgpuu0kdj9,171000000,
0c531b08a7a601b7645f3abb3ba8e353ccbb24cb989c6e03590bd659275367a1,2023-12-12T18:25:05.345000,received,kaspa:qyp8vk4us67xk78zu9yc3x4ptl9xff3vg820vvqzx7gec6nk62jl3pgfp3h7hy4,171000000,
a4b7b9bd7317b7c595dba102c4089ffa70d4cf3929506402f256054974df0b3a,2023-12-12T18:20:38.893000,received,kaspa:qype3mfd4s9y9lvc9qfprut60upxh2p2d424sq3ahymsg40m3yyhnfgpgyqxkn7,171000000,
003c43e45a519c4bf41d1de350420ed53f43323d4e2e8e3b58bd84789414f09c,2023-12-12T18:03:34.830000,received,kaspa:qyp3tqm6gwk4ysnttvtq2haz8ffmpd62mcjj5dcz9jqg3lm58jpxrrqya7l88kj,171000000,
89848f6d4d4444d03d10daa3f13cf3b01d178777571c98eafeb5353088a024aa,2023-12-12T17:57:13.997000,received,kaspa:qypl86lat3lsadpv20ywkl4he24sj5klmvdsm4k30ndlmyq63g8fcaqgn725vdv,171000000,
62e23494340a22640c23554e77b03ef7d26f6b1981466e2467a00d583d25d6e9,2023-12-12T17:52:27.423000,received,kaspa:qyp7pdnl7lcvupjaqrq07jgytn27yctey22a0l4hj6yy6w8ujauzzeg3wyd5jt4,171000000,
e814881f9bf25fe03e585d68dbc5c370448b3f2ff20563db0925252f6a1d291a,2023-12-12T17:44:46.065000,received,kaspa:qyp3tqm6gwk4ysnttvtq2haz8ffmpd62mcjj5dcz9jqg3lm58jpxrrqya7l88kj,171000000,
464072278f3f73b282e0b3e9c1910fd7755b840f18663a8aa074ea6397e99bfd,2023-12-12T17:38:42.582000,received,kaspa:qypxznxgupa8eac5m4a9tyzuaja0eguaas4q5aje0378z4yypf3u3rc34prk2qn,171000000,
30466e0263ab2c8b3825c7d706177dccd84053f7e7e9eea5e0dc8f5480820710,2023-12-12T17:24:52.444000,received,kaspa:qyp0jd37dhx6sqrr682y6cme89gjn4quzpeuuu3y9c82drvcpnecjjcssx3qp4x,171000000,
d286f428ad294345b18ecafc9ca68c1d9ab304997e30b554c452eb6bc23094c4,2023-12-12T17:18:29.114000,received,kaspa:qyp70qht6pjqk2yl6cwl2n296pgcnwmtj8w0clcle08m5p8yu4tg7kgvv4n0qrg,171000000,
a8f67f6400a6bc103a6a9e15412c48c33143c25e96445a863416536be56476aa,2023-12-12T17:15:40.391000,received,kaspa:qyp09jwvzzyp0g4fdep2d2fekeh7gss2cd4mnug4jc5uel6xflyzw8csmlsjrqg,171000000,
35b9c783717e204424dd5463c7a5eee204df85f4884e58050236f2114d8192fb,2023-12-12T17:13:09.523000,received,kaspa:qypxznxgupa8eac5m4a9tyzuaja0eguaas4q5aje0378z4yypf3u3rc34prk2qn,171000000,
31f0970b24461df844c86222c4e40f49efe7249c0684b175f7d9c6735280e426,2023-12-12T15:12:40.109000,sent,kaspa:qp2n8m859p79cdutmrjhafn92sw77xz30wz6s8vh440hrd2qrsvxjcwzlla2p,1538910000,
31f0970b24461df844c86222c4e40f49efe7249c0684b175f7d9c6735280e426,2023-12-12T15:12:40.109000,sent,kaspa:qp2n8m859p79cdutmrjhafn92sw77xz30wz6s8vh440hrd2qrsvxjcwzlla2p,1538910000,
31f0970b24461df844c86222c4e40f49efe7249c0684b175f7d9c6735280e426,2023-12-12T15:12:40.109000,sent,kaspa:qp2n8m859p79cdutmrjhafn92sw77xz30wz6s8vh440hrd2qrsvxjcwzlla2p,1538910000,
31f0970b24461df844c86222c4e40f49efe7249c0684b175f7d9c6735280e426,2023-12-12T15:12:40.109000,sent,kaspa:qp2n8m859p79cdutmrjhafn92sw77xz30wz6s8vh440hrd2qrsvxjcwzlla2p,1538910000,
31f0970b24461df844c86222c4e40f49efe7249c0684b175f7d9c6735280e426,2023-12-12T15:12:40.109000,sent,kaspa:qp2n8m859p79cdutmrjhafn92sw77xz30wz6s8vh440hrd2qrsvxjcwzlla2p,1538910000,
31f0970b24461df844c86222c4e40f49efe7249c0684b175f7d9c6735280e426,2023-12-12T15:12:40.109000,sent,kaspa:qp2n8m859p79cdutmrjhafn92sw77xz30wz6s8vh440hrd2qrsvxjcwzlla2p,1538910000,
31f0970b24461df844c86222c4e40f49efe7249c0684b175f7d9c6735280e426,2023-12-12T15:12:40.109000,sent,kaspa:qp2n8m859p79cdutmrjhafn92sw77xz30wz6s8vh440hrd2qrsvxjcwzlla2p,1538910000,
31f0970b24461df844c86222c4e40f49efe7249c0684b175f7d9c6735280e426,2023-12-12T15:12:40.109000,sent,kaspa:qp2n8m859p79cdutmrjhafn92sw77xz30wz6s8vh440hrd2qrsvxjcwzlla2p,1538910000,
31f0970b24461df844c86222c4e40f49efe7249c0684b175f7d9c6735280e426,2023-12-12T15:12:40.109000,sent,kaspa:qp2n8m859p79cdutmrjhafn92sw77xz30wz6s8vh440hrd2qrsvxjcwzlla2p,1538910000,
9ff8700a0f4e7d42134736e610778d9d1f8f554c0752b530ce5fe5e5563b6fb2,2023-12-12T11:35:29.789000,received,kaspa:qyphjdfspkrm9wh3vhcwrjvgkcp9m8magzyjnrchf54yez3ht9p2rzgf26qpgxz,171000000,
743326ad8dca940c9022bda9302a652dc93dab7524c9ab4ccd2c6b718fcba4fc,2023-12-12T11:04:15.786000,received,kaspa:qyp4shc2j2r2dvsn2kqplylp5dkjav6s89yr5096wfyjr75h5y4q6uq2rg3x5c8,171000000,
77381a0efe4105251ae63f02977a32e923f5bdb418064b88ab716406a3bef2f7,2023-12-12T10:19:33.136000,received,kaspa:qyp0jd37dhx6sqrr682y6cme89gjn4quzpeuuu3y9c82drvcpnecjjcssx3qp4x,171000000,
4a1ef550db97a4f48f75a254e738968b43407ebb42815461660f5a7502f2486a,2023-12-12T10:16:07.550000,received,kaspa:qypxznxgupa8eac5m4a9tyzuaja0eguaas4q5aje0378z4yypf3u3rc34prk2qn,171000000,
f110041232cf44db23b01dd95c8499a6239b8ddaf09b1f0ec6296d3fb96b892e,2023-12-12T10:01:47.614000,received,kaspa:qypwcme2wrftxsx5v9j6gtqcdt6lekdmlgny7uy2c65g58usa2pknqch006uh92,171000000,
e51e6b0346efc245e0adfc01ed3948a1fa1f9bb8b02d19b53b3ff2d747a4c831,2023-12-12T09:43:15.124000,received,kaspa:qyp09jwvzzyp0g4fdep2d2fekeh7gss2cd4mnug4jc5uel6xflyzw8csmlsjrqg,171000000,
d6d53132baa929f6671c88a08b454bf8b7de54873f0411af697ec1afd4d5aefa,2023-12-12T09:37:49.662000,received,kaspa:qype3mfd4s9y9lvc9qfprut60upxh2p2d424sq3ahymsg40m3yyhnfgpgyqxkn7,171000000,
4ba8c742d543557936976741c59e317a527d3378ae9acd254979a323328e6bab,2023-12-12T09:24:24.119000,received,kaspa:qypqhwaag39ahn934e9njgp5uuzr7zxgcwtqpzwrkehmxrgl608urmg4e9n5dh0,171000000,
8e19873265cb3d4a7a63fc41f1c6ba9407c4e988b67422bde6226ee3f4677225,2023-12-12T09:20:12.403000,received,kaspa:qypkgqkmfhc6flcfwlh05dep6cgx686vnuszmee3sm262t808k2eazcjmalx6k8,171000000,
f1cb2be5295e30908680839ec44f6568cd510515c4f54feca06b74415301ad4b,2023-12-12T08:23:17.270000,sent,kaspa:qp2n8m859p79cdutmrjhafn92sw77xz30wz6s8vh440hrd2qrsvxjcwzlla2p,4274750000,
f1cb2be5295e30908680839ec44f6568cd510515c4f54feca06b74415301ad4b,2023-12-12T08:23:17.270000,sent,kaspa:qp2n8m859p79cdutmrjhafn92sw77xz30wz6s8vh440hrd2qrsvxjcwzlla2p,4274750000,
f1cb2be5295e30908680839ec44f6568cd510515c4f54feca06b74415301ad4b,2023-12-12T08:23:17.270000,sent,kaspa:qp2n8m859p79cdutmrjhafn92sw77xz30wz6s8vh440hrd2qrsvxjcwzlla2p,4274750000,
f1cb2be5295e30908680839ec44f6568cd510515c4f54feca06b74415301ad4b,2023-12-12T08:23:17.270000,sent,kaspa:qp2n8m859p79cdutmrjhafn92sw77xz30wz6s8vh440hrd2qrsvxjcwzlla2p,4274750000,
f1cb2be5295e30908680839ec44f6568cd510515c4f54feca06b74415301ad4b,2023-12-12T08:23:17.270000,sent,kaspa:qp2n8m859p79cdutmrjhafn92sw77xz30wz6s8vh440hrd2qrsvxjcwzlla2p,4274750000,
f1cb2be5295e30908680839ec44f6568cd510515c4f54feca06b74415301ad4b,2023-12-12T08:23:17.270000,sent,kaspa:qp2n8m859p79cdutmrjhafn92sw77xz30wz6s8vh440hrd2qrsvxjcwzlla2p,4274750000,
f1cb2be5295e30908680839ec44f6568cd510515c4f54feca06b74415301ad4b,2023-12-12T08:23:17.270000,sent,kaspa:qp2n8m859p79cdutmrjhafn92sw77xz30wz6s8vh440hrd2qrsvxjcwzlla2p,4274750000,
f1cb2be5295e30908680839ec44f6568cd510515c4f54feca06b74415301ad4b,2023-12-12T08:23:17.270000,sent,kaspa:qp2n8m859p79cdutmrjhafn92sw77xz30wz6s8vh440hrd2qrsvxjcwzlla2p,4274750000,
f1cb2be5295e30908680839ec44f6568cd510515c4f54feca06b74415301ad4b,2023-12-12T08:23:17.270000,sent,kaspa:qp2n8m859p79cdutmrjhafn92sw77xz30wz6s8vh440hrd2qrsvxjcwzlla2p,4274750000,
f1cb2be5295e30908680839ec44f6568cd510515c4f54feca06b74415301ad4b,2023-12-12T08:23:17.270000,sent,kaspa:qp2n8m859p79cdutmrjhafn92sw77xz30wz6s8vh440hrd2qrsvxjcwzlla2p,4274750000,
f1cb2be5295e30908680839ec44f6568cd510515c4f54feca06b74415301ad4b,2023-12-12T08:23:17.270000,sent,kaspa:qp2n8m859p79cdutmrjhafn92sw77xz30wz6s8vh440hrd2qrsvxjcwzlla2p,4274750000,
f1cb2be5295e30908680839ec44f6568cd510515c4f54feca06b74415301ad4b,2023-12-12T08:23:17.270000,sent,kaspa:qp2n8m859p79cdutmrjhafn92sw77xz30wz6s8vh440hrd2qrsvxjcwzlla2p,4274750000,
f1cb2be5295e30908680839ec44f6568cd510515c4f54feca06b74415301ad4b,2023-12-12T08:23:17.270000,sent,kaspa:qp2n8m859p79cdutmrjhafn92sw77xz30wz6s8vh440hrd2qrsvxjcwzlla2p,4274750000,
f1cb2be5295e30908680839ec44f6568cd510515c4f54feca06b74415301ad4b,2023-12-12T08:23:17.270000,sent,kaspa:qp2n8m859p79cdutmrjhafn92sw77xz30wz6s8vh440hrd2qrsvxjcwzlla2p,4274750000,
f1cb2be5295e30908680839ec44f6568cd510515c4f54feca06b74415301ad4b,2023-12-12T08:23:17.270000,sent,kaspa:qp2n8m859p79cdutmrjhafn92sw77xz30wz6s8vh440hrd2qrsvxjcwzlla2p,4274750000,
f1cb2be5295e30908680839ec44f6568cd510515c4f54feca06b74415301ad4b,2023-12-12T08:23:17.270000,sent,kaspa:qp2n8m859p79cdutmrjhafn92sw77xz30wz6s8vh440hrd2qrsvxjcwzlla2p,4274750000,
f1cb2be5295e30908680839ec44f6568cd510515c4f54feca06b74415301ad4b,2023-12-12T08:23:17.270000,sent,kaspa:qp2n8m859p79cdutmrjhafn92sw77xz30wz6s8vh440hrd2qrsvxjcwzlla2p,4274750000,
f1cb2be5295e30908680839ec44f6568cd510515c4f54feca06b74415301ad4b,2023-12-12T08:23:17.270000,sent,kaspa:qp2n8m859p79cdutmrjhafn92sw77xz30wz6s8vh440hrd2qrsvxjcwzlla2p,4274750000,
f1cb2be5295e30908680839ec44f6568cd510515c4f54feca06b74415301ad4b,2023-12-12T08:23:17.270000,sent,kaspa:qp2n8m859p79cdutmrjhafn92sw77xz30wz6s8vh440hrd2qrsvxjcwzlla2p,4274750000,
f1cb2be5295e30908680839ec44f6568cd510515c4f54feca06b74415301ad4b,2023-12-12T08:23:17.270000,sent,kaspa:qp2n8m859p79cdutmrjhafn92sw77xz30wz6s8vh440hrd2qrsvxjcwzlla2p,4274750000,
f1cb2be5295e30908680839ec44f6568cd510515c4f54feca06b74415301ad4b,2023-12-12T08:23:17.270000,sent,kaspa:qp2n8m859p79cdutmrjhafn92sw77xz30wz6s8vh440hrd2qrsvxjcwzlla2p,4274750000,
f1cb2be5295e30908680839ec44f6568cd510515c4f54feca06b74415301ad4b,2023-12-12T08:23:17.270000,sent,kaspa:qp2n8m859p79cdutmrjhafn92sw77xz30wz6s8vh440hrd2qrsvxjcwzlla2p,4274750000,
f1cb2be5295e30908680839ec44f6568cd510515c4f54feca06b74415301ad4b,2023-12-12T08:23:17.270000,sent,kaspa:qp2n8m859p79cdutmrjhafn92sw77xz30wz6s8vh440hrd2qrsvxjcwzlla2p,4274750000,
f1cb2be5295e30908680839ec44f6568cd510515c4f54feca06b74415301ad4b,2023-12-12T08:23:17.270000,sent,kaspa:qp2n8m859p79cdutmrjhafn92sw77xz30wz6s8vh440hrd2qrsvxjcwzlla2p,4274750000,
f1cb2be5295e30908680839ec44f6568cd510515c4f54feca06b74415301ad4b,2023-12-12T08:23:17.270000,sent,kaspa:qp2n8m859p79cdutmrjhafn92sw77xz30wz6s8vh440hrd2qrsvxjcwzlla2p,4274750000,
1ee5b2a424cb021c37972ac50539b5e2a2df89ffdfd2ec6216e5a41b89e92e59,2023-12-12T07:44:01.594000,received,kaspa:qypxh795z50lqe9u3fqnmlwyw7fjgw5xsd0ey6ltg0t3qwvhfpuqakgrgux5h9d,171000000,
435e1c7a4c092eb2e5a6f7024f172c7193a5f7eb3790a708e96e3c215d9bc10a,2023-12-12T07:39:53.356000,received,kaspa:qyp7pdnl7lcvupjaqrq07jgytn27yctey22a0l4hj6yy6w8ujauzzeg3wyd5jt4,171000000,
4f3399ec9fbe6a24e3560835378a8ff7367fa7c894946d154911311ebf191c70,2023-12-12T07:27:19.596000,received,kaspa:qyprcjlnm6na4u2gkg476zv2qyl0vqvwssyj8zqrfxsvk0k8vyaha5stj42hf4h,171000000,
00ac2326d9cc2c38361a68f835ffe9e060d6e1baa639325de102b371c3c4c82c,2023-12-12T07:17:22.992000,received,kaspa:qyphjdfspkrm9wh3vhcwrjvgkcp9m8magzyjnrchf54yez3ht9p2rzgf26qpgxz,171000000,
ac8d492199bad37480e46ffe14177b3495d33a49ff4e50aff76dd6d33424b76d,2023-12-12T07:03:13.420000,received,kaspa:qypj4mpmfnmte39866f8ttexwhf0z3vql0qnz3agfmtgjdqjrfdg6mq6dfv0rpk,171000000,
d3a959d058542e7eb6919260357aeae02dde6ebe386c53dc1351eeeaddeba156,2023-12-12T06:58:16.345000,received,kaspa:qyprcjlnm6na4u2gkg476zv2qyl0vqvwssyj8zqrfxsvk0k8vyaha5stj42hf4h,171000000,
fb8c7fb33990afab75b8d89d5f1f2db2cdc9801c4d3f1fd822a15a0ac2829729,2023-12-12T06:51:38.313000,received,kaspa:qyp8vk4us67xk78zu9yc3x4ptl9xff3vg820vvqzx7gec6nk62jl3pgfp3h7hy4,171000000,
eb9648fbf1b6fbbd1574425031b1905567547a790e2fdb97228edce815f05182,2023-12-12T06:48:28.199000,received,kaspa:qypkgqkmfhc6flcfwlh05dep6cgx686vnuszmee3sm262t808k2eazcjmalx6k8,171000000,
d57d2b29057458cb1d25289b7cd9a73a57e18275a96534547aa256cc766b3001,2023-12-12T06:42:53.538000,received,kaspa:qyphjdfspkrm9wh3vhcwrjvgkcp9m8magzyjnrchf54yez3ht9p2rzgf26qpgxz,171000000,
75138fd310f9e925b5d10cb4bc5be80ad5069dbf6becf0eadd024b4072b92414,2023-12-12T06:31:44.688000,received,kaspa:qyp0m9genxg0q72e6ejem4nhu6nv8mya886g76ays3s8q9499nnj0dc0wepjlw5,171000000,
969707712b3dbe2020b03a98148a5df26e62f2048ac3ebdfc950dedb7f6619ca,2023-12-12T06:03:16.749000,received,kaspa:qyprcjlnm6na4u2gkg476zv2qyl0vqvwssyj8zqrfxsvk0k8vyaha5stj42hf4h,171000000,
dcc5abc5c29563530c0710e7a31d10269062ce312994260f1427d88f5243f933,2023-12-12T05:57:11.556000,received,kaspa:qype3mfd4s9y9lvc9qfprut60upxh2p2d424sq3ahymsg40m3yyhnfgpgyqxkn7,171000000,
26c70fc7275b6599bb85eb72f17947984e4889a58e19a7c14e56d02aa7f839a9,2023-12-12T05:50:45.129000,received,kaspa:qyp0m9genxg0q72e6ejem4nhu6nv8mya886g76ays3s8q9499nnj0dc0wepjlw5,171000000,
e934cde66b63ff9e090b70db5a1aff7909efa93847520e19faf8d9ceaa6a6f3a,2023-12-12T05:46:04.864000,received,kaspa:qypxznxgupa8eac5m4a9tyzuaja0eguaas4q5aje0378z4yypf3u3rc34prk2qn,171000000,
06d3c93669d7314a1c1d820c11b43eaeb00bae05b43524228b3036ad38d0c878,2023-12-12T05:40:24.704000,received,kaspa:qyp9pslfu0q8wn2h0psl2k0dnexe5n68ydj72dl76ws6xslaxp475zgp2323uud,171000000,
6c3b179e9102bf2345db4a36840d20a93a19e229f025514423d966e553b47bfc,2023-12-12T05:30:18.763000,received,kaspa:qyp0m9genxg0q72e6ejem4nhu6nv8mya886g76ays3s8q9499nnj0dc0wepjlw5,171000000,
86cc81a65ee70b8b2f5e759626373bcaf3ebd5bc776c32842c950e9b096103a9,2023-12-12T05:26:09.189000,received,kaspa:qypxznxgupa8eac5m4a9tyzuaja0eguaas4q5aje0378z4yypf3u3rc34prk2qn,171000000,
5462991b2d566921505e091682020345b7ee0a8bede5b706678972d449067a7b,2023-12-12T05:19:47.274000,received,kaspa:qyp09jwvzzyp0g4fdep2d2fekeh7gss2cd4mnug4jc5uel6xflyzw8csmlsjrqg,171000000,
c6b783c0fb91b5ca026591a44535e4b455055adaf462a76199c5519607161571,2023-12-12T05:05:04.877000,received,kaspa:qypkgqkmfhc6flcfwlh05dep6cgx686vnuszmee3sm262t808k2eazcjmalx6k8,171000000,
86434763a85d1b0c54a413cff851541b4f787370157f5574a8cbed7406c5a8ae,2023-12-12T04:58:21.713000,received,kaspa:qypswxtcrv4ssyjaswy5w9387vq73mkuyq85tl34cee6qn5uexqy0csgnafnjx7,171000000,
3e14a27aac69cccee6352599822a66d60e1de2702fe362b206c202d728d90422,2023-12-12T04:48:29.056000,received,kaspa:qyp0m9genxg0q72e6ejem4nhu6nv8mya886g76ays3s8q9499nnj0dc0wepjlw5,171000000,
b7ff19d808ee57a141970d7158f3b9e3d35c0b7528b43918c1e31e92174c8114,2023-12-12T04:45:07.317000,received,kaspa:qypj4mpmfnmte39866f8ttexwhf0z3vql0qnz3agfmtgjdqjrfdg6mq6dfv0rpk,171000000,
b83908c09286a4d5414c1375202eb577dd207bcf8ce0473923ad33914428ebac,2023-12-12T04:35:30.941000,received,kaspa:qyp9pslfu0q8wn2h0psl2k0dnexe5n68ydj72dl76ws6xslaxp475zgp2323uud,171000000,
a9e642fa3c50ab4393c0c1d98a10193f6c96efc82140c613fd87a8f7da5cbdc9,2023-12-12T04:31:20.386000,received,kaspa:qyp09jwvzzyp0g4fdep2d2fekeh7gss2cd4mnug4jc5uel6xflyzw8csmlsjrqg,171000000,
f590bdfde0032c42ea8e0b0f50d31c137c5ce218e5d378be67df822b5a3fba12,2023-12-12T04:25:52.520000,received,kaspa:qypswxtcrv4ssyjaswy5w9387vq73mkuyq85tl34cee6qn5uexqy0csgnafnjx7,171000000,
29b247c677ef4fb58297e1f750849acf25935ecc971cf4d973409642963b6ee4,2023-12-12T02:13:08.439000,sent,kaspa:qp2n8m859p79cdutmrjhafn92sw77xz30wz6s8vh440hrd2qrsvxjcwzlla2p,854950000,
29b247c677ef4fb58297e1f750849acf25935ecc971cf4d973409642963b6ee4,2023-12-12T02:13:08.439000,sent,kaspa:qp2n8m859p79cdutmrjhafn92sw77xz30wz6s8vh440hrd2qrsvxjcwzlla2p,854950000,
29b247c677ef4fb58297e1f750849acf25935ecc971cf4d973409642963b6ee4,2023-12-12T02:13:08.439000,sent,kaspa:qp2n8m859p79cdutmrjhafn92sw77xz30wz6s8vh440hrd2qrsvxjcwzlla2p,854950000,
29b247c677ef4fb58297e1f750849acf25935ecc971cf4d973409642963b6ee4,2023-12-12T02:13:08.439000,sent,kaspa:qp2n8m859p79cdutmrjhafn92sw77xz30wz6s8vh440hrd2qrsvxjcwzlla2p,854950000,
29b247c677ef4fb58297e1f750849acf25935ecc971cf4d973409642963b6ee4,2023-12-12T02:13:08.439000,sent,kaspa:qp2n8m859p79cdutmrjhafn92sw77xz30wz6s8vh440hrd2qrsvxjcwzlla2p,854950000,
3f3902923b3ef7943180acccd07f4892dbd857f6f3220e78cee8eb5b885d47f8,2023-12-12T01:00:50.379000,received,kaspa:qyplygdysxukhd27ua75kjvmvs8j04dz0apehqpgudgez74zym5jauqpt8f52gc,171000000,
8e44872d46886aa686c44d8332fc0489458d170d1ac203f9ef13de9b21fa9377,2023-12-12T00:55:48.482000,received,kaspa:qypqhwaag39ahn934e9njgp5uuzr7zxgcwtqpzwrkehmxrgl608urmg4e9n5dh0,171000000,
320971dffc74e12743c4993ae7ee08985e950ee71de7240ee82685ad5fe88e70,2023-12-12T00:52:41.260000,received,kaspa:qyp0m9genxg0q72e6ejem4nhu6nv8mya886g76ays3s8q9499nnj0dc0wepjlw5,171000000,
0d3d2af6453f05f1fc74a10539c215cb951e4d03445658971af5a8376d384c2d,2023-12-12T00:52:16.150000,received,kaspa:qyprcjlnm6na4u2gkg476zv2qyl0vqvwssyj8zqrfxsvk0k8vyaha5stj42hf4h,171000000,
5397c7a009de67f3d92cc20a13be1339d8cd01a2d03af7ead4cfdb4df0f9cc76,2023-12-12T00:47:54.620000,received,kaspa:qypswxtcrv4ssyjaswy5w9387vq73mkuyq85tl34cee6qn5uexqy0csgnafnjx7,171000000,
bef7dd3b02bd4b623da51680496e7254a41c98b604deb29e98486e37848f42a5,2023-12-07T07:10:40.042000,sent,kaspa:qp2n8m859p79cdutmrjhafn92sw77xz30wz6s8vh440hrd2qrsvxjcwzlla2p,512970000,
bef7dd3b02bd4b623da51680496e7254a41c98b604deb29e98486e37848f42a5,2023-12-07T07:10:40.042000,sent,kaspa:qp2n8m859p79cdutmrjhafn92sw77xz30wz6s8vh440hrd2qrsvxjcwzlla2p,512970000,
bef7dd3b02bd4b623da51680496e7254a41c98b604deb29e98486e37848f42a5,2023-12-07T07:10:40.042000,sent,kaspa:qp2n8m859p79cdutmrjhafn92sw77xz30wz6s8vh440hrd2qrsvxjcwzlla2p,512970000,
33faac77a417b92e3c6e9ef26b84b52e6018d18946bda63352225fd5d606d612,2023-12-07T06:41:58.211000,received,kaspa:qypxznxgupa8eac5m4a9tyzuaja0eguaas4q5aje0378z4yypf3u3rc34prk2qn,171000000,
7f3d7af6824be7e54b700d084af387110c129f4ade0400bab0dab072a73d2a5d,2023-12-07T06:33:24.501000,received,kaspa:qypj4mpmfnmte39866f8ttexwhf0z3vql0qnz3agfmtgjdqjrfdg6mq6dfv0rpk,171000000,
c982010cc13be74e3edd639f4294668d68b0712ba2b9ab95e7ed6a750c09e754,2023-12-07T06:28:52.541000,received,kaspa:qypqhwaag39ahn934e9njgp5uuzr7zxgcwtqpzwrkehmxrgl608urmg4e9n5dh0,171000000,
23ef1336881d7b0b1defee01b82b9d1b9ae8957e138e190255697672d675b07f,2023-12-02T12:40:44.343000,sent,kaspa:qrts32raw8h700mqzcud3u66q6hv7ku3mhv422mv83v4zfl906rvckpj4nfx4,4783028998,
23ef1336881d7b0b1defee01b82b9d1b9ae8957e138e190255697672d675b07f,2023-12-02T12:40:44.343000,sent,kaspa:qrts32raw8h700mqzcud3u66q6hv7ku3mhv422mv83v4zfl906rvckpj4nfx4,4783028998,
23ef1336881d7b0b1defee01b82b9d1b9ae8957e138e190255697672d675b07f,2023-12-02T12:40:44.343000,sent,kaspa:qrts32raw8h700mqzcud3u66q6hv7ku3mhv422mv83v4zfl906rvckpj4nfx4,4783028998,
23ef1336881d7b0b1defee01b82b9d1b9ae8957e138e190255697672d675b07f,2023-12-02T12:40:44.343000,sent,kaspa:qrts32raw8h700mqzcud3u66q6hv7ku3mhv422mv83v4zfl906rvckpj4nfx4,4783028998,
23ef1336881d7b0b1defee01b82b9d1b9ae8957e138e190255697672d675b07f,2023-12-02T12:40:44.343000,sent,kaspa:qrts32raw8h700mqzcud3u66q6hv7ku3mhv422mv83v4zfl906rvckpj4nfx4,4783028998,
23ef1336881d7b0b1defee01b82b9d1b9ae8957e138e190255697672d675b07f,2023-12-02T12:40:44.343000,sent,kaspa:qrts32raw8h700mqzcud3u66q6hv7ku3mhv422mv83v4zfl906rvckpj4nfx4,4783028998,
23ef1336881d7b0b1defee01b82b9d1b9ae8957e138e190255697672d675b07f,2023-12-02T12:40:44.343000,sent,kaspa:qrts32raw8h700mqzcud3u66q6hv7ku3mhv422mv83v4zfl906rvckpj4nfx4,4783028998,
23ef1336881d7b0b1defee01b82b9d1b9ae8957e138e190255697672d675b07f,2023-12-02T12:40:44.343000,sent,kaspa:qrts32raw8h700mqzcud3u66q6hv7ku3mhv422mv83v4zfl906rvckpj4nfx4,4783028998,
1736f3bddb8119ee439e54aebc4fe59cdf66c9a702d90b1e8ef5081ba2df8863,2023-12-01T06:53:19.261000,received,kaspa:qrf24hykyz53vuhsywelc0dskhjlmr7eqq0v3ds979p7d63mwtn4s2s32auln,148610000,
ed6eb1faf4ce17fcd6ae4f6b4b26e3c616bd89ac1e0641c68070533d5aa63097,2023-12-01T06:52:57.041000,received,kaspa:qr5w2aytdcwnq4f0auee3p4uegpmkajyet4w9924tqc3uh0zsnn8k27l0ndks,221112000,
bd95a9693b0e07ddedc79b5d7cb199a97ea0479490779d201c047101ec49100f,2023-12-01T06:52:23.475000,received,kaspa:qpcvn227x4nc6tkl9ec42vlcp4qsrcpp3243wwpjk50uvfu06s2eq46lhxdh2,197488000,
0de9fa520969e71c97eee0fef284c22bb4d640e9a7f31ae6c01c2e8d4c10a13b,2023-12-01T06:52:06.033000,received,kaspa:qpthc5cm6z9z0c8y0hr2pascpwmm8lwfjc70cyyd2yclwtp2lvx4zwtz5j6c2,394690000,
11d00ca345d0bed93726a650dccca466b28eb191b4787736a69a6f23a5260296,2023-12-01T06:51:20.437000,received,kaspa:qrfz7774zaq97xlmjf7lkecc0t0v75w4ea6n7p7gxqpgxzm5tkq2kzp5eem54,344530000,
1a915d2bd49138a560de5c4ec525848691e6e9ac6ee1c80bd0a88ad5c41efe82,2023-12-01T06:51:03.696000,received,kaspa:qr5gvz36lk7gry3zlhccckwfzy2gan0avumtnpeydslxdk608mmy6zs7yz8dz,164440000,
1d1808bdd3a38cf438f54450e8655f58ba7bb032c9baf904a76bdce6438ac1b9,2023-12-01T06:50:48.023000,received,kaspa:qzcsqfe9n9mj8ggh7x8df2hgsu0dz2fmr7ptx5t599cgh6nc5qn9jtuxu7slf,158450000,
7c7bd41b9764855a2683097599fd39ddf9b43760e07de0ef5fcd76ac87810c39,2023-12-01T03:47:22.382000,sent,kaspa:qyp4ckps6skfaejc23mfcf4rulshy523rn7trgp3cer2jvwkpjgjgvs9rvr64uq,18000000,
ac71d5d064558bbf4680a5024070cd0daa81c1a0dca131ef6507f670a2b44fae,2023-12-01T03:35:53.405000,sent,kaspa:qypgm9nkkyaemrc5642sq55d6nmzwfmen2sccaeq59ssm073j05jj7cuuduts8j,18000000,
5c2e93b10c60eeeeb2732f2e3c057aa03ad688f567d50add7e99c831b66437e4,2023-12-01T03:23:42.970000,sent,kaspa:qypwv33m8mx250td20tcel6m7c4km2hwruxzq2cvgn08gd3ssl6dntcxxj8qzyj,18000000,
7dfdb3efb50661a6ae3e323d23d4c64eb8af9abf9517b101984e426cc3ba1252,2023-12-01T03:15:45.621000,sent,kaspa:qyp4fzk9x06elvy45ttyclgk7j78fnattavc4hsp3htxsm9l4qd2pec4huqaacl,18000000,
a00575f349c3384ffde6c207837b218ce60a93b70a79b31d8d59d4044e04c984,2023-12-01T03:09:29.906000,sent,kaspa:qypvnycal3x3agtgyw4qxhfspl9dtdcug060q26p2wc9f6ljqk43l5q3xgky4es,18000000,
5aa3c46d4ab7b3afdc4e0fb4292da4a479fa525d8c8d84037ca34617c2da405e,2023-12-01T02:49:43.190000,sent,kaspa:qyp7gynpkyrf63drn8nh7rllsj3vk5duhxffa9cej665llsy84nhfrqv9ug4jxu,18000000,
164feab611f37716fdc9e4b03e8f6c99ce77d9f4e6b959d46a58dce376d15a7b,2023-12-01T02:40:40.548000,sent,kaspa:qyplczwwfnhvy0cmgs8evg5g5wlcc4cklgvqv62c3747wjz43stpmds3stvfdfs,18000000,
ed9ba45c2414d68b559f2eb5a6efaf2718ac8cb084962644c917571b0fa9f9b1,2023-12-01T02:33:58.262000,sent,kaspa:qyp5wf57v2kffg2wkla0j786mlnnk4g2rnzssexh5ncwsmfe4va89mcpajtwmv3,18000000,
833fc517248b5a3671d92d11f7eba497ef6b4d9898191b0bd98ac30936d0c022,2023-12-01T02:25:00.756000,sent,kaspa:qyp63qgzpp5d5q8wgf6snw90vc2ljvf0cv39dna59gnxwfx9hpyqhhqr6cllzk9,18000000,
d1578ff32f874d081dd847d09ca779fcbec68d58eaa0521530f9ad6aec33a801,2023-12-01T02:16:31.961000,sent,kaspa:qyplfwtu045gh28tp2jmvvnjwupjx39c4hpqpfr4lqtp77vxn2kqwyqpwxd3mt3,18000000,
bcff6bdeca2e7cf021402ce0fe6df5856d68ceb278f7cfbed2f12468fa25acd7,2023-12-01T02:04:57.757000,sent,kaspa:qypmng8yulw69vwwunstq0d3tv0m4704kpg37sz7tgg3uuxndjl468cpgdlrjvl,18000000,
5162e6928205f7fa8c759cf5b6a0000e211527d2a83dd3780e28495c72c7742b,2023-12-01T01:58:31.176000,sent,kaspa:qypl04j7utp4ha64fczuqpke37rz05fcd725w5v64gmkjn9uln8zd9sguhc3t6s,18000000,
55b7a36495e92f3b00f06a68ff655651ac92302884d773b08feaf182a94aaddd,2023-12-01T01:49:48.972000,sent,kaspa:qypammyrnkqcat6adkx5n4z70xyw9jzul2l4q8nekced79has7e7mwcd00l8xuv,18000000,
8bead54a8a645da097535f4499ec91438a63c71ff0e405d077bffe6ef620a6e9,2023-12-01T00:26:41.087000,sent,kaspa:qypd29rgmy3c5ua890r8j583k98dgparqf8sqf4fmjc0gtshnkyyweszzcuj7tr,18000000,
f522163af5ca52a46aea1f3f1e77cf190885b8d6da330a415f0323185e203718,2023-12-01T00:20:29.403000,sent,kaspa:qypajmjy59lnatuda3ure8e5xwlvfsp8xd8976q2eursrgsaw9u5c6gwtjcuzcm,18000000,
c1c85116c152e02d325c090b0a88e016cc31ca0496a39c7f93d329baa6027068,2023-12-01T00:15:07.703000,sent,kaspa:qypuy6w3jar6y4ndruaruwpyylwst3pmmkya6zvz8dqt3p9vqzv3s4quh6wc827,18000000,
a0e92a65a18a08c49dbb4c6132957299f6d71f13e2514d2312318760b9a13ba6,2023-12-01T00:08:26.477000,sent,kaspa:qypr2mugvlqczp09zeykqmlexqqwmp6kkkeax8lurfjux5t4wrk9adsq690pda0,18000000,
97e7163081842962aa061aba0273b771f32ab077952e91deddad73ef6d5cece3,2023-11-30T23:59:44.127000,sent,kaspa:qypt4rw9amj2v9pctpajypxa05f67a5x46r0axazhu78j459etkmrtqgm2f74yj,18000000,
76c04559fe7a3abeb155c26d8369e131146eeaf9dd5f12b2a6330269cd4c6dad,2023-11-30T23:52:09.937000,sent,kaspa:qyp52tla250x5rnswff9yl9kpvfnhgthj2apaxh98djluzy94dq92ecv6vkvv7e,18000000,
ee90cdd31ad7acb7c168d3ca6ab0b6574d8aa3265bb021aa29316632e8215b75,2023-11-30T23:43:16.669000,sent,kaspa:qypq4c8fes4hcj3tue22hqc4q9mkz2dlk6aj0qzy6thqvwtadcawadg3rvwa629,18000000,
38d856ce07587e8f8b2753e882820eb738f976303da9bb890315dc7a98c4ba8b,2023-11-30T23:35:56.737000,sent,kaspa:qypueyz6yuqjjwj29wg7rjd2qwycn4s8wl4t2glzjvfe8v3fl28hvqqeltmnsgs,18000000,
69d3dc71fa9c9b1b40692524ef8eb9263fa314521361be5c57c3bd0c4140ca23,2023-11-30T22:19:19.487000,sent,kaspa:qyp0cmcuw34wast0xc65gcymt4gf5rs04r7p7hl6fhk0qyasxn7excqcz2fjxzt,18000000,
1b0eb3368e8402251efb8e25da829b07beadd1043d29c67c4daf8c97fb5c367a,2023-11-30T21:33:58.257000,sent,kaspa:qypx7l0uygurfwtxr2famjlry2evun7ru42zp5y9j0makf9khg4lugck232tna9,18000000,
371f7059376897d395af005e62721e502da1b048c100d7a41221f5a3f0262acd,2023-11-30T21:28:19.676000,sent,kaspa:qyp7cv4hs9q9gpp2z2607z5zv5fs7tlsvw4wxnknhwyp3cpwzrlallsh5vck7d7,18000000,
8cc5acbebaa53c1eedd46212ae4c01edb3657786cb5b2ae66c5be5e5ec62f235,2023-11-30T21:23:01.660000,sent,kaspa:qypwe0w4grj37rp6hcpqslr4c6ap9q86v5cvz36jl38jcq5k99x268sgnwk6qee,18000000,
c10d155127e386f115659297cc3fb2843e27074b4b0362562c44d128ba558abd,2023-11-30T21:17:05.425000,sent,kaspa:qyps5amyxxa9003xnamjmmfr2z24zvuc95gt9fpsag4r7j9edqcmujsuv6mvcz7,18000000,
d046b75c9ad85bf884e0118738f585bbda0c9200d4b3fa0957a2c8a2879999d6,2023-11-30T17:46:12.315000,sent,kaspa:qypge6mg8e4t0ytclcehc059xtk5lz4m2j7awvsnarqkuahxjp40xxgppujz5wq,18000000,
2f0bf3d0f768b2bed209d6449cae7b40283d52a04c58f1e43a3ac28a78ea95cc,2023-11-30T17:40:11.546000,sent,kaspa:qyp6f0duq7ek8e4w5mluupctvkr9y2tcswn3pt82jsujjjmuueu384sj90p7evp,18000000,
ba77ff4835b4c9f221117825681497ff8d9bb02517dab66abb83813f5acd9000,2023-11-30T17:33:51.745000,sent,kaspa:qyp625ncrwy7t54ch0ud9jwgqu06j9p65cfl6jkvtcm25vw9kdzfu5grrsm2239,18000000,
a5266800e564cb3710e78991a31d3cefc8df36673c1f89afe5687118c0c5a93b,2023-11-30T17:26:59.065000,sent,kaspa:qypeeqelj0fewzg592dav099xh0xnncyja8gwwan0gqka5n3q62ws5g3xae255z,18000000,
3daa78d99ca115d5ba87ccb3c715d6bd5b322eaa354806732aba576a873c10b4,2023-11-30T17:20:47.781000,sent,kaspa:qyphwgtx0knf9vz5763dxkap7k22uaf7q4l7ftartn0r6u9lzxul2eqra2eqhqt,18000000,
1793661c77d66000b2b79a8ff56396784a9df57735900a31fae1e7b39a0d9734,2023-11-30T17:13:18.600000,sent,kaspa:qyptg9um3hvnq952q9rhuaxrwmahj8lrutyhfgls40ahnqfug6rxkjq74jtsr9h,18000000,
3dd8f70e59558780ae5e5cc789a0189537dc5210d4556967fe97eec2c11a3eec,2023-11-30T16:49:48.726000,sent,kaspa:qyp056fzw4r9r28qzr0k36l43v3x2wfhlklprdynl46y2gt6t5e8cecpgt7e6lt,18000000,
f17508a0c31f76a88db573364ca493cfaa7b5b8a43d20ba718144df37a83461d,2023-11-30T16:40:44.454000,sent,kaspa:qypxzjg49wjnc83ndx8c6z27nhtuky3xvm446s6zl6xgjxn8v55532q3ltd4l4v,18000000,
e3956b49fffb80597982c4819465d60b9983b2d0ffd7cf4436d8921f95047446,2023-11-30T16:33:58.287000,sent,kaspa:qypfdyk52m7hxetnn64m23n9taesaxkfjc6exspn4t727l5myqhffcgfy53w93j,18000000,
b308f2c229604bbdb96252ca275da30c9363e363d0fc9a3351299a97f0dff54b,2023-11-30T16:27:46.545000,sent,kaspa:qyp8z0repzu3m3lv7tx4w9egx7r5rsk260tjq8hyuhh2l5hyzql39ysa4cper26,18000000,
c1cab964bb91b732164fc869beeec9e6b21e810e7d418f5f36fdddd1965293d6,2023-11-30T16:22:53.248000,sent,kaspa:qypjexn0j9z22x7ztsjfav27j829s7zegzhgkt3t7wwzfm0wu0hksvgnd4x2va2,18000000,
d515ff4ec2386bc5eff5b7149045cbe383b67477056af670b69cbfd14688c551,2023-11-30T16:18:35.059000,sent,kaspa:qypll7arjh5mn7f7yyzndtxt2326gx00j2wk02uj4c7fkgvh483k5zg56ey4t4l,18000000,
62b1ec6290e0a0702cbd4988b633f8e66438c09266921aa8daae4941a38cbef4,2023-11-30T16:12:57.964000,sent,kaspa:qypj0ww4t77ve0ptrs5qr5wqrkv4ac80ex9m8k94xwl9039d7p8xvcqa29vujv9,18000000,
0822e9befb3d45991e782800c51396100b71ff267c94b88fd0092a78d56b6aeb,2023-11-30T16:07:14.108000,sent,kaspa:qzcsqfe9n9mj8ggh7x8df2hgsu0dz2fmr7ptx5t599cgh6nc5qn9jtuxu7slf,700000000,
7c136f46446e185ab37eec3770e0ba37a6cd9c6f858d24078de1c1180d52f355,2023-11-30T16:01:45.053000,sent,kaspa:qr5gvz36lk7gry3zlhccckwfzy2gan0avumtnpeydslxdk608mmy6zs7yz8dz,700000000,
69099eef32dc5fa6a165e986f84afc429383767d34b02f9bc95a8ccc66946f67,2023-11-30T15:57:32.051000,sent,kaspa:qrfz7774zaq97xlmjf7lkecc0t0v75w4ea6n7p7gxqpgxzm5tkq2kzp5eem54,700000000,
f893d21e3505ad3e2028c001c69aed42aa66e32364e645cbfc813d56b2b305a4,2023-11-30T15:52:39.938000,sent,kaspa:qypx8824ytxqayhaz3fqvfu3az960m5lhd88wh2zc57thc7sx6ghekgkrfcpuxf,18000000,
d24fd1fb9f1f58522af4ef49c428cc9d820e4edf2130ad6b0eb2c61f08b0190b,2023-11-30T15:46:39.734000,sent,kaspa:qypphtvrdlv6lsvf7ededtnqtdlhjj8hw7rv7mk7dl8ssjaaxvy6adc6740x3pl,18000000,
273053f86e481df9765598871ae8978c41ba5bedd61ec7a22d1dd596a15648d9,2023-11-30T13:05:51.041000,sent,kaspa:qyplw2er6z4e4ga7tcfw6wvfs58wgq46pgad63s483f2wy7fzsyl4dsjylfvf68,18000000,
1f554479eecaa508cb24a0ff1b217a406ac530c1cc418873ff126eb75d1c7d2b,2023-11-30T13:00:32.985000,sent,kaspa:qyp5y4fa6fszrd42hwa4ag2z778pqtxkwd9at09ucfehaastsqs5mzqpfqgd9ng,18000000,
6b5a47eeed3c4da7ea65ec8121558980260e57c2849f9770abc3883d4a3f9530,2023-11-30T12:53:40.044000,sent,kaspa:qypdk9tfm70txs0jxykepc6c4tr0xmgsep36qtdm5nvhgulmeq70d5g8llgcpe9,18000000,
0719db90c77c8fbe9d6e60f52443690f2c1e8df6d08e23fdaa5175bfeac47fcc,2023-11-30T12:48:18.854000,sent,kaspa:qypju53ttqtmggm7c8teyp6mtga6uxt2uyd7jzt4j6ja9c9nlxvrh2slh245esr,18000000,
3e147f609cd04674c417841e6d0b45f4a1ae217524f9e96e3c01272a63c06e5d,2023-11-30T12:42:09.613000,sent,kaspa:qyp7yswhlyguen3lpew6ktt3r0q36k00zjwkn7r0228c4d6aacn8res9gr9e67k,18000000,
17decc355fe1e64a363d662b6f0f1472979995bbe9d35725bd15cb25a039c0c9,2023-11-30T12:35:45.771000,sent,kaspa:qyp9jgxmaqhax6r94m6wxsca0k7hv3gu83v7ps933wd9wcvq5zx60zcgkurnapl,18000000,
4aab0620d52aa65ec4035b6caacb1e68310701a6173b843947c1a802e364c191,2023-11-30T12:27:24.415000,sent,kaspa:qypew3j8j9lju4axckwz8lz5cshcju0afku4dm66x6seqt7hsy8gjsgpn8mds37,18000000,
531b6c7fef0d1689c495fe1dc0ed3f9200dfe4ecc0ba65fa18bd22032f732c84,2023-11-30T12:21:28.283000,sent,kaspa:qyp63u56jfzynuzn5ft4v0ug2ayx4k2xe98p52v02z7r8a7mvn0gu5syc46zecw,18000000,
e3fbc5696dae9442dc2ba59776e8434fb76d9ecbf8019c4ea206fab9f4af952e,2023-11-30T12:15:16.433000,sent,kaspa:qypznym7n3ktc4ym2733vle5zc9zahllq9yshvcqap8q66cflwpggcg7g7c598r,18000000,
af646a7cb2b7cfd33de0cb078cf5bad7d4e17684c9d1821dcdf9c2f1e9ad2ff8,2023-11-30T12:07:31.872000,sent,kaspa:qypt858fncrq8pkvnnt499mlexws6399zcvt5asmw9dmlnf7kh3zv6g5m2fkv5x,18000000,
720f16ed8e1747220337ce8bcf55f263a10ed66c6088e440a5014abc9c603ff3,2023-11-30T11:57:52.849000,sent,kaspa:qyp8a3svvmvp25ujvwjyf4yq24d5xt8e5ghx75z0a0px05anfhtyqwq5gku9n6n,18000000,
caa6de6a9a7ddad0860c8fb4e191b4f604bc58fdbd422c3fbbbcc28a2f81aa0a,2023-11-30T11:49:21.351000,sent,kaspa:qyp5tf6gaxngrc4sl2w36463dyvpwy3mdy353rfckfdqykpeyy5xxrqr4sf2kqa,18000000,
1e776bde20828a2c0322e0c9e70a38be5034676216aa952042811bbb56208941,2023-11-30T11:41:09.192000,sent,kaspa:qyplrm99fy7wgt3uv5424n0azdxnl74ju5m7ksdl9w0tfzuz8m35v4q2cweu6cg,18000000,
89fade11eabaf35edefd069df61e2f968e42eec659f37adddf97362448443425,2023-11-30T11:36:14.570000,sent,kaspa:qypfr57d5tswthr3753ewny6fy2spxcqq6cjkqtw26yklj353f800kgr0s4r7vr,18000000,
5865590311b560bf00a5b92ac0afa4e7339d2f6f0ac5637aab4a3cff1984a831,2023-11-30T11:27:37.891000,sent,kaspa:qyp3jft2sy6rkxahv0x5s6hqgrfq5hmlhkgyw9sl30kmzghdaj9u8ngmkjrhhdq,18000000,
c51b4e5b0032ec8a1a6811e16f3f6b797148799a54dd36bb7b11ca4ac7e13dad,2023-11-30T11:19:55.327000,sent,kaspa:qypz7vy28dj9lzt5s4xczwslft008yu0junmhw3y6qcj0ytuwzckc6srelqfxv4,18000000,
2c1a9cf850504154f619cdd78c65c71e5ce0f3bfd683d2636caec13608bdb9b1,2023-11-30T11:13:31.878000,sent,kaspa:qyp5e24uv5qhcfh4tsdreyq4dgcr6yyz4ux5w3rp7wvc3qg4u32ksycncprafaj,18000000,
fa001e58a5afa111b0efbdf4c8c5bf429a0c65b1b9542172a6b09f23b7cdeaf1,2023-11-30T11:07:11.576000,sent,kaspa:qypdy94a9v5tk5ql5ye8cm54vd9fa02uv9q3nhazq6ndfqe4v6muxksk8agxzh3,18000000,
07ad1637fce2b0459a3058f24b93facc8c208a4f53fa612e952a71f474ac7754,2023-11-30T11:01:23.823000,sent,kaspa:qyp2smly7wdy5fuslrxsrdpp43m8u0p09wgu6fjyx03huyv6cmvkhtqs7pandmk,18000000,
70a8fcc9856fdc909d57e1cf6a0e5f5bb3edf270ad693526ece41b20d41ea04f,2023-11-30T10:06:58.437000,sent,kaspa:qpthc5cm6z9z0c8y0hr2pascpwmm8lwfjc70cyyd2yclwtp2lvx4zwtz5j6c2,1000000000,
da46a1764d435e6d1209797bc4750aeb00ab3d278269f61967642933acff52b8,2023-11-30T09:44:15.123000,sent,kaspa:qpcvn227x4nc6tkl9ec42vlcp4qsrcpp3243wwpjk50uvfu06s2eq46lhxdh2,1000000000,
ffcb09bc6c4547f7257b1b215646b30b4e8500bb6938feb28b1641e3bad3697b,2023-11-30T09:26:35.334000,sent,kaspa:qr5w2aytdcwnq4f0auee3p4uegpmkajyet4w9924tqc3uh0zsnn8k27l0ndks,1000000000,
03c634b2ec6d77427a5cb850f5c2cb8451184c88bb35fcc033dfbf66460b6ec3,2023-11-30T09:18:32.938000,sent,kaspa:qr5w2aytdcwnq4f0auee3p4uegpmkajyet4w9924tqc3uh0zsnn8k27l0ndks,1000000000,
03c634b2ec6d77427a5cb850f5c2cb8451184c88bb35fcc033dfbf66460b6ec3,2023-11-30T09:18:32.938000,sent,kaspa:qr5w2aytdcwnq4f0auee3p4uegpmkajyet4w9924tqc3uh0zsnn8k27l0ndks,1000000000,
f36e338aaa2c297f58af528eeffb68a8dab8d14162ee1bfc7f9dd308ea646741,2023-11-30T09:04:48.385000,received,kaspa:qpazhpm8qswdme5r62nvt37nq0cmvkd7hwf70j7cpeffkmpr7wy8yple9z0n9,9898962000,
2ae10aacaa379b2b5b52fdbafe5104c34d5fbf4e9d442504b2ce8cdd26c464a6,2023-11-30T07:46:56.668000,sent,kaspa:qypl3p258fwqjyq5zldzty78rung36lzmv9tqru2v9suvlw6f9y6u7s80dx6yfp,18000000,
14a33e10858810f5715f5667e51f603218f7e706a22612b92daafde36d569c17,2023-11-30T07:25:58.738000,sent,kaspa:qypdr6lnrlnm7mqten4llzyqykexd4nrkx37tcs7rpkzh6aewfxsu3gajssr0l6,18000000,
87f460caea6e64f97448c9643c1c14993e960f999764cc457cf2f1a1a3f6bde1,2023-11-30T07:09:53.264000,sent,kaspa:qypk2p45hcgdmwxj8f7dwjappymtrxh0egmnm2rh6ua28aggwh6vnegq4yq4xm3,18000000,
f66c2be08da50935f4ca3f56f692ab50946eea5ed790d1fb0a39021eb376f594,2023-11-30T06:54:39.416000,sent,kaspa:qyp8yjq83xhfjrleqtsme7h87gzry6xzj8kvw0kq95x2q8cvy32cwag0vm5nzfv,18000000,
261e441c1c20df45d174e5d41f2c73730905765fc21f13ec6f973d592fe83034,2023-11-30T06:44:51.352000,sent,kaspa:qypne8h9n733yg4ddgxye3yq70aa99ahc9wz40un27rs0aheyd89dcsj6dfh9uk,18000000,
58ceddb417e11237bf8a7b8156d656fc04a758d98ad14c47686c38f234a9491f,2023-11-30T06:29:47.532000,sent,kaspa:qyplph94q9gjuha3xvsu3hmw8fqgvgkqy8qzzm9ne7qushe8ex3lsnqh72mvcqu,18000000,
c29abfc71fdcae1192963a9a4f20f32d5a6f46208c33ac424c4ec0b7c6ac2926,2023-11-30T06:19:08.363000,sent,kaspa:qyp9rzrp4trj8lcf2um9hzxtryxu6m6zttnr5m3kykrunpd46zxp5ng7sa3d7dh,18000000,
a74d008337c2d1c3249cb2ce60daf92725e5b3e2b737b700e7e8af527833ea79,2023-11-30T06:00:17.792000,sent,kaspa:qypve46uqafy7vsrsh5c8aahl6wge2hfgfkvaymy2htfx0vz3w2vvqqvjt0s6pp,18000000,
3b83738fde137cb5a5db00e43a313661ab795ef892b5066f70814bbada53361c,2023-11-30T04:40:31.231000,sent,kaspa:qypxczqh9gp3n6mlrmmv7s2rc3mwjr0j6ks0rfx4kh9k2l3zq2v4krg9n0nw928,18000000,
909cfddffd8c43ab30a1cc8876a627ac6ca7088934ae703103083225d1b619a5,2023-11-30T04:33:28.150000,sent,kaspa:qyp7sup3ap3gm2qxfjkexj8mmjl56t7e4nsktalr38z0ehf88udlmvgh70tqxew,18000000,
f24583fbe2ad35f9465d4501d866637a4fa01d347c8c286dc409f72a18383890,2023-11-30T04:23:58.176000,sent,kaspa:qyp9swtyax72evvfcf7lez9ltaa9npax3827hyz273t0g2n23k4km5slpqyq0lq,18000000,
4a6b0cd1e01fd25d871d5b2d491daddab86e0f3ca7d0b2e906b2a80f5cb2f9b5,2023-11-30T04:13:24.963000,sent,kaspa:qyppdygnfapvhg5sdenpjnt45p5jteytfpkzez0d6j4t8tfggz2r48sfn25jpdv,18000000,
c35893a9cb4d3e47d4dd10c116df6f1a208dffc9c274a68b93a4ef5858fe3e78,2023-11-30T03:51:02.061000,sent,kaspa:qzcsqfe9n9mj8ggh7x8df2hgsu0dz2fmr7ptx5t599cgh6nc5qn9jtuxu7slf,500000000,
38c13ff7747750f951c3e81d1d3dc8f329251319f2aef820729408ac68e47d31,2023-11-30T03:36:28.320000,sent,kaspa:qr5gvz36lk7gry3zlhccckwfzy2gan0avumtnpeydslxdk608mmy6zs7yz8dz,600000000,
e9615899ac9321fc30b5992b818727a98e6dc3ae15dc6e31838dbfe47d0e3568,2023-11-30T03:25:44.578000,sent,kaspa:qrfz7774zaq97xlmjf7lkecc0t0v75w4ea6n7p7gxqpgxzm5tkq2kzp5eem54,600000000,
831b8e0514e9daadc324ca78df8c19e9203bc94c7db2440fc4bb301eee50347c,2023-11-30T00:32:13.768000,sent,kaspa:qyp6knaue7683vsca7pzfhj0ugx9daecar0nvcwaewenn8ncfemm9mg7nsn6ya6,18000000,
29c13f19286342f7b696e33118530fe76125f59effde4e8a8384346829ca9f7b,2023-11-30T00:25:48.705000,sent,kaspa:qypujy869gwqfj4hk6f4mk0es33u6j73pt5myrmps42ekpc8faa94esdm00mc6t,18000000,
1dc053e67b03a9542f607a3b2e76105307d7b305714602adce06920d7d46755d,2023-11-30T00:20:55.587000,sent,kaspa:qypchfgsk4vlavjyezvltx3h0z6998c8lrfrzklpzncfkzvcw5k5eas3qz8w9qw,18000000,
3ec1df8eef014fd26df9542b7e7c7aa5a82139ec3760524b11d20e4816165f02,2023-11-30T00:14:55.767000,sent,kaspa:qypkal3ge7w325z7gl37fkd92thplwntarh62lpfcdcdfq7ahnj3n3gf7w209ns,18000000,
037cd87efa749626241b39ecfb64efe84738e813dfd2768a92ffcce16d137f54,2023-11-30T00:08:47.419000,sent,kaspa:qyp3gmjt30ywghetwpspceww4ppgxpqha7c0vsr7d3yx3vmz3syc9sgx3cg6yz8,18000000,
cf75d916bcb10f7df5dd847cb6fedea1dbd811b60689ea54e5920e381333dc5f,2023-11-30T00:03:06.007000,sent,kaspa:qypczth2dclffdnvykth0lmfsxh77st87xzzvxu4scesqy0eqwgsv8gs0pm6nsr,18000000,
382d88e06b2d9a93622729915a1a12dd9a045d68a1de8a4863ef39264e55dc5a,2023-11-29T23:56:42.228000,sent,kaspa:qypadpvkh8aha5najgcy927elvpmvrpd6sauq0gcpjq5v8z3s35339cnn3jh7pv,18000000,
defc5fe5dd2c669e410d6b8ce31de9e8bcc410fef918f39a5890f1eaa6982833,2023-11-29T23:50:05.348000,sent,kaspa:qypwnwtmjy30wmzm9rupwmtyv0rdh626p7nsd8refzdtnzg5vgmjhhqjnvpeg0h,18000000,
268a6f7d5a98f214e959ac56ec5277ceb6a0b94f1d1ac79c8203fe961976f30e,2023-11-29T23:44:31.104000,sent,kaspa:qyppq28r83wqnsez673f3hutftxhqvyr9rlce87zxqxx3tjrrm8xj9qr6z03hwj,18000000,
c5d20e10e5728a8cbef9895a5c2d969faeb83f06f3184d94d66bc2146bf9163b,2023-11-29T23:37:49.799000,sent,kaspa:qypum5rza760czyanflvc2legem8mpenq9d3hmp2pjvp34usqzu4nsqvnl9txhc,18000000,
e7adeff61c7afa33de6406dd5e62d01043598228502f5932399ab6b457a785cb,2023-11-29T23:32:17.586000,sent,kaspa:qyp79fzawdff36qcnn58tts8hyxcan2m0n39pdv9d6j9c9hk5zpamdsck8nheru,18000000,
17c15e16314d66c8e3ab9e21831da38f3d6e53fe8fa62ab57a434f11205f6d9a,2023-11-29T23:23:42.437000,sent,kaspa:qyp79qq40dwnq907jkdlh5he0gjt78686pkhlql6yzj7xzqfgk63lncjmqznp7e,18000000,
f463fa17016ca1f0063b34e661b9cc5409ada69810eb878d1bfaaa9aa7bc8177,2023-11-29T23:17:59.366000,sent,kaspa:qype2tensganepaff6uz5qcr8ucc3p2na6kxw0p4s47pqz7z84fdn5c8rzqyryr,18000000,
04a0223d353bf14c5d44885a8045bf25eb04cb118e33de69320df30f83b30601,2023-11-29T23:12:21.004000,sent,kaspa:qypc9pfyq3k4l9ffje9p2wtp9slcsfc8njwcq98s3455chz9uhy0jsct5l9d3zf,18000000,
4be867b0e7786efca8c2b662c46deac4740d9b75730a5af19a999f98b6a5ce97,2023-11-29T23:06:45.598000,sent,kaspa:qyppe79j74jycjfqk5y5gm0wsze5xt3f68mfevwmuyjv2uvrtzhrupghc4drqmv,18000000,
324e1a51dd70c31a5a836e0f7ac726887877b5550bf3e6a6f3ee66e8ace8a5c3,2023-11-29T23:00:43.406000,sent,kaspa:qyp3ddp6yjydsdmd0ynrqkypqd4ek7utncv9dcr002kh0qz087y3uqqnk3rzumg,18000000,
5989f2a172d304f96eae9e9e13bf984fec4eee1db947e5afba198c7695b41212,2023-11-29T22:50:12.352000,sent,kaspa:qypnx9sj9fs7gg4sjk0rangdsd30svwycru4hmgrgtl9qeefd4kjhaq8qgmnxa6,18000000,
0bdf8a7ff4e9c34c06d386a0dd646e9b3c205a250d7cf7a6236fb13fca8e50d0,2023-11-29T22:36:39.346000,sent,kaspa:qypkpdj87ze243nf6s36926p5y24qx6wtpwqc234p2l3n9sefqgq2vq3rn833zd,18000000,
c46c71a3b18a4f68f5de0e80e92b166520318c79c42351bbd840069e4991250e,2023-11-29T22:26:51.417000,sent,kaspa:qpthc5cm6z9z0c8y0hr2pascpwmm8lwfjc70cyyd2yclwtp2lvx4zwtz5j6c2,700000000,
5f03f7c08c240c3f8b0359eb915efbbf3677715e6a3d1016b411ef6da266823a,2023-11-29T22:20:14.067000,sent,kaspa:qyptqnxr43p3z8cjr7jkn7adm9xuuu8hu20lzqewkmj98l2dqhcc02gnxljshl6,18000000,
4e158baa50266aed5cb075f6783ea980700bca8bf78d699dac2f68d23ec0209d,2023-11-29T22:12:46.858000,sent,kaspa:qypfprsm7najzk7znmlm53fj855zpjufvztrz5svavfgvy9r05mvjdsfk5u8d7v,18000000,
9dcef62c912a16940726faa0f6ff83499c6c4615179d96f839a917949d18cd59,2023-11-29T16:03:50.598000,sent,kaspa:qypruhkuj9fjq0pl95dmullfx0nyxsgxxs4dv2ymvgyg0xvgnvg85uq2dmpp7gf,18000000,
9e05c69347808681fca8b22aa9a9a95f78d3ceb1154b1c16c5aba13c74ef6747,2023-11-29T15:52:03.415000,sent,kaspa:qyphkrq68hdj5sz6a5k825lup0s3sqew3awrnevmggc43cw4x542tncdzp2mxzy,18000000,
e384df70962a459be761670e1a86b719191e739044c6d751d78943b76f7c59ed,2023-11-29T15:10:53.785000,sent,kaspa:qypgqlrvhqtgejehcd4zp44nh0a2076hlpp4jz585l24frvjktu0u6gwg4uusyh,18001000,
af1b60dfbcd3c05478acbedf686db7fe9bf61a5ed0269a70879e0a41a4afd867,2023-11-29T14:42:04.224000,sent,kaspa:qyp3tfh65amej2qxxehy0r9ac467srjlf5nt6mnzevzh53gkuux46kggurm3rtk,18000000,
76f97a36025f5dcc4edd0dfc8e7d73956bddd7691a706089034978c0ff89b8ac,2023-11-29T14:16:28.104000,sent,kaspa:qypghm83zjnz9mvqfj77mlnpmruyxdlul7atcn5uq5zrrl02ft6mc8qx0cpl4et,18000000,
888e6f695ad254a5ae89bedfad47f4798db8cb2cf53da19ef77276204d0e2a89,2023-11-29T13:49:58.872000,sent,kaspa:qypgacghvgzsx089gwrgjdnr2yywx07pnffwsmmmhtvr8r8kud6wklcgqkqt4mv,18000000,
9ef5917d44cbc48918babdb8509520d1f8751700d843459c85995add8b3615bc,2023-11-29T13:31:15.863000,sent,kaspa:qyp0wxh2s0tzsnewm8mmhrfqwsxnj2huclqqk4cwpau4rllq9lcmg2q2zclyw3x,18000000,
31436bcb3d79d307621bf72012e20e6188e6d1b5fc1d7d6d1c5bd59f0a4c613e,2023-11-29T12:41:46.596000,sent,kaspa:qpcvn227x4nc6tkl9ec42vlcp4qsrcpp3243wwpjk50uvfu06s2eq46lhxdh2,700000000,
716117aeffb4db25af8e7fb70747787ae94af042c29a705ca24ccb1c01c144c7,2023-11-29T12:11:20.675000,sent,kaspa:qr5w2aytdcwnq4f0auee3p4uegpmkajyet4w9924tqc3uh0zsnn8k27l0ndks,700000000,
1cab8bc1c1d01e033962dc9d52c0de3a8ed46fffd95e23a6fc9aa14566b80629,2023-11-29T11:58:22.669000,sent,kaspa:qrf24hykyz53vuhsywelc0dskhjlmr7eqq0v3ds979p7d63mwtn4s2s32auln,700000000,
7aebe8ddc974be61ccbc4eb58f95636380798afcdd58028a6d7c173316a4d5fa,2023-11-29T11:50:15.656000,sent,kaspa:qzcsqfe9n9mj8ggh7x8df2hgsu0dz2fmr7ptx5t599cgh6nc5qn9jtuxu7slf,800000000,
6e6d4b022711da35527514d9716de49d5f38af2c808ff4c61d95dd67a5326f66,2023-11-29T11:10:21.544000,sent,kaspa:qrfz7774zaq97xlmjf7lkecc0t0v75w4ea6n7p7gxqpgxzm5tkq2kzp5eem54,800000000,
057b102e3d9e20f84633b0dcc82bc0919d0e809283ee29543b3d771c8315f7a8,2023-11-29T10:58:46.407000,sent,kaspa:qr5gvz36lk7gry3zlhccckwfzy2gan0avumtnpeydslxdk608mmy6zs7yz8dz,800000000,
057b102e3d9e20f84633b0dcc82bc0919d0e809283ee29543b3d771c8315f7a8,2023-11-29T10:58:46.407000,sent,kaspa:qr5gvz36lk7gry3zlhccckwfzy2gan0avumtnpeydslxdk608mmy6zs7yz8dz,800000000,
4c3bf1aeb1ea37683f4f58aeef44919bea5d511e92a180756e23ca86760180d1,2023-11-29T10:57:35.387000,received,kaspa:qqwm9lnp7xjdxnnj6ax5xav4jea0rp9td9dqfjj7h0tac7cv77xhguupamaxj,7384002000,
cf81230ecefd5c1762c998c85de957c993003e772c0764940f977fdfbbad6196,2023-11-29T08:24:13.067000,sent,kaspa:qyp9vr420ufg9xjgkaqmuxvhrpm9xr09zzlenvwq007ppjny935t75q7sgqs0y2,18000000,
48a0a36d72aa2df2a8556d7356cf825120a2ebd4bb92b536fc679f4a075fd5e7,2023-11-29T08:17:33.939000,sent,kaspa:qyphhxjseg7uh9kf5kw5s2e20zwe09a9mwxkkjp7ypfns4p8tndutwca40d8lm2,18000000,
89440fac581d94f654983e19711f03f76ac7cbb7007392a63daaf5eece13e8c0,2023-11-29T08:09:57.005000,sent,kaspa:qypn4z3fuxqh7u2hjcdhe0v7vd93aq50wzul8hqgdcs3xa4mnlzw9ugsh98reca,18000000,
3491fc88bb89340ddce8a707f977fc319d3c77493f12e159958b4aa54207586f,2023-11-29T08:01:15.306000,sent,kaspa:qyp57e93zvap4dy25ns83ezux03zs5lf565v90mqze38y5ydltlm6wck30pyzp7,18000000,
f093f8c978691d62aad7625e49a837a5ba7def390bee6964042f112f44e46827,2023-11-29T07:51:00.848000,sent,kaspa:qyp5trh6xalfcv4rujdc9zqmr3cfazqswcvzx6rmuuuuwmpx8jmepwgfu7e8l2z,18000000,
a6b3bcbdc4bc50ec08bbd0c699f5f68863baa50f54b202a5cecb7c335fb73b1e,2023-11-29T07:39:45.190000,sent,kaspa:qypwwxdw4r0jm7ytqh0l3sxhefamz45qlax235w5zwkrmk6qrhrzvpqnhlv55hj,18000000,
f942d510ab468e5082d9d4725643b2cf6632c11f7ede4232adbc2fc53af90d1e,2023-11-29T07:29:10.861000,sent,kaspa:qypw63cwaqjnkkzasvyspt4rajtdvrymkwdedjzsnsdacs7a23vv8qgpljg4g3t,18000000,
bae04c6078e1c97649fa51a2d53161a3fe658e5163482c46353ed92f2e5d28fc,2023-11-29T07:21:33.559000,sent,kaspa:qyp0mend5qsk8m84mze6awdufy2zqfsdz7d8nud0mp8r8v36q84g9xs3w29k0ew,18000000,
ff1eb894edf9a8cfa288b0ba8e0a24a9fb96b09f04557b292ee7b8f9b94d53ff,2023-11-29T07:14:41.004000,sent,kaspa:qypjqv58x03kpwrlhhemtpux67uspv2sede4ss5tgq55rkaur3qfj9qmtddsqfr,18000000,
0693d5112d63a42d67db8425b184ae3614696dc59a09bf082bf58a81d1bf1549,2023-11-29T06:44:43.886000,sent,kaspa:qyprzk7pey04kz3pqmvzfq554te73c6hlfdrt8c9qtpt7czr8wapndgk7h83us8,18000000,
ffcce57e83eea8a77014950e8942848552118323bfae76e8eab09d233e52f83c,2023-11-29T06:34:28.553000,sent,kaspa:qyptkcearuywr09wecmfyjlshwvf69h4se8kv67nd2cpv9rwgs2n0ec77dckxvy,18000000,
2b432f7e4ba80bbeff2ee3dbbf655ec8435fb7f65353adee3023b9e972911ee3,2023-11-29T06:25:14.782000,sent,kaspa:qypn7rwgfdarax3dhx9k45tjnh50hyzxpfg32t3whpvu95qwemkk48csnya7em7,18000000,
2f1247a9e7f228370457d4c6ddb2346c18d4c553d28ea2ee8405797e3fcb5563,2023-11-29T06:14:16.778000,sent,kaspa:qyplk4em6l66hqn4ddp9vut4xnm5e7fc3qfu0gyw4dthdgsehje55zc7dfmry2f,18000000,
6b9508b08fcc11011c635625e9d9c95f5a8909b6d3dba2be7c6baece413b02de,2023-11-29T06:04:22.946000,sent,kaspa:qyp45larue2xthg0yv40na6gd58djvjwgl5jy2wjqp4pv60dx8x2pqqne7kmlfe,18000000,
34a32f3174f6a4df9f0d1fe18e2f87b51a708c89a32ac479029ce4e138fe5a7f,2023-11-29T05:54:42.595000,sent,kaspa:qypn5mehjgcnz9ewvylyf8a8y49wr630scszdkyakklqza8urdz907gftvyj8wn,18000000,
fcbf54d4fee70b9b1ff846c62c5aba16b4d3ddbdd88c4037fdb11e5148f8a880,2023-11-29T05:44:45.051000,sent,kaspa:qypscju69ql9m24hjv5vl6fj27lxarct250e4ar8gxyywv8mfx95v8gkzef0qfg,18000000,
b75b6688edca1d06607ef74355a4f9052a10d9b55e2d6790afcc58720d1b4d17,2023-11-29T05:35:36.026000,sent,kaspa:qyph0sw7tvu5zlufa5mcl00qzhycgf62866h2ma8dmtpnczcuut7xtssmwn8su3,18000000,
b666049e75859d3f313380421e68884e2629f242399c0d195d7b8ade1629a37f,2023-11-29T05:27:23.826000,sent,kaspa:qypvjhll23u5vg5632mahhhul6adaqhgkc38pszlzs3773x24ajq3wsls7g89u8,18000000,
609f03d890ba86d61378ebd58ae525f2268b011629701a3f23f5f5c071b32e5a,2023-11-29T05:20:56.526000,sent,kaspa:qyp8j5ph2fgf3fxdsf6q8xwzawlj7rw3a5392r6l90klnakx0rvjxvgkyw887hp,18000000,
3eccf9c1578b01d302ff84c85c0f4e34c764aadb750b3be3e2ebd7e2495823fe,2023-11-28T16:03:11.910000,sent,kaspa:qyptxrtchjmetpz0le2s0u6ylklufn4zkvlq47kanqxp22cxkzcc9wstu8dne79,18000000,
ca9c47e438f158dc1d509ceb5d0d0dfa91a94c94c74d45e7577475a17309f39f,2023-11-28T15:42:23.615000,sent,kaspa:qypuk2qa44qmxwm0825uzhxanrh7gmyr5m6n20rcqddahncsp9he5ccy68lr0gj,18000000,
7808a3019de499aa6b8cbb342a01f67c0adce96ae45efcfc15d48ca761d15922,2023-11-28T15:26:42.432000,sent,kaspa:qypkgk077z2fqy9rf9qk5rvfqm63jc6c9vhr0vlqqsh9yun7jjywdhgw22w5ts6,18000000,
19cdceb3780f0428a8a9ec864653e5bd4165b15f22f419bc9f1347fb3a407b84,2023-11-28T15:03:30.370000,sent,kaspa:qypsvxum4rprfxk2ufa2d2mqy889s79ekcu2aq6e5p58varqmxqzwacep72dza5,18000000,
90da2b8e52d577a21213b4fc8fcbcd1f9452dbdd16be2396c8452f3068a4300e,2023-11-28T14:30:47.805000,sent,kaspa:qypvusulw8g26amn0558mhhavafuf7vxsdjejjpvl306j07cxe4txlspwmneu7a,18000000,
ce98fcebf416923910548aae99764e78071ced307ee4d91b968c203a961e9821,2023-11-28T14:17:13.809000,sent,kaspa:qypdsv6ddzkg0pp8fvds0psjxsjvmzny4dk0gkwsau5uhcv7mskfc6c64stlkx2,18000000,
32e7897a8c77cc46550deebf77dc7309ac49f19d163fe9581c4183f94f9735ee,2023-11-28T13:55:11.140000,sent,kaspa:qypg736v6sqpe2lyzgjg02s2rt42qm4zeg8smg9ultylyhxspsgxnns9y9sch73,18000000,
1fa1d8ba42502316842d636e1882df9dcfa8487d8c0ca0997b108410b93bcb88,2023-11-28T13:42:06.737000,sent,kaspa:qyp4evk788m0fsmt0j24dckunnhnvaugaqf382szsnkx4helfstrftqt5vtnrj4,18000000,
7e7428035dc8710ef9af44432c02544746ede38809c1b03fed79770edf25bbbf,2023-11-28T13:27:42.967000,sent,kaspa:qypl0fa6astlps5yyjmhyl3htkgspd600ayqd6m0k0dlhfjcm0vp7wc3pj92swe,18000000,
b8dce2f6cb21fa31e2b6bcd31e48f4c4e5d3665516d56c5acbde28f249415687,2023-11-28T13:19:38.635000,sent,kaspa:qypnk5hpqgkqlvdy3s8m7yq3kdf4mrs9j7xhgents7rtwtfy46fcxsqcwalug8v,18000000,
9c1a5896222e92817ad36be287ac48814e0ca59ade6495f64e8e72e1b43e5ad4,2023-11-28T12:13:09.779000,sent,kaspa:qzcsqfe9n9mj8ggh7x8df2hgsu0dz2fmr7ptx5t599cgh6nc5qn9jtuxu7slf,900000000,
aca6736db2a99269ccd77ff93fbc244637ded944b051c5bb5f0480a6e68552b3,2023-11-28T12:06:41.817000,sent,kaspa:qr5gvz36lk7gry3zlhccckwfzy2gan0avumtnpeydslxdk608mmy6zs7yz8dz,802000000,
55360e45793aa5b832397e7829d83adbc75d7c0e3a54728dae8f393b456476b1,2023-11-28T12:00:08.107000,sent,kaspa:qrfz7774zaq97xlmjf7lkecc0t0v75w4ea6n7p7gxqpgxzm5tkq2kzp5eem54,820000000,
f8fba2e8e33e646f803c301d17560885a26f92d1b45e269d34b888c1bbc2128e,2023-11-28T11:52:28.799000,sent,kaspa:qpthc5cm6z9z0c8y0hr2pascpwmm8lwfjc70cyyd2yclwtp2lvx4zwtz5j6c2,850000000,
d7e6cbad1086bdf8d25700fed0027bbb205b2b309cabfbc38120cbb2dacf8ad3,2023-11-28T11:40:19.996000,sent,kaspa:qpcvn227x4nc6tkl9ec42vlcp4qsrcpp3243wwpjk50uvfu06s2eq46lhxdh2,800000000,
c19078712e100da9120c93b23a03a456f28c277d6351503209ca0992b6423265,2023-11-28T11:21:45.975000,sent,kaspa:qr5w2aytdcwnq4f0auee3p4uegpmkajyet4w9924tqc3uh0zsnn8k27l0ndks,810000000,
6445f761c13483eb7e57677ea6c9c221a11507f4cf5e82640cde017ed56e5be3,2023-11-28T11:04:05.590000,sent,kaspa:qrf24hykyz53vuhsywelc0dskhjlmr7eqq0v3ds979p7d63mwtn4s2s32auln,800000000,
6445f761c13483eb7e57677ea6c9c221a11507f4cf5e82640cde017ed56e5be3,2023-11-28T11:04:05.590000,sent,kaspa:qrf24hykyz53vuhsywelc0dskhjlmr7eqq0v3ds979p7d63mwtn4s2s32auln,800000000,
af37e1534909b71e34527ede2c3f72e7be50a098b7446af521cd14309e009626,2023-11-28T10:07:11.499000,received,kaspa:qr4ke8gawmahrdkew2fgcr6zxr0aynktgv50znutjtfxfhxc22tu2tm3c8jjw,6948874000,
d53b0c00289fcd01f58ed839215bb4b1abf5e4343f440bebc7a67d284e576ec8,2023-11-28T09:51:23.539000,sent,kaspa:qypfutv9ns6v2w8uwzn0p8mrf720egf5p9hh9hlycqtjvetjgmk2lwqnpg8qqfv,18000000,
37289a2aca509c595f50a7fb8eb229d6719992979e442b274444c53eeb109d38,2023-11-28T09:34:37.869000,sent,kaspa:qyprpghj8rt8eknwmjuk6l59m8zeec3z96xf6wqgdm45g2geqemd9jc99kccxlq,18000000,
2a6080424295408651260c11e52c5d12fe4b0232db9def0328054a9cc3047950,2023-11-28T09:09:43.846000,sent,kaspa:qyp8nfvumartnh5k9fc6n28h2advmnzluwy4kfhhwksk4752xzytsgs3j3dgp5q,18000000,
82480a260fbf5d85b3ec5a162dd651fb02da00fb5558f5b7aff40b85e86cb186,2023-11-28T08:49:25.172000,sent,kaspa:qypwjr4ft6zle8n7w0qg3m9jgwdfv95axwr5xjyfyd6m2d7va69pxxs0dxkzfrh,18000000,
0b0a526b67fe6d8612cc2c5e046b60e632cdd7bb8226df6cdfb37abedc1ebdc4,2023-11-28T08:28:16.708000,sent,kaspa:qyprwynyr708mxv0jx7ymmfxjrsqxjmv5estzknp9mzrctv23az87vchgpvrwqe,18000000,
3dc83500d92825bf761a7da57b7879463b014788e1a05ea9d88816a84a63d1de,2023-11-28T08:16:40.569000,sent,kaspa:qyp8cxu9h2k0s2ykqx58g4acge55vcc7k2pt5sx9mauhc7us75awdesqurf6l9q,18000000,
90350d2dbc2c58bcd5e0fc64ebfa5bb227a91a1abfee2c2510d754e1c61589ab,2023-11-28T08:04:05.020000,sent,kaspa:qyp3zl262lpts08dhxrnv6pg6363lfnexxzjhpa4lnqxyfvs6v6n6nctyhvzwta,18000000,
433b0e209485cbc3c7380d0b0ea5f5c72e00e19124ff25b9ba6433dc2f90fbcf,2023-11-28T07:56:52.682000,sent,kaspa:qypea27y7g2hg0xgswuw4xf4etc78mnvl8aq4muvynemcc77rhwzktstltcn4gh,18000000,
de692d3a5219ee082bad754d89cbba14a2b59445f2b43c416aa25be6f0027719,2023-11-28T07:47:49.375000,sent,kaspa:qypnx2e43jk86774p063gfv6kh8npmmuzkgk3p8x6nm2wfk6z6zsuhslvju7zk4,18000000,
345001ceacb64c79bb776a3814103eca8d9a8bdb7ee3499a21cabdf42ba0817b,2023-11-28T07:27:56.131000,sent,kaspa:qypu6m60zrhw2y5k4d4asp76ejlzsfeqcuxzfgmqwfdl7dz7lcf85hqefr3gqjh,18000000,
f1d443e8baf9b6d1bdeed8d599a9b2bd5f850e420d75964b5ae7adc4429610ce,2023-11-28T06:31:18.758000,sent,kaspa:qypf868zahylpfxmtnhwn6pk3jq42nwrdpuwsppvz0knewacq2plhjsa5ul0wtp,18000000,
ed1088c7882c60cef995488515b598bbd31c0510afd93f8b5ab2887afef79d8f,2023-11-28T06:21:09.737000,sent,kaspa:qypgktxqxavhe8wlm6e5mf7h075pfptxatwkq6xh3l7rsux7y4efatgpmkpqeq0,18000000,
5011d8395a4d38af7682ae345116ab1f562a398db66e3336f478ee9cd6b56fe4,2023-11-28T06:12:04.855000,sent,kaspa:qypcxkqa5g25e3j5tyfku2zz6557j24h4rwtss3jx36yz8rve2rpxtsczacn0mh,18000000,
b1f0af99b045afb736eda25b35a928462716479cfaedbb613432ae7b4accd26b,2023-11-28T06:02:22.436000,sent,kaspa:qypj2p9lluxv26gy6ak4zcnhv7gyyxhtea63l2x5nv54lwelatg2sacttglp6au,18000000,
979ee0cddc84e5d71314d5f5cc1a8b4dac415042d39c090f68bea30c3785688a,2023-11-28T05:52:30.558000,sent,kaspa:qypjwwql5rrevy5e5mcq9gl5g99wt8p349qtt5u4pvtt3hr7f0acjasjqssccdq,18000000,
5bd60bcc9c71c9bab2c4520e3e0061fa3fcabb43e0679fbc6cb7e5c6e1dc8ce8,2023-11-28T05:38:30.242000,sent,kaspa:qypqrklpmx26dnqltswwrhjxkr33dyaszzl0wcqqy9r06zu6fcygyscsezgv9af,18000000,
99d7c4d0c061efe1994f93fcd906ebe9e27dfaf1303b944fc4b04c2596cb2634,2023-11-28T05:29:10.906000,sent,kaspa:qypqugwr5aq3k2zeskwm5lynyjuqg0cl6jdhn6cgfle6uql626zjj8q6ky3j30a,18000000,
1882f27c911ddb4cf80c1fd96fb33eb62754e67f893eb10f315748cdbee00610,2023-11-28T05:19:13.125000,sent,kaspa:qypcppkvcjwq8p3kaljm8wpnrlurcc6gwkwx0lgqkqa9ejn3jnvq47gln7mu40a,18000000,
35e3a69bc7f03ab0bd58c482045afe492856347610ab9be5df039078dad47e43,2023-11-28T05:04:20.993000,sent,kaspa:qypfj9f9elp6xgwy5vax66hqkmuusrujks5ga43zdrgw43jwgpwnljsg6z5z9sp,18000000,
c32266a7ef9fe4beca94a6e4e0741c54b3be88cab8118a6c84cf4133a4a77028,2023-11-28T04:52:22.140000,sent,kaspa:qypcsh4unz925sgt9jk6an03d7lje0u5rgh0anrj0tptsqgz3q4lp7qkquxq9wn,18000000,
79eaa1c1ae9009fe627baeac65020f3c9abbe2ae3ecd6f2ac02f6dd0832485e1,2023-11-28T04:41:21.644000,sent,kaspa:qypwdd7m0s00wl8svqtrew00wwam7j8m56ryk6hdca7u48ee2ufvs9cfv70p9lf,18000000,
5ff5c04218414cc6c75c3ebbc4b442ce84a3e8ede16fd14c96fc5a663581bd19,2023-11-28T04:30:47.018000,sent,kaspa:qyp8ue4zn45ytcz8rcznujjy6ycls229sf6xv75fx9fdeamc9antwgsnfqdu92f,18000000,
d6239e318ce4d3af15c00c9abd46803e6370bdc959ec48acd65a2488367344d3,2023-11-28T04:21:01.893000,sent,kaspa:qypj70zwxaprvz8lafh602d8amahnrrzqng5prsrkmrpdz8n8vdq4es4a60z6f0,18000000,
d15d285d2f34f2906dabd5343af0602a3c20adf9eb6d229d84ec1825a51e334e,2023-11-28T04:10:55.085000,sent,kaspa:qyppr2q9krexldhzgzedeq8e9a7qst0vw64np4gq06nzan05vqrredc35rqj9qv,18000000,
55e6711ec883aaea6f3e670ab911753310b0ef6137afcaac98521c6523487922,2023-11-28T03:59:58.836000,sent,kaspa:qypk9mcm4qxyavn9gd4863kyagpj5p9nyghcglzwpw6eef7hpa6t57gqshh3648,18000000,
2512045952faa97983042e626da820f5ff6b98b707b2020b1a9db56a9d8ec131,2023-11-27T15:36:17.354000,sent,kaspa:qyp80apewv9gjl3r2udhml20tu40n9h070c4st6kpn8j3ngqwetlgesggd2zan7,18000000,
0941f8fd87c63f41a45602d88b563a8135e9d6d5adc630b70319daf31cbefeaa,2023-11-27T15:26:00.506000,sent,kaspa:qypwzxchls2tjurgh4u3lrjx3etuep7358zafe4p2fkv2pxdp8y70uqyqzz92m2,18000000,
3cc2a74190a0c3eed4f725aeadab8fb25b18499b304393f037fa245073fd31e9,2023-11-27T15:18:17.459000,sent,kaspa:qypf84fa9eaanlxjh0jvflu6xfnvdfjanm87qctra8sx9pmuxjpywvcgngl5693,18000000,
0e5592c753a63db0564664d3f1f0a49031c0627272039ac4f102aac8d06fed29,2023-11-27T15:12:08.430000,sent,kaspa:qyppc9uzrhf0y32mh3m8hnak6r3284lj3rd2hpcmd4lh7s44aq0wngq2ldgl9z5,18000000,
8ee26c78e1dd77fe79f80737015520693acb6f0c00a29b01eb301df2d2a5b9f9,2023-11-27T15:04:33.537000,sent,kaspa:qypzep2wm3j2j0jxxj5utj2e0xmrtsmws28j3sdd6pjq97pj3a07nmqvf536e67,18000000,
d0dbe7ba1f615892911e72becaf4991ebd239038dc96a503e3c5f09b490e81be,2023-11-27T14:53:16.624000,received,kaspa:qpe37gqtzkdhuwecnhq0py7cj8uamq7dtze95z4ezrhz407mgaj3ycgrd8ly3,549801998,
