tx_id,timestamp,direction,peer_address,amount_sompi,cex_label
d272b5042f36f1cae67e689e8024f0699b5acc1d37998b73134b23f86a31d21c,2023-12-15T22:04:00.851000,sent,kaspa:qz4w8nhulhmtwjlvmlfvh3gznf4jckp02hllnsty24zxjqllng98225ska3m9,171070000,
d272b5042f36f1cae67e689e8024f0699b5acc1d37998b73134b23f86a31d21c,2023-12-15T22:04:00.851000,sent,kaspa:qz4w8nhulhmtwjlvmlfvh3gznf4jckp02hllnsty24zxjqllng98225ska3m9,171070000,
68cd385ec2921441786a1a494b0020d1a8248f0a651ca1f0451066200ff15e29,2023-12-12T08:08:47.515000,received,kaspa:qypswxtcrv4ssyjaswy5w9387vq73mkuyq85tl34cee6qn5uexqy0csgnafnjx7,171000000,
3a1bb76eefa52f0ffe6369020bbeac1004cd15e8b7a43557b4c1fbbb44465cae,2023-11-28T10:42:30.015000,sent,kaspa:qyp48r539nc50tcl8a765hmct5nxve4ytqxrk4kd8a4xagj5s50qrggxdgsxddz,18000000,
d0364ca0db09a2328050db695a15fe5b0bc0e2e67777ba80ed939581b8fd2696,2023-11-27T19:12:50.340000,received,kaspa:qq5atqecxl8nq2n0y4fj7rv7fwdp449s9cgwfnyf886t3learqlzg38mm0mwx,18100000,
