tx_id,timestamp,direction,peer_address,amount_sompi,cex_label
d18bb61c57833186ad996880e53df9101335c2b7f7eaf1594269acfe5c63fa78,2023-12-16T04:17:07.765000,sent,kaspa:qzslgwenzu78t6tldlng383g7ruu4enaljmnkgaulyrscjp7ldt26x8gfxck5,171940000,
d18bb61c57833186ad996880e53df9101335c2b7f7eaf1594269acfe5c63fa78,2023-12-16T04:17:07.765000,sent,kaspa:qzslgwenzu78t6tldlng383g7ruu4enaljmnkgaulyrscjp7ldt26x8gfxck5,171940000,
2d62b166fd27876dd93aee24c1a32051403de5d4c85cb60b6ebc36d19cdba630,2023-12-12T10:54:39.282000,received,kaspa:qypswxtcrv4ssyjaswy5w9387vq73mkuyq85tl34cee6qn5uexqy0csgnafnjx7,171000000,
fa6cf4b209e16f4684191814b2a2a19b1414521f0e86e18b3d1f62c411b41187,2023-11-28T15:08:51.646000,sent,kaspa:qypntg40qc7ge4mvvge9lzjr9qx25vnefcpq9qctp3j4wu8gmtjn90gf4psqgu0,18000000,
bcf70fb51ee2af860bddd5e093698f30b46cd4c223eb25b889f3957098dc4379,2023-11-28T03:29:03.872000,received,kaspa:qp8a2fcu2cxaltk6t2uh0m0pgx8jxydj5wsd66gept78s8x68n98qdvhh8tzp,19000000,
