tx_id,timestamp,direction,peer_address,amount_sompi,cex_label
7f4ca3faaf732e2db9902320bfae4d2c831eebb154f4a5469f4a92af2f93ce3f,2023-12-16T04:05:55.305000,sent,kaspa:qzslgwenzu78t6tldlng383g7ruu4enaljmnkgaulyrscjp7ldt26x8gfxck5,171940000,
7f4ca3faaf732e2db9902320bfae4d2c831eebb154f4a5469f4a92af2f93ce3f,2023-12-16T04:05:55.305000,sent,kaspa:qzslgwenzu78t6tldlng383g7ruu4enaljmnkgaulyrscjp7ldt26x8gfxck5,171940000,
8cd6fcdc63c6dec0bcb4a34000a69c5a39e351c33924f4ec98fe212e036bda92,2023-12-12T05:27:12.379000,received,kaspa:qypswxtcrv4ssyjaswy5w9387vq73mkuyq85tl34cee6qn5uexqy0csgnafnjx7,171000000,
fe0654e67c38085943579737a6255222a2cfdf497dde855ec43b8e5e30aca63c,2023-11-28T05:31:03.208000,sent,kaspa:qyp4g6n9qv7uusrpnec47n3nht90fdv0gn6qdj6w4288qdmectvfnlgu3svlxlm,18000000,
abd77b8d253db4bc732fc71243546967904b0c5e6fbe6b511924a42774546181,2023-11-28T04:29:14.486000,received,kaspa:qqh7rucfq4h2xtcaht3wqm5d6tcy6ued5rgzc7pmmgczwxg059xqu3qxu9e24,19000000,
