tx_id,timestamp,direction,peer_address,amount_sompi,cex_label
b017ced2e999aa36ac250e139e02e09115ae938118429cf995ee9811516646ff,2023-09-23T03:00:30.396000,sent,kaspa:qrzn3f9pyuurqry3cqqwlscty63w7f0y3nx6r67ruaspr43pvsxq6qw4cvpek,199999000000,
b017ced2e999aa36ac250e139e02e09115ae938118429cf995ee9811516646ff,2023-09-23T03:00:30.396000,sent,kaspa:qrzn3f9pyuurqry3cqqwlscty63w7f0y3nx6r67ruaspr43pvsxq6qw4cvpek,199999000000,
652d0deccece673bf92e22e4dce8aba41f60048735500dc567c68704fef2fe76,2023-07-19T09:08:54.137000,received,kaspa:qq0apg74jdnpzyg0cr0jrtydaw94rehmhzqds82cp2pd5dly7um86cmccf56n,99999900000,
a2cd9f74833818b98f7a98904d28f166e299f193c0eaa8e179b2d2ce04064f21,2023-07-19T02:54:37.708000,received,kaspa:qrzn3f9pyuurqry3cqqwlscty63w7f0y3nx6r67ruaspr43pvsxq6qw4cvpek,100000000000,
