tx_id,timestamp,direction,peer_address,amount_sompi,cex_label
48bf6def3ad5f7c306f021f2d483494ac3015d04e7ecacd5b1c020a4e8dfaf77,2023-12-16T04:14:26.972000,sent,kaspa:qzslgwenzu78t6tldlng383g7ruu4enaljmnkgaulyrscjp7ldt26x8gfxck5,171940000,
48bf6def3ad5f7c306f021f2d483494ac3015d04e7ecacd5b1c020a4e8dfaf77,2023-12-16T04:14:26.972000,sent,kaspa:qzslgwenzu78t6tldlng383g7ruu4enaljmnkgaulyrscjp7ldt26x8gfxck5,171940000,
26f75b50cec48f63c4e7ffaa8f12a1075764d0168aef739be11eb9c9998def2f,2023-12-12T09:42:15.631000,received,kaspa:qypswxtcrv4ssyjaswy5w9387vq73mkuyq85tl34cee6qn5uexqy0csgnafnjx7,171000000,
f81c622b5df069bc7ab2ade844f0d01d4a8d544d54d3e894cbd1ebb8ded089ac,2023-11-28T13:46:00.064000,sent,kaspa:qyp3p2mdm7f7kxsj966msa88hlp9fwhl9q69hj2w53k3djt3ktcy24qhs43p74e,18000000,
0791ecad0ee3ea2752f07ab7787c270208fc1d9d445004aaf3a077e8987ed158,2023-11-27T19:29:16.170000,received,kaspa:qrl5z097v376x0t7s4u4ul3czqxfsx7nnxhd8c7pwmgv788x4f79xgmcmxqp6,19000000,
