tx_id,timestamp,direction,peer_address,amount_sompi,cex_label
97695d470e0a9648a4c32c3f445d267a554a3e67ede765e4bb0bdd58f5e66639,2025-02-28T22:16:22.002000,sent,kaspa:qrl70dskldx8kuxc5f5pp25ulajgar74j8wysyztnpyp6r0tnftxqvtu5dz83,388000000000,
97695d470e0a9648a4c32c3f445d267a554a3e67ede765e4bb0bdd58f5e66639,2025-02-28T22:16:22.002000,sent,kaspa:qrl70dskldx8kuxc5f5pp25ulajgar74j8wysyztnpyp6r0tnftxqvtu5dz83,388000000000,
3d3378689393931d2f229d292cc751686e526a732b28cfeff3c4a87bd7715bbf,2025-02-28T17:48:06.811000,received,kaspa:qqetp7ct8kqss99fxmymyz5t3fezppxp0t58wl6pawp27elqd46uudme00cl0,348795000000,
3d3378689393931d2f229d292cc751686e526a732b28cfeff3c4a87bd7715bbf,2025-02-28T17:48:06.811000,received,kaspa:qpzpfwcsqsxhxwup26r55fd0ghqlhyugz8cp6y3wxuddc02vcxtjg75pspnwz,348795000000,MEXC
4d9649115831bab50177d98149b24726eea5ef3393792478c382fc448d542318,2024-12-04T03:22:17.417000,sent,kaspa:qprstc2a753hx4q8pzxera8wzvaw896986lmgyhfjdqv7xsn7h44yt5cky3gq,40000000000,
4d9649115831bab50177d98149b24726eea5ef3393792478c382fc448d542318,2024-12-04T03:22:17.417000,sent,kaspa:qprstc2a753hx4q8pzxera8wzvaw896986lmgyhfjdqv7xsn7h44yt5cky3gq,40000000000,
04cf99e606694feed7f6b846d1ac083c20e7d4965806cf555f638f0912efeb06,2024-12-04T03:05:04.854000,received,kaspa:qqetp7ct8kqss99fxmymyz5t3fezppxp0t58wl6pawp27elqd46uudme00cl0,78894000000,
04cf99e606694feed7f6b846d1ac083c20e7d4965806cf555f638f0912efeb06,2024-12-04T03:05:04.854000,received,kaspa:qpzpfwcsqsxhxwup26r55fd0ghqlhyugz8cp6y3wxuddc02vcxtjg75pspnwz,78894000000,MEXC
f95409eeafb521530fa0d1a063b7c9e170d404e8dbeb426e879b85f009d57a01,2024-05-18T18:42:33.995000,sent,kaspa:qq9zagcza4jt76eev9jl5z0nqhe0thcu7js8larktj4sle7lvgnw7sfcewlty,514000000000,
f95409eeafb521530fa0d1a063b7c9e170d404e8dbeb426e879b85f009d57a01,2024-05-18T18:42:33.995000,sent,kaspa:qq9zagcza4jt76eev9jl5z0nqhe0thcu7js8larktj4sle7lvgnw7sfcewlty,514000000000,
f95409eeafb521530fa0d1a063b7c9e170d404e8dbeb426e879b85f009d57a01,2024-05-18T18:42:33.995000,sent,kaspa:qq9zagcza4jt76eev9jl5z0nqhe0thcu7js8larktj4sle7lvgnw7sfcewlty,514000000000,
f95409eeafb521530fa0d1a063b7c9e170d404e8dbeb426e879b85f009d57a01,2024-05-18T18:42:33.995000,sent,kaspa:qq9zagcza4jt76eev9jl5z0nqhe0thcu7js8larktj4sle7lvgnw7sfcewlty,514000000000,
f95409eeafb521530fa0d1a063b7c9e170d404e8dbeb426e879b85f009d57a01,2024-05-18T18:42:33.995000,sent,kaspa:qq9zagcza4jt76eev9jl5z0nqhe0thcu7js8larktj4sle7lvgnw7sfcewlty,514000000000,
dd28ec19a5d20ee532cae29e0fe958e97c7d70e5bdcf96c2e8cf987345fadf71,2024-01-01T06:32:20.471000,received,kaspa:qqu2f7ck940hpks7lxa4dky3e0cmqxmswvlweh592zskch67rjdz2lyqv97rz,34506990000,
9d6ccd1f483b67811b6f14c29d31e8f815ada1544091c1d078f60dd69f2051b5,2023-12-22T16:18:48.800000,received,kaspa:qqu2f7ck940hpks7lxa4dky3e0cmqxmswvlweh592zskch67rjdz2lyqv97rz,147486990000,
57a49ccfc9b74fe7c987e7f30f76fbc643508729c3eef394275f88b9ca41d664,2023-12-19T01:28:29.791000,received,kaspa:qqu2f7ck940hpks7lxa4dky3e0cmqxmswvlweh592zskch67rjdz2lyqv97rz,68534990000,
c2e089a6bf5c3c707c53b3074b678fa739548d17355f66926a54e69597791b84,2023-12-18T02:24:15.008000,received,kaspa:qqu2f7ck940hpks7lxa4dky3e0cmqxmswvlweh592zskch67rjdz2lyqv97rz,141896990000,
52fa1a7c51ba0ea0b44392186e6fe9aa5e30d465a1d4b5c251d78eae546ce850,2023-12-17T02:43:15.221000,received,kaspa:qqu2f7ck940hpks7lxa4dky3e0cmqxmswvlweh592zskch67rjdz2lyqv97rz,122839990000,
