tx_id,timestamp,direction,peer_address,amount_sompi,cex_label
e8563a455945c7d6caf79fbe0363a2f1e220fc2cff424ac1d92345d4aa71be89,2023-12-16T04:18:29.358000,sent,kaspa:qzslgwenzu78t6tldlng383g7ruu4enaljmnkgaulyrscjp7ldt26x8gfxck5,171940000,
e8563a455945c7d6caf79fbe0363a2f1e220fc2cff424ac1d92345d4aa71be89,2023-12-16T04:18:29.358000,sent,kaspa:qzslgwenzu78t6tldlng383g7ruu4enaljmnkgaulyrscjp7ldt26x8gfxck5,171940000,
b1fbdffe40a951b277d5d81a5c8631dd23b01d3a8b76e8fb0dd15c30a566fce6,2023-12-12T07:19:49.113000,received,kaspa:qypswxtcrv4ssyjaswy5w9387vq73mkuyq85tl34cee6qn5uexqy0csgnafnjx7,171000000,
144258adb91b07293de18739187c30fee56b19b4cec3a4f549c1c76bfa002a3b,2023-11-28T08:53:30.717000,sent,kaspa:qyp5y5v8wdtgzluu6xztyl0nyw89dvaajzyzd8hzamszt4src8vtqwq8zdw5es0,18000000,
29a549758e7fe33172029804b7a790da0d4b4b0ff27d2adb19bed78d2026c9bd,2023-11-28T07:48:15.376000,received,kaspa:qrqvcaxkmjun497mycnm9jmf8ntgdzm6dafyrguhtu352azffryc2yeypjtms,19000000,
