tx_id,timestamp,direction,peer_address,amount_sompi,cex_label
cdceed6714a423ce29f29fa41772e81c9aac44d951a8af199ed0d90840fd0d60,2023-12-07T14:26:29.624000,sent,kaspa:qqwvnkp47wsj6n4hkdlgj8dsauyx0xvefunnwvvsmpq2udd0ka8ckmpuqw3k5,28440927076,
cdceed6714a423ce29f29fa41772e81c9aac44d951a8af199ed0d90840fd0d60,2023-12-07T14:26:29.624000,sent,kaspa:qqwvnkp47wsj6n4hkdlgj8dsauyx0xvefunnwvvsmpq2udd0ka8ckmpuqw3k5,28440927076,
1804c04aef9603eb96d841fa1da59ad1e9d0ef8e68c049866e1db0e8b9b35b15,2023-12-07T14:15:09.627000,received,kaspa:qqwvnkp47wsj6n4hkdlgj8dsauyx0xvefunnwvvsmpq2udd0ka8ckmpuqw3k5,27582292657,
0f7707e40a5459551dd056e48e4331c8c4102e25cde60d801b73c767c72af625,2023-11-26T06:48:55.780000,received,kaspa:qprhkftrftm0jfg5aew5yd4xwgapewks22vpm3zkltmw2lvge70uju7k9f06l,858734419,
0f7707e40a5459551dd056e48e4331c8c4102e25cde60d801b73c767c72af625,2023-11-26T06:48:55.780000,received,kaspa:qprhkftrftm0jfg5aew5yd4xwgapewks22vpm3zkltmw2lvge70uju7k9f06l,858734419,
a03277cb4870bb936a20145a0af5450d900e454eb680eacb369de44705aa701a,2023-11-26T06:05:03.638000,sent,kaspa:qqwvnkp47wsj6n4hkdlgj8dsauyx0xvefunnwvvsmpq2udd0ka8ckmpuqw3k5,5066482,
6a27427cab7fd9d6d5ad62a410354b8952f4b21c99a434dbe4d39ab7f58d68ae,2023-11-25T15:07:09.952000,sent,kaspa:qprhkftrftm0jfg5aew5yd4xwgapewks22vpm3zkltmw2lvge70uju7k9f06l,900000,
140b53cd7c0f199e50030e800cd55a074e1e7329f3ed3da1b0a563a5a3aafc5f,2023-11-25T14:56:56.968000,received,kaspa:qprhkftrftm0jfg5aew5yd4xwgapewks22vpm3zkltmw2lvge70uju7k9f06l,6166482,
140b53cd7c0f199e50030e800cd55a074e1e7329f3ed3da1b0a563a5a3aafc5f,2023-11-25T14:56:56.968000,received,kaspa:qprhkftrftm0jfg5aew5yd4xwgapewks22vpm3zkltmw2lvge70uju7k9f06l,6166482,
140b53cd7c0f199e50030e800cd55a074e1e7329f3ed3da1b0a563a5a3aafc5f,2023-11-25T14:56:56.968000,received,kaspa:qprhkftrftm0jfg5aew5yd4xwgapewks22vpm3zkltmw2lvge70uju7k9f06l,6166482,
140b53cd7c0f199e50030e800cd55a074e1e7329f3ed3da1b0a563a5a3aafc5f,2023-11-25T14:56:56.968000,received,kaspa:qprhkftrftm0jfg5aew5yd4xwgapewks22vpm3zkltmw2lvge70uju7k9f06l,6166482,
