tx_id,timestamp,direction,peer_address,amount_sompi,cex_label
f00f2e87a0c48e6a1a8857919f13ebeeaaa535829acbcb4c863f0900a7d3b117,2023-12-16T04:11:52.682000,sent,kaspa:qzslgwenzu78t6tldlng383g7ruu4enaljmnkgaulyrscjp7ldt26x8gfxck5,171940000,
f00f2e87a0c48e6a1a8857919f13ebeeaaa535829acbcb4c863f0900a7d3b117,2023-12-16T04:11:52.682000,sent,kaspa:qzslgwenzu78t6tldlng383g7ruu4enaljmnkgaulyrscjp7ldt26x8gfxck5,171940000,
b48e8f9b1310493e448c49cf1ec13d30a06c38f923c00e20858607e0e828931c,2023-12-12T01:06:15.110000,received,kaspa:qypswxtcrv4ssyjaswy5w9387vq73mkuyq85tl34cee6qn5uexqy0csgnafnjx7,171000000,
3d41ebd96bad1bc72b73da20b6ece7aa9f6b1a539877987973d0e39ad47a9953,2023-11-27T15:44:07.922000,sent,kaspa:qypzxx92d7fh90dxccgzwe97n4afdc6lt7zfgg09uuvadpdcc8yy8hs0ykx3x3e,18000000,
568ef00e072ef9f68f9080f8eb998583c6f7522a6b9987fa9eb4e4ffcead0998,2023-11-27T12:53:28.802000,received,kaspa:qqrldyr25f9rtxswh0fmuup5qsuemkjrsg5p5zgclzu4rx5fkeut2u2kc9jpv,19000000,
