tx_id,timestamp,direction,peer_address,amount_sompi,cex_label
24fb427fbe905ed7b0d6ca610d2a4538302d90dab5225b677c4a56c453db7e51,2024-02-17T09:39:22.295000,sent,kaspa:qqd463qjk795l7x06el7qjdh4hjtprah8mtnxx8exg8wz43fla4djkghheu25,172980000,
24fb427fbe905ed7b0d6ca610d2a4538302d90dab5225b677c4a56c453db7e51,2024-02-17T09:39:22.295000,sent,kaspa:qqd463qjk795l7x06el7qjdh4hjtprah8mtnxx8exg8wz43fla4djkghheu25,172980000,
c49c8057ab405e18f2dade9171bab1d976a6f940c12406e59a2a504252aa1abc,2023-12-12T16:49:18.619000,received,kaspa:qypswxtcrv4ssyjaswy5w9387vq73mkuyq85tl34cee6qn5uexqy0csgnafnjx7,171000000,
733eab183d64d006608ae63614317e535f9dd6bf388a643dd4b71573eb7edb71,2023-11-29T04:43:49.942000,sent,kaspa:qyp0adkzl5rpnym798dqwfj2z9m4fdyul3pk3y753m8az999pj0snqcvwns64a8,18000000,
512d8b83657a3ba3287b4462194d8801526ccefee8a830538b6500f0a29f2e24,2023-11-27T03:58:54.323000,received,kaspa:qypl6a6nm0hqlpqz5k628yrc59vl9gpx5ulqwxsr36pua75u9gevxhgq8nrc0km,20000000,
