tx_id,timestamp,direction,peer_address,amount_sompi,cex_label
6ae248e4967fd70da114654bc54b55efa95c586dca7140e001d11b80d31437ae,2023-12-13T08:43:38.920000,sent,kaspa:qqh06puhtgsu5utuakvv88ewhppn4dtp0k4a2df0xxga6ytg5p7vzcs0tuml5,14363160000,
8c8a5671d80c6598f07024118ff6aa172668da4565295619954a0c3ae48a2523,2023-12-12T07:32:27.019000,received,kaspa:qypswxtcrv4ssyjaswy5w9387vq73mkuyq85tl34cee6qn5uexqy0csgnafnjx7,171000000,
c7484f97f08f91080edc9e38903ef980e92b9fca4bfe4895fa9c9e90ac34a25c,2023-11-28T09:31:10.978000,sent,kaspa:qypwesj2e0xfy2xpv5j5j2dsja23mxyyyafm2n3kk550hxc3shtx5sgjs5cafvs,18000000,
c7484f97f08f91080edc9e38903ef980e92b9fca4bfe4895fa9c9e90ac34a25c,2023-11-28T09:31:10.978000,sent,kaspa:qzquqkzzdmlw55zv5rszmtextfvzkg3r8hqzst7w20men8ywve08vstjgd5vy,2863980000,
260df08d95cd8d4ff7a5452f9bfc4cdd9ad293f4dce86d52d6381f9322eba24f,2023-11-28T09:14:39.430000,received,kaspa:qp9w0kj9ctzkh4jxx22z49qv0gmtljwna39rkatasut9a2gp22zfvrlsvka53,2881990000,
