tx_id,timestamp,direction,peer_address,amount_sompi,cex_label
4d708d288614b4da9bd8969dc11b448a1ec87a31600d5c19c6b59e611ad78287,2023-12-18T11:52:36.692000,sent,kaspa:qrkaxvl2tw6pq6zx9xrr9lqnt9x72upf0hsrp3cvgcmfz77m50ycua35nz200,172940000,
4d708d288614b4da9bd8969dc11b448a1ec87a31600d5c19c6b59e611ad78287,2023-12-18T11:52:36.692000,sent,kaspa:qrkaxvl2tw6pq6zx9xrr9lqnt9x72upf0hsrp3cvgcmfz77m50ycua35nz200,172940000,
f58b6cefcf2aff8ec55741b1baf8af3a924c184a2531f5ec50fd6f1f14323872,2023-12-12T08:10:38.563000,received,kaspa:qypswxtcrv4ssyjaswy5w9387vq73mkuyq85tl34cee6qn5uexqy0csgnafnjx7,171000000,
3b40a1d9159c6c72157f66978699f2b3d0c94dc9c6340a786e4df6dd3ca5e2c9,2023-11-28T10:47:15.728000,sent,kaspa:qyppe5725h4vj0pxngyl2tz7v2nsaafqk8tw7pf3qwm6gqjgej7ggugjls49auz,18000000,
68f552d190d23e2c67f3c653956cbe142878a4c1b7eaf60a6b85de7b0f26a940,2023-11-28T06:23:17.239000,sent,kaspa:qqdejjkja4809yvk4pvuwretwhxzcjz2n4a38vtex4ul238x546l7gkg6rh40,80000000,
9192d028b79d8685311b24fc2f652a4fdd86fd7c228e1cc7773bad746fe742b3,2023-11-28T05:51:11.619000,sent,kaspa:qrfwta99ujzk55exahrqkhqa66kdaq099axauefwcua48zcpd8kf2jyc4mkjj,80000000,
2e60815fc54959e4e8c30e9360bbc39df7eabedaed2e9e769665cec01e983fc2,2023-11-28T04:45:47.627000,sent,kaspa:qrlxn8xxvx5vsy8kwysap3ea7gpaxh6g7v67dg5jl6qwt0upc30rjpfzqngzx,80000000,
0762f86692aaa9a1d74a00910d5c89c6a7fa58f57339b0e003f8fa18fddc2636,2023-11-28T03:13:16.611000,received,kaspa:qphscm7zetvgycusx4tugrgcrldqw9880k9hjfapytzdd3gljalcjz8c67x8e,260000000,
