tx_id,timestamp,direction,peer_address,amount_sompi,cex_label
908211ed10f83151e47522cce9497928ea3ee2dc41decd77005a1af7244370ff,2023-12-16T04:24:27.766000,sent,kaspa:qzslgwenzu78t6tldlng383g7ruu4enaljmnkgaulyrscjp7ldt26x8gfxck5,171940000,
908211ed10f83151e47522cce9497928ea3ee2dc41decd77005a1af7244370ff,2023-12-16T04:24:27.766000,sent,kaspa:qzslgwenzu78t6tldlng383g7ruu4enaljmnkgaulyrscjp7ldt26x8gfxck5,171940000,
aadf12a54f06f8772b64ba41481f5e9793193df8cbe56d04abab8e1b51ffe074,2023-12-12T10:37:37.116000,received,kaspa:qypswxtcrv4ssyjaswy5w9387vq73mkuyq85tl34cee6qn5uexqy0csgnafnjx7,171000000,
123c7790d6fecfd69d7d8e4b7dae36fdc22a6e5fc41ba6a1bdd54131da8232de,2023-11-28T14:52:48.435000,sent,kaspa:qyp9249fdh33jfw7kvjwz03q2l6vpazgwh50w93nru904s2p2wmpr2skfkdv8mr,18000000,
f68b5ecef28430522447f3c2d192249289d86e0a77d9ca30e13d76eae1d78b59,2023-11-27T18:52:38.953000,received,kaspa:qzggq9ds6xs7x9t3mxufu45te89sadcut2jre2pedc3llas0z8xxs36wcnlup,19000000,
