tx_id,timestamp,direction,peer_address,amount_sompi,cex_label
d58b917abf7513cf8c65853445284aeeafc9b16cd04c95f621d87fc3cef93004,2023-12-17T09:39:58.744000,sent,kaspa:qrkaxvl2tw6pq6zx9xrr9lqnt9x72upf0hsrp3cvgcmfz77m50ycua35nz200,172940000,
d58b917abf7513cf8c65853445284aeeafc9b16cd04c95f621d87fc3cef93004,2023-12-17T09:39:58.744000,sent,kaspa:qrkaxvl2tw6pq6zx9xrr9lqnt9x72upf0hsrp3cvgcmfz77m50ycua35nz200,172940000,
656da81edaee2fb3478f59fccc65c2cda4ac82fbeaedd847f19b011c5f26a2ec,2023-12-12T11:49:46.642000,received,kaspa:qypswxtcrv4ssyjaswy5w9387vq73mkuyq85tl34cee6qn5uexqy0csgnafnjx7,171000000,
32dae60aea74e9c9ea25a866f860120ee7169d219d72432c175a5ef94387d02f,2023-11-28T16:19:41.884000,sent,kaspa:qypjlr2dax4z2pmy3mzhq2rj5tnl7xt93z0j6nlsvhtpxz25y34gvpqcy2merwf,18000000,
c2fda0b73008960909458fe11fb1d49875ea8609db051ae1717101d52f1f721b,2023-11-28T09:58:20.974000,sent,kaspa:qrcaxfy7r9ggkq8r003xq7zwm4w658p93pwv7wvaqh6v3r595yc66ghasj38p,20000000,
e9609de23bbfae2f53d1a0e3669cb9871c5c24ab9642a63bba7ff5de32238d8a,2023-11-28T09:25:43.644000,sent,kaspa:qqemkav2w4py5u2pn43kngr35wqmjedk9d6gnkhxhuq3f0hh76envsgvf0g5a,20000000,
caf781fd88ce9f3e901a740cbbba66b505d9cc9e01ae5b0c00ceef867ed2ab3f,2023-11-28T08:53:22.834000,sent,kaspa:qp5py5f7mc72c2u8gsjm0uzclh7le4k3jczlzdr7g570366z7ak3wdqgfu5ck,20000000,
07cd730edb239dd13cce941504dccc6ab122cc09bede0722df5a9ef0f737381d,2023-11-28T06:01:15.951000,received,kaspa:qq79cpk7gsseqslhaeky6vu760ej8hll29etvrh7laqz5wu0j65pzp7gx9e2y,80000000,
