tx_id,timestamp,direction,peer_address,amount_sompi,cex_label
8991e62e6fead187e505a7cf94084e3ffbfe53df58ca158ea5b600ba45c7224f,2023-12-16T05:07:29.566000,sent,kaspa:qzslgwenzu78t6tldlng383g7ruu4enaljmnkgaulyrscjp7ldt26x8gfxck5,171940000,
8991e62e6fead187e505a7cf94084e3ffbfe53df58ca158ea5b600ba45c7224f,2023-12-16T05:07:29.566000,sent,kaspa:qzslgwenzu78t6tldlng383g7ruu4enaljmnkgaulyrscjp7ldt26x8gfxck5,171940000,
cff9e662360f9fd179be0a65bc564c1b08144809cbacf18088738f791e67454a,2023-12-13T02:46:31.451000,received,kaspa:qypswxtcrv4ssyjaswy5w9387vq73mkuyq85tl34cee6qn5uexqy0csgnafnjx7,171000000,
bd541c6d2b9b9d4a406570838c870a78eaacde5b499c60ca58f483d42c247932,2023-11-29T18:05:12.311000,sent,kaspa:qyp4j0pfkut5uypcrh2808mp9e3wtg5z8u80f8wvtqxh4663ulrm30gukqpytw3,18000000,
51083998bf9d22e5036566ebb59e60f4416ecca8dc7bfc6365277d855447d6ad,2023-11-28T19:56:32.920000,received,kaspa:qzaqxltqvnat7lqekkqaf586rmyxjkru76a5g23yjcw5x0ymx0sxsftlzpgws,19000000,
