tx_id,timestamp,direction,peer_address,amount_sompi,cex_label
554bf4d02e81852692dafc31a461d68be47ed7809733e60683005aaf7aada908,2025-05-04T15:43:30.288000,received,kaspa:qq56z7p0vx4ay2ukk9e45v95m3z609n3z770lrfafztwnv82heh8u9f07wd35,2300000000,
554bf4d02e81852692dafc31a461d68be47ed7809733e60683005aaf7aada908,2025-05-04T15:43:30.288000,received,kaspa:qr60htent3t2xhv92l0rtn27xkct8vgg6htnfwergdluuhj8yas8zaqlcgxu5,2300000000,
b51c59e0240c5082d4c93a555436efe5233065198196ac696d2d350363e2432f,2025-05-01T21:41:09.912000,received,kaspa:qpe33lasqwensys6kqcx6v2gckmmmse8rs72lpr3am3s2r3fhvrculprru2d4,3000000000,
b51c59e0240c5082d4c93a555436efe5233065198196ac696d2d350363e2432f,2025-05-01T21:41:09.912000,received,kaspa:qr60htent3t2xhv92l0rtn27xkct8vgg6htnfwergdluuhj8yas8zaqlcgxu5,3000000000,
cbfd947f9d59397997d63bcec13174af188ad312f68e8393d25383c8863e2e55,2025-04-28T19:36:52.350000,received,kaspa:qz8npgy2p0zqq3s33epl55xzrht32espwp888cpf3sf8yaep5l5mvd4ap9czx,2900000000,
cbfd947f9d59397997d63bcec13174af188ad312f68e8393d25383c8863e2e55,2025-04-28T19:36:52.350000,received,kaspa:qr60htent3t2xhv92l0rtn27xkct8vgg6htnfwergdluuhj8yas8zaqlcgxu5,2900000000,
14e8db9a7c9d248371cce0f59bca53a3d908ae2f425e6d7e5e89fef589acd96d,2025-04-24T10:58:14.315000,received,kaspa:qzfja56x6uut28w47jrxjcdgdl8273pur5mlrxly4fezajkt8gu0zq3fnxt32,2200000000,
14e8db9a7c9d248371cce0f59bca53a3d908ae2f425e6d7e5e89fef589acd96d,2025-04-24T10:58:14.315000,received,kaspa:qr60htent3t2xhv92l0rtn27xkct8vgg6htnfwergdluuhj8yas8zaqlcgxu5,2200000000,
db3a174a686f3f57915cde1c9b52ff6aa1e581740baa4d3ecce5f44965e534e8,2025-04-21T05:38:38.501000,received,kaspa:qq6jg50qvgehdpf6q3gpuh985rfc02u5x2r7wdt9paalklq2a96wy43shmdh6,2400000000,
db3a174a686f3f57915cde1c9b52ff6aa1e581740baa4d3ecce5f44965e534e8,2025-04-21T05:38:38.501000,received,kaspa:qr60htent3t2xhv92l0rtn27xkct8vgg6htnfwergdluuhj8yas8zaqlcgxu5,2400000000,
5570b3b44a7bd3fad649bc7d2d7603712cb2034a33033548715d377e2c8bbbe5,2025-04-19T08:07:55.530000,received,kaspa:qqk7spnvxsq09e84dwhv3a8ckng3uftg2k74tnk5mzh4rlz0rc3cu5dnyqcta,2700000000,
5570b3b44a7bd3fad649bc7d2d7603712cb2034a33033548715d377e2c8bbbe5,2025-04-19T08:07:55.530000,received,kaspa:qr60htent3t2xhv92l0rtn27xkct8vgg6htnfwergdluuhj8yas8zaqlcgxu5,2700000000,
8f376743e66a68e1233a1591e9da0b435823bae0f958e35f3fd47639df876033,2025-04-17T15:55:54.521000,received,kaspa:qz79yn2mhvlq2ajysyygzulpm30d6egzqka4ppk6z6q357pku6zzcf6jw4epg,2500000000,
8f376743e66a68e1233a1591e9da0b435823bae0f958e35f3fd47639df876033,2025-04-17T15:55:54.521000,received,kaspa:qr60htent3t2xhv92l0rtn27xkct8vgg6htnfwergdluuhj8yas8zaqlcgxu5,2500000000,
3c7dceeff6a32b6bbd1884b8269b498c2bcccd2e1406a7ae87759b467525eb0b,2025-04-12T19:29:25.945000,received,kaspa:qqz6jcsdntdamcqx3ghn7gw7a3f7njapzkf65yqej3qq2q9pkeh87pcavesqd,6900000000,
3c7dceeff6a32b6bbd1884b8269b498c2bcccd2e1406a7ae87759b467525eb0b,2025-04-12T19:29:25.945000,received,kaspa:qr60htent3t2xhv92l0rtn27xkct8vgg6htnfwergdluuhj8yas8zaqlcgxu5,6900000000,
3c7dceeff6a32b6bbd1884b8269b498c2bcccd2e1406a7ae87759b467525eb0b,2025-04-12T19:29:25.945000,received,kaspa:qr60htent3t2xhv92l0rtn27xkct8vgg6htnfwergdluuhj8yas8zaqlcgxu5,6900000000,
3c7dceeff6a32b6bbd1884b8269b498c2bcccd2e1406a7ae87759b467525eb0b,2025-04-12T19:29:25.945000,received,kaspa:qr60htent3t2xhv92l0rtn27xkct8vgg6htnfwergdluuhj8yas8zaqlcgxu5,6900000000,
ea728733ec392deba934341a26f0f79c3af733a1e76e49df421837e1be3e212d,2025-03-30T07:27:08.424000,received,kaspa:qz8m8vcl4xw03rdgl2tk6at2h49e7k6s3hddgtlvvagsfgjm44wfzrtpfacve,2100000000,
ea728733ec392deba934341a26f0f79c3af733a1e76e49df421837e1be3e212d,2025-03-30T07:27:08.424000,received,kaspa:qr60htent3t2xhv92l0rtn27xkct8vgg6htnfwergdluuhj8yas8zaqlcgxu5,2100000000,
1f2b42c0f780628fa60e340a21cac331c9f1aec66146a73f4863dbeead22741a,2025-03-29T16:51:03.390000,received,kaspa:qrwzm8eqj44m7w6tn2lyfcxte2zkerdj350jeppcfr5r5l52fx87jlzes2suj,2800000000,
1f2b42c0f780628fa60e340a21cac331c9f1aec66146a73f4863dbeead22741a,2025-03-29T16:51:03.390000,received,kaspa:qr60htent3t2xhv92l0rtn27xkct8vgg6htnfwergdluuhj8yas8zaqlcgxu5,2800000000,
6124be9275bd2a69f89647893b27dda3f9f4ab06b16e1ddbb8312c173b5fdca5,2025-03-17T01:46:11.695000,sent,kaspa:qpjunp39ssazf4rzfxxu0hd35xggfxn6lq0ls9u9q6peevzcmcv4xmv9q4njd,667690975547,
03321340f5d751a63ccb2064fd1105a5262d60207ea04c085fbe2108a061dbd9,2025-03-16T10:09:26.517000,received,kaspa:qqnep9eqs3vtcas6pgnfe237k0u6h2ez9n08cxy2fw8nfmtesaxjs684vlac9,9999992176,
03321340f5d751a63ccb2064fd1105a5262d60207ea04c085fbe2108a061dbd9,2025-03-16T10:09:26.517000,received,kaspa:qr60htent3t2xhv92l0rtn27xkct8vgg6htnfwergdluuhj8yas8zaqlcgxu5,9999992176,
03321340f5d751a63ccb2064fd1105a5262d60207ea04c085fbe2108a061dbd9,2025-03-16T10:09:26.517000,received,kaspa:qr60htent3t2xhv92l0rtn27xkct8vgg6htnfwergdluuhj8yas8zaqlcgxu5,9999992176,
03321340f5d751a63ccb2064fd1105a5262d60207ea04c085fbe2108a061dbd9,2025-03-16T10:09:26.517000,received,kaspa:qr60htent3t2xhv92l0rtn27xkct8vgg6htnfwergdluuhj8yas8zaqlcgxu5,9999992176,
03321340f5d751a63ccb2064fd1105a5262d60207ea04c085fbe2108a061dbd9,2025-03-16T10:09:26.517000,received,kaspa:qr60htent3t2xhv92l0rtn27xkct8vgg6htnfwergdluuhj8yas8zaqlcgxu5,9999992176,
03321340f5d751a63ccb2064fd1105a5262d60207ea04c085fbe2108a061dbd9,2025-03-16T10:09:26.517000,received,kaspa:qr60htent3t2xhv92l0rtn27xkct8vgg6htnfwergdluuhj8yas8zaqlcgxu5,9999992176,
428226cbbf1ee4075a99f8ae3c129ff6501fa4eb8b1d28aa0a4d00253b9ed032,2025-02-05T12:30:23.379000,sent,kaspa:qpjunp39ssazf4rzfxxu0hd35xggfxn6lq0ls9u9q6peevzcmcv4xmv9q4njd,211318322901,
f3912e01b27c27d2d75d8710d08e46781c966478d21e692cd11cdbb86f9b7780,2025-01-23T15:53:50.611000,received,kaspa:qzzcrvd4ncqw5fndrghk5rgket9smhc64qwllcjd6pv0egffjadgjpscp5wqg,2400000000,
f3912e01b27c27d2d75d8710d08e46781c966478d21e692cd11cdbb86f9b7780,2025-01-23T15:53:50.611000,received,kaspa:qr60htent3t2xhv92l0rtn27xkct8vgg6htnfwergdluuhj8yas8zaqlcgxu5,2400000000,
b0b0c60a386c86f4d0a727158965acc95d0d5aa52221adb072c60b513b3bffd3,2025-01-18T08:54:57.779000,sent,kaspa:qpjunp39ssazf4rzfxxu0hd35xggfxn6lq0ls9u9q6peevzcmcv4xmv9q4njd,470923109197,
fc01f1f81b3d6fa4e8eed8b6de99cbd3a598d8c28fb22b7f905f0bcf5c8b8987,2025-01-18T08:19:44.455000,received,kaspa:qqz4jac37p898n57v7vu9z7y7q3y4hqgs0yyy6myq570ntd7cquvqsg278sxy,6500000000,
fc01f1f81b3d6fa4e8eed8b6de99cbd3a598d8c28fb22b7f905f0bcf5c8b8987,2025-01-18T08:19:44.455000,received,kaspa:qr60htent3t2xhv92l0rtn27xkct8vgg6htnfwergdluuhj8yas8zaqlcgxu5,6500000000,
fc01f1f81b3d6fa4e8eed8b6de99cbd3a598d8c28fb22b7f905f0bcf5c8b8987,2025-01-18T08:19:44.455000,received,kaspa:qr60htent3t2xhv92l0rtn27xkct8vgg6htnfwergdluuhj8yas8zaqlcgxu5,6500000000,
fc01f1f81b3d6fa4e8eed8b6de99cbd3a598d8c28fb22b7f905f0bcf5c8b8987,2025-01-18T08:19:44.455000,received,kaspa:qr60htent3t2xhv92l0rtn27xkct8vgg6htnfwergdluuhj8yas8zaqlcgxu5,6500000000,
073a53768f93a90b152e5013913a5eeffae1488af334a759c6d58ab990cc41df,2024-12-18T20:50:23.374000,sent,kaspa:qpjunp39ssazf4rzfxxu0hd35xggfxn6lq0ls9u9q6peevzcmcv4xmv9q4njd,203910807024,
81aab068e0929a438421965d2df0a8ec199f6a269e9765f06089b8b3bf1decca,2024-12-15T09:06:32.267000,received,kaspa:qptvmhr66plwu3nms46xk3dwdjvg29j39wlf6tkcpzqx6yagzr8m65xktc5nm,2200000000,
81aab068e0929a438421965d2df0a8ec199f6a269e9765f06089b8b3bf1decca,2024-12-15T09:06:32.267000,received,kaspa:qr60htent3t2xhv92l0rtn27xkct8vgg6htnfwergdluuhj8yas8zaqlcgxu5,2200000000,
b3c52cce3f9ff042c89284743677135c215d1f046971c8a7af102c50b7eb45a6,2024-12-07T22:06:41.896000,sent,kaspa:qpjunp39ssazf4rzfxxu0hd35xggfxn6lq0ls9u9q6peevzcmcv4xmv9q4njd,185049729513,
b3c52cce3f9ff042c89284743677135c215d1f046971c8a7af102c50b7eb45a6,2024-12-07T22:06:41.896000,sent,kaspa:qpjunp39ssazf4rzfxxu0hd35xggfxn6lq0ls9u9q6peevzcmcv4xmv9q4njd,185049729513,
b3c52cce3f9ff042c89284743677135c215d1f046971c8a7af102c50b7eb45a6,2024-12-07T22:06:41.896000,sent,kaspa:qpjunp39ssazf4rzfxxu0hd35xggfxn6lq0ls9u9q6peevzcmcv4xmv9q4njd,185049729513,
f69ed5616ef0a7c989867d7545fcc1074c7562f5721745000dda13aaf96f64b5,2024-12-06T21:06:17.465000,received,kaspa:qrtvegjtsn822srtxun23vl0m5p69xycwzf7z0m4vc55ygwcuvcjqpkazsz59,2100000000,
f69ed5616ef0a7c989867d7545fcc1074c7562f5721745000dda13aaf96f64b5,2024-12-06T21:06:17.465000,received,kaspa:qr60htent3t2xhv92l0rtn27xkct8vgg6htnfwergdluuhj8yas8zaqlcgxu5,2100000000,
81e395476b7a93df49b78a13e814537a5f0624a287f3bd76a7c157762355be05,2024-11-30T07:58:06.930000,received,kaspa:qzgq6zhqlh55mcmww3jtwcntx9ygyedl9g8w3teu2v0nnjp6t8e4j2x63t2zx,2100000000,
81e395476b7a93df49b78a13e814537a5f0624a287f3bd76a7c157762355be05,2024-11-30T07:58:06.930000,received,kaspa:qr60htent3t2xhv92l0rtn27xkct8vgg6htnfwergdluuhj8yas8zaqlcgxu5,2100000000,
19f32b9f00a0d5fffd864782c7c644b504633a4b56ef7d48991695a2e77580fa,2024-11-23T13:19:41.687000,received,kaspa:qrvwjke5u8qlelavncmzvyj6alkc4rcv4h3eg8tze9hfkxef9ul82d6gpnrez,2100000000,
19f32b9f00a0d5fffd864782c7c644b504633a4b56ef7d48991695a2e77580fa,2024-11-23T13:19:41.687000,received,kaspa:qr60htent3t2xhv92l0rtn27xkct8vgg6htnfwergdluuhj8yas8zaqlcgxu5,2100000000,
296ea715908dab94612b7ea56775cb4d32b7fda3b033befeadff6f0cc9ffff6d,2024-11-19T07:09:00.309000,sent,kaspa:qpjunp39ssazf4rzfxxu0hd35xggfxn6lq0ls9u9q6peevzcmcv4xmv9q4njd,397736281617,
20ea83c8dc9c3dc79ad48a556c30c1b04c68e481c34f850c03424ee44272cbd5,2024-11-16T09:23:41.251000,received,kaspa:qpgpqjh2j2l34f3cceh42yrjsqtf7d4npy0wre67r4r5mcy7h9geqvde4mjcy,4400000000,
20ea83c8dc9c3dc79ad48a556c30c1b04c68e481c34f850c03424ee44272cbd5,2024-11-16T09:23:41.251000,received,kaspa:qr60htent3t2xhv92l0rtn27xkct8vgg6htnfwergdluuhj8yas8zaqlcgxu5,4400000000,
20ea83c8dc9c3dc79ad48a556c30c1b04c68e481c34f850c03424ee44272cbd5,2024-11-16T09:23:41.251000,received,kaspa:qr60htent3t2xhv92l0rtn27xkct8vgg6htnfwergdluuhj8yas8zaqlcgxu5,4400000000,
28337685cc714559c0ee5da21c17855865cef7887f8066424d3d61e2f4a56e50,2024-11-10T00:39:55.687000,sent,kaspa:qpjunp39ssazf4rzfxxu0hd35xggfxn6lq0ls9u9q6peevzcmcv4xmv9q4njd,194970519987,
99efe6eefac181d497d70678441cd857505db097aedcf08fd6460cf3c0d65621,2024-11-03T10:00:49.526000,received,kaspa:qqtzgwxmcsknn6yf8telutxav98nr2t438cvcle2unxd9wlaygfust9h45cuf,2500000000,
99efe6eefac181d497d70678441cd857505db097aedcf08fd6460cf3c0d65621,2024-11-03T10:00:49.526000,received,kaspa:qr60htent3t2xhv92l0rtn27xkct8vgg6htnfwergdluuhj8yas8zaqlcgxu5,2500000000,
2d945d981c416ae28e16d95a8c33ba7ca2e55b01ba2c1c791b8d35dd1d32b64e,2024-10-28T07:29:33.972000,sent,kaspa:qpjunp39ssazf4rzfxxu0hd35xggfxn6lq0ls9u9q6peevzcmcv4xmv9q4njd,231015439874,
3508f003ea05ff1f5f7e353b2d29f981e045a25b46c614c31935e5f6fffaa073,2024-10-28T05:20:05.186000,received,kaspa:qqwaqexgd8gs68jhf75jjr6sxv6q752ng28mtjauc0z46kee654fvm268zke8,2400000000,
3508f003ea05ff1f5f7e353b2d29f981e045a25b46c614c31935e5f6fffaa073,2024-10-28T05:20:05.186000,received,kaspa:qr60htent3t2xhv92l0rtn27xkct8vgg6htnfwergdluuhj8yas8zaqlcgxu5,2400000000,
4017803b3825f9da0d725d97f667dca9ee9e503281c4f047da7911700772e587,2024-10-24T15:36:01.150000,sent,kaspa:qpjunp39ssazf4rzfxxu0hd35xggfxn6lq0ls9u9q6peevzcmcv4xmv9q4njd,251351084413,
34df17e455151ea673706f0faaf5d71ae99806011b2862198e740b024d095667,2024-10-24T05:04:51.443000,received,kaspa:qzc8wjpx8felw38expu680v7eg6mnlfwue8yx9kwpgxg7mxfpqsyj9gqy8qvv,2300000000,
34df17e455151ea673706f0faaf5d71ae99806011b2862198e740b024d095667,2024-10-24T05:04:51.443000,received,kaspa:qr60htent3t2xhv92l0rtn27xkct8vgg6htnfwergdluuhj8yas8zaqlcgxu5,2300000000,
cae6f6622ca42db55d291a3de61e029b9bc7421e9f31ea45e23e1091602c3dee,2024-10-22T20:11:12.647000,sent,kaspa:qpjunp39ssazf4rzfxxu0hd35xggfxn6lq0ls9u9q6peevzcmcv4xmv9q4njd,201833420239,
2f1b636011d2eaa1927e1cb12cb000a7886725b7013d93eb4bc8a91584631be9,2024-10-21T16:44:10.494000,received,kaspa:qzvnz4jqtxawcfcrkjwwapxnf8n4t3drxv7twmv5dmq3asrcj6l6y3gt5asav,2400000000,
2f1b636011d2eaa1927e1cb12cb000a7886725b7013d93eb4bc8a91584631be9,2024-10-21T16:44:10.494000,received,kaspa:qr60htent3t2xhv92l0rtn27xkct8vgg6htnfwergdluuhj8yas8zaqlcgxu5,2400000000,
6122f5a5f7dd77205ecf035061ae38c0b2e7b504c69e4164d03551d4ef672678,2024-10-17T17:53:05.004000,sent,kaspa:qpzpfwcsqsxhxwup26r55fd0ghqlhyugz8cp6y3wxuddc02vcxtjg75pspnwz,2000000000000,MEXC
6122f5a5f7dd77205ecf035061ae38c0b2e7b504c69e4164d03551d4ef672678,2024-10-17T17:53:05.004000,sent,kaspa:qpjunp39ssazf4rzfxxu0hd35xggfxn6lq0ls9u9q6peevzcmcv4xmv9q4njd,374275375767703,
4335e04b35b00acf37470d5267515c9ac5e93b8ec51befeadf9fc0985db42879,2024-10-17T17:41:04.599000,received,kaspa:qqfxt4gfzrnhvf7tlf6uctf5ttyzmua0l2fzj3s989y8q2r8hzsh7jap4vtt5,4800000000,
4335e04b35b00acf37470d5267515c9ac5e93b8ec51befeadf9fc0985db42879,2024-10-17T17:41:04.599000,received,kaspa:qr60htent3t2xhv92l0rtn27xkct8vgg6htnfwergdluuhj8yas8zaqlcgxu5,4800000000,
4335e04b35b00acf37470d5267515c9ac5e93b8ec51befeadf9fc0985db42879,2024-10-17T17:41:04.599000,received,kaspa:qr60htent3t2xhv92l0rtn27xkct8vgg6htnfwergdluuhj8yas8zaqlcgxu5,4800000000,
9521b886f6b3e59f0e394e169ca9e33ee94a276e203964258e5f14a0b19155a5,2024-10-08T07:16:04.450000,sent,kaspa:qpzpfwcsqsxhxwup26r55fd0ghqlhyugz8cp6y3wxuddc02vcxtjg75pspnwz,2000000000000,MEXC
9521b886f6b3e59f0e394e169ca9e33ee94a276e203964258e5f14a0b19155a5,2024-10-08T07:16:04.450000,sent,kaspa:qpjunp39ssazf4rzfxxu0hd35xggfxn6lq0ls9u9q6peevzcmcv4xmv9q4njd,97338861521264,
c560771fab00685164f5fa54d2e2620241346ed8bdda7824780feca6a9354ff9,2024-10-08T05:00:15.571000,received,kaspa:qzx690uzaradd53pjdk23gj0jlu74t7t3sfa0ph5f29wg3d754s4vrlf329z3,2000000000,
c560771fab00685164f5fa54d2e2620241346ed8bdda7824780feca6a9354ff9,2024-10-08T05:00:15.571000,received,kaspa:qr60htent3t2xhv92l0rtn27xkct8vgg6htnfwergdluuhj8yas8zaqlcgxu5,2000000000,
02536c02a0b9bf9b10ad226e45c04f6bb7d3b4986c0585770b5622d98ca47a9d,2024-10-05T01:32:02.928000,sent,kaspa:qpzpfwcsqsxhxwup26r55fd0ghqlhyugz8cp6y3wxuddc02vcxtjg75pspnwz,2000000000000,MEXC
02536c02a0b9bf9b10ad226e45c04f6bb7d3b4986c0585770b5622d98ca47a9d,2024-10-05T01:32:02.928000,sent,kaspa:qpjunp39ssazf4rzfxxu0hd35xggfxn6lq0ls9u9q6peevzcmcv4xmv9q4njd,752796047715271,
f2eb3e959356c01fc6c10ee105436dcf57a1d932d6c7e4bd4c19a56718003b4c,2024-10-05T01:30:59.957000,received,kaspa:qpp5yapsgcsvknepz0xayd09x0wqa4l44flt2yyy8hnp28yh7mgk65z4dwqfy,4499995629,
f2eb3e959356c01fc6c10ee105436dcf57a1d932d6c7e4bd4c19a56718003b4c,2024-10-05T01:30:59.957000,received,kaspa:qr60htent3t2xhv92l0rtn27xkct8vgg6htnfwergdluuhj8yas8zaqlcgxu5,4499995629,
f2eb3e959356c01fc6c10ee105436dcf57a1d932d6c7e4bd4c19a56718003b4c,2024-10-05T01:30:59.957000,received,kaspa:qr60htent3t2xhv92l0rtn27xkct8vgg6htnfwergdluuhj8yas8zaqlcgxu5,4499995629,
514bb385fa7f0aab7a14b37c19bb4b73f2d43328b276707d89608529106d2296,2024-09-28T06:37:03.444000,sent,kaspa:qpjunp39ssazf4rzfxxu0hd35xggfxn6lq0ls9u9q6peevzcmcv4xmv9q4njd,1185212299886,
e73fe635afac579c1a5ebf479f70b541a2a270422e534814d2ca6755cecbd4fb,2024-09-28T06:01:26.358000,received,kaspa:qr23kvj2nsru8c3xwz5t8aqpt2xzkzjzjsw4dxta8j427n0epre22uq9xcc5f,12499993327,
e73fe635afac579c1a5ebf479f70b541a2a270422e534814d2ca6755cecbd4fb,2024-09-28T06:01:26.358000,received,kaspa:qr60htent3t2xhv92l0rtn27xkct8vgg6htnfwergdluuhj8yas8zaqlcgxu5,12499993327,
e73fe635afac579c1a5ebf479f70b541a2a270422e534814d2ca6755cecbd4fb,2024-09-28T06:01:26.358000,received,kaspa:qr60htent3t2xhv92l0rtn27xkct8vgg6htnfwergdluuhj8yas8zaqlcgxu5,12499993327,
e73fe635afac579c1a5ebf479f70b541a2a270422e534814d2ca6755cecbd4fb,2024-09-28T06:01:26.358000,received,kaspa:qr60htent3t2xhv92l0rtn27xkct8vgg6htnfwergdluuhj8yas8zaqlcgxu5,12499993327,
e73fe635afac579c1a5ebf479f70b541a2a270422e534814d2ca6755cecbd4fb,2024-09-28T06:01:26.358000,received,kaspa:qr60htent3t2xhv92l0rtn27xkct8vgg6htnfwergdluuhj8yas8zaqlcgxu5,12499993327,
4a583e178b008360f53146ae99f966fda9eb18b6f96c936f1197369c30382af1,2024-09-24T05:07:04.368000,sent,kaspa:qpzpfwcsqsxhxwup26r55fd0ghqlhyugz8cp6y3wxuddc02vcxtjg75pspnwz,2000000000000,MEXC
4a583e178b008360f53146ae99f966fda9eb18b6f96c936f1197369c30382af1,2024-09-24T05:07:04.368000,sent,kaspa:qpjunp39ssazf4rzfxxu0hd35xggfxn6lq0ls9u9q6peevzcmcv4xmv9q4njd,25031978202362906,
18e0080ea462ccc8e03262ffd215a4ca8de8eae833d945a05f6a14e9811b8187,2024-09-24T05:06:26.971000,received,kaspa:qrlw0m4zfjmcpqezukn9k76m0fmmyrsxpptdtqvq2tvm4ckcgwmczkhnhahdz,20000000000,
18e0080ea462ccc8e03262ffd215a4ca8de8eae833d945a05f6a14e9811b8187,2024-09-24T05:06:26.971000,received,kaspa:qr60htent3t2xhv92l0rtn27xkct8vgg6htnfwergdluuhj8yas8zaqlcgxu5,20000000000,
18e0080ea462ccc8e03262ffd215a4ca8de8eae833d945a05f6a14e9811b8187,2024-09-24T05:06:26.971000,received,kaspa:qr60htent3t2xhv92l0rtn27xkct8vgg6htnfwergdluuhj8yas8zaqlcgxu5,20000000000,
18e0080ea462ccc8e03262ffd215a4ca8de8eae833d945a05f6a14e9811b8187,2024-09-24T05:06:26.971000,received,kaspa:qr60htent3t2xhv92l0rtn27xkct8vgg6htnfwergdluuhj8yas8zaqlcgxu5,20000000000,
18e0080ea462ccc8e03262ffd215a4ca8de8eae833d945a05f6a14e9811b8187,2024-09-24T05:06:26.971000,received,kaspa:qr60htent3t2xhv92l0rtn27xkct8vgg6htnfwergdluuhj8yas8zaqlcgxu5,20000000000,
18e0080ea462ccc8e03262ffd215a4ca8de8eae833d945a05f6a14e9811b8187,2024-09-24T05:06:26.971000,received,kaspa:qr60htent3t2xhv92l0rtn27xkct8vgg6htnfwergdluuhj8yas8zaqlcgxu5,20000000000,
18e0080ea462ccc8e03262ffd215a4ca8de8eae833d945a05f6a14e9811b8187,2024-09-24T05:06:26.971000,received,kaspa:qr60htent3t2xhv92l0rtn27xkct8vgg6htnfwergdluuhj8yas8zaqlcgxu5,20000000000,
18e0080ea462ccc8e03262ffd215a4ca8de8eae833d945a05f6a14e9811b8187,2024-09-24T05:06:26.971000,received,kaspa:qr60htent3t2xhv92l0rtn27xkct8vgg6htnfwergdluuhj8yas8zaqlcgxu5,20000000000,
74cb25350177bd19274d1129981d5ddf39339abd61bb5ac4f2a99df2d532b708,2024-09-16T12:01:05.152000,sent,kaspa:qpzpfwcsqsxhxwup26r55fd0ghqlhyugz8cp6y3wxuddc02vcxtjg75pspnwz,2000000000000,MEXC
74cb25350177bd19274d1129981d5ddf39339abd61bb5ac4f2a99df2d532b708,2024-09-16T12:01:05.152000,sent,kaspa:qpjunp39ssazf4rzfxxu0hd35xggfxn6lq0ls9u9q6peevzcmcv4xmv9q4njd,32979781994659917,
a81b85de3b6a437e562027025ff22269cf71c40e3f6b2833d4207fed1d51d6ae,2024-09-16T11:59:57.861000,received,kaspa:qr590lsl5fhz3mj3frqnx55tqc9qvqap43v0v5q6j3kz2yphmzgmw4q85l3fy,9234961238,
879ed1ba854d631481cc1eef4999589e3d425f6f71cc198d8b276969c6f4001e,2024-09-15T05:17:05.676000,sent,kaspa:qpzpfwcsqsxhxwup26r55fd0ghqlhyugz8cp6y3wxuddc02vcxtjg75pspnwz,2000000000000,MEXC
879ed1ba854d631481cc1eef4999589e3d425f6f71cc198d8b276969c6f4001e,2024-09-15T05:17:05.676000,sent,kaspa:qpjunp39ssazf4rzfxxu0hd35xggfxn6lq0ls9u9q6peevzcmcv4xmv9q4njd,33702457353514954,
cce9df2e7be86fcb2350e345d628b5ef03fdce14da646d13e5586a88ffb4b565,2024-09-15T02:56:43.290000,received,kaspa:qr590lsl5fhz3mj3frqnx55tqc9qvqap43v0v5q6j3kz2yphmzgmw4q85l3fy,2091177213,
b046b8587989da09c18e0200068c3a5a67dc0c1d5a301b1237f818c37ab9ffb7,2024-09-14T04:37:34.524000,sent,kaspa:qpjunp39ssazf4rzfxxu0hd35xggfxn6lq0ls9u9q6peevzcmcv4xmv9q4njd,1921842802238,
8ca9c8eb1be931e284a8a661aaaf059fd6fb31a446c0b439d6b6ecfe99595fa8,2024-09-14T03:50:45.547000,received,kaspa:qr590lsl5fhz3mj3frqnx55tqc9qvqap43v0v5q6j3kz2yphmzgmw4q85l3fy,2202439142,
ec1c4317f0212e6d2a73fe71e41a30dc527495948980782d9a1c06b315f64b3e,2024-09-13T08:43:05.396000,sent,kaspa:qpzpfwcsqsxhxwup26r55fd0ghqlhyugz8cp6y3wxuddc02vcxtjg75pspnwz,2000000000000,MEXC
ec1c4317f0212e6d2a73fe71e41a30dc527495948980782d9a1c06b315f64b3e,2024-09-13T08:43:05.396000,sent,kaspa:qpjunp39ssazf4rzfxxu0hd35xggfxn6lq0ls9u9q6peevzcmcv4xmv9q4njd,39213933334639354,
84fdc1271db380abcadaac306b01c31ea141653d58504d4fa298bde36937e70e,2024-09-13T02:41:52.020000,received,kaspa:qr590lsl5fhz3mj3frqnx55tqc9qvqap43v0v5q6j3kz2yphmzgmw4q85l3fy,2320503172,
51f8f92b3a6e2da43cf938b73c5b193a42126d33ce2f7dce1498116543ea7363,2024-09-12T07:34:06.630000,sent,kaspa:qpzpfwcsqsxhxwup26r55fd0ghqlhyugz8cp6y3wxuddc02vcxtjg75pspnwz,2000000000000,MEXC
51f8f92b3a6e2da43cf938b73c5b193a42126d33ce2f7dce1498116543ea7363,2024-09-12T07:34:06.630000,sent,kaspa:qpjunp39ssazf4rzfxxu0hd35xggfxn6lq0ls9u9q6peevzcmcv4xmv9q4njd,42458822977960004,
779e0fe87bba0aa236e5052e9abedcc861bd68e1bb1ab86c4ac6cc1b3d0881fd,2024-09-12T03:05:10.665000,received,kaspa:qr590lsl5fhz3mj3frqnx55tqc9qvqap43v0v5q6j3kz2yphmzgmw4q85l3fy,2109127678,
3bbbd62cba7b831a080fac3819f0dfca4329991b48d85b8f5606ca79810f0eb0,2024-09-11T05:57:35.843000,sent,kaspa:qpzpfwcsqsxhxwup26r55fd0ghqlhyugz8cp6y3wxuddc02vcxtjg75pspnwz,2000000000000,MEXC
3bbbd62cba7b831a080fac3819f0dfca4329991b48d85b8f5606ca79810f0eb0,2024-09-11T05:57:35.843000,sent,kaspa:qpjunp39ssazf4rzfxxu0hd35xggfxn6lq0ls9u9q6peevzcmcv4xmv9q4njd,45611557503269659,
aad0163fc836910db49f018e396c8bbd7a29dbfb12d1a61e5557a61d02fb5f9b,2024-09-11T04:29:48.867000,received,kaspa:qr590lsl5fhz3mj3frqnx55tqc9qvqap43v0v5q6j3kz2yphmzgmw4q85l3fy,2144644192,
3c70252aace98a470932ea5ade0257c04bf55143a067d57146799256835c3f8d,2024-09-10T06:27:36.990000,sent,kaspa:qpzpfwcsqsxhxwup26r55fd0ghqlhyugz8cp6y3wxuddc02vcxtjg75pspnwz,2000000000000,MEXC
3c70252aace98a470932ea5ade0257c04bf55143a067d57146799256835c3f8d,2024-09-10T06:27:36.990000,sent,kaspa:qpjunp39ssazf4rzfxxu0hd35xggfxn6lq0ls9u9q6peevzcmcv4xmv9q4njd,48279828038200449,
88ff970f16f7473a13c206d837331a309717bcdcbe1e80d866544edfa81aba99,2024-09-10T03:08:04.864000,received,kaspa:qr590lsl5fhz3mj3frqnx55tqc9qvqap43v0v5q6j3kz2yphmzgmw4q85l3fy,2190117756,
a6a5e7864f076cd7fe0bee259503b514359dd187fb0faa0d7f01fc50f0608270,2024-09-09T10:56:34.251000,sent,kaspa:qpjunp39ssazf4rzfxxu0hd35xggfxn6lq0ls9u9q6peevzcmcv4xmv9q4njd,231259127617,
a55ec002bf8bb5871f945ad8bcbf642bbe02180d2221f333b02e16293fc4d876,2024-09-09T03:06:16.750000,received,kaspa:qr590lsl5fhz3mj3frqnx55tqc9qvqap43v0v5q6j3kz2yphmzgmw4q85l3fy,2160166323,
f08d3d57bd51e6be27eb684514a04c5d65c0a96b7001bd1e688e3d8d6614cb3a,2024-09-08T03:22:07.291000,sent,kaspa:qpzpfwcsqsxhxwup26r55fd0ghqlhyugz8cp6y3wxuddc02vcxtjg75pspnwz,2000000000000,MEXC
f08d3d57bd51e6be27eb684514a04c5d65c0a96b7001bd1e688e3d8d6614cb3a,2024-09-08T03:22:07.291000,sent,kaspa:qpjunp39ssazf4rzfxxu0hd35xggfxn6lq0ls9u9q6peevzcmcv4xmv9q4njd,54665287350480544,
eef4185db49aad078491d734cd3bd5970f0f89ebb56d396eb7a8c319206f37d2,2024-09-08T03:20:02.224000,received,kaspa:qr590lsl5fhz3mj3frqnx55tqc9qvqap43v0v5q6j3kz2yphmzgmw4q85l3fy,2185154135,
e8f50b9746c8ee430e1489b629745a625b447db3c0d1236575cdff4a9e6e6c07,2024-09-07T08:22:05.683000,sent,kaspa:qpzpfwcsqsxhxwup26r55fd0ghqlhyugz8cp6y3wxuddc02vcxtjg75pspnwz,2000000000000,MEXC
e8f50b9746c8ee430e1489b629745a625b447db3c0d1236575cdff4a9e6e6c07,2024-09-07T08:22:05.683000,sent,kaspa:qpjunp39ssazf4rzfxxu0hd35xggfxn6lq0ls9u9q6peevzcmcv4xmv9q4njd,56823701937384860,
ae77b3f073c2f87e97e760fd2ddf91d6ba65e98fcb01b14ea511031d52f72ca9,2024-09-07T03:42:14.387000,received,kaspa:qr590lsl5fhz3mj3frqnx55tqc9qvqap43v0v5q6j3kz2yphmzgmw4q85l3fy,2151789006,
15cbe4ab6d201eb4c1d4fbdf2b2f4f31c840ba5ca5b820c393b9aae4dea2040e,2024-09-06T03:30:36.869000,sent,kaspa:qpzpfwcsqsxhxwup26r55fd0ghqlhyugz8cp6y3wxuddc02vcxtjg75pspnwz,2000000000000,MEXC
15cbe4ab6d201eb4c1d4fbdf2b2f4f31c840ba5ca5b820c393b9aae4dea2040e,2024-09-06T03:30:36.869000,sent,kaspa:qpjunp39ssazf4rzfxxu0hd35xggfxn6lq0ls9u9q6peevzcmcv4xmv9q4njd,59882056962006891,
e87a2d95f42b310fd01626128d93894aab0193d19b4716c763b8e8f4a62fd6bd,2024-09-06T03:29:49.137000,received,kaspa:qr590lsl5fhz3mj3frqnx55tqc9qvqap43v0v5q6j3kz2yphmzgmw4q85l3fy,2176132530,
ed5d1feee98e03a7d3a639d4d53a343a401e4f2b257bef94e6559f5410b885df,2024-09-05T13:38:37.555000,sent,kaspa:qpjunp39ssazf4rzfxxu0hd35xggfxn6lq0ls9u9q6peevzcmcv4xmv9q4njd,255464191662,
b3d695bb32f75af0479c6a487cf1e7cb880c33480eaa5d5235d52bbe314542d9,2024-09-05T05:20:20.230000,received,kaspa:qr590lsl5fhz3mj3frqnx55tqc9qvqap43v0v5q6j3kz2yphmzgmw4q85l3fy,2354266466,
6f3fb91de3da15b2f16a3a6642cad21994788206145c2b95e7504435e222c96d,2024-09-04T08:17:06.652000,sent,kaspa:qpjunp39ssazf4rzfxxu0hd35xggfxn6lq0ls9u9q6peevzcmcv4xmv9q4njd,1803574814280,
39e3a3b038058e147d5aa09e84429fef19352e0ccaae941bfe7a7455903a544d,2024-09-04T04:45:27.604000,received,kaspa:qr590lsl5fhz3mj3frqnx55tqc9qvqap43v0v5q6j3kz2yphmzgmw4q85l3fy,2439798103,
588a9530409ec3bfba8723d19288e2f059df084cda3a7b9903121fc0bcd023a5,2024-09-03T05:02:36.522000,sent,kaspa:qpzpfwcsqsxhxwup26r55fd0ghqlhyugz8cp6y3wxuddc02vcxtjg75pspnwz,2000000000000,MEXC
588a9530409ec3bfba8723d19288e2f059df084cda3a7b9903121fc0bcd023a5,2024-09-03T05:02:36.522000,sent,kaspa:qpjunp39ssazf4rzfxxu0hd35xggfxn6lq0ls9u9q6peevzcmcv4xmv9q4njd,67113951986307840,
bad74b3b95e189dc695b0154d2d6ad2b705446b8cbd56ad429daaa931e6116f7,2024-09-03T04:12:25.562000,received,kaspa:qr590lsl5fhz3mj3frqnx55tqc9qvqap43v0v5q6j3kz2yphmzgmw4q85l3fy,2432599922,
705144cb6a92c4031abfb08c89040c5792a86b2e2e3b04264e682deb05fccf7b,2024-09-02T08:14:34.232000,sent,kaspa:qpzpfwcsqsxhxwup26r55fd0ghqlhyugz8cp6y3wxuddc02vcxtjg75pspnwz,2000000000000,MEXC
705144cb6a92c4031abfb08c89040c5792a86b2e2e3b04264e682deb05fccf7b,2024-09-02T08:14:34.232000,sent,kaspa:qpjunp39ssazf4rzfxxu0hd35xggfxn6lq0ls9u9q6peevzcmcv4xmv9q4njd,69096601652582587,
e19338f9f190ff88f932e1d29b8c1a56805a0811cecb7a0d2fd007c563a72821,2024-09-02T02:52:11.458000,received,kaspa:qr590lsl5fhz3mj3frqnx55tqc9qvqap43v0v5q6j3kz2yphmzgmw4q85l3fy,2487545069,
a0f455abc01bc8d7be88b16ccc8aebc91e74b657a2c79bf6258e923f10f0ef04,2024-09-01T06:22:39.550000,sent,kaspa:qpzpfwcsqsxhxwup26r55fd0ghqlhyugz8cp6y3wxuddc02vcxtjg75pspnwz,2000000000000,MEXC
a0f455abc01bc8d7be88b16ccc8aebc91e74b657a2c79bf6258e923f10f0ef04,2024-09-01T06:22:39.550000,sent,kaspa:qpjunp39ssazf4rzfxxu0hd35xggfxn6lq0ls9u9q6peevzcmcv4xmv9q4njd,71629710993400304,
e97be102f367709d853f2186442364a137f0671394aa1a5f0ee56ee9d7c8235d,2024-09-01T06:22:04.150000,received,kaspa:qr590lsl5fhz3mj3frqnx55tqc9qvqap43v0v5q6j3kz2yphmzgmw4q85l3fy,2413135154,
703e254f1e922067784950633e245f02566f18d303f38be8f1fabc4dde9b7b9a,2024-08-31T05:17:40.701000,sent,kaspa:qpjunp39ssazf4rzfxxu0hd35xggfxn6lq0ls9u9q6peevzcmcv4xmv9q4njd,1917624194554,
fc69c3a4448b775ec34344394fca82ffb0887a2b42c0c2d33b23a5879c059831,2024-08-31T02:54:40.983000,received,kaspa:qr590lsl5fhz3mj3frqnx55tqc9qvqap43v0v5q6j3kz2yphmzgmw4q85l3fy,2405742809,
37f516cc5c92952a710b740ddbeb168482e02924ced39dd12f59f42040396b59,2024-08-30T07:47:07.357000,sent,kaspa:qpjunp39ssazf4rzfxxu0hd35xggfxn6lq0ls9u9q6peevzcmcv4xmv9q4njd,176029370293,
1e4f7c8044c065934e0cd8505fcf03238da2a760d382c5cbdf2230698b1f9918,2024-08-30T07:38:04.923000,sent,kaspa:qpjunp39ssazf4rzfxxu0hd35xggfxn6lq0ls9u9q6peevzcmcv4xmv9q4njd,228442552096,
1e4f7c8044c065934e0cd8505fcf03238da2a760d382c5cbdf2230698b1f9918,2024-08-30T07:38:04.923000,sent,kaspa:qpjunp39ssazf4rzfxxu0hd35xggfxn6lq0ls9u9q6peevzcmcv4xmv9q4njd,228442552096,
802f1bb58f1dc4f71d9d696d855a308defc8bf6a21feb405c75f95bc579c6cfd,2024-08-30T07:35:37.488000,sent,kaspa:qpjunp39ssazf4rzfxxu0hd35xggfxn6lq0ls9u9q6peevzcmcv4xmv9q4njd,237239970583,
1dd09949f2956f03e7e90e717a0dd005988be927c2f2e19904ebb7c7adf9a596,2024-08-30T07:33:08.049000,sent,kaspa:qpjunp39ssazf4rzfxxu0hd35xggfxn6lq0ls9u9q6peevzcmcv4xmv9q4njd,243128639585,
f915d7a16c6406ff3966569ab6d442811bdd25861a6c62dd1d1d1cc7a4178ddb,2024-08-30T07:31:07.372000,sent,kaspa:qpjunp39ssazf4rzfxxu0hd35xggfxn6lq0ls9u9q6peevzcmcv4xmv9q4njd,178972361330,
f19ba74f0ec675ae200c71243ade6939fa4296356ca99be1d50d893d15bc2d17,2024-08-30T07:09:06.420000,sent,kaspa:qpjunp39ssazf4rzfxxu0hd35xggfxn6lq0ls9u9q6peevzcmcv4xmv9q4njd,272772531136,
51200f5d6ca2ce56b56c7917e23645e5d3a52ca5d3b1e10cd195a0023f3d32fe,2024-08-30T05:44:06.066000,sent,kaspa:qpjunp39ssazf4rzfxxu0hd35xggfxn6lq0ls9u9q6peevzcmcv4xmv9q4njd,351874006211,
22af60d7c63a849e19ba6a90fa56f536126213947710ec75088a6e0df2f750b5,2024-08-30T02:50:12.439000,received,kaspa:qr590lsl5fhz3mj3frqnx55tqc9qvqap43v0v5q6j3kz2yphmzgmw4q85l3fy,2599275495,
988c998d0a7b1e4a3af2f711db75c4643fb38f62d8ca79f98abb2922c1021ab1,2024-08-30T01:32:04.789000,sent,kaspa:qpjunp39ssazf4rzfxxu0hd35xggfxn6lq0ls9u9q6peevzcmcv4xmv9q4njd,875151570951,
acfc82f85ccc8be4199ca0dbcb02ab7072cf6c5386e407cb9d32c08d0eb92492,2024-08-29T22:40:05.536000,sent,kaspa:qpjunp39ssazf4rzfxxu0hd35xggfxn6lq0ls9u9q6peevzcmcv4xmv9q4njd,888675805469,
efdbca91a75a118045cedcb0823e65aacf56f4db91d25d20ab2686ba42b84703,2024-08-29T03:01:13.969000,received,kaspa:qr590lsl5fhz3mj3frqnx55tqc9qvqap43v0v5q6j3kz2yphmzgmw4q85l3fy,2768565098,
40db526df8c2a38599ab09e1d4b6c9741e50a10641daca614bbf9442af3ddd6d,2024-08-28T02:44:32.714000,received,kaspa:qr590lsl5fhz3mj3frqnx55tqc9qvqap43v0v5q6j3kz2yphmzgmw4q85l3fy,9801437629,
3a92d29f20ce28d0b4cd03b016ec8943e69fbb2283970efd3ccb3b9b84884e64,2024-08-24T10:38:10.460000,received,kaspa:qzu03t6rfmv72u9wr9kjzcnxfpe3z54htdumvsmj6y9y5jrlxal0u7weyjec2,2700000000,
3a92d29f20ce28d0b4cd03b016ec8943e69fbb2283970efd3ccb3b9b84884e64,2024-08-24T10:38:10.460000,received,kaspa:qr60htent3t2xhv92l0rtn27xkct8vgg6htnfwergdluuhj8yas8zaqlcgxu5,2700000000,
e37e5cf6bc504a7d3f666490fac8a6390a12c6c801c4b409b19874de7038d7ee,2024-08-23T04:06:37.804000,received,kaspa:qrj9k3cakdjfjdct3yuwrf08ucyzwlg24pglu794ergjanzq5axeqkgsz8g0n,2599996780,
e37e5cf6bc504a7d3f666490fac8a6390a12c6c801c4b409b19874de7038d7ee,2024-08-23T04:06:37.804000,received,kaspa:qr60htent3t2xhv92l0rtn27xkct8vgg6htnfwergdluuhj8yas8zaqlcgxu5,2599996780,
7c5fe719254203d87b25c31781d87bac5f369c3fdd7d8463405b10eaa5d8640f,2024-08-22T03:50:29.917000,received,kaspa:qrvdmnj6yuyncwsv5enk99tezg0rxzjex2qjk2qf8j645efxstzgqes4alsz6,10099996780,
7c5fe719254203d87b25c31781d87bac5f369c3fdd7d8463405b10eaa5d8640f,2024-08-22T03:50:29.917000,received,kaspa:qr60htent3t2xhv92l0rtn27xkct8vgg6htnfwergdluuhj8yas8zaqlcgxu5,10099996780,
cc51976301f9156ced551139074089e00f64dab46d6d5332b70b2e5f340b9272,2024-08-16T05:38:37.800000,received,kaspa:qrdced9j0szfh874nn6ayjw7g7duuh9sgj8hzyqp4xl63gn6kyyk5p465fqxz,3100000000,
cc51976301f9156ced551139074089e00f64dab46d6d5332b70b2e5f340b9272,2024-08-16T05:38:37.800000,received,kaspa:qr60htent3t2xhv92l0rtn27xkct8vgg6htnfwergdluuhj8yas8zaqlcgxu5,3100000000,
3db85b80e912ad20cb117b0a7898609ac9da2c8aa0e628a87db8ef8e4374dc5b,2024-08-14T19:39:54,received,kaspa:qpzguadqze3s998ph33vc4nuyzld0puvheadqklypf528d6evg792hstxxgty,2889996780,
3db85b80e912ad20cb117b0a7898609ac9da2c8aa0e628a87db8ef8e4374dc5b,2024-08-14T19:39:54,received,kaspa:qr60htent3t2xhv92l0rtn27xkct8vgg6htnfwergdluuhj8yas8zaqlcgxu5,2889996780,
caf436735017ca7cfbc9f58d0789554f2ddb27af5be567ea400bde4fdf3eb0fa,2024-08-12T06:00:44.107000,received,kaspa:qrkw86qghqk06psdtr8tymrwylxjd7qgv5wymx5g4wj4wre5p5z96ahye3ca2,3999996780,
caf436735017ca7cfbc9f58d0789554f2ddb27af5be567ea400bde4fdf3eb0fa,2024-08-12T06:00:44.107000,received,kaspa:qr60htent3t2xhv92l0rtn27xkct8vgg6htnfwergdluuhj8yas8zaqlcgxu5,3999996780,
ea996b6c6d753032d62dba6d693d96ecd5fa43979a985e3cecda2c2c083e7cff,2024-08-10T15:25:21.810000,received,kaspa:qr60htent3t2xhv92l0rtn27xkct8vgg6htnfwergdluuhj8yas8zaqlcgxu5,2000002069,
