tx_id,timestamp,direction,peer_address,amount_sompi,cex_label
dead6a9d04f2fefa63eebce94f145305c04adb86b0a45213561fbc2e2cac6ae0,2023-12-13T14:48:33.732000,sent,kaspa:qqksuvge6flgfypvk2t6mc6xkj055fwr42c90kuf8hc2mgp5lnnmuctxpsh5v,172970000,
dead6a9d04f2fefa63eebce94f145305c04adb86b0a45213561fbc2e2cac6ae0,2023-12-13T14:48:33.732000,sent,kaspa:qqksuvge6flgfypvk2t6mc6xkj055fwr42c90kuf8hc2mgp5lnnmuctxpsh5v,172970000,
e7bda92820405f3768ad751a97a335b432c6642eef9203857fc1dcbdaff55526,2023-12-12T07:14:39.440000,received,kaspa:qypswxtcrv4ssyjaswy5w9387vq73mkuyq85tl34cee6qn5uexqy0csgnafnjx7,171000000,
6297138a391952d758dd6826e1141b838201541a8bbfbeee0df7a4072e5756ec,2023-11-28T08:44:43.617000,sent,kaspa:qypk7hycjsmtwwgahd9e38yz264suz5dwm8sd6rsk0hwrjef8fq5z6g3zjmmz2j,18000000,
77a26b15bdfda4e84393f94555470c59c00f5bd2c0270d7a33b668c9421abe05,2023-11-28T08:23:06.716000,received,kaspa:qqn5tz3j8ped8ka8d6j8lg92yjr4mtv4vye9c6x08shhrvnhc3422glr5ggvp,20000000,
