tx_id,timestamp,direction,peer_address,amount_sompi,cex_label
e0cba976eb6781906b7f15ae7f312bc784e2788d4adb2f0d0926c44d79cbf0c2,2023-12-16T05:10:51.825000,sent,kaspa:qzslgwenzu78t6tldlng383g7ruu4enaljmnkgaulyrscjp7ldt26x8gfxck5,171940000,
e0cba976eb6781906b7f15ae7f312bc784e2788d4adb2f0d0926c44d79cbf0c2,2023-12-16T05:10:51.825000,sent,kaspa:qzslgwenzu78t6tldlng383g7ruu4enaljmnkgaulyrscjp7ldt26x8gfxck5,171940000,
825c4aadce118e63954a0ddb5cc9391c255e7af9a649507aee6c214a67930fdb,2023-12-13T04:04:46.629000,received,kaspa:qypswxtcrv4ssyjaswy5w9387vq73mkuyq85tl34cee6qn5uexqy0csgnafnjx7,171000000,
3ad8652f3bb2b3236c5aa50fcc685d8533ba2fd999e5b551deccd93469eeee80,2023-11-29T19:18:37.182000,sent,kaspa:qypahryjw4fxznk9269ugrnac9hf9t9rknxxc975hvdt0r36zc0pd7gypuy4wq5,18000000,
875776536619fd9ddf9eb1be9054a4d9398ce9d8164ae70d21139263b7021b38,2023-11-28T15:51:23.038000,received,kaspa:qrkclx2pp900t87vw8euqesglvsmga562wsf9w8s5x6exatxmtylkpv9rgltf,19000000,
