tx_id,timestamp,direction,peer_address,amount_sompi,cex_label
453e2450a21b3ff4199922eb691fa0dfe9625a41d562331d902d7beee50ace95,2024-03-18T21:01:24.609000,sent,kaspa:qqhtqy20alj7rs4skfg43hdjtluv85xgz5q8z6zthrf3j2y568nfwn2l2c9q6,113000000000,
453e2450a21b3ff4199922eb691fa0dfe9625a41d562331d902d7beee50ace95,2024-03-18T21:01:24.609000,sent,kaspa:qqhtqy20alj7rs4skfg43hdjtluv85xgz5q8z6zthrf3j2y568nfwn2l2c9q6,113000000000,
499ccde00bb66fb78de2b7f9f7f194c6c0fce0049c1c28c76074b82c82e454d6,2024-03-18T20:59:19.888000,received,kaspa:qq9zagcza4jt76eev9jl5z0nqhe0thcu7js8larktj4sle7lvgnw7sfcewlty,112628666557,
499ccde00bb66fb78de2b7f9f7f194c6c0fce0049c1c28c76074b82c82e454d6,2024-03-18T20:59:19.888000,received,kaspa:qq9zagcza4jt76eev9jl5z0nqhe0thcu7js8larktj4sle7lvgnw7sfcewlty,112628666557,
1faf954e4f3666bbc22b1e762c0e828c89bda99ede8b137a74c7cb16888fb8b1,2024-03-18T20:49:56.905000,sent,kaspa:qqhtqy20alj7rs4skfg43hdjtluv85xgz5q8z6zthrf3j2y568nfwn2l2c9q6,211600000000,
4a4ea4e2a4ad258cd172a2b180bf845af0ef0cde70be5e0e8807c53211cc69d1,2023-12-03T16:08:18.030000,sent,kaspa:qqhtqy20alj7rs4skfg43hdjtluv85xgz5q8z6zthrf3j2y568nfwn2l2c9q6,430000000000,
f31c18f4a2fb904f0f33f38fc64a06cb14c5547b555320aef9c10461e1904652,2023-12-03T15:48:29.279000,sent,kaspa:qqhtqy20alj7rs4skfg43hdjtluv85xgz5q8z6zthrf3j2y568nfwn2l2c9q6,7000000000,
f31c18f4a2fb904f0f33f38fc64a06cb14c5547b555320aef9c10461e1904652,2023-12-03T15:48:29.279000,sent,kaspa:qqhtqy20alj7rs4skfg43hdjtluv85xgz5q8z6zthrf3j2y568nfwn2l2c9q6,7000000000,
77667e06f3d735f52015c15c42649234d543ea801fd04d0a1abd65b6139e6297,2023-06-02T19:43:31.187000,received,kaspa:qq3k4du6wf2g26j7ds6fqmgtgavgm3zy676wntp2e52nsuns2n4s6xkndmx0y,318708130000,
1a36f4e194aaf6256f2301a0799b794aef10312abb9c4943d00496e6a94ab45c,2023-04-19T16:46:12.345000,received,kaspa:qqetp7ct8kqss99fxmymyz5t3fezppxp0t58wl6pawp27elqd46uudme00cl0,330974000000,
