tx_id,timestamp,direction,peer_address,amount_sompi,cex_label
e423f031f38ef3c47b552de2999f2ee38773994df187216e9b72ba5b6005eaf4,2023-12-16T04:21:40.422000,sent,kaspa:qzslgwenzu78t6tldlng383g7ruu4enaljmnkgaulyrscjp7ldt26x8gfxck5,171940000,
e423f031f38ef3c47b552de2999f2ee38773994df187216e9b72ba5b6005eaf4,2023-12-16T04:21:40.422000,sent,kaspa:qzslgwenzu78t6tldlng383g7ruu4enaljmnkgaulyrscjp7ldt26x8gfxck5,171940000,
8f8d3f47e2ce7632dcb0c29b30bdecd266afea4e8353a30735b0dc1de640d9c3,2023-12-12T10:07:39.359000,received,kaspa:qypswxtcrv4ssyjaswy5w9387vq73mkuyq85tl34cee6qn5uexqy0csgnafnjx7,171000000,
b93d2a125b99544884223fba6ebf9ffdbf8d909cea38f1ccc703d24881bb19f2,2023-11-28T14:17:26.119000,sent,kaspa:qypczvsd02ff3tgd9rajay5gnt5c2t5303qnepg4vd3954hv994jkhcsnxm6h6l,18000000,
7d7a8f5d3d77a6a829fe33777a5dc7be375146cac811bff3d122306891ff193f,2023-11-27T08:43:08.962000,received,kaspa:qpqx4wpyukq68x0ld6shf0meucep064jufpyyzk5a4gnut8pntjx7d6cw9z8c,19000000,
