tx_id,timestamp,direction,peer_address,amount_sompi,cex_label
94018929120f6e752afda2332dd1c1aa94a094879703f597d033cba114282910,2023-12-16T04:21:00.585000,sent,kaspa:qzslgwenzu78t6tldlng383g7ruu4enaljmnkgaulyrscjp7ldt26x8gfxck5,171940000,
94018929120f6e752afda2332dd1c1aa94a094879703f597d033cba114282910,2023-12-16T04:21:00.585000,sent,kaspa:qzslgwenzu78t6tldlng383g7ruu4enaljmnkgaulyrscjp7ldt26x8gfxck5,171940000,
5ddbee1b45bf7bfa10822c961783f30e3338d66b2130a078564a310a13fae860,2023-12-12T15:32:19.899000,received,kaspa:qypswxtcrv4ssyjaswy5w9387vq73mkuyq85tl34cee6qn5uexqy0csgnafnjx7,171000000,
d49ac3ada69c10268ef7bd36a5e12db1630d83ef068f6807be59c7711f400fdd,2023-11-29T01:43:12.567000,sent,kaspa:qypt80r3kwaqyme6pgfcra5z3xp3kc8xe90m707ql3zshrscyrtlj8gtctglkrh,18000000,
b8fce02b3185ee576843860f6ef43f6eedb6785df79ebde3e1ca0e59ae18a285,2023-11-28T21:43:12.141000,received,kaspa:qznsqyf0c6lpntrap2url6fu7vjep5qcq6q47lg25zhv5d3dpkv5wjejk2su4,19000000,
