tx_id,timestamp,direction,peer_address,amount_sompi,cex_label
6e685e4d095c32c8820b00a4967e04e748d8e376e4105d24428a04481b193ece,2023-12-16T04:23:38.232000,sent,kaspa:qzslgwenzu78t6tldlng383g7ruu4enaljmnkgaulyrscjp7ldt26x8gfxck5,171940000,
6e685e4d095c32c8820b00a4967e04e748d8e376e4105d24428a04481b193ece,2023-12-16T04:23:38.232000,sent,kaspa:qzslgwenzu78t6tldlng383g7ruu4enaljmnkgaulyrscjp7ldt26x8gfxck5,171940000,
dd3a15cf207882417a3074f05789ed0b854f458c5dc38baee49c75f736b7925e,2023-12-12T16:53:58.339000,received,kaspa:qypswxtcrv4ssyjaswy5w9387vq73mkuyq85tl34cee6qn5uexqy0csgnafnjx7,171000000,
3c95a91a6c5236722291b2cddb5e8d970af4497aae28261cdd7d91a8042dda56,2023-11-29T04:45:38.487000,sent,kaspa:qyp349xddnhce5f0uz9tse4mus08mflzw7ur3lnjpr0srcsrhhanlfcmcl9ky4h,18000000,
7b81835f9b1bd535622aed66d57c9203e13e835629851b01480df4708b062d63,2023-11-29T01:48:45.925000,received,kaspa:qpedmf364umpvsyuzxh5lcnd0uq690kpewh2m64nphtu53uyflsex8djflldj,19000000,
