tx_id,timestamp,direction,peer_address,amount_sompi,cex_label
b687b45bdae1e2f54f54f22a09c64a47f16ac08539c652cbf97db0b789954eda,2023-12-16T04:53:15.297000,sent,kaspa:qzslgwenzu78t6tldlng383g7ruu4enaljmnkgaulyrscjp7ldt26x8gfxck5,342940000,
b687b45bdae1e2f54f54f22a09c64a47f16ac08539c652cbf97db0b789954eda,2023-12-16T04:53:15.297000,sent,kaspa:qzslgwenzu78t6tldlng383g7ruu4enaljmnkgaulyrscjp7ldt26x8gfxck5,342940000,
b687b45bdae1e2f54f54f22a09c64a47f16ac08539c652cbf97db0b789954eda,2023-12-16T04:53:15.297000,sent,kaspa:qzslgwenzu78t6tldlng383g7ruu4enaljmnkgaulyrscjp7ldt26x8gfxck5,342940000,
1e27cb3852105b38485d177003ff6ee4741146568677ad388ad85ff7f70729e8,2023-12-12T23:25:54.509000,received,kaspa:qypswxtcrv4ssyjaswy5w9387vq73mkuyq85tl34cee6qn5uexqy0csgnafnjx7,171000000,
2538b22fc8ddf64fa92ee764a7916187cd884bf78b515b55eeb0d827eb05716c,2023-12-10T20:42:51.609000,received,kaspa:qyp70qht6pjqk2yl6cwl2n296pgcnwmtj8w0clcle08m5p8yu4tg7kgvv4n0qrg,171000000,
d548eb440a738c39811c18e1d2f792cad9d65f4eaf5798083c89ecf2449efbd0,2023-11-29T14:57:44.862000,sent,kaspa:qypxrsw4vdwtrch5tej2heh7c57fwxnszgq584pynkc3kmgfnf7tpzslaeyfu6x,18000000,
01ce10ee1a51a05ef8f7705a28046ace19f65e7f87c8aa28ebc38a82507669ea,2023-11-27T20:56:07.662000,received,kaspa:qqrcr5cggyyldclcetquafmfz382dt6zft83pg3sz20wm2zegdceku03tecys,19000000,
