tx_id,timestamp,direction,peer_address,amount_sompi,cex_label
449bd7927d9076892e9eca46118b8f3282d9761df633e6ad1f6ca3d7953b1978,2023-12-18T08:31:48.100000,sent,kaspa:qrkaxvl2tw6pq6zx9xrr9lqnt9x72upf0hsrp3cvgcmfz77m50ycua35nz200,172970000,
449bd7927d9076892e9eca46118b8f3282d9761df633e6ad1f6ca3d7953b1978,2023-12-18T08:31:48.100000,sent,kaspa:qrkaxvl2tw6pq6zx9xrr9lqnt9x72upf0hsrp3cvgcmfz77m50ycua35nz200,172970000,
802fa65a9bc4304bdeef5b6d49d6a2e762af2a292b721b34890c61649c76cfdd,2023-12-12T15:24:01.044000,received,kaspa:qypswxtcrv4ssyjaswy5w9387vq73mkuyq85tl34cee6qn5uexqy0csgnafnjx7,171000000,
e75a4ede2a3a76e9ea3be71993230124269a4a9f10e648a29eb3712a2d37de2c,2023-11-29T01:37:04.221000,sent,kaspa:qypxnyndh08evkl0sdtrk2rvfryryl5lz888w53asqcwje5g8rcng2gpyr7ct2j,18000000,
405abe5c3a725a26cbd6b02b980c9a7b10be723cab4cecd335211735d50c7ec0,2023-11-28T09:23:20.270000,received,kaspa:qpdmz5tuguqljj3fgqkcl7377v52ea9xuhjlt75r28j8lkfmegqkspu6tk0qq,20000000,
