tx_id,timestamp,direction,peer_address,amount_sompi,cex_label
a9a20f8d3ca09265ff26f64396390e4135799f940ce638587d32350c19432448,2023-12-16T03:17:03,sent,kaspa:qzslgwenzu78t6tldlng383g7ruu4enaljmnkgaulyrscjp7ldt26x8gfxck5,171940000,
a9a20f8d3ca09265ff26f64396390e4135799f940ce638587d32350c19432448,2023-12-16T03:17:03,sent,kaspa:qzslgwenzu78t6tldlng383g7ruu4enaljmnkgaulyrscjp7ldt26x8gfxck5,171940000,
92c2a91c4c6dc6a2d98d69960f2aad7789e5cb50b56e8d0dff06ec11f94d5a2d,2023-12-12T04:09:08.864000,received,kaspa:qypswxtcrv4ssyjaswy5w9387vq73mkuyq85tl34cee6qn5uexqy0csgnafnjx7,171000000,
bbb9e0dd5363f5c321089e5f06e30030a4f16118d3543ad28bd23cdad687d8f5,2023-11-28T02:59:44.249000,sent,kaspa:qyppw03c3qachgvpjnfvzakdelucfksl8xyctnz8y33lp28k6gwra6gad6lcw9p,18000000,
d0c7c2aba9b09fc0cf98f4fb00c00dc5cf98889f21f26215d0f6405d04ec8f45,2023-11-28T02:41:04.527000,received,kaspa:qrvhmu7g3ykxqglvqnr3nqx22rs6fq2dz3mf5n25qlwz5ytpksv3q4lju593m,19000000,
