tx_id,timestamp,direction,peer_address,amount_sompi,cex_label
5743353f5e5f92e603df8e39d0b4d168c7c1060f5ffaa761f73368a56319f27c,2023-12-16T05:12:11.605000,sent,kaspa:qzslgwenzu78t6tldlng383g7ruu4enaljmnkgaulyrscjp7ldt26x8gfxck5,171940000,
5743353f5e5f92e603df8e39d0b4d168c7c1060f5ffaa761f73368a56319f27c,2023-12-16T05:12:11.605000,sent,kaspa:qzslgwenzu78t6tldlng383g7ruu4enaljmnkgaulyrscjp7ldt26x8gfxck5,171940000,
b563e41539ecfe023ad6aacba5ad585d3eae88265970f92bcc49803fa768959b,2023-12-13T03:27:02.871000,received,kaspa:qypswxtcrv4ssyjaswy5w9387vq73mkuyq85tl34cee6qn5uexqy0csgnafnjx7,171000000,
fc5ee2d42b77e41ff7a18555debaae83aff81755eab86c2d5b06522a9dd3cad5,2023-11-29T18:41:23.925000,sent,kaspa:qypk94x6dem73c9dy84dq9dtmysjrl0n73lrp4qq4xg34ku397j2fvquzujgkgn,18000000,
790c1ee77a481fcb87d8fc86d7d3c2fb686a440c9aa81ecdb713050f964c6377,2023-11-28T11:55:12.862000,received,kaspa:qz6xn8qdjqjdkwq7hhrsfdtv53zq2xu8pdwy4jnlw2nkx2gq7hsjk26ukzwpq,19000000,
