tx_id,timestamp,direction,peer_address,amount_sompi,cex_label
f2291493f18361f94039c791535f8c88a08a9a39070e11512cd3b10bc0a94bc9,2023-11-25T10:52:58.331000,sent,kaspa:qqz4cjkm3q2dk3wm32yp3w9vjklfm9274yyf2mwf99ulrykfvzszy32hz652q,100000000000,
f2291493f18361f94039c791535f8c88a08a9a39070e11512cd3b10bc0a94bc9,2023-11-25T10:52:58.331000,sent,kaspa:qpuq2vdnd6usvqt07zu2nsu9ay9ft6js32huzhnkv5snghahkkutujmp0prld,1312013255715,
bcc9ef02d1e461bd31cde17f13731e71a801c038fd7b2d4434e78ddf37a3ddb1,2023-10-02T16:46:05.899000,received,kaspa:qqetp7ct8kqss99fxmymyz5t3fezppxp0t58wl6pawp27elqd46uudme00cl0,1400000000000,
aaee7d94b2c226cacc3eeb7d6706ad5e644d3331399f4dcb87b8d57d6808fc7e,2023-07-22T13:38:54.425000,sent,kaspa:qztu7k0fzcmtfpx465v0sjh4t5e9y26jufpsp6e97vv7jnvxnpuaq73ugmyz3,3850856633915,
4b12427f330cab1b59131756a9390a8e9330ac7ab255d8b6da19c84c3aa1a0b3,2023-06-15T08:26:11.295000,received,kaspa:qypkrlwryq20jfyv5yk74wystnr6fnxq5dfeq4a9n2nhfaht8gngrjs0czzmtyx,10000000000,
4b12427f330cab1b59131756a9390a8e9330ac7ab255d8b6da19c84c3aa1a0b3,2023-06-15T08:26:11.295000,received,kaspa:qypkrlwryq20jfyv5yk74wystnr6fnxq5dfeq4a9n2nhfaht8gngrjs0czzmtyx,10000000000,
0c45987e9c698c7cb0310963b9505a6a4a7c8d62518751eb5491f89f72831597,2023-06-03T13:17:55.797000,sent,kaspa:qypkrlwryq20jfyv5yk74wystnr6fnxq5dfeq4a9n2nhfaht8gngrjs0czzmtyx,9900000000000,
0c45987e9c698c7cb0310963b9505a6a4a7c8d62518751eb5491f89f72831597,2023-06-03T13:17:55.797000,sent,kaspa:qraknc3xzxes6mtrz3h8lnv7zt8ggw86mfmnjwg65dtdqhugnptcqps2m4wgw,2394316876590,
dfa367113b12d509b1978ffe9f37cd1df74a8f0e721023b2f861993228cf8c00,2023-06-03T12:54:04.224000,received,kaspa:qqywx2wszmnrsu0mzgav85rdwvzangfpdj9j3ady9jpr7hu4u8c2wl9wqgd6j,1665394032000,
