tx_id,timestamp,direction,peer_address,amount_sompi,cex_label
c12d97524129ca5de747fbe754c1adbf72606329c484a3723bb43c0a898fb9ed,2023-12-16T15:06:56.385000,sent,kaspa:qqwvnkp47wsj6n4hkdlgj8dsauyx0xvefunnwvvsmpq2udd0ka8ckmpuqw3k5,941799600000,
80bd3c307eeb8096779c9e8e60736aa65b714c5478855ec37202ef07017285ce,2023-12-12T11:34:25.627000,sent,kaspa:qzxp6upsvham7ghlk96vq2p64da9xsgl927nwuh057058vhpyjuuxc5lvthss,500000000000,
7084a3b7a76a6fa910608aef674ad431e5e2fc078a4e9871de97ac19b8ccf884,2023-12-12T01:57:47.476000,sent,kaspa:qqwvnkp47wsj6n4hkdlgj8dsauyx0xvefunnwvvsmpq2udd0ka8ckmpuqw3k5,500000000000,
7084a3b7a76a6fa910608aef674ad431e5e2fc078a4e9871de97ac19b8ccf884,2023-12-12T01:57:47.476000,sent,kaspa:qqwvnkp47wsj6n4hkdlgj8dsauyx0xvefunnwvvsmpq2udd0ka8ckmpuqw3k5,500000000000,
432c0102852d65664f769aa9eca2fb5717a04acf214cae4991ffb8d608f45b9f,2023-12-11T20:43:30.974000,received,kaspa:qqetp7ct8kqss99fxmymyz5t3fezppxp0t58wl6pawp27elqd46uudme00cl0,999000000000,
2dea7733b80a2cabb3ae4be2bf64c127a1c1e70b33c34a0b7c1b9a93f90af898,2023-12-10T23:37:08.466000,sent,kaspa:qzxp6upsvham7ghlk96vq2p64da9xsgl927nwuh057058vhpyjuuxc5lvthss,1065200000000,
2dea7733b80a2cabb3ae4be2bf64c127a1c1e70b33c34a0b7c1b9a93f90af898,2023-12-10T23:37:08.466000,sent,kaspa:qzxp6upsvham7ghlk96vq2p64da9xsgl927nwuh057058vhpyjuuxc5lvthss,1065200000000,
73e9d713d24972c84e27aa75c2af4b15564c48c3a08d57c3058743235d5ce89e,2023-12-08T02:02:05.160000,received,kaspa:qqetp7ct8kqss99fxmymyz5t3fezppxp0t58wl6pawp27elqd46uudme00cl0,509000000000,
9c289c6722d9576ba7c9413bcd9dda6dbaef82abc29303b84531fb1e8d640811,2023-12-05T01:39:05.833000,received,kaspa:qqetp7ct8kqss99fxmymyz5t3fezppxp0t58wl6pawp27elqd46uudme00cl0,1499000000000,
a88412901a16256eab52d2ad3893881ae9ad63fe797662d6f1a6a915706e4214,2023-11-25T17:42:18.963000,sent,kaspa:qqwvnkp47wsj6n4hkdlgj8dsauyx0xvefunnwvvsmpq2udd0ka8ckmpuqw3k5,1003927273714,
a88412901a16256eab52d2ad3893881ae9ad63fe797662d6f1a6a915706e4214,2023-11-25T17:42:18.963000,sent,kaspa:qqwvnkp47wsj6n4hkdlgj8dsauyx0xvefunnwvvsmpq2udd0ka8ckmpuqw3k5,1003927273714,
71e261ebe4945aca5b244ab839b7376d88e8b1167296ce286821af3aad680285,2023-11-16T04:24:12.333000,received,kaspa:qqetp7ct8kqss99fxmymyz5t3fezppxp0t58wl6pawp27elqd46uudme00cl0,468000000000,
68c3c28353c14883f917c3b85bc816db9b069c7d5444c150f89cfd76874d3a20,2023-11-15T16:53:06.421000,received,kaspa:qpzpfwcsqsxhxwup26r55fd0ghqlhyugz8cp6y3wxuddc02vcxtjg75pspnwz,535927373714,MEXC
988e6a4693153bca84c2aeda102d25675cff771901a7335266db8773646cf5f7,2023-10-25T11:49:21.293000,sent,kaspa:qzxp6upsvham7ghlk96vq2p64da9xsgl927nwuh057058vhpyjuuxc5lvthss,1002052890000,
9a2c1a88be36455095db899b71734e4d655166ce61b87cb63b304d6e653f7d2e,2023-10-24T12:11:32.512000,sent,kaspa:qzxp6upsvham7ghlk96vq2p64da9xsgl927nwuh057058vhpyjuuxc5lvthss,505100000000,
f01dfab3f08573b393ddfec3089189f0598c9649f791fbcbcf320ee8a01aa6e9,2023-10-24T02:49:16.198000,received,kaspa:qq3k4du6wf2g26j7ds6fqmgtgavgm3zy676wntp2e52nsuns2n4s6xkndmx0y,1507153090000,
c2e67fa1c9487747e6cd45d611d75ab6af4c4c6405372182fcead5d99c2501dc,2023-07-31T16:13:06.704000,sent,kaspa:qqwvnkp47wsj6n4hkdlgj8dsauyx0xvefunnwvvsmpq2udd0ka8ckmpuqw3k5,5795705600000,
470364a26216933a8502fc55bf07fe801fd596653b1ca0bdb0c4c077a35a27fe,2023-07-31T04:09:50.895000,sent,kaspa:qzxp6upsvham7ghlk96vq2p64da9xsgl927nwuh057058vhpyjuuxc5lvthss,5000000000000,
470364a26216933a8502fc55bf07fe801fd596653b1ca0bdb0c4c077a35a27fe,2023-07-31T04:09:50.895000,sent,kaspa:qzxp6upsvham7ghlk96vq2p64da9xsgl927nwuh057058vhpyjuuxc5lvthss,5000000000000,
470364a26216933a8502fc55bf07fe801fd596653b1ca0bdb0c4c077a35a27fe,2023-07-31T04:09:50.895000,sent,kaspa:qzxp6upsvham7ghlk96vq2p64da9xsgl927nwuh057058vhpyjuuxc5lvthss,5000000000000,
ca291596760c5f2443e51d258e2838da1c273a411c4685849fbc8acf703c96f3,2023-07-29T23:21:02.372000,received,kaspa:qqetp7ct8kqss99fxmymyz5t3fezppxp0t58wl6pawp27elqd46uudme00cl0,2049890000000,
5bbf49182c85890e938948a6c3d8502d5255634a8291a04688f9a6e714c54163,2023-07-13T23:33:38.437000,received,kaspa:qqetp7ct8kqss99fxmymyz5t3fezppxp0t58wl6pawp27elqd46uudme00cl0,5825779000000,
94cbafb657ff28d81aef39ca13678850ab0b780980d38d7ef34578c75a1d0461,2023-07-01T17:01:54.003000,sent,kaspa:qzxp6upsvham7ghlk96vq2p64da9xsgl927nwuh057058vhpyjuuxc5lvthss,1050000000000,
94cbafb657ff28d81aef39ca13678850ab0b780980d38d7ef34578c75a1d0461,2023-07-01T17:01:54.003000,sent,kaspa:qzxp6upsvham7ghlk96vq2p64da9xsgl927nwuh057058vhpyjuuxc5lvthss,1050000000000,
94cbafb657ff28d81aef39ca13678850ab0b780980d38d7ef34578c75a1d0461,2023-07-01T17:01:54.003000,sent,kaspa:qzxp6upsvham7ghlk96vq2p64da9xsgl927nwuh057058vhpyjuuxc5lvthss,1050000000000,
540c4d08c4aa16cd4e49acc34fb1d1249bb502b950334e574abd04d78513a9b7,2023-06-27T03:33:07.766000,received,kaspa:qqetp7ct8kqss99fxmymyz5t3fezppxp0t58wl6pawp27elqd46uudme00cl0,2508444000000,
cc04c70aac2c0ee038f7489b6a612e87724af4207dff941a12521230625d48a6,2023-06-27T03:05:04.206000,received,kaspa:qqetp7ct8kqss99fxmymyz5t3fezppxp0t58wl6pawp27elqd46uudme00cl0,497000000000,
ef7adb82e506f8d91f0ffaaa4a7db87046cbdf1912f91d4a003fc219f8da177c,2023-06-25T23:58:12.468000,sent,kaspa:qzxp6upsvham7ghlk96vq2p64da9xsgl927nwuh057058vhpyjuuxc5lvthss,500000000000,
7abfcaba9f78dfbe6099ae793d22d1b2488e1ca7336a7cf53ef6cb66f121f203,2023-06-22T12:41:02.298000,received,kaspa:qqetp7ct8kqss99fxmymyz5t3fezppxp0t58wl6pawp27elqd46uudme00cl0,1464593000000,
