tx_id,timestamp,direction,peer_address,amount_sompi,cex_label
1876f001eab3263d584dfff8860b028779bea9dd201ea5649d8dfe958e7812e2,2023-12-16T04:26:31.676000,sent,kaspa:qzslgwenzu78t6tldlng383g7ruu4enaljmnkgaulyrscjp7ldt26x8gfxck5,171940000,
1876f001eab3263d584dfff8860b028779bea9dd201ea5649d8dfe958e7812e2,2023-12-16T04:26:31.676000,sent,kaspa:qzslgwenzu78t6tldlng383g7ruu4enaljmnkgaulyrscjp7ldt26x8gfxck5,171940000,
c0ebb9bd03cbc4a788975f046c3689e4177d9491f04926366acd224f1c3ea026,2023-12-12T21:44:02.876000,received,kaspa:qypswxtcrv4ssyjaswy5w9387vq73mkuyq85tl34cee6qn5uexqy0csgnafnjx7,171000000,
a4ed8b82f8e067428173bfe95e87e774659d388dcf22302b478f0428d2901993,2023-11-29T13:15:29.639000,sent,kaspa:qypw4lp4x67gm2ca2j3dzat7rywe3ardyraegjmfz022aanp8qs88ycpyng0pqq,18000000,
bd58bf825e1e8228f7b2b18f230fac4e86b0e055470e943cb3e663080f5fe929,2023-11-29T08:30:23.688000,received,kaspa:qqxrda0n7wx2zyhkxu2gx3hc5mraf7l7h90szkz8vrs4sa9cf0hvc6ysg6shy,19000000,
