tx_id,timestamp,direction,peer_address,amount_sompi,cex_label
85a721d4b4d56df1040e9df8fe944123aabc1855e348ecf8dcc783112a63dd97,2023-12-16T05:08:19.296000,sent,kaspa:qzslgwenzu78t6tldlng383g7ruu4enaljmnkgaulyrscjp7ldt26x8gfxck5,171940000,
85a721d4b4d56df1040e9df8fe944123aabc1855e348ecf8dcc783112a63dd97,2023-12-16T05:08:19.296000,sent,kaspa:qzslgwenzu78t6tldlng383g7ruu4enaljmnkgaulyrscjp7ldt26x8gfxck5,171940000,
9ab17808d1919a3fe2393e7771259a0a427e0e63ddccec7176b69b23a8e76fa0,2023-12-13T02:49:13.872000,received,kaspa:qypswxtcrv4ssyjaswy5w9387vq73mkuyq85tl34cee6qn5uexqy0csgnafnjx7,171000000,
b22ef2ca2b39c76e4a872f877f310d7fa8d03d320cad9bbb91f8eff830a9f01c,2023-11-29T18:07:49.309000,sent,kaspa:qyp3zawur9xtq5fkaaxwd73h3zeawur9wwxq3gpfjd7zgdhe4v0s72ccmgrsmhg,18000000,
8d173e62cdc41cb0ccbb5f2dabe637dbf18f3dec6e79c1dbd0910e31e312188c,2023-11-29T07:43:31.048000,received,kaspa:qpvn753256550h3q748kk43ek6u8sag3uw2c06vf5zsew86ncfraj8p7qkk3n,19000000,
