tx_id,timestamp,direction,peer_address,amount_sompi,cex_label
d846063e2527e2e068cc2f9c0ad9fbf6c6999d6e3b0b7f259f742a0622b3c7e2,2023-12-16T04:53:01.905000,sent,kaspa:qzslgwenzu78t6tldlng383g7ruu4enaljmnkgaulyrscjp7ldt26x8gfxck5,171940000,
d846063e2527e2e068cc2f9c0ad9fbf6c6999d6e3b0b7f259f742a0622b3c7e2,2023-12-16T04:53:01.905000,sent,kaspa:qzslgwenzu78t6tldlng383g7ruu4enaljmnkgaulyrscjp7ldt26x8gfxck5,171940000,
0b6a97248e57fa6209f09fd02859b332b21319da4b6699b345a150f5cdb15b52,2023-12-13T01:11:37.231000,received,kaspa:qypswxtcrv4ssyjaswy5w9387vq73mkuyq85tl34cee6qn5uexqy0csgnafnjx7,171000000,
0aead652aff7eb631ea45088a9667f8b308d9cfd98e87945ee0483b5892ccc7a,2023-11-29T16:53:38.705000,sent,kaspa:qypafnlfqlymf4ffc02ufsc52zuhehwrauu3jad54e4rpphzfkn8e7qryn7d0e8,18000000,
8ef58ff86e66c2ca3d6b82b9a41a81faeba0ed6c6deed90c3779a0f5f9295e52,2023-11-29T04:05:45.065000,received,kaspa:qzcy48k6qudt2kh09sqrcjg4hhkpn0fhv989ja2jzdh7k293qf7fs0fer9g5a,19000000,
