tx_id,timestamp,direction,peer_address,amount_sompi,cex_label
7fe1df298d1c4004f351fc1e69fa38284f5845cc2cfc9c0cbe472574a1753629,2024-11-18T16:58:50.166000,sent,kaspa:qqnqv3rvnctfyrjteurqm0gmqfu7yjg3949yxpyxxfa4rgm9nt2zxauwq8xvs,596000000000,
7fe1df298d1c4004f351fc1e69fa38284f5845cc2cfc9c0cbe472574a1753629,2024-11-18T16:58:50.166000,sent,kaspa:qqv7mxrxcrqutmvwfz7qeuvr3jd44sshruqwf65txr44lwh66g2ewvm3zvhnc,9775985240,
c479ade0456a17934d5c432b2577d0aacf797229f70ca66e8abc69ade368e8e0,2024-11-18T16:58:09.902000,received,kaspa:qzgtduqyccg66ms6crgpgnnn802c7drpevy4fsq8069lpzhdwfxhy4079jsrp,199587971819,
0a3ae8b1bc44843504bfadd8694f474a8ee274f7532d269fd284007b1009c405,2024-11-18T11:18:13.632000,sent,kaspa:qqnqv3rvnctfyrjteurqm0gmqfu7yjg3949yxpyxxfa4rgm9nt2zxauwq8xvs,800000000000,
0a3ae8b1bc44843504bfadd8694f474a8ee274f7532d269fd284007b1009c405,2024-11-18T11:18:13.632000,sent,kaspa:qp23mxlyyy3ys39ew2j0q5ttn5sw90dg5kdqft7jmsxdv00mzl2kjdjcm5wj3,8902687564,
00afd98f8f4c4cb4b04aef34e7481e5626eee1c8bba6fe27625a1cfc9ba470ad,2024-11-18T10:56:54.857000,received,kaspa:qzgtduqyccg66ms6crgpgnnn802c7drpevy4fsq8069lpzhdwfxhy4079jsrp,199588537169,
