tx_id,timestamp,direction,peer_address,amount_sompi,cex_label
98dc2c9371faef0b6f345b6d438cd794e7677ad96b37d03fb162b154451eaed7,2023-12-16T04:49:38.968000,sent,kaspa:qzslgwenzu78t6tldlng383g7ruu4enaljmnkgaulyrscjp7ldt26x8gfxck5,171940000,
98dc2c9371faef0b6f345b6d438cd794e7677ad96b37d03fb162b154451eaed7,2023-12-16T04:49:38.968000,sent,kaspa:qzslgwenzu78t6tldlng383g7ruu4enaljmnkgaulyrscjp7ldt26x8gfxck5,171940000,
0a4d4a0664ff5407c712de4f7621b97637ad14ea6e1786ba157dd795bd97ac49,2023-12-12T13:53:59.096000,received,kaspa:qypswxtcrv4ssyjaswy5w9387vq73mkuyq85tl34cee6qn5uexqy0csgnafnjx7,171000000,
08d470f5ba82cec0a44b36e9946ce43cd441d499e790db8d5af640b0382404fd,2023-11-28T19:28:51.733000,sent,kaspa:qypa0u8hnnwcy7twxp8xvl5wtp5utyeqxuhcre63m89pdmp93hsn7hsn7zdwg62,18000000,
5092145e0c2aa356cf82ce9bfd0ca6d664370311610375b7cf2e1b4b409f1ecc,2023-11-28T17:58:20.591000,received,kaspa:qpelmscywk22ut5c7zmwt0vu96jveg9mwrdcwcx644t0yj9efvkl7kek7gc24,19000000,
