tx_id,timestamp,direction,peer_address,amount_sompi,cex_label
8d695a674a240099cf86c0142de0d7fb919685180408a62f89cd2231f0aaf71a,2024-11-18T08:34:35.073000,sent,kaspa:qqnqv3rvnctfyrjteurqm0gmqfu7yjg3949yxpyxxfa4rgm9nt2zxauwq8xvs,1000000000000,
8d695a674a240099cf86c0142de0d7fb919685180408a62f89cd2231f0aaf71a,2024-11-18T08:34:35.073000,sent,kaspa:qqz9cjfldmwelwd7aa0pdcd4d0qwtsdu3xhvdthkhstn7amkhuu06c3lpm8sq,10371487897,
5b8b36d94f9554a5734591d895f6226de4eb2cb7fff5b8dd56fd57d5824fcabb,2024-11-18T07:22:07.600000,received,kaspa:qqmdrrlznz7cgax9jvefm4g4fwtsnnz8r96574qduyjakmyd5rtgc3a4rx0qr,12383714407,
5b8b36d94f9554a5734591d895f6226de4eb2cb7fff5b8dd56fd57d5824fcabb,2024-11-18T07:22:07.600000,received,kaspa:qrx25chlfw24qqh92un0wpjmsr7rxllqjuvzyy9aqwaczwvzg4ghkw9lcn22l,12383714407,
