tx_id,timestamp,direction,peer_address,amount_sompi,cex_label
fa6642a09788ab7ed86a54276488bcdfee109a21e6fb2a1144b8c1a0e047398c,2023-12-16T04:04:31.085000,sent,kaspa:qzslgwenzu78t6tldlng383g7ruu4enaljmnkgaulyrscjp7ldt26x8gfxck5,171940000,
fa6642a09788ab7ed86a54276488bcdfee109a21e6fb2a1144b8c1a0e047398c,2023-12-16T04:04:31.085000,sent,kaspa:qzslgwenzu78t6tldlng383g7ruu4enaljmnkgaulyrscjp7ldt26x8gfxck5,171940000,
5881e06cb91de2467fa8c5699ec8f1a818456904cf42d745c1a0d377f1238828,2023-12-12T04:50:58.608000,received,kaspa:qypswxtcrv4ssyjaswy5w9387vq73mkuyq85tl34cee6qn5uexqy0csgnafnjx7,171000000,
2861d0a7a67610c9be02ea17133ab0f1c69e869d18e40a871a6f58af36951ef1,2023-11-28T04:40:07.548000,sent,kaspa:qypf4zdz0s55xd4c3xzrsdkkg386phwcxgrd9924kl4mh20w9cy70kcmw7g66zr,18000000,
37e71ae77d0f2b708ce0007589a05284ffff7b5f7d73b1262d5e77395657ed66,2023-11-27T21:43:11.562000,received,kaspa:qpw309ql97qqj6zc80wuq0pw64sw4n2l0jhq3lpx7amn38z4s02tj0dhumqnq,19000000,
