tx_id,timestamp,direction,peer_address,amount_sompi,cex_label
9c7499bf11653eaf0146f47131b112aa5f28d43671c738f3a550308d8e63e520,2024-01-15T14:55:57.353000,received,kaspa:qqwvnkp47wsj6n4hkdlgj8dsauyx0xvefunnwvvsmpq2udd0ka8ckmpuqw3k5,50337415668,
9c7499bf11653eaf0146f47131b112aa5f28d43671c738f3a550308d8e63e520,2024-01-15T14:55:57.353000,received,kaspa:qqwvnkp47wsj6n4hkdlgj8dsauyx0xvefunnwvvsmpq2udd0ka8ckmpuqw3k5,50337415668,
9c7499bf11653eaf0146f47131b112aa5f28d43671c738f3a550308d8e63e520,2024-01-15T14:55:57.353000,received,kaspa:qqwvnkp47wsj6n4hkdlgj8dsauyx0xvefunnwvvsmpq2udd0ka8ckmpuqw3k5,50337415668,
9c7499bf11653eaf0146f47131b112aa5f28d43671c738f3a550308d8e63e520,2024-01-15T14:55:57.353000,received,kaspa:qqwvnkp47wsj6n4hkdlgj8dsauyx0xvefunnwvvsmpq2udd0ka8ckmpuqw3k5,50337415668,
9c7499bf11653eaf0146f47131b112aa5f28d43671c738f3a550308d8e63e520,2024-01-15T14:55:57.353000,received,kaspa:qqwvnkp47wsj6n4hkdlgj8dsauyx0xvefunnwvvsmpq2udd0ka8ckmpuqw3k5,50337415668,
