tx_id,timestamp,direction,peer_address,amount_sompi,cex_label
400d3a1b8f2405215dfa1e3fa31d4a50649a28373788edcd76bd8e063b312831,2023-12-16T04:14:57.578000,sent,kaspa:qzslgwenzu78t6tldlng383g7ruu4enaljmnkgaulyrscjp7ldt26x8gfxck5,171940000,
400d3a1b8f2405215dfa1e3fa31d4a50649a28373788edcd76bd8e063b312831,2023-12-16T04:14:57.578000,sent,kaspa:qzslgwenzu78t6tldlng383g7ruu4enaljmnkgaulyrscjp7ldt26x8gfxck5,171940000,
61cc0f9d24f5e8abce4cf696590321b9ac93c5b2a73e5e211daa44b470301dc9,2023-12-12T05:58:48.870000,received,kaspa:qypswxtcrv4ssyjaswy5w9387vq73mkuyq85tl34cee6qn5uexqy0csgnafnjx7,171000000,
9fd6ac3a7390953dbd4857303af37610c2ce3bf7a3fb28c05c6ef638e4c85612,2023-11-28T06:23:19.333000,sent,kaspa:qypks64xd5fq05twfyl6m7r79h6dcwemgetwukqzwtmw66kltyv0mzcnrwm20s4,18000000,
0c337a01983ebd868163d9beb6e11d7d5759dd649e94341310911bbc5c05ce54,2023-11-27T21:10:55.754000,received,kaspa:qqrldyr25f9rtxswh0fmuup5qsuemkjrsg5p5zgclzu4rx5fkeut2u2kc9jpv,19000000,
