tx_id,timestamp,direction,peer_address,amount_sompi,cex_label
4fac1d3e6c1565236f9d836fd568eaa13096c08613c641282712cc5f8996be4d,2023-02-05T04:13:23.975000,sent,kaspa:qzrhmw3pmw5649e8ajy5cqyqf4quwgc5gmvpu0f3mjpyz9n95tgpjqmmq0m7h,8516143398428,
7bed997f6b7cbcb365d6511ea202487b60b82a0ac610abd68248d3fea823a3a4,2023-02-01T01:33:31.928000,sent,kaspa:qzye8e0gwwwrhjgukeafqjuzc733sm59t3m69gztw8s202scavwvce5twncgd,21677064963743,
abdbf6f20aa036f4306002b6699dba0399776d333b63088302f1c718951322b6,2022-11-08T13:00:58.105000,sent,kaspa:qzxqj5c7ymvjpxdxadpmth0lcpxhp25tv7gck7yl0cwxfjhw35mjy2jc5644c,58100436416000,
abdbf6f20aa036f4306002b6699dba0399776d333b63088302f1c718951322b6,2022-11-08T13:00:58.105000,sent,kaspa:qpf8vda922f9zjy99ccrr0wdazvjva7tvkzelx870wcdphutax3lkald5fntc,502151984381,
0305a66dc490806ce714acb27c6b08ea5c3eeee73db8668ff8ac6cee6b2e167e,2022-11-05T17:18:23.610000,sent,kaspa:qp6xn32fhetff4gguewn5cjhcv5hh4224e5sghwzqqvwzayw6rynxzhnc4uj5,203117291320255,
3f3018f5891cc4361d1a806fa058269abc40f5a2a6ec074ea3a7ebd9a4263ace,2022-10-06T08:24:08.362000,sent,kaspa:qzmrv6wmah6jt0eezdmc3fl0wk25fmwam4mwxjs9dmvwftz43wk366qee8x0q,384345789523524,
2d48490204a25d4fb85b1f46a9789325675d32b5b079a6358e8d232a70a6f604,2022-10-05T16:42:22.094000,sent,kaspa:qqy7cclx8c7mdnynva379as8kle4cvedeq9fk6vxyx5zczymg78kupkjdp8k6,29997038388672,
2d48490204a25d4fb85b1f46a9789325675d32b5b079a6358e8d232a70a6f604,2022-10-05T16:42:22.094000,sent,kaspa:qqklm69khjvf5qzvwdjjkfzdhh3k7glrej4p6x3w0c4tmnpfu5nt5x4lwvq4d,1502961521328,
e94d37934fc47ba3e4b59e2319e59d3085c1d1b75d89f48462b1d1abea2ae64a,2022-09-09T11:14:06.284000,sent,kaspa:qq2senx6tj9a032xa9nn9awtn0tnlywsf4dv6jl60uyuap6xkvyy75uwu4csv,103000000000,
e94d37934fc47ba3e4b59e2319e59d3085c1d1b75d89f48462b1d1abea2ae64a,2022-09-09T11:14:06.284000,sent,kaspa:qrhp47dqnv4hamg83pq83apdqqry76psn8xg9dxse2hscld68dytq8pytn5xw,26896999990000,
3fe3df9c3f052cbaaed36cb839112a8f53bfc7dce122f7c7ab505742d6a60cd1,2022-09-09T11:12:56.017000,received,kaspa:qqf7h4j9rmsuynuadqjdecu0snfux8cp5zewfdc0nlh8y7ckxt8pqqmlqz0jx,27000000000000,
c278d083110dc429f346d4c51ac2f4fd126b3d535c6653894e1a1762445c0471,2022-09-08T19:21:31.827000,sent,kaspa:qq2senx6tj9a032xa9nn9awtn0tnlywsf4dv6jl60uyuap6xkvyy75uwu4csv,530450700000000,
c278d083110dc429f346d4c51ac2f4fd126b3d535c6653894e1a1762445c0471,2022-09-08T19:21:31.827000,sent,kaspa:qzp5a4da273ut7qt4dcaadgf7jzd7tyjj7gajwsrmn3yyk996rqkunw9c965c,4505848718422,
7906373cb715a029a6982018550d9f5e299c17fca3dc38a400d1d685a4f6887f,2022-08-27T02:05:42.976000,sent,kaspa:qrt3zkw8srvw3uwg55j0xtpsg5amp9958r272egkxw7n6c7kgyw322yj0eu6q,489999999510000,
7906373cb715a029a6982018550d9f5e299c17fca3dc38a400d1d685a4f6887f,2022-08-27T02:05:42.976000,sent,kaspa:qrt3zkw8srvw3uwg55j0xtpsg5amp9958r272egkxw7n6c7kgyw322yj0eu6q,489999999510000,
7906373cb715a029a6982018550d9f5e299c17fca3dc38a400d1d685a4f6887f,2022-08-27T02:05:42.976000,sent,kaspa:qrt3zkw8srvw3uwg55j0xtpsg5amp9958r272egkxw7n6c7kgyw322yj0eu6q,489999999510000,
7906373cb715a029a6982018550d9f5e299c17fca3dc38a400d1d685a4f6887f,2022-08-27T02:05:42.976000,sent,kaspa:qrt3zkw8srvw3uwg55j0xtpsg5amp9958r272egkxw7n6c7kgyw322yj0eu6q,489999999510000,
7c959d19b60ec2e9af0a58df34d80ee58d346bd654c7b0d4f353ca49b7e14d96,2022-08-19T04:38:09.845000,received,kaspa:qzpakjq8mzqyxx4f5nf0y7x4vywjfx3zrr44xhnet352z2t93d3hwpvfl68pz,3499499000000,
3881e9fa62cb2ec0ccef5e25e0f4fcb2ebefcd7d0e5a54b558547147e8d50293,2022-08-19T00:34:26.436000,received,kaspa:qqtq0cvjrvd6wtrcqt5zjkkl4hmyjmyll4tj2lp9fyrdmhhhsjltx70lp6gad,2022953233750,
d79c4038e27efbeccd4dd6e70bc23ea7aadd7a766c6998c65861c64aa85658b4,2022-08-18T19:01:07.761000,sent,kaspa:qq2senx6tj9a032xa9nn9awtn0tnlywsf4dv6jl60uyuap6xkvyy75uwu4csv,36666447290,
d79c4038e27efbeccd4dd6e70bc23ea7aadd7a766c6998c65861c64aa85658b4,2022-08-18T19:01:07.761000,sent,kaspa:qp45jkk9ynrcdpgmjfc0zke46zrwhq3ajc6e73yfrrhzp3s6jjsmz6nqx2lnz,9963333542710,
c72df9a45d5721073242b253dad76d10f2064316340380a5a529a29d0a7aec86,2022-08-18T19:00:03.117000,sent,kaspa:qq2senx6tj9a032xa9nn9awtn0tnlywsf4dv6jl60uyuap6xkvyy75uwu4csv,12738475159,
c72df9a45d5721073242b253dad76d10f2064316340380a5a529a29d0a7aec86,2022-08-18T19:00:03.117000,sent,kaspa:qppn0vd7mdqgdl7qjt3chpdj2q9v6zf9hlc4u4dhskjn3d8l0fupshvpzszgd,9987261514841,
0e1206a93ae2562b8c9b798638a642a4e831eeca5b3707a9910e088f93bcb045,2022-08-18T18:54:45.741000,sent,kaspa:qqkf4u4aywacwppwux7jxr2hay7ncwjjefqzfw75z5qy32x7arllqyckgusvh,879999999120000,
ab437c76e815da451f088f2e0584555b580e0f149f1add4f191ed23d9bdf2efc,2022-08-01T14:28:07.573000,received,kaspa:qzwg7spftq9hjyt9tq6qnt0p64u70mkfhaqe6p57235lp4vyd0zv6mpkdt55h,2307600000000,
ab437c76e815da451f088f2e0584555b580e0f149f1add4f191ed23d9bdf2efc,2022-08-01T14:28:07.573000,received,kaspa:qzwg7spftq9hjyt9tq6qnt0p64u70mkfhaqe6p57235lp4vyd0zv6mpkdt55h,2307600000000,
ab437c76e815da451f088f2e0584555b580e0f149f1add4f191ed23d9bdf2efc,2022-08-01T14:28:07.573000,received,kaspa:qp7xa3gmtv8vcla3l94er8wp6ry0nytmtsfuja79rlf2frymf84dxgx0zpltx,2307600000000,
ab437c76e815da451f088f2e0584555b580e0f149f1add4f191ed23d9bdf2efc,2022-08-01T14:28:07.573000,received,kaspa:qzxy54c9clxe8xt55s9mcmnjatwmgkgda80wxr7xxjjl2y2sxuzmkxdxc5hm5,2307600000000,
ab437c76e815da451f088f2e0584555b580e0f149f1add4f191ed23d9bdf2efc,2022-08-01T14:28:07.573000,received,kaspa:qppchvmjftuzuz0k3w0zwffr3vau3sej0lcyyyeesnf5xcew589fxgx0tfsn4,2307600000000,
ab437c76e815da451f088f2e0584555b580e0f149f1add4f191ed23d9bdf2efc,2022-08-01T14:28:07.573000,received,kaspa:qzwg7spftq9hjyt9tq6qnt0p64u70mkfhaqe6p57235lp4vyd0zv6mpkdt55h,2307600000000,
ab437c76e815da451f088f2e0584555b580e0f149f1add4f191ed23d9bdf2efc,2022-08-01T14:28:07.573000,received,kaspa:qzwg7spftq9hjyt9tq6qnt0p64u70mkfhaqe6p57235lp4vyd0zv6mpkdt55h,2307600000000,
ab437c76e815da451f088f2e0584555b580e0f149f1add4f191ed23d9bdf2efc,2022-08-01T14:28:07.573000,received,kaspa:qzwg7spftq9hjyt9tq6qnt0p64u70mkfhaqe6p57235lp4vyd0zv6mpkdt55h,2307600000000,
ab437c76e815da451f088f2e0584555b580e0f149f1add4f191ed23d9bdf2efc,2022-08-01T14:28:07.573000,received,kaspa:qzwg7spftq9hjyt9tq6qnt0p64u70mkfhaqe6p57235lp4vyd0zv6mpkdt55h,2307600000000,
ab437c76e815da451f088f2e0584555b580e0f149f1add4f191ed23d9bdf2efc,2022-08-01T14:28:07.573000,received,kaspa:qzwg7spftq9hjyt9tq6qnt0p64u70mkfhaqe6p57235lp4vyd0zv6mpkdt55h,2307600000000,
ab437c76e815da451f088f2e0584555b580e0f149f1add4f191ed23d9bdf2efc,2022-08-01T14:28:07.573000,received,kaspa:qzwg7spftq9hjyt9tq6qnt0p64u70mkfhaqe6p57235lp4vyd0zv6mpkdt55h,2307600000000,
ab437c76e815da451f088f2e0584555b580e0f149f1add4f191ed23d9bdf2efc,2022-08-01T14:28:07.573000,received,kaspa:qzwg7spftq9hjyt9tq6qnt0p64u70mkfhaqe6p57235lp4vyd0zv6mpkdt55h,2307600000000,
ab437c76e815da451f088f2e0584555b580e0f149f1add4f191ed23d9bdf2efc,2022-08-01T14:28:07.573000,received,kaspa:qzwg7spftq9hjyt9tq6qnt0p64u70mkfhaqe6p57235lp4vyd0zv6mpkdt55h,2307600000000,
ab437c76e815da451f088f2e0584555b580e0f149f1add4f191ed23d9bdf2efc,2022-08-01T14:28:07.573000,received,kaspa:qzwg7spftq9hjyt9tq6qnt0p64u70mkfhaqe6p57235lp4vyd0zv6mpkdt55h,2307600000000,
ab437c76e815da451f088f2e0584555b580e0f149f1add4f191ed23d9bdf2efc,2022-08-01T14:28:07.573000,received,kaspa:qzwg7spftq9hjyt9tq6qnt0p64u70mkfhaqe6p57235lp4vyd0zv6mpkdt55h,2307600000000,
ab437c76e815da451f088f2e0584555b580e0f149f1add4f191ed23d9bdf2efc,2022-08-01T14:28:07.573000,received,kaspa:qqngr7r0nf0pvgyu3xxn4vyepef9kjqxa8s0my9uz64ktf20m4pn7m5xjxecn,2307600000000,
ab437c76e815da451f088f2e0584555b580e0f149f1add4f191ed23d9bdf2efc,2022-08-01T14:28:07.573000,received,kaspa:qqngr7r0nf0pvgyu3xxn4vyepef9kjqxa8s0my9uz64ktf20m4pn7m5xjxecn,2307600000000,
ab437c76e815da451f088f2e0584555b580e0f149f1add4f191ed23d9bdf2efc,2022-08-01T14:28:07.573000,received,kaspa:qqngr7r0nf0pvgyu3xxn4vyepef9kjqxa8s0my9uz64ktf20m4pn7m5xjxecn,2307600000000,
ab437c76e815da451f088f2e0584555b580e0f149f1add4f191ed23d9bdf2efc,2022-08-01T14:28:07.573000,received,kaspa:qqngr7r0nf0pvgyu3xxn4vyepef9kjqxa8s0my9uz64ktf20m4pn7m5xjxecn,2307600000000,
ab437c76e815da451f088f2e0584555b580e0f149f1add4f191ed23d9bdf2efc,2022-08-01T14:28:07.573000,received,kaspa:qqngr7r0nf0pvgyu3xxn4vyepef9kjqxa8s0my9uz64ktf20m4pn7m5xjxecn,2307600000000,
ab437c76e815da451f088f2e0584555b580e0f149f1add4f191ed23d9bdf2efc,2022-08-01T14:28:07.573000,received,kaspa:qqngr7r0nf0pvgyu3xxn4vyepef9kjqxa8s0my9uz64ktf20m4pn7m5xjxecn,2307600000000,
ab437c76e815da451f088f2e0584555b580e0f149f1add4f191ed23d9bdf2efc,2022-08-01T14:28:07.573000,received,kaspa:qqngr7r0nf0pvgyu3xxn4vyepef9kjqxa8s0my9uz64ktf20m4pn7m5xjxecn,2307600000000,
ab437c76e815da451f088f2e0584555b580e0f149f1add4f191ed23d9bdf2efc,2022-08-01T14:28:07.573000,received,kaspa:qqngr7r0nf0pvgyu3xxn4vyepef9kjqxa8s0my9uz64ktf20m4pn7m5xjxecn,2307600000000,
ab437c76e815da451f088f2e0584555b580e0f149f1add4f191ed23d9bdf2efc,2022-08-01T14:28:07.573000,received,kaspa:qrmhyxlu5gl358magwqm4mtjjf9xtzm4l6cmxzefsgjm94jycywhurvuxgl5z,2307600000000,
87f814632e6ea1c4f0fc8d1c0493bda441eb9579cc2ff1fe66e79ff566ccf5b1,2022-08-01T14:08:01.652000,received,kaspa:qp9szqz5dyfc68m0z6k9t8lwr3m3xsjmgy7ghl77nnsf78ztgpmm2fftfej0r,96899996780,
87f814632e6ea1c4f0fc8d1c0493bda441eb9579cc2ff1fe66e79ff566ccf5b1,2022-08-01T14:08:01.652000,received,kaspa:qqxsd3ghafynvxmgg9hdlmsmqu9yr7aqdguzp5utwah92cvhma0tzfngu47uk,96899996780,
f2551884e442498f3a8c6b0deac76936f17538006a864ac6281eac3ec42d3d68,2022-08-01T14:02:07.248000,received,kaspa:qqxqutmw5zrrfxn6w2w6ktj70gxkyy2rteq5hzk79fdjv88tk2wyws6v4ypzn,245900000000,
f2551884e442498f3a8c6b0deac76936f17538006a864ac6281eac3ec42d3d68,2022-08-01T14:02:07.248000,received,kaspa:qqxqutmw5zrrfxn6w2w6ktj70gxkyy2rteq5hzk79fdjv88tk2wyws6v4ypzn,245900000000,
f2551884e442498f3a8c6b0deac76936f17538006a864ac6281eac3ec42d3d68,2022-08-01T14:02:07.248000,received,kaspa:qqxqutmw5zrrfxn6w2w6ktj70gxkyy2rteq5hzk79fdjv88tk2wyws6v4ypzn,245900000000,
f2551884e442498f3a8c6b0deac76936f17538006a864ac6281eac3ec42d3d68,2022-08-01T14:02:07.248000,received,kaspa:qqxqutmw5zrrfxn6w2w6ktj70gxkyy2rteq5hzk79fdjv88tk2wyws6v4ypzn,245900000000,
f2551884e442498f3a8c6b0deac76936f17538006a864ac6281eac3ec42d3d68,2022-08-01T14:02:07.248000,received,kaspa:qqxqutmw5zrrfxn6w2w6ktj70gxkyy2rteq5hzk79fdjv88tk2wyws6v4ypzn,245900000000,
f2551884e442498f3a8c6b0deac76936f17538006a864ac6281eac3ec42d3d68,2022-08-01T14:02:07.248000,received,kaspa:qzr4ddfkygpdd3nh0h5s76w6ac4wf2wwa4mnx7adlp02t2s3ffayur4ggrh9f,245900000000,
f2551884e442498f3a8c6b0deac76936f17538006a864ac6281eac3ec42d3d68,2022-08-01T14:02:07.248000,received,kaspa:qpqx2tvwy4znh7ed73cgrhjq4t99h2a7c5nv065w7l0ndnw9uftlxsx7zx8x8,245900000000,
f57383a87c9802fce01d452973eec21ce40757d3728640bbd8b79e60f65f0aee,2022-07-30T14:30:46.944000,sent,kaspa:qq2senx6tj9a032xa9nn9awtn0tnlywsf4dv6jl60uyuap6xkvyy75uwu4csv,200000000000000,
f57383a87c9802fce01d452973eec21ce40757d3728640bbd8b79e60f65f0aee,2022-07-30T14:30:46.944000,sent,kaspa:qzljs8epjzfg2ujh4y526ye4j3hyn0kc9h675jqgs84cu6q7jmyrc9pfh4r45,199960800426402,
e9e8494b212724fe223b815562f13355b826a1f94142c71e1ecf9ddf8bc354b7,2022-07-30T14:27:46.043000,sent,kaspa:qq2senx6tj9a032xa9nn9awtn0tnlywsf4dv6jl60uyuap6xkvyy75uwu4csv,39199543598,
e9e8494b212724fe223b815562f13355b826a1f94142c71e1ecf9ddf8bc354b7,2022-07-30T14:27:46.043000,sent,kaspa:qq94ezkthez5y3wz403lgux2zdvx8zhx80q7zsec9rp4uj0c67p3vfhrkkwyf,199960800446402,
09c3ad8a0ac23ecc3e2b05879066e5470f67bcd9ecd2c093ceea7311582b5d80,2022-07-30T14:27:40.565000,sent,kaspa:qq2senx6tj9a032xa9nn9awtn0tnlywsf4dv6jl60uyuap6xkvyy75uwu4csv,39199543598,
09c3ad8a0ac23ecc3e2b05879066e5470f67bcd9ecd2c093ceea7311582b5d80,2022-07-30T14:27:40.565000,sent,kaspa:qpxccw58tll977ydfxzj8srm6e7gf59v4ma63ex5feuf0mj6acndy7t6j9lex,199960800446402,
d95505be31b6e7cfd604622aed5312c90d49c2a41dc14fe3b6c1d8c8bfc8f266,2022-07-30T14:22:16.553000,received,kaspa:qpsp0r30x7wshq8l60vgz3fsc2gjvyejlzkcdyqhxftlzyccpztmjrych9tl5,200000000000000,
d95505be31b6e7cfd604622aed5312c90d49c2a41dc14fe3b6c1d8c8bfc8f266,2022-07-30T14:22:16.553000,received,kaspa:qzldw68r8xurhx5l5sxhvtlmr39rdxcq9mkuj5g2jntjwlvlx7uqsck2r6hcc,200000000000000,
d95505be31b6e7cfd604622aed5312c90d49c2a41dc14fe3b6c1d8c8bfc8f266,2022-07-30T14:22:16.553000,received,kaspa:qz8ffp9psev2lw9e4lezfaa3xvhyxt93xkwaugq2dfkrcs9tgj602yla0549u,200000000000000,
450b39c2331c794f01982ecf83e76568ddfdbed1349c839ac0c01661a3349fbb,2022-07-30T14:22:07.740000,received,kaspa:qr6cxzccg0cr7hsp2wn7epn0rjvnrlx4wkn9g6mr5cmwdasxykx5u839eh587,200000000000000,
450b39c2331c794f01982ecf83e76568ddfdbed1349c839ac0c01661a3349fbb,2022-07-30T14:22:07.740000,received,kaspa:qzd90af7h6443drhu5wjn0axazchmcdag4ghsch5rw77nzhx78385j2gxpwkl,200000000000000,
450b39c2331c794f01982ecf83e76568ddfdbed1349c839ac0c01661a3349fbb,2022-07-30T14:22:07.740000,received,kaspa:qppvg9e2rl0tjwnx7squ98t07m4apkkv9rtdalhldtuu2u55zajgq4yalnv8u,200000000000000,
9930ba61fbf6fd2ade5b09f9d715042e65c884bbe97538e4eb3ed416a2cda746,2022-07-30T14:19:45.109000,received,kaspa:qqrm67x53vw6t8e43u3rtfwy5ju44zn7e2g42h3vpvel5k5t8nvkvs6qeezpn,200000000000000,
9930ba61fbf6fd2ade5b09f9d715042e65c884bbe97538e4eb3ed416a2cda746,2022-07-30T14:19:45.109000,received,kaspa:qq20dzldxwr68g4kptftg5c8xs3zf9stlpq703fc6xwf3f7gy2mfg2wkvve0g,200000000000000,
9930ba61fbf6fd2ade5b09f9d715042e65c884bbe97538e4eb3ed416a2cda746,2022-07-30T14:19:45.109000,received,kaspa:qp0qfwv7vxfauwhpxe3xr0uy0uugersrxxvkq4ndehzjtddtte53yvhszdqc0,200000000000000,
4ce65c8311d556390a359672508ca27f53081ba424a2e760ab42781722e88393,2022-07-29T12:46:43.055000,sent,kaspa:qq2senx6tj9a032xa9nn9awtn0tnlywsf4dv6jl60uyuap6xkvyy75uwu4csv,39199543598,
4ce65c8311d556390a359672508ca27f53081ba424a2e760ab42781722e88393,2022-07-29T12:46:43.055000,sent,kaspa:qrcmderr6m6er5dxk3s6vunmc8ll5yu0hwvygwsszt5zllgjvn28uuz7f52m3,199960800446402,
6f84034329d7f1a6ef9bf0850d2f31972313cc8a26b2cec3e56ba02dc3efbdd7,2022-07-29T12:46:39.827000,sent,kaspa:qq2senx6tj9a032xa9nn9awtn0tnlywsf4dv6jl60uyuap6xkvyy75uwu4csv,39199543598,
6f84034329d7f1a6ef9bf0850d2f31972313cc8a26b2cec3e56ba02dc3efbdd7,2022-07-29T12:46:39.827000,sent,kaspa:qqx800fz7d0h56hq0rsrjn8d3fgvg3vlv32njd605t83rv44e5gm2stffgt2r,199960800446402,
099c8bf47028afc3b233c677218d632402eb071e54b506f3920200103ba4aa2a,2022-07-29T12:46:26.459000,sent,kaspa:qq2senx6tj9a032xa9nn9awtn0tnlywsf4dv6jl60uyuap6xkvyy75uwu4csv,39199543598,
099c8bf47028afc3b233c677218d632402eb071e54b506f3920200103ba4aa2a,2022-07-29T12:46:26.459000,sent,kaspa:qpqhhd5vjpuy9ry09fq6el48sp48trxwnmdhx42795k5rj68k65xyzws6zrqf,199960800446402,
6234200414b4fcea2385cbd575eaca1ebaea3e49831232d6092ba0993fca24c3,2022-07-29T12:46:19.776000,sent,kaspa:qq2senx6tj9a032xa9nn9awtn0tnlywsf4dv6jl60uyuap6xkvyy75uwu4csv,39199543598,
6234200414b4fcea2385cbd575eaca1ebaea3e49831232d6092ba0993fca24c3,2022-07-29T12:46:19.776000,sent,kaspa:qzm0c4nveveeyvvjgzxj5skt8f5qfergxz0tzs29mcuh4va72s3su933jqqy3,199960800446402,
8f4ff6d706fdb71984f56ba7eff4afe4702ce628ad3b199cd98117f829a381e4,2022-07-29T12:41:41.983000,received,kaspa:qr2mzzmjq3uy078s9vatq5xaa3wk5lfvxzuv7kzdu4d4c36ntpmpj9nzmwv76,200000000000000,
8f4ff6d706fdb71984f56ba7eff4afe4702ce628ad3b199cd98117f829a381e4,2022-07-29T12:41:41.983000,received,kaspa:qphxryzfas4rv2d97cana3dg2er3frp3x62acnxynqhwd489mvq7zkcku03x2,200000000000000,
8f4ff6d706fdb71984f56ba7eff4afe4702ce628ad3b199cd98117f829a381e4,2022-07-29T12:41:41.983000,received,kaspa:qzte0ds8gr9e7jyma7zmekeudfsu5csp8xtmencky32a0aw9c7k3g68qzk2mt,200000000000000,
cbe18668abe2c443c2af1b617a0036532b6689edc6a049d00adaa2892cf660fc,2022-07-29T12:41:19.654000,received,kaspa:qrhnk7sh7xcde8dzxstu9xx04q3xrdh8pa42ffprh7tj7lshc6lt5uwlvsslp,200000000000000,
cbe18668abe2c443c2af1b617a0036532b6689edc6a049d00adaa2892cf660fc,2022-07-29T12:41:19.654000,received,kaspa:qzxsd0hhkfh3vhq97k9fqhfgccyls8pcz0pl8yrrdean8eftcmfv2pwta5w4y,200000000000000,
cbe18668abe2c443c2af1b617a0036532b6689edc6a049d00adaa2892cf660fc,2022-07-29T12:41:19.654000,received,kaspa:qpc44u42hcs4wypjn0eqsps4vr99uh83730gncvvnexf2fld56542mrlzfa2n,200000000000000,
f87e79ff32973c85a6d09743deff5bc3f585e4ccf79c1e54fa40cd41c6c673bb,2022-07-29T12:40:59.499000,received,kaspa:qrhnk7sh7xcde8dzxstu9xx04q3xrdh8pa42ffprh7tj7lshc6lt5uwlvsslp,200000000000000,
f87e79ff32973c85a6d09743deff5bc3f585e4ccf79c1e54fa40cd41c6c673bb,2022-07-29T12:40:59.499000,received,kaspa:qrhnk7sh7xcde8dzxstu9xx04q3xrdh8pa42ffprh7tj7lshc6lt5uwlvsslp,200000000000000,
f87e79ff32973c85a6d09743deff5bc3f585e4ccf79c1e54fa40cd41c6c673bb,2022-07-29T12:40:59.499000,received,kaspa:qrhnk7sh7xcde8dzxstu9xx04q3xrdh8pa42ffprh7tj7lshc6lt5uwlvsslp,200000000000000,
a8e5a53bacbde3f68a9e495facfae122a56782011bee57bfefb8a64d6b2e7a30,2022-07-29T12:40:50.810000,received,kaspa:qrhnk7sh7xcde8dzxstu9xx04q3xrdh8pa42ffprh7tj7lshc6lt5uwlvsslp,200000000000000,
a8e5a53bacbde3f68a9e495facfae122a56782011bee57bfefb8a64d6b2e7a30,2022-07-29T12:40:50.810000,received,kaspa:qrhnk7sh7xcde8dzxstu9xx04q3xrdh8pa42ffprh7tj7lshc6lt5uwlvsslp,200000000000000,
a8e5a53bacbde3f68a9e495facfae122a56782011bee57bfefb8a64d6b2e7a30,2022-07-29T12:40:50.810000,received,kaspa:qrhnk7sh7xcde8dzxstu9xx04q3xrdh8pa42ffprh7tj7lshc6lt5uwlvsslp,200000000000000,
28264020e0cc2225cdddfcdd8cf1c87d4de7b399b7bec1e808370673b6c884dc,2022-07-29T12:39:54.653000,sent,kaspa:qq2senx6tj9a032xa9nn9awtn0tnlywsf4dv6jl60uyuap6xkvyy75uwu4csv,100000000000000,
28264020e0cc2225cdddfcdd8cf1c87d4de7b399b7bec1e808370673b6c884dc,2022-07-29T12:39:54.653000,sent,kaspa:qpxuxyvvtjmv3s62q7exg3c0d0f4hangckx8mxmu3gspwqepczwyz0d99qkes,99999999990000,
a487a962018f3522e1f8574106a9d0acaa831fa59adec7babe7fed616f2ab820,2022-07-29T12:38:51.175000,received,kaspa:qrhnk7sh7xcde8dzxstu9xx04q3xrdh8pa42ffprh7tj7lshc6lt5uwlvsslp,200000000000000,
a487a962018f3522e1f8574106a9d0acaa831fa59adec7babe7fed616f2ab820,2022-07-29T12:38:51.175000,received,kaspa:qrhnk7sh7xcde8dzxstu9xx04q3xrdh8pa42ffprh7tj7lshc6lt5uwlvsslp,200000000000000,
a487a962018f3522e1f8574106a9d0acaa831fa59adec7babe7fed616f2ab820,2022-07-29T12:38:51.175000,received,kaspa:qrhnk7sh7xcde8dzxstu9xx04q3xrdh8pa42ffprh7tj7lshc6lt5uwlvsslp,200000000000000,
995dd617fa8c3ae4952792df9d92e260513c6bb33050e79843ded244b1199525,2022-07-29T01:57:12.968000,sent,kaspa:qq2senx6tj9a032xa9nn9awtn0tnlywsf4dv6jl60uyuap6xkvyy75uwu4csv,39199543598,
995dd617fa8c3ae4952792df9d92e260513c6bb33050e79843ded244b1199525,2022-07-29T01:57:12.968000,sent,kaspa:qrc5q6z0yr09afr4dsqzvhvlgsfx505xfhtc8g8rk48f8nwl2dx06pwcz8qxc,149960800446402,
aa7a5790f6af640b9a83f1d1cfa62e879bbab9fe8dd3e7b1c749451823c13852,2022-07-29T01:22:23.782000,received,kaspa:qrhnk7sh7xcde8dzxstu9xx04q3xrdh8pa42ffprh7tj7lshc6lt5uwlvsslp,150000000000000,
aa7a5790f6af640b9a83f1d1cfa62e879bbab9fe8dd3e7b1c749451823c13852,2022-07-29T01:22:23.782000,received,kaspa:qrhnk7sh7xcde8dzxstu9xx04q3xrdh8pa42ffprh7tj7lshc6lt5uwlvsslp,150000000000000,
751bba105204777b74686b2982a246df862ae763cf2739db9cd5d9ebb401c651,2022-07-28T04:41:20.255000,sent,kaspa:qq2senx6tj9a032xa9nn9awtn0tnlywsf4dv6jl60uyuap6xkvyy75uwu4csv,39199543598,
751bba105204777b74686b2982a246df862ae763cf2739db9cd5d9ebb401c651,2022-07-28T04:41:20.255000,sent,kaspa:qqxc5rdcun6lfuvf8s3pfufr7y3t9fzk9j7d9gll8q8su0dqga8njqw9tjvkw,199960800446402,
04945d0156f273bba5c4c44cf824351c2d775dd239491f6db65cfc3290ca0c2f,2022-07-28T04:41:15.568000,sent,kaspa:qq2senx6tj9a032xa9nn9awtn0tnlywsf4dv6jl60uyuap6xkvyy75uwu4csv,39199543598,
04945d0156f273bba5c4c44cf824351c2d775dd239491f6db65cfc3290ca0c2f,2022-07-28T04:41:15.568000,sent,kaspa:qrl2c9wekpypdnj4r06a04ncwc0qskschyke27jhvjc55nka248zcng73ufy6,199960800446402,
a5e144d9184def2f05d615c882b1cc0e157997c4847a210412a0add4739de342,2022-07-28T04:26:56.193000,sent,kaspa:qq2senx6tj9a032xa9nn9awtn0tnlywsf4dv6jl60uyuap6xkvyy75uwu4csv,39199543598,
a5e144d9184def2f05d615c882b1cc0e157997c4847a210412a0add4739de342,2022-07-28T04:26:56.193000,sent,kaspa:qz2tmjvrj37qkrsn8afpqywjwrtsr87mq2xue2q5n80x54us8kykj5r5648j8,199960800446402,
744a6372fb6039ff0d2aca043dc5854293bf40e350bae0b337d7f6ed36785f76,2022-07-28T04:10:36.280000,received,kaspa:qrhnk7sh7xcde8dzxstu9xx04q3xrdh8pa42ffprh7tj7lshc6lt5uwlvsslp,200000000000000,
744a6372fb6039ff0d2aca043dc5854293bf40e350bae0b337d7f6ed36785f76,2022-07-28T04:10:36.280000,received,kaspa:qrhnk7sh7xcde8dzxstu9xx04q3xrdh8pa42ffprh7tj7lshc6lt5uwlvsslp,200000000000000,
744a6372fb6039ff0d2aca043dc5854293bf40e350bae0b337d7f6ed36785f76,2022-07-28T04:10:36.280000,received,kaspa:qrhnk7sh7xcde8dzxstu9xx04q3xrdh8pa42ffprh7tj7lshc6lt5uwlvsslp,200000000000000,
f73b478320d478df729a9f6ba3af73159af3f4561e6ee796901b347c8e53f1fb,2022-07-28T04:10:29.256000,received,kaspa:qrhnk7sh7xcde8dzxstu9xx04q3xrdh8pa42ffprh7tj7lshc6lt5uwlvsslp,200000000000000,
f73b478320d478df729a9f6ba3af73159af3f4561e6ee796901b347c8e53f1fb,2022-07-28T04:10:29.256000,received,kaspa:qrhnk7sh7xcde8dzxstu9xx04q3xrdh8pa42ffprh7tj7lshc6lt5uwlvsslp,200000000000000,
f73b478320d478df729a9f6ba3af73159af3f4561e6ee796901b347c8e53f1fb,2022-07-28T04:10:29.256000,received,kaspa:qrhnk7sh7xcde8dzxstu9xx04q3xrdh8pa42ffprh7tj7lshc6lt5uwlvsslp,200000000000000,
5cf63212361145fb94620a529d670f29221337af6364beeebe9c913a6a5ece22,2022-07-28T04:08:02.520000,received,kaspa:qrhnk7sh7xcde8dzxstu9xx04q3xrdh8pa42ffprh7tj7lshc6lt5uwlvsslp,200000000000000,
5cf63212361145fb94620a529d670f29221337af6364beeebe9c913a6a5ece22,2022-07-28T04:08:02.520000,received,kaspa:qrhnk7sh7xcde8dzxstu9xx04q3xrdh8pa42ffprh7tj7lshc6lt5uwlvsslp,200000000000000,
5cf63212361145fb94620a529d670f29221337af6364beeebe9c913a6a5ece22,2022-07-28T04:08:02.520000,received,kaspa:qrhnk7sh7xcde8dzxstu9xx04q3xrdh8pa42ffprh7tj7lshc6lt5uwlvsslp,200000000000000,
44c64181824e456669791a96dc6245b2dc0dba1421fd5508fbbd51f1c7602db9,2022-07-26T19:52:50.934000,sent,kaspa:qq2senx6tj9a032xa9nn9awtn0tnlywsf4dv6jl60uyuap6xkvyy75uwu4csv,200000000000000,
44c64181824e456669791a96dc6245b2dc0dba1421fd5508fbbd51f1c7602db9,2022-07-26T19:52:50.934000,sent,kaspa:qpqqstdgtcqu8y9vxj4xw90etupq0zlhr7gqd0l33kh8vzhqusx6xg0dgd4zl,199999999980000,
44c64181824e456669791a96dc6245b2dc0dba1421fd5508fbbd51f1c7602db9,2022-07-26T19:52:50.934000,sent,kaspa:qq2senx6tj9a032xa9nn9awtn0tnlywsf4dv6jl60uyuap6xkvyy75uwu4csv,200000000000000,
44c64181824e456669791a96dc6245b2dc0dba1421fd5508fbbd51f1c7602db9,2022-07-26T19:52:50.934000,sent,kaspa:qpqqstdgtcqu8y9vxj4xw90etupq0zlhr7gqd0l33kh8vzhqusx6xg0dgd4zl,199999999980000,
be022fddadf45525874f272524897b963cb693bb0780d3f4ebf697d77a7fad9e,2022-07-26T19:47:49.466000,sent,kaspa:qq2senx6tj9a032xa9nn9awtn0tnlywsf4dv6jl60uyuap6xkvyy75uwu4csv,3500000000000,
be022fddadf45525874f272524897b963cb693bb0780d3f4ebf697d77a7fad9e,2022-07-26T19:47:49.466000,sent,kaspa:qzp6mvgd7hau8wpe0ry84x2swuts80xrgp3wlum7yrc2cz4lw37c5pdkzjjfy,196499999990000,
0a845c00e0be3c110c8fbc2e56d0b97cd257c47f671e3ef649972ca076c3664e,2022-07-26T19:46:44.752000,sent,kaspa:qq2senx6tj9a032xa9nn9awtn0tnlywsf4dv6jl60uyuap6xkvyy75uwu4csv,500000000000,
0a845c00e0be3c110c8fbc2e56d0b97cd257c47f671e3ef649972ca076c3664e,2022-07-26T19:46:44.752000,sent,kaspa:qz0exzu8w07vyg66xd9anpxcnzj8tlxja62ksp4rjqhjrlu5acnp5z6wac49c,199499999990000,
b73012fb694d59a3c63684b242fbdb25dc65d7d62b3dafb7d8e8b9af163ab212,2022-07-26T19:46:38.817000,sent,kaspa:qq2senx6tj9a032xa9nn9awtn0tnlywsf4dv6jl60uyuap6xkvyy75uwu4csv,39199543598,
b73012fb694d59a3c63684b242fbdb25dc65d7d62b3dafb7d8e8b9af163ab212,2022-07-26T19:46:38.817000,sent,kaspa:qq9vtgmvsydkwfluhvd2y35743assqpemxmns4k4yn0ezmrsd8acs42n4g2ja,199960800446402,
8228716a6c213f31d68c79bb59bdde7f622a3bd8d06cea31b5845a8fa742cfea,2022-07-26T19:42:24.637000,received,kaspa:qrhnk7sh7xcde8dzxstu9xx04q3xrdh8pa42ffprh7tj7lshc6lt5uwlvsslp,200000000000000,
8228716a6c213f31d68c79bb59bdde7f622a3bd8d06cea31b5845a8fa742cfea,2022-07-26T19:42:24.637000,received,kaspa:qrhnk7sh7xcde8dzxstu9xx04q3xrdh8pa42ffprh7tj7lshc6lt5uwlvsslp,200000000000000,
8228716a6c213f31d68c79bb59bdde7f622a3bd8d06cea31b5845a8fa742cfea,2022-07-26T19:42:24.637000,received,kaspa:qrhnk7sh7xcde8dzxstu9xx04q3xrdh8pa42ffprh7tj7lshc6lt5uwlvsslp,200000000000000,
ab2932b1f4c06e8327b4aea6ae6f324efe97a4b67ceffc05532d008d2bcfca55,2022-07-26T19:42:03.172000,received,kaspa:qrhnk7sh7xcde8dzxstu9xx04q3xrdh8pa42ffprh7tj7lshc6lt5uwlvsslp,200000000000000,
ab2932b1f4c06e8327b4aea6ae6f324efe97a4b67ceffc05532d008d2bcfca55,2022-07-26T19:42:03.172000,received,kaspa:qrhnk7sh7xcde8dzxstu9xx04q3xrdh8pa42ffprh7tj7lshc6lt5uwlvsslp,200000000000000,
ab2932b1f4c06e8327b4aea6ae6f324efe97a4b67ceffc05532d008d2bcfca55,2022-07-26T19:42:03.172000,received,kaspa:qrhnk7sh7xcde8dzxstu9xx04q3xrdh8pa42ffprh7tj7lshc6lt5uwlvsslp,200000000000000,
8a1efcdbd550f9a077c60f0a69c2b77abd087b1636ca829d2faa57e5bb5a5d1b,2022-07-26T19:41:20.376000,received,kaspa:qpllcqqnht7n6uz0j2j709aqqq24g0zma8pgy92hrx8ym9npv76yscjxs3jrd,200000000000000,
8a1efcdbd550f9a077c60f0a69c2b77abd087b1636ca829d2faa57e5bb5a5d1b,2022-07-26T19:41:20.376000,received,kaspa:qrhnk7sh7xcde8dzxstu9xx04q3xrdh8pa42ffprh7tj7lshc6lt5uwlvsslp,200000000000000,
be5cac62d6650c7bf2b47e09326905b35558615d2a107fc0e20ad1052bf0a9ff,2022-07-26T19:41:07.300000,received,kaspa:qrhnk7sh7xcde8dzxstu9xx04q3xrdh8pa42ffprh7tj7lshc6lt5uwlvsslp,200000000000000,
be5cac62d6650c7bf2b47e09326905b35558615d2a107fc0e20ad1052bf0a9ff,2022-07-26T19:41:07.300000,received,kaspa:qzhafg9ksw5x6elparppkzy7wdh4cmypvrr6h4ugxgfspg6q68up684gwjhhz,200000000000000,
b6b4530a7a4f8270ba2af7072a46c7469eab211df7cbd0f7a15cbcd241e4dba6,2022-07-26T19:39:27.273000,received,kaspa:qrhnk7sh7xcde8dzxstu9xx04q3xrdh8pa42ffprh7tj7lshc6lt5uwlvsslp,200000000000000,
b6b4530a7a4f8270ba2af7072a46c7469eab211df7cbd0f7a15cbcd241e4dba6,2022-07-26T19:39:27.273000,received,kaspa:qrhnk7sh7xcde8dzxstu9xx04q3xrdh8pa42ffprh7tj7lshc6lt5uwlvsslp,200000000000000,
7b8680633989df6adadc917ef30052dab4d36dda37ecc4aa2916f63a9b37ee9e,2022-07-26T19:36:45.751000,received,kaspa:qqxqutmw5zrrfxn6w2w6ktj70gxkyy2rteq5hzk79fdjv88tk2wyws6v4ypzn,3500000000000,
7b8680633989df6adadc917ef30052dab4d36dda37ecc4aa2916f63a9b37ee9e,2022-07-26T19:36:45.751000,received,kaspa:qqxqutmw5zrrfxn6w2w6ktj70gxkyy2rteq5hzk79fdjv88tk2wyws6v4ypzn,3500000000000,
7b8680633989df6adadc917ef30052dab4d36dda37ecc4aa2916f63a9b37ee9e,2022-07-26T19:36:45.751000,received,kaspa:qqxqutmw5zrrfxn6w2w6ktj70gxkyy2rteq5hzk79fdjv88tk2wyws6v4ypzn,3500000000000,
7b8680633989df6adadc917ef30052dab4d36dda37ecc4aa2916f63a9b37ee9e,2022-07-26T19:36:45.751000,received,kaspa:qqxqutmw5zrrfxn6w2w6ktj70gxkyy2rteq5hzk79fdjv88tk2wyws6v4ypzn,3500000000000,
7b8680633989df6adadc917ef30052dab4d36dda37ecc4aa2916f63a9b37ee9e,2022-07-26T19:36:45.751000,received,kaspa:qqxqutmw5zrrfxn6w2w6ktj70gxkyy2rteq5hzk79fdjv88tk2wyws6v4ypzn,3500000000000,
7b8680633989df6adadc917ef30052dab4d36dda37ecc4aa2916f63a9b37ee9e,2022-07-26T19:36:45.751000,received,kaspa:qqxqutmw5zrrfxn6w2w6ktj70gxkyy2rteq5hzk79fdjv88tk2wyws6v4ypzn,3500000000000,
7b8680633989df6adadc917ef30052dab4d36dda37ecc4aa2916f63a9b37ee9e,2022-07-26T19:36:45.751000,received,kaspa:qqxqutmw5zrrfxn6w2w6ktj70gxkyy2rteq5hzk79fdjv88tk2wyws6v4ypzn,3500000000000,
7b8680633989df6adadc917ef30052dab4d36dda37ecc4aa2916f63a9b37ee9e,2022-07-26T19:36:45.751000,received,kaspa:qqxqutmw5zrrfxn6w2w6ktj70gxkyy2rteq5hzk79fdjv88tk2wyws6v4ypzn,3500000000000,
7b8680633989df6adadc917ef30052dab4d36dda37ecc4aa2916f63a9b37ee9e,2022-07-26T19:36:45.751000,received,kaspa:qqxqutmw5zrrfxn6w2w6ktj70gxkyy2rteq5hzk79fdjv88tk2wyws6v4ypzn,3500000000000,
7b8680633989df6adadc917ef30052dab4d36dda37ecc4aa2916f63a9b37ee9e,2022-07-26T19:36:45.751000,received,kaspa:qqxqutmw5zrrfxn6w2w6ktj70gxkyy2rteq5hzk79fdjv88tk2wyws6v4ypzn,3500000000000,
7b8680633989df6adadc917ef30052dab4d36dda37ecc4aa2916f63a9b37ee9e,2022-07-26T19:36:45.751000,received,kaspa:qqxqutmw5zrrfxn6w2w6ktj70gxkyy2rteq5hzk79fdjv88tk2wyws6v4ypzn,3500000000000,
7b8680633989df6adadc917ef30052dab4d36dda37ecc4aa2916f63a9b37ee9e,2022-07-26T19:36:45.751000,received,kaspa:qqxqutmw5zrrfxn6w2w6ktj70gxkyy2rteq5hzk79fdjv88tk2wyws6v4ypzn,3500000000000,
7b8680633989df6adadc917ef30052dab4d36dda37ecc4aa2916f63a9b37ee9e,2022-07-26T19:36:45.751000,received,kaspa:qqxqutmw5zrrfxn6w2w6ktj70gxkyy2rteq5hzk79fdjv88tk2wyws6v4ypzn,3500000000000,
7b8680633989df6adadc917ef30052dab4d36dda37ecc4aa2916f63a9b37ee9e,2022-07-26T19:36:45.751000,received,kaspa:qqxqutmw5zrrfxn6w2w6ktj70gxkyy2rteq5hzk79fdjv88tk2wyws6v4ypzn,3500000000000,
7b8680633989df6adadc917ef30052dab4d36dda37ecc4aa2916f63a9b37ee9e,2022-07-26T19:36:45.751000,received,kaspa:qqxqutmw5zrrfxn6w2w6ktj70gxkyy2rteq5hzk79fdjv88tk2wyws6v4ypzn,3500000000000,
7b8680633989df6adadc917ef30052dab4d36dda37ecc4aa2916f63a9b37ee9e,2022-07-26T19:36:45.751000,received,kaspa:qqxqutmw5zrrfxn6w2w6ktj70gxkyy2rteq5hzk79fdjv88tk2wyws6v4ypzn,3500000000000,
7b8680633989df6adadc917ef30052dab4d36dda37ecc4aa2916f63a9b37ee9e,2022-07-26T19:36:45.751000,received,kaspa:qqxqutmw5zrrfxn6w2w6ktj70gxkyy2rteq5hzk79fdjv88tk2wyws6v4ypzn,3500000000000,
7b8680633989df6adadc917ef30052dab4d36dda37ecc4aa2916f63a9b37ee9e,2022-07-26T19:36:45.751000,received,kaspa:qqxqutmw5zrrfxn6w2w6ktj70gxkyy2rteq5hzk79fdjv88tk2wyws6v4ypzn,3500000000000,
7b8680633989df6adadc917ef30052dab4d36dda37ecc4aa2916f63a9b37ee9e,2022-07-26T19:36:45.751000,received,kaspa:qqxqutmw5zrrfxn6w2w6ktj70gxkyy2rteq5hzk79fdjv88tk2wyws6v4ypzn,3500000000000,
7b8680633989df6adadc917ef30052dab4d36dda37ecc4aa2916f63a9b37ee9e,2022-07-26T19:36:45.751000,received,kaspa:qqxqutmw5zrrfxn6w2w6ktj70gxkyy2rteq5hzk79fdjv88tk2wyws6v4ypzn,3500000000000,
7b8680633989df6adadc917ef30052dab4d36dda37ecc4aa2916f63a9b37ee9e,2022-07-26T19:36:45.751000,received,kaspa:qqxqutmw5zrrfxn6w2w6ktj70gxkyy2rteq5hzk79fdjv88tk2wyws6v4ypzn,3500000000000,
7b8680633989df6adadc917ef30052dab4d36dda37ecc4aa2916f63a9b37ee9e,2022-07-26T19:36:45.751000,received,kaspa:qqxqutmw5zrrfxn6w2w6ktj70gxkyy2rteq5hzk79fdjv88tk2wyws6v4ypzn,3500000000000,
7b8680633989df6adadc917ef30052dab4d36dda37ecc4aa2916f63a9b37ee9e,2022-07-26T19:36:45.751000,received,kaspa:qqxqutmw5zrrfxn6w2w6ktj70gxkyy2rteq5hzk79fdjv88tk2wyws6v4ypzn,3500000000000,
7b8680633989df6adadc917ef30052dab4d36dda37ecc4aa2916f63a9b37ee9e,2022-07-26T19:36:45.751000,received,kaspa:qqxqutmw5zrrfxn6w2w6ktj70gxkyy2rteq5hzk79fdjv88tk2wyws6v4ypzn,3500000000000,
7b8680633989df6adadc917ef30052dab4d36dda37ecc4aa2916f63a9b37ee9e,2022-07-26T19:36:45.751000,received,kaspa:qqxqutmw5zrrfxn6w2w6ktj70gxkyy2rteq5hzk79fdjv88tk2wyws6v4ypzn,3500000000000,
7b8680633989df6adadc917ef30052dab4d36dda37ecc4aa2916f63a9b37ee9e,2022-07-26T19:36:45.751000,received,kaspa:qqxqutmw5zrrfxn6w2w6ktj70gxkyy2rteq5hzk79fdjv88tk2wyws6v4ypzn,3500000000000,
7b8680633989df6adadc917ef30052dab4d36dda37ecc4aa2916f63a9b37ee9e,2022-07-26T19:36:45.751000,received,kaspa:qqxqutmw5zrrfxn6w2w6ktj70gxkyy2rteq5hzk79fdjv88tk2wyws6v4ypzn,3500000000000,
7b8680633989df6adadc917ef30052dab4d36dda37ecc4aa2916f63a9b37ee9e,2022-07-26T19:36:45.751000,received,kaspa:qqxqutmw5zrrfxn6w2w6ktj70gxkyy2rteq5hzk79fdjv88tk2wyws6v4ypzn,3500000000000,
7b8680633989df6adadc917ef30052dab4d36dda37ecc4aa2916f63a9b37ee9e,2022-07-26T19:36:45.751000,received,kaspa:qqxqutmw5zrrfxn6w2w6ktj70gxkyy2rteq5hzk79fdjv88tk2wyws6v4ypzn,3500000000000,
7b8680633989df6adadc917ef30052dab4d36dda37ecc4aa2916f63a9b37ee9e,2022-07-26T19:36:45.751000,received,kaspa:qqxqutmw5zrrfxn6w2w6ktj70gxkyy2rteq5hzk79fdjv88tk2wyws6v4ypzn,3500000000000,
7b8680633989df6adadc917ef30052dab4d36dda37ecc4aa2916f63a9b37ee9e,2022-07-26T19:36:45.751000,received,kaspa:qqxqutmw5zrrfxn6w2w6ktj70gxkyy2rteq5hzk79fdjv88tk2wyws6v4ypzn,3500000000000,
7b8680633989df6adadc917ef30052dab4d36dda37ecc4aa2916f63a9b37ee9e,2022-07-26T19:36:45.751000,received,kaspa:qqxqutmw5zrrfxn6w2w6ktj70gxkyy2rteq5hzk79fdjv88tk2wyws6v4ypzn,3500000000000,
7b8680633989df6adadc917ef30052dab4d36dda37ecc4aa2916f63a9b37ee9e,2022-07-26T19:36:45.751000,received,kaspa:qqxqutmw5zrrfxn6w2w6ktj70gxkyy2rteq5hzk79fdjv88tk2wyws6v4ypzn,3500000000000,
7b8680633989df6adadc917ef30052dab4d36dda37ecc4aa2916f63a9b37ee9e,2022-07-26T19:36:45.751000,received,kaspa:qqxqutmw5zrrfxn6w2w6ktj70gxkyy2rteq5hzk79fdjv88tk2wyws6v4ypzn,3500000000000,
7b8680633989df6adadc917ef30052dab4d36dda37ecc4aa2916f63a9b37ee9e,2022-07-26T19:36:45.751000,received,kaspa:qqxqutmw5zrrfxn6w2w6ktj70gxkyy2rteq5hzk79fdjv88tk2wyws6v4ypzn,3500000000000,
7b8680633989df6adadc917ef30052dab4d36dda37ecc4aa2916f63a9b37ee9e,2022-07-26T19:36:45.751000,received,kaspa:qqxqutmw5zrrfxn6w2w6ktj70gxkyy2rteq5hzk79fdjv88tk2wyws6v4ypzn,3500000000000,
7b8680633989df6adadc917ef30052dab4d36dda37ecc4aa2916f63a9b37ee9e,2022-07-26T19:36:45.751000,received,kaspa:qqxqutmw5zrrfxn6w2w6ktj70gxkyy2rteq5hzk79fdjv88tk2wyws6v4ypzn,3500000000000,
7b8680633989df6adadc917ef30052dab4d36dda37ecc4aa2916f63a9b37ee9e,2022-07-26T19:36:45.751000,received,kaspa:qqxqutmw5zrrfxn6w2w6ktj70gxkyy2rteq5hzk79fdjv88tk2wyws6v4ypzn,3500000000000,
7b8680633989df6adadc917ef30052dab4d36dda37ecc4aa2916f63a9b37ee9e,2022-07-26T19:36:45.751000,received,kaspa:qqxqutmw5zrrfxn6w2w6ktj70gxkyy2rteq5hzk79fdjv88tk2wyws6v4ypzn,3500000000000,
7b8680633989df6adadc917ef30052dab4d36dda37ecc4aa2916f63a9b37ee9e,2022-07-26T19:36:45.751000,received,kaspa:qqxqutmw5zrrfxn6w2w6ktj70gxkyy2rteq5hzk79fdjv88tk2wyws6v4ypzn,3500000000000,
7b8680633989df6adadc917ef30052dab4d36dda37ecc4aa2916f63a9b37ee9e,2022-07-26T19:36:45.751000,received,kaspa:qqxqutmw5zrrfxn6w2w6ktj70gxkyy2rteq5hzk79fdjv88tk2wyws6v4ypzn,3500000000000,
7b8680633989df6adadc917ef30052dab4d36dda37ecc4aa2916f63a9b37ee9e,2022-07-26T19:36:45.751000,received,kaspa:qqxqutmw5zrrfxn6w2w6ktj70gxkyy2rteq5hzk79fdjv88tk2wyws6v4ypzn,3500000000000,
7b8680633989df6adadc917ef30052dab4d36dda37ecc4aa2916f63a9b37ee9e,2022-07-26T19:36:45.751000,received,kaspa:qqxqutmw5zrrfxn6w2w6ktj70gxkyy2rteq5hzk79fdjv88tk2wyws6v4ypzn,3500000000000,
7b8680633989df6adadc917ef30052dab4d36dda37ecc4aa2916f63a9b37ee9e,2022-07-26T19:36:45.751000,received,kaspa:qqxqutmw5zrrfxn6w2w6ktj70gxkyy2rteq5hzk79fdjv88tk2wyws6v4ypzn,3500000000000,
7b8680633989df6adadc917ef30052dab4d36dda37ecc4aa2916f63a9b37ee9e,2022-07-26T19:36:45.751000,received,kaspa:qqxqutmw5zrrfxn6w2w6ktj70gxkyy2rteq5hzk79fdjv88tk2wyws6v4ypzn,3500000000000,
7b8680633989df6adadc917ef30052dab4d36dda37ecc4aa2916f63a9b37ee9e,2022-07-26T19:36:45.751000,received,kaspa:qqxqutmw5zrrfxn6w2w6ktj70gxkyy2rteq5hzk79fdjv88tk2wyws6v4ypzn,3500000000000,
7b8680633989df6adadc917ef30052dab4d36dda37ecc4aa2916f63a9b37ee9e,2022-07-26T19:36:45.751000,received,kaspa:qqxqutmw5zrrfxn6w2w6ktj70gxkyy2rteq5hzk79fdjv88tk2wyws6v4ypzn,3500000000000,
7b8680633989df6adadc917ef30052dab4d36dda37ecc4aa2916f63a9b37ee9e,2022-07-26T19:36:45.751000,received,kaspa:qqxqutmw5zrrfxn6w2w6ktj70gxkyy2rteq5hzk79fdjv88tk2wyws6v4ypzn,3500000000000,
7b8680633989df6adadc917ef30052dab4d36dda37ecc4aa2916f63a9b37ee9e,2022-07-26T19:36:45.751000,received,kaspa:qqxqutmw5zrrfxn6w2w6ktj70gxkyy2rteq5hzk79fdjv88tk2wyws6v4ypzn,3500000000000,
7b8680633989df6adadc917ef30052dab4d36dda37ecc4aa2916f63a9b37ee9e,2022-07-26T19:36:45.751000,received,kaspa:qqxqutmw5zrrfxn6w2w6ktj70gxkyy2rteq5hzk79fdjv88tk2wyws6v4ypzn,3500000000000,
7b8680633989df6adadc917ef30052dab4d36dda37ecc4aa2916f63a9b37ee9e,2022-07-26T19:36:45.751000,received,kaspa:qqxqutmw5zrrfxn6w2w6ktj70gxkyy2rteq5hzk79fdjv88tk2wyws6v4ypzn,3500000000000,
7b8680633989df6adadc917ef30052dab4d36dda37ecc4aa2916f63a9b37ee9e,2022-07-26T19:36:45.751000,received,kaspa:qqxqutmw5zrrfxn6w2w6ktj70gxkyy2rteq5hzk79fdjv88tk2wyws6v4ypzn,3500000000000,
7b8680633989df6adadc917ef30052dab4d36dda37ecc4aa2916f63a9b37ee9e,2022-07-26T19:36:45.751000,received,kaspa:qqxqutmw5zrrfxn6w2w6ktj70gxkyy2rteq5hzk79fdjv88tk2wyws6v4ypzn,3500000000000,
7b8680633989df6adadc917ef30052dab4d36dda37ecc4aa2916f63a9b37ee9e,2022-07-26T19:36:45.751000,received,kaspa:qqxqutmw5zrrfxn6w2w6ktj70gxkyy2rteq5hzk79fdjv88tk2wyws6v4ypzn,3500000000000,
7b8680633989df6adadc917ef30052dab4d36dda37ecc4aa2916f63a9b37ee9e,2022-07-26T19:36:45.751000,received,kaspa:qqxqutmw5zrrfxn6w2w6ktj70gxkyy2rteq5hzk79fdjv88tk2wyws6v4ypzn,3500000000000,
7b8680633989df6adadc917ef30052dab4d36dda37ecc4aa2916f63a9b37ee9e,2022-07-26T19:36:45.751000,received,kaspa:qqxqutmw5zrrfxn6w2w6ktj70gxkyy2rteq5hzk79fdjv88tk2wyws6v4ypzn,3500000000000,
7b8680633989df6adadc917ef30052dab4d36dda37ecc4aa2916f63a9b37ee9e,2022-07-26T19:36:45.751000,received,kaspa:qqxqutmw5zrrfxn6w2w6ktj70gxkyy2rteq5hzk79fdjv88tk2wyws6v4ypzn,3500000000000,
7b8680633989df6adadc917ef30052dab4d36dda37ecc4aa2916f63a9b37ee9e,2022-07-26T19:36:45.751000,received,kaspa:qqxqutmw5zrrfxn6w2w6ktj70gxkyy2rteq5hzk79fdjv88tk2wyws6v4ypzn,3500000000000,
7b8680633989df6adadc917ef30052dab4d36dda37ecc4aa2916f63a9b37ee9e,2022-07-26T19:36:45.751000,received,kaspa:qqxqutmw5zrrfxn6w2w6ktj70gxkyy2rteq5hzk79fdjv88tk2wyws6v4ypzn,3500000000000,
7b8680633989df6adadc917ef30052dab4d36dda37ecc4aa2916f63a9b37ee9e,2022-07-26T19:36:45.751000,received,kaspa:qqxqutmw5zrrfxn6w2w6ktj70gxkyy2rteq5hzk79fdjv88tk2wyws6v4ypzn,3500000000000,
7b8680633989df6adadc917ef30052dab4d36dda37ecc4aa2916f63a9b37ee9e,2022-07-26T19:36:45.751000,received,kaspa:qqxqutmw5zrrfxn6w2w6ktj70gxkyy2rteq5hzk79fdjv88tk2wyws6v4ypzn,3500000000000,
7b8680633989df6adadc917ef30052dab4d36dda37ecc4aa2916f63a9b37ee9e,2022-07-26T19:36:45.751000,received,kaspa:qqxqutmw5zrrfxn6w2w6ktj70gxkyy2rteq5hzk79fdjv88tk2wyws6v4ypzn,3500000000000,
7b8680633989df6adadc917ef30052dab4d36dda37ecc4aa2916f63a9b37ee9e,2022-07-26T19:36:45.751000,received,kaspa:qqxqutmw5zrrfxn6w2w6ktj70gxkyy2rteq5hzk79fdjv88tk2wyws6v4ypzn,3500000000000,
7b8680633989df6adadc917ef30052dab4d36dda37ecc4aa2916f63a9b37ee9e,2022-07-26T19:36:45.751000,received,kaspa:qqxqutmw5zrrfxn6w2w6ktj70gxkyy2rteq5hzk79fdjv88tk2wyws6v4ypzn,3500000000000,
7b8680633989df6adadc917ef30052dab4d36dda37ecc4aa2916f63a9b37ee9e,2022-07-26T19:36:45.751000,received,kaspa:qqxqutmw5zrrfxn6w2w6ktj70gxkyy2rteq5hzk79fdjv88tk2wyws6v4ypzn,3500000000000,
7b8680633989df6adadc917ef30052dab4d36dda37ecc4aa2916f63a9b37ee9e,2022-07-26T19:36:45.751000,received,kaspa:qqxqutmw5zrrfxn6w2w6ktj70gxkyy2rteq5hzk79fdjv88tk2wyws6v4ypzn,3500000000000,
7b8680633989df6adadc917ef30052dab4d36dda37ecc4aa2916f63a9b37ee9e,2022-07-26T19:36:45.751000,received,kaspa:qqxqutmw5zrrfxn6w2w6ktj70gxkyy2rteq5hzk79fdjv88tk2wyws6v4ypzn,3500000000000,
7b8680633989df6adadc917ef30052dab4d36dda37ecc4aa2916f63a9b37ee9e,2022-07-26T19:36:45.751000,received,kaspa:qqxqutmw5zrrfxn6w2w6ktj70gxkyy2rteq5hzk79fdjv88tk2wyws6v4ypzn,3500000000000,
7b8680633989df6adadc917ef30052dab4d36dda37ecc4aa2916f63a9b37ee9e,2022-07-26T19:36:45.751000,received,kaspa:qqxqutmw5zrrfxn6w2w6ktj70gxkyy2rteq5hzk79fdjv88tk2wyws6v4ypzn,3500000000000,
7b8680633989df6adadc917ef30052dab4d36dda37ecc4aa2916f63a9b37ee9e,2022-07-26T19:36:45.751000,received,kaspa:qqxqutmw5zrrfxn6w2w6ktj70gxkyy2rteq5hzk79fdjv88tk2wyws6v4ypzn,3500000000000,
7b8680633989df6adadc917ef30052dab4d36dda37ecc4aa2916f63a9b37ee9e,2022-07-26T19:36:45.751000,received,kaspa:qqxqutmw5zrrfxn6w2w6ktj70gxkyy2rteq5hzk79fdjv88tk2wyws6v4ypzn,3500000000000,
7b8680633989df6adadc917ef30052dab4d36dda37ecc4aa2916f63a9b37ee9e,2022-07-26T19:36:45.751000,received,kaspa:qqxqutmw5zrrfxn6w2w6ktj70gxkyy2rteq5hzk79fdjv88tk2wyws6v4ypzn,3500000000000,
7b8680633989df6adadc917ef30052dab4d36dda37ecc4aa2916f63a9b37ee9e,2022-07-26T19:36:45.751000,received,kaspa:qqxqutmw5zrrfxn6w2w6ktj70gxkyy2rteq5hzk79fdjv88tk2wyws6v4ypzn,3500000000000,
7b8680633989df6adadc917ef30052dab4d36dda37ecc4aa2916f63a9b37ee9e,2022-07-26T19:36:45.751000,received,kaspa:qqxqutmw5zrrfxn6w2w6ktj70gxkyy2rteq5hzk79fdjv88tk2wyws6v4ypzn,3500000000000,
7b8680633989df6adadc917ef30052dab4d36dda37ecc4aa2916f63a9b37ee9e,2022-07-26T19:36:45.751000,received,kaspa:qqxqutmw5zrrfxn6w2w6ktj70gxkyy2rteq5hzk79fdjv88tk2wyws6v4ypzn,3500000000000,
7b8680633989df6adadc917ef30052dab4d36dda37ecc4aa2916f63a9b37ee9e,2022-07-26T19:36:45.751000,received,kaspa:qqxqutmw5zrrfxn6w2w6ktj70gxkyy2rteq5hzk79fdjv88tk2wyws6v4ypzn,3500000000000,
7b8680633989df6adadc917ef30052dab4d36dda37ecc4aa2916f63a9b37ee9e,2022-07-26T19:36:45.751000,received,kaspa:qqxqutmw5zrrfxn6w2w6ktj70gxkyy2rteq5hzk79fdjv88tk2wyws6v4ypzn,3500000000000,
7b8680633989df6adadc917ef30052dab4d36dda37ecc4aa2916f63a9b37ee9e,2022-07-26T19:36:45.751000,received,kaspa:qqxqutmw5zrrfxn6w2w6ktj70gxkyy2rteq5hzk79fdjv88tk2wyws6v4ypzn,3500000000000,
7b8680633989df6adadc917ef30052dab4d36dda37ecc4aa2916f63a9b37ee9e,2022-07-26T19:36:45.751000,received,kaspa:qqxqutmw5zrrfxn6w2w6ktj70gxkyy2rteq5hzk79fdjv88tk2wyws6v4ypzn,3500000000000,
7b8680633989df6adadc917ef30052dab4d36dda37ecc4aa2916f63a9b37ee9e,2022-07-26T19:36:45.751000,received,kaspa:qqxqutmw5zrrfxn6w2w6ktj70gxkyy2rteq5hzk79fdjv88tk2wyws6v4ypzn,3500000000000,
7b8680633989df6adadc917ef30052dab4d36dda37ecc4aa2916f63a9b37ee9e,2022-07-26T19:36:45.751000,received,kaspa:qqxqutmw5zrrfxn6w2w6ktj70gxkyy2rteq5hzk79fdjv88tk2wyws6v4ypzn,3500000000000,
7b8680633989df6adadc917ef30052dab4d36dda37ecc4aa2916f63a9b37ee9e,2022-07-26T19:36:45.751000,received,kaspa:qqxqutmw5zrrfxn6w2w6ktj70gxkyy2rteq5hzk79fdjv88tk2wyws6v4ypzn,3500000000000,
7b8680633989df6adadc917ef30052dab4d36dda37ecc4aa2916f63a9b37ee9e,2022-07-26T19:36:45.751000,received,kaspa:qqxqutmw5zrrfxn6w2w6ktj70gxkyy2rteq5hzk79fdjv88tk2wyws6v4ypzn,3500000000000,
7b8680633989df6adadc917ef30052dab4d36dda37ecc4aa2916f63a9b37ee9e,2022-07-26T19:36:45.751000,received,kaspa:qqxqutmw5zrrfxn6w2w6ktj70gxkyy2rteq5hzk79fdjv88tk2wyws6v4ypzn,3500000000000,
7b8680633989df6adadc917ef30052dab4d36dda37ecc4aa2916f63a9b37ee9e,2022-07-26T19:36:45.751000,received,kaspa:qqxqutmw5zrrfxn6w2w6ktj70gxkyy2rteq5hzk79fdjv88tk2wyws6v4ypzn,3500000000000,
a7fc86c023a2ef2a9befbddbe334a70044b8a3fef3a8f8087454fade700422d8,2022-07-11T17:22:45.118000,sent,kaspa:qqwfa7r7sqrsgpus6568543k5hnu99l727hljn7gt2y4gds3z7ykgn5mkx7qs,1092879546400000,
a7fc86c023a2ef2a9befbddbe334a70044b8a3fef3a8f8087454fade700422d8,2022-07-11T17:22:45.118000,sent,kaspa:qzqjlxhxll4k5pklzxw0sxf8ll0lrn6pc39jmmclzlhmenaa70y9skvysgja7,5575953032343,
f7b1b41ae62c38ecce97748c36949dc51a3f8aaf44785df2f97e67dca55e4c1c,2022-07-01T12:09:55.586000,received,kaspa:qqxsd3ghafynvxmgg9hdlmsmqu9yr7aqdguzp5utwah92cvhma0tzfngu47uk,24100000000000,
f7b1b41ae62c38ecce97748c36949dc51a3f8aaf44785df2f97e67dca55e4c1c,2022-07-01T12:09:55.586000,received,kaspa:qqr3qv05y28fcf0phrunyzze2yrdyz4fa87p5jr6u9k8hlj3u0tw7jh4yfhe3,24100000000000,
f7b1b41ae62c38ecce97748c36949dc51a3f8aaf44785df2f97e67dca55e4c1c,2022-07-01T12:09:55.586000,received,kaspa:qzjtffpy73l6a33sf94ln62t76dflty8f3mtkcmx8tesgwzpe0qwylp6fwpse,24100000000000,
f7b1b41ae62c38ecce97748c36949dc51a3f8aaf44785df2f97e67dca55e4c1c,2022-07-01T12:09:55.586000,received,kaspa:qzxk99lkshxkw4skv05fjddyprqr03f5zreeqfg857z8nr5nsevk5vkdlguhz,24100000000000,
f7b1b41ae62c38ecce97748c36949dc51a3f8aaf44785df2f97e67dca55e4c1c,2022-07-01T12:09:55.586000,received,kaspa:qrl24pddg4wzwyhhrns4ltgrhqvjem65jnm2037r7dhxetaqg3xhu0qm00axu,24100000000000,
f7b1b41ae62c38ecce97748c36949dc51a3f8aaf44785df2f97e67dca55e4c1c,2022-07-01T12:09:55.586000,received,kaspa:qz2rg9khqh0e6r5apuawnv3x5jcvkajskskkzfml9tulx4knt9sd7q744e5ec,24100000000000,
f7b1b41ae62c38ecce97748c36949dc51a3f8aaf44785df2f97e67dca55e4c1c,2022-07-01T12:09:55.586000,received,kaspa:qzjjj5dds8kygvgde32cemamlmluvf97fuxw4s5r7kxx4cakaj4uy6w8fkxt5,24100000000000,
f7b1b41ae62c38ecce97748c36949dc51a3f8aaf44785df2f97e67dca55e4c1c,2022-07-01T12:09:55.586000,received,kaspa:qp3r2nqnvnklsj6rcp6yzqepqe0zwfgeqkuq32n4ys9xplq8pqmnjzg5u34se,24100000000000,
f7b1b41ae62c38ecce97748c36949dc51a3f8aaf44785df2f97e67dca55e4c1c,2022-07-01T12:09:55.586000,received,kaspa:qq3zf2j9rhnft5tmathdq7kpvr2cug89jvys3l0ecq2a5ap7rhjvj578d862y,24100000000000,
f7b1b41ae62c38ecce97748c36949dc51a3f8aaf44785df2f97e67dca55e4c1c,2022-07-01T12:09:55.586000,received,kaspa:qr2acz2g6h5ppkue3968vrhmgjq4q4hh7edds9wmk059ft4ku4fyzkxmwxpt0,24100000000000,
f7b1b41ae62c38ecce97748c36949dc51a3f8aaf44785df2f97e67dca55e4c1c,2022-07-01T12:09:55.586000,received,kaspa:qr8ys0g9fatxweyhvhu7m6fx4fp45rs7nknjdfle8p0tj69f0svfcz2dg8kmx,24100000000000,
f7b1b41ae62c38ecce97748c36949dc51a3f8aaf44785df2f97e67dca55e4c1c,2022-07-01T12:09:55.586000,received,kaspa:qzrpxnv2fx4w300v0zywpeedfr8ghkyr3y9p99ukw4wzkyx7ghjn5kst8lzgq,24100000000000,
f7b1b41ae62c38ecce97748c36949dc51a3f8aaf44785df2f97e67dca55e4c1c,2022-07-01T12:09:55.586000,received,kaspa:qzut2uf3acknn732xmkdtmtjklz4n24h3ervggpm20elhm8u8rnucv8xcelhn,24100000000000,
f7b1b41ae62c38ecce97748c36949dc51a3f8aaf44785df2f97e67dca55e4c1c,2022-07-01T12:09:55.586000,received,kaspa:qrmlk7uk80wuacm36xyz6a64pak4vp7rtz90yte4sk4w4zsn4tcj7wwzlnjwg,24100000000000,
f7b1b41ae62c38ecce97748c36949dc51a3f8aaf44785df2f97e67dca55e4c1c,2022-07-01T12:09:55.586000,received,kaspa:qzxjxx3vp3emr3jxz4p3khevxhr8sxg8ry2ca4zlvad73wn2rrdt2wgm06k97,24100000000000,
f7b1b41ae62c38ecce97748c36949dc51a3f8aaf44785df2f97e67dca55e4c1c,2022-07-01T12:09:55.586000,received,kaspa:qzr7qnw3t3njwfm6va8afe5qnncfz8ehn4xcpxh2fwh3jtw0qaca6d3gt3ggu,24100000000000,
f7b1b41ae62c38ecce97748c36949dc51a3f8aaf44785df2f97e67dca55e4c1c,2022-07-01T12:09:55.586000,received,kaspa:qrvxcgfwa4sh0axu2fgw4c5paha55ule76m5m97evgwheeplaepwk72u3lvgf,24100000000000,
f7b1b41ae62c38ecce97748c36949dc51a3f8aaf44785df2f97e67dca55e4c1c,2022-07-01T12:09:55.586000,received,kaspa:qqu0hwlctnynjxywpr7yruuapgqswg2gx54uyt43z23j3era5vx7yxnjc85up,24100000000000,
f7b1b41ae62c38ecce97748c36949dc51a3f8aaf44785df2f97e67dca55e4c1c,2022-07-01T12:09:55.586000,received,kaspa:qpqjmmu73503tqa8u5k0uctdt5emfe5ghx97k2rs5clwnzru0tsdzftj3jucz,24100000000000,
f7b1b41ae62c38ecce97748c36949dc51a3f8aaf44785df2f97e67dca55e4c1c,2022-07-01T12:09:55.586000,received,kaspa:qrzjufqhq9qy0pme4w5rlh7g6m52cw2mynn5tugrprhrfygu66wu75fpmu3ue,24100000000000,
f7b1b41ae62c38ecce97748c36949dc51a3f8aaf44785df2f97e67dca55e4c1c,2022-07-01T12:09:55.586000,received,kaspa:qrzjufqhq9qy0pme4w5rlh7g6m52cw2mynn5tugrprhrfygu66wu75fpmu3ue,24100000000000,
f7b1b41ae62c38ecce97748c36949dc51a3f8aaf44785df2f97e67dca55e4c1c,2022-07-01T12:09:55.586000,received,kaspa:qrzjufqhq9qy0pme4w5rlh7g6m52cw2mynn5tugrprhrfygu66wu75fpmu3ue,24100000000000,
f7b1b41ae62c38ecce97748c36949dc51a3f8aaf44785df2f97e67dca55e4c1c,2022-07-01T12:09:55.586000,received,kaspa:qrzjufqhq9qy0pme4w5rlh7g6m52cw2mynn5tugrprhrfygu66wu75fpmu3ue,24100000000000,
f7b1b41ae62c38ecce97748c36949dc51a3f8aaf44785df2f97e67dca55e4c1c,2022-07-01T12:09:55.586000,received,kaspa:qrzjufqhq9qy0pme4w5rlh7g6m52cw2mynn5tugrprhrfygu66wu75fpmu3ue,24100000000000,
f7b1b41ae62c38ecce97748c36949dc51a3f8aaf44785df2f97e67dca55e4c1c,2022-07-01T12:09:55.586000,received,kaspa:qrzjufqhq9qy0pme4w5rlh7g6m52cw2mynn5tugrprhrfygu66wu75fpmu3ue,24100000000000,
46407f963beeae3de67ef766eef25c30e5aa29a2f27c3d62c0a1741083f95fa8,2022-07-01T11:45:12.151000,received,kaspa:qze6ucqc6388jm5q580w54eccruxxzl5pk5d766h67y4e8d5zj9wudz94m9vf,10000000000000,
2ca4129050e68d3fc162c85e9d2a0139365f8748481d22114308d1ebd4f735c7,2022-06-22T01:01:43.567000,sent,kaspa:qq2senx6tj9a032xa9nn9awtn0tnlywsf4dv6jl60uyuap6xkvyy75uwu4csv,41530469757,
2ca4129050e68d3fc162c85e9d2a0139365f8748481d22114308d1ebd4f735c7,2022-06-22T01:01:43.567000,sent,kaspa:qzpywhgn9r4dw7cdlerx8n8jkhsm8mm2m57nkx20tpk92zprgs97y7nz96mr3,199958469520243,
a49a32c3dfa063c30e06c200de937140af6a8f8c4491d49b8205ba26e239be0a,2022-06-22T00:52:38.157000,sent,kaspa:qq2senx6tj9a032xa9nn9awtn0tnlywsf4dv6jl60uyuap6xkvyy75uwu4csv,200000000000000,
a49a32c3dfa063c30e06c200de937140af6a8f8c4491d49b8205ba26e239be0a,2022-06-22T00:52:38.157000,sent,kaspa:qrfeqdpk3q62g7zm3tgjcdx2d2k8d98x9mas2v9q4yxvtch47k4pwwf00nwcg,199999999980000,
af4539ea7050f5802de76c5e5f7c4cd9115643cb1b336c56714b72a1bdfc0784,2022-06-22T00:38:26.152000,received,kaspa:qrrr7gv75nc2mehe54ymd4h9dv2zkvccrnsv65mdz98z4yxf9umngmlwtt2qg,200000000000000,
af4539ea7050f5802de76c5e5f7c4cd9115643cb1b336c56714b72a1bdfc0784,2022-06-22T00:38:26.152000,received,kaspa:qrhnk7sh7xcde8dzxstu9xx04q3xrdh8pa42ffprh7tj7lshc6lt5uwlvsslp,200000000000000,
0c6b19c8c764929323b40291cba32ca61a11d9dfae0ea3f9cdc08b929381b2ec,2022-06-22T00:37:01.272000,received,kaspa:qrhnk7sh7xcde8dzxstu9xx04q3xrdh8pa42ffprh7tj7lshc6lt5uwlvsslp,200000000000000,
3607eed89296a6a824a3320dd5408096a92a9f79172ea4274eeff07218151266,2022-06-21T08:08:39.432000,received,kaspa:qrx3d7mydttrp6f7ave5g9g5ztsw3pgv7cqstl9v7wymduzlv8rt73gu96wvg,7000000000000,
3607eed89296a6a824a3320dd5408096a92a9f79172ea4274eeff07218151266,2022-06-21T08:08:39.432000,received,kaspa:qrx3d7mydttrp6f7ave5g9g5ztsw3pgv7cqstl9v7wymduzlv8rt73gu96wvg,7000000000000,
243bc7ac5e4f65667d12b583492a881719645b79ea282243f8e38f23a2bbc96c,2022-06-21T08:07:59.563000,received,kaspa:qqaf75swrz38fnxj904rw376k0004nfdhmp8z502xax4mvlrhd867u2y4vwuu,10000000000000,
243bc7ac5e4f65667d12b583492a881719645b79ea282243f8e38f23a2bbc96c,2022-06-21T08:07:59.563000,received,kaspa:qqaf75swrz38fnxj904rw376k0004nfdhmp8z502xax4mvlrhd867u2y4vwuu,10000000000000,
243bc7ac5e4f65667d12b583492a881719645b79ea282243f8e38f23a2bbc96c,2022-06-21T08:07:59.563000,received,kaspa:qqaf75swrz38fnxj904rw376k0004nfdhmp8z502xax4mvlrhd867u2y4vwuu,10000000000000,
097fcf3dc6fdfdf937efd2926e62883190c577689a807c6f703a81df9e5313a2,2022-06-09T00:52:31.549000,sent,kaspa:qq2senx6tj9a032xa9nn9awtn0tnlywsf4dv6jl60uyuap6xkvyy75uwu4csv,450000000000000,
097fcf3dc6fdfdf937efd2926e62883190c577689a807c6f703a81df9e5313a2,2022-06-09T00:52:31.549000,sent,kaspa:qrsvcdvupsmuvq9pmglevs9nl6pzngfksmt0lpg7kqrqnpknx8uaceue0957l,149999999970000,
c06fdc821ef6f09e890b6aac2fde55d7c2b59be0719340b46f3cf1e121d2e082,2022-06-09T00:33:46.663000,sent,kaspa:qrxw5zxturyhl658r79wtcgnnxw35pa0vpp3syy7mnrk0g9k6e2zkaq6thppl,3017720084000,
c06fdc821ef6f09e890b6aac2fde55d7c2b59be0719340b46f3cf1e121d2e082,2022-06-09T00:33:46.663000,sent,kaspa:qrgcwtlel968nzsld62l59demj8kprwtvq7t644fhdyxhum43fr6gr9sch6wv,196982279906000,
1a75d490120548967402d14dd5ebed6e859941404bf62c3e01fa73ee4d70cce0,2022-06-09T00:31:33.978000,received,kaspa:qz27gvczd69caghzd0vy4qrk29qx76j7ephcupfqj3ttf0u25a4rz4slxpsk6,200000000000000,
1a75d490120548967402d14dd5ebed6e859941404bf62c3e01fa73ee4d70cce0,2022-06-09T00:31:33.978000,received,kaspa:qrhnk7sh7xcde8dzxstu9xx04q3xrdh8pa42ffprh7tj7lshc6lt5uwlvsslp,200000000000000,
0eb4fd5dd2124bd811812d2ad08e5251b69ec8bd9bf170eb41ac049e5d320d45,2022-06-09T00:31:10.071000,received,kaspa:qrhnk7sh7xcde8dzxstu9xx04q3xrdh8pa42ffprh7tj7lshc6lt5uwlvsslp,200000000000000,
0eb4fd5dd2124bd811812d2ad08e5251b69ec8bd9bf170eb41ac049e5d320d45,2022-06-09T00:31:10.071000,received,kaspa:qrhnk7sh7xcde8dzxstu9xx04q3xrdh8pa42ffprh7tj7lshc6lt5uwlvsslp,200000000000000,
54f0548815fc18ff00a67a1dc37efd14eec14815aefa86e05f510a2827b43065,2022-06-09T00:05:29.846000,received,kaspa:qzvvv80s93zuwx6mrjmspgadudahxgufffmcqzup68czw00al84jz7pfd903m,10000000000000,
54f0548815fc18ff00a67a1dc37efd14eec14815aefa86e05f510a2827b43065,2022-06-09T00:05:29.846000,received,kaspa:qzvvv80s93zuwx6mrjmspgadudahxgufffmcqzup68czw00al84jz7pfd903m,10000000000000,
54f0548815fc18ff00a67a1dc37efd14eec14815aefa86e05f510a2827b43065,2022-06-09T00:05:29.846000,received,kaspa:qzvvv80s93zuwx6mrjmspgadudahxgufffmcqzup68czw00al84jz7pfd903m,10000000000000,
58df2e047cef45adf75a1cf06158bf7c67ad1c5876429e9f9b45363928b0cb6e,2022-06-09T00:05:27.873000,received,kaspa:qpv4xc6rv302ej2vpqk6wa895987h2v04yp0w9rphd9nvsl73t4jjnsrj9els,10000000000000,
58df2e047cef45adf75a1cf06158bf7c67ad1c5876429e9f9b45363928b0cb6e,2022-06-09T00:05:27.873000,received,kaspa:qpv4xc6rv302ej2vpqk6wa895987h2v04yp0w9rphd9nvsl73t4jjnsrj9els,10000000000000,
58df2e047cef45adf75a1cf06158bf7c67ad1c5876429e9f9b45363928b0cb6e,2022-06-09T00:05:27.873000,received,kaspa:qpv4xc6rv302ej2vpqk6wa895987h2v04yp0w9rphd9nvsl73t4jjnsrj9els,10000000000000,
a75bc778f35d9ec876b30f4aa5f76341d83e4bbc681e13fed684ee28bfe84c68,2022-06-09T00:05:23.350000,received,kaspa:qrmehlmmz534prtd0v32nmuduvzgs8tuy9ntxvkq4jky4emcfhfazvnfwsqy2,10000000000000,
a75bc778f35d9ec876b30f4aa5f76341d83e4bbc681e13fed684ee28bfe84c68,2022-06-09T00:05:23.350000,received,kaspa:qrmehlmmz534prtd0v32nmuduvzgs8tuy9ntxvkq4jky4emcfhfazvnfwsqy2,10000000000000,
a75bc778f35d9ec876b30f4aa5f76341d83e4bbc681e13fed684ee28bfe84c68,2022-06-09T00:05:23.350000,received,kaspa:qrmehlmmz534prtd0v32nmuduvzgs8tuy9ntxvkq4jky4emcfhfazvnfwsqy2,10000000000000,
78364473333eb7d7de0879df4ad4088da2898910343ac75bb3b16010aca6e951,2022-06-09T00:02:41.463000,received,kaspa:qqvkyg0m9auwy00luftl7uh75uuxnzqdlxm04gewhmr7q9d8adcg7ufk4alfd,10000000000000,
78364473333eb7d7de0879df4ad4088da2898910343ac75bb3b16010aca6e951,2022-06-09T00:02:41.463000,received,kaspa:qqvkyg0m9auwy00luftl7uh75uuxnzqdlxm04gewhmr7q9d8adcg7ufk4alfd,10000000000000,
78364473333eb7d7de0879df4ad4088da2898910343ac75bb3b16010aca6e951,2022-06-09T00:02:41.463000,received,kaspa:qqvkyg0m9auwy00luftl7uh75uuxnzqdlxm04gewhmr7q9d8adcg7ufk4alfd,10000000000000,
4e7921360daac2a07d64455eb3128f05a152b5c5007e582c3615ae2ffbb45194,2022-06-09T00:02:34.462000,received,kaspa:qz4w54vyfufp8snynekdlwv3pcpzs05epuycdja4vkke0n3twq95wznd9q6yk,10000000000000,
4e7921360daac2a07d64455eb3128f05a152b5c5007e582c3615ae2ffbb45194,2022-06-09T00:02:34.462000,received,kaspa:qz4w54vyfufp8snynekdlwv3pcpzs05epuycdja4vkke0n3twq95wznd9q6yk,10000000000000,
4e7921360daac2a07d64455eb3128f05a152b5c5007e582c3615ae2ffbb45194,2022-06-09T00:02:34.462000,received,kaspa:qz4w54vyfufp8snynekdlwv3pcpzs05epuycdja4vkke0n3twq95wznd9q6yk,10000000000000,
9ea23b95c5e0583139b87267de306560a64962fe7e1e0a92c0bec8a50d29349f,2022-06-08T19:44:34.890000,sent,kaspa:qq2senx6tj9a032xa9nn9awtn0tnlywsf4dv6jl60uyuap6xkvyy75uwu4csv,179958114077,
9ea23b95c5e0583139b87267de306560a64962fe7e1e0a92c0bec8a50d29349f,2022-06-08T19:44:34.890000,sent,kaspa:qzshrq0dn7dd4775le89wux4g6nj3emgph8chpj4ss6x9tjnqqlnyjms5z9ve,49819041875923,
393ee6c8463f752ad60648c106e59489873778a87833a60ff67a0246069bcf15,2022-05-27T04:04:57.131000,received,kaspa:qq43ptdv3p06hlj3azqc6lg8rlm9lplkf79j38nmxaet76nnprhuvn5hdupe5,49999000000000,
b1aabba5719116c4e5dbd6fd70277d7e03ad62e0e8b5fdb79a1d35ca822ba46b,2022-05-27T00:51:09.192000,sent,kaspa:qq2senx6tj9a032xa9nn9awtn0tnlywsf4dv6jl60uyuap6xkvyy75uwu4csv,10000000000000,
b1aabba5719116c4e5dbd6fd70277d7e03ad62e0e8b5fdb79a1d35ca822ba46b,2022-05-27T00:51:09.192000,sent,kaspa:qqs6yh5r2ayc95kmax9ysjfznavu2sazt88lsn0t9zy029aqcfyc7sltnkrqm,9999999980000,
7ff524de8faa85767311898046f7af3c0e9f939149aa9653df8084cd7cb86ec7,2022-05-27T00:51:04.533000,sent,kaspa:qq2senx6tj9a032xa9nn9awtn0tnlywsf4dv6jl60uyuap6xkvyy75uwu4csv,10000000000000,
7ff524de8faa85767311898046f7af3c0e9f939149aa9653df8084cd7cb86ec7,2022-05-27T00:51:04.533000,sent,kaspa:qp5zkk5tjcgxhp2ha8vpguukwyd3n6h48qptjumrp9h5uqkt3rlwgn9yk5rkk,9999999980000,
7ff524de8faa85767311898046f7af3c0e9f939149aa9653df8084cd7cb86ec7,2022-05-27T00:51:04.533000,sent,kaspa:qq2senx6tj9a032xa9nn9awtn0tnlywsf4dv6jl60uyuap6xkvyy75uwu4csv,10000000000000,
7ff524de8faa85767311898046f7af3c0e9f939149aa9653df8084cd7cb86ec7,2022-05-27T00:51:04.533000,sent,kaspa:qp5zkk5tjcgxhp2ha8vpguukwyd3n6h48qptjumrp9h5uqkt3rlwgn9yk5rkk,9999999980000,
7bbdca89df69815e8d8f34b3d41fc5437e537577993a185dd1af790aba5aaed1,2022-05-27T00:49:57.530000,sent,kaspa:qq2senx6tj9a032xa9nn9awtn0tnlywsf4dv6jl60uyuap6xkvyy75uwu4csv,10000000000000,
7bbdca89df69815e8d8f34b3d41fc5437e537577993a185dd1af790aba5aaed1,2022-05-27T00:49:57.530000,sent,kaspa:qqd2et4q0cp00l2ap9krvj8a3t8s8pzw2v72e653gksqcpdv5kyh60w23rrv4,9999999980000,
7bbdca89df69815e8d8f34b3d41fc5437e537577993a185dd1af790aba5aaed1,2022-05-27T00:49:57.530000,sent,kaspa:qq2senx6tj9a032xa9nn9awtn0tnlywsf4dv6jl60uyuap6xkvyy75uwu4csv,10000000000000,
7bbdca89df69815e8d8f34b3d41fc5437e537577993a185dd1af790aba5aaed1,2022-05-27T00:49:57.530000,sent,kaspa:qqd2et4q0cp00l2ap9krvj8a3t8s8pzw2v72e653gksqcpdv5kyh60w23rrv4,9999999980000,
38f03c87df1a05d96f035a3d9a8fc63a0603ada9ed2455b5e840cfa14615ce4f,2022-05-27T00:39:45.226000,received,kaspa:qq63sgvh634y86sdn2jcs8h8eudvvcpydexgr7eyqhmc7nd92ajrymwprsval,10000000000000,
38f03c87df1a05d96f035a3d9a8fc63a0603ada9ed2455b5e840cfa14615ce4f,2022-05-27T00:39:45.226000,received,kaspa:qq63sgvh634y86sdn2jcs8h8eudvvcpydexgr7eyqhmc7nd92ajrymwprsval,10000000000000,
38f03c87df1a05d96f035a3d9a8fc63a0603ada9ed2455b5e840cfa14615ce4f,2022-05-27T00:39:45.226000,received,kaspa:qq63sgvh634y86sdn2jcs8h8eudvvcpydexgr7eyqhmc7nd92ajrymwprsval,10000000000000,
664412dfa5d831280ed8260237877d7bca1771d123584c352d72cf41305b0a73,2022-05-27T00:39:42.468000,received,kaspa:qzw7ccaul3mjn29sesfwefyfrnkckflggsesucxusxfdvpvw5hvquevsclkuq,10000000000000,
664412dfa5d831280ed8260237877d7bca1771d123584c352d72cf41305b0a73,2022-05-27T00:39:42.468000,received,kaspa:qzw7ccaul3mjn29sesfwefyfrnkckflggsesucxusxfdvpvw5hvquevsclkuq,10000000000000,
664412dfa5d831280ed8260237877d7bca1771d123584c352d72cf41305b0a73,2022-05-27T00:39:42.468000,received,kaspa:qzw7ccaul3mjn29sesfwefyfrnkckflggsesucxusxfdvpvw5hvquevsclkuq,10000000000000,
ac0dc3fd18c35d194cf738e8f0f374c79d0546061505228c55fdb602eeb8cba5,2022-05-27T00:39:31.386000,received,kaspa:qpm2ur9qd0vfvtln8ftazegl47gm6wwrhrc9pfs0zelryad0ug2p5j706t6lr,10000000000000,
ac0dc3fd18c35d194cf738e8f0f374c79d0546061505228c55fdb602eeb8cba5,2022-05-27T00:39:31.386000,received,kaspa:qpm2ur9qd0vfvtln8ftazegl47gm6wwrhrc9pfs0zelryad0ug2p5j706t6lr,10000000000000,
ac0dc3fd18c35d194cf738e8f0f374c79d0546061505228c55fdb602eeb8cba5,2022-05-27T00:39:31.386000,received,kaspa:qpm2ur9qd0vfvtln8ftazegl47gm6wwrhrc9pfs0zelryad0ug2p5j706t6lr,10000000000000,
6ebed4b1ccd249a49807f79093a5e8ee80bf506dc76b979c6a03cb6ffb8262cd,2022-05-27T00:39:23.835000,received,kaspa:qz0c37p5j2pkywdwkfj89fgamly2rnv2j7jsrru60f85dk3dlvh6xrre6lqsh,10000000000000,
6ebed4b1ccd249a49807f79093a5e8ee80bf506dc76b979c6a03cb6ffb8262cd,2022-05-27T00:39:23.835000,received,kaspa:qz0c37p5j2pkywdwkfj89fgamly2rnv2j7jsrru60f85dk3dlvh6xrre6lqsh,10000000000000,
6ebed4b1ccd249a49807f79093a5e8ee80bf506dc76b979c6a03cb6ffb8262cd,2022-05-27T00:39:23.835000,received,kaspa:qz0c37p5j2pkywdwkfj89fgamly2rnv2j7jsrru60f85dk3dlvh6xrre6lqsh,10000000000000,
d61bb2a6795c2ca9c47c02135a9fcd96d46eaca8a12c6445f4152b97445f4f6d,2022-05-27T00:38:47.742000,received,kaspa:qqfkmqssckkggkq7utafn5w86sw2arl2a04hvzsex4zaur4nweqn2qy8uh4pr,10000000000000,
d61bb2a6795c2ca9c47c02135a9fcd96d46eaca8a12c6445f4152b97445f4f6d,2022-05-27T00:38:47.742000,received,kaspa:qqfkmqssckkggkq7utafn5w86sw2arl2a04hvzsex4zaur4nweqn2qy8uh4pr,10000000000000,
d61bb2a6795c2ca9c47c02135a9fcd96d46eaca8a12c6445f4152b97445f4f6d,2022-05-27T00:38:47.742000,received,kaspa:qqfkmqssckkggkq7utafn5w86sw2arl2a04hvzsex4zaur4nweqn2qy8uh4pr,10000000000000,
