tx_id,timestamp,direction,peer_address,amount_sompi,cex_label
683c913ec4d38a01726135b0bd3e8addea66aedfd6686c910ada6eb9f620e191,2025-04-27T15:14:50.165000,sent,kaspa:qrtqlr8f0tu3cqzz596cat0ev09qwcl5t4ftsvlpwgv3wecpds6kzz9kp7404,329000000000,
683c913ec4d38a01726135b0bd3e8addea66aedfd6686c910ada6eb9f620e191,2025-04-27T15:14:50.165000,sent,kaspa:qzdke79p99aat4wa6nkwmmtf79276td5v6axepnsq4x8eu6q895u5reu8l6um,662535289,
22b61484d4f6bccf1e01b67765af10e42677a09773291e785b63da40e9244a4b,2025-04-27T15:12:02.978000,received,kaspa:qzlkmjfc7mgqva5renlnjg88hg89wpj7h59d6vgl5ykha6ah62d6vxpvg9lxa,310000000000,
fde271b7f725e77e795f0fc7268c404dde32f98c5efbcb0344e9435f7ffe3e83,2024-11-23T04:30:19.196000,sent,kaspa:qqnqv3rvnctfyrjteurqm0gmqfu7yjg3949yxpyxxfa4rgm9nt2zxauwq8xvs,165000000000,
fde271b7f725e77e795f0fc7268c404dde32f98c5efbcb0344e9435f7ffe3e83,2024-11-23T04:30:19.196000,sent,kaspa:qp4u4vv929q3nd0serl4kdj4py7n6f9tqwa0q69g6jtsy6fl2jfljmxhhe9tx,7662568407,
1aac330c95c8092c31f583bffc49b192db9f302a4d2c1bc73c67bbc6724ba776,2024-11-22T21:06:24.619000,received,kaspa:qzgtduqyccg66ms6crgpgnnn802c7drpevy4fsq8069lpzhdwfxhy4079jsrp,164440419585,
32d2165193a5f8c1eb45bb20069de372b4538cac11fe3d677a81b1abd7d7b694,2024-11-18T16:25:18.627000,sent,kaspa:qqnqv3rvnctfyrjteurqm0gmqfu7yjg3949yxpyxxfa4rgm9nt2zxauwq8xvs,800000000000,
32d2165193a5f8c1eb45bb20069de372b4538cac11fe3d677a81b1abd7d7b694,2024-11-18T16:25:18.627000,sent,kaspa:qqj0w2mplurxpsl08nvqvljkwmy2pq5snr9dct9a2625cehhusy2jkxzrgglp,8247626567,
91cb0b8b66847232debb6ac597047ed5d47f48d77f2678a4712a94b592846839,2024-11-18T15:27:26.540000,received,kaspa:qzgtduqyccg66ms6crgpgnnn802c7drpevy4fsq8069lpzhdwfxhy4079jsrp,199588272941,
91cb0b8b66847232debb6ac597047ed5d47f48d77f2678a4712a94b592846839,2024-11-18T15:27:26.540000,received,kaspa:qzgtduqyccg66ms6crgpgnnn802c7drpevy4fsq8069lpzhdwfxhy4079jsrp,199588272941,
8d695a674a240099cf86c0142de0d7fb919685180408a62f89cd2231f0aaf71a,2024-11-18T08:34:35.073000,sent,kaspa:qqnqv3rvnctfyrjteurqm0gmqfu7yjg3949yxpyxxfa4rgm9nt2zxauwq8xvs,1000000000000,
8d695a674a240099cf86c0142de0d7fb919685180408a62f89cd2231f0aaf71a,2024-11-18T08:34:35.073000,sent,kaspa:qqz9cjfldmwelwd7aa0pdcd4d0qwtsdu3xhvdthkhstn7amkhuu06c3lpm8sq,10371487897,
f5164b616d902411cf5935df2682dafbebffd73012ed0b7bb173757736fff515,2024-11-18T08:32:01.908000,received,kaspa:qzgtduqyccg66ms6crgpgnnn802c7drpevy4fsq8069lpzhdwfxhy4079jsrp,997987776710,
f5164b616d902411cf5935df2682dafbebffd73012ed0b7bb173757736fff515,2024-11-18T08:32:01.908000,received,kaspa:qzgtduqyccg66ms6crgpgnnn802c7drpevy4fsq8069lpzhdwfxhy4079jsrp,997987776710,
f5164b616d902411cf5935df2682dafbebffd73012ed0b7bb173757736fff515,2024-11-18T08:32:01.908000,received,kaspa:qzgtduqyccg66ms6crgpgnnn802c7drpevy4fsq8069lpzhdwfxhy4079jsrp,997987776710,
f5164b616d902411cf5935df2682dafbebffd73012ed0b7bb173757736fff515,2024-11-18T08:32:01.908000,received,kaspa:qzgtduqyccg66ms6crgpgnnn802c7drpevy4fsq8069lpzhdwfxhy4079jsrp,997987776710,
864d0eb9f7b269bf17c51ed1c06d517e8a5e3a54ff45faafc8f01432b1fc6b7f,2024-11-18T05:47:27.647000,sent,kaspa:qqnqv3rvnctfyrjteurqm0gmqfu7yjg3949yxpyxxfa4rgm9nt2zxauwq8xvs,1000000000000,
864d0eb9f7b269bf17c51ed1c06d517e8a5e3a54ff45faafc8f01432b1fc6b7f,2024-11-18T05:47:27.647000,sent,kaspa:qzf9lqk7vkfca2l5u9mnzkgnlh77zn3nm8v9ed07jrkr70ufrvc0g8sxgrd7c,3223102618,
7ae695c0902cacf213c5306a46296310dd8c35e340fe4ff5b048b4fcc9e493bd,2024-11-18T05:46:46.526000,received,kaspa:qzgtduqyccg66ms6crgpgnnn802c7drpevy4fsq8069lpzhdwfxhy4079jsrp,997987422461,
2da7311585151610a41ca4d34f7da997486c02a08553452d04113468f976182b,2024-09-02T20:18:35.083000,sent,kaspa:qptct2r0a80sf6ta43u4dte8d2m3eqg9p8xc7qxq76ds89da43yzu7m0sqr75,700000000000,
2da7311585151610a41ca4d34f7da997486c02a08553452d04113468f976182b,2024-09-02T20:18:35.083000,sent,kaspa:qr6279jycwzsmmkyvqd22w4whq4lpztgjz2msl9u4kpjt2rdw6evjqsgukmkg,338489452093,
7328834de6f8c9cd378221469941e7ca2e560fb88b52ec667be8c50fd1c14360,2024-08-26T04:37:21.022000,received,kaspa:qptct2r0a80sf6ta43u4dte8d2m3eqg9p8xc7qxq76ds89da43yzu7m0sqr75,1000000000000,
7328834de6f8c9cd378221469941e7ca2e560fb88b52ec667be8c50fd1c14360,2024-08-26T04:37:21.022000,received,kaspa:qptct2r0a80sf6ta43u4dte8d2m3eqg9p8xc7qxq76ds89da43yzu7m0sqr75,1000000000000,
7328834de6f8c9cd378221469941e7ca2e560fb88b52ec667be8c50fd1c14360,2024-08-26T04:37:21.022000,received,kaspa:qptct2r0a80sf6ta43u4dte8d2m3eqg9p8xc7qxq76ds89da43yzu7m0sqr75,1000000000000,
489819f26ed317a524704605228ee43403adcfca7b70fd992e80c506e1d51ecb,2024-05-16T12:53:13.921000,sent,kaspa:qqnqv3rvnctfyrjteurqm0gmqfu7yjg3949yxpyxxfa4rgm9nt2zxauwq8xvs,3000000000000,
489819f26ed317a524704605228ee43403adcfca7b70fd992e80c506e1d51ecb,2024-05-16T12:53:13.921000,sent,kaspa:qqy0q24d4pht02ern4gdav6k44v4zzu0qaapgttqavfqgft4wdp72zh0q9mtq,4812492871760,
9fb5b46a1000672919b1db9e74ef3f1630f8fbe3fb17f325bdf9e1ee31f977f9,2024-05-16T12:21:31.431000,received,kaspa:qqzndm6dwjexknyfmw5gj9xgl97r84c2q2ckz38sv9e9c6fmzaxcjgsquahd8,6000000000000,
d754f9b4aee3c484764b82b113d30023eae92fe64c76117225a97932a8f108fe,2024-03-11T13:14:18.523000,sent,kaspa:qqnqv3rvnctfyrjteurqm0gmqfu7yjg3949yxpyxxfa4rgm9nt2zxauwq8xvs,1090000000000,
d754f9b4aee3c484764b82b113d30023eae92fe64c76117225a97932a8f108fe,2024-03-11T13:14:18.523000,sent,kaspa:qzkvlk2rzed5l2emcp0dyaz0j254cw2ugmcqg28gd92q38hpgahmc0j69a5vq,27223148317,
dbcc5e143aa72f99eaa9281fcacd5a72bfe2ac1ead71d71bb98804d8ef47b63a,2024-03-11T13:13:47.227000,received,kaspa:qptct2r0a80sf6ta43u4dte8d2m3eqg9p8xc7qxq76ds89da43yzu7m0sqr75,1100000000000,
dbcc5e143aa72f99eaa9281fcacd5a72bfe2ac1ead71d71bb98804d8ef47b63a,2024-03-11T13:13:47.227000,received,kaspa:qptct2r0a80sf6ta43u4dte8d2m3eqg9p8xc7qxq76ds89da43yzu7m0sqr75,1100000000000,
54702d889b1b30735fa71c939c75eb38f2f5158c2626949adee4234e887a02d2,2024-02-10T09:08:13.813000,sent,kaspa:qqnqv3rvnctfyrjteurqm0gmqfu7yjg3949yxpyxxfa4rgm9nt2zxauwq8xvs,835000000000,
54702d889b1b30735fa71c939c75eb38f2f5158c2626949adee4234e887a02d2,2024-02-10T09:08:13.813000,sent,kaspa:qpxpdq7k7hr9aeqfz6ayp4we0h3vlprmdl83fkvzxe9k0hfpk7vcy2mmuylwf,9681665309,
4004519b4cf16d642ace1b10377a647437ea445a416935d929614a34c87a1b7b,2024-02-10T08:49:09.118000,received,kaspa:qptct2r0a80sf6ta43u4dte8d2m3eqg9p8xc7qxq76ds89da43yzu7m0sqr75,820000000000,
4004519b4cf16d642ace1b10377a647437ea445a416935d929614a34c87a1b7b,2024-02-10T08:49:09.118000,received,kaspa:qptct2r0a80sf6ta43u4dte8d2m3eqg9p8xc7qxq76ds89da43yzu7m0sqr75,820000000000,
6eaa1cacb7b1f28dd99937558bbe64be66c58f98aaffd3eec247c236b00be6cf,2024-02-08T02:35:42.515000,sent,kaspa:qqnqv3rvnctfyrjteurqm0gmqfu7yjg3949yxpyxxfa4rgm9nt2zxauwq8xvs,2380000000000,
6eaa1cacb7b1f28dd99937558bbe64be66c58f98aaffd3eec247c236b00be6cf,2024-02-08T02:35:42.515000,sent,kaspa:qq0skydn3wvf8yr7uywr8gvhcal4enx4h3zd9pqtjtlek990dfa9knvpz53m7,42681700496,
75d867c2aace762c2400b1381c1eaba2e4cf2f3dbe12903a5b4a32bf4aa6057b,2024-02-08T02:34:54.332000,received,kaspa:qptct2r0a80sf6ta43u4dte8d2m3eqg9p8xc7qxq76ds89da43yzu7m0sqr75,2400000000000,
75d867c2aace762c2400b1381c1eaba2e4cf2f3dbe12903a5b4a32bf4aa6057b,2024-02-08T02:34:54.332000,received,kaspa:qptct2r0a80sf6ta43u4dte8d2m3eqg9p8xc7qxq76ds89da43yzu7m0sqr75,2400000000000,
ae69608eb5493de55c49cbe6e9662fa953c4b2e02d585a42ff8446d57ee25933,2024-02-07T18:23:11.937000,sent,kaspa:qqnqv3rvnctfyrjteurqm0gmqfu7yjg3949yxpyxxfa4rgm9nt2zxauwq8xvs,930000000000,
ae69608eb5493de55c49cbe6e9662fa953c4b2e02d585a42ff8446d57ee25933,2024-02-07T18:23:11.937000,sent,kaspa:qq64xn3wskgsjnnyzn8aasn556egyrsjz6r4ktdqp9tjvdnvgam6sl0fqvxrw,22681721885,
681c5dd24f4e24266d36b56fb19834763f3d00d60baa521e942038443f6d7e76,2024-02-07T08:02:54.919000,received,kaspa:qptct2r0a80sf6ta43u4dte8d2m3eqg9p8xc7qxq76ds89da43yzu7m0sqr75,1000000000,
681c5dd24f4e24266d36b56fb19834763f3d00d60baa521e942038443f6d7e76,2024-02-07T08:02:54.919000,received,kaspa:qptct2r0a80sf6ta43u4dte8d2m3eqg9p8xc7qxq76ds89da43yzu7m0sqr75,1000000000,
870cf468f30a0d80beae5d30117ea7b606f338a0aec11fb0db29279f6ed5e88f,2024-01-12T17:26:01.258000,sent,kaspa:qptct2r0a80sf6ta43u4dte8d2m3eqg9p8xc7qxq76ds89da43yzu7m0sqr75,1000000000000,
870cf468f30a0d80beae5d30117ea7b606f338a0aec11fb0db29279f6ed5e88f,2024-01-12T17:26:01.258000,sent,kaspa:qpkl6nhddxrqskg02h6m37hlsvxlrc2yfmfhkskucz364nj3c4tz6ayp4zmhl,755681767428,
30e6c161c239a6ce393eeabd1e838374c763f965487ce51d7723d0b13c3dbc90,2024-01-11T15:59:07.435000,received,kaspa:qypx536k02qhpzav2dsfgn0ecd59lnjt4w8namael4m4k8r4fed4gzg7x4ap5ha,1588583184599,
16c2bbb340f91f1e8d8c51f31a8fe7104c5a02f129189cda8fa451be1b283321,2023-12-25T13:19:35.048000,sent,kaspa:qqnqv3rvnctfyrjteurqm0gmqfu7yjg3949yxpyxxfa4rgm9nt2zxauwq8xvs,1100000000000,
16c2bbb340f91f1e8d8c51f31a8fe7104c5a02f129189cda8fa451be1b283321,2023-12-25T13:19:35.048000,sent,kaspa:qr2msmdyr2dp24q3xf93647m3wg3y5s5d2vyk9zr708mqhpm8x5qjdgdv0um8,609894733938,
510e8807f5c1984d3d84e3f89b94eab3a6f8301fe8a8dd6ec31d63c46fb78637,2023-12-25T13:04:03.742000,received,kaspa:qqzndm6dwjexknyfmw5gj9xgl97r84c2q2ckz38sv9e9c6fmzaxcjgsquahd8,1700000000000,
f1ab299fec04e507410b983b9172224cab7959650b69ccc91a19960890804631,2023-11-16T23:59:16.043000,sent,kaspa:qypyvgc69vavkwu390gaay2hyt07fzcmpn3wljj9r2ummqjp4tpdhhgs7dthv47,200000000000,
f1ab299fec04e507410b983b9172224cab7959650b69ccc91a19960890804631,2023-11-16T23:59:16.043000,sent,kaspa:qrdu8fgtr5thtrzcp4kjs9l3xsla9flcxlk3a40cz5u386hwqpgfshyfhcglm,1449862010772,
1871aa59c24bc1c4eab5cb83907444a5de91dfde5b363a3f29caca24bbd55c87,2023-11-16T23:55:22.382000,received,kaspa:qqwvnkp47wsj6n4hkdlgj8dsauyx0xvefunnwvvsmpq2udd0ka8ckmpuqw3k5,1620000000000,
1871aa59c24bc1c4eab5cb83907444a5de91dfde5b363a3f29caca24bbd55c87,2023-11-16T23:55:22.382000,received,kaspa:qqwvnkp47wsj6n4hkdlgj8dsauyx0xvefunnwvvsmpq2udd0ka8ckmpuqw3k5,1620000000000,
400d25555dba8f183ae30d07609d2301b1370e48ea3b7ebae183a6d5d385492e,2023-11-11T23:38:23.798000,sent,kaspa:qqnqv3rvnctfyrjteurqm0gmqfu7yjg3949yxpyxxfa4rgm9nt2zxauwq8xvs,1250000000000,
400d25555dba8f183ae30d07609d2301b1370e48ea3b7ebae183a6d5d385492e,2023-11-11T23:38:23.798000,sent,kaspa:qqqj5egdqlsffz0cxe5vcdlklrrqgw6j63fu6xx2avnszpc2eur25srfm39dc,141788179447,
d51f8b447088952daa92557b538c443b69c2f4c148c647192318d43ba9c74707,2023-11-11T23:37:32.282000,received,kaspa:qqwvnkp47wsj6n4hkdlgj8dsauyx0xvefunnwvvsmpq2udd0ka8ckmpuqw3k5,1300000000000,
d51f8b447088952daa92557b538c443b69c2f4c148c647192318d43ba9c74707,2023-11-11T23:37:32.282000,received,kaspa:qqwvnkp47wsj6n4hkdlgj8dsauyx0xvefunnwvvsmpq2udd0ka8ckmpuqw3k5,1300000000000,
d51f8b447088952daa92557b538c443b69c2f4c148c647192318d43ba9c74707,2023-11-11T23:37:32.282000,received,kaspa:qqwvnkp47wsj6n4hkdlgj8dsauyx0xvefunnwvvsmpq2udd0ka8ckmpuqw3k5,1300000000000,
d51f8b447088952daa92557b538c443b69c2f4c148c647192318d43ba9c74707,2023-11-11T23:37:32.282000,received,kaspa:qqwvnkp47wsj6n4hkdlgj8dsauyx0xvefunnwvvsmpq2udd0ka8ckmpuqw3k5,1300000000000,
d51f8b447088952daa92557b538c443b69c2f4c148c647192318d43ba9c74707,2023-11-11T23:37:32.282000,received,kaspa:qqwvnkp47wsj6n4hkdlgj8dsauyx0xvefunnwvvsmpq2udd0ka8ckmpuqw3k5,1300000000000,
d51f8b447088952daa92557b538c443b69c2f4c148c647192318d43ba9c74707,2023-11-11T23:37:32.282000,received,kaspa:qqwvnkp47wsj6n4hkdlgj8dsauyx0xvefunnwvvsmpq2udd0ka8ckmpuqw3k5,1300000000000,
d51f8b447088952daa92557b538c443b69c2f4c148c647192318d43ba9c74707,2023-11-11T23:37:32.282000,received,kaspa:qqwvnkp47wsj6n4hkdlgj8dsauyx0xvefunnwvvsmpq2udd0ka8ckmpuqw3k5,1300000000000,
9e5073118ecaa2601e92a5d230515e378924d5ac6a5a6b106252155602fa2830,2023-10-17T04:54:30.667000,sent,kaspa:qqnqv3rvnctfyrjteurqm0gmqfu7yjg3949yxpyxxfa4rgm9nt2zxauwq8xvs,69999996780,
9e5073118ecaa2601e92a5d230515e378924d5ac6a5a6b106252155602fa2830,2023-10-17T04:54:30.667000,sent,kaspa:qpswjzqnnczfzyqdcqzd8a33ctea8f8lzxar4jt66gdsq7ns4surx2n63uu2g,7096748264,
704ca02a155e963cd41e9ab0496df048e9cab6f5839d05dade001b9651d21b47,2023-10-17T04:53:42.324000,received,kaspa:qptct2r0a80sf6ta43u4dte8d2m3eqg9p8xc7qxq76ds89da43yzu7m0sqr75,60000000000,
ba9f2911de71aa76ed8bb780d3a785c1b5f8c2ba4eb8b88e9cf6c4d30ca8985a,2023-10-11T04:06:48.118000,sent,kaspa:qqnqv3rvnctfyrjteurqm0gmqfu7yjg3949yxpyxxfa4rgm9nt2zxauwq8xvs,859999995629,
ba9f2911de71aa76ed8bb780d3a785c1b5f8c2ba4eb8b88e9cf6c4d30ca8985a,2023-10-11T04:06:48.118000,sent,kaspa:qzhkpsmescaudg6vukdy9j0mrgyd8tpx7sp49ywcnkkwa0zhslk2xfrd0cwxe,12475521144,
963b1ffd1e12a55d01602c2e5282c4ca1201abd881ff24b914f707abc348aad2,2023-10-11T04:05:43.335000,received,kaspa:qqwvnkp47wsj6n4hkdlgj8dsauyx0xvefunnwvvsmpq2udd0ka8ckmpuqw3k5,800000000000,
963b1ffd1e12a55d01602c2e5282c4ca1201abd881ff24b914f707abc348aad2,2023-10-11T04:05:43.335000,received,kaspa:qqwvnkp47wsj6n4hkdlgj8dsauyx0xvefunnwvvsmpq2udd0ka8ckmpuqw3k5,800000000000,
963b1ffd1e12a55d01602c2e5282c4ca1201abd881ff24b914f707abc348aad2,2023-10-11T04:05:43.335000,received,kaspa:qqwvnkp47wsj6n4hkdlgj8dsauyx0xvefunnwvvsmpq2udd0ka8ckmpuqw3k5,800000000000,
963b1ffd1e12a55d01602c2e5282c4ca1201abd881ff24b914f707abc348aad2,2023-10-11T04:05:43.335000,received,kaspa:qqwvnkp47wsj6n4hkdlgj8dsauyx0xvefunnwvvsmpq2udd0ka8ckmpuqw3k5,800000000000,
963b1ffd1e12a55d01602c2e5282c4ca1201abd881ff24b914f707abc348aad2,2023-10-11T04:05:43.335000,received,kaspa:qqwvnkp47wsj6n4hkdlgj8dsauyx0xvefunnwvvsmpq2udd0ka8ckmpuqw3k5,800000000000,
963b1ffd1e12a55d01602c2e5282c4ca1201abd881ff24b914f707abc348aad2,2023-10-11T04:05:43.335000,received,kaspa:qqwvnkp47wsj6n4hkdlgj8dsauyx0xvefunnwvvsmpq2udd0ka8ckmpuqw3k5,800000000000,
963b1ffd1e12a55d01602c2e5282c4ca1201abd881ff24b914f707abc348aad2,2023-10-11T04:05:43.335000,received,kaspa:qqwvnkp47wsj6n4hkdlgj8dsauyx0xvefunnwvvsmpq2udd0ka8ckmpuqw3k5,800000000000,
963b1ffd1e12a55d01602c2e5282c4ca1201abd881ff24b914f707abc348aad2,2023-10-11T04:05:43.335000,received,kaspa:qqwvnkp47wsj6n4hkdlgj8dsauyx0xvefunnwvvsmpq2udd0ka8ckmpuqw3k5,800000000000,
963b1ffd1e12a55d01602c2e5282c4ca1201abd881ff24b914f707abc348aad2,2023-10-11T04:05:43.335000,received,kaspa:qqwvnkp47wsj6n4hkdlgj8dsauyx0xvefunnwvvsmpq2udd0ka8ckmpuqw3k5,800000000000,
963b1ffd1e12a55d01602c2e5282c4ca1201abd881ff24b914f707abc348aad2,2023-10-11T04:05:43.335000,received,kaspa:qqwvnkp47wsj6n4hkdlgj8dsauyx0xvefunnwvvsmpq2udd0ka8ckmpuqw3k5,800000000000,
963b1ffd1e12a55d01602c2e5282c4ca1201abd881ff24b914f707abc348aad2,2023-10-11T04:05:43.335000,received,kaspa:qqwvnkp47wsj6n4hkdlgj8dsauyx0xvefunnwvvsmpq2udd0ka8ckmpuqw3k5,800000000000,
fea5c3a1e3d96fffdd28325ff6b3f0fd96f3be066c8561ed4f502b7396edd3a1,2023-10-01T03:27:44.844000,sent,kaspa:qptct2r0a80sf6ta43u4dte8d2m3eqg9p8xc7qxq76ds89da43yzu7m0sqr75,1364999995629,
fea5c3a1e3d96fffdd28325ff6b3f0fd96f3be066c8561ed4f502b7396edd3a1,2023-10-01T03:27:44.844000,sent,kaspa:qrac8038nhj5g8e2us0l68fm8ts2vcc6l2rjmc6snfkxkmpsq9gy5hlq9jv6j,4593029313,
7c35c86edaf98627bb1ee236051a085a64d2bfaf48e5fd3d0d18c1c98ea00d66,2023-10-01T03:27:03.651000,received,kaspa:qqetp7ct8kqss99fxmymyz5t3fezppxp0t58wl6pawp27elqd46uudme00cl0,1328029000000,
d26f8ebcdd30b0001143c8d0bf83e186f4f975f98005d003c14e276ec53e4a71,2023-09-23T22:25:15.942000,sent,kaspa:qptct2r0a80sf6ta43u4dte8d2m3eqg9p8xc7qxq76ds89da43yzu7m0sqr75,969999995629,
d26f8ebcdd30b0001143c8d0bf83e186f4f975f98005d003c14e276ec53e4a71,2023-09-23T22:25:15.942000,sent,kaspa:qr72j53959tl8ne3zykmy9xgt5wulhee2uq8n49ms2zqgwryvccnkzktev2fs,4351812533,
5282b910432ee115f030cc5222572b988b8a44121443c19be82bfe46c6659c77,2023-09-23T22:24:47.158000,received,kaspa:qrwam8p3f0c6e4twkdufjvx4t550pqvefcqgkeytj8gjh58jl4cgwqy8qycgj,73701280000,
230f683070539460e7b79dcfb60476056d6a0afc877845182de54b3053211460,2023-09-22T05:22:52.166000,sent,kaspa:qypyvgc69vavkwu390gaay2hyt07fzcmpn3wljj9r2ummqjp4tpdhhgs7dthv47,213499996769,
230f683070539460e7b79dcfb60476056d6a0afc877845182de54b3053211460,2023-09-22T05:22:52.166000,sent,kaspa:qpfg64kyp2qrs2d23rd3ve4jk2nlsgdgnlftrl78d5j0j9dttg0ljgd5hvl8v,24109532533,
b5385ba8ff9119ef6d2aed88cde685b3280005dc44d0fa906aee0f416e9ed3ea,2023-09-22T05:22:12.203000,received,kaspa:qrh7c3pvs5euzn7s0h0k3vuddtgj56dcn5gmexp3kw0p293udmde7m2jqqh84,235485010000,
1f466dd08acc59dc6b9000b68aec8cdad0fdc8b2bd88898fb9bc83ab5d42e9f3,2023-09-22T00:37:46.100000,sent,kaspa:qypyvgc69vavkwu390gaay2hyt07fzcmpn3wljj9r2ummqjp4tpdhhgs7dthv47,174999995618,
1f466dd08acc59dc6b9000b68aec8cdad0fdc8b2bd88898fb9bc83ab5d42e9f3,2023-09-22T00:37:46.100000,sent,kaspa:qr7c4g6ej7xaq423gn5vt9nrg8rplafhqyr9f3z785kg22tapc35qc0xyetcy,2172522533,
312b5b5bc1656386ab2cf19ee0f4a9fc2dac025473c8183bf873e5199ffc3904,2023-09-22T00:35:54.433000,received,kaspa:qqzhqz0tmey7s9ggkgj67uhy4d9lf4pwmeqjccfnhsy7e33dtgfj28t5t7ckx,76489640000,
630e9224918dafff1d161d56a7245f88c585683ca0f9fd6b51d62231a89a2a87,2023-09-18T03:58:37.111000,sent,kaspa:qptct2r0a80sf6ta43u4dte8d2m3eqg9p8xc7qxq76ds89da43yzu7m0sqr75,518999995629,
630e9224918dafff1d161d56a7245f88c585683ca0f9fd6b51d62231a89a2a87,2023-09-18T03:58:37.111000,sent,kaspa:qp326e4ddjsf4mtn7v836nyjczz74su3k9af297du98jm779n8xhc76drn7gg,1784057822,
20cd972abf69f1caff4e1352dc908d1478458c476f47c261e5c5d1c3c90ff3c0,2023-09-18T03:58:03.825000,received,kaspa:qqetp7ct8kqss99fxmymyz5t3fezppxp0t58wl6pawp27elqd46uudme00cl0,258027969184,
7eb7a21816aa2574e605158ed5468db1a9bf94e4be1e184c9f1eec555af87eda,2023-09-17T07:16:48.767000,sent,kaspa:qqnqv3rvnctfyrjteurqm0gmqfu7yjg3949yxpyxxfa4rgm9nt2zxauwq8xvs,131999995629,
7eb7a21816aa2574e605158ed5468db1a9bf94e4be1e184c9f1eec555af87eda,2023-09-17T07:16:48.767000,sent,kaspa:qr4ccsaq9zs4pshd4wm7s9ey338k7886wc6e7k4t0rnyrxx2z6rrwy0sysxew,1286048638,
42943959b820f1a4e7d351823577242464f6c2d1976318e090be1bcb2b259e00,2023-09-17T07:14:42.775000,received,kaspa:qqwvnkp47wsj6n4hkdlgj8dsauyx0xvefunnwvvsmpq2udd0ka8ckmpuqw3k5,41000000000,
42943959b820f1a4e7d351823577242464f6c2d1976318e090be1bcb2b259e00,2023-09-17T07:14:42.775000,received,kaspa:qqwvnkp47wsj6n4hkdlgj8dsauyx0xvefunnwvvsmpq2udd0ka8ckmpuqw3k5,41000000000,
046aded3e4c28b2002800fd4117c00cf5ee188686b9d772dc5a58abc8f2f80e4,2023-09-17T04:51:30.018000,sent,kaspa:qypyvgc69vavkwu390gaay2hyt07fzcmpn3wljj9r2ummqjp4tpdhhgs7dthv47,29199996769,
046aded3e4c28b2002800fd4117c00cf5ee188686b9d772dc5a58abc8f2f80e4,2023-09-17T04:51:30.018000,sent,kaspa:qqgvu97hltc7z8wp5eqlchde9ap2t4vhl427xycyzv8x4ufxjpspctdchg43u,3528938638,
ffc233168a10f82b6c59f5431c06c61b9ba4dd400aeb5dc3d295afbfe363b9d6,2023-09-17T04:50:17.940000,received,kaspa:qqwvnkp47wsj6n4hkdlgj8dsauyx0xvefunnwvvsmpq2udd0ka8ckmpuqw3k5,29500000000,
ffc233168a10f82b6c59f5431c06c61b9ba4dd400aeb5dc3d295afbfe363b9d6,2023-09-17T04:50:17.940000,received,kaspa:qqwvnkp47wsj6n4hkdlgj8dsauyx0xvefunnwvvsmpq2udd0ka8ckmpuqw3k5,29500000000,
ffc233168a10f82b6c59f5431c06c61b9ba4dd400aeb5dc3d295afbfe363b9d6,2023-09-17T04:50:17.940000,received,kaspa:qqwvnkp47wsj6n4hkdlgj8dsauyx0xvefunnwvvsmpq2udd0ka8ckmpuqw3k5,29500000000,
e45563d01f266a2af0ef3fa2cad1eeff4fae7dd4396b15b14c82a21a0ab9670a,2023-08-24T14:40:00.570000,sent,kaspa:qptct2r0a80sf6ta43u4dte8d2m3eqg9p8xc7qxq76ds89da43yzu7m0sqr75,39999996780,
e45563d01f266a2af0ef3fa2cad1eeff4fae7dd4396b15b14c82a21a0ab9670a,2023-08-24T14:40:00.570000,sent,kaspa:qr8r4jrwmsg0mxnj650946z0v9kereh09aqrxd0phx0dfste4gf5x7nvgrtrg,34607819697,
fb8d99afbf7eb2da15f8fd393bfca5b956699646dfa9f9c7f1aae8c94ae614d9,2023-08-24T14:37:03.405000,received,kaspa:qqs6k8j7uyfkc0awszqcsanc2mm2ldptc468e759hwckk0fcl4txq86v3vsry,66456761000,
fb12b1ba998748a3342bb7ea7ddcde5f8666ebc96d9c6087d7e95da76aa385ee,2023-05-11T01:02:45.199000,sent,kaspa:qqnqv3rvnctfyrjteurqm0gmqfu7yjg3949yxpyxxfa4rgm9nt2zxauwq8xvs,83999916210,
fb12b1ba998748a3342bb7ea7ddcde5f8666ebc96d9c6087d7e95da76aa385ee,2023-05-11T01:02:45.199000,sent,kaspa:qph596kzz9kq3fntuntwem342ca4h3606c5kzaghp6pj5ag4nt7f5vhdl7mll,156011049486,
229b7ac9be7a4b1b78f78110d9a2b4278240cbb9dd8fff5a2be8323786ab9453,2023-05-11T00:56:06.224000,received,kaspa:qqwvnkp47wsj6n4hkdlgj8dsauyx0xvefunnwvvsmpq2udd0ka8ckmpuqw3k5,200000000000,
229b7ac9be7a4b1b78f78110d9a2b4278240cbb9dd8fff5a2be8323786ab9453,2023-05-11T00:56:06.224000,received,kaspa:qqwvnkp47wsj6n4hkdlgj8dsauyx0xvefunnwvvsmpq2udd0ka8ckmpuqw3k5,200000000000,
229b7ac9be7a4b1b78f78110d9a2b4278240cbb9dd8fff5a2be8323786ab9453,2023-05-11T00:56:06.224000,received,kaspa:qqwvnkp47wsj6n4hkdlgj8dsauyx0xvefunnwvvsmpq2udd0ka8ckmpuqw3k5,200000000000,
688e6c88f60b5287a0cb28b5043317eeefd0405470235cf8c667523aefe911b8,2023-03-13T20:16:14.481000,sent,kaspa:qqcs7r7dkm76tqkwkl4977r89e55yjkjze40fn5eruphssv3nvyszws89t2x3,99999926569,
688e6c88f60b5287a0cb28b5043317eeefd0405470235cf8c667523aefe911b8,2023-03-13T20:16:14.481000,sent,kaspa:qqpfs7ha3afx0e3mqjg5mg30vxsy3ndzrvj5mryr6n4g8xlex0uuvrggum2cd,64262199812,
bc4d5aea50fd1f4a37adf2bd99364b3a32053dd554b1c630fb491a8496e278c0,2023-03-13T20:12:02.222000,received,kaspa:qrg4kuehskcrnkhh3zxs6v4vsp7xg0c8nem8xmxrxf7yy8f4vtskzfmawcjjr,149000000000,
