tx_id,timestamp,direction,peer_address,amount_sompi,cex_label
7fe1df298d1c4004f351fc1e69fa38284f5845cc2cfc9c0cbe472574a1753629,2024-11-18T16:58:50.166000,sent,kaspa:qqnqv3rvnctfyrjteurqm0gmqfu7yjg3949yxpyxxfa4rgm9nt2zxauwq8xvs,596000000000,
7fe1df298d1c4004f351fc1e69fa38284f5845cc2cfc9c0cbe472574a1753629,2024-11-18T16:58:50.166000,sent,kaspa:qqv7mxrxcrqutmvwfz7qeuvr3jd44sshruqwf65txr44lwh66g2ewvm3zvhnc,9775985240,
f8a9e01f48e44600c6767b309fac463d3efbb292688f3789a68e982f5dbc3a4b,2024-11-18T16:31:40.779000,received,kaspa:qqj0w2mplurxpsl08nvqvljkwmy2pq5snr9dct9a2625cehhusy2jkxzrgglp,7012144702,
f8a9e01f48e44600c6767b309fac463d3efbb292688f3789a68e982f5dbc3a4b,2024-11-18T16:31:40.779000,received,kaspa:qpeslk7c7ayzrcp3qm6yrdwa4mtfxj6qu9ye8htzxwtsvhkmv4udx5eru06nn,7012144702,
f8a9e01f48e44600c6767b309fac463d3efbb292688f3789a68e982f5dbc3a4b,2024-11-18T16:31:40.779000,received,kaspa:qpu25rxdr9euv976xk8lqnncfggvyeuhz7yg4pcdk87370aeqvxfuk35n50k6,7012144702,
f8a9e01f48e44600c6767b309fac463d3efbb292688f3789a68e982f5dbc3a4b,2024-11-18T16:31:40.779000,received,kaspa:qz7ddpa7hx67gjwlsexg5ah7lej3e7lg9dawznawy349npkz7r2wydq2aegtc,7012144702,
