tx_id,timestamp,direction,peer_address,amount_sompi,cex_label
d5f39fed403c8fbbf296e124cb9db78d0da775e8865bb532afdda94e1d12cdcd,2023-12-16T04:22:04.036000,sent,kaspa:qzslgwenzu78t6tldlng383g7ruu4enaljmnkgaulyrscjp7ldt26x8gfxck5,171940000,
d5f39fed403c8fbbf296e124cb9db78d0da775e8865bb532afdda94e1d12cdcd,2023-12-16T04:22:04.036000,sent,kaspa:qzslgwenzu78t6tldlng383g7ruu4enaljmnkgaulyrscjp7ldt26x8gfxck5,171940000,
d6c8c842717a98d98d3631c1ad3799150a9989498ed2f87f67c5860b57bc45bf,2023-12-12T10:03:01.394000,received,kaspa:qypswxtcrv4ssyjaswy5w9387vq73mkuyq85tl34cee6qn5uexqy0csgnafnjx7,171000000,
6fe7de69d725d830f5a0fb38b5a9221a7861f197d54c86a27543edabaadbfb16,2023-11-28T14:12:20.764000,sent,kaspa:qyp6pl3mwx8yfksjdv44qrx62zvw5245lfh62v3d8slzag0a6l9fwlqxre0tkv9,18000000,
dbf645954ff2401d684cd44eb24c160d1d60cccc394653ec4974cc908cd30963,2023-11-27T09:38:51.544000,received,kaspa:qpdjqjhljgwecx97gmu3ppt82k6utc6sqn6t9wv53y3gqxj7vk6e53az8qzhz,19000000,
