tx_id,timestamp,direction,peer_address,amount_sompi,cex_label
9189b717d048a5a56cd2f83c477e045901e26f88cdada9c1c0a20959a3d15484,2024-06-27T00:13:38.635000,sent,kaspa:qpjunp39ssazf4rzfxxu0hd35xggfxn6lq0ls9u9q6peevzcmcv4xmv9q4njd,329691671715,
49c80e960f2b5bfbc6be6705073c1761d7787fcf989f6cc23474e738c6671230,2024-06-26T23:08:25.348000,received,kaspa:qyphqzs5f2qvaecvt20e8xuqjzpxae8668phgptqnff3fmsfewwa0csfwfg6grc,5000000000,
49c80e960f2b5bfbc6be6705073c1761d7787fcf989f6cc23474e738c6671230,2024-06-26T23:08:25.348000,received,kaspa:qyphqzs5f2qvaecvt20e8xuqjzpxae8668phgptqnff3fmsfewwa0csfwfg6grc,5000000000,
49c80e960f2b5bfbc6be6705073c1761d7787fcf989f6cc23474e738c6671230,2024-06-26T23:08:25.348000,received,kaspa:qyphqzs5f2qvaecvt20e8xuqjzpxae8668phgptqnff3fmsfewwa0csfwfg6grc,5000000000,
49c80e960f2b5bfbc6be6705073c1761d7787fcf989f6cc23474e738c6671230,2024-06-26T23:08:25.348000,received,kaspa:qyphqzs5f2qvaecvt20e8xuqjzpxae8668phgptqnff3fmsfewwa0csfwfg6grc,5000000000,
130514001cb9058ef18951d23a26de9c8e98fb02c4a677df781d1e5c38229b2e,2024-01-18T22:56:39.441000,sent,kaspa:qpjunp39ssazf4rzfxxu0hd35xggfxn6lq0ls9u9q6peevzcmcv4xmv9q4njd,219999780000,
6f4469ae817faf21badb705cbe36d1037ca60495261e382fc6abfb61e3c9b207,2023-12-26T09:06:39.564000,sent,kaspa:qpjunp39ssazf4rzfxxu0hd35xggfxn6lq0ls9u9q6peevzcmcv4xmv9q4njd,13199999072413,
5ae9207b0a9b5373ada489e441fd7806a5473ca3b6db67f6c05b78fb63481f9f,2023-11-11T21:36:17.266000,sent,kaspa:qpjunp39ssazf4rzfxxu0hd35xggfxn6lq0ls9u9q6peevzcmcv4xmv9q4njd,93893414006085,
f81ddb920cacf380370277e5910af4dc7119a1250a73d5c477d22ad3ef97f053,2023-11-11T21:32:36.454000,received,kaspa:qp2dcp9tl3lk3mgyf0jqqzj0jh7h7guzczvrtwzhuulpqt075dgcy94269r4h,433760494664,
f81ddb920cacf380370277e5910af4dc7119a1250a73d5c477d22ad3ef97f053,2023-11-11T21:32:36.454000,received,kaspa:qprymfnrnwsnttnvn6nzqlaky5y5nghhrpdutfys5pdmcrc532qe794djzpfn,433760494664,
f81ddb920cacf380370277e5910af4dc7119a1250a73d5c477d22ad3ef97f053,2023-11-11T21:32:36.454000,received,kaspa:qq63sn308yu4amkdpg32lt5ncent80dpvuasn0hgv7levajfvuwmkt9wx3qwx,433760494664,
f81ddb920cacf380370277e5910af4dc7119a1250a73d5c477d22ad3ef97f053,2023-11-11T21:32:36.454000,received,kaspa:qrw9lx2ztr7nq8rnhhpjxahlpz8vmhhnktdk07gkvac04ku54w06j0rv65yh3,433760494664,
60552b265ae7c48b6e75ccc6eb72d7ff64fb06b8544cefa71791d85512f0d9ed,2023-11-11T14:58:02.332000,received,kaspa:qrqpv8qqu6q9spurgm28gg5gwwgvcda63mm3a6z22vzczw39qgxacxa26ue4g,150000000000,
281a4f006c81e8c993985a85c26c7e19a425ef3344964f6d475f5154812f3647,2023-11-11T05:11:02.573000,received,kaspa:qrs6vxjvd4mnysq5kdsjqchtq9v9s0avlzqkw7ksvghc5pj9nc222232c2gwe,10000000000,
