tx_id,timestamp,direction,peer_address,amount_sompi,cex_label
3f306f15bc088d64df3fd082830bd70d84bf746704c2b19e5de3d867cb2937c1,2023-06-18T21:11:09.818000,sent,kaspa:qznvtcjl2vnvxanp75mk2gwj4kvmd3q8hllu8y99jm5px4zt7v8g5qf05f366,4900000000,
3f306f15bc088d64df3fd082830bd70d84bf746704c2b19e5de3d867cb2937c1,2023-06-18T21:11:09.818000,sent,kaspa:qpflgh293rmk4k276qcxcz7hj5hf8a55fd7t620cmxt6w5kww2edkzn9fneph,18752520,
447d0eda76dea7e1003841f8f7dd609b34c540425fac80a4dc15f1e4ed8b76e8,2023-06-18T21:09:50.007000,received,kaspa:qqs4aesg02lyv2lmu7wly0tpgj55npcwjmp9g2j8t4wzxppg0vzvsvl4xhncn,2918782520,
447d0eda76dea7e1003841f8f7dd609b34c540425fac80a4dc15f1e4ed8b76e8,2023-06-18T21:09:50.007000,received,kaspa:qz3hslgc2654eukaawwvwzv9ylafj7yqpmchtv6r2yzmcp5hghs0zrr3q4yjy,2918782520,
