tx_id,timestamp,direction,peer_address,amount_sompi,cex_label
a3e335959b543f4381775e69ada425d86107babe71243e0cbbe7e82bbb947109,2023-12-17T08:34:21.718000,sent,kaspa:qrvmv475repu9xvty0np5mmu3evetfmu7zglsvcm8zdrxzzehpjwgcd05jpa4,171070000,
a3e335959b543f4381775e69ada425d86107babe71243e0cbbe7e82bbb947109,2023-12-17T08:34:21.718000,sent,kaspa:qrvmv475repu9xvty0np5mmu3evetfmu7zglsvcm8zdrxzzehpjwgcd05jpa4,171070000,
be7c1f42788c18c6b696a64d1a5fcacdae6e45f78eca880b8cb3aab40984c10e,2023-12-12T09:03:15.845000,received,kaspa:qypswxtcrv4ssyjaswy5w9387vq73mkuyq85tl34cee6qn5uexqy0csgnafnjx7,171000000,
ecf4b2220cd92e2964a96b42b9c16ae8f159be708b0ad4cc6ee4914d50f3aef9,2023-11-28T12:06:33.184000,sent,kaspa:qypfs9uz5zya0wwmzqgfnkkj3xk2e85ynk6fxtsuqrzvx2lx53qs56cw93s57pp,18000000,
73afa97e4d62ebfb62ba810ce1d71b5ac795865556236a0958c8f32c0d868e32,2023-11-27T21:28:58.020000,received,kaspa:qrkl7waj0y5zvjpjaxueu5zx4py97ae6fec2jp5una59ldw0rwwfkuyzcsqp7,18100000,
73afa97e4d62ebfb62ba810ce1d71b5ac795865556236a0958c8f32c0d868e32,2023-11-27T21:28:58.020000,received,kaspa:qrkl7waj0y5zvjpjaxueu5zx4py97ae6fec2jp5una59ldw0rwwfkuyzcsqp7,18100000,
