tx_id,timestamp,direction,peer_address,amount_sompi,cex_label
43c1d9a1baee557171d65740ff4658b918966651a59479698e703762e4336251,2023-12-16T04:04:15.650000,sent,kaspa:qzslgwenzu78t6tldlng383g7ruu4enaljmnkgaulyrscjp7ldt26x8gfxck5,171940000,
43c1d9a1baee557171d65740ff4658b918966651a59479698e703762e4336251,2023-12-16T04:04:15.650000,sent,kaspa:qzslgwenzu78t6tldlng383g7ruu4enaljmnkgaulyrscjp7ldt26x8gfxck5,171940000,
7debb0577c00d9995d5e9ad100eea22927787898fc6e3336382294f78b82e16d,2023-12-12T01:13:00.149000,received,kaspa:qypswxtcrv4ssyjaswy5w9387vq73mkuyq85tl34cee6qn5uexqy0csgnafnjx7,171000000,
fe03177b12c65f0abf6a5bf2697172f23b03acc5d13179b35bed341d0b63e084,2023-11-27T15:52:02.482000,sent,kaspa:qypclt5jnrrz6ae5zrfjgyaj69qsn4rl5qxftj0sy9hzpnk87p8lf9gmj04mwdd,18000000,
b62271d499e2d8e3e80591268df4bd61cdb6cf360a732129d8e2794139d68732,2023-11-27T11:42:45.363000,received,kaspa:qz63ppr2zl6fny4vy8z3adjfsygghjqg58du4z7nd5wgep8snx5ssls2hfljj,19000000,
