tx_id,timestamp,direction,peer_address,amount_sompi,cex_label
e01cefa4d5673a6efdf2377341f3a97103139248a921ba6af93f2a3a4e267a4a,2023-12-16T04:50:30.407000,sent,kaspa:qzslgwenzu78t6tldlng383g7ruu4enaljmnkgaulyrscjp7ldt26x8gfxck5,171940000,
e01cefa4d5673a6efdf2377341f3a97103139248a921ba6af93f2a3a4e267a4a,2023-12-16T04:50:30.407000,sent,kaspa:qzslgwenzu78t6tldlng383g7ruu4enaljmnkgaulyrscjp7ldt26x8gfxck5,171940000,
dbc746f97711f56c1c6b11afcf4b3da6fdfafc640c2b04f185811ee9762019b9,2023-12-13T01:18:51,received,kaspa:qypswxtcrv4ssyjaswy5w9387vq73mkuyq85tl34cee6qn5uexqy0csgnafnjx7,171000000,
9c5639d8e030d1ac07d909704abb746e66f9c5ebf7d49b28372b1a4c18207e7c,2023-11-29T17:00:26.601000,sent,kaspa:qyp9gul55yvl8hzneuglucphr07v8c4u0fzkwa9nnk709ee7zlp8n9q5jrjgpz9,18000000,
7701a2bba2bfe3f77747fc1ea47595a1c2141556eb396d9d37d3bbb04c860f18,2023-11-29T15:27:22.636000,received,kaspa:qrzmwv9ya7t77u8njg2y99nrzwqamfcm2uv6aur9e7w7dpcf0sgru0kz3f2df,19000000,
