tx_id,timestamp,direction,peer_address,amount_sompi,cex_label
24b45a7ba0987ce8554780d383a71dd9e17ef70c7267bb67c053972792b4718b,2024-02-17T19:11:59.751000,sent,kaspa:qqyrl8sham25c7pvdxlzw5ev4lrfm80k8deymkwrz4kta0w5mma0g67pnq3f2,172980000,
24b45a7ba0987ce8554780d383a71dd9e17ef70c7267bb67c053972792b4718b,2024-02-17T19:11:59.751000,sent,kaspa:qqyrl8sham25c7pvdxlzw5ev4lrfm80k8deymkwrz4kta0w5mma0g67pnq3f2,172980000,
0a9a5cc7afb187c4fa0a16b5847a0078aef7ed8c43580b42736db82daaf82c6f,2023-12-12T16:41:25.790000,received,kaspa:qypswxtcrv4ssyjaswy5w9387vq73mkuyq85tl34cee6qn5uexqy0csgnafnjx7,171000000,
3d25efd3dd4df2f4cea357e5af19b954759c968d471e98ab1283b010cb7f1a11,2023-11-29T04:29:15.669000,sent,kaspa:qypegxtsa6xmzwqvxlfd7atzjthee9jlg5as66hplqxnzm6y83u5tjs4a45e2cq,18000000,
5ac6c3e7bb4335c93362bb58d6439b7fc7a206dd1f937df3f869da13dee3e7cf,2023-11-28T09:58:57.253000,received,kaspa:qypamkqlgmq5vuvdg4q6wghkecpvfd5y7yfmmgy4xz09hfgrajla6tg5xqdffl8,20000000,
