tx_id,timestamp,direction,peer_address,amount_sompi,cex_label
328840c3216e3ce8789a9207bf8fdb0f5ec89fec8b21fc6a35244b55f1c14622,2023-12-16T04:07:11.434000,sent,kaspa:qzslgwenzu78t6tldlng383g7ruu4enaljmnkgaulyrscjp7ldt26x8gfxck5,171940000,
328840c3216e3ce8789a9207bf8fdb0f5ec89fec8b21fc6a35244b55f1c14622,2023-12-16T04:07:11.434000,sent,kaspa:qzslgwenzu78t6tldlng383g7ruu4enaljmnkgaulyrscjp7ldt26x8gfxck5,171940000,
d15b872e8a6072d6911610d18b40ea23f14cf68e2cc4cd710c5379397107f80f,2023-12-12T22:01:36.607000,received,kaspa:qypswxtcrv4ssyjaswy5w9387vq73mkuyq85tl34cee6qn5uexqy0csgnafnjx7,171000000,
83a3ac7ff4d332ce6ea6f59bc7f70be655d5cb0bcff3d8c730d751ae41573d82,2023-11-29T13:34:31.721000,sent,kaspa:qypvfn2p8dajkwdq7yqzttqny99p9yf8226l9qk04veqgqh64l2wxdqjfpmfkwt,18000000,
c95a69bb501c55c668e26f2cac9e52ca95c503b98b9eea9d50d58ef05a9ddaab,2023-11-29T11:11:38.736000,received,kaspa:qplkgm8nea7xm5wdv8ujpvd0je0jkcnuxreplzspf0mlft8htzcvkux0u4u94,19000000,
