tx_id,timestamp,direction,peer_address,amount_sompi,cex_label
dc0acc5201df2aaa1e881ac4b6c2e04a1ec51cb99e03e60a9e6cdaf7c3e03ab3,2023-12-16T04:01:05.460000,sent,kaspa:qzslgwenzu78t6tldlng383g7ruu4enaljmnkgaulyrscjp7ldt26x8gfxck5,171940000,
dc0acc5201df2aaa1e881ac4b6c2e04a1ec51cb99e03e60a9e6cdaf7c3e03ab3,2023-12-16T04:01:05.460000,sent,kaspa:qzslgwenzu78t6tldlng383g7ruu4enaljmnkgaulyrscjp7ldt26x8gfxck5,171940000,
2a2f9c3a481601409ead009799047f4456b7fc2f450be4d7a7e9d183744b62f9,2023-12-12T15:02:35.910000,received,kaspa:qypswxtcrv4ssyjaswy5w9387vq73mkuyq85tl34cee6qn5uexqy0csgnafnjx7,171000000,
744beec1aa8855e710f6cd1cfc4358d6798421c2726a5431a3139818eea54a68,2023-11-29T01:16:44.903000,sent,kaspa:qypvls68vrnwm9at4k8g3j6fwtzpeh2dugk43vd5yc4hteh09699hlggn2dtw6s,18000000,
00d7e89b9a7316139197d7a4f3e94839fe2b373a1cb4a2acc687136413660b77,2023-11-28T18:13:48.307000,received,kaspa:qplkgm8nea7xm5wdv8ujpvd0je0jkcnuxreplzspf0mlft8htzcvkux0u4u94,19000000,
