tx_id,timestamp,direction,peer_address,amount_sompi,cex_label
30750d5f09030616b9c0e54029097bf9468337289149895e7a3435373c01c9df,2023-12-16T04:50:56.769000,sent,kaspa:qzslgwenzu78t6tldlng383g7ruu4enaljmnkgaulyrscjp7ldt26x8gfxck5,171940000,
30750d5f09030616b9c0e54029097bf9468337289149895e7a3435373c01c9df,2023-12-16T04:50:56.769000,sent,kaspa:qzslgwenzu78t6tldlng383g7ruu4enaljmnkgaulyrscjp7ldt26x8gfxck5,171940000,
58317f8db6392241ff046915fca717892d6724dcf0d4bba50795ec54e485b725,2023-12-12T20:14:51.705000,received,kaspa:qypswxtcrv4ssyjaswy5w9387vq73mkuyq85tl34cee6qn5uexqy0csgnafnjx7,171000000,
2c0b64bfcb711663f5ce888ac6f2559fcd9e2757174813379a3c7437867266cf,2023-11-29T10:36:08.854000,sent,kaspa:qypk66rfd2ttk3g8dulseatrwx3nk5ra94w46m2k30t3npqn5k8rn0gxxcesu3a,18000000,
d05c361e10bc9719921106cc44f7d242c2feef0bb714016c1e9e9e307d6169e7,2023-11-29T10:23:40.517000,received,kaspa:qz6l8tgf857xsthzey5323llrrazwwjguaza9ahgna75apjuczwac56pn4plh,19000000,
