tx_id,timestamp,direction,peer_address,amount_sompi,cex_label
55d49c44ff5393e5e13f377bab6e0f1742348fafc229387c2a58dc6647ece99a,2024-07-01T19:18:29.472000,sent,kaspa:qzxp6upsvham7ghlk96vq2p64da9xsgl927nwuh057058vhpyjuuxc5lvthss,122600000000,
55d49c44ff5393e5e13f377bab6e0f1742348fafc229387c2a58dc6647ece99a,2024-07-01T19:18:29.472000,sent,kaspa:qzjcq3smfxyaz5m3x304haaaqkktvfr2l3jzau02kanq7xjvpv7p6ng0syq5e,1052322140,
ea929be24aac56e1d54b3bb8679ee7fbe3fcf4d934b265a584643b46803945dc,2024-07-01T02:14:18.775000,received,kaspa:qp5wn3vzpgtztmej7a4ygmcpsv63xtngu7vxk3jzys0xl55d0y7ryf2839pd0,122649900000,
ea929be24aac56e1d54b3bb8679ee7fbe3fcf4d934b265a584643b46803945dc,2024-07-01T02:14:18.775000,received,kaspa:qp5wn3vzpgtztmej7a4ygmcpsv63xtngu7vxk3jzys0xl55d0y7ryf2839pd0,122649900000,
8d4c22d9e31af60b8cedeaa1b8bc90bcc3ec1456aa7ca96056a913a1a5fc6b8d,2024-06-30T06:17:36.658000,sent,kaspa:qp5wn3vzpgtztmej7a4ygmcpsv63xtngu7vxk3jzys0xl55d0y7ryf2839pd0,115650000000,
8d4c22d9e31af60b8cedeaa1b8bc90bcc3ec1456aa7ca96056a913a1a5fc6b8d,2024-06-30T06:17:36.658000,sent,kaspa:qz34t9gjq3xz4r3ny0g54yvpq09f0tds39599gmg5zw4z769gcxwjgmm697r5,1002525360,
411d4d1f3006afd7d7b4481e186eae090b261023717dc95e2ecc5d686169e9e0,2024-06-30T06:16:07.738000,received,kaspa:qpzpfwcsqsxhxwup26r55fd0ghqlhyugz8cp6y3wxuddc02vcxtjg75pspnwz,115611632000,MEXC
411d4d1f3006afd7d7b4481e186eae090b261023717dc95e2ecc5d686169e9e0,2024-06-30T06:16:07.738000,received,kaspa:qpzpfwcsqsxhxwup26r55fd0ghqlhyugz8cp6y3wxuddc02vcxtjg75pspnwz,115611632000,MEXC
4f62d7533842c28cf368aa0a230e4dda75ba141dcafec33b05f33243a1be2875,2023-03-29T14:18:56.319000,sent,kaspa:qzxp6upsvham7ghlk96vq2p64da9xsgl927nwuh057058vhpyjuuxc5lvthss,1149500000000,
4f62d7533842c28cf368aa0a230e4dda75ba141dcafec33b05f33243a1be2875,2023-03-29T14:18:56.319000,sent,kaspa:qr5jvgmuhe5dj80qfvzxdgpld676rl364ul06f4427x65qhljq032p5yl8tvk,925442973831,
52ee451bf8604335c9aeb770fb6983ad98c4116f2285ee8821d1feb7ed547629,2023-03-16T03:36:33.787000,received,kaspa:qpjunp39ssazf4rzfxxu0hd35xggfxn6lq0ls9u9q6peevzcmcv4xmv9q4njd,1999000000000,
c7d9b02c8b8aa28b184d53fc895c648b2c78bd335b315518c0b3c50c9e0c7b7f,2023-03-10T02:00:26.438000,sent,kaspa:qzxp6upsvham7ghlk96vq2p64da9xsgl927nwuh057058vhpyjuuxc5lvthss,10400000000000,
c7d9b02c8b8aa28b184d53fc895c648b2c78bd335b315518c0b3c50c9e0c7b7f,2023-03-10T02:00:26.438000,sent,kaspa:qr2hz0cap5wcrzcfjelrawlakudlefu542xtwcxtl3q7rlu8q0wwklcutflkl,75943477051,
32fd57e9da3760c6c37bad57d578de9c93d55050f5413fb856a04983ed94737b,2023-02-28T01:27:26.047000,received,kaspa:qpjunp39ssazf4rzfxxu0hd35xggfxn6lq0ls9u9q6peevzcmcv4xmv9q4njd,10465965996780,
f256d3f72bc3b6ff2d1e837c65fa99922c96aebedbfd35833d214723beb0992a,2022-11-11T18:21:47.047000,sent,kaspa:qzxp6upsvham7ghlk96vq2p64da9xsgl927nwuh057058vhpyjuuxc5lvthss,5599894497931,
f256d3f72bc3b6ff2d1e837c65fa99922c96aebedbfd35833d214723beb0992a,2022-11-11T18:21:47.047000,sent,kaspa:qr9gvz0s7rkfuefy9xrxkfpwfft95jqlr4292zqsl38xunqfm7vxsr5cm34a0,307430000000,
8dcfdd2428554789496eae0b7e37363812b046f0d77ada12c3a5dca57e5d5b23,2022-11-09T06:27:05.490000,received,kaspa:qpjunp39ssazf4rzfxxu0hd35xggfxn6lq0ls9u9q6peevzcmcv4xmv9q4njd,5907330000000,
