tx_id,timestamp,direction,peer_address,amount_sompi,cex_label
6f8f8a09b6d5656abfe42dac796f580fe73a7baa2e9d5dc7422ca019e32df11c,2023-12-16T04:32:45.093000,sent,kaspa:qzslgwenzu78t6tldlng383g7ruu4enaljmnkgaulyrscjp7ldt26x8gfxck5,171940000,
6f8f8a09b6d5656abfe42dac796f580fe73a7baa2e9d5dc7422ca019e32df11c,2023-12-16T04:32:45.093000,sent,kaspa:qzslgwenzu78t6tldlng383g7ruu4enaljmnkgaulyrscjp7ldt26x8gfxck5,171940000,
dbc9c3bf4fa59763fdbd69c71abbc5ee34bc9a2da47eba7180eea9b8afb458be,2023-12-12T17:41:00.211000,received,kaspa:qypswxtcrv4ssyjaswy5w9387vq73mkuyq85tl34cee6qn5uexqy0csgnafnjx7,171000000,
aacdd5d77fc0c14aff0769bc15edfe53e2fa274a51b2c4d60f56619b67706943,2023-11-29T06:06:08.833000,sent,kaspa:qypwj2fa3jr2d7c0j6xh8pg9kr2wxpa0dx8z7p77zgj8hz34r6x2f4sfn9wf25q,18000000,
9135693ac924240fc0e561255a6ca9007bb227631a2c018acae5fce89935f433,2023-11-28T19:57:37.494000,received,kaspa:qqaugwf5jw2eagnzq0ncvce6p8n8nwyxzwxmyxwqx7uast3nnv6q6xd4qglxr,19000000,
