tx_id,timestamp,direction,peer_address,amount_sompi,cex_label
e5af5140d39fd24eed86633b7f70d1bc8ee7c4fe038cbc6579ca56d7c49ddd82,2023-12-16T04:53:19.694000,sent,kaspa:qzslgwenzu78t6tldlng383g7ruu4enaljmnkgaulyrscjp7ldt26x8gfxck5,171940000,
e5af5140d39fd24eed86633b7f70d1bc8ee7c4fe038cbc6579ca56d7c49ddd82,2023-12-16T04:53:19.694000,sent,kaspa:qzslgwenzu78t6tldlng383g7ruu4enaljmnkgaulyrscjp7ldt26x8gfxck5,171940000,
cc8e439d07192095fd0ac7ae935d11f35cd4028ed6db13d7b693eb3964f6bd8b,2023-12-12T23:04:08.211000,received,kaspa:qypswxtcrv4ssyjaswy5w9387vq73mkuyq85tl34cee6qn5uexqy0csgnafnjx7,171000000,
d9b009e2a08ec90a073dbd02287d328b26886e210e1d639b3ac466b757b0e591,2023-11-29T14:37:57.155000,sent,kaspa:qype0z3w3nchvyc8lqsvvtlqgv6n7h4hdx6mcxgv7re23y7k5rkprygfe43l9ks,18000000,
1ad5614718f0ac76a3dcff4d2aee3c076d8d4790bd91bd8e35e897fb7720b3a2,2023-11-28T10:40:43.741000,received,kaspa:qzp9y6fa5jhjyjv8njfk8ulj5qp043cv38jy63s4006qymlh7h4wwl4swgrsj,19000000,
