tx_id,timestamp,direction,peer_address,amount_sompi,cex_label
7e125430cac0cff739d71a4df1c6cd22b61ae4188062fe06a2216f9ee3e3c012,2023-12-16T03:58:13.495000,sent,kaspa:qzslgwenzu78t6tldlng383g7ruu4enaljmnkgaulyrscjp7ldt26x8gfxck5,171940000,
7e125430cac0cff739d71a4df1c6cd22b61ae4188062fe06a2216f9ee3e3c012,2023-12-16T03:58:13.495000,sent,kaspa:qzslgwenzu78t6tldlng383g7ruu4enaljmnkgaulyrscjp7ldt26x8gfxck5,171940000,
b702e2670599a176198ad45cf43024380943ac15aa91dd9bf71bce2973333575,2023-12-12T05:26:29.312000,received,kaspa:qypswxtcrv4ssyjaswy5w9387vq73mkuyq85tl34cee6qn5uexqy0csgnafnjx7,171000000,
5b743edb2476c433a00d2fc48923d05ec15d92b6e75563ec9f9b0207f7a042aa,2023-11-28T05:29:20.702000,sent,kaspa:qyptlepg8vkvk0zzealm28ag58eurwaw5u9cc7tye2zqf4nhsz8835gnp4fd05j,18000000,
a0191966f1880f4a3d0dc724545f2a73d18fe0b143f0d2f4c58b3fc32086d677,2023-11-28T04:17:55.136000,received,kaspa:qplkgm8nea7xm5wdv8ujpvd0je0jkcnuxreplzspf0mlft8htzcvkux0u4u94,19000000,
