tx_id,timestamp,direction,peer_address,amount_sompi,cex_label
8e341e62df56b0fd827b17dd941b7d2c237bf3a6877448694e63d7885aafe783,2023-12-16T03:16:50.236000,sent,kaspa:qzslgwenzu78t6tldlng383g7ruu4enaljmnkgaulyrscjp7ldt26x8gfxck5,171940000,
8e341e62df56b0fd827b17dd941b7d2c237bf3a6877448694e63d7885aafe783,2023-12-16T03:16:50.236000,sent,kaspa:qzslgwenzu78t6tldlng383g7ruu4enaljmnkgaulyrscjp7ldt26x8gfxck5,171940000,
0ec10210af8e421914fdfd3f479d284ad96dc5f6f7561ce328f9c74817bfebb6,2023-12-12T04:07:14.036000,received,kaspa:qypswxtcrv4ssyjaswy5w9387vq73mkuyq85tl34cee6qn5uexqy0csgnafnjx7,171000000,
b0ad4b4ad6d9e1027e9f3523beae8d4a7173be950acd37a7d75fa71ba094ab14,2023-11-28T02:56:17.182000,sent,kaspa:qyphkjrmtxk8wuq50l4plfpcv6ksfvr4mpne7zmqujdwc9j488kqupghkca8v6d,18000000,
a5dffa3ed4cc46f480f135f47bc04c753985913e36dc0c8bd12b504670a623d5,2023-11-28T02:04:18.775000,received,kaspa:qrvhmu7g3ykxqglvqnr3nqx22rs6fq2dz3mf5n25qlwz5ytpksv3q4lju593m,19000000,
