tx_id,timestamp,direction,peer_address,amount_sompi,cex_label
516f9bbf9b1126154e3b64257a23fc83de542bf9aaf0f7d634efc6817d1329eb,2024-08-17T23:08:05.871000,sent,kaspa:qqlwhwzaaxqgry950f3hd28lsmydck5z3ncz2ekpcmq00r8hvr6mj0qulmvwq,1500000000000,
cd3e8efdc7f148c986b0e9a55c0ee4bc28b5867b8bb95e9f493c45cd30cc8367,2024-06-28T21:18:03.661000,sent,kaspa:qrepshvwv2aufsat67tj7v92ut2y0z53udn4vk3088w7rs349hw37aj2d346m,1200000000000,
ddd14984aff1e48b1aa01dd51fb862a55645e295359c444c2a04929df264648a,2024-05-20T20:46:33.897000,sent,kaspa:qqw5snltna9scv5xsdwpxcxjeyyal8vqgh36lrkl7e8j92d8yl53kuldnjj8m,15000000000000,
448eef00a9b3f0d083e6514ddaa5468a9ea76505a3b82e013ac14f286cde4ef7,2024-05-20T20:42:04.460000,sent,kaspa:qzhqkzq7w55em3y76vdzj6smhrjts73u5ta6tleauf5nht39gz5k2tf3kxwp8,10000500000000,
d6a30d42028ea40fbc01346e0973476c2a885f4856bdb78efbeaf41a8f18f344,2024-04-23T11:09:38.708000,sent,kaspa:qqlwhwzaaxqgry950f3hd28lsmydck5z3ncz2ekpcmq00r8hvr6mj0qulmvwq,1100000000000,
a74748ccd66e5d228f597a5b3028006a1596d0973a677ca65b842284f6fff799,2024-03-21T00:55:38.413000,sent,kaspa:qq9zagcza4jt76eev9jl5z0nqhe0thcu7js8larktj4sle7lvgnw7sfcewlty,1600000000000,
a74748ccd66e5d228f597a5b3028006a1596d0973a677ca65b842284f6fff799,2024-03-21T00:55:38.413000,sent,kaspa:qq9zagcza4jt76eev9jl5z0nqhe0thcu7js8larktj4sle7lvgnw7sfcewlty,1600000000000,
a74748ccd66e5d228f597a5b3028006a1596d0973a677ca65b842284f6fff799,2024-03-21T00:55:38.413000,sent,kaspa:qq9zagcza4jt76eev9jl5z0nqhe0thcu7js8larktj4sle7lvgnw7sfcewlty,1600000000000,
16acad83a7dce4cdce1a4e8feda53b8c1c74f8c101afa7af7fbb227cafa08ebe,2023-12-23T16:21:03.006000,received,kaspa:qqetp7ct8kqss99fxmymyz5t3fezppxp0t58wl6pawp27elqd46uudme00cl0,804010000000,
8f13bd02dda0e6322ff700e3c9991d74deb8e0e7e4622b41a626df93e2973ac2,2023-05-04T20:03:02.916000,received,kaspa:qqetp7ct8kqss99fxmymyz5t3fezppxp0t58wl6pawp27elqd46uudme00cl0,1296309000000,
6c5448189d0bd3d73ee3f8e9c430aa414b068f2375fab2643d3527add9af54c2,2023-04-20T18:22:01.345000,received,kaspa:qqetp7ct8kqss99fxmymyz5t3fezppxp0t58wl6pawp27elqd46uudme00cl0,34516125000000,
