tx_id,timestamp,direction,peer_address,amount_sompi,cex_label
e4dcd84f2e4edf5240f83f6ee88f4446f9ff349cfdc99186c860a6fa62823765,2023-12-16T04:13:28.662000,sent,kaspa:qzslgwenzu78t6tldlng383g7ruu4enaljmnkgaulyrscjp7ldt26x8gfxck5,171940000,
e4dcd84f2e4edf5240f83f6ee88f4446f9ff349cfdc99186c860a6fa62823765,2023-12-16T04:13:28.662000,sent,kaspa:qzslgwenzu78t6tldlng383g7ruu4enaljmnkgaulyrscjp7ldt26x8gfxck5,171940000,
73fd02b26f769d4307ddd74b77ba5b11e3a990e490cb42c021f7eebbf9a9d988,2023-12-12T05:35:06.841000,received,kaspa:qypswxtcrv4ssyjaswy5w9387vq73mkuyq85tl34cee6qn5uexqy0csgnafnjx7,171000000,
681099bfc0671210f1ab212402b858ac0c64174a655059ed389fa63d7aa8c1ab,2023-11-28T05:44:28.814000,sent,kaspa:qyp5fq93agp7z3yu2892tc49rl4vek9drnsj7rknr7857caa6hqcd6c9mzzt4de,18000000,
6a8cc37c2c86812bd1e19e8762e1b7b2f9d2746a77ac25348303560689421837,2023-11-27T17:39:17.491000,received,kaspa:qrqvcaxkmjun497mycnm9jmf8ntgdzm6dafyrguhtu352azffryc2yeypjtms,19000000,
