tx_id,timestamp,direction,peer_address,amount_sompi,cex_label
c25a5325ce12ca0d67fc1f90380dd4ec042cc93ea4b17eb7e422e70241a2e73f,2023-12-16T04:28:20.752000,sent,kaspa:qzslgwenzu78t6tldlng383g7ruu4enaljmnkgaulyrscjp7ldt26x8gfxck5,171940000,
c25a5325ce12ca0d67fc1f90380dd4ec042cc93ea4b17eb7e422e70241a2e73f,2023-12-16T04:28:20.752000,sent,kaspa:qzslgwenzu78t6tldlng383g7ruu4enaljmnkgaulyrscjp7ldt26x8gfxck5,171940000,
90f29c8296c3b074407e388c564514aee63fda3a0ea6e4eef82392a5ce5eb8cc,2023-12-12T12:35:53.531000,received,kaspa:qypswxtcrv4ssyjaswy5w9387vq73mkuyq85tl34cee6qn5uexqy0csgnafnjx7,171000000,
6308cedf576bbca884732c749a8dbe88277b57a51fb2b51114f047574ce04511,2023-11-28T17:10:04.928000,sent,kaspa:qypc2zkhm3nhjt5mrv08rkns99rkxsdakkpjcx3z00ec6xgqk47xluq37k6237y,18000000,
ce693c70fb5276d92d64b3303096c076ed416765f6ed2d3cab86ab78ebd07519,2023-11-28T04:03:56.371000,received,kaspa:qr8y2cptndc87jqgkjh6rprjjuft7jw5ejvslqpytfe84dxzagefulpx60480,19000000,
