tx_id,timestamp,direction,peer_address,amount_sompi,cex_label
5f5606ee76b7eb3c4a518ecf9468839ece52e68da92728c79f39a74e18ac3e05,2023-12-16T04:20:11.607000,sent,kaspa:qzslgwenzu78t6tldlng383g7ruu4enaljmnkgaulyrscjp7ldt26x8gfxck5,171940000,
5f5606ee76b7eb3c4a518ecf9468839ece52e68da92728c79f39a74e18ac3e05,2023-12-16T04:20:11.607000,sent,kaspa:qzslgwenzu78t6tldlng383g7ruu4enaljmnkgaulyrscjp7ldt26x8gfxck5,171940000,
35c882923044eec03dd404b7facb4b9d4e59c680388c5b5475921345ebd4dff2,2023-12-12T22:03:26.336000,received,kaspa:qypswxtcrv4ssyjaswy5w9387vq73mkuyq85tl34cee6qn5uexqy0csgnafnjx7,171000000,
aafc85d72a19fc9f7567eaf2aedcbe4e5390e14187b041ca61ccd112e355d502,2023-11-29T13:36:51.960000,sent,kaspa:qypl8sa9r289mte9xzr6xvjwl3h20r7cw0h5wgk6vn4cnk7zl90zvuqdgqmpnt5,18000000,
e6e63db35382264c907035a7ceee444d143077217c426641bef85d9aa7394fd7,2023-11-29T10:02:09.216000,received,kaspa:qqu3y9zclllm6ldy3fkthve4f96p2xez7c28fya96vp3kh34ulnvy8fldmvve,19000000,
