tx_id,timestamp,direction,peer_address,amount_sompi,cex_label
6162a15ce58dc763384477d2f3fad129e28f15f6604958a572fddcfdf5f70aa1,2023-12-16T04:43:28.098000,sent,kaspa:qzslgwenzu78t6tldlng383g7ruu4enaljmnkgaulyrscjp7ldt26x8gfxck5,171940000,
6162a15ce58dc763384477d2f3fad129e28f15f6604958a572fddcfdf5f70aa1,2023-12-16T04:43:28.098000,sent,kaspa:qzslgwenzu78t6tldlng383g7ruu4enaljmnkgaulyrscjp7ldt26x8gfxck5,171940000,
9ccdaf545c120a50da9a4ae23c8fde0c5c40424a9425d7cd87c69742ae88e9ed,2023-12-12T12:28:57.678000,received,kaspa:qypswxtcrv4ssyjaswy5w9387vq73mkuyq85tl34cee6qn5uexqy0csgnafnjx7,171000000,
95e4d8a8574e2fc06ef09f2898590c2097d7ffb3669f4abf46530749edeba96e,2023-11-28T17:02:18.076000,sent,kaspa:qyprpq9lx2t56j898y0ye36ykh9fqtrdj5qqxllw2k249z0pzrvsteqrq2apqx2,18000000,
72a9664f34ba34cdad117ac821cd03386069770d85f495de7a21f3df88648a19,2023-11-27T21:14:50.522000,received,kaspa:qpyec5ee4mgzj57yuy4arhk69uzct3su92hc0c7h6xw0h7u9qy7vymgz2jay8,19000000,
