tx_id,timestamp,direction,peer_address,amount_sompi,cex_label
8da93940aeb10275b0eb005f49f35ae3cca73df5ffd6f548de2a05e1c2cd0cef,2024-02-08T19:52:42.416000,sent,kaspa:qrd7lzgq7m2mzzwhyvrammf0nzfspuvn27fnkd06pqmsn60gndxczsplx8d7q,28601000000,
8da93940aeb10275b0eb005f49f35ae3cca73df5ffd6f548de2a05e1c2cd0cef,2024-02-08T19:52:42.416000,sent,kaspa:qrd7lzgq7m2mzzwhyvrammf0nzfspuvn27fnkd06pqmsn60gndxczsplx8d7q,28601000000,
c5f15f98965b437fea01a1af462ceef0f6c5b78a02c5f41002c10bdb04a8b771,2024-02-08T19:50:06.677000,received,kaspa:qq9zagcza4jt76eev9jl5z0nqhe0thcu7js8larktj4sle7lvgnw7sfcewlty,28512728675,
c5f15f98965b437fea01a1af462ceef0f6c5b78a02c5f41002c10bdb04a8b771,2024-02-08T19:50:06.677000,received,kaspa:qq9zagcza4jt76eev9jl5z0nqhe0thcu7js8larktj4sle7lvgnw7sfcewlty,28512728675,
c5f15f98965b437fea01a1af462ceef0f6c5b78a02c5f41002c10bdb04a8b771,2024-02-08T19:50:06.677000,received,kaspa:qq9zagcza4jt76eev9jl5z0nqhe0thcu7js8larktj4sle7lvgnw7sfcewlty,28512728675,
c5f15f98965b437fea01a1af462ceef0f6c5b78a02c5f41002c10bdb04a8b771,2024-02-08T19:50:06.677000,received,kaspa:qq9zagcza4jt76eev9jl5z0nqhe0thcu7js8larktj4sle7lvgnw7sfcewlty,28512728675,
c5f15f98965b437fea01a1af462ceef0f6c5b78a02c5f41002c10bdb04a8b771,2024-02-08T19:50:06.677000,received,kaspa:qq9zagcza4jt76eev9jl5z0nqhe0thcu7js8larktj4sle7lvgnw7sfcewlty,28512728675,
c5f15f98965b437fea01a1af462ceef0f6c5b78a02c5f41002c10bdb04a8b771,2024-02-08T19:50:06.677000,received,kaspa:qq9zagcza4jt76eev9jl5z0nqhe0thcu7js8larktj4sle7lvgnw7sfcewlty,28512728675,
c5f15f98965b437fea01a1af462ceef0f6c5b78a02c5f41002c10bdb04a8b771,2024-02-08T19:50:06.677000,received,kaspa:qq9zagcza4jt76eev9jl5z0nqhe0thcu7js8larktj4sle7lvgnw7sfcewlty,28512728675,
c5f15f98965b437fea01a1af462ceef0f6c5b78a02c5f41002c10bdb04a8b771,2024-02-08T19:50:06.677000,received,kaspa:qq9zagcza4jt76eev9jl5z0nqhe0thcu7js8larktj4sle7lvgnw7sfcewlty,28512728675,
c5f15f98965b437fea01a1af462ceef0f6c5b78a02c5f41002c10bdb04a8b771,2024-02-08T19:50:06.677000,received,kaspa:qq9zagcza4jt76eev9jl5z0nqhe0thcu7js8larktj4sle7lvgnw7sfcewlty,28512728675,
c5f15f98965b437fea01a1af462ceef0f6c5b78a02c5f41002c10bdb04a8b771,2024-02-08T19:50:06.677000,received,kaspa:qq9zagcza4jt76eev9jl5z0nqhe0thcu7js8larktj4sle7lvgnw7sfcewlty,28512728675,
c5f15f98965b437fea01a1af462ceef0f6c5b78a02c5f41002c10bdb04a8b771,2024-02-08T19:50:06.677000,received,kaspa:qq9zagcza4jt76eev9jl5z0nqhe0thcu7js8larktj4sle7lvgnw7sfcewlty,28512728675,
bad7b811fb67a9f50bde64baea77c3eb2929af3ee740365d845e86dc4c39e8e5,2024-02-08T19:45:36.404000,sent,kaspa:qph04ll3w3fwjzemrv36xpv8d4dwc65qkvvwft5tzxpwgeg0dtdrccqdv92ms,367400000000,
6f13cd5e9fb02788d5b77dd54783d4e864f803021774ae34295f9a6118684f09,2024-02-08T19:39:04.584000,sent,kaspa:qq69dpfgt7thfaqyj2hkuws29kvpuv9kxsaklxmwzchhv89g36hzxlrl9ezq7,4000000000,
1de3fafbf82b5e72af3b53abaf58a2761073f3a81b01e2b7726676e37898452a,2024-01-07T21:47:04.463000,sent,kaspa:qqwvnkp47wsj6n4hkdlgj8dsauyx0xvefunnwvvsmpq2udd0ka8ckmpuqw3k5,44000000000,
570137aab7d8440bcd35d75925403cf95f31e71e206c286314f0f6724fe8798a,2023-05-08T21:27:03.631000,received,kaspa:qpzpfwcsqsxhxwup26r55fd0ghqlhyugz8cp6y3wxuddc02vcxtjg75pspnwz,415489000000,MEXC
