tx_id,timestamp,direction,peer_address,amount_sompi,cex_label
ebe36839dac385931993948f040a7f1f4e081175dec86faf54467d99b20c1a61,2023-12-16T04:20:25.667000,sent,kaspa:qzslgwenzu78t6tldlng383g7ruu4enaljmnkgaulyrscjp7ldt26x8gfxck5,171940000,
ebe36839dac385931993948f040a7f1f4e081175dec86faf54467d99b20c1a61,2023-12-16T04:20:25.667000,sent,kaspa:qzslgwenzu78t6tldlng383g7ruu4enaljmnkgaulyrscjp7ldt26x8gfxck5,171940000,
c17dcc5ec54c7b1aa6c613de875eb21627986b9e973fe853680bb1871ac26750,2023-12-12T09:48:23.344000,received,kaspa:qypswxtcrv4ssyjaswy5w9387vq73mkuyq85tl34cee6qn5uexqy0csgnafnjx7,171000000,
4560f349c98f4e9b07d48283af3eb1d192304f398c04ddaed45b973f9249ed18,2023-11-28T13:54:28.333000,sent,kaspa:qyphqp7vddyyd6qp79cjsmuurddyhsjfezwr8hdfdg8lcgllh7r52dqhnhsd5mk,18000000,
c37bce0fc0b808a434f4ee23d4e633a5ca215e2cb4219116d4efb2f220314565,2023-11-27T05:21:40.192000,received,kaspa:qpt4rs4dse5l4ane0e0tv6nc2m9eu9gd33t5rkm6dtu8dpvxatuajce59z4ea,19000000,
