tx_id,timestamp,direction,peer_address,amount_sompi,cex_label
803076625370026240152914fcdd807e2039f5d087493b8cebb89fd9d23cbd67,2023-12-16T04:49:31.663000,sent,kaspa:qzslgwenzu78t6tldlng383g7ruu4enaljmnkgaulyrscjp7ldt26x8gfxck5,171940000,
803076625370026240152914fcdd807e2039f5d087493b8cebb89fd9d23cbd67,2023-12-16T04:49:31.663000,sent,kaspa:qzslgwenzu78t6tldlng383g7ruu4enaljmnkgaulyrscjp7ldt26x8gfxck5,171940000,
fbf09fbbd3811ea1051916d29c221e012e767ff19cdbcf0a6eb559465b250e60,2023-12-12T13:53:02.973000,received,kaspa:qypswxtcrv4ssyjaswy5w9387vq73mkuyq85tl34cee6qn5uexqy0csgnafnjx7,171000000,
425c25c316baddf5b602bade8b0770d8e501281a980446c02d5c3d1e33a3a815,2023-11-28T19:25:41.718000,sent,kaspa:qyp75rsppx782r84fhtwsq33aewrxlkaq3hex2yh7khy025gvzhk6ggryd2kcvx,18000000,
5c81f04188e650a446a579bc42060812016d7494b1ef7dc844fb712f64dabae5,2023-11-28T17:28:42.198000,received,kaspa:qpelmscywk22ut5c7zmwt0vu96jveg9mwrdcwcx644t0yj9efvkl7kek7gc24,19000000,
