tx_id,timestamp,direction,peer_address,amount_sompi,cex_label
259d65b2fe46354896d17a3876d8df95755d4dc7399035be5755d471974aca39,2023-12-30T03:10:33.991000,sent,kaspa:qrugrqz89tztl6cl37xhgsjw3l3kzqcyq62kppmnw0egcn96lrxpgvmnsfyrn,238000000,
259d65b2fe46354896d17a3876d8df95755d4dc7399035be5755d471974aca39,2023-12-30T03:10:33.991000,sent,kaspa:qrugrqz89tztl6cl37xhgsjw3l3kzqcyq62kppmnw0egcn96lrxpgvmnsfyrn,238000000,
8492ab36e96fed5eec4e8c797a8d1ad7173635eb5873332a498fc366cad3bd16,2023-12-12T04:05:36.118000,received,kaspa:qypswxtcrv4ssyjaswy5w9387vq73mkuyq85tl34cee6qn5uexqy0csgnafnjx7,171000000,
2f28df44dc9ca190523d9fb401bbc78c7ffaad62f347179de794e988f02b8e67,2023-11-28T07:09:56.189000,sent,kaspa:qzft9z4qu0xa5ga9p4vwfn4x3xkyu8vqp5hc4s5lz3cc6lj45czuq3etrmsn2,20000000,
a74986c0f15640c1ac9445f1303c8675af700a3aa0e834a4806638e907297b3c,2023-11-28T06:42:13.940000,sent,kaspa:qpuc56ta3jdqh546wkygk9zqaep58c55g4085ytgfrrazyvndysqzyvkwt7y0,20000000,
1a98c077a954c5d9328e88d40d68cdceef31aab086c4ef1a1ffcbe0c141b59eb,2023-11-28T06:12:54.607000,sent,kaspa:qp9x7yyjtzxgwkr0y27lrfyre40v4gj4shu4p0w2dzl0ecz7qzyt2dfr3mdq0,1050000000,
1a98c077a954c5d9328e88d40d68cdceef31aab086c4ef1a1ffcbe0c141b59eb,2023-11-28T06:12:54.607000,sent,kaspa:qp9x7yyjtzxgwkr0y27lrfyre40v4gj4shu4p0w2dzl0ecz7qzyt2dfr3mdq0,1050000000,
5329ff20a0d075194af1811e8552d766b5e6f8ddb897ac6f2b968fa51991b445,2023-11-28T05:14:02.476000,received,kaspa:qyp4shc2j2r2dvsn2kqplylp5dkjav6s89yr5096wfyjr75h5y4q6uq2rg3x5c8,20000000,
8f14f953aa5e4cbe138ff2c2cd93866d75f730a5159dbce8ef9cc2cfb98635e6,2023-11-28T04:55:20.078000,sent,kaspa:qz3gj8gd962dq4fd43mfs9m0gkpx9p4ga64vhpc2rvf94qhc68rfg3g7zaafv,20000000,
bb42ae806703fdc05f413d9c7547d161d2076ce0ae32d2d28551d4460de66b5b,2023-11-28T04:09:30.262000,sent,kaspa:qrhx2jzs25rrnsss0uwtnkdjfa4c2x0hd69jgkc4prjk3pczn7zs7hht3mdrn,20000000,
9c0f96ad7e07202fa1ae2657e24527b117890cef8fe7deeb58b9afd7841d0bb7,2023-11-28T03:38:55.169000,sent,kaspa:qzmqyyv0udz8fhqfze4k4qusvtpqr2m7cdhmdhw58nuvsc2mqpnaz395983xk,20000000,
bdb75005e9b016bc22228ee41c442f2b54970e6268c93115bbe695e4069fff31,2023-11-28T02:56:28.337000,sent,kaspa:qypc6xqvlpqrpyshup9wxny6yuwze2l56sq3cfsjj2u3xdlk27scvvcaftts3ts,18000000,
470e7023a34d3751f7ca9c615b870d32d2c03760d6c48b2e7c7f5350eb6728e2,2023-11-28T02:50:09.791000,received,kaspa:qrvum29vk365g0zcd5gx3c7h829etfq2ytdmscjzw4zw04fjfnprcg9c3tges,1216682000,
