tx_id,timestamp,direction,peer_address,amount_sompi,cex_label
7317279bd718efab745c2eff82c1636a8a81a20a5d2b0d6bf0704b11ee30230e,2023-12-16T04:17:15.821000,sent,kaspa:qzslgwenzu78t6tldlng383g7ruu4enaljmnkgaulyrscjp7ldt26x8gfxck5,171940000,
7317279bd718efab745c2eff82c1636a8a81a20a5d2b0d6bf0704b11ee30230e,2023-12-16T04:17:15.821000,sent,kaspa:qzslgwenzu78t6tldlng383g7ruu4enaljmnkgaulyrscjp7ldt26x8gfxck5,171940000,
f475137f2dbe79871840c7e765e90f2014b32e96b96f429f7ca35c199ac34644,2023-12-12T06:28:25.692000,received,kaspa:qypswxtcrv4ssyjaswy5w9387vq73mkuyq85tl34cee6qn5uexqy0csgnafnjx7,171000000,
078a27bc9998a15ca3708291aad0c4553771eba71eef9f65432cf92aa221f69d,2023-11-28T07:19:01.858000,sent,kaspa:qypjv900mnnrh6yq3wpp6p6uglpx2n2zy2f84qktv76cv7sjkhc0gkgsm2zw779,18000000,
63afa6972ddec73016d110a3bc751280e735cddfd400a327fc7558ba9f111e2a,2023-11-28T02:19:42.503000,received,kaspa:qpzwgfxxerkaexvudhula82mzdutl5kqg80ehnhlzfh56n9gwfqgwgyn0m3fd,19000000,
