tx_id,timestamp,direction,peer_address,amount_sompi,cex_label
ddd7da89ef075c915c5bd4ad208d66df494ed74d8391285e141e8981486a15c4,2023-11-22T09:08:57.366000,sent,kaspa:qqfkuxs7qpcykg4xc386skgue9xzgyufe6u7wluvk8jtvnmtfwz0xfwysz3xp,10000000000,
ddd7da89ef075c915c5bd4ad208d66df494ed74d8391285e141e8981486a15c4,2023-11-22T09:08:57.366000,sent,kaspa:qp439qaddwghptp5hufh3z4mmy7r7nls75jwdvdq5nnzzkw3qxcuvqms2vzcj,10128930000,
c2c77b4c51d8eef3a209024fb63468d7dfe281db19bc545607a7710243698723,2023-09-15T17:39:23.746000,received,kaspa:qzkdgp9hnhag6xva80df57d4hk8uquccgxackc69uz85qlrz4zf6z8yrns2mk,20128940000,
c2c77b4c51d8eef3a209024fb63468d7dfe281db19bc545607a7710243698723,2023-09-15T17:39:23.746000,received,kaspa:qpvf0apr6urj9hjtnqcu07hwxykcsk8nkj22cfmvu6q7rf82cuy7gd6wcr0rj,20128940000,
c2c77b4c51d8eef3a209024fb63468d7dfe281db19bc545607a7710243698723,2023-09-15T17:39:23.746000,received,kaspa:qzmhafhk4qk0hzhu6agg8wf7chkzcp66xnnwv2lshl2x57clp2ymj5gr88ak8,20128940000,
