tx_id,timestamp,direction,peer_address,amount_sompi,cex_label
7fb673320873551cf09ba79312590027f9b735ee8b52f460899393b96972b0b2,2023-12-13T04:30:56.572000,sent,kaspa:qq4z065ydt5r00x8wmn4rhtez94gafudfh9nedstzqng68q2vp37jyztffxq3,8548999999,
7fb673320873551cf09ba79312590027f9b735ee8b52f460899393b96972b0b2,2023-12-13T04:30:56.572000,sent,kaspa:qqjmymyfagkwc0nlzjq67spzth74rmzwvud8ufwyqkls0nvj4z94cvrn56mzx,941533,
fe57788ec07ccad7d203aec251552909477119c84748f9578cd8a37c85882e5c,2023-12-13T04:00:36.182000,received,kaspa:qypswxtcrv4ssyjaswy5w9387vq73mkuyq85tl34cee6qn5uexqy0csgnafnjx7,171000000,
ba4ee79fbc725b620605a174d79478cae6f8f3b0b8b4e39c09ef80ed0624eabf,2023-12-07T19:05:27.149000,sent,kaspa:qq4z065ydt5r00x8wmn4rhtez94gafudfh9nedstzqng68q2vp37jyztffxq3,5985000000,
ba4ee79fbc725b620605a174d79478cae6f8f3b0b8b4e39c09ef80ed0624eabf,2023-12-07T19:05:27.149000,sent,kaspa:qqmt94hfz83v8a68j0ssdne5yglx9d6m24suvfspxpxty4ggzdqv6rsw2yyrt,38567,
b5937a2040e57b1321c1148552c02bb0488a13d1af651daac6db797a8ad6433c,2023-12-07T16:21:34.559000,received,kaspa:qypxznxgupa8eac5m4a9tyzuaja0eguaas4q5aje0378z4yypf3u3rc34prk2qn,171000000,
0b172c7b0fa2d4759715d7c32d224ded4fec3dd6390ea2b0042191f9df98e23c,2023-11-29T19:16:55.953000,sent,kaspa:qyppesv2etfwsy3fxt8n8xfj2fxjllpc5ck0pu7phfecsn7tjgk8dzg2f2x4wpc,18000000,
0b172c7b0fa2d4759715d7c32d224ded4fec3dd6390ea2b0042191f9df98e23c,2023-11-29T19:16:55.953000,sent,kaspa:qz22x4prfl9u6euvd4lv8dn9yf3hev3agckupgcq9wmcu55phtqyzmuu5wmq0,400916800,
926a9a9c91630c5b7e0abe1cf33639970822236107df514b32df693edeaf0c6a,2023-11-29T19:00:09.952000,received,kaspa:qqrvvqrdmep3x0saylkvh3xapzpfshf433dfy8pepmqs0wfzvrzkwpkystuq9,419918880,
bea875c397efdf0e67634dceaa2e5128651e347717ddbd9af4b369ab59079517,2023-11-18T06:50:57.285000,sent,kaspa:qyp08y4ddtn29wu9rngfwtydnefq5re8a0s8eavuzqfc4p9xar7vwjqlfmzs5rj,18000000,
bea875c397efdf0e67634dceaa2e5128651e347717ddbd9af4b369ab59079517,2023-11-18T06:50:57.285000,sent,kaspa:qz703v849d37ady86cv08rag73fku22wgk3rvktsk4xqk5g60d43s0upu96gz,208618436,
fbf68f651c0e528de8f96e92b18feee65693862f30aa3a5f95ceb25f7f2ebd07,2023-11-18T06:47:35.507000,received,kaspa:qq5kud28azhnnu4zwkkef5kgurezs8ujtm5shqpnunm90qhkzf7dku5dzu9cl,6621667,
