tx_id,timestamp,direction,peer_address,amount_sompi,cex_label
d9153071fee0ccffb73456d567faa8f649fc975d0d16677da5548675729b9b97,2023-12-16T03:42:48.838000,sent,kaspa:qzslgwenzu78t6tldlng383g7ruu4enaljmnkgaulyrscjp7ldt26x8gfxck5,171940000,
d9153071fee0ccffb73456d567faa8f649fc975d0d16677da5548675729b9b97,2023-12-16T03:42:48.838000,sent,kaspa:qzslgwenzu78t6tldlng383g7ruu4enaljmnkgaulyrscjp7ldt26x8gfxck5,171940000,
f4bcf40a5cd93387ee7dbd8c70a23860bfc81ff22ba9e3e16d2f7e2c3a27a711,2023-12-12T03:01:49.802000,received,kaspa:qypswxtcrv4ssyjaswy5w9387vq73mkuyq85tl34cee6qn5uexqy0csgnafnjx7,171000000,
1eb1737af69df55b9f419cdd655c806012a7c2fdabfe79a90a5a32eca7eea5da,2023-11-28T00:55:48.744000,sent,kaspa:qyph8t9ad8jd6unm5qwfgdy6ayvzstrp6xpr8qm5ttn3pn2fyxwhltgzarrkdd8,18000000,
8097fc7911a72f08399675b0ed43242454e43431aafcbde69e3ffcb2c208bafb,2023-11-27T19:44:25.885000,received,kaspa:qzx39q2av8c4pcf9a2dccc0escyhhy4zx09de3cagwkeme9c325kymvu2sdhq,19000000,
