tx_id,timestamp,direction,peer_address,amount_sompi,cex_label
3c8ff1b56e17baeabbc76daa75c518a3e4e072f7ce68b912fb4ad1b1af38cf9a,2023-12-16T03:22:54.800000,sent,kaspa:qzslgwenzu78t6tldlng383g7ruu4enaljmnkgaulyrscjp7ldt26x8gfxck5,171940000,
3c8ff1b56e17baeabbc76daa75c518a3e4e072f7ce68b912fb4ad1b1af38cf9a,2023-12-16T03:22:54.800000,sent,kaspa:qzslgwenzu78t6tldlng383g7ruu4enaljmnkgaulyrscjp7ldt26x8gfxck5,171940000,
16596055d8d0173dd6608819945bb6c2e140eb6b9023c8056838b85d6bb0b7b7,2023-12-12T06:42:02.979000,received,kaspa:qypswxtcrv4ssyjaswy5w9387vq73mkuyq85tl34cee6qn5uexqy0csgnafnjx7,171000000,
5c773003dba320486c4f63eceab8c18b9b6924b3781c150035181e57aac00687,2023-11-28T07:45:51.935000,sent,kaspa:qypgj33t0sff92aekmukug8rqg9pfqy0xc9xw5p44wnr2hwapg2484q7f7978v6,18000000,
8346df1fc014879909f04c95b3f90d9f888ab8a93d9d3dfc259ab5ca121864fe,2023-11-28T03:00:07.552000,received,kaspa:qzhn0fpgvamcv6yxpr84knuekx80cs79lnen896delml7wpj76rn6mv5d3669,19000000,
