tx_id,timestamp,direction,peer_address,amount_sompi,cex_label
f7de9b70a9dee7229f09a1284fa8bf17112474760eb4f2bf152b6ba20f715624,2024-10-22T04:34:19.419000,sent,kaspa:qzet5gg429mljg9wrfr8cwgt7z257alply2u5da0apnxj2t04j7eyxvrshkmg,1500000000,
f7de9b70a9dee7229f09a1284fa8bf17112474760eb4f2bf152b6ba20f715624,2024-10-22T04:34:19.419000,sent,kaspa:qzet5gg429mljg9wrfr8cwgt7z257alply2u5da0apnxj2t04j7eyxvrshkmg,1500000000,
9ca33cdb06c7a309b9211ced39088aa0e584f7cb572ecd624f63543f13f55690,2024-10-22T04:13:46.773000,received,kaspa:qpgmt2dn8wcqf0436n0kueap7yx82n7raurlj6aqjc3t3wm9y5ssqtg9e4lsm,1374250655,
aaa572ce6f29b50cc560ebf4b7483f851c2cdaa8ec83909a1b8349722b05790b,2024-08-01T16:32:47.821000,sent,kaspa:qq9zagcza4jt76eev9jl5z0nqhe0thcu7js8larktj4sle7lvgnw7sfcewlty,200000000,
ad6e607f5de5cff6aeace8c743183a260a15f97688e97fb7e28e0d11f8315bb8,2024-07-02T05:03:14.803000,received,kaspa:qphtpvnccpwj5yelc2wr6k0gy9fzcukvhp5wf330hpdue87e574hc9a8deey2,458181700,
ad6e607f5de5cff6aeace8c743183a260a15f97688e97fb7e28e0d11f8315bb8,2024-07-02T05:03:14.803000,received,kaspa:qphtpvnccpwj5yelc2wr6k0gy9fzcukvhp5wf330hpdue87e574hc9a8deey2,458181700,
ad6e607f5de5cff6aeace8c743183a260a15f97688e97fb7e28e0d11f8315bb8,2024-07-02T05:03:14.803000,received,kaspa:qphtpvnccpwj5yelc2wr6k0gy9fzcukvhp5wf330hpdue87e574hc9a8deey2,458181700,
