tx_id,timestamp,direction,peer_address,amount_sompi,cex_label
5a7c2a45edda815d49075c334d1d5f43219fb161928966f6391be969f2e19ac9,2024-10-09T19:47:43.193000,received,kaspa:qpgmt2dn8wcqf0436n0kueap7yx82n7raurlj6aqjc3t3wm9y5ssqtg9e4lsm,127327904378,
5a7c2a45edda815d49075c334d1d5f43219fb161928966f6391be969f2e19ac9,2024-10-09T19:47:43.193000,received,kaspa:qpgmt2dn8wcqf0436n0kueap7yx82n7raurlj6aqjc3t3wm9y5ssqtg9e4lsm,127327904378,
5a7c2a45edda815d49075c334d1d5f43219fb161928966f6391be969f2e19ac9,2024-10-09T19:47:43.193000,received,kaspa:qpgmt2dn8wcqf0436n0kueap7yx82n7raurlj6aqjc3t3wm9y5ssqtg9e4lsm,127327904378,
5a7c2a45edda815d49075c334d1d5f43219fb161928966f6391be969f2e19ac9,2024-10-09T19:47:43.193000,received,kaspa:qpgmt2dn8wcqf0436n0kueap7yx82n7raurlj6aqjc3t3wm9y5ssqtg9e4lsm,127327904378,
5a7c2a45edda815d49075c334d1d5f43219fb161928966f6391be969f2e19ac9,2024-10-09T19:47:43.193000,received,kaspa:qpgmt2dn8wcqf0436n0kueap7yx82n7raurlj6aqjc3t3wm9y5ssqtg9e4lsm,127327904378,
5a7c2a45edda815d49075c334d1d5f43219fb161928966f6391be969f2e19ac9,2024-10-09T19:47:43.193000,received,kaspa:qpgmt2dn8wcqf0436n0kueap7yx82n7raurlj6aqjc3t3wm9y5ssqtg9e4lsm,127327904378,
5a7c2a45edda815d49075c334d1d5f43219fb161928966f6391be969f2e19ac9,2024-10-09T19:47:43.193000,received,kaspa:qpgmt2dn8wcqf0436n0kueap7yx82n7raurlj6aqjc3t3wm9y5ssqtg9e4lsm,127327904378,
46397827ef60a22379eb419ad70d724c00617d759933b196b5ab840c3265bd32,2024-08-04T20:18:21.502000,received,kaspa:qq9zagcza4jt76eev9jl5z0nqhe0thcu7js8larktj4sle7lvgnw7sfcewlty,53761361045,
09422ad8c732534edf9e19d69d146361410d9cc739f5b51d6d3b9c70a9022b9d,2024-08-04T19:55:49.366000,received,kaspa:qq9zagcza4jt76eev9jl5z0nqhe0thcu7js8larktj4sle7lvgnw7sfcewlty,998407577,
2a43e9d8764155ee8fd6f4ced7b470a6bc88b03bb1b65f59b9f470bc29de36e1,2024-07-07T19:42:17.459000,sent,kaspa:qqezlex86zhxedd02ece758qh68kxm0fdlze63pevanj9z2vszvg7my2pu9df,10000000000,
2a43e9d8764155ee8fd6f4ced7b470a6bc88b03bb1b65f59b9f470bc29de36e1,2024-07-07T19:42:17.459000,sent,kaspa:qqezlex86zhxedd02ece758qh68kxm0fdlze63pevanj9z2vszvg7my2pu9df,10000000000,
2a43e9d8764155ee8fd6f4ced7b470a6bc88b03bb1b65f59b9f470bc29de36e1,2024-07-07T19:42:17.459000,sent,kaspa:qqezlex86zhxedd02ece758qh68kxm0fdlze63pevanj9z2vszvg7my2pu9df,10000000000,
c0f4f61bf9e30a714c8e4dbbcf67d93df7c7fe4c414b49bccef83787a257c614,2024-03-02T17:55:37.402000,received,kaspa:qq9zagcza4jt76eev9jl5z0nqhe0thcu7js8larktj4sle7lvgnw7sfcewlty,10092077126,
d1ec4e74ba0e5281e29695f00f8b8cca731942fdc95ca47566ba7e6ccf2e9157,2024-03-02T17:53:46.170000,received,kaspa:qq9zagcza4jt76eev9jl5z0nqhe0thcu7js8larktj4sle7lvgnw7sfcewlty,11078197717,
d1ec4e74ba0e5281e29695f00f8b8cca731942fdc95ca47566ba7e6ccf2e9157,2024-03-02T17:53:46.170000,received,kaspa:qq9zagcza4jt76eev9jl5z0nqhe0thcu7js8larktj4sle7lvgnw7sfcewlty,11078197717,
d1ec4e74ba0e5281e29695f00f8b8cca731942fdc95ca47566ba7e6ccf2e9157,2024-03-02T17:53:46.170000,received,kaspa:qq9zagcza4jt76eev9jl5z0nqhe0thcu7js8larktj4sle7lvgnw7sfcewlty,11078197717,
d1ec4e74ba0e5281e29695f00f8b8cca731942fdc95ca47566ba7e6ccf2e9157,2024-03-02T17:53:46.170000,received,kaspa:qq9zagcza4jt76eev9jl5z0nqhe0thcu7js8larktj4sle7lvgnw7sfcewlty,11078197717,
d1ec4e74ba0e5281e29695f00f8b8cca731942fdc95ca47566ba7e6ccf2e9157,2024-03-02T17:53:46.170000,received,kaspa:qq9zagcza4jt76eev9jl5z0nqhe0thcu7js8larktj4sle7lvgnw7sfcewlty,11078197717,
d1ec4e74ba0e5281e29695f00f8b8cca731942fdc95ca47566ba7e6ccf2e9157,2024-03-02T17:53:46.170000,received,kaspa:qq9zagcza4jt76eev9jl5z0nqhe0thcu7js8larktj4sle7lvgnw7sfcewlty,11078197717,
28ff4e6f3a2533b0786310052c4dca5f7caa4510df75632ad10cb0533ae95f61,2024-03-02T10:24:35.965000,received,kaspa:qq9zagcza4jt76eev9jl5z0nqhe0thcu7js8larktj4sle7lvgnw7sfcewlty,197878101951,
28ff4e6f3a2533b0786310052c4dca5f7caa4510df75632ad10cb0533ae95f61,2024-03-02T10:24:35.965000,received,kaspa:qq9zagcza4jt76eev9jl5z0nqhe0thcu7js8larktj4sle7lvgnw7sfcewlty,197878101951,
28ff4e6f3a2533b0786310052c4dca5f7caa4510df75632ad10cb0533ae95f61,2024-03-02T10:24:35.965000,received,kaspa:qq9zagcza4jt76eev9jl5z0nqhe0thcu7js8larktj4sle7lvgnw7sfcewlty,197878101951,
28ff4e6f3a2533b0786310052c4dca5f7caa4510df75632ad10cb0533ae95f61,2024-03-02T10:24:35.965000,received,kaspa:qq9zagcza4jt76eev9jl5z0nqhe0thcu7js8larktj4sle7lvgnw7sfcewlty,197878101951,
28ff4e6f3a2533b0786310052c4dca5f7caa4510df75632ad10cb0533ae95f61,2024-03-02T10:24:35.965000,received,kaspa:qq9zagcza4jt76eev9jl5z0nqhe0thcu7js8larktj4sle7lvgnw7sfcewlty,197878101951,
28ff4e6f3a2533b0786310052c4dca5f7caa4510df75632ad10cb0533ae95f61,2024-03-02T10:24:35.965000,received,kaspa:qq9zagcza4jt76eev9jl5z0nqhe0thcu7js8larktj4sle7lvgnw7sfcewlty,197878101951,
28ff4e6f3a2533b0786310052c4dca5f7caa4510df75632ad10cb0533ae95f61,2024-03-02T10:24:35.965000,received,kaspa:qq9zagcza4jt76eev9jl5z0nqhe0thcu7js8larktj4sle7lvgnw7sfcewlty,197878101951,
28ff4e6f3a2533b0786310052c4dca5f7caa4510df75632ad10cb0533ae95f61,2024-03-02T10:24:35.965000,received,kaspa:qq9zagcza4jt76eev9jl5z0nqhe0thcu7js8larktj4sle7lvgnw7sfcewlty,197878101951,
28ff4e6f3a2533b0786310052c4dca5f7caa4510df75632ad10cb0533ae95f61,2024-03-02T10:24:35.965000,received,kaspa:qq9zagcza4jt76eev9jl5z0nqhe0thcu7js8larktj4sle7lvgnw7sfcewlty,197878101951,
28ff4e6f3a2533b0786310052c4dca5f7caa4510df75632ad10cb0533ae95f61,2024-03-02T10:24:35.965000,received,kaspa:qq9zagcza4jt76eev9jl5z0nqhe0thcu7js8larktj4sle7lvgnw7sfcewlty,197878101951,
28ff4e6f3a2533b0786310052c4dca5f7caa4510df75632ad10cb0533ae95f61,2024-03-02T10:24:35.965000,received,kaspa:qq9zagcza4jt76eev9jl5z0nqhe0thcu7js8larktj4sle7lvgnw7sfcewlty,197878101951,
28ff4e6f3a2533b0786310052c4dca5f7caa4510df75632ad10cb0533ae95f61,2024-03-02T10:24:35.965000,received,kaspa:qq9zagcza4jt76eev9jl5z0nqhe0thcu7js8larktj4sle7lvgnw7sfcewlty,197878101951,
28ff4e6f3a2533b0786310052c4dca5f7caa4510df75632ad10cb0533ae95f61,2024-03-02T10:24:35.965000,received,kaspa:qq9zagcza4jt76eev9jl5z0nqhe0thcu7js8larktj4sle7lvgnw7sfcewlty,197878101951,
28ff4e6f3a2533b0786310052c4dca5f7caa4510df75632ad10cb0533ae95f61,2024-03-02T10:24:35.965000,received,kaspa:qq9zagcza4jt76eev9jl5z0nqhe0thcu7js8larktj4sle7lvgnw7sfcewlty,197878101951,
