tx_id,timestamp,direction,peer_address,amount_sompi,cex_label
b40eebdf0514b1f9d1442fbda445fdd732024cd8edbae71739e49c9601fd4793,2024-02-17T12:25:37.620000,sent,kaspa:qqd463qjk795l7x06el7qjdh4hjtprah8mtnxx8exg8wz43fla4djkghheu25,172980000,
b40eebdf0514b1f9d1442fbda445fdd732024cd8edbae71739e49c9601fd4793,2024-02-17T12:25:37.620000,sent,kaspa:qqd463qjk795l7x06el7qjdh4hjtprah8mtnxx8exg8wz43fla4djkghheu25,172980000,
df6fabda341d42ddcba62a281b83b7d8fa169e46e85b84d36c2edd5e1929c5af,2023-12-12T14:13:45.004000,received,kaspa:qypswxtcrv4ssyjaswy5w9387vq73mkuyq85tl34cee6qn5uexqy0csgnafnjx7,171000000,
7efd8389b1ae76e93a110c7f85b2ca8b5872d13067a217250dce60cd87676837,2023-11-28T21:29:16.413000,sent,kaspa:qypmxxf0vvl4yte5qpearvsj0zcv02pme5jwymf3u6066sa6rjh4qjge693l6a2,18000000,
fec378bc2eb2cefbb668c8b306cd499200903cc4881111334f701a7c8f62908d,2023-11-28T02:43:08.821000,received,kaspa:qyp8vk4us67xk78zu9yc3x4ptl9xff3vg820vvqzx7gec6nk62jl3pgfp3h7hy4,20000000,
