tx_id,timestamp,direction,peer_address,amount_sompi,cex_label
b9ceca0f2f25d68b1f477791163df155df6d53b5b8914be17a592144f8cc99f3,2024-11-18T12:02:21.182000,sent,kaspa:qqnqv3rvnctfyrjteurqm0gmqfu7yjg3949yxpyxxfa4rgm9nt2zxauwq8xvs,795000000000,
b9ceca0f2f25d68b1f477791163df155df6d53b5b8914be17a592144f8cc99f3,2024-11-18T12:02:21.182000,sent,kaspa:qr32v8w2cn7mlw75yfpk3suv3r0l2rjy54u2llgccrc0sgmrfwrxzx2yye9t0,9783328736,
5da4d94eabb26946308588667ae3cd2542346e159b1d872d274685c77e303f02,2024-11-18T12:01:35.681000,received,kaspa:qzgtduqyccg66ms6crgpgnnn802c7drpevy4fsq8069lpzhdwfxhy4079jsrp,199587885208,
5da4d94eabb26946308588667ae3cd2542346e159b1d872d274685c77e303f02,2024-11-18T12:01:35.681000,received,kaspa:qzgtduqyccg66ms6crgpgnnn802c7drpevy4fsq8069lpzhdwfxhy4079jsrp,199587885208,
