tx_id,timestamp,direction,peer_address,amount_sompi,cex_label
3f292ee4c927592a9be656fd96dc03736ea23fe8a6806df22dba5051ee5121f1,2023-12-13T16:26:40.727000,sent,kaspa:qr07nqmmdpwj3lpwacw40dktrzrqekt6ph7fh6n27xytk9v9zlw8ze60jm2mn,171060000,
3f292ee4c927592a9be656fd96dc03736ea23fe8a6806df22dba5051ee5121f1,2023-12-13T16:26:40.727000,sent,kaspa:qr07nqmmdpwj3lpwacw40dktrzrqekt6ph7fh6n27xytk9v9zlw8ze60jm2mn,171060000,
d72f8d07d9feb5a455e85e2d4a053c29359a74bfc4b7c60cc3ac1f40ed6f2498,2023-12-12T01:48:44.369000,received,kaspa:qypswxtcrv4ssyjaswy5w9387vq73mkuyq85tl34cee6qn5uexqy0csgnafnjx7,171000000,
f355a6e25bf4b9ef995b5ca45ae19cd6945b744a96160e1533e34e805306bc28,2023-11-27T18:09:10.577000,sent,kaspa:qyp23agsqxjc9mnvgcr9zjmmtze867rudehvksxj2v48culq9u9rk5gn0cfzq9w,18000000,
f355a6e25bf4b9ef995b5ca45ae19cd6945b744a96160e1533e34e805306bc28,2023-11-27T18:09:10.577000,sent,kaspa:qyp23agsqxjc9mnvgcr9zjmmtze867rudehvksxj2v48culq9u9rk5gn0cfzq9w,18000000,
d475308a86c57c8711855f26a8ae39e83b11f7b274dc477866273e4443c2a469,2023-11-27T18:07:05.982000,received,kaspa:qqdg4lspmdsq90avxk3fqm4sps0qlf0fsl6ussg697hefztghgmzsundznnd9,100000,
8bdbdb89f5d3c13b4dbfddc16c5f9aca5eeb06400971394e7a299ff15f327023,2023-11-27T18:00:34.080000,received,kaspa:qqqggmlxag64me9qfqqa7zakva92mqk8pgpav204ny49x3zhqwxvy47mzl2kq,18000000,
