tx_id,timestamp,direction,peer_address,amount_sompi,cex_label
c03782476453586529f3f7da9b1c5b5e04751182b9960023b981d4142901ae88,2023-11-12T19:18:31.245000,sent,kaspa:qzqxlpmnr66rpmamf55q8hfzdcz82t9yzqrqqe2rv6390d5kgxpujgfwjmn43,2822429521222,
c03782476453586529f3f7da9b1c5b5e04751182b9960023b981d4142901ae88,2023-11-12T19:18:31.245000,sent,kaspa:qzqxlpmnr66rpmamf55q8hfzdcz82t9yzqrqqe2rv6390d5kgxpujgfwjmn43,2822429521222,
92d80f03aeddabbcc9c3d2519cef5bc3790e3ef207f39e2133b2b8b744da46e6,2023-11-12T16:45:54.716000,received,kaspa:qqwvnkp47wsj6n4hkdlgj8dsauyx0xvefunnwvvsmpq2udd0ka8ckmpuqw3k5,759867515757,
92d80f03aeddabbcc9c3d2519cef5bc3790e3ef207f39e2133b2b8b744da46e6,2023-11-12T16:45:54.716000,received,kaspa:qqwvnkp47wsj6n4hkdlgj8dsauyx0xvefunnwvvsmpq2udd0ka8ckmpuqw3k5,759867515757,
92d80f03aeddabbcc9c3d2519cef5bc3790e3ef207f39e2133b2b8b744da46e6,2023-11-12T16:45:54.716000,received,kaspa:qqwvnkp47wsj6n4hkdlgj8dsauyx0xvefunnwvvsmpq2udd0ka8ckmpuqw3k5,759867515757,
92d80f03aeddabbcc9c3d2519cef5bc3790e3ef207f39e2133b2b8b744da46e6,2023-11-12T16:45:54.716000,received,kaspa:qqwvnkp47wsj6n4hkdlgj8dsauyx0xvefunnwvvsmpq2udd0ka8ckmpuqw3k5,759867515757,
d95ff33cd6b021a03510fd8455602817807f4bdebd2f7b59a112bd5a156f1e40,2023-11-04T12:15:14.597000,sent,kaspa:qqwvnkp47wsj6n4hkdlgj8dsauyx0xvefunnwvvsmpq2udd0ka8ckmpuqw3k5,1000000000000,
fcc308b11fdb7a4b044fb86893ae9580fe4c7d637aa87135287168965ee61799,2023-10-20T21:55:18.237000,sent,kaspa:qqwvnkp47wsj6n4hkdlgj8dsauyx0xvefunnwvvsmpq2udd0ka8ckmpuqw3k5,1000000000000,
c3ec7376ce75e7e3202f3c5d07476bb7224002b3a9515e5a05cd79d05aa8fdcd,2023-06-19T11:28:58.539000,received,kaspa:qq7vf0k8equllqjmwxw4jlgygzfszddqav8xlj2pksztj0nc27huwfqa3davq,4062562305465,
c3ec7376ce75e7e3202f3c5d07476bb7224002b3a9515e5a05cd79d05aa8fdcd,2023-06-19T11:28:58.539000,received,kaspa:qq7vf0k8equllqjmwxw4jlgygzfszddqav8xlj2pksztj0nc27huwfqa3davq,4062562305465,
c3ec7376ce75e7e3202f3c5d07476bb7224002b3a9515e5a05cd79d05aa8fdcd,2023-06-19T11:28:58.539000,received,kaspa:qq7vf0k8equllqjmwxw4jlgygzfszddqav8xlj2pksztj0nc27huwfqa3davq,4062562305465,
c3ec7376ce75e7e3202f3c5d07476bb7224002b3a9515e5a05cd79d05aa8fdcd,2023-06-19T11:28:58.539000,received,kaspa:qq7vf0k8equllqjmwxw4jlgygzfszddqav8xlj2pksztj0nc27huwfqa3davq,4062562305465,
c3ec7376ce75e7e3202f3c5d07476bb7224002b3a9515e5a05cd79d05aa8fdcd,2023-06-19T11:28:58.539000,received,kaspa:qq7vf0k8equllqjmwxw4jlgygzfszddqav8xlj2pksztj0nc27huwfqa3davq,4062562305465,
c3ec7376ce75e7e3202f3c5d07476bb7224002b3a9515e5a05cd79d05aa8fdcd,2023-06-19T11:28:58.539000,received,kaspa:qq7vf0k8equllqjmwxw4jlgygzfszddqav8xlj2pksztj0nc27huwfqa3davq,4062562305465,
