tx_id,timestamp,direction,peer_address,amount_sompi,cex_label
f36cfcfade2259bdb9fe931830d6d5d9a492bd8eb0e2ed6c48c7b34171f8a2cc,2025-05-24T12:11:21.095000,sent,kaspa:qrvum29vk365g0zcd5gx3c7h829etfq2ytdmscjzw4zw04fjfnprcg9c3tges,5534970629421,
2ae488563a878d174cbc8f938b941bc4cbc48e7055968498fb415bff04c80817,2025-05-24T11:46:51.936000,received,kaspa:qqccp4vd0emrfzd6yujkd7p5kfg7k23nhya9tv7ade624294st4lgnss2svp9,88467484828,
726a27a0927004f6e1ea1d6fac1c8f58e6b5c1f760d88eef233517462e495bc4,2025-05-20T06:48:04.827000,sent,kaspa:qrvum29vk365g0zcd5gx3c7h829etfq2ytdmscjzw4zw04fjfnprcg9c3tges,3329916529956,
d24b1d6283006a853cbf409defdfdd779449e5888b32a38877780185f4e711bc,2025-05-20T06:27:14.629000,received,kaspa:qr6s0d2elq0asaqeex8rr6mpdy2pm5pgxutszp52uq6rszyw38u8q49v5ad4r,48000000000,
d24b1d6283006a853cbf409defdfdd779449e5888b32a38877780185f4e711bc,2025-05-20T06:27:14.629000,received,kaspa:qza6m3372wk4ums8c3zqvh05qe5ns8ce3z5dee23nw7mgjh0w2a5wwxzgmw6j,48000000000,
d74e1a16c3b9c9dc41c69e7224ca4b3057ed9005d50639c3a90706aa53eed459,2025-05-18T13:56:13.073000,sent,kaspa:qrvum29vk365g0zcd5gx3c7h829etfq2ytdmscjzw4zw04fjfnprcg9c3tges,6321057079723,
9407a06411d9ee278bfbe311526f147017519f437b03442ba9f81845793df7b9,2025-05-18T13:29:31.190000,received,kaspa:qpcg35w3673wm7yr6tq0unvj9r4qvhgnh80as4940nmy3qj80w5ywyct2ndtq,33500000000,
9407a06411d9ee278bfbe311526f147017519f437b03442ba9f81845793df7b9,2025-05-18T13:29:31.190000,received,kaspa:qzzj9q6htexuuw0mmxn6q77amn03wnvwcunznj4qexmysqht4em4y7582tadd,33500000000,
afbc2682f1a65239451508c09b4744bafc7e755e651efd6016dc9eb1e7f1bb1b,2025-05-14T07:22:13.202000,sent,kaspa:qrvum29vk365g0zcd5gx3c7h829etfq2ytdmscjzw4zw04fjfnprcg9c3tges,4163032841781,
dd8dcd0590eab3d355de89012741942c6760c6f5f2109987c503044d35487f64,2025-05-14T07:14:33.918000,received,kaspa:qpqvlgrmsjn8gmyen9tkx7wcnlmtcven7qkyqetwjtj2n0pnyc9yy9a2hk46w,20000000000,
dd8dcd0590eab3d355de89012741942c6760c6f5f2109987c503044d35487f64,2025-05-14T07:14:33.918000,received,kaspa:qp3c70jey6yafjegxsjqm0xdq48jpltvsjltg006m6mn4egx65xl6qmz2c4s9,20000000000,
cd732160ee14a875958b8535cb2138444ee9ade17dc1bf9a5d518804b05563ed,2025-02-16T09:09:59.921000,sent,kaspa:qrvum29vk365g0zcd5gx3c7h829etfq2ytdmscjzw4zw04fjfnprcg9c3tges,20234860962126,
be16294229d13a9590c1c64073f7d49d962c9fb4266992fd1cca7ed2a62360b7,2025-02-15T22:56:22.927000,sent,kaspa:qrvum29vk365g0zcd5gx3c7h829etfq2ytdmscjzw4zw04fjfnprcg9c3tges,10532854899978,
d7285be25b6565cee9f4a23580a339a91dfd85062f0d046352937f05698c4703,2025-02-12T13:09:08.254000,sent,kaspa:qrvum29vk365g0zcd5gx3c7h829etfq2ytdmscjzw4zw04fjfnprcg9c3tges,1408274969691,
d0e2f6476d8281b6a42f51a65c1a10e591104d52ce87b23a94e05478d67903a6,2024-02-24T11:42:38.378000,received,kaspa:qzl4dxtgk8ysg5kvk60greelyfh3gcssknam5r8mt67ervjy8fqwj8ryn7ghn,150000000000,
0cc80d95296d3c7280bde5b46f5ad457038ddf6344337612660a91441eeb98e4,2023-12-31T10:55:49.834000,received,kaspa:qra9gugvuakdsvjfx7ewpwgc30xe6zr37juufacwek0s7sh3fze4z7raum0ps,270000000000,
521e70b8281be9fe583edeba0abd582e7880e0582da0c593d71c21e3eef65098,2023-12-30T02:51:35.821000,received,kaspa:qraut425h4nrwkgql4sg52w39zlcgdxdqdhw5350ltvwvla050glq002qtj0p,19999990000,
