tx_id,timestamp,direction,peer_address,amount_sompi,cex_label
247ade06acb0d7babadf5c8ed40e799a77de61eb5bfb6ef611d6e4b9a348ec71,2023-12-13T00:31:56.032000,sent,kaspa:qqucay7eet20htwzjznry63eajufgv76h3qh00zq022g7t5rl3n57s4mytcgz,170990000,
c6856a53a8b48ca9583e1e30330d3821d53213bf2326cccc00902b050e075f10,2023-12-12T04:04:50.039000,received,kaspa:qypswxtcrv4ssyjaswy5w9387vq73mkuyq85tl34cee6qn5uexqy0csgnafnjx7,171000000,
7d6cb8c7feecf9c0813a6f0212721892a1d1062c56507400615ba51b53172f80,2023-11-28T03:12:27.467000,sent,kaspa:qqucay7eet20htwzjznry63eajufgv76h3qh00zq022g7t5rl3n57s4mytcgz,477410000,
e25ed708c6156ccdfa755fb02c1cb407ef98e95db2433040dd42321d63286322,2023-11-28T02:45:01.282000,sent,kaspa:qypxvhfs5mk9css485djyqz032zd8v4aswnyzr8kw8m67ezrvqhuevgffnpkjdz,18000000,
61ad02549e64cc7a41648a19a12e9444db37a3eb72fcfe5ec26548f2c3d8ec41,2023-11-28T02:17:52.083000,received,kaspa:qr29hwke3fl6snvprgkdu9fx6cx8t0vt70vmcg9fvumltfynhcqxu62ekkuu2,495430000,
