tx_id,timestamp,direction,peer_address,amount_sompi,cex_label
52ea26cc760f77020e3ec6ecc7391a903b1e636ebcaaff38fab188d4519402e0,2023-12-16T03:37:26.826000,sent,kaspa:qzslgwenzu78t6tldlng383g7ruu4enaljmnkgaulyrscjp7ldt26x8gfxck5,171940000,
52ea26cc760f77020e3ec6ecc7391a903b1e636ebcaaff38fab188d4519402e0,2023-12-16T03:37:26.826000,sent,kaspa:qzslgwenzu78t6tldlng383g7ruu4enaljmnkgaulyrscjp7ldt26x8gfxck5,171940000,
2159c64e0e1392fc44c130c5cc5d6f898516cb7ddea8ac5a697b5ed8e4f43509,2023-12-12T00:34:30.917000,received,kaspa:qypswxtcrv4ssyjaswy5w9387vq73mkuyq85tl34cee6qn5uexqy0csgnafnjx7,171000000,
961a91cfe333564dd3c31613c4b54a46bb0231bce047e3258f70d4a36c0e791d,2023-11-27T14:42:34.738000,sent,kaspa:qypzkch4n23pxka9yswm6evc7ksenfpt4yvv6h5tu4dwyh48nrp5q5qp4c2u4jt,18000000,
5259c3d39a3e645d5e2eb77d29b1cbd21a11e927f34d42c344f02839a9a009d8,2023-11-27T11:45:29.924000,received,kaspa:qr4l6ccrnequlsgxdtfmc748wfv0dlcywwh86sweqrn68kve6kptwajp8fk3g,19000000,
