tx_id,timestamp,direction,peer_address,amount_sompi,cex_label
6d83e0da8f92363220e9e48369b09c9597e3e2f1a2fa3f04aabe95e07372c7d9,2023-06-29T19:15:32.046000,sent,kaspa:qrf46klp3ud5d7m4cuxcs6uqmf2jq5emt9dxg2736mgyq40rzp0xvjh9alwyt,199999996780,
6d83e0da8f92363220e9e48369b09c9597e3e2f1a2fa3f04aabe95e07372c7d9,2023-06-29T19:15:32.046000,sent,kaspa:qrkr8qcdhj42awv87ssfcd9vxv6sehp3h0nwg8lnyqsw3fne4r5vwl2tprqnt,458285520000,
d1b1dbc45f1617845e7c3e86b36813f897fc025740f94f71d2d9d26779bf5c52,2023-03-23T14:47:30.107000,received,kaspa:qq835m0vldhn0sm0xz8xlglwfunntjwm9jpvtz9q29g48w0uu0tlx8s8hn5mr,142352820000,
d1b1dbc45f1617845e7c3e86b36813f897fc025740f94f71d2d9d26779bf5c52,2023-03-23T14:47:30.107000,received,kaspa:qqtg7mtxchwrznn33pdk9yyd0tyhm0yv943ju80689d7zr8aw02d5eavtq35h,142352820000,
d1b1dbc45f1617845e7c3e86b36813f897fc025740f94f71d2d9d26779bf5c52,2023-03-23T14:47:30.107000,received,kaspa:qp28phv32q0kvqvhcdnthv49whjce3l993lja4mcvtdpxed36wggsrhy76ucc,142352820000,
