tx_id,timestamp,direction,peer_address,amount_sompi,cex_label
715b50b05045ab178846810a069df08a90edbdbba6e6d2d9cc1b8c7b37db8c34,2024-11-22T06:32:55.312000,sent,kaspa:qrswalc7ex3eejzataqxh33vku8zecppmcw7m4yjmdkkl9gfxhtmu97hws6ms,10000000000000,
715b50b05045ab178846810a069df08a90edbdbba6e6d2d9cc1b8c7b37db8c34,2024-11-22T06:32:55.312000,sent,kaspa:qz2t7cg3yw0kuqpka3kkskdn9tfs5925qtjewxel7mwucvf0tqwujp3ut3cde,10001072666088,
c184b731fadc869a07a60dd9c93dc775834a738919fea853328fc3f7ff2c86be,2024-11-16T03:12:05.598000,received,kaspa:qr95cqh2t26u34727e6l02q3grczy695cyu5tj7wz6lwwrvrw4t36wu744mgx,20000000000000,
c184b731fadc869a07a60dd9c93dc775834a738919fea853328fc3f7ff2c86be,2024-11-16T03:12:05.598000,received,kaspa:qr95cqh2t26u34727e6l02q3grczy695cyu5tj7wz6lwwrvrw4t36wu744mgx,20000000000000,
c184b731fadc869a07a60dd9c93dc775834a738919fea853328fc3f7ff2c86be,2024-11-16T03:12:05.598000,received,kaspa:qr95cqh2t26u34727e6l02q3grczy695cyu5tj7wz6lwwrvrw4t36wu744mgx,20000000000000,
