tx_id,timestamp,direction,peer_address,amount_sompi,cex_label
51d5710e76cf65ffea0b998ddcef3a51209de6b4eeed0e27c6049215d4733b16,2023-12-16T04:55:06.090000,sent,kaspa:qzslgwenzu78t6tldlng383g7ruu4enaljmnkgaulyrscjp7ldt26x8gfxck5,171940000,
51d5710e76cf65ffea0b998ddcef3a51209de6b4eeed0e27c6049215d4733b16,2023-12-16T04:55:06.090000,sent,kaspa:qzslgwenzu78t6tldlng383g7ruu4enaljmnkgaulyrscjp7ldt26x8gfxck5,171940000,
924d4d4e69c29eb52e63eb9a0685d7c46547dc9e682eb7a1aae90a6d3dce316c,2023-12-12T23:50:34.984000,received,kaspa:qypswxtcrv4ssyjaswy5w9387vq73mkuyq85tl34cee6qn5uexqy0csgnafnjx7,171000000,
cc3e75c21b1c8530f071aeaec684e46d51de0267757ede8323b693c04a10b0fe,2023-11-29T15:32:12.164000,sent,kaspa:qypuceluhuq8puex4vwgtaqsejk9wudf2vjlps0y65r7pyj583uy5wqk50ndcfn,18000000,
b8edf4dd2a602419bb89a94272ca881edd2fd82a9c62b0d593a7c0e8873b3f09,2023-11-28T19:21:17.818000,received,kaspa:qzp9y6fa5jhjyjv8njfk8ulj5qp043cv38jy63s4006qymlh7h4wwl4swgrsj,19000000,
