tx_id,timestamp,direction,peer_address,amount_sompi,cex_label
cfcccac899dfb9856f9573b8cfaf9948c2ba163616f3fbd55a352123a59b9365,2023-12-16T05:01:49.788000,sent,kaspa:qzslgwenzu78t6tldlng383g7ruu4enaljmnkgaulyrscjp7ldt26x8gfxck5,171940000,
cfcccac899dfb9856f9573b8cfaf9948c2ba163616f3fbd55a352123a59b9365,2023-12-16T05:01:49.788000,sent,kaspa:qzslgwenzu78t6tldlng383g7ruu4enaljmnkgaulyrscjp7ldt26x8gfxck5,171940000,
c58289e446e321d76152d039874370d3accd4df79f74a8069960e5aee4e43889,2023-12-13T02:23:09.167000,received,kaspa:qypswxtcrv4ssyjaswy5w9387vq73mkuyq85tl34cee6qn5uexqy0csgnafnjx7,171000000,
f2e3589e88965b6cb7d3e5a81b941a96a4c160bcc9f770110ea8f39f1b08c96d,2023-11-29T17:48:22.412000,sent,kaspa:qypv952md8ztwl9mxpdsqvhjkstmmh3exqunqc6vepwmx9s7ct0uy8cemhzzdtg,18000000,
2f86e740b9104b66f4aab637580c857f44352b655e672044e425fc18badced60,2023-11-28T12:29:55.724000,received,kaspa:qr59q6py2mlzhpjhue93cscnwxw8cdpa3edz9qn5g59vp7rfhpancus22ncpe,19000000,
