tx_id,timestamp,direction,peer_address,amount_sompi,cex_label
b0918ff5deb67661d10cb50f6459a171d0d11bfd403246aa906d527dc199d6da,2022-11-16T18:10:09.261000,received,kaspa:qpjunp39ssazf4rzfxxu0hd35xggfxn6lq0ls9u9q6peevzcmcv4xmv9q4njd,371805478000000,
b0918ff5deb67661d10cb50f6459a171d0d11bfd403246aa906d527dc199d6da,2022-11-16T18:10:09.261000,received,kaspa:qpjunp39ssazf4rzfxxu0hd35xggfxn6lq0ls9u9q6peevzcmcv4xmv9q4njd,371805478000000,
b0918ff5deb67661d10cb50f6459a171d0d11bfd403246aa906d527dc199d6da,2022-11-16T18:10:09.261000,received,kaspa:qrslppteyvf9khacudgn0uypcsvj9m2hu2c93dgmnce8lr683me0x2hsdfk38,371805478000000,
b0918ff5deb67661d10cb50f6459a171d0d11bfd403246aa906d527dc199d6da,2022-11-16T18:10:09.261000,received,kaspa:qz4zlx553sh8wa2k0ts85prsjya6cyh4pgp23a8gv7802dfmmg22qps9f4k9q,371805478000000,
b0918ff5deb67661d10cb50f6459a171d0d11bfd403246aa906d527dc199d6da,2022-11-16T18:10:09.261000,received,kaspa:qpjunp39ssazf4rzfxxu0hd35xggfxn6lq0ls9u9q6peevzcmcv4xmv9q4njd,371805478000000,
b0918ff5deb67661d10cb50f6459a171d0d11bfd403246aa906d527dc199d6da,2022-11-16T18:10:09.261000,received,kaspa:qq5gwj22ldqlrmyz0y0txtg9y38063rlnjmdlheawxyr0c58tz9ayu35lvyzz,371805478000000,
b0918ff5deb67661d10cb50f6459a171d0d11bfd403246aa906d527dc199d6da,2022-11-16T18:10:09.261000,received,kaspa:qzxqj5c7ymvjpxdxadpmth0lcpxhp25tv7gck7yl0cwxfjhw35mjy2jc5644c,371805478000000,
b0918ff5deb67661d10cb50f6459a171d0d11bfd403246aa906d527dc199d6da,2022-11-16T18:10:09.261000,received,kaspa:qzjq94m82jfkp8cr3a6my94u88efs7v3t2ds7aq6r9ptv4qhyq4wgv6pvwv7l,371805478000000,
