tx_id,timestamp,direction,peer_address,amount_sompi,cex_label
11e300396af45566ec5415ba0534a8cadb832647d39f09877f43d9fa84f060a6,2023-11-10T08:42:10.720000,sent,kaspa:qpzpfwcsqsxhxwup26r55fd0ghqlhyugz8cp6y3wxuddc02vcxtjg75pspnwz,100000000000000,MEXC
11e300396af45566ec5415ba0534a8cadb832647d39f09877f43d9fa84f060a6,2023-11-10T08:42:10.720000,sent,kaspa:qpjunp39ssazf4rzfxxu0hd35xggfxn6lq0ls9u9q6peevzcmcv4xmv9q4njd,220105038334,
d0aeb586eebae743b9b7bb650fe9fcd23cc53caa8174d54cc55230dfae05d677,2023-11-10T08:40:49.165000,received,kaspa:qqwvnkp47wsj6n4hkdlgj8dsauyx0xvefunnwvvsmpq2udd0ka8ckmpuqw3k5,5626685250000,
09f3f3534d4e199b45931094935ca9b370d4f3c83294bd26a8e0e81a0663adc9,2023-11-09T12:12:37.564000,sent,kaspa:qpzpfwcsqsxhxwup26r55fd0ghqlhyugz8cp6y3wxuddc02vcxtjg75pspnwz,100000000000000,MEXC
09f3f3534d4e199b45931094935ca9b370d4f3c83294bd26a8e0e81a0663adc9,2023-11-09T12:12:37.564000,sent,kaspa:qpjunp39ssazf4rzfxxu0hd35xggfxn6lq0ls9u9q6peevzcmcv4xmv9q4njd,2342706775928,
fc08215fb110f89c048f8b536aabfd8feebda68c7a9e20711f6a1b85289d539f,2023-11-09T09:31:02.857000,received,kaspa:qqwvnkp47wsj6n4hkdlgj8dsauyx0xvefunnwvvsmpq2udd0ka8ckmpuqw3k5,2895851350000,
974494a04d66c5f814fd862937afb22a0cc504ea2bdf8954904c2a8db7aacbde,2023-10-31T06:37:34.665000,sent,kaspa:qpjunp39ssazf4rzfxxu0hd35xggfxn6lq0ls9u9q6peevzcmcv4xmv9q4njd,89299325346169,
974494a04d66c5f814fd862937afb22a0cc504ea2bdf8954904c2a8db7aacbde,2023-10-31T06:37:34.665000,sent,kaspa:qpjunp39ssazf4rzfxxu0hd35xggfxn6lq0ls9u9q6peevzcmcv4xmv9q4njd,89299325346169,
76e1eb9ec2f192742748eeca605e3dc93b1cbb0be6629d53ecb1a32e9245958a,2023-10-31T06:30:25.978000,received,kaspa:qqwvnkp47wsj6n4hkdlgj8dsauyx0xvefunnwvvsmpq2udd0ka8ckmpuqw3k5,4195726251926,
31d8e8bc46392296f9e302d448f4e05e548e8f3989feca155a292d93f3086f3d,2023-10-31T06:17:59.056000,sent,kaspa:qpzpfwcsqsxhxwup26r55fd0ghqlhyugz8cp6y3wxuddc02vcxtjg75pspnwz,100000000000000,MEXC
31d8e8bc46392296f9e302d448f4e05e548e8f3989feca155a292d93f3086f3d,2023-10-31T06:17:59.056000,sent,kaspa:qpjunp39ssazf4rzfxxu0hd35xggfxn6lq0ls9u9q6peevzcmcv4xmv9q4njd,9119883365242,
1e5b40b6fab918ab705f0917000c2bac78ff82b087cac90c397426eff7ba5a85,2023-10-31T05:42:37.770000,received,kaspa:qqwvnkp47wsj6n4hkdlgj8dsauyx0xvefunnwvvsmpq2udd0ka8ckmpuqw3k5,6148884813237,
2aa1fd6d8b15bf6143f98115e9b5aae50f62d28bc575813244516a649c67d2f9,2023-10-31T05:25:17.359000,received,kaspa:qqwvnkp47wsj6n4hkdlgj8dsauyx0xvefunnwvvsmpq2udd0ka8ckmpuqw3k5,12219982525242,
6213e3288574b255d9d1d59e9cc037d94f05ff23ca163456a896128b1b543840,2023-10-23T19:27:13.580000,sent,kaspa:qpzpfwcsqsxhxwup26r55fd0ghqlhyugz8cp6y3wxuddc02vcxtjg75pspnwz,100000000000000,MEXC
6213e3288574b255d9d1d59e9cc037d94f05ff23ca163456a896128b1b543840,2023-10-23T19:27:13.580000,sent,kaspa:qpjunp39ssazf4rzfxxu0hd35xggfxn6lq0ls9u9q6peevzcmcv4xmv9q4njd,1274843217651,
83e3e7ffa49067342c9dc238bc09c763774a33d33585cd7979ec718a124bec6f,2023-10-23T14:06:56.558000,sent,kaspa:qpzpfwcsqsxhxwup26r55fd0ghqlhyugz8cp6y3wxuddc02vcxtjg75pspnwz,100000000000000,MEXC
83e3e7ffa49067342c9dc238bc09c763774a33d33585cd7979ec718a124bec6f,2023-10-23T14:06:56.558000,sent,kaspa:qpjunp39ssazf4rzfxxu0hd35xggfxn6lq0ls9u9q6peevzcmcv4xmv9q4njd,3143892350046,
c4f064819aa50df888211a1583b73ae12b6533089a6d51ceffc04829016fbb96,2023-10-07T05:24:57.931000,received,kaspa:qqwvnkp47wsj6n4hkdlgj8dsauyx0xvefunnwvvsmpq2udd0ka8ckmpuqw3k5,2645990819968,
f7dd58de6ab14664b739de1eabd90ea0d403d924f9ccb5dfc9bd92218350003c,2023-09-26T11:54:36.178000,received,kaspa:qqwvnkp47wsj6n4hkdlgj8dsauyx0xvefunnwvvsmpq2udd0ka8ckmpuqw3k5,8592474974814,
f7dd58de6ab14664b739de1eabd90ea0d403d924f9ccb5dfc9bd92218350003c,2023-09-26T11:54:36.178000,received,kaspa:qqwvnkp47wsj6n4hkdlgj8dsauyx0xvefunnwvvsmpq2udd0ka8ckmpuqw3k5,8592474974814,
f7dd58de6ab14664b739de1eabd90ea0d403d924f9ccb5dfc9bd92218350003c,2023-09-26T11:54:36.178000,received,kaspa:qqwvnkp47wsj6n4hkdlgj8dsauyx0xvefunnwvvsmpq2udd0ka8ckmpuqw3k5,8592474974814,
f7dd58de6ab14664b739de1eabd90ea0d403d924f9ccb5dfc9bd92218350003c,2023-09-26T11:54:36.178000,received,kaspa:qqwvnkp47wsj6n4hkdlgj8dsauyx0xvefunnwvvsmpq2udd0ka8ckmpuqw3k5,8592474974814,
f7dd58de6ab14664b739de1eabd90ea0d403d924f9ccb5dfc9bd92218350003c,2023-09-26T11:54:36.178000,received,kaspa:qqwvnkp47wsj6n4hkdlgj8dsauyx0xvefunnwvvsmpq2udd0ka8ckmpuqw3k5,8592474974814,
f7dd58de6ab14664b739de1eabd90ea0d403d924f9ccb5dfc9bd92218350003c,2023-09-26T11:54:36.178000,received,kaspa:qqwvnkp47wsj6n4hkdlgj8dsauyx0xvefunnwvvsmpq2udd0ka8ckmpuqw3k5,8592474974814,
f7dd58de6ab14664b739de1eabd90ea0d403d924f9ccb5dfc9bd92218350003c,2023-09-26T11:54:36.178000,received,kaspa:qqwvnkp47wsj6n4hkdlgj8dsauyx0xvefunnwvvsmpq2udd0ka8ckmpuqw3k5,8592474974814,
f7dd58de6ab14664b739de1eabd90ea0d403d924f9ccb5dfc9bd92218350003c,2023-09-26T11:54:36.178000,received,kaspa:qqwvnkp47wsj6n4hkdlgj8dsauyx0xvefunnwvvsmpq2udd0ka8ckmpuqw3k5,8592474974814,
047798a09f80f60f4234ba5bf6fb397bda98d167c70c45bcf6f4878ad35c14ce,2023-09-07T07:00:54.670000,sent,kaspa:qpjunp39ssazf4rzfxxu0hd35xggfxn6lq0ls9u9q6peevzcmcv4xmv9q4njd,477551998218788,
1e2e52b7e161871156caf636400ad869322de28f947ac8fcb1c9a985f8027c32,2023-09-07T06:41:33.202000,received,kaspa:qqwvnkp47wsj6n4hkdlgj8dsauyx0xvefunnwvvsmpq2udd0ka8ckmpuqw3k5,12403525222869,
0e42c889b813077bf043e1fa5422d5cdaa2f1f24daa4218399522d93940e639d,2023-08-24T08:40:52.882000,sent,kaspa:qpjunp39ssazf4rzfxxu0hd35xggfxn6lq0ls9u9q6peevzcmcv4xmv9q4njd,484796305570702,
af240e981582894596c9594fa850d9d47ace3a35fdc694b5fc1fa29cade33c43,2023-08-24T08:16:58.846000,received,kaspa:qqwvnkp47wsj6n4hkdlgj8dsauyx0xvefunnwvvsmpq2udd0ka8ckmpuqw3k5,26590954163082,
88d69bfb78569c4b0ee851f52bdf73193c76530d4827a022ae9c5a6bfdffd935,2023-08-23T16:45:57.345000,sent,kaspa:qpjunp39ssazf4rzfxxu0hd35xggfxn6lq0ls9u9q6peevzcmcv4xmv9q4njd,350791078773793,
5f29539a4113d322bd3860c4fda872faad3ee7cd555b22dae09d432c8d89f309,2023-08-23T16:40:58.006000,sent,kaspa:qpjunp39ssazf4rzfxxu0hd35xggfxn6lq0ls9u9q6peevzcmcv4xmv9q4njd,107892247484532,
c81ac13ad30f5e9fae43f5558be24631bfe97867ea1ae9dc73d1c94c14f1cb31,2023-08-23T16:40:58.006000,sent,kaspa:qpjunp39ssazf4rzfxxu0hd35xggfxn6lq0ls9u9q6peevzcmcv4xmv9q4njd,395965687943019,
ee6f38ea055229871f40f61f7bc7364ccc26e0395ca35f41d59c25e904d572bd,2023-08-23T16:10:54.200000,sent,kaspa:qpzpfwcsqsxhxwup26r55fd0ghqlhyugz8cp6y3wxuddc02vcxtjg75pspnwz,500000000000000,MEXC
ee6f38ea055229871f40f61f7bc7364ccc26e0395ca35f41d59c25e904d572bd,2023-08-23T16:10:54.200000,sent,kaspa:qpjunp39ssazf4rzfxxu0hd35xggfxn6lq0ls9u9q6peevzcmcv4xmv9q4njd,6334406276193,
40f335f23ac255b07256b6ea152dda470e6d274994135281db44ce49e315633c,2023-08-23T15:56:03.617000,sent,kaspa:qpzpfwcsqsxhxwup26r55fd0ghqlhyugz8cp6y3wxuddc02vcxtjg75pspnwz,500000000000000,MEXC
40f335f23ac255b07256b6ea152dda470e6d274994135281db44ce49e315633c,2023-08-23T15:56:03.617000,sent,kaspa:qpjunp39ssazf4rzfxxu0hd35xggfxn6lq0ls9u9q6peevzcmcv4xmv9q4njd,4394143259381,
1095e8a0d30066c0671f46fab843e47bf30ee158ae07886cac18294faf4f19cd,2023-08-23T15:36:13.401000,sent,kaspa:qpzpfwcsqsxhxwup26r55fd0ghqlhyugz8cp6y3wxuddc02vcxtjg75pspnwz,500000000000000,MEXC
1095e8a0d30066c0671f46fab843e47bf30ee158ae07886cac18294faf4f19cd,2023-08-23T15:36:13.401000,sent,kaspa:qpjunp39ssazf4rzfxxu0hd35xggfxn6lq0ls9u9q6peevzcmcv4xmv9q4njd,3014885600999,
9d951c67661415ebd95e7ad323cf6aaf0201df5e8f389c0819d84c611484fbbd,2023-08-23T15:05:52.524000,sent,kaspa:qpzpfwcsqsxhxwup26r55fd0ghqlhyugz8cp6y3wxuddc02vcxtjg75pspnwz,500000000000000,MEXC
9d951c67661415ebd95e7ad323cf6aaf0201df5e8f389c0819d84c611484fbbd,2023-08-23T15:05:52.524000,sent,kaspa:qpjunp39ssazf4rzfxxu0hd35xggfxn6lq0ls9u9q6peevzcmcv4xmv9q4njd,5077710101055,
fc43e9309ea0a59c3792e72b85c5d9de739d5c61a56ccd271f6db2e632ccce92,2023-08-23T04:37:04.312000,received,kaspa:qqwvnkp47wsj6n4hkdlgj8dsauyx0xvefunnwvvsmpq2udd0ka8ckmpuqw3k5,10371511875064,
1d188499e85cd3c341cca666d508a767cd1dcdd172e97e33d2a765d5058606d5,2023-08-15T03:57:10.306000,received,kaspa:qqwvnkp47wsj6n4hkdlgj8dsauyx0xvefunnwvvsmpq2udd0ka8ckmpuqw3k5,7394264448056,
1d188499e85cd3c341cca666d508a767cd1dcdd172e97e33d2a765d5058606d5,2023-08-15T03:57:10.306000,received,kaspa:qqwvnkp47wsj6n4hkdlgj8dsauyx0xvefunnwvvsmpq2udd0ka8ckmpuqw3k5,7394264448056,
1d188499e85cd3c341cca666d508a767cd1dcdd172e97e33d2a765d5058606d5,2023-08-15T03:57:10.306000,received,kaspa:qqwvnkp47wsj6n4hkdlgj8dsauyx0xvefunnwvvsmpq2udd0ka8ckmpuqw3k5,7394264448056,
1d188499e85cd3c341cca666d508a767cd1dcdd172e97e33d2a765d5058606d5,2023-08-15T03:57:10.306000,received,kaspa:qqwvnkp47wsj6n4hkdlgj8dsauyx0xvefunnwvvsmpq2udd0ka8ckmpuqw3k5,7394264448056,
183e029fa98446f45b776e4aaacc9adb5fba732ebad5932247e61311805bc370,2023-08-10T22:35:36.561000,received,kaspa:qqwvnkp47wsj6n4hkdlgj8dsauyx0xvefunnwvvsmpq2udd0ka8ckmpuqw3k5,6831125995958,
183e029fa98446f45b776e4aaacc9adb5fba732ebad5932247e61311805bc370,2023-08-10T22:35:36.561000,received,kaspa:qqwvnkp47wsj6n4hkdlgj8dsauyx0xvefunnwvvsmpq2udd0ka8ckmpuqw3k5,6831125995958,
183e029fa98446f45b776e4aaacc9adb5fba732ebad5932247e61311805bc370,2023-08-10T22:35:36.561000,received,kaspa:qqwvnkp47wsj6n4hkdlgj8dsauyx0xvefunnwvvsmpq2udd0ka8ckmpuqw3k5,6831125995958,
183e029fa98446f45b776e4aaacc9adb5fba732ebad5932247e61311805bc370,2023-08-10T22:35:36.561000,received,kaspa:qqwvnkp47wsj6n4hkdlgj8dsauyx0xvefunnwvvsmpq2udd0ka8ckmpuqw3k5,6831125995958,
e30a7ad2588580a09598b90133dfe28cfd3bc2054a0cd021e55d6e484cde58ab,2023-08-10T02:09:23.148000,received,kaspa:qqwvnkp47wsj6n4hkdlgj8dsauyx0xvefunnwvvsmpq2udd0ka8ckmpuqw3k5,3988817939094,
e30a7ad2588580a09598b90133dfe28cfd3bc2054a0cd021e55d6e484cde58ab,2023-08-10T02:09:23.148000,received,kaspa:qqwvnkp47wsj6n4hkdlgj8dsauyx0xvefunnwvvsmpq2udd0ka8ckmpuqw3k5,3988817939094,
e30a7ad2588580a09598b90133dfe28cfd3bc2054a0cd021e55d6e484cde58ab,2023-08-10T02:09:23.148000,received,kaspa:qqwvnkp47wsj6n4hkdlgj8dsauyx0xvefunnwvvsmpq2udd0ka8ckmpuqw3k5,3988817939094,
e30a7ad2588580a09598b90133dfe28cfd3bc2054a0cd021e55d6e484cde58ab,2023-08-10T02:09:23.148000,received,kaspa:qqwvnkp47wsj6n4hkdlgj8dsauyx0xvefunnwvvsmpq2udd0ka8ckmpuqw3k5,3988817939094,
e30a7ad2588580a09598b90133dfe28cfd3bc2054a0cd021e55d6e484cde58ab,2023-08-10T02:09:23.148000,received,kaspa:qqwvnkp47wsj6n4hkdlgj8dsauyx0xvefunnwvvsmpq2udd0ka8ckmpuqw3k5,3988817939094,
e30a7ad2588580a09598b90133dfe28cfd3bc2054a0cd021e55d6e484cde58ab,2023-08-10T02:09:23.148000,received,kaspa:qqwvnkp47wsj6n4hkdlgj8dsauyx0xvefunnwvvsmpq2udd0ka8ckmpuqw3k5,3988817939094,
d72285e48404ea0b161ee18da30b09972ddaf3ed7bedac4a9822c65865bb7f83,2023-08-07T23:14:11.180000,received,kaspa:qqwvnkp47wsj6n4hkdlgj8dsauyx0xvefunnwvvsmpq2udd0ka8ckmpuqw3k5,4157282331357,
d72285e48404ea0b161ee18da30b09972ddaf3ed7bedac4a9822c65865bb7f83,2023-08-07T23:14:11.180000,received,kaspa:qqwvnkp47wsj6n4hkdlgj8dsauyx0xvefunnwvvsmpq2udd0ka8ckmpuqw3k5,4157282331357,
d72285e48404ea0b161ee18da30b09972ddaf3ed7bedac4a9822c65865bb7f83,2023-08-07T23:14:11.180000,received,kaspa:qqwvnkp47wsj6n4hkdlgj8dsauyx0xvefunnwvvsmpq2udd0ka8ckmpuqw3k5,4157282331357,
d72285e48404ea0b161ee18da30b09972ddaf3ed7bedac4a9822c65865bb7f83,2023-08-07T23:14:11.180000,received,kaspa:qqwvnkp47wsj6n4hkdlgj8dsauyx0xvefunnwvvsmpq2udd0ka8ckmpuqw3k5,4157282331357,
d72285e48404ea0b161ee18da30b09972ddaf3ed7bedac4a9822c65865bb7f83,2023-08-07T23:14:11.180000,received,kaspa:qqwvnkp47wsj6n4hkdlgj8dsauyx0xvefunnwvvsmpq2udd0ka8ckmpuqw3k5,4157282331357,
d72285e48404ea0b161ee18da30b09972ddaf3ed7bedac4a9822c65865bb7f83,2023-08-07T23:14:11.180000,received,kaspa:qqwvnkp47wsj6n4hkdlgj8dsauyx0xvefunnwvvsmpq2udd0ka8ckmpuqw3k5,4157282331357,
88f4330e5ac95f35d2b1aa665f442cc8cac70ed7e81f6f2b73551dcb154d6a12,2023-08-06T17:42:56.975000,received,kaspa:qqwvnkp47wsj6n4hkdlgj8dsauyx0xvefunnwvvsmpq2udd0ka8ckmpuqw3k5,4231406427647,
a0c568a4a7697da237c12f4b44c0b520e8e8f78a0aefc9fd483c141b91bf6a03,2023-08-03T13:40:05.315000,received,kaspa:qqwvnkp47wsj6n4hkdlgj8dsauyx0xvefunnwvvsmpq2udd0ka8ckmpuqw3k5,9068814748728,
a0c568a4a7697da237c12f4b44c0b520e8e8f78a0aefc9fd483c141b91bf6a03,2023-08-03T13:40:05.315000,received,kaspa:qqwvnkp47wsj6n4hkdlgj8dsauyx0xvefunnwvvsmpq2udd0ka8ckmpuqw3k5,9068814748728,
a0c568a4a7697da237c12f4b44c0b520e8e8f78a0aefc9fd483c141b91bf6a03,2023-08-03T13:40:05.315000,received,kaspa:qqwvnkp47wsj6n4hkdlgj8dsauyx0xvefunnwvvsmpq2udd0ka8ckmpuqw3k5,9068814748728,
a0c568a4a7697da237c12f4b44c0b520e8e8f78a0aefc9fd483c141b91bf6a03,2023-08-03T13:40:05.315000,received,kaspa:qqwvnkp47wsj6n4hkdlgj8dsauyx0xvefunnwvvsmpq2udd0ka8ckmpuqw3k5,9068814748728,
a0c568a4a7697da237c12f4b44c0b520e8e8f78a0aefc9fd483c141b91bf6a03,2023-08-03T13:40:05.315000,received,kaspa:qqwvnkp47wsj6n4hkdlgj8dsauyx0xvefunnwvvsmpq2udd0ka8ckmpuqw3k5,9068814748728,
a0c568a4a7697da237c12f4b44c0b520e8e8f78a0aefc9fd483c141b91bf6a03,2023-08-03T13:40:05.315000,received,kaspa:qqwvnkp47wsj6n4hkdlgj8dsauyx0xvefunnwvvsmpq2udd0ka8ckmpuqw3k5,9068814748728,
a0c568a4a7697da237c12f4b44c0b520e8e8f78a0aefc9fd483c141b91bf6a03,2023-08-03T13:40:05.315000,received,kaspa:qqwvnkp47wsj6n4hkdlgj8dsauyx0xvefunnwvvsmpq2udd0ka8ckmpuqw3k5,9068814748728,
a0c568a4a7697da237c12f4b44c0b520e8e8f78a0aefc9fd483c141b91bf6a03,2023-08-03T13:40:05.315000,received,kaspa:qqwvnkp47wsj6n4hkdlgj8dsauyx0xvefunnwvvsmpq2udd0ka8ckmpuqw3k5,9068814748728,
abafa31faa16a1942a236764bf4a7b28966fbdd5f41bf8054dc0e3c85dc9650c,2023-08-02T08:11:21.682000,sent,kaspa:qpzpfwcsqsxhxwup26r55fd0ghqlhyugz8cp6y3wxuddc02vcxtjg75pspnwz,200000000000000,MEXC
abafa31faa16a1942a236764bf4a7b28966fbdd5f41bf8054dc0e3c85dc9650c,2023-08-02T08:11:21.682000,sent,kaspa:qpjunp39ssazf4rzfxxu0hd35xggfxn6lq0ls9u9q6peevzcmcv4xmv9q4njd,39995602358,
8907eae4217f27af5efcd0c901c1d2dd8c9efdcaf9818e89319c52ab9cf77def,2023-08-02T07:12:59.756000,received,kaspa:qqwvnkp47wsj6n4hkdlgj8dsauyx0xvefunnwvvsmpq2udd0ka8ckmpuqw3k5,12517874053788,
fa97efea31fb393aa1c2580c2f4ceadcb928dfde3d405ddd8a7c6fcb8cb850dc,2023-07-26T03:36:00.243000,sent,kaspa:qpzpfwcsqsxhxwup26r55fd0ghqlhyugz8cp6y3wxuddc02vcxtjg75pspnwz,200000000000000,MEXC
fa97efea31fb393aa1c2580c2f4ceadcb928dfde3d405ddd8a7c6fcb8cb850dc,2023-07-26T03:36:00.243000,sent,kaspa:qpjunp39ssazf4rzfxxu0hd35xggfxn6lq0ls9u9q6peevzcmcv4xmv9q4njd,115424662774,
5b688fa632915778f3bdece9bf7949f31d2afaedf7e9fb70e932b9fe35d2c488,2023-07-26T03:18:22.161000,received,kaspa:qqwvnkp47wsj6n4hkdlgj8dsauyx0xvefunnwvvsmpq2udd0ka8ckmpuqw3k5,11120103394465,
