tx_id,timestamp,direction,peer_address,amount_sompi,cex_label
a1b146b6dcd942cb449613e1f556c12284f16cb4360405537b8fa8bdf136aa31,2023-12-16T02:32:41.381000,sent,kaspa:qzslgwenzu78t6tldlng383g7ruu4enaljmnkgaulyrscjp7ldt26x8gfxck5,171940000,
a1b146b6dcd942cb449613e1f556c12284f16cb4360405537b8fa8bdf136aa31,2023-12-16T02:32:41.381000,sent,kaspa:qzslgwenzu78t6tldlng383g7ruu4enaljmnkgaulyrscjp7ldt26x8gfxck5,171940000,
835c2ebc092a06e4a610bf9f5984e046ad2ee434827279bd8556129039161a51,2023-12-12T04:18:01.004000,received,kaspa:qypswxtcrv4ssyjaswy5w9387vq73mkuyq85tl34cee6qn5uexqy0csgnafnjx7,171000000,
1233987d011523277648ab469c7409619025bab9edba775662b01843dc71b953,2023-11-28T03:28:55.738000,sent,kaspa:qyp9me0xuungp3g9za3ajcz3cdtf24jeqnc8t0n9qr5pz3lqpht3dtcf7fkdwsh,18000000,
7f126147b9a6dac60d37237d756ef78d7f071896648c3bbbce19a450f879b57d,2023-11-27T12:29:46.096000,received,kaspa:qzfhng7k890n0fpqrslnjzdayz6uqaljmh9adqymkw4qefte587s27k3n95kl,19000000,
