tx_id,timestamp,direction,peer_address,amount_sompi,cex_label
8fe83bfa99ff3cb5dda258056fb0205c69c80bc64c124556199e88f4292965ce,2023-12-12T08:41:09.087000,sent,kaspa:qp92sksuw950mlmvgewt8hufgwwnrr2n9y27l9p9cp8626n4t6jq7jxgwcntr,171070000,
8fe83bfa99ff3cb5dda258056fb0205c69c80bc64c124556199e88f4292965ce,2023-12-12T08:41:09.087000,sent,kaspa:qp92sksuw950mlmvgewt8hufgwwnrr2n9y27l9p9cp8626n4t6jq7jxgwcntr,171070000,
138f17972462b08a27b7ff310dbd909df7a4b1aaaa0ed447200974f4e1562203,2023-12-12T07:45:27.019000,received,kaspa:qypswxtcrv4ssyjaswy5w9387vq73mkuyq85tl34cee6qn5uexqy0csgnafnjx7,171000000,
2b2b269a6cc6bcc649eac784fbdfcf3d414ec4a1ce2f0d6e47d6fd7668f24aef,2023-11-28T09:46:42.043000,sent,kaspa:qypfq6e0agaj5x50dzcjxk78wplqtsx02jqxnjj3apann7d5sknptwgna7n6877,18000000,
97d9a32e439cd57787f6bf99901381a39b00b9f2216cea616a3c3ca1fbee4a15,2023-11-28T06:25:34.918000,received,kaspa:qp8re40yyplt56z9rshzq8j8s2q7zuj4utcsmt6cc9gp6nnm2xntzmwwdy84c,18100000,
