tx_id,timestamp,direction,peer_address,amount_sompi,cex_label
e8a7681bf91d13a94cfee567d405bafb4bedf00fd9718eb5cdbbe8565a13935e,2024-07-12T17:31:51.658000,sent,kaspa:qyp5pawf5he9gyf7tltfmvgu7ejczd26h4ecdnd5hu2uzhnfy953nngjvhawjzc,2495000000000,
e8a7681bf91d13a94cfee567d405bafb4bedf00fd9718eb5cdbbe8565a13935e,2024-07-12T17:31:51.658000,sent,kaspa:qzu5sz97ntguncvpkm5ua3f64p99xwcd0u43qtzwxa38h48xgjd45cmc9h6my,48797794302,
1d017c72a16254306d9aec2bfba9309ab56167bc8ac39df2a2d5d6e07c3ac933,2023-12-23T21:04:35.174000,received,kaspa:qpkh97wu7kp9gmky3tvkyaamkej3vlkth2mjljfe5jvfchsdjujjypuf55h6h,814977803288,
1d017c72a16254306d9aec2bfba9309ab56167bc8ac39df2a2d5d6e07c3ac933,2023-12-23T21:04:35.174000,received,kaspa:qzzj7xdlx6ayrh8w675k988gnymm4mqtdhj6tfx05ldrx37uu27gxg32qlvra,814977803288,
1d017c72a16254306d9aec2bfba9309ab56167bc8ac39df2a2d5d6e07c3ac933,2023-12-23T21:04:35.174000,received,kaspa:qratrd9292pl6ltuj9wkh30puf98s0z4zuegluuhsplaeg8mlraaulfkqvj48,814977803288,
1d017c72a16254306d9aec2bfba9309ab56167bc8ac39df2a2d5d6e07c3ac933,2023-12-23T21:04:35.174000,received,kaspa:qr7axr32j8nqy93j9sc68xvu5a7rr8tmkvyshqc6q95yw7xdlh8jurntfw037,814977803288,
1d017c72a16254306d9aec2bfba9309ab56167bc8ac39df2a2d5d6e07c3ac933,2023-12-23T21:04:35.174000,received,kaspa:qr286ytsr2xdmt8s57sgfm9v8xd856rp5xrhvjsrwwlh4sheeukj7mzwta2mk,814977803288,
1d017c72a16254306d9aec2bfba9309ab56167bc8ac39df2a2d5d6e07c3ac933,2023-12-23T21:04:35.174000,received,kaspa:qrnzl3kmlq7k0n7a9q7zmgpyzpd4m94kjr6y8nezh5kxkf6s3v5rwuxct7uvv,814977803288,
1d017c72a16254306d9aec2bfba9309ab56167bc8ac39df2a2d5d6e07c3ac933,2023-12-23T21:04:35.174000,received,kaspa:qqp8y8wkxfapv8wv5p492ajvvjm9qvrgxgxx6mz7yz0uf26j64nc5hkd8gqnt,814977803288,
1d017c72a16254306d9aec2bfba9309ab56167bc8ac39df2a2d5d6e07c3ac933,2023-12-23T21:04:35.174000,received,kaspa:qpl4l3f0x9crywgmrsq09f9lrunwn6rpz6fqpczphaqqhmmu62wuc3uqlz4hw,814977803288,
1d017c72a16254306d9aec2bfba9309ab56167bc8ac39df2a2d5d6e07c3ac933,2023-12-23T21:04:35.174000,received,kaspa:qra89958qgljukm64dahq299j8q2mvuhstegxuqjm0ztpsetf07qkx2l68jn2,814977803288,
1d017c72a16254306d9aec2bfba9309ab56167bc8ac39df2a2d5d6e07c3ac933,2023-12-23T21:04:35.174000,received,kaspa:qp02euwg3u426uegr4cdfnsqctk5wxx9809qkhfpcc4hfkxuy2p5j2x0csqty,814977803288,
1d017c72a16254306d9aec2bfba9309ab56167bc8ac39df2a2d5d6e07c3ac933,2023-12-23T21:04:35.174000,received,kaspa:qrvlxfwgkg4dmgh9ztmzqrl40us5urq6vcehejp48s68eqecx53lz270admvv,814977803288,
