tx_id,timestamp,direction,peer_address,amount_sompi,cex_label
1b4d5f01569a5d43a855064d7dbe9acdad99e08a9463a99cc65bcc91ed8ec3a8,2023-12-16T04:20:46.134000,sent,kaspa:qzslgwenzu78t6tldlng383g7ruu4enaljmnkgaulyrscjp7ldt26x8gfxck5,171940000,
1b4d5f01569a5d43a855064d7dbe9acdad99e08a9463a99cc65bcc91ed8ec3a8,2023-12-16T04:20:46.134000,sent,kaspa:qzslgwenzu78t6tldlng383g7ruu4enaljmnkgaulyrscjp7ldt26x8gfxck5,171940000,
9f365495d4e558e5405d254f2577b5891dfecbe1764b21898f766dca57883c75,2023-12-12T09:56:06.695000,received,kaspa:qypswxtcrv4ssyjaswy5w9387vq73mkuyq85tl34cee6qn5uexqy0csgnafnjx7,171000000,
83cb1e19482d7f90d11f7f2176371f9b028b849937788604ba932f6bcf751bf9,2023-11-28T14:02:34.935000,sent,kaspa:qyp47rp2jf8gc9khkgk7x3nlls58vm99d2lms72dea70mmf9rw3rlcsnwmzfnpz,18000000,
c6bb3f94032c64691b1dfb90434a3965886c93ab88557fc5ed824bfd337aae95,2023-11-27T06:22:56.117000,received,kaspa:qpt4rs4dse5l4ane0e0tv6nc2m9eu9gd33t5rkm6dtu8dpvxatuajce59z4ea,19000000,
