tx_id,timestamp,direction,peer_address,amount_sompi,cex_label
1d03db0d8784d5b2f0ba5c36c59f75bdbf36093f669cf5cddc1124ab981a5620,2024-02-17T10:37:59.855000,sent,kaspa:qqsslpr5gst3y2s87k402r9yt7ajmak63vkgmathj8ys5qx4273jg40nngrd2,172980000,
1d03db0d8784d5b2f0ba5c36c59f75bdbf36093f669cf5cddc1124ab981a5620,2024-02-17T10:37:59.855000,sent,kaspa:qqsslpr5gst3y2s87k402r9yt7ajmak63vkgmathj8ys5qx4273jg40nngrd2,172980000,
33de01c95cbaedd939c6c76e252472eca8a055846ce2ae42be52abb23fcc2b44,2023-12-13T05:32:15.222000,received,kaspa:qypswxtcrv4ssyjaswy5w9387vq73mkuyq85tl34cee6qn5uexqy0csgnafnjx7,171000000,
d9b62c2a3b8721c5abad3d74a50ab4fed04c4acfa37a0ca337a6527409a9e317,2023-11-29T21:30:42.821000,sent,kaspa:qypln9knxexhylxmf3p5g2s00zlxgaaz58ewglkzj5ky8vf55thrgwqfumzfh5t,18000000,
268cbf0b72bce3b15f97905461e7e698cebe439183a6e2353900874f994d1c31,2023-11-26T19:02:29.835000,received,kaspa:qyp0jd37dhx6sqrr682y6cme89gjn4quzpeuuu3y9c82drvcpnecjjcssx3qp4x,20000000,
