tx_id,timestamp,direction,peer_address,amount_sompi,cex_label
7afe0ecef37d3eaf53546c6610a06b77686f1f832db47a7987744294c381703c,2024-11-15T16:28:03.509000,sent,kaspa:qqnqv3rvnctfyrjteurqm0gmqfu7yjg3949yxpyxxfa4rgm9nt2zxauwq8xvs,1000000000000,
7afe0ecef37d3eaf53546c6610a06b77686f1f832db47a7987744294c381703c,2024-11-15T16:28:03.509000,sent,kaspa:qzm8wtfjhyznxqnk3vxcze9ctmacpz3lqzq930scpw96keysayp2w996hzexw,3202317936685,
f2eb17bd2ed36bafc2d74492ba826a931f6a6ec50da112f100a30b3011582fa9,2024-11-15T10:34:08.456000,received,kaspa:qrp4ym9xe8scgv5kmdjlwcs8k6533zfgzxkjgtkmprfl8hkf4gx07wrn8yxum,4202317938754,
f2eb17bd2ed36bafc2d74492ba826a931f6a6ec50da112f100a30b3011582fa9,2024-11-15T10:34:08.456000,received,kaspa:qqmdrrlznz7cgax9jvefm4g4fwtsnnz8r96574qduyjakmyd5rtgc3a4rx0qr,4202317938754,
