tx_id,timestamp,direction,peer_address,amount_sompi,cex_label
0b2723c7d46d078cff91dfd55376bce59f8a12dec36fb7a40da3442bc13f7b2a,2023-12-16T03:22:02.722000,sent,kaspa:qzslgwenzu78t6tldlng383g7ruu4enaljmnkgaulyrscjp7ldt26x8gfxck5,171940000,
0b2723c7d46d078cff91dfd55376bce59f8a12dec36fb7a40da3442bc13f7b2a,2023-12-16T03:22:02.722000,sent,kaspa:qzslgwenzu78t6tldlng383g7ruu4enaljmnkgaulyrscjp7ldt26x8gfxck5,171940000,
1a0aabeca5ab723b989fc5b71a207bac70ef8f454e4ca72fc34cd11faa7d5332,2023-12-12T03:42:13.621000,received,kaspa:qypswxtcrv4ssyjaswy5w9387vq73mkuyq85tl34cee6qn5uexqy0csgnafnjx7,171000000,
0e60bf107623547f117c07bbbfbb4c310fd4542c894aaedd3f9f2e3bb66fd6a0,2023-11-28T01:29:04.555000,sent,kaspa:qypkr7curl2ltc6q768gx64ra6k92z4jf5zlcdtjdfaa6q5lgttvpyg008g9tel,18000000,
430c23efe73607f0f10346dd0bf713e4bf80c7fd9e67adc00bf55e1349703a15,2023-11-27T23:16:38.532000,received,kaspa:qqgjueqc8x7h0ck9jqhl3rq7zktl2ew0tsxu9s8l56hl3l7kfdzqqfa7r0xf8,19000000,
