tx_id,timestamp,direction,peer_address,amount_sompi,cex_label
b074673b173c8c0318ecff229fefdebd462a99dbc7882b7ab3c7930a68785c59,2023-12-16T04:51:28.834000,sent,kaspa:qzslgwenzu78t6tldlng383g7ruu4enaljmnkgaulyrscjp7ldt26x8gfxck5,171940000,
b074673b173c8c0318ecff229fefdebd462a99dbc7882b7ab3c7930a68785c59,2023-12-16T04:51:28.834000,sent,kaspa:qzslgwenzu78t6tldlng383g7ruu4enaljmnkgaulyrscjp7ldt26x8gfxck5,171940000,
90f7789fa9d202d701153e66bac8ef8607f48fd09f13751392779c8f6a4a76d0,2023-12-12T21:06:09.072000,received,kaspa:qypswxtcrv4ssyjaswy5w9387vq73mkuyq85tl34cee6qn5uexqy0csgnafnjx7,171000000,
9520f7b6b78b23bcaa768acf65ea7801ab3b9f111647fb5d7e6ad2fc9a3ab19b,2023-11-29T11:54:17.363000,sent,kaspa:qypx9kfjmrdu3csqsrgwvx7xd8x3560qhd5mvcsclfux07x29hsvu0c42tnlu0q,18000000,
32550a99f9eaa5dfbaf36071c7a528cb600357b3200c70933958676430adaed3,2023-11-27T17:49:06.851000,received,kaspa:qr00szcfm9lqrrz4zhrls9l8uhvdez5xl4wytlfmfjz9gy4g9eneqn90c9aer,19000000,
