tx_id,timestamp,direction,peer_address,amount_sompi,cex_label
37c103453eed32ad27badaa869ee202fe27b84f45aec9e88c0532e43e714e70e,2023-12-16T04:41:32.114000,sent,kaspa:qzslgwenzu78t6tldlng383g7ruu4enaljmnkgaulyrscjp7ldt26x8gfxck5,171940000,
37c103453eed32ad27badaa869ee202fe27b84f45aec9e88c0532e43e714e70e,2023-12-16T04:41:32.114000,sent,kaspa:qzslgwenzu78t6tldlng383g7ruu4enaljmnkgaulyrscjp7ldt26x8gfxck5,171940000,
f5327d7d671a2ad0404dd233ed82939bbcf06fdb05e54f7a0bc4eb485cd5ce4a,2023-12-12T12:21:24.965000,received,kaspa:qypswxtcrv4ssyjaswy5w9387vq73mkuyq85tl34cee6qn5uexqy0csgnafnjx7,171000000,
45612de1ee6a68075002b30f00c0cd0460c5d3bb1345a8fece437551178acc89,2023-11-28T16:52:40.761000,sent,kaspa:qyppeqcnlc2weurgfu9nx6qej8dr0p0plt6yr235dk2aq4n86j87rtgv69cuqnq,18000000,
cfb5955cc68b2e843b6f2b4f8a61369be7fa3ec9c58b699e85aae7ed7e5dc8c0,2023-11-27T22:05:49.872000,received,kaspa:qrzmwv9ya7t77u8njg2y99nrzwqamfcm2uv6aur9e7w7dpcf0sgru0kz3f2df,19000000,
