tx_id,timestamp,direction,peer_address,amount_sompi,cex_label
540c4ef440875eab1740dfae1fd748b8662595c4f23f397f4139c4c479f87a39,2024-02-17T18:42:34.993000,sent,kaspa:qqyrl8sham25c7pvdxlzw5ev4lrfm80k8deymkwrz4kta0w5mma0g67pnq3f2,172980000,
540c4ef440875eab1740dfae1fd748b8662595c4f23f397f4139c4c479f87a39,2024-02-17T18:42:34.993000,sent,kaspa:qqyrl8sham25c7pvdxlzw5ev4lrfm80k8deymkwrz4kta0w5mma0g67pnq3f2,172980000,
55bdce7526e457a3ccaadbb8066ac73bb037dad6d9b6ed6db6c4174abb7cc3ea,2023-12-12T17:15:22.721000,received,kaspa:qypswxtcrv4ssyjaswy5w9387vq73mkuyq85tl34cee6qn5uexqy0csgnafnjx7,171000000,
483b16c609ebd256a640f3f66f5d40f371506cbbf1503bcff5ab016723095620,2023-11-29T05:26:32.623000,sent,kaspa:qyp5ty4qx7hysrwupnhpn3dkv3554yrvvc5v2p80j6z74rf2nxvldmc6tpaseuy,18000000,
63129fdac5c373eaf503fd75a608e7143e128e2fb8274f0d081187f63e23d7b7,2023-11-28T12:59:02.413000,received,kaspa:qyplygdysxukhd27ua75kjvmvs8j04dz0apehqpgudgez74zym5jauqpt8f52gc,20000000,
