tx_id,timestamp,direction,peer_address,amount_sompi,cex_label
900fe3dda7b4cd1f881aa1d77f3bff345416da5779561ee71702a2473d2d20cd,2023-12-24T22:55:17.250000,sent,kaspa:qqn7up95skfy5t33gf3hgl7wv0mxjvtyvrza4ewxxhsh95ae7n4vzs4trq3ks,14534945046,
900fe3dda7b4cd1f881aa1d77f3bff345416da5779561ee71702a2473d2d20cd,2023-12-24T22:55:17.250000,sent,kaspa:qqn7up95skfy5t33gf3hgl7wv0mxjvtyvrza4ewxxhsh95ae7n4vzs4trq3ks,14534945046,
ec82d718b1b394809dc41e334d75bdea212047c070613ec68185d296575ec6a0,2023-12-12T18:22:44.151000,received,kaspa:qypswxtcrv4ssyjaswy5w9387vq73mkuyq85tl34cee6qn5uexqy0csgnafnjx7,171000000,
c7cef62b5da1a53f9eeda990fe436103a621ec4ac5160cac60b019dc1a5a69fc,2023-12-12T17:00:47.574000,received,kaspa:qypamkqlgmq5vuvdg4q6wghkecpvfd5y7yfmmgy4xz09hfgrajla6tg5xqdffl8,171000000,
0ea3a89af93f4b69ebe3e805c8038650404a1df798816ef1be321e536d253e11,2023-11-29T07:17:44.048000,sent,kaspa:qypvdx72ez2nszaqnrqkdxs3dka7lxy8y8uktzd8jg2uwmr7edy9wus7uuvkt02,18000000,
0ea3a89af93f4b69ebe3e805c8038650404a1df798816ef1be321e536d253e11,2023-11-29T07:17:44.048000,sent,kaspa:qr8qywa6wlkk0akedr88ahr2rujwanxa0rgpwjdh0h04a5jc35mh5gjq3ekfr,4330711402,
76a7cf912b51ca3c06a9230f6c62d1f2d9cd51f2d4f7e8688c03fa4e55519359,2023-11-29T05:08:44.008000,sent,kaspa:qypdluxsxs3dwyzrajcqrdummn593z3nkesscssjlng5leycs5xt6ccje8e72m6,18000000,
85705c32229dbf5191591768b0fe578478d4c1c95abb5a46036694e374ed11ac,2023-11-29T04:57:48.843000,received,kaspa:qqjq967lkcrfw97h24aunm6dz72vcr6fvm9j97fdy5r25zmye4ce2zv2rwepp,4366715562,
