tx_id,timestamp,direction,peer_address,amount_sompi,cex_label
2b2d56e7c87a4bc7bc4d1a45d39d1471c0769557af74f5e7a8f40f188fa5e2dc,2023-12-16T04:20:44.234000,sent,kaspa:qzslgwenzu78t6tldlng383g7ruu4enaljmnkgaulyrscjp7ldt26x8gfxck5,171940000,
2b2d56e7c87a4bc7bc4d1a45d39d1471c0769557af74f5e7a8f40f188fa5e2dc,2023-12-16T04:20:44.234000,sent,kaspa:qzslgwenzu78t6tldlng383g7ruu4enaljmnkgaulyrscjp7ldt26x8gfxck5,171940000,
32bba653d786c444924a83264a9dec53fd80d3b10ac815b3c13ca2f8d7f870e6,2023-12-12T15:08:14.026000,received,kaspa:qypswxtcrv4ssyjaswy5w9387vq73mkuyq85tl34cee6qn5uexqy0csgnafnjx7,171000000,
f2b4b9939f74288b37c129c7ed080297f663ad18d9bb8a96f4177ee34c95919f,2023-11-29T01:21:39.267000,sent,kaspa:qypp6j5a7xl9ztf6nsdh2k74ha5gr6eqmrwycygtruvrw855l9x93gggrxz4rj3,18000000,
f437c7674dd183a5520c46e34752875e5f277065ea923294a44f79f2110a4b96,2023-11-28T19:38:07.851000,received,kaspa:qpedmf364umpvsyuzxh5lcnd0uq690kpewh2m64nphtu53uyflsex8djflldj,19000000,
