tx_id,timestamp,direction,peer_address,amount_sompi,cex_label
84b03fbc34c50116de09eb2d872351ee9e1b946774710cdb3b57cb8d3746c44f,2023-12-16T04:33:58.516000,sent,kaspa:qzslgwenzu78t6tldlng383g7ruu4enaljmnkgaulyrscjp7ldt26x8gfxck5,171940000,
84b03fbc34c50116de09eb2d872351ee9e1b946774710cdb3b57cb8d3746c44f,2023-12-16T04:33:58.516000,sent,kaspa:qzslgwenzu78t6tldlng383g7ruu4enaljmnkgaulyrscjp7ldt26x8gfxck5,171940000,
729f34f9e3b4f13ef72a5cc6bf34f98c55bdc2807746a3fae2c3f626b857a6de,2023-12-12T18:35:11.814000,received,kaspa:qypswxtcrv4ssyjaswy5w9387vq73mkuyq85tl34cee6qn5uexqy0csgnafnjx7,171000000,
ab828251a4630260804f1522d6f19645616a131311a765c72e850bcfe73a0356,2023-11-29T07:38:06.048000,sent,kaspa:qyp9jgqc2uurzz9rclxtn8dj04wjcyz09ytpqyg8kx9j59dk5xe8zjqyz68w5m7,18000000,
64a106c0bc420d16294fd648fb80bdab692b0ebc2bf9022b3a7da4c4472eb08b,2023-11-28T21:50:06.392000,received,kaspa:qr5fd84m2hrt4lkqt6s5gjc2lwlsve5vd4eqyvtz3uagvau68w5d2zkljale4,19000000,
