tx_id,timestamp,direction,peer_address,amount_sompi,cex_label
d1699f0a9be491f9d9d87ca1c54daef5b6aad56ab18187f45f8027d6c5b15aab,2023-12-16T05:02:12.772000,sent,kaspa:qzslgwenzu78t6tldlng383g7ruu4enaljmnkgaulyrscjp7ldt26x8gfxck5,171940000,
d1699f0a9be491f9d9d87ca1c54daef5b6aad56ab18187f45f8027d6c5b15aab,2023-12-16T05:02:12.772000,sent,kaspa:qzslgwenzu78t6tldlng383g7ruu4enaljmnkgaulyrscjp7ldt26x8gfxck5,171940000,
7f54ec921491e74c2cf950175ba59e9b746d74ef259604a9f67dbe5a62a6377d,2023-12-13T02:31:53.766000,received,kaspa:qypswxtcrv4ssyjaswy5w9387vq73mkuyq85tl34cee6qn5uexqy0csgnafnjx7,171000000,
1f108b9dee631c8157c8d6428a51df425aaf257188f12b4b025f1266f60dffa1,2023-11-29T17:55:17.400000,sent,kaspa:qyp5ztv44cwllsnrxwdq3wzz0lfty53l55qp2yphlvy4szxvwm2f9lsuk60p26a,18000000,
88045995040d3150d95cb07379e165b15a304c5e037e0b2f3f8b7296b7be669a,2023-11-28T13:27:42.967000,received,kaspa:qr59q6py2mlzhpjhue93cscnwxw8cdpa3edz9qn5g59vp7rfhpancus22ncpe,19000000,
