tx_id,timestamp,direction,peer_address,amount_sompi,cex_label
47e6393fd777ea5886bb0871fa2e2d3a871e376cf32fd8a05a471d21195dbee7,2023-12-17T13:31:09.109000,sent,kaspa:qp68q70l56ya3zc0lf8st2h6nwl7r9pqr7zn0wapy62fl3hemklyk9leynqmv,171070000,
47e6393fd777ea5886bb0871fa2e2d3a871e376cf32fd8a05a471d21195dbee7,2023-12-17T13:31:09.109000,sent,kaspa:qp68q70l56ya3zc0lf8st2h6nwl7r9pqr7zn0wapy62fl3hemklyk9leynqmv,171070000,
8221a105adb33ac3e7cc5e50d748d67bc923d5a5956d84e4c155da34788ce367,2023-12-12T06:49:19.439000,received,kaspa:qypswxtcrv4ssyjaswy5w9387vq73mkuyq85tl34cee6qn5uexqy0csgnafnjx7,171000000,
fd2267c28686e1d23d80f574cb72b36f9d5072b42e296772c4a9438c45bc3379,2023-11-28T07:58:44.756000,sent,kaspa:qyp4unfs83get2f786cnqkcv3qnt5kapfez94zkhklpmsamj4cv6e2s2tz7ha0t,18000000,
65a0e812b50b891ca70f2458fba3b7b5084efe22e90174b89a900bc527aaa4b4,2023-11-27T12:56:41.976000,received,kaspa:qqchg5aj8ea9n9dxm9ca6ncgnjxwk8pkjdx9x202jav5hrnsdu5s6g6un23ew,18100000,
