tx_id,timestamp,direction,peer_address,amount_sompi,cex_label
26b51c2d9a0cf81b9542c41a9a80e12bbeb96b71802e6a0dafeaaf4319fc0351,2023-12-16T04:39:45.600000,sent,kaspa:qzslgwenzu78t6tldlng383g7ruu4enaljmnkgaulyrscjp7ldt26x8gfxck5,171940000,
26b51c2d9a0cf81b9542c41a9a80e12bbeb96b71802e6a0dafeaaf4319fc0351,2023-12-16T04:39:45.600000,sent,kaspa:qzslgwenzu78t6tldlng383g7ruu4enaljmnkgaulyrscjp7ldt26x8gfxck5,171940000,
1870805a68488e6c6e3cb4af03912d1b855c237657486f5a6baad962ffc4d480,2023-12-12T11:45:45.472000,received,kaspa:qypswxtcrv4ssyjaswy5w9387vq73mkuyq85tl34cee6qn5uexqy0csgnafnjx7,171000000,
68cdc7a2f96f1e2466cdac0d4a2c403e2fbff2cbbcfa36e38597037638ca072b,2023-11-28T16:14:08.526000,sent,kaspa:qypcu9tn33q3m4ny8ykluwzhgvhs4auj95uhupftn6j85046m40quaswyzzhejf,18000000,
b6ec7037d32f39d3465bba804f1bf71a4a779e6c05fb9d3bc6e6f70a1f0f7e72,2023-11-27T15:56:35.897000,received,kaspa:qrzmwv9ya7t77u8njg2y99nrzwqamfcm2uv6aur9e7w7dpcf0sgru0kz3f2df,19000000,
