tx_id,timestamp,direction,peer_address,amount_sompi,cex_label
2307f2f00e13d27a53dd91624baec4b7223b4ae2ec26192e0f5411e8177903e5,2023-11-12T14:37:06.490000,sent,kaspa:qpzpfwcsqsxhxwup26r55fd0ghqlhyugz8cp6y3wxuddc02vcxtjg75pspnwz,100000000000000,MEXC
2307f2f00e13d27a53dd91624baec4b7223b4ae2ec26192e0f5411e8177903e5,2023-11-12T14:37:06.490000,sent,kaspa:qpjunp39ssazf4rzfxxu0hd35xggfxn6lq0ls9u9q6peevzcmcv4xmv9q4njd,103483222909,
e2153a3ee4f749de837f1a289f1ce9bd254dea65f4f4ff41eb27f5ed4a6eefa7,2023-11-12T13:26:47.447000,received,kaspa:qqwvnkp47wsj6n4hkdlgj8dsauyx0xvefunnwvvsmpq2udd0ka8ckmpuqw3k5,422000000000,
e2153a3ee4f749de837f1a289f1ce9bd254dea65f4f4ff41eb27f5ed4a6eefa7,2023-11-12T13:26:47.447000,received,kaspa:qqwvnkp47wsj6n4hkdlgj8dsauyx0xvefunnwvvsmpq2udd0ka8ckmpuqw3k5,422000000000,
