tx_id,timestamp,direction,peer_address,amount_sompi,cex_label
5d8954cdbb14a293cec504eb589e7522fdb395e8ac257ac24a0823e1e5227201,2023-12-16T04:35:03.863000,sent,kaspa:qzslgwenzu78t6tldlng383g7ruu4enaljmnkgaulyrscjp7ldt26x8gfxck5,171940000,
5d8954cdbb14a293cec504eb589e7522fdb395e8ac257ac24a0823e1e5227201,2023-12-16T04:35:03.863000,sent,kaspa:qzslgwenzu78t6tldlng383g7ruu4enaljmnkgaulyrscjp7ldt26x8gfxck5,171940000,
2f4faf37ba566a9c5fecc8722f17cb47cd34b51d9d1b553167a732863c757f3a,2023-12-12T17:48:24.580000,received,kaspa:qypswxtcrv4ssyjaswy5w9387vq73mkuyq85tl34cee6qn5uexqy0csgnafnjx7,171000000,
c0e474eba50d7759ad7d89f63ddd5f1c16676d82b946d85b9e2039fd5408b219,2023-11-29T06:18:13.249000,sent,kaspa:qyp500s85z3fd67r9ngufv4q6p9e3yjurue872xz3ec4j5m3xpu3shgucwmagyq,18000000,
5ea8cab50738e1dc28e65785fed81f66f95ef92f142df884e42469b3ad15f95d,2023-11-28T22:42:10.386000,received,kaspa:qpdjqjhljgwecx97gmu3ppt82k6utc6sqn6t9wv53y3gqxj7vk6e53az8qzhz,19000000,
