tx_id,timestamp,direction,peer_address,amount_sompi,cex_label
e29f83577cf54dcb9ba08e5387a803e9b0e0876bbdce8484089fce7365fe79d1,2023-12-16T04:43:44.372000,sent,kaspa:qzslgwenzu78t6tldlng383g7ruu4enaljmnkgaulyrscjp7ldt26x8gfxck5,171940000,
e29f83577cf54dcb9ba08e5387a803e9b0e0876bbdce8484089fce7365fe79d1,2023-12-16T04:43:44.372000,sent,kaspa:qzslgwenzu78t6tldlng383g7ruu4enaljmnkgaulyrscjp7ldt26x8gfxck5,171940000,
31bc19a0b5269ea9a28be28e037be02d4c124630c5e30479666476131803e83d,2023-12-12T20:18:57.563000,received,kaspa:qypswxtcrv4ssyjaswy5w9387vq73mkuyq85tl34cee6qn5uexqy0csgnafnjx7,171000000,
824ce3e35efe0183aebd5bc6726f82616e09dc2bff88bf67ac191a41e1459224,2023-11-29T10:42:51.222000,sent,kaspa:qypw59mcl30majaha7sxlvuxs0rm9naezl8x70j799k74vpttug62tqn73pa8an,18000000,
df3035a39775090b4f9f71e841b0f5dc942780796887105ac12c485539b77c76,2023-11-27T16:28:29.352000,received,kaspa:qqshwyxdqnef5w786j5s9uutek3an7ns3rt5hwfza7frfrxp6yx5w34ld2707,19000000,
