tx_id,timestamp,direction,peer_address,amount_sompi,cex_label
c3c98b6b30fb61bed83fa8b23d34bbfe13cc96c886a59e3baee25e357f92ffd7,2024-03-24T14:28:08.154000,sent,kaspa:qq9zagcza4jt76eev9jl5z0nqhe0thcu7js8larktj4sle7lvgnw7sfcewlty,1904800000000,
da4a4e9ae35c6f529f2ea0bf27b8c763a0ef30a931b6169fc2e80c9b16f7a99d,2024-03-24T14:21:44.411000,sent,kaspa:qq9zagcza4jt76eev9jl5z0nqhe0thcu7js8larktj4sle7lvgnw7sfcewlty,100000000000,
60488e7d8602045586cd339e4ca9fe1130ebce9cf93521adba32a99aa966f122,2023-11-25T11:19:31.792000,sent,kaspa:qqzqhn8mrmnjk8m88esgqe3dmc87kq7v0wyvl3v5vh3dt5p4dsx8q8y2z86wt,1730000000000,
bd3128745013826a3a42fce3ce52daae38aa97290501fb946119b00762eb7b47,2023-11-08T06:34:39.419000,sent,kaspa:qqzqhn8mrmnjk8m88esgqe3dmc87kq7v0wyvl3v5vh3dt5p4dsx8q8y2z86wt,2000000000000,
bd3128745013826a3a42fce3ce52daae38aa97290501fb946119b00762eb7b47,2023-11-08T06:34:39.419000,sent,kaspa:qqzqhn8mrmnjk8m88esgqe3dmc87kq7v0wyvl3v5vh3dt5p4dsx8q8y2z86wt,2000000000000,
bd3128745013826a3a42fce3ce52daae38aa97290501fb946119b00762eb7b47,2023-11-08T06:34:39.419000,sent,kaspa:qqzqhn8mrmnjk8m88esgqe3dmc87kq7v0wyvl3v5vh3dt5p4dsx8q8y2z86wt,2000000000000,
b9cbb80f9f6f958b0e5d260cbdadf46f0ea2b8a89bf74d16fe3092a096472f79,2023-11-08T06:32:28.992000,received,kaspa:qqwvnkp47wsj6n4hkdlgj8dsauyx0xvefunnwvvsmpq2udd0ka8ckmpuqw3k5,5534481250000,
5673c0555ee1dee0059c00657111874839fc011ce4a7ef2d0c22e7565ef8e2b4,2023-11-08T06:29:00.678000,received,kaspa:qqwvnkp47wsj6n4hkdlgj8dsauyx0xvefunnwvvsmpq2udd0ka8ckmpuqw3k5,200000000000,
6cf3552b66dbc115c937c2c93eaf8a345806134fcac50ec5300b87fb5a255b5e,2023-06-24T19:37:01.269000,sent,kaspa:qqwvnkp47wsj6n4hkdlgj8dsauyx0xvefunnwvvsmpq2udd0ka8ckmpuqw3k5,20049000000000,
07c646c9cb73068c7f900c407d6379af635b798b8926a12a53c7a20c82164175,2023-06-24T19:28:09.968000,sent,kaspa:qqwvnkp47wsj6n4hkdlgj8dsauyx0xvefunnwvvsmpq2udd0ka8ckmpuqw3k5,800000000000,
07c646c9cb73068c7f900c407d6379af635b798b8926a12a53c7a20c82164175,2023-06-24T19:28:09.968000,sent,kaspa:qqwvnkp47wsj6n4hkdlgj8dsauyx0xvefunnwvvsmpq2udd0ka8ckmpuqw3k5,800000000000,
07c646c9cb73068c7f900c407d6379af635b798b8926a12a53c7a20c82164175,2023-06-24T19:28:09.968000,sent,kaspa:qqwvnkp47wsj6n4hkdlgj8dsauyx0xvefunnwvvsmpq2udd0ka8ckmpuqw3k5,800000000000,
06ec3097b3fae49cb3827fa5808628a1f65f79586aa842db8c508ba67f7c216d,2023-06-16T07:47:02.879000,received,kaspa:qqetp7ct8kqss99fxmymyz5t3fezppxp0t58wl6pawp27elqd46uudme00cl0,9997000000000,
ad9c2f73ca3ef3641ee558df51820ded3163ac81fcf0eefa165280a52700e774,2023-06-06T18:49:02.367000,received,kaspa:qqetp7ct8kqss99fxmymyz5t3fezppxp0t58wl6pawp27elqd46uudme00cl0,10845370000000,
272c125e8f740dfabe9c25d3fdac767e014d5083160d19aacf8aec2c036afe65,2023-06-06T18:43:01.667000,received,kaspa:qqetp7ct8kqss99fxmymyz5t3fezppxp0t58wl6pawp27elqd46uudme00cl0,7000000000,
