tx_id,timestamp,direction,peer_address,amount_sompi,cex_label
948883b9a8a79909c405daf3f732239c84d46514764d8208f6d395d4c80dabaf,2023-12-16T04:04:15.650000,sent,kaspa:qzslgwenzu78t6tldlng383g7ruu4enaljmnkgaulyrscjp7ldt26x8gfxck5,171940000,
948883b9a8a79909c405daf3f732239c84d46514764d8208f6d395d4c80dabaf,2023-12-16T04:04:15.650000,sent,kaspa:qzslgwenzu78t6tldlng383g7ruu4enaljmnkgaulyrscjp7ldt26x8gfxck5,171940000,
b8a1a47e8ecef0d25707bf3aa6aa6c5be7cc2ca2399f6b5333600f52e2028c81,2023-12-12T04:49:25.351000,received,kaspa:qypswxtcrv4ssyjaswy5w9387vq73mkuyq85tl34cee6qn5uexqy0csgnafnjx7,171000000,
3267bbcc56abc736d71d81cd76733b7d94b0b68397237ff637c1887b29a90453,2023-11-28T04:37:32.029000,sent,kaspa:qypst04k2nrzvstgqsg9sky06sswlvtwk94wfaqrh0lu9k6238jw88cjnehr5pu,18000000,
722ce132abf3f96cebacf34e031e77a928c286dd90e6bab893da1f244cce76a7,2023-11-27T22:11:43.332000,received,kaspa:qr6uctv0jtk6hvppfh98yec3yrqtpqgaplm57220c0lf0nvhzqe7xx45xh4w0,19000000,
