tx_id,timestamp,direction,peer_address,amount_sompi,cex_label
5d722e2dbbd8095f68a83debcbef0e412caa4336d7af095dc51fae2b9298087e,2023-12-13T08:41:09.359000,sent,kaspa:qqh06puhtgsu5utuakvv88ewhppn4dtp0k4a2df0xxga6ytg5p7vzcs0tuml5,14363160000,
b572c4c188d09b1ae4535d826d96b7f9e2ea52320d88ddc7f6a2cbc427e3d5f3,2023-12-12T07:41:44.916000,received,kaspa:qypswxtcrv4ssyjaswy5w9387vq73mkuyq85tl34cee6qn5uexqy0csgnafnjx7,171000000,
e429e15c4a9dda7b57b7395b6b17d610f21967502a99255656c5c03fa55f0c6f,2023-11-28T09:52:36.125000,sent,kaspa:qyplngpehx92u2ae9w0md9fhcnsmz2mw8ud6llja7tgfstgxls027ssmdvd4y0q,18000000,
e429e15c4a9dda7b57b7395b6b17d610f21967502a99255656c5c03fa55f0c6f,2023-11-28T09:52:36.125000,sent,kaspa:qq8vkles3uyv3vng0yrlra4rhpjz7hx8q00h9kehwnh793aesqe72tnpgurl3,2845970000,
bbba661c40eb4120a755960e773ae199aa8481d3be7433b01d5a6a035eb2aa07,2023-11-28T09:34:45.798000,received,kaspa:qqsk6uuzz650kxpsm4akujhklzkre3hxc2n3n5qd2hef335qnhajza53e9m4d,2863980000,
