tx_id,timestamp,direction,peer_address,amount_sompi,cex_label
315e2d48be3f47f3cf0eb5d448f0b94af254e42e1efe285181e74099e12d0664,2023-12-12T10:31:26.802000,sent,kaspa:qrwjucftzx5runtyw25aqee89d2ds34pagzujyp2yjnr4v7j4ncxgrplhfyyy,18173800000000,
4d731e814869ebb90b7e8c36dd4ea34f05847f0fb24ed42c37c8429cc60f25c5,2023-12-12T10:30:11.252000,received,kaspa:qqwvnkp47wsj6n4hkdlgj8dsauyx0xvefunnwvvsmpq2udd0ka8ckmpuqw3k5,18173800572381,
6e17bfcdc43cf6e9e4201cc583c1ab5b57b9a5d108f087af9621bb6344bfc56e,2023-12-12T10:20:02.660000,sent,kaspa:qqwvnkp47wsj6n4hkdlgj8dsauyx0xvefunnwvvsmpq2udd0ka8ckmpuqw3k5,99900000,
82ef8fc31c7a5ece6ac58fe289df91fd89c44c8eb789a8fff9a288240c33b0c8,2023-12-12T10:17:53.553000,received,kaspa:qqwvnkp47wsj6n4hkdlgj8dsauyx0xvefunnwvvsmpq2udd0ka8ckmpuqw3k5,100000000,
