tx_id,timestamp,direction,peer_address,amount_sompi,cex_label
15230e3e6cd28ff62f97d214325644e0f4038ed5aeae94f2d83a7c17aa8330a1,2023-12-16T04:53:15.297000,sent,kaspa:qzslgwenzu78t6tldlng383g7ruu4enaljmnkgaulyrscjp7ldt26x8gfxck5,171940000,
15230e3e6cd28ff62f97d214325644e0f4038ed5aeae94f2d83a7c17aa8330a1,2023-12-16T04:53:15.297000,sent,kaspa:qzslgwenzu78t6tldlng383g7ruu4enaljmnkgaulyrscjp7ldt26x8gfxck5,171940000,
5b8f566118bcfdc45d17d1d690c816165b74dbab1e6ad66d6a89a33b008ae3e5,2023-12-13T01:35:19.064000,received,kaspa:qypswxtcrv4ssyjaswy5w9387vq73mkuyq85tl34cee6qn5uexqy0csgnafnjx7,171000000,
01870ffa594940b333efaecb3f7d18d3109900e402730f6402228b07d60e09d4,2023-11-29T17:14:41.511000,sent,kaspa:qypl229h4sl2arel94ng5s02cyvktcn86klugauhgcg8ejglnlr47kc9mpr3nwl,18000000,
ccb9b035a1989e1b3b91e060372f56e72c477777bbea0b7a212568530c43a9f0,2023-11-29T06:16:22.408000,received,kaspa:qzmylezddvj3n5hr4d4yl2gkkukqqf8wsx3gq2devnvyjla5z94lqz3fhkqqh,19000000,
