tx_id,timestamp,direction,peer_address,amount_sompi,cex_label
7f907d2c1075127b7a3d634c56bf704370cbcbbd466873d0ab930f945407bc42,2025-01-21T16:16:39.062000,sent,kaspa:qqxur287wmpjs6k9e3uhgcrf7ppdn8uyxqmcfj74cvas2pyr2q4h5m5g4dw2z,60011323781,
7f907d2c1075127b7a3d634c56bf704370cbcbbd466873d0ab930f945407bc42,2025-01-21T16:16:39.062000,sent,kaspa:qqxur287wmpjs6k9e3uhgcrf7ppdn8uyxqmcfj74cvas2pyr2q4h5m5g4dw2z,60011323781,
7f907d2c1075127b7a3d634c56bf704370cbcbbd466873d0ab930f945407bc42,2025-01-21T16:16:39.062000,sent,kaspa:qqxur287wmpjs6k9e3uhgcrf7ppdn8uyxqmcfj74cvas2pyr2q4h5m5g4dw2z,60011323781,
7f907d2c1075127b7a3d634c56bf704370cbcbbd466873d0ab930f945407bc42,2025-01-21T16:16:39.062000,sent,kaspa:qqxur287wmpjs6k9e3uhgcrf7ppdn8uyxqmcfj74cvas2pyr2q4h5m5g4dw2z,60011323781,
76d14715d8635eb30b2c53df516b377606107449a4838925cb10d89fdca8f602,2025-01-21T15:57:02.356000,received,kaspa:qq3wrlkeustmu5uuh6r3mrmkly88x3mg4wajc7ktxmqfnqptkfxaqgu47jq8n,8256328072,
22a3ed79bd0d95635b3e382f612d9eb7570ca167be4d7bfd4bcd19fcf8c43587,2025-01-21T14:05:39.779000,sent,kaspa:qz8km5mvw220mj6hu6n5ac7ylvmugkxeurtl6s4gd4z8xpxgdvmkjuf9w269t,13299997931,
22a3ed79bd0d95635b3e382f612d9eb7570ca167be4d7bfd4bcd19fcf8c43587,2025-01-21T14:05:39.779000,sent,kaspa:qr600hylug475mvafe88r6as0qlzx4xfaksmpd6e862m9aqnjmaazzlc8zjuq,1169240420,
a9806a61e3f4fcf083a42e397d65c0562afb93a49543fafe5e27f354bdb714e9,2025-01-21T10:48:45.045000,received,kaspa:qq3wrlkeustmu5uuh6r3mrmkly88x3mg4wajc7ktxmqfnqptkfxaqgu47jq8n,14587855383,
a9806a61e3f4fcf083a42e397d65c0562afb93a49543fafe5e27f354bdb714e9,2025-01-21T10:48:45.045000,received,kaspa:qpgqlempmc7cq70e6thcahjvv6w8j6pexfult5n470ptvvxr8gec2re6jd38r,14587855383,
bf9ddfcd40b1ee006d117553758cc385f01014ba44f35fbf52f3f8767516ff9c,2025-01-21T06:29:02.624000,received,kaspa:qq3wrlkeustmu5uuh6r3mrmkly88x3mg4wajc7ktxmqfnqptkfxaqgu47jq8n,18506069570,
859e25f41333263d98c4eb38eef80b96978dbe69be0ed639305d3ed17182376e,2025-01-21T01:57:38.804000,received,kaspa:qq3wrlkeustmu5uuh6r3mrmkly88x3mg4wajc7ktxmqfnqptkfxaqgu47jq8n,17491836597,
859e25f41333263d98c4eb38eef80b96978dbe69be0ed639305d3ed17182376e,2025-01-21T01:57:38.804000,received,kaspa:qpgqlempmc7cq70e6thcahjvv6w8j6pexfult5n470ptvvxr8gec2re6jd38r,17491836597,
ebacfa95a365d7250e3724abf17dd691f1cf76e1dc0da94786fa105a8ece7967,2025-01-20T21:19:36.777000,received,kaspa:qq3wrlkeustmu5uuh6r3mrmkly88x3mg4wajc7ktxmqfnqptkfxaqgu47jq8n,14469240420,
3832683716dd4d55c662dab8460b33662be5ef6c2cd252651aed78d9677be6bb,2025-01-20T17:27:09.492000,sent,kaspa:qz8km5mvw220mj6hu6n5ac7ylvmugkxeurtl6s4gd4z8xpxgdvmkjuf9w269t,68736872774,
3832683716dd4d55c662dab8460b33662be5ef6c2cd252651aed78d9677be6bb,2025-01-20T17:27:09.492000,sent,kaspa:qz8km5mvw220mj6hu6n5ac7ylvmugkxeurtl6s4gd4z8xpxgdvmkjuf9w269t,68736872774,
3832683716dd4d55c662dab8460b33662be5ef6c2cd252651aed78d9677be6bb,2025-01-20T17:27:09.492000,sent,kaspa:qz8km5mvw220mj6hu6n5ac7ylvmugkxeurtl6s4gd4z8xpxgdvmkjuf9w269t,68736872774,
3832683716dd4d55c662dab8460b33662be5ef6c2cd252651aed78d9677be6bb,2025-01-20T17:27:09.492000,sent,kaspa:qz8km5mvw220mj6hu6n5ac7ylvmugkxeurtl6s4gd4z8xpxgdvmkjuf9w269t,68736872774,
3832683716dd4d55c662dab8460b33662be5ef6c2cd252651aed78d9677be6bb,2025-01-20T17:27:09.492000,sent,kaspa:qz8km5mvw220mj6hu6n5ac7ylvmugkxeurtl6s4gd4z8xpxgdvmkjuf9w269t,68736872774,
3832683716dd4d55c662dab8460b33662be5ef6c2cd252651aed78d9677be6bb,2025-01-20T17:27:09.492000,sent,kaspa:qz8km5mvw220mj6hu6n5ac7ylvmugkxeurtl6s4gd4z8xpxgdvmkjuf9w269t,68736872774,
3832683716dd4d55c662dab8460b33662be5ef6c2cd252651aed78d9677be6bb,2025-01-20T17:27:09.492000,sent,kaspa:qz8km5mvw220mj6hu6n5ac7ylvmugkxeurtl6s4gd4z8xpxgdvmkjuf9w269t,68736872774,
ad54432a413ca1603bcd9f0f030ff8459b3c0ba8319e9e513b5b953a35bd0b13,2025-01-20T16:45:47.081000,received,kaspa:qq3wrlkeustmu5uuh6r3mrmkly88x3mg4wajc7ktxmqfnqptkfxaqgu47jq8n,10012379818,
5c52280e9f8b21a20caf15b860d037d6a6cdd411acf55bcade090c4b92218912,2025-01-20T11:54:51.609000,received,kaspa:qq3wrlkeustmu5uuh6r3mrmkly88x3mg4wajc7ktxmqfnqptkfxaqgu47jq8n,6892223894,
5c52280e9f8b21a20caf15b860d037d6a6cdd411acf55bcade090c4b92218912,2025-01-20T11:54:51.609000,received,kaspa:qpgqlempmc7cq70e6thcahjvv6w8j6pexfult5n470ptvvxr8gec2re6jd38r,6892223894,
9de1d802886d1f26ae369772f957262a102c93731108cd7dfdd7c638ab563d67,2025-01-20T07:37:35.158000,received,kaspa:qq3wrlkeustmu5uuh6r3mrmkly88x3mg4wajc7ktxmqfnqptkfxaqgu47jq8n,9487234074,
c61d748160cef95ce28c6593e32daa2e8ccdf97d8747a461849d4b4bc16aace1,2025-01-20T03:05:41.507000,received,kaspa:qq3wrlkeustmu5uuh6r3mrmkly88x3mg4wajc7ktxmqfnqptkfxaqgu47jq8n,10906889957,
c61d748160cef95ce28c6593e32daa2e8ccdf97d8747a461849d4b4bc16aace1,2025-01-20T03:05:41.507000,received,kaspa:qpgqlempmc7cq70e6thcahjvv6w8j6pexfult5n470ptvvxr8gec2re6jd38r,10906889957,
6974cb027e65079eebae6d0e80fbee94f5a6c848e0f0a9170f9af1ad66e9dd61,2025-01-19T22:28:51.084000,received,kaspa:qq3wrlkeustmu5uuh6r3mrmkly88x3mg4wajc7ktxmqfnqptkfxaqgu47jq8n,11015027533,
ca073ef7ca13e2497244693ba7bb7ee5fd61761a34805b7532113cef6f77833f,2025-01-19T17:49:30.774000,received,kaspa:qq3wrlkeustmu5uuh6r3mrmkly88x3mg4wajc7ktxmqfnqptkfxaqgu47jq8n,10472160020,
b3c1de29d3bb7b1eea7c075d354fb6672a1941647658e12c90ba040714d50e3e,2025-01-19T13:10:43.128000,received,kaspa:qq3wrlkeustmu5uuh6r3mrmkly88x3mg4wajc7ktxmqfnqptkfxaqgu47jq8n,9950966041,
ddf060e8e6fad1d71a95120fbc1755b8fcc14c4a825b9711b1117e3919929559,2025-01-19T08:33:41.306000,sent,kaspa:qz8km5mvw220mj6hu6n5ac7ylvmugkxeurtl6s4gd4z8xpxgdvmkjuf9w269t,74017052232,
ddf060e8e6fad1d71a95120fbc1755b8fcc14c4a825b9711b1117e3919929559,2025-01-19T08:33:41.306000,sent,kaspa:qz8km5mvw220mj6hu6n5ac7ylvmugkxeurtl6s4gd4z8xpxgdvmkjuf9w269t,74017052232,
ddf060e8e6fad1d71a95120fbc1755b8fcc14c4a825b9711b1117e3919929559,2025-01-19T08:33:41.306000,sent,kaspa:qz8km5mvw220mj6hu6n5ac7ylvmugkxeurtl6s4gd4z8xpxgdvmkjuf9w269t,74017052232,
ddf060e8e6fad1d71a95120fbc1755b8fcc14c4a825b9711b1117e3919929559,2025-01-19T08:33:41.306000,sent,kaspa:qz8km5mvw220mj6hu6n5ac7ylvmugkxeurtl6s4gd4z8xpxgdvmkjuf9w269t,74017052232,
ddf060e8e6fad1d71a95120fbc1755b8fcc14c4a825b9711b1117e3919929559,2025-01-19T08:33:41.306000,sent,kaspa:qz8km5mvw220mj6hu6n5ac7ylvmugkxeurtl6s4gd4z8xpxgdvmkjuf9w269t,74017052232,
ddf060e8e6fad1d71a95120fbc1755b8fcc14c4a825b9711b1117e3919929559,2025-01-19T08:33:41.306000,sent,kaspa:qz8km5mvw220mj6hu6n5ac7ylvmugkxeurtl6s4gd4z8xpxgdvmkjuf9w269t,74017052232,
ddf060e8e6fad1d71a95120fbc1755b8fcc14c4a825b9711b1117e3919929559,2025-01-19T08:33:41.306000,sent,kaspa:qz8km5mvw220mj6hu6n5ac7ylvmugkxeurtl6s4gd4z8xpxgdvmkjuf9w269t,74017052232,
191fe3b356ddbe29a378c178db69eb6f55a4854a8a6582122349db7a4ef99c37,2025-01-19T08:31:25.651000,received,kaspa:qq3wrlkeustmu5uuh6r3mrmkly88x3mg4wajc7ktxmqfnqptkfxaqgu47jq8n,8985650311,
191fe3b356ddbe29a378c178db69eb6f55a4854a8a6582122349db7a4ef99c37,2025-01-19T08:31:25.651000,received,kaspa:qpgqlempmc7cq70e6thcahjvv6w8j6pexfult5n470ptvvxr8gec2re6jd38r,8985650311,
c8223fc809f501a7ab76965087f940b7f3a4cb7c3bbe1f6809d892eab898e9c9,2025-01-19T04:17:17.949000,received,kaspa:qq3wrlkeustmu5uuh6r3mrmkly88x3mg4wajc7ktxmqfnqptkfxaqgu47jq8n,10340001470,
78d4592011055575dec32d58ca25ff44e8e77785c70a7383b467f1fe2c341423,2025-01-18T23:30:55.271000,received,kaspa:qq3wrlkeustmu5uuh6r3mrmkly88x3mg4wajc7ktxmqfnqptkfxaqgu47jq8n,9829119397,
78d4592011055575dec32d58ca25ff44e8e77785c70a7383b467f1fe2c341423,2025-01-18T23:30:55.271000,received,kaspa:qpgqlempmc7cq70e6thcahjvv6w8j6pexfult5n470ptvvxr8gec2re6jd38r,9829119397,
acd8db96bb9912e464341a3ad8e786074754d735e839b146cd3a7b68fa438483,2025-01-18T19:08:49.485000,received,kaspa:qq3wrlkeustmu5uuh6r3mrmkly88x3mg4wajc7ktxmqfnqptkfxaqgu47jq8n,9876515726,
0b979ecf09ce88b265176df0b8bfa5f871fae922b71022775df4ebd313d85246,2025-01-18T14:45:00.262000,received,kaspa:qq3wrlkeustmu5uuh6r3mrmkly88x3mg4wajc7ktxmqfnqptkfxaqgu47jq8n,9817865619,
97d6f3c4399f4e4310a07194d94c47bf26f68d5313617f83287ed978303b779e,2025-01-18T10:19:16.330000,received,kaspa:qq3wrlkeustmu5uuh6r3mrmkly88x3mg4wajc7ktxmqfnqptkfxaqgu47jq8n,10567909423,
4a499175251dcd9e4e7d256554f078a67ded645c9d32c7c7eeedae5f47c62412,2025-01-18T07:21:30.840000,sent,kaspa:qz8km5mvw220mj6hu6n5ac7ylvmugkxeurtl6s4gd4z8xpxgdvmkjuf9w269t,68977088388,
4a499175251dcd9e4e7d256554f078a67ded645c9d32c7c7eeedae5f47c62412,2025-01-18T07:21:30.840000,sent,kaspa:qze047020an577prsph9qtus89g0f97y9ehqw627a3h5ndqrtw2c2nmyz85m8,4433994227,
4a499175251dcd9e4e7d256554f078a67ded645c9d32c7c7eeedae5f47c62412,2025-01-18T07:21:30.840000,sent,kaspa:qz8km5mvw220mj6hu6n5ac7ylvmugkxeurtl6s4gd4z8xpxgdvmkjuf9w269t,68977088388,
4a499175251dcd9e4e7d256554f078a67ded645c9d32c7c7eeedae5f47c62412,2025-01-18T07:21:30.840000,sent,kaspa:qze047020an577prsph9qtus89g0f97y9ehqw627a3h5ndqrtw2c2nmyz85m8,4433994227,
4a499175251dcd9e4e7d256554f078a67ded645c9d32c7c7eeedae5f47c62412,2025-01-18T07:21:30.840000,sent,kaspa:qz8km5mvw220mj6hu6n5ac7ylvmugkxeurtl6s4gd4z8xpxgdvmkjuf9w269t,68977088388,
4a499175251dcd9e4e7d256554f078a67ded645c9d32c7c7eeedae5f47c62412,2025-01-18T07:21:30.840000,sent,kaspa:qze047020an577prsph9qtus89g0f97y9ehqw627a3h5ndqrtw2c2nmyz85m8,4433994227,
4a499175251dcd9e4e7d256554f078a67ded645c9d32c7c7eeedae5f47c62412,2025-01-18T07:21:30.840000,sent,kaspa:qz8km5mvw220mj6hu6n5ac7ylvmugkxeurtl6s4gd4z8xpxgdvmkjuf9w269t,68977088388,
4a499175251dcd9e4e7d256554f078a67ded645c9d32c7c7eeedae5f47c62412,2025-01-18T07:21:30.840000,sent,kaspa:qze047020an577prsph9qtus89g0f97y9ehqw627a3h5ndqrtw2c2nmyz85m8,4433994227,
4a499175251dcd9e4e7d256554f078a67ded645c9d32c7c7eeedae5f47c62412,2025-01-18T07:21:30.840000,sent,kaspa:qz8km5mvw220mj6hu6n5ac7ylvmugkxeurtl6s4gd4z8xpxgdvmkjuf9w269t,68977088388,
4a499175251dcd9e4e7d256554f078a67ded645c9d32c7c7eeedae5f47c62412,2025-01-18T07:21:30.840000,sent,kaspa:qze047020an577prsph9qtus89g0f97y9ehqw627a3h5ndqrtw2c2nmyz85m8,4433994227,
4a499175251dcd9e4e7d256554f078a67ded645c9d32c7c7eeedae5f47c62412,2025-01-18T07:21:30.840000,sent,kaspa:qz8km5mvw220mj6hu6n5ac7ylvmugkxeurtl6s4gd4z8xpxgdvmkjuf9w269t,68977088388,
4a499175251dcd9e4e7d256554f078a67ded645c9d32c7c7eeedae5f47c62412,2025-01-18T07:21:30.840000,sent,kaspa:qze047020an577prsph9qtus89g0f97y9ehqw627a3h5ndqrtw2c2nmyz85m8,4433994227,
4a499175251dcd9e4e7d256554f078a67ded645c9d32c7c7eeedae5f47c62412,2025-01-18T07:21:30.840000,sent,kaspa:qz8km5mvw220mj6hu6n5ac7ylvmugkxeurtl6s4gd4z8xpxgdvmkjuf9w269t,68977088388,
4a499175251dcd9e4e7d256554f078a67ded645c9d32c7c7eeedae5f47c62412,2025-01-18T07:21:30.840000,sent,kaspa:qze047020an577prsph9qtus89g0f97y9ehqw627a3h5ndqrtw2c2nmyz85m8,4433994227,
93d0c825dc19e1a3d1c818525fe0cb6ecd0d5a3b9e1e029fc633b5aac237be0c,2025-01-18T05:42:22.786000,received,kaspa:qq3wrlkeustmu5uuh6r3mrmkly88x3mg4wajc7ktxmqfnqptkfxaqgu47jq8n,10166005773,
c793d44caf96ca090a528bd248ee5fbd3ee09546d1a6dde39082ca679c6f35b2,2025-01-18T01:02:38.224000,received,kaspa:qq3wrlkeustmu5uuh6r3mrmkly88x3mg4wajc7ktxmqfnqptkfxaqgu47jq8n,10562455467,
c793d44caf96ca090a528bd248ee5fbd3ee09546d1a6dde39082ca679c6f35b2,2025-01-18T01:02:38.224000,received,kaspa:qpgqlempmc7cq70e6thcahjvv6w8j6pexfult5n470ptvvxr8gec2re6jd38r,10562455467,
4a13f1324c779a0712d3e53579ad14572d5bfd7db4b487c8006f7e9060f71950,2025-01-17T20:24:34.792000,received,kaspa:qq3wrlkeustmu5uuh6r3mrmkly88x3mg4wajc7ktxmqfnqptkfxaqgu47jq8n,9836097264,
4a13f1324c779a0712d3e53579ad14572d5bfd7db4b487c8006f7e9060f71950,2025-01-17T20:24:34.792000,received,kaspa:qpgqlempmc7cq70e6thcahjvv6w8j6pexfult5n470ptvvxr8gec2re6jd38r,9836097264,
1e67845347bc185edcb57c43b63e593fb5edb3ec90f837b6ad46abda61425f69,2025-01-17T16:16:38.134000,sent,kaspa:qz8km5mvw220mj6hu6n5ac7ylvmugkxeurtl6s4gd4z8xpxgdvmkjuf9w269t,300000000,
1e67845347bc185edcb57c43b63e593fb5edb3ec90f837b6ad46abda61425f69,2025-01-17T16:16:38.134000,sent,kaspa:qr600hylug475mvafe88r6as0qlzx4xfaksmpd6e862m9aqnjmaazzlc8zjuq,10018532073,
443119bb265355c0bb0aeb8db029b1c859e84a1f82b210d525f826c5d7ba113d,2025-01-17T15:53:07.982000,received,kaspa:qq3wrlkeustmu5uuh6r3mrmkly88x3mg4wajc7ktxmqfnqptkfxaqgu47jq8n,8969907788,
443119bb265355c0bb0aeb8db029b1c859e84a1f82b210d525f826c5d7ba113d,2025-01-17T15:53:07.982000,received,kaspa:qpgqlempmc7cq70e6thcahjvv6w8j6pexfult5n470ptvvxr8gec2re6jd38r,8969907788,
7dc9da504188d471570332ca5080cd24850aa60ee981bd37fed2d64ce40dcb2b,2025-01-17T11:21:02.482000,received,kaspa:qq3wrlkeustmu5uuh6r3mrmkly88x3mg4wajc7ktxmqfnqptkfxaqgu47jq8n,6365435097,
7dc9da504188d471570332ca5080cd24850aa60ee981bd37fed2d64ce40dcb2b,2025-01-17T11:21:02.482000,received,kaspa:qpgqlempmc7cq70e6thcahjvv6w8j6pexfult5n470ptvvxr8gec2re6jd38r,6365435097,
0abafd121296eaa0f35a1adb89b686d1d27d8bbcd580a8a2c9bc092719f40f56,2025-01-17T07:02:31.884000,received,kaspa:qq3wrlkeustmu5uuh6r3mrmkly88x3mg4wajc7ktxmqfnqptkfxaqgu47jq8n,8613654172,
57562dea9f8abcb3b529150c908061f16c82d4d0af056d1e920ddaa5422e1c2d,2025-01-17T02:17:04.398000,received,kaspa:qq3wrlkeustmu5uuh6r3mrmkly88x3mg4wajc7ktxmqfnqptkfxaqgu47jq8n,9245924316,
57562dea9f8abcb3b529150c908061f16c82d4d0af056d1e920ddaa5422e1c2d,2025-01-17T02:17:04.398000,received,kaspa:qpgqlempmc7cq70e6thcahjvv6w8j6pexfult5n470ptvvxr8gec2re6jd38r,9245924316,
f6728af840f136b29ad42536c5c6cd5cb3b1cbdbdb7ad6eaa888f181c93ae6e3,2025-01-16T21:58:40.335000,received,kaspa:qq3wrlkeustmu5uuh6r3mrmkly88x3mg4wajc7ktxmqfnqptkfxaqgu47jq8n,9799086564,
f6728af840f136b29ad42536c5c6cd5cb3b1cbdbdb7ad6eaa888f181c93ae6e3,2025-01-16T21:58:40.335000,received,kaspa:qpgqlempmc7cq70e6thcahjvv6w8j6pexfult5n470ptvvxr8gec2re6jd38r,9799086564,
df8038e6a3c0d116727cdbd6fc0f65d4341f8142719f3bf16ed2c45493e55402,2025-01-16T17:38:43.740000,received,kaspa:qq3wrlkeustmu5uuh6r3mrmkly88x3mg4wajc7ktxmqfnqptkfxaqgu47jq8n,10318534142,
c8b55183a6d37db57bb016620aa621d7c800967cce55cb9cfa993180239712bb,2025-01-16T13:57:38.343000,sent,kaspa:qz8km5mvw220mj6hu6n5ac7ylvmugkxeurtl6s4gd4z8xpxgdvmkjuf9w269t,5073594178,
7f588ac41f68a105af13e1217845a64624b273d53b50bf0ce4c45bc751b63938,2025-01-16T12:38:02.830000,received,kaspa:qq3wrlkeustmu5uuh6r3mrmkly88x3mg4wajc7ktxmqfnqptkfxaqgu47jq8n,5073595835,
7f588ac41f68a105af13e1217845a64624b273d53b50bf0ce4c45bc751b63938,2025-01-16T12:38:02.830000,received,kaspa:qpgqlempmc7cq70e6thcahjvv6w8j6pexfult5n470ptvvxr8gec2re6jd38r,5073595835,
2365dda25c96a8306929e774dd417e1c50142a276f8abf98237f25d8f147a223,2025-01-16T10:49:59.953000,sent,kaspa:qz8km5mvw220mj6hu6n5ac7ylvmugkxeurtl6s4gd4z8xpxgdvmkjuf9w269t,29999998343,
a104a0f96edcdaf26baad304c0e6c7165f10c1c15123a1dd50cadbc9352723d0,2025-01-16T10:46:34.010000,received,kaspa:qpae4j20gy3y2thml9j6tk62v7lfven2gc0h9zmkprtq2dkr5hm97k6m7n2a5,30000000000,
a104a0f96edcdaf26baad304c0e6c7165f10c1c15123a1dd50cadbc9352723d0,2025-01-16T10:46:34.010000,received,kaspa:qpae4j20gy3y2thml9j6tk62v7lfven2gc0h9zmkprtq2dkr5hm97k6m7n2a5,30000000000,
a104a0f96edcdaf26baad304c0e6c7165f10c1c15123a1dd50cadbc9352723d0,2025-01-16T10:46:34.010000,received,kaspa:qpae4j20gy3y2thml9j6tk62v7lfven2gc0h9zmkprtq2dkr5hm97k6m7n2a5,30000000000,
