tx_id,timestamp,direction,peer_address,amount_sompi,cex_label
916c5b306a20bc4837fc4faa0f2123e35fcd4166a1eb53d0cb1ad44ea4fe84de,2023-12-16T05:12:33.744000,sent,kaspa:qzslgwenzu78t6tldlng383g7ruu4enaljmnkgaulyrscjp7ldt26x8gfxck5,171940000,
916c5b306a20bc4837fc4faa0f2123e35fcd4166a1eb53d0cb1ad44ea4fe84de,2023-12-16T05:12:33.744000,sent,kaspa:qzslgwenzu78t6tldlng383g7ruu4enaljmnkgaulyrscjp7ldt26x8gfxck5,171940000,
90c5f29907d8b14d5be38839969a120a5dbc0615fe9d2d1251e2cddb2c7947d7,2023-12-13T04:29:24.244000,received,kaspa:qypswxtcrv4ssyjaswy5w9387vq73mkuyq85tl34cee6qn5uexqy0csgnafnjx7,171000000,
a4a2a1989c3905c5ec235b443fd927170a5a55c479c9da298e5ccc527df9744f,2023-11-29T19:42:51.035000,sent,kaspa:qypggct6r4fe4hvjc6h0vfcrztc4cxnue632hjq0zltg67f7jctql6cz6zfy9kg,18000000,
f16191e884e014c792f453ac6ed08faa43fd1dd32c6dce5315d63fce87a59f68,2023-11-28T22:31:36.045000,received,kaspa:qq9lyhkvtjr628ps724afyqk9n83d0tljqhleedzrmqvmlhldaunut5739sg7,19000000,
