tx_id,timestamp,direction,peer_address,amount_sompi,cex_label
2921f41ec6a441ed0f96eab56043ef3e73c3d15a31b6ae93c9fcf01dce6caf50,2024-08-15T05:33:48.750000,sent,kaspa:qq3k4du6wf2g26j7ds6fqmgtgavgm3zy676wntp2e52nsuns2n4s6xkndmx0y,999890000,
2f70f9f0c73f89676f9b9d7375d833097a4642f42fe698980cccef462ea642cf,2024-08-15T05:28:30.763000,received,kaspa:qrw5e2rn9rusywhq3erapjqujmjw9q2mj46yr3swtggqfzzrqzahjkxc0hug9,1000000000,
a18eb07b219e42d409db5cc6fd767b3776e4479f2753e62a7b41b74f201ef4f6,2024-07-30T17:39:05.612000,sent,kaspa:qq3k4du6wf2g26j7ds6fqmgtgavgm3zy676wntp2e52nsuns2n4s6xkndmx0y,4999887931,
84db2d0396245d64760d3eb30a13b88d009ece0c1b0b60c74c808c3b4f14447e,2024-07-30T17:34:22.337000,received,kaspa:qpvyzegyr7tgdurz6ymmxltgj0m28ch5qarvpnqjymewaluysu752l7r9c4su,4999997931,
3d43b71af5f79948b12f11e6237b227ee934ef9bef310a60930dcd343fd7f61c,2023-11-17T23:03:43.677000,sent,kaspa:qq3k4du6wf2g26j7ds6fqmgtgavgm3zy676wntp2e52nsuns2n4s6xkndmx0y,746799890000,
07fb9ce9711e191652a87b1d7fc70cde9a8592ef34a768aebc6d7c6756985739,2023-11-17T22:58:12.426000,received,kaspa:qqwvnkp47wsj6n4hkdlgj8dsauyx0xvefunnwvvsmpq2udd0ka8ckmpuqw3k5,746800000000,
07fb9ce9711e191652a87b1d7fc70cde9a8592ef34a768aebc6d7c6756985739,2023-11-17T22:58:12.426000,received,kaspa:qqwvnkp47wsj6n4hkdlgj8dsauyx0xvefunnwvvsmpq2udd0ka8ckmpuqw3k5,746800000000,
07fb9ce9711e191652a87b1d7fc70cde9a8592ef34a768aebc6d7c6756985739,2023-11-17T22:58:12.426000,received,kaspa:qqwvnkp47wsj6n4hkdlgj8dsauyx0xvefunnwvvsmpq2udd0ka8ckmpuqw3k5,746800000000,
07fb9ce9711e191652a87b1d7fc70cde9a8592ef34a768aebc6d7c6756985739,2023-11-17T22:58:12.426000,received,kaspa:qqwvnkp47wsj6n4hkdlgj8dsauyx0xvefunnwvvsmpq2udd0ka8ckmpuqw3k5,746800000000,
07fb9ce9711e191652a87b1d7fc70cde9a8592ef34a768aebc6d7c6756985739,2023-11-17T22:58:12.426000,received,kaspa:qqwvnkp47wsj6n4hkdlgj8dsauyx0xvefunnwvvsmpq2udd0ka8ckmpuqw3k5,746800000000,
