tx_id,timestamp,direction,peer_address,amount_sompi,cex_label
6e1da5469d0641304b9607095cf311f91a067a5824fedd2f8591b52caa3feffe,2023-12-16T04:11:27.111000,sent,kaspa:qzslgwenzu78t6tldlng383g7ruu4enaljmnkgaulyrscjp7ldt26x8gfxck5,171940000,
6e1da5469d0641304b9607095cf311f91a067a5824fedd2f8591b52caa3feffe,2023-12-16T04:11:27.111000,sent,kaspa:qzslgwenzu78t6tldlng383g7ruu4enaljmnkgaulyrscjp7ldt26x8gfxck5,171940000,
d4545a8aa705ecea3f0891702a12abc78885fd92f48b81429dcbeada77de048d,2023-12-12T08:32:54.660000,received,kaspa:qypswxtcrv4ssyjaswy5w9387vq73mkuyq85tl34cee6qn5uexqy0csgnafnjx7,171000000,
410f556955cbee53f9445da8d84c41c9f444e857ed145cb505e7d982adcd1f74,2023-11-28T11:21:02.576000,sent,kaspa:qypsfkv7gz3jzncdtjjlqkj4c8szvavxxwazf444a6f2h03pky93fygypmmss38,18000000,
82ced98ab25a4adf68491aadcc6c0a6d1b7e230d150cbb82944443b7c5edd95a,2023-11-27T10:47:25.731000,received,kaspa:qrl5z097v376x0t7s4u4ul3czqxfsx7nnxhd8c7pwmgv788x4f79xgmcmxqp6,19000000,
