tx_id,timestamp,direction,peer_address,amount_sompi,cex_label
287dfc4cc89ca7372f26a4425e24eedfb7da6f4b10c3a7140bfdbc9a61866262,2023-12-20T15:16:45.812000,sent,kaspa:qrkaxvl2tw6pq6zx9xrr9lqnt9x72upf0hsrp3cvgcmfz77m50ycua35nz200,172970000,
287dfc4cc89ca7372f26a4425e24eedfb7da6f4b10c3a7140bfdbc9a61866262,2023-12-20T15:16:45.812000,sent,kaspa:qrkaxvl2tw6pq6zx9xrr9lqnt9x72upf0hsrp3cvgcmfz77m50ycua35nz200,172970000,
6f4af30d2cb1fea1603db39e1fff8e45da50da10ccae7c02504e74a2eb99f8b7,2023-12-12T18:28:07.676000,received,kaspa:qypswxtcrv4ssyjaswy5w9387vq73mkuyq85tl34cee6qn5uexqy0csgnafnjx7,171000000,
116ac932aa2dfe60f200638bdd7c0f0c8efe4a1eac545d6af37c5c177b1098bf,2023-11-29T07:27:47.438000,sent,kaspa:qyp46kz94xkasjw9g5jryvrxhld46hl8vtemp0cwlavmk4ux8jk962sv27xcwg7,18000000,
86a8a1d6f2de4f725633bcfa8455917cecf343b3897192c09ea08fa559b17768,2023-11-28T09:45:29.333000,received,kaspa:qr74gjqwxh6gm2y0y4yvf4u9ygyza78xjnzxrguppx6jnwzgzkcuspjhyl2fp,20000000,
