tx_id,timestamp,direction,peer_address,amount_sompi,cex_label
17cb3d3456e0e70f45ea382018fcb3baef7c92a4f7d00d9d5d84bb5b5c2cc16d,2024-07-21T22:37:44.087000,sent,kaspa:qyp3rktu7c8qphe70hyr4jevc8gpwsh2xclyf9uuqn5m552qr7qs75c0gm22t58,22789500000000,
17cb3d3456e0e70f45ea382018fcb3baef7c92a4f7d00d9d5d84bb5b5c2cc16d,2024-07-21T22:37:44.087000,sent,kaspa:qyp3rktu7c8qphe70hyr4jevc8gpwsh2xclyf9uuqn5m552qr7qs75c0gm22t58,22789500000000,
d61ac85782c5d545fabe9da54cd57f248552f33e6f5736bcf96c4b391662f0fd,2024-07-21T22:35:08.951000,sent,kaspa:qyp3rktu7c8qphe70hyr4jevc8gpwsh2xclyf9uuqn5m552qr7qs75c0gm22t58,10000000000,
39f3cb0dc244c340a785402ed2b21f41904f5386ab748083dabb21002740cfe7,2024-07-21T22:34:52.281000,received,kaspa:qq9zagcza4jt76eev9jl5z0nqhe0thcu7js8larktj4sle7lvgnw7sfcewlty,3082147962586,
39f3cb0dc244c340a785402ed2b21f41904f5386ab748083dabb21002740cfe7,2024-07-21T22:34:52.281000,received,kaspa:qq9zagcza4jt76eev9jl5z0nqhe0thcu7js8larktj4sle7lvgnw7sfcewlty,3082147962586,
39f3cb0dc244c340a785402ed2b21f41904f5386ab748083dabb21002740cfe7,2024-07-21T22:34:52.281000,received,kaspa:qq9zagcza4jt76eev9jl5z0nqhe0thcu7js8larktj4sle7lvgnw7sfcewlty,3082147962586,
39f3cb0dc244c340a785402ed2b21f41904f5386ab748083dabb21002740cfe7,2024-07-21T22:34:52.281000,received,kaspa:qq9zagcza4jt76eev9jl5z0nqhe0thcu7js8larktj4sle7lvgnw7sfcewlty,3082147962586,
39f3cb0dc244c340a785402ed2b21f41904f5386ab748083dabb21002740cfe7,2024-07-21T22:34:52.281000,received,kaspa:qq9zagcza4jt76eev9jl5z0nqhe0thcu7js8larktj4sle7lvgnw7sfcewlty,3082147962586,
910578ce8a6db7e17901ee9d2787d47179b87e06cdc1f6b6586f81b8a1018603,2023-05-16T02:33:02.474000,received,kaspa:qqetp7ct8kqss99fxmymyz5t3fezppxp0t58wl6pawp27elqd46uudme00cl0,19717455000000,
