tx_id,timestamp,direction,peer_address,amount_sompi,cex_label
db3a174a686f3f57915cde1c9b52ff6aa1e581740baa4d3ecce5f44965e534e8,2025-04-21T05:38:38.501000,sent,kaspa:qp66keaky7tqpk3vlpxg68pv4lmzcyaxxnpslavsp9eu86jpwjvlkz8jr238j,2400000000,
db3a174a686f3f57915cde1c9b52ff6aa1e581740baa4d3ecce5f44965e534e8,2025-04-21T05:38:38.501000,sent,kaspa:qzfja56x6uut28w47jrxjcdgdl8273pur5mlrxly4fezajkt8gu0zq3fnxt32,9991350,
5570b3b44a7bd3fad649bc7d2d7603712cb2034a33033548715d377e2c8bbbe5,2025-04-19T08:07:55.530000,received,kaspa:qqk7spnvxsq09e84dwhv3a8ckng3uftg2k74tnk5mzh4rlz0rc3cu5dnyqcta,127490848,
5570b3b44a7bd3fad649bc7d2d7603712cb2034a33033548715d377e2c8bbbe5,2025-04-19T08:07:55.530000,received,kaspa:qr60htent3t2xhv92l0rtn27xkct8vgg6htnfwergdluuhj8yas8zaqlcgxu5,127490848,
