tx_id,timestamp,direction,peer_address,amount_sompi,cex_label
05ac7c647325d0ec226313214eb27eb25f1c310541868b1b8647df8381b3c523,2023-09-29T21:21:27.167000,sent,kaspa:qznvtcjl2vnvxanp75mk2gwj4kvmd3q8hllu8y99jm5px4zt7v8g5qf05f366,253726858426,
bd4466d91f3bc263a16e4052576be14ea9bf3d452ced7556d9a5801ca4d7d6c7,2023-09-23T06:53:30.572000,received,kaspa:qppr7q4mykgfw4s37lh4z7pqa6x5a5aya9g0ku4dvyk4rttf2smrxk4680npn,23454892761,
ef24e5647babb7becbdfbfcc2ed5377df50b1ad5f7e25aa676680ff177c120e8,2023-08-06T18:16:56.297000,sent,kaspa:qypvuuedsr43c9txedvmdwxgcxh35m4narjxz7f74a5c86tnj5734wq5mxm5kgf,600000000000,
ef24e5647babb7becbdfbfcc2ed5377df50b1ad5f7e25aa676680ff177c120e8,2023-08-06T18:16:56.297000,sent,kaspa:qqafwn6hypggmljp8ryn6ejydw7wt8ejgmsz43gxqzq8rv7wzmksv20dk8kq3,107642031721,
46ddc29aed18223b6522a660396c5779070aa49445080995f922af90645270a5,2023-08-06T10:51:02.282000,received,kaspa:qqetp7ct8kqss99fxmymyz5t3fezppxp0t58wl6pawp27elqd46uudme00cl0,367712000000,
