tx_id,timestamp,direction,peer_address,amount_sompi,cex_label
c722886722875a64c47167723211d3ae98f8f439a99f86ac020768356ad9be05,2023-12-16T04:52:13.441000,sent,kaspa:qzslgwenzu78t6tldlng383g7ruu4enaljmnkgaulyrscjp7ldt26x8gfxck5,171940000,
c722886722875a64c47167723211d3ae98f8f439a99f86ac020768356ad9be05,2023-12-16T04:52:13.441000,sent,kaspa:qzslgwenzu78t6tldlng383g7ruu4enaljmnkgaulyrscjp7ldt26x8gfxck5,171940000,
b5e42a96547545fac379f29a0670b81bff211a422217f90fe84da6e617804aab,2023-12-12T19:50:06.763000,received,kaspa:qypswxtcrv4ssyjaswy5w9387vq73mkuyq85tl34cee6qn5uexqy0csgnafnjx7,171000000,
0538d7128a5980a76658c53ed21960f34918df8f4833be18acefcd743a581b48,2023-11-29T09:51:23.603000,sent,kaspa:qyp7rm5m09wrklss54p4vdj52yp3d07v5083gc43hp83n2cc7xgxtcggjjujcse,18000000,
5ea895495ca8e8fd72dd214a73bc540b237e61e5c51cd6978e6c801691b015dc,2023-11-29T02:58:52.430000,received,kaspa:qzgd6ztyczzv7rxjwyxt9amzufaazt8tj7z8uyy6kw5hcsx89h8pwdrly4z0u,19000000,
