tx_id,timestamp,direction,peer_address,amount_sompi,cex_label
f7156d622e4abbd30387c7174ea206fc6bc35da0e27609e854e842712c40d66a,2024-02-07T18:46:41.427000,sent,kaspa:qqnqv3rvnctfyrjteurqm0gmqfu7yjg3949yxpyxxfa4rgm9nt2zxauwq8xvs,500000000000,
f7156d622e4abbd30387c7174ea206fc6bc35da0e27609e854e842712c40d66a,2024-02-07T18:46:41.427000,sent,kaspa:qr5t7029uz9t7a2gcpt776fh99hh5gevzynwdkxzykc3zru3cxlawzlhewxuu,612681718665,
ae69608eb5493de55c49cbe6e9662fa953c4b2e02d585a42ff8446d57ee25933,2024-02-07T18:23:11.937000,received,kaspa:qp0kwxcxsvj9cx322xvf7amlc9j8pdu05h0fa4ngxu0sagf9r54n6v56eyl44,22681721885,
ae69608eb5493de55c49cbe6e9662fa953c4b2e02d585a42ff8446d57ee25933,2024-02-07T18:23:11.937000,received,kaspa:qp3qmftgxphsul9n6352xf67esgm9fr937j7puwty599krvuqw0vx96m6v8v2,22681721885,
ae69608eb5493de55c49cbe6e9662fa953c4b2e02d585a42ff8446d57ee25933,2024-02-07T18:23:11.937000,received,kaspa:qrhqu78fkyqt0n4m6758zp3klqlwrgjwc780ym8238arf84ht58ej3gxxjwuj,22681721885,
