tx_id,timestamp,direction,peer_address,amount_sompi,cex_label
554bf4d02e81852692dafc31a461d68be47ed7809733e60683005aaf7aada908,2025-05-04T15:43:30.288000,sent,kaspa:qp66keaky7tqpk3vlpxg68pv4lmzcyaxxnpslavsp9eu86jpwjvlkz8jr238j,2300000000,
554bf4d02e81852692dafc31a461d68be47ed7809733e60683005aaf7aada908,2025-05-04T15:43:30.288000,sent,kaspa:qqxsp7eqwky9g9wpdl5c4q8t0v4u9z4tfus73vcwhnqpgr6jj70z52cn8ap2s,49802083,
b51c59e0240c5082d4c93a555436efe5233065198196ac696d2d350363e2432f,2025-05-01T21:41:09.912000,received,kaspa:qpe33lasqwensys6kqcx6v2gckmmmse8rs72lpr3am3s2r3fhvrculprru2d4,77595574,
b51c59e0240c5082d4c93a555436efe5233065198196ac696d2d350363e2432f,2025-05-01T21:41:09.912000,received,kaspa:qr60htent3t2xhv92l0rtn27xkct8vgg6htnfwergdluuhj8yas8zaqlcgxu5,77595574,
