tx_id,timestamp,direction,peer_address,amount_sompi,cex_label
d95e37e0f772be7855d3527664fd86e4106c1d0849fe5fa817123221677742f4,2023-12-16T04:47:01.657000,sent,kaspa:qzslgwenzu78t6tldlng383g7ruu4enaljmnkgaulyrscjp7ldt26x8gfxck5,171940000,
d95e37e0f772be7855d3527664fd86e4106c1d0849fe5fa817123221677742f4,2023-12-16T04:47:01.657000,sent,kaspa:qzslgwenzu78t6tldlng383g7ruu4enaljmnkgaulyrscjp7ldt26x8gfxck5,171940000,
2937af5cc37028cb958c182497a558a3f27aa9234c966d64b89235fac4970dda,2023-12-12T22:21:19.166000,received,kaspa:qypswxtcrv4ssyjaswy5w9387vq73mkuyq85tl34cee6qn5uexqy0csgnafnjx7,171000000,
1d219f14dd38e945f24bd74ddc3eb19bb26b4ea001caa0416e0d6c2be0594d2e,2023-11-29T13:56:17.321000,sent,kaspa:qypvnyvvx0mgth8dqlrp2cqdrsea058zsmpz9kxg5j52p0gr5wxv62s38jc9dlu,18000000,
cd7ccc1123572f2cd1994ba89bcaf81ede07435c25892c382d985a3e97c0fc60,2023-11-28T03:45:21.030000,received,kaspa:qz2mfwckqf336hmfsmq2wesgv3up3emyec0yvszzk8g03pj05qr5u7pet9th0,19000000,
