tx_id,timestamp,direction,peer_address,amount_sompi,cex_label
4e34e56a308d26783232779bb13ae3f8b71ae970b8c79c37c3de9098f4c9f5f4,2023-12-16T04:52:15.516000,sent,kaspa:qzslgwenzu78t6tldlng383g7ruu4enaljmnkgaulyrscjp7ldt26x8gfxck5,171940000,
4e34e56a308d26783232779bb13ae3f8b71ae970b8c79c37c3de9098f4c9f5f4,2023-12-16T04:52:15.516000,sent,kaspa:qzslgwenzu78t6tldlng383g7ruu4enaljmnkgaulyrscjp7ldt26x8gfxck5,171940000,
2fe80684e7474704a2893e5b268492dbe2419f0c5854a630cccaa9b6216cc12e,2023-12-13T00:56:26.780000,received,kaspa:qypswxtcrv4ssyjaswy5w9387vq73mkuyq85tl34cee6qn5uexqy0csgnafnjx7,171000000,
75b0fdc625bcf020d2bb9a2995246cb692ded6a74d4846be715c523361318835,2023-11-29T16:38:34.482000,sent,kaspa:qyp7f3zruzld59jxv390zeq03zkcpyt3uk7mlxc4hdgmhs5c3km3aecl6gwclat,18000000,
e26dbf9938ebb49a7bb1c1013e71c9c110f4d66481ddef154f7c895839e65ef6,2023-11-29T02:18:17.115000,received,kaspa:qzcy48k6qudt2kh09sqrcjg4hhkpn0fhv989ja2jzdh7k293qf7fs0fer9g5a,19000000,
