tx_id,timestamp,direction,peer_address,amount_sompi,cex_label
81b025d247b79a5c4cc63fc7fa7af8b7d0b380bbe4f7275ad6da0cd3fd0ae80a,2024-06-09T13:54:06.895000,sent,kaspa:qpjunp39ssazf4rzfxxu0hd35xggfxn6lq0ls9u9q6peevzcmcv4xmv9q4njd,290501235970,
ec0e0d0c1404ff996880a97fb2b678bfcedd10fd5112ec69886adcaf3ea5f42b,2024-06-09T13:16:08.660000,received,kaspa:qqcpgh9apjg6y7dk3z02dxnusrf4mv42vrf7z8gluxp97vy7q98tucvyn6rcj,10000000000,
d8033811c818a669b72dd23fecc0c5bb0b04ad278ddf14bf58f8e2ef681f57db,2024-01-29T16:37:07.886000,sent,kaspa:qpjunp39ssazf4rzfxxu0hd35xggfxn6lq0ls9u9q6peevzcmcv4xmv9q4njd,1726756309,
f6a49a5b72e3012f6e0b5108ccd30bb97281e845851487397064c1ecd1b34612,2024-01-25T20:38:06.789000,sent,kaspa:qpjunp39ssazf4rzfxxu0hd35xggfxn6lq0ls9u9q6peevzcmcv4xmv9q4njd,2609514167,
d6a12772649867b15d6e95686613d6cc4a62b30a7db978519d2f3015a9477317,2023-12-30T10:17:37.820000,sent,kaspa:qpjunp39ssazf4rzfxxu0hd35xggfxn6lq0ls9u9q6peevzcmcv4xmv9q4njd,689999540000,
fac0f6b147e3c259072b538f25d1e18d3d5cffa499063823c22dcebcffeaaaf1,2023-12-27T17:25:10.638000,sent,kaspa:qpjunp39ssazf4rzfxxu0hd35xggfxn6lq0ls9u9q6peevzcmcv4xmv9q4njd,2463921477747,
f76a0359b42d95ca9565ff37e6ab787390b579b98d956ac339bda555f3f782aa,2023-11-17T14:27:22.945000,received,kaspa:qr6zwz2gcykr7uqcayp0l58t5sp6dklt46l8cczwmpz7ymltd3qpwf68k8a0j,19990000,
1673fadd73b921e1a3e28d06bd533617b0040d319f69658273ca43221cc33ad2,2023-10-29T11:53:58.656000,received,kaspa:qqk5vppcunkrcmp5dpfad50h4egrap5lc3xc938aptajpytms9kmshu9ny7z9,15000000000,
1673fadd73b921e1a3e28d06bd533617b0040d319f69658273ca43221cc33ad2,2023-10-29T11:53:58.656000,received,kaspa:qqk5vppcunkrcmp5dpfad50h4egrap5lc3xc938aptajpytms9kmshu9ny7z9,15000000000,
1673fadd73b921e1a3e28d06bd533617b0040d319f69658273ca43221cc33ad2,2023-10-29T11:53:58.656000,received,kaspa:qqk5vppcunkrcmp5dpfad50h4egrap5lc3xc938aptajpytms9kmshu9ny7z9,15000000000,
1673fadd73b921e1a3e28d06bd533617b0040d319f69658273ca43221cc33ad2,2023-10-29T11:53:58.656000,received,kaspa:qqk5vppcunkrcmp5dpfad50h4egrap5lc3xc938aptajpytms9kmshu9ny7z9,15000000000,
1673fadd73b921e1a3e28d06bd533617b0040d319f69658273ca43221cc33ad2,2023-10-29T11:53:58.656000,received,kaspa:qqk5vppcunkrcmp5dpfad50h4egrap5lc3xc938aptajpytms9kmshu9ny7z9,15000000000,
1673fadd73b921e1a3e28d06bd533617b0040d319f69658273ca43221cc33ad2,2023-10-29T11:53:58.656000,received,kaspa:qqk5vppcunkrcmp5dpfad50h4egrap5lc3xc938aptajpytms9kmshu9ny7z9,15000000000,
1673fadd73b921e1a3e28d06bd533617b0040d319f69658273ca43221cc33ad2,2023-10-29T11:53:58.656000,received,kaspa:qqk5vppcunkrcmp5dpfad50h4egrap5lc3xc938aptajpytms9kmshu9ny7z9,15000000000,
1673fadd73b921e1a3e28d06bd533617b0040d319f69658273ca43221cc33ad2,2023-10-29T11:53:58.656000,received,kaspa:qqk5vppcunkrcmp5dpfad50h4egrap5lc3xc938aptajpytms9kmshu9ny7z9,15000000000,
f4d9f4955b68fdb7d12635e04fcbfd698f956a6bbbd527f7723bb653b3bd8bce,2023-10-24T04:02:04.915000,sent,kaspa:qpjunp39ssazf4rzfxxu0hd35xggfxn6lq0ls9u9q6peevzcmcv4xmv9q4njd,35199998738344,
4c1787a40ac81b63be9616f6a2a50cf24bf3d2172ec6fee270f5c6313286e448,2023-07-30T10:35:00.793000,received,kaspa:qq2fl4w807g7v324up54nu5a2p0q84n0xswg2gtg3wu69q3fla4s57lhxl6t9,28000000000,
8e9364bd076f2e7333bdccfbf41b1df010109571df4c0572671e0373fd6f0d3e,2023-06-05T14:44:00.708000,received,kaspa:qpg8v402l35q3zt8r7yhlxjxl8haxrnaz6tezp68kyafld4eu5zlz4h5s0tr6,48977931,
ff79c1b1291aba41aae21ff7e591532990096ce9e15a4299b6d9c3fc179416be,2023-06-01T06:16:09.076000,sent,kaspa:qpjunp39ssazf4rzfxxu0hd35xggfxn6lq0ls9u9q6peevzcmcv4xmv9q4njd,58450495686490,
340dcaeabddfd210b9ef9bcb578ad64ff0b4d4e0a008c053b20ffe7d61f1349b,2023-02-03T10:13:28.411000,received,kaspa:qzztka3vrxskymfll8qvx425gcdeme8u5755kfjtc7gzsh236dpqvhwdwxdyf,672099997931,
d32406f235eb5f65955c2c1eaccccb351ba35455829db65b3b264995225cacba,2022-12-01T21:09:09.224000,received,kaspa:qqsgfxkf7kzrd65myfm9g0vt9vjd3eewtw6j8wyuuvqxqdt8wjmxg3f7jrdxl,399999997931,
