tx_id,timestamp,direction,peer_address,amount_sompi,cex_label
936bcc10863205df03944c229def43619192732f303c8c54845adf6e8c8e8411,2023-12-16T04:04:32.789000,sent,kaspa:qzslgwenzu78t6tldlng383g7ruu4enaljmnkgaulyrscjp7ldt26x8gfxck5,171940000,
936bcc10863205df03944c229def43619192732f303c8c54845adf6e8c8e8411,2023-12-16T04:04:32.789000,sent,kaspa:qzslgwenzu78t6tldlng383g7ruu4enaljmnkgaulyrscjp7ldt26x8gfxck5,171940000,
a4bb0e9fecd3d57eec4fc3f3b1969c02c711b9b9aedfa7a445467058aeff6cd8,2023-12-12T16:16:17.700000,received,kaspa:qypswxtcrv4ssyjaswy5w9387vq73mkuyq85tl34cee6qn5uexqy0csgnafnjx7,171000000,
7ae3256093a3cb22f0a886ef38ee67d02735f4ce2e0ab2957102ac86e7fe4733,2023-11-29T03:45:43.128000,sent,kaspa:qyp9graujpcudmcj9y5rk7eprry4z7wm5xtfy9f0rvxwx0dcc28069gc8kr72lt,18000000,
e007f62229051209effd38d2db96ad82a8bbe71952f59ad2f122300f815c9268,2023-11-29T00:59:20.480000,received,kaspa:qplkgm8nea7xm5wdv8ujpvd0je0jkcnuxreplzspf0mlft8htzcvkux0u4u94,19000000,
