tx_id,timestamp,direction,peer_address,amount_sompi,cex_label
9cdd623d2c6467781a8095278495614b936b2383b0f5d3a03a0ba61947bac5d8,2023-12-16T04:44:06.966000,sent,kaspa:qzslgwenzu78t6tldlng383g7ruu4enaljmnkgaulyrscjp7ldt26x8gfxck5,171940000,
9cdd623d2c6467781a8095278495614b936b2383b0f5d3a03a0ba61947bac5d8,2023-12-16T04:44:06.966000,sent,kaspa:qzslgwenzu78t6tldlng383g7ruu4enaljmnkgaulyrscjp7ldt26x8gfxck5,171940000,
7beeccf729faabed198568cea9c8930372da8f04befbe0f07221760486776d0d,2023-12-12T12:57:35.743000,received,kaspa:qypswxtcrv4ssyjaswy5w9387vq73mkuyq85tl34cee6qn5uexqy0csgnafnjx7,171000000,
12058b0c61f31700be9a1a2057c24a663854cfb70634c8cd98d1e0b722f051e7,2023-11-28T17:36:55.923000,sent,kaspa:qyp5ynuvd3ql4s5lfm6fym5vh9nemhz9cyyjteq2l5weme74x3q7kwgjrlt7mqu,18000000,
6c8d7b7c751f38bff886293849b30f96336807fe5ca2d5d51e04ba7725c966c2,2023-11-27T23:35:34.685000,received,kaspa:qzgd6ztyczzv7rxjwyxt9amzufaazt8tj7z8uyy6kw5hcsx89h8pwdrly4z0u,19000000,
