tx_id,timestamp,direction,peer_address,amount_sompi,cex_label
3b8b4109da396ba3dac803dc7171893dde4999c86fbec5f4787ea491616e5d08,2023-12-13T10:39:10.722000,sent,kaspa:qr7r8rtehym00mcmmucflvu2003fsevzc9s0rezsltzwd6jd34p2cg3nd43cf,170990000,
a8e4aaf42a39fa253d311ad741a0d309f7277a0161d3482fce30317c0a9dd236,2023-12-12T14:06:15.029000,received,kaspa:qypswxtcrv4ssyjaswy5w9387vq73mkuyq85tl34cee6qn5uexqy0csgnafnjx7,171000000,
0c974f10b574e5dc172e19a931fc26a80c36ed820968d668802b6dc4c8e1772f,2023-11-28T20:47:34.121000,sent,kaspa:qyp04juwp9jpx4d4lt7cgcsa97u8smpfjw7vk07wf0v7xhruxc3an7gsk55vgek,18000000,
b455659091893fc929fe5f518a24a060734a50cf6d562d15ddfbabd4f2357667,2023-11-28T20:39:34.968000,received,kaspa:qzf9xsxm3kalnxwgk5wvq0pzklnkj8fk5j63hg7025wql4re73ttyqc3q0wc6,18010000,
