tx_id,timestamp,direction,peer_address,amount_sompi,cex_label
0b9d8e8dbbc9ee947a0ebffa68e615d0eb43081b38c99ca8de90970e0ff2f3e6,2024-08-08T13:06:08.534000,sent,kaspa:qyp4mfpuqgd03ufaqrzr9xm6nahtjzrwmv869lnljrn4uumsh5z573s6q9z34gd,7883600000000,
ccef67d517994aeeb0507f297a486e9831c9c8bf775b8b6a130c258b1399356e,2024-08-08T11:59:43.718000,sent,kaspa:qyp4mfpuqgd03ufaqrzr9xm6nahtjzrwmv869lnljrn4uumsh5z573s6q9z34gd,1000000000,
ccef67d517994aeeb0507f297a486e9831c9c8bf775b8b6a130c258b1399356e,2024-08-08T11:59:43.718000,sent,kaspa:qyp4mfpuqgd03ufaqrzr9xm6nahtjzrwmv869lnljrn4uumsh5z573s6q9z34gd,1000000000,
4a956cab4f431953e20c240f28830000159aa726573f499df753a3992d68394a,2024-08-06T12:15:23.437000,received,kaspa:qq9zagcza4jt76eev9jl5z0nqhe0thcu7js8larktj4sle7lvgnw7sfcewlty,4907137857220,
c254dc47bbc251697d90bc14a4afdf5b1e74d34d3a24e7a9c00acf038052404c,2024-08-06T08:37:49.673000,sent,kaspa:qq9zagcza4jt76eev9jl5z0nqhe0thcu7js8larktj4sle7lvgnw7sfcewlty,5000000000000,
c254dc47bbc251697d90bc14a4afdf5b1e74d34d3a24e7a9c00acf038052404c,2024-08-06T08:37:49.673000,sent,kaspa:qq9zagcza4jt76eev9jl5z0nqhe0thcu7js8larktj4sle7lvgnw7sfcewlty,5000000000000,
b5a7a1532620e2ca3f0e3f42a27a439236e7a2ecb71260f905b55869082ee13e,2024-08-06T05:50:27.679000,received,kaspa:qq9zagcza4jt76eev9jl5z0nqhe0thcu7js8larktj4sle7lvgnw7sfcewlty,7977567738300,
f9d160ef176768b4ea0233ed5c0627469949340329e9c2afe64148a0ea319e91,2024-08-05T10:39:17.126000,sent,kaspa:qq9zagcza4jt76eev9jl5z0nqhe0thcu7js8larktj4sle7lvgnw7sfcewlty,10000000000000,
f9d160ef176768b4ea0233ed5c0627469949340329e9c2afe64148a0ea319e91,2024-08-05T10:39:17.126000,sent,kaspa:qq9zagcza4jt76eev9jl5z0nqhe0thcu7js8larktj4sle7lvgnw7sfcewlty,10000000000000,
f9d160ef176768b4ea0233ed5c0627469949340329e9c2afe64148a0ea319e91,2024-08-05T10:39:17.126000,sent,kaspa:qq9zagcza4jt76eev9jl5z0nqhe0thcu7js8larktj4sle7lvgnw7sfcewlty,10000000000000,
f9d160ef176768b4ea0233ed5c0627469949340329e9c2afe64148a0ea319e91,2024-08-05T10:39:17.126000,sent,kaspa:qq9zagcza4jt76eev9jl5z0nqhe0thcu7js8larktj4sle7lvgnw7sfcewlty,10000000000000,
51a3f729f425aaed9a94bcb2e79685c187c036b3862f649c07d59dbdbc7f05cc,2024-08-05T10:29:25.157000,received,kaspa:qyp4mfpuqgd03ufaqrzr9xm6nahtjzrwmv869lnljrn4uumsh5z573s6q9z34gd,8990000000000,
ca2db0060ea3cda7ae94912f74691b66d8417dc3ba8142bb8c0d62e20d6a56c7,2024-08-05T10:28:06.566000,received,kaspa:qyp4mfpuqgd03ufaqrzr9xm6nahtjzrwmv869lnljrn4uumsh5z573s6q9z34gd,1000000000000,
9e6edb0dd792d31e6f09980338774b27caa6fb6e268227dbc6bf5d3dcb676f75,2024-08-05T10:23:05.278000,received,kaspa:qyp4mfpuqgd03ufaqrzr9xm6nahtjzrwmv869lnljrn4uumsh5z573s6q9z34gd,10000000000,
725121342bc7bcac7b814d57e8aae863df52f512a2e452cd6a3609cc7241963b,2024-08-05T08:52:09.421000,sent,kaspa:qzvuut7xksdqqemmgp8vq5ewf2ntjne57ph6wxmrnk96xc9fpdxvxk26fyc4h,9600000000,
725121342bc7bcac7b814d57e8aae863df52f512a2e452cd6a3609cc7241963b,2024-08-05T08:52:09.421000,sent,kaspa:qzvuut7xksdqqemmgp8vq5ewf2ntjne57ph6wxmrnk96xc9fpdxvxk26fyc4h,9600000000,
f20635b3bf6ac91a138f71d658a65f1a5cb3736ae4deff413de4c662abfd2b4c,2024-08-05T08:44:28.425000,received,kaspa:qq9zagcza4jt76eev9jl5z0nqhe0thcu7js8larktj4sle7lvgnw7sfcewlty,9527247092,
7f07151544f2a371522997b4a662b7377844b1f3644fb2c8eaa07613b167fcb1,2024-08-05T08:21:52.794000,sent,kaspa:qq9zagcza4jt76eev9jl5z0nqhe0thcu7js8larktj4sle7lvgnw7sfcewlty,9900000000,
a261039204efdf11c086ef54b9a68617c1542ccab7b40f8475cb9456970a6756,2024-08-05T07:14:00.057000,received,kaspa:qyp4mfpuqgd03ufaqrzr9xm6nahtjzrwmv869lnljrn4uumsh5z573s6q9z34gd,10000000000,
a261039204efdf11c086ef54b9a68617c1542ccab7b40f8475cb9456970a6756,2024-08-05T07:14:00.057000,received,kaspa:qyp4mfpuqgd03ufaqrzr9xm6nahtjzrwmv869lnljrn4uumsh5z573s6q9z34gd,10000000000,
686cc3120f5230b86c5e0915cc3db6b66667b921ca116d2921efd22e1e686181,2023-03-22T19:52:38.831000,sent,kaspa:qqwvnkp47wsj6n4hkdlgj8dsauyx0xvefunnwvvsmpq2udd0ka8ckmpuqw3k5,3090174800000,
686cc3120f5230b86c5e0915cc3db6b66667b921ca116d2921efd22e1e686181,2023-03-22T19:52:38.831000,sent,kaspa:qqwvnkp47wsj6n4hkdlgj8dsauyx0xvefunnwvvsmpq2udd0ka8ckmpuqw3k5,3090174800000,
686cc3120f5230b86c5e0915cc3db6b66667b921ca116d2921efd22e1e686181,2023-03-22T19:52:38.831000,sent,kaspa:qqwvnkp47wsj6n4hkdlgj8dsauyx0xvefunnwvvsmpq2udd0ka8ckmpuqw3k5,3090174800000,
f51395aa353573c2538b656e9d8817417c39166e11699fc17b26dfe96edfd0d3,2023-03-19T08:02:16.107000,received,kaspa:qq8ssgqcr33sr9hyz4tckek865m8d4x25ttw757eg6u3kwaf642punt525tfj,600000000000,
f51395aa353573c2538b656e9d8817417c39166e11699fc17b26dfe96edfd0d3,2023-03-19T08:02:16.107000,received,kaspa:qzstejmuyhntd3m0lpzxkncsw36kdxvluqannvectxy4h5un855lu432zk0zj,600000000000,
f51395aa353573c2538b656e9d8817417c39166e11699fc17b26dfe96edfd0d3,2023-03-19T08:02:16.107000,received,kaspa:qpj959vy4ntq4346u65s0k4y7rs09mehkualm2qgdehm7ntq5z4nymse8csxv,600000000000,
f9dae26c9c14d7ddd1325f776641cb0b6c4cfc3b10fe22ccc5c21dd5eeda5ed1,2023-03-19T07:54:03.301000,received,kaspa:qqetp7ct8kqss99fxmymyz5t3fezppxp0t58wl6pawp27elqd46uudme00cl0,2140775000000,
00ebc737d8683c2344521c2eb92e6c2326038aabaf8ac7c282a53679229893dd,2023-03-17T07:54:01.207000,sent,kaspa:qzstejmuyhntd3m0lpzxkncsw36kdxvluqannvectxy4h5un855lu432zk0zj,100000000000,
a96cae8381c2765f12af661030e048117a7d9d91a70c7233f9e3dd1eb949da32,2023-03-16T22:02:01.546000,received,kaspa:qpzpfwcsqsxhxwup26r55fd0ghqlhyugz8cp6y3wxuddc02vcxtjg75pspnwz,449400000000,MEXC
e15598a403b55a22d0170f9dc0e953d59955b065bb855c9e0c6c4f35ccbea46b,2023-03-14T18:11:24.936000,sent,kaspa:qqwvnkp47wsj6n4hkdlgj8dsauyx0xvefunnwvvsmpq2udd0ka8ckmpuqw3k5,3658151788723,
15e04d9fe88beb1e4a28cbe2bb32315201617566f2aeeb58a6447f4117443935,2023-03-14T18:09:27.423000,sent,kaspa:qqwvnkp47wsj6n4hkdlgj8dsauyx0xvefunnwvvsmpq2udd0ka8ckmpuqw3k5,3650000000000,
15e04d9fe88beb1e4a28cbe2bb32315201617566f2aeeb58a6447f4117443935,2023-03-14T18:09:27.423000,sent,kaspa:qqwvnkp47wsj6n4hkdlgj8dsauyx0xvefunnwvvsmpq2udd0ka8ckmpuqw3k5,3650000000000,
15e04d9fe88beb1e4a28cbe2bb32315201617566f2aeeb58a6447f4117443935,2023-03-14T18:09:27.423000,sent,kaspa:qqwvnkp47wsj6n4hkdlgj8dsauyx0xvefunnwvvsmpq2udd0ka8ckmpuqw3k5,3650000000000,
2e27cf1c1ea93a26fef2f265e36e54553b9ef7fae18f9a38950898e337ee76c5,2023-03-14T14:39:47.014000,received,kaspa:qpjunp39ssazf4rzfxxu0hd35xggfxn6lq0ls9u9q6peevzcmcv4xmv9q4njd,326749000000,
87ed00a75c09a961b5145f4e066068306c918ac1ac70662749e5af0719d5f187,2023-03-13T22:03:50.498000,received,kaspa:qrgw4hxhu8rqlwc724uvqwyqv8myyy4nxq9lz3xrexrurlnxf8ahs4xugrcfw,6974402988723,
2f6f80aae47292b01f320edaca7a334821d70495986c5547753b0ae807efca61,2023-03-13T21:51:49.363000,received,kaspa:qrgw4hxhu8rqlwc724uvqwyqv8myyy4nxq9lz3xrexrurlnxf8ahs4xugrcfw,7000000000,
