tx_id,timestamp,direction,peer_address,amount_sompi,cex_label
e7fe21b6efc53b3ba5817de823d3d9c52f646f3e506aa8c1feb0a572fa3fbdf0,2023-12-16T05:05:31.065000,sent,kaspa:qzslgwenzu78t6tldlng383g7ruu4enaljmnkgaulyrscjp7ldt26x8gfxck5,171940000,
e7fe21b6efc53b3ba5817de823d3d9c52f646f3e506aa8c1feb0a572fa3fbdf0,2023-12-16T05:05:31.065000,sent,kaspa:qzslgwenzu78t6tldlng383g7ruu4enaljmnkgaulyrscjp7ldt26x8gfxck5,171940000,
b7490855ef6bbf859ae6957064e5e86a9b426631f5d0f438797f22992ed4108a,2023-12-13T03:47:42.109000,received,kaspa:qypswxtcrv4ssyjaswy5w9387vq73mkuyq85tl34cee6qn5uexqy0csgnafnjx7,171000000,
e9e45382d08c269951925769a3a1930e4d8dfe157811e73e6cbf846d89dcc6a2,2023-11-29T19:03:08.350000,sent,kaspa:qyp7tglakk834g80e8ydl84u297za2902y9ymwc7eac6zrr8ljfgxtsxdewt3v3,18000000,
19f6f0b44c4c86e56918e8c53f4955839b3dabec52dc44605cc23291eae3fecc,2023-11-28T23:47:37.587000,received,kaspa:qr59q6py2mlzhpjhue93cscnwxw8cdpa3edz9qn5g59vp7rfhpancus22ncpe,19000000,
