tx_id,timestamp,direction,peer_address,amount_sompi,cex_label
ba16694b84551ac55b3e3cd200f229dbe28e1723a01167f79812bb2ab89ea8b7,2023-12-15T08:12:47.306000,sent,kaspa:qqgp6uc45ma93sr5kkjt4dwxtunkyajl30dwre9ug9erfju259pjqm85g990t,171070000,
ba16694b84551ac55b3e3cd200f229dbe28e1723a01167f79812bb2ab89ea8b7,2023-12-15T08:12:47.306000,sent,kaspa:qqgp6uc45ma93sr5kkjt4dwxtunkyajl30dwre9ug9erfju259pjqm85g990t,171070000,
f04e6077ff2b505f9e17cff3563d3db9e84973700b579ed31e3d4f9e82ed2854,2023-12-12T05:30:19.828000,received,kaspa:qypswxtcrv4ssyjaswy5w9387vq73mkuyq85tl34cee6qn5uexqy0csgnafnjx7,171000000,
3363fc0c22a8209b474da2d598cdf9e56094349b27b7c9d76f4593fc5993dec3,2023-11-28T05:38:46.295000,sent,kaspa:qypy2pxg8mlwffmkzuac2wtq2l5gw3858ende0fddlqswuan3xtp58cfc8m8934,18000000,
07b8465d1cc6c46501d200039a35f2026a3dd755edc52f7f83791441e0d9d1c4,2023-11-27T17:29:55.966000,received,kaspa:qzjw2ftzs4xh3lje6kusg34xe5atwne40c0ezndrx2sav3udwjgvk2qqmc00l,18100000,
