tx_id,timestamp,direction,peer_address,amount_sompi,cex_label
8bac089d2f957a9728728e06d105d256159d990e3625815fe763391e90ce64f2,2024-02-17T12:50:05.875000,sent,kaspa:qqd463qjk795l7x06el7qjdh4hjtprah8mtnxx8exg8wz43fla4djkghheu25,172980000,
8bac089d2f957a9728728e06d105d256159d990e3625815fe763391e90ce64f2,2024-02-17T12:50:05.875000,sent,kaspa:qqd463qjk795l7x06el7qjdh4hjtprah8mtnxx8exg8wz43fla4djkghheu25,172980000,
e9e418485ef160c3832e5e901ccad94283ce82231a3bded37cb69e69be0c3ac1,2023-12-13T03:35:49.457000,received,kaspa:qypswxtcrv4ssyjaswy5w9387vq73mkuyq85tl34cee6qn5uexqy0csgnafnjx7,171000000,
a171860b677e6f914921f226158096bc0fb233c26d1895e3e5dc5c049d110293,2023-11-29T18:53:27.048000,sent,kaspa:qyprlstfl5t7u0m6nyfsjqvmgfrpfffqgvkctya5lqmdmfpa8y97utsufrn0z65,18000000,
29f9f5f7dcfb12803bd2cb5747cc4d17e51cee66c7356287e5fa5c65442c911d,2023-11-27T23:53:47.581000,received,kaspa:qyp9pslfu0q8wn2h0psl2k0dnexe5n68ydj72dl76ws6xslaxp475zgp2323uud,20000000,
