tx_id,timestamp,direction,peer_address,amount_sompi,cex_label
4366be4d8cc8ccbb1d495bd19620f3c423fe19eec9c25ed3628ba3aa37e935cc,2024-02-17T12:44:42.772000,sent,kaspa:qqd463qjk795l7x06el7qjdh4hjtprah8mtnxx8exg8wz43fla4djkghheu25,172980000,
4366be4d8cc8ccbb1d495bd19620f3c423fe19eec9c25ed3628ba3aa37e935cc,2024-02-17T12:44:42.772000,sent,kaspa:qqd463qjk795l7x06el7qjdh4hjtprah8mtnxx8exg8wz43fla4djkghheu25,172980000,
7f2dfb235ae9be95c1c11ac78f6ced34313788793d449d283a0239e9705194b7,2023-12-12T15:03:47.076000,received,kaspa:qypswxtcrv4ssyjaswy5w9387vq73mkuyq85tl34cee6qn5uexqy0csgnafnjx7,171000000,
ab713818bfc75a8e67345d5060cb00b9c3177c5c790e09c1596fa0626b4d9554,2023-11-29T01:19:08.899000,sent,kaspa:qypfzwqy80ke7huxlxhj4trq2qn97r6rvya8le4f7zfu2dkcg39lg0chety6pvk,18000000,
7c17014d0f86d6151565b8b50635ae01ceaf461221d666c88fa1eb9953621a25,2023-11-28T13:27:42.967000,received,kaspa:qype3mfd4s9y9lvc9qfprut60upxh2p2d424sq3ahymsg40m3yyhnfgpgyqxkn7,20000000,
