tx_id,timestamp,direction,peer_address,amount_sompi,cex_label
816b8f60510cc849283b5cd232351a14159590c58d53d4522155b7903a0c976b,2023-12-16T05:03:57.852000,sent,kaspa:qzslgwenzu78t6tldlng383g7ruu4enaljmnkgaulyrscjp7ldt26x8gfxck5,171940000,
816b8f60510cc849283b5cd232351a14159590c58d53d4522155b7903a0c976b,2023-12-16T05:03:57.852000,sent,kaspa:qzslgwenzu78t6tldlng383g7ruu4enaljmnkgaulyrscjp7ldt26x8gfxck5,171940000,
e6195d25417a30f54a2fbba73dbaf365ca656db8ca85d8789db6ff6c20535adf,2023-12-13T03:26:24.284000,received,kaspa:qypswxtcrv4ssyjaswy5w9387vq73mkuyq85tl34cee6qn5uexqy0csgnafnjx7,171000000,
fd6c91fbb46f0364bc42817a8b6dad162ac80102e25ae3433d471fc35cb87a53,2023-11-29T18:40:38.133000,sent,kaspa:qyp04xea9s9kn2a73xsm92k79pf30pxhz65c9ggygrf7e2rxxmjqjwgnlfmel40,18000000,
db91cb9edef61d9e2adb3a013bfd80abe8e00a924b8ae3224e033b15fd536285,2023-11-28T21:24:34.514000,received,kaspa:qzx39q2av8c4pcf9a2dccc0escyhhy4zx09de3cagwkeme9c325kymvu2sdhq,19000000,
