tx_id,timestamp,direction,peer_address,amount_sompi,cex_label
c8c9d4ee14fb476c8347877c1ce132a4db18d8acae2fe2bf5dfc909ee1148d0e,2023-12-16T03:37:18.396000,sent,kaspa:qzslgwenzu78t6tldlng383g7ruu4enaljmnkgaulyrscjp7ldt26x8gfxck5,171940000,
c8c9d4ee14fb476c8347877c1ce132a4db18d8acae2fe2bf5dfc909ee1148d0e,2023-12-16T03:37:18.396000,sent,kaspa:qzslgwenzu78t6tldlng383g7ruu4enaljmnkgaulyrscjp7ldt26x8gfxck5,171940000,
a6eae578e5539ad9dc2692ac70d4a9dd46e7fbf36d149e0927c3bd1cc0475271,2023-12-11T23:26:44.595000,received,kaspa:qypswxtcrv4ssyjaswy5w9387vq73mkuyq85tl34cee6qn5uexqy0csgnafnjx7,171000000,
f3ebfc4f22b6442dad47dd652539fb57891ad2e1949fea3e4fd73bf6e85fa509,2023-11-27T13:38:05.427000,sent,kaspa:qypx4zafmqlu6s25nw7p3u45ng6k6stwfczhayxfdahxdauvl23xd0q9c0zap2p,18000000,
9a17f61da0a875f4f62467838bfbe9e88ade9f4486466618683fb38cbcdd1843,2023-11-27T03:32:52.984000,received,kaspa:qqrcqcvq5llzkl3rqqnjg4s44ctwkse8t7hq580433c4a4nk5scuse0u6q5yr,19000000,
