tx_id,timestamp,direction,peer_address,amount_sompi,cex_label
5c895efa4bcaedd7c99cbe8f76748638b450a8862e3b5fff131525882341e5e5,2024-08-05T14:29:48.417000,sent,kaspa:qq9zagcza4jt76eev9jl5z0nqhe0thcu7js8larktj4sle7lvgnw7sfcewlty,6617100000000,
5c895efa4bcaedd7c99cbe8f76748638b450a8862e3b5fff131525882341e5e5,2024-08-05T14:29:48.417000,sent,kaspa:qq9zagcza4jt76eev9jl5z0nqhe0thcu7js8larktj4sle7lvgnw7sfcewlty,6617100000000,
8de8751fcfafba6e80c96e8d7a39051414e6c645432a46543a3a3153c8a0ea83,2023-06-01T21:32:05.095000,received,kaspa:qqetp7ct8kqss99fxmymyz5t3fezppxp0t58wl6pawp27elqd46uudme00cl0,7847910000000,
df34a6c8cf09b5eff11242375af1402bbc49e378ca202c6e379b57a991e9e5f0,2023-06-01T21:25:01.975000,received,kaspa:qqetp7ct8kqss99fxmymyz5t3fezppxp0t58wl6pawp27elqd46uudme00cl0,3980828000000,
