tx_id,timestamp,direction,peer_address,amount_sompi,cex_label
6a29fbed93b9b4d8901bc90e9d8b16ad405dcc4a49e34abe616186610ba5e3a8,2023-12-16T02:35:50.432000,sent,kaspa:qzslgwenzu78t6tldlng383g7ruu4enaljmnkgaulyrscjp7ldt26x8gfxck5,171940000,
6a29fbed93b9b4d8901bc90e9d8b16ad405dcc4a49e34abe616186610ba5e3a8,2023-12-16T02:35:50.432000,sent,kaspa:qzslgwenzu78t6tldlng383g7ruu4enaljmnkgaulyrscjp7ldt26x8gfxck5,171940000,
31dbdb2e6b82ceb832f9b66430bdec0591eb26d54d48827805ff2b788711d72c,2023-12-12T04:45:02.766000,received,kaspa:qypswxtcrv4ssyjaswy5w9387vq73mkuyq85tl34cee6qn5uexqy0csgnafnjx7,171000000,
05977b381cfed77a98dbad42b7abba827e85eb87daa2cd525aceb47ab4170de3,2023-11-28T04:29:51.097000,sent,kaspa:qypjceqzjjuxmmlctphs4z7g42955vh63fdc9wh63zrp7dnh4spcm2gkqgvgejs,18000000,
4f94dc518d32bfec8816650553a80ee97f0aefcf6e6a2f18d5f6b6bef9d66d80,2023-11-27T20:58:29.694000,received,kaspa:qzfhng7k890n0fpqrslnjzdayz6uqaljmh9adqymkw4qefte587s27k3n95kl,19000000,
