tx_id,timestamp,direction,peer_address,amount_sompi,cex_label
30fccce23d468c11894adddcd7e276fb7e07cd3526f68515c62eb1c934c545e7,2024-01-02T10:00:40.409000,sent,kaspa:qzhh06wfxgh3k89m7k54whm40mvtxu7w55sz6w8weyw004gsdqhm2p5jue6sj,10000000000000,
30fccce23d468c11894adddcd7e276fb7e07cd3526f68515c62eb1c934c545e7,2024-01-02T10:00:40.409000,sent,kaspa:qphrfx3hzjpz3up3lsh9zslvntzkjdplxdydjpqmevvtsgf80aexj7e3xum4q,46146686155842,
08535ca1ce5f1d1ff0c2a36a8a7e704dc4c79762c67ccda0bf916cd1ee148fd4,2023-07-16T20:21:02.005000,received,kaspa:qrgye2q2lua0ckdzjf3tmffxctttuyankyvz6exwyy89tlgchzkl7scsgjsxs,9422506493253,
08535ca1ce5f1d1ff0c2a36a8a7e704dc4c79762c67ccda0bf916cd1ee148fd4,2023-07-16T20:21:02.005000,received,kaspa:qrgye2q2lua0ckdzjf3tmffxctttuyankyvz6exwyy89tlgchzkl7scsgjsxs,9422506493253,
08535ca1ce5f1d1ff0c2a36a8a7e704dc4c79762c67ccda0bf916cd1ee148fd4,2023-07-16T20:21:02.005000,received,kaspa:qrgye2q2lua0ckdzjf3tmffxctttuyankyvz6exwyy89tlgchzkl7scsgjsxs,9422506493253,
08535ca1ce5f1d1ff0c2a36a8a7e704dc4c79762c67ccda0bf916cd1ee148fd4,2023-07-16T20:21:02.005000,received,kaspa:qrgye2q2lua0ckdzjf3tmffxctttuyankyvz6exwyy89tlgchzkl7scsgjsxs,9422506493253,
08535ca1ce5f1d1ff0c2a36a8a7e704dc4c79762c67ccda0bf916cd1ee148fd4,2023-07-16T20:21:02.005000,received,kaspa:qrgye2q2lua0ckdzjf3tmffxctttuyankyvz6exwyy89tlgchzkl7scsgjsxs,9422506493253,
08535ca1ce5f1d1ff0c2a36a8a7e704dc4c79762c67ccda0bf916cd1ee148fd4,2023-07-16T20:21:02.005000,received,kaspa:qrgye2q2lua0ckdzjf3tmffxctttuyankyvz6exwyy89tlgchzkl7scsgjsxs,9422506493253,
08535ca1ce5f1d1ff0c2a36a8a7e704dc4c79762c67ccda0bf916cd1ee148fd4,2023-07-16T20:21:02.005000,received,kaspa:qrgye2q2lua0ckdzjf3tmffxctttuyankyvz6exwyy89tlgchzkl7scsgjsxs,9422506493253,
08535ca1ce5f1d1ff0c2a36a8a7e704dc4c79762c67ccda0bf916cd1ee148fd4,2023-07-16T20:21:02.005000,received,kaspa:qrgye2q2lua0ckdzjf3tmffxctttuyankyvz6exwyy89tlgchzkl7scsgjsxs,9422506493253,
08535ca1ce5f1d1ff0c2a36a8a7e704dc4c79762c67ccda0bf916cd1ee148fd4,2023-07-16T20:21:02.005000,received,kaspa:qrgye2q2lua0ckdzjf3tmffxctttuyankyvz6exwyy89tlgchzkl7scsgjsxs,9422506493253,
08535ca1ce5f1d1ff0c2a36a8a7e704dc4c79762c67ccda0bf916cd1ee148fd4,2023-07-16T20:21:02.005000,received,kaspa:qrgye2q2lua0ckdzjf3tmffxctttuyankyvz6exwyy89tlgchzkl7scsgjsxs,9422506493253,
08535ca1ce5f1d1ff0c2a36a8a7e704dc4c79762c67ccda0bf916cd1ee148fd4,2023-07-16T20:21:02.005000,received,kaspa:qrgye2q2lua0ckdzjf3tmffxctttuyankyvz6exwyy89tlgchzkl7scsgjsxs,9422506493253,
