tx_id,timestamp,direction,peer_address,amount_sompi,cex_label
0b7eac01e1dface22a921d4b60a0c0a2fb57732a0e8208976d917250712c94c2,2023-12-07T14:06:26.034000,sent,kaspa:qq3k4du6wf2g26j7ds6fqmgtgavgm3zy676wntp2e52nsuns2n4s6xkndmx0y,257641871724,
cdf3cfe7f7613df4d36e76d3ae4f5ff9e129b6f3f7b6f7ea241090e72a04d615,2023-12-07T14:02:21.186000,received,kaspa:qqwvnkp47wsj6n4hkdlgj8dsauyx0xvefunnwvvsmpq2udd0ka8ckmpuqw3k5,257641981724,
cdf3cfe7f7613df4d36e76d3ae4f5ff9e129b6f3f7b6f7ea241090e72a04d615,2023-12-07T14:02:21.186000,received,kaspa:qqwvnkp47wsj6n4hkdlgj8dsauyx0xvefunnwvvsmpq2udd0ka8ckmpuqw3k5,257641981724,
cdf3cfe7f7613df4d36e76d3ae4f5ff9e129b6f3f7b6f7ea241090e72a04d615,2023-12-07T14:02:21.186000,received,kaspa:qqwvnkp47wsj6n4hkdlgj8dsauyx0xvefunnwvvsmpq2udd0ka8ckmpuqw3k5,257641981724,
cdf3cfe7f7613df4d36e76d3ae4f5ff9e129b6f3f7b6f7ea241090e72a04d615,2023-12-07T14:02:21.186000,received,kaspa:qqwvnkp47wsj6n4hkdlgj8dsauyx0xvefunnwvvsmpq2udd0ka8ckmpuqw3k5,257641981724,
cdf3cfe7f7613df4d36e76d3ae4f5ff9e129b6f3f7b6f7ea241090e72a04d615,2023-12-07T14:02:21.186000,received,kaspa:qqwvnkp47wsj6n4hkdlgj8dsauyx0xvefunnwvvsmpq2udd0ka8ckmpuqw3k5,257641981724,
cdf3cfe7f7613df4d36e76d3ae4f5ff9e129b6f3f7b6f7ea241090e72a04d615,2023-12-07T14:02:21.186000,received,kaspa:qqwvnkp47wsj6n4hkdlgj8dsauyx0xvefunnwvvsmpq2udd0ka8ckmpuqw3k5,257641981724,
cdf3cfe7f7613df4d36e76d3ae4f5ff9e129b6f3f7b6f7ea241090e72a04d615,2023-12-07T14:02:21.186000,received,kaspa:qqwvnkp47wsj6n4hkdlgj8dsauyx0xvefunnwvvsmpq2udd0ka8ckmpuqw3k5,257641981724,
cdf3cfe7f7613df4d36e76d3ae4f5ff9e129b6f3f7b6f7ea241090e72a04d615,2023-12-07T14:02:21.186000,received,kaspa:qqwvnkp47wsj6n4hkdlgj8dsauyx0xvefunnwvvsmpq2udd0ka8ckmpuqw3k5,257641981724,
cdf3cfe7f7613df4d36e76d3ae4f5ff9e129b6f3f7b6f7ea241090e72a04d615,2023-12-07T14:02:21.186000,received,kaspa:qqwvnkp47wsj6n4hkdlgj8dsauyx0xvefunnwvvsmpq2udd0ka8ckmpuqw3k5,257641981724,
cdf3cfe7f7613df4d36e76d3ae4f5ff9e129b6f3f7b6f7ea241090e72a04d615,2023-12-07T14:02:21.186000,received,kaspa:qqwvnkp47wsj6n4hkdlgj8dsauyx0xvefunnwvvsmpq2udd0ka8ckmpuqw3k5,257641981724,
cdf3cfe7f7613df4d36e76d3ae4f5ff9e129b6f3f7b6f7ea241090e72a04d615,2023-12-07T14:02:21.186000,received,kaspa:qqwvnkp47wsj6n4hkdlgj8dsauyx0xvefunnwvvsmpq2udd0ka8ckmpuqw3k5,257641981724,
cdf3cfe7f7613df4d36e76d3ae4f5ff9e129b6f3f7b6f7ea241090e72a04d615,2023-12-07T14:02:21.186000,received,kaspa:qqwvnkp47wsj6n4hkdlgj8dsauyx0xvefunnwvvsmpq2udd0ka8ckmpuqw3k5,257641981724,
cdf3cfe7f7613df4d36e76d3ae4f5ff9e129b6f3f7b6f7ea241090e72a04d615,2023-12-07T14:02:21.186000,received,kaspa:qqwvnkp47wsj6n4hkdlgj8dsauyx0xvefunnwvvsmpq2udd0ka8ckmpuqw3k5,257641981724,
cdf3cfe7f7613df4d36e76d3ae4f5ff9e129b6f3f7b6f7ea241090e72a04d615,2023-12-07T14:02:21.186000,received,kaspa:qqwvnkp47wsj6n4hkdlgj8dsauyx0xvefunnwvvsmpq2udd0ka8ckmpuqw3k5,257641981724,
c2c5bae4cb5cb308cefe15993f5eceb194d81e349c906d6b475e81685a79667f,2023-05-24T01:05:06.976000,sent,kaspa:qq3k4du6wf2g26j7ds6fqmgtgavgm3zy676wntp2e52nsuns2n4s6xkndmx0y,1185134980000,
92366434b09bd8975696754c038be5c304ce1e73085c4698cf9f7822365bfc02,2023-05-24T01:00:39.832000,received,kaspa:qrelgny7sr3vahq69yykxx36m65gvmhryxrlwngfzgu8xkdslum2yxjp3ap8m,1185135000000,Gate.io
