tx_id,timestamp,direction,peer_address,amount_sompi,cex_label
4119a5c2ff3d092a583251a5ed139320b62855959ca43f7ae268dade0b60f74f,2023-12-19T04:25:24.114000,sent,kaspa:qrkaxvl2tw6pq6zx9xrr9lqnt9x72upf0hsrp3cvgcmfz77m50ycua35nz200,172970000,
4119a5c2ff3d092a583251a5ed139320b62855959ca43f7ae268dade0b60f74f,2023-12-19T04:25:24.114000,sent,kaspa:qrkaxvl2tw6pq6zx9xrr9lqnt9x72upf0hsrp3cvgcmfz77m50ycua35nz200,172970000,
9727355fa6c101f05206887349286cc2f05ac4e6c802866f710847ba34a50287,2023-12-12T18:06:06.641000,received,kaspa:qypswxtcrv4ssyjaswy5w9387vq73mkuyq85tl34cee6qn5uexqy0csgnafnjx7,171000000,
22abed5aff1c85a94af23ef6e21dc29e8ca9c270ba8e887c655c65f212036325,2023-11-29T06:49:21.881000,sent,kaspa:qyp0hprs80luq5r3zrdhyjdezm7wxtjzpvqyfl2a7xejz3cux2q5m2svw9ya6h5,18000000,
c80cd965448f0f07ee1632e469c8728656d6fc6ace54a58329865b2baaa833e4,2023-11-28T10:38:09.221000,received,kaspa:qrmt6jdwvfu2hjesxeem06cmdl85lc0uh055cn24wt6fu2rj6y9jzwuhvmtvy,20000000,
