tx_id,timestamp,direction,peer_address,amount_sompi,cex_label
149e6a025753d3ac3cef40625827341e336d176cfd6548930d8c3dd3671c085a,2023-12-16T04:47:26.578000,sent,kaspa:qzslgwenzu78t6tldlng383g7ruu4enaljmnkgaulyrscjp7ldt26x8gfxck5,171940000,
149e6a025753d3ac3cef40625827341e336d176cfd6548930d8c3dd3671c085a,2023-12-16T04:47:26.578000,sent,kaspa:qzslgwenzu78t6tldlng383g7ruu4enaljmnkgaulyrscjp7ldt26x8gfxck5,171940000,
cc2ada7f4e9f22ae6b5f5efd9e2cabb3a270fae6adeb6838c57dc3874b5a5fc5,2023-12-12T22:32:35.688000,received,kaspa:qypswxtcrv4ssyjaswy5w9387vq73mkuyq85tl34cee6qn5uexqy0csgnafnjx7,171000000,
2ed65c575e5fe4375930beb5229707b197e56025a8ea228d89f743aa50ce00e9,2023-11-29T14:09:28.754000,sent,kaspa:qypv8lljxzehajry2rz3yqczj5jhh3aq8ntkeh73jexm03pn73cxqqsy6mtt3f6,18000000,
bdf212a5fad5a0d904acfd1fa06d98d1107dd4277dd41820ffce73a24e917043,2023-11-28T05:30:12.239000,received,kaspa:qz2mfwckqf336hmfsmq2wesgv3up3emyec0yvszzk8g03pj05qr5u7pet9th0,19000000,
