tx_id,timestamp,direction,peer_address,amount_sompi,cex_label
284f024d95f96e87d1dec27ccdfbfe7de240e743d5f38e17317502bb8661f746,2024-04-02T06:12:05.989000,received,kaspa:qq9zagcza4jt76eev9jl5z0nqhe0thcu7js8larktj4sle7lvgnw7sfcewlty,75153652098,
284f024d95f96e87d1dec27ccdfbfe7de240e743d5f38e17317502bb8661f746,2024-04-02T06:12:05.989000,received,kaspa:qq9zagcza4jt76eev9jl5z0nqhe0thcu7js8larktj4sle7lvgnw7sfcewlty,75153652098,
b4edd4155614427d01b7e5caf341d3ba8d10f852ac6fb546d7e28bae0a6ab23b,2023-08-01T13:53:01.885000,sent,kaspa:qrh8yggsqkn7qcm4ygc998hg345280uu4w8tacp3aee799tkwmp3yuqhc9nxj,4460199830000,
d39b54419a1d900d3c33a1d9fc124e7a2a3066f9f0e380faf0770c74c78b9a20,2023-08-01T02:14:09.783000,sent,kaspa:qrh8yggsqkn7qcm4ygc998hg345280uu4w8tacp3aee799tkwmp3yuqhc9nxj,100000000,
d39b54419a1d900d3c33a1d9fc124e7a2a3066f9f0e380faf0770c74c78b9a20,2023-08-01T02:14:09.783000,sent,kaspa:qrh8yggsqkn7qcm4ygc998hg345280uu4w8tacp3aee799tkwmp3yuqhc9nxj,100000000,
a4f8586214a140fa70a6a2d7da002f030cc2e1d8937064e47e11dd0388622df2,2023-07-12T16:50:10.483000,received,kaspa:qq3k4du6wf2g26j7ds6fqmgtgavgm3zy676wntp2e52nsuns2n4s6xkndmx0y,4450300030000,
e88ac15e94bdb12184c53fbdca3a8b5346df9e308ed8e7096181e2efc1ff0e55,2023-07-12T16:34:13.147000,received,kaspa:qq3k4du6wf2g26j7ds6fqmgtgavgm3zy676wntp2e52nsuns2n4s6xkndmx0y,10000000000,
