tx_id,timestamp,direction,peer_address,amount_sompi,cex_label
1a9b3eb046ac5968a371cff98408d1f596527a2b6af18f3658c97bc5559db5e2,2023-12-16T04:26:08.246000,sent,kaspa:qzslgwenzu78t6tldlng383g7ruu4enaljmnkgaulyrscjp7ldt26x8gfxck5,171940000,
1a9b3eb046ac5968a371cff98408d1f596527a2b6af18f3658c97bc5559db5e2,2023-12-16T04:26:08.246000,sent,kaspa:qzslgwenzu78t6tldlng383g7ruu4enaljmnkgaulyrscjp7ldt26x8gfxck5,171940000,
3de6e90138e04db6b33e293e388e3eec2785e748f128eab3758a1097f7465f73,2023-12-12T12:37:06.071000,received,kaspa:qypswxtcrv4ssyjaswy5w9387vq73mkuyq85tl34cee6qn5uexqy0csgnafnjx7,171000000,
81fe3bf813e834525696f9e876cda8c6a1e790bd47d068282642a42dfd3c6934,2023-11-28T17:10:51.403000,sent,kaspa:qyp6z6389f4rrznr94faeadnhzgdpyprvvwsu54uaj7gj8raxps7elszh49kulg,18000000,
022c8574c1bfc65f60448e057732c33d421edf3390c145fd8f61dabdf76be3ff,2023-11-27T22:07:30.979000,received,kaspa:qr5fd84m2hrt4lkqt6s5gjc2lwlsve5vd4eqyvtz3uagvau68w5d2zkljale4,19000000,
