tx_id,timestamp,direction,peer_address,amount_sompi,cex_label
7faf291b1bedb55af3fcb63b6ea03adb2b37c1ecae3cb36f7600e416238cc302,2023-12-16T04:24:23.914000,sent,kaspa:qzslgwenzu78t6tldlng383g7ruu4enaljmnkgaulyrscjp7ldt26x8gfxck5,171940000,
7faf291b1bedb55af3fcb63b6ea03adb2b37c1ecae3cb36f7600e416238cc302,2023-12-16T04:24:23.914000,sent,kaspa:qzslgwenzu78t6tldlng383g7ruu4enaljmnkgaulyrscjp7ldt26x8gfxck5,171940000,
8ae9c411cd8a486cc66ed089ae32c7693947b55d3405f2236c18b7ef1cf635ba,2023-12-12T11:15:54.381000,received,kaspa:qypswxtcrv4ssyjaswy5w9387vq73mkuyq85tl34cee6qn5uexqy0csgnafnjx7,171000000,
8f2e21b772ffc190d74935395ee45cfbe0b9d480328ea12b15a07289e5ff36d9,2023-11-28T15:36:57.158000,sent,kaspa:qypzftg2f062hq9hm02na7xrtpja4z48ljzdu47ngwtp78p6l5wt87ql7gp5kvm,18000000,
56180856269434f54c873fad66e0d8a19458c893eac845e595e06d3b5d708768,2023-11-27T18:17:51.071000,received,kaspa:qr8y2cptndc87jqgkjh6rprjjuft7jw5ejvslqpytfe84dxzagefulpx60480,19000000,
