tx_id,timestamp,direction,peer_address,amount_sompi,cex_label
ac93afcd6a6e155c1faac65c8221d99dbb0901499cde0c3b1af8838a9dabd313,2023-12-16T04:54:09.916000,sent,kaspa:qzslgwenzu78t6tldlng383g7ruu4enaljmnkgaulyrscjp7ldt26x8gfxck5,171940000,
ac93afcd6a6e155c1faac65c8221d99dbb0901499cde0c3b1af8838a9dabd313,2023-12-16T04:54:09.916000,sent,kaspa:qzslgwenzu78t6tldlng383g7ruu4enaljmnkgaulyrscjp7ldt26x8gfxck5,171940000,
c08ce4a2e240496a3f204b08e41d0261890b1fd3cf55304f9d5b792e2ee991d6,2023-12-12T22:34:34.621000,received,kaspa:qypswxtcrv4ssyjaswy5w9387vq73mkuyq85tl34cee6qn5uexqy0csgnafnjx7,171000000,
6ab7d5e4279fa496cde2d7d9e072503cc7a79ffae0566c5d84cceb756f912ef8,2023-11-29T14:11:04.199000,sent,kaspa:qypx069nmnh4mfk5n4kxjqanjp50tt3kd9d485ras24rsp6z3d7fa5sglx8l7a2,18000000,
ad44394fb5813a225e576e076a7031992e72cbe9c052494f72f9e8d8d270c4dc,2023-11-29T11:19:24.836000,received,kaspa:qzc6tgr7ct50lg548lvcu88t7ee7zgmt6pc5ska3l5ltjn7uyufdjx2h45tfz,19000000,
