tx_id,timestamp,direction,peer_address,amount_sompi,cex_label
7a8bfb89e4262b0ecdd49634612d9862ffaf639f7df89882cfc8c93345999f3c,2025-05-16T10:14:26.423000,sent,kaspa:qpp6xlv08qmhk3fs582859md4chhakcpulspelw8dsm2n3h2nz2lu9qpqc4kk,1214499860000,
4c06c868c689ee2f98c2044e9bc2c7cb36c7e4f70eea0abb9e621bc1f85ac3ba,2025-05-16T10:09:59.556000,sent,kaspa:qz7p4sgx3qluvlqmq4reem97ffr4wp694ycufxqmltmz7cljwx69gx53ptnsx,134999940000,
5cbf7700753dbdde3b364b406faf755b36077d1af936095df20785628bd3fb88,2025-05-16T10:06:42.112000,sent,kaspa:qrehevgcccuvmfp99nmk9c7y5fhhwcx2zcv3jmyjmwwzh5f5ftmfv3yknt3f6,149982292722,
0c590d91addb585924ab9287936a773f56212b3682e3fcf8b47d4f4446b0dbae,2025-05-16T10:04:42.133000,sent,kaspa:qrehevgcccuvmfp99nmk9c7y5fhhwcx2zcv3jmyjmwwzh5f5ftmfv3yknt3f6,10000000000,
0c590d91addb585924ab9287936a773f56212b3682e3fcf8b47d4f4446b0dbae,2025-05-16T10:04:42.133000,sent,kaspa:qrehevgcccuvmfp99nmk9c7y5fhhwcx2zcv3jmyjmwwzh5f5ftmfv3yknt3f6,10000000000,
21046a3f1226ab21b8ad68b0260ba5e00f377cab83898e48e0365822df2ee557,2024-04-01T06:47:13.520000,received,kaspa:qq9zagcza4jt76eev9jl5z0nqhe0thcu7js8larktj4sle7lvgnw7sfcewlty,9582392722,
21046a3f1226ab21b8ad68b0260ba5e00f377cab83898e48e0365822df2ee557,2024-04-01T06:47:13.520000,received,kaspa:qq9zagcza4jt76eev9jl5z0nqhe0thcu7js8larktj4sle7lvgnw7sfcewlty,9582392722,
0a5a0076ad3ace606cdf11b6ccfd247ccc1c8122a0853fe3d6cc50c24790d56b,2023-07-27T08:53:12.455000,received,kaspa:qq3k4du6wf2g26j7ds6fqmgtgavgm3zy676wntp2e52nsuns2n4s6xkndmx0y,1500000000000,
