tx_id,timestamp,direction,peer_address,amount_sompi,cex_label
8441644cc5a617eb3c9bb569002b68ba2034a538d8bf5c656d04be97b3c8d24d,2023-11-03T17:26:45.971000,sent,kaspa:qyp7tpr782mcamgj6hhsn6r5zz9zc0mzwh89l807xekmsmzrwmmm8ngax395h7p,10000000000000,
8441644cc5a617eb3c9bb569002b68ba2034a538d8bf5c656d04be97b3c8d24d,2023-11-03T17:26:45.971000,sent,kaspa:qrlhnhy9eef02gsqpc3hxpu5tukw0elam67269uakc3wrkx9mzad2agfrt0wc,3039428509491,
5b0e7b6f174f25932bf29bb97a4e6647d1ebbe08c2c2b935b5b28d6b2e0dedd4,2023-10-18T09:10:05.447000,received,kaspa:qqetp7ct8kqss99fxmymyz5t3fezppxp0t58wl6pawp27elqd46uudme00cl0,9997000000000,
b2a9e1b43fc46635c8bdb4084830d020567a6a0157333dae09accdbbd6d3640d,2023-10-16T17:42:35.110000,sent,kaspa:qzxf9y9pnpd3s9px9dctcjt09uugms282qsx3hue8turt4dfkccecuh07m06a,10532428522193,
bbb75f58aeaebe6ba2eb6fca1a79937c8eb9e529b299c6a8669b6b7bafb2b275,2023-08-24T08:32:58.768000,received,kaspa:qz5ej4z3xhe6tr7k64j8zxglnucryjqkpxrs4aqk6u7q603y90k0zgnvxf3xv,100000000,
