tx_id,timestamp,direction,peer_address,amount_sompi,cex_label
a5e762a163f474c54ecfb94604314daa552f459f47b5511a4aeb04b49a99e020,2023-12-17T09:19:35.647000,sent,kaspa:qrvmv475repu9xvty0np5mmu3evetfmu7zglsvcm8zdrxzzehpjwgcd05jpa4,171070000,
a5e762a163f474c54ecfb94604314daa552f459f47b5511a4aeb04b49a99e020,2023-12-17T09:19:35.647000,sent,kaspa:qrvmv475repu9xvty0np5mmu3evetfmu7zglsvcm8zdrxzzehpjwgcd05jpa4,171070000,
f77396d5f0d76a276253e92c4e8455040b282d1777462c4f592e0ec0b74ec365,2023-12-12T05:58:01.758000,received,kaspa:qypswxtcrv4ssyjaswy5w9387vq73mkuyq85tl34cee6qn5uexqy0csgnafnjx7,171000000,
5b550ca3588d0b0aae1cad53950446b76279e51a43f4d0834f82a76e123061c2,2023-11-28T06:22:55.427000,sent,kaspa:qypkr6nt6y2p0n7fp3hpcnckj5474vdzr6xlwmdsdrdey5kh05whruqhzp6ghfe,18000000,
d44d76c57b467242ea3dea103bbb2e6d9811b5f5bb811eb58137d19eb9b811d5,2023-11-27T15:32:27.901000,received,kaspa:qrlqmycz699f8t95wcg0ahff20euyqzz64adfcjs0gyq4dnytqth2y862up27,18100000,
