tx_id,timestamp,direction,peer_address,amount_sompi,cex_label
c2550b5330045064ca60e2b40ebd3bac2951027637cb9720b25204261ad0d5a9,2023-12-16T04:46:31.645000,sent,kaspa:qzslgwenzu78t6tldlng383g7ruu4enaljmnkgaulyrscjp7ldt26x8gfxck5,171940000,
c2550b5330045064ca60e2b40ebd3bac2951027637cb9720b25204261ad0d5a9,2023-12-16T04:46:31.645000,sent,kaspa:qzslgwenzu78t6tldlng383g7ruu4enaljmnkgaulyrscjp7ldt26x8gfxck5,171940000,
07dd8febe0a84855ff909ad9297f3896eb0a61da84c2204270f56f093f41a25e,2023-12-12T22:33:41.032000,received,kaspa:qypswxtcrv4ssyjaswy5w9387vq73mkuyq85tl34cee6qn5uexqy0csgnafnjx7,171000000,
24260407cc065e6748707b3d3e6bfc67e0ce0b28a163ee5b0bc007de42d4377a,2023-11-29T14:10:19.821000,sent,kaspa:qypflp66wjj0j8dd539gd5euahwc6jwvkjxghzwnhv47vztyp2avp3qjjv5hr8e,18000000,
407890d1962ecfeacdab380bd3d696af39c4371e4235275944414b2658af58d0,2023-11-27T22:13:18.427000,received,kaspa:qzmylezddvj3n5hr4d4yl2gkkukqqf8wsx3gq2devnvyjla5z94lqz3fhkqqh,19000000,
