tx_id,timestamp,direction,peer_address,amount_sompi,cex_label
a80b735b928ae3d3483b0c50b40cbc1eb10075c999de9cd35206d2c38c46179f,2023-12-16T04:14:04.767000,sent,kaspa:qzslgwenzu78t6tldlng383g7ruu4enaljmnkgaulyrscjp7ldt26x8gfxck5,171940000,
a80b735b928ae3d3483b0c50b40cbc1eb10075c999de9cd35206d2c38c46179f,2023-12-16T04:14:04.767000,sent,kaspa:qzslgwenzu78t6tldlng383g7ruu4enaljmnkgaulyrscjp7ldt26x8gfxck5,171940000,
b7c26555667128934770f93317651fb5f0a43bc79e552e8c9d0c1a8691d37949,2023-12-12T09:45:52.665000,received,kaspa:qypswxtcrv4ssyjaswy5w9387vq73mkuyq85tl34cee6qn5uexqy0csgnafnjx7,171000000,
d7393b15a829b10295c1781eceec3cf599e669ac09557bbf1163e000358d7d72,2023-11-28T13:50:17.188000,sent,kaspa:qypwy0eh64yj6k2fc4u54xyswuf30cr47qwpd7q87n5kcequxg0spzcq26wjce5,18000000,
825c3497e378063fd9e2bf28b7a5b9be3b1aa9bb007586a3f590f90b769539ad,2023-11-27T18:54:12.474000,received,kaspa:qp8a2fcu2cxaltk6t2uh0m0pgx8jxydj5wsd66gept78s8x68n98qdvhh8tzp,19000000,
