tx_id,timestamp,direction,peer_address,amount_sompi,cex_label
33a84d61f125934fc20c3345f4d0a1fb8e7a73f82f557ea9393c49356cbe22b5,2023-12-16T05:06:54.231000,sent,kaspa:qzslgwenzu78t6tldlng383g7ruu4enaljmnkgaulyrscjp7ldt26x8gfxck5,171940000,
33a84d61f125934fc20c3345f4d0a1fb8e7a73f82f557ea9393c49356cbe22b5,2023-12-16T05:06:54.231000,sent,kaspa:qzslgwenzu78t6tldlng383g7ruu4enaljmnkgaulyrscjp7ldt26x8gfxck5,171940000,
395c0a482c203bf83d2053e04ae0ef80e87f12c5ff7c15fc6251df28d517afa2,2023-12-13T04:16:09.921000,received,kaspa:qypswxtcrv4ssyjaswy5w9387vq73mkuyq85tl34cee6qn5uexqy0csgnafnjx7,171000000,
d279ae5a6233d973af1be4a8c6866fd0ae433abd158846ac6a54fa1fa28d5018,2023-11-29T19:31:26.724000,sent,kaspa:qypn9m977jceclvrur6pazu4fuk3kzkl9m42qj39trj2vatxnhrs0mc0kach02n,18000000,
081c38307855239724c3a358f3ae4264e882879714bcd35375cc7ece62c59937,2023-11-29T02:59:50.309000,received,kaspa:qr59q6py2mlzhpjhue93cscnwxw8cdpa3edz9qn5g59vp7rfhpancus22ncpe,19000000,
