tx_id,timestamp,direction,peer_address,amount_sompi,cex_label
f8090eb5c9c4901e21064c1121a306dce73f14ede9f5944280253ca5de572753,2023-12-14T01:26:06.989000,sent,kaspa:qzur03nkqdu3w209dxmpttyp028ttkt3jy86tq3f6zmk9ydvz7s7yf4lpz8dq,4630000000,
f8090eb5c9c4901e21064c1121a306dce73f14ede9f5944280253ca5de572753,2023-12-14T01:26:06.989000,sent,kaspa:qzur03nkqdu3w209dxmpttyp028ttkt3jy86tq3f6zmk9ydvz7s7yf4lpz8dq,4630000000,
f8090eb5c9c4901e21064c1121a306dce73f14ede9f5944280253ca5de572753,2023-12-14T01:26:06.989000,sent,kaspa:qzur03nkqdu3w209dxmpttyp028ttkt3jy86tq3f6zmk9ydvz7s7yf4lpz8dq,4630000000,
f8090eb5c9c4901e21064c1121a306dce73f14ede9f5944280253ca5de572753,2023-12-14T01:26:06.989000,sent,kaspa:qzur03nkqdu3w209dxmpttyp028ttkt3jy86tq3f6zmk9ydvz7s7yf4lpz8dq,4630000000,
f8090eb5c9c4901e21064c1121a306dce73f14ede9f5944280253ca5de572753,2023-12-14T01:26:06.989000,sent,kaspa:qzur03nkqdu3w209dxmpttyp028ttkt3jy86tq3f6zmk9ydvz7s7yf4lpz8dq,4630000000,
f8090eb5c9c4901e21064c1121a306dce73f14ede9f5944280253ca5de572753,2023-12-14T01:26:06.989000,sent,kaspa:qzur03nkqdu3w209dxmpttyp028ttkt3jy86tq3f6zmk9ydvz7s7yf4lpz8dq,4630000000,
f8090eb5c9c4901e21064c1121a306dce73f14ede9f5944280253ca5de572753,2023-12-14T01:26:06.989000,sent,kaspa:qzur03nkqdu3w209dxmpttyp028ttkt3jy86tq3f6zmk9ydvz7s7yf4lpz8dq,4630000000,
f8090eb5c9c4901e21064c1121a306dce73f14ede9f5944280253ca5de572753,2023-12-14T01:26:06.989000,sent,kaspa:qzur03nkqdu3w209dxmpttyp028ttkt3jy86tq3f6zmk9ydvz7s7yf4lpz8dq,4630000000,
f8090eb5c9c4901e21064c1121a306dce73f14ede9f5944280253ca5de572753,2023-12-14T01:26:06.989000,sent,kaspa:qzur03nkqdu3w209dxmpttyp028ttkt3jy86tq3f6zmk9ydvz7s7yf4lpz8dq,4630000000,
f8090eb5c9c4901e21064c1121a306dce73f14ede9f5944280253ca5de572753,2023-12-14T01:26:06.989000,sent,kaspa:qzur03nkqdu3w209dxmpttyp028ttkt3jy86tq3f6zmk9ydvz7s7yf4lpz8dq,4630000000,
f8090eb5c9c4901e21064c1121a306dce73f14ede9f5944280253ca5de572753,2023-12-14T01:26:06.989000,sent,kaspa:qzur03nkqdu3w209dxmpttyp028ttkt3jy86tq3f6zmk9ydvz7s7yf4lpz8dq,4630000000,
f8090eb5c9c4901e21064c1121a306dce73f14ede9f5944280253ca5de572753,2023-12-14T01:26:06.989000,sent,kaspa:qzur03nkqdu3w209dxmpttyp028ttkt3jy86tq3f6zmk9ydvz7s7yf4lpz8dq,4630000000,
f8090eb5c9c4901e21064c1121a306dce73f14ede9f5944280253ca5de572753,2023-12-14T01:26:06.989000,sent,kaspa:qzur03nkqdu3w209dxmpttyp028ttkt3jy86tq3f6zmk9ydvz7s7yf4lpz8dq,4630000000,
f8090eb5c9c4901e21064c1121a306dce73f14ede9f5944280253ca5de572753,2023-12-14T01:26:06.989000,sent,kaspa:qzur03nkqdu3w209dxmpttyp028ttkt3jy86tq3f6zmk9ydvz7s7yf4lpz8dq,4630000000,
f8090eb5c9c4901e21064c1121a306dce73f14ede9f5944280253ca5de572753,2023-12-14T01:26:06.989000,sent,kaspa:qzur03nkqdu3w209dxmpttyp028ttkt3jy86tq3f6zmk9ydvz7s7yf4lpz8dq,4630000000,
f8090eb5c9c4901e21064c1121a306dce73f14ede9f5944280253ca5de572753,2023-12-14T01:26:06.989000,sent,kaspa:qzur03nkqdu3w209dxmpttyp028ttkt3jy86tq3f6zmk9ydvz7s7yf4lpz8dq,4630000000,
f8090eb5c9c4901e21064c1121a306dce73f14ede9f5944280253ca5de572753,2023-12-14T01:26:06.989000,sent,kaspa:qzur03nkqdu3w209dxmpttyp028ttkt3jy86tq3f6zmk9ydvz7s7yf4lpz8dq,4630000000,
f8090eb5c9c4901e21064c1121a306dce73f14ede9f5944280253ca5de572753,2023-12-14T01:26:06.989000,sent,kaspa:qzur03nkqdu3w209dxmpttyp028ttkt3jy86tq3f6zmk9ydvz7s7yf4lpz8dq,4630000000,
f8090eb5c9c4901e21064c1121a306dce73f14ede9f5944280253ca5de572753,2023-12-14T01:26:06.989000,sent,kaspa:qzur03nkqdu3w209dxmpttyp028ttkt3jy86tq3f6zmk9ydvz7s7yf4lpz8dq,4630000000,
f8090eb5c9c4901e21064c1121a306dce73f14ede9f5944280253ca5de572753,2023-12-14T01:26:06.989000,sent,kaspa:qzur03nkqdu3w209dxmpttyp028ttkt3jy86tq3f6zmk9ydvz7s7yf4lpz8dq,4630000000,
f8090eb5c9c4901e21064c1121a306dce73f14ede9f5944280253ca5de572753,2023-12-14T01:26:06.989000,sent,kaspa:qzur03nkqdu3w209dxmpttyp028ttkt3jy86tq3f6zmk9ydvz7s7yf4lpz8dq,4630000000,
f8090eb5c9c4901e21064c1121a306dce73f14ede9f5944280253ca5de572753,2023-12-14T01:26:06.989000,sent,kaspa:qzur03nkqdu3w209dxmpttyp028ttkt3jy86tq3f6zmk9ydvz7s7yf4lpz8dq,4630000000,
f8090eb5c9c4901e21064c1121a306dce73f14ede9f5944280253ca5de572753,2023-12-14T01:26:06.989000,sent,kaspa:qzur03nkqdu3w209dxmpttyp028ttkt3jy86tq3f6zmk9ydvz7s7yf4lpz8dq,4630000000,
f8090eb5c9c4901e21064c1121a306dce73f14ede9f5944280253ca5de572753,2023-12-14T01:26:06.989000,sent,kaspa:qzur03nkqdu3w209dxmpttyp028ttkt3jy86tq3f6zmk9ydvz7s7yf4lpz8dq,4630000000,
f8090eb5c9c4901e21064c1121a306dce73f14ede9f5944280253ca5de572753,2023-12-14T01:26:06.989000,sent,kaspa:qzur03nkqdu3w209dxmpttyp028ttkt3jy86tq3f6zmk9ydvz7s7yf4lpz8dq,4630000000,
f8090eb5c9c4901e21064c1121a306dce73f14ede9f5944280253ca5de572753,2023-12-14T01:26:06.989000,sent,kaspa:qzur03nkqdu3w209dxmpttyp028ttkt3jy86tq3f6zmk9ydvz7s7yf4lpz8dq,4630000000,
f8090eb5c9c4901e21064c1121a306dce73f14ede9f5944280253ca5de572753,2023-12-14T01:26:06.989000,sent,kaspa:qzur03nkqdu3w209dxmpttyp028ttkt3jy86tq3f6zmk9ydvz7s7yf4lpz8dq,4630000000,
f8090eb5c9c4901e21064c1121a306dce73f14ede9f5944280253ca5de572753,2023-12-14T01:26:06.989000,sent,kaspa:qzur03nkqdu3w209dxmpttyp028ttkt3jy86tq3f6zmk9ydvz7s7yf4lpz8dq,4630000000,
d1406ca04e2e216e472482698ff66b9773e349083def0eb69d98f11e43819a58,2023-12-12T02:14:13.188000,received,kaspa:qyp7pdnl7lcvupjaqrq07jgytn27yctey22a0l4hj6yy6w8ujauzzeg3wyd5jt4,171000000,
00e66948f401fd2177beee62cff8bbd0c4a2a3cb69e843b4daaca4cfcf07eb12,2023-12-12T02:14:04.412000,received,kaspa:qypxh795z50lqe9u3fqnmlwyw7fjgw5xsd0ey6ltg0t3qwvhfpuqakgrgux5h9d,171000000,
bb1f032383fa6a16a6d5368bef2cb0122c5ccccfea3ab8e9c713666a637ad912,2023-12-12T02:13:42.563000,received,kaspa:qypl86lat3lsadpv20ywkl4he24sj5klmvdsm4k30ndlmyq63g8fcaqgn725vdv,171000000,
3baf430853707e2aeb7da40008930366f3f4c875fa37ada11766a0dbeeb7c90c,2023-12-12T02:13:27.128000,received,kaspa:qyp0jd37dhx6sqrr682y6cme89gjn4quzpeuuu3y9c82drvcpnecjjcssx3qp4x,171000000,
20ceae9df218a22210b7e10565c2a7129c91d1f2a33879a8ba2013e0f51201ef,2023-12-12T02:13:22.721000,received,kaspa:qyplygdysxukhd27ua75kjvmvs8j04dz0apehqpgudgez74zym5jauqpt8f52gc,171000000,
984863dc338472fcad37c6e3cfd4b6bf54d1256a579a7508a06ef32b137870e4,2023-12-12T02:13:15.399000,received,kaspa:qyprcjlnm6na4u2gkg476zv2qyl0vqvwssyj8zqrfxsvk0k8vyaha5stj42hf4h,171000000,
51e57a73472fe5d21dcad8c1d988216cd0545304e17fa7387af0e2ac82ceaccd,2023-12-12T02:13:04.379000,received,kaspa:qypl6a6nm0hqlpqz5k628yrc59vl9gpx5ulqwxsr36pua75u9gevxhgq8nrc0km,171000000,
2b36c1188f5ef1c486d851b56e8e04e57c80931a19543e353dec682312813641,2023-12-12T02:12:35.551000,received,kaspa:qype3mfd4s9y9lvc9qfprut60upxh2p2d424sq3ahymsg40m3yyhnfgpgyqxkn7,171000000,
24e96a0eb6d66d77e104bd34c1063c8c8d38abecb2a288be3aecb510f285e53b,2023-12-12T02:12:34.199000,received,kaspa:qyp0jd37dhx6sqrr682y6cme89gjn4quzpeuuu3y9c82drvcpnecjjcssx3qp4x,171000000,
1628f34c29ef494851e105b7d5137b7b29156b2a900ca70d77be70e7c064d9eb,2023-12-12T02:12:30.731000,received,kaspa:qyplygdysxukhd27ua75kjvmvs8j04dz0apehqpgudgez74zym5jauqpt8f52gc,171000000,
518d17739d76a796208396dfede466bc1228f35780959f6d37db53c52b2c7f61,2023-12-12T02:12:17.790000,received,kaspa:qypqhwaag39ahn934e9njgp5uuzr7zxgcwtqpzwrkehmxrgl608urmg4e9n5dh0,171000000,
d585477e96d9667377ea3b4a6026e9a06df26ea516611bb8f2afb8f967d65137,2023-12-12T02:12:14.449000,received,kaspa:qypl6a6nm0hqlpqz5k628yrc59vl9gpx5ulqwxsr36pua75u9gevxhgq8nrc0km,171000000,
914e8817c6f12829f1ffa1667d933cb42729e9b6476b2652e933d7c5eed48d78,2023-12-12T02:11:19.926000,received,kaspa:qypqhwaag39ahn934e9njgp5uuzr7zxgcwtqpzwrkehmxrgl608urmg4e9n5dh0,171000000,
d929dfe009d1a6f0816b9090958c7f3327429f635e048aba5e97366eea6a1c2e,2023-12-12T02:11:00.673000,received,kaspa:qyp3tqm6gwk4ysnttvtq2haz8ffmpd62mcjj5dcz9jqg3lm58jpxrrqya7l88kj,171000000,
3ca5ecc2ddd67347fdad97b068cc32095fec1cdd1705dff6f863ef9d33f7827e,2023-12-12T02:10:41.731000,received,kaspa:qypamkqlgmq5vuvdg4q6wghkecpvfd5y7yfmmgy4xz09hfgrajla6tg5xqdffl8,171000000,
4894b5551cc4330cc4adf67c3a0875d02bfca7cb2e31af5a63b0e19d78f91dff,2023-12-12T02:10:00.345000,received,kaspa:qypj4mpmfnmte39866f8ttexwhf0z3vql0qnz3agfmtgjdqjrfdg6mq6dfv0rpk,171000000,
2e57186a792d4c2ff24b58990d252fe7ba5658b68fe197e088952ae23bb4075d,2023-12-12T02:09:24.480000,received,kaspa:qyp2y2afskgrk04gsaktpgcwqs50g3ucp9k6yw3gzq383zlggeqm7dgpuu0kdj9,171000000,
3a9d56520d762d76ba58082cc74dd9f03bfde2a158f3d99e5b2549ceb121fd07,2023-12-12T02:09:16.033000,received,kaspa:qypl86lat3lsadpv20ywkl4he24sj5klmvdsm4k30ndlmyq63g8fcaqgn725vdv,171000000,
172e6287f30c2461067dcff2e8ce64641e3edf19d19ba7f60cbcbbd553441c41,2023-12-12T02:08:33.765000,received,kaspa:qypl6a6nm0hqlpqz5k628yrc59vl9gpx5ulqwxsr36pua75u9gevxhgq8nrc0km,171000000,
246b39bd8b843e56f722e12d646b2388036fdfae28f4987691ac8248b2db78b5,2023-12-12T02:07:56.268000,received,kaspa:qyp70qht6pjqk2yl6cwl2n296pgcnwmtj8w0clcle08m5p8yu4tg7kgvv4n0qrg,171000000,
e60c0dd8233822bc7d82419df3ed7a392d816bd43690a5b3660f69d3ab2a063b,2023-12-12T02:06:56.044000,received,kaspa:qyp8vk4us67xk78zu9yc3x4ptl9xff3vg820vvqzx7gec6nk62jl3pgfp3h7hy4,171000000,
2024c52d75b9807db7a930b564d278ad5cdc942c4a0f1b830457ab3279a4f3bb,2023-12-12T02:06:09.511000,received,kaspa:qyp70qht6pjqk2yl6cwl2n296pgcnwmtj8w0clcle08m5p8yu4tg7kgvv4n0qrg,171000000,
0ebe35e67cba1272cfc33c2f82a9e231a8143b1216d6d60aa26bcb1c34c532b8,2023-12-12T02:06:04.403000,received,kaspa:qyp7pdnl7lcvupjaqrq07jgytn27yctey22a0l4hj6yy6w8ujauzzeg3wyd5jt4,171000000,
e706cb276233f4a95bc49aed0ff10f0b731fe222d23fbc4b68b555f43f696c9f,2023-12-11T23:37:12.532000,received,kaspa:qyp9pslfu0q8wn2h0psl2k0dnexe5n68ydj72dl76ws6xslaxp475zgp2323uud,171000000,
3643159f9a132edcb443890add2536b01e2e95d0d204a508bf8eb99ed4863164,2023-12-11T23:16:01.653000,received,kaspa:qypswxtcrv4ssyjaswy5w9387vq73mkuyq85tl34cee6qn5uexqy0csgnafnjx7,171000000,
810d7627ab97ba8f4d9eb64ffd7a4ccb6bc11fb17a81360896bea77c48464068,2023-12-11T23:14:41.249000,received,kaspa:qyp0m9genxg0q72e6ejem4nhu6nv8mya886g76ays3s8q9499nnj0dc0wepjlw5,171000000,
c697402443c53d951fa8cd74549c2a863a619450e8393a2a076b5fd8c9dc0eff,2023-12-11T23:14:08.707000,received,kaspa:qyp3tqm6gwk4ysnttvtq2haz8ffmpd62mcjj5dcz9jqg3lm58jpxrrqya7l88kj,171000000,
145a33db8e57e1e8dc95185ef7cd539cdb24f0d27ca037327a1a5f6c94d6f0cf,2023-11-27T21:59:48.508000,sent,kaspa:qypsplm0as0cpa6ncruhrj655l2facl69akj6lzvtrufd0fm0xy2q2gztqk3z7e,18000000,
c41c4f965f11f08b8b307139a2efd6da2ad8e5cd4538efe25a2b80a663771f3f,2023-11-27T21:55:44.025000,sent,kaspa:qypyqu9vsclxh4q3d9gz8anqscn6ft7h5nhfr8ktrmlrzjv0vhm8c4gcz0fa8da,18000000,
f6a6bc105e8b987d7f622099d9bb0f0f49175df4fb4c004c5680645001fd15b5,2023-11-27T21:49:36.721000,sent,kaspa:qyphur9yaqznhamvrk0v8897dcf2j6jgf9w84fpyeaqlvpdzc3qzmvcc6dhr5ev,18000000,
52374d2a441b8ff08ff7716708abae75653d712e75d05ddc31df8c3946f652a8,2023-11-27T21:44:29.466000,sent,kaspa:qypzez8a7e54xj0h04wkmzr7rffdc2shcxkyp828nh8nzasy8x46qpq32gqrt3q,18000000,
33935b9437b72eeafe0c9f1f51e65204b2fefe5df927b59e2d91ba7b8f95c723,2023-11-27T21:39:52.350000,sent,kaspa:qypmjddmskz8ndk4pu45t7tdtjnylqeggag6pd9hq906vtzsw3xmkrgww5kq0jj,18000000,
d00c4b5bf5c891658ec99c7775f6fd55b2813c088e0617c447e76b08e1d274a1,2023-11-27T21:35:25.919000,sent,kaspa:qyp2eva0sumdqetta3q5rcttay94js4g99g3jyvu03w4jvwscxqqxmq4036s6n6,18000000,
c3b6a3c34a6fa6fab356e7f91aba0d31dc465f3d57b7acdfe4310af28346a7d2,2023-11-27T21:30:12.626000,sent,kaspa:qyp0tn8jelydcvqy0twd6f8mkvrcy0j9kqs3kwj008lq0vlg7qvqt0q8y0lhtem,18000000,
9dbbb69112cc1368da75b614ad1c6182f87cf0d50348e2625c820ef71a3131da,2023-11-27T21:25:47.556000,sent,kaspa:qypr9dz38tmsgxv0arm0jynhx3gc77v4060ve6xppel0rjaks9hk0aqtgluv3ap,18000000,
f7b4dd5ef040615bf4b2a812feba997821ed0b5017c3132e488398d8a6fb4ba0,2023-11-27T21:21:42.675000,sent,kaspa:qypptzr4s70rgnfev7a65e5smq7hzy6nme0w6s4wx95wjfttkvt7tsc78fj6d39,18000000,
64bbd92d5884edcd8b1dfcad0a024397e4706bc77437ccb5e7b4fd992807f3b0,2023-11-27T21:17:58.101000,sent,kaspa:qypeagy07lq3wt3nf80t57rdgpzswrjuwxvlezs32rg2vsdavehs4qcczcd8kug,18000000,
9246ea55212daff74e0e4a513474f3f8dfcfe73f85b9ba748ab84259266356f8,2023-11-27T21:12:59.786000,sent,kaspa:qypya9kethfwqc7vpu2ykfaty49u6utlqfjqr448mcz5z2ja02a9nfg22ug3lq2,18000000,
1f8c6fd787906851723f5792bb8136cbbaec288f2aede41aafdb49a87252a2db,2023-11-27T21:09:51.253000,sent,kaspa:qyppzghutqfhuwvjr2y9aatthcpz090nfwzsfxxu4h7n0npl9xjxfpswle3wyyz,18000000,
24a6f23f02349d52d946a5f27e87f50195dcf466d718b9d48f6b7d89d23c4b62,2023-11-27T21:07:03.691000,sent,kaspa:qypu953wafh27dcrtm75yx7lzz46wn32d4ak3j033c7fqehqks7lpfcf5ukcx23,18000000,
fa253644a021d77f8053b2c8ddc131985ed9c8ba6475e22dc1caf40f9c649e05,2023-11-27T21:02:24.042000,sent,kaspa:qypjf0rx4k4jr82yuxuu0htyfwys5726zvrgn92fxra732e4wnqjygg6pez8jg7,18000000,
377d7ba80b5469fe027d1fb884ca94e53fc0b58b9def8730d4b08bc9919212cd,2023-11-27T20:58:13.082000,sent,kaspa:qypa2ksge8lcw8eyqjpzv2wtg9hxl44z7e69xg9y0zqmyeym4aycaysz3vk0ltt,18000000,
5f1854a32d0398747f1701f8d5471113e3f5bf236176b4ee940fc28339854ae8,2023-11-27T20:53:19.887000,sent,kaspa:qypjz9qn9y88gsp9xr8h8an4yprlpzxgdwxrdywt94z0ue8gnlyaguque6sg9vf,18000000,
24ab481dd5956c6202facd59910d97339993dfb7d49efc64a52ade745697240d,2023-11-27T20:47:50.066000,sent,kaspa:qypz798zhdsgtyhyaf0xgzmg6456vgrkex3puvcmz0rygj2gwy639jcnkxz27rl,18000000,
531e5d757def06a30dc6a6a5905d39de8dfde0477a07b536e5f4cc5b250eeded,2023-11-27T20:42:51.485000,sent,kaspa:qyp5hwrptqztzp382xj2mp9lhy3trw7jwsr3q8mcyrrx4equllyhz5gykqatr2g,18000000,
3a3f8848794a456102868f749bb02c38cf2aa54b1dafc37318df9242621b59c0,2023-11-27T20:39:02.028000,sent,kaspa:qypptkzaewzdpthx6lxsdtkd8dey5arf876fyn8k7vtfl4cv5kg7k0cryyrcfmg,18000000,
351d24261bebd7b031c64c12aa6d68a6e830e2910e6f98eb3b28f9be66ba47f6,2023-11-27T20:32:38.433000,sent,kaspa:qypv492pry62ktn4dc0dxd9u4ps0486j6ecvwxycvzp08shp04hzvwcknjc28um,18000000,
41ebd79921903960a7f8349f3805b45696ca3eda9417685003507bc058582088,2023-11-27T20:27:23.917000,sent,kaspa:qyp3pkhdqff28jrypk8t3sc8mhhzuawsu5lqnh6ugfxj83yxmckhxuck7ev03uq,18000000,
c04ea1af20642c81a680b275494f83bc2ff9b53a9a7e0eb2647756574e3ff80a,2023-11-27T20:22:29.197000,sent,kaspa:qypdryxgv6m0alx2g0y2pshev8gqxqq3euhw6nkd8gjn07897jx639gckurwpa7,18000000,
4552109fa61b2f6009af99b459a742f0aae71a4fc3fc671373309f152770240c,2023-11-27T20:18:05.064000,sent,kaspa:qyp79q9qlgtpkmptgl5x3yzfeg6tlaw2l0lmcwwmnadt36xfff7d8kqrlpqnzch,18000000,
e99379bc87e6336c2b4f06e8e7012f2e257a886aff9c726318a3d39b69cc106d,2023-11-27T13:47:39.333000,sent,kaspa:qypl0u5evvqtescu5qk5t4qakcwe2z4q244efxammjs885kmv8dvtgcw3xhc4a5,18000000,
74d7b8b8f7a2d688a69f366cbdc49b8c46236c0a02d706b017f0e7239d2a4f91,2023-11-27T13:29:15.948000,sent,kaspa:qyp5707hgx2a87z3cwl6h764cc8qx3mtggfnqcrduv5kxvqc54t086chqg6ghyl,18000000,
3433e7824a466295434b4e057f464917ff788fd97307181b4b2036c2294bb63e,2023-11-27T13:20:52.773000,sent,kaspa:qypjv5ly2caz2d48p6e4q4r22mgmu88ns8r238zaykf2cna9a0pglcg7axlwz8v,18000000,
a34ce046c8125aaa1c52c86e1cd029cf16abcffe817096bdb07f5f97a41a7ccf,2023-11-27T13:16:07.481000,sent,kaspa:qypmuu029sa4yfdugtanjgve2z608m8cyduamqudg8fchjjudwfpulgmctt2dpq,18000000,
ad97b383e704d1af38d06572c4ba57ae1d8a067dbbb2ce3ce56bc889bd6e581d,2023-11-27T11:04:39.441000,received,kaspa:qp3rhllfz9sgzc8w5468s0uldry44xeys7c23qpka5skrwmhkezlz3uuh7kcf,500000000,
