tx_id,timestamp,direction,peer_address,amount_sompi,cex_label
f7a4b75c67df56d6e604a03a04e7d3df62475a419b8db7fe99ec429eeb7ddc23,2023-12-16T04:01:09.501000,sent,kaspa:qzslgwenzu78t6tldlng383g7ruu4enaljmnkgaulyrscjp7ldt26x8gfxck5,171940000,
f7a4b75c67df56d6e604a03a04e7d3df62475a419b8db7fe99ec429eeb7ddc23,2023-12-16T04:01:09.501000,sent,kaspa:qzslgwenzu78t6tldlng383g7ruu4enaljmnkgaulyrscjp7ldt26x8gfxck5,171940000,
988cb21f4b89c1549ac39691eac77b701e90ff3e6010a27c1883617198ffe4f6,2023-12-12T01:23:09.694000,received,kaspa:qypswxtcrv4ssyjaswy5w9387vq73mkuyq85tl34cee6qn5uexqy0csgnafnjx7,171000000,
15938efcee825f8d7826d35ce6b7b32b59bc8a5cd848c1ec165d231a2fa99850,2023-11-27T16:11:53.294000,sent,kaspa:qypn4ryzdmkk9g8w4xr3kpq0tqxye9pheslqr97yfwd8g7c92smvkcgu5peeahd,18000000,
3444d04c441b26ad5b2e49e66cf9513aa88a1c212a074b119a147f16909499a4,2023-11-27T15:09:06.661000,received,kaspa:qq9lyhkvtjr628ps724afyqk9n83d0tljqhleedzrmqvmlhldaunut5739sg7,19000000,
