tx_id,timestamp,direction,peer_address,amount_sompi,cex_label
39c2f10c2fb149f80433f7772806df02f3a71c2133d3a14c60a6b9e9e75d08e8,2023-12-16T04:48:13.085000,sent,kaspa:qzslgwenzu78t6tldlng383g7ruu4enaljmnkgaulyrscjp7ldt26x8gfxck5,171940000,
39c2f10c2fb149f80433f7772806df02f3a71c2133d3a14c60a6b9e9e75d08e8,2023-12-16T04:48:13.085000,sent,kaspa:qzslgwenzu78t6tldlng383g7ruu4enaljmnkgaulyrscjp7ldt26x8gfxck5,171940000,
15ab3f3ea7e8c36c3602cd7118e1210d12f41bb262afea6657b533e6ed46c97d,2023-12-12T23:19:15.773000,received,kaspa:qypswxtcrv4ssyjaswy5w9387vq73mkuyq85tl34cee6qn5uexqy0csgnafnjx7,171000000,
fca4c0783002a9c01ee47fa4d641081c00963859674843bdba1bcc120548a48a,2023-11-29T14:52:03.291000,sent,kaspa:qypmvfpmd9wpeqkvazqvj6sg42g2vxnjm8hnaf5epcp6hfx6nh44yscq47vymqc,18000000,
70b7f717ac3d06992aaa94f684fed715ab5278223a9b7b5352d9f7f533cca979,2023-11-28T04:49:30.824000,received,kaspa:qq8g5jhys5cvz58grz84uealpfzza7m75e44nvxqzwynqx25pushgdgjts76c,19000000,
