tx_id,timestamp,direction,peer_address,amount_sompi,cex_label
d5da517fdc1b598d166df567754c9c340c365a03916da37314173438f3d16f6e,2023-12-16T05:06:41.019000,sent,kaspa:qzslgwenzu78t6tldlng383g7ruu4enaljmnkgaulyrscjp7ldt26x8gfxck5,171940000,
d5da517fdc1b598d166df567754c9c340c365a03916da37314173438f3d16f6e,2023-12-16T05:06:41.019000,sent,kaspa:qzslgwenzu78t6tldlng383g7ruu4enaljmnkgaulyrscjp7ldt26x8gfxck5,171940000,
dbb68744eb35e1e3369dba12e3a16b0afb2baf90fadcce9a6ff3134d420da7fd,2023-12-13T04:12:29.199000,received,kaspa:qypswxtcrv4ssyjaswy5w9387vq73mkuyq85tl34cee6qn5uexqy0csgnafnjx7,171000000,
a387789082759da32f3570d9f5ede151ed54f4d31337bd04b83fc4300ef697d9,2023-11-29T19:27:44.453000,sent,kaspa:qyp7qxs334zpwy5td6x7z7620gz882lr6vrjh7vsflmvwnxc4gflutgv2nnx728,18000000,
773c27fe2606e79fc3cb7ef3c51f42b5aea41c62b41a881e2dcb62a8adcbc66e,2023-11-29T02:23:57.578000,received,kaspa:qr59q6py2mlzhpjhue93cscnwxw8cdpa3edz9qn5g59vp7rfhpancus22ncpe,19000000,
