tx_id,timestamp,direction,peer_address,amount_sompi,cex_label
3c06bdf1b0392f5c0f60a69ae5feaf78273758df03ac964e0b3a5b1d5da79fad,2024-02-28T02:11:00.008000,sent,kaspa:qpycaknksdeykf07xg7422pa49glzj9u93dmlz7hfw420ygjspuuzh37gmhgn,879999154058,
abdbf6f20aa036f4306002b6699dba0399776d333b63088302f1c718951322b6,2022-11-08T13:00:58.105000,sent,kaspa:qzxqj5c7ymvjpxdxadpmth0lcpxhp25tv7gck7yl0cwxfjhw35mjy2jc5644c,58100436416000,
abdbf6f20aa036f4306002b6699dba0399776d333b63088302f1c718951322b6,2022-11-08T13:00:58.105000,sent,kaspa:qpf8vda922f9zjy99ccrr0wdazvjva7tvkzelx870wcdphutax3lkald5fntc,502151984381,
74031891346b16820abb8a5cf14330b759bab7856130ef1576da7126492f90ae,2022-10-08T13:35:19.323000,received,kaspa:qqj6ln9erseflx4wx95xn3efk8k4q7farsxg0de34uzucsemhlpejq2wr43jf,2025400000000,
74031891346b16820abb8a5cf14330b759bab7856130ef1576da7126492f90ae,2022-10-08T13:35:19.323000,received,kaspa:qp8wuace2np4f28wy5g645lu8p3d49m6zjdjyslzmc525f3pqtvl7wtrmawsp,2025400000000,
74031891346b16820abb8a5cf14330b759bab7856130ef1576da7126492f90ae,2022-10-08T13:35:19.323000,received,kaspa:qp8wuace2np4f28wy5g645lu8p3d49m6zjdjyslzmc525f3pqtvl7wtrmawsp,2025400000000,
74031891346b16820abb8a5cf14330b759bab7856130ef1576da7126492f90ae,2022-10-08T13:35:19.323000,received,kaspa:qp8wuace2np4f28wy5g645lu8p3d49m6zjdjyslzmc525f3pqtvl7wtrmawsp,2025400000000,
74031891346b16820abb8a5cf14330b759bab7856130ef1576da7126492f90ae,2022-10-08T13:35:19.323000,received,kaspa:qp8wuace2np4f28wy5g645lu8p3d49m6zjdjyslzmc525f3pqtvl7wtrmawsp,2025400000000,
74031891346b16820abb8a5cf14330b759bab7856130ef1576da7126492f90ae,2022-10-08T13:35:19.323000,received,kaspa:qp8wuace2np4f28wy5g645lu8p3d49m6zjdjyslzmc525f3pqtvl7wtrmawsp,2025400000000,
74031891346b16820abb8a5cf14330b759bab7856130ef1576da7126492f90ae,2022-10-08T13:35:19.323000,received,kaspa:qp8wuace2np4f28wy5g645lu8p3d49m6zjdjyslzmc525f3pqtvl7wtrmawsp,2025400000000,
74031891346b16820abb8a5cf14330b759bab7856130ef1576da7126492f90ae,2022-10-08T13:35:19.323000,received,kaspa:qp8wuace2np4f28wy5g645lu8p3d49m6zjdjyslzmc525f3pqtvl7wtrmawsp,2025400000000,
74031891346b16820abb8a5cf14330b759bab7856130ef1576da7126492f90ae,2022-10-08T13:35:19.323000,received,kaspa:qp8wuace2np4f28wy5g645lu8p3d49m6zjdjyslzmc525f3pqtvl7wtrmawsp,2025400000000,
74031891346b16820abb8a5cf14330b759bab7856130ef1576da7126492f90ae,2022-10-08T13:35:19.323000,received,kaspa:qp8wuace2np4f28wy5g645lu8p3d49m6zjdjyslzmc525f3pqtvl7wtrmawsp,2025400000000,
74031891346b16820abb8a5cf14330b759bab7856130ef1576da7126492f90ae,2022-10-08T13:35:19.323000,received,kaspa:qp8wuace2np4f28wy5g645lu8p3d49m6zjdjyslzmc525f3pqtvl7wtrmawsp,2025400000000,
74031891346b16820abb8a5cf14330b759bab7856130ef1576da7126492f90ae,2022-10-08T13:35:19.323000,received,kaspa:qp8wuace2np4f28wy5g645lu8p3d49m6zjdjyslzmc525f3pqtvl7wtrmawsp,2025400000000,
74031891346b16820abb8a5cf14330b759bab7856130ef1576da7126492f90ae,2022-10-08T13:35:19.323000,received,kaspa:qp8wuace2np4f28wy5g645lu8p3d49m6zjdjyslzmc525f3pqtvl7wtrmawsp,2025400000000,
74031891346b16820abb8a5cf14330b759bab7856130ef1576da7126492f90ae,2022-10-08T13:35:19.323000,received,kaspa:qp8wuace2np4f28wy5g645lu8p3d49m6zjdjyslzmc525f3pqtvl7wtrmawsp,2025400000000,
74031891346b16820abb8a5cf14330b759bab7856130ef1576da7126492f90ae,2022-10-08T13:35:19.323000,received,kaspa:qp8wuace2np4f28wy5g645lu8p3d49m6zjdjyslzmc525f3pqtvl7wtrmawsp,2025400000000,
74031891346b16820abb8a5cf14330b759bab7856130ef1576da7126492f90ae,2022-10-08T13:35:19.323000,received,kaspa:qp8wuace2np4f28wy5g645lu8p3d49m6zjdjyslzmc525f3pqtvl7wtrmawsp,2025400000000,
74031891346b16820abb8a5cf14330b759bab7856130ef1576da7126492f90ae,2022-10-08T13:35:19.323000,received,kaspa:qp8wuace2np4f28wy5g645lu8p3d49m6zjdjyslzmc525f3pqtvl7wtrmawsp,2025400000000,
74031891346b16820abb8a5cf14330b759bab7856130ef1576da7126492f90ae,2022-10-08T13:35:19.323000,received,kaspa:qp8wuace2np4f28wy5g645lu8p3d49m6zjdjyslzmc525f3pqtvl7wtrmawsp,2025400000000,
74031891346b16820abb8a5cf14330b759bab7856130ef1576da7126492f90ae,2022-10-08T13:35:19.323000,received,kaspa:qp8wuace2np4f28wy5g645lu8p3d49m6zjdjyslzmc525f3pqtvl7wtrmawsp,2025400000000,
74031891346b16820abb8a5cf14330b759bab7856130ef1576da7126492f90ae,2022-10-08T13:35:19.323000,received,kaspa:qp8wuace2np4f28wy5g645lu8p3d49m6zjdjyslzmc525f3pqtvl7wtrmawsp,2025400000000,
74031891346b16820abb8a5cf14330b759bab7856130ef1576da7126492f90ae,2022-10-08T13:35:19.323000,received,kaspa:qp8wuace2np4f28wy5g645lu8p3d49m6zjdjyslzmc525f3pqtvl7wtrmawsp,2025400000000,
74031891346b16820abb8a5cf14330b759bab7856130ef1576da7126492f90ae,2022-10-08T13:35:19.323000,received,kaspa:qp8wuace2np4f28wy5g645lu8p3d49m6zjdjyslzmc525f3pqtvl7wtrmawsp,2025400000000,
74031891346b16820abb8a5cf14330b759bab7856130ef1576da7126492f90ae,2022-10-08T13:35:19.323000,received,kaspa:qp8wuace2np4f28wy5g645lu8p3d49m6zjdjyslzmc525f3pqtvl7wtrmawsp,2025400000000,
74031891346b16820abb8a5cf14330b759bab7856130ef1576da7126492f90ae,2022-10-08T13:35:19.323000,received,kaspa:qp8wuace2np4f28wy5g645lu8p3d49m6zjdjyslzmc525f3pqtvl7wtrmawsp,2025400000000,
74031891346b16820abb8a5cf14330b759bab7856130ef1576da7126492f90ae,2022-10-08T13:35:19.323000,received,kaspa:qp8wuace2np4f28wy5g645lu8p3d49m6zjdjyslzmc525f3pqtvl7wtrmawsp,2025400000000,
74031891346b16820abb8a5cf14330b759bab7856130ef1576da7126492f90ae,2022-10-08T13:35:19.323000,received,kaspa:qp8wuace2np4f28wy5g645lu8p3d49m6zjdjyslzmc525f3pqtvl7wtrmawsp,2025400000000,
74031891346b16820abb8a5cf14330b759bab7856130ef1576da7126492f90ae,2022-10-08T13:35:19.323000,received,kaspa:qp8wuace2np4f28wy5g645lu8p3d49m6zjdjyslzmc525f3pqtvl7wtrmawsp,2025400000000,
74031891346b16820abb8a5cf14330b759bab7856130ef1576da7126492f90ae,2022-10-08T13:35:19.323000,received,kaspa:qp8wuace2np4f28wy5g645lu8p3d49m6zjdjyslzmc525f3pqtvl7wtrmawsp,2025400000000,
74031891346b16820abb8a5cf14330b759bab7856130ef1576da7126492f90ae,2022-10-08T13:35:19.323000,received,kaspa:qp8wuace2np4f28wy5g645lu8p3d49m6zjdjyslzmc525f3pqtvl7wtrmawsp,2025400000000,
74031891346b16820abb8a5cf14330b759bab7856130ef1576da7126492f90ae,2022-10-08T13:35:19.323000,received,kaspa:qp8wuace2np4f28wy5g645lu8p3d49m6zjdjyslzmc525f3pqtvl7wtrmawsp,2025400000000,
74031891346b16820abb8a5cf14330b759bab7856130ef1576da7126492f90ae,2022-10-08T13:35:19.323000,received,kaspa:qp8wuace2np4f28wy5g645lu8p3d49m6zjdjyslzmc525f3pqtvl7wtrmawsp,2025400000000,
74031891346b16820abb8a5cf14330b759bab7856130ef1576da7126492f90ae,2022-10-08T13:35:19.323000,received,kaspa:qp8wuace2np4f28wy5g645lu8p3d49m6zjdjyslzmc525f3pqtvl7wtrmawsp,2025400000000,
74031891346b16820abb8a5cf14330b759bab7856130ef1576da7126492f90ae,2022-10-08T13:35:19.323000,received,kaspa:qp8wuace2np4f28wy5g645lu8p3d49m6zjdjyslzmc525f3pqtvl7wtrmawsp,2025400000000,
74031891346b16820abb8a5cf14330b759bab7856130ef1576da7126492f90ae,2022-10-08T13:35:19.323000,received,kaspa:qp8wuace2np4f28wy5g645lu8p3d49m6zjdjyslzmc525f3pqtvl7wtrmawsp,2025400000000,
74031891346b16820abb8a5cf14330b759bab7856130ef1576da7126492f90ae,2022-10-08T13:35:19.323000,received,kaspa:qp8wuace2np4f28wy5g645lu8p3d49m6zjdjyslzmc525f3pqtvl7wtrmawsp,2025400000000,
74031891346b16820abb8a5cf14330b759bab7856130ef1576da7126492f90ae,2022-10-08T13:35:19.323000,received,kaspa:qp8wuace2np4f28wy5g645lu8p3d49m6zjdjyslzmc525f3pqtvl7wtrmawsp,2025400000000,
74031891346b16820abb8a5cf14330b759bab7856130ef1576da7126492f90ae,2022-10-08T13:35:19.323000,received,kaspa:qp8wuace2np4f28wy5g645lu8p3d49m6zjdjyslzmc525f3pqtvl7wtrmawsp,2025400000000,
74031891346b16820abb8a5cf14330b759bab7856130ef1576da7126492f90ae,2022-10-08T13:35:19.323000,received,kaspa:qp8wuace2np4f28wy5g645lu8p3d49m6zjdjyslzmc525f3pqtvl7wtrmawsp,2025400000000,
74031891346b16820abb8a5cf14330b759bab7856130ef1576da7126492f90ae,2022-10-08T13:35:19.323000,received,kaspa:qp8wuace2np4f28wy5g645lu8p3d49m6zjdjyslzmc525f3pqtvl7wtrmawsp,2025400000000,
74031891346b16820abb8a5cf14330b759bab7856130ef1576da7126492f90ae,2022-10-08T13:35:19.323000,received,kaspa:qp8wuace2np4f28wy5g645lu8p3d49m6zjdjyslzmc525f3pqtvl7wtrmawsp,2025400000000,
74031891346b16820abb8a5cf14330b759bab7856130ef1576da7126492f90ae,2022-10-08T13:35:19.323000,received,kaspa:qp8wuace2np4f28wy5g645lu8p3d49m6zjdjyslzmc525f3pqtvl7wtrmawsp,2025400000000,
74031891346b16820abb8a5cf14330b759bab7856130ef1576da7126492f90ae,2022-10-08T13:35:19.323000,received,kaspa:qp8wuace2np4f28wy5g645lu8p3d49m6zjdjyslzmc525f3pqtvl7wtrmawsp,2025400000000,
74031891346b16820abb8a5cf14330b759bab7856130ef1576da7126492f90ae,2022-10-08T13:35:19.323000,received,kaspa:qp8wuace2np4f28wy5g645lu8p3d49m6zjdjyslzmc525f3pqtvl7wtrmawsp,2025400000000,
74031891346b16820abb8a5cf14330b759bab7856130ef1576da7126492f90ae,2022-10-08T13:35:19.323000,received,kaspa:qp8wuace2np4f28wy5g645lu8p3d49m6zjdjyslzmc525f3pqtvl7wtrmawsp,2025400000000,
74031891346b16820abb8a5cf14330b759bab7856130ef1576da7126492f90ae,2022-10-08T13:35:19.323000,received,kaspa:qp8wuace2np4f28wy5g645lu8p3d49m6zjdjyslzmc525f3pqtvl7wtrmawsp,2025400000000,
74031891346b16820abb8a5cf14330b759bab7856130ef1576da7126492f90ae,2022-10-08T13:35:19.323000,received,kaspa:qp8wuace2np4f28wy5g645lu8p3d49m6zjdjyslzmc525f3pqtvl7wtrmawsp,2025400000000,
74031891346b16820abb8a5cf14330b759bab7856130ef1576da7126492f90ae,2022-10-08T13:35:19.323000,received,kaspa:qp8wuace2np4f28wy5g645lu8p3d49m6zjdjyslzmc525f3pqtvl7wtrmawsp,2025400000000,
74031891346b16820abb8a5cf14330b759bab7856130ef1576da7126492f90ae,2022-10-08T13:35:19.323000,received,kaspa:qp8wuace2np4f28wy5g645lu8p3d49m6zjdjyslzmc525f3pqtvl7wtrmawsp,2025400000000,
74031891346b16820abb8a5cf14330b759bab7856130ef1576da7126492f90ae,2022-10-08T13:35:19.323000,received,kaspa:qp8wuace2np4f28wy5g645lu8p3d49m6zjdjyslzmc525f3pqtvl7wtrmawsp,2025400000000,
74031891346b16820abb8a5cf14330b759bab7856130ef1576da7126492f90ae,2022-10-08T13:35:19.323000,received,kaspa:qp8wuace2np4f28wy5g645lu8p3d49m6zjdjyslzmc525f3pqtvl7wtrmawsp,2025400000000,
74031891346b16820abb8a5cf14330b759bab7856130ef1576da7126492f90ae,2022-10-08T13:35:19.323000,received,kaspa:qp8wuace2np4f28wy5g645lu8p3d49m6zjdjyslzmc525f3pqtvl7wtrmawsp,2025400000000,
74031891346b16820abb8a5cf14330b759bab7856130ef1576da7126492f90ae,2022-10-08T13:35:19.323000,received,kaspa:qp8wuace2np4f28wy5g645lu8p3d49m6zjdjyslzmc525f3pqtvl7wtrmawsp,2025400000000,
74031891346b16820abb8a5cf14330b759bab7856130ef1576da7126492f90ae,2022-10-08T13:35:19.323000,received,kaspa:qp8wuace2np4f28wy5g645lu8p3d49m6zjdjyslzmc525f3pqtvl7wtrmawsp,2025400000000,
9cd31b5572f405812b17af30554428568e077b60980732965daeaaf8539bb74f,2022-10-06T08:24:08.362000,sent,kaspa:qzmrv6wmah6jt0eezdmc3fl0wk25fmwam4mwxjs9dmvwftz43wk366qee8x0q,298900544048447,
bb4a1ee92ed2b2a0fff1c37a9f37fb11054d49d48699112dc94b986da8bc923a,2022-09-29T14:48:02.508000,received,kaspa:qq45j8rvjrem67v0mkl885apj3nft7t5w0u05f7uthey9euqn57yw7m8dusga,3400000000000,
3ab16683a5bb1e63d9a2d0f8b065f3cc4a3517f3172b0591571888e9049ab422,2022-09-29T14:34:52.680000,received,kaspa:qqj6ln9erseflx4wx95xn3efk8k4q7farsxg0de34uzucsemhlpejq2wr43jf,10000000000,
