tx_id,timestamp,direction,peer_address,amount_sompi,cex_label
0b981541ced5b6e2a7c3b5f147a4bacc621074853666a027f943135c43da6cfa,2024-11-15T08:43:02.524000,sent,kaspa:qypf0azpxeakwj8wg8g8qylf3kc9h2adgk37cjx93h794hk2amdvqqsdag0ynyj,31695000000000,
0b981541ced5b6e2a7c3b5f147a4bacc621074853666a027f943135c43da6cfa,2024-11-15T08:43:02.524000,sent,kaspa:qypf0azpxeakwj8wg8g8qylf3kc9h2adgk37cjx93h794hk2amdvqqsdag0ynyj,31695000000000,
1e95ad53e42b85770bbf2f8605bf5afa771a2cfe0d0f8527fb0f96d724ac38de,2024-11-15T08:41:41.858000,received,kaspa:qzgtduqyccg66ms6crgpgnnn802c7drpevy4fsq8069lpzhdwfxhy4079jsrp,31695959858136,
1e95ad53e42b85770bbf2f8605bf5afa771a2cfe0d0f8527fb0f96d724ac38de,2024-11-15T08:41:41.858000,received,kaspa:qzgtduqyccg66ms6crgpgnnn802c7drpevy4fsq8069lpzhdwfxhy4079jsrp,31695959858136,
1e95ad53e42b85770bbf2f8605bf5afa771a2cfe0d0f8527fb0f96d724ac38de,2024-11-15T08:41:41.858000,received,kaspa:qzgtduqyccg66ms6crgpgnnn802c7drpevy4fsq8069lpzhdwfxhy4079jsrp,31695959858136,
07000f29fed008fba987e0730dcd1910ccfd8b3d9c650974c9b9de6b8e72ade0,2024-07-22T09:24:38.026000,sent,kaspa:qq9zagcza4jt76eev9jl5z0nqhe0thcu7js8larktj4sle7lvgnw7sfcewlty,1443100000000,
07000f29fed008fba987e0730dcd1910ccfd8b3d9c650974c9b9de6b8e72ade0,2024-07-22T09:24:38.026000,sent,kaspa:qq9zagcza4jt76eev9jl5z0nqhe0thcu7js8larktj4sle7lvgnw7sfcewlty,1443100000000,
48b987e87057bfd84fee8b55fd542f50f1400a423c49f5a6fad52b17092c6434,2024-07-22T09:16:53.129000,received,kaspa:qypdz2an7t6dt6yawmcm4e4h846hv32wvnkqnldpe3eq6v5fq4q3jgs6q9zs86t,1443113983414,
48b987e87057bfd84fee8b55fd542f50f1400a423c49f5a6fad52b17092c6434,2024-07-22T09:16:53.129000,received,kaspa:qypdz2an7t6dt6yawmcm4e4h846hv32wvnkqnldpe3eq6v5fq4q3jgs6q9zs86t,1443113983414,
48b987e87057bfd84fee8b55fd542f50f1400a423c49f5a6fad52b17092c6434,2024-07-22T09:16:53.129000,received,kaspa:qypdz2an7t6dt6yawmcm4e4h846hv32wvnkqnldpe3eq6v5fq4q3jgs6q9zs86t,1443113983414,
48b987e87057bfd84fee8b55fd542f50f1400a423c49f5a6fad52b17092c6434,2024-07-22T09:16:53.129000,received,kaspa:qypdz2an7t6dt6yawmcm4e4h846hv32wvnkqnldpe3eq6v5fq4q3jgs6q9zs86t,1443113983414,
48b987e87057bfd84fee8b55fd542f50f1400a423c49f5a6fad52b17092c6434,2024-07-22T09:16:53.129000,received,kaspa:qypdz2an7t6dt6yawmcm4e4h846hv32wvnkqnldpe3eq6v5fq4q3jgs6q9zs86t,1443113983414,
48b987e87057bfd84fee8b55fd542f50f1400a423c49f5a6fad52b17092c6434,2024-07-22T09:16:53.129000,received,kaspa:qypdz2an7t6dt6yawmcm4e4h846hv32wvnkqnldpe3eq6v5fq4q3jgs6q9zs86t,1443113983414,
48b987e87057bfd84fee8b55fd542f50f1400a423c49f5a6fad52b17092c6434,2024-07-22T09:16:53.129000,received,kaspa:qypdz2an7t6dt6yawmcm4e4h846hv32wvnkqnldpe3eq6v5fq4q3jgs6q9zs86t,1443113983414,
48b987e87057bfd84fee8b55fd542f50f1400a423c49f5a6fad52b17092c6434,2024-07-22T09:16:53.129000,received,kaspa:qypdz2an7t6dt6yawmcm4e4h846hv32wvnkqnldpe3eq6v5fq4q3jgs6q9zs86t,1443113983414,
48b987e87057bfd84fee8b55fd542f50f1400a423c49f5a6fad52b17092c6434,2024-07-22T09:16:53.129000,received,kaspa:qypdz2an7t6dt6yawmcm4e4h846hv32wvnkqnldpe3eq6v5fq4q3jgs6q9zs86t,1443113983414,
48b987e87057bfd84fee8b55fd542f50f1400a423c49f5a6fad52b17092c6434,2024-07-22T09:16:53.129000,received,kaspa:qypdz2an7t6dt6yawmcm4e4h846hv32wvnkqnldpe3eq6v5fq4q3jgs6q9zs86t,1443113983414,
d1e43bcc2a18519dc9f9fd7afe4293bef8964d37f66b79569526d69a6651780b,2024-06-30T10:23:34.868000,sent,kaspa:qq9zagcza4jt76eev9jl5z0nqhe0thcu7js8larktj4sle7lvgnw7sfcewlty,5410200000000,
d1e43bcc2a18519dc9f9fd7afe4293bef8964d37f66b79569526d69a6651780b,2024-06-30T10:23:34.868000,sent,kaspa:qq9zagcza4jt76eev9jl5z0nqhe0thcu7js8larktj4sle7lvgnw7sfcewlty,5410200000000,
c900857448ee906ea0ab3456e634c4f8316c05a0df642954c7b63c95a45d4b1f,2024-06-30T10:03:20.032000,received,kaspa:qypdz2an7t6dt6yawmcm4e4h846hv32wvnkqnldpe3eq6v5fq4q3jgs6q9zs86t,5410153587202,
c900857448ee906ea0ab3456e634c4f8316c05a0df642954c7b63c95a45d4b1f,2024-06-30T10:03:20.032000,received,kaspa:qypdz2an7t6dt6yawmcm4e4h846hv32wvnkqnldpe3eq6v5fq4q3jgs6q9zs86t,5410153587202,
c900857448ee906ea0ab3456e634c4f8316c05a0df642954c7b63c95a45d4b1f,2024-06-30T10:03:20.032000,received,kaspa:qypdz2an7t6dt6yawmcm4e4h846hv32wvnkqnldpe3eq6v5fq4q3jgs6q9zs86t,5410153587202,
c900857448ee906ea0ab3456e634c4f8316c05a0df642954c7b63c95a45d4b1f,2024-06-30T10:03:20.032000,received,kaspa:qypdz2an7t6dt6yawmcm4e4h846hv32wvnkqnldpe3eq6v5fq4q3jgs6q9zs86t,5410153587202,
c900857448ee906ea0ab3456e634c4f8316c05a0df642954c7b63c95a45d4b1f,2024-06-30T10:03:20.032000,received,kaspa:qypdz2an7t6dt6yawmcm4e4h846hv32wvnkqnldpe3eq6v5fq4q3jgs6q9zs86t,5410153587202,
c900857448ee906ea0ab3456e634c4f8316c05a0df642954c7b63c95a45d4b1f,2024-06-30T10:03:20.032000,received,kaspa:qypdz2an7t6dt6yawmcm4e4h846hv32wvnkqnldpe3eq6v5fq4q3jgs6q9zs86t,5410153587202,
c900857448ee906ea0ab3456e634c4f8316c05a0df642954c7b63c95a45d4b1f,2024-06-30T10:03:20.032000,received,kaspa:qypdz2an7t6dt6yawmcm4e4h846hv32wvnkqnldpe3eq6v5fq4q3jgs6q9zs86t,5410153587202,
c900857448ee906ea0ab3456e634c4f8316c05a0df642954c7b63c95a45d4b1f,2024-06-30T10:03:20.032000,received,kaspa:qypdz2an7t6dt6yawmcm4e4h846hv32wvnkqnldpe3eq6v5fq4q3jgs6q9zs86t,5410153587202,
c900857448ee906ea0ab3456e634c4f8316c05a0df642954c7b63c95a45d4b1f,2024-06-30T10:03:20.032000,received,kaspa:qypdz2an7t6dt6yawmcm4e4h846hv32wvnkqnldpe3eq6v5fq4q3jgs6q9zs86t,5410153587202,
c900857448ee906ea0ab3456e634c4f8316c05a0df642954c7b63c95a45d4b1f,2024-06-30T10:03:20.032000,received,kaspa:qypdz2an7t6dt6yawmcm4e4h846hv32wvnkqnldpe3eq6v5fq4q3jgs6q9zs86t,5410153587202,
d2cd547720b1d3170bcb9d2e82c762f6fc6b1558884e51be596c79cf6d2531fb,2024-06-19T12:25:15.001000,sent,kaspa:qq9zagcza4jt76eev9jl5z0nqhe0thcu7js8larktj4sle7lvgnw7sfcewlty,250000000000,
d2cd547720b1d3170bcb9d2e82c762f6fc6b1558884e51be596c79cf6d2531fb,2024-06-19T12:25:15.001000,sent,kaspa:qq9zagcza4jt76eev9jl5z0nqhe0thcu7js8larktj4sle7lvgnw7sfcewlty,250000000000,
1525b8631e34bfa0504d158cc715f12e1335919bdeb2b1c66d6996d8b6031095,2024-06-19T11:41:55.702000,received,kaspa:qypdz2an7t6dt6yawmcm4e4h846hv32wvnkqnldpe3eq6v5fq4q3jgs6q9zs86t,250000000000,
1525b8631e34bfa0504d158cc715f12e1335919bdeb2b1c66d6996d8b6031095,2024-06-19T11:41:55.702000,received,kaspa:qypdz2an7t6dt6yawmcm4e4h846hv32wvnkqnldpe3eq6v5fq4q3jgs6q9zs86t,250000000000,
1525b8631e34bfa0504d158cc715f12e1335919bdeb2b1c66d6996d8b6031095,2024-06-19T11:41:55.702000,received,kaspa:qypdz2an7t6dt6yawmcm4e4h846hv32wvnkqnldpe3eq6v5fq4q3jgs6q9zs86t,250000000000,
1525b8631e34bfa0504d158cc715f12e1335919bdeb2b1c66d6996d8b6031095,2024-06-19T11:41:55.702000,received,kaspa:qypdz2an7t6dt6yawmcm4e4h846hv32wvnkqnldpe3eq6v5fq4q3jgs6q9zs86t,250000000000,
1525b8631e34bfa0504d158cc715f12e1335919bdeb2b1c66d6996d8b6031095,2024-06-19T11:41:55.702000,received,kaspa:qypdz2an7t6dt6yawmcm4e4h846hv32wvnkqnldpe3eq6v5fq4q3jgs6q9zs86t,250000000000,
1525b8631e34bfa0504d158cc715f12e1335919bdeb2b1c66d6996d8b6031095,2024-06-19T11:41:55.702000,received,kaspa:qypdz2an7t6dt6yawmcm4e4h846hv32wvnkqnldpe3eq6v5fq4q3jgs6q9zs86t,250000000000,
1525b8631e34bfa0504d158cc715f12e1335919bdeb2b1c66d6996d8b6031095,2024-06-19T11:41:55.702000,received,kaspa:qypdz2an7t6dt6yawmcm4e4h846hv32wvnkqnldpe3eq6v5fq4q3jgs6q9zs86t,250000000000,
1525b8631e34bfa0504d158cc715f12e1335919bdeb2b1c66d6996d8b6031095,2024-06-19T11:41:55.702000,received,kaspa:qypdz2an7t6dt6yawmcm4e4h846hv32wvnkqnldpe3eq6v5fq4q3jgs6q9zs86t,250000000000,
1525b8631e34bfa0504d158cc715f12e1335919bdeb2b1c66d6996d8b6031095,2024-06-19T11:41:55.702000,received,kaspa:qypdz2an7t6dt6yawmcm4e4h846hv32wvnkqnldpe3eq6v5fq4q3jgs6q9zs86t,250000000000,
1525b8631e34bfa0504d158cc715f12e1335919bdeb2b1c66d6996d8b6031095,2024-06-19T11:41:55.702000,received,kaspa:qypdz2an7t6dt6yawmcm4e4h846hv32wvnkqnldpe3eq6v5fq4q3jgs6q9zs86t,250000000000,
1525b8631e34bfa0504d158cc715f12e1335919bdeb2b1c66d6996d8b6031095,2024-06-19T11:41:55.702000,received,kaspa:qypdz2an7t6dt6yawmcm4e4h846hv32wvnkqnldpe3eq6v5fq4q3jgs6q9zs86t,250000000000,
1525b8631e34bfa0504d158cc715f12e1335919bdeb2b1c66d6996d8b6031095,2024-06-19T11:41:55.702000,received,kaspa:qypdz2an7t6dt6yawmcm4e4h846hv32wvnkqnldpe3eq6v5fq4q3jgs6q9zs86t,250000000000,
1525b8631e34bfa0504d158cc715f12e1335919bdeb2b1c66d6996d8b6031095,2024-06-19T11:41:55.702000,received,kaspa:qypdz2an7t6dt6yawmcm4e4h846hv32wvnkqnldpe3eq6v5fq4q3jgs6q9zs86t,250000000000,
2dcaabcc74f3bb6c0f3be56637eec5e5600d022930e1f392bce901f5e16903a5,2024-06-03T19:59:03.278000,sent,kaspa:qq9zagcza4jt76eev9jl5z0nqhe0thcu7js8larktj4sle7lvgnw7sfcewlty,218500000000,
2b9c839cab0651682a5bd1b7d64cfb17aa5eb85ee46423415e98e1b4d68e29f5,2024-06-02T09:24:01.489000,sent,kaspa:qq9zagcza4jt76eev9jl5z0nqhe0thcu7js8larktj4sle7lvgnw7sfcewlty,2300000000000,
2b9c839cab0651682a5bd1b7d64cfb17aa5eb85ee46423415e98e1b4d68e29f5,2024-06-02T09:24:01.489000,sent,kaspa:qq9zagcza4jt76eev9jl5z0nqhe0thcu7js8larktj4sle7lvgnw7sfcewlty,2300000000000,
67db639609041ca08c9fe288c39c6f1aa00c7d937ba28b006fcef2be23d3f505,2024-06-02T09:18:03.424000,received,kaspa:qypdz2an7t6dt6yawmcm4e4h846hv32wvnkqnldpe3eq6v5fq4q3jgs6q9zs86t,2500000000000,
9276dea835e873ac9b16d7640cd76dfe79092cd2cd5764467ba82ebc86ad05ca,2024-06-02T09:01:44.037000,sent,kaspa:qpxzy5z559l9ea748renpdgxc40jvh7supew2w2uu7q0tm2xp2nqv8ml42qzs,61403118308,
9276dea835e873ac9b16d7640cd76dfe79092cd2cd5764467ba82ebc86ad05ca,2024-06-02T09:01:44.037000,sent,kaspa:qpxzy5z559l9ea748renpdgxc40jvh7supew2w2uu7q0tm2xp2nqv8ml42qzs,61403118308,
9276dea835e873ac9b16d7640cd76dfe79092cd2cd5764467ba82ebc86ad05ca,2024-06-02T09:01:44.037000,sent,kaspa:qpxzy5z559l9ea748renpdgxc40jvh7supew2w2uu7q0tm2xp2nqv8ml42qzs,61403118308,
9276dea835e873ac9b16d7640cd76dfe79092cd2cd5764467ba82ebc86ad05ca,2024-06-02T09:01:44.037000,sent,kaspa:qpxzy5z559l9ea748renpdgxc40jvh7supew2w2uu7q0tm2xp2nqv8ml42qzs,61403118308,
881cf3b12e08c8cacfc83bec1f2f4c3604a0bfdab07c4f20040c09a1cba4f292,2024-06-02T08:43:11.873000,received,kaspa:qypdz2an7t6dt6yawmcm4e4h846hv32wvnkqnldpe3eq6v5fq4q3jgs6q9zs86t,20000000000,
881cf3b12e08c8cacfc83bec1f2f4c3604a0bfdab07c4f20040c09a1cba4f292,2024-06-02T08:43:11.873000,received,kaspa:qypdz2an7t6dt6yawmcm4e4h846hv32wvnkqnldpe3eq6v5fq4q3jgs6q9zs86t,20000000000,
881cf3b12e08c8cacfc83bec1f2f4c3604a0bfdab07c4f20040c09a1cba4f292,2024-06-02T08:43:11.873000,received,kaspa:qypdz2an7t6dt6yawmcm4e4h846hv32wvnkqnldpe3eq6v5fq4q3jgs6q9zs86t,20000000000,
881cf3b12e08c8cacfc83bec1f2f4c3604a0bfdab07c4f20040c09a1cba4f292,2024-06-02T08:43:11.873000,received,kaspa:qypdz2an7t6dt6yawmcm4e4h846hv32wvnkqnldpe3eq6v5fq4q3jgs6q9zs86t,20000000000,
881cf3b12e08c8cacfc83bec1f2f4c3604a0bfdab07c4f20040c09a1cba4f292,2024-06-02T08:43:11.873000,received,kaspa:qypdz2an7t6dt6yawmcm4e4h846hv32wvnkqnldpe3eq6v5fq4q3jgs6q9zs86t,20000000000,
881cf3b12e08c8cacfc83bec1f2f4c3604a0bfdab07c4f20040c09a1cba4f292,2024-06-02T08:43:11.873000,received,kaspa:qypdz2an7t6dt6yawmcm4e4h846hv32wvnkqnldpe3eq6v5fq4q3jgs6q9zs86t,20000000000,
881cf3b12e08c8cacfc83bec1f2f4c3604a0bfdab07c4f20040c09a1cba4f292,2024-06-02T08:43:11.873000,received,kaspa:qypdz2an7t6dt6yawmcm4e4h846hv32wvnkqnldpe3eq6v5fq4q3jgs6q9zs86t,20000000000,
881cf3b12e08c8cacfc83bec1f2f4c3604a0bfdab07c4f20040c09a1cba4f292,2024-06-02T08:43:11.873000,received,kaspa:qypdz2an7t6dt6yawmcm4e4h846hv32wvnkqnldpe3eq6v5fq4q3jgs6q9zs86t,20000000000,
881cf3b12e08c8cacfc83bec1f2f4c3604a0bfdab07c4f20040c09a1cba4f292,2024-06-02T08:43:11.873000,received,kaspa:qypdz2an7t6dt6yawmcm4e4h846hv32wvnkqnldpe3eq6v5fq4q3jgs6q9zs86t,20000000000,
881cf3b12e08c8cacfc83bec1f2f4c3604a0bfdab07c4f20040c09a1cba4f292,2024-06-02T08:43:11.873000,received,kaspa:qypdz2an7t6dt6yawmcm4e4h846hv32wvnkqnldpe3eq6v5fq4q3jgs6q9zs86t,20000000000,
881cf3b12e08c8cacfc83bec1f2f4c3604a0bfdab07c4f20040c09a1cba4f292,2024-06-02T08:43:11.873000,received,kaspa:qypdz2an7t6dt6yawmcm4e4h846hv32wvnkqnldpe3eq6v5fq4q3jgs6q9zs86t,20000000000,
881cf3b12e08c8cacfc83bec1f2f4c3604a0bfdab07c4f20040c09a1cba4f292,2024-06-02T08:43:11.873000,received,kaspa:qypdz2an7t6dt6yawmcm4e4h846hv32wvnkqnldpe3eq6v5fq4q3jgs6q9zs86t,20000000000,
881cf3b12e08c8cacfc83bec1f2f4c3604a0bfdab07c4f20040c09a1cba4f292,2024-06-02T08:43:11.873000,received,kaspa:qypdz2an7t6dt6yawmcm4e4h846hv32wvnkqnldpe3eq6v5fq4q3jgs6q9zs86t,20000000000,
881cf3b12e08c8cacfc83bec1f2f4c3604a0bfdab07c4f20040c09a1cba4f292,2024-06-02T08:43:11.873000,received,kaspa:qypdz2an7t6dt6yawmcm4e4h846hv32wvnkqnldpe3eq6v5fq4q3jgs6q9zs86t,20000000000,
881cf3b12e08c8cacfc83bec1f2f4c3604a0bfdab07c4f20040c09a1cba4f292,2024-06-02T08:43:11.873000,received,kaspa:qypdz2an7t6dt6yawmcm4e4h846hv32wvnkqnldpe3eq6v5fq4q3jgs6q9zs86t,20000000000,
881cf3b12e08c8cacfc83bec1f2f4c3604a0bfdab07c4f20040c09a1cba4f292,2024-06-02T08:43:11.873000,received,kaspa:qypdz2an7t6dt6yawmcm4e4h846hv32wvnkqnldpe3eq6v5fq4q3jgs6q9zs86t,20000000000,
881cf3b12e08c8cacfc83bec1f2f4c3604a0bfdab07c4f20040c09a1cba4f292,2024-06-02T08:43:11.873000,received,kaspa:qypdz2an7t6dt6yawmcm4e4h846hv32wvnkqnldpe3eq6v5fq4q3jgs6q9zs86t,20000000000,
881cf3b12e08c8cacfc83bec1f2f4c3604a0bfdab07c4f20040c09a1cba4f292,2024-06-02T08:43:11.873000,received,kaspa:qypdz2an7t6dt6yawmcm4e4h846hv32wvnkqnldpe3eq6v5fq4q3jgs6q9zs86t,20000000000,
881cf3b12e08c8cacfc83bec1f2f4c3604a0bfdab07c4f20040c09a1cba4f292,2024-06-02T08:43:11.873000,received,kaspa:qypdz2an7t6dt6yawmcm4e4h846hv32wvnkqnldpe3eq6v5fq4q3jgs6q9zs86t,20000000000,
881cf3b12e08c8cacfc83bec1f2f4c3604a0bfdab07c4f20040c09a1cba4f292,2024-06-02T08:43:11.873000,received,kaspa:qypdz2an7t6dt6yawmcm4e4h846hv32wvnkqnldpe3eq6v5fq4q3jgs6q9zs86t,20000000000,
881cf3b12e08c8cacfc83bec1f2f4c3604a0bfdab07c4f20040c09a1cba4f292,2024-06-02T08:43:11.873000,received,kaspa:qypdz2an7t6dt6yawmcm4e4h846hv32wvnkqnldpe3eq6v5fq4q3jgs6q9zs86t,20000000000,
881cf3b12e08c8cacfc83bec1f2f4c3604a0bfdab07c4f20040c09a1cba4f292,2024-06-02T08:43:11.873000,received,kaspa:qypdz2an7t6dt6yawmcm4e4h846hv32wvnkqnldpe3eq6v5fq4q3jgs6q9zs86t,20000000000,
881cf3b12e08c8cacfc83bec1f2f4c3604a0bfdab07c4f20040c09a1cba4f292,2024-06-02T08:43:11.873000,received,kaspa:qypdz2an7t6dt6yawmcm4e4h846hv32wvnkqnldpe3eq6v5fq4q3jgs6q9zs86t,20000000000,
184964383acc5b8a8bff43ba8e02214f17d3511101e25410d83751390929c664,2024-05-13T07:25:36.185000,received,kaspa:qypdz2an7t6dt6yawmcm4e4h846hv32wvnkqnldpe3eq6v5fq4q3jgs6q9zs86t,10000000000,
08859f7868434081ac16f99a0154cf04236c4a66ca5928a87837650d24d138c5,2024-05-13T07:09:09.473000,received,kaspa:qypdz2an7t6dt6yawmcm4e4h846hv32wvnkqnldpe3eq6v5fq4q3jgs6q9zs86t,50000000000,
08859f7868434081ac16f99a0154cf04236c4a66ca5928a87837650d24d138c5,2024-05-13T07:09:09.473000,received,kaspa:qypdz2an7t6dt6yawmcm4e4h846hv32wvnkqnldpe3eq6v5fq4q3jgs6q9zs86t,50000000000,
08859f7868434081ac16f99a0154cf04236c4a66ca5928a87837650d24d138c5,2024-05-13T07:09:09.473000,received,kaspa:qypdz2an7t6dt6yawmcm4e4h846hv32wvnkqnldpe3eq6v5fq4q3jgs6q9zs86t,50000000000,
08859f7868434081ac16f99a0154cf04236c4a66ca5928a87837650d24d138c5,2024-05-13T07:09:09.473000,received,kaspa:qypdz2an7t6dt6yawmcm4e4h846hv32wvnkqnldpe3eq6v5fq4q3jgs6q9zs86t,50000000000,
08859f7868434081ac16f99a0154cf04236c4a66ca5928a87837650d24d138c5,2024-05-13T07:09:09.473000,received,kaspa:qypdz2an7t6dt6yawmcm4e4h846hv32wvnkqnldpe3eq6v5fq4q3jgs6q9zs86t,50000000000,
08859f7868434081ac16f99a0154cf04236c4a66ca5928a87837650d24d138c5,2024-05-13T07:09:09.473000,received,kaspa:qypdz2an7t6dt6yawmcm4e4h846hv32wvnkqnldpe3eq6v5fq4q3jgs6q9zs86t,50000000000,
08859f7868434081ac16f99a0154cf04236c4a66ca5928a87837650d24d138c5,2024-05-13T07:09:09.473000,received,kaspa:qypdz2an7t6dt6yawmcm4e4h846hv32wvnkqnldpe3eq6v5fq4q3jgs6q9zs86t,50000000000,
08859f7868434081ac16f99a0154cf04236c4a66ca5928a87837650d24d138c5,2024-05-13T07:09:09.473000,received,kaspa:qypdz2an7t6dt6yawmcm4e4h846hv32wvnkqnldpe3eq6v5fq4q3jgs6q9zs86t,50000000000,
08859f7868434081ac16f99a0154cf04236c4a66ca5928a87837650d24d138c5,2024-05-13T07:09:09.473000,received,kaspa:qypdz2an7t6dt6yawmcm4e4h846hv32wvnkqnldpe3eq6v5fq4q3jgs6q9zs86t,50000000000,
08859f7868434081ac16f99a0154cf04236c4a66ca5928a87837650d24d138c5,2024-05-13T07:09:09.473000,received,kaspa:qypdz2an7t6dt6yawmcm4e4h846hv32wvnkqnldpe3eq6v5fq4q3jgs6q9zs86t,50000000000,
08859f7868434081ac16f99a0154cf04236c4a66ca5928a87837650d24d138c5,2024-05-13T07:09:09.473000,received,kaspa:qypdz2an7t6dt6yawmcm4e4h846hv32wvnkqnldpe3eq6v5fq4q3jgs6q9zs86t,50000000000,
08859f7868434081ac16f99a0154cf04236c4a66ca5928a87837650d24d138c5,2024-05-13T07:09:09.473000,received,kaspa:qypdz2an7t6dt6yawmcm4e4h846hv32wvnkqnldpe3eq6v5fq4q3jgs6q9zs86t,50000000000,
08859f7868434081ac16f99a0154cf04236c4a66ca5928a87837650d24d138c5,2024-05-13T07:09:09.473000,received,kaspa:qypdz2an7t6dt6yawmcm4e4h846hv32wvnkqnldpe3eq6v5fq4q3jgs6q9zs86t,50000000000,
08859f7868434081ac16f99a0154cf04236c4a66ca5928a87837650d24d138c5,2024-05-13T07:09:09.473000,received,kaspa:qypdz2an7t6dt6yawmcm4e4h846hv32wvnkqnldpe3eq6v5fq4q3jgs6q9zs86t,50000000000,
08859f7868434081ac16f99a0154cf04236c4a66ca5928a87837650d24d138c5,2024-05-13T07:09:09.473000,received,kaspa:qypdz2an7t6dt6yawmcm4e4h846hv32wvnkqnldpe3eq6v5fq4q3jgs6q9zs86t,50000000000,
08859f7868434081ac16f99a0154cf04236c4a66ca5928a87837650d24d138c5,2024-05-13T07:09:09.473000,received,kaspa:qypdz2an7t6dt6yawmcm4e4h846hv32wvnkqnldpe3eq6v5fq4q3jgs6q9zs86t,50000000000,
08859f7868434081ac16f99a0154cf04236c4a66ca5928a87837650d24d138c5,2024-05-13T07:09:09.473000,received,kaspa:qypdz2an7t6dt6yawmcm4e4h846hv32wvnkqnldpe3eq6v5fq4q3jgs6q9zs86t,50000000000,
08859f7868434081ac16f99a0154cf04236c4a66ca5928a87837650d24d138c5,2024-05-13T07:09:09.473000,received,kaspa:qypdz2an7t6dt6yawmcm4e4h846hv32wvnkqnldpe3eq6v5fq4q3jgs6q9zs86t,50000000000,
08859f7868434081ac16f99a0154cf04236c4a66ca5928a87837650d24d138c5,2024-05-13T07:09:09.473000,received,kaspa:qypdz2an7t6dt6yawmcm4e4h846hv32wvnkqnldpe3eq6v5fq4q3jgs6q9zs86t,50000000000,
08859f7868434081ac16f99a0154cf04236c4a66ca5928a87837650d24d138c5,2024-05-13T07:09:09.473000,received,kaspa:qypdz2an7t6dt6yawmcm4e4h846hv32wvnkqnldpe3eq6v5fq4q3jgs6q9zs86t,50000000000,
08859f7868434081ac16f99a0154cf04236c4a66ca5928a87837650d24d138c5,2024-05-13T07:09:09.473000,received,kaspa:qypdz2an7t6dt6yawmcm4e4h846hv32wvnkqnldpe3eq6v5fq4q3jgs6q9zs86t,50000000000,
08859f7868434081ac16f99a0154cf04236c4a66ca5928a87837650d24d138c5,2024-05-13T07:09:09.473000,received,kaspa:qypdz2an7t6dt6yawmcm4e4h846hv32wvnkqnldpe3eq6v5fq4q3jgs6q9zs86t,50000000000,
08859f7868434081ac16f99a0154cf04236c4a66ca5928a87837650d24d138c5,2024-05-13T07:09:09.473000,received,kaspa:qypdz2an7t6dt6yawmcm4e4h846hv32wvnkqnldpe3eq6v5fq4q3jgs6q9zs86t,50000000000,
08859f7868434081ac16f99a0154cf04236c4a66ca5928a87837650d24d138c5,2024-05-13T07:09:09.473000,received,kaspa:qypdz2an7t6dt6yawmcm4e4h846hv32wvnkqnldpe3eq6v5fq4q3jgs6q9zs86t,50000000000,
08859f7868434081ac16f99a0154cf04236c4a66ca5928a87837650d24d138c5,2024-05-13T07:09:09.473000,received,kaspa:qypdz2an7t6dt6yawmcm4e4h846hv32wvnkqnldpe3eq6v5fq4q3jgs6q9zs86t,50000000000,
08859f7868434081ac16f99a0154cf04236c4a66ca5928a87837650d24d138c5,2024-05-13T07:09:09.473000,received,kaspa:qypdz2an7t6dt6yawmcm4e4h846hv32wvnkqnldpe3eq6v5fq4q3jgs6q9zs86t,50000000000,
08859f7868434081ac16f99a0154cf04236c4a66ca5928a87837650d24d138c5,2024-05-13T07:09:09.473000,received,kaspa:qypdz2an7t6dt6yawmcm4e4h846hv32wvnkqnldpe3eq6v5fq4q3jgs6q9zs86t,50000000000,
08859f7868434081ac16f99a0154cf04236c4a66ca5928a87837650d24d138c5,2024-05-13T07:09:09.473000,received,kaspa:qypdz2an7t6dt6yawmcm4e4h846hv32wvnkqnldpe3eq6v5fq4q3jgs6q9zs86t,50000000000,
08859f7868434081ac16f99a0154cf04236c4a66ca5928a87837650d24d138c5,2024-05-13T07:09:09.473000,received,kaspa:qypdz2an7t6dt6yawmcm4e4h846hv32wvnkqnldpe3eq6v5fq4q3jgs6q9zs86t,50000000000,
08859f7868434081ac16f99a0154cf04236c4a66ca5928a87837650d24d138c5,2024-05-13T07:09:09.473000,received,kaspa:qypdz2an7t6dt6yawmcm4e4h846hv32wvnkqnldpe3eq6v5fq4q3jgs6q9zs86t,50000000000,
08859f7868434081ac16f99a0154cf04236c4a66ca5928a87837650d24d138c5,2024-05-13T07:09:09.473000,received,kaspa:qypdz2an7t6dt6yawmcm4e4h846hv32wvnkqnldpe3eq6v5fq4q3jgs6q9zs86t,50000000000,
4c9d3ed6edfb2288a78312872925a28c9667be309f9c85062d585a5417a337f0,2024-04-09T21:46:40.125000,sent,kaspa:qq9zagcza4jt76eev9jl5z0nqhe0thcu7js8larktj4sle7lvgnw7sfcewlty,16000000000000,
4c9d3ed6edfb2288a78312872925a28c9667be309f9c85062d585a5417a337f0,2024-04-09T21:46:40.125000,sent,kaspa:qq9zagcza4jt76eev9jl5z0nqhe0thcu7js8larktj4sle7lvgnw7sfcewlty,16000000000000,
9fafb6fad18d03c36529bc5649831c7700cf4a901a837bfb8c886888c5f3159a,2024-04-09T21:41:55.239000,received,kaspa:qypdz2an7t6dt6yawmcm4e4h846hv32wvnkqnldpe3eq6v5fq4q3jgs6q9zs86t,16000000000000,
67516af9d6cab6bd546b39479c248b9b17e457e3de96efc563bb8122aa62d4d2,2024-04-09T20:43:22.935000,sent,kaspa:qq9zagcza4jt76eev9jl5z0nqhe0thcu7js8larktj4sle7lvgnw7sfcewlty,13000099000000,
67516af9d6cab6bd546b39479c248b9b17e457e3de96efc563bb8122aa62d4d2,2024-04-09T20:43:22.935000,sent,kaspa:qq9zagcza4jt76eev9jl5z0nqhe0thcu7js8larktj4sle7lvgnw7sfcewlty,13000099000000,
668fb50ed79b7eeccd0819828fe8ef170983fb0dfb03370d26760f2a2600390d,2024-04-09T20:41:39.384000,received,kaspa:qypdz2an7t6dt6yawmcm4e4h846hv32wvnkqnldpe3eq6v5fq4q3jgs6q9zs86t,13000000000000,
668fb50ed79b7eeccd0819828fe8ef170983fb0dfb03370d26760f2a2600390d,2024-04-09T20:41:39.384000,received,kaspa:qypdz2an7t6dt6yawmcm4e4h846hv32wvnkqnldpe3eq6v5fq4q3jgs6q9zs86t,13000000000000,
668fb50ed79b7eeccd0819828fe8ef170983fb0dfb03370d26760f2a2600390d,2024-04-09T20:41:39.384000,received,kaspa:qypdz2an7t6dt6yawmcm4e4h846hv32wvnkqnldpe3eq6v5fq4q3jgs6q9zs86t,13000000000000,
668fb50ed79b7eeccd0819828fe8ef170983fb0dfb03370d26760f2a2600390d,2024-04-09T20:41:39.384000,received,kaspa:qypdz2an7t6dt6yawmcm4e4h846hv32wvnkqnldpe3eq6v5fq4q3jgs6q9zs86t,13000000000000,
668fb50ed79b7eeccd0819828fe8ef170983fb0dfb03370d26760f2a2600390d,2024-04-09T20:41:39.384000,received,kaspa:qypdz2an7t6dt6yawmcm4e4h846hv32wvnkqnldpe3eq6v5fq4q3jgs6q9zs86t,13000000000000,
668fb50ed79b7eeccd0819828fe8ef170983fb0dfb03370d26760f2a2600390d,2024-04-09T20:41:39.384000,received,kaspa:qypdz2an7t6dt6yawmcm4e4h846hv32wvnkqnldpe3eq6v5fq4q3jgs6q9zs86t,13000000000000,
668fb50ed79b7eeccd0819828fe8ef170983fb0dfb03370d26760f2a2600390d,2024-04-09T20:41:39.384000,received,kaspa:qypdz2an7t6dt6yawmcm4e4h846hv32wvnkqnldpe3eq6v5fq4q3jgs6q9zs86t,13000000000000,
668fb50ed79b7eeccd0819828fe8ef170983fb0dfb03370d26760f2a2600390d,2024-04-09T20:41:39.384000,received,kaspa:qypdz2an7t6dt6yawmcm4e4h846hv32wvnkqnldpe3eq6v5fq4q3jgs6q9zs86t,13000000000000,
668fb50ed79b7eeccd0819828fe8ef170983fb0dfb03370d26760f2a2600390d,2024-04-09T20:41:39.384000,received,kaspa:qypdz2an7t6dt6yawmcm4e4h846hv32wvnkqnldpe3eq6v5fq4q3jgs6q9zs86t,13000000000000,
668fb50ed79b7eeccd0819828fe8ef170983fb0dfb03370d26760f2a2600390d,2024-04-09T20:41:39.384000,received,kaspa:qypdz2an7t6dt6yawmcm4e4h846hv32wvnkqnldpe3eq6v5fq4q3jgs6q9zs86t,13000000000000,
668fb50ed79b7eeccd0819828fe8ef170983fb0dfb03370d26760f2a2600390d,2024-04-09T20:41:39.384000,received,kaspa:qypdz2an7t6dt6yawmcm4e4h846hv32wvnkqnldpe3eq6v5fq4q3jgs6q9zs86t,13000000000000,
668fb50ed79b7eeccd0819828fe8ef170983fb0dfb03370d26760f2a2600390d,2024-04-09T20:41:39.384000,received,kaspa:qypdz2an7t6dt6yawmcm4e4h846hv32wvnkqnldpe3eq6v5fq4q3jgs6q9zs86t,13000000000000,
668fb50ed79b7eeccd0819828fe8ef170983fb0dfb03370d26760f2a2600390d,2024-04-09T20:41:39.384000,received,kaspa:qypdz2an7t6dt6yawmcm4e4h846hv32wvnkqnldpe3eq6v5fq4q3jgs6q9zs86t,13000000000000,
668fb50ed79b7eeccd0819828fe8ef170983fb0dfb03370d26760f2a2600390d,2024-04-09T20:41:39.384000,received,kaspa:qypdz2an7t6dt6yawmcm4e4h846hv32wvnkqnldpe3eq6v5fq4q3jgs6q9zs86t,13000000000000,
668fb50ed79b7eeccd0819828fe8ef170983fb0dfb03370d26760f2a2600390d,2024-04-09T20:41:39.384000,received,kaspa:qypdz2an7t6dt6yawmcm4e4h846hv32wvnkqnldpe3eq6v5fq4q3jgs6q9zs86t,13000000000000,
668fb50ed79b7eeccd0819828fe8ef170983fb0dfb03370d26760f2a2600390d,2024-04-09T20:41:39.384000,received,kaspa:qypdz2an7t6dt6yawmcm4e4h846hv32wvnkqnldpe3eq6v5fq4q3jgs6q9zs86t,13000000000000,
668fb50ed79b7eeccd0819828fe8ef170983fb0dfb03370d26760f2a2600390d,2024-04-09T20:41:39.384000,received,kaspa:qypdz2an7t6dt6yawmcm4e4h846hv32wvnkqnldpe3eq6v5fq4q3jgs6q9zs86t,13000000000000,
668fb50ed79b7eeccd0819828fe8ef170983fb0dfb03370d26760f2a2600390d,2024-04-09T20:41:39.384000,received,kaspa:qypdz2an7t6dt6yawmcm4e4h846hv32wvnkqnldpe3eq6v5fq4q3jgs6q9zs86t,13000000000000,
668fb50ed79b7eeccd0819828fe8ef170983fb0dfb03370d26760f2a2600390d,2024-04-09T20:41:39.384000,received,kaspa:qypdz2an7t6dt6yawmcm4e4h846hv32wvnkqnldpe3eq6v5fq4q3jgs6q9zs86t,13000000000000,
668fb50ed79b7eeccd0819828fe8ef170983fb0dfb03370d26760f2a2600390d,2024-04-09T20:41:39.384000,received,kaspa:qypdz2an7t6dt6yawmcm4e4h846hv32wvnkqnldpe3eq6v5fq4q3jgs6q9zs86t,13000000000000,
668fb50ed79b7eeccd0819828fe8ef170983fb0dfb03370d26760f2a2600390d,2024-04-09T20:41:39.384000,received,kaspa:qypdz2an7t6dt6yawmcm4e4h846hv32wvnkqnldpe3eq6v5fq4q3jgs6q9zs86t,13000000000000,
668fb50ed79b7eeccd0819828fe8ef170983fb0dfb03370d26760f2a2600390d,2024-04-09T20:41:39.384000,received,kaspa:qypdz2an7t6dt6yawmcm4e4h846hv32wvnkqnldpe3eq6v5fq4q3jgs6q9zs86t,13000000000000,
668fb50ed79b7eeccd0819828fe8ef170983fb0dfb03370d26760f2a2600390d,2024-04-09T20:41:39.384000,received,kaspa:qypdz2an7t6dt6yawmcm4e4h846hv32wvnkqnldpe3eq6v5fq4q3jgs6q9zs86t,13000000000000,
668fb50ed79b7eeccd0819828fe8ef170983fb0dfb03370d26760f2a2600390d,2024-04-09T20:41:39.384000,received,kaspa:qypdz2an7t6dt6yawmcm4e4h846hv32wvnkqnldpe3eq6v5fq4q3jgs6q9zs86t,13000000000000,
668fb50ed79b7eeccd0819828fe8ef170983fb0dfb03370d26760f2a2600390d,2024-04-09T20:41:39.384000,received,kaspa:qypdz2an7t6dt6yawmcm4e4h846hv32wvnkqnldpe3eq6v5fq4q3jgs6q9zs86t,13000000000000,
668fb50ed79b7eeccd0819828fe8ef170983fb0dfb03370d26760f2a2600390d,2024-04-09T20:41:39.384000,received,kaspa:qypdz2an7t6dt6yawmcm4e4h846hv32wvnkqnldpe3eq6v5fq4q3jgs6q9zs86t,13000000000000,
668fb50ed79b7eeccd0819828fe8ef170983fb0dfb03370d26760f2a2600390d,2024-04-09T20:41:39.384000,received,kaspa:qypdz2an7t6dt6yawmcm4e4h846hv32wvnkqnldpe3eq6v5fq4q3jgs6q9zs86t,13000000000000,
668fb50ed79b7eeccd0819828fe8ef170983fb0dfb03370d26760f2a2600390d,2024-04-09T20:41:39.384000,received,kaspa:qypdz2an7t6dt6yawmcm4e4h846hv32wvnkqnldpe3eq6v5fq4q3jgs6q9zs86t,13000000000000,
668fb50ed79b7eeccd0819828fe8ef170983fb0dfb03370d26760f2a2600390d,2024-04-09T20:41:39.384000,received,kaspa:qypdz2an7t6dt6yawmcm4e4h846hv32wvnkqnldpe3eq6v5fq4q3jgs6q9zs86t,13000000000000,
668fb50ed79b7eeccd0819828fe8ef170983fb0dfb03370d26760f2a2600390d,2024-04-09T20:41:39.384000,received,kaspa:qypdz2an7t6dt6yawmcm4e4h846hv32wvnkqnldpe3eq6v5fq4q3jgs6q9zs86t,13000000000000,
668fb50ed79b7eeccd0819828fe8ef170983fb0dfb03370d26760f2a2600390d,2024-04-09T20:41:39.384000,received,kaspa:qypdz2an7t6dt6yawmcm4e4h846hv32wvnkqnldpe3eq6v5fq4q3jgs6q9zs86t,13000000000000,
668fb50ed79b7eeccd0819828fe8ef170983fb0dfb03370d26760f2a2600390d,2024-04-09T20:41:39.384000,received,kaspa:qypdz2an7t6dt6yawmcm4e4h846hv32wvnkqnldpe3eq6v5fq4q3jgs6q9zs86t,13000000000000,
668fb50ed79b7eeccd0819828fe8ef170983fb0dfb03370d26760f2a2600390d,2024-04-09T20:41:39.384000,received,kaspa:qypdz2an7t6dt6yawmcm4e4h846hv32wvnkqnldpe3eq6v5fq4q3jgs6q9zs86t,13000000000000,
668fb50ed79b7eeccd0819828fe8ef170983fb0dfb03370d26760f2a2600390d,2024-04-09T20:41:39.384000,received,kaspa:qypdz2an7t6dt6yawmcm4e4h846hv32wvnkqnldpe3eq6v5fq4q3jgs6q9zs86t,13000000000000,
668fb50ed79b7eeccd0819828fe8ef170983fb0dfb03370d26760f2a2600390d,2024-04-09T20:41:39.384000,received,kaspa:qypdz2an7t6dt6yawmcm4e4h846hv32wvnkqnldpe3eq6v5fq4q3jgs6q9zs86t,13000000000000,
668fb50ed79b7eeccd0819828fe8ef170983fb0dfb03370d26760f2a2600390d,2024-04-09T20:41:39.384000,received,kaspa:qypdz2an7t6dt6yawmcm4e4h846hv32wvnkqnldpe3eq6v5fq4q3jgs6q9zs86t,13000000000000,
668fb50ed79b7eeccd0819828fe8ef170983fb0dfb03370d26760f2a2600390d,2024-04-09T20:41:39.384000,received,kaspa:qypdz2an7t6dt6yawmcm4e4h846hv32wvnkqnldpe3eq6v5fq4q3jgs6q9zs86t,13000000000000,
668fb50ed79b7eeccd0819828fe8ef170983fb0dfb03370d26760f2a2600390d,2024-04-09T20:41:39.384000,received,kaspa:qypdz2an7t6dt6yawmcm4e4h846hv32wvnkqnldpe3eq6v5fq4q3jgs6q9zs86t,13000000000000,
668fb50ed79b7eeccd0819828fe8ef170983fb0dfb03370d26760f2a2600390d,2024-04-09T20:41:39.384000,received,kaspa:qypdz2an7t6dt6yawmcm4e4h846hv32wvnkqnldpe3eq6v5fq4q3jgs6q9zs86t,13000000000000,
668fb50ed79b7eeccd0819828fe8ef170983fb0dfb03370d26760f2a2600390d,2024-04-09T20:41:39.384000,received,kaspa:qypdz2an7t6dt6yawmcm4e4h846hv32wvnkqnldpe3eq6v5fq4q3jgs6q9zs86t,13000000000000,
668fb50ed79b7eeccd0819828fe8ef170983fb0dfb03370d26760f2a2600390d,2024-04-09T20:41:39.384000,received,kaspa:qypdz2an7t6dt6yawmcm4e4h846hv32wvnkqnldpe3eq6v5fq4q3jgs6q9zs86t,13000000000000,
668fb50ed79b7eeccd0819828fe8ef170983fb0dfb03370d26760f2a2600390d,2024-04-09T20:41:39.384000,received,kaspa:qypdz2an7t6dt6yawmcm4e4h846hv32wvnkqnldpe3eq6v5fq4q3jgs6q9zs86t,13000000000000,
668fb50ed79b7eeccd0819828fe8ef170983fb0dfb03370d26760f2a2600390d,2024-04-09T20:41:39.384000,received,kaspa:qypdz2an7t6dt6yawmcm4e4h846hv32wvnkqnldpe3eq6v5fq4q3jgs6q9zs86t,13000000000000,
668fb50ed79b7eeccd0819828fe8ef170983fb0dfb03370d26760f2a2600390d,2024-04-09T20:41:39.384000,received,kaspa:qypdz2an7t6dt6yawmcm4e4h846hv32wvnkqnldpe3eq6v5fq4q3jgs6q9zs86t,13000000000000,
668fb50ed79b7eeccd0819828fe8ef170983fb0dfb03370d26760f2a2600390d,2024-04-09T20:41:39.384000,received,kaspa:qypdz2an7t6dt6yawmcm4e4h846hv32wvnkqnldpe3eq6v5fq4q3jgs6q9zs86t,13000000000000,
668fb50ed79b7eeccd0819828fe8ef170983fb0dfb03370d26760f2a2600390d,2024-04-09T20:41:39.384000,received,kaspa:qypdz2an7t6dt6yawmcm4e4h846hv32wvnkqnldpe3eq6v5fq4q3jgs6q9zs86t,13000000000000,
668fb50ed79b7eeccd0819828fe8ef170983fb0dfb03370d26760f2a2600390d,2024-04-09T20:41:39.384000,received,kaspa:qypdz2an7t6dt6yawmcm4e4h846hv32wvnkqnldpe3eq6v5fq4q3jgs6q9zs86t,13000000000000,
668fb50ed79b7eeccd0819828fe8ef170983fb0dfb03370d26760f2a2600390d,2024-04-09T20:41:39.384000,received,kaspa:qypdz2an7t6dt6yawmcm4e4h846hv32wvnkqnldpe3eq6v5fq4q3jgs6q9zs86t,13000000000000,
668fb50ed79b7eeccd0819828fe8ef170983fb0dfb03370d26760f2a2600390d,2024-04-09T20:41:39.384000,received,kaspa:qypdz2an7t6dt6yawmcm4e4h846hv32wvnkqnldpe3eq6v5fq4q3jgs6q9zs86t,13000000000000,
668fb50ed79b7eeccd0819828fe8ef170983fb0dfb03370d26760f2a2600390d,2024-04-09T20:41:39.384000,received,kaspa:qypdz2an7t6dt6yawmcm4e4h846hv32wvnkqnldpe3eq6v5fq4q3jgs6q9zs86t,13000000000000,
668fb50ed79b7eeccd0819828fe8ef170983fb0dfb03370d26760f2a2600390d,2024-04-09T20:41:39.384000,received,kaspa:qypdz2an7t6dt6yawmcm4e4h846hv32wvnkqnldpe3eq6v5fq4q3jgs6q9zs86t,13000000000000,
668fb50ed79b7eeccd0819828fe8ef170983fb0dfb03370d26760f2a2600390d,2024-04-09T20:41:39.384000,received,kaspa:qypdz2an7t6dt6yawmcm4e4h846hv32wvnkqnldpe3eq6v5fq4q3jgs6q9zs86t,13000000000000,
668fb50ed79b7eeccd0819828fe8ef170983fb0dfb03370d26760f2a2600390d,2024-04-09T20:41:39.384000,received,kaspa:qypdz2an7t6dt6yawmcm4e4h846hv32wvnkqnldpe3eq6v5fq4q3jgs6q9zs86t,13000000000000,
668fb50ed79b7eeccd0819828fe8ef170983fb0dfb03370d26760f2a2600390d,2024-04-09T20:41:39.384000,received,kaspa:qypdz2an7t6dt6yawmcm4e4h846hv32wvnkqnldpe3eq6v5fq4q3jgs6q9zs86t,13000000000000,
668fb50ed79b7eeccd0819828fe8ef170983fb0dfb03370d26760f2a2600390d,2024-04-09T20:41:39.384000,received,kaspa:qypdz2an7t6dt6yawmcm4e4h846hv32wvnkqnldpe3eq6v5fq4q3jgs6q9zs86t,13000000000000,
668fb50ed79b7eeccd0819828fe8ef170983fb0dfb03370d26760f2a2600390d,2024-04-09T20:41:39.384000,received,kaspa:qypdz2an7t6dt6yawmcm4e4h846hv32wvnkqnldpe3eq6v5fq4q3jgs6q9zs86t,13000000000000,
668fb50ed79b7eeccd0819828fe8ef170983fb0dfb03370d26760f2a2600390d,2024-04-09T20:41:39.384000,received,kaspa:qypdz2an7t6dt6yawmcm4e4h846hv32wvnkqnldpe3eq6v5fq4q3jgs6q9zs86t,13000000000000,
668fb50ed79b7eeccd0819828fe8ef170983fb0dfb03370d26760f2a2600390d,2024-04-09T20:41:39.384000,received,kaspa:qypdz2an7t6dt6yawmcm4e4h846hv32wvnkqnldpe3eq6v5fq4q3jgs6q9zs86t,13000000000000,
668fb50ed79b7eeccd0819828fe8ef170983fb0dfb03370d26760f2a2600390d,2024-04-09T20:41:39.384000,received,kaspa:qypdz2an7t6dt6yawmcm4e4h846hv32wvnkqnldpe3eq6v5fq4q3jgs6q9zs86t,13000000000000,
668fb50ed79b7eeccd0819828fe8ef170983fb0dfb03370d26760f2a2600390d,2024-04-09T20:41:39.384000,received,kaspa:qypdz2an7t6dt6yawmcm4e4h846hv32wvnkqnldpe3eq6v5fq4q3jgs6q9zs86t,13000000000000,
668fb50ed79b7eeccd0819828fe8ef170983fb0dfb03370d26760f2a2600390d,2024-04-09T20:41:39.384000,received,kaspa:qypdz2an7t6dt6yawmcm4e4h846hv32wvnkqnldpe3eq6v5fq4q3jgs6q9zs86t,13000000000000,
668fb50ed79b7eeccd0819828fe8ef170983fb0dfb03370d26760f2a2600390d,2024-04-09T20:41:39.384000,received,kaspa:qypdz2an7t6dt6yawmcm4e4h846hv32wvnkqnldpe3eq6v5fq4q3jgs6q9zs86t,13000000000000,
668fb50ed79b7eeccd0819828fe8ef170983fb0dfb03370d26760f2a2600390d,2024-04-09T20:41:39.384000,received,kaspa:qypdz2an7t6dt6yawmcm4e4h846hv32wvnkqnldpe3eq6v5fq4q3jgs6q9zs86t,13000000000000,
668fb50ed79b7eeccd0819828fe8ef170983fb0dfb03370d26760f2a2600390d,2024-04-09T20:41:39.384000,received,kaspa:qypdz2an7t6dt6yawmcm4e4h846hv32wvnkqnldpe3eq6v5fq4q3jgs6q9zs86t,13000000000000,
668fb50ed79b7eeccd0819828fe8ef170983fb0dfb03370d26760f2a2600390d,2024-04-09T20:41:39.384000,received,kaspa:qypdz2an7t6dt6yawmcm4e4h846hv32wvnkqnldpe3eq6v5fq4q3jgs6q9zs86t,13000000000000,
668fb50ed79b7eeccd0819828fe8ef170983fb0dfb03370d26760f2a2600390d,2024-04-09T20:41:39.384000,received,kaspa:qypdz2an7t6dt6yawmcm4e4h846hv32wvnkqnldpe3eq6v5fq4q3jgs6q9zs86t,13000000000000,
668fb50ed79b7eeccd0819828fe8ef170983fb0dfb03370d26760f2a2600390d,2024-04-09T20:41:39.384000,received,kaspa:qypdz2an7t6dt6yawmcm4e4h846hv32wvnkqnldpe3eq6v5fq4q3jgs6q9zs86t,13000000000000,
668fb50ed79b7eeccd0819828fe8ef170983fb0dfb03370d26760f2a2600390d,2024-04-09T20:41:39.384000,received,kaspa:qypdz2an7t6dt6yawmcm4e4h846hv32wvnkqnldpe3eq6v5fq4q3jgs6q9zs86t,13000000000000,
668fb50ed79b7eeccd0819828fe8ef170983fb0dfb03370d26760f2a2600390d,2024-04-09T20:41:39.384000,received,kaspa:qypdz2an7t6dt6yawmcm4e4h846hv32wvnkqnldpe3eq6v5fq4q3jgs6q9zs86t,13000000000000,
668fb50ed79b7eeccd0819828fe8ef170983fb0dfb03370d26760f2a2600390d,2024-04-09T20:41:39.384000,received,kaspa:qypdz2an7t6dt6yawmcm4e4h846hv32wvnkqnldpe3eq6v5fq4q3jgs6q9zs86t,13000000000000,
668fb50ed79b7eeccd0819828fe8ef170983fb0dfb03370d26760f2a2600390d,2024-04-09T20:41:39.384000,received,kaspa:qypdz2an7t6dt6yawmcm4e4h846hv32wvnkqnldpe3eq6v5fq4q3jgs6q9zs86t,13000000000000,
668fb50ed79b7eeccd0819828fe8ef170983fb0dfb03370d26760f2a2600390d,2024-04-09T20:41:39.384000,received,kaspa:qypdz2an7t6dt6yawmcm4e4h846hv32wvnkqnldpe3eq6v5fq4q3jgs6q9zs86t,13000000000000,
668fb50ed79b7eeccd0819828fe8ef170983fb0dfb03370d26760f2a2600390d,2024-04-09T20:41:39.384000,received,kaspa:qypdz2an7t6dt6yawmcm4e4h846hv32wvnkqnldpe3eq6v5fq4q3jgs6q9zs86t,13000000000000,
668fb50ed79b7eeccd0819828fe8ef170983fb0dfb03370d26760f2a2600390d,2024-04-09T20:41:39.384000,received,kaspa:qypdz2an7t6dt6yawmcm4e4h846hv32wvnkqnldpe3eq6v5fq4q3jgs6q9zs86t,13000000000000,
668fb50ed79b7eeccd0819828fe8ef170983fb0dfb03370d26760f2a2600390d,2024-04-09T20:41:39.384000,received,kaspa:qypdz2an7t6dt6yawmcm4e4h846hv32wvnkqnldpe3eq6v5fq4q3jgs6q9zs86t,13000000000000,
668fb50ed79b7eeccd0819828fe8ef170983fb0dfb03370d26760f2a2600390d,2024-04-09T20:41:39.384000,received,kaspa:qypdz2an7t6dt6yawmcm4e4h846hv32wvnkqnldpe3eq6v5fq4q3jgs6q9zs86t,13000000000000,
668fb50ed79b7eeccd0819828fe8ef170983fb0dfb03370d26760f2a2600390d,2024-04-09T20:41:39.384000,received,kaspa:qypdz2an7t6dt6yawmcm4e4h846hv32wvnkqnldpe3eq6v5fq4q3jgs6q9zs86t,13000000000000,
668fb50ed79b7eeccd0819828fe8ef170983fb0dfb03370d26760f2a2600390d,2024-04-09T20:41:39.384000,received,kaspa:qypdz2an7t6dt6yawmcm4e4h846hv32wvnkqnldpe3eq6v5fq4q3jgs6q9zs86t,13000000000000,
668fb50ed79b7eeccd0819828fe8ef170983fb0dfb03370d26760f2a2600390d,2024-04-09T20:41:39.384000,received,kaspa:qypdz2an7t6dt6yawmcm4e4h846hv32wvnkqnldpe3eq6v5fq4q3jgs6q9zs86t,13000000000000,
668fb50ed79b7eeccd0819828fe8ef170983fb0dfb03370d26760f2a2600390d,2024-04-09T20:41:39.384000,received,kaspa:qypdz2an7t6dt6yawmcm4e4h846hv32wvnkqnldpe3eq6v5fq4q3jgs6q9zs86t,13000000000000,
668fb50ed79b7eeccd0819828fe8ef170983fb0dfb03370d26760f2a2600390d,2024-04-09T20:41:39.384000,received,kaspa:qypdz2an7t6dt6yawmcm4e4h846hv32wvnkqnldpe3eq6v5fq4q3jgs6q9zs86t,13000000000000,
668fb50ed79b7eeccd0819828fe8ef170983fb0dfb03370d26760f2a2600390d,2024-04-09T20:41:39.384000,received,kaspa:qypdz2an7t6dt6yawmcm4e4h846hv32wvnkqnldpe3eq6v5fq4q3jgs6q9zs86t,13000000000000,
668fb50ed79b7eeccd0819828fe8ef170983fb0dfb03370d26760f2a2600390d,2024-04-09T20:41:39.384000,received,kaspa:qypdz2an7t6dt6yawmcm4e4h846hv32wvnkqnldpe3eq6v5fq4q3jgs6q9zs86t,13000000000000,
0fed329d949bd4e5615cdbf6495b3f126c558975c17376660273490e889cfee2,2024-04-09T20:33:48.925000,sent,kaspa:qq9zagcza4jt76eev9jl5z0nqhe0thcu7js8larktj4sle7lvgnw7sfcewlty,7678900000000,
0fed329d949bd4e5615cdbf6495b3f126c558975c17376660273490e889cfee2,2024-04-09T20:33:48.925000,sent,kaspa:qq9zagcza4jt76eev9jl5z0nqhe0thcu7js8larktj4sle7lvgnw7sfcewlty,7678900000000,
fa1168091a5baea8e5f69ca7e47bbe4033023681019846bd7ad97354bacc2d6c,2024-04-09T20:28:57.863000,received,kaspa:qypdz2an7t6dt6yawmcm4e4h846hv32wvnkqnldpe3eq6v5fq4q3jgs6q9zs86t,7678000000000,
fa1168091a5baea8e5f69ca7e47bbe4033023681019846bd7ad97354bacc2d6c,2024-04-09T20:28:57.863000,received,kaspa:qypdz2an7t6dt6yawmcm4e4h846hv32wvnkqnldpe3eq6v5fq4q3jgs6q9zs86t,7678000000000,
fa1168091a5baea8e5f69ca7e47bbe4033023681019846bd7ad97354bacc2d6c,2024-04-09T20:28:57.863000,received,kaspa:qypdz2an7t6dt6yawmcm4e4h846hv32wvnkqnldpe3eq6v5fq4q3jgs6q9zs86t,7678000000000,
fa1168091a5baea8e5f69ca7e47bbe4033023681019846bd7ad97354bacc2d6c,2024-04-09T20:28:57.863000,received,kaspa:qypdz2an7t6dt6yawmcm4e4h846hv32wvnkqnldpe3eq6v5fq4q3jgs6q9zs86t,7678000000000,
fa1168091a5baea8e5f69ca7e47bbe4033023681019846bd7ad97354bacc2d6c,2024-04-09T20:28:57.863000,received,kaspa:qypdz2an7t6dt6yawmcm4e4h846hv32wvnkqnldpe3eq6v5fq4q3jgs6q9zs86t,7678000000000,
fa1168091a5baea8e5f69ca7e47bbe4033023681019846bd7ad97354bacc2d6c,2024-04-09T20:28:57.863000,received,kaspa:qypdz2an7t6dt6yawmcm4e4h846hv32wvnkqnldpe3eq6v5fq4q3jgs6q9zs86t,7678000000000,
fa1168091a5baea8e5f69ca7e47bbe4033023681019846bd7ad97354bacc2d6c,2024-04-09T20:28:57.863000,received,kaspa:qypdz2an7t6dt6yawmcm4e4h846hv32wvnkqnldpe3eq6v5fq4q3jgs6q9zs86t,7678000000000,
fa1168091a5baea8e5f69ca7e47bbe4033023681019846bd7ad97354bacc2d6c,2024-04-09T20:28:57.863000,received,kaspa:qypdz2an7t6dt6yawmcm4e4h846hv32wvnkqnldpe3eq6v5fq4q3jgs6q9zs86t,7678000000000,
fa1168091a5baea8e5f69ca7e47bbe4033023681019846bd7ad97354bacc2d6c,2024-04-09T20:28:57.863000,received,kaspa:qypdz2an7t6dt6yawmcm4e4h846hv32wvnkqnldpe3eq6v5fq4q3jgs6q9zs86t,7678000000000,
fa1168091a5baea8e5f69ca7e47bbe4033023681019846bd7ad97354bacc2d6c,2024-04-09T20:28:57.863000,received,kaspa:qypdz2an7t6dt6yawmcm4e4h846hv32wvnkqnldpe3eq6v5fq4q3jgs6q9zs86t,7678000000000,
fa1168091a5baea8e5f69ca7e47bbe4033023681019846bd7ad97354bacc2d6c,2024-04-09T20:28:57.863000,received,kaspa:qypdz2an7t6dt6yawmcm4e4h846hv32wvnkqnldpe3eq6v5fq4q3jgs6q9zs86t,7678000000000,
fa1168091a5baea8e5f69ca7e47bbe4033023681019846bd7ad97354bacc2d6c,2024-04-09T20:28:57.863000,received,kaspa:qypdz2an7t6dt6yawmcm4e4h846hv32wvnkqnldpe3eq6v5fq4q3jgs6q9zs86t,7678000000000,
fa1168091a5baea8e5f69ca7e47bbe4033023681019846bd7ad97354bacc2d6c,2024-04-09T20:28:57.863000,received,kaspa:qypdz2an7t6dt6yawmcm4e4h846hv32wvnkqnldpe3eq6v5fq4q3jgs6q9zs86t,7678000000000,
fa1168091a5baea8e5f69ca7e47bbe4033023681019846bd7ad97354bacc2d6c,2024-04-09T20:28:57.863000,received,kaspa:qypdz2an7t6dt6yawmcm4e4h846hv32wvnkqnldpe3eq6v5fq4q3jgs6q9zs86t,7678000000000,
fa1168091a5baea8e5f69ca7e47bbe4033023681019846bd7ad97354bacc2d6c,2024-04-09T20:28:57.863000,received,kaspa:qypdz2an7t6dt6yawmcm4e4h846hv32wvnkqnldpe3eq6v5fq4q3jgs6q9zs86t,7678000000000,
fa1168091a5baea8e5f69ca7e47bbe4033023681019846bd7ad97354bacc2d6c,2024-04-09T20:28:57.863000,received,kaspa:qypdz2an7t6dt6yawmcm4e4h846hv32wvnkqnldpe3eq6v5fq4q3jgs6q9zs86t,7678000000000,
fa1168091a5baea8e5f69ca7e47bbe4033023681019846bd7ad97354bacc2d6c,2024-04-09T20:28:57.863000,received,kaspa:qypdz2an7t6dt6yawmcm4e4h846hv32wvnkqnldpe3eq6v5fq4q3jgs6q9zs86t,7678000000000,
fa1168091a5baea8e5f69ca7e47bbe4033023681019846bd7ad97354bacc2d6c,2024-04-09T20:28:57.863000,received,kaspa:qypdz2an7t6dt6yawmcm4e4h846hv32wvnkqnldpe3eq6v5fq4q3jgs6q9zs86t,7678000000000,
fa1168091a5baea8e5f69ca7e47bbe4033023681019846bd7ad97354bacc2d6c,2024-04-09T20:28:57.863000,received,kaspa:qypdz2an7t6dt6yawmcm4e4h846hv32wvnkqnldpe3eq6v5fq4q3jgs6q9zs86t,7678000000000,
fa1168091a5baea8e5f69ca7e47bbe4033023681019846bd7ad97354bacc2d6c,2024-04-09T20:28:57.863000,received,kaspa:qypdz2an7t6dt6yawmcm4e4h846hv32wvnkqnldpe3eq6v5fq4q3jgs6q9zs86t,7678000000000,
fa1168091a5baea8e5f69ca7e47bbe4033023681019846bd7ad97354bacc2d6c,2024-04-09T20:28:57.863000,received,kaspa:qypdz2an7t6dt6yawmcm4e4h846hv32wvnkqnldpe3eq6v5fq4q3jgs6q9zs86t,7678000000000,
fa1168091a5baea8e5f69ca7e47bbe4033023681019846bd7ad97354bacc2d6c,2024-04-09T20:28:57.863000,received,kaspa:qypdz2an7t6dt6yawmcm4e4h846hv32wvnkqnldpe3eq6v5fq4q3jgs6q9zs86t,7678000000000,
fa1168091a5baea8e5f69ca7e47bbe4033023681019846bd7ad97354bacc2d6c,2024-04-09T20:28:57.863000,received,kaspa:qypdz2an7t6dt6yawmcm4e4h846hv32wvnkqnldpe3eq6v5fq4q3jgs6q9zs86t,7678000000000,
fa1168091a5baea8e5f69ca7e47bbe4033023681019846bd7ad97354bacc2d6c,2024-04-09T20:28:57.863000,received,kaspa:qypdz2an7t6dt6yawmcm4e4h846hv32wvnkqnldpe3eq6v5fq4q3jgs6q9zs86t,7678000000000,
fa1168091a5baea8e5f69ca7e47bbe4033023681019846bd7ad97354bacc2d6c,2024-04-09T20:28:57.863000,received,kaspa:qypdz2an7t6dt6yawmcm4e4h846hv32wvnkqnldpe3eq6v5fq4q3jgs6q9zs86t,7678000000000,
fa1168091a5baea8e5f69ca7e47bbe4033023681019846bd7ad97354bacc2d6c,2024-04-09T20:28:57.863000,received,kaspa:qypdz2an7t6dt6yawmcm4e4h846hv32wvnkqnldpe3eq6v5fq4q3jgs6q9zs86t,7678000000000,
fa1168091a5baea8e5f69ca7e47bbe4033023681019846bd7ad97354bacc2d6c,2024-04-09T20:28:57.863000,received,kaspa:qypdz2an7t6dt6yawmcm4e4h846hv32wvnkqnldpe3eq6v5fq4q3jgs6q9zs86t,7678000000000,
fa1168091a5baea8e5f69ca7e47bbe4033023681019846bd7ad97354bacc2d6c,2024-04-09T20:28:57.863000,received,kaspa:qypdz2an7t6dt6yawmcm4e4h846hv32wvnkqnldpe3eq6v5fq4q3jgs6q9zs86t,7678000000000,
fa1168091a5baea8e5f69ca7e47bbe4033023681019846bd7ad97354bacc2d6c,2024-04-09T20:28:57.863000,received,kaspa:qypdz2an7t6dt6yawmcm4e4h846hv32wvnkqnldpe3eq6v5fq4q3jgs6q9zs86t,7678000000000,
fa1168091a5baea8e5f69ca7e47bbe4033023681019846bd7ad97354bacc2d6c,2024-04-09T20:28:57.863000,received,kaspa:qypdz2an7t6dt6yawmcm4e4h846hv32wvnkqnldpe3eq6v5fq4q3jgs6q9zs86t,7678000000000,
fa1168091a5baea8e5f69ca7e47bbe4033023681019846bd7ad97354bacc2d6c,2024-04-09T20:28:57.863000,received,kaspa:qypdz2an7t6dt6yawmcm4e4h846hv32wvnkqnldpe3eq6v5fq4q3jgs6q9zs86t,7678000000000,
fa1168091a5baea8e5f69ca7e47bbe4033023681019846bd7ad97354bacc2d6c,2024-04-09T20:28:57.863000,received,kaspa:qypdz2an7t6dt6yawmcm4e4h846hv32wvnkqnldpe3eq6v5fq4q3jgs6q9zs86t,7678000000000,
fa1168091a5baea8e5f69ca7e47bbe4033023681019846bd7ad97354bacc2d6c,2024-04-09T20:28:57.863000,received,kaspa:qypdz2an7t6dt6yawmcm4e4h846hv32wvnkqnldpe3eq6v5fq4q3jgs6q9zs86t,7678000000000,
fa1168091a5baea8e5f69ca7e47bbe4033023681019846bd7ad97354bacc2d6c,2024-04-09T20:28:57.863000,received,kaspa:qypdz2an7t6dt6yawmcm4e4h846hv32wvnkqnldpe3eq6v5fq4q3jgs6q9zs86t,7678000000000,
fa1168091a5baea8e5f69ca7e47bbe4033023681019846bd7ad97354bacc2d6c,2024-04-09T20:28:57.863000,received,kaspa:qypdz2an7t6dt6yawmcm4e4h846hv32wvnkqnldpe3eq6v5fq4q3jgs6q9zs86t,7678000000000,
fa1168091a5baea8e5f69ca7e47bbe4033023681019846bd7ad97354bacc2d6c,2024-04-09T20:28:57.863000,received,kaspa:qypdz2an7t6dt6yawmcm4e4h846hv32wvnkqnldpe3eq6v5fq4q3jgs6q9zs86t,7678000000000,
fa1168091a5baea8e5f69ca7e47bbe4033023681019846bd7ad97354bacc2d6c,2024-04-09T20:28:57.863000,received,kaspa:qypdz2an7t6dt6yawmcm4e4h846hv32wvnkqnldpe3eq6v5fq4q3jgs6q9zs86t,7678000000000,
fa1168091a5baea8e5f69ca7e47bbe4033023681019846bd7ad97354bacc2d6c,2024-04-09T20:28:57.863000,received,kaspa:qypdz2an7t6dt6yawmcm4e4h846hv32wvnkqnldpe3eq6v5fq4q3jgs6q9zs86t,7678000000000,
fa1168091a5baea8e5f69ca7e47bbe4033023681019846bd7ad97354bacc2d6c,2024-04-09T20:28:57.863000,received,kaspa:qypdz2an7t6dt6yawmcm4e4h846hv32wvnkqnldpe3eq6v5fq4q3jgs6q9zs86t,7678000000000,
fa1168091a5baea8e5f69ca7e47bbe4033023681019846bd7ad97354bacc2d6c,2024-04-09T20:28:57.863000,received,kaspa:qypdz2an7t6dt6yawmcm4e4h846hv32wvnkqnldpe3eq6v5fq4q3jgs6q9zs86t,7678000000000,
fa1168091a5baea8e5f69ca7e47bbe4033023681019846bd7ad97354bacc2d6c,2024-04-09T20:28:57.863000,received,kaspa:qypdz2an7t6dt6yawmcm4e4h846hv32wvnkqnldpe3eq6v5fq4q3jgs6q9zs86t,7678000000000,
fa1168091a5baea8e5f69ca7e47bbe4033023681019846bd7ad97354bacc2d6c,2024-04-09T20:28:57.863000,received,kaspa:qypdz2an7t6dt6yawmcm4e4h846hv32wvnkqnldpe3eq6v5fq4q3jgs6q9zs86t,7678000000000,
fa1168091a5baea8e5f69ca7e47bbe4033023681019846bd7ad97354bacc2d6c,2024-04-09T20:28:57.863000,received,kaspa:qypdz2an7t6dt6yawmcm4e4h846hv32wvnkqnldpe3eq6v5fq4q3jgs6q9zs86t,7678000000000,
fa1168091a5baea8e5f69ca7e47bbe4033023681019846bd7ad97354bacc2d6c,2024-04-09T20:28:57.863000,received,kaspa:qypdz2an7t6dt6yawmcm4e4h846hv32wvnkqnldpe3eq6v5fq4q3jgs6q9zs86t,7678000000000,
fa1168091a5baea8e5f69ca7e47bbe4033023681019846bd7ad97354bacc2d6c,2024-04-09T20:28:57.863000,received,kaspa:qypdz2an7t6dt6yawmcm4e4h846hv32wvnkqnldpe3eq6v5fq4q3jgs6q9zs86t,7678000000000,
fa1168091a5baea8e5f69ca7e47bbe4033023681019846bd7ad97354bacc2d6c,2024-04-09T20:28:57.863000,received,kaspa:qypdz2an7t6dt6yawmcm4e4h846hv32wvnkqnldpe3eq6v5fq4q3jgs6q9zs86t,7678000000000,
fa1168091a5baea8e5f69ca7e47bbe4033023681019846bd7ad97354bacc2d6c,2024-04-09T20:28:57.863000,received,kaspa:qypdz2an7t6dt6yawmcm4e4h846hv32wvnkqnldpe3eq6v5fq4q3jgs6q9zs86t,7678000000000,
fa1168091a5baea8e5f69ca7e47bbe4033023681019846bd7ad97354bacc2d6c,2024-04-09T20:28:57.863000,received,kaspa:qypdz2an7t6dt6yawmcm4e4h846hv32wvnkqnldpe3eq6v5fq4q3jgs6q9zs86t,7678000000000,
fa1168091a5baea8e5f69ca7e47bbe4033023681019846bd7ad97354bacc2d6c,2024-04-09T20:28:57.863000,received,kaspa:qypdz2an7t6dt6yawmcm4e4h846hv32wvnkqnldpe3eq6v5fq4q3jgs6q9zs86t,7678000000000,
fa1168091a5baea8e5f69ca7e47bbe4033023681019846bd7ad97354bacc2d6c,2024-04-09T20:28:57.863000,received,kaspa:qypdz2an7t6dt6yawmcm4e4h846hv32wvnkqnldpe3eq6v5fq4q3jgs6q9zs86t,7678000000000,
fa1168091a5baea8e5f69ca7e47bbe4033023681019846bd7ad97354bacc2d6c,2024-04-09T20:28:57.863000,received,kaspa:qypdz2an7t6dt6yawmcm4e4h846hv32wvnkqnldpe3eq6v5fq4q3jgs6q9zs86t,7678000000000,
fa1168091a5baea8e5f69ca7e47bbe4033023681019846bd7ad97354bacc2d6c,2024-04-09T20:28:57.863000,received,kaspa:qypdz2an7t6dt6yawmcm4e4h846hv32wvnkqnldpe3eq6v5fq4q3jgs6q9zs86t,7678000000000,
fa1168091a5baea8e5f69ca7e47bbe4033023681019846bd7ad97354bacc2d6c,2024-04-09T20:28:57.863000,received,kaspa:qypdz2an7t6dt6yawmcm4e4h846hv32wvnkqnldpe3eq6v5fq4q3jgs6q9zs86t,7678000000000,
fa1168091a5baea8e5f69ca7e47bbe4033023681019846bd7ad97354bacc2d6c,2024-04-09T20:28:57.863000,received,kaspa:qypdz2an7t6dt6yawmcm4e4h846hv32wvnkqnldpe3eq6v5fq4q3jgs6q9zs86t,7678000000000,
fa1168091a5baea8e5f69ca7e47bbe4033023681019846bd7ad97354bacc2d6c,2024-04-09T20:28:57.863000,received,kaspa:qypdz2an7t6dt6yawmcm4e4h846hv32wvnkqnldpe3eq6v5fq4q3jgs6q9zs86t,7678000000000,
fa1168091a5baea8e5f69ca7e47bbe4033023681019846bd7ad97354bacc2d6c,2024-04-09T20:28:57.863000,received,kaspa:qypdz2an7t6dt6yawmcm4e4h846hv32wvnkqnldpe3eq6v5fq4q3jgs6q9zs86t,7678000000000,
fa1168091a5baea8e5f69ca7e47bbe4033023681019846bd7ad97354bacc2d6c,2024-04-09T20:28:57.863000,received,kaspa:qypdz2an7t6dt6yawmcm4e4h846hv32wvnkqnldpe3eq6v5fq4q3jgs6q9zs86t,7678000000000,
fa1168091a5baea8e5f69ca7e47bbe4033023681019846bd7ad97354bacc2d6c,2024-04-09T20:28:57.863000,received,kaspa:qypdz2an7t6dt6yawmcm4e4h846hv32wvnkqnldpe3eq6v5fq4q3jgs6q9zs86t,7678000000000,
fa1168091a5baea8e5f69ca7e47bbe4033023681019846bd7ad97354bacc2d6c,2024-04-09T20:28:57.863000,received,kaspa:qypdz2an7t6dt6yawmcm4e4h846hv32wvnkqnldpe3eq6v5fq4q3jgs6q9zs86t,7678000000000,
fa1168091a5baea8e5f69ca7e47bbe4033023681019846bd7ad97354bacc2d6c,2024-04-09T20:28:57.863000,received,kaspa:qypdz2an7t6dt6yawmcm4e4h846hv32wvnkqnldpe3eq6v5fq4q3jgs6q9zs86t,7678000000000,
fa1168091a5baea8e5f69ca7e47bbe4033023681019846bd7ad97354bacc2d6c,2024-04-09T20:28:57.863000,received,kaspa:qypdz2an7t6dt6yawmcm4e4h846hv32wvnkqnldpe3eq6v5fq4q3jgs6q9zs86t,7678000000000,
fa1168091a5baea8e5f69ca7e47bbe4033023681019846bd7ad97354bacc2d6c,2024-04-09T20:28:57.863000,received,kaspa:qypdz2an7t6dt6yawmcm4e4h846hv32wvnkqnldpe3eq6v5fq4q3jgs6q9zs86t,7678000000000,
fa1168091a5baea8e5f69ca7e47bbe4033023681019846bd7ad97354bacc2d6c,2024-04-09T20:28:57.863000,received,kaspa:qypdz2an7t6dt6yawmcm4e4h846hv32wvnkqnldpe3eq6v5fq4q3jgs6q9zs86t,7678000000000,
fa1168091a5baea8e5f69ca7e47bbe4033023681019846bd7ad97354bacc2d6c,2024-04-09T20:28:57.863000,received,kaspa:qypdz2an7t6dt6yawmcm4e4h846hv32wvnkqnldpe3eq6v5fq4q3jgs6q9zs86t,7678000000000,
fa1168091a5baea8e5f69ca7e47bbe4033023681019846bd7ad97354bacc2d6c,2024-04-09T20:28:57.863000,received,kaspa:qypdz2an7t6dt6yawmcm4e4h846hv32wvnkqnldpe3eq6v5fq4q3jgs6q9zs86t,7678000000000,
fa1168091a5baea8e5f69ca7e47bbe4033023681019846bd7ad97354bacc2d6c,2024-04-09T20:28:57.863000,received,kaspa:qypdz2an7t6dt6yawmcm4e4h846hv32wvnkqnldpe3eq6v5fq4q3jgs6q9zs86t,7678000000000,
fa1168091a5baea8e5f69ca7e47bbe4033023681019846bd7ad97354bacc2d6c,2024-04-09T20:28:57.863000,received,kaspa:qypdz2an7t6dt6yawmcm4e4h846hv32wvnkqnldpe3eq6v5fq4q3jgs6q9zs86t,7678000000000,
fa1168091a5baea8e5f69ca7e47bbe4033023681019846bd7ad97354bacc2d6c,2024-04-09T20:28:57.863000,received,kaspa:qypdz2an7t6dt6yawmcm4e4h846hv32wvnkqnldpe3eq6v5fq4q3jgs6q9zs86t,7678000000000,
fa1168091a5baea8e5f69ca7e47bbe4033023681019846bd7ad97354bacc2d6c,2024-04-09T20:28:57.863000,received,kaspa:qypdz2an7t6dt6yawmcm4e4h846hv32wvnkqnldpe3eq6v5fq4q3jgs6q9zs86t,7678000000000,
fa1168091a5baea8e5f69ca7e47bbe4033023681019846bd7ad97354bacc2d6c,2024-04-09T20:28:57.863000,received,kaspa:qypdz2an7t6dt6yawmcm4e4h846hv32wvnkqnldpe3eq6v5fq4q3jgs6q9zs86t,7678000000000,
fa1168091a5baea8e5f69ca7e47bbe4033023681019846bd7ad97354bacc2d6c,2024-04-09T20:28:57.863000,received,kaspa:qypdz2an7t6dt6yawmcm4e4h846hv32wvnkqnldpe3eq6v5fq4q3jgs6q9zs86t,7678000000000,
fa1168091a5baea8e5f69ca7e47bbe4033023681019846bd7ad97354bacc2d6c,2024-04-09T20:28:57.863000,received,kaspa:qypdz2an7t6dt6yawmcm4e4h846hv32wvnkqnldpe3eq6v5fq4q3jgs6q9zs86t,7678000000000,
fa1168091a5baea8e5f69ca7e47bbe4033023681019846bd7ad97354bacc2d6c,2024-04-09T20:28:57.863000,received,kaspa:qypdz2an7t6dt6yawmcm4e4h846hv32wvnkqnldpe3eq6v5fq4q3jgs6q9zs86t,7678000000000,
fa1168091a5baea8e5f69ca7e47bbe4033023681019846bd7ad97354bacc2d6c,2024-04-09T20:28:57.863000,received,kaspa:qypdz2an7t6dt6yawmcm4e4h846hv32wvnkqnldpe3eq6v5fq4q3jgs6q9zs86t,7678000000000,
fa1168091a5baea8e5f69ca7e47bbe4033023681019846bd7ad97354bacc2d6c,2024-04-09T20:28:57.863000,received,kaspa:qypdz2an7t6dt6yawmcm4e4h846hv32wvnkqnldpe3eq6v5fq4q3jgs6q9zs86t,7678000000000,
fa1168091a5baea8e5f69ca7e47bbe4033023681019846bd7ad97354bacc2d6c,2024-04-09T20:28:57.863000,received,kaspa:qypdz2an7t6dt6yawmcm4e4h846hv32wvnkqnldpe3eq6v5fq4q3jgs6q9zs86t,7678000000000,
fa1168091a5baea8e5f69ca7e47bbe4033023681019846bd7ad97354bacc2d6c,2024-04-09T20:28:57.863000,received,kaspa:qypdz2an7t6dt6yawmcm4e4h846hv32wvnkqnldpe3eq6v5fq4q3jgs6q9zs86t,7678000000000,
fa1168091a5baea8e5f69ca7e47bbe4033023681019846bd7ad97354bacc2d6c,2024-04-09T20:28:57.863000,received,kaspa:qypdz2an7t6dt6yawmcm4e4h846hv32wvnkqnldpe3eq6v5fq4q3jgs6q9zs86t,7678000000000,
fa1168091a5baea8e5f69ca7e47bbe4033023681019846bd7ad97354bacc2d6c,2024-04-09T20:28:57.863000,received,kaspa:qypdz2an7t6dt6yawmcm4e4h846hv32wvnkqnldpe3eq6v5fq4q3jgs6q9zs86t,7678000000000,
fa1168091a5baea8e5f69ca7e47bbe4033023681019846bd7ad97354bacc2d6c,2024-04-09T20:28:57.863000,received,kaspa:qypdz2an7t6dt6yawmcm4e4h846hv32wvnkqnldpe3eq6v5fq4q3jgs6q9zs86t,7678000000000,
fa1168091a5baea8e5f69ca7e47bbe4033023681019846bd7ad97354bacc2d6c,2024-04-09T20:28:57.863000,received,kaspa:qypdz2an7t6dt6yawmcm4e4h846hv32wvnkqnldpe3eq6v5fq4q3jgs6q9zs86t,7678000000000,
fa1168091a5baea8e5f69ca7e47bbe4033023681019846bd7ad97354bacc2d6c,2024-04-09T20:28:57.863000,received,kaspa:qypdz2an7t6dt6yawmcm4e4h846hv32wvnkqnldpe3eq6v5fq4q3jgs6q9zs86t,7678000000000,
fa1168091a5baea8e5f69ca7e47bbe4033023681019846bd7ad97354bacc2d6c,2024-04-09T20:28:57.863000,received,kaspa:qypdz2an7t6dt6yawmcm4e4h846hv32wvnkqnldpe3eq6v5fq4q3jgs6q9zs86t,7678000000000,
fa1168091a5baea8e5f69ca7e47bbe4033023681019846bd7ad97354bacc2d6c,2024-04-09T20:28:57.863000,received,kaspa:qypdz2an7t6dt6yawmcm4e4h846hv32wvnkqnldpe3eq6v5fq4q3jgs6q9zs86t,7678000000000,
d3b271c7d57693021ee2eae798a0e33e5daff1d18c87085007df855bf4fdfe11,2024-04-09T20:25:24.388000,sent,kaspa:qq9zagcza4jt76eev9jl5z0nqhe0thcu7js8larktj4sle7lvgnw7sfcewlty,2500000000000,
d3b271c7d57693021ee2eae798a0e33e5daff1d18c87085007df855bf4fdfe11,2024-04-09T20:25:24.388000,sent,kaspa:qq9zagcza4jt76eev9jl5z0nqhe0thcu7js8larktj4sle7lvgnw7sfcewlty,2500000000000,
fd5f1a151f31311e97cca04a84cdad21dfafde3e94137fec3ce4a12588720770,2024-04-09T20:17:45.358000,received,kaspa:qypdz2an7t6dt6yawmcm4e4h846hv32wvnkqnldpe3eq6v5fq4q3jgs6q9zs86t,2500000000000,
fd5f1a151f31311e97cca04a84cdad21dfafde3e94137fec3ce4a12588720770,2024-04-09T20:17:45.358000,received,kaspa:qypdz2an7t6dt6yawmcm4e4h846hv32wvnkqnldpe3eq6v5fq4q3jgs6q9zs86t,2500000000000,
fd5f1a151f31311e97cca04a84cdad21dfafde3e94137fec3ce4a12588720770,2024-04-09T20:17:45.358000,received,kaspa:qypdz2an7t6dt6yawmcm4e4h846hv32wvnkqnldpe3eq6v5fq4q3jgs6q9zs86t,2500000000000,
fd5f1a151f31311e97cca04a84cdad21dfafde3e94137fec3ce4a12588720770,2024-04-09T20:17:45.358000,received,kaspa:qypdz2an7t6dt6yawmcm4e4h846hv32wvnkqnldpe3eq6v5fq4q3jgs6q9zs86t,2500000000000,
fd5f1a151f31311e97cca04a84cdad21dfafde3e94137fec3ce4a12588720770,2024-04-09T20:17:45.358000,received,kaspa:qypdz2an7t6dt6yawmcm4e4h846hv32wvnkqnldpe3eq6v5fq4q3jgs6q9zs86t,2500000000000,
fd5f1a151f31311e97cca04a84cdad21dfafde3e94137fec3ce4a12588720770,2024-04-09T20:17:45.358000,received,kaspa:qypdz2an7t6dt6yawmcm4e4h846hv32wvnkqnldpe3eq6v5fq4q3jgs6q9zs86t,2500000000000,
fd5f1a151f31311e97cca04a84cdad21dfafde3e94137fec3ce4a12588720770,2024-04-09T20:17:45.358000,received,kaspa:qypdz2an7t6dt6yawmcm4e4h846hv32wvnkqnldpe3eq6v5fq4q3jgs6q9zs86t,2500000000000,
fd5f1a151f31311e97cca04a84cdad21dfafde3e94137fec3ce4a12588720770,2024-04-09T20:17:45.358000,received,kaspa:qypdz2an7t6dt6yawmcm4e4h846hv32wvnkqnldpe3eq6v5fq4q3jgs6q9zs86t,2500000000000,
fd5f1a151f31311e97cca04a84cdad21dfafde3e94137fec3ce4a12588720770,2024-04-09T20:17:45.358000,received,kaspa:qypdz2an7t6dt6yawmcm4e4h846hv32wvnkqnldpe3eq6v5fq4q3jgs6q9zs86t,2500000000000,
fd5f1a151f31311e97cca04a84cdad21dfafde3e94137fec3ce4a12588720770,2024-04-09T20:17:45.358000,received,kaspa:qypdz2an7t6dt6yawmcm4e4h846hv32wvnkqnldpe3eq6v5fq4q3jgs6q9zs86t,2500000000000,
fd5f1a151f31311e97cca04a84cdad21dfafde3e94137fec3ce4a12588720770,2024-04-09T20:17:45.358000,received,kaspa:qypdz2an7t6dt6yawmcm4e4h846hv32wvnkqnldpe3eq6v5fq4q3jgs6q9zs86t,2500000000000,
fd5f1a151f31311e97cca04a84cdad21dfafde3e94137fec3ce4a12588720770,2024-04-09T20:17:45.358000,received,kaspa:qypdz2an7t6dt6yawmcm4e4h846hv32wvnkqnldpe3eq6v5fq4q3jgs6q9zs86t,2500000000000,
fd5f1a151f31311e97cca04a84cdad21dfafde3e94137fec3ce4a12588720770,2024-04-09T20:17:45.358000,received,kaspa:qypdz2an7t6dt6yawmcm4e4h846hv32wvnkqnldpe3eq6v5fq4q3jgs6q9zs86t,2500000000000,
fd5f1a151f31311e97cca04a84cdad21dfafde3e94137fec3ce4a12588720770,2024-04-09T20:17:45.358000,received,kaspa:qypdz2an7t6dt6yawmcm4e4h846hv32wvnkqnldpe3eq6v5fq4q3jgs6q9zs86t,2500000000000,
fd5f1a151f31311e97cca04a84cdad21dfafde3e94137fec3ce4a12588720770,2024-04-09T20:17:45.358000,received,kaspa:qypdz2an7t6dt6yawmcm4e4h846hv32wvnkqnldpe3eq6v5fq4q3jgs6q9zs86t,2500000000000,
fd5f1a151f31311e97cca04a84cdad21dfafde3e94137fec3ce4a12588720770,2024-04-09T20:17:45.358000,received,kaspa:qypdz2an7t6dt6yawmcm4e4h846hv32wvnkqnldpe3eq6v5fq4q3jgs6q9zs86t,2500000000000,
fd5f1a151f31311e97cca04a84cdad21dfafde3e94137fec3ce4a12588720770,2024-04-09T20:17:45.358000,received,kaspa:qypdz2an7t6dt6yawmcm4e4h846hv32wvnkqnldpe3eq6v5fq4q3jgs6q9zs86t,2500000000000,
fd5f1a151f31311e97cca04a84cdad21dfafde3e94137fec3ce4a12588720770,2024-04-09T20:17:45.358000,received,kaspa:qypdz2an7t6dt6yawmcm4e4h846hv32wvnkqnldpe3eq6v5fq4q3jgs6q9zs86t,2500000000000,
fd5f1a151f31311e97cca04a84cdad21dfafde3e94137fec3ce4a12588720770,2024-04-09T20:17:45.358000,received,kaspa:qypdz2an7t6dt6yawmcm4e4h846hv32wvnkqnldpe3eq6v5fq4q3jgs6q9zs86t,2500000000000,
fd5f1a151f31311e97cca04a84cdad21dfafde3e94137fec3ce4a12588720770,2024-04-09T20:17:45.358000,received,kaspa:qypdz2an7t6dt6yawmcm4e4h846hv32wvnkqnldpe3eq6v5fq4q3jgs6q9zs86t,2500000000000,
fd5f1a151f31311e97cca04a84cdad21dfafde3e94137fec3ce4a12588720770,2024-04-09T20:17:45.358000,received,kaspa:qypdz2an7t6dt6yawmcm4e4h846hv32wvnkqnldpe3eq6v5fq4q3jgs6q9zs86t,2500000000000,
fd5f1a151f31311e97cca04a84cdad21dfafde3e94137fec3ce4a12588720770,2024-04-09T20:17:45.358000,received,kaspa:qypdz2an7t6dt6yawmcm4e4h846hv32wvnkqnldpe3eq6v5fq4q3jgs6q9zs86t,2500000000000,
fd5f1a151f31311e97cca04a84cdad21dfafde3e94137fec3ce4a12588720770,2024-04-09T20:17:45.358000,received,kaspa:qypdz2an7t6dt6yawmcm4e4h846hv32wvnkqnldpe3eq6v5fq4q3jgs6q9zs86t,2500000000000,
fd5f1a151f31311e97cca04a84cdad21dfafde3e94137fec3ce4a12588720770,2024-04-09T20:17:45.358000,received,kaspa:qypdz2an7t6dt6yawmcm4e4h846hv32wvnkqnldpe3eq6v5fq4q3jgs6q9zs86t,2500000000000,
fd5f1a151f31311e97cca04a84cdad21dfafde3e94137fec3ce4a12588720770,2024-04-09T20:17:45.358000,received,kaspa:qypdz2an7t6dt6yawmcm4e4h846hv32wvnkqnldpe3eq6v5fq4q3jgs6q9zs86t,2500000000000,
fd5f1a151f31311e97cca04a84cdad21dfafde3e94137fec3ce4a12588720770,2024-04-09T20:17:45.358000,received,kaspa:qypdz2an7t6dt6yawmcm4e4h846hv32wvnkqnldpe3eq6v5fq4q3jgs6q9zs86t,2500000000000,
fd5f1a151f31311e97cca04a84cdad21dfafde3e94137fec3ce4a12588720770,2024-04-09T20:17:45.358000,received,kaspa:qypdz2an7t6dt6yawmcm4e4h846hv32wvnkqnldpe3eq6v5fq4q3jgs6q9zs86t,2500000000000,
fd5f1a151f31311e97cca04a84cdad21dfafde3e94137fec3ce4a12588720770,2024-04-09T20:17:45.358000,received,kaspa:qypdz2an7t6dt6yawmcm4e4h846hv32wvnkqnldpe3eq6v5fq4q3jgs6q9zs86t,2500000000000,
fd5f1a151f31311e97cca04a84cdad21dfafde3e94137fec3ce4a12588720770,2024-04-09T20:17:45.358000,received,kaspa:qypdz2an7t6dt6yawmcm4e4h846hv32wvnkqnldpe3eq6v5fq4q3jgs6q9zs86t,2500000000000,
fd5f1a151f31311e97cca04a84cdad21dfafde3e94137fec3ce4a12588720770,2024-04-09T20:17:45.358000,received,kaspa:qypdz2an7t6dt6yawmcm4e4h846hv32wvnkqnldpe3eq6v5fq4q3jgs6q9zs86t,2500000000000,
fd5f1a151f31311e97cca04a84cdad21dfafde3e94137fec3ce4a12588720770,2024-04-09T20:17:45.358000,received,kaspa:qypdz2an7t6dt6yawmcm4e4h846hv32wvnkqnldpe3eq6v5fq4q3jgs6q9zs86t,2500000000000,
fd5f1a151f31311e97cca04a84cdad21dfafde3e94137fec3ce4a12588720770,2024-04-09T20:17:45.358000,received,kaspa:qypdz2an7t6dt6yawmcm4e4h846hv32wvnkqnldpe3eq6v5fq4q3jgs6q9zs86t,2500000000000,
fd5f1a151f31311e97cca04a84cdad21dfafde3e94137fec3ce4a12588720770,2024-04-09T20:17:45.358000,received,kaspa:qypdz2an7t6dt6yawmcm4e4h846hv32wvnkqnldpe3eq6v5fq4q3jgs6q9zs86t,2500000000000,
fd5f1a151f31311e97cca04a84cdad21dfafde3e94137fec3ce4a12588720770,2024-04-09T20:17:45.358000,received,kaspa:qypdz2an7t6dt6yawmcm4e4h846hv32wvnkqnldpe3eq6v5fq4q3jgs6q9zs86t,2500000000000,
fd5f1a151f31311e97cca04a84cdad21dfafde3e94137fec3ce4a12588720770,2024-04-09T20:17:45.358000,received,kaspa:qypdz2an7t6dt6yawmcm4e4h846hv32wvnkqnldpe3eq6v5fq4q3jgs6q9zs86t,2500000000000,
fd5f1a151f31311e97cca04a84cdad21dfafde3e94137fec3ce4a12588720770,2024-04-09T20:17:45.358000,received,kaspa:qypdz2an7t6dt6yawmcm4e4h846hv32wvnkqnldpe3eq6v5fq4q3jgs6q9zs86t,2500000000000,
fd5f1a151f31311e97cca04a84cdad21dfafde3e94137fec3ce4a12588720770,2024-04-09T20:17:45.358000,received,kaspa:qypdz2an7t6dt6yawmcm4e4h846hv32wvnkqnldpe3eq6v5fq4q3jgs6q9zs86t,2500000000000,
fd5f1a151f31311e97cca04a84cdad21dfafde3e94137fec3ce4a12588720770,2024-04-09T20:17:45.358000,received,kaspa:qypdz2an7t6dt6yawmcm4e4h846hv32wvnkqnldpe3eq6v5fq4q3jgs6q9zs86t,2500000000000,
fd5f1a151f31311e97cca04a84cdad21dfafde3e94137fec3ce4a12588720770,2024-04-09T20:17:45.358000,received,kaspa:qypdz2an7t6dt6yawmcm4e4h846hv32wvnkqnldpe3eq6v5fq4q3jgs6q9zs86t,2500000000000,
fd5f1a151f31311e97cca04a84cdad21dfafde3e94137fec3ce4a12588720770,2024-04-09T20:17:45.358000,received,kaspa:qypdz2an7t6dt6yawmcm4e4h846hv32wvnkqnldpe3eq6v5fq4q3jgs6q9zs86t,2500000000000,
fd5f1a151f31311e97cca04a84cdad21dfafde3e94137fec3ce4a12588720770,2024-04-09T20:17:45.358000,received,kaspa:qypdz2an7t6dt6yawmcm4e4h846hv32wvnkqnldpe3eq6v5fq4q3jgs6q9zs86t,2500000000000,
fd5f1a151f31311e97cca04a84cdad21dfafde3e94137fec3ce4a12588720770,2024-04-09T20:17:45.358000,received,kaspa:qypdz2an7t6dt6yawmcm4e4h846hv32wvnkqnldpe3eq6v5fq4q3jgs6q9zs86t,2500000000000,
fd5f1a151f31311e97cca04a84cdad21dfafde3e94137fec3ce4a12588720770,2024-04-09T20:17:45.358000,received,kaspa:qypdz2an7t6dt6yawmcm4e4h846hv32wvnkqnldpe3eq6v5fq4q3jgs6q9zs86t,2500000000000,
fd5f1a151f31311e97cca04a84cdad21dfafde3e94137fec3ce4a12588720770,2024-04-09T20:17:45.358000,received,kaspa:qypdz2an7t6dt6yawmcm4e4h846hv32wvnkqnldpe3eq6v5fq4q3jgs6q9zs86t,2500000000000,
fd5f1a151f31311e97cca04a84cdad21dfafde3e94137fec3ce4a12588720770,2024-04-09T20:17:45.358000,received,kaspa:qypdz2an7t6dt6yawmcm4e4h846hv32wvnkqnldpe3eq6v5fq4q3jgs6q9zs86t,2500000000000,
fd5f1a151f31311e97cca04a84cdad21dfafde3e94137fec3ce4a12588720770,2024-04-09T20:17:45.358000,received,kaspa:qypdz2an7t6dt6yawmcm4e4h846hv32wvnkqnldpe3eq6v5fq4q3jgs6q9zs86t,2500000000000,
fd5f1a151f31311e97cca04a84cdad21dfafde3e94137fec3ce4a12588720770,2024-04-09T20:17:45.358000,received,kaspa:qypdz2an7t6dt6yawmcm4e4h846hv32wvnkqnldpe3eq6v5fq4q3jgs6q9zs86t,2500000000000,
fd5f1a151f31311e97cca04a84cdad21dfafde3e94137fec3ce4a12588720770,2024-04-09T20:17:45.358000,received,kaspa:qypdz2an7t6dt6yawmcm4e4h846hv32wvnkqnldpe3eq6v5fq4q3jgs6q9zs86t,2500000000000,
fd5f1a151f31311e97cca04a84cdad21dfafde3e94137fec3ce4a12588720770,2024-04-09T20:17:45.358000,received,kaspa:qypdz2an7t6dt6yawmcm4e4h846hv32wvnkqnldpe3eq6v5fq4q3jgs6q9zs86t,2500000000000,
fd5f1a151f31311e97cca04a84cdad21dfafde3e94137fec3ce4a12588720770,2024-04-09T20:17:45.358000,received,kaspa:qypdz2an7t6dt6yawmcm4e4h846hv32wvnkqnldpe3eq6v5fq4q3jgs6q9zs86t,2500000000000,
fd5f1a151f31311e97cca04a84cdad21dfafde3e94137fec3ce4a12588720770,2024-04-09T20:17:45.358000,received,kaspa:qypdz2an7t6dt6yawmcm4e4h846hv32wvnkqnldpe3eq6v5fq4q3jgs6q9zs86t,2500000000000,
fd5f1a151f31311e97cca04a84cdad21dfafde3e94137fec3ce4a12588720770,2024-04-09T20:17:45.358000,received,kaspa:qypdz2an7t6dt6yawmcm4e4h846hv32wvnkqnldpe3eq6v5fq4q3jgs6q9zs86t,2500000000000,
fd5f1a151f31311e97cca04a84cdad21dfafde3e94137fec3ce4a12588720770,2024-04-09T20:17:45.358000,received,kaspa:qypdz2an7t6dt6yawmcm4e4h846hv32wvnkqnldpe3eq6v5fq4q3jgs6q9zs86t,2500000000000,
fd5f1a151f31311e97cca04a84cdad21dfafde3e94137fec3ce4a12588720770,2024-04-09T20:17:45.358000,received,kaspa:qypdz2an7t6dt6yawmcm4e4h846hv32wvnkqnldpe3eq6v5fq4q3jgs6q9zs86t,2500000000000,
fd5f1a151f31311e97cca04a84cdad21dfafde3e94137fec3ce4a12588720770,2024-04-09T20:17:45.358000,received,kaspa:qypdz2an7t6dt6yawmcm4e4h846hv32wvnkqnldpe3eq6v5fq4q3jgs6q9zs86t,2500000000000,
fd5f1a151f31311e97cca04a84cdad21dfafde3e94137fec3ce4a12588720770,2024-04-09T20:17:45.358000,received,kaspa:qypdz2an7t6dt6yawmcm4e4h846hv32wvnkqnldpe3eq6v5fq4q3jgs6q9zs86t,2500000000000,
fd5f1a151f31311e97cca04a84cdad21dfafde3e94137fec3ce4a12588720770,2024-04-09T20:17:45.358000,received,kaspa:qypdz2an7t6dt6yawmcm4e4h846hv32wvnkqnldpe3eq6v5fq4q3jgs6q9zs86t,2500000000000,
fd5f1a151f31311e97cca04a84cdad21dfafde3e94137fec3ce4a12588720770,2024-04-09T20:17:45.358000,received,kaspa:qypdz2an7t6dt6yawmcm4e4h846hv32wvnkqnldpe3eq6v5fq4q3jgs6q9zs86t,2500000000000,
fd5f1a151f31311e97cca04a84cdad21dfafde3e94137fec3ce4a12588720770,2024-04-09T20:17:45.358000,received,kaspa:qypdz2an7t6dt6yawmcm4e4h846hv32wvnkqnldpe3eq6v5fq4q3jgs6q9zs86t,2500000000000,
fd5f1a151f31311e97cca04a84cdad21dfafde3e94137fec3ce4a12588720770,2024-04-09T20:17:45.358000,received,kaspa:qypdz2an7t6dt6yawmcm4e4h846hv32wvnkqnldpe3eq6v5fq4q3jgs6q9zs86t,2500000000000,
fd5f1a151f31311e97cca04a84cdad21dfafde3e94137fec3ce4a12588720770,2024-04-09T20:17:45.358000,received,kaspa:qypdz2an7t6dt6yawmcm4e4h846hv32wvnkqnldpe3eq6v5fq4q3jgs6q9zs86t,2500000000000,
fd5f1a151f31311e97cca04a84cdad21dfafde3e94137fec3ce4a12588720770,2024-04-09T20:17:45.358000,received,kaspa:qypdz2an7t6dt6yawmcm4e4h846hv32wvnkqnldpe3eq6v5fq4q3jgs6q9zs86t,2500000000000,
fd5f1a151f31311e97cca04a84cdad21dfafde3e94137fec3ce4a12588720770,2024-04-09T20:17:45.358000,received,kaspa:qypdz2an7t6dt6yawmcm4e4h846hv32wvnkqnldpe3eq6v5fq4q3jgs6q9zs86t,2500000000000,
fd5f1a151f31311e97cca04a84cdad21dfafde3e94137fec3ce4a12588720770,2024-04-09T20:17:45.358000,received,kaspa:qypdz2an7t6dt6yawmcm4e4h846hv32wvnkqnldpe3eq6v5fq4q3jgs6q9zs86t,2500000000000,
fd5f1a151f31311e97cca04a84cdad21dfafde3e94137fec3ce4a12588720770,2024-04-09T20:17:45.358000,received,kaspa:qypdz2an7t6dt6yawmcm4e4h846hv32wvnkqnldpe3eq6v5fq4q3jgs6q9zs86t,2500000000000,
fd5f1a151f31311e97cca04a84cdad21dfafde3e94137fec3ce4a12588720770,2024-04-09T20:17:45.358000,received,kaspa:qypdz2an7t6dt6yawmcm4e4h846hv32wvnkqnldpe3eq6v5fq4q3jgs6q9zs86t,2500000000000,
fd5f1a151f31311e97cca04a84cdad21dfafde3e94137fec3ce4a12588720770,2024-04-09T20:17:45.358000,received,kaspa:qypdz2an7t6dt6yawmcm4e4h846hv32wvnkqnldpe3eq6v5fq4q3jgs6q9zs86t,2500000000000,
fd5f1a151f31311e97cca04a84cdad21dfafde3e94137fec3ce4a12588720770,2024-04-09T20:17:45.358000,received,kaspa:qypdz2an7t6dt6yawmcm4e4h846hv32wvnkqnldpe3eq6v5fq4q3jgs6q9zs86t,2500000000000,
fd5f1a151f31311e97cca04a84cdad21dfafde3e94137fec3ce4a12588720770,2024-04-09T20:17:45.358000,received,kaspa:qypdz2an7t6dt6yawmcm4e4h846hv32wvnkqnldpe3eq6v5fq4q3jgs6q9zs86t,2500000000000,
fd5f1a151f31311e97cca04a84cdad21dfafde3e94137fec3ce4a12588720770,2024-04-09T20:17:45.358000,received,kaspa:qypdz2an7t6dt6yawmcm4e4h846hv32wvnkqnldpe3eq6v5fq4q3jgs6q9zs86t,2500000000000,
fd5f1a151f31311e97cca04a84cdad21dfafde3e94137fec3ce4a12588720770,2024-04-09T20:17:45.358000,received,kaspa:qypdz2an7t6dt6yawmcm4e4h846hv32wvnkqnldpe3eq6v5fq4q3jgs6q9zs86t,2500000000000,
fd5f1a151f31311e97cca04a84cdad21dfafde3e94137fec3ce4a12588720770,2024-04-09T20:17:45.358000,received,kaspa:qypdz2an7t6dt6yawmcm4e4h846hv32wvnkqnldpe3eq6v5fq4q3jgs6q9zs86t,2500000000000,
fd5f1a151f31311e97cca04a84cdad21dfafde3e94137fec3ce4a12588720770,2024-04-09T20:17:45.358000,received,kaspa:qypdz2an7t6dt6yawmcm4e4h846hv32wvnkqnldpe3eq6v5fq4q3jgs6q9zs86t,2500000000000,
fd5f1a151f31311e97cca04a84cdad21dfafde3e94137fec3ce4a12588720770,2024-04-09T20:17:45.358000,received,kaspa:qypdz2an7t6dt6yawmcm4e4h846hv32wvnkqnldpe3eq6v5fq4q3jgs6q9zs86t,2500000000000,
fd5f1a151f31311e97cca04a84cdad21dfafde3e94137fec3ce4a12588720770,2024-04-09T20:17:45.358000,received,kaspa:qypdz2an7t6dt6yawmcm4e4h846hv32wvnkqnldpe3eq6v5fq4q3jgs6q9zs86t,2500000000000,
fd5f1a151f31311e97cca04a84cdad21dfafde3e94137fec3ce4a12588720770,2024-04-09T20:17:45.358000,received,kaspa:qypdz2an7t6dt6yawmcm4e4h846hv32wvnkqnldpe3eq6v5fq4q3jgs6q9zs86t,2500000000000,
fd5f1a151f31311e97cca04a84cdad21dfafde3e94137fec3ce4a12588720770,2024-04-09T20:17:45.358000,received,kaspa:qypdz2an7t6dt6yawmcm4e4h846hv32wvnkqnldpe3eq6v5fq4q3jgs6q9zs86t,2500000000000,
fd5f1a151f31311e97cca04a84cdad21dfafde3e94137fec3ce4a12588720770,2024-04-09T20:17:45.358000,received,kaspa:qypdz2an7t6dt6yawmcm4e4h846hv32wvnkqnldpe3eq6v5fq4q3jgs6q9zs86t,2500000000000,
fd5f1a151f31311e97cca04a84cdad21dfafde3e94137fec3ce4a12588720770,2024-04-09T20:17:45.358000,received,kaspa:qypdz2an7t6dt6yawmcm4e4h846hv32wvnkqnldpe3eq6v5fq4q3jgs6q9zs86t,2500000000000,
fd5f1a151f31311e97cca04a84cdad21dfafde3e94137fec3ce4a12588720770,2024-04-09T20:17:45.358000,received,kaspa:qypdz2an7t6dt6yawmcm4e4h846hv32wvnkqnldpe3eq6v5fq4q3jgs6q9zs86t,2500000000000,
fd5f1a151f31311e97cca04a84cdad21dfafde3e94137fec3ce4a12588720770,2024-04-09T20:17:45.358000,received,kaspa:qypdz2an7t6dt6yawmcm4e4h846hv32wvnkqnldpe3eq6v5fq4q3jgs6q9zs86t,2500000000000,
fd5f1a151f31311e97cca04a84cdad21dfafde3e94137fec3ce4a12588720770,2024-04-09T20:17:45.358000,received,kaspa:qypdz2an7t6dt6yawmcm4e4h846hv32wvnkqnldpe3eq6v5fq4q3jgs6q9zs86t,2500000000000,
fd5f1a151f31311e97cca04a84cdad21dfafde3e94137fec3ce4a12588720770,2024-04-09T20:17:45.358000,received,kaspa:qypdz2an7t6dt6yawmcm4e4h846hv32wvnkqnldpe3eq6v5fq4q3jgs6q9zs86t,2500000000000,
fd5f1a151f31311e97cca04a84cdad21dfafde3e94137fec3ce4a12588720770,2024-04-09T20:17:45.358000,received,kaspa:qypdz2an7t6dt6yawmcm4e4h846hv32wvnkqnldpe3eq6v5fq4q3jgs6q9zs86t,2500000000000,
423748a14eaac0483fd6c43844ee6fb80ce3e75e6c7566c945e3310b216753b8,2024-04-09T19:53:45.492000,sent,kaspa:qq9zagcza4jt76eev9jl5z0nqhe0thcu7js8larktj4sle7lvgnw7sfcewlty,9000000000,
fa7fd4cee66febcf3b17511256dc8504b5b8f1d5628620baf34e5f443dad9ecb,2024-04-09T19:50:15.929000,received,kaspa:qypdz2an7t6dt6yawmcm4e4h846hv32wvnkqnldpe3eq6v5fq4q3jgs6q9zs86t,10000000000,
fa7fd4cee66febcf3b17511256dc8504b5b8f1d5628620baf34e5f443dad9ecb,2024-04-09T19:50:15.929000,received,kaspa:qypdz2an7t6dt6yawmcm4e4h846hv32wvnkqnldpe3eq6v5fq4q3jgs6q9zs86t,10000000000,
fa7fd4cee66febcf3b17511256dc8504b5b8f1d5628620baf34e5f443dad9ecb,2024-04-09T19:50:15.929000,received,kaspa:qypdz2an7t6dt6yawmcm4e4h846hv32wvnkqnldpe3eq6v5fq4q3jgs6q9zs86t,10000000000,
fa7fd4cee66febcf3b17511256dc8504b5b8f1d5628620baf34e5f443dad9ecb,2024-04-09T19:50:15.929000,received,kaspa:qypdz2an7t6dt6yawmcm4e4h846hv32wvnkqnldpe3eq6v5fq4q3jgs6q9zs86t,10000000000,
fa7fd4cee66febcf3b17511256dc8504b5b8f1d5628620baf34e5f443dad9ecb,2024-04-09T19:50:15.929000,received,kaspa:qypdz2an7t6dt6yawmcm4e4h846hv32wvnkqnldpe3eq6v5fq4q3jgs6q9zs86t,10000000000,
fa7fd4cee66febcf3b17511256dc8504b5b8f1d5628620baf34e5f443dad9ecb,2024-04-09T19:50:15.929000,received,kaspa:qypdz2an7t6dt6yawmcm4e4h846hv32wvnkqnldpe3eq6v5fq4q3jgs6q9zs86t,10000000000,
fa7fd4cee66febcf3b17511256dc8504b5b8f1d5628620baf34e5f443dad9ecb,2024-04-09T19:50:15.929000,received,kaspa:qypdz2an7t6dt6yawmcm4e4h846hv32wvnkqnldpe3eq6v5fq4q3jgs6q9zs86t,10000000000,
fa7fd4cee66febcf3b17511256dc8504b5b8f1d5628620baf34e5f443dad9ecb,2024-04-09T19:50:15.929000,received,kaspa:qypdz2an7t6dt6yawmcm4e4h846hv32wvnkqnldpe3eq6v5fq4q3jgs6q9zs86t,10000000000,
fa7fd4cee66febcf3b17511256dc8504b5b8f1d5628620baf34e5f443dad9ecb,2024-04-09T19:50:15.929000,received,kaspa:qypdz2an7t6dt6yawmcm4e4h846hv32wvnkqnldpe3eq6v5fq4q3jgs6q9zs86t,10000000000,
fa7fd4cee66febcf3b17511256dc8504b5b8f1d5628620baf34e5f443dad9ecb,2024-04-09T19:50:15.929000,received,kaspa:qypdz2an7t6dt6yawmcm4e4h846hv32wvnkqnldpe3eq6v5fq4q3jgs6q9zs86t,10000000000,
fa7fd4cee66febcf3b17511256dc8504b5b8f1d5628620baf34e5f443dad9ecb,2024-04-09T19:50:15.929000,received,kaspa:qypdz2an7t6dt6yawmcm4e4h846hv32wvnkqnldpe3eq6v5fq4q3jgs6q9zs86t,10000000000,
fa7fd4cee66febcf3b17511256dc8504b5b8f1d5628620baf34e5f443dad9ecb,2024-04-09T19:50:15.929000,received,kaspa:qypdz2an7t6dt6yawmcm4e4h846hv32wvnkqnldpe3eq6v5fq4q3jgs6q9zs86t,10000000000,
fa7fd4cee66febcf3b17511256dc8504b5b8f1d5628620baf34e5f443dad9ecb,2024-04-09T19:50:15.929000,received,kaspa:qypdz2an7t6dt6yawmcm4e4h846hv32wvnkqnldpe3eq6v5fq4q3jgs6q9zs86t,10000000000,
fa7fd4cee66febcf3b17511256dc8504b5b8f1d5628620baf34e5f443dad9ecb,2024-04-09T19:50:15.929000,received,kaspa:qypdz2an7t6dt6yawmcm4e4h846hv32wvnkqnldpe3eq6v5fq4q3jgs6q9zs86t,10000000000,
fa7fd4cee66febcf3b17511256dc8504b5b8f1d5628620baf34e5f443dad9ecb,2024-04-09T19:50:15.929000,received,kaspa:qypdz2an7t6dt6yawmcm4e4h846hv32wvnkqnldpe3eq6v5fq4q3jgs6q9zs86t,10000000000,
fa7fd4cee66febcf3b17511256dc8504b5b8f1d5628620baf34e5f443dad9ecb,2024-04-09T19:50:15.929000,received,kaspa:qypdz2an7t6dt6yawmcm4e4h846hv32wvnkqnldpe3eq6v5fq4q3jgs6q9zs86t,10000000000,
fa7fd4cee66febcf3b17511256dc8504b5b8f1d5628620baf34e5f443dad9ecb,2024-04-09T19:50:15.929000,received,kaspa:qypdz2an7t6dt6yawmcm4e4h846hv32wvnkqnldpe3eq6v5fq4q3jgs6q9zs86t,10000000000,
fa7fd4cee66febcf3b17511256dc8504b5b8f1d5628620baf34e5f443dad9ecb,2024-04-09T19:50:15.929000,received,kaspa:qypdz2an7t6dt6yawmcm4e4h846hv32wvnkqnldpe3eq6v5fq4q3jgs6q9zs86t,10000000000,
fa7fd4cee66febcf3b17511256dc8504b5b8f1d5628620baf34e5f443dad9ecb,2024-04-09T19:50:15.929000,received,kaspa:qypdz2an7t6dt6yawmcm4e4h846hv32wvnkqnldpe3eq6v5fq4q3jgs6q9zs86t,10000000000,
fa7fd4cee66febcf3b17511256dc8504b5b8f1d5628620baf34e5f443dad9ecb,2024-04-09T19:50:15.929000,received,kaspa:qypdz2an7t6dt6yawmcm4e4h846hv32wvnkqnldpe3eq6v5fq4q3jgs6q9zs86t,10000000000,
fa7fd4cee66febcf3b17511256dc8504b5b8f1d5628620baf34e5f443dad9ecb,2024-04-09T19:50:15.929000,received,kaspa:qypdz2an7t6dt6yawmcm4e4h846hv32wvnkqnldpe3eq6v5fq4q3jgs6q9zs86t,10000000000,
fa7fd4cee66febcf3b17511256dc8504b5b8f1d5628620baf34e5f443dad9ecb,2024-04-09T19:50:15.929000,received,kaspa:qypdz2an7t6dt6yawmcm4e4h846hv32wvnkqnldpe3eq6v5fq4q3jgs6q9zs86t,10000000000,
fa7fd4cee66febcf3b17511256dc8504b5b8f1d5628620baf34e5f443dad9ecb,2024-04-09T19:50:15.929000,received,kaspa:qypdz2an7t6dt6yawmcm4e4h846hv32wvnkqnldpe3eq6v5fq4q3jgs6q9zs86t,10000000000,
fa7fd4cee66febcf3b17511256dc8504b5b8f1d5628620baf34e5f443dad9ecb,2024-04-09T19:50:15.929000,received,kaspa:qypdz2an7t6dt6yawmcm4e4h846hv32wvnkqnldpe3eq6v5fq4q3jgs6q9zs86t,10000000000,
fa7fd4cee66febcf3b17511256dc8504b5b8f1d5628620baf34e5f443dad9ecb,2024-04-09T19:50:15.929000,received,kaspa:qypdz2an7t6dt6yawmcm4e4h846hv32wvnkqnldpe3eq6v5fq4q3jgs6q9zs86t,10000000000,
fa7fd4cee66febcf3b17511256dc8504b5b8f1d5628620baf34e5f443dad9ecb,2024-04-09T19:50:15.929000,received,kaspa:qypdz2an7t6dt6yawmcm4e4h846hv32wvnkqnldpe3eq6v5fq4q3jgs6q9zs86t,10000000000,
fa7fd4cee66febcf3b17511256dc8504b5b8f1d5628620baf34e5f443dad9ecb,2024-04-09T19:50:15.929000,received,kaspa:qypdz2an7t6dt6yawmcm4e4h846hv32wvnkqnldpe3eq6v5fq4q3jgs6q9zs86t,10000000000,
fa7fd4cee66febcf3b17511256dc8504b5b8f1d5628620baf34e5f443dad9ecb,2024-04-09T19:50:15.929000,received,kaspa:qypdz2an7t6dt6yawmcm4e4h846hv32wvnkqnldpe3eq6v5fq4q3jgs6q9zs86t,10000000000,
fa7fd4cee66febcf3b17511256dc8504b5b8f1d5628620baf34e5f443dad9ecb,2024-04-09T19:50:15.929000,received,kaspa:qypdz2an7t6dt6yawmcm4e4h846hv32wvnkqnldpe3eq6v5fq4q3jgs6q9zs86t,10000000000,
fa7fd4cee66febcf3b17511256dc8504b5b8f1d5628620baf34e5f443dad9ecb,2024-04-09T19:50:15.929000,received,kaspa:qypdz2an7t6dt6yawmcm4e4h846hv32wvnkqnldpe3eq6v5fq4q3jgs6q9zs86t,10000000000,
fa7fd4cee66febcf3b17511256dc8504b5b8f1d5628620baf34e5f443dad9ecb,2024-04-09T19:50:15.929000,received,kaspa:qypdz2an7t6dt6yawmcm4e4h846hv32wvnkqnldpe3eq6v5fq4q3jgs6q9zs86t,10000000000,
fa7fd4cee66febcf3b17511256dc8504b5b8f1d5628620baf34e5f443dad9ecb,2024-04-09T19:50:15.929000,received,kaspa:qypdz2an7t6dt6yawmcm4e4h846hv32wvnkqnldpe3eq6v5fq4q3jgs6q9zs86t,10000000000,
fa7fd4cee66febcf3b17511256dc8504b5b8f1d5628620baf34e5f443dad9ecb,2024-04-09T19:50:15.929000,received,kaspa:qypdz2an7t6dt6yawmcm4e4h846hv32wvnkqnldpe3eq6v5fq4q3jgs6q9zs86t,10000000000,
fa7fd4cee66febcf3b17511256dc8504b5b8f1d5628620baf34e5f443dad9ecb,2024-04-09T19:50:15.929000,received,kaspa:qypdz2an7t6dt6yawmcm4e4h846hv32wvnkqnldpe3eq6v5fq4q3jgs6q9zs86t,10000000000,
fa7fd4cee66febcf3b17511256dc8504b5b8f1d5628620baf34e5f443dad9ecb,2024-04-09T19:50:15.929000,received,kaspa:qypdz2an7t6dt6yawmcm4e4h846hv32wvnkqnldpe3eq6v5fq4q3jgs6q9zs86t,10000000000,
fa7fd4cee66febcf3b17511256dc8504b5b8f1d5628620baf34e5f443dad9ecb,2024-04-09T19:50:15.929000,received,kaspa:qypdz2an7t6dt6yawmcm4e4h846hv32wvnkqnldpe3eq6v5fq4q3jgs6q9zs86t,10000000000,
fa7fd4cee66febcf3b17511256dc8504b5b8f1d5628620baf34e5f443dad9ecb,2024-04-09T19:50:15.929000,received,kaspa:qypdz2an7t6dt6yawmcm4e4h846hv32wvnkqnldpe3eq6v5fq4q3jgs6q9zs86t,10000000000,
fa7fd4cee66febcf3b17511256dc8504b5b8f1d5628620baf34e5f443dad9ecb,2024-04-09T19:50:15.929000,received,kaspa:qypdz2an7t6dt6yawmcm4e4h846hv32wvnkqnldpe3eq6v5fq4q3jgs6q9zs86t,10000000000,
fa7fd4cee66febcf3b17511256dc8504b5b8f1d5628620baf34e5f443dad9ecb,2024-04-09T19:50:15.929000,received,kaspa:qypdz2an7t6dt6yawmcm4e4h846hv32wvnkqnldpe3eq6v5fq4q3jgs6q9zs86t,10000000000,
fa7fd4cee66febcf3b17511256dc8504b5b8f1d5628620baf34e5f443dad9ecb,2024-04-09T19:50:15.929000,received,kaspa:qypdz2an7t6dt6yawmcm4e4h846hv32wvnkqnldpe3eq6v5fq4q3jgs6q9zs86t,10000000000,
fa7fd4cee66febcf3b17511256dc8504b5b8f1d5628620baf34e5f443dad9ecb,2024-04-09T19:50:15.929000,received,kaspa:qypdz2an7t6dt6yawmcm4e4h846hv32wvnkqnldpe3eq6v5fq4q3jgs6q9zs86t,10000000000,
fa7fd4cee66febcf3b17511256dc8504b5b8f1d5628620baf34e5f443dad9ecb,2024-04-09T19:50:15.929000,received,kaspa:qypdz2an7t6dt6yawmcm4e4h846hv32wvnkqnldpe3eq6v5fq4q3jgs6q9zs86t,10000000000,
fa7fd4cee66febcf3b17511256dc8504b5b8f1d5628620baf34e5f443dad9ecb,2024-04-09T19:50:15.929000,received,kaspa:qypdz2an7t6dt6yawmcm4e4h846hv32wvnkqnldpe3eq6v5fq4q3jgs6q9zs86t,10000000000,
fa7fd4cee66febcf3b17511256dc8504b5b8f1d5628620baf34e5f443dad9ecb,2024-04-09T19:50:15.929000,received,kaspa:qypdz2an7t6dt6yawmcm4e4h846hv32wvnkqnldpe3eq6v5fq4q3jgs6q9zs86t,10000000000,
fa7fd4cee66febcf3b17511256dc8504b5b8f1d5628620baf34e5f443dad9ecb,2024-04-09T19:50:15.929000,received,kaspa:qypdz2an7t6dt6yawmcm4e4h846hv32wvnkqnldpe3eq6v5fq4q3jgs6q9zs86t,10000000000,
fa7fd4cee66febcf3b17511256dc8504b5b8f1d5628620baf34e5f443dad9ecb,2024-04-09T19:50:15.929000,received,kaspa:qypdz2an7t6dt6yawmcm4e4h846hv32wvnkqnldpe3eq6v5fq4q3jgs6q9zs86t,10000000000,
fa7fd4cee66febcf3b17511256dc8504b5b8f1d5628620baf34e5f443dad9ecb,2024-04-09T19:50:15.929000,received,kaspa:qypdz2an7t6dt6yawmcm4e4h846hv32wvnkqnldpe3eq6v5fq4q3jgs6q9zs86t,10000000000,
fa7fd4cee66febcf3b17511256dc8504b5b8f1d5628620baf34e5f443dad9ecb,2024-04-09T19:50:15.929000,received,kaspa:qypdz2an7t6dt6yawmcm4e4h846hv32wvnkqnldpe3eq6v5fq4q3jgs6q9zs86t,10000000000,
fa7fd4cee66febcf3b17511256dc8504b5b8f1d5628620baf34e5f443dad9ecb,2024-04-09T19:50:15.929000,received,kaspa:qypdz2an7t6dt6yawmcm4e4h846hv32wvnkqnldpe3eq6v5fq4q3jgs6q9zs86t,10000000000,
fa7fd4cee66febcf3b17511256dc8504b5b8f1d5628620baf34e5f443dad9ecb,2024-04-09T19:50:15.929000,received,kaspa:qypdz2an7t6dt6yawmcm4e4h846hv32wvnkqnldpe3eq6v5fq4q3jgs6q9zs86t,10000000000,
fa7fd4cee66febcf3b17511256dc8504b5b8f1d5628620baf34e5f443dad9ecb,2024-04-09T19:50:15.929000,received,kaspa:qypdz2an7t6dt6yawmcm4e4h846hv32wvnkqnldpe3eq6v5fq4q3jgs6q9zs86t,10000000000,
fa7fd4cee66febcf3b17511256dc8504b5b8f1d5628620baf34e5f443dad9ecb,2024-04-09T19:50:15.929000,received,kaspa:qypdz2an7t6dt6yawmcm4e4h846hv32wvnkqnldpe3eq6v5fq4q3jgs6q9zs86t,10000000000,
fa7fd4cee66febcf3b17511256dc8504b5b8f1d5628620baf34e5f443dad9ecb,2024-04-09T19:50:15.929000,received,kaspa:qypdz2an7t6dt6yawmcm4e4h846hv32wvnkqnldpe3eq6v5fq4q3jgs6q9zs86t,10000000000,
fa7fd4cee66febcf3b17511256dc8504b5b8f1d5628620baf34e5f443dad9ecb,2024-04-09T19:50:15.929000,received,kaspa:qypdz2an7t6dt6yawmcm4e4h846hv32wvnkqnldpe3eq6v5fq4q3jgs6q9zs86t,10000000000,
fa7fd4cee66febcf3b17511256dc8504b5b8f1d5628620baf34e5f443dad9ecb,2024-04-09T19:50:15.929000,received,kaspa:qypdz2an7t6dt6yawmcm4e4h846hv32wvnkqnldpe3eq6v5fq4q3jgs6q9zs86t,10000000000,
fa7fd4cee66febcf3b17511256dc8504b5b8f1d5628620baf34e5f443dad9ecb,2024-04-09T19:50:15.929000,received,kaspa:qypdz2an7t6dt6yawmcm4e4h846hv32wvnkqnldpe3eq6v5fq4q3jgs6q9zs86t,10000000000,
fa7fd4cee66febcf3b17511256dc8504b5b8f1d5628620baf34e5f443dad9ecb,2024-04-09T19:50:15.929000,received,kaspa:qypdz2an7t6dt6yawmcm4e4h846hv32wvnkqnldpe3eq6v5fq4q3jgs6q9zs86t,10000000000,
fa7fd4cee66febcf3b17511256dc8504b5b8f1d5628620baf34e5f443dad9ecb,2024-04-09T19:50:15.929000,received,kaspa:qypdz2an7t6dt6yawmcm4e4h846hv32wvnkqnldpe3eq6v5fq4q3jgs6q9zs86t,10000000000,
fa7fd4cee66febcf3b17511256dc8504b5b8f1d5628620baf34e5f443dad9ecb,2024-04-09T19:50:15.929000,received,kaspa:qypdz2an7t6dt6yawmcm4e4h846hv32wvnkqnldpe3eq6v5fq4q3jgs6q9zs86t,10000000000,
fa7fd4cee66febcf3b17511256dc8504b5b8f1d5628620baf34e5f443dad9ecb,2024-04-09T19:50:15.929000,received,kaspa:qypdz2an7t6dt6yawmcm4e4h846hv32wvnkqnldpe3eq6v5fq4q3jgs6q9zs86t,10000000000,
fa7fd4cee66febcf3b17511256dc8504b5b8f1d5628620baf34e5f443dad9ecb,2024-04-09T19:50:15.929000,received,kaspa:qypdz2an7t6dt6yawmcm4e4h846hv32wvnkqnldpe3eq6v5fq4q3jgs6q9zs86t,10000000000,
fa7fd4cee66febcf3b17511256dc8504b5b8f1d5628620baf34e5f443dad9ecb,2024-04-09T19:50:15.929000,received,kaspa:qypdz2an7t6dt6yawmcm4e4h846hv32wvnkqnldpe3eq6v5fq4q3jgs6q9zs86t,10000000000,
fa7fd4cee66febcf3b17511256dc8504b5b8f1d5628620baf34e5f443dad9ecb,2024-04-09T19:50:15.929000,received,kaspa:qypdz2an7t6dt6yawmcm4e4h846hv32wvnkqnldpe3eq6v5fq4q3jgs6q9zs86t,10000000000,
fa7fd4cee66febcf3b17511256dc8504b5b8f1d5628620baf34e5f443dad9ecb,2024-04-09T19:50:15.929000,received,kaspa:qypdz2an7t6dt6yawmcm4e4h846hv32wvnkqnldpe3eq6v5fq4q3jgs6q9zs86t,10000000000,
fa7fd4cee66febcf3b17511256dc8504b5b8f1d5628620baf34e5f443dad9ecb,2024-04-09T19:50:15.929000,received,kaspa:qypdz2an7t6dt6yawmcm4e4h846hv32wvnkqnldpe3eq6v5fq4q3jgs6q9zs86t,10000000000,
fa7fd4cee66febcf3b17511256dc8504b5b8f1d5628620baf34e5f443dad9ecb,2024-04-09T19:50:15.929000,received,kaspa:qypdz2an7t6dt6yawmcm4e4h846hv32wvnkqnldpe3eq6v5fq4q3jgs6q9zs86t,10000000000,
fa7fd4cee66febcf3b17511256dc8504b5b8f1d5628620baf34e5f443dad9ecb,2024-04-09T19:50:15.929000,received,kaspa:qypdz2an7t6dt6yawmcm4e4h846hv32wvnkqnldpe3eq6v5fq4q3jgs6q9zs86t,10000000000,
fa7fd4cee66febcf3b17511256dc8504b5b8f1d5628620baf34e5f443dad9ecb,2024-04-09T19:50:15.929000,received,kaspa:qypdz2an7t6dt6yawmcm4e4h846hv32wvnkqnldpe3eq6v5fq4q3jgs6q9zs86t,10000000000,
fa7fd4cee66febcf3b17511256dc8504b5b8f1d5628620baf34e5f443dad9ecb,2024-04-09T19:50:15.929000,received,kaspa:qypdz2an7t6dt6yawmcm4e4h846hv32wvnkqnldpe3eq6v5fq4q3jgs6q9zs86t,10000000000,
fa7fd4cee66febcf3b17511256dc8504b5b8f1d5628620baf34e5f443dad9ecb,2024-04-09T19:50:15.929000,received,kaspa:qypdz2an7t6dt6yawmcm4e4h846hv32wvnkqnldpe3eq6v5fq4q3jgs6q9zs86t,10000000000,
fa7fd4cee66febcf3b17511256dc8504b5b8f1d5628620baf34e5f443dad9ecb,2024-04-09T19:50:15.929000,received,kaspa:qypdz2an7t6dt6yawmcm4e4h846hv32wvnkqnldpe3eq6v5fq4q3jgs6q9zs86t,10000000000,
fa7fd4cee66febcf3b17511256dc8504b5b8f1d5628620baf34e5f443dad9ecb,2024-04-09T19:50:15.929000,received,kaspa:qypdz2an7t6dt6yawmcm4e4h846hv32wvnkqnldpe3eq6v5fq4q3jgs6q9zs86t,10000000000,
fa7fd4cee66febcf3b17511256dc8504b5b8f1d5628620baf34e5f443dad9ecb,2024-04-09T19:50:15.929000,received,kaspa:qypdz2an7t6dt6yawmcm4e4h846hv32wvnkqnldpe3eq6v5fq4q3jgs6q9zs86t,10000000000,
fa7fd4cee66febcf3b17511256dc8504b5b8f1d5628620baf34e5f443dad9ecb,2024-04-09T19:50:15.929000,received,kaspa:qypdz2an7t6dt6yawmcm4e4h846hv32wvnkqnldpe3eq6v5fq4q3jgs6q9zs86t,10000000000,
fa7fd4cee66febcf3b17511256dc8504b5b8f1d5628620baf34e5f443dad9ecb,2024-04-09T19:50:15.929000,received,kaspa:qypdz2an7t6dt6yawmcm4e4h846hv32wvnkqnldpe3eq6v5fq4q3jgs6q9zs86t,10000000000,
fa7fd4cee66febcf3b17511256dc8504b5b8f1d5628620baf34e5f443dad9ecb,2024-04-09T19:50:15.929000,received,kaspa:qypdz2an7t6dt6yawmcm4e4h846hv32wvnkqnldpe3eq6v5fq4q3jgs6q9zs86t,10000000000,
fa7fd4cee66febcf3b17511256dc8504b5b8f1d5628620baf34e5f443dad9ecb,2024-04-09T19:50:15.929000,received,kaspa:qypdz2an7t6dt6yawmcm4e4h846hv32wvnkqnldpe3eq6v5fq4q3jgs6q9zs86t,10000000000,
fa7fd4cee66febcf3b17511256dc8504b5b8f1d5628620baf34e5f443dad9ecb,2024-04-09T19:50:15.929000,received,kaspa:qypdz2an7t6dt6yawmcm4e4h846hv32wvnkqnldpe3eq6v5fq4q3jgs6q9zs86t,10000000000,
fa7fd4cee66febcf3b17511256dc8504b5b8f1d5628620baf34e5f443dad9ecb,2024-04-09T19:50:15.929000,received,kaspa:qypdz2an7t6dt6yawmcm4e4h846hv32wvnkqnldpe3eq6v5fq4q3jgs6q9zs86t,10000000000,
fa7fd4cee66febcf3b17511256dc8504b5b8f1d5628620baf34e5f443dad9ecb,2024-04-09T19:50:15.929000,received,kaspa:qypdz2an7t6dt6yawmcm4e4h846hv32wvnkqnldpe3eq6v5fq4q3jgs6q9zs86t,10000000000,
fa7fd4cee66febcf3b17511256dc8504b5b8f1d5628620baf34e5f443dad9ecb,2024-04-09T19:50:15.929000,received,kaspa:qypdz2an7t6dt6yawmcm4e4h846hv32wvnkqnldpe3eq6v5fq4q3jgs6q9zs86t,10000000000,
fa7fd4cee66febcf3b17511256dc8504b5b8f1d5628620baf34e5f443dad9ecb,2024-04-09T19:50:15.929000,received,kaspa:qypdz2an7t6dt6yawmcm4e4h846hv32wvnkqnldpe3eq6v5fq4q3jgs6q9zs86t,10000000000,
fa7fd4cee66febcf3b17511256dc8504b5b8f1d5628620baf34e5f443dad9ecb,2024-04-09T19:50:15.929000,received,kaspa:qypdz2an7t6dt6yawmcm4e4h846hv32wvnkqnldpe3eq6v5fq4q3jgs6q9zs86t,10000000000,
fa7fd4cee66febcf3b17511256dc8504b5b8f1d5628620baf34e5f443dad9ecb,2024-04-09T19:50:15.929000,received,kaspa:qypdz2an7t6dt6yawmcm4e4h846hv32wvnkqnldpe3eq6v5fq4q3jgs6q9zs86t,10000000000,
