tx_id,timestamp,direction,peer_address,amount_sompi,cex_label
cf84705e6b90737b6261ee9160cbf27afc8049faea4acb4ccd44b29b99aa6b4a,2023-12-16T04:51:53.450000,sent,kaspa:qzslgwenzu78t6tldlng383g7ruu4enaljmnkgaulyrscjp7ldt26x8gfxck5,171940000,
cf84705e6b90737b6261ee9160cbf27afc8049faea4acb4ccd44b29b99aa6b4a,2023-12-16T04:51:53.450000,sent,kaspa:qzslgwenzu78t6tldlng383g7ruu4enaljmnkgaulyrscjp7ldt26x8gfxck5,171940000,
fb70e9278d4f88c41e03295ee1e3a2f11fde2ba29a39641f5ff687921040ec74,2023-12-13T00:50:40.277000,received,kaspa:qypswxtcrv4ssyjaswy5w9387vq73mkuyq85tl34cee6qn5uexqy0csgnafnjx7,171000000,
da468440292c712bacc5b8e1c8359b321a384baf0a856543e80e640d3e442e7c,2023-11-29T16:32:16.387000,sent,kaspa:qyp2h8prsut207wvcmjhg4mzfze80u2gslyrn472jrwz957g7ejeu4g6rtfl9lq,18000000,
eb21180716a402d72bc3afdbe2d7cd3fb2614971750d4bb91f0ad005a408d319,2023-11-28T22:59:00.501000,received,kaspa:qrw0mzm34kk0c6xkzawnmwqzd5pmyrga84uwd2thhw7qnd52qfeusmy6nkax7,19000000,
