tx_id,timestamp,direction,peer_address,amount_sompi,cex_label
a61b361ac4adb44fc8bdfd05c75d583ac4ec825396970ee6532be92c2545ee4f,2024-08-31T11:02:53.137000,sent,kaspa:qq5azshatcvy76efehrfxa9uk7qeppqafqqwahk4sxh3kwxvrp99zxu262trd,7936600000000,
abd22f84b9e649fb3e6835ef6b04e625cd3076bd23290bd6ffb533a819cc807d,2024-08-31T10:13:29.443000,sent,kaspa:qq5azshatcvy76efehrfxa9uk7qeppqafqqwahk4sxh3kwxvrp99zxu262trd,7500000000000,
b4384d345b717ac9eb5caccfa454d004f3a75f977de5bc98f23e45bbf1f67128,2024-08-31T09:49:51.179000,sent,kaspa:qq5azshatcvy76efehrfxa9uk7qeppqafqqwahk4sxh3kwxvrp99zxu262trd,10000000000,
b4384d345b717ac9eb5caccfa454d004f3a75f977de5bc98f23e45bbf1f67128,2024-08-31T09:49:51.179000,sent,kaspa:qq5azshatcvy76efehrfxa9uk7qeppqafqqwahk4sxh3kwxvrp99zxu262trd,10000000000,
a2e3bbe6481dd33f8b9787eafc4ce1e46336a9974b4a6dfde8e24118637f2cbc,2024-06-30T11:10:05.850000,received,kaspa:qpzpfwcsqsxhxwup26r55fd0ghqlhyugz8cp6y3wxuddc02vcxtjg75pspnwz,9900000000,MEXC
a2e3bbe6481dd33f8b9787eafc4ce1e46336a9974b4a6dfde8e24118637f2cbc,2024-06-30T11:10:05.850000,received,kaspa:qpzpfwcsqsxhxwup26r55fd0ghqlhyugz8cp6y3wxuddc02vcxtjg75pspnwz,9900000000,MEXC
157276f928e89d8b4ee87c3e4b884af65c75f1fa8dc8e67096583c1dc05e3735,2024-06-27T12:28:47.802000,sent,kaspa:qq5azshatcvy76efehrfxa9uk7qeppqafqqwahk4sxh3kwxvrp99zxu262trd,15000000000000,
8f5435bf10c14b7294878d3f71ac92dd3094c0d8ffe62027c784249645155418,2024-06-27T12:02:41.743000,sent,kaspa:qq5azshatcvy76efehrfxa9uk7qeppqafqqwahk4sxh3kwxvrp99zxu262trd,1000000000,
8f5435bf10c14b7294878d3f71ac92dd3094c0d8ffe62027c784249645155418,2024-06-27T12:02:41.743000,sent,kaspa:qq5azshatcvy76efehrfxa9uk7qeppqafqqwahk4sxh3kwxvrp99zxu262trd,1000000000,
8f5435bf10c14b7294878d3f71ac92dd3094c0d8ffe62027c784249645155418,2024-06-27T12:02:41.743000,sent,kaspa:qq5azshatcvy76efehrfxa9uk7qeppqafqqwahk4sxh3kwxvrp99zxu262trd,1000000000,
8f5435bf10c14b7294878d3f71ac92dd3094c0d8ffe62027c784249645155418,2024-06-27T12:02:41.743000,sent,kaspa:qq5azshatcvy76efehrfxa9uk7qeppqafqqwahk4sxh3kwxvrp99zxu262trd,1000000000,
8f5435bf10c14b7294878d3f71ac92dd3094c0d8ffe62027c784249645155418,2024-06-27T12:02:41.743000,sent,kaspa:qq5azshatcvy76efehrfxa9uk7qeppqafqqwahk4sxh3kwxvrp99zxu262trd,1000000000,
c918a4edd53f18af77d24e9efb6fef78e026b319de3e89d57b55ec98ae6d9553,2024-06-27T11:56:32.129000,received,kaspa:qq9zagcza4jt76eev9jl5z0nqhe0thcu7js8larktj4sle7lvgnw7sfcewlty,5794639252928,
d3f634cc48a61f010363e026aac4941931db77e657e042f0d962f7e0c89dc0aa,2024-06-27T11:51:27.306000,received,kaspa:qq9zagcza4jt76eev9jl5z0nqhe0thcu7js8larktj4sle7lvgnw7sfcewlty,498942999838,
585ad200a0e67a662b29e923d3a86c706a9e4e25e77e81a89eb078e83ada9d19,2024-06-27T11:50:26.116000,received,kaspa:qq9zagcza4jt76eev9jl5z0nqhe0thcu7js8larktj4sle7lvgnw7sfcewlty,940999838,
585ad200a0e67a662b29e923d3a86c706a9e4e25e77e81a89eb078e83ada9d19,2024-06-27T11:50:26.116000,received,kaspa:qq9zagcza4jt76eev9jl5z0nqhe0thcu7js8larktj4sle7lvgnw7sfcewlty,940999838,
585ad200a0e67a662b29e923d3a86c706a9e4e25e77e81a89eb078e83ada9d19,2024-06-27T11:50:26.116000,received,kaspa:qq9zagcza4jt76eev9jl5z0nqhe0thcu7js8larktj4sle7lvgnw7sfcewlty,940999838,
585ad200a0e67a662b29e923d3a86c706a9e4e25e77e81a89eb078e83ada9d19,2024-06-27T11:50:26.116000,received,kaspa:qq9zagcza4jt76eev9jl5z0nqhe0thcu7js8larktj4sle7lvgnw7sfcewlty,940999838,
585ad200a0e67a662b29e923d3a86c706a9e4e25e77e81a89eb078e83ada9d19,2024-06-27T11:50:26.116000,received,kaspa:qq9zagcza4jt76eev9jl5z0nqhe0thcu7js8larktj4sle7lvgnw7sfcewlty,940999838,
585ad200a0e67a662b29e923d3a86c706a9e4e25e77e81a89eb078e83ada9d19,2024-06-27T11:50:26.116000,received,kaspa:qq9zagcza4jt76eev9jl5z0nqhe0thcu7js8larktj4sle7lvgnw7sfcewlty,940999838,
a252a2bd92446bc13e352e6894f4d4203ec9d9c10b8e2f4872bc07ac7814c8a0,2023-06-03T18:55:01.992000,received,kaspa:qqetp7ct8kqss99fxmymyz5t3fezppxp0t58wl6pawp27elqd46uudme00cl0,24140241000000,
af2ba1cf62a1393450c122c268d591af8ae7bc2b9e48a336943129c8a7a724e0,2023-06-03T18:49:02.805000,received,kaspa:qqetp7ct8kqss99fxmymyz5t3fezppxp0t58wl6pawp27elqd46uudme00cl0,3000000000,
