tx_id,timestamp,direction,peer_address,amount_sompi,cex_label
4a0a1c4b2960c9b037b165ed488bea4f945ef0308c1c332113c5dea360be9792,2023-12-09T15:16:08.268000,sent,kaspa:qzfgr8vr4e6lvssj4w7uuev696zng4dndu444qks8029ha4kdqsmkama8f5w3,50000008907167,
4a0a1c4b2960c9b037b165ed488bea4f945ef0308c1c332113c5dea360be9792,2023-12-09T15:16:08.268000,sent,kaspa:qzfgr8vr4e6lvssj4w7uuev696zng4dndu444qks8029ha4kdqsmkama8f5w3,50000008907167,
4a0a1c4b2960c9b037b165ed488bea4f945ef0308c1c332113c5dea360be9792,2023-12-09T15:16:08.268000,sent,kaspa:qzfgr8vr4e6lvssj4w7uuev696zng4dndu444qks8029ha4kdqsmkama8f5w3,50000008907167,
4a0a1c4b2960c9b037b165ed488bea4f945ef0308c1c332113c5dea360be9792,2023-12-09T15:16:08.268000,sent,kaspa:qzfgr8vr4e6lvssj4w7uuev696zng4dndu444qks8029ha4kdqsmkama8f5w3,50000008907167,
4a0a1c4b2960c9b037b165ed488bea4f945ef0308c1c332113c5dea360be9792,2023-12-09T15:16:08.268000,sent,kaspa:qzfgr8vr4e6lvssj4w7uuev696zng4dndu444qks8029ha4kdqsmkama8f5w3,50000008907167,
4a0a1c4b2960c9b037b165ed488bea4f945ef0308c1c332113c5dea360be9792,2023-12-09T15:16:08.268000,sent,kaspa:qzfgr8vr4e6lvssj4w7uuev696zng4dndu444qks8029ha4kdqsmkama8f5w3,50000008907167,
4a0a1c4b2960c9b037b165ed488bea4f945ef0308c1c332113c5dea360be9792,2023-12-09T15:16:08.268000,sent,kaspa:qzfgr8vr4e6lvssj4w7uuev696zng4dndu444qks8029ha4kdqsmkama8f5w3,50000008907167,
4a0a1c4b2960c9b037b165ed488bea4f945ef0308c1c332113c5dea360be9792,2023-12-09T15:16:08.268000,sent,kaspa:qzfgr8vr4e6lvssj4w7uuev696zng4dndu444qks8029ha4kdqsmkama8f5w3,50000008907167,
4a0a1c4b2960c9b037b165ed488bea4f945ef0308c1c332113c5dea360be9792,2023-12-09T15:16:08.268000,sent,kaspa:qzfgr8vr4e6lvssj4w7uuev696zng4dndu444qks8029ha4kdqsmkama8f5w3,50000008907167,
4a0a1c4b2960c9b037b165ed488bea4f945ef0308c1c332113c5dea360be9792,2023-12-09T15:16:08.268000,sent,kaspa:qzfgr8vr4e6lvssj4w7uuev696zng4dndu444qks8029ha4kdqsmkama8f5w3,50000008907167,
4a0a1c4b2960c9b037b165ed488bea4f945ef0308c1c332113c5dea360be9792,2023-12-09T15:16:08.268000,sent,kaspa:qzfgr8vr4e6lvssj4w7uuev696zng4dndu444qks8029ha4kdqsmkama8f5w3,50000008907167,
7859ed2315d9ec797b601fb5e3b8d161e54c60279d054694e09382a40c14375e,2023-12-04T16:08:41.063000,received,kaspa:precqv0krj3r6uyyfa36ga7s0u9jct0v4wg8ctsfde2gkrsgwgw8jgxfzfc98,37926000000000,
7505616b8284ef1aa3d283b6a60fea8cff389e026500a7f6321a89aabc16c3ee,2023-12-01T03:56:15.474000,received,kaspa:qqgfp7qd2lg88r8ylppwr2rg264gdzlm5zlelanrs5dk64j5wq546der0wzjz,1000000000,
8dab55e630bf7a74e13b0fbc6f441bb1759f5bb95f226f3df8582f4b690c8836,2023-11-30T13:04:26.576000,received,kaspa:qqmhh8gqj4ytf04yrv60f8khp4aq8ljgzuw9gzfndgrt9fs8fl66gvmjgynr0,10000000000,
000fe9e2061846c4c5417f3aeb63c745897bac2ed52d621e6ff2a2b23c88a7c7,2023-11-30T06:48:54.092000,received,kaspa:qpahyrd8uu2dt0arv4uhjnn30dqhr9809caxz0249s2pkrxq9f455umn2s23z,80000000000,
000fe9e2061846c4c5417f3aeb63c745897bac2ed52d621e6ff2a2b23c88a7c7,2023-11-30T06:48:54.092000,received,kaspa:qpahyrd8uu2dt0arv4uhjnn30dqhr9809caxz0249s2pkrxq9f455umn2s23z,80000000000,
000fe9e2061846c4c5417f3aeb63c745897bac2ed52d621e6ff2a2b23c88a7c7,2023-11-30T06:48:54.092000,received,kaspa:qpahyrd8uu2dt0arv4uhjnn30dqhr9809caxz0249s2pkrxq9f455umn2s23z,80000000000,
70f5d3e916b7d176582fb30f96a65027699fdc924a67f57ef8d4259be829f179,2023-11-29T16:15:12.987000,received,kaspa:qypefh0xgp6jxljmszq5sprzqjwh5qalhwdf6eqtmexz683eu4l5avsjsymf3yl,10000000000,
d30e6b0e743f0b04d940325930b7413ffd7a1dde7726c06b7731bcff969802c3,2023-11-29T16:05:46.852000,received,kaspa:qp4e8vxvalzurwcenxtud88af8laqrzte8ffa70q47z8m4k3a7j92pqlf3gn5,50000000000,
92d476c36c3636d87a99a6e7d0de18243f35a672e3711d148904716b9157cb4c,2023-11-29T15:13:02.107000,received,kaspa:qrzvtplectwsetzfuephp4ph5cncr36mc5dw20rq8s666rxm3ar6wshtl4v4y,100000000000,
92d476c36c3636d87a99a6e7d0de18243f35a672e3711d148904716b9157cb4c,2023-11-29T15:13:02.107000,received,kaspa:qrzvtplectwsetzfuephp4ph5cncr36mc5dw20rq8s666rxm3ar6wshtl4v4y,100000000000,
0a525787541fbb38f8c705ceb5e272e9c6924753d924378656dcc64667cca018,2023-11-29T06:36:14.328000,received,kaspa:qrfueav7wzq5lutwsxzdz9lgsl6yp6qfxynnkxdtq00nn6pe9ah2qfgkj630y,470000000,
3d15811ce120e2888f17460047124bf8a6c495dbddee6daf997e98afbfdd71bf,2023-11-28T23:43:24.098000,received,kaspa:qrcw7r6vdk46jc4qleyg50squeewy8wjksp2pmmaf0ul06cy4p5msgray9476,5076400000000,
dbad42d75625e2bf78e872502180f8fa41f1e989788fbbe322b6f87aa8dc5612,2023-11-28T02:10:30.663000,received,kaspa:qpn6yulhr3dxfg2m0grfpvr2apcj65kqpdkt5sflr846gk89s3uk524duf05g,400000000,
75d70b9ab0a3129515376ded6086f3ebe46f01a5bdd0bb14f50e9776e7f7d96b,2023-11-28T00:02:48.335000,received,kaspa:qrhlrs8fshe726ayxw229lqv93aqzl07w20np85vlnxf3l9xand92qg7q85vl,6745739017167,
575483df291a371a972ac12e81b71072b2667751a3b8fb2be58bb28f42315153,2023-11-27T13:09:21.131000,received,kaspa:qpz7gumvnz2h8s5t5f6wxv3g78sucknzn8vt5ywlw5crkf4uqg7euuqup6kcr,11100000000,
6732f424f8bcdce20bf58f2ed8aa53167ac3bdec1fabf6a27779b668a2684447,2023-11-26T07:06:36.499000,received,kaspa:qyppzvcjsaeel98xvejtedrr5ek95hnzlau5r0445cqr2fnfyeq4q5shfedeeys,4000000000,
6732f424f8bcdce20bf58f2ed8aa53167ac3bdec1fabf6a27779b668a2684447,2023-11-26T07:06:36.499000,received,kaspa:qyppzvcjsaeel98xvejtedrr5ek95hnzlau5r0445cqr2fnfyeq4q5shfedeeys,4000000000,
6732f424f8bcdce20bf58f2ed8aa53167ac3bdec1fabf6a27779b668a2684447,2023-11-26T07:06:36.499000,received,kaspa:qyppzvcjsaeel98xvejtedrr5ek95hnzlau5r0445cqr2fnfyeq4q5shfedeeys,4000000000,
6732f424f8bcdce20bf58f2ed8aa53167ac3bdec1fabf6a27779b668a2684447,2023-11-26T07:06:36.499000,received,kaspa:qyppzvcjsaeel98xvejtedrr5ek95hnzlau5r0445cqr2fnfyeq4q5shfedeeys,4000000000,
6732f424f8bcdce20bf58f2ed8aa53167ac3bdec1fabf6a27779b668a2684447,2023-11-26T07:06:36.499000,received,kaspa:qyppzvcjsaeel98xvejtedrr5ek95hnzlau5r0445cqr2fnfyeq4q5shfedeeys,4000000000,
420da7dd1e8b0e59b246824252177ad203cf42248a6511382dcd88942e98c16a,2023-11-24T09:57:46.763000,received,kaspa:qpp665jyrqa8vkrutupz065xemrdu9zrw0jzg0q4rpnv8xpza905xhrq48kga,23900000000,
c66f720aaee04a5ad6e35524e6577194eda7a325c80680aeeaf69611bcf402ad,2023-11-24T08:48:46.918000,received,kaspa:qru8phkddr2ky2rqhruurj75hnpl29dk7n6edffq7546650gnexycwskfvu5j,10000000000,
6ecef9ebd1a4fb378ed60f83cf1f7ce18ccef347b794298eb15bc8b846a34fd4,2023-11-23T18:16:57.021000,received,kaspa:qpx05f9fxd9ha0wqwpdgrafc8tpj0q662mrsynutfsnpggfzzs34veqhrnvkd,16200000000,
6ecef9ebd1a4fb378ed60f83cf1f7ce18ccef347b794298eb15bc8b846a34fd4,2023-11-23T18:16:57.021000,received,kaspa:qpx05f9fxd9ha0wqwpdgrafc8tpj0q662mrsynutfsnpggfzzs34veqhrnvkd,16200000000,
6ecef9ebd1a4fb378ed60f83cf1f7ce18ccef347b794298eb15bc8b846a34fd4,2023-11-23T18:16:57.021000,received,kaspa:qpx05f9fxd9ha0wqwpdgrafc8tpj0q662mrsynutfsnpggfzzs34veqhrnvkd,16200000000,
2c474d8c0a534d899836bf0462dc4f867cd776986fd609f3f09b81baacdc430e,2023-11-23T06:29:14.497000,received,kaspa:qq8yqqqn484zlwgkqn6yg65ex68vafculrjmkg0uhw2fdy5xzegc7hy8uul7l,50000000000,
1244502124ee93409092509e9483f05988badadfc5aa2c8ce4187f686fc49e63,2023-11-23T02:40:52.749000,received,kaspa:qqcdgk89zhqh6k5wkwjnvd4phphrf2ym8etdfa3v2psf0qmc0axfjx6y49yqm,788780387,
eb2b77ce1819d1dcc50562eedcce6fd2e0fb881d893fa3b10716f22562af3374,2023-11-22T23:00:24.992000,received,kaspa:qyp46ztdk93acx8yj90gwljur32kfg5qxmtn3t9rc4hzn88amghge8c569qhhep,15000000000,
52cd95ad027fd26a1f7e853b03592dbcc0a214678f59543212eab86b79306374,2023-11-22T22:29:02.141000,received,kaspa:qq3k4du6wf2g26j7ds6fqmgtgavgm3zy676wntp2e52nsuns2n4s6xkndmx0y,10000000000,
ae290618667832b1f15cb4c23c30ccc9f2fcd26cd845d38b353b9516d65b729d,2023-11-22T19:40:00.333000,received,kaspa:qp0mrxa0zp95kpunzm670uvd3y6edmkd8x75v4krjgw9mrqspq7e65dalme6w,4400000000,
f31b92d2a1ab8ede32ad2be6f164f5a22c855fd321b2df074228c14a401aaae8,2023-11-22T14:43:02.911000,received,kaspa:qr4tgqzp2nr5k24ws9xr85algsc459244xmyxjvjnw88w3cxn7pawtklulzdr,10000000000,
eff7d1972f184b1ce7d349e1ab9dabac080d821c2b9dfff63e91cf4a4c920f80,2023-11-22T14:29:05.322000,received,kaspa:qqetp7ct8kqss99fxmymyz5t3fezppxp0t58wl6pawp27elqd46uudme00cl0,1499000000000,
aad41718523591852ddebf6b6cdb3f87770a8a3ffbd87e67e1779da59c0aa2b4,2023-11-22T09:24:48.256000,received,kaspa:qypjkq75duyn6xhzuvd2zjj54ec4kpk9u4eu6l8ehp5gj04klyp4yvch0utahmr,10000000000,
ddd7da89ef075c915c5bd4ad208d66df494ed74d8391285e141e8981486a15c4,2023-11-22T09:08:57.366000,received,kaspa:qq5vtryz7fm585fl4tksyr4ywn9wp9qykpegkyrr7ve2axzcnml4w28cemnrm,10000000000,
febf792f9c420b1b9eee0efaed9f618cf3cbb3860285fc73f4454a905a5092c9,2023-11-21T18:12:28.431000,received,kaspa:qptjr6zwqfk53mxuw969cem9qm59e0yrqa442cmw4tngnwsafz55yfxvakas2,995500000,
208b64c5aa3048cda83baa011f955e35d72e3c55f886235a5b71e0ff5fe71a51,2023-11-21T01:04:32.347000,received,kaspa:qrhwrduxzy7cxruh7gyk58v2rcgy89exz3cg6xvp27n6j76knw9jvqml55e3z,31100000000,
dd0635dd706b2e197ccf6b5e7e5046d8252399e57c02314a9fd71b0a2c0f1773,2023-11-20T10:16:33.671000,received,kaspa:qypq8zhnh3hlrda74u6vjk3mwp6x6wm2evkrsnand0xhd6vy36j0j2qvpgcnfh2,59700000000,
2655b2ab1cc47b9d95845bbf75ed5107cb1f29216ed33f353cda8902c66bb63c,2023-11-20T09:16:04.741000,received,kaspa:qzsg5ssqwemkyxl85sqnhvkheavwkj40sy0hjkmn8ufzyaslwfqhgu3hfg6j6,100000000000,
ed2d8fe323053c2ea30025dead8d9a987f00b972bae94835e0ebe24e5def871a,2023-11-20T06:06:36.877000,received,kaspa:qqh9e6xj90pw4vers70lwm8cyl48vlelt83z7g66wfymkw0h3ethzlgvsr2sc,15000000000,
fecef08ff2df5ccc3c0df840a9c08aba1922390f7f6ee5a5c10847b7bd2f6858,2023-11-19T22:42:56.610000,received,kaspa:qypw7frvgpdhytw0padl7hxdr290tr08t60967u48aw0fwl5xxpnfgskhhxs3fu,10000000000,
fecef08ff2df5ccc3c0df840a9c08aba1922390f7f6ee5a5c10847b7bd2f6858,2023-11-19T22:42:56.610000,received,kaspa:qypw7frvgpdhytw0padl7hxdr290tr08t60967u48aw0fwl5xxpnfgskhhxs3fu,10000000000,
fecef08ff2df5ccc3c0df840a9c08aba1922390f7f6ee5a5c10847b7bd2f6858,2023-11-19T22:42:56.610000,received,kaspa:qypw7frvgpdhytw0padl7hxdr290tr08t60967u48aw0fwl5xxpnfgskhhxs3fu,10000000000,
0607e1343a533fd17bd5908d4e4da69c2ab3d94ac9a83ae038540297daaf0514,2023-11-19T22:18:33.646000,received,kaspa:qqwvnkp47wsj6n4hkdlgj8dsauyx0xvefunnwvvsmpq2udd0ka8ckmpuqw3k5,100000000000,
8d544d74fe898f62fda93f922cad7d92fbe7e1c8aae4a5f8c20ba8db0d511463,2023-11-19T20:21:10.926000,received,kaspa:qpqgvt8f4pejm9ej5rnmltn0smfqh8xgedmvkp7jlplfxfy2j4g8ssmxrv6lm,100000000000,
ef48722a7fbe5a9aacd9523faca63d1615a2fdcdeab364cd3789b2e3de5e250c,2023-11-19T20:09:53.850000,received,kaspa:qraandeng8ngq5ddrzgm8ghws9gs7kukww4pcdt6fa4hh32cu4yeg0m9827al,5000000000,
fc173e9e8b764af8f4e7cbdea678d5642688124af3a89bfe32f9355889d526a8,2023-11-19T17:14:22.387000,received,kaspa:qzj3tkf5qr4ynefjcr8ufmy533lpyp263kyy2gusshncyz9kqlkh5rzn24ddh,30000000000,
fc173e9e8b764af8f4e7cbdea678d5642688124af3a89bfe32f9355889d526a8,2023-11-19T17:14:22.387000,received,kaspa:qzj3tkf5qr4ynefjcr8ufmy533lpyp263kyy2gusshncyz9kqlkh5rzn24ddh,30000000000,
fc173e9e8b764af8f4e7cbdea678d5642688124af3a89bfe32f9355889d526a8,2023-11-19T17:14:22.387000,received,kaspa:qzj3tkf5qr4ynefjcr8ufmy533lpyp263kyy2gusshncyz9kqlkh5rzn24ddh,30000000000,
caa369482d8a13e3d40891da47dbed57e1e3ca2f09300e8b4819e04fb11a7f18,2023-11-19T13:41:11.333000,received,kaspa:qpa65gjj9pqjezvj6ckfl8y4ursuad4rs3r94yq2fp3k5lu0p73tqpxn3c8hr,10000000000,
0db06e7eda720cd170aef80b09498d3640e3b1520cfafd2bd528ba864343ef28,2023-11-19T08:11:47.692000,received,kaspa:qypc4e99jtvxusfdvl7ztdt9dyj3gsg8ztxanylfwzcxardh2spp6ss2khlnucr,9999760000,
0db06e7eda720cd170aef80b09498d3640e3b1520cfafd2bd528ba864343ef28,2023-11-19T08:11:47.692000,received,kaspa:qypc4e99jtvxusfdvl7ztdt9dyj3gsg8ztxanylfwzcxardh2spp6ss2khlnucr,9999760000,
0db06e7eda720cd170aef80b09498d3640e3b1520cfafd2bd528ba864343ef28,2023-11-19T08:11:47.692000,received,kaspa:qypc4e99jtvxusfdvl7ztdt9dyj3gsg8ztxanylfwzcxardh2spp6ss2khlnucr,9999760000,
0db06e7eda720cd170aef80b09498d3640e3b1520cfafd2bd528ba864343ef28,2023-11-19T08:11:47.692000,received,kaspa:qypc4e99jtvxusfdvl7ztdt9dyj3gsg8ztxanylfwzcxardh2spp6ss2khlnucr,9999760000,
0db06e7eda720cd170aef80b09498d3640e3b1520cfafd2bd528ba864343ef28,2023-11-19T08:11:47.692000,received,kaspa:qypc4e99jtvxusfdvl7ztdt9dyj3gsg8ztxanylfwzcxardh2spp6ss2khlnucr,9999760000,
0db06e7eda720cd170aef80b09498d3640e3b1520cfafd2bd528ba864343ef28,2023-11-19T08:11:47.692000,received,kaspa:qypc4e99jtvxusfdvl7ztdt9dyj3gsg8ztxanylfwzcxardh2spp6ss2khlnucr,9999760000,
0db06e7eda720cd170aef80b09498d3640e3b1520cfafd2bd528ba864343ef28,2023-11-19T08:11:47.692000,received,kaspa:qypc4e99jtvxusfdvl7ztdt9dyj3gsg8ztxanylfwzcxardh2spp6ss2khlnucr,9999760000,
0db06e7eda720cd170aef80b09498d3640e3b1520cfafd2bd528ba864343ef28,2023-11-19T08:11:47.692000,received,kaspa:qypc4e99jtvxusfdvl7ztdt9dyj3gsg8ztxanylfwzcxardh2spp6ss2khlnucr,9999760000,
0db06e7eda720cd170aef80b09498d3640e3b1520cfafd2bd528ba864343ef28,2023-11-19T08:11:47.692000,received,kaspa:qypc4e99jtvxusfdvl7ztdt9dyj3gsg8ztxanylfwzcxardh2spp6ss2khlnucr,9999760000,
0db06e7eda720cd170aef80b09498d3640e3b1520cfafd2bd528ba864343ef28,2023-11-19T08:11:47.692000,received,kaspa:qypc4e99jtvxusfdvl7ztdt9dyj3gsg8ztxanylfwzcxardh2spp6ss2khlnucr,9999760000,
0db06e7eda720cd170aef80b09498d3640e3b1520cfafd2bd528ba864343ef28,2023-11-19T08:11:47.692000,received,kaspa:qypc4e99jtvxusfdvl7ztdt9dyj3gsg8ztxanylfwzcxardh2spp6ss2khlnucr,9999760000,
0db06e7eda720cd170aef80b09498d3640e3b1520cfafd2bd528ba864343ef28,2023-11-19T08:11:47.692000,received,kaspa:qypc4e99jtvxusfdvl7ztdt9dyj3gsg8ztxanylfwzcxardh2spp6ss2khlnucr,9999760000,
0db06e7eda720cd170aef80b09498d3640e3b1520cfafd2bd528ba864343ef28,2023-11-19T08:11:47.692000,received,kaspa:qypc4e99jtvxusfdvl7ztdt9dyj3gsg8ztxanylfwzcxardh2spp6ss2khlnucr,9999760000,
0db06e7eda720cd170aef80b09498d3640e3b1520cfafd2bd528ba864343ef28,2023-11-19T08:11:47.692000,received,kaspa:qypc4e99jtvxusfdvl7ztdt9dyj3gsg8ztxanylfwzcxardh2spp6ss2khlnucr,9999760000,
0db06e7eda720cd170aef80b09498d3640e3b1520cfafd2bd528ba864343ef28,2023-11-19T08:11:47.692000,received,kaspa:qypc4e99jtvxusfdvl7ztdt9dyj3gsg8ztxanylfwzcxardh2spp6ss2khlnucr,9999760000,
0db06e7eda720cd170aef80b09498d3640e3b1520cfafd2bd528ba864343ef28,2023-11-19T08:11:47.692000,received,kaspa:qypc4e99jtvxusfdvl7ztdt9dyj3gsg8ztxanylfwzcxardh2spp6ss2khlnucr,9999760000,
0db06e7eda720cd170aef80b09498d3640e3b1520cfafd2bd528ba864343ef28,2023-11-19T08:11:47.692000,received,kaspa:qypc4e99jtvxusfdvl7ztdt9dyj3gsg8ztxanylfwzcxardh2spp6ss2khlnucr,9999760000,
0db06e7eda720cd170aef80b09498d3640e3b1520cfafd2bd528ba864343ef28,2023-11-19T08:11:47.692000,received,kaspa:qypc4e99jtvxusfdvl7ztdt9dyj3gsg8ztxanylfwzcxardh2spp6ss2khlnucr,9999760000,
0db06e7eda720cd170aef80b09498d3640e3b1520cfafd2bd528ba864343ef28,2023-11-19T08:11:47.692000,received,kaspa:qypc4e99jtvxusfdvl7ztdt9dyj3gsg8ztxanylfwzcxardh2spp6ss2khlnucr,9999760000,
0db06e7eda720cd170aef80b09498d3640e3b1520cfafd2bd528ba864343ef28,2023-11-19T08:11:47.692000,received,kaspa:qypc4e99jtvxusfdvl7ztdt9dyj3gsg8ztxanylfwzcxardh2spp6ss2khlnucr,9999760000,
0db06e7eda720cd170aef80b09498d3640e3b1520cfafd2bd528ba864343ef28,2023-11-19T08:11:47.692000,received,kaspa:qypc4e99jtvxusfdvl7ztdt9dyj3gsg8ztxanylfwzcxardh2spp6ss2khlnucr,9999760000,
0db06e7eda720cd170aef80b09498d3640e3b1520cfafd2bd528ba864343ef28,2023-11-19T08:11:47.692000,received,kaspa:qypc4e99jtvxusfdvl7ztdt9dyj3gsg8ztxanylfwzcxardh2spp6ss2khlnucr,9999760000,
0db06e7eda720cd170aef80b09498d3640e3b1520cfafd2bd528ba864343ef28,2023-11-19T08:11:47.692000,received,kaspa:qypc4e99jtvxusfdvl7ztdt9dyj3gsg8ztxanylfwzcxardh2spp6ss2khlnucr,9999760000,
0db06e7eda720cd170aef80b09498d3640e3b1520cfafd2bd528ba864343ef28,2023-11-19T08:11:47.692000,received,kaspa:qypc4e99jtvxusfdvl7ztdt9dyj3gsg8ztxanylfwzcxardh2spp6ss2khlnucr,9999760000,
bd71823521912f95f2d29577452cd67b381dbb2814ed4536b63b7f7c5c59176f,2023-11-19T07:11:19.662000,received,kaspa:qrrjnu4xf4advlknlmlpluxvdtfn74yzqmzlv6zaeer5lezty3hrqtz738jvm,10000000000,
bd71823521912f95f2d29577452cd67b381dbb2814ed4536b63b7f7c5c59176f,2023-11-19T07:11:19.662000,received,kaspa:qrrjnu4xf4advlknlmlpluxvdtfn74yzqmzlv6zaeer5lezty3hrqtz738jvm,10000000000,
56f080e02eed60f4fabbe7bf817d2c39af60c0355e096d5210c8b27398ad35be,2023-11-19T06:35:21.262000,received,kaspa:qr9u5s942qwhmtsgrdfh83qj2lj63qxe0heppeynzgm7v72cvetx7nzxukzmc,5000000000,
79c063b654f01a404b8e5773284d5d76dda05d1b50fc20ab615c347f20dff6a8,2023-11-19T00:30:28.110000,received,kaspa:qqgchqmsqmwm3hkl84amhatce6r2gntsm3ccq9ennu4484spfe7pvajmjpgyp,200000000,
bbee1420056aaecc9f044c65026cb04626ae73cc783c2939c60b0c30ec4718b6,2023-11-18T20:09:53.015000,received,kaspa:qp6hy6fedxzuveny3xe69ywpdzp0l9rq754l8724p9jx9dlcrjn4saurn982m,1000000000,
4d0a687489733fa34bb67b4cff01c8f2f271c9ed63fd1c0b8ee1290b6759b628,2023-11-18T17:56:01.214000,received,kaspa:qrwlkw0g08j6kvgjuh8t6yyllpz7xgf32avssqc66trfzd425z7h7ydj8rxfm,13300000000,
1239a062f6cef802112127f455d6fc7dcfb268b7e5bbab0f2a79c0f01d8f7f1c,2023-11-18T16:40:00.625000,received,kaspa:qz77t3fuzret4eufzq2enr96d3mc8p3rtk0w57g9n74adme2h6c066jmx0wn4,2000000000000,
62c58b0a33deccdb09967a3738bfd36e86797dd33df2281739027110cc9476b1,2023-11-18T16:14:07.010000,received,kaspa:qpdh7qemtfc9ytflqaf9xdyzydgkrp57gl2frw3d6spnsrpvz3jtwfyt4wep0,99990000,
f90f2d11d3a16365acbd439fcc189fa7d43015c3f9bdd691dd8dfd84616cfd88,2023-11-18T15:24:35.498000,received,kaspa:qzlf5ys4sjnsngslx85z8t5qd6cepvtfueyax8dzku36axdkvy2pwdd0f4zd9,18000000,
f90f2d11d3a16365acbd439fcc189fa7d43015c3f9bdd691dd8dfd84616cfd88,2023-11-18T15:24:35.498000,received,kaspa:qp2xwlg5a3suq3uav6szymf67sp6x6dm2tx28jt5nsn0h2yze5tvzkvzzsnfh,18000000,
69518a3f3e5d24bfdf3f2d54012de6da51f4741b8d88d7579f98ce4b56aaa78f,2023-11-18T13:54:13.168000,received,kaspa:qzgjefmuy9geuztjzuc3yq5num4g5ex8n9xu7sr9lg8ujx66uafwvd0pdm40k,15000000000,
50d70c8a4e93314b7ba77e03d3153ef7f37c2f2337e18a546d55ec6482dab4d4,2023-11-18T13:50:54.960000,received,kaspa:qzc5pjqxwnwajp3mjjx5gp0s0pcudahhp62vkpx6l5rhnw49693egy5s7gegu,4000000000,
33824ab72b9c6872153dae0491c7096c3a7593abffb8ca7956f23b62f2cf00c5,2023-11-18T11:53:09.329000,received,kaspa:qzup2hx9pntvryzjk6f6ktuwa4gr7j9u6avu0xcdxp5wl0v78gsgc5vrvrqlj,10000000000,
5c6afbdeca30a4395b9d6f3de31a3a5acfad90815c6dbba5eaf2948e2da7ec2c,2023-11-18T10:59:09.229000,received,kaspa:qqqyrq8casjvduhzc2nup59kdgj28hy8ssp6cahqf34gavwkn3h969kpj774e,1000000000000,
5c6afbdeca30a4395b9d6f3de31a3a5acfad90815c6dbba5eaf2948e2da7ec2c,2023-11-18T10:59:09.229000,received,kaspa:qpuhmzjxuam6f0chmjpg2cush7pv66erp3gaszme2jd8th5hw2j7z0wyvqd9y,1000000000000,
bac763b2c2c41e0c39a6101d7f91bc87172358027e258a0b4cb5895aabc76594,2023-11-18T10:17:03.105000,received,kaspa:qqetp7ct8kqss99fxmymyz5t3fezppxp0t58wl6pawp27elqd46uudme00cl0,50900000000,
9927d2e72a0ffd1e60f4dd8651e97e11d7c84734861368192065a74718a76558,2023-11-18T10:12:55.651000,received,kaspa:qqetp7ct8kqss99fxmymyz5t3fezppxp0t58wl6pawp27elqd46uudme00cl0,10300000000,
25b63e6a1ef3cc3f093b41109622c102fe46377421266324993542ef5f36201e,2023-11-18T09:49:30.505000,received,kaspa:qz6ntl9y7jen5hf4shgmxss9jlmyl343vz95nnxzys4vr8ypxpkhckmlfw6h0,2000000000,
e8af310cfb37567ef48795d6c81905c752e4ae28632d4a5fbdf43bdb87dd66e8,2023-11-18T09:27:25.308000,received,kaspa:qz60h7h7hpyg2ttgqjxxumpr59v7yvxs574t4mxslw2fpullk62dv3r7r0c68,500000000,
099ff118e940c2bd61ed5dbf7e9fa4fdcd49df084ba1c5f2a79b8351d24d57fe,2023-11-18T09:14:07.516000,received,kaspa:qp9gvlsel9c2atrcywe8ranz90pgxs27k30qvnfmv66pn6ulzqxnv8s3fql5y,4206900000,
7d5c8e7baeb9b667e0e8b3d2c4333fd7d92246638e7e4aede49f7bdbec9fce3f,2023-11-18T07:52:09.503000,received,kaspa:qp0hxw9vzvm0yctc9h9d0u8g9e224wdmkddhycrtf3a4tj6knxcdy653qje0m,100000000000,
2925f79c1f6c9512a4a9dbe0e2d57676c870949cca46414eba1e80993631c6d1,2023-11-18T06:54:53.800000,received,kaspa:qrgwu2l6vh6gevs75xxzla3rwyckhhsjgssdl4hzgvnmml7k57utcp0vzd5ck,20000000000,
1405ee459fe785b589833d92ddd14c522c7f860f77a63be3df4230dee89d8abd,2023-11-18T05:42:52.755000,received,kaspa:qpz0yz8uj7fwm8z8mgm8wdvwf7dg5r5qjn0m0w42l4s7jseas0z9s65rwvpyw,2000000000,
7a5529a441689b529d36062d9e66acaedc62513cd0319704b3bd49ab3616283d,2023-11-18T04:19:40.196000,received,kaspa:qpsaak0huxyj8vpa0feynuns5yj97yuxmlvqwzrkl9multcxv2yuzz60yzzl7,50000000000,
3cdb9d02c01c07d57c50d7d784c8695beba3d3de8673accdd6be2598ab0de311,2023-11-18T03:20:56.344000,received,kaspa:qqwmskpax25mc9rdkdz97l6utpdrv52ssg9dluy3tyrg5mdv0pfxsakru24kf,5000000000,
ad3bdaac464d53fde90b8725c3ed7c97259c74963608e5e0a84c3a1d30aec4cb,2023-11-18T02:52:00.854000,received,kaspa:qqtud2quzwpdmg4mu8wnq5tq0qflt0q8ajccdsq9x8c3f2nlutymypznye2pn,37000000000,
ad3bdaac464d53fde90b8725c3ed7c97259c74963608e5e0a84c3a1d30aec4cb,2023-11-18T02:52:00.854000,received,kaspa:qqtud2quzwpdmg4mu8wnq5tq0qflt0q8ajccdsq9x8c3f2nlutymypznye2pn,37000000000,
ad3bdaac464d53fde90b8725c3ed7c97259c74963608e5e0a84c3a1d30aec4cb,2023-11-18T02:52:00.854000,received,kaspa:qqtud2quzwpdmg4mu8wnq5tq0qflt0q8ajccdsq9x8c3f2nlutymypznye2pn,37000000000,
ad3bdaac464d53fde90b8725c3ed7c97259c74963608e5e0a84c3a1d30aec4cb,2023-11-18T02:52:00.854000,received,kaspa:qqtud2quzwpdmg4mu8wnq5tq0qflt0q8ajccdsq9x8c3f2nlutymypznye2pn,37000000000,
ad3bdaac464d53fde90b8725c3ed7c97259c74963608e5e0a84c3a1d30aec4cb,2023-11-18T02:52:00.854000,received,kaspa:qqtud2quzwpdmg4mu8wnq5tq0qflt0q8ajccdsq9x8c3f2nlutymypznye2pn,37000000000,
ad3bdaac464d53fde90b8725c3ed7c97259c74963608e5e0a84c3a1d30aec4cb,2023-11-18T02:52:00.854000,received,kaspa:qqtud2quzwpdmg4mu8wnq5tq0qflt0q8ajccdsq9x8c3f2nlutymypznye2pn,37000000000,
ad3bdaac464d53fde90b8725c3ed7c97259c74963608e5e0a84c3a1d30aec4cb,2023-11-18T02:52:00.854000,received,kaspa:qqtud2quzwpdmg4mu8wnq5tq0qflt0q8ajccdsq9x8c3f2nlutymypznye2pn,37000000000,
ad3bdaac464d53fde90b8725c3ed7c97259c74963608e5e0a84c3a1d30aec4cb,2023-11-18T02:52:00.854000,received,kaspa:qqtud2quzwpdmg4mu8wnq5tq0qflt0q8ajccdsq9x8c3f2nlutymypznye2pn,37000000000,
ad3bdaac464d53fde90b8725c3ed7c97259c74963608e5e0a84c3a1d30aec4cb,2023-11-18T02:52:00.854000,received,kaspa:qqtud2quzwpdmg4mu8wnq5tq0qflt0q8ajccdsq9x8c3f2nlutymypznye2pn,37000000000,
8bea7b25297efea73c31abfdc73c328929b5eacfb51d1ba6fd22875b5eb2d338,2023-11-18T01:37:20.622000,received,kaspa:qzx4my2u825h9rpt2g4zppe9vn4fgps6xygw4flxm6qz6w5xgseg6w93djhcf,250000000000,
31bfbdf3f29f4b24cc1209ccacda65f6bfbdb3ddf246e51179bed2ca594bb891,2023-11-18T01:25:24.419000,received,kaspa:qzeydkyx78x0lhc0jaxyxrq5exl7spqz90fn92l2c4xrn0n32kkyvj8tgdsnd,100000000000,
31bfbdf3f29f4b24cc1209ccacda65f6bfbdb3ddf246e51179bed2ca594bb891,2023-11-18T01:25:24.419000,received,kaspa:qzeydkyx78x0lhc0jaxyxrq5exl7spqz90fn92l2c4xrn0n32kkyvj8tgdsnd,100000000000,
240c862903dde08672ac0666347691703fc6f3d4380812fae473c298a46f5baf,2023-11-18T01:21:44.980000,received,kaspa:qqwy2gwmh3lfa2egzv3fxmp9ex8m0fx0ct4ejwl08fj8u67k9uygcj3w02w3k,1000000000,
7f0a6843424753aed302d64cf63f46c3b251a9a89b16a68a7ca8d7fc00ecf5df,2023-11-18T00:30:31.139000,received,kaspa:qq84228lazcgpukutj5pz3l0qex6st56ay364s57hpnl88vzygngyju5urd50,10000000000,
5a547cc307fdbf50493c25b379fee9d90935391e56dbb33a6d02db20c24c8145,2023-11-17T23:59:05.587000,received,kaspa:qq4dw6g0p5kx7nn8h938yc73qd0ca2rcsrkj0dxlrhzshh0atehn5fjxzt9dp,22277860000,
a7606ced58390b6d1ee50c03c12b9c2000451bd2aea2d9576dfd5f5bc76cc711,2023-11-17T22:59:33.665000,received,kaspa:qzhrfasycnk5ey2qp8n55tg4kd4gdhvugq4tlffzulevsemzxa8rjdjekczgs,50000000000,
08d68416939052f1bba8cc3fcd9f18961d9803f9f4c8fcfe7aa5d0eda46f5bfc,2023-11-17T22:45:21.012000,received,kaspa:qp6kharkmh8s0zulrtjuxdl4krckun7hf82zrd63f94cs7m3uadeclt987sl8,16900000000,
e10882a38326795d8b60e1d0bc30adca9086c73ec1e7967552302e7fba2b6875,2023-11-17T22:43:58.663000,received,kaspa:qzhct6lce9jlh0lm788fa3t37490em8age8u9h9uk8kcf6fds0a72n59w8v45,30000000000,
86ad89ce569d93f25a011e052f2aad29fa34d1ca07fc809c23f1176e18f08e91,2023-11-17T22:41:04.749000,received,kaspa:qq0x58zkaak3wgp02cnujaxmx6d86cq7jf24wyva92jz0jdae3nyxxlc6p099,10000000000,
b43206d1d7556432a17203bb8d98f9bc025af625c6ea3d552a72e84dbe5dfd7c,2023-11-17T22:40:36.889000,received,kaspa:qppm273n0vkglgt75u8mlfd79qnt2n5j3c2ghsn2zp28apck9tvyzj2ua94mj,10000000000,
ad80a97334f1f49cf73e1bded0e5deaf7f8a414e2affad7f88bfce06db1045d5,2023-11-17T22:39:05.802000,received,kaspa:qppq3h9y9ge8sna3njjhdavf46mfet2lnqks6sev6sy5v45ztmzns8ujsf4wt,9999996780,
ad80a97334f1f49cf73e1bded0e5deaf7f8a414e2affad7f88bfce06db1045d5,2023-11-17T22:39:05.802000,received,kaspa:qppq3h9y9ge8sna3njjhdavf46mfet2lnqks6sev6sy5v45ztmzns8ujsf4wt,9999996780,
eb8285e14bcd77b1bad31996e542795abc8ba1e7ea973a92834d4c27ff3012f6,2023-11-17T22:31:31.160000,received,kaspa:qr7vrlhgekw9efxgfq09ca3wqcxlslgxndcpk77pguu2usaa9aa27lhuunewj,9999000000,
f59447586bc6f3792ae2b9112602c78a13f746279d7bf96a7c5cc446b6312f59,2023-11-17T22:27:40.797000,received,kaspa:qypjvatkq7w2ewc80zzq9w5m094kq7kv95hz7tvfusyv0eez4l272vg858w973j,10000000000,
f59447586bc6f3792ae2b9112602c78a13f746279d7bf96a7c5cc446b6312f59,2023-11-17T22:27:40.797000,received,kaspa:qypjvatkq7w2ewc80zzq9w5m094kq7kv95hz7tvfusyv0eez4l272vg858w973j,10000000000,
f59447586bc6f3792ae2b9112602c78a13f746279d7bf96a7c5cc446b6312f59,2023-11-17T22:27:40.797000,received,kaspa:qypjvatkq7w2ewc80zzq9w5m094kq7kv95hz7tvfusyv0eez4l272vg858w973j,10000000000,
f59447586bc6f3792ae2b9112602c78a13f746279d7bf96a7c5cc446b6312f59,2023-11-17T22:27:40.797000,received,kaspa:qypjvatkq7w2ewc80zzq9w5m094kq7kv95hz7tvfusyv0eez4l272vg858w973j,10000000000,
f59447586bc6f3792ae2b9112602c78a13f746279d7bf96a7c5cc446b6312f59,2023-11-17T22:27:40.797000,received,kaspa:qypjvatkq7w2ewc80zzq9w5m094kq7kv95hz7tvfusyv0eez4l272vg858w973j,10000000000,
f59447586bc6f3792ae2b9112602c78a13f746279d7bf96a7c5cc446b6312f59,2023-11-17T22:27:40.797000,received,kaspa:qypjvatkq7w2ewc80zzq9w5m094kq7kv95hz7tvfusyv0eez4l272vg858w973j,10000000000,
f59447586bc6f3792ae2b9112602c78a13f746279d7bf96a7c5cc446b6312f59,2023-11-17T22:27:40.797000,received,kaspa:qypjvatkq7w2ewc80zzq9w5m094kq7kv95hz7tvfusyv0eez4l272vg858w973j,10000000000,
f59447586bc6f3792ae2b9112602c78a13f746279d7bf96a7c5cc446b6312f59,2023-11-17T22:27:40.797000,received,kaspa:qypjvatkq7w2ewc80zzq9w5m094kq7kv95hz7tvfusyv0eez4l272vg858w973j,10000000000,
f59447586bc6f3792ae2b9112602c78a13f746279d7bf96a7c5cc446b6312f59,2023-11-17T22:27:40.797000,received,kaspa:qypjvatkq7w2ewc80zzq9w5m094kq7kv95hz7tvfusyv0eez4l272vg858w973j,10000000000,
f59447586bc6f3792ae2b9112602c78a13f746279d7bf96a7c5cc446b6312f59,2023-11-17T22:27:40.797000,received,kaspa:qypjvatkq7w2ewc80zzq9w5m094kq7kv95hz7tvfusyv0eez4l272vg858w973j,10000000000,
f59447586bc6f3792ae2b9112602c78a13f746279d7bf96a7c5cc446b6312f59,2023-11-17T22:27:40.797000,received,kaspa:qypjvatkq7w2ewc80zzq9w5m094kq7kv95hz7tvfusyv0eez4l272vg858w973j,10000000000,
f59447586bc6f3792ae2b9112602c78a13f746279d7bf96a7c5cc446b6312f59,2023-11-17T22:27:40.797000,received,kaspa:qypjvatkq7w2ewc80zzq9w5m094kq7kv95hz7tvfusyv0eez4l272vg858w973j,10000000000,
f59447586bc6f3792ae2b9112602c78a13f746279d7bf96a7c5cc446b6312f59,2023-11-17T22:27:40.797000,received,kaspa:qypjvatkq7w2ewc80zzq9w5m094kq7kv95hz7tvfusyv0eez4l272vg858w973j,10000000000,
f59447586bc6f3792ae2b9112602c78a13f746279d7bf96a7c5cc446b6312f59,2023-11-17T22:27:40.797000,received,kaspa:qypjvatkq7w2ewc80zzq9w5m094kq7kv95hz7tvfusyv0eez4l272vg858w973j,10000000000,
f59447586bc6f3792ae2b9112602c78a13f746279d7bf96a7c5cc446b6312f59,2023-11-17T22:27:40.797000,received,kaspa:qypjvatkq7w2ewc80zzq9w5m094kq7kv95hz7tvfusyv0eez4l272vg858w973j,10000000000,
f59447586bc6f3792ae2b9112602c78a13f746279d7bf96a7c5cc446b6312f59,2023-11-17T22:27:40.797000,received,kaspa:qypjvatkq7w2ewc80zzq9w5m094kq7kv95hz7tvfusyv0eez4l272vg858w973j,10000000000,
f59447586bc6f3792ae2b9112602c78a13f746279d7bf96a7c5cc446b6312f59,2023-11-17T22:27:40.797000,received,kaspa:qypjvatkq7w2ewc80zzq9w5m094kq7kv95hz7tvfusyv0eez4l272vg858w973j,10000000000,
f59447586bc6f3792ae2b9112602c78a13f746279d7bf96a7c5cc446b6312f59,2023-11-17T22:27:40.797000,received,kaspa:qypjvatkq7w2ewc80zzq9w5m094kq7kv95hz7tvfusyv0eez4l272vg858w973j,10000000000,
f59447586bc6f3792ae2b9112602c78a13f746279d7bf96a7c5cc446b6312f59,2023-11-17T22:27:40.797000,received,kaspa:qypjvatkq7w2ewc80zzq9w5m094kq7kv95hz7tvfusyv0eez4l272vg858w973j,10000000000,
f59447586bc6f3792ae2b9112602c78a13f746279d7bf96a7c5cc446b6312f59,2023-11-17T22:27:40.797000,received,kaspa:qypjvatkq7w2ewc80zzq9w5m094kq7kv95hz7tvfusyv0eez4l272vg858w973j,10000000000,
f59447586bc6f3792ae2b9112602c78a13f746279d7bf96a7c5cc446b6312f59,2023-11-17T22:27:40.797000,received,kaspa:qypjvatkq7w2ewc80zzq9w5m094kq7kv95hz7tvfusyv0eez4l272vg858w973j,10000000000,
f59447586bc6f3792ae2b9112602c78a13f746279d7bf96a7c5cc446b6312f59,2023-11-17T22:27:40.797000,received,kaspa:qypjvatkq7w2ewc80zzq9w5m094kq7kv95hz7tvfusyv0eez4l272vg858w973j,10000000000,
f59447586bc6f3792ae2b9112602c78a13f746279d7bf96a7c5cc446b6312f59,2023-11-17T22:27:40.797000,received,kaspa:qypjvatkq7w2ewc80zzq9w5m094kq7kv95hz7tvfusyv0eez4l272vg858w973j,10000000000,
f59447586bc6f3792ae2b9112602c78a13f746279d7bf96a7c5cc446b6312f59,2023-11-17T22:27:40.797000,received,kaspa:qypjvatkq7w2ewc80zzq9w5m094kq7kv95hz7tvfusyv0eez4l272vg858w973j,10000000000,
f59447586bc6f3792ae2b9112602c78a13f746279d7bf96a7c5cc446b6312f59,2023-11-17T22:27:40.797000,received,kaspa:qypjvatkq7w2ewc80zzq9w5m094kq7kv95hz7tvfusyv0eez4l272vg858w973j,10000000000,
f59447586bc6f3792ae2b9112602c78a13f746279d7bf96a7c5cc446b6312f59,2023-11-17T22:27:40.797000,received,kaspa:qypjvatkq7w2ewc80zzq9w5m094kq7kv95hz7tvfusyv0eez4l272vg858w973j,10000000000,
f59447586bc6f3792ae2b9112602c78a13f746279d7bf96a7c5cc446b6312f59,2023-11-17T22:27:40.797000,received,kaspa:qypjvatkq7w2ewc80zzq9w5m094kq7kv95hz7tvfusyv0eez4l272vg858w973j,10000000000,
f59447586bc6f3792ae2b9112602c78a13f746279d7bf96a7c5cc446b6312f59,2023-11-17T22:27:40.797000,received,kaspa:qypjvatkq7w2ewc80zzq9w5m094kq7kv95hz7tvfusyv0eez4l272vg858w973j,10000000000,
f59447586bc6f3792ae2b9112602c78a13f746279d7bf96a7c5cc446b6312f59,2023-11-17T22:27:40.797000,received,kaspa:qypjvatkq7w2ewc80zzq9w5m094kq7kv95hz7tvfusyv0eez4l272vg858w973j,10000000000,
f59447586bc6f3792ae2b9112602c78a13f746279d7bf96a7c5cc446b6312f59,2023-11-17T22:27:40.797000,received,kaspa:qypjvatkq7w2ewc80zzq9w5m094kq7kv95hz7tvfusyv0eez4l272vg858w973j,10000000000,
f59447586bc6f3792ae2b9112602c78a13f746279d7bf96a7c5cc446b6312f59,2023-11-17T22:27:40.797000,received,kaspa:qypjvatkq7w2ewc80zzq9w5m094kq7kv95hz7tvfusyv0eez4l272vg858w973j,10000000000,
f59447586bc6f3792ae2b9112602c78a13f746279d7bf96a7c5cc446b6312f59,2023-11-17T22:27:40.797000,received,kaspa:qypjvatkq7w2ewc80zzq9w5m094kq7kv95hz7tvfusyv0eez4l272vg858w973j,10000000000,
f59447586bc6f3792ae2b9112602c78a13f746279d7bf96a7c5cc446b6312f59,2023-11-17T22:27:40.797000,received,kaspa:qypjvatkq7w2ewc80zzq9w5m094kq7kv95hz7tvfusyv0eez4l272vg858w973j,10000000000,
f59447586bc6f3792ae2b9112602c78a13f746279d7bf96a7c5cc446b6312f59,2023-11-17T22:27:40.797000,received,kaspa:qypjvatkq7w2ewc80zzq9w5m094kq7kv95hz7tvfusyv0eez4l272vg858w973j,10000000000,
f59447586bc6f3792ae2b9112602c78a13f746279d7bf96a7c5cc446b6312f59,2023-11-17T22:27:40.797000,received,kaspa:qypjvatkq7w2ewc80zzq9w5m094kq7kv95hz7tvfusyv0eez4l272vg858w973j,10000000000,
f59447586bc6f3792ae2b9112602c78a13f746279d7bf96a7c5cc446b6312f59,2023-11-17T22:27:40.797000,received,kaspa:qypjvatkq7w2ewc80zzq9w5m094kq7kv95hz7tvfusyv0eez4l272vg858w973j,10000000000,
f59447586bc6f3792ae2b9112602c78a13f746279d7bf96a7c5cc446b6312f59,2023-11-17T22:27:40.797000,received,kaspa:qypjvatkq7w2ewc80zzq9w5m094kq7kv95hz7tvfusyv0eez4l272vg858w973j,10000000000,
f59447586bc6f3792ae2b9112602c78a13f746279d7bf96a7c5cc446b6312f59,2023-11-17T22:27:40.797000,received,kaspa:qypjvatkq7w2ewc80zzq9w5m094kq7kv95hz7tvfusyv0eez4l272vg858w973j,10000000000,
f59447586bc6f3792ae2b9112602c78a13f746279d7bf96a7c5cc446b6312f59,2023-11-17T22:27:40.797000,received,kaspa:qypjvatkq7w2ewc80zzq9w5m094kq7kv95hz7tvfusyv0eez4l272vg858w973j,10000000000,
f59447586bc6f3792ae2b9112602c78a13f746279d7bf96a7c5cc446b6312f59,2023-11-17T22:27:40.797000,received,kaspa:qypjvatkq7w2ewc80zzq9w5m094kq7kv95hz7tvfusyv0eez4l272vg858w973j,10000000000,
f59447586bc6f3792ae2b9112602c78a13f746279d7bf96a7c5cc446b6312f59,2023-11-17T22:27:40.797000,received,kaspa:qypjvatkq7w2ewc80zzq9w5m094kq7kv95hz7tvfusyv0eez4l272vg858w973j,10000000000,
f59447586bc6f3792ae2b9112602c78a13f746279d7bf96a7c5cc446b6312f59,2023-11-17T22:27:40.797000,received,kaspa:qypjvatkq7w2ewc80zzq9w5m094kq7kv95hz7tvfusyv0eez4l272vg858w973j,10000000000,
f59447586bc6f3792ae2b9112602c78a13f746279d7bf96a7c5cc446b6312f59,2023-11-17T22:27:40.797000,received,kaspa:qypjvatkq7w2ewc80zzq9w5m094kq7kv95hz7tvfusyv0eez4l272vg858w973j,10000000000,
f59447586bc6f3792ae2b9112602c78a13f746279d7bf96a7c5cc446b6312f59,2023-11-17T22:27:40.797000,received,kaspa:qypjvatkq7w2ewc80zzq9w5m094kq7kv95hz7tvfusyv0eez4l272vg858w973j,10000000000,
f59447586bc6f3792ae2b9112602c78a13f746279d7bf96a7c5cc446b6312f59,2023-11-17T22:27:40.797000,received,kaspa:qypjvatkq7w2ewc80zzq9w5m094kq7kv95hz7tvfusyv0eez4l272vg858w973j,10000000000,
f59447586bc6f3792ae2b9112602c78a13f746279d7bf96a7c5cc446b6312f59,2023-11-17T22:27:40.797000,received,kaspa:qypjvatkq7w2ewc80zzq9w5m094kq7kv95hz7tvfusyv0eez4l272vg858w973j,10000000000,
f59447586bc6f3792ae2b9112602c78a13f746279d7bf96a7c5cc446b6312f59,2023-11-17T22:27:40.797000,received,kaspa:qypjvatkq7w2ewc80zzq9w5m094kq7kv95hz7tvfusyv0eez4l272vg858w973j,10000000000,
f59447586bc6f3792ae2b9112602c78a13f746279d7bf96a7c5cc446b6312f59,2023-11-17T22:27:40.797000,received,kaspa:qypjvatkq7w2ewc80zzq9w5m094kq7kv95hz7tvfusyv0eez4l272vg858w973j,10000000000,
f59447586bc6f3792ae2b9112602c78a13f746279d7bf96a7c5cc446b6312f59,2023-11-17T22:27:40.797000,received,kaspa:qypjvatkq7w2ewc80zzq9w5m094kq7kv95hz7tvfusyv0eez4l272vg858w973j,10000000000,
f59447586bc6f3792ae2b9112602c78a13f746279d7bf96a7c5cc446b6312f59,2023-11-17T22:27:40.797000,received,kaspa:qypjvatkq7w2ewc80zzq9w5m094kq7kv95hz7tvfusyv0eez4l272vg858w973j,10000000000,
f59447586bc6f3792ae2b9112602c78a13f746279d7bf96a7c5cc446b6312f59,2023-11-17T22:27:40.797000,received,kaspa:qypjvatkq7w2ewc80zzq9w5m094kq7kv95hz7tvfusyv0eez4l272vg858w973j,10000000000,
f59447586bc6f3792ae2b9112602c78a13f746279d7bf96a7c5cc446b6312f59,2023-11-17T22:27:40.797000,received,kaspa:qypjvatkq7w2ewc80zzq9w5m094kq7kv95hz7tvfusyv0eez4l272vg858w973j,10000000000,
f59447586bc6f3792ae2b9112602c78a13f746279d7bf96a7c5cc446b6312f59,2023-11-17T22:27:40.797000,received,kaspa:qypjvatkq7w2ewc80zzq9w5m094kq7kv95hz7tvfusyv0eez4l272vg858w973j,10000000000,
f59447586bc6f3792ae2b9112602c78a13f746279d7bf96a7c5cc446b6312f59,2023-11-17T22:27:40.797000,received,kaspa:qypjvatkq7w2ewc80zzq9w5m094kq7kv95hz7tvfusyv0eez4l272vg858w973j,10000000000,
f59447586bc6f3792ae2b9112602c78a13f746279d7bf96a7c5cc446b6312f59,2023-11-17T22:27:40.797000,received,kaspa:qypjvatkq7w2ewc80zzq9w5m094kq7kv95hz7tvfusyv0eez4l272vg858w973j,10000000000,
f59447586bc6f3792ae2b9112602c78a13f746279d7bf96a7c5cc446b6312f59,2023-11-17T22:27:40.797000,received,kaspa:qypjvatkq7w2ewc80zzq9w5m094kq7kv95hz7tvfusyv0eez4l272vg858w973j,10000000000,
f59447586bc6f3792ae2b9112602c78a13f746279d7bf96a7c5cc446b6312f59,2023-11-17T22:27:40.797000,received,kaspa:qypjvatkq7w2ewc80zzq9w5m094kq7kv95hz7tvfusyv0eez4l272vg858w973j,10000000000,
f59447586bc6f3792ae2b9112602c78a13f746279d7bf96a7c5cc446b6312f59,2023-11-17T22:27:40.797000,received,kaspa:qypjvatkq7w2ewc80zzq9w5m094kq7kv95hz7tvfusyv0eez4l272vg858w973j,10000000000,
f59447586bc6f3792ae2b9112602c78a13f746279d7bf96a7c5cc446b6312f59,2023-11-17T22:27:40.797000,received,kaspa:qypjvatkq7w2ewc80zzq9w5m094kq7kv95hz7tvfusyv0eez4l272vg858w973j,10000000000,
f59447586bc6f3792ae2b9112602c78a13f746279d7bf96a7c5cc446b6312f59,2023-11-17T22:27:40.797000,received,kaspa:qypjvatkq7w2ewc80zzq9w5m094kq7kv95hz7tvfusyv0eez4l272vg858w973j,10000000000,
f59447586bc6f3792ae2b9112602c78a13f746279d7bf96a7c5cc446b6312f59,2023-11-17T22:27:40.797000,received,kaspa:qypjvatkq7w2ewc80zzq9w5m094kq7kv95hz7tvfusyv0eez4l272vg858w973j,10000000000,
f59447586bc6f3792ae2b9112602c78a13f746279d7bf96a7c5cc446b6312f59,2023-11-17T22:27:40.797000,received,kaspa:qypjvatkq7w2ewc80zzq9w5m094kq7kv95hz7tvfusyv0eez4l272vg858w973j,10000000000,
f59447586bc6f3792ae2b9112602c78a13f746279d7bf96a7c5cc446b6312f59,2023-11-17T22:27:40.797000,received,kaspa:qypjvatkq7w2ewc80zzq9w5m094kq7kv95hz7tvfusyv0eez4l272vg858w973j,10000000000,
f59447586bc6f3792ae2b9112602c78a13f746279d7bf96a7c5cc446b6312f59,2023-11-17T22:27:40.797000,received,kaspa:qypjvatkq7w2ewc80zzq9w5m094kq7kv95hz7tvfusyv0eez4l272vg858w973j,10000000000,
f59447586bc6f3792ae2b9112602c78a13f746279d7bf96a7c5cc446b6312f59,2023-11-17T22:27:40.797000,received,kaspa:qypjvatkq7w2ewc80zzq9w5m094kq7kv95hz7tvfusyv0eez4l272vg858w973j,10000000000,
f59447586bc6f3792ae2b9112602c78a13f746279d7bf96a7c5cc446b6312f59,2023-11-17T22:27:40.797000,received,kaspa:qypjvatkq7w2ewc80zzq9w5m094kq7kv95hz7tvfusyv0eez4l272vg858w973j,10000000000,
f59447586bc6f3792ae2b9112602c78a13f746279d7bf96a7c5cc446b6312f59,2023-11-17T22:27:40.797000,received,kaspa:qypjvatkq7w2ewc80zzq9w5m094kq7kv95hz7tvfusyv0eez4l272vg858w973j,10000000000,
f59447586bc6f3792ae2b9112602c78a13f746279d7bf96a7c5cc446b6312f59,2023-11-17T22:27:40.797000,received,kaspa:qypjvatkq7w2ewc80zzq9w5m094kq7kv95hz7tvfusyv0eez4l272vg858w973j,10000000000,
f59447586bc6f3792ae2b9112602c78a13f746279d7bf96a7c5cc446b6312f59,2023-11-17T22:27:40.797000,received,kaspa:qypjvatkq7w2ewc80zzq9w5m094kq7kv95hz7tvfusyv0eez4l272vg858w973j,10000000000,
f59447586bc6f3792ae2b9112602c78a13f746279d7bf96a7c5cc446b6312f59,2023-11-17T22:27:40.797000,received,kaspa:qypjvatkq7w2ewc80zzq9w5m094kq7kv95hz7tvfusyv0eez4l272vg858w973j,10000000000,
f59447586bc6f3792ae2b9112602c78a13f746279d7bf96a7c5cc446b6312f59,2023-11-17T22:27:40.797000,received,kaspa:qypjvatkq7w2ewc80zzq9w5m094kq7kv95hz7tvfusyv0eez4l272vg858w973j,10000000000,
f59447586bc6f3792ae2b9112602c78a13f746279d7bf96a7c5cc446b6312f59,2023-11-17T22:27:40.797000,received,kaspa:qypjvatkq7w2ewc80zzq9w5m094kq7kv95hz7tvfusyv0eez4l272vg858w973j,10000000000,
f59447586bc6f3792ae2b9112602c78a13f746279d7bf96a7c5cc446b6312f59,2023-11-17T22:27:40.797000,received,kaspa:qypjvatkq7w2ewc80zzq9w5m094kq7kv95hz7tvfusyv0eez4l272vg858w973j,10000000000,
f59447586bc6f3792ae2b9112602c78a13f746279d7bf96a7c5cc446b6312f59,2023-11-17T22:27:40.797000,received,kaspa:qypjvatkq7w2ewc80zzq9w5m094kq7kv95hz7tvfusyv0eez4l272vg858w973j,10000000000,
f59447586bc6f3792ae2b9112602c78a13f746279d7bf96a7c5cc446b6312f59,2023-11-17T22:27:40.797000,received,kaspa:qypjvatkq7w2ewc80zzq9w5m094kq7kv95hz7tvfusyv0eez4l272vg858w973j,10000000000,
f59447586bc6f3792ae2b9112602c78a13f746279d7bf96a7c5cc446b6312f59,2023-11-17T22:27:40.797000,received,kaspa:qypjvatkq7w2ewc80zzq9w5m094kq7kv95hz7tvfusyv0eez4l272vg858w973j,10000000000,
f59447586bc6f3792ae2b9112602c78a13f746279d7bf96a7c5cc446b6312f59,2023-11-17T22:27:40.797000,received,kaspa:qypjvatkq7w2ewc80zzq9w5m094kq7kv95hz7tvfusyv0eez4l272vg858w973j,10000000000,
f59447586bc6f3792ae2b9112602c78a13f746279d7bf96a7c5cc446b6312f59,2023-11-17T22:27:40.797000,received,kaspa:qypjvatkq7w2ewc80zzq9w5m094kq7kv95hz7tvfusyv0eez4l272vg858w973j,10000000000,
f59447586bc6f3792ae2b9112602c78a13f746279d7bf96a7c5cc446b6312f59,2023-11-17T22:27:40.797000,received,kaspa:qypjvatkq7w2ewc80zzq9w5m094kq7kv95hz7tvfusyv0eez4l272vg858w973j,10000000000,
f59447586bc6f3792ae2b9112602c78a13f746279d7bf96a7c5cc446b6312f59,2023-11-17T22:27:40.797000,received,kaspa:qypjvatkq7w2ewc80zzq9w5m094kq7kv95hz7tvfusyv0eez4l272vg858w973j,10000000000,
f59447586bc6f3792ae2b9112602c78a13f746279d7bf96a7c5cc446b6312f59,2023-11-17T22:27:40.797000,received,kaspa:qypjvatkq7w2ewc80zzq9w5m094kq7kv95hz7tvfusyv0eez4l272vg858w973j,10000000000,
f59447586bc6f3792ae2b9112602c78a13f746279d7bf96a7c5cc446b6312f59,2023-11-17T22:27:40.797000,received,kaspa:qypjvatkq7w2ewc80zzq9w5m094kq7kv95hz7tvfusyv0eez4l272vg858w973j,10000000000,
f59447586bc6f3792ae2b9112602c78a13f746279d7bf96a7c5cc446b6312f59,2023-11-17T22:27:40.797000,received,kaspa:qypjvatkq7w2ewc80zzq9w5m094kq7kv95hz7tvfusyv0eez4l272vg858w973j,10000000000,
f59447586bc6f3792ae2b9112602c78a13f746279d7bf96a7c5cc446b6312f59,2023-11-17T22:27:40.797000,received,kaspa:qypjvatkq7w2ewc80zzq9w5m094kq7kv95hz7tvfusyv0eez4l272vg858w973j,10000000000,
96bb49c7620f6d85aed39ccee58a0274e7f05aacf7fb1c175900b6db588090a1,2023-11-17T22:26:18.565000,received,kaspa:qqetp7ct8kqss99fxmymyz5t3fezppxp0t58wl6pawp27elqd46uudme00cl0,108754000000,
b6ca41a10bf8ea3d71be183fe79b7353362ed3682dfad0fe293030d1fedde2aa,2023-11-17T22:25:01.784000,received,kaspa:qrenrh48dfhk66s7v3k9lld47qp6lr7fxrsdy7ezdl47rx7adgkzvxxespcuz,10000000000,
b6ca41a10bf8ea3d71be183fe79b7353362ed3682dfad0fe293030d1fedde2aa,2023-11-17T22:25:01.784000,received,kaspa:qrenrh48dfhk66s7v3k9lld47qp6lr7fxrsdy7ezdl47rx7adgkzvxxespcuz,10000000000,
4a5443f17d617eea54dbf4d8374d9297def716473bbfb1c6156b4c563938556d,2023-11-17T22:24:57.151000,received,kaspa:qqgy40t5zwvyl74qg63amsyg602f02c0dr8z42zwfdrxu4tqhr077ncd6mzcl,10000000000,
aebed00ad6e05ea23e6aa6c2b44c2e5887ab4338eeaf3c83d2690b3747a31191,2023-11-17T22:24:56.378000,received,kaspa:qruaju6tm5yhtkvjs3cd9ygml0wjfzr6guzq49k887x3dafkwvxdv3sr8858z,3000000000,
142f1908d6fb07bab5f6ee3f0da2707fc00e92ca53d65a78b8eb518da7fd21b9,2023-11-17T22:24:21.541000,received,kaspa:qp2nuzsxfryq0ylzcsjzrhf2j0lg75646xssadh36yzwtz785g6zzd2ur50n5,10000000000,
1c61037bbefab18f18ee3dee8931a0c9ba1a70d87c91c82332ba7acfb93384d5,2023-11-17T22:22:49.178000,received,kaspa:qqdknpvdav5wj0wyq03xtzpz7zt7wm44ask9tlr7hmsym6yp0jjc6h4k7zexr,10000000000,
0c84dc4f0c7cc87a9080719c26b4832d040d6221bf9fe082e9310b1acf1dd51e,2023-11-17T22:21:02.945000,received,kaspa:qpm6dw43au084cqxuf48dr0qnqpm25r5qyq2xh96t2uzaqaws5zek2datwuqw,5000000000,
ba39a2b8fa396382746572c1e3ff1a58ff37f5bf2e0bbd42de2b67a4ac8d1d3d,2023-11-17T22:07:48.696000,received,kaspa:qr8yxf4tmpphcyulh9ds96dcns0ju370uuag0jgdx76ylwk2he26wzs52wzav,10000000000,
cf6508dc1e18f5b66bce01f3fbc4da919c608c2b7e9cc64ff461edea40cc1b5b,2023-11-17T22:05:51.529000,received,kaspa:qzgftv46llrfpjz08nxjhlzvz0ux39g6uzx057wef8w5r35nqqvfkjkafp08c,10000000000,
1898f1031adcacd1891e820e3b3f933c93247147db2acd83f5891e1a68808ef1,2023-11-17T22:04:37.630000,received,kaspa:qqlh2yfacjmptq9lcd0la7hzj2lu37qudgphhe83e0um63xmq5ucsz65s2vvv,50000000000,
e40fa1ffe9febd4ee8cc0b5b9897c408f63fea6dc211c6a19a33c28e2ed09575,2023-11-17T22:04:13.565000,received,kaspa:qyprpp2lp8ntqpv9plqeuj8y28evt2wmhajw64x423xdm48twm3e2kcacwram0r,2000000000,
20db6a87d698f90850430508c396c4426d0c9d885caa0d98d452a4e1d37597c1,2023-11-17T21:43:41.448000,received,kaspa:qqs8mchqmejxz4pf5t35swsxfl0gmxcskszm44cw4p4l2fp38rhuqqg07ws09,500000000000,
806db02bcaea46d00156250cdec1f8ad88986e143ee5fcdc3eaf580855226e49,2023-11-17T21:37:07.351000,received,kaspa:qqtlrc85pkhuez86kdjcgte3uyl4wcu78zygsd8hpq27en6x0td2xjsj8fn2d,50000000,
