tx_id,timestamp,direction,peer_address,amount_sompi,cex_label
c7eeaa0e66e44c51ca9c60a9b4544c6a39eb68892cb0454d0799ed63382bb094,2023-12-16T04:47:23.076000,sent,kaspa:qzslgwenzu78t6tldlng383g7ruu4enaljmnkgaulyrscjp7ldt26x8gfxck5,171940000,
c7eeaa0e66e44c51ca9c60a9b4544c6a39eb68892cb0454d0799ed63382bb094,2023-12-16T04:47:23.076000,sent,kaspa:qzslgwenzu78t6tldlng383g7ruu4enaljmnkgaulyrscjp7ldt26x8gfxck5,171940000,
68935e96609060f5d5eb04fd0592fa85e99fda221d332ed69b4b3f5e7d9a4978,2023-12-12T13:37:16.699000,received,kaspa:qypswxtcrv4ssyjaswy5w9387vq73mkuyq85tl34cee6qn5uexqy0csgnafnjx7,171000000,
541f9e3e03b71ff39085bae10c774d98a9d6db77c81bf4849d38f60c9f572168,2023-11-28T18:46:58.425000,sent,kaspa:qypce3ga0tfra3pzy7w93anfun7r60srdjrpenct3vaf3jk9tdncdjcnhnm6k7x,18000000,
80d3f95756f17f0aab83c492e5df18cee902fdd22873c85ad5f3cf9e39d4ff1a,2023-11-28T15:12:25.871000,received,kaspa:qzc6tgr7ct50lg548lvcu88t7ee7zgmt6pc5ska3l5ltjn7uyufdjx2h45tfz,19000000,
