tx_id,timestamp,direction,peer_address,amount_sompi,cex_label
397e5d3f46107d2eef79a28a0eca04ed8ed2ef348d29dc9fd1290e1d7593d75a,2023-08-24T18:11:52.091000,sent,kaspa:qpvseq3hjzjtyctvlpe4csv6qeler8x576y9d3cwlhnruuamcvcyggqzeqn6u,24999982968,
397e5d3f46107d2eef79a28a0eca04ed8ed2ef348d29dc9fd1290e1d7593d75a,2023-08-24T18:11:52.091000,sent,kaspa:qptfwdv6euucg6hphmsjzqkgdaegvmjq3q06eycmvyf7affd7f9nj5965r8hu,1675803940,
36521eb46122166ec78233564cef876faffd33165fce119083842cdc72812f18,2023-08-23T13:19:59.685000,received,kaspa:qqs8x62sspetrz5fqd3szhqmclf9azlm8wzkn4c2fwdj5v67r34rqmmr9xxsh,5084845097,
0f15dc028d003b469064c1ed25c25d4af1abbe994c2a8b51ceed6eb6f7dec32e,2023-08-21T18:19:14.857000,sent,kaspa:qpvseq3hjzjtyctvlpe4csv6qeler8x576y9d3cwlhnruuamcvcyggqzeqn6u,49999992176,
0f15dc028d003b469064c1ed25c25d4af1abbe994c2a8b51ceed6eb6f7dec32e,2023-08-21T18:19:14.857000,sent,kaspa:qr4r7nl5eqve79vm9wpxjm68tqmgp44wfpu85yzan5k2tsaz265ajapjr37dx,772311695,
0f15dc028d003b469064c1ed25c25d4af1abbe994c2a8b51ceed6eb6f7dec32e,2023-08-21T18:19:14.857000,sent,kaspa:qpvseq3hjzjtyctvlpe4csv6qeler8x576y9d3cwlhnruuamcvcyggqzeqn6u,49999992176,
0f15dc028d003b469064c1ed25c25d4af1abbe994c2a8b51ceed6eb6f7dec32e,2023-08-21T18:19:14.857000,sent,kaspa:qr4r7nl5eqve79vm9wpxjm68tqmgp44wfpu85yzan5k2tsaz265ajapjr37dx,772311695,
0f15dc028d003b469064c1ed25c25d4af1abbe994c2a8b51ceed6eb6f7dec32e,2023-08-21T18:19:14.857000,sent,kaspa:qpvseq3hjzjtyctvlpe4csv6qeler8x576y9d3cwlhnruuamcvcyggqzeqn6u,49999992176,
0f15dc028d003b469064c1ed25c25d4af1abbe994c2a8b51ceed6eb6f7dec32e,2023-08-21T18:19:14.857000,sent,kaspa:qr4r7nl5eqve79vm9wpxjm68tqmgp44wfpu85yzan5k2tsaz265ajapjr37dx,772311695,
0f15dc028d003b469064c1ed25c25d4af1abbe994c2a8b51ceed6eb6f7dec32e,2023-08-21T18:19:14.857000,sent,kaspa:qpvseq3hjzjtyctvlpe4csv6qeler8x576y9d3cwlhnruuamcvcyggqzeqn6u,49999992176,
0f15dc028d003b469064c1ed25c25d4af1abbe994c2a8b51ceed6eb6f7dec32e,2023-08-21T18:19:14.857000,sent,kaspa:qr4r7nl5eqve79vm9wpxjm68tqmgp44wfpu85yzan5k2tsaz265ajapjr37dx,772311695,
4f1cd5d262ba4840da37176027f09b1c41bb82ab21cbc8e52dd52db78dbc893f,2023-08-17T16:36:52.398000,received,kaspa:qqs8x62sspetrz5fqd3szhqmclf9azlm8wzkn4c2fwdj5v67r34rqmmr9xxsh,12728577283,
707d35794039f35a2b1f29d53143926c514546dbc62f6ce916dfbf59e7a5e849,2023-08-12T09:11:46.616000,received,kaspa:qqs8x62sspetrz5fqd3szhqmclf9azlm8wzkn4c2fwdj5v67r34rqmmr9xxsh,7910470129,
8df8a82a701e9466807ee7b9cedcb88fd6e4bd8cbed16c4d6f35ead1199de4ab,2023-08-08T05:29:08.367000,received,kaspa:qqs8x62sspetrz5fqd3szhqmclf9azlm8wzkn4c2fwdj5v67r34rqmmr9xxsh,5002828878,
5a860c6a5d50449885bc3da7b98638d5e1dc02edd9ff2e9311fc36ee2b4c9dd0,2023-08-05T02:45:35.226000,received,kaspa:qqs8x62sspetrz5fqd3szhqmclf9azlm8wzkn4c2fwdj5v67r34rqmmr9xxsh,5034939205,
5a860c6a5d50449885bc3da7b98638d5e1dc02edd9ff2e9311fc36ee2b4c9dd0,2023-08-05T02:45:35.226000,received,kaspa:qqs8x62sspetrz5fqd3szhqmclf9azlm8wzkn4c2fwdj5v67r34rqmmr9xxsh,5034939205,
