tx_id,timestamp,direction,peer_address,amount_sompi,cex_label
eca4a5e3b4f45b6f6d9bcc3f1951348592b203fca5b3d6b7b08ff154dc959fd5,2024-11-18T04:55:05.232000,sent,kaspa:qqnqv3rvnctfyrjteurqm0gmqfu7yjg3949yxpyxxfa4rgm9nt2zxauwq8xvs,2655000000000,
eca4a5e3b4f45b6f6d9bcc3f1951348592b203fca5b3d6b7b08ff154dc959fd5,2024-11-18T04:55:05.232000,sent,kaspa:qprn8ajhc6sp4xfu6cl00c57nx7fu5wjdlnht7xaf6nphehd747vztdxtt7qp,5171758960,
e8ea9cd696a7cf224e5f9888412a7a6bd2c0d9f6b01a8acc29369e1c0b4d89ab,2024-11-18T01:29:44.614000,received,kaspa:qrvesfle0aw784e7zwhcshrscqls9f5a9d90wegwa3y4lzfhm8mmxzt9prfy7,15484463482,
e8ea9cd696a7cf224e5f9888412a7a6bd2c0d9f6b01a8acc29369e1c0b4d89ab,2024-11-18T01:29:44.614000,received,kaspa:qqmdrrlznz7cgax9jvefm4g4fwtsnnz8r96574qduyjakmyd5rtgc3a4rx0qr,15484463482,
