tx_id,timestamp,direction,peer_address,amount_sompi,cex_label
606406af2e44df092783752f84d66b2053b0cef7b59982f9d7511fd22ccbd9db,2023-12-13T06:28:32.378000,sent,kaspa:qz3ajr6agukszl2u8xakclv7tgdhhv69ghl49yvcrepwah9u29wxqg2mqq8dr,170990000,
606406af2e44df092783752f84d66b2053b0cef7b59982f9d7511fd22ccbd9db,2023-12-13T06:28:32.378000,sent,kaspa:qz3ajr6agukszl2u8xakclv7tgdhhv69ghl49yvcrepwah9u29wxqg2mqq8dr,170990000,
e4c2bf4d3076eea4a53a3e4bee588b9813f4b39e44f3bbc28e278893e39b343b,2023-12-13T02:06:39.128000,received,kaspa:qypswxtcrv4ssyjaswy5w9387vq73mkuyq85tl34cee6qn5uexqy0csgnafnjx7,171000000,
446f7886a6a3791ec98c50e8196fa5733b5886b94d581eb3ad64fee657640f4a,2023-11-29T18:02:21.989000,sent,kaspa:qypwgwxz7tr0cjzzp5mkezkclqq37z4am3hjw98fegq65rxd83s5q7crdl2yrlg,18000000,
a3c8242df9784bd3d81d30a2db59582941c1f35063e1218420ea6112b87c24b9,2023-11-29T15:15:27.566000,received,kaspa:qz3ajr6agukszl2u8xakclv7tgdhhv69ghl49yvcrepwah9u29wxqg2mqq8dr,18020000,
