tx_id,timestamp,direction,peer_address,amount_sompi,cex_label
80a929be497b69c6d6b3001c91c9a1dd2e86ad81a3fc3dff6da9a79022f30820,2024-03-25T00:39:54.968000,sent,kaspa:qq9zagcza4jt76eev9jl5z0nqhe0thcu7js8larktj4sle7lvgnw7sfcewlty,2900000000,
74ca65bac81eb5cc6aa4923499600cb157558ba8fea2ddba33b3a12a17427de9,2024-03-25T00:15:22.054000,received,kaspa:qq7vz5nnhm367mds5dn42wkf0ztkvsrnpy75sqcw4ut7lu5qhvftse9kskzn3,3000000000,
bddd3c297d6c62e727985376930f1abb996c34f989f59e699e96a7c044820793,2024-03-25T00:11:45.609000,sent,kaspa:qqwrnxqjc4fm7kysf04fkv8k8t0fta930g20dlyl4dy2thptevam60cs5c77a,1099000000,
bddd3c297d6c62e727985376930f1abb996c34f989f59e699e96a7c044820793,2024-03-25T00:11:45.609000,sent,kaspa:qqwrnxqjc4fm7kysf04fkv8k8t0fta930g20dlyl4dy2thptevam60cs5c77a,1099000000,
bddd3c297d6c62e727985376930f1abb996c34f989f59e699e96a7c044820793,2024-03-25T00:11:45.609000,sent,kaspa:qqwrnxqjc4fm7kysf04fkv8k8t0fta930g20dlyl4dy2thptevam60cs5c77a,1099000000,
e950fada90604c56f90f1ce553a1d46b03da7b9d69db395b54716d4efab4c985,2024-03-25T00:07:44.822000,received,kaspa:qz0rg0sq2pd2x55gsxcvhw058uma976n6jkn5ym34wmvfj7x9a0wgl8fms9c2,1000000000,
049ee40eba17132bacd26959e4bc6222791d2faa35f9d78182601af61f10bea8,2024-03-25T00:04:41.206000,received,kaspa:qz7lxuxs5s04vpt9hgcr0sltu2v67r9mx2j22f0xe7xae57ytlkk64py9jp73,99000000,
0ed4ba927d881aa6ea38cc97598f32ebe95e1deb4e02f8bf06be505b6c2b4128,2024-03-25T00:01:54.089000,received,kaspa:qr5k4xn02q2n7492urungn9y572452hg7jhgr7m34cgtvd09tql96k5gwwec5,100000,
