tx_id,timestamp,direction,peer_address,amount_sompi,cex_label
8effc623826b6a575cf26ca97672e1aa4f37a93de2b6ac50c1782406257ecac4,2023-12-08T11:25:49.229000,sent,kaspa:qzhlzs9jthmvsun33fswpz9dtjpwa2e535jnj7xrlf7vepgd4ndc6hqqk0hke,100000000000,
8effc623826b6a575cf26ca97672e1aa4f37a93de2b6ac50c1782406257ecac4,2023-12-08T11:25:49.229000,sent,kaspa:qqm6rs3pvd3zn4yann3m3w78km2th4r7hcjw0sf295eqc7jk2zhax9s5m756t,49455363997931,
917e72382f1ae25070c15e7e007865e99b15c2ed73669438d015b52481eaed40,2023-12-08T11:06:15.430000,received,kaspa:qrqe8qj7d08x7r58hr39p9l3pjth7tefgp3tpfgnalp72333grt5w03f87re0,49555364000000,
917e72382f1ae25070c15e7e007865e99b15c2ed73669438d015b52481eaed40,2023-12-08T11:06:15.430000,received,kaspa:qrqe8qj7d08x7r58hr39p9l3pjth7tefgp3tpfgnalp72333grt5w03f87re0,49555364000000,
