tx_id,timestamp,direction,peer_address,amount_sompi,cex_label
0701a112c4c696958004c8279e30764ca3fb626f03bcb222ba5811e9c800a752,2023-12-13T08:42:32.655000,sent,kaspa:qqh06puhtgsu5utuakvv88ewhppn4dtp0k4a2df0xxga6ytg5p7vzcs0tuml5,14363160000,
574129820f0e8bae3e2cfb37aedd60f51eb9d4d40f426bec408ecb78277b65fd,2023-12-12T21:22:48.027000,received,kaspa:qypswxtcrv4ssyjaswy5w9387vq73mkuyq85tl34cee6qn5uexqy0csgnafnjx7,171000000,
4ef2568583e78706cc2b6b4c24303ac39d5f7f0417d45d0208866293e10725b9,2023-11-29T12:44:38.795000,sent,kaspa:qyp4nflmmwqehrn3szr0gcarmu7u3a4panes29qt7tys8wfy7aagxussxcrnty5,18000000,
4ef2568583e78706cc2b6b4c24303ac39d5f7f0417d45d0208866293e10725b9,2023-11-29T12:44:38.795000,sent,kaspa:qqk99z5cugkkhcjksn524pzs7xmg2elyg44qxk9yc5lwx8p7yhdnueuxq8nnl,1560390000,
2641d80876cc618fd4c7675eb7b0cc73ec4dd993915a99065103cb64816e0cbe,2023-11-29T12:36:33.228000,received,kaspa:qqgywed3r5xsslkuy3p7rw7x8svlp2nwjlsch39rc37d368tcr4hw3pch5drw,1578400000,
