tx_id,timestamp,direction,peer_address,amount_sompi,cex_label
9eb40ad3ecf05d69db88c5cd066144f1e181896ded72ce61a0b5147bdb27bce4,2023-02-19T00:33:29.984000,sent,kaspa:qrdaxneeke2u0r8jtv73r7hs873sgpg8jk4d4xtt94m8p9fmk85cwjs3yzxy8,3650897600000,
9eb40ad3ecf05d69db88c5cd066144f1e181896ded72ce61a0b5147bdb27bce4,2023-02-19T00:33:29.984000,sent,kaspa:qq26mnejxjljx36gu36z3ese5d36tuz9vf543yu5w4249fw26ad6yvpukk8x2,14463015642,
73f6973f2964a3c8428e8de1b33cc225964ce1a600b39db317c34637c2effde0,2022-11-24T15:31:18.664000,sent,kaspa:qz54nrm6j8cpgj4d77pltcspt09a55g75qx0duhw3slrurykv4v3gn5c2vp0x,54145699134354,
2604964317e1f5814e0291e3a82d7804f1aa58e74a1a3da9bf87aada55844372,2022-11-13T20:10:55.301000,sent,kaspa:qzhhra3a3mc9x90dy2dv6g4m6fl020wlljf6x9y8afwkah8w8wuq7k4hq8004,24546019600000,
2604964317e1f5814e0291e3a82d7804f1aa58e74a1a3da9bf87aada55844372,2022-11-13T20:10:55.301000,sent,kaspa:qpqadk9h6n55nl7cgw2sh6360z07ka5233d84zcskmmdhe0h6gqf7zd2cdgrw,1158930651531,
1975b480ff35340556eaf93ee4180c7ebf8fca0443eea78b2f4aab787f63d15d,2022-11-10T19:35:16.130000,sent,kaspa:qpc4dwq44llqjaf4alnh4e5mdh9vkyqr9ttgm9yjkvrwd8m7d6rnqpd3vdzs2,77428387200000,
1975b480ff35340556eaf93ee4180c7ebf8fca0443eea78b2f4aab787f63d15d,2022-11-10T19:35:16.130000,sent,kaspa:qqupunh35cs6rmaygtq0a7vytufgqqhe45zsw70vqxqv5j46hqll65p5skj0p,528078072638,
abdbf6f20aa036f4306002b6699dba0399776d333b63088302f1c718951322b6,2022-11-08T13:00:58.105000,sent,kaspa:qzxqj5c7ymvjpxdxadpmth0lcpxhp25tv7gck7yl0cwxfjhw35mjy2jc5644c,58100436416000,
abdbf6f20aa036f4306002b6699dba0399776d333b63088302f1c718951322b6,2022-11-08T13:00:58.105000,sent,kaspa:qpf8vda922f9zjy99ccrr0wdazvjva7tvkzelx870wcdphutax3lkald5fntc,502151984381,
5bdeaf8d367c1f6491501d75283ff44f44c35fddeb746f43ecea6b6ca582c6b1,2022-10-06T08:41:59.517000,sent,kaspa:qqvpyyuxqxfla0zu3su4wskckdu4gkzqtt6ljrj9a2nmka9uxpfcwg00ksll9,6967769512000,
5bdeaf8d367c1f6491501d75283ff44f44c35fddeb746f43ecea6b6ca582c6b1,2022-10-06T08:41:59.517000,sent,kaspa:qzf9ld96a4eg32f7k055tnc47yq5eva0zg7luk7wrpghnqtpsgc4xuyryyaps,2933183238000,
5d32f451f65cd7ee2926ec16442db8d315c060120fb8ca76c3bfb16f75783a23,2022-10-04T08:07:30.032000,sent,kaspa:qqa6s945g54rfg762wn2ggek83r6f63qp87tkdjzpyen5nq07jnjkh7r45l0q,199999500000000,
5d32f451f65cd7ee2926ec16442db8d315c060120fb8ca76c3bfb16f75783a23,2022-10-04T08:07:30.032000,sent,kaspa:qrasnu5s9uerndp3ya0fz0mum9ppy3tzvt9utvwckjv27v5u79aggd33rvckg,1218034000759,
5d32f451f65cd7ee2926ec16442db8d315c060120fb8ca76c3bfb16f75783a23,2022-10-04T08:07:30.032000,sent,kaspa:qqa6s945g54rfg762wn2ggek83r6f63qp87tkdjzpyen5nq07jnjkh7r45l0q,199999500000000,
5d32f451f65cd7ee2926ec16442db8d315c060120fb8ca76c3bfb16f75783a23,2022-10-04T08:07:30.032000,sent,kaspa:qrasnu5s9uerndp3ya0fz0mum9ppy3tzvt9utvwckjv27v5u79aggd33rvckg,1218034000759,
b9b2460eba448df557caa2e9624504c8658414c23ab4fac78842396df7a15279,2022-10-03T09:34:54.958000,sent,kaspa:qqafre453kkgzw9n0dqv2tu0kd6dpz0yrkrh002j9gluau0hd43qznnelrd07,65579526400000,
b9b2460eba448df557caa2e9624504c8658414c23ab4fac78842396df7a15279,2022-10-03T09:34:54.958000,sent,kaspa:qpzf6upvg2nkpkh0teaqr3edqec5dhg3xjl95k7wy66kl7waaqxuuwwzxfxd3,1685498841381,
ea050978f29a24ea84097c0d281431e55b489f031e1ee4078f6c4caf80df32c6,2022-09-27T16:12:50.178000,sent,kaspa:qq4mkl54fhgvwzayzgeyuhe60ts7k3mze0uw4z48pawqv0yty8tu5nzv40e5r,133128577585900,
ea050978f29a24ea84097c0d281431e55b489f031e1ee4078f6c4caf80df32c6,2022-09-27T16:12:50.178000,sent,kaspa:qrwu46gxvs5k93f5uwmm7wahgnqagsp0hsm7xkjzmfjqmh2hhju7wnsr6x4u8,779411800041,
bd95dcb566b83280ae7dabf2cc4f35d6148e821e380e5e7ecb0132cc20ceb983,2022-09-27T13:26:18.643000,sent,kaspa:qpu6hjatwk7fne90gc0fm477ct3tmu03uguuacxw8z7qncr963wr2edpdp3fq,19999500000000,
bd95dcb566b83280ae7dabf2cc4f35d6148e821e380e5e7ecb0132cc20ceb983,2022-09-27T13:26:18.643000,sent,kaspa:qq6m9kftvazxwps4u8nyvuyev9pyml090pdgx8h7vfq98f4470vp2aldye0zx,24633910222,
e55f3e0f670fcb2349055c1d76da2299676b2757dc48ef11bac7e119dda1c21b,2022-09-27T12:44:35.809000,sent,kaspa:qrdyqcmw77pvyw9kn5sawd0swm9a4agc8wsracyf7zatlwer04yqyln46t4xy,366737417231537,
6ee57b84cc42d6f4168b38f89516628ac471bd2703abfbabd5c8cde4cdc95714,2022-09-27T12:36:53.397000,sent,kaspa:qqwfrcd9grwm6emugqrd6srytdkwsp832jc8jkqrmfwp7u8zvft0xzlpqqsvu,209277424800000,
6ee57b84cc42d6f4168b38f89516628ac471bd2703abfbabd5c8cde4cdc95714,2022-09-27T12:36:53.397000,sent,kaspa:qpe6er2cepgpg240rj8pz9j8p4qr4dral0e6vp6nlqhg2q6mu87k2grh8rvqg,1292963729573,
e58ea59484048ffff3c82c97d7a9b238e15e5d79302e3584d9915224d37a77ad,2022-09-27T12:09:23.574000,sent,kaspa:qzcafc307wp025p7055jy9dt7zjrnl78mfqje6uz6zr89fxljad8x0h5mljym,49999500000000,
e58ea59484048ffff3c82c97d7a9b238e15e5d79302e3584d9915224d37a77ad,2022-09-27T12:09:23.574000,sent,kaspa:qpzpwhum5pe6y78324s8yln2ggqjctjl6s4209mlyxrh999sg5d9yz2r8wc2f,1658130753882,
13884c19ea534ee0836d35f1786d1207f32c04db2df77b68892aa1d73c02bce0,2022-09-27T11:23:50.881000,sent,kaspa:qqhd0nelv4tczdy7kx3s68wjjwydutls8rjydj5eahvmkkkhhw7xsal2aezlk,76184601200,
13884c19ea534ee0836d35f1786d1207f32c04db2df77b68892aa1d73c02bce0,2022-09-27T11:23:50.881000,sent,kaspa:qp6tm8unvc847v9r3awg9ctx9nvw60xayv9mdehtnet70pegv60mcm9td0jws,4493215388800,
2e175fc0b58429f35fffb8033f40e59d7a085ede0fd5a365b68f8d6cbdc66fbf,2022-09-27T11:10:14.577000,sent,kaspa:qzv3futvxksaa4entteu2y84y0zk3x906cc7a9mzv40v0zdg9l75s40lyugfh,13700000000,
2e175fc0b58429f35fffb8033f40e59d7a085ede0fd5a365b68f8d6cbdc66fbf,2022-09-27T11:10:14.577000,sent,kaspa:qz33mqjmmp3gwu4f2xltf6kfv87j7gunwt5etwf4z60f0v5ffktz6mx8uhhl6,4595966990000,
fa79aeb4aac17435173bdd4056a89c1c0f6ff389280b0038a5c567147bac8b4b,2022-09-21T20:55:31.533000,sent,kaspa:qpmyvfj8wmc6lyc8q5893qhhjy5h4sfj2ckrjz5kzgwrdznrtngjc6uu5cexk,1500000000,
fa79aeb4aac17435173bdd4056a89c1c0f6ff389280b0038a5c567147bac8b4b,2022-09-21T20:55:31.533000,sent,kaspa:qp5eln0ckcy6t5sw6nkh64749mpglpn3ulrl9wa4gsvrv0kshj6fcpd0gulqj,4672999990000,
bcf13c736704957db5155bb250da25b926c0880dc5977aec08addcdf2825b695,2022-09-20T17:01:04.619000,sent,kaspa:qq2senx6tj9a032xa9nn9awtn0tnlywsf4dv6jl60uyuap6xkvyy75uwu4csv,50435649496,
bcf13c736704957db5155bb250da25b926c0880dc5977aec08addcdf2825b695,2022-09-20T17:01:04.619000,sent,kaspa:qrz0p888aldsc5ulm4cm4py78g6nkyxzhpfdxxz3r4r3ecx0sa9jj8pxhksmx,4663729340504,
d0cc579c970e3bbf771d164fd9e1dc70f969afb8224561b3e2d1d18ad5212ded,2022-09-19T14:31:17.752000,sent,kaspa:qq2senx6tj9a032xa9nn9awtn0tnlywsf4dv6jl60uyuap6xkvyy75uwu4csv,10020858807,
d0cc579c970e3bbf771d164fd9e1dc70f969afb8224561b3e2d1d18ad5212ded,2022-09-19T14:31:17.752000,sent,kaspa:qzhl3y024lqdm5ur0f5s60gn6ay39rxx88x4d8lzl65th0wnmh8kwxaawc42s,4985739129124,
83fc3f4d4797bd5970bc8e5eb87f3ab67fed8542e9ca5c78fb2a2adae12679bc,2022-09-17T21:19:53.523000,sent,kaspa:qq2senx6tj9a032xa9nn9awtn0tnlywsf4dv6jl60uyuap6xkvyy75uwu4csv,112700000000,
83fc3f4d4797bd5970bc8e5eb87f3ab67fed8542e9ca5c78fb2a2adae12679bc,2022-09-17T21:19:53.523000,sent,kaspa:qq4rwl9gcckwuqjuphjcuclzjc3y0t8yas6t7wh5fefsag2h536xwf62ztf7c,5016355990000,
d46bc504772aa1e5b86b94364ebd119d254955bb133fb9b04e20c34412d8176f,2022-09-09T15:02:18.319000,sent,kaspa:qqtmjy0z22hjxtchdt8ksjjdt9husyj7pjqx5wt9zjfep30wqe3ezehyk9n2q,992892742924395,
174a1bf2a496001c6352f78de30036bbdc59d1d612b689ca66ad977381e7af1b,2022-09-07T23:21:13.218000,sent,kaspa:qq2senx6tj9a032xa9nn9awtn0tnlywsf4dv6jl60uyuap6xkvyy75uwu4csv,33424319325999,
174a1bf2a496001c6352f78de30036bbdc59d1d612b689ca66ad977381e7af1b,2022-09-07T23:21:13.218000,sent,kaspa:qq9szs57c9ynvv52m6ggjkk8eultan62390jskuwwpuck3wwmunc5n7a8u2nt,3413576717146,
fa5472ca6c8216de832b11d407e15e7bf3c718f56c6cdf11a4baa444cf089174,2022-08-29T16:33:27.077000,sent,kaspa:qq2senx6tj9a032xa9nn9awtn0tnlywsf4dv6jl60uyuap6xkvyy75uwu4csv,30049995629,
fa5472ca6c8216de832b11d407e15e7bf3c718f56c6cdf11a4baa444cf089174,2022-08-29T16:33:27.077000,sent,kaspa:qpdzkg6ru0qkk8pyt3hr9eth0zluresydclu37s929a9rwh4esxt5xjj37tnw,8857877994371,
b9ceb398e8afa2d8a8f08fe24f3b66df0078eb40a0fea36492e343e3983da1a5,2022-07-02T19:43:30.808000,received,kaspa:qqkvnje2jn3hmswr58n08e2jhxjwxnzfcm49pf6ee0ml9qxvar98x8f54fhc8,1719040299999,
b9ceb398e8afa2d8a8f08fe24f3b66df0078eb40a0fea36492e343e3983da1a5,2022-07-02T19:43:30.808000,received,kaspa:qzrl306h88r6tlsucf40gaz6zhwldm50e0es7qwe8q5m53weuph6xf8yct5qx,1719040299999,
adc843c2bbe861d8d0f0a5db8e50349a3e28cf5960e3c3542f3a6898a2d6cd5b,2022-07-02T07:35:27.880000,received,kaspa:qzkg66stna5hkzdvuhykn6wfvdvjk96guxc8mlwkk2f9d8vrk0qlq3j27g6zq,2023918000000,
adc843c2bbe861d8d0f0a5db8e50349a3e28cf5960e3c3542f3a6898a2d6cd5b,2022-07-02T07:35:27.880000,received,kaspa:qzrl306h88r6tlsucf40gaz6zhwldm50e0es7qwe8q5m53weuph6xf8yct5qx,2023918000000,
8d63d1fadc9988fac47aaee53fa7c9353e81a8d68592d1ac14366327122892a3,2022-07-01T18:55:45.653000,received,kaspa:qzuhpvtjuap20l3f50lea0x4emn74u38846kq2lnmvr6tydvlke05c8qcffn6,4609667000000,
8d63d1fadc9988fac47aaee53fa7c9353e81a8d68592d1ac14366327122892a3,2022-07-01T18:55:45.653000,received,kaspa:qzrl306h88r6tlsucf40gaz6zhwldm50e0es7qwe8q5m53weuph6xf8yct5qx,4609667000000,
f314df61bbd5a1edc830b7e7c41b075b824db83229e192d23cf41d4eabc83f27,2022-07-01T06:37:06.662000,received,kaspa:qr9cv796wvn7v52t87z6ruvcsap5asd2y4ht7crm0asudp8v9ger564fmur89,4714165000000,
f314df61bbd5a1edc830b7e7c41b075b824db83229e192d23cf41d4eabc83f27,2022-07-01T06:37:06.662000,received,kaspa:qzrl306h88r6tlsucf40gaz6zhwldm50e0es7qwe8q5m53weuph6xf8yct5qx,4714165000000,
16ac45ddde0cedba00ab27acb71ca745581b75598f1382691040c5e4cfcc5650,2022-06-30T18:43:12.130000,received,kaspa:qqjl0c4f8x523cfs5ert45dxqu0hlagwstnmfcw00u4dgyf3mtuzu3lg3guy7,4247990000000,
16ac45ddde0cedba00ab27acb71ca745581b75598f1382691040c5e4cfcc5650,2022-06-30T18:43:12.130000,received,kaspa:qzrl306h88r6tlsucf40gaz6zhwldm50e0es7qwe8q5m53weuph6xf8yct5qx,4247990000000,
2bc18041e2dd15209a0d35e410a792b93a13381c9f8ce0b9baa78a3aa71b8e20,2022-06-30T06:46:33.134000,received,kaspa:qqn74990csrhmlt2vfy9j77g2uwxzsfvjymec80jx5kz78t5ewg3j7lxh5xje,4674500000000,
2bc18041e2dd15209a0d35e410a792b93a13381c9f8ce0b9baa78a3aa71b8e20,2022-06-30T06:46:33.134000,received,kaspa:qzrl306h88r6tlsucf40gaz6zhwldm50e0es7qwe8q5m53weuph6xf8yct5qx,4674500000000,
973fc62812475dd86f42e5908e9b02e6bae9cdab5aeb9d29a70a302c55b3d590,2022-06-29T18:59:12.367000,received,kaspa:qphe7tqead7hyec5pa82adyrjhhad35rr29g6dj3lwj4gde2f0g4c0fz3epr9,5129056000000,
973fc62812475dd86f42e5908e9b02e6bae9cdab5aeb9d29a70a302c55b3d590,2022-06-29T18:59:12.367000,received,kaspa:qzrl306h88r6tlsucf40gaz6zhwldm50e0es7qwe8q5m53weuph6xf8yct5qx,5129056000000,
3007c29366a333a97a9c762c782a6dd6af57d6522c32cf6fffa95ee9c13ff248,2022-06-29T07:31:07.145000,received,kaspa:qqgsn5pw99cg2scwty7xq4f2j3apca52rwm8zjft85djcq5ft7dqvdp8tulj5,4569400000000,
3007c29366a333a97a9c762c782a6dd6af57d6522c32cf6fffa95ee9c13ff248,2022-06-29T07:31:07.145000,received,kaspa:qzrl306h88r6tlsucf40gaz6zhwldm50e0es7qwe8q5m53weuph6xf8yct5qx,4569400000000,
e5a678fa1bc63c27371bed28114761b086dfcfd3d9b51cc2cd5309c7c38e9fb4,2022-06-28T19:36:33.674000,received,kaspa:qqcwdztzhpmu564te6nmf536hk3ksxdl8sfsc6qqygyr2g0qt8ndkml0a7rjq,8887928000000,
e5a678fa1bc63c27371bed28114761b086dfcfd3d9b51cc2cd5309c7c38e9fb4,2022-06-28T19:36:33.674000,received,kaspa:qzrl306h88r6tlsucf40gaz6zhwldm50e0es7qwe8q5m53weuph6xf8yct5qx,8887928000000,
9ce34dabc7049e9242703e700f0ed7389b3664615f1279ff8edcebb760cdaea4,2022-06-28T07:50:47.293000,received,kaspa:qzzhpd5pcnf8jr3g7q2n85l875ungl49qxd8ygeenlkpy638pmv6j0a7lv494,4183800000000,
9ce34dabc7049e9242703e700f0ed7389b3664615f1279ff8edcebb760cdaea4,2022-06-28T07:50:47.293000,received,kaspa:qzrl306h88r6tlsucf40gaz6zhwldm50e0es7qwe8q5m53weuph6xf8yct5qx,4183800000000,
12f93422f99512d39e5fe556b813f6d489d1cf25553ed8c48aaeeac6f66b947b,2022-06-27T08:21:12.557000,received,kaspa:qzzxugeltxxcqr7dfxwau939w08eatx2l0dstftx6mc87shjvzzv5wu9yuavl,3623133999999,
12f93422f99512d39e5fe556b813f6d489d1cf25553ed8c48aaeeac6f66b947b,2022-06-27T08:21:12.557000,received,kaspa:qzrl306h88r6tlsucf40gaz6zhwldm50e0es7qwe8q5m53weuph6xf8yct5qx,3623133999999,
1cd977ec7ce8ce7f74ba60aad59ca6f2914339644e1acc2b8745a2524e3825d3,2022-06-26T19:14:02.093000,received,kaspa:qzns738et6jgnn4t2pykzng8097ky48apw2ud7l7hg27nzex342dgeha9m49m,3838737000000,
1cd977ec7ce8ce7f74ba60aad59ca6f2914339644e1acc2b8745a2524e3825d3,2022-06-26T19:14:02.093000,received,kaspa:qzrl306h88r6tlsucf40gaz6zhwldm50e0es7qwe8q5m53weuph6xf8yct5qx,3838737000000,
e7ce2de6fcc8b40e35964264bb03de22c5fe2b2064fe7090d1b00b9289943c00,2022-06-26T07:35:19.091000,received,kaspa:qq976tsl84v8yzrkj6fakk4pw096etrf87923843g7ha8hc3rkeku6nq2afvn,1204246000000,
e7ce2de6fcc8b40e35964264bb03de22c5fe2b2064fe7090d1b00b9289943c00,2022-06-26T07:35:19.091000,received,kaspa:qzrl306h88r6tlsucf40gaz6zhwldm50e0es7qwe8q5m53weuph6xf8yct5qx,1204246000000,
6a7880d709ccca254b01295820ecbfb682d912a06e35729bef3192a396808f8e,2022-06-26T01:41:09.344000,received,kaspa:qpzsmzpkgpmq2la4pk7d3mxzurthg6z4xjuvfazcz7dmddv8h7l97xy97hune,3300476390000,
6a7880d709ccca254b01295820ecbfb682d912a06e35729bef3192a396808f8e,2022-06-26T01:41:09.344000,received,kaspa:qzrl306h88r6tlsucf40gaz6zhwldm50e0es7qwe8q5m53weuph6xf8yct5qx,3300476390000,
0acdf857e5de49e6fad35c859855e132634b041e0644243f5edd018f2a5744c4,2022-06-25T07:28:50.897000,received,kaspa:qrp6q99hfjhswhpghadh5swef2empjfu5lszy9ynmwrp495ummrtvux6fewqr,3723496000000,
0acdf857e5de49e6fad35c859855e132634b041e0644243f5edd018f2a5744c4,2022-06-25T07:28:50.897000,received,kaspa:qzrl306h88r6tlsucf40gaz6zhwldm50e0es7qwe8q5m53weuph6xf8yct5qx,3723496000000,
c1f14abaab2ef5d3f1e6338b7cd3ff664c3dc2d5a0de985da828f85bafc3cfd3,2022-06-24T19:16:25.159000,received,kaspa:qr388krptjzaqp74u7u02u64cr6t8ztentafqcugzu922ak334zpys0a4pltj,7367059000000,
c1f14abaab2ef5d3f1e6338b7cd3ff664c3dc2d5a0de985da828f85bafc3cfd3,2022-06-24T19:16:25.159000,received,kaspa:qzrl306h88r6tlsucf40gaz6zhwldm50e0es7qwe8q5m53weuph6xf8yct5qx,7367059000000,
e30be7ec2e346889f5969c7d52a6a32b1ddfdb0b394f695e0a7077c986945cdc,2022-06-24T09:18:03.161000,received,kaspa:qp6r4kugacyp8zxh8g9c73axvx6r934ht7h53a6qx4ykrjpdq4856urazcp6s,3573808800000,
e30be7ec2e346889f5969c7d52a6a32b1ddfdb0b394f695e0a7077c986945cdc,2022-06-24T09:18:03.161000,received,kaspa:qpchmacuncczntjvd0dfq0qqmlnfk2gqfxrxezp9wwsdpshe5d0qv0gk2034u,3573808800000,
c17784b57d5962cf659e1ff90f5412a63e6a1f6d6936fc013c2352ad9d8abdc3,2022-06-24T09:17:15.163000,received,kaspa:qr8rjtdf9yz0lnz8898yld2fdsesdesm7pa84tg2q988s27t78nkzdu0jkhdc,4310408700000,
c17784b57d5962cf659e1ff90f5412a63e6a1f6d6936fc013c2352ad9d8abdc3,2022-06-24T09:17:15.163000,received,kaspa:qzrl306h88r6tlsucf40gaz6zhwldm50e0es7qwe8q5m53weuph6xf8yct5qx,4310408700000,
3cfe63c4ae603f7fcb6fde10ac2f71b563e2daa254b0149d2b16b4131ae52349,2022-06-23T20:10:16.958000,received,kaspa:qpchmacuncczntjvd0dfq0qqmlnfk2gqfxrxezp9wwsdpshe5d0qv0gk2034u,4995759997931,
72eab60677a1923336913d00be75ca1b392b1b34faeecb53710fd6b651700009,2022-06-23T07:28:03.201000,received,kaspa:qr36zdxs0dn3n0h799jhdl02qks5742lxjgmfsfj9xmlca7n4l6mw0s0n48nx,44613948227,
72eab60677a1923336913d00be75ca1b392b1b34faeecb53710fd6b651700009,2022-06-23T07:28:03.201000,received,kaspa:qr36zdxs0dn3n0h799jhdl02qks5742lxjgmfsfj9xmlca7n4l6mw0s0n48nx,44613948227,
7e8c340272b83651c7f9b4ae360ae9a23becb486e9a869d7ead6ac85ef10e2d5,2022-06-22T19:52:15.195000,received,kaspa:qqxqeu8jcucs4nxtnpy4lwx7vcg47fvky44ye78mmkxm0hd0wljcq5gedaju6,4004705960000,
924bfd468e27aaac0629ac4e80c3e6595855197e494fee5411021e1432526e68,2022-06-22T19:31:09.564000,received,kaspa:qqsn6lwq340e8l9pv2k7wez3ejzv69y628rqy9yxwu9ge8z390czg37xprw5j,6945666650000,
eb8090fda2bb4fde6b5de57f4bdb4e926e354e91e28773c6c7f3d621be2d8c24,2022-06-22T19:23:36.563000,received,kaspa:qrvznz40t9jt7ujeanksddq2n5lkfjegvwz9u0ncd8r7uf87xese6znkaat0m,615581389279,
