tx_id,timestamp,direction,peer_address,amount_sompi,cex_label
d9e54b648ddcbab5cf340789fc2a3a04327f0153abf76d207709aa56a68954b1,2023-12-18T04:11:24.276000,sent,kaspa:qqyqa6cfzxmnetesl0j77509dp5c0ntk2hsqg9mggkv8leh4xvr25sf8hs74p,171070000,
d9e54b648ddcbab5cf340789fc2a3a04327f0153abf76d207709aa56a68954b1,2023-12-18T04:11:24.276000,sent,kaspa:qqyqa6cfzxmnetesl0j77509dp5c0ntk2hsqg9mggkv8leh4xvr25sf8hs74p,171070000,
71103c474256ce6296a84b6eaa886f3c2b0e9544799be87409cfd943639021b5,2023-12-12T14:23:44.648000,received,kaspa:qypswxtcrv4ssyjaswy5w9387vq73mkuyq85tl34cee6qn5uexqy0csgnafnjx7,171000000,
74a95075ed46b093d0b1cd04427054217d36b5df3b9be0f4dbba250182db24dc,2023-11-28T22:24:49.594000,sent,kaspa:qypsnerqu7yky9urg3ly0xxcj225kp9tjl5w0unmsx4l6utuzlevfvc2d2fpvg2,18000000,
2f89fac4dd2dad693591ee78b68c4732b673be7825caf208148dcd19cb7ff8e9,2023-11-27T22:57:44.787000,received,kaspa:qzjw2ftzs4xh3lje6kusg34xe5atwne40c0ezndrx2sav3udwjgvk2qqmc00l,18100000,
