tx_id,timestamp,direction,peer_address,amount_sompi,cex_label
2292ef4abe233d977ab5c5294f93ced7ed89200df5a0b35bc0beb0e9c2e7fd4f,2023-12-16T04:11:29.556000,sent,kaspa:qzslgwenzu78t6tldlng383g7ruu4enaljmnkgaulyrscjp7ldt26x8gfxck5,171940000,
2292ef4abe233d977ab5c5294f93ced7ed89200df5a0b35bc0beb0e9c2e7fd4f,2023-12-16T04:11:29.556000,sent,kaspa:qzslgwenzu78t6tldlng383g7ruu4enaljmnkgaulyrscjp7ldt26x8gfxck5,171940000,
f5626dfb576f0e144dec8ea93193eb9fb1f7f609aa1ef081a98f8f2685f4775b,2023-12-12T08:34:33.190000,received,kaspa:qypswxtcrv4ssyjaswy5w9387vq73mkuyq85tl34cee6qn5uexqy0csgnafnjx7,171000000,
8d8e9d04e0faac564016534a4e94b6210d10ff30a770d7315f19e8029c852f5b,2023-11-28T11:24:00.677000,sent,kaspa:qypwwkn6se3gtzjpnre9kklmnymln6ezzs94zafvc0ca2ys7fduvytccttklfhq,18000000,
dea80eeac6edb642c1256ee8cbf293d1588876cb1762255130c48f3aaa725e6b,2023-11-27T12:17:38.357000,received,kaspa:qpedmf364umpvsyuzxh5lcnd0uq690kpewh2m64nphtu53uyflsex8djflldj,19000000,
