tx_id,timestamp,direction,peer_address,amount_sompi,cex_label
43d6588f87eeef455c07f8d720fe3d2a37dfd228d266b6a89e171c981a7d8989,2024-02-08T10:14:30.033000,sent,kaspa:qqnqv3rvnctfyrjteurqm0gmqfu7yjg3949yxpyxxfa4rgm9nt2zxauwq8xvs,1890000000000,
43d6588f87eeef455c07f8d720fe3d2a37dfd228d266b6a89e171c981a7d8989,2024-02-08T10:14:30.033000,sent,kaspa:qpj28udds6lq5wvs7zfasn7wtrkd9rd7dm285atqdd5fgha3jf5q6schj7vhx,22681697276,
6eaa1cacb7b1f28dd99937558bbe64be66c58f98aaffd3eec247c236b00be6cf,2024-02-08T02:35:42.515000,received,kaspa:qrld09s355jma6dyz248j6djvfesavhwpw0xkg54tw0qj6cl7sux6gs2tgp8r,42681700496,
6eaa1cacb7b1f28dd99937558bbe64be66c58f98aaffd3eec247c236b00be6cf,2024-02-08T02:35:42.515000,received,kaspa:qp3qmftgxphsul9n6352xf67esgm9fr937j7puwty599krvuqw0vx96m6v8v2,42681700496,
