tx_id,timestamp,direction,peer_address,amount_sompi,cex_label
4ad17e6cf45f330cce582f1baa2fd68f3ae8c42873a5efe9d186ce68534e90c4,2023-12-11T22:01:03.318000,sent,kaspa:qzuhdnrsde85lcjktlhhn28aaltdq2e7p4qhk02m7x335ke8snnsvcr080wg7,170990000,
330d97880dcadba8c269a54088fd2fb4f970bb22a895f98a1edb89a80525df9f,2023-12-08T18:10:31.092000,received,kaspa:qype3mfd4s9y9lvc9qfprut60upxh2p2d424sq3ahymsg40m3yyhnfgpgyqxkn7,171000000,
257e81a1c9e77822f4fd3ff712eeeac98a9e67c30b703008a6ec4a8534c7fdaf,2023-11-21T00:37:16.130000,sent,kaspa:qpq0jydl5t7cxwr9hdpxfycar7fw0qg050w722cq4dn33xqdynn8uckvy3su7,15760000,
257e81a1c9e77822f4fd3ff712eeeac98a9e67c30b703008a6ec4a8534c7fdaf,2023-11-21T00:37:16.130000,sent,kaspa:qpq0jydl5t7cxwr9hdpxfycar7fw0qg050w722cq4dn33xqdynn8uckvy3su7,15760000,
257e81a1c9e77822f4fd3ff712eeeac98a9e67c30b703008a6ec4a8534c7fdaf,2023-11-21T00:37:16.130000,sent,kaspa:qpq0jydl5t7cxwr9hdpxfycar7fw0qg050w722cq4dn33xqdynn8uckvy3su7,15760000,
257e81a1c9e77822f4fd3ff712eeeac98a9e67c30b703008a6ec4a8534c7fdaf,2023-11-21T00:37:16.130000,sent,kaspa:qpq0jydl5t7cxwr9hdpxfycar7fw0qg050w722cq4dn33xqdynn8uckvy3su7,15760000,
257e81a1c9e77822f4fd3ff712eeeac98a9e67c30b703008a6ec4a8534c7fdaf,2023-11-21T00:37:16.130000,sent,kaspa:qpq0jydl5t7cxwr9hdpxfycar7fw0qg050w722cq4dn33xqdynn8uckvy3su7,15760000,
257e81a1c9e77822f4fd3ff712eeeac98a9e67c30b703008a6ec4a8534c7fdaf,2023-11-21T00:37:16.130000,sent,kaspa:qpq0jydl5t7cxwr9hdpxfycar7fw0qg050w722cq4dn33xqdynn8uckvy3su7,15760000,
257e81a1c9e77822f4fd3ff712eeeac98a9e67c30b703008a6ec4a8534c7fdaf,2023-11-21T00:37:16.130000,sent,kaspa:qpq0jydl5t7cxwr9hdpxfycar7fw0qg050w722cq4dn33xqdynn8uckvy3su7,15760000,
257e81a1c9e77822f4fd3ff712eeeac98a9e67c30b703008a6ec4a8534c7fdaf,2023-11-21T00:37:16.130000,sent,kaspa:qpq0jydl5t7cxwr9hdpxfycar7fw0qg050w722cq4dn33xqdynn8uckvy3su7,15760000,
5444657fc46d5491a024c9c58f8d48f19a838ae4a855ddb3f354ae46eb435bcc,2023-11-20T20:32:52.983000,sent,kaspa:qyppen7w3lwkqqua9tdq38dce28u63cn6wfvt22dmtq6s3y7l5jvdtgga520lpk,18000000,
0bcd1c764760aaca08da7f12128b5c412e272ffc292a5cb07a2888c24a1200f6,2023-11-20T19:33:52.689000,received,kaspa:qz3jssrk2893rf6n6v08rd2nelpu59h8afcvedd8fp25frtfuzhsgq7mg9075,1980000,
94592f425f898ac2a8721838dabdef2f0afcb041dfb5c3e3745400fa6a7a5ce2,2023-11-20T19:33:33.245000,received,kaspa:qzlq8pckngnn2cg48gmw9ew6y05yqdkxprcx2vr5z5vrptl4002r6tavjm322,1980000,
b42b32fa8bb9fa0ed04a37f08c329a685729a129f7ff8ec74304c5174e1d84d5,2023-11-20T19:33:06.953000,received,kaspa:qr7vt75pnceh4xmcau4gx97z50qkt89e8gcmczgtxmvhjcw2zn3v6gwglrzs2,1980000,
1241d5ea864d32f0ad6f3c3d7610e9761c8fd59d8b55418ad7ea491838203bd7,2023-11-20T19:32:45.132000,received,kaspa:qzmckr96frjc5hs75cw3x59j8648stxx4yyt70grsmksasyr0xqhg6rdmz9cn,1980000,
30c9cc560d80171818c5a8b0e8095925dccbc6f921f4de2de3b19d6b93a10681,2023-11-20T19:32:11.930000,received,kaspa:qzpzchcsh6vyhg038t35kk4hqyyk0p7dplp3wnk0h3ksl2zygvgv5q7rszgcr,1980000,
bf9050996cc6ea099c09deb3570b99094450fa0f6d5dd7ac093449a2ba97855d,2023-11-20T19:31:26.648000,received,kaspa:qqsm57ljl0emrwfrf25rsftjqcrhysd6v665ft33lxhxe2gvhchxveh0eawft,1980000,
b6b856e15aefad304b6364419742b672bff201823d32ba8db52f0081eafcda53,2023-11-20T19:30:44.179000,received,kaspa:qpfcehd69kankp5s2dg2ghk7yltgjlwtav9y6s84rr3c9c97hjcusqnm0tefw,1980000,
c760a80a6c6f6b20d4cd48c3c1593d86d608c697b95ff5d2ab2c634d7291822a,2023-11-20T19:29:13.560000,received,kaspa:qpe06w3n9depa6n43alf6etlp8qmvtxwd4snhd62aec4jjnpdajmq5czwcesh,19990000,
