tx_id,timestamp,direction,peer_address,amount_sompi,cex_label
10ddef007cb1f0c8498faf9188141b75303065d3ccab4e26c0855cb9acaeef87,2024-12-17T17:07:24.841000,sent,kaspa:qzc0e63vuylffacw4c0485wlc7klhlndcqrx6dr7u8a6emzhyem4vgl86empy,361000000000,
10ddef007cb1f0c8498faf9188141b75303065d3ccab4e26c0855cb9acaeef87,2024-12-17T17:07:24.841000,sent,kaspa:qzc0e63vuylffacw4c0485wlc7klhlndcqrx6dr7u8a6emzhyem4vgl86empy,361000000000,
10ddef007cb1f0c8498faf9188141b75303065d3ccab4e26c0855cb9acaeef87,2024-12-17T17:07:24.841000,sent,kaspa:qzc0e63vuylffacw4c0485wlc7klhlndcqrx6dr7u8a6emzhyem4vgl86empy,361000000000,
10ddef007cb1f0c8498faf9188141b75303065d3ccab4e26c0855cb9acaeef87,2024-12-17T17:07:24.841000,sent,kaspa:qzc0e63vuylffacw4c0485wlc7klhlndcqrx6dr7u8a6emzhyem4vgl86empy,361000000000,
352f21d4f72608217088c504c75198ca3e42cd6f00dc313d9c26cc719f28da34,2024-12-02T10:44:20.949000,sent,kaspa:qret0rw26kapmclgnmjgdx7yrryxxze7rhlcpqcqluw5hrp2c27qgpcamcjvg,16000000000,
352f21d4f72608217088c504c75198ca3e42cd6f00dc313d9c26cc719f28da34,2024-12-02T10:44:20.949000,sent,kaspa:qret0rw26kapmclgnmjgdx7yrryxxze7rhlcpqcqluw5hrp2c27qgpcamcjvg,16000000000,
7c03fd2a0d9ce669a2f1608e0f4ab5588d4451ceb909f2fd4b289509fcbfcef8,2024-11-23T07:36:50.699000,received,kaspa:qzd6sfx3a8gx3q0qjvsts0pc4gj62z8a4kdf6qcndq5fg42wwxpv6sv9ngmg9,200039231836,
7c03fd2a0d9ce669a2f1608e0f4ab5588d4451ceb909f2fd4b289509fcbfcef8,2024-11-23T07:36:50.699000,received,kaspa:qzd6sfx3a8gx3q0qjvsts0pc4gj62z8a4kdf6qcndq5fg42wwxpv6sv9ngmg9,200039231836,
7c03fd2a0d9ce669a2f1608e0f4ab5588d4451ceb909f2fd4b289509fcbfcef8,2024-11-23T07:36:50.699000,received,kaspa:qqu6anems0elchluc8jjf5sqf02d9y4mjjp3y3erdaeyym642pxwu03q6sx0h,200039231836,
7c03fd2a0d9ce669a2f1608e0f4ab5588d4451ceb909f2fd4b289509fcbfcef8,2024-11-23T07:36:50.699000,received,kaspa:qzd6sfx3a8gx3q0qjvsts0pc4gj62z8a4kdf6qcndq5fg42wwxpv6sv9ngmg9,200039231836,
7c03fd2a0d9ce669a2f1608e0f4ab5588d4451ceb909f2fd4b289509fcbfcef8,2024-11-23T07:36:50.699000,received,kaspa:qzd6sfx3a8gx3q0qjvsts0pc4gj62z8a4kdf6qcndq5fg42wwxpv6sv9ngmg9,200039231836,
7c03fd2a0d9ce669a2f1608e0f4ab5588d4451ceb909f2fd4b289509fcbfcef8,2024-11-23T07:36:50.699000,received,kaspa:qzd6sfx3a8gx3q0qjvsts0pc4gj62z8a4kdf6qcndq5fg42wwxpv6sv9ngmg9,200039231836,
7c03fd2a0d9ce669a2f1608e0f4ab5588d4451ceb909f2fd4b289509fcbfcef8,2024-11-23T07:36:50.699000,received,kaspa:qzd6sfx3a8gx3q0qjvsts0pc4gj62z8a4kdf6qcndq5fg42wwxpv6sv9ngmg9,200039231836,
7c03fd2a0d9ce669a2f1608e0f4ab5588d4451ceb909f2fd4b289509fcbfcef8,2024-11-23T07:36:50.699000,received,kaspa:qzd6sfx3a8gx3q0qjvsts0pc4gj62z8a4kdf6qcndq5fg42wwxpv6sv9ngmg9,200039231836,
7c03fd2a0d9ce669a2f1608e0f4ab5588d4451ceb909f2fd4b289509fcbfcef8,2024-11-23T07:36:50.699000,received,kaspa:qzd6sfx3a8gx3q0qjvsts0pc4gj62z8a4kdf6qcndq5fg42wwxpv6sv9ngmg9,200039231836,
7c03fd2a0d9ce669a2f1608e0f4ab5588d4451ceb909f2fd4b289509fcbfcef8,2024-11-23T07:36:50.699000,received,kaspa:qzd6sfx3a8gx3q0qjvsts0pc4gj62z8a4kdf6qcndq5fg42wwxpv6sv9ngmg9,200039231836,
7c03fd2a0d9ce669a2f1608e0f4ab5588d4451ceb909f2fd4b289509fcbfcef8,2024-11-23T07:36:50.699000,received,kaspa:qzd6sfx3a8gx3q0qjvsts0pc4gj62z8a4kdf6qcndq5fg42wwxpv6sv9ngmg9,200039231836,
7c03fd2a0d9ce669a2f1608e0f4ab5588d4451ceb909f2fd4b289509fcbfcef8,2024-11-23T07:36:50.699000,received,kaspa:qzd6sfx3a8gx3q0qjvsts0pc4gj62z8a4kdf6qcndq5fg42wwxpv6sv9ngmg9,200039231836,
7c03fd2a0d9ce669a2f1608e0f4ab5588d4451ceb909f2fd4b289509fcbfcef8,2024-11-23T07:36:50.699000,received,kaspa:qzd6sfx3a8gx3q0qjvsts0pc4gj62z8a4kdf6qcndq5fg42wwxpv6sv9ngmg9,200039231836,
7c03fd2a0d9ce669a2f1608e0f4ab5588d4451ceb909f2fd4b289509fcbfcef8,2024-11-23T07:36:50.699000,received,kaspa:qzd6sfx3a8gx3q0qjvsts0pc4gj62z8a4kdf6qcndq5fg42wwxpv6sv9ngmg9,200039231836,
fe5123b5489188e83b63847ae46bc4f03709d6273a317ddb78f856d619868b30,2024-11-01T13:17:21.772000,sent,kaspa:qzz5dshyv6zdvzlxfgv4c027xa9wy9kx7mjw03ffrk5p6zxj763vuhcuqfe5h,30000000000,
fe5123b5489188e83b63847ae46bc4f03709d6273a317ddb78f856d619868b30,2024-11-01T13:17:21.772000,sent,kaspa:qzz5dshyv6zdvzlxfgv4c027xa9wy9kx7mjw03ffrk5p6zxj763vuhcuqfe5h,30000000000,
fe5123b5489188e83b63847ae46bc4f03709d6273a317ddb78f856d619868b30,2024-11-01T13:17:21.772000,sent,kaspa:qzz5dshyv6zdvzlxfgv4c027xa9wy9kx7mjw03ffrk5p6zxj763vuhcuqfe5h,30000000000,
fe5123b5489188e83b63847ae46bc4f03709d6273a317ddb78f856d619868b30,2024-11-01T13:17:21.772000,sent,kaspa:qzz5dshyv6zdvzlxfgv4c027xa9wy9kx7mjw03ffrk5p6zxj763vuhcuqfe5h,30000000000,
27116e740fc7eccd8a18dc8ee12b83f1e1eeebc4db3335d3a2081bb8ae571961,2024-08-28T03:57:52.516000,received,kaspa:qzlcf7p7kdrm0rmalhydyvkz0hp8hyptcp3yu98c4ylk6qpaf0w65nq9e6p7k,9111112658,
27116e740fc7eccd8a18dc8ee12b83f1e1eeebc4db3335d3a2081bb8ae571961,2024-08-28T03:57:52.516000,received,kaspa:qzlcf7p7kdrm0rmalhydyvkz0hp8hyptcp3yu98c4ylk6qpaf0w65nq9e6p7k,9111112658,
14f2eef745d04190e7cfa77a5899091c6b0e737964df988acb3fca1f508aadb6,2024-07-22T16:11:54.748000,received,kaspa:qzlcf7p7kdrm0rmalhydyvkz0hp8hyptcp3yu98c4ylk6qpaf0w65nq9e6p7k,9652887610,
14f2eef745d04190e7cfa77a5899091c6b0e737964df988acb3fca1f508aadb6,2024-07-22T16:11:54.748000,received,kaspa:qrlksu3pxp6w7gxe8gw7lpajz8u64t5u958ucwveq49gxttaddetg8300l73p,9652887610,
13c843fbe9f4c9aae09bad4ea3acbdf2e872728fb9d63f2f7c03a4a8516fd210,2024-07-19T22:36:56.394000,sent,kaspa:qzez3k84kk3gywe8rtf76xja9kcjzyc78shzpsu73mvwes6hscjuwx6dy4lh4,300000000000,
13c843fbe9f4c9aae09bad4ea3acbdf2e872728fb9d63f2f7c03a4a8516fd210,2024-07-19T22:36:56.394000,sent,kaspa:qzez3k84kk3gywe8rtf76xja9kcjzyc78shzpsu73mvwes6hscjuwx6dy4lh4,300000000000,
13c843fbe9f4c9aae09bad4ea3acbdf2e872728fb9d63f2f7c03a4a8516fd210,2024-07-19T22:36:56.394000,sent,kaspa:qzez3k84kk3gywe8rtf76xja9kcjzyc78shzpsu73mvwes6hscjuwx6dy4lh4,300000000000,
13c843fbe9f4c9aae09bad4ea3acbdf2e872728fb9d63f2f7c03a4a8516fd210,2024-07-19T22:36:56.394000,sent,kaspa:qzez3k84kk3gywe8rtf76xja9kcjzyc78shzpsu73mvwes6hscjuwx6dy4lh4,300000000000,
13c843fbe9f4c9aae09bad4ea3acbdf2e872728fb9d63f2f7c03a4a8516fd210,2024-07-19T22:36:56.394000,sent,kaspa:qzez3k84kk3gywe8rtf76xja9kcjzyc78shzpsu73mvwes6hscjuwx6dy4lh4,300000000000,
f6e99e224a631d6b09c1ac0a0f8bbb70cdb7ba22efa191cbf09dcd568b61a6e1,2024-07-12T04:38:32.332000,received,kaspa:qzlcf7p7kdrm0rmalhydyvkz0hp8hyptcp3yu98c4ylk6qpaf0w65nq9e6p7k,9652887610,
f6e99e224a631d6b09c1ac0a0f8bbb70cdb7ba22efa191cbf09dcd568b61a6e1,2024-07-12T04:38:32.332000,received,kaspa:qzlcf7p7kdrm0rmalhydyvkz0hp8hyptcp3yu98c4ylk6qpaf0w65nq9e6p7k,9652887610,
e8269d87280e8caddaa5fe070e96937f91e3f3e305d7fe5c0ef84fbcbfe0c9d9,2024-06-28T20:01:35.362000,received,kaspa:qzd6sfx3a8gx3q0qjvsts0pc4gj62z8a4kdf6qcndq5fg42wwxpv6sv9ngmg9,140457417546,
e8269d87280e8caddaa5fe070e96937f91e3f3e305d7fe5c0ef84fbcbfe0c9d9,2024-06-28T20:01:35.362000,received,kaspa:qzd6sfx3a8gx3q0qjvsts0pc4gj62z8a4kdf6qcndq5fg42wwxpv6sv9ngmg9,140457417546,
e8269d87280e8caddaa5fe070e96937f91e3f3e305d7fe5c0ef84fbcbfe0c9d9,2024-06-28T20:01:35.362000,received,kaspa:qzd6sfx3a8gx3q0qjvsts0pc4gj62z8a4kdf6qcndq5fg42wwxpv6sv9ngmg9,140457417546,
e8269d87280e8caddaa5fe070e96937f91e3f3e305d7fe5c0ef84fbcbfe0c9d9,2024-06-28T20:01:35.362000,received,kaspa:qzd6sfx3a8gx3q0qjvsts0pc4gj62z8a4kdf6qcndq5fg42wwxpv6sv9ngmg9,140457417546,
e8269d87280e8caddaa5fe070e96937f91e3f3e305d7fe5c0ef84fbcbfe0c9d9,2024-06-28T20:01:35.362000,received,kaspa:qzd6sfx3a8gx3q0qjvsts0pc4gj62z8a4kdf6qcndq5fg42wwxpv6sv9ngmg9,140457417546,
e8269d87280e8caddaa5fe070e96937f91e3f3e305d7fe5c0ef84fbcbfe0c9d9,2024-06-28T20:01:35.362000,received,kaspa:qzd6sfx3a8gx3q0qjvsts0pc4gj62z8a4kdf6qcndq5fg42wwxpv6sv9ngmg9,140457417546,
e8269d87280e8caddaa5fe070e96937f91e3f3e305d7fe5c0ef84fbcbfe0c9d9,2024-06-28T20:01:35.362000,received,kaspa:qzd6sfx3a8gx3q0qjvsts0pc4gj62z8a4kdf6qcndq5fg42wwxpv6sv9ngmg9,140457417546,
e8269d87280e8caddaa5fe070e96937f91e3f3e305d7fe5c0ef84fbcbfe0c9d9,2024-06-28T20:01:35.362000,received,kaspa:qzd6sfx3a8gx3q0qjvsts0pc4gj62z8a4kdf6qcndq5fg42wwxpv6sv9ngmg9,140457417546,
e8269d87280e8caddaa5fe070e96937f91e3f3e305d7fe5c0ef84fbcbfe0c9d9,2024-06-28T20:01:35.362000,received,kaspa:qzd6sfx3a8gx3q0qjvsts0pc4gj62z8a4kdf6qcndq5fg42wwxpv6sv9ngmg9,140457417546,
e8269d87280e8caddaa5fe070e96937f91e3f3e305d7fe5c0ef84fbcbfe0c9d9,2024-06-28T20:01:35.362000,received,kaspa:qzd6sfx3a8gx3q0qjvsts0pc4gj62z8a4kdf6qcndq5fg42wwxpv6sv9ngmg9,140457417546,
e8269d87280e8caddaa5fe070e96937f91e3f3e305d7fe5c0ef84fbcbfe0c9d9,2024-06-28T20:01:35.362000,received,kaspa:qzd6sfx3a8gx3q0qjvsts0pc4gj62z8a4kdf6qcndq5fg42wwxpv6sv9ngmg9,140457417546,
e8269d87280e8caddaa5fe070e96937f91e3f3e305d7fe5c0ef84fbcbfe0c9d9,2024-06-28T20:01:35.362000,received,kaspa:qzd6sfx3a8gx3q0qjvsts0pc4gj62z8a4kdf6qcndq5fg42wwxpv6sv9ngmg9,140457417546,
e8269d87280e8caddaa5fe070e96937f91e3f3e305d7fe5c0ef84fbcbfe0c9d9,2024-06-28T20:01:35.362000,received,kaspa:qzd6sfx3a8gx3q0qjvsts0pc4gj62z8a4kdf6qcndq5fg42wwxpv6sv9ngmg9,140457417546,
e8269d87280e8caddaa5fe070e96937f91e3f3e305d7fe5c0ef84fbcbfe0c9d9,2024-06-28T20:01:35.362000,received,kaspa:qzd6sfx3a8gx3q0qjvsts0pc4gj62z8a4kdf6qcndq5fg42wwxpv6sv9ngmg9,140457417546,
27343227ff340dfd80e430585f7b00d33559fac5cc4e689e09e49d45ee3f1284,2024-06-25T18:07:21.698000,received,kaspa:qzlcf7p7kdrm0rmalhydyvkz0hp8hyptcp3yu98c4ylk6qpaf0w65nq9e6p7k,10226878177,
27343227ff340dfd80e430585f7b00d33559fac5cc4e689e09e49d45ee3f1284,2024-06-25T18:07:21.698000,received,kaspa:qrlksu3pxp6w7gxe8gw7lpajz8u64t5u958ucwveq49gxttaddetg8300l73p,10226878177,
0c6b9ffbb610941b8b5455060717b8a5a8b3577b5d9a73b1aade6603e22e13c0,2024-06-22T11:35:44.901000,received,kaspa:qrlksu3pxp6w7gxe8gw7lpajz8u64t5u958ucwveq49gxttaddetg8300l73p,10226878177,
0c6b9ffbb610941b8b5455060717b8a5a8b3577b5d9a73b1aade6603e22e13c0,2024-06-22T11:35:44.901000,received,kaspa:qrlksu3pxp6w7gxe8gw7lpajz8u64t5u958ucwveq49gxttaddetg8300l73p,10226878177,
b19460a9130b18d1b228f8f46ecb5201fb7a66cbe0988dfb4e478bb838748f1b,2024-06-15T10:29:20.862000,received,kaspa:qzlcf7p7kdrm0rmalhydyvkz0hp8hyptcp3yu98c4ylk6qpaf0w65nq9e6p7k,10226878177,
b19460a9130b18d1b228f8f46ecb5201fb7a66cbe0988dfb4e478bb838748f1b,2024-06-15T10:29:20.862000,received,kaspa:qzlcf7p7kdrm0rmalhydyvkz0hp8hyptcp3yu98c4ylk6qpaf0w65nq9e6p7k,10226878177,
379db0b935bf0f22ad0b50fc21219e1478fa8db4c06823596de5f55b88afab5c,2024-06-14T16:20:48.852000,received,kaspa:qzd6sfx3a8gx3q0qjvsts0pc4gj62z8a4kdf6qcndq5fg42wwxpv6sv9ngmg9,150212072210,
379db0b935bf0f22ad0b50fc21219e1478fa8db4c06823596de5f55b88afab5c,2024-06-14T16:20:48.852000,received,kaspa:qzd6sfx3a8gx3q0qjvsts0pc4gj62z8a4kdf6qcndq5fg42wwxpv6sv9ngmg9,150212072210,
379db0b935bf0f22ad0b50fc21219e1478fa8db4c06823596de5f55b88afab5c,2024-06-14T16:20:48.852000,received,kaspa:qzd6sfx3a8gx3q0qjvsts0pc4gj62z8a4kdf6qcndq5fg42wwxpv6sv9ngmg9,150212072210,
379db0b935bf0f22ad0b50fc21219e1478fa8db4c06823596de5f55b88afab5c,2024-06-14T16:20:48.852000,received,kaspa:qzd6sfx3a8gx3q0qjvsts0pc4gj62z8a4kdf6qcndq5fg42wwxpv6sv9ngmg9,150212072210,
379db0b935bf0f22ad0b50fc21219e1478fa8db4c06823596de5f55b88afab5c,2024-06-14T16:20:48.852000,received,kaspa:qzd6sfx3a8gx3q0qjvsts0pc4gj62z8a4kdf6qcndq5fg42wwxpv6sv9ngmg9,150212072210,
379db0b935bf0f22ad0b50fc21219e1478fa8db4c06823596de5f55b88afab5c,2024-06-14T16:20:48.852000,received,kaspa:qzd6sfx3a8gx3q0qjvsts0pc4gj62z8a4kdf6qcndq5fg42wwxpv6sv9ngmg9,150212072210,
379db0b935bf0f22ad0b50fc21219e1478fa8db4c06823596de5f55b88afab5c,2024-06-14T16:20:48.852000,received,kaspa:qzd6sfx3a8gx3q0qjvsts0pc4gj62z8a4kdf6qcndq5fg42wwxpv6sv9ngmg9,150212072210,
379db0b935bf0f22ad0b50fc21219e1478fa8db4c06823596de5f55b88afab5c,2024-06-14T16:20:48.852000,received,kaspa:qzd6sfx3a8gx3q0qjvsts0pc4gj62z8a4kdf6qcndq5fg42wwxpv6sv9ngmg9,150212072210,
379db0b935bf0f22ad0b50fc21219e1478fa8db4c06823596de5f55b88afab5c,2024-06-14T16:20:48.852000,received,kaspa:qzd6sfx3a8gx3q0qjvsts0pc4gj62z8a4kdf6qcndq5fg42wwxpv6sv9ngmg9,150212072210,
379db0b935bf0f22ad0b50fc21219e1478fa8db4c06823596de5f55b88afab5c,2024-06-14T16:20:48.852000,received,kaspa:qzd6sfx3a8gx3q0qjvsts0pc4gj62z8a4kdf6qcndq5fg42wwxpv6sv9ngmg9,150212072210,
379db0b935bf0f22ad0b50fc21219e1478fa8db4c06823596de5f55b88afab5c,2024-06-14T16:20:48.852000,received,kaspa:qzd6sfx3a8gx3q0qjvsts0pc4gj62z8a4kdf6qcndq5fg42wwxpv6sv9ngmg9,150212072210,
379db0b935bf0f22ad0b50fc21219e1478fa8db4c06823596de5f55b88afab5c,2024-06-14T16:20:48.852000,received,kaspa:qzd6sfx3a8gx3q0qjvsts0pc4gj62z8a4kdf6qcndq5fg42wwxpv6sv9ngmg9,150212072210,
379db0b935bf0f22ad0b50fc21219e1478fa8db4c06823596de5f55b88afab5c,2024-06-14T16:20:48.852000,received,kaspa:qzd6sfx3a8gx3q0qjvsts0pc4gj62z8a4kdf6qcndq5fg42wwxpv6sv9ngmg9,150212072210,
379db0b935bf0f22ad0b50fc21219e1478fa8db4c06823596de5f55b88afab5c,2024-06-14T16:20:48.852000,received,kaspa:qzd6sfx3a8gx3q0qjvsts0pc4gj62z8a4kdf6qcndq5fg42wwxpv6sv9ngmg9,150212072210,
379db0b935bf0f22ad0b50fc21219e1478fa8db4c06823596de5f55b88afab5c,2024-06-14T16:20:48.852000,received,kaspa:qzd6sfx3a8gx3q0qjvsts0pc4gj62z8a4kdf6qcndq5fg42wwxpv6sv9ngmg9,150212072210,
070fc4f7a2d398c2fd861c91f7573b3cd6d4557216c94b459bcc310c8e9c01fc,2024-06-14T08:19:01.848000,received,kaspa:qzlcf7p7kdrm0rmalhydyvkz0hp8hyptcp3yu98c4ylk6qpaf0w65nq9e6p7k,10226878177,
070fc4f7a2d398c2fd861c91f7573b3cd6d4557216c94b459bcc310c8e9c01fc,2024-06-14T08:19:01.848000,received,kaspa:qrlksu3pxp6w7gxe8gw7lpajz8u64t5u958ucwveq49gxttaddetg8300l73p,10226878177,
bc3087a70389268e90fb7c89c08e42219d875343029ac56d89321359afa94608,2024-05-28T20:32:12.496000,sent,kaspa:qqsl0a5vm5t5djckrxk6w28t4msdfgg2dxlvv9xrvgrs836a9mh2cq24gpj0f,150000000000,
bc3087a70389268e90fb7c89c08e42219d875343029ac56d89321359afa94608,2024-05-28T20:32:12.496000,sent,kaspa:qqsl0a5vm5t5djckrxk6w28t4msdfgg2dxlvv9xrvgrs836a9mh2cq24gpj0f,150000000000,
1d71539978a35453f4ccdf81832fd565a6e9009d08cb53398b73e25e2739ce14,2024-05-28T20:23:39.241000,sent,kaspa:qqv9sh8wy9jwrlnkpn6vdj729296w48ysfm3km69vdj40ylu39eqw62axrupl,150000000000,
1d71539978a35453f4ccdf81832fd565a6e9009d08cb53398b73e25e2739ce14,2024-05-28T20:23:39.241000,sent,kaspa:qqv9sh8wy9jwrlnkpn6vdj729296w48ysfm3km69vdj40ylu39eqw62axrupl,150000000000,
e9ff5beee9e9cc4b4fac1218ba247722b8841129e3f0dcecf74bfd4a8c39aca3,2024-05-28T19:46:15.278000,received,kaspa:qzd6sfx3a8gx3q0qjvsts0pc4gj62z8a4kdf6qcndq5fg42wwxpv6sv9ngmg9,414954205693,
e9ff5beee9e9cc4b4fac1218ba247722b8841129e3f0dcecf74bfd4a8c39aca3,2024-05-28T19:46:15.278000,received,kaspa:qzd6sfx3a8gx3q0qjvsts0pc4gj62z8a4kdf6qcndq5fg42wwxpv6sv9ngmg9,414954205693,
e9ff5beee9e9cc4b4fac1218ba247722b8841129e3f0dcecf74bfd4a8c39aca3,2024-05-28T19:46:15.278000,received,kaspa:qzd6sfx3a8gx3q0qjvsts0pc4gj62z8a4kdf6qcndq5fg42wwxpv6sv9ngmg9,414954205693,
e9ff5beee9e9cc4b4fac1218ba247722b8841129e3f0dcecf74bfd4a8c39aca3,2024-05-28T19:46:15.278000,received,kaspa:qzd6sfx3a8gx3q0qjvsts0pc4gj62z8a4kdf6qcndq5fg42wwxpv6sv9ngmg9,414954205693,
e9ff5beee9e9cc4b4fac1218ba247722b8841129e3f0dcecf74bfd4a8c39aca3,2024-05-28T19:46:15.278000,received,kaspa:qzd6sfx3a8gx3q0qjvsts0pc4gj62z8a4kdf6qcndq5fg42wwxpv6sv9ngmg9,414954205693,
e9ff5beee9e9cc4b4fac1218ba247722b8841129e3f0dcecf74bfd4a8c39aca3,2024-05-28T19:46:15.278000,received,kaspa:qzd6sfx3a8gx3q0qjvsts0pc4gj62z8a4kdf6qcndq5fg42wwxpv6sv9ngmg9,414954205693,
e9ff5beee9e9cc4b4fac1218ba247722b8841129e3f0dcecf74bfd4a8c39aca3,2024-05-28T19:46:15.278000,received,kaspa:qzd6sfx3a8gx3q0qjvsts0pc4gj62z8a4kdf6qcndq5fg42wwxpv6sv9ngmg9,414954205693,
e9ff5beee9e9cc4b4fac1218ba247722b8841129e3f0dcecf74bfd4a8c39aca3,2024-05-28T19:46:15.278000,received,kaspa:qzd6sfx3a8gx3q0qjvsts0pc4gj62z8a4kdf6qcndq5fg42wwxpv6sv9ngmg9,414954205693,
e9ff5beee9e9cc4b4fac1218ba247722b8841129e3f0dcecf74bfd4a8c39aca3,2024-05-28T19:46:15.278000,received,kaspa:qzd6sfx3a8gx3q0qjvsts0pc4gj62z8a4kdf6qcndq5fg42wwxpv6sv9ngmg9,414954205693,
e9ff5beee9e9cc4b4fac1218ba247722b8841129e3f0dcecf74bfd4a8c39aca3,2024-05-28T19:46:15.278000,received,kaspa:qzd6sfx3a8gx3q0qjvsts0pc4gj62z8a4kdf6qcndq5fg42wwxpv6sv9ngmg9,414954205693,
e9ff5beee9e9cc4b4fac1218ba247722b8841129e3f0dcecf74bfd4a8c39aca3,2024-05-28T19:46:15.278000,received,kaspa:qzd6sfx3a8gx3q0qjvsts0pc4gj62z8a4kdf6qcndq5fg42wwxpv6sv9ngmg9,414954205693,
e9ff5beee9e9cc4b4fac1218ba247722b8841129e3f0dcecf74bfd4a8c39aca3,2024-05-28T19:46:15.278000,received,kaspa:qzd6sfx3a8gx3q0qjvsts0pc4gj62z8a4kdf6qcndq5fg42wwxpv6sv9ngmg9,414954205693,
e9ff5beee9e9cc4b4fac1218ba247722b8841129e3f0dcecf74bfd4a8c39aca3,2024-05-28T19:46:15.278000,received,kaspa:qzd6sfx3a8gx3q0qjvsts0pc4gj62z8a4kdf6qcndq5fg42wwxpv6sv9ngmg9,414954205693,
e9ff5beee9e9cc4b4fac1218ba247722b8841129e3f0dcecf74bfd4a8c39aca3,2024-05-28T19:46:15.278000,received,kaspa:qzd6sfx3a8gx3q0qjvsts0pc4gj62z8a4kdf6qcndq5fg42wwxpv6sv9ngmg9,414954205693,
e9ff5beee9e9cc4b4fac1218ba247722b8841129e3f0dcecf74bfd4a8c39aca3,2024-05-28T19:46:15.278000,received,kaspa:qzd6sfx3a8gx3q0qjvsts0pc4gj62z8a4kdf6qcndq5fg42wwxpv6sv9ngmg9,414954205693,
e9ff5beee9e9cc4b4fac1218ba247722b8841129e3f0dcecf74bfd4a8c39aca3,2024-05-28T19:46:15.278000,received,kaspa:qzd6sfx3a8gx3q0qjvsts0pc4gj62z8a4kdf6qcndq5fg42wwxpv6sv9ngmg9,414954205693,
e9ff5beee9e9cc4b4fac1218ba247722b8841129e3f0dcecf74bfd4a8c39aca3,2024-05-28T19:46:15.278000,received,kaspa:qzd6sfx3a8gx3q0qjvsts0pc4gj62z8a4kdf6qcndq5fg42wwxpv6sv9ngmg9,414954205693,
e9ff5beee9e9cc4b4fac1218ba247722b8841129e3f0dcecf74bfd4a8c39aca3,2024-05-28T19:46:15.278000,received,kaspa:qzd6sfx3a8gx3q0qjvsts0pc4gj62z8a4kdf6qcndq5fg42wwxpv6sv9ngmg9,414954205693,
e9ff5beee9e9cc4b4fac1218ba247722b8841129e3f0dcecf74bfd4a8c39aca3,2024-05-28T19:46:15.278000,received,kaspa:qzd6sfx3a8gx3q0qjvsts0pc4gj62z8a4kdf6qcndq5fg42wwxpv6sv9ngmg9,414954205693,
e9ff5beee9e9cc4b4fac1218ba247722b8841129e3f0dcecf74bfd4a8c39aca3,2024-05-28T19:46:15.278000,received,kaspa:qzd6sfx3a8gx3q0qjvsts0pc4gj62z8a4kdf6qcndq5fg42wwxpv6sv9ngmg9,414954205693,
e9ff5beee9e9cc4b4fac1218ba247722b8841129e3f0dcecf74bfd4a8c39aca3,2024-05-28T19:46:15.278000,received,kaspa:qzd6sfx3a8gx3q0qjvsts0pc4gj62z8a4kdf6qcndq5fg42wwxpv6sv9ngmg9,414954205693,
e9ff5beee9e9cc4b4fac1218ba247722b8841129e3f0dcecf74bfd4a8c39aca3,2024-05-28T19:46:15.278000,received,kaspa:qzd6sfx3a8gx3q0qjvsts0pc4gj62z8a4kdf6qcndq5fg42wwxpv6sv9ngmg9,414954205693,
e9ff5beee9e9cc4b4fac1218ba247722b8841129e3f0dcecf74bfd4a8c39aca3,2024-05-28T19:46:15.278000,received,kaspa:qzd6sfx3a8gx3q0qjvsts0pc4gj62z8a4kdf6qcndq5fg42wwxpv6sv9ngmg9,414954205693,
e9ff5beee9e9cc4b4fac1218ba247722b8841129e3f0dcecf74bfd4a8c39aca3,2024-05-28T19:46:15.278000,received,kaspa:qzd6sfx3a8gx3q0qjvsts0pc4gj62z8a4kdf6qcndq5fg42wwxpv6sv9ngmg9,414954205693,
e9ff5beee9e9cc4b4fac1218ba247722b8841129e3f0dcecf74bfd4a8c39aca3,2024-05-28T19:46:15.278000,received,kaspa:qzd6sfx3a8gx3q0qjvsts0pc4gj62z8a4kdf6qcndq5fg42wwxpv6sv9ngmg9,414954205693,
e9ff5beee9e9cc4b4fac1218ba247722b8841129e3f0dcecf74bfd4a8c39aca3,2024-05-28T19:46:15.278000,received,kaspa:qzd6sfx3a8gx3q0qjvsts0pc4gj62z8a4kdf6qcndq5fg42wwxpv6sv9ngmg9,414954205693,
e9ff5beee9e9cc4b4fac1218ba247722b8841129e3f0dcecf74bfd4a8c39aca3,2024-05-28T19:46:15.278000,received,kaspa:qzd6sfx3a8gx3q0qjvsts0pc4gj62z8a4kdf6qcndq5fg42wwxpv6sv9ngmg9,414954205693,
e9ff5beee9e9cc4b4fac1218ba247722b8841129e3f0dcecf74bfd4a8c39aca3,2024-05-28T19:46:15.278000,received,kaspa:qzd6sfx3a8gx3q0qjvsts0pc4gj62z8a4kdf6qcndq5fg42wwxpv6sv9ngmg9,414954205693,
e9ff5beee9e9cc4b4fac1218ba247722b8841129e3f0dcecf74bfd4a8c39aca3,2024-05-28T19:46:15.278000,received,kaspa:qzd6sfx3a8gx3q0qjvsts0pc4gj62z8a4kdf6qcndq5fg42wwxpv6sv9ngmg9,414954205693,
e9ff5beee9e9cc4b4fac1218ba247722b8841129e3f0dcecf74bfd4a8c39aca3,2024-05-28T19:46:15.278000,received,kaspa:qzd6sfx3a8gx3q0qjvsts0pc4gj62z8a4kdf6qcndq5fg42wwxpv6sv9ngmg9,414954205693,
e9ff5beee9e9cc4b4fac1218ba247722b8841129e3f0dcecf74bfd4a8c39aca3,2024-05-28T19:46:15.278000,received,kaspa:qzd6sfx3a8gx3q0qjvsts0pc4gj62z8a4kdf6qcndq5fg42wwxpv6sv9ngmg9,414954205693,
e9ff5beee9e9cc4b4fac1218ba247722b8841129e3f0dcecf74bfd4a8c39aca3,2024-05-28T19:46:15.278000,received,kaspa:qzd6sfx3a8gx3q0qjvsts0pc4gj62z8a4kdf6qcndq5fg42wwxpv6sv9ngmg9,414954205693,
e9ff5beee9e9cc4b4fac1218ba247722b8841129e3f0dcecf74bfd4a8c39aca3,2024-05-28T19:46:15.278000,received,kaspa:qzd6sfx3a8gx3q0qjvsts0pc4gj62z8a4kdf6qcndq5fg42wwxpv6sv9ngmg9,414954205693,
e9ff5beee9e9cc4b4fac1218ba247722b8841129e3f0dcecf74bfd4a8c39aca3,2024-05-28T19:46:15.278000,received,kaspa:qzd6sfx3a8gx3q0qjvsts0pc4gj62z8a4kdf6qcndq5fg42wwxpv6sv9ngmg9,414954205693,
e9ff5beee9e9cc4b4fac1218ba247722b8841129e3f0dcecf74bfd4a8c39aca3,2024-05-28T19:46:15.278000,received,kaspa:qzd6sfx3a8gx3q0qjvsts0pc4gj62z8a4kdf6qcndq5fg42wwxpv6sv9ngmg9,414954205693,
e9ff5beee9e9cc4b4fac1218ba247722b8841129e3f0dcecf74bfd4a8c39aca3,2024-05-28T19:46:15.278000,received,kaspa:qzd6sfx3a8gx3q0qjvsts0pc4gj62z8a4kdf6qcndq5fg42wwxpv6sv9ngmg9,414954205693,
e9ff5beee9e9cc4b4fac1218ba247722b8841129e3f0dcecf74bfd4a8c39aca3,2024-05-28T19:46:15.278000,received,kaspa:qzd6sfx3a8gx3q0qjvsts0pc4gj62z8a4kdf6qcndq5fg42wwxpv6sv9ngmg9,414954205693,
e9ff5beee9e9cc4b4fac1218ba247722b8841129e3f0dcecf74bfd4a8c39aca3,2024-05-28T19:46:15.278000,received,kaspa:qzd6sfx3a8gx3q0qjvsts0pc4gj62z8a4kdf6qcndq5fg42wwxpv6sv9ngmg9,414954205693,
be244c28bb10323f8ab82df30758550051407b49d153cf99263ef47d1079dc74,2024-05-19T09:42:43.081000,received,kaspa:qzlcf7p7kdrm0rmalhydyvkz0hp8hyptcp3yu98c4ylk6qpaf0w65nq9e6p7k,10835000000,
be244c28bb10323f8ab82df30758550051407b49d153cf99263ef47d1079dc74,2024-05-19T09:42:43.081000,received,kaspa:qrlksu3pxp6w7gxe8gw7lpajz8u64t5u958ucwveq49gxttaddetg8300l73p,10835000000,
c8e1658945f74eb4bdbbafabf24c1d7ee2549651beedf367bd83af148d4ce89a,2024-05-01T14:13:37.940000,sent,kaspa:qzz5dshyv6zdvzlxfgv4c027xa9wy9kx7mjw03ffrk5p6zxj763vuhcuqfe5h,210016383148,
c8e1658945f74eb4bdbbafabf24c1d7ee2549651beedf367bd83af148d4ce89a,2024-05-01T14:13:37.940000,sent,kaspa:qzz5dshyv6zdvzlxfgv4c027xa9wy9kx7mjw03ffrk5p6zxj763vuhcuqfe5h,210016383148,
38e411692b4aefc44ec3adb1e69412313b27cfcb23175273905a1582f8f90e12,2024-04-12T05:08:36.383000,received,kaspa:qp9rv9jvx2kyf6wu4lupuruunq5zsuszyxs0dr3l89ej7wsgs48jqkewy6xtl,221024213834,
38e411692b4aefc44ec3adb1e69412313b27cfcb23175273905a1582f8f90e12,2024-04-12T05:08:36.383000,received,kaspa:qp9rv9jvx2kyf6wu4lupuruunq5zsuszyxs0dr3l89ej7wsgs48jqkewy6xtl,221024213834,
38e411692b4aefc44ec3adb1e69412313b27cfcb23175273905a1582f8f90e12,2024-04-12T05:08:36.383000,received,kaspa:qp9rv9jvx2kyf6wu4lupuruunq5zsuszyxs0dr3l89ej7wsgs48jqkewy6xtl,221024213834,
38e411692b4aefc44ec3adb1e69412313b27cfcb23175273905a1582f8f90e12,2024-04-12T05:08:36.383000,received,kaspa:qp9rv9jvx2kyf6wu4lupuruunq5zsuszyxs0dr3l89ej7wsgs48jqkewy6xtl,221024213834,
38e411692b4aefc44ec3adb1e69412313b27cfcb23175273905a1582f8f90e12,2024-04-12T05:08:36.383000,received,kaspa:qp9rv9jvx2kyf6wu4lupuruunq5zsuszyxs0dr3l89ej7wsgs48jqkewy6xtl,221024213834,
38e411692b4aefc44ec3adb1e69412313b27cfcb23175273905a1582f8f90e12,2024-04-12T05:08:36.383000,received,kaspa:qp9rv9jvx2kyf6wu4lupuruunq5zsuszyxs0dr3l89ej7wsgs48jqkewy6xtl,221024213834,
38e411692b4aefc44ec3adb1e69412313b27cfcb23175273905a1582f8f90e12,2024-04-12T05:08:36.383000,received,kaspa:qp9rv9jvx2kyf6wu4lupuruunq5zsuszyxs0dr3l89ej7wsgs48jqkewy6xtl,221024213834,
38e411692b4aefc44ec3adb1e69412313b27cfcb23175273905a1582f8f90e12,2024-04-12T05:08:36.383000,received,kaspa:qp9rv9jvx2kyf6wu4lupuruunq5zsuszyxs0dr3l89ej7wsgs48jqkewy6xtl,221024213834,
38e411692b4aefc44ec3adb1e69412313b27cfcb23175273905a1582f8f90e12,2024-04-12T05:08:36.383000,received,kaspa:qp9rv9jvx2kyf6wu4lupuruunq5zsuszyxs0dr3l89ej7wsgs48jqkewy6xtl,221024213834,
38e411692b4aefc44ec3adb1e69412313b27cfcb23175273905a1582f8f90e12,2024-04-12T05:08:36.383000,received,kaspa:qp9rv9jvx2kyf6wu4lupuruunq5zsuszyxs0dr3l89ej7wsgs48jqkewy6xtl,221024213834,
38e411692b4aefc44ec3adb1e69412313b27cfcb23175273905a1582f8f90e12,2024-04-12T05:08:36.383000,received,kaspa:qp9rv9jvx2kyf6wu4lupuruunq5zsuszyxs0dr3l89ej7wsgs48jqkewy6xtl,221024213834,
38e411692b4aefc44ec3adb1e69412313b27cfcb23175273905a1582f8f90e12,2024-04-12T05:08:36.383000,received,kaspa:qp9rv9jvx2kyf6wu4lupuruunq5zsuszyxs0dr3l89ej7wsgs48jqkewy6xtl,221024213834,
38e411692b4aefc44ec3adb1e69412313b27cfcb23175273905a1582f8f90e12,2024-04-12T05:08:36.383000,received,kaspa:qp9rv9jvx2kyf6wu4lupuruunq5zsuszyxs0dr3l89ej7wsgs48jqkewy6xtl,221024213834,
38e411692b4aefc44ec3adb1e69412313b27cfcb23175273905a1582f8f90e12,2024-04-12T05:08:36.383000,received,kaspa:qp9rv9jvx2kyf6wu4lupuruunq5zsuszyxs0dr3l89ej7wsgs48jqkewy6xtl,221024213834,
38e411692b4aefc44ec3adb1e69412313b27cfcb23175273905a1582f8f90e12,2024-04-12T05:08:36.383000,received,kaspa:qp9rv9jvx2kyf6wu4lupuruunq5zsuszyxs0dr3l89ej7wsgs48jqkewy6xtl,221024213834,
38e411692b4aefc44ec3adb1e69412313b27cfcb23175273905a1582f8f90e12,2024-04-12T05:08:36.383000,received,kaspa:qp9rv9jvx2kyf6wu4lupuruunq5zsuszyxs0dr3l89ej7wsgs48jqkewy6xtl,221024213834,
38e411692b4aefc44ec3adb1e69412313b27cfcb23175273905a1582f8f90e12,2024-04-12T05:08:36.383000,received,kaspa:qp9rv9jvx2kyf6wu4lupuruunq5zsuszyxs0dr3l89ej7wsgs48jqkewy6xtl,221024213834,
38e411692b4aefc44ec3adb1e69412313b27cfcb23175273905a1582f8f90e12,2024-04-12T05:08:36.383000,received,kaspa:qp9rv9jvx2kyf6wu4lupuruunq5zsuszyxs0dr3l89ej7wsgs48jqkewy6xtl,221024213834,
38e411692b4aefc44ec3adb1e69412313b27cfcb23175273905a1582f8f90e12,2024-04-12T05:08:36.383000,received,kaspa:qp9rv9jvx2kyf6wu4lupuruunq5zsuszyxs0dr3l89ej7wsgs48jqkewy6xtl,221024213834,
0c0729036aec696d653ee7785991d04007526a3dd02cc54e47faf434d913fa5b,2024-02-16T15:01:09.627000,sent,kaspa:qr8qw0y4qcsvlrawd8ymgs4mz3ukw3hxpvaa75qdfgun6zlntk5vgrhg5yl8v,1480000000000,
d84149fa2e8a67ae89150773edcfc63e92bdd4f99cfc32a561c7c7857f20085b,2024-02-16T14:51:37.654000,received,kaspa:qzptk8av4p5jmvdrnacrg36jxc2nhwmhcmu4093l8pcc93hxd3tj5f3eaxzqz,1481292369314,
d84149fa2e8a67ae89150773edcfc63e92bdd4f99cfc32a561c7c7857f20085b,2024-02-16T14:51:37.654000,received,kaspa:qzptk8av4p5jmvdrnacrg36jxc2nhwmhcmu4093l8pcc93hxd3tj5f3eaxzqz,1481292369314,
cf7d9361980644d2cda462fa597cf9a9fda8f6779e7c27033fe53c9d037f73f4,2024-01-23T16:55:08.931000,sent,kaspa:qpt46xxdsf2d952dnrs5xvnm9ny5auvx85chlp6erqgggkn33ves7qrr9ghut,1433669523871,
cf7d9361980644d2cda462fa597cf9a9fda8f6779e7c27033fe53c9d037f73f4,2024-01-23T16:55:08.931000,sent,kaspa:qpt46xxdsf2d952dnrs5xvnm9ny5auvx85chlp6erqgggkn33ves7qrr9ghut,1433669523871,
cf7d9361980644d2cda462fa597cf9a9fda8f6779e7c27033fe53c9d037f73f4,2024-01-23T16:55:08.931000,sent,kaspa:qpt46xxdsf2d952dnrs5xvnm9ny5auvx85chlp6erqgggkn33ves7qrr9ghut,1433669523871,
cf7d9361980644d2cda462fa597cf9a9fda8f6779e7c27033fe53c9d037f73f4,2024-01-23T16:55:08.931000,sent,kaspa:qpt46xxdsf2d952dnrs5xvnm9ny5auvx85chlp6erqgggkn33ves7qrr9ghut,1433669523871,
cf7d9361980644d2cda462fa597cf9a9fda8f6779e7c27033fe53c9d037f73f4,2024-01-23T16:55:08.931000,sent,kaspa:qpt46xxdsf2d952dnrs5xvnm9ny5auvx85chlp6erqgggkn33ves7qrr9ghut,1433669523871,
cf7d9361980644d2cda462fa597cf9a9fda8f6779e7c27033fe53c9d037f73f4,2024-01-23T16:55:08.931000,sent,kaspa:qpt46xxdsf2d952dnrs5xvnm9ny5auvx85chlp6erqgggkn33ves7qrr9ghut,1433669523871,
cf7d9361980644d2cda462fa597cf9a9fda8f6779e7c27033fe53c9d037f73f4,2024-01-23T16:55:08.931000,sent,kaspa:qpt46xxdsf2d952dnrs5xvnm9ny5auvx85chlp6erqgggkn33ves7qrr9ghut,1433669523871,
cf7d9361980644d2cda462fa597cf9a9fda8f6779e7c27033fe53c9d037f73f4,2024-01-23T16:55:08.931000,sent,kaspa:qpt46xxdsf2d952dnrs5xvnm9ny5auvx85chlp6erqgggkn33ves7qrr9ghut,1433669523871,
cf7d9361980644d2cda462fa597cf9a9fda8f6779e7c27033fe53c9d037f73f4,2024-01-23T16:55:08.931000,sent,kaspa:qpt46xxdsf2d952dnrs5xvnm9ny5auvx85chlp6erqgggkn33ves7qrr9ghut,1433669523871,
cf7d9361980644d2cda462fa597cf9a9fda8f6779e7c27033fe53c9d037f73f4,2024-01-23T16:55:08.931000,sent,kaspa:qpt46xxdsf2d952dnrs5xvnm9ny5auvx85chlp6erqgggkn33ves7qrr9ghut,1433669523871,
cf7d9361980644d2cda462fa597cf9a9fda8f6779e7c27033fe53c9d037f73f4,2024-01-23T16:55:08.931000,sent,kaspa:qpt46xxdsf2d952dnrs5xvnm9ny5auvx85chlp6erqgggkn33ves7qrr9ghut,1433669523871,
cf7d9361980644d2cda462fa597cf9a9fda8f6779e7c27033fe53c9d037f73f4,2024-01-23T16:55:08.931000,sent,kaspa:qpt46xxdsf2d952dnrs5xvnm9ny5auvx85chlp6erqgggkn33ves7qrr9ghut,1433669523871,
cf7d9361980644d2cda462fa597cf9a9fda8f6779e7c27033fe53c9d037f73f4,2024-01-23T16:55:08.931000,sent,kaspa:qpt46xxdsf2d952dnrs5xvnm9ny5auvx85chlp6erqgggkn33ves7qrr9ghut,1433669523871,
cf7d9361980644d2cda462fa597cf9a9fda8f6779e7c27033fe53c9d037f73f4,2024-01-23T16:55:08.931000,sent,kaspa:qpt46xxdsf2d952dnrs5xvnm9ny5auvx85chlp6erqgggkn33ves7qrr9ghut,1433669523871,
cf7d9361980644d2cda462fa597cf9a9fda8f6779e7c27033fe53c9d037f73f4,2024-01-23T16:55:08.931000,sent,kaspa:qpt46xxdsf2d952dnrs5xvnm9ny5auvx85chlp6erqgggkn33ves7qrr9ghut,1433669523871,
cf7d9361980644d2cda462fa597cf9a9fda8f6779e7c27033fe53c9d037f73f4,2024-01-23T16:55:08.931000,sent,kaspa:qpt46xxdsf2d952dnrs5xvnm9ny5auvx85chlp6erqgggkn33ves7qrr9ghut,1433669523871,
cf7d9361980644d2cda462fa597cf9a9fda8f6779e7c27033fe53c9d037f73f4,2024-01-23T16:55:08.931000,sent,kaspa:qpt46xxdsf2d952dnrs5xvnm9ny5auvx85chlp6erqgggkn33ves7qrr9ghut,1433669523871,
cf7d9361980644d2cda462fa597cf9a9fda8f6779e7c27033fe53c9d037f73f4,2024-01-23T16:55:08.931000,sent,kaspa:qpt46xxdsf2d952dnrs5xvnm9ny5auvx85chlp6erqgggkn33ves7qrr9ghut,1433669523871,
cf7d9361980644d2cda462fa597cf9a9fda8f6779e7c27033fe53c9d037f73f4,2024-01-23T16:55:08.931000,sent,kaspa:qpt46xxdsf2d952dnrs5xvnm9ny5auvx85chlp6erqgggkn33ves7qrr9ghut,1433669523871,
cf7d9361980644d2cda462fa597cf9a9fda8f6779e7c27033fe53c9d037f73f4,2024-01-23T16:55:08.931000,sent,kaspa:qpt46xxdsf2d952dnrs5xvnm9ny5auvx85chlp6erqgggkn33ves7qrr9ghut,1433669523871,
cf7d9361980644d2cda462fa597cf9a9fda8f6779e7c27033fe53c9d037f73f4,2024-01-23T16:55:08.931000,sent,kaspa:qpt46xxdsf2d952dnrs5xvnm9ny5auvx85chlp6erqgggkn33ves7qrr9ghut,1433669523871,
7926bce60735bae53cf86d4ff65916a7f4e96dd5ea8f3bedc8566b7026d1374f,2024-01-02T01:41:47.565000,received,kaspa:qzpsrd6d3jdtv5z6er28xtvnp0ln3zpx8a07cv2jmc0cltcpkx7jy7lt5rya7,800002005081,
7926bce60735bae53cf86d4ff65916a7f4e96dd5ea8f3bedc8566b7026d1374f,2024-01-02T01:41:47.565000,received,kaspa:qp9rv9jvx2kyf6wu4lupuruunq5zsuszyxs0dr3l89ej7wsgs48jqkewy6xtl,800002005081,
7926bce60735bae53cf86d4ff65916a7f4e96dd5ea8f3bedc8566b7026d1374f,2024-01-02T01:41:47.565000,received,kaspa:qp9rv9jvx2kyf6wu4lupuruunq5zsuszyxs0dr3l89ej7wsgs48jqkewy6xtl,800002005081,
7926bce60735bae53cf86d4ff65916a7f4e96dd5ea8f3bedc8566b7026d1374f,2024-01-02T01:41:47.565000,received,kaspa:qp9rv9jvx2kyf6wu4lupuruunq5zsuszyxs0dr3l89ej7wsgs48jqkewy6xtl,800002005081,
7926bce60735bae53cf86d4ff65916a7f4e96dd5ea8f3bedc8566b7026d1374f,2024-01-02T01:41:47.565000,received,kaspa:qp9rv9jvx2kyf6wu4lupuruunq5zsuszyxs0dr3l89ej7wsgs48jqkewy6xtl,800002005081,
7926bce60735bae53cf86d4ff65916a7f4e96dd5ea8f3bedc8566b7026d1374f,2024-01-02T01:41:47.565000,received,kaspa:qp9rv9jvx2kyf6wu4lupuruunq5zsuszyxs0dr3l89ej7wsgs48jqkewy6xtl,800002005081,
7926bce60735bae53cf86d4ff65916a7f4e96dd5ea8f3bedc8566b7026d1374f,2024-01-02T01:41:47.565000,received,kaspa:qzpsrd6d3jdtv5z6er28xtvnp0ln3zpx8a07cv2jmc0cltcpkx7jy7lt5rya7,800002005081,
7926bce60735bae53cf86d4ff65916a7f4e96dd5ea8f3bedc8566b7026d1374f,2024-01-02T01:41:47.565000,received,kaspa:qpru5qxrtthdkvkc3rzwlq6rzr2pnu8plg882yuqtja03vt8ktjm2g6zpc2nn,800002005081,
7926bce60735bae53cf86d4ff65916a7f4e96dd5ea8f3bedc8566b7026d1374f,2024-01-02T01:41:47.565000,received,kaspa:qpru5qxrtthdkvkc3rzwlq6rzr2pnu8plg882yuqtja03vt8ktjm2g6zpc2nn,800002005081,
7926bce60735bae53cf86d4ff65916a7f4e96dd5ea8f3bedc8566b7026d1374f,2024-01-02T01:41:47.565000,received,kaspa:qp9rv9jvx2kyf6wu4lupuruunq5zsuszyxs0dr3l89ej7wsgs48jqkewy6xtl,800002005081,
7926bce60735bae53cf86d4ff65916a7f4e96dd5ea8f3bedc8566b7026d1374f,2024-01-02T01:41:47.565000,received,kaspa:qpru5qxrtthdkvkc3rzwlq6rzr2pnu8plg882yuqtja03vt8ktjm2g6zpc2nn,800002005081,
7926bce60735bae53cf86d4ff65916a7f4e96dd5ea8f3bedc8566b7026d1374f,2024-01-02T01:41:47.565000,received,kaspa:qp9rv9jvx2kyf6wu4lupuruunq5zsuszyxs0dr3l89ej7wsgs48jqkewy6xtl,800002005081,
7926bce60735bae53cf86d4ff65916a7f4e96dd5ea8f3bedc8566b7026d1374f,2024-01-02T01:41:47.565000,received,kaspa:qpru5qxrtthdkvkc3rzwlq6rzr2pnu8plg882yuqtja03vt8ktjm2g6zpc2nn,800002005081,
7926bce60735bae53cf86d4ff65916a7f4e96dd5ea8f3bedc8566b7026d1374f,2024-01-02T01:41:47.565000,received,kaspa:qpru5qxrtthdkvkc3rzwlq6rzr2pnu8plg882yuqtja03vt8ktjm2g6zpc2nn,800002005081,
7926bce60735bae53cf86d4ff65916a7f4e96dd5ea8f3bedc8566b7026d1374f,2024-01-02T01:41:47.565000,received,kaspa:qpru5qxrtthdkvkc3rzwlq6rzr2pnu8plg882yuqtja03vt8ktjm2g6zpc2nn,800002005081,
7926bce60735bae53cf86d4ff65916a7f4e96dd5ea8f3bedc8566b7026d1374f,2024-01-02T01:41:47.565000,received,kaspa:qp9rv9jvx2kyf6wu4lupuruunq5zsuszyxs0dr3l89ej7wsgs48jqkewy6xtl,800002005081,
7926bce60735bae53cf86d4ff65916a7f4e96dd5ea8f3bedc8566b7026d1374f,2024-01-02T01:41:47.565000,received,kaspa:qpru5qxrtthdkvkc3rzwlq6rzr2pnu8plg882yuqtja03vt8ktjm2g6zpc2nn,800002005081,
7926bce60735bae53cf86d4ff65916a7f4e96dd5ea8f3bedc8566b7026d1374f,2024-01-02T01:41:47.565000,received,kaspa:qp9rv9jvx2kyf6wu4lupuruunq5zsuszyxs0dr3l89ej7wsgs48jqkewy6xtl,800002005081,
7926bce60735bae53cf86d4ff65916a7f4e96dd5ea8f3bedc8566b7026d1374f,2024-01-02T01:41:47.565000,received,kaspa:qpru5qxrtthdkvkc3rzwlq6rzr2pnu8plg882yuqtja03vt8ktjm2g6zpc2nn,800002005081,
7926bce60735bae53cf86d4ff65916a7f4e96dd5ea8f3bedc8566b7026d1374f,2024-01-02T01:41:47.565000,received,kaspa:qp9rv9jvx2kyf6wu4lupuruunq5zsuszyxs0dr3l89ej7wsgs48jqkewy6xtl,800002005081,
7926bce60735bae53cf86d4ff65916a7f4e96dd5ea8f3bedc8566b7026d1374f,2024-01-02T01:41:47.565000,received,kaspa:qpru5qxrtthdkvkc3rzwlq6rzr2pnu8plg882yuqtja03vt8ktjm2g6zpc2nn,800002005081,
7926bce60735bae53cf86d4ff65916a7f4e96dd5ea8f3bedc8566b7026d1374f,2024-01-02T01:41:47.565000,received,kaspa:qpru5qxrtthdkvkc3rzwlq6rzr2pnu8plg882yuqtja03vt8ktjm2g6zpc2nn,800002005081,
7926bce60735bae53cf86d4ff65916a7f4e96dd5ea8f3bedc8566b7026d1374f,2024-01-02T01:41:47.565000,received,kaspa:qzpsrd6d3jdtv5z6er28xtvnp0ln3zpx8a07cv2jmc0cltcpkx7jy7lt5rya7,800002005081,
7926bce60735bae53cf86d4ff65916a7f4e96dd5ea8f3bedc8566b7026d1374f,2024-01-02T01:41:47.565000,received,kaspa:qp9rv9jvx2kyf6wu4lupuruunq5zsuszyxs0dr3l89ej7wsgs48jqkewy6xtl,800002005081,
7926bce60735bae53cf86d4ff65916a7f4e96dd5ea8f3bedc8566b7026d1374f,2024-01-02T01:41:47.565000,received,kaspa:qp9rv9jvx2kyf6wu4lupuruunq5zsuszyxs0dr3l89ej7wsgs48jqkewy6xtl,800002005081,
7926bce60735bae53cf86d4ff65916a7f4e96dd5ea8f3bedc8566b7026d1374f,2024-01-02T01:41:47.565000,received,kaspa:qp9rv9jvx2kyf6wu4lupuruunq5zsuszyxs0dr3l89ej7wsgs48jqkewy6xtl,800002005081,
7926bce60735bae53cf86d4ff65916a7f4e96dd5ea8f3bedc8566b7026d1374f,2024-01-02T01:41:47.565000,received,kaspa:qp9rv9jvx2kyf6wu4lupuruunq5zsuszyxs0dr3l89ej7wsgs48jqkewy6xtl,800002005081,
7926bce60735bae53cf86d4ff65916a7f4e96dd5ea8f3bedc8566b7026d1374f,2024-01-02T01:41:47.565000,received,kaspa:qp9rv9jvx2kyf6wu4lupuruunq5zsuszyxs0dr3l89ej7wsgs48jqkewy6xtl,800002005081,
7926bce60735bae53cf86d4ff65916a7f4e96dd5ea8f3bedc8566b7026d1374f,2024-01-02T01:41:47.565000,received,kaspa:qrcmaaktwet37603sn9nukfl98nl5hfudfcrwftkq7n4xwe7lnutve76p3esv,800002005081,
7926bce60735bae53cf86d4ff65916a7f4e96dd5ea8f3bedc8566b7026d1374f,2024-01-02T01:41:47.565000,received,kaspa:qp9rv9jvx2kyf6wu4lupuruunq5zsuszyxs0dr3l89ej7wsgs48jqkewy6xtl,800002005081,
7926bce60735bae53cf86d4ff65916a7f4e96dd5ea8f3bedc8566b7026d1374f,2024-01-02T01:41:47.565000,received,kaspa:qpru5qxrtthdkvkc3rzwlq6rzr2pnu8plg882yuqtja03vt8ktjm2g6zpc2nn,800002005081,
7926bce60735bae53cf86d4ff65916a7f4e96dd5ea8f3bedc8566b7026d1374f,2024-01-02T01:41:47.565000,received,kaspa:qpru5qxrtthdkvkc3rzwlq6rzr2pnu8plg882yuqtja03vt8ktjm2g6zpc2nn,800002005081,
7926bce60735bae53cf86d4ff65916a7f4e96dd5ea8f3bedc8566b7026d1374f,2024-01-02T01:41:47.565000,received,kaspa:qp9rv9jvx2kyf6wu4lupuruunq5zsuszyxs0dr3l89ej7wsgs48jqkewy6xtl,800002005081,
7926bce60735bae53cf86d4ff65916a7f4e96dd5ea8f3bedc8566b7026d1374f,2024-01-02T01:41:47.565000,received,kaspa:qpru5qxrtthdkvkc3rzwlq6rzr2pnu8plg882yuqtja03vt8ktjm2g6zpc2nn,800002005081,
7926bce60735bae53cf86d4ff65916a7f4e96dd5ea8f3bedc8566b7026d1374f,2024-01-02T01:41:47.565000,received,kaspa:qzpsrd6d3jdtv5z6er28xtvnp0ln3zpx8a07cv2jmc0cltcpkx7jy7lt5rya7,800002005081,
7926bce60735bae53cf86d4ff65916a7f4e96dd5ea8f3bedc8566b7026d1374f,2024-01-02T01:41:47.565000,received,kaspa:qp9rv9jvx2kyf6wu4lupuruunq5zsuszyxs0dr3l89ej7wsgs48jqkewy6xtl,800002005081,
7926bce60735bae53cf86d4ff65916a7f4e96dd5ea8f3bedc8566b7026d1374f,2024-01-02T01:41:47.565000,received,kaspa:qp9rv9jvx2kyf6wu4lupuruunq5zsuszyxs0dr3l89ej7wsgs48jqkewy6xtl,800002005081,
7926bce60735bae53cf86d4ff65916a7f4e96dd5ea8f3bedc8566b7026d1374f,2024-01-02T01:41:47.565000,received,kaspa:qp9rv9jvx2kyf6wu4lupuruunq5zsuszyxs0dr3l89ej7wsgs48jqkewy6xtl,800002005081,
7926bce60735bae53cf86d4ff65916a7f4e96dd5ea8f3bedc8566b7026d1374f,2024-01-02T01:41:47.565000,received,kaspa:qzpsrd6d3jdtv5z6er28xtvnp0ln3zpx8a07cv2jmc0cltcpkx7jy7lt5rya7,800002005081,
7926bce60735bae53cf86d4ff65916a7f4e96dd5ea8f3bedc8566b7026d1374f,2024-01-02T01:41:47.565000,received,kaspa:qp9rv9jvx2kyf6wu4lupuruunq5zsuszyxs0dr3l89ej7wsgs48jqkewy6xtl,800002005081,
7926bce60735bae53cf86d4ff65916a7f4e96dd5ea8f3bedc8566b7026d1374f,2024-01-02T01:41:47.565000,received,kaspa:qp9rv9jvx2kyf6wu4lupuruunq5zsuszyxs0dr3l89ej7wsgs48jqkewy6xtl,800002005081,
7926bce60735bae53cf86d4ff65916a7f4e96dd5ea8f3bedc8566b7026d1374f,2024-01-02T01:41:47.565000,received,kaspa:qp9rv9jvx2kyf6wu4lupuruunq5zsuszyxs0dr3l89ej7wsgs48jqkewy6xtl,800002005081,
7926bce60735bae53cf86d4ff65916a7f4e96dd5ea8f3bedc8566b7026d1374f,2024-01-02T01:41:47.565000,received,kaspa:qp9rv9jvx2kyf6wu4lupuruunq5zsuszyxs0dr3l89ej7wsgs48jqkewy6xtl,800002005081,
7926bce60735bae53cf86d4ff65916a7f4e96dd5ea8f3bedc8566b7026d1374f,2024-01-02T01:41:47.565000,received,kaspa:qpru5qxrtthdkvkc3rzwlq6rzr2pnu8plg882yuqtja03vt8ktjm2g6zpc2nn,800002005081,
7926bce60735bae53cf86d4ff65916a7f4e96dd5ea8f3bedc8566b7026d1374f,2024-01-02T01:41:47.565000,received,kaspa:qp9rv9jvx2kyf6wu4lupuruunq5zsuszyxs0dr3l89ej7wsgs48jqkewy6xtl,800002005081,
7926bce60735bae53cf86d4ff65916a7f4e96dd5ea8f3bedc8566b7026d1374f,2024-01-02T01:41:47.565000,received,kaspa:qp9rv9jvx2kyf6wu4lupuruunq5zsuszyxs0dr3l89ej7wsgs48jqkewy6xtl,800002005081,
7926bce60735bae53cf86d4ff65916a7f4e96dd5ea8f3bedc8566b7026d1374f,2024-01-02T01:41:47.565000,received,kaspa:qp9rv9jvx2kyf6wu4lupuruunq5zsuszyxs0dr3l89ej7wsgs48jqkewy6xtl,800002005081,
7926bce60735bae53cf86d4ff65916a7f4e96dd5ea8f3bedc8566b7026d1374f,2024-01-02T01:41:47.565000,received,kaspa:qpru5qxrtthdkvkc3rzwlq6rzr2pnu8plg882yuqtja03vt8ktjm2g6zpc2nn,800002005081,
7926bce60735bae53cf86d4ff65916a7f4e96dd5ea8f3bedc8566b7026d1374f,2024-01-02T01:41:47.565000,received,kaspa:qp9rv9jvx2kyf6wu4lupuruunq5zsuszyxs0dr3l89ej7wsgs48jqkewy6xtl,800002005081,
7926bce60735bae53cf86d4ff65916a7f4e96dd5ea8f3bedc8566b7026d1374f,2024-01-02T01:41:47.565000,received,kaspa:qp9rv9jvx2kyf6wu4lupuruunq5zsuszyxs0dr3l89ej7wsgs48jqkewy6xtl,800002005081,
7926bce60735bae53cf86d4ff65916a7f4e96dd5ea8f3bedc8566b7026d1374f,2024-01-02T01:41:47.565000,received,kaspa:qzpsrd6d3jdtv5z6er28xtvnp0ln3zpx8a07cv2jmc0cltcpkx7jy7lt5rya7,800002005081,
7926bce60735bae53cf86d4ff65916a7f4e96dd5ea8f3bedc8566b7026d1374f,2024-01-02T01:41:47.565000,received,kaspa:qpru5qxrtthdkvkc3rzwlq6rzr2pnu8plg882yuqtja03vt8ktjm2g6zpc2nn,800002005081,
7926bce60735bae53cf86d4ff65916a7f4e96dd5ea8f3bedc8566b7026d1374f,2024-01-02T01:41:47.565000,received,kaspa:qp9rv9jvx2kyf6wu4lupuruunq5zsuszyxs0dr3l89ej7wsgs48jqkewy6xtl,800002005081,
7926bce60735bae53cf86d4ff65916a7f4e96dd5ea8f3bedc8566b7026d1374f,2024-01-02T01:41:47.565000,received,kaspa:qp9rv9jvx2kyf6wu4lupuruunq5zsuszyxs0dr3l89ej7wsgs48jqkewy6xtl,800002005081,
7926bce60735bae53cf86d4ff65916a7f4e96dd5ea8f3bedc8566b7026d1374f,2024-01-02T01:41:47.565000,received,kaspa:qp9rv9jvx2kyf6wu4lupuruunq5zsuszyxs0dr3l89ej7wsgs48jqkewy6xtl,800002005081,
150f30f65b9723d6255470b71a12c4fdc497ee618c5e43412234189811753931,2023-12-15T17:08:37.955000,sent,kaspa:qqcukkz2uve7n9ajevhh2vfs04dkyrx8hhwfy6vh5whygnr9afvxjg6z2sxq4,930000000000,
150f30f65b9723d6255470b71a12c4fdc497ee618c5e43412234189811753931,2023-12-15T17:08:37.955000,sent,kaspa:qqcukkz2uve7n9ajevhh2vfs04dkyrx8hhwfy6vh5whygnr9afvxjg6z2sxq4,930000000000,
150f30f65b9723d6255470b71a12c4fdc497ee618c5e43412234189811753931,2023-12-15T17:08:37.955000,sent,kaspa:qqcukkz2uve7n9ajevhh2vfs04dkyrx8hhwfy6vh5whygnr9afvxjg6z2sxq4,930000000000,
150f30f65b9723d6255470b71a12c4fdc497ee618c5e43412234189811753931,2023-12-15T17:08:37.955000,sent,kaspa:qqcukkz2uve7n9ajevhh2vfs04dkyrx8hhwfy6vh5whygnr9afvxjg6z2sxq4,930000000000,
150f30f65b9723d6255470b71a12c4fdc497ee618c5e43412234189811753931,2023-12-15T17:08:37.955000,sent,kaspa:qqcukkz2uve7n9ajevhh2vfs04dkyrx8hhwfy6vh5whygnr9afvxjg6z2sxq4,930000000000,
150f30f65b9723d6255470b71a12c4fdc497ee618c5e43412234189811753931,2023-12-15T17:08:37.955000,sent,kaspa:qqcukkz2uve7n9ajevhh2vfs04dkyrx8hhwfy6vh5whygnr9afvxjg6z2sxq4,930000000000,
150f30f65b9723d6255470b71a12c4fdc497ee618c5e43412234189811753931,2023-12-15T17:08:37.955000,sent,kaspa:qqcukkz2uve7n9ajevhh2vfs04dkyrx8hhwfy6vh5whygnr9afvxjg6z2sxq4,930000000000,
150f30f65b9723d6255470b71a12c4fdc497ee618c5e43412234189811753931,2023-12-15T17:08:37.955000,sent,kaspa:qqcukkz2uve7n9ajevhh2vfs04dkyrx8hhwfy6vh5whygnr9afvxjg6z2sxq4,930000000000,
150f30f65b9723d6255470b71a12c4fdc497ee618c5e43412234189811753931,2023-12-15T17:08:37.955000,sent,kaspa:qqcukkz2uve7n9ajevhh2vfs04dkyrx8hhwfy6vh5whygnr9afvxjg6z2sxq4,930000000000,
150f30f65b9723d6255470b71a12c4fdc497ee618c5e43412234189811753931,2023-12-15T17:08:37.955000,sent,kaspa:qqcukkz2uve7n9ajevhh2vfs04dkyrx8hhwfy6vh5whygnr9afvxjg6z2sxq4,930000000000,
150f30f65b9723d6255470b71a12c4fdc497ee618c5e43412234189811753931,2023-12-15T17:08:37.955000,sent,kaspa:qqcukkz2uve7n9ajevhh2vfs04dkyrx8hhwfy6vh5whygnr9afvxjg6z2sxq4,930000000000,
150f30f65b9723d6255470b71a12c4fdc497ee618c5e43412234189811753931,2023-12-15T17:08:37.955000,sent,kaspa:qqcukkz2uve7n9ajevhh2vfs04dkyrx8hhwfy6vh5whygnr9afvxjg6z2sxq4,930000000000,
150f30f65b9723d6255470b71a12c4fdc497ee618c5e43412234189811753931,2023-12-15T17:08:37.955000,sent,kaspa:qqcukkz2uve7n9ajevhh2vfs04dkyrx8hhwfy6vh5whygnr9afvxjg6z2sxq4,930000000000,
150f30f65b9723d6255470b71a12c4fdc497ee618c5e43412234189811753931,2023-12-15T17:08:37.955000,sent,kaspa:qqcukkz2uve7n9ajevhh2vfs04dkyrx8hhwfy6vh5whygnr9afvxjg6z2sxq4,930000000000,
150f30f65b9723d6255470b71a12c4fdc497ee618c5e43412234189811753931,2023-12-15T17:08:37.955000,sent,kaspa:qqcukkz2uve7n9ajevhh2vfs04dkyrx8hhwfy6vh5whygnr9afvxjg6z2sxq4,930000000000,
150f30f65b9723d6255470b71a12c4fdc497ee618c5e43412234189811753931,2023-12-15T17:08:37.955000,sent,kaspa:qqcukkz2uve7n9ajevhh2vfs04dkyrx8hhwfy6vh5whygnr9afvxjg6z2sxq4,930000000000,
150f30f65b9723d6255470b71a12c4fdc497ee618c5e43412234189811753931,2023-12-15T17:08:37.955000,sent,kaspa:qqcukkz2uve7n9ajevhh2vfs04dkyrx8hhwfy6vh5whygnr9afvxjg6z2sxq4,930000000000,
aa64942beff9e1e24f45d0cf5fdd27be4cf6395cdf78b5c778c77ba7f99b25fd,2023-11-28T01:47:43.453000,received,kaspa:qp9rv9jvx2kyf6wu4lupuruunq5zsuszyxs0dr3l89ej7wsgs48jqkewy6xtl,400968404100,
aa64942beff9e1e24f45d0cf5fdd27be4cf6395cdf78b5c778c77ba7f99b25fd,2023-11-28T01:47:43.453000,received,kaspa:qzptk8av4p5jmvdrnacrg36jxc2nhwmhcmu4093l8pcc93hxd3tj5f3eaxzqz,400968404100,
aa64942beff9e1e24f45d0cf5fdd27be4cf6395cdf78b5c778c77ba7f99b25fd,2023-11-28T01:47:43.453000,received,kaspa:qzptk8av4p5jmvdrnacrg36jxc2nhwmhcmu4093l8pcc93hxd3tj5f3eaxzqz,400968404100,
aa64942beff9e1e24f45d0cf5fdd27be4cf6395cdf78b5c778c77ba7f99b25fd,2023-11-28T01:47:43.453000,received,kaspa:qzptk8av4p5jmvdrnacrg36jxc2nhwmhcmu4093l8pcc93hxd3tj5f3eaxzqz,400968404100,
aa64942beff9e1e24f45d0cf5fdd27be4cf6395cdf78b5c778c77ba7f99b25fd,2023-11-28T01:47:43.453000,received,kaspa:qzptk8av4p5jmvdrnacrg36jxc2nhwmhcmu4093l8pcc93hxd3tj5f3eaxzqz,400968404100,
aa64942beff9e1e24f45d0cf5fdd27be4cf6395cdf78b5c778c77ba7f99b25fd,2023-11-28T01:47:43.453000,received,kaspa:qzptk8av4p5jmvdrnacrg36jxc2nhwmhcmu4093l8pcc93hxd3tj5f3eaxzqz,400968404100,
aa64942beff9e1e24f45d0cf5fdd27be4cf6395cdf78b5c778c77ba7f99b25fd,2023-11-28T01:47:43.453000,received,kaspa:qzptk8av4p5jmvdrnacrg36jxc2nhwmhcmu4093l8pcc93hxd3tj5f3eaxzqz,400968404100,
aa64942beff9e1e24f45d0cf5fdd27be4cf6395cdf78b5c778c77ba7f99b25fd,2023-11-28T01:47:43.453000,received,kaspa:qzptk8av4p5jmvdrnacrg36jxc2nhwmhcmu4093l8pcc93hxd3tj5f3eaxzqz,400968404100,
aa64942beff9e1e24f45d0cf5fdd27be4cf6395cdf78b5c778c77ba7f99b25fd,2023-11-28T01:47:43.453000,received,kaspa:qzptk8av4p5jmvdrnacrg36jxc2nhwmhcmu4093l8pcc93hxd3tj5f3eaxzqz,400968404100,
aa64942beff9e1e24f45d0cf5fdd27be4cf6395cdf78b5c778c77ba7f99b25fd,2023-11-28T01:47:43.453000,received,kaspa:qzptk8av4p5jmvdrnacrg36jxc2nhwmhcmu4093l8pcc93hxd3tj5f3eaxzqz,400968404100,
aa64942beff9e1e24f45d0cf5fdd27be4cf6395cdf78b5c778c77ba7f99b25fd,2023-11-28T01:47:43.453000,received,kaspa:qzptk8av4p5jmvdrnacrg36jxc2nhwmhcmu4093l8pcc93hxd3tj5f3eaxzqz,400968404100,
aa64942beff9e1e24f45d0cf5fdd27be4cf6395cdf78b5c778c77ba7f99b25fd,2023-11-28T01:47:43.453000,received,kaspa:qzptk8av4p5jmvdrnacrg36jxc2nhwmhcmu4093l8pcc93hxd3tj5f3eaxzqz,400968404100,
aa64942beff9e1e24f45d0cf5fdd27be4cf6395cdf78b5c778c77ba7f99b25fd,2023-11-28T01:47:43.453000,received,kaspa:qzptk8av4p5jmvdrnacrg36jxc2nhwmhcmu4093l8pcc93hxd3tj5f3eaxzqz,400968404100,
aa64942beff9e1e24f45d0cf5fdd27be4cf6395cdf78b5c778c77ba7f99b25fd,2023-11-28T01:47:43.453000,received,kaspa:qzptk8av4p5jmvdrnacrg36jxc2nhwmhcmu4093l8pcc93hxd3tj5f3eaxzqz,400968404100,
aa64942beff9e1e24f45d0cf5fdd27be4cf6395cdf78b5c778c77ba7f99b25fd,2023-11-28T01:47:43.453000,received,kaspa:qzptk8av4p5jmvdrnacrg36jxc2nhwmhcmu4093l8pcc93hxd3tj5f3eaxzqz,400968404100,
aa64942beff9e1e24f45d0cf5fdd27be4cf6395cdf78b5c778c77ba7f99b25fd,2023-11-28T01:47:43.453000,received,kaspa:qzptk8av4p5jmvdrnacrg36jxc2nhwmhcmu4093l8pcc93hxd3tj5f3eaxzqz,400968404100,
aa64942beff9e1e24f45d0cf5fdd27be4cf6395cdf78b5c778c77ba7f99b25fd,2023-11-28T01:47:43.453000,received,kaspa:qzptk8av4p5jmvdrnacrg36jxc2nhwmhcmu4093l8pcc93hxd3tj5f3eaxzqz,400968404100,
aa64942beff9e1e24f45d0cf5fdd27be4cf6395cdf78b5c778c77ba7f99b25fd,2023-11-28T01:47:43.453000,received,kaspa:qzptk8av4p5jmvdrnacrg36jxc2nhwmhcmu4093l8pcc93hxd3tj5f3eaxzqz,400968404100,
aa64942beff9e1e24f45d0cf5fdd27be4cf6395cdf78b5c778c77ba7f99b25fd,2023-11-28T01:47:43.453000,received,kaspa:qzptk8av4p5jmvdrnacrg36jxc2nhwmhcmu4093l8pcc93hxd3tj5f3eaxzqz,400968404100,
aa64942beff9e1e24f45d0cf5fdd27be4cf6395cdf78b5c778c77ba7f99b25fd,2023-11-28T01:47:43.453000,received,kaspa:qzptk8av4p5jmvdrnacrg36jxc2nhwmhcmu4093l8pcc93hxd3tj5f3eaxzqz,400968404100,
aa64942beff9e1e24f45d0cf5fdd27be4cf6395cdf78b5c778c77ba7f99b25fd,2023-11-28T01:47:43.453000,received,kaspa:qzptk8av4p5jmvdrnacrg36jxc2nhwmhcmu4093l8pcc93hxd3tj5f3eaxzqz,400968404100,
aa64942beff9e1e24f45d0cf5fdd27be4cf6395cdf78b5c778c77ba7f99b25fd,2023-11-28T01:47:43.453000,received,kaspa:qzptk8av4p5jmvdrnacrg36jxc2nhwmhcmu4093l8pcc93hxd3tj5f3eaxzqz,400968404100,
aa64942beff9e1e24f45d0cf5fdd27be4cf6395cdf78b5c778c77ba7f99b25fd,2023-11-28T01:47:43.453000,received,kaspa:qzptk8av4p5jmvdrnacrg36jxc2nhwmhcmu4093l8pcc93hxd3tj5f3eaxzqz,400968404100,
aa64942beff9e1e24f45d0cf5fdd27be4cf6395cdf78b5c778c77ba7f99b25fd,2023-11-28T01:47:43.453000,received,kaspa:qzptk8av4p5jmvdrnacrg36jxc2nhwmhcmu4093l8pcc93hxd3tj5f3eaxzqz,400968404100,
aa64942beff9e1e24f45d0cf5fdd27be4cf6395cdf78b5c778c77ba7f99b25fd,2023-11-28T01:47:43.453000,received,kaspa:qzptk8av4p5jmvdrnacrg36jxc2nhwmhcmu4093l8pcc93hxd3tj5f3eaxzqz,400968404100,
aa64942beff9e1e24f45d0cf5fdd27be4cf6395cdf78b5c778c77ba7f99b25fd,2023-11-28T01:47:43.453000,received,kaspa:qzptk8av4p5jmvdrnacrg36jxc2nhwmhcmu4093l8pcc93hxd3tj5f3eaxzqz,400968404100,
aa64942beff9e1e24f45d0cf5fdd27be4cf6395cdf78b5c778c77ba7f99b25fd,2023-11-28T01:47:43.453000,received,kaspa:qzptk8av4p5jmvdrnacrg36jxc2nhwmhcmu4093l8pcc93hxd3tj5f3eaxzqz,400968404100,
aa64942beff9e1e24f45d0cf5fdd27be4cf6395cdf78b5c778c77ba7f99b25fd,2023-11-28T01:47:43.453000,received,kaspa:qzptk8av4p5jmvdrnacrg36jxc2nhwmhcmu4093l8pcc93hxd3tj5f3eaxzqz,400968404100,
aa64942beff9e1e24f45d0cf5fdd27be4cf6395cdf78b5c778c77ba7f99b25fd,2023-11-28T01:47:43.453000,received,kaspa:qzptk8av4p5jmvdrnacrg36jxc2nhwmhcmu4093l8pcc93hxd3tj5f3eaxzqz,400968404100,
aa64942beff9e1e24f45d0cf5fdd27be4cf6395cdf78b5c778c77ba7f99b25fd,2023-11-28T01:47:43.453000,received,kaspa:qzptk8av4p5jmvdrnacrg36jxc2nhwmhcmu4093l8pcc93hxd3tj5f3eaxzqz,400968404100,
aa64942beff9e1e24f45d0cf5fdd27be4cf6395cdf78b5c778c77ba7f99b25fd,2023-11-28T01:47:43.453000,received,kaspa:qzptk8av4p5jmvdrnacrg36jxc2nhwmhcmu4093l8pcc93hxd3tj5f3eaxzqz,400968404100,
aa64942beff9e1e24f45d0cf5fdd27be4cf6395cdf78b5c778c77ba7f99b25fd,2023-11-28T01:47:43.453000,received,kaspa:qzptk8av4p5jmvdrnacrg36jxc2nhwmhcmu4093l8pcc93hxd3tj5f3eaxzqz,400968404100,
aa64942beff9e1e24f45d0cf5fdd27be4cf6395cdf78b5c778c77ba7f99b25fd,2023-11-28T01:47:43.453000,received,kaspa:qzptk8av4p5jmvdrnacrg36jxc2nhwmhcmu4093l8pcc93hxd3tj5f3eaxzqz,400968404100,
aa64942beff9e1e24f45d0cf5fdd27be4cf6395cdf78b5c778c77ba7f99b25fd,2023-11-28T01:47:43.453000,received,kaspa:qzptk8av4p5jmvdrnacrg36jxc2nhwmhcmu4093l8pcc93hxd3tj5f3eaxzqz,400968404100,
aa64942beff9e1e24f45d0cf5fdd27be4cf6395cdf78b5c778c77ba7f99b25fd,2023-11-28T01:47:43.453000,received,kaspa:qzptk8av4p5jmvdrnacrg36jxc2nhwmhcmu4093l8pcc93hxd3tj5f3eaxzqz,400968404100,
aa64942beff9e1e24f45d0cf5fdd27be4cf6395cdf78b5c778c77ba7f99b25fd,2023-11-28T01:47:43.453000,received,kaspa:qzptk8av4p5jmvdrnacrg36jxc2nhwmhcmu4093l8pcc93hxd3tj5f3eaxzqz,400968404100,
aa64942beff9e1e24f45d0cf5fdd27be4cf6395cdf78b5c778c77ba7f99b25fd,2023-11-28T01:47:43.453000,received,kaspa:qzptk8av4p5jmvdrnacrg36jxc2nhwmhcmu4093l8pcc93hxd3tj5f3eaxzqz,400968404100,
aa64942beff9e1e24f45d0cf5fdd27be4cf6395cdf78b5c778c77ba7f99b25fd,2023-11-28T01:47:43.453000,received,kaspa:qzptk8av4p5jmvdrnacrg36jxc2nhwmhcmu4093l8pcc93hxd3tj5f3eaxzqz,400968404100,
aa64942beff9e1e24f45d0cf5fdd27be4cf6395cdf78b5c778c77ba7f99b25fd,2023-11-28T01:47:43.453000,received,kaspa:qzptk8av4p5jmvdrnacrg36jxc2nhwmhcmu4093l8pcc93hxd3tj5f3eaxzqz,400968404100,
aa64942beff9e1e24f45d0cf5fdd27be4cf6395cdf78b5c778c77ba7f99b25fd,2023-11-28T01:47:43.453000,received,kaspa:qzptk8av4p5jmvdrnacrg36jxc2nhwmhcmu4093l8pcc93hxd3tj5f3eaxzqz,400968404100,
aa64942beff9e1e24f45d0cf5fdd27be4cf6395cdf78b5c778c77ba7f99b25fd,2023-11-28T01:47:43.453000,received,kaspa:qzptk8av4p5jmvdrnacrg36jxc2nhwmhcmu4093l8pcc93hxd3tj5f3eaxzqz,400968404100,
aa64942beff9e1e24f45d0cf5fdd27be4cf6395cdf78b5c778c77ba7f99b25fd,2023-11-28T01:47:43.453000,received,kaspa:qzptk8av4p5jmvdrnacrg36jxc2nhwmhcmu4093l8pcc93hxd3tj5f3eaxzqz,400968404100,
aa64942beff9e1e24f45d0cf5fdd27be4cf6395cdf78b5c778c77ba7f99b25fd,2023-11-28T01:47:43.453000,received,kaspa:qzptk8av4p5jmvdrnacrg36jxc2nhwmhcmu4093l8pcc93hxd3tj5f3eaxzqz,400968404100,
aa64942beff9e1e24f45d0cf5fdd27be4cf6395cdf78b5c778c77ba7f99b25fd,2023-11-28T01:47:43.453000,received,kaspa:qzptk8av4p5jmvdrnacrg36jxc2nhwmhcmu4093l8pcc93hxd3tj5f3eaxzqz,400968404100,
aa64942beff9e1e24f45d0cf5fdd27be4cf6395cdf78b5c778c77ba7f99b25fd,2023-11-28T01:47:43.453000,received,kaspa:qzptk8av4p5jmvdrnacrg36jxc2nhwmhcmu4093l8pcc93hxd3tj5f3eaxzqz,400968404100,
aa64942beff9e1e24f45d0cf5fdd27be4cf6395cdf78b5c778c77ba7f99b25fd,2023-11-28T01:47:43.453000,received,kaspa:qzptk8av4p5jmvdrnacrg36jxc2nhwmhcmu4093l8pcc93hxd3tj5f3eaxzqz,400968404100,
aa64942beff9e1e24f45d0cf5fdd27be4cf6395cdf78b5c778c77ba7f99b25fd,2023-11-28T01:47:43.453000,received,kaspa:qzptk8av4p5jmvdrnacrg36jxc2nhwmhcmu4093l8pcc93hxd3tj5f3eaxzqz,400968404100,
aa64942beff9e1e24f45d0cf5fdd27be4cf6395cdf78b5c778c77ba7f99b25fd,2023-11-28T01:47:43.453000,received,kaspa:qzptk8av4p5jmvdrnacrg36jxc2nhwmhcmu4093l8pcc93hxd3tj5f3eaxzqz,400968404100,
aa64942beff9e1e24f45d0cf5fdd27be4cf6395cdf78b5c778c77ba7f99b25fd,2023-11-28T01:47:43.453000,received,kaspa:qzptk8av4p5jmvdrnacrg36jxc2nhwmhcmu4093l8pcc93hxd3tj5f3eaxzqz,400968404100,
aa64942beff9e1e24f45d0cf5fdd27be4cf6395cdf78b5c778c77ba7f99b25fd,2023-11-28T01:47:43.453000,received,kaspa:qzptk8av4p5jmvdrnacrg36jxc2nhwmhcmu4093l8pcc93hxd3tj5f3eaxzqz,400968404100,
aa64942beff9e1e24f45d0cf5fdd27be4cf6395cdf78b5c778c77ba7f99b25fd,2023-11-28T01:47:43.453000,received,kaspa:qzptk8av4p5jmvdrnacrg36jxc2nhwmhcmu4093l8pcc93hxd3tj5f3eaxzqz,400968404100,
aa64942beff9e1e24f45d0cf5fdd27be4cf6395cdf78b5c778c77ba7f99b25fd,2023-11-28T01:47:43.453000,received,kaspa:qzptk8av4p5jmvdrnacrg36jxc2nhwmhcmu4093l8pcc93hxd3tj5f3eaxzqz,400968404100,
aa64942beff9e1e24f45d0cf5fdd27be4cf6395cdf78b5c778c77ba7f99b25fd,2023-11-28T01:47:43.453000,received,kaspa:qzptk8av4p5jmvdrnacrg36jxc2nhwmhcmu4093l8pcc93hxd3tj5f3eaxzqz,400968404100,
aa64942beff9e1e24f45d0cf5fdd27be4cf6395cdf78b5c778c77ba7f99b25fd,2023-11-28T01:47:43.453000,received,kaspa:qzptk8av4p5jmvdrnacrg36jxc2nhwmhcmu4093l8pcc93hxd3tj5f3eaxzqz,400968404100,
aa64942beff9e1e24f45d0cf5fdd27be4cf6395cdf78b5c778c77ba7f99b25fd,2023-11-28T01:47:43.453000,received,kaspa:qzptk8av4p5jmvdrnacrg36jxc2nhwmhcmu4093l8pcc93hxd3tj5f3eaxzqz,400968404100,
aa64942beff9e1e24f45d0cf5fdd27be4cf6395cdf78b5c778c77ba7f99b25fd,2023-11-28T01:47:43.453000,received,kaspa:qzptk8av4p5jmvdrnacrg36jxc2nhwmhcmu4093l8pcc93hxd3tj5f3eaxzqz,400968404100,
aa64942beff9e1e24f45d0cf5fdd27be4cf6395cdf78b5c778c77ba7f99b25fd,2023-11-28T01:47:43.453000,received,kaspa:qzptk8av4p5jmvdrnacrg36jxc2nhwmhcmu4093l8pcc93hxd3tj5f3eaxzqz,400968404100,
aa64942beff9e1e24f45d0cf5fdd27be4cf6395cdf78b5c778c77ba7f99b25fd,2023-11-28T01:47:43.453000,received,kaspa:qzptk8av4p5jmvdrnacrg36jxc2nhwmhcmu4093l8pcc93hxd3tj5f3eaxzqz,400968404100,
aa64942beff9e1e24f45d0cf5fdd27be4cf6395cdf78b5c778c77ba7f99b25fd,2023-11-28T01:47:43.453000,received,kaspa:qzptk8av4p5jmvdrnacrg36jxc2nhwmhcmu4093l8pcc93hxd3tj5f3eaxzqz,400968404100,
aa64942beff9e1e24f45d0cf5fdd27be4cf6395cdf78b5c778c77ba7f99b25fd,2023-11-28T01:47:43.453000,received,kaspa:qzptk8av4p5jmvdrnacrg36jxc2nhwmhcmu4093l8pcc93hxd3tj5f3eaxzqz,400968404100,
aa64942beff9e1e24f45d0cf5fdd27be4cf6395cdf78b5c778c77ba7f99b25fd,2023-11-28T01:47:43.453000,received,kaspa:qzptk8av4p5jmvdrnacrg36jxc2nhwmhcmu4093l8pcc93hxd3tj5f3eaxzqz,400968404100,
aa64942beff9e1e24f45d0cf5fdd27be4cf6395cdf78b5c778c77ba7f99b25fd,2023-11-28T01:47:43.453000,received,kaspa:qzptk8av4p5jmvdrnacrg36jxc2nhwmhcmu4093l8pcc93hxd3tj5f3eaxzqz,400968404100,
aa64942beff9e1e24f45d0cf5fdd27be4cf6395cdf78b5c778c77ba7f99b25fd,2023-11-28T01:47:43.453000,received,kaspa:qzptk8av4p5jmvdrnacrg36jxc2nhwmhcmu4093l8pcc93hxd3tj5f3eaxzqz,400968404100,
aa64942beff9e1e24f45d0cf5fdd27be4cf6395cdf78b5c778c77ba7f99b25fd,2023-11-28T01:47:43.453000,received,kaspa:qzptk8av4p5jmvdrnacrg36jxc2nhwmhcmu4093l8pcc93hxd3tj5f3eaxzqz,400968404100,
aa64942beff9e1e24f45d0cf5fdd27be4cf6395cdf78b5c778c77ba7f99b25fd,2023-11-28T01:47:43.453000,received,kaspa:qzptk8av4p5jmvdrnacrg36jxc2nhwmhcmu4093l8pcc93hxd3tj5f3eaxzqz,400968404100,
aa64942beff9e1e24f45d0cf5fdd27be4cf6395cdf78b5c778c77ba7f99b25fd,2023-11-28T01:47:43.453000,received,kaspa:qzptk8av4p5jmvdrnacrg36jxc2nhwmhcmu4093l8pcc93hxd3tj5f3eaxzqz,400968404100,
aa64942beff9e1e24f45d0cf5fdd27be4cf6395cdf78b5c778c77ba7f99b25fd,2023-11-28T01:47:43.453000,received,kaspa:qzptk8av4p5jmvdrnacrg36jxc2nhwmhcmu4093l8pcc93hxd3tj5f3eaxzqz,400968404100,
aa64942beff9e1e24f45d0cf5fdd27be4cf6395cdf78b5c778c77ba7f99b25fd,2023-11-28T01:47:43.453000,received,kaspa:qzptk8av4p5jmvdrnacrg36jxc2nhwmhcmu4093l8pcc93hxd3tj5f3eaxzqz,400968404100,
aa64942beff9e1e24f45d0cf5fdd27be4cf6395cdf78b5c778c77ba7f99b25fd,2023-11-28T01:47:43.453000,received,kaspa:qzptk8av4p5jmvdrnacrg36jxc2nhwmhcmu4093l8pcc93hxd3tj5f3eaxzqz,400968404100,
aa64942beff9e1e24f45d0cf5fdd27be4cf6395cdf78b5c778c77ba7f99b25fd,2023-11-28T01:47:43.453000,received,kaspa:qzptk8av4p5jmvdrnacrg36jxc2nhwmhcmu4093l8pcc93hxd3tj5f3eaxzqz,400968404100,
aa64942beff9e1e24f45d0cf5fdd27be4cf6395cdf78b5c778c77ba7f99b25fd,2023-11-28T01:47:43.453000,received,kaspa:qzptk8av4p5jmvdrnacrg36jxc2nhwmhcmu4093l8pcc93hxd3tj5f3eaxzqz,400968404100,
259eea56b769e69117c0fc458b81cf6300ef631eb18d13a77eb5d2782fd82db6,2023-11-26T21:05:44.328000,sent,kaspa:qzallzw6wzy7ujg8km9qpw7vtrr5j7ks4jw798uc5mrtwq42u24acay8r2k52,400000000000,
259eea56b769e69117c0fc458b81cf6300ef631eb18d13a77eb5d2782fd82db6,2023-11-26T21:05:44.328000,sent,kaspa:qzallzw6wzy7ujg8km9qpw7vtrr5j7ks4jw798uc5mrtwq42u24acay8r2k52,400000000000,
259eea56b769e69117c0fc458b81cf6300ef631eb18d13a77eb5d2782fd82db6,2023-11-26T21:05:44.328000,sent,kaspa:qzallzw6wzy7ujg8km9qpw7vtrr5j7ks4jw798uc5mrtwq42u24acay8r2k52,400000000000,
259eea56b769e69117c0fc458b81cf6300ef631eb18d13a77eb5d2782fd82db6,2023-11-26T21:05:44.328000,sent,kaspa:qzallzw6wzy7ujg8km9qpw7vtrr5j7ks4jw798uc5mrtwq42u24acay8r2k52,400000000000,
259eea56b769e69117c0fc458b81cf6300ef631eb18d13a77eb5d2782fd82db6,2023-11-26T21:05:44.328000,sent,kaspa:qzallzw6wzy7ujg8km9qpw7vtrr5j7ks4jw798uc5mrtwq42u24acay8r2k52,400000000000,
259eea56b769e69117c0fc458b81cf6300ef631eb18d13a77eb5d2782fd82db6,2023-11-26T21:05:44.328000,sent,kaspa:qzallzw6wzy7ujg8km9qpw7vtrr5j7ks4jw798uc5mrtwq42u24acay8r2k52,400000000000,
259eea56b769e69117c0fc458b81cf6300ef631eb18d13a77eb5d2782fd82db6,2023-11-26T21:05:44.328000,sent,kaspa:qzallzw6wzy7ujg8km9qpw7vtrr5j7ks4jw798uc5mrtwq42u24acay8r2k52,400000000000,
259eea56b769e69117c0fc458b81cf6300ef631eb18d13a77eb5d2782fd82db6,2023-11-26T21:05:44.328000,sent,kaspa:qzallzw6wzy7ujg8km9qpw7vtrr5j7ks4jw798uc5mrtwq42u24acay8r2k52,400000000000,
259eea56b769e69117c0fc458b81cf6300ef631eb18d13a77eb5d2782fd82db6,2023-11-26T21:05:44.328000,sent,kaspa:qzallzw6wzy7ujg8km9qpw7vtrr5j7ks4jw798uc5mrtwq42u24acay8r2k52,400000000000,
259eea56b769e69117c0fc458b81cf6300ef631eb18d13a77eb5d2782fd82db6,2023-11-26T21:05:44.328000,sent,kaspa:qzallzw6wzy7ujg8km9qpw7vtrr5j7ks4jw798uc5mrtwq42u24acay8r2k52,400000000000,
259eea56b769e69117c0fc458b81cf6300ef631eb18d13a77eb5d2782fd82db6,2023-11-26T21:05:44.328000,sent,kaspa:qzallzw6wzy7ujg8km9qpw7vtrr5j7ks4jw798uc5mrtwq42u24acay8r2k52,400000000000,
259eea56b769e69117c0fc458b81cf6300ef631eb18d13a77eb5d2782fd82db6,2023-11-26T21:05:44.328000,sent,kaspa:qzallzw6wzy7ujg8km9qpw7vtrr5j7ks4jw798uc5mrtwq42u24acay8r2k52,400000000000,
259eea56b769e69117c0fc458b81cf6300ef631eb18d13a77eb5d2782fd82db6,2023-11-26T21:05:44.328000,sent,kaspa:qzallzw6wzy7ujg8km9qpw7vtrr5j7ks4jw798uc5mrtwq42u24acay8r2k52,400000000000,
259eea56b769e69117c0fc458b81cf6300ef631eb18d13a77eb5d2782fd82db6,2023-11-26T21:05:44.328000,sent,kaspa:qzallzw6wzy7ujg8km9qpw7vtrr5j7ks4jw798uc5mrtwq42u24acay8r2k52,400000000000,
259eea56b769e69117c0fc458b81cf6300ef631eb18d13a77eb5d2782fd82db6,2023-11-26T21:05:44.328000,sent,kaspa:qzallzw6wzy7ujg8km9qpw7vtrr5j7ks4jw798uc5mrtwq42u24acay8r2k52,400000000000,
259eea56b769e69117c0fc458b81cf6300ef631eb18d13a77eb5d2782fd82db6,2023-11-26T21:05:44.328000,sent,kaspa:qzallzw6wzy7ujg8km9qpw7vtrr5j7ks4jw798uc5mrtwq42u24acay8r2k52,400000000000,
259eea56b769e69117c0fc458b81cf6300ef631eb18d13a77eb5d2782fd82db6,2023-11-26T21:05:44.328000,sent,kaspa:qzallzw6wzy7ujg8km9qpw7vtrr5j7ks4jw798uc5mrtwq42u24acay8r2k52,400000000000,
259eea56b769e69117c0fc458b81cf6300ef631eb18d13a77eb5d2782fd82db6,2023-11-26T21:05:44.328000,sent,kaspa:qzallzw6wzy7ujg8km9qpw7vtrr5j7ks4jw798uc5mrtwq42u24acay8r2k52,400000000000,
259eea56b769e69117c0fc458b81cf6300ef631eb18d13a77eb5d2782fd82db6,2023-11-26T21:05:44.328000,sent,kaspa:qzallzw6wzy7ujg8km9qpw7vtrr5j7ks4jw798uc5mrtwq42u24acay8r2k52,400000000000,
259eea56b769e69117c0fc458b81cf6300ef631eb18d13a77eb5d2782fd82db6,2023-11-26T21:05:44.328000,sent,kaspa:qzallzw6wzy7ujg8km9qpw7vtrr5j7ks4jw798uc5mrtwq42u24acay8r2k52,400000000000,
259eea56b769e69117c0fc458b81cf6300ef631eb18d13a77eb5d2782fd82db6,2023-11-26T21:05:44.328000,sent,kaspa:qzallzw6wzy7ujg8km9qpw7vtrr5j7ks4jw798uc5mrtwq42u24acay8r2k52,400000000000,
7f0a6843424753aed302d64cf63f46c3b251a9a89b16a68a7ca8d7fc00ecf5df,2023-11-18T00:30:31.139000,sent,kaspa:qqfkuxs7qpcykg4xc386skgue9xzgyufe6u7wluvk8jtvnmtfwz0xfwysz3xp,10000000000,
6cc3f2edbdb6d837035a16cd70c4ecb8e705ce5c3a3ddd5eef82435206688f69,2023-11-17T23:01:37.936000,received,kaspa:qrk9decfnl4rayeegp6gd3tc6605zavclkpud5jp78axat5namppwt050d57j,13187000000,
e02eab553f1d6a9553db8f27a68a6a32814a692c1684c4eb50b7f028e4934bfe,2023-11-17T10:47:02.537000,received,kaspa:qrk9decfnl4rayeegp6gd3tc6605zavclkpud5jp78axat5namppwt050d57j,28904000000,
e02eab553f1d6a9553db8f27a68a6a32814a692c1684c4eb50b7f028e4934bfe,2023-11-17T10:47:02.537000,received,kaspa:qrk9decfnl4rayeegp6gd3tc6605zavclkpud5jp78axat5namppwt050d57j,28904000000,
260a017e63f0626ad95b00c02a2fd262cbfb64202de037d9e87531d4bcd3fdfb,2023-11-16T22:48:55.333000,received,kaspa:qrk9decfnl4rayeegp6gd3tc6605zavclkpud5jp78axat5namppwt050d57j,29042000000,
260a017e63f0626ad95b00c02a2fd262cbfb64202de037d9e87531d4bcd3fdfb,2023-11-16T22:48:55.333000,received,kaspa:qrk9decfnl4rayeegp6gd3tc6605zavclkpud5jp78axat5namppwt050d57j,29042000000,
06ee97dd9f265e13cdbeeed8653f41eeddd082100a91f6d2a078f5ece669bcd8,2023-11-16T10:47:02.914000,received,kaspa:qrk9decfnl4rayeegp6gd3tc6605zavclkpud5jp78axat5namppwt050d57j,29024000000,
06ee97dd9f265e13cdbeeed8653f41eeddd082100a91f6d2a078f5ece669bcd8,2023-11-16T10:47:02.914000,received,kaspa:qrk9decfnl4rayeegp6gd3tc6605zavclkpud5jp78axat5namppwt050d57j,29024000000,
b1dfca97fcf7b6d628e8f3f9e311ea536cde77c15bd2dd290fad06ad9de5aff4,2023-11-15T22:51:54.476000,received,kaspa:qqfygshv9yx7e9mjzsd9cswact74keeuy5xy6cyw9gxyfzjmnwz4wsfsmukmu,19184000000,
b1dfca97fcf7b6d628e8f3f9e311ea536cde77c15bd2dd290fad06ad9de5aff4,2023-11-15T22:51:54.476000,received,kaspa:qqfygshv9yx7e9mjzsd9cswact74keeuy5xy6cyw9gxyfzjmnwz4wsfsmukmu,19184000000,
b1dfca97fcf7b6d628e8f3f9e311ea536cde77c15bd2dd290fad06ad9de5aff4,2023-11-15T22:51:54.476000,received,kaspa:qqfygshv9yx7e9mjzsd9cswact74keeuy5xy6cyw9gxyfzjmnwz4wsfsmukmu,19184000000,
b1dfca97fcf7b6d628e8f3f9e311ea536cde77c15bd2dd290fad06ad9de5aff4,2023-11-15T22:51:54.476000,received,kaspa:qqfygshv9yx7e9mjzsd9cswact74keeuy5xy6cyw9gxyfzjmnwz4wsfsmukmu,19184000000,
87c6e55f3da2f9b9eed64ff311ab32df6ef57a8e49022e3f1bcc12bf872deec2,2023-11-15T04:59:00.171000,received,kaspa:qpru5qxrtthdkvkc3rzwlq6rzr2pnu8plg882yuqtja03vt8ktjm2g6zpc2nn,390070694300,
87c6e55f3da2f9b9eed64ff311ab32df6ef57a8e49022e3f1bcc12bf872deec2,2023-11-15T04:59:00.171000,received,kaspa:qp9rv9jvx2kyf6wu4lupuruunq5zsuszyxs0dr3l89ej7wsgs48jqkewy6xtl,390070694300,
87c6e55f3da2f9b9eed64ff311ab32df6ef57a8e49022e3f1bcc12bf872deec2,2023-11-15T04:59:00.171000,received,kaspa:qp9rv9jvx2kyf6wu4lupuruunq5zsuszyxs0dr3l89ej7wsgs48jqkewy6xtl,390070694300,
87c6e55f3da2f9b9eed64ff311ab32df6ef57a8e49022e3f1bcc12bf872deec2,2023-11-15T04:59:00.171000,received,kaspa:qpru5qxrtthdkvkc3rzwlq6rzr2pnu8plg882yuqtja03vt8ktjm2g6zpc2nn,390070694300,
87c6e55f3da2f9b9eed64ff311ab32df6ef57a8e49022e3f1bcc12bf872deec2,2023-11-15T04:59:00.171000,received,kaspa:qpru5qxrtthdkvkc3rzwlq6rzr2pnu8plg882yuqtja03vt8ktjm2g6zpc2nn,390070694300,
87c6e55f3da2f9b9eed64ff311ab32df6ef57a8e49022e3f1bcc12bf872deec2,2023-11-15T04:59:00.171000,received,kaspa:qp9rv9jvx2kyf6wu4lupuruunq5zsuszyxs0dr3l89ej7wsgs48jqkewy6xtl,390070694300,
87c6e55f3da2f9b9eed64ff311ab32df6ef57a8e49022e3f1bcc12bf872deec2,2023-11-15T04:59:00.171000,received,kaspa:qp9rv9jvx2kyf6wu4lupuruunq5zsuszyxs0dr3l89ej7wsgs48jqkewy6xtl,390070694300,
87c6e55f3da2f9b9eed64ff311ab32df6ef57a8e49022e3f1bcc12bf872deec2,2023-11-15T04:59:00.171000,received,kaspa:qp9rv9jvx2kyf6wu4lupuruunq5zsuszyxs0dr3l89ej7wsgs48jqkewy6xtl,390070694300,
87c6e55f3da2f9b9eed64ff311ab32df6ef57a8e49022e3f1bcc12bf872deec2,2023-11-15T04:59:00.171000,received,kaspa:qp9rv9jvx2kyf6wu4lupuruunq5zsuszyxs0dr3l89ej7wsgs48jqkewy6xtl,390070694300,
87c6e55f3da2f9b9eed64ff311ab32df6ef57a8e49022e3f1bcc12bf872deec2,2023-11-15T04:59:00.171000,received,kaspa:qp9rv9jvx2kyf6wu4lupuruunq5zsuszyxs0dr3l89ej7wsgs48jqkewy6xtl,390070694300,
87c6e55f3da2f9b9eed64ff311ab32df6ef57a8e49022e3f1bcc12bf872deec2,2023-11-15T04:59:00.171000,received,kaspa:qp9rv9jvx2kyf6wu4lupuruunq5zsuszyxs0dr3l89ej7wsgs48jqkewy6xtl,390070694300,
87c6e55f3da2f9b9eed64ff311ab32df6ef57a8e49022e3f1bcc12bf872deec2,2023-11-15T04:59:00.171000,received,kaspa:qzpsrd6d3jdtv5z6er28xtvnp0ln3zpx8a07cv2jmc0cltcpkx7jy7lt5rya7,390070694300,
87c6e55f3da2f9b9eed64ff311ab32df6ef57a8e49022e3f1bcc12bf872deec2,2023-11-15T04:59:00.171000,received,kaspa:qpru5qxrtthdkvkc3rzwlq6rzr2pnu8plg882yuqtja03vt8ktjm2g6zpc2nn,390070694300,
87c6e55f3da2f9b9eed64ff311ab32df6ef57a8e49022e3f1bcc12bf872deec2,2023-11-15T04:59:00.171000,received,kaspa:qzpsrd6d3jdtv5z6er28xtvnp0ln3zpx8a07cv2jmc0cltcpkx7jy7lt5rya7,390070694300,
87c6e55f3da2f9b9eed64ff311ab32df6ef57a8e49022e3f1bcc12bf872deec2,2023-11-15T04:59:00.171000,received,kaspa:qzptk8av4p5jmvdrnacrg36jxc2nhwmhcmu4093l8pcc93hxd3tj5f3eaxzqz,390070694300,
87c6e55f3da2f9b9eed64ff311ab32df6ef57a8e49022e3f1bcc12bf872deec2,2023-11-15T04:59:00.171000,received,kaspa:qzptk8av4p5jmvdrnacrg36jxc2nhwmhcmu4093l8pcc93hxd3tj5f3eaxzqz,390070694300,
87c6e55f3da2f9b9eed64ff311ab32df6ef57a8e49022e3f1bcc12bf872deec2,2023-11-15T04:59:00.171000,received,kaspa:qzptk8av4p5jmvdrnacrg36jxc2nhwmhcmu4093l8pcc93hxd3tj5f3eaxzqz,390070694300,
87c6e55f3da2f9b9eed64ff311ab32df6ef57a8e49022e3f1bcc12bf872deec2,2023-11-15T04:59:00.171000,received,kaspa:qzptk8av4p5jmvdrnacrg36jxc2nhwmhcmu4093l8pcc93hxd3tj5f3eaxzqz,390070694300,
87c6e55f3da2f9b9eed64ff311ab32df6ef57a8e49022e3f1bcc12bf872deec2,2023-11-15T04:59:00.171000,received,kaspa:qzptk8av4p5jmvdrnacrg36jxc2nhwmhcmu4093l8pcc93hxd3tj5f3eaxzqz,390070694300,
87c6e55f3da2f9b9eed64ff311ab32df6ef57a8e49022e3f1bcc12bf872deec2,2023-11-15T04:59:00.171000,received,kaspa:qzptk8av4p5jmvdrnacrg36jxc2nhwmhcmu4093l8pcc93hxd3tj5f3eaxzqz,390070694300,
87c6e55f3da2f9b9eed64ff311ab32df6ef57a8e49022e3f1bcc12bf872deec2,2023-11-15T04:59:00.171000,received,kaspa:qzptk8av4p5jmvdrnacrg36jxc2nhwmhcmu4093l8pcc93hxd3tj5f3eaxzqz,390070694300,
87c6e55f3da2f9b9eed64ff311ab32df6ef57a8e49022e3f1bcc12bf872deec2,2023-11-15T04:59:00.171000,received,kaspa:qzptk8av4p5jmvdrnacrg36jxc2nhwmhcmu4093l8pcc93hxd3tj5f3eaxzqz,390070694300,
87c6e55f3da2f9b9eed64ff311ab32df6ef57a8e49022e3f1bcc12bf872deec2,2023-11-15T04:59:00.171000,received,kaspa:qzptk8av4p5jmvdrnacrg36jxc2nhwmhcmu4093l8pcc93hxd3tj5f3eaxzqz,390070694300,
87c6e55f3da2f9b9eed64ff311ab32df6ef57a8e49022e3f1bcc12bf872deec2,2023-11-15T04:59:00.171000,received,kaspa:qzptk8av4p5jmvdrnacrg36jxc2nhwmhcmu4093l8pcc93hxd3tj5f3eaxzqz,390070694300,
87c6e55f3da2f9b9eed64ff311ab32df6ef57a8e49022e3f1bcc12bf872deec2,2023-11-15T04:59:00.171000,received,kaspa:qzptk8av4p5jmvdrnacrg36jxc2nhwmhcmu4093l8pcc93hxd3tj5f3eaxzqz,390070694300,
87c6e55f3da2f9b9eed64ff311ab32df6ef57a8e49022e3f1bcc12bf872deec2,2023-11-15T04:59:00.171000,received,kaspa:qzptk8av4p5jmvdrnacrg36jxc2nhwmhcmu4093l8pcc93hxd3tj5f3eaxzqz,390070694300,
87c6e55f3da2f9b9eed64ff311ab32df6ef57a8e49022e3f1bcc12bf872deec2,2023-11-15T04:59:00.171000,received,kaspa:qzptk8av4p5jmvdrnacrg36jxc2nhwmhcmu4093l8pcc93hxd3tj5f3eaxzqz,390070694300,
87c6e55f3da2f9b9eed64ff311ab32df6ef57a8e49022e3f1bcc12bf872deec2,2023-11-15T04:59:00.171000,received,kaspa:qzptk8av4p5jmvdrnacrg36jxc2nhwmhcmu4093l8pcc93hxd3tj5f3eaxzqz,390070694300,
87c6e55f3da2f9b9eed64ff311ab32df6ef57a8e49022e3f1bcc12bf872deec2,2023-11-15T04:59:00.171000,received,kaspa:qzptk8av4p5jmvdrnacrg36jxc2nhwmhcmu4093l8pcc93hxd3tj5f3eaxzqz,390070694300,
87c6e55f3da2f9b9eed64ff311ab32df6ef57a8e49022e3f1bcc12bf872deec2,2023-11-15T04:59:00.171000,received,kaspa:qzptk8av4p5jmvdrnacrg36jxc2nhwmhcmu4093l8pcc93hxd3tj5f3eaxzqz,390070694300,
d8ad26dc5272e110bcc467a609e3b5ee3e33ea7a064f955f1e34ce39d62d2392,2023-11-13T16:24:43.018000,sent,kaspa:qzallzw6wzy7ujg8km9qpw7vtrr5j7ks4jw798uc5mrtwq42u24acay8r2k52,390000000000,
d8ad26dc5272e110bcc467a609e3b5ee3e33ea7a064f955f1e34ce39d62d2392,2023-11-13T16:24:43.018000,sent,kaspa:qzallzw6wzy7ujg8km9qpw7vtrr5j7ks4jw798uc5mrtwq42u24acay8r2k52,390000000000,
d8ad26dc5272e110bcc467a609e3b5ee3e33ea7a064f955f1e34ce39d62d2392,2023-11-13T16:24:43.018000,sent,kaspa:qzallzw6wzy7ujg8km9qpw7vtrr5j7ks4jw798uc5mrtwq42u24acay8r2k52,390000000000,
d8ad26dc5272e110bcc467a609e3b5ee3e33ea7a064f955f1e34ce39d62d2392,2023-11-13T16:24:43.018000,sent,kaspa:qzallzw6wzy7ujg8km9qpw7vtrr5j7ks4jw798uc5mrtwq42u24acay8r2k52,390000000000,
d8ad26dc5272e110bcc467a609e3b5ee3e33ea7a064f955f1e34ce39d62d2392,2023-11-13T16:24:43.018000,sent,kaspa:qzallzw6wzy7ujg8km9qpw7vtrr5j7ks4jw798uc5mrtwq42u24acay8r2k52,390000000000,
d8ad26dc5272e110bcc467a609e3b5ee3e33ea7a064f955f1e34ce39d62d2392,2023-11-13T16:24:43.018000,sent,kaspa:qzallzw6wzy7ujg8km9qpw7vtrr5j7ks4jw798uc5mrtwq42u24acay8r2k52,390000000000,
d8ad26dc5272e110bcc467a609e3b5ee3e33ea7a064f955f1e34ce39d62d2392,2023-11-13T16:24:43.018000,sent,kaspa:qzallzw6wzy7ujg8km9qpw7vtrr5j7ks4jw798uc5mrtwq42u24acay8r2k52,390000000000,
d8ad26dc5272e110bcc467a609e3b5ee3e33ea7a064f955f1e34ce39d62d2392,2023-11-13T16:24:43.018000,sent,kaspa:qzallzw6wzy7ujg8km9qpw7vtrr5j7ks4jw798uc5mrtwq42u24acay8r2k52,390000000000,
4220ba0e5e88950f08494f5726546891233c860657d8ae55cf137a06941a123c,2023-11-07T18:39:11.075000,received,kaspa:qp9z8a0w7jedatvpr3l0knc6l0vdlpz7sp9kcd4yqq0up9hp87q4zyzr5ave9,32666100798,
4220ba0e5e88950f08494f5726546891233c860657d8ae55cf137a06941a123c,2023-11-07T18:39:11.075000,received,kaspa:qp9z8a0w7jedatvpr3l0knc6l0vdlpz7sp9kcd4yqq0up9hp87q4zyzr5ave9,32666100798,
4220ba0e5e88950f08494f5726546891233c860657d8ae55cf137a06941a123c,2023-11-07T18:39:11.075000,received,kaspa:qp9z8a0w7jedatvpr3l0knc6l0vdlpz7sp9kcd4yqq0up9hp87q4zyzr5ave9,32666100798,
62f5fed40365762d18de4850390e6a101359fed43b85f37c44720835fcd86ab7,2023-08-02T03:20:21.172000,sent,kaspa:qqsl0a5vm5t5djckrxk6w28t4msdfgg2dxlvv9xrvgrs836a9mh2cq24gpj0f,2142000000000,
62f5fed40365762d18de4850390e6a101359fed43b85f37c44720835fcd86ab7,2023-08-02T03:20:21.172000,sent,kaspa:qqsl0a5vm5t5djckrxk6w28t4msdfgg2dxlvv9xrvgrs836a9mh2cq24gpj0f,2142000000000,
62f5fed40365762d18de4850390e6a101359fed43b85f37c44720835fcd86ab7,2023-08-02T03:20:21.172000,sent,kaspa:qqsl0a5vm5t5djckrxk6w28t4msdfgg2dxlvv9xrvgrs836a9mh2cq24gpj0f,2142000000000,
62f5fed40365762d18de4850390e6a101359fed43b85f37c44720835fcd86ab7,2023-08-02T03:20:21.172000,sent,kaspa:qqsl0a5vm5t5djckrxk6w28t4msdfgg2dxlvv9xrvgrs836a9mh2cq24gpj0f,2142000000000,
62f5fed40365762d18de4850390e6a101359fed43b85f37c44720835fcd86ab7,2023-08-02T03:20:21.172000,sent,kaspa:qqsl0a5vm5t5djckrxk6w28t4msdfgg2dxlvv9xrvgrs836a9mh2cq24gpj0f,2142000000000,
62f5fed40365762d18de4850390e6a101359fed43b85f37c44720835fcd86ab7,2023-08-02T03:20:21.172000,sent,kaspa:qqsl0a5vm5t5djckrxk6w28t4msdfgg2dxlvv9xrvgrs836a9mh2cq24gpj0f,2142000000000,
62f5fed40365762d18de4850390e6a101359fed43b85f37c44720835fcd86ab7,2023-08-02T03:20:21.172000,sent,kaspa:qqsl0a5vm5t5djckrxk6w28t4msdfgg2dxlvv9xrvgrs836a9mh2cq24gpj0f,2142000000000,
62f5fed40365762d18de4850390e6a101359fed43b85f37c44720835fcd86ab7,2023-08-02T03:20:21.172000,sent,kaspa:qqsl0a5vm5t5djckrxk6w28t4msdfgg2dxlvv9xrvgrs836a9mh2cq24gpj0f,2142000000000,
62f5fed40365762d18de4850390e6a101359fed43b85f37c44720835fcd86ab7,2023-08-02T03:20:21.172000,sent,kaspa:qqsl0a5vm5t5djckrxk6w28t4msdfgg2dxlvv9xrvgrs836a9mh2cq24gpj0f,2142000000000,
62f5fed40365762d18de4850390e6a101359fed43b85f37c44720835fcd86ab7,2023-08-02T03:20:21.172000,sent,kaspa:qqsl0a5vm5t5djckrxk6w28t4msdfgg2dxlvv9xrvgrs836a9mh2cq24gpj0f,2142000000000,
62f5fed40365762d18de4850390e6a101359fed43b85f37c44720835fcd86ab7,2023-08-02T03:20:21.172000,sent,kaspa:qqsl0a5vm5t5djckrxk6w28t4msdfgg2dxlvv9xrvgrs836a9mh2cq24gpj0f,2142000000000,
62f5fed40365762d18de4850390e6a101359fed43b85f37c44720835fcd86ab7,2023-08-02T03:20:21.172000,sent,kaspa:qqsl0a5vm5t5djckrxk6w28t4msdfgg2dxlvv9xrvgrs836a9mh2cq24gpj0f,2142000000000,
62f5fed40365762d18de4850390e6a101359fed43b85f37c44720835fcd86ab7,2023-08-02T03:20:21.172000,sent,kaspa:qqsl0a5vm5t5djckrxk6w28t4msdfgg2dxlvv9xrvgrs836a9mh2cq24gpj0f,2142000000000,
62f5fed40365762d18de4850390e6a101359fed43b85f37c44720835fcd86ab7,2023-08-02T03:20:21.172000,sent,kaspa:qqsl0a5vm5t5djckrxk6w28t4msdfgg2dxlvv9xrvgrs836a9mh2cq24gpj0f,2142000000000,
62f5fed40365762d18de4850390e6a101359fed43b85f37c44720835fcd86ab7,2023-08-02T03:20:21.172000,sent,kaspa:qqsl0a5vm5t5djckrxk6w28t4msdfgg2dxlvv9xrvgrs836a9mh2cq24gpj0f,2142000000000,
62f5fed40365762d18de4850390e6a101359fed43b85f37c44720835fcd86ab7,2023-08-02T03:20:21.172000,sent,kaspa:qqsl0a5vm5t5djckrxk6w28t4msdfgg2dxlvv9xrvgrs836a9mh2cq24gpj0f,2142000000000,
62f5fed40365762d18de4850390e6a101359fed43b85f37c44720835fcd86ab7,2023-08-02T03:20:21.172000,sent,kaspa:qqsl0a5vm5t5djckrxk6w28t4msdfgg2dxlvv9xrvgrs836a9mh2cq24gpj0f,2142000000000,
62f5fed40365762d18de4850390e6a101359fed43b85f37c44720835fcd86ab7,2023-08-02T03:20:21.172000,sent,kaspa:qqsl0a5vm5t5djckrxk6w28t4msdfgg2dxlvv9xrvgrs836a9mh2cq24gpj0f,2142000000000,
62f5fed40365762d18de4850390e6a101359fed43b85f37c44720835fcd86ab7,2023-08-02T03:20:21.172000,sent,kaspa:qqsl0a5vm5t5djckrxk6w28t4msdfgg2dxlvv9xrvgrs836a9mh2cq24gpj0f,2142000000000,
62f5fed40365762d18de4850390e6a101359fed43b85f37c44720835fcd86ab7,2023-08-02T03:20:21.172000,sent,kaspa:qqsl0a5vm5t5djckrxk6w28t4msdfgg2dxlvv9xrvgrs836a9mh2cq24gpj0f,2142000000000,
62f5fed40365762d18de4850390e6a101359fed43b85f37c44720835fcd86ab7,2023-08-02T03:20:21.172000,sent,kaspa:qqsl0a5vm5t5djckrxk6w28t4msdfgg2dxlvv9xrvgrs836a9mh2cq24gpj0f,2142000000000,
62f5fed40365762d18de4850390e6a101359fed43b85f37c44720835fcd86ab7,2023-08-02T03:20:21.172000,sent,kaspa:qqsl0a5vm5t5djckrxk6w28t4msdfgg2dxlvv9xrvgrs836a9mh2cq24gpj0f,2142000000000,
62f5fed40365762d18de4850390e6a101359fed43b85f37c44720835fcd86ab7,2023-08-02T03:20:21.172000,sent,kaspa:qqsl0a5vm5t5djckrxk6w28t4msdfgg2dxlvv9xrvgrs836a9mh2cq24gpj0f,2142000000000,
62f5fed40365762d18de4850390e6a101359fed43b85f37c44720835fcd86ab7,2023-08-02T03:20:21.172000,sent,kaspa:qqsl0a5vm5t5djckrxk6w28t4msdfgg2dxlvv9xrvgrs836a9mh2cq24gpj0f,2142000000000,
62f5fed40365762d18de4850390e6a101359fed43b85f37c44720835fcd86ab7,2023-08-02T03:20:21.172000,sent,kaspa:qqsl0a5vm5t5djckrxk6w28t4msdfgg2dxlvv9xrvgrs836a9mh2cq24gpj0f,2142000000000,
62f5fed40365762d18de4850390e6a101359fed43b85f37c44720835fcd86ab7,2023-08-02T03:20:21.172000,sent,kaspa:qqsl0a5vm5t5djckrxk6w28t4msdfgg2dxlvv9xrvgrs836a9mh2cq24gpj0f,2142000000000,
62f5fed40365762d18de4850390e6a101359fed43b85f37c44720835fcd86ab7,2023-08-02T03:20:21.172000,sent,kaspa:qqsl0a5vm5t5djckrxk6w28t4msdfgg2dxlvv9xrvgrs836a9mh2cq24gpj0f,2142000000000,
62f5fed40365762d18de4850390e6a101359fed43b85f37c44720835fcd86ab7,2023-08-02T03:20:21.172000,sent,kaspa:qqsl0a5vm5t5djckrxk6w28t4msdfgg2dxlvv9xrvgrs836a9mh2cq24gpj0f,2142000000000,
62f5fed40365762d18de4850390e6a101359fed43b85f37c44720835fcd86ab7,2023-08-02T03:20:21.172000,sent,kaspa:qqsl0a5vm5t5djckrxk6w28t4msdfgg2dxlvv9xrvgrs836a9mh2cq24gpj0f,2142000000000,
62f5fed40365762d18de4850390e6a101359fed43b85f37c44720835fcd86ab7,2023-08-02T03:20:21.172000,sent,kaspa:qqsl0a5vm5t5djckrxk6w28t4msdfgg2dxlvv9xrvgrs836a9mh2cq24gpj0f,2142000000000,
62f5fed40365762d18de4850390e6a101359fed43b85f37c44720835fcd86ab7,2023-08-02T03:20:21.172000,sent,kaspa:qqsl0a5vm5t5djckrxk6w28t4msdfgg2dxlvv9xrvgrs836a9mh2cq24gpj0f,2142000000000,
25f86c1189c449a7a0112033ed24bb0f04dc62c3dffc96429c0b931c82434cba,2023-07-25T15:53:01.003000,received,kaspa:qp9z8a0w7jedatvpr3l0knc6l0vdlpz7sp9kcd4yqq0up9hp87q4zyzr5ave9,174810426392,
25f86c1189c449a7a0112033ed24bb0f04dc62c3dffc96429c0b931c82434cba,2023-07-25T15:53:01.003000,received,kaspa:qp9z8a0w7jedatvpr3l0knc6l0vdlpz7sp9kcd4yqq0up9hp87q4zyzr5ave9,174810426392,
25f86c1189c449a7a0112033ed24bb0f04dc62c3dffc96429c0b931c82434cba,2023-07-25T15:53:01.003000,received,kaspa:qp9z8a0w7jedatvpr3l0knc6l0vdlpz7sp9kcd4yqq0up9hp87q4zyzr5ave9,174810426392,
25f86c1189c449a7a0112033ed24bb0f04dc62c3dffc96429c0b931c82434cba,2023-07-25T15:53:01.003000,received,kaspa:qp9z8a0w7jedatvpr3l0knc6l0vdlpz7sp9kcd4yqq0up9hp87q4zyzr5ave9,174810426392,
25f86c1189c449a7a0112033ed24bb0f04dc62c3dffc96429c0b931c82434cba,2023-07-25T15:53:01.003000,received,kaspa:qp9z8a0w7jedatvpr3l0knc6l0vdlpz7sp9kcd4yqq0up9hp87q4zyzr5ave9,174810426392,
25f86c1189c449a7a0112033ed24bb0f04dc62c3dffc96429c0b931c82434cba,2023-07-25T15:53:01.003000,received,kaspa:qp9z8a0w7jedatvpr3l0knc6l0vdlpz7sp9kcd4yqq0up9hp87q4zyzr5ave9,174810426392,
25f86c1189c449a7a0112033ed24bb0f04dc62c3dffc96429c0b931c82434cba,2023-07-25T15:53:01.003000,received,kaspa:qp9z8a0w7jedatvpr3l0knc6l0vdlpz7sp9kcd4yqq0up9hp87q4zyzr5ave9,174810426392,
25f86c1189c449a7a0112033ed24bb0f04dc62c3dffc96429c0b931c82434cba,2023-07-25T15:53:01.003000,received,kaspa:qp9z8a0w7jedatvpr3l0knc6l0vdlpz7sp9kcd4yqq0up9hp87q4zyzr5ave9,174810426392,
25f86c1189c449a7a0112033ed24bb0f04dc62c3dffc96429c0b931c82434cba,2023-07-25T15:53:01.003000,received,kaspa:qp9z8a0w7jedatvpr3l0knc6l0vdlpz7sp9kcd4yqq0up9hp87q4zyzr5ave9,174810426392,
25f86c1189c449a7a0112033ed24bb0f04dc62c3dffc96429c0b931c82434cba,2023-07-25T15:53:01.003000,received,kaspa:qp9z8a0w7jedatvpr3l0knc6l0vdlpz7sp9kcd4yqq0up9hp87q4zyzr5ave9,174810426392,
4c06da841896a539959090a49175202dd86a3af7d75d5377db4056a217ab4a77,2023-07-22T17:16:27.481000,received,kaspa:qp9z8a0w7jedatvpr3l0knc6l0vdlpz7sp9kcd4yqq0up9hp87q4zyzr5ave9,484193059412,
4c06da841896a539959090a49175202dd86a3af7d75d5377db4056a217ab4a77,2023-07-22T17:16:27.481000,received,kaspa:qp9z8a0w7jedatvpr3l0knc6l0vdlpz7sp9kcd4yqq0up9hp87q4zyzr5ave9,484193059412,
4c06da841896a539959090a49175202dd86a3af7d75d5377db4056a217ab4a77,2023-07-22T17:16:27.481000,received,kaspa:qp9z8a0w7jedatvpr3l0knc6l0vdlpz7sp9kcd4yqq0up9hp87q4zyzr5ave9,484193059412,
4c06da841896a539959090a49175202dd86a3af7d75d5377db4056a217ab4a77,2023-07-22T17:16:27.481000,received,kaspa:qp9z8a0w7jedatvpr3l0knc6l0vdlpz7sp9kcd4yqq0up9hp87q4zyzr5ave9,484193059412,
4c06da841896a539959090a49175202dd86a3af7d75d5377db4056a217ab4a77,2023-07-22T17:16:27.481000,received,kaspa:qp9z8a0w7jedatvpr3l0knc6l0vdlpz7sp9kcd4yqq0up9hp87q4zyzr5ave9,484193059412,
4c06da841896a539959090a49175202dd86a3af7d75d5377db4056a217ab4a77,2023-07-22T17:16:27.481000,received,kaspa:qp9z8a0w7jedatvpr3l0knc6l0vdlpz7sp9kcd4yqq0up9hp87q4zyzr5ave9,484193059412,
4c06da841896a539959090a49175202dd86a3af7d75d5377db4056a217ab4a77,2023-07-22T17:16:27.481000,received,kaspa:qp9z8a0w7jedatvpr3l0knc6l0vdlpz7sp9kcd4yqq0up9hp87q4zyzr5ave9,484193059412,
4c06da841896a539959090a49175202dd86a3af7d75d5377db4056a217ab4a77,2023-07-22T17:16:27.481000,received,kaspa:qp9z8a0w7jedatvpr3l0knc6l0vdlpz7sp9kcd4yqq0up9hp87q4zyzr5ave9,484193059412,
4c06da841896a539959090a49175202dd86a3af7d75d5377db4056a217ab4a77,2023-07-22T17:16:27.481000,received,kaspa:qp9z8a0w7jedatvpr3l0knc6l0vdlpz7sp9kcd4yqq0up9hp87q4zyzr5ave9,484193059412,
4c06da841896a539959090a49175202dd86a3af7d75d5377db4056a217ab4a77,2023-07-22T17:16:27.481000,received,kaspa:qp9z8a0w7jedatvpr3l0knc6l0vdlpz7sp9kcd4yqq0up9hp87q4zyzr5ave9,484193059412,
4c06da841896a539959090a49175202dd86a3af7d75d5377db4056a217ab4a77,2023-07-22T17:16:27.481000,received,kaspa:qp9z8a0w7jedatvpr3l0knc6l0vdlpz7sp9kcd4yqq0up9hp87q4zyzr5ave9,484193059412,
4c06da841896a539959090a49175202dd86a3af7d75d5377db4056a217ab4a77,2023-07-22T17:16:27.481000,received,kaspa:qp9z8a0w7jedatvpr3l0knc6l0vdlpz7sp9kcd4yqq0up9hp87q4zyzr5ave9,484193059412,
4c06da841896a539959090a49175202dd86a3af7d75d5377db4056a217ab4a77,2023-07-22T17:16:27.481000,received,kaspa:qp9z8a0w7jedatvpr3l0knc6l0vdlpz7sp9kcd4yqq0up9hp87q4zyzr5ave9,484193059412,
4c06da841896a539959090a49175202dd86a3af7d75d5377db4056a217ab4a77,2023-07-22T17:16:27.481000,received,kaspa:qp9z8a0w7jedatvpr3l0knc6l0vdlpz7sp9kcd4yqq0up9hp87q4zyzr5ave9,484193059412,
4c06da841896a539959090a49175202dd86a3af7d75d5377db4056a217ab4a77,2023-07-22T17:16:27.481000,received,kaspa:qp9z8a0w7jedatvpr3l0knc6l0vdlpz7sp9kcd4yqq0up9hp87q4zyzr5ave9,484193059412,
4c06da841896a539959090a49175202dd86a3af7d75d5377db4056a217ab4a77,2023-07-22T17:16:27.481000,received,kaspa:qp9z8a0w7jedatvpr3l0knc6l0vdlpz7sp9kcd4yqq0up9hp87q4zyzr5ave9,484193059412,
4c06da841896a539959090a49175202dd86a3af7d75d5377db4056a217ab4a77,2023-07-22T17:16:27.481000,received,kaspa:qp9z8a0w7jedatvpr3l0knc6l0vdlpz7sp9kcd4yqq0up9hp87q4zyzr5ave9,484193059412,
4c06da841896a539959090a49175202dd86a3af7d75d5377db4056a217ab4a77,2023-07-22T17:16:27.481000,received,kaspa:qp9z8a0w7jedatvpr3l0knc6l0vdlpz7sp9kcd4yqq0up9hp87q4zyzr5ave9,484193059412,
4c06da841896a539959090a49175202dd86a3af7d75d5377db4056a217ab4a77,2023-07-22T17:16:27.481000,received,kaspa:qp9z8a0w7jedatvpr3l0knc6l0vdlpz7sp9kcd4yqq0up9hp87q4zyzr5ave9,484193059412,
4c06da841896a539959090a49175202dd86a3af7d75d5377db4056a217ab4a77,2023-07-22T17:16:27.481000,received,kaspa:qp9z8a0w7jedatvpr3l0knc6l0vdlpz7sp9kcd4yqq0up9hp87q4zyzr5ave9,484193059412,
4c06da841896a539959090a49175202dd86a3af7d75d5377db4056a217ab4a77,2023-07-22T17:16:27.481000,received,kaspa:qp9z8a0w7jedatvpr3l0knc6l0vdlpz7sp9kcd4yqq0up9hp87q4zyzr5ave9,484193059412,
4c06da841896a539959090a49175202dd86a3af7d75d5377db4056a217ab4a77,2023-07-22T17:16:27.481000,received,kaspa:qp9z8a0w7jedatvpr3l0knc6l0vdlpz7sp9kcd4yqq0up9hp87q4zyzr5ave9,484193059412,
4c06da841896a539959090a49175202dd86a3af7d75d5377db4056a217ab4a77,2023-07-22T17:16:27.481000,received,kaspa:qp9z8a0w7jedatvpr3l0knc6l0vdlpz7sp9kcd4yqq0up9hp87q4zyzr5ave9,484193059412,
4c06da841896a539959090a49175202dd86a3af7d75d5377db4056a217ab4a77,2023-07-22T17:16:27.481000,received,kaspa:qp9z8a0w7jedatvpr3l0knc6l0vdlpz7sp9kcd4yqq0up9hp87q4zyzr5ave9,484193059412,
4c06da841896a539959090a49175202dd86a3af7d75d5377db4056a217ab4a77,2023-07-22T17:16:27.481000,received,kaspa:qp9z8a0w7jedatvpr3l0knc6l0vdlpz7sp9kcd4yqq0up9hp87q4zyzr5ave9,484193059412,
4c06da841896a539959090a49175202dd86a3af7d75d5377db4056a217ab4a77,2023-07-22T17:16:27.481000,received,kaspa:qp9z8a0w7jedatvpr3l0knc6l0vdlpz7sp9kcd4yqq0up9hp87q4zyzr5ave9,484193059412,
4c06da841896a539959090a49175202dd86a3af7d75d5377db4056a217ab4a77,2023-07-22T17:16:27.481000,received,kaspa:qp9z8a0w7jedatvpr3l0knc6l0vdlpz7sp9kcd4yqq0up9hp87q4zyzr5ave9,484193059412,
4c06da841896a539959090a49175202dd86a3af7d75d5377db4056a217ab4a77,2023-07-22T17:16:27.481000,received,kaspa:qp9z8a0w7jedatvpr3l0knc6l0vdlpz7sp9kcd4yqq0up9hp87q4zyzr5ave9,484193059412,
4c06da841896a539959090a49175202dd86a3af7d75d5377db4056a217ab4a77,2023-07-22T17:16:27.481000,received,kaspa:qp9z8a0w7jedatvpr3l0knc6l0vdlpz7sp9kcd4yqq0up9hp87q4zyzr5ave9,484193059412,
4c06da841896a539959090a49175202dd86a3af7d75d5377db4056a217ab4a77,2023-07-22T17:16:27.481000,received,kaspa:qp9z8a0w7jedatvpr3l0knc6l0vdlpz7sp9kcd4yqq0up9hp87q4zyzr5ave9,484193059412,
4c06da841896a539959090a49175202dd86a3af7d75d5377db4056a217ab4a77,2023-07-22T17:16:27.481000,received,kaspa:qp9z8a0w7jedatvpr3l0knc6l0vdlpz7sp9kcd4yqq0up9hp87q4zyzr5ave9,484193059412,
4c06da841896a539959090a49175202dd86a3af7d75d5377db4056a217ab4a77,2023-07-22T17:16:27.481000,received,kaspa:qp9z8a0w7jedatvpr3l0knc6l0vdlpz7sp9kcd4yqq0up9hp87q4zyzr5ave9,484193059412,
4c06da841896a539959090a49175202dd86a3af7d75d5377db4056a217ab4a77,2023-07-22T17:16:27.481000,received,kaspa:qp9z8a0w7jedatvpr3l0knc6l0vdlpz7sp9kcd4yqq0up9hp87q4zyzr5ave9,484193059412,
4c06da841896a539959090a49175202dd86a3af7d75d5377db4056a217ab4a77,2023-07-22T17:16:27.481000,received,kaspa:qp9z8a0w7jedatvpr3l0knc6l0vdlpz7sp9kcd4yqq0up9hp87q4zyzr5ave9,484193059412,
4c06da841896a539959090a49175202dd86a3af7d75d5377db4056a217ab4a77,2023-07-22T17:16:27.481000,received,kaspa:qp9z8a0w7jedatvpr3l0knc6l0vdlpz7sp9kcd4yqq0up9hp87q4zyzr5ave9,484193059412,
4c06da841896a539959090a49175202dd86a3af7d75d5377db4056a217ab4a77,2023-07-22T17:16:27.481000,received,kaspa:qp9z8a0w7jedatvpr3l0knc6l0vdlpz7sp9kcd4yqq0up9hp87q4zyzr5ave9,484193059412,
4c06da841896a539959090a49175202dd86a3af7d75d5377db4056a217ab4a77,2023-07-22T17:16:27.481000,received,kaspa:qp9z8a0w7jedatvpr3l0knc6l0vdlpz7sp9kcd4yqq0up9hp87q4zyzr5ave9,484193059412,
4c06da841896a539959090a49175202dd86a3af7d75d5377db4056a217ab4a77,2023-07-22T17:16:27.481000,received,kaspa:qp9z8a0w7jedatvpr3l0knc6l0vdlpz7sp9kcd4yqq0up9hp87q4zyzr5ave9,484193059412,
4c06da841896a539959090a49175202dd86a3af7d75d5377db4056a217ab4a77,2023-07-22T17:16:27.481000,received,kaspa:qp9z8a0w7jedatvpr3l0knc6l0vdlpz7sp9kcd4yqq0up9hp87q4zyzr5ave9,484193059412,
4c06da841896a539959090a49175202dd86a3af7d75d5377db4056a217ab4a77,2023-07-22T17:16:27.481000,received,kaspa:qp9z8a0w7jedatvpr3l0knc6l0vdlpz7sp9kcd4yqq0up9hp87q4zyzr5ave9,484193059412,
4c06da841896a539959090a49175202dd86a3af7d75d5377db4056a217ab4a77,2023-07-22T17:16:27.481000,received,kaspa:qp9z8a0w7jedatvpr3l0knc6l0vdlpz7sp9kcd4yqq0up9hp87q4zyzr5ave9,484193059412,
4c06da841896a539959090a49175202dd86a3af7d75d5377db4056a217ab4a77,2023-07-22T17:16:27.481000,received,kaspa:qp9z8a0w7jedatvpr3l0knc6l0vdlpz7sp9kcd4yqq0up9hp87q4zyzr5ave9,484193059412,
4c06da841896a539959090a49175202dd86a3af7d75d5377db4056a217ab4a77,2023-07-22T17:16:27.481000,received,kaspa:qp9z8a0w7jedatvpr3l0knc6l0vdlpz7sp9kcd4yqq0up9hp87q4zyzr5ave9,484193059412,
4c06da841896a539959090a49175202dd86a3af7d75d5377db4056a217ab4a77,2023-07-22T17:16:27.481000,received,kaspa:qp9z8a0w7jedatvpr3l0knc6l0vdlpz7sp9kcd4yqq0up9hp87q4zyzr5ave9,484193059412,
4c06da841896a539959090a49175202dd86a3af7d75d5377db4056a217ab4a77,2023-07-22T17:16:27.481000,received,kaspa:qp9z8a0w7jedatvpr3l0knc6l0vdlpz7sp9kcd4yqq0up9hp87q4zyzr5ave9,484193059412,
4c06da841896a539959090a49175202dd86a3af7d75d5377db4056a217ab4a77,2023-07-22T17:16:27.481000,received,kaspa:qp9z8a0w7jedatvpr3l0knc6l0vdlpz7sp9kcd4yqq0up9hp87q4zyzr5ave9,484193059412,
4c06da841896a539959090a49175202dd86a3af7d75d5377db4056a217ab4a77,2023-07-22T17:16:27.481000,received,kaspa:qp9z8a0w7jedatvpr3l0knc6l0vdlpz7sp9kcd4yqq0up9hp87q4zyzr5ave9,484193059412,
4c06da841896a539959090a49175202dd86a3af7d75d5377db4056a217ab4a77,2023-07-22T17:16:27.481000,received,kaspa:qp9z8a0w7jedatvpr3l0knc6l0vdlpz7sp9kcd4yqq0up9hp87q4zyzr5ave9,484193059412,
d724a69046916b05ec0e0af5a265e4e164e9b85a0a9971f5fc6a71d70273f72c,2023-07-16T02:45:48.465000,received,kaspa:qpy827u4r43hp36nu2w78dphwgzjr3e9xdwwvm7k7dalyhpfkr84qucn4ecud,360096257763,
d724a69046916b05ec0e0af5a265e4e164e9b85a0a9971f5fc6a71d70273f72c,2023-07-16T02:45:48.465000,received,kaspa:qpy827u4r43hp36nu2w78dphwgzjr3e9xdwwvm7k7dalyhpfkr84qucn4ecud,360096257763,
d724a69046916b05ec0e0af5a265e4e164e9b85a0a9971f5fc6a71d70273f72c,2023-07-16T02:45:48.465000,received,kaspa:qpy827u4r43hp36nu2w78dphwgzjr3e9xdwwvm7k7dalyhpfkr84qucn4ecud,360096257763,
d724a69046916b05ec0e0af5a265e4e164e9b85a0a9971f5fc6a71d70273f72c,2023-07-16T02:45:48.465000,received,kaspa:qpy827u4r43hp36nu2w78dphwgzjr3e9xdwwvm7k7dalyhpfkr84qucn4ecud,360096257763,
d724a69046916b05ec0e0af5a265e4e164e9b85a0a9971f5fc6a71d70273f72c,2023-07-16T02:45:48.465000,received,kaspa:qpy827u4r43hp36nu2w78dphwgzjr3e9xdwwvm7k7dalyhpfkr84qucn4ecud,360096257763,
d724a69046916b05ec0e0af5a265e4e164e9b85a0a9971f5fc6a71d70273f72c,2023-07-16T02:45:48.465000,received,kaspa:qpy827u4r43hp36nu2w78dphwgzjr3e9xdwwvm7k7dalyhpfkr84qucn4ecud,360096257763,
d724a69046916b05ec0e0af5a265e4e164e9b85a0a9971f5fc6a71d70273f72c,2023-07-16T02:45:48.465000,received,kaspa:qpy827u4r43hp36nu2w78dphwgzjr3e9xdwwvm7k7dalyhpfkr84qucn4ecud,360096257763,
d724a69046916b05ec0e0af5a265e4e164e9b85a0a9971f5fc6a71d70273f72c,2023-07-16T02:45:48.465000,received,kaspa:qpy827u4r43hp36nu2w78dphwgzjr3e9xdwwvm7k7dalyhpfkr84qucn4ecud,360096257763,
d724a69046916b05ec0e0af5a265e4e164e9b85a0a9971f5fc6a71d70273f72c,2023-07-16T02:45:48.465000,received,kaspa:qpy827u4r43hp36nu2w78dphwgzjr3e9xdwwvm7k7dalyhpfkr84qucn4ecud,360096257763,
d724a69046916b05ec0e0af5a265e4e164e9b85a0a9971f5fc6a71d70273f72c,2023-07-16T02:45:48.465000,received,kaspa:qpy827u4r43hp36nu2w78dphwgzjr3e9xdwwvm7k7dalyhpfkr84qucn4ecud,360096257763,
d724a69046916b05ec0e0af5a265e4e164e9b85a0a9971f5fc6a71d70273f72c,2023-07-16T02:45:48.465000,received,kaspa:qpy827u4r43hp36nu2w78dphwgzjr3e9xdwwvm7k7dalyhpfkr84qucn4ecud,360096257763,
d724a69046916b05ec0e0af5a265e4e164e9b85a0a9971f5fc6a71d70273f72c,2023-07-16T02:45:48.465000,received,kaspa:qpy827u4r43hp36nu2w78dphwgzjr3e9xdwwvm7k7dalyhpfkr84qucn4ecud,360096257763,
d724a69046916b05ec0e0af5a265e4e164e9b85a0a9971f5fc6a71d70273f72c,2023-07-16T02:45:48.465000,received,kaspa:qpy827u4r43hp36nu2w78dphwgzjr3e9xdwwvm7k7dalyhpfkr84qucn4ecud,360096257763,
d724a69046916b05ec0e0af5a265e4e164e9b85a0a9971f5fc6a71d70273f72c,2023-07-16T02:45:48.465000,received,kaspa:qpy827u4r43hp36nu2w78dphwgzjr3e9xdwwvm7k7dalyhpfkr84qucn4ecud,360096257763,
d724a69046916b05ec0e0af5a265e4e164e9b85a0a9971f5fc6a71d70273f72c,2023-07-16T02:45:48.465000,received,kaspa:qpy827u4r43hp36nu2w78dphwgzjr3e9xdwwvm7k7dalyhpfkr84qucn4ecud,360096257763,
d724a69046916b05ec0e0af5a265e4e164e9b85a0a9971f5fc6a71d70273f72c,2023-07-16T02:45:48.465000,received,kaspa:qpy827u4r43hp36nu2w78dphwgzjr3e9xdwwvm7k7dalyhpfkr84qucn4ecud,360096257763,
d724a69046916b05ec0e0af5a265e4e164e9b85a0a9971f5fc6a71d70273f72c,2023-07-16T02:45:48.465000,received,kaspa:qpy827u4r43hp36nu2w78dphwgzjr3e9xdwwvm7k7dalyhpfkr84qucn4ecud,360096257763,
d724a69046916b05ec0e0af5a265e4e164e9b85a0a9971f5fc6a71d70273f72c,2023-07-16T02:45:48.465000,received,kaspa:qpy827u4r43hp36nu2w78dphwgzjr3e9xdwwvm7k7dalyhpfkr84qucn4ecud,360096257763,
d724a69046916b05ec0e0af5a265e4e164e9b85a0a9971f5fc6a71d70273f72c,2023-07-16T02:45:48.465000,received,kaspa:qpy827u4r43hp36nu2w78dphwgzjr3e9xdwwvm7k7dalyhpfkr84qucn4ecud,360096257763,
4b80e52246b855232a3c6d51295a7a344a3e1e818e1bd1fcaa8cdffa5fb085c9,2023-05-27T15:11:06.124000,received,kaspa:qpy827u4r43hp36nu2w78dphwgzjr3e9xdwwvm7k7dalyhpfkr84qucn4ecud,18617441754,
de8b62bf860097e8a6e3e601210d11995fd128ef5d9541db0a41d36c1fd8472e,2023-04-17T15:11:09.319000,received,kaspa:qp9z8a0w7jedatvpr3l0knc6l0vdlpz7sp9kcd4yqq0up9hp87q4zyzr5ave9,47457835805,
de8b62bf860097e8a6e3e601210d11995fd128ef5d9541db0a41d36c1fd8472e,2023-04-17T15:11:09.319000,received,kaspa:qp9z8a0w7jedatvpr3l0knc6l0vdlpz7sp9kcd4yqq0up9hp87q4zyzr5ave9,47457835805,
de8b62bf860097e8a6e3e601210d11995fd128ef5d9541db0a41d36c1fd8472e,2023-04-17T15:11:09.319000,received,kaspa:qp9z8a0w7jedatvpr3l0knc6l0vdlpz7sp9kcd4yqq0up9hp87q4zyzr5ave9,47457835805,
de8b62bf860097e8a6e3e601210d11995fd128ef5d9541db0a41d36c1fd8472e,2023-04-17T15:11:09.319000,received,kaspa:qp9z8a0w7jedatvpr3l0knc6l0vdlpz7sp9kcd4yqq0up9hp87q4zyzr5ave9,47457835805,
34313986e00447ecdce93152f72959c2e81cc398ff001932673f3f01255c6378,2023-04-11T06:15:43.141000,received,kaspa:qpy827u4r43hp36nu2w78dphwgzjr3e9xdwwvm7k7dalyhpfkr84qucn4ecud,317223110280,
34313986e00447ecdce93152f72959c2e81cc398ff001932673f3f01255c6378,2023-04-11T06:15:43.141000,received,kaspa:qpy827u4r43hp36nu2w78dphwgzjr3e9xdwwvm7k7dalyhpfkr84qucn4ecud,317223110280,
34313986e00447ecdce93152f72959c2e81cc398ff001932673f3f01255c6378,2023-04-11T06:15:43.141000,received,kaspa:qpy827u4r43hp36nu2w78dphwgzjr3e9xdwwvm7k7dalyhpfkr84qucn4ecud,317223110280,
34313986e00447ecdce93152f72959c2e81cc398ff001932673f3f01255c6378,2023-04-11T06:15:43.141000,received,kaspa:qpy827u4r43hp36nu2w78dphwgzjr3e9xdwwvm7k7dalyhpfkr84qucn4ecud,317223110280,
34313986e00447ecdce93152f72959c2e81cc398ff001932673f3f01255c6378,2023-04-11T06:15:43.141000,received,kaspa:qpy827u4r43hp36nu2w78dphwgzjr3e9xdwwvm7k7dalyhpfkr84qucn4ecud,317223110280,
34313986e00447ecdce93152f72959c2e81cc398ff001932673f3f01255c6378,2023-04-11T06:15:43.141000,received,kaspa:qpy827u4r43hp36nu2w78dphwgzjr3e9xdwwvm7k7dalyhpfkr84qucn4ecud,317223110280,
34313986e00447ecdce93152f72959c2e81cc398ff001932673f3f01255c6378,2023-04-11T06:15:43.141000,received,kaspa:qpy827u4r43hp36nu2w78dphwgzjr3e9xdwwvm7k7dalyhpfkr84qucn4ecud,317223110280,
34313986e00447ecdce93152f72959c2e81cc398ff001932673f3f01255c6378,2023-04-11T06:15:43.141000,received,kaspa:qpy827u4r43hp36nu2w78dphwgzjr3e9xdwwvm7k7dalyhpfkr84qucn4ecud,317223110280,
34313986e00447ecdce93152f72959c2e81cc398ff001932673f3f01255c6378,2023-04-11T06:15:43.141000,received,kaspa:qpy827u4r43hp36nu2w78dphwgzjr3e9xdwwvm7k7dalyhpfkr84qucn4ecud,317223110280,
34313986e00447ecdce93152f72959c2e81cc398ff001932673f3f01255c6378,2023-04-11T06:15:43.141000,received,kaspa:qpy827u4r43hp36nu2w78dphwgzjr3e9xdwwvm7k7dalyhpfkr84qucn4ecud,317223110280,
34313986e00447ecdce93152f72959c2e81cc398ff001932673f3f01255c6378,2023-04-11T06:15:43.141000,received,kaspa:qpy827u4r43hp36nu2w78dphwgzjr3e9xdwwvm7k7dalyhpfkr84qucn4ecud,317223110280,
34313986e00447ecdce93152f72959c2e81cc398ff001932673f3f01255c6378,2023-04-11T06:15:43.141000,received,kaspa:qpy827u4r43hp36nu2w78dphwgzjr3e9xdwwvm7k7dalyhpfkr84qucn4ecud,317223110280,
34313986e00447ecdce93152f72959c2e81cc398ff001932673f3f01255c6378,2023-04-11T06:15:43.141000,received,kaspa:qpy827u4r43hp36nu2w78dphwgzjr3e9xdwwvm7k7dalyhpfkr84qucn4ecud,317223110280,
34313986e00447ecdce93152f72959c2e81cc398ff001932673f3f01255c6378,2023-04-11T06:15:43.141000,received,kaspa:qpy827u4r43hp36nu2w78dphwgzjr3e9xdwwvm7k7dalyhpfkr84qucn4ecud,317223110280,
14c454145b69e4f6c9037df72dd0486968d76980dd8f195e38de398ad779427d,2023-04-01T15:14:09.473000,received,kaspa:qzjzr880ujl96nl3h9yuj2yrxxy9nxjay0h43mjy8klmncn9e2g56qgdrh0j6,682462849453,
14c454145b69e4f6c9037df72dd0486968d76980dd8f195e38de398ad779427d,2023-04-01T15:14:09.473000,received,kaspa:qzjzr880ujl96nl3h9yuj2yrxxy9nxjay0h43mjy8klmncn9e2g56qgdrh0j6,682462849453,
14c454145b69e4f6c9037df72dd0486968d76980dd8f195e38de398ad779427d,2023-04-01T15:14:09.473000,received,kaspa:qzjzr880ujl96nl3h9yuj2yrxxy9nxjay0h43mjy8klmncn9e2g56qgdrh0j6,682462849453,
14c454145b69e4f6c9037df72dd0486968d76980dd8f195e38de398ad779427d,2023-04-01T15:14:09.473000,received,kaspa:qzjzr880ujl96nl3h9yuj2yrxxy9nxjay0h43mjy8klmncn9e2g56qgdrh0j6,682462849453,
14c454145b69e4f6c9037df72dd0486968d76980dd8f195e38de398ad779427d,2023-04-01T15:14:09.473000,received,kaspa:qzjzr880ujl96nl3h9yuj2yrxxy9nxjay0h43mjy8klmncn9e2g56qgdrh0j6,682462849453,
14c454145b69e4f6c9037df72dd0486968d76980dd8f195e38de398ad779427d,2023-04-01T15:14:09.473000,received,kaspa:qzjzr880ujl96nl3h9yuj2yrxxy9nxjay0h43mjy8klmncn9e2g56qgdrh0j6,682462849453,
14c454145b69e4f6c9037df72dd0486968d76980dd8f195e38de398ad779427d,2023-04-01T15:14:09.473000,received,kaspa:qzjzr880ujl96nl3h9yuj2yrxxy9nxjay0h43mjy8klmncn9e2g56qgdrh0j6,682462849453,
14c454145b69e4f6c9037df72dd0486968d76980dd8f195e38de398ad779427d,2023-04-01T15:14:09.473000,received,kaspa:qzjzr880ujl96nl3h9yuj2yrxxy9nxjay0h43mjy8klmncn9e2g56qgdrh0j6,682462849453,
14c454145b69e4f6c9037df72dd0486968d76980dd8f195e38de398ad779427d,2023-04-01T15:14:09.473000,received,kaspa:qzjzr880ujl96nl3h9yuj2yrxxy9nxjay0h43mjy8klmncn9e2g56qgdrh0j6,682462849453,
14c454145b69e4f6c9037df72dd0486968d76980dd8f195e38de398ad779427d,2023-04-01T15:14:09.473000,received,kaspa:qq0p8ltwqrk3mwk0q85gqn7lfyzk9gg96e9dsz30enzh79u59xcywxm7z5n8h,682462849453,
14c454145b69e4f6c9037df72dd0486968d76980dd8f195e38de398ad779427d,2023-04-01T15:14:09.473000,received,kaspa:qzjzr880ujl96nl3h9yuj2yrxxy9nxjay0h43mjy8klmncn9e2g56qgdrh0j6,682462849453,
0d1caff83712fcd68a5958e48debfd527f7f6b2d915a1647a3fff7b11b8e8230,2023-04-01T12:58:53.463000,received,kaspa:qzjzr880ujl96nl3h9yuj2yrxxy9nxjay0h43mjy8klmncn9e2g56qgdrh0j6,19999997931,
