tx_id,timestamp,direction,peer_address,amount_sompi,cex_label
474ac43aa6f59bc4f38443b3928ddc82a56e3ac8ffe3b10feb115b46f85d2335,2023-12-25T14:00:12.357000,sent,kaspa:qrak32zwvu96tcuez5rj5k34s5y56ls7ugt4l4t2xm5q4nhmvu7qzkjlwn4d9,172970000,
474ac43aa6f59bc4f38443b3928ddc82a56e3ac8ffe3b10feb115b46f85d2335,2023-12-25T14:00:12.357000,sent,kaspa:qrak32zwvu96tcuez5rj5k34s5y56ls7ugt4l4t2xm5q4nhmvu7qzkjlwn4d9,172970000,
c30b4a887a9f9777fe485936454dda8bba93a55cbbc81c8e15c9c4b8772f71bc,2023-12-12T02:03:27.942000,received,kaspa:qypswxtcrv4ssyjaswy5w9387vq73mkuyq85tl34cee6qn5uexqy0csgnafnjx7,171000000,
fca8380d435c9c2f13ab6f9244b2adb8c4cf426b1d2a60fa7eaf82fdbd1bb682,2023-11-27T19:58:45.516000,sent,kaspa:qyphyj7p2ytcq6ldy4wluxa9s7x8uk03jxhzrp5pzm4wdk7f086wawcwegan3gd,18000000,
7515e7eba6064f3409dbe047d493a81b55b9a7a95b643dfc69d071786974128d,2023-11-27T18:37:41.592000,received,kaspa:qypl6a6nm0hqlpqz5k628yrc59vl9gpx5ulqwxsr36pua75u9gevxhgq8nrc0km,20000000,
