tx_id,timestamp,direction,peer_address,amount_sompi,cex_label
9bae01a8bb1f8d21c40d2d78b0892d7b48916cb46fdeedb268a076ebd0ac1887,2023-12-13T03:52:50.016000,sent,kaspa:qr7r8rtehym00mcmmucflvu2003fsevzc9s0rezsltzwd6jd34p2cg3nd43cf,170990000,
d5979aa2aa94745173427b816dc2e16db900d473b1625e8883051e0198990873,2023-12-12T01:36:30.214000,received,kaspa:qypswxtcrv4ssyjaswy5w9387vq73mkuyq85tl34cee6qn5uexqy0csgnafnjx7,171000000,
88e57bb31ab6125434ccd626bfb110e3190e1ea8cd98efef816a8bfbc1c6177a,2023-11-27T17:23:08.749000,sent,kaspa:qypsylf0kk8yeukn4es6sjh0uv97z6zk354hva4r3pmntd3373cwjnq4texyewr,18000000,
6f8f6bca1ac68173b5c612305c0bd1130503e12e83e6683fdf0579f2aca39e06,2023-11-27T13:16:20.752000,received,kaspa:qrzredw2skkltrwvwyzt63lupfk5l3dk8w53x7sh0n5hrqgkq4mq6yze3qzuc,18010000,
