tx_id,timestamp,direction,peer_address,amount_sompi,cex_label
af788d1465f4d9e3340501af2457be704b183ce58455cbe60dc8cc662f233243,2023-12-16T04:27:56.214000,sent,kaspa:qzslgwenzu78t6tldlng383g7ruu4enaljmnkgaulyrscjp7ldt26x8gfxck5,171940000,
af788d1465f4d9e3340501af2457be704b183ce58455cbe60dc8cc662f233243,2023-12-16T04:27:56.214000,sent,kaspa:qzslgwenzu78t6tldlng383g7ruu4enaljmnkgaulyrscjp7ldt26x8gfxck5,171940000,
2d3d1a1791740f1765c0c06864b8da7a7d86916b0f833ccdbcdb5663fa4c2a2a,2023-12-12T11:33:06.913000,received,kaspa:qypswxtcrv4ssyjaswy5w9387vq73mkuyq85tl34cee6qn5uexqy0csgnafnjx7,171000000,
01deb761c75ab8006568f70486629246f4e1f5532015f98e4514ea4a8c21444a,2023-11-28T15:59:08.218000,sent,kaspa:qypml76q7hzqvtqgllg60ypzjgd6xf7lj3gzfw0230jlqemlsnw644g3v4wytl3,18000000,
c3f51b070d7548bf6db5ca232c1e872b640eb016d1bbe7eda554af10b083f27d,2023-11-28T05:28:22.028000,received,kaspa:qzggq9ds6xs7x9t3mxufu45te89sadcut2jre2pedc3llas0z8xxs36wcnlup,19000000,
