tx_id,timestamp,direction,peer_address,amount_sompi,cex_label
c1c59d48ee7d77c088b979c036160aee66c4fe7fcbfbd0d6bbbe8a3f725295b0,2023-12-12T19:57:32.695000,received,kaspa:qypswxtcrv4ssyjaswy5w9387vq73mkuyq85tl34cee6qn5uexqy0csgnafnjx7,171000000,
e2ff9bb901f747c798c83c4311548d1a96f30775f004f5c755c74ddc9fad117c,2023-11-29T10:06:53.896000,sent,kaspa:qyp7wmpcga048msad0e0fcvzrkt2cqledn9xv4e8566frlzsq5j5n5cas3rrj73,18000000,
e2ff9bb901f747c798c83c4311548d1a96f30775f004f5c755c74ddc9fad117c,2023-11-29T10:06:53.896000,sent,kaspa:qpzerzyk5ghwkz7f558fd7vmjrxn5wu0dxzst5jskmyyahsfk6ua69qk9adjp,1716859800,
109ccf91fab7dac43150b8739ca7e1f7cbd707befa238dd8ccf5e37f5d5db22f,2023-11-29T10:01:34.527000,received,kaspa:qznf0hmakn74a7aa2huqxg3y7ph0mpna77cz2fwphpfny9tgj8kwj3ghhh69s,1734869800,
