tx_id,timestamp,direction,peer_address,amount_sompi,cex_label
c470e1b510b53c5d8d99f8d22adaddc1c6cee4a3119b2c2718d72261508d08eb,2023-12-16T04:37:08.510000,sent,kaspa:qzslgwenzu78t6tldlng383g7ruu4enaljmnkgaulyrscjp7ldt26x8gfxck5,171940000,
c470e1b510b53c5d8d99f8d22adaddc1c6cee4a3119b2c2718d72261508d08eb,2023-12-16T04:37:08.510000,sent,kaspa:qzslgwenzu78t6tldlng383g7ruu4enaljmnkgaulyrscjp7ldt26x8gfxck5,171940000,
fa2a7ffcc14e3ba81f1ace8bbe3c014aca248b01f5bbad7bcd9f00c91a900cec,2023-12-12T21:52:26.006000,received,kaspa:qypswxtcrv4ssyjaswy5w9387vq73mkuyq85tl34cee6qn5uexqy0csgnafnjx7,171000000,
71054636c728a53da224103414b93ded3cf4e76b96bd844677620d90edf67d4b,2023-11-29T13:23:36.105000,sent,kaspa:qyp3hgezghvuxq5t0u8hm48hz6fmyrrmsetk6hpunyac2ya2x222faqsj260pa3,18000000,
e075350570d833a3109787c3ac8f2db3a190442f2b241ac4cc04dadc8c9dd6a8,2023-11-29T08:31:24.411000,received,kaspa:qpt4rs4dse5l4ane0e0tv6nc2m9eu9gd33t5rkm6dtu8dpvxatuajce59z4ea,19000000,
