tx_id,timestamp,direction,peer_address,amount_sompi,cex_label
dff8f02f1c7cd51e107a77788b5622290ca7e4d427c97f55abd0356d9f98bdb9,2024-02-17T20:54:01.286000,sent,kaspa:qqyrl8sham25c7pvdxlzw5ev4lrfm80k8deymkwrz4kta0w5mma0g67pnq3f2,172980000,
dff8f02f1c7cd51e107a77788b5622290ca7e4d427c97f55abd0356d9f98bdb9,2024-02-17T20:54:01.286000,sent,kaspa:qqyrl8sham25c7pvdxlzw5ev4lrfm80k8deymkwrz4kta0w5mma0g67pnq3f2,172980000,
b4e289293456e392262996cdd55b6e7c3fe78b2b2b769d1b8fe47a288106fa78,2023-12-12T16:15:28.235000,received,kaspa:qypswxtcrv4ssyjaswy5w9387vq73mkuyq85tl34cee6qn5uexqy0csgnafnjx7,171000000,
22cdbdfa63efe26774ac19c9462efa195fcd16097ca971cdc9be878fda85c22a,2023-11-29T03:43:53.526000,sent,kaspa:qypnaqeu9k5qqvn4petnlvvzulzjwyv4y04yqg4h55c6ckspacy0eqqz4860h7g,18000000,
47a9297c9657d2437725a0287094a769e705675d19d65ee94a390e74ba096f3b,2023-11-26T19:13:03.250000,received,kaspa:qypxznxgupa8eac5m4a9tyzuaja0eguaas4q5aje0378z4yypf3u3rc34prk2qn,20000000,
