tx_id,timestamp,direction,peer_address,amount_sompi,cex_label
c8179360f61872110d40f7a6c61e213b2f9bd8f54fe1be3956001f7f2177130f,2023-12-15T19:39:48.204000,sent,kaspa:qpe69rver86qwg4utr56z4yzma5hnggk0kzj6s6ql8fh7xlm6ta46uktas7e6,171070000,
c8179360f61872110d40f7a6c61e213b2f9bd8f54fe1be3956001f7f2177130f,2023-12-15T19:39:48.204000,sent,kaspa:qpe69rver86qwg4utr56z4yzma5hnggk0kzj6s6ql8fh7xlm6ta46uktas7e6,171070000,
8160386a27da5a0bb3480cd7e2534157af6a04fe1b0b8900146f27f4589972a8,2023-12-12T06:25:53.052000,received,kaspa:qypswxtcrv4ssyjaswy5w9387vq73mkuyq85tl34cee6qn5uexqy0csgnafnjx7,171000000,
418c736cb510614dfbe4f86fffc018052a71bc96fdc4de814fecf822a814e3f3,2023-11-28T07:14:53.022000,sent,kaspa:qyp4wsar3w26eap4twx9xrdara633nrdlhq5m7xjdnhqghgrxjh70egvthe84zl,18000000,
e745467bc862a7910c7122b42879f98b5e0129badc15eb66f27bcea16aa76527,2023-11-27T19:55:58.858000,received,kaspa:qqt09gp3nfqd0prkxhacrsnl6tefd6q7valcnms6v69smum022xk50ykmq649,18100000,
