tx_id,timestamp,direction,peer_address,amount_sompi,cex_label
54702d889b1b30735fa71c939c75eb38f2f5158c2626949adee4234e887a02d2,2024-02-10T09:08:13.813000,sent,kaspa:qqnqv3rvnctfyrjteurqm0gmqfu7yjg3949yxpyxxfa4rgm9nt2zxauwq8xvs,835000000000,
54702d889b1b30735fa71c939c75eb38f2f5158c2626949adee4234e887a02d2,2024-02-10T09:08:13.813000,sent,kaspa:qpxpdq7k7hr9aeqfz6ayp4we0h3vlprmdl83fkvzxe9k0hfpk7vcy2mmuylwf,9681665309,
ceb931ef63b5755ea55dde253d89cc0bb9f2f77fdd8a905842e205abe2ddabe3,2024-02-10T08:34:20.332000,received,kaspa:qz4qwtvgwe6a2jz4aj06cdyx04pd56w5densvsehnh49qzxmne0d6hgtrvfl7,24681668529,
ceb931ef63b5755ea55dde253d89cc0bb9f2f77fdd8a905842e205abe2ddabe3,2024-02-10T08:34:20.332000,received,kaspa:qqmdrrlznz7cgax9jvefm4g4fwtsnnz8r96574qduyjakmyd5rtgc3a4rx0qr,24681668529,
