tx_id,timestamp,direction,peer_address,amount_sompi,cex_label
1bd597cada5f4768220a138efbf4a10530ca25455cff349c99f442b0f8d13067,2023-09-12T18:09:02.558000,received,kaspa:qpzpfwcsqsxhxwup26r55fd0ghqlhyugz8cp6y3wxuddc02vcxtjg75pspnwz,12081884550143,MEXC
777313c60d3a4ce1e799d0bd3820ae244026e207feae98ef92c58eeeed2f3488,2023-09-11T09:44:37.940000,sent,kaspa:qqwvnkp47wsj6n4hkdlgj8dsauyx0xvefunnwvvsmpq2udd0ka8ckmpuqw3k5,7634668536040,
2751688018260f085d9b2e39085e18106f84b731aa033cbfe01d92586d744ec5,2023-09-11T09:44:03.913000,received,kaspa:qqetp7ct8kqss99fxmymyz5t3fezppxp0t58wl6pawp27elqd46uudme00cl0,7634668636040,
137b8fe06578e8d215d6f9dfc1d3b35de371f215eeaa12d75e0f71048e96aaf7,2023-09-10T19:49:35.155000,sent,kaspa:qqwvnkp47wsj6n4hkdlgj8dsauyx0xvefunnwvvsmpq2udd0ka8ckmpuqw3k5,10117176900000,
35cb8e7bc3648967b271dd8aad108372d802bd2df70359d38d26bc824733a15e,2023-09-10T19:49:03.090000,received,kaspa:qqetp7ct8kqss99fxmymyz5t3fezppxp0t58wl6pawp27elqd46uudme00cl0,10117177000000,
53ee5b1ca4c1c69342ee258c050fa91856e5a89a988b8309895b873ea6f6333d,2023-09-10T18:34:39.642000,sent,kaspa:qqwvnkp47wsj6n4hkdlgj8dsauyx0xvefunnwvvsmpq2udd0ka8ckmpuqw3k5,7012733900000,
a2b2f74ec37d622abb61cc8710ac3efd682419eec7dcd5f633a8ff5a682468d8,2023-09-10T18:34:06.226000,received,kaspa:qqetp7ct8kqss99fxmymyz5t3fezppxp0t58wl6pawp27elqd46uudme00cl0,7012734000000,
8e8ab16c631b6ba09f2c7171056001ae687e91273f6b96c8b6f7a53f445ecb78,2023-09-10T18:11:41.738000,sent,kaspa:qqwvnkp47wsj6n4hkdlgj8dsauyx0xvefunnwvvsmpq2udd0ka8ckmpuqw3k5,2528644900000,
58b7151937de3263b7c1ac702456acad26aecf81b25976bab264cf519dcfd55d,2023-09-10T18:11:03.048000,received,kaspa:qqetp7ct8kqss99fxmymyz5t3fezppxp0t58wl6pawp27elqd46uudme00cl0,2528645000000,
e1dff8fbd8f4587241230ec738b83948a6a5906858541677177d5ebe5d4ee69d,2023-09-10T15:15:35.878000,sent,kaspa:qqwvnkp47wsj6n4hkdlgj8dsauyx0xvefunnwvvsmpq2udd0ka8ckmpuqw3k5,7496999900000,
7421dff6f70aec5093db273b20dafefce8df1d4677c44bb399ec9ceb5145d646,2023-09-10T15:15:03.857000,received,kaspa:qqetp7ct8kqss99fxmymyz5t3fezppxp0t58wl6pawp27elqd46uudme00cl0,7497000000000,
324bd4036e48958721165f03e5c128b138df29b5ee4737d1f36fea90d7780209,2023-09-10T14:11:41.132000,sent,kaspa:qqwvnkp47wsj6n4hkdlgj8dsauyx0xvefunnwvvsmpq2udd0ka8ckmpuqw3k5,14521480194860,
e36f3f8c882fb4466890326c51195212b0efae12da5757fac5f8e81cd393100d,2023-09-10T14:11:05.563000,received,kaspa:qqetp7ct8kqss99fxmymyz5t3fezppxp0t58wl6pawp27elqd46uudme00cl0,14521480294860,
5ead7a4e42296ba57be406478f4326f5cd20006b661ec0b17b80925405e3165d,2023-09-08T08:06:41.362000,sent,kaspa:qqwvnkp47wsj6n4hkdlgj8dsauyx0xvefunnwvvsmpq2udd0ka8ckmpuqw3k5,13154893900000,
f145f4745217ca1a743d959bb5b6dd987e5d986931f8102ed585a7eb50b76a0d,2023-09-08T08:06:04.192000,received,kaspa:qqetp7ct8kqss99fxmymyz5t3fezppxp0t58wl6pawp27elqd46uudme00cl0,13154894000000,
928a64f968cdf0046d658c723cf5fe671adcb1ca92acf84b4efbcdaaf00a194a,2023-09-08T06:31:36.605000,sent,kaspa:qqwvnkp47wsj6n4hkdlgj8dsauyx0xvefunnwvvsmpq2udd0ka8ckmpuqw3k5,15681501900000,
e07017230c7ec5fb6f3e81c516f03db7a1a9e89c8d78bfe75e24ce1ecea4eabf,2023-09-08T06:31:02.997000,received,kaspa:qqetp7ct8kqss99fxmymyz5t3fezppxp0t58wl6pawp27elqd46uudme00cl0,15681502000000,
c24f63174ddc97374678abd2d16e7fd4bcdb5148e692d7f4cb7a27e580f07e5b,2023-09-07T17:24:41.933000,sent,kaspa:qqwvnkp47wsj6n4hkdlgj8dsauyx0xvefunnwvvsmpq2udd0ka8ckmpuqw3k5,10319664900000,
d4f7f41b1e207ac22baa62a379c8c8bb91e6b6049c00df59be75c769eab71449,2023-09-07T17:24:04.168000,received,kaspa:qqetp7ct8kqss99fxmymyz5t3fezppxp0t58wl6pawp27elqd46uudme00cl0,10319665000000,
9fae2c55eec34d9799be3b9bdd69b62c539599b96b6fd722dabf8227874b2a5c,2023-09-07T11:40:39.006000,sent,kaspa:qqwvnkp47wsj6n4hkdlgj8dsauyx0xvefunnwvvsmpq2udd0ka8ckmpuqw3k5,10101934900000,
9c4e88c4bc1dcd71e62c7d12f2902caba1413fb2b3fbcf4b1bb60471e9957c9e,2023-09-07T11:40:04.015000,received,kaspa:qqetp7ct8kqss99fxmymyz5t3fezppxp0t58wl6pawp27elqd46uudme00cl0,10101935000000,
e69824ef9b5afd25211c726fce0af0aadf2deb3927c967c3d74eede3ddbadf7d,2023-09-07T11:29:41.525000,sent,kaspa:qqwvnkp47wsj6n4hkdlgj8dsauyx0xvefunnwvvsmpq2udd0ka8ckmpuqw3k5,10253408900000,
cb2345fe44e1734300a7ca1ba7c8e93d509e5a343ea54207adcf98f3aadafbaf,2023-09-07T11:29:07.581000,received,kaspa:qqetp7ct8kqss99fxmymyz5t3fezppxp0t58wl6pawp27elqd46uudme00cl0,10253409000000,
d17c5dbba8081114811bdd2e11328bf658508080595b54cebd72490aef9b15ab,2023-09-07T11:12:50.298000,sent,kaspa:qqwvnkp47wsj6n4hkdlgj8dsauyx0xvefunnwvvsmpq2udd0ka8ckmpuqw3k5,5092548900000,
d02a9774f5b7594f2c8d3cd1e59749cbc49d5cbaf18cc9e604f356809a7d27eb,2023-09-07T11:12:03.299000,received,kaspa:qqetp7ct8kqss99fxmymyz5t3fezppxp0t58wl6pawp27elqd46uudme00cl0,5092549000000,
f06456127d0e3aeff9462803a67c001eaa5386e16c55a5303d202c563328ff18,2023-09-07T10:11:42.118000,sent,kaspa:qqwvnkp47wsj6n4hkdlgj8dsauyx0xvefunnwvvsmpq2udd0ka8ckmpuqw3k5,10006124900000,
d75de9f2bb60f9ed2801a9621bd097a6e794ee04aacdadd06c2652a04b80302e,2023-09-07T10:11:03.574000,received,kaspa:qqetp7ct8kqss99fxmymyz5t3fezppxp0t58wl6pawp27elqd46uudme00cl0,10006125000000,
3e569d5c25ab742fb7876f79017beca5cac3d2f2edb6adc877a2c393e7122def,2023-09-07T09:52:51.691000,sent,kaspa:qqwvnkp47wsj6n4hkdlgj8dsauyx0xvefunnwvvsmpq2udd0ka8ckmpuqw3k5,12047827271966,
17e386ae260c9af22cc89efd95461a6de96e36f4b1d193518536c6e1cccb1d4c,2023-09-07T09:52:04.045000,received,kaspa:qqetp7ct8kqss99fxmymyz5t3fezppxp0t58wl6pawp27elqd46uudme00cl0,12047827371966,
7ed3394b37ecbc2b3bbd584245368abeee3ee1742f3401400e598415db476748,2023-09-06T22:09:49.081000,sent,kaspa:qqwvnkp47wsj6n4hkdlgj8dsauyx0xvefunnwvvsmpq2udd0ka8ckmpuqw3k5,7926069900000,
37b82d6b59ed9d023659cb229c966d4d7e8727af3562eb59a411c661fdf885ca,2023-09-06T22:08:06.614000,received,kaspa:qqetp7ct8kqss99fxmymyz5t3fezppxp0t58wl6pawp27elqd46uudme00cl0,7926070000000,
3d7ee3a627f663d93274cdcfc15ba3ce754f9deb7c082938f7d89a3933842b57,2023-09-06T21:34:57.624000,sent,kaspa:qqwvnkp47wsj6n4hkdlgj8dsauyx0xvefunnwvvsmpq2udd0ka8ckmpuqw3k5,11664789900000,
64ce22765d28c357427fedd1044f9cb45de6ed5931aaa59aae421271cbbdff65,2023-09-06T21:34:03.855000,received,kaspa:qqetp7ct8kqss99fxmymyz5t3fezppxp0t58wl6pawp27elqd46uudme00cl0,11664790000000,
666cdeefac9749c5213cf15ad74ec13f3d7a1be6ad2d7ca11f71d75fc4b7f268,2023-09-06T19:49:35.827000,sent,kaspa:qqwvnkp47wsj6n4hkdlgj8dsauyx0xvefunnwvvsmpq2udd0ka8ckmpuqw3k5,12712851144395,
9eb4376d408c9540bab0ea63866b8b719843a5202c3eac4aee3b1b31363cc25d,2023-09-06T19:49:04.788000,received,kaspa:qqetp7ct8kqss99fxmymyz5t3fezppxp0t58wl6pawp27elqd46uudme00cl0,12712851244395,
d9d0e701d997644d937b60dfad79c18d8d0e39929375e694a03a4b70fcc5267c,2023-09-06T03:50:01.018000,sent,kaspa:qqwvnkp47wsj6n4hkdlgj8dsauyx0xvefunnwvvsmpq2udd0ka8ckmpuqw3k5,14097421830865,
a4637cc8b753f94879a18fb648787665567b696532ec2f60e5fc1a960cdb978b,2023-09-06T03:49:02.680000,received,kaspa:qqetp7ct8kqss99fxmymyz5t3fezppxp0t58wl6pawp27elqd46uudme00cl0,14097421930865,
390053109a7dde8571b287568662af852b429c1530e9fe2b776c284f688a38c5,2023-09-04T04:44:52.328000,sent,kaspa:qqwvnkp47wsj6n4hkdlgj8dsauyx0xvefunnwvvsmpq2udd0ka8ckmpuqw3k5,8782428967327,
0736f177a73aa0ef2da9cdf312ccced7fddce6fe8e79ba93e5cd290cd3032adc,2023-09-04T04:44:03.849000,received,kaspa:qqetp7ct8kqss99fxmymyz5t3fezppxp0t58wl6pawp27elqd46uudme00cl0,8782429067327,
ff56041bf1c922b3cf1c9c6e5a157553e1b9ca893e9cfdae697ddb983a516943,2023-08-31T22:10:42.439000,sent,kaspa:qqwvnkp47wsj6n4hkdlgj8dsauyx0xvefunnwvvsmpq2udd0ka8ckmpuqw3k5,4501368900000,
d44ac8f89af6da79180ef247816cb7a33d4716b2ce6b361b341f30223176b295,2023-08-31T22:10:04.494000,received,kaspa:qqetp7ct8kqss99fxmymyz5t3fezppxp0t58wl6pawp27elqd46uudme00cl0,4501369000000,
5feb85e42b2a0f5494ef4cb3f5642f05bdbf8c83413ebdfb1b9a28fa2f084dcd,2023-08-31T14:13:57.553000,sent,kaspa:qqwvnkp47wsj6n4hkdlgj8dsauyx0xvefunnwvvsmpq2udd0ka8ckmpuqw3k5,4440170900000,
437655a1b0c32eea7850900c929ec672b0c7cfb18a664c157f517cc3db9cc614,2023-08-31T14:13:05.375000,received,kaspa:qqetp7ct8kqss99fxmymyz5t3fezppxp0t58wl6pawp27elqd46uudme00cl0,4440171000000,
f175f1504d788752d432db4d3d7b1b2910a117b68e33fd28a7d991b08fd561d4,2023-08-30T12:52:38.849000,sent,kaspa:qqwvnkp47wsj6n4hkdlgj8dsauyx0xvefunnwvvsmpq2udd0ka8ckmpuqw3k5,8447703450292,
659870bba42df5416e1e32a5eb23d232d58226553ebf6d5600fdf5257fc1ca38,2023-08-30T12:52:04.809000,received,kaspa:qqetp7ct8kqss99fxmymyz5t3fezppxp0t58wl6pawp27elqd46uudme00cl0,8447703550292,
ef27abf4ca2d6f692633dd593dcde6a97336164536996a8b776825255d234e70,2023-08-30T01:14:42.949000,sent,kaspa:qqwvnkp47wsj6n4hkdlgj8dsauyx0xvefunnwvvsmpq2udd0ka8ckmpuqw3k5,4253768800000,
e4a6b436110fa4232d8fa794545d457dcdb7a5618ac8c4cd9385f1749321bb34,2023-08-30T01:14:06.472000,received,kaspa:qqetp7ct8kqss99fxmymyz5t3fezppxp0t58wl6pawp27elqd46uudme00cl0,4253768900000,
6ff26a840caa223ccbc482f8102744696e42cdc79fe416d4554cd07047411e4a,2023-08-29T13:15:19.668000,sent,kaspa:qq450vwjr7u77cu758apwd5sfvx0z0x0qs69dudl49fsryhgrxtyw68ep3d60,898999900000,
2fbe5d18f60fc9f3f3854cc7098e7153dedf680e38a61b391b7bb2524384ccb3,2023-08-29T13:12:47.345000,received,kaspa:qpv3ra9mh5qfhupxjc5ak99606jdapnh0msjm8y2gcqvm6pndyv2jpkalx34w,899000000000,
5c67ebf5a775823b40ffffc69405334028eeba9012a70221df0c4a1a898b8def,2023-08-29T01:43:41.126000,sent,kaspa:qqwvnkp47wsj6n4hkdlgj8dsauyx0xvefunnwvvsmpq2udd0ka8ckmpuqw3k5,8752545661176,
53fa03ba1660519ee2eb84f373c5d136fb36d90e090b8b7e60f186ac0de269dd,2023-08-29T01:43:02.979000,received,kaspa:qqetp7ct8kqss99fxmymyz5t3fezppxp0t58wl6pawp27elqd46uudme00cl0,8752545761176,
3b1292be1151c8b2063423b0fc334f1c7ac2a3be68fe7e7fadba550b38a37a04,2023-08-28T04:18:45.836000,sent,kaspa:qq450vwjr7u77cu758apwd5sfvx0z0x0qs69dudl49fsryhgrxtyw68ep3d60,1697999900000,
3b1292be1151c8b2063423b0fc334f1c7ac2a3be68fe7e7fadba550b38a37a04,2023-08-28T04:18:45.836000,sent,kaspa:qq450vwjr7u77cu758apwd5sfvx0z0x0qs69dudl49fsryhgrxtyw68ep3d60,1697999900000,
b198b70f95f6a6509ee5ece4fb51d7b30c24cad12ee013dc865ae9ebecec94e7,2023-08-28T04:16:21.339000,received,kaspa:qpcgpzj3vs9dd3uvz7fked3re7ejm97y58lccak94lgqc56qvwhzs9mdjnp99,799000000000,
c88242870f0a1bf2802a6f89b8ca7ec1c0f06ac0650cd6eb95d003e44af16f53,2023-08-28T04:15:27.519000,received,kaspa:qrn6x4e8jr8rt72rfnyua0e84z9ada0jv33vlr3ad36u66d5nczvkajq2xl3x,899000000000,
7ec19ea7ca6c35640e1254931c8ff536f2f2fec6b066d562bd96ca5712d8071e,2023-08-28T02:42:31.568000,sent,kaspa:qq450vwjr7u77cu758apwd5sfvx0z0x0qs69dudl49fsryhgrxtyw68ep3d60,4442798759763,
0ea66c9f1af0d50f81f9b087cbbaee3c7672d903103a5b764f934e9494bfb34f,2023-08-28T02:39:30.100000,received,kaspa:qpn6jwsunzt9vtlhz4mmp2mvhw23e9hwxmw97r9uk7kmjjpvgtca7h9nee9hq,4442798859763,
0ea66c9f1af0d50f81f9b087cbbaee3c7672d903103a5b764f934e9494bfb34f,2023-08-28T02:39:30.100000,received,kaspa:qpsduum066ww62n23ejugfwpk90an8f5jzmn0rnecc9wg65nen4jgcg6pwxry,4442798859763,
0ea66c9f1af0d50f81f9b087cbbaee3c7672d903103a5b764f934e9494bfb34f,2023-08-28T02:39:30.100000,received,kaspa:qrjl8fwkyykkpmp3dqhtj290870njcmgmju7xl8swgz2jcsgqtahg92suwydp,4442798859763,
0ea66c9f1af0d50f81f9b087cbbaee3c7672d903103a5b764f934e9494bfb34f,2023-08-28T02:39:30.100000,received,kaspa:qrjl8fwkyykkpmp3dqhtj290870njcmgmju7xl8swgz2jcsgqtahg92suwydp,4442798859763,
0ea66c9f1af0d50f81f9b087cbbaee3c7672d903103a5b764f934e9494bfb34f,2023-08-28T02:39:30.100000,received,kaspa:qrumrnpzpv0vp8spnuhur0axf62vxq736psj9dl6ew4gcsknankjk5jpdr2xu,4442798859763,
0ea66c9f1af0d50f81f9b087cbbaee3c7672d903103a5b764f934e9494bfb34f,2023-08-28T02:39:30.100000,received,kaspa:qzhf0hu8wkvsvqh0rnwtcenfvcuzt79arkqcs5ynk78aw00qx0azu9q4k3n8z,4442798859763,
0ea66c9f1af0d50f81f9b087cbbaee3c7672d903103a5b764f934e9494bfb34f,2023-08-28T02:39:30.100000,received,kaspa:qqqh5vave9armwt5z5xxg86vvemg28anz03fdeljlma97hhpvd9fqru28djcl,4442798859763,
0ea66c9f1af0d50f81f9b087cbbaee3c7672d903103a5b764f934e9494bfb34f,2023-08-28T02:39:30.100000,received,kaspa:qrnlzehqzrk3spx4uwf2relcng7lkmm5jctw66jm5dtlga8futfz6wda2q4df,4442798859763,
0ea66c9f1af0d50f81f9b087cbbaee3c7672d903103a5b764f934e9494bfb34f,2023-08-28T02:39:30.100000,received,kaspa:qp24xy4ku9hymzhywd4qzn38gk364jen5szl3zhaglmaptdpqmmgk24nl39ka,4442798859763,
0ea66c9f1af0d50f81f9b087cbbaee3c7672d903103a5b764f934e9494bfb34f,2023-08-28T02:39:30.100000,received,kaspa:qr56g2zk7tlkdcc7vytqjn6jrjxs3vrqhnqk67kc2up3ph3k4fyuce90d9df8,4442798859763,
0ea66c9f1af0d50f81f9b087cbbaee3c7672d903103a5b764f934e9494bfb34f,2023-08-28T02:39:30.100000,received,kaspa:qqz6hpe58vz3l637nt44l84uxeh4hvfwcemdu3udh5z2wwzehmvdu5c55h9ax,4442798859763,
0ea66c9f1af0d50f81f9b087cbbaee3c7672d903103a5b764f934e9494bfb34f,2023-08-28T02:39:30.100000,received,kaspa:qr8gyh5kpkaf9a24hftme83fhn9x4trw3fxe4kap6d4akk50as6gzs9cka0zr,4442798859763,
0ea66c9f1af0d50f81f9b087cbbaee3c7672d903103a5b764f934e9494bfb34f,2023-08-28T02:39:30.100000,received,kaspa:qzww0tht8wrgkhyppwtp9vddfyqdwr6y5mauwt8j6f3g3smz3awlwc3fr9q8u,4442798859763,
0ea66c9f1af0d50f81f9b087cbbaee3c7672d903103a5b764f934e9494bfb34f,2023-08-28T02:39:30.100000,received,kaspa:qz9a69kxryk73eqkwmsvum3gga86xcrfsvym6xc7xqvaxcveu9jkc5v3mj94z,4442798859763,
0ea66c9f1af0d50f81f9b087cbbaee3c7672d903103a5b764f934e9494bfb34f,2023-08-28T02:39:30.100000,received,kaspa:qrq3mrssh9td4akydrl0rav7n8tg3swq8zdvfzehvxsqll92sgq358cf38c0s,4442798859763,
0ea66c9f1af0d50f81f9b087cbbaee3c7672d903103a5b764f934e9494bfb34f,2023-08-28T02:39:30.100000,received,kaspa:qzq6xt9swy8cz54l3zlnjxuvz3phn5lv0zl8jdqpxgmtfm3u6fa8uc069hyd2,4442798859763,
0ea66c9f1af0d50f81f9b087cbbaee3c7672d903103a5b764f934e9494bfb34f,2023-08-28T02:39:30.100000,received,kaspa:qq9rue40htvxyzu05v0l9av97h5n6ffeq3lrlu2mnscefjg89e4g5frapmhwx,4442798859763,
0ea66c9f1af0d50f81f9b087cbbaee3c7672d903103a5b764f934e9494bfb34f,2023-08-28T02:39:30.100000,received,kaspa:qrh4z7qqup3us354ehx7mx6zljhsnkynuam9ej7jfqp0gwqd0cflzmj9ufph3,4442798859763,
0ea66c9f1af0d50f81f9b087cbbaee3c7672d903103a5b764f934e9494bfb34f,2023-08-28T02:39:30.100000,received,kaspa:qpf8n0hxudkfr9ttxexd8hke2ka75evdhl5tef36pufhf87vrmmj7fsht56yq,4442798859763,
e08e80a824d6adcc4987cb4a4800eaecae93473abfe3965cd4ef0f267b0d1918,2023-08-27T03:27:34.875000,sent,kaspa:qqwvnkp47wsj6n4hkdlgj8dsauyx0xvefunnwvvsmpq2udd0ka8ckmpuqw3k5,10964415900000,
4bc3032a90fff22206fdcce4fbb71d8283d324acff71607a39a04bf0c4cb41c9,2023-08-27T03:27:02.236000,received,kaspa:qqetp7ct8kqss99fxmymyz5t3fezppxp0t58wl6pawp27elqd46uudme00cl0,10964416000000,
91b9cef9aae847a156ac271896ccf2ada94f24bfc11a8c53730603a6d2be205c,2023-08-27T03:16:37.328000,sent,kaspa:qqwvnkp47wsj6n4hkdlgj8dsauyx0xvefunnwvvsmpq2udd0ka8ckmpuqw3k5,11565382900000,
aec73c59eaacaf24ef48215c94df7c4708d4e7582205c8a4ba0d6f9fe28649b2,2023-08-27T03:16:03.926000,received,kaspa:qqetp7ct8kqss99fxmymyz5t3fezppxp0t58wl6pawp27elqd46uudme00cl0,11565383000000,
da77159266c65031652cc3453447d23ac5b5725b568937b0075ffbb3daa41dde,2023-08-27T02:56:35.424000,sent,kaspa:qqwvnkp47wsj6n4hkdlgj8dsauyx0xvefunnwvvsmpq2udd0ka8ckmpuqw3k5,8773283900000,
9c3d8b558fd0ed6d3e5bbe2418b32c879ea18d4663f94059227ebeaf2f2a8d84,2023-08-27T02:56:02.203000,received,kaspa:qqetp7ct8kqss99fxmymyz5t3fezppxp0t58wl6pawp27elqd46uudme00cl0,8773284000000,
257674a2859776d26c080188d7128bb17ab76798393f8577a2a3af4f76830bc7,2023-08-26T07:50:24.323000,sent,kaspa:qqwvnkp47wsj6n4hkdlgj8dsauyx0xvefunnwvvsmpq2udd0ka8ckmpuqw3k5,8277430800000,
ab456152f08f761870f7eb1dd4345854d545fc98a5a4af035e8fad76dd8cd4cf,2023-08-26T07:49:03.559000,received,kaspa:qqetp7ct8kqss99fxmymyz5t3fezppxp0t58wl6pawp27elqd46uudme00cl0,8277430900000,
d6dab9433f6570a54d4d78e54d97d27c6a93a5b25bc537d76dcbf9fdf971c61e,2023-08-26T03:15:28.119000,sent,kaspa:qq450vwjr7u77cu758apwd5sfvx0z0x0qs69dudl49fsryhgrxtyw68ep3d60,1187999900000,
d6dab9433f6570a54d4d78e54d97d27c6a93a5b25bc537d76dcbf9fdf971c61e,2023-08-26T03:15:28.119000,sent,kaspa:qq450vwjr7u77cu758apwd5sfvx0z0x0qs69dudl49fsryhgrxtyw68ep3d60,1187999900000,
226925908db38c5b8e3c20d26faf0c55f712a34d4c01ebec9101dae16274a2dd,2023-08-26T03:13:47.332000,received,kaspa:qrgej0knny97y5se5ec6hesh8rgzwckxz5r37qn36u2epwyvgjvex6av0rc5w,289000000000,
fd768366342bc897da69c2d533c0f21526a840be57cdbf88e8b0d88de1c773f2,2023-08-26T03:12:17.782000,received,kaspa:qqe8kg3m50qnm6hsph0yuku624rav8ehdt24aheurl8a6v7glduzqg96ttksz,899000000000,
afba7b3b394a3165aeed2211d8757b56c7da52552fa793381776d00ab90b8f22,2023-08-26T03:03:05.147000,sent,kaspa:qqwvnkp47wsj6n4hkdlgj8dsauyx0xvefunnwvvsmpq2udd0ka8ckmpuqw3k5,8105108142204,
8278f9c11267c97877f22ce05a0705c4b6857c8c95810a9bedf91f31a156efba,2023-08-26T03:02:04.858000,received,kaspa:qqetp7ct8kqss99fxmymyz5t3fezppxp0t58wl6pawp27elqd46uudme00cl0,8105108242204,
a44b63b683b9615157f9250ebb6f744e7d0121c1a6b3dedab12d6b7e24a8e759,2023-08-25T04:46:34.648000,sent,kaspa:qqwvnkp47wsj6n4hkdlgj8dsauyx0xvefunnwvvsmpq2udd0ka8ckmpuqw3k5,8072369900000,
34e1d62597c029048b6b2438a949b0fa1f7466e05c7c6e659a58de569b4a6d9b,2023-08-25T04:46:02.815000,received,kaspa:qqetp7ct8kqss99fxmymyz5t3fezppxp0t58wl6pawp27elqd46uudme00cl0,8072370000000,
4d428a3a6bf92306fbf3eb9310201d9fe8733d63cf9dc8ebd6a3262226ee2c6b,2023-08-25T04:09:44.856000,sent,kaspa:qqwvnkp47wsj6n4hkdlgj8dsauyx0xvefunnwvvsmpq2udd0ka8ckmpuqw3k5,7210888063630,
8ac736a2e8e3d54d3774ab35ecc683c2bf891db8c2c4b5be9314a98001110dbb,2023-08-25T04:09:03.023000,received,kaspa:qqetp7ct8kqss99fxmymyz5t3fezppxp0t58wl6pawp27elqd46uudme00cl0,7210888163630,
3796204f4d4e22192bcda428a7d47f459e895fc290698e019bcfb5f72851cf80,2023-08-24T08:36:14.080000,sent,kaspa:qqwvnkp47wsj6n4hkdlgj8dsauyx0xvefunnwvvsmpq2udd0ka8ckmpuqw3k5,11906195040,
d59e4ac5a18c45763dcb748d23339b32e04d3a5eb3a43d98dea1a79b98c8e347,2023-08-24T08:30:46.563000,sent,kaspa:qq450vwjr7u77cu758apwd5sfvx0z0x0qs69dudl49fsryhgrxtyw68ep3d60,1000000000,
749da891416c67a3a05668a94a051bb9646ddddb0dcdd11c8d83123f50bb138c,2023-08-24T08:27:00.378000,sent,kaspa:qq450vwjr7u77cu758apwd5sfvx0z0x0qs69dudl49fsryhgrxtyw68ep3d60,1000000000,
749da891416c67a3a05668a94a051bb9646ddddb0dcdd11c8d83123f50bb138c,2023-08-24T08:27:00.378000,sent,kaspa:qq450vwjr7u77cu758apwd5sfvx0z0x0qs69dudl49fsryhgrxtyw68ep3d60,1000000000,
56b5f83fa42cd6488feb94c5fb1b6db01cc894d5ccd1e2626b17a35db38905b9,2023-08-24T08:23:03.306000,received,kaspa:qqetp7ct8kqss99fxmymyz5t3fezppxp0t58wl6pawp27elqd46uudme00cl0,10314164439,
85b295eea6eaf959c2e5fe835d60104e6af6c87907c17680200f3129b0d86bf6,2023-08-24T08:12:24.617000,sent,kaspa:qq450vwjr7u77cu758apwd5sfvx0z0x0qs69dudl49fsryhgrxtyw68ep3d60,655000000000,
4fcd31b1794c3a2c55fc684d91f093a4d007e522bfe3679b66d96f20203e0b9b,2023-08-24T03:47:55.266000,received,kaspa:qryzq7takdfy5djknvvxz9wjt67xv6gxul2v8dey8xn2kypjs48fyx4ctpd6t,658592430601,
990acf598093231eea1de9cb57f2822252d6cad258b19ddfbacea3c05cb71cb8,2023-08-24T02:26:53.348000,sent,kaspa:qq450vwjr7u77cu758apwd5sfvx0z0x0qs69dudl49fsryhgrxtyw68ep3d60,2396999900000,
990acf598093231eea1de9cb57f2822252d6cad258b19ddfbacea3c05cb71cb8,2023-08-24T02:26:53.348000,sent,kaspa:qq450vwjr7u77cu758apwd5sfvx0z0x0qs69dudl49fsryhgrxtyw68ep3d60,2396999900000,
990acf598093231eea1de9cb57f2822252d6cad258b19ddfbacea3c05cb71cb8,2023-08-24T02:26:53.348000,sent,kaspa:qq450vwjr7u77cu758apwd5sfvx0z0x0qs69dudl49fsryhgrxtyw68ep3d60,2396999900000,
d3d1785aabe7ae341a393a47203205a73a0d2d4b193a7e020b2ebd3a9a082128,2023-08-24T02:24:28.110000,received,kaspa:qp8p2j2k9rzsveuruh0utv7mkt3lpwmz37l4ag7drgaatvezt8zq7qqyn7k5x,699000000000,
d3d1785aabe7ae341a393a47203205a73a0d2d4b193a7e020b2ebd3a9a082128,2023-08-24T02:24:28.110000,received,kaspa:qrtecp829st8y90r0dlmjyvzzmgzzyazas9cj9ly5z8y8xqg9qs42ckvedfz7,699000000000,
36fa1dbf5969c61b213fc1ec6b75b5816c6cef91dfc3cc4ce82827d9090930cf,2023-08-24T02:23:42.147000,received,kaspa:qqp533uv4w4p844qen2luprm235cpdfmkxa82rd78w40ke3gvygwuhetx0dkc,799000000000,
36fa1dbf5969c61b213fc1ec6b75b5816c6cef91dfc3cc4ce82827d9090930cf,2023-08-24T02:23:42.147000,received,kaspa:qrvq6zz0c4l5c6wd63xhj89anjmaac5xn0g0apuy92cnl4pkzxghsfj9pu66d,799000000000,
36fa1dbf5969c61b213fc1ec6b75b5816c6cef91dfc3cc4ce82827d9090930cf,2023-08-24T02:23:42.147000,received,kaspa:qp4vzfvr49ns4ymuxv4relchmwh3m5h66ks4ql783dpv9ajh7rmg5qjzcl7gs,799000000000,
36fa1dbf5969c61b213fc1ec6b75b5816c6cef91dfc3cc4ce82827d9090930cf,2023-08-24T02:23:42.147000,received,kaspa:qzxgqhvkm87cg5c3pfvj73kt28zjhgkphm3qsdluj43nx4na3au7skpdwlpgl,799000000000,
36fa1dbf5969c61b213fc1ec6b75b5816c6cef91dfc3cc4ce82827d9090930cf,2023-08-24T02:23:42.147000,received,kaspa:qrxr05h9fsy0vsmgjwrf0uyp9nudf8dyaq3n3h852u65wzdn70umxlnzvsewx,799000000000,
36fa1dbf5969c61b213fc1ec6b75b5816c6cef91dfc3cc4ce82827d9090930cf,2023-08-24T02:23:42.147000,received,kaspa:qrepfed4pzghykp3lucwxgr854rfk0earnft67gh5pfxda0l67ml2d0n8c3j6,799000000000,
9b74eaddddf9e49ae84fd97a4ae4533399d761fb056c5b82a4eaabe9845c839f,2023-08-24T02:22:56.993000,received,kaspa:qzgggnn0wl2w3p4cs0ex7fff7lknvfv3dkryap9m3pmj5px4vumpgjh4rwhhe,899000000000,
ebeecb55af3ba822297fcc6e5ea157b6106dd4e156219e17421d2681d87e649e,2023-08-23T21:22:54.772000,sent,kaspa:qq450vwjr7u77cu758apwd5sfvx0z0x0qs69dudl49fsryhgrxtyw68ep3d60,2196999900000,
ebeecb55af3ba822297fcc6e5ea157b6106dd4e156219e17421d2681d87e649e,2023-08-23T21:22:54.772000,sent,kaspa:qq450vwjr7u77cu758apwd5sfvx0z0x0qs69dudl49fsryhgrxtyw68ep3d60,2196999900000,
ebeecb55af3ba822297fcc6e5ea157b6106dd4e156219e17421d2681d87e649e,2023-08-23T21:22:54.772000,sent,kaspa:qq450vwjr7u77cu758apwd5sfvx0z0x0qs69dudl49fsryhgrxtyw68ep3d60,2196999900000,
d81ec60e3de63eb38feecae3acf59a395116766ad8a104f7fad4ea9a03c75cb2,2023-08-23T21:20:53.761000,received,kaspa:qpfyv2a25j4c9sdupm24plc8tr2kfrd6vvwwz0rx0llnapgvnh3dgppajquza,799000000000,
d81ec60e3de63eb38feecae3acf59a395116766ad8a104f7fad4ea9a03c75cb2,2023-08-23T21:20:53.761000,received,kaspa:qzqcehltp36ezjxlfc0g5st4hmcnucg7dxqelrqwk46p6e558a5pvfkz0hpw5,799000000000,
d81ec60e3de63eb38feecae3acf59a395116766ad8a104f7fad4ea9a03c75cb2,2023-08-23T21:20:53.761000,received,kaspa:qqmk4g9jzt0l0udehhwqhxzn8zx54ydytwxqakke33jatzw33d7h582wep7j3,799000000000,
d81ec60e3de63eb38feecae3acf59a395116766ad8a104f7fad4ea9a03c75cb2,2023-08-23T21:20:53.761000,received,kaspa:qrnlzehqzrk3spx4uwf2relcng7lkmm5jctw66jm5dtlga8futfz6wda2q4df,799000000000,
d81ec60e3de63eb38feecae3acf59a395116766ad8a104f7fad4ea9a03c75cb2,2023-08-23T21:20:53.761000,received,kaspa:qzzwkxhm2xcmcyfc8jpc0kmmy33u0futuge8xld8z33ngvmey6nf7575pw9jj,799000000000,
d81ec60e3de63eb38feecae3acf59a395116766ad8a104f7fad4ea9a03c75cb2,2023-08-23T21:20:53.761000,received,kaspa:qrem8hlsp0vvtyrtj0jp4tfp3f9epg3u0v2dmxduls9pw8w25ky720hpz4rr6,799000000000,
d81ec60e3de63eb38feecae3acf59a395116766ad8a104f7fad4ea9a03c75cb2,2023-08-23T21:20:53.761000,received,kaspa:qqqh5vave9armwt5z5xxg86vvemg28anz03fdeljlma97hhpvd9fqru28djcl,799000000000,
d81ec60e3de63eb38feecae3acf59a395116766ad8a104f7fad4ea9a03c75cb2,2023-08-23T21:20:53.761000,received,kaspa:qr3hxfa8re04rxvcyq8sqzwqzdyyvtx866eymmdlznv60ldftwjtqszjydyxw,799000000000,
c07f249c8add7d93383df18acb0bb9ef10bf1640098be82308258ff55fc6cd1e,2023-08-23T21:20:04.484000,received,kaspa:qzgttzw35pl8lx7xcjey2q3ehmq8fs4uz53jwgcqhz3th2lzpt0ywdy3fmjkt,899000000000,
fefc1da67a01761ec3ab8ea9a6c642639d0b5ffdea95a8d1c1964f7053666e7b,2023-08-23T21:16:56.200000,received,kaspa:qpl2zakd23kk2lxu83a7pmwurel586pvefvhl0d8kqq39xntsyqh24x3d9a6w,499000000000,
ee82a0c553bb5d68f3eca6242e0fd2aed3519d7d7482f6d2200aa158827900fe,2023-08-23T04:51:48.362000,sent,kaspa:qqwvnkp47wsj6n4hkdlgj8dsauyx0xvefunnwvvsmpq2udd0ka8ckmpuqw3k5,3478998516941,
ee82a0c553bb5d68f3eca6242e0fd2aed3519d7d7482f6d2200aa158827900fe,2023-08-23T04:51:48.362000,sent,kaspa:qqwvnkp47wsj6n4hkdlgj8dsauyx0xvefunnwvvsmpq2udd0ka8ckmpuqw3k5,3478998516941,
f9bae571c5ef016d951b698b6a150a28942ca2a477b5737f0ed5ef7cb6f0b9e6,2023-08-23T04:48:44.589000,received,kaspa:qp23zm5ck34d8qt77t493c9ahgvakl7fsthvmspwk77txpt9mklhsj9jjty7y,2134163128579,
ae2b0ef6717249e20e2cb82885a005f0eaf494130874acf7fa3c66711f050ba6,2023-08-23T04:47:00.221000,received,kaspa:qqmyrmm0s2ysrc9umzqdgxmwty054ghlj9fa60wugqaafm4vwpwj2c24ft0ql,1344835488362,
50fa13a66f0146b2ea78cce54a3ee1d7215e2bcc861c09a33a363c7df8571175,2023-08-23T04:31:48.024000,sent,kaspa:qqwvnkp47wsj6n4hkdlgj8dsauyx0xvefunnwvvsmpq2udd0ka8ckmpuqw3k5,537534918813,
50fa13a66f0146b2ea78cce54a3ee1d7215e2bcc861c09a33a363c7df8571175,2023-08-23T04:31:48.024000,sent,kaspa:qqwvnkp47wsj6n4hkdlgj8dsauyx0xvefunnwvvsmpq2udd0ka8ckmpuqw3k5,537534918813,
50fa13a66f0146b2ea78cce54a3ee1d7215e2bcc861c09a33a363c7df8571175,2023-08-23T04:31:48.024000,sent,kaspa:qqwvnkp47wsj6n4hkdlgj8dsauyx0xvefunnwvvsmpq2udd0ka8ckmpuqw3k5,537534918813,
c81d9cb287c6cab3dbdf767759683fceea43f20dea46257413743d5abced7ffa,2023-08-23T02:08:30.076000,received,kaspa:qz5fhgpkchw0yqs658z0vcukzgtuzgnr7catm7qt3zpu9zn8ece3yaeh3dg55,79000000000,
c81d9cb287c6cab3dbdf767759683fceea43f20dea46257413743d5abced7ffa,2023-08-23T02:08:30.076000,received,kaspa:qqrx4cqpfgz73u2sevv75laknqne7pxmfj5v36aksfw0h06jmutjyle06zdn9,79000000000,
c81d9cb287c6cab3dbdf767759683fceea43f20dea46257413743d5abced7ffa,2023-08-23T02:08:30.076000,received,kaspa:qqw8wrs4jjmjrcl4wqrj084v7uuryzh2yhusfvy5yms5jtampacwksmnlk46z,79000000000,
c81d9cb287c6cab3dbdf767759683fceea43f20dea46257413743d5abced7ffa,2023-08-23T02:08:30.076000,received,kaspa:qrrwfa0egyfrf43hd6hdzj5y27rhrxda5jnq2gtlpackdf7mhxy3s66ra7mzm,79000000000,
c81d9cb287c6cab3dbdf767759683fceea43f20dea46257413743d5abced7ffa,2023-08-23T02:08:30.076000,received,kaspa:qpcy8vvtd4tu3pjg3c90asw9r2cq2vfusa6jahswjlny5h7aey39sdety2qde,79000000000,
f888b496834d9dbbaa01fc1c6889020cd519dbed2dbe4843b659ede516ea384d,2023-08-23T01:25:50.221000,received,kaspa:qq84xmsfn9jj78mlfdsj0ldzf4m7xejw2yrnlmsyy9583afvhkh927d6djvzw,89000000000,
f888b496834d9dbbaa01fc1c6889020cd519dbed2dbe4843b659ede516ea384d,2023-08-23T01:25:50.221000,received,kaspa:qzj6vmt4wxacef5vr9jvdh4feha2m5twprqrdgwcq8k98geqtu88j9nsj8ntt,89000000000,
f888b496834d9dbbaa01fc1c6889020cd519dbed2dbe4843b659ede516ea384d,2023-08-23T01:25:50.221000,received,kaspa:qqfn959x449ku58shyqjavucmhfu8tmhdnnctqzqevx8umr60as7kpzva3dge,89000000000,
f888b496834d9dbbaa01fc1c6889020cd519dbed2dbe4843b659ede516ea384d,2023-08-23T01:25:50.221000,received,kaspa:qzxvf8h655qw6x4psg5spp6qdzapvu49rmmnqacnf3xh76zy0v3jj0prk0ekg,89000000000,
f888b496834d9dbbaa01fc1c6889020cd519dbed2dbe4843b659ede516ea384d,2023-08-23T01:25:50.221000,received,kaspa:qqdx5566jykqlgxzvkxys8k2vh7tvje5nvxjkkkgjtfd58jdgwkdu8s8rtjsw,89000000000,
f888b496834d9dbbaa01fc1c6889020cd519dbed2dbe4843b659ede516ea384d,2023-08-23T01:25:50.221000,received,kaspa:qrnjdmc53fj6eyaf8umc4zs333yyg40jdpf536hmgquce8ppa5d3jcv8alj5c,89000000000,
f888b496834d9dbbaa01fc1c6889020cd519dbed2dbe4843b659ede516ea384d,2023-08-23T01:25:50.221000,received,kaspa:qqtdagr7mhldlxnppvqxzgtff60xqcwlxx8sl87a5afm8n3r2hkz27tau4p26,89000000000,
f888b496834d9dbbaa01fc1c6889020cd519dbed2dbe4843b659ede516ea384d,2023-08-23T01:25:50.221000,received,kaspa:qpxj3n2djda44s905cvzfjfxht3g5dcvnpt89ftdj0dcj3a3pym6gtjtzatml,89000000000,
f888b496834d9dbbaa01fc1c6889020cd519dbed2dbe4843b659ede516ea384d,2023-08-23T01:25:50.221000,received,kaspa:qq2hzl6y9ktejtfj9nvj7wgypra5fg37yq79f8vumm0ka24hl43zykjw8ulez,89000000000,
f888b496834d9dbbaa01fc1c6889020cd519dbed2dbe4843b659ede516ea384d,2023-08-23T01:25:50.221000,received,kaspa:qqrrf7dkjxwhrhljets0670nznwt30j7xrjqqp9v39p6u4evumjugpdrfgqpd,89000000000,
f888b496834d9dbbaa01fc1c6889020cd519dbed2dbe4843b659ede516ea384d,2023-08-23T01:25:50.221000,received,kaspa:qp00yqdt482gpc2cwdt2fzacj2rk7ge6wl277z84l7j9hhm98yejsy9pm735s,89000000000,
f888b496834d9dbbaa01fc1c6889020cd519dbed2dbe4843b659ede516ea384d,2023-08-23T01:25:50.221000,received,kaspa:qza6gezjyjmq33ehgq867ryvrhs8zfek9mxkm0vhupdphf5gu7aew5u22e77c,89000000000,
f888b496834d9dbbaa01fc1c6889020cd519dbed2dbe4843b659ede516ea384d,2023-08-23T01:25:50.221000,received,kaspa:qq6e86h5s04tlajpm27qhl6ujw4kfk9k6v6sszrvw57hknpflc2760zadmq9y,89000000000,
f888b496834d9dbbaa01fc1c6889020cd519dbed2dbe4843b659ede516ea384d,2023-08-23T01:25:50.221000,received,kaspa:qrz5w8ktwautuvypw6ltgpey7flypvew3e5q6s5e9uj47v87c9yr7krgv5sm8,89000000000,
ad7996ee52ae2a5b78e64fc48e179acaf2dc12383e64e195d60efa48d7e1d9bc,2023-08-23T01:10:44.715000,sent,kaspa:qqwvnkp47wsj6n4hkdlgj8dsauyx0xvefunnwvvsmpq2udd0ka8ckmpuqw3k5,7451063773187,
ad7996ee52ae2a5b78e64fc48e179acaf2dc12383e64e195d60efa48d7e1d9bc,2023-08-23T01:10:44.715000,sent,kaspa:qqwvnkp47wsj6n4hkdlgj8dsauyx0xvefunnwvvsmpq2udd0ka8ckmpuqw3k5,7451063773187,
ad7996ee52ae2a5b78e64fc48e179acaf2dc12383e64e195d60efa48d7e1d9bc,2023-08-23T01:10:44.715000,sent,kaspa:qqwvnkp47wsj6n4hkdlgj8dsauyx0xvefunnwvvsmpq2udd0ka8ckmpuqw3k5,7451063773187,
ad7996ee52ae2a5b78e64fc48e179acaf2dc12383e64e195d60efa48d7e1d9bc,2023-08-23T01:10:44.715000,sent,kaspa:qqwvnkp47wsj6n4hkdlgj8dsauyx0xvefunnwvvsmpq2udd0ka8ckmpuqw3k5,7451063773187,
ad7996ee52ae2a5b78e64fc48e179acaf2dc12383e64e195d60efa48d7e1d9bc,2023-08-23T01:10:44.715000,sent,kaspa:qqwvnkp47wsj6n4hkdlgj8dsauyx0xvefunnwvvsmpq2udd0ka8ckmpuqw3k5,7451063773187,
ad7996ee52ae2a5b78e64fc48e179acaf2dc12383e64e195d60efa48d7e1d9bc,2023-08-23T01:10:44.715000,sent,kaspa:qqwvnkp47wsj6n4hkdlgj8dsauyx0xvefunnwvvsmpq2udd0ka8ckmpuqw3k5,7451063773187,
ad7996ee52ae2a5b78e64fc48e179acaf2dc12383e64e195d60efa48d7e1d9bc,2023-08-23T01:10:44.715000,sent,kaspa:qqwvnkp47wsj6n4hkdlgj8dsauyx0xvefunnwvvsmpq2udd0ka8ckmpuqw3k5,7451063773187,
ad7996ee52ae2a5b78e64fc48e179acaf2dc12383e64e195d60efa48d7e1d9bc,2023-08-23T01:10:44.715000,sent,kaspa:qqwvnkp47wsj6n4hkdlgj8dsauyx0xvefunnwvvsmpq2udd0ka8ckmpuqw3k5,7451063773187,
870f664e5a16a75a21b8c12064b41f49716a64735616424d40d81c25426c7909,2023-08-23T01:03:07.981000,received,kaspa:qrelgny7sr3vahq69yykxx36m65gvmhryxrlwngfzgu8xkdslum2yxjp3ap8m,11838264000,Gate.io
870f664e5a16a75a21b8c12064b41f49716a64735616424d40d81c25426c7909,2023-08-23T01:03:07.981000,received,kaspa:qrelgny7sr3vahq69yykxx36m65gvmhryxrlwngfzgu8xkdslum2yxjp3ap8m,7444760628000,Gate.io
2d9d855a816705ec0baffa6a6bdcae49eedc10ce4b416247201bf886d55b2bee,2023-08-23T00:17:29.954000,received,kaspa:qz6vldgwy04yw2mlysn9t24fuukprtqlhfmvpegxdf52tjucr2h2yyhk5d34f,59000000000,
2d9d855a816705ec0baffa6a6bdcae49eedc10ce4b416247201bf886d55b2bee,2023-08-23T00:17:29.954000,received,kaspa:qzah8umdd52mj02p2jkmmtlp8v365rymguwmunhq5yjtjhkn7l3fgehc7s00u,59000000000,
2d9d855a816705ec0baffa6a6bdcae49eedc10ce4b416247201bf886d55b2bee,2023-08-23T00:17:29.954000,received,kaspa:qz9a69kxryk73eqkwmsvum3gga86xcrfsvym6xc7xqvaxcveu9jkc5v3mj94z,59000000000,
2d9d855a816705ec0baffa6a6bdcae49eedc10ce4b416247201bf886d55b2bee,2023-08-23T00:17:29.954000,received,kaspa:qzgrxd0zuzv84qdu67fkntu46lhmcpu72zlq46las3a2w8hn8470g8z295kmc,59000000000,
2d9d855a816705ec0baffa6a6bdcae49eedc10ce4b416247201bf886d55b2bee,2023-08-23T00:17:29.954000,received,kaspa:qzdj3t78l3tluqdx57zjss2extfp0lg9gq77kjp8pm80yayucj7e52fxma4n9,59000000000,
2d9d855a816705ec0baffa6a6bdcae49eedc10ce4b416247201bf886d55b2bee,2023-08-23T00:17:29.954000,received,kaspa:qzq6xt9swy8cz54l3zlnjxuvz3phn5lv0zl8jdqpxgmtfm3u6fa8uc069hyd2,59000000000,
2d9d855a816705ec0baffa6a6bdcae49eedc10ce4b416247201bf886d55b2bee,2023-08-23T00:17:29.954000,received,kaspa:qrh4z7qqup3us354ehx7mx6zljhsnkynuam9ej7jfqp0gwqd0cflzmj9ufph3,59000000000,
2d9d855a816705ec0baffa6a6bdcae49eedc10ce4b416247201bf886d55b2bee,2023-08-23T00:17:29.954000,received,kaspa:qq9rue40htvxyzu05v0l9av97h5n6ffeq3lrlu2mnscefjg89e4g5frapmhwx,59000000000,
2d9d855a816705ec0baffa6a6bdcae49eedc10ce4b416247201bf886d55b2bee,2023-08-23T00:17:29.954000,received,kaspa:qz9d4lz052pnfmehf4npyn4tvpx3n5q23lkma7pvz3l49urx4hlh5u6wh90mu,59000000000,
2d9d855a816705ec0baffa6a6bdcae49eedc10ce4b416247201bf886d55b2bee,2023-08-23T00:17:29.954000,received,kaspa:qrlhlvcrx4fd4ls2quj97f6hu5qgkprpslzdu2tgchrezgh8rqzw7f4kt58t4,59000000000,
2d9d855a816705ec0baffa6a6bdcae49eedc10ce4b416247201bf886d55b2bee,2023-08-23T00:17:29.954000,received,kaspa:qq5d5cdffctp3npph4ajgl3zataugvqmsxfrp6d3jsunk7fapsms7qedlelmt,59000000000,
2d9d855a816705ec0baffa6a6bdcae49eedc10ce4b416247201bf886d55b2bee,2023-08-23T00:17:29.954000,received,kaspa:qq7wzxdwakvemv5xdqjl0ln0xkf5dk0ua2zstaum7l2dxfn9lptfy4w9jv5ls,59000000000,
2d9d855a816705ec0baffa6a6bdcae49eedc10ce4b416247201bf886d55b2bee,2023-08-23T00:17:29.954000,received,kaspa:qr0rsdh33d2qdpkjye84cgu5aywwwczepvg5nfjpjyedjc80x9576tzfnj66g,59000000000,
2d9d855a816705ec0baffa6a6bdcae49eedc10ce4b416247201bf886d55b2bee,2023-08-23T00:17:29.954000,received,kaspa:qzyw7cu9p34jvrv4xtd5dccyjp2et0sj9xkn0cfvwx3uex8yy6cnytskhafkg,59000000000,
2d9d855a816705ec0baffa6a6bdcae49eedc10ce4b416247201bf886d55b2bee,2023-08-23T00:17:29.954000,received,kaspa:qr6zxvzhgudgakh7mkur3543xqctesmkn52ez7rsgxzarh86chs3ke3vl6g20,59000000000,
2d9d855a816705ec0baffa6a6bdcae49eedc10ce4b416247201bf886d55b2bee,2023-08-23T00:17:29.954000,received,kaspa:qzw4fpzn0h73tfvh8s5tdwfwz9nul4qydn2aw33pchsqvh2rwq6xx2pgn5nkm,59000000000,
2d9d855a816705ec0baffa6a6bdcae49eedc10ce4b416247201bf886d55b2bee,2023-08-23T00:17:29.954000,received,kaspa:qqqavh7day6ezp4hq68d8u7c5ldnw94zmjktutsasw53uym3faqakpqdjy6zv,59000000000,
2d9d855a816705ec0baffa6a6bdcae49eedc10ce4b416247201bf886d55b2bee,2023-08-23T00:17:29.954000,received,kaspa:qrkv8w76n5sutdpcytj287x6q66c2wq4qfzsznr7jdyrr5px2p4wusf37zfw8,59000000000,
db9f9c535daece8d048dcb1896a973ed23bb969245f441f310a27f37a7751d40,2023-08-22T23:18:59.315000,received,kaspa:qzxlng2uexcxpe25hyyx0ftw6lly7rcntsmfthhmu4mhzjss0wzl5nrnc0hk4,79000000000,
db9f9c535daece8d048dcb1896a973ed23bb969245f441f310a27f37a7751d40,2023-08-22T23:18:59.315000,received,kaspa:qqrx4cqpfgz73u2sevv75laknqne7pxmfj5v36aksfw0h06jmutjyle06zdn9,79000000000,
db9f9c535daece8d048dcb1896a973ed23bb969245f441f310a27f37a7751d40,2023-08-22T23:18:59.315000,received,kaspa:qr92k5k9semjk9rnl4qafyycc8w0aj0r829d6f2d3a2h672xnvj2ku6jufp80,79000000000,
487d80440d6defea7a2d09eb1c49cd945600e35edcc3abe3c6a3dd53195658a3,2023-08-22T21:59:51.726000,received,kaspa:qrnlzehqzrk3spx4uwf2relcng7lkmm5jctw66jm5dtlga8futfz6wda2q4df,49000000000,
487d80440d6defea7a2d09eb1c49cd945600e35edcc3abe3c6a3dd53195658a3,2023-08-22T21:59:51.726000,received,kaspa:qqlzuu8azl34n538x3stlhtm0lttqst2geej5ujp5l2ykx2c6t2pvzsnygfnz,49000000000,
487d80440d6defea7a2d09eb1c49cd945600e35edcc3abe3c6a3dd53195658a3,2023-08-22T21:59:51.726000,received,kaspa:qpwgxtpz7la75957uftgtttn6ckfv4cxdwp6we82qmsqzzwc3fhh5ycwa3ah3,49000000000,
487d80440d6defea7a2d09eb1c49cd945600e35edcc3abe3c6a3dd53195658a3,2023-08-22T21:59:51.726000,received,kaspa:qzq6xt9swy8cz54l3zlnjxuvz3phn5lv0zl8jdqpxgmtfm3u6fa8uc069hyd2,49000000000,
487d80440d6defea7a2d09eb1c49cd945600e35edcc3abe3c6a3dd53195658a3,2023-08-22T21:59:51.726000,received,kaspa:qzrc3qpn6qrr469wh7m43336373dzxna2thshka8lus574e5zdzujcransvlu,49000000000,
487d80440d6defea7a2d09eb1c49cd945600e35edcc3abe3c6a3dd53195658a3,2023-08-22T21:59:51.726000,received,kaspa:qpf8n0hxudkfr9ttxexd8hke2ka75evdhl5tef36pufhf87vrmmj7fsht56yq,49000000000,
487d80440d6defea7a2d09eb1c49cd945600e35edcc3abe3c6a3dd53195658a3,2023-08-22T21:59:51.726000,received,kaspa:qpshlrsgew38elnpv66mjvknayxu3hpwpg3vcg6y3zylfm396udm244mf9v82,49000000000,
487d80440d6defea7a2d09eb1c49cd945600e35edcc3abe3c6a3dd53195658a3,2023-08-22T21:59:51.726000,received,kaspa:qq9rue40htvxyzu05v0l9av97h5n6ffeq3lrlu2mnscefjg89e4g5frapmhwx,49000000000,
487d80440d6defea7a2d09eb1c49cd945600e35edcc3abe3c6a3dd53195658a3,2023-08-22T21:59:51.726000,received,kaspa:qq5d5cdffctp3npph4ajgl3zataugvqmsxfrp6d3jsunk7fapsms7qedlelmt,49000000000,
487d80440d6defea7a2d09eb1c49cd945600e35edcc3abe3c6a3dd53195658a3,2023-08-22T21:59:51.726000,received,kaspa:qrtysdx6nnqcy5ztuhktxgzvfcymchryx9kl4v2vg6cvxsnwyjrg75xzc4rjd,49000000000,
487d80440d6defea7a2d09eb1c49cd945600e35edcc3abe3c6a3dd53195658a3,2023-08-22T21:59:51.726000,received,kaspa:qrh4z7qqup3us354ehx7mx6zljhsnkynuam9ej7jfqp0gwqd0cflzmj9ufph3,49000000000,
487d80440d6defea7a2d09eb1c49cd945600e35edcc3abe3c6a3dd53195658a3,2023-08-22T21:59:51.726000,received,kaspa:qpshlrsgew38elnpv66mjvknayxu3hpwpg3vcg6y3zylfm396udm244mf9v82,49000000000,
487d80440d6defea7a2d09eb1c49cd945600e35edcc3abe3c6a3dd53195658a3,2023-08-22T21:59:51.726000,received,kaspa:qrlhlvcrx4fd4ls2quj97f6hu5qgkprpslzdu2tgchrezgh8rqzw7f4kt58t4,49000000000,
487d80440d6defea7a2d09eb1c49cd945600e35edcc3abe3c6a3dd53195658a3,2023-08-22T21:59:51.726000,received,kaspa:qq6e86h5s04tlajpm27qhl6ujw4kfk9k6v6sszrvw57hknpflc2760zadmq9y,49000000000,
487d80440d6defea7a2d09eb1c49cd945600e35edcc3abe3c6a3dd53195658a3,2023-08-22T21:59:51.726000,received,kaspa:qq6e86h5s04tlajpm27qhl6ujw4kfk9k6v6sszrvw57hknpflc2760zadmq9y,49000000000,
e2f5a2bc00854a611cb12a19ce12e76d8b110aeaba62ae7b91a57385c1238a35,2023-08-22T20:41:26.096000,received,kaspa:qzzgqfwz2hexczwtlvg2klj0xxqh22wqzrsu22vuny40hred737zj8973hf3r,79000000000,
e2f5a2bc00854a611cb12a19ce12e76d8b110aeaba62ae7b91a57385c1238a35,2023-08-22T20:41:26.096000,received,kaspa:qrux7y6u9zvae62jq3pxklrx5zejuq00yxf3s9ta0n94y4qshf2czewcfhh2z,79000000000,
e2f5a2bc00854a611cb12a19ce12e76d8b110aeaba62ae7b91a57385c1238a35,2023-08-22T20:41:26.096000,received,kaspa:qpdqq539yh3ll060j248mn6da3nw9xqkd5k227tv4wjcus6c9a5ush85txsmn,79000000000,
e2f5a2bc00854a611cb12a19ce12e76d8b110aeaba62ae7b91a57385c1238a35,2023-08-22T20:41:26.096000,received,kaspa:qr8gyh5kpkaf9a24hftme83fhn9x4trw3fxe4kap6d4akk50as6gzs9cka0zr,79000000000,
e2f5a2bc00854a611cb12a19ce12e76d8b110aeaba62ae7b91a57385c1238a35,2023-08-22T20:41:26.096000,received,kaspa:qp2le49xfuj7tlfx6rrfw7jjvyyflhq2n4sww24qq6efxhrz4k85un0ad33ne,79000000000,
e2f5a2bc00854a611cb12a19ce12e76d8b110aeaba62ae7b91a57385c1238a35,2023-08-22T20:41:26.096000,received,kaspa:qpr9k5nparay0cwctg2qk98f5w9ygtw0x7v0rg4qe3hcegya3lqnjhr09n57k,79000000000,
e2f5a2bc00854a611cb12a19ce12e76d8b110aeaba62ae7b91a57385c1238a35,2023-08-22T20:41:26.096000,received,kaspa:qzrc3qpn6qrr469wh7m43336373dzxna2thshka8lus574e5zdzujcransvlu,79000000000,
e2f5a2bc00854a611cb12a19ce12e76d8b110aeaba62ae7b91a57385c1238a35,2023-08-22T20:41:26.096000,received,kaspa:qpf8n0hxudkfr9ttxexd8hke2ka75evdhl5tef36pufhf87vrmmj7fsht56yq,79000000000,
e2f5a2bc00854a611cb12a19ce12e76d8b110aeaba62ae7b91a57385c1238a35,2023-08-22T20:41:26.096000,received,kaspa:qz9d4lz052pnfmehf4npyn4tvpx3n5q23lkma7pvz3l49urx4hlh5u6wh90mu,79000000000,
e2f5a2bc00854a611cb12a19ce12e76d8b110aeaba62ae7b91a57385c1238a35,2023-08-22T20:41:26.096000,received,kaspa:qrlhlvcrx4fd4ls2quj97f6hu5qgkprpslzdu2tgchrezgh8rqzw7f4kt58t4,79000000000,
b7358fd771e2fa6252342e99f9ad7eaad9576ab25a29b75bf74254760f1036c8,2023-08-22T20:11:43.864000,received,kaspa:qpjrdelsf5rvntjxkzwsng95p50e9lnwstd3yzsemq2zw39cx2knyz8pmvqcd,49000000000,
b7358fd771e2fa6252342e99f9ad7eaad9576ab25a29b75bf74254760f1036c8,2023-08-22T20:11:43.864000,received,kaspa:qz7a7zsc2fnddvq2v5rqq96u36533y343mkudvlat8u8q47xmmdp26mm6f95f,49000000000,
b7358fd771e2fa6252342e99f9ad7eaad9576ab25a29b75bf74254760f1036c8,2023-08-22T20:11:43.864000,received,kaspa:qrq3mrssh9td4akydrl0rav7n8tg3swq8zdvfzehvxsqll92sgq358cf38c0s,49000000000,
b7358fd771e2fa6252342e99f9ad7eaad9576ab25a29b75bf74254760f1036c8,2023-08-22T20:11:43.864000,received,kaspa:qr4vnn4wzem84uc2l6hs0gap26k0tlcffhjxr0qqmry9c4kj0a4r73g6tckue,49000000000,
b7358fd771e2fa6252342e99f9ad7eaad9576ab25a29b75bf74254760f1036c8,2023-08-22T20:11:43.864000,received,kaspa:qqnsm786v8vg6mdkceqgp3lghuq6e57mdns7d8dll2tfw566mrd2c9een8ql7,49000000000,
b7358fd771e2fa6252342e99f9ad7eaad9576ab25a29b75bf74254760f1036c8,2023-08-22T20:11:43.864000,received,kaspa:qzq6xt9swy8cz54l3zlnjxuvz3phn5lv0zl8jdqpxgmtfm3u6fa8uc069hyd2,49000000000,
b7358fd771e2fa6252342e99f9ad7eaad9576ab25a29b75bf74254760f1036c8,2023-08-22T20:11:43.864000,received,kaspa:qq7wzxdwakvemv5xdqjl0ln0xkf5dk0ua2zstaum7l2dxfn9lptfy4w9jv5ls,49000000000,
b7358fd771e2fa6252342e99f9ad7eaad9576ab25a29b75bf74254760f1036c8,2023-08-22T20:11:43.864000,received,kaspa:qz9a69kxryk73eqkwmsvum3gga86xcrfsvym6xc7xqvaxcveu9jkc5v3mj94z,49000000000,
04a622258683895e17fbf42f593ea015d4c46e44a559453f6bf5206b61b32fe5,2023-08-22T19:31:40.712000,received,kaspa:qp9z6wz4nljx3fcgq6duxjk4upsyvjymgv5q9kqtzeeau4ynehkm7wk7w3p9n,49000000000,
97db2aefa2408750e92de4b07b33a994014eed0702fea35b3eeeef2ee6475f1a,2023-08-22T17:06:36.075000,sent,kaspa:qqwvnkp47wsj6n4hkdlgj8dsauyx0xvefunnwvvsmpq2udd0ka8ckmpuqw3k5,115999900000,
97db2aefa2408750e92de4b07b33a994014eed0702fea35b3eeeef2ee6475f1a,2023-08-22T17:06:36.075000,sent,kaspa:qqwvnkp47wsj6n4hkdlgj8dsauyx0xvefunnwvvsmpq2udd0ka8ckmpuqw3k5,115999900000,
97db2aefa2408750e92de4b07b33a994014eed0702fea35b3eeeef2ee6475f1a,2023-08-22T17:06:36.075000,sent,kaspa:qqwvnkp47wsj6n4hkdlgj8dsauyx0xvefunnwvvsmpq2udd0ka8ckmpuqw3k5,115999900000,
97db2aefa2408750e92de4b07b33a994014eed0702fea35b3eeeef2ee6475f1a,2023-08-22T17:06:36.075000,sent,kaspa:qqwvnkp47wsj6n4hkdlgj8dsauyx0xvefunnwvvsmpq2udd0ka8ckmpuqw3k5,115999900000,
ed5732a22a3d8a2488667daf513d0c6d01dd3dfa51a8de435cc646f0ba3c4881,2023-08-22T13:36:47.220000,received,kaspa:qqx9xuzr8mtj39kh43ysfd0n5ls9h6fcvnzsz7xx0ute7xqscz995yxxphxgu,49000000000,
ed5732a22a3d8a2488667daf513d0c6d01dd3dfa51a8de435cc646f0ba3c4881,2023-08-22T13:36:47.220000,received,kaspa:qrrwfa0egyfrf43hd6hdzj5y27rhrxda5jnq2gtlpackdf7mhxy3s66ra7mzm,49000000000,
ed5732a22a3d8a2488667daf513d0c6d01dd3dfa51a8de435cc646f0ba3c4881,2023-08-22T13:36:47.220000,received,kaspa:qrnlzehqzrk3spx4uwf2relcng7lkmm5jctw66jm5dtlga8futfz6wda2q4df,49000000000,
ed5732a22a3d8a2488667daf513d0c6d01dd3dfa51a8de435cc646f0ba3c4881,2023-08-22T13:36:47.220000,received,kaspa:qrlmulcl988mf5qaz6a95yhxy2yze6pp852hkw8z2jpghv64q33dcz4330fau,49000000000,
ed5732a22a3d8a2488667daf513d0c6d01dd3dfa51a8de435cc646f0ba3c4881,2023-08-22T13:36:47.220000,received,kaspa:qq2aqu6vscf3mqqcqc8sq4szcnnsr2u6m59h06dqr3054ckf7499vcpkzvv6q,49000000000,
12acd3c59c9fc52c2f99acc3c08476db5cee27bd07c9e04e6563e784105367c3,2023-08-22T13:06:36.878000,received,kaspa:qr4xj4mnlr5rg0x48derekdd7evuf84cchxswm9rk2un30g4kht7jumw6wmzt,49000000000,
12acd3c59c9fc52c2f99acc3c08476db5cee27bd07c9e04e6563e784105367c3,2023-08-22T13:06:36.878000,received,kaspa:qzhf0hu8wkvsvqh0rnwtcenfvcuzt79arkqcs5ynk78aw00qx0azu9q4k3n8z,49000000000,
12acd3c59c9fc52c2f99acc3c08476db5cee27bd07c9e04e6563e784105367c3,2023-08-22T13:06:36.878000,received,kaspa:qq4w6fmgfepeyfz6pcrfmr7egjaye9ug36ch2m6r936jm3x8ugzn2vdssspp5,49000000000,
12acd3c59c9fc52c2f99acc3c08476db5cee27bd07c9e04e6563e784105367c3,2023-08-22T13:06:36.878000,received,kaspa:qq84xmsfn9jj78mlfdsj0ldzf4m7xejw2yrnlmsyy9583afvhkh927d6djvzw,49000000000,
2bef2ff78f88cb86ab843ef65dba5f5ddf0c9b15880dc0b8779d01cfd6d61465,2023-08-22T12:24:36.183000,received,kaspa:qr4vnpryqjey3g9fcga6zstrgze4jwg5yc6smtyxtwnxp9g79wrn7kxq3rqyj,9000000000,
e94db41625afeb75b591ab45badf774a646c397c0c2c2224cfc9c984ec2e4f63,2023-08-22T11:48:12.188000,received,kaspa:qqaw5jngpcrjnsjd0hd6gj3fg80sadcu3f8h5krnhvml7ena8t0xxr4l5stjh,9000000000,
b4adabb7a31e05d9b02ce9d0061f58781409103bdd029335f853069757a5120f,2023-08-22T10:49:39.067000,sent,kaspa:qq450vwjr7u77cu758apwd5sfvx0z0x0qs69dudl49fsryhgrxtyw68ep3d60,3271151862156,
b4adabb7a31e05d9b02ce9d0061f58781409103bdd029335f853069757a5120f,2023-08-22T10:49:39.067000,sent,kaspa:qq450vwjr7u77cu758apwd5sfvx0z0x0qs69dudl49fsryhgrxtyw68ep3d60,3271151862156,
b4adabb7a31e05d9b02ce9d0061f58781409103bdd029335f853069757a5120f,2023-08-22T10:49:39.067000,sent,kaspa:qq450vwjr7u77cu758apwd5sfvx0z0x0qs69dudl49fsryhgrxtyw68ep3d60,3271151862156,
b4adabb7a31e05d9b02ce9d0061f58781409103bdd029335f853069757a5120f,2023-08-22T10:49:39.067000,sent,kaspa:qq450vwjr7u77cu758apwd5sfvx0z0x0qs69dudl49fsryhgrxtyw68ep3d60,3271151862156,
b4adabb7a31e05d9b02ce9d0061f58781409103bdd029335f853069757a5120f,2023-08-22T10:49:39.067000,sent,kaspa:qq450vwjr7u77cu758apwd5sfvx0z0x0qs69dudl49fsryhgrxtyw68ep3d60,3271151862156,
b4adabb7a31e05d9b02ce9d0061f58781409103bdd029335f853069757a5120f,2023-08-22T10:49:39.067000,sent,kaspa:qq450vwjr7u77cu758apwd5sfvx0z0x0qs69dudl49fsryhgrxtyw68ep3d60,3271151862156,
b4adabb7a31e05d9b02ce9d0061f58781409103bdd029335f853069757a5120f,2023-08-22T10:49:39.067000,sent,kaspa:qq450vwjr7u77cu758apwd5sfvx0z0x0qs69dudl49fsryhgrxtyw68ep3d60,3271151862156,
2a4f99adf778365c4fcd05b15c338bcf420384a91b8ffb5c40d2c6a2b6ff2a13,2023-08-22T10:36:53.805000,received,kaspa:qzktw43uevrj4u36ajvvanatwdzsvegsnfpz4fh2phccjsr3vm3z5ml32cvnh,100000000000,
2a4f99adf778365c4fcd05b15c338bcf420384a91b8ffb5c40d2c6a2b6ff2a13,2023-08-22T10:36:53.805000,received,kaspa:qqdx5566jykqlgxzvkxys8k2vh7tvje5nvxjkkkgjtfd58jdgwkdu8s8rtjsw,100000000000,
2a4f99adf778365c4fcd05b15c338bcf420384a91b8ffb5c40d2c6a2b6ff2a13,2023-08-22T10:36:53.805000,received,kaspa:qpkrlzcpmv5exnq3qp0h3qffzmr3gd3cqc0wgea7v9emfqh9ad8cs73dunv0k,100000000000,
7c04a5484f857524145a7837a1a8d1fb0537fd00c9fac105788eaa16f7ce0c84,2023-08-22T09:58:34.259000,received,kaspa:qrdd8aqkajny4v59c6ep9xkfa59c5yzue722cxx9j48yf8hqr5lcxlt8ttrve,1964151962156,
da3ba166c8ab90e3904db73f519777e6616b29f631d764a1b0ec9592093a03b0,2023-08-22T09:53:24.554000,received,kaspa:qqkh27tzeuyqr7df9kneq6zzw2tg7a0w082r7vj56kuq69xu5ug35mzt7m5nn,499000000000,
fa3d35dcba49d1d9cfbf193b45251fbe0a06dee8437bb1b71dafb8764d2ff626,2023-08-22T09:39:16.588000,received,kaspa:qr6vkkfnurldp356ktscazl7cvzwjy04vqsnh2v6f0zpx3fpnuhdzwmsehf8m,499000000000,
fa3d35dcba49d1d9cfbf193b45251fbe0a06dee8437bb1b71dafb8764d2ff626,2023-08-22T09:39:16.588000,received,kaspa:qqfvhkjzu2edpptsdlqqn7eap4ng95a0gdwavwh8fnx2zkl5zjmgj6msxlzp3,499000000000,
170e6cc315b521af60d95299f997be320c6aa4d766c8342cfa0d85dcdcdfda59,2023-08-22T09:36:25.120000,received,kaspa:qpyzzjxzz3d7ys2jk8tyxkhg78x7h2a3q640s07cvd965qaxfj5fufrvs6gzf,100000000000,
7d24f5f7ad24f0d09eadc17487302a6fc6a23286c53efbec1a0af85b4ba93c33,2023-08-22T09:34:58.523000,received,kaspa:qz3ar45pyylj4ewy8g7cnkhgwdlpl20d5ued9thh29fy3sd4pylr560l8l9lv,100000000000,
1d56604155bdcabbfc2fa9a99d006cb359772294d5cf8ce60fb136eac800419f,2023-08-22T08:32:01.017000,received,kaspa:qrlhlvcrx4fd4ls2quj97f6hu5qgkprpslzdu2tgchrezgh8rqzw7f4kt58t4,9000000000,
1d56604155bdcabbfc2fa9a99d006cb359772294d5cf8ce60fb136eac800419f,2023-08-22T08:32:01.017000,received,kaspa:qqmqcn0k54aucygg7xwn3zysrs8s5xdaw2zc9e6j0wa7rjezf0ckq2ghcncah,9000000000,
1d56604155bdcabbfc2fa9a99d006cb359772294d5cf8ce60fb136eac800419f,2023-08-22T08:32:01.017000,received,kaspa:qzxe9necd3mt76v85lyd0f76mhn237zmnnnzsepysczn7y5dr9k0zjfj5nzs7,9000000000,
1d56604155bdcabbfc2fa9a99d006cb359772294d5cf8ce60fb136eac800419f,2023-08-22T08:32:01.017000,received,kaspa:qz9d4lz052pnfmehf4npyn4tvpx3n5q23lkma7pvz3l49urx4hlh5u6wh90mu,9000000000,
1d56604155bdcabbfc2fa9a99d006cb359772294d5cf8ce60fb136eac800419f,2023-08-22T08:32:01.017000,received,kaspa:qpltaelezhg7cetu6cu8asyf44s4ahfyk4fhdqpmatupgen4y7mu68hqwnlte,9000000000,
1d56604155bdcabbfc2fa9a99d006cb359772294d5cf8ce60fb136eac800419f,2023-08-22T08:32:01.017000,received,kaspa:qzns4sclhsx9gpg5n36hzsuapvtjf2ers8a43unp5vs70vsl6envq5kcjf4mr,9000000000,
1d56604155bdcabbfc2fa9a99d006cb359772294d5cf8ce60fb136eac800419f,2023-08-22T08:32:01.017000,received,kaspa:qqy4fsctyw4yv0sss2gdvyxt368lkhdl80ga78a5mezvjxp38k32uhxcy7cpu,9000000000,
1d56604155bdcabbfc2fa9a99d006cb359772294d5cf8ce60fb136eac800419f,2023-08-22T08:32:01.017000,received,kaspa:qzunnhyt3cc7leq3p335ckserul3gmpvwrjnehua68q9p8z59ff8qmhycx2xt,9000000000,
1d56604155bdcabbfc2fa9a99d006cb359772294d5cf8ce60fb136eac800419f,2023-08-22T08:32:01.017000,received,kaspa:qq5d5cdffctp3npph4ajgl3zataugvqmsxfrp6d3jsunk7fapsms7qedlelmt,9000000000,
c817758f81725f38487a61b8cff9efe393acccbce41fde858405b8768ceeb327,2023-08-21T14:21:35.167000,sent,kaspa:qqwvnkp47wsj6n4hkdlgj8dsauyx0xvefunnwvvsmpq2udd0ka8ckmpuqw3k5,9441653900000,
581edf7ebe8f8a29dbbaa1ef5a3cde250131b5d9c1f34f9772b1e73f0e9fce35,2023-08-21T14:21:03.157000,received,kaspa:qqetp7ct8kqss99fxmymyz5t3fezppxp0t58wl6pawp27elqd46uudme00cl0,9441654000000,
197de82a726442d8ab929a85bac997aef6c3e5276c1ff912060ce07892e3e379,2023-08-21T13:58:52.941000,sent,kaspa:qqwvnkp47wsj6n4hkdlgj8dsauyx0xvefunnwvvsmpq2udd0ka8ckmpuqw3k5,9380943900000,
0b885f18e7964d9c9131c3b09593c134149cdff8a50d5f262eaeac59fe25e79b,2023-08-21T13:58:03.089000,received,kaspa:qqetp7ct8kqss99fxmymyz5t3fezppxp0t58wl6pawp27elqd46uudme00cl0,9380944000000,
cf5bba1a5be2eef130cd5d05047b3d7d91042437243d343ff14720402d91b649,2023-08-20T21:13:12.280000,sent,kaspa:qqwvnkp47wsj6n4hkdlgj8dsauyx0xvefunnwvvsmpq2udd0ka8ckmpuqw3k5,9669863350000,
1c3772e4fa8f44784593b4ed43024c9b55ab413b14c1605a02f9afc2b0e51d1b,2023-08-20T21:12:05.347000,received,kaspa:qqetp7ct8kqss99fxmymyz5t3fezppxp0t58wl6pawp27elqd46uudme00cl0,9669863450000,
e87366418d65b1b744660930e4c12b8058c2f3d1cbbd54762e90467aa7252edb,2023-08-20T04:45:44.612000,sent,kaspa:qqwvnkp47wsj6n4hkdlgj8dsauyx0xvefunnwvvsmpq2udd0ka8ckmpuqw3k5,5669712900000,
6851f0848a0023cf10b35967a7206b2fe17d1595f9302ef32dc05651cb3dd631,2023-08-20T04:45:07.665000,received,kaspa:qqetp7ct8kqss99fxmymyz5t3fezppxp0t58wl6pawp27elqd46uudme00cl0,5669713000000,
314c00e01be9f7fbc2f4aa3e369767bcc9a4264b2a23001887c2379553d37932,2023-08-20T04:32:50.650000,sent,kaspa:qqwvnkp47wsj6n4hkdlgj8dsauyx0xvefunnwvvsmpq2udd0ka8ckmpuqw3k5,14709071900000,
7872e69be3c3b926b1d6644c3e4c8342a677be2a037db593ecc9c96952571c34,2023-08-20T04:32:02.556000,received,kaspa:qqetp7ct8kqss99fxmymyz5t3fezppxp0t58wl6pawp27elqd46uudme00cl0,14709072000000,
f07967547620e81215e63e5dec8e2873cd38571a166463e00d2de6d39552aa62,2023-08-19T15:53:47.379000,sent,kaspa:qqwvnkp47wsj6n4hkdlgj8dsauyx0xvefunnwvvsmpq2udd0ka8ckmpuqw3k5,7391990900000,
abeaab0f7f241b548972eec69f0af03842ff43b37092d7faf45dd317f07c8c77,2023-08-19T15:53:04.421000,received,kaspa:qqetp7ct8kqss99fxmymyz5t3fezppxp0t58wl6pawp27elqd46uudme00cl0,7391991000000,
14b7d654e12691e71daf3e0c74e1f919e8b28c40dcde9f9e421159c70ed70632,2023-08-19T15:40:33.094000,sent,kaspa:qqwvnkp47wsj6n4hkdlgj8dsauyx0xvefunnwvvsmpq2udd0ka8ckmpuqw3k5,4830462900000,
307246ddf31c616d2daffe64fd5aaf1b497cc2e320b86db64a60c21e7f3ae034,2023-08-19T15:39:05.004000,received,kaspa:qqetp7ct8kqss99fxmymyz5t3fezppxp0t58wl6pawp27elqd46uudme00cl0,4830463000000,
9a3d9404200012ba935bf6b40a4d742a0762aacb6c734dbaaeefa21956561aa9,2023-08-19T14:47:00.978000,sent,kaspa:qqwvnkp47wsj6n4hkdlgj8dsauyx0xvefunnwvvsmpq2udd0ka8ckmpuqw3k5,2387823900000,
5b7da9b1a7d986bff7a572b7524602136b943803a8fb11f704df3447a721f28c,2023-08-19T14:46:03.241000,received,kaspa:qqetp7ct8kqss99fxmymyz5t3fezppxp0t58wl6pawp27elqd46uudme00cl0,2387824000000,
d7e9745a10f15625473dbd97235239d619d25848c025f8a4804abfca04548347,2023-08-19T14:40:45.551000,sent,kaspa:qqwvnkp47wsj6n4hkdlgj8dsauyx0xvefunnwvvsmpq2udd0ka8ckmpuqw3k5,5082905900000,
7b2cc5ee47fc799428a0431444379faebdbcaf72a8bdaf674ba4c100db04b15f,2023-08-19T14:40:04.308000,received,kaspa:qqetp7ct8kqss99fxmymyz5t3fezppxp0t58wl6pawp27elqd46uudme00cl0,5082906000000,
eb20d361c795bcb8999a34e8165f6742c6b5aae56c9d9da0ecb06368909e51eb,2023-08-19T14:35:34.501000,sent,kaspa:qqwvnkp47wsj6n4hkdlgj8dsauyx0xvefunnwvvsmpq2udd0ka8ckmpuqw3k5,8074275091912,
a4e30702fd22f0159ecce6c6426b4a4ea8958c95ca33ea59904b4fba954d9572,2023-08-19T14:35:03.035000,received,kaspa:qqetp7ct8kqss99fxmymyz5t3fezppxp0t58wl6pawp27elqd46uudme00cl0,8074275191912,
6f46a7351db796d3fd62909f5d8277ade0ee1e0a95eefae5b927f0f1624b1552,2023-08-19T10:27:07.310000,sent,kaspa:qqwvnkp47wsj6n4hkdlgj8dsauyx0xvefunnwvvsmpq2udd0ka8ckmpuqw3k5,7394361800000,
88a3b246500c50219f75395486aa2fd24300f16c1f54f15138f3696115ba4d66,2023-08-19T10:26:02.014000,received,kaspa:qqetp7ct8kqss99fxmymyz5t3fezppxp0t58wl6pawp27elqd46uudme00cl0,7394361900000,
521a8d26f89a6f8fb30b1e161350adbc0f8dec0ea1ae6686a09c30e04fcf594e,2023-08-19T01:54:00.158000,sent,kaspa:qq450vwjr7u77cu758apwd5sfvx0z0x0qs69dudl49fsryhgrxtyw68ep3d60,3568427900000,
808bffbcb2f74d49171c96a2349348ae5b1dd9af493e06bbf03da3d430fe6e2e,2023-08-19T01:52:03.462000,received,kaspa:qqetp7ct8kqss99fxmymyz5t3fezppxp0t58wl6pawp27elqd46uudme00cl0,3568428000000,
22b5d0982307cd6ed48864afb7a247f00de3169ef76f94853832b81995ea98ed,2023-08-19T01:45:38.443000,sent,kaspa:qqwvnkp47wsj6n4hkdlgj8dsauyx0xvefunnwvvsmpq2udd0ka8ckmpuqw3k5,3582695560389,
606f5341c4f8bc15501579ab2e9ec08045a94ad3b7f51d6c3bb98e50c7619b1f,2023-08-19T01:45:03.304000,received,kaspa:qqetp7ct8kqss99fxmymyz5t3fezppxp0t58wl6pawp27elqd46uudme00cl0,3582695660389,
9c9d5d337d4c1e2d5e143e9dd8a200d1477813cc3cd3fa6eab6984fb8f0db97e,2023-08-18T08:48:43.480000,sent,kaspa:qqwvnkp47wsj6n4hkdlgj8dsauyx0xvefunnwvvsmpq2udd0ka8ckmpuqw3k5,2758515700000,
a3e5e5cee4c1a5126467bd67943939563da2ad646d2d1f3d67092825b4f65b23,2023-08-18T08:48:03.443000,received,kaspa:qqetp7ct8kqss99fxmymyz5t3fezppxp0t58wl6pawp27elqd46uudme00cl0,2758515800000,
0d8e29bc7adb95d3ba4de39f1a1ca11d5c52b6a3976bb9bc122ee2dd0f78155b,2023-08-18T01:23:48.564000,sent,kaspa:qqwvnkp47wsj6n4hkdlgj8dsauyx0xvefunnwvvsmpq2udd0ka8ckmpuqw3k5,4075397900000,
2115515524ed5a3c24086e356e9caac5c847b2a979b62eddca1406f0735946b1,2023-08-18T01:23:02.539000,received,kaspa:qqetp7ct8kqss99fxmymyz5t3fezppxp0t58wl6pawp27elqd46uudme00cl0,4075398000000,
1886fcbc32794e7f838b0ac70452d07aaed30d98e482b7bcd504e16e18c1098f,2023-08-17T23:26:00.253000,sent,kaspa:qqwvnkp47wsj6n4hkdlgj8dsauyx0xvefunnwvvsmpq2udd0ka8ckmpuqw3k5,7502544870887,
10a94c17b86784a925335f75cdf837155913ced76e8efabc1d0c0895aef4c33f,2023-08-17T23:25:23.360000,received,kaspa:qqetp7ct8kqss99fxmymyz5t3fezppxp0t58wl6pawp27elqd46uudme00cl0,7502544970887,
a2db46e9b2fc128b2ff4b0066790c5e8f27887b98925849ae836dae888cd609a,2023-08-15T11:47:53.183000,sent,kaspa:qqwvnkp47wsj6n4hkdlgj8dsauyx0xvefunnwvvsmpq2udd0ka8ckmpuqw3k5,5099039900000,
e856672e764ed3cfc466216e170fa5f59f1a56e5b1688e8981b8257a4095d2dc,2023-08-15T11:47:02.698000,received,kaspa:qqetp7ct8kqss99fxmymyz5t3fezppxp0t58wl6pawp27elqd46uudme00cl0,5099040000000,
9dfabaa165719326100c6d55a905eda1ef93952721d07f30011132240f6102ef,2023-08-15T03:47:43.073000,sent,kaspa:qqwvnkp47wsj6n4hkdlgj8dsauyx0xvefunnwvvsmpq2udd0ka8ckmpuqw3k5,4992568900000,
5f8b3d969cb01593a46ed7b7e72959da509c1913e79ad15e841dc90b466442cf,2023-08-15T03:47:06.853000,received,kaspa:qqetp7ct8kqss99fxmymyz5t3fezppxp0t58wl6pawp27elqd46uudme00cl0,4992569000000,
4d9e207ca19c4708931b0f5a8447369203fe25681fb898b5db84d4d277591c5f,2023-08-15T02:33:33.350000,sent,kaspa:qqwvnkp47wsj6n4hkdlgj8dsauyx0xvefunnwvvsmpq2udd0ka8ckmpuqw3k5,7599343900000,
85f5d50a95b70e99e712091a5a1a1e3142f264db681a9f5d64015fd95ca97da5,2023-08-15T02:33:03.220000,received,kaspa:qqetp7ct8kqss99fxmymyz5t3fezppxp0t58wl6pawp27elqd46uudme00cl0,7599344000000,
f5ecd0c980fb4ac814147cdc2790d29935fd6280d70904d2276a38d38fb5cd70,2023-08-14T17:44:41.045000,sent,kaspa:qqwvnkp47wsj6n4hkdlgj8dsauyx0xvefunnwvvsmpq2udd0ka8ckmpuqw3k5,4863179900000,
bab4ae1062341101098688d39dc580e2d9b2568d5b89cac1b1ff7f79afc16d50,2023-08-14T17:44:04.292000,received,kaspa:qqetp7ct8kqss99fxmymyz5t3fezppxp0t58wl6pawp27elqd46uudme00cl0,4863180000000,
3e95a0ab66eea4e6bc555dec4c28642b96758547a131faf29302660e98632ed5,2023-08-14T16:09:49.365000,sent,kaspa:qqwvnkp47wsj6n4hkdlgj8dsauyx0xvefunnwvvsmpq2udd0ka8ckmpuqw3k5,6680396900000,
df9ef16fad57844f420029324ca9fa508e97747dee835980b3e562b9a17dfe54,2023-08-14T13:41:03.758000,received,kaspa:qqetp7ct8kqss99fxmymyz5t3fezppxp0t58wl6pawp27elqd46uudme00cl0,6680397000000,
b33f0d5b2e388e880c185c5d6a904223be520889e49aafb9ddf75c8e0384f596,2023-08-14T00:33:35.890000,sent,kaspa:qqwvnkp47wsj6n4hkdlgj8dsauyx0xvefunnwvvsmpq2udd0ka8ckmpuqw3k5,2364087900000,
991695b338974fc4f741a793a570cf512c8c6782732061971ee51f673dd955c5,2023-08-14T00:33:02.984000,received,kaspa:qqetp7ct8kqss99fxmymyz5t3fezppxp0t58wl6pawp27elqd46uudme00cl0,2364088000000,
c7f56c94dd0007aeaca33de7c4034e6b93f1bc903229736b4626dd8bc981f24b,2023-08-13T15:49:44.517000,sent,kaspa:qqwvnkp47wsj6n4hkdlgj8dsauyx0xvefunnwvvsmpq2udd0ka8ckmpuqw3k5,4299880900000,
13001a4929d5f041dd5caf751a6e1e940cff4b6dc1d4ad57c680698d8957f8b4,2023-08-13T15:49:02.711000,received,kaspa:qqetp7ct8kqss99fxmymyz5t3fezppxp0t58wl6pawp27elqd46uudme00cl0,4299881000000,
26707bd13e93d40b255dfa679776055398bb88295284ef7dae157400cdf63d2c,2023-08-13T13:02:37.526000,sent,kaspa:qqwvnkp47wsj6n4hkdlgj8dsauyx0xvefunnwvvsmpq2udd0ka8ckmpuqw3k5,2714328900000,
527f7eeeedf7569b5d77cb0799330b146bc56b7c70dbc0c1ca637130a5c6a992,2023-08-13T13:02:03.445000,received,kaspa:qqetp7ct8kqss99fxmymyz5t3fezppxp0t58wl6pawp27elqd46uudme00cl0,2714329000000,
d7838cceef2aeca15b4968fcabc8d5fd3daa68acf8371d9841ac4cacd33be61e,2023-08-12T10:45:53.401000,sent,kaspa:qqwvnkp47wsj6n4hkdlgj8dsauyx0xvefunnwvvsmpq2udd0ka8ckmpuqw3k5,2180405900000,
0330aefeb9f446a73aac70a23b78d8f56745e97092e0319a06c12b4198cb4cde,2023-08-12T10:45:05.674000,received,kaspa:qqetp7ct8kqss99fxmymyz5t3fezppxp0t58wl6pawp27elqd46uudme00cl0,2180406000000,
5dbe1ce7be7488705ef393195e4b10f2b20ccb9887f67aa4c042b4a65c2c8117,2023-08-12T08:21:39.028000,sent,kaspa:qqwvnkp47wsj6n4hkdlgj8dsauyx0xvefunnwvvsmpq2udd0ka8ckmpuqw3k5,4312925377987,
4c976fe5b91492000c874e053100f9fc23c4c6081dd68a5e8e46b1d5a834f7d4,2023-08-12T08:21:02.924000,received,kaspa:qqetp7ct8kqss99fxmymyz5t3fezppxp0t58wl6pawp27elqd46uudme00cl0,4312925477987,
7f8009214b7733ec4ccf00ee16b9ec9f55596b136b364c32f757d41ac3c5ab7e,2023-08-11T03:59:43.992000,sent,kaspa:qqwvnkp47wsj6n4hkdlgj8dsauyx0xvefunnwvvsmpq2udd0ka8ckmpuqw3k5,4758903900000,
9ce86e84082d7a30f0d6532dadb51c2e29daf7492a2d83dc8b5212010fac7a76,2023-08-11T03:59:04.163000,received,kaspa:qqetp7ct8kqss99fxmymyz5t3fezppxp0t58wl6pawp27elqd46uudme00cl0,4758904000000,
f43affbbc0ce1fcbf78321e880f886e74b421a45219977c0cdb06cd6eb22bcaa,2023-08-11T03:12:38.188000,sent,kaspa:qqwvnkp47wsj6n4hkdlgj8dsauyx0xvefunnwvvsmpq2udd0ka8ckmpuqw3k5,4652492900000,
886568bee27055db546f15373e7fdb622d9f8f21c3a163660e637564fce4e10f,2023-08-11T03:12:05.572000,received,kaspa:qqetp7ct8kqss99fxmymyz5t3fezppxp0t58wl6pawp27elqd46uudme00cl0,4652493000000,
c0ce04ed4f345adc0d2613174bec7607d97de8605d709f5a47b763b012cd20a9,2023-08-11T03:03:41.739000,sent,kaspa:qqwvnkp47wsj6n4hkdlgj8dsauyx0xvefunnwvvsmpq2udd0ka8ckmpuqw3k5,2324095900000,
d1ebcd33e53f7646faf787bb16ace467148a8bf090515dc73bbd8ffa521229e9,2023-08-11T03:03:02.963000,received,kaspa:qqetp7ct8kqss99fxmymyz5t3fezppxp0t58wl6pawp27elqd46uudme00cl0,2324096000000,
d4e2d5117277a89ae8d13624bef556cd02f6ee5b37912c2af72f2a6d95e94f38,2023-08-10T23:31:52.599000,sent,kaspa:qqwvnkp47wsj6n4hkdlgj8dsauyx0xvefunnwvvsmpq2udd0ka8ckmpuqw3k5,4621490900000,
721335abf2449b04aa92e698a4445832c3480375cf683c8446a5e615cb51e038,2023-08-10T23:31:05.122000,received,kaspa:qqetp7ct8kqss99fxmymyz5t3fezppxp0t58wl6pawp27elqd46uudme00cl0,4621491000000,
18f7f5fb6f9cabde8a490c2a9276371f6d57e199f7d2ffddb8c90dd80c4a2cd0,2023-08-10T22:18:37.846000,sent,kaspa:qqwvnkp47wsj6n4hkdlgj8dsauyx0xvefunnwvvsmpq2udd0ka8ckmpuqw3k5,4526088821924,
a284acb3e259a4f189f0c5832a7b97651b19490428ea97a1b08746672a9a54ae,2023-08-10T22:18:02.813000,received,kaspa:qqetp7ct8kqss99fxmymyz5t3fezppxp0t58wl6pawp27elqd46uudme00cl0,4526088921924,
9a8af6ba3d2db5aa8fc0c99df51abf05dca383989cee616661bf70369d624b35,2023-08-09T17:51:35.015000,sent,kaspa:qqwvnkp47wsj6n4hkdlgj8dsauyx0xvefunnwvvsmpq2udd0ka8ckmpuqw3k5,4333888900000,
20bccb51bd81a06bb762635895b6c563b8a02bed4095c9473074379991653f43,2023-08-09T17:51:04.189000,received,kaspa:qqetp7ct8kqss99fxmymyz5t3fezppxp0t58wl6pawp27elqd46uudme00cl0,4333889000000,
bdbacc0792033830b76918372efd34c8a04410b6e74d046ff9d6ccd5910770ed,2023-08-09T01:12:36.302000,sent,kaspa:qqwvnkp47wsj6n4hkdlgj8dsauyx0xvefunnwvvsmpq2udd0ka8ckmpuqw3k5,4338148900000,
ab5d4b745fc4271402229a2d96ced200e0958adc754ab6cffd93140f52eef06e,2023-08-09T01:12:04.881000,received,kaspa:qqetp7ct8kqss99fxmymyz5t3fezppxp0t58wl6pawp27elqd46uudme00cl0,4338149000000,
da4f096955437d6f98b14749075933455055b82912841b5abc3a0d0edbfb9fba,2023-08-08T21:29:20.724000,sent,kaspa:qqwvnkp47wsj6n4hkdlgj8dsauyx0xvefunnwvvsmpq2udd0ka8ckmpuqw3k5,4311807900000,
3347d6f4fad69e6696f42de2fdcc1118fd5135ea5b066005e406285b8f793f3e,2023-08-08T21:28:05.850000,received,kaspa:qqetp7ct8kqss99fxmymyz5t3fezppxp0t58wl6pawp27elqd46uudme00cl0,4311808000000,
864878843062bcce336b475265d5295234cd2b297faf452b6a9d0df18b86818e,2023-08-08T20:03:51.206000,sent,kaspa:qqwvnkp47wsj6n4hkdlgj8dsauyx0xvefunnwvvsmpq2udd0ka8ckmpuqw3k5,2691290900000,
51069c4212fc4ee745e428ac8b71ac981351548337f539c15520742db7ed697d,2023-08-08T20:03:09.277000,received,kaspa:qqetp7ct8kqss99fxmymyz5t3fezppxp0t58wl6pawp27elqd46uudme00cl0,2691291000000,
55691540f4e3824006fa74e22e9c9fb14473273728598a7c3f3eb13e20524bf7,2023-08-08T18:08:39.316000,sent,kaspa:qqwvnkp47wsj6n4hkdlgj8dsauyx0xvefunnwvvsmpq2udd0ka8ckmpuqw3k5,2138693900000,
0a4e79a0c6a13e742649114473353ad989ed274cf8d37e0a68d24480fc12845d,2023-08-08T18:07:02.617000,received,kaspa:qqetp7ct8kqss99fxmymyz5t3fezppxp0t58wl6pawp27elqd46uudme00cl0,2138694000000,
d0ce0de7f02547e2cd1dd95234334949d2ed636b07e3acde244b29034bce04f8,2023-08-08T12:36:25.779000,sent,kaspa:qqwvnkp47wsj6n4hkdlgj8dsauyx0xvefunnwvvsmpq2udd0ka8ckmpuqw3k5,2340630900000,
797602c7fc940db4873a19fcda43e16a257e7845f4b0dd83c01c1ff93836abf2,2023-08-08T12:34:05.395000,received,kaspa:qqetp7ct8kqss99fxmymyz5t3fezppxp0t58wl6pawp27elqd46uudme00cl0,2340631000000,
84929f64edb256207c6893b653829d2853f5a18bddc61e082316d007d9fe00c5,2023-08-08T11:10:43.449000,sent,kaspa:qqwvnkp47wsj6n4hkdlgj8dsauyx0xvefunnwvvsmpq2udd0ka8ckmpuqw3k5,2201001942272,
b8d1a03a8c82bb742c4b2437b9ee47a18aa774678371726f6d1a31c7d1fd1edf,2023-08-08T11:10:04.111000,received,kaspa:qqetp7ct8kqss99fxmymyz5t3fezppxp0t58wl6pawp27elqd46uudme00cl0,2201002042272,
5413db1f5075a6de318fd1a828c1e608f701bbb8bacf56be4f82e9f99f618c9d,2023-08-08T03:35:39.486000,sent,kaspa:qqwvnkp47wsj6n4hkdlgj8dsauyx0xvefunnwvvsmpq2udd0ka8ckmpuqw3k5,2177772900000,
f515ab29e71cd53020c37fc681e499ed08475bfbaeba5a74e2e1e57224126f5f,2023-08-08T03:35:01.966000,received,kaspa:qqetp7ct8kqss99fxmymyz5t3fezppxp0t58wl6pawp27elqd46uudme00cl0,2177773000000,
3da30dec49a9a6ab2413523e4b6f654c543fccb6d735c1233ea753c040b22191,2023-08-08T01:25:07.078000,sent,kaspa:qqwvnkp47wsj6n4hkdlgj8dsauyx0xvefunnwvvsmpq2udd0ka8ckmpuqw3k5,2015137900000,
f5bf58cffe2029d525ece9a0813a755bcb8a27298b3c9e4fbca5b888e8280724,2023-08-08T01:24:03.183000,received,kaspa:qqetp7ct8kqss99fxmymyz5t3fezppxp0t58wl6pawp27elqd46uudme00cl0,2015138000000,
47dd839426d58aa1affa4e64fcd94b0507fa1aea85972e8116664ea543f0c421,2023-08-07T22:57:40.303000,sent,kaspa:qqwvnkp47wsj6n4hkdlgj8dsauyx0xvefunnwvvsmpq2udd0ka8ckmpuqw3k5,1805481100000,
f3ce19350309b78bff24ac5870395e09a384e064b2e23caf76391fed8616dd42,2023-08-07T22:57:03.340000,received,kaspa:qqywx2wszmnrsu0mzgav85rdwvzangfpdj9j3ady9jpr7hu4u8c2wl9wqgd6j,1805481200000,
b867bd5146ad51d60ca319ee0d94e726e0def5b1e46ce764832f19b70726d7c0,2023-08-07T05:45:59.083000,sent,kaspa:qqwvnkp47wsj6n4hkdlgj8dsauyx0xvefunnwvvsmpq2udd0ka8ckmpuqw3k5,1958338600000,
86ca539426100b1e62d5988956fcd87034ee80e86e3e97674b06454d2134fee5,2023-08-07T05:44:33.431000,received,kaspa:qqywx2wszmnrsu0mzgav85rdwvzangfpdj9j3ady9jpr7hu4u8c2wl9wqgd6j,1958338700000,
3f4aef246278104ccf0868678e2f3d819416f6a8b002e603ff79982233b866c3,2023-08-07T05:10:57.595000,sent,kaspa:qqwvnkp47wsj6n4hkdlgj8dsauyx0xvefunnwvvsmpq2udd0ka8ckmpuqw3k5,584813500000,
cd0d0d22e5ce4c5af28b58df477f4ec2fdfb415e0259c6688f3d21bba5678c35,2023-08-07T05:09:52.543000,received,kaspa:qqywx2wszmnrsu0mzgav85rdwvzangfpdj9j3ady9jpr7hu4u8c2wl9wqgd6j,584813600000,
c7187606e2b68c19f023a77c8818335f83d19d5f55a6b96aaee11d8fafc1e893,2023-08-07T04:44:56.955000,sent,kaspa:qqwvnkp47wsj6n4hkdlgj8dsauyx0xvefunnwvvsmpq2udd0ka8ckmpuqw3k5,542855500000,
e5983fd5ec15b1cb8ff71cef38cc2f9b0a760262716b985347d2f19fd9384cb2,2023-08-07T04:44:06.817000,received,kaspa:qqywx2wszmnrsu0mzgav85rdwvzangfpdj9j3ady9jpr7hu4u8c2wl9wqgd6j,542855600000,
d78d761f5775e78b2233cee21a03e7591814fd850f59caeeb30328f55488792b,2023-08-07T04:26:30.296000,sent,kaspa:qqwvnkp47wsj6n4hkdlgj8dsauyx0xvefunnwvvsmpq2udd0ka8ckmpuqw3k5,4855662900000,
ebf28a783f8928a1d2dccf7be8446fffacf1712e67c1d657c6fc731f02968470,2023-08-07T04:25:03.054000,received,kaspa:qqetp7ct8kqss99fxmymyz5t3fezppxp0t58wl6pawp27elqd46uudme00cl0,4855663000000,
94c699727c1ad8f5f3a16b9fef469ed2235dcc48ce26f7ddc976770b5c0aa6a2,2023-08-07T03:45:32.231000,sent,kaspa:qqwvnkp47wsj6n4hkdlgj8dsauyx0xvefunnwvvsmpq2udd0ka8ckmpuqw3k5,814947900000,
6dee69bf468da1b9c45deeb935fde6c446d5d08564fe99d4d237b37863790b1f,2023-08-07T03:44:04.640000,received,kaspa:qqetp7ct8kqss99fxmymyz5t3fezppxp0t58wl6pawp27elqd46uudme00cl0,814948000000,
079436352a67f4194b380f2d5f6d325ba0de511e4ad1911c6c0628d24fcf5b21,2023-08-05T14:14:50.993000,sent,kaspa:qqwvnkp47wsj6n4hkdlgj8dsauyx0xvefunnwvvsmpq2udd0ka8ckmpuqw3k5,3885309700000,
09438ee0af08db557ffdec5c9744e3b763f8a7acfe862ea28d8caa8e10dbce54,2023-08-05T14:14:04.130000,received,kaspa:qqywx2wszmnrsu0mzgav85rdwvzangfpdj9j3ady9jpr7hu4u8c2wl9wqgd6j,3885309800000,
c058e6669974edb95718d2acd4b22d2a72ce87e0d6bba9d008ea62282609fbd5,2023-08-04T11:19:11.309000,sent,kaspa:qqwvnkp47wsj6n4hkdlgj8dsauyx0xvefunnwvvsmpq2udd0ka8ckmpuqw3k5,4347930597931,
c058e6669974edb95718d2acd4b22d2a72ce87e0d6bba9d008ea62282609fbd5,2023-08-04T11:19:11.309000,sent,kaspa:qqwvnkp47wsj6n4hkdlgj8dsauyx0xvefunnwvvsmpq2udd0ka8ckmpuqw3k5,4347930597931,
2958823d2471e173c91a381442bd1dd4942f96d4652485b19dd70d28463e3de6,2023-08-04T11:18:02.251000,received,kaspa:qqywx2wszmnrsu0mzgav85rdwvzangfpdj9j3ady9jpr7hu4u8c2wl9wqgd6j,4327067600000,
20bd1d7e06daed1a0adeb3f651ded6a7cc3743a3e538cee198bad32f61bbe618,2023-08-04T07:27:08.828000,received,kaspa:qqywx2wszmnrsu0mzgav85rdwvzangfpdj9j3ady9jpr7hu4u8c2wl9wqgd6j,20863097931,
29fff424c6fc963ef6cd3a7a4a82655e2531582750c099609a4295e02b48c5c4,2023-08-04T06:51:15.710000,sent,kaspa:qqwvnkp47wsj6n4hkdlgj8dsauyx0xvefunnwvvsmpq2udd0ka8ckmpuqw3k5,4544297900000,
1fd3f5d2557012f9603133ae29d33fb2ad31d35c210ca913163e6a03c61de947,2023-08-04T06:50:03.780000,received,kaspa:qqetp7ct8kqss99fxmymyz5t3fezppxp0t58wl6pawp27elqd46uudme00cl0,4544298000000,
5d1d829f7ab19e0295b4484692ec22e950299b28f3312301f709da3754e75054,2023-08-04T05:55:59.594000,sent,kaspa:qqwvnkp47wsj6n4hkdlgj8dsauyx0xvefunnwvvsmpq2udd0ka8ckmpuqw3k5,4294719900000,
c9aef04826cb396c6960a020988c790b58aa82f33cdfb43ea3bc167d3d7d215c,2023-08-04T05:55:02.476000,received,kaspa:qqetp7ct8kqss99fxmymyz5t3fezppxp0t58wl6pawp27elqd46uudme00cl0,4294720000000,
117fc7c2f1f478d3234c5531e97b941d18fe54fee69996b2859328e94c849c6e,2023-08-04T05:45:53.667000,sent,kaspa:qqwvnkp47wsj6n4hkdlgj8dsauyx0xvefunnwvvsmpq2udd0ka8ckmpuqw3k5,36909898343,
b9e41b55ff534ace52c1e6381758c963466c76a1d9fd8a9b82b7bb7a2634a054,2023-08-04T05:43:02.400000,received,kaspa:qqetp7ct8kqss99fxmymyz5t3fezppxp0t58wl6pawp27elqd46uudme00cl0,36909998343,
