tx_id,timestamp,direction,peer_address,amount_sompi,cex_label
a1f78e3212d0d976d8e025543e2fa479f0a6b5535dafd8607b554764cea1365d,2023-12-16T04:22:17.242000,sent,kaspa:qzslgwenzu78t6tldlng383g7ruu4enaljmnkgaulyrscjp7ldt26x8gfxck5,171940000,
a1f78e3212d0d976d8e025543e2fa479f0a6b5535dafd8607b554764cea1365d,2023-12-16T04:22:17.242000,sent,kaspa:qzslgwenzu78t6tldlng383g7ruu4enaljmnkgaulyrscjp7ldt26x8gfxck5,171940000,
3d905bbd0f02fbdc278f0cafacd1ce5271581fa323a949eeb1c55f02fdeed530,2023-12-12T16:25:28.520000,received,kaspa:qypswxtcrv4ssyjaswy5w9387vq73mkuyq85tl34cee6qn5uexqy0csgnafnjx7,171000000,
66b533db6b46e9a5d485c4409011991fc0993eb292cf28c5643bb74fc4635511,2023-11-29T04:06:10.278000,sent,kaspa:qyp6la4fky7f4tslwf4xfspy6q7a4zjrd5sa2z3hhq49alqflq57udsdrr38cam,18000000,
a27aab93e2e08ffd5a18e7bc7869dec7f7d138ae5083605290f9550df70ee4e0,2023-11-28T20:51:35.927000,received,kaspa:qqyyj4sqe4e3m5eacztnxtl3jeh6p6rvkf6fjf80yuesnmn7sg03wyy54jepa,19000000,
