tx_id,timestamp,direction,peer_address,amount_sompi,cex_label
d31d14c4e0246dcd55e3ad8a2230e99bfaf22d4ac9d04d3f989c8a62f86a3da1,2023-12-16T04:54:24.612000,sent,kaspa:qzslgwenzu78t6tldlng383g7ruu4enaljmnkgaulyrscjp7ldt26x8gfxck5,171940000,
d31d14c4e0246dcd55e3ad8a2230e99bfaf22d4ac9d04d3f989c8a62f86a3da1,2023-12-16T04:54:24.612000,sent,kaspa:qzslgwenzu78t6tldlng383g7ruu4enaljmnkgaulyrscjp7ldt26x8gfxck5,171940000,
57066136a00dc1b31d85ef133e12261beee2d3f1ff665f5087c93466ee6ff7e6,2023-12-13T00:09:41.720000,received,kaspa:qypswxtcrv4ssyjaswy5w9387vq73mkuyq85tl34cee6qn5uexqy0csgnafnjx7,171000000,
317cfd90289103f7fd3dc9c8080eee72daec4839f35b1be27279ba5844a5554b,2023-11-29T15:52:07.903000,sent,kaspa:qyp037jepcrd5u6p622zdugu0vgw50qssc8mht3p6ek9ggrenff7qacrfyrwxvu,18000000,
3da9fbd8e1e1211a2a803a29ff8aa55e2742ec299f6a25dd935964ddd2f84d0f,2023-11-27T23:04:10.735000,received,kaspa:qqwsmgw49jlnngfsqmtfxnu9e95hdwznezawzwvdfpjtc2rxj5a5gzzqujd0e,19000000,
