tx_id,timestamp,direction,peer_address,amount_sompi,cex_label
4c9eccee04e5c0062ae3357a542c6bf072be9537c66cca9bda971bf473b3a34e,2023-12-16T04:26:08.246000,sent,kaspa:qzslgwenzu78t6tldlng383g7ruu4enaljmnkgaulyrscjp7ldt26x8gfxck5,171940000,
4c9eccee04e5c0062ae3357a542c6bf072be9537c66cca9bda971bf473b3a34e,2023-12-16T04:26:08.246000,sent,kaspa:qzslgwenzu78t6tldlng383g7ruu4enaljmnkgaulyrscjp7ldt26x8gfxck5,171940000,
7d88e77f324ee15c35e14e24f41190ba46eb5cdb3224a2fc4c5e6a5ab6c35055,2023-12-12T11:28:00.648000,received,kaspa:qypswxtcrv4ssyjaswy5w9387vq73mkuyq85tl34cee6qn5uexqy0csgnafnjx7,171000000,
cb928647d8e8ce88b07bbba1d2603539d2a8500600418044d790477416107ea9,2023-11-28T15:52:41.126000,sent,kaspa:qyphuwcu4ur335pfzhnrllxavn62dsrz9p5ppt4wdz67s6tf9gmj89ctzt8gjf0,18000000,
fd48e96cef710f04d32fe2ad398d6a2cda18e1bea7d407a5e2bd877c6f0465ca,2023-11-27T20:44:30.221000,received,kaspa:qpdjqjhljgwecx97gmu3ppt82k6utc6sqn6t9wv53y3gqxj7vk6e53az8qzhz,19000000,
