tx_id,timestamp,direction,peer_address,amount_sompi,cex_label
c52153d8c602c5f246583d65f4fde484e272fe8babaf5e8fa736f9998e4115d9,2023-12-16T04:44:04.484000,sent,kaspa:qzslgwenzu78t6tldlng383g7ruu4enaljmnkgaulyrscjp7ldt26x8gfxck5,171940000,
c52153d8c602c5f246583d65f4fde484e272fe8babaf5e8fa736f9998e4115d9,2023-12-16T04:44:04.484000,sent,kaspa:qzslgwenzu78t6tldlng383g7ruu4enaljmnkgaulyrscjp7ldt26x8gfxck5,171940000,
c324c1dbe52360509b05bdbab48d7e557c91f65d17f112e5d34be37215a583e7,2023-12-12T20:19:55.457000,received,kaspa:qypswxtcrv4ssyjaswy5w9387vq73mkuyq85tl34cee6qn5uexqy0csgnafnjx7,171000000,
4340455f3f5eff36ac92eb16c2b27b3d90e0791fb0781aa45b4c570847d5d332,2023-11-29T10:44:26.819000,sent,kaspa:qyph65mxw82xa0ehsp9a32xmz02qzeyx5tj7tta4p43srwmv6jccctcskltv6ly,18000000,
c9de4303f90fd140c9ce2de31bf4e08b397c88573874baf0e056b1accbff6082,2023-11-27T18:16:44.258000,received,kaspa:qz2mfwckqf336hmfsmq2wesgv3up3emyec0yvszzk8g03pj05qr5u7pet9th0,19000000,
