tx_id,timestamp,direction,peer_address,amount_sompi,cex_label
8c8505af8926ed2c18858fe7f6edb0c4e58045bdb59b75b9d37d5b05cf245a84,2023-12-17T06:00:59.721000,sent,kaspa:qpwts2drqts2yswy32tdp4xj2t9vstdpyeg220rt97al2wh584lpjdtdfz6tq,3017684695370,
8c8505af8926ed2c18858fe7f6edb0c4e58045bdb59b75b9d37d5b05cf245a84,2023-12-17T06:00:59.721000,sent,kaspa:qpwts2drqts2yswy32tdp4xj2t9vstdpyeg220rt97al2wh584lpjdtdfz6tq,3017684695370,
8c8505af8926ed2c18858fe7f6edb0c4e58045bdb59b75b9d37d5b05cf245a84,2023-12-17T06:00:59.721000,sent,kaspa:qpwts2drqts2yswy32tdp4xj2t9vstdpyeg220rt97al2wh584lpjdtdfz6tq,3017684695370,
9ba0409c80ab358f8b944ed0ea77395b80de46691e8a0b1d0a720fcd07111723,2023-11-24T22:00:16.974000,received,kaspa:qr7vrlhgekw9efxgfq09ca3wqcxlslgxndcpk77pguu2usaa9aa27lhuunewj,70765564440,
418bec4a502a906b0bd1ba4b37703813bcca7dfbb943181a1a3209c97c83f979,2023-11-23T06:38:57.682000,received,kaspa:qqwvnkp47wsj6n4hkdlgj8dsauyx0xvefunnwvvsmpq2udd0ka8ckmpuqw3k5,2945773539436,
418bec4a502a906b0bd1ba4b37703813bcca7dfbb943181a1a3209c97c83f979,2023-11-23T06:38:57.682000,received,kaspa:qqwvnkp47wsj6n4hkdlgj8dsauyx0xvefunnwvvsmpq2udd0ka8ckmpuqw3k5,2945773539436,
418bec4a502a906b0bd1ba4b37703813bcca7dfbb943181a1a3209c97c83f979,2023-11-23T06:38:57.682000,received,kaspa:qqwvnkp47wsj6n4hkdlgj8dsauyx0xvefunnwvvsmpq2udd0ka8ckmpuqw3k5,2945773539436,
418bec4a502a906b0bd1ba4b37703813bcca7dfbb943181a1a3209c97c83f979,2023-11-23T06:38:57.682000,received,kaspa:qqwvnkp47wsj6n4hkdlgj8dsauyx0xvefunnwvvsmpq2udd0ka8ckmpuqw3k5,2945773539436,
36cc5ca12acea880b88acda5bb325a17143c985c023d4385360150316e8897c7,2023-10-20T01:41:32.596000,sent,kaspa:qp5v4ux0nlh3eeatt4j8zy97kfm93fxljh54ja4u43544a78s4clzj5sycvxz,398000000000,
36cc5ca12acea880b88acda5bb325a17143c985c023d4385360150316e8897c7,2023-10-20T01:41:32.596000,sent,kaspa:qp5v4ux0nlh3eeatt4j8zy97kfm93fxljh54ja4u43544a78s4clzj5sycvxz,398000000000,
3cabe4c3ac7e4a8bcb7263c967c229fd02ced1d0e810594ce4d9c2973719e891,2023-10-19T03:52:28.248000,sent,kaspa:qp5v4ux0nlh3eeatt4j8zy97kfm93fxljh54ja4u43544a78s4clzj5sycvxz,40000000000,
aa2e821edb8054f40a51cd958012228359026aa5edb2753d638dcbfc6aa7a779,2023-10-10T18:08:54.345000,received,kaspa:qppr7q4mykgfw4s37lh4z7pqa6x5a5aya9g0ku4dvyk4rttf2smrxk4680npn,222671601667,
0d34512981b60479a0f7e336e0d50606bd5058310a8e59f3b4a1d4c40b3080e7,2023-10-10T03:14:11.519000,received,kaspa:qrelgny7sr3vahq69yykxx36m65gvmhryxrlwngfzgu8xkdslum2yxjp3ap8m,216474000000,Gate.io
54bb753ae7ffbce9ba69224fc8904f21c51d5db3d764d288ac21b3dfe10da36e,2023-08-07T05:41:19.166000,sent,kaspa:qp5v4ux0nlh3eeatt4j8zy97kfm93fxljh54ja4u43544a78s4clzj5sycvxz,1708730314635,
54bb753ae7ffbce9ba69224fc8904f21c51d5db3d764d288ac21b3dfe10da36e,2023-08-07T05:41:19.166000,sent,kaspa:qp5v4ux0nlh3eeatt4j8zy97kfm93fxljh54ja4u43544a78s4clzj5sycvxz,1708730314635,
236b0e0f4a826114a1f6263d355b56193e660dbb4cac3a16c6ccc15b8772cb4d,2023-08-07T05:40:03.512000,sent,kaspa:qp5v4ux0nlh3eeatt4j8zy97kfm93fxljh54ja4u43544a78s4clzj5sycvxz,17200000000,
9f469642368fd375fc92b4099c541c72328bc1cca0b8f6494f716599fea988e2,2023-08-03T07:30:57.721000,received,kaspa:qq3k4du6wf2g26j7ds6fqmgtgavgm3zy676wntp2e52nsuns2n4s6xkndmx0y,270930320000,
ea022a8d3c3e94228843e32838fa57a25b73b9550709e43ab1dec484a2770366,2023-07-23T00:01:55.283000,received,kaspa:qp5v4ux0nlh3eeatt4j8zy97kfm93fxljh54ja4u43544a78s4clzj5sycvxz,1455000000000,
