tx_id,timestamp,direction,peer_address,amount_sompi,cex_label
5373072101b9e88a788a9f1d8786f50531ef52479641f9aa78070a1b9a974b31,2024-02-22T05:52:39.590000,sent,kaspa:qq9zagcza4jt76eev9jl5z0nqhe0thcu7js8larktj4sle7lvgnw7sfcewlty,1009700000000,
ae56649aee3defb24b8a86af9b83b43548808ff9ee97f983b2bad9b5c73621c6,2024-02-21T12:11:35.900000,sent,kaspa:qq9zagcza4jt76eev9jl5z0nqhe0thcu7js8larktj4sle7lvgnw7sfcewlty,1000000000000,
7ef6881d0b3c84eedd4d4cdfcba4a5b96db6566fbdcb0ea32b2379a11a6ba82c,2024-02-21T08:42:00.078000,sent,kaspa:qq9zagcza4jt76eev9jl5z0nqhe0thcu7js8larktj4sle7lvgnw7sfcewlty,1000000000000,
9c5b1fcbb1d07530fa73377aca2c1bbe0bf54a3c8d4bfd67ccecb03b808e0eb7,2024-02-20T13:48:39.908000,sent,kaspa:qq9zagcza4jt76eev9jl5z0nqhe0thcu7js8larktj4sle7lvgnw7sfcewlty,1000000000000,
9c5b1fcbb1d07530fa73377aca2c1bbe0bf54a3c8d4bfd67ccecb03b808e0eb7,2024-02-20T13:48:39.908000,sent,kaspa:qq9zagcza4jt76eev9jl5z0nqhe0thcu7js8larktj4sle7lvgnw7sfcewlty,1000000000000,
39221f7c8c060cfdea0808e4946fce637b993ea2ff9401d7900c7df3fd6f7fae,2024-02-20T13:11:00.956000,received,kaspa:qrelgny7sr3vahq69yykxx36m65gvmhryxrlwngfzgu8xkdslum2yxjp3ap8m,4009714000000,Gate.io
7186fc8f84a6ce207edc98a083e5cdef96ed4d8c2f262ea3b82f9d8472121099,2024-02-20T10:45:23.209000,sent,kaspa:qq9zagcza4jt76eev9jl5z0nqhe0thcu7js8larktj4sle7lvgnw7sfcewlty,1000000000000,
0db59be253b973ca422bc5dfdc39cf32c36d1ae7de494ac7f329e76f6c44e940,2024-02-20T10:43:52.100000,sent,kaspa:qq9zagcza4jt76eev9jl5z0nqhe0thcu7js8larktj4sle7lvgnw7sfcewlty,899400000000,
5572c53365c74fa015756a4906c3753ba3ebade1bbd241c3ec97048ccb78e368,2024-02-20T10:42:47.776000,sent,kaspa:qq9zagcza4jt76eev9jl5z0nqhe0thcu7js8larktj4sle7lvgnw7sfcewlty,1000000000000,
f5f48b9bbaee36d9768a72f3c55b39233bb3b07ea98da36a60f0e684630c5846,2024-02-20T10:41:32.016000,sent,kaspa:qq9zagcza4jt76eev9jl5z0nqhe0thcu7js8larktj4sle7lvgnw7sfcewlty,1000000000000,
415d4bf643728b75be22396f281f6d58563c6077fdbf77b51cc3c272de66d439,2024-02-20T10:39:27.666000,sent,kaspa:qq9zagcza4jt76eev9jl5z0nqhe0thcu7js8larktj4sle7lvgnw7sfcewlty,100000000000,
415d4bf643728b75be22396f281f6d58563c6077fdbf77b51cc3c272de66d439,2024-02-20T10:39:27.666000,sent,kaspa:qq9zagcza4jt76eev9jl5z0nqhe0thcu7js8larktj4sle7lvgnw7sfcewlty,100000000000,
415d4bf643728b75be22396f281f6d58563c6077fdbf77b51cc3c272de66d439,2024-02-20T10:39:27.666000,sent,kaspa:qq9zagcza4jt76eev9jl5z0nqhe0thcu7js8larktj4sle7lvgnw7sfcewlty,100000000000,
aa01cb8c1e4196f7563f6c3ed1d9f9172238e11a8ac5d5b0c6afb34b843fd158,2024-02-20T10:10:48.039000,received,kaspa:qrelgny7sr3vahq69yykxx36m65gvmhryxrlwngfzgu8xkdslum2yxjp3ap8m,1999714000000,Gate.io
b8a304e3692c9ee0ed6dbdb123687cc5d662e0f82ab212eaf50abad88e5e4867,2024-02-20T10:00:59.409000,received,kaspa:qrelgny7sr3vahq69yykxx36m65gvmhryxrlwngfzgu8xkdslum2yxjp3ap8m,1999714000000,Gate.io
6bc96d3ba4881b843dc2ce3990c2ced1213f73575f455f9e5f37e598399b47cf,2024-02-20T06:50:20.568000,sent,kaspa:qq9zagcza4jt76eev9jl5z0nqhe0thcu7js8larktj4sle7lvgnw7sfcewlty,199700000000,
5eba69c23fc1cab375fea8621683b38809ab87c4fb16001bfc8fa7ece367129b,2024-02-19T17:55:09.215000,sent,kaspa:qq9zagcza4jt76eev9jl5z0nqhe0thcu7js8larktj4sle7lvgnw7sfcewlty,100000000000,
f3db567bac8f265585f0e078934eb697637e299f0442ab634e3b8370e7704c74,2024-02-19T17:53:44.481000,sent,kaspa:qq9zagcza4jt76eev9jl5z0nqhe0thcu7js8larktj4sle7lvgnw7sfcewlty,100000000000,
5fede548ccb837bd7e5ad896854172152e089bf8a757bf7e8b6c4fcc1c4b02c0,2024-02-19T17:52:30.961000,sent,kaspa:qq9zagcza4jt76eev9jl5z0nqhe0thcu7js8larktj4sle7lvgnw7sfcewlty,100000000000,
a02b420dc1d0b2893a04d8f69fea9b8a66425dd5aa0a5cd973dfc999b2230090,2024-02-19T10:52:01.459000,sent,kaspa:qq9zagcza4jt76eev9jl5z0nqhe0thcu7js8larktj4sle7lvgnw7sfcewlty,100000000000,
c7f276923c064d7817b107b312e20694e4fd788df2059ddc3456df64b3720873,2024-02-19T10:50:52.384000,sent,kaspa:qq9zagcza4jt76eev9jl5z0nqhe0thcu7js8larktj4sle7lvgnw7sfcewlty,100000000000,
a38c6c68f482fea37f8d8c8eb5c52256022c88ad69a222cd5e03f3b6ab833f37,2024-02-19T08:51:54.827000,sent,kaspa:qq9zagcza4jt76eev9jl5z0nqhe0thcu7js8larktj4sle7lvgnw7sfcewlty,100000000000,
a6f4a9c280372b3fa6faab091fd75a3f6af681b494e4da1194443fd8d534f4e5,2024-02-19T07:37:23.258000,sent,kaspa:qq9zagcza4jt76eev9jl5z0nqhe0thcu7js8larktj4sle7lvgnw7sfcewlty,100000000000,
be2fd39019debe0cca207adaafaef24b20d1a12239dd1d0c66b316c72f17f3ca,2024-02-19T07:35:19.567000,sent,kaspa:qq9zagcza4jt76eev9jl5z0nqhe0thcu7js8larktj4sle7lvgnw7sfcewlty,100000000000,
be2fd39019debe0cca207adaafaef24b20d1a12239dd1d0c66b316c72f17f3ca,2024-02-19T07:35:19.567000,sent,kaspa:qq9zagcza4jt76eev9jl5z0nqhe0thcu7js8larktj4sle7lvgnw7sfcewlty,100000000000,
e277f7fe469520c40550ea835d0389137fce477342ac2695cd7552bfb6b6df7c,2024-02-19T07:30:42.380000,received,kaspa:qrelgny7sr3vahq69yykxx36m65gvmhryxrlwngfzgu8xkdslum2yxjp3ap8m,999679000000,Gate.io
db8648e041a7cdd69e29e12bc8e4b7b866d238f4949c6eb59140b846d7c5cfdc,2024-02-13T10:30:25.331000,sent,kaspa:qq9zagcza4jt76eev9jl5z0nqhe0thcu7js8larktj4sle7lvgnw7sfcewlty,279300000000,
9e661581dd07ba7e0b97ed36d436cf647b31362c6af204c2da71d4fa8d20edbc,2024-02-13T09:02:42.882000,sent,kaspa:qq9zagcza4jt76eev9jl5z0nqhe0thcu7js8larktj4sle7lvgnw7sfcewlty,200000000000,
ae64752e66b725e94d4d3d9f117f6b9320831c4bf66b0fa49e5eb0eab9a0b170,2024-02-13T08:53:14.232000,sent,kaspa:qq9zagcza4jt76eev9jl5z0nqhe0thcu7js8larktj4sle7lvgnw7sfcewlty,100000000000,
c9f5a59b6dddc7d9fc69edc8326bf5e7cf51e6dc4fc3a78d0549b89a9246d145,2024-02-11T10:35:46.768000,sent,kaspa:qq9zagcza4jt76eev9jl5z0nqhe0thcu7js8larktj4sle7lvgnw7sfcewlty,100000000000,
2e80b21efb0b8c8749c9894589bcbee186816f264d863d7a5b05add6c87349ce,2024-02-11T10:29:00.002000,sent,kaspa:qq9zagcza4jt76eev9jl5z0nqhe0thcu7js8larktj4sle7lvgnw7sfcewlty,100000000000,
99a3ebdc0d0b46e39993c7946e186165c9f9b627957b325910ee6c5f8a9c15f4,2024-02-11T10:17:38.558000,sent,kaspa:qq9zagcza4jt76eev9jl5z0nqhe0thcu7js8larktj4sle7lvgnw7sfcewlty,100000000000,
97a8b0879235f54843260a3ed994ffa0a2474eb57f42ff0535cf959c73b3af61,2024-02-10T13:22:49.912000,sent,kaspa:qqh637z8z4e5ulh0punrdsh692edu048pajteg22e39qdcd2lk336939rphxu,8510000000000,
e5d226ce30ed578a6a26d9f6ac52a7c2e8ab184f1928e76542d4eafd48aef060,2024-02-10T13:06:55.721000,sent,kaspa:qqh637z8z4e5ulh0punrdsh692edu048pajteg22e39qdcd2lk336939rphxu,500000000000,
1a37504313260c3c5a37fcabd2ad171f3b5aaaa94033dd2050f76bb331a5d268,2024-02-06T13:44:19.613000,sent,kaspa:qq9zagcza4jt76eev9jl5z0nqhe0thcu7js8larktj4sle7lvgnw7sfcewlty,10000000000,
849c4ed6e23a1d75f2b03202d8716ae29c097d10370764b48b0769270febf088,2024-02-06T09:36:39.634000,sent,kaspa:qq9zagcza4jt76eev9jl5z0nqhe0thcu7js8larktj4sle7lvgnw7sfcewlty,100000000000,
849c4ed6e23a1d75f2b03202d8716ae29c097d10370764b48b0769270febf088,2024-02-06T09:36:39.634000,sent,kaspa:qq9zagcza4jt76eev9jl5z0nqhe0thcu7js8larktj4sle7lvgnw7sfcewlty,100000000000,
90ea2a59a66b7494c500c0fec30ba119e60f3f56a7759fc30cf3448084424663,2023-12-29T12:36:21.188000,received,kaspa:qrelgny7sr3vahq69yykxx36m65gvmhryxrlwngfzgu8xkdslum2yxjp3ap8m,8999741900000,Gate.io
fcd18ef7796c1ec6407dbf29c304dc06c82b36de29e12c809eea227c791f8cd2,2023-12-29T09:52:36.607000,sent,kaspa:qqwvnkp47wsj6n4hkdlgj8dsauyx0xvefunnwvvsmpq2udd0ka8ckmpuqw3k5,1000000000000,
eadc742513858e35b1655bcd1542dff8bae4cb10c1183bc027282c683e72da1c,2023-12-29T08:41:52.970000,received,kaspa:qrelgny7sr3vahq69yykxx36m65gvmhryxrlwngfzgu8xkdslum2yxjp3ap8m,1999604000000,Gate.io
82ead9f4135d345d85cbf457f594be7e9be3c4c9f00d2fc028f4001023687164,2023-11-05T16:39:18.810000,sent,kaspa:qqh637z8z4e5ulh0punrdsh692edu048pajteg22e39qdcd2lk336939rphxu,13068249900000,
82ead9f4135d345d85cbf457f594be7e9be3c4c9f00d2fc028f4001023687164,2023-11-05T16:39:18.810000,sent,kaspa:qqh637z8z4e5ulh0punrdsh692edu048pajteg22e39qdcd2lk336939rphxu,13068249900000,
9461e414f790de4a7bb321fbec93c40241da98bcc70ff767a0da7bc28722a83e,2023-09-04T07:04:07.500000,received,kaspa:qrelgny7sr3vahq69yykxx36m65gvmhryxrlwngfzgu8xkdslum2yxjp3ap8m,12071250000000,Gate.io
3359b2aa35423f7feb68ab97bef8df6e1471f52a0a0efd8881b7fac75cbda9c1,2023-09-04T05:56:09.958000,received,kaspa:qrelgny7sr3vahq69yykxx36m65gvmhryxrlwngfzgu8xkdslum2yxjp3ap8m,997000000000,Gate.io
