tx_id,timestamp,direction,peer_address,amount_sompi,cex_label
e10a2d9d2472e6c5f5c2804b9af4ad33c75c51be92787724c2c11e360de9a564,2023-12-12T05:43:10.718000,sent,kaspa:qr9knxaq04ewngxa9ud9sga5ud8l2ex07d4dzu6nsgyv27ut99mxjxqlz7x9r,170990000,
36060c0d57c62ad2096b298461c07b8fbedb492107ca8fdd816086762d85dcfb,2023-12-12T02:17:14.258000,received,kaspa:qypswxtcrv4ssyjaswy5w9387vq73mkuyq85tl34cee6qn5uexqy0csgnafnjx7,171000000,
f2ca8b16ea413c439974905c39ced12f2c94f17527cddab725b2c8cee6e103b8,2023-11-27T23:02:29.485000,sent,kaspa:qq2zc35c9tsefkyn6xgz57ca8tvgzyuccasx5lx8x9mxf9yjvsen2yu96znn0,784396000,
43e8a8f6dcbe3901e6008cb03975fa608daddb873045d9c4c85a768f20148875,2023-11-27T23:00:50.773000,sent,kaspa:qyppwxvzl5l7upq3gyuv0fjt2chvrltctekx5mdwcgual5da0h5tz0c6egplekn,18000000,
b3c0fee4e2e05288ea45c5cdf274d4cb3c32b56fcd88565f66cd7695279b9e1f,2023-11-27T22:55:17.681000,received,kaspa:qpzz7yhu2cgwg6qvswc3hrmt7at9hmhru9ytehzvnn8u9ez2agwrwd90h5sek,802416000,
