tx_id,timestamp,direction,peer_address,amount_sompi,cex_label
9824457db86cdd26e3039c16acd65415b7bffe2b572575a5cd132b7f4acbf322,2023-12-16T05:17:22.359000,sent,kaspa:qzslgwenzu78t6tldlng383g7ruu4enaljmnkgaulyrscjp7ldt26x8gfxck5,171940000,
9824457db86cdd26e3039c16acd65415b7bffe2b572575a5cd132b7f4acbf322,2023-12-16T05:17:22.359000,sent,kaspa:qzslgwenzu78t6tldlng383g7ruu4enaljmnkgaulyrscjp7ldt26x8gfxck5,171940000,
8cf81b79af84cbb0d4e8508dbc041d641adac528d427398879766d19fd48397e,2023-12-13T05:50:51.558000,received,kaspa:qypswxtcrv4ssyjaswy5w9387vq73mkuyq85tl34cee6qn5uexqy0csgnafnjx7,171000000,
8f09877e67dc59389458660dd11f415163a3aa83cc4f75fe16d13dc0ce38e081,2023-11-29T21:53:48.948000,sent,kaspa:qyp22c3knehvrkr2chc8g4z48v3r9kndy6amfhz3czlehuyxqt9j3zq4an7hgdr,18000000,
7f20c5e4bc9b0e6ce1c2f1bbb3ac4903c823b53a08942c74de1b1785188e7dac,2023-11-29T11:53:43.888000,received,kaspa:qp4u3g6z0559q488y8qx8eq7kxhtqlx5kveyphtskn5zdgrtlx02vrjhcj6e2,19000000,
