tx_id,timestamp,direction,peer_address,amount_sompi,cex_label
440ca16d7da69315bcb4fd8cc730cc6e93f97f96b85ac6d013aeb3b8b4b82f57,2024-08-11T16:45:54.684000,sent,kaspa:qz5qf97qy4p8t0a43teqr37faxz5hqkmftwc8yjvz7at4th8qtz67c7md0f69,4500000000000,
440ca16d7da69315bcb4fd8cc730cc6e93f97f96b85ac6d013aeb3b8b4b82f57,2024-08-11T16:45:54.684000,sent,kaspa:qp23hh2m4eun6eqgsgl2ap4c6qf9qlk5ge2ez0lwp73rgc6un9z4ykl939c0n,500000984818,
de91858129fb1b79f5e193cf54be8258402ff4c983790ae81f9fa2ca3f424c04,2024-08-09T02:31:18.185000,received,kaspa:qplj0xdafvpt0u9tkwereeflhnx26um6f0t44vx3vw54n606mcfpwe83g2a6a,4900000000000,
32b0beecbb40634da054a0078abe1cc256e55f1dd5d91e44037b0d0176ccd12b,2024-02-07T05:42:41.646000,sent,kaspa:qz5qf97qy4p8t0a43teqr37faxz5hqkmftwc8yjvz7at4th8qtz67c7md0f69,5000000000000,
32b0beecbb40634da054a0078abe1cc256e55f1dd5d91e44037b0d0176ccd12b,2024-02-07T05:42:41.646000,sent,kaspa:qqfulel8pe4xrh2zr924qrzu6txw4accqqzaymna4h3x05mex2nzcl47em4ea,992409,
2fdfc4d1eb59df61f47452f7b9a95fbd6d2d36e693e4a49b3fea5e0062fb0e49,2024-02-05T16:13:46.680000,received,kaspa:qrvum29vk365g0zcd5gx3c7h829etfq2ytdmscjzw4zw04fjfnprcg9c3tges,4000000000000,
