tx_id,timestamp,direction,peer_address,amount_sompi,cex_label
a2e2424fcf73f5772ab81581987e95f9f273181f1b4f751eaae1ed87f2c22feb,2023-11-14T18:50:23.332000,sent,kaspa:qpdqgyenpcefpm8fvn038vaty6f4xhfc52qev2p8fyrgc7wqvw75ws0trwyqt,10255254198,
f89a15587fe5790eacd7d4abde668fefca144234d408e18135ab84ab1245d7c3,2023-11-13T08:40:08.813000,received,kaspa:qr8fetmq2c5zy8q06r8g30sylfpr697cxc5vt0skckya5g2euxrjjl0jd3vnt,10256094198,
530d98aa35a1c93eb67531861b8f00648619e9fc78a271406acde851521a592c,2023-11-12T15:57:21.475000,sent,kaspa:qr8eegl43g7ctd6mg44z66xu4flv3gvjzsvz497d53cqq6522th9x9hjwdxqq,51350571193,
023d58b2f4b47afde949d01494a3cd4d1001c976fdbdb5fd2acd3e276af9fd4d,2023-11-12T11:44:12.403000,received,kaspa:qr8fetmq2c5zy8q06r8g30sylfpr697cxc5vt0skckya5g2euxrjjl0jd3vnt,51351411193,
023d58b2f4b47afde949d01494a3cd4d1001c976fdbdb5fd2acd3e276af9fd4d,2023-11-12T11:44:12.403000,received,kaspa:qr8fetmq2c5zy8q06r8g30sylfpr697cxc5vt0skckya5g2euxrjjl0jd3vnt,51351411193,
023d58b2f4b47afde949d01494a3cd4d1001c976fdbdb5fd2acd3e276af9fd4d,2023-11-12T11:44:12.403000,received,kaspa:qr8fetmq2c5zy8q06r8g30sylfpr697cxc5vt0skckya5g2euxrjjl0jd3vnt,51351411193,
023d58b2f4b47afde949d01494a3cd4d1001c976fdbdb5fd2acd3e276af9fd4d,2023-11-12T11:44:12.403000,received,kaspa:qr8fetmq2c5zy8q06r8g30sylfpr697cxc5vt0skckya5g2euxrjjl0jd3vnt,51351411193,
023d58b2f4b47afde949d01494a3cd4d1001c976fdbdb5fd2acd3e276af9fd4d,2023-11-12T11:44:12.403000,received,kaspa:qr8fetmq2c5zy8q06r8g30sylfpr697cxc5vt0skckya5g2euxrjjl0jd3vnt,51351411193,
f796fd7b477d8a2df61438c0098ae39419360c66f6d3967d3bfe61870382d399,2023-11-10T21:19:15.791000,sent,kaspa:qpqauaxdhxr8a92sfntm9z69v9enqjpdxumsuz9g8xz863te9tv87stjujthc,173163949112,
e3ab0c7799fe6bf385d82b5c96d16153e93af86b16e3c49809b656ba180c45dd,2023-11-10T21:18:15.004000,sent,kaspa:qqt4ldqyylvuj988ywmp87c2fq4yf0d6hyusvd3hfzhwgs35jql0sdsxmj4f9,387959584166,
e3ab0c7799fe6bf385d82b5c96d16153e93af86b16e3c49809b656ba180c45dd,2023-11-10T21:18:15.004000,sent,kaspa:qqt4ldqyylvuj988ywmp87c2fq4yf0d6hyusvd3hfzhwgs35jql0sdsxmj4f9,387959584166,
e3ab0c7799fe6bf385d82b5c96d16153e93af86b16e3c49809b656ba180c45dd,2023-11-10T21:18:15.004000,sent,kaspa:qqt4ldqyylvuj988ywmp87c2fq4yf0d6hyusvd3hfzhwgs35jql0sdsxmj4f9,387959584166,
e3ab0c7799fe6bf385d82b5c96d16153e93af86b16e3c49809b656ba180c45dd,2023-11-10T21:18:15.004000,sent,kaspa:qqt4ldqyylvuj988ywmp87c2fq4yf0d6hyusvd3hfzhwgs35jql0sdsxmj4f9,387959584166,
8166c8e76b23b6c3a1f2d1af860691922f07be022e07724bd2f5cf0b81f00fd8,2023-11-10T20:10:59.647000,sent,kaspa:qppk8y98n3gh8rjecv5tm6jrgfvmmawg3fk8asdja4hkp0up2ycssjy9nem5x,387959584166,
8166c8e76b23b6c3a1f2d1af860691922f07be022e07724bd2f5cf0b81f00fd8,2023-11-10T20:10:59.647000,sent,kaspa:qppk8y98n3gh8rjecv5tm6jrgfvmmawg3fk8asdja4hkp0up2ycssjy9nem5x,387959584166,
8166c8e76b23b6c3a1f2d1af860691922f07be022e07724bd2f5cf0b81f00fd8,2023-11-10T20:10:59.647000,sent,kaspa:qppk8y98n3gh8rjecv5tm6jrgfvmmawg3fk8asdja4hkp0up2ycssjy9nem5x,387959584166,
e8d437d4359fede16e2ae150148e0b6691b3a22cf83fba0c01eedd7119bbd695,2023-11-10T02:20:54.002000,received,kaspa:qppr7q4mykgfw4s37lh4z7pqa6x5a5aya9g0ku4dvyk4rttf2smrxk4680npn,216770167830,
27eaec475d805b74b098b86677d8e554c540162dcbc3670464165492f6accd4e,2023-11-09T21:05:02.970000,received,kaspa:qppr7q4mykgfw4s37lh4z7pqa6x5a5aya9g0ku4dvyk4rttf2smrxk4680npn,62670215578,
80eac2db59b43851e7da2d58c423a6fd947cc3713b5c854571e4e6165c1832d8,2023-11-07T14:30:05.834000,received,kaspa:qppr7q4mykgfw4s37lh4z7pqa6x5a5aya9g0ku4dvyk4rttf2smrxk4680npn,71060720258,
a2f899cc75108898285355ce2b27506e7b99cdbc8cb0fabe4707c4f69c38564c,2023-11-07T12:22:52.184000,received,kaspa:qppr7q4mykgfw4s37lh4z7pqa6x5a5aya9g0ku4dvyk4rttf2smrxk4680npn,261035600158,
03be6f37f81e861e9974c5f4a31e0b753f868b4e4530e930dc04b9bc8dc0ab83,2023-11-05T17:45:57.954000,received,kaspa:qppr7q4mykgfw4s37lh4z7pqa6x5a5aya9g0ku4dvyk4rttf2smrxk4680npn,200092369960,
b5ef4696ca874a08ff51144ede87cc5c56d7a946d2ed2149504831de6c6e8591,2023-11-05T10:51:30.281000,received,kaspa:qppr7q4mykgfw4s37lh4z7pqa6x5a5aya9g0ku4dvyk4rttf2smrxk4680npn,137456563660,
