tx_id,timestamp,direction,peer_address,amount_sompi,cex_label
576771b5277381a46a06267630647fa18d579aae75ba9ebca8197ecb1d17c434,2023-12-16T05:19:21.238000,sent,kaspa:qzslgwenzu78t6tldlng383g7ruu4enaljmnkgaulyrscjp7ldt26x8gfxck5,171940000,
576771b5277381a46a06267630647fa18d579aae75ba9ebca8197ecb1d17c434,2023-12-16T05:19:21.238000,sent,kaspa:qzslgwenzu78t6tldlng383g7ruu4enaljmnkgaulyrscjp7ldt26x8gfxck5,171940000,
4bf4fe3a19b4563d3ac2636c62f6c8f54717fdeef6d7a6e3cccace8d7ac90761,2023-12-13T04:40:54.084000,received,kaspa:qypswxtcrv4ssyjaswy5w9387vq73mkuyq85tl34cee6qn5uexqy0csgnafnjx7,171000000,
44ab8da69b1867f5d5fa8fb314ce5c301304ea989052e696a0ae893d760ae79d,2023-11-29T19:54:17.113000,sent,kaspa:qypmycmgnsm2cd6hmhh2cf3d226dqvyf830el5q8ns8d5t5g8vmwvmg7a0x2fp3,18000000,
06971b164eda0a94ba78497f3c05547d129a55ae4b0ac57c3b4070e837aa82eb,2023-11-28T23:05:35.207000,received,kaspa:qza2tqfcw6dckpck2wtdazuqm02vl2nqw8crr8dhjxt6mulmum88s7y72f98a,19000000,
