tx_id,timestamp,direction,peer_address,amount_sompi,cex_label
61b3fb5fd8be431f348d0b5388c2a393b1f1bd8421539c353ec4ea38840955e6,2023-12-16T04:33:56.057000,sent,kaspa:qzslgwenzu78t6tldlng383g7ruu4enaljmnkgaulyrscjp7ldt26x8gfxck5,171940000,
61b3fb5fd8be431f348d0b5388c2a393b1f1bd8421539c353ec4ea38840955e6,2023-12-16T04:33:56.057000,sent,kaspa:qzslgwenzu78t6tldlng383g7ruu4enaljmnkgaulyrscjp7ldt26x8gfxck5,171940000,
8ea9c38dfe76a56ae26772bce59439cdd9bda27c8ade7acfbb5333dc8b725065,2023-12-12T15:22:28.578000,received,kaspa:qypswxtcrv4ssyjaswy5w9387vq73mkuyq85tl34cee6qn5uexqy0csgnafnjx7,171000000,
144dfe330758f456ca07f69dfec21ead90417a1339cba93a758b1acc3a3dd00a,2023-11-29T01:34:43.984000,sent,kaspa:qyp9270mhla8pwd78a5tl6gxe07ejf2ydgsdyqzkrchffgutkx8ksuczjr7wjqk,18000000,
259a09816288c3e7e0a930a108a6a412cba03300f32e3740a068e4ce5e6c2f60,2023-11-28T21:34:29.129000,received,kaspa:qznguj27925ujdf0xgxstsdzhd6hge2yls4q4wwk9nlhgtewm26h7djkxmafl,19000000,
