tx_id,timestamp,direction,peer_address,amount_sompi,cex_label
5dea0f7eca04c196542eef6397a688ace18fe1bb3c558c738c319715beb929b8,2024-09-22T00:09:03.476000,sent,kaspa:qq0frr6wnpmw7zjvvgwdfq5ndcs9qrhhjjvl5nwsgm9f2dmjg2x8v3hu4ev0k,170000000000,
ec00380361d5113bea92b7376b1857a7ce6637e087cbe113b3db9a7a0e8a227c,2024-09-09T02:27:30.521000,sent,kaspa:qpgmt2dn8wcqf0436n0kueap7yx82n7raurlj6aqjc3t3wm9y5ssqtg9e4lsm,27900000000,
125c31f00f8e08a452e0cfc308f235111ed751e5175685d251ed4d830aabd2d9,2024-09-04T15:52:32.797000,sent,kaspa:qplg9tt6kksh3u9986falecy5re7hjk4w4l54tp2l3sqlhhkrzzhgw0yz65cs,30000000000,
562360004a083dc9b70f92ec8f735a4acd7f7e2fefd1dc8aa50cf82ae02caa18,2024-06-30T04:21:43.245000,sent,kaspa:qrag67tn5ah9qjejz96egx88ct4pzpl96dw3m768vrzyzntntsnxwfytgpled,100000000000,
5ee8a684be9d99aff889758e388f9a52e7c5f91e7e39a5bf0c1bc651800d4ec2,2024-06-30T04:17:48.729000,sent,kaspa:qztcr6cxvgnjay4alkewxuwh60sk670ks4hr2z9pfsm5dujkyzzt6tr93edvk,1000000000,
85eaf5374e53ce103c1880bc15fabe430f144e005706f6ef6381f085d66a3fe5,2023-12-28T01:10:49.960000,sent,kaspa:qzd2hn63ewtndenqr6r4he5m8mqhmhlug6zn2590empfv4kkcgav6efwhdf3e,100000000000,
85eaf5374e53ce103c1880bc15fabe430f144e005706f6ef6381f085d66a3fe5,2023-12-28T01:10:49.960000,sent,kaspa:qzd2hn63ewtndenqr6r4he5m8mqhmhlug6zn2590empfv4kkcgav6efwhdf3e,100000000000,
773aa6d6a161f803774eb77b7f25cb6c96f553e6095dd3a17d70aac6a5680143,2023-12-10T15:33:15.283000,received,kaspa:qrelgny7sr3vahq69yykxx36m65gvmhryxrlwngfzgu8xkdslum2yxjp3ap8m,28943214000,Gate.io
a19ccd4270ed586f48fbb413ff8638644e6bcee45e76e7d97636412d86b18b3e,2023-11-26T16:34:29.654000,sent,kaspa:qqwvnkp47wsj6n4hkdlgj8dsauyx0xvefunnwvvsmpq2udd0ka8ckmpuqw3k5,65700000000,
a3b9944ed7b6775afc8ff8e2b0d418c290febb48e40c0edf7c1a24efc78fe821,2023-07-03T03:49:32.898000,received,kaspa:qq3k4du6wf2g26j7ds6fqmgtgavgm3zy676wntp2e52nsuns2n4s6xkndmx0y,465711390000,
