tx_id,timestamp,direction,peer_address,amount_sompi,cex_label
96ef7619a53e575194d454011a3f5c67b00fafc29d923a0263bab33e69232841,2024-08-05T06:21:45.462000,sent,kaspa:qrd6uuntlvp4aegzplx90fl3hfjqwjx37jxvduu5a37l6aymjh5dwct26c9l9,1448000000000,
886c50a481d4188d6f97332f37e8f7668eb0a794e87c96802d22b3c50d1a1e67,2024-08-05T06:08:30.386000,sent,kaspa:qq9zagcza4jt76eev9jl5z0nqhe0thcu7js8larktj4sle7lvgnw7sfcewlty,500000000000,
bc3c4bca4ffe372ff6ae918dbb46e11a471e4a9715873955db9c5685fb343c91,2024-08-05T05:54:48.566000,sent,kaspa:qrd6uuntlvp4aegzplx90fl3hfjqwjx37jxvduu5a37l6aymjh5dwct26c9l9,5000000000,
ecf592d29ff64e10c91c98135615e8366950d58e49c1e4dcbbe57f4a9c863afc,2024-08-05T05:46:22.385000,sent,kaspa:qq9zagcza4jt76eev9jl5z0nqhe0thcu7js8larktj4sle7lvgnw7sfcewlty,50000000000,
ecf592d29ff64e10c91c98135615e8366950d58e49c1e4dcbbe57f4a9c863afc,2024-08-05T05:46:22.385000,sent,kaspa:qq9zagcza4jt76eev9jl5z0nqhe0thcu7js8larktj4sle7lvgnw7sfcewlty,50000000000,
ef6c14a1e19bbd3ce13bf9bbb5ef0fe49d87ab4d5ad9606fe7dc1681fd0ab33d,2023-12-30T17:05:12.902000,received,kaspa:qqetp7ct8kqss99fxmymyz5t3fezppxp0t58wl6pawp27elqd46uudme00cl0,1999000000000,
ef6c14a1e19bbd3ce13bf9bbb5ef0fe49d87ab4d5ad9606fe7dc1681fd0ab33d,2023-12-30T17:05:12.902000,received,kaspa:qpzpfwcsqsxhxwup26r55fd0ghqlhyugz8cp6y3wxuddc02vcxtjg75pspnwz,1999000000000,MEXC
379e0c3afb3c25fe65a2600d1f22555b542094f3a1cfae82bf046e11a0316a41,2023-12-30T17:03:03.538000,received,kaspa:qqetp7ct8kqss99fxmymyz5t3fezppxp0t58wl6pawp27elqd46uudme00cl0,5000000000,
379e0c3afb3c25fe65a2600d1f22555b542094f3a1cfae82bf046e11a0316a41,2023-12-30T17:03:03.538000,received,kaspa:qpzpfwcsqsxhxwup26r55fd0ghqlhyugz8cp6y3wxuddc02vcxtjg75pspnwz,5000000000,MEXC
