tx_id,timestamp,direction,peer_address,amount_sompi,cex_label
1b37bbe37f862f3ee347dd9d5864f501ddba313274ef7f5e0c1a3118c9678803,2024-09-18T06:13:02.362000,sent,kaspa:qpgmt2dn8wcqf0436n0kueap7yx82n7raurlj6aqjc3t3wm9y5ssqtg9e4lsm,29500000000,
1b37bbe37f862f3ee347dd9d5864f501ddba313274ef7f5e0c1a3118c9678803,2024-09-18T06:13:02.362000,sent,kaspa:qpgmt2dn8wcqf0436n0kueap7yx82n7raurlj6aqjc3t3wm9y5ssqtg9e4lsm,29500000000,
1677ee1bde1f6b87d0a2378383acead65a4095cabe38ab309b46f4594b65dbcd,2024-09-18T06:10:54.127000,received,kaspa:qqdqtcy5wcx7xaxsqylj0mr33ql7xm989ex3fk7md7u65272erzdqzeyx4w24,29400000000,
1677ee1bde1f6b87d0a2378383acead65a4095cabe38ab309b46f4594b65dbcd,2024-09-18T06:10:54.127000,received,kaspa:qqdqtcy5wcx7xaxsqylj0mr33ql7xm989ex3fk7md7u65272erzdqzeyx4w24,29400000000,
1677ee1bde1f6b87d0a2378383acead65a4095cabe38ab309b46f4594b65dbcd,2024-09-18T06:10:54.127000,received,kaspa:qqdqtcy5wcx7xaxsqylj0mr33ql7xm989ex3fk7md7u65272erzdqzeyx4w24,29400000000,
1677ee1bde1f6b87d0a2378383acead65a4095cabe38ab309b46f4594b65dbcd,2024-09-18T06:10:54.127000,received,kaspa:qqdqtcy5wcx7xaxsqylj0mr33ql7xm989ex3fk7md7u65272erzdqzeyx4w24,29400000000,
1677ee1bde1f6b87d0a2378383acead65a4095cabe38ab309b46f4594b65dbcd,2024-09-18T06:10:54.127000,received,kaspa:qqdqtcy5wcx7xaxsqylj0mr33ql7xm989ex3fk7md7u65272erzdqzeyx4w24,29400000000,
1677ee1bde1f6b87d0a2378383acead65a4095cabe38ab309b46f4594b65dbcd,2024-09-18T06:10:54.127000,received,kaspa:qqdqtcy5wcx7xaxsqylj0mr33ql7xm989ex3fk7md7u65272erzdqzeyx4w24,29400000000,
1677ee1bde1f6b87d0a2378383acead65a4095cabe38ab309b46f4594b65dbcd,2024-09-18T06:10:54.127000,received,kaspa:qqdqtcy5wcx7xaxsqylj0mr33ql7xm989ex3fk7md7u65272erzdqzeyx4w24,29400000000,
1677ee1bde1f6b87d0a2378383acead65a4095cabe38ab309b46f4594b65dbcd,2024-09-18T06:10:54.127000,received,kaspa:qqdqtcy5wcx7xaxsqylj0mr33ql7xm989ex3fk7md7u65272erzdqzeyx4w24,29400000000,
1677ee1bde1f6b87d0a2378383acead65a4095cabe38ab309b46f4594b65dbcd,2024-09-18T06:10:54.127000,received,kaspa:qqdqtcy5wcx7xaxsqylj0mr33ql7xm989ex3fk7md7u65272erzdqzeyx4w24,29400000000,
1677ee1bde1f6b87d0a2378383acead65a4095cabe38ab309b46f4594b65dbcd,2024-09-18T06:10:54.127000,received,kaspa:qqdqtcy5wcx7xaxsqylj0mr33ql7xm989ex3fk7md7u65272erzdqzeyx4w24,29400000000,
e1d6ffcad67ff4b85becf25f82b19eecfe19523d7af9a4ff50d0d4db277d167a,2024-09-15T11:33:56.089000,sent,kaspa:qqdqtcy5wcx7xaxsqylj0mr33ql7xm989ex3fk7md7u65272erzdqzeyx4w24,31500000000,
e1d6ffcad67ff4b85becf25f82b19eecfe19523d7af9a4ff50d0d4db277d167a,2024-09-15T11:33:56.089000,sent,kaspa:qqdqtcy5wcx7xaxsqylj0mr33ql7xm989ex3fk7md7u65272erzdqzeyx4w24,31500000000,
e1d6ffcad67ff4b85becf25f82b19eecfe19523d7af9a4ff50d0d4db277d167a,2024-09-15T11:33:56.089000,sent,kaspa:qqdqtcy5wcx7xaxsqylj0mr33ql7xm989ex3fk7md7u65272erzdqzeyx4w24,31500000000,
e945365b8486628f3430812770b0cd3695bab76da6eb48bc9d9210896a85eb65,2024-09-15T10:38:34.789000,received,kaspa:qpgmt2dn8wcqf0436n0kueap7yx82n7raurlj6aqjc3t3wm9y5ssqtg9e4lsm,16286836581,
d84c0cbda9a7a973d23c0c8f8cb5c3b5e900e7e8df76a2e2215db0d756ca469b,2024-09-15T10:36:45.775000,received,kaspa:qpgmt2dn8wcqf0436n0kueap7yx82n7raurlj6aqjc3t3wm9y5ssqtg9e4lsm,7196130889,
b5e5a9d2bc4f8ed6566b3a8a4311894e5900dca9deaad4941f40526b23f37ac1,2024-07-27T22:02:44.390000,sent,kaspa:qq9zagcza4jt76eev9jl5z0nqhe0thcu7js8larktj4sle7lvgnw7sfcewlty,100000000000,
b5e5a9d2bc4f8ed6566b3a8a4311894e5900dca9deaad4941f40526b23f37ac1,2024-07-27T22:02:44.390000,sent,kaspa:qq9zagcza4jt76eev9jl5z0nqhe0thcu7js8larktj4sle7lvgnw7sfcewlty,100000000000,
b5e5a9d2bc4f8ed6566b3a8a4311894e5900dca9deaad4941f40526b23f37ac1,2024-07-27T22:02:44.390000,sent,kaspa:qq9zagcza4jt76eev9jl5z0nqhe0thcu7js8larktj4sle7lvgnw7sfcewlty,100000000000,
b5e5a9d2bc4f8ed6566b3a8a4311894e5900dca9deaad4941f40526b23f37ac1,2024-07-27T22:02:44.390000,sent,kaspa:qq9zagcza4jt76eev9jl5z0nqhe0thcu7js8larktj4sle7lvgnw7sfcewlty,100000000000,
b5e5a9d2bc4f8ed6566b3a8a4311894e5900dca9deaad4941f40526b23f37ac1,2024-07-27T22:02:44.390000,sent,kaspa:qq9zagcza4jt76eev9jl5z0nqhe0thcu7js8larktj4sle7lvgnw7sfcewlty,100000000000,
f75fb371ccb81be1321c72a663de52338191af7d3ede05882b0b583868c15cf4,2024-07-27T22:00:01.131000,received,kaspa:qqdqtcy5wcx7xaxsqylj0mr33ql7xm989ex3fk7md7u65272erzdqzeyx4w24,82299797000,
f75fb371ccb81be1321c72a663de52338191af7d3ede05882b0b583868c15cf4,2024-07-27T22:00:01.131000,received,kaspa:qqdqtcy5wcx7xaxsqylj0mr33ql7xm989ex3fk7md7u65272erzdqzeyx4w24,82299797000,
c05e45c04b5e205eda31ca865a2f50bb665407de3a33c828fe491a4f79923bcb,2024-07-02T05:07:55.880000,received,kaspa:qphtpvnccpwj5yelc2wr6k0gy9fzcukvhp5wf330hpdue87e574hc9a8deey2,5244820000,
4cc3f696e284674626d9180c3348da95e62c0144cc40014081fd97e0595fdf04,2024-07-02T03:17:50.112000,received,kaspa:qq9zagcza4jt76eev9jl5z0nqhe0thcu7js8larktj4sle7lvgnw7sfcewlty,15321514211,
ac69fc2a3e911685d1321e27cfd9125e5e0c0a12810ca0fbef2c9250d9ec0271,2024-07-01T03:33:07.983000,received,kaspa:qq9zagcza4jt76eev9jl5z0nqhe0thcu7js8larktj4sle7lvgnw7sfcewlty,5244821476,
d90dd050a499d692a423f6f9e35bcca9e6178897fe6eb441e07dbea8fa54dd91,2024-06-30T14:15:15.612000,sent,kaspa:qqdqtcy5wcx7xaxsqylj0mr33ql7xm989ex3fk7md7u65272erzdqzeyx4w24,74600000000,
d90dd050a499d692a423f6f9e35bcca9e6178897fe6eb441e07dbea8fa54dd91,2024-06-30T14:15:15.612000,sent,kaspa:qqdqtcy5wcx7xaxsqylj0mr33ql7xm989ex3fk7md7u65272erzdqzeyx4w24,74600000000,
f179f42b4a228603bf3f9bb7c9e132dc1da3dab5233061c3935b203f652848b4,2024-06-27T02:18:59.702000,received,kaspa:qq9zagcza4jt76eev9jl5z0nqhe0thcu7js8larktj4sle7lvgnw7sfcewlty,14610822002,
5e6624327b8dfc711c732edcea1c3da6b4f56fb6ec242b2c77c8e64e148f77ea,2024-06-09T04:15:03.142000,sent,kaspa:qqdqtcy5wcx7xaxsqylj0mr33ql7xm989ex3fk7md7u65272erzdqzeyx4w24,7700000000,
5e6624327b8dfc711c732edcea1c3da6b4f56fb6ec242b2c77c8e64e148f77ea,2024-06-09T04:15:03.142000,sent,kaspa:qqdqtcy5wcx7xaxsqylj0mr33ql7xm989ex3fk7md7u65272erzdqzeyx4w24,7700000000,
5e6624327b8dfc711c732edcea1c3da6b4f56fb6ec242b2c77c8e64e148f77ea,2024-06-09T04:15:03.142000,sent,kaspa:qqdqtcy5wcx7xaxsqylj0mr33ql7xm989ex3fk7md7u65272erzdqzeyx4w24,7700000000,
52c49181a3b3854edadb17191599ea7235382117ce2d9fd732a8717c105d52f0,2024-03-26T20:31:35.949000,received,kaspa:qqqt8cdec3j3wmr903wug52ruzwyzet7t0edmzju2elfg2zz8gw3xv2aqgsef,900000,
77f1ac604f1d8ab9febe2bfd6dd5b0b23762f1b8691a9c64ecdf3e2c74f9bf07,2024-03-25T11:45:55.617000,received,kaspa:qqqt8cdec3j3wmr903wug52ruzwyzet7t0edmzju2elfg2zz8gw3xv2aqgsef,900000,
ab0998eb099aaefd7d20feb2151eefcb72255b4a70e4df4f6132b266d5176174,2024-03-16T03:20:26.820000,sent,kaspa:qq9zagcza4jt76eev9jl5z0nqhe0thcu7js8larktj4sle7lvgnw7sfcewlty,30000000000,
ab0998eb099aaefd7d20feb2151eefcb72255b4a70e4df4f6132b266d5176174,2024-03-16T03:20:26.820000,sent,kaspa:qq9zagcza4jt76eev9jl5z0nqhe0thcu7js8larktj4sle7lvgnw7sfcewlty,30000000000,
ab0998eb099aaefd7d20feb2151eefcb72255b4a70e4df4f6132b266d5176174,2024-03-16T03:20:26.820000,sent,kaspa:qq9zagcza4jt76eev9jl5z0nqhe0thcu7js8larktj4sle7lvgnw7sfcewlty,30000000000,
ab0998eb099aaefd7d20feb2151eefcb72255b4a70e4df4f6132b266d5176174,2024-03-16T03:20:26.820000,sent,kaspa:qq9zagcza4jt76eev9jl5z0nqhe0thcu7js8larktj4sle7lvgnw7sfcewlty,30000000000,
ab0998eb099aaefd7d20feb2151eefcb72255b4a70e4df4f6132b266d5176174,2024-03-16T03:20:26.820000,sent,kaspa:qq9zagcza4jt76eev9jl5z0nqhe0thcu7js8larktj4sle7lvgnw7sfcewlty,30000000000,
ab0998eb099aaefd7d20feb2151eefcb72255b4a70e4df4f6132b266d5176174,2024-03-16T03:20:26.820000,sent,kaspa:qq9zagcza4jt76eev9jl5z0nqhe0thcu7js8larktj4sle7lvgnw7sfcewlty,30000000000,
ab0998eb099aaefd7d20feb2151eefcb72255b4a70e4df4f6132b266d5176174,2024-03-16T03:20:26.820000,sent,kaspa:qq9zagcza4jt76eev9jl5z0nqhe0thcu7js8larktj4sle7lvgnw7sfcewlty,30000000000,
ab0998eb099aaefd7d20feb2151eefcb72255b4a70e4df4f6132b266d5176174,2024-03-16T03:20:26.820000,sent,kaspa:qq9zagcza4jt76eev9jl5z0nqhe0thcu7js8larktj4sle7lvgnw7sfcewlty,30000000000,
ab0998eb099aaefd7d20feb2151eefcb72255b4a70e4df4f6132b266d5176174,2024-03-16T03:20:26.820000,sent,kaspa:qq9zagcza4jt76eev9jl5z0nqhe0thcu7js8larktj4sle7lvgnw7sfcewlty,30000000000,
0e2e938d404f462951239b0b4d46b99a1c9fdca85f36e4f3c7a2ca0c265cc413,2024-03-04T22:49:21.550000,received,kaspa:qqqt8cdec3j3wmr903wug52ruzwyzet7t0edmzju2elfg2zz8gw3xv2aqgsef,900000,
862db010fb0e57432cd1fc496f4e615448e5a4f8f2afa2ad2bd40fdb6d4aceac,2024-02-29T13:54:39.418000,received,kaspa:qzacs3vl34sswlmalkwkrc53c0kexrtnjxx3a6mkvs60r0qt7lauglmn08307,900000,
9951b40a6f07112552e5bf0d15058a9cdf3a07d82e97d495199940c84ce602f6,2024-02-06T06:31:37.166000,received,kaspa:qq9zagcza4jt76eev9jl5z0nqhe0thcu7js8larktj4sle7lvgnw7sfcewlty,17516205467,
cb118188d6bca035e6df9a674ba2b520b60de590e8b4c6f0379c89278fc14a68,2024-01-15T01:25:15.471000,received,kaspa:qqwvnkp47wsj6n4hkdlgj8dsauyx0xvefunnwvvsmpq2udd0ka8ckmpuqw3k5,80185898828,
cb118188d6bca035e6df9a674ba2b520b60de590e8b4c6f0379c89278fc14a68,2024-01-15T01:25:15.471000,received,kaspa:qqwvnkp47wsj6n4hkdlgj8dsauyx0xvefunnwvvsmpq2udd0ka8ckmpuqw3k5,80185898828,
20f377f36e6366cc2413021117847f042e445afa477a157c761a5d8a16dc9d9a,2024-01-15T01:12:10.031000,received,kaspa:qzacs3vl34sswlmalkwkrc53c0kexrtnjxx3a6mkvs60r0qt7lauglmn08307,900000,
5d413263e6463daa75c9f6fd43d903712445489a72619daaafea59a99de14e34,2024-01-13T23:06:16.833000,received,kaspa:qzacs3vl34sswlmalkwkrc53c0kexrtnjxx3a6mkvs60r0qt7lauglmn08307,900000,
9a7a873b19101b8012e60fe992405b0336564d4a0e6dd2fe0eec39d2af998509,2024-01-12T08:31:37.046000,received,kaspa:qzacs3vl34sswlmalkwkrc53c0kexrtnjxx3a6mkvs60r0qt7lauglmn08307,900000,
a4dbb6a66d0ff9d55d5367fd6e2c20e3ce7357af06f006bf290f9e8464f85796,2024-01-11T08:03:59.662000,received,kaspa:qqt6sejmc773n6qymu8v8x9fa3frqjql3r47e2gwkxt3djgfa70l64wdw3jds,39826420,
7b85f4b2a97113e20a017cb1374571971fed4f45715b2cf69f54b1e0c31b3bec,2024-01-11T02:07:11.941000,received,kaspa:qzacs3vl34sswlmalkwkrc53c0kexrtnjxx3a6mkvs60r0qt7lauglmn08307,900000,
d284a00fc180e29dec9b743d22ffd769241783aa9b745bb4409fb31b37a5982f,2023-08-16T04:16:50.471000,sent,kaspa:qqwvnkp47wsj6n4hkdlgj8dsauyx0xvefunnwvvsmpq2udd0ka8ckmpuqw3k5,7189134319562,
365805c41c4a7319e9ed58eac0d3cc64429dea3572203ec6df9e19a9a4a814d3,2023-07-10T03:31:14.991000,sent,kaspa:qz394laguu9fe6heqfa0fagc0ut027wcc2wvuhyn9l6f6s0lssdsqh2qdm4rn,1500000000000,
44c696c8f559120eb58f73a5bf5118a1de8f1070a059b8cc7241c3f25e4419d9,2023-06-27T14:16:24.403000,received,kaspa:qqr496g4grj65pz85w9v9tsfsd0pkd8pwxgld542uyyayvltllv4xxxwpuwp6,8689134519562,
44c696c8f559120eb58f73a5bf5118a1de8f1070a059b8cc7241c3f25e4419d9,2023-06-27T14:16:24.403000,received,kaspa:qqr496g4grj65pz85w9v9tsfsd0pkd8pwxgld542uyyayvltllv4xxxwpuwp6,8689134519562,
