tx_id,timestamp,direction,peer_address,amount_sompi,cex_label
823a548586c20096f340076d8b6fb7ec4cca40939ccb3a0e072f786af661f3ba,2023-12-16T04:04:43.467000,sent,kaspa:qzslgwenzu78t6tldlng383g7ruu4enaljmnkgaulyrscjp7ldt26x8gfxck5,171940000,
823a548586c20096f340076d8b6fb7ec4cca40939ccb3a0e072f786af661f3ba,2023-12-16T04:04:43.467000,sent,kaspa:qzslgwenzu78t6tldlng383g7ruu4enaljmnkgaulyrscjp7ldt26x8gfxck5,171940000,
66bb9fc1ac619c98d0a5168141b2ee08005b83859e8556f8e9cbb8d6638dbbbf,2023-12-12T04:57:41.498000,received,kaspa:qypswxtcrv4ssyjaswy5w9387vq73mkuyq85tl34cee6qn5uexqy0csgnafnjx7,171000000,
6c0ea8cf5e72e0dc4f39fc94650c2f9def110640065eafded28a2498562c49c5,2023-11-28T04:50:40.104000,sent,kaspa:qypvv2a0vseqfcmlrnfluzr7duevujsh2vl9xxfexh8agl3z0e3wrvce39zpp4p,18000000,
2d3d3bb12aeca728e6b92db97eef55682d9767d3fa8a55944b759f107454c0f0,2023-11-27T22:54:35.547000,received,kaspa:qq9lyhkvtjr628ps724afyqk9n83d0tljqhleedzrmqvmlhldaunut5739sg7,19000000,
