tx_id,timestamp,direction,peer_address,amount_sompi,cex_label
1e1760765d7fafd051cfe57ba9c1ede255a211c0efb10301e06b48e475938057,2023-12-16T04:08:01.434000,sent,kaspa:qzslgwenzu78t6tldlng383g7ruu4enaljmnkgaulyrscjp7ldt26x8gfxck5,171940000,
1e1760765d7fafd051cfe57ba9c1ede255a211c0efb10301e06b48e475938057,2023-12-16T04:08:01.434000,sent,kaspa:qzslgwenzu78t6tldlng383g7ruu4enaljmnkgaulyrscjp7ldt26x8gfxck5,171940000,
b7166c4c4c217bc3e986da59ddee9ad5fd38419961dc3f5522fb1ef5f1f857bf,2023-12-12T06:00:32.060000,received,kaspa:qypswxtcrv4ssyjaswy5w9387vq73mkuyq85tl34cee6qn5uexqy0csgnafnjx7,171000000,
6bd585e7e909fe5839be4b15e065525de60a35dbe538ab3e86bfa26ba791730d,2023-11-28T06:26:34.887000,sent,kaspa:qypj8d6y3296t2wkjs3gdarq652z9cl4k26u3q2n9vdmwha2ydmzlcgyp3typks,18000000,
8ace14bb2bcd03f5c068a9de1c11884cbac3e98221fee5415483f18481c19838,2023-11-27T21:55:32.859000,received,kaspa:qz63ppr2zl6fny4vy8z3adjfsygghjqg58du4z7nd5wgep8snx5ssls2hfljj,19000000,
