tx_id,timestamp,direction,peer_address,amount_sompi,cex_label
8f47c2cec109cb92d08df506aad19a7e87f125ded205ed2849a5d67850179dbb,2023-12-18T10:40:52.618000,sent,kaspa:qrkaxvl2tw6pq6zx9xrr9lqnt9x72upf0hsrp3cvgcmfz77m50ycua35nz200,172940000,
8f47c2cec109cb92d08df506aad19a7e87f125ded205ed2849a5d67850179dbb,2023-12-18T10:40:52.618000,sent,kaspa:qrkaxvl2tw6pq6zx9xrr9lqnt9x72upf0hsrp3cvgcmfz77m50ycua35nz200,172940000,
214dcb96ea2b87e923708520649117b39657e00d9697489d36460cd3f13d183e,2023-12-12T10:36:35.863000,received,kaspa:qypswxtcrv4ssyjaswy5w9387vq73mkuyq85tl34cee6qn5uexqy0csgnafnjx7,171000000,
63a10dbbbce9bc68bf7c1e7d833ad594291aec6c479d8b8052e8d30c72d78414,2023-11-28T14:52:59.022000,sent,kaspa:qypfv52tet426e3ey5q64wsccz4k25m9ff07cap20lvl5883jr3g70qy5h0hd4s,18000000,
7dcfc681f6e7202bb4f060f612313af43405fa56457969d855d3b71a676ea6d9,2023-11-28T12:58:44.249000,sent,kaspa:qz0svf5s2hhagn2ex49cxlwd0sf62lqln6flvlqjw9svmh68thx4gvwfk7vkm,20000000,
7fd0fd3ac9d692ce3eb969508ad18fcf94a2d943c82466f49020d5c312cab475,2023-11-28T09:37:05.471000,sent,kaspa:qzyx7vzsh30nr3l457m90gh5qcg3vnjfss2er7qnvq7y29m4dh4nvjx30dg9j,20000000,
0c4eceb0ed1600be264497640c57161b11b04fcf6599eb80b0ae33fe9381f176,2023-11-28T08:46:58.909000,sent,kaspa:qplkvnkkuvuyd4htfaa76lrl2c5mvc3m2mxr6kfwlp9fna3u07vezw7dyl9du,20000000,
a5a2e97213ddd4fdabe96b10975fbab1b4fa233e191736086dd68f3b95f1f6c9,2023-11-28T05:49:15.558000,received,kaspa:qpwpf2y0hk292t9pp37phjt9d6s0tgqpfsvdrespc3jzwsrls3ypy4u2zycve,80000000,
