tx_id,timestamp,direction,peer_address,amount_sompi,cex_label
ecde6c74046e9a7de04a88b66c6e90b0f93afb405ac489b13c87b2ff8ca02072,2023-12-16T04:33:46.656000,sent,kaspa:qzslgwenzu78t6tldlng383g7ruu4enaljmnkgaulyrscjp7ldt26x8gfxck5,171940000,
ecde6c74046e9a7de04a88b66c6e90b0f93afb405ac489b13c87b2ff8ca02072,2023-12-16T04:33:46.656000,sent,kaspa:qzslgwenzu78t6tldlng383g7ruu4enaljmnkgaulyrscjp7ldt26x8gfxck5,171940000,
404529bf32f1eb09b196fb408255d8ddc7a876834eb58b00a64f93fc2c500d8c,2023-12-12T19:11:31.125000,received,kaspa:qypswxtcrv4ssyjaswy5w9387vq73mkuyq85tl34cee6qn5uexqy0csgnafnjx7,171000000,
90b933395f3d4f44b0dd60d1aef622e800c4ec67301aee97cafcea3b40183ccd,2023-11-29T08:35:33.659000,sent,kaspa:qypz433h6le6n7klj0z7uyr5h95g9tvclhafxl52cg9gm7x5dsmvc9qv42rxttr,18000000,
58c381109021b417df42cde9181fc134d44dedddd969a06a9e8f6f7c7c8bcd4c,2023-11-28T19:54:57.875000,received,kaspa:qr4svkt5vtyavdaqd9a5ug3hu7lsz56zqsrjvmm94rm075p6cqjd7a8zfg3g2,19000000,
