tx_id,timestamp,direction,peer_address,amount_sompi,cex_label
17844667038aa048b04c148cf3743051b489d891610105dd1988f470c793a1e7,2023-03-13T22:36:23.003000,sent,kaspa:qpym07pjhectrggku4sstaf2zd8dmhhn2rl0fk8um7fcqcex9jrw59ssnsvj9,10000000000,
17844667038aa048b04c148cf3743051b489d891610105dd1988f470c793a1e7,2023-03-13T22:36:23.003000,sent,kaspa:qrjdlwaxn02zsyj3q3s6rneer26e4ursj754an4hsgvfhh7w25fwqyuhmmzjr,100267869991491,
489e4ae64c7a601efce94784965fb5814fa638b3da192fd88c4afcaa93fccf83,2023-03-02T12:00:32.899000,received,kaspa:qqk0j4a3m0y3tf7aeapgn45vhfz9hw3wushku8tawmadns54s69eq4mw3rmc8,100277869993560,
489e4ae64c7a601efce94784965fb5814fa638b3da192fd88c4afcaa93fccf83,2023-03-02T12:00:32.899000,received,kaspa:qqh7zfrj8jewy4j9tu283qevsaevlea6jpw87mwqwd7ku3acxvm7cwu3gleer,100277869993560,
10718a09c1380d5e3bb2b2c9b8b69ddbdfde2a2265cf0a50dcac01a6253fa9e7,2022-09-13T10:18:50.606000,sent,kaspa:qqzu2pvypz6nlwnnmhfkktd78cra6nn3ywzyunqcwrlxx8twzmlwsptkn0j7a,400000000000000,
10718a09c1380d5e3bb2b2c9b8b69ddbdfde2a2265cf0a50dcac01a6253fa9e7,2022-09-13T10:18:50.606000,sent,kaspa:qrjdlwaxn02zsyj3q3s6rneer26e4ursj754an4hsgvfhh7w25fwqyuhmmzjr,699962264,
01c7fefc0833c4742dc806185ba20dcf110f059eb4db6a86868c8751c02a79ab,2022-09-13T10:07:24.476000,received,kaspa:qqhuy37fhrg8xlgkmqmeywwle6eg4lct5up28wnzpryz7tnm9nntq97hun69q,199999899997931,
