tx_id,timestamp,direction,peer_address,amount_sompi,cex_label
d5808911a5999be90f46566295a904d89d33a3c89cce0eb10b78523c6f3550e8,2024-06-06T11:42:41.248000,sent,kaspa:qrf46klp3ud5d7m4cuxcs6uqmf2jq5emt9dxg2736mgyq40rzp0xvjh9alwyt,9900000000,
d5808911a5999be90f46566295a904d89d33a3c89cce0eb10b78523c6f3550e8,2024-06-06T11:42:41.248000,received,kaspa:qzeter8gg82w8mw55xz7cdlnae4u88avc9gc5aj4qkzk0hmrql2qsyp6sl8vm,34420000,
d5808911a5999be90f46566295a904d89d33a3c89cce0eb10b78523c6f3550e8,2024-06-06T11:42:41.248000,received,kaspa:qqzsf302n9k3v0vltfchajtz63eqnydxgcu3ju2sqvewypcq3956kgh6wjfvv,34420000,
d5808911a5999be90f46566295a904d89d33a3c89cce0eb10b78523c6f3550e8,2024-06-06T11:42:41.248000,received,kaspa:qp8yzu9t69xfatthr9fl6k93mqa9ftmhx8wv7a7m5vcq0at6km89qk7aagrky,34420000,
22630929d26703e07ff07d27c86e10270a9c8a548774a2a1927d5d99edd8b796,2024-05-18T18:03:07.282000,received,kaspa:qzuz7u9jelm7whvmnju9tf06l2r6k53xk0j5auqm9hkkn0eze7v078hahlhlk,4355480000,
22630929d26703e07ff07d27c86e10270a9c8a548774a2a1927d5d99edd8b796,2024-05-18T18:03:07.282000,received,kaspa:qrj9689pyqxlrzdamsjnrdft38gywy05r20ljv7w06fqsn23mjad2zp4gc5gr,4355480000,
22630929d26703e07ff07d27c86e10270a9c8a548774a2a1927d5d99edd8b796,2024-05-18T18:03:07.282000,received,kaspa:qr8wlm844jvwqtv7pm6kltkxm63h7xakmzth7t3z7amwldx5xxdhuvenqcx96,4355480000,
22630929d26703e07ff07d27c86e10270a9c8a548774a2a1927d5d99edd8b796,2024-05-18T18:03:07.282000,received,kaspa:qpxfs92czufkwdgvle59duzmzwxf2vqyr9nuezzpfu4ce0ajhfvng7h4vynxl,4355480000,
22630929d26703e07ff07d27c86e10270a9c8a548774a2a1927d5d99edd8b796,2024-05-18T18:03:07.282000,received,kaspa:qqkpjc9ag8lvy49xsvqwsrmn6275xz2yajmff6nlm2gwf5sqmd6gglefk7zca,4355480000,
