tx_id,timestamp,direction,peer_address,amount_sompi,cex_label
3bb6736c63bd389e89c5e9fd1841b0fd18fad795bcd980ed4628272ba7d2fb13,2023-11-15T21:12:23.952000,sent,kaspa:qqwvnkp47wsj6n4hkdlgj8dsauyx0xvefunnwvvsmpq2udd0ka8ckmpuqw3k5,3255344320000,
967f8fe416584a1d41a109896917fe0028b328823e3e064142833b7510c73901,2023-11-15T21:10:47.949000,sent,kaspa:qz9duqtwx6etmpltfprqurmeq5zkhctwsx3fh5e8mzpmw8ppmwgxjjk7m37pk,5000000000000,
2d7909f65645791f9dfd315c4830d95e1be22a2160c9016262cbc74e193d55b6,2023-11-15T21:08:57.100000,sent,kaspa:qz9duqtwx6etmpltfprqurmeq5zkhctwsx3fh5e8mzpmw8ppmwgxjjk7m37pk,1000000000000,
ac9cb8f0e47a376431576c8a96d139b3ebae4068cbac5bfd4a6ec98e1f7db566,2023-11-15T17:44:41.952000,sent,kaspa:qz9duqtwx6etmpltfprqurmeq5zkhctwsx3fh5e8mzpmw8ppmwgxjjk7m37pk,1000000000,
50f433bf2d23ee5c0e630db9d1ae32507d10dba3475ddb60acd3723b4ddbc510,2023-07-30T11:41:21.119000,sent,kaspa:qzgranawalr2apfz2pzq7rle20gnw37u0yfqew3nsm0acsanf0mjcehzgqc5d,100000000000,
dd281311c9e988201f9cb57eddfed853651d5367c89e8be0d447a0cc59d1a8d8,2023-07-28T10:46:25.295000,sent,kaspa:qqwvnkp47wsj6n4hkdlgj8dsauyx0xvefunnwvvsmpq2udd0ka8ckmpuqw3k5,6000000000000,
eee49768d8621aad8b75ce0f93c1dfd596b708f403b1e056ed9c74c0e3124801,2023-07-15T12:46:36.068000,sent,kaspa:qqwvnkp47wsj6n4hkdlgj8dsauyx0xvefunnwvvsmpq2udd0ka8ckmpuqw3k5,4800000000000,
eee49768d8621aad8b75ce0f93c1dfd596b708f403b1e056ed9c74c0e3124801,2023-07-15T12:46:36.068000,sent,kaspa:qqwvnkp47wsj6n4hkdlgj8dsauyx0xvefunnwvvsmpq2udd0ka8ckmpuqw3k5,4800000000000,
eee49768d8621aad8b75ce0f93c1dfd596b708f403b1e056ed9c74c0e3124801,2023-07-15T12:46:36.068000,sent,kaspa:qqwvnkp47wsj6n4hkdlgj8dsauyx0xvefunnwvvsmpq2udd0ka8ckmpuqw3k5,4800000000000,
eee49768d8621aad8b75ce0f93c1dfd596b708f403b1e056ed9c74c0e3124801,2023-07-15T12:46:36.068000,sent,kaspa:qqwvnkp47wsj6n4hkdlgj8dsauyx0xvefunnwvvsmpq2udd0ka8ckmpuqw3k5,4800000000000,
eee49768d8621aad8b75ce0f93c1dfd596b708f403b1e056ed9c74c0e3124801,2023-07-15T12:46:36.068000,sent,kaspa:qqwvnkp47wsj6n4hkdlgj8dsauyx0xvefunnwvvsmpq2udd0ka8ckmpuqw3k5,4800000000000,
eee49768d8621aad8b75ce0f93c1dfd596b708f403b1e056ed9c74c0e3124801,2023-07-15T12:46:36.068000,sent,kaspa:qqwvnkp47wsj6n4hkdlgj8dsauyx0xvefunnwvvsmpq2udd0ka8ckmpuqw3k5,4800000000000,
c8d27e4ae015f541e54178b57b34f9261107243f69e759372f378ea83d621c7d,2023-07-14T02:08:34.073000,received,kaspa:qq3k4du6wf2g26j7ds6fqmgtgavgm3zy676wntp2e52nsuns2n4s6xkndmx0y,5859345020000,
47c34608a20f972d12394841b20b9097ed973cc0dde7998517fc22573729cd7c,2023-07-14T01:16:10.682000,received,kaspa:qpq94ntnvy8p9q6wrdwtn37xtspgashrydc0kuu8ctpyxulmh0wlxh2807zdh,5000000000000,
7da080d1e8c04b0b6ec8183e9cdd1d2baf1089d89cbee5b683c960e878ae3ef0,2023-07-14T00:42:10.901000,received,kaspa:qq3k4du6wf2g26j7ds6fqmgtgavgm3zy676wntp2e52nsuns2n4s6xkndmx0y,8000000000000,
64d943cb568731c6c5fc447871604eaecd33c54346eea89b9fc7ced91a5cfc91,2023-07-14T00:39:11.918000,received,kaspa:qq3k4du6wf2g26j7ds6fqmgtgavgm3zy676wntp2e52nsuns2n4s6xkndmx0y,500000000000,
3337a7da2c91fcc8768e68238a598e38617256262094cd0eccc1ed9f48d29774,2023-07-09T12:52:09.576000,received,kaspa:qq3k4du6wf2g26j7ds6fqmgtgavgm3zy676wntp2e52nsuns2n4s6xkndmx0y,597000000000,
4a9f85322a869335524f3e60f6ef2c9b838918bed5330fab36c429641c809d3b,2023-07-09T12:35:10.547000,received,kaspa:qq3k4du6wf2g26j7ds6fqmgtgavgm3zy676wntp2e52nsuns2n4s6xkndmx0y,200000000000,
