tx_id,timestamp,direction,peer_address,amount_sompi,cex_label
6b0021fc6179607bbc95d3ee74130753c92597230bfc3bfcf1c8df0708fcdf23,2023-12-16T03:15:44.945000,sent,kaspa:qzslgwenzu78t6tldlng383g7ruu4enaljmnkgaulyrscjp7ldt26x8gfxck5,171940000,
6b0021fc6179607bbc95d3ee74130753c92597230bfc3bfcf1c8df0708fcdf23,2023-12-16T03:15:44.945000,sent,kaspa:qzslgwenzu78t6tldlng383g7ruu4enaljmnkgaulyrscjp7ldt26x8gfxck5,171940000,
9abc6bfb4c84cb4b42505f783125d825444895becca9b8d3bb149fb4d55f3527,2023-12-12T03:35:14.562000,received,kaspa:qypswxtcrv4ssyjaswy5w9387vq73mkuyq85tl34cee6qn5uexqy0csgnafnjx7,171000000,
e55e7f58eabaa8397408a289b02d722b22335fc40d70f8f85c0b10b0180fa2a2,2023-11-28T01:24:09.013000,sent,kaspa:qyp0rptmytcjzcj0r3w4v5mwkzg0j9ga7rj0u557e5q06uzplf606ugpm68juge,18000000,
2bad469e8373ba87ad955fe7168fb1b1e410fca8e6a86acfe5a81fc043a1188c,2023-11-27T22:46:02.930000,received,kaspa:qrvhmu7g3ykxqglvqnr3nqx22rs6fq2dz3mf5n25qlwz5ytpksv3q4lju593m,19000000,
