tx_id,timestamp,direction,peer_address,amount_sompi,cex_label
b3326ac19bcfb867332c25a5f3d6119a938298837ca87bd105f6909ff5170829,2024-02-20T04:28:39.929000,sent,kaspa:qq6unnf8p62vkudx94u4t90ruxma7zad8wew463l5dhgnyjtrt0sc82lc5ykw,170990000,
80b0ed10df8506fe1ef270e59e0360f6652ac0a59adc690f10e9e8a4ff182331,2023-12-12T13:17:37.743000,received,kaspa:qypswxtcrv4ssyjaswy5w9387vq73mkuyq85tl34cee6qn5uexqy0csgnafnjx7,171000000,
798c097540de996b8084ed154e5c1ce2910117fb95c6c77f1912e083bb75324a,2023-11-28T18:15:33.004000,sent,kaspa:qzutaxwx2lxv4mwmvyxtk5868d5vper4mc8vhc72ntl46n8f3v04gk3c08nc2,819160000,
d25b53c8d0e6cc8ba90146ab0dad1be4f1a3c5bd12a35ab8ba79c5a8db4fccbc,2023-11-28T18:14:37.006000,sent,kaspa:qypk56hpvjx82eg4t7w6272dkx6lh5zmsc8t0d6vx57ezwtvx26djzgwmjse2tc,18000000,
6d48a251b70578c895bca3434f25fd75a7001f8770541b933c6d3d10ab7e44e9,2023-11-28T18:06:27.961000,received,kaspa:qpy05hwj2jcandf0pwvpnt3lm750y4anlnwru9cwewmem6r8jppscgaq0pmkg,837180000,
