tx_id,timestamp,direction,peer_address,amount_sompi,cex_label
55ec085c8a3e0f2ffdc3eac3c438e65e769b11e707f5c9cc442fde26754e5836,2023-12-16T04:04:36.336000,sent,kaspa:qzslgwenzu78t6tldlng383g7ruu4enaljmnkgaulyrscjp7ldt26x8gfxck5,171940000,
55ec085c8a3e0f2ffdc3eac3c438e65e769b11e707f5c9cc442fde26754e5836,2023-12-16T04:04:36.336000,sent,kaspa:qzslgwenzu78t6tldlng383g7ruu4enaljmnkgaulyrscjp7ldt26x8gfxck5,171940000,
c8c7d067d496b7d9a5846e39ce9e577d0d93e6ba873231220e9635c2a8655335,2023-12-12T04:56:48.004000,received,kaspa:qypswxtcrv4ssyjaswy5w9387vq73mkuyq85tl34cee6qn5uexqy0csgnafnjx7,171000000,
8ca8065d495a19a16581baca76423d189dd8c5619a4eccafdf47d2330a7fc72b,2023-11-28T04:49:17.516000,sent,kaspa:qyph5hpae6pwakl4r272pllpmqy4sqqz7tvmw4qt6demq0k29g3s2nqq9r68tnf,18000000,
cd58beb6b9d1f07a869b6ae1bdcff8f115fe1c6417dd03804694dcd8750932a7,2023-11-27T22:46:04.552000,received,kaspa:qq9lyhkvtjr628ps724afyqk9n83d0tljqhleedzrmqvmlhldaunut5739sg7,19000000,
