tx_id,timestamp,direction,peer_address,amount_sompi,cex_label
b310ea4c35e4fd56a1fca668832b78023a54ea65b5505aaf5f1d6f5322819e0e,2023-12-16T05:06:02.340000,sent,kaspa:qzslgwenzu78t6tldlng383g7ruu4enaljmnkgaulyrscjp7ldt26x8gfxck5,171940000,
b310ea4c35e4fd56a1fca668832b78023a54ea65b5505aaf5f1d6f5322819e0e,2023-12-16T05:06:02.340000,sent,kaspa:qzslgwenzu78t6tldlng383g7ruu4enaljmnkgaulyrscjp7ldt26x8gfxck5,171940000,
4fe6d47f9880e78f38543042629a424892353e0ccd3de4c1a0f84ac534ebbc51,2023-12-13T04:01:48.648000,received,kaspa:qypswxtcrv4ssyjaswy5w9387vq73mkuyq85tl34cee6qn5uexqy0csgnafnjx7,171000000,
ccb379d1a099f747797cbed7ff8cbeeb354a0297e9f45e9503bc1993346b9f9c,2023-11-29T19:15:58.143000,sent,kaspa:qypvuz5agfhwgdhuksu0c8ml5xwssalgzw27nh064m93w3m9an9w8tgr098sf09,18000000,
7ed3e4bdbffb193fdcb72046b16061a9ecd03cf327e3267a16f827772f7f3371,2023-11-29T00:05:11.410000,received,kaspa:qr4l6ccrnequlsgxdtfmc748wfv0dlcywwh86sweqrn68kve6kptwajp8fk3g,19000000,
