tx_id,timestamp,direction,peer_address,amount_sompi,cex_label
530a09b1922861f910458af738f5a3f0622f72d1dc72625915c15502310888fa,2022-11-14T23:27:16.657000,sent,kaspa:qzxqj5c7ymvjpxdxadpmth0lcpxhp25tv7gck7yl0cwxfjhw35mjy2jc5644c,50000000000000,
530a09b1922861f910458af738f5a3f0622f72d1dc72625915c15502310888fa,2022-11-14T23:27:16.657000,sent,kaspa:qqancd0nfyfkzcqvkuse5jvm9ynsttx0d8q4dh0c7la4hh5vdqq9kg0sc523t,10359530662357,
530a09b1922861f910458af738f5a3f0622f72d1dc72625915c15502310888fa,2022-11-14T23:27:16.657000,sent,kaspa:qzxqj5c7ymvjpxdxadpmth0lcpxhp25tv7gck7yl0cwxfjhw35mjy2jc5644c,50000000000000,
530a09b1922861f910458af738f5a3f0622f72d1dc72625915c15502310888fa,2022-11-14T23:27:16.657000,sent,kaspa:qqancd0nfyfkzcqvkuse5jvm9ynsttx0d8q4dh0c7la4hh5vdqq9kg0sc523t,10359530662357,
530a09b1922861f910458af738f5a3f0622f72d1dc72625915c15502310888fa,2022-11-14T23:27:16.657000,sent,kaspa:qzxqj5c7ymvjpxdxadpmth0lcpxhp25tv7gck7yl0cwxfjhw35mjy2jc5644c,50000000000000,
530a09b1922861f910458af738f5a3f0622f72d1dc72625915c15502310888fa,2022-11-14T23:27:16.657000,sent,kaspa:qqancd0nfyfkzcqvkuse5jvm9ynsttx0d8q4dh0c7la4hh5vdqq9kg0sc523t,10359530662357,
530a09b1922861f910458af738f5a3f0622f72d1dc72625915c15502310888fa,2022-11-14T23:27:16.657000,sent,kaspa:qzxqj5c7ymvjpxdxadpmth0lcpxhp25tv7gck7yl0cwxfjhw35mjy2jc5644c,50000000000000,
530a09b1922861f910458af738f5a3f0622f72d1dc72625915c15502310888fa,2022-11-14T23:27:16.657000,sent,kaspa:qqancd0nfyfkzcqvkuse5jvm9ynsttx0d8q4dh0c7la4hh5vdqq9kg0sc523t,10359530662357,
26fccd7260b74214ef9dc8d006e3bf319536140907351f49c07742656b66574f,2022-09-11T14:25:59.132000,received,kaspa:qrd7rgy68vh6t8jzur05xxppx2k9pss8a7kgmm937ytjhj7cu9rzutah5772k,15025810970000,
9d72cf0277b13b6471b3c617facf48bff8a8a01d9db6cdb167124b8d85f994b5,2022-09-11T14:14:05.213000,received,kaspa:qzacs3vl34sswlmalkwkrc53c0kexrtnjxx3a6mkvs60r0qt7lauglmn08307,100000000,
b975a3c7570f3acd4d236a589256a5c2dc37dfa8513601fe5bcb7c23e66a3879,2022-09-11T14:11:27.930000,received,kaspa:qzacs3vl34sswlmalkwkrc53c0kexrtnjxx3a6mkvs60r0qt7lauglmn08307,100000000,
59a82b60af79481fc39721ec50ff82ea71b5160707d9af2353dfe19176f7bf22,2022-09-11T14:09:11.660000,received,kaspa:qzacs3vl34sswlmalkwkrc53c0kexrtnjxx3a6mkvs60r0qt7lauglmn08307,100000000,
77c2dec6f3a3fd96c32acdfc8e9b80aa05e377eaa9389982ead3f07fea24a84e,2022-09-08T21:44:16.549000,sent,kaspa:qrzjrgduvudvnkfs84s3t6p0perv0zz0kzaw5hl5u7qvwdxg4k9g66l4cs0m9,40000000000000,
77c2dec6f3a3fd96c32acdfc8e9b80aa05e377eaa9389982ead3f07fea24a84e,2022-09-08T21:44:16.549000,sent,kaspa:qpkv5j777wyx36vmerycs2tucvc752uszt7cnavnzvc72r278jyxyvd4qursy,31740886913760,
08d1eee9b18f0d6e6b5659813ac789e3f25181f77c8b8d0f97a9b8830097dc53,2022-08-19T21:10:14.711000,received,kaspa:qzacs3vl34sswlmalkwkrc53c0kexrtnjxx3a6mkvs60r0qt7lauglmn08307,100000000,
