tx_id,timestamp,direction,peer_address,amount_sompi,cex_label
59ca4fc9033d02ce04cc6ebd90f40d9ff5b594d9368d5f6b2cbafb835ebc5186,2023-12-16T04:07:15.135000,sent,kaspa:qzslgwenzu78t6tldlng383g7ruu4enaljmnkgaulyrscjp7ldt26x8gfxck5,171940000,
59ca4fc9033d02ce04cc6ebd90f40d9ff5b594d9368d5f6b2cbafb835ebc5186,2023-12-16T04:07:15.135000,sent,kaspa:qzslgwenzu78t6tldlng383g7ruu4enaljmnkgaulyrscjp7ldt26x8gfxck5,171940000,
53abf76566bf3214fb3832c102cdb949c9d9c258e120da2c1212900acf6a763c,2023-12-12T07:03:49.779000,received,kaspa:qypswxtcrv4ssyjaswy5w9387vq73mkuyq85tl34cee6qn5uexqy0csgnafnjx7,171000000,
7a921c4ad8f820dbb3f9977e7a6942529839b3c7ad38600092a2b706d6f27975,2023-11-28T08:28:59.867000,sent,kaspa:qyprpls46jy7aey4lhz3ppadrwvtu3hlu9hv99h0m2j5zjgtfn93kmqs9lh7qcs,18000000,
0e8eba2ae55762b9ee313547a255d88c922750750b35f1479200d131b988c819,2023-11-28T06:02:02.880000,received,kaspa:qpw309ql97qqj6zc80wuq0pw64sw4n2l0jhq3lpx7amn38z4s02tj0dhumqnq,19000000,
