tx_id,timestamp,direction,peer_address,amount_sompi,cex_label
bde51d571a0e73ec887fc7255a5bd1e4bf4445aff4ff5dbbeeca89b947322223,2023-12-16T04:36:53.964000,sent,kaspa:qzslgwenzu78t6tldlng383g7ruu4enaljmnkgaulyrscjp7ldt26x8gfxck5,171940000,
bde51d571a0e73ec887fc7255a5bd1e4bf4445aff4ff5dbbeeca89b947322223,2023-12-16T04:36:53.964000,sent,kaspa:qzslgwenzu78t6tldlng383g7ruu4enaljmnkgaulyrscjp7ldt26x8gfxck5,171940000,
29a246e8d0fe36849a05bee4d25bcccac971861032790eb7d501b09971fe72ae,2023-12-12T18:21:49.670000,received,kaspa:qypswxtcrv4ssyjaswy5w9387vq73mkuyq85tl34cee6qn5uexqy0csgnafnjx7,171000000,
b6e6b85b49245fc6decaf7d073c5b9461bcf7bb04fed956374d859286e0ad444,2023-11-29T07:16:14.957000,sent,kaspa:qyp6saluw5j3z9d7llkceujcxem3p0n7a05cgps80ykw648hcxmdsggy0aqwv30,18000000,
cb5c2ff70c6b670fd5a807f8012c6309dd2a859e6b37cb5583fc4455aac4ff92,2023-11-29T02:24:15.425000,received,kaspa:qpdjqjhljgwecx97gmu3ppt82k6utc6sqn6t9wv53y3gqxj7vk6e53az8qzhz,19000000,
