tx_id,timestamp,direction,peer_address,amount_sompi,cex_label
d5214be59de13ae9c95b946d7fb9766416bd9dfe1ae766f2a5c2b22b3bd7850d,2023-12-16T05:04:39.193000,sent,kaspa:qzslgwenzu78t6tldlng383g7ruu4enaljmnkgaulyrscjp7ldt26x8gfxck5,171940000,
d5214be59de13ae9c95b946d7fb9766416bd9dfe1ae766f2a5c2b22b3bd7850d,2023-12-16T05:04:39.193000,sent,kaspa:qzslgwenzu78t6tldlng383g7ruu4enaljmnkgaulyrscjp7ldt26x8gfxck5,171940000,
da9eb5a108346560c792c95ea2dd8cd3f2319da6b654d1c1d141e8ec8f37aa3e,2023-12-13T03:24:06.362000,received,kaspa:qypswxtcrv4ssyjaswy5w9387vq73mkuyq85tl34cee6qn5uexqy0csgnafnjx7,171000000,
d5c6420ca936480fff5e9beb5fd5d3caec7c0dc590d435c2cbed6a99636ba546,2023-11-29T18:38:15.093000,sent,kaspa:qyp4ce0tfkjzx24faec84scgs2wx5vsfcvlegrh4y82uf0jw4yv0qscakxdcf9c,18000000,
483e346609b44fafe0e42ab6a39d2e18249e1d6cdcb0bd282b5b356e5b27cb49,2023-11-28T21:40:31.115000,received,kaspa:qr4l6ccrnequlsgxdtfmc748wfv0dlcywwh86sweqrn68kve6kptwajp8fk3g,19000000,
