tx_id,timestamp,direction,peer_address,amount_sompi,cex_label
ba8bd24fae78ce40423df6a6f81b9e8a7dc7c1ae3025d6bf49678693f4747302,2025-02-02T08:38:03.740000,sent,kaspa:qrydc978vezrrtcdl2k553qs4mehqxnmnfd3hfp9jhzplmeq5h44wdlh8kcr2,200000000000,
ba8bd24fae78ce40423df6a6f81b9e8a7dc7c1ae3025d6bf49678693f4747302,2025-02-02T08:38:03.740000,sent,kaspa:qqnj9emyrpv2agztg05m9p2ky7sv6kum5tftgchldr35szmj0qn8smcjrsp33,1823932632970,
ec4ea3df05661e31a4857fd0b58411129ffea3b6aa2154bd4e6e4b6044c25357,2025-02-01T16:54:33.350000,sent,kaspa:qrc96hl6p7289ztmpezqwnkn8wec9c3jhkzam3tls5mjggawz0fjklsuhqykg,226500000000,
ec4ea3df05661e31a4857fd0b58411129ffea3b6aa2154bd4e6e4b6044c25357,2025-02-01T16:54:33.350000,sent,kaspa:qp5w8rsquq6fazrkyecz878xal7t2glgw26m624uvvjdfvu532l9ytqg6nxkd,1949037123970,
85e5f56f9cfd7384091636009bd0ee82f83aa3daf8c19c4e1f6cf283b2c2da00,2025-01-16T13:42:22.061000,sent,kaspa:qzryjwa9echnedhwge8ssmdzaq3t5mvmh6wmsfc5la6zvuert3z37cdr2whdw,764500000000,
85e5f56f9cfd7384091636009bd0ee82f83aa3daf8c19c4e1f6cf283b2c2da00,2025-01-16T13:42:22.061000,sent,kaspa:qqdekkmrx60ky7c0262hrtu5uc62d4sprhr9umkv2ndltm2e3efyg2jm9n2py,1926785579970,
4f53fefb5829e09aba74061362ccdbe5af52808435d19e5b5c6e1aee063de1e1,2025-01-14T15:25:47.157000,received,kaspa:qrvum29vk365g0zcd5gx3c7h829etfq2ytdmscjzw4zw04fjfnprcg9c3tges,74895529000,
a5d36fcc7db46bec236c653a88a7dcd50f2601128cc86d0940db64522f9bba61,2025-01-14T14:53:33.743000,received,kaspa:qrvum29vk365g0zcd5gx3c7h829etfq2ytdmscjzw4zw04fjfnprcg9c3tges,104760634000,
e6ed94713edc0372e36f0506b7e06878fda0cae4a6a8c716f0e6c396a44f4304,2025-01-14T09:38:26.587000,received,kaspa:qrvum29vk365g0zcd5gx3c7h829etfq2ytdmscjzw4zw04fjfnprcg9c3tges,285146068000,
fc7337af556c991ca8174025d250ce0f6e7e06596368a0963c0bc9faadfd8944,2025-01-09T20:35:25.390000,sent,kaspa:qzryjwa9echnedhwge8ssmdzaq3t5mvmh6wmsfc5la6zvuert3z37cdr2whdw,470000000000,
fc7337af556c991ca8174025d250ce0f6e7e06596368a0963c0bc9faadfd8944,2025-01-09T20:35:25.390000,sent,kaspa:qzah77et945d7h4ee4787nlf2jz8m0h3pnkgl4pgv56u7ymysexwu9w7cpg4a,2506139541970,
2efa93e1a0a8a81ade9ec87201c834d44da2b3c5a645c5df034fdbea78e558a3,2025-01-09T14:27:14.268000,received,kaspa:qrvum29vk365g0zcd5gx3c7h829etfq2ytdmscjzw4zw04fjfnprcg9c3tges,1669934211000,
6d613827113feadd39ca660695ffdebfdfd2c7cb4bc89b9ac4f7224d59a07c61,2025-01-03T17:25:22.201000,sent,kaspa:qzryjwa9echnedhwge8ssmdzaq3t5mvmh6wmsfc5la6zvuert3z37cdr2whdw,150000000000,
6d613827113feadd39ca660695ffdebfdfd2c7cb4bc89b9ac4f7224d59a07c61,2025-01-03T17:25:22.201000,sent,kaspa:qpc0ak5udh8eg9mcxg9yvdmk0dma75en8z5wm0nz8wnx22ez5ahrssxxuv6fz,2866205380970,
7fe47581486def8e6cb0bd288d92512ada8f0e3df7eca98af1108f44314e0d20,2024-12-29T19:28:26.476000,received,kaspa:qrvum29vk365g0zcd5gx3c7h829etfq2ytdmscjzw4zw04fjfnprcg9c3tges,3011485400970,
132b52b27560fd6fe8c6002cdd1b790755355bfd322b46ca779a8ac486d9a681,2024-08-29T13:47:41.906000,sent,kaspa:qzvpjk6swqwxwwq9r3vjc7xf4fmurzw4scaewjaexs3c6zgx7n4p60780qxgy,200000000000,
132b52b27560fd6fe8c6002cdd1b790755355bfd322b46ca779a8ac486d9a681,2024-08-29T13:47:41.906000,sent,kaspa:qq733p4xk7yq4nm6ugmykppfja3ytqz3pd03y762fj5a5pkz2wjzsq42y58sd,999899990000,
f23ea07a3ad10e1b893b1d172dc0c73dbc7b0df97dfc2ed5411b943a7a75d2d5,2024-08-28T18:35:01.669000,received,kaspa:qrvum29vk365g0zcd5gx3c7h829etfq2ytdmscjzw4zw04fjfnprcg9c3tges,1199900000000,
13d46856f8daf1dc5fe54ca22a43902dfa015a2d5f1ac3bcab09a6e69178fb8a,2024-08-27T08:44:30.309000,sent,kaspa:qzryjwa9echnedhwge8ssmdzaq3t5mvmh6wmsfc5la6zvuert3z37cdr2whdw,70000000000,
13d46856f8daf1dc5fe54ca22a43902dfa015a2d5f1ac3bcab09a6e69178fb8a,2024-08-27T08:44:30.309000,sent,kaspa:qpau0v9d0er57kvnc044vmvcy4ueta0q09n6cf5dzzp8kv2rvt427pgptcv9k,429899990000,
a82c86f91188563b610fb22f17ddfb60449c0835e3fe92b0f2fc6946925b19d5,2024-08-12T23:08:48.937000,sent,kaspa:qzryjwa9echnedhwge8ssmdzaq3t5mvmh6wmsfc5la6zvuert3z37cdr2whdw,1000100000000,
a82c86f91188563b610fb22f17ddfb60449c0835e3fe92b0f2fc6946925b19d5,2024-08-12T23:08:48.937000,sent,kaspa:qrhm0hynstc55z66lp799v289muh4sp5jtg6d9e0dtkmyuyq59qf6em85sq45,999799980000,
a82c86f91188563b610fb22f17ddfb60449c0835e3fe92b0f2fc6946925b19d5,2024-08-12T23:08:48.937000,sent,kaspa:qzryjwa9echnedhwge8ssmdzaq3t5mvmh6wmsfc5la6zvuert3z37cdr2whdw,1000100000000,
a82c86f91188563b610fb22f17ddfb60449c0835e3fe92b0f2fc6946925b19d5,2024-08-12T23:08:48.937000,sent,kaspa:qrhm0hynstc55z66lp799v289muh4sp5jtg6d9e0dtkmyuyq59qf6em85sq45,999799980000,
72f603dacf2831a65cbc50c3bc40afb6f4612cc1f6dc87ed37a6ba5002d75a95,2024-08-12T20:21:03.668000,received,kaspa:qrvum29vk365g0zcd5gx3c7h829etfq2ytdmscjzw4zw04fjfnprcg9c3tges,1000000000000,
43b2739c35cc4bac9d268f90efced3af31f453b3ed3a88aec5285950ce045233,2024-08-11T22:24:21.755000,sent,kaspa:qzryjwa9echnedhwge8ssmdzaq3t5mvmh6wmsfc5la6zvuert3z37cdr2whdw,1000000000000,
43b2739c35cc4bac9d268f90efced3af31f453b3ed3a88aec5285950ce045233,2024-08-11T22:24:21.755000,sent,kaspa:qz50cqkgv05hzx95q427k5ydhwcpe9mtpv2473u847gwghk3su3cqk6au7jen,482919810000,
a2963ec87183b259a2ba07012ddb97498583b37d728b356a661efae0c4dd3394,2024-08-11T09:21:26.142000,received,kaspa:qrvum29vk365g0zcd5gx3c7h829etfq2ytdmscjzw4zw04fjfnprcg9c3tges,999900000000,
cf09890824f44b8db1534b86ef934f00cb7fe772f32b7cb226166b1b6b77b976,2024-08-07T05:43:31.488000,received,kaspa:qrvum29vk365g0zcd5gx3c7h829etfq2ytdmscjzw4zw04fjfnprcg9c3tges,499900000000,
f2e5b53e7bc3a61494233a0168164322a07f6e0f90ff6f7458cebc64fcad5282,2024-08-05T17:30:19.798000,sent,kaspa:qzryjwa9echnedhwge8ssmdzaq3t5mvmh6wmsfc5la6zvuert3z37cdr2whdw,1494000000000,
f2e5b53e7bc3a61494233a0168164322a07f6e0f90ff6f7458cebc64fcad5282,2024-08-05T17:30:19.798000,sent,kaspa:qr3amjzkdp253rtkalerw2lpvapkyp7z0lxh5kfkxa39awpdfg36uh9dc75dj,505899990000,
0c5db9e298267653e4d4f1acfd1f5cd4d62c6d802034d2660aae096b9786cc85,2024-08-05T16:14:46.814000,received,kaspa:qqt0gw5s6dzwzga2a3l40j0xlyfr7dmgpln9svfx4xst06h9wxcp6a5upfvf4,1482919820000,
a48add74abc3d481fcac530c2dd1fbc555357e5620fb796c5b46db2302e0a06e,2024-08-05T14:49:28.958000,received,kaspa:qrvum29vk365g0zcd5gx3c7h829etfq2ytdmscjzw4zw04fjfnprcg9c3tges,1999900000000,
a48add74abc3d481fcac530c2dd1fbc555357e5620fb796c5b46db2302e0a06e,2024-08-05T14:49:28.958000,received,kaspa:qpn0uvvdsgv2k4jrysfcxw74wex549fr8857apkvxh2qrh6vxlxqktpcdj8ax,1999900000000,
a48add74abc3d481fcac530c2dd1fbc555357e5620fb796c5b46db2302e0a06e,2024-08-05T14:49:28.958000,received,kaspa:qrvum29vk365g0zcd5gx3c7h829etfq2ytdmscjzw4zw04fjfnprcg9c3tges,1999900000000,
a48add74abc3d481fcac530c2dd1fbc555357e5620fb796c5b46db2302e0a06e,2024-08-05T14:49:28.958000,received,kaspa:qrvum29vk365g0zcd5gx3c7h829etfq2ytdmscjzw4zw04fjfnprcg9c3tges,1999900000000,
a48add74abc3d481fcac530c2dd1fbc555357e5620fb796c5b46db2302e0a06e,2024-08-05T14:49:28.958000,received,kaspa:qrvum29vk365g0zcd5gx3c7h829etfq2ytdmscjzw4zw04fjfnprcg9c3tges,1999900000000,
a48add74abc3d481fcac530c2dd1fbc555357e5620fb796c5b46db2302e0a06e,2024-08-05T14:49:28.958000,received,kaspa:qrvum29vk365g0zcd5gx3c7h829etfq2ytdmscjzw4zw04fjfnprcg9c3tges,1999900000000,
a48add74abc3d481fcac530c2dd1fbc555357e5620fb796c5b46db2302e0a06e,2024-08-05T14:49:28.958000,received,kaspa:qrvum29vk365g0zcd5gx3c7h829etfq2ytdmscjzw4zw04fjfnprcg9c3tges,1999900000000,
a48add74abc3d481fcac530c2dd1fbc555357e5620fb796c5b46db2302e0a06e,2024-08-05T14:49:28.958000,received,kaspa:qrvum29vk365g0zcd5gx3c7h829etfq2ytdmscjzw4zw04fjfnprcg9c3tges,1999900000000,
a48add74abc3d481fcac530c2dd1fbc555357e5620fb796c5b46db2302e0a06e,2024-08-05T14:49:28.958000,received,kaspa:qrvum29vk365g0zcd5gx3c7h829etfq2ytdmscjzw4zw04fjfnprcg9c3tges,1999900000000,
a48add74abc3d481fcac530c2dd1fbc555357e5620fb796c5b46db2302e0a06e,2024-08-05T14:49:28.958000,received,kaspa:qrvum29vk365g0zcd5gx3c7h829etfq2ytdmscjzw4zw04fjfnprcg9c3tges,1999900000000,
a48add74abc3d481fcac530c2dd1fbc555357e5620fb796c5b46db2302e0a06e,2024-08-05T14:49:28.958000,received,kaspa:qrvum29vk365g0zcd5gx3c7h829etfq2ytdmscjzw4zw04fjfnprcg9c3tges,1999900000000,
8fe8d450ef70abf35b62aeed4688afb365c5f101475bf3a877571fb2ded8d870,2024-07-04T10:14:13.677000,sent,kaspa:qzvpjk6swqwxwwq9r3vjc7xf4fmurzw4scaewjaexs3c6zgx7n4p60780qxgy,175000000000,
8fe8d450ef70abf35b62aeed4688afb365c5f101475bf3a877571fb2ded8d870,2024-07-04T10:14:13.677000,sent,kaspa:qpcqap29kja73sdxvcguep7kpv2y5uf0l2wqjy7g7m2ahdjxcmquy9ha38prq,108448660000,
7aebbd6dc6bc3f6dcb522a17a955b2220926462245a8508a032fb777ddf3f540,2024-06-12T13:51:42.251000,sent,kaspa:qzryjwa9echnedhwge8ssmdzaq3t5mvmh6wmsfc5la6zvuert3z37cdr2whdw,50000000000,
7aebbd6dc6bc3f6dcb522a17a955b2220926462245a8508a032fb777ddf3f540,2024-06-12T13:51:42.251000,sent,kaspa:qqxk6ynsemvz2zgzsspwhqmztg7nn7eenhv6guqk9ald2wfpz0ua5npn5s4kg,649899990000,
0b3ceff1e78a63d11cc8b9745bfd50502a135fdb25b62ece52c2a838086a5669,2024-06-09T13:01:08.380000,sent,kaspa:qzryjwa9echnedhwge8ssmdzaq3t5mvmh6wmsfc5la6zvuert3z37cdr2whdw,190000000000,
0b3ceff1e78a63d11cc8b9745bfd50502a135fdb25b62ece52c2a838086a5669,2024-06-09T13:01:08.380000,sent,kaspa:qp7hwjtfxel2y0gjvll7gqevmguhxq2k0zc8hleqhk0rlf8vcq462auzy4lrh,513714775000,
0f97f882cd711701b8b0146f0d5f047a9882d0a307504246647ce14a4264bfd2,2024-05-21T10:26:17.655000,sent,kaspa:qzryjwa9echnedhwge8ssmdzaq3t5mvmh6wmsfc5la6zvuert3z37cdr2whdw,40000000000,
0f97f882cd711701b8b0146f0d5f047a9882d0a307504246647ce14a4264bfd2,2024-05-21T10:26:17.655000,sent,kaspa:qqe5q30rgz7h5g9vnyjxdk7ngrm3tshmrlvkuwupwplpen43st5dz7y6feu0g,2093878875000,
294ab7328c7011adc41cb4ca9c89da1314b5f7264d7c5c1f85f1215df877fee4,2024-05-16T08:48:07.058000,received,kaspa:qrvum29vk365g0zcd5gx3c7h829etfq2ytdmscjzw4zw04fjfnprcg9c3tges,703714785000,
b1f5912cabedfaf02fda3bfe6d639fb5035d175adcab77f7ecb304990e2bbc3d,2024-05-15T13:09:52.594000,received,kaspa:qp4us679pv3ecvc20namj7zcr32c7h65ft94mgx5lq4snt5ftyjwuqkc0rapl,699900000000,
04e8b89c98f21c26009623dfb302e0d89ec7d4519063806cbfe7bd6f24a2815c,2024-05-15T09:09:20.557000,received,kaspa:qrvum29vk365g0zcd5gx3c7h829etfq2ytdmscjzw4zw04fjfnprcg9c3tges,2133878885000,
6a083002e0eb3775893d384818e2adcfb049dfed15c2fd9152419d67dfd35419,2024-05-04T16:07:09.432000,sent,kaspa:qzryjwa9echnedhwge8ssmdzaq3t5mvmh6wmsfc5la6zvuert3z37cdr2whdw,300000000000,
6a083002e0eb3775893d384818e2adcfb049dfed15c2fd9152419d67dfd35419,2024-05-04T16:07:09.432000,sent,kaspa:qpat49tmfth75cyu829wv24ddw794rhde9y54ye7ttglhf9kqazjz7emmdgc7,900899990000,
676e44c02a4b073b12238769002aeab3a95d25f3bf2f93f8ac8f290d58217a1f,2024-05-01T09:29:04.731000,received,kaspa:qrvum29vk365g0zcd5gx3c7h829etfq2ytdmscjzw4zw04fjfnprcg9c3tges,1200900000000,
a25a06f4ffd39c382b7fdd00bd8921c9960881ce93c3462ca8e376d48526c4f0,2024-04-28T13:02:33.506000,sent,kaspa:qzryjwa9echnedhwge8ssmdzaq3t5mvmh6wmsfc5la6zvuert3z37cdr2whdw,100000000000,
a25a06f4ffd39c382b7fdd00bd8921c9960881ce93c3462ca8e376d48526c4f0,2024-04-28T13:02:33.506000,sent,kaspa:qptht72865vy36ksgf96pg834e8m9mxe3r48fp4d0z52s8qqkh3rxd85grhm3,799999990000,
1a6a94fc73c8791b08d05d3633212fac6aeee1a58a44c86fc71c801f31fb63bf,2024-04-25T09:37:02.370000,sent,kaspa:qrzgpdyfe4lxusygk03t2r9uj3agkhjhuvzjkgqs9xzpyvmltptd6tgsadvcd,430000000000,
1a6a94fc73c8791b08d05d3633212fac6aeee1a58a44c86fc71c801f31fb63bf,2024-04-25T09:37:02.370000,sent,kaspa:qrlc8d7cp574y6net47nfjnlxk68dlmycf4l7p707v36wxcm2aurs3m8cqa02,1278334990000,
4e014429b4e3efc4446b9737e5f2f822b868616eb5f9215f1b2950d0d21788f7,2024-04-25T06:30:15.353000,received,kaspa:qrvum29vk365g0zcd5gx3c7h829etfq2ytdmscjzw4zw04fjfnprcg9c3tges,900000000000,
ea9b462b65d060cdd7b5f95897a6238fc69d310a8ab8c7586d481c967f0f4568,2024-04-24T07:11:44.798000,received,kaspa:qrvum29vk365g0zcd5gx3c7h829etfq2ytdmscjzw4zw04fjfnprcg9c3tges,1708335000000,
b4a8c1bb494e0f79c2ec37b955c4c10e458a9545d14b445038c80f03e20d2cd8,2024-04-20T14:36:26.466000,sent,kaspa:qzryjwa9echnedhwge8ssmdzaq3t5mvmh6wmsfc5la6zvuert3z37cdr2whdw,90000000000,
b4a8c1bb494e0f79c2ec37b955c4c10e458a9545d14b445038c80f03e20d2cd8,2024-04-20T14:36:26.466000,sent,kaspa:qqqw83y7alkycfj0qs0zctku37gu9wkltt2sr278yv4ssaxca3rzj3r0dss27,440266458000,
fd055e566d73f71a3aace4fafd9114d65653e0d3b044006b3d64d6fcafe7dcf4,2024-04-19T22:01:23.545000,received,kaspa:qrvum29vk365g0zcd5gx3c7h829etfq2ytdmscjzw4zw04fjfnprcg9c3tges,530266468000,
fd055e566d73f71a3aace4fafd9114d65653e0d3b044006b3d64d6fcafe7dcf4,2024-04-19T22:01:23.545000,received,kaspa:qrvum29vk365g0zcd5gx3c7h829etfq2ytdmscjzw4zw04fjfnprcg9c3tges,145034720000,
e3fb4a7ac4c40317c2170c5cd014cf1ae71c0e980a76fa692e359bf03338508b,2024-04-04T23:23:55.008000,sent,kaspa:qzvpjk6swqwxwwq9r3vjc7xf4fmurzw4scaewjaexs3c6zgx7n4p60780qxgy,200000000000,
e3fb4a7ac4c40317c2170c5cd014cf1ae71c0e980a76fa692e359bf03338508b,2024-04-04T23:23:55.008000,sent,kaspa:qqnkyfxhcslrdpnscqjfftdq07hd8dnge76zs6s77ad0w96v3dp6u8zk687ty,3330899990000,
256628127e40b809e7b9b2870a1d7f9f90f48619aa2978f62ba26bfd37c5f6f0,2024-04-04T12:40:41.403000,received,kaspa:qrvum29vk365g0zcd5gx3c7h829etfq2ytdmscjzw4zw04fjfnprcg9c3tges,3530900000000,
9d2258e696d67aee278a2588e2bece5c72442891844fd5f72eb00e14e7a71727,2024-03-21T11:24:31.633000,sent,kaspa:qzvpjk6swqwxwwq9r3vjc7xf4fmurzw4scaewjaexs3c6zgx7n4p60780qxgy,300000000000,
9d2258e696d67aee278a2588e2bece5c72442891844fd5f72eb00e14e7a71727,2024-03-21T11:24:31.633000,sent,kaspa:qpplqcew3xgcjn38sh7q8crefygverme6us89spagj4fzjv2s4qf22vyfxqyn,510899990000,
dfe3ff6389f77dc5e9129cab6ec3268fa0162370ffd38e8ca400bdf276c2b085,2024-03-17T09:27:37.719000,received,kaspa:qrvum29vk365g0zcd5gx3c7h829etfq2ytdmscjzw4zw04fjfnprcg9c3tges,810900000000,
f1557915498c339cf698d7e595f6b04d23a4196de5f553276c6bb5f02d0cb4c8,2024-02-29T06:44:39.762000,sent,kaspa:qzryjwa9echnedhwge8ssmdzaq3t5mvmh6wmsfc5la6zvuert3z37cdr2whdw,680000000000,
f1557915498c339cf698d7e595f6b04d23a4196de5f553276c6bb5f02d0cb4c8,2024-02-29T06:44:39.762000,sent,kaspa:qqk8u53kep25xu37qyaq3njjq2vxdcs6xzu2gswkxm3pz4932zweu627fpqhf,187726859,
620dabebd4d433e756725b4e7d69592a485d9f6b175a4937eb02d095749d12e2,2024-02-19T12:02:57.111000,sent,kaspa:qzryjwa9echnedhwge8ssmdzaq3t5mvmh6wmsfc5la6zvuert3z37cdr2whdw,150000000000,
620dabebd4d433e756725b4e7d69592a485d9f6b175a4937eb02d095749d12e2,2024-02-19T12:02:57.111000,sent,kaspa:qqan48ls6rewaypprl6hjnm9qeetp4a256vumvd7wjkhserzxpt86gjxtelvt,1553041922,
a82bb3785ba6e4400277d30c853f37dbd8168575831eea4c844fd1b4a43b0202,2024-02-12T00:57:40.499000,received,kaspa:qrvum29vk365g0zcd5gx3c7h829etfq2ytdmscjzw4zw04fjfnprcg9c3tges,3400000000,
bc8098678de63f52e449da6706165d13ff076bfe391a1b57b75bfefbd3a43778,2024-02-09T16:57:48.057000,sent,kaspa:qqnxk7k60m6hlvkghce6ked7pdl054pydxl4g33u0rj5wcd0l07tk8z857uht,5000000000,
bc8098678de63f52e449da6706165d13ff076bfe391a1b57b75bfefbd3a43778,2024-02-09T16:57:48.057000,sent,kaspa:qpg42n4327mn2r82kkwzyekkg80h4gg9qjwxcw5c9dxyx9kr9wdlxgctnup9h,207999990000,
4c702da6b98504d767d710f7b4bf0fa1d64b79e1dba9f0d1dd8e7c58018bb147,2024-02-07T08:41:41.343000,received,kaspa:qrvum29vk365g0zcd5gx3c7h829etfq2ytdmscjzw4zw04fjfnprcg9c3tges,213000000000,
dc38e19e8a2956df77c88c30aeff7b4031ee9ca5e4196fd869be438dfde6cdf2,2024-02-05T11:44:46.223000,sent,kaspa:qzryjwa9echnedhwge8ssmdzaq3t5mvmh6wmsfc5la6zvuert3z37cdr2whdw,685000000000,
dc38e19e8a2956df77c88c30aeff7b4031ee9ca5e4196fd869be438dfde6cdf2,2024-02-05T11:44:46.223000,sent,kaspa:qqtpx4wm585ymxh8dzmzthhedlfysfm50xlfehcd0x87qy9jv6lwyt05skgh9,2026910299,
dc38e19e8a2956df77c88c30aeff7b4031ee9ca5e4196fd869be438dfde6cdf2,2024-02-05T11:44:46.223000,sent,kaspa:qzryjwa9echnedhwge8ssmdzaq3t5mvmh6wmsfc5la6zvuert3z37cdr2whdw,685000000000,
dc38e19e8a2956df77c88c30aeff7b4031ee9ca5e4196fd869be438dfde6cdf2,2024-02-05T11:44:46.223000,sent,kaspa:qqtpx4wm585ymxh8dzmzthhedlfysfm50xlfehcd0x87qy9jv6lwyt05skgh9,2026910299,
dc38e19e8a2956df77c88c30aeff7b4031ee9ca5e4196fd869be438dfde6cdf2,2024-02-05T11:44:46.223000,sent,kaspa:qzryjwa9echnedhwge8ssmdzaq3t5mvmh6wmsfc5la6zvuert3z37cdr2whdw,685000000000,
dc38e19e8a2956df77c88c30aeff7b4031ee9ca5e4196fd869be438dfde6cdf2,2024-02-05T11:44:46.223000,sent,kaspa:qqtpx4wm585ymxh8dzmzthhedlfysfm50xlfehcd0x87qy9jv6lwyt05skgh9,2026910299,
44e232d5ce40edbcd924255723dec2faa8767eec89ae22946f52137155283635,2024-02-04T23:22:09.190000,received,kaspa:qrvum29vk365g0zcd5gx3c7h829etfq2ytdmscjzw4zw04fjfnprcg9c3tges,199900000000,
43bcaf8d31e3d95281b06dbde26b01b71f7f3f9f8c7f2b6981e0b07495e796f1,2024-01-31T13:35:40.152000,received,kaspa:qrvum29vk365g0zcd5gx3c7h829etfq2ytdmscjzw4zw04fjfnprcg9c3tges,199900000000,
6d4ba427f48f757b542cce01c48c06de846468053726ca04340e0571d6ea9fdf,2024-01-29T09:51:59.724000,received,kaspa:qrvum29vk365g0zcd5gx3c7h829etfq2ytdmscjzw4zw04fjfnprcg9c3tges,66538662000,
4a4449b034a31c1844750d8bee8986e784854875314173f3c1fb843257c34dc9,2024-01-26T14:01:19.197000,sent,kaspa:qzryjwa9echnedhwge8ssmdzaq3t5mvmh6wmsfc5la6zvuert3z37cdr2whdw,200000000000,
4a4449b034a31c1844750d8bee8986e784854875314173f3c1fb843257c34dc9,2024-01-26T14:01:19.197000,sent,kaspa:qq4hwxzrx9gputs0sq5gl7c48jp5fglsk2xmpqsccedvk7vpg7w0vaazryqcc,650193535000,
50949c3994f7b22fdb5c18a4c6d1a175d95e5d0ed7b88cd72d44d125167ba505,2024-01-13T09:30:56.591000,received,kaspa:qplj0xdafvpt0u9tkwereeflhnx26um6f0t44vx3vw54n606mcfpwe83g2a6a,850193545000,
b551857f2f0954a954ae9341697d32715e050e628bba754009dbb173aeffaa1a,2024-01-13T09:26:26.523000,received,kaspa:qzwdla2q3rx8e2725aw3g87y493kqp8vglwtwdjswsd3ralkewgfvjfg39qrl,10100000000,
c639f3053b04a4c25fd69a47ae19bedefbad613ceb7ed805c269163a618b899f,2023-10-28T14:09:33.165000,sent,kaspa:qzryjwa9echnedhwge8ssmdzaq3t5mvmh6wmsfc5la6zvuert3z37cdr2whdw,1408000000000,
c639f3053b04a4c25fd69a47ae19bedefbad613ceb7ed805c269163a618b899f,2023-10-28T14:09:33.165000,sent,kaspa:qqr22gu2drp9qxr4c7qk2np6tpv7ywjmxe96m2xp0sx043t9ju8tjjm70yxda,730280999,
c0a098dd2ebd88be61b3bf1fa51c8596391206f97bf68e815fdc19fc1db382c5,2023-10-25T13:36:17.889000,received,kaspa:qrvum29vk365g0zcd5gx3c7h829etfq2ytdmscjzw4zw04fjfnprcg9c3tges,1189278431000,
cc2e0738fb0c931c6590d83f017c377ea2dd1374f54d7129594271ed74c038f8,2023-10-19T07:52:17.486000,sent,kaspa:qzw3mu5ejeumdr48uy8yxtcs2vms56c4wtf9p4rn9egp9rh39tmaylprq72ju,10000000,
cc2e0738fb0c931c6590d83f017c377ea2dd1374f54d7129594271ed74c038f8,2023-10-19T07:52:17.486000,sent,kaspa:qp3ksysu0j6hrar2ntzvf8ddfnyffzuzv56fuax3gmyy650d6h8lz7eqtsz43,263739876000,
cce5cdd22400de3e6fdd5047085b0ab5523cd69f7d0f37d0cb7cbf5e57161a6e,2023-10-16T13:29:56.206000,received,kaspa:qrvum29vk365g0zcd5gx3c7h829etfq2ytdmscjzw4zw04fjfnprcg9c3tges,263749886000,
022770dfe17b5e0acab25af54994062ee00cc23775fac00e4735b08253c299d3,2023-07-26T13:53:59.779000,sent,kaspa:qzvpjk6swqwxwwq9r3vjc7xf4fmurzw4scaewjaexs3c6zgx7n4p60780qxgy,2500000000000,
022770dfe17b5e0acab25af54994062ee00cc23775fac00e4735b08253c299d3,2023-07-26T13:53:59.779000,sent,kaspa:qrngft7ax4q6dth3nkmad758zz97lweurns0mmepp8uhhqt2pqxty74925j5y,132388970514,
df45cdce382416d42e24d362220fa867a7968fdee1f79def74e387e22bca197a,2023-02-26T22:15:53.807000,received,kaspa:qqxv64pckzapr094f4n3htjldcu0ys4yq4g3a8y6thtan9cy72k327n9vtgt5,331089000000,
