tx_id,timestamp,direction,peer_address,amount_sompi,cex_label
eaf339f4b2316c7d8a01406cc026b2f781736476de076380353e76e6d4fa51c6,2024-07-01T02:09:00.915000,sent,kaspa:qzlt0z2upw27r0p9hwyrvrjeeyw06c9sqjkdnk3zvda00f9mcqkz67g48xfvj,150000000000,
eaf339f4b2316c7d8a01406cc026b2f781736476de076380353e76e6d4fa51c6,2024-07-01T02:09:00.915000,sent,kaspa:qzlt0z2upw27r0p9hwyrvrjeeyw06c9sqjkdnk3zvda00f9mcqkz67g48xfvj,150000000000,
81dc2855c3d762197f4ce84db94a3485d9efdb2437948ed3a1cf09f76fcca0f0,2024-06-30T11:21:19.723000,received,kaspa:qq9zagcza4jt76eev9jl5z0nqhe0thcu7js8larktj4sle7lvgnw7sfcewlty,348179957772,
8947291f56ee7a6c4a7d963deebd1b3f03bbe8b3cf56cd3dd40badadc91ee7f6,2024-06-29T16:11:02.065000,sent,kaspa:qzlt0z2upw27r0p9hwyrvrjeeyw06c9sqjkdnk3zvda00f9mcqkz67g48xfvj,5000000000,
1f88d87d85a67bc613e6d2d16fbc6b466c14ca84b893efc05d855473fba4d0e0,2024-06-29T16:07:34.155000,received,kaspa:qq9zagcza4jt76eev9jl5z0nqhe0thcu7js8larktj4sle7lvgnw7sfcewlty,9234510985,
