tx_id,timestamp,direction,peer_address,amount_sompi,cex_label
c83bb2a6c7551f588027167ab9fa6f9e5391b29a19806f3f11fff13e67336e03,2023-12-16T04:52:53.202000,sent,kaspa:qzslgwenzu78t6tldlng383g7ruu4enaljmnkgaulyrscjp7ldt26x8gfxck5,171940000,
c83bb2a6c7551f588027167ab9fa6f9e5391b29a19806f3f11fff13e67336e03,2023-12-16T04:52:53.202000,sent,kaspa:qzslgwenzu78t6tldlng383g7ruu4enaljmnkgaulyrscjp7ldt26x8gfxck5,171940000,
0f16125a2ce4a94937b3533fae29d65703aecb9abce48cc2774d31dc426aa039,2023-12-12T23:20:09.597000,received,kaspa:qypswxtcrv4ssyjaswy5w9387vq73mkuyq85tl34cee6qn5uexqy0csgnafnjx7,171000000,
2ae0652fcc438b1f6955d2323eccef6850feac5f2e3a3e3a69f07984c1ed60d8,2023-11-29T14:52:54.997000,sent,kaspa:qyp4kf0p9fqug4swvzuktsxuuwtj3ke4uaez0nt5mhjux2wqskemtvchy0nt2l6,18000000,
bb387f93e090f3830b3ae9a2da324f41c6105ea1691b03ae72460881c8ea95c5,2023-11-27T20:07:12.738000,received,kaspa:qqrcr5cggyyldclcetquafmfz382dt6zft83pg3sz20wm2zegdceku03tecys,19000000,
