tx_id,timestamp,direction,peer_address,amount_sompi,cex_label
f88073a70f0ad7925b9e4645d6079960bdc2e2ae52a7e9396b9afb2b4128a49d,2023-11-24T06:51:01.196000,sent,kaspa:qq450vwjr7u77cu758apwd5sfvx0z0x0qs69dudl49fsryhgrxtyw68ep3d60,15689999994478,
f88073a70f0ad7925b9e4645d6079960bdc2e2ae52a7e9396b9afb2b4128a49d,2023-11-24T06:51:01.196000,sent,kaspa:qzvf2v9uyw84jugn8tq36rytr5xh3gk7vkp5smkjz4vs3w33k3uagzn3hhc79,699995862,
f88073a70f0ad7925b9e4645d6079960bdc2e2ae52a7e9396b9afb2b4128a49d,2023-11-24T06:51:01.196000,sent,kaspa:qq450vwjr7u77cu758apwd5sfvx0z0x0qs69dudl49fsryhgrxtyw68ep3d60,15689999994478,
f88073a70f0ad7925b9e4645d6079960bdc2e2ae52a7e9396b9afb2b4128a49d,2023-11-24T06:51:01.196000,sent,kaspa:qzvf2v9uyw84jugn8tq36rytr5xh3gk7vkp5smkjz4vs3w33k3uagzn3hhc79,699995862,
f88073a70f0ad7925b9e4645d6079960bdc2e2ae52a7e9396b9afb2b4128a49d,2023-11-24T06:51:01.196000,sent,kaspa:qq450vwjr7u77cu758apwd5sfvx0z0x0qs69dudl49fsryhgrxtyw68ep3d60,15689999994478,
f88073a70f0ad7925b9e4645d6079960bdc2e2ae52a7e9396b9afb2b4128a49d,2023-11-24T06:51:01.196000,sent,kaspa:qzvf2v9uyw84jugn8tq36rytr5xh3gk7vkp5smkjz4vs3w33k3uagzn3hhc79,699995862,
21362d0117d36fb02243ffa51ba6f862bb6cbba884073b40add3c5ab798e8794,2023-11-24T03:24:06.685000,received,kaspa:qpzpfwcsqsxhxwup26r55fd0ghqlhyugz8cp6y3wxuddc02vcxtjg75pspnwz,15685700000000,MEXC
50acec27b2b5fc0c132bdd9af0988eeb067e9a5f40dfd416e10c6d76d910a522,2023-11-24T03:22:07.634000,received,kaspa:qr47t22wa954ht06kpjwmv4cen9zc6a9q7svx4t3j053qdlefyn6gzq682uwp,999997931,
2df6140ec009939608cdd338d4679cdff508d90c9d895278478b50e84273e188,2023-11-24T03:20:37.230000,sent,kaspa:qr47t22wa954ht06kpjwmv4cen9zc6a9q7svx4t3j053qdlefyn6gzq682uwp,4000000000,
9f3867ae826d9b511b25b711b718c7fe4d4ba5132e234a7565b75699f6e19641,2023-11-24T03:19:04.157000,received,kaspa:qpzpfwcsqsxhxwup26r55fd0ghqlhyugz8cp6y3wxuddc02vcxtjg75pspnwz,5000000000,MEXC
