tx_id,timestamp,direction,peer_address,amount_sompi,cex_label
34a091136f245773b83f9fe6a6e25591f82724e29ea5176a5aa25bf8a17d454c,2023-12-16T04:26:16.033000,sent,kaspa:qzslgwenzu78t6tldlng383g7ruu4enaljmnkgaulyrscjp7ldt26x8gfxck5,171940000,
34a091136f245773b83f9fe6a6e25591f82724e29ea5176a5aa25bf8a17d454c,2023-12-16T04:26:16.033000,sent,kaspa:qzslgwenzu78t6tldlng383g7ruu4enaljmnkgaulyrscjp7ldt26x8gfxck5,171940000,
bac045485ca2de8ae3b3ad4c57ad3dcd889e5c85a7939014639e5f2c59f379d1,2023-12-12T21:35:31.991000,received,kaspa:qypswxtcrv4ssyjaswy5w9387vq73mkuyq85tl34cee6qn5uexqy0csgnafnjx7,171000000,
f190ffab9974dfa69683f9f20b3e56dc3554168a66e5df3eccc5dc0d5430b2c7,2023-11-29T13:07:12.670000,sent,kaspa:qypxpz99hley97t5hltzesmq63ratnja58j05j29vkvdk6va2hwgq5sy50c0p3u,18000000,
76bd97dee1f23212687c12b23960e541bf868dedd20648d78366addf28b26771,2023-11-29T07:29:41.407000,received,kaspa:qqxrda0n7wx2zyhkxu2gx3hc5mraf7l7h90szkz8vrs4sa9cf0hvc6ysg6shy,19000000,
