tx_id,timestamp,direction,peer_address,amount_sompi,cex_label
e2c11856eefda7c040631bd6676d4a516085f2c155c727b0ae60b196c19195b7,2023-12-16T05:10:00.562000,sent,kaspa:qzslgwenzu78t6tldlng383g7ruu4enaljmnkgaulyrscjp7ldt26x8gfxck5,171940000,
e2c11856eefda7c040631bd6676d4a516085f2c155c727b0ae60b196c19195b7,2023-12-16T05:10:00.562000,sent,kaspa:qzslgwenzu78t6tldlng383g7ruu4enaljmnkgaulyrscjp7ldt26x8gfxck5,171940000,
58e4d5393046face043afbe0478a3e433bef748f1865bdff18e4e3b75c483cb9,2023-12-13T05:17:06.656000,received,kaspa:qypswxtcrv4ssyjaswy5w9387vq73mkuyq85tl34cee6qn5uexqy0csgnafnjx7,171000000,
867707f6f2dc29d53c410dc8120407b9fff2b91a6f43455c96a1e84463dac07b,2023-11-29T21:15:23.127000,sent,kaspa:qyp2fj3de6gww9x02j9mud3ukqrttxzg6w8uw9y5zga2yf3gvjzhplcwu80laa2,18000000,
38304109dd412b13b220861880e22729e2040a5d3f9f34cdbebc61b0193aec98,2023-11-29T15:45:41.082000,received,kaspa:qr59q6py2mlzhpjhue93cscnwxw8cdpa3edz9qn5g59vp7rfhpancus22ncpe,19000000,
