tx_id,timestamp,direction,peer_address,amount_sompi,cex_label
3113f5fd344e6b7c6a5078930c1e34c2bd84bdf151755c06298424f16840674c,2023-12-14T04:19:02.888000,sent,kaspa:qptlsmde9szgf75jrx94svrjzttysp4z7vn7830468cdgnaqt8m0qf9cmj7vx,170990000,
798b9da98e4132a7a85fdadbeb5b0cb2648603a724dde4c0d37012d45cb021ba,2023-12-12T19:07:01.365000,received,kaspa:qypswxtcrv4ssyjaswy5w9387vq73mkuyq85tl34cee6qn5uexqy0csgnafnjx7,171000000,
3578c14a060a923ee1b273eb3296309801de3d26af04b42e162c8c0561576a34,2023-11-29T09:45:55.919000,sent,kaspa:qptlsmde9szgf75jrx94svrjzttysp4z7vn7830468cdgnaqt8m0qf9cmj7vx,950715014,
bcc71a5aa76b32dd440acbc83ec27a71f8abafe8564279711a280d5268c4cf03,2023-11-29T08:38:06.912000,sent,kaspa:qyp8yfp4yjhsq2w5308v632phhanetpv5k28yhtry3necmqmvurgw6gxjczqxh3,18000000,
827f191997bd6abba5ed481ad8cb814d9828774ca4f8972b4fd642085ab8c640,2023-11-29T08:25:43.545000,received,kaspa:qzajmk7d3e2epz7h8vr9ugcz0lv4v3k2nx94telf0le0p25ktygnjwp8tsk9w,968735014,
