tx_id,timestamp,direction,peer_address,amount_sompi,cex_label
3db85b80e912ad20cb117b0a7898609ac9da2c8aa0e628a87db8ef8e4374dc5b,2024-08-14T19:39:54,sent,kaspa:qp66keaky7tqpk3vlpxg68pv4lmzcyaxxnpslavsp9eu86jpwjvlkz8jr238j,2889996780,
3db85b80e912ad20cb117b0a7898609ac9da2c8aa0e628a87db8ef8e4374dc5b,2024-08-14T19:39:54,sent,kaspa:qrdced9j0szfh874nn6ayjw7g7duuh9sgj8hzyqp4xl63gn6kyyk5p465fqxz,14631615,
caf436735017ca7cfbc9f58d0789554f2ddb27af5be567ea400bde4fdf3eb0fa,2024-08-12T06:00:44.107000,received,kaspa:qrkw86qghqk06psdtr8tymrwylxjd7qgv5wymx5g4wj4wre5p5z96ahye3ca2,11961979,
caf436735017ca7cfbc9f58d0789554f2ddb27af5be567ea400bde4fdf3eb0fa,2024-08-12T06:00:44.107000,received,kaspa:qr60htent3t2xhv92l0rtn27xkct8vgg6htnfwergdluuhj8yas8zaqlcgxu5,11961979,
