tx_id,timestamp,direction,peer_address,amount_sompi,cex_label
9365959595132fc511f745030b523181d2a0f4edcfbe297edf7c29e6d908964c,2024-01-02T04:51:23.860000,sent,kaspa:qqjhy5876jxwzz6d6v8usg8gkkhurrwgcu3ng2asqpv8pwhetgndsm62sul6k,42774278090,
9365959595132fc511f745030b523181d2a0f4edcfbe297edf7c29e6d908964c,2024-01-02T04:51:23.860000,sent,kaspa:qrzs0akr080clzndkaxhfw73mccrm84d24lpmj7jljl5ej53fwngwmv8gs466,2005800434018,
1c667476957044b78be51b3176234f1ec984c1093786b74996d425d503b43923,2024-01-02T04:50:20.634000,received,kaspa:qp4zlrzmye0m5snsw8kl7gn5t5n4ts455hywtxjxn5uz22yw0rwh2w9rxwv4f,2048574714177,
a7d6c6aa520b82c25105aa3f636d07410853bd05cf81657a26a9c66cea697fe2,2023-11-27T19:01:35.952000,sent,kaspa:qz4rz8qjdczy9ctazp535c7s3e542ax9g6txa3h45ylfe4r7sr4zuw4lahlwd,75938000000,
a7d6c6aa520b82c25105aa3f636d07410853bd05cf81657a26a9c66cea697fe2,2023-11-27T19:01:35.952000,sent,kaspa:qpgs3ywjrhst6r97eaal6g7lehpga6hgfm0gywczdk7gyq7hw0m4q9mpwyukl,1027440958587,
371fb16dd331a74bb8b5d817e23c607959f6a17bf58b8790add802fe03bc17ce,2023-11-27T18:58:17.953000,received,kaspa:qqpklsudtctsvhq6py6fndmlf6gfe6jy9rupd0l9qe77h5vkl6pj252jl0rnf,1103379960656,
