tx_id,timestamp,direction,peer_address,amount_sompi,cex_label
7747f2c841c3b8b21bc0a95e0f521da4d37ca652f9553d0ed4cbeb9ab4f70c5a,2023-12-16T03:22:22.699000,sent,kaspa:qzslgwenzu78t6tldlng383g7ruu4enaljmnkgaulyrscjp7ldt26x8gfxck5,171940000,
7747f2c841c3b8b21bc0a95e0f521da4d37ca652f9553d0ed4cbeb9ab4f70c5a,2023-12-16T03:22:22.699000,sent,kaspa:qzslgwenzu78t6tldlng383g7ruu4enaljmnkgaulyrscjp7ldt26x8gfxck5,171940000,
d1dfe54c323c1bf64b5324cba0f0712d467df26a52c4be9049f56adcd4f5d93a,2023-12-12T04:08:11.583000,received,kaspa:qypswxtcrv4ssyjaswy5w9387vq73mkuyq85tl34cee6qn5uexqy0csgnafnjx7,171000000,
5d7e3b766e17ecddcaaa1dc83e88d025e1e37180590ddbc31890c8e4f3c77c0c,2023-11-28T02:57:56.435000,sent,kaspa:qypuctxlpqkrqwphres76j0nyffs2nudgkjpuh7vmgwnuwluv64yg8sagdklr4y,18000000,
7260edfb19a8fafaf484b918da4a17c357628414ae2ddb8148d8f5ce86b6eda9,2023-11-28T02:35:28.416000,received,kaspa:qzgjznhauul6ynlssnt804gj3g8z0yyenwf9jya9cmjfmlseg3h76gy5urjdy,19000000,
