tx_id,timestamp,direction,peer_address,amount_sompi,cex_label
f635fe55acbcaef336de7e3c002e26f6e2f9dfbc4a5cf16e4530bbde539b1a0b,2024-12-19T04:02:03.007000,sent,kaspa:qpzpfwcsqsxhxwup26r55fd0ghqlhyugz8cp6y3wxuddc02vcxtjg75pspnwz,10000000000000,MEXC
f635fe55acbcaef336de7e3c002e26f6e2f9dfbc4a5cf16e4530bbde539b1a0b,2024-12-19T04:02:03.007000,sent,kaspa:qpjunp39ssazf4rzfxxu0hd35xggfxn6lq0ls9u9q6peevzcmcv4xmv9q4njd,741829640756249,
ff50bbe1289bda20967f91e1c336c020dee022303a76429755bfb770e113f7ce,2024-12-19T02:23:38.839000,received,kaspa:qzfgfkfvsf7v7j6al50q9mr2f2n6ahtrstem5aed2vnsyphzga4kvfysx3t3f,2500000000000,
ff50bbe1289bda20967f91e1c336c020dee022303a76429755bfb770e113f7ce,2024-12-19T02:23:38.839000,received,kaspa:qzfgfkfvsf7v7j6al50q9mr2f2n6ahtrstem5aed2vnsyphzga4kvfysx3t3f,2500000000000,
ff50bbe1289bda20967f91e1c336c020dee022303a76429755bfb770e113f7ce,2024-12-19T02:23:38.839000,received,kaspa:qzfgfkfvsf7v7j6al50q9mr2f2n6ahtrstem5aed2vnsyphzga4kvfysx3t3f,2500000000000,
ff50bbe1289bda20967f91e1c336c020dee022303a76429755bfb770e113f7ce,2024-12-19T02:23:38.839000,received,kaspa:qzfgfkfvsf7v7j6al50q9mr2f2n6ahtrstem5aed2vnsyphzga4kvfysx3t3f,2500000000000,
ff50bbe1289bda20967f91e1c336c020dee022303a76429755bfb770e113f7ce,2024-12-19T02:23:38.839000,received,kaspa:qzfgfkfvsf7v7j6al50q9mr2f2n6ahtrstem5aed2vnsyphzga4kvfysx3t3f,2500000000000,
ff50bbe1289bda20967f91e1c336c020dee022303a76429755bfb770e113f7ce,2024-12-19T02:23:38.839000,received,kaspa:qzfgfkfvsf7v7j6al50q9mr2f2n6ahtrstem5aed2vnsyphzga4kvfysx3t3f,2500000000000,
b42c4e527958afa788fa19dbcc155bcfd602f691ec8997c83b6acf99d3a31286,2024-12-17T01:00:36.374000,sent,kaspa:qpzpfwcsqsxhxwup26r55fd0ghqlhyugz8cp6y3wxuddc02vcxtjg75pspnwz,10000000000000,MEXC
b42c4e527958afa788fa19dbcc155bcfd602f691ec8997c83b6acf99d3a31286,2024-12-17T01:00:36.374000,sent,kaspa:qpjunp39ssazf4rzfxxu0hd35xggfxn6lq0ls9u9q6peevzcmcv4xmv9q4njd,871580669349,
8591cb13a4089d230b379cbcfca0d21b5d7cf0a61612b0f12d75d8f006d82c5e,2024-12-17T00:34:08.092000,sent,kaspa:qpzpfwcsqsxhxwup26r55fd0ghqlhyugz8cp6y3wxuddc02vcxtjg75pspnwz,10000000000000,MEXC
8591cb13a4089d230b379cbcfca0d21b5d7cf0a61612b0f12d75d8f006d82c5e,2024-12-17T00:34:08.092000,sent,kaspa:qpjunp39ssazf4rzfxxu0hd35xggfxn6lq0ls9u9q6peevzcmcv4xmv9q4njd,2433829056614967,
04b3b3f67e81df39b48d47530780ca083c759555dcb8aafda43909ca5d309a76,2024-12-15T22:40:08.360000,received,kaspa:qzfgfkfvsf7v7j6al50q9mr2f2n6ahtrstem5aed2vnsyphzga4kvfysx3t3f,1344900000000,
04b3b3f67e81df39b48d47530780ca083c759555dcb8aafda43909ca5d309a76,2024-12-15T22:40:08.360000,received,kaspa:qzfgfkfvsf7v7j6al50q9mr2f2n6ahtrstem5aed2vnsyphzga4kvfysx3t3f,1344900000000,
04b3b3f67e81df39b48d47530780ca083c759555dcb8aafda43909ca5d309a76,2024-12-15T22:40:08.360000,received,kaspa:qzfgfkfvsf7v7j6al50q9mr2f2n6ahtrstem5aed2vnsyphzga4kvfysx3t3f,1344900000000,
e29792f28b42ee96a5815443a0d95672c0b5a82b82815711490c0db7281e712f,2024-12-15T15:07:56.837000,received,kaspa:qzfgfkfvsf7v7j6al50q9mr2f2n6ahtrstem5aed2vnsyphzga4kvfysx3t3f,2038000000000,
e29792f28b42ee96a5815443a0d95672c0b5a82b82815711490c0db7281e712f,2024-12-15T15:07:56.837000,received,kaspa:qzfgfkfvsf7v7j6al50q9mr2f2n6ahtrstem5aed2vnsyphzga4kvfysx3t3f,2038000000000,
e29792f28b42ee96a5815443a0d95672c0b5a82b82815711490c0db7281e712f,2024-12-15T15:07:56.837000,received,kaspa:qzfgfkfvsf7v7j6al50q9mr2f2n6ahtrstem5aed2vnsyphzga4kvfysx3t3f,2038000000000,
e29792f28b42ee96a5815443a0d95672c0b5a82b82815711490c0db7281e712f,2024-12-15T15:07:56.837000,received,kaspa:qzfgfkfvsf7v7j6al50q9mr2f2n6ahtrstem5aed2vnsyphzga4kvfysx3t3f,2038000000000,
e29792f28b42ee96a5815443a0d95672c0b5a82b82815711490c0db7281e712f,2024-12-15T15:07:56.837000,received,kaspa:qzfgfkfvsf7v7j6al50q9mr2f2n6ahtrstem5aed2vnsyphzga4kvfysx3t3f,2038000000000,
e29792f28b42ee96a5815443a0d95672c0b5a82b82815711490c0db7281e712f,2024-12-15T15:07:56.837000,received,kaspa:qzfgfkfvsf7v7j6al50q9mr2f2n6ahtrstem5aed2vnsyphzga4kvfysx3t3f,2038000000000,
e29792f28b42ee96a5815443a0d95672c0b5a82b82815711490c0db7281e712f,2024-12-15T15:07:56.837000,received,kaspa:qzfgfkfvsf7v7j6al50q9mr2f2n6ahtrstem5aed2vnsyphzga4kvfysx3t3f,2038000000000,
e29792f28b42ee96a5815443a0d95672c0b5a82b82815711490c0db7281e712f,2024-12-15T15:07:56.837000,received,kaspa:qzfgfkfvsf7v7j6al50q9mr2f2n6ahtrstem5aed2vnsyphzga4kvfysx3t3f,2038000000000,
e29792f28b42ee96a5815443a0d95672c0b5a82b82815711490c0db7281e712f,2024-12-15T15:07:56.837000,received,kaspa:qzfgfkfvsf7v7j6al50q9mr2f2n6ahtrstem5aed2vnsyphzga4kvfysx3t3f,2038000000000,
e29792f28b42ee96a5815443a0d95672c0b5a82b82815711490c0db7281e712f,2024-12-15T15:07:56.837000,received,kaspa:qzfgfkfvsf7v7j6al50q9mr2f2n6ahtrstem5aed2vnsyphzga4kvfysx3t3f,2038000000000,
e29792f28b42ee96a5815443a0d95672c0b5a82b82815711490c0db7281e712f,2024-12-15T15:07:56.837000,received,kaspa:qzfgfkfvsf7v7j6al50q9mr2f2n6ahtrstem5aed2vnsyphzga4kvfysx3t3f,2038000000000,
9758632d0db717f9cd846df4291a3b96b9e687f988bb97229b676f517c630e1f,2024-12-13T20:00:35.313000,sent,kaspa:qpzpfwcsqsxhxwup26r55fd0ghqlhyugz8cp6y3wxuddc02vcxtjg75pspnwz,10000000000000,MEXC
9758632d0db717f9cd846df4291a3b96b9e687f988bb97229b676f517c630e1f,2024-12-13T20:00:35.313000,sent,kaspa:qpjunp39ssazf4rzfxxu0hd35xggfxn6lq0ls9u9q6peevzcmcv4xmv9q4njd,500400821984807,
9f451d197b9108ac2f8b8910ca80e637a12aea263918a578a0cead576a4261d9,2024-12-13T00:00:11.157000,received,kaspa:qr6w7a44kap33en0fpldthjn3077klat5xwlruccphzn9m9k4kh2j8gqr2vsx,2000000000000,
9f451d197b9108ac2f8b8910ca80e637a12aea263918a578a0cead576a4261d9,2024-12-13T00:00:11.157000,received,kaspa:qr6w7a44kap33en0fpldthjn3077klat5xwlruccphzn9m9k4kh2j8gqr2vsx,2000000000000,
bcff0be3b7217f10c5348e75dd3d63651f124066224a24a502c47c0c3528bb92,2024-12-07T00:49:33.241000,sent,kaspa:qpzpfwcsqsxhxwup26r55fd0ghqlhyugz8cp6y3wxuddc02vcxtjg75pspnwz,10000000000000,MEXC
bcff0be3b7217f10c5348e75dd3d63651f124066224a24a502c47c0c3528bb92,2024-12-07T00:49:33.241000,sent,kaspa:qpjunp39ssazf4rzfxxu0hd35xggfxn6lq0ls9u9q6peevzcmcv4xmv9q4njd,440427772229901,
0011e6c507bdf58c2f3577c2176e6492a9639655496ff9d4f739ace2a23174e8,2024-12-06T22:02:18.396000,received,kaspa:qr6w7a44kap33en0fpldthjn3077klat5xwlruccphzn9m9k4kh2j8gqr2vsx,3000000000000,
0011e6c507bdf58c2f3577c2176e6492a9639655496ff9d4f739ace2a23174e8,2024-12-06T22:02:18.396000,received,kaspa:qr6w7a44kap33en0fpldthjn3077klat5xwlruccphzn9m9k4kh2j8gqr2vsx,3000000000000,
a3d013509cb1154a4e15dc0c0568131a27b84c85f73d1fbffc329d015fd40cf5,2024-11-21T22:52:04.268000,sent,kaspa:qpzpfwcsqsxhxwup26r55fd0ghqlhyugz8cp6y3wxuddc02vcxtjg75pspnwz,10000000000000,MEXC
a3d013509cb1154a4e15dc0c0568131a27b84c85f73d1fbffc329d015fd40cf5,2024-11-21T22:52:04.268000,sent,kaspa:qpjunp39ssazf4rzfxxu0hd35xggfxn6lq0ls9u9q6peevzcmcv4xmv9q4njd,163843990116,
ce1102f9a9475d6b7f11803436c27746782ab6c233f898a33435c83947db216a,2024-11-21T22:37:34.691000,received,kaspa:qr6w7a44kap33en0fpldthjn3077klat5xwlruccphzn9m9k4kh2j8gqr2vsx,1000000000000,
3e0967c09d3ab58b5dd543e596818cea36856815e90bea5537522fde7176b513,2024-11-09T22:22:33.302000,sent,kaspa:qpzpfwcsqsxhxwup26r55fd0ghqlhyugz8cp6y3wxuddc02vcxtjg75pspnwz,10000000000000,MEXC
3e0967c09d3ab58b5dd543e596818cea36856815e90bea5537522fde7176b513,2024-11-09T22:22:33.302000,sent,kaspa:qpjunp39ssazf4rzfxxu0hd35xggfxn6lq0ls9u9q6peevzcmcv4xmv9q4njd,56616066892592,
52de3a719b7d3eef6212f3b87716998d38a75d76bcabf36a907629f94f965e8a,2024-11-09T22:17:21.240000,received,kaspa:qypqqq932nfqq2h8sgagnndmcjjmg597wavc8vxdsz5pdqccdta6krcwjp657zy,5000099988881,
52de3a719b7d3eef6212f3b87716998d38a75d76bcabf36a907629f94f965e8a,2024-11-09T22:17:21.240000,received,kaspa:qypqqq932nfqq2h8sgagnndmcjjmg597wavc8vxdsz5pdqccdta6krcwjp657zy,5000099988881,
7118cebe29484c52b1e877d37965589668ab38182e6a1e4705ae4075d8a29f54,2024-08-28T10:34:36.512000,sent,kaspa:qpzpfwcsqsxhxwup26r55fd0ghqlhyugz8cp6y3wxuddc02vcxtjg75pspnwz,2000000000000,MEXC
7118cebe29484c52b1e877d37965589668ab38182e6a1e4705ae4075d8a29f54,2024-08-28T10:34:36.512000,sent,kaspa:qpjunp39ssazf4rzfxxu0hd35xggfxn6lq0ls9u9q6peevzcmcv4xmv9q4njd,80591230121170198,
00465b21c55d71e31d8b093f16842f391b83b091896d0f051a489497360dcc62,2024-08-28T10:32:04.732000,sent,kaspa:qpzpfwcsqsxhxwup26r55fd0ghqlhyugz8cp6y3wxuddc02vcxtjg75pspnwz,2000000000000,MEXC
00465b21c55d71e31d8b093f16842f391b83b091896d0f051a489497360dcc62,2024-08-28T10:32:04.732000,sent,kaspa:qpjunp39ssazf4rzfxxu0hd35xggfxn6lq0ls9u9q6peevzcmcv4xmv9q4njd,80598353457655296,
348a500c2695b13907152fb3ab63229110944e8feb6540502ce115b65b79ffd9,2024-08-27T08:45:08.851000,sent,kaspa:qpzpfwcsqsxhxwup26r55fd0ghqlhyugz8cp6y3wxuddc02vcxtjg75pspnwz,2000000000000,MEXC
348a500c2695b13907152fb3ab63229110944e8feb6540502ce115b65b79ffd9,2024-08-27T08:45:08.851000,sent,kaspa:qpjunp39ssazf4rzfxxu0hd35xggfxn6lq0ls9u9q6peevzcmcv4xmv9q4njd,82794048662227511,
2f37466e952d938dab169f82703b04766d07b4fbfd3a2f729ca853a76030c413,2024-08-27T08:44:35.824000,received,kaspa:qypqqq932nfqq2h8sgagnndmcjjmg597wavc8vxdsz5pdqccdta6krcwjp657zy,5000230229381,
93e72e46f029f14a06cfa8a9df5e063cd6febf6a1f0fe75c18d4726625d0eb67,2024-08-26T04:39:35.321000,sent,kaspa:qpzpfwcsqsxhxwup26r55fd0ghqlhyugz8cp6y3wxuddc02vcxtjg75pspnwz,2000000000000,MEXC
93e72e46f029f14a06cfa8a9df5e063cd6febf6a1f0fe75c18d4726625d0eb67,2024-08-26T04:39:35.321000,sent,kaspa:qpjunp39ssazf4rzfxxu0hd35xggfxn6lq0ls9u9q6peevzcmcv4xmv9q4njd,83925171919306443,
160fa29afd60e3e408b9cd7367a349f1af27b7f22a3393c84b30eca567d6973a,2024-08-25T22:13:06.430000,sent,kaspa:qpzpfwcsqsxhxwup26r55fd0ghqlhyugz8cp6y3wxuddc02vcxtjg75pspnwz,2000000000000,MEXC
160fa29afd60e3e408b9cd7367a349f1af27b7f22a3393c84b30eca567d6973a,2024-08-25T22:13:06.430000,sent,kaspa:qpjunp39ssazf4rzfxxu0hd35xggfxn6lq0ls9u9q6peevzcmcv4xmv9q4njd,3999999980000,
787195a01b4051e8c0bae9c574b0df5fde9f26ab48ac672d031af6ea4d9f267e,2024-08-25T18:12:05.228000,sent,kaspa:qpzpfwcsqsxhxwup26r55fd0ghqlhyugz8cp6y3wxuddc02vcxtjg75pspnwz,2000000000000,MEXC
787195a01b4051e8c0bae9c574b0df5fde9f26ab48ac672d031af6ea4d9f267e,2024-08-25T18:12:05.228000,sent,kaspa:qpjunp39ssazf4rzfxxu0hd35xggfxn6lq0ls9u9q6peevzcmcv4xmv9q4njd,82782493256005327,
b35cac7bd99dc69bb0c4393f493bed40575af451a67e0e25f5b8096fc995a595,2024-08-25T16:39:48.835000,received,kaspa:qypqqq932nfqq2h8sgagnndmcjjmg597wavc8vxdsz5pdqccdta6krcwjp657zy,4000000000000,
56492c8c69e9d2793be0df003dff78d4d2e3fa550284ef5beabb983e9e5b92e0,2024-08-25T13:50:34.868000,sent,kaspa:qpzpfwcsqsxhxwup26r55fd0ghqlhyugz8cp6y3wxuddc02vcxtjg75pspnwz,2000000000000,MEXC
56492c8c69e9d2793be0df003dff78d4d2e3fa550284ef5beabb983e9e5b92e0,2024-08-25T13:50:34.868000,sent,kaspa:qpjunp39ssazf4rzfxxu0hd35xggfxn6lq0ls9u9q6peevzcmcv4xmv9q4njd,81198649164446519,
3aa9839faf5b650d1c7b56fa83709bec23e2d3939886f174a3126b2476a77a05,2024-08-25T13:14:05.789000,sent,kaspa:qpzpfwcsqsxhxwup26r55fd0ghqlhyugz8cp6y3wxuddc02vcxtjg75pspnwz,2000000000000,MEXC
3aa9839faf5b650d1c7b56fa83709bec23e2d3939886f174a3126b2476a77a05,2024-08-25T13:14:05.789000,sent,kaspa:qpjunp39ssazf4rzfxxu0hd35xggfxn6lq0ls9u9q6peevzcmcv4xmv9q4njd,7999999980000,
a56025a56965037afd1bb4220b9e2548c76608b71747763b083bec1f57fd2ce9,2024-08-25T12:41:06.910000,sent,kaspa:qpzpfwcsqsxhxwup26r55fd0ghqlhyugz8cp6y3wxuddc02vcxtjg75pspnwz,2000000000000,MEXC
a56025a56965037afd1bb4220b9e2548c76608b71747763b083bec1f57fd2ce9,2024-08-25T12:41:06.910000,sent,kaspa:qpjunp39ssazf4rzfxxu0hd35xggfxn6lq0ls9u9q6peevzcmcv4xmv9q4njd,80787649167186519,
d2e86ddaa0dfdb94482de89502f19d0e44a6a1bce43066d1ee71bb1716d215c8,2024-08-07T21:40:20.087000,received,kaspa:qypqqq932nfqq2h8sgagnndmcjjmg597wavc8vxdsz5pdqccdta6krcwjp657zy,5000000000000,
7db3ccc4acb35e837bde0b3b560ea0e56a9004114fcb59a706e0f7bbca7b4f4a,2024-08-05T10:36:11.334000,received,kaspa:qypqqq932nfqq2h8sgagnndmcjjmg597wavc8vxdsz5pdqccdta6krcwjp657zy,5000000000000,
103c5cc65538c6a715e37d0a4873ccd37286930847178ecc3eb59e5a9c2693d4,2024-08-05T09:01:27.426000,received,kaspa:qypqqq932nfqq2h8sgagnndmcjjmg597wavc8vxdsz5pdqccdta6krcwjp657zy,5000000000000,
84632c61f0fd0447e936919ec5937b085aecb4a0757e7e3e8a7b6776fbb6f599,2024-08-05T04:59:20.182000,received,kaspa:qypqqq932nfqq2h8sgagnndmcjjmg597wavc8vxdsz5pdqccdta6krcwjp657zy,3000000000000,
0f87be5884e4c59f26a8bc0642ba628b11f709b7acaf014bc64a6c45a1ba3bdf,2024-08-05T04:30:38.883000,received,kaspa:qypqqq932nfqq2h8sgagnndmcjjmg597wavc8vxdsz5pdqccdta6krcwjp657zy,2000000000000,
0f87be5884e4c59f26a8bc0642ba628b11f709b7acaf014bc64a6c45a1ba3bdf,2024-08-05T04:30:38.883000,received,kaspa:qypqqq932nfqq2h8sgagnndmcjjmg597wavc8vxdsz5pdqccdta6krcwjp657zy,2000000000000,
9cd98973a48ce46155968f1e2f48ed315f8ffa194ccab119a8fcedfe6c07f1e8,2024-07-03T23:24:24.051000,received,kaspa:qzmg558fk2fnk7t3hyx29787w94f9uu7lnjtx5g58prfef5cscsrz7mp42d6t,219246398979,
db57cad3a90b639255b551d3af1d85ab82a6b7d7c8048782483c5fc22ad613e8,2024-07-03T13:02:36.409000,received,kaspa:qpvdfd9f5nhwqtxq2xnx6v2aq2j20melygcmzzl69l0hg4f3daltqq28mkagz,219126096937,
7cb365cc63b25a15d3eaa4715abe47c202c2ca6e3b82957f468f2b40bed18c28,2024-06-24T11:23:05.745000,sent,kaspa:qpzpfwcsqsxhxwup26r55fd0ghqlhyugz8cp6y3wxuddc02vcxtjg75pspnwz,2000000000000,MEXC
7cb365cc63b25a15d3eaa4715abe47c202c2ca6e3b82957f468f2b40bed18c28,2024-06-24T11:23:05.745000,sent,kaspa:qpjunp39ssazf4rzfxxu0hd35xggfxn6lq0ls9u9q6peevzcmcv4xmv9q4njd,20071922303201356,
87d2d44b54a35f32690d4bdae90fb5362188857b6e767d60d2f17fccaadbf0e0,2024-06-24T11:22:04.363000,sent,kaspa:qpzpfwcsqsxhxwup26r55fd0ghqlhyugz8cp6y3wxuddc02vcxtjg75pspnwz,2000000000000,MEXC
87d2d44b54a35f32690d4bdae90fb5362188857b6e767d60d2f17fccaadbf0e0,2024-06-24T11:22:04.363000,sent,kaspa:qpjunp39ssazf4rzfxxu0hd35xggfxn6lq0ls9u9q6peevzcmcv4xmv9q4njd,20073719342723398,
84aca9be398d888597c6e68a21b2ae3ab430683d7b220817d921ca42c87e9d67,2024-06-24T11:18:35.294000,received,kaspa:qpvdfd9f5nhwqtxq2xnx6v2aq2j20melygcmzzl69l0hg4f3daltqq28mkagz,202960500000,
84aca9be398d888597c6e68a21b2ae3ab430683d7b220817d921ca42c87e9d67,2024-06-24T11:18:35.294000,received,kaspa:qpvdfd9f5nhwqtxq2xnx6v2aq2j20melygcmzzl69l0hg4f3daltqq28mkagz,202960497958,
cfe7a87257a2b8747d562cd493daebe582544a0c70b5358347f166951b338aad,2024-02-28T19:51:37.052000,sent,kaspa:qpjunp39ssazf4rzfxxu0hd35xggfxn6lq0ls9u9q6peevzcmcv4xmv9q4njd,8175093408,
1ef41da50648a28736662609e28c04ee0d260aa50dd8c1c59c9333f850825b2a,2024-02-26T14:41:09.603000,sent,kaspa:qpzpfwcsqsxhxwup26r55fd0ghqlhyugz8cp6y3wxuddc02vcxtjg75pspnwz,2000000000000,MEXC
1ef41da50648a28736662609e28c04ee0d260aa50dd8c1c59c9333f850825b2a,2024-02-26T14:41:09.603000,sent,kaspa:qpjunp39ssazf4rzfxxu0hd35xggfxn6lq0ls9u9q6peevzcmcv4xmv9q4njd,20338267254652805,
997f0eab5358b5477f3cb1d60abaad8ffb06ae22e15a01538befb259596c2e56,2024-02-26T14:40:12.714000,received,kaspa:qypqqq932nfqq2h8sgagnndmcjjmg597wavc8vxdsz5pdqccdta6krcwjp657zy,5133300000000,
4e102ecfcf5a021885b419d6bf8076f8a0ed1db7f5168b2ad0a84ebb68490a7b,2024-02-26T14:13:55.979000,received,kaspa:qypqqq932nfqq2h8sgagnndmcjjmg597wavc8vxdsz5pdqccdta6krcwjp657zy,100000000,
4e102ecfcf5a021885b419d6bf8076f8a0ed1db7f5168b2ad0a84ebb68490a7b,2024-02-26T14:13:55.979000,received,kaspa:qypqqq932nfqq2h8sgagnndmcjjmg597wavc8vxdsz5pdqccdta6krcwjp657zy,100000000,
4e102ecfcf5a021885b419d6bf8076f8a0ed1db7f5168b2ad0a84ebb68490a7b,2024-02-26T14:13:55.979000,received,kaspa:qypqqq932nfqq2h8sgagnndmcjjmg597wavc8vxdsz5pdqccdta6krcwjp657zy,100000000,
504dbff48877bea40558a55229111fa9553def2d43983e9e27c65fbb7d4850e5,2023-12-26T07:25:25.484000,sent,kaspa:qpjunp39ssazf4rzfxxu0hd35xggfxn6lq0ls9u9q6peevzcmcv4xmv9q4njd,21319217822067,
07256ee5ab560a43d61a34da0e5ca23f742e197f252e58bdfa86a0ccc375bb75,2023-11-18T11:06:52.953000,received,kaspa:qpx3km8kvqpdglpm47fxrvptt9dj634jl6e92vqngnchdjghffxxj60wurk2s,242200000000,
60874be362db435dadcd4bef769ad0721b4e3513ec5779ca343c81725ed6cbc9,2023-11-15T20:16:40.586000,sent,kaspa:qpjunp39ssazf4rzfxxu0hd35xggfxn6lq0ls9u9q6peevzcmcv4xmv9q4njd,99126821378631,
3bc0ceeceebb26cf11cf3655db2f7046214641577307cdea3beca6e03877c855,2023-11-15T17:22:43.077000,received,kaspa:qpqerf00trse7zs2f0fw688lv3sdjvjhefzylx3cfdgewdz9a2y5qspjcp8xa,367975800000,
