tx_id,timestamp,direction,peer_address,amount_sompi,cex_label
5f294fe67fc4aa518ac5e0933156f4c8fa4fe7befc21d9663831ab39a63990e9,2023-12-16T05:10:29.643000,sent,kaspa:qzslgwenzu78t6tldlng383g7ruu4enaljmnkgaulyrscjp7ldt26x8gfxck5,171940000,
5f294fe67fc4aa518ac5e0933156f4c8fa4fe7befc21d9663831ab39a63990e9,2023-12-16T05:10:29.643000,sent,kaspa:qzslgwenzu78t6tldlng383g7ruu4enaljmnkgaulyrscjp7ldt26x8gfxck5,171940000,
2cc28cdb64559d3e27bfef10afad2684535e399231b283cee8fadbad9140c45d,2023-12-13T05:36:22.455000,received,kaspa:qypswxtcrv4ssyjaswy5w9387vq73mkuyq85tl34cee6qn5uexqy0csgnafnjx7,171000000,
6ff995094b6eb67d1dee0c1803c15b95a1eb1182af8e1aa9342fedb447d579d8,2023-11-29T21:34:30.170000,sent,kaspa:qypfn9pyv82wcdqzfm9sqfy78p3j9jla54zz7gxel0n8f5sf7d2j8pgqcegc4px,18000000,
16ac32140f55c5740fabd56d6172f75adf0a4d4485d01f6b2f93daeb5b0b04e2,2023-11-29T19:30:14.080000,received,kaspa:qqrcqcvq5llzkl3rqqnjg4s44ctwkse8t7hq580433c4a4nk5scuse0u6q5yr,19000000,
