tx_id,timestamp,direction,peer_address,amount_sompi,cex_label
9eb11bd32012d7c3412c6374a9fa0eb25c479cf5c74c08daf15d7d0742dd5886,2023-12-16T03:22:02.722000,sent,kaspa:qzslgwenzu78t6tldlng383g7ruu4enaljmnkgaulyrscjp7ldt26x8gfxck5,171940000,
9eb11bd32012d7c3412c6374a9fa0eb25c479cf5c74c08daf15d7d0742dd5886,2023-12-16T03:22:02.722000,sent,kaspa:qzslgwenzu78t6tldlng383g7ruu4enaljmnkgaulyrscjp7ldt26x8gfxck5,171940000,
b43af59a7e38525564a18ffd16810eba15aaad7d673d35261e4e9f887f3529be,2023-12-12T03:54:31.479000,received,kaspa:qypswxtcrv4ssyjaswy5w9387vq73mkuyq85tl34cee6qn5uexqy0csgnafnjx7,171000000,
e59f109799d985b5323cc3440ab22b31e3ea61c3dcd7eba4fae6b77c54311b31,2023-11-28T01:41:43.388000,sent,kaspa:qyp5l34h6tpd93ld86c02fx49de0frlk692s7r5uq49fnhx4q20ygjqf2mqep9c,18000000,
d7328dc1ea14ec5d9cdb9ab3a7cf74ec244bc9b3785e46a5ebd2976988b7ef00,2023-11-28T00:16:56.442000,received,kaspa:qqjyq6k04n3x02w9rj97mqqj558shn4gyfkclm3ks928uypf45er5tfhm646q,19000000,
