tx_id,timestamp,direction,peer_address,amount_sompi,cex_label
adb0c4f27ddd958ed0340d3aee53b33f3a9be78655f6202a65525094cbeba6dd,2023-12-22T03:40:14.495000,sent,kaspa:qqsslpr5gst3y2s87k402r9yt7ajmak63vkgmathj8ys5qx4273jg40nngrd2,172970000,
adb0c4f27ddd958ed0340d3aee53b33f3a9be78655f6202a65525094cbeba6dd,2023-12-22T03:40:14.495000,sent,kaspa:qqsslpr5gst3y2s87k402r9yt7ajmak63vkgmathj8ys5qx4273jg40nngrd2,172970000,
484520e4831be958222a2c7797a9d4de6ba74de6ba1e944249276b17a54018df,2023-12-12T11:27:09.019000,received,kaspa:qypswxtcrv4ssyjaswy5w9387vq73mkuyq85tl34cee6qn5uexqy0csgnafnjx7,171000000,
e2d09bd70ee60cbdef20ef3d808609325a8beba7d3f60ba1e42d92c1190dfc34,2023-11-28T15:52:45.589000,sent,kaspa:qyp4jd50ugdutxc9wgypta27wxudwesed9vl9ww5vzhx2zr0nr3dg7sfu0855gh,18000000,
768ad0783e3dd0da977ae6366c240d62579a631196fa1bcfc781026007d4b323,2023-11-27T03:06:43.138000,received,kaspa:qyp2y2afskgrk04gsaktpgcwqs50g3ucp9k6yw3gzq383zlggeqm7dgpuu0kdj9,20000000,
