tx_id,timestamp,direction,peer_address,amount_sompi,cex_label
df4635d7af6f861698d60286f86d3cbc830725f889b023f97a05f3d179736d07,2023-12-16T03:59:30.183000,sent,kaspa:qzslgwenzu78t6tldlng383g7ruu4enaljmnkgaulyrscjp7ldt26x8gfxck5,171940000,
df4635d7af6f861698d60286f86d3cbc830725f889b023f97a05f3d179736d07,2023-12-16T03:59:30.183000,sent,kaspa:qzslgwenzu78t6tldlng383g7ruu4enaljmnkgaulyrscjp7ldt26x8gfxck5,171940000,
8c58b74adf826f6b844df04b79b0d42bd880879983b57817c4a2fa92e79358d8,2023-12-12T04:48:33.265000,received,kaspa:qypswxtcrv4ssyjaswy5w9387vq73mkuyq85tl34cee6qn5uexqy0csgnafnjx7,171000000,
c5dbd5220f4010271d67b5de06479a0e747bae3dc554af4aba360a44c06ca692,2023-11-28T04:35:47.201000,sent,kaspa:qypqg69gf3vyfzvlegrv7lt5wvx6ag39scjzqx207t2q2jltzkkt38gy0vccl9s,18000000,
afc646a260f6c6f96b5cd56c1226bdefd7fa3549cac5645a673dca2b83c42890,2023-11-27T21:14:53.265000,received,kaspa:qzs93uy8lgftjy8s3hy4k4hdawca232l0j597rufq8m626hl8tk7q7cynjhdl,19000000,
