tx_id,timestamp,direction,peer_address,amount_sompi,cex_label
506dc156f64145a80476f2a5ac1ded2fa63b770f4c5cb59048d9fc2d977235dd,2023-12-13T08:42:41.446000,sent,kaspa:qqh06puhtgsu5utuakvv88ewhppn4dtp0k4a2df0xxga6ytg5p7vzcs0tuml5,14363160000,
d001ba8d2c5f6d5224c107e274af98d69b36ab323f81203911478796370d4841,2023-12-12T14:07:21.715000,received,kaspa:qypswxtcrv4ssyjaswy5w9387vq73mkuyq85tl34cee6qn5uexqy0csgnafnjx7,171000000,
c0841bf263d142b7abe277a282107b709828e17527b51121fa29cf6a4b99ed3b,2023-11-28T20:45:28.587000,sent,kaspa:qyppaw4umahhtdd3n849k45lfwh9fgycck6qd6cp0ufax47gavyylfquhs0psum,18000000,
c0841bf263d142b7abe277a282107b709828e17527b51121fa29cf6a4b99ed3b,2023-11-28T20:45:28.587000,sent,kaspa:qqf9h8xdd0rtymqdmqraykqud45lu29cwl50kcjaaek8angnrjc9vh7ewnnxk,2164690000,
8dc4a1a5e0b92561691e76e97ca9ef1ffdba795fc10aa09a648cfec9d6673de7,2023-11-28T20:39:15.245000,received,kaspa:qqc9umzs5nzwt7fjrmyesnjhvp6hdtvc77hrefnwq98qqydhs7jcsc90aefu2,2182700000,
