tx_id,timestamp,direction,peer_address,amount_sompi,cex_label
083ea39007553a0a30700fa70c031452b3ea4d10671bbef5bb1f9fe3a9065cac,2023-12-13T08:38:03.020000,sent,kaspa:qqh06puhtgsu5utuakvv88ewhppn4dtp0k4a2df0xxga6ytg5p7vzcs0tuml5,14363160000,
9f6afce01020629b5f41d13afb146ab82b0e8df424356305da136b8e4ce71394,2023-12-12T14:01:08.046000,received,kaspa:qypswxtcrv4ssyjaswy5w9387vq73mkuyq85tl34cee6qn5uexqy0csgnafnjx7,171000000,
c651cd780e3aaf0d39a3bf0c7764d89d32edcfba52b63d291fb7f58b18d5b151,2023-11-28T20:11:13.895000,sent,kaspa:qypxhh73wcz8a7knc04g2k3e9g0ckeszwqh05nsapfw54mr0dnsglqs7e7jpdgn,18000000,
c651cd780e3aaf0d39a3bf0c7764d89d32edcfba52b63d291fb7f58b18d5b151,2023-11-28T20:11:13.895000,sent,kaspa:qp6ahnu8tfyfzmh4ahjxupljruzpxvsv7hrgp7l6l4plplpj9asmk042xu6s5,2226770000,
d8684e1354cbe79a9cd7b122f6360f287b4fb8d6e299cc4787fd06ed8c3d451c,2023-11-28T20:04:48.407000,received,kaspa:qqj3na3479w5p9z5nk26myyykr7x53u633tw5e03g4j0smlzzjvh69mdycrtd,2244780000,
