tx_id,timestamp,direction,peer_address,amount_sompi,cex_label
f40b84267d3ca63779c836e84dc4732f33babe2f61da3998d949c252a7366fdb,2023-12-16T05:04:53.837000,sent,kaspa:qzslgwenzu78t6tldlng383g7ruu4enaljmnkgaulyrscjp7ldt26x8gfxck5,171940000,
f40b84267d3ca63779c836e84dc4732f33babe2f61da3998d949c252a7366fdb,2023-12-16T05:04:53.837000,sent,kaspa:qzslgwenzu78t6tldlng383g7ruu4enaljmnkgaulyrscjp7ldt26x8gfxck5,171940000,
92f19acd27674c4fd3fc92ded7ae1b4833f6d480e1d6ab9b931d27b3096626d3,2023-12-13T03:34:09.815000,received,kaspa:qypswxtcrv4ssyjaswy5w9387vq73mkuyq85tl34cee6qn5uexqy0csgnafnjx7,171000000,
a39a816e11798378d66e1501adb4f87a3aaddc9b1428632d66818b85fe08a1e1,2023-11-29T18:49:34.748000,sent,kaspa:qypwaltpq9n4rer0eqk94nflrvyrwtxr680dcms4pmlgydxgda0s9fcefs906ff,18000000,
c713e8f112f607a86732e6e12ea9ff9e23ab91cf437f64cf4867ac5b675e0a41,2023-11-29T03:33:43.045000,received,kaspa:qrx394nm44ft5mxqxg7z5pgt7rt73l0usfrpm8kz3srqlqww5rmfc3tm8kplr,19000000,
