tx_id,timestamp,direction,peer_address,amount_sompi,cex_label
475c951a38f908f16812164732f103637fd5527d3f8cfc1949062aebcf777061,2023-12-16T04:23:55.353000,sent,kaspa:qzslgwenzu78t6tldlng383g7ruu4enaljmnkgaulyrscjp7ldt26x8gfxck5,171940000,
475c951a38f908f16812164732f103637fd5527d3f8cfc1949062aebcf777061,2023-12-16T04:23:55.353000,sent,kaspa:qzslgwenzu78t6tldlng383g7ruu4enaljmnkgaulyrscjp7ldt26x8gfxck5,171940000,
4c00de4e55f65cb687f671df177b82345ed5914079695822a1a8aac2cedeeeda,2023-12-12T17:34:40.043000,received,kaspa:qypswxtcrv4ssyjaswy5w9387vq73mkuyq85tl34cee6qn5uexqy0csgnafnjx7,171000000,
9fc70f986e80d24af9b48abcaf0fbcd5f034b5030ca834394da5d40605e1e0f9,2023-11-29T05:58:36.816000,sent,kaspa:qypdwmqw0trcz05ks40r8kxhtm085e2xgdhgzctgkukm5a23z4lr49qpy06fz08,18000000,
027b16825a23e9bbe098d5f88a37457326fb6e153d07655794d4a5075820dba3,2023-11-29T00:37:54.034000,received,kaspa:qrl5z097v376x0t7s4u4ul3czqxfsx7nnxhd8c7pwmgv788x4f79xgmcmxqp6,19000000,
