tx_id,timestamp,direction,peer_address,amount_sompi,cex_label
94f3d42836beecff838439eafba75b9a96f4fed9d3f814c1b342c71848e772bc,2024-02-17T19:22:59.368000,sent,kaspa:qqyrl8sham25c7pvdxlzw5ev4lrfm80k8deymkwrz4kta0w5mma0g67pnq3f2,172980000,
94f3d42836beecff838439eafba75b9a96f4fed9d3f814c1b342c71848e772bc,2024-02-17T19:22:59.368000,sent,kaspa:qqyrl8sham25c7pvdxlzw5ev4lrfm80k8deymkwrz4kta0w5mma0g67pnq3f2,172980000,
f2bf0332bd42b4df94ebe6f59c1ae6929ca91ab2b2399953bbe750000b8a60ab,2023-12-12T13:27:45.059000,received,kaspa:qypswxtcrv4ssyjaswy5w9387vq73mkuyq85tl34cee6qn5uexqy0csgnafnjx7,171000000,
90e455fa1c84055d9d20ad269ce6286b067df2f2ffe568d838c157759bb378a6,2023-11-28T18:30:21.635000,sent,kaspa:qyphwayscuh30ra2ljk2u4dq7wx7qvx626m32r9dp74alan0y9fxdnsq79ynlgx,18000000,
49813163def159a28f7625b27b657c68bbc8780a96ec3117c7e59a67de2eb680,2023-11-28T00:02:40.159000,received,kaspa:qypwcme2wrftxsx5v9j6gtqcdt6lekdmlgny7uy2c65g58usa2pknqch006uh92,20000000,
