tx_id,timestamp,direction,peer_address,amount_sompi,cex_label
428d67e06c3bcae7747e6da160af838e52ac728534cd2897cd6b5ec0bc5400a5,2024-11-05T20:00:35.492000,sent,kaspa:qpzpfwcsqsxhxwup26r55fd0ghqlhyugz8cp6y3wxuddc02vcxtjg75pspnwz,10000000000000,MEXC
428d67e06c3bcae7747e6da160af838e52ac728534cd2897cd6b5ec0bc5400a5,2024-11-05T20:00:35.492000,sent,kaspa:qpjunp39ssazf4rzfxxu0hd35xggfxn6lq0ls9u9q6peevzcmcv4xmv9q4njd,177490774054,
41b07b1675d91e2fe70fc44b698707864a84a9bcd9c08cd7f6d029ae83157aa4,2024-11-05T19:47:09.769000,received,kaspa:qpja7ttuvjtltqczvhd2jqv2rwcsmwzp5z5qgauyrq5va3tw0np8v9p3ul5nx,1624000000000,
2c3c1e7138272638dd5575ef8ecf298c88173c46363542512aae93938aee0bb7,2024-05-24T17:15:36.444000,sent,kaspa:qpzpfwcsqsxhxwup26r55fd0ghqlhyugz8cp6y3wxuddc02vcxtjg75pspnwz,2000000000000,MEXC
2c3c1e7138272638dd5575ef8ecf298c88173c46363542512aae93938aee0bb7,2024-05-24T17:15:36.444000,sent,kaspa:qpjunp39ssazf4rzfxxu0hd35xggfxn6lq0ls9u9q6peevzcmcv4xmv9q4njd,20001542899443488,
29cee543f102627c16c3fd5f21b2fa3fd30a98a940ffd70b0d4bd59bd4e93ef0,2024-05-24T17:14:27.251000,received,kaspa:qpja7ttuvjtltqczvhd2jqv2rwcsmwzp5z5qgauyrq5va3tw0np8v9p3ul5nx,385000000000,
1dda4bd85c4fb6702a47588336a2314dd4266e3b4921bb4d81f7ec0b84cd66ac,2023-12-26T09:49:59.580000,sent,kaspa:qpjunp39ssazf4rzfxxu0hd35xggfxn6lq0ls9u9q6peevzcmcv4xmv9q4njd,9239436824591,
1dda4bd85c4fb6702a47588336a2314dd4266e3b4921bb4d81f7ec0b84cd66ac,2023-12-26T09:49:59.580000,sent,kaspa:qpjunp39ssazf4rzfxxu0hd35xggfxn6lq0ls9u9q6peevzcmcv4xmv9q4njd,9239436824591,
a9f490784e192b4053d1533ee491d214d19a0095628627d6c6a96bce7a661841,2023-11-15T05:04:04.923000,received,kaspa:qpja7ttuvjtltqczvhd2jqv2rwcsmwzp5z5qgauyrq5va3tw0np8v9p3ul5nx,105000000000,
8692628dbe749963ec5f11b4bea158e29504d6a63c6274c061bd158a53057e2f,2023-11-15T04:57:47.664000,received,kaspa:qpja7ttuvjtltqczvhd2jqv2rwcsmwzp5z5qgauyrq5va3tw0np8v9p3ul5nx,105000000000,
8692628dbe749963ec5f11b4bea158e29504d6a63c6274c061bd158a53057e2f,2023-11-15T04:57:47.664000,received,kaspa:qpja7ttuvjtltqczvhd2jqv2rwcsmwzp5z5qgauyrq5va3tw0np8v9p3ul5nx,105000000000,
8692628dbe749963ec5f11b4bea158e29504d6a63c6274c061bd158a53057e2f,2023-11-15T04:57:47.664000,received,kaspa:qpja7ttuvjtltqczvhd2jqv2rwcsmwzp5z5qgauyrq5va3tw0np8v9p3ul5nx,105000000000,
