tx_id,timestamp,direction,peer_address,amount_sompi,cex_label
3fdf0fb9939777b5c1101e8407523a11c767612da6fdff2c3eb6daa865de8ef3,2023-12-16T04:44:47.588000,sent,kaspa:qzslgwenzu78t6tldlng383g7ruu4enaljmnkgaulyrscjp7ldt26x8gfxck5,171940000,
3fdf0fb9939777b5c1101e8407523a11c767612da6fdff2c3eb6daa865de8ef3,2023-12-16T04:44:47.588000,sent,kaspa:qzslgwenzu78t6tldlng383g7ruu4enaljmnkgaulyrscjp7ldt26x8gfxck5,171940000,
1462d0a6fe96cd30aedc4670ce6b24a4572893de7eae783f7e0b7e19247ebd88,2023-12-12T20:49:26.974000,received,kaspa:qypswxtcrv4ssyjaswy5w9387vq73mkuyq85tl34cee6qn5uexqy0csgnafnjx7,171000000,
8ca2c54f59ddf48e162ad5599e8e8d9347b82287b82bdfaab019859ea93caf10,2023-11-29T11:27:47.828000,sent,kaspa:qyp32pe94kjrmly47479ax5sm4me4kjszjuz4q45ae5yfcewr5004mggpxf00wj,18000000,
ca7ac8896f0f6f5395949d41a2ba3ee2a4f6db00a2856f9df6f9ecf0cba0910b,2023-11-27T18:37:41.592000,received,kaspa:qzmylezddvj3n5hr4d4yl2gkkukqqf8wsx3gq2devnvyjla5z94lqz3fhkqqh,19000000,
