tx_id,timestamp,direction,peer_address,amount_sompi,cex_label
506dc156f64145a80476f2a5ac1ded2fa63b770f4c5cb59048d9fc2d977235dd,2023-12-13T08:42:41.446000,sent,kaspa:qqh06puhtgsu5utuakvv88ewhppn4dtp0k4a2df0xxga6ytg5p7vzcs0tuml5,14363160000,
02eb66502e94d58f847faf736d8ec0da23c5c0085b7e42729c4cbe99aaea5d72,2023-12-12T14:02:52.658000,received,kaspa:qypswxtcrv4ssyjaswy5w9387vq73mkuyq85tl34cee6qn5uexqy0csgnafnjx7,171000000,
8f0e59d97616b85085a0a097c08a659f759dfc86d524435402054e6311119868,2023-11-28T20:21:19.488000,sent,kaspa:qypcklcr7deklz9y9ltlvcgsw4wqcfh780sntx7ujqvryxdrx25fdlgcu5axclr,18000000,
8f0e59d97616b85085a0a097c08a659f759dfc86d524435402054e6311119868,2023-11-28T20:21:19.488000,sent,kaspa:qrcz3v6yfulwtxny9u67jpm45alcgv87yg9mpasuvf054r06fxkdu5x97tjrn,2236730000,
8fd6486788c5e66211f65fb85b94e539772885ba7b4a9e6a6c927045cb73b072,2023-11-28T20:17:04.780000,received,kaspa:qqhkn4mek94jx0dec96dgt2mnyu99xgtwcsgfa7y76c8p9d6ra66qpk5zd85j,2254740000,
