tx_id,timestamp,direction,peer_address,amount_sompi,cex_label
46f8ae575b04268fa030e3ef5ee0f587c96f9cfe7bce8cc39d337c32d11b04f2,2024-01-25T02:57:37.302000,sent,kaspa:qpjunp39ssazf4rzfxxu0hd35xggfxn6lq0ls9u9q6peevzcmcv4xmv9q4njd,87999120000,
5f732274aab254abf0c269559fb722efc52c9a6a05d5da25766957df6e03d25b,2023-12-13T16:30:57.920000,sent,kaspa:qpzpfwcsqsxhxwup26r55fd0ghqlhyugz8cp6y3wxuddc02vcxtjg75pspnwz,30000000000000,MEXC
5f732274aab254abf0c269559fb722efc52c9a6a05d5da25766957df6e03d25b,2023-12-13T16:30:57.920000,sent,kaspa:qpjunp39ssazf4rzfxxu0hd35xggfxn6lq0ls9u9q6peevzcmcv4xmv9q4njd,7495250280050,
a674a87027b011ec39942b4cf23edba7f67934b6297c4b62ebdd40827d2c6075,2023-12-13T16:13:27.239000,received,kaspa:qqwvnkp47wsj6n4hkdlgj8dsauyx0xvefunnwvvsmpq2udd0ka8ckmpuqw3k5,7495250300050,
a674a87027b011ec39942b4cf23edba7f67934b6297c4b62ebdd40827d2c6075,2023-12-13T16:13:27.239000,received,kaspa:qqwvnkp47wsj6n4hkdlgj8dsauyx0xvefunnwvvsmpq2udd0ka8ckmpuqw3k5,7495250300050,
f06b48eaf0a2284a678f1d4e4608cf23f29b460dff89bc0a30f2d5527cee176b,2023-12-13T15:21:01.610000,received,kaspa:qzxyekc743levetryegg8ve7euhmnvzfyrl9qjc40gtfmj9kltn3g2u4t0fqw,1000000000,
