tx_id,timestamp,direction,peer_address,amount_sompi,cex_label
54bc37b1702bbd6ef04e47135853ab38de4665b91980b90c0c24aa2fe56e3c98,2023-12-16T04:48:21.430000,sent,kaspa:qzslgwenzu78t6tldlng383g7ruu4enaljmnkgaulyrscjp7ldt26x8gfxck5,171940000,
54bc37b1702bbd6ef04e47135853ab38de4665b91980b90c0c24aa2fe56e3c98,2023-12-16T04:48:21.430000,sent,kaspa:qzslgwenzu78t6tldlng383g7ruu4enaljmnkgaulyrscjp7ldt26x8gfxck5,171940000,
9bac91aa0fc05919a69eef3c36983662bdaefb60f0f9f53f3cfaf5337ae8d962,2023-12-12T23:22:49.195000,received,kaspa:qypswxtcrv4ssyjaswy5w9387vq73mkuyq85tl34cee6qn5uexqy0csgnafnjx7,171000000,
3a0df4303ebf092adb935ef43c2a89e710fe885e0fa5c753d914218a54faac62,2023-11-29T14:55:14.732000,sent,kaspa:qypuz0z5d7k932jrmdtyd39lqf3wr3lpkg9wgay7hlauht533lart6cypjslfmc,18000000,
a7bcbd217873e3ddec4b4aee74bec78af1364219496bdd6aa06f2d62dfaf3904,2023-11-28T03:15:22.865000,received,kaspa:qzmylezddvj3n5hr4d4yl2gkkukqqf8wsx3gq2devnvyjla5z94lqz3fhkqqh,19000000,
