tx_id,timestamp,direction,peer_address,amount_sompi,cex_label
4df9eca093a82cf280c4736b527af012a75f77071c50a42879f46fcc633d22c6,2023-12-19T03:47:10.103000,sent,kaspa:qrkaxvl2tw6pq6zx9xrr9lqnt9x72upf0hsrp3cvgcmfz77m50ycua35nz200,172970000,
4df9eca093a82cf280c4736b527af012a75f77071c50a42879f46fcc633d22c6,2023-12-19T03:47:10.103000,sent,kaspa:qrkaxvl2tw6pq6zx9xrr9lqnt9x72upf0hsrp3cvgcmfz77m50ycua35nz200,172970000,
30bf0901e189bae750be5585754484151f6ce9f0e7047bcc8f83693a99e0f004,2023-12-12T18:16:25.155000,received,kaspa:qypswxtcrv4ssyjaswy5w9387vq73mkuyq85tl34cee6qn5uexqy0csgnafnjx7,171000000,
4f8ff007d1cabfd098ba546d9a774157f78c07f17ea14367ed0bf1f1b7f86638,2023-11-29T07:07:26.698000,sent,kaspa:qyp5hvx3ay403ltt6ru4cqtyxxeapxuewg2tp8z4gjgqvazkgqzpzrglxhqynl7,18000000,
881b554ff63cbe41ba3bb1ffa4b4bd4642bfe8c0c78fa57c650c6551be9115b1,2023-11-28T11:14:40.005000,received,kaspa:qzrujgu55z35dsur4eqavwyfjdtp54wslnf3dtgu8lt8y3hpmra2js5850rfn,20000000,
