tx_id,timestamp,direction,peer_address,amount_sompi,cex_label
723154fd7e862923b8b370345d955064d4549c07ff38ed7b0b6b8fff2466c50f,2024-08-04T19:34:12.477000,sent,kaspa:qplj0xdafvpt0u9tkwereeflhnx26um6f0t44vx3vw54n606mcfpwe83g2a6a,28844200000000,
723154fd7e862923b8b370345d955064d4549c07ff38ed7b0b6b8fff2466c50f,2024-08-04T19:34:12.477000,sent,kaspa:qplj0xdafvpt0u9tkwereeflhnx26um6f0t44vx3vw54n606mcfpwe83g2a6a,28844200000000,
0ddd15827939ab5126e111ceba67f4009d6484760d7ee5b19e091d78dc09b0c4,2024-08-04T19:32:30.567000,received,kaspa:qq9zagcza4jt76eev9jl5z0nqhe0thcu7js8larktj4sle7lvgnw7sfcewlty,28844239400304,
a50791ad7dbb125990f7408c531fe14ed851214630f8a672bb2bc641fdb0a036,2024-08-04T18:39:59.120000,sent,kaspa:qplj0xdafvpt0u9tkwereeflhnx26um6f0t44vx3vw54n606mcfpwe83g2a6a,39545600000000,
a50791ad7dbb125990f7408c531fe14ed851214630f8a672bb2bc641fdb0a036,2024-08-04T18:39:59.120000,sent,kaspa:qplj0xdafvpt0u9tkwereeflhnx26um6f0t44vx3vw54n606mcfpwe83g2a6a,39545600000000,
7a7414904ac589f6864f5aada4392b2805d756a3c6e5743b69240385dcee53e0,2024-08-04T18:38:26.843000,received,kaspa:qq9zagcza4jt76eev9jl5z0nqhe0thcu7js8larktj4sle7lvgnw7sfcewlty,39545546956693,
32c26a47c77f8e9707ca952be7438cd17c0b058714b5429576b94a57ea177a06,2024-08-01T19:07:05.228000,sent,kaspa:qplj0xdafvpt0u9tkwereeflhnx26um6f0t44vx3vw54n606mcfpwe83g2a6a,79047900000000,
32c26a47c77f8e9707ca952be7438cd17c0b058714b5429576b94a57ea177a06,2024-08-01T19:07:05.228000,sent,kaspa:qplj0xdafvpt0u9tkwereeflhnx26um6f0t44vx3vw54n606mcfpwe83g2a6a,79047900000000,
bd0e3b63d1f8d931ccd6a1d1e0cbb46f10ba2ae55dd934bafd45dd9a3e8633b4,2024-08-01T19:04:49.871000,received,kaspa:qq9zagcza4jt76eev9jl5z0nqhe0thcu7js8larktj4sle7lvgnw7sfcewlty,79028226886919,
439cb231ed3d57342451f422b57c913e60675d0e8f183257283cd337ce549318,2024-08-01T18:24:56.239000,sent,kaspa:qplj0xdafvpt0u9tkwereeflhnx26um6f0t44vx3vw54n606mcfpwe83g2a6a,70000000000,
9019e42e68c246099a9d44d697c19a2245557dc2adada3a376570402904d6b2a,2024-08-01T18:22:56.388000,received,kaspa:qq9zagcza4jt76eev9jl5z0nqhe0thcu7js8larktj4sle7lvgnw7sfcewlty,89769216247,
bae820b49a122dd9de8b84d4387b1f898099f33b81e47072ffbc6619d7d6ac82,2024-01-13T16:34:29.946000,sent,kaspa:qqwvnkp47wsj6n4hkdlgj8dsauyx0xvefunnwvvsmpq2udd0ka8ckmpuqw3k5,19999899900000,
d0979635b5c44733a1a4c9252d43746b89ba0d6cc89c20d839c3560ab9a2a1f0,2024-01-13T16:32:05.757000,received,kaspa:qrvum29vk365g0zcd5gx3c7h829etfq2ytdmscjzw4zw04fjfnprcg9c3tges,19999900000000,
d0979635b5c44733a1a4c9252d43746b89ba0d6cc89c20d839c3560ab9a2a1f0,2024-01-13T16:32:05.757000,received,kaspa:qrvum29vk365g0zcd5gx3c7h829etfq2ytdmscjzw4zw04fjfnprcg9c3tges,19999900000000,
f8c8709533676ed99456ef176d0b93badbbb4079f0aa7c01e211787c4d132863,2024-01-12T15:29:17.465000,sent,kaspa:qqwvnkp47wsj6n4hkdlgj8dsauyx0xvefunnwvvsmpq2udd0ka8ckmpuqw3k5,19999899900000,
490af4eeb3557cba8cf0862a52e873455277683a8b176723a6d3b9d83b570066,2024-01-12T15:27:22.876000,received,kaspa:qrvum29vk365g0zcd5gx3c7h829etfq2ytdmscjzw4zw04fjfnprcg9c3tges,19999900000000,
490af4eeb3557cba8cf0862a52e873455277683a8b176723a6d3b9d83b570066,2024-01-12T15:27:22.876000,received,kaspa:qrvum29vk365g0zcd5gx3c7h829etfq2ytdmscjzw4zw04fjfnprcg9c3tges,19999900000000,
490af4eeb3557cba8cf0862a52e873455277683a8b176723a6d3b9d83b570066,2024-01-12T15:27:22.876000,received,kaspa:qrvum29vk365g0zcd5gx3c7h829etfq2ytdmscjzw4zw04fjfnprcg9c3tges,19999900000000,
490af4eeb3557cba8cf0862a52e873455277683a8b176723a6d3b9d83b570066,2024-01-12T15:27:22.876000,received,kaspa:qrvum29vk365g0zcd5gx3c7h829etfq2ytdmscjzw4zw04fjfnprcg9c3tges,19999900000000,
490af4eeb3557cba8cf0862a52e873455277683a8b176723a6d3b9d83b570066,2024-01-12T15:27:22.876000,received,kaspa:qrvum29vk365g0zcd5gx3c7h829etfq2ytdmscjzw4zw04fjfnprcg9c3tges,19999900000000,
490af4eeb3557cba8cf0862a52e873455277683a8b176723a6d3b9d83b570066,2024-01-12T15:27:22.876000,received,kaspa:qrvum29vk365g0zcd5gx3c7h829etfq2ytdmscjzw4zw04fjfnprcg9c3tges,19999900000000,
490af4eeb3557cba8cf0862a52e873455277683a8b176723a6d3b9d83b570066,2024-01-12T15:27:22.876000,received,kaspa:qrvum29vk365g0zcd5gx3c7h829etfq2ytdmscjzw4zw04fjfnprcg9c3tges,19999900000000,
490af4eeb3557cba8cf0862a52e873455277683a8b176723a6d3b9d83b570066,2024-01-12T15:27:22.876000,received,kaspa:qrvum29vk365g0zcd5gx3c7h829etfq2ytdmscjzw4zw04fjfnprcg9c3tges,19999900000000,
490af4eeb3557cba8cf0862a52e873455277683a8b176723a6d3b9d83b570066,2024-01-12T15:27:22.876000,received,kaspa:qrvum29vk365g0zcd5gx3c7h829etfq2ytdmscjzw4zw04fjfnprcg9c3tges,19999900000000,
2be9c0545d9e388684064dda906662607d18955dd6d676bea50917c20fc1c847,2024-01-12T13:41:48.193000,sent,kaspa:qqwvnkp47wsj6n4hkdlgj8dsauyx0xvefunnwvvsmpq2udd0ka8ckmpuqw3k5,20000799900000,
47e3fa1c63969962ba147db58c1f3f8180cb37f426212da4cbcf69f02438c39f,2024-01-12T13:40:23.443000,received,kaspa:qrvum29vk365g0zcd5gx3c7h829etfq2ytdmscjzw4zw04fjfnprcg9c3tges,20000800000000,
0fb3f33593ccb8aeed93f6c8ff5b305ff5e320dd3bc84ccf279d7c437fb347a2,2024-01-12T12:23:03.066000,sent,kaspa:qqwvnkp47wsj6n4hkdlgj8dsauyx0xvefunnwvvsmpq2udd0ka8ckmpuqw3k5,19999999900000,
0fc85163fd6001bbdc1b25a863779fbdd79d603caf46055bee57d36546b349b5,2024-01-12T12:21:51.508000,received,kaspa:qrvum29vk365g0zcd5gx3c7h829etfq2ytdmscjzw4zw04fjfnprcg9c3tges,20000000000000,
15192fd7820e2144b38c02f8b18b6bfb44e218cd08a2e5cb159dbdf4814ff634,2024-01-11T22:16:12.064000,sent,kaspa:qqwvnkp47wsj6n4hkdlgj8dsauyx0xvefunnwvvsmpq2udd0ka8ckmpuqw3k5,19999899900000,
317f111dbf90fc31512910997a18b7cbaf68b5a9ed86f82b266e421c157af142,2024-01-11T22:15:01.713000,received,kaspa:qrvum29vk365g0zcd5gx3c7h829etfq2ytdmscjzw4zw04fjfnprcg9c3tges,19999900000000,
98186c603b75ded46ff1ddc5ec0d0accc8ba9dc81649860d2549e5cef5f44927,2024-01-11T21:13:00.294000,sent,kaspa:qqwvnkp47wsj6n4hkdlgj8dsauyx0xvefunnwvvsmpq2udd0ka8ckmpuqw3k5,19999899900000,
c870050ac1938254819f7d607a08228abcc7dbf5ed3e79857b85e974f495fb96,2024-01-11T21:10:09.276000,received,kaspa:qrvum29vk365g0zcd5gx3c7h829etfq2ytdmscjzw4zw04fjfnprcg9c3tges,19999900000000,
65accf0de8fe98f2a1c330a380b6342eb1f004f87698fd7ca960d61a00a565c1,2024-01-11T19:38:36.899000,sent,kaspa:qqwvnkp47wsj6n4hkdlgj8dsauyx0xvefunnwvvsmpq2udd0ka8ckmpuqw3k5,19999899900000,
5e3453a355a35547148057e6a139b36bf22c4bbbef6c9e1f0c62bf578bc5696e,2024-01-11T19:37:11.447000,received,kaspa:qrvum29vk365g0zcd5gx3c7h829etfq2ytdmscjzw4zw04fjfnprcg9c3tges,19999900000000,
5e3453a355a35547148057e6a139b36bf22c4bbbef6c9e1f0c62bf578bc5696e,2024-01-11T19:37:11.447000,received,kaspa:qrvum29vk365g0zcd5gx3c7h829etfq2ytdmscjzw4zw04fjfnprcg9c3tges,19999900000000,
5e3453a355a35547148057e6a139b36bf22c4bbbef6c9e1f0c62bf578bc5696e,2024-01-11T19:37:11.447000,received,kaspa:qrvum29vk365g0zcd5gx3c7h829etfq2ytdmscjzw4zw04fjfnprcg9c3tges,19999900000000,
5e3453a355a35547148057e6a139b36bf22c4bbbef6c9e1f0c62bf578bc5696e,2024-01-11T19:37:11.447000,received,kaspa:qrvum29vk365g0zcd5gx3c7h829etfq2ytdmscjzw4zw04fjfnprcg9c3tges,19999900000000,
5e3453a355a35547148057e6a139b36bf22c4bbbef6c9e1f0c62bf578bc5696e,2024-01-11T19:37:11.447000,received,kaspa:qrvum29vk365g0zcd5gx3c7h829etfq2ytdmscjzw4zw04fjfnprcg9c3tges,19999900000000,
bc330e25d32df47b66a82e701b66e839836c2aece472f6fb8274e27f590ab7db,2024-01-11T18:23:18.401000,sent,kaspa:qqwvnkp47wsj6n4hkdlgj8dsauyx0xvefunnwvvsmpq2udd0ka8ckmpuqw3k5,19999899900000,
6bae052657e558eab22ada70510d4eb76d1df05c3d741d2c4a827a02b2a34520,2024-01-11T18:20:57.467000,received,kaspa:qzuuky4xcdd2ur0u24l0drn9xjyf0d95ll25hyk9ttcz4x9wxlhrcrrm8s0a5,19999900000000,
22db15c6a9e1900708f8f2bd1c30e70661a45f147b81f9d75c4cf3a5099fafb8,2024-01-11T17:54:05.432000,sent,kaspa:qqwvnkp47wsj6n4hkdlgj8dsauyx0xvefunnwvvsmpq2udd0ka8ckmpuqw3k5,19999999900000,
1f71e554efdcbea47a352d8d74f359760359238b7a826fe82d10d504694c832a,2024-01-11T17:52:30.419000,received,kaspa:qrvum29vk365g0zcd5gx3c7h829etfq2ytdmscjzw4zw04fjfnprcg9c3tges,20000000000000,
beb4d07752d277dddacd5035fdfbb75994e56f5d8382e6e9ae0b1c991d563d20,2024-01-11T16:42:20.350000,sent,kaspa:qqwvnkp47wsj6n4hkdlgj8dsauyx0xvefunnwvvsmpq2udd0ka8ckmpuqw3k5,19999899900000,
6cbadeffbf639e93a79efb7a3d7fd5854ae0305a76ffa76b3e5c2ef3f0da0fd7,2024-01-11T16:37:58.178000,received,kaspa:qzuuky4xcdd2ur0u24l0drn9xjyf0d95ll25hyk9ttcz4x9wxlhrcrrm8s0a5,19999900000000,
6cbadeffbf639e93a79efb7a3d7fd5854ae0305a76ffa76b3e5c2ef3f0da0fd7,2024-01-11T16:37:58.178000,received,kaspa:qrvum29vk365g0zcd5gx3c7h829etfq2ytdmscjzw4zw04fjfnprcg9c3tges,19999900000000,
f2e6a9b84a1fdf6ba637ec48a429edd28ca08b314453300c7cb514c3f2538772,2024-01-11T06:15:07.589000,sent,kaspa:qqwvnkp47wsj6n4hkdlgj8dsauyx0xvefunnwvvsmpq2udd0ka8ckmpuqw3k5,19999999900000,
f039e07f8b691c824cea699973e5f3896a35ef184dee02f1bab8cb6f72829bc5,2024-01-11T06:14:18.251000,received,kaspa:qrvum29vk365g0zcd5gx3c7h829etfq2ytdmscjzw4zw04fjfnprcg9c3tges,20000000000000,
426d51019e939ab2cd583244514ac0636a203c40cf886310b228792bcb08bbac,2024-01-11T03:28:52.298000,sent,kaspa:qqwvnkp47wsj6n4hkdlgj8dsauyx0xvefunnwvvsmpq2udd0ka8ckmpuqw3k5,19999999900000,
8d401f0e761fba3746dc8c59e8a72c9de02a5834fa5d561da371161b48daab12,2024-01-11T03:11:32.512000,received,kaspa:qrvum29vk365g0zcd5gx3c7h829etfq2ytdmscjzw4zw04fjfnprcg9c3tges,20000000000000,
8d401f0e761fba3746dc8c59e8a72c9de02a5834fa5d561da371161b48daab12,2024-01-11T03:11:32.512000,received,kaspa:qrvum29vk365g0zcd5gx3c7h829etfq2ytdmscjzw4zw04fjfnprcg9c3tges,20000000000000,
842b1c66888960c0418cff39a42abb6cf090643d8b07a01d498f87ce362a1da4,2024-01-11T03:06:49.187000,sent,kaspa:qqwvnkp47wsj6n4hkdlgj8dsauyx0xvefunnwvvsmpq2udd0ka8ckmpuqw3k5,19999899900000,
1333d96701558d2f38a6e7c392c3d2e2e3ef40c2c20cf0ea97ff4e888bd2c8ba,2024-01-11T03:05:16.598000,received,kaspa:qrpydt5jumt8cur67vkfrdtzjpyvv2wgk5n5n9zf3fry3d75w0exsl4jxeulz,19999900000000,
959c844f40b0dc6a614d679bda808376d5719920f86d289b6a9b8b2611d01687,2024-01-11T00:50:34.967000,sent,kaspa:qqwvnkp47wsj6n4hkdlgj8dsauyx0xvefunnwvvsmpq2udd0ka8ckmpuqw3k5,19999899900000,
579f6c64b4f370469346ba901a4859660e75b1bdbf9310346558539093b20f0e,2024-01-11T00:49:06.950000,received,kaspa:qrvum29vk365g0zcd5gx3c7h829etfq2ytdmscjzw4zw04fjfnprcg9c3tges,19999900000000,
579f6c64b4f370469346ba901a4859660e75b1bdbf9310346558539093b20f0e,2024-01-11T00:49:06.950000,received,kaspa:qrvum29vk365g0zcd5gx3c7h829etfq2ytdmscjzw4zw04fjfnprcg9c3tges,19999900000000,
7fe3de7b083583f318f9af3f850c66aa397a838d10ba766083049c92d5ed7586,2024-01-09T22:12:24.092000,received,kaspa:qrvum29vk365g0zcd5gx3c7h829etfq2ytdmscjzw4zw04fjfnprcg9c3tges,20000000000000,
414de3c631facfee057a0b265717d82ba923f3af9adad307c9fb8f1bebfad925,2024-01-09T22:10:56.933000,sent,kaspa:qqwvnkp47wsj6n4hkdlgj8dsauyx0xvefunnwvvsmpq2udd0ka8ckmpuqw3k5,19999999900000,
e891d230f54710f76545bb8e9823fb7ba01b32eaebe23d4ba3fadf95869f3f71,2024-01-09T22:00:29.422000,sent,kaspa:qqwvnkp47wsj6n4hkdlgj8dsauyx0xvefunnwvvsmpq2udd0ka8ckmpuqw3k5,19999999900000,
c58d1604b97e7624539058b7a822175fc72f0654a592b4b2abb0c172f10acf3b,2024-01-09T21:59:44.810000,received,kaspa:qrvum29vk365g0zcd5gx3c7h829etfq2ytdmscjzw4zw04fjfnprcg9c3tges,20000000000000,
66b980ead4a779df3f50a3b9079dc95cba9edec952af0076f9b4a52f11a4622d,2024-01-09T19:25:20.816000,sent,kaspa:qqwvnkp47wsj6n4hkdlgj8dsauyx0xvefunnwvvsmpq2udd0ka8ckmpuqw3k5,19999899900000,
49202fa2e0d7043187126b0215d663d8bd404a9a40c5665d7fa2bb101d1a74b7,2024-01-09T19:24:13.167000,received,kaspa:qrvum29vk365g0zcd5gx3c7h829etfq2ytdmscjzw4zw04fjfnprcg9c3tges,19999900000000,
fe9a9e3654eac2865e0ee88762f91add4adc9c3c407f3fadb10b18bfde9a05e8,2024-01-08T21:19:34.141000,sent,kaspa:qqwvnkp47wsj6n4hkdlgj8dsauyx0xvefunnwvvsmpq2udd0ka8ckmpuqw3k5,88168233101,
626ffd8fc97a8d357d52f12943b5754f5b42a57cf6e2221c51e6501238bece77,2024-01-08T19:44:08.477000,sent,kaspa:qplj0xdafvpt0u9tkwereeflhnx26um6f0t44vx3vw54n606mcfpwe83g2a6a,20000000000000,
626ffd8fc97a8d357d52f12943b5754f5b42a57cf6e2221c51e6501238bece77,2024-01-08T19:44:08.477000,sent,kaspa:qplj0xdafvpt0u9tkwereeflhnx26um6f0t44vx3vw54n606mcfpwe83g2a6a,20000000000000,
05f0792ceb806045a11c81ea89094badae98153c2b64cb0560f7d26f299788d3,2024-01-08T18:21:50.684000,received,kaspa:qrvum29vk365g0zcd5gx3c7h829etfq2ytdmscjzw4zw04fjfnprcg9c3tges,20000000000000,
234c0dca58b9e2db541b09df7aedaaa3f2fdb468e10dcfff3b851dc0c10267ed,2024-01-08T16:14:51.389000,sent,kaspa:qqwvnkp47wsj6n4hkdlgj8dsauyx0xvefunnwvvsmpq2udd0ka8ckmpuqw3k5,19911831466899,
31becfc73f996294e524cf150c30eacda72e93bd55e5605026e98694672b3fe6,2024-01-08T14:31:19.164000,received,kaspa:qrvum29vk365g0zcd5gx3c7h829etfq2ytdmscjzw4zw04fjfnprcg9c3tges,20000000000000,
17b25f7162f44e792aeb3ffd4fe2711803eb7e7fb2cd78386840b6ef4da99e18,2024-01-07T23:39:33.876000,sent,kaspa:qqwvnkp47wsj6n4hkdlgj8dsauyx0xvefunnwvvsmpq2udd0ka8ckmpuqw3k5,19999999900000,
c0fb8d7a55ddbf255a68bea081497fc1df4fda7b6dab4142b977d09a18b38c3b,2024-01-07T14:25:59.004000,received,kaspa:qrvum29vk365g0zcd5gx3c7h829etfq2ytdmscjzw4zw04fjfnprcg9c3tges,20000000000000,
f74039973548a5a42fcef8d015d296d4a45c6e9d6eacbc374e49d41930eeaecb,2024-01-07T07:50:53.146000,sent,kaspa:qplj0xdafvpt0u9tkwereeflhnx26um6f0t44vx3vw54n606mcfpwe83g2a6a,19999999900000,
042c205ccdf6d5f2e9c77108c18932daebf24da4502c0db7860f7925f82a1276,2024-01-07T01:40:05.459000,received,kaspa:qrvum29vk365g0zcd5gx3c7h829etfq2ytdmscjzw4zw04fjfnprcg9c3tges,20000000000000,
f3eb10661e4e776a5002a280f17a04737b5f877599e90c98810b36228434e1aa,2024-01-06T08:25:55.791000,sent,kaspa:qqwvnkp47wsj6n4hkdlgj8dsauyx0xvefunnwvvsmpq2udd0ka8ckmpuqw3k5,88681440921,
9702cf469cb9abbae9bee7fede6d58221d489784a4a989d94e74b13becf50a26,2024-01-06T05:24:37.921000,sent,kaspa:qqwvnkp47wsj6n4hkdlgj8dsauyx0xvefunnwvvsmpq2udd0ka8ckmpuqw3k5,19911318359079,
743e5cb8f47526ac03d3f3aaa5761ee92ebdd1b486cafed307b9607ca7dd84ea,2024-01-06T05:23:49.244000,received,kaspa:qrvum29vk365g0zcd5gx3c7h829etfq2ytdmscjzw4zw04fjfnprcg9c3tges,20000000000000,
1c5ea032528ca99b8a5b6cc5a02225a660274cdeb797f4f42c3ae0e015892131,2024-01-05T15:27:23.905000,sent,kaspa:qqwvnkp47wsj6n4hkdlgj8dsauyx0xvefunnwvvsmpq2udd0ka8ckmpuqw3k5,19999999900000,
2543dc9c37c4506e10e7883202da5f06335b762a4155cb610b4199f417c96cb4,2024-01-05T15:23:46.614000,received,kaspa:qrvum29vk365g0zcd5gx3c7h829etfq2ytdmscjzw4zw04fjfnprcg9c3tges,20000000000000,
00ed1bdf82e39d7518f61684cb858058a9dc13f0684452b2ffbe48013f201108,2024-01-05T14:22:31.693000,sent,kaspa:qqwvnkp47wsj6n4hkdlgj8dsauyx0xvefunnwvvsmpq2udd0ka8ckmpuqw3k5,20088399032351,
00ed1bdf82e39d7518f61684cb858058a9dc13f0684452b2ffbe48013f201108,2024-01-05T14:22:31.693000,sent,kaspa:qqwvnkp47wsj6n4hkdlgj8dsauyx0xvefunnwvvsmpq2udd0ka8ckmpuqw3k5,20088399032351,
aafc2dba6b7d5eaadf681d72325d21d6fb1a700fcc1df73f84c9b8f38f917447,2024-01-05T14:21:38.693000,received,kaspa:qrvum29vk365g0zcd5gx3c7h829etfq2ytdmscjzw4zw04fjfnprcg9c3tges,20000000000000,
78e4930bf5a9f07114bc20da97cbbcac171fe660875da66732fe61b5a7161c92,2024-01-05T13:08:23.446000,sent,kaspa:qqwvnkp47wsj6n4hkdlgj8dsauyx0xvefunnwvvsmpq2udd0ka8ckmpuqw3k5,19911600767649,
cd2e1ad71876efd435220f0ae1cadea344b32e521a96deacab1fd27b627c75bb,2024-01-05T13:05:55.498000,received,kaspa:qrvum29vk365g0zcd5gx3c7h829etfq2ytdmscjzw4zw04fjfnprcg9c3tges,20000000000000,
659854fed051b9102d5a8586f7746c6dc29eb063d5d4a522d020bbcaac2fcc79,2024-01-04T18:41:40.595000,sent,kaspa:qqwvnkp47wsj6n4hkdlgj8dsauyx0xvefunnwvvsmpq2udd0ka8ckmpuqw3k5,65754717060,
c8a5eae01b380b2d8b7aa04f406e933e60971ae014d1b559518b62b9d7034660,2024-01-04T05:34:22.625000,sent,kaspa:qqwvnkp47wsj6n4hkdlgj8dsauyx0xvefunnwvvsmpq2udd0ka8ckmpuqw3k5,20011080446863,
c8a5eae01b380b2d8b7aa04f406e933e60971ae014d1b559518b62b9d7034660,2024-01-04T05:34:22.625000,sent,kaspa:qqwvnkp47wsj6n4hkdlgj8dsauyx0xvefunnwvvsmpq2udd0ka8ckmpuqw3k5,20011080446863,
68bb9a162d7383e1a0d9c0fcfee957f5a929368f0d9dba7e504a04022730e958,2024-01-04T05:31:47.224000,received,kaspa:qrvum29vk365g0zcd5gx3c7h829etfq2ytdmscjzw4zw04fjfnprcg9c3tges,20000000000000,
864d845766c3928dd0ad2d01c08058ebb9098f93ac1114755dba4ab2120f0dd6,2024-01-04T03:34:29.694000,sent,kaspa:qqwvnkp47wsj6n4hkdlgj8dsauyx0xvefunnwvvsmpq2udd0ka8ckmpuqw3k5,20011765834082,
864d845766c3928dd0ad2d01c08058ebb9098f93ac1114755dba4ab2120f0dd6,2024-01-04T03:34:29.694000,sent,kaspa:qqwvnkp47wsj6n4hkdlgj8dsauyx0xvefunnwvvsmpq2udd0ka8ckmpuqw3k5,20011765834082,
8d92b7c8044504997d9dd5d2c455da0dd5114a2eadc18f309f0e0a8c2783e107,2024-01-04T03:29:55.700000,received,kaspa:qrvum29vk365g0zcd5gx3c7h829etfq2ytdmscjzw4zw04fjfnprcg9c3tges,20000000000000,
1a06490d48d200f39c5cdaec85f881872f15a5c1b69a7cd84117592290d0c7e5,2024-01-04T02:32:49.600000,sent,kaspa:qqwvnkp47wsj6n4hkdlgj8dsauyx0xvefunnwvvsmpq2udd0ka8ckmpuqw3k5,19911398601995,
e0f092200298fe902a67650d5a9d336a84ced05e82195494c7cc03fce7082910,2024-01-03T19:22:38.399000,received,kaspa:qrvum29vk365g0zcd5gx3c7h829etfq2ytdmscjzw4zw04fjfnprcg9c3tges,20000000000000,
2b27ea09bcfd6cbb769a78dd617f320ba2aa7ec1d99df572b292e3112ef09b9f,2024-01-03T15:57:59.847000,sent,kaspa:qqwvnkp47wsj6n4hkdlgj8dsauyx0xvefunnwvvsmpq2udd0ka8ckmpuqw3k5,24999999900000,
8c11a3bda9c7988dabe2805ccc3045cbc3ca7f6286e475c26f506041f8f266eb,2024-01-03T15:55:35.122000,received,kaspa:qrvum29vk365g0zcd5gx3c7h829etfq2ytdmscjzw4zw04fjfnprcg9c3tges,25000000000000,
6433d7f9ca8b42e493fe0c752f61126a15cf0923add6abc2bb9f2dd2058134b7,2024-01-03T14:42:33.412000,sent,kaspa:qqwvnkp47wsj6n4hkdlgj8dsauyx0xvefunnwvvsmpq2udd0ka8ckmpuqw3k5,19999999900000,
e06fe10156b415ccfd1ca181d5abb90925f3dd6292880327cc87ef7878785e8b,2024-01-03T14:39:36.412000,received,kaspa:qrvum29vk365g0zcd5gx3c7h829etfq2ytdmscjzw4zw04fjfnprcg9c3tges,20000000000000,
3b37552e26d3739ceacf17f1a28532bfc5988869bae32bcc38e9bcc2d7b7268c,2024-01-03T12:27:42.421000,sent,kaspa:qqwvnkp47wsj6n4hkdlgj8dsauyx0xvefunnwvvsmpq2udd0ka8ckmpuqw3k5,24999999900000,
a82f0a4d04d4c422bdf67a9232b480baa1520b9beaaba023ed60d0148a5c6704,2024-01-03T12:24:15.889000,received,kaspa:qz20j2zf4qxx9m8xs6kf4pn8h7tn827hmxtqgrashfcjcuyt4el0yeh89f060,25000000000000,
55892633d83f840a6eab74ebe3181c459df8b587b7b0fa6341beeccfcf9dbcb5,2024-01-03T12:14:01.139000,sent,kaspa:qqwvnkp47wsj6n4hkdlgj8dsauyx0xvefunnwvvsmpq2udd0ka8ckmpuqw3k5,29999999900000,
5aef7b7926006c20419bcbd8eee10fd947864fae40962d91bdb9ff573f085e8e,2024-01-03T12:11:28.397000,received,kaspa:qrvum29vk365g0zcd5gx3c7h829etfq2ytdmscjzw4zw04fjfnprcg9c3tges,30000000000000,
5aef7b7926006c20419bcbd8eee10fd947864fae40962d91bdb9ff573f085e8e,2024-01-03T12:11:28.397000,received,kaspa:qrvum29vk365g0zcd5gx3c7h829etfq2ytdmscjzw4zw04fjfnprcg9c3tges,30000000000000,
5aef7b7926006c20419bcbd8eee10fd947864fae40962d91bdb9ff573f085e8e,2024-01-03T12:11:28.397000,received,kaspa:qrvum29vk365g0zcd5gx3c7h829etfq2ytdmscjzw4zw04fjfnprcg9c3tges,30000000000000,
5aef7b7926006c20419bcbd8eee10fd947864fae40962d91bdb9ff573f085e8e,2024-01-03T12:11:28.397000,received,kaspa:qrvum29vk365g0zcd5gx3c7h829etfq2ytdmscjzw4zw04fjfnprcg9c3tges,30000000000000,
5aef7b7926006c20419bcbd8eee10fd947864fae40962d91bdb9ff573f085e8e,2024-01-03T12:11:28.397000,received,kaspa:qrvum29vk365g0zcd5gx3c7h829etfq2ytdmscjzw4zw04fjfnprcg9c3tges,30000000000000,
5aef7b7926006c20419bcbd8eee10fd947864fae40962d91bdb9ff573f085e8e,2024-01-03T12:11:28.397000,received,kaspa:qrvum29vk365g0zcd5gx3c7h829etfq2ytdmscjzw4zw04fjfnprcg9c3tges,30000000000000,
5aef7b7926006c20419bcbd8eee10fd947864fae40962d91bdb9ff573f085e8e,2024-01-03T12:11:28.397000,received,kaspa:qz20j2zf4qxx9m8xs6kf4pn8h7tn827hmxtqgrashfcjcuyt4el0yeh89f060,30000000000000,
5aef7b7926006c20419bcbd8eee10fd947864fae40962d91bdb9ff573f085e8e,2024-01-03T12:11:28.397000,received,kaspa:qz20j2zf4qxx9m8xs6kf4pn8h7tn827hmxtqgrashfcjcuyt4el0yeh89f060,30000000000000,
5aef7b7926006c20419bcbd8eee10fd947864fae40962d91bdb9ff573f085e8e,2024-01-03T12:11:28.397000,received,kaspa:qz20j2zf4qxx9m8xs6kf4pn8h7tn827hmxtqgrashfcjcuyt4el0yeh89f060,30000000000000,
5aef7b7926006c20419bcbd8eee10fd947864fae40962d91bdb9ff573f085e8e,2024-01-03T12:11:28.397000,received,kaspa:qrvum29vk365g0zcd5gx3c7h829etfq2ytdmscjzw4zw04fjfnprcg9c3tges,30000000000000,
8cf8af107f499738fe6f1e8717879dab4033bb1066f11717da6820cf9096e466,2024-01-01T19:41:09.627000,sent,kaspa:qqwvnkp47wsj6n4hkdlgj8dsauyx0xvefunnwvvsmpq2udd0ka8ckmpuqw3k5,24629999900000,
3f000910b395389f92a6bdd0e11fcdc942c48e2766290b62ddd504ef4df073a3,2024-01-01T19:40:18.993000,received,kaspa:qrvum29vk365g0zcd5gx3c7h829etfq2ytdmscjzw4zw04fjfnprcg9c3tges,24630000000000,
b07ac5578de0599420a8964423c03478a558bbbdb5a4c327645ce63cf91d2c83,2023-12-31T23:09:45.191000,sent,kaspa:qqwvnkp47wsj6n4hkdlgj8dsauyx0xvefunnwvvsmpq2udd0ka8ckmpuqw3k5,29999999900000,
0ee1d0d7368cc8df303703be24a062ecc081444716856c1f03cff6e7b1f12c12,2023-12-31T23:08:02.294000,received,kaspa:qrvum29vk365g0zcd5gx3c7h829etfq2ytdmscjzw4zw04fjfnprcg9c3tges,30000000000000,
56f6c2df9364ebf1358bf8bc6532806bc00d9d35a5cdb10d325a655828a79135,2023-12-31T22:40:22.294000,sent,kaspa:qqwvnkp47wsj6n4hkdlgj8dsauyx0xvefunnwvvsmpq2udd0ka8ckmpuqw3k5,29999999900000,
97f6322f7e942507b186f3f1ae5084a5924595d17866867b21f2d65825a068ba,2023-12-31T22:39:07.156000,received,kaspa:qrvum29vk365g0zcd5gx3c7h829etfq2ytdmscjzw4zw04fjfnprcg9c3tges,30000000000000,
7868ce18e82c1559db8ecbce4bdcecbbf435143ee56dcdd91b924479cae080cf,2023-12-31T22:31:07.531000,sent,kaspa:qqwvnkp47wsj6n4hkdlgj8dsauyx0xvefunnwvvsmpq2udd0ka8ckmpuqw3k5,24999999900000,
53ceeb92816be4e29a52e58f15a1bb4c2c7215365657952ecc89c5f1c6642ff5,2023-12-31T13:08:44.071000,received,kaspa:qrvum29vk365g0zcd5gx3c7h829etfq2ytdmscjzw4zw04fjfnprcg9c3tges,25000000000000,
604b7ddd1e1ad4a4b854e212951b308ae88d5fa9f480b90ad4c50827bc2f7cde,2023-12-30T14:11:29.897000,sent,kaspa:qqwvnkp47wsj6n4hkdlgj8dsauyx0xvefunnwvvsmpq2udd0ka8ckmpuqw3k5,24999999900000,
d4043eb860a2d6dabbeacdc72c1c0da69f9f88d1707675241f0163ab8087680f,2023-12-30T14:10:35.447000,received,kaspa:qrvum29vk365g0zcd5gx3c7h829etfq2ytdmscjzw4zw04fjfnprcg9c3tges,25000000000000,
16fbadc6502120d435ea9aa1952f0ec8ffcb4d0eb9406d788227e016f2b9beda,2023-12-30T09:23:32.517000,sent,kaspa:qqwvnkp47wsj6n4hkdlgj8dsauyx0xvefunnwvvsmpq2udd0ka8ckmpuqw3k5,20002814373459,
16fbadc6502120d435ea9aa1952f0ec8ffcb4d0eb9406d788227e016f2b9beda,2023-12-30T09:23:32.517000,sent,kaspa:qqwvnkp47wsj6n4hkdlgj8dsauyx0xvefunnwvvsmpq2udd0ka8ckmpuqw3k5,20002814373459,
eef7582b623df756bda873c969e4b76eb06b2617da28707b25a62fda11a3f35d,2023-12-30T09:22:33.072000,received,kaspa:qz20j2zf4qxx9m8xs6kf4pn8h7tn827hmxtqgrashfcjcuyt4el0yeh89f060,19999900000000,
98bc0381b9f97e522d9c763a30ed13a738a3c4b9e3288553078b33000432885c,2023-12-30T06:33:18.088000,sent,kaspa:qqwvnkp47wsj6n4hkdlgj8dsauyx0xvefunnwvvsmpq2udd0ka8ckmpuqw3k5,20011044975464,
98bc0381b9f97e522d9c763a30ed13a738a3c4b9e3288553078b33000432885c,2023-12-30T06:33:18.088000,sent,kaspa:qqwvnkp47wsj6n4hkdlgj8dsauyx0xvefunnwvvsmpq2udd0ka8ckmpuqw3k5,20011044975464,
fbcb47bb306ae8984ac166b56a8b32ab1715f8a42c464d2eaf291736bfeb1173,2023-12-30T06:32:27.062000,received,kaspa:qzuuky4xcdd2ur0u24l0drn9xjyf0d95ll25hyk9ttcz4x9wxlhrcrrm8s0a5,19999900000000,
1dc3d6c91258740ab72ace5c3b9e9869ddba36ebfdff36dac058d007b073fc34,2023-12-30T04:01:53.101000,sent,kaspa:qqwvnkp47wsj6n4hkdlgj8dsauyx0xvefunnwvvsmpq2udd0ka8ckmpuqw3k5,18410249924711,
1dc3d6c91258740ab72ace5c3b9e9869ddba36ebfdff36dac058d007b073fc34,2023-12-30T04:01:53.101000,sent,kaspa:qqwvnkp47wsj6n4hkdlgj8dsauyx0xvefunnwvvsmpq2udd0ka8ckmpuqw3k5,18410249924711,
a2418aadc407ef8b7d79667a72ffbb148f827008b78fd04a16a2fd4f7f47c759,2023-12-30T03:59:09.947000,received,kaspa:qrvum29vk365g0zcd5gx3c7h829etfq2ytdmscjzw4zw04fjfnprcg9c3tges,18355719688200,
cb6b0afec0e632f1448dc474fdd78d625391ace4d3b661fdfc20734a5ac87766,2023-12-30T02:49:14.805000,sent,kaspa:qqwvnkp47wsj6n4hkdlgj8dsauyx0xvefunnwvvsmpq2udd0ka8ckmpuqw3k5,19931410014566,
3562a472619884c21f7e735da521489f1227b385537b4af5cda2aa84954aff17,2023-12-30T02:47:02.417000,received,kaspa:qrvum29vk365g0zcd5gx3c7h829etfq2ytdmscjzw4zw04fjfnprcg9c3tges,20000000000000,
33d58b8ebc1838023fdf73887c6d7e23340f1988b32da48546a60d95f651d922,2023-12-29T10:59:31.887000,sent,kaspa:qqwvnkp47wsj6n4hkdlgj8dsauyx0xvefunnwvvsmpq2udd0ka8ckmpuqw3k5,19999999900000,
cc6982e83b781ae1a11181271db3ed266269a30d7537d8b418e90292e75496d0,2023-12-29T10:58:28.978000,received,kaspa:qrvum29vk365g0zcd5gx3c7h829etfq2ytdmscjzw4zw04fjfnprcg9c3tges,20000000000000,
187ea9798b60495f5a6125eefead0afb65a7fb402d78f4bf4d3bdae252895d7d,2023-12-29T09:59:22.059000,sent,kaspa:qqwvnkp47wsj6n4hkdlgj8dsauyx0xvefunnwvvsmpq2udd0ka8ckmpuqw3k5,19999999900000,
4a05d46f0f808b587da9f8b3cf64d767c41f399d95f00748c1bf84ea287c2773,2023-12-29T09:57:35.339000,received,kaspa:qz20j2zf4qxx9m8xs6kf4pn8h7tn827hmxtqgrashfcjcuyt4el0yeh89f060,20000000000000,
76428dc1cef2c7d9c652f485bdefe5a94e8f70a38606aab3f64d1d4d557f3e9b,2023-12-29T04:50:10.826000,sent,kaspa:qqwvnkp47wsj6n4hkdlgj8dsauyx0xvefunnwvvsmpq2udd0ka8ckmpuqw3k5,46312165470,
eeeec37314a07f88694ba025b86bdbdc255c1e639f7def20ea2f4ae7e300a708,2023-12-28T07:20:21.810000,sent,kaspa:qqwvnkp47wsj6n4hkdlgj8dsauyx0xvefunnwvvsmpq2udd0ka8ckmpuqw3k5,20012260051677,
eeeec37314a07f88694ba025b86bdbdc255c1e639f7def20ea2f4ae7e300a708,2023-12-28T07:20:21.810000,sent,kaspa:qqwvnkp47wsj6n4hkdlgj8dsauyx0xvefunnwvvsmpq2udd0ka8ckmpuqw3k5,20012260051677,
36700acd36b3ec902d66d0d3405fbd983cfee6be00350b045dc8c8c36b1ddbe6,2023-12-28T07:17:28.079000,received,kaspa:qrvum29vk365g0zcd5gx3c7h829etfq2ytdmscjzw4zw04fjfnprcg9c3tges,20000000000000,
43f8a1f01ff794533fae28d2b5ee32bc53b9938d21b47a2975eac1ac060426a7,2023-12-28T04:20:08.454000,sent,kaspa:qqwvnkp47wsj6n4hkdlgj8dsauyx0xvefunnwvvsmpq2udd0ka8ckmpuqw3k5,20014393686037,
43f8a1f01ff794533fae28d2b5ee32bc53b9938d21b47a2975eac1ac060426a7,2023-12-28T04:20:08.454000,sent,kaspa:qqwvnkp47wsj6n4hkdlgj8dsauyx0xvefunnwvvsmpq2udd0ka8ckmpuqw3k5,20014393686037,
9c6eb3d024350f28b83c39871cfbb074a44429c687e87f11582dbce3cdf7bab0,2023-12-28T03:00:35.700000,received,kaspa:qrvum29vk365g0zcd5gx3c7h829etfq2ytdmscjzw4zw04fjfnprcg9c3tges,20000000000000,
ff1872f17ffacab53a6a98ca1e0821092d7aefaefceb6b7f35f7852a4cc67684,2023-12-27T17:23:58.571000,sent,kaspa:qqwvnkp47wsj6n4hkdlgj8dsauyx0xvefunnwvvsmpq2udd0ka8ckmpuqw3k5,20013426237446,
ff1872f17ffacab53a6a98ca1e0821092d7aefaefceb6b7f35f7852a4cc67684,2023-12-27T17:23:58.571000,sent,kaspa:qqwvnkp47wsj6n4hkdlgj8dsauyx0xvefunnwvvsmpq2udd0ka8ckmpuqw3k5,20013426237446,
c8dee40f60a2a16f2aa08bafc809eb5f3f44d3cb75905087f51b9beb918ed936,2023-12-27T16:29:10.208000,received,kaspa:qrvum29vk365g0zcd5gx3c7h829etfq2ytdmscjzw4zw04fjfnprcg9c3tges,20000000000000,
48cd5bb6047c80f6802104c2d6079452ea7121fca5ea4704965ad5f35ecb9809,2023-12-27T14:09:09.057000,sent,kaspa:qqwvnkp47wsj6n4hkdlgj8dsauyx0xvefunnwvvsmpq2udd0ka8ckmpuqw3k5,20113607359370,
48cd5bb6047c80f6802104c2d6079452ea7121fca5ea4704965ad5f35ecb9809,2023-12-27T14:09:09.057000,sent,kaspa:qqwvnkp47wsj6n4hkdlgj8dsauyx0xvefunnwvvsmpq2udd0ka8ckmpuqw3k5,20113607359370,
73714e0cc1dd7eca26482469b7d7890caba4d2a42670f2847f955fbc05e3d6a2,2023-12-27T14:07:59.975000,received,kaspa:qrvum29vk365g0zcd5gx3c7h829etfq2ytdmscjzw4zw04fjfnprcg9c3tges,20000000000000,
842fbe006c8610640b3ef5f29bb3001c7646c78b3715bd390ad4221dcb228259,2023-12-27T13:28:07.775000,received,kaspa:qrvum29vk365g0zcd5gx3c7h829etfq2ytdmscjzw4zw04fjfnprcg9c3tges,200000000000,
695edf28eb988578927457edd17b81229eaa37c97fbb55a93a24cb29f7415749,2023-12-27T03:45:25.619000,sent,kaspa:qqwvnkp47wsj6n4hkdlgj8dsauyx0xvefunnwvvsmpq2udd0ka8ckmpuqw3k5,21001926600730,
695edf28eb988578927457edd17b81229eaa37c97fbb55a93a24cb29f7415749,2023-12-27T03:45:25.619000,sent,kaspa:qqwvnkp47wsj6n4hkdlgj8dsauyx0xvefunnwvvsmpq2udd0ka8ckmpuqw3k5,21001926600730,
b9b64d17e0cda21cc33e3a40b14b6b882d7e8cb1c15fc39985d38ba89408bfe7,2023-12-27T03:43:44.375000,received,kaspa:qrvum29vk365g0zcd5gx3c7h829etfq2ytdmscjzw4zw04fjfnprcg9c3tges,20999900000000,
67cad681b6cebd75f9b314ac62f8c8e8459dca405e82c9299ab53078b735f9c3,2023-12-27T03:33:23.019000,sent,kaspa:qqwvnkp47wsj6n4hkdlgj8dsauyx0xvefunnwvvsmpq2udd0ka8ckmpuqw3k5,17210291685245,
67cad681b6cebd75f9b314ac62f8c8e8459dca405e82c9299ab53078b735f9c3,2023-12-27T03:33:23.019000,sent,kaspa:qqwvnkp47wsj6n4hkdlgj8dsauyx0xvefunnwvvsmpq2udd0ka8ckmpuqw3k5,17210291685245,
73cb1994914e4d679cb988e843fd0c5078a58ca6b62883472db4e679f207b400,2023-12-27T03:31:27.747000,received,kaspa:qrvum29vk365g0zcd5gx3c7h829etfq2ytdmscjzw4zw04fjfnprcg9c3tges,17173249721288,
a5947edc9d31f1baedb5dc1d36a702033551420d807126f1124b7d6f57afae2f,2023-12-26T17:58:58.973000,sent,kaspa:qqwvnkp47wsj6n4hkdlgj8dsauyx0xvefunnwvvsmpq2udd0ka8ckmpuqw3k5,20014428212788,
a5947edc9d31f1baedb5dc1d36a702033551420d807126f1124b7d6f57afae2f,2023-12-26T17:58:58.973000,sent,kaspa:qqwvnkp47wsj6n4hkdlgj8dsauyx0xvefunnwvvsmpq2udd0ka8ckmpuqw3k5,20014428212788,
25bc2178cc16287a64d678f2cc4601db4ade38b408fae47c72553b54e581687c,2023-12-26T17:58:16.966000,received,kaspa:qrvum29vk365g0zcd5gx3c7h829etfq2ytdmscjzw4zw04fjfnprcg9c3tges,19999900000000,
44c1a3c572200c418231ad906db6a25a52f92b94423864f90ebb0f12232cd5bf,2023-12-26T16:05:39.850000,sent,kaspa:qqwvnkp47wsj6n4hkdlgj8dsauyx0xvefunnwvvsmpq2udd0ka8ckmpuqw3k5,20012533975704,
44c1a3c572200c418231ad906db6a25a52f92b94423864f90ebb0f12232cd5bf,2023-12-26T16:05:39.850000,sent,kaspa:qqwvnkp47wsj6n4hkdlgj8dsauyx0xvefunnwvvsmpq2udd0ka8ckmpuqw3k5,20012533975704,
d4529c572358e28a7b671053767a5052c659c9f89f8f6649d4322760edfbcb78,2023-12-26T16:03:39.020000,received,kaspa:qrvum29vk365g0zcd5gx3c7h829etfq2ytdmscjzw4zw04fjfnprcg9c3tges,19999900000000,
f783efb14faf93dcd3340b427b964108c05316575002ba4ae68a067773d92d5d,2023-12-26T05:44:52.943000,sent,kaspa:qqwvnkp47wsj6n4hkdlgj8dsauyx0xvefunnwvvsmpq2udd0ka8ckmpuqw3k5,19933668746821,
8e1d9a54339e49e4794f7dc36e440e514100532eb475de11bb64698014b5abb1,2023-12-26T05:44:16.183000,received,kaspa:qrvum29vk365g0zcd5gx3c7h829etfq2ytdmscjzw4zw04fjfnprcg9c3tges,19999900000000,
836896d6bd8670967c0654c8a52a1362f18e86745abc570aa705b1e0bcd81072,2023-12-26T00:48:09.875000,sent,kaspa:qqwvnkp47wsj6n4hkdlgj8dsauyx0xvefunnwvvsmpq2udd0ka8ckmpuqw3k5,87806071393,
6575b29eb3f6a66717f0ebbca833e030c98e01fc720b9bccd1f76e857289c23d,2023-12-25T07:20:01.898000,sent,kaspa:qqwvnkp47wsj6n4hkdlgj8dsauyx0xvefunnwvvsmpq2udd0ka8ckmpuqw3k5,20912093728607,
3227828af568ef835efff23b83211757c6da48872b478c4611765e1320316717,2023-12-25T07:11:58.118000,received,kaspa:qrvum29vk365g0zcd5gx3c7h829etfq2ytdmscjzw4zw04fjfnprcg9c3tges,20999900000000,
bb8dce03b983ab763da079c9b27cb28ee891a865398619722440a86c927bf630,2023-12-24T16:36:08.976000,sent,kaspa:qqwvnkp47wsj6n4hkdlgj8dsauyx0xvefunnwvvsmpq2udd0ka8ckmpuqw3k5,19999899900000,
cbfa63eb90a4ebff09cd2f14804559620755c8fa0502ab3a1fcb266d54de8aa0,2023-12-24T16:34:42.465000,received,kaspa:qrlwzhhrewdsml33d5863anpgdjwq75mg2y4zfy69c24g8eqx0vtzpmkz8h4e,19999900000000,
f38148bc6eca1aa49f4056241059c9d656da133920ab6b8de3569bfba50a946a,2023-12-24T11:21:40.583000,sent,kaspa:qqwvnkp47wsj6n4hkdlgj8dsauyx0xvefunnwvvsmpq2udd0ka8ckmpuqw3k5,19999899900000,
e1fcdf59d8aed1806d00a4698d7e53959461d9a0ebb565d249a620b39247e573,2023-12-24T11:19:14.849000,received,kaspa:qrvum29vk365g0zcd5gx3c7h829etfq2ytdmscjzw4zw04fjfnprcg9c3tges,19999900000000,
4afeee1d04254ffae2e8f5e7598b1d8f3fbf9a2ae6e3bdfa41cd06d2a24728cc,2023-12-24T10:15:42.416000,sent,kaspa:qqwvnkp47wsj6n4hkdlgj8dsauyx0xvefunnwvvsmpq2udd0ka8ckmpuqw3k5,19999899900000,
836e5a3c513e95563fb459de2ed0104a0d5d14b0ef64b03d0702b971ab5061e9,2023-12-24T10:11:17.460000,received,kaspa:qrvum29vk365g0zcd5gx3c7h829etfq2ytdmscjzw4zw04fjfnprcg9c3tges,19999900000000,
bbe560810e0ba0337a32e3121c280761ca89dda07c3bb13c04980b183acdb52c,2023-12-24T08:18:39.205000,sent,kaspa:qqwvnkp47wsj6n4hkdlgj8dsauyx0xvefunnwvvsmpq2udd0ka8ckmpuqw3k5,19999899900000,
213d47d35b5910a28467e9dd88685ccfe425e5935165d0a7105ce8db367688a2,2023-12-24T08:17:52.095000,received,kaspa:qrvum29vk365g0zcd5gx3c7h829etfq2ytdmscjzw4zw04fjfnprcg9c3tges,19999900000000,
05002d4b0d69c9d397bfe506162b67ccd67d96156c1a895316e9b5671436f637,2023-12-24T05:28:48.081000,sent,kaspa:qqwvnkp47wsj6n4hkdlgj8dsauyx0xvefunnwvvsmpq2udd0ka8ckmpuqw3k5,19999899900000,
54b474761096fce072a359d385f27d2849b987ee1b062e99e701e947697ecde0,2023-12-24T05:27:36.843000,received,kaspa:qrvum29vk365g0zcd5gx3c7h829etfq2ytdmscjzw4zw04fjfnprcg9c3tges,19999900000000,
bd8614c3680ada5a42f305b35b74ba3470ecae98e6d4183baeebf5c670ed8442,2023-12-24T02:15:01.725000,sent,kaspa:qqwvnkp47wsj6n4hkdlgj8dsauyx0xvefunnwvvsmpq2udd0ka8ckmpuqw3k5,20474533636,
93a65363315210f2a6210f718f95ba69177c11e35096cc905b8cbd1803f3c1a4,2023-12-23T11:29:33.390000,sent,kaspa:qqwvnkp47wsj6n4hkdlgj8dsauyx0xvefunnwvvsmpq2udd0ka8ckmpuqw3k5,20011526773819,
93a65363315210f2a6210f718f95ba69177c11e35096cc905b8cbd1803f3c1a4,2023-12-23T11:29:33.390000,sent,kaspa:qqwvnkp47wsj6n4hkdlgj8dsauyx0xvefunnwvvsmpq2udd0ka8ckmpuqw3k5,20011526773819,
109da0bc6917abd5270ae7176fb457d390c1ffd2608b56cd17efd5d672b8645b,2023-12-23T11:28:12.463000,received,kaspa:qrvum29vk365g0zcd5gx3c7h829etfq2ytdmscjzw4zw04fjfnprcg9c3tges,19999900000000,
d6ddb4ab3c1521abe89cd4c8e488c230c201a9ef586727cd4e8361f19c8a4207,2023-12-22T15:06:50.661000,sent,kaspa:qqwvnkp47wsj6n4hkdlgj8dsauyx0xvefunnwvvsmpq2udd0ka8ckmpuqw3k5,20014326428540,
d6ddb4ab3c1521abe89cd4c8e488c230c201a9ef586727cd4e8361f19c8a4207,2023-12-22T15:06:50.661000,sent,kaspa:qqwvnkp47wsj6n4hkdlgj8dsauyx0xvefunnwvvsmpq2udd0ka8ckmpuqw3k5,20014326428540,
c5458c7a85f6fb75417b0bb7bb4c65061e66eff00d81635648b6467e86b511d6,2023-12-22T15:00:02.469000,received,kaspa:qrvum29vk365g0zcd5gx3c7h829etfq2ytdmscjzw4zw04fjfnprcg9c3tges,19999900000000,
e762dc02490448e1917a556f5ceea5f01a33e7f6ca291f9c057b948f76cbc38b,2023-12-22T09:36:24.532000,sent,kaspa:qqwvnkp47wsj6n4hkdlgj8dsauyx0xvefunnwvvsmpq2udd0ka8ckmpuqw3k5,20013736102466,
e762dc02490448e1917a556f5ceea5f01a33e7f6ca291f9c057b948f76cbc38b,2023-12-22T09:36:24.532000,sent,kaspa:qqwvnkp47wsj6n4hkdlgj8dsauyx0xvefunnwvvsmpq2udd0ka8ckmpuqw3k5,20013736102466,
d0ee8d8c525b3e2223253230d362d12d1599d35c9a97fef55810d04b9d41aba5,2023-12-22T09:35:35.167000,received,kaspa:qrvum29vk365g0zcd5gx3c7h829etfq2ytdmscjzw4zw04fjfnprcg9c3tges,19999900000000,
933c8b7189b371652470a48ee1992a537e270ea44ed5470267a52f5387d0ee2f,2023-12-22T09:20:46.104000,sent,kaspa:qqwvnkp47wsj6n4hkdlgj8dsauyx0xvefunnwvvsmpq2udd0ka8ckmpuqw3k5,20013704271034,
933c8b7189b371652470a48ee1992a537e270ea44ed5470267a52f5387d0ee2f,2023-12-22T09:20:46.104000,sent,kaspa:qqwvnkp47wsj6n4hkdlgj8dsauyx0xvefunnwvvsmpq2udd0ka8ckmpuqw3k5,20013704271034,
6892934214af497d472363c4d8c336ac5911658210316a0ac59ce5bd72d9f87e,2023-12-22T09:20:11.314000,received,kaspa:qrvum29vk365g0zcd5gx3c7h829etfq2ytdmscjzw4zw04fjfnprcg9c3tges,19999900000000,
2b8ed5ecf08c59a3d1e408d032b77f9512b4aade1326b999726ac7bbdf0907dc,2023-12-22T09:10:47.722000,sent,kaspa:qqwvnkp47wsj6n4hkdlgj8dsauyx0xvefunnwvvsmpq2udd0ka8ckmpuqw3k5,20013083181273,
2b8ed5ecf08c59a3d1e408d032b77f9512b4aade1326b999726ac7bbdf0907dc,2023-12-22T09:10:47.722000,sent,kaspa:qqwvnkp47wsj6n4hkdlgj8dsauyx0xvefunnwvvsmpq2udd0ka8ckmpuqw3k5,20013083181273,
7bcfa91547d4b56e3202dda70373b91c05e7ea35c3310eb037430cab16a5d9dc,2023-12-22T09:06:39.636000,received,kaspa:qqasn84zefwgrpk0k8rnysxj7mswelpfrkcle40tny7zwun9rze777y553a2a,19999900000000,
f5728157cbbf155d6dfa49341c7807d90fba8a074b0cd090654f0f9835e96bc5,2023-12-22T07:47:06.719000,sent,kaspa:qqwvnkp47wsj6n4hkdlgj8dsauyx0xvefunnwvvsmpq2udd0ka8ckmpuqw3k5,19912548009232,
24de515f522c925b96a91655cc488f86226a82140510ea8bdcd605d1afd01d31,2023-12-22T07:45:54.981000,received,kaspa:qrvum29vk365g0zcd5gx3c7h829etfq2ytdmscjzw4zw04fjfnprcg9c3tges,19999900000000,
52f466a7f7b3c98add5c852281f6aa1c6ca488406b368787aad93c37718236c0,2023-12-22T07:34:31.363000,sent,kaspa:qqwvnkp47wsj6n4hkdlgj8dsauyx0xvefunnwvvsmpq2udd0ka8ckmpuqw3k5,20007816597047,
52f466a7f7b3c98add5c852281f6aa1c6ca488406b368787aad93c37718236c0,2023-12-22T07:34:31.363000,sent,kaspa:qqwvnkp47wsj6n4hkdlgj8dsauyx0xvefunnwvvsmpq2udd0ka8ckmpuqw3k5,20007816597047,
71e83b0b0136e0dea1169da0951763c7a884e28577b439995f790a7844a6e12e,2023-12-22T07:32:37.264000,received,kaspa:qrvum29vk365g0zcd5gx3c7h829etfq2ytdmscjzw4zw04fjfnprcg9c3tges,19999900000000,
1fbfc6ead2eb72008290a515a175232ffa3df192dc0d6d3809cbaaa672c74528,2023-12-22T07:18:26.020000,sent,kaspa:qqwvnkp47wsj6n4hkdlgj8dsauyx0xvefunnwvvsmpq2udd0ka8ckmpuqw3k5,20012699838151,
1fbfc6ead2eb72008290a515a175232ffa3df192dc0d6d3809cbaaa672c74528,2023-12-22T07:18:26.020000,sent,kaspa:qqwvnkp47wsj6n4hkdlgj8dsauyx0xvefunnwvvsmpq2udd0ka8ckmpuqw3k5,20012699838151,
8cae2862b4ddd52dd18cce571ea469da0b52dfb34e127b5dc03b47276cfb347c,2023-12-22T07:17:01.693000,received,kaspa:qrvum29vk365g0zcd5gx3c7h829etfq2ytdmscjzw4zw04fjfnprcg9c3tges,19999900000000,
c0e1282020dcef32fa1cbe9370c8e61d24b35ac0bf09a2a88cbf51476e244ea5,2023-12-22T07:03:15.073000,sent,kaspa:qqwvnkp47wsj6n4hkdlgj8dsauyx0xvefunnwvvsmpq2udd0ka8ckmpuqw3k5,19979183264802,
94b5f7438097d581198ddbc641604351f11bccc4917d964871902fff356abc92,2023-12-22T07:02:30.964000,received,kaspa:qrvum29vk365g0zcd5gx3c7h829etfq2ytdmscjzw4zw04fjfnprcg9c3tges,19999900000000,
e42d333372abb4ada45e9475d32ad5de1603f84dfab12dbd01eca69c57af4418,2023-12-22T01:36:17.647000,sent,kaspa:qqwvnkp47wsj6n4hkdlgj8dsauyx0xvefunnwvvsmpq2udd0ka8ckmpuqw3k5,43404288114,
e0d17a8eabaf0a8ac74055abd126059e627ca2284ce901162897bd63dd8b4345,2023-12-21T14:14:41.199000,sent,kaspa:qqwvnkp47wsj6n4hkdlgj8dsauyx0xvefunnwvvsmpq2udd0ka8ckmpuqw3k5,18012732951320,
e0d17a8eabaf0a8ac74055abd126059e627ca2284ce901162897bd63dd8b4345,2023-12-21T14:14:41.199000,sent,kaspa:qqwvnkp47wsj6n4hkdlgj8dsauyx0xvefunnwvvsmpq2udd0ka8ckmpuqw3k5,18012732951320,
c1e31ece4eab0074a7de06041b3ca9128dc88ac7ecd0b1108068ea8867a82b26,2023-12-21T14:13:27.211000,received,kaspa:qrvum29vk365g0zcd5gx3c7h829etfq2ytdmscjzw4zw04fjfnprcg9c3tges,17999900000000,
d73209f4bb2d272f69ab72b7baefb3b017e13cd450321d959d37fb7ec33ac655,2023-12-21T14:11:06.855000,sent,kaspa:qqwvnkp47wsj6n4hkdlgj8dsauyx0xvefunnwvvsmpq2udd0ka8ckmpuqw3k5,2004302226168,
d73209f4bb2d272f69ab72b7baefb3b017e13cd450321d959d37fb7ec33ac655,2023-12-21T14:11:06.855000,sent,kaspa:qqwvnkp47wsj6n4hkdlgj8dsauyx0xvefunnwvvsmpq2udd0ka8ckmpuqw3k5,2004302226168,
b613c712df8a635db73c4c3c07d928e6814bdd2a84a4faa4e68b03c326b05604,2023-12-21T14:06:10.938000,received,kaspa:qrvum29vk365g0zcd5gx3c7h829etfq2ytdmscjzw4zw04fjfnprcg9c3tges,1999900000000,
c90f4391471f2f026c1805702c98022ca807d8f819b8a65e7b04ec9f74c5d39c,2023-12-21T06:05:22.361000,sent,kaspa:qqwvnkp47wsj6n4hkdlgj8dsauyx0xvefunnwvvsmpq2udd0ka8ckmpuqw3k5,21013080007765,
c90f4391471f2f026c1805702c98022ca807d8f819b8a65e7b04ec9f74c5d39c,2023-12-21T06:05:22.361000,sent,kaspa:qqwvnkp47wsj6n4hkdlgj8dsauyx0xvefunnwvvsmpq2udd0ka8ckmpuqw3k5,21013080007765,
36b132d8e54382831ee7602d3651d6e34b4eb74ec1f3cfd841cb2e26baa009d4,2023-12-21T06:03:17.244000,received,kaspa:qrvum29vk365g0zcd5gx3c7h829etfq2ytdmscjzw4zw04fjfnprcg9c3tges,20999900000000,
c8826c93c2f8355e39eeb41c863dab0cfa8e468bd9bd7384e108210e77aa8fb2,2023-12-21T05:52:33.189000,sent,kaspa:qqwvnkp47wsj6n4hkdlgj8dsauyx0xvefunnwvvsmpq2udd0ka8ckmpuqw3k5,21012704085383,
c8826c93c2f8355e39eeb41c863dab0cfa8e468bd9bd7384e108210e77aa8fb2,2023-12-21T05:52:33.189000,sent,kaspa:qqwvnkp47wsj6n4hkdlgj8dsauyx0xvefunnwvvsmpq2udd0ka8ckmpuqw3k5,21012704085383,
b718b870bb8cbfb3bd8bc745508393486c7df4217881d3206b2b5d86e5fb6e45,2023-12-21T05:48:50.038000,received,kaspa:qrvum29vk365g0zcd5gx3c7h829etfq2ytdmscjzw4zw04fjfnprcg9c3tges,20999900000000,
90e2f52e61e95d26ca1208071b0809d1c3f15f83a4ec201d055332e95aae3f72,2023-12-21T01:51:25.025000,sent,kaspa:qqwvnkp47wsj6n4hkdlgj8dsauyx0xvefunnwvvsmpq2udd0ka8ckmpuqw3k5,20913275841250,
6b9a158903f5a0c042ffc4b920c920da54f7e86e56119c2eb50290e80f96cf7a,2023-12-21T01:49:22.866000,received,kaspa:qrvum29vk365g0zcd5gx3c7h829etfq2ytdmscjzw4zw04fjfnprcg9c3tges,20999900000000,
5012af2787a106129d8ccf28712f61f8f64f11da0854993f792e93de45e06834,2023-12-20T17:29:20.012000,sent,kaspa:qqwvnkp47wsj6n4hkdlgj8dsauyx0xvefunnwvvsmpq2udd0ka8ckmpuqw3k5,15557993188,
13b96a12ac938dfa5e9e84690aed43319d144950a1f96f54a55e4005ea5a3eb0,2023-12-20T16:32:28.507000,sent,kaspa:qqwvnkp47wsj6n4hkdlgj8dsauyx0xvefunnwvvsmpq2udd0ka8ckmpuqw3k5,16013037536834,
13b96a12ac938dfa5e9e84690aed43319d144950a1f96f54a55e4005ea5a3eb0,2023-12-20T16:32:28.507000,sent,kaspa:qqwvnkp47wsj6n4hkdlgj8dsauyx0xvefunnwvvsmpq2udd0ka8ckmpuqw3k5,16013037536834,
cb592ddb680460e8d2d1357b619b5b1d751397ec039504af23c69e52df5d344a,2023-12-20T16:31:54.276000,received,kaspa:qrvum29vk365g0zcd5gx3c7h829etfq2ytdmscjzw4zw04fjfnprcg9c3tges,15999900000000,
1d810d15028443f312ec1ec0f4a8cdda3fcbdd8d256cd88208ef4e2227ee13fa,2023-12-20T16:15:02.264000,sent,kaspa:qqwvnkp47wsj6n4hkdlgj8dsauyx0xvefunnwvvsmpq2udd0ka8ckmpuqw3k5,15971204169978,
daedb0342aceb3e302ee73659ff8fcd2c8f5abb6a2107706c1573f8892e2d05f,2023-12-20T16:13:35.143000,received,kaspa:qrvum29vk365g0zcd5gx3c7h829etfq2ytdmscjzw4zw04fjfnprcg9c3tges,15999900000000,
e40d14b57b0c3825ade1190481dafc9754efe30b9473afeacf6d6b5471cf77e4,2023-12-20T15:08:10.647000,sent,kaspa:qqwvnkp47wsj6n4hkdlgj8dsauyx0xvefunnwvvsmpq2udd0ka8ckmpuqw3k5,52558341871,
434aa22535d9908b18327e7cac69ab829c420a5e9cf1c74d0ae81739377c3f14,2023-12-20T07:33:33.625000,sent,kaspa:qqwvnkp47wsj6n4hkdlgj8dsauyx0xvefunnwvvsmpq2udd0ka8ckmpuqw3k5,19953286748983,
434aa22535d9908b18327e7cac69ab829c420a5e9cf1c74d0ae81739377c3f14,2023-12-20T07:33:33.625000,sent,kaspa:qqwvnkp47wsj6n4hkdlgj8dsauyx0xvefunnwvvsmpq2udd0ka8ckmpuqw3k5,19953286748983,
db203bfc40178a78c4088d9100da787987a0713b40fed6099b5dd66119e40ee8,2023-12-20T07:31:59.105000,received,kaspa:qrvum29vk365g0zcd5gx3c7h829etfq2ytdmscjzw4zw04fjfnprcg9c3tges,19999900000000,
8ea914a05ffbf1ed3512ba348d45651aacffd750f2c72835e59ecf0b5792e0c9,2023-12-20T02:13:38.150000,sent,kaspa:qqwvnkp47wsj6n4hkdlgj8dsauyx0xvefunnwvvsmpq2udd0ka8ckmpuqw3k5,21013286501993,
8ea914a05ffbf1ed3512ba348d45651aacffd750f2c72835e59ecf0b5792e0c9,2023-12-20T02:13:38.150000,sent,kaspa:qqwvnkp47wsj6n4hkdlgj8dsauyx0xvefunnwvvsmpq2udd0ka8ckmpuqw3k5,21013286501993,
871dccd668f9619678f5d8b7fbb4b6cbedebd71a00b7cc186055807111973cd0,2023-12-20T02:12:13.384000,received,kaspa:qrvum29vk365g0zcd5gx3c7h829etfq2ytdmscjzw4zw04fjfnprcg9c3tges,20999900000000,
b1b4b258bbbeb4f36882ddf8ada2c7391f984b3755cb8ea80fc5236e755dbe69,2023-12-19T14:17:25.210000,sent,kaspa:qqwvnkp47wsj6n4hkdlgj8dsauyx0xvefunnwvvsmpq2udd0ka8ckmpuqw3k5,17331668007153,
07af58ed17c862e441bf479d0b7669c54ed57b58aa67755c9aa7982e8df7968d,2023-12-19T14:16:43.703000,received,kaspa:qpgkrrcuf429zezjxaz88pwcn7395duj9tescyzq78uclkhwtk2h2jrzld6ua,17351000000000,
307b0d56ca25f5496e77b7106236c0edd3a92b243131d91c9d4bfeb3242a0d8d,2023-12-19T12:51:32.830000,sent,kaspa:qqwvnkp47wsj6n4hkdlgj8dsauyx0xvefunnwvvsmpq2udd0ka8ckmpuqw3k5,41764413257,
b823f021886cb14a5613776a5ebbc9f2c82cf8d50b03a6500cb775b2cd06fb7b,2023-12-19T09:38:41.842000,sent,kaspa:qqwvnkp47wsj6n4hkdlgj8dsauyx0xvefunnwvvsmpq2udd0ka8ckmpuqw3k5,20018473675403,
b823f021886cb14a5613776a5ebbc9f2c82cf8d50b03a6500cb775b2cd06fb7b,2023-12-19T09:38:41.842000,sent,kaspa:qqwvnkp47wsj6n4hkdlgj8dsauyx0xvefunnwvvsmpq2udd0ka8ckmpuqw3k5,20018473675403,
68fc214c90c82a86101131dd54ce5d0ed9fadd300203c1d2ef5a957a30d3b648,2023-12-19T09:37:58.726000,received,kaspa:qrvum29vk365g0zcd5gx3c7h829etfq2ytdmscjzw4zw04fjfnprcg9c3tges,19999900000000,
0cb1ce1e3bd9e29af737f7a2a55a343578077523626186aefe7bfc8a7b493975,2023-12-19T07:06:04.215000,sent,kaspa:qqwvnkp47wsj6n4hkdlgj8dsauyx0xvefunnwvvsmpq2udd0ka8ckmpuqw3k5,19939561611340,
ba24c4f2250b7bf97788f7184f215a0cba4830b5464e11b1f3a7093c3274c8ee,2023-12-19T07:04:04.351000,received,kaspa:qz20j2zf4qxx9m8xs6kf4pn8h7tn827hmxtqgrashfcjcuyt4el0yeh89f060,19999900000000,
b73a6136b0f199b53d2e7860962374be2d7ed4177d66dc1e22918996f95dcfc8,2023-12-19T05:09:13.960000,sent,kaspa:qqwvnkp47wsj6n4hkdlgj8dsauyx0xvefunnwvvsmpq2udd0ka8ckmpuqw3k5,86645291339,
ebd45af4c9b2d174fd7de7960c4df130ccc3f6708f26afc9402ac0771ceaab36,2023-12-19T00:36:50.110000,sent,kaspa:qqwvnkp47wsj6n4hkdlgj8dsauyx0xvefunnwvvsmpq2udd0ka8ckmpuqw3k5,19913254508661,
da7a0e67070c5109619d9d5417d70ab50ba1c9c8991941b66510419ea71453c2,2023-12-19T00:26:47.097000,received,kaspa:qrvum29vk365g0zcd5gx3c7h829etfq2ytdmscjzw4zw04fjfnprcg9c3tges,19999900000000,
983e8f4268f764729ad83b5c4bdb2c7846228dd23a964d90b958da37e63db9c0,2023-12-18T13:46:26.180000,sent,kaspa:qqwvnkp47wsj6n4hkdlgj8dsauyx0xvefunnwvvsmpq2udd0ka8ckmpuqw3k5,20012492798060,
983e8f4268f764729ad83b5c4bdb2c7846228dd23a964d90b958da37e63db9c0,2023-12-18T13:46:26.180000,sent,kaspa:qqwvnkp47wsj6n4hkdlgj8dsauyx0xvefunnwvvsmpq2udd0ka8ckmpuqw3k5,20012492798060,
8609b42cd054f4f428b415766deb14f71e931a9b70ea2c3bf2bf510a26bb76b6,2023-12-18T13:43:23.616000,received,kaspa:qrvum29vk365g0zcd5gx3c7h829etfq2ytdmscjzw4zw04fjfnprcg9c3tges,19999900000000,
63844700107a4ebc5a6fc45a3df2b9ba78ffd3f9e788935c3e99c23f74f45755,2023-12-18T08:05:05.948000,sent,kaspa:qqwvnkp47wsj6n4hkdlgj8dsauyx0xvefunnwvvsmpq2udd0ka8ckmpuqw3k5,20013144543539,
63844700107a4ebc5a6fc45a3df2b9ba78ffd3f9e788935c3e99c23f74f45755,2023-12-18T08:05:05.948000,sent,kaspa:qqwvnkp47wsj6n4hkdlgj8dsauyx0xvefunnwvvsmpq2udd0ka8ckmpuqw3k5,20013144543539,
18d359e52689d4400a909f4f51c954a65effbeb93a2d18285e8e7be58550acd7,2023-12-18T07:57:47.184000,received,kaspa:qrvum29vk365g0zcd5gx3c7h829etfq2ytdmscjzw4zw04fjfnprcg9c3tges,19999900000000,
8f6f204228a241185e3fe3f67c98fb91c695e5101302d226b7c57904c83f04e4,2023-12-18T01:23:32.566000,sent,kaspa:qqwvnkp47wsj6n4hkdlgj8dsauyx0xvefunnwvvsmpq2udd0ka8ckmpuqw3k5,20012332196764,
8f6f204228a241185e3fe3f67c98fb91c695e5101302d226b7c57904c83f04e4,2023-12-18T01:23:32.566000,sent,kaspa:qqwvnkp47wsj6n4hkdlgj8dsauyx0xvefunnwvvsmpq2udd0ka8ckmpuqw3k5,20012332196764,
e583ebde12a241314554e3cd6fd3d447ee9b592d11490a670d862dc0ebce64f8,2023-12-18T01:17:20.828000,received,kaspa:qrvum29vk365g0zcd5gx3c7h829etfq2ytdmscjzw4zw04fjfnprcg9c3tges,19999900000000,
93e86cebfd3373c4d0df257eee76de464e8a280488764b70caaf3a845061d322,2023-12-17T07:46:32.980000,sent,kaspa:qqwvnkp47wsj6n4hkdlgj8dsauyx0xvefunnwvvsmpq2udd0ka8ckmpuqw3k5,20012384972773,
93e86cebfd3373c4d0df257eee76de464e8a280488764b70caaf3a845061d322,2023-12-17T07:46:32.980000,sent,kaspa:qqwvnkp47wsj6n4hkdlgj8dsauyx0xvefunnwvvsmpq2udd0ka8ckmpuqw3k5,20012384972773,
28aabefca76e50235fbb359d50d76bfb7fc833d81c9e04a75ce60acd3d6e63b8,2023-12-17T07:43:44.201000,received,kaspa:qrvum29vk365g0zcd5gx3c7h829etfq2ytdmscjzw4zw04fjfnprcg9c3tges,19999900000000,
13af6ef81b58671490e51ef5fff9d6e91c4cca9d545563615ee5f5652fc7f701,2023-12-17T06:33:10.650000,sent,kaspa:qqwvnkp47wsj6n4hkdlgj8dsauyx0xvefunnwvvsmpq2udd0ka8ckmpuqw3k5,20012088529406,
13af6ef81b58671490e51ef5fff9d6e91c4cca9d545563615ee5f5652fc7f701,2023-12-17T06:33:10.650000,sent,kaspa:qqwvnkp47wsj6n4hkdlgj8dsauyx0xvefunnwvvsmpq2udd0ka8ckmpuqw3k5,20012088529406,
a6f43777329dda739fd2746df7f8ab67e836757b581fedd9f340ce4f833160a8,2023-12-17T06:29:17.252000,received,kaspa:qrvum29vk365g0zcd5gx3c7h829etfq2ytdmscjzw4zw04fjfnprcg9c3tges,19999900000000,
020553c9a137222fd584c4f5cd625d73d6cc7d652adaf7d2db7f852530895407,2023-12-17T06:09:24.555000,sent,kaspa:qqwvnkp47wsj6n4hkdlgj8dsauyx0xvefunnwvvsmpq2udd0ka8ckmpuqw3k5,20011967353812,
020553c9a137222fd584c4f5cd625d73d6cc7d652adaf7d2db7f852530895407,2023-12-17T06:09:24.555000,sent,kaspa:qqwvnkp47wsj6n4hkdlgj8dsauyx0xvefunnwvvsmpq2udd0ka8ckmpuqw3k5,20011967353812,
816ca11b10ea37b25840a2e7bbd9795154bec14895d9d60f85d09288c7b41408,2023-12-17T05:52:55.704000,received,kaspa:qrvum29vk365g0zcd5gx3c7h829etfq2ytdmscjzw4zw04fjfnprcg9c3tges,19999900000000,
1805df3e929bc65acfaff95a8fcd2ed3053fe4367b691e0a6a63e75d1ebaec16,2023-12-17T03:07:54.492000,sent,kaspa:qqwvnkp47wsj6n4hkdlgj8dsauyx0xvefunnwvvsmpq2udd0ka8ckmpuqw3k5,25015237142933,
1805df3e929bc65acfaff95a8fcd2ed3053fe4367b691e0a6a63e75d1ebaec16,2023-12-17T03:07:54.492000,sent,kaspa:qqwvnkp47wsj6n4hkdlgj8dsauyx0xvefunnwvvsmpq2udd0ka8ckmpuqw3k5,25015237142933,
d2ee79f1515e6af691b685f6e540703f251f1ea895743d17d6c00655b5a415cc,2023-12-17T03:04:32.316000,received,kaspa:qrvum29vk365g0zcd5gx3c7h829etfq2ytdmscjzw4zw04fjfnprcg9c3tges,24999900000000,
d87bf2c15ad37a349c548b0caf311c4e07a2f7de944ca576676ff1d31e8f043a,2023-12-17T02:46:33.825000,sent,kaspa:qqwvnkp47wsj6n4hkdlgj8dsauyx0xvefunnwvvsmpq2udd0ka8ckmpuqw3k5,19912248737642,
d87bf2c15ad37a349c548b0caf311c4e07a2f7de944ca576676ff1d31e8f043a,2023-12-17T02:46:33.825000,sent,kaspa:qqwvnkp47wsj6n4hkdlgj8dsauyx0xvefunnwvvsmpq2udd0ka8ckmpuqw3k5,19912248737642,
5a10a02dd4ac9f43de37c61fdcdfe6c5fe8523fc094064a6e182b4624c79130f,2023-12-17T02:42:49.655000,received,kaspa:qzkjdp8l79u4wayjjcvfvg4sdh9vhrhrdsspll6ue22qxy0mcyxkgplelkcpm,19999900000000,
397ee1e058fc98b8fb372633fbd0976a930021b08fcc45b688d1b64643f13aa0,2023-12-17T02:04:17.699000,sent,kaspa:qqwvnkp47wsj6n4hkdlgj8dsauyx0xvefunnwvvsmpq2udd0ka8ckmpuqw3k5,15009892836847,
397ee1e058fc98b8fb372633fbd0976a930021b08fcc45b688d1b64643f13aa0,2023-12-17T02:04:17.699000,sent,kaspa:qqwvnkp47wsj6n4hkdlgj8dsauyx0xvefunnwvvsmpq2udd0ka8ckmpuqw3k5,15009892836847,
71a3e3802da5251f8ac717a2c306c016bbdd15563d848bf716ddcaa9c1850bc5,2023-12-17T02:03:06.090000,received,kaspa:qrvum29vk365g0zcd5gx3c7h829etfq2ytdmscjzw4zw04fjfnprcg9c3tges,15000000000000,
458fabc0397b7e32ec2ae4bf8321fa4f0dfd68df7e712161833fa9a79c7a9d97,2023-12-16T15:50:18.135000,sent,kaspa:qqwvnkp47wsj6n4hkdlgj8dsauyx0xvefunnwvvsmpq2udd0ka8ckmpuqw3k5,19987309888224,
c8cf7d8cf6f198e1e72284ad6e88b90e11f3776fbce5b9f9f6dcb9d90611bcdd,2023-12-16T15:48:01.952000,received,kaspa:qrvum29vk365g0zcd5gx3c7h829etfq2ytdmscjzw4zw04fjfnprcg9c3tges,19999900000000,
5918be1c5736b98ee7d1b7257994cc51ccc40a6507b9c0a03d610dad8e17adbb,2023-12-16T09:22:53.072000,sent,kaspa:qqwvnkp47wsj6n4hkdlgj8dsauyx0xvefunnwvvsmpq2udd0ka8ckmpuqw3k5,44032678926,
17f5ef16508fda47e07692147b8be4c3f58f28642538d63aafa29e19068085ea,2023-12-15T13:48:11.697000,sent,kaspa:qqwvnkp47wsj6n4hkdlgj8dsauyx0xvefunnwvvsmpq2udd0ka8ckmpuqw3k5,20013347885527,
17f5ef16508fda47e07692147b8be4c3f58f28642538d63aafa29e19068085ea,2023-12-15T13:48:11.697000,sent,kaspa:qqwvnkp47wsj6n4hkdlgj8dsauyx0xvefunnwvvsmpq2udd0ka8ckmpuqw3k5,20013347885527,
dd6c289e80d411148907f4dfd875a73a2758175012b0ba5691a6d06d0b56bdb4,2023-12-15T13:47:21.284000,received,kaspa:qrvum29vk365g0zcd5gx3c7h829etfq2ytdmscjzw4zw04fjfnprcg9c3tges,19999900000000,
ddd46d86e0a5486e49026dbebb6995cb5acc6fc859b70d74b86f631818735bc6,2023-12-15T07:58:57.179000,sent,kaspa:qqwvnkp47wsj6n4hkdlgj8dsauyx0xvefunnwvvsmpq2udd0ka8ckmpuqw3k5,20013762860012,
ddd46d86e0a5486e49026dbebb6995cb5acc6fc859b70d74b86f631818735bc6,2023-12-15T07:58:57.179000,sent,kaspa:qqwvnkp47wsj6n4hkdlgj8dsauyx0xvefunnwvvsmpq2udd0ka8ckmpuqw3k5,20013762860012,
197c8a152fa8d8c1698539ec6ae523122db1d4ea2c14ecd7000e9e85d3774a15,2023-12-15T07:58:07.941000,received,kaspa:qz7rh5j2djygjn7lprprtarvltucu9efajydyapr42eyae685z3p6us4ll2lk,19999900000000,
3ca5dad905b0cdb93d30a79e0fc97a408251ed77ad8d25794627c40fa913404a,2023-12-15T07:48:38.589000,sent,kaspa:qqwvnkp47wsj6n4hkdlgj8dsauyx0xvefunnwvvsmpq2udd0ka8ckmpuqw3k5,20013078724868,
3ca5dad905b0cdb93d30a79e0fc97a408251ed77ad8d25794627c40fa913404a,2023-12-15T07:48:38.589000,sent,kaspa:qqwvnkp47wsj6n4hkdlgj8dsauyx0xvefunnwvvsmpq2udd0ka8ckmpuqw3k5,20013078724868,
14fcbf19e7a85b52a807c2e7e9cf92f4f0cd4254e121e97f6b1f399dc8543170,2023-12-15T07:47:30.108000,received,kaspa:qrvum29vk365g0zcd5gx3c7h829etfq2ytdmscjzw4zw04fjfnprcg9c3tges,19999900000000,
8c06f4044bf4d81494c2260d38c50c5f112f833a6010f2783662187cf27059aa,2023-12-15T06:01:56.238000,sent,kaspa:qqwvnkp47wsj6n4hkdlgj8dsauyx0xvefunnwvvsmpq2udd0ka8ckmpuqw3k5,17611468985052,
8c06f4044bf4d81494c2260d38c50c5f112f833a6010f2783662187cf27059aa,2023-12-15T06:01:56.238000,sent,kaspa:qqwvnkp47wsj6n4hkdlgj8dsauyx0xvefunnwvvsmpq2udd0ka8ckmpuqw3k5,17611468985052,
5416381ac5859fadd20fdd500d6a1bd55e6410dde0f43c8442bc0062fe123171,2023-12-15T06:00:09.006000,received,kaspa:qrvum29vk365g0zcd5gx3c7h829etfq2ytdmscjzw4zw04fjfnprcg9c3tges,17602529266500,
671aed10086c1314285395577eecf493e535612029cadb26e862bb1f3fcb9510,2023-12-14T12:00:37.563000,sent,kaspa:qqwvnkp47wsj6n4hkdlgj8dsauyx0xvefunnwvvsmpq2udd0ka8ckmpuqw3k5,19906437532115,
4294a9c24d78923e59fba63f2b231d51d5f3ab14f14166c218298fa7401f6bcd,2023-12-14T11:51:09.254000,received,kaspa:qrvum29vk365g0zcd5gx3c7h829etfq2ytdmscjzw4zw04fjfnprcg9c3tges,19999900000000,
9129f814649285bd0435a13032706d352251c45d19bddc3c060fb4b9a0ef53ae,2023-12-08T05:11:49.202000,sent,kaspa:qqwvnkp47wsj6n4hkdlgj8dsauyx0xvefunnwvvsmpq2udd0ka8ckmpuqw3k5,66454587875,
1cec89c26a3d19c004a06f8ef05b4fe1fc1beb705019fba086aa35175b9fb15b,2023-12-08T02:51:43.710000,sent,kaspa:qqwvnkp47wsj6n4hkdlgj8dsauyx0xvefunnwvvsmpq2udd0ka8ckmpuqw3k5,25015480639626,
1cec89c26a3d19c004a06f8ef05b4fe1fc1beb705019fba086aa35175b9fb15b,2023-12-08T02:51:43.710000,sent,kaspa:qqwvnkp47wsj6n4hkdlgj8dsauyx0xvefunnwvvsmpq2udd0ka8ckmpuqw3k5,25015480639626,
502f0fe7a5a2dbd6237465d6046b0e0b608a4cc975e02ea1afe53f46c1d7fdd3,2023-12-08T02:50:53.046000,received,kaspa:qrvum29vk365g0zcd5gx3c7h829etfq2ytdmscjzw4zw04fjfnprcg9c3tges,25000000000000,
4f6e19ea9fa8d4423d23c3c8b6a024ee268b10f9d55a6af767ed2804d77106b4,2023-12-07T23:32:41.173000,sent,kaspa:qqwvnkp47wsj6n4hkdlgj8dsauyx0xvefunnwvvsmpq2udd0ka8ckmpuqw3k5,25016077572144,
4f6e19ea9fa8d4423d23c3c8b6a024ee268b10f9d55a6af767ed2804d77106b4,2023-12-07T23:32:41.173000,sent,kaspa:qqwvnkp47wsj6n4hkdlgj8dsauyx0xvefunnwvvsmpq2udd0ka8ckmpuqw3k5,25016077572144,
43b8640c2ba620d1c1be95ad1b61d3a98087df5938ced24567561e9e6793fa4b,2023-12-07T23:31:08.189000,received,kaspa:qrvum29vk365g0zcd5gx3c7h829etfq2ytdmscjzw4zw04fjfnprcg9c3tges,25000000000000,
52ac5b25608445cc7f1391d0ba20b49fbbbc70fdbd97936ff8edd502eed06eed,2023-12-07T20:57:37.858000,sent,kaspa:qqwvnkp47wsj6n4hkdlgj8dsauyx0xvefunnwvvsmpq2udd0ka8ckmpuqw3k5,25016695199399,
52ac5b25608445cc7f1391d0ba20b49fbbbc70fdbd97936ff8edd502eed06eed,2023-12-07T20:57:37.858000,sent,kaspa:qqwvnkp47wsj6n4hkdlgj8dsauyx0xvefunnwvvsmpq2udd0ka8ckmpuqw3k5,25016695199399,
db59cb4703fd8fc618b269daf2e770b87001fd3b6dfa4d03fbd5c4913fbd3684,2023-12-07T20:56:26.616000,received,kaspa:qrvum29vk365g0zcd5gx3c7h829etfq2ytdmscjzw4zw04fjfnprcg9c3tges,25000000000000,
402919b5a05d3781bfccb59e4590913fc4bec85b8e9652a1ff0e71df455d56f4,2023-12-07T17:12:15.717000,sent,kaspa:qqwvnkp47wsj6n4hkdlgj8dsauyx0xvefunnwvvsmpq2udd0ka8ckmpuqw3k5,30021820771350,
402919b5a05d3781bfccb59e4590913fc4bec85b8e9652a1ff0e71df455d56f4,2023-12-07T17:12:15.717000,sent,kaspa:qqwvnkp47wsj6n4hkdlgj8dsauyx0xvefunnwvvsmpq2udd0ka8ckmpuqw3k5,30021820771350,
7f8df69b007380ed560add414d2be372be87f8e470c335fe9b7556f3043e4a09,2023-12-07T17:01:33.891000,received,kaspa:qrvum29vk365g0zcd5gx3c7h829etfq2ytdmscjzw4zw04fjfnprcg9c3tges,30000000000000,
5f870c0c8d0b97aa3e00904ad1538751b02292aba45f2dbe8f39014ab0637b69,2023-12-07T16:25:17.342000,sent,kaspa:qqwvnkp47wsj6n4hkdlgj8dsauyx0xvefunnwvvsmpq2udd0ka8ckmpuqw3k5,25017930315126,
5f870c0c8d0b97aa3e00904ad1538751b02292aba45f2dbe8f39014ab0637b69,2023-12-07T16:25:17.342000,sent,kaspa:qqwvnkp47wsj6n4hkdlgj8dsauyx0xvefunnwvvsmpq2udd0ka8ckmpuqw3k5,25017930315126,
9de58dfdf17f18673f0be8c5ad405fcb1b693aae8907521bab1945e00007c9e9,2023-12-07T16:23:31.104000,received,kaspa:qrvum29vk365g0zcd5gx3c7h829etfq2ytdmscjzw4zw04fjfnprcg9c3tges,25000000000000,
8d2a1a515cf0ff5360ae84da28125d5f928067a12d9f54ea473f8014dc4156b2,2023-12-07T16:03:56.022000,sent,kaspa:qqwvnkp47wsj6n4hkdlgj8dsauyx0xvefunnwvvsmpq2udd0ka8ckmpuqw3k5,24917020351879,
8d2a1a515cf0ff5360ae84da28125d5f928067a12d9f54ea473f8014dc4156b2,2023-12-07T16:03:56.022000,sent,kaspa:qqwvnkp47wsj6n4hkdlgj8dsauyx0xvefunnwvvsmpq2udd0ka8ckmpuqw3k5,24917020351879,
3010d37e6e4cd75a225ff6ea9582c0da5e345461564fa58ab57922687ec77d12,2023-12-07T16:02:17.126000,received,kaspa:qrvum29vk365g0zcd5gx3c7h829etfq2ytdmscjzw4zw04fjfnprcg9c3tges,25000000000000,
17966808000a10fcb475d77b6ae10f460e597c740166dba2cbd683c1fcb8823f,2023-12-07T10:17:00.767000,sent,kaspa:qqwvnkp47wsj6n4hkdlgj8dsauyx0xvefunnwvvsmpq2udd0ka8ckmpuqw3k5,20012101993020,
17966808000a10fcb475d77b6ae10f460e597c740166dba2cbd683c1fcb8823f,2023-12-07T10:17:00.767000,sent,kaspa:qqwvnkp47wsj6n4hkdlgj8dsauyx0xvefunnwvvsmpq2udd0ka8ckmpuqw3k5,20012101993020,
075ed8fc5bca462e36ab958b379d757bdf251ea113f3ec56a42dbfa1c51a12e9,2023-12-07T10:13:10.652000,received,kaspa:qrvum29vk365g0zcd5gx3c7h829etfq2ytdmscjzw4zw04fjfnprcg9c3tges,20000000000000,
3c2aa098af048aa542b86c96c448df1e6d55b36e06b43d8f3b3b149dbd4fe5f1,2023-12-07T09:41:03.963000,sent,kaspa:qqwvnkp47wsj6n4hkdlgj8dsauyx0xvefunnwvvsmpq2udd0ka8ckmpuqw3k5,26916417669581,
3c2aa098af048aa542b86c96c448df1e6d55b36e06b43d8f3b3b149dbd4fe5f1,2023-12-07T09:41:03.963000,sent,kaspa:qqwvnkp47wsj6n4hkdlgj8dsauyx0xvefunnwvvsmpq2udd0ka8ckmpuqw3k5,26916417669581,
20ce0fe8fb4fbca13593a3e1f9a37b392a5e5be5f095eea881175b7a3f42685e,2023-12-07T09:39:12.714000,received,kaspa:qrvum29vk365g0zcd5gx3c7h829etfq2ytdmscjzw4zw04fjfnprcg9c3tges,20000000000000,
20ce0fe8fb4fbca13593a3e1f9a37b392a5e5be5f095eea881175b7a3f42685e,2023-12-07T09:39:12.714000,received,kaspa:qrvum29vk365g0zcd5gx3c7h829etfq2ytdmscjzw4zw04fjfnprcg9c3tges,7000000000000,
14a3d6d17b47c84ae9cecd78282466ac2182495cd867564c8f1af3b43fa1ce6c,2023-12-07T09:32:59.510000,sent,kaspa:qqwvnkp47wsj6n4hkdlgj8dsauyx0xvefunnwvvsmpq2udd0ka8ckmpuqw3k5,20000050515264,
14a3d6d17b47c84ae9cecd78282466ac2182495cd867564c8f1af3b43fa1ce6c,2023-12-07T09:32:59.510000,sent,kaspa:qqwvnkp47wsj6n4hkdlgj8dsauyx0xvefunnwvvsmpq2udd0ka8ckmpuqw3k5,20000050515264,
c55946f00702a9bbeab4c98bbc38882860387d1318d07bd775f97b94b6c48665,2023-12-07T09:31:27.707000,received,kaspa:qrvum29vk365g0zcd5gx3c7h829etfq2ytdmscjzw4zw04fjfnprcg9c3tges,20000000000000,
44df9aa280ef3c54fd0f7e81d63fdb26cadbc3f2dba79701fa14cdd486704e2a,2023-12-07T09:22:39.637000,sent,kaspa:qqwvnkp47wsj6n4hkdlgj8dsauyx0xvefunnwvvsmpq2udd0ka8ckmpuqw3k5,19999949284736,
3f58cbed03883b4afdcd330c43bce201649f241c6f7053b0a0824cbb00394f35,2023-12-07T09:21:10.341000,received,kaspa:qrvum29vk365g0zcd5gx3c7h829etfq2ytdmscjzw4zw04fjfnprcg9c3tges,20000000000000,
91e63bd1ddedb2c5caa18f3b77a10abd564022ae864e3ddc892941ddd5967355,2023-12-06T05:05:14.718000,sent,kaspa:qqwvnkp47wsj6n4hkdlgj8dsauyx0xvefunnwvvsmpq2udd0ka8ckmpuqw3k5,2832854796,
7f5ed645c72596a9fdb8d588e82e1bf5d235a760af5bb4b126dbf9b812ae6e89,2023-12-05T19:00:44.349000,sent,kaspa:qqwvnkp47wsj6n4hkdlgj8dsauyx0xvefunnwvvsmpq2udd0ka8ckmpuqw3k5,18013492617297,
7f5ed645c72596a9fdb8d588e82e1bf5d235a760af5bb4b126dbf9b812ae6e89,2023-12-05T19:00:44.349000,sent,kaspa:qqwvnkp47wsj6n4hkdlgj8dsauyx0xvefunnwvvsmpq2udd0ka8ckmpuqw3k5,18013492617297,
b6bf81eac3f5a3a5ec6ce2bb45c070fc97c6267bfde6657b05d1f525ac5abc1e,2023-12-05T18:56:18.049000,received,kaspa:qrvum29vk365g0zcd5gx3c7h829etfq2ytdmscjzw4zw04fjfnprcg9c3tges,18000000000000,
711c716dbb55071ca5e839a5a4477f0cb6508362cd1cb7ea97eacbf382014a0e,2023-12-05T06:42:15.286000,sent,kaspa:qqwvnkp47wsj6n4hkdlgj8dsauyx0xvefunnwvvsmpq2udd0ka8ckmpuqw3k5,24983674227907,
ec70aaef23254ae97492111265a9617c58ae381d77f6a333b0ecc2f1ef96bb54,2023-12-05T06:41:25.485000,received,kaspa:qrvum29vk365g0zcd5gx3c7h829etfq2ytdmscjzw4zw04fjfnprcg9c3tges,25000000000000,
f36f9ac2a032f9f7bf3a82962fcd446f69e9badd5139668d6c46ca062dfb5452,2023-12-04T23:33:03.364000,sent,kaspa:qqwvnkp47wsj6n4hkdlgj8dsauyx0xvefunnwvvsmpq2udd0ka8ckmpuqw3k5,44085226899,
a3fc21d525265b99cd1fcdb1748ddd76419afcb9ca09092b1cdbf208f3ec521e,2023-12-04T14:00:07.558000,sent,kaspa:qqwvnkp47wsj6n4hkdlgj8dsauyx0xvefunnwvvsmpq2udd0ka8ckmpuqw3k5,24955914573101,
53ca58b2d91c588b3a11c420c5c5a64b13e1d89d38afa00c3d860900742edb98,2023-12-04T13:57:13.425000,received,kaspa:qrvum29vk365g0zcd5gx3c7h829etfq2ytdmscjzw4zw04fjfnprcg9c3tges,25000000000000,
4fec4c13b3615b661cccec21074ef02a22288deb5c6e12eaf55d80f28ce057ed,2023-12-03T05:14:41.601000,sent,kaspa:qqwvnkp47wsj6n4hkdlgj8dsauyx0xvefunnwvvsmpq2udd0ka8ckmpuqw3k5,70562289733,
4fec4c13b3615b661cccec21074ef02a22288deb5c6e12eaf55d80f28ce057ed,2023-12-03T05:14:41.601000,sent,kaspa:qqwvnkp47wsj6n4hkdlgj8dsauyx0xvefunnwvvsmpq2udd0ka8ckmpuqw3k5,70562289733,
4fec4c13b3615b661cccec21074ef02a22288deb5c6e12eaf55d80f28ce057ed,2023-12-03T05:14:41.601000,sent,kaspa:qqwvnkp47wsj6n4hkdlgj8dsauyx0xvefunnwvvsmpq2udd0ka8ckmpuqw3k5,70562289733,
9486d19ccd8534f5da444ed92ff0cbe3ee1a2e26b2b6e8d0ac52b4e34c85b62f,2023-12-02T23:52:07.652000,received,kaspa:qrvum29vk365g0zcd5gx3c7h829etfq2ytdmscjzw4zw04fjfnprcg9c3tges,1000000000,
6885f2538bdae0a31aa0cfff826618ceaa56382d78fac478fa52970d2adcbfd2,2023-12-02T23:47:01.293000,received,kaspa:qrvum29vk365g0zcd5gx3c7h829etfq2ytdmscjzw4zw04fjfnprcg9c3tges,10000000000,
e12895fa1c4470be5b7a4817ed13b605ba22d3833f82a6210ef55ec6d0bf6a03,2023-12-02T21:05:16.264000,sent,kaspa:qqwvnkp47wsj6n4hkdlgj8dsauyx0xvefunnwvvsmpq2udd0ka8ckmpuqw3k5,20012298436582,
e12895fa1c4470be5b7a4817ed13b605ba22d3833f82a6210ef55ec6d0bf6a03,2023-12-02T21:05:16.264000,sent,kaspa:qqwvnkp47wsj6n4hkdlgj8dsauyx0xvefunnwvvsmpq2udd0ka8ckmpuqw3k5,20012298436582,
e12895fa1c4470be5b7a4817ed13b605ba22d3833f82a6210ef55ec6d0bf6a03,2023-12-02T21:05:16.264000,sent,kaspa:qqwvnkp47wsj6n4hkdlgj8dsauyx0xvefunnwvvsmpq2udd0ka8ckmpuqw3k5,20012298436582,
cacf8e671c659bacf88e82f5c4c22146a5003f93655355bdcb313bb41e870e95,2023-12-02T21:04:30.561000,received,kaspa:qrvum29vk365g0zcd5gx3c7h829etfq2ytdmscjzw4zw04fjfnprcg9c3tges,20000000000000,
9005e06938c1744628ea280cea4e2a8f2005550eee8456d3556e1b77db3de112,2023-12-02T20:56:56.782000,received,kaspa:qrvum29vk365g0zcd5gx3c7h829etfq2ytdmscjzw4zw04fjfnprcg9c3tges,1000000000,
e547eac41d589cfd7581745005e58782e85626dd1839407a78f97aa0da0d19ea,2023-12-01T05:52:20.319000,sent,kaspa:qqwvnkp47wsj6n4hkdlgj8dsauyx0xvefunnwvvsmpq2udd0ka8ckmpuqw3k5,25014512140207,
e547eac41d589cfd7581745005e58782e85626dd1839407a78f97aa0da0d19ea,2023-12-01T05:52:20.319000,sent,kaspa:qqwvnkp47wsj6n4hkdlgj8dsauyx0xvefunnwvvsmpq2udd0ka8ckmpuqw3k5,25014512140207,
af4564f4c4f9e20c86fbae9066546b82caed74775b34af5c91f4921201dc0716,2023-12-01T05:51:12.343000,received,kaspa:qrvum29vk365g0zcd5gx3c7h829etfq2ytdmscjzw4zw04fjfnprcg9c3tges,25000000000000,
1594f42d134ac7527e102c4dc09bc8922bc0f428c401d74e497c9f835d48ca0c,2023-11-30T15:47:09.379000,sent,kaspa:qqwvnkp47wsj6n4hkdlgj8dsauyx0xvefunnwvvsmpq2udd0ka8ckmpuqw3k5,24914626733478,
7ac9b849b59d15800ff66987c3111b0be1d10d1c0210e3aaee524741a54a6342,2023-11-30T15:38:09.300000,received,kaspa:qrvum29vk365g0zcd5gx3c7h829etfq2ytdmscjzw4zw04fjfnprcg9c3tges,25000000000000,
2331c5a1e428df5d814009bffbe17c78fdf27437b5e1708f72badba5eb417223,2023-11-29T20:06:58.135000,sent,kaspa:qqwvnkp47wsj6n4hkdlgj8dsauyx0xvefunnwvvsmpq2udd0ka8ckmpuqw3k5,125926095299,
70c8dd41b184c594f9975c651fa72dc14ab02502f603eb1952361d55fa7ee7c4,2023-11-29T14:46:19.109000,sent,kaspa:qqwvnkp47wsj6n4hkdlgj8dsauyx0xvefunnwvvsmpq2udd0ka8ckmpuqw3k5,25015375347259,
70c8dd41b184c594f9975c651fa72dc14ab02502f603eb1952361d55fa7ee7c4,2023-11-29T14:46:19.109000,sent,kaspa:qqwvnkp47wsj6n4hkdlgj8dsauyx0xvefunnwvvsmpq2udd0ka8ckmpuqw3k5,25015375347259,
5dbf9b0823e73b6e64237abaec9ee49ce490e50f35d03fea0c489c35fdb51e68,2023-11-29T14:42:22.787000,received,kaspa:qrvum29vk365g0zcd5gx3c7h829etfq2ytdmscjzw4zw04fjfnprcg9c3tges,25000000000000,
101b1920581f237f74400e5c37177b2c9867b2beec7465c4c7cdc2f22e556e88,2023-11-29T06:32:42.568000,sent,kaspa:qqwvnkp47wsj6n4hkdlgj8dsauyx0xvefunnwvvsmpq2udd0ka8ckmpuqw3k5,25014390759240,
101b1920581f237f74400e5c37177b2c9867b2beec7465c4c7cdc2f22e556e88,2023-11-29T06:32:42.568000,sent,kaspa:qqwvnkp47wsj6n4hkdlgj8dsauyx0xvefunnwvvsmpq2udd0ka8ckmpuqw3k5,25014390759240,
73ec9fb7f5e20931738f00365608142a106a7faf5ad3715ea1f203c28de5f672,2023-11-29T06:12:07.316000,received,kaspa:qzuuky4xcdd2ur0u24l0drn9xjyf0d95ll25hyk9ttcz4x9wxlhrcrrm8s0a5,25000000000000,
e194029fcbaf3d1b0b791daa3e248a4349dea198031ff000f62edb8b3ff72a37,2023-11-28T21:35:46.975000,sent,kaspa:qqwvnkp47wsj6n4hkdlgj8dsauyx0xvefunnwvvsmpq2udd0ka8ckmpuqw3k5,19844307398202,
ae06902caa7d3a1862de22f96c06c442c44c40f05fa91a1114cf17f3c7f92f48,2023-11-28T21:31:17.027000,received,kaspa:qrvum29vk365g0zcd5gx3c7h829etfq2ytdmscjzw4zw04fjfnprcg9c3tges,20000000000000,
4220f372b5c492844120c829eb240abdae1a3da81dde286c8137142367337d38,2023-11-28T14:17:05.043000,sent,kaspa:qqwvnkp47wsj6n4hkdlgj8dsauyx0xvefunnwvvsmpq2udd0ka8ckmpuqw3k5,158627088237,
90d5bd68b3702b38896569da1577c5710dd88070c9f38442eaf23fa5eeb5dc41,2023-11-28T12:15:45.015000,sent,kaspa:qqwvnkp47wsj6n4hkdlgj8dsauyx0xvefunnwvvsmpq2udd0ka8ckmpuqw3k5,20011645605070,
90d5bd68b3702b38896569da1577c5710dd88070c9f38442eaf23fa5eeb5dc41,2023-11-28T12:15:45.015000,sent,kaspa:qqwvnkp47wsj6n4hkdlgj8dsauyx0xvefunnwvvsmpq2udd0ka8ckmpuqw3k5,20011645605070,
e62b21c653c5ec1a105ba39ae1f69519da4c8ef7db383436cf997b7e06e5e132,2023-11-28T12:14:33.058000,received,kaspa:qrvum29vk365g0zcd5gx3c7h829etfq2ytdmscjzw4zw04fjfnprcg9c3tges,20000000000000,
b273ccea0fd27b1b736046547de406c3c977d4cff1ce0f6fd6d5efe7427de0ef,2023-11-28T06:12:36.596000,sent,kaspa:qqwvnkp47wsj6n4hkdlgj8dsauyx0xvefunnwvvsmpq2udd0ka8ckmpuqw3k5,19829727006693,
791f59702767e5e266acc5c2741463b807d9accc41ed2075fdd2a1f572bab924,2023-11-28T06:07:40.513000,received,kaspa:qrvum29vk365g0zcd5gx3c7h829etfq2ytdmscjzw4zw04fjfnprcg9c3tges,20000000000000,
877ddabdd603b47a555809c32a03df537463b30dce762d9e0b2768961fbdf746,2023-11-27T21:24:12.211000,sent,kaspa:qqwvnkp47wsj6n4hkdlgj8dsauyx0xvefunnwvvsmpq2udd0ka8ckmpuqw3k5,99999900000,
7390f493e5a624fe24d1469d51f65f3897dd86b39f90c2eac5c7761f58ea3071,2023-11-27T17:15:39.204000,received,kaspa:qrvum29vk365g0zcd5gx3c7h829etfq2ytdmscjzw4zw04fjfnprcg9c3tges,100000000000,
7390f493e5a624fe24d1469d51f65f3897dd86b39f90c2eac5c7761f58ea3071,2023-11-27T17:15:39.204000,received,kaspa:qrvum29vk365g0zcd5gx3c7h829etfq2ytdmscjzw4zw04fjfnprcg9c3tges,100000000000,
7390f493e5a624fe24d1469d51f65f3897dd86b39f90c2eac5c7761f58ea3071,2023-11-27T17:15:39.204000,received,kaspa:qrvum29vk365g0zcd5gx3c7h829etfq2ytdmscjzw4zw04fjfnprcg9c3tges,100000000000,
7390f493e5a624fe24d1469d51f65f3897dd86b39f90c2eac5c7761f58ea3071,2023-11-27T17:15:39.204000,received,kaspa:qrvum29vk365g0zcd5gx3c7h829etfq2ytdmscjzw4zw04fjfnprcg9c3tges,100000000000,
72a1a12994aea96e0e2b888e76c01232aeac5294eddcc2bc1430bc0231f34fe1,2023-11-27T16:07:18.865000,sent,kaspa:qqwvnkp47wsj6n4hkdlgj8dsauyx0xvefunnwvvsmpq2udd0ka8ckmpuqw3k5,23036805701,
3e86a084e6c97244a2d5e6dc70f2107ee59318bf925e550b3aecce81cfd03139,2023-11-27T15:00:31.046000,sent,kaspa:qqwvnkp47wsj6n4hkdlgj8dsauyx0xvefunnwvvsmpq2udd0ka8ckmpuqw3k5,12008623344444,
3e86a084e6c97244a2d5e6dc70f2107ee59318bf925e550b3aecce81cfd03139,2023-11-27T15:00:31.046000,sent,kaspa:qqwvnkp47wsj6n4hkdlgj8dsauyx0xvefunnwvvsmpq2udd0ka8ckmpuqw3k5,12008623344444,
4756661fc6499118e5d516d228b297d3004c9203ffcefdbc8c6a35c6a82eb7cd,2023-11-27T14:59:56.033000,received,kaspa:qrvum29vk365g0zcd5gx3c7h829etfq2ytdmscjzw4zw04fjfnprcg9c3tges,12000000000000,
765ad90840a23f1c9029afd0b231d112e854082dc7d787c65af399fd7d37f406,2023-11-27T11:10:13.409000,sent,kaspa:qqwvnkp47wsj6n4hkdlgj8dsauyx0xvefunnwvvsmpq2udd0ka8ckmpuqw3k5,12008041659183,
765ad90840a23f1c9029afd0b231d112e854082dc7d787c65af399fd7d37f406,2023-11-27T11:10:13.409000,sent,kaspa:qqwvnkp47wsj6n4hkdlgj8dsauyx0xvefunnwvvsmpq2udd0ka8ckmpuqw3k5,12008041659183,
0884937367c7f87bc068c7ba19e7b4df400d6394e4807027483d33e4b208c3f0,2023-11-27T11:09:27.226000,received,kaspa:qrvum29vk365g0zcd5gx3c7h829etfq2ytdmscjzw4zw04fjfnprcg9c3tges,12000000000000,
ad7128c56e6a9b8c57a91ce6ac2635723c1e3c5b7241fbdc5e2e755dcca85f54,2023-11-27T10:14:02.310000,sent,kaspa:qqwvnkp47wsj6n4hkdlgj8dsauyx0xvefunnwvvsmpq2udd0ka8ckmpuqw3k5,12007497538366,
ad7128c56e6a9b8c57a91ce6ac2635723c1e3c5b7241fbdc5e2e755dcca85f54,2023-11-27T10:14:02.310000,sent,kaspa:qqwvnkp47wsj6n4hkdlgj8dsauyx0xvefunnwvvsmpq2udd0ka8ckmpuqw3k5,12007497538366,
5d122a83cc59bd764489fd4ce24b5068b2ed1f66d131137eedc91258f67e0f4c,2023-11-27T10:09:57.083000,received,kaspa:qrvum29vk365g0zcd5gx3c7h829etfq2ytdmscjzw4zw04fjfnprcg9c3tges,12000000000000,
d7958905cf2f33407f6710c9223456680c7ad0de34e19a77aaedf63361bc991e,2023-11-27T07:31:29.501000,sent,kaspa:qqwvnkp47wsj6n4hkdlgj8dsauyx0xvefunnwvvsmpq2udd0ka8ckmpuqw3k5,12008126377639,
d7958905cf2f33407f6710c9223456680c7ad0de34e19a77aaedf63361bc991e,2023-11-27T07:31:29.501000,sent,kaspa:qqwvnkp47wsj6n4hkdlgj8dsauyx0xvefunnwvvsmpq2udd0ka8ckmpuqw3k5,12008126377639,
60202483f8a9b2624a95ab039c2895f15be59e2639653f70cd3586ec2c7de14c,2023-11-27T07:30:36.935000,received,kaspa:qrvum29vk365g0zcd5gx3c7h829etfq2ytdmscjzw4zw04fjfnprcg9c3tges,12000000000000,
908a07086a7f136654b2901b8452f7d0dd26a238bfec023c46f4cd4b5a34636a,2023-11-27T06:51:50.431000,sent,kaspa:qqwvnkp47wsj6n4hkdlgj8dsauyx0xvefunnwvvsmpq2udd0ka8ckmpuqw3k5,10006258021578,
908a07086a7f136654b2901b8452f7d0dd26a238bfec023c46f4cd4b5a34636a,2023-11-27T06:51:50.431000,sent,kaspa:qqwvnkp47wsj6n4hkdlgj8dsauyx0xvefunnwvvsmpq2udd0ka8ckmpuqw3k5,10006258021578,
fd6e9e91af8f19d017223c63df490ae5c7158426b0ba0aea880c545cf41a5bc8,2023-11-27T06:47:31.341000,received,kaspa:qrvum29vk365g0zcd5gx3c7h829etfq2ytdmscjzw4zw04fjfnprcg9c3tges,10000000000000,
bc57deb193a919339cd2d162a3f0a03ff3a4f9ce11fbbaa797e9b72ca07ac855,2023-11-27T03:46:29.897000,sent,kaspa:qqwvnkp47wsj6n4hkdlgj8dsauyx0xvefunnwvvsmpq2udd0ka8ckmpuqw3k5,12007545463698,
bc57deb193a919339cd2d162a3f0a03ff3a4f9ce11fbbaa797e9b72ca07ac855,2023-11-27T03:46:29.897000,sent,kaspa:qqwvnkp47wsj6n4hkdlgj8dsauyx0xvefunnwvvsmpq2udd0ka8ckmpuqw3k5,12007545463698,
c92d78c303d19fff9e204318395c36e61e1ca7dfd50a64fd6fc41390aee44235,2023-11-27T03:42:41.624000,received,kaspa:qrvum29vk365g0zcd5gx3c7h829etfq2ytdmscjzw4zw04fjfnprcg9c3tges,12000000000000,
d7ea84944f8858e7405f72610bed8a43c4d6f3f75db452e3c91875212d0ae029,2023-11-27T03:08:59.007000,sent,kaspa:qqwvnkp47wsj6n4hkdlgj8dsauyx0xvefunnwvvsmpq2udd0ka8ckmpuqw3k5,11907602168521,
d0bd815ece1f67cc7e9769d057b1bbde9340cdad5dfb98312120f0c16009a578,2023-11-27T03:02:47.050000,sent,kaspa:qqwvnkp47wsj6n4hkdlgj8dsauyx0xvefunnwvvsmpq2udd0ka8ckmpuqw3k5,102107321635,
d0bd815ece1f67cc7e9769d057b1bbde9340cdad5dfb98312120f0c16009a578,2023-11-27T03:02:47.050000,sent,kaspa:qqwvnkp47wsj6n4hkdlgj8dsauyx0xvefunnwvvsmpq2udd0ka8ckmpuqw3k5,102107321635,
d0bd815ece1f67cc7e9769d057b1bbde9340cdad5dfb98312120f0c16009a578,2023-11-27T03:02:47.050000,sent,kaspa:qqwvnkp47wsj6n4hkdlgj8dsauyx0xvefunnwvvsmpq2udd0ka8ckmpuqw3k5,102107321635,
9d07fba7c6a51c85dd7f66bef3c3c82ac138f7ff9fadd2289358ed1cae0a714e,2023-11-27T02:57:20.195000,received,kaspa:qrvum29vk365g0zcd5gx3c7h829etfq2ytdmscjzw4zw04fjfnprcg9c3tges,12000000000000,
77960a12c1899ba35842d4ab669331d7b3d1e99f0d34a1be28885834d5fa7608,2023-11-27T02:38:27.272000,received,kaspa:qrvum29vk365g0zcd5gx3c7h829etfq2ytdmscjzw4zw04fjfnprcg9c3tges,10000000000,
d7dc86ac1796044ff7145901e817430bf9a116c7d6a5cac6253534097f56bc90,2023-11-26T16:46:07.260000,sent,kaspa:qqwvnkp47wsj6n4hkdlgj8dsauyx0xvefunnwvvsmpq2udd0ka8ckmpuqw3k5,12007874166578,
d7dc86ac1796044ff7145901e817430bf9a116c7d6a5cac6253534097f56bc90,2023-11-26T16:46:07.260000,sent,kaspa:qqwvnkp47wsj6n4hkdlgj8dsauyx0xvefunnwvvsmpq2udd0ka8ckmpuqw3k5,12007874166578,
80866a09e57cdc60bf8050975c2dad8a3928233e20c676ebf8ca386f1dc25414,2023-11-26T16:43:50.916000,received,kaspa:qrvum29vk365g0zcd5gx3c7h829etfq2ytdmscjzw4zw04fjfnprcg9c3tges,12000000000000,
5b1c0118c231e204c2486558286978aed14d678f8cd21b495cd25303641912d7,2023-11-26T16:32:00.607000,sent,kaspa:qqwvnkp47wsj6n4hkdlgj8dsauyx0xvefunnwvvsmpq2udd0ka8ckmpuqw3k5,12008650131906,
5b1c0118c231e204c2486558286978aed14d678f8cd21b495cd25303641912d7,2023-11-26T16:32:00.607000,sent,kaspa:qqwvnkp47wsj6n4hkdlgj8dsauyx0xvefunnwvvsmpq2udd0ka8ckmpuqw3k5,12008650131906,
2ce42407e2983542256c991bf67fda0be67d58e7273a82e054a025ae98625d7d,2023-11-26T16:28:42.616000,received,kaspa:qrvum29vk365g0zcd5gx3c7h829etfq2ytdmscjzw4zw04fjfnprcg9c3tges,12000000000000,
ffdf74c66857206464ca768848485e3a1764acb561d0f3ea7faad5f11b684062,2023-11-26T11:42:05.933000,sent,kaspa:qqwvnkp47wsj6n4hkdlgj8dsauyx0xvefunnwvvsmpq2udd0ka8ckmpuqw3k5,12007015624155,
ffdf74c66857206464ca768848485e3a1764acb561d0f3ea7faad5f11b684062,2023-11-26T11:42:05.933000,sent,kaspa:qqwvnkp47wsj6n4hkdlgj8dsauyx0xvefunnwvvsmpq2udd0ka8ckmpuqw3k5,12007015624155,
2a468b7016a18fd52d333a2401b2ba3ce9867996227efdc8f85298f6dc1a4033,2023-11-26T11:41:22.243000,received,kaspa:qrvum29vk365g0zcd5gx3c7h829etfq2ytdmscjzw4zw04fjfnprcg9c3tges,12000000000000,
6180c5a55aa219af72c224624b5b0b50e2138e6f0ced4efd17fbac4ee6844fdd,2023-11-26T11:20:38.666000,sent,kaspa:qqwvnkp47wsj6n4hkdlgj8dsauyx0xvefunnwvvsmpq2udd0ka8ckmpuqw3k5,12007178697175,
6180c5a55aa219af72c224624b5b0b50e2138e6f0ced4efd17fbac4ee6844fdd,2023-11-26T11:20:38.666000,sent,kaspa:qqwvnkp47wsj6n4hkdlgj8dsauyx0xvefunnwvvsmpq2udd0ka8ckmpuqw3k5,12007178697175,
53d7e06181c434b7e869bc421af3c2e7dbec7112fe699e2238102f2d1eceee68,2023-11-26T11:17:22.605000,received,kaspa:qrvum29vk365g0zcd5gx3c7h829etfq2ytdmscjzw4zw04fjfnprcg9c3tges,12000000000000,
f1c6f0509d13fca5d69eee4774ac64be311c8069c9e83499716ea7ec597ac0d5,2023-11-26T10:49:11.872000,sent,kaspa:qqwvnkp47wsj6n4hkdlgj8dsauyx0xvefunnwvvsmpq2udd0ka8ckmpuqw3k5,11900441279421,
cf0a45ab1e6fd13965a85eabbf23de59a68aa86765472580869b2a117089574e,2023-11-26T10:42:34.391000,received,kaspa:qrvum29vk365g0zcd5gx3c7h829etfq2ytdmscjzw4zw04fjfnprcg9c3tges,12000000000000,
5d694930f172f3a848b66723830ae6badfc209ed7ced042e52440c60b9716160,2023-11-26T02:03:48.958000,sent,kaspa:qqwvnkp47wsj6n4hkdlgj8dsauyx0xvefunnwvvsmpq2udd0ka8ckmpuqw3k5,16895499047,
8a46bae5913c98e2a2a1c280969c3234b9fdea87c38308bdb7ca2d72bdc2ec67,2023-11-25T22:17:41.838000,sent,kaspa:qqr00qsr75wczdrcvuta9n0h4uuk3vt80qwdrgqmrg3w7rg6k5wpgse0nt5ck,100000000,
b8287b00f73a593bc4d461b4a595f7d5e0d38ec5eac1442899dea9de7c1a5e4e,2023-11-25T22:02:45.329000,sent,kaspa:qplj0xdafvpt0u9tkwereeflhnx26um6f0t44vx3vw54n606mcfpwe83g2a6a,1000000000,
16769448fa5a41d6bd366499014d846bbb8b1319b18258eacd1cb7270809e417,2023-11-25T21:58:11.327000,sent,kaspa:qplj0xdafvpt0u9tkwereeflhnx26um6f0t44vx3vw54n606mcfpwe83g2a6a,10000000000,
23c70d9df1f7dc8f1b4cf82cde295ec9fa5c6c42fc36673ce048a93c87c97bd5,2023-11-25T16:31:17.550000,sent,kaspa:qqwvnkp47wsj6n4hkdlgj8dsauyx0xvefunnwvvsmpq2udd0ka8ckmpuqw3k5,12007813682094,
23c70d9df1f7dc8f1b4cf82cde295ec9fa5c6c42fc36673ce048a93c87c97bd5,2023-11-25T16:31:17.550000,sent,kaspa:qqwvnkp47wsj6n4hkdlgj8dsauyx0xvefunnwvvsmpq2udd0ka8ckmpuqw3k5,12007813682094,
14467f56faef6cfa1e3e9c6ca184f497505df8b66afe4ae4ecce58107ce7ddee,2023-11-25T16:29:53.289000,received,kaspa:qrvum29vk365g0zcd5gx3c7h829etfq2ytdmscjzw4zw04fjfnprcg9c3tges,12000000000000,
4cf245544dcc53fe36091575c71330d53311e23429c7d989657a1bd11784a070,2023-11-25T15:32:58.379000,sent,kaspa:qqwvnkp47wsj6n4hkdlgj8dsauyx0xvefunnwvvsmpq2udd0ka8ckmpuqw3k5,12007678719615,
4cf245544dcc53fe36091575c71330d53311e23429c7d989657a1bd11784a070,2023-11-25T15:32:58.379000,sent,kaspa:qqwvnkp47wsj6n4hkdlgj8dsauyx0xvefunnwvvsmpq2udd0ka8ckmpuqw3k5,12007678719615,
70093ef41121e836eb3eb97b66f13e0699e0ed7b1c45c365902c1bc95a43bb59,2023-11-25T15:31:37.202000,received,kaspa:qrvum29vk365g0zcd5gx3c7h829etfq2ytdmscjzw4zw04fjfnprcg9c3tges,12000000000000,
a3af6ad9dd2bde329fafa085727507af8ba9417a55c9e70909cd87d0745c18ba,2023-11-25T12:32:17.101000,sent,kaspa:qqwvnkp47wsj6n4hkdlgj8dsauyx0xvefunnwvvsmpq2udd0ka8ckmpuqw3k5,10006401399244,
a3af6ad9dd2bde329fafa085727507af8ba9417a55c9e70909cd87d0745c18ba,2023-11-25T12:32:17.101000,sent,kaspa:qqwvnkp47wsj6n4hkdlgj8dsauyx0xvefunnwvvsmpq2udd0ka8ckmpuqw3k5,10006401399244,
bf9037d8f15de9b5a9dcb38ccd8d82ba21eb9664aebd21f15205607f21e7230a,2023-11-25T12:30:07.235000,received,kaspa:qpd52l59kw8f7367x2adkgfaysptq8ru9cfv9c60p384ee2q4zh2wmc20esjr,10000000000000,
005555a0feaa0f1edcaade6fc7bb4cee34b6a6226482a96b4352f4dc41d8eb52,2023-11-25T07:25:48.594000,received,kaspa:qrvum29vk365g0zcd5gx3c7h829etfq2ytdmscjzw4zw04fjfnprcg9c3tges,49890000000,
