tx_id,timestamp,direction,peer_address,amount_sompi,cex_label
ec54892ba778fb42f554fae6a1c711531387578dbb4fea5f65fcae5ab85ef77a,2023-11-18T12:38:00.480000,sent,kaspa:qqwvnkp47wsj6n4hkdlgj8dsauyx0xvefunnwvvsmpq2udd0ka8ckmpuqw3k5,8101692694467,
ec54892ba778fb42f554fae6a1c711531387578dbb4fea5f65fcae5ab85ef77a,2023-11-18T12:38:00.480000,sent,kaspa:qqwvnkp47wsj6n4hkdlgj8dsauyx0xvefunnwvvsmpq2udd0ka8ckmpuqw3k5,8101692694467,
0907664b907098796e5ee7552d00973e6441a37b1120affd7da1b7f5bb552033,2023-11-18T12:37:05.192000,received,kaspa:qqetp7ct8kqss99fxmymyz5t3fezppxp0t58wl6pawp27elqd46uudme00cl0,8101362000000,
f48a347dfcbc490b1d4d4c053cc16c040ab899265254746796cda1f245e536e1,2023-11-18T11:28:17.999000,sent,kaspa:qqwvnkp47wsj6n4hkdlgj8dsauyx0xvefunnwvvsmpq2udd0ka8ckmpuqw3k5,5151105533,
dad7d87568f75a9b4618cefad38c85049392e2fe919bbabf17d43c2160d7effb,2023-11-18T10:45:28.727000,received,kaspa:qqetp7ct8kqss99fxmymyz5t3fezppxp0t58wl6pawp27elqd46uudme00cl0,5482000000,
