tx_id,timestamp,direction,peer_address,amount_sompi,cex_label
57fa33c82982c6a50f2ace874a13cc1f9318ceedb7b21e2e8fbc007aa4a5e078,2024-03-07T13:10:53.050000,sent,kaspa:qqnqv3rvnctfyrjteurqm0gmqfu7yjg3949yxpyxxfa4rgm9nt2zxauwq8xvs,1500000000000,
57fa33c82982c6a50f2ace874a13cc1f9318ceedb7b21e2e8fbc007aa4a5e078,2024-03-07T13:10:53.050000,sent,kaspa:qz6sya85p8asetk8s9trmuajyhnhkql2jzk0hg0x4phxzqgagw4g2u0x22znh,2406223202810,
a2852686e46d3ae710d62f39ade06b4ee9110e9a3c06594b4f94bb7c5dabc5cf,2024-03-07T12:48:42.866000,received,kaspa:qrqql0nz8vatt0alww8y2qvg9kk57kqru9zdzmaa2p6yf28kee66xa2kgjhkw,676223206030,
a2852686e46d3ae710d62f39ade06b4ee9110e9a3c06594b4f94bb7c5dabc5cf,2024-03-07T12:48:42.866000,received,kaspa:qpqr9p60nfwxvethmwl3xlq8ys5dcx7pp3y49725djmkverc2t896ylll4hz5,676223206030,
