tx_id,timestamp,direction,peer_address,amount_sompi,cex_label
22db62d2d000edb553108760788019f34e43495669294215b9f64440725655af,2023-12-12T19:53:43.559000,sent,kaspa:qq3k4du6wf2g26j7ds6fqmgtgavgm3zy676wntp2e52nsuns2n4s6xkndmx0y,5675834443589,
82f084c3723e1e95a41b96e9f0e700d9098fa24f4c68029a8a529072f1b75d36,2023-12-12T19:48:37.390000,received,kaspa:qqwvnkp47wsj6n4hkdlgj8dsauyx0xvefunnwvvsmpq2udd0ka8ckmpuqw3k5,5675834553589,
82f084c3723e1e95a41b96e9f0e700d9098fa24f4c68029a8a529072f1b75d36,2023-12-12T19:48:37.390000,received,kaspa:qqwvnkp47wsj6n4hkdlgj8dsauyx0xvefunnwvvsmpq2udd0ka8ckmpuqw3k5,5675834553589,
82f084c3723e1e95a41b96e9f0e700d9098fa24f4c68029a8a529072f1b75d36,2023-12-12T19:48:37.390000,received,kaspa:qqwvnkp47wsj6n4hkdlgj8dsauyx0xvefunnwvvsmpq2udd0ka8ckmpuqw3k5,5675834553589,
82f084c3723e1e95a41b96e9f0e700d9098fa24f4c68029a8a529072f1b75d36,2023-12-12T19:48:37.390000,received,kaspa:qqwvnkp47wsj6n4hkdlgj8dsauyx0xvefunnwvvsmpq2udd0ka8ckmpuqw3k5,5675834553589,
