tx_id,timestamp,direction,peer_address,amount_sompi,cex_label
96adaafd50b9d725878085e326c79f858ac9f11c7369e4c6dc5f71665b1be539,2023-12-13T04:33:01.944000,sent,kaspa:qq4z065ydt5r00x8wmn4rhtez94gafudfh9nedstzqng68q2vp37jyztffxq3,12996799999,
96adaafd50b9d725878085e326c79f858ac9f11c7369e4c6dc5f71665b1be539,2023-12-13T04:33:01.944000,sent,kaspa:qrruaa5xk350ejgs340ggh7sdgmys7q7gaxr2u3a3zhsct0xk7d3cqvlzwaa5,33765,
9e6352e645e27ea35578cc5b832a30e059e6479d949b3f477d981c35c7263e8a,2023-12-12T21:39:26.593000,received,kaspa:qypswxtcrv4ssyjaswy5w9387vq73mkuyq85tl34cee6qn5uexqy0csgnafnjx7,171000000,
f670cac052e0695c72ae4d0f9e94c4044287ea56190a111fa5253953f1307473,2023-11-29T13:11:18.953000,sent,kaspa:qype64azdxuv2zes8e4q96n80y92gzdmddvkx75a0k9dcqykgs0495cs9cscfru,18000000,
f670cac052e0695c72ae4d0f9e94c4044287ea56190a111fa5253953f1307473,2023-11-29T13:11:18.953000,sent,kaspa:qqdxn0tpqc49ymncxf336nr7ztxadnsr64j8zrruhtmem2mtg2awx0u36y0eu,1355836609,
d773d60a471ab70d3721de36e16bb561938280cb8331bff927d5d0367724a0da,2023-11-29T13:09:38.953000,received,kaspa:qqywsqajt2hu08aef9zqqr76pqm05fnhy5ve9uhtjtcuqm43nvevv9uz7d0g4,1375838689,
