tx_id,timestamp,direction,peer_address,amount_sompi,cex_label
4335e04b35b00acf37470d5267515c9ac5e93b8ec51befeadf9fc0985db42879,2024-10-17T17:41:04.599000,sent,kaspa:qp66keaky7tqpk3vlpxg68pv4lmzcyaxxnpslavsp9eu86jpwjvlkz8jr238j,4800000000,
4335e04b35b00acf37470d5267515c9ac5e93b8ec51befeadf9fc0985db42879,2024-10-17T17:41:04.599000,sent,kaspa:qzvnz4jqtxawcfcrkjwwapxnf8n4t3drxv7twmv5dmq3asrcj6l6y3gt5asav,96022376,
c560771fab00685164f5fa54d2e2620241346ed8bdda7824780feca6a9354ff9,2024-10-08T05:00:15.571000,received,kaspa:qzx690uzaradd53pjdk23gj0jlu74t7t3sfa0ph5f29wg3d754s4vrlf329z3,401386665,
c560771fab00685164f5fa54d2e2620241346ed8bdda7824780feca6a9354ff9,2024-10-08T05:00:15.571000,received,kaspa:qr60htent3t2xhv92l0rtn27xkct8vgg6htnfwergdluuhj8yas8zaqlcgxu5,401386665,
