tx_id,timestamp,direction,peer_address,amount_sompi,cex_label
49193533b96f84235afaa88280c85f4c5bd7dda05b7d5e81968119ee442c1274,2023-12-16T03:41:33.245000,sent,kaspa:qzslgwenzu78t6tldlng383g7ruu4enaljmnkgaulyrscjp7ldt26x8gfxck5,171940000,
49193533b96f84235afaa88280c85f4c5bd7dda05b7d5e81968119ee442c1274,2023-12-16T03:41:33.245000,sent,kaspa:qzslgwenzu78t6tldlng383g7ruu4enaljmnkgaulyrscjp7ldt26x8gfxck5,171940000,
ca554e070cb4d2604d31e342a3bb50cedaf9dc03ca4e327d019e33907f73afca,2023-12-12T02:36:15.461000,received,kaspa:qypswxtcrv4ssyjaswy5w9387vq73mkuyq85tl34cee6qn5uexqy0csgnafnjx7,171000000,
3358ffc9231025d2fe85c06d7e7801f4cf4c560990da54abb55dfad34d2e207b,2023-11-28T00:36:00.188000,sent,kaspa:qypnhvds666uqnma4qzaz2xdrws44x7st0hxmmr3tw6g0rxydq6vlfgqddzw9ug,18000000,
c429ef89d8434808933d0a0965a942f77367c565d7c22dadeb8de710acd7a23b,2023-11-27T16:52:06.838000,received,kaspa:qzx39q2av8c4pcf9a2dccc0escyhhy4zx09de3cagwkeme9c325kymvu2sdhq,19000000,
