tx_id,timestamp,direction,peer_address,amount_sompi,cex_label
9f398bc8231f2073f51199df435a7651183ebdb1e84354f8abff2e69e523d233,2023-12-16T03:44:10.477000,sent,kaspa:qzslgwenzu78t6tldlng383g7ruu4enaljmnkgaulyrscjp7ldt26x8gfxck5,171940000,
9f398bc8231f2073f51199df435a7651183ebdb1e84354f8abff2e69e523d233,2023-12-16T03:44:10.477000,sent,kaspa:qzslgwenzu78t6tldlng383g7ruu4enaljmnkgaulyrscjp7ldt26x8gfxck5,171940000,
36e789010eeb2855c1c0bf659129999aed682c4987b0407517c73ddb2f7cb0fe,2023-12-12T03:19:38.242000,received,kaspa:qypswxtcrv4ssyjaswy5w9387vq73mkuyq85tl34cee6qn5uexqy0csgnafnjx7,171000000,
1f7909b9697eae415bd9f619c781c9e630128d99dbce89fe180ece53cd0a578b,2023-11-28T01:11:45.237000,sent,kaspa:qypyrjgrhxccqax63umlynu59k3upwxlt9ng4n7uxnt7aqt94eepxyqrjlc208k,18000000,
c77331cd7bd9afab8becb8a58e5bbd9173a4afd905602b155bb59c9af83afedd,2023-11-27T21:43:24.841000,received,kaspa:qrx394nm44ft5mxqxg7z5pgt7rt73l0usfrpm8kz3srqlqww5rmfc3tm8kplr,19000000,
