tx_id,timestamp,direction,peer_address,amount_sompi,cex_label
664dc48950cdad0a3feb8d524ffd4f31f4408f0e580544670916c31378a52533,2023-12-13T10:27:06.027000,sent,kaspa:qqksuvge6flgfypvk2t6mc6xkj055fwr42c90kuf8hc2mgp5lnnmuctxpsh5v,170990000,
799c49f54a94699dc33b09fb90369287a791d9b9734e19b9bd88486397ed93cc,2023-12-12T05:24:01.808000,received,kaspa:qypswxtcrv4ssyjaswy5w9387vq73mkuyq85tl34cee6qn5uexqy0csgnafnjx7,171000000,
e66a547bb890ad7ccc519fb16e65b4947de95167b4a0aa772da8ec170de1bc42,2023-11-28T06:00:25.350000,sent,kaspa:qrsghys99068x3xrvufjpynpqa3ugdz9nvfaxfhwpjfyannjed602pdht8whf,1980000,
86ce490f655564dd4b58eab32dec02b07646030a26484041f0fb6dc896ebc915,2023-11-28T05:24:17.977000,sent,kaspa:qyp455racuewdfe9zr9v5vu9t3ejcfrjnwm9hvj6856hajf5rh9qxzsgwdlrzd3,18000000,
8eefdfda1306694b4cc99721f238582c3544747a92e38de7db8a56091474436b,2023-11-28T00:44:55.014000,received,kaspa:qrmre0grwqt38fyzw8hkrc0nn2zv9war70sqz2ta84c097ghmqagz2a3fyg26,20000000,
