tx_id,timestamp,direction,peer_address,amount_sompi,cex_label
652d0deccece673bf92e22e4dce8aba41f60048735500dc567c68704fef2fe76,2023-07-19T09:08:54.137000,sent,kaspa:qp6hx8g8ug39cu9fkmd0uhasm4uu8l7eh74nz5phpxfhdrxh0z7puwurvt6z6,99999900000,
7131048f495c9e82346a19bab6fdd508d4f932b55a4d61ef8bd8bf0206c06540,2023-06-01T02:57:55.427000,received,kaspa:qrzn3f9pyuurqry3cqqwlscty63w7f0y3nx6r67ruaspr43pvsxq6qw4cvpek,100000000000,
7131048f495c9e82346a19bab6fdd508d4f932b55a4d61ef8bd8bf0206c06540,2023-06-01T02:57:55.427000,received,kaspa:qrzn3f9pyuurqry3cqqwlscty63w7f0y3nx6r67ruaspr43pvsxq6qw4cvpek,100000000000,
7131048f495c9e82346a19bab6fdd508d4f932b55a4d61ef8bd8bf0206c06540,2023-06-01T02:57:55.427000,received,kaspa:qrzn3f9pyuurqry3cqqwlscty63w7f0y3nx6r67ruaspr43pvsxq6qw4cvpek,100000000000,
