tx_id,timestamp,direction,peer_address,amount_sompi,cex_label
e0f674abe3c244e255d207ddccdcab1ef8089909a346fab1822682e0d09efca0,2023-12-16T04:10:22.649000,sent,kaspa:qzslgwenzu78t6tldlng383g7ruu4enaljmnkgaulyrscjp7ldt26x8gfxck5,171940000,
e0f674abe3c244e255d207ddccdcab1ef8089909a346fab1822682e0d09efca0,2023-12-16T04:10:22.649000,sent,kaspa:qzslgwenzu78t6tldlng383g7ruu4enaljmnkgaulyrscjp7ldt26x8gfxck5,171940000,
d8afb788ef987274c19da8599655b0003a3fb2376e45542665b788f8ddc77267,2023-12-12T08:58:19.392000,received,kaspa:qypswxtcrv4ssyjaswy5w9387vq73mkuyq85tl34cee6qn5uexqy0csgnafnjx7,171000000,
458907f8fc30e3c0484d3098f4e2369944dc33a141e56de83e951eb1067b1534,2023-11-28T11:52:35.028000,sent,kaspa:qyp4chfr2ygluf7thlvg72vdd7k03aljexn93gtcudflemd8a5ge5cqrm9q7a2u,18000000,
fe9a6e28e60f9a4fa3d9a6fbabf0fa53dd571c0242bc0ad62611cec3b837afd6,2023-11-28T07:19:20.742000,received,kaspa:qpdey2edmc9jv748tf7cm5kzdqmvw5jv73p2htah8g3mu4x8amu0qylp5xc8q,19000000,
