tx_id,timestamp,direction,peer_address,amount_sompi,cex_label
6124be9275bd2a69f89647893b27dda3f9f4ab06b16e1ddbb8312c173b5fdca5,2025-03-17T01:46:11.695000,sent,kaspa:qpjunp39ssazf4rzfxxu0hd35xggfxn6lq0ls9u9q6peevzcmcv4xmv9q4njd,667690975547,
ecd643990449124cc64eaf5a310bc9cee139d32f41ebb1fc3d936d61b995dd2c,2025-03-16T09:03:06.422000,received,kaspa:qrcfjtm0n8fnlwwh4ys83d024vy9mdw6d05a8r087yw4jgv8njpx793q3kw9u,10000000000,
ecd643990449124cc64eaf5a310bc9cee139d32f41ebb1fc3d936d61b995dd2c,2025-03-16T09:03:06.422000,received,kaspa:qrqg0gztfc6a7754qcn4xrqtlj9pr2wm33qlskfpm6kvpvgd6ghsv0kzjsf04,10000000000,
71329bc6f235dd8fee46140fd186166fea088a8a514e82190240af007336693c,2025-03-15T12:24:22.157000,sent,kaspa:qpjunp39ssazf4rzfxxu0hd35xggfxn6lq0ls9u9q6peevzcmcv4xmv9q4njd,880017991110,
71329bc6f235dd8fee46140fd186166fea088a8a514e82190240af007336693c,2025-03-15T12:24:22.157000,sent,kaspa:qpjunp39ssazf4rzfxxu0hd35xggfxn6lq0ls9u9q6peevzcmcv4xmv9q4njd,880017991110,
d369e46a5e7a279b617df0c6a0cd3048ee56d0c37aa6a4fca3bf28aff68a87ef,2025-03-14T08:50:09.809000,received,kaspa:qz9yq3ex0q20lqzs0ksmc9622380pk2k3yvrs3lpauerqxjzyv29qwatcvhdu,10000000000,
d369e46a5e7a279b617df0c6a0cd3048ee56d0c37aa6a4fca3bf28aff68a87ef,2025-03-14T08:50:09.809000,received,kaspa:qrqg0gztfc6a7754qcn4xrqtlj9pr2wm33qlskfpm6kvpvgd6ghsv0kzjsf04,10000000000,
625966771979887a292150431564ce6ea2cdc5245c46080f6798f87fc18645ee,2025-03-13T08:07:18.413000,received,kaspa:qpyfq34h9eqjxepst53hkmjfshx9ht4tyttuev36x289wssqd3t9s2admx65t,10000000000,
625966771979887a292150431564ce6ea2cdc5245c46080f6798f87fc18645ee,2025-03-13T08:07:18.413000,received,kaspa:qrqg0gztfc6a7754qcn4xrqtlj9pr2wm33qlskfpm6kvpvgd6ghsv0kzjsf04,10000000000,
dd48942adb973f0579bf5b5564fafd4d2fe757a9f87d714d841109d7734edd22,2025-03-12T02:54:37.328000,sent,kaspa:qpjunp39ssazf4rzfxxu0hd35xggfxn6lq0ls9u9q6peevzcmcv4xmv9q4njd,836224316774,
30c884a2c866854c5be2b2fb448dfea7ad0ca6934c22bae42cd7674a920b30b0,2025-03-11T17:15:47.048000,received,kaspa:qrav38yw5syqqjmm2gehrnc86gy4m9mzhmq3pkjspc8uzg26cutduaq54masv,10000000000,
30c884a2c866854c5be2b2fb448dfea7ad0ca6934c22bae42cd7674a920b30b0,2025-03-11T17:15:47.048000,received,kaspa:qrqg0gztfc6a7754qcn4xrqtlj9pr2wm33qlskfpm6kvpvgd6ghsv0kzjsf04,10000000000,
129e2d89e435804fc5a2f32288dfc36dcb0036af04e87a4136ba13d31609ddf3,2024-01-25T04:26:58.789000,sent,kaspa:qpjunp39ssazf4rzfxxu0hd35xggfxn6lq0ls9u9q6peevzcmcv4xmv9q4njd,9764387718,
123c1ec4ddf3b0526a323c9c123032780a9a34b91d3f452a1120699f60b645a3,2024-01-25T04:17:22.526000,sent,kaspa:qpjunp39ssazf4rzfxxu0hd35xggfxn6lq0ls9u9q6peevzcmcv4xmv9q4njd,11327767379,
0c6669884dd54fe80326e118223f4dd35baa7233351736fefccb44cacd2b62bf,2024-01-23T06:26:37.754000,sent,kaspa:qpjunp39ssazf4rzfxxu0hd35xggfxn6lq0ls9u9q6peevzcmcv4xmv9q4njd,313385261010,
21683a6918aa1048c1988ea3bf1bdf7d10eceb7527d29d21547c4e6142a683d4,2022-12-06T18:52:46.850000,received,kaspa:qrq0c3f3sdrnedrnt7y8nnc077r52dauezff9m0557ja6hkm442f73ugq0r4e,111000000,
b2bb1ba1ede94fb68837fa6dbad01130a71d1506623faebf0be16acb34ab9ea9,2022-12-02T08:36:45.058000,received,kaspa:qpyj9ntjkqq7l9cu32pmnzmw6fltxm5ygerqxgxpa66sj96h9sp8c4fqgfc57,128681010,
a0912050fe4b9493c1fba89d260d4b106a2d74d7cdad2dc58e6ba6fb4c5b8f4c,2022-11-21T12:49:44.766000,received,kaspa:qzavf4vw52csc7ydkgvxsjw338cfzrs2z9a6ymjn0cxr7cfzezuy6xkplpj7q,3561000000,
