tx_id,timestamp,direction,peer_address,amount_sompi,cex_label
3d6fed5d4248b62915d97cf93905b0362ed60d3df449a79924f18896c01a3035,2023-09-04T05:21:11.044000,sent,kaspa:qpvseq3hjzjtyctvlpe4csv6qeler8x576y9d3cwlhnruuamcvcyggqzeqn6u,72499946136,
3d6fed5d4248b62915d97cf93905b0362ed60d3df449a79924f18896c01a3035,2023-09-04T05:21:11.044000,sent,kaspa:qq9ezzvlxkpynwwuyduv6epn62jckqwyakthf0c5klqemvg2d67yqlp3v3q0j,1510714174,
da2e76467fab305d73ac571409178b7127547b550c45a40a93d3b919f9acc91e,2023-08-27T19:21:39.522000,received,kaspa:qpsl3w8l3zc9at870pkp4ufr32g55umt3yaa4qf3n2zw6xjv86lnjvjpkvdcy,445181195,
da2e76467fab305d73ac571409178b7127547b550c45a40a93d3b919f9acc91e,2023-08-27T19:21:39.522000,received,kaspa:qpsl3w8l3zc9at870pkp4ufr32g55umt3yaa4qf3n2zw6xjv86lnjvjpkvdcy,445181195,
da2e76467fab305d73ac571409178b7127547b550c45a40a93d3b919f9acc91e,2023-08-27T19:21:39.522000,received,kaspa:qpsl3w8l3zc9at870pkp4ufr32g55umt3yaa4qf3n2zw6xjv86lnjvjpkvdcy,445181195,
da2e76467fab305d73ac571409178b7127547b550c45a40a93d3b919f9acc91e,2023-08-27T19:21:39.522000,received,kaspa:qpsl3w8l3zc9at870pkp4ufr32g55umt3yaa4qf3n2zw6xjv86lnjvjpkvdcy,445181195,
da2e76467fab305d73ac571409178b7127547b550c45a40a93d3b919f9acc91e,2023-08-27T19:21:39.522000,received,kaspa:qpsl3w8l3zc9at870pkp4ufr32g55umt3yaa4qf3n2zw6xjv86lnjvjpkvdcy,445181195,
da2e76467fab305d73ac571409178b7127547b550c45a40a93d3b919f9acc91e,2023-08-27T19:21:39.522000,received,kaspa:qpsl3w8l3zc9at870pkp4ufr32g55umt3yaa4qf3n2zw6xjv86lnjvjpkvdcy,445181195,
da2e76467fab305d73ac571409178b7127547b550c45a40a93d3b919f9acc91e,2023-08-27T19:21:39.522000,received,kaspa:qqvhx5n2a39rvf7t4ahjpa9em52jrckju5l5tdk7zrx9cy02333pwnf7wm3at,445181195,
da2e76467fab305d73ac571409178b7127547b550c45a40a93d3b919f9acc91e,2023-08-27T19:21:39.522000,received,kaspa:qpsl3w8l3zc9at870pkp4ufr32g55umt3yaa4qf3n2zw6xjv86lnjvjpkvdcy,445181195,
da2e76467fab305d73ac571409178b7127547b550c45a40a93d3b919f9acc91e,2023-08-27T19:21:39.522000,received,kaspa:qpsl3w8l3zc9at870pkp4ufr32g55umt3yaa4qf3n2zw6xjv86lnjvjpkvdcy,445181195,
da2e76467fab305d73ac571409178b7127547b550c45a40a93d3b919f9acc91e,2023-08-27T19:21:39.522000,received,kaspa:qpsl3w8l3zc9at870pkp4ufr32g55umt3yaa4qf3n2zw6xjv86lnjvjpkvdcy,445181195,
da2e76467fab305d73ac571409178b7127547b550c45a40a93d3b919f9acc91e,2023-08-27T19:21:39.522000,received,kaspa:qpsl3w8l3zc9at870pkp4ufr32g55umt3yaa4qf3n2zw6xjv86lnjvjpkvdcy,445181195,
da2e76467fab305d73ac571409178b7127547b550c45a40a93d3b919f9acc91e,2023-08-27T19:21:39.522000,received,kaspa:qpsl3w8l3zc9at870pkp4ufr32g55umt3yaa4qf3n2zw6xjv86lnjvjpkvdcy,445181195,
da2e76467fab305d73ac571409178b7127547b550c45a40a93d3b919f9acc91e,2023-08-27T19:21:39.522000,received,kaspa:qpsl3w8l3zc9at870pkp4ufr32g55umt3yaa4qf3n2zw6xjv86lnjvjpkvdcy,445181195,
da2e76467fab305d73ac571409178b7127547b550c45a40a93d3b919f9acc91e,2023-08-27T19:21:39.522000,received,kaspa:qpsl3w8l3zc9at870pkp4ufr32g55umt3yaa4qf3n2zw6xjv86lnjvjpkvdcy,445181195,
da2e76467fab305d73ac571409178b7127547b550c45a40a93d3b919f9acc91e,2023-08-27T19:21:39.522000,received,kaspa:qpsl3w8l3zc9at870pkp4ufr32g55umt3yaa4qf3n2zw6xjv86lnjvjpkvdcy,445181195,
da2e76467fab305d73ac571409178b7127547b550c45a40a93d3b919f9acc91e,2023-08-27T19:21:39.522000,received,kaspa:qpsl3w8l3zc9at870pkp4ufr32g55umt3yaa4qf3n2zw6xjv86lnjvjpkvdcy,445181195,
