tx_id,timestamp,direction,peer_address,amount_sompi,cex_label
2582267faaae1643173a0d99cde6cbf2b738c81cc7528738825aa6e466c2060f,2024-02-17T10:21:13.926000,sent,kaspa:qqsslpr5gst3y2s87k402r9yt7ajmak63vkgmathj8ys5qx4273jg40nngrd2,172980000,
2582267faaae1643173a0d99cde6cbf2b738c81cc7528738825aa6e466c2060f,2024-02-17T10:21:13.926000,sent,kaspa:qqsslpr5gst3y2s87k402r9yt7ajmak63vkgmathj8ys5qx4273jg40nngrd2,172980000,
3cf09f8f57510a2781cb13db4d1e950415fbc9607201b365965ecbd21e7aed8f,2023-12-12T22:27:36.072000,received,kaspa:qypswxtcrv4ssyjaswy5w9387vq73mkuyq85tl34cee6qn5uexqy0csgnafnjx7,171000000,
523b6550926f0c2959ffd5373e9847b846feb4c609668e5c461be4cba5cb414c,2023-11-29T14:04:38.362000,sent,kaspa:qyp84czdl0lz48t8sqnjy03udm68kg0vawcw659vyhffducgwa9a6rg7syndgk6,18000000,
73ac5e6ec56108509b4f9963b7b754752c00f8871cc54a7e26b8f0aa0da85bb3,2023-11-26T18:24:16.636000,received,kaspa:qypl86lat3lsadpv20ywkl4he24sj5klmvdsm4k30ndlmyq63g8fcaqgn725vdv,20000000,
