tx_id,timestamp,direction,peer_address,amount_sompi,cex_label
2656d5987b94a2b191a543dca4b3c69f7a7c640bf05be58432136640e9567147,2024-04-22T10:01:00.883000,received,kaspa:qzkjdp8l79u4wayjjcvfvg4sdh9vhrhrdsspll6ue22qxy0mcyxkgplelkcpm,834580306617569,
2656d5987b94a2b191a543dca4b3c69f7a7c640bf05be58432136640e9567147,2024-04-22T10:01:00.883000,received,kaspa:qrlkurql0dkej520tk9zsx3m5xnemmllrt73e8ez0l46prakna3nv728xu3zm,834580306617569,
2656d5987b94a2b191a543dca4b3c69f7a7c640bf05be58432136640e9567147,2024-04-22T10:01:00.883000,received,kaspa:qzd4qdtmxmn0lg2ydxwf7hqeujd3x6y56pz2mlk0y5nskml346nx5x0xgdg3r,834580306617569,
2656d5987b94a2b191a543dca4b3c69f7a7c640bf05be58432136640e9567147,2024-04-22T10:01:00.883000,received,kaspa:qqsmuasavwrwdvf2uwkjajhvxf52g8d6ecnk5qyxamcaglrzy7gmkg3fh6vd8,834580306617569,
2656d5987b94a2b191a543dca4b3c69f7a7c640bf05be58432136640e9567147,2024-04-22T10:01:00.883000,received,kaspa:qz53y2ny9kdtpwlf8ngyk9jcjeezhwt5r4mky6xrgdrg402rw02ly236dk4j7,834580306617569,
2656d5987b94a2b191a543dca4b3c69f7a7c640bf05be58432136640e9567147,2024-04-22T10:01:00.883000,received,kaspa:qrvum29vk365g0zcd5gx3c7h829etfq2ytdmscjzw4zw04fjfnprcg9c3tges,834580306617569,
2656d5987b94a2b191a543dca4b3c69f7a7c640bf05be58432136640e9567147,2024-04-22T10:01:00.883000,received,kaspa:qptm6tpcz5ye7hvaf3dchv2eh25xum0unl0vv9d62jdtg4hrw63evkkzafr8e,834580306617569,
2656d5987b94a2b191a543dca4b3c69f7a7c640bf05be58432136640e9567147,2024-04-22T10:01:00.883000,received,kaspa:qpgh8pdwk4nuv4t6sakzd3lyywj48ja0pe3y38npaefg52l4rv2nuz26qfewe,834580306617569,
2656d5987b94a2b191a543dca4b3c69f7a7c640bf05be58432136640e9567147,2024-04-22T10:01:00.883000,received,kaspa:qp8fzwnzvak6cq5djtawdxlj3znxqtuxsg3ulkdnlgu0v22heuauk2tenfpmj,834580306617569,
2656d5987b94a2b191a543dca4b3c69f7a7c640bf05be58432136640e9567147,2024-04-22T10:01:00.883000,received,kaspa:qzuz7vx4l6nav3mnvfrfs2m92tu2qmnddxlrecd74xuft3dqxd35wqhhrt50q,834580306617569,
2656d5987b94a2b191a543dca4b3c69f7a7c640bf05be58432136640e9567147,2024-04-22T10:01:00.883000,received,kaspa:qzk3vystw9uzd3kh995tq9xfcg0p737w2kmqslr7pc3k3xhe26aqvtsa7ag97,834580306617569,
2656d5987b94a2b191a543dca4b3c69f7a7c640bf05be58432136640e9567147,2024-04-22T10:01:00.883000,received,kaspa:qpua0lg76xwh2nyh86zrjhraxawa0wjcuqnfgu00u2vudkpxqz7qcf5yrcea2,834580306617569,
2656d5987b94a2b191a543dca4b3c69f7a7c640bf05be58432136640e9567147,2024-04-22T10:01:00.883000,received,kaspa:qrrf2545jxyhyxlfvrnj3yzlxgmj3c0mh67c443a3c0ym5xqazufztnksrqdv,834580306617569,
2656d5987b94a2b191a543dca4b3c69f7a7c640bf05be58432136640e9567147,2024-04-22T10:01:00.883000,received,kaspa:qrvum29vk365g0zcd5gx3c7h829etfq2ytdmscjzw4zw04fjfnprcg9c3tges,834580306617569,
2656d5987b94a2b191a543dca4b3c69f7a7c640bf05be58432136640e9567147,2024-04-22T10:01:00.883000,received,kaspa:qp8fzwnzvak6cq5djtawdxlj3znxqtuxsg3ulkdnlgu0v22heuauk2tenfpmj,834580306617569,
2656d5987b94a2b191a543dca4b3c69f7a7c640bf05be58432136640e9567147,2024-04-22T10:01:00.883000,received,kaspa:qp8fzwnzvak6cq5djtawdxlj3znxqtuxsg3ulkdnlgu0v22heuauk2tenfpmj,834580306617569,
2656d5987b94a2b191a543dca4b3c69f7a7c640bf05be58432136640e9567147,2024-04-22T10:01:00.883000,received,kaspa:qzs8yjz6g473rkjxvy8889as0ljdtj49e0sj79xq3tqrn48xe8cxc5xnjmt4h,834580306617569,
2656d5987b94a2b191a543dca4b3c69f7a7c640bf05be58432136640e9567147,2024-04-22T10:01:00.883000,received,kaspa:qrvum29vk365g0zcd5gx3c7h829etfq2ytdmscjzw4zw04fjfnprcg9c3tges,834580306617569,
2656d5987b94a2b191a543dca4b3c69f7a7c640bf05be58432136640e9567147,2024-04-22T10:01:00.883000,received,kaspa:qplj0xdafvpt0u9tkwereeflhnx26um6f0t44vx3vw54n606mcfpwe83g2a6a,834580306617569,
2656d5987b94a2b191a543dca4b3c69f7a7c640bf05be58432136640e9567147,2024-04-22T10:01:00.883000,received,kaspa:qrvum29vk365g0zcd5gx3c7h829etfq2ytdmscjzw4zw04fjfnprcg9c3tges,834580306617569,
2656d5987b94a2b191a543dca4b3c69f7a7c640bf05be58432136640e9567147,2024-04-22T10:01:00.883000,received,kaspa:qpfl5wqyemuq225v2w2rc2lgka0y2tqm9rm7cxjf90avq0u53zsa2z9elt06v,834580306617569,
2656d5987b94a2b191a543dca4b3c69f7a7c640bf05be58432136640e9567147,2024-04-22T10:01:00.883000,received,kaspa:qrvum29vk365g0zcd5gx3c7h829etfq2ytdmscjzw4zw04fjfnprcg9c3tges,834580306617569,
2656d5987b94a2b191a543dca4b3c69f7a7c640bf05be58432136640e9567147,2024-04-22T10:01:00.883000,received,kaspa:qz9w7cl4p0vfv4mt98xd83mtw0a3vp8k0v4lglu6kt4ggp508f05g6jul8rav,834580306617569,
2656d5987b94a2b191a543dca4b3c69f7a7c640bf05be58432136640e9567147,2024-04-22T10:01:00.883000,received,kaspa:qrvum29vk365g0zcd5gx3c7h829etfq2ytdmscjzw4zw04fjfnprcg9c3tges,834580306617569,
2656d5987b94a2b191a543dca4b3c69f7a7c640bf05be58432136640e9567147,2024-04-22T10:01:00.883000,received,kaspa:qrvum29vk365g0zcd5gx3c7h829etfq2ytdmscjzw4zw04fjfnprcg9c3tges,834580306617569,
2656d5987b94a2b191a543dca4b3c69f7a7c640bf05be58432136640e9567147,2024-04-22T10:01:00.883000,received,kaspa:qzkjdp8l79u4wayjjcvfvg4sdh9vhrhrdsspll6ue22qxy0mcyxkgplelkcpm,834580306617569,
2656d5987b94a2b191a543dca4b3c69f7a7c640bf05be58432136640e9567147,2024-04-22T10:01:00.883000,received,kaspa:qrvum29vk365g0zcd5gx3c7h829etfq2ytdmscjzw4zw04fjfnprcg9c3tges,834580306617569,
2656d5987b94a2b191a543dca4b3c69f7a7c640bf05be58432136640e9567147,2024-04-22T10:01:00.883000,received,kaspa:qrvum29vk365g0zcd5gx3c7h829etfq2ytdmscjzw4zw04fjfnprcg9c3tges,834580306617569,
2656d5987b94a2b191a543dca4b3c69f7a7c640bf05be58432136640e9567147,2024-04-22T10:01:00.883000,received,kaspa:qzkjdp8l79u4wayjjcvfvg4sdh9vhrhrdsspll6ue22qxy0mcyxkgplelkcpm,834580306617569,
2656d5987b94a2b191a543dca4b3c69f7a7c640bf05be58432136640e9567147,2024-04-22T10:01:00.883000,received,kaspa:qrvum29vk365g0zcd5gx3c7h829etfq2ytdmscjzw4zw04fjfnprcg9c3tges,834580306617569,
2656d5987b94a2b191a543dca4b3c69f7a7c640bf05be58432136640e9567147,2024-04-22T10:01:00.883000,received,kaspa:qzuuky4xcdd2ur0u24l0drn9xjyf0d95ll25hyk9ttcz4x9wxlhrcrrm8s0a5,834580306617569,
2656d5987b94a2b191a543dca4b3c69f7a7c640bf05be58432136640e9567147,2024-04-22T10:01:00.883000,received,kaspa:qrvum29vk365g0zcd5gx3c7h829etfq2ytdmscjzw4zw04fjfnprcg9c3tges,834580306617569,
2656d5987b94a2b191a543dca4b3c69f7a7c640bf05be58432136640e9567147,2024-04-22T10:01:00.883000,received,kaspa:qrvum29vk365g0zcd5gx3c7h829etfq2ytdmscjzw4zw04fjfnprcg9c3tges,834580306617569,
2656d5987b94a2b191a543dca4b3c69f7a7c640bf05be58432136640e9567147,2024-04-22T10:01:00.883000,received,kaspa:qrvum29vk365g0zcd5gx3c7h829etfq2ytdmscjzw4zw04fjfnprcg9c3tges,834580306617569,
2656d5987b94a2b191a543dca4b3c69f7a7c640bf05be58432136640e9567147,2024-04-22T10:01:00.883000,received,kaspa:qrvum29vk365g0zcd5gx3c7h829etfq2ytdmscjzw4zw04fjfnprcg9c3tges,834580306617569,
2656d5987b94a2b191a543dca4b3c69f7a7c640bf05be58432136640e9567147,2024-04-22T10:01:00.883000,received,kaspa:qrvum29vk365g0zcd5gx3c7h829etfq2ytdmscjzw4zw04fjfnprcg9c3tges,834580306617569,
2656d5987b94a2b191a543dca4b3c69f7a7c640bf05be58432136640e9567147,2024-04-22T10:01:00.883000,received,kaspa:qrvum29vk365g0zcd5gx3c7h829etfq2ytdmscjzw4zw04fjfnprcg9c3tges,834580306617569,
2656d5987b94a2b191a543dca4b3c69f7a7c640bf05be58432136640e9567147,2024-04-22T10:01:00.883000,received,kaspa:qzkjdp8l79u4wayjjcvfvg4sdh9vhrhrdsspll6ue22qxy0mcyxkgplelkcpm,834580306617569,
2656d5987b94a2b191a543dca4b3c69f7a7c640bf05be58432136640e9567147,2024-04-22T10:01:00.883000,received,kaspa:qrvum29vk365g0zcd5gx3c7h829etfq2ytdmscjzw4zw04fjfnprcg9c3tges,834580306617569,
2656d5987b94a2b191a543dca4b3c69f7a7c640bf05be58432136640e9567147,2024-04-22T10:01:00.883000,received,kaspa:qrvum29vk365g0zcd5gx3c7h829etfq2ytdmscjzw4zw04fjfnprcg9c3tges,834580306617569,
2656d5987b94a2b191a543dca4b3c69f7a7c640bf05be58432136640e9567147,2024-04-22T10:01:00.883000,received,kaspa:qrvum29vk365g0zcd5gx3c7h829etfq2ytdmscjzw4zw04fjfnprcg9c3tges,834580306617569,
2656d5987b94a2b191a543dca4b3c69f7a7c640bf05be58432136640e9567147,2024-04-22T10:01:00.883000,received,kaspa:qrvum29vk365g0zcd5gx3c7h829etfq2ytdmscjzw4zw04fjfnprcg9c3tges,834580306617569,
2656d5987b94a2b191a543dca4b3c69f7a7c640bf05be58432136640e9567147,2024-04-22T10:01:00.883000,received,kaspa:qzuuky4xcdd2ur0u24l0drn9xjyf0d95ll25hyk9ttcz4x9wxlhrcrrm8s0a5,834580306617569,
2656d5987b94a2b191a543dca4b3c69f7a7c640bf05be58432136640e9567147,2024-04-22T10:01:00.883000,received,kaspa:qrvum29vk365g0zcd5gx3c7h829etfq2ytdmscjzw4zw04fjfnprcg9c3tges,834580306617569,
2656d5987b94a2b191a543dca4b3c69f7a7c640bf05be58432136640e9567147,2024-04-22T10:01:00.883000,received,kaspa:qrvum29vk365g0zcd5gx3c7h829etfq2ytdmscjzw4zw04fjfnprcg9c3tges,834580306617569,
2656d5987b94a2b191a543dca4b3c69f7a7c640bf05be58432136640e9567147,2024-04-22T10:01:00.883000,received,kaspa:qzuuky4xcdd2ur0u24l0drn9xjyf0d95ll25hyk9ttcz4x9wxlhrcrrm8s0a5,834580306617569,
2656d5987b94a2b191a543dca4b3c69f7a7c640bf05be58432136640e9567147,2024-04-22T10:01:00.883000,received,kaspa:qrvum29vk365g0zcd5gx3c7h829etfq2ytdmscjzw4zw04fjfnprcg9c3tges,834580306617569,
2656d5987b94a2b191a543dca4b3c69f7a7c640bf05be58432136640e9567147,2024-04-22T10:01:00.883000,received,kaspa:qzkjdp8l79u4wayjjcvfvg4sdh9vhrhrdsspll6ue22qxy0mcyxkgplelkcpm,834580306617569,
2656d5987b94a2b191a543dca4b3c69f7a7c640bf05be58432136640e9567147,2024-04-22T10:01:00.883000,received,kaspa:qrvum29vk365g0zcd5gx3c7h829etfq2ytdmscjzw4zw04fjfnprcg9c3tges,834580306617569,
2656d5987b94a2b191a543dca4b3c69f7a7c640bf05be58432136640e9567147,2024-04-22T10:01:00.883000,received,kaspa:qrvum29vk365g0zcd5gx3c7h829etfq2ytdmscjzw4zw04fjfnprcg9c3tges,834580306617569,
2656d5987b94a2b191a543dca4b3c69f7a7c640bf05be58432136640e9567147,2024-04-22T10:01:00.883000,received,kaspa:qrvum29vk365g0zcd5gx3c7h829etfq2ytdmscjzw4zw04fjfnprcg9c3tges,834580306617569,
2656d5987b94a2b191a543dca4b3c69f7a7c640bf05be58432136640e9567147,2024-04-22T10:01:00.883000,received,kaspa:qzuuky4xcdd2ur0u24l0drn9xjyf0d95ll25hyk9ttcz4x9wxlhrcrrm8s0a5,834580306617569,
2656d5987b94a2b191a543dca4b3c69f7a7c640bf05be58432136640e9567147,2024-04-22T10:01:00.883000,received,kaspa:qrvum29vk365g0zcd5gx3c7h829etfq2ytdmscjzw4zw04fjfnprcg9c3tges,834580306617569,
2656d5987b94a2b191a543dca4b3c69f7a7c640bf05be58432136640e9567147,2024-04-22T10:01:00.883000,received,kaspa:qrvum29vk365g0zcd5gx3c7h829etfq2ytdmscjzw4zw04fjfnprcg9c3tges,834580306617569,
2656d5987b94a2b191a543dca4b3c69f7a7c640bf05be58432136640e9567147,2024-04-22T10:01:00.883000,received,kaspa:qrvum29vk365g0zcd5gx3c7h829etfq2ytdmscjzw4zw04fjfnprcg9c3tges,834580306617569,
2656d5987b94a2b191a543dca4b3c69f7a7c640bf05be58432136640e9567147,2024-04-22T10:01:00.883000,received,kaspa:qrvum29vk365g0zcd5gx3c7h829etfq2ytdmscjzw4zw04fjfnprcg9c3tges,834580306617569,
7cbfedeeea5d5e9bc027672ca3a900076e0dd8995b5443e346fa9a43d6e03084,2024-04-22T09:47:44.324000,received,kaspa:qrvum29vk365g0zcd5gx3c7h829etfq2ytdmscjzw4zw04fjfnprcg9c3tges,100000000000,
1c720c5c4b21807682f32c6aa42abced9b8dfd05b9f58c2ff52ba7b586c79e9f,2023-11-18T21:28:03.154000,sent,kaspa:qzq374uqpzgawznjnwy2gamrglfufj9kczgqw7ze32f56yqnwycmcl83klvtf,468227488169257,
1c720c5c4b21807682f32c6aa42abced9b8dfd05b9f58c2ff52ba7b586c79e9f,2023-11-18T21:28:03.154000,sent,kaspa:qqtenggfmwrrqqv6xeezadpxsteqzstzfgfkxwwkr8tljpudn3n4vlvyuwtcw,2531772511828674,
8b7adb708b7219e7361c9dacdcad07960075d61233c3332a2f2eb3173c6f40c4,2023-11-18T21:24:07.833000,sent,kaspa:qquypsl0ncnt20aa42gjdwtx7k9n0782n377vx7nf08h83r9naslz7n6an0f9,421689239472551,
8b7adb708b7219e7361c9dacdcad07960075d61233c3332a2f2eb3173c6f40c4,2023-11-18T21:24:07.833000,sent,kaspa:qrrt4ak4k8kkxq0mnkt7566kwyjq8wsvppj47709ysc2px6teaqnctxlcrjv8,328310760525380,
091ae97f15333183d160f463b78841fcb0729668d2e2c2ffe5066def74c7e5c8,2023-11-15T19:49:04.122000,sent,kaspa:qquypsl0ncnt20aa42gjdwtx7k9n0782n377vx7nf08h83r9naslz7n6an0f9,241388768441873,
091ae97f15333183d160f463b78841fcb0729668d2e2c2ffe5066def74c7e5c8,2023-11-15T19:49:04.122000,sent,kaspa:qrqhzf7cf5e6tvacdtqu5fgenyppwn6nsg5wyfqdwwuhzs76xh4hs0ujjlta4,1758611231556058,
676dd7d4913443686f1f5f407e7df64cfcb1d3a67a6c5c486a903a32fa0de86b,2023-11-15T19:23:03.562000,sent,kaspa:qzdrlqqvznggk4lat0x790ccr22xf6vy04u9642u79ke6rqee57qsr8ww6xsq,65231288195642,
676dd7d4913443686f1f5f407e7df64cfcb1d3a67a6c5c486a903a32fa0de86b,2023-11-15T19:23:03.562000,sent,kaspa:qpn7quxxvwf86uegee2muaycj02d38j0k4pg52c7hcxlwvc2spsexsdz5qnwv,1934768711802289,
873fe5c8598a2c3fc9c7e30082e9d757a83a17f5082dab8902870ca791a69009,2023-11-15T19:10:44.715000,sent,kaspa:qzdrlqqvznggk4lat0x790ccr22xf6vy04u9642u79ke6rqee57qsr8ww6xsq,5012314963325,
873fe5c8598a2c3fc9c7e30082e9d757a83a17f5082dab8902870ca791a69009,2023-11-15T19:10:44.715000,sent,kaspa:qphmc5umd747shdfzff8qslqv7wlrq0g9gzelj73s6dfvcftw2c77c9c6g69r,994987685034606,
8045813d0ddb64fe7779f5f334dd079bf90707475402117a07a7bd161ed3b283,2023-11-09T10:44:01.241000,sent,kaspa:qquypsl0ncnt20aa42gjdwtx7k9n0782n377vx7nf08h83r9naslz7n6an0f9,355812411695232,
8045813d0ddb64fe7779f5f334dd079bf90707475402117a07a7bd161ed3b283,2023-11-09T10:44:01.241000,sent,kaspa:qz5my54506xmqfj93vdefjj0gx3ku2v5kuwmunvplwjsnnk326z36mfywx027,644187588302699,
b87595a30de8c597b1d4c5ad16cea0d313f1371d80f785c4d62b0e88365eef49,2023-11-09T10:33:45.428000,sent,kaspa:qzq374uqpzgawznjnwy2gamrglfufj9kczgqw7ze32f56yqnwycmcl83klvtf,369522123246558,
b87595a30de8c597b1d4c5ad16cea0d313f1371d80f785c4d62b0e88365eef49,2023-11-09T10:33:45.428000,sent,kaspa:qqx2e2jmuytwyu5z33j0ps2j6aht4damfksgnmst2vx4z4v48csgza36us05w,630477876751373,
818bf4aafe2ff080f4d6f33832a5948c5c3b78c880b352cbf08ebc166163542b,2023-11-09T08:20:57.899000,sent,kaspa:qqjet2e4nt7z2a8jn5jln9cwlqyyjj3utvkmat4df8n6xqegtpufk4m346xya,218556464255394,
818bf4aafe2ff080f4d6f33832a5948c5c3b78c880b352cbf08ebc166163542b,2023-11-09T08:20:57.899000,sent,kaspa:qpw5qjwcs3dh3aa4757gpsrq80d545z360evxhe32kcjrndwrvjaz4qg6yv9a,781443535742537,
433e4d64d4437cce8fff560604d29bb25e1ae97efeb30a127b1464b7d0a93527,2023-11-08T03:53:46.694000,sent,kaspa:qzq374uqpzgawznjnwy2gamrglfufj9kczgqw7ze32f56yqnwycmcl83klvtf,312892522871450,
433e4d64d4437cce8fff560604d29bb25e1ae97efeb30a127b1464b7d0a93527,2023-11-08T03:53:46.694000,sent,kaspa:qz2c5rkr6a02r4ltsy8fvfqvvfum4dl86u9gjkq2gyzjyku0tvvnxjpjp6tp2,687107477126481,
88cf0a27b06e38878cdb39877a356fc125c61dde79bfb1c237e4a672c6048797,2023-11-08T03:50:25.118000,sent,kaspa:qquypsl0ncnt20aa42gjdwtx7k9n0782n377vx7nf08h83r9naslz7n6an0f9,362154445698022,
88cf0a27b06e38878cdb39877a356fc125c61dde79bfb1c237e4a672c6048797,2023-11-08T03:50:25.118000,sent,kaspa:qzdskgz8esetcvq3mxz5m43n4ad802h08cgtud988jvk0j06cyz7gwssmzdxr,137845554299909,
8a80fae8437a0f0d86ce3ce73491d03c7f806c3d62f0270140ab6c53b2181fe0,2023-09-11T01:59:33.710000,sent,kaspa:qzq374uqpzgawznjnwy2gamrglfufj9kczgqw7ze32f56yqnwycmcl83klvtf,136254128746954,
8a80fae8437a0f0d86ce3ce73491d03c7f806c3d62f0270140ab6c53b2181fe0,2023-09-11T01:59:33.710000,sent,kaspa:qpvcsgjjcanr8245uhf4qjqh9ge7k64sy6z90n92wf6g6ay93s7p7rzstclmv,363745871250977,
48b1d73c5c098bcab28cbb4d968e90173bd92e0287aa82aa66bbd26e18cdfb96,2023-09-06T08:28:46.878000,received,kaspa:qypxchasprsv07pmzdtfzar9t0x9xhzs8t3es757grj83rmjtkjayugys0ew3rl,547051000,
40634f981e76a47c1e0beae0a363641a7fb026eeecba51f4a092627644a246ce,2023-09-06T08:27:06.273000,received,kaspa:qypxchasprsv07pmzdtfzar9t0x9xhzs8t3es757grj83rmjtkjayugys0ew3rl,133700000,
2598e8b21fb9c4cb215f3966cc44de0862780389d94bc9227e08feeb9f432895,2023-09-06T08:24:43.972000,received,kaspa:qypxchasprsv07pmzdtfzar9t0x9xhzs8t3es757grj83rmjtkjayugys0ew3rl,100000000,
6b281183fe1530fc31febe88a0b84d81749439c4e9e3202a0b2ba6793d0755d3,2023-09-04T08:40:16.503000,received,kaspa:qypxchasprsv07pmzdtfzar9t0x9xhzs8t3es757grj83rmjtkjayugys0ew3rl,200000000,
b792b847c30d19f7a3df197d3ac4b9331d4ccc6c59be946790681453b6d0b223,2023-09-02T12:31:19.927000,received,kaspa:qypxchasprsv07pmzdtfzar9t0x9xhzs8t3es757grj83rmjtkjayugys0ew3rl,300000000,
d8b44644421fc146c401874bcc8a6124aa34535ea0943db3815412816862faad,2023-09-01T16:24:41.432000,received,kaspa:qypxchasprsv07pmzdtfzar9t0x9xhzs8t3es757grj83rmjtkjayugys0ew3rl,400000000,
716ec1c8136d5ac44ceb0f4f8088ee2f5e52fb4828308621e08bc38b99d234a2,2023-08-31T11:06:14.069000,received,kaspa:qypxchasprsv07pmzdtfzar9t0x9xhzs8t3es757grj83rmjtkjayugys0ew3rl,500000000,
a333e4b5d553adacf0320f02d24e7cb94f508ab19abefa5cb22a4b31fa3c8490,2023-08-31T11:05:24.570000,received,kaspa:qypxchasprsv07pmzdtfzar9t0x9xhzs8t3es757grj83rmjtkjayugys0ew3rl,600000000,
fdcac5d0e7ca415753c52cb8103dcafa159f245bb7ae733a5f289ccc4e183f79,2023-08-25T13:11:52.324000,received,kaspa:qypxchasprsv07pmzdtfzar9t0x9xhzs8t3es757grj83rmjtkjayugys0ew3rl,700000000,
d049e48e58a7c56fb14b625c04bc6135a36a5519037c4de654f8707dcaba7c83,2023-08-24T07:11:01.087000,received,kaspa:qypxchasprsv07pmzdtfzar9t0x9xhzs8t3es757grj83rmjtkjayugys0ew3rl,800000000,
460b309cb2ab02686b7b5acc8bc887b650ff211eb142984a926aaf6ce62e1a36,2023-08-23T05:10:13.151000,received,kaspa:qypxchasprsv07pmzdtfzar9t0x9xhzs8t3es757grj83rmjtkjayugys0ew3rl,900000000,
661c3947b68df088c179721413dc8e340e4c33ec8bccdd13625e9fe23e619fa8,2023-08-23T05:05:19.741000,received,kaspa:qypxchasprsv07pmzdtfzar9t0x9xhzs8t3es757grj83rmjtkjayugys0ew3rl,1000000000,
661c3947b68df088c179721413dc8e340e4c33ec8bccdd13625e9fe23e619fa8,2023-08-23T05:05:19.741000,received,kaspa:qypxchasprsv07pmzdtfzar9t0x9xhzs8t3es757grj83rmjtkjayugys0ew3rl,1000000000,
bc26e6ad782500dc974e9fb9fe3aaaa8d6f5d14fa4bee737b8bf5b2517d0971a,2022-05-02T08:44:11.113000,received,kaspa:qr6su90yww0lmhzxsd9qcyxdrheemsmgd80z79tp8ssnnapws3hmja4cu9zdp,3000000000000000,
bc26e6ad782500dc974e9fb9fe3aaaa8d6f5d14fa4bee737b8bf5b2517d0971a,2022-05-02T08:44:11.113000,received,kaspa:qp5mhcxfkwvkjfj5vwgjs2dwf8g5d9rm24ntxkcc6l3l47n7e054ukgyhrqrk,3000000000000000,
bc26e6ad782500dc974e9fb9fe3aaaa8d6f5d14fa4bee737b8bf5b2517d0971a,2022-05-02T08:44:11.113000,received,kaspa:qp5mhcxfkwvkjfj5vwgjs2dwf8g5d9rm24ntxkcc6l3l47n7e054ukgyhrqrk,3000000000000000,
bc26e6ad782500dc974e9fb9fe3aaaa8d6f5d14fa4bee737b8bf5b2517d0971a,2022-05-02T08:44:11.113000,received,kaspa:qq95lhn7naymyy4gc288udek9jkzppz4fkj7d7yccekcsnsq4jzyscmprvgqm,3000000000000000,
bc26e6ad782500dc974e9fb9fe3aaaa8d6f5d14fa4bee737b8bf5b2517d0971a,2022-05-02T08:44:11.113000,received,kaspa:qz78duf8u20tlh79jdm27382c5f34zv8fmudkvppddmjt848sl6c2fk43n5xy,3000000000000000,
bc26e6ad782500dc974e9fb9fe3aaaa8d6f5d14fa4bee737b8bf5b2517d0971a,2022-05-02T08:44:11.113000,received,kaspa:qznfvmx8cexvgmrn89vpnjnq7cxuffa269s634vsgwua94wwj3z02kafg8zn8,3000000000000000,
44bc548974c76fa1259aa802480ffceafd93dcf1875fcfff8019a0568d22822a,2022-05-01T05:56:01.647000,received,kaspa:qzpldhnhxfcytknff4renafa7glf0900qteg6z8rr5cnueu3w4xq5l5sxmxlg,750000000000000,
44bc548974c76fa1259aa802480ffceafd93dcf1875fcfff8019a0568d22822a,2022-05-01T05:56:01.647000,received,kaspa:qp5mhcxfkwvkjfj5vwgjs2dwf8g5d9rm24ntxkcc6l3l47n7e054ukgyhrqrk,750000000000000,
44bc548974c76fa1259aa802480ffceafd93dcf1875fcfff8019a0568d22822a,2022-05-01T05:56:01.647000,received,kaspa:qq95lhn7naymyy4gc288udek9jkzppz4fkj7d7yccekcsnsq4jzyscmprvgqm,750000000000000,
5f441510243bc290f92dbc7714bb09846f151c17819d368b0018e4eabe761362,2022-05-01T05:30:42.424000,received,kaspa:qpyzlslfzx6yd4yummzy2r20sfwznhl4unslm9v0t8xmrm6jaalq65wh0djmu,2000000000000000,
5f441510243bc290f92dbc7714bb09846f151c17819d368b0018e4eabe761362,2022-05-01T05:30:42.424000,received,kaspa:qpmkkv6yl5gkj77j465f4rsvrsld2ygtapyuwnysqyfka6mxrqs9yz0vks4fs,2000000000000000,
5f441510243bc290f92dbc7714bb09846f151c17819d368b0018e4eabe761362,2022-05-01T05:30:42.424000,received,kaspa:qp6x9ww8qsfznveqaz7lq0ylc6c6qlzg7guesd2l35f874ge0rk55qyphmt0d,2000000000000000,
cea6fc36e3de281596a7dd258fe76bae0dabb504c29db22b89e7ea0bece8a82f,2022-05-01T05:25:03.686000,received,kaspa:qrx9309aurs80e29udwff0m39nc0v2xkqkfgakceueg9ytnhyel0j8kzswfpf,2000000000000000,
40487af7f22b2e5eaeeba109785557b72945aa49f831af2d41a59a3413dc9e87,2022-04-29T23:27:26.414000,received,kaspa:qrs4x8086dqfyumghxspll8f7xxgzvnrlcvf2n20v0muyyhzd2426uffkg4qw,1000000000000000,
3bb76b641d701f381c0649871227fc9e5eaa1e726bcbb20f299ded5b9f89f579,2022-04-29T23:22:30.686000,received,kaspa:qqmyudkke28gh696g0vepvkknh88ful7anheelq4gq7xpkfqprhdyxcv9tdkf,1000000000000000,
3bb76b641d701f381c0649871227fc9e5eaa1e726bcbb20f299ded5b9f89f579,2022-04-29T23:22:30.686000,received,kaspa:qq95lhn7naymyy4gc288udek9jkzppz4fkj7d7yccekcsnsq4jzyscmprvgqm,1000000000000000,
a02e0ae4f6f14966de884f842a8beae4f9f7d9dc91c03d8da01e6ce13a1a6352,2022-04-29T07:23:05.037000,received,kaspa:qqlylqrde8zjda94g49hgjktgevjs2h0zhj9gtslhc5shp58gzywzast78z43,1000000000000000,
a02e0ae4f6f14966de884f842a8beae4f9f7d9dc91c03d8da01e6ce13a1a6352,2022-04-29T07:23:05.037000,received,kaspa:qqhj67wptd00n6dwty5kf0jngu7dsacwkv6ueg9c8j9pcmveft2egwezssw5s,1000000000000000,
639c26f5bc8abc37cf457f00775f9d1d90a44f281a525be0c599ad6162d08115,2022-04-29T07:17:25.037000,received,kaspa:qpwj87pkt2dhj5fjl2q9q5hte89nl9k7d93eh29zr2kymre0hfhz7lmxtclr5,1000000000000000,
8ac5fb79dc2bbb7a5c89dd3604b3948c5e8e1a493ca4d0a4434f8bcc31e18ecc,2022-04-29T07:12:27.931000,received,kaspa:qq95lhn7naymyy4gc288udek9jkzppz4fkj7d7yccekcsnsq4jzyscmprvgqm,1000000000000000,
efe215f55e0086791b2e913ec14e6e54132af262f587fa77c80c7f5f21895232,2022-04-29T07:07:33.939000,received,kaspa:qp5mhcxfkwvkjfj5vwgjs2dwf8g5d9rm24ntxkcc6l3l47n7e054ukgyhrqrk,500000000000000,
efe215f55e0086791b2e913ec14e6e54132af262f587fa77c80c7f5f21895232,2022-04-29T07:07:33.939000,received,kaspa:qzu8grvjax2x0367u50mkxyhxvg0h7mccjmrcn2wk5vwv34n0lh9grhylqzra,500000000000000,
a2a62e8bb135ec51cb8a592bc82bc06cb7903dd5a352baa499ed4ccdb424821e,2022-04-29T06:45:21.991000,received,kaspa:qrkzcud06ka59l32d0l2gc0ksznt58pfhv8muwcxt8280xq9ekkjq4zvvsu2m,500000000000000,
a2a62e8bb135ec51cb8a592bc82bc06cb7903dd5a352baa499ed4ccdb424821e,2022-04-29T06:45:21.991000,received,kaspa:qz766vyg29dyzfl4vdma26s3fdanqcdw8qt0yrnlyxs6q6plv0jayewerkzf0,500000000000000,
