tx_id,timestamp,direction,peer_address,amount_sompi,cex_label
6d60ce718bbf930667ca08ce54f73b79da5caec976db84681231f916ea14a95b,2023-12-16T04:18:29.358000,sent,kaspa:qzslgwenzu78t6tldlng383g7ruu4enaljmnkgaulyrscjp7ldt26x8gfxck5,171940000,
6d60ce718bbf930667ca08ce54f73b79da5caec976db84681231f916ea14a95b,2023-12-16T04:18:29.358000,sent,kaspa:qzslgwenzu78t6tldlng383g7ruu4enaljmnkgaulyrscjp7ldt26x8gfxck5,171940000,
e7c9c756952b979ff974984706965ea36b27128b003bbb795d3b5d6be93719aa,2023-12-12T06:31:05.984000,received,kaspa:qypswxtcrv4ssyjaswy5w9387vq73mkuyq85tl34cee6qn5uexqy0csgnafnjx7,171000000,
b763a208e1591880231dfc557365bedf2585f3b55a53c4a74e89ec966c874b15,2023-11-28T07:25:25.420000,sent,kaspa:qypyat9xw4ve0z54f4af8585a0k4gw25mjuhyr0n7p22vd4xccv0agqkzjmygmj,18000000,
0448e6723dd01046ed37b0efaef53bdb67e687e64669432c79ef3ae7e9bb807d,2023-11-28T05:56:39.888000,received,kaspa:qz6xn8qdjqjdkwq7hhrsfdtv53zq2xu8pdwy4jnlw2nkx2gq7hsjk26ukzwpq,19000000,
