tx_id,timestamp,direction,peer_address,amount_sompi,cex_label
a6474a59f9347aa35d1a40e8ce85b591ac2dc4ab257150eb219cf90a6284e4f3,2024-11-18T13:41:55.494000,sent,kaspa:qqnqv3rvnctfyrjteurqm0gmqfu7yjg3949yxpyxxfa4rgm9nt2zxauwq8xvs,795000000000,
a6474a59f9347aa35d1a40e8ce85b591ac2dc4ab257150eb219cf90a6284e4f3,2024-11-18T13:41:55.494000,sent,kaspa:qqvjy3xp5vyx6jl0rrg6r3525q27qeawalwdpesvaj294lewuqt7z38yqejlg,12367394849,
b251b95065d628fe5ba4a10146ed337e8a4351b6ffce9a8ed17512ced54496f2,2024-11-18T13:30:02.735000,received,kaspa:qpgl0dyfatnrflwssc2x2t4vu7e4mdcws5qfhvn2zmq0ay7vmmvuc4mss9j83,9015581371,
b251b95065d628fe5ba4a10146ed337e8a4351b6ffce9a8ed17512ced54496f2,2024-11-18T13:30:02.735000,received,kaspa:qr8snzsgee0ftvcjej2de8xf858d5v62y989f4u3c70q83e6kty575gg8mzfu,9015581371,
b251b95065d628fe5ba4a10146ed337e8a4351b6ffce9a8ed17512ced54496f2,2024-11-18T13:30:02.735000,received,kaspa:qpuwmqqyxr6ux7ven779grjnwv365rlq2ta2jrrlz76wuk3xly34cm6kagqs5,9015581371,
b251b95065d628fe5ba4a10146ed337e8a4351b6ffce9a8ed17512ced54496f2,2024-11-18T13:30:02.735000,received,kaspa:qzu382ypf7r8mfgs8rkv39ewasgwzdtj35k8pehaqadm30mqyepu56mkd2cmc,9015581371,
b251b95065d628fe5ba4a10146ed337e8a4351b6ffce9a8ed17512ced54496f2,2024-11-18T13:30:02.735000,received,kaspa:qr9sxpcyaxgedgpknnv4nqajh9x40jk38jesg309uwy5xnsw6l5ujt0e67a70,9015581371,
