tx_id,timestamp,direction,peer_address,amount_sompi,cex_label
78526ac8d91e9732a2f51f51e7fbb6e82ac58eb17c42b41c9af023027d1e4e44,2023-12-17T13:53:24.930000,sent,kaspa:qp68q70l56ya3zc0lf8st2h6nwl7r9pqr7zn0wapy62fl3hemklyk9leynqmv,171070000,
78526ac8d91e9732a2f51f51e7fbb6e82ac58eb17c42b41c9af023027d1e4e44,2023-12-17T13:53:24.930000,sent,kaspa:qp68q70l56ya3zc0lf8st2h6nwl7r9pqr7zn0wapy62fl3hemklyk9leynqmv,171070000,
6d00aa1c552a585a1b65bfae921c84ab291995df2eaf0ba2658bb77ccfe71379,2023-12-12T07:12:47.042000,received,kaspa:qypswxtcrv4ssyjaswy5w9387vq73mkuyq85tl34cee6qn5uexqy0csgnafnjx7,171000000,
64094e9f5a731881bc84c181bb2ac0c2824c522cea7db05cabb3ae7701dd96f1,2023-11-28T08:42:36.331000,sent,kaspa:qyparkl4utdt88z6rwaqtheuun5ec9xrue6g4n8rmxudkgm8dqulxvs9xpw7cs8,18000000,
29233bcf82b3aba0de0c37a9a46e0d4cad7a8448e6f840909db434f7a4192e79,2023-11-27T15:30:49.887000,received,kaspa:qqchg5aj8ea9n9dxm9ca6ncgnjxwk8pkjdx9x202jav5hrnsdu5s6g6un23ew,18100000,
