tx_id,timestamp,direction,peer_address,amount_sompi,cex_label
ad7b85f26f9ede8601020e3138eded928f3ddd0fab2d98c36ebde43783399e86,2023-12-16T04:47:11.961000,sent,kaspa:qzslgwenzu78t6tldlng383g7ruu4enaljmnkgaulyrscjp7ldt26x8gfxck5,171940000,
ad7b85f26f9ede8601020e3138eded928f3ddd0fab2d98c36ebde43783399e86,2023-12-16T04:47:11.961000,sent,kaspa:qzslgwenzu78t6tldlng383g7ruu4enaljmnkgaulyrscjp7ldt26x8gfxck5,171940000,
b604ac94f1290f9340399967eb224d9fbc7b765623f84b02dd828de51edba708,2023-12-12T18:30:49.561000,received,kaspa:qypswxtcrv4ssyjaswy5w9387vq73mkuyq85tl34cee6qn5uexqy0csgnafnjx7,171000000,
23f975830de64ecb5b22c1823a18222759550407482ffabe64e3020736278f18,2023-11-29T07:32:14.050000,sent,kaspa:qypx2pzf7f2664d73gec9a9ajyeq46fl5wjy7ayfs7w865q0wqt27yc9wv9n7jn,18000000,
f18427c1b4de286b3ccb4757d23a8806fce35ef1a6ff79642390d293687a04af,2023-11-28T19:32:29.679000,received,kaspa:qz8v94urkf42xeundqczn5fwe0ja4ldhrgwl2h2hxp9u92phqjexj4rgag53r,19000000,
