tx_id,timestamp,direction,peer_address,amount_sompi,cex_label
4fa55ede68971796d5058e213481a358288b34470564a4518995178c9b5c3aa8,2024-10-03T21:14:24.106000,sent,kaspa:qqnqv3rvnctfyrjteurqm0gmqfu7yjg3949yxpyxxfa4rgm9nt2zxauwq8xvs,1200000000000,
4fa55ede68971796d5058e213481a358288b34470564a4518995178c9b5c3aa8,2024-10-03T21:14:24.106000,sent,kaspa:qzqzc328cgkymc4crfp0ptmn3rsm7nneu3u2wk6welp6jxz6g8tm606u8jlcr,4920189123064,
3707516790801b0e8029f1bc3a888c6f4cccef2ad1416caf9e3e92ea41434fec,2024-10-02T12:57:41.688000,received,kaspa:qqxx8fymuac3kl6u0uxlcwaqwtnct8tmsl376uhexlh09kx7e5m0ghl4v6kh9,320469126284,
3707516790801b0e8029f1bc3a888c6f4cccef2ad1416caf9e3e92ea41434fec,2024-10-02T12:57:41.688000,received,kaspa:qr34pwkhm7vtzy8lajj3ffgllgpdkhgwdvjlhtxmgu27wnd2qh4gu6vvjr2e6,320469126284,
3707516790801b0e8029f1bc3a888c6f4cccef2ad1416caf9e3e92ea41434fec,2024-10-02T12:57:41.688000,received,kaspa:qptr7azfjkj5ekzerz3cmsmn2afr89xks6n878n8vv2xerdwyeh6zllscq39s,320469126284,
