tx_id,timestamp,direction,peer_address,amount_sompi,cex_label
c3ec7376ce75e7e3202f3c5d07476bb7224002b3a9515e5a05cd79d05aa8fdcd,2023-06-19T11:28:58.539000,sent,kaspa:qqdg30u3t5zzr0qk6r83glexdfrleygry4wnsg6wsc8dgujh2nuvx2t26uxfm,4062562305465,
c3ec7376ce75e7e3202f3c5d07476bb7224002b3a9515e5a05cd79d05aa8fdcd,2023-06-19T11:28:58.539000,sent,kaspa:qqdg30u3t5zzr0qk6r83glexdfrleygry4wnsg6wsc8dgujh2nuvx2t26uxfm,4062562305465,
c3ec7376ce75e7e3202f3c5d07476bb7224002b3a9515e5a05cd79d05aa8fdcd,2023-06-19T11:28:58.539000,sent,kaspa:qqdg30u3t5zzr0qk6r83glexdfrleygry4wnsg6wsc8dgujh2nuvx2t26uxfm,4062562305465,
c3ec7376ce75e7e3202f3c5d07476bb7224002b3a9515e5a05cd79d05aa8fdcd,2023-06-19T11:28:58.539000,sent,kaspa:qqdg30u3t5zzr0qk6r83glexdfrleygry4wnsg6wsc8dgujh2nuvx2t26uxfm,4062562305465,
c3ec7376ce75e7e3202f3c5d07476bb7224002b3a9515e5a05cd79d05aa8fdcd,2023-06-19T11:28:58.539000,sent,kaspa:qqdg30u3t5zzr0qk6r83glexdfrleygry4wnsg6wsc8dgujh2nuvx2t26uxfm,4062562305465,
c3ec7376ce75e7e3202f3c5d07476bb7224002b3a9515e5a05cd79d05aa8fdcd,2023-06-19T11:28:58.539000,sent,kaspa:qqdg30u3t5zzr0qk6r83glexdfrleygry4wnsg6wsc8dgujh2nuvx2t26uxfm,4062562305465,
8551cf864b5ba37c06872a1cac75fdb4ba939b59e103b91acc6d65fef06d70b1,2023-04-20T08:43:15.800000,received,kaspa:qqwvnkp47wsj6n4hkdlgj8dsauyx0xvefunnwvvsmpq2udd0ka8ckmpuqw3k5,1865938509368,
46999a87ae3f1b8b395258824a43e07c732b9f54fcf4fad6a1bd90b60314f681,2023-04-09T10:40:58.451000,received,kaspa:qqwvnkp47wsj6n4hkdlgj8dsauyx0xvefunnwvvsmpq2udd0ka8ckmpuqw3k5,929208267742,
46999a87ae3f1b8b395258824a43e07c732b9f54fcf4fad6a1bd90b60314f681,2023-04-09T10:40:58.451000,received,kaspa:qqwvnkp47wsj6n4hkdlgj8dsauyx0xvefunnwvvsmpq2udd0ka8ckmpuqw3k5,929208267742,
46999a87ae3f1b8b395258824a43e07c732b9f54fcf4fad6a1bd90b60314f681,2023-04-09T10:40:58.451000,received,kaspa:qqwvnkp47wsj6n4hkdlgj8dsauyx0xvefunnwvvsmpq2udd0ka8ckmpuqw3k5,929208267742,
46999a87ae3f1b8b395258824a43e07c732b9f54fcf4fad6a1bd90b60314f681,2023-04-09T10:40:58.451000,received,kaspa:qqwvnkp47wsj6n4hkdlgj8dsauyx0xvefunnwvvsmpq2udd0ka8ckmpuqw3k5,929208267742,
46999a87ae3f1b8b395258824a43e07c732b9f54fcf4fad6a1bd90b60314f681,2023-04-09T10:40:58.451000,received,kaspa:qqwvnkp47wsj6n4hkdlgj8dsauyx0xvefunnwvvsmpq2udd0ka8ckmpuqw3k5,929208267742,
46999a87ae3f1b8b395258824a43e07c732b9f54fcf4fad6a1bd90b60314f681,2023-04-09T10:40:58.451000,received,kaspa:qqwvnkp47wsj6n4hkdlgj8dsauyx0xvefunnwvvsmpq2udd0ka8ckmpuqw3k5,929208267742,
a05876104cf7090ba58b0d2f5bd37f85518973d78702c85375f475c0e066e927,2023-04-08T00:02:58.654000,received,kaspa:qqwvnkp47wsj6n4hkdlgj8dsauyx0xvefunnwvvsmpq2udd0ka8ckmpuqw3k5,322462912286,
a05876104cf7090ba58b0d2f5bd37f85518973d78702c85375f475c0e066e927,2023-04-08T00:02:58.654000,received,kaspa:qqwvnkp47wsj6n4hkdlgj8dsauyx0xvefunnwvvsmpq2udd0ka8ckmpuqw3k5,322462912286,
9850656ecf79679ea52fb007871f1abb886259c450cfda92ab755a9af3890915,2023-04-06T13:24:16.002000,received,kaspa:qqwvnkp47wsj6n4hkdlgj8dsauyx0xvefunnwvvsmpq2udd0ka8ckmpuqw3k5,297454233341,
9850656ecf79679ea52fb007871f1abb886259c450cfda92ab755a9af3890915,2023-04-06T13:24:16.002000,received,kaspa:qqwvnkp47wsj6n4hkdlgj8dsauyx0xvefunnwvvsmpq2udd0ka8ckmpuqw3k5,297454233341,
9850656ecf79679ea52fb007871f1abb886259c450cfda92ab755a9af3890915,2023-04-06T13:24:16.002000,received,kaspa:qqwvnkp47wsj6n4hkdlgj8dsauyx0xvefunnwvvsmpq2udd0ka8ckmpuqw3k5,297454233341,
9850656ecf79679ea52fb007871f1abb886259c450cfda92ab755a9af3890915,2023-04-06T13:24:16.002000,received,kaspa:qqwvnkp47wsj6n4hkdlgj8dsauyx0xvefunnwvvsmpq2udd0ka8ckmpuqw3k5,297454233341,
9850656ecf79679ea52fb007871f1abb886259c450cfda92ab755a9af3890915,2023-04-06T13:24:16.002000,received,kaspa:qqwvnkp47wsj6n4hkdlgj8dsauyx0xvefunnwvvsmpq2udd0ka8ckmpuqw3k5,297454233341,
9850656ecf79679ea52fb007871f1abb886259c450cfda92ab755a9af3890915,2023-04-06T13:24:16.002000,received,kaspa:qqwvnkp47wsj6n4hkdlgj8dsauyx0xvefunnwvvsmpq2udd0ka8ckmpuqw3k5,297454233341,
9850656ecf79679ea52fb007871f1abb886259c450cfda92ab755a9af3890915,2023-04-06T13:24:16.002000,received,kaspa:qqwvnkp47wsj6n4hkdlgj8dsauyx0xvefunnwvvsmpq2udd0ka8ckmpuqw3k5,297454233341,
9850656ecf79679ea52fb007871f1abb886259c450cfda92ab755a9af3890915,2023-04-06T13:24:16.002000,received,kaspa:qqwvnkp47wsj6n4hkdlgj8dsauyx0xvefunnwvvsmpq2udd0ka8ckmpuqw3k5,297454233341,
6f140003682f92c23abaf9d9708c879e4ad71c31d421b0235fc62a3ff44cf007,2023-04-05T20:44:16.884000,received,kaspa:qqwvnkp47wsj6n4hkdlgj8dsauyx0xvefunnwvvsmpq2udd0ka8ckmpuqw3k5,326707797706,
6f140003682f92c23abaf9d9708c879e4ad71c31d421b0235fc62a3ff44cf007,2023-04-05T20:44:16.884000,received,kaspa:qqwvnkp47wsj6n4hkdlgj8dsauyx0xvefunnwvvsmpq2udd0ka8ckmpuqw3k5,326707797706,
49aff183708cce52255f44f8dfaa3dc7cafe27a3f8579781e1fc082d934cb96d,2023-04-05T20:03:51.641000,received,kaspa:qqwvnkp47wsj6n4hkdlgj8dsauyx0xvefunnwvvsmpq2udd0ka8ckmpuqw3k5,320790685022,
49aff183708cce52255f44f8dfaa3dc7cafe27a3f8579781e1fc082d934cb96d,2023-04-05T20:03:51.641000,received,kaspa:qqwvnkp47wsj6n4hkdlgj8dsauyx0xvefunnwvvsmpq2udd0ka8ckmpuqw3k5,320790685022,
49aff183708cce52255f44f8dfaa3dc7cafe27a3f8579781e1fc082d934cb96d,2023-04-05T20:03:51.641000,received,kaspa:qqwvnkp47wsj6n4hkdlgj8dsauyx0xvefunnwvvsmpq2udd0ka8ckmpuqw3k5,320790685022,
49aff183708cce52255f44f8dfaa3dc7cafe27a3f8579781e1fc082d934cb96d,2023-04-05T20:03:51.641000,received,kaspa:qqwvnkp47wsj6n4hkdlgj8dsauyx0xvefunnwvvsmpq2udd0ka8ckmpuqw3k5,320790685022,
49aff183708cce52255f44f8dfaa3dc7cafe27a3f8579781e1fc082d934cb96d,2023-04-05T20:03:51.641000,received,kaspa:qqwvnkp47wsj6n4hkdlgj8dsauyx0xvefunnwvvsmpq2udd0ka8ckmpuqw3k5,320790685022,
291550b03c6144f456ffb1786660f9011eb6ad037f18b6730e713d6aeebe86fb,2023-03-31T05:50:06.357000,sent,kaspa:qzqxlpmnr66rpmamf55q8hfzdcz82t9yzqrqqe2rv6390d5kgxpujgfwjmn43,3663178343938,
291550b03c6144f456ffb1786660f9011eb6ad037f18b6730e713d6aeebe86fb,2023-03-31T05:50:06.357000,sent,kaspa:qzqxlpmnr66rpmamf55q8hfzdcz82t9yzqrqqe2rv6390d5kgxpujgfwjmn43,3663178343938,
59eaa276ed6669eeb812a4872ee8f54e1a2e93e14e26a39415c6071feb060d67,2023-03-30T23:02:59.778000,received,kaspa:qqwvnkp47wsj6n4hkdlgj8dsauyx0xvefunnwvvsmpq2udd0ka8ckmpuqw3k5,3653178443938,
830a74ab909866d0f600797b40e255a7bc419b74ef1f103aa9f4eb417c7e9461,2023-03-30T23:01:00.525000,received,kaspa:qqwvnkp47wsj6n4hkdlgj8dsauyx0xvefunnwvvsmpq2udd0ka8ckmpuqw3k5,10000000000,
