tx_id,timestamp,direction,peer_address,amount_sompi,cex_label
8f40e1c0be5dda350d40adf948e63e21ca23db1dd8e3d7c50375c0eb43d71086,2023-12-16T04:11:13.523000,sent,kaspa:qzslgwenzu78t6tldlng383g7ruu4enaljmnkgaulyrscjp7ldt26x8gfxck5,171940000,
8f40e1c0be5dda350d40adf948e63e21ca23db1dd8e3d7c50375c0eb43d71086,2023-12-16T04:11:13.523000,sent,kaspa:qzslgwenzu78t6tldlng383g7ruu4enaljmnkgaulyrscjp7ldt26x8gfxck5,171940000,
e090ab2c95a8203b99d1f4b11f3ddf1c1d9a28b86af9860e7c5abda3520fad83,2023-12-12T08:30:03.320000,received,kaspa:qypswxtcrv4ssyjaswy5w9387vq73mkuyq85tl34cee6qn5uexqy0csgnafnjx7,171000000,
9d4059c2d9f6880e63b0f96fd1d7cb44f0973e246c2aa01eaa30d2d46bfe6b76,2023-11-28T11:16:50.977000,sent,kaspa:qyp3k7h6c76zhwgtk7nehkeltpp5a3l9nfyn2pp7x0d0wgqlmnkq4jgaz74huml,18000000,
9b51c532d8341a96aa30540ffeb27e07aed138963e462738cf29e42caba58ee0,2023-11-27T09:45:02.410000,received,kaspa:qquy3yd8p5pyt7k26pw0lnwz24nyjjsgjr8nncg8q7vv7fk5c6jdz4pssl025,19000000,
