tx_id,timestamp,direction,peer_address,amount_sompi,cex_label
faccd0953c2b5b2bc0c7c254bef45b58b643f3afc12faace7f888433c3474905,2024-10-15T20:05:15.548000,sent,kaspa:qpgmt2dn8wcqf0436n0kueap7yx82n7raurlj6aqjc3t3wm9y5ssqtg9e4lsm,3385000000,
8527ee6e06ea36061219845c9294fb24883bfa4aa2f5dc75e80d8c4573aa41b3,2024-10-15T10:33:35.530000,received,kaspa:qqfygshv9yx7e9mjzsd9cswact74keeuy5xy6cyw9gxyfzjmnwz4wsfsmukmu,3486000000,
8527ee6e06ea36061219845c9294fb24883bfa4aa2f5dc75e80d8c4573aa41b3,2024-10-15T10:33:35.530000,received,kaspa:qqfygshv9yx7e9mjzsd9cswact74keeuy5xy6cyw9gxyfzjmnwz4wsfsmukmu,3486000000,
a5bdbd38a9b893893b9915d7892edb1e462d9029792d8ec7f850b0f4fa309d0e,2024-10-15T02:51:29.661000,sent,kaspa:qpgmt2dn8wcqf0436n0kueap7yx82n7raurlj6aqjc3t3wm9y5ssqtg9e4lsm,7075900000,
a5bdbd38a9b893893b9915d7892edb1e462d9029792d8ec7f850b0f4fa309d0e,2024-10-15T02:51:29.661000,sent,kaspa:qpgmt2dn8wcqf0436n0kueap7yx82n7raurlj6aqjc3t3wm9y5ssqtg9e4lsm,7075900000,
9d595fd3bac541f327215c12a8c5a80b3aa45cad9c43fc7e2c88e290c8385f13,2024-10-14T22:31:28.021000,received,kaspa:qqfygshv9yx7e9mjzsd9cswact74keeuy5xy6cyw9gxyfzjmnwz4wsfsmukmu,3870000000,
9d595fd3bac541f327215c12a8c5a80b3aa45cad9c43fc7e2c88e290c8385f13,2024-10-14T22:31:28.021000,received,kaspa:qqfygshv9yx7e9mjzsd9cswact74keeuy5xy6cyw9gxyfzjmnwz4wsfsmukmu,3870000000,
436ab79f62b15a79f75c0b5ebc763eea32d2a5e80c42a6e3d43d3e3b7c6bb90e,2024-10-14T10:36:07.558000,received,kaspa:qqfygshv9yx7e9mjzsd9cswact74keeuy5xy6cyw9gxyfzjmnwz4wsfsmukmu,3206000000,
436ab79f62b15a79f75c0b5ebc763eea32d2a5e80c42a6e3d43d3e3b7c6bb90e,2024-10-14T10:36:07.558000,received,kaspa:qqfygshv9yx7e9mjzsd9cswact74keeuy5xy6cyw9gxyfzjmnwz4wsfsmukmu,3206000000,
45a51157fb919c1cfa661384b8ad42033a1827c796a0832f9a44fda8af6e92a4,2024-10-14T00:25:39.094000,sent,kaspa:qpgmt2dn8wcqf0436n0kueap7yx82n7raurlj6aqjc3t3wm9y5ssqtg9e4lsm,4581900000,
2c3c71001e1a162b96e1d3ca27f24e86011dd77650cef4757c90b270910bdda5,2024-10-13T22:22:22.524000,received,kaspa:qrk9decfnl4rayeegp6gd3tc6605zavclkpud5jp78axat5namppwt050d57j,4582000000,
2c3c71001e1a162b96e1d3ca27f24e86011dd77650cef4757c90b270910bdda5,2024-10-13T22:22:22.524000,received,kaspa:qrk9decfnl4rayeegp6gd3tc6605zavclkpud5jp78axat5namppwt050d57j,4582000000,
b8de93547937dfc9cfd7bdd11837f6e41d7f0474f362db010a192e03297be246,2024-10-13T19:57:47.598000,sent,kaspa:qpgmt2dn8wcqf0436n0kueap7yx82n7raurlj6aqjc3t3wm9y5ssqtg9e4lsm,3774900000,
d82cdbe478690beefb48aa27489d22d3956f7d71b0acc99dbc898dec22c4fd2e,2024-10-13T10:30:42.503000,received,kaspa:qrk9decfnl4rayeegp6gd3tc6605zavclkpud5jp78axat5namppwt050d57j,3775000000,
d82cdbe478690beefb48aa27489d22d3956f7d71b0acc99dbc898dec22c4fd2e,2024-10-13T10:30:42.503000,received,kaspa:qrk9decfnl4rayeegp6gd3tc6605zavclkpud5jp78axat5namppwt050d57j,3775000000,
4f06d45c3a2d66c18febd07009d9028091391bd4631f7b80bdc438f99861cf7c,2024-10-13T00:48:46.873000,sent,kaspa:qpgmt2dn8wcqf0436n0kueap7yx82n7raurlj6aqjc3t3wm9y5ssqtg9e4lsm,4005900000,
d31cca62446b1d0a8b5eca2543120d7aaf11f7bd8e461dbcba4f9f333308d271,2024-10-12T22:24:49.492000,received,kaspa:qrk9decfnl4rayeegp6gd3tc6605zavclkpud5jp78axat5namppwt050d57j,4006000000,
d31cca62446b1d0a8b5eca2543120d7aaf11f7bd8e461dbcba4f9f333308d271,2024-10-12T22:24:49.492000,received,kaspa:qrk9decfnl4rayeegp6gd3tc6605zavclkpud5jp78axat5namppwt050d57j,4006000000,
81e85b2aa6964d1291fb0383272a6bf922c81e0c68942fbebcc76e47d95a8999,2024-10-12T21:52:27.579000,sent,kaspa:qyprv26e5wcu7urhss99m444y7nmf04pjxa8y39z2urjx90ncvyff9qzjv5ftav,25538700000,
f22c8d418d46de21976be968d1419e7c441acd53dbf43f71778f8264ba717000,2024-10-12T21:50:53.884000,received,kaspa:qpgmt2dn8wcqf0436n0kueap7yx82n7raurlj6aqjc3t3wm9y5ssqtg9e4lsm,25538871537,
f22c8d418d46de21976be968d1419e7c441acd53dbf43f71778f8264ba717000,2024-10-12T21:50:53.884000,received,kaspa:qpgmt2dn8wcqf0436n0kueap7yx82n7raurlj6aqjc3t3wm9y5ssqtg9e4lsm,25538871537,
b7496d3c2dc3d8ed42fcd85faaa5414fb1c4525555dbb8a2f9b00cefd214585c,2024-10-12T19:39:24.743000,sent,kaspa:qpgmt2dn8wcqf0436n0kueap7yx82n7raurlj6aqjc3t3wm9y5ssqtg9e4lsm,3931900000,
73454d5dbd7213fdabf4d4fe354dac6b002162c87f45ed06a4a9c8b2996cdd65,2024-10-12T10:28:39.223000,received,kaspa:qrk9decfnl4rayeegp6gd3tc6605zavclkpud5jp78axat5namppwt050d57j,3932000000,
73454d5dbd7213fdabf4d4fe354dac6b002162c87f45ed06a4a9c8b2996cdd65,2024-10-12T10:28:39.223000,received,kaspa:qrk9decfnl4rayeegp6gd3tc6605zavclkpud5jp78axat5namppwt050d57j,3932000000,
f44fd6e598b83ef57a45ea920ab38317e7a76ad6dbc1c9a81dfb90a84b01afa5,2024-10-12T02:21:33.317000,sent,kaspa:qpgmt2dn8wcqf0436n0kueap7yx82n7raurlj6aqjc3t3wm9y5ssqtg9e4lsm,3792900000,
9113a443a4bc1155c3d5bd67d23d7f4c68b734e7666b200ff3fce457f0a4fdc3,2024-10-11T22:34:03.079000,received,kaspa:qrk9decfnl4rayeegp6gd3tc6605zavclkpud5jp78axat5namppwt050d57j,3793000000,
9113a443a4bc1155c3d5bd67d23d7f4c68b734e7666b200ff3fce457f0a4fdc3,2024-10-11T22:34:03.079000,received,kaspa:qrk9decfnl4rayeegp6gd3tc6605zavclkpud5jp78axat5namppwt050d57j,3793000000,
77ac4b6c03a1fb8dfaa2443cc1489aa11a35d5467710cfc61246bed4c5b2e4bb,2024-10-11T18:54:57.783000,sent,kaspa:qpgmt2dn8wcqf0436n0kueap7yx82n7raurlj6aqjc3t3wm9y5ssqtg9e4lsm,7626890000,
77ac4b6c03a1fb8dfaa2443cc1489aa11a35d5467710cfc61246bed4c5b2e4bb,2024-10-11T18:54:57.783000,sent,kaspa:qpgmt2dn8wcqf0436n0kueap7yx82n7raurlj6aqjc3t3wm9y5ssqtg9e4lsm,7626890000,
50e4d5b87c5545a4d312c4977d5ae6e1adc111cb72bb618004edc9323b98f2e2,2024-10-11T10:26:47.686000,received,kaspa:qrk9decfnl4rayeegp6gd3tc6605zavclkpud5jp78axat5namppwt050d57j,3947000000,
50e4d5b87c5545a4d312c4977d5ae6e1adc111cb72bb618004edc9323b98f2e2,2024-10-11T10:26:47.686000,received,kaspa:qrk9decfnl4rayeegp6gd3tc6605zavclkpud5jp78axat5namppwt050d57j,3947000000,
8d61b5672760e7027ea6c0e4d869fe7cbf0a038abca36dfa33cc4e70f9e20c72,2024-10-10T22:30:16.070000,received,kaspa:qrk9decfnl4rayeegp6gd3tc6605zavclkpud5jp78axat5namppwt050d57j,3679999999,
8d61b5672760e7027ea6c0e4d869fe7cbf0a038abca36dfa33cc4e70f9e20c72,2024-10-10T22:30:16.070000,received,kaspa:qrk9decfnl4rayeegp6gd3tc6605zavclkpud5jp78axat5namppwt050d57j,3679999999,
9cf5be4bc60f11a0b9c8261fdf1c1c3eaf25dc875aee307efcf55280d2d5233e,2024-10-10T15:53:37.287000,sent,kaspa:qpgmt2dn8wcqf0436n0kueap7yx82n7raurlj6aqjc3t3wm9y5ssqtg9e4lsm,3133900000,
a90c5f055520796c81d66ac9a6f5a34cfbac72fd7f42719a322db59a9c6f4c2c,2024-10-10T10:33:37.720000,received,kaspa:qrk9decfnl4rayeegp6gd3tc6605zavclkpud5jp78axat5namppwt050d57j,3134000000,
a90c5f055520796c81d66ac9a6f5a34cfbac72fd7f42719a322db59a9c6f4c2c,2024-10-10T10:33:37.720000,received,kaspa:qrk9decfnl4rayeegp6gd3tc6605zavclkpud5jp78axat5namppwt050d57j,3134000000,
32e16db1bad5910e122c571e04aff294b9c031035412e955a17bbedc37c552cf,2024-10-10T06:03:24.134000,sent,kaspa:qpgmt2dn8wcqf0436n0kueap7yx82n7raurlj6aqjc3t3wm9y5ssqtg9e4lsm,1494800000,
52c94ff6b4326b28ccd8b40a88072d6223565b14ad9e3c0d46778b8a49df6704,2024-10-09T23:14:28.222000,sent,kaspa:qpqfxw0pspslch8fss7mu2hxqh8u0kdcwaw9vy3yfwadu90w9rqwskeueuj5p,3000000000,
52c94ff6b4326b28ccd8b40a88072d6223565b14ad9e3c0d46778b8a49df6704,2024-10-09T23:14:28.222000,sent,kaspa:qpqfxw0pspslch8fss7mu2hxqh8u0kdcwaw9vy3yfwadu90w9rqwskeueuj5p,3000000000,
08e47cab25bb24a012627bbe5499d05b946a829814127a21e88eec9373579b4f,2024-10-09T23:12:21.859000,received,kaspa:qrwtgt3evpvffddr73uuagxmat8gqjqmwprxq93ya9puxfhua76jz7y2g3rs6,1000000000,
08e47cab25bb24a012627bbe5499d05b946a829814127a21e88eec9373579b4f,2024-10-09T23:12:21.859000,received,kaspa:qrwtgt3evpvffddr73uuagxmat8gqjqmwprxq93ya9puxfhua76jz7y2g3rs6,1000000000,
b255c03f8527514acbed9d44ee50f565279a577882bb381b58e16d9f124d4afa,2024-10-09T22:32:04.861000,received,kaspa:qqfygshv9yx7e9mjzsd9cswact74keeuy5xy6cyw9gxyfzjmnwz4wsfsmukmu,3495000000,
b255c03f8527514acbed9d44ee50f565279a577882bb381b58e16d9f124d4afa,2024-10-09T22:32:04.861000,received,kaspa:qqfygshv9yx7e9mjzsd9cswact74keeuy5xy6cyw9gxyfzjmnwz4wsfsmukmu,3495000000,
7e8c5b57f79905788170b5ba28e1db43cff7c95f18067c1d3a5f0f0624de8ce2,2024-10-09T21:29:46.664000,sent,kaspa:qrwtgt3evpvffddr73uuagxmat8gqjqmwprxq93ya9puxfhua76jz7y2g3rs6,14893900000,
4ebb6912d3703002ab3c41602e0c759f34d70ca157726cd17f7d6ad6c46dc8d6,2024-10-09T21:28:08.524000,received,kaspa:qpgmt2dn8wcqf0436n0kueap7yx82n7raurlj6aqjc3t3wm9y5ssqtg9e4lsm,14894028332,
4ebb6912d3703002ab3c41602e0c759f34d70ca157726cd17f7d6ad6c46dc8d6,2024-10-09T21:28:08.524000,received,kaspa:qpgmt2dn8wcqf0436n0kueap7yx82n7raurlj6aqjc3t3wm9y5ssqtg9e4lsm,14894028332,
4ebb6912d3703002ab3c41602e0c759f34d70ca157726cd17f7d6ad6c46dc8d6,2024-10-09T21:28:08.524000,received,kaspa:qpgmt2dn8wcqf0436n0kueap7yx82n7raurlj6aqjc3t3wm9y5ssqtg9e4lsm,14894028332,
4ebb6912d3703002ab3c41602e0c759f34d70ca157726cd17f7d6ad6c46dc8d6,2024-10-09T21:28:08.524000,received,kaspa:qpgmt2dn8wcqf0436n0kueap7yx82n7raurlj6aqjc3t3wm9y5ssqtg9e4lsm,14894028332,
8819c17bee05e914539152b99fadaf0208bcd9bf41d1e3816d49ba0a3c8756b9,2024-10-09T21:24:36.369000,sent,kaspa:qrwtgt3evpvffddr73uuagxmat8gqjqmwprxq93ya9puxfhua76jz7y2g3rs6,8354800000,
5dd7d0201982e2f160d10fc0162f035b849cf69e3ef2e565c165ccf05e6be46d,2024-10-09T19:56:42.452000,sent,kaspa:qrwtgt3evpvffddr73uuagxmat8gqjqmwprxq93ya9puxfhua76jz7y2g3rs6,1000000000,
df61c1ff6add5dbf6d49afd980ad54ddd9fe9427fadaf0d4be05cec083883178,2024-10-09T19:46:23.688000,received,kaspa:qrwtgt3evpvffddr73uuagxmat8gqjqmwprxq93ya9puxfhua76jz7y2g3rs6,9355000000,
df61c1ff6add5dbf6d49afd980ad54ddd9fe9427fadaf0d4be05cec083883178,2024-10-09T19:46:23.688000,received,kaspa:qrwtgt3evpvffddr73uuagxmat8gqjqmwprxq93ya9puxfhua76jz7y2g3rs6,9355000000,
4eed650f27fcf11d16fcc88f30b824724ee38bb1150e171b7b9502ece2b30118,2024-10-09T18:58:52.847000,sent,kaspa:qyp4pf5x4rxf9mp64ucth8skj8sfvaut95s72hgs7rwddl6hrseqh2cg6lgfxw3,14658000000,
409bc2565b0a94755696ae5e5c78f202c3d3d8f25e34d909315d2586604a9cfe,2024-10-09T10:08:22.480000,received,kaspa:qqfygshv9yx7e9mjzsd9cswact74keeuy5xy6cyw9gxyfzjmnwz4wsfsmukmu,14659000000,
409bc2565b0a94755696ae5e5c78f202c3d3d8f25e34d909315d2586604a9cfe,2024-10-09T10:08:22.480000,received,kaspa:qqfygshv9yx7e9mjzsd9cswact74keeuy5xy6cyw9gxyfzjmnwz4wsfsmukmu,14659000000,
409bc2565b0a94755696ae5e5c78f202c3d3d8f25e34d909315d2586604a9cfe,2024-10-09T10:08:22.480000,received,kaspa:qqfygshv9yx7e9mjzsd9cswact74keeuy5xy6cyw9gxyfzjmnwz4wsfsmukmu,14659000000,
63b70792cac22f0cc0685863a57d737c2bc2220852bf8a4cd1c740f9e8e4158e,2024-10-07T21:58:40.661000,sent,kaspa:qyp4pf5x4rxf9mp64ucth8skj8sfvaut95s72hgs7rwddl6hrseqh2cg6lgfxw3,13983000000,
c50d40585afdb46bc28a925560ad803fefa2dfef332bec06114816824771345b,2024-10-07T21:57:26.221000,received,kaspa:qpgmt2dn8wcqf0436n0kueap7yx82n7raurlj6aqjc3t3wm9y5ssqtg9e4lsm,13983138071,
c2371ceeed084689127dff01dd4a0ea7791326b66b58b5b3dc5cf86c52bc9902,2024-10-07T20:49:21.006000,sent,kaspa:qyp4pf5x4rxf9mp64ucth8skj8sfvaut95s72hgs7rwddl6hrseqh2cg6lgfxw3,34851000000,
2c20cff7c989a73ae688abc336e131316c9a91cd9017b811175bed72faac9058,2024-10-07T20:48:18.708000,received,kaspa:qpgmt2dn8wcqf0436n0kueap7yx82n7raurlj6aqjc3t3wm9y5ssqtg9e4lsm,34851426200,
2c20cff7c989a73ae688abc336e131316c9a91cd9017b811175bed72faac9058,2024-10-07T20:48:18.708000,received,kaspa:qpgmt2dn8wcqf0436n0kueap7yx82n7raurlj6aqjc3t3wm9y5ssqtg9e4lsm,34851426200,
2c20cff7c989a73ae688abc336e131316c9a91cd9017b811175bed72faac9058,2024-10-07T20:48:18.708000,received,kaspa:qpgmt2dn8wcqf0436n0kueap7yx82n7raurlj6aqjc3t3wm9y5ssqtg9e4lsm,34851426200,
2c20cff7c989a73ae688abc336e131316c9a91cd9017b811175bed72faac9058,2024-10-07T20:48:18.708000,received,kaspa:qpgmt2dn8wcqf0436n0kueap7yx82n7raurlj6aqjc3t3wm9y5ssqtg9e4lsm,34851426200,
2c20cff7c989a73ae688abc336e131316c9a91cd9017b811175bed72faac9058,2024-10-07T20:48:18.708000,received,kaspa:qpgmt2dn8wcqf0436n0kueap7yx82n7raurlj6aqjc3t3wm9y5ssqtg9e4lsm,34851426200,
8ceb088d254b50044bbc8ddaf13c59c05a3ea9e4b1f3d0c9827a0f8e44eb8b49,2024-10-07T17:04:11.490000,sent,kaspa:qpgmt2dn8wcqf0436n0kueap7yx82n7raurlj6aqjc3t3wm9y5ssqtg9e4lsm,15655900000,
8ceb088d254b50044bbc8ddaf13c59c05a3ea9e4b1f3d0c9827a0f8e44eb8b49,2024-10-07T17:04:11.490000,sent,kaspa:qpgmt2dn8wcqf0436n0kueap7yx82n7raurlj6aqjc3t3wm9y5ssqtg9e4lsm,15655900000,
8ceb088d254b50044bbc8ddaf13c59c05a3ea9e4b1f3d0c9827a0f8e44eb8b49,2024-10-07T17:04:11.490000,sent,kaspa:qpgmt2dn8wcqf0436n0kueap7yx82n7raurlj6aqjc3t3wm9y5ssqtg9e4lsm,15655900000,
8ceb088d254b50044bbc8ddaf13c59c05a3ea9e4b1f3d0c9827a0f8e44eb8b49,2024-10-07T17:04:11.490000,sent,kaspa:qpgmt2dn8wcqf0436n0kueap7yx82n7raurlj6aqjc3t3wm9y5ssqtg9e4lsm,15655900000,
af386551a2e616a80070734aed881123ed8be90ba96dcaf4e96b1c2d54643712,2024-10-07T10:34:38.717000,received,kaspa:qrk9decfnl4rayeegp6gd3tc6605zavclkpud5jp78axat5namppwt050d57j,3402000000,
af386551a2e616a80070734aed881123ed8be90ba96dcaf4e96b1c2d54643712,2024-10-07T10:34:38.717000,received,kaspa:qrk9decfnl4rayeegp6gd3tc6605zavclkpud5jp78axat5namppwt050d57j,3402000000,
050465931973cf593fb4e33fc22cf0c137e8ed84368ad693e6f4937100bd2573,2024-10-06T22:39:21.019000,received,kaspa:qqfygshv9yx7e9mjzsd9cswact74keeuy5xy6cyw9gxyfzjmnwz4wsfsmukmu,3824000000,
050465931973cf593fb4e33fc22cf0c137e8ed84368ad693e6f4937100bd2573,2024-10-06T22:39:21.019000,received,kaspa:qqfygshv9yx7e9mjzsd9cswact74keeuy5xy6cyw9gxyfzjmnwz4wsfsmukmu,3824000000,
deef94b32f761ed89ef6bc5f4b6123a7aa3311b651f2eddae42051cfe575829e,2024-10-06T10:37:20.509000,received,kaspa:qrk9decfnl4rayeegp6gd3tc6605zavclkpud5jp78axat5namppwt050d57j,3892000000,
deef94b32f761ed89ef6bc5f4b6123a7aa3311b651f2eddae42051cfe575829e,2024-10-06T10:37:20.509000,received,kaspa:qrk9decfnl4rayeegp6gd3tc6605zavclkpud5jp78axat5namppwt050d57j,3892000000,
bb5730c37a5218ca825246a563685bc924a109c00ccbd276413bc8c091b06d14,2024-10-05T22:30:46.419000,received,kaspa:qqfygshv9yx7e9mjzsd9cswact74keeuy5xy6cyw9gxyfzjmnwz4wsfsmukmu,4538000000,
bb5730c37a5218ca825246a563685bc924a109c00ccbd276413bc8c091b06d14,2024-10-05T22:30:46.419000,received,kaspa:qqfygshv9yx7e9mjzsd9cswact74keeuy5xy6cyw9gxyfzjmnwz4wsfsmukmu,4538000000,
1b1529bd6e45a8f2df53c0b04af739083a83a365bea0b082da8f886a32413dc5,2024-10-05T12:16:47.123000,sent,kaspa:qpgmt2dn8wcqf0436n0kueap7yx82n7raurlj6aqjc3t3wm9y5ssqtg9e4lsm,3865890000,
0c932fa79d8bff8256dc708ece233233cdb86d5c357c0a8075261c7d58e1b9b2,2024-10-05T10:36:59.185000,received,kaspa:qqfygshv9yx7e9mjzsd9cswact74keeuy5xy6cyw9gxyfzjmnwz4wsfsmukmu,3865999999,
0c932fa79d8bff8256dc708ece233233cdb86d5c357c0a8075261c7d58e1b9b2,2024-10-05T10:36:59.185000,received,kaspa:qqfygshv9yx7e9mjzsd9cswact74keeuy5xy6cyw9gxyfzjmnwz4wsfsmukmu,3865999999,
063aecf880ae5ba8498519d2997ebccb7f324e183a2f00bbf2c65917aea4b1eb,2024-10-04T23:27:29.112000,sent,kaspa:qpgmt2dn8wcqf0436n0kueap7yx82n7raurlj6aqjc3t3wm9y5ssqtg9e4lsm,8164890000,
063aecf880ae5ba8498519d2997ebccb7f324e183a2f00bbf2c65917aea4b1eb,2024-10-04T23:27:29.112000,sent,kaspa:qpgmt2dn8wcqf0436n0kueap7yx82n7raurlj6aqjc3t3wm9y5ssqtg9e4lsm,8164890000,
ee64fa963d8493ae74b12adc9d2c9000e16dc422d7b0cc6a5d8cfb9bec7e4da0,2024-10-04T22:32:17.896000,received,kaspa:qqfygshv9yx7e9mjzsd9cswact74keeuy5xy6cyw9gxyfzjmnwz4wsfsmukmu,4078000000,
ee64fa963d8493ae74b12adc9d2c9000e16dc422d7b0cc6a5d8cfb9bec7e4da0,2024-10-04T22:32:17.896000,received,kaspa:qqfygshv9yx7e9mjzsd9cswact74keeuy5xy6cyw9gxyfzjmnwz4wsfsmukmu,4078000000,
9dc22cf74550cb191ae555123da94c10c306f76a9655ce88469fef6aae716c8c,2024-10-04T10:32:28.623000,received,kaspa:qrk9decfnl4rayeegp6gd3tc6605zavclkpud5jp78axat5namppwt050d57j,4086999999,
9dc22cf74550cb191ae555123da94c10c306f76a9655ce88469fef6aae716c8c,2024-10-04T10:32:28.623000,received,kaspa:qrk9decfnl4rayeegp6gd3tc6605zavclkpud5jp78axat5namppwt050d57j,4086999999,
3dfa9d13123eda24db3ee7743b153d320e920d8b383bcba0ae0420326089688f,2024-10-04T09:14:29.861000,sent,kaspa:qpgmt2dn8wcqf0436n0kueap7yx82n7raurlj6aqjc3t3wm9y5ssqtg9e4lsm,3990890000,
703e561d17629ff73dc1c89a37bbc4496b253137f7d6d5b314d123261f8b974e,2024-10-03T22:33:13.789000,received,kaspa:qrk9decfnl4rayeegp6gd3tc6605zavclkpud5jp78axat5namppwt050d57j,3990999999,
703e561d17629ff73dc1c89a37bbc4496b253137f7d6d5b314d123261f8b974e,2024-10-03T22:33:13.789000,received,kaspa:qrk9decfnl4rayeegp6gd3tc6605zavclkpud5jp78axat5namppwt050d57j,3990999999,
495ae7a2815dad7c24784f8fed5aef6d85e05a67628af7aa28f6c9d352ba42c5,2024-10-03T10:48:40.749000,sent,kaspa:qpgmt2dn8wcqf0436n0kueap7yx82n7raurlj6aqjc3t3wm9y5ssqtg9e4lsm,8502890000,
495ae7a2815dad7c24784f8fed5aef6d85e05a67628af7aa28f6c9d352ba42c5,2024-10-03T10:48:40.749000,sent,kaspa:qpgmt2dn8wcqf0436n0kueap7yx82n7raurlj6aqjc3t3wm9y5ssqtg9e4lsm,8502890000,
a4c6a2924a20490093b427677d47fed1483cee23e29c929fcf7aca49e08bdc0d,2024-10-03T10:34:58.525000,received,kaspa:qrk9decfnl4rayeegp6gd3tc6605zavclkpud5jp78axat5namppwt050d57j,4204999999,
a4c6a2924a20490093b427677d47fed1483cee23e29c929fcf7aca49e08bdc0d,2024-10-03T10:34:58.525000,received,kaspa:qrk9decfnl4rayeegp6gd3tc6605zavclkpud5jp78axat5namppwt050d57j,4204999999,
d769b3bae5aa9bdf5513751eba98c593f6b9a27d421ec0cd7aacdf295c50adfb,2024-10-02T22:33:00.115000,received,kaspa:qqfygshv9yx7e9mjzsd9cswact74keeuy5xy6cyw9gxyfzjmnwz4wsfsmukmu,4298000000,
d769b3bae5aa9bdf5513751eba98c593f6b9a27d421ec0cd7aacdf295c50adfb,2024-10-02T22:33:00.115000,received,kaspa:qqfygshv9yx7e9mjzsd9cswact74keeuy5xy6cyw9gxyfzjmnwz4wsfsmukmu,4298000000,
91b3dc9a6bea40f5b3f4cbd7fe9cc460426812276a6ec942fd7864c79c772daa,2024-10-02T11:30:56.941000,sent,kaspa:qpgmt2dn8wcqf0436n0kueap7yx82n7raurlj6aqjc3t3wm9y5ssqtg9e4lsm,8108900000,
91b3dc9a6bea40f5b3f4cbd7fe9cc460426812276a6ec942fd7864c79c772daa,2024-10-02T11:30:56.941000,sent,kaspa:qpgmt2dn8wcqf0436n0kueap7yx82n7raurlj6aqjc3t3wm9y5ssqtg9e4lsm,8108900000,
671698fe231d04da7dc00f9730d8e71d0f19074cf6ee0af8e1083446a03e5ea7,2024-10-02T10:29:31.686000,received,kaspa:qrk9decfnl4rayeegp6gd3tc6605zavclkpud5jp78axat5namppwt050d57j,2328000000,
671698fe231d04da7dc00f9730d8e71d0f19074cf6ee0af8e1083446a03e5ea7,2024-10-02T10:29:31.686000,received,kaspa:qrk9decfnl4rayeegp6gd3tc6605zavclkpud5jp78axat5namppwt050d57j,2328000000,
2f434544060893ed73622ebbf5b9ece53be3d8be474ef904155312554dfb9727,2024-10-02T03:33:04.682000,received,kaspa:qrk9decfnl4rayeegp6gd3tc6605zavclkpud5jp78axat5namppwt050d57j,5781000000,
2f434544060893ed73622ebbf5b9ece53be3d8be474ef904155312554dfb9727,2024-10-02T03:33:04.682000,received,kaspa:qrk9decfnl4rayeegp6gd3tc6605zavclkpud5jp78axat5namppwt050d57j,5781000000,
502220510af9c0a9fd63ebe388ce36dba3b811ff4b99eaabcc4067d265ee8333,2024-10-01T11:32:29.685000,sent,kaspa:qpgmt2dn8wcqf0436n0kueap7yx82n7raurlj6aqjc3t3wm9y5ssqtg9e4lsm,4154800000,
ce0d1941906a010bde89a7248b474b11b22a27d5cf08b59fa944a7b0cb2253f0,2024-10-01T10:31:33.733000,received,kaspa:qqfygshv9yx7e9mjzsd9cswact74keeuy5xy6cyw9gxyfzjmnwz4wsfsmukmu,4154999999,
ce0d1941906a010bde89a7248b474b11b22a27d5cf08b59fa944a7b0cb2253f0,2024-10-01T10:31:33.733000,received,kaspa:qqfygshv9yx7e9mjzsd9cswact74keeuy5xy6cyw9gxyfzjmnwz4wsfsmukmu,4154999999,
c27d415680493a6b705e0f712be50663d04f57f41d2b649c2e1c819888e517ea,2024-09-30T22:45:57.953000,sent,kaspa:qpgmt2dn8wcqf0436n0kueap7yx82n7raurlj6aqjc3t3wm9y5ssqtg9e4lsm,4239000000,
e4d2dc9f9569b40930fda1b0cdf2ba6dd5dcbd0b2388843a9a1a484c13fdcc0c,2024-09-30T22:31:41.540000,received,kaspa:qrk9decfnl4rayeegp6gd3tc6605zavclkpud5jp78axat5namppwt050d57j,4240000000,
e4d2dc9f9569b40930fda1b0cdf2ba6dd5dcbd0b2388843a9a1a484c13fdcc0c,2024-09-30T22:31:41.540000,received,kaspa:qrk9decfnl4rayeegp6gd3tc6605zavclkpud5jp78axat5namppwt050d57j,4240000000,
f1e3c8be579c5025b571345bc24b86adfb80425f48097bd2d85f625b5bc6a974,2024-09-30T17:12:04.697000,sent,kaspa:qpgmt2dn8wcqf0436n0kueap7yx82n7raurlj6aqjc3t3wm9y5ssqtg9e4lsm,4141900000,
9c57a4084c588fce56bca498484c1a2fd8c2dda71145b28b0454adbfd520e6ef,2024-09-30T10:33:04.498000,received,kaspa:qqfygshv9yx7e9mjzsd9cswact74keeuy5xy6cyw9gxyfzjmnwz4wsfsmukmu,4142000000,
9c57a4084c588fce56bca498484c1a2fd8c2dda71145b28b0454adbfd520e6ef,2024-09-30T10:33:04.498000,received,kaspa:qqfygshv9yx7e9mjzsd9cswact74keeuy5xy6cyw9gxyfzjmnwz4wsfsmukmu,4142000000,
2aa83c854b6f40f6daaa15e296a35835cccaf7f0b33046955b63fec0963abe2a,2024-09-30T09:19:25.294000,sent,kaspa:qpgmt2dn8wcqf0436n0kueap7yx82n7raurlj6aqjc3t3wm9y5ssqtg9e4lsm,16948900000,
2aa83c854b6f40f6daaa15e296a35835cccaf7f0b33046955b63fec0963abe2a,2024-09-30T09:19:25.294000,sent,kaspa:qpgmt2dn8wcqf0436n0kueap7yx82n7raurlj6aqjc3t3wm9y5ssqtg9e4lsm,16948900000,
2aa83c854b6f40f6daaa15e296a35835cccaf7f0b33046955b63fec0963abe2a,2024-09-30T09:19:25.294000,sent,kaspa:qpgmt2dn8wcqf0436n0kueap7yx82n7raurlj6aqjc3t3wm9y5ssqtg9e4lsm,16948900000,
2aa83c854b6f40f6daaa15e296a35835cccaf7f0b33046955b63fec0963abe2a,2024-09-30T09:19:25.294000,sent,kaspa:qpgmt2dn8wcqf0436n0kueap7yx82n7raurlj6aqjc3t3wm9y5ssqtg9e4lsm,16948900000,
f89dd21d440958b100cf8ab093559c033904c172532cfb464a32cf7cd340eb93,2024-09-29T22:23:29.772000,received,kaspa:qrk9decfnl4rayeegp6gd3tc6605zavclkpud5jp78axat5namppwt050d57j,4242000000,
f89dd21d440958b100cf8ab093559c033904c172532cfb464a32cf7cd340eb93,2024-09-29T22:23:29.772000,received,kaspa:qrk9decfnl4rayeegp6gd3tc6605zavclkpud5jp78axat5namppwt050d57j,4242000000,
2654084fca8bc842cb667835ab6b7ead4173ec2380c85b35e132dbdd00103235,2024-09-29T10:30:56.096000,received,kaspa:qqfygshv9yx7e9mjzsd9cswact74keeuy5xy6cyw9gxyfzjmnwz4wsfsmukmu,4189000000,
2654084fca8bc842cb667835ab6b7ead4173ec2380c85b35e132dbdd00103235,2024-09-29T10:30:56.096000,received,kaspa:qqfygshv9yx7e9mjzsd9cswact74keeuy5xy6cyw9gxyfzjmnwz4wsfsmukmu,4189000000,
e139b52470ee95be0bf6be2ab91b72f784aea121046347e1eb01f8c5e5bf9b15,2024-09-28T22:30:21.687000,received,kaspa:qrk9decfnl4rayeegp6gd3tc6605zavclkpud5jp78axat5namppwt050d57j,4106000000,
e139b52470ee95be0bf6be2ab91b72f784aea121046347e1eb01f8c5e5bf9b15,2024-09-28T22:30:21.687000,received,kaspa:qrk9decfnl4rayeegp6gd3tc6605zavclkpud5jp78axat5namppwt050d57j,4106000000,
a5302d21b6fb265baba82c9db59719f4887c97ad3a27be0e8458656bd8810888,2024-09-28T10:29:11.477000,received,kaspa:qqfygshv9yx7e9mjzsd9cswact74keeuy5xy6cyw9gxyfzjmnwz4wsfsmukmu,4412000000,
a5302d21b6fb265baba82c9db59719f4887c97ad3a27be0e8458656bd8810888,2024-09-28T10:29:11.477000,received,kaspa:qqfygshv9yx7e9mjzsd9cswact74keeuy5xy6cyw9gxyfzjmnwz4wsfsmukmu,4412000000,
df1491861f98438adb734c937b8903438a20a60ad8622a3c302aeb2bc58c567d,2024-09-28T08:03:46.727000,sent,kaspa:qpgmt2dn8wcqf0436n0kueap7yx82n7raurlj6aqjc3t3wm9y5ssqtg9e4lsm,8977800000,
df1491861f98438adb734c937b8903438a20a60ad8622a3c302aeb2bc58c567d,2024-09-28T08:03:46.727000,sent,kaspa:qpgmt2dn8wcqf0436n0kueap7yx82n7raurlj6aqjc3t3wm9y5ssqtg9e4lsm,8977800000,
b96b02c661ff93cd274029af242642d9430fd27a5bff45a407a06c999fa006b5,2024-09-27T22:38:21.240000,received,kaspa:qrk9decfnl4rayeegp6gd3tc6605zavclkpud5jp78axat5namppwt050d57j,4254999999,
b96b02c661ff93cd274029af242642d9430fd27a5bff45a407a06c999fa006b5,2024-09-27T22:38:21.240000,received,kaspa:qrk9decfnl4rayeegp6gd3tc6605zavclkpud5jp78axat5namppwt050d57j,4254999999,
471ae0a8f7d0dfcf8ba16d2b3dc3f2631d038fd4e6189b6bfcf5a8abece40d5d,2024-09-27T10:36:17.333000,received,kaspa:qqfygshv9yx7e9mjzsd9cswact74keeuy5xy6cyw9gxyfzjmnwz4wsfsmukmu,4723000000,
471ae0a8f7d0dfcf8ba16d2b3dc3f2631d038fd4e6189b6bfcf5a8abece40d5d,2024-09-27T10:36:17.333000,received,kaspa:qqfygshv9yx7e9mjzsd9cswact74keeuy5xy6cyw9gxyfzjmnwz4wsfsmukmu,4723000000,
fc6d26a2da63653bad9e17771490e8c742386d8e175a5a14b63f7fe537803e98,2024-09-27T08:38:43.863000,sent,kaspa:qpgmt2dn8wcqf0436n0kueap7yx82n7raurlj6aqjc3t3wm9y5ssqtg9e4lsm,4534900000,
c16a9db43be2a3b08879b67beac7feed8cb83bcc55e671edfb563c9e6bcbdb7a,2024-09-26T22:31:19.528000,received,kaspa:qqfygshv9yx7e9mjzsd9cswact74keeuy5xy6cyw9gxyfzjmnwz4wsfsmukmu,4535000000,
c16a9db43be2a3b08879b67beac7feed8cb83bcc55e671edfb563c9e6bcbdb7a,2024-09-26T22:31:19.528000,received,kaspa:qqfygshv9yx7e9mjzsd9cswact74keeuy5xy6cyw9gxyfzjmnwz4wsfsmukmu,4535000000,
6599a695fe7477e17daef725bfce322603ce1d0b719fbf9360c1797822c13100,2024-09-26T11:49:44.570000,sent,kaspa:qpgmt2dn8wcqf0436n0kueap7yx82n7raurlj6aqjc3t3wm9y5ssqtg9e4lsm,15527900000,
6599a695fe7477e17daef725bfce322603ce1d0b719fbf9360c1797822c13100,2024-09-26T11:49:44.570000,sent,kaspa:qpgmt2dn8wcqf0436n0kueap7yx82n7raurlj6aqjc3t3wm9y5ssqtg9e4lsm,15527900000,
6599a695fe7477e17daef725bfce322603ce1d0b719fbf9360c1797822c13100,2024-09-26T11:49:44.570000,sent,kaspa:qpgmt2dn8wcqf0436n0kueap7yx82n7raurlj6aqjc3t3wm9y5ssqtg9e4lsm,15527900000,
cf4c1ae36ebba6e0e4f7af9f61fe9ef1503dc3d0a9d766a5a234fb3ebc6abc06,2024-09-26T10:34:03.109000,received,kaspa:qqfygshv9yx7e9mjzsd9cswact74keeuy5xy6cyw9gxyfzjmnwz4wsfsmukmu,6107000000,
cf4c1ae36ebba6e0e4f7af9f61fe9ef1503dc3d0a9d766a5a234fb3ebc6abc06,2024-09-26T10:34:03.109000,received,kaspa:qqfygshv9yx7e9mjzsd9cswact74keeuy5xy6cyw9gxyfzjmnwz4wsfsmukmu,6107000000,
a11f1ec144c82ab21f7684991eb404d23f2cacd956e0fd839c28499ee229ae05,2024-09-25T22:29:19.254000,received,kaspa:qrk9decfnl4rayeegp6gd3tc6605zavclkpud5jp78axat5namppwt050d57j,4487000000,
a11f1ec144c82ab21f7684991eb404d23f2cacd956e0fd839c28499ee229ae05,2024-09-25T22:29:19.254000,received,kaspa:qrk9decfnl4rayeegp6gd3tc6605zavclkpud5jp78axat5namppwt050d57j,4487000000,
91668324a3e19c41537cf50ca8637335bd82f0fb2fa8e4f7f7ed7b863d760d65,2024-09-25T10:36:18.233000,received,kaspa:qqfygshv9yx7e9mjzsd9cswact74keeuy5xy6cyw9gxyfzjmnwz4wsfsmukmu,4934000000,
91668324a3e19c41537cf50ca8637335bd82f0fb2fa8e4f7f7ed7b863d760d65,2024-09-25T10:36:18.233000,received,kaspa:qqfygshv9yx7e9mjzsd9cswact74keeuy5xy6cyw9gxyfzjmnwz4wsfsmukmu,4934000000,
8091704a1fe7ec9422310d84f44546e323552635192b03a8157bd93403b68e50,2024-09-25T09:58:34.829000,sent,kaspa:qpgmt2dn8wcqf0436n0kueap7yx82n7raurlj6aqjc3t3wm9y5ssqtg9e4lsm,5581900000,
4c74e4487bc96aef07e9216bf95f8592f4ee8e334b9532bf4819691dfa60a321,2024-09-24T22:35:35.685000,received,kaspa:qrk9decfnl4rayeegp6gd3tc6605zavclkpud5jp78axat5namppwt050d57j,5582000000,
4c74e4487bc96aef07e9216bf95f8592f4ee8e334b9532bf4819691dfa60a321,2024-09-24T22:35:35.685000,received,kaspa:qrk9decfnl4rayeegp6gd3tc6605zavclkpud5jp78axat5namppwt050d57j,5582000000,
7f5c72fe250dfb18efe314667a3ecb16ddb77b4b2a98cbb64cbfe273a095e860,2024-09-24T11:27:15.492000,sent,kaspa:qpgmt2dn8wcqf0436n0kueap7yx82n7raurlj6aqjc3t3wm9y5ssqtg9e4lsm,4870900000,
322b0a83514b08bfc0c82cbcdd8a54c8084caddb32be749de9a19495d5ab639f,2024-09-24T10:33:51.148000,received,kaspa:qqfygshv9yx7e9mjzsd9cswact74keeuy5xy6cyw9gxyfzjmnwz4wsfsmukmu,4871000000,
322b0a83514b08bfc0c82cbcdd8a54c8084caddb32be749de9a19495d5ab639f,2024-09-24T10:33:51.148000,received,kaspa:qqfygshv9yx7e9mjzsd9cswact74keeuy5xy6cyw9gxyfzjmnwz4wsfsmukmu,4871000000,
c833c7c5f387a0f66f37aeb4a8ed91dbf7080402c2564df1ecf2e1f5af45c561,2024-09-24T06:44:42.436000,sent,kaspa:qpgmt2dn8wcqf0436n0kueap7yx82n7raurlj6aqjc3t3wm9y5ssqtg9e4lsm,9166900000,
c833c7c5f387a0f66f37aeb4a8ed91dbf7080402c2564df1ecf2e1f5af45c561,2024-09-24T06:44:42.436000,sent,kaspa:qpgmt2dn8wcqf0436n0kueap7yx82n7raurlj6aqjc3t3wm9y5ssqtg9e4lsm,9166900000,
0655237221eca9296e292473938eeafd17092281843dde0ad64f48bcc703e8b6,2024-09-23T22:30:47.370000,received,kaspa:qqfygshv9yx7e9mjzsd9cswact74keeuy5xy6cyw9gxyfzjmnwz4wsfsmukmu,4605000000,
0655237221eca9296e292473938eeafd17092281843dde0ad64f48bcc703e8b6,2024-09-23T22:30:47.370000,received,kaspa:qqfygshv9yx7e9mjzsd9cswact74keeuy5xy6cyw9gxyfzjmnwz4wsfsmukmu,4605000000,
26c3b07d1515186726e90c15b9b45997ce64db93e2be6096f1c342fcea98f22e,2024-09-23T10:26:40.112000,received,kaspa:qrk9decfnl4rayeegp6gd3tc6605zavclkpud5jp78axat5namppwt050d57j,4562000000,
26c3b07d1515186726e90c15b9b45997ce64db93e2be6096f1c342fcea98f22e,2024-09-23T10:26:40.112000,received,kaspa:qrk9decfnl4rayeegp6gd3tc6605zavclkpud5jp78axat5namppwt050d57j,4562000000,
604639f840fe943a63c23a835b7247af51b9b5036de3ee47a6840a1b7abbcec3,2024-09-23T07:13:39.983000,sent,kaspa:qpgmt2dn8wcqf0436n0kueap7yx82n7raurlj6aqjc3t3wm9y5ssqtg9e4lsm,13859000000,
604639f840fe943a63c23a835b7247af51b9b5036de3ee47a6840a1b7abbcec3,2024-09-23T07:13:39.983000,sent,kaspa:qpgmt2dn8wcqf0436n0kueap7yx82n7raurlj6aqjc3t3wm9y5ssqtg9e4lsm,13859000000,
604639f840fe943a63c23a835b7247af51b9b5036de3ee47a6840a1b7abbcec3,2024-09-23T07:13:39.983000,sent,kaspa:qpgmt2dn8wcqf0436n0kueap7yx82n7raurlj6aqjc3t3wm9y5ssqtg9e4lsm,13859000000,
9099b71fd4537e4340ee2c29eb73d55d676c02a339c66f0d8dfa7262a6fd9b78,2024-09-22T22:29:45.410000,received,kaspa:qrk9decfnl4rayeegp6gd3tc6605zavclkpud5jp78axat5namppwt050d57j,4390000000,
9099b71fd4537e4340ee2c29eb73d55d676c02a339c66f0d8dfa7262a6fd9b78,2024-09-22T22:29:45.410000,received,kaspa:qrk9decfnl4rayeegp6gd3tc6605zavclkpud5jp78axat5namppwt050d57j,4390000000,
fd4c93b8b0785b9b8744e18f3be2c02e984cd98bad24d598fffe29f2a1dad50d,2024-09-22T10:48:46.524000,received,kaspa:qqfygshv9yx7e9mjzsd9cswact74keeuy5xy6cyw9gxyfzjmnwz4wsfsmukmu,4272999999,
fd4c93b8b0785b9b8744e18f3be2c02e984cd98bad24d598fffe29f2a1dad50d,2024-09-22T10:48:46.524000,received,kaspa:qqfygshv9yx7e9mjzsd9cswact74keeuy5xy6cyw9gxyfzjmnwz4wsfsmukmu,4272999999,
6cdc558b070bc97fd9ac3564497bbb4e0fc68f1ab80d5b7c5c618bfb0dff80f6,2024-09-21T22:28:20.780000,received,kaspa:qqfygshv9yx7e9mjzsd9cswact74keeuy5xy6cyw9gxyfzjmnwz4wsfsmukmu,5198000000,
6cdc558b070bc97fd9ac3564497bbb4e0fc68f1ab80d5b7c5c618bfb0dff80f6,2024-09-21T22:28:20.780000,received,kaspa:qrk9decfnl4rayeegp6gd3tc6605zavclkpud5jp78axat5namppwt050d57j,5198000000,
ed50ac311eb729b9c999882c2c27e1961d558028a8561848b1a42d6a80a50696,2024-09-21T11:10:57.272000,sent,kaspa:qpgmt2dn8wcqf0436n0kueap7yx82n7raurlj6aqjc3t3wm9y5ssqtg9e4lsm,15387900000,
ed50ac311eb729b9c999882c2c27e1961d558028a8561848b1a42d6a80a50696,2024-09-21T11:10:57.272000,sent,kaspa:qpgmt2dn8wcqf0436n0kueap7yx82n7raurlj6aqjc3t3wm9y5ssqtg9e4lsm,15387900000,
ed50ac311eb729b9c999882c2c27e1961d558028a8561848b1a42d6a80a50696,2024-09-21T11:10:57.272000,sent,kaspa:qpgmt2dn8wcqf0436n0kueap7yx82n7raurlj6aqjc3t3wm9y5ssqtg9e4lsm,15387900000,
43337fb4b2840838c8a488a475b703a7af4481ebd8f842a0ab72c8c1c14c237a,2024-09-21T10:30:33.201000,received,kaspa:qqfygshv9yx7e9mjzsd9cswact74keeuy5xy6cyw9gxyfzjmnwz4wsfsmukmu,5549000000,
43337fb4b2840838c8a488a475b703a7af4481ebd8f842a0ab72c8c1c14c237a,2024-09-21T10:30:33.201000,received,kaspa:qqfygshv9yx7e9mjzsd9cswact74keeuy5xy6cyw9gxyfzjmnwz4wsfsmukmu,5549000000,
e0d9fbadff6c2bb78775c6f568c85eb5babfc9d73afcf682712ee8ba00a72bc3,2024-09-20T22:31:59.598000,received,kaspa:qqfygshv9yx7e9mjzsd9cswact74keeuy5xy6cyw9gxyfzjmnwz4wsfsmukmu,5166000000,
e0d9fbadff6c2bb78775c6f568c85eb5babfc9d73afcf682712ee8ba00a72bc3,2024-09-20T22:31:59.598000,received,kaspa:qqfygshv9yx7e9mjzsd9cswact74keeuy5xy6cyw9gxyfzjmnwz4wsfsmukmu,5166000000,
acaba47a5ed6f1bfe85d698b840dbcfc037df5987b6c41420ca6e1f9587ba835,2024-09-20T10:32:25.066000,received,kaspa:qqfygshv9yx7e9mjzsd9cswact74keeuy5xy6cyw9gxyfzjmnwz4wsfsmukmu,4673000000,
acaba47a5ed6f1bfe85d698b840dbcfc037df5987b6c41420ca6e1f9587ba835,2024-09-20T10:32:25.066000,received,kaspa:qqfygshv9yx7e9mjzsd9cswact74keeuy5xy6cyw9gxyfzjmnwz4wsfsmukmu,4673000000,
bbeee726542cf3a52e4411516bea45392ffaa150b3c157910d38b10734911e0f,2024-09-20T09:48:37.036000,sent,kaspa:qpgmt2dn8wcqf0436n0kueap7yx82n7raurlj6aqjc3t3wm9y5ssqtg9e4lsm,9982900000,
bbeee726542cf3a52e4411516bea45392ffaa150b3c157910d38b10734911e0f,2024-09-20T09:48:37.036000,sent,kaspa:qpgmt2dn8wcqf0436n0kueap7yx82n7raurlj6aqjc3t3wm9y5ssqtg9e4lsm,9982900000,
55ccb6f9475ec71e5ddad146dbe47debf78834fecf71e797a04afa72b651f54d,2024-09-19T22:31:08.950000,received,kaspa:qrk9decfnl4rayeegp6gd3tc6605zavclkpud5jp78axat5namppwt050d57j,5154000000,
55ccb6f9475ec71e5ddad146dbe47debf78834fecf71e797a04afa72b651f54d,2024-09-19T22:31:08.950000,received,kaspa:qrk9decfnl4rayeegp6gd3tc6605zavclkpud5jp78axat5namppwt050d57j,5154000000,
0ec277d3672578ffca271e1838daed874ee998bb42bfe98f9cddfeefff3ac7a0,2024-09-19T10:32:37.685000,received,kaspa:qrk9decfnl4rayeegp6gd3tc6605zavclkpud5jp78axat5namppwt050d57j,4829000000,
0ec277d3672578ffca271e1838daed874ee998bb42bfe98f9cddfeefff3ac7a0,2024-09-19T10:32:37.685000,received,kaspa:qrk9decfnl4rayeegp6gd3tc6605zavclkpud5jp78axat5namppwt050d57j,4829000000,
7e93f73ac813ca2c682659e7a4ecdfe5fefc94064f241055cf8e538e6ea9cab0,2024-09-19T08:48:32.185000,sent,kaspa:qpgmt2dn8wcqf0436n0kueap7yx82n7raurlj6aqjc3t3wm9y5ssqtg9e4lsm,4783900000,
8d7833958f703e2f6c3609438016b840306f0b4f944b329935851802a4587a6f,2024-09-18T22:30:50.840000,received,kaspa:qrk9decfnl4rayeegp6gd3tc6605zavclkpud5jp78axat5namppwt050d57j,4784000000,
8d7833958f703e2f6c3609438016b840306f0b4f944b329935851802a4587a6f,2024-09-18T22:30:50.840000,received,kaspa:qrk9decfnl4rayeegp6gd3tc6605zavclkpud5jp78axat5namppwt050d57j,4784000000,
a29bc3485154788585d018ef8d439ed6defc141f50738694cc2409d5db59e4eb,2024-09-18T16:57:44.244000,sent,kaspa:qpgmt2dn8wcqf0436n0kueap7yx82n7raurlj6aqjc3t3wm9y5ssqtg9e4lsm,4793900000,
e38c57fe44009fb3a2c20d55071b089ef4b22cb62288d703f1360cfa523f3c47,2024-09-18T10:28:55.709000,received,kaspa:qrk9decfnl4rayeegp6gd3tc6605zavclkpud5jp78axat5namppwt050d57j,4794000000,
e38c57fe44009fb3a2c20d55071b089ef4b22cb62288d703f1360cfa523f3c47,2024-09-18T10:28:55.709000,received,kaspa:qrk9decfnl4rayeegp6gd3tc6605zavclkpud5jp78axat5namppwt050d57j,4794000000,
71ee3e74072fff305effc40b1e17208531ec52bb296a0dfb90c0444d1ec670ac,2024-09-18T08:21:50.882000,sent,kaspa:qpgmt2dn8wcqf0436n0kueap7yx82n7raurlj6aqjc3t3wm9y5ssqtg9e4lsm,4839000000,
b8b84979205596cd249acee0893fe75818537573b7bda8f62681ccf4da8b2859,2024-09-17T22:29:45.901000,received,kaspa:qrk9decfnl4rayeegp6gd3tc6605zavclkpud5jp78axat5namppwt050d57j,4840000000,
b8b84979205596cd249acee0893fe75818537573b7bda8f62681ccf4da8b2859,2024-09-17T22:29:45.901000,received,kaspa:qrk9decfnl4rayeegp6gd3tc6605zavclkpud5jp78axat5namppwt050d57j,4840000000,
c4134205c97049a69e48006469a8ffffcb95306cdd78ad6b30314d39185d7cc1,2024-09-17T12:51:37.385000,sent,kaspa:qpgmt2dn8wcqf0436n0kueap7yx82n7raurlj6aqjc3t3wm9y5ssqtg9e4lsm,4795900000,
1382778c52dd9bab46615be98d3527dd0fa37bb950823703e14fd2a67a0d1cf2,2024-09-17T10:32:08.284000,received,kaspa:qrk9decfnl4rayeegp6gd3tc6605zavclkpud5jp78axat5namppwt050d57j,4796000000,
1382778c52dd9bab46615be98d3527dd0fa37bb950823703e14fd2a67a0d1cf2,2024-09-17T10:32:08.284000,received,kaspa:qqfygshv9yx7e9mjzsd9cswact74keeuy5xy6cyw9gxyfzjmnwz4wsfsmukmu,4796000000,
d40be8490e4a43b7cbba768c372117da8aa0b9e3cf431d8362251c9f4fc6408b,2024-09-16T22:33:03.342000,sent,kaspa:qpgmt2dn8wcqf0436n0kueap7yx82n7raurlj6aqjc3t3wm9y5ssqtg9e4lsm,5341900000,
b72fdefb9ceb4b78ad935ea39e7d2505449386d59509c84212067bb54f2f0b5e,2024-09-16T22:29:21.408000,received,kaspa:qrk9decfnl4rayeegp6gd3tc6605zavclkpud5jp78axat5namppwt050d57j,5342000000,
b72fdefb9ceb4b78ad935ea39e7d2505449386d59509c84212067bb54f2f0b5e,2024-09-16T22:29:21.408000,received,kaspa:qrk9decfnl4rayeegp6gd3tc6605zavclkpud5jp78axat5namppwt050d57j,5342000000,
ea8573be7850544612a426b3d0ad7c0973857accde445d7b589dedec5fd76832,2024-09-16T11:23:22.616000,sent,kaspa:qpgmt2dn8wcqf0436n0kueap7yx82n7raurlj6aqjc3t3wm9y5ssqtg9e4lsm,11585900000,
330b9bb7374bfc40e447414559255e3d2d255cec52efea58cbb792229d736509,2024-09-16T10:24:54.519000,received,kaspa:qqfygshv9yx7e9mjzsd9cswact74keeuy5xy6cyw9gxyfzjmnwz4wsfsmukmu,11586000000,
330b9bb7374bfc40e447414559255e3d2d255cec52efea58cbb792229d736509,2024-09-16T10:24:54.519000,received,kaspa:qqfygshv9yx7e9mjzsd9cswact74keeuy5xy6cyw9gxyfzjmnwz4wsfsmukmu,11586000000,
daa90261e4f49bf4891f5b0ab0eb9512180a29f53b9f5c7a0603e199a18dd976,2024-09-16T07:31:51.448000,sent,kaspa:qpgmt2dn8wcqf0436n0kueap7yx82n7raurlj6aqjc3t3wm9y5ssqtg9e4lsm,22088000000,
7d5cd9b823a3f1fcecd1e31a6769ff012be2091e7b1790c65861aa00e443795c,2024-09-16T07:24:22.036000,sent,kaspa:qpgmt2dn8wcqf0436n0kueap7yx82n7raurlj6aqjc3t3wm9y5ssqtg9e4lsm,3955900000,
dacc6e392f41e422bb500475ba134eb1e8940b0b0804985e06db00531df417ea,2024-09-16T01:26:16.084000,received,kaspa:qrk9decfnl4rayeegp6gd3tc6605zavclkpud5jp78axat5namppwt050d57j,22089000000,
dacc6e392f41e422bb500475ba134eb1e8940b0b0804985e06db00531df417ea,2024-09-16T01:26:16.084000,received,kaspa:qrk9decfnl4rayeegp6gd3tc6605zavclkpud5jp78axat5namppwt050d57j,22089000000,
0ecfb56103b8e7c6680b39729604dfd80662dbe77bdb7acc80e3e4c54be67b69,2024-09-15T10:38:06.523000,received,kaspa:qqfygshv9yx7e9mjzsd9cswact74keeuy5xy6cyw9gxyfzjmnwz4wsfsmukmu,3956000000,
0ecfb56103b8e7c6680b39729604dfd80662dbe77bdb7acc80e3e4c54be67b69,2024-09-15T10:38:06.523000,received,kaspa:qqfygshv9yx7e9mjzsd9cswact74keeuy5xy6cyw9gxyfzjmnwz4wsfsmukmu,3956000000,
29803a998a70bcf667860458e9f80f15a7bd479d14fdf6bec3410431f6a9c6fd,2024-09-15T00:07:05.841000,sent,kaspa:qpgmt2dn8wcqf0436n0kueap7yx82n7raurlj6aqjc3t3wm9y5ssqtg9e4lsm,12526890000,
29803a998a70bcf667860458e9f80f15a7bd479d14fdf6bec3410431f6a9c6fd,2024-09-15T00:07:05.841000,sent,kaspa:qpgmt2dn8wcqf0436n0kueap7yx82n7raurlj6aqjc3t3wm9y5ssqtg9e4lsm,12526890000,
29803a998a70bcf667860458e9f80f15a7bd479d14fdf6bec3410431f6a9c6fd,2024-09-15T00:07:05.841000,sent,kaspa:qpgmt2dn8wcqf0436n0kueap7yx82n7raurlj6aqjc3t3wm9y5ssqtg9e4lsm,12526890000,
80976c94426b9fef006c236c1b73ddf3bed05060cf98267ebf5279ac2bede764,2024-09-14T22:29:14.166000,received,kaspa:qrk9decfnl4rayeegp6gd3tc6605zavclkpud5jp78axat5namppwt050d57j,4214000000,
80976c94426b9fef006c236c1b73ddf3bed05060cf98267ebf5279ac2bede764,2024-09-14T22:29:14.166000,received,kaspa:qrk9decfnl4rayeegp6gd3tc6605zavclkpud5jp78axat5namppwt050d57j,4214000000,
dd30ce903cb5155556cbf8463af4518c3df2cb421c8f46b6e20d155f7a034b8c,2024-09-14T10:31:58.592000,received,kaspa:qqfygshv9yx7e9mjzsd9cswact74keeuy5xy6cyw9gxyfzjmnwz4wsfsmukmu,4033000000,
dd30ce903cb5155556cbf8463af4518c3df2cb421c8f46b6e20d155f7a034b8c,2024-09-14T10:31:58.592000,received,kaspa:qqfygshv9yx7e9mjzsd9cswact74keeuy5xy6cyw9gxyfzjmnwz4wsfsmukmu,4033000000,
925828a26fdc41c7c7dd7f900dead9da98a373e495586bbf04b2a3f770a792cb,2024-09-13T22:27:02.541000,received,kaspa:qqfygshv9yx7e9mjzsd9cswact74keeuy5xy6cyw9gxyfzjmnwz4wsfsmukmu,4279999999,
925828a26fdc41c7c7dd7f900dead9da98a373e495586bbf04b2a3f770a792cb,2024-09-13T22:27:02.541000,received,kaspa:qqfygshv9yx7e9mjzsd9cswact74keeuy5xy6cyw9gxyfzjmnwz4wsfsmukmu,4279999999,
521ee6d653ede13c327de1a3d6fd1083f894a4524d99df5b4cff004ea6a27382,2024-09-13T12:15:14.155000,sent,kaspa:qpgmt2dn8wcqf0436n0kueap7yx82n7raurlj6aqjc3t3wm9y5ssqtg9e4lsm,4945900000,
32cd3ffe46c94aeb58a09f165d49bb41df32af4950dd8cdbd59e7e04a9fa46a7,2024-09-13T10:24:24.893000,received,kaspa:qqfygshv9yx7e9mjzsd9cswact74keeuy5xy6cyw9gxyfzjmnwz4wsfsmukmu,4946000000,
32cd3ffe46c94aeb58a09f165d49bb41df32af4950dd8cdbd59e7e04a9fa46a7,2024-09-13T10:24:24.893000,received,kaspa:qqfygshv9yx7e9mjzsd9cswact74keeuy5xy6cyw9gxyfzjmnwz4wsfsmukmu,4946000000,
70b96c0f0b0bb6e54a7fb45995ede4dc8a6ff23f71ad27f5ef0b740add295317,2024-09-13T07:51:06.815000,sent,kaspa:qpgmt2dn8wcqf0436n0kueap7yx82n7raurlj6aqjc3t3wm9y5ssqtg9e4lsm,4724900000,
2d198e5f02ff246a93e51263651bd793fef048452e73c44edffc4f805ff1e79a,2024-09-12T22:28:11.865000,received,kaspa:qrk9decfnl4rayeegp6gd3tc6605zavclkpud5jp78axat5namppwt050d57j,4725000000,
2d198e5f02ff246a93e51263651bd793fef048452e73c44edffc4f805ff1e79a,2024-09-12T22:28:11.865000,received,kaspa:qrk9decfnl4rayeegp6gd3tc6605zavclkpud5jp78axat5namppwt050d57j,4725000000,
2077002138eaa3eaf25e04dd3460a26843ea6aa272eb082344a8d7ca981f75f9,2024-09-12T11:26:49.914000,sent,kaspa:qpgmt2dn8wcqf0436n0kueap7yx82n7raurlj6aqjc3t3wm9y5ssqtg9e4lsm,13396900000,
2077002138eaa3eaf25e04dd3460a26843ea6aa272eb082344a8d7ca981f75f9,2024-09-12T11:26:49.914000,sent,kaspa:qpgmt2dn8wcqf0436n0kueap7yx82n7raurlj6aqjc3t3wm9y5ssqtg9e4lsm,13396900000,
2077002138eaa3eaf25e04dd3460a26843ea6aa272eb082344a8d7ca981f75f9,2024-09-12T11:26:49.914000,sent,kaspa:qpgmt2dn8wcqf0436n0kueap7yx82n7raurlj6aqjc3t3wm9y5ssqtg9e4lsm,13396900000,
6e61d11da44df42b7da639de78dd28acd83a83995e09a592c1d090a151ee2abe,2024-09-12T10:26:04.522000,received,kaspa:qqfygshv9yx7e9mjzsd9cswact74keeuy5xy6cyw9gxyfzjmnwz4wsfsmukmu,4508000000,
6e61d11da44df42b7da639de78dd28acd83a83995e09a592c1d090a151ee2abe,2024-09-12T10:26:04.522000,received,kaspa:qqfygshv9yx7e9mjzsd9cswact74keeuy5xy6cyw9gxyfzjmnwz4wsfsmukmu,4508000000,
2bdbddaf67de0163afb877405305e4587e2601abf9247e6e5b66eca94e774695,2024-09-11T22:26:29.415000,received,kaspa:qqfygshv9yx7e9mjzsd9cswact74keeuy5xy6cyw9gxyfzjmnwz4wsfsmukmu,4386000000,
2bdbddaf67de0163afb877405305e4587e2601abf9247e6e5b66eca94e774695,2024-09-11T22:26:29.415000,received,kaspa:qqfygshv9yx7e9mjzsd9cswact74keeuy5xy6cyw9gxyfzjmnwz4wsfsmukmu,4386000000,
e7157834aaaaf6d4b63a9a1a630b867e1acab7f843aae167f5e0f1cd7bf1aa27,2024-09-11T10:25:36.090000,received,kaspa:qqfygshv9yx7e9mjzsd9cswact74keeuy5xy6cyw9gxyfzjmnwz4wsfsmukmu,4503000000,
e7157834aaaaf6d4b63a9a1a630b867e1acab7f843aae167f5e0f1cd7bf1aa27,2024-09-11T10:25:36.090000,received,kaspa:qqfygshv9yx7e9mjzsd9cswact74keeuy5xy6cyw9gxyfzjmnwz4wsfsmukmu,4503000000,
785833bbedf2771690b27738c51a7de0764b25ff4129627c392c84f5fcd89d8e,2024-09-11T01:49:11.215000,sent,kaspa:qpgmt2dn8wcqf0436n0kueap7yx82n7raurlj6aqjc3t3wm9y5ssqtg9e4lsm,3034690000,
be0b90928171a2969a70d1aea757cff4e6106c72a4edf8a66cdd7ad9d709768f,2024-09-11T01:47:00.646000,received,kaspa:qr7vrlhgekw9efxgfq09ca3wqcxlslgxndcpk77pguu2usaa9aa27lhuunewj,3034794135,
73569ea068dbf45f282f7a025ae9ead86f52cb04419ffa43b72857d669f3cd7c,2024-09-11T01:38:57.018000,sent,kaspa:qpgmt2dn8wcqf0436n0kueap7yx82n7raurlj6aqjc3t3wm9y5ssqtg9e4lsm,4310900000,
ad4f1b9042f1710cdc64ee04511726dff7f2ade79ab1b5c3c127f7c992b334cd,2024-09-10T22:26:09.099000,received,kaspa:qrk9decfnl4rayeegp6gd3tc6605zavclkpud5jp78axat5namppwt050d57j,4311000000,
ad4f1b9042f1710cdc64ee04511726dff7f2ade79ab1b5c3c127f7c992b334cd,2024-09-10T22:26:09.099000,received,kaspa:qrk9decfnl4rayeegp6gd3tc6605zavclkpud5jp78axat5namppwt050d57j,4311000000,
48149d107faa7178d0606712133cc12be82dea47f3cb6503b145bf3232e19b49,2024-09-10T16:37:47.475000,sent,kaspa:qpgmt2dn8wcqf0436n0kueap7yx82n7raurlj6aqjc3t3wm9y5ssqtg9e4lsm,4295900000,
ae42ce4eecca15068e4d9773e4349c7a6c5f7d17abb763cde2b8d861900d3c20,2024-09-10T10:33:10.037000,received,kaspa:qqfygshv9yx7e9mjzsd9cswact74keeuy5xy6cyw9gxyfzjmnwz4wsfsmukmu,4296000000,
ae42ce4eecca15068e4d9773e4349c7a6c5f7d17abb763cde2b8d861900d3c20,2024-09-10T10:33:10.037000,received,kaspa:qqfygshv9yx7e9mjzsd9cswact74keeuy5xy6cyw9gxyfzjmnwz4wsfsmukmu,4296000000,
925f3d10594a2bbfea9c01fd792801e413a038cca8944da9bfdf7abcf4ad1c44,2024-09-10T06:27:36.990000,sent,kaspa:qpgmt2dn8wcqf0436n0kueap7yx82n7raurlj6aqjc3t3wm9y5ssqtg9e4lsm,8745900000,
925f3d10594a2bbfea9c01fd792801e413a038cca8944da9bfdf7abcf4ad1c44,2024-09-10T06:27:36.990000,sent,kaspa:qpgmt2dn8wcqf0436n0kueap7yx82n7raurlj6aqjc3t3wm9y5ssqtg9e4lsm,8745900000,
87c63c69b2f8e448aedc5b0c86882c38359a084d65560cef8bbad3a5491f7e8c,2024-09-09T22:35:17.971000,received,kaspa:qrk9decfnl4rayeegp6gd3tc6605zavclkpud5jp78axat5namppwt050d57j,4361000000,
87c63c69b2f8e448aedc5b0c86882c38359a084d65560cef8bbad3a5491f7e8c,2024-09-09T22:35:17.971000,received,kaspa:qrk9decfnl4rayeegp6gd3tc6605zavclkpud5jp78axat5namppwt050d57j,4361000000,
8f147a2a15746122e06e955c0b71496aa2c4ac4536972634ab81e3551ead2752,2024-09-09T10:31:03.684000,received,kaspa:qqfygshv9yx7e9mjzsd9cswact74keeuy5xy6cyw9gxyfzjmnwz4wsfsmukmu,4385000000,
8f147a2a15746122e06e955c0b71496aa2c4ac4536972634ab81e3551ead2752,2024-09-09T10:31:03.684000,received,kaspa:qqfygshv9yx7e9mjzsd9cswact74keeuy5xy6cyw9gxyfzjmnwz4wsfsmukmu,4385000000,
c10e4c1091137bdf54f150ccad254f5876aa012917b7aa9774d876b07e509ccd,2024-09-08T23:09:03.684000,sent,kaspa:qpgmt2dn8wcqf0436n0kueap7yx82n7raurlj6aqjc3t3wm9y5ssqtg9e4lsm,4354900000,
25c8fa8c5c568a2f78666f20148baad409f9ece1f43025d285bedc8a789870fc,2024-09-08T22:32:20.228000,received,kaspa:qrk9decfnl4rayeegp6gd3tc6605zavclkpud5jp78axat5namppwt050d57j,4355000000,
25c8fa8c5c568a2f78666f20148baad409f9ece1f43025d285bedc8a789870fc,2024-09-08T22:32:20.228000,received,kaspa:qrk9decfnl4rayeegp6gd3tc6605zavclkpud5jp78axat5namppwt050d57j,4355000000,
c123cb6f7dfae2cd3482a762b403ec22f3a94a7c0b8118d830165b2c9d577f9e,2024-09-08T21:54:10.204000,sent,kaspa:qpgmt2dn8wcqf0436n0kueap7yx82n7raurlj6aqjc3t3wm9y5ssqtg9e4lsm,8853900000,
c123cb6f7dfae2cd3482a762b403ec22f3a94a7c0b8118d830165b2c9d577f9e,2024-09-08T21:54:10.204000,sent,kaspa:qpgmt2dn8wcqf0436n0kueap7yx82n7raurlj6aqjc3t3wm9y5ssqtg9e4lsm,8853900000,
1120ffe40f4cfefd85ab73c575d471b20c78f00186f95fc3f2ca91f8e8e46423,2024-09-08T10:34:19.050000,received,kaspa:qrk9decfnl4rayeegp6gd3tc6605zavclkpud5jp78axat5namppwt050d57j,4318000000,
1120ffe40f4cfefd85ab73c575d471b20c78f00186f95fc3f2ca91f8e8e46423,2024-09-08T10:34:19.050000,received,kaspa:qrk9decfnl4rayeegp6gd3tc6605zavclkpud5jp78axat5namppwt050d57j,4318000000,
d59907cae2a5b642181eaa32dd553f3d3adc9d76d217d2723105760874723860,2024-09-07T22:27:16.231000,received,kaspa:qqfygshv9yx7e9mjzsd9cswact74keeuy5xy6cyw9gxyfzjmnwz4wsfsmukmu,4536000000,
d59907cae2a5b642181eaa32dd553f3d3adc9d76d217d2723105760874723860,2024-09-07T22:27:16.231000,received,kaspa:qqfygshv9yx7e9mjzsd9cswact74keeuy5xy6cyw9gxyfzjmnwz4wsfsmukmu,4536000000,
cd6b45419c818cb884bbf3bf52e18639906259411b3f028dfab05f74c48e79d4,2024-09-07T18:06:09.270000,sent,kaspa:qpgmt2dn8wcqf0436n0kueap7yx82n7raurlj6aqjc3t3wm9y5ssqtg9e4lsm,4378900000,
01a6cb2d25f96b1229222ea6b23eae950b74c90a7e511bc30bc93a4746a717f9,2024-09-07T10:33:18.504000,received,kaspa:qqfygshv9yx7e9mjzsd9cswact74keeuy5xy6cyw9gxyfzjmnwz4wsfsmukmu,4379000000,
01a6cb2d25f96b1229222ea6b23eae950b74c90a7e511bc30bc93a4746a717f9,2024-09-07T10:33:18.504000,received,kaspa:qqfygshv9yx7e9mjzsd9cswact74keeuy5xy6cyw9gxyfzjmnwz4wsfsmukmu,4379000000,
302ba0ea3b3e44430eb70611d2f1495e85abfe2ce1cd66dcc4d7197c421bb15f,2024-09-06T22:53:08.246000,sent,kaspa:qpgmt2dn8wcqf0436n0kueap7yx82n7raurlj6aqjc3t3wm9y5ssqtg9e4lsm,3630500000,
f188fef778638cc9d572bd4b4d3bcebc4d1583c4bf9a2cf34ac1b21bb194e4cc,2024-09-06T22:43:55.523000,received,kaspa:qqfygshv9yx7e9mjzsd9cswact74keeuy5xy6cyw9gxyfzjmnwz4wsfsmukmu,3631000000,
f188fef778638cc9d572bd4b4d3bcebc4d1583c4bf9a2cf34ac1b21bb194e4cc,2024-09-06T22:43:55.523000,received,kaspa:qqfygshv9yx7e9mjzsd9cswact74keeuy5xy6cyw9gxyfzjmnwz4wsfsmukmu,3631000000,
672a2bc6981bf3106d8a98c56d31647b9a5cb7cd72499b4846ce920a0e933b6b,2024-09-06T20:37:05.362000,sent,kaspa:qpgmt2dn8wcqf0436n0kueap7yx82n7raurlj6aqjc3t3wm9y5ssqtg9e4lsm,4384800000,
346de289c6182694eae4b8d006552a3415cb343816af169e38f978a32c756a85,2024-09-06T10:30:53.002000,received,kaspa:qqfygshv9yx7e9mjzsd9cswact74keeuy5xy6cyw9gxyfzjmnwz4wsfsmukmu,4385000000,
346de289c6182694eae4b8d006552a3415cb343816af169e38f978a32c756a85,2024-09-06T10:30:53.002000,received,kaspa:qqfygshv9yx7e9mjzsd9cswact74keeuy5xy6cyw9gxyfzjmnwz4wsfsmukmu,4385000000,
6adb4087a3fe14c47bd3191a91487d218a169ac6a719561316ce65336394bd2e,2024-09-05T23:33:40.631000,sent,kaspa:qpgmt2dn8wcqf0436n0kueap7yx82n7raurlj6aqjc3t3wm9y5ssqtg9e4lsm,4345500000,
f4576491542e7edd1bb9003ff4167b727df03f4cdbdfe86bb09d14c26221056e,2024-09-05T22:34:28.521000,received,kaspa:qqfygshv9yx7e9mjzsd9cswact74keeuy5xy6cyw9gxyfzjmnwz4wsfsmukmu,4346000000,
f4576491542e7edd1bb9003ff4167b727df03f4cdbdfe86bb09d14c26221056e,2024-09-05T22:34:28.521000,received,kaspa:qqfygshv9yx7e9mjzsd9cswact74keeuy5xy6cyw9gxyfzjmnwz4wsfsmukmu,4346000000,
c54f504801913469bcf2e3d3a9909ca5df58d65c0c69534e74b9c7bf03aef14e,2024-09-05T17:29:44.499000,sent,kaspa:qpgmt2dn8wcqf0436n0kueap7yx82n7raurlj6aqjc3t3wm9y5ssqtg9e4lsm,4380000000,
a865669a9259382fec444824d96b2127992a912e12676231526cd60b22e3468e,2024-09-05T10:34:10.033000,received,kaspa:qrk9decfnl4rayeegp6gd3tc6605zavclkpud5jp78axat5namppwt050d57j,4382000000,
a865669a9259382fec444824d96b2127992a912e12676231526cd60b22e3468e,2024-09-05T10:34:10.033000,received,kaspa:qrk9decfnl4rayeegp6gd3tc6605zavclkpud5jp78axat5namppwt050d57j,4382000000,
582d223691f7b2dbd38f3dc7af2b4a2c0094a206ace991ee379c874fa088cdae,2024-09-04T23:28:53.175000,sent,kaspa:qplg9tt6kksh3u9986falecy5re7hjk4w4l54tp2l3sqlhhkrzzhgw0yz65cs,8747000000,
1a6ae47ae753084eaae5d1c31c78f4d5cb703ca5ceb293687cd75b645ed35a25,2024-09-04T23:23:05.590000,received,kaspa:qqetp7ct8kqss99fxmymyz5t3fezppxp0t58wl6pawp27elqd46uudme00cl0,8747434367,
1a6ae47ae753084eaae5d1c31c78f4d5cb703ca5ceb293687cd75b645ed35a25,2024-09-04T23:23:05.590000,received,kaspa:qpzpfwcsqsxhxwup26r55fd0ghqlhyugz8cp6y3wxuddc02vcxtjg75pspnwz,8747434367,MEXC
7b46e2915872ae9bbde0083fbf6cf1a8b10801eee5bd2714fbc0d3682f69e972,2024-09-04T21:29:52.919000,sent,kaspa:qqswvqcwl4hkjjhyl27c3qw8xzt420xgnztgnh0mq9qw5andu64s5ryl9uu8t,80000000,
fb27b19bc0a67da1bdbe0a2c1619b0829afe8b6ba1d2a3a81baf70a0a84cc4a2,2024-09-04T20:39:50.606000,sent,kaspa:qplg9tt6kksh3u9986falecy5re7hjk4w4l54tp2l3sqlhhkrzzhgw0yz65cs,4000000000,
fb27b19bc0a67da1bdbe0a2c1619b0829afe8b6ba1d2a3a81baf70a0a84cc4a2,2024-09-04T20:39:50.606000,sent,kaspa:qplg9tt6kksh3u9986falecy5re7hjk4w4l54tp2l3sqlhhkrzzhgw0yz65cs,4000000000,
0ee8945b9899ebbe1ea1724c74832054ca0aad1e7e077d0c59540313311983f4,2024-09-04T20:37:10.047000,received,kaspa:qqetp7ct8kqss99fxmymyz5t3fezppxp0t58wl6pawp27elqd46uudme00cl0,4000000000,
0ee8945b9899ebbe1ea1724c74832054ca0aad1e7e077d0c59540313311983f4,2024-09-04T20:37:10.047000,received,kaspa:qpzpfwcsqsxhxwup26r55fd0ghqlhyugz8cp6y3wxuddc02vcxtjg75pspnwz,4000000000,MEXC
003343ca4203898ac4f9c67fa66fa7ab4031879f0d70477498b3d8f53b587885,2024-09-04T15:06:00.545000,sent,kaspa:qplg9tt6kksh3u9986falecy5re7hjk4w4l54tp2l3sqlhhkrzzhgw0yz65cs,6720000000,
003343ca4203898ac4f9c67fa66fa7ab4031879f0d70477498b3d8f53b587885,2024-09-04T15:06:00.545000,sent,kaspa:qplg9tt6kksh3u9986falecy5re7hjk4w4l54tp2l3sqlhhkrzzhgw0yz65cs,6720000000,
e560630a18f0812c5284a9a88faae8a24049f0b22a076149fa4dfaa351cf3c42,2024-09-04T15:01:14.875000,received,kaspa:qpzpfwcsqsxhxwup26r55fd0ghqlhyugz8cp6y3wxuddc02vcxtjg75pspnwz,6725428446,MEXC
e560630a18f0812c5284a9a88faae8a24049f0b22a076149fa4dfaa351cf3c42,2024-09-04T15:01:14.875000,received,kaspa:qpzpfwcsqsxhxwup26r55fd0ghqlhyugz8cp6y3wxuddc02vcxtjg75pspnwz,6725428446,MEXC
4239f921e1369922c406ffef92906ba5d4174d188f146e725f55ed17620fc926,2024-09-04T14:45:36.029000,sent,kaspa:qplg9tt6kksh3u9986falecy5re7hjk4w4l54tp2l3sqlhhkrzzhgw0yz65cs,4660000000,
4239f921e1369922c406ffef92906ba5d4174d188f146e725f55ed17620fc926,2024-09-04T14:45:36.029000,sent,kaspa:qplg9tt6kksh3u9986falecy5re7hjk4w4l54tp2l3sqlhhkrzzhgw0yz65cs,4660000000,
ea93214e18310952e4fdf38586d4eda8eb3c21b3b08e91b8426d0e4e691aca4e,2024-09-04T14:43:50.704000,received,kaspa:qyprv26e5wcu7urhss99m444y7nmf04pjxa8y39z2urjx90ncvyff9qzjv5ftav,4635990000,
4f21bc285d2252855643a4d159892ab0f7653d843e0c074620218dadc6722469,2024-09-04T14:40:07.559000,sent,kaspa:qplg9tt6kksh3u9986falecy5re7hjk4w4l54tp2l3sqlhhkrzzhgw0yz65cs,3450000000,
4f21bc285d2252855643a4d159892ab0f7653d843e0c074620218dadc6722469,2024-09-04T14:40:07.559000,sent,kaspa:qplg9tt6kksh3u9986falecy5re7hjk4w4l54tp2l3sqlhhkrzzhgw0yz65cs,3450000000,
b85c10a869b4e1417c7b0ddf8a3dde883467a011d318c4e6bf5a50ae792c967c,2024-09-04T09:11:13.031000,received,kaspa:qphtpvnccpwj5yelc2wr6k0gy9fzcukvhp5wf330hpdue87e574hc9a8deey2,3500000000,
059312f4d87b1cee42db0726695e1147eb6181093cfb040a6d52d7b2b5f18969,2024-09-03T21:52:11.424000,sent,kaspa:qyprv26e5wcu7urhss99m444y7nmf04pjxa8y39z2urjx90ncvyff9qzjv5ftav,4950000000,
c4ffffece0a5cdc6ebbe82c66b93f70e29b52f39c80b601c53bce1df73f4e727,2024-09-03T13:20:44.354000,received,kaspa:qphtpvnccpwj5yelc2wr6k0gy9fzcukvhp5wf330hpdue87e574hc9a8deey2,5000000000,
c8c47f2ac602964e8234b7a542aa922efa335c4a807336d1400926a86619f460,2024-09-01T21:53:25.248000,sent,kaspa:qyprv26e5wcu7urhss99m444y7nmf04pjxa8y39z2urjx90ncvyff9qzjv5ftav,7103200000,
71e47aa2e98c2f079bea7f5b5649ba6994358bf62507ab9f6dc6a6a16f08ccfb,2024-09-01T21:45:15.191000,sent,kaspa:qplg9tt6kksh3u9986falecy5re7hjk4w4l54tp2l3sqlhhkrzzhgw0yz65cs,3500000000,
3af3d0e26376a081348974818c41f3096e35c3da2b6d8dfd23ca3e125b44c91f,2024-09-01T21:42:54.944000,sent,kaspa:qplg9tt6kksh3u9986falecy5re7hjk4w4l54tp2l3sqlhhkrzzhgw0yz65cs,5000000000,
e61c19b8cbe23c62fe4f754ad12641a0c2085b738673883b12ac400520c3ae3d,2024-09-01T21:39:47.327000,received,kaspa:qyprv26e5wcu7urhss99m444y7nmf04pjxa8y39z2urjx90ncvyff9qzjv5ftav,15603555210,
e61c19b8cbe23c62fe4f754ad12641a0c2085b738673883b12ac400520c3ae3d,2024-09-01T21:39:47.327000,received,kaspa:qyprv26e5wcu7urhss99m444y7nmf04pjxa8y39z2urjx90ncvyff9qzjv5ftav,15603555210,
0d96f50aba9e3ff16c479a1ccbbf752b75073f25c2954d8e95049f909cb9faf1,2024-08-31T15:57:21.905000,sent,kaspa:qyprv26e5wcu7urhss99m444y7nmf04pjxa8y39z2urjx90ncvyff9qzjv5ftav,12404000000,
e7241763a7b29bbdc6f1bd6ec9682d0a45ebf4b2f614d8cde408f173d4b9e94c,2024-08-31T10:58:10.506000,received,kaspa:qphtpvnccpwj5yelc2wr6k0gy9fzcukvhp5wf330hpdue87e574hc9a8deey2,12405000000,
e80235e700e92582ca2d200ba6789bf1487eee2f769f7f1ff4943b66c8a4a183,2024-08-31T00:36:07.996000,sent,kaspa:qyprv26e5wcu7urhss99m444y7nmf04pjxa8y39z2urjx90ncvyff9qzjv5ftav,85400000,
11035efb02f584dc66ba8d72b82df5362e85c5028ce9b08058cd2264f6169557,2024-08-30T20:44:36.841000,sent,kaspa:qplg9tt6kksh3u9986falecy5re7hjk4w4l54tp2l3sqlhhkrzzhgw0yz65cs,12405000000,
4e0dc4e31de4e1c3aee4e62e8e68bd8768820f2e0bd0c4b391bad2b909a4f41a,2024-08-30T20:41:31.409000,received,kaspa:qyprv26e5wcu7urhss99m444y7nmf04pjxa8y39z2urjx90ncvyff9qzjv5ftav,12490655077,
a90f8136ab386d1c07084545f61744c37c5a79533d91ee8226adbc7b8260c913,2024-08-26T04:25:43.769000,sent,kaspa:qyprv26e5wcu7urhss99m444y7nmf04pjxa8y39z2urjx90ncvyff9qzjv5ftav,29280400000,
5e63100edbf92b44c4c62a526df42a746f665eabb4f896028e5e9f854d19953b,2024-08-26T04:15:59.135000,received,kaspa:qphtpvnccpwj5yelc2wr6k0gy9fzcukvhp5wf330hpdue87e574hc9a8deey2,29280554368,
654350f92acdc1ad6017dcec4eb2e90a056e28eb9cc3c4ba6b0087942d97498e,2024-08-24T22:19:50.439000,sent,kaspa:qq9zagcza4jt76eev9jl5z0nqhe0thcu7js8larktj4sle7lvgnw7sfcewlty,29280000000,
b22518be6a6e273506ad5d65e0f60208227464feb5d1f08dfb933fb494412547,2024-08-24T22:14:54.502000,received,kaspa:qr7vrlhgekw9efxgfq09ca3wqcxlslgxndcpk77pguu2usaa9aa27lhuunewj,29280554368,
