tx_id,timestamp,direction,peer_address,amount_sompi,cex_label
dcadc9f355e71bbd080cf1d6dca4d190b78105214c42eca03f98badd499aff08,2023-12-14T17:21:16.387000,sent,kaspa:qr7r8rtehym00mcmmucflvu2003fsevzc9s0rezsltzwd6jd34p2cg3nd43cf,170990000,
a07b2335d29590ee203bafd1f0d49d78092cf48490d587f7797a0fdc1c372d78,2023-12-12T13:57:32.113000,received,kaspa:qypswxtcrv4ssyjaswy5w9387vq73mkuyq85tl34cee6qn5uexqy0csgnafnjx7,171000000,
e7e415d977504e92c3f3ffc0a677602936eca10d83324285210fb147cce74025,2023-11-28T19:49:00.221000,sent,kaspa:qyp4t834yfd9regwmt0mh002jj6w0au7japeehfzam7lc6e4xtplveqd35hgudw,18000000,
9137b0847d85dafbb77786703623e4d3658d832fc33b5fdc00861b19068675ca,2023-11-28T19:45:04.300000,received,kaspa:qqz3f90u0dyt6kcla7yljt059xl6jay6zvxjpj0ll7hmm03sl05sszfluz3pc,18010000,
