tx_id,timestamp,direction,peer_address,amount_sompi,cex_label
bbb7fa4ba90db46e854e4c2bcddf5dad8b9c4631275a301325488b70bbc8f15c,2023-12-30T20:04:24.472000,sent,kaspa:qph07c6sgz3tnt6qq2rq3nr97mcrw0rrffj0un86fttmt4927uenjt83e8cy4,55000000000000,
bbb7fa4ba90db46e854e4c2bcddf5dad8b9c4631275a301325488b70bbc8f15c,2023-12-30T20:04:24.472000,sent,kaspa:qzn25t6dur37gp82f4p99wtnmf5qwjunzg52wsj4e7g5xzsykrd6whl7ge6yn,855206321862274,
29800d4e9ce34b3a9ab76c02e83697d1e4933a8461d431270a6062db0ef57c6a,2023-12-28T20:01:05.289000,received,kaspa:qqetp7ct8kqss99fxmymyz5t3fezppxp0t58wl6pawp27elqd46uudme00cl0,26234399000000,
29800d4e9ce34b3a9ab76c02e83697d1e4933a8461d431270a6062db0ef57c6a,2023-12-28T20:01:05.289000,received,kaspa:qpzpfwcsqsxhxwup26r55fd0ghqlhyugz8cp6y3wxuddc02vcxtjg75pspnwz,26234399000000,MEXC
26eaa17dcf2facbf86f08030890fcfbb8299a1843209113d35a7a4fda52955b1,2023-12-28T03:23:15.832000,sent,kaspa:qph07c6sgz3tnt6qq2rq3nr97mcrw0rrffj0un86fttmt4927uenjt83e8cy4,50000000000000,
26eaa17dcf2facbf86f08030890fcfbb8299a1843209113d35a7a4fda52955b1,2023-12-28T03:23:15.832000,sent,kaspa:qqa7gsh5u4jdmqx06hey6elja9e697aatknlrg9894r96ptkxydax5wuu84ce,1043298052916548,
26eaa17dcf2facbf86f08030890fcfbb8299a1843209113d35a7a4fda52955b1,2023-12-28T03:23:15.832000,sent,kaspa:qph07c6sgz3tnt6qq2rq3nr97mcrw0rrffj0un86fttmt4927uenjt83e8cy4,50000000000000,
26eaa17dcf2facbf86f08030890fcfbb8299a1843209113d35a7a4fda52955b1,2023-12-28T03:23:15.832000,sent,kaspa:qqa7gsh5u4jdmqx06hey6elja9e697aatknlrg9894r96ptkxydax5wuu84ce,1043298052916548,
1e3fbb8a2fe0a9961f3bbd651a5c2228b5d63aacf2a9815c091010564a883669,2023-11-27T15:08:41.068000,received,kaspa:qqwvnkp47wsj6n4hkdlgj8dsauyx0xvefunnwvvsmpq2udd0ka8ckmpuqw3k5,23469724932648,
1e3fbb8a2fe0a9961f3bbd651a5c2228b5d63aacf2a9815c091010564a883669,2023-11-27T15:08:41.068000,received,kaspa:qqwvnkp47wsj6n4hkdlgj8dsauyx0xvefunnwvvsmpq2udd0ka8ckmpuqw3k5,23469724932648,
1e3fbb8a2fe0a9961f3bbd651a5c2228b5d63aacf2a9815c091010564a883669,2023-11-27T15:08:41.068000,received,kaspa:qqwvnkp47wsj6n4hkdlgj8dsauyx0xvefunnwvvsmpq2udd0ka8ckmpuqw3k5,23469724932648,
1e3fbb8a2fe0a9961f3bbd651a5c2228b5d63aacf2a9815c091010564a883669,2023-11-27T15:08:41.068000,received,kaspa:qqwvnkp47wsj6n4hkdlgj8dsauyx0xvefunnwvvsmpq2udd0ka8ckmpuqw3k5,23469724932648,
1e3fbb8a2fe0a9961f3bbd651a5c2228b5d63aacf2a9815c091010564a883669,2023-11-27T15:08:41.068000,received,kaspa:qqwvnkp47wsj6n4hkdlgj8dsauyx0xvefunnwvvsmpq2udd0ka8ckmpuqw3k5,23469724932648,
1e3fbb8a2fe0a9961f3bbd651a5c2228b5d63aacf2a9815c091010564a883669,2023-11-27T15:08:41.068000,received,kaspa:qqwvnkp47wsj6n4hkdlgj8dsauyx0xvefunnwvvsmpq2udd0ka8ckmpuqw3k5,23469724932648,
1e3fbb8a2fe0a9961f3bbd651a5c2228b5d63aacf2a9815c091010564a883669,2023-11-27T15:08:41.068000,received,kaspa:qqwvnkp47wsj6n4hkdlgj8dsauyx0xvefunnwvvsmpq2udd0ka8ckmpuqw3k5,23469724932648,
1e3fbb8a2fe0a9961f3bbd651a5c2228b5d63aacf2a9815c091010564a883669,2023-11-27T15:08:41.068000,received,kaspa:qqwvnkp47wsj6n4hkdlgj8dsauyx0xvefunnwvvsmpq2udd0ka8ckmpuqw3k5,23469724932648,
1e3fbb8a2fe0a9961f3bbd651a5c2228b5d63aacf2a9815c091010564a883669,2023-11-27T15:08:41.068000,received,kaspa:qqwvnkp47wsj6n4hkdlgj8dsauyx0xvefunnwvvsmpq2udd0ka8ckmpuqw3k5,23469724932648,
1e3fbb8a2fe0a9961f3bbd651a5c2228b5d63aacf2a9815c091010564a883669,2023-11-27T15:08:41.068000,received,kaspa:qqwvnkp47wsj6n4hkdlgj8dsauyx0xvefunnwvvsmpq2udd0ka8ckmpuqw3k5,23469724932648,
1e3fbb8a2fe0a9961f3bbd651a5c2228b5d63aacf2a9815c091010564a883669,2023-11-27T15:08:41.068000,received,kaspa:qqwvnkp47wsj6n4hkdlgj8dsauyx0xvefunnwvvsmpq2udd0ka8ckmpuqw3k5,23469724932648,
1e3fbb8a2fe0a9961f3bbd651a5c2228b5d63aacf2a9815c091010564a883669,2023-11-27T15:08:41.068000,received,kaspa:qqwvnkp47wsj6n4hkdlgj8dsauyx0xvefunnwvvsmpq2udd0ka8ckmpuqw3k5,23469724932648,
1e3fbb8a2fe0a9961f3bbd651a5c2228b5d63aacf2a9815c091010564a883669,2023-11-27T15:08:41.068000,received,kaspa:qqwvnkp47wsj6n4hkdlgj8dsauyx0xvefunnwvvsmpq2udd0ka8ckmpuqw3k5,23469724932648,
1e3fbb8a2fe0a9961f3bbd651a5c2228b5d63aacf2a9815c091010564a883669,2023-11-27T15:08:41.068000,received,kaspa:qqwvnkp47wsj6n4hkdlgj8dsauyx0xvefunnwvvsmpq2udd0ka8ckmpuqw3k5,23469724932648,
1e3fbb8a2fe0a9961f3bbd651a5c2228b5d63aacf2a9815c091010564a883669,2023-11-27T15:08:41.068000,received,kaspa:qqwvnkp47wsj6n4hkdlgj8dsauyx0xvefunnwvvsmpq2udd0ka8ckmpuqw3k5,23469724932648,
1e3fbb8a2fe0a9961f3bbd651a5c2228b5d63aacf2a9815c091010564a883669,2023-11-27T15:08:41.068000,received,kaspa:qqwvnkp47wsj6n4hkdlgj8dsauyx0xvefunnwvvsmpq2udd0ka8ckmpuqw3k5,23469724932648,
1e3fbb8a2fe0a9961f3bbd651a5c2228b5d63aacf2a9815c091010564a883669,2023-11-27T15:08:41.068000,received,kaspa:qqwvnkp47wsj6n4hkdlgj8dsauyx0xvefunnwvvsmpq2udd0ka8ckmpuqw3k5,23469724932648,
1e3fbb8a2fe0a9961f3bbd651a5c2228b5d63aacf2a9815c091010564a883669,2023-11-27T15:08:41.068000,received,kaspa:qqwvnkp47wsj6n4hkdlgj8dsauyx0xvefunnwvvsmpq2udd0ka8ckmpuqw3k5,23469724932648,
3622a9eb3fecf32382d1e77c4868fdc95e32c73492b675233148b0eae53c011e,2023-11-27T15:05:12.247000,received,kaspa:qr8sr44umvmm09fwlqsxam97mdnjv7fk837s7enku4xg2qqp82wewcft0jftf,10000000000,
00f7aa677197e02ec51b6b97a90c445e93fec33f12271d75671941e1fba6b42f,2023-05-27T00:27:22.467000,sent,kaspa:qpwr0z5mf7s3p8lyrrqgzxykgu8h26hw7vrm5pug326fhngfp4hyy094hgqhg,10000000000000,
00f7aa677197e02ec51b6b97a90c445e93fec33f12271d75671941e1fba6b42f,2023-05-27T00:27:22.467000,sent,kaspa:qz59mkt4jdx5mtjree7zf9xd7xzpyppgkz4m7nk95xk08cpukwuwqts4wd0y7,1088408970996780,
d25060aeab78bc1cf77dab97b2ffefa1f4e1e63b84c17b360b4d43e8782766c3,2022-11-25T18:05:07.218000,received,kaspa:qz7gtc6gkgcj482s6jltww0j4n7664dhvgut5t4pn7333l7mmwah7veg0zxjq,7000000000,
