tx_id,timestamp,direction,peer_address,amount_sompi,cex_label
6352070eaf9e7caaac43672fa2c3a32e1d27605156246bad803a8c62f8307079,2023-12-16T05:12:15.611000,sent,kaspa:qzslgwenzu78t6tldlng383g7ruu4enaljmnkgaulyrscjp7ldt26x8gfxck5,171940000,
6352070eaf9e7caaac43672fa2c3a32e1d27605156246bad803a8c62f8307079,2023-12-16T05:12:15.611000,sent,kaspa:qzslgwenzu78t6tldlng383g7ruu4enaljmnkgaulyrscjp7ldt26x8gfxck5,171940000,
547cd35d3713852ca56cfbe1bce175f01986813470f71c63be347c1abcdd7f80,2023-12-13T04:22:06.488000,received,kaspa:qypswxtcrv4ssyjaswy5w9387vq73mkuyq85tl34cee6qn5uexqy0csgnafnjx7,171000000,
2659053068273587a6dd96389193107fdd1e4a8185b4e3584203581a3e3be529,2023-11-29T19:36:24.586000,sent,kaspa:qypq3pgv2jpgegqa88jnn2kawqzlacr8vv346h8zuspkpyyzk45ng4qxjfww3az,18000000,
d19b240795bfa10ab67ba504bea6db3d8de3aff5d63265bc5573deb68e97cb5e,2023-11-28T21:49:32.672000,received,kaspa:qq9lyhkvtjr628ps724afyqk9n83d0tljqhleedzrmqvmlhldaunut5739sg7,19000000,
