tx_id,timestamp,direction,peer_address,amount_sompi,cex_label
614214e2fa4183a652e987c4a1bc52d28849ce51eae7668ba1f0454d4599f022,2023-12-16T03:45:27.277000,sent,kaspa:qzslgwenzu78t6tldlng383g7ruu4enaljmnkgaulyrscjp7ldt26x8gfxck5,171940000,
614214e2fa4183a652e987c4a1bc52d28849ce51eae7668ba1f0454d4599f022,2023-12-16T03:45:27.277000,sent,kaspa:qzslgwenzu78t6tldlng383g7ruu4enaljmnkgaulyrscjp7ldt26x8gfxck5,171940000,
87cd9cecefe90cbc986b924fc3bc9acbc229e4744d9582e2e04941fc993b5dc2,2023-12-12T03:39:49.845000,received,kaspa:qypswxtcrv4ssyjaswy5w9387vq73mkuyq85tl34cee6qn5uexqy0csgnafnjx7,171000000,
3c3ed8e554db896f45db213f728b7bff0bf3ca324596c813d6d584dce4a14796,2023-11-28T01:28:54.146000,sent,kaspa:qyph9rrcsgaxgsqs0x32m4tv9yqw6vevhtc7j7j4jul8lezju9at5sgrdahhq08,18000000,
3d10bba017d9ece1d74737724d1a29cad192c0b1fdbe922f04110ad9e8919944,2023-11-27T23:38:24.945000,received,kaspa:qrjsf4py4h49sth5efpjmqe0tvde5pj2j35rvkkrpzaqhdsrlrn0zfa0rje7h,19000000,
