tx_id,timestamp,direction,peer_address,amount_sompi,cex_label
dd7ebd6efba0c65d6ffd6dd97e1121d800c41a01a1fb77b15e06065e40bdbdf6,2023-12-12T14:21:25.942000,sent,kaspa:qq4z065ydt5r00x8wmn4rhtez94gafudfh9nedstzqng68q2vp37jyztffxq3,3933000000,
dd7ebd6efba0c65d6ffd6dd97e1121d800c41a01a1fb77b15e06065e40bdbdf6,2023-12-12T14:21:25.942000,sent,kaspa:qz02keddhfzfypchhcwl5mm9mpenwy3pd5srprtpf782dnxalsvwzsj7tthdw,939190,
196dd8e10725e5b95babe326e9cf0e3ca9c89f2c83841b4bcd9accc3530e31f9,2023-12-12T12:32:59.295000,received,kaspa:qypswxtcrv4ssyjaswy5w9387vq73mkuyq85tl34cee6qn5uexqy0csgnafnjx7,171000000,
90cfda812a5cbfa7f0a788610b5eaaf48443ef94577bdc4ba2d3d53d7a6670ca,2023-11-28T17:07:40.830000,sent,kaspa:qyp0tljqa6zr0jt9zmudj02tlk6rlccz9yxk3f9rqpzyf77wydr8eqcwrqu5sef,18000000,
90cfda812a5cbfa7f0a788610b5eaaf48443ef94577bdc4ba2d3d53d7a6670ca,2023-11-28T17:07:40.830000,sent,kaspa:qpjns7y85xtzrefn3rmvuk7jkp0tghdlg5jzp5jryluejxclylgd63kscgpu9,399931360,
adc3fa7ccc8d82434cb4bf9c1bff12343a979b6182683c388ed9097982c1f685,2023-11-28T16:53:18.953000,received,kaspa:qqf34xdgrdgd642f4erlq8m3927meeclsd3m2ck6ugrk5kyhncz82v6svkkrp,418933440,
