tx_id,timestamp,direction,peer_address,amount_sompi,cex_label
04af4278d0a14987d69353c499462db307949c0fc681af04e12a46b89380b767,2023-12-19T08:44:38.685000,sent,kaspa:qrkaxvl2tw6pq6zx9xrr9lqnt9x72upf0hsrp3cvgcmfz77m50ycua35nz200,172940000,
04af4278d0a14987d69353c499462db307949c0fc681af04e12a46b89380b767,2023-12-19T08:44:38.685000,sent,kaspa:qrkaxvl2tw6pq6zx9xrr9lqnt9x72upf0hsrp3cvgcmfz77m50ycua35nz200,172940000,
8acdd678f7222113ad3875145a2c3f6fedf3ef80077f65672b60ef1ee15fad0c,2023-12-12T10:12:17.814000,received,kaspa:qypswxtcrv4ssyjaswy5w9387vq73mkuyq85tl34cee6qn5uexqy0csgnafnjx7,171000000,
3b6a7847659aced31cdf8286e3e44ee2d8f0195e04fbe8b9a466b980ca7c62ae,2023-11-28T14:24:44.507000,sent,kaspa:qypc8rteywdmn9uhsja5jwf827xyxvgzj7djtr0fhaqlke9xx5ncv9gakm5v4fm,18000000,
97fac565207ee90980a7bded54a7a4026e67986412c7a96e38471b3944ba834b,2023-11-28T09:46:18.959000,sent,kaspa:qzgpr9s7lctpxtrevulhqzj3sqj42wzdhujzc2jlcvlc27lm729nq7yavmz5s,20000000,
3a2b7be31a579ec3d9e8337132bfb47fa65abb10abefb2b91e6622d766f5e73a,2023-11-28T09:10:48.242000,sent,kaspa:qp8rtck5lmpqzfzr29ede7rvdrl3yvptq25rscp07guhd2u5uxam22p0g2x25,20000000,
9c557326dc027dd85fd4c675b51c1c1961e9f019ace189f65d04acbdce21caea,2023-11-28T08:32:07.122000,sent,kaspa:qze7je3s846637pnncvrdzxckwa3eghvlvmgjm8wlltmddywgyv4vnay05a2w,20000000,
49eed6f36e7625ea3e58c3ad557e67f657dd4b3e6aa5f01024fd00d7207388d5,2023-11-28T06:10:15.533000,received,kaspa:qr0k3afvysh8jmcpeh87qdqlhf7rezky8vjz6384s87cx0ult7sjs6wlw278u,80000000,
