tx_id,timestamp,direction,peer_address,amount_sompi,cex_label
6b2081f1741ba81f8d8d65699cd462a01b4bf0e5f61b035e302195f7110b2568,2024-11-18T05:40:46.695000,sent,kaspa:qqnqv3rvnctfyrjteurqm0gmqfu7yjg3949yxpyxxfa4rgm9nt2zxauwq8xvs,1290000000000,
6b2081f1741ba81f8d8d65699cd462a01b4bf0e5f61b035e302195f7110b2568,2024-11-18T05:40:46.695000,sent,kaspa:qz8u5wnxjusrq6yu23dnuu5gn5k7pzdlttsf4hzdq3alaq285v6hgcf035hnn,9148317389,
73ca5aec9cc8b39319b763719b2c50b2fbedc3e8282452d4504dc0a0b13d66dd,2024-11-18T05:33:09.455000,received,kaspa:qzykuw3fpnmkmvet0q994sd7qgetczt5jrhjw4jqns5wfa7gyq05c4rteupwc,1760920264,
73ca5aec9cc8b39319b763719b2c50b2fbedc3e8282452d4504dc0a0b13d66dd,2024-11-18T05:33:09.455000,received,kaspa:qqmdrrlznz7cgax9jvefm4g4fwtsnnz8r96574qduyjakmyd5rtgc3a4rx0qr,1760920264,
