tx_id,timestamp,direction,peer_address,amount_sompi,cex_label
749b4ba56cdcb8473b368abc23df89b1d8ed8e37445525cd896c263c86685640,2023-12-27T03:05:28.742000,received,kaspa:qqwvnkp47wsj6n4hkdlgj8dsauyx0xvefunnwvvsmpq2udd0ka8ckmpuqw3k5,423172595,
749b4ba56cdcb8473b368abc23df89b1d8ed8e37445525cd896c263c86685640,2023-12-27T03:05:28.742000,received,kaspa:qqwvnkp47wsj6n4hkdlgj8dsauyx0xvefunnwvvsmpq2udd0ka8ckmpuqw3k5,423172595,
749b4ba56cdcb8473b368abc23df89b1d8ed8e37445525cd896c263c86685640,2023-12-27T03:05:28.742000,received,kaspa:qqwvnkp47wsj6n4hkdlgj8dsauyx0xvefunnwvvsmpq2udd0ka8ckmpuqw3k5,423172595,
749b4ba56cdcb8473b368abc23df89b1d8ed8e37445525cd896c263c86685640,2023-12-27T03:05:28.742000,received,kaspa:qqwvnkp47wsj6n4hkdlgj8dsauyx0xvefunnwvvsmpq2udd0ka8ckmpuqw3k5,423172595,
