tx_id,timestamp,direction,peer_address,amount_sompi,cex_label
3b80e4a2bc5029e33a56f4db9ecd8400720ea7c03ae97e6b5231d826d6e5a632,2023-12-16T05:15:55.944000,sent,kaspa:qzslgwenzu78t6tldlng383g7ruu4enaljmnkgaulyrscjp7ldt26x8gfxck5,171940000,
3b80e4a2bc5029e33a56f4db9ecd8400720ea7c03ae97e6b5231d826d6e5a632,2023-12-16T05:15:55.944000,sent,kaspa:qzslgwenzu78t6tldlng383g7ruu4enaljmnkgaulyrscjp7ldt26x8gfxck5,171940000,
4203cb295401a12281f19f225742dd7836b03415796655d29519045b4ad77496,2023-12-13T04:58:17.722000,received,kaspa:qypswxtcrv4ssyjaswy5w9387vq73mkuyq85tl34cee6qn5uexqy0csgnafnjx7,171000000,
6caeae8cff999c2192a5c288c1acc98b0d4ab21b29bf6bf0c8ce660679cf51ea,2023-11-29T20:11:57.837000,sent,kaspa:qypxqkxh47pu44ae09aljlxrxulgpujarzpnu5jl0h8kvun4fuxwaesxrp4jzyp,18000000,
86ddbec9514ace507822344827d5218657c84be90ed7275f3b39b0ae02ee9ba5,2023-11-28T23:39:44.275000,received,kaspa:qz6xn8qdjqjdkwq7hhrsfdtv53zq2xu8pdwy4jnlw2nkx2gq7hsjk26ukzwpq,19000000,
