tx_id,timestamp,direction,peer_address,amount_sompi,cex_label
f3d61e03d123b0a40ca9e80654fc775efaec36738c7903ca8511827e47f43927,2023-12-16T04:28:01.064000,sent,kaspa:qzslgwenzu78t6tldlng383g7ruu4enaljmnkgaulyrscjp7ldt26x8gfxck5,171940000,
f3d61e03d123b0a40ca9e80654fc775efaec36738c7903ca8511827e47f43927,2023-12-16T04:28:01.064000,sent,kaspa:qzslgwenzu78t6tldlng383g7ruu4enaljmnkgaulyrscjp7ldt26x8gfxck5,171940000,
0166b9023f0f0d661a23f92f19d4cb4a10f82ff195b0664f53360ab501b8790c,2023-12-12T12:20:29.610000,received,kaspa:qypswxtcrv4ssyjaswy5w9387vq73mkuyq85tl34cee6qn5uexqy0csgnafnjx7,171000000,
d9cdbbf2da3caa09acfc0054fe80da39e712f6179221a45683308cf33a1d037c,2023-11-28T16:51:00.508000,sent,kaspa:qypqzv9kehc26mlyadghf8z2uj0rk2saf8q6vcqunsm4eka28z3hd9cnxj6rcu6,18000000,
79f100ac7fe1e8125e215cbb9692a8314bba8ba38c4f861ea03d1f878e4fb0a3,2023-11-28T01:07:41.483000,received,kaspa:qpqx4wpyukq68x0ld6shf0meucep064jufpyyzk5a4gnut8pntjx7d6cw9z8c,19000000,
