tx_id,timestamp,direction,peer_address,amount_sompi,cex_label
fbb55dbbce83da77a83313a026d4964dd93b64fb94700b97095baec21edefe5a,2024-10-01T13:17:31.687000,sent,kaspa:qrf46klp3ud5d7m4cuxcs6uqmf2jq5emt9dxg2736mgyq40rzp0xvjh9alwyt,500000000000,
fbb55dbbce83da77a83313a026d4964dd93b64fb94700b97095baec21edefe5a,2024-10-01T13:17:31.687000,sent,kaspa:qrdf2tn9e98n6gv2lu6trw0urupkflqfl4800chy0vrxaq4h9eyw78sy9sdua,83059296780,
5fc9881ff6cf7bd2b1f42e0d4298699d193ef21ff56071552f13f48f67df3cff,2024-09-19T10:56:38.309000,received,kaspa:qzn6a7kyacx7u3p0mtugtnk9kyty9zl4aa7sxchehwskzkny6f2cgyk5ewtku,157498340000,
5fc9881ff6cf7bd2b1f42e0d4298699d193ef21ff56071552f13f48f67df3cff,2024-09-19T10:56:38.309000,received,kaspa:qz2v3pfrxmgyjtr2w780vhyystk07vwsgjsgw0cj67ghfdcacc47cp63j3v49,157498340000,
5fc9881ff6cf7bd2b1f42e0d4298699d193ef21ff56071552f13f48f67df3cff,2024-09-19T10:56:38.309000,received,kaspa:qz5kpd3fz746ehtdvdae2e5h9d77hg4lsut0y2q0vfxfk0rkgnqkstdccf550,157498340000,
