tx_id,timestamp,direction,peer_address,amount_sompi,cex_label
7980a51c07a1b8c0aed06fa595d3a713ce8e3ba5b28f2c6588886feace7ee65c,2024-06-09T02:50:03.860000,sent,kaspa:qypnr6rlmu63rlg2kyl6mj3zmdtdq800vzz8u74gz8dy3043pfs09kglkd85kd4,7561181000000,
4fc42e14bbcc9473c8383d6f3c412f31399dc9b2ce3b4d69278109d0ae04dee2,2024-06-09T02:48:18.196000,sent,kaspa:qypnr6rlmu63rlg2kyl6mj3zmdtdq800vzz8u74gz8dy3043pfs09kglkd85kd4,100000000,
4fc42e14bbcc9473c8383d6f3c412f31399dc9b2ce3b4d69278109d0ae04dee2,2024-06-09T02:48:18.196000,sent,kaspa:qypnr6rlmu63rlg2kyl6mj3zmdtdq800vzz8u74gz8dy3043pfs09kglkd85kd4,100000000,
4fc42e14bbcc9473c8383d6f3c412f31399dc9b2ce3b4d69278109d0ae04dee2,2024-06-09T02:48:18.196000,sent,kaspa:qypnr6rlmu63rlg2kyl6mj3zmdtdq800vzz8u74gz8dy3043pfs09kglkd85kd4,100000000,
45c583f0f752fa0d58ea1ab7dec25d5238ac6de85b934983f0c0a381d53b2f0e,2024-05-02T20:49:04.717000,received,kaspa:qqetp7ct8kqss99fxmymyz5t3fezppxp0t58wl6pawp27elqd46uudme00cl0,558659000000,
45c583f0f752fa0d58ea1ab7dec25d5238ac6de85b934983f0c0a381d53b2f0e,2024-05-02T20:49:04.717000,received,kaspa:qpzpfwcsqsxhxwup26r55fd0ghqlhyugz8cp6y3wxuddc02vcxtjg75pspnwz,558659000000,MEXC
d6717498f2cec86f08b35366c925c8eb7d86ff6c9448d03aaf0c22329cfd2254,2024-03-05T02:53:22.612000,received,kaspa:qq9zagcza4jt76eev9jl5z0nqhe0thcu7js8larktj4sle7lvgnw7sfcewlty,155256766987,
d6717498f2cec86f08b35366c925c8eb7d86ff6c9448d03aaf0c22329cfd2254,2024-03-05T02:53:22.612000,received,kaspa:qq9zagcza4jt76eev9jl5z0nqhe0thcu7js8larktj4sle7lvgnw7sfcewlty,155256766987,
6fa071a4c7c8a2878ca3b137f1ece56894e4505d6b0b93982f225288f6f5621a,2024-03-05T02:40:26.864000,sent,kaspa:qq9zagcza4jt76eev9jl5z0nqhe0thcu7js8larktj4sle7lvgnw7sfcewlty,2000000000,
6fa071a4c7c8a2878ca3b137f1ece56894e4505d6b0b93982f225288f6f5621a,2024-03-05T02:40:26.864000,sent,kaspa:qq9zagcza4jt76eev9jl5z0nqhe0thcu7js8larktj4sle7lvgnw7sfcewlty,2000000000,
cb4d5266bfe5fe73ec1c68aa6167ed273903c0854647626d735b1f2916a559bd,2024-03-05T02:39:26.601000,received,kaspa:qq9zagcza4jt76eev9jl5z0nqhe0thcu7js8larktj4sle7lvgnw7sfcewlty,591970438,
cb4d5266bfe5fe73ec1c68aa6167ed273903c0854647626d735b1f2916a559bd,2024-03-05T02:39:26.601000,received,kaspa:qq9zagcza4jt76eev9jl5z0nqhe0thcu7js8larktj4sle7lvgnw7sfcewlty,591970438,
cb4d5266bfe5fe73ec1c68aa6167ed273903c0854647626d735b1f2916a559bd,2024-03-05T02:39:26.601000,received,kaspa:qq9zagcza4jt76eev9jl5z0nqhe0thcu7js8larktj4sle7lvgnw7sfcewlty,591970438,
cb4d5266bfe5fe73ec1c68aa6167ed273903c0854647626d735b1f2916a559bd,2024-03-05T02:39:26.601000,received,kaspa:qq9zagcza4jt76eev9jl5z0nqhe0thcu7js8larktj4sle7lvgnw7sfcewlty,591970438,
c8e160ca6db3c3dcc4e24cd5e523eba27612f599227a94e674b77a595ee75663,2024-03-05T02:35:17.119000,sent,kaspa:qq9zagcza4jt76eev9jl5z0nqhe0thcu7js8larktj4sle7lvgnw7sfcewlty,2000000000,
c8e160ca6db3c3dcc4e24cd5e523eba27612f599227a94e674b77a595ee75663,2024-03-05T02:35:17.119000,sent,kaspa:qq9zagcza4jt76eev9jl5z0nqhe0thcu7js8larktj4sle7lvgnw7sfcewlty,2000000000,
c8e160ca6db3c3dcc4e24cd5e523eba27612f599227a94e674b77a595ee75663,2024-03-05T02:35:17.119000,sent,kaspa:qq9zagcza4jt76eev9jl5z0nqhe0thcu7js8larktj4sle7lvgnw7sfcewlty,2000000000,
c8e160ca6db3c3dcc4e24cd5e523eba27612f599227a94e674b77a595ee75663,2024-03-05T02:35:17.119000,sent,kaspa:qq9zagcza4jt76eev9jl5z0nqhe0thcu7js8larktj4sle7lvgnw7sfcewlty,2000000000,
c8e160ca6db3c3dcc4e24cd5e523eba27612f599227a94e674b77a595ee75663,2024-03-05T02:35:17.119000,sent,kaspa:qq9zagcza4jt76eev9jl5z0nqhe0thcu7js8larktj4sle7lvgnw7sfcewlty,2000000000,
9638e780e9c9d416e78164daadcc25e84f15f8c377d480c3b863ef45ed6ff04e,2024-01-16T01:53:03.778000,received,kaspa:qqetp7ct8kqss99fxmymyz5t3fezppxp0t58wl6pawp27elqd46uudme00cl0,1185570000000,
9638e780e9c9d416e78164daadcc25e84f15f8c377d480c3b863ef45ed6ff04e,2024-01-16T01:53:03.778000,received,kaspa:qpzpfwcsqsxhxwup26r55fd0ghqlhyugz8cp6y3wxuddc02vcxtjg75pspnwz,1185570000000,MEXC
08e07a47cd08ad53cad4b9e87d3ae9faf6ca83dca73a6e063e40b01ca7d66633,2023-12-08T14:58:08.512000,received,kaspa:qqetp7ct8kqss99fxmymyz5t3fezppxp0t58wl6pawp27elqd46uudme00cl0,236906000000,
c91aca46c607aebc229f448109e2d8c73b35f533c3353253b50ce55f8d5bdcd2,2023-11-02T15:07:13.006000,received,kaspa:qqetp7ct8kqss99fxmymyz5t3fezppxp0t58wl6pawp27elqd46uudme00cl0,992005000000,
02e02601669fee82f55d2bd28a53ff2958689059464d0d727a31b3a47ff6a65b,2023-11-02T02:51:14.658000,received,kaspa:qqtnd7s32k8nkdeyrymxlrrwu6tvcp90075ldj5t664l8xp6hmljc9uvcxe9s,4435792986780,
02e02601669fee82f55d2bd28a53ff2958689059464d0d727a31b3a47ff6a65b,2023-11-02T02:51:14.658000,received,kaspa:qp2fa7tea8th82dnj6xl7sxv7npta8nmrv5hvs45emfpj5a35tgqgdgsw5v9u,4435792986780,
373fdb4a4a0301237ea12df265cf8f030b57a10c80195a85e9c1349c7434609d,2023-11-02T02:42:55.937000,received,kaspa:qpzxexyxu47fenm22qcexvpckmg5f0jn0rrm2emqvsfj5u94htwgyeufvn8kj,499997931,
