tx_id,timestamp,direction,peer_address,amount_sompi,cex_label
4112e14fdbe31d60ae37b3f3c1b1318199874110fa06ee5df2c2bddba67623dc,2023-12-16T04:24:23.914000,sent,kaspa:qzslgwenzu78t6tldlng383g7ruu4enaljmnkgaulyrscjp7ldt26x8gfxck5,171940000,
4112e14fdbe31d60ae37b3f3c1b1318199874110fa06ee5df2c2bddba67623dc,2023-12-16T04:24:23.914000,sent,kaspa:qzslgwenzu78t6tldlng383g7ruu4enaljmnkgaulyrscjp7ldt26x8gfxck5,171940000,
220abdac52b0dd06530a1ec642cef516f7808360a19394ffa5568ed980e9d04b,2023-12-12T19:14:21.927000,received,kaspa:qypswxtcrv4ssyjaswy5w9387vq73mkuyq85tl34cee6qn5uexqy0csgnafnjx7,171000000,
7972a569f3e6784277f93c7c589ff00541603d65f1a8b23878630084bf190676,2023-11-29T08:38:48.070000,sent,kaspa:qyp89lcntux8v69kwnncmxsy2txuh788tycqlhqyppu7f3knr82tgsgv89eyhrq,18000000,
be8d353481d9b4d57f5d2cf3dbdf883f7be2e553137dfc40e3c4fd4ca29ec8b2,2023-11-29T02:52:30.976000,received,kaspa:qrqxzdquf8znzr6hc0nscqgf377fps4pncal6r8a7wthkmmkz845wgu57tavk,19000000,
