tx_id,timestamp,direction,peer_address,amount_sompi,cex_label
86517f07184d8e242e2d7a665f4304f85c3c6bc4ce3a5a7d24b5a69b4c80267b,2025-02-22T13:25:19.658000,sent,kaspa:qyp5pawf5he9gyf7tltfmvgu7ejczd26h4ecdnd5hu2uzhnfy953nngjvhawjzc,969600000000,
86517f07184d8e242e2d7a665f4304f85c3c6bc4ce3a5a7d24b5a69b4c80267b,2025-02-22T13:25:19.658000,sent,kaspa:qzjuagmexz8le26e0hyaf5wx5qug9r3lsh3cfkrpunkc9sufusqkghyde7nzv,7447303993549,
ef1ce49f1e2638f3b5b134704529100e7d2f5949d32f13d0d302dd76de44cdfe,2023-12-27T22:49:00.234000,received,kaspa:qqwvnkp47wsj6n4hkdlgj8dsauyx0xvefunnwvvsmpq2udd0ka8ckmpuqw3k5,12000000000,
ef1ce49f1e2638f3b5b134704529100e7d2f5949d32f13d0d302dd76de44cdfe,2023-12-27T22:49:00.234000,received,kaspa:qqwvnkp47wsj6n4hkdlgj8dsauyx0xvefunnwvvsmpq2udd0ka8ckmpuqw3k5,12000000000,
ef1ce49f1e2638f3b5b134704529100e7d2f5949d32f13d0d302dd76de44cdfe,2023-12-27T22:49:00.234000,received,kaspa:qqwvnkp47wsj6n4hkdlgj8dsauyx0xvefunnwvvsmpq2udd0ka8ckmpuqw3k5,12000000000,
ef1ce49f1e2638f3b5b134704529100e7d2f5949d32f13d0d302dd76de44cdfe,2023-12-27T22:49:00.234000,received,kaspa:qqwvnkp47wsj6n4hkdlgj8dsauyx0xvefunnwvvsmpq2udd0ka8ckmpuqw3k5,12000000000,
ef1ce49f1e2638f3b5b134704529100e7d2f5949d32f13d0d302dd76de44cdfe,2023-12-27T22:49:00.234000,received,kaspa:qqwvnkp47wsj6n4hkdlgj8dsauyx0xvefunnwvvsmpq2udd0ka8ckmpuqw3k5,12000000000,
ef1ce49f1e2638f3b5b134704529100e7d2f5949d32f13d0d302dd76de44cdfe,2023-12-27T22:49:00.234000,received,kaspa:qqwvnkp47wsj6n4hkdlgj8dsauyx0xvefunnwvvsmpq2udd0ka8ckmpuqw3k5,12000000000,
ef1ce49f1e2638f3b5b134704529100e7d2f5949d32f13d0d302dd76de44cdfe,2023-12-27T22:49:00.234000,received,kaspa:qqwvnkp47wsj6n4hkdlgj8dsauyx0xvefunnwvvsmpq2udd0ka8ckmpuqw3k5,12000000000,
ef1ce49f1e2638f3b5b134704529100e7d2f5949d32f13d0d302dd76de44cdfe,2023-12-27T22:49:00.234000,received,kaspa:qqwvnkp47wsj6n4hkdlgj8dsauyx0xvefunnwvvsmpq2udd0ka8ckmpuqw3k5,12000000000,
ef1ce49f1e2638f3b5b134704529100e7d2f5949d32f13d0d302dd76de44cdfe,2023-12-27T22:49:00.234000,received,kaspa:qqwvnkp47wsj6n4hkdlgj8dsauyx0xvefunnwvvsmpq2udd0ka8ckmpuqw3k5,12000000000,
ef1ce49f1e2638f3b5b134704529100e7d2f5949d32f13d0d302dd76de44cdfe,2023-12-27T22:49:00.234000,received,kaspa:qqwvnkp47wsj6n4hkdlgj8dsauyx0xvefunnwvvsmpq2udd0ka8ckmpuqw3k5,12000000000,
ef1ce49f1e2638f3b5b134704529100e7d2f5949d32f13d0d302dd76de44cdfe,2023-12-27T22:49:00.234000,received,kaspa:qqwvnkp47wsj6n4hkdlgj8dsauyx0xvefunnwvvsmpq2udd0ka8ckmpuqw3k5,12000000000,
ef1ce49f1e2638f3b5b134704529100e7d2f5949d32f13d0d302dd76de44cdfe,2023-12-27T22:49:00.234000,received,kaspa:qqwvnkp47wsj6n4hkdlgj8dsauyx0xvefunnwvvsmpq2udd0ka8ckmpuqw3k5,12000000000,
