tx_id,timestamp,direction,peer_address,amount_sompi,cex_label
717e9887a1ee7d03be2430899da8db87ce28378eea8ac84b126350ea897b715c,2023-12-16T03:56:06.459000,sent,kaspa:qzslgwenzu78t6tldlng383g7ruu4enaljmnkgaulyrscjp7ldt26x8gfxck5,171940000,
717e9887a1ee7d03be2430899da8db87ce28378eea8ac84b126350ea897b715c,2023-12-16T03:56:06.459000,sent,kaspa:qzslgwenzu78t6tldlng383g7ruu4enaljmnkgaulyrscjp7ldt26x8gfxck5,171940000,
0fc362da8800c2d613e050358da3825e830607b7672fb4be92e9e144b9109d08,2023-12-12T01:04:43.300000,received,kaspa:qypswxtcrv4ssyjaswy5w9387vq73mkuyq85tl34cee6qn5uexqy0csgnafnjx7,171000000,
763858bace0908283e0982b060b84457b25c151bc16497a52908e3bb47d2189d,2023-11-27T15:41:58.625000,sent,kaspa:qypdhr8zj7k6t0grqdp042064e7x9skxj8ve65pdvk6kcj4eqs4f9ugxv7sv7su,18000000,
049c039a360965ad3f558d03521832c8a23aa651bc6e1c18033299b19d0d7512,2023-11-27T10:01:57.816000,received,kaspa:qq32dlcm3gqcz6lwwlq8x3a0lyslr4hqat2scen8h7ydd2p2mtvdwh03yrrta,19000000,
