tx_id,timestamp,direction,peer_address,amount_sompi,cex_label
b0ddf45a59bacae774f6cdfa1fe8d80f4596875e8f1cfd8059eb0f73536ed500,2023-12-16T04:21:25.172000,sent,kaspa:qzslgwenzu78t6tldlng383g7ruu4enaljmnkgaulyrscjp7ldt26x8gfxck5,171940000,
b0ddf45a59bacae774f6cdfa1fe8d80f4596875e8f1cfd8059eb0f73536ed500,2023-12-16T04:21:25.172000,sent,kaspa:qzslgwenzu78t6tldlng383g7ruu4enaljmnkgaulyrscjp7ldt26x8gfxck5,171940000,
23f4a3439a084fb87cdaf26e7325fc6400e9a1bd540a59a420203b1fa50d5ffc,2023-12-12T15:14:48.493000,received,kaspa:qypswxtcrv4ssyjaswy5w9387vq73mkuyq85tl34cee6qn5uexqy0csgnafnjx7,171000000,
8b32e19d6027eb5e11563fff7ad91721897f8e0aafa33ceb89dec8eec95de7f8,2023-11-29T01:26:58.805000,sent,kaspa:qypkgj6hfpj08h0nylejj2w5dev23tqvqjn08rjn72wmh9k4fwfu8fgecgwf9w4,18000000,
496aab748fcb83a15a3059791d2042befa4438740c0d860967c835e82de731a6,2023-11-28T19:52:15.484000,received,kaspa:qrl5z097v376x0t7s4u4ul3czqxfsx7nnxhd8c7pwmgv788x4f79xgmcmxqp6,19000000,
