tx_id,timestamp,direction,peer_address,amount_sompi,cex_label
43677a9af3aafa9f7ba621eebb6cb944cbb9c6e0fbe9e77c002a6478f32edf47,2023-06-17T14:30:21.745000,sent,kaspa:qrf46klp3ud5d7m4cuxcs6uqmf2jq5emt9dxg2736mgyq40rzp0xvjh9alwyt,500000000000,
43677a9af3aafa9f7ba621eebb6cb944cbb9c6e0fbe9e77c002a6478f32edf47,2023-06-17T14:30:21.745000,sent,kaspa:qzkxt24rzzn3uqlqxwmwc287dhx2tht4q6calu63myxs7eh923tdz6pr5puz4,101910491,
3ed4bcfd5e4376c92b883dad7017cf574a9706c4fcfa88aa0499bb00e48a215d,2023-05-29T21:05:49.364000,received,kaspa:qz70rfhdlu7jtv492pc6cvfdarsshzxu3v34tzvpahav9cd2r0ta67dxhz7g2,5180924711,
3ed4bcfd5e4376c92b883dad7017cf574a9706c4fcfa88aa0499bb00e48a215d,2023-05-29T21:05:49.364000,received,kaspa:qrgndf6gr79l3dczafcxgmndd2rasshjuz0spczl7rxlu23y5hh02m578elfp,5180924711,
3ed4bcfd5e4376c92b883dad7017cf574a9706c4fcfa88aa0499bb00e48a215d,2023-05-29T21:05:49.364000,received,kaspa:qrgndf6gr79l3dczafcxgmndd2rasshjuz0spczl7rxlu23y5hh02m578elfp,5180924711,
