tx_id,timestamp,direction,peer_address,amount_sompi,cex_label
d8bbfccb74c2501143cff95bb2fcc9d98aec5f286dccc1c0ce2d385e26503730,2023-12-16T04:49:20.052000,sent,kaspa:qzslgwenzu78t6tldlng383g7ruu4enaljmnkgaulyrscjp7ldt26x8gfxck5,171940000,
d8bbfccb74c2501143cff95bb2fcc9d98aec5f286dccc1c0ce2d385e26503730,2023-12-16T04:49:20.052000,sent,kaspa:qzslgwenzu78t6tldlng383g7ruu4enaljmnkgaulyrscjp7ldt26x8gfxck5,171940000,
4efc13646d9c58667c7bbc7eb3be5e8561a239bc4627e7f3cbb358f80a6f4520,2023-12-12T19:10:52.380000,received,kaspa:qypswxtcrv4ssyjaswy5w9387vq73mkuyq85tl34cee6qn5uexqy0csgnafnjx7,171000000,
e015ca209b97eccd99edab3540f673845d342372bcdeb2f521a9cc845d4e9f19,2023-11-29T08:33:51.643000,sent,kaspa:qypsq8cdgpvxq7xmrflrqnvhsqw4zlm8hwhc3pherk70fj7xfh9vj2sunflxpwl,18000000,
9bbb3e07fbe6b8f18423398a886c830381e60f809466b10dec28273fd817a09c,2023-11-28T21:41:15.523000,received,kaspa:qzc6tgr7ct50lg548lvcu88t7ee7zgmt6pc5ska3l5ltjn7uyufdjx2h45tfz,19000000,
