tx_id,timestamp,direction,peer_address,amount_sompi,cex_label
3d73050a1a65a7f822e912fd757ece67b2d779b7397a78dee3666a318fc5dce6,2023-12-16T04:21:21.196000,sent,kaspa:qzslgwenzu78t6tldlng383g7ruu4enaljmnkgaulyrscjp7ldt26x8gfxck5,171940000,
3d73050a1a65a7f822e912fd757ece67b2d779b7397a78dee3666a318fc5dce6,2023-12-16T04:21:21.196000,sent,kaspa:qzslgwenzu78t6tldlng383g7ruu4enaljmnkgaulyrscjp7ldt26x8gfxck5,171940000,
ddbeb016ffb256fed571efdab80c74e0dd9d1e711b0b70afa7bbaefb1cb16a6f,2023-12-12T15:12:22.374000,received,kaspa:qypswxtcrv4ssyjaswy5w9387vq73mkuyq85tl34cee6qn5uexqy0csgnafnjx7,171000000,
dc12cf78aeb7b5169a1e5d85ad92dc4e3d65a0a9633fdcec466977c6cd5d2826,2023-11-29T01:24:29.539000,sent,kaspa:qypv5wqy87a7k7546jj6xntgt9pv84rj7pg8gep54kuwlyx2qlygqvcg4x9tnxq,18000000,
2e93fd2baf355e7060a9161146c64397b8983a169f230fe6293d2306e40f3eac,2023-11-28T19:44:02.330000,received,kaspa:qrl5z097v376x0t7s4u4ul3czqxfsx7nnxhd8c7pwmgv788x4f79xgmcmxqp6,19000000,
