tx_id,timestamp,direction,peer_address,amount_sompi,cex_label
74472df1114ce307cfb06466ac3872ea8e24dc098b2252aeb9a78b8233e9f890,2023-12-16T05:09:23.273000,sent,kaspa:qzslgwenzu78t6tldlng383g7ruu4enaljmnkgaulyrscjp7ldt26x8gfxck5,171940000,
74472df1114ce307cfb06466ac3872ea8e24dc098b2252aeb9a78b8233e9f890,2023-12-16T05:09:23.273000,sent,kaspa:qzslgwenzu78t6tldlng383g7ruu4enaljmnkgaulyrscjp7ldt26x8gfxck5,171940000,
8fc1a5b5f7acc28114a1f1167e51afe67d449f2d3bb426ec68d87ebd710d3933,2023-12-13T05:29:42.668000,received,kaspa:qypswxtcrv4ssyjaswy5w9387vq73mkuyq85tl34cee6qn5uexqy0csgnafnjx7,171000000,
f91e09d7bc0fc48de7b3c92fadb00a6467acff738c20eda9b2535b34553742a0,2023-11-29T21:27:32.228000,sent,kaspa:qyp3h6dze9364sp7xy30uk8g5cnyrs5uyueulnq6knm2yqrtgprra2qxxussl6d,18000000,
40c64eaf1da49609af454a951032a86d705e79ad7e9c87b105df699e802daa13,2023-11-29T13:41:57.311000,received,kaspa:qpmp7s9we4nmtuq7fahr68pkxddehqer4r278q8wwtrgp4p5cqqj7e08uvv05,19000000,
