tx_id,timestamp,direction,peer_address,amount_sompi,cex_label
bc4b9829a7a9a73cc1d6df7e4807b847e9d283d796268698f727990888bc6ca1,2023-12-16T04:23:14.931000,sent,kaspa:qzslgwenzu78t6tldlng383g7ruu4enaljmnkgaulyrscjp7ldt26x8gfxck5,171940000,
bc4b9829a7a9a73cc1d6df7e4807b847e9d283d796268698f727990888bc6ca1,2023-12-16T04:23:14.931000,sent,kaspa:qzslgwenzu78t6tldlng383g7ruu4enaljmnkgaulyrscjp7ldt26x8gfxck5,171940000,
77aed8f06123d53b2bf1709b37b874fdadc08524c3982efeed1c0bdfc2f0d28c,2023-12-12T17:44:44.935000,received,kaspa:qypswxtcrv4ssyjaswy5w9387vq73mkuyq85tl34cee6qn5uexqy0csgnafnjx7,171000000,
65a18309938fae60749514ccaaa5c70d67711b9af19b05a672f83c8bc90615cd,2023-11-29T06:12:28.160000,sent,kaspa:qyppwpmthkteywhuvkp7klk2g765278hwykpfxzn0t0kjnglj3w9pqc83wefmg6,18000000,
a82b1db7f26057b6d36a59926a8599816f17804db586fa178af7de2391e16dfe,2023-11-29T02:07:56.189000,received,kaspa:qznsqyf0c6lpntrap2url6fu7vjep5qcq6q47lg25zhv5d3dpkv5wjejk2su4,19000000,
