tx_id,timestamp,direction,peer_address,amount_sompi,cex_label
9bf1a01d06d74aaf3459ac8217a1ae2a778cad879d06ce69975b9db7c58c3dc3,2023-12-16T04:20:14.636000,sent,kaspa:qzslgwenzu78t6tldlng383g7ruu4enaljmnkgaulyrscjp7ldt26x8gfxck5,171940000,
9bf1a01d06d74aaf3459ac8217a1ae2a778cad879d06ce69975b9db7c58c3dc3,2023-12-16T04:20:14.636000,sent,kaspa:qzslgwenzu78t6tldlng383g7ruu4enaljmnkgaulyrscjp7ldt26x8gfxck5,171940000,
1c4229ab0520370f4f679f10078aa6f35b8726006586836bba1cf323a3f26edb,2023-12-12T22:04:25.964000,received,kaspa:qypswxtcrv4ssyjaswy5w9387vq73mkuyq85tl34cee6qn5uexqy0csgnafnjx7,171000000,
53729343189a874da3537fb54e8556a23b17df3dc329db751f897806975b7884,2023-11-29T13:38:08.139000,sent,kaspa:qypa6xk7adxedmw9mgaj0aymtrvwwak7p25kgap2306mv0t8kxhu4wgxnzutg6w,18000000,
391470205bb052d26e49bd699de36e7462194ac4a16c75788d233610697a81b9,2023-11-29T10:18:02.727000,received,kaspa:qqu3y9zclllm6ldy3fkthve4f96p2xez7c28fya96vp3kh34ulnvy8fldmvve,19000000,
