tx_id,timestamp,direction,peer_address,amount_sompi,cex_label
36741c017fc2f8ed68e8e5bbaca8e9afcd70c7f7d414895d91381df52eb173e2,2024-05-18T07:10:20.940000,sent,kaspa:qpfpqq6gkmkha8vnmlc5zgr38em7ydy9x744xtwlsts8n3mwjcz8s0awyhk39,77100000000,
f82d0f1c38045989f16d8f44b15d5b980a0adf2c11fefe01f7aad8db4715751d,2024-04-26T08:44:58.138000,received,kaspa:qq9zagcza4jt76eev9jl5z0nqhe0thcu7js8larktj4sle7lvgnw7sfcewlty,77242977585,
f82d0f1c38045989f16d8f44b15d5b980a0adf2c11fefe01f7aad8db4715751d,2024-04-26T08:44:58.138000,received,kaspa:qq9zagcza4jt76eev9jl5z0nqhe0thcu7js8larktj4sle7lvgnw7sfcewlty,77242977585,
f82d0f1c38045989f16d8f44b15d5b980a0adf2c11fefe01f7aad8db4715751d,2024-04-26T08:44:58.138000,received,kaspa:qq9zagcza4jt76eev9jl5z0nqhe0thcu7js8larktj4sle7lvgnw7sfcewlty,77242977585,
f82d0f1c38045989f16d8f44b15d5b980a0adf2c11fefe01f7aad8db4715751d,2024-04-26T08:44:58.138000,received,kaspa:qq9zagcza4jt76eev9jl5z0nqhe0thcu7js8larktj4sle7lvgnw7sfcewlty,77242977585,
f82d0f1c38045989f16d8f44b15d5b980a0adf2c11fefe01f7aad8db4715751d,2024-04-26T08:44:58.138000,received,kaspa:qq9zagcza4jt76eev9jl5z0nqhe0thcu7js8larktj4sle7lvgnw7sfcewlty,77242977585,
f82d0f1c38045989f16d8f44b15d5b980a0adf2c11fefe01f7aad8db4715751d,2024-04-26T08:44:58.138000,received,kaspa:qq9zagcza4jt76eev9jl5z0nqhe0thcu7js8larktj4sle7lvgnw7sfcewlty,77242977585,
f82d0f1c38045989f16d8f44b15d5b980a0adf2c11fefe01f7aad8db4715751d,2024-04-26T08:44:58.138000,received,kaspa:qq9zagcza4jt76eev9jl5z0nqhe0thcu7js8larktj4sle7lvgnw7sfcewlty,77242977585,
f82d0f1c38045989f16d8f44b15d5b980a0adf2c11fefe01f7aad8db4715751d,2024-04-26T08:44:58.138000,received,kaspa:qq9zagcza4jt76eev9jl5z0nqhe0thcu7js8larktj4sle7lvgnw7sfcewlty,77242977585,
f82d0f1c38045989f16d8f44b15d5b980a0adf2c11fefe01f7aad8db4715751d,2024-04-26T08:44:58.138000,received,kaspa:qq9zagcza4jt76eev9jl5z0nqhe0thcu7js8larktj4sle7lvgnw7sfcewlty,77242977585,
f82d0f1c38045989f16d8f44b15d5b980a0adf2c11fefe01f7aad8db4715751d,2024-04-26T08:44:58.138000,received,kaspa:qq9zagcza4jt76eev9jl5z0nqhe0thcu7js8larktj4sle7lvgnw7sfcewlty,77242977585,
f82d0f1c38045989f16d8f44b15d5b980a0adf2c11fefe01f7aad8db4715751d,2024-04-26T08:44:58.138000,received,kaspa:qq9zagcza4jt76eev9jl5z0nqhe0thcu7js8larktj4sle7lvgnw7sfcewlty,77242977585,
f82d0f1c38045989f16d8f44b15d5b980a0adf2c11fefe01f7aad8db4715751d,2024-04-26T08:44:58.138000,received,kaspa:qq9zagcza4jt76eev9jl5z0nqhe0thcu7js8larktj4sle7lvgnw7sfcewlty,77242977585,
f82d0f1c38045989f16d8f44b15d5b980a0adf2c11fefe01f7aad8db4715751d,2024-04-26T08:44:58.138000,received,kaspa:qq9zagcza4jt76eev9jl5z0nqhe0thcu7js8larktj4sle7lvgnw7sfcewlty,77242977585,
f82d0f1c38045989f16d8f44b15d5b980a0adf2c11fefe01f7aad8db4715751d,2024-04-26T08:44:58.138000,received,kaspa:qq9zagcza4jt76eev9jl5z0nqhe0thcu7js8larktj4sle7lvgnw7sfcewlty,77242977585,
b8117633b7dcce48c8f8bc8a26c2891f2238d2e6edddfcfeed6134f54e87a0ee,2024-01-01T04:28:37.243000,sent,kaspa:qpfpqq6gkmkha8vnmlc5zgr38em7ydy9x744xtwlsts8n3mwjcz8s0awyhk39,198099200000,
5ae577f9c4f2efabbcbd79214988b6c6e96b3b7b8a4f5c3360850d715fb3f128,2023-12-17T05:40:47.538000,sent,kaspa:qz7pxyarqgykrcrrsxlecet36mcgus728j07qf9vr7n9d23jaqs6zx9v0xcqu,2000000000,
8a039f17815172bb9bec393d0368d041be283da0ba19f9e2403b530a7db66c23,2023-12-17T05:37:17.436000,sent,kaspa:qz7pxyarqgykrcrrsxlecet36mcgus728j07qf9vr7n9d23jaqs6zx9v0xcqu,100000000000,
cc8aa40158fc83021f783c470fe2be4f9c46d62c297164bf6aa611592244b705,2023-11-19T04:23:06.012000,sent,kaspa:qrstlme53s894ldsty3luwyrrg2z4waela5d5jwmfk22epm80dh7kk0llj7aq,50000000000,
41a933fe39dc7835f1abbb7e6ad1984c688cbe9fbdb1f4906e3d6ddaf471486d,2023-11-18T10:50:02.163000,sent,kaspa:qqwvnkp47wsj6n4hkdlgj8dsauyx0xvefunnwvvsmpq2udd0ka8ckmpuqw3k5,50000000000,
a1e3480c35ce26a4abb4b923038c5d7144082145e2b70db47829aca5ff8aabc2,2023-11-12T20:46:00.201000,sent,kaspa:qqwvnkp47wsj6n4hkdlgj8dsauyx0xvefunnwvvsmpq2udd0ka8ckmpuqw3k5,90000000000,
63af30f78ec7a6db4c7650683abb81e68b1c8d0ae94286d6bec648fda0b0bc62,2023-11-12T20:10:49.597000,sent,kaspa:qqwvnkp47wsj6n4hkdlgj8dsauyx0xvefunnwvvsmpq2udd0ka8ckmpuqw3k5,9900000000,
b519c549d5cdd6beeb574e4ee48b864f902e5a2c5a8eaba0908b2471eef23581,2023-11-07T13:29:47.722000,sent,kaspa:qqwvnkp47wsj6n4hkdlgj8dsauyx0xvefunnwvvsmpq2udd0ka8ckmpuqw3k5,500000000000,
b519c549d5cdd6beeb574e4ee48b864f902e5a2c5a8eaba0908b2471eef23581,2023-11-07T13:29:47.722000,sent,kaspa:qqwvnkp47wsj6n4hkdlgj8dsauyx0xvefunnwvvsmpq2udd0ka8ckmpuqw3k5,500000000000,
b519c549d5cdd6beeb574e4ee48b864f902e5a2c5a8eaba0908b2471eef23581,2023-11-07T13:29:47.722000,sent,kaspa:qqwvnkp47wsj6n4hkdlgj8dsauyx0xvefunnwvvsmpq2udd0ka8ckmpuqw3k5,500000000000,
f448c0a2dcac5e57f543006e76ba421872af1d8c095434bd79d01ac699d67bbf,2023-11-07T13:22:20.726000,received,kaspa:qpxzaf54vzd4em7edrtyw4wet44ka9629lgaw9d5gwxq27gqne2nc6k553qx9,490000000000,
f448c0a2dcac5e57f543006e76ba421872af1d8c095434bd79d01ac699d67bbf,2023-11-07T13:22:20.726000,received,kaspa:qpxzaf54vzd4em7edrtyw4wet44ka9629lgaw9d5gwxq27gqne2nc6k553qx9,490000000000,
aaeb9cc82085f37e281f4957ea4c320340accee9cee1d86cedbd5605f09d7010,2023-11-07T13:19:21.311000,received,kaspa:qpxzaf54vzd4em7edrtyw4wet44ka9629lgaw9d5gwxq27gqne2nc6k553qx9,500000000000,
aaeb9cc82085f37e281f4957ea4c320340accee9cee1d86cedbd5605f09d7010,2023-11-07T13:19:21.311000,received,kaspa:qpxzaf54vzd4em7edrtyw4wet44ka9629lgaw9d5gwxq27gqne2nc6k553qx9,500000000000,
70e1377ebb9e8f5dfdc3c1a89c339109b5b492c8b44e911c124d53d9c73458e7,2023-11-07T13:17:12.299000,received,kaspa:qpxzaf54vzd4em7edrtyw4wet44ka9629lgaw9d5gwxq27gqne2nc6k553qx9,10000000000,
c912860a9e62d297956e78e9cf37a7a8ed5935321f3d4c25e3b5ee448fc6245e,2023-11-07T09:36:07.039000,sent,kaspa:qqwvnkp47wsj6n4hkdlgj8dsauyx0xvefunnwvvsmpq2udd0ka8ckmpuqw3k5,43399880000,
c912860a9e62d297956e78e9cf37a7a8ed5935321f3d4c25e3b5ee448fc6245e,2023-11-07T09:36:07.039000,sent,kaspa:qqwvnkp47wsj6n4hkdlgj8dsauyx0xvefunnwvvsmpq2udd0ka8ckmpuqw3k5,43399880000,
f6ab66366a06a830d895cd5f2b0122cd2d5262954f466f2212009a9a8c878d19,2023-11-07T09:33:48.099000,received,kaspa:qzk0r8a52wee4gz2q0g4qcnt20gm0fzlaaws4zfzmdxkssyv262vu8gw86u7w,40099980000,
8ffc0e2700f8d3532fc01faf025c670252668bf79da9e1b197810f1bedc60520,2023-11-07T09:31:50.475000,received,kaspa:qqzpz78fw5enu2n04y9dehpm62r5zh67hgxahnlyju2343jsxla6sevvxj7v6,3300000000,
