tx_id,timestamp,direction,peer_address,amount_sompi,cex_label
25ea9ee1fdd45955eb695c407b5b366014471a2f69dad5e57d11e63de1879e2e,2024-06-08T22:16:36.200000,sent,kaspa:qree82dye7nc274t9rtzyp49a93tnr4skdjeg3ntn6wljhlp6y96q6g62k0kl,100000000000,
25ea9ee1fdd45955eb695c407b5b366014471a2f69dad5e57d11e63de1879e2e,2024-06-08T22:16:36.200000,sent,kaspa:qr6ghnuj0p3zjk4nk4g8r8vuahshxe08q4gw40lz7rkd65yxnkzv2hjxm9g7z,176080000,
ec0edb574f582fa878061e1aa3f2ebca2aa624e50d8da5f5ece88de6c05b3491,2024-06-08T13:49:19.852000,received,kaspa:qpkp8l2uk5f30shuyr9fm6uv2wjq0rgf7ddqtl98973k7kkmp840cllsgjngc,10176100000,
ec0edb574f582fa878061e1aa3f2ebca2aa624e50d8da5f5ece88de6c05b3491,2024-06-08T13:49:19.852000,received,kaspa:qz8sxjvw09rx8v8r7x63m4fwcz8pncawk34wjntgna5eu3pvh3pg5yf9wmuv5,10176100000,
ec0edb574f582fa878061e1aa3f2ebca2aa624e50d8da5f5ece88de6c05b3491,2024-06-08T13:49:19.852000,received,kaspa:qzwuy6ga9dfd9002z8vyq7pqy6mz3g8p3k9jaacrv4u587h033jlzthzrgxxj,10176100000,
ec0edb574f582fa878061e1aa3f2ebca2aa624e50d8da5f5ece88de6c05b3491,2024-06-08T13:49:19.852000,received,kaspa:qzwuy6ga9dfd9002z8vyq7pqy6mz3g8p3k9jaacrv4u587h033jlzthzrgxxj,10176100000,
