tx_id,timestamp,direction,peer_address,amount_sompi,cex_label
a818208ff4f8b421d4a13aefbcd7b95804530f013c76c3a72fc0847ddfdfaa31,2024-02-17T19:20:30.801000,sent,kaspa:qqyrl8sham25c7pvdxlzw5ev4lrfm80k8deymkwrz4kta0w5mma0g67pnq3f2,172980000,
a818208ff4f8b421d4a13aefbcd7b95804530f013c76c3a72fc0847ddfdfaa31,2024-02-17T19:20:30.801000,sent,kaspa:qqyrl8sham25c7pvdxlzw5ev4lrfm80k8deymkwrz4kta0w5mma0g67pnq3f2,172980000,
383b10f04582804adec88433d21bc98beb4e5ebd243d5ce2b68c5a9ac41a6c16,2023-12-12T12:48:58.368000,received,kaspa:qypswxtcrv4ssyjaswy5w9387vq73mkuyq85tl34cee6qn5uexqy0csgnafnjx7,171000000,
e831c9dafda04a165083aa44c9e54ccdd947f17d14c002b64dd8b579013d78e2,2023-11-28T17:24:54.791000,sent,kaspa:qypnxpjer8lmhspqqhegwx7pptc5u4pssaq0v0qlcp868fszdm9v2ugzq9hrs6u,18000000,
9bf2a0b68cc29bd5760efa2d542c2e77477cc85cfde96b5fb478de0d7fbd2029,2023-11-27T23:18:37.820000,received,kaspa:qyp2y2afskgrk04gsaktpgcwqs50g3ucp9k6yw3gzq383zlggeqm7dgpuu0kdj9,20000000,
