tx_id,timestamp,direction,peer_address,amount_sompi,cex_label
1d5b6b2a21ce94713a3a61f01d61b1126a5e3ce6928ddfa38a349976915408cc,2023-12-16T04:12:21.038000,sent,kaspa:qzslgwenzu78t6tldlng383g7ruu4enaljmnkgaulyrscjp7ldt26x8gfxck5,171940000,
1d5b6b2a21ce94713a3a61f01d61b1126a5e3ce6928ddfa38a349976915408cc,2023-12-16T04:12:21.038000,sent,kaspa:qzslgwenzu78t6tldlng383g7ruu4enaljmnkgaulyrscjp7ldt26x8gfxck5,171940000,
5d2a2cb5c8f3b11d5c85a66becd1fbf77eba34a458c8cf473d7bf3bd3b0bc397,2023-12-12T08:47:15.343000,received,kaspa:qypswxtcrv4ssyjaswy5w9387vq73mkuyq85tl34cee6qn5uexqy0csgnafnjx7,171000000,
c27346ed7470fff957837436d66f2f2c2138a5ef19bddaa556945f3e1391af44,2023-11-28T11:37:45.233000,sent,kaspa:qypu32g2nyut8qvwh3f0vw0aew8lyhsyr08qgdqc9duwuhpcknffpvsfg7r6256,18000000,
df1a8ea0b76e1f17ffe5e5e21c157002750467cfd2c0eb21c795f561d973aedc,2023-11-27T11:36:46.871000,received,kaspa:qrg0s4g54nvrlksdexy7x0g6mkk5s5wytsupccqsd6u6mugqm73j7uxzx4fgj,19000000,
