tx_id,timestamp,direction,peer_address,amount_sompi,cex_label
971ad190d7992615026d572874aa6a1897ba8e037aa4d5ae8c6c148a84e7b63e,2023-12-19T05:09:20.503000,sent,kaspa:qrkaxvl2tw6pq6zx9xrr9lqnt9x72upf0hsrp3cvgcmfz77m50ycua35nz200,172970000,
971ad190d7992615026d572874aa6a1897ba8e037aa4d5ae8c6c148a84e7b63e,2023-12-19T05:09:20.503000,sent,kaspa:qrkaxvl2tw6pq6zx9xrr9lqnt9x72upf0hsrp3cvgcmfz77m50ycua35nz200,172970000,
c3c2fb16c6aff66e643feea3ab05da6482d83f7e7cae594e3fb0b876afcc0d95,2023-12-12T19:01:11.791000,received,kaspa:qypswxtcrv4ssyjaswy5w9387vq73mkuyq85tl34cee6qn5uexqy0csgnafnjx7,171000000,
c59be6d411c0d443c44b70e28390d4b472d5d0487ca62a0d39758217ae9490fe,2023-11-29T08:18:40.314000,sent,kaspa:qypv3kd4ja4kqt4vvp2e2zsr265769las6f2ez4txpuufce96rvggvs6lt99fqv,18000000,
636250ddcb7c5613148dfd7d083ad05a144ebdf0445bd9f2b7292ef5b3886b72,2023-11-28T09:23:35.010000,received,kaspa:qztwy5veafu0lcunfg2ax5ssfvuzvf7qawt7q3uh2m3n504jl25t7zuaw7twv,20000000,
