tx_id,timestamp,direction,peer_address,amount_sompi,cex_label
d5e098044d968cc541444a936a4a5792a45a20cf62e8de7779a44d86350c3d59,2023-12-13T08:42:41.446000,sent,kaspa:qqh06puhtgsu5utuakvv88ewhppn4dtp0k4a2df0xxga6ytg5p7vzcs0tuml5,14363160000,
511dd55ec66fd2bca5c8403a2d0390fdbf5141bc80cfa9f427ed738e072ec0ee,2023-12-13T01:03:47.955000,received,kaspa:qypswxtcrv4ssyjaswy5w9387vq73mkuyq85tl34cee6qn5uexqy0csgnafnjx7,171000000,
094e6315ed71e893a5ef8b83f830f0d46a2e5eede8bb04084b290e0f4b52ed1e,2023-11-29T16:56:18.447000,sent,kaspa:qypplr6w2dgf87stm6dsfr22apm560ln4aa0gj86q2tt4jnjqgslj4qq2r3j8hq,18000000,
094e6315ed71e893a5ef8b83f830f0d46a2e5eede8bb04084b290e0f4b52ed1e,2023-11-29T16:56:18.447000,sent,kaspa:qpvuz3dxd2fs860t3r7kj85d3k65tge3zh7dm9p9fxmrdeu2k7x9z0fsmx7mn,1310140000,
ee0711e229af2e22f4931e40ff2bd6f936ae8be1677cff1951a2661c77d2b007,2023-11-29T16:41:48.116000,received,kaspa:qpzunc0rxd6370quxtuk2fdhpjrt5yhjpl8z9g8wa3da6p40qlzf7y89shdqq,1328150000,
