tx_id,timestamp,direction,peer_address,amount_sompi,cex_label
69b0a368f2ee546e09bb709ab4fd0ecebed39079af9b573c59061fe2ec3155f9,2023-11-12T19:28:02.968000,sent,kaspa:qp9e4tjh30pxck5ctm2x3fe8p84rrdqwd3kyqp7fsgy2jthpcxkp7wnw2yyxk,100000000,
69b0a368f2ee546e09bb709ab4fd0ecebed39079af9b573c59061fe2ec3155f9,2023-11-12T19:28:02.968000,sent,kaspa:qp0nq26d78j52z5yghesf2eu5flh8pessl5uk5w37aj06q7v7mh8755u30u9q,99990000,
8ab80c2b1aa7f6c8e50c67720b1e3684b30f9a6acc75abbba1e9f4ea6a000afb,2023-11-12T10:37:39.029000,received,kaspa:qqwvnkp47wsj6n4hkdlgj8dsauyx0xvefunnwvvsmpq2udd0ka8ckmpuqw3k5,200000000,
8ab80c2b1aa7f6c8e50c67720b1e3684b30f9a6acc75abbba1e9f4ea6a000afb,2023-11-12T10:37:39.029000,received,kaspa:qqwvnkp47wsj6n4hkdlgj8dsauyx0xvefunnwvvsmpq2udd0ka8ckmpuqw3k5,200000000,
