tx_id,timestamp,direction,peer_address,amount_sompi,cex_label
170ae5a29d2f2ac9fda9dc8ce77f545c2d4f067e24ff1e2474c91a89fbc118d2,2024-02-17T12:45:52.328000,sent,kaspa:qqd463qjk795l7x06el7qjdh4hjtprah8mtnxx8exg8wz43fla4djkghheu25,172980000,
170ae5a29d2f2ac9fda9dc8ce77f545c2d4f067e24ff1e2474c91a89fbc118d2,2024-02-17T12:45:52.328000,sent,kaspa:qqd463qjk795l7x06el7qjdh4hjtprah8mtnxx8exg8wz43fla4djkghheu25,172980000,
66b15858a8996e231dd2265d06ca852cfc3d82efaae39c0ed4b54687684c77ee,2023-12-12T17:26:57.464000,received,kaspa:qypswxtcrv4ssyjaswy5w9387vq73mkuyq85tl34cee6qn5uexqy0csgnafnjx7,171000000,
507a1b1a232530375ba8641a3c8b0039b3ff7247ca4dc24af82e04eb5006b61b,2023-11-29T05:47:11.982000,sent,kaspa:qypy8sx0u9qzh0n8ue4h2fh6quhsuhr76wwx2k3tju494n5mehsve0q8ryrdgfk,18000000,
82ebea9b6faf1a91bfad86f3b1e36b7eaa5e815d0799ee326165c3497540b553,2023-11-27T22:19:46.449000,received,kaspa:qypamkqlgmq5vuvdg4q6wghkecpvfd5y7yfmmgy4xz09hfgrajla6tg5xqdffl8,20000000,
