tx_id,timestamp,direction,peer_address,amount_sompi,cex_label
3f5b634b112a047a62b210ed65a981c484286ef2d8aa378f26e5841f579d6336,2024-04-01T12:23:19.500000,sent,kaspa:qq9zagcza4jt76eev9jl5z0nqhe0thcu7js8larktj4sle7lvgnw7sfcewlty,1700000000,
3f5b634b112a047a62b210ed65a981c484286ef2d8aa378f26e5841f579d6336,2024-04-01T12:23:19.500000,sent,kaspa:qq9zagcza4jt76eev9jl5z0nqhe0thcu7js8larktj4sle7lvgnw7sfcewlty,1700000000,
b9ff915019899b2ad83315994c2a1833ab421860de1990d4617ac680b7f25e21,2024-03-03T18:32:05.065000,received,kaspa:qpq94ntnvy8p9q6wrdwtn37xtspgashrydc0kuu8ctpyxulmh0wlxh2807zdh,1000000000,
ce1d60bcbfa8ad35c29a22ea4f5f7359d3dac43cc2670cc46e30c3d9c6fbc229,2024-03-03T18:18:22.756000,received,kaspa:qq3k4du6wf2g26j7ds6fqmgtgavgm3zy676wntp2e52nsuns2n4s6xkndmx0y,1000000000,
