tx_id,timestamp,direction,peer_address,amount_sompi,cex_label
c892621c54e861fbfa4863ff5bfb4abf56a664f2a6ef1085d6d93cd148bd4454,2023-12-25T10:39:47.437000,received,kaspa:qqetp7ct8kqss99fxmymyz5t3fezppxp0t58wl6pawp27elqd46uudme00cl0,35516000000,
c892621c54e861fbfa4863ff5bfb4abf56a664f2a6ef1085d6d93cd148bd4454,2023-12-25T10:39:47.437000,received,kaspa:qqetp7ct8kqss99fxmymyz5t3fezppxp0t58wl6pawp27elqd46uudme00cl0,35516000000,
685c3c6a19e325d353123a5d8ecad68bc150f037e8c0c84960b171968c3ce810,2023-12-24T22:46:35.235000,received,kaspa:qqwvnkp47wsj6n4hkdlgj8dsauyx0xvefunnwvvsmpq2udd0ka8ckmpuqw3k5,200000000,
55487c7b514fd2e2c4f0734fbcf57eed34bd44cfe4a1fe1009708fc171409757,2023-12-24T22:43:50.562000,received,kaspa:qqwvnkp47wsj6n4hkdlgj8dsauyx0xvefunnwvvsmpq2udd0ka8ckmpuqw3k5,200000000,
55487c7b514fd2e2c4f0734fbcf57eed34bd44cfe4a1fe1009708fc171409757,2023-12-24T22:43:50.562000,received,kaspa:qqwvnkp47wsj6n4hkdlgj8dsauyx0xvefunnwvvsmpq2udd0ka8ckmpuqw3k5,200000000,
55487c7b514fd2e2c4f0734fbcf57eed34bd44cfe4a1fe1009708fc171409757,2023-12-24T22:43:50.562000,received,kaspa:qqwvnkp47wsj6n4hkdlgj8dsauyx0xvefunnwvvsmpq2udd0ka8ckmpuqw3k5,200000000,
55487c7b514fd2e2c4f0734fbcf57eed34bd44cfe4a1fe1009708fc171409757,2023-12-24T22:43:50.562000,received,kaspa:qqwvnkp47wsj6n4hkdlgj8dsauyx0xvefunnwvvsmpq2udd0ka8ckmpuqw3k5,200000000,
