tx_id,timestamp,direction,peer_address,amount_sompi,cex_label
609f0c1889e1ee5d3ba348ef137dfb7fe6245bd3490b90c5e69170e18e3f0172,2023-12-16T03:56:58.618000,sent,kaspa:qzslgwenzu78t6tldlng383g7ruu4enaljmnkgaulyrscjp7ldt26x8gfxck5,171940000,
609f0c1889e1ee5d3ba348ef137dfb7fe6245bd3490b90c5e69170e18e3f0172,2023-12-16T03:56:58.618000,sent,kaspa:qzslgwenzu78t6tldlng383g7ruu4enaljmnkgaulyrscjp7ldt26x8gfxck5,171940000,
9aec6467dcccb5e509c72d87c8e25457bf00456a27254c5529996c5009a922c2,2023-12-12T01:27:17.336000,received,kaspa:qypswxtcrv4ssyjaswy5w9387vq73mkuyq85tl34cee6qn5uexqy0csgnafnjx7,171000000,
97e68435b643395ff4f96c2adebddcfe2cd28a9248cde7494f8f4b3953a1ebae,2023-11-27T16:24:47.288000,sent,kaspa:qyp5zj7m96k99hjhzms3rsf84tnpeeayuy42kdvth35r6nyclcgua7sg8u8tdlx,18000000,
633cc04feef21031e661a37cc02f8cf11c920dc5d87172db71b6786bf4f90aa9,2023-11-27T15:13:29.879000,received,kaspa:qzs93uy8lgftjy8s3hy4k4hdawca232l0j597rufq8m626hl8tk7q7cynjhdl,19000000,
