tx_id,timestamp,direction,peer_address,amount_sompi,cex_label
f5613fa6241e1c22765a8eb1685c961d1aef4e900b16e9659455b1baf370721a,2023-12-16T05:01:29.856000,sent,kaspa:qzslgwenzu78t6tldlng383g7ruu4enaljmnkgaulyrscjp7ldt26x8gfxck5,171940000,
f5613fa6241e1c22765a8eb1685c961d1aef4e900b16e9659455b1baf370721a,2023-12-16T05:01:29.856000,sent,kaspa:qzslgwenzu78t6tldlng383g7ruu4enaljmnkgaulyrscjp7ldt26x8gfxck5,171940000,
51034a8f0960bbc63bbac4749abfb923edcc8d239591c7e6af4a13ba87363100,2023-12-13T03:21:10.121000,received,kaspa:qypswxtcrv4ssyjaswy5w9387vq73mkuyq85tl34cee6qn5uexqy0csgnafnjx7,171000000,
91b8987bc8ce9d5f25c3e9bb1713e5055069dd8a651ff10ff7217b6e7b5f1be6,2023-11-29T18:42:24.827000,sent,kaspa:qypvucx2hmuzla32m3mg9hkl4ntv2g49glxd4sqqrw30ecglsnyv70sfhzxtkp8,18000000,
f8123d44b1a7350cdb8c9e3e72cd44a56be6b125799894487f1fe558e7fd48bf,2023-11-29T12:04:12.350000,received,kaspa:qqrcr5cggyyldclcetquafmfz382dt6zft83pg3sz20wm2zegdceku03tecys,19000000,
