tx_id,timestamp,direction,peer_address,amount_sompi,cex_label
cd2f69fd3e575397e16c0deaf2220de978a66fc79e10f85b034c3511d6ce372e,2023-12-16T04:54:50.633000,sent,kaspa:qzslgwenzu78t6tldlng383g7ruu4enaljmnkgaulyrscjp7ldt26x8gfxck5,171940000,
cd2f69fd3e575397e16c0deaf2220de978a66fc79e10f85b034c3511d6ce372e,2023-12-16T04:54:50.633000,sent,kaspa:qzslgwenzu78t6tldlng383g7ruu4enaljmnkgaulyrscjp7ldt26x8gfxck5,171940000,
7ce69a30af6f39294b4e3ffc472b5bca374d6fc70cfc7fb1deda3769d6bed409,2023-12-12T20:55:16.530000,received,kaspa:qypswxtcrv4ssyjaswy5w9387vq73mkuyq85tl34cee6qn5uexqy0csgnafnjx7,171000000,
8ef5eeaa6f9e5c69be008a6e6484c43d5e1d9ebea0a89e052c1901d278b4f50e,2023-11-29T11:39:20.779000,sent,kaspa:qypgvffyvy4x30wfw276vu4c549za4rtwsk7x9df4ksy0la7wqlq96sugdn38lm,18000000,
2d64bbe48eed67eb6cf203eb89284721197071883d56ba06b80cfc174e9f766c,2023-11-29T06:50:23.936000,received,kaspa:qpelmscywk22ut5c7zmwt0vu96jveg9mwrdcwcx644t0yj9efvkl7kek7gc24,19000000,
