tx_id,timestamp,direction,peer_address,amount_sompi,cex_label
e80d5a6eecfd99fd859af6128b4f141a2ce84b60c30a3444a3d29bbf712e467a,2024-02-17T12:40:25.900000,sent,kaspa:qqd463qjk795l7x06el7qjdh4hjtprah8mtnxx8exg8wz43fla4djkghheu25,172980000,
e80d5a6eecfd99fd859af6128b4f141a2ce84b60c30a3444a3d29bbf712e467a,2024-02-17T12:40:25.900000,sent,kaspa:qqd463qjk795l7x06el7qjdh4hjtprah8mtnxx8exg8wz43fla4djkghheu25,172980000,
370c0c9468f8d9a5d2dce95ae8b469c35a4e80b38c854bbe79eee07f1f419bf3,2023-12-12T14:28:27.105000,received,kaspa:qypswxtcrv4ssyjaswy5w9387vq73mkuyq85tl34cee6qn5uexqy0csgnafnjx7,171000000,
2f6bc7b10cbf7e7683d7410527654520d7cacdcfd2822b79299fd508f873dd98,2023-11-28T22:55:31.367000,sent,kaspa:qypkpdekdwdexs66uj40tvsujfqjzkaqcej2z5pypjgt53qqgpalakgrsfdmv7w,18000000,
e29cecdb366242ccaba85782d79c9a263857aebd87b6411c93ec5754260a5819,2023-11-28T09:12:15.167000,received,kaspa:qype3mfd4s9y9lvc9qfprut60upxh2p2d424sq3ahymsg40m3yyhnfgpgyqxkn7,20000000,
