tx_id,timestamp,direction,peer_address,amount_sompi,cex_label
c084625a36b30156be6938119208c2f453367957417a0f0985c6188d506bd1b5,2025-02-27T19:20:06.677000,received,kaspa:qzxvw7gnmuesfz3u9zjwqqllljvhpcn5k6sympmukmtlkeku2dm07qe6rduez,820486690000,
b7f08d1b38363426b9bfaaa5deb7e40ff2258284ec522ceb954f795501e6fa19,2025-02-27T19:14:25.216000,received,kaspa:qrvum29vk365g0zcd5gx3c7h829etfq2ytdmscjzw4zw04fjfnprcg9c3tges,1000000000,
263db4f760393ca09574e181098ad5aa76113df45307bda503707e5252c0bfb2,2024-08-04T19:36:37.925000,received,kaspa:qpgkrrcuf429zezjxaz88pwcn7395duj9tescyzq78uclkhwtk2h2jrzld6ua,706086006000,
c4f3d6273e5e52c927fecca056a3c77513f78c4e95817adb6259cd21cff400f6,2024-08-04T19:15:02.824000,received,kaspa:qplj0xdafvpt0u9tkwereeflhnx26um6f0t44vx3vw54n606mcfpwe83g2a6a,1000000000,
