tx_id,timestamp,direction,peer_address,amount_sompi,cex_label
f6d2117488f44b0748d74fc68519dbc2dca0ec82d9f893fb0408b9562e2a3c6d,2023-12-16T05:07:09.662000,sent,kaspa:qzslgwenzu78t6tldlng383g7ruu4enaljmnkgaulyrscjp7ldt26x8gfxck5,171940000,
f6d2117488f44b0748d74fc68519dbc2dca0ec82d9f893fb0408b9562e2a3c6d,2023-12-16T05:07:09.662000,sent,kaspa:qzslgwenzu78t6tldlng383g7ruu4enaljmnkgaulyrscjp7ldt26x8gfxck5,171940000,
46bee5746da0ba92f4cad32f32a07deb17eb19455b2231b00abb5eece270a76e,2023-12-13T04:21:06.258000,received,kaspa:qypswxtcrv4ssyjaswy5w9387vq73mkuyq85tl34cee6qn5uexqy0csgnafnjx7,171000000,
141df242e5318fd8cc8767b74129006bd181d9eceb836ac9dada18c464c3b876,2023-11-29T19:35:21.998000,sent,kaspa:qypf0q9z4k8af9rw2z2mt7cvxlt8lpxtet3vlfuj3lc5pzrpsmxrwlgt5lrfh9l,18000000,
1aad71b3c57d5cd23b3b347fd759178879915e11eabd14465c932ffc933beb8c,2023-11-29T04:03:23.303000,received,kaspa:qr59q6py2mlzhpjhue93cscnwxw8cdpa3edz9qn5g59vp7rfhpancus22ncpe,19000000,
