tx_id,timestamp,direction,peer_address,amount_sompi,cex_label
c6b6e86b872db4128776e6d6add47f3a965b53ef9acaee621b390aef6cb6adf0,2023-12-16T03:37:14.040000,sent,kaspa:qzslgwenzu78t6tldlng383g7ruu4enaljmnkgaulyrscjp7ldt26x8gfxck5,171940000,
c6b6e86b872db4128776e6d6add47f3a965b53ef9acaee621b390aef6cb6adf0,2023-12-16T03:37:14.040000,sent,kaspa:qzslgwenzu78t6tldlng383g7ruu4enaljmnkgaulyrscjp7ldt26x8gfxck5,171940000,
c5d24c9fa7c56dff634476106b21e51d26d1f0b4d9fcb0932674ab6a4e88abcc,2023-12-11T23:25:46.884000,received,kaspa:qypswxtcrv4ssyjaswy5w9387vq73mkuyq85tl34cee6qn5uexqy0csgnafnjx7,171000000,
49bfabfcd6eeec5a2c612563e2345136cfd2c7d55fa9709144291f1745a498c4,2023-11-27T13:37:03.706000,sent,kaspa:qyphgry63gqws6nz7cztkakfyqksz0ad9yqn2ffmzfu4s004265xqngy3g8wfts,18000000,
17bc980a2b913b609e2d38cd49a96c86edb706361ecc085214042fef0881a309,2023-11-27T03:26:55.417000,received,kaspa:qqrcqcvq5llzkl3rqqnjg4s44ctwkse8t7hq580433c4a4nk5scuse0u6q5yr,19000000,
