tx_id,timestamp,direction,peer_address,amount_sompi,cex_label
c35a156016cd52dd4c1301d53201d71f1b819e9eb4cdffb8ed9056b4f85d9d29,2024-07-10T07:14:55.320000,sent,kaspa:qqd4dlv88usf96guhu78694lzwu9rh2gy58yrzjmgefh8234egwdgg77465vn,3580450000000,
c35a156016cd52dd4c1301d53201d71f1b819e9eb4cdffb8ed9056b4f85d9d29,2024-07-10T07:14:55.320000,sent,kaspa:qqd4dlv88usf96guhu78694lzwu9rh2gy58yrzjmgefh8234egwdgg77465vn,3580450000000,
e4bbeda79391136fd923474ebcd0932840626dcacce8a49adaaa0397a6ca6694,2024-07-10T07:12:14.801000,received,kaspa:qq9zagcza4jt76eev9jl5z0nqhe0thcu7js8larktj4sle7lvgnw7sfcewlty,3580394944977,
e4bbeda79391136fd923474ebcd0932840626dcacce8a49adaaa0397a6ca6694,2024-07-10T07:12:14.801000,received,kaspa:qq9zagcza4jt76eev9jl5z0nqhe0thcu7js8larktj4sle7lvgnw7sfcewlty,3580394944977,
e040df8cc1e9337918da187f0fe264ccf8b79bfa391222123f91d9bbe6a2b85f,2024-07-10T07:08:17.195000,sent,kaspa:qrugjrwws8ggstuhxprzpz97h4hdm403slkw3leswz0sfhlf3h0hstqvm9kzy,121462300000000,
cef8b34edb9b2715cb61d98fd82f1353489c65bfdb6cafb073d78031f61db233,2024-07-10T07:05:22.738000,sent,kaspa:qrugjrwws8ggstuhxprzpz97h4hdm403slkw3leswz0sfhlf3h0hstqvm9kzy,500000000,
cef8b34edb9b2715cb61d98fd82f1353489c65bfdb6cafb073d78031f61db233,2024-07-10T07:05:22.738000,sent,kaspa:qrugjrwws8ggstuhxprzpz97h4hdm403slkw3leswz0sfhlf3h0hstqvm9kzy,500000000,
bb1848305015c2bae6c8bb0a2051d81470473ed7683acfdefa057cc2e73d9250,2023-03-19T01:33:05.009000,received,kaspa:qqetp7ct8kqss99fxmymyz5t3fezppxp0t58wl6pawp27elqd46uudme00cl0,21339694000000,
641a60ddf3458323c462431befb3c028def41abad2723ca787fa56818d1e4f63,2023-03-10T06:02:47.187000,received,kaspa:qpjunp39ssazf4rzfxxu0hd35xggfxn6lq0ls9u9q6peevzcmcv4xmv9q4njd,100123195000000,
