tx_id,timestamp,direction,peer_address,amount_sompi,cex_label
8f4379a44d423c181a0b8a5df6c6173f4f8c63ed9f5067ff02c5cba805c4a5e9,2023-12-16T04:26:31.676000,sent,kaspa:qzslgwenzu78t6tldlng383g7ruu4enaljmnkgaulyrscjp7ldt26x8gfxck5,171940000,
8f4379a44d423c181a0b8a5df6c6173f4f8c63ed9f5067ff02c5cba805c4a5e9,2023-12-16T04:26:31.676000,sent,kaspa:qzslgwenzu78t6tldlng383g7ruu4enaljmnkgaulyrscjp7ldt26x8gfxck5,171940000,
0040bcaacf47d4e81980580daa734855e7d76a54b0a55dc7b757607ef1f28c7b,2023-12-12T12:01:35.075000,received,kaspa:qypswxtcrv4ssyjaswy5w9387vq73mkuyq85tl34cee6qn5uexqy0csgnafnjx7,171000000,
1ec60856d45b2103ece15d57d206acf726f4c9000307e8b7d8cab098cdb3d738,2023-11-28T16:31:56.942000,sent,kaspa:qyp5wcaxlteh5k2re2wzu5ftqxh68wwf9ggql3nt088d9q45mx2z29qgsa48fzj,18000000,
e3ecc4877dc23d74594cc13e2f5fdf84408de7b3559fd6ee7ba3135cfa6f2050,2023-11-28T00:09:42.906000,received,kaspa:qpt4rs4dse5l4ane0e0tv6nc2m9eu9gd33t5rkm6dtu8dpvxatuajce59z4ea,19000000,
