tx_id,timestamp,direction,peer_address,amount_sompi,cex_label
616a4c02cac8ae5054a1781d44581e9abe9c00acbf076b2c1330a83420788b34,2023-12-16T04:06:15.741000,sent,kaspa:qzslgwenzu78t6tldlng383g7ruu4enaljmnkgaulyrscjp7ldt26x8gfxck5,171940000,
616a4c02cac8ae5054a1781d44581e9abe9c00acbf076b2c1330a83420788b34,2023-12-16T04:06:15.741000,sent,kaspa:qzslgwenzu78t6tldlng383g7ruu4enaljmnkgaulyrscjp7ldt26x8gfxck5,171940000,
ef43fb5cbcee964ab1d7962f9a4a9451467d0c798954b44176b3a8bcb2e8e079,2023-12-12T15:11:22.988000,received,kaspa:qypswxtcrv4ssyjaswy5w9387vq73mkuyq85tl34cee6qn5uexqy0csgnafnjx7,171000000,
09f9e52eedc47ced2ad11a00a9051546bba4a455fe7236face60f003f0d6d750,2023-11-29T01:23:48.988000,sent,kaspa:qypv9cth6cj85kw549yga02v8rshwl2dkd3hzza0k3k5c2u05ydgzqqj6hmf258,18000000,
c03aa5dadac6a08525163ec19bb6765b068a2a97373ffd83d828e4639e3be8e4,2023-11-28T19:54:10.215000,received,kaspa:qq32dlcm3gqcz6lwwlq8x3a0lyslr4hqat2scen8h7ydd2p2mtvdwh03yrrta,19000000,
