tx_id,timestamp,direction,peer_address,amount_sompi,cex_label
91b29d63d593c44c2654d85079a865d056fc05a6bd3faf2a305e8a6f95323b6b,2023-12-13T10:35:08.211000,sent,kaspa:qzwk786nz95s49u6gfhrujxww468fdqn7ked9uukqsmkersqq5mps73vs0f7a,171070000,
91b29d63d593c44c2654d85079a865d056fc05a6bd3faf2a305e8a6f95323b6b,2023-12-13T10:35:08.211000,sent,kaspa:qzwk786nz95s49u6gfhrujxww468fdqn7ked9uukqsmkersqq5mps73vs0f7a,171070000,
7ead62c7dd517a97812e087eeb660ed42a6001b2b157090b0cbe685c4781528c,2023-12-12T21:27:46.109000,received,kaspa:qypswxtcrv4ssyjaswy5w9387vq73mkuyq85tl34cee6qn5uexqy0csgnafnjx7,171000000,
5b9179471deb972fc00bd8e11bcddc154465208bd98101e85e7168467f123a18,2023-11-29T12:57:08.743000,sent,kaspa:qypfx0yn59h34p9qq8re8vuf3fyt50sdxpzjd8jumzd44y88cjku07scgr2nc9h,18000000,
60464b232f52c597b754e6ab388752f6769c0edbe5b2d458ac7b50eb4f83f0bf,2023-11-29T11:33:36.036000,received,kaspa:qp7ckn6pq45nlfhv8yssj7p5age073jk4av7uu0wjfn3g0r4d6wyk2jvfkzee,18100000,
