tx_id,timestamp,direction,peer_address,amount_sompi,cex_label
ee4763d2f17b50aaa8c766dc9b67cca056cfab675b5dbe501416b59a1b5b7864,2023-12-28T06:45:05.738000,sent,kaspa:qph07c6sgz3tnt6qq2rq3nr97mcrw0rrffj0un86fttmt4927uenjt83e8cy4,50000000000000,
ee4763d2f17b50aaa8c766dc9b67cca056cfab675b5dbe501416b59a1b5b7864,2023-12-28T06:45:05.738000,sent,kaspa:qq37glqvv7prcyjleff3y855f5dvsrahafduvejs9xq2g6dhshs0utsmx7gex,1025791671903901,
26eaa17dcf2facbf86f08030890fcfbb8299a1843209113d35a7a4fda52955b1,2023-12-28T03:23:15.832000,received,kaspa:qq7hfzy0fzp0f3k0qg6q7tzxen93qm8v598kfuddlksq2873n9g7gpq8jjszz,1043298052916548,
26eaa17dcf2facbf86f08030890fcfbb8299a1843209113d35a7a4fda52955b1,2023-12-28T03:23:15.832000,received,kaspa:qq7hfzy0fzp0f3k0qg6q7tzxen93qm8v598kfuddlksq2873n9g7gpq8jjszz,1043298052916548,
26eaa17dcf2facbf86f08030890fcfbb8299a1843209113d35a7a4fda52955b1,2023-12-28T03:23:15.832000,received,kaspa:qznpxqyd6hwntwcem26ggmcz6h56kwe0pn2zacm2ah5awcxd5zxyukfqzs04g,1043298052916548,
26eaa17dcf2facbf86f08030890fcfbb8299a1843209113d35a7a4fda52955b1,2023-12-28T03:23:15.832000,received,kaspa:qqk684luajlrfd8233dlfvxamda5rxwv3a6r6a5mcv6ggksd8a836u740qmv3,1043298052916548,
