tx_id,timestamp,direction,peer_address,amount_sompi,cex_label
51418b21ff5760abd55303be9080f8e0f988f1555bf0d288d765c7782bdea8d4,2025-03-26T10:43:24.345000,sent,kaspa:qq5rpww0gq62kecfxwhakhe8syu6vcqpg335x7ap5w47wkt8923c2u7d8h0py,35020000000000,
a75ddb493004f225ebea70f14e2071497b95c223e66f2ed03366ef177153518f,2025-03-26T10:30:41.044000,sent,kaspa:qq5rpww0gq62kecfxwhakhe8syu6vcqpg335x7ap5w47wkt8923c2u7d8h0py,25000000000000,
4dabceddba7094626b96882b1504a2319bdb1b17269c23adf3a25613e172c100,2025-03-26T09:42:38.165000,sent,kaspa:qq5rpww0gq62kecfxwhakhe8syu6vcqpg335x7ap5w47wkt8923c2u7d8h0py,20000000000000,
88b3a3212d6295e88f0b67786ee46e72ec8f99c41f76fe6b0d25b3ce3883812f,2025-03-26T08:59:05.349000,sent,kaspa:qq5rpww0gq62kecfxwhakhe8syu6vcqpg335x7ap5w47wkt8923c2u7d8h0py,4100000000000,
9ab28ba2370ebba57f3911a4ff67fe6afad51c4d69045e0bfeee4885b532cc0f,2025-03-26T08:37:39.051000,sent,kaspa:qq5rpww0gq62kecfxwhakhe8syu6vcqpg335x7ap5w47wkt8923c2u7d8h0py,5000000000000,
c0d27df3d70b90b1f3dacaf8265b509288346c48fb9f62b73f96334e87d79a5f,2025-03-02T22:10:42.590000,sent,kaspa:qzpcqfgav3hq34cwrknvdkf23zckxn4aj7axtfgaaeqetvn9m6r824v5ua73w,50000000000,
d139b6a9037845bab792251c7a2a3e8a4414c13b7a855434512dc53db4f526e2,2024-10-22T10:14:50.076000,sent,kaspa:qq90yeh66hc6uaaxgva2g7p2vkxhknhatck0y527x8tzat5jx0vrvzuwm4gen,100000000000,
884375de54af4dc2d25c6e8bdf5bf54f5f1c42886f5158c036d961e2d70d9b90,2024-10-22T07:58:17.696000,sent,kaspa:qqyzswxcgq7xg45dueryqt7vvd0vtqd8l4unqqc20guxk44td0yscalmqz8um,50000000000,
3a0a7f8480d87a4f24024591a875d8c59ff2661ad4cf480bb1635813305c1692,2024-09-24T18:31:03.813000,sent,kaspa:qrd6dmtxe83sxxtrk376j0aft63pzgsq4yu06xfv23kk9wp6fypky5r8mmr6r,25000000000,
c23cc46175e2d579071d99a6238889d895fd450504d7ca4f2b79d3f62ca01559,2024-09-24T18:29:15.128000,sent,kaspa:qrypss02k893p8lxq722arsv4pe3fucu68t5y7adu74yhy0amg73v2qg7wyvk,25000000000,
feb748434ef33ecc8a25752377133beca33a4fae100f988c64654558423d7ef8,2024-09-24T18:01:54.122000,sent,kaspa:qqyzswxcgq7xg45dueryqt7vvd0vtqd8l4unqqc20guxk44td0yscalmqz8um,63400000000,
feb748434ef33ecc8a25752377133beca33a4fae100f988c64654558423d7ef8,2024-09-24T18:01:54.122000,sent,kaspa:qqyzswxcgq7xg45dueryqt7vvd0vtqd8l4unqqc20guxk44td0yscalmqz8um,63400000000,
036b07595dda4bb1d385989e456b39be00b72cc734255707300c7d7bb94dd88f,2024-09-24T16:12:06.524000,received,kaspa:qqetp7ct8kqss99fxmymyz5t3fezppxp0t58wl6pawp27elqd46uudme00cl0,89720000000,
036b07595dda4bb1d385989e456b39be00b72cc734255707300c7d7bb94dd88f,2024-09-24T16:12:06.524000,received,kaspa:qpzpfwcsqsxhxwup26r55fd0ghqlhyugz8cp6y3wxuddc02vcxtjg75pspnwz,89720000000,MEXC
f70900f3fbc6d6acdbd0abc66428e289eea30edad709f5938e915a7442a69e81,2024-09-21T10:47:42.524000,sent,kaspa:qq90yeh66hc6uaaxgva2g7p2vkxhknhatck0y527x8tzat5jx0vrvzuwm4gen,30000000000,
8a767049ab7b167204a0af57b978129b966093c9d936a9de541bc8e92ceadcfd,2024-09-21T09:52:20.439000,sent,kaspa:qqyzswxcgq7xg45dueryqt7vvd0vtqd8l4unqqc20guxk44td0yscalmqz8um,60000000000,
8a767049ab7b167204a0af57b978129b966093c9d936a9de541bc8e92ceadcfd,2024-09-21T09:52:20.439000,sent,kaspa:qqyzswxcgq7xg45dueryqt7vvd0vtqd8l4unqqc20guxk44td0yscalmqz8um,60000000000,
8a767049ab7b167204a0af57b978129b966093c9d936a9de541bc8e92ceadcfd,2024-09-21T09:52:20.439000,sent,kaspa:qqyzswxcgq7xg45dueryqt7vvd0vtqd8l4unqqc20guxk44td0yscalmqz8um,60000000000,
8a767049ab7b167204a0af57b978129b966093c9d936a9de541bc8e92ceadcfd,2024-09-21T09:52:20.439000,sent,kaspa:qqyzswxcgq7xg45dueryqt7vvd0vtqd8l4unqqc20guxk44td0yscalmqz8um,60000000000,
4dab2033f5b426f16bb9c0edc19aa3b5fa9fdc8f6a6175c21a7320ef13cc467b,2024-09-21T07:54:23.574000,received,kaspa:qqyzswxcgq7xg45dueryqt7vvd0vtqd8l4unqqc20guxk44td0yscalmqz8um,21597000000,
4dab2033f5b426f16bb9c0edc19aa3b5fa9fdc8f6a6175c21a7320ef13cc467b,2024-09-21T07:54:23.574000,received,kaspa:qqyzswxcgq7xg45dueryqt7vvd0vtqd8l4unqqc20guxk44td0yscalmqz8um,21597000000,
9fc3757708d40b0b16eb01d0e7ac53f386d054cdd55f7551b1e0f879cb721c39,2024-09-20T23:57:45.252000,received,kaspa:qqyzswxcgq7xg45dueryqt7vvd0vtqd8l4unqqc20guxk44td0yscalmqz8um,31432000000,
adf7f34b50b3b4bbaebaebfb00707171985d68e3b01fb16a9c020a9be6b33ff5,2024-09-20T23:50:18.438000,received,kaspa:qqyzswxcgq7xg45dueryqt7vvd0vtqd8l4unqqc20guxk44td0yscalmqz8um,310000000000,
e94ea6eb270c63eb2a75b2d2a8576f9b836376f45adfb811c575e92dba173798,2024-09-18T13:23:46.225000,sent,kaspa:qqyzswxcgq7xg45dueryqt7vvd0vtqd8l4unqqc20guxk44td0yscalmqz8um,49500000000,
b0d7e840b9e4299172618e3ca459446f0617358dc39b4a5b41941696f0d14779,2024-09-16T16:04:49.495000,sent,kaspa:qqyzswxcgq7xg45dueryqt7vvd0vtqd8l4unqqc20guxk44td0yscalmqz8um,40000000000,
b0d7e840b9e4299172618e3ca459446f0617358dc39b4a5b41941696f0d14779,2024-09-16T16:04:49.495000,sent,kaspa:qqyzswxcgq7xg45dueryqt7vvd0vtqd8l4unqqc20guxk44td0yscalmqz8um,40000000000,
1230db25c1bfaf8744af7b4f782dfd270678e04f62a7262e00e54b18df819380,2024-09-16T12:59:23.960000,received,kaspa:qqyzswxcgq7xg45dueryqt7vvd0vtqd8l4unqqc20guxk44td0yscalmqz8um,82500000000,
563a267e34ded2261b7f0f3101e28d388e1628e7fafe89b4749781b5890b0f66,2024-09-16T11:55:41.008000,sent,kaspa:qqyzswxcgq7xg45dueryqt7vvd0vtqd8l4unqqc20guxk44td0yscalmqz8um,150000000000,
0a644db0b7034e54a89f91c6c14b3825eb9de6dac101fa75be18cc2429b1a1ed,2024-09-16T07:21:05.249000,sent,kaspa:qpsrv6kk227ptn7d0eyrgtgkccc5qvqtnw26phk3ut9dumjd52kk5eg9g3arp,100000000000,
6ece927d23b40bb005111aeef3655d6de8092e7c5c7734a3478add441f7810cc,2024-06-12T10:09:56.822000,sent,kaspa:qzpcqfgav3hq34cwrknvdkf23zckxn4aj7axtfgaaeqetvn9m6r824v5ua73w,650000000000,
3db26a7238156ff5428091b77c229cbcc3b68b3f7d1421cc580e066880866ee5,2024-06-03T08:25:06.861000,sent,kaspa:qzpcqfgav3hq34cwrknvdkf23zckxn4aj7axtfgaaeqetvn9m6r824v5ua73w,5000000000,
6eb161370462bf2ec5040eabbf59e04cbc37600a9ac4191a5885d7057aa6ed8f,2024-06-03T08:06:31.264000,sent,kaspa:qzpcqfgav3hq34cwrknvdkf23zckxn4aj7axtfgaaeqetvn9m6r824v5ua73w,5000000000,
3d71d2d13438f065513ab120ba1a9f417a688d2f2c989f725a5a4ca130c6144b,2024-06-03T08:03:30.488000,received,kaspa:qq9zagcza4jt76eev9jl5z0nqhe0thcu7js8larktj4sle7lvgnw7sfcewlty,90017658914762,
3d71d2d13438f065513ab120ba1a9f417a688d2f2c989f725a5a4ca130c6144b,2024-06-03T08:03:30.488000,received,kaspa:qq9zagcza4jt76eev9jl5z0nqhe0thcu7js8larktj4sle7lvgnw7sfcewlty,90017658914762,
