tx_id,timestamp,direction,peer_address,amount_sompi,cex_label
d7ef204c7b1ab64c136116f64bb95a3deabb7ee4be1909aaaf92d23f6acd5e1c,2023-12-16T04:14:00.468000,sent,kaspa:qzslgwenzu78t6tldlng383g7ruu4enaljmnkgaulyrscjp7ldt26x8gfxck5,171940000,
d7ef204c7b1ab64c136116f64bb95a3deabb7ee4be1909aaaf92d23f6acd5e1c,2023-12-16T04:14:00.468000,sent,kaspa:qzslgwenzu78t6tldlng383g7ruu4enaljmnkgaulyrscjp7ldt26x8gfxck5,171940000,
f2031e81a85953f6794fb6722d17735ddc66f6d639503a43c39a5d5d9b1f81db,2023-12-12T09:43:13.398000,received,kaspa:qypswxtcrv4ssyjaswy5w9387vq73mkuyq85tl34cee6qn5uexqy0csgnafnjx7,171000000,
e3daeaa5dd5444dbb653a4779949a1445f93418a89ffd0f66072a280c47e6425,2023-11-28T13:47:05.245000,sent,kaspa:qypzq88wfezc6fnaw0x7jwn2k4lv45xx9mlad8jaxt2rakcssjt8sgsk3a5ezm4,18000000,
8cd98654357773a9ae3ad3789149c273afb5309fc931bf16b2ca6bd680cfb7a2,2023-11-27T18:08:56.349000,received,kaspa:qquy3yd8p5pyt7k26pw0lnwz24nyjjsgjr8nncg8q7vv7fk5c6jdz4pssl025,19000000,
