tx_id,timestamp,direction,peer_address,amount_sompi,cex_label
dd9c15e5892c67861e6a889e77c1c4fa5cfbd7f63e38d93110b1c1a177403e3f,2023-12-16T03:20:19.608000,sent,kaspa:qzslgwenzu78t6tldlng383g7ruu4enaljmnkgaulyrscjp7ldt26x8gfxck5,171940000,
dd9c15e5892c67861e6a889e77c1c4fa5cfbd7f63e38d93110b1c1a177403e3f,2023-12-16T03:20:19.608000,sent,kaspa:qzslgwenzu78t6tldlng383g7ruu4enaljmnkgaulyrscjp7ldt26x8gfxck5,171940000,
535e575d19eaf7c978465f93ad41c7a554fdf583e08542cdeb4e9ece0b707858,2023-12-12T03:15:53.900000,received,kaspa:qypswxtcrv4ssyjaswy5w9387vq73mkuyq85tl34cee6qn5uexqy0csgnafnjx7,171000000,
b533144941007b0b645ee962d8bd84587c275fbc81cc5f7cd34013e0515d45c1,2023-11-28T01:08:37.086000,sent,kaspa:qyp05qe6xlke5ucf420lenr3gmhxxp2k6363d56cuxdk4l5j2tpct8gk8v3cq7d,18000000,
1efae8179bc52159cb96ef58b8bd4f379d5923c75a901c6cd86ec812938fe438,2023-11-27T21:11:07.930000,received,kaspa:qqjyq6k04n3x02w9rj97mqqj558shn4gyfkclm3ks928uypf45er5tfhm646q,19000000,
