tx_id,timestamp,direction,peer_address,amount_sompi,cex_label
7671dddd16bc5c19abc264bfb6fb7625091285f88d8fcb502b7837c364413959,2024-02-17T12:34:41.145000,sent,kaspa:qqd463qjk795l7x06el7qjdh4hjtprah8mtnxx8exg8wz43fla4djkghheu25,172980000,
7671dddd16bc5c19abc264bfb6fb7625091285f88d8fcb502b7837c364413959,2024-02-17T12:34:41.145000,sent,kaspa:qqd463qjk795l7x06el7qjdh4hjtprah8mtnxx8exg8wz43fla4djkghheu25,172980000,
9f840c361ba8f1af00d6b1c477f55932113e4250b49ed0b2e62fa77886294864,2023-12-12T14:56:16.913000,received,kaspa:qypswxtcrv4ssyjaswy5w9387vq73mkuyq85tl34cee6qn5uexqy0csgnafnjx7,171000000,
179115d03572aa2fcb122188cb1486e015fa399c260b6755ec377188a04fa891,2023-11-29T01:12:39.859000,sent,kaspa:qyp6jnqupdcl0yyhup2jfmgtalzskx89ekycvrlrgurgfcfq0ethclsjpweaman,18000000,
ecfb3d1928dcdc8d6429f86f7920ef7641ee1918456db15726396404e0caa904,2023-11-27T20:00:41.057000,received,kaspa:qypj4mpmfnmte39866f8ttexwhf0z3vql0qnz3agfmtgjdqjrfdg6mq6dfv0rpk,20000000,
