tx_id,timestamp,direction,peer_address,amount_sompi,cex_label
19bd1ab7cbd27c63d9540fd09feb449b2746cbd794562fbd7aa1b6675e575f5e,2023-12-12T04:34:48.802000,sent,kaspa:qz49j4avt7nkmgqr4qydlfkdzvj2rcxj9eq2jjg9hg9t6xf77sd0v7tl9wc64,172970000,
19bd1ab7cbd27c63d9540fd09feb449b2746cbd794562fbd7aa1b6675e575f5e,2023-12-12T04:34:48.802000,sent,kaspa:qz49j4avt7nkmgqr4qydlfkdzvj2rcxj9eq2jjg9hg9t6xf77sd0v7tl9wc64,172970000,
5e54ca6ce89211368fa4663884b32eaee07190861d35c98c7cc7358f6c9c4b3e,2023-12-11T23:43:16.266000,received,kaspa:qypswxtcrv4ssyjaswy5w9387vq73mkuyq85tl34cee6qn5uexqy0csgnafnjx7,171000000,
83f3b69923c5885c5988e41d0eb025ff929b3ae65017ceccb64277ce1cce8d08,2023-11-27T13:52:48.117000,sent,kaspa:qyphujptqkk3fh9unyp25csry3tmjr9053chggq4avmp2eldyvf4ylcu89f487k,18000000,
c544d465247ae8e6cc19704f3367dcc7fecb770c0031b3db18bd0cce0bcd7935,2023-11-27T02:29:15.059000,received,kaspa:qztgj9athlxazhmhu9s7wucgdpnt60fj3zf4m9k4jcpk2dhfymkj6rg7nl0h0,20000000,
