tx_id,timestamp,direction,peer_address,amount_sompi,cex_label
8bb54ad6ee58bb0d18640e8326caf8b4a027d1afd604562bdb90e3d8e5392025,2024-02-17T12:50:31.986000,sent,kaspa:qqd463qjk795l7x06el7qjdh4hjtprah8mtnxx8exg8wz43fla4djkghheu25,172980000,
8bb54ad6ee58bb0d18640e8326caf8b4a027d1afd604562bdb90e3d8e5392025,2024-02-17T12:50:31.986000,sent,kaspa:qqd463qjk795l7x06el7qjdh4hjtprah8mtnxx8exg8wz43fla4djkghheu25,172980000,
71dd45cf42c98f5be36122b3df82925cd28de3f62d6f62f9c02399711d761e79,2023-12-12T20:15:47.458000,received,kaspa:qypswxtcrv4ssyjaswy5w9387vq73mkuyq85tl34cee6qn5uexqy0csgnafnjx7,171000000,
479e5e0006f45f934798fec2b266e0bca4831068b0e7a8169791baa8e764c137,2023-11-29T10:42:00.592000,sent,kaspa:qypcf6r30e8z7m05ldfwgdg6luszld9s8enklj4c90spwjacx4fdpqc37qpsdky,18000000,
442c1fd564a0cd941e928d65352d68bfe834b4f56a2c92169884159939f81cf6,2023-11-27T23:43:19.077000,received,kaspa:qypxh795z50lqe9u3fqnmlwyw7fjgw5xsd0ey6ltg0t3qwvhfpuqakgrgux5h9d,20000000,
