tx_id,timestamp,direction,peer_address,amount_sompi,cex_label
9866f29f26f024de50ddb1ed81ba13a145bdc20b89fdfa88a1466b29ad046681,2023-12-13T00:50:01.326000,sent,kaspa:qz2x78j3p5zhyvczlj6p9a64d5mf3m42jyg43r67qzu046hxfqtrkcvqpf0c2,171070000,
9866f29f26f024de50ddb1ed81ba13a145bdc20b89fdfa88a1466b29ad046681,2023-12-13T00:50:01.326000,sent,kaspa:qz2x78j3p5zhyvczlj6p9a64d5mf3m42jyg43r67qzu046hxfqtrkcvqpf0c2,171070000,
358c3f50e97dc5e87053096975d7d6415f2d9d9535e04d9060d2b9309e28ca23,2023-12-12T21:10:09.318000,received,kaspa:qypswxtcrv4ssyjaswy5w9387vq73mkuyq85tl34cee6qn5uexqy0csgnafnjx7,171000000,
4c974778e87071ecc74197fa2e0601c616238ecbc30cbee50d4b4cd5f88afafa,2023-11-29T12:04:31.845000,sent,kaspa:qyp2t32unmuj7lumay8h8dqjum038zjsxgzh0ruk5jqw06ndaltfnhclgsew03d,18000000,
b3a0047fc5e9c5865673b88b65e1681270d1561a711c2813e249c8cf7eb3ab1b,2023-11-29T11:56:54.803000,received,kaspa:qz4fchetgh2jdhpehj2r95q4wthcad0qqy3du63nzduecvlg55gfj2y0pxucr,18100000,
