tx_id,timestamp,direction,peer_address,amount_sompi,cex_label
cd40d8c8393767f1a086583a880f237273afabc3dd5cb78a9710db4d15a9ab9c,2023-12-16T04:55:28.526000,sent,kaspa:qzslgwenzu78t6tldlng383g7ruu4enaljmnkgaulyrscjp7ldt26x8gfxck5,171940000,
cd40d8c8393767f1a086583a880f237273afabc3dd5cb78a9710db4d15a9ab9c,2023-12-16T04:55:28.526000,sent,kaspa:qzslgwenzu78t6tldlng383g7ruu4enaljmnkgaulyrscjp7ldt26x8gfxck5,171940000,
e5922e1ea49516d542897ad73e5f95bdc689026e14b45fb01257fa8b07ba1dfb,2023-12-13T00:03:44.030000,received,kaspa:qypswxtcrv4ssyjaswy5w9387vq73mkuyq85tl34cee6qn5uexqy0csgnafnjx7,171000000,
a61e46ea298008d5252c290d2a61279594bbe1f614bd3a37a97b66a05e7cc6f2,2023-11-29T15:46:14.324000,sent,kaspa:qypws2r0axk7hdnydq3jk3anfxwhsfsphvmnwq6shwyhqp9clhfshdsw0gj5yxf,18000000,
8445d19c83272f45ac6b80a6bf571000bcc490a049f60efb6674fdb3fe72f6ac,2023-11-28T20:14:36.083000,received,kaspa:qzp9y6fa5jhjyjv8njfk8ulj5qp043cv38jy63s4006qymlh7h4wwl4swgrsj,19000000,
