tx_id,timestamp,direction,peer_address,amount_sompi,cex_label
11815c21f25ee192536860ca977a1939e4586703faac8c9233705108eb0dd095,2024-06-19T13:15:57.857000,sent,kaspa:qq9zagcza4jt76eev9jl5z0nqhe0thcu7js8larktj4sle7lvgnw7sfcewlty,50000000000,
bb9fd4a44cdb54f13258b06dea5c878940c0c09577904f7fc86f67094a93849e,2024-06-05T03:38:18.550000,sent,kaspa:qq9zagcza4jt76eev9jl5z0nqhe0thcu7js8larktj4sle7lvgnw7sfcewlty,8000000000000,
0962ee23ccf8500843b2be6bd44acb833f3c8f08e89ef33f10460c91c296b714,2024-03-14T12:59:10.518000,sent,kaspa:qq9zagcza4jt76eev9jl5z0nqhe0thcu7js8larktj4sle7lvgnw7sfcewlty,1000000000000,
3b5a1e92e09bc020ff60b1d1230acaa98808c77ba27fa29d02386ec501e44160,2024-03-06T13:15:15.525000,sent,kaspa:qq9zagcza4jt76eev9jl5z0nqhe0thcu7js8larktj4sle7lvgnw7sfcewlty,950000000000,
5f6e9b870c98c698c4fc92b7fe626af2c8b3c7fd7989ec81bf2902c5d01a5915,2023-05-18T23:49:02.770000,received,kaspa:qqetp7ct8kqss99fxmymyz5t3fezppxp0t58wl6pawp27elqd46uudme00cl0,10000709000000,
