tx_id,timestamp,direction,peer_address,amount_sompi,cex_label
c787ae7568ce719df7d29ab5dcd1f58b8214826fd796829b75d8bb1a5030cb82,2023-12-12T22:18:03.189000,received,kaspa:qypswxtcrv4ssyjaswy5w9387vq73mkuyq85tl34cee6qn5uexqy0csgnafnjx7,171000000,
e6558764f827e7c3d5d3ee097200477e4806311ddff58568f4c5ac34cb7b4f67,2023-11-29T13:54:12.742000,sent,kaspa:qypm8n7lvwrz9y0la7tpsj6tn80zv06aha4h25uj5qkvj0rz0uksszqrk5t3gvd,18000000,
e6558764f827e7c3d5d3ee097200477e4806311ddff58568f4c5ac34cb7b4f67,2023-11-29T13:54:12.742000,sent,kaspa:qr4uchurls9n5srp32s294swx9v3znz0vcpvrx8vjq3rsnhmrr2rqr7d69agl,247920,
c958733ee7b72a80fc8a5249022525382d1636d4c85f4a3184d51d151284c991,2023-11-26T19:01:07.329000,received,kaspa:qqw2c8klpczgsht77satuqehv0h3ljxz0x8657e9aj5curmercp3735w0dz35,18250000,
