tx_id,timestamp,direction,peer_address,amount_sompi,cex_label
bc39df0fb156f753a259bb59632d31a965f23163b68a26118044262248720043,2024-09-22T15:32:03.040000,sent,kaspa:qyp2hwvx9td2mtep6x39mk9vr6ndwvc9s3ftjkqfkh4a2934wt72w3swwhd2v7q,203400000000,
67c827d5e80991481acf8eea44231cfebf55c294c7452fb44bc39e773f5f2626,2024-09-22T15:30:54.708000,sent,kaspa:qyp2hwvx9td2mtep6x39mk9vr6ndwvc9s3ftjkqfkh4a2934wt72w3swwhd2v7q,300000000000,
67c827d5e80991481acf8eea44231cfebf55c294c7452fb44bc39e773f5f2626,2024-09-22T15:30:54.708000,sent,kaspa:qyp2hwvx9td2mtep6x39mk9vr6ndwvc9s3ftjkqfkh4a2934wt72w3swwhd2v7q,300000000000,
7337aebd4607157991fcbdf1be18618b76bdf8e6595dca2176221d7fd9ab0542,2024-09-22T15:28:55.684000,received,kaspa:qpgmt2dn8wcqf0436n0kueap7yx82n7raurlj6aqjc3t3wm9y5ssqtg9e4lsm,503451576616,
7337aebd4607157991fcbdf1be18618b76bdf8e6595dca2176221d7fd9ab0542,2024-09-22T15:28:55.684000,received,kaspa:qpgmt2dn8wcqf0436n0kueap7yx82n7raurlj6aqjc3t3wm9y5ssqtg9e4lsm,503451576616,
7337aebd4607157991fcbdf1be18618b76bdf8e6595dca2176221d7fd9ab0542,2024-09-22T15:28:55.684000,received,kaspa:qpgmt2dn8wcqf0436n0kueap7yx82n7raurlj6aqjc3t3wm9y5ssqtg9e4lsm,503451576616,
09309d76f1bd8a0f81e7fa114488dc0296adc75f087a9a5a2440a6140e2bfa09,2024-09-21T12:53:36.254000,sent,kaspa:qyp2hwvx9td2mtep6x39mk9vr6ndwvc9s3ftjkqfkh4a2934wt72w3swwhd2v7q,96800000000,
d55aa83fc358666aff6978c2b1d773d476ebd925a6a8a9b9b70e4b806baa3a9b,2024-09-21T12:50:53.685000,sent,kaspa:qyp2hwvx9td2mtep6x39mk9vr6ndwvc9s3ftjkqfkh4a2934wt72w3swwhd2v7q,200000000000,
2eae077e1b95069cd9bcc83d88dc4ea9c029c8e96157b6ac7580a1ff115a5881,2024-09-21T12:48:05.102000,sent,kaspa:qyp2hwvx9td2mtep6x39mk9vr6ndwvc9s3ftjkqfkh4a2934wt72w3swwhd2v7q,200000000000,
f7602c18005d9ac92cf1b7657c698340d1ff12c16e3a03798bb70c97c92d4f1e,2024-09-21T12:46:40.854000,sent,kaspa:qyp2hwvx9td2mtep6x39mk9vr6ndwvc9s3ftjkqfkh4a2934wt72w3swwhd2v7q,200000000000,
6fdf8b01d734ad6f1101eced25170e4192e530a318b9c1adec8541b044a3d6f7,2024-09-21T12:45:03.684000,sent,kaspa:qyp2hwvx9td2mtep6x39mk9vr6ndwvc9s3ftjkqfkh4a2934wt72w3swwhd2v7q,50000000000,
6fdf8b01d734ad6f1101eced25170e4192e530a318b9c1adec8541b044a3d6f7,2024-09-21T12:45:03.684000,sent,kaspa:qyp2hwvx9td2mtep6x39mk9vr6ndwvc9s3ftjkqfkh4a2934wt72w3swwhd2v7q,50000000000,
86955750697ceb008bafe6a7bf5ed4a589919d4986d180dbbd57355585ee5a74,2024-05-08T19:54:51.023000,received,kaspa:qq9zagcza4jt76eev9jl5z0nqhe0thcu7js8larktj4sle7lvgnw7sfcewlty,285722621123,
86955750697ceb008bafe6a7bf5ed4a589919d4986d180dbbd57355585ee5a74,2024-05-08T19:54:51.023000,received,kaspa:qq9zagcza4jt76eev9jl5z0nqhe0thcu7js8larktj4sle7lvgnw7sfcewlty,285722621123,
86955750697ceb008bafe6a7bf5ed4a589919d4986d180dbbd57355585ee5a74,2024-05-08T19:54:51.023000,received,kaspa:qq9zagcza4jt76eev9jl5z0nqhe0thcu7js8larktj4sle7lvgnw7sfcewlty,285722621123,
dd7fcb19fd4dc49c09573acaf4d256915e8b3a101a41698f79d44562daf4f2e8,2024-03-29T15:34:37.030000,sent,kaspa:qq9zagcza4jt76eev9jl5z0nqhe0thcu7js8larktj4sle7lvgnw7sfcewlty,200000000000,
dd7fcb19fd4dc49c09573acaf4d256915e8b3a101a41698f79d44562daf4f2e8,2024-03-29T15:34:37.030000,sent,kaspa:qq9zagcza4jt76eev9jl5z0nqhe0thcu7js8larktj4sle7lvgnw7sfcewlty,200000000000,
ca2d19adbb4788ba2736e7bc6987af637871375c5d41af015841ed4e3e7d81e1,2024-03-24T19:42:37.454000,received,kaspa:qq9zagcza4jt76eev9jl5z0nqhe0thcu7js8larktj4sle7lvgnw7sfcewlty,661054861221,
ca2d19adbb4788ba2736e7bc6987af637871375c5d41af015841ed4e3e7d81e1,2024-03-24T19:42:37.454000,received,kaspa:qq9zagcza4jt76eev9jl5z0nqhe0thcu7js8larktj4sle7lvgnw7sfcewlty,661054861221,
ca2d19adbb4788ba2736e7bc6987af637871375c5d41af015841ed4e3e7d81e1,2024-03-24T19:42:37.454000,received,kaspa:qq9zagcza4jt76eev9jl5z0nqhe0thcu7js8larktj4sle7lvgnw7sfcewlty,661054861221,
ca2d19adbb4788ba2736e7bc6987af637871375c5d41af015841ed4e3e7d81e1,2024-03-24T19:42:37.454000,received,kaspa:qq9zagcza4jt76eev9jl5z0nqhe0thcu7js8larktj4sle7lvgnw7sfcewlty,661054861221,
0c32c8090d7f2484b823f90e9280833446c79d517a314058e0b8d4aba6e598b9,2024-02-23T00:35:26.836000,sent,kaspa:qpk0gqtfj2dy9rq868mx7f9arjc0aqejunvv2qufcm4tdsgf9c4f24n47g5cz,299800000000,
a11b44032977d80e14660c1790a90bfb931e504fbc5cb9803b75e7b33b713067,2024-01-01T23:27:26.211000,sent,kaspa:qqwvnkp47wsj6n4hkdlgj8dsauyx0xvefunnwvvsmpq2udd0ka8ckmpuqw3k5,1200070272987,
7d3a1ea1b4b795eaa5a11b4c47d5873efb0a3656f84e57131e722b73ec8103b6,2024-01-01T23:23:44.736000,received,kaspa:qq3k4du6wf2g26j7ds6fqmgtgavgm3zy676wntp2e52nsuns2n4s6xkndmx0y,1500000000000,
d935e95931d90fc68cb0e22a029e2fa6f4054f3ca675d747e2625d4685848934,2023-12-26T16:07:04.284000,sent,kaspa:qqwvnkp47wsj6n4hkdlgj8dsauyx0xvefunnwvvsmpq2udd0ka8ckmpuqw3k5,1313461100000,
a03ad04a02c49683c534e7ea76b02fc940105b28df2235fb5f930ac5af8cf0f2,2023-12-20T11:46:47.436000,sent,kaspa:qqwvnkp47wsj6n4hkdlgj8dsauyx0xvefunnwvvsmpq2udd0ka8ckmpuqw3k5,200000000000,
8f60673e46403563c974e767fad7dc579a0c6ab07642bfebd7ba6ea40b33463a,2023-12-20T09:19:36.675000,sent,kaspa:qqwvnkp47wsj6n4hkdlgj8dsauyx0xvefunnwvvsmpq2udd0ka8ckmpuqw3k5,50000000000,
93f7acd408525ae451aed29e8322aae14ff55a8522adbd667ddc7343d28ca8df,2023-12-20T09:18:09.398000,sent,kaspa:qqwvnkp47wsj6n4hkdlgj8dsauyx0xvefunnwvvsmpq2udd0ka8ckmpuqw3k5,200000000000,
481fc17b6ea231cac57801fc77bfdd6abc9faf95890a6eae0313a85f48824e0d,2023-12-18T01:30:14.599000,sent,kaspa:qqwvnkp47wsj6n4hkdlgj8dsauyx0xvefunnwvvsmpq2udd0ka8ckmpuqw3k5,276200000000,
481fc17b6ea231cac57801fc77bfdd6abc9faf95890a6eae0313a85f48824e0d,2023-12-18T01:30:14.599000,sent,kaspa:qqwvnkp47wsj6n4hkdlgj8dsauyx0xvefunnwvvsmpq2udd0ka8ckmpuqw3k5,276200000000,
6ff274ddb3e7e63581c93022f995aef6013779b1616a3e3dd8172f3ffd428254,2023-11-30T23:48:03.348000,received,kaspa:qqetp7ct8kqss99fxmymyz5t3fezppxp0t58wl6pawp27elqd46uudme00cl0,749662000000,
15442631f099465d9882e24475b3b35ba78e45e40ed33ce184b8ba4f147f677b,2023-10-13T19:39:07.818000,sent,kaspa:qqwvnkp47wsj6n4hkdlgj8dsauyx0xvefunnwvvsmpq2udd0ka8ckmpuqw3k5,500000000000,
ce33b15c1459ee36e2490552dacbf31177c26daf1c2f3e57b934f00a82354a9a,2023-10-08T18:04:47.012000,sent,kaspa:qqwvnkp47wsj6n4hkdlgj8dsauyx0xvefunnwvvsmpq2udd0ka8ckmpuqw3k5,200000000000,
c6d3110fe4d0d263a1b7d3e14edff33c8ee497b10552a41b58252d20b5f7190f,2023-09-25T20:16:07.835000,sent,kaspa:qqwvnkp47wsj6n4hkdlgj8dsauyx0xvefunnwvvsmpq2udd0ka8ckmpuqw3k5,10000000000,
0c95aa4255550869e5f1ef1209ae01457024c06446969a1fbb8745b584da3a7d,2023-06-19T11:29:13.522000,received,kaspa:qruryycn67p8hkl4a3xr3m7xwpks0v0ukm9sxfnpvk6dvep5n76yv25xc0lg8,1999999900000,
