tx_id,timestamp,direction,peer_address,amount_sompi,cex_label
b73d75f5cfbc3951bf5ceb547c7e4c174f6cf6f7924a0d0e5c0f2b0da21470b9,2023-12-14T01:26:29.779000,sent,kaspa:qzur03nkqdu3w209dxmpttyp028ttkt3jy86tq3f6zmk9ydvz7s7yf4lpz8dq,3420000000,
b73d75f5cfbc3951bf5ceb547c7e4c174f6cf6f7924a0d0e5c0f2b0da21470b9,2023-12-14T01:26:29.779000,sent,kaspa:qzur03nkqdu3w209dxmpttyp028ttkt3jy86tq3f6zmk9ydvz7s7yf4lpz8dq,3420000000,
b73d75f5cfbc3951bf5ceb547c7e4c174f6cf6f7924a0d0e5c0f2b0da21470b9,2023-12-14T01:26:29.779000,sent,kaspa:qzur03nkqdu3w209dxmpttyp028ttkt3jy86tq3f6zmk9ydvz7s7yf4lpz8dq,3420000000,
b73d75f5cfbc3951bf5ceb547c7e4c174f6cf6f7924a0d0e5c0f2b0da21470b9,2023-12-14T01:26:29.779000,sent,kaspa:qzur03nkqdu3w209dxmpttyp028ttkt3jy86tq3f6zmk9ydvz7s7yf4lpz8dq,3420000000,
b73d75f5cfbc3951bf5ceb547c7e4c174f6cf6f7924a0d0e5c0f2b0da21470b9,2023-12-14T01:26:29.779000,sent,kaspa:qzur03nkqdu3w209dxmpttyp028ttkt3jy86tq3f6zmk9ydvz7s7yf4lpz8dq,3420000000,
b73d75f5cfbc3951bf5ceb547c7e4c174f6cf6f7924a0d0e5c0f2b0da21470b9,2023-12-14T01:26:29.779000,sent,kaspa:qzur03nkqdu3w209dxmpttyp028ttkt3jy86tq3f6zmk9ydvz7s7yf4lpz8dq,3420000000,
b73d75f5cfbc3951bf5ceb547c7e4c174f6cf6f7924a0d0e5c0f2b0da21470b9,2023-12-14T01:26:29.779000,sent,kaspa:qzur03nkqdu3w209dxmpttyp028ttkt3jy86tq3f6zmk9ydvz7s7yf4lpz8dq,3420000000,
b73d75f5cfbc3951bf5ceb547c7e4c174f6cf6f7924a0d0e5c0f2b0da21470b9,2023-12-14T01:26:29.779000,sent,kaspa:qzur03nkqdu3w209dxmpttyp028ttkt3jy86tq3f6zmk9ydvz7s7yf4lpz8dq,3420000000,
b73d75f5cfbc3951bf5ceb547c7e4c174f6cf6f7924a0d0e5c0f2b0da21470b9,2023-12-14T01:26:29.779000,sent,kaspa:qzur03nkqdu3w209dxmpttyp028ttkt3jy86tq3f6zmk9ydvz7s7yf4lpz8dq,3420000000,
b73d75f5cfbc3951bf5ceb547c7e4c174f6cf6f7924a0d0e5c0f2b0da21470b9,2023-12-14T01:26:29.779000,sent,kaspa:qzur03nkqdu3w209dxmpttyp028ttkt3jy86tq3f6zmk9ydvz7s7yf4lpz8dq,3420000000,
b73d75f5cfbc3951bf5ceb547c7e4c174f6cf6f7924a0d0e5c0f2b0da21470b9,2023-12-14T01:26:29.779000,sent,kaspa:qzur03nkqdu3w209dxmpttyp028ttkt3jy86tq3f6zmk9ydvz7s7yf4lpz8dq,3420000000,
b73d75f5cfbc3951bf5ceb547c7e4c174f6cf6f7924a0d0e5c0f2b0da21470b9,2023-12-14T01:26:29.779000,sent,kaspa:qzur03nkqdu3w209dxmpttyp028ttkt3jy86tq3f6zmk9ydvz7s7yf4lpz8dq,3420000000,
b73d75f5cfbc3951bf5ceb547c7e4c174f6cf6f7924a0d0e5c0f2b0da21470b9,2023-12-14T01:26:29.779000,sent,kaspa:qzur03nkqdu3w209dxmpttyp028ttkt3jy86tq3f6zmk9ydvz7s7yf4lpz8dq,3420000000,
b73d75f5cfbc3951bf5ceb547c7e4c174f6cf6f7924a0d0e5c0f2b0da21470b9,2023-12-14T01:26:29.779000,sent,kaspa:qzur03nkqdu3w209dxmpttyp028ttkt3jy86tq3f6zmk9ydvz7s7yf4lpz8dq,3420000000,
b73d75f5cfbc3951bf5ceb547c7e4c174f6cf6f7924a0d0e5c0f2b0da21470b9,2023-12-14T01:26:29.779000,sent,kaspa:qzur03nkqdu3w209dxmpttyp028ttkt3jy86tq3f6zmk9ydvz7s7yf4lpz8dq,3420000000,
b73d75f5cfbc3951bf5ceb547c7e4c174f6cf6f7924a0d0e5c0f2b0da21470b9,2023-12-14T01:26:29.779000,sent,kaspa:qzur03nkqdu3w209dxmpttyp028ttkt3jy86tq3f6zmk9ydvz7s7yf4lpz8dq,3420000000,
b73d75f5cfbc3951bf5ceb547c7e4c174f6cf6f7924a0d0e5c0f2b0da21470b9,2023-12-14T01:26:29.779000,sent,kaspa:qzur03nkqdu3w209dxmpttyp028ttkt3jy86tq3f6zmk9ydvz7s7yf4lpz8dq,3420000000,
b73d75f5cfbc3951bf5ceb547c7e4c174f6cf6f7924a0d0e5c0f2b0da21470b9,2023-12-14T01:26:29.779000,sent,kaspa:qzur03nkqdu3w209dxmpttyp028ttkt3jy86tq3f6zmk9ydvz7s7yf4lpz8dq,3420000000,
b73d75f5cfbc3951bf5ceb547c7e4c174f6cf6f7924a0d0e5c0f2b0da21470b9,2023-12-14T01:26:29.779000,sent,kaspa:qzur03nkqdu3w209dxmpttyp028ttkt3jy86tq3f6zmk9ydvz7s7yf4lpz8dq,3420000000,
b73d75f5cfbc3951bf5ceb547c7e4c174f6cf6f7924a0d0e5c0f2b0da21470b9,2023-12-14T01:26:29.779000,sent,kaspa:qzur03nkqdu3w209dxmpttyp028ttkt3jy86tq3f6zmk9ydvz7s7yf4lpz8dq,3420000000,
b73d75f5cfbc3951bf5ceb547c7e4c174f6cf6f7924a0d0e5c0f2b0da21470b9,2023-12-14T01:26:29.779000,sent,kaspa:qzur03nkqdu3w209dxmpttyp028ttkt3jy86tq3f6zmk9ydvz7s7yf4lpz8dq,3420000000,
d49b69781f4a38fc2787a10f5e631176168d2c65660f73a579807d54930dffb6,2023-12-12T05:52:34.278000,received,kaspa:qyp8vk4us67xk78zu9yc3x4ptl9xff3vg820vvqzx7gec6nk62jl3pgfp3h7hy4,171000000,
2381a5cf470792eb0dbdecd35cacd9956fcd24e2a4b7982d82830cde4595093e,2023-12-12T05:45:30.516000,received,kaspa:qyp2y2afskgrk04gsaktpgcwqs50g3ucp9k6yw3gzq383zlggeqm7dgpuu0kdj9,171000000,
6e0cdec675f5fec73c83c288ec14d73426e6fd73f6a6ff329eba571891d6e766,2023-12-12T05:40:22.007000,received,kaspa:qype3mfd4s9y9lvc9qfprut60upxh2p2d424sq3ahymsg40m3yyhnfgpgyqxkn7,171000000,
8638969a524b18d870be9383e77a5b328da0dc4e97159b0ae2a6ed5a5d64f00d,2023-12-12T05:27:42.500000,received,kaspa:qypxznxgupa8eac5m4a9tyzuaja0eguaas4q5aje0378z4yypf3u3rc34prk2qn,171000000,
062754015eb72349aedd3b6ca8a588a4bb4b56fcc035c314205f017c799c5ec8,2023-12-12T05:24:19.055000,received,kaspa:qyp3tqm6gwk4ysnttvtq2haz8ffmpd62mcjj5dcz9jqg3lm58jpxrrqya7l88kj,171000000,
4b4b2f59b1a0190859f76d9031cccf61ba47a4ce01c6dacff5e090179ae3ccaf,2023-12-12T05:19:45.936000,received,kaspa:qyphjdfspkrm9wh3vhcwrjvgkcp9m8magzyjnrchf54yez3ht9p2rzgf26qpgxz,171000000,
f33345a87dec82df7605c5685602f72ce7899fbb9bcc84067e24bbaee8cb146a,2023-12-12T05:13:08.567000,received,kaspa:qype3mfd4s9y9lvc9qfprut60upxh2p2d424sq3ahymsg40m3yyhnfgpgyqxkn7,171000000,
f5b3a4a168bc5108baf53b517ccca3c95455693ad015ffb0373bc6f55cd91ac2,2023-12-12T04:58:40.094000,received,kaspa:qypl6a6nm0hqlpqz5k628yrc59vl9gpx5ulqwxsr36pua75u9gevxhgq8nrc0km,171000000,
19af68d9fdea1778673c90fda73b583a4de3faf2352e7544ca221149458ef702,2023-12-12T04:54:18.178000,received,kaspa:qyp09jwvzzyp0g4fdep2d2fekeh7gss2cd4mnug4jc5uel6xflyzw8csmlsjrqg,171000000,
69715c06cf0b0b4a22b8e12d72a005577467af7a6e22556b9a03004754ca47a4,2023-12-12T04:23:32.882000,received,kaspa:qyplygdysxukhd27ua75kjvmvs8j04dz0apehqpgudgez74zym5jauqpt8f52gc,171000000,
7185fa437f7f76422167c98ea362e02f044ba33cc9298e2d8e6324a252874a52,2023-12-12T04:22:07.604000,received,kaspa:qyprcjlnm6na4u2gkg476zv2qyl0vqvwssyj8zqrfxsvk0k8vyaha5stj42hf4h,171000000,
7df192b06b9212e3fd33587041946ca4dddcf1e27fd00a82e0abecad0906b919,2023-12-12T04:03:49.838000,received,kaspa:qyp09jwvzzyp0g4fdep2d2fekeh7gss2cd4mnug4jc5uel6xflyzw8csmlsjrqg,171000000,
67856d37f86839cc52ce42bc3bcc3d1c4c6db6fb2e5cdc2d16d27d0e402989df,2023-12-12T04:03:00.380000,received,kaspa:qypswxtcrv4ssyjaswy5w9387vq73mkuyq85tl34cee6qn5uexqy0csgnafnjx7,171000000,
6a78a7e1e5be9c8d2bc3c4fb9e7bf1a934803cbb1cff7be372f7250f92d0860c,2023-12-12T04:02:21.176000,received,kaspa:qypqhwaag39ahn934e9njgp5uuzr7zxgcwtqpzwrkehmxrgl608urmg4e9n5dh0,171000000,
370e9701eb015a28c41cce420e394de66148024799afb03630d990e7dbbafff9,2023-12-12T04:01:32.132000,received,kaspa:qypj4mpmfnmte39866f8ttexwhf0z3vql0qnz3agfmtgjdqjrfdg6mq6dfv0rpk,171000000,
50abfb1df7ae71a71eed2e40dc27cf082bd9d54c8ac582d9136824305763df19,2023-12-12T04:00:36.822000,received,kaspa:qype3mfd4s9y9lvc9qfprut60upxh2p2d424sq3ahymsg40m3yyhnfgpgyqxkn7,171000000,
3cd8f59e9301be818c9a06bac908ac04e6b2ca79c113a0605759a1cd0dbea2d2,2023-12-12T03:59:31.785000,received,kaspa:qyp09jwvzzyp0g4fdep2d2fekeh7gss2cd4mnug4jc5uel6xflyzw8csmlsjrqg,171000000,
6176481011c9d6db024be588efb7f916e413cffc78bf6c1a59243d036de90d35,2023-12-12T03:58:36.335000,received,kaspa:qypl6a6nm0hqlpqz5k628yrc59vl9gpx5ulqwxsr36pua75u9gevxhgq8nrc0km,171000000,
c715932a68bcb1b356f4648ceda4fe9460eb32c6987d0312736cf070143ee728,2023-12-12T03:56:58.078000,received,kaspa:qyp7pdnl7lcvupjaqrq07jgytn27yctey22a0l4hj6yy6w8ujauzzeg3wyd5jt4,171000000,
6107cbdfb8f5f835b074b9b72cd3e8d6427609e559af9f5ebfd46e227177f1cc,2023-12-12T03:52:23.614000,received,kaspa:qyp0jd37dhx6sqrr682y6cme89gjn4quzpeuuu3y9c82drvcpnecjjcssx3qp4x,171000000,
cfa20a732fc128e361afda6af52bb413a988a255ba4b5ec1e4e3fc9d8f95f0c3,2023-11-28T06:41:04.728000,sent,kaspa:qphz29zlae3yf97fnf8xqd86k9naap283uzfmcy3cjtekj067w76y6xvyxm07,197000000,
cc37f3f73059ce5ed855e5fae7b55904d5376eac8067bda2df3a06092a098411,2023-11-28T06:13:42.286000,sent,kaspa:qyp0ytw5wy8af52vvdaq6qqmeuktg4ed7dte6s7gx86d6458tc3khcsp5yej825,18000000,
d0cff7af1da789f8f5b4d98951e90e029d5225ac6f76d4751cba45cb4f398c44,2023-11-28T06:02:24.578000,sent,kaspa:qypunnldlvj0e6mvu6zutmzw2vwh9as2er7zewg9z06g2hhkvtjljfg5we73lmh,18000000,
0d4f84a4bbae277d6207401c37b9939cfb13ed1b7f22d80c125f13bda1f8d9be,2023-11-28T05:52:32.345000,sent,kaspa:qyp3aldt84qf9fpawvz8s9c3y2x7auvkk5dx7plx4q7ar6gz20se97g2htafntf,18000000,
b9489ab8d81a2c49c03e7c6a732080486780a7bf1b0f6d8ca9a472dbbe69120a,2023-11-28T05:39:38.053000,sent,kaspa:qypn8r2r6fxd35m083mkm5w55pq3xyuq2gp3yzz84d6ewcxnnanjrygpu26z2p8,18000000,
56ea56289c610080a7a300f69d0a6f62f0835468e24267a6dcc0015e2837818b,2023-11-28T05:29:10.174000,sent,kaspa:qypmt6u5r40ywvt809aewvuaafpl3emvdnpxm6z9hsv0ekspa83mkys0z34e00y,18000000,
e5fb4e52c422758b6bc6100c8d16e3209d1ee85d54c1c009a64c4a5c3176a0e6,2023-11-28T05:21:11.409000,sent,kaspa:qyp5au48daew4y0tp2t8mlrpeag3yej3rzyhfpq9dg9mjt55ezfv5ast5f7wxq9,18000000,
9b45bb70e8b1f27514146a5168ca1bb9d1a5fb111f4c34a371a12f971fdbd9e4,2023-11-28T05:12:38.575000,sent,kaspa:qyp9uvc6k5wfky87z2f3e9s38lx3ynwyjm2gjwa7wezknfcx6gd2algm5s5fmu3,18000000,
1f0abaf71b378e7f19c1597dbb128987d3d9b6a95e3ad74252f75e34f6d90b9c,2023-11-28T04:57:01.823000,sent,kaspa:qypx9q69ms4v4h78mu2kl5vywaaqrete5lhymcf6xxd2lal66xrt4acr0shk292,18000000,
938df7032acd37a6af413977b976ee4211d3e77eecd9218a7c41e443e032995f,2023-11-28T04:45:53.702000,sent,kaspa:qypu4jtxl4xwevgzw35ux07kyyy493kkrvwq5qqat2pww0gsrvcw7nqumlzpn2q,18000000,
5b9114dc8abac60db0d1b59a194969340bf1f87080a1da9b09ad979437b8147d,2023-11-28T03:59:48.635000,sent,kaspa:qypxfs427uecgkqq7hclmccntgv8k24ghasvl50ml4gd8t04zxsr9fcha89wwfp,18000000,
fbe9541ce0642ad8f88d42cd0e88d743d704ed4a3391a025df9ec70ed4e0e11d,2023-11-28T03:52:33.628000,sent,kaspa:qypt9csgyexkc9hnfqytj8q9zwncq4l0ylrqa8ntg8x64tqdw926khs3terppl4,18000000,
ef3111525297ff55d14c2f9aeef9081cd903b74a4f24a152c5e595ba661384b7,2023-11-28T02:39:47.498000,sent,kaspa:qyp9yahfxpzklwhnf96h7ljz2cz2ecdjelsrvpelgzppjmavy80dm3cqg5g2x67,18000000,
dd8ecf7074deb225970e920c922b6906d16b78333f932c4e0fdd25727283ee9e,2023-11-28T02:33:40.660000,sent,kaspa:qyp2sd46yzfzyzhzzte76tfg2hfajaen7hjq0glg7dynnfftenqwevcxnkqpce8,18000000,
4dbd3a3b73976f6f4a04a3ccdbdb58832d572796d30ba00e6f5e0ddd9171e1dc,2023-11-28T02:28:10.741000,sent,kaspa:qypedl3r9ak2t3adtd936sd0lp3j63pae89c980r77zxj4ry7kpcedsqkgguvqt,18000000,
34745280ab81115456729cff546b2a46c0a54432ba01bf04dcc815b3932220f0,2023-11-28T02:21:42.500000,sent,kaspa:qypmknptc3zwj52aja92wfl4qh0k8asuxaxnarpf2hdzshhpl7ngkdqwg74uzl2,18000000,
6f652fdb34b4dea5e749ce5ccbe5a7c8840380d633a2703dbf24be014879ace6,2023-11-28T02:15:08.934000,sent,kaspa:qyp33hsddmq98z06tlu95szpzvlkeqk6ej6559r3q494j2ms00kzgagektwxuny,18000000,
196f69f12931cedd3295f4aec68e7f323792e1da91dacffd5000845194b39185,2023-11-28T02:08:24.760000,sent,kaspa:qypvdvharg4mlp9sk08ph0dhyr6d4pnuzvzfff0kq6vme8cehed8pncpkq0tv04,18000000,
d1c04359d3d9e1f7d76da800aad29aac6a1a190d3b06b8546083260092d76fad,2023-11-28T02:01:41.454000,sent,kaspa:qyp3wlfv0wawahgq2srpy5aqj2dwd9x6u5trqx0z7zkmhwkkmemvkdchhg7pszu,18000000,
53bd706f22b07d69813971e6b26c1df5df5637268df836cb749f1755d968f1f8,2023-11-28T01:53:53.012000,sent,kaspa:qyp5tqh9pcncarp824dysp4ufuvjeg7dyqdpkmtctafa5vs6z6uzptgn59ntlam,18000000,
bba6352f5345bd7b47c6ce4167c0d057d7671be5219910dd324dd87daff749dc,2023-11-28T01:46:41.053000,sent,kaspa:qypddgdur5fltszguc7zchppjqtrt60jgh22yglhgaymeuh083nah6suwyrcc30,18000000,
a087859461509b66787fff2432e90393e4c127c4461b2d1b4160e107f29828e2,2023-11-28T01:34:08.481000,sent,kaspa:qzzu6dx2jcqt3y09gjdfa2a55ac65k0nrfsmcvs5j537anpp98nfvrzpwarza,40000000,
4ce94873afe0fbe67a7fda3f1d4e32532ac919e18700e45e3985e8e4234f1644,2023-11-27T22:07:30.979000,received,kaspa:qz4nc2gn3fn5fan5rarlwglmfgyy5evw5psfxhkcrw54rtxva6h0w0fms8j98,600000000,
