tx_id,timestamp,direction,peer_address,amount_sompi,cex_label
d5eb58985479fcb70b0624b0d8af352b581cca88354ecce5e7dcce95cb6bd507,2023-12-13T08:37:58.738000,sent,kaspa:qqh06puhtgsu5utuakvv88ewhppn4dtp0k4a2df0xxga6ytg5p7vzcs0tuml5,14363160000,
8928dcff4f77fc91f99e56f1a120723971efe699b5719192252daef7daee1810,2023-12-12T14:02:02.193000,received,kaspa:qypswxtcrv4ssyjaswy5w9387vq73mkuyq85tl34cee6qn5uexqy0csgnafnjx7,171000000,
77f7602a146b2f3dd9d832aca368c32e00295fc32ef5eb0f7f031e06f9578275,2023-11-28T20:15:37.317000,sent,kaspa:qypau34lwcnlhyx3m99wwjtttv6pkg529xr9u7z9hnl2msrmpyead4cjlems3ll,18000000,
77f7602a146b2f3dd9d832aca368c32e00295fc32ef5eb0f7f031e06f9578275,2023-11-28T20:15:37.317000,sent,kaspa:qrr6f9fxm25as8h5fdsr0tau9ndaqgslggjf60665j0at6dj9aeh6jekwlxsg,2244790000,
3a41445e03adcbaace696be4e29b52feba18d6776ffc925ce5985acb81553857,2023-11-28T20:11:16.721000,received,kaspa:qplxr54gug69tdxnn55je8xyd07qx0kv7fkfm03qdu2qvpd98sqjkjftp8gcy,2262800000,
