tx_id,timestamp,direction,peer_address,amount_sompi,cex_label
1c0964f84b2fe45a7605a1c81df14e84a2fd70c67658882de54ea706538fe227,2023-12-16T04:17:56.428000,sent,kaspa:qzslgwenzu78t6tldlng383g7ruu4enaljmnkgaulyrscjp7ldt26x8gfxck5,171940000,
1c0964f84b2fe45a7605a1c81df14e84a2fd70c67658882de54ea706538fe227,2023-12-16T04:17:56.428000,sent,kaspa:qzslgwenzu78t6tldlng383g7ruu4enaljmnkgaulyrscjp7ldt26x8gfxck5,171940000,
b086ddeb573ef7362fda42b472dc683a4c7f945bdf8523dd7aa7ee885f5c1d98,2023-12-12T11:00:35.748000,received,kaspa:qypswxtcrv4ssyjaswy5w9387vq73mkuyq85tl34cee6qn5uexqy0csgnafnjx7,171000000,
5b22f9abe4c620cf8195663006a8b4f053ea9aca727318ac2dc530c3b0448372,2023-11-28T15:18:03.493000,sent,kaspa:qypfyc5vp9sc9h97ag7wkrknjzcaj5qef8t7vsn5tgwffhgqmm5ytasv53wv0rw,18000000,
efd8dc00bc32b5b4e34301e7a461764bf4d39b158c4ce5c03c911caa12d87c2e,2023-11-28T05:14:46.549000,received,kaspa:qqu3y9zclllm6ldy3fkthve4f96p2xez7c28fya96vp3kh34ulnvy8fldmvve,19000000,
