tx_id,timestamp,direction,peer_address,amount_sompi,cex_label
78b2251f9cf9d94a5d5244a117c62c4945f056a128229a6179470b6cd5a65c16,2023-12-16T04:41:27.088000,sent,kaspa:qzslgwenzu78t6tldlng383g7ruu4enaljmnkgaulyrscjp7ldt26x8gfxck5,190940000,
78b2251f9cf9d94a5d5244a117c62c4945f056a128229a6179470b6cd5a65c16,2023-12-16T04:41:27.088000,sent,kaspa:qzslgwenzu78t6tldlng383g7ruu4enaljmnkgaulyrscjp7ldt26x8gfxck5,190940000,
ea1071bf038481c078fd09ac799cb1ef6a231c73cd856f33e48f9f49c6a52b2e,2023-12-12T11:51:42.059000,received,kaspa:qypswxtcrv4ssyjaswy5w9387vq73mkuyq85tl34cee6qn5uexqy0csgnafnjx7,171000000,
d67bed3991e26ed699508a775a21a584cc7cf76ab0c39ec7684c1052a1639973,2023-11-28T16:20:40.287000,sent,kaspa:qyp5j6knxwf9u00ma65yaf2l5v7ewxg0gjpzrwh8amcdl6kd5el5rls48ulr58s,18000000,
d67bed3991e26ed699508a775a21a584cc7cf76ab0c39ec7684c1052a1639973,2023-11-28T16:20:40.287000,sent,kaspa:qyp5j6knxwf9u00ma65yaf2l5v7ewxg0gjpzrwh8amcdl6kd5el5rls48ulr58s,18000000,
f284306342da48dab044796b174d4965685feef1afcf606b300f3e370ba3b06f,2023-11-27T16:00:58.353000,received,kaspa:qz6l8tgf857xsthzey5323llrrazwwjguaza9ahgna75apjuczwac56pn4plh,19000000,
93d1d8a9a04fc9b101c9b2f7d99b6fc80b201d9cb0358f5752e99f42d900fed6,2023-11-27T15:57:25.003000,received,kaspa:qzaqxltqvnat7lqekkqaf586rmyxjkru76a5g23yjcw5x0ymx0sxsftlzpgws,19000000,
