tx_id,timestamp,direction,peer_address,amount_sompi,cex_label
95b58f6d54a75aab91afc00e49853d15f04f9e334bcfa129e6564a25ca790d10,2023-12-16T04:10:16.536000,sent,kaspa:qzslgwenzu78t6tldlng383g7ruu4enaljmnkgaulyrscjp7ldt26x8gfxck5,171940000,
95b58f6d54a75aab91afc00e49853d15f04f9e334bcfa129e6564a25ca790d10,2023-12-16T04:10:16.536000,sent,kaspa:qzslgwenzu78t6tldlng383g7ruu4enaljmnkgaulyrscjp7ldt26x8gfxck5,171940000,
82654dc5802b885c45ac5b674215c9b6dace8ea31b42bf77e7dc7a580977a8d3,2023-12-12T08:23:52.376000,received,kaspa:qypswxtcrv4ssyjaswy5w9387vq73mkuyq85tl34cee6qn5uexqy0csgnafnjx7,171000000,
2bb21f8b7d5cde19d9a21adeb4af437a8a6ba049d64121bf9152885fdfd18494,2023-11-28T11:06:03.335000,sent,kaspa:qyp7ddu5e49nm4prkhmpqf9cjj7qhlmts07trs2l9u4pk76dp2rm8ng27f78rf0,18000000,
30fb40bafb181b73b8264f23fcf6c2fb0763fed45f18f9a5437f21a435e5bea2,2023-11-27T07:08:43.564000,received,kaspa:qqu3y9zclllm6ldy3fkthve4f96p2xez7c28fya96vp3kh34ulnvy8fldmvve,19000000,
