tx_id,timestamp,direction,peer_address,amount_sompi,cex_label
8e8de6f3b4485221333336963084b98f7fcc7788b8f55f94c22c1d5a535d8a50,2024-03-20T13:19:54.961000,sent,kaspa:qq9zagcza4jt76eev9jl5z0nqhe0thcu7js8larktj4sle7lvgnw7sfcewlty,346900000000,
8e8de6f3b4485221333336963084b98f7fcc7788b8f55f94c22c1d5a535d8a50,2024-03-20T13:19:54.961000,sent,kaspa:qq9zagcza4jt76eev9jl5z0nqhe0thcu7js8larktj4sle7lvgnw7sfcewlty,346900000000,
369c22c0151c3b80680e860b75ced9fb37c91091d35470de1add3c6ef160e084,2024-03-20T13:14:36.681000,received,kaspa:qzzmzltq6c3h50sn8a597pyf6gapdhz767dthl2kg0ashxgynlkfq98wwrwy9,346978500000,
369c22c0151c3b80680e860b75ced9fb37c91091d35470de1add3c6ef160e084,2024-03-20T13:14:36.681000,received,kaspa:qr43ss2fagnj2z5ekm9f97x0wlswwh6rsa6awshzaevu5vr9ww3gxrut64ah5,346978500000,
369c22c0151c3b80680e860b75ced9fb37c91091d35470de1add3c6ef160e084,2024-03-20T13:14:36.681000,received,kaspa:qqq2h4fkh7400chgqawfznu0ejql2mmak226txfunnjrah8x4vjac6lqf9axg,346978500000,
369c22c0151c3b80680e860b75ced9fb37c91091d35470de1add3c6ef160e084,2024-03-20T13:14:36.681000,received,kaspa:qr4klksj0k8nxf4q98ll5xtmqwlrmg0scglwr9akz4sgfxz3cu4esp5zenmr0,346978500000,
369c22c0151c3b80680e860b75ced9fb37c91091d35470de1add3c6ef160e084,2024-03-20T13:14:36.681000,received,kaspa:qpkaf29ael3f33xcj4wq3tt37f0hujkq0hu774gqh7r06zr776u7crlcx52aa,346978500000,
369c22c0151c3b80680e860b75ced9fb37c91091d35470de1add3c6ef160e084,2024-03-20T13:14:36.681000,received,kaspa:qphyf7py5lcthvrhk4u6jyw8l5r985fk0undvrda8jfck8pc7fel68qjqakf0,346978500000,
369c22c0151c3b80680e860b75ced9fb37c91091d35470de1add3c6ef160e084,2024-03-20T13:14:36.681000,received,kaspa:qzfp57hur3y0jneu7ly7zt5rwj3gqgrnxtdujse35v9vtzvrenj3vy9pjpgr0,346978500000,
369c22c0151c3b80680e860b75ced9fb37c91091d35470de1add3c6ef160e084,2024-03-20T13:14:36.681000,received,kaspa:qz6z9uut689pzy23u9yx6hpn3qlaqw9ym4vkm063uvwk4q8h8xn35g2wpxwx2,346978500000,
369c22c0151c3b80680e860b75ced9fb37c91091d35470de1add3c6ef160e084,2024-03-20T13:14:36.681000,received,kaspa:qqr6j4h6ka9gpzycngp3pz0ffd2a68ng7qw0nf7myw4l2kmaw69fvwy34ntq7,346978500000,
d1f5d6805ce759b801024d2a4dded9ca4aca1cb45d42c8282039290dc164d0f7,2024-03-14T12:32:53.313000,sent,kaspa:qr43ss2fagnj2z5ekm9f97x0wlswwh6rsa6awshzaevu5vr9ww3gxrut64ah5,26738000000,
d1f5d6805ce759b801024d2a4dded9ca4aca1cb45d42c8282039290dc164d0f7,2024-03-14T12:32:53.313000,sent,kaspa:qr43ss2fagnj2z5ekm9f97x0wlswwh6rsa6awshzaevu5vr9ww3gxrut64ah5,26738000000,
dcd020496ebdfebf0ba68373b43d87fe1e224d16a34052c439d6260cfa16c462,2024-03-14T12:01:58.237000,received,kaspa:qq9zagcza4jt76eev9jl5z0nqhe0thcu7js8larktj4sle7lvgnw7sfcewlty,26711907326,
a152dabba344cae1021f911bf6057522a96e13298c3360cf6bb8b382ed66e113,2024-03-14T09:31:59.542000,sent,kaspa:qzzmzltq6c3h50sn8a597pyf6gapdhz767dthl2kg0ashxgynlkfq98wwrwy9,300000000000,
a152dabba344cae1021f911bf6057522a96e13298c3360cf6bb8b382ed66e113,2024-03-14T09:31:59.542000,sent,kaspa:qzzmzltq6c3h50sn8a597pyf6gapdhz767dthl2kg0ashxgynlkfq98wwrwy9,300000000000,
5edf1391eb8cb98203953a8a94bfbf13cad04d08fc43b52af242a581f41563f8,2024-03-14T09:07:38.232000,received,kaspa:qr6g2utqlc0l5fyfc4p5c9e8qeaa7xp0m2t4j4hlv2qvche75uhdjh6lg8zkz,300000000000,
62b1d4401585b47c696943f5be3b30b0113796f8e58462a453e3b6de9c4d3642,2024-02-29T07:29:59.940000,sent,kaspa:qzvd2xf676mv0mjhkks7fjdz56nksa6ukatcwj3c07huxl523mwy20xsqnd46,319000000000,
79eb60d371a01c628464583934435fbbe41fa135e5f49f06a3d899f8e64b0969,2024-02-29T07:26:53.569000,sent,kaspa:qr4klksj0k8nxf4q98ll5xtmqwlrmg0scglwr9akz4sgfxz3cu4esp5zenmr0,700000000,
79eb60d371a01c628464583934435fbbe41fa135e5f49f06a3d899f8e64b0969,2024-02-29T07:26:53.569000,sent,kaspa:qr4klksj0k8nxf4q98ll5xtmqwlrmg0scglwr9akz4sgfxz3cu4esp5zenmr0,700000000,
3a607707c6c1d602e75ecccba79219fa10ed5ad2af09cf94fc953a6ec3101a24,2024-02-29T07:22:04.175000,received,kaspa:qq9zagcza4jt76eev9jl5z0nqhe0thcu7js8larktj4sle7lvgnw7sfcewlty,319719966451,
3a607707c6c1d602e75ecccba79219fa10ed5ad2af09cf94fc953a6ec3101a24,2024-02-29T07:22:04.175000,received,kaspa:qq9zagcza4jt76eev9jl5z0nqhe0thcu7js8larktj4sle7lvgnw7sfcewlty,319719966451,
3a607707c6c1d602e75ecccba79219fa10ed5ad2af09cf94fc953a6ec3101a24,2024-02-29T07:22:04.175000,received,kaspa:qq9zagcza4jt76eev9jl5z0nqhe0thcu7js8larktj4sle7lvgnw7sfcewlty,319719966451,
0fb15b1218e789e931ea20a3ad0b2552386c0d4fdbebe7f04382e6b63d310773,2024-02-28T16:39:04.039000,sent,kaspa:qpgm540077kpk8aq5w32e3jsy7pazacakxzwlqt84tawn6606kskw6h6s2zfk,590800000,
39aa2c27b0df2b26a4803e67a0d2c5a8e8badad3e3027682383b3eeae965ac26,2024-02-28T16:34:02.984000,received,kaspa:qq9zagcza4jt76eev9jl5z0nqhe0thcu7js8larktj4sle7lvgnw7sfcewlty,598241591,
