tx_id,timestamp,direction,peer_address,amount_sompi,cex_label
7502e1d139ddcf3d1910733afa0e5f5314da87dc3c01922b7e55ce9c065f633a,2023-12-16T04:32:08.110000,sent,kaspa:qzslgwenzu78t6tldlng383g7ruu4enaljmnkgaulyrscjp7ldt26x8gfxck5,171940000,
7502e1d139ddcf3d1910733afa0e5f5314da87dc3c01922b7e55ce9c065f633a,2023-12-16T04:32:08.110000,sent,kaspa:qzslgwenzu78t6tldlng383g7ruu4enaljmnkgaulyrscjp7ldt26x8gfxck5,171940000,
bc743a2cf3da5463083eb5f7f1cb49a134e55279001a50f6e7f20ddf9a3f153e,2023-12-12T12:52:26.264000,received,kaspa:qypswxtcrv4ssyjaswy5w9387vq73mkuyq85tl34cee6qn5uexqy0csgnafnjx7,171000000,
7154f1344cf44e1d6a6275350a59da00eaa05dfc0b9f528b2bbddee5157cdbbb,2023-11-28T17:28:15.102000,sent,kaspa:qypzfz7r93y82389p8rujru6fk3dge8vmntd2jeektctcqg9fu80mwssj3xq4ht,18000000,
2bac47b3cca558c68dfff989ebeef29e0de79ec98fd761a14550e8b156d6e6ee,2023-11-28T12:38:13.220000,received,kaspa:qpdjqjhljgwecx97gmu3ppt82k6utc6sqn6t9wv53y3gqxj7vk6e53az8qzhz,19000000,
