tx_id,timestamp,direction,peer_address,amount_sompi,cex_label
07c358dfba27604c8ad6e4dbd1b311917dd934416b90004be341570938c655b3,2023-12-16T04:51:46.655000,sent,kaspa:qzslgwenzu78t6tldlng383g7ruu4enaljmnkgaulyrscjp7ldt26x8gfxck5,171940000,
07c358dfba27604c8ad6e4dbd1b311917dd934416b90004be341570938c655b3,2023-12-16T04:51:46.655000,sent,kaspa:qzslgwenzu78t6tldlng383g7ruu4enaljmnkgaulyrscjp7ldt26x8gfxck5,171940000,
63f16663b0b1a22145db22cbe79004472d920c08e7e5b966537054457e61e1c3,2023-12-12T22:35:27.432000,received,kaspa:qypswxtcrv4ssyjaswy5w9387vq73mkuyq85tl34cee6qn5uexqy0csgnafnjx7,171000000,
fe2a41889f67de3c4d07dd551c8f4e3c25f8b5b6dcd7d0c7f2a3f194180b852e,2023-11-29T14:11:58.736000,sent,kaspa:qyp9cznvykk57qcar8ghxp5l405gshmnvyf4rag63xscagmzlevuuuqcvktkef6,18000000,
7048ecf15193b8b85e04b53ea30d315c9ec7ac654376b3ab8ca67962e33755e9,2023-11-29T12:59:52.063000,received,kaspa:qz6l8tgf857xsthzey5323llrrazwwjguaza9ahgna75apjuczwac56pn4plh,19000000,
