tx_id,timestamp,direction,peer_address,amount_sompi,cex_label
dbd3fee618f81b6c3e4d9ebdca89fba7461d73ba3b61d72c8613ba7523b14ad6,2023-10-24T16:53:26.506000,sent,kaspa:qp56gcda0egwl0s32seame7smtsntcm6q45fttwt3u5xvvrajxgxqhr0upc00,378000000000,
dbd3fee618f81b6c3e4d9ebdca89fba7461d73ba3b61d72c8613ba7523b14ad6,2023-10-24T16:53:26.506000,sent,kaspa:qqjj0uzxylz0xuvh2f30a4mt6y5sfcp66pxl59xx95k6pt0ex35guz5mpcgcl,1498822820036,
66760eee21dfb111018efb2b7db1821d92eb9e953bc08fe082b6eaf17aa895e2,2023-10-24T15:53:44.992000,received,kaspa:qqq2zmhm3dun73g6zr6sdnrzmsujagdf99ev2msr6ju6c5kvqlcx78aylhfed,1876822830036,
66760eee21dfb111018efb2b7db1821d92eb9e953bc08fe082b6eaf17aa895e2,2023-10-24T15:53:44.992000,received,kaspa:qqq2zmhm3dun73g6zr6sdnrzmsujagdf99ev2msr6ju6c5kvqlcx78aylhfed,1876822830036,
66760eee21dfb111018efb2b7db1821d92eb9e953bc08fe082b6eaf17aa895e2,2023-10-24T15:53:44.992000,received,kaspa:qq703y6yavq0vhl97y8y8hc2pe3nmk2duez60fk0vuqpq33jna6j6kvtk9lup,1876822830036,
66760eee21dfb111018efb2b7db1821d92eb9e953bc08fe082b6eaf17aa895e2,2023-10-24T15:53:44.992000,received,kaspa:qqq2zmhm3dun73g6zr6sdnrzmsujagdf99ev2msr6ju6c5kvqlcx78aylhfed,1876822830036,
66760eee21dfb111018efb2b7db1821d92eb9e953bc08fe082b6eaf17aa895e2,2023-10-24T15:53:44.992000,received,kaspa:qqq2zmhm3dun73g6zr6sdnrzmsujagdf99ev2msr6ju6c5kvqlcx78aylhfed,1876822830036,
66760eee21dfb111018efb2b7db1821d92eb9e953bc08fe082b6eaf17aa895e2,2023-10-24T15:53:44.992000,received,kaspa:qqq2zmhm3dun73g6zr6sdnrzmsujagdf99ev2msr6ju6c5kvqlcx78aylhfed,1876822830036,
66760eee21dfb111018efb2b7db1821d92eb9e953bc08fe082b6eaf17aa895e2,2023-10-24T15:53:44.992000,received,kaspa:qqq2zmhm3dun73g6zr6sdnrzmsujagdf99ev2msr6ju6c5kvqlcx78aylhfed,1876822830036,
66760eee21dfb111018efb2b7db1821d92eb9e953bc08fe082b6eaf17aa895e2,2023-10-24T15:53:44.992000,received,kaspa:qqq2zmhm3dun73g6zr6sdnrzmsujagdf99ev2msr6ju6c5kvqlcx78aylhfed,1876822830036,
66760eee21dfb111018efb2b7db1821d92eb9e953bc08fe082b6eaf17aa895e2,2023-10-24T15:53:44.992000,received,kaspa:qqq2zmhm3dun73g6zr6sdnrzmsujagdf99ev2msr6ju6c5kvqlcx78aylhfed,1876822830036,
66760eee21dfb111018efb2b7db1821d92eb9e953bc08fe082b6eaf17aa895e2,2023-10-24T15:53:44.992000,received,kaspa:qqq2zmhm3dun73g6zr6sdnrzmsujagdf99ev2msr6ju6c5kvqlcx78aylhfed,1876822830036,
66760eee21dfb111018efb2b7db1821d92eb9e953bc08fe082b6eaf17aa895e2,2023-10-24T15:53:44.992000,received,kaspa:qqq2zmhm3dun73g6zr6sdnrzmsujagdf99ev2msr6ju6c5kvqlcx78aylhfed,1876822830036,
66760eee21dfb111018efb2b7db1821d92eb9e953bc08fe082b6eaf17aa895e2,2023-10-24T15:53:44.992000,received,kaspa:qq9y882uyas4jwfgmnawt9sg6rha4ta6zgrawp3340v4kkg2aumkweztwe5m8,1876822830036,
05ac7c647325d0ec226313214eb27eb25f1c310541868b1b8647df8381b3c523,2023-09-29T21:21:27.167000,sent,kaspa:qznvtcjl2vnvxanp75mk2gwj4kvmd3q8hllu8y99jm5px4zt7v8g5qf05f366,253726858426,
793c66c8e8e4dea44f19eadfda7e8258ef434fb26e049412d68731c708733e40,2023-09-29T09:50:10.543000,received,kaspa:qrvum29vk365g0zcd5gx3c7h829etfq2ytdmscjzw4zw04fjfnprcg9c3tges,69900000000,
233c2289c5034a3dba8f861e5b519a2ddd8db1b8c191f397448ad50b98b7ca34,2023-07-14T13:41:40.065000,sent,kaspa:qp56gcda0egwl0s32seame7smtsntcm6q45fttwt3u5xvvrajxgxqhr0upc00,30000000000,
233c2289c5034a3dba8f861e5b519a2ddd8db1b8c191f397448ad50b98b7ca34,2023-07-14T13:41:40.065000,sent,kaspa:qz0vzah9xhpwzzxlql6cmmsr2np7tqmwy2m4crrtgf0gv0f03q03gyd7ukuqs,1869908177,
1464109a0099c8b893150f551e5e6fcf1a0f8748c51b6d7d33433334a5bf645a,2023-06-14T13:40:09.393000,received,kaspa:qrzk7zrg5sy3yphv37kdrtsvuvlhazwgsta3f9atuvr8279jl78yygcsjpzk8,9999998177,
