tx_id,timestamp,direction,peer_address,amount_sompi,cex_label
632cc8bbb96d867ea97038172110ddccb0cf90ccd862622b2d0d9c4d3d96938b,2023-12-16T03:42:32.479000,sent,kaspa:qzslgwenzu78t6tldlng383g7ruu4enaljmnkgaulyrscjp7ldt26x8gfxck5,171940000,
632cc8bbb96d867ea97038172110ddccb0cf90ccd862622b2d0d9c4d3d96938b,2023-12-16T03:42:32.479000,sent,kaspa:qzslgwenzu78t6tldlng383g7ruu4enaljmnkgaulyrscjp7ldt26x8gfxck5,171940000,
50c7112344a1cd664fa4c251d372f6d0a4a16ed0ca31ac0b3472300d309aa523,2023-12-12T02:52:57.838000,received,kaspa:qypswxtcrv4ssyjaswy5w9387vq73mkuyq85tl34cee6qn5uexqy0csgnafnjx7,171000000,
ef9e8c079c01e2b9f03e8cabb2296029e9f17d55243d26372e028e14f53bae52,2023-11-28T00:48:24.182000,sent,kaspa:qyp76w68v74sgvkmjzynd3zms8jrj3ud4grmre3qggyss20nh3gt6rq9fnunlwm,18000000,
96e76996ca61d50593c92c7dc992b346483c5566ce4a73709f4a5b216bb8f34d,2023-11-27T18:28:21.373000,received,kaspa:qpvn753256550h3q748kk43ek6u8sag3uw2c06vf5zsew86ncfraj8p7qkk3n,19000000,
