tx_id,timestamp,direction,peer_address,amount_sompi,cex_label
1bfc07df0453f73c6df3467277a34a987c7049e2b7594b57ed068f798e6894a9,2024-04-13T06:22:33.871000,sent,kaspa:qzl3qvd0sxf2a3xc2jzf8hvvm4w4ma68m2hs0vl4pnllnwqxuvzece9xhnsk8,50130448569,
1bfc07df0453f73c6df3467277a34a987c7049e2b7594b57ed068f798e6894a9,2024-04-13T06:22:33.871000,sent,kaspa:qqd0jr0xrx3y6udxzwn47naulnmfxxzs36k9v9nqux859rlae7awwtnld37vx,4387522652,
de5b14c5b970b545817afd3c580da8f2fb74a1567cb07480090be292c70e9be4,2024-03-28T18:08:23.931000,received,kaspa:qzjlej8hgwyd448guq5pjw57z4tdh9wvxyy8rf7nndexz8z94crksrj3m483e,4490200036,
de5b14c5b970b545817afd3c580da8f2fb74a1567cb07480090be292c70e9be4,2024-03-28T18:08:23.931000,received,kaspa:qr9qc8gzgx54ufuah3n9sr7cgndgjdk74u7lpqr6przf0spaqcd6yyjuzfhkj,4490200036,
de5b14c5b970b545817afd3c580da8f2fb74a1567cb07480090be292c70e9be4,2024-03-28T18:08:23.931000,received,kaspa:qqgxcqwt507pd8xfmlrf73tgj5m40gswzm2lwxw0l6ly77vnv2hcwajn62lv5,4490200036,
de5b14c5b970b545817afd3c580da8f2fb74a1567cb07480090be292c70e9be4,2024-03-28T18:08:23.931000,received,kaspa:qpcgy8jm0l9ha565y28j789ncs43k5dt6ultec9dlaz784che03yu9l0mt9xj,4490200036,
de5b14c5b970b545817afd3c580da8f2fb74a1567cb07480090be292c70e9be4,2024-03-28T18:08:23.931000,received,kaspa:qz49va4hlrg4hfxmhjvvspp6agst5w6g2dsakuzcnj6nyew3n32hj55dr8tnt,4490200036,
de5b14c5b970b545817afd3c580da8f2fb74a1567cb07480090be292c70e9be4,2024-03-28T18:08:23.931000,received,kaspa:qrjhh4jpx8fhwym2atkeh8rkl4cuuaujattac2vwtyenxnwp5kpexavl7afwp,4490200036,
de5b14c5b970b545817afd3c580da8f2fb74a1567cb07480090be292c70e9be4,2024-03-28T18:08:23.931000,received,kaspa:qptujzzgh7ujxftm2rt99k0zvufpj672pxzj5rlukcx4mprl6w567vlrw5wqd,4490200036,
de5b14c5b970b545817afd3c580da8f2fb74a1567cb07480090be292c70e9be4,2024-03-28T18:08:23.931000,received,kaspa:qqxurmm26zs7zvcztnd4t9geudgg8phymhf3srqp8p37r8e2wd4yv7vrlp4xr,4490200036,
de5b14c5b970b545817afd3c580da8f2fb74a1567cb07480090be292c70e9be4,2024-03-28T18:08:23.931000,received,kaspa:qrg4k9nnt4ymqslr7kyyhq57ggqzzdxts7x0g9007hc6ts6t8a92wyqcnpu0z,4490200036,
de5b14c5b970b545817afd3c580da8f2fb74a1567cb07480090be292c70e9be4,2024-03-28T18:08:23.931000,received,kaspa:qquuwxv5j6v7rd6z8d36lc5dgck3pj74mkfkkwd7g4d5rv42cpnzxwme8wz40,4490200036,
de5b14c5b970b545817afd3c580da8f2fb74a1567cb07480090be292c70e9be4,2024-03-28T18:08:23.931000,received,kaspa:qqxurmm26zs7zvcztnd4t9geudgg8phymhf3srqp8p37r8e2wd4yv7vrlp4xr,4490200036,
de5b14c5b970b545817afd3c580da8f2fb74a1567cb07480090be292c70e9be4,2024-03-28T18:08:23.931000,received,kaspa:qpv34txhh0a2na5vx0ews52eqlrx58nr3arzansfg2uqm8vdcqzfq9lyckzvg,4490200036,
de5b14c5b970b545817afd3c580da8f2fb74a1567cb07480090be292c70e9be4,2024-03-28T18:08:23.931000,received,kaspa:qp47auugps4umew83x7zmaw0hf7rtngaxh2fv4g9vye6skl00jva50qczp330,4490200036,
