tx_id,timestamp,direction,peer_address,amount_sompi,cex_label
c5adf078a8abcb81179355336b5df40d65db37e907c3681e45bc11943316471f,2024-04-18T18:40:43.352000,sent,kaspa:qq9zagcza4jt76eev9jl5z0nqhe0thcu7js8larktj4sle7lvgnw7sfcewlty,3053200000000,
c5adf078a8abcb81179355336b5df40d65db37e907c3681e45bc11943316471f,2024-04-18T18:40:43.352000,sent,kaspa:qq9zagcza4jt76eev9jl5z0nqhe0thcu7js8larktj4sle7lvgnw7sfcewlty,3053200000000,
0ad706dad48925497b776d17aa0646e2c41a1bdf6d95489864a9ff89c6562322,2024-04-18T18:33:59.880000,received,kaspa:qpmmn3ha8ycj2gxnj7c5k3pp99zffjprt6x34y06x7hq3t7txtl4v0atw788c,3052231328344,
0ad706dad48925497b776d17aa0646e2c41a1bdf6d95489864a9ff89c6562322,2024-04-18T18:33:59.880000,received,kaspa:qqhz5lwz72mh9y720tf3wh9l5533twaw947m74zuxh4phy8zw0reqy6uzas3l,3052231328344,
0ad706dad48925497b776d17aa0646e2c41a1bdf6d95489864a9ff89c6562322,2024-04-18T18:33:59.880000,received,kaspa:qqhz5lwz72mh9y720tf3wh9l5533twaw947m74zuxh4phy8zw0reqy6uzas3l,3052231328344,
ebac0b6e7138388f27ebe40541ade3f3e17d6b989d99d609c8a7b70f5adc58d1,2024-04-18T18:33:23.575000,received,kaspa:qqhz5lwz72mh9y720tf3wh9l5533twaw947m74zuxh4phy8zw0reqy6uzas3l,1000000000,
