tx_id,timestamp,direction,peer_address,amount_sompi,cex_label
26dc3f0de9a8e99f4cd32f625b4c49d6ebc2e790e413cf1d5f0e513bb4e1c8c7,2024-06-20T00:00:04.721000,sent,kaspa:qq9zagcza4jt76eev9jl5z0nqhe0thcu7js8larktj4sle7lvgnw7sfcewlty,2500000000,
34608d5abf3b22d0883cb7453574732ce6ccc289cb92dce2e5353783901f4c21,2024-06-18T17:37:10.068000,sent,kaspa:qq9zagcza4jt76eev9jl5z0nqhe0thcu7js8larktj4sle7lvgnw7sfcewlty,2000000000,
6b696d9c22a127d6ea9e9fe813c3ded86a57ef013bc735c800ccfdea9d312c82,2024-06-18T17:23:41.301000,received,kaspa:qr8wwr6zj825lz7wvezdn0d26xurv8r8kjkg7nmqkkwdd3sletssqdqrlexf9,5000000000,
6b696d9c22a127d6ea9e9fe813c3ded86a57ef013bc735c800ccfdea9d312c82,2024-06-18T17:23:41.301000,received,kaspa:qr8wwr6zj825lz7wvezdn0d26xurv8r8kjkg7nmqkkwdd3sletssqdqrlexf9,5000000000,
