tx_id,timestamp,direction,peer_address,amount_sompi,cex_label
d657926a2e3776a577907d34a5ef790a93134c02f1310114902785a6107ea264,2023-07-09T01:02:43.571000,sent,kaspa:qrf46klp3ud5d7m4cuxcs6uqmf2jq5emt9dxg2736mgyq40rzp0xvjh9alwyt,24900000000,
d657926a2e3776a577907d34a5ef790a93134c02f1310114902785a6107ea264,2023-07-09T01:02:43.571000,sent,kaspa:qpj83rp24zzxwp3rpn7l5pcj7s6rffyq5nwqc004p95d92fmkxngznry5f3zl,99994711,
399a0c6a00475c65f8ee06a02dbd1719d433ba3d77dd1aed3038cc538e29b7e5,2023-07-09T00:41:28.874000,received,kaspa:qzp62jha4qfvmapu3nrs9puhcvewdyks9rk3xnqh2wg30nmkugclzw3jp8qxm,24999996780,
399a0c6a00475c65f8ee06a02dbd1719d433ba3d77dd1aed3038cc538e29b7e5,2023-07-09T00:41:28.874000,received,kaspa:qztl9treyjme9njrry9y4t4hupry7kcswgkg2906dlny7k3g3h8wg0cj2kcxj,24999996780,
