tx_id,timestamp,direction,peer_address,amount_sompi,cex_label
879dbf56dbd784b7e857b3498a6c69eb81d32a9ef2600dfe03cab683c8cf12c6,2023-12-21T06:44:40.648000,sent,kaspa:qrkaxvl2tw6pq6zx9xrr9lqnt9x72upf0hsrp3cvgcmfz77m50ycua35nz200,172970000,
879dbf56dbd784b7e857b3498a6c69eb81d32a9ef2600dfe03cab683c8cf12c6,2023-12-21T06:44:40.648000,sent,kaspa:qrkaxvl2tw6pq6zx9xrr9lqnt9x72upf0hsrp3cvgcmfz77m50ycua35nz200,172970000,
782913ac1c29acb7c232bb64ccf1ad3dd5e0192255e1d1e8fe0261ec4394413c,2023-12-12T15:47:51.571000,received,kaspa:qypswxtcrv4ssyjaswy5w9387vq73mkuyq85tl34cee6qn5uexqy0csgnafnjx7,171000000,
2cc72d7f2d4330a0452ec9237082404b42bae7ac82515fc595950ba23a09251b,2023-11-29T02:04:42.349000,sent,kaspa:qypa9sqtg8nzsmm9eyc8fesgctns0jmn2394f7du5qkcupvnhgv8xfgua59qnam,18000000,
3b23f348172f608f7368a083d551c712ae01bf75c5f8fdb09853d14f190a7e87,2023-11-28T09:28:06.843000,received,kaspa:qq6nkqlf9vk57guayfgse7kwc66lw5gn73jk277gec2fpny8yk00xaw7gwp3p,20000000,
