tx_id,timestamp,direction,peer_address,amount_sompi,cex_label
d0169fd13c7a2fcb1591c6b61f73d3ccd487b3b4a21e3e8e4f9ade01de29cdf9,2023-12-17T05:56:03.700000,sent,kaspa:qrvmv475repu9xvty0np5mmu3evetfmu7zglsvcm8zdrxzzehpjwgcd05jpa4,171070000,
d0169fd13c7a2fcb1591c6b61f73d3ccd487b3b4a21e3e8e4f9ade01de29cdf9,2023-12-17T05:56:03.700000,sent,kaspa:qrvmv475repu9xvty0np5mmu3evetfmu7zglsvcm8zdrxzzehpjwgcd05jpa4,171070000,
d4a1d1af3998613e103a3292b3f663947e9d39be33425dca9b39898d65e8695f,2023-12-12T07:16:39.831000,received,kaspa:qypswxtcrv4ssyjaswy5w9387vq73mkuyq85tl34cee6qn5uexqy0csgnafnjx7,171000000,
28011ebf719d4840f9fb50dad03022430cafe8ae749705a434d0c9e72bea5377,2023-11-28T08:48:48.361000,sent,kaspa:qypd89uhud3nrs3t7hzdxekx4dk2vakld44p9z8ecw0ux9uk8suvl2cg4thvtuj,18000000,
6e0a00e237309f5d301ab6ba9f6239992df96e873444fe817b4745e702630908,2023-11-27T15:45:37.981000,received,kaspa:qrkl7waj0y5zvjpjaxueu5zx4py97ae6fec2jp5una59ldw0rwwfkuyzcsqp7,18100000,
