tx_id,timestamp,direction,peer_address,amount_sompi,cex_label
5858cd0d16451ce6d68f52298cc6980f0993b18d2315dae3e46b21222aa7bd2d,2023-12-16T02:37:22.201000,sent,kaspa:qzslgwenzu78t6tldlng383g7ruu4enaljmnkgaulyrscjp7ldt26x8gfxck5,171940000,
5858cd0d16451ce6d68f52298cc6980f0993b18d2315dae3e46b21222aa7bd2d,2023-12-16T02:37:22.201000,sent,kaspa:qzslgwenzu78t6tldlng383g7ruu4enaljmnkgaulyrscjp7ldt26x8gfxck5,171940000,
8c1eba7b3900e45225f456dba2d5dd8efe4e83dbb7a0ddcd554cd6e550299e4a,2023-12-12T05:05:51.136000,received,kaspa:qypswxtcrv4ssyjaswy5w9387vq73mkuyq85tl34cee6qn5uexqy0csgnafnjx7,171000000,
a2be4fe1738008f90245ce4f265d1aa36af2b03842d2ed6add056901b3cf28d3,2023-11-28T05:00:38.332000,sent,kaspa:qyplyqg4w32yl5dfpuau4qlhceynuzahsg6cvgvupp49le93xgjxf6qzjus36hc,18000000,
4232043376e02b6e4f2bcf8f65c3f1314741eed6571da01c5d744293cacd4050,2023-11-27T23:43:56.606000,received,kaspa:qzfhng7k890n0fpqrslnjzdayz6uqaljmh9adqymkw4qefte587s27k3n95kl,19000000,
