tx_id,timestamp,direction,peer_address,amount_sompi,cex_label
cd9e64bb293aa4047748a5f54d5ded95fd13d308f6497da537b5a5c036e7c65c,2023-12-16T05:20:23.403000,sent,kaspa:qzslgwenzu78t6tldlng383g7ruu4enaljmnkgaulyrscjp7ldt26x8gfxck5,171940000,
cd9e64bb293aa4047748a5f54d5ded95fd13d308f6497da537b5a5c036e7c65c,2023-12-16T05:20:23.403000,sent,kaspa:qzslgwenzu78t6tldlng383g7ruu4enaljmnkgaulyrscjp7ldt26x8gfxck5,171940000,
cbe30f46a6ed6d4ed3b08d594d32035d24137d2f9cdad111580447dcd09a0888,2023-12-13T05:13:41.263000,received,kaspa:qypswxtcrv4ssyjaswy5w9387vq73mkuyq85tl34cee6qn5uexqy0csgnafnjx7,171000000,
41678ca8fbf641aa4cc309aa5af37a7c736cf46f33b263ce7fb753814093b131,2023-11-29T21:09:59.117000,sent,kaspa:qyp3jd3834n3u369auwz0lnjne4jgzu99tultpukmvp67swwdvgqzwchdhlc32e,18000000,
6e9195b083e558593d1ac029f74ec5060c144523b19e74925eeb0b618726c086,2023-11-29T00:29:52.005000,received,kaspa:qr6uctv0jtk6hvppfh98yec3yrqtpqgaplm57220c0lf0nvhzqe7xx45xh4w0,19000000,
