tx_id,timestamp,direction,peer_address,amount_sompi,cex_label
c228b46cf7698f01088d0e1c1f602842f7e4e16a85c1b816e613fba25907da21,2023-12-15T23:23:34.093000,sent,kaspa:qz4w8nhulhmtwjlvmlfvh3gznf4jckp02hllnsty24zxjqllng98225ska3m9,171070000,
c228b46cf7698f01088d0e1c1f602842f7e4e16a85c1b816e613fba25907da21,2023-12-15T23:23:34.093000,sent,kaspa:qz4w8nhulhmtwjlvmlfvh3gznf4jckp02hllnsty24zxjqllng98225ska3m9,171070000,
05e68268b0ae202c2ef109cca2b69ac678fa96cb35a06878e8a1ba474afa79f1,2023-12-12T06:37:01.858000,received,kaspa:qypswxtcrv4ssyjaswy5w9387vq73mkuyq85tl34cee6qn5uexqy0csgnafnjx7,171000000,
657ce7e07475340f851a24fbfe406240f7caf4d4104dc23ef41bfeacda23e998,2023-11-28T07:40:10.950000,sent,kaspa:qypgs0vtjvf3qyfk0glhktd54hvru0pwdr2xajjvct2d4909fxm0pmcnencsa2w,18000000,
a52daa5b738f9e6a79bac11ab35cdd560b0abe023d5b7605c8697a4a8b2e8d57,2023-11-28T00:17:02.078000,received,kaspa:qq5atqecxl8nq2n0y4fj7rv7fwdp449s9cgwfnyf886t3learqlzg38mm0mwx,18100000,
