tx_id,timestamp,direction,peer_address,amount_sompi,cex_label
9137ced4d0fabd0a9b813eb16bd42fc7c50b6ad4c961aad17b0e8e0341f3fe1e,2023-12-16T04:52:09.521000,sent,kaspa:qzslgwenzu78t6tldlng383g7ruu4enaljmnkgaulyrscjp7ldt26x8gfxck5,171940000,
9137ced4d0fabd0a9b813eb16bd42fc7c50b6ad4c961aad17b0e8e0341f3fe1e,2023-12-16T04:52:09.521000,sent,kaspa:qzslgwenzu78t6tldlng383g7ruu4enaljmnkgaulyrscjp7ldt26x8gfxck5,171940000,
becd7139f64a44066e7301e449d7f4c7f7bd9fc0471ae56de5001f65bb00874e,2023-12-13T00:55:27.630000,received,kaspa:qypswxtcrv4ssyjaswy5w9387vq73mkuyq85tl34cee6qn5uexqy0csgnafnjx7,171000000,
66bf8ff2236972d0d89e29f36860c387c23453703fccbcd8422562e9ded9a70a,2023-11-29T16:37:38.237000,sent,kaspa:qypqqf0qrh0lzpel65n8s3lt2uzd6zgwqvwl7gme54dw00d22rt7s4szh2t3lk3,18000000,
772b9f5b0cfc5fca68bee4bcc7fdb73bfb0c8ba5d19bd5285fcdcefbf78cd5cc,2023-11-29T02:07:36.907000,received,kaspa:qzcy48k6qudt2kh09sqrcjg4hhkpn0fhv989ja2jzdh7k293qf7fs0fer9g5a,19000000,
