tx_id,timestamp,direction,peer_address,amount_sompi,cex_label
784993f6ec6ac83033f83fd922e920c45852f4e550f941bf92f54691eb6f2348,2023-12-16T04:03:18.511000,sent,kaspa:qzslgwenzu78t6tldlng383g7ruu4enaljmnkgaulyrscjp7ldt26x8gfxck5,171940000,
784993f6ec6ac83033f83fd922e920c45852f4e550f941bf92f54691eb6f2348,2023-12-16T04:03:18.511000,sent,kaspa:qzslgwenzu78t6tldlng383g7ruu4enaljmnkgaulyrscjp7ldt26x8gfxck5,171940000,
01e94cfb672818aa7eea44dfa28fd8b0f26e9529d5bceaf5d58807d50a0369e7,2023-12-12T04:38:38.782000,received,kaspa:qypswxtcrv4ssyjaswy5w9387vq73mkuyq85tl34cee6qn5uexqy0csgnafnjx7,171000000,
11f72dedf8d6870297fa1c3b8a036522656ff0109a1f4772265de6606b7368c1,2023-11-28T04:19:32.564000,sent,kaspa:qyp9rp05nmpacyd6v0tjg4gv3ppvqvnxznatshphj9uupgtyelj9qxs6km0az76,18000000,
efe7dd0dbb6bcbd0ac2c94542c0b9242a4482e9353a360823bc07efdf06f12a8,2023-11-27T20:24:28.650000,received,kaspa:qr6uctv0jtk6hvppfh98yec3yrqtpqgaplm57220c0lf0nvhzqe7xx45xh4w0,19000000,
