tx_id,timestamp,direction,peer_address,amount_sompi,cex_label
ee6ed8800dbf5f9c6f90152338c1a08e5de10f82c60cfbaced3e399f37f50100,2023-12-16T05:13:02.297000,sent,kaspa:qzslgwenzu78t6tldlng383g7ruu4enaljmnkgaulyrscjp7ldt26x8gfxck5,171940000,
ee6ed8800dbf5f9c6f90152338c1a08e5de10f82c60cfbaced3e399f37f50100,2023-12-16T05:13:02.297000,sent,kaspa:qzslgwenzu78t6tldlng383g7ruu4enaljmnkgaulyrscjp7ldt26x8gfxck5,171940000,
7449c28e7d4fcfe1b802efb2a2535631b6742c84c60e04c2e62e12c8995e6959,2023-12-13T04:27:30.544000,received,kaspa:qypswxtcrv4ssyjaswy5w9387vq73mkuyq85tl34cee6qn5uexqy0csgnafnjx7,171000000,
94ea5d76b73d34528efe523c2b79af2d3d7e8300012a05d51153f4c26107739d,2023-11-29T19:41:10.612000,sent,kaspa:qypxpyas7s2k8e9mmw69v0wc8vq7nwg8pcwuxwtqy5jr8nmxxykjcnq5f5lyzqg,18000000,
df024c9ea1b3cf14749d39a0bb10060792af61d29d02b613cebad1281781fc1e,2023-11-28T22:51:12.966000,received,kaspa:qpw309ql97qqj6zc80wuq0pw64sw4n2l0jhq3lpx7amn38z4s02tj0dhumqnq,19000000,
