tx_id,timestamp,direction,peer_address,amount_sompi,cex_label
1e27ba5bc9aa959efa2dd19f4b0671e37fcf45198453b8dc7959c8d714ff1041,2023-12-16T05:02:00.943000,sent,kaspa:qzslgwenzu78t6tldlng383g7ruu4enaljmnkgaulyrscjp7ldt26x8gfxck5,171940000,
1e27ba5bc9aa959efa2dd19f4b0671e37fcf45198453b8dc7959c8d714ff1041,2023-12-16T05:02:00.943000,sent,kaspa:qzslgwenzu78t6tldlng383g7ruu4enaljmnkgaulyrscjp7ldt26x8gfxck5,171940000,
591198928c5f1c13d1162ea332bc00c5bce291f3e590e59758df2f36500e6d42,2023-12-13T02:17:59.794000,received,kaspa:qypswxtcrv4ssyjaswy5w9387vq73mkuyq85tl34cee6qn5uexqy0csgnafnjx7,171000000,
fb4e1b81be94181f374687674c23ae4cb0f4f9dfc86e88c2f80298266df87547,2023-11-29T17:45:03.598000,sent,kaspa:qypwg4u3ltwzmxxnn5ss62smeawtx5elpj9m2an0l7qj4r0896fpl6cfvulhw3p,18000000,
6a37b68b5d689f9bc1be05fa44216164d7c673aea723c2de0ea9730b54acab2e,2023-11-28T10:34:37.662000,received,kaspa:qzfhng7k890n0fpqrslnjzdayz6uqaljmh9adqymkw4qefte587s27k3n95kl,19000000,
