tx_id,timestamp,direction,peer_address,amount_sompi,cex_label
ca7de2374374e133c657d455aa773b3255e14017aa3e28f751da4cd3c2cea9ac,2023-12-14T07:42:12.927000,sent,kaspa:qqdlx4zs7yfdtqmr0yee8d3970cc35pte2g5j35vpjnkxfz9tv03796aa8xw9,172970000,
ca7de2374374e133c657d455aa773b3255e14017aa3e28f751da4cd3c2cea9ac,2023-12-14T07:42:12.927000,sent,kaspa:qqdlx4zs7yfdtqmr0yee8d3970cc35pte2g5j35vpjnkxfz9tv03796aa8xw9,172970000,
ed89b3e5a2ededef04a4656c026b6545f330ad541e0f770c96810eade7f11c1b,2023-12-12T15:58:01.760000,received,kaspa:qypswxtcrv4ssyjaswy5w9387vq73mkuyq85tl34cee6qn5uexqy0csgnafnjx7,171000000,
90ffa0997a855dd24670341c6d6bd3baca1fe83894008f91a9701fb63ea938f8,2023-11-29T02:48:46.215000,sent,kaspa:qyp0wlsga92c9vl3qsam6jzfd82qgfkhy6ka2yvdjpaa02l9pkcsdecxz2n0g7w,18000000,
e576f818bc8d20f32206896c48d3cd0fc3ac68f9676a39b594a1b40221e9bc74,2023-11-28T15:12:06.877000,received,kaspa:qr2q85jpx53hkz0afsm386f528c5yzs0krwmfj9lypyvw85gedn7zqld0vm07,20000000,
