tx_id,timestamp,direction,peer_address,amount_sompi,cex_label
0ff6d2965d219ce22ef58416ca15d8d514541c98e009ace1e45e1e808d618d6a,2023-12-16T05:00:52.313000,sent,kaspa:qzslgwenzu78t6tldlng383g7ruu4enaljmnkgaulyrscjp7ldt26x8gfxck5,171940000,
0ff6d2965d219ce22ef58416ca15d8d514541c98e009ace1e45e1e808d618d6a,2023-12-16T05:00:52.313000,sent,kaspa:qzslgwenzu78t6tldlng383g7ruu4enaljmnkgaulyrscjp7ldt26x8gfxck5,171940000,
731ee387a269cdac56a7a21b10e8503a10e0c1d764a0dba636acd4493291c35e,2023-12-13T03:00:34.248000,received,kaspa:qypswxtcrv4ssyjaswy5w9387vq73mkuyq85tl34cee6qn5uexqy0csgnafnjx7,171000000,
1bfb065def86d0a6fc5d1aeff06cb8a4625bf3f9d94a6f7e0056bcee48360264,2023-11-29T18:18:19.651000,sent,kaspa:qypwshnqncwdvtwqy8vpj4dps2xg7gpt35u4rnqhpyugv2r4cn37y9q5llt28nj,18000000,
3f10b4e4dcb5e61fbbde052be973f92b0610fb257dde5da55886464d627c5667,2023-11-29T09:55:53.838000,received,kaspa:qqrcr5cggyyldclcetquafmfz382dt6zft83pg3sz20wm2zegdceku03tecys,19000000,
