tx_id,timestamp,direction,peer_address,amount_sompi,cex_label
72d9ee0f2cf161dc16e89135c253ebb19caa10d6e125ad650b02a2541012894c,2023-12-16T04:14:29.636000,sent,kaspa:qzslgwenzu78t6tldlng383g7ruu4enaljmnkgaulyrscjp7ldt26x8gfxck5,171940000,
72d9ee0f2cf161dc16e89135c253ebb19caa10d6e125ad650b02a2541012894c,2023-12-16T04:14:29.636000,sent,kaspa:qzslgwenzu78t6tldlng383g7ruu4enaljmnkgaulyrscjp7ldt26x8gfxck5,171940000,
4f8c5974a21a136ed31886e1d2311d7938e34e4f1adfdb3a6a7756aa285387d4,2023-12-12T15:24:55.103000,received,kaspa:qypswxtcrv4ssyjaswy5w9387vq73mkuyq85tl34cee6qn5uexqy0csgnafnjx7,171000000,
f3fdc0d371c370c0a2f70eedd9c853f00e920943bee46fd1e209cf6e5a47a859,2023-11-29T01:39:29.151000,sent,kaspa:qypv0yzlz5ytgqdrmmxvfkew8zd3lq9l3tsdawpquy22dknn2c7f2xcz9a0jxp9,18000000,
41807d0e2101cd7c02ca8ee13cfc442eea334a1e6f5cb3bef89ae77f64397934,2023-11-28T21:50:22.654000,received,kaspa:qz63ppr2zl6fny4vy8z3adjfsygghjqg58du4z7nd5wgep8snx5ssls2hfljj,19000000,
