tx_id,timestamp,direction,peer_address,amount_sompi,cex_label
c8798827987cd6c7ce5a512d0e4f227021fe1279912abade0c50ec82216a45f4,2025-05-05T06:01:37.275000,received,kaspa:qqyzn5h8dfymjpj7pnntajqaphjgucl5ujndcksgcqmcsfl49y0yshsv9s3t9,1800000000,
c8798827987cd6c7ce5a512d0e4f227021fe1279912abade0c50ec82216a45f4,2025-05-05T06:01:37.275000,received,kaspa:qqyzn5h8dfymjpj7pnntajqaphjgucl5ujndcksgcqmcsfl49y0yshsv9s3t9,1800000000,
7b7309b3812f24141579b007c0a275a4b3225bd907b24c7f4f159b80f78d0673,2025-05-05T06:01:13.346000,sent,kaspa:qqyzn5h8dfymjpj7pnntajqaphjgucl5ujndcksgcqmcsfl49y0yshsv9s3t9,1800000000,
7b7309b3812f24141579b007c0a275a4b3225bd907b24c7f4f159b80f78d0673,2025-05-05T06:01:13.346000,sent,kaspa:qqyzn5h8dfymjpj7pnntajqaphjgucl5ujndcksgcqmcsfl49y0yshsv9s3t9,1800000000,
7b7309b3812f24141579b007c0a275a4b3225bd907b24c7f4f159b80f78d0673,2025-05-05T06:01:13.346000,sent,kaspa:qqyzn5h8dfymjpj7pnntajqaphjgucl5ujndcksgcqmcsfl49y0yshsv9s3t9,1800000000,
7b7309b3812f24141579b007c0a275a4b3225bd907b24c7f4f159b80f78d0673,2025-05-05T06:01:13.346000,sent,kaspa:qqyzn5h8dfymjpj7pnntajqaphjgucl5ujndcksgcqmcsfl49y0yshsv9s3t9,1800000000,
a251baf2e0c16ad68e9d4e2771ab97701dcd96565e6cf5ed28cbe73b2221ce06,2025-02-18T14:37:29.708000,sent,kaspa:qpm82su7g9laxcz46ermm3g7zl6s6nlf4qkyx20ny5cfjlvpyr57c59rut0y9,694200000,
a251baf2e0c16ad68e9d4e2771ab97701dcd96565e6cf5ed28cbe73b2221ce06,2025-02-18T14:37:29.708000,sent,kaspa:qpm82su7g9laxcz46ermm3g7zl6s6nlf4qkyx20ny5cfjlvpyr57c59rut0y9,694200000,
2f5dc8fafd2b43a67f4c70fad3b1a25d27dba8d818c33c598c67b541feb2277a,2024-12-23T17:16:00.499000,received,kaspa:qzt4zz6phjqztf4d4a5wnjr8wptll6kvph99n3ty26rpv9mufzf024a6499sm,100000000,
2f5dc8fafd2b43a67f4c70fad3b1a25d27dba8d818c33c598c67b541feb2277a,2024-12-23T17:16:00.499000,received,kaspa:qzt4zz6phjqztf4d4a5wnjr8wptll6kvph99n3ty26rpv9mufzf024a6499sm,100000000,
415317d7748ae87078542736303aa9e9d381cb2f9c4c49f3f77d930c1b8df836,2024-12-23T17:13:15.712000,sent,kaspa:qzt4zz6phjqztf4d4a5wnjr8wptll6kvph99n3ty26rpv9mufzf024a6499sm,500000000,
d9f60be51644fe9905b3eff19efd318ca9be2b8bf4cb94dc58e8612bd429ed4c,2024-12-23T17:13:11.992000,received,kaspa:qqyzn5h8dfymjpj7pnntajqaphjgucl5ujndcksgcqmcsfl49y0yshsv9s3t9,500000000,
009f9fefd1a3d087ec9b16f658a44adf76df341de4d4846d4d94f07862c22a8b,2024-12-23T17:11:03.209000,sent,kaspa:qqyzn5h8dfymjpj7pnntajqaphjgucl5ujndcksgcqmcsfl49y0yshsv9s3t9,420000000,
009f9fefd1a3d087ec9b16f658a44adf76df341de4d4846d4d94f07862c22a8b,2024-12-23T17:11:03.209000,sent,kaspa:qqyzn5h8dfymjpj7pnntajqaphjgucl5ujndcksgcqmcsfl49y0yshsv9s3t9,420000000,
1ea32b9b2da49066b4b0ad5db691b2c4bb7cf7f1c09e1eb2c918cd0fb4c7480b,2024-12-23T17:10:27.844000,received,kaspa:qqyzn5h8dfymjpj7pnntajqaphjgucl5ujndcksgcqmcsfl49y0yshsv9s3t9,694200000,
9bbea6e0bb8b1001fccacb819b9c141b146c1ae21658cfce3c7ade00969b8ff2,2024-12-19T17:40:04.008000,sent,kaspa:qza0f73zf0cwhkzseweqzcds2c58vpdk8gtzdyk4pzuvx07lj85dv0cjauclz,100000000,
2760f3e4bf30321953f816fdd38033555a8889af59efad586208191999706b75,2024-12-19T17:28:59.800000,sent,kaspa:qptvm8phsk3uze9jvajxlxjmprqk3ys2hq5xa3c7mn28dk7p8dl5jseaaxpnp,2990000000,
2760f3e4bf30321953f816fdd38033555a8889af59efad586208191999706b75,2024-12-19T17:28:59.800000,sent,kaspa:qptvm8phsk3uze9jvajxlxjmprqk3ys2hq5xa3c7mn28dk7p8dl5jseaaxpnp,2990000000,
2760f3e4bf30321953f816fdd38033555a8889af59efad586208191999706b75,2024-12-19T17:28:59.800000,sent,kaspa:qptvm8phsk3uze9jvajxlxjmprqk3ys2hq5xa3c7mn28dk7p8dl5jseaaxpnp,2990000000,
a3106d8362a6b394d3032a8ab2536cb170981ddd021cc246dc5090d8f3457e0d,2024-12-16T10:30:53.911000,sent,kaspa:qqyzn5h8dfymjpj7pnntajqaphjgucl5ujndcksgcqmcsfl49y0yshsv9s3t9,420000000,
33246736ad5aebc751fdafe8b23e7abd5e63e5be910ade58b42454041066510d,2024-12-16T10:30:23.178000,received,kaspa:qqyzn5h8dfymjpj7pnntajqaphjgucl5ujndcksgcqmcsfl49y0yshsv9s3t9,690000000,
5c495440297d2692ae6d5ba98751a8cd9e6d110fe3a8e12586bd852e0d856d34,2024-12-03T08:10:31.744000,sent,kaspa:qqyzn5h8dfymjpj7pnntajqaphjgucl5ujndcksgcqmcsfl49y0yshsv9s3t9,530000000,
8c7922455f82647cce6cb4cb1d54afb429ba08a27916eb374199596e1c169f8c,2024-12-03T07:49:13.686000,received,kaspa:qqyzn5h8dfymjpj7pnntajqaphjgucl5ujndcksgcqmcsfl49y0yshsv9s3t9,520000000,
644f3d71f5e549f9d32a38d8446729e0675f2bccb885407f18e6c804fde0ba69,2024-12-03T07:39:50.821000,sent,kaspa:qqyzn5h8dfymjpj7pnntajqaphjgucl5ujndcksgcqmcsfl49y0yshsv9s3t9,510000000,
644f3d71f5e549f9d32a38d8446729e0675f2bccb885407f18e6c804fde0ba69,2024-12-03T07:39:50.821000,sent,kaspa:qqyzn5h8dfymjpj7pnntajqaphjgucl5ujndcksgcqmcsfl49y0yshsv9s3t9,510000000,
dfab1946a46f91afa58186455bee97afbd85a45c32ecd31f622b37e07d7b5cb5,2024-12-03T07:33:32.878000,received,kaspa:qqyzn5h8dfymjpj7pnntajqaphjgucl5ujndcksgcqmcsfl49y0yshsv9s3t9,500000000,
f7b4c3f071c6de08f3a5763a6fb9e1fcc0006590d0a8d849ec0d8377103b5bcb,2024-11-20T14:30:23.970000,sent,kaspa:qqwwae5e3c7m65hjzfp82rp3dr3gwez6qn283zte3673cadxkplrswfpzml2f,1000000000,
f7b4c3f071c6de08f3a5763a6fb9e1fcc0006590d0a8d849ec0d8377103b5bcb,2024-11-20T14:30:23.970000,sent,kaspa:qqwwae5e3c7m65hjzfp82rp3dr3gwez6qn283zte3673cadxkplrswfpzml2f,1000000000,
e261812a1330963c6445293aaa9772e5816a3a4c24a6f4b6217084739608c0dd,2024-10-14T17:13:07.940000,sent,kaspa:qqp70ch6u8y6svx2zduqzx5wcaqjq3fsf3u4cxzkfgevgefjtkfg5kuf0487g,1000000000,
e261812a1330963c6445293aaa9772e5816a3a4c24a6f4b6217084739608c0dd,2024-10-14T17:13:07.940000,sent,kaspa:qqp70ch6u8y6svx2zduqzx5wcaqjq3fsf3u4cxzkfgevgefjtkfg5kuf0487g,1000000000,
1b618764fbd9f0bee0041513258a9ed3bb4f04a14e1a356789ac6b4f80243658,2024-10-11T07:29:51.271000,received,kaspa:qrqhndzya0ryu8246c0qvuxdf44yfyq2c8xcfqmp0syuv446zpcus8fwwecwn,20000000,
6cf3af1bab2096b8406c6bb17a9a2714803fc959a4f4dbe53a597270e858b010,2024-09-29T05:55:21.769000,sent,kaspa:qzplfgfhca4sxeuu9k4p885kjlrdws33r4zfg7tk4uce9tpzuq2v2ynz22w3r,100000000,
281e83415cc16a786eef75309595e807c2fdcf964f1c5406fddbafcf088e0a4d,2024-09-26T17:52:26.542000,sent,kaspa:qzya9n7vre52u8tsj8l7l2etzdrftnnh8748cannmfa3sdkrvfw75jdp5lh9j,100000000,
281e83415cc16a786eef75309595e807c2fdcf964f1c5406fddbafcf088e0a4d,2024-09-26T17:52:26.542000,sent,kaspa:qzya9n7vre52u8tsj8l7l2etzdrftnnh8748cannmfa3sdkrvfw75jdp5lh9j,100000000,
84de57428ca5ff8c6798902c30cbd99e40f7d6b22d6e1e9681761a410ea3d6bc,2024-09-26T17:42:02.301000,sent,kaspa:qrf94wt6u5yj5jty0nwwrd5vegekya7t5quj3rfe2wx9lrf74e9kq9pd6ze73,100000000,
84de57428ca5ff8c6798902c30cbd99e40f7d6b22d6e1e9681761a410ea3d6bc,2024-09-26T17:42:02.301000,sent,kaspa:qrf94wt6u5yj5jty0nwwrd5vegekya7t5quj3rfe2wx9lrf74e9kq9pd6ze73,100000000,
940371caee4198b99f55409127345f3c6e66260270b89f586202001065c15470,2024-09-23T04:40:17.133000,received,kaspa:qqt874j85r5ga5av0q6tthj2tu89dfpchjmvjuvx5tyn2vpjjrhk7tcpsx2vu,1000000000,
ea9412faca9e371fd67278fc9afda1c14976e314434e9772b20c8c5a554069ca,2024-09-21T16:09:11.364000,received,kaspa:qrdu7qawzy94eag30wcmsesaapffq7hp830yv97eq32zvzez298m6u846nl6c,5000000000,
ea9412faca9e371fd67278fc9afda1c14976e314434e9772b20c8c5a554069ca,2024-09-21T16:09:11.364000,received,kaspa:qrdu7qawzy94eag30wcmsesaapffq7hp830yv97eq32zvzez298m6u846nl6c,5000000000,
8edc67d5b4fc2d3ae8185897409610a0dae5a6cd990c5dd97b9d4bf33c77857a,2024-09-21T13:52:13.766000,sent,kaspa:qq3sj9lrk7j8yhwqlvz6y2mfguuknvunrygysn6zgce5rrju0qdlyacnm4swj,100000000,
3c1d78c9a5614de75dee67a0075192f93f43381c2db0aac897d09cad66666cc0,2024-09-19T11:54:33.563000,received,kaspa:qp99nn4uztga3q68dpzl3ve7m7fe9663znsd8c66ghnz2y4wh5eh2uel90y0a,100000000,
ccb69952601c4d4b7a325696874a8efc0c42d0523dc8b7871674a77d518927c5,2024-08-14T18:33:13.075000,sent,kaspa:qryr4gyaxtdfje35cnjh37yu69aawgsq336xkprgmehua4hyz2c57yfjkqk45,100000000,
4a1fc19c20936ca0061a6e5e6b5de3e560046f8daf17bd979ac471818be75bd0,2024-08-14T18:31:26.831000,received,kaspa:qryr4gyaxtdfje35cnjh37yu69aawgsq336xkprgmehua4hyz2c57yfjkqk45,100000000,
48bb45c7f3ba2ea129023021fe95b4f882d888a01bdbc33bd360746fd412acfc,2024-07-02T12:06:01.643000,received,kaspa:qqyzn5h8dfymjpj7pnntajqaphjgucl5ujndcksgcqmcsfl49y0yshsv9s3t9,314159000,
bfe424c525028033222e3feabcfe6dbb6f1dec81b6b2310ce245ad56f09211c3,2024-07-02T12:05:04.566000,received,kaspa:qqyzn5h8dfymjpj7pnntajqaphjgucl5ujndcksgcqmcsfl49y0yshsv9s3t9,690000000,
bfe424c525028033222e3feabcfe6dbb6f1dec81b6b2310ce245ad56f09211c3,2024-07-02T12:05:04.566000,received,kaspa:qqyzn5h8dfymjpj7pnntajqaphjgucl5ujndcksgcqmcsfl49y0yshsv9s3t9,690000000,
6e2457f8acabe0b90250f447c32b25e4bb851336bb4494e58f6f7c1fe433d2ce,2024-07-02T12:04:52.355000,sent,kaspa:qqyzn5h8dfymjpj7pnntajqaphjgucl5ujndcksgcqmcsfl49y0yshsv9s3t9,900000000,
6e2457f8acabe0b90250f447c32b25e4bb851336bb4494e58f6f7c1fe433d2ce,2024-07-02T12:04:52.355000,sent,kaspa:qqyzn5h8dfymjpj7pnntajqaphjgucl5ujndcksgcqmcsfl49y0yshsv9s3t9,900000000,
6e2457f8acabe0b90250f447c32b25e4bb851336bb4494e58f6f7c1fe433d2ce,2024-07-02T12:04:52.355000,sent,kaspa:qqyzn5h8dfymjpj7pnntajqaphjgucl5ujndcksgcqmcsfl49y0yshsv9s3t9,900000000,
6e2457f8acabe0b90250f447c32b25e4bb851336bb4494e58f6f7c1fe433d2ce,2024-07-02T12:04:52.355000,sent,kaspa:qqyzn5h8dfymjpj7pnntajqaphjgucl5ujndcksgcqmcsfl49y0yshsv9s3t9,900000000,
4d351543d9fd42e14559df06549b6a8f9532da1fbf9b45aced75591031a7b5c4,2024-07-02T12:04:11.810000,received,kaspa:qqyzn5h8dfymjpj7pnntajqaphjgucl5ujndcksgcqmcsfl49y0yshsv9s3t9,800000000,
a4920811491055549eecc8eacf5c446f117508fcc4608fcc5a3fdb5435a2e5d3,2024-05-29T11:11:45.134000,received,kaspa:qptvm8phsk3uze9jvajxlxjmprqk3ys2hq5xa3c7mn28dk7p8dl5jseaaxpnp,200000000,
9cac5484e16000c4d73660be768bd8e89a94cdbcc3bbd6ad587a1d5e2513c7c0,2024-05-27T00:07:21.023000,received,kaspa:qztcmqzpytgl5ulnf2eqysz2tu22ljs96nwnslrkl62p25djqmk4ccmtjy2ws,100000000,
9cac5484e16000c4d73660be768bd8e89a94cdbcc3bbd6ad587a1d5e2513c7c0,2024-05-27T00:07:21.023000,received,kaspa:qztcmqzpytgl5ulnf2eqysz2tu22ljs96nwnslrkl62p25djqmk4ccmtjy2ws,100000000,
2cb6465301dca609da1a0ddc20df93762fa972a861c4698452934fe6e8a48e0a,2024-05-25T11:57:33.623000,sent,kaspa:qqyzn5h8dfymjpj7pnntajqaphjgucl5ujndcksgcqmcsfl49y0yshsv9s3t9,3900000000,
2cb6465301dca609da1a0ddc20df93762fa972a861c4698452934fe6e8a48e0a,2024-05-25T11:57:33.623000,sent,kaspa:qqyzn5h8dfymjpj7pnntajqaphjgucl5ujndcksgcqmcsfl49y0yshsv9s3t9,3900000000,
2cb6465301dca609da1a0ddc20df93762fa972a861c4698452934fe6e8a48e0a,2024-05-25T11:57:33.623000,sent,kaspa:qqyzn5h8dfymjpj7pnntajqaphjgucl5ujndcksgcqmcsfl49y0yshsv9s3t9,3900000000,
2cb6465301dca609da1a0ddc20df93762fa972a861c4698452934fe6e8a48e0a,2024-05-25T11:57:33.623000,sent,kaspa:qqyzn5h8dfymjpj7pnntajqaphjgucl5ujndcksgcqmcsfl49y0yshsv9s3t9,3900000000,
2cb6465301dca609da1a0ddc20df93762fa972a861c4698452934fe6e8a48e0a,2024-05-25T11:57:33.623000,sent,kaspa:qqyzn5h8dfymjpj7pnntajqaphjgucl5ujndcksgcqmcsfl49y0yshsv9s3t9,3900000000,
2cb6465301dca609da1a0ddc20df93762fa972a861c4698452934fe6e8a48e0a,2024-05-25T11:57:33.623000,sent,kaspa:qqyzn5h8dfymjpj7pnntajqaphjgucl5ujndcksgcqmcsfl49y0yshsv9s3t9,3900000000,
2cb6465301dca609da1a0ddc20df93762fa972a861c4698452934fe6e8a48e0a,2024-05-25T11:57:33.623000,sent,kaspa:qqyzn5h8dfymjpj7pnntajqaphjgucl5ujndcksgcqmcsfl49y0yshsv9s3t9,3900000000,
2cb6465301dca609da1a0ddc20df93762fa972a861c4698452934fe6e8a48e0a,2024-05-25T11:57:33.623000,sent,kaspa:qqyzn5h8dfymjpj7pnntajqaphjgucl5ujndcksgcqmcsfl49y0yshsv9s3t9,3900000000,
f4302a708241b1a087006631db54b232401209a446ba9f9b6e8fad4cbcc1a17d,2024-05-20T10:19:09.667000,sent,kaspa:qqyzn5h8dfymjpj7pnntajqaphjgucl5ujndcksgcqmcsfl49y0yshsv9s3t9,110000000,
f4302a708241b1a087006631db54b232401209a446ba9f9b6e8fad4cbcc1a17d,2024-05-20T10:19:09.667000,sent,kaspa:qqyzn5h8dfymjpj7pnntajqaphjgucl5ujndcksgcqmcsfl49y0yshsv9s3t9,110000000,
bce47b8940a82f3e6c3d385d454b75ba86f3c8156be24750d5289a91ef8a0160,2024-05-20T10:18:43.397000,received,kaspa:qqyzn5h8dfymjpj7pnntajqaphjgucl5ujndcksgcqmcsfl49y0yshsv9s3t9,100000000,
9f572ae9c1a5724a6a6bcc1991f96159698d71d5ef38e03abe2a39d52c4dd9fc,2024-05-20T10:14:09.728000,sent,kaspa:qqyzn5h8dfymjpj7pnntajqaphjgucl5ujndcksgcqmcsfl49y0yshsv9s3t9,500000000,
9f572ae9c1a5724a6a6bcc1991f96159698d71d5ef38e03abe2a39d52c4dd9fc,2024-05-20T10:14:09.728000,sent,kaspa:qqyzn5h8dfymjpj7pnntajqaphjgucl5ujndcksgcqmcsfl49y0yshsv9s3t9,500000000,
9f572ae9c1a5724a6a6bcc1991f96159698d71d5ef38e03abe2a39d52c4dd9fc,2024-05-20T10:14:09.728000,sent,kaspa:qqyzn5h8dfymjpj7pnntajqaphjgucl5ujndcksgcqmcsfl49y0yshsv9s3t9,500000000,
f71eeea4294a826d403129a9fc6dc9596e6c99c846e966558e7dfc5e45c1bc51,2024-05-20T09:59:02.162000,received,kaspa:qq6mq0m7m6tg6t9ntuj3rn6zvyeax6gewrypnef9jcddvupgd9u4we337zaxh,100000000,
d7eec376abeb007259905ecb97647f8213deba57e1ac8710d37044969a8b7fa8,2024-05-20T09:58:59.809000,sent,kaspa:qq6mq0m7m6tg6t9ntuj3rn6zvyeax6gewrypnef9jcddvupgd9u4we337zaxh,200000000,
6b43db8fe2b607ad89163b1c15c012e2e18b706852cba1178afeb040048ceca9,2024-05-20T09:58:43.979000,received,kaspa:qq6mq0m7m6tg6t9ntuj3rn6zvyeax6gewrypnef9jcddvupgd9u4we337zaxh,100000000,
59c1d3f201ad5b11f5d47ea821b8de2c992cb6cfd414fd359fd308d7aa7a1268,2024-05-20T09:58:08.330000,received,kaspa:qqyzn5h8dfymjpj7pnntajqaphjgucl5ujndcksgcqmcsfl49y0yshsv9s3t9,100000000,
59c1d3f201ad5b11f5d47ea821b8de2c992cb6cfd414fd359fd308d7aa7a1268,2024-05-20T09:58:08.330000,received,kaspa:qqyzn5h8dfymjpj7pnntajqaphjgucl5ujndcksgcqmcsfl49y0yshsv9s3t9,100000000,
c8ad3e0fc7ea3c923b16e16f6c5a0d7747287e0b7d91eedeb1a45299970d432c,2024-05-19T17:00:56.961000,received,kaspa:qqyzn5h8dfymjpj7pnntajqaphjgucl5ujndcksgcqmcsfl49y0yshsv9s3t9,500000000,
c8ad3e0fc7ea3c923b16e16f6c5a0d7747287e0b7d91eedeb1a45299970d432c,2024-05-19T17:00:56.961000,received,kaspa:qqyzn5h8dfymjpj7pnntajqaphjgucl5ujndcksgcqmcsfl49y0yshsv9s3t9,500000000,
6e52d70e4125503fe4fbbab8b54c0a9a9e9c99e41c8ace817f368f7bca1da8f7,2024-05-19T16:48:50.770000,received,kaspa:qq4dtuv4dl4eyy4qcl4xzxe3ks2s9t8hwrjlmyrd6fzh8gl7s0fz6cf6ejege,1000000000,
6e52d70e4125503fe4fbbab8b54c0a9a9e9c99e41c8ace817f368f7bca1da8f7,2024-05-19T16:48:50.770000,received,kaspa:qq4dtuv4dl4eyy4qcl4xzxe3ks2s9t8hwrjlmyrd6fzh8gl7s0fz6cf6ejege,1000000000,
763d9443c0eabab9b7d1baf7255fffd13eb35fb89c507e0a3492deedff178d9a,2024-05-19T05:10:48.706000,received,kaspa:qqyzn5h8dfymjpj7pnntajqaphjgucl5ujndcksgcqmcsfl49y0yshsv9s3t9,100000000,
5a9e7711d63d7f8af07bf3fe3c2a68d894aae940c2a0454900d555e25efc5337,2024-05-12T11:36:31.432000,sent,kaspa:qzme7qp3vh5uu2rk98plkqrxf88vzetruz4l77mneyaucwfq7s4suqpehcjrq,100000000,
a56fc56004de8497b9c5b12963f63386dd22689a70e4845c4af23720ed39ab70,2024-05-12T11:25:12.834000,received,kaspa:qzme7qp3vh5uu2rk98plkqrxf88vzetruz4l77mneyaucwfq7s4suqpehcjrq,40000000,
aa6c5d4a5e66b44911e5eea847dc2e9a93b91034b701dfa437771be557d9b169,2024-05-12T11:19:56.427000,received,kaspa:qzme7qp3vh5uu2rk98plkqrxf88vzetruz4l77mneyaucwfq7s4suqpehcjrq,20000000,
7ca2c967533a387c42abce9d7b93c22c8306442ccfb1a74af4f9042e9ed6d27d,2024-04-25T07:23:18.184000,sent,kaspa:qr4s0zf3rxj0uzzzpjr44z7gly0xv3p8qtjfzkre36yq79x05xyvzlmmsjtne,5000000000,
7ca2c967533a387c42abce9d7b93c22c8306442ccfb1a74af4f9042e9ed6d27d,2024-04-25T07:23:18.184000,sent,kaspa:qr4s0zf3rxj0uzzzpjr44z7gly0xv3p8qtjfzkre36yq79x05xyvzlmmsjtne,5000000000,
2d276636fd1fd109f8d16fc4a2312740fac1d33e0cf6034427bb8e27bf673924,2024-04-23T18:59:45.691000,sent,kaspa:qptvm8phsk3uze9jvajxlxjmprqk3ys2hq5xa3c7mn28dk7p8dl5jseaaxpnp,510000000,
8535f036b19078b2bc2b5f0566e2f29b74b8975823f2d8942f50277b3a91edc8,2024-04-20T10:00:51.145000,sent,kaspa:qrdu7qawzy94eag30wcmsesaapffq7hp830yv97eq32zvzez298m6u846nl6c,2000000000,
62a7e329f03b03b0632031c0e8e5b654423deabce4a59b3a21cc434a47184bb5,2024-04-18T22:57:11.273000,received,kaspa:qzedc25npxhseyjz956dygl7tk8vjemsn2u93jx6c3jwzdfzcymac3dcktppv,5000000000,
62a7e329f03b03b0632031c0e8e5b654423deabce4a59b3a21cc434a47184bb5,2024-04-18T22:57:11.273000,received,kaspa:qzedc25npxhseyjz956dygl7tk8vjemsn2u93jx6c3jwzdfzcymac3dcktppv,5000000000,
66eddbe14e7fce3f33b7196a16dc8dc7f1298674b1e567cb353cf8e51131d7de,2024-04-18T22:56:32.740000,sent,kaspa:qzedc25npxhseyjz956dygl7tk8vjemsn2u93jx6c3jwzdfzcymac3dcktppv,3000000000,
87f1bf21a5ccb10b47e643cdf0806fcee19f57d9f9aee0edc8eed307955185b3,2024-04-18T22:55:58.459000,received,kaspa:qzedc25npxhseyjz956dygl7tk8vjemsn2u93jx6c3jwzdfzcymac3dcktppv,3000000000,
13d6fea251e3c19f355ba2ac86df4dc89c314bf9aedd05f253bcb46d9c99adc6,2024-04-18T22:55:17.819000,sent,kaspa:qzedc25npxhseyjz956dygl7tk8vjemsn2u93jx6c3jwzdfzcymac3dcktppv,1110000000,
13d6fea251e3c19f355ba2ac86df4dc89c314bf9aedd05f253bcb46d9c99adc6,2024-04-18T22:55:17.819000,sent,kaspa:qzedc25npxhseyjz956dygl7tk8vjemsn2u93jx6c3jwzdfzcymac3dcktppv,1110000000,
1b374456e3b2d8d20107f4d81077a4b6d8873abf478905f8d9d1061ec83ef31a,2024-04-18T22:54:15.008000,sent,kaspa:qzufmujttcevwm6muxmzv9rysqacq5vgqkd4e6klt7fnt8ws084wgzfwq2m4v,1010000000,
1b374456e3b2d8d20107f4d81077a4b6d8873abf478905f8d9d1061ec83ef31a,2024-04-18T22:54:15.008000,sent,kaspa:qzufmujttcevwm6muxmzv9rysqacq5vgqkd4e6klt7fnt8ws084wgzfwq2m4v,1010000000,
da6efed3bdc655e245f84153dd14b54b47134fd0bf76f21b31f1213fbd5a1e4e,2024-04-18T22:54:09.617000,received,kaspa:qzedc25npxhseyjz956dygl7tk8vjemsn2u93jx6c3jwzdfzcymac3dcktppv,1000000000,
1b75d9abfabb112c8348b5a3ed68c1b889416a0ab77387a0befe6b7a9eeeb04d,2024-04-15T12:19:35.352000,sent,kaspa:qqs2jrt7hkvfc7rpe30qw6xgaf2q33mz4mxv0rys5sve5jl75hvcgaaf2azme,5010000000,
11bfaa1b7b4da9afa6ffa4ef6801d15c1b942b776cff6806739e4cd16dd018ae,2024-04-15T10:05:01.595000,received,kaspa:qqqt8cdec3j3wmr903wug52ruzwyzet7t0edmzju2elfg2zz8gw3xv2aqgsef,900000,
30e782b4cfb72fd2378f0730acd476a55299c08529cd09603fa885f00c60a2af,2024-04-12T12:45:47.851000,sent,kaspa:qpyk7q5y4vszgq5cpwc7sfw88gjzcq9a6u5z2sa2xj6nc6z6yyt0ktcsn6krc,5000000000,
7fd3205fd8ba813ff3ef617e3d5fbd2cf900885dbf0e2beb532d334572783f55,2024-04-07T23:58:47.155000,sent,kaspa:qzya9n7vre52u8tsj8l7l2etzdrftnnh8748cannmfa3sdkrvfw75jdp5lh9j,500000000,
d9bb45d8fe4f1ebc485b3014f3ee45364a8f4d6272a097aef185df32194b5425,2024-04-07T23:35:53.926000,sent,kaspa:qptvm8phsk3uze9jvajxlxjmprqk3ys2hq5xa3c7mn28dk7p8dl5jseaaxpnp,1000000000,
f9b46b6896cb1094810e94b5850308a3d6a3a74fbdc108ce5e289e77916b600e,2024-04-07T23:09:29.396000,sent,kaspa:qzya9n7vre52u8tsj8l7l2etzdrftnnh8748cannmfa3sdkrvfw75jdp5lh9j,500000000,
6a93c286671c4b5508a832badfdce048efa2a4557c3e96c4401b988925197f2a,2024-03-26T15:17:15.784000,sent,kaspa:qrvurk2uqzhauassjd8yw3c45v07pa8g9nx6yyyf5k9yd6g2zmua6sues9x4h,1000000000,
c93dd39e0857fd9ead56d77dc65bb1d55c2368bc07b5c5410ea82bc02f6ed8c8,2024-03-26T15:03:34.226000,sent,kaspa:qrrrgjlzuc95nd5tjphc8k0rgz2er697mvp4g52lyzsvkxrx3l8rz2378nfrh,2000000000,
0e5cc8a34f0b27ec72fceaec8b1bd0c0a55c71b2d8399bfc7cc1bbbed5244c27,2024-03-20T23:52:39.840000,sent,kaspa:qptvm8phsk3uze9jvajxlxjmprqk3ys2hq5xa3c7mn28dk7p8dl5jseaaxpnp,5000000000,
07c4b1d201e0a3b004c59cc5394a20731e4feaa5faa63d7c13544fcfacaf9850,2024-03-20T23:38:46.016000,sent,kaspa:qqyzn5h8dfymjpj7pnntajqaphjgucl5ujndcksgcqmcsfl49y0yshsv9s3t9,5000000000,
07c4b1d201e0a3b004c59cc5394a20731e4feaa5faa63d7c13544fcfacaf9850,2024-03-20T23:38:46.016000,sent,kaspa:qqyzn5h8dfymjpj7pnntajqaphjgucl5ujndcksgcqmcsfl49y0yshsv9s3t9,5000000000,
fce9d9af701b3631d4e76a83137a9824af71e25f96d648bda1d428ab9cc38f13,2024-03-20T07:17:25.935000,sent,kaspa:ppnx8w08jc45xnunkgvktzp5lw2du3qrqr9j5yjrx7pf8a8dzstkyfmlsr734,5000000000,
ef4aeb72dd0b74ea55f8690d47caa1bc924b2cdd0cf7545575b6516977591c34,2024-03-16T14:54:08.294000,received,kaspa:qqyzn5h8dfymjpj7pnntajqaphjgucl5ujndcksgcqmcsfl49y0yshsv9s3t9,100000,
2be0d404f3e2a9fb452b81d942626cf48ce7167c449bac846610c638d42ea0cf,2024-03-16T13:34:37.972000,sent,kaspa:qq2efzv0j7vt9gz9gfq44e6ggemjvvcuewhzqpm4ekf4fs5smruvs3c8ur9rp,5000000000,
775d2dee1035f323ee40e93d08de751fc9de1da1c0b4e9399e09af555175d122,2024-03-13T09:15:18.609000,sent,kaspa:qr5trheyg9m9x6t6ph063vq9h9t6u8w40vzd4h0hey554p2q6c6qw6raedq3p,1000000000,
8232d6ea0f4beba5b6b2b6657b74e1ae66430ffc3a243b614211cf03b55ecb39,2024-03-13T04:07:45.313000,sent,kaspa:qr5wl2hw4vk374vrnk59jnh64tyj8nvsmax3s0gw5ej2yukwlc3gsuxxc2u0y,5000000000,
71d4058adf16af6fe33179d17fe659b76154ee1e24d1e68a28d200a38b3a042e,2024-03-08T02:37:27.116000,sent,kaspa:qqqhwl56m4pyl8vxe63elha3fp4yqptqfjrwjqaz9aj497rchjdrc2k6eh8yl,5000000000,
4d0ff70345c5ffc33e041fbc88199e5cd2113595c70b757cb8b1b04194993b2f,2024-03-04T13:57:48.193000,sent,kaspa:qqqhwl56m4pyl8vxe63elha3fp4yqptqfjrwjqaz9aj497rchjdrc2k6eh8yl,500000000,
067f37ea87d07c68d79360b909faac5946ad056d846c59a3a585620e1b8ff1c0,2024-03-04T13:56:10.502000,sent,kaspa:qpu4x77rq2pfx39hjfwlcu7jag8fm733ezmjfwqm4tghd832e5zn58528fs2z,500000000,
067f37ea87d07c68d79360b909faac5946ad056d846c59a3a585620e1b8ff1c0,2024-03-04T13:56:10.502000,sent,kaspa:qpu4x77rq2pfx39hjfwlcu7jag8fm733ezmjfwqm4tghd832e5zn58528fs2z,500000000,
3cb03cb157ad9c80c50a00fc390cf4cded5902b51bee8bf1befe42772463c149,2024-02-28T08:53:03.318000,sent,kaspa:pzmzafrp42y48x6mneeu4p4r6tu76pwzdgvxakq66wrqlmu7g5qtj8r4fn20t,10000000000,
6377a324097325bee6668feb629dd26803905287c00e0a4d490ea4f982565fa0,2024-02-19T23:53:40.223000,received,kaspa:qqwdeg7ygmstx96tfxygdqx459d02g0kaals2rlkhpp5l84p6cjkqe3d4vtrn,6969000,
d63ce26a2f0a5f0c149ad8f97ad64b01f0101c1c23276cfe64466a259373c9ef,2024-02-19T23:41:07.327000,sent,kaspa:qpvdkaj0yc8s5tgpzkd95ppu08emsr6pa8gnfeyxwyrw7pt4v62q7q3qt9rte,100000000,
d175a7e800f7ce37caafd05914f0367ddc26c6cc6fe39bbcc142268048432f2c,2024-02-19T05:18:32.562000,sent,kaspa:qzn5uk0h9vwyqm35x2r6r80dcx0h2xngc8gp2ccv64ns2rmfkxm7g4293w9cn,1000000000,
15f88a2f010d85037f7d955f8b4641805ea04d72d635e70be05b10d0e73bbd02,2024-02-14T14:06:36.485000,sent,kaspa:qrr627yxadh5xaxnacqzazv36nq38vkpg4ax22wy5y4453s764yjxhu33kv4s,1000000000,
3f696a0fff8ec3531bcaf39724eeab01f4252f2fff436d45734fd8eaf5cf3abb,2024-02-08T10:51:48.702000,sent,kaspa:qp987zksscpdk0k5p2nxd4x5kvx2jzwxl84xjd3d82k4fjzh9zl2sdtxyt69d,500000000,
4d5d50a4b001f9ad49ec6327be4c152bc33403796a7754cd9b4c7c8f6879da16,2024-02-07T01:24:04.978000,sent,kaspa:qq2efzv0j7vt9gz9gfq44e6ggemjvvcuewhzqpm4ekf4fs5smruvs3c8ur9rp,10000000000,
e962999e462eae914ab0875b64a6bb584a8db0957c2e206c7efc4ce7e285cab2,2024-02-03T12:22:02.692000,sent,kaspa:qqyzjct7rke4k3q8xwexlgslhvmwx4z4pkkp8uxntfsxsnsqqv90gjr35uqfg,1000000000,
54984e3d688584976a05cea0cc8655ef7d6e4610a24992123c83aadd84d789e6,2024-01-28T06:54:12.688000,sent,kaspa:qr5trheyg9m9x6t6ph063vq9h9t6u8w40vzd4h0hey554p2q6c6qw6raedq3p,100000000,
76da97365fbf63319786a89974163968d58c3df2083d76cbabb9953b5552830b,2024-01-28T04:21:48.299000,sent,kaspa:qr5trheyg9m9x6t6ph063vq9h9t6u8w40vzd4h0hey554p2q6c6qw6raedq3p,1000000000,
76da97365fbf63319786a89974163968d58c3df2083d76cbabb9953b5552830b,2024-01-28T04:21:48.299000,sent,kaspa:qr5trheyg9m9x6t6ph063vq9h9t6u8w40vzd4h0hey554p2q6c6qw6raedq3p,1000000000,
b37e65ba75ac47232a644ec49e896391174afa8842388c2879213ac9acf9be10,2024-01-26T05:48:12.524000,sent,kaspa:qr5trheyg9m9x6t6ph063vq9h9t6u8w40vzd4h0hey554p2q6c6qw6raedq3p,2000000000,
b37e65ba75ac47232a644ec49e896391174afa8842388c2879213ac9acf9be10,2024-01-26T05:48:12.524000,sent,kaspa:qr5trheyg9m9x6t6ph063vq9h9t6u8w40vzd4h0hey554p2q6c6qw6raedq3p,2000000000,
b37e65ba75ac47232a644ec49e896391174afa8842388c2879213ac9acf9be10,2024-01-26T05:48:12.524000,sent,kaspa:qr5trheyg9m9x6t6ph063vq9h9t6u8w40vzd4h0hey554p2q6c6qw6raedq3p,2000000000,
4fccf9e849fdd49ee191cc5a7e75d64f82877ab925e28bb9b6d1706f7c5c2d5f,2024-01-26T05:25:50.580000,received,kaspa:qqt874j85r5ga5av0q6tthj2tu89dfpchjmvjuvx5tyn2vpjjrhk7tcpsx2vu,100000000,
ae1e3016f883c19e0e94aea49c54709801b9a664c0ec1044aa5330421856ea1a,2024-01-25T07:40:49.078000,sent,kaspa:qq2efzv0j7vt9gz9gfq44e6ggemjvvcuewhzqpm4ekf4fs5smruvs3c8ur9rp,10000000000,
ae1e3016f883c19e0e94aea49c54709801b9a664c0ec1044aa5330421856ea1a,2024-01-25T07:40:49.078000,sent,kaspa:qq2efzv0j7vt9gz9gfq44e6ggemjvvcuewhzqpm4ekf4fs5smruvs3c8ur9rp,10000000000,
ae1e3016f883c19e0e94aea49c54709801b9a664c0ec1044aa5330421856ea1a,2024-01-25T07:40:49.078000,sent,kaspa:qq2efzv0j7vt9gz9gfq44e6ggemjvvcuewhzqpm4ekf4fs5smruvs3c8ur9rp,10000000000,
c1b97ed161bfd116a804359c89dbb621c316418f4bf84a517d3fc73bf9b48a70,2024-01-21T22:55:43.655000,sent,kaspa:qzjr8aq05x68dl60ezwrjfyvkzvvr7glle57j29ektwsnsvkj0prqqnndps39,17900000000,
c1b97ed161bfd116a804359c89dbb621c316418f4bf84a517d3fc73bf9b48a70,2024-01-21T22:55:43.655000,sent,kaspa:qzjr8aq05x68dl60ezwrjfyvkzvvr7glle57j29ektwsnsvkj0prqqnndps39,17900000000,
c1b97ed161bfd116a804359c89dbb621c316418f4bf84a517d3fc73bf9b48a70,2024-01-21T22:55:43.655000,sent,kaspa:qzjr8aq05x68dl60ezwrjfyvkzvvr7glle57j29ektwsnsvkj0prqqnndps39,17900000000,
83c16e9bdffdd16fbf810cee1a7d5643b8f257851e982c92d8ade2e381afb935,2024-01-19T14:56:21.777000,sent,kaspa:qpvh7f6tc95hryfngevu94rrklmzneqq6hm3x4t2a8w50wzz99kawj5gd6pa0,134000000,
83c16e9bdffdd16fbf810cee1a7d5643b8f257851e982c92d8ade2e381afb935,2024-01-19T14:56:21.777000,sent,kaspa:qpvh7f6tc95hryfngevu94rrklmzneqq6hm3x4t2a8w50wzz99kawj5gd6pa0,134000000,
f53febdf2b8ad9bbc1095cf6ecf105081cfa072bd35acfaf104f2fad246d5bb3,2024-01-19T14:55:37.894000,received,kaspa:qpvh7f6tc95hryfngevu94rrklmzneqq6hm3x4t2a8w50wzz99kawj5gd6pa0,134000000,
f53febdf2b8ad9bbc1095cf6ecf105081cfa072bd35acfaf104f2fad246d5bb3,2024-01-19T14:55:37.894000,received,kaspa:qpvh7f6tc95hryfngevu94rrklmzneqq6hm3x4t2a8w50wzz99kawj5gd6pa0,134000000,
7a02aa9d6da76fa0e2d436c034dcda924d46f5cb616573ba27e9b7506e093320,2024-01-19T14:53:30.375000,received,kaspa:qrrp2xrkyn6e0nqklwptq4rxc79u4ytt2hrgt20lfy9sl7kvhf2ej9lemwcf2,200000000,
81e28e6a643dd22a229e2285895d0ca74da9c85b97ca29c3fe0e2856f229fd93,2024-01-19T14:52:35.853000,sent,kaspa:qqt874j85r5ga5av0q6tthj2tu89dfpchjmvjuvx5tyn2vpjjrhk7tcpsx2vu,10100000000,
d4c8064e766e29310feaac64ecc7f4897c4e5b70d292ad346111e50dbbf2e48c,2024-01-19T14:52:20.231000,received,kaspa:qqt874j85r5ga5av0q6tthj2tu89dfpchjmvjuvx5tyn2vpjjrhk7tcpsx2vu,100000000,
7b9b6a7916177d90712aca5f859f1901c92e00af17290895fb674734ae1e31a7,2024-01-17T12:29:12.799000,sent,kaspa:qpu0vccd3yfnzfe4kw453ldwpr4ad3fv95eengrfgumnm6htprvqqmnvm200u,10100000000,
6b5a8a74692acf56a66e52b4fd1dea070b0af8042fa02c8fdcfb4971997b2f20,2024-01-17T12:27:34.916000,received,kaspa:qpu0vccd3yfnzfe4kw453ldwpr4ad3fv95eengrfgumnm6htprvqqmnvm200u,10000000000,
b07bb8bd79d373eb31422f76b41846c5a6acb609347cbe62ec539e1245214f56,2024-01-15T23:57:23.153000,received,kaspa:qp85452l9gn8xyfldg44f96ja6khn87pw4zkvkxfxn8s58dawn2pc9ks6q92s,100000000,
44dc07a40f9a471da69ca4b9088f42e81bc91a35fc63207e53e87099cbb98fee,2024-01-15T11:10:13.253000,sent,kaspa:qqyzn5h8dfymjpj7pnntajqaphjgucl5ujndcksgcqmcsfl49y0yshsv9s3t9,10000000000,
7975b7f1858b2f2b53e05138a27a9938b8d522769b07a70a8f1875aaa8eafe84,2024-01-14T14:59:38.720000,received,kaspa:qpu0vccd3yfnzfe4kw453ldwpr4ad3fv95eengrfgumnm6htprvqqmnvm200u,25000000000,
7975b7f1858b2f2b53e05138a27a9938b8d522769b07a70a8f1875aaa8eafe84,2024-01-14T14:59:38.720000,received,kaspa:qpu0vccd3yfnzfe4kw453ldwpr4ad3fv95eengrfgumnm6htprvqqmnvm200u,25000000000,
252761529288b993b16e9eaee47d54287bba825c57777ea57fbe1971db7e30c2,2024-01-11T18:52:15.549000,sent,kaspa:qqt874j85r5ga5av0q6tthj2tu89dfpchjmvjuvx5tyn2vpjjrhk7tcpsx2vu,500000000,
832b4e769f3628d6ee49bf3dd96e9af990ebd7f611a5141f3ee24d7b63a6979d,2024-01-03T02:39:59.127000,sent,kaspa:qr2c3nsduxz8apvr36vaxdewdywycza7frgx9ac4emgtzm73uuxcguav4na33,5000000000,
4f0a06fa7b6c3d9dbfdae551a4ee7798e2855ed3e00ae7c688aec59ad1c8df50,2024-01-02T11:07:57.042000,sent,kaspa:qqyzn5h8dfymjpj7pnntajqaphjgucl5ujndcksgcqmcsfl49y0yshsv9s3t9,1000000000,
89ef3a610fc63f56207724c42d00639f5dfbea5cf09bf6558b2270eaff58735e,2023-12-26T14:58:14.984000,sent,kaspa:qptvm8phsk3uze9jvajxlxjmprqk3ys2hq5xa3c7mn28dk7p8dl5jseaaxpnp,1000000000,
f64f6f7ca0db6628595ee6621187054697d18f3576f1962503677edc6785bfb7,2023-12-24T12:10:40.867000,sent,kaspa:qpqxevj9mqnhn9pvmmz7egsq0fhjt50457cd8ahe6064qn6uqt2mw4ttu4v38,1000000000,
bc25dabbac32871c742a480cde5f2c41b9f69355f87f0a5fdeae0d5173e17d57,2023-12-24T12:08:31.815000,sent,kaspa:qrtunyegh6af84wm9p0tpzxlwam7aa5k5a5pjaew2vet6ug3qujau37d5rpje,1000000000,
a2f699c5afa51fff87323191716aaae6ff44485d9ce761b024455e9a1e1bfe7f,2023-12-24T12:01:18.006000,sent,kaspa:qz42mhrggrk6duav72ndn9ktd4au3qlne6u7vzdkd785zrz2qfjgvmqj9cuwu,1000000000,
5fdb073962c6f8f4c85d9c7b060a842cf6d1d56a6924f2c7a9950649eb767395,2023-12-24T11:58:05.232000,sent,kaspa:qz2cfg3r0q80f6zghzycl2jvmyj4gqry6lgq6sqe0suqy2h7e30yv63rvde7e,1000000000,
a297535762029f4a414bc93b4fb292cd53f6df6bf7662b9970150e7135239183,2023-12-24T11:42:52.182000,sent,kaspa:qprhl3kjvlyt6uhftl3xn6d264sxy0sl85ezaysmesnuee2c35u0uyr24esjp,500000000,
8e192e9121c3aa73bcbee9255dbb916ff02e739d980a4003d10d8894c505d378,2023-12-24T10:20:56.889000,sent,kaspa:qrs7afe8wnt5ckg3k2c24f04x58vjmtjhnyx0fe7qjjdevp65merytrpjr08a,200000000000,
3ff518f20c43ae2acc1038a4fcaa99024f4844e7000a7408d745f73b3112008e,2023-12-24T05:48:18.216000,sent,kaspa:qrs7afe8wnt5ckg3k2c24f04x58vjmtjhnyx0fe7qjjdevp65merytrpjr08a,100000000000,
c9407dc4803ef8d1636913fe88dfb2fa1cd6f0c80efa29ebd312707104112595,2023-12-24T04:39:52.860000,sent,kaspa:qpezrlt6vuc6vjswjghaeyjccmfaepll79jhdjpwpsr0j28g7eygv5h0ugp3s,28000000000,
c9407dc4803ef8d1636913fe88dfb2fa1cd6f0c80efa29ebd312707104112595,2023-12-24T04:39:52.860000,sent,kaspa:qpezrlt6vuc6vjswjghaeyjccmfaepll79jhdjpwpsr0j28g7eygv5h0ugp3s,28000000000,
a8706ead46a065127607db4f77e409b16782a5b6833d6b6e71009da47f35d518,2023-12-24T04:34:02.879000,received,kaspa:qpq94ntnvy8p9q6wrdwtn37xtspgashrydc0kuu8ctpyxulmh0wlxh2807zdh,440000000000,
0762d1f51571854c10b4ad3997623ab1143537a45f7196f7827e85266a44a984,2023-12-20T11:26:55.453000,sent,kaspa:qz0qum9lhqpyjt7xtk7jl8ptfvtu50t6ga5v4yz7x3l0nd2ulca4jphkgxgx6,100000000,
884364323e9a70c6c3c7cf4216a8d7fce86c3e2724c9f271ae9501f8f33f4cba,2023-12-20T11:24:46.190000,sent,kaspa:qq4dtuv4dl4eyy4qcl4xzxe3ks2s9t8hwrjlmyrd6fzh8gl7s0fz6cf6ejege,100000000,
d95906c17e009174161757607452edb32706df50056b6d50e92cf8beda90865e,2023-12-14T16:29:34.348000,sent,kaspa:qqt874j85r5ga5av0q6tthj2tu89dfpchjmvjuvx5tyn2vpjjrhk7tcpsx2vu,1000000000,
42d9edb0ac7a2d632a59e50686791ae95ee5582ac054087aa97755e59b76528a,2023-12-13T15:17:23.873000,sent,kaspa:qrg3c3d46e2qr37z62y493pc8wq8xw837mmn8nk44stv5n0p3eplcj99fq95l,500000000,
974f1e2e0574ceb8b2339b9a159517eeecabb8078cd0d00aaceb19993014665f,2023-12-11T04:16:17.871000,sent,kaspa:qqt874j85r5ga5av0q6tthj2tu89dfpchjmvjuvx5tyn2vpjjrhk7tcpsx2vu,500000000,
14cf02604e8132e448e13312385c6f03a148c30338acb1bf9afb5eb533ef5fc8,2023-12-09T01:55:20.600000,sent,kaspa:qrqhndzya0ryu8246c0qvuxdf44yfyq2c8xcfqmp0syuv446zpcus8fwwecwn,2000000000,
14cf02604e8132e448e13312385c6f03a148c30338acb1bf9afb5eb533ef5fc8,2023-12-09T01:55:20.600000,sent,kaspa:qrqhndzya0ryu8246c0qvuxdf44yfyq2c8xcfqmp0syuv446zpcus8fwwecwn,2000000000,
19025c1828827c247ed03d303cf95d3ddead6c40250c79398492ae94e3cc95b2,2023-12-08T23:50:12.781000,sent,kaspa:qrqhndzya0ryu8246c0qvuxdf44yfyq2c8xcfqmp0syuv446zpcus8fwwecwn,1000000000,
9414ccd99feb112977d96aec65ce002581922db92aad62c17076fbd7c0799144,2023-12-08T01:33:47.849000,received,kaspa:qpzwz5tfvalg59rkwdu2jlyexhs950cx2vxqv6uquklm88rwg50pwrjuw02na,20000000,
c9f57f72388e8b776153e8ccc4802737df7efdb6ac48cf0f3fa18f83d8aaa34b,2023-12-07T18:43:32.326000,sent,kaspa:qq4dtuv4dl4eyy4qcl4xzxe3ks2s9t8hwrjlmyrd6fzh8gl7s0fz6cf6ejege,25100000000,
c9f57f72388e8b776153e8ccc4802737df7efdb6ac48cf0f3fa18f83d8aaa34b,2023-12-07T18:43:32.326000,sent,kaspa:qq4dtuv4dl4eyy4qcl4xzxe3ks2s9t8hwrjlmyrd6fzh8gl7s0fz6cf6ejege,25100000000,
c9f57f72388e8b776153e8ccc4802737df7efdb6ac48cf0f3fa18f83d8aaa34b,2023-12-07T18:43:32.326000,sent,kaspa:qq4dtuv4dl4eyy4qcl4xzxe3ks2s9t8hwrjlmyrd6fzh8gl7s0fz6cf6ejege,25100000000,
c9f57f72388e8b776153e8ccc4802737df7efdb6ac48cf0f3fa18f83d8aaa34b,2023-12-07T18:43:32.326000,sent,kaspa:qq4dtuv4dl4eyy4qcl4xzxe3ks2s9t8hwrjlmyrd6fzh8gl7s0fz6cf6ejege,25100000000,
c9f57f72388e8b776153e8ccc4802737df7efdb6ac48cf0f3fa18f83d8aaa34b,2023-12-07T18:43:32.326000,sent,kaspa:qq4dtuv4dl4eyy4qcl4xzxe3ks2s9t8hwrjlmyrd6fzh8gl7s0fz6cf6ejege,25100000000,
c9f57f72388e8b776153e8ccc4802737df7efdb6ac48cf0f3fa18f83d8aaa34b,2023-12-07T18:43:32.326000,sent,kaspa:qq4dtuv4dl4eyy4qcl4xzxe3ks2s9t8hwrjlmyrd6fzh8gl7s0fz6cf6ejege,25100000000,
a857292fb8070627da001f108c3d81d2f3487eca1865e5da9fd64c869ac2863a,2023-12-07T13:32:06.276000,received,kaspa:qq4dtuv4dl4eyy4qcl4xzxe3ks2s9t8hwrjlmyrd6fzh8gl7s0fz6cf6ejege,25000000000,
ef481fdcef3d3589266019c26d9129a6d9bc33128056f1f97070b3aa29eb3019,2023-12-07T10:51:02.998000,sent,kaspa:qq4dtuv4dl4eyy4qcl4xzxe3ks2s9t8hwrjlmyrd6fzh8gl7s0fz6cf6ejege,500000000,
8f861c429fe20093ee809d6dfa54f183a5685d58e654b676d986312e6b421340,2023-12-04T13:26:16.218000,received,kaspa:qzt4zz6phjqztf4d4a5wnjr8wptll6kvph99n3ty26rpv9mufzf024a6499sm,300000000,
c14be4b2c0fd45074de1fa7494fb8789f45005b250badd90394483e0c5845dc6,2023-12-04T12:48:30.199000,sent,kaspa:qpgexxyu46cfmp2qyw5avdg47qurlc6vkjkvhzkr38vs92fwy8rsyshvk6fad,100000000,
f4be02dd290d988719fc5d42a4f98d9f93949c59284aea4c543b38c0175f41ca,2023-12-03T08:12:37.329000,sent,kaspa:qzt4zz6phjqztf4d4a5wnjr8wptll6kvph99n3ty26rpv9mufzf024a6499sm,2000000000,
1e6500d812f9a15b6783dcbd569933eceef5420b491467217951a4d9507e9a3f,2023-12-01T13:42:20.767000,sent,kaspa:qrdu7qawzy94eag30wcmsesaapffq7hp830yv97eq32zvzez298m6u846nl6c,100000000,
12b0eed79e945fa2bd121c2748eaa383359c9b697eb8b170c04acab71a17ff33,2023-11-30T14:43:48.140000,received,kaspa:qrdu7qawzy94eag30wcmsesaapffq7hp830yv97eq32zvzez298m6u846nl6c,1000000000,
12b0eed79e945fa2bd121c2748eaa383359c9b697eb8b170c04acab71a17ff33,2023-11-30T14:43:48.140000,received,kaspa:qrdu7qawzy94eag30wcmsesaapffq7hp830yv97eq32zvzez298m6u846nl6c,1000000000,
944532d106f07ad05ac745d8fb7e8ecfc0c884e5a0871774edea32bd5445d486,2023-11-30T13:47:06.241000,sent,kaspa:qrk3x0qt5aamhs8q9khq9f7rym8mcw6f4twhu25gq35zt5rdd4uvwptrclcct,1000,
b29d109afcab1fc0c8fe25589d8e6072b3de667216e0439b972a4159b7c7d30c,2023-11-30T13:43:02.210000,sent,kaspa:qz7tw8dwgz2vpxwvcmmwhzl982rlwhef3xf6ymzhzg5mll4aqzuzjmdxml33m,100000000,
13282453494e89cf21ee77104bacacd5945eac1e073c25af2a0fbf8af0481e82,2023-11-30T09:11:46.680000,sent,kaspa:qrp8yeuzxkwc4w5x6qmen7erwg96dfqryucphgvth45m2p6l9nvlqskl7s6mz,1000000000,
13282453494e89cf21ee77104bacacd5945eac1e073c25af2a0fbf8af0481e82,2023-11-30T09:11:46.680000,sent,kaspa:qrp8yeuzxkwc4w5x6qmen7erwg96dfqryucphgvth45m2p6l9nvlqskl7s6mz,1000000000,
13282453494e89cf21ee77104bacacd5945eac1e073c25af2a0fbf8af0481e82,2023-11-30T09:11:46.680000,sent,kaspa:qrp8yeuzxkwc4w5x6qmen7erwg96dfqryucphgvth45m2p6l9nvlqskl7s6mz,1000000000,
13282453494e89cf21ee77104bacacd5945eac1e073c25af2a0fbf8af0481e82,2023-11-30T09:11:46.680000,sent,kaspa:qrp8yeuzxkwc4w5x6qmen7erwg96dfqryucphgvth45m2p6l9nvlqskl7s6mz,1000000000,
2fe45d69d77b2348692492af1aa3f5ecf6a8607adf154903c8339de03d2838e7,2023-11-30T09:07:39.076000,sent,kaspa:qqyzn5h8dfymjpj7pnntajqaphjgucl5ujndcksgcqmcsfl49y0yshsv9s3t9,2000000000,
2fe45d69d77b2348692492af1aa3f5ecf6a8607adf154903c8339de03d2838e7,2023-11-30T09:07:39.076000,sent,kaspa:qqyzn5h8dfymjpj7pnntajqaphjgucl5ujndcksgcqmcsfl49y0yshsv9s3t9,2000000000,
54f2b8b017a9a2fb3b725b59e23790d37e82d21f3e624dcd3392c3d8cd4e54eb,2023-11-25T12:05:08.899000,sent,kaspa:qptvm8phsk3uze9jvajxlxjmprqk3ys2hq5xa3c7mn28dk7p8dl5jseaaxpnp,2000000000,
535acc0a1fc5173b5ed8816a186b5e0e00fbbd19015c57aa482bab0c1236c5c4,2023-11-25T08:16:16.381000,sent,kaspa:qrp8yeuzxkwc4w5x6qmen7erwg96dfqryucphgvth45m2p6l9nvlqskl7s6mz,1000000000,
535acc0a1fc5173b5ed8816a186b5e0e00fbbd19015c57aa482bab0c1236c5c4,2023-11-25T08:16:16.381000,sent,kaspa:qrp8yeuzxkwc4w5x6qmen7erwg96dfqryucphgvth45m2p6l9nvlqskl7s6mz,1000000000,
535acc0a1fc5173b5ed8816a186b5e0e00fbbd19015c57aa482bab0c1236c5c4,2023-11-25T08:16:16.381000,sent,kaspa:qrp8yeuzxkwc4w5x6qmen7erwg96dfqryucphgvth45m2p6l9nvlqskl7s6mz,1000000000,
5e86d078260b71b38420b3f801408caf6ef5bb6e6479a3fa9a6d44e80df2c733,2023-11-25T08:12:57.867000,sent,kaspa:qq6mq0m7m6tg6t9ntuj3rn6zvyeax6gewrypnef9jcddvupgd9u4we337zaxh,100000000,
ab6e752236a33d9d61a02714038570bc2e2aad9775582de899ff05336defa561,2023-11-24T01:38:33.130000,sent,kaspa:qrdu7qawzy94eag30wcmsesaapffq7hp830yv97eq32zvzez298m6u846nl6c,42000000,
90d3feddd7363c26b4baee2a7bf2052ad41eb95193de0aa919ffa206e9afc1fe,2023-11-24T01:38:15.238000,received,kaspa:qrdu7qawzy94eag30wcmsesaapffq7hp830yv97eq32zvzez298m6u846nl6c,69000000,
0790c2bbf245038c389de11e6aa4651e289a64d9400ecb4419e871ad76dae130,2023-11-22T08:37:40.196000,sent,kaspa:qqyzn5h8dfymjpj7pnntajqaphjgucl5ujndcksgcqmcsfl49y0yshsv9s3t9,5000000000,
0790c2bbf245038c389de11e6aa4651e289a64d9400ecb4419e871ad76dae130,2023-11-22T08:37:40.196000,sent,kaspa:qqyzn5h8dfymjpj7pnntajqaphjgucl5ujndcksgcqmcsfl49y0yshsv9s3t9,5000000000,
f65a752ce3796cd785c0a22101c025fa3f66c345b49db8f190b4403a56794c3e,2023-11-22T08:37:07.478000,received,kaspa:qqyzn5h8dfymjpj7pnntajqaphjgucl5ujndcksgcqmcsfl49y0yshsv9s3t9,2000000000,
f65a752ce3796cd785c0a22101c025fa3f66c345b49db8f190b4403a56794c3e,2023-11-22T08:37:07.478000,received,kaspa:qqyzn5h8dfymjpj7pnntajqaphjgucl5ujndcksgcqmcsfl49y0yshsv9s3t9,2000000000,
a8dc42ae7e77e5457a50364365b75baa15a4bb35c0527beb6650c1e7a442db0e,2023-11-22T00:34:13.936000,sent,kaspa:qrdu7qawzy94eag30wcmsesaapffq7hp830yv97eq32zvzez298m6u846nl6c,510000000,
a8dc42ae7e77e5457a50364365b75baa15a4bb35c0527beb6650c1e7a442db0e,2023-11-22T00:34:13.936000,sent,kaspa:qrdu7qawzy94eag30wcmsesaapffq7hp830yv97eq32zvzez298m6u846nl6c,510000000,
a8dc42ae7e77e5457a50364365b75baa15a4bb35c0527beb6650c1e7a442db0e,2023-11-22T00:34:13.936000,sent,kaspa:qrdu7qawzy94eag30wcmsesaapffq7hp830yv97eq32zvzez298m6u846nl6c,510000000,
ae852e73db251cbe6dd572357b4a00047479a0797daf6c339702d3fa796b5741,2023-11-22T00:32:54.169000,received,kaspa:qrdu7qawzy94eag30wcmsesaapffq7hp830yv97eq32zvzez298m6u846nl6c,500000000,
148330898743fa5c736ddab46ba04f45f89867fa26ceff064536784034587243,2023-11-21T10:00:54.914000,received,kaspa:qqyzn5h8dfymjpj7pnntajqaphjgucl5ujndcksgcqmcsfl49y0yshsv9s3t9,500000000,
4b2bf67179532c80b041add8d349ffc6d20665404940c3d129d129fb82d5820f,2023-11-21T10:00:36.066000,received,kaspa:qqyzn5h8dfymjpj7pnntajqaphjgucl5ujndcksgcqmcsfl49y0yshsv9s3t9,500000000,
104bf5c0b963f487a82e90c0f5417e4ba997c65c12e9b19203839de152c491b1,2023-11-21T10:00:22.379000,received,kaspa:qqyzn5h8dfymjpj7pnntajqaphjgucl5ujndcksgcqmcsfl49y0yshsv9s3t9,500000000,
7c102c771f94266709f1503924b3dd735eb72d63815415788ca27caa119083a6,2023-11-21T08:58:04.970000,received,kaspa:qqyzn5h8dfymjpj7pnntajqaphjgucl5ujndcksgcqmcsfl49y0yshsv9s3t9,500000000,
c4f0420a6837f1380f0ed66ea530f477f5c11a77fee348ccb3b093a7ac1ff909,2023-11-20T18:44:12.365000,sent,kaspa:qqyzn5h8dfymjpj7pnntajqaphjgucl5ujndcksgcqmcsfl49y0yshsv9s3t9,1600000000,
c4f0420a6837f1380f0ed66ea530f477f5c11a77fee348ccb3b093a7ac1ff909,2023-11-20T18:44:12.365000,sent,kaspa:qqyzn5h8dfymjpj7pnntajqaphjgucl5ujndcksgcqmcsfl49y0yshsv9s3t9,1600000000,
2d5e199a45362487c5d98e1f9f3886606676472bb61e920dd14e9c997debc2cf,2023-11-20T18:34:51.489000,received,kaspa:qrdu7qawzy94eag30wcmsesaapffq7hp830yv97eq32zvzez298m6u846nl6c,1500000000,
2d5e199a45362487c5d98e1f9f3886606676472bb61e920dd14e9c997debc2cf,2023-11-20T18:34:51.489000,received,kaspa:qrdu7qawzy94eag30wcmsesaapffq7hp830yv97eq32zvzez298m6u846nl6c,1500000000,
2d5e199a45362487c5d98e1f9f3886606676472bb61e920dd14e9c997debc2cf,2023-11-20T18:34:51.489000,received,kaspa:qrdu7qawzy94eag30wcmsesaapffq7hp830yv97eq32zvzez298m6u846nl6c,1500000000,
477af6fabfbc193c6b41fd8a353493b3385196d7f2778d8d48289b1a7652d384,2023-11-20T18:31:15.908000,sent,kaspa:qrdu7qawzy94eag30wcmsesaapffq7hp830yv97eq32zvzez298m6u846nl6c,1000000000,
d4476badf394ccbca69f83c70bc34195c389bf86bcb1f831924f2bc90422cda8,2023-11-19T09:01:48.817000,received,kaspa:qqyzn5h8dfymjpj7pnntajqaphjgucl5ujndcksgcqmcsfl49y0yshsv9s3t9,100000000,
6275e14033c6878474f07626ef8a2bd9b443e53bd673ebbc0dfeceb54d3dabfd,2023-11-19T08:08:12.170000,received,kaspa:qpm82su7g9laxcz46ermm3g7zl6s6nlf4qkyx20ny5cfjlvpyr57c59rut0y9,100000000,
6275e14033c6878474f07626ef8a2bd9b443e53bd673ebbc0dfeceb54d3dabfd,2023-11-19T08:08:12.170000,received,kaspa:qpm82su7g9laxcz46ermm3g7zl6s6nlf4qkyx20ny5cfjlvpyr57c59rut0y9,100000000,
ccb12bf13ba562777a1e6265fe19bce483e67896730637c8fe61be71a58ca87a,2023-11-19T08:08:01.263000,sent,kaspa:qpm82su7g9laxcz46ermm3g7zl6s6nlf4qkyx20ny5cfjlvpyr57c59rut0y9,100000000,
17ebafa7ea05d85f1611cf4a8f14e6816ce3ccec8dd7f946548e0ac42b247922,2023-11-19T06:45:22.850000,sent,kaspa:qpm82su7g9laxcz46ermm3g7zl6s6nlf4qkyx20ny5cfjlvpyr57c59rut0y9,100000000,
17ebafa7ea05d85f1611cf4a8f14e6816ce3ccec8dd7f946548e0ac42b247922,2023-11-19T06:45:22.850000,sent,kaspa:qpm82su7g9laxcz46ermm3g7zl6s6nlf4qkyx20ny5cfjlvpyr57c59rut0y9,100000000,
057dc4188d77eaf481a55bf50492e79b8c57c0453e48173f7531ef20ea59cd01,2023-11-19T06:44:45.642000,sent,kaspa:qqkqkzjvr7zwxxmjxjkmxxdwju9kjs6e9u82uh59z07vgaks6gg62v8707g73,100000000,
057dc4188d77eaf481a55bf50492e79b8c57c0453e48173f7531ef20ea59cd01,2023-11-19T06:44:45.642000,sent,kaspa:qqkqkzjvr7zwxxmjxjkmxxdwju9kjs6e9u82uh59z07vgaks6gg62v8707g73,100000000,
1c61037bbefab18f18ee3dee8931a0c9ba1a70d87c91c82332ba7acfb93384d5,2023-11-17T22:22:49.178000,sent,kaspa:qqfkuxs7qpcykg4xc386skgue9xzgyufe6u7wluvk8jtvnmtfwz0xfwysz3xp,10000000000,
99cf77aa9fa31b202151db1be1e5ad190257bd689dc5c3eba17edae5cb310ffc,2023-11-16T07:20:35.952000,received,kaspa:qqyzn5h8dfymjpj7pnntajqaphjgucl5ujndcksgcqmcsfl49y0yshsv9s3t9,100000000,
b45a1b67260442e4b0f86b3588b51c93309967ba7733007888328faa7fffad1c,2023-11-15T12:26:41.479000,received,kaspa:qqyzn5h8dfymjpj7pnntajqaphjgucl5ujndcksgcqmcsfl49y0yshsv9s3t9,100000000,
06ec3efeff602497cff6b9b9fc51761e530f8504410e556dbd6f65002b2fc75e,2023-11-15T12:17:20.283000,sent,kaspa:qzsz82c9wefpqsspa8pvs84zwpd20ufrh9hfy64x8maraknysl9a277sd6jm6,500000000,
06ec3efeff602497cff6b9b9fc51761e530f8504410e556dbd6f65002b2fc75e,2023-11-15T12:17:20.283000,sent,kaspa:qzsz82c9wefpqsspa8pvs84zwpd20ufrh9hfy64x8maraknysl9a277sd6jm6,500000000,
36d4a553c96498edca739abc7458a519ba5aebbbe65698625dac39c19bc1eebf,2023-11-15T05:30:42.188000,received,kaspa:qqyzn5h8dfymjpj7pnntajqaphjgucl5ujndcksgcqmcsfl49y0yshsv9s3t9,100000000,
64c149df0fa4c743ca9528922a47750a527b3a6503315ac7626008c98dc8dea8,2023-11-14T19:13:52.141000,sent,kaspa:qqyzn5h8dfymjpj7pnntajqaphjgucl5ujndcksgcqmcsfl49y0yshsv9s3t9,1000000000,
a9fa09c9c1627682cc294799e0ef3277c6e8435955be40b3e618b4dd52c9af8b,2023-11-12T23:28:17.848000,received,kaspa:qq4dtuv4dl4eyy4qcl4xzxe3ks2s9t8hwrjlmyrd6fzh8gl7s0fz6cf6ejege,10000000000,
5ed96b00e2d86fbc53c2697abb7328075215a7c61adae730e79dbdd2de6cd8f9,2023-11-09T07:50:55.925000,sent,kaspa:qzcu37xzwfxyqr2a7qmpt0lc8euq74pa7scngmr9w2wnmtewscup24vh2ctd2,1000000000,
d0f36067f7c12c457eeac91e6b86fc3d08b958539cfde67875d3213b0b81d6aa,2023-11-07T07:18:49.047000,sent,kaspa:qqt874j85r5ga5av0q6tthj2tu89dfpchjmvjuvx5tyn2vpjjrhk7tcpsx2vu,5000000000,
9acd06ddf6f48e0516c9896da90e9600228c291ff6993fc59ec2f6f918f16bda,2023-11-06T21:27:35.390000,sent,kaspa:qzhraq9t3wmgxfxe77cglwrv9tkyrxgdvnpvq2rden3l8y7x5aw8x5daj0jxn,10000,
9acd06ddf6f48e0516c9896da90e9600228c291ff6993fc59ec2f6f918f16bda,2023-11-06T21:27:35.390000,sent,kaspa:qzhraq9t3wmgxfxe77cglwrv9tkyrxgdvnpvq2rden3l8y7x5aw8x5daj0jxn,10000,
edc71585cc0896187baa4b4557a06fbad05ac61d2396e9fee450457d5032e20f,2023-11-06T20:58:34.919000,received,kaspa:qq4dtuv4dl4eyy4qcl4xzxe3ks2s9t8hwrjlmyrd6fzh8gl7s0fz6cf6ejege,25000000000,
615c211c3f4d9c46231fbdb72b717bc2cc138914f526570966d0daac19232881,2023-10-30T12:34:33.020000,received,kaspa:qqyzn5h8dfymjpj7pnntajqaphjgucl5ujndcksgcqmcsfl49y0yshsv9s3t9,1000,
