tx_id,timestamp,direction,peer_address,amount_sompi,cex_label
c5c9670dfc0ca0fadc95b4129d05695834e1b69e90dc2da42c70b5eadb07adc7,2024-02-19T02:25:48.852000,sent,kaspa:qp47cmyvwgk44cxgk0slvanzxmv40tscyaqqd0e9kmdch9lvhydduzeg29kqk,2071399994599,
c5c9670dfc0ca0fadc95b4129d05695834e1b69e90dc2da42c70b5eadb07adc7,2024-02-19T02:25:48.852000,sent,kaspa:qp47cmyvwgk44cxgk0slvanzxmv40tscyaqqd0e9kmdch9lvhydduzeg29kqk,2071399994599,
c5c9670dfc0ca0fadc95b4129d05695834e1b69e90dc2da42c70b5eadb07adc7,2024-02-19T02:25:48.852000,sent,kaspa:qp47cmyvwgk44cxgk0slvanzxmv40tscyaqqd0e9kmdch9lvhydduzeg29kqk,2071399994599,
c5c9670dfc0ca0fadc95b4129d05695834e1b69e90dc2da42c70b5eadb07adc7,2024-02-19T02:25:48.852000,sent,kaspa:qp47cmyvwgk44cxgk0slvanzxmv40tscyaqqd0e9kmdch9lvhydduzeg29kqk,2071399994599,
4115ebb3f4f8bd28d39a8cdda63a4f5e004f5db26b2ebbee596652304f6441f5,2024-02-18T09:36:08.753000,received,kaspa:qqetp7ct8kqss99fxmymyz5t3fezppxp0t58wl6pawp27elqd46uudme00cl0,624486000000,
4115ebb3f4f8bd28d39a8cdda63a4f5e004f5db26b2ebbee596652304f6441f5,2024-02-18T09:36:08.753000,received,kaspa:qpzpfwcsqsxhxwup26r55fd0ghqlhyugz8cp6y3wxuddc02vcxtjg75pspnwz,624486000000,MEXC
321fc9eebd56049de612a92f874e34f154e3c325c3220cca7cf74f444f2d27ea,2024-02-18T09:05:04.842000,received,kaspa:qqetp7ct8kqss99fxmymyz5t3fezppxp0t58wl6pawp27elqd46uudme00cl0,1249000000000,
321fc9eebd56049de612a92f874e34f154e3c325c3220cca7cf74f444f2d27ea,2024-02-18T09:05:04.842000,received,kaspa:qpzpfwcsqsxhxwup26r55fd0ghqlhyugz8cp6y3wxuddc02vcxtjg75pspnwz,1249000000000,MEXC
a5671c8d8c88be32be5074694d745ba3db52ef8995fc10541a9f32552f8d275e,2024-02-18T09:00:02.733000,received,kaspa:qqetp7ct8kqss99fxmymyz5t3fezppxp0t58wl6pawp27elqd46uudme00cl0,99000000000,
a5671c8d8c88be32be5074694d745ba3db52ef8995fc10541a9f32552f8d275e,2024-02-18T09:00:02.733000,received,kaspa:qpzpfwcsqsxhxwup26r55fd0ghqlhyugz8cp6y3wxuddc02vcxtjg75pspnwz,99000000000,MEXC
b57ff2c94341485b5bf773eb980adc7746374aad30b75d54593a3f8a3d24947b,2024-02-18T08:54:02.958000,received,kaspa:qqetp7ct8kqss99fxmymyz5t3fezppxp0t58wl6pawp27elqd46uudme00cl0,99000000000,
b57ff2c94341485b5bf773eb980adc7746374aad30b75d54593a3f8a3d24947b,2024-02-18T08:54:02.958000,received,kaspa:qpzpfwcsqsxhxwup26r55fd0ghqlhyugz8cp6y3wxuddc02vcxtjg75pspnwz,99000000000,MEXC
