tx_id,timestamp,direction,peer_address,amount_sompi,cex_label
e3baed61d661e55e15ca1ce919b7d52bb157e252daff341a05ba346d78282155,2023-12-13T02:22:11.090000,sent,kaspa:qq3ldft5y4cpd64k3ylgcd5xrnfk2r5pnag78kmhcg4vysc7nzw8yghcpa5xk,172970000,
e3baed61d661e55e15ca1ce919b7d52bb157e252daff341a05ba346d78282155,2023-12-13T02:22:11.090000,sent,kaspa:qq3ldft5y4cpd64k3ylgcd5xrnfk2r5pnag78kmhcg4vysc7nzw8yghcpa5xk,172970000,
771877fff901efcf2b1fb58854667fa0810eca65096bc25fd48ce0b69bb0141f,2023-12-12T14:12:53.793000,received,kaspa:qypswxtcrv4ssyjaswy5w9387vq73mkuyq85tl34cee6qn5uexqy0csgnafnjx7,171000000,
3ac819ad6e662ba73b1b8a2c802714c4c8eacbf2727f090b8a710963bc79ddda,2023-11-28T21:19:33.209000,sent,kaspa:qyptvpkxlleeycg9dsckwxv4glhan7t0yzh479xm0s3uepenhwd9sgcjs2spkp8,18000000,
4bb4e5077cfb15f738df8e52e11b4bd9325347240468580d05e10b136896c263,2023-11-28T20:00:47.207000,received,kaspa:qqyek96j60hgjell3lf52fzytlmtl2vemrykek237gpqqadjslzrglq9u8672,20000000,
