tx_id,timestamp,direction,peer_address,amount_sompi,cex_label
e00d9646351fcd1561f6467ed610fa3374d490efcd24a9911abe12a18ba1da08,2023-12-16T04:31:26.228000,sent,kaspa:qzslgwenzu78t6tldlng383g7ruu4enaljmnkgaulyrscjp7ldt26x8gfxck5,171940000,
e00d9646351fcd1561f6467ed610fa3374d490efcd24a9911abe12a18ba1da08,2023-12-16T04:31:26.228000,sent,kaspa:qzslgwenzu78t6tldlng383g7ruu4enaljmnkgaulyrscjp7ldt26x8gfxck5,171940000,
d1909bd01c3d8f2023c900ef71ead6e549a2c9959ace2b7143cbe334aa91bdb9,2023-12-12T13:08:18.790000,received,kaspa:qypswxtcrv4ssyjaswy5w9387vq73mkuyq85tl34cee6qn5uexqy0csgnafnjx7,171000000,
86fc6a7f9cafa83105e7956a9379a847e00d7b0f97f745e3f24d45629f9d67e5,2023-11-28T17:52:57.617000,sent,kaspa:qypqz65hzka85zczk50dhk9a86fxlzp5hs2k2fqa8dl4tsv4te49gpsf45l9dqf,18000000,
162753452c222d03b0f47e646ced73385ea01ba1f607d4756d47398c4bd69625,2023-11-28T16:58:40.219000,received,kaspa:qpt4rs4dse5l4ane0e0tv6nc2m9eu9gd33t5rkm6dtu8dpvxatuajce59z4ea,19000000,
