tx_id,timestamp,direction,peer_address,amount_sompi,cex_label
e9f3cda4802249ec84bee0444a3ae5dcea67b412f1928a21a0428aabbb08be2a,2024-09-27T12:32:55.652000,sent,kaspa:qqnqv3rvnctfyrjteurqm0gmqfu7yjg3949yxpyxxfa4rgm9nt2zxauwq8xvs,100000000000,
e9f3cda4802249ec84bee0444a3ae5dcea67b412f1928a21a0428aabbb08be2a,2024-09-27T12:32:55.652000,sent,kaspa:qp40zzngtdmghxwh8e82djje7pe09na8x498je5u0e6ty8l344eq6fqsg444a,4412884417139,
cb1772cfaaa7326266e27e03fdb57e0c3a8b9ac4ddd6592add90419ea90ade72,2024-09-24T11:06:33.621000,received,kaspa:qrh0tk8g7hza8pej3xg9xcd3u0a9x3wgzz8r480zcfmk8fyfkhf5uxej5qe3k,4512884419208,
cb1772cfaaa7326266e27e03fdb57e0c3a8b9ac4ddd6592add90419ea90ade72,2024-09-24T11:06:33.621000,received,kaspa:qqmdrrlznz7cgax9jvefm4g4fwtsnnz8r96574qduyjakmyd5rtgc3a4rx0qr,4512884419208,
