tx_id,timestamp,direction,peer_address,amount_sompi,cex_label
520a6c0211a7284e9965d525aae3c9e923d9c1e1fd178f097fcb7df0fd489548,2023-12-16T03:19:25.662000,sent,kaspa:qzslgwenzu78t6tldlng383g7ruu4enaljmnkgaulyrscjp7ldt26x8gfxck5,171940000,
520a6c0211a7284e9965d525aae3c9e923d9c1e1fd178f097fcb7df0fd489548,2023-12-16T03:19:25.662000,sent,kaspa:qzslgwenzu78t6tldlng383g7ruu4enaljmnkgaulyrscjp7ldt26x8gfxck5,171940000,
64dd69d762799154d9b22f88172d9a8c829df4afbc58849d0045e3eb84b17c4b,2023-12-12T03:06:32.841000,received,kaspa:qypswxtcrv4ssyjaswy5w9387vq73mkuyq85tl34cee6qn5uexqy0csgnafnjx7,171000000,
550e4a26337babdd0b2082b7688aa90821cfcbd454039b057969a27ce1b63700,2023-11-28T00:59:51.163000,sent,kaspa:qyptkx8gpu02la7a5j9hl82ppqu7dagmve9fxxnw4a2274kx4hrl00ggweucth3,18000000,
64ac48c9af1f93ee8b3508271e6ceb9fcca5b02bb37c2052e75f9aac3aabf427,2023-11-27T20:07:14.976000,received,kaspa:qpe7n3hm27lszp3hh5974245t8a0mvahp6q820e44vs29sl0xljpg8f42mmlf,19000000,
