tx_id,timestamp,direction,peer_address,amount_sompi,cex_label
e7ef9119c1ed6ecee28d38c193333f8040a3a60e12db08b631ce753e61cb04d0,2023-12-16T04:13:26.594000,sent,kaspa:qzslgwenzu78t6tldlng383g7ruu4enaljmnkgaulyrscjp7ldt26x8gfxck5,171940000,
e7ef9119c1ed6ecee28d38c193333f8040a3a60e12db08b631ce753e61cb04d0,2023-12-16T04:13:26.594000,sent,kaspa:qzslgwenzu78t6tldlng383g7ruu4enaljmnkgaulyrscjp7ldt26x8gfxck5,171940000,
138fb172d88f4a9ee86fee5eea92483497445b57bfbe39e70720ed21c59a5958,2023-12-12T21:36:43.996000,received,kaspa:qypswxtcrv4ssyjaswy5w9387vq73mkuyq85tl34cee6qn5uexqy0csgnafnjx7,171000000,
d9b44c57b1c4e53053ca1ae3c6527de3debf9bc1d894d8d7c4eb979bacda598e,2023-11-29T13:07:55.532000,sent,kaspa:qypq8eqzufhdw3qh7kfdu3jehk2h7xpzum0y9n5838u2v2mz584nqfgm2wczd3c,18000000,
78ff51c91cf58a104fb2bca480a1cfff64385eff772eb7e9ea2b0d88c51ef19d,2023-11-29T07:14:53.535000,received,kaspa:qrfljlmy9fxt57pcvshn7ym90d0lszlyxe36fx9lgqgwam0y9fmay00msesrt,19000000,
