tx_id,timestamp,direction,peer_address,amount_sompi,cex_label
2295733b67825dc47b209f9853c53d6865b88f6264fce273f733913394ad3197,2023-12-16T04:06:15.741000,sent,kaspa:qzslgwenzu78t6tldlng383g7ruu4enaljmnkgaulyrscjp7ldt26x8gfxck5,171940000,
2295733b67825dc47b209f9853c53d6865b88f6264fce273f733913394ad3197,2023-12-16T04:06:15.741000,sent,kaspa:qzslgwenzu78t6tldlng383g7ruu4enaljmnkgaulyrscjp7ldt26x8gfxck5,171940000,
5f3553a137f38b4f06c269230db2a229cb72cef7007942ab3cad004dbd4eb68e,2023-12-12T05:10:18.516000,received,kaspa:qypswxtcrv4ssyjaswy5w9387vq73mkuyq85tl34cee6qn5uexqy0csgnafnjx7,171000000,
8f5367c631fa2067fd6a4ec38b07b18640ce679b1b0c88ecc1ed0036ac43831a,2023-11-28T05:07:39.260000,sent,kaspa:qypwdvganjx7f6svpyeljzvn53q5k5etd09veffwmfvknxkfph045agwyft86fk,18000000,
bd410f60dec4aaacff860b35b1e7221382e02b768d68d8f264204d52b384b03c,2023-11-28T02:00:03.913000,received,kaspa:qpt5gdymkxn3et43vpm4scm2a8jjjhtrnevyly2m4hp66kndxr5x6u8yqjzk2,19000000,
