tx_id,timestamp,direction,peer_address,amount_sompi,cex_label
acb6fd1d03c25d67b7dcb444c0d7ca202f53ad29a29f0b24c828c4ff4394045c,2023-12-16T03:23:32.602000,sent,kaspa:qzslgwenzu78t6tldlng383g7ruu4enaljmnkgaulyrscjp7ldt26x8gfxck5,171940000,
acb6fd1d03c25d67b7dcb444c0d7ca202f53ad29a29f0b24c828c4ff4394045c,2023-12-16T03:23:32.602000,sent,kaspa:qzslgwenzu78t6tldlng383g7ruu4enaljmnkgaulyrscjp7ldt26x8gfxck5,171940000,
73e07805cdaeeaa88ef71edc3ec4f0a6c18ad6afcdfb2062ece77d0218e722e1,2023-12-12T06:45:45.356000,received,kaspa:qypswxtcrv4ssyjaswy5w9387vq73mkuyq85tl34cee6qn5uexqy0csgnafnjx7,171000000,
db7d7a6aa6f0148aa579579b0633040e1678f996d0bbb5134d7b3b42906caa0b,2023-11-28T07:51:16.113000,sent,kaspa:qyp8jfd3352f6mwsznrxtr7qd6f9jr07uguk3qhyvntjm9vn9gxlqfs709pucjq,18000000,
b0bd648c2f7e9b7e18c383628b815d820b64fb034475e4db1377f4da22f430e6,2023-11-28T04:19:52.768000,received,kaspa:qqgjueqc8x7h0ck9jqhl3rq7zktl2ew0tsxu9s8l56hl3l7kfdzqqfa7r0xf8,19000000,
