tx_id,timestamp,direction,peer_address,amount_sompi,cex_label
75862831098e9be5d747f90740ec13af85447af75ce969109aa995e4fe6f2bc4,2023-12-17T10:40:19.910000,sent,kaspa:qr9gsmhkunakrg34h6nua5r5camvdn2g079947hcdejjwgzl86wk75qwhgw4t,1750000000,
75862831098e9be5d747f90740ec13af85447af75ce969109aa995e4fe6f2bc4,2023-12-17T10:40:19.910000,sent,kaspa:qzqju43wtml8v6q2kpp9009nhc77jx77szgj4du4wfwy448647l7ch5frmgec,6410000,
b0c0c221526a1d71181d0d7ea749b070c652e15ec1e1bdcb1b4f7955c87a5ae7,2023-12-13T01:52:37.574000,received,kaspa:qypswxtcrv4ssyjaswy5w9387vq73mkuyq85tl34cee6qn5uexqy0csgnafnjx7,171000000,
35aa9c9c654af6fdd7af6ad96c57a03a19333466cf5c4554063bf5aa4c2f93d6,2023-11-29T18:02:21.989000,sent,kaspa:qyp9q0254yx2r622506luuqt2nr3efhgtz5tpqvj8cx2nz5fnxs5ueswynwpy3s,18000000,
35aa9c9c654af6fdd7af6ad96c57a03a19333466cf5c4554063bf5aa4c2f93d6,2023-11-29T18:02:21.989000,sent,kaspa:qztd2dgledzeq0vx8cj5eqdndrcswnragmv832dh7lnu4ndclrgf7rstn0xup,265870000,
d56082e0dc6c04c26cceef6c4f62cbc9d84eef450d8e2f2d4d311e6ea4315af7,2023-11-29T17:22:53.624000,received,kaspa:qqhjrsq6l78ztf454dryvpydhkt052a4k5mwlgevllmu3xmcg49k6x60pgzx6,283880000,
