tx_id,timestamp,direction,peer_address,amount_sompi,cex_label
cce001f5d9ca2c56e26f3f56689452ac3313667daedf77cf8a429b7104896a86,2023-12-16T04:26:37.095000,sent,kaspa:qzslgwenzu78t6tldlng383g7ruu4enaljmnkgaulyrscjp7ldt26x8gfxck5,171940000,
cce001f5d9ca2c56e26f3f56689452ac3313667daedf77cf8a429b7104896a86,2023-12-16T04:26:37.095000,sent,kaspa:qzslgwenzu78t6tldlng383g7ruu4enaljmnkgaulyrscjp7ldt26x8gfxck5,171940000,
aeda9b72b91d78f54732b164767c031dac374c59f338abf9176b9d39535802c0,2023-12-12T21:42:36.230000,received,kaspa:qypswxtcrv4ssyjaswy5w9387vq73mkuyq85tl34cee6qn5uexqy0csgnafnjx7,171000000,
4c01e77ccab52a31ba999d9b13134a7ef5534ffbd5f1b0365924385801a53d49,2023-11-29T13:12:53.636000,sent,kaspa:qypzcgr8zll4unr66xznmqpe4q4uwmsx2g7jqz0d083749dv6z4ds9qhujwhfyz,18000000,
d444457de97a53a1e331a558faeeffe5517457e2f8d74c0efabdcfa73b902a07,2023-11-29T07:41:59.957000,received,kaspa:qqyyj4sqe4e3m5eacztnxtl3jeh6p6rvkf6fjf80yuesnmn7sg03wyy54jepa,19000000,
