tx_id,timestamp,direction,peer_address,amount_sompi,cex_label
ea25478289c1f1f7e638c9842d2c53d8eff21530cbe91ac523a89a22e7ef7195,2023-12-16T04:22:17.242000,sent,kaspa:qq9mqfqmtvnch54gd85nr54f2r3lvyhulehea08zr6mhdlzqerlh7lr27g8sa,170990000,
c718c5a4db36b3f86e3ab8ca915c05ed75df273d70ec34b44109a22dd7f13caf,2023-12-12T23:56:29.550000,received,kaspa:qypswxtcrv4ssyjaswy5w9387vq73mkuyq85tl34cee6qn5uexqy0csgnafnjx7,171000000,
e489301b4ec2cb961c44315ed7e060930216aa74a8fd0f248d8d30737601adda,2023-11-29T15:46:18.780000,sent,kaspa:qp0dr7vzw7d8egckhx04m6rzr342tnafgrhr9z9yg34vjjlr7u9gu0h3r29ya,283850000,
0f6638cb6ea033c4c92f1e665d86a7243525f5c1a71d14f66afffbd5c6f9d893,2023-11-29T15:41:06.618000,sent,kaspa:qyph2vj2zc0w2t9cw8mfkkg2eaq3vckfdgr7ef7npu9dspeayknufmgpkw78adw,18000000,
afbb4228ae927a286757ff32cf3df512dafc71a0599d082527e38117fd4d7343,2023-11-29T11:35:01.823000,received,kaspa:qqvn35u5ydggh0d62wlj5tucjh5sgajemhp982jkpejyc454hs7cq8vvets2f,301870000,
