tx_id,timestamp,direction,peer_address,amount_sompi,cex_label
d8e681c60224507d0e55c5867fca83c4e93590fc436b4111d2c821aa3211d542,2025-04-06T04:01:42.010000,sent,kaspa:qqwr98aykpe3ra5ruwdsvq4c4gnykaave9hxvm0g8wkkvke9pmwkcctkqd5xk,22000000000,
d8e681c60224507d0e55c5867fca83c4e93590fc436b4111d2c821aa3211d542,2025-04-06T04:01:42.010000,sent,kaspa:qqegvmj2k0jgx7ztfjtqy872qlkn5z27r7l6nkzx4pmgnqe03ncfy9rjtpqpt,35286399438,
f3bfa9bd5ba5665208f016dd37613b19ddc78abd263b927e6a45f6c10c71b623,2025-04-04T17:11:04.652000,received,kaspa:qzhgepc7mjscszkteeqhy99d3v96ftpg2wyy6r85nd0kg9m8rfmusqpp7mxkq,48000000000,
f3bfa9bd5ba5665208f016dd37613b19ddc78abd263b927e6a45f6c10c71b623,2025-04-04T17:11:04.652000,received,kaspa:qzhgepc7mjscszkteeqhy99d3v96ftpg2wyy6r85nd0kg9m8rfmusqpp7mxkq,48000000000,
f3bfa9bd5ba5665208f016dd37613b19ddc78abd263b927e6a45f6c10c71b623,2025-04-04T17:11:04.652000,received,kaspa:qzhgepc7mjscszkteeqhy99d3v96ftpg2wyy6r85nd0kg9m8rfmusqpp7mxkq,48000000000,
f3bfa9bd5ba5665208f016dd37613b19ddc78abd263b927e6a45f6c10c71b623,2025-04-04T17:11:04.652000,received,kaspa:qzhgepc7mjscszkteeqhy99d3v96ftpg2wyy6r85nd0kg9m8rfmusqpp7mxkq,48000000000,
9632c63a7ea344c123ead472abfbcb19c37a862a489faf6af16fe6693a89e1ed,2025-04-03T10:52:42.175000,sent,kaspa:qzhgepc7mjscszkteeqhy99d3v96ftpg2wyy6r85nd0kg9m8rfmusqpp7mxkq,2000000000,
9632c63a7ea344c123ead472abfbcb19c37a862a489faf6af16fe6693a89e1ed,2025-04-03T10:52:42.175000,sent,kaspa:qzwqm92jfavur56s2qmruvje7cjltdz0r5jeua29secz3z3l23he5dmwum3ra,896805239,
487c2e54fb5260f490b0a87d4947dbb561209e1572c1832c871b76cacf002171,2025-04-03T09:42:53.234000,received,kaspa:qp0xdd058cfuurzu654cpcmfgeaulyc4p3z7tz8dau8lrhten9v2gagmwwsvg,100000000,
8e068d553b75d24892546b943dd14d3eb677641971d60a6ca5c79ff0c573c9aa,2025-04-03T00:13:23.348000,sent,kaspa:qzhgepc7mjscszkteeqhy99d3v96ftpg2wyy6r85nd0kg9m8rfmusqpp7mxkq,44000000000,
8e068d553b75d24892546b943dd14d3eb677641971d60a6ca5c79ff0c573c9aa,2025-04-03T00:13:23.348000,sent,kaspa:qzmvslal8k37g5up5fd5fj2gx8y9q0flyc3v3cuhu6xtsvjxharyz0qp2upz0,4499987184,
9d1e6d63b66945eac043e16d025d26d2b6a74d3ffe27b92a03679a9c4dd49d89,2025-04-02T08:27:14.169000,received,kaspa:qqwr98aykpe3ra5ruwdsvq4c4gnykaave9hxvm0g8wkkvke9pmwkcctkqd5xk,48000000000,
9d1e6d63b66945eac043e16d025d26d2b6a74d3ffe27b92a03679a9c4dd49d89,2025-04-02T08:27:14.169000,received,kaspa:qqwr98aykpe3ra5ruwdsvq4c4gnykaave9hxvm0g8wkkvke9pmwkcctkqd5xk,48000000000,
1c11482f4be11c0c2b03c20ff7680d441d954642fa2996ab73b21bdb40ef856d,2025-03-29T11:17:26.230000,sent,kaspa:qpqpv0854vkmlsyajf6tv3xhelw5ja76s4gmeew2l42lpns4s0ppsns9rnnnz,442779589599,
1c11482f4be11c0c2b03c20ff7680d441d954642fa2996ab73b21bdb40ef856d,2025-03-29T11:17:26.230000,sent,kaspa:qqx0zxk0xjfs0yql80k58jdr788f25ly7400w4fmqj2rleh9g2x574swdh5da,49999995693,
c672f5383ff6f54183a411249088bfddbd7507d2f47084ac50e4948ba4f27857,2025-03-29T08:30:20.433000,received,kaspa:qqwr98aykpe3ra5ruwdsvq4c4gnykaave9hxvm0g8wkkvke9pmwkcctkqd5xk,26500000000,
c672f5383ff6f54183a411249088bfddbd7507d2f47084ac50e4948ba4f27857,2025-03-29T08:30:20.433000,received,kaspa:qqwr98aykpe3ra5ruwdsvq4c4gnykaave9hxvm0g8wkkvke9pmwkcctkqd5xk,26500000000,
5637273cacc82fdbea95b58dc2e25a95de5aa1b89768b90852f3a394157ce6d8,2025-03-16T00:57:02.169000,sent,kaspa:qzkhjwz52ds3lpdj6jy0pw83f8j52u423g2rx28ptjmcs5mkk6gs2rpra2r90,168189815012,
084cdeb2c12a2be76b85e20c998b317e1450a5ec0be71168e16453fa4d7e1b0d,2025-03-16T00:55:06.547000,received,kaspa:qzgjq23vdqffnxedmenznynyy2vw7husfv6hdgnupue85s59c0pvcya44wyje,6600000000,
084cdeb2c12a2be76b85e20c998b317e1450a5ec0be71168e16453fa4d7e1b0d,2025-03-16T00:55:06.547000,received,kaspa:qzgjq23vdqffnxedmenznynyy2vw7husfv6hdgnupue85s59c0pvcya44wyje,6600000000,
58c1afedb0689ede107a7151205c2c293e533545498e61dc4c59b0a651982db7,2024-12-11T08:59:35.030000,sent,kaspa:qzkhjwz52ds3lpdj6jy0pw83f8j52u423g2rx28ptjmcs5mkk6gs2rpra2r90,1732075993840,
71bbdacab4023dd17a026ab46c55501b0510fb90e6be8fa83a1e89410dcfdd32,2024-12-10T12:23:37.102000,received,kaspa:qqwr98aykpe3ra5ruwdsvq4c4gnykaave9hxvm0g8wkkvke9pmwkcctkqd5xk,600000000,
460ba0b25b41d0db9c94913229439a63ccc8a6141e0fb439c7eaaf6c272d98c0,2024-12-09T22:45:32.675000,sent,kaspa:qzkhjwz52ds3lpdj6jy0pw83f8j52u423g2rx28ptjmcs5mkk6gs2rpra2r90,1169229487019,
c20e6d5350fe7b29b659a6986efc9793af4200c4cffacf03d558aacac24e2570,2024-12-08T22:41:51.970000,received,kaspa:qqwr98aykpe3ra5ruwdsvq4c4gnykaave9hxvm0g8wkkvke9pmwkcctkqd5xk,6900000000,
c20e6d5350fe7b29b659a6986efc9793af4200c4cffacf03d558aacac24e2570,2024-12-08T22:41:51.970000,received,kaspa:qqwr98aykpe3ra5ruwdsvq4c4gnykaave9hxvm0g8wkkvke9pmwkcctkqd5xk,6900000000,
1665cd8374863769de5737bdd90cfe8e7930848347c96d605d5f8fd4b9a07517,2024-11-26T06:25:55.367000,sent,kaspa:qzhgepc7mjscszkteeqhy99d3v96ftpg2wyy6r85nd0kg9m8rfmusqpp7mxkq,2400000000,
1665cd8374863769de5737bdd90cfe8e7930848347c96d605d5f8fd4b9a07517,2024-11-26T06:25:55.367000,sent,kaspa:qpxxu49yt8ahk026menm2tatxy4vxd3pm4s0kexf0df02cn9f4rpvpe29mvmx,483021586274,
f7bc00e83efbc220795e11d2a5c13bfc01667994b7c43a3b0d7e23a6cec3d01c,2024-11-26T02:18:58.043000,received,kaspa:qzhgepc7mjscszkteeqhy99d3v96ftpg2wyy6r85nd0kg9m8rfmusqpp7mxkq,100000000,
0c9e8d27b22e40add6cdd84deddb62eb9d3769fec7975effda73ccca9417beaf,2024-11-09T07:45:12.374000,sent,kaspa:qzkhjwz52ds3lpdj6jy0pw83f8j52u423g2rx28ptjmcs5mkk6gs2rpra2r90,1616516362563,
e2022ab12d36de71a0818f870f12498ca2c36d9bc09839be820f7c45e29ca6fe,2024-11-08T12:00:26.027000,received,kaspa:qrelgny7sr3vahq69yykxx36m65gvmhryxrlwngfzgu8xkdslum2yxjp3ap8m,337392823000,Gate.io
068c58498f7f1df873c46e908d7f718263f99d174e44366e25e202c1198a02f6,2024-11-04T10:38:47.216000,sent,kaspa:qzkhjwz52ds3lpdj6jy0pw83f8j52u423g2rx28ptjmcs5mkk6gs2rpra2r90,1277623545591,
12c093c03e8afc58a8064cc48303bd1bb0e14ebb75fa71bc322c5950c031fde7,2024-11-04T09:09:11.830000,received,kaspa:qrelgny7sr3vahq69yykxx36m65gvmhryxrlwngfzgu8xkdslum2yxjp3ap8m,584946021931,Gate.io
048c9a24f2d1f42c7b56e1eb2d2b5b805697d270dcef5b123fc72c0a4f37a6db,2024-05-02T09:27:36.844000,sent,kaspa:qzkhjwz52ds3lpdj6jy0pw83f8j52u423g2rx28ptjmcs5mkk6gs2rpra2r90,30018765569125,
e1143345b2dd116d6b69373769dcd27f0ba08b6ebf9ceb3387a3654351130fa4,2024-05-02T09:26:44.053000,received,kaspa:qpqj2cl4ewvshmwws8tghzzcv9vp7lgxw9lhwj8mpsl0m2u44qxzcx492mgpa,5000000000000,
7fc22077a37fb5faee07db53d512e14ce523a23b657fe5d41561fbd22b856a68,2024-04-28T02:52:48.551000,sent,kaspa:qzkhjwz52ds3lpdj6jy0pw83f8j52u423g2rx28ptjmcs5mkk6gs2rpra2r90,40018665586564,
358c69ea53eb7425c22d37b9bea3ce239bb5cfd6e68a61867f80422dba2027e5,2024-04-27T11:12:05.106000,received,kaspa:qqetp7ct8kqss99fxmymyz5t3fezppxp0t58wl6pawp27elqd46uudme00cl0,9091000000,
358c69ea53eb7425c22d37b9bea3ce239bb5cfd6e68a61867f80422dba2027e5,2024-04-27T11:12:05.106000,received,kaspa:qpzpfwcsqsxhxwup26r55fd0ghqlhyugz8cp6y3wxuddc02vcxtjg75pspnwz,9091000000,MEXC
49c31f13c3f2c1407734455fa062b56bb5e5d1c9926a509683e3ec490cd8ca1d,2024-04-27T07:32:08.076000,sent,kaspa:qzkhjwz52ds3lpdj6jy0pw83f8j52u423g2rx28ptjmcs5mkk6gs2rpra2r90,40021256848387,
49c31f13c3f2c1407734455fa062b56bb5e5d1c9926a509683e3ec490cd8ca1d,2024-04-27T07:32:08.076000,sent,kaspa:qzkhjwz52ds3lpdj6jy0pw83f8j52u423g2rx28ptjmcs5mkk6gs2rpra2r90,40021256848387,
49c31f13c3f2c1407734455fa062b56bb5e5d1c9926a509683e3ec490cd8ca1d,2024-04-27T07:32:08.076000,sent,kaspa:qzkhjwz52ds3lpdj6jy0pw83f8j52u423g2rx28ptjmcs5mkk6gs2rpra2r90,40021256848387,
ab0a770f1f753ace73dfc6beb42d4d17af15abf03f3fc39c64d4075e46a6f2fa,2024-04-26T07:54:06.968000,received,kaspa:qyp6w4u7n8lk0cmstlrnmdxtt0kqvd26fw9vhh5k369cztata9yarsc8798khe5,2499990000,
93a2e43e3c2aa6ef260f9dc37ee8f1d20396d69bf697957eb37be2855f935d1b,2024-04-26T07:52:10.324000,received,kaspa:qyp6w4u7n8lk0cmstlrnmdxtt0kqvd26fw9vhh5k369cztata9yarsc8798khe5,9466900000000,
3675e7e7e5699a92ddd4ae23dd2ed96cf593cfb22e376f37f97c77f21d267f0c,2024-04-26T07:50:23.794000,received,kaspa:qyp6w4u7n8lk0cmstlrnmdxtt0kqvd26fw9vhh5k369cztata9yarsc8798khe5,10000000000,
3675e7e7e5699a92ddd4ae23dd2ed96cf593cfb22e376f37f97c77f21d267f0c,2024-04-26T07:50:23.794000,received,kaspa:qyp6w4u7n8lk0cmstlrnmdxtt0kqvd26fw9vhh5k369cztata9yarsc8798khe5,10000000000,
3675e7e7e5699a92ddd4ae23dd2ed96cf593cfb22e376f37f97c77f21d267f0c,2024-04-26T07:50:23.794000,received,kaspa:qyp6w4u7n8lk0cmstlrnmdxtt0kqvd26fw9vhh5k369cztata9yarsc8798khe5,10000000000,
3675e7e7e5699a92ddd4ae23dd2ed96cf593cfb22e376f37f97c77f21d267f0c,2024-04-26T07:50:23.794000,received,kaspa:qyp6w4u7n8lk0cmstlrnmdxtt0kqvd26fw9vhh5k369cztata9yarsc8798khe5,10000000000,
3675e7e7e5699a92ddd4ae23dd2ed96cf593cfb22e376f37f97c77f21d267f0c,2024-04-26T07:50:23.794000,received,kaspa:qyp6w4u7n8lk0cmstlrnmdxtt0kqvd26fw9vhh5k369cztata9yarsc8798khe5,10000000000,
3675e7e7e5699a92ddd4ae23dd2ed96cf593cfb22e376f37f97c77f21d267f0c,2024-04-26T07:50:23.794000,received,kaspa:qyp6w4u7n8lk0cmstlrnmdxtt0kqvd26fw9vhh5k369cztata9yarsc8798khe5,10000000000,
3675e7e7e5699a92ddd4ae23dd2ed96cf593cfb22e376f37f97c77f21d267f0c,2024-04-26T07:50:23.794000,received,kaspa:qyp6w4u7n8lk0cmstlrnmdxtt0kqvd26fw9vhh5k369cztata9yarsc8798khe5,10000000000,
3675e7e7e5699a92ddd4ae23dd2ed96cf593cfb22e376f37f97c77f21d267f0c,2024-04-26T07:50:23.794000,received,kaspa:qyp6w4u7n8lk0cmstlrnmdxtt0kqvd26fw9vhh5k369cztata9yarsc8798khe5,10000000000,
3675e7e7e5699a92ddd4ae23dd2ed96cf593cfb22e376f37f97c77f21d267f0c,2024-04-26T07:50:23.794000,received,kaspa:qyp6w4u7n8lk0cmstlrnmdxtt0kqvd26fw9vhh5k369cztata9yarsc8798khe5,10000000000,
7b785d2243b202896efb033a720e24b2f83e41f4ff5af077447a5c33800a68df,2024-02-26T22:39:55.159000,sent,kaspa:qzkhjwz52ds3lpdj6jy0pw83f8j52u423g2rx28ptjmcs5mkk6gs2rpra2r90,74654459512868,
ee53c32c238bac5b27ceb4e1f7378c6fc456729abbea278aa88257a47e07d38e,2024-02-26T22:39:22.815000,received,kaspa:qr696tfuu69v83r40errz6e78387g0vrzw5nxy5trjwrcczr8e9js3cdmp0yu,5000000000,
ee53c32c238bac5b27ceb4e1f7378c6fc456729abbea278aa88257a47e07d38e,2024-02-26T22:39:22.815000,received,kaspa:qr696tfuu69v83r40errz6e78387g0vrzw5nxy5trjwrcczr8e9js3cdmp0yu,5000000000,
a315fefc783a2d5e3e1294513ce04fbda19c5f6e1598e6fff4372245873c9a1c,2023-12-24T23:22:53.342000,sent,kaspa:qzkhjwz52ds3lpdj6jy0pw83f8j52u423g2rx28ptjmcs5mkk6gs2rpra2r90,66575651309872,
fbb7b919da357a476dda2fd8c701887e1b73bd05738f2558b50b25a012199aab,2023-12-24T23:15:39.466000,received,kaspa:qrelgny7sr3vahq69yykxx36m65gvmhryxrlwngfzgu8xkdslum2yxjp3ap8m,4101424115800,Gate.io
3da855d0c1bc1f5ab0ecdfb5e3001b27a441f42c1870d9bd94babe0360ac2f92,2023-12-22T10:16:44.193000,sent,kaspa:qzkhjwz52ds3lpdj6jy0pw83f8j52u423g2rx28ptjmcs5mkk6gs2rpra2r90,64494079549021,
14ab9667f852a52a92b88e0e16fb34ab00dae66bc6d2e52a6c4dd02be712bb33,2023-12-21T09:41:17.190000,received,kaspa:qrelgny7sr3vahq69yykxx36m65gvmhryxrlwngfzgu8xkdslum2yxjp3ap8m,353051321700,Gate.io
1244502124ee93409092509e9483f05988badadfc5aa2c8ce4187f686fc49e63,2023-11-23T02:40:52.749000,sent,kaspa:qqfkuxs7qpcykg4xc386skgue9xzgyufe6u7wluvk8jtvnmtfwz0xfwysz3xp,788780387,
1244502124ee93409092509e9483f05988badadfc5aa2c8ce4187f686fc49e63,2023-11-23T02:40:52.749000,sent,kaspa:qppctll40uf883j4hu2kjgsd4dlazmhdq33xvpavfds5vewyedr9gawl0duh7,1208256807544,
01cdcfbc1831b373ba41ca330df275bb7f5e53f076192321db5044743ec7c76d,2023-11-16T12:45:14.242000,received,kaspa:qrelgny7sr3vahq69yykxx36m65gvmhryxrlwngfzgu8xkdslum2yxjp3ap8m,1209045590000,Gate.io
764baf22dd1b4915ae85e5caa5b0cbbe25a50cc462a2a53aeb39d02ea5d9f15c,2023-11-06T06:36:27.907000,sent,kaspa:qzkhjwz52ds3lpdj6jy0pw83f8j52u423g2rx28ptjmcs5mkk6gs2rpra2r90,64332746510664,
04e3c7c5c01f862c2d9b55bede39dbe50c4be6fb549c72405ab735d115dbba82,2023-11-02T09:15:47.247000,received,kaspa:qrelgny7sr3vahq69yykxx36m65gvmhryxrlwngfzgu8xkdslum2yxjp3ap8m,2068616470000,Gate.io
1a58da73b1713bb5742c9a0cb980cfca0a19f2d4204ab18933c1a64c1ac1dd2c,2023-10-28T07:38:43.469000,sent,kaspa:qzkhjwz52ds3lpdj6jy0pw83f8j52u423g2rx28ptjmcs5mkk6gs2rpra2r90,58062390804036,
b0ac597011c07584c5dd1f3c29deceb4dccf5944bfff5613cea492de789d01bd,2023-10-26T10:20:32.654000,received,kaspa:qrelgny7sr3vahq69yykxx36m65gvmhryxrlwngfzgu8xkdslum2yxjp3ap8m,1010812310000,Gate.io
676b6e266773f3325d57380186f1a93859b9af9e4a0f4b7c3b26a2c5beb3ee12,2023-10-22T02:57:40.011000,sent,kaspa:qzkhjwz52ds3lpdj6jy0pw83f8j52u423g2rx28ptjmcs5mkk6gs2rpra2r90,57556984205872,
ac7348d0113aabb10943d192b9d91ff301d310741afbf17d62e57aa1b9c98334,2023-10-22T02:49:08.261000,received,kaspa:qrelgny7sr3vahq69yykxx36m65gvmhryxrlwngfzgu8xkdslum2yxjp3ap8m,2105837870000,Gate.io
63f96278ba0f86aa3575f95cf7a8396ce20a4ac8e61498580144a1c5e48c476c,2023-10-12T10:44:03.626000,sent,kaspa:qpqja7uf707hwhe3n503xj7tlxje38kwdvq2q9askaqvww98unvh7479cnhyu,141537347472,
63f96278ba0f86aa3575f95cf7a8396ce20a4ac8e61498580144a1c5e48c476c,2023-10-12T10:44:03.626000,sent,kaspa:qqegvmj2k0jgx7ztfjtqy872qlkn5z27r7l6nkzx4pmgnqe03ncfy9rjtpqpt,1234337380459,
b8b3276fea0c0f87606eaac38c39681e78fb2d721c54b99bb82e81190cb1ad4d,2023-10-11T11:25:09.246000,received,kaspa:qrelgny7sr3vahq69yykxx36m65gvmhryxrlwngfzgu8xkdslum2yxjp3ap8m,1375874730000,Gate.io
129ea630614723a881b4fa8db5124a0695e232487719ef0e07ab205fd635159d,2023-06-14T09:34:52.494000,sent,kaspa:qzkhjwz52ds3lpdj6jy0pw83f8j52u423g2rx28ptjmcs5mkk6gs2rpra2r90,3057251097192,
ef6dde47be50a1d671243d677e185b13bfeeda55646a8ba5b2138cfafccead88,2023-06-05T03:17:18.805000,received,kaspa:qrelgny7sr3vahq69yykxx36m65gvmhryxrlwngfzgu8xkdslum2yxjp3ap8m,3057250200000,Gate.io
