tx_id,timestamp,direction,peer_address,amount_sompi,cex_label
487df14bb23c413ec168055ad882f3d4f3e8ee66d2be2c84598deff2ffd65c15,2023-12-12T11:05:13.448000,sent,kaspa:qru8t3pgh3u7c59an6s2cxtm7l3v52q984cese2h2956c33fe7mnugr45frea,854950000,
3f7558e8a8f35c16230b1c7dd0aac4633814a93dfc70844b51ffbd2f43d4ee38,2023-12-12T10:05:02.904000,received,kaspa:qypswxtcrv4ssyjaswy5w9387vq73mkuyq85tl34cee6qn5uexqy0csgnafnjx7,171000000,
8e10b52df7a7078f91c2855e6ac7b7d113504b834088f241f6c5c1a9f4aa88c1,2023-11-28T14:17:17.928000,sent,kaspa:qypwrpf585um8ahccmkajw3uegd4sl23secxegwrgvtlzalg5xqpdwc6vsgygpn,18000000,
8e10b52df7a7078f91c2855e6ac7b7d113504b834088f241f6c5c1a9f4aa88c1,2023-11-28T14:17:17.928000,sent,kaspa:qzw2lkcngnrn0v4tgrj8lp82639w0ag5tr25056jzwcnx7wc9xmr2avl0cfm8,73930000,
c0ddc2d120fa8bb39699b40edcf8dee0eec45d63456fdbea988778d1b9e2e080,2023-11-28T13:55:52.888000,received,kaspa:qrkmd78qv5rpglwkgwa7v7dtkq27tjmt6rec3e9nrec0y6mfrfuwcjz76my4z,91940000,
