tx_id,timestamp,direction,peer_address,amount_sompi,cex_label
8fd3a3f6c412972d1b3a71ce6e4208b795b46649518efc399dde51a8e380fe78,2023-12-16T05:18:28.912000,sent,kaspa:qzslgwenzu78t6tldlng383g7ruu4enaljmnkgaulyrscjp7ldt26x8gfxck5,171940000,
8fd3a3f6c412972d1b3a71ce6e4208b795b46649518efc399dde51a8e380fe78,2023-12-16T05:18:28.912000,sent,kaspa:qzslgwenzu78t6tldlng383g7ruu4enaljmnkgaulyrscjp7ldt26x8gfxck5,171940000,
55e79a213d0427a82072f110c6214a470a09d27ee34992876c9cba166bf274a6,2023-12-13T04:15:25.457000,received,kaspa:qypswxtcrv4ssyjaswy5w9387vq73mkuyq85tl34cee6qn5uexqy0csgnafnjx7,171000000,
72d1649f3561f7625bd3f8f9ff021d5a51de6bf5a861045026a65f478aceeb40,2023-11-29T19:30:04.645000,sent,kaspa:qypel2ng9h232ssc79f48hhzkvlxqq8w0a5hm85rg9dz4qk6tne7nmgpg0jfdhu,18000000,
d0b746a1fa51952dc33f20e1bbd47d325d2c793646972cd72f771a69f1e30f59,2023-11-28T21:22:46.263000,received,kaspa:qza2tqfcw6dckpck2wtdazuqm02vl2nqw8crr8dhjxt6mulmum88s7y72f98a,19000000,
