tx_id,timestamp,direction,peer_address,amount_sompi,cex_label
a8cb41fa93c6370a9562e87ce2f4c54cce32f126ee811dd2555623c3e5c20f7e,2023-12-19T05:26:15.199000,sent,kaspa:qrkaxvl2tw6pq6zx9xrr9lqnt9x72upf0hsrp3cvgcmfz77m50ycua35nz200,172970000,
a8cb41fa93c6370a9562e87ce2f4c54cce32f126ee811dd2555623c3e5c20f7e,2023-12-19T05:26:15.199000,sent,kaspa:qrkaxvl2tw6pq6zx9xrr9lqnt9x72upf0hsrp3cvgcmfz77m50ycua35nz200,172970000,
33484ab4427f1e9087758a482f3bf7cbbeb77e3dd300a17492094738a52b80ed,2023-12-12T20:11:20.767000,received,kaspa:qypswxtcrv4ssyjaswy5w9387vq73mkuyq85tl34cee6qn5uexqy0csgnafnjx7,171000000,
c70517089d1314f317c41d818bf8c60c3b6eaddf0e93c4c78d11958f7a12927e,2023-11-29T10:30:51.163000,sent,kaspa:qyp6hmsru4a0sxsmk4fxjt02clsy7vghwf9vrn0v7sear4sd3cppn3qrwy04kdu,18000000,
00d0a39c3ac292bc8760803dd4187d392aae04539a7d843126ba5ebc33d2b4ec,2023-11-28T09:34:42.707000,received,kaspa:qz4utdsq5snldq0dxhlwe45cac4lphfapsqnehclmj6a83z82s2mgp9ywr004,20000000,
