tx_id,timestamp,direction,peer_address,amount_sompi,cex_label
da76c53a62eaa61081ded23fff15ac7cba1bfaa7a9a4a1907924a94e5df7c084,2023-12-16T04:45:23.154000,sent,kaspa:qzslgwenzu78t6tldlng383g7ruu4enaljmnkgaulyrscjp7ldt26x8gfxck5,171940000,
da76c53a62eaa61081ded23fff15ac7cba1bfaa7a9a4a1907924a94e5df7c084,2023-12-16T04:45:23.154000,sent,kaspa:qzslgwenzu78t6tldlng383g7ruu4enaljmnkgaulyrscjp7ldt26x8gfxck5,171940000,
b9f7743dc20f4c072c8c72458ed24605fcd002a4b82713f7dc36c77d6030164b,2023-12-12T20:58:47.630000,received,kaspa:qypswxtcrv4ssyjaswy5w9387vq73mkuyq85tl34cee6qn5uexqy0csgnafnjx7,171000000,
f43955d852d33667ebe3e40c9023192b11287f14261418e7709a1b542ad6023b,2023-11-29T11:44:55,sent,kaspa:qyp2qalaxmj4l93kamzzm4zwtsyvn9fcu9kr4a8vyuffxeratdvrcycp66cpy4e,18000000,
b4e37259bf90e75ce22df2725916a14219868b6f7644d00894c4104160603f37,2023-11-27T20:04:41.294000,received,kaspa:qzmylezddvj3n5hr4d4yl2gkkukqqf8wsx3gq2devnvyjla5z94lqz3fhkqqh,19000000,
