tx_id,timestamp,direction,peer_address,amount_sompi,cex_label
ba72aff4c302726535ce652c02db46fd5174151f6b9de36114c009016f4614bb,2023-12-16T05:06:20.296000,sent,kaspa:qzslgwenzu78t6tldlng383g7ruu4enaljmnkgaulyrscjp7ldt26x8gfxck5,171940000,
ba72aff4c302726535ce652c02db46fd5174151f6b9de36114c009016f4614bb,2023-12-16T05:06:20.296000,sent,kaspa:qzslgwenzu78t6tldlng383g7ruu4enaljmnkgaulyrscjp7ldt26x8gfxck5,171940000,
6429995742b72ae714bea1dea8cd1800f752a3c428e876bcad9461008d8ea5c6,2023-12-13T04:16:59.334000,received,kaspa:qypswxtcrv4ssyjaswy5w9387vq73mkuyq85tl34cee6qn5uexqy0csgnafnjx7,171000000,
9324a2c6e121bc32a198ff11b052195ed5276528b22bffc39bdfe55bafdfe11c,2023-11-29T19:31:36.056000,sent,kaspa:qypnpg592hakwtp5rvguxdjqz8kaqlug04jshes9upt338y3qxks6lshf4qyjrf,18000000,
32f8e869ada2a3e40a6e31d1387d4ff5a26fd523b082e4d9f4b0f315804147c7,2023-11-29T02:23:53.906000,received,kaspa:qpmp7s9we4nmtuq7fahr68pkxddehqer4r278q8wwtrgp4p5cqqj7e08uvv05,19000000,
