tx_id,timestamp,direction,peer_address,amount_sompi,cex_label
58b669d1a21df97546fffd94080bdd32603fef35bc70be6649fe9170d74353cd,2024-03-05T16:45:55.722000,sent,kaspa:qrf46klp3ud5d7m4cuxcs6uqmf2jq5emt9dxg2736mgyq40rzp0xvjh9alwyt,9000000000,
58b669d1a21df97546fffd94080bdd32603fef35bc70be6649fe9170d74353cd,2024-03-05T16:45:55.722000,sent,kaspa:qrj25mwfwjwlgwdaphrvqpg8qdmv9f3ws09vtgy0qm4t9e0443auwfyw6szau,38817606,
3cb0ee284351937aa7ddccf1c9fb3bfefde96de7b9ffa747e12164ef459e268b,2024-02-28T22:31:31.279000,received,kaspa:qrfv0q46fl5tvjlq965msfngra95z2rm6g2vw0h4442mj8prdtsk5x59lsv2k,8005900000,
3cb0ee284351937aa7ddccf1c9fb3bfefde96de7b9ffa747e12164ef459e268b,2024-02-28T22:31:31.279000,received,kaspa:qz38547ugwd0humdm9n6w7u7ywm3lumd6p46tg8w2706hy5p0rdxvs6uztw3g,8005900000,
