tx_id,timestamp,direction,peer_address,amount_sompi,cex_label
3713777a6a0027c95b856e0e5469dd5d3ea9a4f053816015b99062c1ed42918f,2023-11-20T00:12:33.324000,sent,kaspa:qqwvnkp47wsj6n4hkdlgj8dsauyx0xvefunnwvvsmpq2udd0ka8ckmpuqw3k5,205163900000,
531aae9ea40b0f9211680bb788d8556669718201ec11041990b14e91f212c19f,2023-11-19T23:51:34.096000,received,kaspa:qqetp7ct8kqss99fxmymyz5t3fezppxp0t58wl6pawp27elqd46uudme00cl0,205164000000,
8810152c2fba5a7bcc2b40d84704c67f80c56dc3477e6e956583375ca26799b5,2023-11-19T00:04:22.246000,sent,kaspa:qqwvnkp47wsj6n4hkdlgj8dsauyx0xvefunnwvvsmpq2udd0ka8ckmpuqw3k5,114913336446,
5e0c1d0e0ce8c6377edc109dbaf342d1024afaae4d1b83ec403aaa964c7f4294,2023-11-19T00:02:13.438000,received,kaspa:qpgj7egcdt3jr3d05t6gtqjjkkslfje7rfkrg8dkhywm3vujt4sj6am74lp82,114913436446,
473d793f1cb6fb96da56fede543d500f8fb7e92db77c3be3a888b526b3d59899,2023-11-18T23:56:11.126000,sent,kaspa:qqwvnkp47wsj6n4hkdlgj8dsauyx0xvefunnwvvsmpq2udd0ka8ckmpuqw3k5,4999900000,
6d1a01a2995edd48ee4860fb1e8c08da3f0cb7a6617a5f883b8d4a415094b958,2023-11-18T23:44:07.587000,received,kaspa:qr6uxtxau68ld4ef2dm6y50wnljp3a8v2v4krqzf9kndxae4mw0kuv0pjw2zh,5000000000,
