tx_id,timestamp,direction,peer_address,amount_sompi,cex_label
ca594b7581b55aa9beed5fd6b4d51060a130c72198071b1271f10205c742697f,2023-12-21T06:56:38.671000,sent,kaspa:qrkaxvl2tw6pq6zx9xrr9lqnt9x72upf0hsrp3cvgcmfz77m50ycua35nz200,172970000,
ca594b7581b55aa9beed5fd6b4d51060a130c72198071b1271f10205c742697f,2023-12-21T06:56:38.671000,sent,kaspa:qrkaxvl2tw6pq6zx9xrr9lqnt9x72upf0hsrp3cvgcmfz77m50ycua35nz200,172970000,
9831709794bb503c707476b34d10816591000e0cd6c07762816317304d1d6b26,2023-12-12T17:23:32.361000,received,kaspa:qypswxtcrv4ssyjaswy5w9387vq73mkuyq85tl34cee6qn5uexqy0csgnafnjx7,171000000,
f1ae2ee8ed47f342349a7b884e109c914054648dfb1208276ee50ceefcd90bea,2023-11-29T05:40:16.532000,sent,kaspa:qyp7vj3jv4t0ks6hvxwg73k7c8dhr0xyu20g6s7me2q6dx2q0u6l5tsq3fz3cff,18000000,
b3fdf6f594d5fab4f33247c6892860482ce2ed59b454df951521f3c7544d596a,2023-11-28T08:24:14.907000,received,kaspa:qra6l4vxdkufppwlt5uggjtzk97dlhaql80jk3mpdtz0wy4xp8l5u8g69djwh,20000000,
