tx_id,timestamp,direction,peer_address,amount_sompi,cex_label
7c027603a460912a0f6213ba4ec97a277842c4eeefd2239a318be9bdce0b32e2,2023-12-16T04:26:53.664000,sent,kaspa:qzslgwenzu78t6tldlng383g7ruu4enaljmnkgaulyrscjp7ldt26x8gfxck5,171940000,
7c027603a460912a0f6213ba4ec97a277842c4eeefd2239a318be9bdce0b32e2,2023-12-16T04:26:53.664000,sent,kaspa:qzslgwenzu78t6tldlng383g7ruu4enaljmnkgaulyrscjp7ldt26x8gfxck5,171940000,
77d295fe7749aff01bbeb0f753167f535f03a8db5d7086e26f9ed6e453f85ab8,2023-12-12T11:23:05.123000,received,kaspa:qypswxtcrv4ssyjaswy5w9387vq73mkuyq85tl34cee6qn5uexqy0csgnafnjx7,171000000,
ad2ce034caf9008054ceba8598b8e48d1ba7869be6fc8771a3c503fd5e2baaea,2023-11-28T15:47:04.253000,sent,kaspa:qypra7en8jhap7tjn4cm0efp9ffuxqkesuyu6s94hu5zc8jzlnvz2ucqmc4k42u,18000000,
a3ce8ef7ec43503f4802842c5795c252acd182a27c75d064884273b916c89833,2023-11-27T23:52:06.989000,received,kaspa:qqaugwf5jw2eagnzq0ncvce6p8n8nwyxzwxmyxwqx7uast3nnv6q6xd4qglxr,19000000,
