tx_id,timestamp,direction,peer_address,amount_sompi,cex_label
530a09b1922861f910458af738f5a3f0622f72d1dc72625915c15502310888fa,2022-11-14T23:27:16.657000,sent,kaspa:qzxqj5c7ymvjpxdxadpmth0lcpxhp25tv7gck7yl0cwxfjhw35mjy2jc5644c,50000000000000,
530a09b1922861f910458af738f5a3f0622f72d1dc72625915c15502310888fa,2022-11-14T23:27:16.657000,sent,kaspa:qqancd0nfyfkzcqvkuse5jvm9ynsttx0d8q4dh0c7la4hh5vdqq9kg0sc523t,10359530662357,
0605b0e5a6bb6e0fb8e686f00a68ed7193f0f711b74f3111bb8eea8fac49173b,2022-10-26T16:58:31.538000,received,kaspa:qpkv5j777wyx36vmerycs2tucvc752uszt7cnavnzvc72r278jyxyvd4qursy,45332419710540,
0605b0e5a6bb6e0fb8e686f00a68ed7193f0f711b74f3111bb8eea8fac49173b,2022-10-26T16:58:31.538000,received,kaspa:qp0qecyemnlv542l4q32wfcxvfg5vnrtw7f2aqdja9q0kk7jrzm4xuul72309,45332419710540,
