tx_id,timestamp,direction,peer_address,amount_sompi,cex_label
ca0ff4d5c4cdb4d44045e058dcc23f4d9796a8321bcf5b4fe5136bb06780307b,2024-08-04T17:47:27.685000,sent,kaspa:qq9zagcza4jt76eev9jl5z0nqhe0thcu7js8larktj4sle7lvgnw7sfcewlty,46500000000,
ca0ff4d5c4cdb4d44045e058dcc23f4d9796a8321bcf5b4fe5136bb06780307b,2024-08-04T17:47:27.685000,sent,kaspa:qq9zagcza4jt76eev9jl5z0nqhe0thcu7js8larktj4sle7lvgnw7sfcewlty,46500000000,
7ffbf528b55db4018a2458ae7993f64220a03136f7d2ea62ecf87d6a5c17f7c3,2024-07-30T21:28:36.075000,received,kaspa:qrelgny7sr3vahq69yykxx36m65gvmhryxrlwngfzgu8xkdslum2yxjp3ap8m,46377621000,Gate.io
8e29a29960147a42996f3693fd4138d922288f7c41ba07e9040c3b27156f0312,2024-07-30T21:24:16.100000,received,kaspa:qrelgny7sr3vahq69yykxx36m65gvmhryxrlwngfzgu8xkdslum2yxjp3ap8m,743000000,Gate.io
