tx_id,timestamp,direction,peer_address,amount_sompi,cex_label
825fd6ab47d4037f9996fbe0bee7cda50ebae2ba386a576b0d43d092d09990cf,2024-02-17T10:47:39.872000,sent,kaspa:qqd463qjk795l7x06el7qjdh4hjtprah8mtnxx8exg8wz43fla4djkghheu25,172980000,
825fd6ab47d4037f9996fbe0bee7cda50ebae2ba386a576b0d43d092d09990cf,2024-02-17T10:47:39.872000,sent,kaspa:qqd463qjk795l7x06el7qjdh4hjtprah8mtnxx8exg8wz43fla4djkghheu25,172980000,
5816f8e56208ff3fbf64aa025f59e9169fe36bb83cc28f6cf5b9ca3072c9fde6,2023-12-12T19:53:55.811000,received,kaspa:qypswxtcrv4ssyjaswy5w9387vq73mkuyq85tl34cee6qn5uexqy0csgnafnjx7,171000000,
a9ab9dc433d2af3b49c9976aeece48b69c1495f651154fe89030bf1905ef81e4,2023-11-29T10:04:47.855000,sent,kaspa:qyp9u77xfe4r3lgz6y0tn6c6c5rs65x9z57sdqnhpjn3tc25nvkvp8c3scpcau6,18000000,
bc6ab3923970b99684619bf170a97a0d09b700be9593fbe67fda8f732199769f,2023-11-27T19:21:30.485000,received,kaspa:qypwcme2wrftxsx5v9j6gtqcdt6lekdmlgny7uy2c65g58usa2pknqch006uh92,20000000,
