tx_id,timestamp,direction,peer_address,amount_sompi,cex_label
105e3ae39387849b57615aaf59ed9ffb2e3b872588a555937c0f28c20750a118,2023-12-16T04:05:44.823000,sent,kaspa:qzslgwenzu78t6tldlng383g7ruu4enaljmnkgaulyrscjp7ldt26x8gfxck5,171940000,
105e3ae39387849b57615aaf59ed9ffb2e3b872588a555937c0f28c20750a118,2023-12-16T04:05:44.823000,sent,kaspa:qzslgwenzu78t6tldlng383g7ruu4enaljmnkgaulyrscjp7ldt26x8gfxck5,171940000,
72a8020475c488ee8f4bd5fa01da15d505d8f137068d1b4a2526e118e3cf3e71,2023-12-12T05:04:56.859000,received,kaspa:qypswxtcrv4ssyjaswy5w9387vq73mkuyq85tl34cee6qn5uexqy0csgnafnjx7,171000000,
13bb165490692d6b6d278aba8587d781f04e699b17e8e5da044ce0be6d51b699,2023-11-28T04:59:14.775000,sent,kaspa:qypnv58vxn4sxyq4kn6p8g68tnkepw4snertc8emn84dhyfa9zf42ts0xwumdze,18000000,
68eb04fbd5d543649bef0ef36c54353d01c1b144d79f73953ba10b0f5442d3dd,2023-11-28T00:23:39.153000,received,kaspa:qrkclx2pp900t87vw8euqesglvsmga562wsf9w8s5x6exatxmtylkpv9rgltf,19000000,
