tx_id,timestamp,direction,peer_address,amount_sompi,cex_label
0c912ff5ccdc0da1cf986b12337f2e85fb89764f32a5f45f7354beb03895163d,2023-12-16T04:49:01.547000,sent,kaspa:qzslgwenzu78t6tldlng383g7ruu4enaljmnkgaulyrscjp7ldt26x8gfxck5,171940000,
0c912ff5ccdc0da1cf986b12337f2e85fb89764f32a5f45f7354beb03895163d,2023-12-16T04:49:01.547000,sent,kaspa:qzslgwenzu78t6tldlng383g7ruu4enaljmnkgaulyrscjp7ldt26x8gfxck5,171940000,
efb1909e2cf1b09a2834b34b360d73e015840bfef1da0473366b91df1107db92,2023-12-12T23:16:26.179000,received,kaspa:qypswxtcrv4ssyjaswy5w9387vq73mkuyq85tl34cee6qn5uexqy0csgnafnjx7,171000000,
ccf29b386bbd58ac0978e0b9bb60e2ca25971753291f5fb629fd7de2d4f2f188,2023-11-29T14:49:44.038000,sent,kaspa:qypvp2ct7fx2zgrza30x2rmua4rxcahyupmq3079lwtjndwx0ktp54q80wzwqju,18000000,
e7d8d79c8c8c971ef008f2f32894304270334f9938e4c8312dd0b59015e7b7f8,2023-11-28T12:41:16.098000,received,kaspa:qz2mfwckqf336hmfsmq2wesgv3up3emyec0yvszzk8g03pj05qr5u7pet9th0,19000000,
