tx_id,timestamp,direction,peer_address,amount_sompi,cex_label
4f2ce1e700854bacae34cf6f7ba54c0930030a3cc5ee4e49702d9e400ea9e5be,2023-12-16T05:04:02.142000,sent,kaspa:qzslgwenzu78t6tldlng383g7ruu4enaljmnkgaulyrscjp7ldt26x8gfxck5,171940000,
4f2ce1e700854bacae34cf6f7ba54c0930030a3cc5ee4e49702d9e400ea9e5be,2023-12-16T05:04:02.142000,sent,kaspa:qzslgwenzu78t6tldlng383g7ruu4enaljmnkgaulyrscjp7ldt26x8gfxck5,171940000,
843d8974db1b1bae1262eec8fc3f9881e442c0ae454f7fe85cb9807d0483b2d7,2023-12-13T00:48:11.870000,received,kaspa:qypswxtcrv4ssyjaswy5w9387vq73mkuyq85tl34cee6qn5uexqy0csgnafnjx7,171000000,
0b9b3881ae1936b211af20dfdca1d1f3a5300f99b2479c3c28e209ec26682971,2023-11-29T16:29:28.375000,sent,kaspa:qyp5ppaqdmn7m795l593cx5t47gwllam2pvvjy2eaaahgxevq0tr05gft8dsuxu,18000000,
a0de014a7552235b8bbe54ecef8d0b6609e7c6f603cbed389d732ddc232df8b6,2023-11-28T21:11:00.815000,received,kaspa:qpvn753256550h3q748kk43ek6u8sag3uw2c06vf5zsew86ncfraj8p7qkk3n,19000000,
