tx_id,timestamp,direction,peer_address,amount_sompi,cex_label
af6039dcc5e3714eda08a8fd49747d6dbaec25e5999bf51ef0a82337b7e4fba7,2023-12-16T04:26:05.993000,sent,kaspa:qzslgwenzu78t6tldlng383g7ruu4enaljmnkgaulyrscjp7ldt26x8gfxck5,171940000,
af6039dcc5e3714eda08a8fd49747d6dbaec25e5999bf51ef0a82337b7e4fba7,2023-12-16T04:26:05.993000,sent,kaspa:qzslgwenzu78t6tldlng383g7ruu4enaljmnkgaulyrscjp7ldt26x8gfxck5,171940000,
f839f544226357a5a42240a1f6f7ea5ed7ebdcd43b9c50542fede78cd4ccc0e2,2023-12-12T21:51:54.398000,received,kaspa:qypswxtcrv4ssyjaswy5w9387vq73mkuyq85tl34cee6qn5uexqy0csgnafnjx7,171000000,
70569b5968afb0673aa3aff377a3223a59d1f8742f5d380837d16087f92ce115,2023-11-29T13:22:32.931000,sent,kaspa:qyp3y27vujw4dsl8steql46cns8m62rj5wmppug9pupnvdvgmwjpxxcr8x8w58g,18000000,
4daaf490f38c2a76ff63a213e74f108e79714f476baa63ceefb142b789cc89f2,2023-11-29T11:00:48.686000,received,kaspa:qpedmf364umpvsyuzxh5lcnd0uq690kpewh2m64nphtu53uyflsex8djflldj,19000000,
