tx_id,timestamp,direction,peer_address,amount_sompi,cex_label
04ab1d8434818116b3f3da97a62861cc3a2953cb2f0eefa85f16def33ff95b07,2025-02-16T00:06:10.877000,received,kaspa:qrk9decfnl4rayeegp6gd3tc6605zavclkpud5jp78axat5namppwt050d57j,1555000000,
04ab1d8434818116b3f3da97a62861cc3a2953cb2f0eefa85f16def33ff95b07,2025-02-16T00:06:10.877000,received,kaspa:qrk9decfnl4rayeegp6gd3tc6605zavclkpud5jp78axat5namppwt050d57j,1555000000,
c4ff9623785f3807e6e3d2bfa9f0c6f90f46a98608046730dc14557aeae67474,2023-12-09T23:51:42.814000,received,kaspa:qrk9decfnl4rayeegp6gd3tc6605zavclkpud5jp78axat5namppwt050d57j,5456000000,
cad5dbaa7e2548b68ff68b151c66e4ef206e7cc65c5dc7e1472452dbc2042bdc,2023-12-08T11:29:41.614000,received,kaspa:qqfygshv9yx7e9mjzsd9cswact74keeuy5xy6cyw9gxyfzjmnwz4wsfsmukmu,8590000000,
cad5dbaa7e2548b68ff68b151c66e4ef206e7cc65c5dc7e1472452dbc2042bdc,2023-12-08T11:29:41.614000,received,kaspa:qqfygshv9yx7e9mjzsd9cswact74keeuy5xy6cyw9gxyfzjmnwz4wsfsmukmu,8590000000,
1b84704a2256be12ffe9e22764edcb0b9ab4ad59837f5e368660c82d558a4564,2023-12-07T23:25:08.897000,received,kaspa:qrk9decfnl4rayeegp6gd3tc6605zavclkpud5jp78axat5namppwt050d57j,8926000000,
ee609ecf3d033b3c26caf9f4687cdda6e85c21b92625af08ca7a13c116eccb2e,2023-12-07T16:40:50.482000,sent,kaspa:qqwvnkp47wsj6n4hkdlgj8dsauyx0xvefunnwvvsmpq2udd0ka8ckmpuqw3k5,13201900000,
20df737943f964fdfaff26ebdc59484306ad067f1812b72fc608558efabde277,2023-12-07T11:14:32.517000,received,kaspa:qrk9decfnl4rayeegp6gd3tc6605zavclkpud5jp78axat5namppwt050d57j,13202000000,
62c6652fa1b351560089b7dac112f045375df4baec9667c4824c25d4fe358529,2023-12-06T06:21:43.845000,sent,kaspa:qqwvnkp47wsj6n4hkdlgj8dsauyx0xvefunnwvvsmpq2udd0ka8ckmpuqw3k5,20026392600,
62c6652fa1b351560089b7dac112f045375df4baec9667c4824c25d4fe358529,2023-12-06T06:21:43.845000,sent,kaspa:qqwvnkp47wsj6n4hkdlgj8dsauyx0xvefunnwvvsmpq2udd0ka8ckmpuqw3k5,20026392600,
b7708e5779f2dc59e63375657b1e2360859f980ac577733cfceff651f0e066cb,2023-12-06T06:05:12.587000,received,kaspa:qp9rv9jvx2kyf6wu4lupuruunq5zsuszyxs0dr3l89ej7wsgs48jqkewy6xtl,10003805100,
1c84f9d13dc7d358a205344886837e467c454a563e5fe266e8244f9195b92e80,2023-12-05T13:53:39.014000,received,kaspa:qp9rv9jvx2kyf6wu4lupuruunq5zsuszyxs0dr3l89ej7wsgs48jqkewy6xtl,10022687500,
1d732d8b831c618136f88cde011a3c489fd23e864a794d7f53fef7791521affb,2023-12-05T11:40:34.048000,sent,kaspa:qqwvnkp47wsj6n4hkdlgj8dsauyx0xvefunnwvvsmpq2udd0ka8ckmpuqw3k5,10022254000,
d3f22dcb15e2f5c2a4aba295b907136782f73dfd62e04e20222cb9bef396d592,2023-12-05T02:12:41.886000,received,kaspa:qpru5qxrtthdkvkc3rzwlq6rzr2pnu8plg882yuqtja03vt8ktjm2g6zpc2nn,10022354000,
cecbf7387c51780b646d3075af732f50a534bfd497a2cf2001f95c7976508bf1,2023-12-04T14:42:44.539000,sent,kaspa:qqwvnkp47wsj6n4hkdlgj8dsauyx0xvefunnwvvsmpq2udd0ka8ckmpuqw3k5,10015123400,
2df4631485f4cdd58100d971e9a538167edd01a22bf4e97edc4cc87305ccc825,2023-12-04T14:23:38.937000,received,kaspa:qp9rv9jvx2kyf6wu4lupuruunq5zsuszyxs0dr3l89ej7wsgs48jqkewy6xtl,10015223400,
965be4d3d6259601dd0802d2789413a08ec8bc5d04f77caa39c8eb4296bde198,2023-12-04T12:35:28.766000,sent,kaspa:qqwvnkp47wsj6n4hkdlgj8dsauyx0xvefunnwvvsmpq2udd0ka8ckmpuqw3k5,31656337048,
965be4d3d6259601dd0802d2789413a08ec8bc5d04f77caa39c8eb4296bde198,2023-12-04T12:35:28.766000,sent,kaspa:qqwvnkp47wsj6n4hkdlgj8dsauyx0xvefunnwvvsmpq2udd0ka8ckmpuqw3k5,31656337048,
965be4d3d6259601dd0802d2789413a08ec8bc5d04f77caa39c8eb4296bde198,2023-12-04T12:35:28.766000,sent,kaspa:qqwvnkp47wsj6n4hkdlgj8dsauyx0xvefunnwvvsmpq2udd0ka8ckmpuqw3k5,31656337048,
d21e88606b789e282b904e548e4b5a84eaa8fb013308e2f097271f7ad585fdb0,2023-12-04T03:32:11.908000,received,kaspa:qzpsrd6d3jdtv5z6er28xtvnp0ln3zpx8a07cv2jmc0cltcpkx7jy7lt5rya7,10009567100,
ebfa0ae75377b741238c417b8cb0bffb7b28bbd07a6015c552984cc2821b3371,2023-12-03T17:28:05.833000,received,kaspa:qqu6anems0elchluc8jjf5sqf02d9y4mjjp3y3erdaeyym642pxwu03q6sx0h,10260824918,
ebfa0ae75377b741238c417b8cb0bffb7b28bbd07a6015c552984cc2821b3371,2023-12-03T17:28:05.833000,received,kaspa:qqu6anems0elchluc8jjf5sqf02d9y4mjjp3y3erdaeyym642pxwu03q6sx0h,10260824918,
ebfa0ae75377b741238c417b8cb0bffb7b28bbd07a6015c552984cc2821b3371,2023-12-03T17:28:05.833000,received,kaspa:qqu6anems0elchluc8jjf5sqf02d9y4mjjp3y3erdaeyym642pxwu03q6sx0h,10260824918,
5df91915d955de26d9def7df3b7b90053d632408610ea12f5c014c456269b821,2023-12-03T03:27:16.096000,received,kaspa:qzd6sfx3a8gx3q0qjvsts0pc4gj62z8a4kdf6qcndq5fg42wwxpv6sv9ngmg9,11386045030,
f3d61e427fd586779917f7f6af6bac1ec4868c48868b91a5c29ae5fa7a78ee1a,2023-12-02T22:17:04.535000,sent,kaspa:qqwvnkp47wsj6n4hkdlgj8dsauyx0xvefunnwvvsmpq2udd0ka8ckmpuqw3k5,30030562500,
f3d61e427fd586779917f7f6af6bac1ec4868c48868b91a5c29ae5fa7a78ee1a,2023-12-02T22:17:04.535000,sent,kaspa:qqwvnkp47wsj6n4hkdlgj8dsauyx0xvefunnwvvsmpq2udd0ka8ckmpuqw3k5,30030562500,
f3d61e427fd586779917f7f6af6bac1ec4868c48868b91a5c29ae5fa7a78ee1a,2023-12-02T22:17:04.535000,sent,kaspa:qqwvnkp47wsj6n4hkdlgj8dsauyx0xvefunnwvvsmpq2udd0ka8ckmpuqw3k5,30030562500,
bc4f8a071b1a24f7648296f93968a4427237b659b315e27abbd36e3575dc8642,2023-12-02T20:41:30.520000,received,kaspa:qpru5qxrtthdkvkc3rzwlq6rzr2pnu8plg882yuqtja03vt8ktjm2g6zpc2nn,10006871400,
cc811c25a256bcc5a1aec017701b701ce022383e197dc818f7386039b7b6262b,2023-12-02T06:22:58.162000,received,kaspa:qpru5qxrtthdkvkc3rzwlq6rzr2pnu8plg882yuqtja03vt8ktjm2g6zpc2nn,10003679300,
c56e9cd9a380f0365b1c2b3faf268c6153e23069d28bc9213e4b5401d6f5adfb,2023-12-01T16:40:28.646000,received,kaspa:qp9rv9jvx2kyf6wu4lupuruunq5zsuszyxs0dr3l89ej7wsgs48jqkewy6xtl,10020111800,
f21daa5f31b18e41977a557590d630246ac1a6fe86ef39e5a0ce62b3c3106923,2023-12-01T16:25:30.981000,sent,kaspa:qqwvnkp47wsj6n4hkdlgj8dsauyx0xvefunnwvvsmpq2udd0ka8ckmpuqw3k5,30052562800,
f21daa5f31b18e41977a557590d630246ac1a6fe86ef39e5a0ce62b3c3106923,2023-12-01T16:25:30.981000,sent,kaspa:qqwvnkp47wsj6n4hkdlgj8dsauyx0xvefunnwvvsmpq2udd0ka8ckmpuqw3k5,30052562800,
f21daa5f31b18e41977a557590d630246ac1a6fe86ef39e5a0ce62b3c3106923,2023-12-01T16:25:30.981000,sent,kaspa:qqwvnkp47wsj6n4hkdlgj8dsauyx0xvefunnwvvsmpq2udd0ka8ckmpuqw3k5,30052562800,
46fa423a79fcaef10ca07c8e52cfea45179f392fb791e370e9b461769f01bf38,2023-12-01T05:21:07.089000,received,kaspa:qp9rv9jvx2kyf6wu4lupuruunq5zsuszyxs0dr3l89ej7wsgs48jqkewy6xtl,10028713400,
e980096764d3e402740cf84c496de1dd047327f22e4025400b954f357d0f7ccf,2023-11-30T19:03:51.691000,received,kaspa:qrcmaaktwet37603sn9nukfl98nl5hfudfcrwftkq7n4xwe7lnutve76p3esv,10013621900,
7e7d390fc694690e7d54481b642ed4af605cc9ae4d64ec26b900972dfdeb22fb,2023-11-30T08:58:41.008000,received,kaspa:qzptk8av4p5jmvdrnacrg36jxc2nhwmhcmu4093l8pcc93hxd3tj5f3eaxzqz,10010327500,
7e7d390fc694690e7d54481b642ed4af605cc9ae4d64ec26b900972dfdeb22fb,2023-11-30T08:58:41.008000,received,kaspa:qzptk8av4p5jmvdrnacrg36jxc2nhwmhcmu4093l8pcc93hxd3tj5f3eaxzqz,10010327500,
ee9bb438c36a7da00b90c0a34eecdc4759c05aef77e89df678357b01fc43f048,2023-11-29T22:24:26.195000,sent,kaspa:qqwvnkp47wsj6n4hkdlgj8dsauyx0xvefunnwvvsmpq2udd0ka8ckmpuqw3k5,10027122200,
f22307ff9099dec2142d61c12a9878120e6918c184d6337a33efc434b1b40aa3,2023-11-29T22:18:36.570000,received,kaspa:qp9rv9jvx2kyf6wu4lupuruunq5zsuszyxs0dr3l89ej7wsgs48jqkewy6xtl,10027222200,
ea5c11a02cbb132349eedfdc1d0d6f516d2970da58414df66eb8f9e052a2e43c,2023-11-29T14:43:42.285000,sent,kaspa:qqwvnkp47wsj6n4hkdlgj8dsauyx0xvefunnwvvsmpq2udd0ka8ckmpuqw3k5,20062797200,
ea5c11a02cbb132349eedfdc1d0d6f516d2970da58414df66eb8f9e052a2e43c,2023-11-29T14:43:42.285000,sent,kaspa:qqwvnkp47wsj6n4hkdlgj8dsauyx0xvefunnwvvsmpq2udd0ka8ckmpuqw3k5,20062797200,
fe4193d2b34d7e6710c1c277641248d4e56c0c1092d57991809ae9cbc3190387,2023-11-29T11:49:00.260000,received,kaspa:qpru5qxrtthdkvkc3rzwlq6rzr2pnu8plg882yuqtja03vt8ktjm2g6zpc2nn,10051867900,
adc5d5b95bd9c7d1720545977aedb38befc346d6ab87c652076a1c9644a196f8,2023-11-29T01:43:06.433000,received,kaspa:qpru5qxrtthdkvkc3rzwlq6rzr2pnu8plg882yuqtja03vt8ktjm2g6zpc2nn,10011029300,
6f219b3101ac2fe9171dadf06e1d4f4a6f52b2d49ad54ccc34edaef4e930a54b,2023-11-28T17:21:43.926000,sent,kaspa:qqwvnkp47wsj6n4hkdlgj8dsauyx0xvefunnwvvsmpq2udd0ka8ckmpuqw3k5,10069532000,
009ebb34a5bf41e354cb7659a30e9464f7f304e6a4c6ad6e459a5638161a55ad,2023-11-28T16:11:09.608000,received,kaspa:qp9rv9jvx2kyf6wu4lupuruunq5zsuszyxs0dr3l89ej7wsgs48jqkewy6xtl,10069632000,
a5a2a352cce1a413bf5bd82a4b3ee90a31c65872d1fd3548175d83e5aaa22558,2023-11-28T06:55:22.790000,sent,kaspa:qqwvnkp47wsj6n4hkdlgj8dsauyx0xvefunnwvvsmpq2udd0ka8ckmpuqw3k5,10014862700,
e4b6701a63ab15f940c504b43e267f95af2749cf6af71e2d823485ef0f304dbe,2023-11-28T06:47:05.645000,received,kaspa:qp9rv9jvx2kyf6wu4lupuruunq5zsuszyxs0dr3l89ej7wsgs48jqkewy6xtl,10014962700,
fd5f647f09ece3f451d5e8f3d8cdd58403da46189c19f7db20a64905266fcffc,2023-11-27T21:36:39.691000,sent,kaspa:qqwvnkp47wsj6n4hkdlgj8dsauyx0xvefunnwvvsmpq2udd0ka8ckmpuqw3k5,10009661200,
8c055ff222c270abce90d6909f89b5cb39a1db7e1c67e8c21c78eaff57f093f3,2023-11-27T21:19:40.425000,received,kaspa:qpru5qxrtthdkvkc3rzwlq6rzr2pnu8plg882yuqtja03vt8ktjm2g6zpc2nn,10009761200,
f0b81d34a33fe5a1a528184fecdee99cb5ef94ec416a7c6a693d693fdebe376a,2023-11-27T12:25:44.456000,sent,kaspa:qqwvnkp47wsj6n4hkdlgj8dsauyx0xvefunnwvvsmpq2udd0ka8ckmpuqw3k5,10065305600,
1c8b0c8737e08f062b9e10734ffee2175112eac7ebeee87d28750163d8176932,2023-11-27T12:11:26.711000,received,kaspa:qpru5qxrtthdkvkc3rzwlq6rzr2pnu8plg882yuqtja03vt8ktjm2g6zpc2nn,10065405600,
3585b6e236471fd026142d77fdf7742ec55e4b583ab55e038e9e72efd8f2a7e3,2023-11-27T07:02:23.420000,sent,kaspa:qqwvnkp47wsj6n4hkdlgj8dsauyx0xvefunnwvvsmpq2udd0ka8ckmpuqw3k5,20021566000,
3585b6e236471fd026142d77fdf7742ec55e4b583ab55e038e9e72efd8f2a7e3,2023-11-27T07:02:23.420000,sent,kaspa:qqwvnkp47wsj6n4hkdlgj8dsauyx0xvefunnwvvsmpq2udd0ka8ckmpuqw3k5,20021566000,
d28fd6762326c751b47fe514514e2dfaddcab15c35e7561b24792d14daa8bc95,2023-11-27T03:01:16.728000,received,kaspa:qp9rv9jvx2kyf6wu4lupuruunq5zsuszyxs0dr3l89ej7wsgs48jqkewy6xtl,10020401700,
49258772bcb7bc886f5f63e7179cd7ad07d0afa6875ca1de07362bcd446abee7,2023-11-26T17:49:35.043000,received,kaspa:qp9rv9jvx2kyf6wu4lupuruunq5zsuszyxs0dr3l89ej7wsgs48jqkewy6xtl,10001264300,
9861480411fcc5c37582c759315d82a2e0fa4debaf9e4a8070cc61593a37a8f5,2023-11-26T09:11:53.956000,sent,kaspa:qqwvnkp47wsj6n4hkdlgj8dsauyx0xvefunnwvvsmpq2udd0ka8ckmpuqw3k5,10051269100,
56b7247b4414c8dc28e83df77d4484a7ebac87a2b87a16bba3e5bd74445b867b,2023-11-26T08:38:26.031000,received,kaspa:qp9rv9jvx2kyf6wu4lupuruunq5zsuszyxs0dr3l89ej7wsgs48jqkewy6xtl,10051369100,
525b446f3267dbe4effdde22efd97960bd821e5bb1df3ae26a91a73c481b8432,2023-11-26T07:04:01.006000,sent,kaspa:qqwvnkp47wsj6n4hkdlgj8dsauyx0xvefunnwvvsmpq2udd0ka8ckmpuqw3k5,10012913700,
17939fddd1a4fea0476875bd9f95fdb72372c87edda7554360e9a126f0a2d8fc,2023-11-25T23:39:19.333000,received,kaspa:qp9rv9jvx2kyf6wu4lupuruunq5zsuszyxs0dr3l89ej7wsgs48jqkewy6xtl,10013013700,
b2003b09df80cd8f6649f4ca53f630a5e2a381b22ab62c81b261cfabd3debba7,2023-11-25T16:09:19.753000,sent,kaspa:qqwvnkp47wsj6n4hkdlgj8dsauyx0xvefunnwvvsmpq2udd0ka8ckmpuqw3k5,10007186200,
5050455d50a2767eb7d84b51ea3d20567d156f9efe5d800688be0a708950212b,2023-11-25T15:04:43.868000,received,kaspa:qzpsrd6d3jdtv5z6er28xtvnp0ln3zpx8a07cv2jmc0cltcpkx7jy7lt5rya7,10007286200,
c4c7a9d9034be97c14baddeba0710275cc319803a2122d7b0f2539f3d73fb8cb,2023-11-25T12:35:54.320000,sent,kaspa:qqwvnkp47wsj6n4hkdlgj8dsauyx0xvefunnwvvsmpq2udd0ka8ckmpuqw3k5,10001329300,
b4fc7126ee861ac5df2e8e5cd7a7b5b2f9af246cff9e89fc841d958a7c18dbbe,2023-11-25T06:33:35.304000,received,kaspa:qp9rv9jvx2kyf6wu4lupuruunq5zsuszyxs0dr3l89ej7wsgs48jqkewy6xtl,10001429300,
b1f2760d4c09d4329bbc99417131a158f83193ad2f512d021478f6bff7692ae9,2023-11-24T23:28:31.707000,sent,kaspa:qqwvnkp47wsj6n4hkdlgj8dsauyx0xvefunnwvvsmpq2udd0ka8ckmpuqw3k5,10251133000,
5ad5da6638152ba5bf4bf1bf0f9b825e7056fc2287245e3ba19597648b1e8e09,2023-11-24T21:54:01.375000,received,kaspa:qpru5qxrtthdkvkc3rzwlq6rzr2pnu8plg882yuqtja03vt8ktjm2g6zpc2nn,10251233000,
0877457c20adaf187ffb201f788947a75d96b6e97b4c034934460c4c15860e4e,2023-11-24T13:51:40.900000,sent,kaspa:qqwvnkp47wsj6n4hkdlgj8dsauyx0xvefunnwvvsmpq2udd0ka8ckmpuqw3k5,20034988900,
0877457c20adaf187ffb201f788947a75d96b6e97b4c034934460c4c15860e4e,2023-11-24T13:51:40.900000,sent,kaspa:qqwvnkp47wsj6n4hkdlgj8dsauyx0xvefunnwvvsmpq2udd0ka8ckmpuqw3k5,20034988900,
f50351050347a02a635ecef64e341f128f07ab642341de01c12e6467f0ce887b,2023-11-24T13:13:22.241000,received,kaspa:qzptk8av4p5jmvdrnacrg36jxc2nhwmhcmu4093l8pcc93hxd3tj5f3eaxzqz,10016326800,
f50351050347a02a635ecef64e341f128f07ab642341de01c12e6467f0ce887b,2023-11-24T13:13:22.241000,received,kaspa:qzptk8av4p5jmvdrnacrg36jxc2nhwmhcmu4093l8pcc93hxd3tj5f3eaxzqz,10016326800,
eb21e98558d61e1fb7a5828660569a06cc333d6378df933261826c8cc3f5cfe3,2023-11-24T05:22:28.197000,received,kaspa:qzpsrd6d3jdtv5z6er28xtvnp0ln3zpx8a07cv2jmc0cltcpkx7jy7lt5rya7,10018762100,
cf5eb1cc5265c041897d524ff8a178d5d1f0d8f8fc629cc0bcd981f610085b5b,2023-11-23T21:03:28.974000,sent,kaspa:qqwvnkp47wsj6n4hkdlgj8dsauyx0xvefunnwvvsmpq2udd0ka8ckmpuqw3k5,70126969000,
cf5eb1cc5265c041897d524ff8a178d5d1f0d8f8fc629cc0bcd981f610085b5b,2023-11-23T21:03:28.974000,sent,kaspa:qqwvnkp47wsj6n4hkdlgj8dsauyx0xvefunnwvvsmpq2udd0ka8ckmpuqw3k5,70126969000,
cf5eb1cc5265c041897d524ff8a178d5d1f0d8f8fc629cc0bcd981f610085b5b,2023-11-23T21:03:28.974000,sent,kaspa:qqwvnkp47wsj6n4hkdlgj8dsauyx0xvefunnwvvsmpq2udd0ka8ckmpuqw3k5,70126969000,
cf5eb1cc5265c041897d524ff8a178d5d1f0d8f8fc629cc0bcd981f610085b5b,2023-11-23T21:03:28.974000,sent,kaspa:qqwvnkp47wsj6n4hkdlgj8dsauyx0xvefunnwvvsmpq2udd0ka8ckmpuqw3k5,70126969000,
cf5eb1cc5265c041897d524ff8a178d5d1f0d8f8fc629cc0bcd981f610085b5b,2023-11-23T21:03:28.974000,sent,kaspa:qqwvnkp47wsj6n4hkdlgj8dsauyx0xvefunnwvvsmpq2udd0ka8ckmpuqw3k5,70126969000,
cf5eb1cc5265c041897d524ff8a178d5d1f0d8f8fc629cc0bcd981f610085b5b,2023-11-23T21:03:28.974000,sent,kaspa:qqwvnkp47wsj6n4hkdlgj8dsauyx0xvefunnwvvsmpq2udd0ka8ckmpuqw3k5,70126969000,
cf5eb1cc5265c041897d524ff8a178d5d1f0d8f8fc629cc0bcd981f610085b5b,2023-11-23T21:03:28.974000,sent,kaspa:qqwvnkp47wsj6n4hkdlgj8dsauyx0xvefunnwvvsmpq2udd0ka8ckmpuqw3k5,70126969000,
04be4517d080db6c7ea4ba99096e3ac4d5a32395843d5463f841a91ea5101e7e,2023-11-23T20:58:33.124000,received,kaspa:qpru5qxrtthdkvkc3rzwlq6rzr2pnu8plg882yuqtja03vt8ktjm2g6zpc2nn,10018635600,
58e7582e9863733a66e924e9ea953ae493398f4ee27a4d9bce4b101067dc65c8,2023-11-23T12:41:45.454000,received,kaspa:qpru5qxrtthdkvkc3rzwlq6rzr2pnu8plg882yuqtja03vt8ktjm2g6zpc2nn,10031969300,
26cd3fcedaddcdd71c54754eac1941f6bbd4c15c1202ade1e1564843d20c3090,2023-11-23T03:44:10.017000,received,kaspa:qzptk8av4p5jmvdrnacrg36jxc2nhwmhcmu4093l8pcc93hxd3tj5f3eaxzqz,10015139200,
5f022a974fe50a504a43de2401fa99d11a8ca3673c9674cdbae8695fbaf46772,2023-11-22T18:47:30.262000,received,kaspa:qp9rv9jvx2kyf6wu4lupuruunq5zsuszyxs0dr3l89ej7wsgs48jqkewy6xtl,10024712300,
9080c03e2afd2c82df6ea5a9afbd5270bb380c7c318bf84255442e8ee8bbaba5,2023-11-22T10:22:59.243000,received,kaspa:qpru5qxrtthdkvkc3rzwlq6rzr2pnu8plg882yuqtja03vt8ktjm2g6zpc2nn,10021632800,
79c02b940dd650bb0459d4d455f733c5033b8c49302f4033542a013cc21cdbe8,2023-11-22T01:58:17.929000,received,kaspa:qpru5qxrtthdkvkc3rzwlq6rzr2pnu8plg882yuqtja03vt8ktjm2g6zpc2nn,10004499900,
9018bfaec4e8e56bf50ad0680012a096142db89fe46d069a1cd3d60ad772ab95,2023-11-21T17:34:18.972000,received,kaspa:qp9rv9jvx2kyf6wu4lupuruunq5zsuszyxs0dr3l89ej7wsgs48jqkewy6xtl,10010479900,
455b96328ed4fafda52e7d3bfccbd34b6783b63bb6d75daf26469edfac160f57,2023-11-21T16:05:14.532000,sent,kaspa:qqwvnkp47wsj6n4hkdlgj8dsauyx0xvefunnwvvsmpq2udd0ka8ckmpuqw3k5,10022488100,
ce1f51d4324a4f2a552583016ae21a91b7311ac31f00e6907d0995c849dc25d1,2023-11-21T08:45:39.982000,received,kaspa:qpru5qxrtthdkvkc3rzwlq6rzr2pnu8plg882yuqtja03vt8ktjm2g6zpc2nn,10022588100,
2b97654dcd9f8ef047479a4f0b310667d1ccbfc6f0d6cc9fa570719250d3e89e,2023-11-21T07:09:29.043000,sent,kaspa:qqwvnkp47wsj6n4hkdlgj8dsauyx0xvefunnwvvsmpq2udd0ka8ckmpuqw3k5,10011408700,
6ef2d38ad3ca266e9822105a5ab433683cef3cb503b20a833ecad27196152add,2023-11-21T00:10:44.268000,received,kaspa:qp9rv9jvx2kyf6wu4lupuruunq5zsuszyxs0dr3l89ej7wsgs48jqkewy6xtl,10011508700,
ffa0573fdf3c0589a15438097e7571ccfbbf315e844192f079f2289fa96573ae,2023-11-20T19:48:08.454000,sent,kaspa:qqwvnkp47wsj6n4hkdlgj8dsauyx0xvefunnwvvsmpq2udd0ka8ckmpuqw3k5,40115230900,
ffa0573fdf3c0589a15438097e7571ccfbbf315e844192f079f2289fa96573ae,2023-11-20T19:48:08.454000,sent,kaspa:qqwvnkp47wsj6n4hkdlgj8dsauyx0xvefunnwvvsmpq2udd0ka8ckmpuqw3k5,40115230900,
ffa0573fdf3c0589a15438097e7571ccfbbf315e844192f079f2289fa96573ae,2023-11-20T19:48:08.454000,sent,kaspa:qqwvnkp47wsj6n4hkdlgj8dsauyx0xvefunnwvvsmpq2udd0ka8ckmpuqw3k5,40115230900,
ffa0573fdf3c0589a15438097e7571ccfbbf315e844192f079f2289fa96573ae,2023-11-20T19:48:08.454000,sent,kaspa:qqwvnkp47wsj6n4hkdlgj8dsauyx0xvefunnwvvsmpq2udd0ka8ckmpuqw3k5,40115230900,
121e3a3f11d80e7a67b016bf8c81a2eb88e5daf8e6040ee25397bad95a91b960,2023-11-20T15:51:24.414000,received,kaspa:qp9rv9jvx2kyf6wu4lupuruunq5zsuszyxs0dr3l89ej7wsgs48jqkewy6xtl,10011786900,
4308cb4c771b5d4aadaa50bfa655daa19117603b20f082c0d9008842e35e3ea8,2023-11-20T07:29:46.024000,received,kaspa:qp9rv9jvx2kyf6wu4lupuruunq5zsuszyxs0dr3l89ej7wsgs48jqkewy6xtl,10033095800,
34201a1d736ee37b86b3dd5c59895a9ffb26312f4864a282e96f19f0fd3c5ad5,2023-11-19T23:18:03.581000,received,kaspa:qzpsrd6d3jdtv5z6er28xtvnp0ln3zpx8a07cv2jmc0cltcpkx7jy7lt5rya7,10020898900,
abc1f580c32ffaddcefec2bc5eca8b5a8942676276cacb2cf094af8035455eac,2023-11-19T15:07:21,received,kaspa:qzpsrd6d3jdtv5z6er28xtvnp0ln3zpx8a07cv2jmc0cltcpkx7jy7lt5rya7,10049549300,
5829548089ed66efffbde7f8c228fbb14708181df83ce9743205097cf24575a0,2023-11-19T07:38:44.819000,sent,kaspa:qqwvnkp47wsj6n4hkdlgj8dsauyx0xvefunnwvvsmpq2udd0ka8ckmpuqw3k5,20065514100,
5829548089ed66efffbde7f8c228fbb14708181df83ce9743205097cf24575a0,2023-11-19T07:38:44.819000,sent,kaspa:qqwvnkp47wsj6n4hkdlgj8dsauyx0xvefunnwvvsmpq2udd0ka8ckmpuqw3k5,20065514100,
44e5be6aa1d3181eafc45e1f86a327372ba74427454c2fa5600b300961e4d49e,2023-11-19T06:43:28.172000,received,kaspa:qp9rv9jvx2kyf6wu4lupuruunq5zsuszyxs0dr3l89ej7wsgs48jqkewy6xtl,10010865700,
b50785a07d0ac41813d9b92ce758a90b9a79a75ca5cd912e39a2a3fd9cd637e9,2023-11-18T22:18:45.635000,received,kaspa:qp9rv9jvx2kyf6wu4lupuruunq5zsuszyxs0dr3l89ej7wsgs48jqkewy6xtl,10054748400,
22618c8dc6fe7a452dc9cd886b63789af950e2945c8ec97e42efbf98faca9358,2023-11-17T23:41:35.333000,sent,kaspa:qqwvnkp47wsj6n4hkdlgj8dsauyx0xvefunnwvvsmpq2udd0ka8ckmpuqw3k5,6932247100,
673b55738684075492a421474dd301e1778d6c2f7d744437f9f5ccca2d7514a7,2023-11-17T23:29:05.563000,sent,kaspa:qqwvnkp47wsj6n4hkdlgj8dsauyx0xvefunnwvvsmpq2udd0ka8ckmpuqw3k5,73000000,
cc35f28fba79ec11c9dc8e5cf1276d474839393dd188836cb7a296c5cbce5536,2023-11-17T23:02:03.338000,received,kaspa:qz6apcl9nrwz2xskfh0g8c9rhxwgshdqqnvjc3det2a4g96xsky074pt7mjxw,7005447100,
