tx_id,timestamp,direction,peer_address,amount_sompi,cex_label
e945afb4951c0e72aaee4f926dbd5dc02abc3d38ed17d43f3b9e4b9ff5694556,2023-12-16T04:39:12.326000,sent,kaspa:qzslgwenzu78t6tldlng383g7ruu4enaljmnkgaulyrscjp7ldt26x8gfxck5,171940000,
e945afb4951c0e72aaee4f926dbd5dc02abc3d38ed17d43f3b9e4b9ff5694556,2023-12-16T04:39:12.326000,sent,kaspa:qzslgwenzu78t6tldlng383g7ruu4enaljmnkgaulyrscjp7ldt26x8gfxck5,171940000,
fc63610f24f13c8f21c81f9ac82ae5bddae24ce0eb80fca3ad5359789b86f3e6,2023-12-13T01:09:27.313000,received,kaspa:qypswxtcrv4ssyjaswy5w9387vq73mkuyq85tl34cee6qn5uexqy0csgnafnjx7,171000000,
51c15762797ef247ca692270e2c25d6467e60d461066389ebbe30d17ad083a1e,2023-11-29T16:51:14.671000,sent,kaspa:qyp0lhf996ehysl0rnzrv9gf8v3rwv0aa402evx40gve8xh9lcd9ygc3v2qpshp,18000000,
023600dae691705bebc140929fc935e7c98ad689efd9783609b88efab120cde1,2023-11-29T13:51:44.526000,received,kaspa:qpst6xz7793hkwsh0aa30sdt73cmpd5h4eqahmwa0w6872d0knwf5dd3cj9qe,19000000,
