tx_id,timestamp,direction,peer_address,amount_sompi,cex_label
7a2dd4a02c70dcce29bc772c3fbb558371bc633720f55c8cb11498ff8226ea42,2023-12-20T14:03:04.001000,sent,kaspa:qrkaxvl2tw6pq6zx9xrr9lqnt9x72upf0hsrp3cvgcmfz77m50ycua35nz200,172970000,
7a2dd4a02c70dcce29bc772c3fbb558371bc633720f55c8cb11498ff8226ea42,2023-12-20T14:03:04.001000,sent,kaspa:qrkaxvl2tw6pq6zx9xrr9lqnt9x72upf0hsrp3cvgcmfz77m50ycua35nz200,172970000,
181a105e15f183d3e67b08ef3aa7cc8321230108bdd45dee4df5bf99f337a8d5,2023-12-12T15:50:14.836000,received,kaspa:qypswxtcrv4ssyjaswy5w9387vq73mkuyq85tl34cee6qn5uexqy0csgnafnjx7,171000000,
0763dafa2062d72faf35dc90a5d6cbef72e2e6c2ccd5ddc7c9d80bc236941026,2023-11-29T02:19:55.513000,sent,kaspa:qyptw2fxk64fgtd2ekrzq62ul79ckye20zzaw04hqv63zawsqfeucaqdv9eyluq,18000000,
5f6fc8365df5e6d8efc5f7aef0db7ea8d8977cb6b0888c6d97cf2f86ed88e4d6,2023-11-28T09:50:00.315000,received,kaspa:qznrh36eywpfhhdn03kkvsh6rll2s7xzvt5rmwzxsw724qvt0ggvvg0g39tzn,20000000,
