tx_id,timestamp,direction,peer_address,amount_sompi,cex_label
008ceecb79607ec2a8751ed2909ecec94f8799093b9796e8414463ca09190898,2023-12-16T05:00:01.369000,sent,kaspa:qzslgwenzu78t6tldlng383g7ruu4enaljmnkgaulyrscjp7ldt26x8gfxck5,171940000,
008ceecb79607ec2a8751ed2909ecec94f8799093b9796e8414463ca09190898,2023-12-16T05:00:01.369000,sent,kaspa:qzslgwenzu78t6tldlng383g7ruu4enaljmnkgaulyrscjp7ldt26x8gfxck5,171940000,
192e19d161013a41893be0e77619d829808b22ce0e74622a46f0e4948b16849f,2023-12-13T01:41:32.995000,received,kaspa:qypswxtcrv4ssyjaswy5w9387vq73mkuyq85tl34cee6qn5uexqy0csgnafnjx7,171000000,
901dc2fb71075a2486d5f2a01a04d5d5ec0a5f66cfd6cf1d174da80d0e104527,2023-11-29T17:17:32.701000,sent,kaspa:qyp6xsmx48tgu2tlnx2y9rspycmetv0v5ts68znkrqa9ludee4ekx4s50j9mk3k,18000000,
5c7a63d6bd1536c1d1124d0e23cd57b71c91fd1b4e7dfc6ff5f5fd5a1d8ed4f5,2023-11-28T04:01:39.689000,received,kaspa:qpwhru0ycq9aqhmkwzwsz5q888cxytn6pjlhang56rff0m2ysh727vazd7ejt,19000000,
