tx_id,timestamp,direction,peer_address,amount_sompi,cex_label
8507379f9b26bdce239cfa918ddd0d3d15b55239502c0f0d2f126892ed598d9d,2024-09-26T05:33:38.511000,sent,kaspa:qp56gcda0egwl0s32seame7smtsntcm6q45fttwt3u5xvvrajxgxqhr0upc00,200000000000,
8507379f9b26bdce239cfa918ddd0d3d15b55239502c0f0d2f126892ed598d9d,2024-09-26T05:33:38.511000,sent,kaspa:qpccnly85tx25jkpzkulvvqtgjaa858qegltu4m7798l3xk79hv5qj4ml6fd8,99999986835,
29cbeb6739ed8d3de08d8d99a5d77357d184005ef46e1d21567936f940225a39,2024-09-25T10:34:44.485000,received,kaspa:qz66rj6lhtg0rqrvr7dl7f0cdjhyg2ln48t2kv65azp8c0d06q6vw8y3p962n,299999996835,
29cbeb6739ed8d3de08d8d99a5d77357d184005ef46e1d21567936f940225a39,2024-09-25T10:34:44.485000,received,kaspa:qz66rj6lhtg0rqrvr7dl7f0cdjhyg2ln48t2kv65azp8c0d06q6vw8y3p962n,299999996835,
106a31e79120ab5834df5f4bf1c08c06414e8b2142fca6c28b392bf43c53a489,2024-08-08T11:20:26.566000,sent,kaspa:qypvuuedsr43c9txedvmdwxgcxh35m4narjxz7f74a5c86tnj5734wq5mxm5kgf,250000000000,
106a31e79120ab5834df5f4bf1c08c06414e8b2142fca6c28b392bf43c53a489,2024-08-08T11:20:26.566000,sent,kaspa:qpwcncfy733hma60yy4aakarc34kt88u3e2kulpmmx8a39t7fdyhwcx3855qd,1249999982363,
fc4a5a012a272b69031a411a4427149c06f060ebe33857347fe3ea59384a5732,2024-08-08T11:18:37.487000,received,kaspa:qz9tpjgkt0jv3q07nz40uclc7lhasvmhgcnmwuwuqf4wqt3xvedv5hhaa97f3,1499999992363,
fc4a5a012a272b69031a411a4427149c06f060ebe33857347fe3ea59384a5732,2024-08-08T11:18:37.487000,received,kaspa:qz9tpjgkt0jv3q07nz40uclc7lhasvmhgcnmwuwuqf4wqt3xvedv5hhaa97f3,1499999992363,
fc4a5a012a272b69031a411a4427149c06f060ebe33857347fe3ea59384a5732,2024-08-08T11:18:37.487000,received,kaspa:qz9tpjgkt0jv3q07nz40uclc7lhasvmhgcnmwuwuqf4wqt3xvedv5hhaa97f3,1499999992363,
fc4a5a012a272b69031a411a4427149c06f060ebe33857347fe3ea59384a5732,2024-08-08T11:18:37.487000,received,kaspa:qz9tpjgkt0jv3q07nz40uclc7lhasvmhgcnmwuwuqf4wqt3xvedv5hhaa97f3,1499999992363,
fc4a5a012a272b69031a411a4427149c06f060ebe33857347fe3ea59384a5732,2024-08-08T11:18:37.487000,received,kaspa:qz9tpjgkt0jv3q07nz40uclc7lhasvmhgcnmwuwuqf4wqt3xvedv5hhaa97f3,1499999992363,
fc4a5a012a272b69031a411a4427149c06f060ebe33857347fe3ea59384a5732,2024-08-08T11:18:37.487000,received,kaspa:qz9tpjgkt0jv3q07nz40uclc7lhasvmhgcnmwuwuqf4wqt3xvedv5hhaa97f3,1499999992363,
d63ecea7ed1fc9bf8683e07bdc65d63212b77e0afade637846405e8c6b25f0fb,2024-05-18T06:23:43.425000,sent,kaspa:qp56gcda0egwl0s32seame7smtsntcm6q45fttwt3u5xvvrajxgxqhr0upc00,1450000000000,
d63ecea7ed1fc9bf8683e07bdc65d63212b77e0afade637846405e8c6b25f0fb,2024-05-18T06:23:43.425000,sent,kaspa:qzf8mj8k0l5g2ft4jm9a6umd49e6awr50wxea8d87rx4w4uvapacyhykppezd,908974266956,
76ca068946f2241ba86d3b10836cc8376a29079639384bd12da4ffc93c7e7583,2024-05-18T06:14:34.648000,received,kaspa:qz9tpjgkt0jv3q07nz40uclc7lhasvmhgcnmwuwuqf4wqt3xvedv5hhaa97f3,2358974276956,
76ca068946f2241ba86d3b10836cc8376a29079639384bd12da4ffc93c7e7583,2024-05-18T06:14:34.648000,received,kaspa:qz9tpjgkt0jv3q07nz40uclc7lhasvmhgcnmwuwuqf4wqt3xvedv5hhaa97f3,2358974276956,
76ca068946f2241ba86d3b10836cc8376a29079639384bd12da4ffc93c7e7583,2024-05-18T06:14:34.648000,received,kaspa:qz9tpjgkt0jv3q07nz40uclc7lhasvmhgcnmwuwuqf4wqt3xvedv5hhaa97f3,2358974276956,
76ca068946f2241ba86d3b10836cc8376a29079639384bd12da4ffc93c7e7583,2024-05-18T06:14:34.648000,received,kaspa:qz9tpjgkt0jv3q07nz40uclc7lhasvmhgcnmwuwuqf4wqt3xvedv5hhaa97f3,2358974276956,
76ca068946f2241ba86d3b10836cc8376a29079639384bd12da4ffc93c7e7583,2024-05-18T06:14:34.648000,received,kaspa:qz9tpjgkt0jv3q07nz40uclc7lhasvmhgcnmwuwuqf4wqt3xvedv5hhaa97f3,2358974276956,
76ca068946f2241ba86d3b10836cc8376a29079639384bd12da4ffc93c7e7583,2024-05-18T06:14:34.648000,received,kaspa:qz9tpjgkt0jv3q07nz40uclc7lhasvmhgcnmwuwuqf4wqt3xvedv5hhaa97f3,2358974276956,
76ca068946f2241ba86d3b10836cc8376a29079639384bd12da4ffc93c7e7583,2024-05-18T06:14:34.648000,received,kaspa:qz9tpjgkt0jv3q07nz40uclc7lhasvmhgcnmwuwuqf4wqt3xvedv5hhaa97f3,2358974276956,
76ca068946f2241ba86d3b10836cc8376a29079639384bd12da4ffc93c7e7583,2024-05-18T06:14:34.648000,received,kaspa:qz9tpjgkt0jv3q07nz40uclc7lhasvmhgcnmwuwuqf4wqt3xvedv5hhaa97f3,2358974276956,
76ca068946f2241ba86d3b10836cc8376a29079639384bd12da4ffc93c7e7583,2024-05-18T06:14:34.648000,received,kaspa:qz9tpjgkt0jv3q07nz40uclc7lhasvmhgcnmwuwuqf4wqt3xvedv5hhaa97f3,2358974276956,
76ca068946f2241ba86d3b10836cc8376a29079639384bd12da4ffc93c7e7583,2024-05-18T06:14:34.648000,received,kaspa:qz9tpjgkt0jv3q07nz40uclc7lhasvmhgcnmwuwuqf4wqt3xvedv5hhaa97f3,2358974276956,
bc274a06103e0e43dc4dccb4b583140142c2ed5140230574b223a72b1ccc022f,2024-05-05T15:11:34.504000,sent,kaspa:qp56gcda0egwl0s32seame7smtsntcm6q45fttwt3u5xvvrajxgxqhr0upc00,250000000000,
bc274a06103e0e43dc4dccb4b583140142c2ed5140230574b223a72b1ccc022f,2024-05-05T15:11:34.504000,sent,kaspa:qq3kz987thxca50crghvdhrr9yx6cpatxsznk76mq87q27n7vsw0gf78wl28w,747799986835,
b524c54875f9a06d3b684b46c042142540475c698093b3ac4d550c6eebe7d1d5,2024-05-05T14:42:20.150000,received,kaspa:qz9tpjgkt0jv3q07nz40uclc7lhasvmhgcnmwuwuqf4wqt3xvedv5hhaa97f3,997799996835,
b524c54875f9a06d3b684b46c042142540475c698093b3ac4d550c6eebe7d1d5,2024-05-05T14:42:20.150000,received,kaspa:qz9tpjgkt0jv3q07nz40uclc7lhasvmhgcnmwuwuqf4wqt3xvedv5hhaa97f3,997799996835,
5d344adbdead1dc677ba24b51a899b2a23dde6c28addafd69859bba03de196a7,2024-05-03T09:57:00.740000,sent,kaspa:qz78cy7gg50pdxny98fjlrr7lstqpvurtdvddrxcztjkaep43jupsjua56knq,700000000000,
5d344adbdead1dc677ba24b51a899b2a23dde6c28addafd69859bba03de196a7,2024-05-03T09:57:00.740000,sent,kaspa:qzrnzzyej35j24w8wswka5rm0h40cpp3jqys2lncc75sln5z43fnj04sjf95l,85013847,
a82a9e0851dcc10f87a91080d3c95a3c5b598676b931f333285e7824b07cce2c,2024-05-03T09:54:56.429000,received,kaspa:qz9tpjgkt0jv3q07nz40uclc7lhasvmhgcnmwuwuqf4wqt3xvedv5hhaa97f3,699999996835,
a82a9e0851dcc10f87a91080d3c95a3c5b598676b931f333285e7824b07cce2c,2024-05-03T09:54:56.429000,received,kaspa:qz9tpjgkt0jv3q07nz40uclc7lhasvmhgcnmwuwuqf4wqt3xvedv5hhaa97f3,699999996835,
fc055777bf7c02f8c24e67f073214f564493faf3b04734d2f46664b0f5c134a2,2024-04-21T09:18:44.718000,sent,kaspa:qp56gcda0egwl0s32seame7smtsntcm6q45fttwt3u5xvvrajxgxqhr0upc00,100090039442,
54631f385ceaed7891126ff00db6ff9f49df3bf3ed3d2b120478f201a3d2f98a,2024-04-13T18:12:22.700000,sent,kaspa:qp56gcda0egwl0s32seame7smtsntcm6q45fttwt3u5xvvrajxgxqhr0upc00,15000000000,
54631f385ceaed7891126ff00db6ff9f49df3bf3ed3d2b120478f201a3d2f98a,2024-04-13T18:12:22.700000,sent,kaspa:qqtl3zwdexmfdanpq49fu4y3y4czsaay6gav934xcz7u75ujjs3qk4lqz6fu4,4490966835,
fdff7714401c6191e6b854f8031ccfb7dc17d414f25f306df22f8f0d04b0f0a2,2024-04-07T11:58:41.578000,received,kaspa:qqdy8xdg3adv2fxuphrwk6kt2kvhrn944me44lmu3fx8gx44jncuc246cmtf7,13500000000,
dd19be8a8bae57830687ba6572d95723243b036546df8abaf12025865f9ba1a2,2024-02-03T14:32:23.684000,received,kaspa:qz9tpjgkt0jv3q07nz40uclc7lhasvmhgcnmwuwuqf4wqt3xvedv5hhaa97f3,49997953,
06164b6090e003b0d47d8db19ffcce671024840594e0d599db95533ff8a747d8,2024-01-23T12:28:09.944000,sent,kaspa:qp56gcda0egwl0s32seame7smtsntcm6q45fttwt3u5xvvrajxgxqhr0upc00,1000000000000,
06164b6090e003b0d47d8db19ffcce671024840594e0d599db95533ff8a747d8,2024-01-23T12:28:09.944000,sent,kaspa:qr4aptp47mcxxh7gk00dntfxpzq495ejml83qmsp4l7q567t670p57d5u3syj,193516000,
06164b6090e003b0d47d8db19ffcce671024840594e0d599db95533ff8a747d8,2024-01-23T12:28:09.944000,sent,kaspa:qp56gcda0egwl0s32seame7smtsntcm6q45fttwt3u5xvvrajxgxqhr0upc00,1000000000000,
06164b6090e003b0d47d8db19ffcce671024840594e0d599db95533ff8a747d8,2024-01-23T12:28:09.944000,sent,kaspa:qr4aptp47mcxxh7gk00dntfxpzq495ejml83qmsp4l7q567t670p57d5u3syj,193516000,
06164b6090e003b0d47d8db19ffcce671024840594e0d599db95533ff8a747d8,2024-01-23T12:28:09.944000,sent,kaspa:qp56gcda0egwl0s32seame7smtsntcm6q45fttwt3u5xvvrajxgxqhr0upc00,1000000000000,
06164b6090e003b0d47d8db19ffcce671024840594e0d599db95533ff8a747d8,2024-01-23T12:28:09.944000,sent,kaspa:qr4aptp47mcxxh7gk00dntfxpzq495ejml83qmsp4l7q567t670p57d5u3syj,193516000,
06164b6090e003b0d47d8db19ffcce671024840594e0d599db95533ff8a747d8,2024-01-23T12:28:09.944000,sent,kaspa:qp56gcda0egwl0s32seame7smtsntcm6q45fttwt3u5xvvrajxgxqhr0upc00,1000000000000,
06164b6090e003b0d47d8db19ffcce671024840594e0d599db95533ff8a747d8,2024-01-23T12:28:09.944000,sent,kaspa:qr4aptp47mcxxh7gk00dntfxpzq495ejml83qmsp4l7q567t670p57d5u3syj,193516000,
06164b6090e003b0d47d8db19ffcce671024840594e0d599db95533ff8a747d8,2024-01-23T12:28:09.944000,sent,kaspa:qp56gcda0egwl0s32seame7smtsntcm6q45fttwt3u5xvvrajxgxqhr0upc00,1000000000000,
06164b6090e003b0d47d8db19ffcce671024840594e0d599db95533ff8a747d8,2024-01-23T12:28:09.944000,sent,kaspa:qr4aptp47mcxxh7gk00dntfxpzq495ejml83qmsp4l7q567t670p57d5u3syj,193516000,
7de426165127d665a2f6e975c0ac77a7d2d794b00d7f87b8e684d7664c01598d,2024-01-11T22:16:10.239000,sent,kaspa:qp56gcda0egwl0s32seame7smtsntcm6q45fttwt3u5xvvrajxgxqhr0upc00,880000000000,
7de426165127d665a2f6e975c0ac77a7d2d794b00d7f87b8e684d7664c01598d,2024-01-11T22:16:10.239000,sent,kaspa:qrxvqjm7huy9d03cmtyqnx5qswujauumyx5z90qa2vv7lmarffk0g65l534qy,1081527990000,
9a2e50d46f915b598c1f20393e2bc12e07bf3987a92b0a2ab4dfd98fec7826ed,2024-01-11T12:29:05.259000,received,kaspa:qqetp7ct8kqss99fxmymyz5t3fezppxp0t58wl6pawp27elqd46uudme00cl0,1961528000000,
9a2e50d46f915b598c1f20393e2bc12e07bf3987a92b0a2ab4dfd98fec7826ed,2024-01-11T12:29:05.259000,received,kaspa:qpzpfwcsqsxhxwup26r55fd0ghqlhyugz8cp6y3wxuddc02vcxtjg75pspnwz,1961528000000,MEXC
5a464d8c14bb9a5c37cc755175e2e9d7c4935a0e270c10d0a6bab050a2074904,2024-01-10T09:17:06.194000,received,kaspa:qpzpfwcsqsxhxwup26r55fd0ghqlhyugz8cp6y3wxuddc02vcxtjg75pspnwz,169245000000,MEXC
5a464d8c14bb9a5c37cc755175e2e9d7c4935a0e270c10d0a6bab050a2074904,2024-01-10T09:17:06.194000,received,kaspa:qpzpfwcsqsxhxwup26r55fd0ghqlhyugz8cp6y3wxuddc02vcxtjg75pspnwz,169245000000,MEXC
13fcda82cc947bd9d8bba38bce38c2083ad053ee09635a11856a6bf7a9bbc660,2024-01-09T10:46:14.057000,sent,kaspa:qr2zr5vpg2n2nmqkywt74wyh2az3sfa7t5lxgrz2m8d73xrq66x6ccjgnapgs,100000000000,
13fcda82cc947bd9d8bba38bce38c2083ad053ee09635a11856a6bf7a9bbc660,2024-01-09T10:46:14.057000,sent,kaspa:qrxu6qp5ycul79c84tpwc03wldnkrd4lvrngdhfk8nte6ncqa88w7mrvwtyye,541343990000,
183087db32e334536db541b60b7530a5af317530a5e35b13cb42a6163560af2f,2024-01-09T10:26:03.521000,received,kaspa:qqetp7ct8kqss99fxmymyz5t3fezppxp0t58wl6pawp27elqd46uudme00cl0,641344000000,
183087db32e334536db541b60b7530a5af317530a5e35b13cb42a6163560af2f,2024-01-09T10:26:03.521000,received,kaspa:qpzpfwcsqsxhxwup26r55fd0ghqlhyugz8cp6y3wxuddc02vcxtjg75pspnwz,641344000000,MEXC
7b4fb556cc427d2df470ce5f808ff0276bf1a82dd216cd946ff93bd306942edf,2024-01-08T06:58:12.242000,sent,kaspa:qznvtcjl2vnvxanp75mk2gwj4kvmd3q8hllu8y99jm5px4zt7v8g5qf05f366,37700000000,
7b4fb556cc427d2df470ce5f808ff0276bf1a82dd216cd946ff93bd306942edf,2024-01-08T06:58:12.242000,sent,kaspa:qphq5yajyafx7chvay7qpadjde7uc7thwkf7j5en5p74626w7ax5zjgn266qd,73787390000,
30094704f909a6f73156f170ebb8c41512550931764864abeb9255b697659395,2024-01-07T09:32:15.709000,received,kaspa:qzcksr4q5z5r4drzz5fx63d3fd4cayhqzu0hwz5rxmqvj0tm3ll4czn9lpr9m,37681181000,
722f5f4a3c1deb852665f5825cbe74f3c31ffd00f065aa6ad90e8994bdfdb71b,2024-01-05T18:23:29.619000,sent,kaspa:qqmtz65mtyg8jtw3n33n3qcuqma9m0v8n6cv58pvsxzsm7377rk8c9vac3fkf,82000000000,
722f5f4a3c1deb852665f5825cbe74f3c31ffd00f065aa6ad90e8994bdfdb71b,2024-01-05T18:23:29.619000,sent,kaspa:qpvflep04dafqcc3ac2z0wmequ4726jupx83f9atana462apxw7wwjcp7pdtg,47215545000,
4a34054c7254d0afc27b657ff691144ddec6ef7e598dab160e0248dfc63951cf,2024-01-05T18:18:00.713000,received,kaspa:qrvum29vk365g0zcd5gx3c7h829etfq2ytdmscjzw4zw04fjfnprcg9c3tges,129215555000,
255e6fff10777b7a169aa90675295317769f9b38d61fe1ddfd2dbb13604c3f3a,2024-01-04T15:41:15.108000,received,kaspa:qqwvnkp47wsj6n4hkdlgj8dsauyx0xvefunnwvvsmpq2udd0ka8ckmpuqw3k5,20000000000,
255e6fff10777b7a169aa90675295317769f9b38d61fe1ddfd2dbb13604c3f3a,2024-01-04T15:41:15.108000,received,kaspa:qqwvnkp47wsj6n4hkdlgj8dsauyx0xvefunnwvvsmpq2udd0ka8ckmpuqw3k5,20000000000,
255e6fff10777b7a169aa90675295317769f9b38d61fe1ddfd2dbb13604c3f3a,2024-01-04T15:41:15.108000,received,kaspa:qqwvnkp47wsj6n4hkdlgj8dsauyx0xvefunnwvvsmpq2udd0ka8ckmpuqw3k5,20000000000,
240a8ac3c919e02d9b87d902467320ff2d259f7a07799ddbb398302c27f3e94a,2024-01-04T10:02:41.387000,sent,kaspa:qp56gcda0egwl0s32seame7smtsntcm6q45fttwt3u5xvvrajxgxqhr0upc00,97000000000,
240a8ac3c919e02d9b87d902467320ff2d259f7a07799ddbb398302c27f3e94a,2024-01-04T10:02:41.387000,sent,kaspa:qqnpmp0k0tdnmwk3fc87ru6kdlt9kqh2yp4td7myqkxjpqr9y94rch7rp45vh,41096655000,
86ea2d04a49129dfc1bae900de70b3495bd5f4100470223ea366e6f6d99bf4cb,2024-01-04T08:34:53.430000,sent,kaspa:qr2zr5vpg2n2nmqkywt74wyh2az3sfa7t5lxgrz2m8d73xrq66x6ccjgnapgs,100000000,
86ea2d04a49129dfc1bae900de70b3495bd5f4100470223ea366e6f6d99bf4cb,2024-01-04T08:34:53.430000,sent,kaspa:qrh823k6e74gqekdcpu8t3ngmsx6k2a5em3audkruc2yeumn9ctzuzn5lne92,233535021000,
7865a89a845b049152806429a82ac5261ee346f2a0855b505aa33183a35919ed,2024-01-03T15:32:38.368000,received,kaspa:qqywx2wszmnrsu0mzgav85rdwvzangfpdj9j3ady9jpr7hu4u8c2wl9wqgd6j,46852100000,
b3231870d942e832a1858a9f53a186ac85e188633de3ad7fff6cfde73c7fefdc,2024-01-03T15:24:41.900000,received,kaspa:qrvum29vk365g0zcd5gx3c7h829etfq2ytdmscjzw4zw04fjfnprcg9c3tges,67008824000,
bcdcd7e43fe1ac8bf664b5459030eac9138111830309f2db84d9e1143c9ea9e8,2024-01-03T12:47:27.179000,received,kaspa:qrvum29vk365g0zcd5gx3c7h829etfq2ytdmscjzw4zw04fjfnprcg9c3tges,233635031000,
4f85ebf98f181b4523261a759086e4cd4d7588044764bc989675d40223e4d050,2023-12-29T11:15:34.178000,received,kaspa:qqywx2wszmnrsu0mzgav85rdwvzangfpdj9j3ady9jpr7hu4u8c2wl9wqgd6j,111487400000,
8267129d1d357ebbeec929da4de4a8103bb98f8a3a64d775a8b2571bdd978ae9,2023-12-29T08:29:15.327000,received,kaspa:qrvum29vk365g0zcd5gx3c7h829etfq2ytdmscjzw4zw04fjfnprcg9c3tges,138096665000,
f0a0babd3bb7a239cc94ec7885fd252a9b9af20e32b228d367d699fee8d4a8b1,2023-12-26T16:40:13.743000,sent,kaspa:qp56gcda0egwl0s32seame7smtsntcm6q45fttwt3u5xvvrajxgxqhr0upc00,140769979000,
e44a354b648e2d8faf6d492bef54419c70fd4215e6f2d5ed66524dc18efcf62d,2023-12-25T14:06:09.761000,received,kaspa:qrvum29vk365g0zcd5gx3c7h829etfq2ytdmscjzw4zw04fjfnprcg9c3tges,140769989000,
3443a85ba4d40c51f57e0d89b5600021d74306b3cf9ecd2b41a2bc1d514342ed,2023-12-25T08:18:28.454000,sent,kaspa:qp56gcda0egwl0s32seame7smtsntcm6q45fttwt3u5xvvrajxgxqhr0upc00,100015470000,
3443a85ba4d40c51f57e0d89b5600021d74306b3cf9ecd2b41a2bc1d514342ed,2023-12-25T08:18:28.454000,sent,kaspa:qp56gcda0egwl0s32seame7smtsntcm6q45fttwt3u5xvvrajxgxqhr0upc00,100015470000,
c62bf6676f98d1faf3d7a396fed9efe1c4f304efae53413e530b55cdea52771a,2023-12-24T19:24:36.674000,received,kaspa:qrvum29vk365g0zcd5gx3c7h829etfq2ytdmscjzw4zw04fjfnprcg9c3tges,66497336000,
bdff57200d9b6102981f0f1d750fa551108c80c700a51abae038bee523953ac8,2023-12-24T17:49:41.723000,received,kaspa:qzewx0yzfey4qcx30xdlq3f3es6rfv7re8zenyjt0j24pc9jnk882w2ryn7p8,29999900000,
3c9469713793a138b7eb6b59ea28c8779ddf61a009375f0075420dea90704719,2023-12-24T07:10:51.606000,sent,kaspa:qzewx0yzfey4qcx30xdlq3f3es6rfv7re8zenyjt0j24pc9jnk882w2ryn7p8,30000000000,
3c9469713793a138b7eb6b59ea28c8779ddf61a009375f0075420dea90704719,2023-12-24T07:10:51.606000,sent,kaspa:qpjjswrm066rthc8yvmfdp6aceca8x8d8qlcuuxzetl7qg78hs0ey5dzgv8m8,67518274000,
36156b3609cfa7c489e55f60d96d0bb828e3da086470c45285be8d9431c636a5,2023-12-24T07:05:13.700000,received,kaspa:qrvum29vk365g0zcd5gx3c7h829etfq2ytdmscjzw4zw04fjfnprcg9c3tges,97518284000,
91a1cb19689b074de1ee18aedc694c841e7e5df08ad7055f98ae1b53f75396d5,2023-12-24T05:06:12.315000,sent,kaspa:qp56gcda0egwl0s32seame7smtsntcm6q45fttwt3u5xvvrajxgxqhr0upc00,118207564000,
f86846619bb4ee9facc414f4da98c3191c708907f203fc0cf311b53453e35bc6,2023-12-23T13:32:06.665000,received,kaspa:qrvum29vk365g0zcd5gx3c7h829etfq2ytdmscjzw4zw04fjfnprcg9c3tges,118207574000,
d89b65994ba2da5f7b31b00095de5012fe0ab7becfbfb32e5a0889fca70ba011,2023-12-23T08:23:24.999000,sent,kaspa:qrdz3dgrx2j6e7ndj5d6e6cc69nhfs20cemqf3hrt3nmz2qgwv0lwmx20vx8q,18908962000,
2f6b3d26a018105c5bb2dacb20529bde200e3ff2c2019b63b306e937409bd035,2023-12-20T21:11:09.013000,received,kaspa:qrvum29vk365g0zcd5gx3c7h829etfq2ytdmscjzw4zw04fjfnprcg9c3tges,18908972000,
0fc686f090ec2be558008d20fd3b476eea66d36dac963fd3ee0948d865865ed2,2023-12-20T11:33:53.999000,sent,kaspa:qp56gcda0egwl0s32seame7smtsntcm6q45fttwt3u5xvvrajxgxqhr0upc00,215606190427,
0fc686f090ec2be558008d20fd3b476eea66d36dac963fd3ee0948d865865ed2,2023-12-20T11:33:53.999000,sent,kaspa:qp56gcda0egwl0s32seame7smtsntcm6q45fttwt3u5xvvrajxgxqhr0upc00,215606190427,
af74df44b07316bc2d8ad422347831cfac24a8d8faa0eae8c863112cf176f180,2023-12-18T07:35:43.373000,received,kaspa:qrvum29vk365g0zcd5gx3c7h829etfq2ytdmscjzw4zw04fjfnprcg9c3tges,178460261000,
442fd250cfd8ae13cdd30a1ff6878451997c55b134d5b44ac81b555c1703615e,2023-12-17T14:26:14.481000,received,kaspa:qrvum29vk365g0zcd5gx3c7h829etfq2ytdmscjzw4zw04fjfnprcg9c3tges,37145949427,
a452c89a1df58228e3adb795cf472f58ec60671145809f5f86e8306fc1d6b911,2023-12-16T08:40:51.900000,sent,kaspa:qqefl6nnec9kvnpulqlwt8vljk6vnw869nym8fm0jlk8myxa4xtjym2rx30jr,27981232427,
171ab9bdaa570f3e163d4bc46f1b301ab0215ab7f74f3b5dab509f33c4908f5f,2023-12-14T21:12:20.249000,received,kaspa:qqwvnkp47wsj6n4hkdlgj8dsauyx0xvefunnwvvsmpq2udd0ka8ckmpuqw3k5,27981242427,
171ab9bdaa570f3e163d4bc46f1b301ab0215ab7f74f3b5dab509f33c4908f5f,2023-12-14T21:12:20.249000,received,kaspa:qqwvnkp47wsj6n4hkdlgj8dsauyx0xvefunnwvvsmpq2udd0ka8ckmpuqw3k5,27981242427,
171ab9bdaa570f3e163d4bc46f1b301ab0215ab7f74f3b5dab509f33c4908f5f,2023-12-14T21:12:20.249000,received,kaspa:qqwvnkp47wsj6n4hkdlgj8dsauyx0xvefunnwvvsmpq2udd0ka8ckmpuqw3k5,27981242427,
171ab9bdaa570f3e163d4bc46f1b301ab0215ab7f74f3b5dab509f33c4908f5f,2023-12-14T21:12:20.249000,received,kaspa:qqwvnkp47wsj6n4hkdlgj8dsauyx0xvefunnwvvsmpq2udd0ka8ckmpuqw3k5,27981242427,
171ab9bdaa570f3e163d4bc46f1b301ab0215ab7f74f3b5dab509f33c4908f5f,2023-12-14T21:12:20.249000,received,kaspa:qqwvnkp47wsj6n4hkdlgj8dsauyx0xvefunnwvvsmpq2udd0ka8ckmpuqw3k5,27981242427,
171ab9bdaa570f3e163d4bc46f1b301ab0215ab7f74f3b5dab509f33c4908f5f,2023-12-14T21:12:20.249000,received,kaspa:qqwvnkp47wsj6n4hkdlgj8dsauyx0xvefunnwvvsmpq2udd0ka8ckmpuqw3k5,27981242427,
171ab9bdaa570f3e163d4bc46f1b301ab0215ab7f74f3b5dab509f33c4908f5f,2023-12-14T21:12:20.249000,received,kaspa:qqwvnkp47wsj6n4hkdlgj8dsauyx0xvefunnwvvsmpq2udd0ka8ckmpuqw3k5,27981242427,
171ab9bdaa570f3e163d4bc46f1b301ab0215ab7f74f3b5dab509f33c4908f5f,2023-12-14T21:12:20.249000,received,kaspa:qqwvnkp47wsj6n4hkdlgj8dsauyx0xvefunnwvvsmpq2udd0ka8ckmpuqw3k5,27981242427,
171ab9bdaa570f3e163d4bc46f1b301ab0215ab7f74f3b5dab509f33c4908f5f,2023-12-14T21:12:20.249000,received,kaspa:qqwvnkp47wsj6n4hkdlgj8dsauyx0xvefunnwvvsmpq2udd0ka8ckmpuqw3k5,27981242427,
171ab9bdaa570f3e163d4bc46f1b301ab0215ab7f74f3b5dab509f33c4908f5f,2023-12-14T21:12:20.249000,received,kaspa:qqwvnkp47wsj6n4hkdlgj8dsauyx0xvefunnwvvsmpq2udd0ka8ckmpuqw3k5,27981242427,
171ab9bdaa570f3e163d4bc46f1b301ab0215ab7f74f3b5dab509f33c4908f5f,2023-12-14T21:12:20.249000,received,kaspa:qqwvnkp47wsj6n4hkdlgj8dsauyx0xvefunnwvvsmpq2udd0ka8ckmpuqw3k5,27981242427,
7bb3d3f0c3e2a0b0d0161c74a1c7d26c4c9f0da1fb4f1341898aa8b95b6da99f,2023-12-14T15:45:57.528000,sent,kaspa:qp56gcda0egwl0s32seame7smtsntcm6q45fttwt3u5xvvrajxgxqhr0upc00,50509330000,
34f0d88dc7b05359a1d51e79292bf35d4e8c1b65acaa67c73d0ae296c36af443,2023-12-13T19:55:34.335000,received,kaspa:qrvum29vk365g0zcd5gx3c7h829etfq2ytdmscjzw4zw04fjfnprcg9c3tges,50509340000,
a9bac525b0b2425497927f4bda81d7a818172267076282bd6e3369d5775329eb,2023-12-11T17:37:36.343000,sent,kaspa:qzl6raztnk9xfassh0n4mx4ssztl5g8t2z8mjn4x57656g006cfy5ku5589q7,304000000000,
a9bac525b0b2425497927f4bda81d7a818172267076282bd6e3369d5775329eb,2023-12-11T17:37:36.343000,sent,kaspa:qqrq6hhq2guslhlth4cvkgacvuz3r6eqsv7zjjm92xfzw00q6mrmz02tz086v,41891217000,
3c11c85358ee5ff4ccb7a65600ca71a7aeae7b731c56d2e03a248ecadd202d04,2023-12-11T17:33:25.079000,received,kaspa:qrvum29vk365g0zcd5gx3c7h829etfq2ytdmscjzw4zw04fjfnprcg9c3tges,345891227000,
3e6ee40ad39a2236e3b69049b4acaeea17c74579e31b27dd697708c21258a16d,2023-12-11T03:07:00.157000,sent,kaspa:qqefl6nnec9kvnpulqlwt8vljk6vnw869nym8fm0jlk8myxa4xtjym2rx30jr,40147564000,
0c9629a34951c193a666385374a08b1546e46cb1b947b58f002853b7f60bb48a,2023-12-10T13:04:26.750000,received,kaspa:qrvum29vk365g0zcd5gx3c7h829etfq2ytdmscjzw4zw04fjfnprcg9c3tges,38247614000,
0860f57d560383fb1d9b3fea7927264a83e5bdf575b67444f41bfeee5230fcbe,2023-12-08T15:03:54.328000,sent,kaspa:qp56gcda0egwl0s32seame7smtsntcm6q45fttwt3u5xvvrajxgxqhr0upc00,245000000000,
0860f57d560383fb1d9b3fea7927264a83e5bdf575b67444f41bfeee5230fcbe,2023-12-08T15:03:54.328000,sent,kaspa:qqhgfxefecewcy7xxq3zqacv0tfpzxtcgw2mwcs6znh0l85u6yxfxzmej92s3,121899990000,
a6ea4ad6e0a1e5cc8e164a284dd0fe15ac1fdb7e10a7365ee2829888a8967737,2023-12-08T14:48:00.003000,received,kaspa:qypvuuedsr43c9txedvmdwxgcxh35m4narjxz7f74a5c86tnj5734wq5mxm5kgf,366900000000,
a6ea4ad6e0a1e5cc8e164a284dd0fe15ac1fdb7e10a7365ee2829888a8967737,2023-12-08T14:48:00.003000,received,kaspa:qypvuuedsr43c9txedvmdwxgcxh35m4narjxz7f74a5c86tnj5734wq5mxm5kgf,366900000000,
a6ea4ad6e0a1e5cc8e164a284dd0fe15ac1fdb7e10a7365ee2829888a8967737,2023-12-08T14:48:00.003000,received,kaspa:qypvuuedsr43c9txedvmdwxgcxh35m4narjxz7f74a5c86tnj5734wq5mxm5kgf,366900000000,
a6ea4ad6e0a1e5cc8e164a284dd0fe15ac1fdb7e10a7365ee2829888a8967737,2023-12-08T14:48:00.003000,received,kaspa:qypvuuedsr43c9txedvmdwxgcxh35m4narjxz7f74a5c86tnj5734wq5mxm5kgf,366900000000,
4f44567ebf83f6b8344a56a5583d5976eb8f64268060911db5306e343e175cac,2023-12-08T08:19:31.189000,sent,kaspa:qrdz3dgrx2j6e7ndj5d6e6cc69nhfs20cemqf3hrt3nmz2qgwv0lwmx20vx8q,94488816324,
a0eaa51a51b50feb98bf7cbf875ba6adc5fe9db314300e9ae981d19cb6645813,2023-12-07T19:17:16.704000,received,kaspa:qqwvnkp47wsj6n4hkdlgj8dsauyx0xvefunnwvvsmpq2udd0ka8ckmpuqw3k5,94484295324,
52623a98756fcbb656ed1c4304a39afa2959c491e6cdb60c7541187e0d4f912e,2023-12-04T17:53:56.359000,sent,kaspa:qp82cw64e3nvw3e70cx2wkv6h94nnesfp0cf6tlg0x79ja4v5ydk5lrrrruw9,150000000000,
52623a98756fcbb656ed1c4304a39afa2959c491e6cdb60c7541187e0d4f912e,2023-12-04T17:53:56.359000,sent,kaspa:qr2nldfa7kp8lexkpxplurwjl27xhf3acmdjc682ezlau476d2aeslsskp9td,106302331000,
c9c4bb07b926d426140b23b8e6419166a89cde9c93486ccf1b336d23c55235d2,2023-12-04T15:49:20.398000,received,kaspa:qrvum29vk365g0zcd5gx3c7h829etfq2ytdmscjzw4zw04fjfnprcg9c3tges,256302341000,
86392ef0a3d1d756405c198326a0786062527fb9cb0e7050370b6a0565f8458f,2023-12-01T22:09:04.913000,sent,kaspa:qrdz3dgrx2j6e7ndj5d6e6cc69nhfs20cemqf3hrt3nmz2qgwv0lwmx20vx8q,100000000000,
86392ef0a3d1d756405c198326a0786062527fb9cb0e7050370b6a0565f8458f,2023-12-01T22:09:04.913000,sent,kaspa:qzxcdhkgq0gqx7kylyf2e64zmtuudfqecluqrz73vsnpw6h2zvgfy6k9txlfl,197302290000,
3d6d5f1b4483675604173d57eda53959cf5e9a516ee97eefa789d0f1052684f2,2023-12-01T21:54:35.681000,received,kaspa:qrvum29vk365g0zcd5gx3c7h829etfq2ytdmscjzw4zw04fjfnprcg9c3tges,297302300000,
8ca36ca1ed69d447e9d84186a66965d7f16ea32f4ae9cf917dbbdd57d0a0c178,2023-11-27T07:32:46.741000,sent,kaspa:qp56gcda0egwl0s32seame7smtsntcm6q45fttwt3u5xvvrajxgxqhr0upc00,15800000000,
8ca36ca1ed69d447e9d84186a66965d7f16ea32f4ae9cf917dbbdd57d0a0c178,2023-11-27T07:32:46.741000,sent,kaspa:qppyusdw6s2x3yxddn73qm2xxv0nwqctqd7jfdvtz2w7nujrh7lz2m4me2k0k,10073990000,
37fc067f23f64701c66e989dbb66095533ba0888da66acef56d9ecef9fa08447,2023-11-27T07:20:23.762000,received,kaspa:qrvum29vk365g0zcd5gx3c7h829etfq2ytdmscjzw4zw04fjfnprcg9c3tges,25874000000,
328dada62f02388cc91816b294c6d4d0481ef29f98733ed767a42510e1705e26,2023-11-26T09:34:28.766000,sent,kaspa:qp56gcda0egwl0s32seame7smtsntcm6q45fttwt3u5xvvrajxgxqhr0upc00,22391868000,
328dada62f02388cc91816b294c6d4d0481ef29f98733ed767a42510e1705e26,2023-11-26T09:34:28.766000,sent,kaspa:qp56gcda0egwl0s32seame7smtsntcm6q45fttwt3u5xvvrajxgxqhr0upc00,22391868000,
7fb777cc9871671f8f2f79a48a7ce03887186bfddd2baed1af280bc1f99728e8,2023-11-26T08:40:54.736000,received,kaspa:qznvtcjl2vnvxanp75mk2gwj4kvmd3q8hllu8y99jm5px4zt7v8g5qf05f366,2400000000,
c137a80f256d76c6bc0a6b103a3d6e5f97275fb360cd021a2e1fd4b9629ed818,2023-11-24T19:03:37.130000,received,kaspa:qrvum29vk365g0zcd5gx3c7h829etfq2ytdmscjzw4zw04fjfnprcg9c3tges,19991888000,
48e4307a2b116b380a29a3d3cc12128624a79a938cd69bff4cdcda1c097b354e,2023-11-23T15:04:39.253000,sent,kaspa:qp56gcda0egwl0s32seame7smtsntcm6q45fttwt3u5xvvrajxgxqhr0upc00,69354897011,
def8115778995971d96980aaa14a808b43a8c652678a46b94317c269997d15e6,2023-11-22T23:06:11.453000,sent,kaspa:qypvuuedsr43c9txedvmdwxgcxh35m4narjxz7f74a5c86tnj5734wq5mxm5kgf,100000000000,
def8115778995971d96980aaa14a808b43a8c652678a46b94317c269997d15e6,2023-11-22T23:06:11.453000,sent,kaspa:qpxx8uqvd75j5vu84fwhygasr8vy3j8pgjn30y3hjs8v5xajle4scnlah79np,29222088061,
13cea3e95cdd134bf3c0d8674a404044b2681c4766084056f393e8c1c5253c07,2023-11-22T23:03:50.927000,sent,kaspa:qznvtcjl2vnvxanp75mk2gwj4kvmd3q8hllu8y99jm5px4zt7v8g5qf05f366,30000000000,
13cea3e95cdd134bf3c0d8674a404044b2681c4766084056f393e8c1c5253c07,2023-11-22T23:03:50.927000,sent,kaspa:qp6l27jeps7vn0kcqlu9df9a98fj6005usa78w7h0syt8slnsl9rqputqqlyj,68897682061,
e9935f194cace3d7a8ca70ce0d35a4bfa297ba85fd6e19f9e00d41b53ed9ce86,2023-11-20T18:24:19.333000,received,kaspa:qqywx2wszmnrsu0mzgav85rdwvzangfpdj9j3ady9jpr7hu4u8c2wl9wqgd6j,98897692061,
8896417159a2e718d150fbf5c098e21907fb630922641079c240034f293e737c,2023-11-20T10:18:51.415000,sent,kaspa:qrdz3dgrx2j6e7ndj5d6e6cc69nhfs20cemqf3hrt3nmz2qgwv0lwmx20vx8q,81000000000,
8896417159a2e718d150fbf5c098e21907fb630922641079c240034f293e737c,2023-11-20T10:18:51.415000,sent,kaspa:qrwl48wp44fh4ll96w2zklm856m6g04ecdp2sq53pajeyn80rv0xknftmupsm,25999980000,
8896417159a2e718d150fbf5c098e21907fb630922641079c240034f293e737c,2023-11-20T10:18:51.415000,sent,kaspa:qrdz3dgrx2j6e7ndj5d6e6cc69nhfs20cemqf3hrt3nmz2qgwv0lwmx20vx8q,81000000000,
8896417159a2e718d150fbf5c098e21907fb630922641079c240034f293e737c,2023-11-20T10:18:51.415000,sent,kaspa:qrwl48wp44fh4ll96w2zklm856m6g04ecdp2sq53pajeyn80rv0xknftmupsm,25999980000,
5605a9cd12384986a9a4b7be51efea4888843a901b8ef4bc32a976de3862d0a5,2023-11-20T09:38:09.893000,sent,kaspa:qrdz3dgrx2j6e7ndj5d6e6cc69nhfs20cemqf3hrt3nmz2qgwv0lwmx20vx8q,100000000000,
5605a9cd12384986a9a4b7be51efea4888843a901b8ef4bc32a976de3862d0a5,2023-11-20T09:38:09.893000,sent,kaspa:qz7n90jjsxc43tw5myen8qakldwe4wqv9la4vg33pjkc5u5wr6f8sz35s4z83,29324436000,
e35061c7e7cd9fd030f9b8ad6a2d95210327852a6e94aa1d462008f8bf35b07e,2023-11-19T16:11:36.828000,received,kaspa:qrvum29vk365g0zcd5gx3c7h829etfq2ytdmscjzw4zw04fjfnprcg9c3tges,129324446000,
8b12bc5f8736ee5611c4d160af08abc7406b57959b7c7b9d2f9f3d465491fac8,2023-11-19T15:34:39.729000,received,kaspa:qqwvnkp47wsj6n4hkdlgj8dsauyx0xvefunnwvvsmpq2udd0ka8ckmpuqw3k5,36000000000,
a78ab7ea56192b7cbbe241649919de9d587c057a44c28f596aad6bb28b89fa42,2023-11-19T15:18:46.237000,received,kaspa:qqwvnkp47wsj6n4hkdlgj8dsauyx0xvefunnwvvsmpq2udd0ka8ckmpuqw3k5,71000000000,
a78ab7ea56192b7cbbe241649919de9d587c057a44c28f596aad6bb28b89fa42,2023-11-19T15:18:46.237000,received,kaspa:qqwvnkp47wsj6n4hkdlgj8dsauyx0xvefunnwvvsmpq2udd0ka8ckmpuqw3k5,71000000000,
a78ab7ea56192b7cbbe241649919de9d587c057a44c28f596aad6bb28b89fa42,2023-11-19T15:18:46.237000,received,kaspa:qqwvnkp47wsj6n4hkdlgj8dsauyx0xvefunnwvvsmpq2udd0ka8ckmpuqw3k5,71000000000,
a78ab7ea56192b7cbbe241649919de9d587c057a44c28f596aad6bb28b89fa42,2023-11-19T15:18:46.237000,received,kaspa:qqwvnkp47wsj6n4hkdlgj8dsauyx0xvefunnwvvsmpq2udd0ka8ckmpuqw3k5,71000000000,
a78ab7ea56192b7cbbe241649919de9d587c057a44c28f596aad6bb28b89fa42,2023-11-19T15:18:46.237000,received,kaspa:qqwvnkp47wsj6n4hkdlgj8dsauyx0xvefunnwvvsmpq2udd0ka8ckmpuqw3k5,71000000000,
a78ab7ea56192b7cbbe241649919de9d587c057a44c28f596aad6bb28b89fa42,2023-11-19T15:18:46.237000,received,kaspa:qqwvnkp47wsj6n4hkdlgj8dsauyx0xvefunnwvvsmpq2udd0ka8ckmpuqw3k5,71000000000,
cf0d197e28dfdfae2f21c7556011ff762c27d55b76ab034096ac46e0c1c1e1c6,2023-11-19T13:03:36.197000,received,kaspa:qqwvnkp47wsj6n4hkdlgj8dsauyx0xvefunnwvvsmpq2udd0ka8ckmpuqw3k5,31000000000,
cf0d197e28dfdfae2f21c7556011ff762c27d55b76ab034096ac46e0c1c1e1c6,2023-11-19T13:03:36.197000,received,kaspa:qqwvnkp47wsj6n4hkdlgj8dsauyx0xvefunnwvvsmpq2udd0ka8ckmpuqw3k5,31000000000,
cf0d197e28dfdfae2f21c7556011ff762c27d55b76ab034096ac46e0c1c1e1c6,2023-11-19T13:03:36.197000,received,kaspa:qqwvnkp47wsj6n4hkdlgj8dsauyx0xvefunnwvvsmpq2udd0ka8ckmpuqw3k5,31000000000,
cf0d197e28dfdfae2f21c7556011ff762c27d55b76ab034096ac46e0c1c1e1c6,2023-11-19T13:03:36.197000,received,kaspa:qqwvnkp47wsj6n4hkdlgj8dsauyx0xvefunnwvvsmpq2udd0ka8ckmpuqw3k5,31000000000,
69e62b159e4d0886787a3db4fbeeaedd3fce17189c4b501b72374b8eb82a3847,2023-11-19T09:36:47.671000,received,kaspa:qqwvnkp47wsj6n4hkdlgj8dsauyx0xvefunnwvvsmpq2udd0ka8ckmpuqw3k5,13500000000,
69e62b159e4d0886787a3db4fbeeaedd3fce17189c4b501b72374b8eb82a3847,2023-11-19T09:36:47.671000,received,kaspa:qqwvnkp47wsj6n4hkdlgj8dsauyx0xvefunnwvvsmpq2udd0ka8ckmpuqw3k5,13500000000,
69e62b159e4d0886787a3db4fbeeaedd3fce17189c4b501b72374b8eb82a3847,2023-11-19T09:36:47.671000,received,kaspa:qqwvnkp47wsj6n4hkdlgj8dsauyx0xvefunnwvvsmpq2udd0ka8ckmpuqw3k5,13500000000,
1256597604187a61631d87c3a393097d1fd47fe7c8b9d47fd980207eaf2b7379,2023-11-19T07:22:32.332000,sent,kaspa:qrdz3dgrx2j6e7ndj5d6e6cc69nhfs20cemqf3hrt3nmz2qgwv0lwmx20vx8q,16000000000,
1256597604187a61631d87c3a393097d1fd47fe7c8b9d47fd980207eaf2b7379,2023-11-19T07:22:32.332000,sent,kaspa:qr87nfnzsmehmt9lx2glx9rcnyfjyg7hmzr78swrafr58d85h5lvgfheadh2p,632868950,
ee1e6fd11ed87af039f4dbf51b9bd10d7bb36e784058af194e56c5884cb23a36,2023-11-19T06:04:02.977000,received,kaspa:qqwvnkp47wsj6n4hkdlgj8dsauyx0xvefunnwvvsmpq2udd0ka8ckmpuqw3k5,15163545711,
791af226a6f135854575f817205fa438920a74605d8818dff068774785b04f76,2023-11-18T07:53:04.388000,sent,kaspa:qrdz3dgrx2j6e7ndj5d6e6cc69nhfs20cemqf3hrt3nmz2qgwv0lwmx20vx8q,90000000000,
791af226a6f135854575f817205fa438920a74605d8818dff068774785b04f76,2023-11-18T07:53:04.388000,sent,kaspa:qrvesveyzd96eadqgkdhdu9lmwqmz5hq070028vwe2zhrkzkcfvazhklhhtqd,1469343239,
791af226a6f135854575f817205fa438920a74605d8818dff068774785b04f76,2023-11-18T07:53:04.388000,sent,kaspa:qrdz3dgrx2j6e7ndj5d6e6cc69nhfs20cemqf3hrt3nmz2qgwv0lwmx20vx8q,90000000000,
791af226a6f135854575f817205fa438920a74605d8818dff068774785b04f76,2023-11-18T07:53:04.388000,sent,kaspa:qrvesveyzd96eadqgkdhdu9lmwqmz5hq070028vwe2zhrkzkcfvazhklhhtqd,1469343239,
791af226a6f135854575f817205fa438920a74605d8818dff068774785b04f76,2023-11-18T07:53:04.388000,sent,kaspa:qrdz3dgrx2j6e7ndj5d6e6cc69nhfs20cemqf3hrt3nmz2qgwv0lwmx20vx8q,90000000000,
791af226a6f135854575f817205fa438920a74605d8818dff068774785b04f76,2023-11-18T07:53:04.388000,sent,kaspa:qrvesveyzd96eadqgkdhdu9lmwqmz5hq070028vwe2zhrkzkcfvazhklhhtqd,1469343239,
412ea835d357bcf0d74a14eb3a39b2fe359b913b20bbf38fde8e452e8dbd234f,2023-11-18T07:49:41.856000,received,kaspa:qrvum29vk365g0zcd5gx3c7h829etfq2ytdmscjzw4zw04fjfnprcg9c3tges,17898520000,
a459fa2092e012328bcfbaa27d06bd7decaf51660b79085da2efd5ed2f7685e5,2023-11-18T06:35:34.893000,received,kaspa:qqywx2wszmnrsu0mzgav85rdwvzangfpdj9j3ady9jpr7hu4u8c2wl9wqgd6j,47570853239,
62b2d1cf93c6bd42c8219d3b1faeba1e2263908af7503531c5f2bffdc2c0e7a7,2023-11-18T06:22:36.623000,received,kaspa:qqwvnkp47wsj6n4hkdlgj8dsauyx0xvefunnwvvsmpq2udd0ka8ckmpuqw3k5,26000000000,
62b2d1cf93c6bd42c8219d3b1faeba1e2263908af7503531c5f2bffdc2c0e7a7,2023-11-18T06:22:36.623000,received,kaspa:qqwvnkp47wsj6n4hkdlgj8dsauyx0xvefunnwvvsmpq2udd0ka8ckmpuqw3k5,26000000000,
62b2d1cf93c6bd42c8219d3b1faeba1e2263908af7503531c5f2bffdc2c0e7a7,2023-11-18T06:22:36.623000,received,kaspa:qqwvnkp47wsj6n4hkdlgj8dsauyx0xvefunnwvvsmpq2udd0ka8ckmpuqw3k5,26000000000,
62b2d1cf93c6bd42c8219d3b1faeba1e2263908af7503531c5f2bffdc2c0e7a7,2023-11-18T06:22:36.623000,received,kaspa:qqwvnkp47wsj6n4hkdlgj8dsauyx0xvefunnwvvsmpq2udd0ka8ckmpuqw3k5,26000000000,
62b2d1cf93c6bd42c8219d3b1faeba1e2263908af7503531c5f2bffdc2c0e7a7,2023-11-18T06:22:36.623000,received,kaspa:qqwvnkp47wsj6n4hkdlgj8dsauyx0xvefunnwvvsmpq2udd0ka8ckmpuqw3k5,26000000000,
62b2d1cf93c6bd42c8219d3b1faeba1e2263908af7503531c5f2bffdc2c0e7a7,2023-11-18T06:22:36.623000,received,kaspa:qqwvnkp47wsj6n4hkdlgj8dsauyx0xvefunnwvvsmpq2udd0ka8ckmpuqw3k5,26000000000,
62b2d1cf93c6bd42c8219d3b1faeba1e2263908af7503531c5f2bffdc2c0e7a7,2023-11-18T06:22:36.623000,received,kaspa:qqwvnkp47wsj6n4hkdlgj8dsauyx0xvefunnwvvsmpq2udd0ka8ckmpuqw3k5,26000000000,
62b2d1cf93c6bd42c8219d3b1faeba1e2263908af7503531c5f2bffdc2c0e7a7,2023-11-18T06:22:36.623000,received,kaspa:qqwvnkp47wsj6n4hkdlgj8dsauyx0xvefunnwvvsmpq2udd0ka8ckmpuqw3k5,26000000000,
62b2d1cf93c6bd42c8219d3b1faeba1e2263908af7503531c5f2bffdc2c0e7a7,2023-11-18T06:22:36.623000,received,kaspa:qqwvnkp47wsj6n4hkdlgj8dsauyx0xvefunnwvvsmpq2udd0ka8ckmpuqw3k5,26000000000,
62b2d1cf93c6bd42c8219d3b1faeba1e2263908af7503531c5f2bffdc2c0e7a7,2023-11-18T06:22:36.623000,received,kaspa:qqwvnkp47wsj6n4hkdlgj8dsauyx0xvefunnwvvsmpq2udd0ka8ckmpuqw3k5,26000000000,
62b2d1cf93c6bd42c8219d3b1faeba1e2263908af7503531c5f2bffdc2c0e7a7,2023-11-18T06:22:36.623000,received,kaspa:qqwvnkp47wsj6n4hkdlgj8dsauyx0xvefunnwvvsmpq2udd0ka8ckmpuqw3k5,26000000000,
62b2d1cf93c6bd42c8219d3b1faeba1e2263908af7503531c5f2bffdc2c0e7a7,2023-11-18T06:22:36.623000,received,kaspa:qqwvnkp47wsj6n4hkdlgj8dsauyx0xvefunnwvvsmpq2udd0ka8ckmpuqw3k5,26000000000,
62b2d1cf93c6bd42c8219d3b1faeba1e2263908af7503531c5f2bffdc2c0e7a7,2023-11-18T06:22:36.623000,received,kaspa:qqwvnkp47wsj6n4hkdlgj8dsauyx0xvefunnwvvsmpq2udd0ka8ckmpuqw3k5,26000000000,
62b2d1cf93c6bd42c8219d3b1faeba1e2263908af7503531c5f2bffdc2c0e7a7,2023-11-18T06:22:36.623000,received,kaspa:qqwvnkp47wsj6n4hkdlgj8dsauyx0xvefunnwvvsmpq2udd0ka8ckmpuqw3k5,26000000000,
62b2d1cf93c6bd42c8219d3b1faeba1e2263908af7503531c5f2bffdc2c0e7a7,2023-11-18T06:22:36.623000,received,kaspa:qqwvnkp47wsj6n4hkdlgj8dsauyx0xvefunnwvvsmpq2udd0ka8ckmpuqw3k5,26000000000,
62b2d1cf93c6bd42c8219d3b1faeba1e2263908af7503531c5f2bffdc2c0e7a7,2023-11-18T06:22:36.623000,received,kaspa:qqwvnkp47wsj6n4hkdlgj8dsauyx0xvefunnwvvsmpq2udd0ka8ckmpuqw3k5,26000000000,
62b2d1cf93c6bd42c8219d3b1faeba1e2263908af7503531c5f2bffdc2c0e7a7,2023-11-18T06:22:36.623000,received,kaspa:qqwvnkp47wsj6n4hkdlgj8dsauyx0xvefunnwvvsmpq2udd0ka8ckmpuqw3k5,26000000000,
62b2d1cf93c6bd42c8219d3b1faeba1e2263908af7503531c5f2bffdc2c0e7a7,2023-11-18T06:22:36.623000,received,kaspa:qqwvnkp47wsj6n4hkdlgj8dsauyx0xvefunnwvvsmpq2udd0ka8ckmpuqw3k5,26000000000,
62b2d1cf93c6bd42c8219d3b1faeba1e2263908af7503531c5f2bffdc2c0e7a7,2023-11-18T06:22:36.623000,received,kaspa:qqwvnkp47wsj6n4hkdlgj8dsauyx0xvefunnwvvsmpq2udd0ka8ckmpuqw3k5,26000000000,
62b2d1cf93c6bd42c8219d3b1faeba1e2263908af7503531c5f2bffdc2c0e7a7,2023-11-18T06:22:36.623000,received,kaspa:qqwvnkp47wsj6n4hkdlgj8dsauyx0xvefunnwvvsmpq2udd0ka8ckmpuqw3k5,26000000000,
62b2d1cf93c6bd42c8219d3b1faeba1e2263908af7503531c5f2bffdc2c0e7a7,2023-11-18T06:22:36.623000,received,kaspa:qqwvnkp47wsj6n4hkdlgj8dsauyx0xvefunnwvvsmpq2udd0ka8ckmpuqw3k5,26000000000,
62b2d1cf93c6bd42c8219d3b1faeba1e2263908af7503531c5f2bffdc2c0e7a7,2023-11-18T06:22:36.623000,received,kaspa:qqwvnkp47wsj6n4hkdlgj8dsauyx0xvefunnwvvsmpq2udd0ka8ckmpuqw3k5,26000000000,
62b2d1cf93c6bd42c8219d3b1faeba1e2263908af7503531c5f2bffdc2c0e7a7,2023-11-18T06:22:36.623000,received,kaspa:qqwvnkp47wsj6n4hkdlgj8dsauyx0xvefunnwvvsmpq2udd0ka8ckmpuqw3k5,26000000000,
62b2d1cf93c6bd42c8219d3b1faeba1e2263908af7503531c5f2bffdc2c0e7a7,2023-11-18T06:22:36.623000,received,kaspa:qqwvnkp47wsj6n4hkdlgj8dsauyx0xvefunnwvvsmpq2udd0ka8ckmpuqw3k5,26000000000,
62b2d1cf93c6bd42c8219d3b1faeba1e2263908af7503531c5f2bffdc2c0e7a7,2023-11-18T06:22:36.623000,received,kaspa:qqwvnkp47wsj6n4hkdlgj8dsauyx0xvefunnwvvsmpq2udd0ka8ckmpuqw3k5,26000000000,
62b2d1cf93c6bd42c8219d3b1faeba1e2263908af7503531c5f2bffdc2c0e7a7,2023-11-18T06:22:36.623000,received,kaspa:qqwvnkp47wsj6n4hkdlgj8dsauyx0xvefunnwvvsmpq2udd0ka8ckmpuqw3k5,26000000000,
62b2d1cf93c6bd42c8219d3b1faeba1e2263908af7503531c5f2bffdc2c0e7a7,2023-11-18T06:22:36.623000,received,kaspa:qqwvnkp47wsj6n4hkdlgj8dsauyx0xvefunnwvvsmpq2udd0ka8ckmpuqw3k5,26000000000,
62b2d1cf93c6bd42c8219d3b1faeba1e2263908af7503531c5f2bffdc2c0e7a7,2023-11-18T06:22:36.623000,received,kaspa:qqwvnkp47wsj6n4hkdlgj8dsauyx0xvefunnwvvsmpq2udd0ka8ckmpuqw3k5,26000000000,
62b2d1cf93c6bd42c8219d3b1faeba1e2263908af7503531c5f2bffdc2c0e7a7,2023-11-18T06:22:36.623000,received,kaspa:qqwvnkp47wsj6n4hkdlgj8dsauyx0xvefunnwvvsmpq2udd0ka8ckmpuqw3k5,26000000000,
62b2d1cf93c6bd42c8219d3b1faeba1e2263908af7503531c5f2bffdc2c0e7a7,2023-11-18T06:22:36.623000,received,kaspa:qqwvnkp47wsj6n4hkdlgj8dsauyx0xvefunnwvvsmpq2udd0ka8ckmpuqw3k5,26000000000,
62b2d1cf93c6bd42c8219d3b1faeba1e2263908af7503531c5f2bffdc2c0e7a7,2023-11-18T06:22:36.623000,received,kaspa:qqwvnkp47wsj6n4hkdlgj8dsauyx0xvefunnwvvsmpq2udd0ka8ckmpuqw3k5,26000000000,
62b2d1cf93c6bd42c8219d3b1faeba1e2263908af7503531c5f2bffdc2c0e7a7,2023-11-18T06:22:36.623000,received,kaspa:qqwvnkp47wsj6n4hkdlgj8dsauyx0xvefunnwvvsmpq2udd0ka8ckmpuqw3k5,26000000000,
62b2d1cf93c6bd42c8219d3b1faeba1e2263908af7503531c5f2bffdc2c0e7a7,2023-11-18T06:22:36.623000,received,kaspa:qqwvnkp47wsj6n4hkdlgj8dsauyx0xvefunnwvvsmpq2udd0ka8ckmpuqw3k5,26000000000,
62b2d1cf93c6bd42c8219d3b1faeba1e2263908af7503531c5f2bffdc2c0e7a7,2023-11-18T06:22:36.623000,received,kaspa:qqwvnkp47wsj6n4hkdlgj8dsauyx0xvefunnwvvsmpq2udd0ka8ckmpuqw3k5,26000000000,
62b2d1cf93c6bd42c8219d3b1faeba1e2263908af7503531c5f2bffdc2c0e7a7,2023-11-18T06:22:36.623000,received,kaspa:qqwvnkp47wsj6n4hkdlgj8dsauyx0xvefunnwvvsmpq2udd0ka8ckmpuqw3k5,26000000000,
62b2d1cf93c6bd42c8219d3b1faeba1e2263908af7503531c5f2bffdc2c0e7a7,2023-11-18T06:22:36.623000,received,kaspa:qqwvnkp47wsj6n4hkdlgj8dsauyx0xvefunnwvvsmpq2udd0ka8ckmpuqw3k5,26000000000,
62b2d1cf93c6bd42c8219d3b1faeba1e2263908af7503531c5f2bffdc2c0e7a7,2023-11-18T06:22:36.623000,received,kaspa:qqwvnkp47wsj6n4hkdlgj8dsauyx0xvefunnwvvsmpq2udd0ka8ckmpuqw3k5,26000000000,
62b2d1cf93c6bd42c8219d3b1faeba1e2263908af7503531c5f2bffdc2c0e7a7,2023-11-18T06:22:36.623000,received,kaspa:qqwvnkp47wsj6n4hkdlgj8dsauyx0xvefunnwvvsmpq2udd0ka8ckmpuqw3k5,26000000000,
62b2d1cf93c6bd42c8219d3b1faeba1e2263908af7503531c5f2bffdc2c0e7a7,2023-11-18T06:22:36.623000,received,kaspa:qqwvnkp47wsj6n4hkdlgj8dsauyx0xvefunnwvvsmpq2udd0ka8ckmpuqw3k5,26000000000,
62b2d1cf93c6bd42c8219d3b1faeba1e2263908af7503531c5f2bffdc2c0e7a7,2023-11-18T06:22:36.623000,received,kaspa:qqwvnkp47wsj6n4hkdlgj8dsauyx0xvefunnwvvsmpq2udd0ka8ckmpuqw3k5,26000000000,
55bcfc376730a90f3f2ae44f106cc8593f80a5fcfd6590c108e14bcf99830bc3,2023-11-18T06:12:19.834000,sent,kaspa:qrdz3dgrx2j6e7ndj5d6e6cc69nhfs20cemqf3hrt3nmz2qgwv0lwmx20vx8q,117070853239,
09054d9a2356e8b27d020e224f82c3932cd3e59a4576b3e7c3229e141e59599e,2023-11-18T01:18:12.539000,sent,kaspa:qrdz3dgrx2j6e7ndj5d6e6cc69nhfs20cemqf3hrt3nmz2qgwv0lwmx20vx8q,100000000000,
09054d9a2356e8b27d020e224f82c3932cd3e59a4576b3e7c3229e141e59599e,2023-11-18T01:18:12.539000,sent,kaspa:qre5jakyetxten4wxsk6mw3ajplkl3z6m2w7qtml8su4kvatrpyzyhs4ewk2c,3448338000,
db6f9b8089383d870964e1615d22009e412965870cc4f20d054031aa366d3f79,2023-11-16T18:47:51.499000,received,kaspa:qrvum29vk365g0zcd5gx3c7h829etfq2ytdmscjzw4zw04fjfnprcg9c3tges,103448348000,
4df634f0837bac0ebf35b52ffe1ade890c264dfdd981aa54f05341fd7a16df18,2023-11-16T04:27:56.345000,sent,kaspa:qrdz3dgrx2j6e7ndj5d6e6cc69nhfs20cemqf3hrt3nmz2qgwv0lwmx20vx8q,150000000000,
4df634f0837bac0ebf35b52ffe1ade890c264dfdd981aa54f05341fd7a16df18,2023-11-16T04:27:56.345000,sent,kaspa:qpmy5z92ytkwzupat00n7npea5x6rqkmtnzr9dege9w58u3guyc3stwayfagm,753999990000,
991101e6ca2a85044bc62a0229f5b50412e9175baf377318a5dced5a264d305d,2023-11-16T04:00:03.830000,received,kaspa:qqywx2wszmnrsu0mzgav85rdwvzangfpdj9j3ady9jpr7hu4u8c2wl9wqgd6j,904000000000,
94d6cffa000991f4172fdcead73ed7cb61fb693e836971589fe6e5a41c9a72ba,2023-11-16T03:13:59.878000,sent,kaspa:qrdz3dgrx2j6e7ndj5d6e6cc69nhfs20cemqf3hrt3nmz2qgwv0lwmx20vx8q,1420000000000,
94d6cffa000991f4172fdcead73ed7cb61fb693e836971589fe6e5a41c9a72ba,2023-11-16T03:13:59.878000,sent,kaspa:qpn2dhygxaqt52hwudet8dh2a4j4ydmdx3gyg9jyfn9dnh0gxc6ugfdtx4ak9,67661698000,
26d7d1f1bcc9a85da62a65c53794d730e64152ae8a1311133ec10bcd5a1362da,2023-11-15T18:13:08.333000,received,kaspa:qrvum29vk365g0zcd5gx3c7h829etfq2ytdmscjzw4zw04fjfnprcg9c3tges,28411460000,
bbf61a8e20f0d7bb95a51a3ec9674fe8c61e0d3ee4ec473524e45cea2e006e09,2023-11-15T18:11:37.956000,received,kaspa:qqywx2wszmnrsu0mzgav85rdwvzangfpdj9j3ady9jpr7hu4u8c2wl9wqgd6j,1411685900000,
2c11b749523dd0347a96e098b7d39b392032a7f8b15b8d844ac14bb04f55c3cf,2023-11-09T13:02:45.584000,sent,kaspa:qypvuuedsr43c9txedvmdwxgcxh35m4narjxz7f74a5c86tnj5734wq5mxm5kgf,500000000000,
2c11b749523dd0347a96e098b7d39b392032a7f8b15b8d844ac14bb04f55c3cf,2023-11-09T13:02:45.584000,sent,kaspa:qp6zx3tum9vfpl6zp9gcex9y08gzgxvc2r66eqhu2uqptd6zn4w7g4xdktkv5,9295790000,
2c11b749523dd0347a96e098b7d39b392032a7f8b15b8d844ac14bb04f55c3cf,2023-11-09T13:02:45.584000,sent,kaspa:qypvuuedsr43c9txedvmdwxgcxh35m4narjxz7f74a5c86tnj5734wq5mxm5kgf,500000000000,
2c11b749523dd0347a96e098b7d39b392032a7f8b15b8d844ac14bb04f55c3cf,2023-11-09T13:02:45.584000,sent,kaspa:qp6zx3tum9vfpl6zp9gcex9y08gzgxvc2r66eqhu2uqptd6zn4w7g4xdktkv5,9295790000,
72093bff751d8be7257f90e2e24e4e063743e6e08018d823e2c4e65c38552ada,2023-11-09T13:00:10.494000,received,kaspa:qrvum29vk365g0zcd5gx3c7h829etfq2ytdmscjzw4zw04fjfnprcg9c3tges,230578091000,
ff6d86e649dd5dfc8709de0e21462680c93f4d63c54494fdc8bd2ae884836be3,2023-11-09T06:39:33.182000,received,kaspa:qrvum29vk365g0zcd5gx3c7h829etfq2ytdmscjzw4zw04fjfnprcg9c3tges,161821916000,
43393e6ec313e8c4449a5586ecadcf83a2449393b2fb27f3decd50c843a145e6,2023-11-08T14:11:45.184000,sent,kaspa:qp56gcda0egwl0s32seame7smtsntcm6q45fttwt3u5xvvrajxgxqhr0upc00,190000000000,
43393e6ec313e8c4449a5586ecadcf83a2449393b2fb27f3decd50c843a145e6,2023-11-08T14:11:45.184000,sent,kaspa:qp5qm9lw75q797tnpfj66xf7c3wenzfplag22p0jrck5jn3mhps854nj9gfrs,41114780000,
c811addc739d37ccdab7b8282f37f7bd414592ae6f33b16134885e0a51d87ffe,2023-11-08T09:38:03.140000,sent,kaspa:qp56gcda0egwl0s32seame7smtsntcm6q45fttwt3u5xvvrajxgxqhr0upc00,150000000000,
c811addc739d37ccdab7b8282f37f7bd414592ae6f33b16134885e0a51d87ffe,2023-11-08T09:38:03.140000,sent,kaspa:qrpfhqpdx9a4vr3rutuw8a7rsmyqklu33llpy6zvcu7uqulsvss5vshvhha4p,343470990000,
ac79f7e55c0f3c1a3d18f291fc1695219989e6ba57d7f90e2751a1a70c02ec79,2023-11-08T06:20:07.264000,received,kaspa:qqetp7ct8kqss99fxmymyz5t3fezppxp0t58wl6pawp27elqd46uudme00cl0,493471000000,
70bdb47620f23f5baf76971532c64b1aeac5d66375cb9617ffa68dd628a04fdf,2023-11-07T07:57:03.093000,received,kaspa:qqetp7ct8kqss99fxmymyz5t3fezppxp0t58wl6pawp27elqd46uudme00cl0,150811000000,
ade75ae7309a18e8b30978e6bb2a0f9b6ac9542bc337a2852dbc349064b8535e,2023-11-06T08:01:48.979000,sent,kaspa:qp56gcda0egwl0s32seame7smtsntcm6q45fttwt3u5xvvrajxgxqhr0upc00,100000000000,
ade75ae7309a18e8b30978e6bb2a0f9b6ac9542bc337a2852dbc349064b8535e,2023-11-06T08:01:48.979000,sent,kaspa:qpn0l8sf2aw6svpemz60t7ear4duza4g2dfd66trglmw2lph3v30jt3gpd7fy,101739948000,
b07248eaa8a17df1578a9dff9e8e55217d1c2a74068d316493cc82c4906cde50,2023-11-06T07:47:16.610000,received,kaspa:qrvum29vk365g0zcd5gx3c7h829etfq2ytdmscjzw4zw04fjfnprcg9c3tges,201739958000,
e48a1cfa4f7f9df22e3d167b54170f24cc2530981692593164f23dc438b1ddb3,2023-11-06T07:06:39.570000,sent,kaspa:qp56gcda0egwl0s32seame7smtsntcm6q45fttwt3u5xvvrajxgxqhr0upc00,19300000000,
e48a1cfa4f7f9df22e3d167b54170f24cc2530981692593164f23dc438b1ddb3,2023-11-06T07:06:39.570000,sent,kaspa:qq9zqugek35mae6n0kdss6ur7ffmpgy7xwgqh0pt3mel0c6atu4hc0zkfzdcc,150068704432,
9f2b638616c135443fd48b04dcd70ac19ae34e8a7ddd8a331cc9fb3bb7c53280,2023-11-06T04:35:04.217000,received,kaspa:qqetp7ct8kqss99fxmymyz5t3fezppxp0t58wl6pawp27elqd46uudme00cl0,169368714432,
75ab5964d3eb2a1be6f21fb1daa90a201f81fa4895d248f4ed9a85f066d5e6a6,2023-11-05T11:28:47.283000,sent,kaspa:qypvuuedsr43c9txedvmdwxgcxh35m4narjxz7f74a5c86tnj5734wq5mxm5kgf,1000000000000,
75ab5964d3eb2a1be6f21fb1daa90a201f81fa4895d248f4ed9a85f066d5e6a6,2023-11-05T11:28:47.283000,sent,kaspa:qzu9uhdjh5l74gsqxypup063yultl6gpmx44hvflx2g0ewcdpmtducxunrarq,146435940000,
75ab5964d3eb2a1be6f21fb1daa90a201f81fa4895d248f4ed9a85f066d5e6a6,2023-11-05T11:28:47.283000,sent,kaspa:qypvuuedsr43c9txedvmdwxgcxh35m4narjxz7f74a5c86tnj5734wq5mxm5kgf,1000000000000,
75ab5964d3eb2a1be6f21fb1daa90a201f81fa4895d248f4ed9a85f066d5e6a6,2023-11-05T11:28:47.283000,sent,kaspa:qzu9uhdjh5l74gsqxypup063yultl6gpmx44hvflx2g0ewcdpmtducxunrarq,146435940000,
5d3aee6050804d89507e566ed6b9ea6716cd9be98c058592b6a5e5fe5991f15d,2023-11-05T09:46:05.742000,received,kaspa:qqetp7ct8kqss99fxmymyz5t3fezppxp0t58wl6pawp27elqd46uudme00cl0,149346000000,
cae815d24fe1cb237731bf7e70c0dac2d5e384fbec4c8ffe32819914f279481c,2023-11-05T08:56:07.619000,received,kaspa:qqetp7ct8kqss99fxmymyz5t3fezppxp0t58wl6pawp27elqd46uudme00cl0,497000000000,
ccdcd854f223d86aac37cb24f3bb8ae56dbe3b3574361d1f242f56fed9126fc3,2023-11-05T05:15:20.014000,sent,kaspa:qqefl6nnec9kvnpulqlwt8vljk6vnw869nym8fm0jlk8myxa4xtjym2rx30jr,496900000000,
ccdcd854f223d86aac37cb24f3bb8ae56dbe3b3574361d1f242f56fed9126fc3,2023-11-05T05:15:20.014000,sent,kaspa:qqql97ger2t2mrkwj9qs6ktjx267l9a3hkkw6a8wdzlt3rr7hqzawkwagtu6y,1000089990000,
9844ffe864e4caf57d9acf7a0ab51e1e73da36d02583f5212a6cbbdb7de7b9cc,2023-11-04T18:56:29.904000,received,kaspa:qppr7q4mykgfw4s37lh4z7pqa6x5a5aya9g0ku4dvyk4rttf2smrxk4680npn,1496990000000,
