tx_id,timestamp,direction,peer_address,amount_sompi,cex_label
b4dcf02bb143bc2dea92cf513821ab5f1cc5212e0879adc8c40416544f66c435,2024-02-17T20:52:57.786000,sent,kaspa:qqyrl8sham25c7pvdxlzw5ev4lrfm80k8deymkwrz4kta0w5mma0g67pnq3f2,172980000,
b4dcf02bb143bc2dea92cf513821ab5f1cc5212e0879adc8c40416544f66c435,2024-02-17T20:52:57.786000,sent,kaspa:qqyrl8sham25c7pvdxlzw5ev4lrfm80k8deymkwrz4kta0w5mma0g67pnq3f2,172980000,
618958f48fbb5ecbfe1aba007a8e218e8782f51753896fb3bc19cca347609dfb,2023-12-12T22:14:45.328000,received,kaspa:qypswxtcrv4ssyjaswy5w9387vq73mkuyq85tl34cee6qn5uexqy0csgnafnjx7,171000000,
9747d2116566c24f39befe31ad1c1838c092a92edfb68b88f13303e54a5f51ff,2023-11-29T13:51:18.790000,sent,kaspa:qypmmkjc558vj3kxtulzpg4hl98fa7sytj4eue55k0cssjrc7ytzfmg9526ndnw,18000000,
076d8d10453b9d0c3a8ef371942e986751154b1157360d2c4ce87e38b5cc33e1,2023-11-27T12:43:46.501000,received,kaspa:qyp0m9genxg0q72e6ejem4nhu6nv8mya886g76ays3s8q9499nnj0dc0wepjlw5,20000000,
