tx_id,timestamp,direction,peer_address,amount_sompi,cex_label
db2950a8a279c64eca208738afa093811358acb726dbac094d2b58a1c950f82c,2023-12-16T04:14:34.196000,sent,kaspa:qzslgwenzu78t6tldlng383g7ruu4enaljmnkgaulyrscjp7ldt26x8gfxck5,171940000,
db2950a8a279c64eca208738afa093811358acb726dbac094d2b58a1c950f82c,2023-12-16T04:14:34.196000,sent,kaspa:qzslgwenzu78t6tldlng383g7ruu4enaljmnkgaulyrscjp7ldt26x8gfxck5,171940000,
1d8a0db700e8f1991146211838bdc169dc319e1bc034be9d8c8983b7fb7c2aea,2023-12-12T10:13:13.527000,received,kaspa:qypswxtcrv4ssyjaswy5w9387vq73mkuyq85tl34cee6qn5uexqy0csgnafnjx7,171000000,
fbe72f468ecab451800f641b8c28dd907ca6b85b3e0811c66ba7ebfc86078acb,2023-11-28T14:25:08.577000,sent,kaspa:qyp3da3e2x9fdfjfm97gvmw62a25tuq5pp65vvner48jppqr49nehug08l0czec,18000000,
3ebc8896d04588de71462285de9c79fd1b0687a6c007927e44cfcac76856c781,2023-11-27T17:51:54.281000,received,kaspa:qqxrda0n7wx2zyhkxu2gx3hc5mraf7l7h90szkz8vrs4sa9cf0hvc6ysg6shy,19000000,
