tx_id,timestamp,direction,peer_address,amount_sompi,cex_label
55f3fb2056ff38f9a21968df13a4da1198eda3780838506eb0412fc8aa210c50,2023-12-13T16:03:26.925000,sent,kaspa:qr07nqmmdpwj3lpwacw40dktrzrqekt6ph7fh6n27xytk9v9zlw8ze60jm2mn,171070000,
55f3fb2056ff38f9a21968df13a4da1198eda3780838506eb0412fc8aa210c50,2023-12-13T16:03:26.925000,sent,kaspa:qr07nqmmdpwj3lpwacw40dktrzrqekt6ph7fh6n27xytk9v9zlw8ze60jm2mn,171070000,
4434ad858dc1126cce6b4e51b3279342f204fa1d49dfca3c9ca5da1c32f11767,2023-12-12T21:25:32.190000,received,kaspa:qypswxtcrv4ssyjaswy5w9387vq73mkuyq85tl34cee6qn5uexqy0csgnafnjx7,171000000,
a66a14d3c2f3a2746291c34c008ed008002437b4b0b065500002444846ad8e0d,2023-11-29T12:50:21.177000,sent,kaspa:qyprrydywnpj7uvuture42j3qa3ds8vsf9awwp7dsjsj70znufdpr7q9v5ed9m2,18000000,
e9ec751d8019e302ccb79020d4126589fea172f2aca0ce1d19a8155ae15f33b8,2023-11-29T12:34:32.638000,received,kaspa:qzu05xzm42mywg5p2mgyp77hjahcs6u05d0g2c5dap6z386mx6l7jkt5wetqc,18100000,
