tx_id,timestamp,direction,peer_address,amount_sompi,cex_label
cf88b2eea1bdbfd7b9707ce79d41f37e1441fe3ffc82ce39567c8812186fd4a0,2023-12-16T04:22:43.130000,sent,kaspa:qzslgwenzu78t6tldlng383g7ruu4enaljmnkgaulyrscjp7ldt26x8gfxck5,171940000,
cf88b2eea1bdbfd7b9707ce79d41f37e1441fe3ffc82ce39567c8812186fd4a0,2023-12-16T04:22:43.130000,sent,kaspa:qzslgwenzu78t6tldlng383g7ruu4enaljmnkgaulyrscjp7ldt26x8gfxck5,171940000,
ac00550a8794edeeeb9a58af1a284817363bb2ae6ad15c14e5718ce6efdb16bf,2023-12-12T16:27:13.958000,received,kaspa:qypswxtcrv4ssyjaswy5w9387vq73mkuyq85tl34cee6qn5uexqy0csgnafnjx7,171000000,
57af9e83c79d6910c1bd8cd7ec469b52adcd6fac4f19a8c8efaebc6b0f2c340e,2023-11-29T04:08:29.570000,sent,kaspa:qypfc5t64c8m58zgvd2lx7h8klv9np5cklrn5apj2yrajzx2meygumqdfx3aqc2,18000000,
3226121b9d17b73721327a178832d64b5ccc2748a0ae8697038140f2429a3ecf,2023-11-29T00:02:31.557000,received,kaspa:qp8a2fcu2cxaltk6t2uh0m0pgx8jxydj5wsd66gept78s8x68n98qdvhh8tzp,19000000,
