tx_id,timestamp,direction,peer_address,amount_sompi,cex_label
77b7cb19a7f4262b06c1a3c1b151014e81e29f9a627f22719de36182a4a07c07,2023-12-16T04:03:50.405000,sent,kaspa:qzslgwenzu78t6tldlng383g7ruu4enaljmnkgaulyrscjp7ldt26x8gfxck5,171940000,
77b7cb19a7f4262b06c1a3c1b151014e81e29f9a627f22719de36182a4a07c07,2023-12-16T04:03:50.405000,sent,kaspa:qzslgwenzu78t6tldlng383g7ruu4enaljmnkgaulyrscjp7ldt26x8gfxck5,171940000,
fa955fa28effeaf8d5606352a2cc4bc0bbd4ba041a2f6c2b191bb6f56ddae615,2023-12-12T05:54:18.725000,received,kaspa:qypswxtcrv4ssyjaswy5w9387vq73mkuyq85tl34cee6qn5uexqy0csgnafnjx7,171000000,
74f42dc834c8997d6738645046b60f13f0423a95cdb4fc1b48d4cc892779cbc0,2023-11-28T06:15:35.566000,sent,kaspa:qypuewwrwmr8uw38382jgekmymnplkekul9qpehcrcy5pye32s2p5wseugxfv7p,18000000,
38cf916b1a5076d4ed198682081da9a9d999028ca3d88817c2605491e275648a,2023-11-27T21:07:38.632000,received,kaspa:qrerktaw3l37q6drjk6ewjuxcrey6tfhg36taj8h6mrykk9l05ssgnzsyujfs,19000000,
