tx_id,timestamp,direction,peer_address,amount_sompi,cex_label
a0c7c029f7914cee9046ad08d7cfefa5d5a85d0ab1f3b1cbf350d8626b80cb33,2024-10-18T09:28:27.517000,sent,kaspa:qrswalc7ex3eejzataqxh33vku8zecppmcw7m4yjmdkkl9gfxhtmu97hws6ms,10000000000000,
a0c7c029f7914cee9046ad08d7cfefa5d5a85d0ab1f3b1cbf350d8626b80cb33,2024-10-18T09:28:27.517000,sent,kaspa:qzth4klsxrylgpkmmhvuaqxu285la8fjndev37qt89ltru4x2f8pv0tzemcfv,15002047149900,
d6922fc8118fd501202f61773f3de07dc85b9ee9e314e419d3d04db2334e1769,2024-10-18T00:31:26.961000,received,kaspa:qrhl0rsfdguag34dw4a9w7ulu2rmzl6amuev472rp4x5ut7rm95fkd6r5kp34,25002047159900,
d6922fc8118fd501202f61773f3de07dc85b9ee9e314e419d3d04db2334e1769,2024-10-18T00:31:26.961000,received,kaspa:qru7prwsr7pnljdcwje6exv920st5v0u4e6drq7qljypww7xmm7vwte7v7358,25002047159900,
