tx_id,timestamp,direction,peer_address,amount_sompi,cex_label
d2c32e4f051951f4ffe2982800f0f478ed33270bf62a3fc25711073855771c55,2023-12-16T04:04:39.622000,sent,kaspa:qzslgwenzu78t6tldlng383g7ruu4enaljmnkgaulyrscjp7ldt26x8gfxck5,171940000,
d2c32e4f051951f4ffe2982800f0f478ed33270bf62a3fc25711073855771c55,2023-12-16T04:04:39.622000,sent,kaspa:qzslgwenzu78t6tldlng383g7ruu4enaljmnkgaulyrscjp7ldt26x8gfxck5,171940000,
3fe5f96513d02f26a38ebe4d94e5d29e7ee05e262a8eae493673ac151a53e828,2023-12-12T16:17:14.384000,received,kaspa:qypswxtcrv4ssyjaswy5w9387vq73mkuyq85tl34cee6qn5uexqy0csgnafnjx7,171000000,
79375c30f5f08b20703ac5e91bf00baaedd4687c294636739379f1e8d0e2e90e,2023-11-29T03:47:11.640000,sent,kaspa:qypu340zf7anafvn68txr64gvykjy45wa04vlrq3apj6f6l0nlsrc8qs7eh30l5,18000000,
85adb36b0c0f72836b77e15026778318ab3ee509b927cb7584eae9193d5f6f85,2023-11-29T01:22:37.986000,received,kaspa:qplkgm8nea7xm5wdv8ujpvd0je0jkcnuxreplzspf0mlft8htzcvkux0u4u94,19000000,
