tx_id,timestamp,direction,peer_address,amount_sompi,cex_label
e93a62403203908b70bd3a77c1a83508d29091919285a4fd954e5e748c23d438,2024-03-13T21:18:22.923000,sent,kaspa:qzsghkz9cujmy2exgt6m2sdqv43hfwzwgtkn33vf5q8xtfmkhegl2aj84h3vc,181000000000,
3f2cfd3804c2efe9a221c9e33add7f123b713fce3f76d4e434630144c7497ada,2024-03-13T21:16:09.884000,received,kaspa:qq9zagcza4jt76eev9jl5z0nqhe0thcu7js8larktj4sle7lvgnw7sfcewlty,182138653971,
3f2cfd3804c2efe9a221c9e33add7f123b713fce3f76d4e434630144c7497ada,2024-03-13T21:16:09.884000,received,kaspa:qq9zagcza4jt76eev9jl5z0nqhe0thcu7js8larktj4sle7lvgnw7sfcewlty,182138653971,
3f2cfd3804c2efe9a221c9e33add7f123b713fce3f76d4e434630144c7497ada,2024-03-13T21:16:09.884000,received,kaspa:qq9zagcza4jt76eev9jl5z0nqhe0thcu7js8larktj4sle7lvgnw7sfcewlty,182138653971,
3f2cfd3804c2efe9a221c9e33add7f123b713fce3f76d4e434630144c7497ada,2024-03-13T21:16:09.884000,received,kaspa:qq9zagcza4jt76eev9jl5z0nqhe0thcu7js8larktj4sle7lvgnw7sfcewlty,182138653971,
3f2cfd3804c2efe9a221c9e33add7f123b713fce3f76d4e434630144c7497ada,2024-03-13T21:16:09.884000,received,kaspa:qq9zagcza4jt76eev9jl5z0nqhe0thcu7js8larktj4sle7lvgnw7sfcewlty,182138653971,
3f2cfd3804c2efe9a221c9e33add7f123b713fce3f76d4e434630144c7497ada,2024-03-13T21:16:09.884000,received,kaspa:qq9zagcza4jt76eev9jl5z0nqhe0thcu7js8larktj4sle7lvgnw7sfcewlty,182138653971,
3f2cfd3804c2efe9a221c9e33add7f123b713fce3f76d4e434630144c7497ada,2024-03-13T21:16:09.884000,received,kaspa:qq9zagcza4jt76eev9jl5z0nqhe0thcu7js8larktj4sle7lvgnw7sfcewlty,182138653971,
