tx_id,timestamp,direction,peer_address,amount_sompi,cex_label
50b9a9c9e8b3753c49d41854c7d6966b2a4aed1b3da709899066ee4691a7647e,2023-12-16T04:12:04.145000,sent,kaspa:qzslgwenzu78t6tldlng383g7ruu4enaljmnkgaulyrscjp7ldt26x8gfxck5,171940000,
50b9a9c9e8b3753c49d41854c7d6966b2a4aed1b3da709899066ee4691a7647e,2023-12-16T04:12:04.145000,sent,kaspa:qzslgwenzu78t6tldlng383g7ruu4enaljmnkgaulyrscjp7ldt26x8gfxck5,171940000,
a1c5928ffb2fd9701a70097ae8c0047ec72bc39cb0d1d925c380984cb3c90306,2023-12-12T08:46:10.544000,received,kaspa:qypswxtcrv4ssyjaswy5w9387vq73mkuyq85tl34cee6qn5uexqy0csgnafnjx7,171000000,
dc9e3e26306ab464f08369d70e290029c84953f288acce3a5a73773e6066b257,2023-11-28T11:36:38.842000,sent,kaspa:qypp0sunfdvutj56dw0yl24ruq649lj0mftl9gtgmuuweahfju64n7qsnux59pp,18000000,
39ee6a6f2ec1eab718afa98c2fb33e7892edc689a8ec55b8d449c732046d9c83,2023-11-27T12:11:42.899000,received,kaspa:qquy3yd8p5pyt7k26pw0lnwz24nyjjsgjr8nncg8q7vv7fk5c6jdz4pssl025,19000000,
