tx_id,timestamp,direction,peer_address,amount_sompi,cex_label
a13dc2e7fc6de3a77391e66a81c5d80121faefa7a3a373f6881e07f0267f1ec8,2023-12-16T04:21:51.236000,sent,kaspa:qzslgwenzu78t6tldlng383g7ruu4enaljmnkgaulyrscjp7ldt26x8gfxck5,171940000,
a13dc2e7fc6de3a77391e66a81c5d80121faefa7a3a373f6881e07f0267f1ec8,2023-12-16T04:21:51.236000,sent,kaspa:qzslgwenzu78t6tldlng383g7ruu4enaljmnkgaulyrscjp7ldt26x8gfxck5,171940000,
5c52423a629cd645f5ad14db23b3525fa1294fe3f9071ffb486a2c91f53da0e7,2023-12-12T18:36:06.761000,received,kaspa:qypswxtcrv4ssyjaswy5w9387vq73mkuyq85tl34cee6qn5uexqy0csgnafnjx7,171000000,
cf7cda05650aa4e3362c1515427b307f579a388f1e0a2c8c901c5ce9b52d989e,2023-11-29T07:39:51.123000,sent,kaspa:qyp7rr63hl3qz6c3zj8225q7alu9rkfa08ls9pzxawewsc80dwxmxwsqlrfza0f,18000000,
886de0fb0fb2c3a16433f4cf0bed0e4c45aa784f67d18b89aa0d4bad4ac98338,2023-11-28T20:27:45.524000,received,kaspa:qrqxzdquf8znzr6hc0nscqgf377fps4pncal6r8a7wthkmmkz845wgu57tavk,19000000,
