tx_id,timestamp,direction,peer_address,amount_sompi,cex_label
601bac27ec3dfdbcec48c57da5aea2d85877100ef7c1ec9b73b9fe40a6b93cd2,2023-05-17T09:12:12.134000,sent,kaspa:qznvtcjl2vnvxanp75mk2gwj4kvmd3q8hllu8y99jm5px4zt7v8g5qf05f366,2602000000000,
601bac27ec3dfdbcec48c57da5aea2d85877100ef7c1ec9b73b9fe40a6b93cd2,2023-05-17T09:12:12.134000,sent,kaspa:qrpclcvha46m5wdqlnamuzczylq0tfddd5dapg5lrrlajp4wf2cw6m6wzgpwf,600368681,
f3af922133b6e021a9d90a276f51ca60422ec020ca48d2221ccc608a5bf644c4,2023-05-17T09:10:54.122000,received,kaspa:qpd83c4p05q9l4tvv9unzaz9ntvvq8n2rsmenfq7k7vty6vky27mucq0fejur,233983557861,
f3af922133b6e021a9d90a276f51ca60422ec020ca48d2221ccc608a5bf644c4,2023-05-17T09:10:54.122000,received,kaspa:qrtn3422kj6y3snm5n630kyxyw8r07d3jel0y4e2zqlxr6h389kwyg9p3rcul,233983557861,
f3af922133b6e021a9d90a276f51ca60422ec020ca48d2221ccc608a5bf644c4,2023-05-17T09:10:54.122000,received,kaspa:qqq2zmhm3dun73g6zr6sdnrzmsujagdf99ev2msr6ju6c5kvqlcx78aylhfed,233983557861,
f3af922133b6e021a9d90a276f51ca60422ec020ca48d2221ccc608a5bf644c4,2023-05-17T09:10:54.122000,received,kaspa:qqq2zmhm3dun73g6zr6sdnrzmsujagdf99ev2msr6ju6c5kvqlcx78aylhfed,233983557861,
f3af922133b6e021a9d90a276f51ca60422ec020ca48d2221ccc608a5bf644c4,2023-05-17T09:10:54.122000,received,kaspa:qqq2zmhm3dun73g6zr6sdnrzmsujagdf99ev2msr6ju6c5kvqlcx78aylhfed,233983557861,
