tx_id,timestamp,direction,peer_address,amount_sompi,cex_label
2530a5cc3c985b6d6db4e29af9f8d339b48f026a749885290777ffe571c1e54e,2023-12-16T04:23:36.409000,sent,kaspa:qzslgwenzu78t6tldlng383g7ruu4enaljmnkgaulyrscjp7ldt26x8gfxck5,171940000,
2530a5cc3c985b6d6db4e29af9f8d339b48f026a749885290777ffe571c1e54e,2023-12-16T04:23:36.409000,sent,kaspa:qzslgwenzu78t6tldlng383g7ruu4enaljmnkgaulyrscjp7ldt26x8gfxck5,171940000,
d47c03a154fb5bb196c75ddcb5b4be041021ffff17d59e543deeb4329fdb10d7,2023-12-12T11:46:35.035000,received,kaspa:qypswxtcrv4ssyjaswy5w9387vq73mkuyq85tl34cee6qn5uexqy0csgnafnjx7,171000000,
91c571e9bbcb0d90fba1d1b44f43dd76af121a2c8390bc25c151b4a2d0e92c91,2023-11-28T16:15:36.156000,sent,kaspa:qyp7chejcak58fjlg6srymxl8mdc2dznds4ukg3x929mv6lgufpceng0zv2vmez,18000000,
fd680e2ba329e9a491934dcc77c5232b3062bbc4913956d0d8caeb7219d2ff86,2023-11-27T16:10:37.848000,received,kaspa:qr5fd84m2hrt4lkqt6s5gjc2lwlsve5vd4eqyvtz3uagvau68w5d2zkljale4,19000000,
