tx_id,timestamp,direction,peer_address,amount_sompi,cex_label
6f8e9a8d8d0bedf92e819ac3e6f08d2fe23cc463fd23e65e11aa565482fd58dd,2023-12-16T03:18:31.056000,sent,kaspa:qzslgwenzu78t6tldlng383g7ruu4enaljmnkgaulyrscjp7ldt26x8gfxck5,171940000,
6f8e9a8d8d0bedf92e819ac3e6f08d2fe23cc463fd23e65e11aa565482fd58dd,2023-12-16T03:18:31.056000,sent,kaspa:qzslgwenzu78t6tldlng383g7ruu4enaljmnkgaulyrscjp7ldt26x8gfxck5,171940000,
6c142352dd1ff3e8bfeb785da32bb7b085b732f11b5555e9e1dd12d3c5a3afe2,2023-12-12T02:34:23.500000,received,kaspa:qypswxtcrv4ssyjaswy5w9387vq73mkuyq85tl34cee6qn5uexqy0csgnafnjx7,171000000,
921df3b621df6226bf273e2a270f5a1c44506d7bb8edff43aa6a0b8e0b909255,2023-11-28T00:36:29.494000,sent,kaspa:qypwp493xh6ur0qfmmj6u97nj6x6r47q8vfpc0rxcgv7g0dlyt5m3dgc3w5zrg4,18000000,
1d2e695f714eeb0ba05b3fcbcd9c9bf4b535a0e7c30051a81f7f4efbe5514c88,2023-11-27T17:24:13.091000,received,kaspa:qzgjznhauul6ynlssnt804gj3g8z0yyenwf9jya9cmjfmlseg3h76gy5urjdy,19000000,
