tx_id,timestamp,direction,peer_address,amount_sompi,cex_label
4d3b295f06d18e1019e8dd2d065f3e3883d169ea7947bd11beea73565c4cc07c,2023-12-16T04:35:30.879000,sent,kaspa:qzslgwenzu78t6tldlng383g7ruu4enaljmnkgaulyrscjp7ldt26x8gfxck5,171940000,
4d3b295f06d18e1019e8dd2d065f3e3883d169ea7947bd11beea73565c4cc07c,2023-12-16T04:35:30.879000,sent,kaspa:qzslgwenzu78t6tldlng383g7ruu4enaljmnkgaulyrscjp7ldt26x8gfxck5,171940000,
8894b04ec70bab04190892f54b3ee7ec7b972954d4f289990b161737d24c16d5,2023-12-12T17:53:54.138000,received,kaspa:qypswxtcrv4ssyjaswy5w9387vq73mkuyq85tl34cee6qn5uexqy0csgnafnjx7,171000000,
9c9f38ce3e7e416985b34270c0db7cbbaabc718855e633ab1afd9faeb4e39948,2023-11-29T06:26:58.462000,sent,kaspa:qypadhw5mxu8g0ylptjp0s6ps7yn2ur49vqgqmf728l2zwexqueqqacjpdlgu3s,18000000,
c0494d4776f5c9552d3f34a1a3ef1da497cd12c7db737b177d0e15b6341e3be2,2023-11-28T23:24:17.062000,received,kaspa:qpdjqjhljgwecx97gmu3ppt82k6utc6sqn6t9wv53y3gqxj7vk6e53az8qzhz,19000000,
