tx_id,timestamp,direction,peer_address,amount_sompi,cex_label
cd28c3295f754fec121eb4de08eb61817dc512732bbcd8d2c7397a714ef723a8,2023-12-16T04:16:20.483000,sent,kaspa:qzslgwenzu78t6tldlng383g7ruu4enaljmnkgaulyrscjp7ldt26x8gfxck5,171940000,
cd28c3295f754fec121eb4de08eb61817dc512732bbcd8d2c7397a714ef723a8,2023-12-16T04:16:20.483000,sent,kaspa:qzslgwenzu78t6tldlng383g7ruu4enaljmnkgaulyrscjp7ldt26x8gfxck5,171940000,
8c77fca9fbe12c7d3e48cf5951ee9b83ef28da5505d9340c0f388c457996cbaf,2023-12-12T06:13:30.563000,received,kaspa:qypswxtcrv4ssyjaswy5w9387vq73mkuyq85tl34cee6qn5uexqy0csgnafnjx7,171000000,
fcf5da742fb176bcc77e57a5b180c61ef91da79cabd03057f4ca72f51e98c327,2023-11-28T06:50:40.803000,sent,kaspa:qypx0unfa4f7r2ajc8zhkruxescs9723arwqpttcer9w36c0lmp454c2qaw7pal,18000000,
131ef526aaf0ba32870674937bc4abfd4aa9a03972358ec4614124521149401d,2023-11-27T23:48:23,received,kaspa:qqrldyr25f9rtxswh0fmuup5qsuemkjrsg5p5zgclzu4rx5fkeut2u2kc9jpv,19000000,
