tx_id,timestamp,direction,peer_address,amount_sompi,cex_label
7b16476ffe75cf6e7b969b21c788f692b20743aae58e8255689bb631a5d10711,2023-11-15T15:00:50.750000,sent,kaspa:qqwvnkp47wsj6n4hkdlgj8dsauyx0xvefunnwvvsmpq2udd0ka8ckmpuqw3k5,999046030597,
fd6f0d45d232515b05f2ab16f5d1862dc3f117ac42cb982625a9e36d72f62653,2023-09-29T18:34:22.424000,sent,kaspa:qqwvnkp47wsj6n4hkdlgj8dsauyx0xvefunnwvvsmpq2udd0ka8ckmpuqw3k5,267780269403,
86c4a905bcb0edd0596ef9e9bd4b609b2e45c88119fff4cdf09bcc27a541a036,2023-09-29T18:29:07.638000,sent,kaspa:qypm2vay822gu5zjmteaxh8069jz8xasvszx7a0qxsrzcfw6c9y442s98dkewj9,2246700000000,
4de1fc176fffe95ea75c06e53e0af6d373c609a35a65c7173796de7f7b07abf4,2023-09-29T18:25:08.542000,sent,kaspa:qypm2vay822gu5zjmteaxh8069jz8xasvszx7a0qxsrzcfw6c9y442s98dkewj9,1000000000000,
34dc0653b46f03c265974f51bc6abad956e9d330d529cef5ee6494dcc672a406,2023-09-29T18:22:14.208000,sent,kaspa:qypm2vay822gu5zjmteaxh8069jz8xasvszx7a0qxsrzcfw6c9y442s98dkewj9,153300000000,
44276f4188686e3c32edb39fffbd84d853dee9756fa8de4a7aa42fe90d69b842,2023-09-19T18:02:53.283000,sent,kaspa:qypm2vay822gu5zjmteaxh8069jz8xasvszx7a0qxsrzcfw6c9y442s98dkewj9,59100000000,
bb6fb87d4aa18be8969735ca2afa2342a7f055115452aa12a8a31de657afe525,2023-06-19T11:29:32.093000,received,kaspa:qrjpzrqq5qnpu3fl82a8ut2gyt99pc72r4kjwxzc5hq43nvv57dkj4wt45rk6,4725926900000,
bb6fb87d4aa18be8969735ca2afa2342a7f055115452aa12a8a31de657afe525,2023-06-19T11:29:32.093000,received,kaspa:qrjpzrqq5qnpu3fl82a8ut2gyt99pc72r4kjwxzc5hq43nvv57dkj4wt45rk6,4725926900000,
bb6fb87d4aa18be8969735ca2afa2342a7f055115452aa12a8a31de657afe525,2023-06-19T11:29:32.093000,received,kaspa:qrjpzrqq5qnpu3fl82a8ut2gyt99pc72r4kjwxzc5hq43nvv57dkj4wt45rk6,4725926900000,
bb6fb87d4aa18be8969735ca2afa2342a7f055115452aa12a8a31de657afe525,2023-06-19T11:29:32.093000,received,kaspa:qrjpzrqq5qnpu3fl82a8ut2gyt99pc72r4kjwxzc5hq43nvv57dkj4wt45rk6,4725926900000,
bb6fb87d4aa18be8969735ca2afa2342a7f055115452aa12a8a31de657afe525,2023-06-19T11:29:32.093000,received,kaspa:qrjpzrqq5qnpu3fl82a8ut2gyt99pc72r4kjwxzc5hq43nvv57dkj4wt45rk6,4725926900000,
