tx_id,timestamp,direction,peer_address,amount_sompi,cex_label
fd28ea6468877d005a09879cdad3efcf29c486ba34d6b88c21852752f234c6c3,2024-01-20T21:54:23.263000,sent,kaspa:qqnqv3rvnctfyrjteurqm0gmqfu7yjg3949yxpyxxfa4rgm9nt2zxauwq8xvs,800000000000,
fd28ea6468877d005a09879cdad3efcf29c486ba34d6b88c21852752f234c6c3,2024-01-20T21:54:23.263000,sent,kaspa:qz4ywyx4v6k4utlvx8c3ff805mj5tsn8yy0kzt947fhzdwuu89gj5kxua8p0v,4122681734765,
74f91b5a58d706c0113e29143375bd72371788a5a3993b7b1846b5fcefc0a53b,2024-01-19T20:18:38.551000,received,kaspa:qqdkpa948fr0ssf42qtzyr0sphj8sceua2qy2up9t8kx94affy9u6g5njpwrq,4922681736834,
74f91b5a58d706c0113e29143375bd72371788a5a3993b7b1846b5fcefc0a53b,2024-01-19T20:18:38.551000,received,kaspa:qqmdrrlznz7cgax9jvefm4g4fwtsnnz8r96574qduyjakmyd5rtgc3a4rx0qr,4922681736834,
