tx_id,timestamp,direction,peer_address,amount_sompi,cex_label
501a3f1a0685b164c4227d649bfe8fe085edbb38ead93f53497a1319e0aa345c,2023-12-16T03:12:54.042000,sent,kaspa:qzslgwenzu78t6tldlng383g7ruu4enaljmnkgaulyrscjp7ldt26x8gfxck5,171940000,
501a3f1a0685b164c4227d649bfe8fe085edbb38ead93f53497a1319e0aa345c,2023-12-16T03:12:54.042000,sent,kaspa:qzslgwenzu78t6tldlng383g7ruu4enaljmnkgaulyrscjp7ldt26x8gfxck5,171940000,
ea545634ce542baeb7770cff0faf56d9b226b0668b632120c47daf36b50eb3e9,2023-12-12T02:37:39.037000,received,kaspa:qypswxtcrv4ssyjaswy5w9387vq73mkuyq85tl34cee6qn5uexqy0csgnafnjx7,171000000,
b9bc0d36c1a044d805defa3d024ca36a5628035a058c1300ad0eee1738c5af48,2023-11-28T00:36:43.258000,sent,kaspa:qypv5tsfz2820464ekdx9fgwtwwwqgywht797kw8zte8qlr5pf4nq3gspcqrhpg,18000000,
ed74011a5da3d97e39f98559477337fa98d4677fbcb540f1f1cc2348011bfffb,2023-11-27T16:59:18.220000,received,kaspa:qrvhmu7g3ykxqglvqnr3nqx22rs6fq2dz3mf5n25qlwz5ytpksv3q4lju593m,19000000,
