tx_id,timestamp,direction,peer_address,amount_sompi,cex_label
70415756394e19e2e3c66c9c7b9b4f019ae0c11c3a6757f9993025765fbc9fec,2024-10-28T02:31:25.489000,sent,kaspa:qzun5ehk3l74nzerc0h8h97uzkjmfksgwvkxlvkex9vezrrv2e70yxal3xgq3,13473000151,
70415756394e19e2e3c66c9c7b9b4f019ae0c11c3a6757f9993025765fbc9fec,2024-10-28T02:31:25.489000,sent,kaspa:qrfnrqplytfm0xmj0peunm5hta90d7lxv3rhxh795afr34v4v69x7rmhf9zv7,250149899,
70415756394e19e2e3c66c9c7b9b4f019ae0c11c3a6757f9993025765fbc9fec,2024-10-28T02:31:25.489000,sent,kaspa:qzun5ehk3l74nzerc0h8h97uzkjmfksgwvkxlvkex9vezrrv2e70yxal3xgq3,13473000151,
70415756394e19e2e3c66c9c7b9b4f019ae0c11c3a6757f9993025765fbc9fec,2024-10-28T02:31:25.489000,sent,kaspa:qrfnrqplytfm0xmj0peunm5hta90d7lxv3rhxh795afr34v4v69x7rmhf9zv7,250149899,
70415756394e19e2e3c66c9c7b9b4f019ae0c11c3a6757f9993025765fbc9fec,2024-10-28T02:31:25.489000,sent,kaspa:qzun5ehk3l74nzerc0h8h97uzkjmfksgwvkxlvkex9vezrrv2e70yxal3xgq3,13473000151,
70415756394e19e2e3c66c9c7b9b4f019ae0c11c3a6757f9993025765fbc9fec,2024-10-28T02:31:25.489000,sent,kaspa:qrfnrqplytfm0xmj0peunm5hta90d7lxv3rhxh795afr34v4v69x7rmhf9zv7,250149899,
70415756394e19e2e3c66c9c7b9b4f019ae0c11c3a6757f9993025765fbc9fec,2024-10-28T02:31:25.489000,sent,kaspa:qzun5ehk3l74nzerc0h8h97uzkjmfksgwvkxlvkex9vezrrv2e70yxal3xgq3,13473000151,
70415756394e19e2e3c66c9c7b9b4f019ae0c11c3a6757f9993025765fbc9fec,2024-10-28T02:31:25.489000,sent,kaspa:qrfnrqplytfm0xmj0peunm5hta90d7lxv3rhxh795afr34v4v69x7rmhf9zv7,250149899,
659a346277e5416f9db0357bbee085a1987f6bc990f09c9706bb1e6df6076050,2024-10-24T19:55:03.415000,sent,kaspa:qyplmypkk0gwdakxugnay6tqmhu8pjcyg5ff39cvf72hz6fw093ptcgch5legrt,5000000000,
659a346277e5416f9db0357bbee085a1987f6bc990f09c9706bb1e6df6076050,2024-10-24T19:55:03.415000,sent,kaspa:qz43e7rg57qzpkjfm3zvagceez2m6kyu5mymjv78vycnt6aw5v8e5zd0myk3u,2400017,
778c31dd8691341795bc70e70a50585f8fc165edec33ccb3deaa6396108cae21,2024-10-14T18:54:06.698000,received,kaspa:qzr0tmttt3w4yavmkvxde9les2kxj2mjeurar70k4d8464dfz38ls9g97dwqc,41193445,
a5ec160edd600a9d810ae67048f580148d4066167421e9314398632a4a353ca0,2024-10-14T06:33:24.188000,received,kaspa:qzr0tmttt3w4yavmkvxde9les2kxj2mjeurar70k4d8464dfz38ls9g97dwqc,41193445,
5158aedd19b6c76f6fcb009a67ba17ad71620267ac8cc3b41c014189c60d358f,2024-10-12T08:28:57.620000,sent,kaspa:qyplmypkk0gwdakxugnay6tqmhu8pjcyg5ff39cvf72hz6fw093ptcgch5legrt,8178883755,
5158aedd19b6c76f6fcb009a67ba17ad71620267ac8cc3b41c014189c60d358f,2024-10-12T08:28:57.620000,sent,kaspa:qyplmypkk0gwdakxugnay6tqmhu8pjcyg5ff39cvf72hz6fw093ptcgch5legrt,8178883755,
5158aedd19b6c76f6fcb009a67ba17ad71620267ac8cc3b41c014189c60d358f,2024-10-12T08:28:57.620000,sent,kaspa:qyplmypkk0gwdakxugnay6tqmhu8pjcyg5ff39cvf72hz6fw093ptcgch5legrt,8178883755,
bf4b5a35f5eed34b50854641d9bbc3a8028eb02ad9d7c6bca2e7c1382ff42ea3,2024-10-12T08:18:14.869000,received,kaspa:qzr0tmttt3w4yavmkvxde9les2kxj2mjeurar70k4d8464dfz38ls9g97dwqc,8113318461,
dd2a176526f8ffa0dc830c8f78ecf1112e64218993d74c8fcdf888be0b7255b1,2024-10-12T00:37:37.238000,received,kaspa:qzr0tmttt3w4yavmkvxde9les2kxj2mjeurar70k4d8464dfz38ls9g97dwqc,41693445,
74bb5050042b04b5d405c760a7d9ab449d0e4a351946acf866afe38fac82350f,2024-10-12T00:37:37.238000,sent,kaspa:qzrpzdu7pe5hd0995j75g60eq9ju5qqjwhq2wsm75ut39xfhkcvkjxz0ecwnv,209517368,
74bb5050042b04b5d405c760a7d9ab449d0e4a351946acf866afe38fac82350f,2024-10-12T00:37:37.238000,sent,kaspa:qzrpzdu7pe5hd0995j75g60eq9ju5qqjwhq2wsm75ut39xfhkcvkjxz0ecwnv,209517368,
74bb5050042b04b5d405c760a7d9ab449d0e4a351946acf866afe38fac82350f,2024-10-12T00:37:37.238000,sent,kaspa:qzrpzdu7pe5hd0995j75g60eq9ju5qqjwhq2wsm75ut39xfhkcvkjxz0ecwnv,209517368,
74bb5050042b04b5d405c760a7d9ab449d0e4a351946acf866afe38fac82350f,2024-10-12T00:37:37.238000,sent,kaspa:qzrpzdu7pe5hd0995j75g60eq9ju5qqjwhq2wsm75ut39xfhkcvkjxz0ecwnv,209517368,
74bb5050042b04b5d405c760a7d9ab449d0e4a351946acf866afe38fac82350f,2024-10-12T00:37:37.238000,sent,kaspa:qzrpzdu7pe5hd0995j75g60eq9ju5qqjwhq2wsm75ut39xfhkcvkjxz0ecwnv,209517368,
74bb5050042b04b5d405c760a7d9ab449d0e4a351946acf866afe38fac82350f,2024-10-12T00:37:37.238000,sent,kaspa:qzrpzdu7pe5hd0995j75g60eq9ju5qqjwhq2wsm75ut39xfhkcvkjxz0ecwnv,209517368,
53b77c318df0abd075c69e25d513da1e8c467d2aa0afbdb42e4e331099f59c1b,2024-10-11T23:47:36.524000,received,kaspa:qzr0tmttt3w4yavmkvxde9les2kxj2mjeurar70k4d8464dfz38ls9g97dwqc,41193445,
1301a447df7b97c22b2a17a88b0f083a23c0c76766e87adbaabd909288dfc2ec,2024-10-11T12:27:41.359000,received,kaspa:qzr0tmttt3w4yavmkvxde9les2kxj2mjeurar70k4d8464dfz38ls9g97dwqc,41193460,
ad9e367cd6289ca13494a8a80ca22579d8b18d016675d4c5bbb8cf65becf8b5e,2024-10-11T06:47:40.661000,received,kaspa:qzr0tmttt3w4yavmkvxde9les2kxj2mjeurar70k4d8464dfz38ls9g97dwqc,44193575,
e1e5c06452fefcda0aaaf3f94041711d948497e6870f2b217f7c24332e9d00db,2024-10-11T05:17:34.459000,received,kaspa:qzr0tmttt3w4yavmkvxde9les2kxj2mjeurar70k4d8464dfz38ls9g97dwqc,41193445,
1afd51d97870590b3a12566411630d579b9a6298d922775cf891c55eb65584e8,2024-10-11T04:57:32.638000,sent,kaspa:qpzeddfftmgq7fglsnp2ut39cxxrtzedqzdagl60rdagl0wsqahlqjjky36g2,8298985477,
1afd51d97870590b3a12566411630d579b9a6298d922775cf891c55eb65584e8,2024-10-11T04:57:32.638000,sent,kaspa:qpzeddfftmgq7fglsnp2ut39cxxrtzedqzdagl60rdagl0wsqahlqjjky36g2,8298985477,
1afd51d97870590b3a12566411630d579b9a6298d922775cf891c55eb65584e8,2024-10-11T04:57:32.638000,sent,kaspa:qpzeddfftmgq7fglsnp2ut39cxxrtzedqzdagl60rdagl0wsqahlqjjky36g2,8298985477,
1afd51d97870590b3a12566411630d579b9a6298d922775cf891c55eb65584e8,2024-10-11T04:57:32.638000,sent,kaspa:qpzeddfftmgq7fglsnp2ut39cxxrtzedqzdagl60rdagl0wsqahlqjjky36g2,8298985477,
1afd51d97870590b3a12566411630d579b9a6298d922775cf891c55eb65584e8,2024-10-11T04:57:32.638000,sent,kaspa:qpzeddfftmgq7fglsnp2ut39cxxrtzedqzdagl60rdagl0wsqahlqjjky36g2,8298985477,
1afd51d97870590b3a12566411630d579b9a6298d922775cf891c55eb65584e8,2024-10-11T04:57:32.638000,sent,kaspa:qpzeddfftmgq7fglsnp2ut39cxxrtzedqzdagl60rdagl0wsqahlqjjky36g2,8298985477,
d5b1d557810c86d43b90a1e6b2b92d34fec6809cc75aa6657e3c89049d80769e,2024-10-11T04:47:34.131000,received,kaspa:qzr0tmttt3w4yavmkvxde9les2kxj2mjeurar70k4d8464dfz38ls9g97dwqc,8133911631,
49b4f1f26131373b421e551c81f0ebd64dc400d05d5f92dedba6569a7c21966d,2024-10-10T21:27:37.810000,received,kaspa:qzr0tmttt3w4yavmkvxde9les2kxj2mjeurar70k4d8464dfz38ls9g97dwqc,41193469,
9955e4b2fc01dceef9f1ac0c6abb44a21025b16512c97192e2adc98f58c7be7a,2024-10-10T14:37:37.257000,received,kaspa:qzr0tmttt3w4yavmkvxde9les2kxj2mjeurar70k4d8464dfz38ls9g97dwqc,41443489,
98d4196bfe4639824b5b5b63bb35e367d070d4654f4af1be6a4f1ff76a169cdc,2024-10-10T13:37:36.059000,received,kaspa:qzr0tmttt3w4yavmkvxde9les2kxj2mjeurar70k4d8464dfz38ls9g97dwqc,41193445,
4efb399f5d84a56fac2b4eb425db34385d0dfb8aa92b0b1ca77c4c13a41a7da6,2024-10-10T11:57:35.155000,received,kaspa:qzr0tmttt3w4yavmkvxde9les2kxj2mjeurar70k4d8464dfz38ls9g97dwqc,41193445,
c7a90dcd3a64da2641021d7d2e2da704c72fd9cc78709a1502c2a3ad0f838a13,2024-10-10T05:37:36.931000,sent,kaspa:qpzeddfftmgq7fglsnp2ut39cxxrtzedqzdagl60rdagl0wsqahlqjjky36g2,8298985477,
c7a90dcd3a64da2641021d7d2e2da704c72fd9cc78709a1502c2a3ad0f838a13,2024-10-10T05:37:36.931000,sent,kaspa:qpzeddfftmgq7fglsnp2ut39cxxrtzedqzdagl60rdagl0wsqahlqjjky36g2,8298985477,
c7a90dcd3a64da2641021d7d2e2da704c72fd9cc78709a1502c2a3ad0f838a13,2024-10-10T05:37:36.931000,sent,kaspa:qpzeddfftmgq7fglsnp2ut39cxxrtzedqzdagl60rdagl0wsqahlqjjky36g2,8298985477,
c7a90dcd3a64da2641021d7d2e2da704c72fd9cc78709a1502c2a3ad0f838a13,2024-10-10T05:37:36.931000,sent,kaspa:qpzeddfftmgq7fglsnp2ut39cxxrtzedqzdagl60rdagl0wsqahlqjjky36g2,8298985477,
c7a90dcd3a64da2641021d7d2e2da704c72fd9cc78709a1502c2a3ad0f838a13,2024-10-10T05:37:36.931000,sent,kaspa:qpzeddfftmgq7fglsnp2ut39cxxrtzedqzdagl60rdagl0wsqahlqjjky36g2,8298985477,
2daf476852e9e233e6102a1e760e93d9818cc119483fdcbe5a1df458e66c6195,2024-10-10T05:27:38.425000,received,kaspa:qzr0tmttt3w4yavmkvxde9les2kxj2mjeurar70k4d8464dfz38ls9g97dwqc,8132161394,
51f003f19015324c7b7ca5d3a0a0fd3caff03bf0e44aaa9750a58ff17ee21c3e,2024-10-10T03:27:36.777000,received,kaspa:qzr0tmttt3w4yavmkvxde9les2kxj2mjeurar70k4d8464dfz38ls9g97dwqc,42193455,
f333fc959122496c9d85fe76bb727d36525a9597bffeb7751e96600b0d7d43f3,2024-10-10T02:57:37.480000,received,kaspa:qzr0tmttt3w4yavmkvxde9les2kxj2mjeurar70k4d8464dfz38ls9g97dwqc,41693475,
6d9e2469c03e09105e9c49abf9f99ba91ea1975e0390f7a41bfb47163902bbeb,2024-10-10T00:17:33.894000,received,kaspa:qzr0tmttt3w4yavmkvxde9les2kxj2mjeurar70k4d8464dfz38ls9g97dwqc,41193710,
c61a707b0d3e9e58691c13d8cb25e6e734132a64942508a7023c8dd1e5344bff,2024-10-09T19:57:35.698000,received,kaspa:qzr0tmttt3w4yavmkvxde9les2kxj2mjeurar70k4d8464dfz38ls9g97dwqc,41693445,
4224d920f34257ceceba5980add28e7952d25a0ba913f2ae1f443001017e8d02,2024-10-09T19:07:39.582000,received,kaspa:qzr0tmttt3w4yavmkvxde9les2kxj2mjeurar70k4d8464dfz38ls9g97dwqc,42193460,
6210e1afe6f3d05bb5bcba1390e5a8053e4b208fb522b599a6f2f4428f3acc80,2024-10-09T19:07:39.582000,sent,kaspa:qzrpzdu7pe5hd0995j75g60eq9ju5qqjwhq2wsm75ut39xfhkcvkjxz0ecwnv,211517347,
6210e1afe6f3d05bb5bcba1390e5a8053e4b208fb522b599a6f2f4428f3acc80,2024-10-09T19:07:39.582000,sent,kaspa:qzrpzdu7pe5hd0995j75g60eq9ju5qqjwhq2wsm75ut39xfhkcvkjxz0ecwnv,211517347,
6210e1afe6f3d05bb5bcba1390e5a8053e4b208fb522b599a6f2f4428f3acc80,2024-10-09T19:07:39.582000,sent,kaspa:qzrpzdu7pe5hd0995j75g60eq9ju5qqjwhq2wsm75ut39xfhkcvkjxz0ecwnv,211517347,
6210e1afe6f3d05bb5bcba1390e5a8053e4b208fb522b599a6f2f4428f3acc80,2024-10-09T19:07:39.582000,sent,kaspa:qzrpzdu7pe5hd0995j75g60eq9ju5qqjwhq2wsm75ut39xfhkcvkjxz0ecwnv,211517347,
6210e1afe6f3d05bb5bcba1390e5a8053e4b208fb522b599a6f2f4428f3acc80,2024-10-09T19:07:39.582000,sent,kaspa:qzrpzdu7pe5hd0995j75g60eq9ju5qqjwhq2wsm75ut39xfhkcvkjxz0ecwnv,211517347,
6210e1afe6f3d05bb5bcba1390e5a8053e4b208fb522b599a6f2f4428f3acc80,2024-10-09T19:07:39.582000,sent,kaspa:qzrpzdu7pe5hd0995j75g60eq9ju5qqjwhq2wsm75ut39xfhkcvkjxz0ecwnv,211517347,
86ed5ade6a54574f3a348eb1ea2f7b644330985cc9e3d90f4b6194ca24b9eb5f,2024-10-09T04:37:35.580000,received,kaspa:qzr0tmttt3w4yavmkvxde9les2kxj2mjeurar70k4d8464dfz38ls9g97dwqc,44193469,
5631f82dde638945572423902045fc040327fec42df387ae48eaa6f34e29ee81,2024-10-09T01:17:37.789000,received,kaspa:qzr0tmttt3w4yavmkvxde9les2kxj2mjeurar70k4d8464dfz38ls9g97dwqc,41693460,
e77237a87fa6ef30c11ca72b65d09f4819cc5314dd188021ff94cae375b20e92,2024-10-08T21:47:35.883000,received,kaspa:qzr0tmttt3w4yavmkvxde9les2kxj2mjeurar70k4d8464dfz38ls9g97dwqc,41193492,
c8ca8b501c29340a641f545cfac9b7b9509fa77bb9d4a984325ced1f518a42e7,2024-10-08T18:37:34.769000,received,kaspa:qzr0tmttt3w4yavmkvxde9les2kxj2mjeurar70k4d8464dfz38ls9g97dwqc,42193469,
7db2fa63dd5c23a62823a502bb6c25c66ca7d0e3504204934f914a1cc130be7e,2024-10-08T16:47:34.524000,sent,kaspa:qpzeddfftmgq7fglsnp2ut39cxxrtzedqzdagl60rdagl0wsqahlqjjky36g2,8199485477,
7db2fa63dd5c23a62823a502bb6c25c66ca7d0e3504204934f914a1cc130be7e,2024-10-08T16:47:34.524000,sent,kaspa:qpzeddfftmgq7fglsnp2ut39cxxrtzedqzdagl60rdagl0wsqahlqjjky36g2,8199485477,
7db2fa63dd5c23a62823a502bb6c25c66ca7d0e3504204934f914a1cc130be7e,2024-10-08T16:47:34.524000,sent,kaspa:qpzeddfftmgq7fglsnp2ut39cxxrtzedqzdagl60rdagl0wsqahlqjjky36g2,8199485477,
7db2fa63dd5c23a62823a502bb6c25c66ca7d0e3504204934f914a1cc130be7e,2024-10-08T16:47:34.524000,sent,kaspa:qpzeddfftmgq7fglsnp2ut39cxxrtzedqzdagl60rdagl0wsqahlqjjky36g2,8199485477,
7db2fa63dd5c23a62823a502bb6c25c66ca7d0e3504204934f914a1cc130be7e,2024-10-08T16:47:34.524000,sent,kaspa:qpzeddfftmgq7fglsnp2ut39cxxrtzedqzdagl60rdagl0wsqahlqjjky36g2,8199485477,
cde4e76028802ab91f4faf8f160b64c1b57f4a502d8b948d7e4660695ce4a1c4,2024-10-08T16:37:34.068000,received,kaspa:qzr0tmttt3w4yavmkvxde9les2kxj2mjeurar70k4d8464dfz38ls9g97dwqc,8031910435,
8e5f3ce4748309f41ae6dbf098b40fc3120aa91fa3677171d56bd1013ea4ee60,2024-10-08T14:17:36.745000,received,kaspa:qzr0tmttt3w4yavmkvxde9les2kxj2mjeurar70k4d8464dfz38ls9g97dwqc,41693456,
7177a50d4d3588574ef12efa2c5543a26165eb68580e8f790e75a5cc4911f968,2024-10-08T14:07:33.135000,received,kaspa:qzr0tmttt3w4yavmkvxde9les2kxj2mjeurar70k4d8464dfz38ls9g97dwqc,84638144,
7177a50d4d3588574ef12efa2c5543a26165eb68580e8f790e75a5cc4911f968,2024-10-08T14:07:33.135000,received,kaspa:qzr0tmttt3w4yavmkvxde9les2kxj2mjeurar70k4d8464dfz38ls9g97dwqc,84638144,
612aa7844d2fa043b5367f71c83200b11eaf118f82df8c8ba877314a13ea2694,2024-10-08T13:47:33.478000,received,kaspa:qzr0tmttt3w4yavmkvxde9les2kxj2mjeurar70k4d8464dfz38ls9g97dwqc,41193445,
95bd8261abfbb8e61a8a096c0d625c152f6b1e2262912f27da331db7541b0348,2024-10-08T11:47:34.057000,sent,kaspa:qpzeddfftmgq7fglsnp2ut39cxxrtzedqzdagl60rdagl0wsqahlqjjky36g2,8199488462,
95bd8261abfbb8e61a8a096c0d625c152f6b1e2262912f27da331db7541b0348,2024-10-08T11:47:34.057000,sent,kaspa:qpzeddfftmgq7fglsnp2ut39cxxrtzedqzdagl60rdagl0wsqahlqjjky36g2,8199488462,
95bd8261abfbb8e61a8a096c0d625c152f6b1e2262912f27da331db7541b0348,2024-10-08T11:47:34.057000,sent,kaspa:qpzeddfftmgq7fglsnp2ut39cxxrtzedqzdagl60rdagl0wsqahlqjjky36g2,8199488462,
95bd8261abfbb8e61a8a096c0d625c152f6b1e2262912f27da331db7541b0348,2024-10-08T11:47:34.057000,sent,kaspa:qpzeddfftmgq7fglsnp2ut39cxxrtzedqzdagl60rdagl0wsqahlqjjky36g2,8199488462,
95bd8261abfbb8e61a8a096c0d625c152f6b1e2262912f27da331db7541b0348,2024-10-08T11:47:34.057000,sent,kaspa:qpzeddfftmgq7fglsnp2ut39cxxrtzedqzdagl60rdagl0wsqahlqjjky36g2,8199488462,
54d0aa42a6afa0928f6c7bbb53b2deaea4ce73993b3b56c6b18f7a6db570a52c,2024-10-08T11:37:34.884000,received,kaspa:qzr0tmttt3w4yavmkvxde9les2kxj2mjeurar70k4d8464dfz38ls9g97dwqc,8030714273,
36873eb66a67b33a794e82df598c2c57e9d2f94b022e36c1cefb4dd9fe22f091,2024-10-08T10:47:33.317000,received,kaspa:qzr0tmttt3w4yavmkvxde9les2kxj2mjeurar70k4d8464dfz38ls9g97dwqc,41193445,
4703dfbf90042c9d3e50e0858f6a4ac4643b9f52558b11d37647a62c6f699cbc,2024-10-08T09:07:36.967000,received,kaspa:qzr0tmttt3w4yavmkvxde9les2kxj2mjeurar70k4d8464dfz38ls9g97dwqc,41193695,
d7a58f08c2b4e37044a1b00f918d1541667ef11ca5efa5f82493bcd15fe51ee0,2024-10-08T08:47:34.274000,received,kaspa:qzr0tmttt3w4yavmkvxde9les2kxj2mjeurar70k4d8464dfz38ls9g97dwqc,42193523,
ff8af4ca6df6e448861506dd32671a8c2f8959b17c171295c992f5c714ead78b,2024-10-07T07:47:36.375000,sent,kaspa:qzzkdsm852qyxs6afj8m654dxhqqhud6v4gjm980f3dpf9tn9t04ug6mnt0sa,2081490306,
fc60f77c6051db000c44e150dc3b614e8fac7ad0b204f22480387311bf82db67,2024-10-07T07:37:33.523000,sent,kaspa:qpav6j824kcqm2s33eyz8hngqd0070lkjvey0avakwg0yar960um2m2m68j56,1175792978,
77c9f103351ed0aff6f4ad1658a50bda84ed303cb1cf638f93380cea4fc2f814,2024-10-07T07:27:36.545000,sent,kaspa:qyplmypkk0gwdakxugnay6tqmhu8pjcyg5ff39cvf72hz6fw093ptcgch5legrt,5027826065,
866e342ab6b67f4135e852d027230d736ce7de9dedaff4fdded4d9084af4a06d,2024-10-07T07:18:23.679000,received,kaspa:qzr0tmttt3w4yavmkvxde9les2kxj2mjeurar70k4d8464dfz38ls9g97dwqc,8350676521,
6c8116f59b454ce6085862265019824acf0d73bb0a3df4fb4d69a836871fd21b,2024-10-01T16:16:33.658000,sent,kaspa:qyplmypkk0gwdakxugnay6tqmhu8pjcyg5ff39cvf72hz6fw093ptcgch5legrt,31100000000,
6c8116f59b454ce6085862265019824acf0d73bb0a3df4fb4d69a836871fd21b,2024-10-01T16:16:33.658000,sent,kaspa:qpe7x0ersjwrrf6djg8ukz2hvlnz49qvu9gl9g873d0l044fck8hudsx9e8wa,10545498,
6c8116f59b454ce6085862265019824acf0d73bb0a3df4fb4d69a836871fd21b,2024-10-01T16:16:33.658000,sent,kaspa:qyplmypkk0gwdakxugnay6tqmhu8pjcyg5ff39cvf72hz6fw093ptcgch5legrt,31100000000,
6c8116f59b454ce6085862265019824acf0d73bb0a3df4fb4d69a836871fd21b,2024-10-01T16:16:33.658000,sent,kaspa:qpe7x0ersjwrrf6djg8ukz2hvlnz49qvu9gl9g873d0l044fck8hudsx9e8wa,10545498,
6c8116f59b454ce6085862265019824acf0d73bb0a3df4fb4d69a836871fd21b,2024-10-01T16:16:33.658000,sent,kaspa:qyplmypkk0gwdakxugnay6tqmhu8pjcyg5ff39cvf72hz6fw093ptcgch5legrt,31100000000,
6c8116f59b454ce6085862265019824acf0d73bb0a3df4fb4d69a836871fd21b,2024-10-01T16:16:33.658000,sent,kaspa:qpe7x0ersjwrrf6djg8ukz2hvlnz49qvu9gl9g873d0l044fck8hudsx9e8wa,10545498,
6c8116f59b454ce6085862265019824acf0d73bb0a3df4fb4d69a836871fd21b,2024-10-01T16:16:33.658000,sent,kaspa:qyplmypkk0gwdakxugnay6tqmhu8pjcyg5ff39cvf72hz6fw093ptcgch5legrt,31100000000,
6c8116f59b454ce6085862265019824acf0d73bb0a3df4fb4d69a836871fd21b,2024-10-01T16:16:33.658000,sent,kaspa:qpe7x0ersjwrrf6djg8ukz2hvlnz49qvu9gl9g873d0l044fck8hudsx9e8wa,10545498,
6c8116f59b454ce6085862265019824acf0d73bb0a3df4fb4d69a836871fd21b,2024-10-01T16:16:33.658000,sent,kaspa:qyplmypkk0gwdakxugnay6tqmhu8pjcyg5ff39cvf72hz6fw093ptcgch5legrt,31100000000,
6c8116f59b454ce6085862265019824acf0d73bb0a3df4fb4d69a836871fd21b,2024-10-01T16:16:33.658000,sent,kaspa:qpe7x0ersjwrrf6djg8ukz2hvlnz49qvu9gl9g873d0l044fck8hudsx9e8wa,10545498,
6c8116f59b454ce6085862265019824acf0d73bb0a3df4fb4d69a836871fd21b,2024-10-01T16:16:33.658000,sent,kaspa:qyplmypkk0gwdakxugnay6tqmhu8pjcyg5ff39cvf72hz6fw093ptcgch5legrt,31100000000,
6c8116f59b454ce6085862265019824acf0d73bb0a3df4fb4d69a836871fd21b,2024-10-01T16:16:33.658000,sent,kaspa:qpe7x0ersjwrrf6djg8ukz2hvlnz49qvu9gl9g873d0l044fck8hudsx9e8wa,10545498,
6c8116f59b454ce6085862265019824acf0d73bb0a3df4fb4d69a836871fd21b,2024-10-01T16:16:33.658000,sent,kaspa:qyplmypkk0gwdakxugnay6tqmhu8pjcyg5ff39cvf72hz6fw093ptcgch5legrt,31100000000,
6c8116f59b454ce6085862265019824acf0d73bb0a3df4fb4d69a836871fd21b,2024-10-01T16:16:33.658000,sent,kaspa:qpe7x0ersjwrrf6djg8ukz2hvlnz49qvu9gl9g873d0l044fck8hudsx9e8wa,10545498,
6c8116f59b454ce6085862265019824acf0d73bb0a3df4fb4d69a836871fd21b,2024-10-01T16:16:33.658000,sent,kaspa:qyplmypkk0gwdakxugnay6tqmhu8pjcyg5ff39cvf72hz6fw093ptcgch5legrt,31100000000,
6c8116f59b454ce6085862265019824acf0d73bb0a3df4fb4d69a836871fd21b,2024-10-01T16:16:33.658000,sent,kaspa:qpe7x0ersjwrrf6djg8ukz2hvlnz49qvu9gl9g873d0l044fck8hudsx9e8wa,10545498,
6c8116f59b454ce6085862265019824acf0d73bb0a3df4fb4d69a836871fd21b,2024-10-01T16:16:33.658000,sent,kaspa:qyplmypkk0gwdakxugnay6tqmhu8pjcyg5ff39cvf72hz6fw093ptcgch5legrt,31100000000,
6c8116f59b454ce6085862265019824acf0d73bb0a3df4fb4d69a836871fd21b,2024-10-01T16:16:33.658000,sent,kaspa:qpe7x0ersjwrrf6djg8ukz2hvlnz49qvu9gl9g873d0l044fck8hudsx9e8wa,10545498,
6c8116f59b454ce6085862265019824acf0d73bb0a3df4fb4d69a836871fd21b,2024-10-01T16:16:33.658000,sent,kaspa:qyplmypkk0gwdakxugnay6tqmhu8pjcyg5ff39cvf72hz6fw093ptcgch5legrt,31100000000,
6c8116f59b454ce6085862265019824acf0d73bb0a3df4fb4d69a836871fd21b,2024-10-01T16:16:33.658000,sent,kaspa:qpe7x0ersjwrrf6djg8ukz2hvlnz49qvu9gl9g873d0l044fck8hudsx9e8wa,10545498,
6c8116f59b454ce6085862265019824acf0d73bb0a3df4fb4d69a836871fd21b,2024-10-01T16:16:33.658000,sent,kaspa:qyplmypkk0gwdakxugnay6tqmhu8pjcyg5ff39cvf72hz6fw093ptcgch5legrt,31100000000,
6c8116f59b454ce6085862265019824acf0d73bb0a3df4fb4d69a836871fd21b,2024-10-01T16:16:33.658000,sent,kaspa:qpe7x0ersjwrrf6djg8ukz2hvlnz49qvu9gl9g873d0l044fck8hudsx9e8wa,10545498,
6c8116f59b454ce6085862265019824acf0d73bb0a3df4fb4d69a836871fd21b,2024-10-01T16:16:33.658000,sent,kaspa:qyplmypkk0gwdakxugnay6tqmhu8pjcyg5ff39cvf72hz6fw093ptcgch5legrt,31100000000,
6c8116f59b454ce6085862265019824acf0d73bb0a3df4fb4d69a836871fd21b,2024-10-01T16:16:33.658000,sent,kaspa:qpe7x0ersjwrrf6djg8ukz2hvlnz49qvu9gl9g873d0l044fck8hudsx9e8wa,10545498,
6c8116f59b454ce6085862265019824acf0d73bb0a3df4fb4d69a836871fd21b,2024-10-01T16:16:33.658000,sent,kaspa:qyplmypkk0gwdakxugnay6tqmhu8pjcyg5ff39cvf72hz6fw093ptcgch5legrt,31100000000,
6c8116f59b454ce6085862265019824acf0d73bb0a3df4fb4d69a836871fd21b,2024-10-01T16:16:33.658000,sent,kaspa:qpe7x0ersjwrrf6djg8ukz2hvlnz49qvu9gl9g873d0l044fck8hudsx9e8wa,10545498,
6c8116f59b454ce6085862265019824acf0d73bb0a3df4fb4d69a836871fd21b,2024-10-01T16:16:33.658000,sent,kaspa:qyplmypkk0gwdakxugnay6tqmhu8pjcyg5ff39cvf72hz6fw093ptcgch5legrt,31100000000,
6c8116f59b454ce6085862265019824acf0d73bb0a3df4fb4d69a836871fd21b,2024-10-01T16:16:33.658000,sent,kaspa:qpe7x0ersjwrrf6djg8ukz2hvlnz49qvu9gl9g873d0l044fck8hudsx9e8wa,10545498,
6c8116f59b454ce6085862265019824acf0d73bb0a3df4fb4d69a836871fd21b,2024-10-01T16:16:33.658000,sent,kaspa:qyplmypkk0gwdakxugnay6tqmhu8pjcyg5ff39cvf72hz6fw093ptcgch5legrt,31100000000,
6c8116f59b454ce6085862265019824acf0d73bb0a3df4fb4d69a836871fd21b,2024-10-01T16:16:33.658000,sent,kaspa:qpe7x0ersjwrrf6djg8ukz2hvlnz49qvu9gl9g873d0l044fck8hudsx9e8wa,10545498,
6c8116f59b454ce6085862265019824acf0d73bb0a3df4fb4d69a836871fd21b,2024-10-01T16:16:33.658000,sent,kaspa:qyplmypkk0gwdakxugnay6tqmhu8pjcyg5ff39cvf72hz6fw093ptcgch5legrt,31100000000,
6c8116f59b454ce6085862265019824acf0d73bb0a3df4fb4d69a836871fd21b,2024-10-01T16:16:33.658000,sent,kaspa:qpe7x0ersjwrrf6djg8ukz2hvlnz49qvu9gl9g873d0l044fck8hudsx9e8wa,10545498,
6c8116f59b454ce6085862265019824acf0d73bb0a3df4fb4d69a836871fd21b,2024-10-01T16:16:33.658000,sent,kaspa:qyplmypkk0gwdakxugnay6tqmhu8pjcyg5ff39cvf72hz6fw093ptcgch5legrt,31100000000,
6c8116f59b454ce6085862265019824acf0d73bb0a3df4fb4d69a836871fd21b,2024-10-01T16:16:33.658000,sent,kaspa:qpe7x0ersjwrrf6djg8ukz2hvlnz49qvu9gl9g873d0l044fck8hudsx9e8wa,10545498,
6c8116f59b454ce6085862265019824acf0d73bb0a3df4fb4d69a836871fd21b,2024-10-01T16:16:33.658000,sent,kaspa:qyplmypkk0gwdakxugnay6tqmhu8pjcyg5ff39cvf72hz6fw093ptcgch5legrt,31100000000,
6c8116f59b454ce6085862265019824acf0d73bb0a3df4fb4d69a836871fd21b,2024-10-01T16:16:33.658000,sent,kaspa:qpe7x0ersjwrrf6djg8ukz2hvlnz49qvu9gl9g873d0l044fck8hudsx9e8wa,10545498,
6c8116f59b454ce6085862265019824acf0d73bb0a3df4fb4d69a836871fd21b,2024-10-01T16:16:33.658000,sent,kaspa:qyplmypkk0gwdakxugnay6tqmhu8pjcyg5ff39cvf72hz6fw093ptcgch5legrt,31100000000,
6c8116f59b454ce6085862265019824acf0d73bb0a3df4fb4d69a836871fd21b,2024-10-01T16:16:33.658000,sent,kaspa:qpe7x0ersjwrrf6djg8ukz2hvlnz49qvu9gl9g873d0l044fck8hudsx9e8wa,10545498,
6c8116f59b454ce6085862265019824acf0d73bb0a3df4fb4d69a836871fd21b,2024-10-01T16:16:33.658000,sent,kaspa:qyplmypkk0gwdakxugnay6tqmhu8pjcyg5ff39cvf72hz6fw093ptcgch5legrt,31100000000,
6c8116f59b454ce6085862265019824acf0d73bb0a3df4fb4d69a836871fd21b,2024-10-01T16:16:33.658000,sent,kaspa:qpe7x0ersjwrrf6djg8ukz2hvlnz49qvu9gl9g873d0l044fck8hudsx9e8wa,10545498,
6c8116f59b454ce6085862265019824acf0d73bb0a3df4fb4d69a836871fd21b,2024-10-01T16:16:33.658000,sent,kaspa:qyplmypkk0gwdakxugnay6tqmhu8pjcyg5ff39cvf72hz6fw093ptcgch5legrt,31100000000,
6c8116f59b454ce6085862265019824acf0d73bb0a3df4fb4d69a836871fd21b,2024-10-01T16:16:33.658000,sent,kaspa:qpe7x0ersjwrrf6djg8ukz2hvlnz49qvu9gl9g873d0l044fck8hudsx9e8wa,10545498,
6c8116f59b454ce6085862265019824acf0d73bb0a3df4fb4d69a836871fd21b,2024-10-01T16:16:33.658000,sent,kaspa:qyplmypkk0gwdakxugnay6tqmhu8pjcyg5ff39cvf72hz6fw093ptcgch5legrt,31100000000,
6c8116f59b454ce6085862265019824acf0d73bb0a3df4fb4d69a836871fd21b,2024-10-01T16:16:33.658000,sent,kaspa:qpe7x0ersjwrrf6djg8ukz2hvlnz49qvu9gl9g873d0l044fck8hudsx9e8wa,10545498,
6c8116f59b454ce6085862265019824acf0d73bb0a3df4fb4d69a836871fd21b,2024-10-01T16:16:33.658000,sent,kaspa:qyplmypkk0gwdakxugnay6tqmhu8pjcyg5ff39cvf72hz6fw093ptcgch5legrt,31100000000,
6c8116f59b454ce6085862265019824acf0d73bb0a3df4fb4d69a836871fd21b,2024-10-01T16:16:33.658000,sent,kaspa:qpe7x0ersjwrrf6djg8ukz2hvlnz49qvu9gl9g873d0l044fck8hudsx9e8wa,10545498,
6c8116f59b454ce6085862265019824acf0d73bb0a3df4fb4d69a836871fd21b,2024-10-01T16:16:33.658000,sent,kaspa:qyplmypkk0gwdakxugnay6tqmhu8pjcyg5ff39cvf72hz6fw093ptcgch5legrt,31100000000,
6c8116f59b454ce6085862265019824acf0d73bb0a3df4fb4d69a836871fd21b,2024-10-01T16:16:33.658000,sent,kaspa:qpe7x0ersjwrrf6djg8ukz2hvlnz49qvu9gl9g873d0l044fck8hudsx9e8wa,10545498,
6c8116f59b454ce6085862265019824acf0d73bb0a3df4fb4d69a836871fd21b,2024-10-01T16:16:33.658000,sent,kaspa:qyplmypkk0gwdakxugnay6tqmhu8pjcyg5ff39cvf72hz6fw093ptcgch5legrt,31100000000,
6c8116f59b454ce6085862265019824acf0d73bb0a3df4fb4d69a836871fd21b,2024-10-01T16:16:33.658000,sent,kaspa:qpe7x0ersjwrrf6djg8ukz2hvlnz49qvu9gl9g873d0l044fck8hudsx9e8wa,10545498,
6c8116f59b454ce6085862265019824acf0d73bb0a3df4fb4d69a836871fd21b,2024-10-01T16:16:33.658000,sent,kaspa:qyplmypkk0gwdakxugnay6tqmhu8pjcyg5ff39cvf72hz6fw093ptcgch5legrt,31100000000,
6c8116f59b454ce6085862265019824acf0d73bb0a3df4fb4d69a836871fd21b,2024-10-01T16:16:33.658000,sent,kaspa:qpe7x0ersjwrrf6djg8ukz2hvlnz49qvu9gl9g873d0l044fck8hudsx9e8wa,10545498,
6c8116f59b454ce6085862265019824acf0d73bb0a3df4fb4d69a836871fd21b,2024-10-01T16:16:33.658000,sent,kaspa:qyplmypkk0gwdakxugnay6tqmhu8pjcyg5ff39cvf72hz6fw093ptcgch5legrt,31100000000,
6c8116f59b454ce6085862265019824acf0d73bb0a3df4fb4d69a836871fd21b,2024-10-01T16:16:33.658000,sent,kaspa:qpe7x0ersjwrrf6djg8ukz2hvlnz49qvu9gl9g873d0l044fck8hudsx9e8wa,10545498,
ecc08e29522b7a7ad02065d68ab3357cbf99ff216e37e9b9fe550a5ad1be5beb,2024-10-01T16:15:44.444000,sent,kaspa:qyplmypkk0gwdakxugnay6tqmhu8pjcyg5ff39cvf72hz6fw093ptcgch5legrt,500000000,
ecc08e29522b7a7ad02065d68ab3357cbf99ff216e37e9b9fe550a5ad1be5beb,2024-10-01T16:15:44.444000,sent,kaspa:qqeuky3cvs4wkq64xc23vx53tjzcsjcvvn8asx8yw696zqnn8v6zjk0mluw74,8643327895,
bbae1c7416dc3d68c26fc1b6ed34cdee9201e3925e3ce37223c9f84fc40ec9c4,2024-09-19T07:57:51.767000,sent,kaspa:qq6vpwkgn6q58s6mkfshhlsqtgcxcy9vn7p77np9cpf2fwsxamvjyg55m5pyl,8786552256,
f139d78acc46663301786a7813999eeb6c6c2b08016a72be4442e89156c59e35,2024-07-18T07:00:13.593000,sent,kaspa:qpav6j824kcqm2s33eyz8hngqd0070lkjvey0avakwg0yar960um2m2m68j56,9750886469,
ba612bac3f3a2596ec194c58be29b32cdd8aab35749fe978b2b0390e5c31ba74,2024-07-18T07:00:13.593000,received,kaspa:qzr0tmttt3w4yavmkvxde9les2kxj2mjeurar70k4d8464dfz38ls9g97dwqc,9698963373,
be50dfe2695a53787ac56ec35577792c60fc2c21383ea80bb26ebfdb42c7f52a,2024-06-09T21:14:47.601000,received,kaspa:qzr0tmttt3w4yavmkvxde9les2kxj2mjeurar70k4d8464dfz38ls9g97dwqc,51903098,
e01d3a952a3d2cc7a04e256d981db3c87c903c240ebe1c2433e26f122132c1a1,2024-06-08T21:24:45.198000,sent,kaspa:qrq02kyl2ty6t5g893k08fx6fkhq37tewks5vr9dvw5n7rhmllg3ystht7g0r,808040294,
0b175f22db4521b7c8130964e224fe3fd85774d74e11b74ff5bf765175c1852c,2024-06-08T21:24:45.198000,received,kaspa:qzr0tmttt3w4yavmkvxde9les2kxj2mjeurar70k4d8464dfz38ls9g97dwqc,886130612,
df4d8bdbdc229c442746a97eeb09d45dbf37267e454912a158120d5290ed8d68,2024-06-08T21:24:45.198000,received,kaspa:qzr0tmttt3w4yavmkvxde9les2kxj2mjeurar70k4d8464dfz38ls9g97dwqc,10226887503,
d4f61e1d5cb14bba2755e38f6e31a47552c4d0a02419b442c330ca694d1164e6,2024-06-08T16:44:57.158000,received,kaspa:qzr0tmttt3w4yavmkvxde9les2kxj2mjeurar70k4d8464dfz38ls9g97dwqc,739823614,
6e51d29a41751e5e30a509a3dc2593feb32a74c73e6f08820205684e4ec367ac,2024-06-08T16:44:55.437000,sent,kaspa:qrq02kyl2ty6t5g893k08fx6fkhq37tewks5vr9dvw5n7rhmllg3ystht7g0r,661732919,
0275d66a08bf85c943b3226322c5d70487a6342a9dbd855d4ccb8ba30281e5f9,2024-06-08T13:04:42.001000,sent,kaspa:qzcc357ujx9xlyf6up9ll8k5k7pa87x9ckpl9awrrp7k98egjntn7u33g6cer,10330724251,
8529340a2747de7fade115cd774314a84dbfb4e36c1344f208907e923102da4f,2024-06-08T13:04:42.001000,sent,kaspa:qzrpzdu7pe5hd0995j75g60eq9ju5qqjwhq2wsm75ut39xfhkcvkjxz0ecwnv,106913187,
5b7e0024e1a78aa74a6b1ae2c1b1d248e6e73a84e2d9b6643edf4b2b8ba10855,2024-06-03T08:09:07.350000,received,kaspa:qzr0tmttt3w4yavmkvxde9les2kxj2mjeurar70k4d8464dfz38ls9g97dwqc,54990000,
109e558f7bb854d7226e5af73463dd64cc1ad85e243433de247fce48dc7503c0,2024-05-31T03:00:02.443000,sent,kaspa:qrfu9wfzf0r5qq6pvml47w78q2xdus3htrevvz9f42my39pqlks4zac27u5gt,10945000000,
109e558f7bb854d7226e5af73463dd64cc1ad85e243433de247fce48dc7503c0,2024-05-31T03:00:02.443000,sent,kaspa:qrfu9wfzf0r5qq6pvml47w78q2xdus3htrevvz9f42my39pqlks4zac27u5gt,10945000000,
cf7f673babec518e87939643634d4ff4c36ec8466b78bda9a2c106876e28d164,2024-05-31T03:00:01.070000,received,kaspa:qzr0tmttt3w4yavmkvxde9les2kxj2mjeurar70k4d8464dfz38ls9g97dwqc,10889990000,
c059701da5154fb3a10eef04b21f0da747f8f57e098354424327c6cd30007a8a,2024-05-27T16:26:43.426000,sent,kaspa:qyplmypkk0gwdakxugnay6tqmhu8pjcyg5ff39cvf72hz6fw093ptcgch5legrt,10917500000,
b96250c3a7574bd1e720c4b34b2396b9b8bba8cff0e12e23c529990085d723be,2024-05-27T16:26:40.110000,received,kaspa:qzr0tmttt3w4yavmkvxde9les2kxj2mjeurar70k4d8464dfz38ls9g97dwqc,10834990000,
678c2e1ef212780395cf51d8f2e611476064eb201bfe1141c314a9b536901330,2024-05-25T01:26:57.312000,received,kaspa:qzr0tmttt3w4yavmkvxde9les2kxj2mjeurar70k4d8464dfz38ls9g97dwqc,82490000,
3977fa9c376a5acbe58f6bac0f5eb3297baa360f461ed4f0e66ce580d0a7911d,2024-05-16T22:45:26.049000,received,kaspa:qzr0tmttt3w4yavmkvxde9les2kxj2mjeurar70k4d8464dfz38ls9g97dwqc,54990000,
a31dadd86f85edc90dcedaddb767a0cd46a07539b02ba4f40aa6462b40fdef15,2024-05-09T00:36:49.705000,received,kaspa:qzr0tmttt3w4yavmkvxde9les2kxj2mjeurar70k4d8464dfz38ls9g97dwqc,82490000,
f4486733e6b3a437295c89c2beb3d5d872d09d25e8232a3a3aee3cce3a8f0bc9,2024-05-09T00:36:49.252000,received,kaspa:qzr0tmttt3w4yavmkvxde9les2kxj2mjeurar70k4d8464dfz38ls9g97dwqc,10830084295,
770eb62572d6d4e984537297980cc58c39348ec87182268a94a60e9be43028a8,2024-05-08T21:16:36.586000,sent,kaspa:qzrpzdu7pe5hd0995j75g60eq9ju5qqjwhq2wsm75ut39xfhkcvkjxz0ecwnv,113270470,
47e9a0bf79c4f61fd3d2ff4df2332ae6242f731b9403a2cd78b187820a765188,2024-05-08T21:16:36.586000,received,kaspa:qzr0tmttt3w4yavmkvxde9les2kxj2mjeurar70k4d8464dfz38ls9g97dwqc,709084037,
af62115adfe65a1b5e172ad63e79c596f2043af074495f212dfe2f12a903af6c,2024-05-04T11:20:28.116000,received,kaspa:qzr0tmttt3w4yavmkvxde9les2kxj2mjeurar70k4d8464dfz38ls9g97dwqc,58260471,
c0470dd9a6868147ed8b6fa3948d9af49de33603f542cf6ea5df344505da1c6e,2024-04-29T08:10:37.671000,received,kaspa:qzr0tmttt3w4yavmkvxde9les2kxj2mjeurar70k4d8464dfz38ls9g97dwqc,87395706,
dc93e8fbbd05e41b366a1463eb34cea8ac368c91dd2dbb0063a303a2dfe410c8,2024-04-29T03:00:38.043000,sent,kaspa:qzrpzdu7pe5hd0995j75g60eq9ju5qqjwhq2wsm75ut39xfhkcvkjxz0ecwnv,174812385,
6834aa82e755fc740694d398e01b69d18d1e77ce8ea7e142a4f2e8f2c46c1b2b,2024-04-29T03:00:38.043000,received,kaspa:qzr0tmttt3w4yavmkvxde9les2kxj2mjeurar70k4d8464dfz38ls9g97dwqc,87396681,
098dae46cea321cbfbef603780345f81ebf34950a0d3f63c6b96e370e5fb82df,2024-04-27T21:40:54.109000,received,kaspa:qzr0tmttt3w4yavmkvxde9les2kxj2mjeurar70k4d8464dfz38ls9g97dwqc,87395706,
23078da054d1aa4fca95ae070bae1673ab5472f781b81428f447db04b92a3a13,2024-04-27T20:21:00.763000,sent,kaspa:qzrpzdu7pe5hd0995j75g60eq9ju5qqjwhq2wsm75ut39xfhkcvkjxz0ecwnv,180008974,
c3397c58e38dcd0dafe9a19907d00f07d8f990199c5ce9420b00a67a1fd309eb,2024-04-27T20:21:00.763000,received,kaspa:qzr0tmttt3w4yavmkvxde9les2kxj2mjeurar70k4d8464dfz38ls9g97dwqc,87395781,
95eda03c7b9b3b8761efc1f115a3c7335dd06a155f037da66f1c664b700aee92,2024-04-27T12:10:35.441000,sent,kaspa:qzrpzdu7pe5hd0995j75g60eq9ju5qqjwhq2wsm75ut39xfhkcvkjxz0ecwnv,116540940,
990ddba7b1e9df8a11b29a3b1516118b15e55cafd1d981a8a96428baac70f0c3,2024-04-27T12:10:33.768000,received,kaspa:qzr0tmttt3w4yavmkvxde9les2kxj2mjeurar70k4d8464dfz38ls9g97dwqc,58260471,
b28e3ccdd710c2a838ba05c54fdfa854c3562f10eefef583e16c46cce38b6919,2024-04-25T07:10:45.731000,received,kaspa:qzr0tmttt3w4yavmkvxde9les2kxj2mjeurar70k4d8464dfz38ls9g97dwqc,58260471,
6d5a5f93c64c8b072f7f198e2851ae9d88c57f96052e1b3b80bd26347c063ea9,2024-04-24T23:00:48.819000,sent,kaspa:qrzm4exx0gjvkwr70vrswt578flvej4hmyaam8na2h52q67mdwl5x4r8tp0kv,11595823566,
6d5a5f93c64c8b072f7f198e2851ae9d88c57f96052e1b3b80bd26347c063ea9,2024-04-24T23:00:48.819000,sent,kaspa:qrzm4exx0gjvkwr70vrswt578flvej4hmyaam8na2h52q67mdwl5x4r8tp0kv,11595823566,
cd3743a85fd35178ec2ad842d5cef2d303a66343f09cadaccd249d08e23269ca,2024-04-24T23:00:46.511000,received,kaspa:qzr0tmttt3w4yavmkvxde9les2kxj2mjeurar70k4d8464dfz38ls9g97dwqc,11537542839,
cdbbd375210cb659f8524cad842d31560439b7d0ed49579ab39e8bf2266c20ac,2024-04-16T11:40:44.804000,received,kaspa:qzr0tmttt3w4yavmkvxde9les2kxj2mjeurar70k4d8464dfz38ls9g97dwqc,58260729,
e68f00e33cba714b83554ee0b635722fd72d629ab42d5992803616c51ac4a82d,2024-04-15T13:40:51.800000,sent,kaspa:qztj9c6crelqk0gz05f9wqwev5l7hdsg5uc9c46snpme75znkehlsxj73sud8,11595942966,
e68f00e33cba714b83554ee0b635722fd72d629ab42d5992803616c51ac4a82d,2024-04-15T13:40:51.800000,sent,kaspa:qztj9c6crelqk0gz05f9wqwev5l7hdsg5uc9c46snpme75znkehlsxj73sud8,11595942966,
41bab6933093cd65659c258b1b15148983e7c7732cad0b0927cd2fc40159d8b3,2024-04-15T13:40:50.009000,received,kaspa:qzr0tmttt3w4yavmkvxde9les2kxj2mjeurar70k4d8464dfz38ls9g97dwqc,11537662497,
ca4cc9de5af2b74c8c6aadd7aa8b0efdc6882f0690f669e2f4eaec981597808d,2024-04-12T09:51:44.842000,received,kaspa:qzr0tmttt3w4yavmkvxde9les2kxj2mjeurar70k4d8464dfz38ls9g97dwqc,58260471,
5ec66863dcbb9739f2cfbe5e9946ab0f67db51925182ea8f2827258cd823f25e,2024-04-12T08:01:51.235000,sent,kaspa:qrzm4exx0gjvkwr70vrswt578flvej4hmyaam8na2h52q67mdwl5x4r8tp0kv,11595823566,
5ec66863dcbb9739f2cfbe5e9946ab0f67db51925182ea8f2827258cd823f25e,2024-04-12T08:01:51.235000,sent,kaspa:qrzm4exx0gjvkwr70vrswt578flvej4hmyaam8na2h52q67mdwl5x4r8tp0kv,11595823566,
6e24c4b24eb86953798eb8b9bd8de24dbeb9d67e1cef9aaceb180d935b9eb849,2024-04-12T08:01:47.086000,received,kaspa:qzr0tmttt3w4yavmkvxde9les2kxj2mjeurar70k4d8464dfz38ls9g97dwqc,11537543097,
bcca543878821562ab7f692859d0177886f97c5c8c9e9b9d2024ea2e7f9cc815,2024-04-09T16:31:45.350000,received,kaspa:qzr0tmttt3w4yavmkvxde9les2kxj2mjeurar70k4d8464dfz38ls9g97dwqc,58260471,
9307c820309dc867dcaa3e6267c642d7e5b9a007775d2fcd37480e9b4d2fc408,2024-04-08T06:01:45.349000,received,kaspa:qzr0tmttt3w4yavmkvxde9les2kxj2mjeurar70k4d8464dfz38ls9g97dwqc,11537542947,
a31e80f1a3684f36823bc682b451f9fbe5debbca7c0d64bd574856977025a27c,2024-04-08T06:01:43.367000,received,kaspa:qzr0tmttt3w4yavmkvxde9les2kxj2mjeurar70k4d8464dfz38ls9g97dwqc,58260621,
e893308fd0c959d4d051cf2ccdcd7d3d9e847797683219189f90623409edb948,2024-04-07T15:19:50.816000,sent,kaspa:qrzm4exx0gjvkwr70vrswt578flvej4hmyaam8na2h52q67mdwl5x4r8tp0kv,11595823566,
ce6127ce2b9a94bf3e24ababb2d8fffbef22800d1ab34de78bd6ab677538b817,2024-04-04T19:43:40.159000,sent,kaspa:qrzm4exx0gjvkwr70vrswt578flvej4hmyaam8na2h52q67mdwl5x4r8tp0kv,12285436668,
ce6127ce2b9a94bf3e24ababb2d8fffbef22800d1ab34de78bd6ab677538b817,2024-04-04T19:43:40.159000,sent,kaspa:qrzm4exx0gjvkwr70vrswt578flvej4hmyaam8na2h52q67mdwl5x4r8tp0kv,12285436668,
c7ac80c18e85239d5276d603edaa929c176e180362e717b02a1309fb3b809648,2024-04-04T19:43:39.765000,received,kaspa:qzr0tmttt3w4yavmkvxde9les2kxj2mjeurar70k4d8464dfz38ls9g97dwqc,12223691206,
c7ea72c8856882688296e16aec838447b2173d45911431042a0d5949414f46b4,2024-03-17T13:40:33.837000,received,kaspa:qzr0tmttt3w4yavmkvxde9les2kxj2mjeurar70k4d8464dfz38ls9g97dwqc,61725463,
7ed6a344b28cd5142aaeacf32a0657ee7fc53efe7d9b40c3d219942f96e3edac,2024-03-09T23:44:33.561000,sent,kaspa:qypz0ytrlu7uwxf42wf29mg5wwt6jyql80vjs6q4822gh05pg5hv5nqers9067q,6005977937,
31f508b24c9dc8d3701abf9d0ccc4b711a2230199137cb06392d89216f83d0a5,2024-03-09T23:44:30.694000,received,kaspa:qzr0tmttt3w4yavmkvxde9les2kxj2mjeurar70k4d8464dfz38ls9g97dwqc,6098571131,
0586afb248535de35762c9739db13e108fa909b19488c887e1dc37a53b26d19a,2024-03-09T01:10:11.928000,sent,kaspa:qypz0ytrlu7uwxf42wf29mg5wwt6jyql80vjs6q4822gh05pg5hv5nqers9067q,777328049,
4cfb1ec2f13a84b165bb0571c9454c92b8956f0e0a69a032de57f3731d7235bc,2024-03-09T01:10:11.571000,sent,kaspa:qyplmypkk0gwdakxugnay6tqmhu8pjcyg5ff39cvf72hz6fw093ptcgch5legrt,10936444024,
4e22425de4ab7d922729d312864b50ce00c2ea5d40253b49c2bfb11ab47e26a2,2024-03-09T01:10:09.377000,received,kaspa:qzr0tmttt3w4yavmkvxde9les2kxj2mjeurar70k4d8464dfz38ls9g97dwqc,11713762075,
11c6a81a91136cc971b656567016117043b192270e7a839a8ee65887b3bcad60,2024-03-08T21:50:17.515000,received,kaspa:qzr0tmttt3w4yavmkvxde9les2kxj2mjeurar70k4d8464dfz38ls9g97dwqc,7714642882,
1b1841dbe5b3863a841137469279d1637d16e7d310ba13b42f23e7ed4e1f8d50,2024-03-08T21:50:17.031000,received,kaspa:qzr0tmttt3w4yavmkvxde9les2kxj2mjeurar70k4d8464dfz38ls9g97dwqc,12219930728,
dfa5e3848880961aa1bfb98495cd0219f09a72433248c52a3677af824c0791b8,2024-03-01T05:43:28.016000,received,kaspa:qzr0tmttt3w4yavmkvxde9les2kxj2mjeurar70k4d8464dfz38ls9g97dwqc,65396392,
