tx_id,timestamp,direction,peer_address,amount_sompi,cex_label
bb3ab0e7b1bf167f6c5d487025bfdf9e5b1502c838cc6002b63927818a8958d3,2024-10-02T18:00:56.625000,sent,kaspa:qpgmt2dn8wcqf0436n0kueap7yx82n7raurlj6aqjc3t3wm9y5ssqtg9e4lsm,1007400000000,
fcf4997e86ac0fddbc111556bc2055f9601bf4475bb3edcd5b8f0678e101a5fc,2024-10-02T18:00:05.685000,received,kaspa:qqetp7ct8kqss99fxmymyz5t3fezppxp0t58wl6pawp27elqd46uudme00cl0,1007482000000,
fcf4997e86ac0fddbc111556bc2055f9601bf4475bb3edcd5b8f0678e101a5fc,2024-10-02T18:00:05.685000,received,kaspa:qpzpfwcsqsxhxwup26r55fd0ghqlhyugz8cp6y3wxuddc02vcxtjg75pspnwz,1007482000000,MEXC
21a33fe4dac09d6cbe0d76d689da7bae266f1c190b1f24a7359977f02a4deed7,2024-10-01T17:38:54.109000,sent,kaspa:qpgmt2dn8wcqf0436n0kueap7yx82n7raurlj6aqjc3t3wm9y5ssqtg9e4lsm,1298900000000,
21a33fe4dac09d6cbe0d76d689da7bae266f1c190b1f24a7359977f02a4deed7,2024-10-01T17:38:54.109000,sent,kaspa:qpgmt2dn8wcqf0436n0kueap7yx82n7raurlj6aqjc3t3wm9y5ssqtg9e4lsm,1298900000000,
21a33fe4dac09d6cbe0d76d689da7bae266f1c190b1f24a7359977f02a4deed7,2024-10-01T17:38:54.109000,sent,kaspa:qpgmt2dn8wcqf0436n0kueap7yx82n7raurlj6aqjc3t3wm9y5ssqtg9e4lsm,1298900000000,
c81bd33ac003e592dc008aa77f13e5fc927d9191144bb1f630f781f21a3ed688,2024-10-01T17:38:04.652000,received,kaspa:qqetp7ct8kqss99fxmymyz5t3fezppxp0t58wl6pawp27elqd46uudme00cl0,501800000000,
c81bd33ac003e592dc008aa77f13e5fc927d9191144bb1f630f781f21a3ed688,2024-10-01T17:38:04.652000,received,kaspa:qpzpfwcsqsxhxwup26r55fd0ghqlhyugz8cp6y3wxuddc02vcxtjg75pspnwz,501800000000,MEXC
2a9f583bffcf12e55102db0d17cf7d633ad1ddf1dde900c7d610d18e52fa84ab,2024-10-01T17:34:03.685000,received,kaspa:qqetp7ct8kqss99fxmymyz5t3fezppxp0t58wl6pawp27elqd46uudme00cl0,796320000000,
2a9f583bffcf12e55102db0d17cf7d633ad1ddf1dde900c7d610d18e52fa84ab,2024-10-01T17:34:03.685000,received,kaspa:qpzpfwcsqsxhxwup26r55fd0ghqlhyugz8cp6y3wxuddc02vcxtjg75pspnwz,796320000000,MEXC
347806aaa10a3532acfc0326d2c67b796a2f310f091174442a62714b751938bb,2024-10-01T17:26:10.370000,sent,kaspa:qpgmt2dn8wcqf0436n0kueap7yx82n7raurlj6aqjc3t3wm9y5ssqtg9e4lsm,999000000000,
347806aaa10a3532acfc0326d2c67b796a2f310f091174442a62714b751938bb,2024-10-01T17:26:10.370000,sent,kaspa:qpgmt2dn8wcqf0436n0kueap7yx82n7raurlj6aqjc3t3wm9y5ssqtg9e4lsm,999000000000,
308f6f05a0d4d69afbfbaba25293597ab2a05fa8c38aa9ee5d333eded170aee8,2024-10-01T17:25:05.334000,received,kaspa:qqetp7ct8kqss99fxmymyz5t3fezppxp0t58wl6pawp27elqd46uudme00cl0,999720000000,
308f6f05a0d4d69afbfbaba25293597ab2a05fa8c38aa9ee5d333eded170aee8,2024-10-01T17:25:05.334000,received,kaspa:qpzpfwcsqsxhxwup26r55fd0ghqlhyugz8cp6y3wxuddc02vcxtjg75pspnwz,999720000000,MEXC
25a44e8e6d4b3655f42d5ff78e8aa5eea805ae0c96609c6745e224661301b245,2024-10-01T16:09:00.502000,sent,kaspa:qpgmt2dn8wcqf0436n0kueap7yx82n7raurlj6aqjc3t3wm9y5ssqtg9e4lsm,1081100000000,
25a44e8e6d4b3655f42d5ff78e8aa5eea805ae0c96609c6745e224661301b245,2024-10-01T16:09:00.502000,sent,kaspa:qpgmt2dn8wcqf0436n0kueap7yx82n7raurlj6aqjc3t3wm9y5ssqtg9e4lsm,1081100000000,
3bf54b17539c871779f850cf2c689cb4e91369281b28d20d05ccc000f17e2b16,2024-10-01T16:08:07.694000,received,kaspa:qqetp7ct8kqss99fxmymyz5t3fezppxp0t58wl6pawp27elqd46uudme00cl0,1081020000000,
3bf54b17539c871779f850cf2c689cb4e91369281b28d20d05ccc000f17e2b16,2024-10-01T16:08:07.694000,received,kaspa:qpzpfwcsqsxhxwup26r55fd0ghqlhyugz8cp6y3wxuddc02vcxtjg75pspnwz,1081020000000,MEXC
4eb92147d14d9ee1e363d92b7bff3c47895de6bb176df8a7036efbdc3d4df5f2,2024-09-21T05:50:06.366000,sent,kaspa:qpr9k9us04nrkxt6vruxgktsnzgm0pehnq0pcx2scspjef3dxr8cyfla573ws,32200000000,
4eb92147d14d9ee1e363d92b7bff3c47895de6bb176df8a7036efbdc3d4df5f2,2024-09-21T05:50:06.366000,sent,kaspa:qpr9k9us04nrkxt6vruxgktsnzgm0pehnq0pcx2scspjef3dxr8cyfla573ws,32200000000,
087ea5d1ee495c171d335b50346adb5adac6d594df77954ec441107097d492f9,2024-09-21T05:49:07.048000,received,kaspa:qpgmt2dn8wcqf0436n0kueap7yx82n7raurlj6aqjc3t3wm9y5ssqtg9e4lsm,32258277843,
087ea5d1ee495c171d335b50346adb5adac6d594df77954ec441107097d492f9,2024-09-21T05:49:07.048000,received,kaspa:qpgmt2dn8wcqf0436n0kueap7yx82n7raurlj6aqjc3t3wm9y5ssqtg9e4lsm,32258277843,
087ea5d1ee495c171d335b50346adb5adac6d594df77954ec441107097d492f9,2024-09-21T05:49:07.048000,received,kaspa:qpgmt2dn8wcqf0436n0kueap7yx82n7raurlj6aqjc3t3wm9y5ssqtg9e4lsm,32258277843,
087ea5d1ee495c171d335b50346adb5adac6d594df77954ec441107097d492f9,2024-09-21T05:49:07.048000,received,kaspa:qpgmt2dn8wcqf0436n0kueap7yx82n7raurlj6aqjc3t3wm9y5ssqtg9e4lsm,32258277843,
fe3f4dde38502cd1f0920ccb0ad08a5dcc8fc940fda6d53b6267551f00392e21,2024-09-11T09:11:16.377000,sent,kaspa:qzazzsldpugvzavuf4jgmqzyjcc6shtc7tjs4f9j305d0uqg04x3jfgpcgmws,53300000000,
fe3f4dde38502cd1f0920ccb0ad08a5dcc8fc940fda6d53b6267551f00392e21,2024-09-11T09:11:16.377000,sent,kaspa:qzazzsldpugvzavuf4jgmqzyjcc6shtc7tjs4f9j305d0uqg04x3jfgpcgmws,53300000000,
70bd45a3e5965b4eda29410d67602b0dc46e15eed48edde73e3f385faf3b5cd6,2024-09-11T09:08:21.741000,received,kaspa:qpgmt2dn8wcqf0436n0kueap7yx82n7raurlj6aqjc3t3wm9y5ssqtg9e4lsm,52135092069,
70bd45a3e5965b4eda29410d67602b0dc46e15eed48edde73e3f385faf3b5cd6,2024-09-11T09:08:21.741000,received,kaspa:qpgmt2dn8wcqf0436n0kueap7yx82n7raurlj6aqjc3t3wm9y5ssqtg9e4lsm,52135092069,
70bd45a3e5965b4eda29410d67602b0dc46e15eed48edde73e3f385faf3b5cd6,2024-09-11T09:08:21.741000,received,kaspa:qpgmt2dn8wcqf0436n0kueap7yx82n7raurlj6aqjc3t3wm9y5ssqtg9e4lsm,52135092069,
eae765d74cc2f2104efd926dda8f9ef0786fb1ae6fd38c21229401a0fb1ba604,2024-05-23T08:28:16.725000,sent,kaspa:qzazzsldpugvzavuf4jgmqzyjcc6shtc7tjs4f9j305d0uqg04x3jfgpcgmws,299000000000,
eae765d74cc2f2104efd926dda8f9ef0786fb1ae6fd38c21229401a0fb1ba604,2024-05-23T08:28:16.725000,sent,kaspa:qzazzsldpugvzavuf4jgmqzyjcc6shtc7tjs4f9j305d0uqg04x3jfgpcgmws,299000000000,
ba49f2db3352697502fd38ad0d89b40da5013d96b38233059a0df554de3186da,2024-05-11T20:38:01.995000,received,kaspa:qqetp7ct8kqss99fxmymyz5t3fezppxp0t58wl6pawp27elqd46uudme00cl0,299000000000,
ba49f2db3352697502fd38ad0d89b40da5013d96b38233059a0df554de3186da,2024-05-11T20:38:01.995000,received,kaspa:qpzpfwcsqsxhxwup26r55fd0ghqlhyugz8cp6y3wxuddc02vcxtjg75pspnwz,299000000000,MEXC
32ae475c2b2101ed48eb9526cf100060ff9b1d9d3375ad3b2848c7737a9b4495,2024-03-08T09:16:51.035000,sent,kaspa:qq9zagcza4jt76eev9jl5z0nqhe0thcu7js8larktj4sle7lvgnw7sfcewlty,130000000000,
32ae475c2b2101ed48eb9526cf100060ff9b1d9d3375ad3b2848c7737a9b4495,2024-03-08T09:16:51.035000,sent,kaspa:qq9zagcza4jt76eev9jl5z0nqhe0thcu7js8larktj4sle7lvgnw7sfcewlty,130000000000,
bbc99b2550d875a760a859bbf6ff62a2e9aa957f733fbed38ea4e5af03410255,2024-03-08T09:12:07.829000,received,kaspa:qqetp7ct8kqss99fxmymyz5t3fezppxp0t58wl6pawp27elqd46uudme00cl0,130200000000,
bbc99b2550d875a760a859bbf6ff62a2e9aa957f733fbed38ea4e5af03410255,2024-03-08T09:12:07.829000,received,kaspa:qqetp7ct8kqss99fxmymyz5t3fezppxp0t58wl6pawp27elqd46uudme00cl0,130200000000,
13346b425f04a4be04cd4b664033a9c25beb9608d43b7cd5c381473c9cf812ff,2024-03-07T14:09:44.376000,sent,kaspa:qq33f7qctuq59uvyjml7zxjf570evjls67zqcpe3yctywnyzhhcf248e9578k,953400000000,
13346b425f04a4be04cd4b664033a9c25beb9608d43b7cd5c381473c9cf812ff,2024-03-07T14:09:44.376000,sent,kaspa:qq33f7qctuq59uvyjml7zxjf570evjls67zqcpe3yctywnyzhhcf248e9578k,953400000000,
7c788a9294504041260b644f093b73070ac2ce7a383e4d08739f7c4241efe93a,2024-03-07T14:08:55.466000,received,kaspa:qq9zagcza4jt76eev9jl5z0nqhe0thcu7js8larktj4sle7lvgnw7sfcewlty,954087373194,
7c788a9294504041260b644f093b73070ac2ce7a383e4d08739f7c4241efe93a,2024-03-07T14:08:55.466000,received,kaspa:qq9zagcza4jt76eev9jl5z0nqhe0thcu7js8larktj4sle7lvgnw7sfcewlty,954087373194,
c005a9759d283ea34049260d8709b7674edee1a1366fca4e0e4b37337a1e39d4,2024-03-07T05:01:38.509000,sent,kaspa:qq9zagcza4jt76eev9jl5z0nqhe0thcu7js8larktj4sle7lvgnw7sfcewlty,199000000000,
c005a9759d283ea34049260d8709b7674edee1a1366fca4e0e4b37337a1e39d4,2024-03-07T05:01:38.509000,sent,kaspa:qq9zagcza4jt76eev9jl5z0nqhe0thcu7js8larktj4sle7lvgnw7sfcewlty,199000000000,
84068633f5f704f5be65f3831f58f5fc4d9a49e7e805f7e444e7c7cc04123118,2024-03-07T05:01:04.242000,received,kaspa:qqetp7ct8kqss99fxmymyz5t3fezppxp0t58wl6pawp27elqd46uudme00cl0,199000000000,
84068633f5f704f5be65f3831f58f5fc4d9a49e7e805f7e444e7c7cc04123118,2024-03-07T05:01:04.242000,received,kaspa:qpzpfwcsqsxhxwup26r55fd0ghqlhyugz8cp6y3wxuddc02vcxtjg75pspnwz,199000000000,MEXC
3ab4e247cc198f58697867796ca08196b6cc57eefbc4d586240128b6b255b1ad,2024-03-05T03:01:33.256000,sent,kaspa:qq9zagcza4jt76eev9jl5z0nqhe0thcu7js8larktj4sle7lvgnw7sfcewlty,99000000000,
3ab4e247cc198f58697867796ca08196b6cc57eefbc4d586240128b6b255b1ad,2024-03-05T03:01:33.256000,sent,kaspa:qq9zagcza4jt76eev9jl5z0nqhe0thcu7js8larktj4sle7lvgnw7sfcewlty,99000000000,
e6ba9aa6b01409f48c5407553a72e7edca60beae2cfc480cec75953f03c0ab18,2024-03-05T02:59:04.127000,received,kaspa:qqetp7ct8kqss99fxmymyz5t3fezppxp0t58wl6pawp27elqd46uudme00cl0,99000000000,
e6ba9aa6b01409f48c5407553a72e7edca60beae2cfc480cec75953f03c0ab18,2024-03-05T02:59:04.127000,received,kaspa:qpzpfwcsqsxhxwup26r55fd0ghqlhyugz8cp6y3wxuddc02vcxtjg75pspnwz,99000000000,MEXC
205d28976b98dd51e3581edf8349e56870a6666fa95cad3db005eddf25f9ce5a,2024-03-02T15:26:36.610000,sent,kaspa:qq9zagcza4jt76eev9jl5z0nqhe0thcu7js8larktj4sle7lvgnw7sfcewlty,100000000000,
205d28976b98dd51e3581edf8349e56870a6666fa95cad3db005eddf25f9ce5a,2024-03-02T15:26:36.610000,sent,kaspa:qq9zagcza4jt76eev9jl5z0nqhe0thcu7js8larktj4sle7lvgnw7sfcewlty,100000000000,
c1138c2eb8b5a2a4637906cec016e41a1faa2812d5d5bd73c6067e9840ca8519,2024-03-02T13:22:03.338000,received,kaspa:qqetp7ct8kqss99fxmymyz5t3fezppxp0t58wl6pawp27elqd46uudme00cl0,99660000000,
c1138c2eb8b5a2a4637906cec016e41a1faa2812d5d5bd73c6067e9840ca8519,2024-03-02T13:22:03.338000,received,kaspa:qpzpfwcsqsxhxwup26r55fd0ghqlhyugz8cp6y3wxuddc02vcxtjg75pspnwz,99660000000,MEXC
cbeecfe6650063250ea315d64c4bf4aca83a98b54517e5f1e143eafd4d6a16cd,2024-03-02T12:02:45.123000,sent,kaspa:qq9zagcza4jt76eev9jl5z0nqhe0thcu7js8larktj4sle7lvgnw7sfcewlty,296000000000,
cbeecfe6650063250ea315d64c4bf4aca83a98b54517e5f1e143eafd4d6a16cd,2024-03-02T12:02:45.123000,sent,kaspa:qq9zagcza4jt76eev9jl5z0nqhe0thcu7js8larktj4sle7lvgnw7sfcewlty,296000000000,
fe2998a2eb3046b8319afd36a28a4f7c9c894725a19d857e0d1b7079aaf50655,2024-03-02T12:02:03.799000,received,kaspa:qqetp7ct8kqss99fxmymyz5t3fezppxp0t58wl6pawp27elqd46uudme00cl0,296700000000,
fe2998a2eb3046b8319afd36a28a4f7c9c894725a19d857e0d1b7079aaf50655,2024-03-02T12:02:03.799000,received,kaspa:qpzpfwcsqsxhxwup26r55fd0ghqlhyugz8cp6y3wxuddc02vcxtjg75pspnwz,296700000000,MEXC
fe374d8c57ef88a2ef64b91b265d569f298fa12574e450f4b1168f2daaa5db8b,2024-02-25T17:33:05.143000,sent,kaspa:qq9zagcza4jt76eev9jl5z0nqhe0thcu7js8larktj4sle7lvgnw7sfcewlty,99400000000,
4639e753fae709e5f1c14180edfe1ea6c80952edc6f67f7870a4e05fe1548205,2024-02-25T17:31:06.487000,received,kaspa:qqetp7ct8kqss99fxmymyz5t3fezppxp0t58wl6pawp27elqd46uudme00cl0,99401000000,
4639e753fae709e5f1c14180edfe1ea6c80952edc6f67f7870a4e05fe1548205,2024-02-25T17:31:06.487000,received,kaspa:qpzpfwcsqsxhxwup26r55fd0ghqlhyugz8cp6y3wxuddc02vcxtjg75pspnwz,99401000000,MEXC
