tx_id,timestamp,direction,peer_address,amount_sompi,cex_label
c244003965391129b3777719c03ef17f5d194799ed15c40e19b2cd06014145f3,2023-12-18T08:58:18.184000,sent,kaspa:qrkaxvl2tw6pq6zx9xrr9lqnt9x72upf0hsrp3cvgcmfz77m50ycua35nz200,171210000,
c244003965391129b3777719c03ef17f5d194799ed15c40e19b2cd06014145f3,2023-12-18T08:58:18.184000,sent,kaspa:qrkaxvl2tw6pq6zx9xrr9lqnt9x72upf0hsrp3cvgcmfz77m50ycua35nz200,171210000,
b1820bf79831b8fe0e3615d714fb2f475399aa66f061090a425478da4a0b45b1,2023-12-12T07:03:07.686000,received,kaspa:qypswxtcrv4ssyjaswy5w9387vq73mkuyq85tl34cee6qn5uexqy0csgnafnjx7,171000000,
0ae6f0d0ce26a2408c9adf5fe9a9e6107c2b499825b53e7703a860ea67b70d10,2023-11-28T08:28:28.899000,sent,kaspa:qyp49rcazn5k6ke5ezvhtk5v8x2s6t4jg6g552t0fl9etjw2vnsmf7suggnan0s,18000000,
0ae6f0d0ce26a2408c9adf5fe9a9e6107c2b499825b53e7703a860ea67b70d10,2023-11-28T08:28:28.899000,sent,kaspa:qyp49rcazn5k6ke5ezvhtk5v8x2s6t4jg6g552t0fl9etjw2vnsmf7suggnan0s,18000000,
cd5eb3e95ecd4f3a697ea3fc6467190d9be64699a30a2f2de80503cb91faf0d9,2023-11-27T10:29:23.025000,received,kaspa:qptd4k7qzd0g5vdn7zg75js3f3agtxp3p50zhf0fzu6wv6cga2pyqqqautfrc,18150000,
06f1d3881352b1972e113791d5def3c5a5a958450fd210f62e5376dd482ad051,2023-11-27T10:22:13.180000,received,kaspa:qqsmwvr7laf66qqlyhcmwlzeqnc680383k3nv4gzexf6aaqss3mjkx0crnr67,100000,
